seq,trace_id,t_req_ms,t_resp_ms,http_code,gateway_latency_ms
0,exp-perf5000-000000-a06d4751,1777539091296,1777539091346,202,49.438
1,exp-perf5000-000001-30a651e7,1777539091297,1777539091354,202,57.890
2,exp-perf5000-000002-319514a0,1777539091297,1777539091357,202,59.527
3,exp-perf5000-000003-32079d4d,1777539091297,1777539091356,202,58.852
4,exp-perf5000-000004-2db9cabb,1777539091297,1777539091351,202,54.157
5,exp-perf5000-000005-235d05e4,1777539091297,1777539091350,202,52.849
6,exp-perf5000-000006-eb3dab0f,1777539091297,1777539091346,202,49.153
7,exp-perf5000-000007-b7fb027f,1777539091297,1777539091347,202,49.855
8,exp-perf5000-000008-17941c39,1777539091297,1777539091347,202,49.632
9,exp-perf5000-000009-3821712a,1777539091298,1777539091349,202,51.180
10,exp-perf5000-000010-cda2e536,1777539091298,1777539091348,202,50.069
11,exp-perf5000-000011-e8b365d3,1777539091298,1777539091353,202,54.760
12,exp-perf5000-000012-1136ba88,1777539091298,1777539091346,202,48.261
13,exp-perf5000-000013-12191263,1777539091298,1777539091352,202,53.465
14,exp-perf5000-000014-8179df75,1777539091298,1777539091345,202,47.163
15,exp-perf5000-000015-63767e43,1777539091298,1777539091361,202,63.039
16,exp-perf5000-000016-4786b902,1777539091299,1777539091361,202,62.853
17,exp-perf5000-000017-30cbf1c2,1777539091299,1777539091360,202,61.366
18,exp-perf5000-000018-4db4f1ca,1777539091299,1777539091353,202,54.184
19,exp-perf5000-000019-6213e0b1,1777539091299,1777539091352,202,53.237
20,exp-perf5000-000020-536eae07,1777539091299,1777539091355,202,56.108
21,exp-perf5000-000021-5143b372,1777539091299,1777539091354,202,54.563
22,exp-perf5000-000022-a1dbe3b1,1777539091299,1777539091352,202,52.353
23,exp-perf5000-000023-5a9f1470,1777539091300,1777539091349,202,48.956
24,exp-perf5000-000024-fb6a35c8,1777539091300,1777539091349,202,49.697
25,exp-perf5000-000025-107aa269,1777539091300,1777539091359,202,58.658
26,exp-perf5000-000026-aefbeb1d,1777539091300,1777539091360,202,59.857
27,exp-perf5000-000027-e0aed9a5,1777539091300,1777539091359,202,59.052
28,exp-perf5000-000028-3f05d196,1777539091300,1777539091356,202,55.572
29,exp-perf5000-000029-9ef47a53,1777539091300,1777539091350,202,49.514
30,exp-perf5000-000030-a72b2584,1777539091301,1777539091348,202,47.152
31,exp-perf5000-000031-3952a9ef,1777539091301,1777539091361,202,60.121
32,exp-perf5000-000032-e73e1939,1777539091301,1777539091363,202,62.401
33,exp-perf5000-000033-02b64d3c,1777539091301,1777539091351,202,49.673
34,exp-perf5000-000034-7faea44c,1777539091301,1777539091349,202,48.158
35,exp-perf5000-000035-093b99c5,1777539091301,1777539091358,202,56.629
36,exp-perf5000-000036-3e5b99d0,1777539091301,1777539091357,202,55.689
37,exp-perf5000-000037-76caf1fb,1777539091301,1777539091358,202,56.932
38,exp-perf5000-000038-dc8a28db,1777539091302,1777539091355,202,53.541
39,exp-perf5000-000039-7be8241a,1777539091302,1777539091358,202,56.100
40,exp-perf5000-000040-d2c6052b,1777539091302,1777539091354,202,51.914
41,exp-perf5000-000041-ba68ede3,1777539091302,1777539091357,202,55.250
42,exp-perf5000-000042-d6797b92,1777539091302,1777539091351,202,48.880
43,exp-perf5000-000043-f040c808,1777539091302,1777539091355,202,52.537
44,exp-perf5000-000044-81702b52,1777539091302,1777539091353,202,51.131
45,exp-perf5000-000045-57c61e10,1777539091302,1777539091359,202,57.171
46,exp-perf5000-000046-2350f4df,1777539091302,1777539091361,202,58.490
47,exp-perf5000-000047-15b175c9,1777539091302,1777539091356,202,54.034
48,exp-perf5000-000048-c99d5c66,1777539091303,1777539091363,202,60.116
49,exp-perf5000-000049-c27b0df4,1777539091303,1777539091362,202,59.518
50,exp-perf5000-000050-7e200561,1777539091303,1777539091362,202,59.418
51,exp-perf5000-000051-b8e24b6e,1777539091303,1777539091363,202,59.995
52,exp-perf5000-000052-34ddf141,1777539091303,1777539091363,202,60.541
53,exp-perf5000-000053-b04a68f5,1777539091303,1777539091364,202,60.992
54,exp-perf5000-000054-7c2c07f5,1777539091303,1777539091365,202,61.669
55,exp-perf5000-000055-f677bb24,1777539091303,1777539091364,202,60.965
56,exp-perf5000-000056-3951884d,1777539091303,1777539091365,202,62.028
57,exp-perf5000-000057-6a8383ad,1777539091303,1777539091366,202,62.913
58,exp-perf5000-000058-f8430965,1777539091303,1777539091365,202,61.431
59,exp-perf5000-000059-e878628d,1777539091303,1777539091367,202,63.256
60,exp-perf5000-000060-ffce19cf,1777539091304,1777539091366,202,61.948
61,exp-perf5000-000061-7e1a3714,1777539091304,1777539091366,202,62.526
62,exp-perf5000-000062-4179c51b,1777539091304,1777539091367,202,63.259
63,exp-perf5000-000063-39e05850,1777539091304,1777539091368,202,64.504
64,exp-perf5000-000064-9b4cb4e9,1777539091304,1777539091367,202,63.452
65,exp-perf5000-000065-aaa42df4,1777539091304,1777539091370,202,66.346
66,exp-perf5000-000066-75fefee8,1777539091304,1777539091371,202,67.130
67,exp-perf5000-000067-07f371e3,1777539091304,1777539091369,202,64.833
68,exp-perf5000-000068-56bd6d24,1777539091304,1777539091370,202,65.517
69,exp-perf5000-000069-4e8b29b6,1777539091304,1777539091368,202,63.377
70,exp-perf5000-000070-d718b961,1777539091304,1777539091368,202,64.023
71,exp-perf5000-000071-79e2448b,1777539091305,1777539091374,202,69.721
72,exp-perf5000-000072-c050e83d,1777539091305,1777539091370,202,65.163
73,exp-perf5000-000073-40c3e4e1,1777539091305,1777539091380,202,75.489
74,exp-perf5000-000074-c766ae1e,1777539091305,1777539091369,202,64.332
75,exp-perf5000-000075-1bfd121c,1777539091305,1777539091373,202,67.872
76,exp-perf5000-000076-e98f9c8b,1777539091305,1777539091373,202,67.647
77,exp-perf5000-000077-29e63f71,1777539091305,1777539091371,202,66.160
78,exp-perf5000-000078-0997fdd3,1777539091305,1777539091373,202,68.290
79,exp-perf5000-000079-07e19702,1777539091305,1777539091377,202,71.620
80,exp-perf5000-000080-b7b34398,1777539091305,1777539091370,202,65.147
81,exp-perf5000-000081-d93361d2,1777539091305,1777539091372,202,66.489
82,exp-perf5000-000082-6e6d0997,1777539091305,1777539091374,202,68.858
83,exp-perf5000-000083-ed34b71b,1777539091306,1777539091377,202,71.129
84,exp-perf5000-000084-d494ddc5,1777539091306,1777539091372,202,66.211
85,exp-perf5000-000085-bb2a5c51,1777539091306,1777539091381,202,75.004
86,exp-perf5000-000086-068911e3,1777539091306,1777539091380,202,74.356
87,exp-perf5000-000087-c6a7a404,1777539091306,1777539091379,202,72.960
88,exp-perf5000-000088-307f0d0e,1777539091306,1777539091380,202,73.719
89,exp-perf5000-000089-2fe34a3f,1777539091306,1777539091377,202,70.609
90,exp-perf5000-000090-2f119915,1777539091306,1777539091381,202,75.117
91,exp-perf5000-000091-a0124e7a,1777539091306,1777539091375,202,68.802
92,exp-perf5000-000092-343a7d97,1777539091306,1777539091377,202,70.515
93,exp-perf5000-000093-56b30741,1777539091306,1777539091378,202,71.376
94,exp-perf5000-000094-6bd5f3fb,1777539091307,1777539091378,202,71.123
95,exp-perf5000-000095-dc360460,1777539091307,1777539091381,202,74.250
96,exp-perf5000-000096-d514255f,1777539091307,1777539091376,202,69.162
97,exp-perf5000-000097-7231b3f3,1777539091307,1777539091382,202,75.205
98,exp-perf5000-000098-ebd3d191,1777539091307,1777539091381,202,74.449
99,exp-perf5000-000099-72699bb6,1777539091307,1777539091373,202,66.490
100,exp-perf5000-000100-4b38a74a,1777539091346,1777539091382,202,36.417
101,exp-perf5000-000101-626ea9fb,1777539091346,1777539091383,202,37.094
102,exp-perf5000-000102-6490d08f,1777539091346,1777539091383,202,37.113
103,exp-perf5000-000103-00012d1e,1777539091346,1777539091383,202,36.400
104,exp-perf5000-000104-22724974,1777539091347,1777539091384,202,36.408
105,exp-perf5000-000105-5ab02c31,1777539091347,1777539091384,202,37.153
106,exp-perf5000-000106-4e7e0052,1777539091348,1777539091385,202,37.268
107,exp-perf5000-000107-f459a49a,1777539091348,1777539091384,202,36.579
108,exp-perf5000-000108-b86eb5c5,1777539091349,1777539091385,202,36.532
109,exp-perf5000-000109-350984f5,1777539091349,1777539091386,202,37.104
110,exp-perf5000-000110-a7d8aedf,1777539091349,1777539091386,202,36.463
111,exp-perf5000-000111-62173fd0,1777539091350,1777539091387,202,37.015
112,exp-perf5000-000112-e3f319c4,1777539091350,1777539091387,202,36.603
113,exp-perf5000-000113-6a5393b9,1777539091350,1777539091387,202,37.219
114,exp-perf5000-000114-715f82e8,1777539091351,1777539091387,202,36.560
115,exp-perf5000-000115-570cbaa5,1777539091351,1777539091388,202,37.248
116,exp-perf5000-000116-3b23c88e,1777539091351,1777539091388,202,36.712
117,exp-perf5000-000117-9da0bee0,1777539091352,1777539091389,202,37.001
118,exp-perf5000-000118-3f132942,1777539091352,1777539091389,202,37.008
119,exp-perf5000-000119-ca84bff2,1777539091352,1777539091389,202,36.880
120,exp-perf5000-000120-0dcd0091,1777539091353,1777539091389,202,36.824
121,exp-perf5000-000121-2177dc54,1777539091353,1777539091390,202,36.802
122,exp-perf5000-000122-3a4bfa90,1777539091353,1777539091390,202,36.796
123,exp-perf5000-000123-4a3bfecc,1777539091354,1777539091391,202,36.800
124,exp-perf5000-000124-1676d4fb,1777539091354,1777539091391,202,36.859
125,exp-perf5000-000125-1be4b897,1777539091355,1777539091391,202,36.698
126,exp-perf5000-000126-fe0d38e0,1777539091355,1777539091391,202,36.740
127,exp-perf5000-000127-6b0852db,1777539091355,1777539091392,202,36.712
128,exp-perf5000-000128-8d577c4e,1777539091355,1777539091392,202,36.761
129,exp-perf5000-000129-2b3291dd,1777539091356,1777539091393,202,36.604
130,exp-perf5000-000130-b8a9022a,1777539091356,1777539091393,202,36.874
131,exp-perf5000-000131-4dcf13cc,1777539091357,1777539091393,202,36.624
132,exp-perf5000-000132-22bb3249,1777539091357,1777539091393,202,36.817
133,exp-perf5000-000133-2581290d,1777539091357,1777539091394,202,36.726
134,exp-perf5000-000134-679d225e,1777539091357,1777539091394,202,36.922
135,exp-perf5000-000135-f57d678f,1777539091358,1777539091395,202,37.013
136,exp-perf5000-000136-8085ec00,1777539091358,1777539091394,202,36.552
137,exp-perf5000-000137-dea0b464,1777539091358,1777539091395,202,36.960
138,exp-perf5000-000138-9004a8d3,1777539091359,1777539091395,202,36.468
139,exp-perf5000-000139-3e86c5bc,1777539091359,1777539091396,202,36.956
140,exp-perf5000-000140-51598e06,1777539091360,1777539091396,202,36.349
141,exp-perf5000-000141-89a0a7b5,1777539091360,1777539091397,202,36.985
142,exp-perf5000-000142-1dfdecfa,1777539091360,1777539091396,202,36.319
143,exp-perf5000-000143-5ccc3907,1777539091361,1777539091398,202,36.864
144,exp-perf5000-000144-ba29f4a6,1777539091361,1777539091397,202,36.252
145,exp-perf5000-000145-1218a22a,1777539091362,1777539091399,202,37.240
146,exp-perf5000-000146-c9cc2233,1777539091362,1777539091398,202,36.288
147,exp-perf5000-000147-21781826,1777539091362,1777539091399,202,37.270
148,exp-perf5000-000148-74689bd4,1777539091362,1777539091399,202,36.370
149,exp-perf5000-000149-8f365420,1777539091363,1777539091399,202,36.531
150,exp-perf5000-000150-cb65110d,1777539091363,1777539091400,202,37.405
151,exp-perf5000-000151-51112440,1777539091363,1777539091400,202,36.620
152,exp-perf5000-000152-aa7e1e40,1777539091363,1777539091401,202,37.512
153,exp-perf5000-000153-57c27648,1777539091364,1777539091401,202,36.597
154,exp-perf5000-000154-d1f54a77,1777539091364,1777539091402,202,37.391
155,exp-perf5000-000155-4caae359,1777539091365,1777539091401,202,36.549
156,exp-perf5000-000156-64e9e50f,1777539091365,1777539091402,202,37.338
157,exp-perf5000-000157-9a50321b,1777539091365,1777539091402,202,36.560
158,exp-perf5000-000158-46ac617e,1777539091366,1777539091403,202,37.303
159,exp-perf5000-000159-c1a7b3a8,1777539091366,1777539091404,202,37.312
160,exp-perf5000-000160-8c8d3c66,1777539091366,1777539091403,202,36.320
161,exp-perf5000-000161-cce4ac18,1777539091367,1777539091403,202,36.543
162,exp-perf5000-000162-00ac2aae,1777539091367,1777539091404,202,37.117
163,exp-perf5000-000163-eeff8a5c,1777539091367,1777539091404,202,36.625
164,exp-perf5000-000164-ccd42406,1777539091368,1777539091405,202,37.202
165,exp-perf5000-000165-5736f25f,1777539091368,1777539091405,202,36.391
166,exp-perf5000-000166-24b89f2e,1777539091369,1777539091406,202,37.053
167,exp-perf5000-000167-0f7a810b,1777539091369,1777539091405,202,36.423
168,exp-perf5000-000168-526fa881,1777539091369,1777539091406,202,37.054
169,exp-perf5000-000169-e36b7da2,1777539091370,1777539091407,202,37.266
170,exp-perf5000-000170-c400a368,1777539091370,1777539091406,202,36.213
171,exp-perf5000-000171-6b1d2ce5,1777539091370,1777539091407,202,36.432
172,exp-perf5000-000172-5f7a66cd,1777539091370,1777539091407,202,36.910
173,exp-perf5000-000173-36287b21,1777539091371,1777539091408,202,36.797
174,exp-perf5000-000174-71c16528,1777539091371,1777539091408,202,36.225
175,exp-perf5000-000175-66f887e2,1777539091372,1777539091409,202,37.032
176,exp-perf5000-000176-d21b1ca4,1777539091372,1777539091408,202,36.309
177,exp-perf5000-000177-555df4f0,1777539091373,1777539091409,202,36.111
178,exp-perf5000-000178-0a864391,1777539091373,1777539091409,202,36.617
179,exp-perf5000-000179-9e34b1d8,1777539091373,1777539091410,202,36.771
180,exp-perf5000-000180-dbaecac1,1777539091373,1777539091410,202,36.124
181,exp-perf5000-000181-75744835,1777539091374,1777539091411,202,36.424
182,exp-perf5000-000182-d46fc019,1777539091374,1777539091410,202,35.664
183,exp-perf5000-000183-8bca7c5e,1777539091375,1777539091411,202,35.818
184,exp-perf5000-000184-f59bcf1a,1777539091376,1777539091411,202,35.449
185,exp-perf5000-000185-1475fe05,1777539091377,1777539091411,202,34.758
186,exp-perf5000-000186-00fb95b3,1777539091377,1777539091412,202,35.414
187,exp-perf5000-000187-672df7fe,1777539091377,1777539091413,202,35.886
188,exp-perf5000-000188-1cb9af6e,1777539091377,1777539091412,202,35.088
189,exp-perf5000-000189-095129bb,1777539091378,1777539091414,202,36.228
190,exp-perf5000-000190-6a9720f0,1777539091378,1777539091413,202,34.830
191,exp-perf5000-000191-62b5ab23,1777539091379,1777539091414,202,35.367
192,exp-perf5000-000192-194f07d8,1777539091380,1777539091414,202,33.832
193,exp-perf5000-000193-0a121861,1777539091380,1777539091415,202,34.867
194,exp-perf5000-000194-afe3a397,1777539091380,1777539091414,202,33.994
195,exp-perf5000-000195-fa5b99e4,1777539091381,1777539091415,202,34.199
196,exp-perf5000-000196-5c1c2239,1777539091381,1777539091416,202,34.808
197,exp-perf5000-000197-ec0c5075,1777539091381,1777539091416,202,34.319
198,exp-perf5000-000198-71be99ea,1777539091381,1777539091416,202,34.942
199,exp-perf5000-000199-35377390,1777539091382,1777539091417,202,35.057
200,exp-perf5000-000200-882f6807,1777539091382,1777539091417,202,34.554
201,exp-perf5000-000201-fbfc75eb,1777539091383,1777539091417,202,34.424
202,exp-perf5000-000202-2e3779d9,1777539091383,1777539091418,202,34.851
203,exp-perf5000-000203-9c3ee942,1777539091383,1777539091418,202,34.556
204,exp-perf5000-000204-916f715a,1777539091384,1777539091419,202,34.944
205,exp-perf5000-000205-172e5e74,1777539091384,1777539091419,202,34.415
206,exp-perf5000-000206-68d2da0e,1777539091385,1777539091419,202,34.776
207,exp-perf5000-000207-83a82661,1777539091385,1777539091420,202,34.387
208,exp-perf5000-000208-41444304,1777539091385,1777539091420,202,34.767
209,exp-perf5000-000209-b01c9581,1777539091386,1777539091421,202,34.802
210,exp-perf5000-000210-e93b6e77,1777539091386,1777539091420,202,34.268
211,exp-perf5000-000211-61895ca6,1777539091387,1777539091422,202,35.111
212,exp-perf5000-000212-bb3832da,1777539091387,1777539091421,202,34.238
213,exp-perf5000-000213-8ee61b9c,1777539091387,1777539091422,202,34.342
214,exp-perf5000-000214-b2ed4e77,1777539091387,1777539091423,202,35.146
215,exp-perf5000-000215-b6f056bb,1777539091388,1777539091423,202,34.861
216,exp-perf5000-000216-b84b9a74,1777539091388,1777539091422,202,33.993
217,exp-perf5000-000217-b4eb65f7,1777539091389,1777539091423,202,34.564
218,exp-perf5000-000218-34c8ae44,1777539091389,1777539091424,202,35.180
219,exp-perf5000-000219-52eae900,1777539091389,1777539091424,202,34.340
220,exp-perf5000-000220-01e6999a,1777539091390,1777539091425,202,35.774
221,exp-perf5000-000221-39c85392,1777539091390,1777539091425,202,34.625
222,exp-perf5000-000222-16845c76,1777539091390,1777539091426,202,35.759
223,exp-perf5000-000223-bcffcfd0,1777539091391,1777539091426,202,34.917
224,exp-perf5000-000224-359f4de0,1777539091391,1777539091427,202,35.836
225,exp-perf5000-000225-8c8a25c0,1777539091391,1777539091426,202,34.963
226,exp-perf5000-000226-af70faba,1777539091391,1777539091427,202,35.904
227,exp-perf5000-000227-d16731a9,1777539091392,1777539091427,202,35.099
228,exp-perf5000-000228-a6828e06,1777539091392,1777539091428,202,35.990
229,exp-perf5000-000229-59e4aa05,1777539091393,1777539091428,202,34.961
230,exp-perf5000-000230-b9f65988,1777539091393,1777539091429,202,35.911
231,exp-perf5000-000231-72175a31,1777539091393,1777539091428,202,35.281
232,exp-perf5000-000232-42721d08,1777539091393,1777539091430,202,36.161
233,exp-perf5000-000233-0563fcd8,1777539091394,1777539091429,202,35.422
234,exp-perf5000-000234-7380a934,1777539091394,1777539091430,202,36.048
235,exp-perf5000-000235-2cf3579a,1777539091394,1777539091430,202,35.525
236,exp-perf5000-000236-224ab5af,1777539091395,1777539091431,202,36.084
237,exp-perf5000-000237-2643b1a6,1777539091395,1777539091431,202,35.586
238,exp-perf5000-000238-655cea5f,1777539091395,1777539091432,202,36.145
239,exp-perf5000-000239-deb40e4c,1777539091396,1777539091431,202,35.475
240,exp-perf5000-000240-44ae746e,1777539091396,1777539091432,202,36.053
241,exp-perf5000-000241-e4ec6437,1777539091397,1777539091432,202,35.460
242,exp-perf5000-000242-922b0316,1777539091397,1777539091433,202,36.155
243,exp-perf5000-000243-96314cda,1777539091397,1777539091433,202,35.588
244,exp-perf5000-000244-70065528,1777539091398,1777539091434,202,36.037
245,exp-perf5000-000245-639df243,1777539091398,1777539091434,202,35.511
246,exp-perf5000-000246-1aabd6c4,1777539091399,1777539091434,202,35.604
247,exp-perf5000-000247-24b16b0b,1777539091399,1777539091435,202,35.920
248,exp-perf5000-000248-d819e370,1777539091399,1777539091435,202,35.867
249,exp-perf5000-000249-caae15e8,1777539091399,1777539091436,202,36.100
250,exp-perf5000-000250-abc94948,1777539091400,1777539091436,202,35.820
251,exp-perf5000-000251-f2a6fdd4,1777539091400,1777539091436,202,36.062
252,exp-perf5000-000252-97b0be26,1777539091401,1777539091437,202,36.031
253,exp-perf5000-000253-2548c7d2,1777539091401,1777539091437,202,36.100
254,exp-perf5000-000254-db35a0c5,1777539091401,1777539091437,202,35.927
255,exp-perf5000-000255-9069a201,1777539091402,1777539091438,202,36.276
256,exp-perf5000-000256-c1d649d3,1777539091402,1777539091438,202,36.155
257,exp-perf5000-000257-970a2116,1777539091402,1777539091439,202,36.460
258,exp-perf5000-000258-85fd8d7c,1777539091403,1777539091439,202,36.204
259,exp-perf5000-000259-ab85b51d,1777539091403,1777539091439,202,36.571
260,exp-perf5000-000260-0668dfef,1777539091403,1777539091440,202,36.217
261,exp-perf5000-000261-0ef16573,1777539091404,1777539091440,202,36.531
262,exp-perf5000-000262-5d0d9963,1777539091404,1777539091440,202,36.287
263,exp-perf5000-000263-b4c1ecbf,1777539091404,1777539091441,202,36.704
264,exp-perf5000-000264-86ee2d3a,1777539091405,1777539091441,202,36.390
265,exp-perf5000-000265-99779215,1777539091405,1777539091442,202,36.575
266,exp-perf5000-000266-0c93e87c,1777539091405,1777539091442,202,36.439
267,exp-perf5000-000267-69d47fd8,1777539091406,1777539091442,202,36.608
268,exp-perf5000-000268-4e61fbed,1777539091406,1777539091443,202,36.522
269,exp-perf5000-000269-9bde9676,1777539091406,1777539091443,202,36.670
270,exp-perf5000-000270-b0490d10,1777539091407,1777539091443,202,36.377
271,exp-perf5000-000271-f2f6b150,1777539091407,1777539091444,202,36.484
272,exp-perf5000-000272-f2f8da07,1777539091407,1777539091444,202,36.800
273,exp-perf5000-000273-1f12de08,1777539091408,1777539091444,202,36.459
274,exp-perf5000-000274-bde0a15f,1777539091408,1777539091445,202,36.830
275,exp-perf5000-000275-b9402a6c,1777539091408,1777539091445,202,36.326
276,exp-perf5000-000276-6e81f6f7,1777539091409,1777539091445,202,36.491
277,exp-perf5000-000277-4dcf83e7,1777539091409,1777539091446,202,36.575
278,exp-perf5000-000278-0813706b,1777539091409,1777539091446,202,36.777
279,exp-perf5000-000279-9bdf7306,1777539091410,1777539091446,202,36.286
280,exp-perf5000-000280-acb2edb4,1777539091410,1777539091447,202,36.482
281,exp-perf5000-000281-8b420d39,1777539091410,1777539091447,202,36.597
282,exp-perf5000-000282-24111f57,1777539091411,1777539091447,202,36.705
283,exp-perf5000-000283-fe2d08b6,1777539091411,1777539091447,202,36.288
284,exp-perf5000-000284-f3560483,1777539091411,1777539091448,202,36.532
285,exp-perf5000-000285-033418ad,1777539091412,1777539091448,202,36.597
286,exp-perf5000-000286-d3c408f5,1777539091412,1777539091449,202,36.510
287,exp-perf5000-000287-14d19889,1777539091412,1777539091449,202,36.638
288,exp-perf5000-000288-23c864f3,1777539091413,1777539091449,202,36.503
289,exp-perf5000-000289-071a200b,1777539091413,1777539091449,202,36.652
290,exp-perf5000-000290-931e35d2,1777539091414,1777539091450,202,36.114
291,exp-perf5000-000291-50284cb1,1777539091414,1777539091450,202,36.096
292,exp-perf5000-000292-ab62d6d8,1777539091414,1777539091451,202,36.216
293,exp-perf5000-000293-6ef3ecf4,1777539091415,1777539091451,202,36.340
294,exp-perf5000-000294-1b0f2e65,1777539091415,1777539091451,202,36.298
295,exp-perf5000-000295-319747be,1777539091415,1777539091452,202,36.496
296,exp-perf5000-000296-9fd6baa3,1777539091416,1777539091452,202,36.263
297,exp-perf5000-000297-11ccce70,1777539091416,1777539091452,202,36.479
298,exp-perf5000-000298-2d0cf31d,1777539091416,1777539091453,202,36.609
299,exp-perf5000-000299-62dc5456,1777539091417,1777539091453,202,36.044
300,exp-perf5000-000300-cc242f23,1777539091417,1777539091454,202,36.522
301,exp-perf5000-000301-9c4f0c8c,1777539091417,1777539091453,202,36.020
302,exp-perf5000-000302-70fc3cc0,1777539091418,1777539091454,202,36.442
303,exp-perf5000-000303-2979f718,1777539091418,1777539091454,202,35.962
304,exp-perf5000-000304-3cf15de1,1777539091419,1777539091455,202,36.335
305,exp-perf5000-000305-f523fc71,1777539091419,1777539091455,202,35.831
306,exp-perf5000-000306-0b6cd743,1777539091419,1777539091456,202,36.319
307,exp-perf5000-000307-df8c1baa,1777539091420,1777539091455,202,35.694
308,exp-perf5000-000308-88d7f15d,1777539091420,1777539091456,202,36.300
309,exp-perf5000-000309-e6c8621f,1777539091420,1777539091456,202,35.817
310,exp-perf5000-000310-a51051b1,1777539091421,1777539091457,202,36.109
311,exp-perf5000-000311-752c8d62,1777539091421,1777539091457,202,35.697
312,exp-perf5000-000312-cc9fd5de,1777539091422,1777539091457,202,35.482
313,exp-perf5000-000313-69bc2f29,1777539091422,1777539091457,202,35.528
314,exp-perf5000-000314-8bdaec62,1777539091422,1777539091458,202,35.575
315,exp-perf5000-000315-51597219,1777539091423,1777539091458,202,35.512
316,exp-perf5000-000316-a88ecdb1,1777539091423,1777539091459,202,35.646
317,exp-perf5000-000317-eb94f57e,1777539091423,1777539091459,202,35.203
318,exp-perf5000-000318-485db598,1777539091424,1777539091459,202,35.469
319,exp-perf5000-000319-db1b04fa,1777539091424,1777539091459,202,35.245
320,exp-perf5000-000320-8555f392,1777539091425,1777539091460,202,35.393
321,exp-perf5000-000321-13d61ba2,1777539091425,1777539091460,202,35.027
322,exp-perf5000-000322-713ab374,1777539091426,1777539091461,202,35.083
323,exp-perf5000-000323-5d6decda,1777539091426,1777539091461,202,34.857
324,exp-perf5000-000324-9790acb3,1777539091426,1777539091461,202,35.084
325,exp-perf5000-000325-823539ed,1777539091427,1777539091461,202,34.685
326,exp-perf5000-000326-893031c1,1777539091427,1777539091462,202,34.967
327,exp-perf5000-000327-4147820f,1777539091427,1777539091462,202,34.722
328,exp-perf5000-000328-c761e7e9,1777539091428,1777539091463,202,35.130
329,exp-perf5000-000329-c13e85bc,1777539091428,1777539091463,202,34.735
330,exp-perf5000-000330-465792cb,1777539091429,1777539091463,202,34.924
331,exp-perf5000-000331-00707ef9,1777539091429,1777539091464,202,34.822
332,exp-perf5000-000332-22a65216,1777539091429,1777539091464,202,35.040
333,exp-perf5000-000333-41a1b2d8,1777539091430,1777539091464,202,34.603
334,exp-perf5000-000334-b2837588,1777539091430,1777539091465,202,35.132
335,exp-perf5000-000335-6145b81f,1777539091430,1777539091465,202,34.720
336,exp-perf5000-000336-99f0dcc2,1777539091431,1777539091466,202,35.073
337,exp-perf5000-000337-233ae172,1777539091431,1777539091466,202,34.726
338,exp-perf5000-000338-925f843e,1777539091431,1777539091467,202,35.164
339,exp-perf5000-000339-489d088b,1777539091432,1777539091466,202,34.801
340,exp-perf5000-000340-ab25e489,1777539091432,1777539091467,202,35.282
341,exp-perf5000-000341-9bf9aeb6,1777539091432,1777539091467,202,34.834
342,exp-perf5000-000342-34ea7a64,1777539091433,1777539091468,202,35.005
343,exp-perf5000-000343-579b016e,1777539091433,1777539091468,202,34.607
344,exp-perf5000-000344-c90a952e,1777539091434,1777539091469,202,35.144
345,exp-perf5000-000345-1f5d758f,1777539091434,1777539091469,202,34.687
346,exp-perf5000-000346-fd869654,1777539091434,1777539091469,202,35.191
347,exp-perf5000-000347-65c1b488,1777539091435,1777539091469,202,34.455
348,exp-perf5000-000348-7dd72504,1777539091435,1777539091470,202,35.108
349,exp-perf5000-000349-5e2b81f6,1777539091436,1777539091470,202,34.376
350,exp-perf5000-000350-08be59a6,1777539091436,1777539091471,202,35.169
351,exp-perf5000-000351-2594d000,1777539091436,1777539091471,202,34.342
352,exp-perf5000-000352-beaf41e5,1777539091437,1777539091472,202,35.013
353,exp-perf5000-000353-bb3cae28,1777539091437,1777539091471,202,34.356
354,exp-perf5000-000354-f77677b7,1777539091437,1777539091473,202,35.205
355,exp-perf5000-000355-91d57d7e,1777539091438,1777539091472,202,34.376
356,exp-perf5000-000356-b9b2c211,1777539091438,1777539091473,202,35.145
357,exp-perf5000-000357-87f1cb1d,1777539091439,1777539091473,202,34.267
358,exp-perf5000-000358-9b1fe730,1777539091439,1777539091477,202,37.776
359,exp-perf5000-000359-bb124098,1777539091439,1777539091475,202,36.003
360,exp-perf5000-000360-8e977bef,1777539091440,1777539091477,202,37.720
361,exp-perf5000-000361-b2fe2551,1777539091440,1777539091477,202,36.522
362,exp-perf5000-000362-75d1817e,1777539091440,1777539091478,202,38.016
363,exp-perf5000-000363-110da033,1777539091441,1777539091477,202,35.611
364,exp-perf5000-000364-096ba2a2,1777539091441,1777539091479,202,38.129
365,exp-perf5000-000365-65e56c4a,1777539091442,1777539091477,202,35.642
366,exp-perf5000-000366-9a5005b8,1777539091442,1777539091480,202,38.101
367,exp-perf5000-000367-0c7f3531,1777539091442,1777539091478,202,35.460
368,exp-perf5000-000368-54c494b3,1777539091443,1777539091481,202,38.232
369,exp-perf5000-000369-724e4036,1777539091443,1777539091479,202,35.721
370,exp-perf5000-000370-5793fcef,1777539091443,1777539091482,202,38.433
371,exp-perf5000-000371-23c24f41,1777539091444,1777539091480,202,36.050
372,exp-perf5000-000372-4bc7fb77,1777539091444,1777539091482,202,38.414
373,exp-perf5000-000373-a9cce22d,1777539091444,1777539091480,202,36.135
374,exp-perf5000-000374-55f89545,1777539091445,1777539091484,202,38.849
375,exp-perf5000-000375-2c4031e6,1777539091445,1777539091481,202,36.512
376,exp-perf5000-000376-e3c80f48,1777539091445,1777539091484,202,38.723
377,exp-perf5000-000377-aa729a3f,1777539091446,1777539091482,202,36.619
378,exp-perf5000-000378-fabc74a6,1777539091446,1777539091486,202,40.103
379,exp-perf5000-000379-b5ace444,1777539091446,1777539091483,202,36.859
380,exp-perf5000-000380-ac9d287f,1777539091447,1777539091487,202,40.398
381,exp-perf5000-000381-5185f229,1777539091447,1777539091484,202,37.301
382,exp-perf5000-000382-a1235704,1777539091447,1777539091487,202,39.804
383,exp-perf5000-000383-8ba7ea63,1777539091447,1777539091485,202,37.771
384,exp-perf5000-000384-c7146b08,1777539091448,1777539091488,202,39.947
385,exp-perf5000-000385-3f592dbd,1777539091448,1777539091486,202,37.864
386,exp-perf5000-000386-90438d61,1777539091449,1777539091489,202,40.085
387,exp-perf5000-000387-de7dc2d9,1777539091449,1777539091487,202,37.813
388,exp-perf5000-000388-5b4ac798,1777539091449,1777539091489,202,40.266
389,exp-perf5000-000389-a0d833e4,1777539091449,1777539091488,202,38.644
390,exp-perf5000-000390-8cae1814,1777539091450,1777539091490,202,40.326
391,exp-perf5000-000391-3c8eb06a,1777539091450,1777539091488,202,37.961
392,exp-perf5000-000392-c5b3c53f,1777539091451,1777539091491,202,40.172
393,exp-perf5000-000393-e71e1720,1777539091451,1777539091488,202,37.298
394,exp-perf5000-000394-fdb803ea,1777539091451,1777539091492,202,40.208
395,exp-perf5000-000395-510f6d86,1777539091452,1777539091489,202,37.173
396,exp-perf5000-000396-b1385c3c,1777539091452,1777539091492,202,40.363
397,exp-perf5000-000397-e7d8d107,1777539091452,1777539091490,202,37.283
398,exp-perf5000-000398-6ba6f0e3,1777539091453,1777539091493,202,40.346
399,exp-perf5000-000399-99d334c9,1777539091453,1777539091491,202,37.511
400,exp-perf5000-000400-d6f7e2ac,1777539091453,1777539091494,202,40.355
401,exp-perf5000-000401-55e87e06,1777539091454,1777539091491,202,37.526
402,exp-perf5000-000402-cf068aa0,1777539091454,1777539091494,202,40.395
403,exp-perf5000-000403-62c772f1,1777539091454,1777539091492,202,37.824
404,exp-perf5000-000404-452a9415,1777539091455,1777539091496,202,40.926
405,exp-perf5000-000405-1144afa0,1777539091455,1777539091493,202,37.906
406,exp-perf5000-000406-fd783734,1777539091455,1777539091496,202,40.994
407,exp-perf5000-000407-55ae7894,1777539091456,1777539091494,202,38.031
408,exp-perf5000-000408-555a85b7,1777539091456,1777539091497,202,41.160
409,exp-perf5000-000409-221f2033,1777539091456,1777539091494,202,37.879
410,exp-perf5000-000410-b7e24d0c,1777539091457,1777539091498,202,41.399
411,exp-perf5000-000411-95def20b,1777539091457,1777539091495,202,38.021
412,exp-perf5000-000412-f29acbb3,1777539091457,1777539091499,202,41.520
413,exp-perf5000-000413-c9a71ec3,1777539091458,1777539091496,202,38.188
414,exp-perf5000-000414-3a4eaa75,1777539091458,1777539091500,202,41.649
415,exp-perf5000-000415-7fc1f1e7,1777539091458,1777539091497,202,39.194
416,exp-perf5000-000416-92d17e66,1777539091459,1777539091500,202,41.674
417,exp-perf5000-000417-d1ca02ec,1777539091459,1777539091499,202,40.286
418,exp-perf5000-000418-f94fdb5d,1777539091459,1777539091501,202,42.077
419,exp-perf5000-000419-b457a9ef,1777539091459,1777539091500,202,40.400
420,exp-perf5000-000420-c471eee6,1777539091460,1777539091502,202,41.768
421,exp-perf5000-000421-2a400e4c,1777539091460,1777539091500,202,40.099
422,exp-perf5000-000422-fa53b44e,1777539091461,1777539091503,202,41.932
423,exp-perf5000-000423-a58b910c,1777539091461,1777539091501,202,40.101
424,exp-perf5000-000424-5a6509da,1777539091461,1777539091503,202,42.003
425,exp-perf5000-000425-844f36f9,1777539091461,1777539091502,202,40.671
426,exp-perf5000-000426-18404ccd,1777539091462,1777539091504,202,41.937
427,exp-perf5000-000427-ee67444d,1777539091462,1777539091503,202,40.363
428,exp-perf5000-000428-4931079d,1777539091463,1777539091505,202,42.110
429,exp-perf5000-000429-d6ff3858,1777539091463,1777539091503,202,40.241
430,exp-perf5000-000430-923d95a1,1777539091464,1777539091506,202,42.182
431,exp-perf5000-000431-3569e0d1,1777539091464,1777539091504,202,40.361
432,exp-perf5000-000432-72b4c0cf,1777539091464,1777539091505,202,40.427
433,exp-perf5000-000433-f6649c1e,1777539091464,1777539091506,202,42.004
434,exp-perf5000-000434-7b07e50c,1777539091465,1777539091505,202,40.489
435,exp-perf5000-000435-dfa666c0,1777539091465,1777539091507,202,41.663
436,exp-perf5000-000436-519b4e45,1777539091466,1777539091506,202,40.505
437,exp-perf5000-000437-2424fc9a,1777539091466,1777539091508,202,41.730
438,exp-perf5000-000438-4890cd4d,1777539091466,1777539091507,202,40.683
439,exp-perf5000-000439-643b1076,1777539091467,1777539091508,202,41.871
440,exp-perf5000-000440-33abd5d5,1777539091467,1777539091508,202,40.724
441,exp-perf5000-000441-f7473bd3,1777539091467,1777539091509,202,41.788
442,exp-perf5000-000442-b73e42ee,1777539091468,1777539091509,202,40.949
443,exp-perf5000-000443-65fdca17,1777539091468,1777539091510,202,42.087
444,exp-perf5000-000444-8f8a9fb8,1777539091469,1777539091509,202,40.840
445,exp-perf5000-000445-d652d40a,1777539091469,1777539091511,202,41.991
446,exp-perf5000-000446-e1ad39b7,1777539091469,1777539091511,202,41.369
447,exp-perf5000-000447-115aaeeb,1777539091470,1777539091512,202,42.002
448,exp-perf5000-000448-0833d104,1777539091470,1777539091512,202,41.865
449,exp-perf5000-000449-118c920f,1777539091470,1777539091512,202,41.834
450,exp-perf5000-000450-b4c92a63,1777539091471,1777539091512,202,41.619
451,exp-perf5000-000451-620b85b0,1777539091471,1777539091513,202,41.539
452,exp-perf5000-000452-3dcead87,1777539091472,1777539091514,202,42.307
453,exp-perf5000-000453-5193bec8,1777539091472,1777539091513,202,41.596
454,exp-perf5000-000454-878e0019,1777539091472,1777539091514,202,41.773
455,exp-perf5000-000455-16da41d7,1777539091473,1777539091514,202,41.767
456,exp-perf5000-000456-ec0f719b,1777539091473,1777539091516,202,43.043
457,exp-perf5000-000457-74e3bde1,1777539091473,1777539091516,202,42.457
458,exp-perf5000-000458-790e19ac,1777539091476,1777539091516,202,40.373
459,exp-perf5000-000459-ff71d360,1777539091477,1777539091517,202,40.041
460,exp-perf5000-000460-dee5b5f8,1777539091477,1777539091520,202,43.154
461,exp-perf5000-000461-1dcdd5ad,1777539091477,1777539091515,202,38.673
462,exp-perf5000-000462-c6aa78cd,1777539091477,1777539091520,202,42.542
463,exp-perf5000-000463-858d423b,1777539091477,1777539091517,202,39.097
464,exp-perf5000-000464-400c6890,1777539091478,1777539091520,202,42.018
465,exp-perf5000-000465-a5f3caa1,1777539091478,1777539091517,202,38.394
466,exp-perf5000-000466-edb7719e,1777539091479,1777539091520,202,41.188
467,exp-perf5000-000467-071c8add,1777539091479,1777539091518,202,38.093
468,exp-perf5000-000468-a09ed025,1777539091480,1777539091520,202,40.349
469,exp-perf5000-000469-69400104,1777539091480,1777539091519,202,38.372
470,exp-perf5000-000470-ff66950b,1777539091480,1777539091521,202,40.146
471,exp-perf5000-000471-04b077eb,1777539091481,1777539091520,202,38.740
472,exp-perf5000-000472-25c758fb,1777539091482,1777539091521,202,39.696
473,exp-perf5000-000473-55f6d041,1777539091482,1777539091520,202,38.371
474,exp-perf5000-000474-36bd6740,1777539091482,1777539091522,202,39.701
475,exp-perf5000-000475-963e5a17,1777539091482,1777539091521,202,38.326
476,exp-perf5000-000476-131b4e2a,1777539091483,1777539091523,202,39.547
477,exp-perf5000-000477-787fc3cc,1777539091484,1777539091522,202,38.144
478,exp-perf5000-000478-c6a980a4,1777539091484,1777539091522,202,38.306
479,exp-perf5000-000479-028c8d77,1777539091484,1777539091523,202,39.210
480,exp-perf5000-000480-4ccc04be,1777539091485,1777539091524,202,38.665
481,exp-perf5000-000481-d322cf24,1777539091486,1777539091525,202,38.745
482,exp-perf5000-000482-ad7b2788,1777539091486,1777539091523,202,36.825
483,exp-perf5000-000483-52d5c397,1777539091487,1777539091526,202,38.747
484,exp-perf5000-000484-480ae7e7,1777539091487,1777539091525,202,37.512
485,exp-perf5000-000485-dbbfad60,1777539091487,1777539091524,202,36.658
486,exp-perf5000-000486-f6ff6143,1777539091488,1777539091525,202,37.411
487,exp-perf5000-000487-85b2f618,1777539091488,1777539091526,202,38.185
488,exp-perf5000-000488-a582257d,1777539091488,1777539091527,202,38.798
489,exp-perf5000-000489-38888f43,1777539091488,1777539091528,202,39.372
490,exp-perf5000-000490-0cde594b,1777539091489,1777539091526,202,37.327
491,exp-perf5000-000491-0f8ab004,1777539091489,1777539091528,202,39.435
492,exp-perf5000-000492-844b0571,1777539091490,1777539091527,202,37.246
493,exp-perf5000-000493-a5249c4a,1777539091490,1777539091529,202,39.339
494,exp-perf5000-000494-ba2a9231,1777539091490,1777539091527,202,37.184
495,exp-perf5000-000495-fd721a5f,1777539091491,1777539091530,202,39.223
496,exp-perf5000-000496-62563aad,1777539091491,1777539091529,202,37.819
497,exp-perf5000-000497-9bd7203d,1777539091491,1777539091530,202,39.208
498,exp-perf5000-000498-d574d7bd,1777539091492,1777539091530,202,38.331
499,exp-perf5000-000499-c7a20a62,1777539091492,1777539091531,202,39.051
500,exp-perf5000-000500-40e7764c,1777539091492,1777539091531,202,38.367
501,exp-perf5000-000501-2076c258,1777539091493,1777539091532,202,38.893
502,exp-perf5000-000502-f9964969,1777539091493,1777539091532,202,39.138
503,exp-perf5000-000503-aab893d4,1777539091494,1777539091534,202,40.103
504,exp-perf5000-000504-e6a1ed1a,1777539091494,1777539091533,202,38.574
505,exp-perf5000-000505-936ea80b,1777539091494,1777539091533,202,38.978
506,exp-perf5000-000506-653f5ecf,1777539091494,1777539091535,202,40.747
507,exp-perf5000-000507-47bea906,1777539091495,1777539091534,202,39.093
508,exp-perf5000-000508-c139fc4c,1777539091496,1777539091536,202,40.476
509,exp-perf5000-000509-43d78546,1777539091496,1777539091535,202,38.879
510,exp-perf5000-000510-16ea4bda,1777539091496,1777539091537,202,40.495
511,exp-perf5000-000511-7d04d43a,1777539091497,1777539091537,202,40.026
512,exp-perf5000-000512-179f22ec,1777539091498,1777539091535,202,37.938
513,exp-perf5000-000513-c546aec0,1777539091498,1777539091538,202,39.930
514,exp-perf5000-000514-c18b744c,1777539091499,1777539091539,202,40.041
515,exp-perf5000-000515-b2ad3bbb,1777539091499,1777539091536,202,37.084
516,exp-perf5000-000516-bd2241cc,1777539091500,1777539091540,202,39.991
517,exp-perf5000-000517-c154add4,1777539091500,1777539091537,202,36.919
518,exp-perf5000-000518-fe203b4b,1777539091500,1777539091540,202,40.091
519,exp-perf5000-000519-0ace1bb3,1777539091501,1777539091538,202,37.133
520,exp-perf5000-000520-dafdae5c,1777539091501,1777539091538,202,37.252
521,exp-perf5000-000521-8a41dec7,1777539091501,1777539091541,202,39.811
522,exp-perf5000-000522-5fda262f,1777539091502,1777539091542,202,39.995
523,exp-perf5000-000523-bcfd2ad8,1777539091502,1777539091539,202,36.973
524,exp-perf5000-000524-d4c1f014,1777539091503,1777539091540,202,37.308
525,exp-perf5000-000525-fb6398f5,1777539091503,1777539091543,202,39.835
526,exp-perf5000-000526-718519c0,1777539091503,1777539091541,202,37.486
527,exp-perf5000-000527-62c99695,1777539091503,1777539091544,202,40.121
528,exp-perf5000-000528-5d75c9f7,1777539091504,1777539091544,202,40.201
529,exp-perf5000-000529-a53536ce,1777539091504,1777539091541,202,37.332
530,exp-perf5000-000530-62ffd72f,1777539091505,1777539091542,202,37.466
531,exp-perf5000-000531-7ba2c198,1777539091505,1777539091545,202,40.146
532,exp-perf5000-000532-15a9de0d,1777539091506,1777539091543,202,37.436
533,exp-perf5000-000533-3db40420,1777539091506,1777539091546,202,40.171
534,exp-perf5000-000534-dd0e660c,1777539091506,1777539091544,202,37.521
535,exp-perf5000-000535-e93dd240,1777539091506,1777539091547,202,40.260
536,exp-perf5000-000536-96fb2b3f,1777539091507,1777539091547,202,40.551
537,exp-perf5000-000537-b089666d,1777539091507,1777539091544,202,37.201
538,exp-perf5000-000538-d4125f9c,1777539091508,1777539091548,202,40.697
539,exp-perf5000-000539-a79bd641,1777539091508,1777539091545,202,37.247
540,exp-perf5000-000540-b7fc869a,1777539091508,1777539091549,202,40.811
541,exp-perf5000-000541-816bbb9e,1777539091509,1777539091548,202,38.791
542,exp-perf5000-000542-3949dfde,1777539091509,1777539091550,202,40.955
543,exp-perf5000-000543-d3d3c892,1777539091510,1777539091548,202,38.289
544,exp-perf5000-000544-b476be71,1777539091510,1777539091551,202,40.851
545,exp-perf5000-000545-9f2cccdf,1777539091511,1777539091548,202,37.108
546,exp-perf5000-000546-9bd83160,1777539091511,1777539091552,202,40.948
547,exp-perf5000-000547-70b70d5a,1777539091512,1777539091553,202,41.389
548,exp-perf5000-000548-3b85239b,1777539091512,1777539091549,202,36.633
549,exp-perf5000-000549-8a431ce0,1777539091512,1777539091554,202,41.448
550,exp-perf5000-000550-7f45f0bb,1777539091512,1777539091549,202,37.039
551,exp-perf5000-000551-98b66377,1777539091513,1777539091554,202,41.695
552,exp-perf5000-000552-bbd7b1ce,1777539091513,1777539091555,202,41.711
553,exp-perf5000-000553-fd72532e,1777539091514,1777539091550,202,36.476
554,exp-perf5000-000554-d9806359,1777539091514,1777539091551,202,37.114
555,exp-perf5000-000555-62d0d638,1777539091514,1777539091556,202,41.399
556,exp-perf5000-000556-a9a7f956,1777539091516,1777539091557,202,41.074
557,exp-perf5000-000557-98b1a67b,1777539091516,1777539091557,202,41.583
558,exp-perf5000-000558-14b65113,1777539091516,1777539091552,202,35.861
559,exp-perf5000-000559-d9396916,1777539091516,1777539091553,202,36.576
560,exp-perf5000-000560-5616d91e,1777539091517,1777539091558,202,41.734
561,exp-perf5000-000561-b80ca691,1777539091517,1777539091554,202,37.008
562,exp-perf5000-000562-f05325cb,1777539091517,1777539091560,202,42.994
563,exp-perf5000-000563-44a2ba25,1777539091518,1777539091561,202,43.210
564,exp-perf5000-000564-3e309764,1777539091519,1777539091562,202,43.161
565,exp-perf5000-000565-d726b9ad,1777539091520,1777539091563,202,42.964
566,exp-perf5000-000566-d34e6b14,1777539091520,1777539091555,202,34.791
567,exp-perf5000-000567-c837b5ca,1777539091520,1777539091555,202,35.329
568,exp-perf5000-000568-9468cdb5,1777539091520,1777539091556,202,36.072
569,exp-perf5000-000569-4f5be743,1777539091520,1777539091557,202,36.910
570,exp-perf5000-000570-712a51f9,1777539091520,1777539091558,202,37.654
571,exp-perf5000-000571-9ddf33db,1777539091520,1777539091563,202,43.101
572,exp-perf5000-000572-6b7b3055,1777539091521,1777539091560,202,39.401
573,exp-perf5000-000573-ddb90d4b,1777539091521,1777539091564,202,43.121
574,exp-perf5000-000574-1b6fb1b3,1777539091521,1777539091561,202,39.719
575,exp-perf5000-000575-de317e4e,1777539091522,1777539091565,202,42.782
576,exp-perf5000-000576-52a125dd,1777539091522,1777539091562,202,39.918
577,exp-perf5000-000577-9aab8a9a,1777539091522,1777539091565,202,43.030
578,exp-perf5000-000578-d5480a98,1777539091523,1777539091563,202,39.760
579,exp-perf5000-000579-0d6b342e,1777539091523,1777539091566,202,43.016
580,exp-perf5000-000580-511f6a54,1777539091523,1777539091563,202,39.727
581,exp-perf5000-000581-4506f335,1777539091524,1777539091567,202,43.186
582,exp-perf5000-000582-9b8e9f67,1777539091524,1777539091564,202,39.755
583,exp-perf5000-000583-65f120dd,1777539091525,1777539091568,202,43.086
584,exp-perf5000-000584-ba04e334,1777539091525,1777539091565,202,39.669
585,exp-perf5000-000585-d4272bbb,1777539091525,1777539091569,202,43.098
586,exp-perf5000-000586-98b5c7d6,1777539091526,1777539091565,202,39.673
587,exp-perf5000-000587-d424209d,1777539091526,1777539091569,202,43.230
588,exp-perf5000-000588-23938389,1777539091526,1777539091566,202,39.786
589,exp-perf5000-000589-973be810,1777539091527,1777539091570,202,43.327
590,exp-perf5000-000590-98144543,1777539091527,1777539091567,202,39.740
591,exp-perf5000-000591-f72b800a,1777539091528,1777539091571,202,43.325
592,exp-perf5000-000592-d4619ebb,1777539091528,1777539091568,202,39.874
593,exp-perf5000-000593-ffdd7aec,1777539091528,1777539091568,202,39.843
594,exp-perf5000-000594-74583634,1777539091529,1777539091572,202,42.797
595,exp-perf5000-000595-57c3e912,1777539091529,1777539091569,202,39.911
596,exp-perf5000-000596-52749174,1777539091530,1777539091570,202,39.821
597,exp-perf5000-000597-b0274ec1,1777539091530,1777539091572,202,42.488
598,exp-perf5000-000598-869cf7b5,1777539091530,1777539091570,202,40.007
599,exp-perf5000-000599-8e6dd1bb,1777539091531,1777539091573,202,42.367
600,exp-perf5000-000600-00648f01,1777539091531,1777539091571,202,40.068
601,exp-perf5000-000601-43d0e078,1777539091532,1777539091572,202,40.200
602,exp-perf5000-000602-4af8142e,1777539091532,1777539091574,202,41.909
603,exp-perf5000-000603-477fbbee,1777539091533,1777539091573,202,40.296
604,exp-perf5000-000604-ef3fc2aa,1777539091533,1777539091574,202,40.622
605,exp-perf5000-000605-8035d02f,1777539091534,1777539091575,202,41.360
606,exp-perf5000-000606-b9857a8b,1777539091534,1777539091575,202,40.876
607,exp-perf5000-000607-cfa2b936,1777539091535,1777539091576,202,41.171
608,exp-perf5000-000608-52c038d3,1777539091535,1777539091576,202,40.986
609,exp-perf5000-000609-2f6c04e8,1777539091536,1777539091577,202,41.201
610,exp-perf5000-000610-097bd412,1777539091536,1777539091577,202,41.234
611,exp-perf5000-000611-f197d8af,1777539091536,1777539091577,202,40.724
612,exp-perf5000-000612-38849bda,1777539091537,1777539091578,202,41.654
613,exp-perf5000-000613-a5709f25,1777539091537,1777539091578,202,41.059
614,exp-perf5000-000614-9392952f,1777539091537,1777539091579,202,41.746
615,exp-perf5000-000615-4f4cd1b1,1777539091538,1777539091580,202,41.830
616,exp-perf5000-000616-8da6bbbb,1777539091538,1777539091580,202,41.866
617,exp-perf5000-000617-42f5952c,1777539091538,1777539091580,202,42.028
618,exp-perf5000-000618-d0a0b682,1777539091539,1777539091581,202,42.524
619,exp-perf5000-000619-709a5247,1777539091539,1777539091582,202,42.689
620,exp-perf5000-000620-fa4516ec,1777539091540,1777539091582,202,42.770
621,exp-perf5000-000621-ad24fe9c,1777539091540,1777539091583,202,42.730
622,exp-perf5000-000622-c2112836,1777539091540,1777539091583,202,42.977
623,exp-perf5000-000623-29cf5924,1777539091541,1777539091584,202,42.765
624,exp-perf5000-000624-945a3379,1777539091541,1777539091585,202,43.648
625,exp-perf5000-000625-049d0a00,1777539091541,1777539091585,202,43.281
626,exp-perf5000-000626-33e428e4,1777539091542,1777539091586,202,43.808
627,exp-perf5000-000627-671f5526,1777539091542,1777539091586,202,43.327
628,exp-perf5000-000628-4aceefbe,1777539091543,1777539091587,202,43.961
629,exp-perf5000-000629-43d54f51,1777539091543,1777539091586,202,43.485
630,exp-perf5000-000630-23f0e1b5,1777539091544,1777539091587,202,43.755
631,exp-perf5000-000631-e925996a,1777539091544,1777539091587,202,43.416
632,exp-perf5000-000632-8564645d,1777539091544,1777539091588,202,43.754
633,exp-perf5000-000633-8350c21c,1777539091544,1777539091588,202,43.711
634,exp-perf5000-000634-461f222c,1777539091545,1777539091589,202,43.748
635,exp-perf5000-000635-28da2b38,1777539091545,1777539091589,202,43.691
636,exp-perf5000-000636-91c67a45,1777539091546,1777539091589,202,43.491
637,exp-perf5000-000637-d9c6c313,1777539091547,1777539091590,202,43.544
638,exp-perf5000-000638-f098f9f4,1777539091548,1777539091591,202,43.598
639,exp-perf5000-000639-2f6efc4a,1777539091548,1777539091590,202,42.076
640,exp-perf5000-000640-f8a181f1,1777539091548,1777539091591,202,42.670
641,exp-perf5000-000641-a504b87c,1777539091548,1777539091591,202,43.259
642,exp-perf5000-000642-46f3d341,1777539091548,1777539091592,202,43.413
643,exp-perf5000-000643-45319378,1777539091549,1777539091592,202,43.533
644,exp-perf5000-000644-fead7393,1777539091549,1777539091593,202,43.376
645,exp-perf5000-000645-f77fe913,1777539091549,1777539091593,202,43.591
646,exp-perf5000-000646-b02c0c00,1777539091550,1777539091594,202,43.308
647,exp-perf5000-000647-a61c5fb2,1777539091550,1777539091594,202,43.545
648,exp-perf5000-000648-a28e20e9,1777539091551,1777539091594,202,43.307
649,exp-perf5000-000649-c4923b50,1777539091551,1777539091595,202,43.642
650,exp-perf5000-000650-eaca9093,1777539091552,1777539091595,202,43.586
651,exp-perf5000-000651-3ce4c453,1777539091552,1777539091596,202,43.934
652,exp-perf5000-000652-db495a5d,1777539091553,1777539091597,202,44.079
653,exp-perf5000-000653-8d228658,1777539091553,1777539091596,202,43.384
654,exp-perf5000-000654-3b735c6f,1777539091554,1777539091597,202,43.824
655,exp-perf5000-000655-9c4e6693,1777539091554,1777539091598,202,44.225
656,exp-perf5000-000656-56115a83,1777539091554,1777539091598,202,43.853
657,exp-perf5000-000657-8f482fba,1777539091555,1777539091599,202,44.101
658,exp-perf5000-000658-a008cece,1777539091555,1777539091599,202,44.024
659,exp-perf5000-000659-decc232d,1777539091555,1777539091600,202,44.193
660,exp-perf5000-000660-d3f8e78f,1777539091556,1777539091600,202,44.207
661,exp-perf5000-000661-e11a4b01,1777539091556,1777539091601,202,44.411
662,exp-perf5000-000662-1e88f52c,1777539091557,1777539091601,202,44.246
663,exp-perf5000-000663-e1c84d05,1777539091557,1777539091601,202,44.296
664,exp-perf5000-000664-257259cf,1777539091557,1777539091602,202,44.260
665,exp-perf5000-000665-4f97b33b,1777539091558,1777539091602,202,44.479
666,exp-perf5000-000666-e9d901ef,1777539091558,1777539091603,202,44.200
667,exp-perf5000-000667-52d31a99,1777539091560,1777539091603,202,43.289
668,exp-perf5000-000668-98461e08,1777539091560,1777539091603,202,42.905
669,exp-perf5000-000669-5f06fca7,1777539091561,1777539091604,202,43.601
670,exp-perf5000-000670-da7c20c2,1777539091561,1777539091604,202,42.928
671,exp-perf5000-000671-4a0c5382,1777539091562,1777539091606,202,44.258
672,exp-perf5000-000672-c393dde3,1777539091562,1777539091605,202,43.510
673,exp-perf5000-000673-58de1b77,1777539091563,1777539091607,202,44.045
674,exp-perf5000-000674-8de78a78,1777539091563,1777539091607,202,44.239
675,exp-perf5000-000675-c127f97f,1777539091563,1777539091607,202,44.095
676,exp-perf5000-000676-92033476,1777539091563,1777539091608,202,44.539
677,exp-perf5000-000677-6bb0c353,1777539091564,1777539091608,202,44.394
678,exp-perf5000-000678-57249750,1777539091564,1777539091609,202,44.781
679,exp-perf5000-000679-398332d6,1777539091565,1777539091610,202,45.267
680,exp-perf5000-000680-5e9ff65c,1777539091565,1777539091609,202,44.662
681,exp-perf5000-000681-ef097c7e,1777539091565,1777539091610,202,44.930
682,exp-perf5000-000682-6af91768,1777539091565,1777539091611,202,45.865
683,exp-perf5000-000683-98f9cf39,1777539091566,1777539091612,202,45.743
684,exp-perf5000-000684-9a50f90a,1777539091566,1777539091613,202,46.741
685,exp-perf5000-000685-07c37bc5,1777539091567,1777539091613,202,46.325
686,exp-perf5000-000686-074dbb90,1777539091567,1777539091614,202,47.181
687,exp-perf5000-000687-f18230ac,1777539091568,1777539091614,202,46.788
688,exp-perf5000-000688-0161344a,1777539091568,1777539091617,202,49.517
689,exp-perf5000-000689-31a47927,1777539091568,1777539091617,202,49.016
690,exp-perf5000-000690-fd0ef226,1777539091569,1777539091620,202,51.448
691,exp-perf5000-000691-98db485b,1777539091569,1777539091620,202,51.288
692,exp-perf5000-000692-6bd8e64f,1777539091569,1777539091621,202,51.745
693,exp-perf5000-000693-7f4dd078,1777539091570,1777539091621,202,51.651
694,exp-perf5000-000694-9fa7f119,1777539091570,1777539091623,202,53.030
695,exp-perf5000-000695-387c3342,1777539091570,1777539091623,202,52.479
696,exp-perf5000-000696-feed90b7,1777539091571,1777539091625,202,53.711
697,exp-perf5000-000697-99fe954e,1777539091571,1777539091625,202,53.443
698,exp-perf5000-000698-7ceda447,1777539091572,1777539091626,202,54.842
699,exp-perf5000-000699-34ee9a63,1777539091572,1777539091627,202,54.600
700,exp-perf5000-000700-af590d87,1777539091572,1777539091628,202,55.746
701,exp-perf5000-000701-d152467e,1777539091573,1777539091629,202,55.813
702,exp-perf5000-000702-a96e3f75,1777539091573,1777539091629,202,55.770
703,exp-perf5000-000703-669c3e8d,1777539091574,1777539091629,202,55.560
704,exp-perf5000-000704-6e97c077,1777539091574,1777539091630,202,55.596
705,exp-perf5000-000705-a44690e3,1777539091575,1777539091630,202,55.103
706,exp-perf5000-000706-6fada6c3,1777539091575,1777539091631,202,55.280
707,exp-perf5000-000707-9ee7ebf9,1777539091576,1777539091631,202,54.812
708,exp-perf5000-000708-0794aa7a,1777539091576,1777539091631,202,55.072
709,exp-perf5000-000709-661bb9f3,1777539091577,1777539091632,202,54.737
710,exp-perf5000-000710-17c147be,1777539091577,1777539091632,202,54.921
711,exp-perf5000-000711-fa94263a,1777539091578,1777539091632,202,54.719
712,exp-perf5000-000712-ea229eea,1777539091578,1777539091633,202,54.798
713,exp-perf5000-000713-43692bc9,1777539091579,1777539091633,202,54.248
714,exp-perf5000-000714-b1568ded,1777539091579,1777539091634,202,54.344
715,exp-perf5000-000715-a013f789,1777539091580,1777539091633,202,53.797
716,exp-perf5000-000716-8a240056,1777539091580,1777539091634,202,54.000
717,exp-perf5000-000717-1d207f65,1777539091580,1777539091634,202,53.649
718,exp-perf5000-000718-6e302dbd,1777539091581,1777539091635,202,53.492
719,exp-perf5000-000719-93a2cbd3,1777539091582,1777539091635,202,52.917
720,exp-perf5000-000720-fbf97065,1777539091582,1777539091635,202,52.986
721,exp-perf5000-000721-fd39023d,1777539091583,1777539091635,202,52.724
722,exp-perf5000-000722-7a9a9abc,1777539091583,1777539091636,202,52.645
723,exp-perf5000-000723-caf6a763,1777539091584,1777539091636,202,52.607
724,exp-perf5000-000724-877e15cc,1777539091585,1777539091637,202,51.973
725,exp-perf5000-000725-5755819a,1777539091585,1777539091637,202,52.229
726,exp-perf5000-000726-f4b2e74f,1777539091586,1777539091637,202,51.792
727,exp-perf5000-000727-ff9b2c6f,1777539091586,1777539091638,202,51.723
728,exp-perf5000-000728-a9053c48,1777539091587,1777539091638,202,51.686
729,exp-perf5000-000729-dac394b0,1777539091587,1777539091638,202,51.646
730,exp-perf5000-000730-9f6b43ad,1777539091587,1777539091639,202,51.499
731,exp-perf5000-000731-3ce52b42,1777539091587,1777539091639,202,51.678
732,exp-perf5000-000732-0153e65a,1777539091588,1777539091640,202,51.707
733,exp-perf5000-000733-74c93208,1777539091588,1777539091639,202,51.320
734,exp-perf5000-000734-b0bd0306,1777539091589,1777539091640,202,51.420
735,exp-perf5000-000735-f8a1b459,1777539091589,1777539091640,202,51.128
736,exp-perf5000-000736-80735733,1777539091589,1777539091641,202,51.736
737,exp-perf5000-000737-2ec19922,1777539091590,1777539091641,202,51.205
738,exp-perf5000-000738-e72e4417,1777539091590,1777539091642,202,51.313
739,exp-perf5000-000739-c8177208,1777539091591,1777539091642,202,51.425
740,exp-perf5000-000740-993d5680,1777539091591,1777539091643,202,51.552
741,exp-perf5000-000741-9b179ac3,1777539091591,1777539091642,202,51.073
742,exp-perf5000-000742-2b76a6b4,1777539091592,1777539091643,202,51.457
743,exp-perf5000-000743-3d918ce7,1777539091592,1777539091643,202,51.100
744,exp-perf5000-000744-a1748be3,1777539091593,1777539091644,202,51.391
745,exp-perf5000-000745-3b517bd8,1777539091593,1777539091644,202,50.702
746,exp-perf5000-000746-4a2c904e,1777539091594,1777539091645,202,51.128
747,exp-perf5000-000747-9c5b8645,1777539091594,1777539091644,202,50.484
748,exp-perf5000-000748-0a2edefd,1777539091594,1777539091645,202,50.902
749,exp-perf5000-000749-afa5024c,1777539091595,1777539091645,202,50.131
750,exp-perf5000-000750-ba5b8c46,1777539091595,1777539091646,202,50.545
751,exp-perf5000-000751-c12546d3,1777539091596,1777539091646,202,49.780
752,exp-perf5000-000752-c452b047,1777539091596,1777539091646,202,50.096
753,exp-perf5000-000753-8d1b1dc7,1777539091597,1777539091647,202,49.671
754,exp-perf5000-000754-a83b25a3,1777539091597,1777539091647,202,49.928
755,exp-perf5000-000755-e080dd1e,1777539091598,1777539091647,202,48.964
756,exp-perf5000-000756-3f0db8e9,1777539091598,1777539091648,202,49.804
757,exp-perf5000-000757-c098e352,1777539091599,1777539091648,202,48.989
758,exp-perf5000-000758-d96a49bd,1777539091599,1777539091649,202,49.768
759,exp-perf5000-000759-0a2cc457,1777539091600,1777539091648,202,48.859
760,exp-perf5000-000760-1a1d4169,1777539091600,1777539091650,202,49.473
761,exp-perf5000-000761-1f6f71bb,1777539091601,1777539091649,202,48.554
762,exp-perf5000-000762-cfc01a5b,1777539091601,1777539091650,202,49.562
763,exp-perf5000-000763-70be9758,1777539091601,1777539091650,202,48.689
764,exp-perf5000-000764-da820f3a,1777539091602,1777539091651,202,49.636
765,exp-perf5000-000765-7b77059b,1777539091602,1777539091651,202,48.434
766,exp-perf5000-000766-b55a84e2,1777539091603,1777539091652,202,49.502
767,exp-perf5000-000767-bcaa1320,1777539091603,1777539091652,202,48.456
768,exp-perf5000-000768-1fae6584,1777539091603,1777539091653,202,49.555
769,exp-perf5000-000769-4c2124e8,1777539091604,1777539091652,202,48.313
770,exp-perf5000-000770-70b9c497,1777539091604,1777539091653,202,49.011
771,exp-perf5000-000771-cda88d83,1777539091606,1777539091653,202,47.431
772,exp-perf5000-000772-fbe3fea9,1777539091606,1777539091654,202,47.983
773,exp-perf5000-000773-22122ee5,1777539091607,1777539091654,202,47.038
774,exp-perf5000-000774-0eba4c79,1777539091607,1777539091655,202,48.001
775,exp-perf5000-000775-fed3ab42,1777539091607,1777539091654,202,46.916
776,exp-perf5000-000776-a8396506,1777539091608,1777539091656,202,47.662
777,exp-perf5000-000777-d0d8ac37,1777539091608,1777539091655,202,46.871
778,exp-perf5000-000778-92bbedd5,1777539091609,1777539091656,202,47.394
779,exp-perf5000-000779-0f7c1739,1777539091609,1777539091656,202,46.581
780,exp-perf5000-000780-a85322d1,1777539091610,1777539091657,202,47.074
781,exp-perf5000-000781-65c1ca40,1777539091610,1777539091656,202,46.210
782,exp-perf5000-000782-8ab4c8ef,1777539091611,1777539091658,202,46.216
783,exp-perf5000-000783-8b2845f2,1777539091612,1777539091657,202,45.185
784,exp-perf5000-000784-cc4295d7,1777539091613,1777539091658,202,45.281
785,exp-perf5000-000785-23bd9404,1777539091613,1777539091658,202,44.966
786,exp-perf5000-000786-0381f72a,1777539091614,1777539091659,202,44.710
787,exp-perf5000-000787-2c531209,1777539091614,1777539091659,202,44.089
788,exp-perf5000-000788-a796b8e8,1777539091617,1777539091659,202,41.864
789,exp-perf5000-000789-134ca618,1777539091617,1777539091660,202,42.111
790,exp-perf5000-000790-4060af2f,1777539091620,1777539091660,202,40.155
791,exp-perf5000-000791-ddb86155,1777539091620,1777539091660,202,39.569
792,exp-perf5000-000792-6943e7d7,1777539091621,1777539091661,202,39.733
793,exp-perf5000-000793-3257f03f,1777539091621,1777539091661,202,39.171
794,exp-perf5000-000794-8669d432,1777539091623,1777539091661,202,38.238
795,exp-perf5000-000795-8e4c3031,1777539091623,1777539091662,202,38.438
796,exp-perf5000-000796-26d6c6f7,1777539091625,1777539091662,202,37.591
797,exp-perf5000-000797-8aca7242,1777539091625,1777539091662,202,37.068
798,exp-perf5000-000798-cf296255,1777539091627,1777539091663,202,36.442
799,exp-perf5000-000799-39a19d70,1777539091627,1777539091663,202,35.936
800,exp-perf5000-000800-30a0c2b4,1777539091628,1777539091664,202,35.404
801,exp-perf5000-000801-4e862507,1777539091629,1777539091663,202,34.501
802,exp-perf5000-000802-72aa8e4a,1777539091629,1777539091665,202,35.594
803,exp-perf5000-000803-4699a071,1777539091630,1777539091664,202,34.814
804,exp-perf5000-000804-b91a33ca,1777539091630,1777539091665,202,35.369
805,exp-perf5000-000805-6d016201,1777539091630,1777539091665,202,34.980
806,exp-perf5000-000806-bf92a14f,1777539091631,1777539091666,202,35.194
807,exp-perf5000-000807-7c80947c,1777539091631,1777539091666,202,35.103
808,exp-perf5000-000808-ada72b6d,1777539091631,1777539091667,202,35.888
809,exp-perf5000-000809-5f76a410,1777539091632,1777539091667,202,35.349
810,exp-perf5000-000810-aaf8178e,1777539091632,1777539091668,202,35.695
811,exp-perf5000-000811-d9db9569,1777539091632,1777539091667,202,35.205
812,exp-perf5000-000812-469f7dd4,1777539091633,1777539091668,202,35.167
813,exp-perf5000-000813-bef6286e,1777539091633,1777539091668,202,35.198
814,exp-perf5000-000814-6c95d061,1777539091633,1777539091669,202,35.355
815,exp-perf5000-000815-1f8e4606,1777539091634,1777539091669,202,35.171
816,exp-perf5000-000816-507d4b14,1777539091634,1777539091669,202,35.218
817,exp-perf5000-000817-9ef275ec,1777539091634,1777539091669,202,35.241
818,exp-perf5000-000818-a46ad8fd,1777539091635,1777539091670,202,35.143
819,exp-perf5000-000819-60de2b96,1777539091635,1777539091670,202,35.014
820,exp-perf5000-000820-31fda00c,1777539091636,1777539091671,202,35.177
821,exp-perf5000-000821-9e96cae5,1777539091636,1777539091671,202,35.233
822,exp-perf5000-000822-6a182d92,1777539091636,1777539091671,202,35.208
823,exp-perf5000-000823-886e7504,1777539091636,1777539091671,202,35.126
824,exp-perf5000-000824-686a46b7,1777539091637,1777539091672,202,35.201
825,exp-perf5000-000825-817a87dc,1777539091637,1777539091672,202,35.009
826,exp-perf5000-000826-4b3ffd30,1777539091637,1777539091673,202,35.098
827,exp-perf5000-000827-56ee6a53,1777539091638,1777539091673,202,35.215
828,exp-perf5000-000828-00ccbc4f,1777539091638,1777539091673,202,35.047
829,exp-perf5000-000829-2107c9c6,1777539091638,1777539091674,202,35.194
830,exp-perf5000-000830-034b45c5,1777539091639,1777539091674,202,35.068
831,exp-perf5000-000831-222a6828,1777539091639,1777539091674,202,35.152
832,exp-perf5000-000832-e77c47ab,1777539091640,1777539091675,202,35.057
833,exp-perf5000-000833-43f85082,1777539091640,1777539091675,202,35.063
834,exp-perf5000-000834-7592a259,1777539091640,1777539091675,202,34.996
835,exp-perf5000-000835-ddcc6091,1777539091640,1777539091676,202,35.168
836,exp-perf5000-000836-ff44feb2,1777539091641,1777539091676,202,34.944
837,exp-perf5000-000837-8450a173,1777539091641,1777539091676,202,35.129
838,exp-perf5000-000838-08c8cbd3,1777539091642,1777539091677,202,35.299
839,exp-perf5000-000839-950f3f2f,1777539091642,1777539091677,202,34.538
840,exp-perf5000-000840-1e597a93,1777539091642,1777539091677,202,34.880
841,exp-perf5000-000841-20ab9f86,1777539091643,1777539091678,202,34.864
842,exp-perf5000-000842-62316562,1777539091643,1777539091678,202,34.600
843,exp-perf5000-000843-492989eb,1777539091643,1777539091678,202,34.905
844,exp-perf5000-000844-9319e321,1777539091644,1777539091679,202,34.762
845,exp-perf5000-000845-030d86d7,1777539091644,1777539091679,202,34.847
846,exp-perf5000-000846-993b5ce7,1777539091645,1777539091679,202,34.748
847,exp-perf5000-000847-da4a2334,1777539091645,1777539091680,202,35.014
848,exp-perf5000-000848-f8c3da47,1777539091645,1777539091680,202,34.899
849,exp-perf5000-000849-402eb07a,1777539091645,1777539091681,202,35.117
850,exp-perf5000-000850-f3c49acc,1777539091646,1777539091681,202,34.980
851,exp-perf5000-000851-b6921d4c,1777539091646,1777539091681,202,35.075
852,exp-perf5000-000852-c162f408,1777539091647,1777539091682,202,35.244
853,exp-perf5000-000853-e24f68b6,1777539091647,1777539091681,202,34.661
854,exp-perf5000-000854-132b0ccb,1777539091647,1777539091682,202,35.058
855,exp-perf5000-000855-bf3e9cf9,1777539091647,1777539091682,202,34.949
856,exp-perf5000-000856-0918bf59,1777539091648,1777539091683,202,34.909
857,exp-perf5000-000857-94f151b4,1777539091648,1777539091683,202,34.977
858,exp-perf5000-000858-1b96ceee,1777539091648,1777539091683,202,35.000
859,exp-perf5000-000859-8b874cb5,1777539091649,1777539091684,202,34.797
860,exp-perf5000-000860-638fe5d4,1777539091649,1777539091684,202,34.887
861,exp-perf5000-000861-297f0e0c,1777539091650,1777539091684,202,34.848
862,exp-perf5000-000862-4c2c56ae,1777539091650,1777539091685,202,34.974
863,exp-perf5000-000863-bab658f6,1777539091650,1777539091685,202,34.779
864,exp-perf5000-000864-c4560075,1777539091651,1777539091686,202,34.811
865,exp-perf5000-000865-9a5ecb70,1777539091651,1777539091686,202,34.560
866,exp-perf5000-000866-a4a17acc,1777539091652,1777539091686,202,34.654
867,exp-perf5000-000867-7fcec495,1777539091652,1777539091686,202,34.322
868,exp-perf5000-000868-15b595d4,1777539091652,1777539091687,202,34.465
869,exp-perf5000-000869-1cffd7f9,1777539091653,1777539091687,202,34.248
870,exp-perf5000-000870-f0adc629,1777539091653,1777539091687,202,34.433
871,exp-perf5000-000871-ba5d1953,1777539091654,1777539091688,202,34.218
872,exp-perf5000-000872-bf19a55e,1777539091654,1777539091688,202,34.374
873,exp-perf5000-000873-c98e2ef3,1777539091654,1777539091688,202,34.200
874,exp-perf5000-000874-d92c35a4,1777539091654,1777539091689,202,34.399
875,exp-perf5000-000875-bb0b7576,1777539091655,1777539091689,202,33.979
876,exp-perf5000-000876-257a86cc,1777539091655,1777539091689,202,34.083
877,exp-perf5000-000877-fffac347,1777539091656,1777539091690,202,34.091
878,exp-perf5000-000878-d167b385,1777539091656,1777539091690,202,34.157
879,exp-perf5000-000879-a8102654,1777539091656,1777539091690,202,34.126
880,exp-perf5000-000880-5d4e2013,1777539091657,1777539091691,202,34.346
881,exp-perf5000-000881-b99c735b,1777539091657,1777539091691,202,34.138
882,exp-perf5000-000882-4a57f1ca,1777539091657,1777539091691,202,34.215
883,exp-perf5000-000883-a613dfb5,1777539091658,1777539091692,202,34.077
884,exp-perf5000-000884-875aa467,1777539091658,1777539091692,202,33.908
885,exp-perf5000-000885-8fc1a2cf,1777539091658,1777539091692,202,34.107
886,exp-perf5000-000886-56712750,1777539091659,1777539091693,202,34.340
887,exp-perf5000-000887-97dbb81c,1777539091659,1777539091693,202,34.130
888,exp-perf5000-000888-d6cdcb73,1777539091659,1777539091694,202,34.586
889,exp-perf5000-000889-a2200b3a,1777539091660,1777539091694,202,34.522
890,exp-perf5000-000890-9011d52b,1777539091660,1777539091694,202,34.447
891,exp-perf5000-000891-d1d8abd2,1777539091660,1777539091695,202,34.380
892,exp-perf5000-000892-e2cc6664,1777539091661,1777539091695,202,34.537
893,exp-perf5000-000893-f9a783b0,1777539091661,1777539091695,202,34.383
894,exp-perf5000-000894-3cb1fa53,1777539091661,1777539091696,202,34.646
895,exp-perf5000-000895-ddceb521,1777539091662,1777539091696,202,34.498
896,exp-perf5000-000896-d6352381,1777539091662,1777539091697,202,34.714
897,exp-perf5000-000897-261ac960,1777539091662,1777539091697,202,34.385
898,exp-perf5000-000898-032487d3,1777539091663,1777539091698,202,34.882
899,exp-perf5000-000899-365a3145,1777539091663,1777539091697,202,34.446
900,exp-perf5000-000900-e1ead2d7,1777539091663,1777539091698,202,34.680
901,exp-perf5000-000901-766a93f4,1777539091664,1777539091698,202,34.451
902,exp-perf5000-000902-b4fe0f5f,1777539091665,1777539091699,202,34.632
903,exp-perf5000-000903-4d4451f4,1777539091665,1777539091699,202,33.970
904,exp-perf5000-000904-cd883a54,1777539091665,1777539091700,202,34.441
905,exp-perf5000-000905-cd31a52b,1777539091665,1777539091700,202,34.244
906,exp-perf5000-000906-3792ba29,1777539091666,1777539091700,202,34.181
907,exp-perf5000-000907-62b10efe,1777539091666,1777539091700,202,33.900
908,exp-perf5000-000908-1f4f8204,1777539091667,1777539091701,202,33.613
909,exp-perf5000-000909-1b6a4591,1777539091667,1777539091701,202,33.455
910,exp-perf5000-000910-bd864246,1777539091668,1777539091701,202,33.927
911,exp-perf5000-000911-abe2f7c1,1777539091668,1777539091701,202,33.609
912,exp-perf5000-000912-bc1c071c,1777539091668,1777539091702,202,33.756
913,exp-perf5000-000913-1b70c39e,1777539091668,1777539091702,202,33.774
914,exp-perf5000-000914-2effbf59,1777539091669,1777539091703,202,33.747
915,exp-perf5000-000915-51bb683b,1777539091669,1777539091703,202,33.797
916,exp-perf5000-000916-ce6cee48,1777539091669,1777539091703,202,33.673
917,exp-perf5000-000917-84cbb13b,1777539091670,1777539091703,202,33.796
918,exp-perf5000-000918-240c0446,1777539091670,1777539091704,202,33.907
919,exp-perf5000-000919-44e7de34,1777539091670,1777539091704,202,33.863
920,exp-perf5000-000920-f219f88e,1777539091671,1777539091705,202,33.820
921,exp-perf5000-000921-a0b39240,1777539091671,1777539091705,202,33.909
922,exp-perf5000-000922-fa0274f9,1777539091671,1777539091705,202,33.848
923,exp-perf5000-000923-a37b3cc3,1777539091671,1777539091705,202,33.985
924,exp-perf5000-000924-b6efc383,1777539091672,1777539091706,202,33.910
925,exp-perf5000-000925-d9ac2ff0,1777539091672,1777539091706,202,33.857
926,exp-perf5000-000926-2544b189,1777539091673,1777539091707,202,33.915
927,exp-perf5000-000927-bdd14ed1,1777539091673,1777539091707,202,33.831
928,exp-perf5000-000928-d3486b91,1777539091673,1777539091707,202,34.035
929,exp-perf5000-000929-49b80f18,1777539091674,1777539091707,202,33.725
930,exp-perf5000-000930-c32d4d90,1777539091674,1777539091708,202,34.038
931,exp-perf5000-000931-e45ec281,1777539091674,1777539091708,202,33.607
932,exp-perf5000-000932-ae5a94a9,1777539091675,1777539091709,202,33.878
933,exp-perf5000-000933-a05461ad,1777539091675,1777539091709,202,33.680
934,exp-perf5000-000934-204cc5e1,1777539091675,1777539091709,202,34.060
935,exp-perf5000-000935-ebf521ff,1777539091676,1777539091709,202,33.752
936,exp-perf5000-000936-b0540766,1777539091676,1777539091710,202,33.890
937,exp-perf5000-000937-9d828a49,1777539091676,1777539091710,202,33.482
938,exp-perf5000-000938-7f587752,1777539091677,1777539091711,202,33.948
939,exp-perf5000-000939-72943ac2,1777539091677,1777539091711,202,33.416
940,exp-perf5000-000940-f8350a1b,1777539091677,1777539091711,202,33.893
941,exp-perf5000-000941-9dd3649b,1777539091678,1777539091711,202,33.296
942,exp-perf5000-000942-939bcb20,1777539091678,1777539091712,202,34.154
943,exp-perf5000-000943-4002699d,1777539091678,1777539091712,202,33.739
944,exp-perf5000-000944-f5678a0c,1777539091679,1777539091713,202,34.178
945,exp-perf5000-000945-d8897652,1777539091679,1777539091713,202,33.899
946,exp-perf5000-000946-4a7c3971,1777539091679,1777539091713,202,34.045
947,exp-perf5000-000947-511556ef,1777539091680,1777539091713,202,33.519
948,exp-perf5000-000948-9b9cd93b,1777539091680,1777539091714,202,34.112
949,exp-perf5000-000949-cc43b434,1777539091681,1777539091714,202,33.503
950,exp-perf5000-000950-c52b8bd3,1777539091681,1777539091715,202,34.029
951,exp-perf5000-000951-f4b50a84,1777539091681,1777539091715,202,33.873
952,exp-perf5000-000952-3c2e45d2,1777539091681,1777539091716,202,34.279
953,exp-perf5000-000953-4e013a0d,1777539091682,1777539091716,202,33.669
954,exp-perf5000-000954-c5a8b101,1777539091682,1777539091716,202,34.116
955,exp-perf5000-000955-5832c3f9,1777539091682,1777539091716,202,33.858
956,exp-perf5000-000956-21b5079e,1777539091683,1777539091717,202,34.244
957,exp-perf5000-000957-dcb22d95,1777539091683,1777539091717,202,33.806
958,exp-perf5000-000958-4cf8e233,1777539091683,1777539091718,202,34.188
959,exp-perf5000-000959-739c5b02,1777539091684,1777539091718,202,33.836
960,exp-perf5000-000960-42ee71fe,1777539091684,1777539091718,202,34.142
961,exp-perf5000-000961-65f88abd,1777539091685,1777539091718,202,33.750
962,exp-perf5000-000962-c23f03c7,1777539091685,1777539091719,202,33.976
963,exp-perf5000-000963-5041e4d2,1777539091685,1777539091719,202,33.693
964,exp-perf5000-000964-3f879b05,1777539091686,1777539091720,202,33.974
965,exp-perf5000-000965-f99aedd0,1777539091686,1777539091720,202,33.604
966,exp-perf5000-000966-4dfdaa2b,1777539091686,1777539091720,202,34.030
967,exp-perf5000-000967-bea46c4a,1777539091687,1777539091720,202,33.733
968,exp-perf5000-000968-88644739,1777539091687,1777539091722,202,34.739
969,exp-perf5000-000969-ee935b23,1777539091687,1777539091722,202,34.370
970,exp-perf5000-000970-9dfe0e83,1777539091687,1777539091722,202,34.729
971,exp-perf5000-000971-849cdbb7,1777539091688,1777539091722,202,34.219
972,exp-perf5000-000972-adbee981,1777539091688,1777539091722,202,34.318
973,exp-perf5000-000973-3f448c95,1777539091688,1777539091723,202,34.292
974,exp-perf5000-000974-6e72f52a,1777539091689,1777539091723,202,34.366
975,exp-perf5000-000975-3e512cfe,1777539091689,1777539091723,202,34.207
976,exp-perf5000-000976-3628aba6,1777539091689,1777539091724,202,34.733
977,exp-perf5000-000977-5c255a9d,1777539091690,1777539091724,202,34.312
978,exp-perf5000-000978-dd518f3b,1777539091690,1777539091725,202,35.000
979,exp-perf5000-000979-205fdf03,1777539091690,1777539091725,202,34.423
980,exp-perf5000-000980-993dbf66,1777539091691,1777539091725,202,34.566
981,exp-perf5000-000981-4904842d,1777539091691,1777539091726,202,34.657
982,exp-perf5000-000982-7564483a,1777539091691,1777539091726,202,34.745
983,exp-perf5000-000983-b9113931,1777539091692,1777539091727,202,34.729
984,exp-perf5000-000984-7e120941,1777539091692,1777539091729,202,36.423
985,exp-perf5000-000985-7dd07321,1777539091692,1777539091727,202,34.675
986,exp-perf5000-000986-a26cbd2d,1777539091693,1777539091728,202,35.460
987,exp-perf5000-000987-75b93bb6,1777539091693,1777539091728,202,34.653
988,exp-perf5000-000988-85eba310,1777539091694,1777539091728,202,34.517
989,exp-perf5000-000989-8e59c6e5,1777539091694,1777539091729,202,34.526
990,exp-perf5000-000990-747a5162,1777539091694,1777539091729,202,34.743
991,exp-perf5000-000991-1ec99072,1777539091695,1777539091729,202,34.591
992,exp-perf5000-000992-7e0b4644,1777539091695,1777539091730,202,34.597
993,exp-perf5000-000993-86bfa2cd,1777539091695,1777539091730,202,34.567
994,exp-perf5000-000994-6e52c97b,1777539091696,1777539091731,202,34.653
995,exp-perf5000-000995-d5c785f2,1777539091696,1777539091730,202,34.277
996,exp-perf5000-000996-8fb3ed84,1777539091697,1777539091731,202,34.369
997,exp-perf5000-000997-f5b088fe,1777539091697,1777539091731,202,34.399
998,exp-perf5000-000998-0869a6e4,1777539091698,1777539091732,202,34.421
999,exp-perf5000-000999-49766581,1777539091698,1777539091732,202,34.420
1000,exp-perf5000-001000-aef508b3,1777539091698,1777539091733,202,34.783
1001,exp-perf5000-001001-5d6f65ab,1777539091698,1777539091733,202,34.577
1002,exp-perf5000-001002-6d788483,1777539091699,1777539091734,202,34.674
1003,exp-perf5000-001003-7bdb2da5,1777539091699,1777539091733,202,34.222
1004,exp-perf5000-001004-0bd82465,1777539091700,1777539091734,202,34.779
1005,exp-perf5000-001005-c7977851,1777539091700,1777539091735,202,34.968
1006,exp-perf5000-001006-ad700316,1777539091700,1777539091735,202,35.202
1007,exp-perf5000-001007-219f21a9,1777539091700,1777539091735,202,34.786
1008,exp-perf5000-001008-2936ff1b,1777539091701,1777539091736,202,34.863
1009,exp-perf5000-001009-ef3a4b41,1777539091701,1777539091736,202,34.933
1010,exp-perf5000-001010-8a33eff2,1777539091701,1777539091736,202,34.763
1011,exp-perf5000-001011-d8a32384,1777539091702,1777539091736,202,34.786
1012,exp-perf5000-001012-d08a6636,1777539091702,1777539091737,202,35.151
1013,exp-perf5000-001013-d0cdbe83,1777539091702,1777539091737,202,34.808
1014,exp-perf5000-001014-4a1ffb07,1777539091703,1777539091738,202,35.185
1015,exp-perf5000-001015-3fff422a,1777539091703,1777539091737,202,34.696
1016,exp-perf5000-001016-d433182b,1777539091703,1777539091738,202,35.209
1017,exp-perf5000-001017-1c772f0f,1777539091703,1777539091738,202,34.865
1018,exp-perf5000-001018-b90ea181,1777539091704,1777539091739,202,35.045
1019,exp-perf5000-001019-51091358,1777539091704,1777539091739,202,34.962
1020,exp-perf5000-001020-026989bd,1777539091705,1777539091740,202,35.057
1021,exp-perf5000-001021-bbe6dcf1,1777539091705,1777539091740,202,34.939
1022,exp-perf5000-001022-e3f52116,1777539091705,1777539091740,202,35.095
1023,exp-perf5000-001023-611bf113,1777539091705,1777539091741,202,35.083
1024,exp-perf5000-001024-46a5de66,1777539091706,1777539091741,202,35.109
1025,exp-perf5000-001025-4c898113,1777539091706,1777539091741,202,35.264
1026,exp-perf5000-001026-250f3f0b,1777539091707,1777539091742,202,35.046
1027,exp-perf5000-001027-347b39c8,1777539091707,1777539091742,202,35.142
1028,exp-perf5000-001028-b876f79c,1777539091707,1777539091742,202,34.989
1029,exp-perf5000-001029-79868ba0,1777539091707,1777539091743,202,35.158
1030,exp-perf5000-001030-edfb6b1f,1777539091708,1777539091743,202,35.561
1031,exp-perf5000-001031-f77c9f27,1777539091708,1777539091743,202,35.082
1032,exp-perf5000-001032-88e20398,1777539091709,1777539091744,202,35.104
1033,exp-perf5000-001033-cbfb6fac,1777539091709,1777539091744,202,35.325
1034,exp-perf5000-001034-02c04436,1777539091709,1777539091744,202,34.953
1035,exp-perf5000-001035-2d913b1f,1777539091709,1777539091745,202,35.454
1036,exp-perf5000-001036-c1c2684c,1777539091710,1777539091745,202,35.199
1037,exp-perf5000-001037-e4a63daf,1777539091710,1777539091745,202,35.406
1038,exp-perf5000-001038-2bab2178,1777539091711,1777539091746,202,35.342
1039,exp-perf5000-001039-c59eb04b,1777539091711,1777539091746,202,35.032
1040,exp-perf5000-001040-625b77c1,1777539091711,1777539091747,202,35.597
1041,exp-perf5000-001041-c7089050,1777539091711,1777539091746,202,35.000
1042,exp-perf5000-001042-cdf30b5b,1777539091712,1777539091747,202,34.702
1043,exp-perf5000-001043-6f73a19c,1777539091712,1777539091747,202,35.089
1044,exp-perf5000-001044-fc4d0956,1777539091713,1777539091748,202,34.699
1045,exp-perf5000-001045-75a8ddd3,1777539091713,1777539091748,202,35.034
1046,exp-perf5000-001046-ea756f2e,1777539091713,1777539091748,202,34.837
1047,exp-perf5000-001047-15030c7b,1777539091714,1777539091749,202,35.258
1048,exp-perf5000-001048-79af2576,1777539091714,1777539091750,202,35.520
1049,exp-perf5000-001049-5dc7fcd6,1777539091714,1777539091749,202,34.672
1050,exp-perf5000-001050-e564fcd8,1777539091715,1777539091749,202,34.572
1051,exp-perf5000-001051-1e874306,1777539091715,1777539091750,202,35.271
1052,exp-perf5000-001052-b9140846,1777539091716,1777539091751,202,35.852
1053,exp-perf5000-001053-a2281e2d,1777539091716,1777539091750,202,34.409
1054,exp-perf5000-001054-55155020,1777539091716,1777539091751,202,34.553
1055,exp-perf5000-001055-67322bd3,1777539091716,1777539091752,202,36.001
1056,exp-perf5000-001056-03d3567c,1777539091717,1777539091753,202,35.959
1057,exp-perf5000-001057-b3e6e1cc,1777539091717,1777539091752,202,35.250
1058,exp-perf5000-001058-79083b0b,1777539091718,1777539091754,202,35.926
1059,exp-perf5000-001059-9f9e7e5a,1777539091718,1777539091753,202,35.023
1060,exp-perf5000-001060-05de2e7f,1777539091718,1777539091755,202,36.212
1061,exp-perf5000-001061-eaa7216f,1777539091718,1777539091753,202,34.985
1062,exp-perf5000-001062-56e023f0,1777539091719,1777539091756,202,36.504
1063,exp-perf5000-001063-4ba5e9e2,1777539091719,1777539091754,202,35.011
1064,exp-perf5000-001064-215440b3,1777539091720,1777539091756,202,36.696
1065,exp-perf5000-001065-595a5bc6,1777539091720,1777539091755,202,35.333
1066,exp-perf5000-001066-589caf07,1777539091720,1777539091757,202,36.895
1067,exp-perf5000-001067-9bfa0fa8,1777539091720,1777539091755,202,35.119
1068,exp-perf5000-001068-88c253f8,1777539091722,1777539091758,202,36.316
1069,exp-perf5000-001069-e738b79c,1777539091722,1777539091756,202,34.707
1070,exp-perf5000-001070-8b2b4956,1777539091722,1777539091759,202,36.893
1071,exp-perf5000-001071-706ead6a,1777539091722,1777539091757,202,34.987
1072,exp-perf5000-001072-b6cdcfb2,1777539091723,1777539091758,202,35.380
1073,exp-perf5000-001073-eee0c57b,1777539091723,1777539091760,202,36.922
1074,exp-perf5000-001074-c95c9f45,1777539091723,1777539091759,202,35.586
1075,exp-perf5000-001075-135a2f87,1777539091723,1777539091760,202,36.893
1076,exp-perf5000-001076-b1e557e8,1777539091724,1777539091761,202,36.957
1077,exp-perf5000-001077-fc829a15,1777539091724,1777539091759,202,35.170
1078,exp-perf5000-001078-63ca3549,1777539091725,1777539091762,202,37.291
1079,exp-perf5000-001079-4f0ab783,1777539091725,1777539091760,202,35.303
1080,exp-perf5000-001080-d83b1211,1777539091726,1777539091761,202,35.792
1081,exp-perf5000-001081-c45b4df4,1777539091726,1777539091763,202,36.723
1082,exp-perf5000-001082-6486e81b,1777539091726,1777539091762,202,35.732
1083,exp-perf5000-001083-8a5ab0b0,1777539091727,1777539091763,202,36.616
1084,exp-perf5000-001084-34adc1d8,1777539091727,1777539091764,202,36.761
1085,exp-perf5000-001085-11ca4a30,1777539091728,1777539091765,202,36.747
1086,exp-perf5000-001086-0e35987c,1777539091728,1777539091763,202,34.421
1087,exp-perf5000-001087-44f9b83c,1777539091729,1777539091764,202,35.055
1088,exp-perf5000-001088-1c2a9218,1777539091729,1777539091764,202,35.765
1089,exp-perf5000-001089-cc0d72be,1777539091729,1777539091765,202,36.656
1090,exp-perf5000-001090-0bbbc36b,1777539091729,1777539091765,202,35.976
1091,exp-perf5000-001091-1728d26c,1777539091729,1777539091766,202,36.906
1092,exp-perf5000-001092-f475247d,1777539091730,1777539091766,202,36.150
1093,exp-perf5000-001093-1cf89edc,1777539091730,1777539091767,202,36.940
1094,exp-perf5000-001094-aae161f9,1777539091731,1777539091768,202,37.074
1095,exp-perf5000-001095-25f6a039,1777539091731,1777539091767,202,36.010
1096,exp-perf5000-001096-e0689f17,1777539091731,1777539091768,202,36.959
1097,exp-perf5000-001097-ab2f2de4,1777539091731,1777539091767,202,36.109
1098,exp-perf5000-001098-4d3d3d66,1777539091732,1777539091769,202,36.867
1099,exp-perf5000-001099-038460ff,1777539091732,1777539091768,202,36.053
1100,exp-perf5000-001100-132b086a,1777539091733,1777539091770,202,36.661
1101,exp-perf5000-001101-2f070eaa,1777539091733,1777539091769,202,35.804
1102,exp-perf5000-001102-690a23ed,1777539091734,1777539091769,202,35.787
1103,exp-perf5000-001103-8f9b20d7,1777539091734,1777539091770,202,36.630
1104,exp-perf5000-001104-5298e3b3,1777539091734,1777539091771,202,36.375
1105,exp-perf5000-001105-621d7bbf,1777539091735,1777539091770,202,35.273
1106,exp-perf5000-001106-80e86b6d,1777539091735,1777539091772,202,36.466
1107,exp-perf5000-001107-7264bfca,1777539091735,1777539091771,202,35.679
1108,exp-perf5000-001108-4b9ceae3,1777539091736,1777539091772,202,36.027
1109,exp-perf5000-001109-35fccea7,1777539091736,1777539091772,202,36.361
1110,exp-perf5000-001110-78222dce,1777539091736,1777539091773,202,36.677
1111,exp-perf5000-001111-78771d39,1777539091736,1777539091772,202,35.864
1112,exp-perf5000-001112-30190f3b,1777539091737,1777539091773,202,36.550
1113,exp-perf5000-001113-78850228,1777539091737,1777539091773,202,36.003
1114,exp-perf5000-001114-1883ea24,1777539091738,1777539091774,202,36.590
1115,exp-perf5000-001115-b7ba270b,1777539091738,1777539091774,202,35.978
1116,exp-perf5000-001116-cdf97209,1777539091738,1777539091775,202,36.559
1117,exp-perf5000-001117-032dc3d3,1777539091738,1777539091774,202,36.023
1118,exp-perf5000-001118-2a6e9392,1777539091739,1777539091775,202,35.958
1119,exp-perf5000-001119-4b3ad364,1777539091739,1777539091776,202,36.271
1120,exp-perf5000-001120-809a458f,1777539091740,1777539091776,202,36.426
1121,exp-perf5000-001121-0b4092f7,1777539091740,1777539091776,202,35.943
1122,exp-perf5000-001122-e0991cf9,1777539091740,1777539091777,202,36.440
1123,exp-perf5000-001123-d4c89de6,1777539091741,1777539091776,202,35.878
1124,exp-perf5000-001124-af4b8978,1777539091741,1777539091777,202,36.043
1125,exp-perf5000-001125-fbb8d7fa,1777539091741,1777539091778,202,36.133
1126,exp-perf5000-001126-0d261acf,1777539091742,1777539091778,202,36.135
1127,exp-perf5000-001127-a4b7ad13,1777539091742,1777539091778,202,36.296
1128,exp-perf5000-001128-439cdad2,1777539091742,1777539091779,202,36.121
1129,exp-perf5000-001129-83fb09c0,1777539091743,1777539091779,202,36.332
1130,exp-perf5000-001130-51cfdcc2,1777539091743,1777539091779,202,36.208
1131,exp-perf5000-001131-2144a12f,1777539091743,1777539091780,202,36.134
1132,exp-perf5000-001132-8a35cb51,1777539091744,1777539091780,202,36.527
1133,exp-perf5000-001133-7d4d4239,1777539091744,1777539091780,202,36.383
1134,exp-perf5000-001134-a59fa6e4,1777539091744,1777539091781,202,36.707
1135,exp-perf5000-001135-d8598f8f,1777539091745,1777539091781,202,36.298
1136,exp-perf5000-001136-510fa626,1777539091745,1777539091782,202,36.858
1137,exp-perf5000-001137-3ce39552,1777539091745,1777539091782,202,36.947
1138,exp-perf5000-001138-f6365717,1777539091746,1777539091783,202,37.023
1139,exp-perf5000-001139-8dfaf5c1,1777539091746,1777539091783,202,36.701
1140,exp-perf5000-001140-e0f2f1d8,1777539091746,1777539091783,202,36.839
1141,exp-perf5000-001141-60624da8,1777539091747,1777539091783,202,36.337
1142,exp-perf5000-001142-9837db08,1777539091747,1777539091784,202,36.563
1143,exp-perf5000-001143-8a2d3866,1777539091747,1777539091784,202,36.196
1144,exp-perf5000-001144-4eb8e76f,1777539091748,1777539091784,202,36.674
1145,exp-perf5000-001145-c23023a4,1777539091748,1777539091784,202,36.159
1146,exp-perf5000-001146-fd28ed1f,1777539091748,1777539091785,202,36.656
1147,exp-perf5000-001147-6aece2ae,1777539091749,1777539091785,202,36.008
1148,exp-perf5000-001148-a9f1d429,1777539091749,1777539091786,202,36.677
1149,exp-perf5000-001149-f1e32227,1777539091750,1777539091786,202,36.838
1150,exp-perf5000-001150-de6d864d,1777539091750,1777539091786,202,35.924
1151,exp-perf5000-001151-216912f7,1777539091750,1777539091787,202,36.681
1152,exp-perf5000-001152-51a9bd0e,1777539091750,1777539091786,202,35.752
1153,exp-perf5000-001153-ebcc4f28,1777539091751,1777539091788,202,36.650
1154,exp-perf5000-001154-c6638742,1777539091751,1777539091787,202,35.479
1155,exp-perf5000-001155-59ec332d,1777539091752,1777539091789,202,36.130
1156,exp-perf5000-001156-1801e968,1777539091753,1777539091788,202,35.038
1157,exp-perf5000-001157-e01e284b,1777539091753,1777539091789,202,36.058
1158,exp-perf5000-001158-22c6dfae,1777539091753,1777539091789,202,35.478
1159,exp-perf5000-001159-1ee3d7af,1777539091753,1777539091789,202,35.895
1160,exp-perf5000-001160-8381ea25,1777539091754,1777539091789,202,35.343
1161,exp-perf5000-001161-8186f963,1777539091754,1777539091790,202,35.932
1162,exp-perf5000-001162-8aed4015,1777539091755,1777539091790,202,35.016
1163,exp-perf5000-001163-51cbe61f,1777539091755,1777539091791,202,35.800
1164,exp-perf5000-001164-06ad6321,1777539091755,1777539091791,202,36.002
1165,exp-perf5000-001165-42de888f,1777539091756,1777539091790,202,34.588
1166,exp-perf5000-001166-add257de,1777539091756,1777539091791,202,34.745
1167,exp-perf5000-001167-6876c19a,1777539091757,1777539091792,202,35.754
1168,exp-perf5000-001168-77b8f4fa,1777539091757,1777539091792,202,34.276
1169,exp-perf5000-001169-2bc211f6,1777539091757,1777539091793,202,35.574
1170,exp-perf5000-001170-09f65662,1777539091758,1777539091794,202,35.764
1171,exp-perf5000-001171-023c8312,1777539091758,1777539091793,202,34.564
1172,exp-perf5000-001172-fb9ba2a0,1777539091759,1777539091794,202,35.581
1173,exp-perf5000-001173-7c0bbeab,1777539091759,1777539091793,202,34.217
1174,exp-perf5000-001174-11cc1779,1777539091759,1777539091795,202,35.720
1175,exp-perf5000-001175-aec7b277,1777539091760,1777539091794,202,34.350
1176,exp-perf5000-001176-4c143eb0,1777539091760,1777539091795,202,34.669
1177,exp-perf5000-001177-f207e0e7,1777539091760,1777539091796,202,35.532
1178,exp-perf5000-001178-196a666a,1777539091761,1777539091796,202,34.419
1179,exp-perf5000-001179-843966f3,1777539091761,1777539091797,202,35.329
1180,exp-perf5000-001180-0e555e7b,1777539091762,1777539091797,202,35.364
1181,exp-perf5000-001181-9c160afe,1777539091762,1777539091796,202,33.946
1182,exp-perf5000-001182-bc28d02c,1777539091763,1777539091797,202,34.426
1183,exp-perf5000-001183-1624c119,1777539091763,1777539091798,202,35.292
1184,exp-perf5000-001184-d33af09c,1777539091763,1777539091799,202,35.388
1185,exp-perf5000-001185-9bab754d,1777539091764,1777539091799,202,35.506
1186,exp-perf5000-001186-30d9871e,1777539091764,1777539091799,202,34.566
1187,exp-perf5000-001187-efacc387,1777539091764,1777539091800,202,35.232
1188,exp-perf5000-001188-64d602d5,1777539091765,1777539091799,202,34.627
1189,exp-perf5000-001189-49b7de8f,1777539091765,1777539091800,202,35.250
1190,exp-perf5000-001190-59e4d6fa,1777539091765,1777539091800,202,34.607
1191,exp-perf5000-001191-38825a80,1777539091766,1777539091801,202,34.981
1192,exp-perf5000-001192-ee58e9fd,1777539091766,1777539091801,202,34.550
1193,exp-perf5000-001193-7fcbfcd0,1777539091767,1777539091802,202,35.037
1194,exp-perf5000-001194-420b4bdb,1777539091767,1777539091801,202,34.456
1195,exp-perf5000-001195-c15e29eb,1777539091767,1777539091806,202,38.390
1196,exp-perf5000-001196-e5bec47e,1777539091768,1777539091803,202,35.343
1197,exp-perf5000-001197-a61adbcf,1777539091768,1777539091806,202,37.651
1198,exp-perf5000-001198-01d01ed7,1777539091768,1777539091804,202,35.781
1199,exp-perf5000-001199-4dec620a,1777539091769,1777539091806,202,37.314
1200,exp-perf5000-001200-e211c1af,1777539091769,1777539091805,202,35.623
1201,exp-perf5000-001201-fa3ac9a0,1777539091769,1777539091806,202,36.735
1202,exp-perf5000-001202-488303ec,1777539091770,1777539091805,202,35.812
1203,exp-perf5000-001203-dad19871,1777539091770,1777539091806,202,36.017
1204,exp-perf5000-001204-4a98b433,1777539091770,1777539091807,202,36.259
1205,exp-perf5000-001205-7e8bde88,1777539091771,1777539091807,202,36.216
1206,exp-perf5000-001206-985112f9,1777539091771,1777539091806,202,35.344
1207,exp-perf5000-001207-60b6e8c5,1777539091772,1777539091808,202,36.326
1208,exp-perf5000-001208-f9193b53,1777539091772,1777539091807,202,35.175
1209,exp-perf5000-001209-d856ca00,1777539091772,1777539091808,202,36.236
1210,exp-perf5000-001210-5377a6e9,1777539091772,1777539091807,202,35.157
1211,exp-perf5000-001211-257c6a45,1777539091773,1777539091809,202,36.424
1212,exp-perf5000-001212-34e0e42f,1777539091773,1777539091808,202,34.964
1213,exp-perf5000-001213-389f1fe1,1777539091774,1777539091811,202,37.227
1214,exp-perf5000-001214-e2313d68,1777539091774,1777539091809,202,35.053
1215,exp-perf5000-001215-0ab0aa71,1777539091774,1777539091812,202,37.651
1216,exp-perf5000-001216-a9a39f64,1777539091774,1777539091810,202,35.375
1217,exp-perf5000-001217-80bbaebb,1777539091775,1777539091812,202,37.150
1218,exp-perf5000-001218-0c84dd01,1777539091775,1777539091812,202,36.711
1219,exp-perf5000-001219-40e7fce8,1777539091776,1777539091813,202,37.062
1220,exp-perf5000-001220-3a44aa98,1777539091776,1777539091812,202,36.091
1221,exp-perf5000-001221-dc4e6bb1,1777539091776,1777539091813,202,36.947
1222,exp-perf5000-001222-7cc1089d,1777539091776,1777539091813,202,36.040
1223,exp-perf5000-001223-6134e6e4,1777539091777,1777539091814,202,37.092
1224,exp-perf5000-001224-f414d0f4,1777539091777,1777539091813,202,35.820
1225,exp-perf5000-001225-d24e602b,1777539091778,1777539091815,202,37.086
1226,exp-perf5000-001226-01b4e1d4,1777539091778,1777539091814,202,35.732
1227,exp-perf5000-001227-0034c471,1777539091778,1777539091816,202,37.566
1228,exp-perf5000-001228-938d2b55,1777539091779,1777539091815,202,36.072
1229,exp-perf5000-001229-09d02056,1777539091779,1777539091817,202,37.839
1230,exp-perf5000-001230-fd7af04b,1777539091779,1777539091816,202,36.227
1231,exp-perf5000-001231-e1146330,1777539091780,1777539091817,202,37.359
1232,exp-perf5000-001232-3eec0e99,1777539091780,1777539091816,202,35.645
1233,exp-perf5000-001233-edb8a086,1777539091780,1777539091818,202,37.185
1234,exp-perf5000-001234-5483b5ed,1777539091781,1777539091817,202,35.595
1235,exp-perf5000-001235-b0ca6f1c,1777539091781,1777539091819,202,37.315
1236,exp-perf5000-001236-9a84633d,1777539091782,1777539091817,202,35.342
1237,exp-perf5000-001237-82ae440f,1777539091782,1777539091820,202,37.007
1238,exp-perf5000-001238-e8e2dfc3,1777539091783,1777539091820,202,37.618
1239,exp-perf5000-001239-1755bfc6,1777539091783,1777539091818,202,35.308
1240,exp-perf5000-001240-b91db2e6,1777539091783,1777539091819,202,35.678
1241,exp-perf5000-001241-ec6cc0e2,1777539091783,1777539091822,202,38.422
1242,exp-perf5000-001242-f3af019e,1777539091784,1777539091820,202,36.317
1243,exp-perf5000-001243-a0aba509,1777539091784,1777539091822,202,38.355
1244,exp-perf5000-001244-56d70d3d,1777539091784,1777539091823,202,38.373
1245,exp-perf5000-001245-4a4ff17e,1777539091784,1777539091821,202,36.842
1246,exp-perf5000-001246-9f6ff8fc,1777539091785,1777539091824,202,39.101
1247,exp-perf5000-001247-7db4c158,1777539091785,1777539091822,202,36.826
1248,exp-perf5000-001248-d32dba33,1777539091786,1777539091822,202,36.704
1249,exp-perf5000-001249-aa10424e,1777539091786,1777539091825,202,39.228
1250,exp-perf5000-001250-82a517ec,1777539091786,1777539091826,202,39.363
1251,exp-perf5000-001251-2695e9c3,1777539091786,1777539091823,202,36.735
1252,exp-perf5000-001252-1c9d0b2e,1777539091787,1777539091824,202,37.461
1253,exp-perf5000-001253-f587b8ad,1777539091787,1777539091827,202,39.667
1254,exp-perf5000-001254-8560e093,1777539091788,1777539091825,202,37.645
1255,exp-perf5000-001255-0bd25078,1777539091788,1777539091827,202,39.515
1256,exp-perf5000-001256-565fe512,1777539091789,1777539091828,202,39.646
1257,exp-perf5000-001257-4e496f67,1777539091789,1777539091826,202,37.335
1258,exp-perf5000-001258-0ab96606,1777539091789,1777539091826,202,37.578
1259,exp-perf5000-001259-06162a6a,1777539091789,1777539091829,202,39.676
1260,exp-perf5000-001260-bdb0bf8d,1777539091789,1777539091827,202,38.000
1261,exp-perf5000-001261-687fc73f,1777539091790,1777539091829,202,39.822
1262,exp-perf5000-001262-0420819b,1777539091790,1777539091828,202,37.720
1263,exp-perf5000-001263-0466fc8d,1777539091790,1777539091830,202,40.068
1264,exp-perf5000-001264-b1c2f825,1777539091791,1777539091828,202,37.517
1265,exp-perf5000-001265-0d09700a,1777539091791,1777539091831,202,39.635
1266,exp-perf5000-001266-aa1bde42,1777539091792,1777539091829,202,37.541
1267,exp-perf5000-001267-34bdf55c,1777539091792,1777539091832,202,39.943
1268,exp-perf5000-001268-3bddaa61,1777539091792,1777539091830,202,37.334
1269,exp-perf5000-001269-bd7fb562,1777539091793,1777539091832,202,39.633
1270,exp-perf5000-001270-495b5466,1777539091793,1777539091830,202,37.524
1271,exp-perf5000-001271-5db43d6a,1777539091793,1777539091833,202,39.627
1272,exp-perf5000-001272-2e1f07a7,1777539091794,1777539091831,202,37.324
1273,exp-perf5000-001273-9fab659c,1777539091794,1777539091834,202,39.569
1274,exp-perf5000-001274-3d8266e6,1777539091794,1777539091832,202,37.308
1275,exp-perf5000-001275-49d4d20e,1777539091795,1777539091834,202,39.275
1276,exp-perf5000-001276-396f46c3,1777539091795,1777539091832,202,37.095
1277,exp-perf5000-001277-2fc4fed8,1777539091796,1777539091835,202,39.403
1278,exp-perf5000-001278-225b13db,1777539091796,1777539091833,202,36.953
1279,exp-perf5000-001279-5b76e11d,1777539091796,1777539091836,202,39.553
1280,exp-perf5000-001280-0b798dd7,1777539091797,1777539091834,202,36.738
1281,exp-perf5000-001281-34158ab2,1777539091797,1777539091836,202,39.333
1282,exp-perf5000-001282-63a50f88,1777539091797,1777539091834,202,36.727
1283,exp-perf5000-001283-ec158de3,1777539091798,1777539091835,202,36.625
1284,exp-perf5000-001284-0b320b1c,1777539091799,1777539091838,202,39.219
1285,exp-perf5000-001285-0a02dcf4,1777539091799,1777539091837,202,38.588
1286,exp-perf5000-001286-20e6c341,1777539091799,1777539091836,202,36.479
1287,exp-perf5000-001287-0dfcdb6b,1777539091799,1777539091839,202,39.189
1288,exp-perf5000-001288-8bcc79e2,1777539091800,1777539091836,202,36.536
1289,exp-perf5000-001289-f9d5a956,1777539091800,1777539091839,202,39.231
1290,exp-perf5000-001290-62ca9f6c,1777539091801,1777539091837,202,36.423
1291,exp-perf5000-001291-4c2c605d,1777539091801,1777539091840,202,38.992
1292,exp-perf5000-001292-c092d091,1777539091801,1777539091838,202,36.485
1293,exp-perf5000-001293-5a8d6a25,1777539091801,1777539091840,202,39.018
1294,exp-perf5000-001294-4b39d419,1777539091802,1777539091838,202,36.329
1295,exp-perf5000-001295-83472b5b,1777539091803,1777539091841,202,38.129
1296,exp-perf5000-001296-d29a127a,1777539091804,1777539091842,202,37.656
1297,exp-perf5000-001297-3d630a76,1777539091805,1777539091843,202,37.957
1298,exp-perf5000-001298-2fd18f34,1777539091805,1777539091843,202,37.972
1299,exp-perf5000-001299-10131d8f,1777539091806,1777539091839,202,32.967
1300,exp-perf5000-001300-dd56cc6b,1777539091806,1777539091840,202,33.427
1301,exp-perf5000-001301-bb6d920d,1777539091806,1777539091840,202,33.874
1302,exp-perf5000-001302-7a79b894,1777539091806,1777539091841,202,34.597
1303,exp-perf5000-001303-6a7a138b,1777539091806,1777539091841,202,35.158
1304,exp-perf5000-001304-972efeb7,1777539091806,1777539091842,202,35.729
1305,exp-perf5000-001305-92a9cf69,1777539091807,1777539091844,202,37.489
1306,exp-perf5000-001306-937c0b33,1777539091807,1777539091843,202,35.908
1307,exp-perf5000-001307-fbc0272d,1777539091807,1777539091845,202,37.625
1308,exp-perf5000-001308-bee3ce1f,1777539091807,1777539091843,202,35.878
1309,exp-perf5000-001309-147c6051,1777539091808,1777539091846,202,37.635
1310,exp-perf5000-001310-eacae6cf,1777539091808,1777539091844,202,35.850
1311,exp-perf5000-001311-80a718fd,1777539091808,1777539091846,202,37.870
1312,exp-perf5000-001312-4fa7ea4c,1777539091809,1777539091845,202,35.740
1313,exp-perf5000-001313-8b43b95f,1777539091809,1777539091847,202,37.524
1314,exp-perf5000-001314-875b5325,1777539091810,1777539091845,202,35.513
1315,exp-perf5000-001315-c86a5b49,1777539091811,1777539091848,202,36.712
1316,exp-perf5000-001316-a9584655,1777539091812,1777539091849,202,37.226
1317,exp-perf5000-001317-64ccb3d0,1777539091812,1777539091847,202,34.828
1318,exp-perf5000-001318-bf47a81f,1777539091812,1777539091846,202,34.020
1319,exp-perf5000-001319-1d472f50,1777539091812,1777539091848,202,36.138
1320,exp-perf5000-001320-d8539650,1777539091813,1777539091847,202,34.765
1321,exp-perf5000-001321-02f685c1,1777539091813,1777539091850,202,37.194
1322,exp-perf5000-001322-8e402099,1777539091813,1777539091848,202,34.886
1323,exp-perf5000-001323-34405ad6,1777539091813,1777539091851,202,37.386
1324,exp-perf5000-001324-50422775,1777539091814,1777539091849,202,34.935
1325,exp-perf5000-001325-b5ce85e1,1777539091814,1777539091851,202,37.223
1326,exp-perf5000-001326-5f285a20,1777539091815,1777539091849,202,34.673
1327,exp-perf5000-001327-45840773,1777539091815,1777539091852,202,37.277
1328,exp-perf5000-001328-2ee9f35b,1777539091816,1777539091850,202,34.420
1329,exp-perf5000-001329-65ff17cb,1777539091816,1777539091853,202,36.859
1330,exp-perf5000-001330-dc68df24,1777539091816,1777539091851,202,34.803
1331,exp-perf5000-001331-e56e8a1b,1777539091817,1777539091851,202,34.559
1332,exp-perf5000-001332-5616f0dd,1777539091817,1777539091854,202,37.001
1333,exp-perf5000-001333-f01e9171,1777539091817,1777539091853,202,36.135
1334,exp-perf5000-001334-0dffb712,1777539091817,1777539091852,202,34.624
1335,exp-perf5000-001335-d1be3de1,1777539091818,1777539091855,202,36.978
1336,exp-perf5000-001336-32ed0adf,1777539091818,1777539091853,202,34.294
1337,exp-perf5000-001337-39942565,1777539091819,1777539091855,202,36.717
1338,exp-perf5000-001338-4efae586,1777539091819,1777539091853,202,34.384
1339,exp-perf5000-001339-1f269bbd,1777539091820,1777539091856,202,36.423
1340,exp-perf5000-001340-30be6223,1777539091820,1777539091854,202,34.032
1341,exp-perf5000-001341-071c02eb,1777539091820,1777539091857,202,36.188
1342,exp-perf5000-001342-34d85186,1777539091821,1777539091854,202,33.129
1343,exp-perf5000-001343-9ab63a4b,1777539091822,1777539091857,202,35.675
1344,exp-perf5000-001344-ccb69eec,1777539091822,1777539091855,202,33.309
1345,exp-perf5000-001345-a1b048e5,1777539091822,1777539091858,202,35.920
1346,exp-perf5000-001346-f14d8393,1777539091822,1777539091856,202,33.346
1347,exp-perf5000-001347-e78690d9,1777539091823,1777539091859,202,35.972
1348,exp-perf5000-001348-e87b875e,1777539091823,1777539091856,202,33.299
1349,exp-perf5000-001349-b5bc5bc0,1777539091824,1777539091859,202,35.303
1350,exp-perf5000-001350-9a95d244,1777539091824,1777539091857,202,32.729
1351,exp-perf5000-001351-bc36f88b,1777539091825,1777539091860,202,35.109
1352,exp-perf5000-001352-34794208,1777539091825,1777539091858,202,32.565
1353,exp-perf5000-001353-db239fa8,1777539091826,1777539091861,202,35.036
1354,exp-perf5000-001354-f12da036,1777539091826,1777539091858,202,32.408
1355,exp-perf5000-001355-7f9616fd,1777539091827,1777539091859,202,32.489
1356,exp-perf5000-001356-bea5212c,1777539091827,1777539091861,202,34.740
1357,exp-perf5000-001357-402a7432,1777539091827,1777539091862,202,34.766
1358,exp-perf5000-001358-45c0ab16,1777539091827,1777539091860,202,32.380
1359,exp-perf5000-001359-7f972f42,1777539091828,1777539091860,202,32.493
1360,exp-perf5000-001360-e212dadd,1777539091828,1777539091863,202,34.405
1361,exp-perf5000-001361-7d630d60,1777539091829,1777539091861,202,32.422
1362,exp-perf5000-001362-e57619ec,1777539091829,1777539091863,202,34.583
1363,exp-perf5000-001363-755095a5,1777539091829,1777539091862,202,32.563
1364,exp-perf5000-001364-a5821fd0,1777539091829,1777539091864,202,34.690
1365,exp-perf5000-001365-482d8de6,1777539091830,1777539091862,202,32.552
1366,exp-perf5000-001366-845d0988,1777539091830,1777539091865,202,34.365
1367,exp-perf5000-001367-0adca5f2,1777539091830,1777539091863,202,32.420
1368,exp-perf5000-001368-c462bb5b,1777539091831,1777539091865,202,34.472
1369,exp-perf5000-001369-76b32a6c,1777539091831,1777539091864,202,32.438
1370,exp-perf5000-001370-57afc6e3,1777539091832,1777539091866,202,34.516
1371,exp-perf5000-001371-090a474a,1777539091832,1777539091864,202,32.439
1372,exp-perf5000-001372-664f023d,1777539091832,1777539091867,202,34.486
1373,exp-perf5000-001373-5e111d52,1777539091832,1777539091865,202,32.470
1374,exp-perf5000-001374-6d843905,1777539091833,1777539091867,202,34.456
1375,exp-perf5000-001375-6531f58f,1777539091833,1777539091865,202,32.467
1376,exp-perf5000-001376-b380ff67,1777539091834,1777539091866,202,32.603
1377,exp-perf5000-001377-afef8dfa,1777539091834,1777539091868,202,34.393
1378,exp-perf5000-001378-dc3b6ace,1777539091834,1777539091867,202,32.570
1379,exp-perf5000-001379-b5adc767,1777539091834,1777539091869,202,34.435
1380,exp-perf5000-001380-95d79d41,1777539091835,1777539091868,202,32.550
1381,exp-perf5000-001381-51b06862,1777539091835,1777539091869,202,34.331
1382,exp-perf5000-001382-6f76709e,1777539091836,1777539091868,202,32.402
1383,exp-perf5000-001383-da0c3334,1777539091836,1777539091870,202,34.122
1384,exp-perf5000-001384-a744d3ed,1777539091836,1777539091869,202,32.575
1385,exp-perf5000-001385-f1660fba,1777539091836,1777539091871,202,34.193
1386,exp-perf5000-001386-f0019d00,1777539091837,1777539091870,202,32.602
1387,exp-perf5000-001387-561793bf,1777539091837,1777539091872,202,34.313
1388,exp-perf5000-001388-5b523f08,1777539091838,1777539091870,202,32.627
1389,exp-perf5000-001389-a9bed9db,1777539091838,1777539091872,202,34.586
1390,exp-perf5000-001390-0c46bbc3,1777539091838,1777539091871,202,33.037
1391,exp-perf5000-001391-b8c1d34a,1777539091839,1777539091873,202,34.296
1392,exp-perf5000-001392-16e380ce,1777539091839,1777539091872,202,32.702
1393,exp-perf5000-001393-28741c4e,1777539091839,1777539091873,202,34.138
1394,exp-perf5000-001394-9987ac63,1777539091840,1777539091872,202,32.889
1395,exp-perf5000-001395-3b371897,1777539091840,1777539091874,202,34.529
1396,exp-perf5000-001396-0249ebac,1777539091840,1777539091873,202,33.023
1397,exp-perf5000-001397-d31782a2,1777539091841,1777539091875,202,34.517
1398,exp-perf5000-001398-983d3d59,1777539091841,1777539091874,202,32.840
1399,exp-perf5000-001399-7d54eb9c,1777539091841,1777539091876,202,34.682
1400,exp-perf5000-001400-f224ae8c,1777539091841,1777539091875,202,33.222
1401,exp-perf5000-001401-34aaef87,1777539091842,1777539091877,202,35.069
1402,exp-perf5000-001402-232090d5,1777539091842,1777539091875,202,33.218
1403,exp-perf5000-001403-cb86760b,1777539091843,1777539091878,202,35.156
1404,exp-perf5000-001404-e92b15a7,1777539091843,1777539091876,202,33.322
1405,exp-perf5000-001405-09662a04,1777539091843,1777539091877,202,33.213
1406,exp-perf5000-001406-c1c0b058,1777539091844,1777539091878,202,34.967
1407,exp-perf5000-001407-3132a158,1777539091844,1777539091878,202,33.564
1408,exp-perf5000-001408-cdd22f70,1777539091844,1777539091879,202,35.119
1409,exp-perf5000-001409-5f842c0b,1777539091845,1777539091878,202,33.707
1410,exp-perf5000-001410-f87d74e9,1777539091845,1777539091880,202,35.027
1411,exp-perf5000-001411-ab2f79d1,1777539091845,1777539091879,202,33.676
1412,exp-perf5000-001412-35413de5,1777539091846,1777539091880,202,34.857
1413,exp-perf5000-001413-4e4709de,1777539091846,1777539091880,202,33.660
1414,exp-perf5000-001414-bc99d86d,1777539091846,1777539091881,202,34.956
1415,exp-perf5000-001415-4ec54f7a,1777539091847,1777539091880,202,33.540
1416,exp-perf5000-001416-32536f3f,1777539091847,1777539091882,202,35.013
1417,exp-perf5000-001417-3a7cce6b,1777539091847,1777539091881,202,33.760
1418,exp-perf5000-001418-42760282,1777539091848,1777539091883,202,35.218
1419,exp-perf5000-001419-ec3b32f6,1777539091848,1777539091882,202,33.944
1420,exp-perf5000-001420-f5077d76,1777539091848,1777539091883,202,35.134
1421,exp-perf5000-001421-550df7da,1777539091849,1777539091883,202,34.042
1422,exp-perf5000-001422-c461957a,1777539091849,1777539091884,202,35.015
1423,exp-perf5000-001423-7b1877c7,1777539091849,1777539091883,202,33.864
1424,exp-perf5000-001424-3ef70b12,1777539091850,1777539091885,202,34.944
1425,exp-perf5000-001425-2a96a881,1777539091850,1777539091884,202,33.843
1426,exp-perf5000-001426-cfa3bd1d,1777539091851,1777539091886,202,34.987
1427,exp-perf5000-001427-e85ee516,1777539091851,1777539091885,202,33.791
1428,exp-perf5000-001428-bfa5bd4d,1777539091851,1777539091886,202,35.026
1429,exp-perf5000-001429-3b74e314,1777539091851,1777539091885,202,33.819
1430,exp-perf5000-001430-811c23be,1777539091852,1777539091886,202,33.827
1431,exp-perf5000-001431-ac223667,1777539091852,1777539091887,202,34.846
1432,exp-perf5000-001432-324bcddf,1777539091853,1777539091887,202,33.994
1433,exp-perf5000-001433-3a88cf57,1777539091853,1777539091888,202,34.931
1434,exp-perf5000-001434-664df84f,1777539091853,1777539091888,202,35.114
1435,exp-perf5000-001435-2c073308,1777539091853,1777539091887,202,34.022
1436,exp-perf5000-001436-08c6eb1a,1777539091854,1777539091889,202,35.074
1437,exp-perf5000-001437-14414d27,1777539091854,1777539091888,202,33.795
1438,exp-perf5000-001438-55c4289e,1777539091855,1777539091889,202,34.143
1439,exp-perf5000-001439-eeaa38eb,1777539091855,1777539091890,202,35.097
1440,exp-perf5000-001440-21e4348a,1777539091855,1777539091889,202,34.078
1441,exp-perf5000-001441-4edc6497,1777539091855,1777539091891,202,35.201
1442,exp-perf5000-001442-5b4fcdb4,1777539091856,1777539091890,202,34.190
1443,exp-perf5000-001443-c2a4725b,1777539091856,1777539091891,202,35.114
1444,exp-perf5000-001444-59100dc9,1777539091857,1777539091891,202,34.091
1445,exp-perf5000-001445-ce17f696,1777539091857,1777539091892,202,35.444
1446,exp-perf5000-001446-1f9d39fd,1777539091857,1777539091891,202,34.050
1447,exp-perf5000-001447-2703d207,1777539091857,1777539091893,202,35.338
1448,exp-perf5000-001448-2a486e2c,1777539091858,1777539091892,202,34.239
1449,exp-perf5000-001449-f9449985,1777539091858,1777539091893,202,35.302
1450,exp-perf5000-001450-6cd8fcf5,1777539091858,1777539091893,202,34.542
1451,exp-perf5000-001451-79158c68,1777539091859,1777539091894,202,35.291
1452,exp-perf5000-001452-5430a6ac,1777539091859,1777539091894,202,34.510
1453,exp-perf5000-001453-a1d4b1a8,1777539091859,1777539091895,202,35.442
1454,exp-perf5000-001454-35949da6,1777539091860,1777539091894,202,34.296
1455,exp-perf5000-001455-38629c6f,1777539091860,1777539091895,202,35.184
1456,exp-perf5000-001456-fea27264,1777539091860,1777539091895,202,34.485
1457,exp-perf5000-001457-bfdb9a58,1777539091861,1777539091896,202,35.298
1458,exp-perf5000-001458-da5f7c8a,1777539091861,1777539091896,202,34.555
1459,exp-perf5000-001459-29505477,1777539091861,1777539091897,202,35.189
1460,exp-perf5000-001460-ea7122e2,1777539091862,1777539091896,202,34.458
1461,exp-perf5000-001461-128a748c,1777539091862,1777539091897,202,35.187
1462,exp-perf5000-001462-83d549b3,1777539091862,1777539091897,202,34.586
1463,exp-perf5000-001463-93b36aab,1777539091863,1777539091898,202,35.252
1464,exp-perf5000-001464-b7f20326,1777539091863,1777539091898,202,34.626
1465,exp-perf5000-001465-198643e4,1777539091863,1777539091899,202,35.247
1466,exp-perf5000-001466-c69b76cf,1777539091864,1777539091898,202,34.585
1467,exp-perf5000-001467-e119b95a,1777539091864,1777539091899,202,35.179
1468,exp-perf5000-001468-f8f89eff,1777539091864,1777539091899,202,34.583
1469,exp-perf5000-001469-5fa76f32,1777539091865,1777539091900,202,35.247
1470,exp-perf5000-001470-5bc4c47a,1777539091865,1777539091900,202,34.683
1471,exp-perf5000-001471-d4210aa8,1777539091865,1777539091901,202,35.583
1472,exp-perf5000-001472-b3d75123,1777539091866,1777539091900,202,34.711
1473,exp-perf5000-001473-9bbe6d2d,1777539091866,1777539091901,202,35.147
1474,exp-perf5000-001474-fcb87e52,1777539091866,1777539091901,202,34.881
1475,exp-perf5000-001475-4a70e8df,1777539091867,1777539091902,202,35.188
1476,exp-perf5000-001476-2a950479,1777539091867,1777539091901,202,34.627
1477,exp-perf5000-001477-2bcbb647,1777539091867,1777539091903,202,35.224
1478,exp-perf5000-001478-ef9196ab,1777539091868,1777539091902,202,34.597
1479,exp-perf5000-001479-c3f2e167,1777539091868,1777539091903,202,35.275
1480,exp-perf5000-001480-dbdd19f8,1777539091868,1777539091903,202,34.567
1481,exp-perf5000-001481-abcad44d,1777539091869,1777539091904,202,35.153
1482,exp-perf5000-001482-526c78b6,1777539091869,1777539091903,202,34.498
1483,exp-perf5000-001483-a0c91f15,1777539091869,1777539091905,202,35.210
1484,exp-perf5000-001484-d2afceb3,1777539091870,1777539091904,202,34.508
1485,exp-perf5000-001485-6da2838d,1777539091870,1777539091905,202,35.153
1486,exp-perf5000-001486-5ece1099,1777539091870,1777539091905,202,34.613
1487,exp-perf5000-001487-3d051123,1777539091871,1777539091906,202,35.173
1488,exp-perf5000-001488-5c6b4b84,1777539091871,1777539091905,202,34.077
1489,exp-perf5000-001489-e557afdc,1777539091872,1777539091907,202,34.855
1490,exp-perf5000-001490-a342b821,1777539091872,1777539091906,202,34.295
1491,exp-perf5000-001491-e79af383,1777539091873,1777539091907,202,34.244
1492,exp-perf5000-001492-2b694e8e,1777539091873,1777539091907,202,34.431
1493,exp-perf5000-001493-86c6836a,1777539091873,1777539091908,202,34.870
1494,exp-perf5000-001494-4dce3e44,1777539091873,1777539091907,202,34.296
1495,exp-perf5000-001495-488adb5d,1777539091874,1777539091908,202,34.901
1496,exp-perf5000-001496-833b5615,1777539091874,1777539091908,202,34.305
1497,exp-perf5000-001497-98066e5e,1777539091874,1777539091909,202,34.694
1498,exp-perf5000-001498-124861b3,1777539091875,1777539091909,202,34.016
1499,exp-perf5000-001499-f4447ee8,1777539091875,1777539091910,202,34.608
1500,exp-perf5000-001500-ffb58c9c,1777539091875,1777539091909,202,33.982
1501,exp-perf5000-001501-b974a295,1777539091876,1777539091910,202,34.388
1502,exp-perf5000-001502-050825af,1777539091876,1777539091910,202,33.802
1503,exp-perf5000-001503-65cc14fb,1777539091877,1777539091911,202,34.013
1504,exp-perf5000-001504-0ee33992,1777539091877,1777539091911,202,34.113
1505,exp-perf5000-001505-7df86908,1777539091878,1777539091911,202,33.746
1506,exp-perf5000-001506-88e3c319,1777539091878,1777539091912,202,33.896
1507,exp-perf5000-001507-da008f8b,1777539091878,1777539091912,202,33.605
1508,exp-perf5000-001508-d27d3511,1777539091879,1777539091912,202,33.834
1509,exp-perf5000-001509-0fed2e3b,1777539091879,1777539091913,202,33.517
1510,exp-perf5000-001510-08d0ed8e,1777539091879,1777539091913,202,33.635
1511,exp-perf5000-001511-46e3d527,1777539091880,1777539091913,202,33.540
1512,exp-perf5000-001512-4f27ded7,1777539091880,1777539091914,202,33.808
1513,exp-perf5000-001513-66bd8f84,1777539091880,1777539091914,202,33.712
1514,exp-perf5000-001514-3f8420eb,1777539091880,1777539091914,202,33.906
1515,exp-perf5000-001515-ba1adb74,1777539091881,1777539091915,202,33.612
1516,exp-perf5000-001516-d7615af1,1777539091881,1777539091915,202,33.726
1517,exp-perf5000-001517-14584422,1777539091882,1777539091915,202,33.481
1518,exp-perf5000-001518-0eee978e,1777539091882,1777539091916,202,33.712
1519,exp-perf5000-001519-18247128,1777539091883,1777539091916,202,33.345
1520,exp-perf5000-001520-cb4518f0,1777539091883,1777539091917,202,33.670
1521,exp-perf5000-001521-ae7e95a3,1777539091883,1777539091917,202,33.387
1522,exp-perf5000-001522-13058bf8,1777539091883,1777539091917,202,33.832
1523,exp-perf5000-001523-4ac7d4a3,1777539091884,1777539091917,202,33.383
1524,exp-perf5000-001524-d4125003,1777539091884,1777539091918,202,33.843
1525,exp-perf5000-001525-2fd95bb0,1777539091885,1777539091918,202,33.277
1526,exp-perf5000-001526-9fa0c7de,1777539091885,1777539091919,202,33.878
1527,exp-perf5000-001527-1441ccb3,1777539091885,1777539091919,202,33.561
1528,exp-perf5000-001528-02199041,1777539091886,1777539091919,202,33.805
1529,exp-perf5000-001529-8bd1592d,1777539091886,1777539091920,202,33.554
1530,exp-perf5000-001530-79b83b91,1777539091886,1777539091920,202,33.715
1531,exp-perf5000-001531-8355c71f,1777539091887,1777539091920,202,33.399
1532,exp-perf5000-001532-a77dce98,1777539091887,1777539091921,202,33.823
1533,exp-perf5000-001533-5cba0e2c,1777539091887,1777539091921,202,33.317
1534,exp-perf5000-001534-b1596519,1777539091888,1777539091921,202,33.717
1535,exp-perf5000-001535-c68ae886,1777539091888,1777539091921,202,33.432
1536,exp-perf5000-001536-2b30be28,1777539091888,1777539091922,202,33.711
1537,exp-perf5000-001537-7a56b7eb,1777539091889,1777539091922,202,33.728
1538,exp-perf5000-001538-02a1134c,1777539091889,1777539091923,202,33.792
1539,exp-perf5000-001539-97125dfa,1777539091889,1777539091923,202,33.393
1540,exp-perf5000-001540-9aa66626,1777539091890,1777539091923,202,33.579
1541,exp-perf5000-001541-e2f02bb5,1777539091890,1777539091923,202,33.228
1542,exp-perf5000-001542-201b1176,1777539091891,1777539091924,202,33.538
1543,exp-perf5000-001543-9c65de29,1777539091891,1777539091924,202,33.233
1544,exp-perf5000-001544-b9eb2800,1777539091891,1777539091925,202,33.752
1545,exp-perf5000-001545-52c80423,1777539091891,1777539091925,202,33.404
1546,exp-perf5000-001546-310a6428,1777539091892,1777539091925,202,33.189
1547,exp-perf5000-001547-d2215f72,1777539091892,1777539091925,202,33.301
1548,exp-perf5000-001548-b88d4ae0,1777539091893,1777539091926,202,33.341
1549,exp-perf5000-001549-c00d2c52,1777539091893,1777539091926,202,33.193
1550,exp-perf5000-001550-30f2dc55,1777539091893,1777539091927,202,33.439
1551,exp-perf5000-001551-e815b355,1777539091894,1777539091927,202,32.981
1552,exp-perf5000-001552-46552a93,1777539091894,1777539091928,202,33.659
1553,exp-perf5000-001553-2974cf5a,1777539091894,1777539091928,202,33.369
1554,exp-perf5000-001554-f88caade,1777539091895,1777539091929,202,33.726
1555,exp-perf5000-001555-421ad5d0,1777539091895,1777539091928,202,33.421
1556,exp-perf5000-001556-d902dd45,1777539091895,1777539091929,202,33.870
1557,exp-perf5000-001557-1a70c5c6,1777539091896,1777539091929,202,33.488
1558,exp-perf5000-001558-c023dfd5,1777539091896,1777539091930,202,33.984
1559,exp-perf5000-001559-ce5e96f4,1777539091896,1777539091930,202,33.658
1560,exp-perf5000-001560-109f0415,1777539091897,1777539091931,202,34.043
1561,exp-perf5000-001561-dec9e673,1777539091897,1777539091931,202,33.630
1562,exp-perf5000-001562-52a553e6,1777539091897,1777539091931,202,34.132
1563,exp-perf5000-001563-7e350517,1777539091898,1777539091931,202,33.569
1564,exp-perf5000-001564-ca7eb3c8,1777539091898,1777539091932,202,34.198
1565,exp-perf5000-001565-7fd99278,1777539091898,1777539091932,202,33.833
1566,exp-perf5000-001566-d2f09abf,1777539091899,1777539091933,202,34.221
1567,exp-perf5000-001567-da7d1141,1777539091899,1777539091933,202,33.694
1568,exp-perf5000-001568-f874c4ff,1777539091899,1777539091934,202,34.210
1569,exp-perf5000-001569-49f3c75c,1777539091900,1777539091933,202,33.738
1570,exp-perf5000-001570-f4877680,1777539091900,1777539091934,202,34.171
1571,exp-perf5000-001571-82fa3fdd,1777539091900,1777539091934,202,33.722
1572,exp-perf5000-001572-ca71421b,1777539091901,1777539091935,202,33.919
1573,exp-perf5000-001573-48fe4000,1777539091901,1777539091935,202,33.528
1574,exp-perf5000-001574-0b5c3757,1777539091901,1777539091936,202,34.297
1575,exp-perf5000-001575-628b5c6a,1777539091902,1777539091935,202,33.758
1576,exp-perf5000-001576-1bc68f9a,1777539091902,1777539091936,202,34.199
1577,exp-perf5000-001577-aefc942b,1777539091902,1777539091936,202,33.880
1578,exp-perf5000-001578-8d15cd53,1777539091903,1777539091937,202,34.144
1579,exp-perf5000-001579-c678b884,1777539091903,1777539091937,202,34.069
1580,exp-perf5000-001580-cdddbf55,1777539091903,1777539091938,202,34.206
1581,exp-perf5000-001581-3eba9659,1777539091903,1777539091938,202,34.218
1582,exp-perf5000-001582-2e477759,1777539091904,1777539091938,202,34.232
1583,exp-perf5000-001583-4f4ab11a,1777539091904,1777539091938,202,34.135
1584,exp-perf5000-001584-44fa2ff7,1777539091905,1777539091939,202,34.124
1585,exp-perf5000-001585-e7f0721d,1777539091905,1777539091939,202,34.092
1586,exp-perf5000-001586-e1bd9a4c,1777539091905,1777539091939,202,34.197
1587,exp-perf5000-001587-16754854,1777539091905,1777539091940,202,34.107
1588,exp-perf5000-001588-ea533fb6,1777539091906,1777539091940,202,34.233
1589,exp-perf5000-001589-02b0d443,1777539091906,1777539091940,202,34.108
1590,exp-perf5000-001590-97b7acf0,1777539091907,1777539091941,202,34.295
1591,exp-perf5000-001591-bb40c080,1777539091907,1777539091941,202,34.067
1592,exp-perf5000-001592-4589f7dc,1777539091907,1777539091941,202,34.293
1593,exp-perf5000-001593-fd4b6563,1777539091907,1777539091942,202,34.143
1594,exp-perf5000-001594-bfdd7761,1777539091908,1777539091942,202,34.295
1595,exp-perf5000-001595-22d0ba04,1777539091908,1777539091942,202,34.160
1596,exp-perf5000-001596-7c82aa13,1777539091908,1777539091943,202,34.313
1597,exp-perf5000-001597-db867652,1777539091909,1777539091943,202,34.086
1598,exp-perf5000-001598-f6dbc2b6,1777539091909,1777539091943,202,34.264
1599,exp-perf5000-001599-f12a3925,1777539091909,1777539091944,202,34.117
1600,exp-perf5000-001600-478fec6e,1777539091910,1777539091944,202,34.397
1601,exp-perf5000-001601-248b3c4f,1777539091910,1777539091944,202,34.283
1602,exp-perf5000-001602-ff41cef7,1777539091910,1777539091945,202,34.654
1603,exp-perf5000-001603-23d9186b,1777539091911,1777539091945,202,34.329
1604,exp-perf5000-001604-7edd7eff,1777539091911,1777539091946,202,34.720
1605,exp-perf5000-001605-03203dc5,1777539091911,1777539091946,202,34.315
1606,exp-perf5000-001606-798a1738,1777539091912,1777539091946,202,34.702
1607,exp-perf5000-001607-5600ceea,1777539091912,1777539091946,202,34.426
1608,exp-perf5000-001608-8b5ab01c,1777539091912,1777539091947,202,34.674
1609,exp-perf5000-001609-095a688d,1777539091913,1777539091947,202,34.467
1610,exp-perf5000-001610-00025a17,1777539091913,1777539091948,202,34.737
1611,exp-perf5000-001611-ee249fec,1777539091913,1777539091948,202,34.484
1612,exp-perf5000-001612-84a981f1,1777539091914,1777539091948,202,34.793
1613,exp-perf5000-001613-a91bfe3e,1777539091914,1777539091948,202,34.268
1614,exp-perf5000-001614-47f3b4ce,1777539091914,1777539091949,202,34.622
1615,exp-perf5000-001615-132f94d4,1777539091915,1777539091949,202,34.337
1616,exp-perf5000-001616-f0e37a01,1777539091915,1777539091950,202,34.629
1617,exp-perf5000-001617-30899621,1777539091915,1777539091950,202,34.258
1618,exp-perf5000-001618-4a4739fe,1777539091916,1777539091950,202,34.560
1619,exp-perf5000-001619-d36b9f33,1777539091916,1777539091950,202,34.203
1620,exp-perf5000-001620-67b64f34,1777539091917,1777539091951,202,34.533
1621,exp-perf5000-001621-03d1bee4,1777539091917,1777539091951,202,34.255
1622,exp-perf5000-001622-7a0d6f99,1777539091917,1777539091952,202,34.458
1623,exp-perf5000-001623-b71d1e56,1777539091917,1777539091951,202,34.088
1624,exp-perf5000-001624-0832cde5,1777539091918,1777539091952,202,34.236
1625,exp-perf5000-001625-ffbe51aa,1777539091918,1777539091952,202,34.254
1626,exp-perf5000-001626-480508ab,1777539091919,1777539091953,202,34.006
1627,exp-perf5000-001627-fe3a4be2,1777539091919,1777539091953,202,34.143
1628,exp-perf5000-001628-750349bc,1777539091920,1777539091954,202,34.083
1629,exp-perf5000-001629-78b37e7a,1777539091920,1777539091954,202,33.746
1630,exp-perf5000-001630-c581b144,1777539091920,1777539091954,202,34.354
1631,exp-perf5000-001631-ac168274,1777539091920,1777539091954,202,34.109
1632,exp-perf5000-001632-6dad108d,1777539091921,1777539091955,202,34.139
1633,exp-perf5000-001633-10e68192,1777539091921,1777539091955,202,34.271
1634,exp-perf5000-001634-0332844b,1777539091921,1777539091956,202,34.404
1635,exp-perf5000-001635-15ab7713,1777539091921,1777539091956,202,34.398
1636,exp-perf5000-001636-4694724b,1777539091922,1777539091957,202,34.341
1637,exp-perf5000-001637-8feebaba,1777539091922,1777539091956,202,33.914
1638,exp-perf5000-001638-e9d26abb,1777539091923,1777539091957,202,34.374
1639,exp-perf5000-001639-9e3aa2f9,1777539091923,1777539091957,202,34.451
1640,exp-perf5000-001640-ac3bcd4e,1777539091923,1777539091958,202,34.402
1641,exp-perf5000-001641-40ce4551,1777539091923,1777539091958,202,34.607
1642,exp-perf5000-001642-54a3ac98,1777539091924,1777539091959,202,34.679
1643,exp-perf5000-001643-e0c938bb,1777539091924,1777539091959,202,35.276
1644,exp-perf5000-001644-850ac5d1,1777539091925,1777539091959,202,34.579
1645,exp-perf5000-001645-139a127f,1777539091925,1777539091960,202,34.721
1646,exp-perf5000-001646-afb882b6,1777539091925,1777539091960,202,34.594
1647,exp-perf5000-001647-9a1de138,1777539091926,1777539091960,202,34.726
1648,exp-perf5000-001648-f8a45b13,1777539091926,1777539091961,202,34.788
1649,exp-perf5000-001649-a7b5899a,1777539091926,1777539091961,202,34.373
1650,exp-perf5000-001650-b9e365b6,1777539091927,1777539091961,202,34.808
1651,exp-perf5000-001651-8c1e64fc,1777539091927,1777539091962,202,34.875
1652,exp-perf5000-001652-94174323,1777539091928,1777539091962,202,34.738
1653,exp-perf5000-001653-0eb144da,1777539091928,1777539091962,202,34.725
1654,exp-perf5000-001654-983f727b,1777539091928,1777539091963,202,34.653
1655,exp-perf5000-001655-b236c338,1777539091929,1777539091963,202,34.685
1656,exp-perf5000-001656-6a27e226,1777539091929,1777539091964,202,34.575
1657,exp-perf5000-001657-cf0b15f9,1777539091929,1777539091964,202,34.590
1658,exp-perf5000-001658-9f9af00b,1777539091930,1777539091964,202,34.459
1659,exp-perf5000-001659-347dd9da,1777539091930,1777539091965,202,34.495
1660,exp-perf5000-001660-e70ea2cb,1777539091931,1777539091965,202,34.481
1661,exp-perf5000-001661-3d7bd925,1777539091931,1777539091965,202,34.460
1662,exp-perf5000-001662-b9233ff9,1777539091931,1777539091966,202,34.592
1663,exp-perf5000-001663-26689bf0,1777539091931,1777539091966,202,34.601
1664,exp-perf5000-001664-15766da2,1777539091932,1777539091967,202,34.472
1665,exp-perf5000-001665-7dd5c0ca,1777539091932,1777539091967,202,34.707
1666,exp-perf5000-001666-e84294ad,1777539091933,1777539091967,202,34.653
1667,exp-perf5000-001667-1eb281b9,1777539091933,1777539091968,202,35.060
1668,exp-perf5000-001668-737c2fb9,1777539091933,1777539091968,202,34.813
1669,exp-perf5000-001669-481c84b6,1777539091934,1777539091969,202,35.037
1670,exp-perf5000-001670-f9945b66,1777539091934,1777539091969,202,34.869
1671,exp-perf5000-001671-ac2ca4ba,1777539091934,1777539091969,202,35.062
1672,exp-perf5000-001672-e074f76c,1777539091935,1777539091970,202,34.835
1673,exp-perf5000-001673-25431ec2,1777539091935,1777539091970,202,35.173
1674,exp-perf5000-001674-85aea024,1777539091935,1777539091970,202,34.991
1675,exp-perf5000-001675-21c1c37b,1777539091936,1777539091971,202,35.302
1676,exp-perf5000-001676-e11af046,1777539091936,1777539091971,202,34.874
1677,exp-perf5000-001677-02de2b88,1777539091936,1777539091972,202,35.312
1678,exp-perf5000-001678-c84ed4bd,1777539091937,1777539091972,202,35.386
1679,exp-perf5000-001679-d5f4a869,1777539091937,1777539091972,202,34.860
1680,exp-perf5000-001680-218e23a7,1777539091938,1777539091973,202,35.537
1681,exp-perf5000-001681-9849f8d9,1777539091938,1777539091972,202,34.546
1682,exp-perf5000-001682-d7451440,1777539091938,1777539091974,202,35.657
1683,exp-perf5000-001683-4e71721d,1777539091938,1777539091973,202,34.528
1684,exp-perf5000-001684-bedd03cc,1777539091939,1777539091975,202,35.727
1685,exp-perf5000-001685-f4dc94cd,1777539091939,1777539091974,202,34.685
1686,exp-perf5000-001686-c35818dc,1777539091939,1777539091975,202,35.757
1687,exp-perf5000-001687-362350db,1777539091940,1777539091974,202,34.862
1688,exp-perf5000-001688-21ea9f06,1777539091940,1777539091976,202,35.719
1689,exp-perf5000-001689-860df5c7,1777539091940,1777539091975,202,34.818
1690,exp-perf5000-001690-2597e500,1777539091941,1777539091976,202,35.413
1691,exp-perf5000-001691-362d1ebc,1777539091941,1777539091976,202,34.828
1692,exp-perf5000-001692-93b09289,1777539091941,1777539091977,202,35.611
1693,exp-perf5000-001693-e58e8c45,1777539091942,1777539091976,202,34.848
1694,exp-perf5000-001694-20e3dd09,1777539091942,1777539091978,202,35.580
1695,exp-perf5000-001695-1e9a8ee6,1777539091942,1777539091977,202,34.967
1696,exp-perf5000-001696-c8f5ec5c,1777539091943,1777539091979,202,35.899
1697,exp-perf5000-001697-85032ac0,1777539091943,1777539091978,202,34.983
1698,exp-perf5000-001698-437baf2d,1777539091943,1777539091979,202,35.690
1699,exp-perf5000-001699-f22902e3,1777539091944,1777539091978,202,34.852
1700,exp-perf5000-001700-6fd634f8,1777539091944,1777539091980,202,35.483
1701,exp-perf5000-001701-b68e64a5,1777539091944,1777539091979,202,34.663
1702,exp-perf5000-001702-668d9e46,1777539091945,1777539091980,202,34.742
1703,exp-perf5000-001703-5fe28640,1777539091945,1777539091980,202,35.297
1704,exp-perf5000-001704-0a38b610,1777539091946,1777539091980,202,34.555
1705,exp-perf5000-001705-eb667425,1777539091946,1777539091981,202,35.164
1706,exp-perf5000-001706-06427e01,1777539091946,1777539091982,202,35.224
1707,exp-perf5000-001707-36a2822b,1777539091947,1777539091981,202,34.649
1708,exp-perf5000-001708-f5684412,1777539091947,1777539091982,202,35.206
1709,exp-perf5000-001709-83d97016,1777539091947,1777539091982,202,34.454
1710,exp-perf5000-001710-743e5559,1777539091948,1777539091983,202,35.220
1711,exp-perf5000-001711-27e6c29a,1777539091948,1777539091982,202,34.526
1712,exp-perf5000-001712-d2ca7712,1777539091948,1777539091983,202,34.625
1713,exp-perf5000-001713-8ccaad8a,1777539091949,1777539091984,202,35.280
1714,exp-perf5000-001714-2c6ec455,1777539091949,1777539091984,202,35.160
1715,exp-perf5000-001715-e10ab67a,1777539091949,1777539091984,202,34.467
1716,exp-perf5000-001716-6d51eb39,1777539091950,1777539091984,202,34.623
1717,exp-perf5000-001717-df831194,1777539091950,1777539091985,202,35.179
1718,exp-perf5000-001718-5aa18af6,1777539091950,1777539091985,202,34.594
1719,exp-perf5000-001719-b1229296,1777539091950,1777539091986,202,35.211
1720,exp-perf5000-001720-c931cd94,1777539091951,1777539091986,202,34.573
1721,exp-perf5000-001721-304584bf,1777539091951,1777539091986,202,35.261
1722,exp-perf5000-001722-b1652fc7,1777539091952,1777539091986,202,34.726
1723,exp-perf5000-001723-3b6764f2,1777539091952,1777539091987,202,35.155
1724,exp-perf5000-001724-4787e1ef,1777539091952,1777539091987,202,34.757
1725,exp-perf5000-001725-389652b7,1777539091952,1777539091988,202,35.258
1726,exp-perf5000-001726-aac8bd4c,1777539091953,1777539091988,202,34.884
1727,exp-perf5000-001727-c506a375,1777539091953,1777539091988,202,35.337
1728,exp-perf5000-001728-e31940d0,1777539091954,1777539091988,202,34.814
1729,exp-perf5000-001729-b35e7296,1777539091954,1777539091989,202,35.410
1730,exp-perf5000-001730-5041ec65,1777539091954,1777539091989,202,34.655
1731,exp-perf5000-001731-fbd2bbfa,1777539091954,1777539091990,202,35.347
1732,exp-perf5000-001732-a324ee52,1777539091955,1777539091990,202,34.803
1733,exp-perf5000-001733-615c4f91,1777539091955,1777539091990,202,35.187
1734,exp-perf5000-001734-39a76eb0,1777539091956,1777539091990,202,34.704
1735,exp-perf5000-001735-9d37e2ff,1777539091956,1777539091991,202,35.201
1736,exp-perf5000-001736-d6c8a988,1777539091956,1777539091991,202,34.754
1737,exp-perf5000-001737-d4f00305,1777539091957,1777539091992,202,35.115
1738,exp-perf5000-001738-9d988b4f,1777539091957,1777539091992,202,34.738
1739,exp-perf5000-001739-e3ec752d,1777539091957,1777539091992,202,35.049
1740,exp-perf5000-001740-961e0c33,1777539091958,1777539091992,202,34.761
1741,exp-perf5000-001741-a6f78ca6,1777539091958,1777539091993,202,34.971
1742,exp-perf5000-001742-004b4491,1777539091959,1777539091993,202,34.400
1743,exp-perf5000-001743-2536a243,1777539091959,1777539091994,202,34.429
1744,exp-perf5000-001744-4f8b5fc1,1777539091959,1777539091994,202,34.252
1745,exp-perf5000-001745-13f2f9a9,1777539091960,1777539091995,202,34.999
1746,exp-perf5000-001746-2ba95856,1777539091960,1777539091994,202,34.466
1747,exp-perf5000-001747-6e3a6d67,1777539091960,1777539091995,202,34.804
1748,exp-perf5000-001748-4c9c0bfd,1777539091961,1777539091995,202,34.573
1749,exp-perf5000-001749-622b85ea,1777539091961,1777539091996,202,34.715
1750,exp-perf5000-001750-aed79536,1777539091961,1777539091996,202,34.538
1751,exp-perf5000-001751-f7a5d255,1777539091962,1777539091996,202,34.646
1752,exp-perf5000-001752-ee0df993,1777539091962,1777539091997,202,34.211
1753,exp-perf5000-001753-6702e849,1777539091963,1777539091997,202,34.529
1754,exp-perf5000-001754-7624926b,1777539091963,1777539091997,202,34.169
1755,exp-perf5000-001755-81dfb678,1777539091963,1777539091998,202,34.483
1756,exp-perf5000-001756-50e27b14,1777539091964,1777539091998,202,34.207
1757,exp-perf5000-001757-146bd09d,1777539091964,1777539091998,202,34.465
1758,exp-perf5000-001758-3ef98b09,1777539091964,1777539091999,202,34.089
1759,exp-perf5000-001759-f05c67a6,1777539091965,1777539091999,202,34.488
1760,exp-perf5000-001760-efdf4b4f,1777539091965,1777539091999,202,33.914
1761,exp-perf5000-001761-f314e9b1,1777539091965,1777539092000,202,34.394
1762,exp-perf5000-001762-65013d20,1777539091966,1777539092000,202,33.909
1763,exp-perf5000-001763-88997f45,1777539091966,1777539092000,202,34.149
1764,exp-perf5000-001764-0f40f2c2,1777539091967,1777539092000,202,33.752
1765,exp-perf5000-001765-7124c811,1777539091967,1777539092001,202,33.992
1766,exp-perf5000-001766-1338402b,1777539091967,1777539092001,202,33.757
1767,exp-perf5000-001767-fda3d5c0,1777539091968,1777539092002,202,33.549
1768,exp-perf5000-001768-941d5dca,1777539091968,1777539092002,202,33.271
1769,exp-perf5000-001769-85ab9a7d,1777539091969,1777539092002,202,33.482
1770,exp-perf5000-001770-061d5a83,1777539091969,1777539092002,202,33.341
1771,exp-perf5000-001771-82843782,1777539091969,1777539092003,202,33.509
1772,exp-perf5000-001772-f0cb7c56,1777539091970,1777539092003,202,33.389
1773,exp-perf5000-001773-66b6eab5,1777539091970,1777539092004,202,33.394
1774,exp-perf5000-001774-20343551,1777539091970,1777539092004,202,33.214
1775,exp-perf5000-001775-c2e9611b,1777539091971,1777539092004,202,33.173
1776,exp-perf5000-001776-357277ee,1777539091971,1777539092004,202,33.151
1777,exp-perf5000-001777-14684351,1777539091972,1777539092005,202,33.327
1778,exp-perf5000-001778-bfcf2b54,1777539091972,1777539092005,202,32.970
1779,exp-perf5000-001779-34325cac,1777539091972,1777539092006,202,33.359
1780,exp-perf5000-001780-5d08305d,1777539091972,1777539092006,202,33.091
1781,exp-perf5000-001781-347a0b27,1777539091973,1777539092006,202,33.254
1782,exp-perf5000-001782-aab6d2bb,1777539091973,1777539092006,202,33.177
1783,exp-perf5000-001783-7b4ef020,1777539091974,1777539092007,202,33.168
1784,exp-perf5000-001784-b24d6b8d,1777539091974,1777539092007,202,33.153
1785,exp-perf5000-001785-a4c7105f,1777539091975,1777539092008,202,33.196
1786,exp-perf5000-001786-b55e5352,1777539091975,1777539092008,202,33.222
1787,exp-perf5000-001787-3b35d6bb,1777539091975,1777539092008,202,33.072
1788,exp-perf5000-001788-b1737e0a,1777539091975,1777539092009,202,33.256
1789,exp-perf5000-001789-171db2a5,1777539091976,1777539092009,202,33.100
1790,exp-perf5000-001790-4cf6c865,1777539091976,1777539092009,202,33.405
1791,exp-perf5000-001791-7ae7ddac,1777539091976,1777539092010,202,33.710
1792,exp-perf5000-001792-7772fc86,1777539091977,1777539092010,202,33.234
1793,exp-perf5000-001793-cb627add,1777539091977,1777539092011,202,33.563
1794,exp-perf5000-001794-1cd30ab1,1777539091977,1777539092010,202,32.976
1795,exp-perf5000-001795-6afaac91,1777539091978,1777539092012,202,33.739
1796,exp-perf5000-001796-f57338d0,1777539091978,1777539092011,202,33.043
1797,exp-perf5000-001797-159cd749,1777539091979,1777539092012,202,33.399
1798,exp-perf5000-001798-9578de2b,1777539091979,1777539092013,202,34.124
1799,exp-perf5000-001799-cecd848a,1777539091979,1777539092013,202,34.111
1800,exp-perf5000-001800-581be94c,1777539091979,1777539092013,202,34.042
1801,exp-perf5000-001801-f42f219c,1777539091980,1777539092014,202,34.378
1802,exp-perf5000-001802-9f169b8a,1777539091980,1777539092013,202,33.609
1803,exp-perf5000-001803-aea81b82,1777539091980,1777539092014,202,33.820
1804,exp-perf5000-001804-1c312cd6,1777539091980,1777539092015,202,34.286
1805,exp-perf5000-001805-da9c3574,1777539091981,1777539092015,202,34.409
1806,exp-perf5000-001806-ff8f5056,1777539091981,1777539092014,202,33.238
1807,exp-perf5000-001807-1c4997f9,1777539091982,1777539092015,202,33.233
1808,exp-perf5000-001808-2befddd3,1777539091982,1777539092016,202,34.429
1809,exp-perf5000-001809-0672becc,1777539091982,1777539092017,202,34.809
1810,exp-perf5000-001810-ea8017f1,1777539091982,1777539092016,202,33.178
1811,exp-perf5000-001811-0be620f1,1777539091983,1777539092018,202,34.899
1812,exp-perf5000-001812-d23bbfe5,1777539091983,1777539092016,202,33.142
1813,exp-perf5000-001813-3fa1040c,1777539091984,1777539092017,202,33.195
1814,exp-perf5000-001814-7677d16d,1777539091984,1777539092018,202,34.664
1815,exp-perf5000-001815-56c574d4,1777539091984,1777539092019,202,34.805
1816,exp-perf5000-001816-a99225a9,1777539091984,1777539092018,202,33.080
1817,exp-perf5000-001817-a4fcd1d4,1777539091985,1777539092018,202,33.215
1818,exp-perf5000-001818-c96b99dc,1777539091985,1777539092020,202,34.795
1819,exp-perf5000-001819-4cb05b62,1777539091986,1777539092019,202,33.081
1820,exp-perf5000-001820-23804bb1,1777539091986,1777539092021,202,34.865
1821,exp-perf5000-001821-6bf3e787,1777539091986,1777539092019,202,33.094
1822,exp-perf5000-001822-83b67f5f,1777539091986,1777539092022,202,35.112
1823,exp-perf5000-001823-6d38ffeb,1777539091987,1777539092022,202,35.351
1824,exp-perf5000-001824-c738ffcf,1777539091987,1777539092020,202,32.976
1825,exp-perf5000-001825-2114ede5,1777539091988,1777539092023,202,35.363
1826,exp-perf5000-001826-6a32ac2a,1777539091988,1777539092021,202,32.988
1827,exp-perf5000-001827-052efaab,1777539091988,1777539092022,202,33.321
1828,exp-perf5000-001828-631db766,1777539091988,1777539092024,202,35.116
1829,exp-perf5000-001829-d8c6e36d,1777539091989,1777539092022,202,33.350
1830,exp-perf5000-001830-cf47a03a,1777539091989,1777539092024,202,35.280
1831,exp-perf5000-001831-fc13c219,1777539091990,1777539092023,202,33.265
1832,exp-perf5000-001832-c2685c47,1777539091990,1777539092025,202,35.190
1833,exp-perf5000-001833-7761b5f1,1777539091990,1777539092026,202,35.300
1834,exp-perf5000-001834-e328ace2,1777539091991,1777539092024,202,33.377
1835,exp-perf5000-001835-12907de9,1777539091991,1777539092026,202,35.200
1836,exp-perf5000-001836-0bb1b8d9,1777539091991,1777539092025,202,33.474
1837,exp-perf5000-001837-5801f311,1777539091992,1777539092027,202,35.232
1838,exp-perf5000-001838-149a8a80,1777539091992,1777539092025,202,33.333
1839,exp-perf5000-001839-92c347a2,1777539091992,1777539092028,202,35.275
1840,exp-perf5000-001840-25b3aea6,1777539091993,1777539092026,202,33.412
1841,exp-perf5000-001841-9000abf1,1777539091993,1777539092027,202,33.443
1842,exp-perf5000-001842-4dee37c3,1777539091993,1777539092028,202,35.103
1843,exp-perf5000-001843-68726162,1777539091994,1777539092027,202,33.512
1844,exp-perf5000-001844-993e069a,1777539091994,1777539092029,202,35.214
1845,exp-perf5000-001845-cc36dc70,1777539091994,1777539092028,202,33.403
1846,exp-perf5000-001846-e29a7073,1777539091995,1777539092030,202,34.903
1847,exp-perf5000-001847-371ca924,1777539091995,1777539092030,202,35.177
1848,exp-perf5000-001848-832ffbb5,1777539091995,1777539092029,202,33.187
1849,exp-perf5000-001849-d924bce8,1777539091996,1777539092031,202,35.254
1850,exp-perf5000-001850-9fd8cbdf,1777539091996,1777539092029,202,33.139
1851,exp-perf5000-001851-1c86bfb2,1777539091996,1777539092032,202,35.254
1852,exp-perf5000-001852-4a68bb73,1777539091997,1777539092030,202,33.257
1853,exp-perf5000-001853-ce1a0c5e,1777539091997,1777539092032,202,35.273
1854,exp-perf5000-001854-5afa3a3c,1777539091997,1777539092031,202,33.331
1855,exp-perf5000-001855-cc9a3072,1777539091998,1777539092033,202,35.327
1856,exp-perf5000-001856-6b5fde4f,1777539091998,1777539092031,202,33.192
1857,exp-perf5000-001857-309e1805,1777539091998,1777539092034,202,35.325
1858,exp-perf5000-001858-9936481a,1777539091999,1777539092032,202,33.338
1859,exp-perf5000-001859-a775c555,1777539091999,1777539092032,202,33.307
1860,exp-perf5000-001860-119fb2a3,1777539091999,1777539092034,202,35.256
1861,exp-perf5000-001861-108d3969,1777539092000,1777539092035,202,35.430
1862,exp-perf5000-001862-611f26c5,1777539092000,1777539092033,202,33.337
1863,exp-perf5000-001863-aa3c11ba,1777539092000,1777539092036,202,35.455
1864,exp-perf5000-001864-b1605af7,1777539092000,1777539092034,202,33.258
1865,exp-perf5000-001865-494a236a,1777539092001,1777539092036,202,35.511
1866,exp-perf5000-001866-73c2584e,1777539092001,1777539092034,202,33.206
1867,exp-perf5000-001867-ed8dc60a,1777539092002,1777539092035,202,33.462
1868,exp-perf5000-001868-46a6aa66,1777539092002,1777539092037,202,35.631
1869,exp-perf5000-001869-afc879ae,1777539092002,1777539092038,202,35.997
1870,exp-perf5000-001870-3a6758d7,1777539092002,1777539092036,202,33.518
1871,exp-perf5000-001871-3a89cee1,1777539092003,1777539092039,202,35.856
1872,exp-perf5000-001872-dd446bc9,1777539092003,1777539092036,202,33.355
1873,exp-perf5000-001873-e8fe0229,1777539092004,1777539092039,202,35.681
1874,exp-perf5000-001874-ad9abe46,1777539092004,1777539092037,202,33.421
1875,exp-perf5000-001875-57e269fb,1777539092004,1777539092040,202,35.817
1876,exp-perf5000-001876-e28ec285,1777539092004,1777539092038,202,33.384
1877,exp-perf5000-001877-dd85e824,1777539092005,1777539092038,202,33.516
1878,exp-perf5000-001878-d5b58004,1777539092005,1777539092041,202,35.679
1879,exp-perf5000-001879-1bbbe033,1777539092006,1777539092039,202,33.409
1880,exp-perf5000-001880-fe9dbac8,1777539092006,1777539092041,202,35.576
1881,exp-perf5000-001881-aeea11d4,1777539092006,1777539092040,202,33.305
1882,exp-perf5000-001882-613234b0,1777539092006,1777539092042,202,35.601
1883,exp-perf5000-001883-f0dd9672,1777539092007,1777539092040,202,33.289
1884,exp-perf5000-001884-4044b9d1,1777539092007,1777539092043,202,35.481
1885,exp-perf5000-001885-018407ca,1777539092008,1777539092041,202,33.133
1886,exp-perf5000-001886-6a359323,1777539092008,1777539092043,202,35.368
1887,exp-perf5000-001887-7709a004,1777539092008,1777539092041,202,33.266
1888,exp-perf5000-001888-13ca8334,1777539092009,1777539092044,202,35.440
1889,exp-perf5000-001889-77e33fbf,1777539092009,1777539092042,202,33.171
1890,exp-perf5000-001890-298f784f,1777539092009,1777539092045,202,35.245
1891,exp-perf5000-001891-bc7b0679,1777539092010,1777539092043,202,33.021
1892,exp-perf5000-001892-388805a5,1777539092010,1777539092045,202,35.280
1893,exp-perf5000-001893-8bb705d8,1777539092010,1777539092044,202,33.248
1894,exp-perf5000-001894-ef4bb740,1777539092011,1777539092046,202,35.246
1895,exp-perf5000-001895-4ee611d1,1777539092011,1777539092044,202,33.346
1896,exp-perf5000-001896-4823b9dc,1777539092012,1777539092047,202,35.153
1897,exp-perf5000-001897-92887f2f,1777539092012,1777539092045,202,32.869
1898,exp-perf5000-001898-9be82a26,1777539092013,1777539092047,202,34.449
1899,exp-perf5000-001899-85532ed7,1777539092013,1777539092046,202,32.364
1900,exp-perf5000-001900-c79b40fb,1777539092013,1777539092048,202,34.666
1901,exp-perf5000-001901-ba9cde2b,1777539092014,1777539092046,202,32.796
1902,exp-perf5000-001902-917c2763,1777539092014,1777539092049,202,34.817
1903,exp-perf5000-001903-c475ac7f,1777539092014,1777539092047,202,32.810
1904,exp-perf5000-001904-bc2654da,1777539092014,1777539092048,202,33.184
1905,exp-perf5000-001905-1bb4065f,1777539092015,1777539092050,202,35.003
1906,exp-perf5000-001906-f0df28a9,1777539092015,1777539092048,202,33.463
1907,exp-perf5000-001907-97a2a6f8,1777539092015,1777539092050,202,34.943
1908,exp-perf5000-001908-f36247e6,1777539092016,1777539092049,202,33.734
1909,exp-perf5000-001909-a5e30a91,1777539092016,1777539092051,202,34.781
1910,exp-perf5000-001910-c4f1678d,1777539092016,1777539092050,202,33.672
1911,exp-perf5000-001911-423e2216,1777539092017,1777539092051,202,33.840
1912,exp-perf5000-001912-b8dc9d2b,1777539092017,1777539092052,202,34.618
1913,exp-perf5000-001913-e9cdc36d,1777539092018,1777539092051,202,33.851
1914,exp-perf5000-001914-d5f11c61,1777539092018,1777539092052,202,34.559
1915,exp-perf5000-001915-a7708520,1777539092018,1777539092052,202,33.890
1916,exp-perf5000-001916-ce9b157c,1777539092018,1777539092053,202,34.722
1917,exp-perf5000-001917-41dc2965,1777539092019,1777539092053,202,33.974
1918,exp-perf5000-001918-e124ec8f,1777539092019,1777539092054,202,34.705
1919,exp-perf5000-001919-e629fe20,1777539092019,1777539092054,202,34.536
1920,exp-perf5000-001920-03f2aa66,1777539092020,1777539092054,202,34.551
1921,exp-perf5000-001921-225fd046,1777539092020,1777539092055,202,34.557
1922,exp-perf5000-001922-bb434d03,1777539092021,1777539092055,202,34.465
1923,exp-perf5000-001923-b454be8f,1777539092021,1777539092055,202,34.436
1924,exp-perf5000-001924-9ac2255b,1777539092022,1777539092056,202,34.322
1925,exp-perf5000-001925-ebcc41e3,1777539092022,1777539092056,202,34.222
1926,exp-perf5000-001926-bd187954,1777539092022,1777539092057,202,34.188
1927,exp-perf5000-001927-5aabe37c,1777539092022,1777539092057,202,34.223
1928,exp-perf5000-001928-36492150,1777539092023,1777539092058,202,34.394
1929,exp-perf5000-001929-287cd742,1777539092023,1777539092057,202,33.915
1930,exp-perf5000-001930-ccb90c4f,1777539092024,1777539092058,202,34.401
1931,exp-perf5000-001931-23f4b37a,1777539092024,1777539092058,202,34.001
1932,exp-perf5000-001932-cc70981d,1777539092024,1777539092059,202,34.109
1933,exp-perf5000-001933-0f0416cb,1777539092025,1777539092059,202,33.841
1934,exp-perf5000-001934-8da50078,1777539092025,1777539092059,202,34.202
1935,exp-perf5000-001935-863475fb,1777539092025,1777539092059,202,33.842
1936,exp-perf5000-001936-2d5e46d4,1777539092026,1777539092060,202,34.107
1937,exp-perf5000-001937-f068557f,1777539092026,1777539092060,202,34.027
1938,exp-perf5000-001938-d67a337b,1777539092026,1777539092061,202,34.172
1939,exp-perf5000-001939-8ba5b772,1777539092027,1777539092061,202,34.106
1940,exp-perf5000-001940-58ef080d,1777539092027,1777539092061,202,34.195
1941,exp-perf5000-001941-860c808b,1777539092027,1777539092061,202,33.867
1942,exp-perf5000-001942-1e15d0e2,1777539092028,1777539092062,202,34.170
1943,exp-perf5000-001943-66841c87,1777539092028,1777539092062,202,33.868
1944,exp-perf5000-001944-de93efa6,1777539092028,1777539092062,202,34.187
1945,exp-perf5000-001945-3ef8b5f7,1777539092029,1777539092062,202,33.809
1946,exp-perf5000-001946-b9d36d19,1777539092029,1777539092063,202,34.127
1947,exp-perf5000-001947-0dee5b83,1777539092029,1777539092063,202,33.756
1948,exp-perf5000-001948-7abdfe5e,1777539092030,1777539092064,202,34.141
1949,exp-perf5000-001949-28ab4006,1777539092030,1777539092064,202,34.026
1950,exp-perf5000-001950-9a056e4f,1777539092030,1777539092064,202,34.095
1951,exp-perf5000-001951-d81b572a,1777539092031,1777539092065,202,33.871
1952,exp-perf5000-001952-35bd38cf,1777539092031,1777539092065,202,34.035
1953,exp-perf5000-001953-9884b98e,1777539092031,1777539092065,202,33.980
1954,exp-perf5000-001954-3fee30f5,1777539092032,1777539092066,202,33.952
1955,exp-perf5000-001955-c03c9693,1777539092032,1777539092066,202,33.884
1956,exp-perf5000-001956-a6445693,1777539092032,1777539092067,202,34.058
1957,exp-perf5000-001957-689275ec,1777539092033,1777539092066,202,33.857
1958,exp-perf5000-001958-6101b032,1777539092033,1777539092067,202,34.028
1959,exp-perf5000-001959-e01aefe8,1777539092033,1777539092067,202,33.789
1960,exp-perf5000-001960-8651b931,1777539092034,1777539092068,202,34.007
1961,exp-perf5000-001961-6febbebd,1777539092034,1777539092068,202,34.209
1962,exp-perf5000-001962-5ba70bfe,1777539092034,1777539092068,202,33.969
1963,exp-perf5000-001963-117244cd,1777539092034,1777539092069,202,34.190
1964,exp-perf5000-001964-10e6a6c0,1777539092035,1777539092069,202,34.000
1965,exp-perf5000-001965-c9c73e89,1777539092035,1777539092069,202,34.127
1966,exp-perf5000-001966-76e8fe5d,1777539092036,1777539092070,202,34.337
1967,exp-perf5000-001967-9393cfe6,1777539092036,1777539092070,202,33.820
1968,exp-perf5000-001968-7642b81a,1777539092036,1777539092070,202,34.080
1969,exp-perf5000-001969-e4d91eb1,1777539092037,1777539092071,202,34.227
1970,exp-perf5000-001970-2e241b73,1777539092037,1777539092071,202,33.944
1971,exp-perf5000-001971-0cd975f6,1777539092037,1777539092071,202,34.134
1972,exp-perf5000-001972-39fea216,1777539092038,1777539092072,202,34.021
1973,exp-perf5000-001973-4526a8f0,1777539092038,1777539092072,202,33.778
1974,exp-perf5000-001974-40e1564d,1777539092038,1777539092072,202,33.886
1975,exp-perf5000-001975-794a94a5,1777539092039,1777539092073,202,33.963
1976,exp-perf5000-001976-c48bdd63,1777539092039,1777539092073,202,34.035
1977,exp-perf5000-001977-c91cf075,1777539092039,1777539092073,202,34.045
1978,exp-perf5000-001978-832f53df,1777539092040,1777539092074,202,34.140
1979,exp-perf5000-001979-7fe5a35e,1777539092040,1777539092074,202,34.221
1980,exp-perf5000-001980-840f8952,1777539092040,1777539092075,202,34.256
1981,exp-perf5000-001981-b59c0d2a,1777539092041,1777539092075,202,34.118
1982,exp-perf5000-001982-8585c080,1777539092041,1777539092075,202,34.287
1983,exp-perf5000-001983-13928f41,1777539092041,1777539092076,202,34.165
1984,exp-perf5000-001984-b9e011e2,1777539092042,1777539092076,202,34.334
1985,exp-perf5000-001985-b2d53672,1777539092042,1777539092076,202,34.002
1986,exp-perf5000-001986-f2bc3ef3,1777539092042,1777539092076,202,34.268
1987,exp-perf5000-001987-12505f1f,1777539092043,1777539092077,202,34.256
1988,exp-perf5000-001988-d9e4120d,1777539092043,1777539092077,202,34.240
1989,exp-perf5000-001989-99119bc0,1777539092043,1777539092077,202,34.115
1990,exp-perf5000-001990-572e5fc4,1777539092044,1777539092078,202,34.218
1991,exp-perf5000-001991-b2f392d2,1777539092044,1777539092078,202,34.013
1992,exp-perf5000-001992-876fe915,1777539092044,1777539092078,202,33.961
1993,exp-perf5000-001993-acd7e32b,1777539092045,1777539092079,202,34.063
1994,exp-perf5000-001994-83d3c258,1777539092045,1777539092079,202,34.186
1995,exp-perf5000-001995-2247dafc,1777539092045,1777539092079,202,33.996
1996,exp-perf5000-001996-9b48a4f7,1777539092046,1777539092080,202,33.964
1997,exp-perf5000-001997-aff33314,1777539092046,1777539092080,202,34.109
1998,exp-perf5000-001998-62050b29,1777539092046,1777539092080,202,33.859
1999,exp-perf5000-001999-8d04224c,1777539092047,1777539092081,202,34.023
2000,exp-perf5000-002000-3988b4a4,1777539092047,1777539092081,202,33.784
2001,exp-perf5000-002001-693ed88b,1777539092047,1777539092081,202,33.993
2002,exp-perf5000-002002-35680fbe,1777539092048,1777539092082,202,33.875
2003,exp-perf5000-002003-c35683ea,1777539092048,1777539092082,202,34.027
2004,exp-perf5000-002004-f96ec5c3,1777539092048,1777539092082,202,33.735
2005,exp-perf5000-002005-66308bf8,1777539092049,1777539092083,202,33.825
2006,exp-perf5000-002006-292ca932,1777539092049,1777539092083,202,33.333
2007,exp-perf5000-002007-eebdffb4,1777539092050,1777539092084,202,33.705
2008,exp-perf5000-002008-6e97ec79,1777539092050,1777539092083,202,33.213
2009,exp-perf5000-002009-72c9e975,1777539092050,1777539092084,202,33.694
2010,exp-perf5000-002010-8fee30d3,1777539092051,1777539092084,202,33.235
2011,exp-perf5000-002011-8554d2f7,1777539092051,1777539092085,202,33.636
2012,exp-perf5000-002012-7a19beea,1777539092051,1777539092085,202,33.233
2013,exp-perf5000-002013-5810c5e9,1777539092052,1777539092085,202,33.526
2014,exp-perf5000-002014-c80fd794,1777539092052,1777539092085,202,33.133
2015,exp-perf5000-002015-da255566,1777539092052,1777539092086,202,33.528
2016,exp-perf5000-002016-54ed7afb,1777539092053,1777539092086,202,33.030
2017,exp-perf5000-002017-d2673669,1777539092053,1777539092087,202,33.493
2018,exp-perf5000-002018-140f8985,1777539092054,1777539092087,202,33.506
2019,exp-perf5000-002019-ecbcc9ba,1777539092054,1777539092086,202,32.506
2020,exp-perf5000-002020-882fda12,1777539092055,1777539092088,202,33.686
2021,exp-perf5000-002021-2118f3a4,1777539092055,1777539092087,202,32.478
2022,exp-perf5000-002022-536bfc62,1777539092055,1777539092089,202,33.713
2023,exp-perf5000-002023-8ad16936,1777539092055,1777539092088,202,32.586
2024,exp-perf5000-002024-889f0c95,1777539092056,1777539092090,202,33.579
2025,exp-perf5000-002025-d8bd1dbb,1777539092056,1777539092088,202,32.376
2026,exp-perf5000-002026-5da0e3c8,1777539092057,1777539092090,202,33.754
2027,exp-perf5000-002027-9c0ae80a,1777539092057,1777539092089,202,32.373
2028,exp-perf5000-002028-093a8f5a,1777539092057,1777539092091,202,33.832
2029,exp-perf5000-002029-22f55c39,1777539092058,1777539092090,202,32.291
2030,exp-perf5000-002030-d9230b99,1777539092058,1777539092090,202,32.555
2031,exp-perf5000-002031-b76c0f00,1777539092058,1777539092092,202,33.639
2032,exp-perf5000-002032-cac0c60f,1777539092059,1777539092091,202,32.438
2033,exp-perf5000-002033-2ac0bbff,1777539092059,1777539092092,202,33.719
2034,exp-perf5000-002034-7f4db790,1777539092059,1777539092092,202,32.610
2035,exp-perf5000-002035-76393fe2,1777539092059,1777539092093,202,33.860
2036,exp-perf5000-002036-125b5add,1777539092060,1777539092094,202,33.912
2037,exp-perf5000-002037-02fb2cf4,1777539092060,1777539092092,202,32.392
2038,exp-perf5000-002038-97ac26c1,1777539092061,1777539092095,202,33.850
2039,exp-perf5000-002039-c6936b80,1777539092061,1777539092093,202,32.397
2040,exp-perf5000-002040-18c601cc,1777539092061,1777539092094,202,32.575
2041,exp-perf5000-002041-f86c2c3c,1777539092061,1777539092095,202,33.996
2042,exp-perf5000-002042-ade1dbc6,1777539092062,1777539092094,202,32.566
2043,exp-perf5000-002043-d1844644,1777539092062,1777539092096,202,33.957
2044,exp-perf5000-002044-38eddf5d,1777539092062,1777539092095,202,32.668
2045,exp-perf5000-002045-aa08c8ff,1777539092063,1777539092097,202,34.000
2046,exp-perf5000-002046-523165f0,1777539092063,1777539092096,202,32.717
2047,exp-perf5000-002047-af7e9193,1777539092063,1777539092097,202,33.974
2048,exp-perf5000-002048-09c938ce,1777539092064,1777539092098,202,33.966
2049,exp-perf5000-002049-73f3a7ca,1777539092064,1777539092096,202,32.483
2050,exp-perf5000-002050-cb8c23ea,1777539092064,1777539092099,202,34.030
2051,exp-perf5000-002051-8daee27b,1777539092065,1777539092097,202,32.697
2052,exp-perf5000-002052-1d8562b9,1777539092065,1777539092099,202,33.883
2053,exp-perf5000-002053-fb81341f,1777539092065,1777539092098,202,32.775
2054,exp-perf5000-002054-008cbf52,1777539092066,1777539092100,202,33.947
2055,exp-perf5000-002055-02be5286,1777539092066,1777539092098,202,32.565
2056,exp-perf5000-002056-450f9344,1777539092066,1777539092100,202,33.923
2057,exp-perf5000-002057-4d2bd834,1777539092067,1777539092099,202,32.565
2058,exp-perf5000-002058-7be920a1,1777539092067,1777539092100,202,32.806
2059,exp-perf5000-002059-fbb95c9c,1777539092067,1777539092101,202,33.691
2060,exp-perf5000-002060-da17431f,1777539092068,1777539092100,202,32.745
2061,exp-perf5000-002061-e1bfe0d7,1777539092068,1777539092101,202,33.430
2062,exp-perf5000-002062-b4e2532c,1777539092068,1777539092101,202,32.795
2063,exp-perf5000-002063-6d12e6ce,1777539092069,1777539092102,202,33.462
2064,exp-perf5000-002064-398092a0,1777539092069,1777539092102,202,32.621
2065,exp-perf5000-002065-3170af12,1777539092069,1777539092103,202,33.370
2066,exp-perf5000-002066-65cfed9e,1777539092070,1777539092102,202,32.692
2067,exp-perf5000-002067-345ff2b6,1777539092070,1777539092103,202,33.093
2068,exp-perf5000-002068-d44ef649,1777539092071,1777539092103,202,32.506
2069,exp-perf5000-002069-cb199503,1777539092071,1777539092104,202,33.204
2070,exp-perf5000-002070-47bf51a8,1777539092071,1777539092104,202,32.632
2071,exp-perf5000-002071-5f72f5c9,1777539092071,1777539092105,202,33.121
2072,exp-perf5000-002072-a8000e46,1777539092072,1777539092104,202,32.544
2073,exp-perf5000-002073-90b0c1ae,1777539092072,1777539092105,202,33.261
2074,exp-perf5000-002074-2151c680,1777539092072,1777539092105,202,32.674
2075,exp-perf5000-002075-f15cd285,1777539092073,1777539092106,202,33.192
2076,exp-perf5000-002076-29eb794c,1777539092073,1777539092106,202,32.554
2077,exp-perf5000-002077-d3bd8024,1777539092073,1777539092107,202,33.225
2078,exp-perf5000-002078-999aa77b,1777539092074,1777539092106,202,32.502
2079,exp-perf5000-002079-ee800b3f,1777539092074,1777539092107,202,33.032
2080,exp-perf5000-002080-183b4741,1777539092075,1777539092107,202,32.317
2081,exp-perf5000-002081-7bd09c49,1777539092075,1777539092108,202,33.162
2082,exp-perf5000-002082-f5001f00,1777539092075,1777539092108,202,32.477
2083,exp-perf5000-002083-6a8eeb1a,1777539092076,1777539092109,202,33.187
2084,exp-perf5000-002084-e03df7ef,1777539092076,1777539092108,202,32.518
2085,exp-perf5000-002085-bee55ce6,1777539092076,1777539092109,202,33.180
2086,exp-perf5000-002086-a2f6ee7b,1777539092077,1777539092109,202,32.580
2087,exp-perf5000-002087-e31df8a6,1777539092077,1777539092110,202,33.089
2088,exp-perf5000-002088-3ff54564,1777539092077,1777539092110,202,32.749
2089,exp-perf5000-002089-f621f35e,1777539092077,1777539092111,202,33.218
2090,exp-perf5000-002090-7b8dba01,1777539092078,1777539092110,202,32.645
2091,exp-perf5000-002091-a27b945e,1777539092078,1777539092111,202,33.226
2092,exp-perf5000-002092-58871c4b,1777539092078,1777539092111,202,32.837
2093,exp-perf5000-002093-974b0f04,1777539092079,1777539092112,202,33.290
2094,exp-perf5000-002094-798f36f7,1777539092079,1777539092112,202,32.689
2095,exp-perf5000-002095-0b1d1b9f,1777539092080,1777539092113,202,33.223
2096,exp-perf5000-002096-dd623de3,1777539092080,1777539092113,202,32.793
2097,exp-perf5000-002097-61cfb303,1777539092080,1777539092113,202,33.336
2098,exp-perf5000-002098-952fe8f0,1777539092080,1777539092113,202,32.922
2099,exp-perf5000-002099-526cecce,1777539092081,1777539092114,202,33.198
2100,exp-perf5000-002100-cef09b0f,1777539092081,1777539092114,202,32.891
2101,exp-perf5000-002101-ffcf7474,1777539092081,1777539092115,202,33.306
2102,exp-perf5000-002102-5a07ee48,1777539092082,1777539092114,202,32.857
2103,exp-perf5000-002103-ad3044d4,1777539092082,1777539092116,202,33.616
2104,exp-perf5000-002104-5ce20d4a,1777539092082,1777539092115,202,32.920
2105,exp-perf5000-002105-88e98aa7,1777539092083,1777539092116,202,33.260
2106,exp-perf5000-002106-9024fb7a,1777539092083,1777539092116,202,33.169
2107,exp-perf5000-002107-1905d862,1777539092083,1777539092117,202,33.177
2108,exp-perf5000-002108-af05f5b0,1777539092084,1777539092117,202,33.361
2109,exp-perf5000-002109-af457f07,1777539092084,1777539092117,202,33.270
2110,exp-perf5000-002110-1c78868f,1777539092084,1777539092118,202,33.464
2111,exp-perf5000-002111-32ff8304,1777539092085,1777539092118,202,33.395
2112,exp-perf5000-002112-ade21717,1777539092085,1777539092119,202,33.711
2113,exp-perf5000-002113-040448a1,1777539092085,1777539092119,202,33.819
2114,exp-perf5000-002114-15fbfe24,1777539092085,1777539092119,202,33.925
2115,exp-perf5000-002115-a5ee65e8,1777539092086,1777539092120,202,34.374
2116,exp-perf5000-002116-00725318,1777539092086,1777539092120,202,34.435
2117,exp-perf5000-002117-f0c832d1,1777539092086,1777539092120,202,33.743
2118,exp-perf5000-002118-c2a457df,1777539092087,1777539092121,202,34.689
2119,exp-perf5000-002119-0abb92f1,1777539092087,1777539092121,202,33.664
2120,exp-perf5000-002120-12051ba4,1777539092087,1777539092122,202,34.854
2121,exp-perf5000-002121-8d52b1b0,1777539092088,1777539092121,202,33.475
2122,exp-perf5000-002122-327afc49,1777539092088,1777539092123,202,34.700
2123,exp-perf5000-002123-858f665a,1777539092088,1777539092122,202,33.858
2124,exp-perf5000-002124-efe3ea54,1777539092089,1777539092123,202,34.582
2125,exp-perf5000-002125-21ce5179,1777539092089,1777539092123,202,33.618
2126,exp-perf5000-002126-fe578c0e,1777539092090,1777539092124,202,34.850
2127,exp-perf5000-002127-f930da63,1777539092090,1777539092123,202,33.449
2128,exp-perf5000-002128-a000439d,1777539092090,1777539092125,202,34.560
2129,exp-perf5000-002129-88ee3e4d,1777539092091,1777539092124,202,33.563
2130,exp-perf5000-002130-d641b9ae,1777539092091,1777539092125,202,33.654
2131,exp-perf5000-002131-bdec246e,1777539092091,1777539092125,202,34.223
2132,exp-perf5000-002132-8930a28a,1777539092092,1777539092127,202,35.258
2133,exp-perf5000-002133-19c2ce3e,1777539092092,1777539092125,202,33.628
2134,exp-perf5000-002134-45b34944,1777539092092,1777539092129,202,36.681
2135,exp-perf5000-002135-1b958a78,1777539092093,1777539092127,202,34.125
2136,exp-perf5000-002136-ed2191e7,1777539092093,1777539092128,202,34.488
2137,exp-perf5000-002137-042d0793,1777539092093,1777539092129,202,35.886
2138,exp-perf5000-002138-532d7ae9,1777539092094,1777539092129,202,35.221
2139,exp-perf5000-002139-b35cce7d,1777539092094,1777539092130,202,36.618
2140,exp-perf5000-002140-3bb381ac,1777539092094,1777539092130,202,35.161
2141,exp-perf5000-002141-55c04f9b,1777539092095,1777539092131,202,36.686
2142,exp-perf5000-002142-03f17846,1777539092095,1777539092131,202,35.408
2143,exp-perf5000-002143-7008e48d,1777539092095,1777539092132,202,37.043
2144,exp-perf5000-002144-cd2923af,1777539092096,1777539092131,202,35.605
2145,exp-perf5000-002145-5e72861e,1777539092096,1777539092133,202,37.030
2146,exp-perf5000-002146-c49abbb8,1777539092096,1777539092133,202,36.124
2147,exp-perf5000-002147-9b2d6770,1777539092097,1777539092134,202,37.342
2148,exp-perf5000-002148-851f19e5,1777539092097,1777539092135,202,37.527
2149,exp-perf5000-002149-654df990,1777539092097,1777539092133,202,35.807
2150,exp-perf5000-002150-b42546d6,1777539092098,1777539092137,202,38.684
2151,exp-perf5000-002151-da2f9f4d,1777539092098,1777539092134,202,35.909
2152,exp-perf5000-002152-93ef4abf,1777539092098,1777539092135,202,36.232
2153,exp-perf5000-002153-67938d88,1777539092099,1777539092137,202,38.404
2154,exp-perf5000-002154-4821e3ca,1777539092099,1777539092138,202,39.204
2155,exp-perf5000-002155-9a1658c6,1777539092099,1777539092136,202,36.813
2156,exp-perf5000-002156-7ff2132d,1777539092100,1777539092138,202,38.716
2157,exp-perf5000-002157-15e1a793,1777539092100,1777539092137,202,36.635
2158,exp-perf5000-002158-a78c7eb0,1777539092100,1777539092139,202,38.848
2159,exp-perf5000-002159-f1aaf38f,1777539092100,1777539092138,202,37.745
2160,exp-perf5000-002160-a252c4df,1777539092101,1777539092140,202,38.915
2161,exp-perf5000-002161-695264e5,1777539092101,1777539092138,202,37.176
2162,exp-perf5000-002162-2d701b74,1777539092101,1777539092141,202,39.011
2163,exp-perf5000-002163-17fce9bc,1777539092102,1777539092139,202,37.315
2164,exp-perf5000-002164-7389568d,1777539092102,1777539092141,202,39.009
2165,exp-perf5000-002165-7b7c904b,1777539092102,1777539092140,202,37.330
2166,exp-perf5000-002166-a6363263,1777539092103,1777539092142,202,39.169
2167,exp-perf5000-002167-5b1594ca,1777539092103,1777539092141,202,37.474
2168,exp-perf5000-002168-86121459,1777539092103,1777539092143,202,39.298
2169,exp-perf5000-002169-b8602c99,1777539092104,1777539092141,202,37.335
2170,exp-perf5000-002170-d97f5be0,1777539092104,1777539092143,202,38.988
2171,exp-perf5000-002171-b5290568,1777539092104,1777539092142,202,37.523
2172,exp-perf5000-002172-b197d2c0,1777539092105,1777539092144,202,39.356
2173,exp-perf5000-002173-fd6d2d69,1777539092105,1777539092143,202,37.505
2174,exp-perf5000-002174-137f7e99,1777539092105,1777539092145,202,39.308
2175,exp-perf5000-002175-1f2309f0,1777539092106,1777539092143,202,37.522
2176,exp-perf5000-002176-50204950,1777539092106,1777539092145,202,39.315
2177,exp-perf5000-002177-ea7180db,1777539092106,1777539092144,202,37.632
2178,exp-perf5000-002178-e6692735,1777539092107,1777539092146,202,39.188
2179,exp-perf5000-002179-fb55356a,1777539092107,1777539092144,202,37.442
2180,exp-perf5000-002180-c22d0a88,1777539092107,1777539092147,202,39.353
2181,exp-perf5000-002181-7455e344,1777539092108,1777539092145,202,37.520
2182,exp-perf5000-002182-fee3dda1,1777539092108,1777539092147,202,39.401
2183,exp-perf5000-002183-4638fc92,1777539092108,1777539092146,202,37.510
2184,exp-perf5000-002184-1a3ab575,1777539092109,1777539092148,202,39.099
2185,exp-perf5000-002185-fe72f978,1777539092109,1777539092147,202,37.355
2186,exp-perf5000-002186-b6af4bd8,1777539092109,1777539092149,202,39.560
2187,exp-perf5000-002187-c48a8ab5,1777539092110,1777539092147,202,37.474
2188,exp-perf5000-002188-1bfd8b2b,1777539092110,1777539092150,202,39.517
2189,exp-perf5000-002189-0c442d11,1777539092111,1777539092148,202,37.663
2190,exp-perf5000-002190-b7c4cce6,1777539092111,1777539092150,202,39.404
2191,exp-perf5000-002191-dc2e6709,1777539092111,1777539092149,202,37.635
2192,exp-perf5000-002192-30024e87,1777539092111,1777539092151,202,39.336
2193,exp-perf5000-002193-7c82ba12,1777539092112,1777539092149,202,37.518
2194,exp-perf5000-002194-b56fd58e,1777539092112,1777539092151,202,39.336
2195,exp-perf5000-002195-d189ea44,1777539092113,1777539092150,202,37.568
2196,exp-perf5000-002196-824c4ed4,1777539092113,1777539092152,202,39.453
2197,exp-perf5000-002197-eef64f70,1777539092113,1777539092151,202,37.636
2198,exp-perf5000-002198-5158ca34,1777539092114,1777539092153,202,39.303
2199,exp-perf5000-002199-d2998d69,1777539092114,1777539092152,202,37.870
2200,exp-perf5000-002200-28cc0e32,1777539092114,1777539092153,202,39.281
2201,exp-perf5000-002201-57001df1,1777539092115,1777539092152,202,37.695
2202,exp-perf5000-002202-4848e60a,1777539092115,1777539092154,202,39.502
2203,exp-perf5000-002203-894e2af3,1777539092115,1777539092153,202,37.548
2204,exp-perf5000-002204-e68e89a3,1777539092116,1777539092155,202,38.914
2205,exp-perf5000-002205-a3d69b04,1777539092116,1777539092154,202,37.421
2206,exp-perf5000-002206-2f1b24af,1777539092116,1777539092156,202,39.598
2207,exp-perf5000-002207-a5609a97,1777539092117,1777539092154,202,37.388
2208,exp-perf5000-002208-9862510d,1777539092117,1777539092156,202,39.213
2209,exp-perf5000-002209-abbe0497,1777539092117,1777539092155,202,37.649
2210,exp-perf5000-002210-0a311c86,1777539092118,1777539092157,202,39.473
2211,exp-perf5000-002211-d3fd1eb5,1777539092118,1777539092156,202,37.267
2212,exp-perf5000-002212-674f135d,1777539092119,1777539092158,202,39.035
2213,exp-perf5000-002213-1be8e0a1,1777539092119,1777539092156,202,37.268
2214,exp-perf5000-002214-f63c16c3,1777539092119,1777539092158,202,38.830
2215,exp-perf5000-002215-e779f98a,1777539092120,1777539092157,202,36.699
2216,exp-perf5000-002216-a0482121,1777539092120,1777539092158,202,37.429
2217,exp-perf5000-002217-4c85f590,1777539092121,1777539092159,202,38.286
2218,exp-perf5000-002218-19af8a5c,1777539092121,1777539092158,202,37.575
2219,exp-perf5000-002219-94235d11,1777539092122,1777539092159,202,37.521
2220,exp-perf5000-002220-e59e19dd,1777539092122,1777539092160,202,38.012
2221,exp-perf5000-002221-95bd930c,1777539092122,1777539092160,202,38.138
2222,exp-perf5000-002222-e2dcdca3,1777539092122,1777539092160,202,37.488
2223,exp-perf5000-002223-35e20247,1777539092123,1777539092160,202,37.411
2224,exp-perf5000-002224-8042731b,1777539092123,1777539092161,202,38.495
2225,exp-perf5000-002225-d03b8a06,1777539092123,1777539092161,202,37.739
2226,exp-perf5000-002226-d9ece255,1777539092124,1777539092162,202,38.270
2227,exp-perf5000-002227-ca741a83,1777539092124,1777539092162,202,37.660
2228,exp-perf5000-002228-bc560c40,1777539092124,1777539092163,202,38.145
2229,exp-perf5000-002229-a12bec7a,1777539092125,1777539092162,202,37.323
2230,exp-perf5000-002230-a6da5606,1777539092125,1777539092163,202,38.413
2231,exp-perf5000-002231-e957d95e,1777539092125,1777539092164,202,38.524
2232,exp-perf5000-002232-2170782e,1777539092126,1777539092163,202,37.341
2233,exp-perf5000-002233-3944beed,1777539092127,1777539092163,202,36.559
2234,exp-perf5000-002234-bc492a95,1777539092127,1777539092165,202,37.586
2235,exp-perf5000-002235-8ad0ff42,1777539092128,1777539092164,202,36.350
2236,exp-perf5000-002236-12703696,1777539092129,1777539092165,202,35.650
2237,exp-perf5000-002237-04c970b8,1777539092129,1777539092165,202,36.185
2238,exp-perf5000-002238-80661d69,1777539092129,1777539092167,202,37.243
2239,exp-perf5000-002239-5fcc3a2c,1777539092130,1777539092165,202,35.720
2240,exp-perf5000-002240-5dc2dfa1,1777539092131,1777539092167,202,36.759
2241,exp-perf5000-002241-c2966da2,1777539092131,1777539092166,202,35.465
2242,exp-perf5000-002242-0bddca5c,1777539092131,1777539092169,202,37.287
2243,exp-perf5000-002243-98af624e,1777539092131,1777539092167,202,35.640
2244,exp-perf5000-002244-abfd84de,1777539092132,1777539092170,202,37.277
2245,exp-perf5000-002245-e8695438,1777539092133,1777539092168,202,35.348
2246,exp-perf5000-002246-e8d5ab24,1777539092133,1777539092171,202,37.852
2247,exp-perf5000-002247-d92017c3,1777539092133,1777539092169,202,35.702
2248,exp-perf5000-002248-bc7ce582,1777539092134,1777539092169,202,35.347
2249,exp-perf5000-002249-32e217fb,1777539092134,1777539092172,202,37.863
2250,exp-perf5000-002250-c89f9b1d,1777539092135,1777539092170,202,35.439
2251,exp-perf5000-002251-fc64559d,1777539092135,1777539092174,202,38.781
2252,exp-perf5000-002252-0da5a90f,1777539092136,1777539092171,202,35.173
2253,exp-perf5000-002253-f712ccd7,1777539092137,1777539092172,202,35.479
2254,exp-perf5000-002254-62a1a8e4,1777539092137,1777539092174,202,37.666
2255,exp-perf5000-002255-c07046df,1777539092137,1777539092176,202,39.495
2256,exp-perf5000-002256-1370eac3,1777539092138,1777539092176,202,37.867
2257,exp-perf5000-002257-013d589d,1777539092138,1777539092173,202,34.377
2258,exp-perf5000-002258-6f86de41,1777539092138,1777539092173,202,34.777
2259,exp-perf5000-002259-5b3863e9,1777539092138,1777539092177,202,38.376
2260,exp-perf5000-002260-9aab2566,1777539092139,1777539092174,202,34.902
2261,exp-perf5000-002261-419a650e,1777539092139,1777539092177,202,38.185
2262,exp-perf5000-002262-3821c34b,1777539092140,1777539092175,202,35.670
2263,exp-perf5000-002263-809185a5,1777539092140,1777539092178,202,38.207
2264,exp-perf5000-002264-1c27d39e,1777539092141,1777539092179,202,38.045
2265,exp-perf5000-002265-c90f4a6c,1777539092141,1777539092176,202,35.848
2266,exp-perf5000-002266-5dbf7bab,1777539092141,1777539092179,202,37.932
2267,exp-perf5000-002267-27189505,1777539092141,1777539092177,202,35.560
2268,exp-perf5000-002268-807e19db,1777539092142,1777539092177,202,35.350
2269,exp-perf5000-002269-1eda40a2,1777539092142,1777539092180,202,38.172
2270,exp-perf5000-002270-59b6d351,1777539092143,1777539092178,202,35.182
2271,exp-perf5000-002271-1ae2729b,1777539092143,1777539092181,202,37.859
2272,exp-perf5000-002272-6db56047,1777539092143,1777539092181,202,37.992
2273,exp-perf5000-002273-9bd5e125,1777539092143,1777539092178,202,35.203
2274,exp-perf5000-002274-ccce4cc6,1777539092144,1777539092179,202,34.938
2275,exp-perf5000-002275-3f85de83,1777539092144,1777539092182,202,37.571
2276,exp-perf5000-002276-9b4fd19f,1777539092145,1777539092181,202,36.014
2277,exp-perf5000-002277-02fc15cd,1777539092145,1777539092182,202,37.473
2278,exp-perf5000-002278-af4b5048,1777539092145,1777539092183,202,37.546
2279,exp-perf5000-002279-76edf545,1777539092145,1777539092181,202,35.213
2280,exp-perf5000-002280-12147953,1777539092146,1777539092184,202,37.671
2281,exp-perf5000-002281-352cb11e,1777539092146,1777539092181,202,35.056
2282,exp-perf5000-002282-0019e903,1777539092147,1777539092182,202,35.075
2283,exp-perf5000-002283-0142a734,1777539092147,1777539092184,202,37.259
2284,exp-perf5000-002284-ddf99bdb,1777539092147,1777539092182,202,34.709
2285,exp-perf5000-002285-c2ea0c4d,1777539092148,1777539092185,202,36.931
2286,exp-perf5000-002286-513b0354,1777539092148,1777539092185,202,37.318
2287,exp-perf5000-002287-ec81c2a3,1777539092148,1777539092183,202,34.656
2288,exp-perf5000-002288-b835ce97,1777539092149,1777539092183,202,34.363
2289,exp-perf5000-002289-bab1663d,1777539092149,1777539092186,202,36.843
2290,exp-perf5000-002290-a6c736cc,1777539092150,1777539092184,202,34.715
2291,exp-perf5000-002291-a71e8226,1777539092150,1777539092187,202,36.965
2292,exp-perf5000-002292-f7700ce9,1777539092150,1777539092187,202,37.134
2293,exp-perf5000-002293-b6c9645f,1777539092150,1777539092185,202,34.611
2294,exp-perf5000-002294-07b1a278,1777539092151,1777539092188,202,37.085
2295,exp-perf5000-002295-7f5cbc38,1777539092151,1777539092185,202,34.435
2296,exp-perf5000-002296-d4a3210c,1777539092152,1777539092189,202,37.029
2297,exp-perf5000-002297-d10da238,1777539092152,1777539092186,202,34.441
2298,exp-perf5000-002298-0632e804,1777539092152,1777539092187,202,34.591
2299,exp-perf5000-002299-89f2e646,1777539092152,1777539092189,202,36.965
2300,exp-perf5000-002300-fd0e9707,1777539092153,1777539092188,202,34.634
2301,exp-perf5000-002301-e8a383c1,1777539092153,1777539092190,202,37.067
2302,exp-perf5000-002302-e469e943,1777539092153,1777539092191,202,37.877
2303,exp-perf5000-002303-d6dae95b,1777539092154,1777539092188,202,34.501
2304,exp-perf5000-002304-e21a046d,1777539092154,1777539092189,202,34.748
2305,exp-perf5000-002305-a846bace,1777539092154,1777539092192,202,37.321
2306,exp-perf5000-002306-0b488583,1777539092155,1777539092194,202,39.425
2307,exp-perf5000-002307-c5a8d19a,1777539092155,1777539092190,202,34.597
2308,exp-perf5000-002308-513cf322,1777539092156,1777539092191,202,35.307
2309,exp-perf5000-002309-8ec0abf7,1777539092156,1777539092194,202,38.139
2310,exp-perf5000-002310-1a1a04db,1777539092156,1777539092195,202,38.305
2311,exp-perf5000-002311-a17c7e2a,1777539092156,1777539092192,202,35.219
2312,exp-perf5000-002312-6f7f080b,1777539092157,1777539092192,202,35.261
2313,exp-perf5000-002313-0189277a,1777539092157,1777539092195,202,37.271
2314,exp-perf5000-002314-56a0f277,1777539092158,1777539092197,202,39.744
2315,exp-perf5000-002315-6f8d48a1,1777539092158,1777539092193,202,35.115
2316,exp-perf5000-002316-46d25594,1777539092158,1777539092197,202,38.947
2317,exp-perf5000-002317-d1a88b78,1777539092159,1777539092194,202,35.093
2318,exp-perf5000-002318-33138ecb,1777539092159,1777539092198,202,39.188
2319,exp-perf5000-002319-e5d59e3f,1777539092159,1777539092195,202,35.416
2320,exp-perf5000-002320-b960ca0f,1777539092160,1777539092200,202,40.214
2321,exp-perf5000-002321-9799c041,1777539092160,1777539092195,202,35.094
2322,exp-perf5000-002322-eccf2fc9,1777539092160,1777539092195,202,35.199
2323,exp-perf5000-002323-bf2286db,1777539092161,1777539092200,202,39.162
2324,exp-perf5000-002324-ef98ceb5,1777539092161,1777539092196,202,34.828
2325,exp-perf5000-002325-aae4cda2,1777539092161,1777539092201,202,39.134
2326,exp-perf5000-002326-8e0cccbf,1777539092162,1777539092201,202,39.283
2327,exp-perf5000-002327-bd9147d2,1777539092162,1777539092197,202,34.764
2328,exp-perf5000-002328-8cf523fd,1777539092162,1777539092198,202,35.500
2329,exp-perf5000-002329-3e05621b,1777539092163,1777539092203,202,40.166
2330,exp-perf5000-002330-1642f157,1777539092163,1777539092202,202,39.316
2331,exp-perf5000-002331-884fb84f,1777539092163,1777539092203,202,39.372
2332,exp-perf5000-002332-67118cbb,1777539092163,1777539092204,202,40.399
2333,exp-perf5000-002333-5c86210d,1777539092164,1777539092204,202,40.161
2334,exp-perf5000-002334-c5401108,1777539092164,1777539092203,202,38.677
2335,exp-perf5000-002335-f042ae86,1777539092165,1777539092205,202,40.175
2336,exp-perf5000-002336-0b147f93,1777539092165,1777539092203,202,37.913
2337,exp-perf5000-002337-c5fe23bd,1777539092165,1777539092203,202,37.430
2338,exp-perf5000-002338-8c7531ad,1777539092166,1777539092206,202,40.254
2339,exp-perf5000-002339-0a0b66ce,1777539092166,1777539092202,202,36.034
2340,exp-perf5000-002340-f63d954c,1777539092167,1777539092207,202,40.001
2341,exp-perf5000-002341-d843b56f,1777539092167,1777539092204,202,36.476
2342,exp-perf5000-002342-f022fba8,1777539092167,1777539092207,202,40.111
2343,exp-perf5000-002343-41bceee4,1777539092168,1777539092204,202,35.832
2344,exp-perf5000-002344-f351f24f,1777539092169,1777539092210,202,41.181
2345,exp-perf5000-002345-714a5aae,1777539092169,1777539092204,202,35.560
2346,exp-perf5000-002346-4435a1f0,1777539092169,1777539092205,202,35.811
2347,exp-perf5000-002347-cbece565,1777539092170,1777539092209,202,39.716
2348,exp-perf5000-002348-e1736c27,1777539092170,1777539092206,202,35.782
2349,exp-perf5000-002349-444b447d,1777539092171,1777539092210,202,39.468
2350,exp-perf5000-002350-4f7d691c,1777539092171,1777539092207,202,35.618
2351,exp-perf5000-002351-ed8c33a6,1777539092172,1777539092211,202,39.307
2352,exp-perf5000-002352-97047405,1777539092172,1777539092208,202,35.588
2353,exp-perf5000-002353-85df85f2,1777539092173,1777539092210,202,37.059
2354,exp-perf5000-002354-b6102ad9,1777539092173,1777539092210,202,36.777
2355,exp-perf5000-002355-657aa23f,1777539092174,1777539092212,202,38.343
2356,exp-perf5000-002356-83a23113,1777539092174,1777539092211,202,36.675
2357,exp-perf5000-002357-09e400d2,1777539092174,1777539092213,202,38.314
2358,exp-perf5000-002358-088eb515,1777539092176,1777539092212,202,36.059
2359,exp-perf5000-002359-b67e26a2,1777539092176,1777539092214,202,37.714
2360,exp-perf5000-002360-5e4a350e,1777539092177,1777539092212,202,35.890
2361,exp-perf5000-002361-04ce173c,1777539092177,1777539092215,202,37.909
2362,exp-perf5000-002362-59fc7e75,1777539092177,1777539092213,202,36.097
2363,exp-perf5000-002363-baf5cbd4,1777539092177,1777539092215,202,38.208
2364,exp-perf5000-002364-f85c6767,1777539092177,1777539092214,202,36.358
2365,exp-perf5000-002365-ab5fafca,1777539092177,1777539092216,202,38.904
2366,exp-perf5000-002366-9669dd53,1777539092178,1777539092214,202,36.409
2367,exp-perf5000-002367-e59fcc9e,1777539092178,1777539092217,202,38.567
2368,exp-perf5000-002368-391e0304,1777539092178,1777539092215,202,36.507
2369,exp-perf5000-002369-a5333444,1777539092179,1777539092217,202,38.824
2370,exp-perf5000-002370-66a27867,1777539092179,1777539092216,202,36.685
2371,exp-perf5000-002371-bde125e1,1777539092179,1777539092218,202,39.120
2372,exp-perf5000-002372-e3495b17,1777539092180,1777539092219,202,38.991
2373,exp-perf5000-002373-b66bfc53,1777539092181,1777539092217,202,36.118
2374,exp-perf5000-002374-712b2b56,1777539092181,1777539092220,202,39.198
2375,exp-perf5000-002375-97f1fb63,1777539092181,1777539092217,202,36.295
2376,exp-perf5000-002376-7ffdc09b,1777539092181,1777539092218,202,36.653
2377,exp-perf5000-002377-c5336b55,1777539092181,1777539092221,202,39.481
2378,exp-perf5000-002378-205174b5,1777539092182,1777539092221,202,39.743
2379,exp-perf5000-002379-43171774,1777539092182,1777539092219,202,37.040
2380,exp-perf5000-002380-e5e1f586,1777539092182,1777539092222,202,40.113
2381,exp-perf5000-002381-8ffbf9e3,1777539092182,1777539092220,202,37.211
2382,exp-perf5000-002382-88f77b42,1777539092183,1777539092223,202,40.074
2383,exp-perf5000-002383-6e50b815,1777539092183,1777539092220,202,37.265
2384,exp-perf5000-002384-340a9a92,1777539092183,1777539092221,202,37.652
2385,exp-perf5000-002385-8de11c33,1777539092184,1777539092224,202,40.216
2386,exp-perf5000-002386-5bf9ed25,1777539092184,1777539092225,202,40.602
2387,exp-perf5000-002387-2798ea69,1777539092184,1777539092222,202,37.690
2388,exp-perf5000-002388-b8dd2355,1777539092185,1777539092225,202,40.779
2389,exp-perf5000-002389-8de71dc5,1777539092185,1777539092223,202,37.813
2390,exp-perf5000-002390-ef08d1f0,1777539092185,1777539092226,202,40.579
2391,exp-perf5000-002391-9b2f3768,1777539092186,1777539092223,202,37.873
2392,exp-perf5000-002392-4e9010a7,1777539092186,1777539092227,202,40.685
2393,exp-perf5000-002393-bdf22f4c,1777539092186,1777539092224,202,38.060
2394,exp-perf5000-002394-365e579b,1777539092187,1777539092227,202,40.773
2395,exp-perf5000-002395-fa77aadf,1777539092187,1777539092225,202,37.987
2396,exp-perf5000-002396-0a429904,1777539092187,1777539092228,202,40.852
2397,exp-perf5000-002397-dd9dc476,1777539092188,1777539092226,202,38.084
2398,exp-perf5000-002398-4a099350,1777539092188,1777539092229,202,40.825
2399,exp-perf5000-002399-1f806bf1,1777539092188,1777539092226,202,38.041
2400,exp-perf5000-002400-11cc5b2f,1777539092189,1777539092230,202,40.985
2401,exp-perf5000-002401-8f5e1ecc,1777539092189,1777539092227,202,37.633
2402,exp-perf5000-002402-f69f05c1,1777539092189,1777539092230,202,40.842
2403,exp-perf5000-002403-4a973d47,1777539092190,1777539092227,202,37.487
2404,exp-perf5000-002404-47ef5566,1777539092190,1777539092231,202,40.856
2405,exp-perf5000-002405-8f62b235,1777539092191,1777539092228,202,37.011
2406,exp-perf5000-002406-3d1d8d26,1777539092191,1777539092232,202,40.379
2407,exp-perf5000-002407-c2947c54,1777539092192,1777539092229,202,36.906
2408,exp-perf5000-002408-600f7410,1777539092192,1777539092232,202,40.619
2409,exp-perf5000-002409-f49a08c2,1777539092192,1777539092229,202,36.959
2410,exp-perf5000-002410-8fb8ca29,1777539092193,1777539092230,202,36.846
2411,exp-perf5000-002411-0dcecbe6,1777539092194,1777539092231,202,36.929
2412,exp-perf5000-002412-407958d5,1777539092194,1777539092233,202,39.087
2413,exp-perf5000-002413-1ee21a99,1777539092194,1777539092234,202,39.832
2414,exp-perf5000-002414-dbbf5ee6,1777539092195,1777539092235,202,39.949
2415,exp-perf5000-002415-8d630404,1777539092195,1777539092235,202,40.671
2416,exp-perf5000-002416-f379f4d0,1777539092195,1777539092231,202,36.370
2417,exp-perf5000-002417-0f0cd316,1777539092195,1777539092232,202,36.902
2418,exp-perf5000-002418-cd63fb82,1777539092195,1777539092233,202,37.174
2419,exp-perf5000-002419-e39478a8,1777539092196,1777539092233,202,37.262
2420,exp-perf5000-002420-8e7a6767,1777539092197,1777539092234,202,37.074
2421,exp-perf5000-002421-49264275,1777539092197,1777539092236,202,38.806
2422,exp-perf5000-002422-be1f8b64,1777539092197,1777539092237,202,39.191
2423,exp-perf5000-002423-f97a9f23,1777539092198,1777539092235,202,36.915
2424,exp-perf5000-002424-d16e4d72,1777539092198,1777539092237,202,39.287
2425,exp-perf5000-002425-b49dd318,1777539092200,1777539092238,202,38.340
2426,exp-perf5000-002426-6921e7f3,1777539092200,1777539092239,202,38.657
2427,exp-perf5000-002427-9d81c082,1777539092201,1777539092239,202,38.672
2428,exp-perf5000-002428-a2cb1bd5,1777539092201,1777539092240,202,38.916
2429,exp-perf5000-002429-3b8219ce,1777539092202,1777539092235,202,32.838
2430,exp-perf5000-002430-355a6456,1777539092203,1777539092236,202,33.348
2431,exp-perf5000-002431-0d30ed20,1777539092203,1777539092236,202,33.517
2432,exp-perf5000-002432-f5be9a4d,1777539092203,1777539092237,202,34.107
2433,exp-perf5000-002433-b74164f1,1777539092203,1777539092241,202,37.690
2434,exp-perf5000-002434-e6793617,1777539092203,1777539092238,202,34.563
2435,exp-perf5000-002435-47673c04,1777539092203,1777539092238,202,35.018
2436,exp-perf5000-002436-ae8ccba6,1777539092204,1777539092239,202,35.383
2437,exp-perf5000-002437-aa07d734,1777539092204,1777539092241,202,37.531
2438,exp-perf5000-002438-2ddd58e7,1777539092204,1777539092240,202,35.627
2439,exp-perf5000-002439-cd8ca7bf,1777539092204,1777539092242,202,37.947
2440,exp-perf5000-002440-ed057abe,1777539092204,1777539092240,202,35.923
2441,exp-perf5000-002441-c241b29e,1777539092205,1777539092243,202,37.846
2442,exp-perf5000-002442-5c5240db,1777539092205,1777539092241,202,35.735
2443,exp-perf5000-002443-095fd95f,1777539092206,1777539092244,202,37.814
2444,exp-perf5000-002444-f0189d5b,1777539092206,1777539092242,202,35.467
2445,exp-perf5000-002445-9e6be5d1,1777539092207,1777539092244,202,37.648
2446,exp-perf5000-002446-305eed34,1777539092207,1777539092242,202,35.509
2447,exp-perf5000-002447-07cfa9e8,1777539092208,1777539092245,202,37.426
2448,exp-perf5000-002448-c1ea3fc1,1777539092208,1777539092243,202,35.233
2449,exp-perf5000-002449-d0d9adad,1777539092210,1777539092246,202,36.663
2450,exp-perf5000-002450-43809748,1777539092210,1777539092246,202,35.669
2451,exp-perf5000-002451-dc67ccdc,1777539092210,1777539092243,202,33.465
2452,exp-perf5000-002452-3320a4dd,1777539092210,1777539092244,202,33.877
2453,exp-perf5000-002453-3e937b62,1777539092210,1777539092247,202,36.468
2454,exp-perf5000-002454-dac8bb41,1777539092211,1777539092245,202,33.907
2455,exp-perf5000-002455-21ce6276,1777539092211,1777539092248,202,36.245
2456,exp-perf5000-002456-06a28cbd,1777539092212,1777539092245,202,33.600
2457,exp-perf5000-002457-addb8117,1777539092212,1777539092248,202,36.369
2458,exp-perf5000-002458-cec57fe0,1777539092212,1777539092246,202,33.468
2459,exp-perf5000-002459-5d00a578,1777539092213,1777539092249,202,36.465
2460,exp-perf5000-002460-da8c3e5b,1777539092213,1777539092247,202,33.485
2461,exp-perf5000-002461-b986091e,1777539092214,1777539092247,202,33.406
2462,exp-perf5000-002462-c656756e,1777539092214,1777539092250,202,35.770
2463,exp-perf5000-002463-ef2fa278,1777539092214,1777539092248,202,33.774
2464,exp-perf5000-002464-10040f0d,1777539092215,1777539092251,202,35.901
2465,exp-perf5000-002465-3b54d0d1,1777539092215,1777539092249,202,33.863
2466,exp-perf5000-002466-429dbbc2,1777539092215,1777539092251,202,35.927
2467,exp-perf5000-002467-56b914c7,1777539092216,1777539092250,202,33.732
2468,exp-perf5000-002468-79553ae7,1777539092216,1777539092252,202,35.446
2469,exp-perf5000-002469-28546ab7,1777539092217,1777539092250,202,33.452
2470,exp-perf5000-002470-ab0b4920,1777539092217,1777539092253,202,35.712
2471,exp-perf5000-002471-2b77213b,1777539092217,1777539092251,202,33.678
2472,exp-perf5000-002472-3fb59395,1777539092218,1777539092254,202,36.138
2473,exp-perf5000-002473-c0f24022,1777539092218,1777539092252,202,33.653
2474,exp-perf5000-002474-31052128,1777539092218,1777539092254,202,35.919
2475,exp-perf5000-002475-07807bff,1777539092219,1777539092252,202,33.291
2476,exp-perf5000-002476-dffbc50a,1777539092219,1777539092256,202,36.727
2477,exp-perf5000-002477-308cd45a,1777539092220,1777539092253,202,33.237
2478,exp-perf5000-002478-05ff5d13,1777539092220,1777539092256,202,35.904
2479,exp-perf5000-002479-3b091bad,1777539092220,1777539092254,202,33.534
2480,exp-perf5000-002480-cf07cc34,1777539092221,1777539092256,202,35.430
2481,exp-perf5000-002481-0260e386,1777539092221,1777539092255,202,33.403
2482,exp-perf5000-002482-641e948b,1777539092222,1777539092257,202,35.506
2483,exp-perf5000-002483-ceebb301,1777539092222,1777539092255,202,32.925
2484,exp-perf5000-002484-25ea3dc6,1777539092222,1777539092258,202,35.431
2485,exp-perf5000-002485-19edb513,1777539092223,1777539092256,202,32.958
2486,exp-perf5000-002486-4385afbe,1777539092223,1777539092259,202,35.498
2487,exp-perf5000-002487-aa98292d,1777539092223,1777539092257,202,33.076
2488,exp-perf5000-002488-5b8de58a,1777539092224,1777539092259,202,35.554
2489,exp-perf5000-002489-8c0b5b8e,1777539092224,1777539092257,202,32.790
2490,exp-perf5000-002490-7833fa31,1777539092225,1777539092260,202,35.549
2491,exp-perf5000-002491-365029d3,1777539092225,1777539092258,202,32.708
2492,exp-perf5000-002492-062b6b4f,1777539092226,1777539092261,202,35.645
2493,exp-perf5000-002493-e4aa04a1,1777539092226,1777539092258,202,32.697
2494,exp-perf5000-002494-0a26ec9c,1777539092226,1777539092262,202,35.654
2495,exp-perf5000-002495-9727736d,1777539092226,1777539092259,202,32.869
2496,exp-perf5000-002496-b216456c,1777539092227,1777539092260,202,33.295
2497,exp-perf5000-002497-8c5439d6,1777539092227,1777539092263,202,35.973
2498,exp-perf5000-002498-b2ad3946,1777539092227,1777539092261,202,33.936
2499,exp-perf5000-002499-7dff994f,1777539092227,1777539092264,202,36.270
2500,exp-perf5000-002500-d8882aee,1777539092228,1777539092262,202,34.434
2501,exp-perf5000-002501-79ef4907,1777539092228,1777539092265,202,36.272
2502,exp-perf5000-002502-a345a349,1777539092229,1777539092264,202,35.320
2503,exp-perf5000-002503-09ea9bb5,1777539092229,1777539092265,202,36.219
2504,exp-perf5000-002504-11a39398,1777539092229,1777539092264,202,34.929
2505,exp-perf5000-002505-1d0b47a5,1777539092230,1777539092266,202,35.851
2506,exp-perf5000-002506-d941e9c4,1777539092230,1777539092265,202,34.829
2507,exp-perf5000-002507-df84d6b6,1777539092230,1777539092266,202,35.935
2508,exp-perf5000-002508-473a606b,1777539092231,1777539092265,202,34.691
2509,exp-perf5000-002509-843cf69d,1777539092231,1777539092267,202,35.912
2510,exp-perf5000-002510-5805a2c0,1777539092231,1777539092266,202,34.631
2511,exp-perf5000-002511-f6603147,1777539092232,1777539092268,202,35.916
2512,exp-perf5000-002512-e48d602c,1777539092232,1777539092267,202,34.498
2513,exp-perf5000-002513-7eb19ca6,1777539092233,1777539092268,202,35.909
2514,exp-perf5000-002514-26d4188a,1777539092233,1777539092267,202,34.619
2515,exp-perf5000-002515-c1eef431,1777539092233,1777539092269,202,35.866
2516,exp-perf5000-002516-080e8e9b,1777539092233,1777539092268,202,34.596
2517,exp-perf5000-002517-f6ad1b91,1777539092234,1777539092269,202,34.656
2518,exp-perf5000-002518-5a2a42df,1777539092234,1777539092270,202,35.625
2519,exp-perf5000-002519-064ac97e,1777539092235,1777539092270,202,35.861
2520,exp-perf5000-002520-b717cf21,1777539092235,1777539092269,202,34.625
2521,exp-perf5000-002521-e58dd5eb,1777539092235,1777539092270,202,34.666
2522,exp-perf5000-002522-fa3bf04d,1777539092236,1777539092271,202,35.721
2523,exp-perf5000-002523-8dc98cc0,1777539092236,1777539092270,202,34.530
2524,exp-perf5000-002524-e9c60dab,1777539092236,1777539092272,202,35.509
2525,exp-perf5000-002525-eb8e0dd6,1777539092236,1777539092271,202,34.567
2526,exp-perf5000-002526-08375560,1777539092237,1777539092272,202,35.598
2527,exp-perf5000-002527-0289a8cb,1777539092237,1777539092272,202,34.669
2528,exp-perf5000-002528-145db20f,1777539092237,1777539092273,202,35.535
2529,exp-perf5000-002529-184f7275,1777539092238,1777539092272,202,34.490
2530,exp-perf5000-002530-977a5aeb,1777539092238,1777539092274,202,35.687
2531,exp-perf5000-002531-a8dd9892,1777539092238,1777539092273,202,34.545
2532,exp-perf5000-002532-1b88c539,1777539092239,1777539092274,202,35.513
2533,exp-perf5000-002533-6eb0590f,1777539092239,1777539092274,202,34.500
2534,exp-perf5000-002534-74c592e7,1777539092239,1777539092275,202,35.604
2535,exp-perf5000-002535-30cd5a00,1777539092240,1777539092274,202,34.602
2536,exp-perf5000-002536-10362516,1777539092240,1777539092276,202,35.628
2537,exp-perf5000-002537-5d4c3bd2,1777539092240,1777539092275,202,34.836
2538,exp-perf5000-002538-c428f1d3,1777539092241,1777539092276,202,35.606
2539,exp-perf5000-002539-e5aa1fce,1777539092241,1777539092276,202,34.905
2540,exp-perf5000-002540-efec2285,1777539092242,1777539092277,202,35.639
2541,exp-perf5000-002541-2870dfea,1777539092242,1777539092277,202,34.974
2542,exp-perf5000-002542-e57f1f53,1777539092242,1777539092278,202,35.607
2543,exp-perf5000-002543-e5566a5d,1777539092242,1777539092277,202,34.806
2544,exp-perf5000-002544-d72c5cad,1777539092243,1777539092279,202,35.902
2545,exp-perf5000-002545-5b80b066,1777539092243,1777539092278,202,34.938
2546,exp-perf5000-002546-7523adf2,1777539092243,1777539092279,202,35.101
2547,exp-perf5000-002547-15810b04,1777539092244,1777539092279,202,35.605
2548,exp-perf5000-002548-56ddfd17,1777539092244,1777539092279,202,35.234
2549,exp-perf5000-002549-7518ca71,1777539092244,1777539092280,202,35.729
2550,exp-perf5000-002550-08ec93dc,1777539092245,1777539092280,202,35.157
2551,exp-perf5000-002551-54eaae2e,1777539092245,1777539092281,202,35.875
2552,exp-perf5000-002552-575e623a,1777539092245,1777539092281,202,35.352
2553,exp-perf5000-002553-ce4c70a9,1777539092246,1777539092282,202,35.944
2554,exp-perf5000-002554-12fcd149,1777539092246,1777539092281,202,35.265
2555,exp-perf5000-002555-87b6dc47,1777539092246,1777539092282,202,36.046
2556,exp-perf5000-002556-9291c607,1777539092247,1777539092282,202,35.372
2557,exp-perf5000-002557-f0931f59,1777539092247,1777539092283,202,36.099
2558,exp-perf5000-002558-b729a5d1,1777539092247,1777539092283,202,35.413
2559,exp-perf5000-002559-23ac792c,1777539092248,1777539092284,202,36.227
2560,exp-perf5000-002560-1ea9faee,1777539092248,1777539092283,202,35.211
2561,exp-perf5000-002561-771d07f6,1777539092248,1777539092285,202,36.405
2562,exp-perf5000-002562-6ae09ff4,1777539092249,1777539092284,202,35.130
2563,exp-perf5000-002563-f745e620,1777539092249,1777539092285,202,36.167
2564,exp-perf5000-002564-10611682,1777539092250,1777539092285,202,35.042
2565,exp-perf5000-002565-f1227bf2,1777539092250,1777539092286,202,36.610
2566,exp-perf5000-002566-ff16ba72,1777539092250,1777539092285,202,34.918
2567,exp-perf5000-002567-b5ba60e9,1777539092251,1777539092287,202,36.508
2568,exp-perf5000-002568-e06c44f4,1777539092251,1777539092286,202,35.522
2569,exp-perf5000-002569-349e4bed,1777539092251,1777539092288,202,36.872
2570,exp-perf5000-002570-28772db8,1777539092252,1777539092287,202,35.286
2571,exp-perf5000-002571-47966434,1777539092252,1777539092289,202,36.732
2572,exp-perf5000-002572-11e9012f,1777539092252,1777539092288,202,35.340
2573,exp-perf5000-002573-e0fc1a2d,1777539092253,1777539092289,202,36.510
2574,exp-perf5000-002574-e4fb5012,1777539092253,1777539092288,202,35.457
2575,exp-perf5000-002575-6e002d7a,1777539092254,1777539092290,202,36.467
2576,exp-perf5000-002576-d5506524,1777539092254,1777539092289,202,35.023
2577,exp-perf5000-002577-07f2e38c,1777539092254,1777539092291,202,36.165
2578,exp-perf5000-002578-49e899f7,1777539092255,1777539092290,202,34.994
2579,exp-perf5000-002579-e4f9aa95,1777539092255,1777539092291,202,35.632
2580,exp-perf5000-002580-1a95cb73,1777539092256,1777539092291,202,35.140
2581,exp-perf5000-002581-948f6649,1777539092256,1777539092291,202,35.355
2582,exp-perf5000-002582-c8c192f8,1777539092256,1777539092292,202,35.869
2583,exp-perf5000-002583-1e3aeedd,1777539092256,1777539092293,202,36.501
2584,exp-perf5000-002584-fd80617d,1777539092257,1777539092292,202,34.967
2585,exp-perf5000-002585-c787ecb5,1777539092257,1777539092294,202,36.618
2586,exp-perf5000-002586-e3589acb,1777539092257,1777539092292,202,35.088
2587,exp-perf5000-002587-4ace84f8,1777539092258,1777539092293,202,35.455
2588,exp-perf5000-002588-3e8767e3,1777539092258,1777539092294,202,36.472
2589,exp-perf5000-002589-f02e117e,1777539092258,1777539092294,202,35.587
2590,exp-perf5000-002590-9f5d929f,1777539092259,1777539092295,202,36.773
2591,exp-perf5000-002591-dabcffc7,1777539092259,1777539092295,202,35.623
2592,exp-perf5000-002592-ff37c5d4,1777539092260,1777539092296,202,36.391
2593,exp-perf5000-002593-5b893cca,1777539092260,1777539092296,202,35.623
2594,exp-perf5000-002594-5c387745,1777539092260,1777539092297,202,36.267
2595,exp-perf5000-002595-e7687964,1777539092261,1777539092296,202,35.026
2596,exp-perf5000-002596-b861c91c,1777539092261,1777539092297,202,35.931
2597,exp-perf5000-002597-d6857a6f,1777539092262,1777539092298,202,36.357
2598,exp-perf5000-002598-775e2527,1777539092263,1777539092297,202,34.319
2599,exp-perf5000-002599-c9f0b1b1,1777539092263,1777539092299,202,36.142
2600,exp-perf5000-002600-c180f428,1777539092264,1777539092300,202,36.049
2601,exp-perf5000-002601-07cf80bd,1777539092264,1777539092298,202,33.753
2602,exp-perf5000-002602-2a8b0b6c,1777539092264,1777539092299,202,34.255
2603,exp-perf5000-002603-d4506623,1777539092265,1777539092300,202,35.936
2604,exp-perf5000-002604-e9351070,1777539092265,1777539092300,202,34.766
2605,exp-perf5000-002605-cfc4faf3,1777539092265,1777539092301,202,36.266
2606,exp-perf5000-002606-4f5cb932,1777539092265,1777539092301,202,35.114
2607,exp-perf5000-002607-c4fb9d75,1777539092266,1777539092302,202,36.591
2608,exp-perf5000-002608-23bb49cb,1777539092266,1777539092302,202,35.604
2609,exp-perf5000-002609-5e4382d7,1777539092266,1777539092303,202,36.504
2610,exp-perf5000-002610-24a8e66e,1777539092267,1777539092303,202,36.467
2611,exp-perf5000-002611-3eb01e37,1777539092267,1777539092304,202,37.107
2612,exp-perf5000-002612-dcafa559,1777539092267,1777539092304,202,36.175
2613,exp-perf5000-002613-7269f253,1777539092268,1777539092305,202,36.743
2614,exp-perf5000-002614-79e59f61,1777539092268,1777539092304,202,36.161
2615,exp-perf5000-002615-1ac38959,1777539092268,1777539092305,202,36.805
2616,exp-perf5000-002616-99b3cc10,1777539092269,1777539092305,202,36.218
2617,exp-perf5000-002617-82a68904,1777539092269,1777539092306,202,37.011
2618,exp-perf5000-002618-f2ebca22,1777539092269,1777539092306,202,36.495
2619,exp-perf5000-002619-caf169d7,1777539092270,1777539092307,202,36.977
2620,exp-perf5000-002620-7de8cef4,1777539092270,1777539092307,202,36.545
2621,exp-perf5000-002621-e20b1ab4,1777539092271,1777539092307,202,36.736
2622,exp-perf5000-002622-a6e06aa6,1777539092271,1777539092307,202,36.787
2623,exp-perf5000-002623-2b4945b7,1777539092271,1777539092308,202,36.900
2624,exp-perf5000-002624-499925e8,1777539092271,1777539092308,202,36.547
2625,exp-perf5000-002625-fc6b511a,1777539092272,1777539092309,202,36.835
2626,exp-perf5000-002626-6f4508c4,1777539092272,1777539092309,202,36.917
2627,exp-perf5000-002627-26cebf38,1777539092272,1777539092309,202,36.994
2628,exp-perf5000-002628-d63ad678,1777539092272,1777539092310,202,37.073
2629,exp-perf5000-002629-27d8af00,1777539092273,1777539092310,202,36.944
2630,exp-perf5000-002630-cfb78c18,1777539092273,1777539092310,202,36.974
2631,exp-perf5000-002631-c3d36b4b,1777539092274,1777539092311,202,37.463
2632,exp-perf5000-002632-a7dc82ee,1777539092274,1777539092311,202,37.053
2633,exp-perf5000-002633-edda3a72,1777539092274,1777539092311,202,37.142
2634,exp-perf5000-002634-3cc310a1,1777539092274,1777539092312,202,37.410
2635,exp-perf5000-002635-755cdbeb,1777539092275,1777539092312,202,37.244
2636,exp-perf5000-002636-c69f767c,1777539092275,1777539092313,202,37.267
2637,exp-perf5000-002637-512cbfe9,1777539092276,1777539092313,202,37.159
2638,exp-perf5000-002638-0cf32898,1777539092276,1777539092313,202,37.205
2639,exp-perf5000-002639-3f2f92bb,1777539092277,1777539092314,202,37.655
2640,exp-perf5000-002640-eb27634a,1777539092277,1777539092314,202,37.510
2641,exp-perf5000-002641-76ecd084,1777539092277,1777539092315,202,37.812
2642,exp-perf5000-002642-dbbbd801,1777539092277,1777539092315,202,37.696
2643,exp-perf5000-002643-80fa9037,1777539092278,1777539092316,202,38.035
2644,exp-perf5000-002644-506f306e,1777539092278,1777539092316,202,38.232
2645,exp-perf5000-002645-c7e2ead4,1777539092279,1777539092317,202,38.239
2646,exp-perf5000-002646-4938932e,1777539092279,1777539092317,202,37.825
2647,exp-perf5000-002647-d25d5c96,1777539092279,1777539092317,202,37.904
2648,exp-perf5000-002648-b0c99816,1777539092279,1777539092318,202,38.813
2649,exp-perf5000-002649-4bc55946,1777539092280,1777539092318,202,38.286
2650,exp-perf5000-002650-53baa38d,1777539092280,1777539092318,202,37.890
2651,exp-perf5000-002651-6ff1ca6e,1777539092281,1777539092319,202,37.886
2652,exp-perf5000-002652-9ea77bbb,1777539092281,1777539092319,202,37.666
2653,exp-perf5000-002653-67825375,1777539092281,1777539092320,202,38.713
2654,exp-perf5000-002654-6742c09d,1777539092282,1777539092320,202,38.102
2655,exp-perf5000-002655-19e83c6f,1777539092282,1777539092320,202,38.463
2656,exp-perf5000-002656-41eaaf7b,1777539092282,1777539092321,202,38.385
2657,exp-perf5000-002657-2fdb5639,1777539092283,1777539092321,202,38.458
2658,exp-perf5000-002658-021fc910,1777539092283,1777539092321,202,38.001
2659,exp-perf5000-002659-cbc6c287,1777539092283,1777539092322,202,38.098
2660,exp-perf5000-002660-a7e4c2a4,1777539092284,1777539092322,202,37.630
2661,exp-perf5000-002661-4b1744e8,1777539092284,1777539092322,202,37.977
2662,exp-perf5000-002662-3a07e9f6,1777539092285,1777539092323,202,37.971
2663,exp-perf5000-002663-de4e3a4e,1777539092285,1777539092322,202,37.340
2664,exp-perf5000-002664-12023672,1777539092285,1777539092324,202,38.353
2665,exp-perf5000-002665-93ab9d43,1777539092285,1777539092323,202,37.451
2666,exp-perf5000-002666-067a6976,1777539092287,1777539092323,202,36.856
2667,exp-perf5000-002667-0c385ed8,1777539092287,1777539092324,202,37.638
2668,exp-perf5000-002668-b3d3907a,1777539092287,1777539092326,202,38.827
2669,exp-perf5000-002669-2cfd7663,1777539092287,1777539092324,202,37.015
2670,exp-perf5000-002670-f27c3022,1777539092288,1777539092327,202,38.926
2671,exp-perf5000-002671-9dda186a,1777539092288,1777539092326,202,37.488
2672,exp-perf5000-002672-7e874a2d,1777539092288,1777539092327,202,38.659
2673,exp-perf5000-002673-86774ea5,1777539092289,1777539092326,202,37.248
2674,exp-perf5000-002674-be783245,1777539092289,1777539092328,202,38.952
2675,exp-perf5000-002675-7ec63f82,1777539092289,1777539092326,202,37.142
2676,exp-perf5000-002676-6c94a07b,1777539092290,1777539092329,202,39.177
2677,exp-perf5000-002677-c252732f,1777539092290,1777539092327,202,36.859
2678,exp-perf5000-002678-44de56a7,1777539092291,1777539092328,202,37.655
2679,exp-perf5000-002679-692d3c77,1777539092291,1777539092329,202,38.592
2680,exp-perf5000-002680-3a8e5e52,1777539092291,1777539092330,202,39.251
2681,exp-perf5000-002681-f66d4ca2,1777539092291,1777539092329,202,37.181
2682,exp-perf5000-002682-c2b107c8,1777539092292,1777539092331,202,39.186
2683,exp-perf5000-002683-9ea2a9db,1777539092292,1777539092329,202,37.062
2684,exp-perf5000-002684-000855cb,1777539092292,1777539092331,202,38.886
2685,exp-perf5000-002685-8d98ff9d,1777539092293,1777539092330,202,36.919
2686,exp-perf5000-002686-1bd5f785,1777539092293,1777539092332,202,38.817
2687,exp-perf5000-002687-1fcfaba1,1777539092294,1777539092330,202,36.749
2688,exp-perf5000-002688-7f3ef912,1777539092294,1777539092333,202,39.073
2689,exp-perf5000-002689-924cdd93,1777539092294,1777539092331,202,36.723
2690,exp-perf5000-002690-d8e1ade3,1777539092295,1777539092334,202,39.133
2691,exp-perf5000-002691-5f215f66,1777539092295,1777539092332,202,36.374
2692,exp-perf5000-002692-4763d79e,1777539092296,1777539092334,202,38.788
2693,exp-perf5000-002693-38302f22,1777539092296,1777539092333,202,36.844
2694,exp-perf5000-002694-cc58a24b,1777539092296,1777539092335,202,39.083
2695,exp-perf5000-002695-d4b3b75a,1777539092297,1777539092334,202,37.249
2696,exp-perf5000-002696-0b418a12,1777539092297,1777539092336,202,38.710
2697,exp-perf5000-002697-5b18d4b6,1777539092297,1777539092335,202,37.316
2698,exp-perf5000-002698-c0da43c3,1777539092298,1777539092337,202,38.815
2699,exp-perf5000-002699-b2a3e7d4,1777539092298,1777539092335,202,36.937
2700,exp-perf5000-002700-4382d4b9,1777539092299,1777539092337,202,38.605
2701,exp-perf5000-002701-e8bbea8f,1777539092299,1777539092336,202,36.802
2702,exp-perf5000-002702-ac3c3579,1777539092300,1777539092338,202,38.253
2703,exp-perf5000-002703-48744e08,1777539092300,1777539092336,202,36.401
2704,exp-perf5000-002704-01be8017,1777539092301,1777539092338,202,37.011
2705,exp-perf5000-002705-39bd9ce2,1777539092301,1777539092339,202,37.979
2706,exp-perf5000-002706-313d7253,1777539092301,1777539092338,202,36.750
2707,exp-perf5000-002707-7ea46942,1777539092302,1777539092339,202,37.269
2708,exp-perf5000-002708-0bd6d605,1777539092302,1777539092339,202,36.810
2709,exp-perf5000-002709-8d06c629,1777539092303,1777539092340,202,36.864
2710,exp-perf5000-002710-80c9a975,1777539092303,1777539092340,202,36.937
2711,exp-perf5000-002711-760c5f1d,1777539092304,1777539092341,202,36.998
2712,exp-perf5000-002712-fb81a6cd,1777539092304,1777539092340,202,36.244
2713,exp-perf5000-002713-98c5d5e1,1777539092304,1777539092341,202,36.975
2714,exp-perf5000-002714-6ea6165c,1777539092305,1777539092341,202,36.486
2715,exp-perf5000-002715-3627aac9,1777539092305,1777539092342,202,36.985
2716,exp-perf5000-002716-34fabcf4,1777539092305,1777539092342,202,36.866
2717,exp-perf5000-002717-ecf4c09c,1777539092306,1777539092343,202,36.764
2718,exp-perf5000-002718-f80fd4d6,1777539092306,1777539092343,202,36.321
2719,exp-perf5000-002719-cd0f6939,1777539092307,1777539092343,202,36.819
2720,exp-perf5000-002720-4b548132,1777539092307,1777539092343,202,36.322
2721,exp-perf5000-002721-5aa94c5b,1777539092307,1777539092344,202,36.625
2722,exp-perf5000-002722-0efab25a,1777539092308,1777539092344,202,36.498
2723,exp-perf5000-002723-733c75ed,1777539092308,1777539092345,202,36.746
2724,exp-perf5000-002724-567b175f,1777539092308,1777539092345,202,36.722
2725,exp-perf5000-002725-eb0d93d2,1777539092309,1777539092346,202,36.957
2726,exp-perf5000-002726-f95c8d4c,1777539092309,1777539092345,202,36.502
2727,exp-perf5000-002727-31268668,1777539092309,1777539092346,202,36.753
2728,exp-perf5000-002728-23f1521e,1777539092310,1777539092346,202,36.480
2729,exp-perf5000-002729-b61c98ba,1777539092310,1777539092347,202,36.959
2730,exp-perf5000-002730-2ebc8bbb,1777539092310,1777539092347,202,36.515
2731,exp-perf5000-002731-ac04d419,1777539092311,1777539092348,202,36.982
2732,exp-perf5000-002732-63104d3b,1777539092311,1777539092348,202,36.380
2733,exp-perf5000-002733-4e13fca2,1777539092312,1777539092349,202,37.098
2734,exp-perf5000-002734-1f3ce6bc,1777539092312,1777539092348,202,36.390
2735,exp-perf5000-002735-6ddcdb75,1777539092312,1777539092349,202,36.959
2736,exp-perf5000-002736-68f62747,1777539092313,1777539092349,202,36.414
2737,exp-perf5000-002737-2e94162e,1777539092313,1777539092350,202,37.044
2738,exp-perf5000-002738-a0519f57,1777539092313,1777539092350,202,36.465
2739,exp-perf5000-002739-7171a473,1777539092314,1777539092351,202,36.529
2740,exp-perf5000-002740-7dbfef3c,1777539092314,1777539092350,202,36.087
2741,exp-perf5000-002741-10d7fef1,1777539092315,1777539092352,202,36.597
2742,exp-perf5000-002742-55e2eb97,1777539092315,1777539092351,202,36.060
2743,exp-perf5000-002743-c046e33c,1777539092316,1777539092352,202,36.325
2744,exp-perf5000-002744-1c9437d2,1777539092316,1777539092352,202,35.611
2745,exp-perf5000-002745-9274ee89,1777539092317,1777539092353,202,36.636
2746,exp-perf5000-002746-770679ef,1777539092317,1777539092353,202,35.639
2747,exp-perf5000-002747-79158ff1,1777539092317,1777539092354,202,36.830
2748,exp-perf5000-002748-fd2f43f8,1777539092318,1777539092355,202,36.560
2749,exp-perf5000-002749-8da4dc4c,1777539092318,1777539092354,202,35.196
2750,exp-perf5000-002750-eefc8f7a,1777539092318,1777539092354,202,35.562
2751,exp-perf5000-002751-c883033b,1777539092319,1777539092355,202,36.730
2752,exp-perf5000-002752-55261d55,1777539092319,1777539092355,202,35.833
2753,exp-perf5000-002753-fb08d471,1777539092320,1777539092356,202,36.468
2754,exp-perf5000-002754-e9ac1746,1777539092320,1777539092356,202,35.515
2755,exp-perf5000-002755-8f2c3a3d,1777539092321,1777539092356,202,35.538
2756,exp-perf5000-002756-f3207756,1777539092321,1777539092357,202,35.962
2757,exp-perf5000-002757-d1b2207b,1777539092321,1777539092357,202,36.244
2758,exp-perf5000-002758-a39b165e,1777539092321,1777539092357,202,35.568
2759,exp-perf5000-002759-f534d849,1777539092322,1777539092358,202,35.962
2760,exp-perf5000-002760-db40728b,1777539092322,1777539092358,202,36.552
2761,exp-perf5000-002761-797d39b1,1777539092322,1777539092358,202,36.238
2762,exp-perf5000-002762-2979bcb0,1777539092322,1777539092359,202,36.576
2763,exp-perf5000-002763-03521252,1777539092323,1777539092359,202,36.352
2764,exp-perf5000-002764-4904bacb,1777539092323,1777539092360,202,36.836
2765,exp-perf5000-002765-cab047ee,1777539092323,1777539092360,202,36.822
2766,exp-perf5000-002766-c1104215,1777539092324,1777539092360,202,36.339
2767,exp-perf5000-002767-b7f0019c,1777539092324,1777539092361,202,36.792
2768,exp-perf5000-002768-37ad710e,1777539092324,1777539092360,202,36.111
2769,exp-perf5000-002769-31a0ac28,1777539092326,1777539092362,202,35.916
2770,exp-perf5000-002770-8c34f52b,1777539092326,1777539092361,202,35.519
2771,exp-perf5000-002771-9a19c06e,1777539092326,1777539092363,202,36.505
2772,exp-perf5000-002772-96b6cccd,1777539092326,1777539092363,202,37.017
2773,exp-perf5000-002773-68c91996,1777539092327,1777539092362,202,35.291
2774,exp-perf5000-002774-6b80dd3c,1777539092327,1777539092363,202,35.479
2775,exp-perf5000-002775-b4be7be2,1777539092327,1777539092364,202,37.180
2776,exp-perf5000-002776-b2cf7528,1777539092328,1777539092363,202,35.230
2777,exp-perf5000-002777-8b2381c3,1777539092328,1777539092365,202,36.969
2778,exp-perf5000-002778-b6e828f4,1777539092329,1777539092366,202,37.380
2779,exp-perf5000-002779-770d6bad,1777539092329,1777539092364,202,35.133
2780,exp-perf5000-002780-a30c3f59,1777539092329,1777539092367,202,37.587
2781,exp-perf5000-002781-d28cc9fb,1777539092329,1777539092365,202,35.266
2782,exp-perf5000-002782-bc7b6a26,1777539092330,1777539092367,202,37.522
2783,exp-perf5000-002783-4d762e6f,1777539092330,1777539092366,202,35.306
2784,exp-perf5000-002784-e5886c84,1777539092331,1777539092368,202,37.824
2785,exp-perf5000-002785-c7e549fd,1777539092331,1777539092366,202,35.270
2786,exp-perf5000-002786-3a7d8787,1777539092331,1777539092369,202,37.898
2787,exp-perf5000-002787-1bfbaac5,1777539092331,1777539092367,202,35.384
2788,exp-perf5000-002788-b77a39fa,1777539092332,1777539092370,202,37.745
2789,exp-perf5000-002789-149ed754,1777539092332,1777539092368,202,35.416
2790,exp-perf5000-002790-e8fb748d,1777539092333,1777539092370,202,37.428
2791,exp-perf5000-002791-f98469ee,1777539092333,1777539092368,202,34.864
2792,exp-perf5000-002792-eb480341,1777539092334,1777539092371,202,36.938
2793,exp-perf5000-002793-168822db,1777539092334,1777539092369,202,34.684
2794,exp-perf5000-002794-12d592e7,1777539092334,1777539092370,202,35.149
2795,exp-perf5000-002795-d9876749,1777539092335,1777539092372,202,36.777
2796,exp-perf5000-002796-eb258693,1777539092335,1777539092372,202,37.279
2797,exp-perf5000-002797-3897fd29,1777539092335,1777539092370,202,34.878
2798,exp-perf5000-002798-94c6b953,1777539092336,1777539092371,202,35.280
2799,exp-perf5000-002799-a6226165,1777539092336,1777539092373,202,37.171
2800,exp-perf5000-002800-631252cf,1777539092336,1777539092374,202,37.371
2801,exp-perf5000-002801-68555cfb,1777539092337,1777539092372,202,34.959
2802,exp-perf5000-002802-f31d8c0f,1777539092337,1777539092372,202,34.898
2803,exp-perf5000-002803-8fea68ca,1777539092338,1777539092375,202,36.917
2804,exp-perf5000-002804-1a38af26,1777539092338,1777539092373,202,34.877
2805,exp-perf5000-002805-302e7f8c,1777539092338,1777539092375,202,37.160
2806,exp-perf5000-002806-20b7a063,1777539092339,1777539092374,202,34.817
2807,exp-perf5000-002807-5600d109,1777539092339,1777539092374,202,35.231
2808,exp-perf5000-002808-b3874e5e,1777539092339,1777539092376,202,36.901
2809,exp-perf5000-002809-d1cc3a6e,1777539092340,1777539092377,202,37.086
2810,exp-perf5000-002810-d493f907,1777539092340,1777539092375,202,34.978
2811,exp-perf5000-002811-acc6b672,1777539092340,1777539092378,202,37.242
2812,exp-perf5000-002812-6574f2d1,1777539092341,1777539092376,202,35.032
2813,exp-perf5000-002813-3fb535f7,1777539092341,1777539092378,202,37.244
2814,exp-perf5000-002814-196e7cc3,1777539092341,1777539092377,202,35.161
2815,exp-perf5000-002815-bf1332bc,1777539092342,1777539092377,202,35.486
2816,exp-perf5000-002816-39cbab22,1777539092342,1777539092379,202,36.968
2817,exp-perf5000-002817-e9d5aa65,1777539092343,1777539092380,202,37.188
2818,exp-perf5000-002818-bb38d69a,1777539092343,1777539092378,202,35.452
2819,exp-perf5000-002819-74e81879,1777539092343,1777539092381,202,37.219
2820,exp-perf5000-002820-db20cf70,1777539092344,1777539092379,202,35.954
2821,exp-perf5000-002821-e581a320,1777539092344,1777539092380,202,35.591
2822,exp-perf5000-002822-6c65455c,1777539092344,1777539092381,202,36.937
2823,exp-perf5000-002823-75d763bc,1777539092345,1777539092382,202,37.488
2824,exp-perf5000-002824-3d936e7c,1777539092345,1777539092381,202,35.752
2825,exp-perf5000-002825-93593053,1777539092345,1777539092381,202,35.864
2826,exp-perf5000-002826-bffcdd70,1777539092346,1777539092383,202,37.215
2827,exp-perf5000-002827-e852961d,1777539092346,1777539092382,202,35.800
2828,exp-perf5000-002828-286e2b8b,1777539092346,1777539092384,202,37.574
2829,exp-perf5000-002829-7dd91aeb,1777539092347,1777539092383,202,35.974
2830,exp-perf5000-002830-41fc51e0,1777539092347,1777539092385,202,37.528
2831,exp-perf5000-002831-5c4432f6,1777539092348,1777539092383,202,35.713
2832,exp-perf5000-002832-4a84dad1,1777539092348,1777539092385,202,37.222
2833,exp-perf5000-002833-8c0b0400,1777539092348,1777539092384,202,35.917
2834,exp-perf5000-002834-1dce19bb,1777539092349,1777539092386,202,37.745
2835,exp-perf5000-002835-93a46c17,1777539092349,1777539092385,202,35.847
2836,exp-perf5000-002836-68004242,1777539092349,1777539092387,202,37.298
2837,exp-perf5000-002837-4453788c,1777539092350,1777539092385,202,35.671
2838,exp-perf5000-002838-177a0c9e,1777539092350,1777539092387,202,36.986
2839,exp-perf5000-002839-b8100f3b,1777539092351,1777539092386,202,35.582
2840,exp-perf5000-002840-23348c37,1777539092351,1777539092388,202,37.007
2841,exp-perf5000-002841-b1a52484,1777539092351,1777539092387,202,36.144
2842,exp-perf5000-002842-7a24a98c,1777539092352,1777539092388,202,36.774
2843,exp-perf5000-002843-ef73df1e,1777539092352,1777539092388,202,36.034
2844,exp-perf5000-002844-0809e216,1777539092352,1777539092389,202,36.756
2845,exp-perf5000-002845-46d8cc4c,1777539092353,1777539092389,202,36.210
2846,exp-perf5000-002846-9abe6787,1777539092353,1777539092390,202,36.338
2847,exp-perf5000-002847-352d4d60,1777539092354,1777539092389,202,35.887
2848,exp-perf5000-002848-f87c5f06,1777539092354,1777539092390,202,36.127
2849,exp-perf5000-002849-857ca2a4,1777539092354,1777539092391,202,36.386
2850,exp-perf5000-002850-cb89c33a,1777539092355,1777539092392,202,37.019
2851,exp-perf5000-002851-347051e5,1777539092355,1777539092391,202,36.373
2852,exp-perf5000-002852-1aa5d502,1777539092355,1777539092392,202,36.781
2853,exp-perf5000-002853-53fcc330,1777539092356,1777539092392,202,36.251
2854,exp-perf5000-002854-fdcb6bff,1777539092356,1777539092392,202,36.147
2855,exp-perf5000-002855-89fba281,1777539092356,1777539092393,202,36.460
2856,exp-perf5000-002856-779327ef,1777539092357,1777539092394,202,36.707
2857,exp-perf5000-002857-7d4ff43a,1777539092357,1777539092393,202,35.934
2858,exp-perf5000-002858-192df054,1777539092357,1777539092394,202,36.784
2859,exp-perf5000-002859-d1b9830e,1777539092358,1777539092394,202,36.094
2860,exp-perf5000-002860-2d28291d,1777539092358,1777539092395,202,36.774
2861,exp-perf5000-002861-ee60abc0,1777539092358,1777539092394,202,35.847
2862,exp-perf5000-002862-a5dc591a,1777539092359,1777539092396,202,36.900
2863,exp-perf5000-002863-adaf621a,1777539092359,1777539092395,202,36.211
2864,exp-perf5000-002864-778f385b,1777539092360,1777539092397,202,36.941
2865,exp-perf5000-002865-21023d81,1777539092360,1777539092399,202,38.920
2866,exp-perf5000-002866-1d25ff9e,1777539092360,1777539092398,202,37.291
2867,exp-perf5000-002867-421a1e13,1777539092361,1777539092399,202,38.402
2868,exp-perf5000-002868-a9161728,1777539092361,1777539092399,202,37.495
2869,exp-perf5000-002869-9238b602,1777539092361,1777539092399,202,37.587
2870,exp-perf5000-002870-8b4d81f6,1777539092362,1777539092400,202,38.447
2871,exp-perf5000-002871-f593d02e,1777539092362,1777539092399,202,36.904
2872,exp-perf5000-002872-6607ae96,1777539092363,1777539092401,202,38.578
2873,exp-perf5000-002873-85389d00,1777539092363,1777539092400,202,37.017
2874,exp-perf5000-002874-8d8c8283,1777539092363,1777539092402,202,38.273
2875,exp-perf5000-002875-1a3eb6b8,1777539092364,1777539092402,202,38.617
2876,exp-perf5000-002876-03557a92,1777539092364,1777539092403,202,38.582
2877,exp-perf5000-002877-9c6a2d5d,1777539092364,1777539092403,202,38.472
2878,exp-perf5000-002878-e0ae1f17,1777539092365,1777539092404,202,38.893
2879,exp-perf5000-002879-3dad7824,1777539092365,1777539092404,202,38.564
2880,exp-perf5000-002880-37d73823,1777539092366,1777539092405,202,38.988
2881,exp-perf5000-002881-9e375582,1777539092366,1777539092405,202,38.641
2882,exp-perf5000-002882-0f45f787,1777539092366,1777539092406,202,39.297
2883,exp-perf5000-002883-8721e68f,1777539092367,1777539092406,202,39.578
2884,exp-perf5000-002884-80c4d0cd,1777539092367,1777539092406,202,38.564
2885,exp-perf5000-002885-cff061e4,1777539092367,1777539092406,202,38.739
2886,exp-perf5000-002886-f4df8b47,1777539092368,1777539092408,202,39.929
2887,exp-perf5000-002887-0ac51575,1777539092368,1777539092408,202,40.196
2888,exp-perf5000-002888-8159a11a,1777539092368,1777539092407,202,38.785
2889,exp-perf5000-002889-8c23e34e,1777539092369,1777539092409,202,39.967
2890,exp-perf5000-002890-23ee5b6b,1777539092369,1777539092408,202,38.908
2891,exp-perf5000-002891-e62d2497,1777539092370,1777539092409,202,39.524
2892,exp-perf5000-002892-104528f8,1777539092370,1777539092410,202,39.939
2893,exp-perf5000-002893-ac6fb4d1,1777539092370,1777539092410,202,39.781
2894,exp-perf5000-002894-8249032d,1777539092370,1777539092411,202,40.161
2895,exp-perf5000-002895-a5440799,1777539092371,1777539092411,202,39.964
2896,exp-perf5000-002896-fe4ee85e,1777539092371,1777539092411,202,40.329
2897,exp-perf5000-002897-cdb454db,1777539092372,1777539092412,202,40.212
2898,exp-perf5000-002898-ad5eaed6,1777539092372,1777539092412,202,40.585
2899,exp-perf5000-002899-6bc02c25,1777539092372,1777539092413,202,41.243
2900,exp-perf5000-002900-6aff6c1f,1777539092372,1777539092413,202,40.725
2901,exp-perf5000-002901-fa2628a4,1777539092373,1777539092414,202,41.404
2902,exp-perf5000-002902-041e7623,1777539092373,1777539092414,202,40.887
2903,exp-perf5000-002903-e86f1204,1777539092374,1777539092415,202,41.511
2904,exp-perf5000-002904-96054af2,1777539092374,1777539092415,202,40.892
2905,exp-perf5000-002905-c00e5239,1777539092374,1777539092416,202,41.595
2906,exp-perf5000-002906-871d13d1,1777539092375,1777539092416,202,40.941
2907,exp-perf5000-002907-f1e981ff,1777539092375,1777539092417,202,41.510
2908,exp-perf5000-002908-96fb1010,1777539092375,1777539092416,202,40.829
2909,exp-perf5000-002909-05c0b3cc,1777539092376,1777539092418,202,41.835
2910,exp-perf5000-002910-ea225a91,1777539092376,1777539092417,202,41.072
2911,exp-perf5000-002911-8e3b2294,1777539092377,1777539092418,202,41.712
2912,exp-perf5000-002912-c7805095,1777539092377,1777539092418,202,40.968
2913,exp-perf5000-002913-82238291,1777539092378,1777539092419,202,41.623
2914,exp-perf5000-002914-ec7914da,1777539092378,1777539092419,202,40.965
2915,exp-perf5000-002915-be63dc21,1777539092378,1777539092420,202,41.922
2916,exp-perf5000-002916-10de6103,1777539092379,1777539092419,202,40.921
2917,exp-perf5000-002917-ca907c26,1777539092379,1777539092420,202,40.723
2918,exp-perf5000-002918-4c7b7eef,1777539092380,1777539092421,202,41.126
2919,exp-perf5000-002919-fb9f7bc7,1777539092380,1777539092421,202,41.594
2920,exp-perf5000-002920-26c1d1d6,1777539092380,1777539092421,202,41.087
2921,exp-perf5000-002921-3d28208b,1777539092381,1777539092421,202,40.666
2922,exp-perf5000-002922-2e35875d,1777539092381,1777539092422,202,41.113
2923,exp-perf5000-002923-0335bdb9,1777539092381,1777539092422,202,40.630
2924,exp-perf5000-002924-844eedd7,1777539092381,1777539092422,202,41.094
2925,exp-perf5000-002925-14501100,1777539092382,1777539092424,202,42.164
2926,exp-perf5000-002926-d49c8d1e,1777539092382,1777539092423,202,40.479
2927,exp-perf5000-002927-7d17eb31,1777539092383,1777539092425,202,42.027
2928,exp-perf5000-002928-0a7ad4f7,1777539092383,1777539092423,202,40.216
2929,exp-perf5000-002929-ca4f5747,1777539092383,1777539092426,202,42.236
2930,exp-perf5000-002930-6f6bb53b,1777539092384,1777539092424,202,39.958
2931,exp-perf5000-002931-c1c570e6,1777539092384,1777539092427,202,42.500
2932,exp-perf5000-002932-d1283945,1777539092385,1777539092425,202,39.936
2933,exp-perf5000-002933-a7a92309,1777539092385,1777539092427,202,42.162
2934,exp-perf5000-002934-c2725843,1777539092385,1777539092425,202,39.988
2935,exp-perf5000-002935-bb7b351e,1777539092386,1777539092428,202,42.631
2936,exp-perf5000-002936-05431f52,1777539092386,1777539092429,202,42.688
2937,exp-perf5000-002937-6feabd00,1777539092386,1777539092426,202,39.750
2938,exp-perf5000-002938-99c2200f,1777539092387,1777539092427,202,39.896
2939,exp-perf5000-002939-40129ad5,1777539092387,1777539092428,202,40.391
2940,exp-perf5000-002940-de2abcb0,1777539092387,1777539092430,202,42.255
2941,exp-perf5000-002941-e6a39bcd,1777539092388,1777539092428,202,40.531
2942,exp-perf5000-002942-d9f7d0b0,1777539092388,1777539092430,202,42.029
2943,exp-perf5000-002943-53f22224,1777539092389,1777539092429,202,40.475
2944,exp-perf5000-002944-9fe96c03,1777539092389,1777539092432,202,42.731
2945,exp-perf5000-002945-d58e768e,1777539092389,1777539092429,202,40.217
2946,exp-perf5000-002946-86d016d5,1777539092390,1777539092432,202,42.503
2947,exp-perf5000-002947-6e917015,1777539092390,1777539092431,202,41.333
2948,exp-perf5000-002948-84edaeff,1777539092390,1777539092432,202,42.241
2949,exp-perf5000-002949-ddced251,1777539092391,1777539092431,202,40.463
2950,exp-perf5000-002950-973b6a86,1777539092391,1777539092432,202,40.637
2951,exp-perf5000-002951-120ca54f,1777539092392,1777539092433,202,41.383
2952,exp-perf5000-002952-9694ab87,1777539092392,1777539092435,202,42.918
2953,exp-perf5000-002953-ffeb1e21,1777539092392,1777539092432,202,40.214
2954,exp-perf5000-002954-cdc3cab4,1777539092392,1777539092435,202,42.460
2955,exp-perf5000-002955-f4203d53,1777539092393,1777539092433,202,40.100
2956,exp-perf5000-002956-6944f876,1777539092393,1777539092435,202,42.205
2957,exp-perf5000-002957-628577c3,1777539092394,1777539092433,202,39.882
2958,exp-perf5000-002958-a282f0de,1777539092394,1777539092436,202,41.938
2959,exp-perf5000-002959-f1d90e90,1777539092394,1777539092434,202,40.150
2960,exp-perf5000-002960-ab7224b7,1777539092394,1777539092436,202,41.873
2961,exp-perf5000-002961-e6d864ec,1777539092395,1777539092435,202,40.036
2962,exp-perf5000-002962-d01ed9a0,1777539092395,1777539092437,202,41.811
2963,exp-perf5000-002963-3cb57b8d,1777539092396,1777539092436,202,40.145
2964,exp-perf5000-002964-49cead1e,1777539092397,1777539092437,202,40.002
2965,exp-perf5000-002965-84af222e,1777539092398,1777539092438,202,39.927
2966,exp-perf5000-002966-7364590d,1777539092399,1777539092439,202,39.922
2967,exp-perf5000-002967-a04e5081,1777539092399,1777539092438,202,38.842
2968,exp-perf5000-002968-a2506406,1777539092399,1777539092439,202,39.974
2969,exp-perf5000-002969-4c905c01,1777539092399,1777539092438,202,39.084
2970,exp-perf5000-002970-933aef03,1777539092399,1777539092440,202,40.522
2971,exp-perf5000-002971-e025e720,1777539092400,1777539092441,202,40.757
2972,exp-perf5000-002972-7849a299,1777539092400,1777539092439,202,38.664
2973,exp-perf5000-002973-0a740383,1777539092401,1777539092440,202,38.591
2974,exp-perf5000-002974-cb0410be,1777539092402,1777539092441,202,39.808
2975,exp-perf5000-002975-801bee66,1777539092402,1777539092440,202,38.250
2976,exp-perf5000-002976-d6ba326b,1777539092403,1777539092442,202,39.561
2977,exp-perf5000-002977-40dfd711,1777539092403,1777539092441,202,38.141
2978,exp-perf5000-002978-3778845c,1777539092404,1777539092443,202,39.410
2979,exp-perf5000-002979-56596d05,1777539092404,1777539092442,202,37.966
2980,exp-perf5000-002980-12b8516a,1777539092405,1777539092444,202,39.107
2981,exp-perf5000-002981-5b7a7fab,1777539092405,1777539092443,202,37.756
2982,exp-perf5000-002982-eca1a4d4,1777539092406,1777539092443,202,37.716
2983,exp-perf5000-002983-2a806956,1777539092406,1777539092444,202,38.652
2984,exp-perf5000-002984-35b6e6d0,1777539092406,1777539092444,202,37.790
2985,exp-perf5000-002985-74a62b3f,1777539092406,1777539092445,202,38.632
2986,exp-perf5000-002986-0645cee4,1777539092407,1777539092445,202,37.405
2987,exp-perf5000-002987-3b8c6737,1777539092408,1777539092446,202,38.284
2988,exp-perf5000-002988-1b81cfee,1777539092408,1777539092446,202,37.421
2989,exp-perf5000-002989-b83b20eb,1777539092408,1777539092447,202,38.682
2990,exp-perf5000-002990-5ef4bb35,1777539092409,1777539092448,202,38.578
2991,exp-perf5000-002991-80639d2b,1777539092409,1777539092446,202,36.878
2992,exp-perf5000-002992-95832178,1777539092410,1777539092449,202,38.803
2993,exp-perf5000-002993-29f23299,1777539092410,1777539092447,202,36.744
2994,exp-perf5000-002994-8f97109b,1777539092411,1777539092449,202,38.686
2995,exp-perf5000-002995-2c3770b6,1777539092411,1777539092448,202,36.729
2996,exp-perf5000-002996-ca59417a,1777539092411,1777539092450,202,38.918
2997,exp-perf5000-002997-8b08a21d,1777539092412,1777539092449,202,36.811
2998,exp-perf5000-002998-66226bc7,1777539092412,1777539092451,202,38.740
2999,exp-perf5000-002999-c6b7e2cd,1777539092413,1777539092449,202,35.941
3000,exp-perf5000-003000-3e6c1db7,1777539092414,1777539092452,202,38.103
3001,exp-perf5000-003001-d321fd71,1777539092414,1777539092450,202,35.942
3002,exp-perf5000-003002-3c0edcad,1777539092414,1777539092452,202,37.892
3003,exp-perf5000-003003-aadb1a40,1777539092415,1777539092451,202,36.524
3004,exp-perf5000-003004-1e42eb8d,1777539092415,1777539092454,202,38.736
3005,exp-perf5000-003005-d49eee7d,1777539092416,1777539092453,202,36.951
3006,exp-perf5000-003006-1de3afd1,1777539092416,1777539092454,202,38.090
3007,exp-perf5000-003007-673095cf,1777539092416,1777539092453,202,36.422
3008,exp-perf5000-003008-46173b70,1777539092417,1777539092455,202,38.203
3009,exp-perf5000-003009-674713e8,1777539092417,1777539092454,202,36.270
3010,exp-perf5000-003010-11fd7df6,1777539092418,1777539092455,202,37.675
3011,exp-perf5000-003011-e8057167,1777539092418,1777539092454,202,36.154
3012,exp-perf5000-003012-8156ef77,1777539092418,1777539092456,202,37.488
3013,exp-perf5000-003013-3eac8b92,1777539092419,1777539092455,202,36.221
3014,exp-perf5000-003014-69c6e211,1777539092419,1777539092458,202,38.414
3015,exp-perf5000-003015-14d0521a,1777539092419,1777539092456,202,36.108
3016,exp-perf5000-003016-6f02008c,1777539092420,1777539092456,202,35.972
3017,exp-perf5000-003017-3dd01d22,1777539092420,1777539092457,202,37.055
3018,exp-perf5000-003018-24344473,1777539092421,1777539092458,202,37.768
3019,exp-perf5000-003019-4e91d5aa,1777539092421,1777539092457,202,35.601
3020,exp-perf5000-003020-d16ae3b1,1777539092421,1777539092457,202,35.634
3021,exp-perf5000-003021-cc88e162,1777539092421,1777539092460,202,38.087
3022,exp-perf5000-003022-579b5ef6,1777539092422,1777539092458,202,36.014
3023,exp-perf5000-003023-17fe8701,1777539092422,1777539092460,202,38.294
3024,exp-perf5000-003024-736d1588,1777539092422,1777539092461,202,38.595
3025,exp-perf5000-003025-2337c2f2,1777539092423,1777539092459,202,35.908
3026,exp-perf5000-003026-65707fc3,1777539092423,1777539092459,202,35.942
3027,exp-perf5000-003027-49be9492,1777539092424,1777539092460,202,36.055
3028,exp-perf5000-003028-bd172aa3,1777539092424,1777539092462,202,37.713
3029,exp-perf5000-003029-549e951d,1777539092425,1777539092461,202,36.774
3030,exp-perf5000-003030-ce9dce1d,1777539092425,1777539092463,202,37.630
3031,exp-perf5000-003031-b01936c7,1777539092425,1777539092462,202,36.926
3032,exp-perf5000-003032-27d5bc6c,1777539092426,1777539092464,202,37.937
3033,exp-perf5000-003033-0656b6d6,1777539092426,1777539092463,202,36.856
3034,exp-perf5000-003034-de840a89,1777539092427,1777539092464,202,37.247
3035,exp-perf5000-003035-8686227b,1777539092427,1777539092464,202,37.424
3036,exp-perf5000-003036-2dcf1dff,1777539092427,1777539092465,202,38.031
3037,exp-perf5000-003037-e1b77daa,1777539092428,1777539092465,202,37.250
3038,exp-perf5000-003038-1690dce1,1777539092428,1777539092466,202,37.974
3039,exp-perf5000-003039-5f625d27,1777539092428,1777539092466,202,37.234
3040,exp-perf5000-003040-6eed57a0,1777539092429,1777539092467,202,37.841
3041,exp-perf5000-003041-b05e9ae6,1777539092429,1777539092466,202,37.316
3042,exp-perf5000-003042-0cf00cb0,1777539092430,1777539092468,202,37.990
3043,exp-perf5000-003043-73e2b67c,1777539092430,1777539092468,202,38.192
3044,exp-perf5000-003044-f832ef96,1777539092430,1777539092469,202,38.460
3045,exp-perf5000-003045-d349d3ee,1777539092431,1777539092470,202,38.878
3046,exp-perf5000-003046-a09063bf,1777539092431,1777539092468,202,36.939
3047,exp-perf5000-003047-3b350c26,1777539092432,1777539092469,202,37.515
3048,exp-perf5000-003048-0cf042ec,1777539092432,1777539092470,202,37.690
3049,exp-perf5000-003049-abadf790,1777539092432,1777539092470,202,38.051
3050,exp-perf5000-003050-26082e5e,1777539092433,1777539092471,202,38.581
3051,exp-perf5000-003051-0050bf44,1777539092433,1777539092470,202,37.844
3052,exp-perf5000-003052-ddd6af5b,1777539092433,1777539092472,202,38.563
3053,exp-perf5000-003053-f53ff21b,1777539092433,1777539092472,202,38.337
3054,exp-perf5000-003054-e7e3df95,1777539092433,1777539092473,202,39.051
3055,exp-perf5000-003055-373415bd,1777539092434,1777539092473,202,38.601
3056,exp-perf5000-003056-492304f7,1777539092435,1777539092472,202,37.286
3057,exp-perf5000-003057-51d62702,1777539092435,1777539092473,202,37.868
3058,exp-perf5000-003058-3e36fece,1777539092435,1777539092474,202,38.382
3059,exp-perf5000-003059-9d3da3ea,1777539092435,1777539092474,202,38.420
3060,exp-perf5000-003060-81e38a44,1777539092436,1777539092474,202,38.591
3061,exp-perf5000-003061-ca62efc8,1777539092436,1777539092475,202,38.659
3062,exp-perf5000-003062-e3b59507,1777539092436,1777539092475,202,38.823
3063,exp-perf5000-003063-2278e975,1777539092437,1777539092475,202,38.445
3064,exp-perf5000-003064-a6b28010,1777539092437,1777539092476,202,38.604
3065,exp-perf5000-003065-17b28be9,1777539092438,1777539092476,202,38.526
3066,exp-perf5000-003066-54e8bcf3,1777539092438,1777539092477,202,38.762
3067,exp-perf5000-003067-c796a37b,1777539092439,1777539092477,202,38.677
3068,exp-perf5000-003068-b96273c0,1777539092439,1777539092477,202,38.130
3069,exp-perf5000-003069-9647d2a6,1777539092439,1777539092477,202,38.489
3070,exp-perf5000-003070-6046fc10,1777539092439,1777539092478,202,38.700
3071,exp-perf5000-003071-d30031b4,1777539092440,1777539092478,202,38.389
3072,exp-perf5000-003072-ddfa83a4,1777539092440,1777539092479,202,38.608
3073,exp-perf5000-003073-65707a03,1777539092440,1777539092479,202,38.464
3074,exp-perf5000-003074-736553e2,1777539092441,1777539092480,202,38.797
3075,exp-perf5000-003075-4cfb5c01,1777539092441,1777539092480,202,38.581
3076,exp-perf5000-003076-7edadb69,1777539092442,1777539092480,202,38.638
3077,exp-perf5000-003077-01a2a377,1777539092442,1777539092480,202,38.389
3078,exp-perf5000-003078-58bc69a2,1777539092442,1777539092481,202,38.531
3079,exp-perf5000-003079-957ed84a,1777539092443,1777539092481,202,38.388
3080,exp-perf5000-003080-d5a352dd,1777539092443,1777539092482,202,38.989
3081,exp-perf5000-003081-3b4ae6a2,1777539092443,1777539092482,202,38.468
3082,exp-perf5000-003082-0610aef4,1777539092444,1777539092482,202,38.477
3083,exp-perf5000-003083-09085d1d,1777539092444,1777539092482,202,38.246
3084,exp-perf5000-003084-8fc9bbb4,1777539092444,1777539092483,202,38.425
3085,exp-perf5000-003085-e5e41625,1777539092445,1777539092483,202,38.409
3086,exp-perf5000-003086-b0490d5e,1777539092445,1777539092484,202,38.356
3087,exp-perf5000-003087-3a05305e,1777539092446,1777539092484,202,38.232
3088,exp-perf5000-003088-f4336568,1777539092446,1777539092484,202,38.352
3089,exp-perf5000-003089-85336829,1777539092446,1777539092484,202,38.116
3090,exp-perf5000-003090-af44697d,1777539092447,1777539092485,202,38.072
3091,exp-perf5000-003091-94946e8a,1777539092447,1777539092485,202,37.761
3092,exp-perf5000-003092-34446864,1777539092448,1777539092486,202,37.999
3093,exp-perf5000-003093-65cb85df,1777539092448,1777539092486,202,37.970
3094,exp-perf5000-003094-5c359e90,1777539092449,1777539092486,202,37.394
3095,exp-perf5000-003095-7e3cc280,1777539092449,1777539092488,202,39.021
3096,exp-perf5000-003096-9190e1ae,1777539092449,1777539092488,202,38.703
3097,exp-perf5000-003097-eaf81f05,1777539092449,1777539092487,202,37.598
3098,exp-perf5000-003098-e2ee51a8,1777539092450,1777539092488,202,37.782
3099,exp-perf5000-003099-77f97640,1777539092450,1777539092488,202,37.034
3100,exp-perf5000-003100-51b1eb4c,1777539092451,1777539092488,202,37.130
3101,exp-perf5000-003101-bdc31991,1777539092451,1777539092488,202,36.875
3102,exp-perf5000-003102-f7c53efa,1777539092452,1777539092489,202,37.097
3103,exp-perf5000-003103-a285efa8,1777539092452,1777539092489,202,37.104
3104,exp-perf5000-003104-f1ca1ddf,1777539092453,1777539092490,202,37.183
3105,exp-perf5000-003105-0813c721,1777539092453,1777539092489,202,36.194
3106,exp-perf5000-003106-97586316,1777539092454,1777539092490,202,36.564
3107,exp-perf5000-003107-4542c4a6,1777539092454,1777539092491,202,36.997
3108,exp-perf5000-003108-c86d3000,1777539092454,1777539092491,202,36.691
3109,exp-perf5000-003109-9dfa54b9,1777539092454,1777539092490,202,35.795
3110,exp-perf5000-003110-8516e54d,1777539092455,1777539092491,202,36.334
3111,exp-perf5000-003111-00f68ada,1777539092455,1777539092492,202,36.426
3112,exp-perf5000-003112-e59c9b56,1777539092455,1777539092492,202,36.545
3113,exp-perf5000-003113-19f360fb,1777539092456,1777539092492,202,36.538
3114,exp-perf5000-003114-70076a3e,1777539092456,1777539092493,202,36.739
3115,exp-perf5000-003115-af2dece0,1777539092456,1777539092493,202,36.838
3116,exp-perf5000-003116-6742c976,1777539092457,1777539092494,202,36.970
3117,exp-perf5000-003117-a20b5f3a,1777539092457,1777539092495,202,37.455
3118,exp-perf5000-003118-8d2c098a,1777539092457,1777539092494,202,36.058
3119,exp-perf5000-003119-1463c8e0,1777539092458,1777539092494,202,36.518
3120,exp-perf5000-003120-e5387c60,1777539092458,1777539092495,202,37.330
3121,exp-perf5000-003121-91c5d220,1777539092459,1777539092495,202,36.470
3122,exp-perf5000-003122-610dd745,1777539092459,1777539092496,202,37.283
3123,exp-perf5000-003123-cbe2ccb4,1777539092459,1777539092497,202,37.588
3124,exp-perf5000-003124-0ccd9a15,1777539092460,1777539092496,202,36.180
3125,exp-perf5000-003125-9cdb8276,1777539092460,1777539092498,202,37.530
3126,exp-perf5000-003126-91bcfd8d,1777539092460,1777539092497,202,36.236
3127,exp-perf5000-003127-03c99309,1777539092461,1777539092497,202,36.220
3128,exp-perf5000-003128-836fab80,1777539092461,1777539092499,202,37.101
3129,exp-perf5000-003129-81f61484,1777539092462,1777539092498,202,36.215
3130,exp-perf5000-003130-7f55dc58,1777539092462,1777539092499,202,36.974
3131,exp-perf5000-003131-06245df5,1777539092463,1777539092499,202,36.248
3132,exp-perf5000-003132-7f8d7c38,1777539092463,1777539092500,202,36.773
3133,exp-perf5000-003133-7ea5ea14,1777539092464,1777539092500,202,35.906
3134,exp-perf5000-003134-1c51b07b,1777539092464,1777539092501,202,36.735
3135,exp-perf5000-003135-9f387d69,1777539092464,1777539092501,202,36.869
3136,exp-perf5000-003136-e45efe0e,1777539092465,1777539092502,202,36.762
3137,exp-perf5000-003137-5a013e31,1777539092465,1777539092501,202,35.828
3138,exp-perf5000-003138-91941052,1777539092466,1777539092502,202,36.362
3139,exp-perf5000-003139-ea2eba30,1777539092466,1777539092502,202,35.523
3140,exp-perf5000-003140-40f04a99,1777539092466,1777539092503,202,36.405
3141,exp-perf5000-003141-39f881b8,1777539092467,1777539092502,202,35.620
3142,exp-perf5000-003142-23d07d9a,1777539092468,1777539092503,202,35.841
3143,exp-perf5000-003143-39fa2c1c,1777539092468,1777539092503,202,35.102
3144,exp-perf5000-003144-440277bf,1777539092468,1777539092505,202,36.739
3145,exp-perf5000-003145-3e62be33,1777539092469,1777539092504,202,34.917
3146,exp-perf5000-003146-5f197cd9,1777539092469,1777539092504,202,34.846
3147,exp-perf5000-003147-7bc4d60d,1777539092470,1777539092505,202,35.589
3148,exp-perf5000-003148-170b13fd,1777539092470,1777539092506,202,35.614
3149,exp-perf5000-003149-bc8c9c38,1777539092470,1777539092505,202,34.687
3150,exp-perf5000-003150-b20cb909,1777539092471,1777539092506,202,35.862
3151,exp-perf5000-003151-c248f491,1777539092471,1777539092506,202,34.557
3152,exp-perf5000-003152-a6dbc948,1777539092472,1777539092506,202,34.509
3153,exp-perf5000-003153-35266d0b,1777539092472,1777539092507,202,35.192
3154,exp-perf5000-003154-5ae2ee0e,1777539092472,1777539092507,202,34.520
3155,exp-perf5000-003155-12420063,1777539092473,1777539092508,202,35.031
3156,exp-perf5000-003156-bb417d31,1777539092473,1777539092507,202,34.517
3157,exp-perf5000-003157-15417473,1777539092473,1777539092508,202,35.358
3158,exp-perf5000-003158-df2475cd,1777539092474,1777539092508,202,34.547
3159,exp-perf5000-003159-945e7631,1777539092474,1777539092510,202,35.796
3160,exp-perf5000-003160-002abe2d,1777539092474,1777539092509,202,34.603
3161,exp-perf5000-003161-25f23df3,1777539092475,1777539092511,202,36.254
3162,exp-perf5000-003162-00f916fd,1777539092475,1777539092510,202,34.861
3163,exp-perf5000-003163-679cb10a,1777539092475,1777539092512,202,37.088
3164,exp-perf5000-003164-e63a75cd,1777539092476,1777539092510,202,34.514
3165,exp-perf5000-003165-8aa15f24,1777539092476,1777539092513,202,37.019
3166,exp-perf5000-003166-5b5f0352,1777539092477,1777539092511,202,34.520
3167,exp-perf5000-003167-cb122797,1777539092477,1777539092514,202,37.485
3168,exp-perf5000-003168-5178f095,1777539092477,1777539092512,202,34.868
3169,exp-perf5000-003169-a1c7dba3,1777539092478,1777539092515,202,37.225
3170,exp-perf5000-003170-0cbee8f9,1777539092478,1777539092513,202,34.677
3171,exp-perf5000-003171-c6b9c0c6,1777539092478,1777539092516,202,37.431
3172,exp-perf5000-003172-c59068f8,1777539092479,1777539092513,202,34.638
3173,exp-perf5000-003173-52768936,1777539092479,1777539092516,202,37.275
3174,exp-perf5000-003174-abc96a2c,1777539092480,1777539092514,202,34.455
3175,exp-perf5000-003175-7d16a2e0,1777539092480,1777539092517,202,37.221
3176,exp-perf5000-003176-d5cb3f6e,1777539092480,1777539092515,202,34.528
3177,exp-perf5000-003177-8ce5bdef,1777539092480,1777539092518,202,37.609
3178,exp-perf5000-003178-bd639e1a,1777539092481,1777539092515,202,34.575
3179,exp-perf5000-003179-fa9132eb,1777539092481,1777539092520,202,38.616
3180,exp-perf5000-003180-169424fc,1777539092482,1777539092521,202,38.720
3181,exp-perf5000-003181-992fefe4,1777539092482,1777539092519,202,36.834
3182,exp-perf5000-003182-22100678,1777539092482,1777539092519,202,37.109
3183,exp-perf5000-003183-225e9fdd,1777539092482,1777539092521,202,38.855
3184,exp-perf5000-003184-06df3850,1777539092483,1777539092519,202,35.977
3185,exp-perf5000-003185-f2bcc3a7,1777539092483,1777539092522,202,39.274
3186,exp-perf5000-003186-18ec1fc0,1777539092484,1777539092520,202,36.103
3187,exp-perf5000-003187-6e12b82f,1777539092484,1777539092523,202,39.420
3188,exp-perf5000-003188-efda38e4,1777539092484,1777539092520,202,35.997
3189,exp-perf5000-003189-5c925b04,1777539092484,1777539092524,202,39.743
3190,exp-perf5000-003190-3b3f5828,1777539092485,1777539092521,202,36.022
3191,exp-perf5000-003191-9d121dcb,1777539092485,1777539092525,202,39.779
3192,exp-perf5000-003192-a491211e,1777539092486,1777539092522,202,36.133
3193,exp-perf5000-003193-86c14d07,1777539092486,1777539092525,202,39.673
3194,exp-perf5000-003194-880be507,1777539092486,1777539092523,202,36.582
3195,exp-perf5000-003195-332729da,1777539092487,1777539092524,202,36.572
3196,exp-perf5000-003196-25b67452,1777539092488,1777539092524,202,36.806
3197,exp-perf5000-003197-013175e0,1777539092488,1777539092526,202,38.155
3198,exp-perf5000-003198-2db86813,1777539092488,1777539092527,202,38.676
3199,exp-perf5000-003199-4799872f,1777539092488,1777539092528,202,39.507
3200,exp-perf5000-003200-a8bc8961,1777539092488,1777539092525,202,36.725
3201,exp-perf5000-003201-048c8360,1777539092488,1777539092528,202,39.721
3202,exp-perf5000-003202-bf891b81,1777539092489,1777539092526,202,36.813
3203,exp-perf5000-003203-05fbcbbd,1777539092489,1777539092529,202,39.771
3204,exp-perf5000-003204-c1b33872,1777539092490,1777539092526,202,36.800
3205,exp-perf5000-003205-6464bdde,1777539092490,1777539092530,202,39.804
3206,exp-perf5000-003206-083ea9b6,1777539092490,1777539092527,202,36.869
3207,exp-perf5000-003207-ff186874,1777539092490,1777539092530,202,39.978
3208,exp-perf5000-003208-a49e857f,1777539092491,1777539092531,202,40.292
3209,exp-perf5000-003209-e33c292d,1777539092491,1777539092528,202,36.826
3210,exp-perf5000-003210-a4139af0,1777539092491,1777539092528,202,37.049
3211,exp-perf5000-003211-8bde5656,1777539092492,1777539092532,202,40.228
3212,exp-perf5000-003212-c4ed0f74,1777539092492,1777539092529,202,37.057
3213,exp-perf5000-003213-6e95906c,1777539092492,1777539092533,202,40.565
3214,exp-perf5000-003214-e6e1fd97,1777539092493,1777539092530,202,37.156
3215,exp-perf5000-003215-9f8f9367,1777539092493,1777539092533,202,40.325
3216,exp-perf5000-003216-4f7a42ea,1777539092494,1777539092531,202,37.010
3217,exp-perf5000-003217-fc130bad,1777539092494,1777539092534,202,40.366
3218,exp-perf5000-003218-60bb8682,1777539092494,1777539092532,202,37.237
3219,exp-perf5000-003219-cdbcef34,1777539092495,1777539092535,202,39.987
3220,exp-perf5000-003220-2e4905ec,1777539092495,1777539092532,202,37.077
3221,exp-perf5000-003221-46e9711d,1777539092495,1777539092536,202,40.367
3222,exp-perf5000-003222-35a026c1,1777539092496,1777539092533,202,37.246
3223,exp-perf5000-003223-d91d0bf0,1777539092496,1777539092536,202,40.059
3224,exp-perf5000-003224-d8946977,1777539092497,1777539092534,202,37.187
3225,exp-perf5000-003225-1964b001,1777539092497,1777539092537,202,39.891
3226,exp-perf5000-003226-3bbcd83f,1777539092497,1777539092534,202,36.896
3227,exp-perf5000-003227-21c45d09,1777539092498,1777539092538,202,39.969
3228,exp-perf5000-003228-51328144,1777539092498,1777539092535,202,37.086
3229,exp-perf5000-003229-1e1aadd2,1777539092499,1777539092538,202,39.721
3230,exp-perf5000-003230-5a8bfef8,1777539092499,1777539092536,202,37.160
3231,exp-perf5000-003231-d273c691,1777539092499,1777539092539,202,39.704
3232,exp-perf5000-003232-bc23961a,1777539092500,1777539092537,202,37.357
3233,exp-perf5000-003233-3c7c30c1,1777539092500,1777539092540,202,39.571
3234,exp-perf5000-003234-321e23c8,1777539092501,1777539092540,202,39.526
3235,exp-perf5000-003235-a7eed628,1777539092501,1777539092537,202,36.160
3236,exp-perf5000-003236-e3e49a1f,1777539092501,1777539092538,202,36.809
3237,exp-perf5000-003237-01ee48a3,1777539092502,1777539092541,202,39.260
3238,exp-perf5000-003238-44530adb,1777539092502,1777539092539,202,37.336
3239,exp-perf5000-003239-fd3de021,1777539092502,1777539092542,202,39.493
3240,exp-perf5000-003240-f7c004cf,1777539092502,1777539092540,202,37.402
3241,exp-perf5000-003241-e69b1bc4,1777539092503,1777539092542,202,39.450
3242,exp-perf5000-003242-f079be6f,1777539092503,1777539092540,202,37.361
3243,exp-perf5000-003243-5c31657a,1777539092503,1777539092543,202,39.496
3244,exp-perf5000-003244-b541d255,1777539092504,1777539092541,202,37.521
3245,exp-perf5000-003245-8727ea59,1777539092504,1777539092542,202,37.755
3246,exp-perf5000-003246-f207959e,1777539092505,1777539092543,202,37.659
3247,exp-perf5000-003247-2683fb1f,1777539092505,1777539092544,202,38.516
3248,exp-perf5000-003248-5971a8db,1777539092506,1777539092544,202,38.862
3249,exp-perf5000-003249-245de4ba,1777539092506,1777539092545,202,39.288
3250,exp-perf5000-003250-c5fd9bf3,1777539092506,1777539092544,202,37.658
3251,exp-perf5000-003251-b8483b02,1777539092506,1777539092544,202,37.963
3252,exp-perf5000-003252-2f78b7e9,1777539092506,1777539092546,202,39.290
3253,exp-perf5000-003253-a0515a5d,1777539092507,1777539092545,202,37.981
3254,exp-perf5000-003254-28e45070,1777539092507,1777539092546,202,39.255
3255,exp-perf5000-003255-eaf67119,1777539092507,1777539092546,202,38.473
3256,exp-perf5000-003256-7b2f4e37,1777539092508,1777539092547,202,39.334
3257,exp-perf5000-003257-58a9ec3d,1777539092508,1777539092546,202,38.190
3258,exp-perf5000-003258-5497df19,1777539092509,1777539092548,202,39.097
3259,exp-perf5000-003259-8af58264,1777539092509,1777539092547,202,38.304
3260,exp-perf5000-003260-0fcfed50,1777539092510,1777539092548,202,38.511
3261,exp-perf5000-003261-c6500672,1777539092510,1777539092548,202,37.797
3262,exp-perf5000-003262-1d858438,1777539092510,1777539092549,202,38.056
3263,exp-perf5000-003263-60cb8d19,1777539092511,1777539092549,202,38.369
3264,exp-perf5000-003264-dff9c8c0,1777539092511,1777539092549,202,37.998
3265,exp-perf5000-003265-25810ab5,1777539092512,1777539092550,202,37.995
3266,exp-perf5000-003266-1fc65ac1,1777539092513,1777539092550,202,37.426
3267,exp-perf5000-003267-475ce749,1777539092513,1777539092551,202,37.876
3268,exp-perf5000-003268-2a46a58d,1777539092513,1777539092551,202,37.628
3269,exp-perf5000-003269-ed1ad575,1777539092513,1777539092551,202,37.947
3270,exp-perf5000-003270-8e8f8d89,1777539092514,1777539092552,202,37.844
3271,exp-perf5000-003271-12e480a0,1777539092514,1777539092551,202,36.821
3272,exp-perf5000-003272-fa085088,1777539092515,1777539092555,202,40.250
3273,exp-perf5000-003273-9a2779bb,1777539092515,1777539092553,202,37.661
3274,exp-perf5000-003274-ec915ecb,1777539092516,1777539092553,202,37.705
3275,exp-perf5000-003275-042f9540,1777539092516,1777539092555,202,39.607
3276,exp-perf5000-003276-3cf9f690,1777539092516,1777539092555,202,38.956
3277,exp-perf5000-003277-bb927c89,1777539092517,1777539092555,202,38.178
3278,exp-perf5000-003278-25ce22c8,1777539092518,1777539092555,202,36.739
3279,exp-perf5000-003279-ac16accc,1777539092519,1777539092554,202,34.844
3280,exp-perf5000-003280-0330a53d,1777539092519,1777539092554,202,35.187
3281,exp-perf5000-003281-f70e0f62,1777539092519,1777539092556,202,36.244
3282,exp-perf5000-003282-e1aaf2e1,1777539092520,1777539092556,202,35.951
3283,exp-perf5000-003283-c0de1d50,1777539092520,1777539092556,202,35.997
3284,exp-perf5000-003284-608e9fc0,1777539092520,1777539092557,202,36.540
3285,exp-perf5000-003285-4927153d,1777539092521,1777539092556,202,35.471
3286,exp-perf5000-003286-33feca43,1777539092521,1777539092557,202,36.179
3287,exp-perf5000-003287-864cba12,1777539092521,1777539092557,202,35.217
3288,exp-perf5000-003288-6a57d948,1777539092522,1777539092558,202,36.013
3289,exp-perf5000-003289-4170a50b,1777539092522,1777539092557,202,34.968
3290,exp-perf5000-003290-3e67d4c7,1777539092523,1777539092558,202,35.597
3291,exp-perf5000-003291-b30489a8,1777539092523,1777539092558,202,34.764
3292,exp-perf5000-003292-d3fd3a64,1777539092524,1777539092559,202,35.407
3293,exp-perf5000-003293-22026705,1777539092524,1777539092559,202,34.628
3294,exp-perf5000-003294-d0b3d214,1777539092524,1777539092560,202,35.392
3295,exp-perf5000-003295-12db253d,1777539092525,1777539092559,202,34.491
3296,exp-perf5000-003296-1d7d1adb,1777539092525,1777539092560,202,35.279
3297,exp-perf5000-003297-5c61ff60,1777539092526,1777539092560,202,34.597
3298,exp-perf5000-003298-44e9e5b2,1777539092526,1777539092561,202,35.362
3299,exp-perf5000-003299-40c674fe,1777539092526,1777539092561,202,34.694
3300,exp-perf5000-003300-e95d13f3,1777539092526,1777539092562,202,35.352
3301,exp-perf5000-003301-f47bf044,1777539092527,1777539092562,202,34.805
3302,exp-perf5000-003302-2c0bc040,1777539092527,1777539092562,202,35.369
3303,exp-perf5000-003303-10f5f2f4,1777539092528,1777539092562,202,34.713
3304,exp-perf5000-003304-9cdbd5a5,1777539092528,1777539092563,202,35.132
3305,exp-perf5000-003305-5411cf75,1777539092528,1777539092563,202,34.798
3306,exp-perf5000-003306-7452f882,1777539092529,1777539092564,202,35.132
3307,exp-perf5000-003307-a5e818b5,1777539092529,1777539092564,202,34.910
3308,exp-perf5000-003308-9d9f341d,1777539092529,1777539092564,202,35.189
3309,exp-perf5000-003309-0716fc7c,1777539092530,1777539092565,202,34.933
3310,exp-perf5000-003310-17906017,1777539092530,1777539092565,202,35.032
3311,exp-perf5000-003311-fbc40f43,1777539092530,1777539092565,202,34.808
3312,exp-perf5000-003312-413c52d7,1777539092531,1777539092566,202,34.998
3313,exp-perf5000-003313-c1e38543,1777539092531,1777539092566,202,34.606
3314,exp-perf5000-003314-c73b2ab8,1777539092532,1777539092566,202,34.734
3315,exp-perf5000-003315-7064e7d6,1777539092532,1777539092567,202,34.539
3316,exp-perf5000-003316-3183b011,1777539092532,1777539092567,202,34.769
3317,exp-perf5000-003317-62bbe517,1777539092533,1777539092567,202,34.449
3318,exp-perf5000-003318-6b86a6d7,1777539092533,1777539092568,202,34.559
3319,exp-perf5000-003319-af35d15e,1777539092533,1777539092568,202,34.456
3320,exp-perf5000-003320-d05960e0,1777539092534,1777539092568,202,34.606
3321,exp-perf5000-003321-d5d1c357,1777539092534,1777539092569,202,34.761
3322,exp-perf5000-003322-e2cd558c,1777539092534,1777539092569,202,34.955
3323,exp-perf5000-003323-ed4a2788,1777539092535,1777539092570,202,34.815
3324,exp-perf5000-003324-8d0fa5b0,1777539092535,1777539092570,202,34.954
3325,exp-perf5000-003325-8d75fc8c,1777539092536,1777539092570,202,34.399
3326,exp-perf5000-003326-1216ba3a,1777539092536,1777539092571,202,34.786
3327,exp-perf5000-003327-4733d011,1777539092536,1777539092571,202,34.502
3328,exp-perf5000-003328-139eb1dc,1777539092537,1777539092571,202,34.541
3329,exp-perf5000-003329-1d1fbf3e,1777539092537,1777539092572,202,34.632
3330,exp-perf5000-003330-7be6c759,1777539092537,1777539092572,202,35.015
3331,exp-perf5000-003331-4873a54e,1777539092538,1777539092572,202,34.575
3332,exp-perf5000-003332-cf9c5593,1777539092538,1777539092573,202,34.964
3333,exp-perf5000-003333-8150f967,1777539092538,1777539092573,202,34.538
3334,exp-perf5000-003334-f0523134,1777539092539,1777539092574,202,34.988
3335,exp-perf5000-003335-50159701,1777539092539,1777539092574,202,34.959
3336,exp-perf5000-003336-6f517302,1777539092540,1777539092575,202,34.912
3337,exp-perf5000-003337-5b5dd766,1777539092540,1777539092575,202,35.015
3338,exp-perf5000-003338-3d2ad1e2,1777539092540,1777539092575,202,35.034
3339,exp-perf5000-003339-2cf458ce,1777539092541,1777539092576,202,35.337
3340,exp-perf5000-003340-580cbafb,1777539092541,1777539092576,202,34.625
3341,exp-perf5000-003341-65e07da7,1777539092541,1777539092577,202,35.308
3342,exp-perf5000-003342-cf359ba9,1777539092542,1777539092577,202,34.789
3343,exp-perf5000-003343-0e349f94,1777539092542,1777539092577,202,35.239
3344,exp-perf5000-003344-10949df8,1777539092542,1777539092578,202,35.217
3345,exp-perf5000-003345-ecc6c8ee,1777539092543,1777539092578,202,35.244
3346,exp-perf5000-003346-ea683307,1777539092543,1777539092579,202,35.546
3347,exp-perf5000-003347-5050f4ff,1777539092544,1777539092579,202,35.182
3348,exp-perf5000-003348-10ce8921,1777539092544,1777539092579,202,35.521
3349,exp-perf5000-003349-95ebd9ab,1777539092544,1777539092580,202,35.366
3350,exp-perf5000-003350-a876d614,1777539092544,1777539092580,202,35.687
3351,exp-perf5000-003351-6ea4148f,1777539092545,1777539092581,202,35.897
3352,exp-perf5000-003352-2c7d3f64,1777539092545,1777539092581,202,36.048
3353,exp-perf5000-003353-4c1f2903,1777539092546,1777539092582,202,36.407
3354,exp-perf5000-003354-18b09c8d,1777539092546,1777539092582,202,35.554
3355,exp-perf5000-003355-3f5ed870,1777539092546,1777539092583,202,36.420
3356,exp-perf5000-003356-991071c4,1777539092547,1777539092583,202,35.988
3357,exp-perf5000-003357-3de4c37f,1777539092547,1777539092583,202,36.302
3358,exp-perf5000-003358-7593a23e,1777539092547,1777539092583,202,35.641
3359,exp-perf5000-003359-0dd2201e,1777539092548,1777539092584,202,36.399
3360,exp-perf5000-003360-937ebdf2,1777539092548,1777539092584,202,35.765
3361,exp-perf5000-003361-56313e92,1777539092548,1777539092585,202,36.474
3362,exp-perf5000-003362-b02cc2d5,1777539092549,1777539092585,202,35.964
3363,exp-perf5000-003363-a7bd8e5b,1777539092549,1777539092586,202,36.190
3364,exp-perf5000-003364-fe27d7e0,1777539092550,1777539092585,202,35.797
3365,exp-perf5000-003365-e7ddb8b4,1777539092550,1777539092586,202,35.876
3366,exp-perf5000-003366-bfb7128e,1777539092550,1777539092586,202,36.036
3367,exp-perf5000-003367-6610221e,1777539092551,1777539092587,202,36.400
3368,exp-perf5000-003368-f3a7a0a4,1777539092551,1777539092587,202,35.696
3369,exp-perf5000-003369-a3c518c0,1777539092551,1777539092588,202,36.226
3370,exp-perf5000-003370-c99f6f12,1777539092551,1777539092589,202,37.464
3371,exp-perf5000-003371-7d6c0f30,1777539092552,1777539092590,202,37.676
3372,exp-perf5000-003372-740fd939,1777539092553,1777539092591,202,37.999
3373,exp-perf5000-003373-852fa70b,1777539092553,1777539092591,202,37.973
3374,exp-perf5000-003374-08754291,1777539092554,1777539092593,202,38.650
3375,exp-perf5000-003375-400de6f8,1777539092555,1777539092594,202,39.079
3376,exp-perf5000-003376-c8a21b07,1777539092555,1777539092588,202,33.159
3377,exp-perf5000-003377-f743456a,1777539092555,1777539092589,202,33.547
3378,exp-perf5000-003378-d0ecc897,1777539092555,1777539092589,202,34.052
3379,exp-perf5000-003379-97a0adea,1777539092556,1777539092590,202,34.797
3380,exp-perf5000-003380-aca1ee58,1777539092556,1777539092591,202,35.469
3381,exp-perf5000-003381-6dfc3067,1777539092556,1777539092594,202,38.425
3382,exp-perf5000-003382-221ffb5f,1777539092556,1777539092592,202,35.911
3383,exp-perf5000-003383-94c610bb,1777539092556,1777539092595,202,38.998
3384,exp-perf5000-003384-93e2eafd,1777539092556,1777539092592,202,36.156
3385,exp-perf5000-003385-f3c6137b,1777539092557,1777539092593,202,36.702
3386,exp-perf5000-003386-17cc4c0a,1777539092557,1777539092596,202,38.981
3387,exp-perf5000-003387-74b4d930,1777539092557,1777539092597,202,39.425
3388,exp-perf5000-003388-1172312b,1777539092557,1777539092594,202,36.401
3389,exp-perf5000-003389-55382469,1777539092558,1777539092597,202,39.458
3390,exp-perf5000-003390-d7ec336b,1777539092558,1777539092594,202,36.188
3391,exp-perf5000-003391-ca7a14f5,1777539092558,1777539092598,202,39.715
3392,exp-perf5000-003392-af821144,1777539092559,1777539092595,202,36.328
3393,exp-perf5000-003393-8fdec634,1777539092559,1777539092599,202,40.114
3394,exp-perf5000-003394-04735cc6,1777539092560,1777539092596,202,36.509
3395,exp-perf5000-003395-7b982aed,1777539092560,1777539092600,202,40.134
3396,exp-perf5000-003396-85f147b3,1777539092560,1777539092596,202,36.159
3397,exp-perf5000-003397-b8fb2e4a,1777539092560,1777539092601,202,40.282
3398,exp-perf5000-003398-437b5bd0,1777539092561,1777539092598,202,36.779
3399,exp-perf5000-003399-b602d177,1777539092561,1777539092602,202,40.343
3400,exp-perf5000-003400-d4d13284,1777539092562,1777539092598,202,36.257
3401,exp-perf5000-003401-5e7ef341,1777539092562,1777539092602,202,40.537
3402,exp-perf5000-003402-52859307,1777539092562,1777539092603,202,40.646
3403,exp-perf5000-003403-cc36799e,1777539092563,1777539092598,202,35.704
3404,exp-perf5000-003404-62a5a6c3,1777539092563,1777539092599,202,35.912
3405,exp-perf5000-003405-1fc7878c,1777539092563,1777539092604,202,40.733
3406,exp-perf5000-003406-8f93a9c0,1777539092564,1777539092605,202,40.921
3407,exp-perf5000-003407-90d5611e,1777539092564,1777539092600,202,35.781
3408,exp-perf5000-003408-4e70cd72,1777539092564,1777539092606,202,41.761
3409,exp-perf5000-003409-7d46669b,1777539092565,1777539092600,202,35.597
3410,exp-perf5000-003410-8275fcca,1777539092565,1777539092607,202,42.107
3411,exp-perf5000-003411-42886c6d,1777539092565,1777539092601,202,35.806
3412,exp-perf5000-003412-1c8d527e,1777539092566,1777539092608,202,42.472
3413,exp-perf5000-003413-bb3063cc,1777539092566,1777539092602,202,35.818
3414,exp-perf5000-003414-5f5f8ffd,1777539092566,1777539092609,202,42.861
3415,exp-perf5000-003415-59ddd02a,1777539092567,1777539092602,202,35.695
3416,exp-perf5000-003416-9ccfcb30,1777539092567,1777539092610,202,42.775
3417,exp-perf5000-003417-2cdcce61,1777539092567,1777539092603,202,35.577
3418,exp-perf5000-003418-34b9d57e,1777539092568,1777539092611,202,43.381
3419,exp-perf5000-003419-61675fa5,1777539092568,1777539092604,202,35.636
3420,exp-perf5000-003420-36cbbc0c,1777539092569,1777539092612,202,43.157
3421,exp-perf5000-003421-a51ef232,1777539092569,1777539092604,202,35.390
3422,exp-perf5000-003422-fc53e962,1777539092569,1777539092613,202,43.168
3423,exp-perf5000-003423-ec41426f,1777539092570,1777539092605,202,35.384
3424,exp-perf5000-003424-1ac356bb,1777539092570,1777539092606,202,35.624
3425,exp-perf5000-003425-81c67da1,1777539092570,1777539092613,202,43.062
3426,exp-perf5000-003426-62dda8c5,1777539092571,1777539092607,202,35.989
3427,exp-perf5000-003427-6ff63c37,1777539092571,1777539092614,202,43.225
3428,exp-perf5000-003428-49fa8ff2,1777539092571,1777539092608,202,36.260
3429,exp-perf5000-003429-035695a7,1777539092572,1777539092615,202,43.238
3430,exp-perf5000-003430-a4284aee,1777539092572,1777539092609,202,36.225
3431,exp-perf5000-003431-86f76af4,1777539092573,1777539092616,202,43.049
3432,exp-perf5000-003432-af65ce71,1777539092573,1777539092609,202,35.762
3433,exp-perf5000-003433-ac95d963,1777539092573,1777539092616,202,42.834
3434,exp-perf5000-003434-0d16d378,1777539092574,1777539092610,202,35.468
3435,exp-perf5000-003435-badc5e0c,1777539092574,1777539092617,202,42.819
3436,exp-perf5000-003436-b48ac568,1777539092575,1777539092610,202,35.637
3437,exp-perf5000-003437-dd5df9e2,1777539092575,1777539092618,202,42.873
3438,exp-perf5000-003438-51bdd799,1777539092575,1777539092611,202,35.436
3439,exp-perf5000-003439-ab030a69,1777539092576,1777539092611,202,35.669
3440,exp-perf5000-003440-a60b9495,1777539092576,1777539092618,202,42.353
3441,exp-perf5000-003441-993491c6,1777539092577,1777539092619,202,42.391
3442,exp-perf5000-003442-a1a388db,1777539092577,1777539092613,202,36.088
3443,exp-perf5000-003443-26f4148b,1777539092577,1777539092620,202,42.326
3444,exp-perf5000-003444-99a1a6d8,1777539092578,1777539092613,202,35.587
3445,exp-perf5000-003445-7285f78b,1777539092578,1777539092620,202,42.243
3446,exp-perf5000-003446-55e9e53b,1777539092579,1777539092614,202,35.244
3447,exp-perf5000-003447-250e1ca6,1777539092579,1777539092621,202,42.079
3448,exp-perf5000-003448-7d6b2258,1777539092579,1777539092614,202,35.132
3449,exp-perf5000-003449-bb477915,1777539092580,1777539092622,202,42.087
3450,exp-perf5000-003450-f14cf0b0,1777539092580,1777539092615,202,35.103
3451,exp-perf5000-003451-ca9d067d,1777539092581,1777539092622,202,41.569
3452,exp-perf5000-003452-bd98ad90,1777539092581,1777539092617,202,35.639
3453,exp-perf5000-003453-69d6f244,1777539092582,1777539092623,202,41.446
3454,exp-perf5000-003454-bc855245,1777539092582,1777539092618,202,35.310
3455,exp-perf5000-003455-d3c0b969,1777539092583,1777539092624,202,41.361
3456,exp-perf5000-003456-3e23f6a0,1777539092583,1777539092619,202,35.825
3457,exp-perf5000-003457-504d0d0b,1777539092583,1777539092625,202,41.444
3458,exp-perf5000-003458-e9b46077,1777539092583,1777539092619,202,35.873
3459,exp-perf5000-003459-571895c7,1777539092584,1777539092625,202,41.651
3460,exp-perf5000-003460-b57de782,1777539092584,1777539092620,202,35.756
3461,exp-perf5000-003461-85f47a67,1777539092585,1777539092626,202,41.553
3462,exp-perf5000-003462-3850c801,1777539092585,1777539092621,202,35.776
3463,exp-perf5000-003463-ed44ad90,1777539092585,1777539092621,202,36.051
3464,exp-perf5000-003464-466255a2,1777539092586,1777539092627,202,41.100
3465,exp-perf5000-003465-5aa2e1d9,1777539092586,1777539092622,202,36.113
3466,exp-perf5000-003466-34b276b4,1777539092586,1777539092627,202,40.993
3467,exp-perf5000-003467-c5daa1af,1777539092587,1777539092623,202,36.081
3468,exp-perf5000-003468-d53b35d6,1777539092587,1777539092628,202,41.057
3469,exp-perf5000-003469-06602a62,1777539092588,1777539092626,202,38.178
3470,exp-perf5000-003470-e208d471,1777539092588,1777539092626,202,37.540
3471,exp-perf5000-003471-fbdb0017,1777539092589,1777539092626,202,37.683
3472,exp-perf5000-003472-91823602,1777539092589,1777539092629,202,39.927
3473,exp-perf5000-003473-72d54034,1777539092590,1777539092628,202,38.140
3474,exp-perf5000-003474-55a2b536,1777539092590,1777539092630,202,39.821
3475,exp-perf5000-003475-66ae2127,1777539092590,1777539092628,202,37.586
3476,exp-perf5000-003476-b0c24e18,1777539092591,1777539092630,202,39.214
3477,exp-perf5000-003477-48cbb9a7,1777539092591,1777539092629,202,37.369
3478,exp-perf5000-003478-2647431a,1777539092591,1777539092631,202,39.108
3479,exp-perf5000-003479-a412bfbd,1777539092592,1777539092629,202,37.611
3480,exp-perf5000-003480-8ca06e02,1777539092592,1777539092630,202,37.683
3481,exp-perf5000-003481-e6cc11c4,1777539092593,1777539092631,202,38.593
3482,exp-perf5000-003482-52f34ead,1777539092593,1777539092631,202,37.472
3483,exp-perf5000-003483-97abaf89,1777539092594,1777539092632,202,38.289
3484,exp-perf5000-003484-ff9ed5ee,1777539092594,1777539092632,202,37.623
3485,exp-perf5000-003485-735aeea1,1777539092594,1777539092633,202,38.649
3486,exp-perf5000-003486-0e9383c4,1777539092594,1777539092632,202,37.915
3487,exp-perf5000-003487-0d46832a,1777539092595,1777539092633,202,38.346
3488,exp-perf5000-003488-9c6a216a,1777539092595,1777539092633,202,37.909
3489,exp-perf5000-003489-6f777b41,1777539092596,1777539092634,202,38.507
3490,exp-perf5000-003490-61f3f4b1,1777539092596,1777539092634,202,37.713
3491,exp-perf5000-003491-59ea2241,1777539092596,1777539092635,202,38.329
3492,exp-perf5000-003492-f7001f72,1777539092597,1777539092635,202,38.291
3493,exp-perf5000-003493-09c382d1,1777539092597,1777539092636,202,38.144
3494,exp-perf5000-003494-f435011c,1777539092598,1777539092635,202,37.448
3495,exp-perf5000-003495-b591f22a,1777539092598,1777539092637,202,38.554
3496,exp-perf5000-003496-dd1bdba0,1777539092598,1777539092636,202,38.020
3497,exp-perf5000-003497-51cb72d3,1777539092598,1777539092637,202,38.857
3498,exp-perf5000-003498-7d5497eb,1777539092599,1777539092638,202,38.868
3499,exp-perf5000-003499-033d9c93,1777539092599,1777539092637,202,37.640
3500,exp-perf5000-003500-48fd249a,1777539092600,1777539092639,202,38.923
3501,exp-perf5000-003501-64a8baca,1777539092600,1777539092638,202,37.547
3502,exp-perf5000-003502-da3af692,1777539092600,1777539092639,202,39.109
3503,exp-perf5000-003503-b179d2ce,1777539092601,1777539092638,202,37.452
3504,exp-perf5000-003504-741c238e,1777539092601,1777539092640,202,39.143
3505,exp-perf5000-003505-58bbfc0c,1777539092602,1777539092639,202,37.420
3506,exp-perf5000-003506-cf8e7dbc,1777539092602,1777539092641,202,39.089
3507,exp-perf5000-003507-a6e245e3,1777539092602,1777539092642,202,39.283
3508,exp-perf5000-003508-3135bcb4,1777539092602,1777539092640,202,37.277
3509,exp-perf5000-003509-022d817d,1777539092603,1777539092642,202,39.188
3510,exp-perf5000-003510-ec920ae5,1777539092603,1777539092640,202,37.272
3511,exp-perf5000-003511-743e5320,1777539092604,1777539092643,202,39.321
3512,exp-perf5000-003512-355bbfcd,1777539092604,1777539092641,202,37.172
3513,exp-perf5000-003513-50b55363,1777539092604,1777539092645,202,40.251
3514,exp-perf5000-003514-c37dd135,1777539092605,1777539092642,202,37.165
3515,exp-perf5000-003515-a1dbbc78,1777539092605,1777539092644,202,39.498
3516,exp-perf5000-003516-d95103d3,1777539092606,1777539092645,202,39.239
3517,exp-perf5000-003517-346bdba0,1777539092606,1777539092642,202,36.188
3518,exp-perf5000-003518-9c9938f6,1777539092607,1777539092646,202,39.105
3519,exp-perf5000-003519-4271dfd9,1777539092607,1777539092643,202,36.009
3520,exp-perf5000-003520-6541af0d,1777539092608,1777539092647,202,39.428
3521,exp-perf5000-003521-6131b306,1777539092608,1777539092644,202,35.358
3522,exp-perf5000-003522-7e2e2568,1777539092609,1777539092648,202,39.762
3523,exp-perf5000-003523-1ac5decf,1777539092609,1777539092649,202,39.709
3524,exp-perf5000-003524-89d09a8f,1777539092609,1777539092645,202,35.291
3525,exp-perf5000-003525-08e8cb13,1777539092610,1777539092649,202,39.612
3526,exp-perf5000-003526-73b28a9a,1777539092610,1777539092645,202,35.595
3527,exp-perf5000-003527-ac633ec5,1777539092610,1777539092650,202,39.526
3528,exp-perf5000-003528-c43739d3,1777539092611,1777539092651,202,39.927
3529,exp-perf5000-003529-5c6274f8,1777539092611,1777539092646,202,35.131
3530,exp-perf5000-003530-a7ef062a,1777539092611,1777539092651,202,39.742
3531,exp-perf5000-003531-12b02cef,1777539092612,1777539092647,202,34.900
3532,exp-perf5000-003532-e3204ef3,1777539092613,1777539092648,202,34.949
3533,exp-perf5000-003533-8115dd5f,1777539092613,1777539092652,202,39.054
3534,exp-perf5000-003534-b92c6ecf,1777539092613,1777539092653,202,39.586
3535,exp-perf5000-003535-e019e3b7,1777539092613,1777539092648,202,34.585
3536,exp-perf5000-003536-45f410a3,1777539092614,1777539092654,202,39.664
3537,exp-perf5000-003537-0fe7acda,1777539092614,1777539092649,202,34.427
3538,exp-perf5000-003538-f49f2dca,1777539092615,1777539092654,202,39.752
3539,exp-perf5000-003539-b3b645b5,1777539092615,1777539092649,202,34.472
3540,exp-perf5000-003540-591da072,1777539092615,1777539092655,202,39.856
3541,exp-perf5000-003541-05f22a64,1777539092616,1777539092650,202,34.403
3542,exp-perf5000-003542-85c98c81,1777539092616,1777539092651,202,34.341
3543,exp-perf5000-003543-759680f8,1777539092617,1777539092656,202,39.090
3544,exp-perf5000-003544-6187c137,1777539092617,1777539092651,202,34.325
3545,exp-perf5000-003545-191d36ee,1777539092618,1777539092657,202,38.981
3546,exp-perf5000-003546-bbe317c3,1777539092618,1777539092652,202,34.254
3547,exp-perf5000-003547-db193115,1777539092618,1777539092653,202,34.354
3548,exp-perf5000-003548-fd15793c,1777539092619,1777539092657,202,38.570
3549,exp-perf5000-003549-dd2c7d8b,1777539092619,1777539092653,202,34.353
3550,exp-perf5000-003550-f0e252fb,1777539092619,1777539092658,202,38.427
3551,exp-perf5000-003551-4a037607,1777539092620,1777539092654,202,34.293
3552,exp-perf5000-003552-cac4420e,1777539092620,1777539092658,202,38.459
3553,exp-perf5000-003553-743ac543,1777539092620,1777539092655,202,34.613
3554,exp-perf5000-003554-d2e352cf,1777539092621,1777539092659,202,38.473
3555,exp-perf5000-003555-f2206d70,1777539092621,1777539092655,202,34.356
3556,exp-perf5000-003556-076e73e9,1777539092621,1777539092660,202,38.469
3557,exp-perf5000-003557-c56cdb80,1777539092622,1777539092656,202,34.469
3558,exp-perf5000-003558-175cacf1,1777539092622,1777539092661,202,38.691
3559,exp-perf5000-003559-c058f67a,1777539092622,1777539092657,202,34.470
3560,exp-perf5000-003560-03416b78,1777539092623,1777539092661,202,38.423
3561,exp-perf5000-003561-5de50e25,1777539092623,1777539092657,202,34.359
3562,exp-perf5000-003562-43274dd2,1777539092624,1777539092658,202,34.114
3563,exp-perf5000-003563-3288c346,1777539092625,1777539092659,202,34.102
3564,exp-perf5000-003564-cfe75b7f,1777539092626,1777539092659,202,33.840
3565,exp-perf5000-003565-11a48d6a,1777539092626,1777539092662,202,36.251
3566,exp-perf5000-003566-440dd478,1777539092626,1777539092662,202,36.397
3567,exp-perf5000-003567-5c3fe097,1777539092626,1777539092660,202,34.153
3568,exp-perf5000-003568-2f6e15a4,1777539092626,1777539092663,202,36.541
3569,exp-perf5000-003569-fbe28b2f,1777539092627,1777539092662,202,34.760
3570,exp-perf5000-003570-3cd8ebee,1777539092627,1777539092663,202,35.199
3571,exp-perf5000-003571-18040d99,1777539092628,1777539092664,202,35.960
3572,exp-perf5000-003572-05f62038,1777539092628,1777539092665,202,36.915
3573,exp-perf5000-003573-eaafb8af,1777539092628,1777539092663,202,35.068
3574,exp-perf5000-003574-747c0c5f,1777539092629,1777539092665,202,36.684
3575,exp-perf5000-003575-29987e57,1777539092629,1777539092664,202,35.068
3576,exp-perf5000-003576-799d5f81,1777539092629,1777539092666,202,36.412
3577,exp-perf5000-003577-515fe944,1777539092630,1777539092665,202,35.108
3578,exp-perf5000-003578-cc137d70,1777539092630,1777539092665,202,35.522
3579,exp-perf5000-003579-baa954e6,1777539092630,1777539092666,202,36.233
3580,exp-perf5000-003580-47cd9b87,1777539092631,1777539092666,202,35.558
3581,exp-perf5000-003581-f8b87e2e,1777539092631,1777539092667,202,36.020
3582,exp-perf5000-003582-b3a07625,1777539092631,1777539092667,202,35.884
3583,exp-perf5000-003583-a1fc0572,1777539092632,1777539092668,202,36.237
3584,exp-perf5000-003584-6e7c4c7f,1777539092632,1777539092668,202,35.551
3585,exp-perf5000-003585-ee3af48c,1777539092632,1777539092668,202,36.021
3586,exp-perf5000-003586-6c1789ae,1777539092633,1777539092668,202,35.277
3587,exp-perf5000-003587-b8fe1e57,1777539092633,1777539092669,202,36.016
3588,exp-perf5000-003588-e73715aa,1777539092633,1777539092669,202,35.483
3589,exp-perf5000-003589-f0bb9741,1777539092634,1777539092670,202,36.051
3590,exp-perf5000-003590-0a4967b2,1777539092635,1777539092670,202,35.053
3591,exp-perf5000-003591-c1510302,1777539092635,1777539092671,202,35.765
3592,exp-perf5000-003592-f1d80c8d,1777539092635,1777539092670,202,35.200
3593,exp-perf5000-003593-13c1d63e,1777539092635,1777539092671,202,36.019
3594,exp-perf5000-003594-1ffed0ae,1777539092636,1777539092671,202,35.423
3595,exp-perf5000-003595-1e7c5bfa,1777539092636,1777539092672,202,35.400
3596,exp-perf5000-003596-9778d214,1777539092637,1777539092672,202,35.707
3597,exp-perf5000-003597-d67b8966,1777539092637,1777539092673,202,35.829
3598,exp-perf5000-003598-cacde4f4,1777539092637,1777539092673,202,35.860
3599,exp-perf5000-003599-dd69b8b4,1777539092638,1777539092673,202,35.572
3600,exp-perf5000-003600-bd93b5a8,1777539092638,1777539092674,202,35.823
3601,exp-perf5000-003601-f549aff2,1777539092638,1777539092674,202,35.535
3602,exp-perf5000-003602-5905edb7,1777539092639,1777539092675,202,35.969
3603,exp-perf5000-003603-244104a1,1777539092639,1777539092675,202,35.852
3604,exp-perf5000-003604-ce47748a,1777539092639,1777539092675,202,35.710
3605,exp-perf5000-003605-a3426055,1777539092640,1777539092675,202,35.690
3606,exp-perf5000-003606-23bc360a,1777539092640,1777539092676,202,35.720
3607,exp-perf5000-003607-37c280ed,1777539092641,1777539092676,202,35.371
3608,exp-perf5000-003608-b0665522,1777539092641,1777539092676,202,35.381
3609,exp-perf5000-003609-4b601571,1777539092641,1777539092676,202,35.207
3610,exp-perf5000-003610-2bbee49f,1777539092642,1777539092677,202,35.475
3611,exp-perf5000-003611-072912bf,1777539092642,1777539092677,202,35.441
3612,exp-perf5000-003612-6cd90d1a,1777539092642,1777539092678,202,35.768
3613,exp-perf5000-003613-c59128ff,1777539092642,1777539092678,202,35.780
3614,exp-perf5000-003614-ac493213,1777539092643,1777539092679,202,35.710
3615,exp-perf5000-003615-73b9cf62,1777539092643,1777539092679,202,35.687
3616,exp-perf5000-003616-f3d805a4,1777539092644,1777539092679,202,35.624
3617,exp-perf5000-003617-7d487a3a,1777539092645,1777539092679,202,34.510
3618,exp-perf5000-003618-45aaeb81,1777539092645,1777539092680,202,35.179
3619,exp-perf5000-003619-4a799160,1777539092645,1777539092680,202,34.943
3620,exp-perf5000-003620-df429902,1777539092645,1777539092681,202,35.584
3621,exp-perf5000-003621-8457bc77,1777539092646,1777539092680,202,34.895
3622,exp-perf5000-003622-fb4b6028,1777539092646,1777539092682,202,35.589
3623,exp-perf5000-003623-abcacd19,1777539092646,1777539092681,202,34.766
3624,exp-perf5000-003624-bb69db0a,1777539092647,1777539092682,202,35.280
3625,exp-perf5000-003625-c5e5c42b,1777539092647,1777539092683,202,35.285
3626,exp-perf5000-003626-12232738,1777539092648,1777539092682,202,34.833
3627,exp-perf5000-003627-aea238a7,1777539092648,1777539092683,202,35.326
3628,exp-perf5000-003628-79bd706a,1777539092648,1777539092683,202,34.829
3629,exp-perf5000-003629-ef8e33ec,1777539092649,1777539092684,202,35.458
3630,exp-perf5000-003630-fb19f430,1777539092649,1777539092684,202,34.993
3631,exp-perf5000-003631-038a3a08,1777539092649,1777539092685,202,35.683
3632,exp-perf5000-003632-697d8a45,1777539092650,1777539092685,202,35.913
3633,exp-perf5000-003633-97e93f8e,1777539092650,1777539092686,202,35.572
3634,exp-perf5000-003634-c0cbcef1,1777539092650,1777539092686,202,35.738
3635,exp-perf5000-003635-d67fe796,1777539092651,1777539092686,202,35.324
3636,exp-perf5000-003636-391b499e,1777539092651,1777539092686,202,35.244
3637,exp-perf5000-003637-7afc726e,1777539092651,1777539092687,202,35.559
3638,exp-perf5000-003638-1ec57692,1777539092652,1777539092687,202,34.991
3639,exp-perf5000-003639-7b7c8de1,1777539092652,1777539092688,202,35.838
3640,exp-perf5000-003640-fd4157fd,1777539092652,1777539092687,202,34.784
3641,exp-perf5000-003641-434ae8e0,1777539092653,1777539092688,202,34.820
3642,exp-perf5000-003642-c5c8c22b,1777539092653,1777539092688,202,35.402
3643,exp-perf5000-003643-aeb9d3ea,1777539092653,1777539092689,202,35.587
3644,exp-perf5000-003644-76aa6695,1777539092654,1777539092689,202,35.706
3645,exp-perf5000-003645-163c2c0a,1777539092654,1777539092690,202,35.510
3646,exp-perf5000-003646-e08c0478,1777539092654,1777539092690,202,35.657
3647,exp-perf5000-003647-9232111a,1777539092655,1777539092691,202,35.505
3648,exp-perf5000-003648-89e47d43,1777539092655,1777539092692,202,36.682
3649,exp-perf5000-003649-e02b0e26,1777539092655,1777539092691,202,35.736
3650,exp-perf5000-003650-8f0443fa,1777539092656,1777539092692,202,35.565
3651,exp-perf5000-003651-0c98def9,1777539092656,1777539092692,202,35.973
3652,exp-perf5000-003652-e33778e9,1777539092657,1777539092693,202,36.073
3653,exp-perf5000-003653-e13f9112,1777539092657,1777539092694,202,37.107
3654,exp-perf5000-003654-61af44d0,1777539092657,1777539092694,202,36.300
3655,exp-perf5000-003655-8de44d91,1777539092658,1777539092695,202,37.518
3656,exp-perf5000-003656-06240969,1777539092658,1777539092694,202,36.621
3657,exp-perf5000-003657-4394dcd0,1777539092658,1777539092696,202,37.607
3658,exp-perf5000-003658-a56daf28,1777539092658,1777539092695,202,36.887
3659,exp-perf5000-003659-0f0a6965,1777539092659,1777539092696,202,37.626
3660,exp-perf5000-003660-c2bc85e4,1777539092659,1777539092696,202,36.869
3661,exp-perf5000-003661-bce74892,1777539092659,1777539092697,202,37.902
3662,exp-perf5000-003662-37f84b24,1777539092660,1777539092697,202,36.993
3663,exp-perf5000-003663-c8788e1c,1777539092661,1777539092699,202,38.198
3664,exp-perf5000-003664-a2c12f59,1777539092661,1777539092698,202,36.975
3665,exp-perf5000-003665-44c5d954,1777539092661,1777539092698,202,37.092
3666,exp-perf5000-003666-db71d49b,1777539092662,1777539092699,202,37.254
3667,exp-perf5000-003667-38613a73,1777539092662,1777539092699,202,37.070
3668,exp-perf5000-003668-05fbf74b,1777539092662,1777539092700,202,37.557
3669,exp-perf5000-003669-55c94678,1777539092663,1777539092700,202,36.933
3670,exp-perf5000-003670-5108a195,1777539092663,1777539092701,202,37.506
3671,exp-perf5000-003671-697dfd2b,1777539092663,1777539092701,202,37.594
3672,exp-perf5000-003672-6b73d5c3,1777539092664,1777539092702,202,37.928
3673,exp-perf5000-003673-0189a7c2,1777539092664,1777539092702,202,37.592
3674,exp-perf5000-003674-04819b30,1777539092665,1777539092703,202,37.998
3675,exp-perf5000-003675-09a70af1,1777539092665,1777539092702,202,37.500
3676,exp-perf5000-003676-ec245a04,1777539092665,1777539092703,202,37.804
3677,exp-perf5000-003677-a295a502,1777539092666,1777539092703,202,37.443
3678,exp-perf5000-003678-af89dce7,1777539092666,1777539092704,202,38.040
3679,exp-perf5000-003679-534c1295,1777539092666,1777539092704,202,37.415
3680,exp-perf5000-003680-1d27cec5,1777539092666,1777539092704,202,37.910
3681,exp-perf5000-003681-8e0128a4,1777539092667,1777539092706,202,38.736
3682,exp-perf5000-003682-c88e1e8b,1777539092667,1777539092705,202,37.390
3683,exp-perf5000-003683-6bec894a,1777539092668,1777539092705,202,37.805
3684,exp-perf5000-003684-7b46d5aa,1777539092668,1777539092706,202,38.389
3685,exp-perf5000-003685-7d6389c8,1777539092668,1777539092707,202,38.319
3686,exp-perf5000-003686-a46c3f82,1777539092668,1777539092707,202,38.691
3687,exp-perf5000-003687-6e078321,1777539092669,1777539092707,202,38.196
3688,exp-perf5000-003688-2dd5fa6b,1777539092669,1777539092708,202,38.353
3689,exp-perf5000-003689-e42311a7,1777539092670,1777539092708,202,38.776
3690,exp-perf5000-003690-38a0bbc6,1777539092670,1777539092708,202,38.177
3691,exp-perf5000-003691-039823f9,1777539092670,1777539092710,202,39.729
3692,exp-perf5000-003692-2d5abbf3,1777539092671,1777539092709,202,38.370
3693,exp-perf5000-003693-c5b8a8c8,1777539092671,1777539092710,202,38.856
3694,exp-perf5000-003694-1e8f6bc7,1777539092671,1777539092710,202,38.232
3695,exp-perf5000-003695-1890cef7,1777539092672,1777539092710,202,38.664
3696,exp-perf5000-003696-2eb1f17d,1777539092672,1777539092711,202,38.335
3697,exp-perf5000-003697-e9cb2080,1777539092673,1777539092711,202,38.128
3698,exp-perf5000-003698-a39e2ef5,1777539092673,1777539092712,202,38.828
3699,exp-perf5000-003699-b75a7a24,1777539092673,1777539092712,202,38.498
3700,exp-perf5000-003700-f951e9d4,1777539092674,1777539092712,202,38.521
3701,exp-perf5000-003701-9be3be58,1777539092674,1777539092712,202,37.960
3702,exp-perf5000-003702-61a1afd7,1777539092675,1777539092712,202,37.730
3703,exp-perf5000-003703-55322132,1777539092675,1777539092713,202,37.910
3704,exp-perf5000-003704-667b50c7,1777539092675,1777539092714,202,38.615
3705,exp-perf5000-003705-03fe8af0,1777539092675,1777539092714,202,38.132
3706,exp-perf5000-003706-5937d580,1777539092676,1777539092714,202,38.269
3707,exp-perf5000-003707-d2a1d8f9,1777539092676,1777539092715,202,38.886
3708,exp-perf5000-003708-0c7429b7,1777539092676,1777539092716,202,39.421
3709,exp-perf5000-003709-03f53006,1777539092676,1777539092715,202,38.861
3710,exp-perf5000-003710-11eb8a7c,1777539092677,1777539092716,202,39.326
3711,exp-perf5000-003711-743685c3,1777539092677,1777539092716,202,38.690
3712,exp-perf5000-003712-169ed2e6,1777539092678,1777539092717,202,39.341
3713,exp-perf5000-003713-a28dd193,1777539092678,1777539092717,202,38.820
3714,exp-perf5000-003714-59261b62,1777539092679,1777539092718,202,39.173
3715,exp-perf5000-003715-7478dba1,1777539092679,1777539092718,202,39.379
3716,exp-perf5000-003716-98c71009,1777539092679,1777539092719,202,40.232
3717,exp-perf5000-003717-55d6f13f,1777539092679,1777539092719,202,39.738
3718,exp-perf5000-003718-1f5e3594,1777539092680,1777539092721,202,41.238
3719,exp-perf5000-003719-1a762bb5,1777539092680,1777539092720,202,39.824
3720,exp-perf5000-003720-5803031c,1777539092681,1777539092721,202,40.000
3721,exp-perf5000-003721-69efe491,1777539092681,1777539092722,202,40.814
3722,exp-perf5000-003722-9c2c6270,1777539092681,1777539092721,202,40.141
3723,exp-perf5000-003723-1dfe4bbd,1777539092682,1777539092722,202,40.573
3724,exp-perf5000-003724-e21d3a1c,1777539092682,1777539092722,202,39.852
3725,exp-perf5000-003725-322cbb8f,1777539092682,1777539092723,202,40.351
3726,exp-perf5000-003726-c4f53371,1777539092683,1777539092723,202,40.516
3727,exp-perf5000-003727-3dba7e97,1777539092683,1777539092724,202,40.468
3728,exp-perf5000-003728-a6a63d2f,1777539092683,1777539092723,202,39.935
3729,exp-perf5000-003729-b6982dcb,1777539092684,1777539092724,202,40.652
3730,exp-perf5000-003730-479713d9,1777539092684,1777539092725,202,40.301
3731,exp-perf5000-003731-25c53817,1777539092685,1777539092725,202,40.238
3732,exp-perf5000-003732-d68e155c,1777539092685,1777539092725,202,39.602
3733,exp-perf5000-003733-d9848abd,1777539092686,1777539092726,202,40.434
3734,exp-perf5000-003734-9466c52d,1777539092686,1777539092726,202,39.885
3735,exp-perf5000-003735-8ed05443,1777539092686,1777539092727,202,40.517
3736,exp-perf5000-003736-485742d5,1777539092686,1777539092727,202,40.496
3737,exp-perf5000-003737-2a9e7c9d,1777539092687,1777539092727,202,40.560
3738,exp-perf5000-003738-75c508c1,1777539092687,1777539092727,202,40.513
3739,exp-perf5000-003739-bcbc3766,1777539092687,1777539092728,202,40.677
3740,exp-perf5000-003740-bc110921,1777539092688,1777539092729,202,40.893
3741,exp-perf5000-003741-0a21542f,1777539092688,1777539092728,202,40.172
3742,exp-perf5000-003742-e4699ffb,1777539092688,1777539092729,202,40.375
3743,exp-perf5000-003743-f62b5f9b,1777539092689,1777539092729,202,40.146
3744,exp-perf5000-003744-a14f919d,1777539092689,1777539092729,202,40.151
3745,exp-perf5000-003745-8440082f,1777539092690,1777539092730,202,40.250
3746,exp-perf5000-003746-4ff86300,1777539092690,1777539092730,202,40.033
3747,exp-perf5000-003747-16d18769,1777539092691,1777539092731,202,40.018
3748,exp-perf5000-003748-21a05423,1777539092691,1777539092731,202,40.007
3749,exp-perf5000-003749-b723663f,1777539092692,1777539092731,202,39.250
3750,exp-perf5000-003750-519f787e,1777539092692,1777539092732,202,39.629
3751,exp-perf5000-003751-9bdca046,1777539092692,1777539092732,202,39.743
3752,exp-perf5000-003752-29977a60,1777539092693,1777539092732,202,39.471
3753,exp-perf5000-003753-fce0cae5,1777539092694,1777539092733,202,39.416
3754,exp-perf5000-003754-fe3dc85d,1777539092694,1777539092733,202,38.443
3755,exp-perf5000-003755-06748b77,1777539092695,1777539092734,202,39.024
3756,exp-perf5000-003756-6a1ddb53,1777539092695,1777539092733,202,38.168
3757,exp-perf5000-003757-ede86439,1777539092695,1777539092734,202,38.779
3758,exp-perf5000-003758-4a742dea,1777539092696,1777539092734,202,38.098
3759,exp-perf5000-003759-c550d2c0,1777539092696,1777539092735,202,38.782
3760,exp-perf5000-003760-6754c390,1777539092696,1777539092735,202,38.110
3761,exp-perf5000-003761-aea6def0,1777539092697,1777539092736,202,38.562
3762,exp-perf5000-003762-4291acf7,1777539092697,1777539092735,202,37.902
3763,exp-perf5000-003763-c4c856f1,1777539092698,1777539092736,202,38.473
3764,exp-perf5000-003764-ec78d79a,1777539092698,1777539092737,202,38.606
3765,exp-perf5000-003765-7d1e633b,1777539092699,1777539092736,202,37.140
3766,exp-perf5000-003766-59efddd6,1777539092699,1777539092737,202,38.321
3767,exp-perf5000-003767-c3f8ae3e,1777539092699,1777539092738,202,38.484
3768,exp-perf5000-003768-9fd216a8,1777539092700,1777539092738,202,38.194
3769,exp-perf5000-003769-5222141e,1777539092700,1777539092738,202,38.324
3770,exp-perf5000-003770-6582a366,1777539092701,1777539092739,202,38.554
3771,exp-perf5000-003771-bd98e26f,1777539092701,1777539092739,202,37.581
3772,exp-perf5000-003772-7c973140,1777539092702,1777539092739,202,37.737
3773,exp-perf5000-003773-3f5250f9,1777539092702,1777539092740,202,37.958
3774,exp-perf5000-003774-30b3bd34,1777539092703,1777539092741,202,37.982
3775,exp-perf5000-003775-feeba0c7,1777539092703,1777539092740,202,37.219
3776,exp-perf5000-003776-b002d57d,1777539092703,1777539092741,202,37.762
3777,exp-perf5000-003777-5ffab041,1777539092703,1777539092741,202,38.008
3778,exp-perf5000-003778-28db591e,1777539092704,1777539092742,202,38.118
3779,exp-perf5000-003779-7f79fc38,1777539092704,1777539092742,202,38.099
3780,exp-perf5000-003780-dc9c1dfb,1777539092704,1777539092742,202,38.070
3781,exp-perf5000-003781-ae605b0a,1777539092705,1777539092743,202,37.950
3782,exp-perf5000-003782-c9630984,1777539092706,1777539092743,202,37.587
3783,exp-perf5000-003783-28fea4f3,1777539092706,1777539092743,202,37.530
3784,exp-perf5000-003784-6319179d,1777539092706,1777539092744,202,37.775
3785,exp-perf5000-003785-8357e92a,1777539092707,1777539092744,202,37.166
3786,exp-perf5000-003786-8e449f84,1777539092707,1777539092745,202,37.305
3787,exp-perf5000-003787-8bfb047b,1777539092707,1777539092745,202,37.393
3788,exp-perf5000-003788-a01faa50,1777539092708,1777539092746,202,37.882
3789,exp-perf5000-003789-acd6ea45,1777539092708,1777539092746,202,37.989
3790,exp-perf5000-003790-cb778ced,1777539092708,1777539092745,202,36.818
3791,exp-perf5000-003791-87a62932,1777539092709,1777539092747,202,37.800
3792,exp-perf5000-003792-7b891883,1777539092710,1777539092747,202,37.716
3793,exp-perf5000-003793-5d538f41,1777539092710,1777539092746,202,35.794
3794,exp-perf5000-003794-30bfa353,1777539092710,1777539092747,202,36.327
3795,exp-perf5000-003795-14c9a47d,1777539092711,1777539092748,202,37.086
3796,exp-perf5000-003796-323f4244,1777539092711,1777539092748,202,37.320
3797,exp-perf5000-003797-a52876d6,1777539092711,1777539092748,202,36.924
3798,exp-perf5000-003798-e0fad747,1777539092712,1777539092749,202,36.987
3799,exp-perf5000-003799-66bcf1ed,1777539092712,1777539092749,202,36.343
3800,exp-perf5000-003800-96fc3342,1777539092712,1777539092749,202,36.931
3801,exp-perf5000-003801-c713dda9,1777539092713,1777539092750,202,37.088
3802,exp-perf5000-003802-984334a8,1777539092713,1777539092750,202,37.242
3803,exp-perf5000-003803-f49b2d4b,1777539092713,1777539092750,202,37.465
3804,exp-perf5000-003804-74dff90b,1777539092714,1777539092751,202,37.236
3805,exp-perf5000-003805-9a71e878,1777539092714,1777539092751,202,36.801
3806,exp-perf5000-003806-a7468ad2,1777539092714,1777539092752,202,37.299
3807,exp-perf5000-003807-3dafd0f0,1777539092715,1777539092751,202,36.249
3808,exp-perf5000-003808-e76131b2,1777539092715,1777539092752,202,37.025
3809,exp-perf5000-003809-9636584b,1777539092716,1777539092752,202,36.158
3810,exp-perf5000-003810-74c5f319,1777539092716,1777539092753,202,36.882
3811,exp-perf5000-003811-0801798e,1777539092716,1777539092753,202,36.163
3812,exp-perf5000-003812-c588c8f6,1777539092717,1777539092754,202,36.468
3813,exp-perf5000-003813-d63df2c6,1777539092717,1777539092753,202,35.935
3814,exp-perf5000-003814-c0b3d425,1777539092718,1777539092754,202,35.916
3815,exp-perf5000-003815-10b7335f,1777539092718,1777539092755,202,36.133
3816,exp-perf5000-003816-e2dca892,1777539092719,1777539092755,202,36.112
3817,exp-perf5000-003817-2b6a8fa7,1777539092719,1777539092755,202,35.259
3818,exp-perf5000-003818-1cb47f9a,1777539092720,1777539092756,202,35.977
3819,exp-perf5000-003819-dc009e3c,1777539092721,1777539092757,202,36.075
3820,exp-perf5000-003820-b542607e,1777539092721,1777539092755,202,34.325
3821,exp-perf5000-003821-eebc652c,1777539092721,1777539092757,202,35.871
3822,exp-perf5000-003822-719a8f94,1777539092722,1777539092756,202,34.408
3823,exp-perf5000-003823-eaf73b32,1777539092722,1777539092758,202,36.239
3824,exp-perf5000-003824-703470d8,1777539092722,1777539092757,202,34.176
3825,exp-perf5000-003825-95c2326b,1777539092723,1777539092759,202,35.685
3826,exp-perf5000-003826-91047e25,1777539092723,1777539092757,202,34.169
3827,exp-perf5000-003827-180531b7,1777539092723,1777539092760,202,36.051
3828,exp-perf5000-003828-4d6b897f,1777539092724,1777539092758,202,34.160
3829,exp-perf5000-003829-401aee29,1777539092725,1777539092760,202,35.729
3830,exp-perf5000-003830-3d645213,1777539092725,1777539092759,202,33.966
3831,exp-perf5000-003831-f0e13a5f,1777539092725,1777539092761,202,35.784
3832,exp-perf5000-003832-7b036f94,1777539092725,1777539092759,202,34.016
3833,exp-perf5000-003833-5c24b0b6,1777539092726,1777539092762,202,35.805
3834,exp-perf5000-003834-aab58165,1777539092726,1777539092760,202,33.884
3835,exp-perf5000-003835-62b67e69,1777539092727,1777539092762,202,35.663
3836,exp-perf5000-003836-2e45e375,1777539092727,1777539092761,202,33.792
3837,exp-perf5000-003837-e4a83c3c,1777539092727,1777539092763,202,35.852
3838,exp-perf5000-003838-0f30e7f1,1777539092727,1777539092761,202,33.844
3839,exp-perf5000-003839-b0da6a02,1777539092728,1777539092764,202,35.874
3840,exp-perf5000-003840-dc8238c6,1777539092728,1777539092762,202,33.870
3841,exp-perf5000-003841-90fb53f6,1777539092729,1777539092764,202,35.775
3842,exp-perf5000-003842-8db6ba06,1777539092729,1777539092763,202,33.809
3843,exp-perf5000-003843-779b07cf,1777539092729,1777539092765,202,35.775
3844,exp-perf5000-003844-cd25b609,1777539092730,1777539092763,202,33.889
3845,exp-perf5000-003845-44e9763c,1777539092730,1777539092766,202,36.113
3846,exp-perf5000-003846-5f1b4ce4,1777539092730,1777539092764,202,33.826
3847,exp-perf5000-003847-5f688461,1777539092731,1777539092767,202,35.858
3848,exp-perf5000-003848-3b52eb12,1777539092731,1777539092765,202,33.821
3849,exp-perf5000-003849-dd8e73c3,1777539092731,1777539092767,202,35.967
3850,exp-perf5000-003850-400046ad,1777539092732,1777539092766,202,34.238
3851,exp-perf5000-003851-82abf397,1777539092732,1777539092768,202,35.772
3852,exp-perf5000-003852-13c453dd,1777539092732,1777539092767,202,34.462
3853,exp-perf5000-003853-657eb51f,1777539092733,1777539092769,202,35.871
3854,exp-perf5000-003854-0b5a3dac,1777539092733,1777539092768,202,34.436
3855,exp-perf5000-003855-286bc5be,1777539092733,1777539092770,202,36.504
3856,exp-perf5000-003856-88b240fd,1777539092734,1777539092768,202,34.668
3857,exp-perf5000-003857-60a51efc,1777539092734,1777539092770,202,36.446
3858,exp-perf5000-003858-d53b2202,1777539092734,1777539092769,202,34.891
3859,exp-perf5000-003859-bd18c084,1777539092735,1777539092771,202,36.531
3860,exp-perf5000-003860-b0ade518,1777539092735,1777539092770,202,35.082
3861,exp-perf5000-003861-0aad2edb,1777539092735,1777539092772,202,36.995
3862,exp-perf5000-003862-2c97944a,1777539092736,1777539092771,202,35.051
3863,exp-perf5000-003863-55d92257,1777539092736,1777539092773,202,37.029
3864,exp-perf5000-003864-35867174,1777539092736,1777539092771,202,34.964
3865,exp-perf5000-003865-23d0e1e9,1777539092737,1777539092772,202,34.823
3866,exp-perf5000-003866-61624c21,1777539092737,1777539092774,202,36.284
3867,exp-perf5000-003867-8e75a6b3,1777539092738,1777539092773,202,34.918
3868,exp-perf5000-003868-dbade75d,1777539092738,1777539092774,202,36.470
3869,exp-perf5000-003869-df574b01,1777539092738,1777539092773,202,34.922
3870,exp-perf5000-003870-38010175,1777539092739,1777539092775,202,36.129
3871,exp-perf5000-003871-bbc559a5,1777539092739,1777539092774,202,34.973
3872,exp-perf5000-003872-95d3e224,1777539092740,1777539092776,202,35.938
3873,exp-perf5000-003873-92981785,1777539092740,1777539092775,202,35.258
3874,exp-perf5000-003874-25ed2add,1777539092740,1777539092776,202,36.062
3875,exp-perf5000-003875-a06f09e5,1777539092741,1777539092776,202,35.218
3876,exp-perf5000-003876-e9ed1632,1777539092741,1777539092777,202,35.878
3877,exp-perf5000-003877-80c3de18,1777539092741,1777539092776,202,35.189
3878,exp-perf5000-003878-3ec34685,1777539092742,1777539092778,202,35.680
3879,exp-perf5000-003879-c02ffb50,1777539092742,1777539092777,202,35.067
3880,exp-perf5000-003880-d0968191,1777539092743,1777539092778,202,35.285
3881,exp-perf5000-003881-030f858b,1777539092743,1777539092778,202,35.546
3882,exp-perf5000-003882-2df124aa,1777539092743,1777539092779,202,35.731
3883,exp-perf5000-003883-81f4308f,1777539092743,1777539092778,202,35.136
3884,exp-perf5000-003884-ef38ab60,1777539092744,1777539092780,202,35.758
3885,exp-perf5000-003885-a5f314ce,1777539092744,1777539092779,202,35.018
3886,exp-perf5000-003886-2159ba76,1777539092745,1777539092780,202,35.660
3887,exp-perf5000-003887-471407dd,1777539092745,1777539092780,202,34.941
3888,exp-perf5000-003888-189ba548,1777539092745,1777539092781,202,35.861
3889,exp-perf5000-003889-5f0fdd21,1777539092746,1777539092780,202,34.944
3890,exp-perf5000-003890-c3df8dd4,1777539092746,1777539092782,202,36.040
3891,exp-perf5000-003891-bef0e56f,1777539092746,1777539092781,202,34.941
3892,exp-perf5000-003892-5ed86812,1777539092747,1777539092783,202,36.048
3893,exp-perf5000-003893-58fb9de7,1777539092747,1777539092782,202,34.923
3894,exp-perf5000-003894-66da6a20,1777539092747,1777539092782,202,34.973
3895,exp-perf5000-003895-aef0b25f,1777539092748,1777539092783,202,35.636
3896,exp-perf5000-003896-de8a070f,1777539092748,1777539092784,202,36.174
3897,exp-perf5000-003897-3764a743,1777539092748,1777539092783,202,35.052
3898,exp-perf5000-003898-5bc8a06b,1777539092749,1777539092784,202,35.173
3899,exp-perf5000-003899-6061907f,1777539092749,1777539092785,202,35.877
3900,exp-perf5000-003900-b059120f,1777539092749,1777539092785,202,35.259
3901,exp-perf5000-003901-462bdc4f,1777539092750,1777539092786,202,35.927
3902,exp-perf5000-003902-97a5cfac,1777539092750,1777539092785,202,35.430
3903,exp-perf5000-003903-2380f115,1777539092750,1777539092786,202,35.656
3904,exp-perf5000-003904-802781d0,1777539092751,1777539092786,202,35.744
3905,exp-perf5000-003905-4432d285,1777539092751,1777539092787,202,36.123
3906,exp-perf5000-003906-ecb0bf1f,1777539092751,1777539092787,202,35.675
3907,exp-perf5000-003907-cb780cc6,1777539092752,1777539092788,202,36.147
3908,exp-perf5000-003908-dc428508,1777539092752,1777539092788,202,36.252
3909,exp-perf5000-003909-c51d6492,1777539092752,1777539092788,202,36.016
3910,exp-perf5000-003910-47d1c549,1777539092753,1777539092789,202,35.889
3911,exp-perf5000-003911-53ed7f2a,1777539092753,1777539092789,202,36.066
3912,exp-perf5000-003912-5d387b89,1777539092753,1777539092789,202,36.054
3913,exp-perf5000-003913-428203fc,1777539092754,1777539092790,202,36.215
3914,exp-perf5000-003914-f7fc91ed,1777539092754,1777539092790,202,36.101
3915,exp-perf5000-003915-831666b5,1777539092755,1777539092791,202,36.074
3916,exp-perf5000-003916-baea4b39,1777539092755,1777539092791,202,36.183
3917,exp-perf5000-003917-115a6e98,1777539092755,1777539092791,202,36.182
3918,exp-perf5000-003918-b4eb5af5,1777539092755,1777539092792,202,36.181
3919,exp-perf5000-003919-88be5c6f,1777539092756,1777539092792,202,36.163
3920,exp-perf5000-003920-2cf8209d,1777539092756,1777539092792,202,36.162
3921,exp-perf5000-003921-58360dbe,1777539092757,1777539092793,202,36.355
3922,exp-perf5000-003922-f5667be1,1777539092757,1777539092793,202,36.139
3923,exp-perf5000-003923-794841b5,1777539092757,1777539092794,202,36.356
3924,exp-perf5000-003924-bf09368c,1777539092757,1777539092794,202,36.587
3925,exp-perf5000-003925-5e4b4483,1777539092758,1777539092795,202,36.829
3926,exp-perf5000-003926-471b9b24,1777539092758,1777539092794,202,36.003
3927,exp-perf5000-003927-33b67f9d,1777539092759,1777539092795,202,36.359
3928,exp-perf5000-003928-d1e1fda3,1777539092759,1777539092796,202,37.102
3929,exp-perf5000-003929-a49100e9,1777539092759,1777539092797,202,37.862
3930,exp-perf5000-003930-c187e5eb,1777539092760,1777539092796,202,36.068
3931,exp-perf5000-003931-906a222c,1777539092760,1777539092798,202,38.141
3932,exp-perf5000-003932-2b79c390,1777539092760,1777539092797,202,36.790
3933,exp-perf5000-003933-a47ac84d,1777539092761,1777539092799,202,38.609
3934,exp-perf5000-003934-1c4fe07d,1777539092761,1777539092798,202,36.657
3935,exp-perf5000-003935-b4450387,1777539092761,1777539092801,202,39.392
3936,exp-perf5000-003936-59129815,1777539092762,1777539092799,202,36.874
3937,exp-perf5000-003937-b5dd911c,1777539092762,1777539092801,202,38.946
3938,exp-perf5000-003938-19e1215f,1777539092762,1777539092799,202,37.088
3939,exp-perf5000-003939-d8ccd86b,1777539092763,1777539092802,202,39.486
3940,exp-perf5000-003940-1f0aca35,1777539092763,1777539092801,202,37.664
3941,exp-perf5000-003941-c1e7d4d6,1777539092763,1777539092803,202,39.843
3942,exp-perf5000-003942-8cbef856,1777539092764,1777539092801,202,37.609
3943,exp-perf5000-003943-a8b31830,1777539092764,1777539092804,202,39.847
3944,exp-perf5000-003944-acb988ec,1777539092764,1777539092802,202,37.771
3945,exp-perf5000-003945-a47eea1f,1777539092765,1777539092805,202,40.277
3946,exp-perf5000-003946-6ea41639,1777539092765,1777539092803,202,38.248
3947,exp-perf5000-003947-215432c6,1777539092766,1777539092806,202,40.376
3948,exp-perf5000-003948-ace7902a,1777539092766,1777539092804,202,37.846
3949,exp-perf5000-003949-9b455d30,1777539092767,1777539092805,202,38.162
3950,exp-perf5000-003950-80dea1f1,1777539092767,1777539092806,202,39.411
3951,exp-perf5000-003951-3d279aae,1777539092767,1777539092806,202,38.869
3952,exp-perf5000-003952-df5476c7,1777539092768,1777539092810,202,41.941
3953,exp-perf5000-003953-967d0b96,1777539092768,1777539092807,202,38.556
3954,exp-perf5000-003954-47744164,1777539092768,1777539092810,202,41.271
3955,exp-perf5000-003955-1d7a33cb,1777539092769,1777539092810,202,41.001
3956,exp-perf5000-003956-2fb50470,1777539092769,1777539092810,202,40.398
3957,exp-perf5000-003957-b11354b5,1777539092770,1777539092809,202,39.475
3958,exp-perf5000-003958-641af3d5,1777539092770,1777539092810,202,39.440
3959,exp-perf5000-003959-0c5973fa,1777539092770,1777539092810,202,39.145
3960,exp-perf5000-003960-23e47081,1777539092771,1777539092811,202,40.019
3961,exp-perf5000-003961-a94fd241,1777539092771,1777539092809,202,38.065
3962,exp-perf5000-003962-2c2b7720,1777539092771,1777539092811,202,39.808
3963,exp-perf5000-003963-ebc03562,1777539092772,1777539092811,202,39.364
3964,exp-perf5000-003964-5cd15608,1777539092772,1777539092811,202,38.466
3965,exp-perf5000-003965-529daf6b,1777539092773,1777539092812,202,39.474
3966,exp-perf5000-003966-33c9a447,1777539092773,1777539092811,202,38.228
3967,exp-perf5000-003967-f5e70d4f,1777539092773,1777539092813,202,39.526
3968,exp-perf5000-003968-86b18376,1777539092774,1777539092812,202,38.103
3969,exp-perf5000-003969-9cd34cf4,1777539092774,1777539092814,202,39.510
3970,exp-perf5000-003970-3fe3e9d5,1777539092774,1777539092812,202,37.924
3971,exp-perf5000-003971-ab6b28cc,1777539092775,1777539092813,202,38.387
3972,exp-perf5000-003972-28e68377,1777539092775,1777539092815,202,39.489
3973,exp-perf5000-003973-e57b8349,1777539092776,1777539092814,202,38.438
3974,exp-perf5000-003974-d3a506fb,1777539092776,1777539092816,202,39.886
3975,exp-perf5000-003975-66f79ff5,1777539092776,1777539092815,202,39.213
3976,exp-perf5000-003976-430033e0,1777539092776,1777539092816,202,39.641
3977,exp-perf5000-003977-513a53a3,1777539092777,1777539092816,202,38.880
3978,exp-perf5000-003978-506985b7,1777539092777,1777539092818,202,40.313
3979,exp-perf5000-003979-79382a66,1777539092778,1777539092816,202,38.715
3980,exp-perf5000-003980-565a3288,1777539092778,1777539092818,202,40.407
3981,exp-perf5000-003981-f7a47f46,1777539092778,1777539092817,202,38.696
3982,exp-perf5000-003982-dd39aa31,1777539092779,1777539092819,202,40.421
3983,exp-perf5000-003983-3afd91e7,1777539092779,1777539092818,202,39.421
3984,exp-perf5000-003984-b5aa8a3e,1777539092779,1777539092820,202,40.848
3985,exp-perf5000-003985-52e65f7d,1777539092780,1777539092819,202,39.251
3986,exp-perf5000-003986-7d4df7d2,1777539092780,1777539092821,202,40.945
3987,exp-perf5000-003987-73cc5b5d,1777539092780,1777539092819,202,39.050
3988,exp-perf5000-003988-d0817718,1777539092781,1777539092821,202,40.737
3989,exp-perf5000-003989-5033253a,1777539092781,1777539092822,202,40.866
3990,exp-perf5000-003990-aed7a95a,1777539092781,1777539092820,202,38.480
3991,exp-perf5000-003991-230118d7,1777539092782,1777539092823,202,40.858
3992,exp-perf5000-003992-b9cf99c6,1777539092782,1777539092821,202,38.601
3993,exp-perf5000-003993-63f04047,1777539092782,1777539092824,202,41.020
3994,exp-perf5000-003994-644dd95c,1777539092783,1777539092821,202,38.645
3995,exp-perf5000-003995-22eb423f,1777539092783,1777539092824,202,41.125
3996,exp-perf5000-003996-1263ad24,1777539092783,1777539092822,202,38.528
3997,exp-perf5000-003997-85005265,1777539092784,1777539092825,202,40.905
3998,exp-perf5000-003998-768ad5f0,1777539092784,1777539092823,202,38.518
3999,exp-perf5000-003999-da46d159,1777539092785,1777539092825,202,40.794
4000,exp-perf5000-004000-748b5d3f,1777539092785,1777539092823,202,38.349
4001,exp-perf5000-004001-73012415,1777539092785,1777539092826,202,40.689
4002,exp-perf5000-004002-b0f0b080,1777539092786,1777539092824,202,38.283
4003,exp-perf5000-004003-c0d351d1,1777539092786,1777539092825,202,38.579
4004,exp-perf5000-004004-c5c48254,1777539092787,1777539092827,202,40.305
4005,exp-perf5000-004005-ef8df505,1777539092787,1777539092827,202,40.433
4006,exp-perf5000-004006-0d61e1ac,1777539092787,1777539092825,202,38.119
4007,exp-perf5000-004007-9dbf7f62,1777539092788,1777539092826,202,38.035
4008,exp-perf5000-004008-c48afcad,1777539092788,1777539092828,202,39.851
4009,exp-perf5000-004009-a396f64d,1777539092788,1777539092827,202,38.116
4010,exp-perf5000-004010-00745fc4,1777539092789,1777539092829,202,40.559
4011,exp-perf5000-004011-a75575d4,1777539092789,1777539092827,202,38.079
4012,exp-perf5000-004012-dfd98579,1777539092790,1777539092830,202,40.597
4013,exp-perf5000-004013-4dd8ae6c,1777539092790,1777539092828,202,38.443
4014,exp-perf5000-004014-15917b88,1777539092790,1777539092831,202,40.974
4015,exp-perf5000-004015-2323f2e9,1777539092791,1777539092829,202,38.278
4016,exp-perf5000-004016-123c1b07,1777539092791,1777539092832,202,40.925
4017,exp-perf5000-004017-8cab54d6,1777539092791,1777539092830,202,38.815
4018,exp-perf5000-004018-fbed9195,1777539092792,1777539092833,202,40.911
4019,exp-perf5000-004019-ab70541d,1777539092792,1777539092831,202,39.272
4020,exp-perf5000-004020-0878ac45,1777539092792,1777539092833,202,40.957
4021,exp-perf5000-004021-300901ba,1777539092793,1777539092832,202,39.415
4022,exp-perf5000-004022-4523187b,1777539092793,1777539092834,202,41.302
4023,exp-perf5000-004023-80863737,1777539092794,1777539092833,202,39.690
4024,exp-perf5000-004024-02ce9702,1777539092794,1777539092836,202,41.900
4025,exp-perf5000-004025-a356a767,1777539092794,1777539092835,202,40.391
4026,exp-perf5000-004026-714f6e36,1777539092795,1777539092837,202,41.614
4027,exp-perf5000-004027-23889593,1777539092795,1777539092835,202,40.305
4028,exp-perf5000-004028-95b92a1f,1777539092796,1777539092837,202,41.329
4029,exp-perf5000-004029-1b08e5bf,1777539092796,1777539092838,202,41.667
4030,exp-perf5000-004030-4cee0513,1777539092797,1777539092838,202,40.641
4031,exp-perf5000-004031-1688e526,1777539092797,1777539092838,202,41.093
4032,exp-perf5000-004032-917991a8,1777539092798,1777539092839,202,40.960
4033,exp-perf5000-004033-7d8b750d,1777539092798,1777539092840,202,41.513
4034,exp-perf5000-004034-52336ea2,1777539092799,1777539092840,202,41.354
4035,exp-perf5000-004035-922c91c9,1777539092799,1777539092840,202,40.869
4036,exp-perf5000-004036-a45c1abe,1777539092800,1777539092840,202,40.857
4037,exp-perf5000-004037-ea3e851c,1777539092801,1777539092841,202,40.059
4038,exp-perf5000-004038-1072c15c,1777539092801,1777539092841,202,40.234
4039,exp-perf5000-004039-d722154b,1777539092801,1777539092842,202,40.593
4040,exp-perf5000-004040-4e99c5f3,1777539092801,1777539092843,202,41.501
4041,exp-perf5000-004041-35f72693,1777539092802,1777539092843,202,40.328
4042,exp-perf5000-004042-db8d25d3,1777539092802,1777539092843,202,40.874
4043,exp-perf5000-004043-bb288d70,1777539092803,1777539092845,202,41.151
4044,exp-perf5000-004044-8d9e57e9,1777539092803,1777539092844,202,40.152
4045,exp-perf5000-004045-95570544,1777539092804,1777539092845,202,41.047
4046,exp-perf5000-004046-909f54c3,1777539092804,1777539092844,202,40.432
4047,exp-perf5000-004047-3dc26850,1777539092805,1777539092846,202,40.764
4048,exp-perf5000-004048-ba77a2e9,1777539092805,1777539092845,202,40.122
4049,exp-perf5000-004049-84e2ed55,1777539092806,1777539092847,202,40.973
4050,exp-perf5000-004050-cc6d32de,1777539092806,1777539092847,202,40.412
4051,exp-perf5000-004051-154176bd,1777539092806,1777539092847,202,40.405
4052,exp-perf5000-004052-e50aafb2,1777539092807,1777539092846,202,39.175
4053,exp-perf5000-004053-29b2bf6c,1777539092809,1777539092849,202,39.517
4054,exp-perf5000-004054-0f13d5a6,1777539092809,1777539092848,202,38.941
4055,exp-perf5000-004055-013b6560,1777539092810,1777539092848,202,37.977
4056,exp-perf5000-004056-d11fc19b,1777539092810,1777539092849,202,39.156
4057,exp-perf5000-004057-82b0bea9,1777539092810,1777539092849,202,38.476
4058,exp-perf5000-004058-e4dc2a51,1777539092810,1777539092849,202,39.122
4059,exp-perf5000-004059-dd75fcd6,1777539092810,1777539092850,202,39.657
4060,exp-perf5000-004060-2eac49b7,1777539092810,1777539092850,202,39.367
4061,exp-perf5000-004061-ee05597e,1777539092811,1777539092851,202,39.753
4062,exp-perf5000-004062-dffb8cb7,1777539092811,1777539092851,202,39.984
4063,exp-perf5000-004063-09da80f9,1777539092811,1777539092851,202,40.106
4064,exp-perf5000-004064-faaf0812,1777539092811,1777539092852,202,40.492
4065,exp-perf5000-004065-baf09780,1777539092811,1777539092852,202,40.670
4066,exp-perf5000-004066-76532d11,1777539092812,1777539092852,202,40.635
4067,exp-perf5000-004067-580d0e18,1777539092812,1777539092853,202,40.606
4068,exp-perf5000-004068-6178eef1,1777539092812,1777539092853,202,40.735
4069,exp-perf5000-004069-d2f5bc71,1777539092813,1777539092854,202,40.585
4070,exp-perf5000-004070-28154cb4,1777539092813,1777539092855,202,41.475
4071,exp-perf5000-004071-98e2c81d,1777539092814,1777539092854,202,40.623
4072,exp-perf5000-004072-5f295221,1777539092814,1777539092855,202,41.123
4073,exp-perf5000-004073-5e0ce9c5,1777539092815,1777539092856,202,40.886
4074,exp-perf5000-004074-fe74763e,1777539092815,1777539092856,202,40.784
4075,exp-perf5000-004075-0531e62b,1777539092816,1777539092856,202,40.264
4076,exp-perf5000-004076-5a9dd34a,1777539092816,1777539092857,202,41.280
4077,exp-perf5000-004077-b56a9167,1777539092816,1777539092857,202,40.524
4078,exp-perf5000-004078-fe3ba8ff,1777539092816,1777539092858,202,41.626
4079,exp-perf5000-004079-2fa7a81d,1777539092817,1777539092859,202,42.007
4080,exp-perf5000-004080-10461530,1777539092818,1777539092858,202,39.957
4081,exp-perf5000-004081-f9b1a855,1777539092818,1777539092858,202,40.012
4082,exp-perf5000-004082-e74c8752,1777539092819,1777539092860,202,41.079
4083,exp-perf5000-004083-fbdaa935,1777539092819,1777539092861,202,41.621
4084,exp-perf5000-004084-c6474149,1777539092819,1777539092860,202,40.821
4085,exp-perf5000-004085-5017c6db,1777539092819,1777539092861,202,41.852
4086,exp-perf5000-004086-cbb5702c,1777539092820,1777539092862,202,42.475
4087,exp-perf5000-004087-d96b135b,1777539092820,1777539092860,202,40.154
4088,exp-perf5000-004088-bb122e1d,1777539092821,1777539092863,202,42.070
4089,exp-perf5000-004089-61c7312e,1777539092821,1777539092861,202,40.636
4090,exp-perf5000-004090-ac8f9801,1777539092821,1777539092862,202,40.512
4091,exp-perf5000-004091-7d107afd,1777539092821,1777539092863,202,41.935
4092,exp-perf5000-004092-02f8ea6f,1777539092822,1777539092864,202,42.034
4093,exp-perf5000-004093-94de6365,1777539092822,1777539092863,202,40.513
4094,exp-perf5000-004094-20ae4c68,1777539092823,1777539092864,202,40.938
4095,exp-perf5000-004095-c366fec8,1777539092823,1777539092865,202,42.200
4096,exp-perf5000-004096-51db9a45,1777539092823,1777539092866,202,42.540
4097,exp-perf5000-004097-9507a197,1777539092824,1777539092864,202,40.545
4098,exp-perf5000-004098-049783cb,1777539092824,1777539092866,202,42.508
4099,exp-perf5000-004099-a7c544ba,1777539092824,1777539092865,202,40.468
4100,exp-perf5000-004100-a6a94075,1777539092825,1777539092866,202,40.888
4101,exp-perf5000-004101-ec792dfb,1777539092825,1777539092867,202,42.362
4102,exp-perf5000-004102-27f8e885,1777539092825,1777539092868,202,42.689
4103,exp-perf5000-004103-53924656,1777539092825,1777539092866,202,40.794
4104,exp-perf5000-004104-b0054331,1777539092826,1777539092869,202,42.968
4105,exp-perf5000-004105-15e65b95,1777539092826,1777539092867,202,40.846
4106,exp-perf5000-004106-a8ea5a4a,1777539092827,1777539092870,202,43.364
4107,exp-perf5000-004107-a1ee3919,1777539092827,1777539092868,202,41.030
4108,exp-perf5000-004108-c4e121af,1777539092827,1777539092871,202,43.823
4109,exp-perf5000-004109-0b2c4c5d,1777539092828,1777539092869,202,41.170
4110,exp-perf5000-004110-c4e58225,1777539092828,1777539092870,202,41.634
4111,exp-perf5000-004111-63bce94f,1777539092828,1777539092871,202,42.700
4112,exp-perf5000-004112-78cdc807,1777539092829,1777539092874,202,45.037
4113,exp-perf5000-004113-ddcf9183,1777539092829,1777539092871,202,41.528
4114,exp-perf5000-004114-0f1c8857,1777539092830,1777539092871,202,40.809
4115,exp-perf5000-004115-b2b9f43e,1777539092830,1777539092876,202,45.157
4116,exp-perf5000-004116-0abe8eea,1777539092831,1777539092872,202,40.582
4117,exp-perf5000-004117-63177cc0,1777539092831,1777539092876,202,44.850
4118,exp-perf5000-004118-629d0f06,1777539092832,1777539092873,202,40.570
4119,exp-perf5000-004119-fb3eda62,1777539092832,1777539092877,202,44.929
4120,exp-perf5000-004120-aecc1bbc,1777539092833,1777539092874,202,40.939
4121,exp-perf5000-004121-61d3562a,1777539092833,1777539092875,202,41.235
4122,exp-perf5000-004122-cbbbf590,1777539092834,1777539092878,202,44.672
4123,exp-perf5000-004123-3c87d471,1777539092834,1777539092875,202,40.843
4124,exp-perf5000-004124-c490ca91,1777539092835,1777539092879,202,44.030
4125,exp-perf5000-004125-8e01b47f,1777539092835,1777539092879,202,43.964
4126,exp-perf5000-004126-0f0cbed4,1777539092836,1777539092876,202,39.867
4127,exp-perf5000-004127-6a0f22ee,1777539092837,1777539092877,202,39.979
4128,exp-perf5000-004128-25dc4829,1777539092837,1777539092880,202,43.078
4129,exp-perf5000-004129-96b906a3,1777539092838,1777539092877,202,39.466
4130,exp-perf5000-004130-f856889d,1777539092838,1777539092884,202,45.911
4131,exp-perf5000-004131-c99e7e9c,1777539092838,1777539092878,202,39.352
4132,exp-perf5000-004132-1168bfcc,1777539092839,1777539092885,202,45.980
4133,exp-perf5000-004133-8aee1432,1777539092840,1777539092879,202,38.764
4134,exp-perf5000-004134-028d636d,1777539092840,1777539092888,202,48.005
4135,exp-perf5000-004135-c5cf192a,1777539092840,1777539092880,202,39.459
4136,exp-perf5000-004136-49d5b6ab,1777539092840,1777539092888,202,48.032
4137,exp-perf5000-004137-e531445a,1777539092841,1777539092881,202,39.623
4138,exp-perf5000-004138-36797b76,1777539092841,1777539092889,202,47.789
4139,exp-perf5000-004139-9745396a,1777539092842,1777539092881,202,39.536
4140,exp-perf5000-004140-377439a7,1777539092843,1777539092882,202,39.089
4141,exp-perf5000-004141-3372f0c3,1777539092843,1777539092889,202,46.399
4142,exp-perf5000-004142-a415d115,1777539092843,1777539092894,202,50.937
4143,exp-perf5000-004143-33b3dc2e,1777539092844,1777539092893,202,49.516
4144,exp-perf5000-004144-d94421e2,1777539092845,1777539092883,202,38.009
4145,exp-perf5000-004145-2e5e4013,1777539092845,1777539092884,202,39.436
4146,exp-perf5000-004146-6250f51f,1777539092845,1777539092894,202,48.869
4147,exp-perf5000-004147-49f80e94,1777539092845,1777539092885,202,39.781
4148,exp-perf5000-004148-b9debe4e,1777539092846,1777539092894,202,48.589
4149,exp-perf5000-004149-d5024033,1777539092846,1777539092894,202,47.564
4150,exp-perf5000-004150-bddbb5f3,1777539092847,1777539092888,202,41.178
4151,exp-perf5000-004151-01a078de,1777539092847,1777539092886,202,39.048
4152,exp-perf5000-004152-d89dc1ef,1777539092847,1777539092895,202,47.422
4153,exp-perf5000-004153-1aaa8780,1777539092848,1777539092889,202,41.351
4154,exp-perf5000-004154-aa95746b,1777539092849,1777539092897,202,48.301
4155,exp-perf5000-004155-59963dd8,1777539092849,1777539092894,202,45.403
4156,exp-perf5000-004156-606004cb,1777539092849,1777539092900,202,50.509
4157,exp-perf5000-004157-e12cf97a,1777539092849,1777539092894,202,44.867
4158,exp-perf5000-004158-5b3b3eca,1777539092849,1777539092902,202,52.839
4159,exp-perf5000-004159-a80dbb5f,1777539092850,1777539092893,202,43.316
4160,exp-perf5000-004160-e3542e17,1777539092850,1777539092903,202,53.352
4161,exp-perf5000-004161-d97fc74d,1777539092851,1777539092895,202,43.949
4162,exp-perf5000-004162-44a98f76,1777539092851,1777539092905,202,53.892
4163,exp-perf5000-004163-bf980398,1777539092851,1777539092895,202,43.683
4164,exp-perf5000-004164-1b3775b2,1777539092852,1777539092905,202,53.227
4165,exp-perf5000-004165-8234e44c,1777539092852,1777539092895,202,43.170
4166,exp-perf5000-004166-fa612220,1777539092852,1777539092906,202,53.249
4167,exp-perf5000-004167-0d93b0df,1777539092853,1777539092896,202,43.279
4168,exp-perf5000-004168-931db84e,1777539092853,1777539092906,202,53.148
4169,exp-perf5000-004169-b27e912f,1777539092854,1777539092898,202,44.328
4170,exp-perf5000-004170-7676b31b,1777539092855,1777539092899,202,44.625
4171,exp-perf5000-004171-e7aed5d2,1777539092855,1777539092907,202,52.307
4172,exp-perf5000-004172-45d52941,1777539092855,1777539092908,202,52.601
4173,exp-perf5000-004173-81732783,1777539092856,1777539092900,202,44.562
4174,exp-perf5000-004174-a30d3ba1,1777539092856,1777539092903,202,46.635
4175,exp-perf5000-004175-c35ffab8,1777539092856,1777539092909,202,52.270
4176,exp-perf5000-004176-8477ebe2,1777539092857,1777539092903,202,45.915
4177,exp-perf5000-004177-15cf78a7,1777539092857,1777539092909,202,52.075
4178,exp-perf5000-004178-790c38be,1777539092858,1777539092903,202,45.425
4179,exp-perf5000-004179-ec9b42f0,1777539092858,1777539092910,202,51.971
4180,exp-perf5000-004180-fbf91776,1777539092858,1777539092903,202,44.700
4181,exp-perf5000-004181-b40785ec,1777539092859,1777539092911,202,51.547
4182,exp-perf5000-004182-387ad622,1777539092860,1777539092911,202,51.548
4183,exp-perf5000-004183-699d9358,1777539092860,1777539092904,202,43.713
4184,exp-perf5000-004184-bc4d30e7,1777539092860,1777539092905,202,44.544
4185,exp-perf5000-004185-719e50eb,1777539092861,1777539092912,202,51.642
4186,exp-perf5000-004186-444c8283,1777539092861,1777539092913,202,51.870
4187,exp-perf5000-004187-d739e142,1777539092862,1777539092905,202,43.733
4188,exp-perf5000-004188-4b1cc288,1777539092862,1777539092906,202,43.949
4189,exp-perf5000-004189-2e0d8ca5,1777539092862,1777539092914,202,51.466
4190,exp-perf5000-004190-de875b21,1777539092863,1777539092907,202,43.895
4191,exp-perf5000-004191-775a26c6,1777539092863,1777539092914,202,51.544
4192,exp-perf5000-004192-6b2b07b5,1777539092863,1777539092915,202,51.815
4193,exp-perf5000-004193-0907ddee,1777539092864,1777539092907,202,43.671
4194,exp-perf5000-004194-9c26124b,1777539092864,1777539092916,202,52.003
4195,exp-perf5000-004195-9c453c66,1777539092864,1777539092908,202,43.851
4196,exp-perf5000-004196-6d988fa0,1777539092865,1777539092909,202,43.887
4197,exp-perf5000-004197-25b72dbe,1777539092865,1777539092917,202,51.803
4198,exp-perf5000-004198-1dfff210,1777539092866,1777539092909,202,43.681
4199,exp-perf5000-004199-09451c05,1777539092866,1777539092918,202,51.680
4200,exp-perf5000-004200-56e0e74b,1777539092866,1777539092910,202,43.865
4201,exp-perf5000-004201-648e5741,1777539092867,1777539092919,202,52.129
4202,exp-perf5000-004202-bfc5c5df,1777539092867,1777539092911,202,43.736
4203,exp-perf5000-004203-95347df1,1777539092867,1777539092920,202,52.322
4204,exp-perf5000-004204-3ac9e16a,1777539092868,1777539092911,202,43.564
4205,exp-perf5000-004205-f3b83d5c,1777539092868,1777539092920,202,52.247
4206,exp-perf5000-004206-87c63807,1777539092869,1777539092912,202,43.404
4207,exp-perf5000-004207-0b9c75b9,1777539092869,1777539092921,202,51.915
4208,exp-perf5000-004208-5e77c6cb,1777539092870,1777539092913,202,42.898
4209,exp-perf5000-004209-31b53024,1777539092870,1777539092922,202,51.487
4210,exp-perf5000-004210-205bc1c2,1777539092871,1777539092913,202,42.595
4211,exp-perf5000-004211-23fad8b7,1777539092871,1777539092914,202,43.180
4212,exp-perf5000-004212-4e6857b3,1777539092871,1777539092922,202,51.078
4213,exp-perf5000-004213-35a84110,1777539092871,1777539092923,202,51.451
4214,exp-perf5000-004214-57e33523,1777539092872,1777539092915,202,43.051
4215,exp-perf5000-004215-6887dbd8,1777539092873,1777539092916,202,42.945
4216,exp-perf5000-004216-9b59d672,1777539092874,1777539092916,202,42.796
4217,exp-perf5000-004217-a0b1e123,1777539092874,1777539092924,202,49.344
4218,exp-perf5000-004218-bae8497c,1777539092875,1777539092917,202,42.353
4219,exp-perf5000-004219-cb7b30a8,1777539092875,1777539092918,202,42.438
4220,exp-perf5000-004220-9c75d2d8,1777539092876,1777539092924,202,48.627
4221,exp-perf5000-004221-4f3207af,1777539092876,1777539092918,202,42.396
4222,exp-perf5000-004222-1c4a80de,1777539092876,1777539092925,202,48.500
4223,exp-perf5000-004223-d5bdd98f,1777539092877,1777539092919,202,42.254
4224,exp-perf5000-004224-87fdb5b4,1777539092877,1777539092920,202,42.704
4225,exp-perf5000-004225-05285abf,1777539092877,1777539092926,202,48.225
4226,exp-perf5000-004226-3fbc98d0,1777539092878,1777539092921,202,42.634
4227,exp-perf5000-004227-9a20fd8c,1777539092878,1777539092926,202,47.886
4228,exp-perf5000-004228-1391cf33,1777539092879,1777539092921,202,42.564
4229,exp-perf5000-004229-3b6d74f9,1777539092879,1777539092927,202,47.974
4230,exp-perf5000-004230-3dd5d861,1777539092880,1777539092928,202,48.033
4231,exp-perf5000-004231-7473be33,1777539092880,1777539092922,202,42.135
4232,exp-perf5000-004232-458c3a7f,1777539092880,1777539092928,202,47.849
4233,exp-perf5000-004233-8e2a396c,1777539092881,1777539092922,202,41.897
4234,exp-perf5000-004234-8b097fb8,1777539092881,1777539092923,202,41.914
4235,exp-perf5000-004235-27b02afa,1777539092882,1777539092924,202,41.991
4236,exp-perf5000-004236-3d3d06f2,1777539092883,1777539092924,202,41.711
4237,exp-perf5000-004237-cfa3673e,1777539092884,1777539092929,202,44.963
4238,exp-perf5000-004238-27e279c8,1777539092884,1777539092925,202,40.918
4239,exp-perf5000-004239-0ca40c28,1777539092885,1777539092929,202,44.735
4240,exp-perf5000-004240-5e6914e2,1777539092885,1777539092926,202,40.557
4241,exp-perf5000-004241-11cfa749,1777539092886,1777539092926,202,40.330
4242,exp-perf5000-004242-587b22c1,1777539092888,1777539092930,202,41.991
4243,exp-perf5000-004243-00ffe91e,1777539092888,1777539092927,202,38.714
4244,exp-perf5000-004244-6abba19c,1777539092888,1777539092931,202,42.255
4245,exp-perf5000-004245-9019147b,1777539092889,1777539092931,202,42.508
4246,exp-perf5000-004246-846118ce,1777539092889,1777539092928,202,38.588
4247,exp-perf5000-004247-4c4cdc3c,1777539092889,1777539092932,202,42.847
4248,exp-perf5000-004248-f2ed291a,1777539092893,1777539092933,202,39.528
4249,exp-perf5000-004249-0740f380,1777539092894,1777539092928,202,34.556
4250,exp-perf5000-004250-ae554b91,1777539092894,1777539092934,202,39.532
4251,exp-perf5000-004251-1e926a25,1777539092894,1777539092935,202,40.214
4252,exp-perf5000-004252-372f1b6e,1777539092894,1777539092929,202,34.709
4253,exp-perf5000-004253-9c8b8596,1777539092894,1777539092935,202,40.711
4254,exp-perf5000-004254-a9ea6bd5,1777539092894,1777539092930,202,35.207
4255,exp-perf5000-004255-677b5f92,1777539092894,1777539092936,202,41.308
4256,exp-perf5000-004256-9ee60856,1777539092895,1777539092930,202,35.579
4257,exp-perf5000-004257-f7cf48ad,1777539092895,1777539092936,202,41.535
4258,exp-perf5000-004258-171b30c7,1777539092895,1777539092931,202,35.781
4259,exp-perf5000-004259-d5186e01,1777539092895,1777539092932,202,36.405
4260,exp-perf5000-004260-25b08b8a,1777539092896,1777539092932,202,36.162
4261,exp-perf5000-004261-97465a1c,1777539092897,1777539092937,202,40.178
4262,exp-perf5000-004262-3abf2b41,1777539092898,1777539092933,202,35.104
4263,exp-perf5000-004263-29c8ee55,1777539092899,1777539092934,202,34.602
4264,exp-perf5000-004264-08276b05,1777539092900,1777539092938,202,38.298
4265,exp-perf5000-004265-a133ca03,1777539092900,1777539092934,202,34.231
4266,exp-perf5000-004266-6d30a98a,1777539092902,1777539092938,202,35.960
4267,exp-perf5000-004267-b08fd5f4,1777539092903,1777539092935,202,32.377
4268,exp-perf5000-004268-3ddac2a0,1777539092903,1777539092936,202,32.884
4269,exp-perf5000-004269-457b6a5b,1777539092903,1777539092937,202,33.512
4270,exp-perf5000-004270-61d32056,1777539092903,1777539092937,202,34.030
4271,exp-perf5000-004271-c2a23519,1777539092903,1777539092939,202,35.527
4272,exp-perf5000-004272-914bcece,1777539092904,1777539092938,202,34.069
4273,exp-perf5000-004273-2be6d565,1777539092905,1777539092938,202,33.597
4274,exp-perf5000-004274-e50fcb9f,1777539092905,1777539092940,202,34.687
4275,exp-perf5000-004275-2f277983,1777539092905,1777539092940,202,35.173
4276,exp-perf5000-004276-92368ba6,1777539092905,1777539092939,202,33.898
4277,exp-perf5000-004277-3a4b27f9,1777539092906,1777539092941,202,35.219
4278,exp-perf5000-004278-0ab4b139,1777539092906,1777539092940,202,33.947
4279,exp-perf5000-004279-7243209f,1777539092906,1777539092942,202,35.155
4280,exp-perf5000-004280-ea201480,1777539092907,1777539092941,202,33.847
4281,exp-perf5000-004281-ca3cfe61,1777539092907,1777539092942,202,35.059
4282,exp-perf5000-004282-4de802cc,1777539092907,1777539092941,202,33.795
4283,exp-perf5000-004283-47dd899d,1777539092908,1777539092943,202,35.315
4284,exp-perf5000-004284-c2b44074,1777539092908,1777539092942,202,33.905
4285,exp-perf5000-004285-c90f4fb6,1777539092909,1777539092944,202,35.159
4286,exp-perf5000-004286-6a4d23ca,1777539092909,1777539092943,202,33.835
4287,exp-perf5000-004287-c4d01c85,1777539092909,1777539092944,202,35.186
4288,exp-perf5000-004288-fd9136cf,1777539092909,1777539092944,202,34.048
4289,exp-perf5000-004289-5226d4ff,1777539092910,1777539092945,202,35.164
4290,exp-perf5000-004290-acbc3740,1777539092910,1777539092944,202,33.945
4291,exp-perf5000-004291-2b594aca,1777539092911,1777539092946,202,35.189
4292,exp-perf5000-004292-18bd5df7,1777539092911,1777539092945,202,34.013
4293,exp-perf5000-004293-10a6c86d,1777539092911,1777539092946,202,35.031
4294,exp-perf5000-004294-71598fca,1777539092912,1777539092946,202,34.048
4295,exp-perf5000-004295-bc1839ad,1777539092912,1777539092946,202,34.003
4296,exp-perf5000-004296-ff1097f4,1777539092912,1777539092947,202,34.741
4297,exp-perf5000-004297-3778117d,1777539092913,1777539092947,202,33.781
4298,exp-perf5000-004298-4be523a6,1777539092913,1777539092948,202,34.531
4299,exp-perf5000-004299-bf215fd9,1777539092914,1777539092947,202,33.844
4300,exp-perf5000-004300-2c12312f,1777539092914,1777539092948,202,34.477
4301,exp-perf5000-004301-6ece2ecc,1777539092914,1777539092948,202,33.830
4302,exp-perf5000-004302-b9cb6974,1777539092915,1777539092949,202,34.352
4303,exp-perf5000-004303-df854b42,1777539092915,1777539092949,202,33.631
4304,exp-perf5000-004304-be5c1f1f,1777539092915,1777539092949,202,34.159
4305,exp-perf5000-004305-9992b260,1777539092916,1777539092949,202,33.533
4306,exp-perf5000-004306-500079d3,1777539092916,1777539092950,202,34.018
4307,exp-perf5000-004307-bebd065d,1777539092916,1777539092950,202,33.291
4308,exp-perf5000-004308-06473ce8,1777539092917,1777539092951,202,33.919
4309,exp-perf5000-004309-1871be1b,1777539092917,1777539092950,202,33.266
4310,exp-perf5000-004310-fe620f06,1777539092918,1777539092951,202,33.846
4311,exp-perf5000-004311-e62fc175,1777539092918,1777539092951,202,33.298
4312,exp-perf5000-004312-64f33262,1777539092918,1777539092952,202,33.473
4313,exp-perf5000-004313-82498a4e,1777539092919,1777539092952,202,33.424
4314,exp-perf5000-004314-85ec5a7f,1777539092919,1777539092952,202,33.361
4315,exp-perf5000-004315-448f0080,1777539092920,1777539092953,202,33.189
4316,exp-perf5000-004316-0931eae8,1777539092920,1777539092953,202,33.062
4317,exp-perf5000-004317-7abf562a,1777539092920,1777539092953,202,33.045
4318,exp-perf5000-004318-08003667,1777539092921,1777539092954,202,33.132
4319,exp-perf5000-004319-fa571533,1777539092921,1777539092954,202,33.286
4320,exp-perf5000-004320-863c9c22,1777539092921,1777539092954,202,33.161
4321,exp-perf5000-004321-52efd389,1777539092922,1777539092955,202,33.159
4322,exp-perf5000-004322-26f36818,1777539092922,1777539092955,202,33.116
4323,exp-perf5000-004323-ca61bdac,1777539092922,1777539092956,202,33.223
4324,exp-perf5000-004324-e3e519d9,1777539092922,1777539092956,202,33.226
4325,exp-perf5000-004325-db4792b3,1777539092923,1777539092956,202,33.212
4326,exp-perf5000-004326-0ea02b91,1777539092923,1777539092956,202,33.129
4327,exp-perf5000-004327-389fbba5,1777539092924,1777539092957,202,33.339
4328,exp-perf5000-004328-886319c6,1777539092924,1777539092957,202,33.079
4329,exp-perf5000-004329-f17286c0,1777539092924,1777539092958,202,33.386
4330,exp-perf5000-004330-684d1dc4,1777539092924,1777539092958,202,33.098
4331,exp-perf5000-004331-ef7dc4cc,1777539092925,1777539092958,202,33.216
4332,exp-perf5000-004332-9d568f97,1777539092925,1777539092958,202,32.979
4333,exp-perf5000-004333-710bccd6,1777539092926,1777539092959,202,33.278
4334,exp-perf5000-004334-35d763fb,1777539092926,1777539092959,202,33.228
4335,exp-perf5000-004335-6f74e209,1777539092926,1777539092959,202,33.222
4336,exp-perf5000-004336-4bd9963d,1777539092926,1777539092960,202,33.362
4337,exp-perf5000-004337-d31e3fb6,1777539092927,1777539092960,202,33.177
4338,exp-perf5000-004338-2018b161,1777539092927,1777539092960,202,33.348
4339,exp-perf5000-004339-6b6d075d,1777539092928,1777539092961,202,33.260
4340,exp-perf5000-004340-958c3a88,1777539092928,1777539092961,202,33.424
4341,exp-perf5000-004341-76741cef,1777539092928,1777539092962,202,33.324
4342,exp-perf5000-004342-91736bd7,1777539092928,1777539092962,202,33.522
4343,exp-perf5000-004343-0fe42cba,1777539092929,1777539092962,202,33.313
4344,exp-perf5000-004344-2ea9c135,1777539092929,1777539092963,202,33.531
4345,exp-perf5000-004345-ef8fab51,1777539092930,1777539092963,202,33.330
4346,exp-perf5000-004346-d7f63b30,1777539092930,1777539092963,202,33.608
4347,exp-perf5000-004347-13da0cb0,1777539092930,1777539092963,202,33.357
4348,exp-perf5000-004348-4b788f65,1777539092930,1777539092964,202,33.816
4349,exp-perf5000-004349-50ea33f7,1777539092931,1777539092964,202,33.490
4350,exp-perf5000-004350-f90747c1,1777539092931,1777539092965,202,33.724
4351,exp-perf5000-004351-19a8cabe,1777539092932,1777539092965,202,33.445
4352,exp-perf5000-004352-5034268b,1777539092932,1777539092965,202,33.618
4353,exp-perf5000-004353-bdf83022,1777539092932,1777539092966,202,33.444
4354,exp-perf5000-004354-f230190e,1777539092932,1777539092966,202,33.772
4355,exp-perf5000-004355-9816d9f9,1777539092933,1777539092966,202,33.364
4356,exp-perf5000-004356-c65b8fab,1777539092933,1777539092967,202,33.746
4357,exp-perf5000-004357-4433aa16,1777539092934,1777539092967,202,33.226
4358,exp-perf5000-004358-c15a11b0,1777539092934,1777539092968,202,33.640
4359,exp-perf5000-004359-0454581a,1777539092935,1777539092968,202,33.626
4360,exp-perf5000-004360-5c7bead1,1777539092935,1777539092968,202,33.197
4361,exp-perf5000-004361-456e291f,1777539092935,1777539092968,202,33.274
4362,exp-perf5000-004362-dd837606,1777539092935,1777539092969,202,33.624
4363,exp-perf5000-004363-9cb39145,1777539092936,1777539092969,202,33.338
4364,exp-perf5000-004364-5e99300a,1777539092936,1777539092970,202,33.664
4365,exp-perf5000-004365-aeb7dc07,1777539092936,1777539092970,202,33.366
4366,exp-perf5000-004366-8f274127,1777539092937,1777539092970,202,33.747
4367,exp-perf5000-004367-a2064a5f,1777539092937,1777539092971,202,33.562
4368,exp-perf5000-004368-f2e5daac,1777539092937,1777539092971,202,33.920
4369,exp-perf5000-004369-5e6ee384,1777539092938,1777539092972,202,34.025
4370,exp-perf5000-004370-377d3f9e,1777539092938,1777539092971,202,33.492
4371,exp-perf5000-004371-03973ec4,1777539092938,1777539092972,202,33.516
4372,exp-perf5000-004372-68426483,1777539092939,1777539092973,202,33.986
4373,exp-perf5000-004373-514403fe,1777539092939,1777539092973,202,33.614
4374,exp-perf5000-004374-2f3acb25,1777539092939,1777539092974,202,34.331
4375,exp-perf5000-004375-ba64e031,1777539092940,1777539092973,202,33.545
4376,exp-perf5000-004376-776b8f18,1777539092940,1777539092974,202,34.228
4377,exp-perf5000-004377-57eef6a0,1777539092940,1777539092974,202,33.495
4378,exp-perf5000-004378-8ee447bc,1777539092941,1777539092975,202,34.100
4379,exp-perf5000-004379-a8cb9c9e,1777539092941,1777539092975,202,33.704
4380,exp-perf5000-004380-cab806b4,1777539092941,1777539092975,202,34.080
4381,exp-perf5000-004381-85cc33ba,1777539092942,1777539092975,202,33.861
4382,exp-perf5000-004382-1e49c7a9,1777539092942,1777539092976,202,33.975
4383,exp-perf5000-004383-58e61b66,1777539092942,1777539092976,202,33.743
4384,exp-perf5000-004384-8607dd16,1777539092943,1777539092977,202,33.850
4385,exp-perf5000-004385-4c8c8054,1777539092943,1777539092977,202,33.519
4386,exp-perf5000-004386-0d89e961,1777539092944,1777539092977,202,33.663
4387,exp-perf5000-004387-1e08aa61,1777539092944,1777539092977,202,33.591
4388,exp-perf5000-004388-61cdc9f7,1777539092944,1777539092978,202,33.773
4389,exp-perf5000-004389-11e88db1,1777539092945,1777539092978,202,33.637
4390,exp-perf5000-004390-a58d17b9,1777539092945,1777539092979,202,33.670
4391,exp-perf5000-004391-513d75a4,1777539092945,1777539092979,202,33.638
4392,exp-perf5000-004392-2aa9ef97,1777539092946,1777539092979,202,33.634
4393,exp-perf5000-004393-ea83f4e5,1777539092946,1777539092980,202,33.621
4394,exp-perf5000-004394-a861b836,1777539092946,1777539092980,202,33.963
4395,exp-perf5000-004395-4719ede9,1777539092946,1777539092980,202,33.935
4396,exp-perf5000-004396-7ded6483,1777539092947,1777539092981,202,33.899
4397,exp-perf5000-004397-d282a3b6,1777539092947,1777539092981,202,33.887
4398,exp-perf5000-004398-4dbdca10,1777539092947,1777539092981,202,33.863
4399,exp-perf5000-004399-04aa6045,1777539092948,1777539092982,202,33.919
4400,exp-perf5000-004400-58fba507,1777539092948,1777539092982,202,33.816
4401,exp-perf5000-004401-0acd9cb2,1777539092948,1777539092982,202,33.832
4402,exp-perf5000-004402-58aa3952,1777539092949,1777539092983,202,34.150
4403,exp-perf5000-004403-b737c7af,1777539092949,1777539092983,202,34.174
4404,exp-perf5000-004404-a012ba9e,1777539092949,1777539092983,202,34.304
4405,exp-perf5000-004405-e1e66721,1777539092949,1777539092984,202,34.272
4406,exp-perf5000-004406-634acee9,1777539092950,1777539092984,202,34.277
4407,exp-perf5000-004407-f9d42b6e,1777539092950,1777539092984,202,34.215
4408,exp-perf5000-004408-f6cfebba,1777539092950,1777539092985,202,34.361
4409,exp-perf5000-004409-70dec9fd,1777539092951,1777539092985,202,34.157
4410,exp-perf5000-004410-3ad0e066,1777539092951,1777539092985,202,34.252
4411,exp-perf5000-004411-548e4ebd,1777539092952,1777539092986,202,34.264
4412,exp-perf5000-004412-1e4faa16,1777539092952,1777539092986,202,34.153
4413,exp-perf5000-004413-20e52be7,1777539092952,1777539092986,202,34.117
4414,exp-perf5000-004414-cc6efe90,1777539092953,1777539092987,202,34.317
4415,exp-perf5000-004415-772f6176,1777539092953,1777539092987,202,34.302
4416,exp-perf5000-004416-c2698cb1,1777539092953,1777539092987,202,34.455
4417,exp-perf5000-004417-0f2f7e60,1777539092953,1777539092988,202,34.278
4418,exp-perf5000-004418-c1a2e52c,1777539092954,1777539092988,202,34.408
4419,exp-perf5000-004419-9ab2b7d3,1777539092954,1777539092988,202,34.132
4420,exp-perf5000-004420-7c4dddad,1777539092954,1777539092989,202,34.411
4421,exp-perf5000-004421-bf8553e3,1777539092955,1777539092989,202,34.144
4422,exp-perf5000-004422-e00708d4,1777539092955,1777539092990,202,34.441
4423,exp-perf5000-004423-67697a46,1777539092956,1777539092990,202,34.061
4424,exp-perf5000-004424-ce4aebab,1777539092956,1777539092990,202,34.442
4425,exp-perf5000-004425-a0443397,1777539092956,1777539092990,202,34.043
4426,exp-perf5000-004426-a19c7d5d,1777539092956,1777539092991,202,34.613
4427,exp-perf5000-004427-b782b692,1777539092957,1777539092991,202,33.913
4428,exp-perf5000-004428-6b382dc7,1777539092957,1777539092992,202,34.559
4429,exp-perf5000-004429-35f024e5,1777539092958,1777539092993,202,34.938
4430,exp-perf5000-004430-802a8baa,1777539092958,1777539092992,202,33.960
4431,exp-perf5000-004431-fe4fa27e,1777539092958,1777539092993,202,34.720
4432,exp-perf5000-004432-5b22db3e,1777539092958,1777539092992,202,34.025
4433,exp-perf5000-004433-030600dc,1777539092959,1777539092993,202,33.931
4434,exp-perf5000-004434-fd995cc8,1777539092959,1777539092994,202,34.599
4435,exp-perf5000-004435-aaa6886c,1777539092960,1777539092993,202,33.949
4436,exp-perf5000-004436-ea59d3f7,1777539092960,1777539092994,202,34.434
4437,exp-perf5000-004437-b58d6d40,1777539092960,1777539092994,202,33.945
4438,exp-perf5000-004438-502e981d,1777539092960,1777539092995,202,34.492
4439,exp-perf5000-004439-a9a1f2af,1777539092961,1777539092995,202,33.915
4440,exp-perf5000-004440-2003bcee,1777539092961,1777539092996,202,34.438
4441,exp-perf5000-004441-c024939e,1777539092962,1777539092995,202,33.824
4442,exp-perf5000-004442-53d065f6,1777539092962,1777539092996,202,34.276
4443,exp-perf5000-004443-f5d89d4b,1777539092962,1777539092996,202,33.887
4444,exp-perf5000-004444-f9dbbe87,1777539092963,1777539092997,202,34.315
4445,exp-perf5000-004445-d86e04cd,1777539092963,1777539092997,202,33.846
4446,exp-perf5000-004446-1d8a8a00,1777539092963,1777539092998,202,34.389
4447,exp-perf5000-004447-454f13db,1777539092964,1777539092997,202,33.835
4448,exp-perf5000-004448-1e4d365b,1777539092964,1777539092998,202,34.201
4449,exp-perf5000-004449-ae00ccf7,1777539092964,1777539092998,202,33.743
4450,exp-perf5000-004450-5da35aba,1777539092965,1777539092999,202,34.283
4451,exp-perf5000-004451-16227ad0,1777539092965,1777539092999,202,33.818
4452,exp-perf5000-004452-d1fbc114,1777539092966,1777539093000,202,34.211
4453,exp-perf5000-004453-a81ef729,1777539092966,1777539093000,202,33.742
4454,exp-perf5000-004454-1db377cb,1777539092966,1777539093000,202,34.176
4455,exp-perf5000-004455-f71bf371,1777539092966,1777539093000,202,33.731
4456,exp-perf5000-004456-014ed6fc,1777539092967,1777539093001,202,34.145
4457,exp-perf5000-004457-7e3ba80d,1777539092967,1777539093001,202,33.758
4458,exp-perf5000-004458-93777f14,1777539092968,1777539093002,202,34.164
4459,exp-perf5000-004459-623ba2ac,1777539092968,1777539093002,202,33.722
4460,exp-perf5000-004460-a2f0bf8e,1777539092968,1777539093002,202,34.176
4461,exp-perf5000-004461-a6b9537a,1777539092968,1777539093002,202,33.797
4462,exp-perf5000-004462-95d702fc,1777539092969,1777539093003,202,34.196
4463,exp-perf5000-004463-2efeb660,1777539092969,1777539093003,202,33.770
4464,exp-perf5000-004464-46a93fdc,1777539092970,1777539093004,202,34.165
4465,exp-perf5000-004465-f3131e59,1777539092970,1777539093004,202,33.729
4466,exp-perf5000-004466-5e282a53,1777539092970,1777539093004,202,34.019
4467,exp-perf5000-004467-4503a0d4,1777539092971,1777539093004,202,33.555
4468,exp-perf5000-004468-9952bd74,1777539092971,1777539093006,202,34.627
4469,exp-perf5000-004469-aa661d27,1777539092971,1777539093006,202,34.173
4470,exp-perf5000-004470-dcd1ace3,1777539092972,1777539093006,202,33.913
4471,exp-perf5000-004471-4230acc2,1777539092972,1777539093006,202,33.843
4472,exp-perf5000-004472-7369f803,1777539092973,1777539093006,202,33.652
4473,exp-perf5000-004473-82a9b0f9,1777539092973,1777539093006,202,33.791
4474,exp-perf5000-004474-db71f1d0,1777539092973,1777539093007,202,33.558
4475,exp-perf5000-004475-26acd4a6,1777539092974,1777539093007,202,33.634
4476,exp-perf5000-004476-95ed25df,1777539092974,1777539093008,202,33.677
4477,exp-perf5000-004477-f61ea348,1777539092974,1777539093008,202,33.910
4478,exp-perf5000-004478-559aba07,1777539092975,1777539093009,202,34.046
4479,exp-perf5000-004479-b6cee188,1777539092975,1777539093008,202,33.376
4480,exp-perf5000-004480-2ff1b741,1777539092975,1777539093009,202,34.084
4481,exp-perf5000-004481-2814934b,1777539092975,1777539093009,202,33.690
4482,exp-perf5000-004482-09cf0ae3,1777539092976,1777539093010,202,34.465
4483,exp-perf5000-004483-97d40bd9,1777539092976,1777539093010,202,34.090
4484,exp-perf5000-004484-f775a131,1777539092977,1777539093011,202,34.469
4485,exp-perf5000-004485-c8e4524c,1777539092977,1777539093010,202,33.663
4486,exp-perf5000-004486-2c460fc4,1777539092977,1777539093011,202,34.239
4487,exp-perf5000-004487-2a1efed0,1777539092977,1777539093011,202,33.887
4488,exp-perf5000-004488-41f5c99b,1777539092978,1777539093012,202,33.939
4489,exp-perf5000-004489-107c122d,1777539092978,1777539093012,202,33.501
4490,exp-perf5000-004490-e3d55bf8,1777539092979,1777539093013,202,33.940
4491,exp-perf5000-004491-11180b67,1777539092979,1777539093012,202,33.382
4492,exp-perf5000-004492-b1109082,1777539092979,1777539093013,202,33.998
4493,exp-perf5000-004493-6f1a4539,1777539092980,1777539093013,202,33.353
4494,exp-perf5000-004494-53e5bf90,1777539092980,1777539093014,202,33.594
4495,exp-perf5000-004495-09e74d52,1777539092980,1777539093014,202,33.152
4496,exp-perf5000-004496-e773e8a7,1777539092981,1777539093015,202,33.914
4497,exp-perf5000-004497-65a6d47a,1777539092981,1777539093014,202,33.211
4498,exp-perf5000-004498-3e558e03,1777539092981,1777539093016,202,34.468
4499,exp-perf5000-004499-c006c49d,1777539092982,1777539093015,202,33.128
4500,exp-perf5000-004500-3583648e,1777539092982,1777539093016,202,34.501
4501,exp-perf5000-004501-ecc562a1,1777539092982,1777539093016,202,33.483
4502,exp-perf5000-004502-8090e623,1777539092983,1777539093017,202,33.932
4503,exp-perf5000-004503-64dfb5c3,1777539092983,1777539093016,202,33.305
4504,exp-perf5000-004504-1dd6209f,1777539092984,1777539093017,202,33.747
4505,exp-perf5000-004505-b8b89792,1777539092984,1777539093017,202,33.108
4506,exp-perf5000-004506-099096ab,1777539092984,1777539093018,202,33.848
4507,exp-perf5000-004507-e1df834f,1777539092984,1777539093017,202,32.878
4508,exp-perf5000-004508-49ffbc27,1777539092985,1777539093019,202,34.030
4509,exp-perf5000-004509-00a9b9e9,1777539092985,1777539093018,202,32.994
4510,exp-perf5000-004510-69ee2f06,1777539092985,1777539093019,202,33.835
4511,exp-perf5000-004511-57e524c9,1777539092986,1777539093019,202,32.935
4512,exp-perf5000-004512-f0a24ec1,1777539092986,1777539093020,202,34.003
4513,exp-perf5000-004513-292752fe,1777539092986,1777539093019,202,33.044
4514,exp-perf5000-004514-646ccab7,1777539092987,1777539093021,202,33.889
4515,exp-perf5000-004515-f018b949,1777539092987,1777539093020,202,33.188
4516,exp-perf5000-004516-2188e13e,1777539092988,1777539093021,202,33.812
4517,exp-perf5000-004517-d401ee73,1777539092988,1777539093021,202,32.849
4518,exp-perf5000-004518-5075e588,1777539092988,1777539093022,202,33.944
4519,exp-perf5000-004519-c1a285ec,1777539092988,1777539093021,202,32.830
4520,exp-perf5000-004520-1dec9751,1777539092989,1777539093023,202,34.016
4521,exp-perf5000-004521-10099ca3,1777539092989,1777539093022,202,33.235
4522,exp-perf5000-004522-b3ee370f,1777539092990,1777539093024,202,34.004
4523,exp-perf5000-004523-54ffe902,1777539092990,1777539093023,202,32.990
4524,exp-perf5000-004524-fa9483ed,1777539092990,1777539093025,202,34.342
4525,exp-perf5000-004525-cc0c000d,1777539092990,1777539093023,202,33.141
4526,exp-perf5000-004526-f4d34888,1777539092991,1777539093025,202,33.683
4527,exp-perf5000-004527-06186bdb,1777539092991,1777539093026,202,35.272
4528,exp-perf5000-004528-0fdc68a2,1777539092992,1777539093026,202,34.456
4529,exp-perf5000-004529-671a3eff,1777539092992,1777539093025,202,33.773
4530,exp-perf5000-004530-6300625e,1777539092992,1777539093027,202,34.631
4531,exp-perf5000-004531-bbcdae2b,1777539092993,1777539093027,202,34.431
4532,exp-perf5000-004532-284266fd,1777539092993,1777539093027,202,33.783
4533,exp-perf5000-004533-fc6e6141,1777539092993,1777539093027,202,34.417
4534,exp-perf5000-004534-003f03bb,1777539092994,1777539093028,202,34.179
4535,exp-perf5000-004535-be269e71,1777539092994,1777539093028,202,34.270
4536,exp-perf5000-004536-c2bf9321,1777539092994,1777539093028,202,33.997
4537,exp-perf5000-004537-e22dbdf0,1777539092994,1777539093029,202,34.496
4538,exp-perf5000-004538-49193293,1777539092995,1777539093029,202,34.307
4539,exp-perf5000-004539-5a4a1d87,1777539092995,1777539093030,202,34.651
4540,exp-perf5000-004540-5329c75f,1777539092995,1777539093030,202,34.466
4541,exp-perf5000-004541-2f633e77,1777539092996,1777539093030,202,34.657
4542,exp-perf5000-004542-bf0dd754,1777539092996,1777539093030,202,34.316
4543,exp-perf5000-004543-d4ced018,1777539092996,1777539093031,202,34.830
4544,exp-perf5000-004544-f35a3496,1777539092997,1777539093032,202,34.901
4545,exp-perf5000-004545-4d00816b,1777539092997,1777539093035,202,37.887
4546,exp-perf5000-004546-efa43063,1777539092997,1777539093033,202,35.151
4547,exp-perf5000-004547-b0f73915,1777539092998,1777539093041,202,43.053
4548,exp-perf5000-004548-1d089db5,1777539092998,1777539093033,202,35.087
4549,exp-perf5000-004549-a1802f35,1777539092998,1777539093042,202,43.318
4550,exp-perf5000-004550-eb1cb25f,1777539092999,1777539093034,202,35.190
4551,exp-perf5000-004551-a8e86b45,1777539092999,1777539093045,202,46.237
4552,exp-perf5000-004552-7360d877,1777539093000,1777539093035,202,35.582
4553,exp-perf5000-004553-9fb7f5c6,1777539093000,1777539093046,202,46.545
4554,exp-perf5000-004554-d7303380,1777539093000,1777539093036,202,35.476
4555,exp-perf5000-004555-caca5b6d,1777539093000,1777539093047,202,47.043
4556,exp-perf5000-004556-abeabde4,1777539093001,1777539093036,202,35.626
4557,exp-perf5000-004557-09594890,1777539093001,1777539093049,202,47.397
4558,exp-perf5000-004558-9cb22b32,1777539093002,1777539093037,202,35.747
4559,exp-perf5000-004559-23c40bf5,1777539093002,1777539093050,202,48.059
4560,exp-perf5000-004560-7efbfba3,1777539093002,1777539093038,202,36.061
4561,exp-perf5000-004561-61811465,1777539093002,1777539093051,202,48.085
4562,exp-perf5000-004562-b3e80a69,1777539093003,1777539093040,202,37.269
4563,exp-perf5000-004563-0d58af93,1777539093003,1777539093053,202,49.626
4564,exp-perf5000-004564-3afed810,1777539093004,1777539093040,202,36.626
4565,exp-perf5000-004565-04c99a3a,1777539093004,1777539093053,202,48.975
4566,exp-perf5000-004566-50788903,1777539093004,1777539093041,202,36.523
4567,exp-perf5000-004567-9f1a2957,1777539093004,1777539093053,202,48.667
4568,exp-perf5000-004568-456e808e,1777539093006,1777539093042,202,36.002
4569,exp-perf5000-004569-c181f58a,1777539093006,1777539093042,202,36.508
4570,exp-perf5000-004570-2b31a423,1777539093006,1777539093054,202,48.044
4571,exp-perf5000-004571-76896020,1777539093006,1777539093055,202,49.002
4572,exp-perf5000-004572-f75dcba7,1777539093006,1777539093056,202,49.520
4573,exp-perf5000-004573-3d6ccf18,1777539093007,1777539093043,202,36.799
4574,exp-perf5000-004574-c428253b,1777539093007,1777539093044,202,37.017
4575,exp-perf5000-004575-a4d0e938,1777539093007,1777539093057,202,49.461
4576,exp-perf5000-004576-c4c477e0,1777539093008,1777539093045,202,37.164
4577,exp-perf5000-004577-06c16574,1777539093008,1777539093058,202,49.636
4578,exp-perf5000-004578-6cbb9d79,1777539093008,1777539093046,202,37.508
4579,exp-perf5000-004579-66908287,1777539093009,1777539093060,202,50.643
4580,exp-perf5000-004580-8111eaa2,1777539093009,1777539093047,202,37.784
4581,exp-perf5000-004581-84a8df5c,1777539093010,1777539093061,202,51.572
4582,exp-perf5000-004582-e8fea060,1777539093010,1777539093048,202,38.025
4583,exp-perf5000-004583-756773af,1777539093011,1777539093050,202,39.209
4584,exp-perf5000-004584-c64f5ae4,1777539093011,1777539093062,202,51.544
4585,exp-perf5000-004585-5046975e,1777539093011,1777539093065,202,53.421
4586,exp-perf5000-004586-0b9d6d52,1777539093011,1777539093051,202,39.224
4587,exp-perf5000-004587-b7215c94,1777539093012,1777539093066,202,54.688
4588,exp-perf5000-004588-4ab3b1a7,1777539093012,1777539093051,202,39.754
4589,exp-perf5000-004589-39c607ab,1777539093012,1777539093067,202,55.410
4590,exp-perf5000-004590-7bd4b235,1777539093012,1777539093052,202,39.986
4591,exp-perf5000-004591-39f8e4a0,1777539093013,1777539093069,202,56.585
4592,exp-perf5000-004592-d00ff79c,1777539093013,1777539093053,202,40.354
4593,exp-perf5000-004593-2cfbc536,1777539093013,1777539093070,202,56.982
4594,exp-perf5000-004594-c1f1de97,1777539093014,1777539093054,202,40.739
4595,exp-perf5000-004595-a0f06f8e,1777539093014,1777539093071,202,57.595
4596,exp-perf5000-004596-2b59e068,1777539093014,1777539093055,202,41.025
4597,exp-perf5000-004597-a635f40d,1777539093015,1777539093072,202,57.650
4598,exp-perf5000-004598-bf0cf488,1777539093015,1777539093056,202,41.487
4599,exp-perf5000-004599-93cfb994,1777539093016,1777539093058,202,42.033
4600,exp-perf5000-004600-0b5ab2e9,1777539093016,1777539093073,202,57.143
4601,exp-perf5000-004601-699ca582,1777539093017,1777539093059,202,42.072
4602,exp-perf5000-004602-9fce3af0,1777539093017,1777539093074,202,57.166
4603,exp-perf5000-004603-cd079ba7,1777539093017,1777539093075,202,57.792
4604,exp-perf5000-004604-56daa784,1777539093017,1777539093061,202,43.685
4605,exp-perf5000-004605-ec7a192c,1777539093017,1777539093075,202,58.049
4606,exp-perf5000-004606-ac2758f6,1777539093017,1777539093063,202,45.237
4607,exp-perf5000-004607-585736cb,1777539093018,1777539093076,202,58.128
4608,exp-perf5000-004608-d696fed9,1777539093018,1777539093066,202,47.803
4609,exp-perf5000-004609-dbf5b9c8,1777539093019,1777539093068,202,48.822
4610,exp-perf5000-004610-7ad908c2,1777539093019,1777539093077,202,58.096
4611,exp-perf5000-004611-84c44c07,1777539093019,1777539093078,202,58.384
4612,exp-perf5000-004612-e3fc8e75,1777539093019,1777539093069,202,50.004
4613,exp-perf5000-004613-65ec559c,1777539093020,1777539093079,202,58.441
4614,exp-perf5000-004614-cc8201e3,1777539093020,1777539093071,202,50.309
4615,exp-perf5000-004615-fe58ee1e,1777539093021,1777539093072,202,51.332
4616,exp-perf5000-004616-6753559b,1777539093021,1777539093079,202,58.562
4617,exp-perf5000-004617-e6e139f0,1777539093021,1777539093073,202,51.622
4618,exp-perf5000-004618-8d82f7be,1777539093021,1777539093080,202,58.902
4619,exp-perf5000-004619-ef69e3a0,1777539093022,1777539093081,202,58.783
4620,exp-perf5000-004620-c77e584b,1777539093022,1777539093074,202,51.354
4621,exp-perf5000-004621-a804e27b,1777539093023,1777539093075,202,52.028
4622,exp-perf5000-004622-a7afc196,1777539093023,1777539093082,202,58.692
4623,exp-perf5000-004623-3864261a,1777539093023,1777539093076,202,52.175
4624,exp-perf5000-004624-dc3b13e0,1777539093024,1777539093082,202,58.884
4625,exp-perf5000-004625-44670ab0,1777539093025,1777539093083,202,58.712
4626,exp-perf5000-004626-9dc7e63f,1777539093025,1777539093077,202,51.723
4627,exp-perf5000-004627-6cdaa0f3,1777539093025,1777539093077,202,51.964
4628,exp-perf5000-004628-c6db047d,1777539093026,1777539093084,202,57.847
4629,exp-perf5000-004629-f697ae12,1777539093026,1777539093085,202,58.367
4630,exp-perf5000-004630-f527a6bc,1777539093027,1777539093078,202,51.596
4631,exp-perf5000-004631-d86ee739,1777539093027,1777539093085,202,58.382
4632,exp-perf5000-004632-22aab61b,1777539093027,1777539093079,202,51.998
4633,exp-perf5000-004633-ee9f447a,1777539093028,1777539093086,202,58.826
4634,exp-perf5000-004634-9919a3e5,1777539093028,1777539093080,202,52.380
4635,exp-perf5000-004635-b6217c76,1777539093028,1777539093087,202,59.095
4636,exp-perf5000-004636-0592aca3,1777539093028,1777539093081,202,52.634
4637,exp-perf5000-004637-d234d5ff,1777539093029,1777539093088,202,59.063
4638,exp-perf5000-004638-8ab4e740,1777539093029,1777539093082,202,52.563
4639,exp-perf5000-004639-11f18f56,1777539093030,1777539093089,202,59.130
4640,exp-perf5000-004640-11aaf21a,1777539093030,1777539093082,202,52.405
4641,exp-perf5000-004641-ba3f1a41,1777539093030,1777539093089,202,59.056
4642,exp-perf5000-004642-4b71615c,1777539093030,1777539093083,202,52.754
4643,exp-perf5000-004643-199b84cc,1777539093031,1777539093090,202,59.042
4644,exp-perf5000-004644-de20473d,1777539093032,1777539093084,202,52.520
4645,exp-perf5000-004645-ebbf0f45,1777539093033,1777539093085,202,52.495
4646,exp-perf5000-004646-370348d9,1777539093033,1777539093086,202,52.697
4647,exp-perf5000-004647-621cf284,1777539093034,1777539093087,202,52.658
4648,exp-perf5000-004648-bf657f1e,1777539093035,1777539093091,202,56.035
4649,exp-perf5000-004649-0422feed,1777539093035,1777539093088,202,52.412
4650,exp-perf5000-004650-056c874f,1777539093036,1777539093088,202,52.672
4651,exp-perf5000-004651-71f699c3,1777539093037,1777539093090,202,52.991
4652,exp-perf5000-004652-f15bf235,1777539093037,1777539093090,202,52.967
4653,exp-perf5000-004653-c82c9007,1777539093038,1777539093091,202,52.881
4654,exp-perf5000-004654-f80735a3,1777539093040,1777539093092,202,51.903
4655,exp-perf5000-004655-b699fe18,1777539093040,1777539093093,202,52.709
4656,exp-perf5000-004656-b2ee9393,1777539093041,1777539093092,202,51.074
4657,exp-perf5000-004657-3598d6b3,1777539093041,1777539093094,202,53.349
4658,exp-perf5000-004658-89ebefd6,1777539093042,1777539093093,202,50.914
4659,exp-perf5000-004659-df6b4326,1777539093042,1777539093095,202,53.310
4660,exp-perf5000-004660-fb625382,1777539093042,1777539093096,202,53.518
4661,exp-perf5000-004661-bb19735b,1777539093043,1777539093097,202,53.672
4662,exp-perf5000-004662-228a5ba9,1777539093044,1777539093098,202,54.135
4663,exp-perf5000-004663-e7b8ca70,1777539093045,1777539093099,202,54.368
4664,exp-perf5000-004664-d3927b3f,1777539093045,1777539093094,202,48.198
4665,exp-perf5000-004665-68ffe00b,1777539093046,1777539093100,202,54.039
4666,exp-perf5000-004666-aa3e1d07,1777539093046,1777539093094,202,48.101
4667,exp-perf5000-004667-91f98713,1777539093047,1777539093101,202,53.751
4668,exp-perf5000-004668-ad213dd7,1777539093048,1777539093095,202,47.728
4669,exp-perf5000-004669-e0b8f8cd,1777539093048,1777539093102,202,53.388
4670,exp-perf5000-004670-ea6ed302,1777539093049,1777539093096,202,47.309
4671,exp-perf5000-004671-7474b269,1777539093050,1777539093102,202,52.704
4672,exp-perf5000-004672-1f144d2a,1777539093050,1777539093097,202,46.940
4673,exp-perf5000-004673-852a3f70,1777539093051,1777539093098,202,47.014
4674,exp-perf5000-004674-c64d8fcc,1777539093051,1777539093103,202,52.665
4675,exp-perf5000-004675-213e591f,1777539093051,1777539093105,202,53.073
4676,exp-perf5000-004676-ab48265d,1777539093052,1777539093105,202,53.003
4677,exp-perf5000-004677-4668487a,1777539093053,1777539093099,202,46.527
4678,exp-perf5000-004678-f1361fb6,1777539093053,1777539093098,202,45.565
4679,exp-perf5000-004679-29a6d482,1777539093053,1777539093100,202,47.084
4680,exp-perf5000-004680-491762a5,1777539093053,1777539093106,202,52.884
4681,exp-perf5000-004681-8661100b,1777539093054,1777539093101,202,47.155
4682,exp-perf5000-004682-7b3a4e18,1777539093054,1777539093108,202,53.174
4683,exp-perf5000-004683-4db39a9d,1777539093055,1777539093102,202,47.099
4684,exp-perf5000-004684-e297db30,1777539093055,1777539093108,202,53.143
4685,exp-perf5000-004685-509f5ad3,1777539093056,1777539093103,202,47.551
4686,exp-perf5000-004686-5d9add91,1777539093056,1777539093110,202,53.450
4687,exp-perf5000-004687-acf0028d,1777539093057,1777539093105,202,48.221
4688,exp-perf5000-004688-ac4c1b56,1777539093058,1777539093106,202,48.049
4689,exp-perf5000-004689-802a4943,1777539093058,1777539093111,202,52.958
4690,exp-perf5000-004690-348eecbc,1777539093059,1777539093112,202,52.990
4691,exp-perf5000-004691-b78a4821,1777539093060,1777539093107,202,47.529
4692,exp-perf5000-004692-1f16373b,1777539093061,1777539093112,202,51.755
4693,exp-perf5000-004693-8dbaff53,1777539093061,1777539093108,202,47.233
4694,exp-perf5000-004694-6f0a147e,1777539093062,1777539093110,202,48.092
4695,exp-perf5000-004695-7f8eb62b,1777539093063,1777539093113,202,50.503
4696,exp-perf5000-004696-7869504b,1777539093065,1777539093111,202,46.720
4697,exp-perf5000-004697-2b290583,1777539093066,1777539093114,202,48.037
4698,exp-perf5000-004698-c8c9ef9d,1777539093066,1777539093113,202,46.344
4699,exp-perf5000-004699-7780ef3e,1777539093067,1777539093113,202,45.870
4700,exp-perf5000-004700-139d49a5,1777539093068,1777539093115,202,47.102
4701,exp-perf5000-004701-555cfc10,1777539093069,1777539093114,202,45.027
4702,exp-perf5000-004702-2fe168c0,1777539093070,1777539093115,202,45.879
4703,exp-perf5000-004703-87481949,1777539093070,1777539093115,202,44.649
4704,exp-perf5000-004704-0105ce1c,1777539093071,1777539093116,202,45.369
4705,exp-perf5000-004705-260a9bb8,1777539093071,1777539093116,202,44.332
4706,exp-perf5000-004706-15cfce07,1777539093072,1777539093117,202,44.961
4707,exp-perf5000-004707-74162891,1777539093072,1777539093117,202,44.329
4708,exp-perf5000-004708-ddbc9fda,1777539093073,1777539093118,202,44.995
4709,exp-perf5000-004709-5a757ee3,1777539093073,1777539093118,202,44.626
4710,exp-perf5000-004710-50f0c662,1777539093074,1777539093119,202,44.962
4711,exp-perf5000-004711-ea319d8f,1777539093074,1777539093118,202,44.652
4712,exp-perf5000-004712-a17b96e9,1777539093075,1777539093119,202,44.802
4713,exp-perf5000-004713-d79718c3,1777539093075,1777539093119,202,44.496
4714,exp-perf5000-004714-14a90399,1777539093075,1777539093120,202,44.907
4715,exp-perf5000-004715-5fd5ac90,1777539093076,1777539093120,202,44.447
4716,exp-perf5000-004716-1ce2411f,1777539093076,1777539093121,202,44.888
4717,exp-perf5000-004717-8913f8fa,1777539093077,1777539093121,202,44.324
4718,exp-perf5000-004718-88ace193,1777539093077,1777539093122,202,45.016
4719,exp-perf5000-004719-293429db,1777539093077,1777539093122,202,44.093
4720,exp-perf5000-004720-846e3bbe,1777539093078,1777539093123,202,45.718
4721,exp-perf5000-004721-a9c4e7b5,1777539093078,1777539093123,202,44.179
4722,exp-perf5000-004722-27cc9315,1777539093079,1777539093125,202,46.347
4723,exp-perf5000-004723-cf0f934a,1777539093079,1777539093124,202,44.422
4724,exp-perf5000-004724-2a06fc6d,1777539093079,1777539093126,202,46.754
4725,exp-perf5000-004725-13677051,1777539093080,1777539093125,202,44.326
4726,exp-perf5000-004726-680a9e87,1777539093080,1777539093127,202,47.126
4727,exp-perf5000-004727-9f44e5ce,1777539093081,1777539093126,202,44.629
4728,exp-perf5000-004728-05d992c7,1777539093081,1777539093129,202,47.702
4729,exp-perf5000-004729-951c95dc,1777539093082,1777539093130,202,47.940
4730,exp-perf5000-004730-3a7686ed,1777539093082,1777539093127,202,44.679
4731,exp-perf5000-004731-2d00cabb,1777539093082,1777539093127,202,44.837
4732,exp-perf5000-004732-2ef87953,1777539093083,1777539093130,202,47.747
4733,exp-perf5000-004733-768759b7,1777539093083,1777539093128,202,44.996
4734,exp-perf5000-004734-194c1de9,1777539093083,1777539093131,202,47.944
4735,exp-perf5000-004735-a7bf2458,1777539093084,1777539093132,202,48.204
4736,exp-perf5000-004736-ac3687ba,1777539093084,1777539093129,202,44.767
4737,exp-perf5000-004737-9d514888,1777539093085,1777539093133,202,48.219
4738,exp-perf5000-004738-330a0df2,1777539093085,1777539093130,202,44.874
4739,exp-perf5000-004739-5513d8f6,1777539093086,1777539093134,202,48.168
4740,exp-perf5000-004740-43042bd3,1777539093086,1777539093131,202,44.627
4741,exp-perf5000-004741-ef905c2c,1777539093086,1777539093135,202,48.214
4742,exp-perf5000-004742-750ff97d,1777539093087,1777539093131,202,44.454
4743,exp-perf5000-004743-0a063631,1777539093087,1777539093135,202,48.328
4744,exp-perf5000-004744-9884e2ae,1777539093088,1777539093132,202,44.787
4745,exp-perf5000-004745-188df1f4,1777539093088,1777539093137,202,48.578
4746,exp-perf5000-004746-217f9759,1777539093088,1777539093133,202,44.441
4747,exp-perf5000-004747-ea8f926b,1777539093089,1777539093138,202,48.858
4748,exp-perf5000-004748-fb53a97a,1777539093089,1777539093138,202,48.824
4749,exp-perf5000-004749-c78fb86d,1777539093090,1777539093134,202,44.236
4750,exp-perf5000-004750-ca4a6d2d,1777539093090,1777539093139,202,48.659
4751,exp-perf5000-004751-26b2d47e,1777539093090,1777539093134,202,44.069
4752,exp-perf5000-004752-b5439e14,1777539093091,1777539093140,202,48.493
4753,exp-perf5000-004753-fdec87e1,1777539093091,1777539093135,202,43.969
4754,exp-perf5000-004754-203cb673,1777539093092,1777539093140,202,48.340
4755,exp-perf5000-004755-ef2b6647,1777539093092,1777539093136,202,44.096
4756,exp-perf5000-004756-a3d71e02,1777539093093,1777539093141,202,48.237
4757,exp-perf5000-004757-11216560,1777539093093,1777539093137,202,44.125
4758,exp-perf5000-004758-15d68eef,1777539093094,1777539093142,202,47.964
4759,exp-perf5000-004759-d0df334f,1777539093094,1777539093138,202,43.563
4760,exp-perf5000-004760-66dde37d,1777539093095,1777539093142,202,47.728
4761,exp-perf5000-004761-e75541f0,1777539093095,1777539093138,202,43.283
4762,exp-perf5000-004762-bb446215,1777539093095,1777539093143,202,47.864
4763,exp-perf5000-004763-1f7c7774,1777539093096,1777539093144,202,47.744
4764,exp-perf5000-004764-91c10d12,1777539093096,1777539093139,202,43.280
4765,exp-perf5000-004765-42b2d38e,1777539093097,1777539093145,202,47.770
4766,exp-perf5000-004766-f93807c5,1777539093097,1777539093140,202,42.712
4767,exp-perf5000-004767-4e686659,1777539093098,1777539093145,202,47.423
4768,exp-perf5000-004768-9da3a7ba,1777539093098,1777539093140,202,42.383
4769,exp-perf5000-004769-9940324c,1777539093098,1777539093146,202,47.301
4770,exp-perf5000-004770-d707d50f,1777539093099,1777539093141,202,42.014
4771,exp-perf5000-004771-d6f99fb7,1777539093099,1777539093146,202,46.999
4772,exp-perf5000-004772-2e807900,1777539093100,1777539093142,202,41.971
4773,exp-perf5000-004773-907f8682,1777539093100,1777539093147,202,46.972
4774,exp-perf5000-004774-e206f9a5,1777539093101,1777539093142,202,41.616
4775,exp-perf5000-004775-bf007a11,1777539093101,1777539093148,202,46.866
4776,exp-perf5000-004776-febcce17,1777539093102,1777539093143,202,41.655
4777,exp-perf5000-004777-74be58e3,1777539093102,1777539093149,202,46.443
4778,exp-perf5000-004778-fd94a9e9,1777539093102,1777539093144,202,41.342
4779,exp-perf5000-004779-20069c8d,1777539093103,1777539093145,202,41.236
4780,exp-perf5000-004780-9a849b8e,1777539093104,1777539093149,202,45.756
4781,exp-perf5000-004781-d98ea1cf,1777539093105,1777539093145,202,40.587
4782,exp-perf5000-004782-a7b6b3ef,1777539093105,1777539093150,202,44.994
4783,exp-perf5000-004783-c276e2a9,1777539093105,1777539093146,202,40.461
4784,exp-perf5000-004784-369d79be,1777539093106,1777539093151,202,44.772
4785,exp-perf5000-004785-df95cf72,1777539093106,1777539093147,202,40.205
4786,exp-perf5000-004786-1a01d3a2,1777539093107,1777539093151,202,44.133
4787,exp-perf5000-004787-e9615257,1777539093108,1777539093147,202,39.593
4788,exp-perf5000-004788-f68db740,1777539093108,1777539093152,202,43.542
4789,exp-perf5000-004789-23370828,1777539093109,1777539093148,202,39.346
4790,exp-perf5000-004790-cd7da868,1777539093110,1777539093148,202,38.406
4791,exp-perf5000-004791-01f2b2c3,1777539093110,1777539093153,202,42.353
4792,exp-perf5000-004792-a7b8ed38,1777539093111,1777539093149,202,38.041
4793,exp-perf5000-004793-3d77c94c,1777539093111,1777539093153,202,42.026
4794,exp-perf5000-004794-ec9061f7,1777539093112,1777539093150,202,38.065
4795,exp-perf5000-004795-b21261d1,1777539093112,1777539093150,202,37.998
4796,exp-perf5000-004796-bb8b2e45,1777539093113,1777539093154,202,41.360
4797,exp-perf5000-004797-620991f3,1777539093113,1777539093151,202,37.865
4798,exp-perf5000-004798-379c05dd,1777539093113,1777539093155,202,41.426
4799,exp-perf5000-004799-f7f3f899,1777539093114,1777539093152,202,37.686
4800,exp-perf5000-004800-04d34154,1777539093114,1777539093155,202,41.069
4801,exp-perf5000-004801-f7116cbd,1777539093115,1777539093152,202,37.621
4802,exp-perf5000-004802-03f037ec,1777539093115,1777539093160,202,44.974
4803,exp-perf5000-004803-c996ff59,1777539093115,1777539093153,202,37.746
4804,exp-perf5000-004804-aa3cc874,1777539093116,1777539093160,202,43.984
4805,exp-perf5000-004805-d686ac4a,1777539093116,1777539093154,202,37.607
4806,exp-perf5000-004806-751dcb09,1777539093117,1777539093161,202,44.154
4807,exp-perf5000-004807-73f0ae16,1777539093117,1777539093155,202,37.516
4808,exp-perf5000-004808-0c63d753,1777539093118,1777539093162,202,43.986
4809,exp-perf5000-004809-b8d3c08d,1777539093118,1777539093156,202,37.545
4810,exp-perf5000-004810-4201a6e4,1777539093119,1777539093162,202,43.761
4811,exp-perf5000-004811-ee12cecd,1777539093119,1777539093159,202,40.433
4812,exp-perf5000-004812-8c26bb6e,1777539093119,1777539093160,202,40.929
4813,exp-perf5000-004813-f757aaf9,1777539093119,1777539093163,202,43.199
4814,exp-perf5000-004814-b01f6792,1777539093120,1777539093161,202,40.645
4815,exp-perf5000-004815-da570725,1777539093120,1777539093163,202,42.831
4816,exp-perf5000-004816-0faf328f,1777539093121,1777539093161,202,39.904
4817,exp-perf5000-004817-ca682156,1777539093121,1777539093164,202,43.109
4818,exp-perf5000-004818-e7de383a,1777539093122,1777539093161,202,39.203
4819,exp-perf5000-004819-91967876,1777539093122,1777539093167,202,44.525
4820,exp-perf5000-004820-b13c29d0,1777539093123,1777539093161,202,38.838
4821,exp-perf5000-004821-6ea5a900,1777539093123,1777539093167,202,43.117
4822,exp-perf5000-004822-d50878e4,1777539093124,1777539093161,202,37.750
4823,exp-perf5000-004823-69c90d7f,1777539093125,1777539093162,202,37.267
4824,exp-perf5000-004824-865562b5,1777539093125,1777539093167,202,41.665
4825,exp-perf5000-004825-30bfb2f5,1777539093126,1777539093162,202,36.514
4826,exp-perf5000-004826-70831742,1777539093126,1777539093168,202,41.835
4827,exp-perf5000-004827-959022fb,1777539093127,1777539093162,202,35.900
4828,exp-perf5000-004828-bdd3db9f,1777539093127,1777539093163,202,35.540
4829,exp-perf5000-004829-59c1b02f,1777539093127,1777539093168,202,40.603
4830,exp-perf5000-004830-1dbe4569,1777539093128,1777539093164,202,35.569
4831,exp-perf5000-004831-616e1280,1777539093129,1777539093169,202,39.950
4832,exp-perf5000-004832-a39d8e57,1777539093129,1777539093166,202,37.289
4833,exp-perf5000-004833-adbd78bc,1777539093130,1777539093169,202,39.625
4834,exp-perf5000-004834-2a54c1cd,1777539093130,1777539093167,202,36.530
4835,exp-perf5000-004835-facc8ad4,1777539093130,1777539093170,202,39.871
4836,exp-perf5000-004836-fa289c1c,1777539093131,1777539093167,202,35.978
4837,exp-perf5000-004837-d255172f,1777539093131,1777539093168,202,36.777
4838,exp-perf5000-004838-0f52264d,1777539093131,1777539093171,202,39.376
4839,exp-perf5000-004839-eb38d614,1777539093132,1777539093171,202,38.866
4840,exp-perf5000-004840-c5299f7e,1777539093132,1777539093168,202,35.850
4841,exp-perf5000-004841-12de9269,1777539093133,1777539093169,202,35.854
4842,exp-perf5000-004842-a0ed794b,1777539093133,1777539093172,202,38.775
4843,exp-perf5000-004843-28060177,1777539093134,1777539093172,202,38.768
4844,exp-perf5000-004844-7d40713d,1777539093134,1777539093169,202,35.501
4845,exp-perf5000-004845-e4a44af6,1777539093134,1777539093170,202,35.612
4846,exp-perf5000-004846-9c193465,1777539093135,1777539093173,202,38.532
4847,exp-perf5000-004847-0bf48af8,1777539093135,1777539093170,202,35.170
4848,exp-perf5000-004848-b09b4568,1777539093135,1777539093174,202,38.459
4849,exp-perf5000-004849-88c19628,1777539093136,1777539093171,202,34.827
4850,exp-perf5000-004850-b27c6c5b,1777539093137,1777539093174,202,37.963
4851,exp-perf5000-004851-83c703e5,1777539093137,1777539093172,202,34.634
4852,exp-perf5000-004852-4146c314,1777539093138,1777539093177,202,38.893
4853,exp-perf5000-004853-e464eeaa,1777539093138,1777539093173,202,34.903
4854,exp-perf5000-004854-a2bb7f38,1777539093138,1777539093178,202,39.439
4855,exp-perf5000-004855-40a05575,1777539093138,1777539093173,202,34.930
4856,exp-perf5000-004856-031c006e,1777539093139,1777539093178,202,38.775
4857,exp-perf5000-004857-2277a16e,1777539093139,1777539093174,202,34.874
4858,exp-perf5000-004858-a2ad5c72,1777539093140,1777539093178,202,38.168
4859,exp-perf5000-004859-6c31e925,1777539093140,1777539093174,202,34.625
4860,exp-perf5000-004860-4f01058d,1777539093140,1777539093178,202,37.810
4861,exp-perf5000-004861-a0cfc72c,1777539093141,1777539093177,202,36.462
4862,exp-perf5000-004862-c3d378eb,1777539093141,1777539093179,202,37.743
4863,exp-perf5000-004863-8483ae3d,1777539093141,1777539093177,202,35.984
4864,exp-perf5000-004864-8b1da88a,1777539093142,1777539093180,202,38.451
4865,exp-perf5000-004865-90e5d5ca,1777539093142,1777539093177,202,35.356
4866,exp-perf5000-004866-c25d22d0,1777539093142,1777539093180,202,38.017
4867,exp-perf5000-004867-643cc4d5,1777539093142,1777539093178,202,35.237
4868,exp-perf5000-004868-cd561fa5,1777539093143,1777539093181,202,37.590
4869,exp-perf5000-004869-1a953ddc,1777539093143,1777539093178,202,34.752
4870,exp-perf5000-004870-1c8147b7,1777539093144,1777539093181,202,37.727
4871,exp-perf5000-004871-7e8a1b3e,1777539093144,1777539093179,202,34.688
4872,exp-perf5000-004872-6bb31053,1777539093145,1777539093179,202,34.491
4873,exp-perf5000-004873-797ea6cf,1777539093145,1777539093182,202,37.330
4874,exp-perf5000-004874-0d40a5f5,1777539093145,1777539093183,202,37.640
4875,exp-perf5000-004875-7fdc7fdd,1777539093145,1777539093180,202,34.826
4876,exp-perf5000-004876-071a2134,1777539093146,1777539093183,202,37.695
4877,exp-perf5000-004877-45d648d5,1777539093146,1777539093180,202,34.560
4878,exp-perf5000-004878-e836e151,1777539093146,1777539093184,202,37.722
4879,exp-perf5000-004879-70daac4b,1777539093147,1777539093181,202,34.536
4880,exp-perf5000-004880-553c8d5b,1777539093147,1777539093182,202,34.509
4881,exp-perf5000-004881-aebfb910,1777539093147,1777539093185,202,37.436
4882,exp-perf5000-004882-40c5ef63,1777539093148,1777539093182,202,34.489
4883,exp-perf5000-004883-6bdd5070,1777539093148,1777539093185,202,37.292
4884,exp-perf5000-004884-34cb5471,1777539093148,1777539093183,202,34.778
4885,exp-perf5000-004885-6eb56d37,1777539093149,1777539093186,202,37.437
4886,exp-perf5000-004886-a51d1473,1777539093149,1777539093184,202,34.822
4887,exp-perf5000-004887-b92b425d,1777539093149,1777539093187,202,37.479
4888,exp-perf5000-004888-814bff6c,1777539093150,1777539093185,202,34.714
4889,exp-perf5000-004889-6926c934,1777539093150,1777539093187,202,37.426
4890,exp-perf5000-004890-2f05dbac,1777539093151,1777539093185,202,34.672
4891,exp-perf5000-004891-af98caff,1777539093151,1777539093188,202,37.442
4892,exp-perf5000-004892-6f1a2c06,1777539093151,1777539093186,202,34.762
4893,exp-perf5000-004893-286af4c8,1777539093151,1777539093189,202,37.557
4894,exp-perf5000-004894-b23e4805,1777539093152,1777539093187,202,34.785
4895,exp-perf5000-004895-057f24ff,1777539093152,1777539093190,202,37.563
4896,exp-perf5000-004896-d3a07cf4,1777539093152,1777539093187,202,34.888
4897,exp-perf5000-004897-779d9a66,1777539093153,1777539093190,202,37.640
4898,exp-perf5000-004898-4065d2bc,1777539093153,1777539093188,202,34.777
4899,exp-perf5000-004899-612eb955,1777539093153,1777539093191,202,37.715
4900,exp-perf5000-004900-d8aab71e,1777539093154,1777539093189,202,34.850
4901,exp-perf5000-004901-60daaffb,1777539093154,1777539093192,202,37.667
4902,exp-perf5000-004902-06563454,1777539093155,1777539093189,202,34.840
4903,exp-perf5000-004903-5b01eeaf,1777539093155,1777539093192,202,37.630
4904,exp-perf5000-004904-b7b5a18c,1777539093155,1777539093193,202,37.732
4905,exp-perf5000-004905-6bbd204f,1777539093156,1777539093190,202,34.635
4906,exp-perf5000-004906-0273161b,1777539093159,1777539093191,202,31.783
4907,exp-perf5000-004907-d423b35c,1777539093160,1777539093194,202,34.052
4908,exp-perf5000-004908-16025f39,1777539093160,1777539093195,202,34.444
4909,exp-perf5000-004909-691b71d4,1777539093160,1777539093192,202,31.303
4910,exp-perf5000-004910-8243b7d1,1777539093161,1777539093192,202,31.302
4911,exp-perf5000-004911-7f9797bf,1777539093161,1777539093195,202,34.216
4912,exp-perf5000-004912-4a68678a,1777539093161,1777539093193,202,32.003
4913,exp-perf5000-004913-9cb6bf97,1777539093161,1777539093194,202,32.833
4914,exp-perf5000-004914-044b71f7,1777539093162,1777539093195,202,33.089
4915,exp-perf5000-004915-4ddfe131,1777539093162,1777539093196,202,33.860
4916,exp-perf5000-004916-d3e9fa83,1777539093162,1777539093196,202,34.063
4917,exp-perf5000-004917-510114a7,1777539093162,1777539093198,202,36.015
4918,exp-perf5000-004918-c44d4e48,1777539093162,1777539093199,202,36.663
4919,exp-perf5000-004919-fe7df9ae,1777539093162,1777539093199,202,36.356
4920,exp-perf5000-004920-0818e352,1777539093163,1777539093199,202,36.287
4921,exp-perf5000-004921-77487423,1777539093163,1777539093199,202,35.931
4922,exp-perf5000-004922-0bce6449,1777539093163,1777539093199,202,35.844
4923,exp-perf5000-004923-bc809334,1777539093163,1777539093199,202,35.392
4924,exp-perf5000-004924-e32e804f,1777539093164,1777539093199,202,34.763
4925,exp-perf5000-004925-962d55b0,1777539093165,1777539093199,202,33.780
4926,exp-perf5000-004926-5a9e1805,1777539093166,1777539093200,202,33.993
4927,exp-perf5000-004927-1c592537,1777539093167,1777539093200,202,33.119
4928,exp-perf5000-004928-21656016,1777539093167,1777539093201,202,34.206
4929,exp-perf5000-004929-593b172f,1777539093167,1777539093200,202,33.392
4930,exp-perf5000-004930-bf4422cf,1777539093167,1777539093199,202,32.318
4931,exp-perf5000-004931-b07a1a54,1777539093167,1777539093200,202,32.985
4932,exp-perf5000-004932-c4fd6142,1777539093168,1777539093202,202,33.449
4933,exp-perf5000-004933-4e47f682,1777539093168,1777539093201,202,33.187
4934,exp-perf5000-004934-0f7ae42e,1777539093168,1777539093202,202,34.078
4935,exp-perf5000-004935-9c50e4e5,1777539093168,1777539093202,202,33.674
4936,exp-perf5000-004936-7af02199,1777539093169,1777539093203,202,34.073
4937,exp-perf5000-004937-497b67fe,1777539093169,1777539093203,202,33.805
4938,exp-perf5000-004938-1e3abc41,1777539093169,1777539093204,202,34.395
4939,exp-perf5000-004939-5502d82b,1777539093169,1777539093203,202,34.008
4940,exp-perf5000-004940-e6cc64bd,1777539093170,1777539093204,202,33.995
4941,exp-perf5000-004941-069e0266,1777539093170,1777539093204,202,34.050
4942,exp-perf5000-004942-da651e47,1777539093170,1777539093205,202,34.322
4943,exp-perf5000-004943-c0a24fcf,1777539093171,1777539093205,202,34.160
4944,exp-perf5000-004944-007fd046,1777539093171,1777539093206,202,34.490
4945,exp-perf5000-004945-a73b215c,1777539093171,1777539093205,202,34.242
4946,exp-perf5000-004946-0a90bde4,1777539093172,1777539093206,202,34.388
4947,exp-perf5000-004947-636d7521,1777539093172,1777539093206,202,34.187
4948,exp-perf5000-004948-b977a1a5,1777539093173,1777539093207,202,34.348
4949,exp-perf5000-004949-f418988b,1777539093173,1777539093207,202,34.002
4950,exp-perf5000-004950-24d70014,1777539093173,1777539093208,202,34.291
4951,exp-perf5000-004951-747b6540,1777539093173,1777539093208,202,34.181
4952,exp-perf5000-004952-58064f42,1777539093174,1777539093208,202,34.281
4953,exp-perf5000-004953-415b1a13,1777539093174,1777539093208,202,34.258
4954,exp-perf5000-004954-2cd16277,1777539093175,1777539093209,202,34.617
4955,exp-perf5000-004955-3faca46d,1777539093175,1777539093209,202,34.269
4956,exp-perf5000-004956-c6d85295,1777539093177,1777539093210,202,32.823
4957,exp-perf5000-004957-41489880,1777539093177,1777539093210,202,32.830
4958,exp-perf5000-004958-effe55bb,1777539093177,1777539093211,202,33.177
4959,exp-perf5000-004959-557198f2,1777539093177,1777539093211,202,33.842
4960,exp-perf5000-004960-58960c98,1777539093178,1777539093212,202,34.210
4961,exp-perf5000-004961-f778ae94,1777539093178,1777539093210,202,32.336
4962,exp-perf5000-004962-4a3fdd26,1777539093178,1777539093212,202,33.980
4963,exp-perf5000-004963-a3e8b6c6,1777539093178,1777539093211,202,33.163
4964,exp-perf5000-004964-965bee55,1777539093178,1777539093212,202,34.289
4965,exp-perf5000-004965-ed1aaf77,1777539093178,1777539093213,202,34.294
4966,exp-perf5000-004966-a0f35645,1777539093179,1777539093213,202,34.844
4967,exp-perf5000-004967-37bf248b,1777539093179,1777539093213,202,34.476
4968,exp-perf5000-004968-0d789a67,1777539093179,1777539093214,202,35.059
4969,exp-perf5000-004969-4664b543,1777539093180,1777539093214,202,34.022
4970,exp-perf5000-004970-623203be,1777539093180,1777539093215,202,34.710
4971,exp-perf5000-004971-b2f78ffc,1777539093180,1777539093215,202,34.236
4972,exp-perf5000-004972-066930df,1777539093180,1777539093215,202,34.907
4973,exp-perf5000-004973-631a2cf4,1777539093181,1777539093215,202,34.418
4974,exp-perf5000-004974-2af33094,1777539093181,1777539093216,202,35.121
4975,exp-perf5000-004975-555e957c,1777539093181,1777539093216,202,34.502
4976,exp-perf5000-004976-f6969c8c,1777539093182,1777539093217,202,35.083
4977,exp-perf5000-004977-3ecc1af7,1777539093182,1777539093217,202,34.456
4978,exp-perf5000-004978-56bf7983,1777539093182,1777539093217,202,35.085
4979,exp-perf5000-004979-6e89af61,1777539093183,1777539093217,202,34.525
4980,exp-perf5000-004980-821a958c,1777539093183,1777539093218,202,35.042
4981,exp-perf5000-004981-aebd4fd5,1777539093183,1777539093218,202,34.444
4982,exp-perf5000-004982-7f161524,1777539093184,1777539093219,202,34.913
4983,exp-perf5000-004983-4cc63b2a,1777539093184,1777539093218,202,34.354
4984,exp-perf5000-004984-aed261fe,1777539093185,1777539093220,202,35.397
4985,exp-perf5000-004985-7d0ad5be,1777539093185,1777539093219,202,34.299
4986,exp-perf5000-004986-379cfcb9,1777539093185,1777539093220,202,35.221
4987,exp-perf5000-004987-b988e2f7,1777539093185,1777539093220,202,34.715
4988,exp-perf5000-004988-a21411ab,1777539093186,1777539093221,202,35.275
4989,exp-perf5000-004989-3cf2b101,1777539093186,1777539093221,202,34.475
4990,exp-perf5000-004990-13054913,1777539093187,1777539093222,202,35.205
4991,exp-perf5000-004991-267a7b5e,1777539093187,1777539093221,202,34.596
4992,exp-perf5000-004992-3262ae5f,1777539093187,1777539093222,202,35.047
4993,exp-perf5000-004993-a4897a06,1777539093187,1777539093222,202,34.488
4994,exp-perf5000-004994-488fcb25,1777539093188,1777539093223,202,35.199
4995,exp-perf5000-004995-54047db6,1777539093188,1777539093223,202,34.778
4996,exp-perf5000-004996-cc2f63c3,1777539093189,1777539093224,202,35.017
4997,exp-perf5000-004997-6f222f11,1777539093189,1777539093223,202,34.416
4998,exp-perf5000-004998-9eb473fb,1777539093189,1777539093224,202,34.944
4999,exp-perf5000-004999-5533e426,1777539093190,1777539093224,202,34.406
