seq,trace_id,t_req_ms,t_resp_ms,http_code,gateway_latency_ms
0,exp-perf10000-000000-325d0683,1777539302261,1777539302346,202,85.086
1,exp-perf10000-000001-6e392b5f,1777539302261,1777539302343,202,81.309
2,exp-perf10000-000002-34d668b4,1777539302262,1777539302338,202,75.739
3,exp-perf10000-000003-eeb23c9a,1777539302262,1777539302347,202,84.644
4,exp-perf10000-000004-9d63e0d7,1777539302262,1777539302343,202,80.819
5,exp-perf10000-000005-a380a339,1777539302263,1777539302334,202,71.051
6,exp-perf10000-000006-195757b9,1777539302263,1777539302344,202,81.147
7,exp-perf10000-000007-db8957c8,1777539302263,1777539302358,202,94.903
8,exp-perf10000-000008-0139aaa5,1777539302263,1777539302336,202,73.147
9,exp-perf10000-000009-44148af1,1777539302263,1777539302336,202,72.333
10,exp-perf10000-000010-ddf4c4b8,1777539302263,1777539302342,202,78.528
11,exp-perf10000-000011-6c20f774,1777539302264,1777539302331,202,67.909
12,exp-perf10000-000012-43bc3edc,1777539302264,1777539302336,202,72.169
13,exp-perf10000-000013-429a509b,1777539302264,1777539302326,202,61.848
14,exp-perf10000-000014-5e48e3e6,1777539302264,1777539302350,202,86.279
15,exp-perf10000-000015-1caf774c,1777539302264,1777539302348,202,84.235
16,exp-perf10000-000016-d3533da7,1777539302264,1777539302347,202,82.528
17,exp-perf10000-000017-17924f30,1777539302264,1777539302341,202,76.684
18,exp-perf10000-000018-b9d3afa9,1777539302265,1777539302346,202,81.670
19,exp-perf10000-000019-502884f1,1777539302265,1777539302345,202,80.027
20,exp-perf10000-000020-23d7216a,1777539302265,1777539302345,202,80.507
21,exp-perf10000-000021-0e7ad816,1777539302265,1777539302334,202,69.268
22,exp-perf10000-000022-3cd18daf,1777539302265,1777539302340,202,75.276
23,exp-perf10000-000023-11da50dc,1777539302265,1777539302330,202,64.603
24,exp-perf10000-000024-2f947be6,1777539302265,1777539302331,202,66.012
25,exp-perf10000-000025-d870010f,1777539302265,1777539302326,202,60.991
26,exp-perf10000-000026-0d46b32d,1777539302266,1777539302330,202,64.243
27,exp-perf10000-000027-35e74b60,1777539302266,1777539302357,202,91.393
28,exp-perf10000-000028-4491ab6f,1777539302266,1777539302354,202,88.390
29,exp-perf10000-000029-292431bf,1777539302266,1777539302358,202,92.091
30,exp-perf10000-000030-419c7746,1777539302266,1777539302354,202,88.254
31,exp-perf10000-000031-347ede8f,1777539302266,1777539302352,202,85.668
32,exp-perf10000-000032-1ddf310d,1777539302266,1777539302356,202,90.152
33,exp-perf10000-000033-432a4390,1777539302266,1777539302356,202,89.243
34,exp-perf10000-000034-e50eea8c,1777539302266,1777539302355,202,88.557
35,exp-perf10000-000035-26cb214b,1777539302267,1777539302352,202,85.368
36,exp-perf10000-000036-30a4df1d,1777539302267,1777539302349,202,82.768
37,exp-perf10000-000037-2afad30d,1777539302267,1777539302359,202,92.292
38,exp-perf10000-000038-eba6b860,1777539302267,1777539302357,202,89.829
39,exp-perf10000-000039-3fe449d2,1777539302267,1777539302360,202,92.665
40,exp-perf10000-000040-9bcd5744,1777539302267,1777539302355,202,87.883
41,exp-perf10000-000041-96d07f49,1777539302267,1777539302356,202,88.624
42,exp-perf10000-000042-a63abcff,1777539302267,1777539302357,202,90.317
43,exp-perf10000-000043-dcd03f6f,1777539302267,1777539302358,202,91.101
44,exp-perf10000-000044-b0b67d71,1777539302267,1777539302351,202,83.642
45,exp-perf10000-000045-fbf8a8ef,1777539302267,1777539302353,202,85.299
46,exp-perf10000-000046-b87bfb41,1777539302268,1777539302348,202,80.955
47,exp-perf10000-000047-1989cb01,1777539302268,1777539302346,202,77.971
48,exp-perf10000-000048-82910984,1777539302268,1777539302335,202,67.159
49,exp-perf10000-000049-60566027,1777539302268,1777539302332,202,64.213
50,exp-perf10000-000050-fe44455a,1777539302268,1777539302328,202,60.553
51,exp-perf10000-000051-ecd92c45,1777539302268,1777539302327,202,59.003
52,exp-perf10000-000052-b8ec770c,1777539302268,1777539302331,202,62.563
53,exp-perf10000-000053-8af35c29,1777539302268,1777539302335,202,67.110
54,exp-perf10000-000054-6657ecff,1777539302268,1777539302324,202,55.833
55,exp-perf10000-000055-d9076daf,1777539302268,1777539302323,202,55.111
56,exp-perf10000-000056-1a0efeed,1777539302268,1777539302326,202,57.232
57,exp-perf10000-000057-b0ce31bc,1777539302268,1777539302324,202,55.697
58,exp-perf10000-000058-0e5a9adf,1777539302268,1777539302322,202,53.881
59,exp-perf10000-000059-4f916ada,1777539302269,1777539302323,202,54.523
60,exp-perf10000-000060-45a7a7e7,1777539302269,1777539302333,202,64.563
61,exp-perf10000-000061-d2bece1c,1777539302269,1777539302327,202,58.282
62,exp-perf10000-000062-d415c141,1777539302269,1777539302328,202,58.977
63,exp-perf10000-000063-4986a2cc,1777539302269,1777539302322,202,53.471
64,exp-perf10000-000064-8f9207e8,1777539302269,1777539302353,202,84.354
65,exp-perf10000-000065-fc44955e,1777539302269,1777539302353,202,83.543
66,exp-perf10000-000066-8ac70fd9,1777539302269,1777539302348,202,78.434
67,exp-perf10000-000067-2b82463b,1777539302269,1777539302359,202,89.376
68,exp-perf10000-000068-a9c2baa5,1777539302269,1777539302345,202,75.132
69,exp-perf10000-000069-169ad4d3,1777539302269,1777539302353,202,84.008
70,exp-perf10000-000070-3dd53e2b,1777539302270,1777539302351,202,81.521
71,exp-perf10000-000071-c6d5c1a7,1777539302270,1777539302349,202,79.743
72,exp-perf10000-000072-951e53ee,1777539302270,1777539302348,202,77.775
73,exp-perf10000-000073-f5147813,1777539302270,1777539302350,202,80.188
74,exp-perf10000-000074-9e7a1f8c,1777539302270,1777539302339,202,68.558
75,exp-perf10000-000075-11943d15,1777539302270,1777539302337,202,66.961
76,exp-perf10000-000076-ad550627,1777539302270,1777539302340,202,69.447
77,exp-perf10000-000077-92cdd44c,1777539302270,1777539302338,202,67.945
78,exp-perf10000-000078-b674fc38,1777539302270,1777539302334,202,63.480
79,exp-perf10000-000079-2bcb8613,1777539302270,1777539302332,202,61.635
80,exp-perf10000-000080-e847dc12,1777539302271,1777539302325,202,54.336
81,exp-perf10000-000081-604109cc,1777539302271,1777539302328,202,57.909
82,exp-perf10000-000082-ad3c6f64,1777539302271,1777539302340,202,69.398
83,exp-perf10000-000083-022f7d0a,1777539302271,1777539302328,202,57.078
84,exp-perf10000-000084-12d9cf5d,1777539302271,1777539302334,202,63.588
85,exp-perf10000-000085-15be5b42,1777539302271,1777539302329,202,58.100
86,exp-perf10000-000086-93e834c1,1777539302271,1777539302342,202,70.561
87,exp-perf10000-000087-79abd4ac,1777539302271,1777539302333,202,61.688
88,exp-perf10000-000088-57ff1290,1777539302271,1777539302339,202,67.653
89,exp-perf10000-000089-52717795,1777539302271,1777539302337,202,66.155
90,exp-perf10000-000090-d389cad7,1777539302271,1777539302329,202,57.877
91,exp-perf10000-000091-a6f85f8b,1777539302271,1777539302330,202,58.974
92,exp-perf10000-000092-cba411ca,1777539302272,1777539302337,202,65.215
93,exp-perf10000-000093-4dc61346,1777539302272,1777539302341,202,69.144
94,exp-perf10000-000094-9afe06b6,1777539302272,1777539302342,202,70.514
95,exp-perf10000-000095-c97b8c97,1777539302272,1777539302339,202,67.455
96,exp-perf10000-000096-6d9d9e4c,1777539302272,1777539302343,202,71.214
97,exp-perf10000-000097-4a3f0c1e,1777539302272,1777539302344,202,71.893
98,exp-perf10000-000098-36183443,1777539302272,1777539302325,202,52.928
99,exp-perf10000-000099-0fc89a1b,1777539302272,1777539302326,202,54.059
100,exp-perf10000-000100-81358216,1777539302322,1777539302360,202,37.495
101,exp-perf10000-000101-b874a760,1777539302323,1777539302360,202,37.642
102,exp-perf10000-000102-6d96af50,1777539302323,1777539302360,202,37.347
103,exp-perf10000-000103-4609ed3e,1777539302323,1777539302361,202,37.479
104,exp-perf10000-000104-bb6a95b6,1777539302324,1777539302361,202,37.154
105,exp-perf10000-000105-5bf6de4d,1777539302324,1777539302362,202,37.394
106,exp-perf10000-000106-3609a545,1777539302325,1777539302362,202,37.462
107,exp-perf10000-000107-17b8753d,1777539302325,1777539302362,202,36.800
108,exp-perf10000-000108-57b1bd8a,1777539302326,1777539302363,202,36.980
109,exp-perf10000-000109-3c398287,1777539302326,1777539302363,202,37.248
110,exp-perf10000-000110-38a0070f,1777539302326,1777539302363,202,36.865
111,exp-perf10000-000111-a73406ef,1777539302326,1777539302364,202,37.153
112,exp-perf10000-000112-46b6ec7e,1777539302327,1777539302364,202,37.485
113,exp-perf10000-000113-49325438,1777539302327,1777539302364,202,36.781
114,exp-perf10000-000114-0420c71c,1777539302328,1777539302366,202,37.709
115,exp-perf10000-000115-caa5b884,1777539302328,1777539302366,202,37.661
116,exp-perf10000-000116-93acd4eb,1777539302328,1777539302366,202,37.999
117,exp-perf10000-000117-451dd1bc,1777539302329,1777539302365,202,36.768
118,exp-perf10000-000118-382a5a1e,1777539302329,1777539302366,202,37.072
119,exp-perf10000-000119-a5606a0f,1777539302329,1777539302367,202,37.874
120,exp-perf10000-000120-d21502aa,1777539302330,1777539302367,202,37.084
121,exp-perf10000-000121-affd26ac,1777539302330,1777539302368,202,38.123
122,exp-perf10000-000122-05e9e905,1777539302330,1777539302369,202,38.521
123,exp-perf10000-000123-3b497f0a,1777539302331,1777539302368,202,37.080
124,exp-perf10000-000124-6adf0db9,1777539302331,1777539302369,202,37.278
125,exp-perf10000-000125-f5894e4c,1777539302331,1777539302370,202,38.860
126,exp-perf10000-000126-027c5618,1777539302332,1777539302371,202,39.382
127,exp-perf10000-000127-8f3f3ca7,1777539302332,1777539302370,202,37.859
128,exp-perf10000-000128-bc864f91,1777539302333,1777539302372,202,39.325
129,exp-perf10000-000129-da21c969,1777539302333,1777539302371,202,37.822
130,exp-perf10000-000130-f01b2f9b,1777539302334,1777539302373,202,39.529
131,exp-perf10000-000131-2a917a3f,1777539302334,1777539302372,202,38.012
132,exp-perf10000-000132-6e2b3842,1777539302334,1777539302374,202,39.755
133,exp-perf10000-000133-464aef94,1777539302334,1777539302373,202,38.475
134,exp-perf10000-000134-374391db,1777539302335,1777539302375,202,40.035
135,exp-perf10000-000135-3b6bc991,1777539302335,1777539302374,202,38.779
136,exp-perf10000-000136-47947af6,1777539302336,1777539302376,202,40.114
137,exp-perf10000-000137-09b4f371,1777539302336,1777539302375,202,39.065
138,exp-perf10000-000138-d76e10c4,1777539302336,1777539302377,202,40.380
139,exp-perf10000-000139-708f635b,1777539302337,1777539302376,202,38.866
140,exp-perf10000-000140-e5d8415d,1777539302337,1777539302377,202,40.295
141,exp-perf10000-000141-0f4e0867,1777539302337,1777539302376,202,38.838
142,exp-perf10000-000142-5c0a526d,1777539302338,1777539302378,202,40.208
143,exp-perf10000-000143-1ce28cf9,1777539302338,1777539302377,202,38.836
144,exp-perf10000-000144-741c6b01,1777539302339,1777539302379,202,40.370
145,exp-perf10000-000145-0438fb72,1777539302339,1777539302378,202,39.118
146,exp-perf10000-000146-f0b4eb40,1777539302339,1777539302380,202,40.622
147,exp-perf10000-000147-ff185405,1777539302340,1777539302379,202,39.164
148,exp-perf10000-000148-cd3e14c9,1777539302340,1777539302381,202,40.473
149,exp-perf10000-000149-ece31612,1777539302340,1777539302380,202,39.472
150,exp-perf10000-000150-1eaac0db,1777539302341,1777539302381,202,40.600
151,exp-perf10000-000151-78a3d141,1777539302341,1777539302381,202,39.565
152,exp-perf10000-000152-eb8417d4,1777539302342,1777539302382,202,40.215
153,exp-perf10000-000153-01e05abb,1777539302342,1777539302381,202,39.510
154,exp-perf10000-000154-f69f9f2b,1777539302342,1777539302383,202,40.353
155,exp-perf10000-000155-eb32e35b,1777539302343,1777539302382,202,39.314
156,exp-perf10000-000156-647b3d25,1777539302343,1777539302383,202,40.112
157,exp-perf10000-000157-e630b9f2,1777539302343,1777539302383,202,39.232
158,exp-perf10000-000158-75b63fff,1777539302344,1777539302384,202,39.999
159,exp-perf10000-000159-4b3f5b5e,1777539302344,1777539302383,202,39.227
160,exp-perf10000-000160-540311e4,1777539302345,1777539302384,202,39.888
161,exp-perf10000-000161-1e36c510,1777539302345,1777539302384,202,38.999
162,exp-perf10000-000162-29d43304,1777539302345,1777539302385,202,39.872
163,exp-perf10000-000163-91ceaaaf,1777539302346,1777539302384,202,38.836
164,exp-perf10000-000164-873c3fb3,1777539302346,1777539302386,202,39.978
165,exp-perf10000-000165-c23931f3,1777539302346,1777539302385,202,38.889
166,exp-perf10000-000166-4ec73f15,1777539302347,1777539302387,202,39.751
167,exp-perf10000-000167-47e08a6c,1777539302347,1777539302386,202,38.988
168,exp-perf10000-000168-981124a4,1777539302348,1777539302387,202,39.797
169,exp-perf10000-000169-c3e0c53f,1777539302348,1777539302387,202,39.034
170,exp-perf10000-000170-b19d3527,1777539302348,1777539302388,202,39.725
171,exp-perf10000-000171-6483234e,1777539302348,1777539302387,202,38.880
172,exp-perf10000-000172-6edb459f,1777539302349,1777539302389,202,39.392
173,exp-perf10000-000173-2b643426,1777539302350,1777539302388,202,38.588
174,exp-perf10000-000174-f22569b2,1777539302350,1777539302390,202,40.322
175,exp-perf10000-000175-f5670436,1777539302350,1777539302389,202,38.555
176,exp-perf10000-000176-140ccefb,1777539302351,1777539302390,202,39.260
177,exp-perf10000-000177-84e741cf,1777539302351,1777539302390,202,38.393
178,exp-perf10000-000178-0892d4b6,1777539302352,1777539302391,202,39.265
179,exp-perf10000-000179-1bd8a738,1777539302352,1777539302390,202,38.217
180,exp-perf10000-000180-099263ed,1777539302353,1777539302392,202,39.167
181,exp-perf10000-000181-357d0dbf,1777539302353,1777539302391,202,37.959
182,exp-perf10000-000182-9b871c0c,1777539302353,1777539302392,202,38.131
183,exp-perf10000-000183-d88bd8f9,1777539302354,1777539302393,202,39.024
184,exp-perf10000-000184-39d9726c,1777539302354,1777539302393,202,39.039
185,exp-perf10000-000185-07e1003f,1777539302354,1777539302392,202,38.112
186,exp-perf10000-000186-8a066c7b,1777539302355,1777539302393,202,38.133
187,exp-perf10000-000187-be4ae504,1777539302355,1777539302394,202,38.806
188,exp-perf10000-000188-0c050982,1777539302356,1777539302394,202,38.078
189,exp-perf10000-000189-4b7d554c,1777539302356,1777539302394,202,38.714
190,exp-perf10000-000190-936fc462,1777539302356,1777539302397,202,40.325
191,exp-perf10000-000191-baec8ad0,1777539302357,1777539302395,202,38.600
192,exp-perf10000-000192-9fbf3661,1777539302357,1777539302397,202,39.624
193,exp-perf10000-000193-c67ed1d3,1777539302358,1777539302396,202,38.478
194,exp-perf10000-000194-ae31e0fe,1777539302358,1777539302396,202,38.540
195,exp-perf10000-000195-68b0e522,1777539302358,1777539302397,202,38.969
196,exp-perf10000-000196-c42b848d,1777539302358,1777539302397,202,38.748
197,exp-perf10000-000197-7e31ec3a,1777539302359,1777539302397,202,38.716
198,exp-perf10000-000198-40631852,1777539302359,1777539302398,202,38.495
199,exp-perf10000-000199-a6178610,1777539302360,1777539302398,202,38.610
200,exp-perf10000-000200-40a9ae61,1777539302360,1777539302398,202,38.059
201,exp-perf10000-000201-a5f0ab17,1777539302360,1777539302399,202,38.799
202,exp-perf10000-000202-3fdf9745,1777539302361,1777539302399,202,38.641
203,exp-perf10000-000203-e404b086,1777539302361,1777539302400,202,38.814
204,exp-perf10000-000204-56a313fa,1777539302361,1777539302400,202,38.395
205,exp-perf10000-000205-713718f6,1777539302362,1777539302401,202,38.925
206,exp-perf10000-000206-7527b5fa,1777539302362,1777539302401,202,38.807
207,exp-perf10000-000207-2f8f27c0,1777539302362,1777539302401,202,38.548
208,exp-perf10000-000208-8eaf47b1,1777539302363,1777539302401,202,38.715
209,exp-perf10000-000209-ae773598,1777539302363,1777539302402,202,38.928
210,exp-perf10000-000210-8c620fe4,1777539302363,1777539302402,202,38.656
211,exp-perf10000-000211-bd5ed19d,1777539302364,1777539302403,202,39.039
212,exp-perf10000-000212-792dae03,1777539302364,1777539302403,202,39.085
213,exp-perf10000-000213-788bf72a,1777539302364,1777539302403,202,38.875
214,exp-perf10000-000214-fd9e72c7,1777539302365,1777539302404,202,38.190
215,exp-perf10000-000215-14545bd0,1777539302366,1777539302404,202,38.693
216,exp-perf10000-000216-32871e5f,1777539302366,1777539302404,202,38.312
217,exp-perf10000-000217-6aa08ef2,1777539302366,1777539302405,202,38.858
218,exp-perf10000-000218-b3973280,1777539302366,1777539302405,202,38.313
219,exp-perf10000-000219-19cf8278,1777539302367,1777539302406,202,38.991
220,exp-perf10000-000220-5486bfc7,1777539302367,1777539302406,202,38.355
221,exp-perf10000-000221-0c56f6f0,1777539302368,1777539302407,202,39.016
222,exp-perf10000-000222-a1660886,1777539302368,1777539302406,202,38.300
223,exp-perf10000-000223-8422efa7,1777539302369,1777539302407,202,38.747
224,exp-perf10000-000224-5e4287b1,1777539302369,1777539302407,202,37.996
225,exp-perf10000-000225-0e2a7203,1777539302370,1777539302408,202,38.335
226,exp-perf10000-000226-59d52b91,1777539302370,1777539302408,202,37.524
227,exp-perf10000-000227-e1092394,1777539302371,1777539302409,202,37.760
228,exp-perf10000-000228-cb6e5bed,1777539302371,1777539302408,202,37.054
229,exp-perf10000-000229-30b08c80,1777539302372,1777539302410,202,37.798
230,exp-perf10000-000230-9ce4b16d,1777539302372,1777539302409,202,36.910
231,exp-perf10000-000231-0fadcb15,1777539302373,1777539302410,202,37.262
232,exp-perf10000-000232-97e7c06d,1777539302373,1777539302410,202,36.583
233,exp-perf10000-000233-33635651,1777539302374,1777539302411,202,36.522
234,exp-perf10000-000234-84e5fc9f,1777539302374,1777539302411,202,36.813
235,exp-perf10000-000235-99708988,1777539302375,1777539302411,202,36.104
236,exp-perf10000-000236-e9ad52b5,1777539302375,1777539302412,202,36.682
237,exp-perf10000-000237-797155f8,1777539302376,1777539302412,202,36.739
238,exp-perf10000-000238-5bbab487,1777539302376,1777539302412,202,36.094
239,exp-perf10000-000239-3efa6448,1777539302376,1777539302413,202,36.549
240,exp-perf10000-000240-2189ab4e,1777539302377,1777539302413,202,35.944
241,exp-perf10000-000241-18b450c1,1777539302377,1777539302414,202,36.661
242,exp-perf10000-000242-ceeecdd6,1777539302377,1777539302413,202,35.785
243,exp-perf10000-000243-25be0195,1777539302378,1777539302414,202,35.825
244,exp-perf10000-000244-b8569a93,1777539302378,1777539302414,202,36.242
245,exp-perf10000-000245-57b6f204,1777539302379,1777539302415,202,36.200
246,exp-perf10000-000246-52b4a337,1777539302379,1777539302414,202,35.549
247,exp-perf10000-000247-62bb8cd4,1777539302380,1777539302415,202,35.238
248,exp-perf10000-000248-b6883a7d,1777539302380,1777539302416,202,35.948
249,exp-perf10000-000249-67218d29,1777539302381,1777539302416,202,35.132
250,exp-perf10000-000250-c5cf7e53,1777539302381,1777539302416,202,35.722
251,exp-perf10000-000251-7d76d9b3,1777539302381,1777539302416,202,34.985
252,exp-perf10000-000252-1df7cfb4,1777539302381,1777539302417,202,35.713
253,exp-perf10000-000253-1a89324b,1777539302382,1777539302417,202,35.162
254,exp-perf10000-000254-2a4461e8,1777539302382,1777539302418,202,35.870
255,exp-perf10000-000255-406d7e6f,1777539302383,1777539302419,202,36.054
256,exp-perf10000-000256-8239140e,1777539302383,1777539302418,202,35.205
257,exp-perf10000-000257-9c760b18,1777539302383,1777539302419,202,36.048
258,exp-perf10000-000258-b91e9896,1777539302383,1777539302419,202,35.361
259,exp-perf10000-000259-f5943fe2,1777539302384,1777539302420,202,36.262
260,exp-perf10000-000260-66dd9f03,1777539302384,1777539302419,202,35.500
261,exp-perf10000-000261-8fce8924,1777539302384,1777539302421,202,36.211
262,exp-perf10000-000262-6940042e,1777539302385,1777539302420,202,35.572
263,exp-perf10000-000263-800a5bc5,1777539302385,1777539302421,202,36.255
264,exp-perf10000-000264-95833450,1777539302385,1777539302421,202,35.442
265,exp-perf10000-000265-e0370c2a,1777539302386,1777539302422,202,36.091
266,exp-perf10000-000266-f290c3ba,1777539302386,1777539302421,202,35.212
267,exp-perf10000-000267-eb080a2b,1777539302387,1777539302422,202,35.315
268,exp-perf10000-000268-214abb39,1777539302387,1777539302423,202,36.011
269,exp-perf10000-000269-9f1d0c2e,1777539302387,1777539302423,202,35.205
270,exp-perf10000-000270-ffaec939,1777539302387,1777539302423,202,36.049
271,exp-perf10000-000271-82da4923,1777539302388,1777539302423,202,34.993
272,exp-perf10000-000272-80d274f3,1777539302388,1777539302424,202,35.972
273,exp-perf10000-000273-9037511c,1777539302389,1777539302424,202,35.011
274,exp-perf10000-000274-90a537c8,1777539302389,1777539302425,202,35.867
275,exp-perf10000-000275-d60475c1,1777539302390,1777539302426,202,36.052
276,exp-perf10000-000276-71318e59,1777539302390,1777539302426,202,36.114
277,exp-perf10000-000277-fa7163f9,1777539302390,1777539302425,202,34.195
278,exp-perf10000-000278-f053eaae,1777539302390,1777539302425,202,34.794
279,exp-perf10000-000279-5679e866,1777539302391,1777539302427,202,36.184
280,exp-perf10000-000280-956fb3cc,1777539302391,1777539302426,202,34.832
281,exp-perf10000-000281-341983d3,1777539302392,1777539302427,202,35.853
282,exp-perf10000-000282-34988c92,1777539302392,1777539302427,202,34.643
283,exp-perf10000-000283-2c3b6810,1777539302392,1777539302428,202,35.760
284,exp-perf10000-000284-33f88ca7,1777539302393,1777539302427,202,34.624
285,exp-perf10000-000285-eca1b1b8,1777539302393,1777539302429,202,35.733
286,exp-perf10000-000286-437a1023,1777539302393,1777539302428,202,34.461
287,exp-perf10000-000287-65c38f84,1777539302394,1777539302430,202,35.817
288,exp-perf10000-000288-6d72ca91,1777539302394,1777539302429,202,34.673
289,exp-perf10000-000289-267565ce,1777539302394,1777539302430,202,35.203
290,exp-perf10000-000290-d2823161,1777539302395,1777539302430,202,34.783
291,exp-perf10000-000291-2b173847,1777539302396,1777539302431,202,34.746
292,exp-perf10000-000292-f25b02ab,1777539302397,1777539302430,202,33.654
293,exp-perf10000-000293-385e1308,1777539302397,1777539302431,202,34.299
294,exp-perf10000-000294-5e3dfd8e,1777539302397,1777539302432,202,35.058
295,exp-perf10000-000295-100570ca,1777539302397,1777539302432,202,34.555
296,exp-perf10000-000296-41dd9d77,1777539302397,1777539302433,202,35.446
297,exp-perf10000-000297-e90d2ba7,1777539302397,1777539302432,202,34.825
298,exp-perf10000-000298-18d9f344,1777539302398,1777539302433,202,35.899
299,exp-perf10000-000299-2520a043,1777539302398,1777539302434,202,35.999
300,exp-perf10000-000300-505bae46,1777539302398,1777539302433,202,34.712
301,exp-perf10000-000301-5e872013,1777539302399,1777539302434,202,34.614
302,exp-perf10000-000302-cb7406de,1777539302399,1777539302435,202,35.633
303,exp-perf10000-000303-c5f7276c,1777539302400,1777539302436,202,35.873
304,exp-perf10000-000304-e477bdeb,1777539302400,1777539302435,202,34.785
305,exp-perf10000-000305-76ed4eb5,1777539302401,1777539302435,202,34.739
306,exp-perf10000-000306-e6a99cf5,1777539302401,1777539302436,202,35.741
307,exp-perf10000-000307-e4b83949,1777539302401,1777539302436,202,35.169
308,exp-perf10000-000308-e74cbe49,1777539302401,1777539302437,202,35.789
309,exp-perf10000-000309-89558896,1777539302402,1777539302438,202,35.814
310,exp-perf10000-000310-273a2a35,1777539302402,1777539302437,202,34.656
311,exp-perf10000-000311-4fad8b55,1777539302403,1777539302438,202,34.787
312,exp-perf10000-000312-9c5afff8,1777539302403,1777539302439,202,35.600
313,exp-perf10000-000313-0b2548c6,1777539302403,1777539302438,202,34.874
314,exp-perf10000-000314-8e691a67,1777539302404,1777539302439,202,35.678
315,exp-perf10000-000315-581e932f,1777539302404,1777539302439,202,34.820
316,exp-perf10000-000316-6e512127,1777539302404,1777539302440,202,35.701
317,exp-perf10000-000317-6f77a6b6,1777539302405,1777539302440,202,34.667
318,exp-perf10000-000318-6f8f8be6,1777539302405,1777539302441,202,35.562
319,exp-perf10000-000319-981ff496,1777539302406,1777539302440,202,34.659
320,exp-perf10000-000320-0035e651,1777539302406,1777539302441,202,35.449
321,exp-perf10000-000321-fcd7bc18,1777539302406,1777539302441,202,34.539
322,exp-perf10000-000322-42f9c492,1777539302407,1777539302442,202,35.404
323,exp-perf10000-000323-6e33af5c,1777539302407,1777539302442,202,34.481
324,exp-perf10000-000324-9abad3ea,1777539302407,1777539302443,202,35.447
325,exp-perf10000-000325-e54f5b4e,1777539302408,1777539302442,202,34.479
326,exp-perf10000-000326-a9a7831b,1777539302408,1777539302444,202,35.240
327,exp-perf10000-000327-9996da00,1777539302409,1777539302443,202,34.532
328,exp-perf10000-000328-cccc8b81,1777539302409,1777539302444,202,35.239
329,exp-perf10000-000329-b3a745a4,1777539302409,1777539302444,202,34.519
330,exp-perf10000-000330-d86adfdf,1777539302410,1777539302445,202,35.257
331,exp-perf10000-000331-3ab1fe52,1777539302410,1777539302444,202,34.541
332,exp-perf10000-000332-87e6ced0,1777539302410,1777539302446,202,35.465
333,exp-perf10000-000333-1dfe647f,1777539302411,1777539302445,202,34.596
334,exp-perf10000-000334-608830ee,1777539302411,1777539302447,202,35.661
335,exp-perf10000-000335-6c16bf97,1777539302411,1777539302446,202,34.936
336,exp-perf10000-000336-855f143c,1777539302412,1777539302447,202,35.494
337,exp-perf10000-000337-abd280e2,1777539302412,1777539302447,202,34.891
338,exp-perf10000-000338-0ed2f579,1777539302412,1777539302448,202,35.578
339,exp-perf10000-000339-9c539feb,1777539302413,1777539302448,202,34.956
340,exp-perf10000-000340-94f4b1bc,1777539302413,1777539302449,202,35.938
341,exp-perf10000-000341-be250e0f,1777539302413,1777539302448,202,35.151
342,exp-perf10000-000342-1787dc9f,1777539302414,1777539302450,202,35.717
343,exp-perf10000-000343-c0ef1542,1777539302414,1777539302449,202,35.200
344,exp-perf10000-000344-a54a43c1,1777539302414,1777539302450,202,35.904
345,exp-perf10000-000345-b60eb7fe,1777539302415,1777539302450,202,35.352
346,exp-perf10000-000346-ecb38ef0,1777539302415,1777539302451,202,35.832
347,exp-perf10000-000347-61176023,1777539302415,1777539302451,202,35.406
348,exp-perf10000-000348-f008cfb6,1777539302416,1777539302451,202,35.433
349,exp-perf10000-000349-35d43dca,1777539302416,1777539302452,202,35.652
350,exp-perf10000-000350-db92fb25,1777539302416,1777539302452,202,35.596
351,exp-perf10000-000351-2c34a879,1777539302417,1777539302453,202,35.996
352,exp-perf10000-000352-71726baa,1777539302417,1777539302453,202,35.781
353,exp-perf10000-000353-170eaa20,1777539302417,1777539302453,202,36.020
354,exp-perf10000-000354-fbd16a90,1777539302418,1777539302458,202,40.233
355,exp-perf10000-000355-5dd9a6c1,1777539302418,1777539302454,202,35.713
356,exp-perf10000-000356-7dcd10d1,1777539302419,1777539302458,202,39.260
357,exp-perf10000-000357-914057b1,1777539302419,1777539302455,202,35.994
358,exp-perf10000-000358-06df50c7,1777539302419,1777539302458,202,38.721
359,exp-perf10000-000359-51856bd0,1777539302419,1777539302458,202,38.446
360,exp-perf10000-000360-b5f46616,1777539302420,1777539302459,202,38.818
361,exp-perf10000-000361-39c795c9,1777539302420,1777539302458,202,37.911
362,exp-perf10000-000362-0d3b6235,1777539302421,1777539302459,202,38.129
363,exp-perf10000-000363-40bd7a4a,1777539302421,1777539302462,202,41.566
364,exp-perf10000-000364-497b8dcf,1777539302421,1777539302462,202,41.005
365,exp-perf10000-000365-f4fde3bd,1777539302421,1777539302459,202,37.812
366,exp-perf10000-000366-68e591b1,1777539302422,1777539302463,202,40.672
367,exp-perf10000-000367-c38e5dbb,1777539302422,1777539302462,202,39.736
368,exp-perf10000-000368-1add45be,1777539302423,1777539302463,202,40.063
369,exp-perf10000-000369-a51ba2fe,1777539302423,1777539302460,202,37.150
370,exp-perf10000-000370-f1345095,1777539302423,1777539302463,202,39.466
371,exp-perf10000-000371-a8bc1f97,1777539302424,1777539302463,202,39.442
372,exp-perf10000-000372-43c30f58,1777539302424,1777539302463,202,38.745
373,exp-perf10000-000373-243487a9,1777539302424,1777539302463,202,38.687
374,exp-perf10000-000374-c4051ff6,1777539302425,1777539302462,202,37.704
375,exp-perf10000-000375-b67d7055,1777539302425,1777539302463,202,38.075
376,exp-perf10000-000376-9940c633,1777539302425,1777539302463,202,37.650
377,exp-perf10000-000377-2db245f3,1777539302426,1777539302464,202,38.563
378,exp-perf10000-000378-51b3808d,1777539302426,1777539302464,202,38.286
379,exp-perf10000-000379-113b90fc,1777539302426,1777539302465,202,38.630
380,exp-perf10000-000380-5df91386,1777539302427,1777539302464,202,37.624
381,exp-perf10000-000381-6916c764,1777539302427,1777539302466,202,39.084
382,exp-perf10000-000382-56e82e0e,1777539302427,1777539302465,202,37.731
383,exp-perf10000-000383-a56c484d,1777539302427,1777539302467,202,39.125
384,exp-perf10000-000384-05082ed9,1777539302428,1777539302466,202,38.364
385,exp-perf10000-000385-f3f7f11f,1777539302428,1777539302468,202,40.031
386,exp-perf10000-000386-16a558f1,1777539302429,1777539302467,202,38.376
387,exp-perf10000-000387-60defcf2,1777539302429,1777539302469,202,40.216
388,exp-perf10000-000388-208d2362,1777539302430,1777539302469,202,39.773
389,exp-perf10000-000389-b36a96fb,1777539302430,1777539302470,202,40.018
390,exp-perf10000-000390-b0dc9a48,1777539302430,1777539302470,202,39.533
391,exp-perf10000-000391-b41a38ad,1777539302430,1777539302470,202,39.889
392,exp-perf10000-000392-c6ea009a,1777539302431,1777539302474,202,43.293
393,exp-perf10000-000393-d6e34655,1777539302431,1777539302473,202,41.373
394,exp-perf10000-000394-365a968e,1777539302432,1777539302474,202,42.522
395,exp-perf10000-000395-c9fc0007,1777539302432,1777539302474,202,41.869
396,exp-perf10000-000396-44c2b77d,1777539302432,1777539302474,202,41.314
397,exp-perf10000-000397-27b8f77f,1777539302433,1777539302475,202,41.863
398,exp-perf10000-000398-93f3eb83,1777539302433,1777539302474,202,41.084
399,exp-perf10000-000399-2d842846,1777539302434,1777539302475,202,41.499
400,exp-perf10000-000400-61b52f88,1777539302434,1777539302475,202,41.032
401,exp-perf10000-000401-fa98f814,1777539302434,1777539302476,202,41.413
402,exp-perf10000-000402-ae2ea960,1777539302435,1777539302475,202,40.873
403,exp-perf10000-000403-0096f2be,1777539302435,1777539302476,202,41.493
404,exp-perf10000-000404-02786c4c,1777539302435,1777539302476,202,40.687
405,exp-perf10000-000405-967635ed,1777539302436,1777539302477,202,41.593
406,exp-perf10000-000406-4a4b7baa,1777539302436,1777539302477,202,40.669
407,exp-perf10000-000407-42e4d0e2,1777539302436,1777539302478,202,41.149
408,exp-perf10000-000408-500c869f,1777539302437,1777539302478,202,40.759
409,exp-perf10000-000409-7204d1ba,1777539302437,1777539302478,202,41.051
410,exp-perf10000-000410-bfdf1914,1777539302438,1777539302478,202,40.452
411,exp-perf10000-000411-9ae2a47d,1777539302438,1777539302479,202,41.276
412,exp-perf10000-000412-3c955d92,1777539302438,1777539302479,202,40.595
413,exp-perf10000-000413-55038877,1777539302439,1777539302480,202,41.303
414,exp-perf10000-000414-689b62dc,1777539302439,1777539302479,202,40.546
415,exp-perf10000-000415-a0f2e828,1777539302439,1777539302481,202,41.223
416,exp-perf10000-000416-5bb8a55d,1777539302440,1777539302480,202,40.595
417,exp-perf10000-000417-dfbcfa34,1777539302440,1777539302481,202,41.133
418,exp-perf10000-000418-ce81d5a9,1777539302440,1777539302481,202,40.668
419,exp-perf10000-000419-5110932b,1777539302441,1777539302482,202,41.123
420,exp-perf10000-000420-0d273259,1777539302441,1777539302482,202,40.702
421,exp-perf10000-000421-966e1e09,1777539302441,1777539302483,202,41.080
422,exp-perf10000-000422-05c7ec42,1777539302442,1777539302485,202,43.004
423,exp-perf10000-000423-1630e35c,1777539302442,1777539302484,202,41.382
424,exp-perf10000-000424-03f456e9,1777539302442,1777539302485,202,42.148
425,exp-perf10000-000425-106a039c,1777539302443,1777539302484,202,41.322
426,exp-perf10000-000426-6fb8ca11,1777539302443,1777539302485,202,41.462
427,exp-perf10000-000427-afe227c2,1777539302444,1777539302485,202,41.314
428,exp-perf10000-000428-9890b168,1777539302444,1777539302485,202,41.019
429,exp-perf10000-000429-bb46e2a6,1777539302444,1777539302486,202,41.411
430,exp-perf10000-000430-6e7745ac,1777539302444,1777539302485,202,40.841
431,exp-perf10000-000431-b69d74bf,1777539302445,1777539302486,202,41.445
432,exp-perf10000-000432-aaa40c11,1777539302445,1777539302486,202,40.752
433,exp-perf10000-000433-1f2dc610,1777539302446,1777539302487,202,41.072
434,exp-perf10000-000434-cc717e01,1777539302446,1777539302487,202,40.558
435,exp-perf10000-000435-cc8cc8e8,1777539302447,1777539302489,202,42.391
436,exp-perf10000-000436-7dadf139,1777539302447,1777539302489,202,42.661
437,exp-perf10000-000437-6bc68097,1777539302447,1777539302489,202,42.216
438,exp-perf10000-000438-b419de35,1777539302448,1777539302489,202,41.357
439,exp-perf10000-000439-599d0dd2,1777539302448,1777539302490,202,41.758
440,exp-perf10000-000440-a8ed5a84,1777539302448,1777539302490,202,41.437
441,exp-perf10000-000441-fda5745b,1777539302449,1777539302490,202,41.353
442,exp-perf10000-000442-400c0102,1777539302449,1777539302490,202,40.902
443,exp-perf10000-000443-18642f74,1777539302450,1777539302491,202,41.358
444,exp-perf10000-000444-a895b98a,1777539302450,1777539302491,202,40.813
445,exp-perf10000-000445-43c79e60,1777539302450,1777539302491,202,41.160
446,exp-perf10000-000446-e4c89a1b,1777539302451,1777539302491,202,40.783
447,exp-perf10000-000447-b3ddfa77,1777539302451,1777539302492,202,41.170
448,exp-perf10000-000448-06d074a1,1777539302451,1777539302492,202,41.114
449,exp-perf10000-000449-9a21fdca,1777539302452,1777539302493,202,41.115
450,exp-perf10000-000450-4472b0bd,1777539302452,1777539302493,202,41.040
451,exp-perf10000-000451-ff7a9697,1777539302453,1777539302494,202,40.927
452,exp-perf10000-000452-91ea2b69,1777539302453,1777539302494,202,40.827
453,exp-perf10000-000453-f5df11d0,1777539302453,1777539302494,202,41.048
454,exp-perf10000-000454-69e2ef23,1777539302454,1777539302495,202,40.941
455,exp-perf10000-000455-8ea09d93,1777539302455,1777539302495,202,40.437
456,exp-perf10000-000456-40df5dec,1777539302458,1777539302497,202,38.585
457,exp-perf10000-000457-066856bc,1777539302458,1777539302497,202,38.706
458,exp-perf10000-000458-40a9f785,1777539302458,1777539302496,202,37.625
459,exp-perf10000-000459-27fec131,1777539302458,1777539302496,202,37.605
460,exp-perf10000-000460-62a0df8b,1777539302458,1777539302496,202,37.140
461,exp-perf10000-000461-35dfa500,1777539302459,1777539302498,202,39.075
462,exp-perf10000-000462-67a4e34a,1777539302459,1777539302498,202,38.551
463,exp-perf10000-000463-26bba5bb,1777539302459,1777539302499,202,39.467
464,exp-perf10000-000464-c73f4be3,1777539302460,1777539302500,202,40.185
465,exp-perf10000-000465-133be405,1777539302462,1777539302499,202,37.325
466,exp-perf10000-000466-5ca1a799,1777539302463,1777539302497,202,34.789
467,exp-perf10000-000467-05f5c11a,1777539302463,1777539302499,202,35.969
468,exp-perf10000-000468-4289e541,1777539302463,1777539302498,202,35.222
469,exp-perf10000-000469-994e11af,1777539302463,1777539302501,202,38.302
470,exp-perf10000-000470-81053e08,1777539302463,1777539302500,202,37.213
471,exp-perf10000-000471-7277f7ff,1777539302463,1777539302502,202,39.545
472,exp-perf10000-000472-9996ef81,1777539302463,1777539302501,202,38.569
473,exp-perf10000-000473-48e7399a,1777539302463,1777539302502,202,39.105
474,exp-perf10000-000474-a41462a6,1777539302463,1777539302502,202,38.458
475,exp-perf10000-000475-04bef16e,1777539302463,1777539302501,202,37.710
476,exp-perf10000-000476-1aebb650,1777539302463,1777539302500,202,36.436
477,exp-perf10000-000477-858522a6,1777539302464,1777539302503,202,38.612
478,exp-perf10000-000478-29d3aca0,1777539302464,1777539302503,202,38.992
479,exp-perf10000-000479-5e7566ec,1777539302464,1777539302503,202,38.372
480,exp-perf10000-000480-67171950,1777539302465,1777539302504,202,39.040
481,exp-perf10000-000481-9f14350f,1777539302465,1777539302504,202,38.633
482,exp-perf10000-000482-7595adc8,1777539302466,1777539302505,202,38.683
483,exp-perf10000-000483-30fa2b68,1777539302466,1777539302504,202,38.222
484,exp-perf10000-000484-032ffa71,1777539302467,1777539302505,202,38.523
485,exp-perf10000-000485-6158924f,1777539302467,1777539302505,202,38.420
486,exp-perf10000-000486-fc2d6ed6,1777539302468,1777539302506,202,37.430
487,exp-perf10000-000487-0eba7624,1777539302469,1777539302507,202,37.385
488,exp-perf10000-000488-7e8c2d9a,1777539302469,1777539302507,202,37.668
489,exp-perf10000-000489-8565c8a9,1777539302470,1777539302507,202,37.122
490,exp-perf10000-000490-3de54f68,1777539302470,1777539302506,202,36.222
491,exp-perf10000-000491-af3d6a45,1777539302470,1777539302508,202,37.583
492,exp-perf10000-000492-c02a0663,1777539302473,1777539302508,202,35.903
493,exp-perf10000-000493-6245c06a,1777539302474,1777539302508,202,33.849
494,exp-perf10000-000494-4a4acf6d,1777539302474,1777539302509,202,35.292
495,exp-perf10000-000495-a2510b1b,1777539302474,1777539302509,202,34.588
496,exp-perf10000-000496-3f682e95,1777539302474,1777539302508,202,33.838
497,exp-perf10000-000497-d77a55fd,1777539302474,1777539302509,202,35.060
498,exp-perf10000-000498-49889dbf,1777539302475,1777539302510,202,35.159
499,exp-perf10000-000499-a3ee0156,1777539302475,1777539302510,202,35.482
500,exp-perf10000-000500-f35ad54a,1777539302475,1777539302511,202,35.563
501,exp-perf10000-000501-088135c8,1777539302476,1777539302511,202,35.836
502,exp-perf10000-000502-cc8006ea,1777539302476,1777539302511,202,35.526
503,exp-perf10000-000503-7837e299,1777539302476,1777539302512,202,35.925
504,exp-perf10000-000504-d6301111,1777539302476,1777539302512,202,35.500
505,exp-perf10000-000505-a755c84e,1777539302477,1777539302512,202,35.414
506,exp-perf10000-000506-d754309d,1777539302477,1777539302513,202,36.165
507,exp-perf10000-000507-e887747b,1777539302478,1777539302513,202,35.213
508,exp-perf10000-000508-cee04e14,1777539302478,1777539302513,202,35.505
509,exp-perf10000-000509-1d9babce,1777539302478,1777539302514,202,35.669
510,exp-perf10000-000510-0d3a2479,1777539302478,1777539302514,202,35.563
511,exp-perf10000-000511-0adbd14a,1777539302479,1777539302514,202,35.306
512,exp-perf10000-000512-35802628,1777539302479,1777539302514,202,35.284
513,exp-perf10000-000513-abb799a4,1777539302479,1777539302515,202,35.484
514,exp-perf10000-000514-edf1d1f8,1777539302480,1777539302515,202,35.235
515,exp-perf10000-000515-f8e51c56,1777539302480,1777539302516,202,35.497
516,exp-perf10000-000516-d02309ca,1777539302481,1777539302516,202,35.232
517,exp-perf10000-000517-4c927821,1777539302481,1777539302516,202,35.217
518,exp-perf10000-000518-1eeb9558,1777539302481,1777539302517,202,35.306
519,exp-perf10000-000519-2a42e8d4,1777539302482,1777539302517,202,35.261
520,exp-perf10000-000520-1d7c9a04,1777539302482,1777539302517,202,35.222
521,exp-perf10000-000521-675f205a,1777539302483,1777539302518,202,35.291
522,exp-perf10000-000522-29f23828,1777539302484,1777539302520,202,35.949
523,exp-perf10000-000523-2adbd3cd,1777539302484,1777539302521,202,36.799
524,exp-perf10000-000524-2b51dd92,1777539302485,1777539302518,202,33.248
525,exp-perf10000-000525-dcba8f00,1777539302485,1777539302519,202,33.922
526,exp-perf10000-000526-8dd17b8a,1777539302485,1777539302520,202,34.777
527,exp-perf10000-000527-ff193423,1777539302485,1777539302520,202,35.240
528,exp-perf10000-000528-686b0987,1777539302485,1777539302522,202,36.693
529,exp-perf10000-000529-740f4135,1777539302485,1777539302521,202,35.553
530,exp-perf10000-000530-8ad5c979,1777539302486,1777539302522,202,36.547
531,exp-perf10000-000531-13b9dfd6,1777539302486,1777539302522,202,35.503
532,exp-perf10000-000532-4a5a3a2e,1777539302487,1777539302523,202,36.439
533,exp-perf10000-000533-47808144,1777539302487,1777539302522,202,35.494
534,exp-perf10000-000534-75c20c82,1777539302487,1777539302524,202,36.652
535,exp-perf10000-000535-aa333dd4,1777539302489,1777539302523,202,34.173
536,exp-perf10000-000536-04bd841d,1777539302489,1777539302524,202,35.147
537,exp-perf10000-000537-1297892f,1777539302490,1777539302524,202,34.486
538,exp-perf10000-000538-2369909a,1777539302490,1777539302525,202,35.350
539,exp-perf10000-000539-343f91e6,1777539302490,1777539302525,202,34.838
540,exp-perf10000-000540-15ce884f,1777539302490,1777539302526,202,35.801
541,exp-perf10000-000541-0070d82b,1777539302490,1777539302526,202,35.364
542,exp-perf10000-000542-fea47b88,1777539302490,1777539302527,202,36.274
543,exp-perf10000-000543-d62aa57e,1777539302491,1777539302526,202,35.523
544,exp-perf10000-000544-a98cc2b1,1777539302491,1777539302528,202,36.540
545,exp-perf10000-000545-0fa05512,1777539302492,1777539302527,202,35.526
546,exp-perf10000-000546-7838f0af,1777539302492,1777539302528,202,36.797
547,exp-perf10000-000547-513c4cd2,1777539302492,1777539302529,202,36.874
548,exp-perf10000-000548-f7469f57,1777539302492,1777539302528,202,35.299
549,exp-perf10000-000549-008cf1b4,1777539302493,1777539302530,202,36.796
550,exp-perf10000-000550-21ca5794,1777539302493,1777539302529,202,35.389
551,exp-perf10000-000551-ab5f936a,1777539302494,1777539302531,202,36.923
552,exp-perf10000-000552-d11c438f,1777539302494,1777539302529,202,35.422
553,exp-perf10000-000553-e9e82358,1777539302494,1777539302532,202,37.306
554,exp-perf10000-000554-56ede0d5,1777539302495,1777539302530,202,35.270
555,exp-perf10000-000555-010b1154,1777539302495,1777539302531,202,35.548
556,exp-perf10000-000556-bd7a20e5,1777539302496,1777539302532,202,36.773
557,exp-perf10000-000557-f81ef0c1,1777539302496,1777539302532,202,35.669
558,exp-perf10000-000558-2031f7d9,1777539302496,1777539302533,202,36.969
559,exp-perf10000-000559-73dfb591,1777539302497,1777539302534,202,37.236
560,exp-perf10000-000560-f2576421,1777539302497,1777539302533,202,35.706
561,exp-perf10000-000561-526e911b,1777539302497,1777539302533,202,35.953
562,exp-perf10000-000562-0e00bd4d,1777539302498,1777539302535,202,37.238
563,exp-perf10000-000563-6d62c9d9,1777539302498,1777539302534,202,36.203
564,exp-perf10000-000564-f5bf2ede,1777539302498,1777539302536,202,38.265
565,exp-perf10000-000565-6d364f6d,1777539302499,1777539302535,202,35.870
566,exp-perf10000-000566-721fbc46,1777539302499,1777539302537,202,38.174
567,exp-perf10000-000567-21294d0b,1777539302499,1777539302538,202,38.282
568,exp-perf10000-000568-dbea10ff,1777539302500,1777539302535,202,35.499
569,exp-perf10000-000569-18ff46e5,1777539302500,1777539302536,202,35.879
570,exp-perf10000-000570-11ceeefd,1777539302500,1777539302538,202,38.115
571,exp-perf10000-000571-9fbdcbe1,1777539302501,1777539302539,202,38.288
572,exp-perf10000-000572-eb6cb91c,1777539302501,1777539302537,202,35.512
573,exp-perf10000-000573-902e52de,1777539302501,1777539302537,202,35.858
574,exp-perf10000-000574-bb70fa35,1777539302502,1777539302540,202,38.357
575,exp-perf10000-000575-40822e83,1777539302502,1777539302541,202,38.706
576,exp-perf10000-000576-a9b49037,1777539302502,1777539302538,202,35.564
577,exp-perf10000-000577-05f74236,1777539302503,1777539302539,202,35.891
578,exp-perf10000-000578-5da4c53f,1777539302503,1777539302541,202,38.421
579,exp-perf10000-000579-7850b0bb,1777539302503,1777539302539,202,36.057
580,exp-perf10000-000580-89f33eff,1777539302504,1777539302542,202,38.359
581,exp-perf10000-000581-032b6264,1777539302504,1777539302540,202,36.029
582,exp-perf10000-000582-fa61abfc,1777539302505,1777539302543,202,38.278
583,exp-perf10000-000583-3bc53b7b,1777539302505,1777539302541,202,35.802
584,exp-perf10000-000584-39af5937,1777539302505,1777539302544,202,38.273
585,exp-perf10000-000585-9d84d802,1777539302505,1777539302542,202,36.103
586,exp-perf10000-000586-0377d986,1777539302506,1777539302544,202,38.402
587,exp-perf10000-000587-86de468c,1777539302506,1777539302542,202,36.280
588,exp-perf10000-000588-38062d82,1777539302507,1777539302545,202,38.263
589,exp-perf10000-000589-c5ca869d,1777539302507,1777539302543,202,36.158
590,exp-perf10000-000590-c24bb930,1777539302507,1777539302546,202,38.447
591,exp-perf10000-000591-57cd8d32,1777539302508,1777539302544,202,36.156
592,exp-perf10000-000592-9074d632,1777539302508,1777539302546,202,38.412
593,exp-perf10000-000593-b2e69c13,1777539302508,1777539302545,202,36.363
594,exp-perf10000-000594-f5858618,1777539302509,1777539302547,202,38.613
595,exp-perf10000-000595-9f7a8bba,1777539302509,1777539302545,202,36.341
596,exp-perf10000-000596-577d654c,1777539302509,1777539302548,202,38.662
597,exp-perf10000-000597-c9332405,1777539302509,1777539302546,202,36.365
598,exp-perf10000-000598-7ad9ca20,1777539302510,1777539302549,202,38.826
599,exp-perf10000-000599-985447e3,1777539302510,1777539302546,202,36.138
600,exp-perf10000-000600-70b79f98,1777539302511,1777539302549,202,38.611
601,exp-perf10000-000601-ffa3830c,1777539302511,1777539302550,202,38.853
602,exp-perf10000-000602-6c68c572,1777539302511,1777539302547,202,35.832
603,exp-perf10000-000603-bdb624b5,1777539302512,1777539302551,202,38.715
604,exp-perf10000-000604-82489e40,1777539302512,1777539302548,202,36.121
605,exp-perf10000-000605-552e8322,1777539302512,1777539302549,202,36.615
606,exp-perf10000-000606-02b56745,1777539302513,1777539302550,202,36.855
607,exp-perf10000-000607-fb28073d,1777539302513,1777539302552,202,38.274
608,exp-perf10000-000608-5659801f,1777539302513,1777539302552,202,38.618
609,exp-perf10000-000609-71216a40,1777539302514,1777539302551,202,36.768
610,exp-perf10000-000610-7ecb9644,1777539302514,1777539302553,202,38.936
611,exp-perf10000-000611-941a2a46,1777539302514,1777539302551,202,36.867
612,exp-perf10000-000612-646e3a51,1777539302514,1777539302553,202,38.847
613,exp-perf10000-000613-d5c511c9,1777539302515,1777539302552,202,36.866
614,exp-perf10000-000614-3680d0d6,1777539302515,1777539302554,202,38.778
615,exp-perf10000-000615-19235725,1777539302516,1777539302553,202,36.790
616,exp-perf10000-000616-51b00675,1777539302516,1777539302555,202,38.849
617,exp-perf10000-000617-a7f42469,1777539302516,1777539302553,202,36.804
618,exp-perf10000-000618-3e652a90,1777539302517,1777539302555,202,38.702
619,exp-perf10000-000619-03b20fc5,1777539302517,1777539302554,202,36.737
620,exp-perf10000-000620-de846be6,1777539302517,1777539302556,202,38.746
621,exp-perf10000-000621-b2e1fe4c,1777539302518,1777539302557,202,38.786
622,exp-perf10000-000622-318d47f5,1777539302518,1777539302554,202,36.365
623,exp-perf10000-000623-0240a1ef,1777539302519,1777539302555,202,36.355
624,exp-perf10000-000624-5fbaf9ad,1777539302520,1777539302556,202,36.087
625,exp-perf10000-000625-b2b2d2c6,1777539302520,1777539302557,202,37.719
626,exp-perf10000-000626-79405301,1777539302520,1777539302556,202,36.236
627,exp-perf10000-000627-2c8bfc82,1777539302521,1777539302557,202,36.094
628,exp-perf10000-000628-691361f2,1777539302521,1777539302558,202,37.163
629,exp-perf10000-000629-f2305175,1777539302522,1777539302558,202,36.207
630,exp-perf10000-000630-d40c05df,1777539302522,1777539302559,202,37.267
631,exp-perf10000-000631-66158ca6,1777539302522,1777539302558,202,36.198
632,exp-perf10000-000632-bc7bace8,1777539302522,1777539302560,202,37.445
633,exp-perf10000-000633-5ede75e7,1777539302523,1777539302561,202,37.535
634,exp-perf10000-000634-f9819007,1777539302523,1777539302559,202,35.896
635,exp-perf10000-000635-1ae9f8e1,1777539302524,1777539302561,202,37.496
636,exp-perf10000-000636-4b8a8dd6,1777539302524,1777539302560,202,35.909
637,exp-perf10000-000637-2c5c8631,1777539302525,1777539302562,202,37.460
638,exp-perf10000-000638-e398685e,1777539302525,1777539302561,202,35.989
639,exp-perf10000-000639-01e052fa,1777539302525,1777539302563,202,37.667
640,exp-perf10000-000640-8addb22e,1777539302526,1777539302561,202,35.865
641,exp-perf10000-000641-40ca8a10,1777539302526,1777539302564,202,37.782
642,exp-perf10000-000642-6be59160,1777539302526,1777539302562,202,35.812
643,exp-perf10000-000643-f83b31db,1777539302527,1777539302564,202,37.633
644,exp-perf10000-000644-050be076,1777539302527,1777539302563,202,35.970
645,exp-perf10000-000645-60d6514d,1777539302528,1777539302565,202,37.510
646,exp-perf10000-000646-e651cb5f,1777539302528,1777539302564,202,35.914
647,exp-perf10000-000647-2c6296bd,1777539302529,1777539302566,202,37.273
648,exp-perf10000-000648-75570216,1777539302529,1777539302564,202,35.806
649,exp-perf10000-000649-8609ade4,1777539302529,1777539302566,202,37.375
650,exp-perf10000-000650-d3dfad6d,1777539302529,1777539302565,202,36.078
651,exp-perf10000-000651-58f8cad6,1777539302530,1777539302567,202,37.516
652,exp-perf10000-000652-06e029a9,1777539302530,1777539302566,202,36.016
653,exp-perf10000-000653-d4796a10,1777539302531,1777539302568,202,37.409
654,exp-perf10000-000654-c8f952a4,1777539302531,1777539302567,202,35.785
655,exp-perf10000-000655-8ffc938b,1777539302532,1777539302568,202,35.778
656,exp-perf10000-000656-8b2acbc5,1777539302532,1777539302569,202,36.791
657,exp-perf10000-000657-ca4f6066,1777539302532,1777539302569,202,36.970
658,exp-perf10000-000658-2a77593b,1777539302533,1777539302568,202,35.734
659,exp-perf10000-000659-511694b6,1777539302533,1777539302570,202,36.972
660,exp-perf10000-000660-017d21e5,1777539302533,1777539302569,202,35.460
661,exp-perf10000-000661-3da03741,1777539302534,1777539302571,202,36.864
662,exp-perf10000-000662-1695268f,1777539302534,1777539302570,202,35.410
663,exp-perf10000-000663-2e089bb5,1777539302535,1777539302570,202,35.627
664,exp-perf10000-000664-96276294,1777539302535,1777539302571,202,36.634
665,exp-perf10000-000665-74242754,1777539302535,1777539302571,202,35.733
666,exp-perf10000-000666-408304fb,1777539302536,1777539302572,202,35.582
667,exp-perf10000-000667-3dc9dd53,1777539302536,1777539302572,202,36.121
668,exp-perf10000-000668-91ef50ef,1777539302537,1777539302572,202,35.826
669,exp-perf10000-000669-6d485e3c,1777539302537,1777539302573,202,36.411
670,exp-perf10000-000670-ae868ac8,1777539302537,1777539302573,202,35.847
671,exp-perf10000-000671-8d266176,1777539302538,1777539302574,202,36.355
672,exp-perf10000-000672-34bf1044,1777539302538,1777539302574,202,35.958
673,exp-perf10000-000673-ccdbe25c,1777539302538,1777539302575,202,36.467
674,exp-perf10000-000674-617c9a60,1777539302539,1777539302575,202,36.038
675,exp-perf10000-000675-550e87e2,1777539302539,1777539302576,202,36.443
676,exp-perf10000-000676-4b2591d4,1777539302539,1777539302576,202,36.035
677,exp-perf10000-000677-869fe5d6,1777539302540,1777539302576,202,36.519
678,exp-perf10000-000678-88af7923,1777539302540,1777539302576,202,36.079
679,exp-perf10000-000679-1f50ff18,1777539302541,1777539302577,202,36.109
680,exp-perf10000-000680-b822df94,1777539302541,1777539302577,202,36.522
681,exp-perf10000-000681-c79d3aec,1777539302541,1777539302578,202,36.470
682,exp-perf10000-000682-e19b0cd0,1777539302542,1777539302578,202,36.062
683,exp-perf10000-000683-f758d01f,1777539302542,1777539302579,202,36.457
684,exp-perf10000-000684-43737682,1777539302542,1777539302578,202,35.954
685,exp-perf10000-000685-829cb982,1777539302543,1777539302579,202,36.375
686,exp-perf10000-000686-1aac9100,1777539302543,1777539302579,202,35.820
687,exp-perf10000-000687-6055fc39,1777539302544,1777539302580,202,36.285
688,exp-perf10000-000688-b49feffb,1777539302544,1777539302580,202,35.933
689,exp-perf10000-000689-7d92f1b4,1777539302544,1777539302580,202,36.183
690,exp-perf10000-000690-f25bfee5,1777539302545,1777539302580,202,35.501
691,exp-perf10000-000691-b37b4eac,1777539302545,1777539302581,202,36.182
692,exp-perf10000-000692-dcc60567,1777539302545,1777539302581,202,35.556
693,exp-perf10000-000693-419a359f,1777539302546,1777539302582,202,36.215
694,exp-perf10000-000694-c25739c9,1777539302546,1777539302581,202,35.520
695,exp-perf10000-000695-d524e5cc,1777539302546,1777539302583,202,36.199
696,exp-perf10000-000696-980bd6ae,1777539302547,1777539302582,202,35.461
697,exp-perf10000-000697-6c1856c8,1777539302547,1777539302583,202,36.042
698,exp-perf10000-000698-6a5b020c,1777539302547,1777539302583,202,35.336
699,exp-perf10000-000699-e215ecd6,1777539302548,1777539302584,202,36.050
700,exp-perf10000-000700-71365799,1777539302548,1777539302583,202,35.055
701,exp-perf10000-000701-f63335f0,1777539302549,1777539302585,202,36.043
702,exp-perf10000-000702-1c3cfb0c,1777539302549,1777539302584,202,34.724
703,exp-perf10000-000703-84dc64c2,1777539302549,1777539302585,202,36.092
704,exp-perf10000-000704-7569170e,1777539302550,1777539302585,202,34.743
705,exp-perf10000-000705-920c6771,1777539302550,1777539302586,202,35.935
706,exp-perf10000-000706-89088a37,1777539302551,1777539302585,202,34.832
707,exp-perf10000-000707-982d84aa,1777539302551,1777539302587,202,35.925
708,exp-perf10000-000708-750e02d1,1777539302551,1777539302586,202,34.707
709,exp-perf10000-000709-543b12a0,1777539302552,1777539302587,202,35.744
710,exp-perf10000-000710-5fcd1f55,1777539302552,1777539302587,202,34.680
711,exp-perf10000-000711-4543b418,1777539302552,1777539302588,202,36.053
712,exp-perf10000-000712-73e2626e,1777539302553,1777539302587,202,34.594
713,exp-perf10000-000713-0a0b7ecd,1777539302553,1777539302589,202,35.921
714,exp-perf10000-000714-f9833d6d,1777539302553,1777539302588,202,34.683
715,exp-perf10000-000715-5401e433,1777539302553,1777539302589,202,36.059
716,exp-perf10000-000716-3f245ea5,1777539302554,1777539302588,202,34.627
717,exp-perf10000-000717-f8f5911d,1777539302554,1777539302590,202,36.042
718,exp-perf10000-000718-6531d2bc,1777539302554,1777539302589,202,34.603
719,exp-perf10000-000719-b37fd5b6,1777539302555,1777539302591,202,36.187
720,exp-perf10000-000720-1ea99c1e,1777539302555,1777539302590,202,34.735
721,exp-perf10000-000721-7e99b80a,1777539302555,1777539302592,202,36.186
722,exp-perf10000-000722-a3f4ada0,1777539302556,1777539302590,202,34.701
723,exp-perf10000-000723-926f8c6b,1777539302556,1777539302592,202,36.412
724,exp-perf10000-000724-2725ffb6,1777539302556,1777539302591,202,34.715
725,exp-perf10000-000725-ad90c2c3,1777539302557,1777539302593,202,36.254
726,exp-perf10000-000726-159041b1,1777539302557,1777539302592,202,34.803
727,exp-perf10000-000727-96fc61b5,1777539302557,1777539302594,202,36.231
728,exp-perf10000-000728-a34a1c39,1777539302558,1777539302592,202,34.676
729,exp-perf10000-000729-687c06ff,1777539302558,1777539302595,202,36.198
730,exp-perf10000-000730-7dd13184,1777539302558,1777539302593,202,34.636
731,exp-perf10000-000731-40d4f72a,1777539302559,1777539302595,202,36.058
732,exp-perf10000-000732-ad6c50fa,1777539302559,1777539302594,202,34.489
733,exp-perf10000-000733-09559796,1777539302560,1777539302596,202,35.911
734,exp-perf10000-000734-0e74287f,1777539302560,1777539302594,202,34.344
735,exp-perf10000-000735-d7c1ee44,1777539302561,1777539302596,202,35.742
736,exp-perf10000-000736-b3a5ef40,1777539302561,1777539302595,202,34.203
737,exp-perf10000-000737-74ac839a,1777539302561,1777539302597,202,35.776
738,exp-perf10000-000738-44715875,1777539302561,1777539302596,202,34.176
739,exp-perf10000-000739-73524a1d,1777539302562,1777539302598,202,35.674
740,exp-perf10000-000740-16a830b1,1777539302562,1777539302596,202,34.083
741,exp-perf10000-000741-9e227b05,1777539302563,1777539302598,202,35.604
742,exp-perf10000-000742-67048c18,1777539302563,1777539302597,202,33.823
743,exp-perf10000-000743-ccd765f5,1777539302564,1777539302599,202,35.353
744,exp-perf10000-000744-af08a27c,1777539302564,1777539302598,202,33.804
745,exp-perf10000-000745-e31a846d,1777539302564,1777539302600,202,35.318
746,exp-perf10000-000746-5760c2ca,1777539302565,1777539302598,202,33.678
747,exp-perf10000-000747-a9f76ca5,1777539302565,1777539302601,202,35.763
748,exp-perf10000-000748-34a83f18,1777539302565,1777539302599,202,33.482
749,exp-perf10000-000749-7a179724,1777539302566,1777539302602,202,35.631
750,exp-perf10000-000750-a350a1a4,1777539302566,1777539302599,202,33.470
751,exp-perf10000-000751-658dddb1,1777539302567,1777539302602,202,35.465
752,exp-perf10000-000752-9efd2abb,1777539302567,1777539302601,202,34.110
753,exp-perf10000-000753-17b41508,1777539302567,1777539302603,202,35.448
754,exp-perf10000-000754-0aef5d07,1777539302568,1777539302601,202,33.837
755,exp-perf10000-000755-1cba352f,1777539302568,1777539302604,202,35.882
756,exp-perf10000-000756-619bde2e,1777539302568,1777539302602,202,33.689
757,exp-perf10000-000757-e46bf87e,1777539302569,1777539302605,202,35.874
758,exp-perf10000-000758-68b542f9,1777539302569,1777539302603,202,33.841
759,exp-perf10000-000759-8bb6d8ad,1777539302569,1777539302605,202,35.813
760,exp-perf10000-000760-55166935,1777539302570,1777539302604,202,34.307
761,exp-perf10000-000761-22f18ceb,1777539302570,1777539302606,202,35.714
762,exp-perf10000-000762-a557d27c,1777539302570,1777539302605,202,34.564
763,exp-perf10000-000763-f03ab9e1,1777539302571,1777539302606,202,35.554
764,exp-perf10000-000764-a44be1c4,1777539302571,1777539302606,202,34.504
765,exp-perf10000-000765-d12e6257,1777539302572,1777539302607,202,35.903
766,exp-perf10000-000766-e510df65,1777539302572,1777539302608,202,36.293
767,exp-perf10000-000767-856585a6,1777539302573,1777539302608,202,35.393
768,exp-perf10000-000768-b0966bcf,1777539302573,1777539302608,202,35.892
769,exp-perf10000-000769-85ccabae,1777539302573,1777539302608,202,34.536
770,exp-perf10000-000770-21a69aae,1777539302573,1777539302609,202,35.093
771,exp-perf10000-000771-c1c54c58,1777539302574,1777539302608,202,34.226
772,exp-perf10000-000772-e3ccac4b,1777539302574,1777539302609,202,34.984
773,exp-perf10000-000773-aa10702c,1777539302575,1777539302609,202,33.732
774,exp-perf10000-000774-546eff58,1777539302575,1777539302610,202,34.856
775,exp-perf10000-000775-dc2ea258,1777539302576,1777539302609,202,33.799
776,exp-perf10000-000776-cd4ed749,1777539302576,1777539302610,202,34.723
777,exp-perf10000-000777-262be41e,1777539302576,1777539302610,202,33.673
778,exp-perf10000-000778-67ec0c53,1777539302577,1777539302611,202,34.479
779,exp-perf10000-000779-68669739,1777539302577,1777539302611,202,33.591
780,exp-perf10000-000780-9066a7db,1777539302577,1777539302612,202,34.211
781,exp-perf10000-000781-c6da5fe1,1777539302578,1777539302611,202,33.605
782,exp-perf10000-000782-02582718,1777539302578,1777539302613,202,34.769
783,exp-perf10000-000783-cfe0f721,1777539302578,1777539302612,202,33.782
784,exp-perf10000-000784-00d75c2c,1777539302579,1777539302613,202,34.626
785,exp-perf10000-000785-bd441b2a,1777539302579,1777539302613,202,33.926
786,exp-perf10000-000786-79f0bc0b,1777539302579,1777539302614,202,34.600
787,exp-perf10000-000787-e2602d0b,1777539302580,1777539302614,202,33.868
788,exp-perf10000-000788-faa6f831,1777539302580,1777539302615,202,35.135
789,exp-perf10000-000789-1b7a35a4,1777539302580,1777539302614,202,34.353
790,exp-perf10000-000790-9df81c55,1777539302580,1777539302616,202,35.138
791,exp-perf10000-000791-69f1aa3b,1777539302581,1777539302615,202,34.707
792,exp-perf10000-000792-8757bc72,1777539302581,1777539302617,202,35.519
793,exp-perf10000-000793-307c631e,1777539302581,1777539302617,202,35.229
794,exp-perf10000-000794-200624b2,1777539302582,1777539302618,202,35.640
795,exp-perf10000-000795-28432b85,1777539302582,1777539302617,202,35.425
796,exp-perf10000-000796-c1b46d27,1777539302583,1777539302618,202,35.691
797,exp-perf10000-000797-ce7b9dd1,1777539302583,1777539302618,202,35.470
798,exp-perf10000-000798-8588f755,1777539302583,1777539302619,202,35.646
799,exp-perf10000-000799-efcc0dd5,1777539302583,1777539302619,202,35.329
800,exp-perf10000-000800-84d2530d,1777539302584,1777539302620,202,35.660
801,exp-perf10000-000801-f1e37998,1777539302584,1777539302619,202,35.459
802,exp-perf10000-000802-aa3588e4,1777539302585,1777539302620,202,35.734
803,exp-perf10000-000803-a66023af,1777539302585,1777539302620,202,35.642
804,exp-perf10000-000804-d26d1b81,1777539302585,1777539302621,202,35.604
805,exp-perf10000-000805-ef050b16,1777539302586,1777539302621,202,35.609
806,exp-perf10000-000806-0b693cb9,1777539302586,1777539302622,202,35.773
807,exp-perf10000-000807-03577794,1777539302586,1777539302622,202,35.609
808,exp-perf10000-000808-d739b733,1777539302587,1777539302622,202,35.828
809,exp-perf10000-000809-c14230d6,1777539302587,1777539302622,202,35.559
810,exp-perf10000-000810-3e31253e,1777539302587,1777539302623,202,35.954
811,exp-perf10000-000811-66fc6d10,1777539302587,1777539302623,202,35.842
812,exp-perf10000-000812-00a6fd47,1777539302588,1777539302624,202,35.908
813,exp-perf10000-000813-b69c86e7,1777539302588,1777539302624,202,35.812
814,exp-perf10000-000814-b8f1f517,1777539302588,1777539302624,202,35.971
815,exp-perf10000-000815-ea376d91,1777539302589,1777539302625,202,35.964
816,exp-perf10000-000816-486a8d5d,1777539302589,1777539302625,202,36.129
817,exp-perf10000-000817-798f1dcb,1777539302589,1777539302625,202,35.949
818,exp-perf10000-000818-916efa8c,1777539302590,1777539302626,202,36.309
819,exp-perf10000-000819-7135ab17,1777539302590,1777539302626,202,36.385
820,exp-perf10000-000820-079cd2c0,1777539302590,1777539302627,202,36.444
821,exp-perf10000-000821-c4122813,1777539302591,1777539302627,202,36.132
822,exp-perf10000-000822-a2dfb48f,1777539302591,1777539302628,202,36.482
823,exp-perf10000-000823-835efc0c,1777539302592,1777539302628,202,36.654
824,exp-perf10000-000824-cd8188a2,1777539302592,1777539302628,202,36.539
825,exp-perf10000-000825-f2160f9e,1777539302592,1777539302629,202,36.415
826,exp-perf10000-000826-07e4ee19,1777539302592,1777539302629,202,36.515
827,exp-perf10000-000827-4b9d2680,1777539302593,1777539302629,202,36.323
828,exp-perf10000-000828-30feb2f2,1777539302593,1777539302630,202,36.731
829,exp-perf10000-000829-c99bd36d,1777539302594,1777539302630,202,36.291
830,exp-perf10000-000830-b2805e58,1777539302594,1777539302631,202,36.700
831,exp-perf10000-000831-130c002c,1777539302594,1777539302631,202,36.692
832,exp-perf10000-000832-b6353357,1777539302595,1777539302631,202,36.078
833,exp-perf10000-000833-c07dd886,1777539302595,1777539302632,202,37.033
834,exp-perf10000-000834-32f17c68,1777539302595,1777539302631,202,36.174
835,exp-perf10000-000835-18737ddc,1777539302596,1777539302633,202,37.003
836,exp-perf10000-000836-5f6a93cf,1777539302596,1777539302632,202,36.126
837,exp-perf10000-000837-14033e31,1777539302596,1777539302634,202,37.423
838,exp-perf10000-000838-6e2a3dc2,1777539302596,1777539302633,202,36.492
839,exp-perf10000-000839-1f8abf46,1777539302597,1777539302634,202,37.311
840,exp-perf10000-000840-aed914d6,1777539302597,1777539302633,202,36.431
841,exp-perf10000-000841-bb15ca34,1777539302598,1777539302635,202,37.336
842,exp-perf10000-000842-371bd122,1777539302598,1777539302634,202,36.507
843,exp-perf10000-000843-7236c3fa,1777539302598,1777539302636,202,37.770
844,exp-perf10000-000844-b1f9031f,1777539302598,1777539302635,202,36.752
845,exp-perf10000-000845-aa213e99,1777539302599,1777539302636,202,37.413
846,exp-perf10000-000846-9cc60e7f,1777539302599,1777539302636,202,36.963
847,exp-perf10000-000847-d6d9ac1d,1777539302600,1777539302637,202,37.531
848,exp-perf10000-000848-3bf28d11,1777539302600,1777539302636,202,36.718
849,exp-perf10000-000849-f2076d24,1777539302601,1777539302638,202,37.130
850,exp-perf10000-000850-c3797207,1777539302601,1777539302637,202,35.997
851,exp-perf10000-000851-0b89c191,1777539302601,1777539302639,202,37.357
852,exp-perf10000-000852-2beee2ea,1777539302602,1777539302638,202,36.018
853,exp-perf10000-000853-d20adc82,1777539302602,1777539302638,202,36.426
854,exp-perf10000-000854-c13e154a,1777539302602,1777539302640,202,37.634
855,exp-perf10000-000855-716e6f85,1777539302603,1777539302639,202,36.714
856,exp-perf10000-000856-b6891e98,1777539302603,1777539302640,202,37.256
857,exp-perf10000-000857-c0d17b8b,1777539302604,1777539302640,202,36.336
858,exp-perf10000-000858-df4fdb16,1777539302604,1777539302641,202,36.933
859,exp-perf10000-000859-82f1aaf3,1777539302605,1777539302641,202,36.628
860,exp-perf10000-000860-4f9abd80,1777539302605,1777539302642,202,37.408
861,exp-perf10000-000861-d1aff15c,1777539302605,1777539302642,202,36.412
862,exp-perf10000-000862-ad82c4f8,1777539302606,1777539302644,202,38.032
863,exp-perf10000-000863-ba6d2c16,1777539302606,1777539302642,202,36.597
864,exp-perf10000-000864-81b0e900,1777539302606,1777539302643,202,36.827
865,exp-perf10000-000865-5e9ec05a,1777539302607,1777539302644,202,36.385
866,exp-perf10000-000866-21f0be52,1777539302608,1777539302645,202,36.959
867,exp-perf10000-000867-9a410793,1777539302608,1777539302644,202,36.313
868,exp-perf10000-000868-9d254e84,1777539302608,1777539302646,202,37.546
869,exp-perf10000-000869-35318eb1,1777539302608,1777539302646,202,37.810
870,exp-perf10000-000870-82247f93,1777539302608,1777539302645,202,36.078
871,exp-perf10000-000871-8f160174,1777539302609,1777539302645,202,36.541
872,exp-perf10000-000872-f778a411,1777539302609,1777539302647,202,38.168
873,exp-perf10000-000873-dde11b4d,1777539302609,1777539302646,202,36.694
874,exp-perf10000-000874-2ba9be0c,1777539302609,1777539302648,202,38.129
875,exp-perf10000-000875-b3a104b5,1777539302610,1777539302646,202,36.596
876,exp-perf10000-000876-91adbf1f,1777539302610,1777539302648,202,38.308
877,exp-perf10000-000877-76de1969,1777539302610,1777539302647,202,36.645
878,exp-perf10000-000878-24280237,1777539302611,1777539302649,202,38.417
879,exp-perf10000-000879-590f503e,1777539302611,1777539302648,202,36.843
880,exp-perf10000-000880-46109473,1777539302611,1777539302650,202,38.425
881,exp-perf10000-000881-e52ae84a,1777539302612,1777539302649,202,36.788
882,exp-perf10000-000882-64bfb5c8,1777539302612,1777539302650,202,38.184
883,exp-perf10000-000883-08b2ed79,1777539302613,1777539302649,202,36.459
884,exp-perf10000-000884-65177d2b,1777539302613,1777539302651,202,38.230
885,exp-perf10000-000885-13cc1006,1777539302613,1777539302650,202,36.598
886,exp-perf10000-000886-2c2e12d5,1777539302614,1777539302652,202,38.241
887,exp-perf10000-000887-00e4b57d,1777539302614,1777539302651,202,36.682
888,exp-perf10000-000888-c271b9bb,1777539302615,1777539302652,202,37.964
889,exp-perf10000-000889-bb0f8df4,1777539302615,1777539302651,202,36.136
890,exp-perf10000-000890-7fe75288,1777539302616,1777539302653,202,37.597
891,exp-perf10000-000891-5480965e,1777539302616,1777539302652,202,36.296
892,exp-perf10000-000892-9ee4a69c,1777539302617,1777539302653,202,35.901
893,exp-perf10000-000893-15f0740c,1777539302617,1777539302654,202,37.075
894,exp-perf10000-000894-52017f71,1777539302617,1777539302654,202,36.972
895,exp-perf10000-000895-9b60ef31,1777539302618,1777539302653,202,35.616
896,exp-perf10000-000896-c1c19ac9,1777539302618,1777539302655,202,37.011
897,exp-perf10000-000897-88119320,1777539302618,1777539302654,202,35.513
898,exp-perf10000-000898-c56225a2,1777539302619,1777539302656,202,37.055
899,exp-perf10000-000899-51232fb4,1777539302619,1777539302655,202,35.643
900,exp-perf10000-000900-870b2d8f,1777539302619,1777539302655,202,35.820
901,exp-perf10000-000901-947207f3,1777539302620,1777539302657,202,36.970
902,exp-perf10000-000902-5df3a3ef,1777539302620,1777539302657,202,36.731
903,exp-perf10000-000903-fbbc65ef,1777539302620,1777539302656,202,35.303
904,exp-perf10000-000904-da032a73,1777539302621,1777539302658,202,36.901
905,exp-perf10000-000905-f9a91ec5,1777539302621,1777539302656,202,35.315
906,exp-perf10000-000906-0d02c029,1777539302622,1777539302657,202,35.499
907,exp-perf10000-000907-d5cd4056,1777539302622,1777539302659,202,36.878
908,exp-perf10000-000908-5ca64980,1777539302622,1777539302658,202,35.454
909,exp-perf10000-000909-c1e00799,1777539302622,1777539302659,202,36.873
910,exp-perf10000-000910-ffb52b49,1777539302623,1777539302660,202,36.855
911,exp-perf10000-000911-475fa460,1777539302623,1777539302658,202,35.150
912,exp-perf10000-000912-4d04d792,1777539302624,1777539302661,202,36.858
913,exp-perf10000-000913-0745ef94,1777539302624,1777539302659,202,35.065
914,exp-perf10000-000914-bf01079b,1777539302625,1777539302661,202,36.804
915,exp-perf10000-000915-e37a1050,1777539302625,1777539302660,202,35.064
916,exp-perf10000-000916-f5e7cee1,1777539302625,1777539302662,202,36.873
917,exp-perf10000-000917-4f1127ee,1777539302625,1777539302661,202,35.081
918,exp-perf10000-000918-6a631293,1777539302626,1777539302663,202,36.380
919,exp-perf10000-000919-8e63076a,1777539302627,1777539302661,202,34.900
920,exp-perf10000-000920-c0210db1,1777539302627,1777539302663,202,36.505
921,exp-perf10000-000921-81d7a381,1777539302627,1777539302662,202,34.728
922,exp-perf10000-000922-624bad93,1777539302628,1777539302664,202,36.289
923,exp-perf10000-000923-29693e7e,1777539302628,1777539302663,202,34.387
924,exp-perf10000-000924-2f4fc30f,1777539302628,1777539302664,202,35.959
925,exp-perf10000-000925-fe8def73,1777539302629,1777539302663,202,34.455
926,exp-perf10000-000926-665ea5d3,1777539302629,1777539302665,202,36.171
927,exp-perf10000-000927-b74cb0b4,1777539302629,1777539302664,202,34.542
928,exp-perf10000-000928-6c7798f2,1777539302630,1777539302666,202,35.755
929,exp-perf10000-000929-5aa51b67,1777539302630,1777539302665,202,34.472
930,exp-perf10000-000930-ad58fa18,1777539302631,1777539302667,202,36.013
931,exp-perf10000-000931-7ee24ef3,1777539302631,1777539302665,202,34.774
932,exp-perf10000-000932-fe5ccfe1,1777539302631,1777539302667,202,35.889
933,exp-perf10000-000933-48fba2c1,1777539302631,1777539302666,202,34.395
934,exp-perf10000-000934-f39988e7,1777539302632,1777539302667,202,34.548
935,exp-perf10000-000935-bf273b83,1777539302632,1777539302668,202,36.158
936,exp-perf10000-000936-ef3c58e9,1777539302633,1777539302669,202,35.905
937,exp-perf10000-000937-5ba9173b,1777539302633,1777539302667,202,34.072
938,exp-perf10000-000938-240d0358,1777539302634,1777539302668,202,34.457
939,exp-perf10000-000939-26ff6ce9,1777539302634,1777539302669,202,35.183
940,exp-perf10000-000940-31232e63,1777539302634,1777539302669,202,34.297
941,exp-perf10000-000941-db6d18fa,1777539302634,1777539302670,202,35.269
942,exp-perf10000-000942-0343c642,1777539302635,1777539302670,202,35.205
943,exp-perf10000-000943-42ccb940,1777539302635,1777539302669,202,33.932
944,exp-perf10000-000944-7be51f3f,1777539302636,1777539302670,202,33.715
945,exp-perf10000-000945-9d11ffc5,1777539302636,1777539302671,202,34.648
946,exp-perf10000-000946-7939d452,1777539302636,1777539302672,202,35.133
947,exp-perf10000-000947-30568df5,1777539302637,1777539302670,202,33.831
948,exp-perf10000-000948-eced34f5,1777539302637,1777539302671,202,34.139
949,exp-perf10000-000949-329c83f4,1777539302637,1777539302672,202,35.141
950,exp-perf10000-000950-cf965d3f,1777539302638,1777539302672,202,34.225
951,exp-perf10000-000951-23f40987,1777539302638,1777539302673,202,34.824
952,exp-perf10000-000952-edfdb496,1777539302639,1777539302673,202,34.036
953,exp-perf10000-000953-47deb63b,1777539302639,1777539302673,202,34.417
954,exp-perf10000-000954-57aab5ec,1777539302639,1777539302673,202,33.548
955,exp-perf10000-000955-a618af9a,1777539302640,1777539302674,202,34.386
956,exp-perf10000-000956-dc83ea89,1777539302640,1777539302675,202,34.854
957,exp-perf10000-000957-70dd8ed7,1777539302640,1777539302674,202,33.540
958,exp-perf10000-000958-75c395fe,1777539302641,1777539302676,202,34.603
959,exp-perf10000-000959-74e8e097,1777539302641,1777539302675,202,33.382
960,exp-perf10000-000960-2484a369,1777539302642,1777539302675,202,33.685
961,exp-perf10000-000961-f95db86f,1777539302642,1777539302676,202,34.008
962,exp-perf10000-000962-f0889ea3,1777539302643,1777539302676,202,33.431
963,exp-perf10000-000963-1e89959e,1777539302643,1777539302677,202,33.348
964,exp-perf10000-000964-badc6e34,1777539302644,1777539302677,202,33.301
965,exp-perf10000-000965-c5af5398,1777539302644,1777539302677,202,33.304
966,exp-perf10000-000966-de8bb72e,1777539302644,1777539302678,202,33.244
967,exp-perf10000-000967-f4de508b,1777539302645,1777539302678,202,33.377
968,exp-perf10000-000968-fbc2c818,1777539302645,1777539302678,202,33.299
969,exp-perf10000-000969-95e516f4,1777539302645,1777539302679,202,33.397
970,exp-perf10000-000970-266347bb,1777539302646,1777539302679,202,33.268
971,exp-perf10000-000971-c2d9800d,1777539302646,1777539302679,202,33.420
972,exp-perf10000-000972-3e00a0b5,1777539302646,1777539302680,202,33.360
973,exp-perf10000-000973-3e9b1ab6,1777539302646,1777539302680,202,33.471
974,exp-perf10000-000974-bcd75d28,1777539302647,1777539302680,202,33.436
975,exp-perf10000-000975-c4d20433,1777539302647,1777539302681,202,33.596
976,exp-perf10000-000976-c3dcbb70,1777539302648,1777539302681,202,33.371
977,exp-perf10000-000977-5b16a14c,1777539302648,1777539302682,202,33.679
978,exp-perf10000-000978-fd02b2dd,1777539302648,1777539302681,202,33.124
979,exp-perf10000-000979-01b48b1e,1777539302649,1777539302682,202,33.558
980,exp-perf10000-000980-56b41433,1777539302649,1777539302682,202,33.091
981,exp-perf10000-000981-33bf8b77,1777539302649,1777539302683,202,33.747
982,exp-perf10000-000982-49851097,1777539302650,1777539302683,202,33.135
983,exp-perf10000-000983-780c067a,1777539302650,1777539302684,202,33.804
984,exp-perf10000-000984-405d3c2f,1777539302650,1777539302684,202,33.130
985,exp-perf10000-000985-f7dd6c72,1777539302651,1777539302684,202,33.881
986,exp-perf10000-000986-9ebe8647,1777539302651,1777539302684,202,32.981
987,exp-perf10000-000987-5fc88cf6,1777539302651,1777539302685,202,33.874
988,exp-perf10000-000988-c2fdf521,1777539302652,1777539302685,202,32.949
989,exp-perf10000-000989-56726a4e,1777539302652,1777539302686,202,33.809
990,exp-perf10000-000990-09c2850f,1777539302653,1777539302685,202,32.953
991,exp-perf10000-000991-6571d289,1777539302653,1777539302686,202,33.821
992,exp-perf10000-000992-3dd65772,1777539302653,1777539302686,202,32.941
993,exp-perf10000-000993-032297c1,1777539302653,1777539302687,202,33.799
994,exp-perf10000-000994-5c2d3088,1777539302654,1777539302687,202,32.888
995,exp-perf10000-000995-f9979151,1777539302654,1777539302688,202,33.796
996,exp-perf10000-000996-3a55b238,1777539302654,1777539302687,202,32.778
997,exp-perf10000-000997-bf4e9fb7,1777539302655,1777539302688,202,33.932
998,exp-perf10000-000998-c9026423,1777539302655,1777539302688,202,32.722
999,exp-perf10000-000999-7179ecac,1777539302655,1777539302689,202,34.054
1000,exp-perf10000-001000-4bc2cb20,1777539302656,1777539302690,202,33.829
1001,exp-perf10000-001001-093b6dd4,1777539302656,1777539302689,202,32.889
1002,exp-perf10000-001002-f8aa2770,1777539302656,1777539302690,202,33.774
1003,exp-perf10000-001003-3cdb0d20,1777539302657,1777539302690,202,33.030
1004,exp-perf10000-001004-df53c6b1,1777539302657,1777539302690,202,32.753
1005,exp-perf10000-001005-b03db17b,1777539302657,1777539302691,202,33.664
1006,exp-perf10000-001006-64ac4bcb,1777539302658,1777539302692,202,33.768
1007,exp-perf10000-001007-1c1aea59,1777539302658,1777539302691,202,32.769
1008,exp-perf10000-001008-a51f3cab,1777539302659,1777539302692,202,33.648
1009,exp-perf10000-001009-b90415f2,1777539302659,1777539302691,202,32.775
1010,exp-perf10000-001010-85273025,1777539302659,1777539302693,202,33.748
1011,exp-perf10000-001011-7c8373c7,1777539302659,1777539302692,202,32.725
1012,exp-perf10000-001012-2b60bb81,1777539302660,1777539302694,202,33.692
1013,exp-perf10000-001013-7864c2cc,1777539302660,1777539302693,202,32.782
1014,exp-perf10000-001014-2f18cc2f,1777539302661,1777539302694,202,33.549
1015,exp-perf10000-001015-1340ce86,1777539302661,1777539302693,202,32.726
1016,exp-perf10000-001016-40013407,1777539302661,1777539302694,202,32.678
1017,exp-perf10000-001017-12af31b5,1777539302661,1777539302695,202,33.448
1018,exp-perf10000-001018-672e1535,1777539302662,1777539302696,202,33.668
1019,exp-perf10000-001019-8968574a,1777539302662,1777539302695,202,32.552
1020,exp-perf10000-001020-66955207,1777539302663,1777539302695,202,32.929
1021,exp-perf10000-001021-b86c7196,1777539302663,1777539302696,202,33.618
1022,exp-perf10000-001022-c47be37a,1777539302663,1777539302697,202,33.600
1023,exp-perf10000-001023-18c4b1ce,1777539302663,1777539302696,202,32.676
1024,exp-perf10000-001024-aec0c6b4,1777539302664,1777539302698,202,33.739
1025,exp-perf10000-001025-f16eaf6a,1777539302664,1777539302697,202,32.751
1026,exp-perf10000-001026-2b20b0d4,1777539302664,1777539302697,202,33.001
1027,exp-perf10000-001027-17fae8b6,1777539302665,1777539302698,202,33.798
1028,exp-perf10000-001028-caf2716c,1777539302665,1777539302698,202,32.943
1029,exp-perf10000-001029-1941998a,1777539302665,1777539302699,202,33.576
1030,exp-perf10000-001030-345f9910,1777539302666,1777539302699,202,33.135
1031,exp-perf10000-001031-2548bad8,1777539302666,1777539302700,202,34.239
1032,exp-perf10000-001032-b11bb30f,1777539302667,1777539302703,202,36.052
1033,exp-perf10000-001033-42b81c07,1777539302667,1777539302700,202,32.896
1034,exp-perf10000-001034-60509319,1777539302667,1777539302700,202,33.310
1035,exp-perf10000-001035-c648e391,1777539302667,1777539302703,202,35.630
1036,exp-perf10000-001036-59090c50,1777539302668,1777539302703,202,34.611
1037,exp-perf10000-001037-7624b1eb,1777539302668,1777539302701,202,32.773
1038,exp-perf10000-001038-6f2c7309,1777539302669,1777539302703,202,34.005
1039,exp-perf10000-001039-963f2bd9,1777539302669,1777539302702,202,32.932
1040,exp-perf10000-001040-0f254e2e,1777539302669,1777539302703,202,33.605
1041,exp-perf10000-001041-617b7215,1777539302669,1777539302703,202,34.253
1042,exp-perf10000-001042-6756e0e9,1777539302670,1777539302703,202,33.642
1043,exp-perf10000-001043-1bf74248,1777539302670,1777539302705,202,34.636
1044,exp-perf10000-001044-7f1ff22c,1777539302670,1777539302705,202,34.433
1045,exp-perf10000-001045-2b30a8ac,1777539302670,1777539302705,202,34.539
1046,exp-perf10000-001046-555c2827,1777539302671,1777539302705,202,34.331
1047,exp-perf10000-001047-d9ba0fe5,1777539302671,1777539302706,202,34.576
1048,exp-perf10000-001048-66a45072,1777539302672,1777539302706,202,34.601
1049,exp-perf10000-001049-cd76ff80,1777539302672,1777539302706,202,34.618
1050,exp-perf10000-001050-09a5bb9a,1777539302672,1777539302707,202,34.444
1051,exp-perf10000-001051-ccfe6040,1777539302673,1777539302707,202,34.264
1052,exp-perf10000-001052-4d06689b,1777539302673,1777539302708,202,34.704
1053,exp-perf10000-001053-cb9d0599,1777539302673,1777539302708,202,34.625
1054,exp-perf10000-001054-087a72b4,1777539302673,1777539302708,202,34.657
1055,exp-perf10000-001055-f83b5b78,1777539302674,1777539302708,202,34.366
1056,exp-perf10000-001056-26e67983,1777539302674,1777539302709,202,34.873
1057,exp-perf10000-001057-1edba4e7,1777539302675,1777539302709,202,34.359
1058,exp-perf10000-001058-56e7007e,1777539302675,1777539302709,202,34.457
1059,exp-perf10000-001059-cc9ea262,1777539302675,1777539302710,202,34.064
1060,exp-perf10000-001060-436af310,1777539302676,1777539302710,202,34.371
1061,exp-perf10000-001061-80de7309,1777539302676,1777539302710,202,34.129
1062,exp-perf10000-001062-7da009cc,1777539302676,1777539302711,202,34.218
1063,exp-perf10000-001063-720c237c,1777539302677,1777539302711,202,34.148
1064,exp-perf10000-001064-5bc24d30,1777539302677,1777539302712,202,34.817
1065,exp-perf10000-001065-2d56ba70,1777539302677,1777539302712,202,34.271
1066,exp-perf10000-001066-5e1cd223,1777539302678,1777539302712,202,34.506
1067,exp-perf10000-001067-f3ae4dc5,1777539302678,1777539302712,202,34.395
1068,exp-perf10000-001068-4f73a615,1777539302678,1777539302713,202,34.731
1069,exp-perf10000-001069-92fb4d03,1777539302679,1777539302713,202,34.170
1070,exp-perf10000-001070-7f3ac198,1777539302679,1777539302714,202,34.779
1071,exp-perf10000-001071-ca4142f7,1777539302679,1777539302713,202,34.049
1072,exp-perf10000-001072-840673d0,1777539302680,1777539302714,202,34.403
1073,exp-perf10000-001073-fc26675f,1777539302680,1777539302714,202,34.387
1074,exp-perf10000-001074-575a5510,1777539302680,1777539302715,202,34.590
1075,exp-perf10000-001075-35b3231b,1777539302681,1777539302715,202,34.392
1076,exp-perf10000-001076-86303948,1777539302681,1777539302716,202,34.682
1077,exp-perf10000-001077-1b4d7377,1777539302682,1777539302716,202,34.788
1078,exp-perf10000-001078-61267a8f,1777539302682,1777539302716,202,34.237
1079,exp-perf10000-001079-8c974595,1777539302682,1777539302717,202,34.401
1080,exp-perf10000-001080-ea12a2d7,1777539302682,1777539302717,202,34.644
1081,exp-perf10000-001081-9c57a7b6,1777539302683,1777539302718,202,34.801
1082,exp-perf10000-001082-cad9fda9,1777539302683,1777539302717,202,34.188
1083,exp-perf10000-001083-65085b84,1777539302684,1777539302719,202,35.002
1084,exp-perf10000-001084-32f200bf,1777539302684,1777539302718,202,34.293
1085,exp-perf10000-001085-1c7b465f,1777539302684,1777539302720,202,35.488
1086,exp-perf10000-001086-c523f218,1777539302685,1777539302719,202,34.292
1087,exp-perf10000-001087-5af27edb,1777539302685,1777539302720,202,35.515
1088,exp-perf10000-001088-a690f0f7,1777539302685,1777539302719,202,34.223
1089,exp-perf10000-001089-b63c934d,1777539302685,1777539302721,202,35.409
1090,exp-perf10000-001090-14070af0,1777539302686,1777539302720,202,34.368
1091,exp-perf10000-001091-781d1626,1777539302686,1777539302722,202,35.708
1092,exp-perf10000-001092-80b3787a,1777539302686,1777539302721,202,34.263
1093,exp-perf10000-001093-9425a998,1777539302687,1777539302722,202,35.442
1094,exp-perf10000-001094-7b47f084,1777539302687,1777539302721,202,34.450
1095,exp-perf10000-001095-c1e8e52c,1777539302687,1777539302723,202,35.485
1096,exp-perf10000-001096-0293d283,1777539302688,1777539302722,202,34.474
1097,exp-perf10000-001097-8224227a,1777539302688,1777539302724,202,35.514
1098,exp-perf10000-001098-38589fc3,1777539302689,1777539302723,202,34.372
1099,exp-perf10000-001099-b7de6bef,1777539302689,1777539302724,202,35.292
1100,exp-perf10000-001100-8914cc1a,1777539302689,1777539302724,202,34.078
1101,exp-perf10000-001101-1b713df8,1777539302690,1777539302725,202,35.104
1102,exp-perf10000-001102-54c2d7d8,1777539302690,1777539302724,202,34.561
1103,exp-perf10000-001103-5d75e907,1777539302690,1777539302726,202,35.527
1104,exp-perf10000-001104-52455b00,1777539302690,1777539302725,202,35.148
1105,exp-perf10000-001105-02f1d434,1777539302691,1777539302727,202,35.746
1106,exp-perf10000-001106-3daf4034,1777539302691,1777539302726,202,35.421
1107,exp-perf10000-001107-30a82035,1777539302691,1777539302728,202,36.303
1108,exp-perf10000-001108-86e083ef,1777539302692,1777539302727,202,35.491
1109,exp-perf10000-001109-84efd33f,1777539302692,1777539302729,202,37.030
1110,exp-perf10000-001110-c6013985,1777539302692,1777539302728,202,35.868
1111,exp-perf10000-001111-abe9a70e,1777539302693,1777539302729,202,35.674
1112,exp-perf10000-001112-ac4c7cf1,1777539302693,1777539302730,202,36.635
1113,exp-perf10000-001113-c6623d2b,1777539302693,1777539302731,202,37.328
1114,exp-perf10000-001114-1b1cb3b8,1777539302694,1777539302730,202,36.845
1115,exp-perf10000-001115-63a096bf,1777539302694,1777539302732,202,37.735
1116,exp-perf10000-001116-54dd793d,1777539302694,1777539302732,202,37.649
1117,exp-perf10000-001117-5e820dec,1777539302695,1777539302733,202,37.736
1118,exp-perf10000-001118-fa05c193,1777539302695,1777539302734,202,38.651
1119,exp-perf10000-001119-f1b5a9ed,1777539302696,1777539302734,202,38.291
1120,exp-perf10000-001120-ad921936,1777539302696,1777539302734,202,37.915
1121,exp-perf10000-001121-c8abd922,1777539302696,1777539302734,202,38.034
1122,exp-perf10000-001122-2d41be6a,1777539302696,1777539302734,202,37.882
1123,exp-perf10000-001123-9b1e3205,1777539302697,1777539302735,202,38.206
1124,exp-perf10000-001124-1e9645c0,1777539302697,1777539302735,202,37.898
1125,exp-perf10000-001125-f08fd18b,1777539302697,1777539302736,202,38.469
1126,exp-perf10000-001126-66259424,1777539302698,1777539302736,202,38.058
1127,exp-perf10000-001127-992f1f24,1777539302698,1777539302737,202,38.382
1128,exp-perf10000-001128-f5a2eee4,1777539302698,1777539302737,202,38.213
1129,exp-perf10000-001129-e3e5c268,1777539302699,1777539302737,202,38.318
1130,exp-perf10000-001130-71b36e1e,1777539302699,1777539302738,202,38.642
1131,exp-perf10000-001131-6e0cc379,1777539302700,1777539302738,202,38.469
1132,exp-perf10000-001132-5e1001cb,1777539302700,1777539302738,202,38.319
1133,exp-perf10000-001133-998d0c91,1777539302700,1777539302739,202,38.507
1134,exp-perf10000-001134-6dfac785,1777539302701,1777539302740,202,39.273
1135,exp-perf10000-001135-e9853cee,1777539302702,1777539302741,202,39.743
1136,exp-perf10000-001136-85e24895,1777539302703,1777539302742,202,39.629
1137,exp-perf10000-001137-bc5586c0,1777539302703,1777539302739,202,36.397
1138,exp-perf10000-001138-463b3238,1777539302703,1777539302740,202,37.416
1139,exp-perf10000-001139-61e685c6,1777539302703,1777539302742,202,39.106
1140,exp-perf10000-001140-912ac509,1777539302703,1777539302741,202,37.974
1141,exp-perf10000-001141-5758490f,1777539302703,1777539302743,202,39.827
1142,exp-perf10000-001142-d03e032c,1777539302704,1777539302743,202,39.660
1143,exp-perf10000-001143-30cf04b5,1777539302705,1777539302744,202,39.208
1144,exp-perf10000-001144-3bb30c68,1777539302705,1777539302744,202,39.741
1145,exp-perf10000-001145-9083204d,1777539302705,1777539302745,202,39.925
1146,exp-perf10000-001146-6ff599cd,1777539302705,1777539302746,202,40.396
1147,exp-perf10000-001147-6cc45493,1777539302706,1777539302746,202,40.132
1148,exp-perf10000-001148-4467c77d,1777539302706,1777539302746,202,40.100
1149,exp-perf10000-001149-7b27402a,1777539302707,1777539302746,202,39.962
1150,exp-perf10000-001150-74afd795,1777539302707,1777539302747,202,40.349
1151,exp-perf10000-001151-8f9003a6,1777539302707,1777539302747,202,39.937
1152,exp-perf10000-001152-40d46459,1777539302708,1777539302748,202,40.193
1153,exp-perf10000-001153-0c3aef59,1777539302708,1777539302748,202,40.218
1154,exp-perf10000-001154-9257c042,1777539302708,1777539302748,202,40.229
1155,exp-perf10000-001155-2e5d6525,1777539302708,1777539302749,202,40.837
1156,exp-perf10000-001156-fab17e83,1777539302709,1777539302749,202,40.057
1157,exp-perf10000-001157-e5ca4cd7,1777539302709,1777539302750,202,40.712
1158,exp-perf10000-001158-5e48ec42,1777539302709,1777539302750,202,40.846
1159,exp-perf10000-001159-a0e5ab00,1777539302710,1777539302751,202,41.367
1160,exp-perf10000-001160-c1387f83,1777539302710,1777539302752,202,42.095
1161,exp-perf10000-001161-aedbc9a4,1777539302710,1777539302752,202,41.358
1162,exp-perf10000-001162-39012cb6,1777539302711,1777539302753,202,42.511
1163,exp-perf10000-001163-c3ffe4f3,1777539302711,1777539302753,202,41.871
1164,exp-perf10000-001164-97856171,1777539302712,1777539302754,202,42.043
1165,exp-perf10000-001165-de23e708,1777539302712,1777539302754,202,42.068
1166,exp-perf10000-001166-1d2f519b,1777539302712,1777539302755,202,42.622
1167,exp-perf10000-001167-9dd1df19,1777539302712,1777539302754,202,41.860
1168,exp-perf10000-001168-900ddc4b,1777539302713,1777539302755,202,42.351
1169,exp-perf10000-001169-3135f808,1777539302713,1777539302756,202,42.596
1170,exp-perf10000-001170-2315d213,1777539302713,1777539302756,202,42.636
1171,exp-perf10000-001171-ae61f827,1777539302714,1777539302757,202,42.793
1172,exp-perf10000-001172-01fad6d5,1777539302714,1777539302759,202,44.627
1173,exp-perf10000-001173-108b63e5,1777539302714,1777539302758,202,43.291
1174,exp-perf10000-001174-8fc73ac4,1777539302715,1777539302760,202,44.707
1175,exp-perf10000-001175-d7291e7a,1777539302715,1777539302759,202,43.545
1176,exp-perf10000-001176-1edae2c3,1777539302716,1777539302760,202,43.942
1177,exp-perf10000-001177-c265f154,1777539302716,1777539302760,202,43.960
1178,exp-perf10000-001178-390b96cf,1777539302716,1777539302760,202,44.071
1179,exp-perf10000-001179-e27bf8c6,1777539302717,1777539302760,202,43.042
1180,exp-perf10000-001180-cd39dd77,1777539302717,1777539302761,202,44.106
1181,exp-perf10000-001181-f86eded6,1777539302717,1777539302761,202,43.273
1182,exp-perf10000-001182-d3073f62,1777539302718,1777539302762,202,44.029
1183,exp-perf10000-001183-3e7b02b5,1777539302718,1777539302761,202,43.097
1184,exp-perf10000-001184-54d0c1f4,1777539302719,1777539302764,202,44.969
1185,exp-perf10000-001185-7214c018,1777539302719,1777539302762,202,43.083
1186,exp-perf10000-001186-335a9eff,1777539302719,1777539302764,202,44.253
1187,exp-perf10000-001187-4826a02e,1777539302720,1777539302765,202,45.541
1188,exp-perf10000-001188-ecdfe3b7,1777539302720,1777539302764,202,43.798
1189,exp-perf10000-001189-4e669857,1777539302720,1777539302765,202,44.965
1190,exp-perf10000-001190-a4b9194a,1777539302721,1777539302764,202,43.221
1191,exp-perf10000-001191-944da90e,1777539302721,1777539302765,202,44.296
1192,exp-perf10000-001192-d8fcd5af,1777539302722,1777539302765,202,43.855
1193,exp-perf10000-001193-4756b209,1777539302722,1777539302766,202,43.925
1194,exp-perf10000-001194-42adc493,1777539302722,1777539302766,202,43.628
1195,exp-perf10000-001195-b7282c17,1777539302722,1777539302767,202,44.463
1196,exp-perf10000-001196-4500fdba,1777539302723,1777539302767,202,44.535
1197,exp-perf10000-001197-caef9ebb,1777539302723,1777539302767,202,43.839
1198,exp-perf10000-001198-89d9082c,1777539302724,1777539302767,202,43.763
1199,exp-perf10000-001199-c9fe115f,1777539302724,1777539302768,202,44.242
1200,exp-perf10000-001200-83aa9c5a,1777539302724,1777539302769,202,44.459
1201,exp-perf10000-001201-e1c361e0,1777539302724,1777539302768,202,43.636
1202,exp-perf10000-001202-fe8f7ff8,1777539302725,1777539302769,202,44.550
1203,exp-perf10000-001203-bb102c17,1777539302725,1777539302768,202,42.866
1204,exp-perf10000-001204-2e533912,1777539302726,1777539302770,202,44.472
1205,exp-perf10000-001205-b9582d6a,1777539302726,1777539302769,202,42.508
1206,exp-perf10000-001206-3962c0b5,1777539302727,1777539302771,202,44.499
1207,exp-perf10000-001207-29b50467,1777539302727,1777539302770,202,42.627
1208,exp-perf10000-001208-020ad8c8,1777539302728,1777539302774,202,45.876
1209,exp-perf10000-001209-f5e6e1ee,1777539302728,1777539302771,202,42.398
1210,exp-perf10000-001210-6459a890,1777539302729,1777539302772,202,42.963
1211,exp-perf10000-001211-f666230b,1777539302729,1777539302775,202,45.455
1212,exp-perf10000-001212-71b8acac,1777539302730,1777539302775,202,44.991
1213,exp-perf10000-001213-f6348e38,1777539302730,1777539302775,202,44.189
1214,exp-perf10000-001214-94628234,1777539302731,1777539302775,202,44.219
1215,exp-perf10000-001215-04c0fa59,1777539302732,1777539302776,202,43.710
1216,exp-perf10000-001216-5ee20e93,1777539302732,1777539302775,202,42.658
1217,exp-perf10000-001217-ae1785dc,1777539302733,1777539302777,202,43.918
1218,exp-perf10000-001218-aa854908,1777539302734,1777539302775,202,40.989
1219,exp-perf10000-001219-6c6263fd,1777539302734,1777539302775,202,40.855
1220,exp-perf10000-001220-88cc761e,1777539302734,1777539302778,202,44.245
1221,exp-perf10000-001221-af3d312b,1777539302734,1777539302776,202,41.352
1222,exp-perf10000-001222-fb1b01d1,1777539302734,1777539302778,202,43.806
1223,exp-perf10000-001223-4bb203c2,1777539302735,1777539302777,202,41.609
1224,exp-perf10000-001224-bbfdc8dd,1777539302735,1777539302778,202,43.344
1225,exp-perf10000-001225-ea1c2af0,1777539302736,1777539302778,202,42.033
1226,exp-perf10000-001226-70592f53,1777539302736,1777539302779,202,43.291
1227,exp-perf10000-001227-d862908f,1777539302737,1777539302780,202,43.437
1228,exp-perf10000-001228-4058312f,1777539302737,1777539302778,202,40.952
1229,exp-perf10000-001229-4f45ac1c,1777539302737,1777539302781,202,43.973
1230,exp-perf10000-001230-ac640b7d,1777539302738,1777539302778,202,40.457
1231,exp-perf10000-001231-9a02de0b,1777539302738,1777539302782,202,43.561
1232,exp-perf10000-001232-2db37b2b,1777539302738,1777539302779,202,40.428
1233,exp-perf10000-001233-29328645,1777539302739,1777539302783,202,43.641
1234,exp-perf10000-001234-dec5da3a,1777539302739,1777539302780,202,40.447
1235,exp-perf10000-001235-7662a33c,1777539302740,1777539302782,202,41.198
1236,exp-perf10000-001236-5e238e04,1777539302740,1777539302783,202,42.708
1237,exp-perf10000-001237-9ed8ee58,1777539302741,1777539302782,202,40.721
1238,exp-perf10000-001238-f4f2e1f9,1777539302742,1777539302784,202,42.280
1239,exp-perf10000-001239-62abcedd,1777539302742,1777539302782,202,40.297
1240,exp-perf10000-001240-a52d016f,1777539302742,1777539302784,202,41.982
1241,exp-perf10000-001241-3a180bba,1777539302743,1777539302783,202,39.727
1242,exp-perf10000-001242-3457ac0a,1777539302743,1777539302785,202,41.823
1243,exp-perf10000-001243-a4cc3dd5,1777539302744,1777539302784,202,39.781
1244,exp-perf10000-001244-40fe793e,1777539302745,1777539302786,202,41.334
1245,exp-perf10000-001245-3e3254f0,1777539302745,1777539302784,202,39.381
1246,exp-perf10000-001246-591bd3a5,1777539302746,1777539302787,202,41.072
1247,exp-perf10000-001247-66c97cd9,1777539302746,1777539302785,202,39.094
1248,exp-perf10000-001248-ddc80904,1777539302746,1777539302787,202,41.080
1249,exp-perf10000-001249-735c0438,1777539302747,1777539302786,202,39.108
1250,exp-perf10000-001250-afc4468a,1777539302747,1777539302787,202,39.705
1251,exp-perf10000-001251-30584dc7,1777539302747,1777539302788,202,41.006
1252,exp-perf10000-001252-fafb955d,1777539302748,1777539302789,202,41.006
1253,exp-perf10000-001253-87fd0439,1777539302748,1777539302787,202,39.265
1254,exp-perf10000-001254-d8b43da1,1777539302748,1777539302790,202,41.130
1255,exp-perf10000-001255-be1d4793,1777539302749,1777539302788,202,38.840
1256,exp-perf10000-001256-fcfb287e,1777539302749,1777539302790,202,41.136
1257,exp-perf10000-001257-ce07f80a,1777539302750,1777539302789,202,39.068
1258,exp-perf10000-001258-09d73c7c,1777539302750,1777539302791,202,40.810
1259,exp-perf10000-001259-c6badfbc,1777539302751,1777539302790,202,38.857
1260,exp-perf10000-001260-876d8cef,1777539302752,1777539302791,202,38.892
1261,exp-perf10000-001261-86fd9052,1777539302752,1777539302792,202,39.693
1262,exp-perf10000-001262-0efda9ed,1777539302753,1777539302791,202,38.487
1263,exp-perf10000-001263-9ddd8aec,1777539302753,1777539302793,202,39.377
1264,exp-perf10000-001264-6008360e,1777539302754,1777539302792,202,38.357
1265,exp-perf10000-001265-ba971160,1777539302754,1777539302793,202,39.546
1266,exp-perf10000-001266-4e26a186,1777539302754,1777539302793,202,38.427
1267,exp-perf10000-001267-21633f91,1777539302755,1777539302794,202,39.444
1268,exp-perf10000-001268-9c5b0d4d,1777539302755,1777539302794,202,38.339
1269,exp-perf10000-001269-9b4c0b1d,1777539302756,1777539302795,202,39.560
1270,exp-perf10000-001270-f1e58042,1777539302756,1777539302794,202,38.328
1271,exp-perf10000-001271-aad6f78b,1777539302757,1777539302796,202,39.401
1272,exp-perf10000-001272-3a1acbaf,1777539302758,1777539302795,202,37.617
1273,exp-perf10000-001273-5a830337,1777539302759,1777539302796,202,37.290
1274,exp-perf10000-001274-1a51cc99,1777539302759,1777539302797,202,37.550
1275,exp-perf10000-001275-dca5c334,1777539302760,1777539302797,202,37.311
1276,exp-perf10000-001276-01e7e77f,1777539302760,1777539302798,202,38.434
1277,exp-perf10000-001277-63e0f26b,1777539302760,1777539302797,202,37.630
1278,exp-perf10000-001278-2797bdd2,1777539302760,1777539302798,202,37.895
1279,exp-perf10000-001279-2a0aed12,1777539302760,1777539302799,202,38.366
1280,exp-perf10000-001280-909e6661,1777539302761,1777539302799,202,37.982
1281,exp-perf10000-001281-1789de4a,1777539302761,1777539302800,202,38.504
1282,exp-perf10000-001282-494c82e2,1777539302761,1777539302799,202,38.181
1283,exp-perf10000-001283-ebed5658,1777539302762,1777539302800,202,38.497
1284,exp-perf10000-001284-418acde6,1777539302762,1777539302800,202,38.021
1285,exp-perf10000-001285-0d7f80a1,1777539302764,1777539302801,202,37.142
1286,exp-perf10000-001286-b2209656,1777539302764,1777539302801,202,36.852
1287,exp-perf10000-001287-397a266f,1777539302764,1777539302802,202,38.094
1288,exp-perf10000-001288-e7be9e43,1777539302764,1777539302801,202,37.275
1289,exp-perf10000-001289-77b5f33d,1777539302765,1777539302803,202,37.695
1290,exp-perf10000-001290-383b99f9,1777539302765,1777539302803,202,37.262
1291,exp-perf10000-001291-cf46a50d,1777539302765,1777539302802,202,36.114
1292,exp-perf10000-001292-1869ac56,1777539302766,1777539302803,202,37.822
1293,exp-perf10000-001293-314574e9,1777539302766,1777539302804,202,37.849
1294,exp-perf10000-001294-3b93b2a1,1777539302766,1777539302804,202,38.295
1295,exp-perf10000-001295-a358da56,1777539302767,1777539302804,202,37.600
1296,exp-perf10000-001296-683c0b11,1777539302767,1777539302805,202,37.950
1297,exp-perf10000-001297-ce875b09,1777539302767,1777539302806,202,38.211
1298,exp-perf10000-001298-7aa06101,1777539302767,1777539302805,202,37.847
1299,exp-perf10000-001299-e2c12e51,1777539302768,1777539302806,202,37.932
1300,exp-perf10000-001300-3fb89a3a,1777539302768,1777539302806,202,38.239
1301,exp-perf10000-001301-aa63afdd,1777539302768,1777539302807,202,38.658
1302,exp-perf10000-001302-726852cd,1777539302769,1777539302807,202,37.908
1303,exp-perf10000-001303-5cf15014,1777539302769,1777539302808,202,38.706
1304,exp-perf10000-001304-538081dc,1777539302769,1777539302807,202,37.855
1305,exp-perf10000-001305-e93c1059,1777539302770,1777539302808,202,38.432
1306,exp-perf10000-001306-2ddcc246,1777539302770,1777539302808,202,37.821
1307,exp-perf10000-001307-18b6375c,1777539302771,1777539302809,202,38.590
1308,exp-perf10000-001308-645659cb,1777539302771,1777539302809,202,37.465
1309,exp-perf10000-001309-733c1558,1777539302772,1777539302810,202,38.170
1310,exp-perf10000-001310-5de3e58e,1777539302774,1777539302809,202,35.559
1311,exp-perf10000-001311-3e4f0dc4,1777539302775,1777539302813,202,38.405
1312,exp-perf10000-001312-6bb647af,1777539302775,1777539302811,202,35.802
1313,exp-perf10000-001313-0f424cd9,1777539302775,1777539302812,202,37.379
1314,exp-perf10000-001314-62d21d9b,1777539302775,1777539302810,202,35.070
1315,exp-perf10000-001315-e20174a4,1777539302775,1777539302811,202,36.530
1316,exp-perf10000-001316-c2961a58,1777539302775,1777539302811,202,35.760
1317,exp-perf10000-001317-2ad0cceb,1777539302775,1777539302811,202,36.125
1318,exp-perf10000-001318-398949a6,1777539302776,1777539302814,202,38.114
1319,exp-perf10000-001319-f4e98503,1777539302776,1777539302812,202,36.112
1320,exp-perf10000-001320-0416ad87,1777539302777,1777539302813,202,36.040
1321,exp-perf10000-001321-003b7235,1777539302777,1777539302815,202,37.901
1322,exp-perf10000-001322-f1e9b2ec,1777539302778,1777539302816,202,37.864
1323,exp-perf10000-001323-f2508707,1777539302778,1777539302815,202,37.401
1324,exp-perf10000-001324-6e8c194d,1777539302778,1777539302815,202,36.605
1325,exp-perf10000-001325-3facc705,1777539302778,1777539302814,202,35.310
1326,exp-perf10000-001326-277cc20d,1777539302778,1777539302816,202,38.108
1327,exp-perf10000-001327-b013df71,1777539302779,1777539302815,202,36.383
1328,exp-perf10000-001328-f2d13618,1777539302779,1777539302817,202,38.071
1329,exp-perf10000-001329-8b56e8c3,1777539302779,1777539302815,202,36.079
1330,exp-perf10000-001330-afe0350b,1777539302780,1777539302818,202,37.875
1331,exp-perf10000-001331-4c573baf,1777539302780,1777539302816,202,35.834
1332,exp-perf10000-001332-f17bef2e,1777539302781,1777539302817,202,35.371
1333,exp-perf10000-001333-0fd0e1e5,1777539302782,1777539302818,202,36.902
1334,exp-perf10000-001334-d9d02a84,1777539302782,1777539302817,202,35.693
1335,exp-perf10000-001335-ee3210fc,1777539302782,1777539302819,202,37.322
1336,exp-perf10000-001336-cce57d3c,1777539302783,1777539302820,202,37.338
1337,exp-perf10000-001337-f821d1b1,1777539302783,1777539302818,202,35.475
1338,exp-perf10000-001338-83fb6fc8,1777539302783,1777539302821,202,37.537
1339,exp-perf10000-001339-9e495308,1777539302783,1777539302819,202,35.567
1340,exp-perf10000-001340-3888ced8,1777539302784,1777539302821,202,37.487
1341,exp-perf10000-001341-d9f6d9f1,1777539302784,1777539302819,202,35.643
1342,exp-perf10000-001342-b2b09773,1777539302784,1777539302822,202,37.616
1343,exp-perf10000-001343-9a2090fd,1777539302784,1777539302820,202,35.689
1344,exp-perf10000-001344-d9301d0f,1777539302785,1777539302823,202,37.491
1345,exp-perf10000-001345-de05971b,1777539302785,1777539302821,202,35.573
1346,exp-perf10000-001346-783facdd,1777539302786,1777539302823,202,37.625
1347,exp-perf10000-001347-d144fe09,1777539302786,1777539302821,202,35.505
1348,exp-perf10000-001348-965be421,1777539302787,1777539302824,202,37.278
1349,exp-perf10000-001349-91952838,1777539302787,1777539302822,202,35.398
1350,exp-perf10000-001350-f3d27eea,1777539302787,1777539302825,202,37.489
1351,exp-perf10000-001351-fabe16b9,1777539302787,1777539302823,202,35.480
1352,exp-perf10000-001352-d5037207,1777539302788,1777539302825,202,37.231
1353,exp-perf10000-001353-78d49b1f,1777539302788,1777539302824,202,35.194
1354,exp-perf10000-001354-14cc042c,1777539302789,1777539302824,202,35.280
1355,exp-perf10000-001355-f5ec55d1,1777539302789,1777539302826,202,37.097
1356,exp-perf10000-001356-8b015f10,1777539302790,1777539302825,202,35.443
1357,exp-perf10000-001357-cb91aadd,1777539302790,1777539302827,202,36.908
1358,exp-perf10000-001358-d15a3c61,1777539302790,1777539302826,202,35.280
1359,exp-perf10000-001359-4a731985,1777539302791,1777539302828,202,36.941
1360,exp-perf10000-001360-2d488f32,1777539302791,1777539302826,202,35.254
1361,exp-perf10000-001361-e0d49948,1777539302791,1777539302828,202,36.922
1362,exp-perf10000-001362-83b4b81b,1777539302792,1777539302827,202,35.105
1363,exp-perf10000-001363-24a01b51,1777539302792,1777539302829,202,36.895
1364,exp-perf10000-001364-85b68e41,1777539302793,1777539302828,202,35.217
1365,exp-perf10000-001365-4e9c7798,1777539302793,1777539302830,202,36.954
1366,exp-perf10000-001366-2cef9141,1777539302793,1777539302829,202,35.112
1367,exp-perf10000-001367-7d825ce1,1777539302794,1777539302830,202,36.791
1368,exp-perf10000-001368-81a358e4,1777539302794,1777539302829,202,35.002
1369,exp-perf10000-001369-c2c107c9,1777539302795,1777539302831,202,36.507
1370,exp-perf10000-001370-d67e791f,1777539302795,1777539302830,202,34.754
1371,exp-perf10000-001371-000c4125,1777539302795,1777539302832,202,36.381
1372,exp-perf10000-001372-8fa38375,1777539302796,1777539302831,202,34.687
1373,exp-perf10000-001373-80453e5a,1777539302796,1777539302833,202,36.402
1374,exp-perf10000-001374-a88a5ee0,1777539302797,1777539302832,202,34.947
1375,exp-perf10000-001375-cdea5432,1777539302797,1777539302834,202,36.591
1376,exp-perf10000-001376-e78d079c,1777539302797,1777539302832,202,34.856
1377,exp-perf10000-001377-56eed9b2,1777539302798,1777539302834,202,36.498
1378,exp-perf10000-001378-030855de,1777539302798,1777539302833,202,34.820
1379,exp-perf10000-001379-4978839a,1777539302799,1777539302835,202,36.455
1380,exp-perf10000-001380-62256574,1777539302799,1777539302834,202,34.950
1381,exp-perf10000-001381-0710ef36,1777539302799,1777539302836,202,36.329
1382,exp-perf10000-001382-d0d3b26a,1777539302800,1777539302835,202,34.947
1383,exp-perf10000-001383-13adadfa,1777539302800,1777539302837,202,36.540
1384,exp-perf10000-001384-f1731409,1777539302800,1777539302835,202,34.976
1385,exp-perf10000-001385-cc5e9754,1777539302801,1777539302837,202,36.471
1386,exp-perf10000-001386-103f1dda,1777539302801,1777539302836,202,35.043
1387,exp-perf10000-001387-c7f937a4,1777539302801,1777539302838,202,36.498
1388,exp-perf10000-001388-e2b13d9b,1777539302802,1777539302837,202,35.052
1389,exp-perf10000-001389-80f94d03,1777539302802,1777539302839,202,36.658
1390,exp-perf10000-001390-62479aee,1777539302803,1777539302837,202,34.542
1391,exp-perf10000-001391-1e6b5a2c,1777539302803,1777539302838,202,35.097
1392,exp-perf10000-001392-ceda8a52,1777539302803,1777539302840,202,36.499
1393,exp-perf10000-001393-31b476d5,1777539302804,1777539302839,202,35.339
1394,exp-perf10000-001394-f7be9e63,1777539302804,1777539302841,202,36.499
1395,exp-perf10000-001395-eb5dd608,1777539302804,1777539302840,202,35.767
1396,exp-perf10000-001396-7a02871f,1777539302805,1777539302842,202,36.970
1397,exp-perf10000-001397-c0958ad6,1777539302805,1777539302842,202,36.182
1398,exp-perf10000-001398-2f823ea4,1777539302806,1777539302842,202,36.780
1399,exp-perf10000-001399-0c3641a4,1777539302806,1777539302843,202,36.936
1400,exp-perf10000-001400-9160afd0,1777539302806,1777539302844,202,37.363
1401,exp-perf10000-001401-b0ee4d27,1777539302807,1777539302844,202,37.176
1402,exp-perf10000-001402-223beaf1,1777539302807,1777539302844,202,37.033
1403,exp-perf10000-001403-566715e8,1777539302807,1777539302844,202,36.817
1404,exp-perf10000-001404-805cffaf,1777539302808,1777539302845,202,37.595
1405,exp-perf10000-001405-25440624,1777539302808,1777539302845,202,36.857
1406,exp-perf10000-001406-68fddcaa,1777539302808,1777539302846,202,37.713
1407,exp-perf10000-001407-3b29c8e5,1777539302809,1777539302846,202,36.896
1408,exp-perf10000-001408-f493def4,1777539302809,1777539302847,202,37.569
1409,exp-perf10000-001409-01931bc4,1777539302809,1777539302846,202,36.828
1410,exp-perf10000-001410-4143edc2,1777539302810,1777539302847,202,36.940
1411,exp-perf10000-001411-fe533c5a,1777539302810,1777539302848,202,37.501
1412,exp-perf10000-001412-0f342d64,1777539302811,1777539302847,202,36.879
1413,exp-perf10000-001413-1220d319,1777539302811,1777539302848,202,37.410
1414,exp-perf10000-001414-90f8b2f9,1777539302811,1777539302848,202,36.942
1415,exp-perf10000-001415-34c30b5a,1777539302811,1777539302849,202,37.349
1416,exp-perf10000-001416-6d7321d8,1777539302812,1777539302849,202,36.956
1417,exp-perf10000-001417-81960173,1777539302812,1777539302850,202,37.289
1418,exp-perf10000-001418-680a7f10,1777539302813,1777539302849,202,36.676
1419,exp-perf10000-001419-d65bb18b,1777539302813,1777539302850,202,37.039
1420,exp-perf10000-001420-c03bd4c6,1777539302814,1777539302850,202,36.531
1421,exp-perf10000-001421-f6b19c04,1777539302814,1777539302851,202,36.989
1422,exp-perf10000-001422-df1a6a9d,1777539302815,1777539302851,202,35.900
1423,exp-perf10000-001423-9cdddae8,1777539302815,1777539302851,202,36.213
1424,exp-perf10000-001424-071a607c,1777539302815,1777539302852,202,36.321
1425,exp-perf10000-001425-31fce925,1777539302815,1777539302852,202,36.814
1426,exp-perf10000-001426-125b6f07,1777539302816,1777539302852,202,36.477
1427,exp-perf10000-001427-d9a69a5b,1777539302816,1777539302853,202,37.084
1428,exp-perf10000-001428-d1c84054,1777539302816,1777539302853,202,36.616
1429,exp-perf10000-001429-089d0ff9,1777539302816,1777539302854,202,37.219
1430,exp-perf10000-001430-317977b2,1777539302817,1777539302853,202,36.702
1431,exp-perf10000-001431-9b935b64,1777539302817,1777539302854,202,37.427
1432,exp-perf10000-001432-6ccc42f3,1777539302817,1777539302854,202,36.696
1433,exp-perf10000-001433-7718c37b,1777539302818,1777539302856,202,37.878
1434,exp-perf10000-001434-7f990d87,1777539302818,1777539302855,202,36.776
1435,exp-perf10000-001435-ce8d2310,1777539302819,1777539302856,202,37.376
1436,exp-perf10000-001436-bd849810,1777539302819,1777539302856,202,36.775
1437,exp-perf10000-001437-534286da,1777539302819,1777539302856,202,37.211
1438,exp-perf10000-001438-9f6d16c4,1777539302820,1777539302856,202,36.747
1439,exp-perf10000-001439-d7412620,1777539302820,1777539302857,202,37.157
1440,exp-perf10000-001440-3d362c1c,1777539302820,1777539302857,202,36.627
1441,exp-perf10000-001441-1210635b,1777539302821,1777539302858,202,37.089
1442,exp-perf10000-001442-446600e5,1777539302821,1777539302858,202,36.699
1443,exp-perf10000-001443-62e4a1bc,1777539302821,1777539302858,202,37.200
1444,exp-perf10000-001444-c5eb3a88,1777539302822,1777539302858,202,36.738
1445,exp-perf10000-001445-6136197f,1777539302822,1777539302859,202,36.935
1446,exp-perf10000-001446-e21fa3c7,1777539302822,1777539302859,202,36.552
1447,exp-perf10000-001447-1833557a,1777539302823,1777539302860,202,37.197
1448,exp-perf10000-001448-aaf9bc3b,1777539302823,1777539302860,202,36.744
1449,exp-perf10000-001449-876bff7b,1777539302823,1777539302860,202,36.952
1450,exp-perf10000-001450-90ceff14,1777539302824,1777539302860,202,36.773
1451,exp-perf10000-001451-b4e8a76e,1777539302824,1777539302861,202,37.175
1452,exp-perf10000-001452-088c9e95,1777539302824,1777539302861,202,36.825
1453,exp-perf10000-001453-4b7d8e0b,1777539302825,1777539302862,202,36.921
1454,exp-perf10000-001454-1afc829a,1777539302825,1777539302862,202,36.611
1455,exp-perf10000-001455-57c99235,1777539302825,1777539302862,202,36.966
1456,exp-perf10000-001456-739c5001,1777539302826,1777539302862,202,36.636
1457,exp-perf10000-001457-f4881501,1777539302826,1777539302863,202,36.732
1458,exp-perf10000-001458-94e1d360,1777539302826,1777539302863,202,36.480
1459,exp-perf10000-001459-5bfa56fa,1777539302827,1777539302864,202,36.766
1460,exp-perf10000-001460-93a43bed,1777539302827,1777539302864,202,36.590
1461,exp-perf10000-001461-e01fd75e,1777539302828,1777539302864,202,36.659
1462,exp-perf10000-001462-0cc4b8f0,1777539302828,1777539302864,202,36.378
1463,exp-perf10000-001463-59d14982,1777539302828,1777539302865,202,36.647
1464,exp-perf10000-001464-8ea03621,1777539302829,1777539302865,202,36.363
1465,exp-perf10000-001465-44029b3c,1777539302829,1777539302866,202,36.708
1466,exp-perf10000-001466-006dc7d1,1777539302829,1777539302866,202,36.226
1467,exp-perf10000-001467-14e0baff,1777539302830,1777539302866,202,36.643
1468,exp-perf10000-001468-8d7aa987,1777539302830,1777539302866,202,36.385
1469,exp-perf10000-001469-730a0ee1,1777539302830,1777539302867,202,36.678
1470,exp-perf10000-001470-fe024059,1777539302831,1777539302867,202,36.401
1471,exp-perf10000-001471-77193ce6,1777539302831,1777539302868,202,36.540
1472,exp-perf10000-001472-875609ea,1777539302832,1777539302868,202,35.955
1473,exp-perf10000-001473-a567debe,1777539302832,1777539302868,202,36.506
1474,exp-perf10000-001474-51b6f159,1777539302832,1777539302868,202,36.031
1475,exp-perf10000-001475-ac0220f8,1777539302833,1777539302869,202,36.636
1476,exp-perf10000-001476-3727b0e9,1777539302833,1777539302869,202,36.112
1477,exp-perf10000-001477-867fb088,1777539302834,1777539302870,202,36.335
1478,exp-perf10000-001478-a5757019,1777539302834,1777539302870,202,36.149
1479,exp-perf10000-001479-1d08765c,1777539302834,1777539302871,202,36.536
1480,exp-perf10000-001480-225cd68d,1777539302835,1777539302871,202,36.376
1481,exp-perf10000-001481-65c550cc,1777539302835,1777539302872,202,36.738
1482,exp-perf10000-001482-551c3c3e,1777539302835,1777539302872,202,36.583
1483,exp-perf10000-001483-408ab0c7,1777539302836,1777539302873,202,36.691
1484,exp-perf10000-001484-9ce1b2b7,1777539302836,1777539302876,202,39.600
1485,exp-perf10000-001485-7ae76830,1777539302837,1777539302873,202,36.690
1486,exp-perf10000-001486-6b915e2d,1777539302837,1777539302876,202,38.864
1487,exp-perf10000-001487-1637a4f8,1777539302837,1777539302874,202,36.957
1488,exp-perf10000-001488-a505b616,1777539302837,1777539302876,202,38.225
1489,exp-perf10000-001489-14f89414,1777539302838,1777539302875,202,37.292
1490,exp-perf10000-001490-4ed681a3,1777539302838,1777539302876,202,37.344
1491,exp-perf10000-001491-e9a55def,1777539302839,1777539302876,202,36.946
1492,exp-perf10000-001492-2bb9f8d4,1777539302839,1777539302876,202,36.749
1493,exp-perf10000-001493-92429601,1777539302840,1777539302876,202,36.449
1494,exp-perf10000-001494-11e73387,1777539302840,1777539302877,202,36.394
1495,exp-perf10000-001495-0e4b061e,1777539302841,1777539302877,202,36.407
1496,exp-perf10000-001496-f0ba8fb1,1777539302842,1777539302877,202,35.896
1497,exp-perf10000-001497-2b3d365e,1777539302842,1777539302878,202,35.896
1498,exp-perf10000-001498-81732778,1777539302842,1777539302879,202,36.185
1499,exp-perf10000-001499-8eca04ab,1777539302843,1777539302878,202,35.251
1500,exp-perf10000-001500-bfe8b89f,1777539302844,1777539302879,202,35.526
1501,exp-perf10000-001501-f5d4621b,1777539302844,1777539302879,202,35.139
1502,exp-perf10000-001502-751d14c5,1777539302844,1777539302880,202,35.919
1503,exp-perf10000-001503-f7f7501d,1777539302844,1777539302880,202,35.497
1504,exp-perf10000-001504-9e23b914,1777539302845,1777539302880,202,35.572
1505,exp-perf10000-001505-11976b2a,1777539302845,1777539302881,202,35.302
1506,exp-perf10000-001506-993808f2,1777539302846,1777539302881,202,35.617
1507,exp-perf10000-001507-a2fa9635,1777539302846,1777539302882,202,35.379
1508,exp-perf10000-001508-8e1f96e5,1777539302846,1777539302882,202,35.603
1509,exp-perf10000-001509-5e4e454c,1777539302847,1777539302882,202,35.248
1510,exp-perf10000-001510-f16fda0e,1777539302847,1777539302883,202,35.744
1511,exp-perf10000-001511-22f4e422,1777539302848,1777539302883,202,35.830
1512,exp-perf10000-001512-39b5288d,1777539302848,1777539302883,202,35.195
1513,exp-perf10000-001513-33a89137,1777539302848,1777539302883,202,35.338
1514,exp-perf10000-001514-2d7542e2,1777539302848,1777539302884,202,35.813
1515,exp-perf10000-001515-f30f8280,1777539302849,1777539302884,202,35.351
1516,exp-perf10000-001516-c6a75586,1777539302849,1777539302885,202,35.760
1517,exp-perf10000-001517-6e87deb5,1777539302849,1777539302886,202,36.029
1518,exp-perf10000-001518-72187d74,1777539302850,1777539302885,202,35.220
1519,exp-perf10000-001519-e5c7e009,1777539302850,1777539302886,202,36.110
1520,exp-perf10000-001520-3361a4e6,1777539302850,1777539302885,202,35.210
1521,exp-perf10000-001521-29f9de60,1777539302851,1777539302887,202,36.025
1522,exp-perf10000-001522-0606fbed,1777539302851,1777539302886,202,35.226
1523,exp-perf10000-001523-b15fc2bb,1777539302851,1777539302887,202,36.121
1524,exp-perf10000-001524-c208ad3a,1777539302852,1777539302887,202,35.286
1525,exp-perf10000-001525-0831eab9,1777539302852,1777539302888,202,36.171
1526,exp-perf10000-001526-e17ff42e,1777539302852,1777539302887,202,35.251
1527,exp-perf10000-001527-9dd4178f,1777539302853,1777539302889,202,36.098
1528,exp-perf10000-001528-498ce40c,1777539302853,1777539302888,202,35.272
1529,exp-perf10000-001529-ab78e96c,1777539302854,1777539302890,202,36.054
1530,exp-perf10000-001530-f9a6e9c3,1777539302854,1777539302889,202,35.043
1531,exp-perf10000-001531-c40ce23c,1777539302854,1777539302890,202,35.968
1532,exp-perf10000-001532-60df0e54,1777539302855,1777539302890,202,35.056
1533,exp-perf10000-001533-285244be,1777539302855,1777539302891,202,35.792
1534,exp-perf10000-001534-b73a0cb4,1777539302856,1777539302892,202,35.934
1535,exp-perf10000-001535-a27286d4,1777539302856,1777539302890,202,34.375
1536,exp-perf10000-001536-ac5b4b81,1777539302856,1777539302891,202,35.015
1537,exp-perf10000-001537-99a56e07,1777539302856,1777539302892,202,35.858
1538,exp-perf10000-001538-c031c52b,1777539302856,1777539302892,202,35.087
1539,exp-perf10000-001539-dc0c0a27,1777539302857,1777539302893,202,35.903
1540,exp-perf10000-001540-094e1517,1777539302857,1777539302892,202,35.365
1541,exp-perf10000-001541-70f6b9dd,1777539302858,1777539302893,202,35.799
1542,exp-perf10000-001542-6cfe6b97,1777539302858,1777539302893,202,35.327
1543,exp-perf10000-001543-1a565255,1777539302858,1777539302894,202,35.769
1544,exp-perf10000-001544-e7e8700e,1777539302858,1777539302894,202,35.210
1545,exp-perf10000-001545-f7fd6b76,1777539302859,1777539302895,202,35.705
1546,exp-perf10000-001546-69976876,1777539302859,1777539302894,202,35.310
1547,exp-perf10000-001547-a8c5590b,1777539302860,1777539302895,202,35.584
1548,exp-perf10000-001548-9555325b,1777539302860,1777539302895,202,35.142
1549,exp-perf10000-001549-38e92ce4,1777539302860,1777539302896,202,35.308
1550,exp-perf10000-001550-f9550975,1777539302860,1777539302896,202,35.517
1551,exp-perf10000-001551-56eef69f,1777539302861,1777539302897,202,35.467
1552,exp-perf10000-001552-d5320763,1777539302861,1777539302896,202,35.191
1553,exp-perf10000-001553-cc61378d,1777539302862,1777539302897,202,35.359
1554,exp-perf10000-001554-b434f4b2,1777539302862,1777539302897,202,35.404
1555,exp-perf10000-001555-fe04f853,1777539302862,1777539302898,202,35.433
1556,exp-perf10000-001556-063db42c,1777539302863,1777539302898,202,35.405
1557,exp-perf10000-001557-506ee336,1777539302863,1777539302898,202,35.463
1558,exp-perf10000-001558-8de6c886,1777539302863,1777539302899,202,35.554
1559,exp-perf10000-001559-61e9c6ad,1777539302864,1777539302899,202,35.691
1560,exp-perf10000-001560-b5b575f7,1777539302864,1777539302899,202,35.395
1561,exp-perf10000-001561-402dde37,1777539302864,1777539302900,202,35.662
1562,exp-perf10000-001562-e3011051,1777539302864,1777539302900,202,35.402
1563,exp-perf10000-001563-356d9a6f,1777539302865,1777539302901,202,35.777
1564,exp-perf10000-001564-8c9814e5,1777539302865,1777539302901,202,35.504
1565,exp-perf10000-001565-4188d194,1777539302866,1777539302901,202,35.679
1566,exp-perf10000-001566-caa9a1ac,1777539302866,1777539302901,202,35.737
1567,exp-perf10000-001567-32fb83c6,1777539302867,1777539302902,202,35.544
1568,exp-perf10000-001568-e82f62fc,1777539302867,1777539302902,202,35.404
1569,exp-perf10000-001569-c0924c2b,1777539302867,1777539302903,202,35.506
1570,exp-perf10000-001570-a2e6ea18,1777539302867,1777539302903,202,35.564
1571,exp-perf10000-001571-a4c66fca,1777539302868,1777539302904,202,36.001
1572,exp-perf10000-001572-68207e0b,1777539302868,1777539302903,202,35.653
1573,exp-perf10000-001573-1326b5da,1777539302868,1777539302904,202,35.739
1574,exp-perf10000-001574-c8e432fa,1777539302868,1777539302905,202,36.074
1575,exp-perf10000-001575-b45a0231,1777539302869,1777539302905,202,35.810
1576,exp-perf10000-001576-8f01c5e3,1777539302869,1777539302905,202,35.301
1577,exp-perf10000-001577-a877c73b,1777539302870,1777539302906,202,35.770
1578,exp-perf10000-001578-f0e4b394,1777539302870,1777539302906,202,35.533
1579,exp-perf10000-001579-26cb565a,1777539302871,1777539302907,202,35.524
1580,exp-perf10000-001580-ce3c4d3e,1777539302871,1777539302907,202,35.452
1581,exp-perf10000-001581-674e7ac8,1777539302872,1777539302907,202,35.369
1582,exp-perf10000-001582-848652e8,1777539302872,1777539302907,202,35.188
1583,exp-perf10000-001583-12f9d137,1777539302873,1777539302908,202,35.264
1584,exp-perf10000-001584-bbfb6e52,1777539302873,1777539302909,202,35.144
1585,exp-perf10000-001585-45878585,1777539302874,1777539302909,202,34.945
1586,exp-perf10000-001586-b024e7e8,1777539302875,1777539302910,202,34.595
1587,exp-perf10000-001587-424010e6,1777539302876,1777539302908,202,32.499
1588,exp-perf10000-001588-3965d17f,1777539302876,1777539302909,202,33.071
1589,exp-perf10000-001589-f970537a,1777539302876,1777539302910,202,33.780
1590,exp-perf10000-001590-6629a39a,1777539302876,1777539302910,202,34.363
1591,exp-perf10000-001591-b5f6e463,1777539302876,1777539302911,202,34.856
1592,exp-perf10000-001592-72ad3f48,1777539302876,1777539302911,202,34.591
1593,exp-perf10000-001593-6ee49adc,1777539302876,1777539302911,202,34.775
1594,exp-perf10000-001594-9be01f3e,1777539302877,1777539302912,202,34.798
1595,exp-perf10000-001595-97c0fa4b,1777539302877,1777539302912,202,34.620
1596,exp-perf10000-001596-e10317f3,1777539302878,1777539302912,202,34.665
1597,exp-perf10000-001597-36aa0ab1,1777539302878,1777539302913,202,34.722
1598,exp-perf10000-001598-11b8ee9f,1777539302878,1777539302913,202,34.511
1599,exp-perf10000-001599-8db5f6fb,1777539302879,1777539302914,202,34.806
1600,exp-perf10000-001600-6e10b830,1777539302879,1777539302913,202,34.335
1601,exp-perf10000-001601-60774a55,1777539302879,1777539302914,202,34.638
1602,exp-perf10000-001602-25859427,1777539302880,1777539302915,202,35.678
1603,exp-perf10000-001603-1469d778,1777539302880,1777539302915,202,34.726
1604,exp-perf10000-001604-f010378b,1777539302880,1777539302915,202,34.811
1605,exp-perf10000-001605-29b41c23,1777539302881,1777539302916,202,34.885
1606,exp-perf10000-001606-69c8cc37,1777539302881,1777539302916,202,34.319
1607,exp-perf10000-001607-8a3cf3a6,1777539302882,1777539302916,202,34.674
1608,exp-perf10000-001608-7788ea89,1777539302882,1777539302917,202,34.641
1609,exp-perf10000-001609-89e7fc48,1777539302882,1777539302917,202,34.781
1610,exp-perf10000-001610-bfd9cda8,1777539302883,1777539302917,202,34.306
1611,exp-perf10000-001611-da706b92,1777539302883,1777539302918,202,34.727
1612,exp-perf10000-001612-1cdb4fe7,1777539302883,1777539302918,202,34.369
1613,exp-perf10000-001613-8df3730f,1777539302884,1777539302918,202,34.799
1614,exp-perf10000-001614-9a50f5f2,1777539302884,1777539302919,202,34.414
1615,exp-perf10000-001615-3f7eb0ba,1777539302884,1777539302919,202,34.739
1616,exp-perf10000-001616-507cac0a,1777539302885,1777539302919,202,34.594
1617,exp-perf10000-001617-11584f48,1777539302885,1777539302920,202,34.975
1618,exp-perf10000-001618-11517ff6,1777539302885,1777539302921,202,35.125
1619,exp-perf10000-001619-62afe24e,1777539302886,1777539302920,202,34.512
1620,exp-perf10000-001620-00f93f2f,1777539302886,1777539302921,202,35.122
1621,exp-perf10000-001621-5696a49a,1777539302886,1777539302921,202,34.337
1622,exp-perf10000-001622-4f0f078d,1777539302887,1777539302921,202,34.366
1623,exp-perf10000-001623-c02d470c,1777539302887,1777539302922,202,35.138
1624,exp-perf10000-001624-693a47a5,1777539302888,1777539302923,202,35.261
1625,exp-perf10000-001625-95d4ec36,1777539302888,1777539302922,202,34.231
1626,exp-perf10000-001626-0b7330ba,1777539302888,1777539302923,202,35.124
1627,exp-perf10000-001627-75023628,1777539302888,1777539302922,202,34.153
1628,exp-perf10000-001628-402a26d6,1777539302889,1777539302924,202,35.262
1629,exp-perf10000-001629-03116440,1777539302889,1777539302923,202,34.226
1630,exp-perf10000-001630-246db3d8,1777539302890,1777539302924,202,34.124
1631,exp-perf10000-001631-4a18e920,1777539302890,1777539302925,202,35.072
1632,exp-perf10000-001632-58c09327,1777539302890,1777539302925,202,35.195
1633,exp-perf10000-001633-1f401684,1777539302890,1777539302924,202,34.120
1634,exp-perf10000-001634-17570c76,1777539302891,1777539302925,202,34.206
1635,exp-perf10000-001635-6e49e673,1777539302891,1777539302926,202,35.050
1636,exp-perf10000-001636-1eb1f6db,1777539302892,1777539302927,202,35.190
1637,exp-perf10000-001637-45c213cf,1777539302892,1777539302926,202,34.006
1638,exp-perf10000-001638-a2640d48,1777539302892,1777539302926,202,34.158
1639,exp-perf10000-001639-8eb523d9,1777539302892,1777539302928,202,35.097
1640,exp-perf10000-001640-8f0efa3f,1777539302893,1777539302927,202,34.150
1641,exp-perf10000-001641-61e779b4,1777539302893,1777539302928,202,35.118
1642,exp-perf10000-001642-0c3c78c7,1777539302893,1777539302928,202,34.309
1643,exp-perf10000-001643-7dc289d3,1777539302894,1777539302929,202,35.166
1644,exp-perf10000-001644-52dde2d7,1777539302894,1777539302928,202,34.195
1645,exp-perf10000-001645-d4b4de69,1777539302894,1777539302930,202,35.104
1646,exp-perf10000-001646-818805a3,1777539302895,1777539302929,202,34.369
1647,exp-perf10000-001647-f26e9064,1777539302895,1777539302930,202,35.079
1648,exp-perf10000-001648-32a13848,1777539302895,1777539302930,202,34.323
1649,exp-perf10000-001649-bd9ca511,1777539302896,1777539302931,202,35.138
1650,exp-perf10000-001650-47972bc7,1777539302896,1777539302930,202,34.412
1651,exp-perf10000-001651-211d4fad,1777539302896,1777539302932,202,35.091
1652,exp-perf10000-001652-2a958de3,1777539302897,1777539302931,202,34.354
1653,exp-perf10000-001653-c1874740,1777539302897,1777539302932,202,34.935
1654,exp-perf10000-001654-a55ca9ce,1777539302897,1777539302932,202,34.235
1655,exp-perf10000-001655-cbc2b4d3,1777539302898,1777539302933,202,34.799
1656,exp-perf10000-001656-97e39028,1777539302898,1777539302932,202,34.071
1657,exp-perf10000-001657-d54b73a9,1777539302899,1777539302933,202,34.861
1658,exp-perf10000-001658-e2b0c7d9,1777539302899,1777539302933,202,34.085
1659,exp-perf10000-001659-fc84a5ed,1777539302899,1777539302933,202,34.115
1660,exp-perf10000-001660-e99d9f8d,1777539302899,1777539302934,202,34.543
1661,exp-perf10000-001661-b883be2a,1777539302900,1777539302934,202,34.094
1662,exp-perf10000-001662-35329cef,1777539302900,1777539302935,202,34.597
1663,exp-perf10000-001663-725feaf3,1777539302901,1777539302935,202,33.952
1664,exp-perf10000-001664-df437f26,1777539302901,1777539302935,202,34.531
1665,exp-perf10000-001665-ead6c0d8,1777539302901,1777539302935,202,33.753
1666,exp-perf10000-001666-6d6dd77f,1777539302902,1777539302936,202,34.273
1667,exp-perf10000-001667-5728149e,1777539302902,1777539302936,202,33.938
1668,exp-perf10000-001668-cdec466a,1777539302902,1777539302937,202,34.466
1669,exp-perf10000-001669-4a8dcc4e,1777539302903,1777539302937,202,34.696
1670,exp-perf10000-001670-28759630,1777539302903,1777539302937,202,33.855
1671,exp-perf10000-001671-b08a5efb,1777539302903,1777539302938,202,34.483
1672,exp-perf10000-001672-6626be9e,1777539302904,1777539302937,202,33.501
1673,exp-perf10000-001673-4ed6de58,1777539302904,1777539302938,202,33.812
1674,exp-perf10000-001674-5e3cfeab,1777539302905,1777539302938,202,33.892
1675,exp-perf10000-001675-4bf8dc6f,1777539302905,1777539302939,202,34.470
1676,exp-perf10000-001676-ced992b2,1777539302905,1777539302939,202,33.561
1677,exp-perf10000-001677-d3877d10,1777539302906,1777539302940,202,34.212
1678,exp-perf10000-001678-a1006883,1777539302906,1777539302940,202,33.666
1679,exp-perf10000-001679-25e3c11e,1777539302907,1777539302940,202,33.593
1680,exp-perf10000-001680-42d9c98a,1777539302907,1777539302941,202,33.947
1681,exp-perf10000-001681-67f60806,1777539302907,1777539302941,202,34.035
1682,exp-perf10000-001682-59552dd9,1777539302907,1777539302941,202,33.534
1683,exp-perf10000-001683-29c0e678,1777539302908,1777539302942,202,33.972
1684,exp-perf10000-001684-869487fa,1777539302908,1777539302942,202,33.361
1685,exp-perf10000-001685-2f0bb174,1777539302909,1777539302943,202,33.919
1686,exp-perf10000-001686-cffd405f,1777539302909,1777539302942,202,33.406
1687,exp-perf10000-001687-e0f7125f,1777539302909,1777539302943,202,33.959
1688,exp-perf10000-001688-6c02c070,1777539302910,1777539302943,202,33.276
1689,exp-perf10000-001689-85ade0db,1777539302910,1777539302944,202,34.070
1690,exp-perf10000-001690-88fd2f4f,1777539302910,1777539302944,202,33.370
1691,exp-perf10000-001691-b764b63c,1777539302911,1777539302945,202,34.133
1692,exp-perf10000-001692-f2bad4bc,1777539302911,1777539302944,202,33.662
1693,exp-perf10000-001693-937bfa0d,1777539302911,1777539302946,202,34.555
1694,exp-perf10000-001694-b5e316c9,1777539302912,1777539302945,202,33.555
1695,exp-perf10000-001695-8f01faa9,1777539302912,1777539302947,202,34.612
1696,exp-perf10000-001696-049014d6,1777539302912,1777539302946,202,33.383
1697,exp-perf10000-001697-8d88b5fc,1777539302913,1777539302947,202,34.670
1698,exp-perf10000-001698-ec133e8c,1777539302913,1777539302947,202,33.799
1699,exp-perf10000-001699-86e48a25,1777539302913,1777539302947,202,33.745
1700,exp-perf10000-001700-b856a038,1777539302914,1777539302948,202,34.447
1701,exp-perf10000-001701-e2b7542e,1777539302914,1777539302949,202,34.434
1702,exp-perf10000-001702-9c842dfc,1777539302915,1777539302949,202,34.454
1703,exp-perf10000-001703-a7abc59b,1777539302915,1777539302948,202,32.883
1704,exp-perf10000-001704-705d7d82,1777539302915,1777539302949,202,33.424
1705,exp-perf10000-001705-f0e37fd0,1777539302916,1777539302950,202,33.931
1706,exp-perf10000-001706-5ab9f983,1777539302916,1777539302950,202,34.208
1707,exp-perf10000-001707-8d214a5b,1777539302916,1777539302951,202,34.291
1708,exp-perf10000-001708-86a8282e,1777539302917,1777539302950,202,33.654
1709,exp-perf10000-001709-32fcda99,1777539302917,1777539302951,202,34.430
1710,exp-perf10000-001710-9b8badff,1777539302917,1777539302951,202,33.793
1711,exp-perf10000-001711-5c463a70,1777539302918,1777539302952,202,34.394
1712,exp-perf10000-001712-6cf13045,1777539302918,1777539302952,202,33.724
1713,exp-perf10000-001713-b982c855,1777539302918,1777539302953,202,34.224
1714,exp-perf10000-001714-016da1e0,1777539302919,1777539302952,202,33.595
1715,exp-perf10000-001715-45286bad,1777539302919,1777539302954,202,34.491
1716,exp-perf10000-001716-2419538b,1777539302919,1777539302953,202,33.377
1717,exp-perf10000-001717-e87593ea,1777539302920,1777539302954,202,34.560
1718,exp-perf10000-001718-60084d3f,1777539302920,1777539302954,202,33.479
1719,exp-perf10000-001719-cc8c2b93,1777539302921,1777539302955,202,34.865
1720,exp-perf10000-001720-8db00b4c,1777539302921,1777539302954,202,33.581
1721,exp-perf10000-001721-3468387b,1777539302921,1777539302955,202,34.036
1722,exp-perf10000-001722-60570e44,1777539302921,1777539302956,202,34.983
1723,exp-perf10000-001723-d9979e80,1777539302922,1777539302956,202,34.215
1724,exp-perf10000-001724-f3228c4e,1777539302922,1777539302957,202,34.949
1725,exp-perf10000-001725-b7ab8e7e,1777539302922,1777539302957,202,34.302
1726,exp-perf10000-001726-1b9f157a,1777539302923,1777539302958,202,34.988
1727,exp-perf10000-001727-f1c93815,1777539302923,1777539302958,202,34.464
1728,exp-perf10000-001728-5e66400c,1777539302923,1777539302959,202,35.155
1729,exp-perf10000-001729-f0e2bdf6,1777539302924,1777539302959,202,35.594
1730,exp-perf10000-001730-e95ef2ec,1777539302924,1777539302960,202,35.505
1731,exp-perf10000-001731-ac34671f,1777539302924,1777539302959,202,34.895
1732,exp-perf10000-001732-6dbef075,1777539302925,1777539302960,202,35.483
1733,exp-perf10000-001733-d79ad84d,1777539302925,1777539302960,202,34.895
1734,exp-perf10000-001734-f2487512,1777539302925,1777539302961,202,35.486
1735,exp-perf10000-001735-c2fa2291,1777539302926,1777539302961,202,34.969
1736,exp-perf10000-001736-926c58a6,1777539302926,1777539302962,202,35.616
1737,exp-perf10000-001737-453eeee3,1777539302926,1777539302961,202,35.075
1738,exp-perf10000-001738-600d3733,1777539302927,1777539302962,202,35.647
1739,exp-perf10000-001739-794cfa17,1777539302927,1777539302962,202,35.095
1740,exp-perf10000-001740-8b2b097b,1777539302928,1777539302963,202,35.454
1741,exp-perf10000-001741-2e748f56,1777539302928,1777539302963,202,35.126
1742,exp-perf10000-001742-9dca0548,1777539302928,1777539302964,202,35.374
1743,exp-perf10000-001743-c850ea4d,1777539302928,1777539302964,202,35.312
1744,exp-perf10000-001744-64a11f7b,1777539302929,1777539302965,202,35.570
1745,exp-perf10000-001745-b88e46d6,1777539302929,1777539302964,202,35.379
1746,exp-perf10000-001746-64760c7c,1777539302930,1777539302965,202,35.419
1747,exp-perf10000-001747-2bafebb8,1777539302930,1777539302965,202,35.466
1748,exp-perf10000-001748-9e5f5a66,1777539302930,1777539302966,202,35.587
1749,exp-perf10000-001749-184b8471,1777539302930,1777539302966,202,35.490
1750,exp-perf10000-001750-93214b6f,1777539302931,1777539302966,202,35.601
1751,exp-perf10000-001751-ab1cda65,1777539302931,1777539302967,202,35.722
1752,exp-perf10000-001752-02bb6bdd,1777539302932,1777539302967,202,35.702
1753,exp-perf10000-001753-8591f617,1777539302932,1777539302967,202,35.441
1754,exp-perf10000-001754-74333c70,1777539302932,1777539302968,202,35.955
1755,exp-perf10000-001755-52d10265,1777539302932,1777539302968,202,35.553
1756,exp-perf10000-001756-dd121ee6,1777539302933,1777539302969,202,35.762
1757,exp-perf10000-001757-83bcb34d,1777539302933,1777539302969,202,35.884
1758,exp-perf10000-001758-53407d14,1777539302933,1777539302969,202,36.106
1759,exp-perf10000-001759-c8528be6,1777539302933,1777539302969,202,35.662
1760,exp-perf10000-001760-69fdcc44,1777539302934,1777539302970,202,35.840
1761,exp-perf10000-001761-7b6b5bb0,1777539302934,1777539302970,202,36.044
1762,exp-perf10000-001762-12151c27,1777539302935,1777539302970,202,35.833
1763,exp-perf10000-001763-000f62ea,1777539302935,1777539302971,202,36.098
1764,exp-perf10000-001764-e8489ded,1777539302935,1777539302971,202,36.206
1765,exp-perf10000-001765-7649123b,1777539302935,1777539302971,202,35.777
1766,exp-perf10000-001766-c9ff669d,1777539302936,1777539302972,202,35.892
1767,exp-perf10000-001767-b0b06436,1777539302936,1777539302972,202,36.096
1768,exp-perf10000-001768-59270cf4,1777539302937,1777539302973,202,35.936
1769,exp-perf10000-001769-e0e72e29,1777539302937,1777539302973,202,36.203
1770,exp-perf10000-001770-22748157,1777539302937,1777539302974,202,36.449
1771,exp-perf10000-001771-bee90410,1777539302937,1777539302973,202,35.841
1772,exp-perf10000-001772-e716d413,1777539302938,1777539302974,202,36.027
1773,exp-perf10000-001773-83282ccd,1777539302938,1777539302975,202,36.436
1774,exp-perf10000-001774-7825e8d3,1777539302939,1777539302975,202,36.203
1775,exp-perf10000-001775-d9f6f563,1777539302939,1777539302975,202,36.367
1776,exp-perf10000-001776-22cb589d,1777539302939,1777539302975,202,36.080
1777,exp-perf10000-001777-a21f2258,1777539302940,1777539302976,202,36.264
1778,exp-perf10000-001778-e72d7e28,1777539302940,1777539302976,202,36.158
1779,exp-perf10000-001779-06450095,1777539302940,1777539302976,202,36.192
1780,exp-perf10000-001780-61b15514,1777539302941,1777539302977,202,36.093
1781,exp-perf10000-001781-2805dc8e,1777539302941,1777539302977,202,36.214
1782,exp-perf10000-001782-e89f89c5,1777539302941,1777539302977,202,35.974
1783,exp-perf10000-001783-5af88e89,1777539302942,1777539302978,202,36.179
1784,exp-perf10000-001784-d07f94b0,1777539302942,1777539302978,202,35.994
1785,exp-perf10000-001785-c6d633b7,1777539302942,1777539302978,202,36.096
1786,exp-perf10000-001786-4aefe550,1777539302943,1777539302979,202,36.095
1787,exp-perf10000-001787-30e670d1,1777539302943,1777539302979,202,36.242
1788,exp-perf10000-001788-9c4af02a,1777539302943,1777539302979,202,36.145
1789,exp-perf10000-001789-86eebe30,1777539302944,1777539302980,202,36.156
1790,exp-perf10000-001790-654e6b41,1777539302944,1777539302980,202,35.834
1791,exp-perf10000-001791-1e3d8c74,1777539302945,1777539302980,202,35.807
1792,exp-perf10000-001792-3bb17e92,1777539302945,1777539302981,202,35.636
1793,exp-perf10000-001793-f0ceda7a,1777539302945,1777539302981,202,35.871
1794,exp-perf10000-001794-af36cdeb,1777539302946,1777539302982,202,36.058
1795,exp-perf10000-001795-eb057d79,1777539302946,1777539302981,202,35.228
1796,exp-perf10000-001796-1645215d,1777539302947,1777539302982,202,35.179
1797,exp-perf10000-001797-5b90dd39,1777539302947,1777539302982,202,35.597
1798,exp-perf10000-001798-213ed863,1777539302947,1777539302983,202,35.699
1799,exp-perf10000-001799-f9f4807b,1777539302947,1777539302982,202,34.968
1800,exp-perf10000-001800-aece0a97,1777539302948,1777539302983,202,35.033
1801,exp-perf10000-001801-efc34d3e,1777539302948,1777539302984,202,35.315
1802,exp-perf10000-001802-93df80a3,1777539302949,1777539302984,202,35.031
1803,exp-perf10000-001803-bf121c76,1777539302949,1777539302984,202,35.297
1804,exp-perf10000-001804-f50b89e2,1777539302949,1777539302984,202,34.882
1805,exp-perf10000-001805-6a6e7aed,1777539302950,1777539302985,202,35.727
1806,exp-perf10000-001806-8378975c,1777539302950,1777539302985,202,35.083
1807,exp-perf10000-001807-ac14adac,1777539302950,1777539302986,202,35.679
1808,exp-perf10000-001808-919f730b,1777539302951,1777539302986,202,34.995
1809,exp-perf10000-001809-7eb5ac4e,1777539302951,1777539302987,202,35.817
1810,exp-perf10000-001810-cbfeaff8,1777539302951,1777539302986,202,34.863
1811,exp-perf10000-001811-b6e230f0,1777539302952,1777539302987,202,35.951
1812,exp-perf10000-001812-d465b63d,1777539302952,1777539302987,202,35.351
1813,exp-perf10000-001813-26f0d545,1777539302952,1777539302988,202,36.009
1814,exp-perf10000-001814-d5503f51,1777539302953,1777539302988,202,35.403
1815,exp-perf10000-001815-b662f3a5,1777539302953,1777539302989,202,36.145
1816,exp-perf10000-001816-2905f9f4,1777539302954,1777539302989,202,35.070
1817,exp-perf10000-001817-0f8e3de8,1777539302954,1777539302990,202,35.950
1818,exp-perf10000-001818-f38490cd,1777539302954,1777539302990,202,35.957
1819,exp-perf10000-001819-a303c090,1777539302955,1777539302989,202,34.775
1820,exp-perf10000-001820-7fdec636,1777539302955,1777539302991,202,35.802
1821,exp-perf10000-001821-f09a183a,1777539302956,1777539302990,202,34.450
1822,exp-perf10000-001822-ef02b350,1777539302956,1777539302992,202,35.673
1823,exp-perf10000-001823-057d9c7f,1777539302956,1777539302991,202,34.529
1824,exp-perf10000-001824-3d8f5967,1777539302957,1777539302992,202,35.400
1825,exp-perf10000-001825-5a36dbf7,1777539302957,1777539302992,202,34.563
1826,exp-perf10000-001826-eeba3791,1777539302958,1777539302993,202,35.309
1827,exp-perf10000-001827-d7686169,1777539302958,1777539302992,202,34.556
1828,exp-perf10000-001828-a5e35c91,1777539302959,1777539302993,202,34.807
1829,exp-perf10000-001829-1f63a278,1777539302959,1777539302994,202,34.260
1830,exp-perf10000-001830-de69b553,1777539302959,1777539302994,202,34.958
1831,exp-perf10000-001831-1042699a,1777539302960,1777539302994,202,34.418
1832,exp-perf10000-001832-faa350d1,1777539302960,1777539302995,202,35.037
1833,exp-perf10000-001833-44d2cab1,1777539302960,1777539302995,202,34.516
1834,exp-perf10000-001834-bfc5e3f4,1777539302961,1777539302996,202,34.915
1835,exp-perf10000-001835-244b98b0,1777539302961,1777539302996,202,34.763
1836,exp-perf10000-001836-c979ba11,1777539302962,1777539302996,202,34.823
1837,exp-perf10000-001837-feca5bf3,1777539302962,1777539302997,202,34.849
1838,exp-perf10000-001838-a9cb6a50,1777539302962,1777539302997,202,34.814
1839,exp-perf10000-001839-779940ef,1777539302963,1777539302997,202,34.934
1840,exp-perf10000-001840-68a3d262,1777539302963,1777539302998,202,34.849
1841,exp-perf10000-001841-535e7dab,1777539302963,1777539302998,202,34.999
1842,exp-perf10000-001842-adbcee5f,1777539302964,1777539302999,202,35.092
1843,exp-perf10000-001843-d55c4a12,1777539302964,1777539302998,202,34.573
1844,exp-perf10000-001844-ebfd89a8,1777539302964,1777539302999,202,34.524
1845,exp-perf10000-001845-0b41c83c,1777539302965,1777539302999,202,34.824
1846,exp-perf10000-001846-5628e7b2,1777539302965,1777539303000,202,34.927
1847,exp-perf10000-001847-5a2f64ac,1777539302965,1777539303000,202,34.445
1848,exp-perf10000-001848-886177d9,1777539302966,1777539303001,202,34.871
1849,exp-perf10000-001849-2d66fd1f,1777539302966,1777539303000,202,34.468
1850,exp-perf10000-001850-02f631e1,1777539302967,1777539303001,202,34.674
1851,exp-perf10000-001851-c1242293,1777539302967,1777539303001,202,34.318
1852,exp-perf10000-001852-b1ab3aa5,1777539302967,1777539303002,202,34.803
1853,exp-perf10000-001853-12dd0bda,1777539302967,1777539303002,202,34.426
1854,exp-perf10000-001854-5aafde2b,1777539302968,1777539303003,202,34.815
1855,exp-perf10000-001855-75678e29,1777539302968,1777539303002,202,34.260
1856,exp-perf10000-001856-8cfd9507,1777539302969,1777539303003,202,34.711
1857,exp-perf10000-001857-39c6598d,1777539302969,1777539303003,202,34.313
1858,exp-perf10000-001858-fb07c573,1777539302969,1777539303004,202,34.723
1859,exp-perf10000-001859-55c20643,1777539302969,1777539303004,202,34.135
1860,exp-perf10000-001860-94598f28,1777539302970,1777539303004,202,34.678
1861,exp-perf10000-001861-8bc18366,1777539302970,1777539303004,202,34.146
1862,exp-perf10000-001862-c729c64d,1777539302970,1777539303005,202,34.638
1863,exp-perf10000-001863-6a4c0619,1777539302971,1777539303005,202,34.038
1864,exp-perf10000-001864-ba67a1dd,1777539302971,1777539303006,202,34.844
1865,exp-perf10000-001865-df63ccfd,1777539302971,1777539303005,202,34.033
1866,exp-perf10000-001866-da0fd8a1,1777539302972,1777539303007,202,34.762
1867,exp-perf10000-001867-3cea7d04,1777539302972,1777539303006,202,34.152
1868,exp-perf10000-001868-37a84e18,1777539302973,1777539303007,202,34.764
1869,exp-perf10000-001869-65794acb,1777539302973,1777539303007,202,34.304
1870,exp-perf10000-001870-11b9eca4,1777539302973,1777539303008,202,34.654
1871,exp-perf10000-001871-9ca7fedc,1777539302974,1777539303008,202,34.040
1872,exp-perf10000-001872-5b5319fc,1777539302974,1777539303009,202,34.554
1873,exp-perf10000-001873-bf790cc3,1777539302975,1777539303009,202,33.990
1874,exp-perf10000-001874-c87f37cb,1777539302975,1777539303009,202,34.557
1875,exp-perf10000-001875-2898921a,1777539302975,1777539303009,202,34.094
1876,exp-perf10000-001876-89e5b43e,1777539302975,1777539303010,202,34.425
1877,exp-perf10000-001877-51a8dcfb,1777539302976,1777539303010,202,33.981
1878,exp-perf10000-001878-529de9ff,1777539302976,1777539303011,202,34.408
1879,exp-perf10000-001879-b53079ce,1777539302976,1777539303011,202,34.240
1880,exp-perf10000-001880-517c080d,1777539302977,1777539303011,202,34.474
1881,exp-perf10000-001881-68db4c38,1777539302977,1777539303011,202,34.155
1882,exp-perf10000-001882-f4d283ea,1777539302977,1777539303012,202,34.472
1883,exp-perf10000-001883-f1acfef5,1777539302978,1777539303012,202,34.220
1884,exp-perf10000-001884-b9f80951,1777539302978,1777539303013,202,34.542
1885,exp-perf10000-001885-2bce8327,1777539302978,1777539303013,202,34.348
1886,exp-perf10000-001886-37e7dc59,1777539302979,1777539303013,202,34.709
1887,exp-perf10000-001887-4ce02363,1777539302979,1777539303014,202,34.419
1888,exp-perf10000-001888-1c7f456c,1777539302979,1777539303014,202,34.408
1889,exp-perf10000-001889-064ce958,1777539302980,1777539303014,202,34.288
1890,exp-perf10000-001890-edd8650c,1777539302980,1777539303015,202,34.505
1891,exp-perf10000-001891-c7fb30b5,1777539302980,1777539303015,202,34.427
1892,exp-perf10000-001892-6909948f,1777539302981,1777539303015,202,34.571
1893,exp-perf10000-001893-3ebf1649,1777539302981,1777539303015,202,34.299
1894,exp-perf10000-001894-9013cefb,1777539302981,1777539303016,202,34.590
1895,exp-perf10000-001895-f1cc41a8,1777539302982,1777539303016,202,34.303
1896,exp-perf10000-001896-5f55aa73,1777539302982,1777539303016,202,34.587
1897,exp-perf10000-001897-c27305aa,1777539302982,1777539303017,202,34.657
1898,exp-perf10000-001898-1f013513,1777539302982,1777539303017,202,34.242
1899,exp-perf10000-001899-403fc645,1777539302983,1777539303017,202,34.372
1900,exp-perf10000-001900-4b8eca81,1777539302983,1777539303018,202,34.581
1901,exp-perf10000-001901-62a44533,1777539302984,1777539303018,202,34.292
1902,exp-perf10000-001902-57e75587,1777539302984,1777539303018,202,34.636
1903,exp-perf10000-001903-1fce6f77,1777539302984,1777539303019,202,34.701
1904,exp-perf10000-001904-7c16388f,1777539302984,1777539303019,202,34.259
1905,exp-perf10000-001905-4837b6ab,1777539302985,1777539303020,202,34.603
1906,exp-perf10000-001906-49c9cd32,1777539302985,1777539303019,202,33.876
1907,exp-perf10000-001907-74137bbc,1777539302986,1777539303020,202,34.692
1908,exp-perf10000-001908-6ce38ebb,1777539302986,1777539303020,202,33.849
1909,exp-perf10000-001909-3760fa64,1777539302986,1777539303021,202,34.638
1910,exp-perf10000-001910-02c37e57,1777539302987,1777539303021,202,33.810
1911,exp-perf10000-001911-6ff8942c,1777539302987,1777539303022,202,34.899
1912,exp-perf10000-001912-739c0658,1777539302988,1777539303022,202,34.004
1913,exp-perf10000-001913-106433d1,1777539302988,1777539303023,202,35.148
1914,exp-perf10000-001914-29b2daa3,1777539302988,1777539303022,202,33.808
1915,exp-perf10000-001915-35c86f24,1777539302989,1777539303024,202,34.986
1916,exp-perf10000-001916-81b31a10,1777539302989,1777539303023,202,33.692
1917,exp-perf10000-001917-563ae147,1777539302989,1777539303024,202,35.040
1918,exp-perf10000-001918-c19145f2,1777539302990,1777539303023,202,33.845
1919,exp-perf10000-001919-62022d87,1777539302990,1777539303025,202,35.020
1920,exp-perf10000-001920-ccbaaf5b,1777539302990,1777539303024,202,33.613
1921,exp-perf10000-001921-d9c502ab,1777539302991,1777539303026,202,34.636
1922,exp-perf10000-001922-fa3cd2f9,1777539302991,1777539303025,202,33.554
1923,exp-perf10000-001923-6e71b385,1777539302992,1777539303026,202,34.669
1924,exp-perf10000-001924-537b1745,1777539302992,1777539303025,202,33.286
1925,exp-perf10000-001925-16c285e2,1777539302992,1777539303026,202,33.440
1926,exp-perf10000-001926-f9695a45,1777539302992,1777539303027,202,34.598
1927,exp-perf10000-001927-6e69bd6c,1777539302993,1777539303026,202,33.408
1928,exp-perf10000-001928-07c270a6,1777539302993,1777539303028,202,34.373
1929,exp-perf10000-001929-94dcf750,1777539302994,1777539303027,202,33.474
1930,exp-perf10000-001930-3fe9f878,1777539302994,1777539303028,202,34.435
1931,exp-perf10000-001931-153cb891,1777539302994,1777539303028,202,33.305
1932,exp-perf10000-001932-4023793b,1777539302995,1777539303029,202,34.178
1933,exp-perf10000-001933-f7d40d27,1777539302995,1777539303028,202,33.160
1934,exp-perf10000-001934-04beff67,1777539302996,1777539303029,202,33.128
1935,exp-perf10000-001935-958f7fec,1777539302996,1777539303030,202,33.950
1936,exp-perf10000-001936-f5aac888,1777539302996,1777539303029,202,33.008
1937,exp-perf10000-001937-4b9dc951,1777539302997,1777539303030,202,33.709
1938,exp-perf10000-001938-b1bc2341,1777539302997,1777539303030,202,32.997
1939,exp-perf10000-001939-a0ab8d22,1777539302997,1777539303031,202,33.367
1940,exp-perf10000-001940-672e44a5,1777539302998,1777539303031,202,32.836
1941,exp-perf10000-001941-f6ca1656,1777539302998,1777539303032,202,33.428
1942,exp-perf10000-001942-e06e30a4,1777539302998,1777539303031,202,33.035
1943,exp-perf10000-001943-5eec7af9,1777539302999,1777539303032,202,33.417
1944,exp-perf10000-001944-839a9fa2,1777539302999,1777539303032,202,33.029
1945,exp-perf10000-001945-db9a6138,1777539302999,1777539303033,202,33.573
1946,exp-perf10000-001946-eee1440e,1777539303000,1777539303033,202,33.003
1947,exp-perf10000-001947-903488ef,1777539303000,1777539303034,202,33.755
1948,exp-perf10000-001948-ea9ab66c,1777539303000,1777539303033,202,32.974
1949,exp-perf10000-001949-3a05b62d,1777539303001,1777539303034,202,33.603
1950,exp-perf10000-001950-bf3d71b6,1777539303001,1777539303034,202,32.915
1951,exp-perf10000-001951-25987cee,1777539303001,1777539303035,202,33.650
1952,exp-perf10000-001952-fcec2055,1777539303002,1777539303035,202,32.870
1953,exp-perf10000-001953-f7f18cf5,1777539303002,1777539303036,202,33.655
1954,exp-perf10000-001954-dc384e90,1777539303002,1777539303035,202,32.910
1955,exp-perf10000-001955-94d2ca75,1777539303003,1777539303036,202,33.824
1956,exp-perf10000-001956-f0f5b145,1777539303003,1777539303036,202,32.784
1957,exp-perf10000-001957-6a487f79,1777539303003,1777539303037,202,33.983
1958,exp-perf10000-001958-879c56e1,1777539303004,1777539303037,202,32.988
1959,exp-perf10000-001959-ce926e56,1777539303004,1777539303038,202,34.195
1960,exp-perf10000-001960-b298b771,1777539303004,1777539303037,202,33.246
1961,exp-perf10000-001961-10df0b2a,1777539303005,1777539303039,202,34.175
1962,exp-perf10000-001962-02a6cdad,1777539303005,1777539303038,202,33.173
1963,exp-perf10000-001963-7aa93e64,1777539303005,1777539303040,202,34.438
1964,exp-perf10000-001964-2ff2c427,1777539303005,1777539303039,202,33.105
1965,exp-perf10000-001965-80a45fe9,1777539303006,1777539303040,202,33.905
1966,exp-perf10000-001966-90d0f828,1777539303006,1777539303039,202,32.902
1967,exp-perf10000-001967-a9d24df4,1777539303007,1777539303041,202,34.402
1968,exp-perf10000-001968-b58bddf2,1777539303007,1777539303040,202,32.762
1969,exp-perf10000-001969-96811b1c,1777539303007,1777539303042,202,34.372
1970,exp-perf10000-001970-d94ff207,1777539303008,1777539303041,202,33.212
1971,exp-perf10000-001971-7a4461d5,1777539303008,1777539303042,202,34.286
1972,exp-perf10000-001972-5791be43,1777539303009,1777539303042,202,33.050
1973,exp-perf10000-001973-e9bbedf1,1777539303009,1777539303043,202,34.426
1974,exp-perf10000-001974-0e2e7856,1777539303009,1777539303044,202,34.641
1975,exp-perf10000-001975-915ffcd1,1777539303009,1777539303042,202,33.004
1976,exp-perf10000-001976-5ef8c2d9,1777539303010,1777539303044,202,34.593
1977,exp-perf10000-001977-31d5ef5a,1777539303010,1777539303044,202,33.880
1978,exp-perf10000-001978-d6d13e89,1777539303011,1777539303045,202,34.548
1979,exp-perf10000-001979-d9bcf351,1777539303011,1777539303044,202,32.970
1980,exp-perf10000-001980-e7cf3515,1777539303011,1777539303046,202,34.704
1981,exp-perf10000-001981-dc91862f,1777539303011,1777539303044,202,32.880
1982,exp-perf10000-001982-72eaac19,1777539303012,1777539303047,202,34.779
1983,exp-perf10000-001983-afd9860e,1777539303012,1777539303045,202,32.780
1984,exp-perf10000-001984-43efafb3,1777539303013,1777539303047,202,34.692
1985,exp-perf10000-001985-1da4b144,1777539303013,1777539303046,202,32.848
1986,exp-perf10000-001986-7a98297d,1777539303013,1777539303049,202,35.133
1987,exp-perf10000-001987-9596c95f,1777539303014,1777539303046,202,32.531
1988,exp-perf10000-001988-7f52197a,1777539303014,1777539303049,202,35.476
1989,exp-perf10000-001989-b8b46f41,1777539303014,1777539303047,202,32.836
1990,exp-perf10000-001990-288d6731,1777539303015,1777539303050,202,35.914
1991,exp-perf10000-001991-b9268d7e,1777539303015,1777539303048,202,32.958
1992,exp-perf10000-001992-12645a82,1777539303015,1777539303051,202,35.778
1993,exp-perf10000-001993-9098079b,1777539303015,1777539303050,202,34.487
1994,exp-perf10000-001994-a0e4d964,1777539303016,1777539303052,202,35.838
1995,exp-perf10000-001995-f214b4c4,1777539303016,1777539303051,202,34.605
1996,exp-perf10000-001996-39713536,1777539303016,1777539303052,202,35.998
1997,exp-perf10000-001997-b1e84264,1777539303017,1777539303051,202,34.501
1998,exp-perf10000-001998-91b24bb7,1777539303017,1777539303053,202,35.915
1999,exp-perf10000-001999-ee0c39f8,1777539303017,1777539303052,202,34.521
2000,exp-perf10000-002000-6bc6ae7e,1777539303018,1777539303054,202,35.906
2001,exp-perf10000-002001-2f12bdd3,1777539303018,1777539303052,202,34.504
2002,exp-perf10000-002002-73232898,1777539303018,1777539303054,202,35.895
2003,exp-perf10000-002003-b4ca013c,1777539303019,1777539303053,202,34.445
2004,exp-perf10000-002004-5accaadc,1777539303019,1777539303055,202,35.990
2005,exp-perf10000-002005-dc1165eb,1777539303019,1777539303054,202,34.323
2006,exp-perf10000-002006-068df8c7,1777539303020,1777539303056,202,35.888
2007,exp-perf10000-002007-671dad46,1777539303020,1777539303054,202,34.604
2008,exp-perf10000-002008-8bac03ce,1777539303020,1777539303056,202,35.865
2009,exp-perf10000-002009-e5fa3238,1777539303021,1777539303055,202,34.418
2010,exp-perf10000-002010-6b15eead,1777539303021,1777539303057,202,36.260
2011,exp-perf10000-002011-0a049420,1777539303022,1777539303056,202,34.127
2012,exp-perf10000-002012-5e45b763,1777539303022,1777539303056,202,34.337
2013,exp-perf10000-002013-5441eba5,1777539303022,1777539303058,202,35.390
2014,exp-perf10000-002014-908a9566,1777539303023,1777539303057,202,34.648
2015,exp-perf10000-002015-b6a9bd30,1777539303023,1777539303058,202,35.148
2016,exp-perf10000-002016-7a5f4520,1777539303024,1777539303058,202,34.421
2017,exp-perf10000-002017-87479a4d,1777539303024,1777539303059,202,35.389
2018,exp-perf10000-002018-fda35227,1777539303024,1777539303059,202,34.763
2019,exp-perf10000-002019-262e9514,1777539303024,1777539303060,202,35.305
2020,exp-perf10000-002020-f1eff1c2,1777539303025,1777539303059,202,34.654
2021,exp-perf10000-002021-5cbf02fc,1777539303025,1777539303060,202,35.423
2022,exp-perf10000-002022-83d6540e,1777539303025,1777539303060,202,34.799
2023,exp-perf10000-002023-15f6c65a,1777539303026,1777539303061,202,35.469
2024,exp-perf10000-002024-0ca455c4,1777539303026,1777539303061,202,34.975
2025,exp-perf10000-002025-8b8764d8,1777539303026,1777539303062,202,35.431
2026,exp-perf10000-002026-3ae13559,1777539303026,1777539303062,202,35.049
2027,exp-perf10000-002027-022dd07b,1777539303027,1777539303063,202,35.414
2028,exp-perf10000-002028-4b0e5ab2,1777539303027,1777539303062,202,35.036
2029,exp-perf10000-002029-5b65f7c6,1777539303028,1777539303063,202,35.176
2030,exp-perf10000-002030-ccf297bf,1777539303028,1777539303063,202,35.299
2031,exp-perf10000-002031-1997dcc1,1777539303028,1777539303064,202,35.282
2032,exp-perf10000-002032-e3f6ecdf,1777539303029,1777539303064,202,35.249
2033,exp-perf10000-002033-e929439d,1777539303029,1777539303064,202,35.494
2034,exp-perf10000-002034-0f172513,1777539303029,1777539303064,202,35.380
2035,exp-perf10000-002035-0c809409,1777539303030,1777539303065,202,35.460
2036,exp-perf10000-002036-33a67803,1777539303030,1777539303065,202,35.349
2037,exp-perf10000-002037-72b2968d,1777539303030,1777539303066,202,35.487
2038,exp-perf10000-002038-8fad198f,1777539303030,1777539303066,202,35.317
2039,exp-perf10000-002039-60f7c43a,1777539303031,1777539303066,202,35.556
2040,exp-perf10000-002040-92f71116,1777539303031,1777539303066,202,35.406
2041,exp-perf10000-002041-133c028f,1777539303031,1777539303067,202,35.444
2042,exp-perf10000-002042-eb0e9467,1777539303032,1777539303067,202,35.247
2043,exp-perf10000-002043-0b3ac572,1777539303032,1777539303068,202,35.500
2044,exp-perf10000-002044-db47309f,1777539303032,1777539303067,202,35.176
2045,exp-perf10000-002045-48c27b2b,1777539303033,1777539303068,202,35.450
2046,exp-perf10000-002046-973ad0bc,1777539303033,1777539303068,202,35.122
2047,exp-perf10000-002047-8fe847af,1777539303033,1777539303069,202,35.436
2048,exp-perf10000-002048-79c10007,1777539303034,1777539303069,202,34.946
2049,exp-perf10000-002049-fb9dd209,1777539303034,1777539303069,202,35.413
2050,exp-perf10000-002050-cb4b1104,1777539303034,1777539303069,202,35.104
2051,exp-perf10000-002051-19ad5e86,1777539303035,1777539303070,202,35.379
2052,exp-perf10000-002052-2a827840,1777539303035,1777539303070,202,35.066
2053,exp-perf10000-002053-73a88b91,1777539303035,1777539303071,202,35.391
2054,exp-perf10000-002054-dab5a2d3,1777539303036,1777539303071,202,34.975
2055,exp-perf10000-002055-4a4216f7,1777539303036,1777539303071,202,35.487
2056,exp-perf10000-002056-52557575,1777539303037,1777539303071,202,34.740
2057,exp-perf10000-002057-14e23d24,1777539303037,1777539303072,202,35.273
2058,exp-perf10000-002058-fb831c71,1777539303037,1777539303072,202,34.626
2059,exp-perf10000-002059-f4fa80cb,1777539303038,1777539303073,202,35.142
2060,exp-perf10000-002060-5a7a7f9f,1777539303038,1777539303073,202,35.319
2061,exp-perf10000-002061-9d42160f,1777539303038,1777539303073,202,34.385
2062,exp-perf10000-002062-c8930fe0,1777539303039,1777539303074,202,35.391
2063,exp-perf10000-002063-14edcb1e,1777539303039,1777539303073,202,34.506
2064,exp-perf10000-002064-ccd15411,1777539303039,1777539303075,202,35.463
2065,exp-perf10000-002065-8f9e2653,1777539303040,1777539303074,202,34.168
2066,exp-perf10000-002066-ec599b9f,1777539303040,1777539303074,202,34.489
2067,exp-perf10000-002067-7248d870,1777539303040,1777539303075,202,35.197
2068,exp-perf10000-002068-cf601197,1777539303041,1777539303075,202,33.973
2069,exp-perf10000-002069-c1b142f5,1777539303041,1777539303076,202,34.812
2070,exp-perf10000-002070-07b38755,1777539303042,1777539303077,202,35.157
2071,exp-perf10000-002071-fbded6f7,1777539303042,1777539303076,202,33.677
2072,exp-perf10000-002072-3c9c7f11,1777539303042,1777539303077,202,34.231
2073,exp-perf10000-002073-040c3324,1777539303042,1777539303078,202,35.342
2074,exp-perf10000-002074-555f2f02,1777539303043,1777539303077,202,34.309
2075,exp-perf10000-002075-a3473539,1777539303044,1777539303079,202,34.805
2076,exp-perf10000-002076-9ce1cd76,1777539303044,1777539303079,202,35.289
2077,exp-perf10000-002077-45c4c41c,1777539303044,1777539303078,202,33.953
2078,exp-perf10000-002078-3a0741c6,1777539303044,1777539303080,202,35.612
2079,exp-perf10000-002079-7873b1f8,1777539303045,1777539303079,202,34.178
2080,exp-perf10000-002080-0e294a00,1777539303045,1777539303081,202,35.663
2081,exp-perf10000-002081-4182b04c,1777539303045,1777539303079,202,34.224
2082,exp-perf10000-002082-93034f34,1777539303046,1777539303081,202,35.500
2083,exp-perf10000-002083-e8261369,1777539303046,1777539303080,202,34.096
2084,exp-perf10000-002084-f126331c,1777539303046,1777539303082,202,35.692
2085,exp-perf10000-002085-62955f1b,1777539303047,1777539303081,202,34.142
2086,exp-perf10000-002086-9b19f51b,1777539303047,1777539303083,202,35.679
2087,exp-perf10000-002087-2ae53884,1777539303047,1777539303081,202,34.190
2088,exp-perf10000-002088-e6214a68,1777539303048,1777539303083,202,35.445
2089,exp-perf10000-002089-65e70527,1777539303049,1777539303082,202,33.599
2090,exp-perf10000-002090-3ead3dd4,1777539303049,1777539303083,202,33.436
2091,exp-perf10000-002091-5f2a34cd,1777539303050,1777539303084,202,33.965
2092,exp-perf10000-002092-d8c42857,1777539303050,1777539303084,202,33.066
2093,exp-perf10000-002093-80b3b7bc,1777539303051,1777539303085,202,33.842
2094,exp-perf10000-002094-1b8e890d,1777539303051,1777539303084,202,33.214
2095,exp-perf10000-002095-7c964f2d,1777539303051,1777539303085,202,33.867
2096,exp-perf10000-002096-d4db6f9e,1777539303052,1777539303085,202,33.076
2097,exp-perf10000-002097-c818e22e,1777539303052,1777539303086,202,33.876
2098,exp-perf10000-002098-36c03b16,1777539303053,1777539303086,202,33.953
2099,exp-perf10000-002099-b258e0ff,1777539303053,1777539303086,202,32.946
2100,exp-perf10000-002100-d5589e72,1777539303053,1777539303086,202,33.066
2101,exp-perf10000-002101-f1d6cd41,1777539303053,1777539303087,202,34.104
2102,exp-perf10000-002102-a8b059fb,1777539303054,1777539303088,202,34.379
2103,exp-perf10000-002103-d9d9a055,1777539303054,1777539303087,202,32.994
2104,exp-perf10000-002104-4ec4b37f,1777539303054,1777539303088,202,33.380
2105,exp-perf10000-002105-339a29c1,1777539303054,1777539303089,202,34.186
2106,exp-perf10000-002106-cf7ffbdb,1777539303055,1777539303089,202,33.996
2107,exp-perf10000-002107-1ccfff9f,1777539303055,1777539303088,202,33.339
2108,exp-perf10000-002108-326da924,1777539303056,1777539303089,202,33.280
2109,exp-perf10000-002109-80b4bfa0,1777539303056,1777539303090,202,33.897
2110,exp-perf10000-002110-ac560f10,1777539303056,1777539303090,202,33.283
2111,exp-perf10000-002111-6320909a,1777539303056,1777539303091,202,34.324
2112,exp-perf10000-002112-445c0135,1777539303057,1777539303091,202,33.275
2113,exp-perf10000-002113-2df49c7e,1777539303057,1777539303091,202,33.644
2114,exp-perf10000-002114-da1c6d92,1777539303058,1777539303091,202,33.046
2115,exp-perf10000-002115-d2739692,1777539303058,1777539303091,202,33.449
2116,exp-perf10000-002116-398b73c1,1777539303058,1777539303092,202,33.072
2117,exp-perf10000-002117-7a64d1b7,1777539303059,1777539303092,202,33.430
2118,exp-perf10000-002118-ff1e743b,1777539303059,1777539303092,202,33.106
2119,exp-perf10000-002119-42a9b249,1777539303059,1777539303093,202,33.374
2120,exp-perf10000-002120-39d28b17,1777539303060,1777539303093,202,33.145
2121,exp-perf10000-002121-6ea20fd5,1777539303060,1777539303093,202,33.396
2122,exp-perf10000-002122-56c928f5,1777539303060,1777539303094,202,33.239
2123,exp-perf10000-002123-e5887d18,1777539303061,1777539303094,202,33.284
2124,exp-perf10000-002124-e1eed0f6,1777539303061,1777539303094,202,33.130
2125,exp-perf10000-002125-0b0789ac,1777539303062,1777539303095,202,33.118
2126,exp-perf10000-002126-64d7bfac,1777539303062,1777539303095,202,33.171
2127,exp-perf10000-002127-03932211,1777539303062,1777539303095,202,33.041
2128,exp-perf10000-002128-ff9468f9,1777539303063,1777539303096,202,32.997
2129,exp-perf10000-002129-926ff405,1777539303063,1777539303096,202,32.823
2130,exp-perf10000-002130-5e8388cf,1777539303063,1777539303096,202,32.981
2131,exp-perf10000-002131-da586544,1777539303064,1777539303096,202,32.847
2132,exp-perf10000-002132-acfd7245,1777539303064,1777539303097,202,32.998
2133,exp-perf10000-002133-3433da98,1777539303064,1777539303097,202,32.744
2134,exp-perf10000-002134-5280e40a,1777539303064,1777539303098,202,33.065
2135,exp-perf10000-002135-3ab8b529,1777539303065,1777539303098,202,32.711
2136,exp-perf10000-002136-7625ff9c,1777539303065,1777539303098,202,32.977
2137,exp-perf10000-002137-2a41f218,1777539303066,1777539303098,202,32.828
2138,exp-perf10000-002138-30fba1ae,1777539303066,1777539303099,202,33.058
2139,exp-perf10000-002139-154c0fc7,1777539303066,1777539303099,202,32.687
2140,exp-perf10000-002140-277a3979,1777539303066,1777539303100,202,33.156
2141,exp-perf10000-002141-6140afa0,1777539303067,1777539303100,202,33.237
2142,exp-perf10000-002142-640feedb,1777539303067,1777539303100,202,32.660
2143,exp-perf10000-002143-840a772c,1777539303068,1777539303101,202,33.417
2144,exp-perf10000-002144-87abc740,1777539303068,1777539303100,202,32.692
2145,exp-perf10000-002145-8960e447,1777539303068,1777539303102,202,33.648
2146,exp-perf10000-002146-4ae1579e,1777539303068,1777539303101,202,32.683
2147,exp-perf10000-002147-88f42546,1777539303069,1777539303102,202,33.527
2148,exp-perf10000-002148-9324306f,1777539303069,1777539303102,202,32.745
2149,exp-perf10000-002149-3bcf3ba6,1777539303069,1777539303103,202,33.484
2150,exp-perf10000-002150-6a867ebe,1777539303070,1777539303103,202,33.070
2151,exp-perf10000-002151-74985447,1777539303070,1777539303104,202,33.474
2152,exp-perf10000-002152-4b0f8f3c,1777539303070,1777539303103,202,32.983
2153,exp-perf10000-002153-505148d7,1777539303071,1777539303104,202,33.815
2154,exp-perf10000-002154-10ddcbdf,1777539303071,1777539303104,202,32.972
2155,exp-perf10000-002155-9eebee6e,1777539303071,1777539303109,202,37.581
2156,exp-perf10000-002156-82f041d1,1777539303071,1777539303105,202,33.428
2157,exp-perf10000-002157-af41cdf0,1777539303072,1777539303109,202,36.781
2158,exp-perf10000-002158-d4855225,1777539303072,1777539303105,202,33.096
2159,exp-perf10000-002159-060074c3,1777539303073,1777539303109,202,36.207
2160,exp-perf10000-002160-68d5b736,1777539303073,1777539303106,202,33.133
2161,exp-perf10000-002161-0dbafa4d,1777539303073,1777539303109,202,35.612
2162,exp-perf10000-002162-d8c8a7e6,1777539303073,1777539303106,202,33.055
2163,exp-perf10000-002163-f9f5f206,1777539303074,1777539303108,202,34.591
2164,exp-perf10000-002164-c861a0a6,1777539303074,1777539303107,202,33.138
2165,exp-perf10000-002165-155565f4,1777539303074,1777539303109,202,34.915
2166,exp-perf10000-002166-deb5c921,1777539303075,1777539303108,202,33.223
2167,exp-perf10000-002167-55ceecbc,1777539303075,1777539303110,202,34.602
2168,exp-perf10000-002168-3f058d27,1777539303075,1777539303109,202,34.054
2169,exp-perf10000-002169-01be45f3,1777539303076,1777539303110,202,34.247
2170,exp-perf10000-002170-ca4a1e9e,1777539303076,1777539303110,202,33.621
2171,exp-perf10000-002171-f5e37d74,1777539303077,1777539303111,202,34.012
2172,exp-perf10000-002172-658cbe75,1777539303077,1777539303110,202,32.847
2173,exp-perf10000-002173-15373051,1777539303077,1777539303111,202,33.771
2174,exp-perf10000-002174-09536c5f,1777539303078,1777539303110,202,32.433
2175,exp-perf10000-002175-aa09c594,1777539303078,1777539303112,202,33.944
2176,exp-perf10000-002176-0dfd99c5,1777539303079,1777539303111,202,32.300
2177,exp-perf10000-002177-54ae5983,1777539303079,1777539303113,202,33.809
2178,exp-perf10000-002178-f9fab748,1777539303079,1777539303112,202,32.285
2179,exp-perf10000-002179-d1e14d73,1777539303079,1777539303113,202,33.840
2180,exp-perf10000-002180-d4317252,1777539303080,1777539303112,202,32.173
2181,exp-perf10000-002181-e6beac42,1777539303080,1777539303114,202,33.702
2182,exp-perf10000-002182-7f5bbd8c,1777539303081,1777539303113,202,32.101
2183,exp-perf10000-002183-c53cb9bd,1777539303081,1777539303115,202,33.796
2184,exp-perf10000-002184-37f854dc,1777539303081,1777539303114,202,32.323
2185,exp-perf10000-002185-3cbfe82d,1777539303082,1777539303115,202,33.838
2186,exp-perf10000-002186-cebde23f,1777539303082,1777539303114,202,32.161
2187,exp-perf10000-002187-828c15b7,1777539303082,1777539303116,202,33.915
2188,exp-perf10000-002188-c24e0182,1777539303083,1777539303115,202,32.201
2189,exp-perf10000-002189-1539738d,1777539303083,1777539303117,202,33.889
2190,exp-perf10000-002190-1d63a955,1777539303083,1777539303116,202,32.361
2191,exp-perf10000-002191-a8eb7fcf,1777539303084,1777539303117,202,33.875
2192,exp-perf10000-002192-95e56853,1777539303084,1777539303116,202,32.501
2193,exp-perf10000-002193-c15a0e16,1777539303084,1777539303118,202,33.713
2194,exp-perf10000-002194-c6edd505,1777539303085,1777539303117,202,32.586
2195,exp-perf10000-002195-8b7f3735,1777539303085,1777539303119,202,33.863
2196,exp-perf10000-002196-f3f135f1,1777539303085,1777539303118,202,32.561
2197,exp-perf10000-002197-97739a54,1777539303086,1777539303119,202,33.732
2198,exp-perf10000-002198-02d35cb6,1777539303086,1777539303119,202,32.676
2199,exp-perf10000-002199-f3c10a04,1777539303086,1777539303120,202,33.634
2200,exp-perf10000-002200-94a12fc4,1777539303086,1777539303119,202,32.653
2201,exp-perf10000-002201-a509ec5d,1777539303087,1777539303120,202,33.664
2202,exp-perf10000-002202-f3be1c0d,1777539303087,1777539303120,202,32.662
2203,exp-perf10000-002203-6405cbdb,1777539303088,1777539303121,202,33.387
2204,exp-perf10000-002204-14cd149d,1777539303088,1777539303121,202,32.441
2205,exp-perf10000-002205-7d38797d,1777539303088,1777539303122,202,33.236
2206,exp-perf10000-002206-96b399aa,1777539303089,1777539303121,202,32.552
2207,exp-perf10000-002207-9c74066e,1777539303089,1777539303122,202,33.502
2208,exp-perf10000-002208-2eb4334f,1777539303089,1777539303122,202,32.858
2209,exp-perf10000-002209-3ab69f05,1777539303090,1777539303123,202,33.369
2210,exp-perf10000-002210-56cfd36b,1777539303090,1777539303123,202,32.856
2211,exp-perf10000-002211-28f68fa6,1777539303091,1777539303124,202,33.008
2212,exp-perf10000-002212-078183c9,1777539303091,1777539303123,202,32.458
2213,exp-perf10000-002213-e72a391e,1777539303091,1777539303124,202,33.343
2214,exp-perf10000-002214-5380554f,1777539303091,1777539303124,202,32.905
2215,exp-perf10000-002215-36d4c47d,1777539303091,1777539303125,202,33.193
2216,exp-perf10000-002216-d198818b,1777539303092,1777539303125,202,33.530
2217,exp-perf10000-002217-01fcf033,1777539303092,1777539303125,202,33.168
2218,exp-perf10000-002218-427695f9,1777539303092,1777539303126,202,33.446
2219,exp-perf10000-002219-ff50e068,1777539303093,1777539303126,202,33.495
2220,exp-perf10000-002220-a67904d5,1777539303093,1777539303126,202,33.478
2221,exp-perf10000-002221-a9f3459c,1777539303093,1777539303127,202,33.442
2222,exp-perf10000-002222-6cfb153e,1777539303094,1777539303127,202,33.305
2223,exp-perf10000-002223-5690cbad,1777539303094,1777539303128,202,33.602
2224,exp-perf10000-002224-885fe4a3,1777539303094,1777539303128,202,33.434
2225,exp-perf10000-002225-a1c5967a,1777539303095,1777539303130,202,34.881
2226,exp-perf10000-002226-7aadd5aa,1777539303095,1777539303130,202,34.588
2227,exp-perf10000-002227-08379e2c,1777539303095,1777539303130,202,34.193
2228,exp-perf10000-002228-eff551a7,1777539303096,1777539303130,202,34.033
2229,exp-perf10000-002229-138d66e5,1777539303096,1777539303130,202,33.944
2230,exp-perf10000-002230-aa707e1b,1777539303096,1777539303130,202,33.659
2231,exp-perf10000-002231-83e56df8,1777539303097,1777539303130,202,33.663
2232,exp-perf10000-002232-dff74b67,1777539303097,1777539303130,202,33.443
2233,exp-perf10000-002233-20ef7497,1777539303097,1777539303131,202,33.571
2234,exp-perf10000-002234-0fbc2d0d,1777539303098,1777539303131,202,33.007
2235,exp-perf10000-002235-a5d91702,1777539303098,1777539303131,202,33.572
2236,exp-perf10000-002236-2bf43c55,1777539303098,1777539303131,202,33.300
2237,exp-perf10000-002237-dfcab6af,1777539303099,1777539303132,202,33.436
2238,exp-perf10000-002238-5bdbcf80,1777539303099,1777539303132,202,33.084
2239,exp-perf10000-002239-412f15b1,1777539303099,1777539303133,202,33.660
2240,exp-perf10000-002240-e58d7634,1777539303100,1777539303133,202,33.076
2241,exp-perf10000-002241-2843f7b9,1777539303100,1777539303133,202,33.683
2242,exp-perf10000-002242-4a5891d0,1777539303100,1777539303133,202,32.961
2243,exp-perf10000-002243-2fb93a3f,1777539303100,1777539303134,202,33.690
2244,exp-perf10000-002244-45b3896f,1777539303101,1777539303135,202,33.666
2245,exp-perf10000-002245-b801a39f,1777539303101,1777539303134,202,32.700
2246,exp-perf10000-002246-3c892a33,1777539303102,1777539303135,202,33.580
2247,exp-perf10000-002247-be75660a,1777539303102,1777539303134,202,32.586
2248,exp-perf10000-002248-5e03bbab,1777539303102,1777539303135,202,32.678
2249,exp-perf10000-002249-e1fecd60,1777539303103,1777539303136,202,33.245
2250,exp-perf10000-002250-b1b0a0c7,1777539303103,1777539303136,202,32.654
2251,exp-perf10000-002251-e08cca01,1777539303103,1777539303137,202,33.368
2252,exp-perf10000-002252-c1cd8083,1777539303104,1777539303136,202,32.769
2253,exp-perf10000-002253-4d8e6dba,1777539303104,1777539303137,202,33.652
2254,exp-perf10000-002254-bbd02a1e,1777539303105,1777539303137,202,32.393
2255,exp-perf10000-002255-c5ca5e88,1777539303105,1777539303138,202,33.122
2256,exp-perf10000-002256-ab90dddb,1777539303105,1777539303138,202,33.171
2257,exp-perf10000-002257-a9b6c6d2,1777539303106,1777539303139,202,33.282
2258,exp-perf10000-002258-d57cc5e5,1777539303107,1777539303140,202,33.305
2259,exp-perf10000-002259-69f1db11,1777539303107,1777539303141,202,33.252
2260,exp-perf10000-002260-21190377,1777539303108,1777539303141,202,33.348
2261,exp-perf10000-002261-1070b77b,1777539303109,1777539303138,202,29.156
2262,exp-perf10000-002262-d1fee606,1777539303109,1777539303139,202,29.966
2263,exp-perf10000-002263-610e5af0,1777539303109,1777539303138,202,29.338
2264,exp-perf10000-002264-bd155bb7,1777539303109,1777539303140,202,30.532
2265,exp-perf10000-002265-7e990b77,1777539303109,1777539303141,202,31.266
2266,exp-perf10000-002266-13a7a3bd,1777539303109,1777539303142,202,32.503
2267,exp-perf10000-002267-07b1e0f4,1777539303109,1777539303141,202,31.490
2268,exp-perf10000-002268-02107022,1777539303110,1777539303143,202,33.039
2269,exp-perf10000-002269-8f12471e,1777539303110,1777539303142,202,31.992
2270,exp-perf10000-002270-03bc56fd,1777539303110,1777539303143,202,33.477
2271,exp-perf10000-002271-7010e335,1777539303110,1777539303142,202,32.411
2272,exp-perf10000-002272-ca976078,1777539303110,1777539303144,202,34.177
2273,exp-perf10000-002273-1abd758a,1777539303111,1777539303143,202,32.305
2274,exp-perf10000-002274-b168a441,1777539303111,1777539303147,202,35.649
2275,exp-perf10000-002275-89518854,1777539303111,1777539303144,202,32.390
2276,exp-perf10000-002276-7fd6bc06,1777539303112,1777539303147,202,34.939
2277,exp-perf10000-002277-42168043,1777539303112,1777539303146,202,34.164
2278,exp-perf10000-002278-e3cd0b6b,1777539303112,1777539303147,202,34.550
2279,exp-perf10000-002279-a723f71a,1777539303113,1777539303146,202,33.599
2280,exp-perf10000-002280-bafd42d7,1777539303113,1777539303148,202,34.709
2281,exp-perf10000-002281-c74bfcd7,1777539303113,1777539303147,202,33.407
2282,exp-perf10000-002282-6e29cc27,1777539303114,1777539303149,202,35.744
2283,exp-perf10000-002283-f192592c,1777539303114,1777539303148,202,33.823
2284,exp-perf10000-002284-fbf8adda,1777539303114,1777539303149,202,35.167
2285,exp-perf10000-002285-6bd9aa4b,1777539303115,1777539303150,202,35.220
2286,exp-perf10000-002286-e6cf8627,1777539303115,1777539303151,202,35.697
2287,exp-perf10000-002287-7b246990,1777539303115,1777539303150,202,34.349
2288,exp-perf10000-002288-d7f4b0f8,1777539303116,1777539303151,202,35.294
2289,exp-perf10000-002289-65f31d14,1777539303116,1777539303151,202,34.509
2290,exp-perf10000-002290-d0844a15,1777539303117,1777539303152,202,35.434
2291,exp-perf10000-002291-7ffaca61,1777539303117,1777539303151,202,34.561
2292,exp-perf10000-002292-cc576d85,1777539303117,1777539303153,202,35.973
2293,exp-perf10000-002293-348a9b67,1777539303117,1777539303152,202,34.663
2294,exp-perf10000-002294-b043af36,1777539303118,1777539303153,202,35.581
2295,exp-perf10000-002295-fae8489b,1777539303118,1777539303153,202,35.356
2296,exp-perf10000-002296-7e5152e4,1777539303119,1777539303155,202,36.287
2297,exp-perf10000-002297-f4bdde11,1777539303119,1777539303154,202,35.695
2298,exp-perf10000-002298-eee96156,1777539303119,1777539303155,202,35.873
2299,exp-perf10000-002299-4a86bf8f,1777539303119,1777539303155,202,35.741
2300,exp-perf10000-002300-bab07911,1777539303120,1777539303156,202,36.150
2301,exp-perf10000-002301-9a170a6f,1777539303120,1777539303156,202,35.782
2302,exp-perf10000-002302-9c3149ea,1777539303121,1777539303156,202,35.902
2303,exp-perf10000-002303-a152cb89,1777539303121,1777539303157,202,35.954
2304,exp-perf10000-002304-c4d36cf8,1777539303121,1777539303157,202,36.003
2305,exp-perf10000-002305-00fdcddb,1777539303121,1777539303157,202,35.614
2306,exp-perf10000-002306-1f8c1726,1777539303122,1777539303158,202,36.118
2307,exp-perf10000-002307-6b27e47f,1777539303122,1777539303158,202,35.694
2308,exp-perf10000-002308-aa5fcdd7,1777539303122,1777539303159,202,36.093
2309,exp-perf10000-002309-a96457a2,1777539303123,1777539303158,202,35.786
2310,exp-perf10000-002310-813d3dd6,1777539303123,1777539303159,202,36.108
2311,exp-perf10000-002311-59951715,1777539303123,1777539303159,202,35.562
2312,exp-perf10000-002312-5db2f27d,1777539303124,1777539303160,202,36.357
2313,exp-perf10000-002313-7a82a3c4,1777539303124,1777539303160,202,35.757
2314,exp-perf10000-002314-2a43f44c,1777539303124,1777539303161,202,36.393
2315,exp-perf10000-002315-606f671a,1777539303125,1777539303160,202,35.787
2316,exp-perf10000-002316-8193d71a,1777539303125,1777539303162,202,37.080
2317,exp-perf10000-002317-d1ccf782,1777539303125,1777539303162,202,36.612
2318,exp-perf10000-002318-fc579d94,1777539303126,1777539303163,202,36.995
2319,exp-perf10000-002319-ef15e712,1777539303126,1777539303163,202,36.619
2320,exp-perf10000-002320-fca6237e,1777539303126,1777539303164,202,37.319
2321,exp-perf10000-002321-899cc60b,1777539303127,1777539303164,202,37.238
2322,exp-perf10000-002322-67fe3f0b,1777539303127,1777539303165,202,38.026
2323,exp-perf10000-002323-43faa8ea,1777539303128,1777539303165,202,37.713
2324,exp-perf10000-002324-583452ec,1777539303128,1777539303165,202,37.019
2325,exp-perf10000-002325-e6241dc5,1777539303130,1777539303165,202,35.790
2326,exp-perf10000-002326-482f43b7,1777539303130,1777539303166,202,36.554
2327,exp-perf10000-002327-58937d54,1777539303130,1777539303167,202,36.877
2328,exp-perf10000-002328-c9209757,1777539303130,1777539303166,202,36.281
2329,exp-perf10000-002329-d45f4950,1777539303130,1777539303167,202,37.030
2330,exp-perf10000-002330-66da6b76,1777539303130,1777539303167,202,37.265
2331,exp-perf10000-002331-db971835,1777539303130,1777539303168,202,37.339
2332,exp-perf10000-002332-4cd9f691,1777539303130,1777539303168,202,37.716
2333,exp-perf10000-002333-c5b665e2,1777539303131,1777539303169,202,38.275
2334,exp-perf10000-002334-6e9216e6,1777539303131,1777539303168,202,37.710
2335,exp-perf10000-002335-f6372663,1777539303131,1777539303169,202,38.043
2336,exp-perf10000-002336-a2b4f0c8,1777539303131,1777539303170,202,38.429
2337,exp-perf10000-002337-91ec9485,1777539303132,1777539303170,202,38.198
2338,exp-perf10000-002338-77410d61,1777539303132,1777539303171,202,38.547
2339,exp-perf10000-002339-8b375abd,1777539303133,1777539303171,202,38.331
2340,exp-perf10000-002340-71701004,1777539303133,1777539303171,202,37.799
2341,exp-perf10000-002341-0d52e732,1777539303133,1777539303172,202,38.557
2342,exp-perf10000-002342-97ab9070,1777539303133,1777539303171,202,38.017
2343,exp-perf10000-002343-69aea653,1777539303134,1777539303173,202,38.824
2344,exp-perf10000-002344-38f5c0d9,1777539303134,1777539303172,202,37.953
2345,exp-perf10000-002345-36a5da57,1777539303134,1777539303173,202,39.033
2346,exp-perf10000-002346-b9271972,1777539303135,1777539303173,202,37.985
2347,exp-perf10000-002347-f1a02bab,1777539303135,1777539303174,202,38.987
2348,exp-perf10000-002348-b8cf0ee5,1777539303135,1777539303173,202,38.093
2349,exp-perf10000-002349-e26dfae1,1777539303136,1777539303175,202,38.867
2350,exp-perf10000-002350-ddd0cf2b,1777539303136,1777539303174,202,38.246
2351,exp-perf10000-002351-1b61cbe6,1777539303136,1777539303175,202,38.981
2352,exp-perf10000-002352-97e6087b,1777539303137,1777539303175,202,38.180
2353,exp-perf10000-002353-cc9667db,1777539303137,1777539303176,202,39.436
2354,exp-perf10000-002354-d3635925,1777539303137,1777539303175,202,38.011
2355,exp-perf10000-002355-06374082,1777539303138,1777539303177,202,39.124
2356,exp-perf10000-002356-4e9b373d,1777539303138,1777539303176,202,38.186
2357,exp-perf10000-002357-9ab9f65c,1777539303138,1777539303177,202,38.450
2358,exp-perf10000-002358-0433255e,1777539303139,1777539303178,202,39.507
2359,exp-perf10000-002359-f8748707,1777539303139,1777539303179,202,39.664
2360,exp-perf10000-002360-4125f2ed,1777539303139,1777539303178,202,38.394
2361,exp-perf10000-002361-721494b5,1777539303140,1777539303179,202,39.332
2362,exp-perf10000-002362-5adf3521,1777539303140,1777539303179,202,38.649
2363,exp-perf10000-002363-1c683a2a,1777539303141,1777539303179,202,38.548
2364,exp-perf10000-002364-821e9c2b,1777539303141,1777539303180,202,39.808
2365,exp-perf10000-002365-163300ce,1777539303141,1777539303181,202,39.979
2366,exp-perf10000-002366-02cd8661,1777539303141,1777539303180,202,38.481
2367,exp-perf10000-002367-14eaa3b5,1777539303142,1777539303182,202,39.795
2368,exp-perf10000-002368-0df96429,1777539303142,1777539303181,202,38.775
2369,exp-perf10000-002369-ed4fa483,1777539303143,1777539303182,202,39.746
2370,exp-perf10000-002370-93cb640a,1777539303143,1777539303181,202,38.442
2371,exp-perf10000-002371-81efed8a,1777539303143,1777539303183,202,39.967
2372,exp-perf10000-002372-3a9484be,1777539303143,1777539303182,202,38.524
2373,exp-perf10000-002373-9431cffc,1777539303144,1777539303184,202,39.975
2374,exp-perf10000-002374-4efc9ab4,1777539303145,1777539303183,202,38.248
2375,exp-perf10000-002375-b9c88f04,1777539303146,1777539303185,202,38.979
2376,exp-perf10000-002376-b998070d,1777539303146,1777539303184,202,38.093
2377,exp-perf10000-002377-c5d869c2,1777539303147,1777539303184,202,36.900
2378,exp-perf10000-002378-5bd26fe1,1777539303147,1777539303184,202,37.470
2379,exp-perf10000-002379-ee6c0016,1777539303147,1777539303185,202,38.193
2380,exp-perf10000-002380-d854d149,1777539303147,1777539303187,202,39.910
2381,exp-perf10000-002381-e4d5e998,1777539303148,1777539303186,202,38.715
2382,exp-perf10000-002382-9cf43f11,1777539303148,1777539303187,202,38.950
2383,exp-perf10000-002383-e24a24f7,1777539303149,1777539303187,202,37.628
2384,exp-perf10000-002384-7a372c9d,1777539303150,1777539303187,202,37.281
2385,exp-perf10000-002385-8f5bbe05,1777539303150,1777539303188,202,38.026
2386,exp-perf10000-002386-1d83ed31,1777539303150,1777539303187,202,37.396
2387,exp-perf10000-002387-46c62cb8,1777539303151,1777539303188,202,36.833
2388,exp-perf10000-002388-8c6ad846,1777539303151,1777539303189,202,38.243
2389,exp-perf10000-002389-c51e914d,1777539303151,1777539303188,202,37.220
2390,exp-perf10000-002390-972032b7,1777539303151,1777539303190,202,38.474
2391,exp-perf10000-002391-3ca980fb,1777539303152,1777539303189,202,36.950
2392,exp-perf10000-002392-5514f68f,1777539303152,1777539303190,202,38.207
2393,exp-perf10000-002393-02122603,1777539303153,1777539303190,202,36.364
2394,exp-perf10000-002394-aafd3226,1777539303153,1777539303190,202,36.846
2395,exp-perf10000-002395-4247b7af,1777539303153,1777539303191,202,37.846
2396,exp-perf10000-002396-2b407186,1777539303155,1777539303192,202,37.386
2397,exp-perf10000-002397-3d15062a,1777539303155,1777539303191,202,36.102
2398,exp-perf10000-002398-040b4768,1777539303155,1777539303194,202,38.984
2399,exp-perf10000-002399-5eacfa50,1777539303155,1777539303192,202,36.460
2400,exp-perf10000-002400-61fe600b,1777539303156,1777539303193,202,37.050
2401,exp-perf10000-002401-7d4c3a3d,1777539303156,1777539303194,202,37.769
2402,exp-perf10000-002402-b8e8b04b,1777539303156,1777539303194,202,37.824
2403,exp-perf10000-002403-26f14b19,1777539303157,1777539303193,202,36.847
2404,exp-perf10000-002404-f2455372,1777539303157,1777539303194,202,37.385
2405,exp-perf10000-002405-2476bf8e,1777539303157,1777539303195,202,37.578
2406,exp-perf10000-002406-d1a25ab3,1777539303158,1777539303195,202,37.449
2407,exp-perf10000-002407-b9f38f22,1777539303158,1777539303195,202,37.582
2408,exp-perf10000-002408-fd103b34,1777539303158,1777539303196,202,37.411
2409,exp-perf10000-002409-807be27c,1777539303159,1777539303196,202,37.460
2410,exp-perf10000-002410-f2fe0299,1777539303159,1777539303197,202,37.684
2411,exp-perf10000-002411-ea2ef192,1777539303159,1777539303197,202,37.586
2412,exp-perf10000-002412-9c4e23f4,1777539303160,1777539303197,202,37.500
2413,exp-perf10000-002413-5cfd0c33,1777539303160,1777539303198,202,37.353
2414,exp-perf10000-002414-ca8c909a,1777539303161,1777539303198,202,37.403
2415,exp-perf10000-002415-c93a28cb,1777539303161,1777539303198,202,37.356
2416,exp-perf10000-002416-9aaa243a,1777539303162,1777539303199,202,36.565
2417,exp-perf10000-002417-07084706,1777539303162,1777539303199,202,36.524
2418,exp-perf10000-002418-a1955b00,1777539303163,1777539303200,202,36.714
2419,exp-perf10000-002419-24bcf12b,1777539303163,1777539303199,202,36.284
2420,exp-perf10000-002420-6a23b2f8,1777539303164,1777539303200,202,36.365
2421,exp-perf10000-002421-615ab173,1777539303164,1777539303200,202,35.635
2422,exp-perf10000-002422-c22c9158,1777539303165,1777539303201,202,35.739
2423,exp-perf10000-002423-022eaaef,1777539303165,1777539303201,202,35.802
2424,exp-perf10000-002424-78799bf9,1777539303166,1777539303201,202,35.774
2425,exp-perf10000-002425-19c68673,1777539303166,1777539303202,202,35.851
2426,exp-perf10000-002426-78548caf,1777539303166,1777539303202,202,35.828
2427,exp-perf10000-002427-c23098ec,1777539303166,1777539303202,202,36.187
2428,exp-perf10000-002428-92c9972e,1777539303167,1777539303203,202,36.409
2429,exp-perf10000-002429-4a4f75d6,1777539303167,1777539303203,202,35.836
2430,exp-perf10000-002430-6a9e728c,1777539303167,1777539303204,202,36.719
2431,exp-perf10000-002431-2d482ea5,1777539303168,1777539303204,202,35.915
2432,exp-perf10000-002432-04f5d1a1,1777539303168,1777539303204,202,36.374
2433,exp-perf10000-002433-49f24cdb,1777539303169,1777539303205,202,35.997
2434,exp-perf10000-002434-1308d82c,1777539303169,1777539303205,202,36.066
2435,exp-perf10000-002435-0c5c87bc,1777539303169,1777539303205,202,35.785
2436,exp-perf10000-002436-1e71a5ff,1777539303170,1777539303206,202,35.752
2437,exp-perf10000-002437-76eaee60,1777539303170,1777539303206,202,35.648
2438,exp-perf10000-002438-c508866a,1777539303171,1777539303207,202,36.378
2439,exp-perf10000-002439-b510998c,1777539303171,1777539303207,202,35.943
2440,exp-perf10000-002440-dfba2ffe,1777539303171,1777539303207,202,36.152
2441,exp-perf10000-002441-0346d9f3,1777539303171,1777539303208,202,36.269
2442,exp-perf10000-002442-6181b2f4,1777539303172,1777539303208,202,36.147
2443,exp-perf10000-002443-1852d7cb,1777539303172,1777539303209,202,36.561
2444,exp-perf10000-002444-a2e5c26e,1777539303173,1777539303210,202,36.950
2445,exp-perf10000-002445-dd4be07b,1777539303173,1777539303210,202,36.937
2446,exp-perf10000-002446-098d3e15,1777539303173,1777539303210,202,36.812
2447,exp-perf10000-002447-711fab37,1777539303174,1777539303210,202,36.075
2448,exp-perf10000-002448-6ba494f6,1777539303174,1777539303210,202,36.238
2449,exp-perf10000-002449-6f07b833,1777539303174,1777539303211,202,36.431
2450,exp-perf10000-002450-965858d1,1777539303175,1777539303211,202,36.142
2451,exp-perf10000-002451-717e0ad3,1777539303175,1777539303212,202,36.801
2452,exp-perf10000-002452-7becd6b4,1777539303175,1777539303212,202,36.159
2453,exp-perf10000-002453-130dd00a,1777539303176,1777539303212,202,36.715
2454,exp-perf10000-002454-6f8d18a7,1777539303176,1777539303213,202,36.472
2455,exp-perf10000-002455-e637f1ee,1777539303176,1777539303213,202,36.781
2456,exp-perf10000-002456-4c016995,1777539303177,1777539303214,202,36.516
2457,exp-perf10000-002457-af6fd6fb,1777539303177,1777539303213,202,35.957
2458,exp-perf10000-002458-243d45e9,1777539303178,1777539303214,202,36.690
2459,exp-perf10000-002459-3b8adba1,1777539303178,1777539303214,202,35.547
2460,exp-perf10000-002460-1ba61bfe,1777539303179,1777539303215,202,36.343
2461,exp-perf10000-002461-b132f52d,1777539303179,1777539303214,202,35.621
2462,exp-perf10000-002462-f35689f4,1777539303179,1777539303215,202,36.197
2463,exp-perf10000-002463-e8df705a,1777539303179,1777539303216,202,36.393
2464,exp-perf10000-002464-09ff0b6d,1777539303180,1777539303217,202,36.620
2465,exp-perf10000-002465-a25c15b6,1777539303180,1777539303215,202,34.978
2466,exp-perf10000-002466-5637cd46,1777539303181,1777539303219,202,37.910
2467,exp-perf10000-002467-0f9552f3,1777539303181,1777539303216,202,35.147
2468,exp-perf10000-002468-394089ac,1777539303181,1777539303220,202,38.789
2469,exp-perf10000-002469-64969cae,1777539303182,1777539303218,202,36.581
2470,exp-perf10000-002470-8857bced,1777539303182,1777539303220,202,38.027
2471,exp-perf10000-002471-4222a1ef,1777539303182,1777539303219,202,36.511
2472,exp-perf10000-002472-289a6296,1777539303183,1777539303220,202,37.234
2473,exp-perf10000-002473-65ee0f11,1777539303183,1777539303219,202,35.647
2474,exp-perf10000-002474-5b5b893b,1777539303184,1777539303220,202,36.085
2475,exp-perf10000-002475-2b13edc3,1777539303184,1777539303221,202,37.094
2476,exp-perf10000-002476-f942f2aa,1777539303184,1777539303221,202,37.182
2477,exp-perf10000-002477-a39bfe43,1777539303184,1777539303221,202,36.841
2478,exp-perf10000-002478-71324916,1777539303185,1777539303222,202,36.699
2479,exp-perf10000-002479-557f933e,1777539303185,1777539303221,202,35.531
2480,exp-perf10000-002480-cfbfd87a,1777539303186,1777539303222,202,35.744
2481,exp-perf10000-002481-b3ca8876,1777539303187,1777539303222,202,35.295
2482,exp-perf10000-002482-1f61cc0b,1777539303187,1777539303223,202,35.615
2483,exp-perf10000-002483-0d835957,1777539303187,1777539303223,202,35.679
2484,exp-perf10000-002484-c6823bff,1777539303187,1777539303225,202,37.888
2485,exp-perf10000-002485-eefeac01,1777539303187,1777539303224,202,36.194
2486,exp-perf10000-002486-5f0115cc,1777539303188,1777539303228,202,40.380
2487,exp-perf10000-002487-e499a73c,1777539303188,1777539303225,202,37.054
2488,exp-perf10000-002488-49ea3758,1777539303188,1777539303228,202,39.643
2489,exp-perf10000-002489-1fd31949,1777539303189,1777539303233,202,44.187
2490,exp-perf10000-002490-3d436748,1777539303189,1777539303227,202,37.506
2491,exp-perf10000-002491-bd760992,1777539303190,1777539303233,202,43.567
2492,exp-perf10000-002492-d6c642be,1777539303190,1777539303227,202,37.160
2493,exp-perf10000-002493-9ed7c3e0,1777539303190,1777539303233,202,42.261
2494,exp-perf10000-002494-60fe5bb7,1777539303191,1777539303232,202,41.091
2495,exp-perf10000-002495-e097677f,1777539303191,1777539303233,202,41.911
2496,exp-perf10000-002496-a1aec3a9,1777539303191,1777539303231,202,39.887
2497,exp-perf10000-002497-89ebba5b,1777539303192,1777539303234,202,42.542
2498,exp-perf10000-002498-dd89b116,1777539303192,1777539303231,202,39.306
2499,exp-perf10000-002499-2a50c8a8,1777539303193,1777539303236,202,43.234
2500,exp-perf10000-002500-402fbe8e,1777539303193,1777539303237,202,43.025
2501,exp-perf10000-002501-57fe2d8a,1777539303194,1777539303231,202,37.309
2502,exp-perf10000-002502-f698f1f0,1777539303194,1777539303234,202,40.184
2503,exp-perf10000-002503-add2265c,1777539303194,1777539303235,202,40.261
2504,exp-perf10000-002504-c02e3385,1777539303194,1777539303237,202,42.987
2505,exp-perf10000-002505-c65357e1,1777539303195,1777539303235,202,40.097
2506,exp-perf10000-002506-fd89a2b9,1777539303195,1777539303239,202,43.656
2507,exp-perf10000-002507-cb3ced10,1777539303196,1777539303236,202,40.429
2508,exp-perf10000-002508-d6b5b1d5,1777539303196,1777539303239,202,43.219
2509,exp-perf10000-002509-de52a77d,1777539303196,1777539303237,202,40.838
2510,exp-perf10000-002510-206e5bc4,1777539303197,1777539303240,202,42.974
2511,exp-perf10000-002511-d0d60929,1777539303197,1777539303238,202,41.026
2512,exp-perf10000-002512-15afe569,1777539303197,1777539303240,202,42.841
2513,exp-perf10000-002513-5f8cf9b9,1777539303198,1777539303239,202,40.968
2514,exp-perf10000-002514-14a38e7f,1777539303198,1777539303241,202,42.993
2515,exp-perf10000-002515-55d2f762,1777539303198,1777539303239,202,41.074
2516,exp-perf10000-002516-d3030095,1777539303199,1777539303242,202,43.201
2517,exp-perf10000-002517-9262b6d4,1777539303199,1777539303240,202,41.084
2518,exp-perf10000-002518-6565fb75,1777539303199,1777539303242,202,43.023
2519,exp-perf10000-002519-8c822f79,1777539303200,1777539303241,202,40.954
2520,exp-perf10000-002520-6b361907,1777539303200,1777539303243,202,42.958
2521,exp-perf10000-002521-083cdeb2,1777539303200,1777539303241,202,41.240
2522,exp-perf10000-002522-8bfe76e9,1777539303201,1777539303244,202,42.884
2523,exp-perf10000-002523-e8ec0581,1777539303201,1777539303242,202,41.101
2524,exp-perf10000-002524-e7bca54a,1777539303201,1777539303244,202,43.011
2525,exp-perf10000-002525-073da392,1777539303202,1777539303243,202,41.046
2526,exp-perf10000-002526-d9d4c10d,1777539303202,1777539303245,202,43.306
2527,exp-perf10000-002527-6a7201cd,1777539303203,1777539303243,202,40.686
2528,exp-perf10000-002528-85d6dfbe,1777539303203,1777539303246,202,43.627
2529,exp-perf10000-002529-4b4edb0b,1777539303203,1777539303244,202,40.746
2530,exp-perf10000-002530-ca8355f9,1777539303204,1777539303247,202,43.247
2531,exp-perf10000-002531-cbbf104a,1777539303204,1777539303245,202,40.638
2532,exp-perf10000-002532-e5aba880,1777539303205,1777539303245,202,40.889
2533,exp-perf10000-002533-6355f11e,1777539303205,1777539303248,202,42.919
2534,exp-perf10000-002534-db4367e2,1777539303205,1777539303246,202,41.043
2535,exp-perf10000-002535-c8ecfa75,1777539303205,1777539303248,202,43.162
2536,exp-perf10000-002536-667c59db,1777539303206,1777539303247,202,41.323
2537,exp-perf10000-002537-fc1ec934,1777539303206,1777539303249,202,43.289
2538,exp-perf10000-002538-889acb09,1777539303207,1777539303248,202,41.234
2539,exp-perf10000-002539-db0a83e2,1777539303207,1777539303250,202,43.018
2540,exp-perf10000-002540-99455f2b,1777539303207,1777539303249,202,41.427
2541,exp-perf10000-002541-82c42ad0,1777539303208,1777539303251,202,42.758
2542,exp-perf10000-002542-2c65198e,1777539303208,1777539303250,202,41.581
2543,exp-perf10000-002543-aa3e4403,1777539303209,1777539303251,202,42.486
2544,exp-perf10000-002544-da694a85,1777539303210,1777539303250,202,40.521
2545,exp-perf10000-002545-9b6eeb21,1777539303210,1777539303252,202,41.939
2546,exp-perf10000-002546-3d84cf53,1777539303210,1777539303251,202,40.794
2547,exp-perf10000-002547-6f93de38,1777539303210,1777539303252,202,42.092
2548,exp-perf10000-002548-3f744bd0,1777539303210,1777539303252,202,41.239
2549,exp-perf10000-002549-8a800703,1777539303211,1777539303253,202,42.200
2550,exp-perf10000-002550-b05954e3,1777539303211,1777539303252,202,41.389
2551,exp-perf10000-002551-d2cf53c2,1777539303212,1777539303253,202,41.124
2552,exp-perf10000-002552-6ab4a8a6,1777539303212,1777539303254,202,41.936
2553,exp-perf10000-002553-34b1d2e5,1777539303212,1777539303254,202,41.992
2554,exp-perf10000-002554-0b1986d1,1777539303213,1777539303255,202,41.977
2555,exp-perf10000-002555-904eca15,1777539303213,1777539303254,202,40.200
2556,exp-perf10000-002556-0e2cc413,1777539303213,1777539303254,202,40.763
2557,exp-perf10000-002557-d3b108f9,1777539303214,1777539303255,202,41.908
2558,exp-perf10000-002558-f8dc39cb,1777539303214,1777539303255,202,41.451
2559,exp-perf10000-002559-b74fd8ea,1777539303214,1777539303259,202,44.161
2560,exp-perf10000-002560-c51ebc57,1777539303215,1777539303256,202,41.831
2561,exp-perf10000-002561-b756fe76,1777539303215,1777539303257,202,41.831
2562,exp-perf10000-002562-1b23ca2e,1777539303215,1777539303259,202,43.355
2563,exp-perf10000-002563-b5528fc7,1777539303216,1777539303259,202,43.193
2564,exp-perf10000-002564-f1df0c54,1777539303216,1777539303257,202,41.716
2565,exp-perf10000-002565-75f3def9,1777539303216,1777539303259,202,42.814
2566,exp-perf10000-002566-fe5c917c,1777539303217,1777539303258,202,41.654
2567,exp-perf10000-002567-429a57a3,1777539303218,1777539303259,202,40.920
2568,exp-perf10000-002568-0e9c818f,1777539303219,1777539303260,202,40.913
2569,exp-perf10000-002569-20207399,1777539303219,1777539303259,202,40.516
2570,exp-perf10000-002570-5e0144bb,1777539303219,1777539303261,202,42.002
2571,exp-perf10000-002571-201e44d1,1777539303220,1777539303260,202,40.288
2572,exp-perf10000-002572-e6e2869c,1777539303220,1777539303259,202,39.317
2573,exp-perf10000-002573-d7f79a5a,1777539303220,1777539303262,202,41.324
2574,exp-perf10000-002574-c2c16356,1777539303220,1777539303263,202,42.445
2575,exp-perf10000-002575-9724ed50,1777539303221,1777539303263,202,42.288
2576,exp-perf10000-002576-54c771e3,1777539303221,1777539303262,202,41.348
2577,exp-perf10000-002577-a21aa874,1777539303221,1777539303262,202,40.133
2578,exp-perf10000-002578-0cccae67,1777539303222,1777539303264,202,42.112
2579,exp-perf10000-002579-8da91fe8,1777539303222,1777539303264,202,42.671
2580,exp-perf10000-002580-7c1a5fce,1777539303222,1777539303265,202,43.107
2581,exp-perf10000-002581-a834a5ab,1777539303222,1777539303267,202,44.104
2582,exp-perf10000-002582-15113e70,1777539303223,1777539303267,202,43.982
2583,exp-perf10000-002583-f2c3c692,1777539303223,1777539303266,202,43.364
2584,exp-perf10000-002584-03704959,1777539303224,1777539303267,202,42.884
2585,exp-perf10000-002585-9f5eddf7,1777539303225,1777539303267,202,42.017
2586,exp-perf10000-002586-e32eca99,1777539303225,1777539303267,202,41.545
2587,exp-perf10000-002587-0020e976,1777539303227,1777539303268,202,41.037
2588,exp-perf10000-002588-34aea3bc,1777539303227,1777539303269,202,41.277
2589,exp-perf10000-002589-7cd3509b,1777539303228,1777539303268,202,40.416
2590,exp-perf10000-002590-5eae603e,1777539303229,1777539303268,202,39.200
2591,exp-perf10000-002591-592d6a8a,1777539303231,1777539303272,202,40.203
2592,exp-perf10000-002592-f9dd8651,1777539303232,1777539303270,202,38.675
2593,exp-perf10000-002593-7c8706ec,1777539303232,1777539303269,202,37.846
2594,exp-perf10000-002594-c6c3cba8,1777539303232,1777539303273,202,40.921
2595,exp-perf10000-002595-9ed24aea,1777539303233,1777539303271,202,38.244
2596,exp-perf10000-002596-2c8faab9,1777539303233,1777539303269,202,35.741
2597,exp-perf10000-002597-610d40ef,1777539303233,1777539303270,202,36.481
2598,exp-perf10000-002598-154aa1f9,1777539303234,1777539303271,202,37.965
2599,exp-perf10000-002599-4cc48576,1777539303234,1777539303272,202,38.141
2600,exp-perf10000-002600-350f7596,1777539303234,1777539303275,202,40.125
2601,exp-perf10000-002601-94fdb05a,1777539303235,1777539303273,202,38.780
2602,exp-perf10000-002602-fc8ef9cd,1777539303235,1777539303276,202,41.101
2603,exp-perf10000-002603-3ace973b,1777539303236,1777539303276,202,40.397
2604,exp-perf10000-002604-53f3972a,1777539303236,1777539303273,202,36.989
2605,exp-perf10000-002605-ead20411,1777539303237,1777539303274,202,37.427
2606,exp-perf10000-002606-b2ba9b95,1777539303237,1777539303277,202,39.983
2607,exp-perf10000-002607-056e8e5a,1777539303238,1777539303275,202,37.554
2608,exp-perf10000-002608-951f560c,1777539303238,1777539303278,202,39.901
2609,exp-perf10000-002609-925f7f78,1777539303239,1777539303280,202,41.423
2610,exp-perf10000-002610-7d3b7874,1777539303239,1777539303276,202,37.538
2611,exp-perf10000-002611-54697a1f,1777539303239,1777539303277,202,38.134
2612,exp-perf10000-002612-a116841f,1777539303239,1777539303280,202,40.679
2613,exp-perf10000-002613-18002df0,1777539303240,1777539303278,202,38.338
2614,exp-perf10000-002614-b20574b3,1777539303240,1777539303280,202,40.432
2615,exp-perf10000-002615-3e36553b,1777539303240,1777539303279,202,38.692
2616,exp-perf10000-002616-5e145518,1777539303241,1777539303281,202,40.490
2617,exp-perf10000-002617-314cc9a3,1777539303241,1777539303280,202,38.844
2618,exp-perf10000-002618-4d4d98bd,1777539303242,1777539303282,202,40.350
2619,exp-perf10000-002619-cf00f46d,1777539303242,1777539303281,202,38.917
2620,exp-perf10000-002620-3123b4e3,1777539303242,1777539303283,202,40.672
2621,exp-perf10000-002621-3edeaa36,1777539303242,1777539303281,202,38.812
2622,exp-perf10000-002622-075f5dc2,1777539303243,1777539303284,202,41.097
2623,exp-perf10000-002623-89b0e709,1777539303243,1777539303282,202,39.423
2624,exp-perf10000-002624-09652988,1777539303243,1777539303286,202,42.391
2625,exp-perf10000-002625-d7b212e2,1777539303244,1777539303283,202,39.570
2626,exp-perf10000-002626-f790f01b,1777539303244,1777539303286,202,42.060
2627,exp-perf10000-002627-9d34e9f3,1777539303244,1777539303284,202,39.590
2628,exp-perf10000-002628-79c7cda1,1777539303245,1777539303288,202,42.842
2629,exp-perf10000-002629-c141eb98,1777539303245,1777539303285,202,40.029
2630,exp-perf10000-002630-ac96e525,1777539303245,1777539303289,202,43.052
2631,exp-perf10000-002631-61cdcf4e,1777539303246,1777539303291,202,44.710
2632,exp-perf10000-002632-1c3697a8,1777539303247,1777539303286,202,39.527
2633,exp-perf10000-002633-12b85b56,1777539303247,1777539303286,202,39.506
2634,exp-perf10000-002634-7b7444eb,1777539303247,1777539303291,202,44.055
2635,exp-perf10000-002635-706731b0,1777539303248,1777539303288,202,40.375
2636,exp-perf10000-002636-676a6b83,1777539303248,1777539303292,202,43.858
2637,exp-perf10000-002637-6fa1e44a,1777539303249,1777539303289,202,40.368
2638,exp-perf10000-002638-b6a4c437,1777539303249,1777539303292,202,43.359
2639,exp-perf10000-002639-c6e39e85,1777539303249,1777539303290,202,40.656
2640,exp-perf10000-002640-8efb390c,1777539303250,1777539303294,202,44.809
2641,exp-perf10000-002641-fa2b10c4,1777539303250,1777539303291,202,40.449
2642,exp-perf10000-002642-dbcdbcb2,1777539303250,1777539303295,202,44.772
2643,exp-perf10000-002643-c61dc255,1777539303251,1777539303292,202,41.027
2644,exp-perf10000-002644-d112c3ef,1777539303251,1777539303296,202,44.689
2645,exp-perf10000-002645-93aaf6ed,1777539303251,1777539303292,202,40.809
2646,exp-perf10000-002646-ab235d5e,1777539303252,1777539303297,202,44.790
2647,exp-perf10000-002647-b8478d59,1777539303252,1777539303293,202,41.000
2648,exp-perf10000-002648-a15d41fe,1777539303252,1777539303297,202,44.876
2649,exp-perf10000-002649-3336da81,1777539303252,1777539303294,202,41.291
2650,exp-perf10000-002650-03f155fe,1777539303253,1777539303299,202,45.810
2651,exp-perf10000-002651-f9f18497,1777539303253,1777539303295,202,41.942
2652,exp-perf10000-002652-e2efb030,1777539303254,1777539303300,202,46.606
2653,exp-perf10000-002653-7b5d8a3b,1777539303254,1777539303295,202,41.796
2654,exp-perf10000-002654-e29e6cf2,1777539303254,1777539303301,202,47.018
2655,exp-perf10000-002655-88c35699,1777539303254,1777539303296,202,41.793
2656,exp-perf10000-002656-6660e6f5,1777539303255,1777539303297,202,42.001
2657,exp-perf10000-002657-ba9cfd40,1777539303255,1777539303301,202,46.254
2658,exp-perf10000-002658-1dcf7c9d,1777539303256,1777539303298,202,42.368
2659,exp-perf10000-002659-02a5ac49,1777539303256,1777539303300,202,43.064
2660,exp-perf10000-002660-4e6f2be1,1777539303257,1777539303301,202,43.973
2661,exp-perf10000-002661-ce520d26,1777539303257,1777539303302,202,44.429
2662,exp-perf10000-002662-b9631861,1777539303258,1777539303306,202,47.283
2663,exp-perf10000-002663-b9d8772f,1777539303259,1777539303306,202,46.855
2664,exp-perf10000-002664-681d4c28,1777539303259,1777539303306,202,46.773
2665,exp-perf10000-002665-c23307f5,1777539303259,1777539303306,202,46.921
2666,exp-perf10000-002666-f50c36a3,1777539303259,1777539303306,202,47.183
2667,exp-perf10000-002667-a4dd6648,1777539303259,1777539303307,202,48.116
2668,exp-perf10000-002668-c50d95d4,1777539303259,1777539303306,202,46.339
2669,exp-perf10000-002669-3b739e2b,1777539303260,1777539303305,202,45.227
2670,exp-perf10000-002670-b4099ccc,1777539303260,1777539303307,202,47.687
2671,exp-perf10000-002671-85ccfef9,1777539303260,1777539303306,202,46.240
2672,exp-perf10000-002672-92d129c3,1777539303261,1777539303308,202,46.785
2673,exp-perf10000-002673-a4974f09,1777539303262,1777539303309,202,47.276
2674,exp-perf10000-002674-eb06b8d7,1777539303262,1777539303306,202,44.620
2675,exp-perf10000-002675-24d0777f,1777539303263,1777539303309,202,46.854
2676,exp-perf10000-002676-9a6a83d8,1777539303263,1777539303307,202,44.138
2677,exp-perf10000-002677-f746b27e,1777539303263,1777539303310,202,46.903
2678,exp-perf10000-002678-b761e5f0,1777539303264,1777539303308,202,43.888
2679,exp-perf10000-002679-ba7269da,1777539303265,1777539303308,202,43.385
2680,exp-perf10000-002680-0374a715,1777539303265,1777539303309,202,43.586
2681,exp-perf10000-002681-c89ac856,1777539303266,1777539303310,202,43.544
2682,exp-perf10000-002682-2df84176,1777539303267,1777539303311,202,44.263
2683,exp-perf10000-002683-9074d6f1,1777539303267,1777539303312,202,44.940
2684,exp-perf10000-002684-43802b61,1777539303267,1777539303313,202,46.011
2685,exp-perf10000-002685-5aa498b7,1777539303267,1777539303314,202,46.671
2686,exp-perf10000-002686-1077d662,1777539303267,1777539303311,202,43.278
2687,exp-perf10000-002687-32bcf058,1777539303268,1777539303314,202,46.460
2688,exp-perf10000-002688-c262261e,1777539303268,1777539303311,202,43.251
2689,exp-perf10000-002689-d4e88787,1777539303269,1777539303312,202,43.853
2690,exp-perf10000-002690-9b9df292,1777539303269,1777539303315,202,46.270
2691,exp-perf10000-002691-28f3d80c,1777539303269,1777539303313,202,44.231
2692,exp-perf10000-002692-c020da94,1777539303270,1777539303316,202,46.100
2693,exp-perf10000-002693-ae99c947,1777539303270,1777539303314,202,43.972
2694,exp-perf10000-002694-55582f83,1777539303270,1777539303317,202,46.303
2695,exp-perf10000-002695-d251f1c6,1777539303271,1777539303315,202,43.603
2696,exp-perf10000-002696-23e59019,1777539303272,1777539303315,202,43.655
2697,exp-perf10000-002697-f9aed41b,1777539303272,1777539303317,202,45.385
2698,exp-perf10000-002698-0a917035,1777539303272,1777539303316,202,43.392
2699,exp-perf10000-002699-d60ddc04,1777539303273,1777539303318,202,45.139
2700,exp-perf10000-002700-3c4140cb,1777539303273,1777539303317,202,43.372
2701,exp-perf10000-002701-88413d78,1777539303273,1777539303319,202,45.016
2702,exp-perf10000-002702-9f91c150,1777539303274,1777539303317,202,42.934
2703,exp-perf10000-002703-447da326,1777539303275,1777539303319,202,44.551
2704,exp-perf10000-002704-391e6f4b,1777539303275,1777539303318,202,42.522
2705,exp-perf10000-002705-6062ba00,1777539303276,1777539303320,202,43.640
2706,exp-perf10000-002706-a1e9b412,1777539303277,1777539303321,202,44.081
2707,exp-perf10000-002707-d4036e74,1777539303277,1777539303318,202,41.636
2708,exp-perf10000-002708-6975912e,1777539303277,1777539303321,202,44.406
2709,exp-perf10000-002709-19b96aad,1777539303277,1777539303319,202,41.637
2710,exp-perf10000-002710-42e5382f,1777539303278,1777539303322,202,44.181
2711,exp-perf10000-002711-0a91babf,1777539303278,1777539303320,202,41.726
2712,exp-perf10000-002712-259a8275,1777539303279,1777539303320,202,41.401
2713,exp-perf10000-002713-2a252045,1777539303280,1777539303321,202,41.233
2714,exp-perf10000-002714-31c26aae,1777539303280,1777539303323,202,42.396
2715,exp-perf10000-002715-3eb31401,1777539303280,1777539303323,202,43.037
2716,exp-perf10000-002716-3d4e7e39,1777539303280,1777539303324,202,43.660
2717,exp-perf10000-002717-bea8fa99,1777539303281,1777539303322,202,41.032
2718,exp-perf10000-002718-cef2c7e0,1777539303281,1777539303325,202,43.652
2719,exp-perf10000-002719-5f30b496,1777539303281,1777539303322,202,41.146
2720,exp-perf10000-002720-ea77c28d,1777539303282,1777539303325,202,43.548
2721,exp-perf10000-002721-f3fa68e6,1777539303282,1777539303323,202,40.647
2722,exp-perf10000-002722-88968c28,1777539303283,1777539303327,202,43.902
2723,exp-perf10000-002723-02037819,1777539303283,1777539303324,202,40.616
2724,exp-perf10000-002724-feb195b5,1777539303284,1777539303327,202,43.289
2725,exp-perf10000-002725-4c6bc4cf,1777539303284,1777539303325,202,40.474
2726,exp-perf10000-002726-57fe801d,1777539303285,1777539303325,202,39.616
2727,exp-perf10000-002727-7159fe98,1777539303286,1777539303328,202,41.830
2728,exp-perf10000-002728-4f060a1b,1777539303286,1777539303328,202,42.217
2729,exp-perf10000-002729-1ce9ae82,1777539303286,1777539303326,202,39.640
2730,exp-perf10000-002730-95a9c14b,1777539303286,1777539303327,202,40.483
2731,exp-perf10000-002731-40ffa004,1777539303288,1777539303329,202,41.284
2732,exp-perf10000-002732-5f815fe2,1777539303288,1777539303327,202,39.278
2733,exp-perf10000-002733-12e50f10,1777539303289,1777539303330,202,41.138
2734,exp-perf10000-002734-70626cd2,1777539303289,1777539303328,202,38.935
2735,exp-perf10000-002735-f950e2c2,1777539303290,1777539303328,202,38.474
2736,exp-perf10000-002736-49779039,1777539303291,1777539303329,202,38.686
2737,exp-perf10000-002737-8949c590,1777539303291,1777539303331,202,40.111
2738,exp-perf10000-002738-b1007721,1777539303291,1777539303330,202,39.243
2739,exp-perf10000-002739-dc1ec2ab,1777539303292,1777539303330,202,38.285
2740,exp-perf10000-002740-8171ad86,1777539303292,1777539303332,202,40.347
2741,exp-perf10000-002741-da3e9c0f,1777539303292,1777539303331,202,38.485
2742,exp-perf10000-002742-4520bc26,1777539303292,1777539303333,202,40.517
2743,exp-perf10000-002743-70a20277,1777539303293,1777539303331,202,38.307
2744,exp-perf10000-002744-5c7ea566,1777539303294,1777539303332,202,38.161
2745,exp-perf10000-002745-d7042372,1777539303295,1777539303333,202,38.583
2746,exp-perf10000-002746-524fcbe5,1777539303295,1777539303333,202,37.617
2747,exp-perf10000-002747-75dbe9da,1777539303295,1777539303334,202,38.856
2748,exp-perf10000-002748-0995fba3,1777539303296,1777539303333,202,37.781
2749,exp-perf10000-002749-266ea00c,1777539303296,1777539303334,202,38.861
2750,exp-perf10000-002750-c8cee879,1777539303296,1777539303334,202,37.616
2751,exp-perf10000-002751-fa51e0fb,1777539303297,1777539303335,202,38.714
2752,exp-perf10000-002752-1a75832c,1777539303297,1777539303335,202,37.637
2753,exp-perf10000-002753-8e8e42d1,1777539303297,1777539303336,202,38.896
2754,exp-perf10000-002754-03fa03e5,1777539303298,1777539303335,202,37.208
2755,exp-perf10000-002755-ab8655bb,1777539303299,1777539303337,202,37.920
2756,exp-perf10000-002756-9bde722a,1777539303300,1777539303336,202,36.275
2757,exp-perf10000-002757-b8c050b0,1777539303300,1777539303337,202,37.126
2758,exp-perf10000-002758-6cedf33d,1777539303301,1777539303337,202,35.556
2759,exp-perf10000-002759-4057f405,1777539303301,1777539303338,202,36.852
2760,exp-perf10000-002760-d0c49651,1777539303301,1777539303339,202,37.317
2761,exp-perf10000-002761-bdf1c678,1777539303302,1777539303337,202,35.415
2762,exp-perf10000-002762-90b1b183,1777539303305,1777539303338,202,33.254
2763,exp-perf10000-002763-b7118da6,1777539303306,1777539303340,202,34.384
2764,exp-perf10000-002764-182465c6,1777539303306,1777539303339,202,33.588
2765,exp-perf10000-002765-8c4b86e0,1777539303306,1777539303339,202,33.205
2766,exp-perf10000-002766-efcd397d,1777539303306,1777539303340,202,33.719
2767,exp-perf10000-002767-aa01f983,1777539303306,1777539303341,202,34.699
2768,exp-perf10000-002768-75b49ebe,1777539303306,1777539303340,202,33.537
2769,exp-perf10000-002769-92ce2bfe,1777539303306,1777539303342,202,35.152
2770,exp-perf10000-002770-a2364602,1777539303307,1777539303341,202,34.332
2771,exp-perf10000-002771-b72f0951,1777539303307,1777539303341,202,34.236
2772,exp-perf10000-002772-91710bd1,1777539303307,1777539303343,202,35.107
2773,exp-perf10000-002773-ca7a0eff,1777539303307,1777539303343,202,35.897
2774,exp-perf10000-002774-69418ec4,1777539303308,1777539303342,202,34.465
2775,exp-perf10000-002775-045d4876,1777539303308,1777539303344,202,36.545
2776,exp-perf10000-002776-48f886f0,1777539303308,1777539303343,202,34.963
2777,exp-perf10000-002777-d3d2ed8b,1777539303309,1777539303345,202,36.034
2778,exp-perf10000-002778-27f52127,1777539303309,1777539303344,202,34.581
2779,exp-perf10000-002779-e873cd0b,1777539303309,1777539303346,202,36.312
2780,exp-perf10000-002780-62cb46d0,1777539303310,1777539303344,202,34.658
2781,exp-perf10000-002781-f0d649ea,1777539303310,1777539303346,202,36.274
2782,exp-perf10000-002782-21308ff7,1777539303311,1777539303345,202,34.586
2783,exp-perf10000-002783-b6f82310,1777539303311,1777539303347,202,36.294
2784,exp-perf10000-002784-36718a41,1777539303311,1777539303346,202,34.494
2785,exp-perf10000-002785-dd83fd10,1777539303312,1777539303348,202,36.174
2786,exp-perf10000-002786-3a6b9e64,1777539303312,1777539303346,202,33.960
2787,exp-perf10000-002787-72191b79,1777539303313,1777539303349,202,35.719
2788,exp-perf10000-002788-02989b73,1777539303313,1777539303347,202,33.812
2789,exp-perf10000-002789-7f22ed3e,1777539303314,1777539303349,202,35.578
2790,exp-perf10000-002790-2948c21f,1777539303314,1777539303348,202,33.732
2791,exp-perf10000-002791-eb7c2719,1777539303314,1777539303350,202,35.666
2792,exp-perf10000-002792-6f22947e,1777539303315,1777539303348,202,33.837
2793,exp-perf10000-002793-4b98448a,1777539303315,1777539303351,202,35.649
2794,exp-perf10000-002794-00aab75f,1777539303315,1777539303349,202,33.851
2795,exp-perf10000-002795-1fc6c48e,1777539303316,1777539303351,202,35.589
2796,exp-perf10000-002796-e904b1b8,1777539303316,1777539303350,202,33.781
2797,exp-perf10000-002797-0f41685c,1777539303317,1777539303350,202,33.735
2798,exp-perf10000-002798-be3bacbe,1777539303317,1777539303352,202,35.334
2799,exp-perf10000-002799-979de88e,1777539303317,1777539303351,202,33.977
2800,exp-perf10000-002800-f1e473f1,1777539303317,1777539303353,202,36.362
2801,exp-perf10000-002801-519661dc,1777539303318,1777539303352,202,33.920
2802,exp-perf10000-002802-b880b8c4,1777539303318,1777539303354,202,35.801
2803,exp-perf10000-002803-0dfee10e,1777539303318,1777539303353,202,34.219
2804,exp-perf10000-002804-a4865078,1777539303319,1777539303354,202,35.599
2805,exp-perf10000-002805-4788b144,1777539303319,1777539303354,202,34.720
2806,exp-perf10000-002806-21128507,1777539303319,1777539303355,202,35.582
2807,exp-perf10000-002807-d8c6b151,1777539303320,1777539303354,202,34.199
2808,exp-perf10000-002808-eed39058,1777539303320,1777539303355,202,35.569
2809,exp-perf10000-002809-8e239c1d,1777539303320,1777539303355,202,34.218
2810,exp-perf10000-002810-27c4c2b2,1777539303321,1777539303356,202,35.445
2811,exp-perf10000-002811-0599aff4,1777539303321,1777539303356,202,34.390
2812,exp-perf10000-002812-464bb1d5,1777539303321,1777539303357,202,35.245
2813,exp-perf10000-002813-19b9920b,1777539303322,1777539303356,202,34.291
2814,exp-perf10000-002814-35f7be71,1777539303322,1777539303357,202,35.314
2815,exp-perf10000-002815-3aad1ff1,1777539303322,1777539303357,202,34.402
2816,exp-perf10000-002816-de950ca6,1777539303323,1777539303358,202,35.238
2817,exp-perf10000-002817-d7a751be,1777539303323,1777539303358,202,34.473
2818,exp-perf10000-002818-f2cdddff,1777539303323,1777539303359,202,35.215
2819,exp-perf10000-002819-e743fe07,1777539303324,1777539303358,202,34.420
2820,exp-perf10000-002820-fa1dcaa2,1777539303324,1777539303359,202,35.063
2821,exp-perf10000-002821-37c84e50,1777539303325,1777539303359,202,34.230
2822,exp-perf10000-002822-f9c03872,1777539303325,1777539303360,202,34.993
2823,exp-perf10000-002823-2d36ab59,1777539303325,1777539303359,202,34.340
2824,exp-perf10000-002824-35c1a7b3,1777539303326,1777539303360,202,34.856
2825,exp-perf10000-002825-ffbba789,1777539303326,1777539303360,202,34.183
2826,exp-perf10000-002826-6410bc39,1777539303327,1777539303361,202,34.239
2827,exp-perf10000-002827-e9578626,1777539303327,1777539303361,202,33.796
2828,exp-perf10000-002828-048dc176,1777539303327,1777539303362,202,34.562
2829,exp-perf10000-002829-4168ee2b,1777539303327,1777539303362,202,34.351
2830,exp-perf10000-002830-70a50a22,1777539303328,1777539303362,202,34.792
2831,exp-perf10000-002831-31067c80,1777539303328,1777539303362,202,34.386
2832,exp-perf10000-002832-e36684bf,1777539303328,1777539303363,202,34.737
2833,exp-perf10000-002833-4315fc86,1777539303328,1777539303363,202,34.413
2834,exp-perf10000-002834-41a515c5,1777539303329,1777539303364,202,34.885
2835,exp-perf10000-002835-c3e486e7,1777539303329,1777539303364,202,34.367
2836,exp-perf10000-002836-abdd5f31,1777539303330,1777539303365,202,34.780
2837,exp-perf10000-002837-94cb2ee8,1777539303330,1777539303364,202,34.373
2838,exp-perf10000-002838-4d479acf,1777539303330,1777539303365,202,34.637
2839,exp-perf10000-002839-09277dac,1777539303331,1777539303365,202,34.520
2840,exp-perf10000-002840-0d89ce20,1777539303331,1777539303366,202,34.840
2841,exp-perf10000-002841-d7e853be,1777539303331,1777539303366,202,34.609
2842,exp-perf10000-002842-d1b3b902,1777539303332,1777539303366,202,34.523
2843,exp-perf10000-002843-ad17ef12,1777539303332,1777539303367,202,34.382
2844,exp-perf10000-002844-8fd86db0,1777539303333,1777539303367,202,34.562
2845,exp-perf10000-002845-ab3d5447,1777539303333,1777539303367,202,34.474
2846,exp-perf10000-002846-48cb2583,1777539303333,1777539303368,202,35.081
2847,exp-perf10000-002847-b7c73877,1777539303333,1777539303369,202,35.272
2848,exp-perf10000-002848-e7849ef1,1777539303334,1777539303369,202,34.939
2849,exp-perf10000-002849-5971c5f2,1777539303334,1777539303369,202,34.947
2850,exp-perf10000-002850-16bf60f3,1777539303335,1777539303370,202,35.105
2851,exp-perf10000-002851-9ba29496,1777539303335,1777539303370,202,35.374
2852,exp-perf10000-002852-eec6cd40,1777539303335,1777539303371,202,35.652
2853,exp-perf10000-002853-83340c55,1777539303335,1777539303370,202,35.020
2854,exp-perf10000-002854-93b7e01c,1777539303336,1777539303372,202,36.252
2855,exp-perf10000-002855-5bf3bc89,1777539303336,1777539303372,202,35.374
2856,exp-perf10000-002856-3d7caa72,1777539303337,1777539303372,202,35.510
2857,exp-perf10000-002857-4e26aae1,1777539303337,1777539303372,202,35.036
2858,exp-perf10000-002858-c1bde663,1777539303337,1777539303372,202,34.887
2859,exp-perf10000-002859-c0ef8d9d,1777539303338,1777539303373,202,35.317
2860,exp-perf10000-002860-d933388c,1777539303338,1777539303373,202,34.724
2861,exp-perf10000-002861-997d697e,1777539303339,1777539303373,202,34.941
2862,exp-perf10000-002862-7ca249b0,1777539303339,1777539303374,202,34.922
2863,exp-perf10000-002863-f23790f2,1777539303339,1777539303374,202,35.072
2864,exp-perf10000-002864-2f24e07b,1777539303339,1777539303375,202,35.362
2865,exp-perf10000-002865-4ad22098,1777539303340,1777539303374,202,34.686
2866,exp-perf10000-002866-31d8f884,1777539303340,1777539303375,202,35.410
2867,exp-perf10000-002867-3ff98fb7,1777539303340,1777539303375,202,34.795
2868,exp-perf10000-002868-e9a53011,1777539303341,1777539303376,202,34.802
2869,exp-perf10000-002869-d3e948a4,1777539303341,1777539303376,202,35.189
2870,exp-perf10000-002870-8b1d7d5b,1777539303341,1777539303377,202,35.276
2871,exp-perf10000-002871-44d4af3c,1777539303342,1777539303376,202,34.539
2872,exp-perf10000-002872-543c8e2c,1777539303342,1777539303377,202,35.242
2873,exp-perf10000-002873-5dc98bc1,1777539303343,1777539303377,202,34.305
2874,exp-perf10000-002874-ae595bb4,1777539303343,1777539303378,202,35.096
2875,exp-perf10000-002875-16c5d2de,1777539303343,1777539303378,202,34.148
2876,exp-perf10000-002876-3b539090,1777539303344,1777539303379,202,35.159
2877,exp-perf10000-002877-59795689,1777539303344,1777539303378,202,33.840
2878,exp-perf10000-002878-7d8c24a4,1777539303345,1777539303380,202,35.001
2879,exp-perf10000-002879-55c4a34e,1777539303345,1777539303379,202,33.708
2880,exp-perf10000-002880-0d476620,1777539303345,1777539303380,202,35.020
2881,exp-perf10000-002881-03b3bee6,1777539303346,1777539303380,202,34.049
2882,exp-perf10000-002882-92cd0eaa,1777539303346,1777539303381,202,34.905
2883,exp-perf10000-002883-34b21874,1777539303346,1777539303382,202,35.092
2884,exp-perf10000-002884-85594b80,1777539303347,1777539303380,202,33.610
2885,exp-perf10000-002885-0316e481,1777539303347,1777539303382,202,34.908
2886,exp-perf10000-002886-5a682c5a,1777539303347,1777539303381,202,33.465
2887,exp-perf10000-002887-c6ccb534,1777539303348,1777539303383,202,35.179
2888,exp-perf10000-002888-c5804046,1777539303348,1777539303382,202,33.597
2889,exp-perf10000-002889-7ae2118e,1777539303348,1777539303384,202,35.399
2890,exp-perf10000-002890-96c47dae,1777539303349,1777539303382,202,33.450
2891,exp-perf10000-002891-04d3f599,1777539303349,1777539303384,202,35.067
2892,exp-perf10000-002892-78ec70d0,1777539303349,1777539303383,202,33.546
2893,exp-perf10000-002893-b83a78f0,1777539303350,1777539303385,202,35.126
2894,exp-perf10000-002894-763099cd,1777539303350,1777539303384,202,33.614
2895,exp-perf10000-002895-bbe64850,1777539303350,1777539303386,202,35.147
2896,exp-perf10000-002896-7e84ea31,1777539303351,1777539303384,202,33.778
2897,exp-perf10000-002897-90e5f87b,1777539303351,1777539303386,202,35.287
2898,exp-perf10000-002898-dbbb22c0,1777539303351,1777539303385,202,33.608
2899,exp-perf10000-002899-66212fc7,1777539303352,1777539303387,202,35.301
2900,exp-perf10000-002900-29d50f1f,1777539303352,1777539303386,202,33.612
2901,exp-perf10000-002901-29f62ad1,1777539303353,1777539303388,202,35.135
2902,exp-perf10000-002902-4c543ced,1777539303354,1777539303386,202,32.933
2903,exp-perf10000-002903-d7550f12,1777539303354,1777539303387,202,33.431
2904,exp-perf10000-002904-662484e6,1777539303354,1777539303388,202,34.698
2905,exp-perf10000-002905-18347509,1777539303354,1777539303389,202,35.031
2906,exp-perf10000-002906-b0b15dd1,1777539303354,1777539303388,202,33.496
2907,exp-perf10000-002907-77691cc4,1777539303355,1777539303390,202,35.030
2908,exp-perf10000-002908-8d4eb4a9,1777539303355,1777539303388,202,33.671
2909,exp-perf10000-002909-551f1e92,1777539303356,1777539303389,202,33.520
2910,exp-perf10000-002910-9848cd41,1777539303356,1777539303390,202,34.786
2911,exp-perf10000-002911-978bc6fa,1777539303356,1777539303390,202,33.717
2912,exp-perf10000-002912-0ec69661,1777539303356,1777539303391,202,34.795
2913,exp-perf10000-002913-442884d7,1777539303357,1777539303390,202,33.654
2914,exp-perf10000-002914-f55b8c29,1777539303357,1777539303392,202,34.851
2915,exp-perf10000-002915-3cce35c8,1777539303357,1777539303391,202,33.787
2916,exp-perf10000-002916-8ff3c6fd,1777539303358,1777539303392,202,34.774
2917,exp-perf10000-002917-2898ba0d,1777539303358,1777539303392,202,33.723
2918,exp-perf10000-002918-3bef5238,1777539303358,1777539303393,202,34.680
2919,exp-perf10000-002919-dbecfde7,1777539303359,1777539303392,202,33.916
2920,exp-perf10000-002920-418855ef,1777539303359,1777539303394,202,34.826
2921,exp-perf10000-002921-1d1c4479,1777539303359,1777539303393,202,33.740
2922,exp-perf10000-002922-c316f54c,1777539303359,1777539303394,202,34.845
2923,exp-perf10000-002923-9ebc3552,1777539303360,1777539303394,202,33.742
2924,exp-perf10000-002924-c6e4803b,1777539303360,1777539303395,202,34.585
2925,exp-perf10000-002925-a62ac4ec,1777539303360,1777539303394,202,33.807
2926,exp-perf10000-002926-b2b360e4,1777539303361,1777539303396,202,34.801
2927,exp-perf10000-002927-94fdac35,1777539303361,1777539303395,202,33.839
2928,exp-perf10000-002928-06d81c9f,1777539303362,1777539303396,202,34.390
2929,exp-perf10000-002929-98743dd2,1777539303362,1777539303396,202,33.812
2930,exp-perf10000-002930-7349180c,1777539303362,1777539303397,202,34.409
2931,exp-perf10000-002931-b53d8877,1777539303362,1777539303396,202,33.648
2932,exp-perf10000-002932-a077ba45,1777539303363,1777539303397,202,34.399
2933,exp-perf10000-002933-fe3df6fc,1777539303363,1777539303397,202,33.625
2934,exp-perf10000-002934-54ca50ef,1777539303364,1777539303398,202,34.446
2935,exp-perf10000-002935-2b7cd9d5,1777539303364,1777539303397,202,33.452
2936,exp-perf10000-002936-cb0dd92a,1777539303364,1777539303399,202,34.286
2937,exp-perf10000-002937-8520292f,1777539303365,1777539303398,202,33.280
2938,exp-perf10000-002938-8876166a,1777539303365,1777539303399,202,33.387
2939,exp-perf10000-002939-0b65ff4e,1777539303365,1777539303399,202,34.128
2940,exp-perf10000-002940-890742a6,1777539303366,1777539303399,202,33.186
2941,exp-perf10000-002941-3d2b51ff,1777539303366,1777539303400,202,33.933
2942,exp-perf10000-002942-c48f0c6a,1777539303367,1777539303401,202,34.139
2943,exp-perf10000-002943-f1347784,1777539303367,1777539303400,202,33.257
2944,exp-perf10000-002944-61c40dd7,1777539303367,1777539303401,202,34.114
2945,exp-perf10000-002945-b5ee819a,1777539303367,1777539303401,202,33.391
2946,exp-perf10000-002946-cbc08aff,1777539303368,1777539303401,202,32.987
2947,exp-perf10000-002947-1ef52304,1777539303369,1777539303402,202,33.214
2948,exp-perf10000-002948-57254a36,1777539303369,1777539303403,202,33.732
2949,exp-perf10000-002949-29d51792,1777539303369,1777539303402,202,32.931
2950,exp-perf10000-002950-44370770,1777539303370,1777539303403,202,32.960
2951,exp-perf10000-002951-5a03976e,1777539303370,1777539303403,202,33.254
2952,exp-perf10000-002952-9ba6563f,1777539303370,1777539303404,202,33.131
2953,exp-perf10000-002953-57a7ecd6,1777539303371,1777539303404,202,33.046
2954,exp-perf10000-002954-89d3d6bd,1777539303372,1777539303404,202,32.548
2955,exp-perf10000-002955-738baa0a,1777539303372,1777539303405,202,32.969
2956,exp-perf10000-002956-ccee689f,1777539303372,1777539303405,202,32.465
2957,exp-perf10000-002957-67beca9a,1777539303372,1777539303405,202,33.028
2958,exp-perf10000-002958-4dba50e4,1777539303372,1777539303405,202,33.040
2959,exp-perf10000-002959-48742ef6,1777539303373,1777539303406,202,33.355
2960,exp-perf10000-002960-1fbc6860,1777539303373,1777539303406,202,32.799
2961,exp-perf10000-002961-fbd3443a,1777539303374,1777539303407,202,32.985
2962,exp-perf10000-002962-63150ec4,1777539303374,1777539303407,202,33.349
2963,exp-perf10000-002963-5cb4d9f0,1777539303374,1777539303407,202,33.096
2964,exp-perf10000-002964-7f0b000e,1777539303374,1777539303408,202,33.548
2965,exp-perf10000-002965-99c725bc,1777539303375,1777539303408,202,33.239
2966,exp-perf10000-002966-8e1e1cf2,1777539303375,1777539303409,202,33.566
2967,exp-perf10000-002967-52f3e11b,1777539303375,1777539303409,202,33.240
2968,exp-perf10000-002968-297a44a1,1777539303376,1777539303409,202,33.604
2969,exp-perf10000-002969-291dab2a,1777539303376,1777539303410,202,33.435
2970,exp-perf10000-002970-ea59848f,1777539303376,1777539303410,202,33.572
2971,exp-perf10000-002971-65507ab2,1777539303377,1777539303410,202,33.396
2972,exp-perf10000-002972-1c85bdba,1777539303377,1777539303410,202,33.507
2973,exp-perf10000-002973-d9a4932f,1777539303377,1777539303411,202,33.448
2974,exp-perf10000-002974-84df2612,1777539303378,1777539303411,202,33.484
2975,exp-perf10000-002975-f7c07078,1777539303378,1777539303412,202,33.401
2976,exp-perf10000-002976-c6a9d0e6,1777539303378,1777539303412,202,33.411
2977,exp-perf10000-002977-63b62c69,1777539303379,1777539303412,202,33.665
2978,exp-perf10000-002978-e14a9f98,1777539303379,1777539303412,202,33.277
2979,exp-perf10000-002979-fa053e5a,1777539303380,1777539303413,202,33.239
2980,exp-perf10000-002980-2489eb04,1777539303380,1777539303413,202,33.161
2981,exp-perf10000-002981-dbb6a38d,1777539303380,1777539303414,202,33.646
2982,exp-perf10000-002982-c35303da,1777539303380,1777539303414,202,33.311
2983,exp-perf10000-002983-66520069,1777539303381,1777539303414,202,33.660
2984,exp-perf10000-002984-3d82b181,1777539303381,1777539303414,202,33.357
2985,exp-perf10000-002985-6c56228c,1777539303382,1777539303415,202,33.297
2986,exp-perf10000-002986-bb7812fa,1777539303382,1777539303415,202,33.449
2987,exp-perf10000-002987-29e2bb17,1777539303382,1777539303416,202,33.804
2988,exp-perf10000-002988-fe2e2ae3,1777539303382,1777539303416,202,33.440
2989,exp-perf10000-002989-1cd6a764,1777539303383,1777539303416,202,33.610
2990,exp-perf10000-002990-ff81c49b,1777539303383,1777539303416,202,33.311
2991,exp-perf10000-002991-8a091264,1777539303384,1777539303417,202,33.401
2992,exp-perf10000-002992-80dcf317,1777539303384,1777539303417,202,33.057
2993,exp-perf10000-002993-85d98a8b,1777539303384,1777539303418,202,33.310
2994,exp-perf10000-002994-ae29b7b8,1777539303384,1777539303418,202,33.234
2995,exp-perf10000-002995-920bc837,1777539303385,1777539303418,202,33.408
2996,exp-perf10000-002996-2c6a8ab8,1777539303385,1777539303418,202,33.447
2997,exp-perf10000-002997-88b430c0,1777539303386,1777539303419,202,33.317
2998,exp-perf10000-002998-6c0f4acc,1777539303386,1777539303419,202,33.384
2999,exp-perf10000-002999-706856f9,1777539303386,1777539303420,202,33.476
3000,exp-perf10000-003000-5fee69aa,1777539303386,1777539303420,202,33.251
3001,exp-perf10000-003001-9728595b,1777539303387,1777539303421,202,33.566
3002,exp-perf10000-003002-6bbda971,1777539303387,1777539303421,202,33.356
3003,exp-perf10000-003003-423b7574,1777539303388,1777539303421,202,33.360
3004,exp-perf10000-003004-ff8de19f,1777539303388,1777539303421,202,33.351
3005,exp-perf10000-003005-d43d717a,1777539303389,1777539303422,202,33.399
3006,exp-perf10000-003006-88a058d8,1777539303389,1777539303422,202,33.194
3007,exp-perf10000-003007-5bfe313a,1777539303389,1777539303422,202,33.251
3008,exp-perf10000-003008-1196e6c2,1777539303389,1777539303423,202,33.357
3009,exp-perf10000-003009-d44e3920,1777539303390,1777539303423,202,33.473
3010,exp-perf10000-003010-0de0f007,1777539303390,1777539303423,202,33.190
3011,exp-perf10000-003011-352020a9,1777539303390,1777539303424,202,33.660
3012,exp-perf10000-003012-1067efe2,1777539303390,1777539303424,202,33.367
3013,exp-perf10000-003013-9f7edbc7,1777539303391,1777539303425,202,33.738
3014,exp-perf10000-003014-3eb6f777,1777539303391,1777539303424,202,33.263
3015,exp-perf10000-003015-91cb4e54,1777539303392,1777539303425,202,33.471
3016,exp-perf10000-003016-1b924fb1,1777539303392,1777539303425,202,33.715
3017,exp-perf10000-003017-f00510a9,1777539303392,1777539303426,202,33.757
3018,exp-perf10000-003018-eb745fb4,1777539303393,1777539303426,202,33.324
3019,exp-perf10000-003019-f4c16b59,1777539303393,1777539303427,202,33.946
3020,exp-perf10000-003020-5701d9ea,1777539303393,1777539303427,202,33.498
3021,exp-perf10000-003021-b897c37d,1777539303394,1777539303427,202,33.702
3022,exp-perf10000-003022-6e51ec0e,1777539303394,1777539303428,202,33.949
3023,exp-perf10000-003023-ecac2dbf,1777539303394,1777539303428,202,33.674
3024,exp-perf10000-003024-3ca8841d,1777539303394,1777539303428,202,33.932
3025,exp-perf10000-003025-8ebc88f1,1777539303395,1777539303429,202,34.177
3026,exp-perf10000-003026-2c99c6cd,1777539303395,1777539303429,202,33.597
3027,exp-perf10000-003027-e3db0d60,1777539303396,1777539303429,202,33.587
3028,exp-perf10000-003028-2921ef40,1777539303396,1777539303430,202,34.015
3029,exp-perf10000-003029-6d88cef0,1777539303396,1777539303430,202,34.333
3030,exp-perf10000-003030-4668b4b4,1777539303396,1777539303430,202,33.667
3031,exp-perf10000-003031-f4862d80,1777539303397,1777539303431,202,34.467
3032,exp-perf10000-003032-2ae7ea24,1777539303397,1777539303431,202,33.855
3033,exp-perf10000-003033-86d6d5ce,1777539303397,1777539303431,202,34.051
3034,exp-perf10000-003034-59c7b3e7,1777539303397,1777539303432,202,34.319
3035,exp-perf10000-003035-c82fe9ae,1777539303398,1777539303432,202,33.966
3036,exp-perf10000-003036-9339fb36,1777539303398,1777539303433,202,34.385
3037,exp-perf10000-003037-1a64bfae,1777539303399,1777539303433,202,34.006
3038,exp-perf10000-003038-26d00988,1777539303399,1777539303433,202,34.251
3039,exp-perf10000-003039-bb909d24,1777539303399,1777539303433,202,33.841
3040,exp-perf10000-003040-76f626e3,1777539303399,1777539303434,202,34.208
3041,exp-perf10000-003041-35005092,1777539303400,1777539303434,202,33.856
3042,exp-perf10000-003042-0469f20e,1777539303400,1777539303434,202,34.109
3043,exp-perf10000-003043-22c56c37,1777539303401,1777539303435,202,34.205
3044,exp-perf10000-003044-8320ea68,1777539303401,1777539303435,202,33.740
3045,exp-perf10000-003045-1296b263,1777539303401,1777539303436,202,34.248
3046,exp-perf10000-003046-785a7767,1777539303401,1777539303435,202,33.692
3047,exp-perf10000-003047-f3d6d375,1777539303402,1777539303436,202,34.324
3048,exp-perf10000-003048-36cafb9d,1777539303402,1777539303436,202,33.943
3049,exp-perf10000-003049-ff3fa19d,1777539303403,1777539303437,202,34.409
3050,exp-perf10000-003050-0b4672f9,1777539303403,1777539303437,202,33.812
3051,exp-perf10000-003051-9e780519,1777539303403,1777539303438,202,34.287
3052,exp-perf10000-003052-0d08b679,1777539303404,1777539303437,202,33.647
3053,exp-perf10000-003053-f45b66eb,1777539303404,1777539303438,202,34.295
3054,exp-perf10000-003054-01d89d9c,1777539303404,1777539303438,202,33.673
3055,exp-perf10000-003055-288eb83a,1777539303405,1777539303439,202,34.236
3056,exp-perf10000-003056-72f78e99,1777539303405,1777539303439,202,33.724
3057,exp-perf10000-003057-74e6fde0,1777539303405,1777539303440,202,34.252
3058,exp-perf10000-003058-4dac4e43,1777539303406,1777539303439,202,33.683
3059,exp-perf10000-003059-7a1069b5,1777539303406,1777539303440,202,34.365
3060,exp-perf10000-003060-8f05b54f,1777539303406,1777539303440,202,33.493
3061,exp-perf10000-003061-3aa89933,1777539303407,1777539303441,202,34.297
3062,exp-perf10000-003062-98b5e3e2,1777539303407,1777539303441,202,33.347
3063,exp-perf10000-003063-ce48942a,1777539303407,1777539303441,202,34.079
3064,exp-perf10000-003064-c183bca4,1777539303408,1777539303441,202,33.287
3065,exp-perf10000-003065-3a377b4e,1777539303408,1777539303442,202,34.066
3066,exp-perf10000-003066-dbaaa663,1777539303409,1777539303442,202,33.261
3067,exp-perf10000-003067-d023373c,1777539303409,1777539303443,202,34.124
3068,exp-perf10000-003068-e7d90a91,1777539303409,1777539303443,202,33.207
3069,exp-perf10000-003069-f3efcf9d,1777539303410,1777539303444,202,34.088
3070,exp-perf10000-003070-4fa32194,1777539303410,1777539303443,202,33.338
3071,exp-perf10000-003071-111e484b,1777539303410,1777539303444,202,34.245
3072,exp-perf10000-003072-f821fed6,1777539303410,1777539303444,202,33.614
3073,exp-perf10000-003073-2ce6eca2,1777539303411,1777539303445,202,34.254
3074,exp-perf10000-003074-2586b711,1777539303411,1777539303445,202,33.700
3075,exp-perf10000-003075-689ed2a9,1777539303412,1777539303446,202,34.213
3076,exp-perf10000-003076-9456b0a3,1777539303412,1777539303445,202,33.769
3077,exp-perf10000-003077-47c48b37,1777539303412,1777539303446,202,34.271
3078,exp-perf10000-003078-e7d06303,1777539303412,1777539303446,202,33.677
3079,exp-perf10000-003079-7a69cbf6,1777539303413,1777539303447,202,34.276
3080,exp-perf10000-003080-69e16233,1777539303413,1777539303447,202,33.704
3081,exp-perf10000-003081-a86d228d,1777539303414,1777539303448,202,34.341
3082,exp-perf10000-003082-584c3cfe,1777539303414,1777539303448,202,33.739
3083,exp-perf10000-003083-324ebc54,1777539303414,1777539303449,202,34.418
3084,exp-perf10000-003084-d946c13f,1777539303415,1777539303448,202,33.891
3085,exp-perf10000-003085-ec24d27e,1777539303415,1777539303450,202,34.833
3086,exp-perf10000-003086-8bc8449a,1777539303415,1777539303449,202,34.055
3087,exp-perf10000-003087-6c0f8b03,1777539303416,1777539303450,202,34.748
3088,exp-perf10000-003088-fc54d8e0,1777539303416,1777539303450,202,34.004
3089,exp-perf10000-003089-2d07277e,1777539303416,1777539303451,202,34.627
3090,exp-perf10000-003090-11939cd8,1777539303417,1777539303450,202,33.920
3091,exp-perf10000-003091-8a9b6c08,1777539303417,1777539303452,202,34.996
3092,exp-perf10000-003092-5ca24564,1777539303417,1777539303451,202,33.830
3093,exp-perf10000-003093-ced4e276,1777539303418,1777539303452,202,34.865
3094,exp-perf10000-003094-1525de26,1777539303418,1777539303452,202,33.978
3095,exp-perf10000-003095-33273fb8,1777539303418,1777539303453,202,34.858
3096,exp-perf10000-003096-78770aff,1777539303418,1777539303452,202,33.808
3097,exp-perf10000-003097-38e1d0c0,1777539303419,1777539303454,202,34.918
3098,exp-perf10000-003098-ba1cd460,1777539303419,1777539303453,202,33.813
3099,exp-perf10000-003099-5e5d8706,1777539303420,1777539303454,202,33.925
3100,exp-perf10000-003100-d40f0693,1777539303420,1777539303454,202,34.528
3101,exp-perf10000-003101-39c10733,1777539303421,1777539303454,202,33.701
3102,exp-perf10000-003102-1fa5a90a,1777539303421,1777539303455,202,34.367
3103,exp-perf10000-003103-253641b6,1777539303421,1777539303455,202,33.795
3104,exp-perf10000-003104-a1d9ea71,1777539303421,1777539303456,202,34.284
3105,exp-perf10000-003105-e13f5b88,1777539303422,1777539303456,202,33.849
3106,exp-perf10000-003106-26ffa01e,1777539303422,1777539303456,202,34.411
3107,exp-perf10000-003107-7746983b,1777539303422,1777539303456,202,33.856
3108,exp-perf10000-003108-15e9bb49,1777539303423,1777539303457,202,34.421
3109,exp-perf10000-003109-e7956e3b,1777539303423,1777539303457,202,33.919
3110,exp-perf10000-003110-d3a17f5b,1777539303423,1777539303457,202,34.206
3111,exp-perf10000-003111-c80f3c3b,1777539303424,1777539303458,202,33.872
3112,exp-perf10000-003112-a2642b38,1777539303424,1777539303458,202,34.053
3113,exp-perf10000-003113-535804b5,1777539303425,1777539303458,202,33.897
3114,exp-perf10000-003114-ce0622bd,1777539303425,1777539303459,202,33.900
3115,exp-perf10000-003115-f7c2d6fa,1777539303425,1777539303459,202,33.827
3116,exp-perf10000-003116-4e3bcf4a,1777539303426,1777539303459,202,33.831
3117,exp-perf10000-003117-ba2ad2f7,1777539303426,1777539303460,202,33.854
3118,exp-perf10000-003118-b330cad9,1777539303426,1777539303460,202,33.844
3119,exp-perf10000-003119-fd283d48,1777539303427,1777539303461,202,33.959
3120,exp-perf10000-003120-6b7f657f,1777539303427,1777539303461,202,33.715
3121,exp-perf10000-003121-77d15ddd,1777539303427,1777539303461,202,33.904
3122,exp-perf10000-003122-bec83ccd,1777539303428,1777539303461,202,33.794
3123,exp-perf10000-003123-6642d853,1777539303428,1777539303462,202,33.848
3124,exp-perf10000-003124-91d0bd6f,1777539303428,1777539303462,202,33.611
3125,exp-perf10000-003125-3b84baf5,1777539303429,1777539303463,202,33.964
3126,exp-perf10000-003126-8f6043db,1777539303429,1777539303463,202,33.653
3127,exp-perf10000-003127-934dacc2,1777539303429,1777539303463,202,33.884
3128,exp-perf10000-003128-6e994d68,1777539303430,1777539303463,202,33.620
3129,exp-perf10000-003129-f8758d5d,1777539303430,1777539303464,202,33.930
3130,exp-perf10000-003130-c2e3befc,1777539303431,1777539303464,202,33.454
3131,exp-perf10000-003131-ed2f7f8e,1777539303431,1777539303465,202,33.959
3132,exp-perf10000-003132-8e00860e,1777539303431,1777539303465,202,33.268
3133,exp-perf10000-003133-6402eef0,1777539303431,1777539303465,202,33.754
3134,exp-perf10000-003134-da00e5f1,1777539303432,1777539303465,202,33.433
3135,exp-perf10000-003135-9bc02e1c,1777539303432,1777539303466,202,33.920
3136,exp-perf10000-003136-e7f3524d,1777539303433,1777539303467,202,33.969
3137,exp-perf10000-003137-de4b5fa8,1777539303433,1777539303466,202,33.241
3138,exp-perf10000-003138-3fa5595b,1777539303433,1777539303466,202,33.434
3139,exp-perf10000-003139-f76dac3a,1777539303433,1777539303467,202,34.096
3140,exp-perf10000-003140-8a0e10c7,1777539303434,1777539303467,202,33.379
3141,exp-perf10000-003141-ae039a77,1777539303434,1777539303468,202,34.032
3142,exp-perf10000-003142-d5c00d20,1777539303434,1777539303468,202,33.404
3143,exp-perf10000-003143-4e484e16,1777539303435,1777539303469,202,34.020
3144,exp-perf10000-003144-399cd276,1777539303435,1777539303468,202,33.363
3145,exp-perf10000-003145-6d4900b8,1777539303435,1777539303469,202,34.087
3146,exp-perf10000-003146-e6839ee7,1777539303436,1777539303469,202,33.306
3147,exp-perf10000-003147-8ef028f2,1777539303436,1777539303470,202,33.926
3148,exp-perf10000-003148-e35f9179,1777539303436,1777539303470,202,33.562
3149,exp-perf10000-003149-4faff8bb,1777539303437,1777539303470,202,33.963
3150,exp-perf10000-003150-9a49c170,1777539303437,1777539303470,202,33.146
3151,exp-perf10000-003151-0a675923,1777539303437,1777539303471,202,33.989
3152,exp-perf10000-003152-2364f5ea,1777539303438,1777539303471,202,33.247
3153,exp-perf10000-003153-b33b8ed4,1777539303438,1777539303472,202,34.239
3154,exp-perf10000-003154-5c369601,1777539303438,1777539303472,202,33.368
3155,exp-perf10000-003155-8c3d930f,1777539303439,1777539303473,202,34.039
3156,exp-perf10000-003156-47b63221,1777539303439,1777539303472,202,33.465
3157,exp-perf10000-003157-f1b17c01,1777539303439,1777539303473,202,34.098
3158,exp-perf10000-003158-35038097,1777539303440,1777539303473,202,33.513
3159,exp-perf10000-003159-569b635e,1777539303440,1777539303474,202,33.931
3160,exp-perf10000-003160-5b5f04a9,1777539303440,1777539303474,202,33.315
3161,exp-perf10000-003161-b78d4306,1777539303441,1777539303475,202,33.986
3162,exp-perf10000-003162-6606f536,1777539303441,1777539303474,202,33.437
3163,exp-perf10000-003163-da65b5e4,1777539303441,1777539303475,202,33.977
3164,exp-perf10000-003164-25de15d4,1777539303441,1777539303475,202,33.618
3165,exp-perf10000-003165-1d94b7c2,1777539303442,1777539303476,202,33.946
3166,exp-perf10000-003166-1f89cc6e,1777539303442,1777539303476,202,33.472
3167,exp-perf10000-003167-be439f1e,1777539303443,1777539303476,202,33.954
3168,exp-perf10000-003168-81fafe12,1777539303443,1777539303476,202,33.458
3169,exp-perf10000-003169-d734636e,1777539303443,1777539303477,202,33.829
3170,exp-perf10000-003170-ab2004ea,1777539303444,1777539303477,202,33.275
3171,exp-perf10000-003171-82d9365e,1777539303444,1777539303478,202,33.732
3172,exp-perf10000-003172-aa695029,1777539303445,1777539303478,202,33.199
3173,exp-perf10000-003173-74773084,1777539303445,1777539303478,202,33.532
3174,exp-perf10000-003174-0498aed1,1777539303445,1777539303478,202,33.035
3175,exp-perf10000-003175-4bfefceb,1777539303446,1777539303479,202,33.601
3176,exp-perf10000-003176-dbaf0788,1777539303446,1777539303479,202,33.163
3177,exp-perf10000-003177-ffe9dd12,1777539303446,1777539303480,202,33.566
3178,exp-perf10000-003178-7b2dc5b4,1777539303446,1777539303480,202,33.116
3179,exp-perf10000-003179-b9d7159a,1777539303447,1777539303481,202,33.709
3180,exp-perf10000-003180-3a2c21f5,1777539303447,1777539303480,202,33.196
3181,exp-perf10000-003181-250c7d68,1777539303448,1777539303481,202,33.448
3182,exp-perf10000-003182-fedf4798,1777539303448,1777539303481,202,32.825
3183,exp-perf10000-003183-8e1f2445,1777539303449,1777539303482,202,33.156
3184,exp-perf10000-003184-c8868285,1777539303449,1777539303482,202,32.929
3185,exp-perf10000-003185-f5bc7cd0,1777539303449,1777539303482,202,33.217
3186,exp-perf10000-003186-6ac371e5,1777539303450,1777539303482,202,32.367
3187,exp-perf10000-003187-c4044ade,1777539303450,1777539303483,202,33.011
3188,exp-perf10000-003188-46504b74,1777539303450,1777539303483,202,32.318
3189,exp-perf10000-003189-87b0662a,1777539303450,1777539303484,202,33.510
3190,exp-perf10000-003190-833d0875,1777539303451,1777539303483,202,32.379
3191,exp-perf10000-003191-3997adbb,1777539303451,1777539303484,202,33.335
3192,exp-perf10000-003192-3ad507bd,1777539303452,1777539303485,202,33.302
3193,exp-perf10000-003193-3b6c25e1,1777539303452,1777539303484,202,32.393
3194,exp-perf10000-003194-6841ca4b,1777539303452,1777539303486,202,33.578
3195,exp-perf10000-003195-a89faa2c,1777539303453,1777539303485,202,32.581
3196,exp-perf10000-003196-79b5c83f,1777539303453,1777539303487,202,33.807
3197,exp-perf10000-003197-ae5d3a1e,1777539303453,1777539303486,202,32.580
3198,exp-perf10000-003198-4b4341b5,1777539303454,1777539303488,202,33.876
3199,exp-perf10000-003199-cdfaa350,1777539303454,1777539303487,202,32.712
3200,exp-perf10000-003200-5d8f0248,1777539303454,1777539303488,202,33.908
3201,exp-perf10000-003201-ef735ec5,1777539303454,1777539303487,202,32.814
3202,exp-perf10000-003202-292d3f12,1777539303455,1777539303489,202,33.964
3203,exp-perf10000-003203-4d694591,1777539303455,1777539303488,202,33.122
3204,exp-perf10000-003204-546cbf60,1777539303456,1777539303489,202,33.500
3205,exp-perf10000-003205-db8271ac,1777539303456,1777539303490,202,34.376
3206,exp-perf10000-003206-713ca157,1777539303456,1777539303491,202,34.470
3207,exp-perf10000-003207-21c7136a,1777539303456,1777539303490,202,33.418
3208,exp-perf10000-003208-9191740c,1777539303457,1777539303491,202,33.940
3209,exp-perf10000-003209-1c6a37fc,1777539303457,1777539303492,202,34.484
3210,exp-perf10000-003210-a1a8ffbc,1777539303458,1777539303491,202,33.872
3211,exp-perf10000-003211-5f445e45,1777539303458,1777539303493,202,34.852
3212,exp-perf10000-003212-a37cf3df,1777539303458,1777539303493,202,34.613
3213,exp-perf10000-003213-5dd07f25,1777539303458,1777539303493,202,34.854
3214,exp-perf10000-003214-2d4343c3,1777539303459,1777539303493,202,34.074
3215,exp-perf10000-003215-fa49acf6,1777539303459,1777539303494,202,34.936
3216,exp-perf10000-003216-61ad1313,1777539303459,1777539303493,202,34.000
3217,exp-perf10000-003217-cd515cc7,1777539303460,1777539303495,202,34.759
3218,exp-perf10000-003218-69f2bf64,1777539303460,1777539303494,202,34.037
3219,exp-perf10000-003219-2dc89906,1777539303461,1777539303495,202,34.743
3220,exp-perf10000-003220-224dc762,1777539303461,1777539303495,202,33.962
3221,exp-perf10000-003221-08d6648c,1777539303461,1777539303496,202,34.713
3222,exp-perf10000-003222-6a66fb65,1777539303461,1777539303495,202,33.939
3223,exp-perf10000-003223-451f46c9,1777539303462,1777539303497,202,34.905
3224,exp-perf10000-003224-a735abd0,1777539303462,1777539303496,202,34.075
3225,exp-perf10000-003225-71f31756,1777539303463,1777539303498,202,34.998
3226,exp-perf10000-003226-6e04bf02,1777539303463,1777539303497,202,33.963
3227,exp-perf10000-003227-969d3300,1777539303463,1777539303498,202,34.854
3228,exp-perf10000-003228-8a08d9f5,1777539303463,1777539303497,202,34.040
3229,exp-perf10000-003229-1e866e42,1777539303464,1777539303499,202,34.732
3230,exp-perf10000-003230-0b2c37cf,1777539303464,1777539303498,202,33.885
3231,exp-perf10000-003231-031f9f8b,1777539303465,1777539303499,202,34.031
3232,exp-perf10000-003232-45010927,1777539303465,1777539303499,202,34.617
3233,exp-perf10000-003233-5dd1f83a,1777539303465,1777539303500,202,34.686
3234,exp-perf10000-003234-b50261c9,1777539303465,1777539303499,202,34.049
3235,exp-perf10000-003235-54a28783,1777539303466,1777539303500,202,33.893
3236,exp-perf10000-003236-d87327c1,1777539303466,1777539303501,202,34.636
3237,exp-perf10000-003237-93879cfb,1777539303467,1777539303501,202,34.028
3238,exp-perf10000-003238-073d5e5c,1777539303467,1777539303501,202,34.651
3239,exp-perf10000-003239-2bdda2c2,1777539303467,1777539303501,202,34.193
3240,exp-perf10000-003240-629038fa,1777539303467,1777539303502,202,34.607
3241,exp-perf10000-003241-7fdbad5a,1777539303468,1777539303502,202,34.072
3242,exp-perf10000-003242-3e83bb61,1777539303468,1777539303502,202,34.583
3243,exp-perf10000-003243-a0dbe87b,1777539303468,1777539303502,202,34.012
3244,exp-perf10000-003244-9c0746a0,1777539303469,1777539303503,202,34.536
3245,exp-perf10000-003245-32ff64ee,1777539303469,1777539303503,202,34.058
3246,exp-perf10000-003246-5ba78a5c,1777539303469,1777539303504,202,34.598
3247,exp-perf10000-003247-9f89fd78,1777539303470,1777539303504,202,33.899
3248,exp-perf10000-003248-a95f70bf,1777539303470,1777539303504,202,34.532
3249,exp-perf10000-003249-0155529f,1777539303470,1777539303504,202,33.991
3250,exp-perf10000-003250-f5a38bff,1777539303471,1777539303505,202,34.602
3251,exp-perf10000-003251-68227383,1777539303471,1777539303505,202,33.984
3252,exp-perf10000-003252-f08df5a6,1777539303471,1777539303506,202,34.331
3253,exp-perf10000-003253-05d2a939,1777539303472,1777539303506,202,33.849
3254,exp-perf10000-003254-4582d9aa,1777539303472,1777539303506,202,34.038
3255,exp-perf10000-003255-9d20edac,1777539303472,1777539303506,202,33.960
3256,exp-perf10000-003256-d2a2062b,1777539303473,1777539303507,202,34.193
3257,exp-perf10000-003257-86ee65ed,1777539303473,1777539303507,202,33.968
3258,exp-perf10000-003258-6cc4c256,1777539303473,1777539303507,202,34.056
3259,exp-perf10000-003259-3aeb458c,1777539303474,1777539303508,202,34.119
3260,exp-perf10000-003260-0ed7fe93,1777539303474,1777539303508,202,34.321
3261,exp-perf10000-003261-6ed7fe23,1777539303474,1777539303508,202,34.060
3262,exp-perf10000-003262-7ae4e26b,1777539303475,1777539303509,202,34.198
3263,exp-perf10000-003263-999047c9,1777539303475,1777539303509,202,33.979
3264,exp-perf10000-003264-bb3e3e41,1777539303475,1777539303509,202,34.238
3265,exp-perf10000-003265-54648a9b,1777539303476,1777539303510,202,34.126
3266,exp-perf10000-003266-25c0bbd4,1777539303476,1777539303510,202,34.240
3267,exp-perf10000-003267-b4bedbe6,1777539303476,1777539303511,202,34.246
3268,exp-perf10000-003268-4e15941c,1777539303477,1777539303511,202,34.331
3269,exp-perf10000-003269-311f9333,1777539303477,1777539303511,202,34.098
3270,exp-perf10000-003270-6cf56252,1777539303477,1777539303511,202,34.334
3271,exp-perf10000-003271-a20a20f1,1777539303478,1777539303512,202,34.069
3272,exp-perf10000-003272-425a2412,1777539303478,1777539303512,202,34.164
3273,exp-perf10000-003273-ec87f2e1,1777539303478,1777539303513,202,34.212
3274,exp-perf10000-003274-7949f738,1777539303478,1777539303513,202,34.289
3275,exp-perf10000-003275-82249ccf,1777539303479,1777539303513,202,34.232
3276,exp-perf10000-003276-8f8eaea4,1777539303479,1777539303513,202,34.295
3277,exp-perf10000-003277-95c43ff7,1777539303480,1777539303514,202,34.447
3278,exp-perf10000-003278-6ea171b7,1777539303480,1777539303514,202,34.484
3279,exp-perf10000-003279-6c521773,1777539303480,1777539303515,202,34.272
3280,exp-perf10000-003280-31b422c5,1777539303481,1777539303515,202,34.268
3281,exp-perf10000-003281-56413b6f,1777539303481,1777539303516,202,34.641
3282,exp-perf10000-003282-4fb2b16d,1777539303481,1777539303515,202,34.243
3283,exp-perf10000-003283-2cb4f6bf,1777539303482,1777539303516,202,34.387
3284,exp-perf10000-003284-1b061f6d,1777539303482,1777539303516,202,34.535
3285,exp-perf10000-003285-36e8a71d,1777539303482,1777539303517,202,34.602
3286,exp-perf10000-003286-a54b7b62,1777539303482,1777539303517,202,34.254
3287,exp-perf10000-003287-b8d4ed0a,1777539303483,1777539303517,202,34.614
3288,exp-perf10000-003288-601098d4,1777539303483,1777539303517,202,34.333
3289,exp-perf10000-003289-9f8e5cb2,1777539303483,1777539303518,202,34.772
3290,exp-perf10000-003290-166d9c84,1777539303484,1777539303518,202,33.815
3291,exp-perf10000-003291-61985dce,1777539303484,1777539303519,202,34.137
3292,exp-perf10000-003292-0cba5904,1777539303485,1777539303519,202,34.112
3293,exp-perf10000-003293-63ef4c15,1777539303485,1777539303519,202,34.210
3294,exp-perf10000-003294-73799213,1777539303485,1777539303519,202,34.144
3295,exp-perf10000-003295-07d06ae8,1777539303486,1777539303520,202,34.090
3296,exp-perf10000-003296-8ffe6025,1777539303486,1777539303520,202,34.089
3297,exp-perf10000-003297-62a27644,1777539303487,1777539303521,202,33.984
3298,exp-perf10000-003298-01659b40,1777539303487,1777539303521,202,33.901
3299,exp-perf10000-003299-8701b242,1777539303487,1777539303521,202,33.904
3300,exp-perf10000-003300-6ae8d76c,1777539303488,1777539303521,202,33.665
3301,exp-perf10000-003301-86201d27,1777539303488,1777539303522,202,33.565
3302,exp-perf10000-003302-9f54d29a,1777539303488,1777539303522,202,33.640
3303,exp-perf10000-003303-acdc55a6,1777539303489,1777539303523,202,33.710
3304,exp-perf10000-003304-e618a0eb,1777539303489,1777539303522,202,33.279
3305,exp-perf10000-003305-b2f663b7,1777539303490,1777539303523,202,33.294
3306,exp-perf10000-003306-f468ed16,1777539303490,1777539303523,202,33.319
3307,exp-perf10000-003307-edfa4a44,1777539303491,1777539303524,202,33.226
3308,exp-perf10000-003308-943a0ce2,1777539303491,1777539303524,202,32.818
3309,exp-perf10000-003309-f9b5d57e,1777539303491,1777539303524,202,33.060
3310,exp-perf10000-003310-09033a48,1777539303492,1777539303525,202,33.105
3311,exp-perf10000-003311-3f1ee228,1777539303493,1777539303525,202,32.655
3312,exp-perf10000-003312-9bfa2907,1777539303493,1777539303525,202,32.185
3313,exp-perf10000-003313-029023b8,1777539303493,1777539303526,202,32.801
3314,exp-perf10000-003314-c2b0ddc0,1777539303493,1777539303526,202,32.613
3315,exp-perf10000-003315-605469b3,1777539303493,1777539303527,202,33.078
3316,exp-perf10000-003316-fc387078,1777539303494,1777539303527,202,32.684
3317,exp-perf10000-003317-1377d8df,1777539303494,1777539303527,202,32.831
3318,exp-perf10000-003318-7e2829e4,1777539303495,1777539303527,202,32.645
3319,exp-perf10000-003319-e5ce9981,1777539303495,1777539303528,202,32.830
3320,exp-perf10000-003320-389d9518,1777539303495,1777539303528,202,32.502
3321,exp-perf10000-003321-3016a8a7,1777539303495,1777539303528,202,33.027
3322,exp-perf10000-003322-74c518bd,1777539303496,1777539303529,202,32.637
3323,exp-perf10000-003323-575fc751,1777539303496,1777539303529,202,32.806
3324,exp-perf10000-003324-da744c34,1777539303497,1777539303530,202,33.054
3325,exp-perf10000-003325-19d6162b,1777539303497,1777539303529,202,32.385
3326,exp-perf10000-003326-4498ab8f,1777539303497,1777539303530,202,33.021
3327,exp-perf10000-003327-a8765ee4,1777539303498,1777539303530,202,32.275
3328,exp-perf10000-003328-d0fb4a7d,1777539303498,1777539303531,202,33.022
3329,exp-perf10000-003329-aefe8b7b,1777539303498,1777539303531,202,32.610
3330,exp-perf10000-003330-7c2d64ba,1777539303499,1777539303531,202,32.656
3331,exp-perf10000-003331-8da9b313,1777539303499,1777539303532,202,32.875
3332,exp-perf10000-003332-2d4537fb,1777539303499,1777539303532,202,32.548
3333,exp-perf10000-003333-a9ce6e21,1777539303499,1777539303532,202,32.734
3334,exp-perf10000-003334-dbdf87b3,1777539303500,1777539303533,202,32.932
3335,exp-perf10000-003335-c01afb9c,1777539303500,1777539303533,202,32.637
3336,exp-perf10000-003336-0328a501,1777539303501,1777539303533,202,32.899
3337,exp-perf10000-003337-e0b3ad88,1777539303501,1777539303533,202,32.569
3338,exp-perf10000-003338-b638e416,1777539303501,1777539303534,202,32.564
3339,exp-perf10000-003339-460f274d,1777539303501,1777539303534,202,32.776
3340,exp-perf10000-003340-3fc95b7a,1777539303502,1777539303535,202,32.988
3341,exp-perf10000-003341-523e8bd2,1777539303502,1777539303535,202,32.620
3342,exp-perf10000-003342-aa64d016,1777539303502,1777539303535,202,33.053
3343,exp-perf10000-003343-fc3cd1d8,1777539303503,1777539303535,202,32.733
3344,exp-perf10000-003344-71254b87,1777539303503,1777539303536,202,33.126
3345,exp-perf10000-003345-bb2cb224,1777539303503,1777539303536,202,32.737
3346,exp-perf10000-003346-e9776ce5,1777539303504,1777539303537,202,33.071
3347,exp-perf10000-003347-47389a08,1777539303504,1777539303537,202,32.770
3348,exp-perf10000-003348-e5661c37,1777539303504,1777539303537,202,33.161
3349,exp-perf10000-003349-0accf009,1777539303504,1777539303537,202,32.712
3350,exp-perf10000-003350-9fe94bbd,1777539303505,1777539303538,202,33.100
3351,exp-perf10000-003351-fe5c44cd,1777539303505,1777539303538,202,32.746
3352,exp-perf10000-003352-10b35e89,1777539303506,1777539303539,202,33.286
3353,exp-perf10000-003353-d875a130,1777539303506,1777539303539,202,32.970
3354,exp-perf10000-003354-7efbd9fb,1777539303506,1777539303539,202,33.075
3355,exp-perf10000-003355-b7120eec,1777539303507,1777539303540,202,33.160
3356,exp-perf10000-003356-471645a3,1777539303507,1777539303540,202,33.074
3357,exp-perf10000-003357-d7e4c8aa,1777539303507,1777539303540,202,33.156
3358,exp-perf10000-003358-4d6d5090,1777539303508,1777539303541,202,33.094
3359,exp-perf10000-003359-456f06f4,1777539303508,1777539303541,202,33.219
3360,exp-perf10000-003360-b06a4d36,1777539303508,1777539303541,202,33.074
3361,exp-perf10000-003361-3836af7f,1777539303508,1777539303542,202,33.185
3362,exp-perf10000-003362-31044eec,1777539303509,1777539303542,202,33.043
3363,exp-perf10000-003363-1a08a55e,1777539303509,1777539303542,202,33.184
3364,exp-perf10000-003364-ca852eeb,1777539303510,1777539303543,202,32.978
3365,exp-perf10000-003365-db1cec42,1777539303510,1777539303543,202,33.103
3366,exp-perf10000-003366-17dd97d5,1777539303510,1777539303543,202,33.049
3367,exp-perf10000-003367-6ab3904a,1777539303511,1777539303544,202,32.997
3368,exp-perf10000-003368-e95aa12b,1777539303511,1777539303544,202,32.925
3369,exp-perf10000-003369-16d6cd32,1777539303511,1777539303544,202,33.122
3370,exp-perf10000-003370-9246c74a,1777539303512,1777539303544,202,32.956
3371,exp-perf10000-003371-314deb96,1777539303512,1777539303545,202,33.086
3372,exp-perf10000-003372-18c4efae,1777539303512,1777539303545,202,32.935
3373,exp-perf10000-003373-b52654b2,1777539303513,1777539303546,202,33.087
3374,exp-perf10000-003374-2ce5311d,1777539303513,1777539303546,202,32.796
3375,exp-perf10000-003375-ef58c367,1777539303513,1777539303546,202,32.893
3376,exp-perf10000-003376-1438026a,1777539303513,1777539303546,202,32.718
3377,exp-perf10000-003377-b19809bd,1777539303514,1777539303547,202,32.859
3378,exp-perf10000-003378-e4032706,1777539303514,1777539303547,202,32.519
3379,exp-perf10000-003379-e99dbabc,1777539303515,1777539303548,202,32.838
3380,exp-perf10000-003380-455a043a,1777539303515,1777539303547,202,32.570
3381,exp-perf10000-003381-d9ecfdfb,1777539303515,1777539303548,202,32.602
3382,exp-perf10000-003382-85ec1ae2,1777539303516,1777539303548,202,32.717
3383,exp-perf10000-003383-bed1ece3,1777539303516,1777539303549,202,32.526
3384,exp-perf10000-003384-1015ff73,1777539303516,1777539303549,202,32.594
3385,exp-perf10000-003385-b892aef9,1777539303517,1777539303549,202,32.632
3386,exp-perf10000-003386-a8cba772,1777539303517,1777539303550,202,32.749
3387,exp-perf10000-003387-73403cc5,1777539303517,1777539303550,202,33.178
3388,exp-perf10000-003388-b321a67e,1777539303517,1777539303550,202,32.817
3389,exp-perf10000-003389-5d40de26,1777539303518,1777539303551,202,33.181
3390,exp-perf10000-003390-612b0d32,1777539303518,1777539303551,202,32.702
3391,exp-perf10000-003391-0dbbf5c7,1777539303519,1777539303552,202,33.119
3392,exp-perf10000-003392-746e99a7,1777539303519,1777539303552,202,32.886
3393,exp-perf10000-003393-dcad213e,1777539303519,1777539303552,202,32.830
3394,exp-perf10000-003394-092a6663,1777539303519,1777539303552,202,33.023
3395,exp-perf10000-003395-c85c09de,1777539303520,1777539303553,202,33.122
3396,exp-perf10000-003396-7f0173bf,1777539303520,1777539303553,202,33.249
3397,exp-perf10000-003397-10078506,1777539303521,1777539303554,202,32.902
3398,exp-perf10000-003398-744a64d2,1777539303521,1777539303554,202,33.281
3399,exp-perf10000-003399-7f8439e2,1777539303521,1777539303554,202,32.949
3400,exp-perf10000-003400-17e3c843,1777539303521,1777539303555,202,33.376
3401,exp-perf10000-003401-5c472948,1777539303522,1777539303555,202,32.978
3402,exp-perf10000-003402-2fc9fa74,1777539303522,1777539303556,202,33.486
3403,exp-perf10000-003403-0376315d,1777539303522,1777539303556,202,33.037
3404,exp-perf10000-003404-66f85c18,1777539303523,1777539303556,202,33.299
3405,exp-perf10000-003405-cd646346,1777539303523,1777539303556,202,32.947
3406,exp-perf10000-003406-c0905b56,1777539303523,1777539303557,202,33.230
3407,exp-perf10000-003407-59bd2c24,1777539303524,1777539303557,202,32.985
3408,exp-perf10000-003408-8c68ceb3,1777539303524,1777539303557,202,33.385
3409,exp-perf10000-003409-bb41a30a,1777539303525,1777539303557,202,32.870
3410,exp-perf10000-003410-dac22ccc,1777539303525,1777539303558,202,33.519
3411,exp-perf10000-003411-76b3fbd8,1777539303525,1777539303559,202,33.440
3412,exp-perf10000-003412-78f2d6b4,1777539303525,1777539303559,202,33.448
3413,exp-perf10000-003413-96f86139,1777539303526,1777539303559,202,33.217
3414,exp-perf10000-003414-9965adc3,1777539303526,1777539303560,202,33.532
3415,exp-perf10000-003415-79a0634c,1777539303527,1777539303560,202,33.486
3416,exp-perf10000-003416-94c1ac3d,1777539303527,1777539303561,202,33.852
3417,exp-perf10000-003417-975a2c2e,1777539303527,1777539303561,202,33.723
3418,exp-perf10000-003418-32abbb1c,1777539303527,1777539303561,202,33.803
3419,exp-perf10000-003419-35ef35ea,1777539303528,1777539303562,202,34.420
3420,exp-perf10000-003420-af78e38e,1777539303528,1777539303561,202,33.626
3421,exp-perf10000-003421-0a192025,1777539303529,1777539303563,202,34.284
3422,exp-perf10000-003422-905bdfa8,1777539303529,1777539303562,202,33.767
3423,exp-perf10000-003423-d1aeda65,1777539303529,1777539303563,202,34.480
3424,exp-perf10000-003424-4da4e959,1777539303529,1777539303563,202,33.738
3425,exp-perf10000-003425-f2cdc840,1777539303530,1777539303564,202,34.270
3426,exp-perf10000-003426-040fd856,1777539303530,1777539303564,202,33.760
3427,exp-perf10000-003427-1cba2f49,1777539303530,1777539303565,202,34.243
3428,exp-perf10000-003428-5c635cda,1777539303531,1777539303564,202,33.567
3429,exp-perf10000-003429-ecb1baf0,1777539303531,1777539303565,202,34.341
3430,exp-perf10000-003430-523ba1b2,1777539303531,1777539303565,202,33.556
3431,exp-perf10000-003431-9cd5bee0,1777539303532,1777539303566,202,34.454
3432,exp-perf10000-003432-890ccc7f,1777539303532,1777539303566,202,33.682
3433,exp-perf10000-003433-ad0e6c5f,1777539303532,1777539303567,202,34.486
3434,exp-perf10000-003434-9cb0d003,1777539303533,1777539303566,202,33.712
3435,exp-perf10000-003435-3a9dae8a,1777539303533,1777539303567,202,34.561
3436,exp-perf10000-003436-4970967a,1777539303533,1777539303567,202,33.767
3437,exp-perf10000-003437-418e9b81,1777539303534,1777539303568,202,34.697
3438,exp-perf10000-003438-d274288a,1777539303534,1777539303568,202,33.742
3439,exp-perf10000-003439-c794dddb,1777539303534,1777539303569,202,34.596
3440,exp-perf10000-003440-b2b94cad,1777539303535,1777539303568,202,33.768
3441,exp-perf10000-003441-70ad61ed,1777539303535,1777539303570,202,34.637
3442,exp-perf10000-003442-7706a1af,1777539303535,1777539303569,202,33.709
3443,exp-perf10000-003443-aab28d2b,1777539303536,1777539303570,202,34.767
3444,exp-perf10000-003444-278721ce,1777539303536,1777539303570,202,33.949
3445,exp-perf10000-003445-44cabb50,1777539303536,1777539303571,202,34.794
3446,exp-perf10000-003446-36af860d,1777539303537,1777539303571,202,33.860
3447,exp-perf10000-003447-119973ee,1777539303537,1777539303572,202,34.761
3448,exp-perf10000-003448-9b5a6f30,1777539303537,1777539303571,202,34.132
3449,exp-perf10000-003449-d96a6cde,1777539303538,1777539303572,202,34.822
3450,exp-perf10000-003450-41f31f6a,1777539303538,1777539303572,202,33.984
3451,exp-perf10000-003451-b2c8ccb9,1777539303538,1777539303573,202,34.894
3452,exp-perf10000-003452-46b397db,1777539303539,1777539303573,202,34.032
3453,exp-perf10000-003453-64b453bf,1777539303539,1777539303574,202,34.793
3454,exp-perf10000-003454-152ca8cb,1777539303539,1777539303573,202,34.084
3455,exp-perf10000-003455-448b1319,1777539303540,1777539303574,202,34.738
3456,exp-perf10000-003456-aadd878c,1777539303540,1777539303574,202,34.034
3457,exp-perf10000-003457-c560ebfd,1777539303540,1777539303575,202,34.697
3458,exp-perf10000-003458-2b1f682e,1777539303541,1777539303575,202,34.094
3459,exp-perf10000-003459-4ba08608,1777539303541,1777539303576,202,34.739
3460,exp-perf10000-003460-965dd614,1777539303541,1777539303576,202,34.231
3461,exp-perf10000-003461-4c053d1b,1777539303542,1777539303576,202,34.790
3462,exp-perf10000-003462-0bf8ba53,1777539303542,1777539303576,202,34.112
3463,exp-perf10000-003463-1a136cf1,1777539303542,1777539303577,202,34.754
3464,exp-perf10000-003464-5c49fe81,1777539303543,1777539303577,202,34.152
3465,exp-perf10000-003465-bb713abc,1777539303543,1777539303578,202,34.785
3466,exp-perf10000-003466-dc9e4dee,1777539303543,1777539303577,202,34.140
3467,exp-perf10000-003467-e5851e58,1777539303544,1777539303579,202,34.823
3468,exp-perf10000-003468-ee84df00,1777539303544,1777539303578,202,34.227
3469,exp-perf10000-003469-2ecdb8be,1777539303544,1777539303579,202,34.797
3470,exp-perf10000-003470-da06934c,1777539303545,1777539303579,202,34.098
3471,exp-perf10000-003471-46e6ad27,1777539303545,1777539303580,202,34.864
3472,exp-perf10000-003472-ef09a7ae,1777539303545,1777539303579,202,34.237
3473,exp-perf10000-003473-70b17f6b,1777539303546,1777539303580,202,34.273
3474,exp-perf10000-003474-22138eb2,1777539303546,1777539303581,202,35.018
3475,exp-perf10000-003475-a941c593,1777539303546,1777539303582,202,35.282
3476,exp-perf10000-003476-63b0a619,1777539303546,1777539303581,202,34.469
3477,exp-perf10000-003477-4cc4cef8,1777539303547,1777539303582,202,34.749
3478,exp-perf10000-003478-d2b1647b,1777539303547,1777539303582,202,34.887
3479,exp-perf10000-003479-4b1d0c8c,1777539303548,1777539303582,202,34.362
3480,exp-perf10000-003480-fba2e8d8,1777539303548,1777539303583,202,34.984
3481,exp-perf10000-003481-1dd0d161,1777539303548,1777539303583,202,34.449
3482,exp-perf10000-003482-f9c31381,1777539303548,1777539303583,202,34.930
3483,exp-perf10000-003483-34675e32,1777539303549,1777539303583,202,34.358
3484,exp-perf10000-003484-9fa74cce,1777539303549,1777539303584,202,34.957
3485,exp-perf10000-003485-eb097e49,1777539303549,1777539303584,202,34.307
3486,exp-perf10000-003486-548ad83c,1777539303550,1777539303585,202,34.922
3487,exp-perf10000-003487-73dcd479,1777539303550,1777539303585,202,34.880
3488,exp-perf10000-003488-58e9bd8d,1777539303551,1777539303584,202,33.863
3489,exp-perf10000-003489-845a13a3,1777539303551,1777539303586,202,34.910
3490,exp-perf10000-003490-5dc98044,1777539303551,1777539303585,202,33.768
3491,exp-perf10000-003491-94cc1ec8,1777539303552,1777539303587,202,34.934
3492,exp-perf10000-003492-74f96489,1777539303552,1777539303586,202,33.760
3493,exp-perf10000-003493-37c6bfea,1777539303552,1777539303587,202,34.949
3494,exp-perf10000-003494-d6ba1d4c,1777539303553,1777539303586,202,33.649
3495,exp-perf10000-003495-0f020061,1777539303553,1777539303588,202,34.882
3496,exp-perf10000-003496-8eb56185,1777539303553,1777539303587,202,33.405
3497,exp-perf10000-003497-9e99591c,1777539303554,1777539303589,202,35.000
3498,exp-perf10000-003498-ceca3698,1777539303554,1777539303588,202,33.445
3499,exp-perf10000-003499-555ad5a2,1777539303554,1777539303589,202,35.161
3500,exp-perf10000-003500-7e88558c,1777539303555,1777539303588,202,33.371
3501,exp-perf10000-003501-dd6cf302,1777539303555,1777539303590,202,34.987
3502,exp-perf10000-003502-8f881716,1777539303556,1777539303591,202,35.029
3503,exp-perf10000-003503-3158b54e,1777539303556,1777539303589,202,33.128
3504,exp-perf10000-003504-d456b6a4,1777539303556,1777539303589,202,33.273
3505,exp-perf10000-003505-8e7e0885,1777539303556,1777539303591,202,35.160
3506,exp-perf10000-003506-79ae01fd,1777539303557,1777539303590,202,33.293
3507,exp-perf10000-003507-89154907,1777539303557,1777539303592,202,35.055
3508,exp-perf10000-003508-d71c334b,1777539303557,1777539303593,202,35.103
3509,exp-perf10000-003509-73254e11,1777539303558,1777539303591,202,33.266
3510,exp-perf10000-003510-d2a1c06c,1777539303558,1777539303591,202,33.221
3511,exp-perf10000-003511-32fbe570,1777539303559,1777539303593,202,34.613
3512,exp-perf10000-003512-41447c71,1777539303559,1777539303592,202,33.208
3513,exp-perf10000-003513-9a143abd,1777539303559,1777539303594,202,35.028
3514,exp-perf10000-003514-0bd2c664,1777539303560,1777539303593,202,33.195
3515,exp-perf10000-003515-24b34259,1777539303560,1777539303595,202,34.510
3516,exp-perf10000-003516-48c2e9cd,1777539303561,1777539303593,202,32.836
3517,exp-perf10000-003517-7421b3db,1777539303561,1777539303595,202,34.548
3518,exp-perf10000-003518-49f99fe6,1777539303561,1777539303594,202,33.039
3519,exp-perf10000-003519-59a48c47,1777539303562,1777539303595,202,33.263
3520,exp-perf10000-003520-f6d537d5,1777539303562,1777539303596,202,33.870
3521,exp-perf10000-003521-fac033c0,1777539303562,1777539303595,202,32.986
3522,exp-perf10000-003522-bc601ea0,1777539303563,1777539303597,202,33.902
3523,exp-perf10000-003523-d50ae2a4,1777539303563,1777539303596,202,33.038
3524,exp-perf10000-003524-7e23d96c,1777539303563,1777539303597,202,33.984
3525,exp-perf10000-003525-dbb328fa,1777539303564,1777539303597,202,33.146
3526,exp-perf10000-003526-e9647ef6,1777539303564,1777539303598,202,33.897
3527,exp-perf10000-003527-5f4abc74,1777539303564,1777539303597,202,33.079
3528,exp-perf10000-003528-26b739d2,1777539303565,1777539303599,202,33.754
3529,exp-perf10000-003529-cea425de,1777539303565,1777539303598,202,33.262
3530,exp-perf10000-003530-a58eace7,1777539303565,1777539303599,202,33.929
3531,exp-perf10000-003531-04dd4faf,1777539303566,1777539303599,202,33.179
3532,exp-perf10000-003532-4f4a5032,1777539303566,1777539303600,202,33.850
3533,exp-perf10000-003533-913261af,1777539303566,1777539303600,202,33.193
3534,exp-perf10000-003534-cca908e4,1777539303567,1777539303601,202,33.801
3535,exp-perf10000-003535-68783b98,1777539303567,1777539303600,202,33.090
3536,exp-perf10000-003536-81408007,1777539303567,1777539303601,202,33.806
3537,exp-perf10000-003537-93527d2b,1777539303568,1777539303601,202,33.150
3538,exp-perf10000-003538-3b2efb91,1777539303568,1777539303602,202,33.677
3539,exp-perf10000-003539-415ac1c5,1777539303568,1777539303602,202,33.240
3540,exp-perf10000-003540-c6bf9b8c,1777539303569,1777539303603,202,34.346
3541,exp-perf10000-003541-6b02ea64,1777539303569,1777539303603,202,33.816
3542,exp-perf10000-003542-6d936456,1777539303570,1777539303603,202,33.777
3543,exp-perf10000-003543-cf874a92,1777539303570,1777539303603,202,33.286
3544,exp-perf10000-003544-b2b644a0,1777539303570,1777539303604,202,33.766
3545,exp-perf10000-003545-c1c8f39c,1777539303571,1777539303604,202,33.042
3546,exp-perf10000-003546-d1820f79,1777539303571,1777539303605,202,33.810
3547,exp-perf10000-003547-50107bb2,1777539303571,1777539303604,202,33.019
3548,exp-perf10000-003548-51627aa4,1777539303572,1777539303605,202,33.814
3549,exp-perf10000-003549-c32a3fd0,1777539303572,1777539303605,202,33.162
3550,exp-perf10000-003550-8be8f43d,1777539303572,1777539303606,202,33.682
3551,exp-perf10000-003551-341b5b21,1777539303573,1777539303606,202,32.895
3552,exp-perf10000-003552-edd84ed1,1777539303573,1777539303607,202,33.642
3553,exp-perf10000-003553-77b04c07,1777539303573,1777539303606,202,32.860
3554,exp-perf10000-003554-29be72bb,1777539303574,1777539303607,202,33.691
3555,exp-perf10000-003555-bbc90c4a,1777539303574,1777539303607,202,33.004
3556,exp-perf10000-003556-ded43721,1777539303574,1777539303608,202,33.580
3557,exp-perf10000-003557-27451668,1777539303575,1777539303608,202,32.944
3558,exp-perf10000-003558-fb550745,1777539303575,1777539303609,202,33.650
3559,exp-perf10000-003559-7c90db4a,1777539303576,1777539303608,202,32.918
3560,exp-perf10000-003560-288c7199,1777539303576,1777539303610,202,33.781
3561,exp-perf10000-003561-44ddfae7,1777539303576,1777539303609,202,33.087
3562,exp-perf10000-003562-18ebf75c,1777539303576,1777539303610,202,33.600
3563,exp-perf10000-003563-67e62638,1777539303577,1777539303610,202,32.822
3564,exp-perf10000-003564-efa32e34,1777539303577,1777539303610,202,33.351
3565,exp-perf10000-003565-dfc78da7,1777539303577,1777539303610,202,32.858
3566,exp-perf10000-003566-4a52b1c9,1777539303578,1777539303611,202,33.238
3567,exp-perf10000-003567-1f0faf75,1777539303578,1777539303611,202,32.781
3568,exp-perf10000-003568-b6a1a5d4,1777539303579,1777539303612,202,33.316
3569,exp-perf10000-003569-8a160dff,1777539303579,1777539303612,202,32.948
3570,exp-perf10000-003570-dcf311ec,1777539303579,1777539303612,202,33.300
3571,exp-perf10000-003571-0248ed6a,1777539303579,1777539303612,202,32.982
3572,exp-perf10000-003572-6ad645b3,1777539303580,1777539303613,202,33.450
3573,exp-perf10000-003573-0de5e576,1777539303580,1777539303613,202,33.059
3574,exp-perf10000-003574-f02d1746,1777539303581,1777539303614,202,32.831
3575,exp-perf10000-003575-e7a584e1,1777539303581,1777539303614,202,32.873
3576,exp-perf10000-003576-fe99b4e4,1777539303582,1777539303615,202,32.993
3577,exp-perf10000-003577-54a1e0ec,1777539303582,1777539303614,202,32.683
3578,exp-perf10000-003578-25386d88,1777539303582,1777539303615,202,33.104
3579,exp-perf10000-003579-e0ad358f,1777539303582,1777539303615,202,33.148
3580,exp-perf10000-003580-78d86793,1777539303583,1777539303616,202,33.095
3581,exp-perf10000-003581-06701f04,1777539303583,1777539303616,202,33.068
3582,exp-perf10000-003582-6463a9a4,1777539303583,1777539303616,202,33.258
3583,exp-perf10000-003583-42920485,1777539303583,1777539303616,202,33.077
3584,exp-perf10000-003584-f736f43e,1777539303584,1777539303617,202,33.386
3585,exp-perf10000-003585-cac18c3d,1777539303584,1777539303617,202,33.203
3586,exp-perf10000-003586-49af4b3a,1777539303584,1777539303618,202,33.315
3587,exp-perf10000-003587-bbc33562,1777539303585,1777539303618,202,33.185
3588,exp-perf10000-003588-9212b8e9,1777539303585,1777539303618,202,33.257
3589,exp-perf10000-003589-8b896c5f,1777539303585,1777539303619,202,33.296
3590,exp-perf10000-003590-bff5882c,1777539303586,1777539303619,202,33.339
3591,exp-perf10000-003591-e6967540,1777539303586,1777539303620,202,33.614
3592,exp-perf10000-003592-f766e7b9,1777539303586,1777539303620,202,33.544
3593,exp-perf10000-003593-ee8e7910,1777539303587,1777539303620,202,33.447
3594,exp-perf10000-003594-6823ee42,1777539303587,1777539303620,202,33.482
3595,exp-perf10000-003595-78a9e505,1777539303587,1777539303621,202,33.370
3596,exp-perf10000-003596-7ec52a0f,1777539303588,1777539303621,202,33.380
3597,exp-perf10000-003597-7308e283,1777539303588,1777539303621,202,33.352
3598,exp-perf10000-003598-637ef8b9,1777539303588,1777539303622,202,33.406
3599,exp-perf10000-003599-9c78f8c9,1777539303589,1777539303622,202,33.302
3600,exp-perf10000-003600-f1999a7a,1777539303589,1777539303622,202,33.571
3601,exp-perf10000-003601-d60cbfe5,1777539303589,1777539303623,202,33.654
3602,exp-perf10000-003602-661b8e1a,1777539303589,1777539303623,202,33.279
3603,exp-perf10000-003603-92d6d9c2,1777539303590,1777539303623,202,33.494
3604,exp-perf10000-003604-27da3bc8,1777539303590,1777539303624,202,33.737
3605,exp-perf10000-003605-1f119280,1777539303591,1777539303624,202,33.506
3606,exp-perf10000-003606-f359941a,1777539303591,1777539303625,202,33.766
3607,exp-perf10000-003607-e9bdbc6f,1777539303591,1777539303625,202,33.475
3608,exp-perf10000-003608-366a4664,1777539303592,1777539303625,202,33.733
3609,exp-perf10000-003609-8d60042c,1777539303592,1777539303626,202,33.744
3610,exp-perf10000-003610-c243c1e3,1777539303592,1777539303626,202,33.973
3611,exp-perf10000-003611-d4af2654,1777539303593,1777539303626,202,33.909
3612,exp-perf10000-003612-1ef3afc4,1777539303593,1777539303627,202,34.114
3613,exp-perf10000-003613-f650df55,1777539303593,1777539303627,202,33.920
3614,exp-perf10000-003614-4252c119,1777539303593,1777539303627,202,33.994
3615,exp-perf10000-003615-5a53d117,1777539303594,1777539303628,202,33.761
3616,exp-perf10000-003616-eff7647b,1777539303594,1777539303628,202,33.862
3617,exp-perf10000-003617-0eafe63a,1777539303595,1777539303628,202,33.785
3618,exp-perf10000-003618-92c72d14,1777539303595,1777539303629,202,33.879
3619,exp-perf10000-003619-a53d3ac7,1777539303595,1777539303629,202,33.698
3620,exp-perf10000-003620-bc21e846,1777539303596,1777539303629,202,33.835
3621,exp-perf10000-003621-62dbac1f,1777539303596,1777539303630,202,33.711
3622,exp-perf10000-003622-43019829,1777539303596,1777539303630,202,33.939
3623,exp-perf10000-003623-949031c0,1777539303597,1777539303630,202,33.554
3624,exp-perf10000-003624-6a01acd0,1777539303597,1777539303631,202,33.742
3625,exp-perf10000-003625-c537c897,1777539303597,1777539303631,202,33.792
3626,exp-perf10000-003626-f20904d5,1777539303597,1777539303631,202,33.417
3627,exp-perf10000-003627-6d0cc2db,1777539303598,1777539303632,202,33.551
3628,exp-perf10000-003628-55a18c63,1777539303598,1777539303632,202,33.546
3629,exp-perf10000-003629-6a698e34,1777539303599,1777539303632,202,33.535
3630,exp-perf10000-003630-996302b6,1777539303599,1777539303633,202,33.634
3631,exp-perf10000-003631-81319aa1,1777539303599,1777539303633,202,33.423
3632,exp-perf10000-003632-87d30a2d,1777539303600,1777539303633,202,33.428
3633,exp-perf10000-003633-38613376,1777539303600,1777539303633,202,33.343
3634,exp-perf10000-003634-45407486,1777539303600,1777539303634,202,33.532
3635,exp-perf10000-003635-74ba0369,1777539303601,1777539303634,202,33.478
3636,exp-perf10000-003636-f01f86d2,1777539303601,1777539303634,202,33.455
3637,exp-perf10000-003637-5e5943b8,1777539303601,1777539303635,202,33.346
3638,exp-perf10000-003638-f9ec5da3,1777539303602,1777539303635,202,33.400
3639,exp-perf10000-003639-e0fc832e,1777539303602,1777539303635,202,33.323
3640,exp-perf10000-003640-173d12e3,1777539303603,1777539303636,202,32.826
3641,exp-perf10000-003641-635ddfd1,1777539303603,1777539303636,202,32.836
3642,exp-perf10000-003642-550e99ca,1777539303603,1777539303636,202,33.186
3643,exp-perf10000-003643-bc68c27d,1777539303603,1777539303637,202,33.256
3644,exp-perf10000-003644-61922375,1777539303604,1777539303637,202,33.573
3645,exp-perf10000-003645-e418b38e,1777539303604,1777539303637,202,33.220
3646,exp-perf10000-003646-f505b45a,1777539303604,1777539303638,202,33.387
3647,exp-perf10000-003647-7e061c85,1777539303605,1777539303638,202,33.051
3648,exp-perf10000-003648-69c6c401,1777539303605,1777539303638,202,33.286
3649,exp-perf10000-003649-d9f5b983,1777539303605,1777539303639,202,33.077
3650,exp-perf10000-003650-16ac5051,1777539303606,1777539303639,202,33.393
3651,exp-perf10000-003651-0aaca7c5,1777539303606,1777539303639,202,32.995
3652,exp-perf10000-003652-6fffe177,1777539303606,1777539303640,202,33.551
3653,exp-perf10000-003653-83e3b7ea,1777539303607,1777539303640,202,33.039
3654,exp-perf10000-003654-b0d6e710,1777539303607,1777539303640,202,33.371
3655,exp-perf10000-003655-a076c3da,1777539303608,1777539303641,202,33.042
3656,exp-perf10000-003656-e885e969,1777539303608,1777539303641,202,33.363
3657,exp-perf10000-003657-e2b339b8,1777539303608,1777539303641,202,32.920
3658,exp-perf10000-003658-9ec100d0,1777539303609,1777539303642,202,33.358
3659,exp-perf10000-003659-503f9a55,1777539303609,1777539303642,202,32.889
3660,exp-perf10000-003660-bb232aa1,1777539303609,1777539303642,202,33.364
3661,exp-perf10000-003661-b265b5e1,1777539303610,1777539303643,202,33.582
3662,exp-perf10000-003662-c60419bd,1777539303610,1777539303642,202,32.669
3663,exp-perf10000-003663-f410d77f,1777539303610,1777539303643,202,32.887
3664,exp-perf10000-003664-f4a2fb86,1777539303610,1777539303644,202,33.601
3665,exp-perf10000-003665-7e7c6087,1777539303611,1777539303644,202,33.095
3666,exp-perf10000-003666-a5568417,1777539303611,1777539303645,202,33.631
3667,exp-perf10000-003667-78fbb8c0,1777539303611,1777539303644,202,33.305
3668,exp-perf10000-003668-f35b357b,1777539303612,1777539303645,202,33.584
3669,exp-perf10000-003669-f8c703ef,1777539303612,1777539303645,202,33.009
3670,exp-perf10000-003670-d687b782,1777539303612,1777539303646,202,33.524
3671,exp-perf10000-003671-90d7bbf9,1777539303613,1777539303646,202,33.027
3672,exp-perf10000-003672-afda825d,1777539303613,1777539303647,202,33.583
3673,exp-perf10000-003673-3ff04982,1777539303613,1777539303647,202,33.321
3674,exp-perf10000-003674-b295c381,1777539303614,1777539303648,202,33.785
3675,exp-perf10000-003675-fb44b9c5,1777539303614,1777539303647,202,33.362
3676,exp-perf10000-003676-c8600ef3,1777539303614,1777539303648,202,34.030
3677,exp-perf10000-003677-d762d510,1777539303615,1777539303648,202,33.487
3678,exp-perf10000-003678-ab470f63,1777539303615,1777539303649,202,33.924
3679,exp-perf10000-003679-d6157ea2,1777539303615,1777539303649,202,33.515
3680,exp-perf10000-003680-51b1f123,1777539303616,1777539303650,202,34.042
3681,exp-perf10000-003681-003870c8,1777539303616,1777539303649,202,33.571
3682,exp-perf10000-003682-f217ff5a,1777539303616,1777539303650,202,33.579
3683,exp-perf10000-003683-3d73b7d8,1777539303616,1777539303650,202,33.859
3684,exp-perf10000-003684-ee30e24f,1777539303617,1777539303651,202,33.953
3685,exp-perf10000-003685-4c27d1dc,1777539303617,1777539303651,202,33.501
3686,exp-perf10000-003686-b1d328a7,1777539303618,1777539303652,202,33.768
3687,exp-perf10000-003687-32688c94,1777539303618,1777539303651,202,33.334
3688,exp-perf10000-003688-09e633af,1777539303618,1777539303652,202,33.931
3689,exp-perf10000-003689-eef8a071,1777539303619,1777539303652,202,33.522
3690,exp-perf10000-003690-8bc73509,1777539303619,1777539303653,202,33.861
3691,exp-perf10000-003691-e04a85b6,1777539303620,1777539303653,202,33.333
3692,exp-perf10000-003692-57ecd869,1777539303620,1777539303653,202,33.635
3693,exp-perf10000-003693-a959dbc1,1777539303620,1777539303653,202,33.293
3694,exp-perf10000-003694-0b43104d,1777539303620,1777539303654,202,33.751
3695,exp-perf10000-003695-ce47f396,1777539303621,1777539303654,202,33.373
3696,exp-perf10000-003696-efdfcad5,1777539303621,1777539303655,202,33.713
3697,exp-perf10000-003697-7c25692d,1777539303621,1777539303655,202,33.320
3698,exp-perf10000-003698-05bec3d5,1777539303622,1777539303655,202,33.731
3699,exp-perf10000-003699-a601100e,1777539303622,1777539303655,202,33.227
3700,exp-perf10000-003700-5e6de25c,1777539303622,1777539303656,202,33.537
3701,exp-perf10000-003701-c3ab5ad0,1777539303623,1777539303656,202,33.309
3702,exp-perf10000-003702-ebe504b6,1777539303623,1777539303657,202,33.593
3703,exp-perf10000-003703-9918625f,1777539303623,1777539303657,202,33.141
3704,exp-perf10000-003704-422d5079,1777539303624,1777539303657,202,33.577
3705,exp-perf10000-003705-0c0a390b,1777539303624,1777539303657,202,33.050
3706,exp-perf10000-003706-a5138c2c,1777539303625,1777539303658,202,33.395
3707,exp-perf10000-003707-eaa9c640,1777539303625,1777539303658,202,32.967
3708,exp-perf10000-003708-af261387,1777539303625,1777539303659,202,33.328
3709,exp-perf10000-003709-702eeb16,1777539303626,1777539303659,202,32.912
3710,exp-perf10000-003710-ca850e49,1777539303626,1777539303659,202,33.190
3711,exp-perf10000-003711-fafd5220,1777539303627,1777539303659,202,32.629
3712,exp-perf10000-003712-69907748,1777539303627,1777539303660,202,32.976
3713,exp-perf10000-003713-a003c6be,1777539303627,1777539303660,202,32.591
3714,exp-perf10000-003714-5bff89f3,1777539303627,1777539303661,202,33.099
3715,exp-perf10000-003715-a2750633,1777539303628,1777539303660,202,32.621
3716,exp-perf10000-003716-d9dc85ab,1777539303628,1777539303661,202,33.155
3717,exp-perf10000-003717-d0f6ea8b,1777539303628,1777539303661,202,32.503
3718,exp-perf10000-003718-b47a4b26,1777539303629,1777539303662,202,33.134
3719,exp-perf10000-003719-dce510e3,1777539303629,1777539303662,202,32.582
3720,exp-perf10000-003720-41cb4ff4,1777539303629,1777539303663,202,33.218
3721,exp-perf10000-003721-f2eb62f5,1777539303630,1777539303662,202,32.731
3722,exp-perf10000-003722-0415a56f,1777539303630,1777539303663,202,33.226
3723,exp-perf10000-003723-ffdec523,1777539303630,1777539303663,202,32.695
3724,exp-perf10000-003724-8fd8e196,1777539303631,1777539303664,202,33.245
3725,exp-perf10000-003725-f0e849cd,1777539303631,1777539303664,202,32.684
3726,exp-perf10000-003726-c5cb8d9a,1777539303631,1777539303665,202,33.315
3727,exp-perf10000-003727-c7bdb470,1777539303632,1777539303664,202,32.783
3728,exp-perf10000-003728-4330d260,1777539303632,1777539303665,202,33.270
3729,exp-perf10000-003729-364e9dc8,1777539303632,1777539303665,202,32.744
3730,exp-perf10000-003730-cc051f9f,1777539303633,1777539303666,202,33.310
3731,exp-perf10000-003731-b3ec64b3,1777539303633,1777539303666,202,32.855
3732,exp-perf10000-003732-7768ecfb,1777539303633,1777539303666,202,33.276
3733,exp-perf10000-003733-a6505d52,1777539303633,1777539303666,202,33.037
3734,exp-perf10000-003734-fdeccaee,1777539303634,1777539303667,202,33.612
3735,exp-perf10000-003735-352e574a,1777539303634,1777539303667,202,33.267
3736,exp-perf10000-003736-0a131752,1777539303634,1777539303668,202,33.589
3737,exp-perf10000-003737-0e879d4a,1777539303635,1777539303668,202,33.315
3738,exp-perf10000-003738-586de816,1777539303635,1777539303669,202,33.364
3739,exp-perf10000-003739-3c3c137a,1777539303635,1777539303669,202,33.208
3740,exp-perf10000-003740-bf0a2a51,1777539303636,1777539303669,202,33.528
3741,exp-perf10000-003741-a05812af,1777539303636,1777539303669,202,33.118
3742,exp-perf10000-003742-a18fbb31,1777539303637,1777539303670,202,33.354
3743,exp-perf10000-003743-5183a890,1777539303637,1777539303670,202,33.203
3744,exp-perf10000-003744-f560a6ed,1777539303637,1777539303671,202,33.332
3745,exp-perf10000-003745-946b536f,1777539303637,1777539303671,202,33.113
3746,exp-perf10000-003746-8f9bf778,1777539303638,1777539303671,202,33.381
3747,exp-perf10000-003747-c35e03b6,1777539303638,1777539303671,202,33.104
3748,exp-perf10000-003748-1f7c0a56,1777539303638,1777539303672,202,33.523
3749,exp-perf10000-003749-58feec6e,1777539303639,1777539303672,202,33.209
3750,exp-perf10000-003750-d627d486,1777539303639,1777539303672,202,33.362
3751,exp-perf10000-003751-8bb3009f,1777539303639,1777539303673,202,33.469
3752,exp-perf10000-003752-37dc7f8c,1777539303640,1777539303673,202,33.400
3753,exp-perf10000-003753-6e1f8fe2,1777539303640,1777539303674,202,33.587
3754,exp-perf10000-003754-454614e6,1777539303640,1777539303674,202,33.662
3755,exp-perf10000-003755-a059662a,1777539303641,1777539303674,202,33.382
3756,exp-perf10000-003756-232d6b92,1777539303641,1777539303675,202,33.512
3757,exp-perf10000-003757-d7027cdc,1777539303641,1777539303675,202,33.573
3758,exp-perf10000-003758-81447b88,1777539303642,1777539303675,202,33.643
3759,exp-perf10000-003759-e4c9f95a,1777539303642,1777539303675,202,33.559
3760,exp-perf10000-003760-9047c51a,1777539303642,1777539303676,202,33.510
3761,exp-perf10000-003761-71270d28,1777539303643,1777539303676,202,33.472
3762,exp-perf10000-003762-ce141e81,1777539303643,1777539303676,202,33.454
3763,exp-perf10000-003763-9d56371b,1777539303643,1777539303677,202,33.444
3764,exp-perf10000-003764-2fd71b2b,1777539303644,1777539303677,202,33.426
3765,exp-perf10000-003765-4ffce331,1777539303644,1777539303677,202,33.401
3766,exp-perf10000-003766-6b279a66,1777539303644,1777539303678,202,33.343
3767,exp-perf10000-003767-0558736d,1777539303645,1777539303678,202,33.420
3768,exp-perf10000-003768-c2117427,1777539303645,1777539303678,202,33.461
3769,exp-perf10000-003769-64409b84,1777539303645,1777539303679,202,33.326
3770,exp-perf10000-003770-a0c31804,1777539303646,1777539303679,202,33.422
3771,exp-perf10000-003771-b9af2cc7,1777539303646,1777539303679,202,33.290
3772,exp-perf10000-003772-6babe786,1777539303647,1777539303680,202,33.056
3773,exp-perf10000-003773-30650bc7,1777539303647,1777539303680,202,32.756
3774,exp-perf10000-003774-3999770d,1777539303647,1777539303680,202,33.103
3775,exp-perf10000-003775-919575be,1777539303648,1777539303680,202,32.941
3776,exp-perf10000-003776-a8f44fcf,1777539303648,1777539303681,202,32.887
3777,exp-perf10000-003777-9469370a,1777539303648,1777539303681,202,32.773
3778,exp-perf10000-003778-b8c01399,1777539303649,1777539303682,202,32.898
3779,exp-perf10000-003779-307c0987,1777539303649,1777539303682,202,33.079
3780,exp-perf10000-003780-077ab3e5,1777539303649,1777539303682,202,32.952
3781,exp-perf10000-003781-153ca9b9,1777539303650,1777539303683,202,33.030
3782,exp-perf10000-003782-50b60a08,1777539303650,1777539303683,202,33.044
3783,exp-perf10000-003783-86b68555,1777539303650,1777539303683,202,33.053
3784,exp-perf10000-003784-acf51d80,1777539303651,1777539303684,202,32.832
3785,exp-perf10000-003785-9a8f85c3,1777539303651,1777539303684,202,32.958
3786,exp-perf10000-003786-668a0e93,1777539303651,1777539303684,202,32.779
3787,exp-perf10000-003787-3086d1e8,1777539303652,1777539303685,202,33.116
3788,exp-perf10000-003788-fecd7c7e,1777539303652,1777539303685,202,32.703
3789,exp-perf10000-003789-22dc8f69,1777539303652,1777539303685,202,33.198
3790,exp-perf10000-003790-7f000306,1777539303653,1777539303686,202,33.157
3791,exp-perf10000-003791-d93b7f8e,1777539303653,1777539303685,202,32.401
3792,exp-perf10000-003792-6ecc522b,1777539303653,1777539303686,202,32.567
3793,exp-perf10000-003793-0e946d0e,1777539303654,1777539303687,202,33.278
3794,exp-perf10000-003794-be086785,1777539303654,1777539303687,202,33.311
3795,exp-perf10000-003795-5429bb45,1777539303654,1777539303687,202,32.461
3796,exp-perf10000-003796-b17a0451,1777539303655,1777539303688,202,33.321
3797,exp-perf10000-003797-18542c9c,1777539303655,1777539303687,202,32.512
3798,exp-perf10000-003798-779b77a4,1777539303655,1777539303688,202,32.583
3799,exp-perf10000-003799-38b3638c,1777539303655,1777539303689,202,33.322
3800,exp-perf10000-003800-d852244a,1777539303656,1777539303689,202,33.356
3801,exp-perf10000-003801-9b0fd0ef,1777539303656,1777539303689,202,32.508
3802,exp-perf10000-003802-cd1867ac,1777539303657,1777539303689,202,32.535
3803,exp-perf10000-003803-1fd40324,1777539303657,1777539303690,202,33.373
3804,exp-perf10000-003804-78f601b9,1777539303657,1777539303690,202,32.554
3805,exp-perf10000-003805-83e29ea6,1777539303657,1777539303691,202,33.378
3806,exp-perf10000-003806-6dc41c23,1777539303658,1777539303691,202,32.688
3807,exp-perf10000-003807-e31c113a,1777539303658,1777539303692,202,33.530
3808,exp-perf10000-003808-1ec5954b,1777539303659,1777539303692,202,33.515
3809,exp-perf10000-003809-ba8eb677,1777539303659,1777539303691,202,32.531
3810,exp-perf10000-003810-37d19876,1777539303659,1777539303692,202,32.688
3811,exp-perf10000-003811-159c87c9,1777539303659,1777539303693,202,33.548
3812,exp-perf10000-003812-481d158d,1777539303660,1777539303693,202,32.794
3813,exp-perf10000-003813-b47e7ef2,1777539303660,1777539303694,202,33.562
3814,exp-perf10000-003814-437cb07e,1777539303661,1777539303693,202,32.734
3815,exp-perf10000-003815-036e71e9,1777539303661,1777539303694,202,33.644
3816,exp-perf10000-003816-55c2e539,1777539303661,1777539303694,202,32.872
3817,exp-perf10000-003817-90a869c2,1777539303661,1777539303695,202,33.702
3818,exp-perf10000-003818-8133d395,1777539303662,1777539303695,202,32.981
3819,exp-perf10000-003819-7b135220,1777539303662,1777539303696,202,33.818
3820,exp-perf10000-003820-b1837ba3,1777539303662,1777539303695,202,33.035
3821,exp-perf10000-003821-72ea81c5,1777539303663,1777539303696,202,33.860
3822,exp-perf10000-003822-0ac1cfe7,1777539303663,1777539303696,202,33.139
3823,exp-perf10000-003823-0416299c,1777539303663,1777539303697,202,34.024
3824,exp-perf10000-003824-ef8420f6,1777539303664,1777539303697,202,33.245
3825,exp-perf10000-003825-6a37b3b2,1777539303664,1777539303698,202,34.155
3826,exp-perf10000-003826-b782e428,1777539303664,1777539303698,202,33.232
3827,exp-perf10000-003827-82b8b192,1777539303665,1777539303699,202,34.206
3828,exp-perf10000-003828-b305d5b5,1777539303665,1777539303698,202,33.426
3829,exp-perf10000-003829-31232ff9,1777539303665,1777539303700,202,34.479
3830,exp-perf10000-003830-36052e2b,1777539303666,1777539303699,202,33.479
3831,exp-perf10000-003831-c7f55066,1777539303666,1777539303701,202,34.771
3832,exp-perf10000-003832-479cbbd4,1777539303666,1777539303701,202,34.907
3833,exp-perf10000-003833-40ccc5ec,1777539303667,1777539303700,202,33.327
3834,exp-perf10000-003834-83fe4bb4,1777539303667,1777539303702,202,34.793
3835,exp-perf10000-003835-d7c269b3,1777539303667,1777539303701,202,33.058
3836,exp-perf10000-003836-aed414ee,1777539303668,1777539303703,202,35.026
3837,exp-perf10000-003837-ccca0c06,1777539303668,1777539303702,202,33.124
3838,exp-perf10000-003838-d917c30d,1777539303669,1777539303703,202,33.896
3839,exp-perf10000-003839-6f47a58f,1777539303669,1777539303704,202,35.046
3840,exp-perf10000-003840-bb89398e,1777539303669,1777539303703,202,33.917
3841,exp-perf10000-003841-eb8ac99d,1777539303669,1777539303705,202,35.462
3842,exp-perf10000-003842-4c8c1e35,1777539303670,1777539303704,202,34.029
3843,exp-perf10000-003843-e5463f47,1777539303670,1777539303706,202,35.624
3844,exp-perf10000-003844-c06594b3,1777539303671,1777539303705,202,34.402
3845,exp-perf10000-003845-cc7f2032,1777539303671,1777539303706,202,35.632
3846,exp-perf10000-003846-349b17ce,1777539303671,1777539303706,202,34.621
3847,exp-perf10000-003847-118733a8,1777539303671,1777539303707,202,35.887
3848,exp-perf10000-003848-cff51458,1777539303672,1777539303707,202,34.649
3849,exp-perf10000-003849-f1a4024b,1777539303672,1777539303708,202,36.054
3850,exp-perf10000-003850-eb00c05c,1777539303673,1777539303707,202,34.873
3851,exp-perf10000-003851-58c9da1f,1777539303673,1777539303709,202,36.081
3852,exp-perf10000-003852-3071c151,1777539303673,1777539303708,202,34.849
3853,exp-perf10000-003853-1acd550e,1777539303674,1777539303710,202,36.006
3854,exp-perf10000-003854-f57e6e3d,1777539303674,1777539303709,202,35.095
3855,exp-perf10000-003855-b7a3263d,1777539303674,1777539303710,202,36.036
3856,exp-perf10000-003856-b9f6bfa0,1777539303675,1777539303710,202,35.243
3857,exp-perf10000-003857-96948529,1777539303675,1777539303712,202,36.784
3858,exp-perf10000-003858-18eaa230,1777539303675,1777539303711,202,35.140
3859,exp-perf10000-003859-5fb437d5,1777539303675,1777539303712,202,36.682
3860,exp-perf10000-003860-efb790fe,1777539303676,1777539303711,202,35.438
3861,exp-perf10000-003861-3c02af84,1777539303676,1777539303713,202,37.095
3862,exp-perf10000-003862-0ab6bce2,1777539303677,1777539303712,202,35.895
3863,exp-perf10000-003863-641af2cc,1777539303677,1777539303714,202,37.540
3864,exp-perf10000-003864-2c9aa292,1777539303677,1777539303713,202,35.801
3865,exp-perf10000-003865-2c8e72f0,1777539303677,1777539303715,202,37.245
3866,exp-perf10000-003866-6bf8b1ed,1777539303678,1777539303714,202,35.949
3867,exp-perf10000-003867-50b727f1,1777539303678,1777539303715,202,37.234
3868,exp-perf10000-003868-5419b79c,1777539303678,1777539303715,202,36.502
3869,exp-perf10000-003869-d7e5a207,1777539303679,1777539303716,202,37.346
3870,exp-perf10000-003870-6ccdad73,1777539303679,1777539303715,202,36.429
3871,exp-perf10000-003871-4f66b272,1777539303679,1777539303717,202,37.423
3872,exp-perf10000-003872-01bb098f,1777539303680,1777539303716,202,36.525
3873,exp-perf10000-003873-9fb0f012,1777539303680,1777539303717,202,37.660
3874,exp-perf10000-003874-b71b9cd8,1777539303680,1777539303717,202,36.625
3875,exp-perf10000-003875-669c475e,1777539303681,1777539303718,202,37.592
3876,exp-perf10000-003876-dec0c621,1777539303681,1777539303718,202,36.795
3877,exp-perf10000-003877-e531fd65,1777539303681,1777539303719,202,37.576
3878,exp-perf10000-003878-ad21801a,1777539303682,1777539303719,202,36.870
3879,exp-perf10000-003879-6c4d96cc,1777539303682,1777539303720,202,37.530
3880,exp-perf10000-003880-a7f96863,1777539303682,1777539303720,202,37.253
3881,exp-perf10000-003881-729c873e,1777539303683,1777539303720,202,37.522
3882,exp-perf10000-003882-28a2c5b3,1777539303683,1777539303720,202,37.072
3883,exp-perf10000-003883-ad2927a9,1777539303684,1777539303721,202,37.882
3884,exp-perf10000-003884-28b89e51,1777539303684,1777539303721,202,37.565
3885,exp-perf10000-003885-300e5de0,1777539303684,1777539303722,202,37.933
3886,exp-perf10000-003886-0fb45a71,1777539303684,1777539303722,202,38.246
3887,exp-perf10000-003887-aa3e755a,1777539303685,1777539303723,202,38.591
3888,exp-perf10000-003888-0be01a94,1777539303685,1777539303723,202,38.224
3889,exp-perf10000-003889-902aebbd,1777539303685,1777539303724,202,38.589
3890,exp-perf10000-003890-d1017719,1777539303685,1777539303724,202,38.489
3891,exp-perf10000-003891-5bbba961,1777539303686,1777539303725,202,38.718
3892,exp-perf10000-003892-2b3042c8,1777539303686,1777539303725,202,38.502
3893,exp-perf10000-003893-03da37dc,1777539303687,1777539303725,202,38.621
3894,exp-perf10000-003894-7521b7b6,1777539303687,1777539303725,202,38.646
3895,exp-perf10000-003895-7f20eb26,1777539303687,1777539303726,202,38.812
3896,exp-perf10000-003896-3a2e85ee,1777539303688,1777539303726,202,38.506
3897,exp-perf10000-003897-756585c3,1777539303688,1777539303727,202,38.805
3898,exp-perf10000-003898-689b7010,1777539303688,1777539303727,202,38.542
3899,exp-perf10000-003899-c2bab374,1777539303689,1777539303728,202,38.891
3900,exp-perf10000-003900-5fdf5b64,1777539303689,1777539303727,202,38.396
3901,exp-perf10000-003901-70fa0c53,1777539303689,1777539303728,202,38.978
3902,exp-perf10000-003902-c0de88fd,1777539303689,1777539303728,202,38.562
3903,exp-perf10000-003903-9b27f7f2,1777539303690,1777539303729,202,38.946
3904,exp-perf10000-003904-dc962ea2,1777539303690,1777539303729,202,38.551
3905,exp-perf10000-003905-9182bf36,1777539303691,1777539303730,202,39.320
3906,exp-perf10000-003906-56eedce5,1777539303691,1777539303729,202,38.608
3907,exp-perf10000-003907-6251e132,1777539303691,1777539303731,202,39.803
3908,exp-perf10000-003908-45f56d56,1777539303692,1777539303733,202,41.073
3909,exp-perf10000-003909-4217b8f4,1777539303692,1777539303731,202,38.884
3910,exp-perf10000-003910-e53c70f7,1777539303692,1777539303733,202,40.471
3911,exp-perf10000-003911-d5139d3b,1777539303693,1777539303733,202,40.057
3912,exp-perf10000-003912-f6fd63a3,1777539303693,1777539303733,202,39.805
3913,exp-perf10000-003913-c3fbbe04,1777539303693,1777539303733,202,39.394
3914,exp-perf10000-003914-0ed46e1d,1777539303694,1777539303733,202,39.701
3915,exp-perf10000-003915-afd5ccc3,1777539303694,1777539303734,202,39.697
3916,exp-perf10000-003916-61490d43,1777539303694,1777539303734,202,39.629
3917,exp-perf10000-003917-b4ac6fbb,1777539303695,1777539303735,202,39.794
3918,exp-perf10000-003918-a195071d,1777539303695,1777539303735,202,39.667
3919,exp-perf10000-003919-02a76842,1777539303696,1777539303735,202,39.811
3920,exp-perf10000-003920-a2e6581a,1777539303696,1777539303736,202,39.933
3921,exp-perf10000-003921-4d393781,1777539303696,1777539303736,202,40.088
3922,exp-perf10000-003922-12af4a19,1777539303696,1777539303737,202,40.076
3923,exp-perf10000-003923-52ad2cbc,1777539303697,1777539303737,202,39.980
3924,exp-perf10000-003924-e8437b55,1777539303697,1777539303737,202,39.841
3925,exp-perf10000-003925-0dc1df52,1777539303698,1777539303738,202,40.201
3926,exp-perf10000-003926-503927c5,1777539303698,1777539303738,202,39.893
3927,exp-perf10000-003927-144bee09,1777539303698,1777539303738,202,39.896
3928,exp-perf10000-003928-a408fb66,1777539303699,1777539303739,202,39.708
3929,exp-perf10000-003929-2c8fb370,1777539303699,1777539303739,202,39.875
3930,exp-perf10000-003930-23f27e58,1777539303700,1777539303739,202,39.767
3931,exp-perf10000-003931-72dd82f7,1777539303700,1777539303740,202,39.911
3932,exp-perf10000-003932-6cf4dade,1777539303701,1777539303741,202,40.010
3933,exp-perf10000-003933-03a508a2,1777539303701,1777539303740,202,39.298
3934,exp-perf10000-003934-e76b76cb,1777539303701,1777539303741,202,39.466
3935,exp-perf10000-003935-3e87ac7d,1777539303702,1777539303741,202,39.618
3936,exp-perf10000-003936-1db6cc42,1777539303702,1777539303742,202,39.318
3937,exp-perf10000-003937-9d795b61,1777539303703,1777539303742,202,39.274
3938,exp-perf10000-003938-11d2e613,1777539303703,1777539303743,202,39.430
3939,exp-perf10000-003939-a84e6124,1777539303703,1777539303742,202,39.119
3940,exp-perf10000-003940-922c1c54,1777539303704,1777539303743,202,39.125
3941,exp-perf10000-003941-5e945483,1777539303704,1777539303743,202,39.341
3942,exp-perf10000-003942-07f87656,1777539303705,1777539303744,202,39.320
3943,exp-perf10000-003943-0a6f26a8,1777539303705,1777539303744,202,38.886
3944,exp-perf10000-003944-87561048,1777539303706,1777539303745,202,38.979
3945,exp-perf10000-003945-a5c1574a,1777539303706,1777539303745,202,39.210
3946,exp-perf10000-003946-d98b7142,1777539303706,1777539303745,202,39.002
3947,exp-perf10000-003947-c4b051e8,1777539303707,1777539303746,202,39.216
3948,exp-perf10000-003948-de8eaf9f,1777539303707,1777539303746,202,38.802
3949,exp-perf10000-003949-1ba2d585,1777539303707,1777539303747,202,39.327
3950,exp-perf10000-003950-891daa67,1777539303708,1777539303748,202,39.627
3951,exp-perf10000-003951-1d696636,1777539303708,1777539303747,202,38.818
3952,exp-perf10000-003952-d0521091,1777539303709,1777539303748,202,39.274
3953,exp-perf10000-003953-0861c66d,1777539303709,1777539303749,202,39.339
3954,exp-perf10000-003954-a75b4276,1777539303710,1777539303749,202,39.391
3955,exp-perf10000-003955-d297efb6,1777539303710,1777539303749,202,39.505
3956,exp-perf10000-003956-228c79d0,1777539303710,1777539303750,202,39.279
3957,exp-perf10000-003957-578f46b2,1777539303711,1777539303750,202,39.715
3958,exp-perf10000-003958-0f04580d,1777539303711,1777539303751,202,39.561
3959,exp-perf10000-003959-ad01d4f2,1777539303712,1777539303750,202,38.602
3960,exp-perf10000-003960-d53bf762,1777539303712,1777539303751,202,38.681
3961,exp-perf10000-003961-63f7cc15,1777539303712,1777539303752,202,39.243
3962,exp-perf10000-003962-2a20706f,1777539303713,1777539303752,202,39.338
3963,exp-perf10000-003963-fe6db14f,1777539303713,1777539303752,202,38.761
3964,exp-perf10000-003964-a9807c7b,1777539303714,1777539303753,202,39.162
3965,exp-perf10000-003965-5f086ffb,1777539303714,1777539303753,202,38.282
3966,exp-perf10000-003966-6ebe420b,1777539303715,1777539303753,202,38.574
3967,exp-perf10000-003967-ca462dbc,1777539303715,1777539303754,202,39.018
3968,exp-perf10000-003968-581ddd32,1777539303715,1777539303754,202,38.879
3969,exp-perf10000-003969-d28275cf,1777539303716,1777539303755,202,39.107
3970,exp-perf10000-003970-cece5112,1777539303716,1777539303755,202,38.815
3971,exp-perf10000-003971-1c71508d,1777539303716,1777539303756,202,39.276
3972,exp-perf10000-003972-8b8edc30,1777539303717,1777539303756,202,38.840
3973,exp-perf10000-003973-1c50c375,1777539303717,1777539303756,202,39.009
3974,exp-perf10000-003974-872dcd24,1777539303717,1777539303756,202,38.641
3975,exp-perf10000-003975-2f2d8dfa,1777539303718,1777539303757,202,39.467
3976,exp-perf10000-003976-39b01196,1777539303718,1777539303757,202,38.793
3977,exp-perf10000-003977-68f25ed9,1777539303719,1777539303758,202,39.473
3978,exp-perf10000-003978-d50829d1,1777539303719,1777539303758,202,38.874
3979,exp-perf10000-003979-23789ad9,1777539303720,1777539303759,202,39.208
3980,exp-perf10000-003980-03952269,1777539303720,1777539303758,202,38.718
3981,exp-perf10000-003981-62e6b759,1777539303720,1777539303760,202,39.726
3982,exp-perf10000-003982-48b3cfe5,1777539303720,1777539303759,202,38.925
3983,exp-perf10000-003983-6f299e57,1777539303721,1777539303761,202,39.443
3984,exp-perf10000-003984-046cbde3,1777539303722,1777539303760,202,38.534
3985,exp-perf10000-003985-ba7af25c,1777539303722,1777539303762,202,39.361
3986,exp-perf10000-003986-9c605b85,1777539303723,1777539303762,202,39.389
3987,exp-perf10000-003987-fae94c0a,1777539303723,1777539303763,202,39.347
3988,exp-perf10000-003988-53a77ae0,1777539303723,1777539303762,202,38.548
3989,exp-perf10000-003989-356ac3cb,1777539303724,1777539303763,202,38.751
3990,exp-perf10000-003990-187596f8,1777539303724,1777539303763,202,38.966
3991,exp-perf10000-003991-b8caffa2,1777539303725,1777539303764,202,38.860
3992,exp-perf10000-003992-4f9ae1fd,1777539303725,1777539303764,202,39.078
3993,exp-perf10000-003993-736fc1fd,1777539303725,1777539303764,202,39.064
3994,exp-perf10000-003994-878dd930,1777539303726,1777539303765,202,39.305
3995,exp-perf10000-003995-afaa82b0,1777539303726,1777539303765,202,39.416
3996,exp-perf10000-003996-5d25d42c,1777539303726,1777539303765,202,39.044
3997,exp-perf10000-003997-aeab6b67,1777539303727,1777539303766,202,39.416
3998,exp-perf10000-003998-ce25add3,1777539303727,1777539303766,202,39.615
3999,exp-perf10000-003999-3dd08bd8,1777539303727,1777539303767,202,39.523
4000,exp-perf10000-004000-56d4c676,1777539303728,1777539303767,202,39.519
4001,exp-perf10000-004001-a128ae1e,1777539303728,1777539303768,202,39.468
4002,exp-perf10000-004002-fc7ef26f,1777539303728,1777539303768,202,39.760
4003,exp-perf10000-004003-6a1544a0,1777539303729,1777539303768,202,39.485
4004,exp-perf10000-004004-81a4301a,1777539303729,1777539303769,202,39.876
4005,exp-perf10000-004005-054f4fdb,1777539303730,1777539303769,202,39.373
4006,exp-perf10000-004006-09452a11,1777539303730,1777539303769,202,39.377
4007,exp-perf10000-004007-3255c16b,1777539303731,1777539303771,202,40.043
4008,exp-perf10000-004008-65e0938b,1777539303731,1777539303770,202,38.929
4009,exp-perf10000-004009-e2cf2aa0,1777539303733,1777539303772,202,39.675
4010,exp-perf10000-004010-33d4d400,1777539303733,1777539303772,202,38.992
4011,exp-perf10000-004011-11d0dfee,1777539303733,1777539303772,202,38.692
4012,exp-perf10000-004012-fcbf3965,1777539303733,1777539303771,202,37.764
4013,exp-perf10000-004013-483bf68e,1777539303733,1777539303770,202,36.876
4014,exp-perf10000-004014-23fb6b5d,1777539303733,1777539303772,202,38.825
4015,exp-perf10000-004015-0070d194,1777539303734,1777539303773,202,39.335
4016,exp-perf10000-004016-6e5db603,1777539303734,1777539303773,202,38.916
4017,exp-perf10000-004017-fb03b775,1777539303735,1777539303774,202,39.213
4018,exp-perf10000-004018-e4e74fbd,1777539303735,1777539303774,202,39.121
4019,exp-perf10000-004019-9e41c2dd,1777539303735,1777539303775,202,39.178
4020,exp-perf10000-004020-c6a19b6f,1777539303736,1777539303775,202,39.001
4021,exp-perf10000-004021-667e474d,1777539303736,1777539303775,202,38.648
4022,exp-perf10000-004022-0b7a97fd,1777539303737,1777539303775,202,38.796
4023,exp-perf10000-004023-43d4e43f,1777539303737,1777539303776,202,38.827
4024,exp-perf10000-004024-0132729c,1777539303737,1777539303776,202,38.845
4025,exp-perf10000-004025-92844160,1777539303738,1777539303776,202,38.480
4026,exp-perf10000-004026-306c6a88,1777539303738,1777539303777,202,38.700
4027,exp-perf10000-004027-246d53d4,1777539303738,1777539303777,202,38.644
4028,exp-perf10000-004028-f7e95fcb,1777539303739,1777539303777,202,38.840
4029,exp-perf10000-004029-9c3bc917,1777539303739,1777539303778,202,38.699
4030,exp-perf10000-004030-16ab7e13,1777539303739,1777539303778,202,38.668
4031,exp-perf10000-004031-7d1c0ec2,1777539303740,1777539303779,202,38.767
4032,exp-perf10000-004032-a4b280ba,1777539303740,1777539303779,202,39.193
4033,exp-perf10000-004033-024d097d,1777539303741,1777539303779,202,38.785
4034,exp-perf10000-004034-fb08c3d4,1777539303741,1777539303780,202,39.258
4035,exp-perf10000-004035-6e395333,1777539303741,1777539303780,202,38.953
4036,exp-perf10000-004036-274b62ef,1777539303742,1777539303780,202,38.833
4037,exp-perf10000-004037-a1994064,1777539303742,1777539303781,202,38.697
4038,exp-perf10000-004038-5d05000e,1777539303742,1777539303781,202,38.340
4039,exp-perf10000-004039-12ab0ca6,1777539303743,1777539303781,202,38.490
4040,exp-perf10000-004040-08f77c96,1777539303743,1777539303781,202,38.352
4041,exp-perf10000-004041-8dbddcef,1777539303743,1777539303782,202,38.266
4042,exp-perf10000-004042-665f4b5d,1777539303744,1777539303782,202,38.324
4043,exp-perf10000-004043-677ba304,1777539303744,1777539303782,202,37.738
4044,exp-perf10000-004044-f572af52,1777539303745,1777539303783,202,38.178
4045,exp-perf10000-004045-7c27d3f5,1777539303745,1777539303783,202,38.060
4046,exp-perf10000-004046-6eca6169,1777539303745,1777539303784,202,38.247
4047,exp-perf10000-004047-196c29f3,1777539303746,1777539303784,202,38.005
4048,exp-perf10000-004048-f5eb59d7,1777539303746,1777539303784,202,38.164
4049,exp-perf10000-004049-3e575ceb,1777539303747,1777539303785,202,37.719
4050,exp-perf10000-004050-97c63df5,1777539303747,1777539303785,202,37.793
4051,exp-perf10000-004051-de0288c1,1777539303748,1777539303785,202,37.401
4052,exp-perf10000-004052-7157742d,1777539303748,1777539303786,202,37.491
4053,exp-perf10000-004053-50b533b2,1777539303749,1777539303786,202,37.352
4054,exp-perf10000-004054-375d8928,1777539303749,1777539303786,202,37.317
4055,exp-perf10000-004055-7c9e9847,1777539303749,1777539303787,202,37.307
4056,exp-perf10000-004056-f7086e31,1777539303750,1777539303787,202,37.426
4057,exp-perf10000-004057-c4c0c28c,1777539303750,1777539303788,202,37.508
4058,exp-perf10000-004058-d83fbc85,1777539303750,1777539303787,202,37.118
4059,exp-perf10000-004059-309d2302,1777539303751,1777539303788,202,37.393
4060,exp-perf10000-004060-4fd82721,1777539303751,1777539303788,202,36.975
4061,exp-perf10000-004061-b363043d,1777539303752,1777539303789,202,36.966
4062,exp-perf10000-004062-551f912c,1777539303752,1777539303789,202,37.039
4063,exp-perf10000-004063-756ddf85,1777539303752,1777539303790,202,37.285
4064,exp-perf10000-004064-5819dadf,1777539303753,1777539303790,202,37.359
4065,exp-perf10000-004065-67ce2900,1777539303753,1777539303790,202,37.235
4066,exp-perf10000-004066-795af5af,1777539303753,1777539303790,202,37.179
4067,exp-perf10000-004067-7c3aa97e,1777539303754,1777539303791,202,36.766
4068,exp-perf10000-004068-1c044d5a,1777539303754,1777539303791,202,36.881
4069,exp-perf10000-004069-0beab0af,1777539303755,1777539303792,202,37.155
4070,exp-perf10000-004070-6a1fb7b3,1777539303755,1777539303792,202,36.845
4071,exp-perf10000-004071-f1e5cf83,1777539303756,1777539303793,202,36.958
4072,exp-perf10000-004072-e7901196,1777539303756,1777539303792,202,36.481
4073,exp-perf10000-004073-38f627df,1777539303756,1777539303793,202,36.864
4074,exp-perf10000-004074-660ba8ac,1777539303756,1777539303793,202,36.990
4075,exp-perf10000-004075-bb55c914,1777539303757,1777539303794,202,36.862
4076,exp-perf10000-004076-e0a2eb38,1777539303757,1777539303794,202,36.360
4077,exp-perf10000-004077-394b927d,1777539303758,1777539303795,202,36.840
4078,exp-perf10000-004078-eae486f4,1777539303758,1777539303795,202,36.613
4079,exp-perf10000-004079-1c0342dc,1777539303759,1777539303795,202,36.829
4080,exp-perf10000-004080-b9178593,1777539303759,1777539303795,202,36.370
4081,exp-perf10000-004081-57c058e2,1777539303759,1777539303796,202,36.837
4082,exp-perf10000-004082-dffc0f30,1777539303760,1777539303796,202,35.939
4083,exp-perf10000-004083-59092c04,1777539303760,1777539303797,202,36.687
4084,exp-perf10000-004084-9faf0efb,1777539303761,1777539303797,202,35.946
4085,exp-perf10000-004085-04646b95,1777539303762,1777539303797,202,35.801
4086,exp-perf10000-004086-1fae88e7,1777539303762,1777539303798,202,35.939
4087,exp-perf10000-004087-cb4bc70e,1777539303762,1777539303798,202,35.994
4088,exp-perf10000-004088-e6c088b6,1777539303763,1777539303798,202,35.554
4089,exp-perf10000-004089-8619471c,1777539303763,1777539303799,202,36.129
4090,exp-perf10000-004090-956b0cc7,1777539303763,1777539303799,202,35.775
4091,exp-perf10000-004091-ec692bd0,1777539303764,1777539303800,202,36.017
4092,exp-perf10000-004092-ac19d75b,1777539303764,1777539303799,202,35.577
4093,exp-perf10000-004093-8fc35b11,1777539303765,1777539303800,202,35.812
4094,exp-perf10000-004094-b4236f47,1777539303765,1777539303800,202,35.418
4095,exp-perf10000-004095-06728fae,1777539303765,1777539303801,202,35.434
4096,exp-perf10000-004096-d45e75a2,1777539303766,1777539303801,202,35.604
4097,exp-perf10000-004097-ca51110b,1777539303766,1777539303802,202,35.525
4098,exp-perf10000-004098-473e37b3,1777539303766,1777539303801,202,34.999
4099,exp-perf10000-004099-46d02d3e,1777539303767,1777539303802,202,35.585
4100,exp-perf10000-004100-7cb681be,1777539303767,1777539303802,202,34.813
4101,exp-perf10000-004101-82eb9a5a,1777539303768,1777539303803,202,35.612
4102,exp-perf10000-004102-0d5b3c01,1777539303768,1777539303803,202,34.792
4103,exp-perf10000-004103-3cf7ed2a,1777539303768,1777539303804,202,35.504
4104,exp-perf10000-004104-17436143,1777539303769,1777539303804,202,34.748
4105,exp-perf10000-004105-90afa02a,1777539303769,1777539303805,202,35.786
4106,exp-perf10000-004106-ecc1dc53,1777539303769,1777539303804,202,34.986
4107,exp-perf10000-004107-671a54cb,1777539303770,1777539303805,202,35.510
4108,exp-perf10000-004108-5be878a7,1777539303770,1777539303805,202,34.756
4109,exp-perf10000-004109-514eb4c9,1777539303771,1777539303806,202,35.739
4110,exp-perf10000-004110-692ecd96,1777539303771,1777539303806,202,35.081
4111,exp-perf10000-004111-5aa351f0,1777539303772,1777539303807,202,35.356
4112,exp-perf10000-004112-874c3887,1777539303772,1777539303807,202,34.962
4113,exp-perf10000-004113-8efe7aae,1777539303772,1777539303807,202,35.185
4114,exp-perf10000-004114-4dca3832,1777539303772,1777539303807,202,34.717
4115,exp-perf10000-004115-71f05d73,1777539303773,1777539303808,202,35.353
4116,exp-perf10000-004116-113a793e,1777539303773,1777539303808,202,34.737
4117,exp-perf10000-004117-d1b88cf6,1777539303774,1777539303809,202,35.016
4118,exp-perf10000-004118-c6ffc74e,1777539303774,1777539303809,202,35.169
4119,exp-perf10000-004119-c2efaeb2,1777539303775,1777539303810,202,35.509
4120,exp-perf10000-004120-ecd63fcc,1777539303775,1777539303810,202,35.082
4121,exp-perf10000-004121-b9435602,1777539303775,1777539303811,202,35.744
4122,exp-perf10000-004122-4f535415,1777539303775,1777539303810,202,34.927
4123,exp-perf10000-004123-39e4701a,1777539303776,1777539303812,202,35.870
4124,exp-perf10000-004124-30afe806,1777539303776,1777539303811,202,34.938
4125,exp-perf10000-004125-3975276b,1777539303776,1777539303812,202,35.833
4126,exp-perf10000-004126-5f495294,1777539303777,1777539303812,202,34.851
4127,exp-perf10000-004127-e8523bae,1777539303777,1777539303813,202,35.837
4128,exp-perf10000-004128-00b43396,1777539303777,1777539303812,202,34.805
4129,exp-perf10000-004129-34da79b4,1777539303778,1777539303814,202,35.816
4130,exp-perf10000-004130-5243afdc,1777539303778,1777539303813,202,34.827
4131,exp-perf10000-004131-82ac5bdc,1777539303779,1777539303814,202,35.823
4132,exp-perf10000-004132-8376b760,1777539303779,1777539303814,202,34.480
4133,exp-perf10000-004133-80f5d020,1777539303779,1777539303815,202,35.555
4134,exp-perf10000-004134-89daa567,1777539303780,1777539303816,202,35.493
4135,exp-perf10000-004135-9c68a07e,1777539303780,1777539303814,202,33.885
4136,exp-perf10000-004136-fec94aa0,1777539303781,1777539303815,202,34.335
4137,exp-perf10000-004137-b96e6bd6,1777539303781,1777539303816,202,35.717
4138,exp-perf10000-004138-4cf791a1,1777539303781,1777539303816,202,34.751
4139,exp-perf10000-004139-abd45267,1777539303781,1777539303817,202,35.996
4140,exp-perf10000-004140-132e2795,1777539303781,1777539303817,202,35.344
4141,exp-perf10000-004141-ce8bded3,1777539303782,1777539303818,202,35.982
4142,exp-perf10000-004142-f6a60bc9,1777539303782,1777539303817,202,35.202
4143,exp-perf10000-004143-d92d9afc,1777539303782,1777539303818,202,35.954
4144,exp-perf10000-004144-550ea120,1777539303783,1777539303818,202,35.115
4145,exp-perf10000-004145-5235a95d,1777539303783,1777539303819,202,35.852
4146,exp-perf10000-004146-aa48aa1b,1777539303784,1777539303819,202,35.027
4147,exp-perf10000-004147-de47a12d,1777539303784,1777539303820,202,36.064
4148,exp-perf10000-004148-45879433,1777539303784,1777539303819,202,34.905
4149,exp-perf10000-004149-6c5b0d4b,1777539303785,1777539303821,202,36.153
4150,exp-perf10000-004150-f743ff94,1777539303785,1777539303820,202,34.823
4151,exp-perf10000-004151-5ca84ad2,1777539303785,1777539303822,202,36.260
4152,exp-perf10000-004152-c6ef2181,1777539303786,1777539303820,202,34.859
4153,exp-perf10000-004153-42fc4d7e,1777539303786,1777539303822,202,36.208
4154,exp-perf10000-004154-f1ade231,1777539303786,1777539303821,202,34.950
4155,exp-perf10000-004155-14fe7962,1777539303787,1777539303823,202,36.046
4156,exp-perf10000-004156-67fa9abe,1777539303787,1777539303822,202,34.856
4157,exp-perf10000-004157-ca4b5ec6,1777539303787,1777539303824,202,36.062
4158,exp-perf10000-004158-2428bd21,1777539303788,1777539303823,202,34.909
4159,exp-perf10000-004159-21302fa3,1777539303788,1777539303824,202,36.189
4160,exp-perf10000-004160-bef17ce3,1777539303788,1777539303823,202,35.005
4161,exp-perf10000-004161-88b30124,1777539303789,1777539303825,202,36.192
4162,exp-perf10000-004162-bd60ad65,1777539303789,1777539303824,202,35.330
4163,exp-perf10000-004163-18547a54,1777539303790,1777539303826,202,35.845
4164,exp-perf10000-004164-a2388ef7,1777539303790,1777539303825,202,35.075
4165,exp-perf10000-004165-23915dab,1777539303790,1777539303827,202,36.259
4166,exp-perf10000-004166-3e3035dc,1777539303791,1777539303826,202,35.632
4167,exp-perf10000-004167-2ccb8218,1777539303791,1777539303827,202,36.175
4168,exp-perf10000-004168-1ddee06a,1777539303791,1777539303827,202,35.750
4169,exp-perf10000-004169-5250e8c0,1777539303792,1777539303828,202,35.846
4170,exp-perf10000-004170-0cf9078c,1777539303792,1777539303828,202,35.963
4171,exp-perf10000-004171-6aaee9dd,1777539303792,1777539303829,202,36.302
4172,exp-perf10000-004172-d67c672c,1777539303793,1777539303828,202,35.889
4173,exp-perf10000-004173-acdc10a4,1777539303793,1777539303829,202,36.151
4174,exp-perf10000-004174-0283333e,1777539303793,1777539303829,202,36.120
4175,exp-perf10000-004175-369c7ff8,1777539303794,1777539303830,202,36.263
4176,exp-perf10000-004176-41850cfc,1777539303794,1777539303830,202,35.938
4177,exp-perf10000-004177-0f9cae7c,1777539303795,1777539303831,202,35.815
4178,exp-perf10000-004178-57c2e59b,1777539303795,1777539303831,202,36.042
4179,exp-perf10000-004179-b9b1499d,1777539303795,1777539303831,202,36.014
4180,exp-perf10000-004180-03fd636f,1777539303795,1777539303832,202,36.061
4181,exp-perf10000-004181-831fc061,1777539303796,1777539303832,202,36.328
4182,exp-perf10000-004182-eec11250,1777539303796,1777539303832,202,36.150
4183,exp-perf10000-004183-72ef790c,1777539303797,1777539303833,202,36.285
4184,exp-perf10000-004184-0faab130,1777539303797,1777539303833,202,35.891
4185,exp-perf10000-004185-d2ce1257,1777539303797,1777539303834,202,36.214
4186,exp-perf10000-004186-16066b5e,1777539303798,1777539303834,202,35.799
4187,exp-perf10000-004187-99a02fa2,1777539303798,1777539303834,202,36.263
4188,exp-perf10000-004188-fc445b35,1777539303798,1777539303835,202,36.445
4189,exp-perf10000-004189-a4655b70,1777539303799,1777539303835,202,36.123
4190,exp-perf10000-004190-91e3d5d0,1777539303799,1777539303835,202,36.244
4191,exp-perf10000-004191-aed23277,1777539303800,1777539303836,202,36.478
4192,exp-perf10000-004192-9dc7aa76,1777539303800,1777539303836,202,36.547
4193,exp-perf10000-004193-b845c8bb,1777539303800,1777539303837,202,36.397
4194,exp-perf10000-004194-400432dc,1777539303800,1777539303837,202,36.551
4195,exp-perf10000-004195-8f4c8d8c,1777539303801,1777539303837,202,36.447
4196,exp-perf10000-004196-48ea06c3,1777539303801,1777539303838,202,36.346
4197,exp-perf10000-004197-d5b8ae65,1777539303801,1777539303838,202,36.872
4198,exp-perf10000-004198-e9cefa7f,1777539303802,1777539303838,202,36.366
4199,exp-perf10000-004199-6e24d6a6,1777539303802,1777539303839,202,36.702
4200,exp-perf10000-004200-0c23a62d,1777539303802,1777539303839,202,36.134
4201,exp-perf10000-004201-4524f41d,1777539303803,1777539303840,202,36.634
4202,exp-perf10000-004202-238794ba,1777539303803,1777539303839,202,36.093
4203,exp-perf10000-004203-f643ee4f,1777539303804,1777539303840,202,36.470
4204,exp-perf10000-004204-71a2946e,1777539303804,1777539303840,202,36.275
4205,exp-perf10000-004205-b972534e,1777539303805,1777539303841,202,36.251
4206,exp-perf10000-004206-84fa06e7,1777539303805,1777539303841,202,35.746
4207,exp-perf10000-004207-740a162d,1777539303805,1777539303842,202,36.453
4208,exp-perf10000-004208-e5fef5ab,1777539303806,1777539303841,202,35.505
4209,exp-perf10000-004209-6af08ddd,1777539303806,1777539303842,202,35.934
4210,exp-perf10000-004210-07ade37b,1777539303807,1777539303842,202,35.256
4211,exp-perf10000-004211-e7d1e8a6,1777539303807,1777539303843,202,35.856
4212,exp-perf10000-004212-9ac134dd,1777539303807,1777539303843,202,35.522
4213,exp-perf10000-004213-95f866d6,1777539303807,1777539303843,202,36.015
4214,exp-perf10000-004214-775b1bfc,1777539303807,1777539303843,202,35.741
4215,exp-perf10000-004215-819d1b8c,1777539303808,1777539303844,202,36.173
4216,exp-perf10000-004216-2ff2f96e,1777539303808,1777539303844,202,35.872
4217,exp-perf10000-004217-198f5057,1777539303809,1777539303845,202,36.159
4218,exp-perf10000-004218-c746cbfa,1777539303809,1777539303845,202,35.594
4219,exp-perf10000-004219-7bab417a,1777539303810,1777539303846,202,35.765
4220,exp-perf10000-004220-16552c56,1777539303810,1777539303845,202,35.192
4221,exp-perf10000-004221-f388a01c,1777539303810,1777539303846,202,35.814
4222,exp-perf10000-004222-ec410cee,1777539303811,1777539303846,202,35.158
4223,exp-perf10000-004223-8ca5d07b,1777539303811,1777539303847,202,35.805
4224,exp-perf10000-004224-a88d932e,1777539303812,1777539303847,202,35.806
4225,exp-perf10000-004225-cccf5036,1777539303812,1777539303847,202,35.282
4226,exp-perf10000-004226-ae254a10,1777539303812,1777539303848,202,35.916
4227,exp-perf10000-004227-bbc48484,1777539303812,1777539303848,202,35.504
4228,exp-perf10000-004228-97689a45,1777539303813,1777539303849,202,35.660
4229,exp-perf10000-004229-123937df,1777539303813,1777539303849,202,35.896
4230,exp-perf10000-004230-f88a451d,1777539303814,1777539303849,202,35.405
4231,exp-perf10000-004231-330a5536,1777539303814,1777539303850,202,36.030
4232,exp-perf10000-004232-b3633aff,1777539303814,1777539303851,202,36.597
4233,exp-perf10000-004233-8b09bfb5,1777539303814,1777539303850,202,35.593
4234,exp-perf10000-004234-061e7b1b,1777539303815,1777539303852,202,36.643
4235,exp-perf10000-004235-5aa39a6c,1777539303815,1777539303851,202,35.643
4236,exp-perf10000-004236-1bd0e435,1777539303816,1777539303852,202,36.703
4237,exp-perf10000-004237-d0dc3ad3,1777539303816,1777539303851,202,35.624
4238,exp-perf10000-004238-879d7766,1777539303816,1777539303852,202,35.722
4239,exp-perf10000-004239-d377b995,1777539303817,1777539303853,202,36.334
4240,exp-perf10000-004240-3b12cc55,1777539303817,1777539303853,202,35.648
4241,exp-perf10000-004241-d4f8e94a,1777539303817,1777539303854,202,36.451
4242,exp-perf10000-004242-6dbf08ce,1777539303818,1777539303854,202,35.777
4243,exp-perf10000-004243-4ee8f44a,1777539303818,1777539303855,202,36.501
4244,exp-perf10000-004244-7671b02c,1777539303818,1777539303854,202,35.778
4245,exp-perf10000-004245-2bbb1806,1777539303819,1777539303855,202,36.537
4246,exp-perf10000-004246-0d31b95b,1777539303819,1777539303855,202,35.828
4247,exp-perf10000-004247-7f8a9add,1777539303819,1777539303856,202,36.702
4248,exp-perf10000-004248-fa5bcc08,1777539303820,1777539303857,202,36.780
4249,exp-perf10000-004249-051db4b2,1777539303820,1777539303856,202,35.627
4250,exp-perf10000-004250-f0109761,1777539303821,1777539303857,202,36.800
4251,exp-perf10000-004251-459cf365,1777539303821,1777539303856,202,35.616
4252,exp-perf10000-004252-da712a2c,1777539303821,1777539303858,202,36.765
4253,exp-perf10000-004253-d4bce366,1777539303822,1777539303857,202,35.519
4254,exp-perf10000-004254-90cacabc,1777539303822,1777539303859,202,36.892
4255,exp-perf10000-004255-c7df516e,1777539303822,1777539303858,202,35.589
4256,exp-perf10000-004256-269aa0ba,1777539303823,1777539303860,202,37.673
4257,exp-perf10000-004257-3c7d6c95,1777539303823,1777539303859,202,35.761
4258,exp-perf10000-004258-7af48a6c,1777539303823,1777539303861,202,37.074
4259,exp-perf10000-004259-61aeac4e,1777539303824,1777539303859,202,35.837
4260,exp-perf10000-004260-603e27f0,1777539303824,1777539303860,202,35.791
4261,exp-perf10000-004261-1b73743a,1777539303824,1777539303861,202,36.573
4262,exp-perf10000-004262-48350279,1777539303825,1777539303861,202,35.737
4263,exp-perf10000-004263-292d402d,1777539303825,1777539303862,202,36.744
4264,exp-perf10000-004264-9f56f519,1777539303826,1777539303861,202,35.725
4265,exp-perf10000-004265-aa10cf00,1777539303826,1777539303863,202,36.395
4266,exp-perf10000-004266-c447380d,1777539303827,1777539303862,202,35.498
4267,exp-perf10000-004267-1b7bc911,1777539303827,1777539303863,202,36.282
4268,exp-perf10000-004268-1a4c990c,1777539303827,1777539303863,202,35.821
4269,exp-perf10000-004269-2cd171a1,1777539303828,1777539303864,202,36.212
4270,exp-perf10000-004270-6b87a4e5,1777539303828,1777539303864,202,35.847
4271,exp-perf10000-004271-0543813e,1777539303829,1777539303866,202,37.042
4272,exp-perf10000-004272-e874bfac,1777539303829,1777539303865,202,35.887
4273,exp-perf10000-004273-55472555,1777539303829,1777539303865,202,35.962
4274,exp-perf10000-004274-41f5d63b,1777539303829,1777539303866,202,36.198
4275,exp-perf10000-004275-8739b2a7,1777539303830,1777539303866,202,36.105
4276,exp-perf10000-004276-43996595,1777539303830,1777539303867,202,36.904
4277,exp-perf10000-004277-f6253870,1777539303831,1777539303868,202,37.060
4278,exp-perf10000-004278-e83f55c1,1777539303831,1777539303867,202,36.452
4279,exp-perf10000-004279-fc44bced,1777539303831,1777539303868,202,36.876
4280,exp-perf10000-004280-45e237da,1777539303832,1777539303868,202,36.073
4281,exp-perf10000-004281-88cce721,1777539303832,1777539303869,202,36.176
4282,exp-perf10000-004282-ce15c866,1777539303833,1777539303868,202,35.450
4283,exp-perf10000-004283-339d87c9,1777539303833,1777539303870,202,36.839
4284,exp-perf10000-004284-f8dbcb42,1777539303833,1777539303870,202,36.506
4285,exp-perf10000-004285-0055ac05,1777539303834,1777539303870,202,36.292
4286,exp-perf10000-004286-728938d8,1777539303834,1777539303870,202,35.869
4287,exp-perf10000-004287-1e89d1eb,1777539303835,1777539303872,202,37.297
4288,exp-perf10000-004288-5ba2c32d,1777539303835,1777539303870,202,35.241
4289,exp-perf10000-004289-d99ffed0,1777539303835,1777539303872,202,36.497
4290,exp-perf10000-004290-4b8fe559,1777539303835,1777539303871,202,35.734
4291,exp-perf10000-004291-237da3f8,1777539303836,1777539303872,202,36.058
4292,exp-perf10000-004292-8c87a074,1777539303836,1777539303872,202,35.720
4293,exp-perf10000-004293-c62a32cf,1777539303837,1777539303873,202,35.759
4294,exp-perf10000-004294-938fa91b,1777539303837,1777539303873,202,35.869
4295,exp-perf10000-004295-8abcd6cf,1777539303837,1777539303873,202,36.138
4296,exp-perf10000-004296-8786f98d,1777539303838,1777539303873,202,35.927
4297,exp-perf10000-004297-096c9de0,1777539303838,1777539303874,202,35.995
4298,exp-perf10000-004298-d3341852,1777539303838,1777539303874,202,35.734
4299,exp-perf10000-004299-62fbff53,1777539303839,1777539303875,202,36.318
4300,exp-perf10000-004300-c767d5fa,1777539303839,1777539303875,202,35.990
4301,exp-perf10000-004301-2d654b03,1777539303839,1777539303876,202,36.466
4302,exp-perf10000-004302-8a55a477,1777539303840,1777539303876,202,35.974
4303,exp-perf10000-004303-1e2a5169,1777539303840,1777539303876,202,36.430
4304,exp-perf10000-004304-2bddc62b,1777539303840,1777539303876,202,36.088
4305,exp-perf10000-004305-3d0a113e,1777539303841,1777539303877,202,36.211
4306,exp-perf10000-004306-6e08caf2,1777539303841,1777539303877,202,36.303
4307,exp-perf10000-004307-82caef0c,1777539303841,1777539303878,202,36.386
4308,exp-perf10000-004308-c7837a8a,1777539303842,1777539303878,202,36.282
4309,exp-perf10000-004309-781aa924,1777539303842,1777539303879,202,36.635
4310,exp-perf10000-004310-20507503,1777539303842,1777539303879,202,36.373
4311,exp-perf10000-004311-95a84692,1777539303843,1777539303879,202,36.701
4312,exp-perf10000-004312-de565c0c,1777539303843,1777539303879,202,36.720
4313,exp-perf10000-004313-b7ce94af,1777539303843,1777539303880,202,36.816
4314,exp-perf10000-004314-9d672cf5,1777539303843,1777539303881,202,37.578
4315,exp-perf10000-004315-0ade28e4,1777539303844,1777539303883,202,38.500
4316,exp-perf10000-004316-c5203ffb,1777539303844,1777539303882,202,37.802
4317,exp-perf10000-004317-dd772818,1777539303845,1777539303883,202,37.861
4318,exp-perf10000-004318-3515448f,1777539303845,1777539303885,202,40.149
4319,exp-perf10000-004319-b43d3d80,1777539303845,1777539303885,202,39.774
4320,exp-perf10000-004320-5b696272,1777539303846,1777539303885,202,39.506
4321,exp-perf10000-004321-e284792a,1777539303846,1777539303885,202,39.060
4322,exp-perf10000-004322-18e57947,1777539303846,1777539303885,202,38.923
4323,exp-perf10000-004323-11268a22,1777539303847,1777539303886,202,38.791
4324,exp-perf10000-004324-21c5a09d,1777539303847,1777539303887,202,40.074
4325,exp-perf10000-004325-a200fd41,1777539303848,1777539303887,202,39.612
4326,exp-perf10000-004326-797e9337,1777539303848,1777539303889,202,41.327
4327,exp-perf10000-004327-a520d106,1777539303848,1777539303887,202,38.885
4328,exp-perf10000-004328-8f675c20,1777539303849,1777539303889,202,40.257
4329,exp-perf10000-004329-92b8d9d2,1777539303849,1777539303889,202,39.550
4330,exp-perf10000-004330-9cc6bf07,1777539303849,1777539303889,202,40.148
4331,exp-perf10000-004331-0560d23c,1777539303850,1777539303889,202,39.010
4332,exp-perf10000-004332-b49bd085,1777539303850,1777539303890,202,39.427
4333,exp-perf10000-004333-2b2538d3,1777539303851,1777539303891,202,40.154
4334,exp-perf10000-004334-6d619a5c,1777539303851,1777539303889,202,38.521
4335,exp-perf10000-004335-af1020bf,1777539303851,1777539303892,202,40.206
4336,exp-perf10000-004336-26dd8702,1777539303852,1777539303890,202,38.133
4337,exp-perf10000-004337-31977fae,1777539303852,1777539303892,202,40.248
4338,exp-perf10000-004338-07826cc2,1777539303852,1777539303890,202,38.150
4339,exp-perf10000-004339-d1c6c84a,1777539303853,1777539303893,202,39.835
4340,exp-perf10000-004340-bc6594c7,1777539303853,1777539303892,202,38.638
4341,exp-perf10000-004341-5c11ed58,1777539303854,1777539303894,202,40.433
4342,exp-perf10000-004342-29bda729,1777539303854,1777539303892,202,38.495
4343,exp-perf10000-004343-37e0780e,1777539303854,1777539303897,202,42.807
4344,exp-perf10000-004344-d7a088c6,1777539303855,1777539303893,202,38.415
4345,exp-perf10000-004345-605f228c,1777539303855,1777539303897,202,42.518
4346,exp-perf10000-004346-6c8df3c7,1777539303855,1777539303894,202,38.496
4347,exp-perf10000-004347-d0639732,1777539303856,1777539303897,202,41.783
4348,exp-perf10000-004348-dee07ad9,1777539303856,1777539303894,202,38.514
4349,exp-perf10000-004349-8ff0c3c4,1777539303856,1777539303899,202,42.356
4350,exp-perf10000-004350-56c0bfc0,1777539303857,1777539303898,202,41.054
4351,exp-perf10000-004351-e5c419a8,1777539303857,1777539303900,202,42.688
4352,exp-perf10000-004352-012716d2,1777539303857,1777539303898,202,40.308
4353,exp-perf10000-004353-625af3ee,1777539303858,1777539303900,202,42.207
4354,exp-perf10000-004354-19a66ad2,1777539303858,1777539303897,202,39.194
4355,exp-perf10000-004355-ccc6f09c,1777539303859,1777539303901,202,42.629
4356,exp-perf10000-004356-b2bf798a,1777539303859,1777539303899,202,39.612
4357,exp-perf10000-004357-0180da1b,1777539303859,1777539303902,202,42.611
4358,exp-perf10000-004358-1abe7a12,1777539303860,1777539303903,202,42.412
4359,exp-perf10000-004359-79cb0a29,1777539303860,1777539303899,202,38.326
4360,exp-perf10000-004360-a2431b32,1777539303861,1777539303900,202,39.225
4361,exp-perf10000-004361-83d5cc80,1777539303861,1777539303905,202,43.877
4362,exp-perf10000-004362-50919acc,1777539303861,1777539303901,202,39.681
4363,exp-perf10000-004363-9cd05c36,1777539303862,1777539303906,202,44.633
4364,exp-perf10000-004364-331a64d1,1777539303862,1777539303902,202,39.845
4365,exp-perf10000-004365-28c23ab5,1777539303862,1777539303907,202,44.420
4366,exp-perf10000-004366-669f070a,1777539303863,1777539303903,202,40.083
4367,exp-perf10000-004367-cce2874e,1777539303863,1777539303906,202,43.293
4368,exp-perf10000-004368-007d5d22,1777539303863,1777539303905,202,41.982
4369,exp-perf10000-004369-81610222,1777539303864,1777539303907,202,43.201
4370,exp-perf10000-004370-ffacbc82,1777539303864,1777539303907,202,42.716
4371,exp-perf10000-004371-f4212de6,1777539303865,1777539303907,202,42.747
4372,exp-perf10000-004372-1802146b,1777539303865,1777539303908,202,42.725
4373,exp-perf10000-004373-4651752c,1777539303866,1777539303906,202,40.576
4374,exp-perf10000-004374-043dfbd6,1777539303866,1777539303906,202,40.531
4375,exp-perf10000-004375-ca643c74,1777539303866,1777539303907,202,41.394
4376,exp-perf10000-004376-b2eba2eb,1777539303867,1777539303909,202,41.672
4377,exp-perf10000-004377-07af2450,1777539303867,1777539303909,202,41.817
4378,exp-perf10000-004378-21700ec8,1777539303868,1777539303909,202,40.814
4379,exp-perf10000-004379-d459c161,1777539303868,1777539303909,202,41.602
4380,exp-perf10000-004380-a705fbde,1777539303868,1777539303910,202,41.982
4381,exp-perf10000-004381-edf9391b,1777539303868,1777539303910,202,41.504
4382,exp-perf10000-004382-644809ee,1777539303869,1777539303911,202,41.971
4383,exp-perf10000-004383-301bc58a,1777539303870,1777539303912,202,41.911
4384,exp-perf10000-004384-d53b0518,1777539303870,1777539303911,202,41.142
4385,exp-perf10000-004385-d8d7f3ce,1777539303870,1777539303912,202,41.792
4386,exp-perf10000-004386-a1221fce,1777539303870,1777539303912,202,42.098
4387,exp-perf10000-004387-4e86cb37,1777539303870,1777539303913,202,42.638
4388,exp-perf10000-004388-756309e0,1777539303871,1777539303913,202,42.205
4389,exp-perf10000-004389-d19b6ef8,1777539303872,1777539303913,202,41.437
4390,exp-perf10000-004390-4a70fce3,1777539303872,1777539303914,202,41.828
4391,exp-perf10000-004391-fbeee13d,1777539303872,1777539303915,202,42.765
4392,exp-perf10000-004392-dcfbaac1,1777539303872,1777539303914,202,42.272
4393,exp-perf10000-004393-dc56b2c2,1777539303873,1777539303915,202,42.518
4394,exp-perf10000-004394-6ceff2b6,1777539303873,1777539303915,202,42.490
4395,exp-perf10000-004395-c450b162,1777539303874,1777539303916,202,42.136
4396,exp-perf10000-004396-118f6dc7,1777539303874,1777539303916,202,42.465
4397,exp-perf10000-004397-e1e00ad3,1777539303874,1777539303917,202,43.050
4398,exp-perf10000-004398-0a254112,1777539303874,1777539303917,202,42.325
4399,exp-perf10000-004399-a292e528,1777539303875,1777539303918,202,42.793
4400,exp-perf10000-004400-44053c8c,1777539303875,1777539303918,202,43.300
4401,exp-perf10000-004401-2f3fdf57,1777539303876,1777539303919,202,43.040
4402,exp-perf10000-004402-a48505e3,1777539303876,1777539303919,202,43.597
4403,exp-perf10000-004403-7466e8fd,1777539303876,1777539303920,202,43.888
4404,exp-perf10000-004404-b6cfca50,1777539303877,1777539303919,202,42.493
4405,exp-perf10000-004405-a4e43f7a,1777539303877,1777539303921,202,44.005
4406,exp-perf10000-004406-47b364c0,1777539303877,1777539303920,202,42.746
4407,exp-perf10000-004407-76f3d9fe,1777539303878,1777539303922,202,44.424
4408,exp-perf10000-004408-7b357737,1777539303878,1777539303921,202,42.625
4409,exp-perf10000-004409-e1c9e051,1777539303879,1777539303923,202,44.071
4410,exp-perf10000-004410-87eadb53,1777539303879,1777539303921,202,42.626
4411,exp-perf10000-004411-4c7013fc,1777539303879,1777539303923,202,44.146
4412,exp-perf10000-004412-625ded85,1777539303880,1777539303922,202,42.453
4413,exp-perf10000-004413-3a87d781,1777539303880,1777539303925,202,44.452
4414,exp-perf10000-004414-82a6d1d3,1777539303881,1777539303924,202,42.993
4415,exp-perf10000-004415-af083103,1777539303882,1777539303925,202,43.341
4416,exp-perf10000-004416-98753fe4,1777539303883,1777539303924,202,41.337
4417,exp-perf10000-004417-99af7adc,1777539303883,1777539303926,202,43.503
4418,exp-perf10000-004418-11d8d11c,1777539303885,1777539303926,202,40.469
4419,exp-perf10000-004419-510c9f56,1777539303885,1777539303926,202,40.175
4420,exp-perf10000-004420-cbe8ff8d,1777539303885,1777539303928,202,42.317
4421,exp-perf10000-004421-d3e12134,1777539303886,1777539303927,202,41.224
4422,exp-perf10000-004422-67156a82,1777539303886,1777539303925,202,39.404
4423,exp-perf10000-004423-6462217b,1777539303886,1777539303929,202,43.169
4424,exp-perf10000-004424-bd1c4467,1777539303887,1777539303932,202,44.267
4425,exp-perf10000-004425-d9d0b3bd,1777539303887,1777539303930,202,42.871
4426,exp-perf10000-004426-59f3b75b,1777539303887,1777539303927,202,39.222
4427,exp-perf10000-004427-93ab6d91,1777539303889,1777539303934,202,45.544
4428,exp-perf10000-004428-88750c84,1777539303889,1777539303927,202,38.249
4429,exp-perf10000-004429-44fd6436,1777539303889,1777539303928,202,38.572
4430,exp-perf10000-004430-b27db4ac,1777539303889,1777539303936,202,46.432
4431,exp-perf10000-004431-db04c13b,1777539303890,1777539303928,202,38.897
4432,exp-perf10000-004432-9aeac294,1777539303890,1777539303937,202,47.698
4433,exp-perf10000-004433-9d602158,1777539303890,1777539303939,202,48.814
4434,exp-perf10000-004434-5f0134f3,1777539303890,1777539303929,202,39.518
4435,exp-perf10000-004435-c9b1eced,1777539303891,1777539303939,202,48.665
4436,exp-perf10000-004436-058d7566,1777539303891,1777539303930,202,38.749
4437,exp-perf10000-004437-35f7954f,1777539303892,1777539303931,202,39.053
4438,exp-perf10000-004438-0b569045,1777539303892,1777539303940,202,48.239
4439,exp-perf10000-004439-9077f235,1777539303892,1777539303931,202,38.786
4440,exp-perf10000-004440-041039c8,1777539303892,1777539303941,202,48.290
4441,exp-perf10000-004441-44ccc160,1777539303893,1777539303932,202,39.263
4442,exp-perf10000-004442-ab93925b,1777539303893,1777539303944,202,50.540
4443,exp-perf10000-004443-757dfef8,1777539303894,1777539303944,202,50.638
4444,exp-perf10000-004444-d8cab75b,1777539303894,1777539303933,202,38.806
4445,exp-perf10000-004445-5b272620,1777539303895,1777539303945,202,50.625
4446,exp-perf10000-004446-7bf30e02,1777539303897,1777539303934,202,36.678
4447,exp-perf10000-004447-1cbb1020,1777539303898,1777539303935,202,36.980
4448,exp-perf10000-004448-5640d39b,1777539303898,1777539303948,202,50.079
4449,exp-perf10000-004449-121a4da1,1777539303898,1777539303936,202,37.900
4450,exp-perf10000-004450-def8f525,1777539303898,1777539303948,202,49.926
4451,exp-perf10000-004451-b86ca909,1777539303898,1777539303948,202,49.531
4452,exp-perf10000-004452-7dc2b357,1777539303899,1777539303948,202,49.209
4453,exp-perf10000-004453-ef266394,1777539303899,1777539303949,202,49.803
4454,exp-perf10000-004454-8b7e7fac,1777539303899,1777539303936,202,37.280
4455,exp-perf10000-004455-e0af0be2,1777539303900,1777539303949,202,49.364
4456,exp-perf10000-004456-5e0864f5,1777539303900,1777539303937,202,36.709
4457,exp-perf10000-004457-237a0d7c,1777539303900,1777539303938,202,37.487
4458,exp-perf10000-004458-e78aba1c,1777539303901,1777539303950,202,49.314
4459,exp-perf10000-004459-d18def50,1777539303901,1777539303938,202,37.006
4460,exp-perf10000-004460-2d1dea8b,1777539303902,1777539303951,202,49.569
4461,exp-perf10000-004461-0e5de4a8,1777539303902,1777539303939,202,36.839
4462,exp-perf10000-004462-78825e41,1777539303903,1777539303940,202,36.993
4463,exp-perf10000-004463-cd404783,1777539303903,1777539303951,202,48.702
4464,exp-perf10000-004464-8b2d6efa,1777539303905,1777539303940,202,35.560
4465,exp-perf10000-004465-71d5190d,1777539303906,1777539303953,202,46.973
4466,exp-perf10000-004466-cfc543b0,1777539303906,1777539303953,202,46.597
4467,exp-perf10000-004467-2a065fe4,1777539303907,1777539303941,202,34.421
4468,exp-perf10000-004468-850e8367,1777539303907,1777539303954,202,47.599
4469,exp-perf10000-004469-fdbf297c,1777539303907,1777539303941,202,34.835
4470,exp-perf10000-004470-c093f844,1777539303907,1777539303955,202,47.910
4471,exp-perf10000-004471-4c12f066,1777539303907,1777539303942,202,35.444
4472,exp-perf10000-004472-9f50b9eb,1777539303907,1777539303943,202,36.148
4473,exp-perf10000-004473-5e585758,1777539303907,1777539303944,202,36.353
4474,exp-perf10000-004474-9510be3f,1777539303908,1777539303955,202,47.571
4475,exp-perf10000-004475-ea139229,1777539303908,1777539303944,202,36.118
4476,exp-perf10000-004476-305956a0,1777539303909,1777539303956,202,47.832
4477,exp-perf10000-004477-ab635b37,1777539303909,1777539303945,202,36.534
4478,exp-perf10000-004478-58e58d9e,1777539303909,1777539303946,202,36.601
4479,exp-perf10000-004479-840adba2,1777539303909,1777539303957,202,47.944
4480,exp-perf10000-004480-54adf8a3,1777539303910,1777539303946,202,36.499
4481,exp-perf10000-004481-4f5fcb3a,1777539303910,1777539303958,202,47.946
4482,exp-perf10000-004482-02e77256,1777539303911,1777539303947,202,36.188
4483,exp-perf10000-004483-0334d747,1777539303911,1777539303959,202,47.704
4484,exp-perf10000-004484-cc6308ea,1777539303912,1777539303948,202,36.380
4485,exp-perf10000-004485-8a838168,1777539303912,1777539303960,202,47.846
4486,exp-perf10000-004486-58a53e0b,1777539303912,1777539303949,202,36.521
4487,exp-perf10000-004487-8e8648a4,1777539303913,1777539303960,202,47.228
4488,exp-perf10000-004488-21b14cc5,1777539303913,1777539303954,202,40.801
4489,exp-perf10000-004489-54fba018,1777539303913,1777539303961,202,47.273
4490,exp-perf10000-004490-556d0253,1777539303914,1777539303954,202,40.471
4491,exp-perf10000-004491-ec32d8a0,1777539303914,1777539303954,202,39.275
4492,exp-perf10000-004492-35a9d6da,1777539303915,1777539303962,202,46.681
4493,exp-perf10000-004493-acb1d8a6,1777539303915,1777539303962,202,47.049
4494,exp-perf10000-004494-062eec67,1777539303915,1777539303954,202,38.705
4495,exp-perf10000-004495-6a951711,1777539303916,1777539303954,202,38.453
4496,exp-perf10000-004496-2d05fef4,1777539303916,1777539303963,202,46.653
4497,exp-perf10000-004497-b86e96f5,1777539303917,1777539303954,202,37.874
4498,exp-perf10000-004498-3fad2dc6,1777539303917,1777539303964,202,46.444
4499,exp-perf10000-004499-0fe40319,1777539303918,1777539303955,202,37.175
4500,exp-perf10000-004500-5b851974,1777539303918,1777539303964,202,45.867
4501,exp-perf10000-004501-7b3c85d1,1777539303919,1777539303956,202,36.957
4502,exp-perf10000-004502-cbf2382b,1777539303919,1777539303956,202,37.132
4503,exp-perf10000-004503-0da5f693,1777539303920,1777539303965,202,45.522
4504,exp-perf10000-004504-e0774e64,1777539303920,1777539303957,202,37.037
4505,exp-perf10000-004505-0b26ce9d,1777539303920,1777539303966,202,45.449
4506,exp-perf10000-004506-8b52b12f,1777539303921,1777539303958,202,37.117
4507,exp-perf10000-004507-e9d98fb1,1777539303921,1777539303967,202,45.565
4508,exp-perf10000-004508-c3804513,1777539303922,1777539303958,202,36.864
4509,exp-perf10000-004509-f362a5e2,1777539303922,1777539303959,202,36.974
4510,exp-perf10000-004510-d48a1053,1777539303922,1777539303967,202,44.837
4511,exp-perf10000-004511-766f61d3,1777539303923,1777539303968,202,45.034
4512,exp-perf10000-004512-4cb56ae4,1777539303924,1777539303968,202,44.908
4513,exp-perf10000-004513-fff909fd,1777539303924,1777539303960,202,36.303
4514,exp-perf10000-004514-5549c5e3,1777539303924,1777539303960,202,35.597
4515,exp-perf10000-004515-87cdd6d0,1777539303925,1777539303969,202,44.265
4516,exp-perf10000-004516-d5dfbac0,1777539303925,1777539303961,202,35.907
4517,exp-perf10000-004517-bee12b03,1777539303925,1777539303970,202,44.310
4518,exp-perf10000-004518-379abf7a,1777539303926,1777539303962,202,36.230
4519,exp-perf10000-004519-e4db627c,1777539303926,1777539303963,202,36.648
4520,exp-perf10000-004520-d0afc539,1777539303926,1777539303971,202,44.549
4521,exp-perf10000-004521-993043c6,1777539303927,1777539303963,202,36.647
4522,exp-perf10000-004522-edf058a2,1777539303927,1777539303971,202,44.450
4523,exp-perf10000-004523-4fecf64f,1777539303927,1777539303964,202,36.694
4524,exp-perf10000-004524-7b42035c,1777539303928,1777539303972,202,44.314
4525,exp-perf10000-004525-1d2009a1,1777539303928,1777539303965,202,36.768
4526,exp-perf10000-004526-f2dda1cd,1777539303929,1777539303965,202,36.911
4527,exp-perf10000-004527-8bc37c52,1777539303929,1777539303973,202,43.760
4528,exp-perf10000-004528-7b25258b,1777539303929,1777539303966,202,36.709
4529,exp-perf10000-004529-28ec0bc5,1777539303930,1777539303967,202,36.962
4530,exp-perf10000-004530-b57e797c,1777539303930,1777539303973,202,43.090
4531,exp-perf10000-004531-9375b237,1777539303931,1777539303968,202,36.827
4532,exp-perf10000-004532-e23c08b7,1777539303931,1777539303968,202,37.016
4533,exp-perf10000-004533-946ab00c,1777539303932,1777539303974,202,42.353
4534,exp-perf10000-004534-fb778915,1777539303932,1777539303969,202,37.035
4535,exp-perf10000-004535-9b52db47,1777539303933,1777539303970,202,37.267
4536,exp-perf10000-004536-f0863b01,1777539303934,1777539303971,202,36.738
4537,exp-perf10000-004537-a85c65c2,1777539303934,1777539303975,202,40.810
4538,exp-perf10000-004538-da4f5ded,1777539303935,1777539303971,202,36.808
4539,exp-perf10000-004539-40a46ddb,1777539303936,1777539303972,202,36.360
4540,exp-perf10000-004540-147462bf,1777539303936,1777539303976,202,39.796
4541,exp-perf10000-004541-e7259479,1777539303936,1777539303973,202,36.367
4542,exp-perf10000-004542-62d6553a,1777539303937,1777539303974,202,36.915
4543,exp-perf10000-004543-5756eecb,1777539303937,1777539303977,202,39.095
4544,exp-perf10000-004544-097daa27,1777539303938,1777539303974,202,36.211
4545,exp-perf10000-004545-e22b8f0f,1777539303938,1777539303975,202,36.262
4546,exp-perf10000-004546-888ffae8,1777539303939,1777539303977,202,38.682
4547,exp-perf10000-004547-2d247c74,1777539303939,1777539303975,202,36.377
4548,exp-perf10000-004548-4bbaecfe,1777539303939,1777539303978,202,38.540
4549,exp-perf10000-004549-53f1cfe6,1777539303940,1777539303976,202,36.380
4550,exp-perf10000-004550-9c23c5a9,1777539303940,1777539303978,202,38.324
4551,exp-perf10000-004551-142e1527,1777539303940,1777539303977,202,36.448
4552,exp-perf10000-004552-c7d95454,1777539303941,1777539303979,202,38.345
4553,exp-perf10000-004553-f3639bc6,1777539303941,1777539303978,202,36.586
4554,exp-perf10000-004554-ee3c2056,1777539303942,1777539303978,202,36.677
4555,exp-perf10000-004555-50f0e8db,1777539303942,1777539303979,202,36.556
4556,exp-perf10000-004556-04f514cc,1777539303943,1777539303980,202,36.258
4557,exp-perf10000-004557-e9431fa6,1777539303944,1777539303980,202,36.059
4558,exp-perf10000-004558-53916437,1777539303944,1777539303980,202,36.316
4559,exp-perf10000-004559-2eb56aa5,1777539303944,1777539303981,202,36.613
4560,exp-perf10000-004560-8471200e,1777539303944,1777539303980,202,36.021
4561,exp-perf10000-004561-6bce2011,1777539303945,1777539303981,202,35.983
4562,exp-perf10000-004562-995f36dc,1777539303945,1777539303983,202,37.350
4563,exp-perf10000-004563-e883948a,1777539303946,1777539303983,202,36.759
4564,exp-perf10000-004564-4a08e921,1777539303946,1777539303984,202,37.363
4565,exp-perf10000-004565-6a2af14f,1777539303947,1777539303984,202,37.422
4566,exp-perf10000-004566-e53519bd,1777539303948,1777539303982,202,34.788
4567,exp-perf10000-004567-90347dec,1777539303948,1777539303983,202,35.336
4568,exp-perf10000-004568-af1eb2a3,1777539303948,1777539303984,202,36.091
4569,exp-perf10000-004569-4f94c928,1777539303948,1777539303985,202,36.904
4570,exp-perf10000-004570-93e1abd2,1777539303948,1777539303985,202,37.388
4571,exp-perf10000-004571-2a778465,1777539303949,1777539303986,202,36.860
4572,exp-perf10000-004572-8545ff83,1777539303949,1777539303985,202,36.051
4573,exp-perf10000-004573-f42a0926,1777539303949,1777539303986,202,36.638
4574,exp-perf10000-004574-1c872eeb,1777539303950,1777539303987,202,36.401
4575,exp-perf10000-004575-854c197e,1777539303952,1777539303987,202,35.640
4576,exp-perf10000-004576-d0fa90b6,1777539303952,1777539303988,202,36.227
4577,exp-perf10000-004577-a8f42095,1777539303953,1777539303989,202,36.142
4578,exp-perf10000-004578-e5ec909a,1777539303953,1777539303989,202,36.231
4579,exp-perf10000-004579-2651f70e,1777539303954,1777539303986,202,32.520
4580,exp-perf10000-004580-319ab297,1777539303954,1777539303987,202,33.132
4581,exp-perf10000-004581-19e62a9b,1777539303954,1777539303989,202,34.771
4582,exp-perf10000-004582-2440b590,1777539303954,1777539303988,202,34.138
4583,exp-perf10000-004583-2f597ae7,1777539303954,1777539303990,202,35.589
4584,exp-perf10000-004584-9de43797,1777539303954,1777539303988,202,33.418
4585,exp-perf10000-004585-ede81e1b,1777539303954,1777539303990,202,35.115
4586,exp-perf10000-004586-4278883d,1777539303955,1777539303991,202,35.890
4587,exp-perf10000-004587-9660e83f,1777539303955,1777539303990,202,35.360
4588,exp-perf10000-004588-da48cd70,1777539303955,1777539303991,202,36.096
4589,exp-perf10000-004589-cf7e76e1,1777539303956,1777539303991,202,35.304
4590,exp-perf10000-004590-99440663,1777539303956,1777539303992,202,35.330
4591,exp-perf10000-004591-7e9fe4d1,1777539303956,1777539303992,202,35.426
4592,exp-perf10000-004592-b0df3034,1777539303957,1777539303992,202,35.244
4593,exp-perf10000-004593-bce808f2,1777539303957,1777539303993,202,35.280
4594,exp-perf10000-004594-66aaf205,1777539303958,1777539303993,202,35.372
4595,exp-perf10000-004595-101b73b4,1777539303958,1777539303994,202,35.443
4596,exp-perf10000-004596-37e7dea0,1777539303958,1777539303994,202,35.735
4597,exp-perf10000-004597-f2b50b35,1777539303959,1777539303995,202,35.827
4598,exp-perf10000-004598-0db5ce57,1777539303959,1777539303995,202,35.466
4599,exp-perf10000-004599-9e233926,1777539303960,1777539303995,202,35.461
4600,exp-perf10000-004600-e69469de,1777539303960,1777539303995,202,35.487
4601,exp-perf10000-004601-ac51ad23,1777539303960,1777539303996,202,35.557
4602,exp-perf10000-004602-9315889e,1777539303960,1777539303996,202,35.523
4603,exp-perf10000-004603-4a13a3e9,1777539303961,1777539303996,202,35.416
4604,exp-perf10000-004604-65501567,1777539303961,1777539303996,202,35.457
4605,exp-perf10000-004605-d68f22fb,1777539303962,1777539303997,202,35.219
4606,exp-perf10000-004606-b8ffa2bc,1777539303962,1777539303997,202,35.065
4607,exp-perf10000-004607-d598cf6e,1777539303962,1777539303997,202,35.145
4608,exp-perf10000-004608-2751c750,1777539303963,1777539303998,202,35.051
4609,exp-perf10000-004609-989cb36b,1777539303963,1777539304001,202,37.944
4610,exp-perf10000-004610-67db938f,1777539303964,1777539304002,202,38.242
4611,exp-perf10000-004611-fdea49d0,1777539303964,1777539304005,202,41.059
4612,exp-perf10000-004612-0050d26c,1777539303964,1777539304004,202,40.287
4613,exp-perf10000-004613-acd23517,1777539303964,1777539304008,202,43.270
4614,exp-perf10000-004614-9535e0e7,1777539303965,1777539304008,202,43.130
4615,exp-perf10000-004615-2c5a49b6,1777539303965,1777539304015,202,49.505
4616,exp-perf10000-004616-25c36e38,1777539303965,1777539304019,202,53.520
4617,exp-perf10000-004617-9bcadc1e,1777539303966,1777539304016,202,49.835
4618,exp-perf10000-004618-7f277d27,1777539303966,1777539304021,202,54.648
4619,exp-perf10000-004619-82eac302,1777539303967,1777539304018,202,50.936
4620,exp-perf10000-004620-dd9b1724,1777539303967,1777539304023,202,56.334
4621,exp-perf10000-004621-5c6a4ae2,1777539303967,1777539304018,202,51.071
4622,exp-perf10000-004622-d08a3ac9,1777539303968,1777539304025,202,57.234
4623,exp-perf10000-004623-9979e65d,1777539303968,1777539304021,202,53.366
4624,exp-perf10000-004624-307a2e79,1777539303968,1777539304027,202,58.887
4625,exp-perf10000-004625-7456bf51,1777539303969,1777539304024,202,55.239
4626,exp-perf10000-004626-6d2d30a5,1777539303969,1777539304025,202,56.289
4627,exp-perf10000-004627-0d0cb6e6,1777539303969,1777539304030,202,60.674
4628,exp-perf10000-004628-10509217,1777539303970,1777539304027,202,57.045
4629,exp-perf10000-004629-ba164757,1777539303970,1777539304031,202,60.894
4630,exp-perf10000-004630-d929f70d,1777539303971,1777539304032,202,61.158
4631,exp-perf10000-004631-a5095fa1,1777539303971,1777539304028,202,56.722
4632,exp-perf10000-004632-c878f05c,1777539303972,1777539304033,202,60.961
4633,exp-perf10000-004633-bd3021d9,1777539303972,1777539304031,202,59.073
4634,exp-perf10000-004634-67014535,1777539303972,1777539304033,202,61.508
4635,exp-perf10000-004635-42ae365f,1777539303972,1777539304033,202,60.877
4636,exp-perf10000-004636-c0bbcca8,1777539303973,1777539304034,202,61.443
4637,exp-perf10000-004637-c843de64,1777539303973,1777539304036,202,62.753
4638,exp-perf10000-004638-7262156b,1777539303974,1777539304039,202,65.209
4639,exp-perf10000-004639-d40b363f,1777539303974,1777539304035,202,61.364
4640,exp-perf10000-004640-920ce570,1777539303974,1777539304036,202,62.289
4641,exp-perf10000-004641-dbc45657,1777539303974,1777539304039,202,65.171
4642,exp-perf10000-004642-e8fc9aa6,1777539303975,1777539304037,202,62.310
4643,exp-perf10000-004643-6d7e4dec,1777539303975,1777539304040,202,64.891
4644,exp-perf10000-004644-d6246cbe,1777539303975,1777539304038,202,62.380
4645,exp-perf10000-004645-47acb82e,1777539303976,1777539304041,202,65.242
4646,exp-perf10000-004646-bcbec092,1777539303976,1777539304039,202,62.679
4647,exp-perf10000-004647-cb816512,1777539303977,1777539304042,202,65.026
4648,exp-perf10000-004648-be8331b2,1777539303977,1777539304039,202,62.356
4649,exp-perf10000-004649-e8048d40,1777539303977,1777539304042,202,64.561
4650,exp-perf10000-004650-2f691cc8,1777539303978,1777539304040,202,62.290
4651,exp-perf10000-004651-767fde95,1777539303978,1777539304043,202,64.954
4652,exp-perf10000-004652-8fa26e85,1777539303978,1777539304041,202,62.461
4653,exp-perf10000-004653-49033e39,1777539303979,1777539304043,202,64.924
4654,exp-perf10000-004654-fce73370,1777539303979,1777539304041,202,62.458
4655,exp-perf10000-004655-78abdeca,1777539303979,1777539304044,202,65.103
4656,exp-perf10000-004656-abf22a82,1777539303980,1777539304042,202,62.524
4657,exp-perf10000-004657-169c37e1,1777539303980,1777539304045,202,65.002
4658,exp-perf10000-004658-834de986,1777539303980,1777539304043,202,62.312
4659,exp-perf10000-004659-ade28ae9,1777539303981,1777539304046,202,64.979
4660,exp-perf10000-004660-dbd2f0c3,1777539303981,1777539304043,202,62.282
4661,exp-perf10000-004661-7fb4e954,1777539303982,1777539304046,202,64.655
4662,exp-perf10000-004662-bb672ef4,1777539303983,1777539304047,202,64.497
4663,exp-perf10000-004663-d2c8d176,1777539303983,1777539304045,202,62.343
4664,exp-perf10000-004664-607b809d,1777539303983,1777539304044,202,61.371
4665,exp-perf10000-004665-1e9dc595,1777539303983,1777539304048,202,65.205
4666,exp-perf10000-004666-0d991715,1777539303984,1777539304049,202,64.642
4667,exp-perf10000-004667-a4e50c1a,1777539303984,1777539304046,202,61.806
4668,exp-perf10000-004668-3a696ad0,1777539303985,1777539304047,202,62.209
4669,exp-perf10000-004669-1462f4a8,1777539303985,1777539304049,202,64.414
4670,exp-perf10000-004670-0b5e12c3,1777539303985,1777539304050,202,65.238
4671,exp-perf10000-004671-aa4cfe7a,1777539303985,1777539304048,202,62.506
4672,exp-perf10000-004672-68023e57,1777539303986,1777539304049,202,62.846
4673,exp-perf10000-004673-88ad9d42,1777539303986,1777539304051,202,64.506
4674,exp-perf10000-004674-437be4ad,1777539303986,1777539304049,202,62.496
4675,exp-perf10000-004675-94f794d0,1777539303987,1777539304051,202,64.273
4676,exp-perf10000-004676-b6c69607,1777539303987,1777539304050,202,62.382
4677,exp-perf10000-004677-04b769f4,1777539303987,1777539304052,202,64.343
4678,exp-perf10000-004678-adbdacff,1777539303988,1777539304050,202,62.183
4679,exp-perf10000-004679-e8fca458,1777539303988,1777539304052,202,64.300
4680,exp-perf10000-004680-eba7dbc0,1777539303988,1777539304051,202,62.764
4681,exp-perf10000-004681-c5005654,1777539303989,1777539304053,202,64.103
4682,exp-perf10000-004682-d7d64513,1777539303989,1777539304051,202,62.437
4683,exp-perf10000-004683-9d9d1ce6,1777539303989,1777539304053,202,64.088
4684,exp-perf10000-004684-d5dd2f2a,1777539303990,1777539304052,202,62.294
4685,exp-perf10000-004685-018d81e5,1777539303990,1777539304054,202,64.225
4686,exp-perf10000-004686-06d62dd6,1777539303990,1777539304052,202,62.025
4687,exp-perf10000-004687-8185f3b9,1777539303991,1777539304055,202,64.133
4688,exp-perf10000-004688-cbeb0f6f,1777539303991,1777539304053,202,61.993
4689,exp-perf10000-004689-c8df0bd1,1777539303991,1777539304056,202,64.292
4690,exp-perf10000-004690-f1865ef3,1777539303992,1777539304054,202,61.947
4691,exp-perf10000-004691-39c815c2,1777539303992,1777539304056,202,64.306
4692,exp-perf10000-004692-85f102b0,1777539303992,1777539304054,202,62.146
4693,exp-perf10000-004693-1a5cf2ad,1777539303993,1777539304057,202,63.804
4694,exp-perf10000-004694-b91d9ab0,1777539303993,1777539304055,202,61.835
4695,exp-perf10000-004695-fe31c33a,1777539303994,1777539304058,202,63.878
4696,exp-perf10000-004696-cc146f2c,1777539303994,1777539304055,202,61.266
4697,exp-perf10000-004697-478e81b2,1777539303995,1777539304056,202,61.337
4698,exp-perf10000-004698-d406cd98,1777539303995,1777539304058,202,63.151
4699,exp-perf10000-004699-eb3418fc,1777539303995,1777539304059,202,63.926
4700,exp-perf10000-004700-e210248e,1777539303995,1777539304057,202,61.513
4701,exp-perf10000-004701-da845005,1777539303996,1777539304059,202,63.828
4702,exp-perf10000-004702-887f2ec6,1777539303996,1777539304058,202,62.350
4703,exp-perf10000-004703-a8ed4d4e,1777539303996,1777539304060,202,63.835
4704,exp-perf10000-004704-3ec82ac8,1777539303996,1777539304059,202,62.253
4705,exp-perf10000-004705-4ba53b75,1777539303997,1777539304061,202,64.051
4706,exp-perf10000-004706-d8f586c3,1777539303997,1777539304060,202,62.655
4707,exp-perf10000-004707-175106ba,1777539303997,1777539304061,202,64.016
4708,exp-perf10000-004708-fae06418,1777539303998,1777539304060,202,62.580
4709,exp-perf10000-004709-e1963621,1777539304001,1777539304062,202,61.454
4710,exp-perf10000-004710-faccf3e6,1777539304002,1777539304061,202,59.326
4711,exp-perf10000-004711-21ace49a,1777539304004,1777539304062,202,57.283
4712,exp-perf10000-004712-3e5c4407,1777539304005,1777539304064,202,58.582
4713,exp-perf10000-004713-bdf93ada,1777539304008,1777539304065,202,56.799
4714,exp-perf10000-004714-967bc602,1777539304008,1777539304062,202,54.204
4715,exp-perf10000-004715-3668b71a,1777539304015,1777539304065,202,50.650
4716,exp-perf10000-004716-8eaf1a17,1777539304016,1777539304066,202,50.826
4717,exp-perf10000-004717-2a5996f4,1777539304018,1777539304067,202,49.289
4718,exp-perf10000-004718-fc10f602,1777539304018,1777539304068,202,49.276
4719,exp-perf10000-004719-9d78c1ee,1777539304019,1777539304063,202,43.935
4720,exp-perf10000-004720-0e1d69ae,1777539304021,1777539304064,202,42.943
4721,exp-perf10000-004721-113e78aa,1777539304021,1777539304069,202,47.319
4722,exp-perf10000-004722-515d947c,1777539304023,1777539304065,202,41.465
4723,exp-perf10000-004723-6a0ba204,1777539304024,1777539304070,202,46.573
4724,exp-perf10000-004724-e63f7543,1777539304025,1777539304066,202,40.629
4725,exp-perf10000-004725-f2a38d14,1777539304025,1777539304073,202,48.035
4726,exp-perf10000-004726-94aff933,1777539304027,1777539304076,202,48.562
4727,exp-perf10000-004727-92c7a76b,1777539304027,1777539304066,202,38.849
4728,exp-perf10000-004728-4204dc97,1777539304028,1777539304076,202,48.307
4729,exp-perf10000-004729-bab4d6e0,1777539304030,1777539304068,202,38.328
4730,exp-perf10000-004730-c7f5d0be,1777539304031,1777539304076,202,45.565
4731,exp-perf10000-004731-e351f536,1777539304031,1777539304069,202,37.894
4732,exp-perf10000-004732-c44a9884,1777539304032,1777539304070,202,37.904
4733,exp-perf10000-004733-acc7a41f,1777539304033,1777539304071,202,38.299
4734,exp-perf10000-004734-391eb083,1777539304033,1777539304077,202,43.908
4735,exp-perf10000-004735-c555972f,1777539304034,1777539304072,202,38.008
4736,exp-perf10000-004736-0a832120,1777539304034,1777539304073,202,38.461
4737,exp-perf10000-004737-5fcd6cf4,1777539304035,1777539304074,202,38.912
4738,exp-perf10000-004738-cbe8f285,1777539304036,1777539304077,202,41.669
4739,exp-perf10000-004739-9f7c5d9c,1777539304036,1777539304074,202,37.557
4740,exp-perf10000-004740-2938743f,1777539304037,1777539304076,202,39.254
4741,exp-perf10000-004741-ec09fee5,1777539304038,1777539304076,202,38.473
4742,exp-perf10000-004742-d10d5f3e,1777539304039,1777539304080,202,40.740
4743,exp-perf10000-004743-de046e6f,1777539304039,1777539304076,202,37.330
4744,exp-perf10000-004744-60e6f617,1777539304039,1777539304077,202,37.526
4745,exp-perf10000-004745-30b46a94,1777539304040,1777539304080,202,39.867
4746,exp-perf10000-004746-9ece66ae,1777539304040,1777539304078,202,38.308
4747,exp-perf10000-004747-423f3bc7,1777539304040,1777539304080,202,39.764
4748,exp-perf10000-004748-7d602610,1777539304041,1777539304078,202,37.360
4749,exp-perf10000-004749-8ee00299,1777539304041,1777539304080,202,38.968
4750,exp-perf10000-004750-45e4d9b9,1777539304041,1777539304080,202,38.453
4751,exp-perf10000-004751-9aa000d3,1777539304042,1777539304081,202,39.302
4752,exp-perf10000-004752-eb85c834,1777539304042,1777539304081,202,39.169
4753,exp-perf10000-004753-209bda25,1777539304042,1777539304080,202,37.832
4754,exp-perf10000-004754-54cc9e9b,1777539304043,1777539304081,202,38.005
4755,exp-perf10000-004755-8c0decd5,1777539304043,1777539304084,202,41.111
4756,exp-perf10000-004756-097c23f1,1777539304043,1777539304081,202,37.710
4757,exp-perf10000-004757-06bda40d,1777539304043,1777539304084,202,40.398
4758,exp-perf10000-004758-ce66c9e1,1777539304044,1777539304081,202,36.879
4759,exp-perf10000-004759-ecd62dc4,1777539304045,1777539304085,202,40.215
4760,exp-perf10000-004760-a89b218f,1777539304045,1777539304086,202,41.489
4761,exp-perf10000-004761-0ef4568b,1777539304045,1777539304083,202,38.183
4762,exp-perf10000-004762-7f8aba82,1777539304046,1777539304088,202,41.968
4763,exp-perf10000-004763-a0fdba3e,1777539304046,1777539304084,202,38.321
4764,exp-perf10000-004764-91e862d7,1777539304046,1777539304088,202,42.003
4765,exp-perf10000-004765-9c4d8cdd,1777539304047,1777539304084,202,37.487
4766,exp-perf10000-004766-ec637cc3,1777539304047,1777539304089,202,41.984
4767,exp-perf10000-004767-6c8c3302,1777539304048,1777539304085,202,36.723
4768,exp-perf10000-004768-beb7293b,1777539304048,1777539304090,202,41.290
4769,exp-perf10000-004769-daa660bb,1777539304049,1777539304085,202,36.516
4770,exp-perf10000-004770-3b2054db,1777539304049,1777539304090,202,41.569
4771,exp-perf10000-004771-6a786dd6,1777539304049,1777539304085,202,36.418
4772,exp-perf10000-004772-95113cdd,1777539304049,1777539304091,202,41.717
4773,exp-perf10000-004773-cca1d631,1777539304050,1777539304087,202,36.862
4774,exp-perf10000-004774-0d39da0f,1777539304050,1777539304087,202,36.882
4775,exp-perf10000-004775-dbb1c6b9,1777539304050,1777539304092,202,41.359
4776,exp-perf10000-004776-e82a0054,1777539304051,1777539304092,202,41.623
4777,exp-perf10000-004777-a7d2a00d,1777539304051,1777539304093,202,42.034
4778,exp-perf10000-004778-6571391a,1777539304051,1777539304088,202,36.511
4779,exp-perf10000-004779-94d9a364,1777539304051,1777539304088,202,36.721
4780,exp-perf10000-004780-16d3eb9b,1777539304052,1777539304094,202,41.865
4781,exp-perf10000-004781-be5a49bd,1777539304052,1777539304089,202,36.817
4782,exp-perf10000-004782-67976586,1777539304052,1777539304094,202,41.706
4783,exp-perf10000-004783-0e62ee42,1777539304053,1777539304089,202,36.691
4784,exp-perf10000-004784-ed0727c5,1777539304053,1777539304095,202,42.135
4785,exp-perf10000-004785-dcf2a860,1777539304053,1777539304090,202,36.975
4786,exp-perf10000-004786-fadf171c,1777539304053,1777539304096,202,42.075
4787,exp-perf10000-004787-c4a36168,1777539304054,1777539304091,202,37.353
4788,exp-perf10000-004788-f46b946e,1777539304054,1777539304096,202,42.067
4789,exp-perf10000-004789-5faa1bd1,1777539304054,1777539304092,202,37.067
4790,exp-perf10000-004790-b43692fe,1777539304055,1777539304097,202,42.358
4791,exp-perf10000-004791-1dbab155,1777539304055,1777539304092,202,37.320
4792,exp-perf10000-004792-9285730b,1777539304056,1777539304093,202,37.274
4793,exp-perf10000-004793-acdc3fa4,1777539304056,1777539304098,202,42.006
4794,exp-perf10000-004794-3bf21d0e,1777539304056,1777539304094,202,37.530
4795,exp-perf10000-004795-e93d3547,1777539304056,1777539304099,202,42.579
4796,exp-perf10000-004796-ff28fa77,1777539304057,1777539304100,202,43.212
4797,exp-perf10000-004797-f33d30a9,1777539304057,1777539304094,202,37.423
4798,exp-perf10000-004798-a1db74fa,1777539304058,1777539304101,202,43.482
4799,exp-perf10000-004799-f673b15a,1777539304058,1777539304102,202,43.719
4800,exp-perf10000-004800-6a903d82,1777539304058,1777539304095,202,36.513
4801,exp-perf10000-004801-d5cb2527,1777539304059,1777539304097,202,37.878
4802,exp-perf10000-004802-d470c980,1777539304059,1777539304103,202,43.535
4803,exp-perf10000-004803-7204c604,1777539304060,1777539304103,202,43.887
4804,exp-perf10000-004804-1def223b,1777539304060,1777539304097,202,37.235
4805,exp-perf10000-004805-7f099ed8,1777539304060,1777539304104,202,43.900
4806,exp-perf10000-004806-c9d69796,1777539304060,1777539304098,202,37.472
4807,exp-perf10000-004807-868d2d00,1777539304061,1777539304105,202,44.089
4808,exp-perf10000-004808-51eade09,1777539304061,1777539304099,202,37.338
4809,exp-perf10000-004809-2203978b,1777539304062,1777539304106,202,44.004
4810,exp-perf10000-004810-8c8ddec4,1777539304062,1777539304099,202,37.465
4811,exp-perf10000-004811-799495d9,1777539304062,1777539304100,202,37.840
4812,exp-perf10000-004812-d09b97be,1777539304062,1777539304106,202,43.664
4813,exp-perf10000-004813-2bab06d2,1777539304063,1777539304101,202,37.742
4814,exp-perf10000-004814-296066e5,1777539304064,1777539304107,202,43.427
4815,exp-perf10000-004815-fb7b4557,1777539304064,1777539304101,202,37.472
4816,exp-perf10000-004816-e0266339,1777539304065,1777539304108,202,43.355
4817,exp-perf10000-004817-9330116a,1777539304065,1777539304103,202,38.088
4818,exp-perf10000-004818-2c24d01f,1777539304065,1777539304109,202,43.608
4819,exp-perf10000-004819-82f8fa9a,1777539304066,1777539304104,202,38.590
4820,exp-perf10000-004820-1c5e97e4,1777539304066,1777539304105,202,38.359
4821,exp-perf10000-004821-a0cd8be7,1777539304067,1777539304110,202,43.408
4822,exp-perf10000-004822-5ac08768,1777539304067,1777539304111,202,44.542
4823,exp-perf10000-004823-a63265d5,1777539304068,1777539304112,202,44.436
4824,exp-perf10000-004824-dac9be61,1777539304068,1777539304105,202,36.115
4825,exp-perf10000-004825-1919dab2,1777539304069,1777539304113,202,44.250
4826,exp-perf10000-004826-76efcb3b,1777539304069,1777539304107,202,37.478
4827,exp-perf10000-004827-4c3f9be4,1777539304070,1777539304107,202,37.232
4828,exp-perf10000-004828-b15ccf4e,1777539304070,1777539304114,202,43.072
4829,exp-perf10000-004829-5483e117,1777539304071,1777539304107,202,36.178
4830,exp-perf10000-004830-81a51711,1777539304072,1777539304107,202,35.416
4831,exp-perf10000-004831-fdb73c98,1777539304073,1777539304108,202,34.878
4832,exp-perf10000-004832-098a847a,1777539304073,1777539304114,202,40.819
4833,exp-perf10000-004833-06661c1e,1777539304074,1777539304108,202,34.324
4834,exp-perf10000-004834-454b4c88,1777539304074,1777539304109,202,34.723
4835,exp-perf10000-004835-e8cf6551,1777539304076,1777539304115,202,39.335
4836,exp-perf10000-004836-44b741a3,1777539304076,1777539304116,202,39.591
4837,exp-perf10000-004837-0e10a7fd,1777539304077,1777539304110,202,33.113
4838,exp-perf10000-004838-1756a29c,1777539304077,1777539304110,202,33.763
4839,exp-perf10000-004839-ee27b25e,1777539304077,1777539304111,202,34.315
4840,exp-perf10000-004840-815bc004,1777539304077,1777539304116,202,39.519
4841,exp-perf10000-004841-06ef4cfa,1777539304077,1777539304112,202,34.818
4842,exp-perf10000-004842-c00dea12,1777539304077,1777539304118,202,40.310
4843,exp-perf10000-004843-b53b7f6e,1777539304077,1777539304117,202,39.438
4844,exp-perf10000-004844-f6b5a63d,1777539304078,1777539304113,202,34.362
4845,exp-perf10000-004845-f05a57b4,1777539304078,1777539304113,202,34.808
4846,exp-perf10000-004846-4e73d62e,1777539304080,1777539304118,202,38.504
4847,exp-perf10000-004847-1d1e7961,1777539304080,1777539304119,202,39.101
4848,exp-perf10000-004848-ece31575,1777539304080,1777539304114,202,33.853
4849,exp-perf10000-004849-186aa92d,1777539304080,1777539304120,202,39.300
4850,exp-perf10000-004850-73acb924,1777539304080,1777539304120,202,39.657
4851,exp-perf10000-004851-c635a4b1,1777539304081,1777539304115,202,34.085
4852,exp-perf10000-004852-b66cdfd1,1777539304081,1777539304115,202,34.759
4853,exp-perf10000-004853-f800ddff,1777539304081,1777539304121,202,39.689
4854,exp-perf10000-004854-b9987783,1777539304081,1777539304116,202,35.090
4855,exp-perf10000-004855-2804c160,1777539304081,1777539304122,202,40.302
4856,exp-perf10000-004856-45025f77,1777539304081,1777539304117,202,35.576
4857,exp-perf10000-004857-3538e45d,1777539304084,1777539304118,202,34.205
4858,exp-perf10000-004858-505a3103,1777539304084,1777539304122,202,38.030
4859,exp-perf10000-004859-86389209,1777539304084,1777539304123,202,38.464
4860,exp-perf10000-004860-0dff2b9f,1777539304084,1777539304118,202,33.819
4861,exp-perf10000-004861-5a5b96f6,1777539304085,1777539304119,202,34.165
4862,exp-perf10000-004862-e5ea8ab7,1777539304085,1777539304120,202,35.065
4863,exp-perf10000-004863-e81ee345,1777539304085,1777539304123,202,38.159
4864,exp-perf10000-004864-b31b8025,1777539304085,1777539304121,202,35.771
4865,exp-perf10000-004865-60697a94,1777539304085,1777539304121,202,35.742
4866,exp-perf10000-004866-2fba0e96,1777539304086,1777539304124,202,37.304
4867,exp-perf10000-004867-dcff207f,1777539304087,1777539304122,202,35.237
4868,exp-perf10000-004868-172093a9,1777539304087,1777539304122,202,35.299
4869,exp-perf10000-004869-79aefe1e,1777539304088,1777539304124,202,36.800
4870,exp-perf10000-004870-bc03ab20,1777539304088,1777539304123,202,34.994
4871,exp-perf10000-004871-1371a852,1777539304088,1777539304123,202,35.192
4872,exp-perf10000-004872-79908251,1777539304088,1777539304125,202,36.645
4873,exp-perf10000-004873-4c587bdb,1777539304089,1777539304124,202,35.188
4874,exp-perf10000-004874-3e25867e,1777539304089,1777539304126,202,36.679
4875,exp-perf10000-004875-80eeac82,1777539304089,1777539304125,202,35.431
4876,exp-perf10000-004876-9aa060bd,1777539304090,1777539304126,202,36.767
4877,exp-perf10000-004877-bbb8ab7d,1777539304090,1777539304126,202,35.382
4878,exp-perf10000-004878-62b7eb58,1777539304090,1777539304127,202,36.488
4879,exp-perf10000-004879-f5c41e7c,1777539304091,1777539304128,202,36.460
4880,exp-perf10000-004880-0cd2d235,1777539304091,1777539304126,202,34.993
4881,exp-perf10000-004881-50229959,1777539304092,1777539304127,202,35.497
4882,exp-perf10000-004882-8e1757ab,1777539304092,1777539304128,202,36.391
4883,exp-perf10000-004883-6552a0d7,1777539304092,1777539304129,202,36.543
4884,exp-perf10000-004884-9f9128ed,1777539304092,1777539304128,202,35.284
4885,exp-perf10000-004885-638b0e48,1777539304093,1777539304128,202,35.521
4886,exp-perf10000-004886-0902420c,1777539304093,1777539304129,202,36.381
4887,exp-perf10000-004887-3e2213c3,1777539304094,1777539304129,202,35.421
4888,exp-perf10000-004888-8e2764ff,1777539304094,1777539304130,202,36.381
4889,exp-perf10000-004889-050d75b7,1777539304094,1777539304131,202,36.590
4890,exp-perf10000-004890-235dac89,1777539304094,1777539304130,202,35.306
4891,exp-perf10000-004891-aa78b062,1777539304095,1777539304130,202,35.591
4892,exp-perf10000-004892-fa462fc5,1777539304095,1777539304132,202,36.495
4893,exp-perf10000-004893-275e01b1,1777539304096,1777539304134,202,38.285
4894,exp-perf10000-004894-2d8336df,1777539304096,1777539304135,202,38.703
4895,exp-perf10000-004895-4db063b1,1777539304097,1777539304131,202,34.402
4896,exp-perf10000-004896-72a9dd2b,1777539304097,1777539304132,202,34.785
4897,exp-perf10000-004897-f482bad9,1777539304097,1777539304137,202,39.911
4898,exp-perf10000-004898-cc520791,1777539304098,1777539304139,202,41.197
4899,exp-perf10000-004899-488ddab2,1777539304098,1777539304135,202,37.302
4900,exp-perf10000-004900-fb20361b,1777539304099,1777539304135,202,36.723
4901,exp-perf10000-004901-7ee19452,1777539304099,1777539304140,202,41.194
4902,exp-perf10000-004902-ec27e9bc,1777539304099,1777539304135,202,36.065
4903,exp-perf10000-004903-75d55106,1777539304100,1777539304141,202,41.105
4904,exp-perf10000-004904-978d368d,1777539304100,1777539304137,202,37.253
4905,exp-perf10000-004905-9cdc9ca1,1777539304101,1777539304138,202,36.731
4906,exp-perf10000-004906-14c79d40,1777539304101,1777539304142,202,40.922
4907,exp-perf10000-004907-63c6b879,1777539304101,1777539304139,202,37.175
4908,exp-perf10000-004908-e254f503,1777539304102,1777539304145,202,42.673
4909,exp-perf10000-004909-d9b4264f,1777539304103,1777539304146,202,43.725
4910,exp-perf10000-004910-24813925,1777539304103,1777539304139,202,35.645
4911,exp-perf10000-004911-68b66623,1777539304104,1777539304147,202,43.088
4912,exp-perf10000-004912-42ecb17e,1777539304104,1777539304148,202,43.446
4913,exp-perf10000-004913-06c1ae9e,1777539304104,1777539304139,202,34.687
4914,exp-perf10000-004914-0dc9f976,1777539304105,1777539304141,202,36.083
4915,exp-perf10000-004915-ac7d8026,1777539304105,1777539304140,202,35.079
4916,exp-perf10000-004916-7bd2c295,1777539304105,1777539304148,202,42.899
4917,exp-perf10000-004917-c837a09f,1777539304106,1777539304149,202,42.969
4918,exp-perf10000-004918-1a574e95,1777539304106,1777539304149,202,42.927
4919,exp-perf10000-004919-13018fa2,1777539304107,1777539304142,202,35.639
4920,exp-perf10000-004920-d737916a,1777539304107,1777539304150,202,42.663
4921,exp-perf10000-004921-95633fd3,1777539304107,1777539304142,202,35.054
4922,exp-perf10000-004922-2d60b7a4,1777539304107,1777539304145,202,37.160
4923,exp-perf10000-004923-1b5720eb,1777539304107,1777539304143,202,35.532
4924,exp-perf10000-004924-ed7cc6cc,1777539304108,1777539304145,202,37.686
4925,exp-perf10000-004925-109126d2,1777539304108,1777539304150,202,42.417
4926,exp-perf10000-004926-9a65081c,1777539304108,1777539304146,202,37.686
4927,exp-perf10000-004927-02b5bffc,1777539304109,1777539304146,202,36.838
4928,exp-perf10000-004928-5f43ec77,1777539304109,1777539304151,202,42.012
4929,exp-perf10000-004929-b7fb3605,1777539304110,1777539304146,202,36.314
4930,exp-perf10000-004930-d3ef4fb6,1777539304110,1777539304152,202,41.993
4931,exp-perf10000-004931-f00d6ee1,1777539304110,1777539304147,202,36.346
4932,exp-perf10000-004932-2de7850a,1777539304111,1777539304147,202,36.132
4933,exp-perf10000-004933-bcda6d78,1777539304111,1777539304153,202,41.039
4934,exp-perf10000-004934-77a3226c,1777539304112,1777539304148,202,36.363
4935,exp-perf10000-004935-47bdb501,1777539304112,1777539304153,202,41.080
4936,exp-perf10000-004936-a96fd468,1777539304113,1777539304149,202,36.140
4937,exp-perf10000-004937-ffb8598a,1777539304113,1777539304154,202,40.962
4938,exp-perf10000-004938-c583bf32,1777539304113,1777539304149,202,36.168
4939,exp-perf10000-004939-20f1f19d,1777539304114,1777539304155,202,41.565
4940,exp-perf10000-004940-d9433b70,1777539304114,1777539304150,202,36.150
4941,exp-perf10000-004941-ab2dce64,1777539304114,1777539304157,202,42.335
4942,exp-perf10000-004942-4bdae6ae,1777539304115,1777539304151,202,36.126
4943,exp-perf10000-004943-50f16f95,1777539304115,1777539304157,202,42.325
4944,exp-perf10000-004944-d56660fb,1777539304116,1777539304152,202,35.973
4945,exp-perf10000-004945-be025fd4,1777539304116,1777539304158,202,42.305
4946,exp-perf10000-004946-661b9b25,1777539304116,1777539304152,202,35.989
4947,exp-perf10000-004947-53e35ded,1777539304116,1777539304159,202,42.195
4948,exp-perf10000-004948-567747ae,1777539304117,1777539304160,202,43.042
4949,exp-perf10000-004949-be9b2125,1777539304117,1777539304153,202,35.727
4950,exp-perf10000-004950-2560cdee,1777539304118,1777539304161,202,43.027
4951,exp-perf10000-004951-2447766b,1777539304118,1777539304153,202,35.634
4952,exp-perf10000-004952-c46ce35b,1777539304118,1777539304161,202,42.466
4953,exp-perf10000-004953-c4b6a244,1777539304118,1777539304154,202,35.784
4954,exp-perf10000-004954-6653bc7e,1777539304119,1777539304155,202,36.148
4955,exp-perf10000-004955-cdf51e56,1777539304119,1777539304161,202,42.219
4956,exp-perf10000-004956-420b95a6,1777539304120,1777539304162,202,42.332
4957,exp-perf10000-004957-f43652c4,1777539304120,1777539304156,202,35.710
4958,exp-perf10000-004958-3bddceae,1777539304120,1777539304162,202,42.295
4959,exp-perf10000-004959-a03709cf,1777539304121,1777539304163,202,42.204
4960,exp-perf10000-004960-498bfa4c,1777539304121,1777539304157,202,36.063
4961,exp-perf10000-004961-b396ff99,1777539304121,1777539304158,202,36.615
4962,exp-perf10000-004962-55a0328b,1777539304122,1777539304164,202,42.188
4963,exp-perf10000-004963-fb0f050a,1777539304122,1777539304158,202,36.557
4964,exp-perf10000-004964-7236f0b2,1777539304122,1777539304165,202,42.512
4965,exp-perf10000-004965-5bdd89b9,1777539304122,1777539304159,202,36.577
4966,exp-perf10000-004966-8cb410ab,1777539304123,1777539304165,202,42.468
4967,exp-perf10000-004967-ebc5dc48,1777539304123,1777539304160,202,36.724
4968,exp-perf10000-004968-87452ec2,1777539304123,1777539304166,202,42.592
4969,exp-perf10000-004969-1e8114b9,1777539304124,1777539304160,202,36.821
4970,exp-perf10000-004970-2893f837,1777539304124,1777539304166,202,42.706
4971,exp-perf10000-004971-a8c1a461,1777539304124,1777539304161,202,36.991
4972,exp-perf10000-004972-c4bf3271,1777539304124,1777539304167,202,42.745
4973,exp-perf10000-004973-57bb65dc,1777539304125,1777539304162,202,36.832
4974,exp-perf10000-004974-a5c8b7e5,1777539304125,1777539304168,202,42.748
4975,exp-perf10000-004975-d17bfedf,1777539304126,1777539304163,202,37.052
4976,exp-perf10000-004976-ee5f2986,1777539304126,1777539304169,202,42.755
4977,exp-perf10000-004977-208490a0,1777539304126,1777539304163,202,36.956
4978,exp-perf10000-004978-63b3e20d,1777539304126,1777539304169,202,42.692
4979,exp-perf10000-004979-859ea479,1777539304127,1777539304170,202,43.056
4980,exp-perf10000-004980-1abd5c73,1777539304127,1777539304164,202,36.960
4981,exp-perf10000-004981-fd8c7c66,1777539304128,1777539304171,202,43.267
4982,exp-perf10000-004982-aabedd2b,1777539304128,1777539304165,202,36.785
4983,exp-perf10000-004983-a9de8af8,1777539304128,1777539304171,202,43.081
4984,exp-perf10000-004984-7c36c00f,1777539304128,1777539304165,202,36.904
4985,exp-perf10000-004985-0087f6c7,1777539304129,1777539304172,202,43.102
4986,exp-perf10000-004986-ba17ee2a,1777539304129,1777539304166,202,36.942
4987,exp-perf10000-004987-f4de2743,1777539304129,1777539304172,202,42.824
4988,exp-perf10000-004988-6c23b2f5,1777539304130,1777539304167,202,37.171
4989,exp-perf10000-004989-8600ed89,1777539304130,1777539304173,202,42.810
4990,exp-perf10000-004990-2a6eaa86,1777539304130,1777539304168,202,37.067
4991,exp-perf10000-004991-2417249d,1777539304131,1777539304174,202,42.802
4992,exp-perf10000-004992-a2f08316,1777539304131,1777539304168,202,37.018
4993,exp-perf10000-004993-4a137691,1777539304132,1777539304174,202,42.822
4994,exp-perf10000-004994-a7a54012,1777539304132,1777539304169,202,37.022
4995,exp-perf10000-004995-0866e397,1777539304134,1777539304175,202,41.121
4996,exp-perf10000-004996-7fbb7428,1777539304135,1777539304176,202,40.609
4997,exp-perf10000-004997-e4d832ed,1777539304135,1777539304172,202,36.770
4998,exp-perf10000-004998-ad5f216b,1777539304136,1777539304172,202,36.102
4999,exp-perf10000-004999-78e5546f,1777539304136,1777539304170,202,33.867
5000,exp-perf10000-005000-bb953335,1777539304137,1777539304176,202,39.169
5001,exp-perf10000-005001-e150d990,1777539304137,1777539304173,202,35.786
5002,exp-perf10000-005002-93c5ae9f,1777539304138,1777539304173,202,35.124
5003,exp-perf10000-005003-303174cf,1777539304139,1777539304174,202,35.235
5004,exp-perf10000-005004-6534957d,1777539304139,1777539304175,202,35.818
5005,exp-perf10000-005005-aa0a4b41,1777539304139,1777539304175,202,36.217
5006,exp-perf10000-005006-5ee04caa,1777539304139,1777539304177,202,37.748
5007,exp-perf10000-005007-79228193,1777539304140,1777539304176,202,36.011
5008,exp-perf10000-005008-9516b645,1777539304140,1777539304178,202,37.438
5009,exp-perf10000-005009-d3ae3df8,1777539304141,1777539304177,202,35.834
5010,exp-perf10000-005010-4a4cb225,1777539304141,1777539304178,202,37.080
5011,exp-perf10000-005011-39d5a7bf,1777539304142,1777539304179,202,36.840
5012,exp-perf10000-005012-9361f7f2,1777539304142,1777539304178,202,35.530
5013,exp-perf10000-005013-4ecddfa4,1777539304142,1777539304177,202,34.760
5014,exp-perf10000-005014-8bdf2eec,1777539304143,1777539304179,202,35.574
5015,exp-perf10000-005015-f77d9cbd,1777539304145,1777539304180,202,34.904
5016,exp-perf10000-005016-b59df38c,1777539304145,1777539304179,202,34.376
5017,exp-perf10000-005017-8cedc355,1777539304145,1777539304180,202,34.460
5018,exp-perf10000-005018-5ab6e6ad,1777539304146,1777539304181,202,34.739
5019,exp-perf10000-005019-ec62a7aa,1777539304146,1777539304181,202,35.198
5020,exp-perf10000-005020-b4846de1,1777539304146,1777539304182,202,35.841
5021,exp-perf10000-005021-ddb0e3da,1777539304146,1777539304180,202,33.706
5022,exp-perf10000-005022-76884f92,1777539304147,1777539304181,202,34.215
5023,exp-perf10000-005023-27e0e29d,1777539304147,1777539304183,202,35.725
5024,exp-perf10000-005024-87c9b9dc,1777539304147,1777539304183,202,35.853
5025,exp-perf10000-005025-11c0d41c,1777539304148,1777539304182,202,34.258
5026,exp-perf10000-005026-df386d92,1777539304148,1777539304182,202,34.385
5027,exp-perf10000-005027-a10135cf,1777539304148,1777539304184,202,35.742
5028,exp-perf10000-005028-92b8b2e3,1777539304149,1777539304183,202,34.900
5029,exp-perf10000-005029-a7700272,1777539304149,1777539304185,202,35.772
5030,exp-perf10000-005030-4b569d9e,1777539304149,1777539304184,202,34.591
5031,exp-perf10000-005031-8ddfbd46,1777539304149,1777539304185,202,35.712
5032,exp-perf10000-005032-5962b0d5,1777539304150,1777539304184,202,34.575
5033,exp-perf10000-005033-d37dde4b,1777539304150,1777539304186,202,35.789
5034,exp-perf10000-005034-d0c78b8b,1777539304150,1777539304185,202,34.603
5035,exp-perf10000-005035-34f128f9,1777539304151,1777539304187,202,35.683
5036,exp-perf10000-005036-01d6e560,1777539304151,1777539304186,202,34.681
5037,exp-perf10000-005037-285c6b6a,1777539304152,1777539304187,202,35.604
5038,exp-perf10000-005038-f4be142b,1777539304152,1777539304187,202,34.777
5039,exp-perf10000-005039-00a6c6e8,1777539304152,1777539304188,202,35.689
5040,exp-perf10000-005040-a8d98841,1777539304153,1777539304188,202,35.083
5041,exp-perf10000-005041-8c385229,1777539304153,1777539304189,202,35.647
5042,exp-perf10000-005042-9a4ab250,1777539304153,1777539304188,202,34.971
5043,exp-perf10000-005043-d9057e3c,1777539304154,1777539304189,202,35.784
5044,exp-perf10000-005044-1929598b,1777539304154,1777539304189,202,34.879
5045,exp-perf10000-005045-f638f40f,1777539304154,1777539304190,202,35.646
5046,exp-perf10000-005046-02286806,1777539304155,1777539304191,202,35.565
5047,exp-perf10000-005047-f85d5341,1777539304155,1777539304190,202,34.435
5048,exp-perf10000-005048-778a8bf5,1777539304156,1777539304191,202,35.640
5049,exp-perf10000-005049-7d773094,1777539304157,1777539304190,202,33.435
5050,exp-perf10000-005050-a3ed01ee,1777539304157,1777539304192,202,34.951
5051,exp-perf10000-005051-cb99fd0d,1777539304158,1777539304191,202,33.168
5052,exp-perf10000-005052-f5675e78,1777539304158,1777539304193,202,34.919
5053,exp-perf10000-005053-4334da80,1777539304158,1777539304192,202,33.331
5054,exp-perf10000-005054-f969439e,1777539304158,1777539304193,202,35.012
5055,exp-perf10000-005055-198a939e,1777539304159,1777539304192,202,33.595
5056,exp-perf10000-005056-e928cc21,1777539304159,1777539304194,202,35.216
5057,exp-perf10000-005057-db12e8ed,1777539304160,1777539304195,202,35.197
5058,exp-perf10000-005058-df0aa241,1777539304160,1777539304193,202,32.870
5059,exp-perf10000-005059-e5d006be,1777539304160,1777539304196,202,35.170
5060,exp-perf10000-005060-ebe15534,1777539304161,1777539304194,202,32.871
5061,exp-perf10000-005061-723a1c0e,1777539304161,1777539304194,202,33.571
5062,exp-perf10000-005062-83aae088,1777539304161,1777539304196,202,34.860
5063,exp-perf10000-005063-17eca593,1777539304161,1777539304195,202,33.602
5064,exp-perf10000-005064-1ec50eb9,1777539304162,1777539304197,202,35.162
5065,exp-perf10000-005065-e3933b48,1777539304162,1777539304196,202,33.716
5066,exp-perf10000-005066-c21419b9,1777539304162,1777539304196,202,33.797
5067,exp-perf10000-005067-154a4614,1777539304163,1777539304198,202,34.949
5068,exp-perf10000-005068-480806a1,1777539304163,1777539304197,202,34.023
5069,exp-perf10000-005069-b0cec2ea,1777539304163,1777539304198,202,35.081
5070,exp-perf10000-005070-73f3e689,1777539304164,1777539304198,202,33.888
5071,exp-perf10000-005071-f54d4e0a,1777539304164,1777539304199,202,34.833
5072,exp-perf10000-005072-50f6a551,1777539304165,1777539304200,202,35.025
5073,exp-perf10000-005073-8f1cf52b,1777539304165,1777539304198,202,33.603
5074,exp-perf10000-005074-bd8e3261,1777539304165,1777539304199,202,33.942
5075,exp-perf10000-005075-3c8db88e,1777539304165,1777539304200,202,34.874
5076,exp-perf10000-005076-357632ad,1777539304166,1777539304200,202,34.066
5077,exp-perf10000-005077-10e9390c,1777539304166,1777539304201,202,34.839
5078,exp-perf10000-005078-ac425aae,1777539304167,1777539304201,202,33.962
5079,exp-perf10000-005079-91d0bc27,1777539304167,1777539304202,202,34.767
5080,exp-perf10000-005080-271fd264,1777539304167,1777539304201,202,34.159
5081,exp-perf10000-005081-68d10555,1777539304168,1777539304202,202,34.792
5082,exp-perf10000-005082-933d7874,1777539304168,1777539304202,202,34.122
5083,exp-perf10000-005083-70a8c3f3,1777539304168,1777539304203,202,34.899
5084,exp-perf10000-005084-2e7fe91c,1777539304169,1777539304203,202,34.072
5085,exp-perf10000-005085-8acf0ca9,1777539304169,1777539304204,202,34.948
5086,exp-perf10000-005086-cd6b19f9,1777539304169,1777539304203,202,34.187
5087,exp-perf10000-005087-95b1469a,1777539304170,1777539304205,202,35.023
5088,exp-perf10000-005088-f6e431c6,1777539304170,1777539304204,202,33.984
5089,exp-perf10000-005089-2ca614ac,1777539304171,1777539304205,202,33.657
5090,exp-perf10000-005090-7bd6edb0,1777539304171,1777539304205,202,33.975
5091,exp-perf10000-005091-3a33ccc3,1777539304172,1777539304205,202,33.673
5092,exp-perf10000-005092-4836874a,1777539304172,1777539304206,202,34.417
5093,exp-perf10000-005093-35c1464c,1777539304172,1777539304206,202,33.944
5094,exp-perf10000-005094-bd5455f5,1777539304172,1777539304207,202,34.562
5095,exp-perf10000-005095-d6bad24a,1777539304173,1777539304207,202,33.944
5096,exp-perf10000-005096-5c0b78a7,1777539304173,1777539304207,202,34.447
5097,exp-perf10000-005097-a1ca8a2a,1777539304173,1777539304207,202,34.024
5098,exp-perf10000-005098-f46f9c9d,1777539304174,1777539304208,202,34.497
5099,exp-perf10000-005099-bb7daea3,1777539304174,1777539304208,202,33.930
5100,exp-perf10000-005100-ec48a20a,1777539304174,1777539304209,202,34.292
5101,exp-perf10000-005101-258a9f28,1777539304175,1777539304209,202,33.925
5102,exp-perf10000-005102-5a752c05,1777539304175,1777539304210,202,34.564
5103,exp-perf10000-005103-32d59354,1777539304175,1777539304209,202,34.042
5104,exp-perf10000-005104-aa5fafae,1777539304176,1777539304210,202,34.577
5105,exp-perf10000-005105-3d7e1829,1777539304176,1777539304210,202,34.026
5106,exp-perf10000-005106-9f3376be,1777539304176,1777539304211,202,34.572
5107,exp-perf10000-005107-fd24f321,1777539304177,1777539304211,202,34.156
5108,exp-perf10000-005108-cab7c4a4,1777539304177,1777539304212,202,34.683
5109,exp-perf10000-005109-28e10071,1777539304177,1777539304212,202,34.292
5110,exp-perf10000-005110-a3b43d5e,1777539304178,1777539304212,202,34.669
5111,exp-perf10000-005111-14530127,1777539304178,1777539304212,202,34.249
5112,exp-perf10000-005112-1e1cbacc,1777539304178,1777539304213,202,34.845
5113,exp-perf10000-005113-f8e0dbd1,1777539304179,1777539304213,202,34.353
5114,exp-perf10000-005114-b4a2b682,1777539304179,1777539304214,202,34.914
5115,exp-perf10000-005115-b0060f04,1777539304179,1777539304214,202,34.565
5116,exp-perf10000-005116-5bf9ad1f,1777539304180,1777539304215,202,35.036
5117,exp-perf10000-005117-0f796731,1777539304180,1777539304214,202,34.564
5118,exp-perf10000-005118-faa1ab35,1777539304180,1777539304215,202,35.005
5119,exp-perf10000-005119-18eeff9e,1777539304181,1777539304215,202,34.479
5120,exp-perf10000-005120-f665f66e,1777539304181,1777539304216,202,34.834
5121,exp-perf10000-005121-233e9ad9,1777539304181,1777539304216,202,34.570
5122,exp-perf10000-005122-23c3ae5d,1777539304182,1777539304217,202,34.710
5123,exp-perf10000-005123-afb5eac2,1777539304182,1777539304217,202,34.608
5124,exp-perf10000-005124-95cec250,1777539304182,1777539304217,202,34.589
5125,exp-perf10000-005125-15850df6,1777539304183,1777539304217,202,34.459
5126,exp-perf10000-005126-c78b5a10,1777539304183,1777539304218,202,34.460
5127,exp-perf10000-005127-1d105d85,1777539304184,1777539304218,202,34.617
5128,exp-perf10000-005128-bc046888,1777539304184,1777539304219,202,34.734
5129,exp-perf10000-005129-4a51b239,1777539304184,1777539304218,202,34.321
5130,exp-perf10000-005130-e3c657b1,1777539304184,1777539304219,202,34.707
5131,exp-perf10000-005131-16f98306,1777539304185,1777539304219,202,34.423
5132,exp-perf10000-005132-f60b633a,1777539304185,1777539304220,202,34.713
5133,exp-perf10000-005133-fce443b2,1777539304185,1777539304220,202,34.386
5134,exp-perf10000-005134-a98bc893,1777539304186,1777539304220,202,34.508
5135,exp-perf10000-005135-715931cd,1777539304186,1777539304220,202,34.498
5136,exp-perf10000-005136-a3a5b455,1777539304187,1777539304221,202,34.326
5137,exp-perf10000-005137-2407dfc3,1777539304187,1777539304221,202,34.206
5138,exp-perf10000-005138-ca97e659,1777539304188,1777539304222,202,33.993
5139,exp-perf10000-005139-bf6fa5a2,1777539304188,1777539304222,202,33.988
5140,exp-perf10000-005140-0ae9d5f6,1777539304188,1777539304222,202,34.296
5141,exp-perf10000-005141-91a28aa6,1777539304188,1777539304222,202,34.109
5142,exp-perf10000-005142-529de50d,1777539304189,1777539304223,202,34.323
5143,exp-perf10000-005143-766f6434,1777539304189,1777539304223,202,34.306
5144,exp-perf10000-005144-ac8c1548,1777539304189,1777539304224,202,34.364
5145,exp-perf10000-005145-5674a36e,1777539304190,1777539304224,202,34.262
5146,exp-perf10000-005146-bb659436,1777539304190,1777539304225,202,34.571
5147,exp-perf10000-005147-ed6dc0ff,1777539304190,1777539304225,202,34.435
5148,exp-perf10000-005148-5033349d,1777539304191,1777539304225,202,34.423
5149,exp-perf10000-005149-764d838d,1777539304191,1777539304225,202,34.530
5150,exp-perf10000-005150-b55b12a6,1777539304191,1777539304226,202,34.369
5151,exp-perf10000-005151-aba87bac,1777539304192,1777539304226,202,34.354
5152,exp-perf10000-005152-59521f58,1777539304192,1777539304227,202,35.283
5153,exp-perf10000-005153-a49f3181,1777539304192,1777539304227,202,34.377
5154,exp-perf10000-005154-b276bfef,1777539304193,1777539304227,202,34.562
5155,exp-perf10000-005155-fa01febf,1777539304193,1777539304227,202,34.176
5156,exp-perf10000-005156-b0cf10c6,1777539304194,1777539304228,202,34.273
5157,exp-perf10000-005157-5ddf3ae2,1777539304194,1777539304228,202,34.321
5158,exp-perf10000-005158-a85f23aa,1777539304194,1777539304228,202,34.127
5159,exp-perf10000-005159-9cdb5779,1777539304194,1777539304229,202,34.165
5160,exp-perf10000-005160-8adbf537,1777539304195,1777539304229,202,34.242
5161,exp-perf10000-005161-a3537188,1777539304195,1777539304229,202,34.314
5162,exp-perf10000-005162-6aa797c0,1777539304196,1777539304230,202,34.071
5163,exp-perf10000-005163-ef223fd2,1777539304196,1777539304230,202,34.308
5164,exp-perf10000-005164-b2e4fd23,1777539304196,1777539304230,202,34.284
5165,exp-perf10000-005165-a91ca0a4,1777539304196,1777539304231,202,34.312
5166,exp-perf10000-005166-895ff0f2,1777539304197,1777539304231,202,34.031
5167,exp-perf10000-005167-3f99626a,1777539304197,1777539304231,202,34.168
5168,exp-perf10000-005168-5f3c23dc,1777539304198,1777539304232,202,34.415
5169,exp-perf10000-005169-430f8c54,1777539304198,1777539304232,202,34.246
5170,exp-perf10000-005170-5ba83d2a,1777539304198,1777539304232,202,34.039
5171,exp-perf10000-005171-6890f21b,1777539304199,1777539304233,202,34.080
5172,exp-perf10000-005172-6da7b174,1777539304199,1777539304233,202,33.996
5173,exp-perf10000-005173-09109225,1777539304199,1777539304233,202,34.087
5174,exp-perf10000-005174-2348d9f2,1777539304200,1777539304234,202,34.065
5175,exp-perf10000-005175-cc3cb783,1777539304200,1777539304234,202,34.097
5176,exp-perf10000-005176-a6a3435f,1777539304200,1777539304235,202,34.380
5177,exp-perf10000-005177-e7323eb7,1777539304201,1777539304235,202,33.946
5178,exp-perf10000-005178-f5f71add,1777539304201,1777539304235,202,34.450
5179,exp-perf10000-005179-eb1931a8,1777539304201,1777539304235,202,33.854
5180,exp-perf10000-005180-da9f7947,1777539304202,1777539304236,202,34.184
5181,exp-perf10000-005181-88b327ca,1777539304202,1777539304236,202,33.830
5182,exp-perf10000-005182-f8f7861f,1777539304202,1777539304237,202,34.124
5183,exp-perf10000-005183-3399e6b0,1777539304203,1777539304237,202,33.947
5184,exp-perf10000-005184-82c3f445,1777539304203,1777539304237,202,34.205
5185,exp-perf10000-005185-2389318f,1777539304203,1777539304237,202,33.871
5186,exp-perf10000-005186-7ca1b57b,1777539304204,1777539304238,202,34.128
5187,exp-perf10000-005187-b5eaaf84,1777539304204,1777539304238,202,33.712
5188,exp-perf10000-005188-4fce93bf,1777539304205,1777539304239,202,33.932
5189,exp-perf10000-005189-500a3ce1,1777539304205,1777539304239,202,34.038
5190,exp-perf10000-005190-369cd102,1777539304205,1777539304239,202,34.078
5191,exp-perf10000-005191-7f20ae7a,1777539304205,1777539304239,202,33.801
5192,exp-perf10000-005192-f4f3cd2f,1777539304206,1777539304240,202,33.860
5193,exp-perf10000-005193-3a4b1990,1777539304207,1777539304240,202,33.315
5194,exp-perf10000-005194-5a9d0db8,1777539304207,1777539304241,202,34.072
5195,exp-perf10000-005195-8ac5ea17,1777539304207,1777539304241,202,33.542
5196,exp-perf10000-005196-1e8d93db,1777539304207,1777539304241,202,34.084
5197,exp-perf10000-005197-8ba24c67,1777539304208,1777539304241,202,33.656
5198,exp-perf10000-005198-f0a21991,1777539304208,1777539304242,202,34.207
5199,exp-perf10000-005199-04140d16,1777539304208,1777539304242,202,33.650
5200,exp-perf10000-005200-90af2904,1777539304209,1777539304243,202,34.182
5201,exp-perf10000-005201-ab2b4c0f,1777539304209,1777539304243,202,33.808
5202,exp-perf10000-005202-43c49887,1777539304209,1777539304244,202,34.150
5203,exp-perf10000-005203-d35b1df4,1777539304210,1777539304243,202,33.671
5204,exp-perf10000-005204-a66d9506,1777539304210,1777539304244,202,34.132
5205,exp-perf10000-005205-bb4c6ea8,1777539304210,1777539304244,202,33.556
5206,exp-perf10000-005206-511ca97d,1777539304211,1777539304245,202,33.957
5207,exp-perf10000-005207-7162d157,1777539304211,1777539304245,202,33.637
5208,exp-perf10000-005208-1cb7828e,1777539304212,1777539304246,202,33.979
5209,exp-perf10000-005209-7d1baa5f,1777539304212,1777539304245,202,33.642
5210,exp-perf10000-005210-ee0fe6bd,1777539304212,1777539304246,202,34.010
5211,exp-perf10000-005211-c561d5ea,1777539304212,1777539304246,202,33.672
5212,exp-perf10000-005212-edf82910,1777539304213,1777539304247,202,33.868
5213,exp-perf10000-005213-abec5ed2,1777539304213,1777539304247,202,33.587
5214,exp-perf10000-005214-67ba8cce,1777539304214,1777539304248,202,33.773
5215,exp-perf10000-005215-f30b56a2,1777539304214,1777539304248,202,33.576
5216,exp-perf10000-005216-12f14326,1777539304215,1777539304248,202,33.935
5217,exp-perf10000-005217-016df9b2,1777539304215,1777539304248,202,33.534
5218,exp-perf10000-005218-4db42a85,1777539304215,1777539304249,202,33.953
5219,exp-perf10000-005219-8c8e9a62,1777539304215,1777539304249,202,33.638
5220,exp-perf10000-005220-f00473df,1777539304216,1777539304250,202,33.730
5221,exp-perf10000-005221-23e055f5,1777539304216,1777539304250,202,33.925
5222,exp-perf10000-005222-9450d575,1777539304217,1777539304251,202,33.869
5223,exp-perf10000-005223-1d2cf4b5,1777539304217,1777539304251,202,34.174
5224,exp-perf10000-005224-ef5e635d,1777539304217,1777539304252,202,34.685
5225,exp-perf10000-005225-75ed1c85,1777539304217,1777539304251,202,34.322
5226,exp-perf10000-005226-8680fca5,1777539304218,1777539304252,202,34.588
5227,exp-perf10000-005227-8b93ac8c,1777539304218,1777539304252,202,33.926
5228,exp-perf10000-005228-db83cde2,1777539304218,1777539304253,202,34.866
5229,exp-perf10000-005229-1aed4450,1777539304219,1777539304253,202,34.391
5230,exp-perf10000-005230-7fdcddc9,1777539304219,1777539304254,202,34.623
5231,exp-perf10000-005231-573e9f39,1777539304219,1777539304254,202,34.525
5232,exp-perf10000-005232-e4f60326,1777539304220,1777539304254,202,34.824
5233,exp-perf10000-005233-7630f930,1777539304220,1777539304254,202,34.490
5234,exp-perf10000-005234-3b1a82e3,1777539304220,1777539304255,202,34.469
5235,exp-perf10000-005235-b4b5776a,1777539304221,1777539304255,202,34.537
5236,exp-perf10000-005236-afb9073a,1777539304221,1777539304256,202,34.861
5237,exp-perf10000-005237-0f2d0a10,1777539304221,1777539304256,202,34.571
5238,exp-perf10000-005238-4a567339,1777539304222,1777539304256,202,34.951
5239,exp-perf10000-005239-0efe9b2a,1777539304222,1777539304256,202,34.614
5240,exp-perf10000-005240-42d86542,1777539304222,1777539304257,202,34.821
5241,exp-perf10000-005241-38fcee65,1777539304222,1777539304257,202,34.589
5242,exp-perf10000-005242-af021d93,1777539304223,1777539304258,202,34.946
5243,exp-perf10000-005243-ea974624,1777539304223,1777539304258,202,34.429
5244,exp-perf10000-005244-0b525711,1777539304224,1777539304259,202,34.846
5245,exp-perf10000-005245-135237f1,1777539304224,1777539304258,202,34.473
5246,exp-perf10000-005246-adbd3dca,1777539304225,1777539304259,202,34.743
5247,exp-perf10000-005247-e8b6435d,1777539304225,1777539304259,202,34.355
5248,exp-perf10000-005248-d022e49c,1777539304225,1777539304260,202,35.116
5249,exp-perf10000-005249-852820a0,1777539304225,1777539304260,202,34.387
5250,exp-perf10000-005250-2c18ffe0,1777539304226,1777539304261,202,34.850
5251,exp-perf10000-005251-872c13bc,1777539304226,1777539304260,202,34.462
5252,exp-perf10000-005252-54feb281,1777539304227,1777539304261,202,34.288
5253,exp-perf10000-005253-2b1fb6b1,1777539304227,1777539304262,202,34.503
5254,exp-perf10000-005254-acdb318c,1777539304227,1777539304261,202,33.962
5255,exp-perf10000-005255-4bbd9bc7,1777539304227,1777539304262,202,34.573
5256,exp-perf10000-005256-1be7af4a,1777539304228,1777539304263,202,34.966
5257,exp-perf10000-005257-b0844bfd,1777539304228,1777539304262,202,34.382
5258,exp-perf10000-005258-e4d74a08,1777539304228,1777539304264,202,35.122
5259,exp-perf10000-005259-39d5ac15,1777539304229,1777539304263,202,34.462
5260,exp-perf10000-005260-b27b6f6f,1777539304229,1777539304264,202,34.970
5261,exp-perf10000-005261-3785583d,1777539304229,1777539304264,202,34.455
5262,exp-perf10000-005262-bc1c9865,1777539304230,1777539304265,202,35.030
5263,exp-perf10000-005263-cce1484f,1777539304230,1777539304264,202,34.350
5264,exp-perf10000-005264-a87c4464,1777539304230,1777539304265,202,34.937
5265,exp-perf10000-005265-4ad94549,1777539304231,1777539304265,202,34.402
5266,exp-perf10000-005266-9d01422d,1777539304231,1777539304266,202,35.136
5267,exp-perf10000-005267-8e5595c2,1777539304231,1777539304266,202,34.520
5268,exp-perf10000-005268-6520a4b0,1777539304232,1777539304267,202,34.444
5269,exp-perf10000-005269-81639795,1777539304232,1777539304267,202,34.545
5270,exp-perf10000-005270-ba54003c,1777539304232,1777539304268,202,35.138
5271,exp-perf10000-005271-724a41b9,1777539304233,1777539304267,202,34.754
5272,exp-perf10000-005272-a085974b,1777539304233,1777539304268,202,35.375
5273,exp-perf10000-005273-8df7c6f3,1777539304233,1777539304268,202,34.762
5274,exp-perf10000-005274-31513a07,1777539304234,1777539304269,202,35.138
5275,exp-perf10000-005275-ce79482e,1777539304234,1777539304269,202,34.848
5276,exp-perf10000-005276-c7d5748f,1777539304235,1777539304269,202,34.749
5277,exp-perf10000-005277-c42d1cc3,1777539304235,1777539304270,202,34.996
5278,exp-perf10000-005278-b9b5e857,1777539304235,1777539304270,202,34.851
5279,exp-perf10000-005279-5660925b,1777539304235,1777539304270,202,34.985
5280,exp-perf10000-005280-78c7ac85,1777539304236,1777539304271,202,34.849
5281,exp-perf10000-005281-89d93c73,1777539304236,1777539304271,202,35.096
5282,exp-perf10000-005282-d442aafd,1777539304237,1777539304272,202,35.388
5283,exp-perf10000-005283-ff4f54a2,1777539304237,1777539304272,202,35.085
5284,exp-perf10000-005284-ca5156fa,1777539304237,1777539304272,202,34.904
5285,exp-perf10000-005285-59b80d42,1777539304237,1777539304273,202,35.136
5286,exp-perf10000-005286-432bafff,1777539304238,1777539304273,202,34.872
5287,exp-perf10000-005287-1fe43bb8,1777539304238,1777539304273,202,35.271
5288,exp-perf10000-005288-54662f7c,1777539304239,1777539304274,202,34.942
5289,exp-perf10000-005289-2170f29d,1777539304239,1777539304274,202,35.028
5290,exp-perf10000-005290-06c58c1e,1777539304239,1777539304274,202,34.935
5291,exp-perf10000-005291-3948934e,1777539304240,1777539304275,202,35.307
5292,exp-perf10000-005292-698b57c7,1777539304240,1777539304275,202,35.189
5293,exp-perf10000-005293-f1ac4333,1777539304240,1777539304275,202,35.219
5294,exp-perf10000-005294-7434b805,1777539304241,1777539304276,202,35.049
5295,exp-perf10000-005295-2262d99d,1777539304241,1777539304276,202,35.120
5296,exp-perf10000-005296-93e3dfb2,1777539304241,1777539304277,202,35.316
5297,exp-perf10000-005297-6a208fb7,1777539304242,1777539304277,202,35.312
5298,exp-perf10000-005298-64b1f65b,1777539304242,1777539304277,202,35.249
5299,exp-perf10000-005299-99111840,1777539304242,1777539304278,202,35.268
5300,exp-perf10000-005300-ec85f047,1777539304243,1777539304278,202,35.214
5301,exp-perf10000-005301-bcf54b74,1777539304243,1777539304278,202,35.212
5302,exp-perf10000-005302-d0a678c7,1777539304243,1777539304278,202,35.015
5303,exp-perf10000-005303-bd812e7b,1777539304244,1777539304279,202,35.105
5304,exp-perf10000-005304-3463ca30,1777539304244,1777539304279,202,35.082
5305,exp-perf10000-005305-e22e0193,1777539304244,1777539304279,202,35.182
5306,exp-perf10000-005306-a43848b1,1777539304245,1777539304280,202,35.116
5307,exp-perf10000-005307-acb990ce,1777539304245,1777539304280,202,35.237
5308,exp-perf10000-005308-2c022d3d,1777539304245,1777539304281,202,35.089
5309,exp-perf10000-005309-90a0f3bc,1777539304246,1777539304281,202,35.105
5310,exp-perf10000-005310-59d2fcc8,1777539304246,1777539304281,202,35.187
5311,exp-perf10000-005311-7266e4f4,1777539304246,1777539304282,202,35.291
5312,exp-perf10000-005312-072f2bb5,1777539304247,1777539304282,202,35.188
5313,exp-perf10000-005313-0460c7ab,1777539304247,1777539304283,202,35.637
5314,exp-perf10000-005314-0cdea2a7,1777539304248,1777539304283,202,35.270
5315,exp-perf10000-005315-9d931a9f,1777539304248,1777539304283,202,35.369
5316,exp-perf10000-005316-01a0f23d,1777539304248,1777539304283,202,35.151
5317,exp-perf10000-005317-5662e8e4,1777539304249,1777539304284,202,35.173
5318,exp-perf10000-005318-721bed77,1777539304249,1777539304284,202,35.206
5319,exp-perf10000-005319-ec415887,1777539304249,1777539304285,202,35.530
5320,exp-perf10000-005320-69611b5c,1777539304250,1777539304285,202,35.242
5321,exp-perf10000-005321-88ed73b1,1777539304250,1777539304285,202,35.379
5322,exp-perf10000-005322-77d038e4,1777539304251,1777539304286,202,34.976
5323,exp-perf10000-005323-ad9042be,1777539304251,1777539304286,202,34.912
5324,exp-perf10000-005324-473651a1,1777539304251,1777539304287,202,35.056
5325,exp-perf10000-005325-7c3094db,1777539304252,1777539304286,202,34.341
5326,exp-perf10000-005326-2e17a590,1777539304252,1777539304287,202,34.638
5327,exp-perf10000-005327-46bbabe6,1777539304252,1777539304287,202,34.803
5328,exp-perf10000-005328-a1e2d41d,1777539304253,1777539304287,202,34.441
5329,exp-perf10000-005329-21b4996b,1777539304253,1777539304288,202,34.517
5330,exp-perf10000-005330-217ee572,1777539304254,1777539304289,202,34.771
5331,exp-perf10000-005331-63d7597c,1777539304254,1777539304288,202,34.352
5332,exp-perf10000-005332-e2221671,1777539304254,1777539304289,202,34.629
5333,exp-perf10000-005333-55bc71a2,1777539304255,1777539304289,202,34.850
5334,exp-perf10000-005334-2a344b03,1777539304255,1777539304290,202,34.926
5335,exp-perf10000-005335-a6f133cd,1777539304255,1777539304290,202,34.901
5336,exp-perf10000-005336-cb170e7c,1777539304256,1777539304291,202,34.979
5337,exp-perf10000-005337-6766f137,1777539304256,1777539304291,202,34.929
5338,exp-perf10000-005338-93e0bb67,1777539304256,1777539304291,202,34.862
5339,exp-perf10000-005339-db32c08d,1777539304257,1777539304291,202,34.960
5340,exp-perf10000-005340-c66dc9e2,1777539304257,1777539304292,202,34.956
5341,exp-perf10000-005341-84c1d33d,1777539304257,1777539304292,202,34.959
5342,exp-perf10000-005342-0137ea2f,1777539304258,1777539304293,202,35.133
5343,exp-perf10000-005343-8ae2571b,1777539304258,1777539304293,202,35.084
5344,exp-perf10000-005344-c048a3ba,1777539304259,1777539304294,202,35.083
5345,exp-perf10000-005345-c84ca828,1777539304259,1777539304294,202,35.104
5346,exp-perf10000-005346-3ae918b8,1777539304259,1777539304294,202,35.201
5347,exp-perf10000-005347-86283f25,1777539304259,1777539304295,202,35.186
5348,exp-perf10000-005348-6d9e2837,1777539304260,1777539304295,202,35.160
5349,exp-perf10000-005349-fcb26019,1777539304260,1777539304295,202,35.003
5350,exp-perf10000-005350-98fb3d55,1777539304260,1777539304296,202,35.260
5351,exp-perf10000-005351-897d4ea4,1777539304261,1777539304296,202,35.192
5352,exp-perf10000-005352-bbc42093,1777539304261,1777539304297,202,35.484
5353,exp-perf10000-005353-a53ea953,1777539304261,1777539304297,202,35.178
5354,exp-perf10000-005354-a24c1859,1777539304262,1777539304297,202,35.334
5355,exp-perf10000-005355-9624a9dc,1777539304262,1777539304297,202,35.273
5356,exp-perf10000-005356-33f7bbbe,1777539304262,1777539304298,202,35.713
5357,exp-perf10000-005357-d8ef8382,1777539304263,1777539304298,202,35.077
5358,exp-perf10000-005358-2e08ecd3,1777539304263,1777539304298,202,35.305
5359,exp-perf10000-005359-f4a9b0a2,1777539304264,1777539304299,202,35.093
5360,exp-perf10000-005360-2497f21b,1777539304264,1777539304299,202,35.266
5361,exp-perf10000-005361-df6a35e4,1777539304264,1777539304299,202,35.122
5362,exp-perf10000-005362-138556fe,1777539304264,1777539304300,202,35.646
5363,exp-perf10000-005363-0386e528,1777539304265,1777539304300,202,35.515
5364,exp-perf10000-005364-43646630,1777539304265,1777539304301,202,35.438
5365,exp-perf10000-005365-80d7527e,1777539304265,1777539304301,202,35.407
5366,exp-perf10000-005366-d926bfba,1777539304266,1777539304301,202,35.363
5367,exp-perf10000-005367-6d4b9df2,1777539304266,1777539304302,202,35.452
5368,exp-perf10000-005368-2555f8cb,1777539304267,1777539304302,202,35.193
5369,exp-perf10000-005369-b0a71ca8,1777539304267,1777539304302,202,35.381
5370,exp-perf10000-005370-99d772d6,1777539304267,1777539304303,202,35.055
5371,exp-perf10000-005371-9f3ab2d3,1777539304268,1777539304303,202,35.194
5372,exp-perf10000-005372-cae4c255,1777539304268,1777539304303,202,35.034
5373,exp-perf10000-005373-ff18c3a8,1777539304268,1777539304304,202,35.268
5374,exp-perf10000-005374-171d8b7c,1777539304269,1777539304304,202,35.027
5375,exp-perf10000-005375-ae5be1a5,1777539304269,1777539304304,202,35.278
5376,exp-perf10000-005376-76722fe2,1777539304269,1777539304305,202,35.158
5377,exp-perf10000-005377-629bcfa4,1777539304270,1777539304305,202,35.245
5378,exp-perf10000-005378-063d6d63,1777539304270,1777539304305,202,35.017
5379,exp-perf10000-005379-13f50f9c,1777539304270,1777539304306,202,35.230
5380,exp-perf10000-005380-441e747b,1777539304271,1777539304306,202,35.099
5381,exp-perf10000-005381-6b64082c,1777539304271,1777539304306,202,35.221
5382,exp-perf10000-005382-b78d04b7,1777539304272,1777539304307,202,34.664
5383,exp-perf10000-005383-c66c3ac1,1777539304272,1777539304307,202,34.867
5384,exp-perf10000-005384-db7d7b2f,1777539304272,1777539304307,202,34.850
5385,exp-perf10000-005385-fa48d985,1777539304273,1777539304308,202,35.114
5386,exp-perf10000-005386-8e86da49,1777539304273,1777539304308,202,34.964
5387,exp-perf10000-005387-02c23963,1777539304273,1777539304308,202,35.019
5388,exp-perf10000-005388-770a6684,1777539304274,1777539304308,202,34.803
5389,exp-perf10000-005389-8af93d63,1777539304274,1777539304309,202,35.191
5390,exp-perf10000-005390-f822a8fb,1777539304274,1777539304309,202,34.888
5391,exp-perf10000-005391-a7a48603,1777539304275,1777539304310,202,34.757
5392,exp-perf10000-005392-740d620c,1777539304275,1777539304310,202,34.704
5393,exp-perf10000-005393-718a60fb,1777539304275,1777539304310,202,35.061
5394,exp-perf10000-005394-0bc48e04,1777539304276,1777539304311,202,34.892
5395,exp-perf10000-005395-e8402fff,1777539304276,1777539304311,202,35.214
5396,exp-perf10000-005396-5c6d50f7,1777539304277,1777539304311,202,34.835
5397,exp-perf10000-005397-f155e5fd,1777539304277,1777539304312,202,35.022
5398,exp-perf10000-005398-489aee0c,1777539304277,1777539304312,202,34.805
5399,exp-perf10000-005399-6a1cd58a,1777539304278,1777539304313,202,35.030
5400,exp-perf10000-005400-a1e5ebe8,1777539304278,1777539304313,202,34.813
5401,exp-perf10000-005401-69c0150b,1777539304278,1777539304313,202,35.037
5402,exp-perf10000-005402-b7aebad5,1777539304278,1777539304313,202,34.952
5403,exp-perf10000-005403-c457ef7b,1777539304279,1777539304314,202,35.145
5404,exp-perf10000-005404-ca712a3c,1777539304279,1777539304314,202,34.930
5405,exp-perf10000-005405-721b74d6,1777539304279,1777539304315,202,35.101
5406,exp-perf10000-005406-d913fa79,1777539304280,1777539304315,202,34.885
5407,exp-perf10000-005407-d72c6e69,1777539304280,1777539304315,202,35.022
5408,exp-perf10000-005408-ace9a1b4,1777539304281,1777539304315,202,34.914
5409,exp-perf10000-005409-2dd4b23f,1777539304281,1777539304316,202,35.084
5410,exp-perf10000-005410-f5922cf5,1777539304281,1777539304316,202,34.743
5411,exp-perf10000-005411-017fa806,1777539304282,1777539304317,202,34.902
5412,exp-perf10000-005412-6ae7cb8e,1777539304282,1777539304317,202,34.673
5413,exp-perf10000-005413-3ba7a679,1777539304283,1777539304317,202,34.704
5414,exp-perf10000-005414-4885ab43,1777539304283,1777539304318,202,34.847
5415,exp-perf10000-005415-b45f119f,1777539304283,1777539304318,202,34.927
5416,exp-perf10000-005416-446cfb6e,1777539304283,1777539304318,202,34.803
5417,exp-perf10000-005417-7b6de946,1777539304284,1777539304319,202,34.848
5418,exp-perf10000-005418-6fd80bb3,1777539304284,1777539304319,202,34.662
5419,exp-perf10000-005419-1837f772,1777539304285,1777539304319,202,34.695
5420,exp-perf10000-005420-a33a9a00,1777539304285,1777539304320,202,34.636
5421,exp-perf10000-005421-60f633f9,1777539304285,1777539304320,202,34.596
5422,exp-perf10000-005422-39827334,1777539304286,1777539304320,202,34.741
5423,exp-perf10000-005423-c4f29ac9,1777539304286,1777539304321,202,34.831
5424,exp-perf10000-005424-5a9a5a99,1777539304286,1777539304321,202,34.884
5425,exp-perf10000-005425-ca4a1c90,1777539304287,1777539304321,202,34.859
5426,exp-perf10000-005426-95ee444b,1777539304287,1777539304322,202,34.945
5427,exp-perf10000-005427-67d5ee62,1777539304287,1777539304322,202,34.986
5428,exp-perf10000-005428-4e683099,1777539304287,1777539304323,202,35.097
5429,exp-perf10000-005429-a6db97d1,1777539304288,1777539304323,202,35.011
5430,exp-perf10000-005430-086f5131,1777539304288,1777539304323,202,34.933
5431,exp-perf10000-005431-6324f4a1,1777539304289,1777539304324,202,35.054
5432,exp-perf10000-005432-8ed9578a,1777539304289,1777539304324,202,34.994
5433,exp-perf10000-005433-efbbc3a2,1777539304289,1777539304325,202,35.253
5434,exp-perf10000-005434-a2fe7f4e,1777539304290,1777539304325,202,34.862
5435,exp-perf10000-005435-22648ab7,1777539304290,1777539304325,202,35.181
5436,exp-perf10000-005436-4214f2fa,1777539304291,1777539304325,202,34.700
5437,exp-perf10000-005437-78b0b7e7,1777539304291,1777539304326,202,35.039
5438,exp-perf10000-005438-cdb88bf0,1777539304291,1777539304326,202,34.749
5439,exp-perf10000-005439-b4d26459,1777539304291,1777539304327,202,35.068
5440,exp-perf10000-005440-801171c1,1777539304292,1777539304327,202,34.673
5441,exp-perf10000-005441-51878d9e,1777539304292,1777539304327,202,34.794
5442,exp-perf10000-005442-a2006f4f,1777539304293,1777539304327,202,34.468
5443,exp-perf10000-005443-5c3f1c0c,1777539304293,1777539304328,202,34.836
5444,exp-perf10000-005444-5e8bfa50,1777539304294,1777539304328,202,34.355
5445,exp-perf10000-005445-2beda260,1777539304294,1777539304329,202,34.691
5446,exp-perf10000-005446-d7046270,1777539304294,1777539304329,202,34.392
5447,exp-perf10000-005447-8fd39c06,1777539304295,1777539304329,202,34.620
5448,exp-perf10000-005448-49f23de8,1777539304295,1777539304329,202,34.392
5449,exp-perf10000-005449-adc359c5,1777539304295,1777539304330,202,34.774
5450,exp-perf10000-005450-776e98e0,1777539304296,1777539304330,202,34.213
5451,exp-perf10000-005451-b1b71a01,1777539304296,1777539304331,202,34.733
5452,exp-perf10000-005452-e915d50a,1777539304297,1777539304331,202,34.187
5453,exp-perf10000-005453-f053db0e,1777539304297,1777539304331,202,34.808
5454,exp-perf10000-005454-ee6c748d,1777539304297,1777539304331,202,34.192
5455,exp-perf10000-005455-b8b4247f,1777539304297,1777539304332,202,34.636
5456,exp-perf10000-005456-6466699e,1777539304298,1777539304333,202,34.764
5457,exp-perf10000-005457-341456a5,1777539304298,1777539304332,202,33.722
5458,exp-perf10000-005458-fa4133b4,1777539304299,1777539304333,202,34.098
5459,exp-perf10000-005459-6b01d70d,1777539304299,1777539304333,202,34.724
5460,exp-perf10000-005460-5b497fa4,1777539304299,1777539304333,202,34.096
5461,exp-perf10000-005461-90c8539d,1777539304299,1777539304334,202,34.795
5462,exp-perf10000-005462-a06b4376,1777539304300,1777539304334,202,33.667
5463,exp-perf10000-005463-08878be6,1777539304300,1777539304335,202,34.449
5464,exp-perf10000-005464-23d6d914,1777539304301,1777539304335,202,34.079
5465,exp-perf10000-005465-e9c35fc7,1777539304301,1777539304336,202,34.554
5466,exp-perf10000-005466-290cfc40,1777539304301,1777539304335,202,33.925
5467,exp-perf10000-005467-6bae9c32,1777539304302,1777539304336,202,34.344
5468,exp-perf10000-005468-0545420f,1777539304302,1777539304336,202,34.074
5469,exp-perf10000-005469-8e2df7fd,1777539304302,1777539304337,202,34.416
5470,exp-perf10000-005470-49eb4f32,1777539304303,1777539304337,202,34.100
5471,exp-perf10000-005471-bccaef92,1777539304303,1777539304337,202,34.618
5472,exp-perf10000-005472-b48286d1,1777539304303,1777539304337,202,34.244
5473,exp-perf10000-005473-abc26050,1777539304304,1777539304338,202,34.321
5474,exp-perf10000-005474-5cfe43e8,1777539304304,1777539304338,202,34.045
5475,exp-perf10000-005475-e510041b,1777539304304,1777539304339,202,34.387
5476,exp-perf10000-005476-67c09690,1777539304305,1777539304339,202,34.192
5477,exp-perf10000-005477-f93e7daf,1777539304305,1777539304340,202,34.658
5478,exp-perf10000-005478-23e5f37c,1777539304305,1777539304339,202,34.160
5479,exp-perf10000-005479-3cd7254a,1777539304306,1777539304340,202,34.233
5480,exp-perf10000-005480-3ad19474,1777539304306,1777539304340,202,34.162
5481,exp-perf10000-005481-487f2420,1777539304306,1777539304341,202,34.245
5482,exp-perf10000-005482-3c74ffc6,1777539304307,1777539304341,202,34.028
5483,exp-perf10000-005483-9a381b40,1777539304307,1777539304341,202,34.464
5484,exp-perf10000-005484-34679033,1777539304307,1777539304341,202,34.179
5485,exp-perf10000-005485-5a9b2d00,1777539304308,1777539304342,202,34.494
5486,exp-perf10000-005486-1de17a73,1777539304308,1777539304343,202,34.854
5487,exp-perf10000-005487-8b871d37,1777539304308,1777539304343,202,34.489
5488,exp-perf10000-005488-4d9bd9e1,1777539304309,1777539304343,202,34.306
5489,exp-perf10000-005489-e6daed12,1777539304309,1777539304343,202,34.397
5490,exp-perf10000-005490-c61d9574,1777539304309,1777539304344,202,34.467
5491,exp-perf10000-005491-1e576600,1777539304310,1777539304344,202,34.629
5492,exp-perf10000-005492-397197b9,1777539304310,1777539304344,202,34.658
5493,exp-perf10000-005493-d88656ea,1777539304310,1777539304345,202,34.415
5494,exp-perf10000-005494-ea32a683,1777539304311,1777539304345,202,34.293
5495,exp-perf10000-005495-a1c75430,1777539304311,1777539304346,202,34.376
5496,exp-perf10000-005496-50351956,1777539304311,1777539304345,202,34.031
5497,exp-perf10000-005497-5dd75637,1777539304312,1777539304346,202,34.343
5498,exp-perf10000-005498-3a4decdb,1777539304312,1777539304346,202,34.291
5499,exp-perf10000-005499-6c966de6,1777539304313,1777539304347,202,34.375
5500,exp-perf10000-005500-91d78a2f,1777539304313,1777539304347,202,34.030
5501,exp-perf10000-005501-f72d6645,1777539304313,1777539304348,202,34.454
5502,exp-perf10000-005502-7e3677fe,1777539304313,1777539304348,202,34.072
5503,exp-perf10000-005503-d7a3fc67,1777539304314,1777539304348,202,34.365
5504,exp-perf10000-005504-a680659e,1777539304314,1777539304348,202,34.091
5505,exp-perf10000-005505-af1d8ead,1777539304315,1777539304349,202,34.419
5506,exp-perf10000-005506-cab17714,1777539304315,1777539304349,202,34.012
5507,exp-perf10000-005507-3580975c,1777539304315,1777539304350,202,34.443
5508,exp-perf10000-005508-a35ef36f,1777539304315,1777539304350,202,34.030
5509,exp-perf10000-005509-c69e46b3,1777539304316,1777539304350,202,34.433
5510,exp-perf10000-005510-4a8cc576,1777539304316,1777539304350,202,34.025
5511,exp-perf10000-005511-c1557bd8,1777539304317,1777539304351,202,34.396
5512,exp-perf10000-005512-fc392a26,1777539304317,1777539304351,202,34.034
5513,exp-perf10000-005513-9d8efa8c,1777539304317,1777539304352,202,34.236
5514,exp-perf10000-005514-cfbf1865,1777539304318,1777539304352,202,33.832
5515,exp-perf10000-005515-34b83326,1777539304318,1777539304352,202,34.322
5516,exp-perf10000-005516-ceed2351,1777539304318,1777539304353,202,34.235
5517,exp-perf10000-005517-5f435535,1777539304319,1777539304353,202,34.262
5518,exp-perf10000-005518-d926b4d3,1777539304319,1777539304353,202,34.235
5519,exp-perf10000-005519-5c4a0899,1777539304319,1777539304354,202,34.434
5520,exp-perf10000-005520-5ee71e1a,1777539304320,1777539304354,202,34.102
5521,exp-perf10000-005521-8ca85745,1777539304320,1777539304354,202,34.340
5522,exp-perf10000-005522-02bc6c01,1777539304320,1777539304354,202,34.007
5523,exp-perf10000-005523-62971bc0,1777539304321,1777539304355,202,34.200
5524,exp-perf10000-005524-d7328d51,1777539304321,1777539304355,202,33.817
5525,exp-perf10000-005525-b8e55fed,1777539304322,1777539304356,202,34.146
5526,exp-perf10000-005526-151af713,1777539304322,1777539304356,202,33.741
5527,exp-perf10000-005527-b5c251ff,1777539304322,1777539304356,202,34.102
5528,exp-perf10000-005528-d9503cb6,1777539304323,1777539304356,202,33.658
5529,exp-perf10000-005529-4a9d6cdf,1777539304323,1777539304357,202,34.039
5530,exp-perf10000-005530-301654cc,1777539304323,1777539304357,202,33.634
5531,exp-perf10000-005531-a9454d18,1777539304324,1777539304358,202,33.799
5532,exp-perf10000-005532-8ebb18b7,1777539304324,1777539304358,202,33.556
5533,exp-perf10000-005533-a64ed385,1777539304325,1777539304358,202,33.653
5534,exp-perf10000-005534-67788f4b,1777539304325,1777539304358,202,33.405
5535,exp-perf10000-005535-91fe2c88,1777539304325,1777539304359,202,33.665
5536,exp-perf10000-005536-6aa5e53c,1777539304325,1777539304359,202,33.470
5537,exp-perf10000-005537-7b15b378,1777539304326,1777539304360,202,34.157
5538,exp-perf10000-005538-0f47fe78,1777539304326,1777539304360,202,33.952
5539,exp-perf10000-005539-66eb369d,1777539304327,1777539304360,202,33.700
5540,exp-perf10000-005540-bbc44d80,1777539304327,1777539304360,202,33.453
5541,exp-perf10000-005541-fad1bf66,1777539304327,1777539304361,202,33.815
5542,exp-perf10000-005542-601436c7,1777539304327,1777539304361,202,33.327
5543,exp-perf10000-005543-a93b6f34,1777539304328,1777539304362,202,33.609
5544,exp-perf10000-005544-69ce83ea,1777539304328,1777539304362,202,33.470
5545,exp-perf10000-005545-780b5001,1777539304329,1777539304362,202,33.680
5546,exp-perf10000-005546-d55f1a12,1777539304329,1777539304362,202,33.502
5547,exp-perf10000-005547-66530565,1777539304329,1777539304363,202,33.576
5548,exp-perf10000-005548-a5f55e4a,1777539304329,1777539304363,202,33.494
5549,exp-perf10000-005549-92664ed9,1777539304330,1777539304363,202,33.483
5550,exp-perf10000-005550-57148ea3,1777539304330,1777539304364,202,33.636
5551,exp-perf10000-005551-de6128e7,1777539304331,1777539304364,202,33.362
5552,exp-perf10000-005552-ce2c8337,1777539304331,1777539304364,202,33.517
5553,exp-perf10000-005553-23654a7b,1777539304331,1777539304365,202,33.528
5554,exp-perf10000-005554-553f7e06,1777539304332,1777539304365,202,33.317
5555,exp-perf10000-005555-a0d67a2f,1777539304332,1777539304366,202,33.693
5556,exp-perf10000-005556-bfa29cbf,1777539304332,1777539304365,202,33.441
5557,exp-perf10000-005557-18781055,1777539304333,1777539304366,202,33.637
5558,exp-perf10000-005558-60fbebef,1777539304333,1777539304366,202,33.217
5559,exp-perf10000-005559-cbb2b166,1777539304333,1777539304367,202,33.742
5560,exp-perf10000-005560-4b8af6da,1777539304333,1777539304367,202,33.487
5561,exp-perf10000-005561-901de181,1777539304334,1777539304368,202,33.815
5562,exp-perf10000-005562-37ca882b,1777539304334,1777539304367,202,33.300
5563,exp-perf10000-005563-68aa5726,1777539304335,1777539304369,202,33.895
5564,exp-perf10000-005564-fcbdf24a,1777539304335,1777539304368,202,33.272
5565,exp-perf10000-005565-8e754608,1777539304335,1777539304369,202,33.749
5566,exp-perf10000-005566-3f989ae5,1777539304336,1777539304369,202,33.299
5567,exp-perf10000-005567-3505d01b,1777539304336,1777539304370,202,33.698
5568,exp-perf10000-005568-c03759fe,1777539304336,1777539304370,202,33.537
5569,exp-perf10000-005569-56e95b8d,1777539304337,1777539304370,202,33.666
5570,exp-perf10000-005570-5f2c2169,1777539304337,1777539304370,202,33.412
5571,exp-perf10000-005571-ccebd3e5,1777539304337,1777539304371,202,33.554
5572,exp-perf10000-005572-e9fc237a,1777539304338,1777539304371,202,33.363
5573,exp-perf10000-005573-1f7deb25,1777539304338,1777539304372,202,33.464
5574,exp-perf10000-005574-cc504a13,1777539304338,1777539304371,202,33.180
5575,exp-perf10000-005575-51c7fbe2,1777539304339,1777539304372,202,33.218
5576,exp-perf10000-005576-f4c9c166,1777539304339,1777539304372,202,33.354
5577,exp-perf10000-005577-2dcb8ba3,1777539304339,1777539304373,202,33.440
5578,exp-perf10000-005578-017dcea0,1777539304340,1777539304373,202,33.013
5579,exp-perf10000-005579-e77f20ce,1777539304340,1777539304373,202,33.310
5580,exp-perf10000-005580-b3cc5755,1777539304340,1777539304374,202,33.511
5581,exp-perf10000-005581-00610e39,1777539304341,1777539304374,202,33.607
5582,exp-perf10000-005582-07304a47,1777539304341,1777539304374,202,33.293
5583,exp-perf10000-005583-436a8f56,1777539304341,1777539304375,202,33.624
5584,exp-perf10000-005584-74947bb6,1777539304341,1777539304375,202,33.328
5585,exp-perf10000-005585-8091ac3f,1777539304342,1777539304376,202,33.335
5586,exp-perf10000-005586-569e90b4,1777539304343,1777539304376,202,33.009
5587,exp-perf10000-005587-41cfb820,1777539304343,1777539304376,202,33.392
5588,exp-perf10000-005588-3a27c1be,1777539304343,1777539304376,202,33.526
5589,exp-perf10000-005589-76be331e,1777539304344,1777539304377,202,33.326
5590,exp-perf10000-005590-189673bd,1777539304344,1777539304377,202,33.259
5591,exp-perf10000-005591-4c479df4,1777539304344,1777539304378,202,33.152
5592,exp-perf10000-005592-519f6e69,1777539304345,1777539304378,202,33.165
5593,exp-perf10000-005593-b6f36321,1777539304345,1777539304378,202,33.519
5594,exp-perf10000-005594-4e37378c,1777539304345,1777539304378,202,33.289
5595,exp-perf10000-005595-4fa7f035,1777539304346,1777539304379,202,33.503
5596,exp-perf10000-005596-87c42919,1777539304346,1777539304379,202,33.163
5597,exp-perf10000-005597-1d3c9a0e,1777539304346,1777539304380,202,33.171
5598,exp-perf10000-005598-7ffc61ae,1777539304346,1777539304380,202,33.400
5599,exp-perf10000-005599-de85f409,1777539304347,1777539304380,202,33.582
5600,exp-perf10000-005600-ed6fed78,1777539304347,1777539304380,202,33.253
5601,exp-perf10000-005601-8b48ab86,1777539304348,1777539304381,202,33.581
5602,exp-perf10000-005602-7d486424,1777539304348,1777539304381,202,33.157
5603,exp-perf10000-005603-a7eeef11,1777539304348,1777539304382,202,33.526
5604,exp-perf10000-005604-920d72c2,1777539304348,1777539304382,202,33.251
5605,exp-perf10000-005605-cd23a093,1777539304349,1777539304382,202,33.415
5606,exp-perf10000-005606-a64cdcd5,1777539304349,1777539304382,202,33.356
5607,exp-perf10000-005607-335231b0,1777539304350,1777539304383,202,33.563
5608,exp-perf10000-005608-d43d83b8,1777539304350,1777539304383,202,33.275
5609,exp-perf10000-005609-0fea4569,1777539304350,1777539304384,202,33.680
5610,exp-perf10000-005610-74596f66,1777539304350,1777539304384,202,33.261
5611,exp-perf10000-005611-ee088d4c,1777539304351,1777539304384,202,33.562
5612,exp-perf10000-005612-67b88df4,1777539304351,1777539304384,202,33.195
5613,exp-perf10000-005613-f562099d,1777539304352,1777539304385,202,33.434
5614,exp-perf10000-005614-ecae52f0,1777539304352,1777539304385,202,33.050
5615,exp-perf10000-005615-8d896987,1777539304352,1777539304386,202,33.105
5616,exp-perf10000-005616-f2fd71af,1777539304353,1777539304386,202,33.275
5617,exp-perf10000-005617-818dfd09,1777539304353,1777539304386,202,33.252
5618,exp-perf10000-005618-29306253,1777539304353,1777539304387,202,33.437
5619,exp-perf10000-005619-e51392a2,1777539304354,1777539304387,202,33.599
5620,exp-perf10000-005620-4cd3c060,1777539304354,1777539304387,202,33.145
5621,exp-perf10000-005621-84d5a51d,1777539304354,1777539304388,202,33.252
5622,exp-perf10000-005622-25ead058,1777539304354,1777539304388,202,33.605
5623,exp-perf10000-005623-0308871d,1777539304355,1777539304389,202,33.936
5624,exp-perf10000-005624-0d7298ba,1777539304355,1777539304388,202,33.274
5625,exp-perf10000-005625-3016e688,1777539304356,1777539304390,202,34.094
5626,exp-perf10000-005626-58628ab5,1777539304356,1777539304389,202,33.460
5627,exp-perf10000-005627-c209394f,1777539304356,1777539304390,202,33.647
5628,exp-perf10000-005628-9246acad,1777539304356,1777539304390,202,33.256
5629,exp-perf10000-005629-16958d4f,1777539304357,1777539304391,202,33.910
5630,exp-perf10000-005630-fbae6bf5,1777539304357,1777539304390,202,33.314
5631,exp-perf10000-005631-d6783b2f,1777539304358,1777539304391,202,33.426
5632,exp-perf10000-005632-4c8ffe45,1777539304358,1777539304391,202,33.689
5633,exp-perf10000-005633-ecc20bd3,1777539304358,1777539304392,202,33.805
5634,exp-perf10000-005634-1d4172a4,1777539304358,1777539304392,202,33.272
5635,exp-perf10000-005635-8c39ba31,1777539304359,1777539304392,202,33.399
5636,exp-perf10000-005636-b90a7893,1777539304359,1777539304393,202,33.647
5637,exp-perf10000-005637-09beb383,1777539304360,1777539304393,202,33.286
5638,exp-perf10000-005638-14a53491,1777539304360,1777539304393,202,32.818
5639,exp-perf10000-005639-e1fb6753,1777539304360,1777539304394,202,33.905
5640,exp-perf10000-005640-8ad5fa9b,1777539304360,1777539304394,202,33.290
5641,exp-perf10000-005641-50be8896,1777539304361,1777539304395,202,34.095
5642,exp-perf10000-005642-9928304b,1777539304361,1777539304394,202,33.374
5643,exp-perf10000-005643-0fd1743a,1777539304362,1777539304396,202,33.853
5644,exp-perf10000-005644-f468e924,1777539304362,1777539304395,202,33.186
5645,exp-perf10000-005645-227241cb,1777539304362,1777539304396,202,33.915
5646,exp-perf10000-005646-4c7e76d4,1777539304362,1777539304396,202,33.332
5647,exp-perf10000-005647-6b1ea3b3,1777539304363,1777539304396,202,33.532
5648,exp-perf10000-005648-acf1b33f,1777539304363,1777539304397,202,33.885
5649,exp-perf10000-005649-d2f89d26,1777539304364,1777539304398,202,34.136
5650,exp-perf10000-005650-7d9de6d0,1777539304364,1777539304397,202,33.262
5651,exp-perf10000-005651-dec48eee,1777539304364,1777539304398,202,33.597
5652,exp-perf10000-005652-f9c75105,1777539304364,1777539304398,202,33.999
5653,exp-perf10000-005653-89fabb8a,1777539304365,1777539304398,202,33.379
5654,exp-perf10000-005654-0b5ee90c,1777539304365,1777539304399,202,34.026
5655,exp-perf10000-005655-7d26ccb3,1777539304366,1777539304399,202,33.300
5656,exp-perf10000-005656-1b4b1309,1777539304366,1777539304400,202,34.002
5657,exp-perf10000-005657-eca74b9d,1777539304366,1777539304400,202,33.474
5658,exp-perf10000-005658-6db556df,1777539304366,1777539304400,202,34.046
5659,exp-perf10000-005659-b00556ae,1777539304367,1777539304400,202,33.087
5660,exp-perf10000-005660-bee55a08,1777539304367,1777539304401,202,33.955
5661,exp-perf10000-005661-5f68fcc2,1777539304368,1777539304401,202,33.247
5662,exp-perf10000-005662-244d2f79,1777539304368,1777539304402,202,34.004
5663,exp-perf10000-005663-33079d5e,1777539304368,1777539304401,202,33.331
5664,exp-perf10000-005664-3246e0a0,1777539304369,1777539304402,202,33.756
5665,exp-perf10000-005665-6b2bdb78,1777539304369,1777539304402,202,33.172
5666,exp-perf10000-005666-08951d1d,1777539304369,1777539304403,202,33.997
5667,exp-perf10000-005667-66806313,1777539304370,1777539304404,202,34.113
5668,exp-perf10000-005668-9e3842a5,1777539304370,1777539304403,202,32.929
5669,exp-perf10000-005669-81eeccd4,1777539304370,1777539304403,202,33.081
5670,exp-perf10000-005670-d0e65e0e,1777539304370,1777539304404,202,34.136
5671,exp-perf10000-005671-6c81f298,1777539304371,1777539304404,202,33.164
5672,exp-perf10000-005672-b36759c3,1777539304371,1777539304405,202,34.173
5673,exp-perf10000-005673-cf1fffc7,1777539304371,1777539304405,202,33.298
5674,exp-perf10000-005674-9b71b897,1777539304372,1777539304406,202,34.202
5675,exp-perf10000-005675-affc7176,1777539304372,1777539304405,202,33.352
5676,exp-perf10000-005676-3ed01b50,1777539304372,1777539304407,202,34.297
5677,exp-perf10000-005677-c5b5c944,1777539304373,1777539304406,202,33.259
5678,exp-perf10000-005678-91f0799b,1777539304373,1777539304407,202,34.230
5679,exp-perf10000-005679-fa1a4364,1777539304373,1777539304407,202,33.482
5680,exp-perf10000-005680-6985abed,1777539304374,1777539304408,202,34.180
5681,exp-perf10000-005681-d2bef4f7,1777539304374,1777539304408,202,33.548
5682,exp-perf10000-005682-fce0205b,1777539304374,1777539304409,202,34.253
5683,exp-perf10000-005683-77b078ad,1777539304375,1777539304408,202,33.391
5684,exp-perf10000-005684-fafbaaa5,1777539304375,1777539304409,202,34.274
5685,exp-perf10000-005685-d4487e91,1777539304376,1777539304409,202,33.284
5686,exp-perf10000-005686-e991dc5f,1777539304376,1777539304410,202,34.124
5687,exp-perf10000-005687-395a2bc5,1777539304376,1777539304410,202,33.335
5688,exp-perf10000-005688-28f90345,1777539304377,1777539304411,202,34.159
5689,exp-perf10000-005689-b09b4317,1777539304377,1777539304410,202,33.469
5690,exp-perf10000-005690-3d3c7490,1777539304377,1777539304411,202,34.167
5691,exp-perf10000-005691-b113331e,1777539304378,1777539304411,202,33.391
5692,exp-perf10000-005692-809a0ff8,1777539304378,1777539304412,202,34.224
5693,exp-perf10000-005693-ae7ae338,1777539304378,1777539304412,202,33.275
5694,exp-perf10000-005694-c4714a5b,1777539304378,1777539304413,202,34.036
5695,exp-perf10000-005695-b3055271,1777539304379,1777539304412,202,33.317
5696,exp-perf10000-005696-3cbe88ba,1777539304379,1777539304413,202,34.087
5697,exp-perf10000-005697-da7f2298,1777539304380,1777539304413,202,33.386
5698,exp-perf10000-005698-77ae4e76,1777539304380,1777539304414,202,34.020
5699,exp-perf10000-005699-87cee8f0,1777539304380,1777539304414,202,33.396
5700,exp-perf10000-005700-61f8a23f,1777539304380,1777539304415,202,34.177
5701,exp-perf10000-005701-18a1b654,1777539304381,1777539304414,202,33.428
5702,exp-perf10000-005702-16e2dce5,1777539304381,1777539304415,202,33.988
5703,exp-perf10000-005703-20da359b,1777539304382,1777539304415,202,33.401
5704,exp-perf10000-005704-485a4c4b,1777539304382,1777539304416,202,34.191
5705,exp-perf10000-005705-e9c9fa20,1777539304382,1777539304416,202,34.134
5706,exp-perf10000-005706-f361592e,1777539304383,1777539304416,202,33.371
5707,exp-perf10000-005707-4281f411,1777539304383,1777539304417,202,33.581
5708,exp-perf10000-005708-4e3ac195,1777539304383,1777539304417,202,34.079
5709,exp-perf10000-005709-4faf3d1c,1777539304384,1777539304417,202,33.585
5710,exp-perf10000-005710-45fef24b,1777539304384,1777539304418,202,33.986
5711,exp-perf10000-005711-f68f9717,1777539304384,1777539304418,202,33.732
5712,exp-perf10000-005712-e9de9b9d,1777539304385,1777539304419,202,34.055
5713,exp-perf10000-005713-747e4bbb,1777539304385,1777539304419,202,33.839
5714,exp-perf10000-005714-4bb38d25,1777539304385,1777539304419,202,33.953
5715,exp-perf10000-005715-fe3f3d6e,1777539304386,1777539304419,202,33.782
5716,exp-perf10000-005716-98432b22,1777539304386,1777539304420,202,33.911
5717,exp-perf10000-005717-66ec6e2e,1777539304386,1777539304420,202,33.869
5718,exp-perf10000-005718-75b3c7ed,1777539304387,1777539304420,202,33.868
5719,exp-perf10000-005719-b10c31d4,1777539304387,1777539304421,202,33.847
5720,exp-perf10000-005720-547f8e66,1777539304387,1777539304421,202,33.610
5721,exp-perf10000-005721-1f20f6f2,1777539304388,1777539304422,202,33.946
5722,exp-perf10000-005722-adacc2f7,1777539304388,1777539304422,202,33.672
5723,exp-perf10000-005723-18623716,1777539304388,1777539304422,202,33.789
5724,exp-perf10000-005724-585429e3,1777539304389,1777539304422,202,33.387
5725,exp-perf10000-005725-45c79d83,1777539304389,1777539304423,202,33.508
5726,exp-perf10000-005726-743d505b,1777539304390,1777539304424,202,33.748
5727,exp-perf10000-005727-3103241f,1777539304390,1777539304423,202,33.052
5728,exp-perf10000-005728-6df66deb,1777539304390,1777539304424,202,33.584
5729,exp-perf10000-005729-0f1c3d81,1777539304390,1777539304426,202,35.325
5730,exp-perf10000-005730-424d49fa,1777539304391,1777539304425,202,33.872
5731,exp-perf10000-005731-2baf119b,1777539304391,1777539304425,202,34.392
5732,exp-perf10000-005732-3dfb71ff,1777539304391,1777539304425,202,33.770
5733,exp-perf10000-005733-3e134df3,1777539304392,1777539304426,202,34.187
5734,exp-perf10000-005734-08973299,1777539304392,1777539304427,202,34.680
5735,exp-perf10000-005735-4720a25e,1777539304392,1777539304427,202,34.214
5736,exp-perf10000-005736-f4896eb4,1777539304393,1777539304427,202,34.590
5737,exp-perf10000-005737-ad461a17,1777539304393,1777539304427,202,34.226
5738,exp-perf10000-005738-a9ed1e60,1777539304393,1777539304428,202,34.535
5739,exp-perf10000-005739-5b98ec73,1777539304394,1777539304428,202,34.331
5740,exp-perf10000-005740-fb987cd6,1777539304394,1777539304429,202,34.478
5741,exp-perf10000-005741-202a8a93,1777539304394,1777539304429,202,34.327
5742,exp-perf10000-005742-520d550f,1777539304395,1777539304429,202,34.415
5743,exp-perf10000-005743-b0b91ed4,1777539304395,1777539304429,202,34.233
5744,exp-perf10000-005744-21504a5d,1777539304396,1777539304430,202,34.449
5745,exp-perf10000-005745-e47a499f,1777539304396,1777539304430,202,34.218
5746,exp-perf10000-005746-d710c56e,1777539304396,1777539304431,202,34.447
5747,exp-perf10000-005747-0035abf5,1777539304396,1777539304431,202,34.410
5748,exp-perf10000-005748-4e9c5d43,1777539304397,1777539304431,202,34.372
5749,exp-perf10000-005749-d2538127,1777539304397,1777539304431,202,34.399
5750,exp-perf10000-005750-a9d31aaa,1777539304398,1777539304432,202,34.168
5751,exp-perf10000-005751-ea1363a6,1777539304398,1777539304432,202,34.303
5752,exp-perf10000-005752-6d84ca0b,1777539304398,1777539304433,202,34.574
5753,exp-perf10000-005753-d23bd4e3,1777539304398,1777539304433,202,34.149
5754,exp-perf10000-005754-41018e50,1777539304399,1777539304433,202,34.557
5755,exp-perf10000-005755-1975de91,1777539304399,1777539304433,202,34.181
5756,exp-perf10000-005756-a0988d80,1777539304400,1777539304434,202,34.574
5757,exp-perf10000-005757-ad725141,1777539304400,1777539304434,202,34.107
5758,exp-perf10000-005758-60ead589,1777539304400,1777539304435,202,34.671
5759,exp-perf10000-005759-d5cbea78,1777539304400,1777539304434,202,34.087
5760,exp-perf10000-005760-38016ad6,1777539304401,1777539304435,202,34.607
5761,exp-perf10000-005761-29f6e520,1777539304401,1777539304435,202,34.077
5762,exp-perf10000-005762-4e93cbec,1777539304401,1777539304436,202,34.594
5763,exp-perf10000-005763-dc74975a,1777539304402,1777539304436,202,34.037
5764,exp-perf10000-005764-40b6486a,1777539304402,1777539304437,202,34.702
5765,exp-perf10000-005765-50c7dbb7,1777539304402,1777539304436,202,34.065
5766,exp-perf10000-005766-62293fac,1777539304403,1777539304437,202,34.755
5767,exp-perf10000-005767-36d09630,1777539304403,1777539304437,202,33.970
5768,exp-perf10000-005768-915fbe10,1777539304403,1777539304438,202,34.667
5769,exp-perf10000-005769-2dcd5096,1777539304404,1777539304438,202,33.930
5770,exp-perf10000-005770-c69e7e6f,1777539304404,1777539304439,202,34.572
5771,exp-perf10000-005771-9b4f3538,1777539304405,1777539304438,202,33.876
5772,exp-perf10000-005772-3daf3502,1777539304405,1777539304439,202,34.704
5773,exp-perf10000-005773-73b96529,1777539304405,1777539304439,202,33.850
5774,exp-perf10000-005774-cc63d1b2,1777539304405,1777539304440,202,34.588
5775,exp-perf10000-005775-7ba95875,1777539304406,1777539304440,202,33.823
5776,exp-perf10000-005776-82e2a33f,1777539304406,1777539304441,202,34.660
5777,exp-perf10000-005777-d9cc6767,1777539304407,1777539304440,202,33.758
5778,exp-perf10000-005778-1d24ed21,1777539304407,1777539304441,202,34.463
5779,exp-perf10000-005779-8f87b3c7,1777539304407,1777539304441,202,33.775
5780,exp-perf10000-005780-27a44b81,1777539304408,1777539304442,202,34.410
5781,exp-perf10000-005781-f04d205a,1777539304408,1777539304442,202,33.699
5782,exp-perf10000-005782-5384efae,1777539304408,1777539304443,202,34.594
5783,exp-perf10000-005783-92e5bd0b,1777539304409,1777539304442,202,33.664
5784,exp-perf10000-005784-be58518a,1777539304409,1777539304444,202,34.546
5785,exp-perf10000-005785-bbebeb0a,1777539304409,1777539304443,202,33.634
5786,exp-perf10000-005786-2e307e0d,1777539304410,1777539304444,202,34.595
5787,exp-perf10000-005787-4137e11c,1777539304410,1777539304444,202,33.641
5788,exp-perf10000-005788-0286d8b7,1777539304410,1777539304445,202,34.491
5789,exp-perf10000-005789-9f020b08,1777539304411,1777539304444,202,33.436
5790,exp-perf10000-005790-c22925e7,1777539304411,1777539304446,202,34.662
5791,exp-perf10000-005791-7037fa3c,1777539304411,1777539304445,202,33.548
5792,exp-perf10000-005792-55e453bf,1777539304412,1777539304446,202,34.545
5793,exp-perf10000-005793-17672eb1,1777539304412,1777539304445,202,33.485
5794,exp-perf10000-005794-d335cf37,1777539304412,1777539304447,202,34.624
5795,exp-perf10000-005795-0c210460,1777539304413,1777539304446,202,33.448
5796,exp-perf10000-005796-caccaa7e,1777539304413,1777539304448,202,34.510
5797,exp-perf10000-005797-a2482eb7,1777539304413,1777539304447,202,33.438
5798,exp-perf10000-005798-f15eccae,1777539304414,1777539304448,202,34.706
5799,exp-perf10000-005799-57dd83a8,1777539304414,1777539304447,202,33.418
5800,exp-perf10000-005800-4047572e,1777539304414,1777539304449,202,34.444
5801,exp-perf10000-005801-38e5cf9f,1777539304415,1777539304448,202,33.227
5802,exp-perf10000-005802-b7a3b84e,1777539304415,1777539304449,202,34.426
5803,exp-perf10000-005803-7b281410,1777539304415,1777539304449,202,33.362
5804,exp-perf10000-005804-891b94a8,1777539304416,1777539304450,202,34.333
5805,exp-perf10000-005805-1b5856c8,1777539304416,1777539304449,202,33.201
5806,exp-perf10000-005806-ab7dedc6,1777539304417,1777539304450,202,33.323
5807,exp-perf10000-005807-8eddc95d,1777539304417,1777539304451,202,34.378
5808,exp-perf10000-005808-2d2b5336,1777539304417,1777539304452,202,34.496
5809,exp-perf10000-005809-9352c5d2,1777539304417,1777539304451,202,33.408
5810,exp-perf10000-005810-46323ebb,1777539304418,1777539304451,202,33.591
5811,exp-perf10000-005811-b9c37560,1777539304418,1777539304453,202,34.537
5812,exp-perf10000-005812-3627647a,1777539304419,1777539304452,202,33.522
5813,exp-perf10000-005813-e9f0e402,1777539304419,1777539304453,202,34.444
5814,exp-perf10000-005814-84b4a9a1,1777539304419,1777539304453,202,33.772
5815,exp-perf10000-005815-68d2e5cf,1777539304419,1777539304454,202,34.449
5816,exp-perf10000-005816-87335381,1777539304420,1777539304454,202,33.685
5817,exp-perf10000-005817-b6085db8,1777539304420,1777539304455,202,34.549
5818,exp-perf10000-005818-5179bc7e,1777539304421,1777539304454,202,33.601
5819,exp-perf10000-005819-650af529,1777539304421,1777539304455,202,34.547
5820,exp-perf10000-005820-b922880b,1777539304421,1777539304455,202,33.897
5821,exp-perf10000-005821-a4042f0d,1777539304422,1777539304456,202,34.466
5822,exp-perf10000-005822-98d24ed5,1777539304422,1777539304456,202,33.906
5823,exp-perf10000-005823-ccc7b759,1777539304422,1777539304457,202,34.600
5824,exp-perf10000-005824-7dc26fbe,1777539304422,1777539304456,202,34.032
5825,exp-perf10000-005825-72803fa9,1777539304423,1777539304458,202,34.918
5826,exp-perf10000-005826-47731bf6,1777539304423,1777539304457,202,34.279
5827,exp-perf10000-005827-5a68f2f2,1777539304424,1777539304459,202,35.024
5828,exp-perf10000-005828-6a73a6dd,1777539304424,1777539304458,202,34.244
5829,exp-perf10000-005829-25c4a4ca,1777539304425,1777539304459,202,33.841
5830,exp-perf10000-005830-2e1598e0,1777539304425,1777539304459,202,34.196
5831,exp-perf10000-005831-8ed186cb,1777539304426,1777539304459,202,33.753
5832,exp-perf10000-005832-12b681b3,1777539304426,1777539304460,202,34.261
5833,exp-perf10000-005833-c32f21b3,1777539304426,1777539304461,202,34.629
5834,exp-perf10000-005834-d1b16491,1777539304427,1777539304461,202,34.746
5835,exp-perf10000-005835-b9a0fa43,1777539304427,1777539304460,202,33.223
5836,exp-perf10000-005836-96f7475a,1777539304427,1777539304462,202,34.767
5837,exp-perf10000-005837-44d75a23,1777539304427,1777539304461,202,33.455
5838,exp-perf10000-005838-f0a1b7c0,1777539304428,1777539304461,202,33.513
5839,exp-perf10000-005839-cfa86c7d,1777539304428,1777539304463,202,34.918
5840,exp-perf10000-005840-dd0467dd,1777539304429,1777539304464,202,34.973
5841,exp-perf10000-005841-83123609,1777539304429,1777539304462,202,33.492
5842,exp-perf10000-005842-f7967685,1777539304429,1777539304464,202,35.047
5843,exp-perf10000-005843-de6f33bb,1777539304429,1777539304463,202,33.429
5844,exp-perf10000-005844-accd744b,1777539304430,1777539304465,202,35.083
5845,exp-perf10000-005845-1d9683aa,1777539304430,1777539304464,202,33.515
5846,exp-perf10000-005846-0d1bd088,1777539304431,1777539304464,202,33.713
5847,exp-perf10000-005847-6128ec2b,1777539304431,1777539304466,202,35.047
5848,exp-perf10000-005848-3a4cd1c3,1777539304431,1777539304465,202,33.739
5849,exp-perf10000-005849-8af485c0,1777539304431,1777539304467,202,35.164
5850,exp-perf10000-005850-cb029f65,1777539304432,1777539304466,202,33.789
5851,exp-perf10000-005851-47c771f8,1777539304432,1777539304468,202,35.653
5852,exp-perf10000-005852-18f22ed1,1777539304433,1777539304466,202,33.920
5853,exp-perf10000-005853-8aed631e,1777539304433,1777539304468,202,35.575
5854,exp-perf10000-005854-a57b61b3,1777539304433,1777539304468,202,34.355
5855,exp-perf10000-005855-88fdc60b,1777539304433,1777539304469,202,35.806
5856,exp-perf10000-005856-308d9cb8,1777539304434,1777539304468,202,34.376
5857,exp-perf10000-005857-a7ee776f,1777539304434,1777539304470,202,35.713
5858,exp-perf10000-005858-be37d264,1777539304434,1777539304469,202,34.816
5859,exp-perf10000-005859-3121f97b,1777539304435,1777539304471,202,36.039
5860,exp-perf10000-005860-7ca14a12,1777539304435,1777539304470,202,34.834
5861,exp-perf10000-005861-a82dc50d,1777539304435,1777539304472,202,36.194
5862,exp-perf10000-005862-364e9b81,1777539304436,1777539304471,202,35.227
5863,exp-perf10000-005863-300bcb16,1777539304436,1777539304472,202,36.095
5864,exp-perf10000-005864-19266744,1777539304436,1777539304472,202,35.088
5865,exp-perf10000-005865-2044495a,1777539304437,1777539304473,202,36.096
5866,exp-perf10000-005866-6ba6dcd7,1777539304437,1777539304472,202,35.111
5867,exp-perf10000-005867-a3d68fe2,1777539304437,1777539304474,202,36.211
5868,exp-perf10000-005868-894e7403,1777539304438,1777539304473,202,35.029
5869,exp-perf10000-005869-464b12bc,1777539304438,1777539304474,202,36.266
5870,exp-perf10000-005870-7b618f64,1777539304438,1777539304474,202,35.112
5871,exp-perf10000-005871-8ed9eff3,1777539304439,1777539304475,202,36.346
5872,exp-perf10000-005872-d09c3274,1777539304439,1777539304474,202,35.340
5873,exp-perf10000-005873-56df1e1a,1777539304439,1777539304476,202,36.553
5874,exp-perf10000-005874-a7305e44,1777539304440,1777539304475,202,35.419
5875,exp-perf10000-005875-81f6f627,1777539304440,1777539304477,202,36.490
5876,exp-perf10000-005876-41f1da46,1777539304440,1777539304476,202,35.510
5877,exp-perf10000-005877-68437219,1777539304441,1777539304477,202,36.755
5878,exp-perf10000-005878-94477f48,1777539304441,1777539304477,202,35.650
5879,exp-perf10000-005879-65d87502,1777539304441,1777539304478,202,36.695
5880,exp-perf10000-005880-7f3e79b6,1777539304442,1777539304477,202,35.674
5881,exp-perf10000-005881-95d396c9,1777539304442,1777539304479,202,36.784
5882,exp-perf10000-005882-615821be,1777539304442,1777539304478,202,35.624
5883,exp-perf10000-005883-38b9cf04,1777539304443,1777539304480,202,36.773
5884,exp-perf10000-005884-c5c12bae,1777539304443,1777539304479,202,35.729
5885,exp-perf10000-005885-50c848cf,1777539304444,1777539304480,202,36.747
5886,exp-perf10000-005886-f7565e3b,1777539304444,1777539304479,202,35.732
5887,exp-perf10000-005887-7179a2a7,1777539304444,1777539304480,202,35.858
5888,exp-perf10000-005888-a3176315,1777539304444,1777539304481,202,36.747
5889,exp-perf10000-005889-7c2999ee,1777539304445,1777539304481,202,35.929
5890,exp-perf10000-005890-23b25fa6,1777539304445,1777539304482,202,36.752
5891,exp-perf10000-005891-27608a02,1777539304445,1777539304481,202,36.004
5892,exp-perf10000-005892-74b0ea75,1777539304446,1777539304482,202,36.738
5893,exp-perf10000-005893-1f47d8e8,1777539304446,1777539304482,202,36.094
5894,exp-perf10000-005894-3f001d4c,1777539304446,1777539304483,202,36.892
5895,exp-perf10000-005895-7c2a89a7,1777539304447,1777539304483,202,36.165
5896,exp-perf10000-005896-cc6ec3cb,1777539304447,1777539304484,202,36.886
5897,exp-perf10000-005897-8474af56,1777539304447,1777539304484,202,36.259
5898,exp-perf10000-005898-41a28484,1777539304448,1777539304485,202,37.027
5899,exp-perf10000-005899-c7817985,1777539304448,1777539304484,202,36.352
5900,exp-perf10000-005900-386089aa,1777539304448,1777539304486,202,37.268
5901,exp-perf10000-005901-0c095ff2,1777539304449,1777539304485,202,36.595
5902,exp-perf10000-005902-7b7e8c6a,1777539304449,1777539304487,202,37.986
5903,exp-perf10000-005903-54f0574b,1777539304449,1777539304487,202,37.231
5904,exp-perf10000-005904-aab33517,1777539304450,1777539304488,202,38.116
5905,exp-perf10000-005905-397bfcb8,1777539304450,1777539304487,202,37.484
5906,exp-perf10000-005906-5625dc81,1777539304450,1777539304489,202,38.377
5907,exp-perf10000-005907-ad6b7f1d,1777539304451,1777539304488,202,37.269
5908,exp-perf10000-005908-ff65a1c8,1777539304451,1777539304489,202,38.369
5909,exp-perf10000-005909-8e2d3256,1777539304451,1777539304489,202,37.591
5910,exp-perf10000-005910-7cf43960,1777539304452,1777539304490,202,38.363
5911,exp-perf10000-005911-27813958,1777539304452,1777539304490,202,37.503
5912,exp-perf10000-005912-3ecc0ee0,1777539304453,1777539304491,202,38.347
5913,exp-perf10000-005913-d9157dd9,1777539304453,1777539304490,202,37.634
5914,exp-perf10000-005914-7c4f663b,1777539304453,1777539304492,202,38.322
5915,exp-perf10000-005915-7ef851a8,1777539304454,1777539304491,202,37.686
5916,exp-perf10000-005916-3d91c2a8,1777539304454,1777539304492,202,38.381
5917,exp-perf10000-005917-e815389b,1777539304454,1777539304492,202,37.826
5918,exp-perf10000-005918-2b1cb336,1777539304455,1777539304493,202,38.301
5919,exp-perf10000-005919-f60e1b39,1777539304455,1777539304493,202,37.770
5920,exp-perf10000-005920-820fd0ea,1777539304455,1777539304494,202,38.294
5921,exp-perf10000-005921-4a29ea30,1777539304456,1777539304493,202,37.768
5922,exp-perf10000-005922-49ba5d26,1777539304456,1777539304495,202,38.456
5923,exp-perf10000-005923-81802218,1777539304456,1777539304494,202,37.739
5924,exp-perf10000-005924-5c1ea953,1777539304457,1777539304495,202,38.435
5925,exp-perf10000-005925-b63d419d,1777539304457,1777539304495,202,37.759
5926,exp-perf10000-005926-be7c36c2,1777539304458,1777539304496,202,38.338
5927,exp-perf10000-005927-5c4f8971,1777539304458,1777539304496,202,37.733
5928,exp-perf10000-005928-2609e3dc,1777539304459,1777539304497,202,38.110
5929,exp-perf10000-005929-07264a63,1777539304459,1777539304496,202,37.768
5930,exp-perf10000-005930-217a6859,1777539304459,1777539304498,202,38.428
5931,exp-perf10000-005931-a6f3785d,1777539304459,1777539304497,202,37.810
5932,exp-perf10000-005932-3eb8f224,1777539304460,1777539304498,202,37.972
5933,exp-perf10000-005933-283f5732,1777539304460,1777539304498,202,38.345
5934,exp-perf10000-005934-3f75af3a,1777539304461,1777539304499,202,38.496
5935,exp-perf10000-005935-04ebd239,1777539304461,1777539304499,202,38.012
5936,exp-perf10000-005936-9d6d2deb,1777539304461,1777539304500,202,38.292
5937,exp-perf10000-005937-10b185cd,1777539304462,1777539304499,202,37.938
5938,exp-perf10000-005938-d703afad,1777539304462,1777539304501,202,38.377
5939,exp-perf10000-005939-5924143f,1777539304462,1777539304500,202,37.989
5940,exp-perf10000-005940-e45068b3,1777539304463,1777539304501,202,38.187
5941,exp-perf10000-005941-e83d7242,1777539304463,1777539304501,202,38.284
5942,exp-perf10000-005942-7a13b6ec,1777539304464,1777539304502,202,38.231
5943,exp-perf10000-005943-ff824063,1777539304464,1777539304502,202,38.295
5944,exp-perf10000-005944-d4bbf955,1777539304464,1777539304503,202,38.135
5945,exp-perf10000-005945-57d5f1b6,1777539304464,1777539304503,202,38.357
5946,exp-perf10000-005946-5b2748da,1777539304465,1777539304506,202,40.605
5947,exp-perf10000-005947-bb03977e,1777539304465,1777539304506,202,40.519
5948,exp-perf10000-005948-f9c838e8,1777539304466,1777539304507,202,41.305
5949,exp-perf10000-005949-e2ce7a14,1777539304466,1777539304507,202,40.748
5950,exp-perf10000-005950-39fffcba,1777539304467,1777539304508,202,41.594
5951,exp-perf10000-005951-f495a0ff,1777539304467,1777539304508,202,41.110
5952,exp-perf10000-005952-0214eeb9,1777539304468,1777539304510,202,42.802
5953,exp-perf10000-005953-328821f3,1777539304468,1777539304509,202,41.504
5954,exp-perf10000-005954-4fbc65fd,1777539304468,1777539304511,202,43.072
5955,exp-perf10000-005955-b1eb83bf,1777539304468,1777539304511,202,42.393
5956,exp-perf10000-005956-825576c3,1777539304469,1777539304512,202,42.514
5957,exp-perf10000-005957-5e622931,1777539304469,1777539304512,202,42.987
5958,exp-perf10000-005958-4084ce7b,1777539304470,1777539304513,202,42.787
5959,exp-perf10000-005959-4190116f,1777539304470,1777539304513,202,43.217
5960,exp-perf10000-005960-1cf446ce,1777539304471,1777539304514,202,42.710
5961,exp-perf10000-005961-9033ab13,1777539304471,1777539304516,202,44.649
5962,exp-perf10000-005962-fa1a7029,1777539304472,1777539304517,202,45.040
5963,exp-perf10000-005963-09a3e514,1777539304472,1777539304516,202,44.173
5964,exp-perf10000-005964-baf58a7e,1777539304472,1777539304517,202,44.820
5965,exp-perf10000-005965-3af86f95,1777539304472,1777539304518,202,45.864
5966,exp-perf10000-005966-d7cc0abd,1777539304473,1777539304519,202,46.135
5967,exp-perf10000-005967-dd235f1a,1777539304473,1777539304519,202,45.690
5968,exp-perf10000-005968-3bb535e2,1777539304474,1777539304520,202,46.125
5969,exp-perf10000-005969-d674de6f,1777539304474,1777539304520,202,45.857
5970,exp-perf10000-005970-689d4845,1777539304474,1777539304520,202,45.993
5971,exp-perf10000-005971-edf390bc,1777539304474,1777539304520,202,46.012
5972,exp-perf10000-005972-7474fcef,1777539304475,1777539304521,202,46.059
5973,exp-perf10000-005973-4625b009,1777539304475,1777539304521,202,45.791
5974,exp-perf10000-005974-38f9cd76,1777539304476,1777539304522,202,45.796
5975,exp-perf10000-005975-585aeb65,1777539304476,1777539304522,202,45.812
5976,exp-perf10000-005976-b5a2b8c1,1777539304477,1777539304523,202,45.930
5977,exp-perf10000-005977-c0c3e210,1777539304477,1777539304523,202,45.946
5978,exp-perf10000-005978-dea2f5c5,1777539304477,1777539304524,202,46.151
5979,exp-perf10000-005979-4fa8de0f,1777539304478,1777539304523,202,45.913
5980,exp-perf10000-005980-3e3c4e04,1777539304478,1777539304524,202,46.138
5981,exp-perf10000-005981-6092503c,1777539304478,1777539304524,202,45.866
5982,exp-perf10000-005982-3c3cc8fb,1777539304479,1777539304525,202,46.224
5983,exp-perf10000-005983-7b051b39,1777539304479,1777539304525,202,45.816
5984,exp-perf10000-005984-aee9e857,1777539304479,1777539304526,202,46.236
5985,exp-perf10000-005985-9562c2bb,1777539304480,1777539304525,202,45.731
5986,exp-perf10000-005986-fe02d1fb,1777539304480,1777539304527,202,46.457
5987,exp-perf10000-005987-3d6b8cee,1777539304480,1777539304526,202,45.610
5988,exp-perf10000-005988-bfa273dc,1777539304481,1777539304527,202,46.568
5989,exp-perf10000-005989-65fdb932,1777539304481,1777539304527,202,45.824
5990,exp-perf10000-005990-6eda69a0,1777539304481,1777539304528,202,46.724
5991,exp-perf10000-005991-516eb803,1777539304482,1777539304528,202,45.892
5992,exp-perf10000-005992-0c7c0fd1,1777539304482,1777539304529,202,46.977
5993,exp-perf10000-005993-d412c646,1777539304482,1777539304529,202,46.228
5994,exp-perf10000-005994-e7c0dff7,1777539304483,1777539304530,202,47.274
5995,exp-perf10000-005995-dbc0e851,1777539304483,1777539304530,202,46.689
5996,exp-perf10000-005996-62f835c9,1777539304484,1777539304532,202,48.250
5997,exp-perf10000-005997-fdc213b1,1777539304484,1777539304531,202,47.015
5998,exp-perf10000-005998-76a5c686,1777539304484,1777539304533,202,48.936
5999,exp-perf10000-005999-a26b54ee,1777539304485,1777539304532,202,47.486
6000,exp-perf10000-006000-578146f0,1777539304485,1777539304534,202,48.548
6001,exp-perf10000-006001-17f44d30,1777539304486,1777539304533,202,47.544
6002,exp-perf10000-006002-cdef871f,1777539304487,1777539304535,202,48.126
6003,exp-perf10000-006003-6800d401,1777539304487,1777539304534,202,47.082
6004,exp-perf10000-006004-d3fe15a3,1777539304487,1777539304535,202,47.988
6005,exp-perf10000-006005-099efb58,1777539304488,1777539304535,202,47.069
6006,exp-perf10000-006006-35435b01,1777539304488,1777539304536,202,48.183
6007,exp-perf10000-006007-40ec79bb,1777539304489,1777539304535,202,46.796
6008,exp-perf10000-006008-319a0871,1777539304489,1777539304537,202,47.982
6009,exp-perf10000-006009-5c34e748,1777539304489,1777539304536,202,46.609
6010,exp-perf10000-006010-6827ae4d,1777539304490,1777539304538,202,48.042
6011,exp-perf10000-006011-50cb5ac0,1777539304490,1777539304537,202,46.720
6012,exp-perf10000-006012-66e6c7db,1777539304491,1777539304538,202,47.967
6013,exp-perf10000-006013-1df918bb,1777539304491,1777539304538,202,46.630
6014,exp-perf10000-006014-a700a84f,1777539304491,1777539304539,202,48.005
6015,exp-perf10000-006015-9d72befb,1777539304492,1777539304538,202,46.617
6016,exp-perf10000-006016-6a2b0abc,1777539304492,1777539304540,202,47.981
6017,exp-perf10000-006017-90556e54,1777539304492,1777539304539,202,46.676
6018,exp-perf10000-006018-cbff8a13,1777539304493,1777539304541,202,48.188
6019,exp-perf10000-006019-9aecf2db,1777539304493,1777539304540,202,46.658
6020,exp-perf10000-006020-79308893,1777539304494,1777539304542,202,48.460
6021,exp-perf10000-006021-f3521ca4,1777539304494,1777539304541,202,46.728
6022,exp-perf10000-006022-a06e96d1,1777539304494,1777539304543,202,48.570
6023,exp-perf10000-006023-4f596ff6,1777539304495,1777539304541,202,46.804
6024,exp-perf10000-006024-ca0060c3,1777539304495,1777539304544,202,48.927
6025,exp-perf10000-006025-83cf14e7,1777539304495,1777539304542,202,46.872
6026,exp-perf10000-006026-91396315,1777539304496,1777539304545,202,49.309
6027,exp-perf10000-006027-8432833d,1777539304496,1777539304543,202,46.771
6028,exp-perf10000-006028-ea8aa260,1777539304496,1777539304546,202,49.433
6029,exp-perf10000-006029-986ad3ff,1777539304497,1777539304544,202,46.855
6030,exp-perf10000-006030-a69b015f,1777539304497,1777539304547,202,49.598
6031,exp-perf10000-006031-6e01db90,1777539304498,1777539304545,202,46.733
6032,exp-perf10000-006032-2d67c7a5,1777539304498,1777539304548,202,50.021
6033,exp-perf10000-006033-a000a08b,1777539304498,1777539304545,202,46.937
6034,exp-perf10000-006034-7267e8d0,1777539304499,1777539304549,202,50.005
6035,exp-perf10000-006035-ff3249e7,1777539304499,1777539304546,202,47.154
6036,exp-perf10000-006036-554646f6,1777539304499,1777539304550,202,50.183
6037,exp-perf10000-006037-32a46882,1777539304500,1777539304547,202,47.327
6038,exp-perf10000-006038-0ff832b0,1777539304500,1777539304550,202,50.111
6039,exp-perf10000-006039-e84a27c1,1777539304501,1777539304548,202,47.383
6040,exp-perf10000-006040-4b656384,1777539304501,1777539304551,202,50.267
6041,exp-perf10000-006041-98137425,1777539304501,1777539304549,202,47.336
6042,exp-perf10000-006042-d0a53c5d,1777539304502,1777539304552,202,50.184
6043,exp-perf10000-006043-0709e896,1777539304502,1777539304549,202,47.374
6044,exp-perf10000-006044-0c81d0d4,1777539304503,1777539304553,202,50.194
6045,exp-perf10000-006045-e02ca6a2,1777539304503,1777539304550,202,47.189
6046,exp-perf10000-006046-0db74ca3,1777539304506,1777539304554,202,47.887
6047,exp-perf10000-006047-6a772178,1777539304506,1777539304551,202,44.820
6048,exp-perf10000-006048-caf2b47a,1777539304507,1777539304551,202,44.788
6049,exp-perf10000-006049-20013453,1777539304507,1777539304554,202,47.389
6050,exp-perf10000-006050-b5aa36ee,1777539304508,1777539304552,202,44.425
6051,exp-perf10000-006051-1a117157,1777539304508,1777539304555,202,46.989
6052,exp-perf10000-006052-975c8ed7,1777539304509,1777539304553,202,43.559
6053,exp-perf10000-006053-11aec6a3,1777539304510,1777539304556,202,45.539
6054,exp-perf10000-006054-b47b0f72,1777539304511,1777539304554,202,42.784
6055,exp-perf10000-006055-7379d3fa,1777539304511,1777539304557,202,45.137
6056,exp-perf10000-006056-4bf8480f,1777539304512,1777539304554,202,42.498
6057,exp-perf10000-006057-164852f3,1777539304512,1777539304557,202,44.781
6058,exp-perf10000-006058-7de5005d,1777539304513,1777539304555,202,42.457
6059,exp-perf10000-006059-571b4dc9,1777539304513,1777539304558,202,44.932
6060,exp-perf10000-006060-f38e211b,1777539304514,1777539304556,202,42.247
6061,exp-perf10000-006061-47f1f9a4,1777539304516,1777539304559,202,43.075
6062,exp-perf10000-006062-855292ab,1777539304516,1777539304557,202,40.680
6063,exp-perf10000-006063-f25ab095,1777539304517,1777539304560,202,42.836
6064,exp-perf10000-006064-2d6a6f06,1777539304517,1777539304557,202,40.218
6065,exp-perf10000-006065-1fdce3ef,1777539304518,1777539304560,202,42.047
6066,exp-perf10000-006066-77808947,1777539304519,1777539304558,202,39.562
6067,exp-perf10000-006067-ff7d6a46,1777539304519,1777539304561,202,42.006
6068,exp-perf10000-006068-4adaa789,1777539304520,1777539304559,202,39.311
6069,exp-perf10000-006069-59cfc5a9,1777539304520,1777539304562,202,41.825
6070,exp-perf10000-006070-292c4929,1777539304520,1777539304560,202,39.271
6071,exp-perf10000-006071-f8a0eafc,1777539304520,1777539304562,202,41.874
6072,exp-perf10000-006072-dc4e52b6,1777539304521,1777539304563,202,42.079
6073,exp-perf10000-006073-68cd993b,1777539304521,1777539304560,202,39.096
6074,exp-perf10000-006074-3666ebf1,1777539304522,1777539304564,202,42.028
6075,exp-perf10000-006075-4405c3af,1777539304522,1777539304561,202,39.305
6076,exp-perf10000-006076-b18e58ca,1777539304523,1777539304562,202,39.263
6077,exp-perf10000-006077-2bf375c2,1777539304523,1777539304565,202,41.870
6078,exp-perf10000-006078-b11e2e8d,1777539304523,1777539304563,202,39.058
6079,exp-perf10000-006079-7290d67d,1777539304524,1777539304565,202,41.642
6080,exp-perf10000-006080-184f6487,1777539304524,1777539304563,202,39.139
6081,exp-perf10000-006081-db95c006,1777539304524,1777539304566,202,41.930
6082,exp-perf10000-006082-557878e5,1777539304525,1777539304564,202,39.084
6083,exp-perf10000-006083-f85fa63b,1777539304525,1777539304567,202,41.844
6084,exp-perf10000-006084-b5e57201,1777539304525,1777539304564,202,39.055
6085,exp-perf10000-006085-0dbf9937,1777539304526,1777539304568,202,42.095
6086,exp-perf10000-006086-4ffb9454,1777539304526,1777539304565,202,39.208
6087,exp-perf10000-006087-9d469214,1777539304527,1777539304569,202,42.071
6088,exp-perf10000-006088-9e24228c,1777539304527,1777539304566,202,38.925
6089,exp-perf10000-006089-94df4750,1777539304527,1777539304569,202,41.866
6090,exp-perf10000-006090-0bfe7b9d,1777539304528,1777539304567,202,38.939
6091,exp-perf10000-006091-74f5cfa6,1777539304528,1777539304570,202,41.843
6092,exp-perf10000-006092-98bc4ede,1777539304529,1777539304567,202,38.832
6093,exp-perf10000-006093-1fbcece2,1777539304529,1777539304571,202,41.879
6094,exp-perf10000-006094-18dd707f,1777539304530,1777539304568,202,38.374
6095,exp-perf10000-006095-a0c109f1,1777539304530,1777539304572,202,41.813
6096,exp-perf10000-006096-e11aeabc,1777539304531,1777539304569,202,38.088
6097,exp-perf10000-006097-98b13b5f,1777539304532,1777539304573,202,40.948
6098,exp-perf10000-006098-a3ba6de8,1777539304532,1777539304570,202,37.458
6099,exp-perf10000-006099-c85ef812,1777539304533,1777539304574,202,40.350
6100,exp-perf10000-006100-8765384e,1777539304533,1777539304571,202,37.190
6101,exp-perf10000-006101-a1c04795,1777539304534,1777539304574,202,40.367
6102,exp-perf10000-006102-6c3900f2,1777539304534,1777539304572,202,37.457
6103,exp-perf10000-006103-5c7809c3,1777539304535,1777539304575,202,40.188
6104,exp-perf10000-006104-973148d5,1777539304535,1777539304572,202,37.697
6105,exp-perf10000-006105-fee3c829,1777539304535,1777539304577,202,41.366
6106,exp-perf10000-006106-67a4ca70,1777539304536,1777539304573,202,37.773
6107,exp-perf10000-006107-9fa9d243,1777539304536,1777539304574,202,37.904
6108,exp-perf10000-006108-e26d0ed7,1777539304536,1777539304577,202,40.632
6109,exp-perf10000-006109-c977b387,1777539304537,1777539304575,202,37.632
6110,exp-perf10000-006110-9c5e6558,1777539304537,1777539304577,202,39.836
6111,exp-perf10000-006111-40ebd011,1777539304538,1777539304575,202,37.625
6112,exp-perf10000-006112-88d44e53,1777539304538,1777539304577,202,39.645
6113,exp-perf10000-006113-03d3c249,1777539304538,1777539304577,202,38.573
6114,exp-perf10000-006114-de510e63,1777539304539,1777539304578,202,39.677
6115,exp-perf10000-006115-8f010a4f,1777539304539,1777539304578,202,38.619
6116,exp-perf10000-006116-15d7bff2,1777539304539,1777539304579,202,39.440
6117,exp-perf10000-006117-aaa0938d,1777539304540,1777539304578,202,38.551
6118,exp-perf10000-006118-057f7665,1777539304540,1777539304579,202,39.356
6119,exp-perf10000-006119-f499f600,1777539304541,1777539304579,202,38.278
6120,exp-perf10000-006120-0a84b8ea,1777539304541,1777539304580,202,39.136
6121,exp-perf10000-006121-186c4a40,1777539304541,1777539304579,202,38.079
6122,exp-perf10000-006122-4c8e5b82,1777539304542,1777539304581,202,38.636
6123,exp-perf10000-006123-86d4aa43,1777539304542,1777539304580,202,38.038
6124,exp-perf10000-006124-fc4e6940,1777539304543,1777539304581,202,38.677
6125,exp-perf10000-006125-4fbd10ac,1777539304543,1777539304581,202,37.863
6126,exp-perf10000-006126-53ce4694,1777539304544,1777539304581,202,37.784
6127,exp-perf10000-006127-2c5c9ce9,1777539304544,1777539304582,202,38.393
6128,exp-perf10000-006128-bdbc1e59,1777539304545,1777539304582,202,37.423
6129,exp-perf10000-006129-36f9af40,1777539304545,1777539304583,202,37.634
6130,exp-perf10000-006130-708a1eaa,1777539304545,1777539304583,202,37.382
6131,exp-perf10000-006131-b573cd08,1777539304546,1777539304585,202,38.610
6132,exp-perf10000-006132-96cc8c69,1777539304546,1777539304585,202,39.042
6133,exp-perf10000-006133-a81345e7,1777539304547,1777539304584,202,37.387
6134,exp-perf10000-006134-65bfe30d,1777539304547,1777539304585,202,38.181
6135,exp-perf10000-006135-49c243df,1777539304548,1777539304585,202,37.297
6136,exp-perf10000-006136-eea09369,1777539304548,1777539304585,202,36.636
6137,exp-perf10000-006137-47aabf80,1777539304549,1777539304586,202,36.837
6138,exp-perf10000-006138-a8c86612,1777539304549,1777539304586,202,36.652
6139,exp-perf10000-006139-8685fa79,1777539304550,1777539304586,202,36.438
6140,exp-perf10000-006140-4d02a533,1777539304550,1777539304586,202,36.096
6141,exp-perf10000-006141-84908d2d,1777539304550,1777539304586,202,36.296
6142,exp-perf10000-006142-88de8875,1777539304550,1777539304586,202,35.957
6143,exp-perf10000-006143-b1320ab1,1777539304551,1777539304587,202,36.204
6144,exp-perf10000-006144-34e77a75,1777539304551,1777539304587,202,35.629
6145,exp-perf10000-006145-649c668e,1777539304552,1777539304588,202,36.093
6146,exp-perf10000-006146-97c61e29,1777539304552,1777539304588,202,35.404
6147,exp-perf10000-006147-83ab116f,1777539304552,1777539304588,202,35.910
6148,exp-perf10000-006148-bdb1db88,1777539304553,1777539304588,202,35.428
6149,exp-perf10000-006149-4da3d65f,1777539304553,1777539304589,202,35.868
6150,exp-perf10000-006150-44e0085c,1777539304554,1777539304590,202,35.832
6151,exp-perf10000-006151-e27c5058,1777539304554,1777539304589,202,35.162
6152,exp-perf10000-006152-7732e461,1777539304554,1777539304590,202,35.738
6153,exp-perf10000-006153-a83fa5b0,1777539304555,1777539304590,202,35.007
6154,exp-perf10000-006154-11e3e1d8,1777539304555,1777539304590,202,35.066
6155,exp-perf10000-006155-2c595503,1777539304555,1777539304591,202,35.714
6156,exp-perf10000-006156-19d0f041,1777539304556,1777539304592,202,35.702
6157,exp-perf10000-006157-4dcfae9e,1777539304556,1777539304591,202,34.853
6158,exp-perf10000-006158-72f2f7ad,1777539304557,1777539304591,202,34.945
6159,exp-perf10000-006159-e0da7efc,1777539304557,1777539304592,202,35.584
6160,exp-perf10000-006160-159178c9,1777539304557,1777539304592,202,34.832
6161,exp-perf10000-006161-20b2b4e3,1777539304557,1777539304593,202,35.482
6162,exp-perf10000-006162-e388a04c,1777539304558,1777539304593,202,34.451
6163,exp-perf10000-006163-bfd9b19e,1777539304558,1777539304594,202,35.193
6164,exp-perf10000-006164-e583b4b0,1777539304559,1777539304593,202,34.564
6165,exp-perf10000-006165-0c600de3,1777539304559,1777539304594,202,35.171
6166,exp-perf10000-006166-c0a006c3,1777539304560,1777539304594,202,34.350
6167,exp-perf10000-006167-15c00de1,1777539304560,1777539304595,202,35.070
6168,exp-perf10000-006168-3051b7d2,1777539304560,1777539304595,202,34.323
6169,exp-perf10000-006169-36e7edd6,1777539304560,1777539304595,202,34.914
6170,exp-perf10000-006170-becfbc6d,1777539304561,1777539304595,202,34.089
6171,exp-perf10000-006171-90b5e994,1777539304561,1777539304596,202,34.749
6172,exp-perf10000-006172-2d01efbc,1777539304562,1777539304596,202,34.086
6173,exp-perf10000-006173-0496f1af,1777539304562,1777539304597,202,34.754
6174,exp-perf10000-006174-11f8ed70,1777539304562,1777539304596,202,33.923
6175,exp-perf10000-006175-2a2e1256,1777539304563,1777539304597,202,34.621
6176,exp-perf10000-006176-e7dbd62c,1777539304563,1777539304598,202,34.680
6177,exp-perf10000-006177-68f499fd,1777539304563,1777539304597,202,33.725
6178,exp-perf10000-006178-08196cf0,1777539304564,1777539304598,202,34.694
6179,exp-perf10000-006179-a65ff34d,1777539304564,1777539304598,202,33.771
6180,exp-perf10000-006180-bb05e142,1777539304564,1777539304599,202,34.681
6181,exp-perf10000-006181-cfabc78d,1777539304565,1777539304598,202,33.638
6182,exp-perf10000-006182-76c9f2dc,1777539304565,1777539304600,202,34.544
6183,exp-perf10000-006183-1303f807,1777539304565,1777539304599,202,33.574
6184,exp-perf10000-006184-5d134f51,1777539304566,1777539304600,202,34.596
6185,exp-perf10000-006185-a6eacfef,1777539304566,1777539304599,202,33.280
6186,exp-perf10000-006186-1b1e7327,1777539304567,1777539304601,202,34.417
6187,exp-perf10000-006187-8ca7d5c9,1777539304567,1777539304600,202,33.371
6188,exp-perf10000-006188-22c6d07a,1777539304568,1777539304602,202,34.150
6189,exp-perf10000-006189-8b8d37e0,1777539304568,1777539304601,202,33.128
6190,exp-perf10000-006190-7b108214,1777539304568,1777539304602,202,34.034
6191,exp-perf10000-006191-0e92d55d,1777539304569,1777539304601,202,32.822
6192,exp-perf10000-006192-1ac9fa4e,1777539304569,1777539304603,202,33.895
6193,exp-perf10000-006193-c30f47b1,1777539304569,1777539304602,202,32.838
6194,exp-perf10000-006194-1ca28803,1777539304570,1777539304604,202,33.906
6195,exp-perf10000-006195-e2fb2d6f,1777539304570,1777539304603,202,32.795
6196,exp-perf10000-006196-ff2c614d,1777539304571,1777539304604,202,33.478
6197,exp-perf10000-006197-0d6cb356,1777539304571,1777539304603,202,32.402
6198,exp-perf10000-006198-0d33c078,1777539304572,1777539304605,202,33.333
6199,exp-perf10000-006199-93b0dec7,1777539304572,1777539304604,202,32.187
6200,exp-perf10000-006200-a9fb09b3,1777539304573,1777539304605,202,32.968
6201,exp-perf10000-006201-42aeeed4,1777539304573,1777539304605,202,32.086
6202,exp-perf10000-006202-82074b45,1777539304573,1777539304606,202,32.694
6203,exp-perf10000-006203-d3eb87ee,1777539304574,1777539304606,202,31.911
6204,exp-perf10000-006204-5189f1cb,1777539304574,1777539304607,202,32.595
6205,exp-perf10000-006205-1e6c8b9f,1777539304574,1777539304606,202,31.959
6206,exp-perf10000-006206-2bc71b11,1777539304575,1777539304607,202,32.607
6207,exp-perf10000-006207-57396bb4,1777539304575,1777539304607,202,32.033
6208,exp-perf10000-006208-50c5446e,1777539304575,1777539304608,202,32.611
6209,exp-perf10000-006209-6976119f,1777539304577,1777539304609,202,31.729
6210,exp-perf10000-006210-bc43b441,1777539304577,1777539304608,202,30.747
6211,exp-perf10000-006211-36eb8079,1777539304577,1777539304608,202,31.414
6212,exp-perf10000-006212-bca7972b,1777539304577,1777539304609,202,31.891
6213,exp-perf10000-006213-123222c7,1777539304578,1777539304610,202,32.145
6214,exp-perf10000-006214-cf7e60bf,1777539304578,1777539304609,202,31.502
6215,exp-perf10000-006215-e9b83f05,1777539304578,1777539304610,202,32.085
6216,exp-perf10000-006216-ae813267,1777539304578,1777539304610,202,31.518
6217,exp-perf10000-006217-b4187214,1777539304579,1777539304611,202,32.117
6218,exp-perf10000-006218-bc986a80,1777539304579,1777539304611,202,31.659
6219,exp-perf10000-006219-4fe94e60,1777539304579,1777539304612,202,32.162
6220,exp-perf10000-006220-10351ba2,1777539304580,1777539304611,202,31.603
6221,exp-perf10000-006221-0710e156,1777539304580,1777539304612,202,32.143
6222,exp-perf10000-006222-467d94c5,1777539304580,1777539304612,202,31.489
6223,exp-perf10000-006223-c425a377,1777539304581,1777539304613,202,32.181
6224,exp-perf10000-006224-a3e0b08c,1777539304581,1777539304612,202,31.662
6225,exp-perf10000-006225-e2f9fc93,1777539304581,1777539304613,202,32.007
6226,exp-perf10000-006226-5322a645,1777539304582,1777539304613,202,31.583
6227,exp-perf10000-006227-8c74077f,1777539304582,1777539304614,202,31.776
6228,exp-perf10000-006228-48dbfb06,1777539304582,1777539304614,202,31.745
6229,exp-perf10000-006229-dfae8e46,1777539304583,1777539304615,202,32.048
6230,exp-perf10000-006230-e5261abf,1777539304583,1777539304614,202,31.621
6231,exp-perf10000-006231-6f448663,1777539304584,1777539304615,202,31.045
6232,exp-perf10000-006232-9495a7de,1777539304585,1777539304616,202,31.449
6233,exp-perf10000-006233-b65b98b2,1777539304585,1777539304617,202,31.889
6234,exp-perf10000-006234-006c07c3,1777539304585,1777539304615,202,29.702
6235,exp-perf10000-006235-0cd39050,1777539304585,1777539304616,202,30.308
6236,exp-perf10000-006236-1f8d67f0,1777539304585,1777539304616,202,30.913
6237,exp-perf10000-006237-65676211,1777539304586,1777539304617,202,31.418
6238,exp-perf10000-006238-89b81233,1777539304586,1777539304617,202,31.716
6239,exp-perf10000-006239-23b46589,1777539304586,1777539304618,202,32.122
6240,exp-perf10000-006240-8856a8dc,1777539304586,1777539304618,202,31.741
6241,exp-perf10000-006241-e8ceaf4e,1777539304586,1777539304618,202,31.931
6242,exp-perf10000-006242-ee7cf756,1777539304586,1777539304619,202,32.322
6243,exp-perf10000-006243-a5c841b4,1777539304587,1777539304619,202,32.343
6244,exp-perf10000-006244-e9de2b8a,1777539304587,1777539304619,202,31.915
6245,exp-perf10000-006245-c37d470b,1777539304588,1777539304620,202,32.436
6246,exp-perf10000-006246-401ab8b5,1777539304588,1777539304620,202,32.120
6247,exp-perf10000-006247-b1f8de6f,1777539304588,1777539304620,202,32.130
6248,exp-perf10000-006248-a7854df1,1777539304588,1777539304621,202,32.381
6249,exp-perf10000-006249-6cdb9672,1777539304589,1777539304621,202,32.088
6250,exp-perf10000-006250-5cea4b4f,1777539304589,1777539304621,202,32.415
6251,exp-perf10000-006251-b7c4d85e,1777539304590,1777539304622,202,32.284
6252,exp-perf10000-006252-ef8ad51d,1777539304590,1777539304622,202,32.659
6253,exp-perf10000-006253-53f2b121,1777539304590,1777539304623,202,32.362
6254,exp-perf10000-006254-4fefc884,1777539304590,1777539304623,202,32.471
6255,exp-perf10000-006255-3d554ca8,1777539304591,1777539304624,202,32.667
6256,exp-perf10000-006256-e5eb435d,1777539304591,1777539304623,202,32.342
6257,exp-perf10000-006257-08f2417d,1777539304592,1777539304624,202,32.467
6258,exp-perf10000-006258-b79a7ef4,1777539304592,1777539304624,202,32.560
6259,exp-perf10000-006259-f06fafff,1777539304592,1777539304625,202,32.701
6260,exp-perf10000-006260-b9453e9c,1777539304592,1777539304625,202,32.604
6261,exp-perf10000-006261-7f56edaf,1777539304593,1777539304625,202,32.759
6262,exp-perf10000-006262-08458172,1777539304593,1777539304625,202,32.409
6263,exp-perf10000-006263-c21d44b3,1777539304593,1777539304626,202,32.949
6264,exp-perf10000-006264-49c40249,1777539304594,1777539304626,202,32.532
6265,exp-perf10000-006265-fc92b390,1777539304594,1777539304627,202,33.030
6266,exp-perf10000-006266-ba9f4b5f,1777539304594,1777539304627,202,32.960
6267,exp-perf10000-006267-d16e453a,1777539304595,1777539304628,202,33.428
6268,exp-perf10000-006268-bde772f4,1777539304595,1777539304628,202,32.715
6269,exp-perf10000-006269-e0e7438c,1777539304595,1777539304629,202,33.502
6270,exp-perf10000-006270-9d58bad5,1777539304595,1777539304628,202,32.840
6271,exp-perf10000-006271-1f09f446,1777539304596,1777539304629,202,33.598
6272,exp-perf10000-006272-bc8a30c5,1777539304596,1777539304629,202,32.859
6273,exp-perf10000-006273-f0193f40,1777539304596,1777539304630,202,33.573
6274,exp-perf10000-006274-539f8059,1777539304597,1777539304630,202,32.927
6275,exp-perf10000-006275-531bfa1f,1777539304597,1777539304631,202,33.601
6276,exp-perf10000-006276-399cf2f3,1777539304597,1777539304630,202,32.926
6277,exp-perf10000-006277-c5070ece,1777539304598,1777539304631,202,33.749
6278,exp-perf10000-006278-ef3466ba,1777539304598,1777539304631,202,32.946
6279,exp-perf10000-006279-8a7696d8,1777539304598,1777539304632,202,33.665
6280,exp-perf10000-006280-6828dcd5,1777539304599,1777539304632,202,32.989
6281,exp-perf10000-006281-fcbaae78,1777539304599,1777539304633,202,33.688
6282,exp-perf10000-006282-554f97b2,1777539304599,1777539304632,202,33.011
6283,exp-perf10000-006283-c376a76b,1777539304599,1777539304633,202,33.781
6284,exp-perf10000-006284-85b1df08,1777539304600,1777539304633,202,33.033
6285,exp-perf10000-006285-a51a7752,1777539304600,1777539304634,202,33.587
6286,exp-perf10000-006286-e995e734,1777539304600,1777539304633,202,32.953
6287,exp-perf10000-006287-5fadbb33,1777539304601,1777539304635,202,33.761
6288,exp-perf10000-006288-43c83206,1777539304601,1777539304634,202,33.028
6289,exp-perf10000-006289-6cf75a40,1777539304602,1777539304635,202,33.795
6290,exp-perf10000-006290-450678be,1777539304602,1777539304635,202,33.085
6291,exp-perf10000-006291-0ce5d720,1777539304602,1777539304636,202,33.750
6292,exp-perf10000-006292-2bacf7d8,1777539304602,1777539304635,202,33.105
6293,exp-perf10000-006293-fa70eeff,1777539304603,1777539304636,202,33.113
6294,exp-perf10000-006294-b5c53469,1777539304603,1777539304637,202,33.666
6295,exp-perf10000-006295-82832aee,1777539304604,1777539304637,202,33.862
6296,exp-perf10000-006296-6cd2a016,1777539304604,1777539304637,202,33.082
6297,exp-perf10000-006297-75b64a95,1777539304604,1777539304637,202,33.335
6298,exp-perf10000-006298-77ac83fa,1777539304604,1777539304638,202,33.964
6299,exp-perf10000-006299-2491a6eb,1777539304605,1777539304638,202,33.305
6300,exp-perf10000-006300-8eb1ed4f,1777539304605,1777539304639,202,33.914
6301,exp-perf10000-006301-0a21e5ac,1777539304605,1777539304639,202,33.296
6302,exp-perf10000-006302-34538305,1777539304606,1777539304639,202,33.857
6303,exp-perf10000-006303-e16e490f,1777539304606,1777539304639,202,33.272
6304,exp-perf10000-006304-8d9787ac,1777539304606,1777539304640,202,33.651
6305,exp-perf10000-006305-abbe9e92,1777539304607,1777539304640,202,33.381
6306,exp-perf10000-006306-cc6b18b3,1777539304607,1777539304641,202,33.652
6307,exp-perf10000-006307-fb8105b1,1777539304607,1777539304641,202,33.373
6308,exp-perf10000-006308-da15ea39,1777539304608,1777539304641,202,33.645
6309,exp-perf10000-006309-df24d4ef,1777539304608,1777539304641,202,33.276
6310,exp-perf10000-006310-0457f947,1777539304608,1777539304642,202,33.416
6311,exp-perf10000-006311-52c0c259,1777539304609,1777539304642,202,33.365
6312,exp-perf10000-006312-d6bf528f,1777539304609,1777539304643,202,33.631
6313,exp-perf10000-006313-8f793ccd,1777539304609,1777539304643,202,33.575
6314,exp-perf10000-006314-dda22f4b,1777539304610,1777539304643,202,33.659
6315,exp-perf10000-006315-27caab83,1777539304610,1777539304643,202,33.395
6316,exp-perf10000-006316-4c3fdcb4,1777539304610,1777539304644,202,33.480
6317,exp-perf10000-006317-007d0601,1777539304611,1777539304644,202,33.333
6318,exp-perf10000-006318-7f21ce0e,1777539304611,1777539304644,202,33.484
6319,exp-perf10000-006319-294b91b7,1777539304611,1777539304645,202,33.352
6320,exp-perf10000-006320-25f1b702,1777539304612,1777539304645,202,33.580
6321,exp-perf10000-006321-84b2779b,1777539304612,1777539304645,202,33.363
6322,exp-perf10000-006322-c53b8134,1777539304612,1777539304646,202,33.502
6323,exp-perf10000-006323-63893914,1777539304612,1777539304646,202,33.432
6324,exp-perf10000-006324-1f52156a,1777539304613,1777539304647,202,33.747
6325,exp-perf10000-006325-70167dbb,1777539304613,1777539304646,202,33.291
6326,exp-perf10000-006326-28b91902,1777539304614,1777539304647,202,33.828
6327,exp-perf10000-006327-c39d045b,1777539304614,1777539304647,202,33.290
6328,exp-perf10000-006328-40d57c4e,1777539304614,1777539304648,202,33.816
6329,exp-perf10000-006329-ec50c3ce,1777539304614,1777539304648,202,33.289
6330,exp-perf10000-006330-7a952659,1777539304615,1777539304649,202,33.877
6331,exp-perf10000-006331-82ae3eb0,1777539304615,1777539304648,202,33.303
6332,exp-perf10000-006332-c19aa5a0,1777539304615,1777539304650,202,34.103
6333,exp-perf10000-006333-4926936e,1777539304616,1777539304649,202,33.459
6334,exp-perf10000-006334-641357df,1777539304616,1777539304650,202,34.053
6335,exp-perf10000-006335-794f1edd,1777539304616,1777539304650,202,33.393
6336,exp-perf10000-006336-289ffb52,1777539304617,1777539304651,202,34.068
6337,exp-perf10000-006337-211eedf6,1777539304617,1777539304650,202,33.402
6338,exp-perf10000-006338-efae7e1a,1777539304617,1777539304651,202,34.097
6339,exp-perf10000-006339-1f6eb2e8,1777539304618,1777539304651,202,33.315
6340,exp-perf10000-006340-e71405e3,1777539304618,1777539304652,202,34.132
6341,exp-perf10000-006341-c29f505d,1777539304618,1777539304652,202,33.265
6342,exp-perf10000-006342-e20db2c3,1777539304619,1777539304653,202,33.971
6343,exp-perf10000-006343-4bc40bd9,1777539304619,1777539304652,202,33.375
6344,exp-perf10000-006344-1a1a956a,1777539304619,1777539304653,202,34.025
6345,exp-perf10000-006345-ca24ca5f,1777539304620,1777539304653,202,33.226
6346,exp-perf10000-006346-d437a0d9,1777539304620,1777539304654,202,33.994
6347,exp-perf10000-006347-4665afc1,1777539304620,1777539304654,202,33.203
6348,exp-perf10000-006348-301e1d81,1777539304621,1777539304655,202,33.931
6349,exp-perf10000-006349-48036184,1777539304621,1777539304654,202,33.291
6350,exp-perf10000-006350-2fe16506,1777539304622,1777539304655,202,33.802
6351,exp-perf10000-006351-493900d0,1777539304622,1777539304655,202,33.018
6352,exp-perf10000-006352-73eb4b71,1777539304622,1777539304656,202,33.903
6353,exp-perf10000-006353-ef6b7395,1777539304623,1777539304656,202,33.195
6354,exp-perf10000-006354-21aade9b,1777539304623,1777539304657,202,34.225
6355,exp-perf10000-006355-faf982de,1777539304623,1777539304656,202,32.978
6356,exp-perf10000-006356-5e2d08e6,1777539304624,1777539304658,202,34.068
6357,exp-perf10000-006357-643fa147,1777539304624,1777539304658,202,34.331
6358,exp-perf10000-006358-8b3d3222,1777539304624,1777539304657,202,32.681
6359,exp-perf10000-006359-89a66b1c,1777539304625,1777539304659,202,34.199
6360,exp-perf10000-006360-cf7b1fb9,1777539304625,1777539304658,202,32.562
6361,exp-perf10000-006361-1441c7f0,1777539304625,1777539304658,202,32.869
6362,exp-perf10000-006362-81b09d9c,1777539304626,1777539304660,202,34.182
6363,exp-perf10000-006363-97c865b7,1777539304626,1777539304659,202,32.735
6364,exp-perf10000-006364-769c0c6f,1777539304626,1777539304660,202,33.946
6365,exp-perf10000-006365-22407951,1777539304627,1777539304661,202,34.076
6366,exp-perf10000-006366-c0e9d54c,1777539304627,1777539304660,202,32.389
6367,exp-perf10000-006367-c11ad3f0,1777539304628,1777539304660,202,32.662
6368,exp-perf10000-006368-21046434,1777539304628,1777539304662,202,33.675
6369,exp-perf10000-006369-50116857,1777539304628,1777539304661,202,32.633
6370,exp-perf10000-006370-e7eb56e7,1777539304629,1777539304662,202,33.618
6371,exp-perf10000-006371-aacb9909,1777539304629,1777539304662,202,32.673
6372,exp-perf10000-006372-5a00e25a,1777539304629,1777539304663,202,33.532
6373,exp-perf10000-006373-ee40aa15,1777539304630,1777539304662,202,32.602
6374,exp-perf10000-006374-44d75306,1777539304630,1777539304664,202,33.731
6375,exp-perf10000-006375-52c091cc,1777539304630,1777539304663,202,32.959
6376,exp-perf10000-006376-69bb3593,1777539304631,1777539304664,202,33.721
6377,exp-perf10000-006377-eaf6eece,1777539304631,1777539304664,202,32.732
6378,exp-perf10000-006378-0d250f7d,1777539304631,1777539304665,202,33.549
6379,exp-perf10000-006379-d28fb13e,1777539304632,1777539304664,202,32.796
6380,exp-perf10000-006380-eafd7bfe,1777539304632,1777539304666,202,33.655
6381,exp-perf10000-006381-0386232f,1777539304632,1777539304665,202,32.576
6382,exp-perf10000-006382-0079bef0,1777539304633,1777539304666,202,33.563
6383,exp-perf10000-006383-11b831d5,1777539304633,1777539304666,202,32.730
6384,exp-perf10000-006384-b302bbd9,1777539304633,1777539304667,202,33.805
6385,exp-perf10000-006385-b145f488,1777539304633,1777539304666,202,32.772
6386,exp-perf10000-006386-05d91efb,1777539304634,1777539304667,202,33.621
6387,exp-perf10000-006387-c36a909b,1777539304634,1777539304667,202,32.751
6388,exp-perf10000-006388-81986385,1777539304635,1777539304668,202,33.713
6389,exp-perf10000-006389-dfb0dd6a,1777539304635,1777539304668,202,32.875
6390,exp-perf10000-006390-cf9ba866,1777539304635,1777539304669,202,33.603
6391,exp-perf10000-006391-f9ac0d53,1777539304635,1777539304668,202,32.763
6392,exp-perf10000-006392-dfc97a36,1777539304636,1777539304670,202,33.784
6393,exp-perf10000-006393-daa13e68,1777539304636,1777539304670,202,33.964
6394,exp-perf10000-006394-ba622f7f,1777539304637,1777539304671,202,33.818
6395,exp-perf10000-006395-33328baa,1777539304637,1777539304671,202,34.375
6396,exp-perf10000-006396-6d9a7e63,1777539304637,1777539304671,202,33.684
6397,exp-perf10000-006397-cad884c1,1777539304637,1777539304672,202,34.211
6398,exp-perf10000-006398-d39a2233,1777539304638,1777539304672,202,34.004
6399,exp-perf10000-006399-3c7c2b34,1777539304638,1777539304672,202,33.581
6400,exp-perf10000-006400-a1b823f4,1777539304639,1777539304673,202,34.237
6401,exp-perf10000-006401-aeee74c1,1777539304639,1777539304672,202,33.406
6402,exp-perf10000-006402-81452274,1777539304639,1777539304674,202,34.322
6403,exp-perf10000-006403-1c036eae,1777539304640,1777539304673,202,33.428
6404,exp-perf10000-006404-52327dba,1777539304640,1777539304674,202,33.661
6405,exp-perf10000-006405-e5656016,1777539304640,1777539304674,202,34.190
6406,exp-perf10000-006406-aa32541c,1777539304641,1777539304674,202,33.623
6407,exp-perf10000-006407-66da3a2c,1777539304641,1777539304675,202,34.265
6408,exp-perf10000-006408-10c0440d,1777539304641,1777539304676,202,34.470
6409,exp-perf10000-006409-bd3069f9,1777539304641,1777539304675,202,33.743
6410,exp-perf10000-006410-71c41a73,1777539304642,1777539304676,202,33.638
6411,exp-perf10000-006411-72d6caef,1777539304642,1777539304676,202,34.320
6412,exp-perf10000-006412-81d118fa,1777539304643,1777539304676,202,33.592
6413,exp-perf10000-006413-9bafdafa,1777539304643,1777539304677,202,34.030
6414,exp-perf10000-006414-df032949,1777539304643,1777539304678,202,34.400
6415,exp-perf10000-006415-4acd1223,1777539304643,1777539304677,202,33.592
6416,exp-perf10000-006416-241f1df2,1777539304644,1777539304678,202,33.694
6417,exp-perf10000-006417-702607ea,1777539304644,1777539304678,202,34.392
6418,exp-perf10000-006418-f6e137bb,1777539304644,1777539304678,202,33.682
6419,exp-perf10000-006419-e47c4559,1777539304645,1777539304679,202,34.513
6420,exp-perf10000-006420-e7a0a286,1777539304645,1777539304680,202,34.661
6421,exp-perf10000-006421-8dac5a3f,1777539304645,1777539304679,202,33.463
6422,exp-perf10000-006422-c155226d,1777539304646,1777539304679,202,33.615
6423,exp-perf10000-006423-86010955,1777539304646,1777539304681,202,34.654
6424,exp-perf10000-006424-8a6ac714,1777539304646,1777539304681,202,34.739
6425,exp-perf10000-006425-c0230175,1777539304647,1777539304680,202,33.457
6426,exp-perf10000-006426-c9e7d0ca,1777539304647,1777539304682,202,34.864
6427,exp-perf10000-006427-7d7f7ea0,1777539304647,1777539304681,202,33.440
6428,exp-perf10000-006428-930bb031,1777539304648,1777539304683,202,34.846
6429,exp-perf10000-006429-85f260c1,1777539304648,1777539304681,202,33.400
6430,exp-perf10000-006430-c7b1f68f,1777539304648,1777539304683,202,34.841
6431,exp-perf10000-006431-6691a93d,1777539304649,1777539304682,202,33.365
6432,exp-perf10000-006432-8503ef21,1777539304649,1777539304684,202,34.604
6433,exp-perf10000-006433-f258920d,1777539304650,1777539304683,202,33.146
6434,exp-perf10000-006434-81ebede5,1777539304650,1777539304685,202,34.729
6435,exp-perf10000-006435-5f8b5dfd,1777539304650,1777539304683,202,33.226
6436,exp-perf10000-006436-ddaaae4e,1777539304650,1777539304685,202,34.713
6437,exp-perf10000-006437-d37aadaf,1777539304651,1777539304684,202,33.257
6438,exp-perf10000-006438-bf27ee84,1777539304651,1777539304686,202,34.744
6439,exp-perf10000-006439-9b0d1dad,1777539304651,1777539304685,202,33.190
6440,exp-perf10000-006440-bbd0081a,1777539304652,1777539304686,202,34.746
6441,exp-perf10000-006441-3761edc0,1777539304652,1777539304685,202,33.102
6442,exp-perf10000-006442-cbd9593a,1777539304652,1777539304687,202,34.640
6443,exp-perf10000-006443-4a6dc5a3,1777539304653,1777539304686,202,33.184
6444,exp-perf10000-006444-03d870c7,1777539304653,1777539304688,202,34.735
6445,exp-perf10000-006445-c812a341,1777539304653,1777539304687,202,33.285
6446,exp-perf10000-006446-b4bb7965,1777539304654,1777539304688,202,34.770
6447,exp-perf10000-006447-5b497c71,1777539304654,1777539304687,202,33.260
6448,exp-perf10000-006448-ea8839de,1777539304654,1777539304689,202,34.825
6449,exp-perf10000-006449-3e0725d8,1777539304655,1777539304688,202,33.338
6450,exp-perf10000-006450-a2366941,1777539304655,1777539304690,202,34.869
6451,exp-perf10000-006451-d22caf58,1777539304656,1777539304689,202,33.198
6452,exp-perf10000-006452-ba229cb6,1777539304656,1777539304690,202,34.647
6453,exp-perf10000-006453-39292215,1777539304656,1777539304689,202,33.228
6454,exp-perf10000-006454-2400c166,1777539304656,1777539304691,202,34.763
6455,exp-perf10000-006455-d4ba78b0,1777539304657,1777539304692,202,34.894
6456,exp-perf10000-006456-83101c0d,1777539304657,1777539304690,202,33.061
6457,exp-perf10000-006457-9e87fe1a,1777539304658,1777539304693,202,34.955
6458,exp-perf10000-006458-2e8d5c28,1777539304658,1777539304691,202,33.168
6459,exp-perf10000-006459-6c59f8dd,1777539304658,1777539304693,202,34.992
6460,exp-perf10000-006460-09647f81,1777539304658,1777539304691,202,33.074
6461,exp-perf10000-006461-e0b54824,1777539304659,1777539304694,202,34.996
6462,exp-perf10000-006462-67d48c4d,1777539304659,1777539304692,202,33.094
6463,exp-perf10000-006463-5d473aaf,1777539304660,1777539304695,202,34.969
6464,exp-perf10000-006464-5bb20cb6,1777539304660,1777539304693,202,33.081
6465,exp-perf10000-006465-154fc9bb,1777539304660,1777539304695,202,34.879
6466,exp-perf10000-006466-ebd0b6ee,1777539304660,1777539304694,202,33.209
6467,exp-perf10000-006467-fd661bc9,1777539304661,1777539304696,202,34.837
6468,exp-perf10000-006468-1b06f940,1777539304661,1777539304694,202,33.140
6469,exp-perf10000-006469-c7ec0453,1777539304662,1777539304697,202,34.923
6470,exp-perf10000-006470-39e015b1,1777539304662,1777539304695,202,33.102
6471,exp-perf10000-006471-42bd70f7,1777539304662,1777539304697,202,34.919
6472,exp-perf10000-006472-4961723f,1777539304662,1777539304696,202,33.209
6473,exp-perf10000-006473-2ddcfebb,1777539304663,1777539304696,202,33.385
6474,exp-perf10000-006474-bb67e25a,1777539304663,1777539304698,202,34.571
6475,exp-perf10000-006475-837bf8f8,1777539304664,1777539304698,202,34.779
6476,exp-perf10000-006476-2536d041,1777539304664,1777539304697,202,33.237
6477,exp-perf10000-006477-2a79e964,1777539304664,1777539304698,202,33.219
6478,exp-perf10000-006478-0ef9dd11,1777539304665,1777539304699,202,34.630
6479,exp-perf10000-006479-53091722,1777539304665,1777539304700,202,34.755
6480,exp-perf10000-006480-7eb2dbf7,1777539304665,1777539304698,202,33.277
6481,exp-perf10000-006481-9fcfae5f,1777539304666,1777539304700,202,34.779
6482,exp-perf10000-006482-771f1067,1777539304666,1777539304699,202,33.270
6483,exp-perf10000-006483-e89108a0,1777539304666,1777539304700,202,33.526
6484,exp-perf10000-006484-91d2eb6d,1777539304666,1777539304701,202,34.674
6485,exp-perf10000-006485-55a7dbf4,1777539304667,1777539304702,202,34.704
6486,exp-perf10000-006486-49e9fc11,1777539304667,1777539304700,202,33.182
6487,exp-perf10000-006487-fe3699c5,1777539304668,1777539304701,202,33.537
6488,exp-perf10000-006488-9b430063,1777539304668,1777539304702,202,34.550
6489,exp-perf10000-006489-f2a5a4ae,1777539304668,1777539304703,202,35.159
6490,exp-perf10000-006490-8bf6927b,1777539304668,1777539304702,202,33.225
6491,exp-perf10000-006491-ca8227e2,1777539304669,1777539304702,202,33.413
6492,exp-perf10000-006492-9e0bb4a2,1777539304670,1777539304703,202,33.120
6493,exp-perf10000-006493-379277b1,1777539304670,1777539304704,202,34.007
6494,exp-perf10000-006494-70e287a2,1777539304671,1777539304704,202,33.152
6495,exp-perf10000-006495-4fbf5b9d,1777539304671,1777539304704,202,33.167
6496,exp-perf10000-006496-72225fe5,1777539304671,1777539304705,202,33.654
6497,exp-perf10000-006497-ebbe0b77,1777539304672,1777539304706,202,33.762
6498,exp-perf10000-006498-88e55397,1777539304672,1777539304705,202,32.999
6499,exp-perf10000-006499-0fe675f9,1777539304672,1777539304706,202,34.082
6500,exp-perf10000-006500-23a3f190,1777539304672,1777539304706,202,33.226
6501,exp-perf10000-006501-7e91bec4,1777539304673,1777539304706,202,33.356
6502,exp-perf10000-006502-624ce02e,1777539304673,1777539304707,202,34.003
6503,exp-perf10000-006503-cb397346,1777539304674,1777539304707,202,33.346
6504,exp-perf10000-006504-e18550fd,1777539304674,1777539304708,202,34.295
6505,exp-perf10000-006505-3d4e8187,1777539304674,1777539304709,202,34.434
6506,exp-perf10000-006506-c71b4e2f,1777539304674,1777539304708,202,33.446
6507,exp-perf10000-006507-74b1e211,1777539304675,1777539304709,202,34.334
6508,exp-perf10000-006508-1d4a1aaf,1777539304675,1777539304709,202,33.407
6509,exp-perf10000-006509-ef6843a7,1777539304676,1777539304709,202,33.497
6510,exp-perf10000-006510-16cfcbc0,1777539304676,1777539304710,202,34.298
6511,exp-perf10000-006511-d3614b43,1777539304676,1777539304710,202,33.522
6512,exp-perf10000-006512-9c1db979,1777539304676,1777539304711,202,34.371
6513,exp-perf10000-006513-0beb0266,1777539304677,1777539304711,202,34.519
6514,exp-perf10000-006514-c160e47c,1777539304677,1777539304711,202,33.519
6515,exp-perf10000-006515-1a8ead93,1777539304678,1777539304711,202,33.436
6516,exp-perf10000-006516-6895dad8,1777539304678,1777539304712,202,34.342
6517,exp-perf10000-006517-413839ea,1777539304678,1777539304712,202,33.568
6518,exp-perf10000-006518-a77cf56e,1777539304678,1777539304713,202,34.527
6519,exp-perf10000-006519-a513faa2,1777539304679,1777539304712,202,33.705
6520,exp-perf10000-006520-7bf2df3c,1777539304679,1777539304714,202,34.515
6521,exp-perf10000-006521-d5032d54,1777539304680,1777539304713,202,33.712
6522,exp-perf10000-006522-50b419ce,1777539304680,1777539304714,202,34.517
6523,exp-perf10000-006523-ad7f7b6b,1777539304680,1777539304714,202,33.738
6524,exp-perf10000-006524-10cb72e9,1777539304681,1777539304715,202,34.485
6525,exp-perf10000-006525-0cb9ae12,1777539304681,1777539304715,202,33.668
6526,exp-perf10000-006526-a8abcb70,1777539304681,1777539304716,202,34.987
6527,exp-perf10000-006527-93dbeffc,1777539304681,1777539304715,202,33.820
6528,exp-perf10000-006528-ca484360,1777539304682,1777539304718,202,35.541
6529,exp-perf10000-006529-6e503128,1777539304682,1777539304717,202,35.030
6530,exp-perf10000-006530-a608122f,1777539304683,1777539304719,202,35.961
6531,exp-perf10000-006531-9a721b28,1777539304683,1777539304718,202,35.295
6532,exp-perf10000-006532-e1d3ef38,1777539304683,1777539304720,202,36.908
6533,exp-perf10000-006533-2a3fdeb3,1777539304683,1777539304719,202,35.728
6534,exp-perf10000-006534-96e7b539,1777539304684,1777539304721,202,36.748
6535,exp-perf10000-006535-faf2394e,1777539304684,1777539304720,202,35.873
6536,exp-perf10000-006536-d59bb6a8,1777539304685,1777539304722,202,36.915
6537,exp-perf10000-006537-7fc33dd7,1777539304685,1777539304721,202,36.259
6538,exp-perf10000-006538-a2171a23,1777539304685,1777539304722,202,36.923
6539,exp-perf10000-006539-3e585db5,1777539304685,1777539304722,202,36.347
6540,exp-perf10000-006540-bb206581,1777539304686,1777539304723,202,36.954
6541,exp-perf10000-006541-4c43e9ad,1777539304686,1777539304722,202,36.218
6542,exp-perf10000-006542-6c8a4812,1777539304686,1777539304724,202,37.075
6543,exp-perf10000-006543-76eceb7e,1777539304687,1777539304723,202,36.183
6544,exp-perf10000-006544-eb2856ee,1777539304687,1777539304724,202,37.194
6545,exp-perf10000-006545-52e9f5e4,1777539304687,1777539304724,202,36.384
6546,exp-perf10000-006546-757819a0,1777539304688,1777539304725,202,37.189
6547,exp-perf10000-006547-e76c7f1b,1777539304688,1777539304725,202,36.415
6548,exp-perf10000-006548-d7443c89,1777539304688,1777539304726,202,37.329
6549,exp-perf10000-006549-afb5cf80,1777539304689,1777539304725,202,36.548
6550,exp-perf10000-006550-de62fb54,1777539304689,1777539304727,202,37.514
6551,exp-perf10000-006551-d877c650,1777539304690,1777539304726,202,36.527
6552,exp-perf10000-006552-cb68c41e,1777539304690,1777539304728,202,37.707
6553,exp-perf10000-006553-bc3adfbb,1777539304690,1777539304727,202,36.808
6554,exp-perf10000-006554-e65c9968,1777539304691,1777539304728,202,37.635
6555,exp-perf10000-006555-cd596e89,1777539304691,1777539304728,202,36.857
6556,exp-perf10000-006556-c466f348,1777539304691,1777539304729,202,37.569
6557,exp-perf10000-006557-41eb7641,1777539304692,1777539304728,202,36.860
6558,exp-perf10000-006558-814b6bf7,1777539304692,1777539304730,202,37.780
6559,exp-perf10000-006559-8d645706,1777539304692,1777539304729,202,36.806
6560,exp-perf10000-006560-819745f5,1777539304693,1777539304730,202,37.784
6561,exp-perf10000-006561-db7f8ee1,1777539304693,1777539304730,202,36.930
6562,exp-perf10000-006562-9ec03265,1777539304693,1777539304731,202,37.771
6563,exp-perf10000-006563-85bfaf8b,1777539304694,1777539304731,202,36.868
6564,exp-perf10000-006564-ff7fe891,1777539304694,1777539304732,202,38.035
6565,exp-perf10000-006565-8247e32f,1777539304694,1777539304731,202,36.955
6566,exp-perf10000-006566-385c22bf,1777539304695,1777539304733,202,37.931
6567,exp-perf10000-006567-13bfb492,1777539304695,1777539304732,202,36.917
6568,exp-perf10000-006568-acf6e115,1777539304695,1777539304733,202,38.353
6569,exp-perf10000-006569-9aed16cc,1777539304696,1777539304733,202,36.968
6570,exp-perf10000-006570-d9871dd0,1777539304696,1777539304734,202,38.340
6571,exp-perf10000-006571-4a8255b7,1777539304696,1777539304733,202,36.983
6572,exp-perf10000-006572-2e2fb21c,1777539304697,1777539304735,202,38.380
6573,exp-perf10000-006573-c60f9007,1777539304697,1777539304734,202,37.004
6574,exp-perf10000-006574-7f28fa39,1777539304697,1777539304736,202,38.510
6575,exp-perf10000-006575-4fc389be,1777539304698,1777539304735,202,37.040
6576,exp-perf10000-006576-2e5f88e8,1777539304698,1777539304736,202,38.679
6577,exp-perf10000-006577-43ea3a34,1777539304698,1777539304735,202,37.118
6578,exp-perf10000-006578-0d2e40a1,1777539304698,1777539304737,202,38.712
6579,exp-perf10000-006579-d9e44eba,1777539304699,1777539304736,202,36.974
6580,exp-perf10000-006580-48dae75f,1777539304699,1777539304738,202,38.676
6581,exp-perf10000-006581-bba0a701,1777539304700,1777539304739,202,39.023
6582,exp-perf10000-006582-00ed18f5,1777539304700,1777539304737,202,37.102
6583,exp-perf10000-006583-736437cd,1777539304700,1777539304737,202,37.100
6584,exp-perf10000-006584-4e62e6e9,1777539304700,1777539304739,202,38.861
6585,exp-perf10000-006585-1f084114,1777539304701,1777539304740,202,39.038
6586,exp-perf10000-006586-8c91facf,1777539304701,1777539304738,202,37.079
6587,exp-perf10000-006587-f7c3d6be,1777539304702,1777539304741,202,39.084
6588,exp-perf10000-006588-019859a1,1777539304702,1777539304739,202,37.241
6589,exp-perf10000-006589-78940785,1777539304702,1777539304741,202,39.120
6590,exp-perf10000-006590-22eefa18,1777539304702,1777539304740,202,37.403
6591,exp-perf10000-006591-0f1a0072,1777539304703,1777539304740,202,37.428
6592,exp-perf10000-006592-200d775d,1777539304703,1777539304742,202,38.868
6593,exp-perf10000-006593-ff29486f,1777539304704,1777539304741,202,37.429
6594,exp-perf10000-006594-a2b9d270,1777539304704,1777539304743,202,39.156
6595,exp-perf10000-006595-baee2013,1777539304704,1777539304742,202,37.622
6596,exp-perf10000-006596-a41d0145,1777539304705,1777539304744,202,38.978
6597,exp-perf10000-006597-b50a34ee,1777539304705,1777539304743,202,38.000
6598,exp-perf10000-006598-1bf0755c,1777539304706,1777539304745,202,39.104
6599,exp-perf10000-006599-71ca6ebe,1777539304706,1777539304744,202,38.004
6600,exp-perf10000-006600-8eab1c6e,1777539304706,1777539304745,202,38.199
6601,exp-perf10000-006601-3218c55a,1777539304706,1777539304746,202,39.322
6602,exp-perf10000-006602-ff2b75fe,1777539304707,1777539304746,202,38.474
6603,exp-perf10000-006603-62659c4e,1777539304707,1777539304746,202,38.998
6604,exp-perf10000-006604-ffc15337,1777539304708,1777539304746,202,38.526
6605,exp-perf10000-006605-cbb3e8f7,1777539304708,1777539304747,202,39.345
6606,exp-perf10000-006606-8e188ae3,1777539304709,1777539304748,202,39.064
6607,exp-perf10000-006607-79972bd9,1777539304709,1777539304748,202,39.249
6608,exp-perf10000-006608-420bd923,1777539304709,1777539304748,202,39.143
6609,exp-perf10000-006609-ccdabcc4,1777539304709,1777539304749,202,39.725
6610,exp-perf10000-006610-bd3bc17c,1777539304710,1777539304749,202,39.502
6611,exp-perf10000-006611-5e2cbeff,1777539304710,1777539304750,202,40.112
6612,exp-perf10000-006612-1936fd45,1777539304711,1777539304750,202,39.900
6613,exp-perf10000-006613-73f3ef46,1777539304711,1777539304751,202,40.339
6614,exp-perf10000-006614-58797274,1777539304711,1777539304751,202,40.145
6615,exp-perf10000-006615-a789caea,1777539304711,1777539304752,202,40.475
6616,exp-perf10000-006616-4acfec5c,1777539304712,1777539304752,202,39.940
6617,exp-perf10000-006617-754da6b2,1777539304712,1777539304753,202,40.581
6618,exp-perf10000-006618-a70c0bfb,1777539304713,1777539304753,202,40.452
6619,exp-perf10000-006619-5f73ab98,1777539304713,1777539304754,202,40.912
6620,exp-perf10000-006620-781f5743,1777539304713,1777539304753,202,40.183
6621,exp-perf10000-006621-083c5c85,1777539304714,1777539304755,202,41.061
6622,exp-perf10000-006622-83e23075,1777539304714,1777539304754,202,40.494
6623,exp-perf10000-006623-4bfd7a71,1777539304714,1777539304756,202,41.107
6624,exp-perf10000-006624-66b79b45,1777539304715,1777539304755,202,40.630
6625,exp-perf10000-006625-17306573,1777539304715,1777539304757,202,41.514
6626,exp-perf10000-006626-e8db7ee8,1777539304715,1777539304756,202,41.020
6627,exp-perf10000-006627-43b7c107,1777539304716,1777539304757,202,41.181
6628,exp-perf10000-006628-8e68eee9,1777539304717,1777539304757,202,39.876
6629,exp-perf10000-006629-5a548744,1777539304718,1777539304758,202,40.477
6630,exp-perf10000-006630-f7db036d,1777539304718,1777539304758,202,39.656
6631,exp-perf10000-006631-e0717c68,1777539304719,1777539304759,202,40.084
6632,exp-perf10000-006632-0ed41369,1777539304719,1777539304759,202,39.333
6633,exp-perf10000-006633-a92e9709,1777539304720,1777539304759,202,39.266
6634,exp-perf10000-006634-deebcd79,1777539304720,1777539304759,202,39.201
6635,exp-perf10000-006635-b8ca7c02,1777539304721,1777539304760,202,39.401
6636,exp-perf10000-006636-8dbb2759,1777539304721,1777539304760,202,39.018
6637,exp-perf10000-006637-1db4a408,1777539304722,1777539304761,202,39.442
6638,exp-perf10000-006638-f9a2eefb,1777539304722,1777539304761,202,39.190
6639,exp-perf10000-006639-01dad4e3,1777539304722,1777539304762,202,39.734
6640,exp-perf10000-006640-f0047ef2,1777539304722,1777539304762,202,39.279
6641,exp-perf10000-006641-ff76ab50,1777539304723,1777539304763,202,39.713
6642,exp-perf10000-006642-eda31926,1777539304723,1777539304762,202,39.300
6643,exp-perf10000-006643-f07c346c,1777539304724,1777539304763,202,39.737
6644,exp-perf10000-006644-d36d9e69,1777539304724,1777539304763,202,39.170
6645,exp-perf10000-006645-b05f784d,1777539304724,1777539304764,202,39.634
6646,exp-perf10000-006646-b3612a69,1777539304725,1777539304764,202,39.053
6647,exp-perf10000-006647-a98a2241,1777539304725,1777539304765,202,39.994
6648,exp-perf10000-006648-440b9097,1777539304725,1777539304764,202,39.119
6649,exp-perf10000-006649-856eb3ba,1777539304726,1777539304766,202,40.094
6650,exp-perf10000-006650-57061bf7,1777539304726,1777539304765,202,39.098
6651,exp-perf10000-006651-85818a75,1777539304727,1777539304767,202,39.820
6652,exp-perf10000-006652-4f800256,1777539304727,1777539304766,202,38.935
6653,exp-perf10000-006653-067c4453,1777539304728,1777539304767,202,39.785
6654,exp-perf10000-006654-4258da3f,1777539304728,1777539304767,202,38.878
6655,exp-perf10000-006655-9ef035fd,1777539304728,1777539304768,202,39.926
6656,exp-perf10000-006656-e312d2ab,1777539304728,1777539304767,202,38.833
6657,exp-perf10000-006657-78496955,1777539304729,1777539304769,202,40.064
6658,exp-perf10000-006658-6232eea7,1777539304729,1777539304768,202,38.904
6659,exp-perf10000-006659-e26a112f,1777539304730,1777539304770,202,39.991
6660,exp-perf10000-006660-2862652d,1777539304730,1777539304769,202,38.869
6661,exp-perf10000-006661-da962c7c,1777539304730,1777539304770,202,40.082
6662,exp-perf10000-006662-44aa0919,1777539304731,1777539304769,202,38.943
6663,exp-perf10000-006663-5fd36bdb,1777539304731,1777539304771,202,40.016
6664,exp-perf10000-006664-16c69040,1777539304731,1777539304770,202,38.951
6665,exp-perf10000-006665-2f4914d2,1777539304732,1777539304771,202,39.101
6666,exp-perf10000-006666-d54b8b5f,1777539304732,1777539304772,202,40.080
6667,exp-perf10000-006667-60374bb3,1777539304733,1777539304773,202,40.135
6668,exp-perf10000-006668-5640f3e6,1777539304733,1777539304772,202,39.250
6669,exp-perf10000-006669-a3253c8f,1777539304733,1777539304773,202,39.110
6670,exp-perf10000-006670-dc9fba7b,1777539304734,1777539304774,202,40.002
6671,exp-perf10000-006671-8cdfa316,1777539304734,1777539304773,202,39.091
6672,exp-perf10000-006672-31e6e769,1777539304734,1777539304774,202,39.912
6673,exp-perf10000-006673-1b93d695,1777539304735,1777539304774,202,39.163
6674,exp-perf10000-006674-4a763a28,1777539304735,1777539304775,202,40.003
6675,exp-perf10000-006675-20adf103,1777539304735,1777539304775,202,39.181
6676,exp-perf10000-006676-cc33a020,1777539304736,1777539304776,202,39.924
6677,exp-perf10000-006677-9ee701fd,1777539304736,1777539304775,202,39.193
6678,exp-perf10000-006678-e8ecffd6,1777539304737,1777539304777,202,40.193
6679,exp-perf10000-006679-742f3c89,1777539304737,1777539304776,202,39.063
6680,exp-perf10000-006680-e2713034,1777539304737,1777539304778,202,40.384
6681,exp-perf10000-006681-7ccb58db,1777539304738,1777539304777,202,39.283
6682,exp-perf10000-006682-6ee2806c,1777539304738,1777539304778,202,40.501
6683,exp-perf10000-006683-99125cc4,1777539304738,1777539304777,202,39.035
6684,exp-perf10000-006684-5a34d42d,1777539304739,1777539304779,202,40.384
6685,exp-perf10000-006685-b3ce774d,1777539304739,1777539304778,202,39.030
6686,exp-perf10000-006686-0404b014,1777539304739,1777539304780,202,40.437
6687,exp-perf10000-006687-96d98a5c,1777539304740,1777539304779,202,38.896
6688,exp-perf10000-006688-b369614f,1777539304740,1777539304780,202,40.362
6689,exp-perf10000-006689-5e26fa46,1777539304740,1777539304779,202,38.973
6690,exp-perf10000-006690-a95f11ef,1777539304741,1777539304781,202,40.466
6691,exp-perf10000-006691-be3ed17d,1777539304741,1777539304780,202,38.947
6692,exp-perf10000-006692-641688e1,1777539304741,1777539304782,202,40.594
6693,exp-perf10000-006693-920f51e6,1777539304742,1777539304781,202,38.842
6694,exp-perf10000-006694-f1b7ed2c,1777539304742,1777539304783,202,40.868
6695,exp-perf10000-006695-8368dc02,1777539304743,1777539304781,202,38.412
6696,exp-perf10000-006696-e19c624e,1777539304743,1777539304784,202,40.729
6697,exp-perf10000-006697-970295ca,1777539304744,1777539304782,202,38.584
6698,exp-perf10000-006698-d0fb75dc,1777539304744,1777539304785,202,41.097
6699,exp-perf10000-006699-765566c4,1777539304745,1777539304784,202,39.136
6700,exp-perf10000-006700-e03eeef7,1777539304745,1777539304786,202,41.047
6701,exp-perf10000-006701-94107e85,1777539304746,1777539304785,202,39.032
6702,exp-perf10000-006702-8ef83e18,1777539304746,1777539304787,202,40.851
6703,exp-perf10000-006703-63c7cec0,1777539304746,1777539304787,202,40.976
6704,exp-perf10000-006704-00d1acaa,1777539304746,1777539304785,202,39.091
6705,exp-perf10000-006705-afa0ea26,1777539304747,1777539304788,202,40.467
6706,exp-perf10000-006706-5ed6852f,1777539304748,1777539304787,202,38.967
6707,exp-perf10000-006707-91b2fe5b,1777539304748,1777539304789,202,40.628
6708,exp-perf10000-006708-c0db8a15,1777539304748,1777539304787,202,39.099
6709,exp-perf10000-006709-8ce592cd,1777539304749,1777539304789,202,40.191
6710,exp-perf10000-006710-8b87cf42,1777539304749,1777539304788,202,38.885
6711,exp-perf10000-006711-35a631f5,1777539304750,1777539304790,202,39.805
6712,exp-perf10000-006712-56e56f24,1777539304751,1777539304789,202,38.464
6713,exp-perf10000-006713-df1976b1,1777539304751,1777539304791,202,39.634
6714,exp-perf10000-006714-3ea1c824,1777539304751,1777539304790,202,38.481
6715,exp-perf10000-006715-4bd60d05,1777539304752,1777539304791,202,38.807
6716,exp-perf10000-006716-c55453cb,1777539304752,1777539304792,202,39.543
6717,exp-perf10000-006717-6e2ff472,1777539304753,1777539304792,202,39.330
6718,exp-perf10000-006718-b56c5e97,1777539304753,1777539304792,202,38.699
6719,exp-perf10000-006719-d0dcbd8b,1777539304753,1777539304792,202,38.936
6720,exp-perf10000-006720-9105bb75,1777539304754,1777539304793,202,39.049
6721,exp-perf10000-006721-b97cddfa,1777539304754,1777539304793,202,38.646
6722,exp-perf10000-006722-009aba17,1777539304755,1777539304794,202,38.903
6723,exp-perf10000-006723-befb8a43,1777539304755,1777539304794,202,38.758
6724,exp-perf10000-006724-f060cd03,1777539304756,1777539304794,202,38.786
6725,exp-perf10000-006725-36c3d89e,1777539304756,1777539304795,202,38.497
6726,exp-perf10000-006726-f50d5676,1777539304757,1777539304795,202,38.353
6727,exp-perf10000-006727-25708965,1777539304757,1777539304796,202,38.763
6728,exp-perf10000-006728-09eeaf8e,1777539304757,1777539304796,202,38.490
6729,exp-perf10000-006729-d2004077,1777539304758,1777539304797,202,38.922
6730,exp-perf10000-006730-be2244a1,1777539304758,1777539304797,202,38.496
6731,exp-perf10000-006731-da632eaa,1777539304759,1777539304798,202,39.414
6732,exp-perf10000-006732-c5e25b5b,1777539304759,1777539304798,202,38.884
6733,exp-perf10000-006733-2ac18b90,1777539304759,1777539304798,202,39.027
6734,exp-perf10000-006734-458d00e1,1777539304759,1777539304798,202,38.939
6735,exp-perf10000-006735-53d63689,1777539304760,1777539304800,202,39.584
6736,exp-perf10000-006736-7ecb3661,1777539304760,1777539304799,202,38.974
6737,exp-perf10000-006737-f67fccd2,1777539304761,1777539304800,202,39.531
6738,exp-perf10000-006738-677e603c,1777539304761,1777539304800,202,39.199
6739,exp-perf10000-006739-619e8f00,1777539304762,1777539304801,202,39.630
6740,exp-perf10000-006740-9c25639f,1777539304762,1777539304801,202,39.106
6741,exp-perf10000-006741-b1edf49a,1777539304762,1777539304802,202,39.895
6742,exp-perf10000-006742-c08bd06c,1777539304763,1777539304802,202,39.304
6743,exp-perf10000-006743-af67224b,1777539304763,1777539304803,202,40.067
6744,exp-perf10000-006744-0a2e9913,1777539304763,1777539304803,202,39.280
6745,exp-perf10000-006745-7207d552,1777539304764,1777539304804,202,40.174
6746,exp-perf10000-006746-c336b019,1777539304764,1777539304803,202,39.413
6747,exp-perf10000-006747-2edc28dd,1777539304764,1777539304804,202,39.963
6748,exp-perf10000-006748-f12a8fc4,1777539304765,1777539304804,202,39.142
6749,exp-perf10000-006749-9315e617,1777539304765,1777539304805,202,40.051
6750,exp-perf10000-006750-633e4bfb,1777539304766,1777539304805,202,38.953
6751,exp-perf10000-006751-e77c397f,1777539304766,1777539304806,202,40.170
6752,exp-perf10000-006752-40806133,1777539304767,1777539304806,202,39.177
6753,exp-perf10000-006753-29fe10f7,1777539304767,1777539304807,202,40.243
6754,exp-perf10000-006754-04f94995,1777539304767,1777539304808,202,40.402
6755,exp-perf10000-006755-b1a4104f,1777539304767,1777539304806,202,39.056
6756,exp-perf10000-006756-6e7eee55,1777539304768,1777539304808,202,40.414
6757,exp-perf10000-006757-17cba9eb,1777539304768,1777539304807,202,39.070
6758,exp-perf10000-006758-8a65c672,1777539304769,1777539304809,202,40.475
6759,exp-perf10000-006759-887407e5,1777539304769,1777539304808,202,39.169
6760,exp-perf10000-006760-ff6a162f,1777539304770,1777539304810,202,40.474
6761,exp-perf10000-006761-46bc7af9,1777539304770,1777539304809,202,39.117
6762,exp-perf10000-006762-f7bb56ba,1777539304770,1777539304811,202,40.497
6763,exp-perf10000-006763-3dbb9947,1777539304771,1777539304810,202,39.178
6764,exp-perf10000-006764-339f5da4,1777539304771,1777539304812,202,40.581
6765,exp-perf10000-006765-8588d240,1777539304771,1777539304811,202,39.545
6766,exp-perf10000-006766-952877f3,1777539304772,1777539304812,202,40.233
6767,exp-perf10000-006767-cc5abccf,1777539304772,1777539304811,202,39.175
6768,exp-perf10000-006768-a3474274,1777539304773,1777539304813,202,40.467
6769,exp-perf10000-006769-54ffcd5d,1777539304773,1777539304812,202,39.211
6770,exp-perf10000-006770-a8bfd52b,1777539304773,1777539304814,202,40.521
6771,exp-perf10000-006771-0250af4d,1777539304774,1777539304813,202,39.171
6772,exp-perf10000-006772-7e6b1f1b,1777539304774,1777539304814,202,40.554
6773,exp-perf10000-006773-026265db,1777539304774,1777539304813,202,39.268
6774,exp-perf10000-006774-c7225fd8,1777539304775,1777539304815,202,40.617
6775,exp-perf10000-006775-f674c599,1777539304775,1777539304814,202,39.112
6776,exp-perf10000-006776-342ff084,1777539304775,1777539304816,202,40.738
6777,exp-perf10000-006777-a1349c4b,1777539304776,1777539304815,202,39.174
6778,exp-perf10000-006778-ae243fc8,1777539304776,1777539304817,202,41.368
6779,exp-perf10000-006779-55f89efc,1777539304777,1777539304816,202,38.859
6780,exp-perf10000-006780-1e657939,1777539304777,1777539304818,202,41.210
6781,exp-perf10000-006781-e9c044db,1777539304777,1777539304819,202,41.455
6782,exp-perf10000-006782-1c2a06f9,1777539304778,1777539304816,202,38.665
6783,exp-perf10000-006783-b7364784,1777539304778,1777539304820,202,41.679
6784,exp-perf10000-006784-d96e4b0a,1777539304778,1777539304817,202,38.772
6785,exp-perf10000-006785-deb68875,1777539304779,1777539304820,202,41.636
6786,exp-perf10000-006786-1e5cd3e1,1777539304779,1777539304818,202,39.129
6787,exp-perf10000-006787-4bfcd1d0,1777539304779,1777539304821,202,41.635
6788,exp-perf10000-006788-c6a471ec,1777539304780,1777539304819,202,39.188
6789,exp-perf10000-006789-d88f4248,1777539304780,1777539304822,202,41.705
6790,exp-perf10000-006790-ad6a32f9,1777539304780,1777539304820,202,39.475
6791,exp-perf10000-006791-c657b27f,1777539304781,1777539304823,202,41.737
6792,exp-perf10000-006792-a5df2566,1777539304781,1777539304821,202,39.339
6793,exp-perf10000-006793-d288355a,1777539304782,1777539304823,202,41.878
6794,exp-perf10000-006794-9d82a281,1777539304782,1777539304821,202,39.280
6795,exp-perf10000-006795-615108e1,1777539304782,1777539304824,202,41.601
6796,exp-perf10000-006796-122ad7dc,1777539304783,1777539304822,202,38.911
6797,exp-perf10000-006797-77ae99a0,1777539304784,1777539304825,202,40.890
6798,exp-perf10000-006798-69928a13,1777539304784,1777539304823,202,38.773
6799,exp-perf10000-006799-fa295ce9,1777539304785,1777539304825,202,40.687
6800,exp-perf10000-006800-b5cd7c46,1777539304785,1777539304824,202,38.603
6801,exp-perf10000-006801-5de96951,1777539304786,1777539304826,202,40.408
6802,exp-perf10000-006802-e3c6c629,1777539304786,1777539304824,202,38.522
6803,exp-perf10000-006803-ece2f187,1777539304787,1777539304827,202,39.882
6804,exp-perf10000-006804-ecd3b884,1777539304787,1777539304825,202,38.166
6805,exp-perf10000-006805-8601c02f,1777539304787,1777539304826,202,38.357
6806,exp-perf10000-006806-a94b90cc,1777539304787,1777539304827,202,39.779
6807,exp-perf10000-006807-e4612f20,1777539304788,1777539304826,202,38.303
6808,exp-perf10000-006808-5d97dafc,1777539304788,1777539304828,202,39.545
6809,exp-perf10000-006809-2b3ae7e6,1777539304789,1777539304827,202,38.215
6810,exp-perf10000-006810-6e01058d,1777539304789,1777539304828,202,39.488
6811,exp-perf10000-006811-5d3f675b,1777539304789,1777539304828,202,38.217
6812,exp-perf10000-006812-a4bdbd02,1777539304790,1777539304829,202,39.508
6813,exp-perf10000-006813-e23533f2,1777539304790,1777539304828,202,38.234
6814,exp-perf10000-006814-a805ba9d,1777539304791,1777539304830,202,39.182
6815,exp-perf10000-006815-35864d31,1777539304791,1777539304829,202,38.148
6816,exp-perf10000-006816-8edb3928,1777539304792,1777539304830,202,38.049
6817,exp-perf10000-006817-d3c6b4e4,1777539304792,1777539304830,202,38.751
6818,exp-perf10000-006818-ec14b322,1777539304792,1777539304830,202,38.029
6819,exp-perf10000-006819-1c929914,1777539304792,1777539304831,202,38.663
6820,exp-perf10000-006820-5903a72c,1777539304793,1777539304831,202,37.933
6821,exp-perf10000-006821-8f428789,1777539304793,1777539304832,202,38.631
6822,exp-perf10000-006822-f4a39809,1777539304794,1777539304832,202,37.903
6823,exp-perf10000-006823-e3062497,1777539304794,1777539304832,202,38.441
6824,exp-perf10000-006824-96675519,1777539304794,1777539304832,202,37.857
6825,exp-perf10000-006825-97dacf24,1777539304795,1777539304833,202,38.173
6826,exp-perf10000-006826-b2cebff2,1777539304795,1777539304833,202,37.751
6827,exp-perf10000-006827-bfc309cf,1777539304796,1777539304834,202,37.867
6828,exp-perf10000-006828-85d78b0a,1777539304796,1777539304834,202,37.510
6829,exp-perf10000-006829-5568d39d,1777539304797,1777539304834,202,37.484
6830,exp-perf10000-006830-558a7673,1777539304797,1777539304834,202,37.617
6831,exp-perf10000-006831-cb41aa0b,1777539304798,1777539304835,202,36.991
6832,exp-perf10000-006832-c7fff965,1777539304798,1777539304835,202,37.058
6833,exp-perf10000-006833-93dd0f08,1777539304798,1777539304836,202,37.339
6834,exp-perf10000-006834-ec6473de,1777539304798,1777539304835,202,36.919
6835,exp-perf10000-006835-f76033a6,1777539304799,1777539304836,202,36.877
6836,exp-perf10000-006836-7c4736aa,1777539304800,1777539304836,202,36.789
6837,exp-perf10000-006837-47588c96,1777539304800,1777539304837,202,36.466
6838,exp-perf10000-006838-c666641d,1777539304800,1777539304837,202,36.587
6839,exp-perf10000-006839-174b504a,1777539304801,1777539304837,202,36.302
6840,exp-perf10000-006840-b2ca7d4e,1777539304801,1777539304838,202,36.339
6841,exp-perf10000-006841-1e575dc7,1777539304802,1777539304838,202,35.917
6842,exp-perf10000-006842-8de84a13,1777539304802,1777539304838,202,36.007
6843,exp-perf10000-006843-1dda7946,1777539304803,1777539304839,202,35.917
6844,exp-perf10000-006844-c2f7c342,1777539304803,1777539304839,202,35.808
6845,exp-perf10000-006845-177d44d7,1777539304803,1777539304839,202,35.825
6846,exp-perf10000-006846-9d34c952,1777539304804,1777539304840,202,35.791
6847,exp-perf10000-006847-782fb36d,1777539304804,1777539304840,202,35.682
6848,exp-perf10000-006848-6ad6f423,1777539304804,1777539304840,202,35.868
6849,exp-perf10000-006849-ae52be9f,1777539304805,1777539304841,202,35.684
6850,exp-perf10000-006850-e627844f,1777539304805,1777539304841,202,35.707
6851,exp-perf10000-006851-ef07a259,1777539304806,1777539304841,202,35.431
6852,exp-perf10000-006852-12b9e50e,1777539304806,1777539304842,202,35.461
6853,exp-perf10000-006853-22252a1e,1777539304807,1777539304842,202,35.431
6854,exp-perf10000-006854-eba8581a,1777539304807,1777539304842,202,35.350
6855,exp-perf10000-006855-f08acfa4,1777539304807,1777539304843,202,35.436
6856,exp-perf10000-006856-50931b19,1777539304808,1777539304843,202,35.232
6857,exp-perf10000-006857-28131c43,1777539304808,1777539304843,202,35.195
6858,exp-perf10000-006858-4f29fa1f,1777539304808,1777539304844,202,35.175
6859,exp-perf10000-006859-96302fe9,1777539304809,1777539304844,202,35.039
6860,exp-perf10000-006860-c5c0432f,1777539304809,1777539304844,202,34.837
6861,exp-perf10000-006861-f5cdace1,1777539304810,1777539304845,202,34.891
6862,exp-perf10000-006862-5377c438,1777539304810,1777539304845,202,34.851
6863,exp-perf10000-006863-7036f440,1777539304811,1777539304845,202,34.526
6864,exp-perf10000-006864-287a0478,1777539304811,1777539304845,202,34.567
6865,exp-perf10000-006865-1e5bae35,1777539304811,1777539304846,202,34.625
6866,exp-perf10000-006866-b788305d,1777539304812,1777539304846,202,34.624
6867,exp-perf10000-006867-e0510cc2,1777539304812,1777539304847,202,34.552
6868,exp-perf10000-006868-a3f5fad3,1777539304812,1777539304847,202,34.668
6869,exp-perf10000-006869-7a9efe26,1777539304813,1777539304847,202,34.462
6870,exp-perf10000-006870-8c073e8e,1777539304813,1777539304848,202,34.528
6871,exp-perf10000-006871-ee300da5,1777539304813,1777539304848,202,34.474
6872,exp-perf10000-006872-ea0fafe8,1777539304814,1777539304848,202,34.446
6873,exp-perf10000-006873-a20c7ee7,1777539304814,1777539304849,202,34.627
6874,exp-perf10000-006874-444a8cf0,1777539304815,1777539304849,202,34.473
6875,exp-perf10000-006875-d8eede29,1777539304815,1777539304849,202,34.535
6876,exp-perf10000-006876-18bc5a94,1777539304815,1777539304850,202,34.314
6877,exp-perf10000-006877-ac6cd8b5,1777539304816,1777539304850,202,34.346
6878,exp-perf10000-006878-5678f772,1777539304816,1777539304850,202,34.257
6879,exp-perf10000-006879-fc171b45,1777539304816,1777539304851,202,34.383
6880,exp-perf10000-006880-5ad918ff,1777539304817,1777539304851,202,34.120
6881,exp-perf10000-006881-3f8cbd90,1777539304817,1777539304851,202,33.607
6882,exp-perf10000-006882-b8175bea,1777539304818,1777539304852,202,33.521
6883,exp-perf10000-006883-bed50b3f,1777539304818,1777539304852,202,33.709
6884,exp-perf10000-006884-e769c343,1777539304819,1777539304852,202,33.521
6885,exp-perf10000-006885-d3277a10,1777539304819,1777539304853,202,33.630
6886,exp-perf10000-006886-2e5587a5,1777539304820,1777539304853,202,33.156
6887,exp-perf10000-006887-bfdb9796,1777539304820,1777539304853,202,33.323
6888,exp-perf10000-006888-3cb59195,1777539304820,1777539304854,202,33.106
6889,exp-perf10000-006889-0d0a7f32,1777539304821,1777539304854,202,33.359
6890,exp-perf10000-006890-ffac2815,1777539304821,1777539304854,202,33.087
6891,exp-perf10000-006891-8bf203cb,1777539304821,1777539304855,202,33.235
6892,exp-perf10000-006892-9c205439,1777539304822,1777539304855,202,32.980
6893,exp-perf10000-006893-82d5ba95,1777539304822,1777539304855,202,33.057
6894,exp-perf10000-006894-a9fb9820,1777539304823,1777539304856,202,32.895
6895,exp-perf10000-006895-1942f602,1777539304823,1777539304856,202,33.022
6896,exp-perf10000-006896-b67fdacc,1777539304823,1777539304856,202,32.747
6897,exp-perf10000-006897-2c08bc81,1777539304824,1777539304857,202,32.883
6898,exp-perf10000-006898-263a8d2b,1777539304824,1777539304857,202,32.854
6899,exp-perf10000-006899-1b1f8c46,1777539304824,1777539304857,202,32.993
6900,exp-perf10000-006900-88839d26,1777539304825,1777539304858,202,32.878
6901,exp-perf10000-006901-a9edd79f,1777539304825,1777539304858,202,32.927
6902,exp-perf10000-006902-ea314feb,1777539304825,1777539304858,202,32.992
6903,exp-perf10000-006903-a4b4aee3,1777539304826,1777539304859,202,32.983
6904,exp-perf10000-006904-6c70b160,1777539304826,1777539304859,202,33.057
6905,exp-perf10000-006905-27bfe716,1777539304826,1777539304859,202,33.028
6906,exp-perf10000-006906-6592a7c3,1777539304827,1777539304860,202,33.014
6907,exp-perf10000-006907-e25e16c8,1777539304827,1777539304860,202,32.983
6908,exp-perf10000-006908-b5bfb9f4,1777539304827,1777539304860,202,32.942
6909,exp-perf10000-006909-0dd8caa1,1777539304828,1777539304861,202,33.069
6910,exp-perf10000-006910-b26a6c2c,1777539304828,1777539304861,202,33.214
6911,exp-perf10000-006911-4c0a7bc3,1777539304828,1777539304861,202,33.096
6912,exp-perf10000-006912-c22299c4,1777539304829,1777539304862,202,33.279
6913,exp-perf10000-006913-8a306cd7,1777539304829,1777539304862,202,33.072
6914,exp-perf10000-006914-de5c7e84,1777539304829,1777539304862,202,33.077
6915,exp-perf10000-006915-123d2237,1777539304830,1777539304863,202,33.012
6916,exp-perf10000-006916-60704cab,1777539304830,1777539304863,202,33.046
6917,exp-perf10000-006917-e711e0f3,1777539304830,1777539304863,202,33.145
6918,exp-perf10000-006918-ada9a76e,1777539304831,1777539304864,202,33.094
6919,exp-perf10000-006919-897a016d,1777539304831,1777539304864,202,33.130
6920,exp-perf10000-006920-07abe775,1777539304831,1777539304864,202,33.094
6921,exp-perf10000-006921-1a625435,1777539304832,1777539304865,202,33.071
6922,exp-perf10000-006922-e937c454,1777539304832,1777539304865,202,33.103
6923,exp-perf10000-006923-fcecf8cd,1777539304832,1777539304865,202,33.130
6924,exp-perf10000-006924-222f31fd,1777539304832,1777539304866,202,33.102
6925,exp-perf10000-006925-1b2944fd,1777539304833,1777539304866,202,33.173
6926,exp-perf10000-006926-99b9d412,1777539304833,1777539304866,202,33.135
6927,exp-perf10000-006927-4f00e3c4,1777539304834,1777539304867,202,33.104
6928,exp-perf10000-006928-f8416f9b,1777539304834,1777539304867,202,33.053
6929,exp-perf10000-006929-151539dd,1777539304834,1777539304867,202,33.161
6930,exp-perf10000-006930-fab2ec70,1777539304834,1777539304868,202,33.188
6931,exp-perf10000-006931-3b1b0d5c,1777539304835,1777539304868,202,33.163
6932,exp-perf10000-006932-8783ec05,1777539304835,1777539304868,202,33.121
6933,exp-perf10000-006933-d63b675d,1777539304835,1777539304869,202,33.262
6934,exp-perf10000-006934-0ace484b,1777539304836,1777539304869,202,33.125
6935,exp-perf10000-006935-2e9d9033,1777539304836,1777539304869,202,33.122
6936,exp-perf10000-006936-07a7fe45,1777539304837,1777539304869,202,32.957
6937,exp-perf10000-006937-56df923a,1777539304837,1777539304870,202,33.063
6938,exp-perf10000-006938-3d4cdaac,1777539304837,1777539304870,202,33.014
6939,exp-perf10000-006939-cbea6b57,1777539304837,1777539304871,202,33.263
6940,exp-perf10000-006940-4532ec0e,1777539304838,1777539304871,202,33.137
6941,exp-perf10000-006941-298ad6c8,1777539304838,1777539304871,202,33.456
6942,exp-perf10000-006942-2be232d3,1777539304838,1777539304872,202,33.219
6943,exp-perf10000-006943-3aa33cfd,1777539304839,1777539304872,202,33.326
6944,exp-perf10000-006944-da92623e,1777539304839,1777539304872,202,33.192
6945,exp-perf10000-006945-a325abec,1777539304839,1777539304873,202,33.302
6946,exp-perf10000-006946-07fe9e9e,1777539304840,1777539304873,202,33.175
6947,exp-perf10000-006947-de08ebad,1777539304840,1777539304873,202,33.338
6948,exp-perf10000-006948-d3b4802f,1777539304840,1777539304873,202,33.103
6949,exp-perf10000-006949-aef6e85d,1777539304841,1777539304874,202,33.249
6950,exp-perf10000-006950-e71f56bf,1777539304841,1777539304874,202,33.054
6951,exp-perf10000-006951-db233164,1777539304841,1777539304875,202,33.229
6952,exp-perf10000-006952-57339cf8,1777539304842,1777539304875,202,33.101
6953,exp-perf10000-006953-fb13f5d1,1777539304842,1777539304875,202,33.174
6954,exp-perf10000-006954-f7adece7,1777539304842,1777539304876,202,33.141
6955,exp-perf10000-006955-25fce9c4,1777539304843,1777539304876,202,33.051
6956,exp-perf10000-006956-df140fec,1777539304843,1777539304876,202,33.211
6957,exp-perf10000-006957-aa73d4c3,1777539304843,1777539304877,202,33.151
6958,exp-perf10000-006958-8af1701d,1777539304844,1777539304877,202,33.204
6959,exp-perf10000-006959-8da2995f,1777539304844,1777539304877,202,33.178
6960,exp-perf10000-006960-8011e926,1777539304844,1777539304878,202,33.378
6961,exp-perf10000-006961-d47dcf5b,1777539304845,1777539304878,202,33.108
6962,exp-perf10000-006962-05c9f9cc,1777539304845,1777539304878,202,33.328
6963,exp-perf10000-006963-bb4e0657,1777539304845,1777539304878,202,33.179
6964,exp-perf10000-006964-3ead52bb,1777539304846,1777539304879,202,33.399
6965,exp-perf10000-006965-b65ff1ca,1777539304846,1777539304879,202,33.158
6966,exp-perf10000-006966-e52b1abf,1777539304846,1777539304880,202,33.260
6967,exp-perf10000-006967-233f3623,1777539304847,1777539304880,202,33.158
6968,exp-perf10000-006968-5dd11def,1777539304847,1777539304880,202,33.294
6969,exp-perf10000-006969-78e863ca,1777539304847,1777539304880,202,33.093
6970,exp-perf10000-006970-0298126b,1777539304848,1777539304881,202,33.372
6971,exp-perf10000-006971-77035d18,1777539304848,1777539304881,202,32.869
6972,exp-perf10000-006972-8199d7ac,1777539304848,1777539304882,202,33.458
6973,exp-perf10000-006973-b3a15f29,1777539304849,1777539304882,202,32.750
6974,exp-perf10000-006974-47d70b01,1777539304849,1777539304882,202,33.288
6975,exp-perf10000-006975-8034251f,1777539304849,1777539304882,202,32.674
6976,exp-perf10000-006976-1c2061ef,1777539304850,1777539304883,202,33.066
6977,exp-perf10000-006977-af902f63,1777539304850,1777539304883,202,32.888
6978,exp-perf10000-006978-3ae93935,1777539304850,1777539304884,202,33.201
6979,exp-perf10000-006979-bab07b04,1777539304851,1777539304883,202,32.727
6980,exp-perf10000-006980-861e7773,1777539304851,1777539304884,202,33.220
6981,exp-perf10000-006981-bfd20900,1777539304851,1777539304884,202,32.622
6982,exp-perf10000-006982-d5a0a75b,1777539304852,1777539304885,202,33.362
6983,exp-perf10000-006983-1f138af5,1777539304852,1777539304885,202,32.596
6984,exp-perf10000-006984-fee23db7,1777539304852,1777539304887,202,34.292
6985,exp-perf10000-006985-973e9608,1777539304853,1777539304885,202,32.771
6986,exp-perf10000-006986-220c5014,1777539304853,1777539304887,202,33.945
6987,exp-perf10000-006987-8c367913,1777539304853,1777539304886,202,32.992
6988,exp-perf10000-006988-d444b3ad,1777539304854,1777539304888,202,34.354
6989,exp-perf10000-006989-d011cc5f,1777539304854,1777539304887,202,33.307
6990,exp-perf10000-006990-63124f0c,1777539304854,1777539304888,202,33.893
6991,exp-perf10000-006991-0ac9262d,1777539304855,1777539304888,202,33.011
6992,exp-perf10000-006992-5326b841,1777539304855,1777539304889,202,33.982
6993,exp-perf10000-006993-3a9fa73b,1777539304855,1777539304889,202,33.293
6994,exp-perf10000-006994-3b751efe,1777539304856,1777539304890,202,34.014
6995,exp-perf10000-006995-b4d78865,1777539304856,1777539304889,202,33.393
6996,exp-perf10000-006996-57396911,1777539304856,1777539304890,202,34.037
6997,exp-perf10000-006997-0d74cd58,1777539304857,1777539304890,202,33.431
6998,exp-perf10000-006998-484203ca,1777539304857,1777539304891,202,34.039
6999,exp-perf10000-006999-dd889a74,1777539304857,1777539304891,202,33.418
7000,exp-perf10000-007000-4d4c32b7,1777539304858,1777539304892,202,34.059
7001,exp-perf10000-007001-cc23cba4,1777539304858,1777539304891,202,33.539
7002,exp-perf10000-007002-731c7208,1777539304858,1777539304892,202,33.877
7003,exp-perf10000-007003-09fd50e7,1777539304859,1777539304892,202,33.439
7004,exp-perf10000-007004-4c3def5f,1777539304859,1777539304893,202,33.961
7005,exp-perf10000-007005-87cd4a83,1777539304859,1777539304893,202,33.497
7006,exp-perf10000-007006-3f656834,1777539304860,1777539304894,202,34.076
7007,exp-perf10000-007007-f8a3b9cf,1777539304860,1777539304893,202,33.489
7008,exp-perf10000-007008-5dfe52d8,1777539304860,1777539304894,202,34.133
7009,exp-perf10000-007009-ca60c0af,1777539304861,1777539304894,202,33.386
7010,exp-perf10000-007010-81274973,1777539304861,1777539304895,202,34.319
7011,exp-perf10000-007011-1f1b6870,1777539304861,1777539304895,202,33.533
7012,exp-perf10000-007012-76fd902b,1777539304862,1777539304896,202,34.116
7013,exp-perf10000-007013-c8b90155,1777539304862,1777539304896,202,33.552
7014,exp-perf10000-007014-1f8384d4,1777539304862,1777539304897,202,34.279
7015,exp-perf10000-007015-5c4e2ccf,1777539304863,1777539304896,202,33.467
7016,exp-perf10000-007016-1d16f146,1777539304863,1777539304897,202,34.545
7017,exp-perf10000-007017-22db0378,1777539304863,1777539304897,202,33.440
7018,exp-perf10000-007018-3545881e,1777539304864,1777539304898,202,34.491
7019,exp-perf10000-007019-4b8cf108,1777539304864,1777539304898,202,33.589
7020,exp-perf10000-007020-a1f881d3,1777539304864,1777539304899,202,34.998
7021,exp-perf10000-007021-c1af79d0,1777539304865,1777539304898,202,33.657
7022,exp-perf10000-007022-707370bf,1777539304865,1777539304900,202,34.957
7023,exp-perf10000-007023-b93f5c15,1777539304865,1777539304899,202,33.585
7024,exp-perf10000-007024-97aff242,1777539304866,1777539304901,202,35.643
7025,exp-perf10000-007025-78b11cf2,1777539304866,1777539304900,202,33.551
7026,exp-perf10000-007026-f6595d23,1777539304866,1777539304901,202,34.954
7027,exp-perf10000-007027-b6795b3c,1777539304867,1777539304900,202,33.720
7028,exp-perf10000-007028-9d4182d6,1777539304867,1777539304902,202,34.865
7029,exp-perf10000-007029-b84c3094,1777539304867,1777539304901,202,33.541
7030,exp-perf10000-007030-a1362305,1777539304868,1777539304902,202,34.785
7031,exp-perf10000-007031-131d500b,1777539304868,1777539304902,202,33.969
7032,exp-perf10000-007032-446a9a4c,1777539304868,1777539304903,202,35.101
7033,exp-perf10000-007033-8a4aac14,1777539304869,1777539304902,202,33.548
7034,exp-perf10000-007034-b58e1bdb,1777539304869,1777539304904,202,35.129
7035,exp-perf10000-007035-3eda0b1e,1777539304869,1777539304904,202,34.328
7036,exp-perf10000-007036-6a924ad6,1777539304869,1777539304905,202,35.406
7037,exp-perf10000-007037-0b4bf3d7,1777539304870,1777539304906,202,35.776
7038,exp-perf10000-007038-f3a32a25,1777539304870,1777539304905,202,35.269
7039,exp-perf10000-007039-85c0d9c1,1777539304871,1777539304906,202,34.975
7040,exp-perf10000-007040-812bda26,1777539304871,1777539304906,202,35.493
7041,exp-perf10000-007041-4031a91c,1777539304871,1777539304906,202,34.139
7042,exp-perf10000-007042-82759e54,1777539304872,1777539304907,202,35.273
7043,exp-perf10000-007043-a7fc7029,1777539304872,1777539304906,202,34.120
7044,exp-perf10000-007044-131f303e,1777539304872,1777539304909,202,36.844
7045,exp-perf10000-007045-2dddcd62,1777539304873,1777539304907,202,33.985
7046,exp-perf10000-007046-eae84a71,1777539304873,1777539304909,202,36.188
7047,exp-perf10000-007047-a8457955,1777539304873,1777539304910,202,36.161
7048,exp-perf10000-007048-8d31101c,1777539304874,1777539304910,202,36.648
7049,exp-perf10000-007049-207231fe,1777539304874,1777539304909,202,35.533
7050,exp-perf10000-007050-58c3300c,1777539304874,1777539304911,202,36.448
7051,exp-perf10000-007051-b54f1052,1777539304875,1777539304909,202,34.857
7052,exp-perf10000-007052-ba5cbd48,1777539304875,1777539304911,202,36.177
7053,exp-perf10000-007053-2f89672a,1777539304875,1777539304910,202,35.010
7054,exp-perf10000-007054-62d3fb17,1777539304876,1777539304911,202,35.778
7055,exp-perf10000-007055-d165752c,1777539304876,1777539304911,202,34.771
7056,exp-perf10000-007056-e14a0cb3,1777539304876,1777539304912,202,35.959
7057,exp-perf10000-007057-c901a17a,1777539304877,1777539304912,202,35.311
7058,exp-perf10000-007058-e956ab14,1777539304877,1777539304913,202,35.698
7059,exp-perf10000-007059-548af7a3,1777539304877,1777539304912,202,34.355
7060,exp-perf10000-007060-981ca625,1777539304878,1777539304914,202,35.920
7061,exp-perf10000-007061-bb5167d7,1777539304878,1777539304912,202,34.482
7062,exp-perf10000-007062-56f3abd2,1777539304878,1777539304914,202,36.144
7063,exp-perf10000-007063-031ddeeb,1777539304878,1777539304913,202,34.381
7064,exp-perf10000-007064-09ec771d,1777539304879,1777539304917,202,37.585
7065,exp-perf10000-007065-20131a5c,1777539304879,1777539304913,202,34.352
7066,exp-perf10000-007066-8893a432,1777539304880,1777539304916,202,36.569
7067,exp-perf10000-007067-a1fe4a43,1777539304880,1777539304915,202,34.912
7068,exp-perf10000-007068-d2f5f802,1777539304880,1777539304917,202,37.133
7069,exp-perf10000-007069-18599d42,1777539304880,1777539304923,202,42.979
7070,exp-perf10000-007070-dface8cb,1777539304881,1777539304923,202,41.737
7071,exp-perf10000-007071-d3bead9b,1777539304881,1777539304919,202,37.626
7072,exp-perf10000-007072-bcd9595c,1777539304882,1777539304923,202,41.108
7073,exp-perf10000-007073-0e8df195,1777539304882,1777539304919,202,37.621
7074,exp-perf10000-007074-a9e482c1,1777539304882,1777539304923,202,41.246
7075,exp-perf10000-007075-e15427c6,1777539304882,1777539304920,202,37.607
7076,exp-perf10000-007076-4ea4d2ac,1777539304883,1777539304921,202,37.839
7077,exp-perf10000-007077-45496575,1777539304883,1777539304923,202,40.501
7078,exp-perf10000-007078-665462a4,1777539304883,1777539304923,202,40.036
7079,exp-perf10000-007079-c263ed9f,1777539304884,1777539304921,202,37.786
7080,exp-perf10000-007080-b2f976ee,1777539304884,1777539304923,202,39.389
7081,exp-perf10000-007081-400a8718,1777539304884,1777539304923,202,39.146
7082,exp-perf10000-007082-6f8eefeb,1777539304885,1777539304923,202,38.762
7083,exp-perf10000-007083-336ce52a,1777539304885,1777539304924,202,38.844
7084,exp-perf10000-007084-947ca1dc,1777539304886,1777539304923,202,37.935
7085,exp-perf10000-007085-5a74f735,1777539304886,1777539304922,202,35.710
7086,exp-perf10000-007086-b74cad4e,1777539304887,1777539304924,202,37.575
7087,exp-perf10000-007087-901efe82,1777539304887,1777539304925,202,37.743
7088,exp-perf10000-007088-804ffd70,1777539304887,1777539304924,202,36.907
7089,exp-perf10000-007089-64ca2212,1777539304888,1777539304925,202,37.697
7090,exp-perf10000-007090-5d977126,1777539304888,1777539304925,202,37.300
7091,exp-perf10000-007091-1afb8a85,1777539304888,1777539304926,202,37.856
7092,exp-perf10000-007092-bd042539,1777539304889,1777539304927,202,37.981
7093,exp-perf10000-007093-6957d099,1777539304889,1777539304927,202,37.644
7094,exp-perf10000-007094-d426b1e5,1777539304889,1777539304929,202,39.787
7095,exp-perf10000-007095-7d88eb83,1777539304890,1777539304927,202,37.590
7096,exp-perf10000-007096-14f12c6f,1777539304890,1777539304929,202,39.134
7097,exp-perf10000-007097-71c709d3,1777539304890,1777539304928,202,37.383
7098,exp-perf10000-007098-2b37853b,1777539304891,1777539304929,202,38.188
7099,exp-perf10000-007099-fdb6c193,1777539304891,1777539304929,202,37.615
7100,exp-perf10000-007100-239a3f0c,1777539304891,1777539304929,202,37.580
7101,exp-perf10000-007101-4b5b5026,1777539304892,1777539304929,202,37.663
7102,exp-perf10000-007102-588928ee,1777539304892,1777539304930,202,37.690
7103,exp-perf10000-007103-3dbc20ac,1777539304892,1777539304930,202,37.342
7104,exp-perf10000-007104-8ca908ef,1777539304893,1777539304930,202,37.332
7105,exp-perf10000-007105-2bf210e5,1777539304893,1777539304930,202,37.307
7106,exp-perf10000-007106-adbf7acd,1777539304893,1777539304931,202,37.187
7107,exp-perf10000-007107-3966ddea,1777539304894,1777539304931,202,37.192
7108,exp-perf10000-007108-399c337e,1777539304894,1777539304931,202,37.224
7109,exp-perf10000-007109-f1aa75fe,1777539304894,1777539304932,202,37.198
7110,exp-perf10000-007110-65fcc923,1777539304895,1777539304932,202,36.886
7111,exp-perf10000-007111-b56e53c5,1777539304895,1777539304932,202,36.798
7112,exp-perf10000-007112-9d456451,1777539304896,1777539304933,202,36.908
7113,exp-perf10000-007113-1c315ca5,1777539304896,1777539304933,202,36.884
7114,exp-perf10000-007114-9d0f28a9,1777539304896,1777539304933,202,37.010
7115,exp-perf10000-007115-cfd650dc,1777539304897,1777539304934,202,36.865
7116,exp-perf10000-007116-4e6d3b2f,1777539304897,1777539304934,202,36.882
7117,exp-perf10000-007117-514838ff,1777539304897,1777539304934,202,36.748
7118,exp-perf10000-007118-2dc63b7b,1777539304898,1777539304935,202,36.839
7119,exp-perf10000-007119-31d96c81,1777539304898,1777539304935,202,36.638
7120,exp-perf10000-007120-a6582a69,1777539304898,1777539304935,202,36.674
7121,exp-perf10000-007121-d8f5efba,1777539304899,1777539304936,202,36.723
7122,exp-perf10000-007122-bfbe0280,1777539304899,1777539304935,202,36.163
7123,exp-perf10000-007123-4a46506f,1777539304900,1777539304936,202,36.711
7124,exp-perf10000-007124-210a8f17,1777539304900,1777539304936,202,36.135
7125,exp-perf10000-007125-688a7a29,1777539304900,1777539304937,202,36.604
7126,exp-perf10000-007126-12c4fc69,1777539304901,1777539304938,202,36.853
7127,exp-perf10000-007127-f5e68127,1777539304901,1777539304937,202,36.102
7128,exp-perf10000-007128-755ab6f3,1777539304901,1777539304937,202,35.347
7129,exp-perf10000-007129-03803479,1777539304902,1777539304938,202,36.225
7130,exp-perf10000-007130-e201fba9,1777539304902,1777539304939,202,36.524
7131,exp-perf10000-007131-4ae9efe2,1777539304902,1777539304939,202,36.964
7132,exp-perf10000-007132-604a5e0e,1777539304902,1777539304939,202,36.214
7133,exp-perf10000-007133-6a15d28b,1777539304903,1777539304939,202,35.991
7134,exp-perf10000-007134-4c7be3ca,1777539304904,1777539304940,202,36.287
7135,exp-perf10000-007135-88474a29,1777539304904,1777539304940,202,36.140
7136,exp-perf10000-007136-0471e27c,1777539304905,1777539304941,202,35.700
7137,exp-perf10000-007137-d13f7fde,1777539304905,1777539304941,202,35.947
7138,exp-perf10000-007138-759750cc,1777539304906,1777539304941,202,35.304
7139,exp-perf10000-007139-2f891d6c,1777539304906,1777539304942,202,35.823
7140,exp-perf10000-007140-b3517601,1777539304906,1777539304942,202,36.108
7141,exp-perf10000-007141-a66cd04b,1777539304906,1777539304943,202,37.353
7142,exp-perf10000-007142-4d0296b7,1777539304906,1777539304942,202,35.620
7143,exp-perf10000-007143-f6cfb39a,1777539304907,1777539304945,202,37.849
7144,exp-perf10000-007144-0af23e80,1777539304907,1777539304943,202,35.805
7145,exp-perf10000-007145-3ab80f61,1777539304909,1777539304943,202,34.109
7146,exp-perf10000-007146-dd5d1a31,1777539304909,1777539304944,202,34.578
7147,exp-perf10000-007147-688d3938,1777539304910,1777539304945,202,35.859
7148,exp-perf10000-007148-a8bee0cf,1777539304910,1777539304946,202,35.913
7149,exp-perf10000-007149-efcf11ff,1777539304910,1777539304946,202,36.499
7150,exp-perf10000-007150-4af26f36,1777539304910,1777539304945,202,34.728
7151,exp-perf10000-007151-cb5d3def,1777539304910,1777539304947,202,36.700
7152,exp-perf10000-007152-164b1788,1777539304911,1777539304946,202,34.900
7153,exp-perf10000-007153-26fb736b,1777539304911,1777539304948,202,36.952
7154,exp-perf10000-007154-f2516b3b,1777539304911,1777539304946,202,34.939
7155,exp-perf10000-007155-e0642e65,1777539304911,1777539304947,202,35.404
7156,exp-perf10000-007156-1eb43e78,1777539304912,1777539304948,202,36.709
7157,exp-perf10000-007157-de19d58f,1777539304912,1777539304949,202,37.050
7158,exp-perf10000-007158-fe680070,1777539304912,1777539304947,202,35.052
7159,exp-perf10000-007159-da5aeb64,1777539304912,1777539304950,202,37.242
7160,exp-perf10000-007160-2e960d2d,1777539304913,1777539304948,202,35.379
7161,exp-perf10000-007161-ddf9f48b,1777539304913,1777539304950,202,37.378
7162,exp-perf10000-007162-bc6a0ea6,1777539304914,1777539304951,202,37.422
7163,exp-perf10000-007163-272d598c,1777539304914,1777539304949,202,34.742
7164,exp-perf10000-007164-99be1f56,1777539304915,1777539304949,202,34.857
7165,exp-perf10000-007165-80cf2059,1777539304915,1777539304952,202,36.897
7166,exp-perf10000-007166-2e770b42,1777539304916,1777539304950,202,33.742
7167,exp-perf10000-007167-daabc510,1777539304917,1777539304951,202,34.153
7168,exp-perf10000-007168-e63775e0,1777539304917,1777539304951,202,33.991
7169,exp-perf10000-007169-2197e22e,1777539304919,1777539304952,202,33.262
7170,exp-perf10000-007170-ef4f6419,1777539304919,1777539304953,202,33.295
7171,exp-perf10000-007171-5e7af183,1777539304920,1777539304953,202,33.358
7172,exp-perf10000-007172-ad10b3d0,1777539304921,1777539304954,202,33.308
7173,exp-perf10000-007173-9af07214,1777539304921,1777539304955,202,33.594
7174,exp-perf10000-007174-40b27170,1777539304922,1777539304952,202,29.913
7175,exp-perf10000-007175-f2eeee75,1777539304923,1777539304954,202,30.603
7176,exp-perf10000-007176-73fedca7,1777539304923,1777539304957,202,33.431
7177,exp-perf10000-007177-a6e30794,1777539304923,1777539304955,202,31.982
7178,exp-perf10000-007178-f0102a8d,1777539304924,1777539304954,202,30.668
7179,exp-perf10000-007179-c9fd4976,1777539304924,1777539304956,202,32.095
7180,exp-perf10000-007180-d91c3fa0,1777539304924,1777539304955,202,31.182
7181,exp-perf10000-007181-491a5917,1777539304924,1777539304953,202,29.257
7182,exp-perf10000-007182-d69ac453,1777539304924,1777539304958,202,34.351
7183,exp-perf10000-007183-7c1a3200,1777539304924,1777539304957,202,33.644
7184,exp-perf10000-007184-84052da7,1777539304924,1777539304956,202,32.282
7185,exp-perf10000-007185-254c5cc3,1777539304924,1777539304957,202,33.030
7186,exp-perf10000-007186-9e1c1142,1777539304924,1777539304956,202,32.116
7187,exp-perf10000-007187-a841f32b,1777539304924,1777539304959,202,34.299
7188,exp-perf10000-007188-380e7bab,1777539304925,1777539304958,202,32.823
7189,exp-perf10000-007189-6f6cff55,1777539304925,1777539304958,202,32.991
7190,exp-perf10000-007190-38e8f1a2,1777539304925,1777539304959,202,33.823
7191,exp-perf10000-007191-623cee7a,1777539304926,1777539304959,202,32.823
7192,exp-perf10000-007192-ef57f33b,1777539304927,1777539304960,202,32.975
7193,exp-perf10000-007193-831a65df,1777539304927,1777539304960,202,33.062
7194,exp-perf10000-007194-f66638ed,1777539304927,1777539304960,202,33.114
7195,exp-perf10000-007195-e3e5390b,1777539304928,1777539304961,202,33.367
7196,exp-perf10000-007196-db34a661,1777539304929,1777539304962,202,33.162
7197,exp-perf10000-007197-c0bcc6ee,1777539304929,1777539304961,202,31.708
7198,exp-perf10000-007198-310ccee0,1777539304929,1777539304961,202,32.201
7199,exp-perf10000-007199-0d5d0e82,1777539304929,1777539304962,202,32.919
7200,exp-perf10000-007200-8330cdc6,1777539304929,1777539304963,202,33.463
7201,exp-perf10000-007201-9998e7fb,1777539304929,1777539304962,202,33.003
7202,exp-perf10000-007202-ecfb3fef,1777539304930,1777539304963,202,33.448
7203,exp-perf10000-007203-54fb8e0d,1777539304930,1777539304963,202,33.536
7204,exp-perf10000-007204-6dc6284a,1777539304930,1777539304964,202,33.781
7205,exp-perf10000-007205-02e27c06,1777539304930,1777539304964,202,33.395
7206,exp-perf10000-007206-09dc554b,1777539304931,1777539304965,202,33.894
7207,exp-perf10000-007207-92120560,1777539304931,1777539304964,202,33.485
7208,exp-perf10000-007208-425cef5d,1777539304931,1777539304965,202,34.105
7209,exp-perf10000-007209-6d9b8a39,1777539304932,1777539304965,202,33.491
7210,exp-perf10000-007210-561ab5ac,1777539304932,1777539304966,202,34.189
7211,exp-perf10000-007211-dad7ec7f,1777539304932,1777539304966,202,33.810
7212,exp-perf10000-007212-031d90ed,1777539304933,1777539304967,202,34.128
7213,exp-perf10000-007213-a566a555,1777539304933,1777539304967,202,34.071
7214,exp-perf10000-007214-15d637ad,1777539304933,1777539304968,202,34.306
7215,exp-perf10000-007215-18408d8d,1777539304934,1777539304967,202,33.834
7216,exp-perf10000-007216-a6e48b39,1777539304934,1777539304968,202,34.257
7217,exp-perf10000-007217-7d17b51c,1777539304934,1777539304968,202,33.953
7218,exp-perf10000-007218-5206a031,1777539304935,1777539304969,202,34.557
7219,exp-perf10000-007219-902dba56,1777539304935,1777539304969,202,33.961
7220,exp-perf10000-007220-98ea0228,1777539304935,1777539304970,202,34.541
7221,exp-perf10000-007221-2cf187d9,1777539304935,1777539304969,202,33.940
7222,exp-perf10000-007222-2b4b0135,1777539304936,1777539304971,202,34.725
7223,exp-perf10000-007223-aacfb9f3,1777539304936,1777539304970,202,33.960
7224,exp-perf10000-007224-08501a41,1777539304936,1777539304971,202,34.677
7225,exp-perf10000-007225-b46703ea,1777539304937,1777539304971,202,34.137
7226,exp-perf10000-007226-2aff63d8,1777539304937,1777539304972,202,34.755
7227,exp-perf10000-007227-07901165,1777539304937,1777539304972,202,34.114
7228,exp-perf10000-007228-f2611054,1777539304938,1777539304972,202,34.666
7229,exp-perf10000-007229-161fccac,1777539304938,1777539304972,202,34.253
7230,exp-perf10000-007230-e28862c8,1777539304939,1777539304973,202,34.435
7231,exp-perf10000-007231-d18598a9,1777539304939,1777539304973,202,34.076
7232,exp-perf10000-007232-2ebd3081,1777539304939,1777539304974,202,34.280
7233,exp-perf10000-007233-70cb6dbe,1777539304939,1777539304973,202,33.990
7234,exp-perf10000-007234-2bd3e214,1777539304940,1777539304974,202,34.106
7235,exp-perf10000-007235-1837a549,1777539304940,1777539304974,202,34.028
7236,exp-perf10000-007236-c402924e,1777539304941,1777539304975,202,34.232
7237,exp-perf10000-007237-d7b5f40b,1777539304941,1777539304975,202,33.863
7238,exp-perf10000-007238-18c22f3d,1777539304941,1777539304976,202,34.254
7239,exp-perf10000-007239-7a4a2354,1777539304942,1777539304975,202,33.870
7240,exp-perf10000-007240-226d4fda,1777539304942,1777539304976,202,34.143
7241,exp-perf10000-007241-8942cda9,1777539304942,1777539304976,202,33.835
7242,exp-perf10000-007242-abb34e92,1777539304943,1777539304977,202,34.311
7243,exp-perf10000-007243-86cd71f4,1777539304943,1777539304978,202,34.416
7244,exp-perf10000-007244-c0574382,1777539304944,1777539304977,202,33.246
7245,exp-perf10000-007245-fa32c211,1777539304944,1777539304979,202,34.661
7246,exp-perf10000-007246-03b29be8,1777539304945,1777539304977,202,32.801
7247,exp-perf10000-007247-ea99dc2f,1777539304945,1777539304979,202,34.349
7248,exp-perf10000-007248-d5afcf78,1777539304946,1777539304978,202,32.631
7249,exp-perf10000-007249-cf7eafac,1777539304946,1777539304980,202,34.391
7250,exp-perf10000-007250-5895b3f5,1777539304946,1777539304979,202,33.074
7251,exp-perf10000-007251-36cdbb8f,1777539304946,1777539304981,202,35.016
7252,exp-perf10000-007252-0c8b8889,1777539304947,1777539304980,202,33.003
7253,exp-perf10000-007253-45280d92,1777539304947,1777539304982,202,35.062
7254,exp-perf10000-007254-3fa0beee,1777539304947,1777539304980,202,33.140
7255,exp-perf10000-007255-0b8a80c4,1777539304947,1777539304982,202,35.055
7256,exp-perf10000-007256-f30fb750,1777539304948,1777539304981,202,32.979
7257,exp-perf10000-007257-420964ab,1777539304948,1777539304983,202,34.978
7258,exp-perf10000-007258-1b565dd3,1777539304948,1777539304981,202,32.961
7259,exp-perf10000-007259-8fbd3649,1777539304949,1777539304984,202,35.003
7260,exp-perf10000-007260-fdbf2774,1777539304949,1777539304982,202,33.126
7261,exp-perf10000-007261-5dfea57b,1777539304949,1777539304985,202,35.291
7262,exp-perf10000-007262-9e0ad578,1777539304950,1777539304983,202,32.990
7263,exp-perf10000-007263-646a8972,1777539304950,1777539304986,202,35.669
7264,exp-perf10000-007264-231620d6,1777539304950,1777539304983,202,33.035
7265,exp-perf10000-007265-34427c39,1777539304951,1777539304986,202,35.662
7266,exp-perf10000-007266-4d462f8f,1777539304951,1777539304984,202,33.032
7267,exp-perf10000-007267-1e81582a,1777539304951,1777539304987,202,35.554
7268,exp-perf10000-007268-69544584,1777539304952,1777539304985,202,33.322
7269,exp-perf10000-007269-33b3213f,1777539304952,1777539304988,202,35.655
7270,exp-perf10000-007270-7c487646,1777539304952,1777539304986,202,33.537
7271,exp-perf10000-007271-a7ead638,1777539304953,1777539304988,202,35.538
7272,exp-perf10000-007272-a733338a,1777539304953,1777539304986,202,33.213
7273,exp-perf10000-007273-83dfbe46,1777539304953,1777539304989,202,35.737
7274,exp-perf10000-007274-a23a7155,1777539304954,1777539304987,202,33.184
7275,exp-perf10000-007275-c24671a9,1777539304954,1777539304990,202,35.820
7276,exp-perf10000-007276-8834ec6d,1777539304954,1777539304987,202,33.238
7277,exp-perf10000-007277-e40d5062,1777539304955,1777539304988,202,33.313
7278,exp-perf10000-007278-e5463b67,1777539304955,1777539304991,202,35.490
7279,exp-perf10000-007279-eb5a3f1c,1777539304956,1777539304989,202,33.294
7280,exp-perf10000-007280-10226cca,1777539304956,1777539304991,202,35.496
7281,exp-perf10000-007281-e0b1564e,1777539304956,1777539304989,202,33.388
7282,exp-perf10000-007282-7c76beb3,1777539304956,1777539304992,202,35.424
7283,exp-perf10000-007283-f0896e5e,1777539304957,1777539304990,202,33.420
7284,exp-perf10000-007284-ebb14770,1777539304957,1777539304993,202,35.502
7285,exp-perf10000-007285-d60778bd,1777539304957,1777539304991,202,33.436
7286,exp-perf10000-007286-5b10b918,1777539304958,1777539304993,202,35.490
7287,exp-perf10000-007287-f0784e74,1777539304958,1777539304991,202,33.347
7288,exp-perf10000-007288-85a22a41,1777539304958,1777539304994,202,35.518
7289,exp-perf10000-007289-aa859e05,1777539304959,1777539304992,202,33.413
7290,exp-perf10000-007290-bc1afb53,1777539304959,1777539304995,202,35.568
7291,exp-perf10000-007291-01a5d36a,1777539304959,1777539304993,202,33.357
7292,exp-perf10000-007292-4b0a287e,1777539304960,1777539304995,202,35.486
7293,exp-perf10000-007293-84c30fbf,1777539304960,1777539304993,202,33.397
7294,exp-perf10000-007294-703f9c73,1777539304960,1777539304996,202,35.647
7295,exp-perf10000-007295-ab2c6a14,1777539304961,1777539304994,202,33.347
7296,exp-perf10000-007296-5c6c3aff,1777539304961,1777539304997,202,35.662
7297,exp-perf10000-007297-45b09bb9,1777539304961,1777539304995,202,33.348
7298,exp-perf10000-007298-832f134e,1777539304962,1777539304997,202,35.608
7299,exp-perf10000-007299-e758910b,1777539304962,1777539304995,202,33.200
7300,exp-perf10000-007300-bc63d509,1777539304963,1777539304998,202,35.785
7301,exp-perf10000-007301-af987103,1777539304963,1777539304996,202,33.198
7302,exp-perf10000-007302-64e6c6a5,1777539304963,1777539304999,202,35.944
7303,exp-perf10000-007303-4030aa4d,1777539304963,1777539304997,202,33.297
7304,exp-perf10000-007304-0a80b66d,1777539304964,1777539305000,202,36.337
7305,exp-perf10000-007305-70d33983,1777539304964,1777539304997,202,33.355
7306,exp-perf10000-007306-43c6aa13,1777539304965,1777539305001,202,36.423
7307,exp-perf10000-007307-cd86e013,1777539304965,1777539304998,202,33.460
7308,exp-perf10000-007308-d5eed020,1777539304965,1777539305002,202,36.615
7309,exp-perf10000-007309-ddef8484,1777539304966,1777539304999,202,33.370
7310,exp-perf10000-007310-e64089bd,1777539304966,1777539305003,202,36.384
7311,exp-perf10000-007311-748f6d50,1777539304966,1777539305000,202,33.409
7312,exp-perf10000-007312-41513e3e,1777539304967,1777539305000,202,33.549
7313,exp-perf10000-007313-9c2b249d,1777539304967,1777539305003,202,36.310
7314,exp-perf10000-007314-9042b77c,1777539304967,1777539305005,202,37.248
7315,exp-perf10000-007315-92d154f4,1777539304968,1777539305001,202,33.793
7316,exp-perf10000-007316-c558588f,1777539304968,1777539305002,202,33.872
7317,exp-perf10000-007317-9486819b,1777539304968,1777539305006,202,37.283
7318,exp-perf10000-007318-8e7e39dd,1777539304969,1777539305006,202,37.332
7319,exp-perf10000-007319-403dd31b,1777539304969,1777539305003,202,33.535
7320,exp-perf10000-007320-85b0227c,1777539304969,1777539305007,202,37.510
7321,exp-perf10000-007321-f06ed4d6,1777539304970,1777539305003,202,33.731
7322,exp-perf10000-007322-12063d70,1777539304970,1777539305008,202,37.547
7323,exp-perf10000-007323-16fa943f,1777539304971,1777539305005,202,34.094
7324,exp-perf10000-007324-be1210fd,1777539304971,1777539305008,202,37.304
7325,exp-perf10000-007325-915b898a,1777539304971,1777539305005,202,34.097
7326,exp-perf10000-007326-690ad98f,1777539304972,1777539305009,202,37.408
7327,exp-perf10000-007327-2f23ea5c,1777539304972,1777539305006,202,34.448
7328,exp-perf10000-007328-d30fdb27,1777539304972,1777539305010,202,37.326
7329,exp-perf10000-007329-e6a55f9b,1777539304973,1777539305007,202,34.551
7330,exp-perf10000-007330-95b2b0dc,1777539304973,1777539305010,202,37.435
7331,exp-perf10000-007331-186ce178,1777539304973,1777539305008,202,34.626
7332,exp-perf10000-007332-797be26c,1777539304973,1777539305011,202,37.703
7333,exp-perf10000-007333-491fd785,1777539304974,1777539305008,202,34.645
7334,exp-perf10000-007334-46a5920c,1777539304974,1777539305009,202,34.829
7335,exp-perf10000-007335-b4a375ae,1777539304974,1777539305012,202,37.561
7336,exp-perf10000-007336-4dde9aa6,1777539304975,1777539305010,202,34.858
7337,exp-perf10000-007337-c9ebdab3,1777539304975,1777539305013,202,37.503
7338,exp-perf10000-007338-3ec1a508,1777539304976,1777539305010,202,34.917
7339,exp-perf10000-007339-869dc1cb,1777539304976,1777539305013,202,37.697
7340,exp-perf10000-007340-06d04bc8,1777539304976,1777539305011,202,34.940
7341,exp-perf10000-007341-17f43501,1777539304976,1777539305014,202,37.777
7342,exp-perf10000-007342-fb127aaa,1777539304977,1777539305012,202,34.955
7343,exp-perf10000-007343-d43af98b,1777539304977,1777539305015,202,37.797
7344,exp-perf10000-007344-3e479359,1777539304977,1777539305012,202,34.940
7345,exp-perf10000-007345-3ee07c24,1777539304978,1777539305016,202,38.296
7346,exp-perf10000-007346-c7055efa,1777539304978,1777539305013,202,34.886
7347,exp-perf10000-007347-75252669,1777539304979,1777539305017,202,38.396
7348,exp-perf10000-007348-cfafd055,1777539304979,1777539305014,202,34.835
7349,exp-perf10000-007349-98b5b31b,1777539304979,1777539305018,202,38.630
7350,exp-perf10000-007350-c3c48b54,1777539304980,1777539305015,202,35.118
7351,exp-perf10000-007351-b8d73f54,1777539304980,1777539305019,202,39.064
7352,exp-perf10000-007352-5e1b4ebe,1777539304980,1777539305015,202,35.086
7353,exp-perf10000-007353-8e54cfd3,1777539304981,1777539305016,202,35.348
7354,exp-perf10000-007354-721b8c08,1777539304981,1777539305020,202,39.294
7355,exp-perf10000-007355-4f56c91f,1777539304981,1777539305017,202,35.499
7356,exp-perf10000-007356-0305fc52,1777539304982,1777539305021,202,39.160
7357,exp-perf10000-007357-9b18638e,1777539304982,1777539305018,202,35.483
7358,exp-perf10000-007358-1d7d743e,1777539304983,1777539305022,202,39.485
7359,exp-perf10000-007359-f5977747,1777539304983,1777539305018,202,35.656
7360,exp-perf10000-007360-a1a77d84,1777539304983,1777539305023,202,39.938
7361,exp-perf10000-007361-052f4c87,1777539304983,1777539305019,202,35.836
7362,exp-perf10000-007362-5e8c870e,1777539304984,1777539305024,202,40.549
7363,exp-perf10000-007363-8ac3c2c0,1777539304984,1777539305020,202,35.897
7364,exp-perf10000-007364-fedb92b7,1777539304985,1777539305025,202,40.568
7365,exp-perf10000-007365-f6f76e9e,1777539304985,1777539305021,202,36.013
7366,exp-perf10000-007366-e0cb4020,1777539304986,1777539305026,202,40.262
7367,exp-perf10000-007367-0cc59d84,1777539304986,1777539305022,202,35.887
7368,exp-perf10000-007368-5105de8c,1777539304986,1777539305023,202,36.656
7369,exp-perf10000-007369-612ab031,1777539304986,1777539305027,202,40.394
7370,exp-perf10000-007370-0d17297f,1777539304987,1777539305024,202,37.152
7371,exp-perf10000-007371-da285988,1777539304987,1777539305028,202,40.610
7372,exp-perf10000-007372-baecb39d,1777539304988,1777539305025,202,37.351
7373,exp-perf10000-007373-ce3ef414,1777539304988,1777539305029,202,40.828
7374,exp-perf10000-007374-23a3779c,1777539304988,1777539305026,202,37.589
7375,exp-perf10000-007375-a1a64231,1777539304988,1777539305029,202,40.803
7376,exp-perf10000-007376-73a30b15,1777539304989,1777539305026,202,37.601
7377,exp-perf10000-007377-dade3db5,1777539304989,1777539305030,202,40.667
7378,exp-perf10000-007378-ebe21b9f,1777539304989,1777539305027,202,37.687
7379,exp-perf10000-007379-bf91d941,1777539304990,1777539305031,202,40.619
7380,exp-perf10000-007380-1a2f1fa9,1777539304990,1777539305028,202,37.746
7381,exp-perf10000-007381-32fb42e8,1777539304991,1777539305031,202,40.747
7382,exp-perf10000-007382-94a47a77,1777539304991,1777539305029,202,37.948
7383,exp-perf10000-007383-536cfd9d,1777539304991,1777539305032,202,40.865
7384,exp-perf10000-007384-ad433e8f,1777539304991,1777539305029,202,37.942
7385,exp-perf10000-007385-76b816af,1777539304992,1777539305033,202,41.038
7386,exp-perf10000-007386-9f0cbcc8,1777539304992,1777539305030,202,38.030
7387,exp-perf10000-007387-be7692b8,1777539304993,1777539305034,202,41.224
7388,exp-perf10000-007388-b4ff9175,1777539304993,1777539305031,202,38.320
7389,exp-perf10000-007389-b4dfad16,1777539304993,1777539305035,202,41.286
7390,exp-perf10000-007390-0c6a8ba6,1777539304993,1777539305032,202,38.846
7391,exp-perf10000-007391-d96de70b,1777539304994,1777539305035,202,41.232
7392,exp-perf10000-007392-14409511,1777539304994,1777539305033,202,38.722
7393,exp-perf10000-007393-fcfab8cc,1777539304995,1777539305036,202,41.537
7394,exp-perf10000-007394-635c84b0,1777539304995,1777539305034,202,38.937
7395,exp-perf10000-007395-ddbbfa88,1777539304995,1777539305037,202,41.497
7396,exp-perf10000-007396-9211e58a,1777539304995,1777539305035,202,39.203
7397,exp-perf10000-007397-e5dd9ac2,1777539304996,1777539305035,202,39.386
7398,exp-perf10000-007398-6d180ee2,1777539304996,1777539305037,202,41.329
7399,exp-perf10000-007399-0351e302,1777539304997,1777539305036,202,39.563
7400,exp-perf10000-007400-cbb09ad5,1777539304997,1777539305038,202,41.328
7401,exp-perf10000-007401-e44b4c74,1777539304997,1777539305037,202,39.528
7402,exp-perf10000-007402-c210a796,1777539304998,1777539305039,202,41.411
7403,exp-perf10000-007403-4d9ec575,1777539304998,1777539305038,202,39.448
7404,exp-perf10000-007404-fdb97d99,1777539304998,1777539305040,202,41.363
7405,exp-perf10000-007405-f3e5cd82,1777539304999,1777539305039,202,39.682
7406,exp-perf10000-007406-228b465f,1777539304999,1777539305041,202,41.819
7407,exp-perf10000-007407-510cdc24,1777539305000,1777539305039,202,39.526
7408,exp-perf10000-007408-bc62d7e3,1777539305000,1777539305042,202,42.021
7409,exp-perf10000-007409-bb52ea67,1777539305000,1777539305041,202,40.191
7410,exp-perf10000-007410-b582d626,1777539305001,1777539305043,202,41.889
7411,exp-perf10000-007411-9933b9e8,1777539305001,1777539305042,202,40.475
7412,exp-perf10000-007412-52432799,1777539305002,1777539305044,202,41.895
7413,exp-perf10000-007413-a38f679e,1777539305002,1777539305043,202,41.048
7414,exp-perf10000-007414-dae041bb,1777539305003,1777539305044,202,41.873
7415,exp-perf10000-007415-2954c650,1777539305003,1777539305044,202,41.189
7416,exp-perf10000-007416-c822e527,1777539305003,1777539305045,202,41.822
7417,exp-perf10000-007417-8b3d1048,1777539305003,1777539305045,202,41.239
7418,exp-perf10000-007418-c1826641,1777539305005,1777539305046,202,40.824
7419,exp-perf10000-007419-106dee8b,1777539305005,1777539305046,202,40.940
7420,exp-perf10000-007420-6a234eb4,1777539305005,1777539305046,202,40.958
7421,exp-perf10000-007421-a1a6bd60,1777539305006,1777539305047,202,41.017
7422,exp-perf10000-007422-da47b151,1777539305006,1777539305048,202,41.423
7423,exp-perf10000-007423-52933c32,1777539305006,1777539305047,202,40.986
7424,exp-perf10000-007424-8a161bc4,1777539305007,1777539305049,202,41.486
7425,exp-perf10000-007425-72d42554,1777539305007,1777539305048,202,41.240
7426,exp-perf10000-007426-cefc854f,1777539305008,1777539305049,202,41.452
7427,exp-perf10000-007427-a674e2ed,1777539305008,1777539305049,202,41.386
7428,exp-perf10000-007428-6e5a57aa,1777539305008,1777539305050,202,41.505
7429,exp-perf10000-007429-0553649e,1777539305008,1777539305050,202,41.655
7430,exp-perf10000-007430-52829a0d,1777539305009,1777539305050,202,41.453
7431,exp-perf10000-007431-240c8359,1777539305009,1777539305051,202,41.681
7432,exp-perf10000-007432-eb3f7ad1,1777539305010,1777539305052,202,41.788
7433,exp-perf10000-007433-d238e9cf,1777539305010,1777539305051,202,41.533
7434,exp-perf10000-007434-9e9638b4,1777539305010,1777539305052,202,41.734
7435,exp-perf10000-007435-feeb441c,1777539305010,1777539305052,202,41.892
7436,exp-perf10000-007436-388fc011,1777539305011,1777539305053,202,42.099
7437,exp-perf10000-007437-89929d18,1777539305011,1777539305053,202,41.524
7438,exp-perf10000-007438-95ac1a0c,1777539305012,1777539305054,202,42.009
7439,exp-perf10000-007439-00279f66,1777539305012,1777539305053,202,41.443
7440,exp-perf10000-007440-3fc8c3f2,1777539305012,1777539305054,202,42.033
7441,exp-perf10000-007441-ad9ac9bc,1777539305013,1777539305054,202,41.506
7442,exp-perf10000-007442-c4550ead,1777539305013,1777539305056,202,42.380
7443,exp-perf10000-007443-b7d063b2,1777539305013,1777539305055,202,41.431
7444,exp-perf10000-007444-82749a44,1777539305014,1777539305057,202,42.977
7445,exp-perf10000-007445-68f5aba6,1777539305014,1777539305056,202,41.643
7446,exp-perf10000-007446-b4228248,1777539305015,1777539305058,202,42.960
7447,exp-perf10000-007447-357f0dbd,1777539305015,1777539305057,202,41.661
7448,exp-perf10000-007448-3dea67bf,1777539305015,1777539305059,202,43.338
7449,exp-perf10000-007449-44d3b7c5,1777539305016,1777539305057,202,41.124
7450,exp-perf10000-007450-0caf0a51,1777539305016,1777539305060,202,43.553
7451,exp-perf10000-007451-519472e9,1777539305017,1777539305061,202,44.022
7452,exp-perf10000-007452-2facebf4,1777539305017,1777539305058,202,40.998
7453,exp-perf10000-007453-61ec35cf,1777539305018,1777539305062,202,44.492
7454,exp-perf10000-007454-f4ed54ec,1777539305018,1777539305059,202,41.041
7455,exp-perf10000-007455-28432731,1777539305018,1777539305063,202,44.514
7456,exp-perf10000-007456-4fe16b92,1777539305019,1777539305060,202,40.505
7457,exp-perf10000-007457-cfbce1e3,1777539305019,1777539305064,202,44.543
7458,exp-perf10000-007458-bb385b20,1777539305020,1777539305065,202,44.727
7459,exp-perf10000-007459-4e47868d,1777539305020,1777539305061,202,40.210
7460,exp-perf10000-007460-4a226af4,1777539305021,1777539305066,202,44.579
7461,exp-perf10000-007461-5a7fd797,1777539305021,1777539305062,202,41.017
7462,exp-perf10000-007462-de96ac93,1777539305022,1777539305067,202,44.777
7463,exp-perf10000-007463-ee3b4ba9,1777539305022,1777539305063,202,40.509
7464,exp-perf10000-007464-fb4f7030,1777539305023,1777539305068,202,44.669
7465,exp-perf10000-007465-695cf2e4,1777539305023,1777539305063,202,40.220
7466,exp-perf10000-007466-0c50178b,1777539305024,1777539305069,202,44.588
7467,exp-perf10000-007467-625bdbf2,1777539305024,1777539305064,202,39.711
7468,exp-perf10000-007468-6bf8cddb,1777539305025,1777539305069,202,44.396
7469,exp-perf10000-007469-ed7bf045,1777539305025,1777539305065,202,39.743
7470,exp-perf10000-007470-43c536c1,1777539305026,1777539305070,202,44.409
7471,exp-perf10000-007471-49c56356,1777539305026,1777539305066,202,40.103
7472,exp-perf10000-007472-eec4ecf3,1777539305026,1777539305071,202,44.591
7473,exp-perf10000-007473-3f6ab1ac,1777539305027,1777539305067,202,40.053
7474,exp-perf10000-007474-d3ed73e2,1777539305027,1777539305072,202,44.629
7475,exp-perf10000-007475-cadbf573,1777539305028,1777539305068,202,40.427
7476,exp-perf10000-007476-e92f60bb,1777539305028,1777539305072,202,44.491
7477,exp-perf10000-007477-cd647710,1777539305029,1777539305069,202,40.311
7478,exp-perf10000-007478-08fefc10,1777539305029,1777539305073,202,44.538
7479,exp-perf10000-007479-e72f478a,1777539305029,1777539305070,202,40.471
7480,exp-perf10000-007480-495931a0,1777539305029,1777539305074,202,44.630
7481,exp-perf10000-007481-f6108168,1777539305030,1777539305070,202,40.490
7482,exp-perf10000-007482-822be639,1777539305030,1777539305075,202,44.561
7483,exp-perf10000-007483-3dc07b26,1777539305031,1777539305071,202,40.754
7484,exp-perf10000-007484-1c760653,1777539305031,1777539305075,202,44.390
7485,exp-perf10000-007485-2c359917,1777539305031,1777539305072,202,40.388
7486,exp-perf10000-007486-9547480e,1777539305032,1777539305073,202,40.413
7487,exp-perf10000-007487-f5ecaeeb,1777539305032,1777539305076,202,43.995
7488,exp-perf10000-007488-f36b2d55,1777539305033,1777539305077,202,44.237
7489,exp-perf10000-007489-2034b723,1777539305033,1777539305073,202,40.500
7490,exp-perf10000-007490-733298b3,1777539305034,1777539305078,202,44.267
7491,exp-perf10000-007491-db6fb29c,1777539305034,1777539305074,202,40.350
7492,exp-perf10000-007492-9eaa1df6,1777539305035,1777539305075,202,40.400
7493,exp-perf10000-007493-b400eef0,1777539305035,1777539305079,202,44.026
7494,exp-perf10000-007494-a93bbd6a,1777539305035,1777539305076,202,40.777
7495,exp-perf10000-007495-e8066616,1777539305035,1777539305080,202,44.130
7496,exp-perf10000-007496-218d4a3a,1777539305036,1777539305077,202,40.701
7497,exp-perf10000-007497-f9d918be,1777539305036,1777539305080,202,44.049
7498,exp-perf10000-007498-e5a88339,1777539305037,1777539305078,202,41.090
7499,exp-perf10000-007499-9db078cb,1777539305037,1777539305081,202,44.203
7500,exp-perf10000-007500-eca82dfc,1777539305037,1777539305079,202,41.392
7501,exp-perf10000-007501-8ff35627,1777539305038,1777539305082,202,44.278
7502,exp-perf10000-007502-c3663d86,1777539305038,1777539305080,202,41.734
7503,exp-perf10000-007503-9640daa5,1777539305039,1777539305083,202,43.995
7504,exp-perf10000-007504-8f15e940,1777539305039,1777539305081,202,41.963
7505,exp-perf10000-007505-f6bcaa6a,1777539305039,1777539305084,202,44.266
7506,exp-perf10000-007506-3077c945,1777539305040,1777539305082,202,42.295
7507,exp-perf10000-007507-40ed1435,1777539305041,1777539305084,202,43.513
7508,exp-perf10000-007508-6282cefc,1777539305041,1777539305083,202,41.785
7509,exp-perf10000-007509-dc13a3d4,1777539305042,1777539305085,202,42.956
7510,exp-perf10000-007510-390f87e7,1777539305042,1777539305084,202,41.557
7511,exp-perf10000-007511-0d3d0227,1777539305043,1777539305085,202,41.842
7512,exp-perf10000-007512-7517d4a4,1777539305043,1777539305086,202,42.657
7513,exp-perf10000-007513-96407090,1777539305044,1777539305086,202,41.906
7514,exp-perf10000-007514-274e54f5,1777539305044,1777539305087,202,42.583
7515,exp-perf10000-007515-93a3d31e,1777539305044,1777539305087,202,42.199
7516,exp-perf10000-007516-6aeef899,1777539305045,1777539305087,202,42.537
7517,exp-perf10000-007517-ffdbd68d,1777539305045,1777539305088,202,42.411
7518,exp-perf10000-007518-b8b52814,1777539305046,1777539305088,202,42.305
7519,exp-perf10000-007519-90a5cf42,1777539305046,1777539305088,202,42.327
7520,exp-perf10000-007520-0d5d4b7a,1777539305046,1777539305089,202,42.371
7521,exp-perf10000-007521-b9b4457a,1777539305047,1777539305089,202,42.325
7522,exp-perf10000-007522-2cc064d1,1777539305047,1777539305089,202,41.809
7523,exp-perf10000-007523-6f61833b,1777539305048,1777539305090,202,42.264
7524,exp-perf10000-007524-ac227b30,1777539305048,1777539305090,202,41.708
7525,exp-perf10000-007525-40e81f58,1777539305049,1777539305091,202,42.132
7526,exp-perf10000-007526-0a39628a,1777539305049,1777539305091,202,42.196
7527,exp-perf10000-007527-f90b8992,1777539305049,1777539305091,202,41.398
7528,exp-perf10000-007528-8aa4533e,1777539305050,1777539305092,202,42.506
7529,exp-perf10000-007529-11def76a,1777539305050,1777539305091,202,41.257
7530,exp-perf10000-007530-d3965522,1777539305051,1777539305093,202,42.661
7531,exp-perf10000-007531-10ce5bb7,1777539305051,1777539305092,202,41.287
7532,exp-perf10000-007532-da4de7f6,1777539305051,1777539305094,202,42.637
7533,exp-perf10000-007533-95d89987,1777539305052,1777539305093,202,41.074
7534,exp-perf10000-007534-5511be78,1777539305052,1777539305095,202,42.579
7535,exp-perf10000-007535-b8806785,1777539305052,1777539305093,202,40.970
7536,exp-perf10000-007536-5548e1dc,1777539305053,1777539305095,202,42.716
7537,exp-perf10000-007537-efb32064,1777539305053,1777539305094,202,40.878
7538,exp-perf10000-007538-984b6b3b,1777539305053,1777539305096,202,42.899
7539,exp-perf10000-007539-d717b424,1777539305054,1777539305095,202,40.929
7540,exp-perf10000-007540-e2c5dd0e,1777539305054,1777539305097,202,42.989
7541,exp-perf10000-007541-e253f3f4,1777539305054,1777539305095,202,40.877
7542,exp-perf10000-007542-ffbfe9ae,1777539305055,1777539305098,202,43.277
7543,exp-perf10000-007543-d1575434,1777539305056,1777539305096,202,40.489
7544,exp-perf10000-007544-33e2b35f,1777539305056,1777539305099,202,43.417
7545,exp-perf10000-007545-a7d1051c,1777539305057,1777539305100,202,43.342
7546,exp-perf10000-007546-77125ed9,1777539305057,1777539305097,202,39.956
7547,exp-perf10000-007547-097698c2,1777539305057,1777539305101,202,44.015
7548,exp-perf10000-007548-e9523836,1777539305058,1777539305098,202,40.136
7549,exp-perf10000-007549-f4347cde,1777539305058,1777539305102,202,44.183
7550,exp-perf10000-007550-0d8ae046,1777539305059,1777539305098,202,39.700
7551,exp-perf10000-007551-04053e6f,1777539305059,1777539305103,202,44.227
7552,exp-perf10000-007552-cd58991d,1777539305060,1777539305104,202,44.527
7553,exp-perf10000-007553-7e2c84f5,1777539305060,1777539305099,202,39.209
7554,exp-perf10000-007554-03b305ae,1777539305061,1777539305105,202,44.210
7555,exp-perf10000-007555-80a45826,1777539305061,1777539305100,202,38.717
7556,exp-perf10000-007556-809e576e,1777539305062,1777539305101,202,38.275
7557,exp-perf10000-007557-fcaf4801,1777539305062,1777539305106,202,43.335
7558,exp-perf10000-007558-018a7c45,1777539305063,1777539305107,202,44.132
7559,exp-perf10000-007559-754dff26,1777539305063,1777539305102,202,38.702
7560,exp-perf10000-007560-468b5503,1777539305063,1777539305108,202,44.290
7561,exp-perf10000-007561-543376ba,1777539305064,1777539305103,202,38.608
7562,exp-perf10000-007562-bb633fe2,1777539305064,1777539305109,202,44.453
7563,exp-perf10000-007563-4a5e93ad,1777539305065,1777539305103,202,38.484
7564,exp-perf10000-007564-69e653dd,1777539305065,1777539305110,202,44.574
7565,exp-perf10000-007565-1a63d13a,1777539305066,1777539305104,202,38.360
7566,exp-perf10000-007566-e512274b,1777539305066,1777539305110,202,44.124
7567,exp-perf10000-007567-8762c6bc,1777539305067,1777539305105,202,38.324
7568,exp-perf10000-007568-76f5c3f5,1777539305067,1777539305111,202,44.152
7569,exp-perf10000-007569-61a5ad5f,1777539305068,1777539305106,202,37.961
7570,exp-perf10000-007570-d82f52d0,1777539305068,1777539305112,202,44.039
7571,exp-perf10000-007571-96a8febf,1777539305069,1777539305106,202,37.694
7572,exp-perf10000-007572-f48f8baa,1777539305069,1777539305113,202,43.877
7573,exp-perf10000-007573-453b4629,1777539305069,1777539305107,202,37.549
7574,exp-perf10000-007574-b512f5bb,1777539305070,1777539305114,202,44.022
7575,exp-perf10000-007575-6dade2f8,1777539305070,1777539305108,202,37.540
7576,exp-perf10000-007576-c3dc1786,1777539305070,1777539305114,202,43.988
7577,exp-perf10000-007577-db2c6cb8,1777539305071,1777539305109,202,37.682
7578,exp-perf10000-007578-5eba9e9e,1777539305071,1777539305115,202,43.775
7579,exp-perf10000-007579-73c900d0,1777539305072,1777539305116,202,44.154
7580,exp-perf10000-007580-4a657804,1777539305072,1777539305110,202,37.699
7581,exp-perf10000-007581-dbf7045c,1777539305072,1777539305110,202,37.512
7582,exp-perf10000-007582-b1f1660a,1777539305073,1777539305117,202,44.214
7583,exp-perf10000-007583-088fa369,1777539305073,1777539305111,202,37.390
7584,exp-perf10000-007584-0000a65f,1777539305074,1777539305117,202,43.947
7585,exp-perf10000-007585-7d2b65a0,1777539305074,1777539305111,202,37.350
7586,exp-perf10000-007586-ef7bee5a,1777539305074,1777539305118,202,44.116
7587,exp-perf10000-007587-632cd84c,1777539305075,1777539305112,202,37.516
7588,exp-perf10000-007588-29ad2ad4,1777539305075,1777539305119,202,44.028
7589,exp-perf10000-007589-c4c30ced,1777539305076,1777539305113,202,37.593
7590,exp-perf10000-007590-5eefdd59,1777539305076,1777539305120,202,43.936
7591,exp-perf10000-007591-8d38c697,1777539305076,1777539305114,202,37.568
7592,exp-perf10000-007592-04f987ad,1777539305077,1777539305121,202,43.931
7593,exp-perf10000-007593-f30de34f,1777539305077,1777539305115,202,37.449
7594,exp-perf10000-007594-d1dfc40f,1777539305078,1777539305122,202,44.184
7595,exp-perf10000-007595-8bb0e61b,1777539305078,1777539305115,202,37.309
7596,exp-perf10000-007596-cf3c17d8,1777539305079,1777539305116,202,37.338
7597,exp-perf10000-007597-6cd5fbd9,1777539305079,1777539305123,202,44.037
7598,exp-perf10000-007598-e20ecd7c,1777539305080,1777539305117,202,37.305
7599,exp-perf10000-007599-c57cdf40,1777539305080,1777539305124,202,43.980
7600,exp-perf10000-007600-e337a2b7,1777539305080,1777539305118,202,37.150
7601,exp-perf10000-007601-a4f612c7,1777539305081,1777539305125,202,43.648
7602,exp-perf10000-007602-7aa92a2e,1777539305081,1777539305118,202,36.917
7603,exp-perf10000-007603-01a8cc5a,1777539305082,1777539305119,202,36.877
7604,exp-perf10000-007604-9074241a,1777539305082,1777539305125,202,43.373
7605,exp-perf10000-007605-55849f77,1777539305083,1777539305120,202,37.023
7606,exp-perf10000-007606-27d3fa7c,1777539305083,1777539305126,202,43.258
7607,exp-perf10000-007607-9888ce2a,1777539305084,1777539305120,202,36.949
7608,exp-perf10000-007608-766e6f9d,1777539305084,1777539305127,202,42.941
7609,exp-perf10000-007609-fe21df77,1777539305084,1777539305121,202,37.099
7610,exp-perf10000-007610-5e9e55a5,1777539305085,1777539305128,202,42.790
7611,exp-perf10000-007611-ef7986ca,1777539305085,1777539305122,202,37.235
7612,exp-perf10000-007612-0b5b9969,1777539305086,1777539305128,202,42.537
7613,exp-perf10000-007613-1b79e784,1777539305086,1777539305123,202,37.022
7614,exp-perf10000-007614-402ebfa8,1777539305087,1777539305124,202,37.053
7615,exp-perf10000-007615-6a50b64d,1777539305087,1777539305129,202,42.397
7616,exp-perf10000-007616-9371cd51,1777539305087,1777539305124,202,36.884
7617,exp-perf10000-007617-e25d657a,1777539305088,1777539305130,202,42.076
7618,exp-perf10000-007618-bd9602a0,1777539305088,1777539305125,202,36.907
7619,exp-perf10000-007619-f8942756,1777539305088,1777539305130,202,42.165
7620,exp-perf10000-007620-00b6e6d4,1777539305089,1777539305126,202,36.859
7621,exp-perf10000-007621-fea7fcb8,1777539305089,1777539305131,202,42.089
7622,exp-perf10000-007622-999c797a,1777539305089,1777539305126,202,36.987
7623,exp-perf10000-007623-6fc9e488,1777539305090,1777539305132,202,42.079
7624,exp-perf10000-007624-87e9c359,1777539305090,1777539305127,202,36.766
7625,exp-perf10000-007625-cf4a44f5,1777539305091,1777539305128,202,37.050
7626,exp-perf10000-007626-2bb7e525,1777539305091,1777539305133,202,42.041
7627,exp-perf10000-007627-fe77b62f,1777539305091,1777539305128,202,37.120
7628,exp-perf10000-007628-0a0e1da2,1777539305091,1777539305134,202,42.101
7629,exp-perf10000-007629-9b86745c,1777539305092,1777539305129,202,37.075
7630,exp-perf10000-007630-519f71ed,1777539305092,1777539305134,202,41.980
7631,exp-perf10000-007631-ba260864,1777539305093,1777539305130,202,37.450
7632,exp-perf10000-007632-4aaf090c,1777539305093,1777539305135,202,41.781
7633,exp-perf10000-007633-1c254d83,1777539305093,1777539305131,202,37.654
7634,exp-perf10000-007634-94731799,1777539305094,1777539305136,202,41.806
7635,exp-perf10000-007635-900aa98f,1777539305094,1777539305132,202,37.807
7636,exp-perf10000-007636-f1319338,1777539305095,1777539305137,202,42.281
7637,exp-perf10000-007637-041aa644,1777539305095,1777539305133,202,37.840
7638,exp-perf10000-007638-22c4a04a,1777539305095,1777539305134,202,38.257
7639,exp-perf10000-007639-6d9d3d65,1777539305096,1777539305138,202,42.269
7640,exp-perf10000-007640-9baded5b,1777539305096,1777539305135,202,38.417
7641,exp-perf10000-007641-7428ef2f,1777539305096,1777539305139,202,42.193
7642,exp-perf10000-007642-ef3774d2,1777539305097,1777539305135,202,38.408
7643,exp-perf10000-007643-67d246ba,1777539305097,1777539305140,202,42.649
7644,exp-perf10000-007644-bb7ec5b6,1777539305098,1777539305136,202,38.284
7645,exp-perf10000-007645-3c700df5,1777539305098,1777539305141,202,42.414
7646,exp-perf10000-007646-3361b650,1777539305099,1777539305137,202,38.441
7647,exp-perf10000-007647-7ff13029,1777539305099,1777539305138,202,38.722
7648,exp-perf10000-007648-4784cf41,1777539305099,1777539305142,202,42.442
7649,exp-perf10000-007649-42896b72,1777539305100,1777539305139,202,38.951
7650,exp-perf10000-007650-c87b5ae5,1777539305100,1777539305142,202,42.365
7651,exp-perf10000-007651-8c078d58,1777539305101,1777539305140,202,39.135
7652,exp-perf10000-007652-20d20310,1777539305101,1777539305143,202,41.883
7653,exp-perf10000-007653-7f71c1f1,1777539305102,1777539305141,202,39.096
7654,exp-perf10000-007654-fe3f9330,1777539305102,1777539305144,202,41.551
7655,exp-perf10000-007655-4b24ca2e,1777539305103,1777539305142,202,39.512
7656,exp-perf10000-007656-07cbe3e5,1777539305103,1777539305143,202,39.405
7657,exp-perf10000-007657-733e9b43,1777539305103,1777539305145,202,41.297
7658,exp-perf10000-007658-04e36d6b,1777539305104,1777539305144,202,39.332
7659,exp-perf10000-007659-e4076adf,1777539305104,1777539305146,202,41.465
7660,exp-perf10000-007660-45db46ca,1777539305105,1777539305146,202,41.515
7661,exp-perf10000-007661-c76b47cf,1777539305105,1777539305144,202,39.219
7662,exp-perf10000-007662-0f9cd348,1777539305106,1777539305146,202,40.029
7663,exp-perf10000-007663-bd340dba,1777539305106,1777539305147,202,41.352
7664,exp-perf10000-007664-8234823f,1777539305106,1777539305147,202,40.238
7665,exp-perf10000-007665-d211f009,1777539305107,1777539305148,202,41.274
7666,exp-perf10000-007666-bd123f27,1777539305107,1777539305148,202,40.530
7667,exp-perf10000-007667-5b1e8674,1777539305108,1777539305149,202,41.282
7668,exp-perf10000-007668-196020a2,1777539305108,1777539305149,202,40.984
7669,exp-perf10000-007669-de7c039d,1777539305109,1777539305150,202,40.918
7670,exp-perf10000-007670-426861b4,1777539305109,1777539305150,202,40.790
7671,exp-perf10000-007671-a3922f66,1777539305110,1777539305151,202,40.932
7672,exp-perf10000-007672-f27b441c,1777539305110,1777539305150,202,40.664
7673,exp-perf10000-007673-e7e4d843,1777539305110,1777539305151,202,41.123
7674,exp-perf10000-007674-6dcc4bc5,1777539305110,1777539305151,202,40.571
7675,exp-perf10000-007675-77220218,1777539305111,1777539305152,202,41.228
7676,exp-perf10000-007676-034bae03,1777539305111,1777539305152,202,40.717
7677,exp-perf10000-007677-6705ba38,1777539305111,1777539305153,202,41.415
7678,exp-perf10000-007678-f4f431bd,1777539305112,1777539305153,202,40.273
7679,exp-perf10000-007679-f35daaa0,1777539305112,1777539305154,202,41.161
7680,exp-perf10000-007680-19a2d58a,1777539305113,1777539305153,202,40.260
7681,exp-perf10000-007681-3dc0d358,1777539305113,1777539305154,202,41.075
7682,exp-perf10000-007682-5e3ca80a,1777539305114,1777539305154,202,40.193
7683,exp-perf10000-007683-b70be3ad,1777539305114,1777539305155,202,41.129
7684,exp-perf10000-007684-c6116333,1777539305114,1777539305155,202,40.343
7685,exp-perf10000-007685-efedfb1e,1777539305115,1777539305156,202,41.415
7686,exp-perf10000-007686-dfb796cd,1777539305115,1777539305156,202,40.506
7687,exp-perf10000-007687-61207a6c,1777539305115,1777539305157,202,41.682
7688,exp-perf10000-007688-eb3b6c0f,1777539305116,1777539305156,202,40.335
7689,exp-perf10000-007689-c4b0278b,1777539305116,1777539305158,202,42.105
7690,exp-perf10000-007690-5d910594,1777539305117,1777539305157,202,40.289
7691,exp-perf10000-007691-585f27f8,1777539305117,1777539305159,202,41.833
7692,exp-perf10000-007692-945390bf,1777539305117,1777539305158,202,40.523
7693,exp-perf10000-007693-754cfb1e,1777539305118,1777539305160,202,42.135
7694,exp-perf10000-007694-771b4925,1777539305118,1777539305161,202,43.005
7695,exp-perf10000-007695-a2d672d3,1777539305118,1777539305159,202,40.337
7696,exp-perf10000-007696-360c6897,1777539305119,1777539305163,202,43.868
7697,exp-perf10000-007697-05d8cc1d,1777539305119,1777539305160,202,40.429
7698,exp-perf10000-007698-ac9ea0dd,1777539305120,1777539305164,202,43.976
7699,exp-perf10000-007699-5d4a3850,1777539305120,1777539305160,202,40.193
7700,exp-perf10000-007700-fb28674c,1777539305121,1777539305165,202,44.289
7701,exp-perf10000-007701-ce05de64,1777539305121,1777539305162,202,41.003
7702,exp-perf10000-007702-a072ea71,1777539305121,1777539305166,202,44.499
7703,exp-perf10000-007703-2e04a63f,1777539305122,1777539305163,202,40.618
7704,exp-perf10000-007704-bd60a52c,1777539305122,1777539305167,202,44.463
7705,exp-perf10000-007705-ca04a9ed,1777539305123,1777539305167,202,44.581
7706,exp-perf10000-007706-29e4b9d4,1777539305123,1777539305163,202,40.398
7707,exp-perf10000-007707-62159e05,1777539305124,1777539305168,202,44.679
7708,exp-perf10000-007708-2e4b9f99,1777539305124,1777539305164,202,40.493
7709,exp-perf10000-007709-70b3d102,1777539305124,1777539305169,202,44.868
7710,exp-perf10000-007710-7aa5dba6,1777539305125,1777539305165,202,40.638
7711,exp-perf10000-007711-bea0e7a0,1777539305125,1777539305170,202,44.852
7712,exp-perf10000-007712-a35ae1ce,1777539305125,1777539305166,202,40.476
7713,exp-perf10000-007713-5c931aec,1777539305126,1777539305171,202,44.969
7714,exp-perf10000-007714-1733fbf1,1777539305126,1777539305167,202,40.494
7715,exp-perf10000-007715-88942747,1777539305126,1777539305171,202,45.098
7716,exp-perf10000-007716-6be9ab7d,1777539305127,1777539305167,202,40.519
7717,exp-perf10000-007717-fa40824b,1777539305127,1777539305172,202,45.399
7718,exp-perf10000-007718-2fa4b688,1777539305128,1777539305168,202,40.364
7719,exp-perf10000-007719-f2427d23,1777539305128,1777539305173,202,45.355
7720,exp-perf10000-007720-dff80e49,1777539305128,1777539305169,202,40.464
7721,exp-perf10000-007721-9832b702,1777539305128,1777539305174,202,45.192
7722,exp-perf10000-007722-1984ff75,1777539305129,1777539305169,202,40.359
7723,exp-perf10000-007723-1c61149e,1777539305129,1777539305175,202,45.342
7724,exp-perf10000-007724-d3837439,1777539305130,1777539305170,202,40.432
7725,exp-perf10000-007725-7c366788,1777539305130,1777539305175,202,45.124
7726,exp-perf10000-007726-3675defa,1777539305131,1777539305171,202,40.388
7727,exp-perf10000-007727-4732740a,1777539305131,1777539305176,202,44.832
7728,exp-perf10000-007728-2cc4a81e,1777539305131,1777539305172,202,40.384
7729,exp-perf10000-007729-5d3f9ff0,1777539305132,1777539305177,202,44.856
7730,exp-perf10000-007730-357eb9e6,1777539305132,1777539305172,202,40.259
7731,exp-perf10000-007731-ed509722,1777539305133,1777539305178,202,45.034
7732,exp-perf10000-007732-22219cfb,1777539305133,1777539305173,202,40.370
7733,exp-perf10000-007733-3127fc24,1777539305134,1777539305174,202,40.034
7734,exp-perf10000-007734-caf5b2c2,1777539305134,1777539305178,202,44.777
7735,exp-perf10000-007735-9749ed9b,1777539305134,1777539305174,202,39.930
7736,exp-perf10000-007736-6e88f3d5,1777539305135,1777539305179,202,44.748
7737,exp-perf10000-007737-46119034,1777539305135,1777539305175,202,39.968
7738,exp-perf10000-007738-493f9faa,1777539305135,1777539305180,202,44.741
7739,exp-perf10000-007739-d92a9f23,1777539305136,1777539305176,202,39.996
7740,exp-perf10000-007740-c14a97a0,1777539305136,1777539305181,202,44.656
7741,exp-perf10000-007741-31bc76e5,1777539305137,1777539305182,202,44.872
7742,exp-perf10000-007742-2e0c14c5,1777539305137,1777539305177,202,39.479
7743,exp-perf10000-007743-70613eda,1777539305138,1777539305183,202,44.773
7744,exp-perf10000-007744-c562c1fe,1777539305138,1777539305177,202,39.459
7745,exp-perf10000-007745-060a4f53,1777539305139,1777539305178,202,39.434
7746,exp-perf10000-007746-de7079de,1777539305139,1777539305184,202,44.809
7747,exp-perf10000-007747-65d24e8f,1777539305140,1777539305184,202,44.712
7748,exp-perf10000-007748-d22eaa6e,1777539305140,1777539305179,202,38.819
7749,exp-perf10000-007749-ac8b95bd,1777539305141,1777539305179,202,38.671
7750,exp-perf10000-007750-0563b2c6,1777539305141,1777539305189,202,47.763
7751,exp-perf10000-007751-dfdde4b1,1777539305142,1777539305180,202,38.241
7752,exp-perf10000-007752-e724dbbf,1777539305142,1777539305189,202,46.558
7753,exp-perf10000-007753-2d218f7c,1777539305142,1777539305181,202,38.214
7754,exp-perf10000-007754-5ba037a5,1777539305143,1777539305188,202,45.520
7755,exp-perf10000-007755-1a9993ab,1777539305143,1777539305181,202,38.154
7756,exp-perf10000-007756-e132c67f,1777539305144,1777539305188,202,44.747
7757,exp-perf10000-007757-63622cdd,1777539305144,1777539305182,202,38.311
7758,exp-perf10000-007758-b0d6770e,1777539305144,1777539305188,202,43.981
7759,exp-perf10000-007759-47fe5cee,1777539305145,1777539305183,202,38.269
7760,exp-perf10000-007760-a13bd64c,1777539305146,1777539305189,202,43.727
7761,exp-perf10000-007761-ae5de61d,1777539305146,1777539305184,202,37.976
7762,exp-perf10000-007762-195a94df,1777539305147,1777539305184,202,37.971
7763,exp-perf10000-007763-4285e52d,1777539305147,1777539305191,202,44.147
7764,exp-perf10000-007764-903b0282,1777539305147,1777539305185,202,38.213
7765,exp-perf10000-007765-547cb597,1777539305148,1777539305191,202,43.853
7766,exp-perf10000-007766-d3cfa4da,1777539305148,1777539305186,202,37.895
7767,exp-perf10000-007767-48f51821,1777539305149,1777539305193,202,43.804
7768,exp-perf10000-007768-2f052a46,1777539305149,1777539305187,202,37.608
7769,exp-perf10000-007769-a868c0ad,1777539305150,1777539305193,202,43.783
7770,exp-perf10000-007770-90f48451,1777539305150,1777539305187,202,37.763
7771,exp-perf10000-007771-c8a795ed,1777539305150,1777539305188,202,37.590
7772,exp-perf10000-007772-714a99fc,1777539305151,1777539305194,202,43.694
7773,exp-perf10000-007773-a82e02cc,1777539305151,1777539305189,202,37.968
7774,exp-perf10000-007774-db0eda1c,1777539305151,1777539305195,202,43.836
7775,exp-perf10000-007775-575c36e9,1777539305152,1777539305191,202,38.558
7776,exp-perf10000-007776-46297495,1777539305152,1777539305196,202,43.695
7777,exp-perf10000-007777-012d7248,1777539305153,1777539305191,202,38.512
7778,exp-perf10000-007778-5a629c60,1777539305153,1777539305197,202,43.857
7779,exp-perf10000-007779-e5d4147a,1777539305153,1777539305192,202,39.009
7780,exp-perf10000-007780-313699e8,1777539305154,1777539305198,202,43.949
7781,exp-perf10000-007781-9554ea67,1777539305154,1777539305193,202,39.037
7782,exp-perf10000-007782-544da86c,1777539305154,1777539305199,202,44.275
7783,exp-perf10000-007783-49aae80f,1777539305155,1777539305194,202,39.194
7784,exp-perf10000-007784-5966ac44,1777539305155,1777539305199,202,44.172
7785,exp-perf10000-007785-d888dfe9,1777539305156,1777539305195,202,39.078
7786,exp-perf10000-007786-b79b1ea7,1777539305156,1777539305200,202,43.884
7787,exp-perf10000-007787-af3584ce,1777539305156,1777539305196,202,39.182
7788,exp-perf10000-007788-34a7dfb6,1777539305157,1777539305201,202,43.461
7789,exp-perf10000-007789-9edd4b83,1777539305157,1777539305196,202,39.116
7790,exp-perf10000-007790-da25976e,1777539305158,1777539305197,202,38.971
7791,exp-perf10000-007791-5147459e,1777539305158,1777539305201,202,42.999
7792,exp-perf10000-007792-d26603ef,1777539305159,1777539305198,202,39.062
7793,exp-perf10000-007793-c3a5edcd,1777539305159,1777539305202,202,43.090
7794,exp-perf10000-007794-f706caf3,1777539305160,1777539305199,202,39.115
7795,exp-perf10000-007795-e6859fc1,1777539305160,1777539305203,202,42.705
7796,exp-perf10000-007796-d4c43a5b,1777539305160,1777539305199,202,38.960
7797,exp-perf10000-007797-36ba61a4,1777539305161,1777539305203,202,41.918
7798,exp-perf10000-007798-92fd147b,1777539305162,1777539305200,202,37.950
7799,exp-perf10000-007799-16ee97be,1777539305163,1777539305204,202,40.959
7800,exp-perf10000-007800-d3a224fa,1777539305163,1777539305201,202,37.622
7801,exp-perf10000-007801-56b6e2d1,1777539305163,1777539305201,202,37.796
7802,exp-perf10000-007802-e1c10f8a,1777539305164,1777539305205,202,40.870
7803,exp-perf10000-007803-b80461c0,1777539305165,1777539305202,202,37.406
7804,exp-perf10000-007804-69a9863f,1777539305165,1777539305205,202,40.290
7805,exp-perf10000-007805-cafd10b9,1777539305165,1777539305202,202,37.056
7806,exp-perf10000-007806-bf85fd93,1777539305166,1777539305206,202,39.985
7807,exp-perf10000-007807-ca20e8d7,1777539305166,1777539305203,202,37.050
7808,exp-perf10000-007808-622db318,1777539305167,1777539305206,202,39.677
7809,exp-perf10000-007809-2a5d99ed,1777539305167,1777539305204,202,36.990
7810,exp-perf10000-007810-f7a59c5a,1777539305167,1777539305204,202,37.016
7811,exp-perf10000-007811-f5b2b23a,1777539305168,1777539305207,202,39.450
7812,exp-perf10000-007812-c3d73eaf,1777539305168,1777539305205,202,37.017
7813,exp-perf10000-007813-1bcf653e,1777539305168,1777539305208,202,39.260
7814,exp-perf10000-007814-32a890ee,1777539305169,1777539305206,202,37.267
7815,exp-perf10000-007815-dd1d7823,1777539305169,1777539305208,202,39.249
7816,exp-perf10000-007816-d14ed47e,1777539305169,1777539305207,202,37.050
7817,exp-perf10000-007817-c5930b85,1777539305170,1777539305209,202,39.218
7818,exp-perf10000-007818-f34da663,1777539305170,1777539305207,202,36.731
7819,exp-perf10000-007819-fa762f4e,1777539305171,1777539305210,202,38.990
7820,exp-perf10000-007820-4049b4ec,1777539305171,1777539305208,202,36.787
7821,exp-perf10000-007821-c5a3c741,1777539305171,1777539305211,202,39.041
7822,exp-perf10000-007822-5e1aca42,1777539305172,1777539305208,202,36.638
7823,exp-perf10000-007823-da4a6e27,1777539305172,1777539305211,202,38.813
7824,exp-perf10000-007824-ed58b033,1777539305172,1777539305209,202,36.425
7825,exp-perf10000-007825-ff2f63f8,1777539305173,1777539305212,202,38.613
7826,exp-perf10000-007826-03318034,1777539305173,1777539305209,202,36.250
7827,exp-perf10000-007827-847126ee,1777539305174,1777539305210,202,36.685
7828,exp-perf10000-007828-f2a40581,1777539305174,1777539305212,202,38.648
7829,exp-perf10000-007829-fecd15fa,1777539305174,1777539305211,202,36.414
7830,exp-perf10000-007830-59960e23,1777539305175,1777539305213,202,38.420
7831,exp-perf10000-007831-49635c43,1777539305175,1777539305212,202,36.486
7832,exp-perf10000-007832-53eb0443,1777539305175,1777539305214,202,38.540
7833,exp-perf10000-007833-29b25a1a,1777539305176,1777539305215,202,38.653
7834,exp-perf10000-007834-eef03930,1777539305176,1777539305212,202,36.080
7835,exp-perf10000-007835-b2705be6,1777539305177,1777539305213,202,36.040
7836,exp-perf10000-007836-95fa60db,1777539305177,1777539305215,202,38.429
7837,exp-perf10000-007837-21c66e85,1777539305177,1777539305213,202,36.085
7838,exp-perf10000-007838-ce887f81,1777539305178,1777539305216,202,38.260
7839,exp-perf10000-007839-54f8ba02,1777539305178,1777539305214,202,35.927
7840,exp-perf10000-007840-8ce29fd5,1777539305179,1777539305217,202,38.164
7841,exp-perf10000-007841-0f145075,1777539305179,1777539305215,202,36.119
7842,exp-perf10000-007842-33bdf6d1,1777539305179,1777539305217,202,37.818
7843,exp-perf10000-007843-80cce1f9,1777539305179,1777539305215,202,35.901
7844,exp-perf10000-007844-47308bb7,1777539305180,1777539305216,202,36.040
7845,exp-perf10000-007845-7cc38227,1777539305180,1777539305218,202,37.762
7846,exp-perf10000-007846-2c7f2a1b,1777539305181,1777539305216,202,35.802
7847,exp-perf10000-007847-6d872047,1777539305181,1777539305219,202,37.636
7848,exp-perf10000-007848-7615c0cf,1777539305181,1777539305217,202,35.839
7849,exp-perf10000-007849-68d88a7c,1777539305182,1777539305219,202,37.174
7850,exp-perf10000-007850-19d58f6b,1777539305182,1777539305218,202,35.574
7851,exp-perf10000-007851-b1afd7d8,1777539305183,1777539305220,202,37.048
7852,exp-perf10000-007852-404c2d29,1777539305183,1777539305218,202,35.342
7853,exp-perf10000-007853-10740c46,1777539305184,1777539305221,202,36.979
7854,exp-perf10000-007854-49e00e1c,1777539305184,1777539305219,202,35.215
7855,exp-perf10000-007855-7bc936b1,1777539305185,1777539305221,202,36.567
7856,exp-perf10000-007856-19093d7a,1777539305185,1777539305220,202,35.209
7857,exp-perf10000-007857-1c482d0d,1777539305185,1777539305221,202,35.152
7858,exp-perf10000-007858-d6c34bfc,1777539305186,1777539305221,202,35.062
7859,exp-perf10000-007859-cb9607c2,1777539305187,1777539305222,202,35.055
7860,exp-perf10000-007860-939ac431,1777539305187,1777539305222,202,34.784
7861,exp-perf10000-007861-ff5ddca9,1777539305188,1777539305223,202,34.728
7862,exp-perf10000-007862-15210b1e,1777539305188,1777539305222,202,33.321
7863,exp-perf10000-007863-8edcd649,1777539305188,1777539305222,202,33.902
7864,exp-perf10000-007864-4a18e6ae,1777539305189,1777539305223,202,34.377
7865,exp-perf10000-007865-3efd353e,1777539305189,1777539305224,202,34.850
7866,exp-perf10000-007866-730baf3b,1777539305189,1777539305224,202,35.431
7867,exp-perf10000-007867-a03328e8,1777539305189,1777539305223,202,34.348
7868,exp-perf10000-007868-cfd2793a,1777539305189,1777539305225,202,35.333
7869,exp-perf10000-007869-d04ae8ec,1777539305191,1777539305224,202,33.635
7870,exp-perf10000-007870-b62690ff,1777539305191,1777539305225,202,34.575
7871,exp-perf10000-007871-f88ec228,1777539305191,1777539305225,202,33.818
7872,exp-perf10000-007872-a5a25212,1777539305191,1777539305226,202,34.930
7873,exp-perf10000-007873-5ec48440,1777539305192,1777539305225,202,33.140
7874,exp-perf10000-007874-05465066,1777539305193,1777539305227,202,34.554
7875,exp-perf10000-007875-567645a6,1777539305193,1777539305226,202,33.404
7876,exp-perf10000-007876-cf17b3fb,1777539305193,1777539305229,202,35.747
7877,exp-perf10000-007877-604c9abc,1777539305194,1777539305227,202,33.474
7878,exp-perf10000-007878-a7c70dab,1777539305194,1777539305229,202,35.054
7879,exp-perf10000-007879-51cd0aa3,1777539305195,1777539305229,202,34.262
7880,exp-perf10000-007880-6d9abad1,1777539305195,1777539305230,202,35.301
7881,exp-perf10000-007881-bd9c34af,1777539305196,1777539305230,202,34.010
7882,exp-perf10000-007882-726e0636,1777539305196,1777539305233,202,36.727
7883,exp-perf10000-007883-9dda984f,1777539305196,1777539305232,202,35.801
7884,exp-perf10000-007884-319b4dd5,1777539305197,1777539305234,202,36.857
7885,exp-perf10000-007885-e6828a57,1777539305197,1777539305233,202,35.782
7886,exp-perf10000-007886-943cc16f,1777539305198,1777539305234,202,36.880
7887,exp-perf10000-007887-0270abc7,1777539305198,1777539305233,202,35.034
7888,exp-perf10000-007888-ac11db6c,1777539305199,1777539305235,202,36.313
7889,exp-perf10000-007889-200672be,1777539305199,1777539305233,202,34.126
7890,exp-perf10000-007890-93d9fc95,1777539305199,1777539305234,202,34.474
7891,exp-perf10000-007891-0dccbfee,1777539305199,1777539305235,202,36.022
7892,exp-perf10000-007892-5d6e1877,1777539305200,1777539305234,202,34.426
7893,exp-perf10000-007893-3170bf43,1777539305200,1777539305237,202,36.721
7894,exp-perf10000-007894-0c6ad6d5,1777539305201,1777539305235,202,34.333
7895,exp-perf10000-007895-fcb6fd71,1777539305201,1777539305237,202,36.186
7896,exp-perf10000-007896-92102010,1777539305201,1777539305235,202,33.970
7897,exp-perf10000-007897-0df33f1f,1777539305201,1777539305237,202,35.731
7898,exp-perf10000-007898-cf7299ea,1777539305202,1777539305238,202,36.018
7899,exp-perf10000-007899-266ffa96,1777539305202,1777539305236,202,33.946
7900,exp-perf10000-007900-682f9005,1777539305202,1777539305237,202,34.314
7901,exp-perf10000-007901-10e86fec,1777539305203,1777539305239,202,36.747
7902,exp-perf10000-007902-7e91d244,1777539305203,1777539305238,202,34.436
7903,exp-perf10000-007903-a77a5561,1777539305203,1777539305240,202,36.639
7904,exp-perf10000-007904-113cda1c,1777539305204,1777539305238,202,34.247
7905,exp-perf10000-007905-8dad36a4,1777539305204,1777539305241,202,36.677
7906,exp-perf10000-007906-a327eb61,1777539305204,1777539305239,202,34.976
7907,exp-perf10000-007907-45173c5e,1777539305205,1777539305241,202,36.537
7908,exp-perf10000-007908-2a9d33d2,1777539305205,1777539305240,202,34.774
7909,exp-perf10000-007909-2fb83856,1777539305205,1777539305242,202,36.586
7910,exp-perf10000-007910-17733689,1777539305206,1777539305243,202,36.766
7911,exp-perf10000-007911-6841e811,1777539305206,1777539305241,202,34.655
7912,exp-perf10000-007912-0dff9f43,1777539305206,1777539305243,202,37.001
7913,exp-perf10000-007913-bedaf103,1777539305207,1777539305242,202,35.000
7914,exp-perf10000-007914-eafc8a63,1777539305207,1777539305242,202,35.246
7915,exp-perf10000-007915-d939d1ec,1777539305207,1777539305245,202,37.625
7916,exp-perf10000-007916-150506be,1777539305208,1777539305245,202,37.726
7917,exp-perf10000-007917-67cf4f04,1777539305208,1777539305243,202,35.066
7918,exp-perf10000-007918-ce71537e,1777539305208,1777539305244,202,35.375
7919,exp-perf10000-007919-05fd9282,1777539305208,1777539305246,202,37.710
7920,exp-perf10000-007920-05c3a9c3,1777539305209,1777539305245,202,35.614
7921,exp-perf10000-007921-1208f3db,1777539305209,1777539305247,202,37.922
7922,exp-perf10000-007922-ee44549c,1777539305210,1777539305245,202,35.877
7923,exp-perf10000-007923-36a59162,1777539305210,1777539305248,202,38.286
7924,exp-perf10000-007924-2f5ea4d1,1777539305210,1777539305246,202,35.814
7925,exp-perf10000-007925-5789e6d5,1777539305211,1777539305249,202,38.161
7926,exp-perf10000-007926-2b2eab85,1777539305211,1777539305247,202,36.115
7927,exp-perf10000-007927-deff4522,1777539305211,1777539305250,202,38.415
7928,exp-perf10000-007928-a663b116,1777539305212,1777539305248,202,36.259
7929,exp-perf10000-007929-53b5c82e,1777539305212,1777539305251,202,39.511
7930,exp-perf10000-007930-529da68e,1777539305212,1777539305249,202,36.821
7931,exp-perf10000-007931-5cb9ce0d,1777539305212,1777539305253,202,40.168
7932,exp-perf10000-007932-b5b01f80,1777539305213,1777539305250,202,37.208
7933,exp-perf10000-007933-3002e9b6,1777539305213,1777539305253,202,40.031
7934,exp-perf10000-007934-228b9a1c,1777539305213,1777539305252,202,38.251
7935,exp-perf10000-007935-70fe8955,1777539305214,1777539305254,202,40.387
7936,exp-perf10000-007936-485b7fa3,1777539305214,1777539305252,202,38.225
7937,exp-perf10000-007937-9b3cd5d1,1777539305215,1777539305256,202,41.208
7938,exp-perf10000-007938-5523ee59,1777539305215,1777539305253,202,38.504
7939,exp-perf10000-007939-3f89422c,1777539305215,1777539305257,202,41.826
7940,exp-perf10000-007940-0bf89bdb,1777539305215,1777539305255,202,39.168
7941,exp-perf10000-007941-6e4e14ac,1777539305216,1777539305256,202,40.474
7942,exp-perf10000-007942-712f76a2,1777539305216,1777539305258,202,41.794
7943,exp-perf10000-007943-86446875,1777539305217,1777539305258,202,41.616
7944,exp-perf10000-007944-64b37fa2,1777539305217,1777539305258,202,41.083
7945,exp-perf10000-007945-59e78b50,1777539305217,1777539305259,202,41.451
7946,exp-perf10000-007946-348283f0,1777539305217,1777539305258,202,40.888
7947,exp-perf10000-007947-42b827a7,1777539305218,1777539305260,202,42.025
7948,exp-perf10000-007948-8b117c6d,1777539305218,1777539305260,202,41.967
7949,exp-perf10000-007949-4a59507b,1777539305219,1777539305260,202,41.819
7950,exp-perf10000-007950-7722cf08,1777539305219,1777539305260,202,41.130
7951,exp-perf10000-007951-9084a8b3,1777539305219,1777539305261,202,42.351
7952,exp-perf10000-007952-92816910,1777539305219,1777539305261,202,41.860
7953,exp-perf10000-007953-70591cdb,1777539305220,1777539305262,202,42.133
7954,exp-perf10000-007954-a436d6fb,1777539305220,1777539305262,202,42.014
7955,exp-perf10000-007955-a0b81a79,1777539305221,1777539305263,202,42.262
7956,exp-perf10000-007956-935b5a52,1777539305221,1777539305263,202,42.530
7957,exp-perf10000-007957-cb1d5b37,1777539305221,1777539305264,202,42.670
7958,exp-perf10000-007958-b8d60a72,1777539305221,1777539305264,202,42.584
7959,exp-perf10000-007959-007afa70,1777539305222,1777539305264,202,42.737
7960,exp-perf10000-007960-ca0ce2b7,1777539305222,1777539305264,202,42.604
7961,exp-perf10000-007961-d4147f1f,1777539305222,1777539305265,202,42.744
7962,exp-perf10000-007962-f5b51ce8,1777539305222,1777539305265,202,42.560
7963,exp-perf10000-007963-8460f4b8,1777539305223,1777539305266,202,42.811
7964,exp-perf10000-007964-ead816e9,1777539305223,1777539305266,202,42.740
7965,exp-perf10000-007965-ce591b4c,1777539305224,1777539305268,202,44.460
7966,exp-perf10000-007966-f9122e22,1777539305224,1777539305268,202,44.064
7967,exp-perf10000-007967-d99cd73e,1777539305224,1777539305268,202,44.161
7968,exp-perf10000-007968-cddc503d,1777539305224,1777539305268,202,44.075
7969,exp-perf10000-007969-6dffa7a8,1777539305225,1777539305268,202,43.573
7970,exp-perf10000-007970-82aea8f0,1777539305225,1777539305269,202,44.032
7971,exp-perf10000-007971-76eb52f2,1777539305225,1777539305269,202,43.654
7972,exp-perf10000-007972-2c8249c9,1777539305226,1777539305269,202,43.751
7973,exp-perf10000-007973-f6ab627e,1777539305226,1777539305270,202,43.603
7974,exp-perf10000-007974-3ca60f08,1777539305226,1777539305270,202,43.709
7975,exp-perf10000-007975-92e2e40e,1777539305227,1777539305271,202,43.298
7976,exp-perf10000-007976-a58073b1,1777539305228,1777539305271,202,43.255
7977,exp-perf10000-007977-edde971d,1777539305229,1777539305271,202,42.403
7978,exp-perf10000-007978-4ffa4313,1777539305229,1777539305271,202,41.823
7979,exp-perf10000-007979-5b624f14,1777539305229,1777539305272,202,42.331
7980,exp-perf10000-007980-d062ccb2,1777539305230,1777539305272,202,42.729
7981,exp-perf10000-007981-7806b3b5,1777539305230,1777539305273,202,42.144
7982,exp-perf10000-007982-bf2fdb3b,1777539305232,1777539305273,202,40.669
7983,exp-perf10000-007983-3e350537,1777539305233,1777539305273,202,40.379
7984,exp-perf10000-007984-549a60a9,1777539305233,1777539305275,202,41.900
7985,exp-perf10000-007985-c92b4c32,1777539305233,1777539305274,202,41.262
7986,exp-perf10000-007986-b79240d4,1777539305233,1777539305274,202,40.536
7987,exp-perf10000-007987-91eaa85b,1777539305234,1777539305274,202,40.127
7988,exp-perf10000-007988-40991890,1777539305234,1777539305276,202,41.701
7989,exp-perf10000-007989-9c321d33,1777539305234,1777539305276,202,41.711
7990,exp-perf10000-007990-3841031b,1777539305235,1777539305274,202,39.927
7991,exp-perf10000-007991-cd954709,1777539305235,1777539305277,202,42.034
7992,exp-perf10000-007992-c5c6161d,1777539305235,1777539305275,202,40.162
7993,exp-perf10000-007993-32adb9ac,1777539305235,1777539305278,202,42.453
7994,exp-perf10000-007994-66fc2a88,1777539305235,1777539305276,202,40.476
7995,exp-perf10000-007995-3b49af65,1777539305236,1777539305279,202,42.712
7996,exp-perf10000-007996-c4f47cc8,1777539305237,1777539305279,202,42.535
7997,exp-perf10000-007997-dc96e7d0,1777539305237,1777539305278,202,40.706
7998,exp-perf10000-007998-882f55dc,1777539305237,1777539305277,202,39.777
7999,exp-perf10000-007999-a936fcc5,1777539305237,1777539305278,202,40.994
8000,exp-perf10000-008000-f6fce63d,1777539305238,1777539305280,202,42.452
8001,exp-perf10000-008001-37d6dcd2,1777539305238,1777539305279,202,41.001
8002,exp-perf10000-008002-92ba8f4d,1777539305238,1777539305281,202,42.611
8003,exp-perf10000-008003-127be4c1,1777539305239,1777539305280,202,40.406
8004,exp-perf10000-008004-02a0b3f3,1777539305240,1777539305281,202,41.971
8005,exp-perf10000-008005-c54f5ca6,1777539305240,1777539305280,202,40.513
8006,exp-perf10000-008006-84a0d87f,1777539305240,1777539305283,202,42.484
8007,exp-perf10000-008007-0a2ef69c,1777539305241,1777539305281,202,40.453
8008,exp-perf10000-008008-04f6dc93,1777539305241,1777539305283,202,42.321
8009,exp-perf10000-008009-ea786eff,1777539305241,1777539305286,202,44.843
8010,exp-perf10000-008010-0eec36a2,1777539305242,1777539305284,202,42.265
8011,exp-perf10000-008011-0f74c047,1777539305242,1777539305286,202,44.156
8012,exp-perf10000-008012-0184a9b8,1777539305242,1777539305285,202,42.555
8013,exp-perf10000-008013-8db85f1d,1777539305243,1777539305286,202,43.361
8014,exp-perf10000-008014-61f5a73c,1777539305243,1777539305285,202,42.522
8015,exp-perf10000-008015-f407b56c,1777539305243,1777539305286,202,42.500
8016,exp-perf10000-008016-94e2c045,1777539305244,1777539305287,202,43.116
8017,exp-perf10000-008017-750fd01b,1777539305245,1777539305287,202,42.575
8018,exp-perf10000-008018-0aa6837c,1777539305245,1777539305286,202,41.269
8019,exp-perf10000-008019-5bbcdfe9,1777539305245,1777539305288,202,42.096
8020,exp-perf10000-008020-5c06c6e9,1777539305246,1777539305286,202,40.148
8021,exp-perf10000-008021-184684e6,1777539305246,1777539305288,202,41.983
8022,exp-perf10000-008022-e233228d,1777539305246,1777539305287,202,40.638
8023,exp-perf10000-008023-f52744c5,1777539305247,1777539305287,202,40.120
8024,exp-perf10000-008024-133e150f,1777539305247,1777539305289,202,42.018
8025,exp-perf10000-008025-6d925b4e,1777539305248,1777539305290,202,41.760
8026,exp-perf10000-008026-720a6052,1777539305248,1777539305288,202,39.508
8027,exp-perf10000-008027-40bb1c43,1777539305249,1777539305288,202,39.582
8028,exp-perf10000-008028-72f62d62,1777539305249,1777539305290,202,41.370
8029,exp-perf10000-008029-19066dba,1777539305250,1777539305289,202,39.248
8030,exp-perf10000-008030-8601def3,1777539305250,1777539305291,202,40.936
8031,exp-perf10000-008031-446fd611,1777539305251,1777539305289,202,38.046
8032,exp-perf10000-008032-ebfd1de1,1777539305252,1777539305292,202,39.946
8033,exp-perf10000-008033-2d0556ed,1777539305252,1777539305292,202,40.071
8034,exp-perf10000-008034-747f7e5c,1777539305253,1777539305290,202,37.428
8035,exp-perf10000-008035-131d4019,1777539305253,1777539305291,202,37.567
8036,exp-perf10000-008036-fc6f1bfe,1777539305253,1777539305293,202,39.566
8037,exp-perf10000-008037-577cdcd9,1777539305254,1777539305291,202,37.059
8038,exp-perf10000-008038-6cd0bf06,1777539305255,1777539305294,202,39.326
8039,exp-perf10000-008039-bf66c7e5,1777539305256,1777539305292,202,36.069
8040,exp-perf10000-008040-20072abc,1777539305257,1777539305295,202,38.298
8041,exp-perf10000-008041-768829ea,1777539305257,1777539305293,202,35.527
8042,exp-perf10000-008042-4912ccda,1777539305258,1777539305294,202,36.084
8043,exp-perf10000-008043-75e39b43,1777539305258,1777539305293,202,34.913
8044,exp-perf10000-008044-ce195633,1777539305258,1777539305296,202,37.778
8045,exp-perf10000-008045-b2ae18f4,1777539305258,1777539305296,202,37.103
8046,exp-perf10000-008046-5cbf291d,1777539305259,1777539305295,202,36.407
8047,exp-perf10000-008047-0192ce9d,1777539305260,1777539305296,202,35.958
8048,exp-perf10000-008048-41503e24,1777539305260,1777539305297,202,36.924
8049,exp-perf10000-008049-4051f1a6,1777539305260,1777539305296,202,36.440
8050,exp-perf10000-008050-eb5672d8,1777539305260,1777539305298,202,37.212
8051,exp-perf10000-008051-a98fab92,1777539305261,1777539305297,202,35.959
8052,exp-perf10000-008052-fe9f8b31,1777539305261,1777539305298,202,36.950
8053,exp-perf10000-008053-2cfd69a3,1777539305262,1777539305298,202,35.892
8054,exp-perf10000-008054-236f0a38,1777539305262,1777539305299,202,37.061
8055,exp-perf10000-008055-a2c4d9f7,1777539305263,1777539305298,202,35.400
8056,exp-perf10000-008056-ed43c9be,1777539305263,1777539305300,202,36.398
8057,exp-perf10000-008057-8cd889c4,1777539305264,1777539305300,202,36.670
8058,exp-perf10000-008058-d98ffad6,1777539305264,1777539305299,202,35.444
8059,exp-perf10000-008059-fe6686d8,1777539305264,1777539305301,202,36.709
8060,exp-perf10000-008060-56241651,1777539305264,1777539305300,202,35.416
8061,exp-perf10000-008061-9a7a5355,1777539305265,1777539305301,202,35.668
8062,exp-perf10000-008062-63d336e0,1777539305265,1777539305302,202,36.963
8063,exp-perf10000-008063-04a93ce2,1777539305266,1777539305303,202,36.973
8064,exp-perf10000-008064-1342bfad,1777539305266,1777539305301,202,35.509
8065,exp-perf10000-008065-6ec9305e,1777539305268,1777539305302,202,34.063
8066,exp-perf10000-008066-91f6506c,1777539305268,1777539305303,202,35.139
8067,exp-perf10000-008067-9ebdc909,1777539305268,1777539305304,202,35.540
8068,exp-perf10000-008068-b04cc2d0,1777539305269,1777539305302,202,33.810
8069,exp-perf10000-008069-bcdf9e3b,1777539305269,1777539305303,202,34.480
8070,exp-perf10000-008070-6104d1df,1777539305269,1777539305305,202,35.587
8071,exp-perf10000-008071-64ad0d09,1777539305269,1777539305304,202,34.853
8072,exp-perf10000-008072-7d437323,1777539305269,1777539305305,202,35.926
8073,exp-perf10000-008073-3080c0e0,1777539305270,1777539305305,202,34.599
8074,exp-perf10000-008074-0029f556,1777539305270,1777539305306,202,35.656
8075,exp-perf10000-008075-4382d771,1777539305271,1777539305305,202,34.690
8076,exp-perf10000-008076-30ca7b3c,1777539305271,1777539305307,202,35.769
8077,exp-perf10000-008077-e93d414b,1777539305271,1777539305306,202,34.835
8078,exp-perf10000-008078-bd476920,1777539305272,1777539305307,202,35.731
8079,exp-perf10000-008079-6b18a0db,1777539305272,1777539305306,202,34.623
8080,exp-perf10000-008080-9a020392,1777539305272,1777539305308,202,35.404
8081,exp-perf10000-008081-46246934,1777539305273,1777539305307,202,34.532
8082,exp-perf10000-008082-802932b9,1777539305273,1777539305308,202,35.631
8083,exp-perf10000-008083-5fec5fa4,1777539305273,1777539305308,202,34.446
8084,exp-perf10000-008084-a753418d,1777539305274,1777539305309,202,35.632
8085,exp-perf10000-008085-034e8068,1777539305274,1777539305308,202,34.415
8086,exp-perf10000-008086-e83a7dc0,1777539305274,1777539305310,202,35.623
8087,exp-perf10000-008087-b681a1dd,1777539305275,1777539305309,202,34.422
8088,exp-perf10000-008088-264ea71e,1777539305275,1777539305311,202,35.680
8089,exp-perf10000-008089-465fdc0c,1777539305275,1777539305310,202,34.429
8090,exp-perf10000-008090-33983118,1777539305276,1777539305311,202,35.560
8091,exp-perf10000-008091-877e8c4a,1777539305276,1777539305310,202,34.234
8092,exp-perf10000-008092-ac8c0a78,1777539305276,1777539305312,202,35.518
8093,exp-perf10000-008093-edef482d,1777539305277,1777539305311,202,34.125
8094,exp-perf10000-008094-8df90dee,1777539305277,1777539305312,202,35.399
8095,exp-perf10000-008095-a4d98b96,1777539305278,1777539305311,202,33.869
8096,exp-perf10000-008096-1e48d083,1777539305278,1777539305313,202,35.078
8097,exp-perf10000-008097-7b9aa5d1,1777539305278,1777539305312,202,33.772
8098,exp-perf10000-008098-53328b84,1777539305279,1777539305314,202,34.966
8099,exp-perf10000-008099-1523bdf2,1777539305279,1777539305313,202,33.661
8100,exp-perf10000-008100-d4004190,1777539305279,1777539305314,202,34.909
8101,exp-perf10000-008101-954add7f,1777539305280,1777539305313,202,33.680
8102,exp-perf10000-008102-2d4ec323,1777539305280,1777539305315,202,34.967
8103,exp-perf10000-008103-925cc000,1777539305280,1777539305314,202,33.619
8104,exp-perf10000-008104-6c79756c,1777539305281,1777539305316,202,35.067
8105,exp-perf10000-008105-440d3e7f,1777539305281,1777539305315,202,33.665
8106,exp-perf10000-008106-4aa56540,1777539305281,1777539305317,202,35.012
8107,exp-perf10000-008107-2ed2a4c3,1777539305283,1777539305317,202,34.658
8108,exp-perf10000-008108-37572f92,1777539305283,1777539305318,202,34.858
8109,exp-perf10000-008109-6da7b65b,1777539305284,1777539305319,202,35.065
8110,exp-perf10000-008110-8b91582e,1777539305285,1777539305320,202,34.743
8111,exp-perf10000-008111-2ef466f3,1777539305285,1777539305320,202,34.786
8112,exp-perf10000-008112-2fd6cc46,1777539305286,1777539305316,202,29.787
8113,exp-perf10000-008113-56304cd5,1777539305286,1777539305316,202,30.008
8114,exp-perf10000-008114-9b5ef0ad,1777539305286,1777539305317,202,30.552
8115,exp-perf10000-008115-bc13ec67,1777539305286,1777539305318,202,31.104
8116,exp-perf10000-008116-c030cddc,1777539305287,1777539305318,202,31.791
8117,exp-perf10000-008117-cc8d398b,1777539305287,1777539305319,202,32.365
8118,exp-perf10000-008118-681dfb46,1777539305287,1777539305321,202,33.931
8119,exp-perf10000-008119-9b08f0b6,1777539305287,1777539305320,202,32.912
8120,exp-perf10000-008120-9d37273f,1777539305287,1777539305321,202,33.458
8121,exp-perf10000-008121-775a95ef,1777539305287,1777539305322,202,34.368
8122,exp-perf10000-008122-ef8a2b2a,1777539305288,1777539305321,202,33.707
8123,exp-perf10000-008123-1ee1dcdd,1777539305288,1777539305322,202,34.624
8124,exp-perf10000-008124-dd3e08ee,1777539305288,1777539305323,202,34.745
8125,exp-perf10000-008125-430cefd9,1777539305288,1777539305322,202,33.660
8126,exp-perf10000-008126-d86cc28d,1777539305289,1777539305323,202,33.792
8127,exp-perf10000-008127-a50dcd0b,1777539305289,1777539305324,202,34.529
8128,exp-perf10000-008128-9a08bb4a,1777539305290,1777539305323,202,33.790
8129,exp-perf10000-008129-8b059206,1777539305290,1777539305324,202,34.538
8130,exp-perf10000-008130-51940d43,1777539305290,1777539305324,202,33.885
8131,exp-perf10000-008131-0ccced39,1777539305290,1777539305325,202,34.568
8132,exp-perf10000-008132-04564ed6,1777539305291,1777539305325,202,33.863
8133,exp-perf10000-008133-7213a713,1777539305291,1777539305326,202,34.573
8134,exp-perf10000-008134-4f16196e,1777539305291,1777539305325,202,33.824
8135,exp-perf10000-008135-925c6c5c,1777539305292,1777539305326,202,34.468
8136,exp-perf10000-008136-201cb556,1777539305292,1777539305326,202,33.993
8137,exp-perf10000-008137-c3fa06bb,1777539305292,1777539305327,202,34.298
8138,exp-perf10000-008138-07a3ce41,1777539305293,1777539305327,202,34.113
8139,exp-perf10000-008139-67213289,1777539305293,1777539305327,202,34.425
8140,exp-perf10000-008140-341f6177,1777539305293,1777539305328,202,34.289
8141,exp-perf10000-008141-c83eea00,1777539305294,1777539305328,202,34.063
8142,exp-perf10000-008142-f7f8343c,1777539305294,1777539305328,202,34.061
8143,exp-perf10000-008143-32573242,1777539305295,1777539305329,202,33.951
8144,exp-perf10000-008144-06356283,1777539305295,1777539305329,202,33.875
8145,exp-perf10000-008145-ae16ca1d,1777539305296,1777539305330,202,33.960
8146,exp-perf10000-008146-0dbedd7e,1777539305296,1777539305330,202,33.994
8147,exp-perf10000-008147-1cf68df6,1777539305296,1777539305330,202,33.967
8148,exp-perf10000-008148-0d65dcba,1777539305296,1777539305331,202,34.165
8149,exp-perf10000-008149-12d0aaae,1777539305297,1777539305331,202,34.000
8150,exp-perf10000-008150-7b4ddd80,1777539305297,1777539305331,202,34.423
8151,exp-perf10000-008151-bd2c3602,1777539305298,1777539305332,202,33.983
8152,exp-perf10000-008152-f8f4bb42,1777539305298,1777539305332,202,34.355
8153,exp-perf10000-008153-9a461408,1777539305298,1777539305333,202,34.415
8154,exp-perf10000-008154-9226dc57,1777539305299,1777539305332,202,33.832
8155,exp-perf10000-008155-6a88aeae,1777539305299,1777539305333,202,34.009
8156,exp-perf10000-008156-4df1f98c,1777539305299,1777539305334,202,34.368
8157,exp-perf10000-008157-f1dd5f4c,1777539305300,1777539305334,202,34.196
8158,exp-perf10000-008158-07042bdd,1777539305300,1777539305334,202,34.437
8159,exp-perf10000-008159-3351f2b6,1777539305300,1777539305335,202,34.183
8160,exp-perf10000-008160-1c1c146d,1777539305301,1777539305335,202,34.431
8161,exp-perf10000-008161-56f13117,1777539305301,1777539305335,202,34.172
8162,exp-perf10000-008162-9004139f,1777539305301,1777539305336,202,34.754
8163,exp-perf10000-008163-c06cdae9,1777539305302,1777539305337,202,35.010
8164,exp-perf10000-008164-9ff3fbe8,1777539305302,1777539305336,202,34.216
8165,exp-perf10000-008165-d28a4028,1777539305303,1777539305338,202,35.075
8166,exp-perf10000-008166-ccb81524,1777539305303,1777539305337,202,34.358
8167,exp-perf10000-008167-7b31d205,1777539305303,1777539305338,202,34.390
8168,exp-perf10000-008168-e4cac672,1777539305303,1777539305338,202,34.923
8169,exp-perf10000-008169-f21c1557,1777539305304,1777539305338,202,34.345
8170,exp-perf10000-008170-e57ed745,1777539305304,1777539305339,202,35.015
8171,exp-perf10000-008171-bad7e9d3,1777539305305,1777539305339,202,34.317
8172,exp-perf10000-008172-69558e47,1777539305305,1777539305340,202,35.155
8173,exp-perf10000-008173-e483abd8,1777539305305,1777539305340,202,34.360
8174,exp-perf10000-008174-57997535,1777539305305,1777539305341,202,35.227
8175,exp-perf10000-008175-9879aa02,1777539305306,1777539305340,202,34.499
8176,exp-perf10000-008176-ae48df14,1777539305306,1777539305341,202,35.201
8177,exp-perf10000-008177-ec55061a,1777539305306,1777539305342,202,35.566
8178,exp-perf10000-008178-2f1847b3,1777539305307,1777539305341,202,34.461
8179,exp-perf10000-008179-2d6e8874,1777539305307,1777539305343,202,35.546
8180,exp-perf10000-008180-74a1d24f,1777539305307,1777539305342,202,34.494
8181,exp-perf10000-008181-b9afd651,1777539305308,1777539305343,202,35.655
8182,exp-perf10000-008182-ff548142,1777539305308,1777539305342,202,34.489
8183,exp-perf10000-008183-d42d6175,1777539305308,1777539305344,202,35.658
8184,exp-perf10000-008184-b2f1efde,1777539305309,1777539305343,202,34.467
8185,exp-perf10000-008185-681d12c4,1777539305309,1777539305345,202,35.758
8186,exp-perf10000-008186-1d34bab7,1777539305309,1777539305344,202,34.430
8187,exp-perf10000-008187-4734d306,1777539305310,1777539305345,202,35.858
8188,exp-perf10000-008188-43e95a81,1777539305310,1777539305344,202,34.440
8189,exp-perf10000-008189-0d0f7eac,1777539305310,1777539305346,202,35.945
8190,exp-perf10000-008190-cf2e3360,1777539305311,1777539305345,202,34.348
8191,exp-perf10000-008191-155748d3,1777539305311,1777539305347,202,36.053
8192,exp-perf10000-008192-1b3b8bc1,1777539305311,1777539305346,202,34.539
8193,exp-perf10000-008193-7bd0e56e,1777539305312,1777539305348,202,36.169
8194,exp-perf10000-008194-b391bcf0,1777539305312,1777539305346,202,34.528
8195,exp-perf10000-008195-4840805e,1777539305312,1777539305348,202,36.349
8196,exp-perf10000-008196-387e23f9,1777539305312,1777539305347,202,34.479
8197,exp-perf10000-008197-89b4cbab,1777539305313,1777539305349,202,36.399
8198,exp-perf10000-008198-b41de590,1777539305313,1777539305348,202,34.544
8199,exp-perf10000-008199-3ba83683,1777539305313,1777539305350,202,36.382
8200,exp-perf10000-008200-4d578f00,1777539305314,1777539305348,202,34.466
8201,exp-perf10000-008201-0a0ec293,1777539305314,1777539305351,202,36.442
8202,exp-perf10000-008202-1c86a770,1777539305314,1777539305349,202,34.505
8203,exp-perf10000-008203-3ec9dddf,1777539305315,1777539305351,202,36.602
8204,exp-perf10000-008204-ea8cb4fd,1777539305315,1777539305350,202,34.467
8205,exp-perf10000-008205-c4e6d548,1777539305316,1777539305352,202,36.414
8206,exp-perf10000-008206-9504eb5f,1777539305316,1777539305350,202,34.354
8207,exp-perf10000-008207-ae5779bd,1777539305316,1777539305353,202,36.511
8208,exp-perf10000-008208-2b0e4571,1777539305317,1777539305351,202,34.279
8209,exp-perf10000-008209-91b8fbc2,1777539305317,1777539305353,202,36.631
8210,exp-perf10000-008210-eae64ea8,1777539305317,1777539305352,202,34.263
8211,exp-perf10000-008211-63d35814,1777539305318,1777539305354,202,36.826
8212,exp-perf10000-008212-2e4a56c9,1777539305318,1777539305352,202,34.070
8213,exp-perf10000-008213-bfb15d2f,1777539305318,1777539305355,202,36.752
8214,exp-perf10000-008214-c98c207d,1777539305319,1777539305353,202,33.926
8215,exp-perf10000-008215-da6817dc,1777539305319,1777539305356,202,37.041
8216,exp-perf10000-008216-48415607,1777539305320,1777539305354,202,34.092
8217,exp-perf10000-008217-a5668e91,1777539305320,1777539305357,202,36.932
8218,exp-perf10000-008218-f74c2b0e,1777539305320,1777539305354,202,34.154
8219,exp-perf10000-008219-df1e8035,1777539305321,1777539305358,202,37.063
8220,exp-perf10000-008220-58058d61,1777539305321,1777539305355,202,34.405
8221,exp-perf10000-008221-eefaa72b,1777539305321,1777539305359,202,37.436
8222,exp-perf10000-008222-a0c05950,1777539305322,1777539305356,202,34.265
8223,exp-perf10000-008223-2e4d5764,1777539305322,1777539305360,202,37.436
8224,exp-perf10000-008224-123dbf70,1777539305322,1777539305357,202,34.398
8225,exp-perf10000-008225-0daf2389,1777539305323,1777539305360,202,37.408
8226,exp-perf10000-008226-b223b2e7,1777539305323,1777539305358,202,34.597
8227,exp-perf10000-008227-ef8d751c,1777539305323,1777539305361,202,37.624
8228,exp-perf10000-008228-a2e61e78,1777539305324,1777539305359,202,34.898
8229,exp-perf10000-008229-decded40,1777539305324,1777539305362,202,37.662
8230,exp-perf10000-008230-9cf2b7e8,1777539305324,1777539305359,202,34.905
8231,exp-perf10000-008231-f128f032,1777539305325,1777539305362,202,37.676
8232,exp-perf10000-008232-387ba123,1777539305325,1777539305360,202,34.980
8233,exp-perf10000-008233-f5aef668,1777539305325,1777539305363,202,37.926
8234,exp-perf10000-008234-0b773b0b,1777539305326,1777539305361,202,35.099
8235,exp-perf10000-008235-d2c710a3,1777539305326,1777539305364,202,38.130
8236,exp-perf10000-008236-8c5c49a4,1777539305326,1777539305361,202,35.112
8237,exp-perf10000-008237-c62e30bf,1777539305327,1777539305362,202,35.296
8238,exp-perf10000-008238-8eb54f6e,1777539305327,1777539305365,202,38.058
8239,exp-perf10000-008239-38adb074,1777539305327,1777539305363,202,35.317
8240,exp-perf10000-008240-5a8a3996,1777539305328,1777539305366,202,38.027
8241,exp-perf10000-008241-54142c24,1777539305328,1777539305364,202,35.645
8242,exp-perf10000-008242-37160a04,1777539305328,1777539305366,202,37.879
8243,exp-perf10000-008243-47d22a02,1777539305329,1777539305365,202,35.957
8244,exp-perf10000-008244-788fc95f,1777539305329,1777539305367,202,37.940
8245,exp-perf10000-008245-58626c6b,1777539305330,1777539305366,202,35.917
8246,exp-perf10000-008246-8fc2f46f,1777539305330,1777539305368,202,37.825
8247,exp-perf10000-008247-cff7b01e,1777539305330,1777539305366,202,36.088
8248,exp-perf10000-008248-593bf9ae,1777539305331,1777539305369,202,37.875
8249,exp-perf10000-008249-0be55299,1777539305331,1777539305367,202,36.109
8250,exp-perf10000-008250-859763e0,1777539305332,1777539305369,202,37.741
8251,exp-perf10000-008251-17afad97,1777539305332,1777539305368,202,36.122
8252,exp-perf10000-008252-71ba074a,1777539305332,1777539305370,202,37.775
8253,exp-perf10000-008253-4176374e,1777539305332,1777539305368,202,35.883
8254,exp-perf10000-008254-7077f7d2,1777539305333,1777539305371,202,38.268
8255,exp-perf10000-008255-6a7c322f,1777539305333,1777539305369,202,35.924
8256,exp-perf10000-008256-d0527b2d,1777539305334,1777539305372,202,38.348
8257,exp-perf10000-008257-7c4584a4,1777539305334,1777539305370,202,35.908
8258,exp-perf10000-008258-50c4574f,1777539305334,1777539305373,202,38.568
8259,exp-perf10000-008259-5eecdb45,1777539305335,1777539305371,202,36.241
8260,exp-perf10000-008260-0c1a1762,1777539305335,1777539305374,202,38.764
8261,exp-perf10000-008261-8cbd069b,1777539305335,1777539305372,202,36.240
8262,exp-perf10000-008262-2eaccf78,1777539305336,1777539305375,202,38.539
8263,exp-perf10000-008263-cc987120,1777539305336,1777539305372,202,36.111
8264,exp-perf10000-008264-ae425adf,1777539305337,1777539305376,202,38.605
8265,exp-perf10000-008265-27cea413,1777539305337,1777539305373,202,36.088
8266,exp-perf10000-008266-d985c029,1777539305338,1777539305376,202,38.788
8267,exp-perf10000-008267-fca3720f,1777539305338,1777539305374,202,36.154
8268,exp-perf10000-008268-b41a4804,1777539305339,1777539305377,202,38.429
8269,exp-perf10000-008269-13f38cfd,1777539305339,1777539305375,202,36.225
8270,exp-perf10000-008270-f4f29b3c,1777539305339,1777539305375,202,36.250
8271,exp-perf10000-008271-655b01a9,1777539305339,1777539305378,202,38.762
8272,exp-perf10000-008272-570057ad,1777539305340,1777539305376,202,36.302
8273,exp-perf10000-008273-11bfa51c,1777539305340,1777539305379,202,38.952
8274,exp-perf10000-008274-f2192d06,1777539305341,1777539305377,202,36.220
8275,exp-perf10000-008275-968dab5a,1777539305341,1777539305380,202,38.905
8276,exp-perf10000-008276-8d23fdb6,1777539305341,1777539305377,202,36.297
8277,exp-perf10000-008277-53eeca74,1777539305341,1777539305380,202,39.109
8278,exp-perf10000-008278-c5acf58f,1777539305342,1777539305378,202,36.428
8279,exp-perf10000-008279-5e9f5b51,1777539305342,1777539305382,202,39.513
8280,exp-perf10000-008280-6e691f14,1777539305342,1777539305379,202,36.754
8281,exp-perf10000-008281-886b930d,1777539305343,1777539305383,202,39.814
8282,exp-perf10000-008282-52d823ab,1777539305343,1777539305380,202,36.771
8283,exp-perf10000-008283-f549441f,1777539305343,1777539305383,202,39.902
8284,exp-perf10000-008284-7d1b71d3,1777539305344,1777539305381,202,36.886
8285,exp-perf10000-008285-e965da44,1777539305344,1777539305384,202,39.895
8286,exp-perf10000-008286-1a09e8e1,1777539305344,1777539305381,202,36.935
8287,exp-perf10000-008287-4148af5c,1777539305345,1777539305385,202,40.002
8288,exp-perf10000-008288-373d7164,1777539305345,1777539305382,202,37.072
8289,exp-perf10000-008289-310fc5dd,1777539305346,1777539305385,202,39.980
8290,exp-perf10000-008290-b98fe177,1777539305346,1777539305383,202,37.168
8291,exp-perf10000-008291-58ac1148,1777539305346,1777539305386,202,40.000
8292,exp-perf10000-008292-6f1f81e8,1777539305346,1777539305384,202,37.322
8293,exp-perf10000-008293-19e1acd4,1777539305347,1777539305384,202,37.430
8294,exp-perf10000-008294-ae5b0a15,1777539305347,1777539305387,202,39.726
8295,exp-perf10000-008295-013a1f81,1777539305348,1777539305385,202,37.578
8296,exp-perf10000-008296-ebcb411e,1777539305348,1777539305387,202,39.773
8297,exp-perf10000-008297-c71fd308,1777539305348,1777539305386,202,37.630
8298,exp-perf10000-008298-7bc42d6f,1777539305348,1777539305388,202,39.749
8299,exp-perf10000-008299-ec8df14a,1777539305349,1777539305387,202,37.725
8300,exp-perf10000-008300-7e83a5b0,1777539305349,1777539305389,202,39.942
8301,exp-perf10000-008301-381df71e,1777539305350,1777539305387,202,37.667
8302,exp-perf10000-008302-c517cbcc,1777539305350,1777539305390,202,39.948
8303,exp-perf10000-008303-7c0c7c99,1777539305350,1777539305388,202,37.716
8304,exp-perf10000-008304-88f5ef9f,1777539305351,1777539305390,202,39.823
8305,exp-perf10000-008305-edf588e3,1777539305351,1777539305389,202,37.724
8306,exp-perf10000-008306-1d9b39e4,1777539305351,1777539305391,202,39.724
8307,exp-perf10000-008307-7a7c5f11,1777539305352,1777539305389,202,37.732
8308,exp-perf10000-008308-0a738db7,1777539305352,1777539305392,202,39.854
8309,exp-perf10000-008309-35688733,1777539305352,1777539305390,202,37.806
8310,exp-perf10000-008310-60066ff3,1777539305353,1777539305394,202,41.589
8311,exp-perf10000-008311-3e92b299,1777539305353,1777539305391,202,37.770
8312,exp-perf10000-008312-7ccd6174,1777539305354,1777539305396,202,42.703
8313,exp-perf10000-008313-99ffa266,1777539305354,1777539305391,202,37.608
8314,exp-perf10000-008314-3f0334a0,1777539305354,1777539305392,202,37.811
8315,exp-perf10000-008315-59da3a7c,1777539305355,1777539305399,202,43.953
8316,exp-perf10000-008316-5d791e99,1777539305355,1777539305402,202,46.531
8317,exp-perf10000-008317-58156bc8,1777539305355,1777539305394,202,38.916
8318,exp-perf10000-008318-bb6e144d,1777539305356,1777539305396,202,39.840
8319,exp-perf10000-008319-4833a721,1777539305356,1777539305404,202,47.339
8320,exp-perf10000-008320-4d789595,1777539305357,1777539305397,202,40.633
8321,exp-perf10000-008321-66b3345d,1777539305357,1777539305405,202,48.011
8322,exp-perf10000-008322-c5cdf82e,1777539305358,1777539305399,202,41.126
8323,exp-perf10000-008323-8e287ff0,1777539305358,1777539305407,202,49.391
8324,exp-perf10000-008324-ccbf17bd,1777539305359,1777539305400,202,41.436
8325,exp-perf10000-008325-06bb3d6a,1777539305359,1777539305410,202,50.686
8326,exp-perf10000-008326-95caa50a,1777539305359,1777539305402,202,42.831
8327,exp-perf10000-008327-236e39c5,1777539305360,1777539305412,202,52.393
8328,exp-perf10000-008328-db052103,1777539305360,1777539305403,202,43.080
8329,exp-perf10000-008329-73f28918,1777539305360,1777539305417,202,56.741
8330,exp-perf10000-008330-eaa9da90,1777539305361,1777539305405,202,44.024
8331,exp-perf10000-008331-a3c05675,1777539305361,1777539305417,202,56.053
8332,exp-perf10000-008332-5f2fb4a0,1777539305361,1777539305407,202,45.212
8333,exp-perf10000-008333-1440dc8a,1777539305362,1777539305417,202,55.643
8334,exp-perf10000-008334-2e81b790,1777539305362,1777539305408,202,45.934
8335,exp-perf10000-008335-1408fa35,1777539305362,1777539305419,202,56.610
8336,exp-perf10000-008336-bf9450ec,1777539305363,1777539305410,202,46.940
8337,exp-perf10000-008337-9847371f,1777539305363,1777539305420,202,57.008
8338,exp-perf10000-008338-ffe63301,1777539305364,1777539305411,202,47.335
8339,exp-perf10000-008339-4ae08b07,1777539305364,1777539305422,202,58.172
8340,exp-perf10000-008340-1d60ae3f,1777539305365,1777539305413,202,48.432
8341,exp-perf10000-008341-eb334689,1777539305365,1777539305423,202,58.231
8342,exp-perf10000-008342-730ed132,1777539305366,1777539305416,202,49.989
8343,exp-perf10000-008343-af7312c6,1777539305366,1777539305426,202,60.146
8344,exp-perf10000-008344-6d975b17,1777539305366,1777539305428,202,61.904
8345,exp-perf10000-008345-822503cc,1777539305366,1777539305417,202,50.262
8346,exp-perf10000-008346-be235647,1777539305367,1777539305430,202,62.529
8347,exp-perf10000-008347-e0f9da0c,1777539305367,1777539305419,202,51.530
8348,exp-perf10000-008348-17fd8104,1777539305368,1777539305431,202,62.894
8349,exp-perf10000-008349-74581c20,1777539305368,1777539305420,202,51.973
8350,exp-perf10000-008350-e57fd635,1777539305368,1777539305421,202,52.827
8351,exp-perf10000-008351-7a25f4c3,1777539305369,1777539305432,202,63.624
8352,exp-perf10000-008352-acb6d34e,1777539305369,1777539305423,202,53.633
8353,exp-perf10000-008353-9df1656a,1777539305369,1777539305433,202,64.147
8354,exp-perf10000-008354-ed87d453,1777539305370,1777539305424,202,54.135
8355,exp-perf10000-008355-dd5c50d6,1777539305370,1777539305436,202,65.677
8356,exp-perf10000-008356-7fa8b082,1777539305371,1777539305425,202,54.332
8357,exp-perf10000-008357-a6bdd56f,1777539305371,1777539305436,202,65.102
8358,exp-perf10000-008358-f922359f,1777539305372,1777539305426,202,54.544
8359,exp-perf10000-008359-57b2e682,1777539305372,1777539305441,202,69.308
8360,exp-perf10000-008360-335a26a7,1777539305372,1777539305427,202,54.598
8361,exp-perf10000-008361-4cebc5d3,1777539305373,1777539305442,202,68.872
8362,exp-perf10000-008362-0d2ab482,1777539305373,1777539305429,202,55.327
8363,exp-perf10000-008363-076e0cc2,1777539305374,1777539305441,202,67.365
8364,exp-perf10000-008364-a59b1346,1777539305374,1777539305431,202,56.805
8365,exp-perf10000-008365-f26b9be7,1777539305375,1777539305442,202,67.202
8366,exp-perf10000-008366-76565240,1777539305375,1777539305432,202,57.091
8367,exp-perf10000-008367-761a86c7,1777539305375,1777539305433,202,57.617
8368,exp-perf10000-008368-0313396a,1777539305376,1777539305443,202,67.395
8369,exp-perf10000-008369-dc143264,1777539305376,1777539305434,202,57.940
8370,exp-perf10000-008370-3948d717,1777539305377,1777539305446,202,69.343
8371,exp-perf10000-008371-2729abd6,1777539305377,1777539305435,202,58.657
8372,exp-perf10000-008372-4b4acc10,1777539305377,1777539305451,202,74.161
8373,exp-perf10000-008373-2d547430,1777539305377,1777539305436,202,58.675
8374,exp-perf10000-008374-024bc723,1777539305378,1777539305457,202,79.137
8375,exp-perf10000-008375-c06799c7,1777539305378,1777539305437,202,58.708
8376,exp-perf10000-008376-9d324e26,1777539305379,1777539305463,202,83.548
8377,exp-perf10000-008377-f46f88cb,1777539305379,1777539305438,202,58.720
8378,exp-perf10000-008378-0fe6a01e,1777539305380,1777539305469,202,89.146
8379,exp-perf10000-008379-e4935e15,1777539305380,1777539305440,202,59.768
8380,exp-perf10000-008380-ed7c83dd,1777539305380,1777539305471,202,91.018
8381,exp-perf10000-008381-4c8d2357,1777539305381,1777539305441,202,60.038
8382,exp-perf10000-008382-cef1ba68,1777539305381,1777539305443,202,61.318
8383,exp-perf10000-008383-4518ce4e,1777539305382,1777539305473,202,91.646
8384,exp-perf10000-008384-0305fd20,1777539305382,1777539305448,202,65.474
8385,exp-perf10000-008385-0b7df431,1777539305383,1777539305473,202,90.901
8386,exp-perf10000-008386-39d88449,1777539305383,1777539305447,202,64.589
8387,exp-perf10000-008387-eeb26bf5,1777539305383,1777539305479,202,95.944
8388,exp-perf10000-008388-bec73188,1777539305384,1777539305458,202,74.080
8389,exp-perf10000-008389-d6efe96f,1777539305384,1777539305479,202,95.243
8390,exp-perf10000-008390-caa3bb41,1777539305384,1777539305458,202,73.296
8391,exp-perf10000-008391-e7444501,1777539305385,1777539305479,202,94.370
8392,exp-perf10000-008392-0ec7e3a3,1777539305385,1777539305458,202,73.033
8393,exp-perf10000-008393-1a87095d,1777539305386,1777539305479,202,93.326
8394,exp-perf10000-008394-fb1a1279,1777539305386,1777539305459,202,72.904
8395,exp-perf10000-008395-e34d56d5,1777539305386,1777539305480,202,93.967
8396,exp-perf10000-008396-b045325d,1777539305387,1777539305460,202,73.192
8397,exp-perf10000-008397-1cdd7eed,1777539305387,1777539305481,202,94.102
8398,exp-perf10000-008398-094e54b6,1777539305387,1777539305461,202,73.540
8399,exp-perf10000-008399-f91b0409,1777539305388,1777539305482,202,94.094
8400,exp-perf10000-008400-0d00c490,1777539305388,1777539305462,202,73.835
8401,exp-perf10000-008401-7cda873a,1777539305388,1777539305482,202,93.923
8402,exp-perf10000-008402-6cba6180,1777539305389,1777539305463,202,74.145
8403,exp-perf10000-008403-4696f146,1777539305389,1777539305483,202,93.779
8404,exp-perf10000-008404-78585f34,1777539305389,1777539305463,202,74.062
8405,exp-perf10000-008405-1b99b724,1777539305390,1777539305484,202,93.918
8406,exp-perf10000-008406-268ac2a8,1777539305390,1777539305465,202,74.463
8407,exp-perf10000-008407-2bbd56cc,1777539305390,1777539305485,202,94.256
8408,exp-perf10000-008408-21437855,1777539305391,1777539305466,202,74.708
8409,exp-perf10000-008409-da045065,1777539305391,1777539305485,202,94.055
8410,exp-perf10000-008410-76562a83,1777539305391,1777539305466,202,74.873
8411,exp-perf10000-008411-1158a828,1777539305392,1777539305486,202,94.120
8412,exp-perf10000-008412-76fde70a,1777539305392,1777539305468,202,76.041
8413,exp-perf10000-008413-f28cc6f9,1777539305394,1777539305472,202,77.683
8414,exp-perf10000-008414-ff347052,1777539305395,1777539305487,202,92.385
8415,exp-perf10000-008415-f8be7ace,1777539305396,1777539305474,202,77.733
8416,exp-perf10000-008416-6978a448,1777539305396,1777539305488,202,91.792
8417,exp-perf10000-008417-7f8414bb,1777539305397,1777539305477,202,79.361
8418,exp-perf10000-008418-1e246fa4,1777539305399,1777539305489,202,90.231
8419,exp-perf10000-008419-858031af,1777539305399,1777539305478,202,79.391
8420,exp-perf10000-008420-d53e5732,1777539305400,1777539305480,202,80.269
8421,exp-perf10000-008421-9d4318e9,1777539305402,1777539305490,202,87.952
8422,exp-perf10000-008422-e3f56709,1777539305402,1777539305481,202,79.031
8423,exp-perf10000-008423-b5c3f0a0,1777539305403,1777539305482,202,78.725
8424,exp-perf10000-008424-9c2eba57,1777539305404,1777539305490,202,86.474
8425,exp-perf10000-008425-6d425b01,1777539305405,1777539305482,202,77.722
8426,exp-perf10000-008426-1202431f,1777539305405,1777539305491,202,85.951
8427,exp-perf10000-008427-2336457a,1777539305407,1777539305483,202,76.546
8428,exp-perf10000-008428-520110bb,1777539305407,1777539305492,202,84.505
8429,exp-perf10000-008429-5de98446,1777539305408,1777539305484,202,75.835
8430,exp-perf10000-008430-41443a50,1777539305410,1777539305493,202,82.984
8431,exp-perf10000-008431-2f0ee107,1777539305410,1777539305485,202,74.707
8432,exp-perf10000-008432-74e0fc67,1777539305411,1777539305486,202,74.414
8433,exp-perf10000-008433-7379aac3,1777539305412,1777539305493,202,81.328
8434,exp-perf10000-008434-f3a49b6c,1777539305413,1777539305486,202,72.921
8435,exp-perf10000-008435-0d5ef01c,1777539305416,1777539305487,202,71.859
8436,exp-perf10000-008436-f24e51cf,1777539305417,1777539305488,202,71.642
8437,exp-perf10000-008437-87ce954a,1777539305417,1777539305494,202,76.906
8438,exp-perf10000-008438-e2076e2d,1777539305417,1777539305495,202,77.553
8439,exp-perf10000-008439-09c69127,1777539305417,1777539305496,202,78.178
8440,exp-perf10000-008440-bb1945e3,1777539305419,1777539305489,202,70.677
8441,exp-perf10000-008441-e5601e5c,1777539305419,1777539305496,202,77.105
8442,exp-perf10000-008442-7801ad22,1777539305420,1777539305490,202,70.426
8443,exp-perf10000-008443-2c38bf0b,1777539305420,1777539305497,202,76.636
8444,exp-perf10000-008444-100c4cd3,1777539305421,1777539305491,202,70.082
8445,exp-perf10000-008445-9b9339d4,1777539305423,1777539305498,202,75.164
8446,exp-perf10000-008446-fe2b674c,1777539305423,1777539305492,202,69.319
8447,exp-perf10000-008447-1411ca33,1777539305423,1777539305498,202,75.031
8448,exp-perf10000-008448-0173276d,1777539305424,1777539305493,202,68.885
8449,exp-perf10000-008449-09f8bbbc,1777539305425,1777539305494,202,68.426
8450,exp-perf10000-008450-48aa7ae5,1777539305426,1777539305499,202,73.147
8451,exp-perf10000-008451-d9d83180,1777539305426,1777539305495,202,68.388
8452,exp-perf10000-008452-4ac34748,1777539305427,1777539305496,202,68.774
8453,exp-perf10000-008453-80f6ed1c,1777539305428,1777539305500,202,71.658
8454,exp-perf10000-008454-0bcbd8a8,1777539305429,1777539305496,202,67.892
8455,exp-perf10000-008455-ae08e81a,1777539305430,1777539305501,202,71.400
8456,exp-perf10000-008456-c26c99f7,1777539305431,1777539305502,202,71.135
8457,exp-perf10000-008457-12dfc38e,1777539305431,1777539305497,202,66.397
8458,exp-perf10000-008458-852bd560,1777539305432,1777539305498,202,66.015
8459,exp-perf10000-008459-d26654a3,1777539305432,1777539305502,202,70.191
8460,exp-perf10000-008460-aad5221a,1777539305433,1777539305499,202,65.907
8461,exp-perf10000-008461-db45b93b,1777539305434,1777539305504,202,70.295
8462,exp-perf10000-008462-03eea4c6,1777539305434,1777539305501,202,66.596
8463,exp-perf10000-008463-66224f5e,1777539305435,1777539305502,202,66.136
8464,exp-perf10000-008464-09978b27,1777539305436,1777539305505,202,68.929
8465,exp-perf10000-008465-bbe90653,1777539305436,1777539305503,202,66.434
8466,exp-perf10000-008466-080556c7,1777539305436,1777539305505,202,68.714
8467,exp-perf10000-008467-693db2ee,1777539305437,1777539305504,202,66.512
8468,exp-perf10000-008468-894c51b0,1777539305438,1777539305504,202,66.566
8469,exp-perf10000-008469-cccb9968,1777539305440,1777539305505,202,65.687
8470,exp-perf10000-008470-62244a31,1777539305441,1777539305506,202,65.449
8471,exp-perf10000-008471-172d768a,1777539305442,1777539305506,202,64.343
8472,exp-perf10000-008472-475f5ee0,1777539305442,1777539305507,202,65.135
8473,exp-perf10000-008473-bf4a021b,1777539305442,1777539305508,202,66.078
8474,exp-perf10000-008474-224115ff,1777539305442,1777539305509,202,66.727
8475,exp-perf10000-008475-a55941bc,1777539305443,1777539305507,202,64.370
8476,exp-perf10000-008476-e5720496,1777539305443,1777539305509,202,66.407
8477,exp-perf10000-008477-3240b831,1777539305446,1777539305510,202,64.263
8478,exp-perf10000-008478-7e6a2dec,1777539305448,1777539305508,202,60.625
8479,exp-perf10000-008479-80cd53b1,1777539305448,1777539305509,202,61.288
8480,exp-perf10000-008480-1b671502,1777539305451,1777539305511,202,59.788
8481,exp-perf10000-008481-0896b0eb,1777539305457,1777539305512,202,54.542
8482,exp-perf10000-008482-8d1db7e2,1777539305458,1777539305510,202,52.050
8483,exp-perf10000-008483-ed39dd7e,1777539305458,1777539305511,202,52.684
8484,exp-perf10000-008484-da82c4af,1777539305458,1777539305512,202,53.267
8485,exp-perf10000-008485-a1e76a25,1777539305459,1777539305512,202,53.352
8486,exp-perf10000-008486-6267e6de,1777539305460,1777539305513,202,53.058
8487,exp-perf10000-008487-a9e5cd20,1777539305461,1777539305514,202,52.853
8488,exp-perf10000-008488-d2dc6e8b,1777539305462,1777539305515,202,52.663
8489,exp-perf10000-008489-a58788b0,1777539305463,1777539305512,202,49.906
8490,exp-perf10000-008490-2e90b81c,1777539305463,1777539305515,202,52.386
8491,exp-perf10000-008491-7777000b,1777539305463,1777539305516,202,52.477
8492,exp-perf10000-008492-5f08da31,1777539305465,1777539305517,202,52.035
8493,exp-perf10000-008493-1b1cde00,1777539305466,1777539305518,202,52.131
8494,exp-perf10000-008494-4cb2f717,1777539305466,1777539305519,202,52.245
8495,exp-perf10000-008495-6aff6364,1777539305468,1777539305520,202,51.086
8496,exp-perf10000-008496-6936d098,1777539305469,1777539305513,202,44.486
8497,exp-perf10000-008497-dfa866cf,1777539305472,1777539305514,202,42.677
8498,exp-perf10000-008498-e3425fe5,1777539305472,1777539305521,202,48.446
8499,exp-perf10000-008499-de8ea8a3,1777539305473,1777539305515,202,41.697
8500,exp-perf10000-008500-49cb5133,1777539305473,1777539305516,202,42.248
8501,exp-perf10000-008501-1f7fe64a,1777539305474,1777539305521,202,47.657
8502,exp-perf10000-008502-d9fdbb3f,1777539305477,1777539305522,202,45.279
8503,exp-perf10000-008503-77bb4ac1,1777539305478,1777539305523,202,44.853
8504,exp-perf10000-008504-0519e505,1777539305479,1777539305516,202,37.495
8505,exp-perf10000-008505-d211bec2,1777539305479,1777539305517,202,38.082
8506,exp-perf10000-008506-4a6e4e49,1777539305479,1777539305518,202,38.828
8507,exp-perf10000-008507-498d3243,1777539305479,1777539305519,202,39.640
8508,exp-perf10000-008508-ba789908,1777539305480,1777539305520,202,39.887
8509,exp-perf10000-008509-1b708a21,1777539305480,1777539305524,202,43.552
8510,exp-perf10000-008510-c926fa19,1777539305481,1777539305521,202,39.916
8511,exp-perf10000-008511-558b9bed,1777539305481,1777539305525,202,43.493
8512,exp-perf10000-008512-02c9d81b,1777539305482,1777539305522,202,40.043
8513,exp-perf10000-008513-4e2b6f2c,1777539305482,1777539305525,202,43.431
8514,exp-perf10000-008514-4be75f27,1777539305482,1777539305522,202,40.227
8515,exp-perf10000-008515-dc3baff6,1777539305483,1777539305526,202,43.520
8516,exp-perf10000-008516-58534a59,1777539305483,1777539305523,202,40.326
8517,exp-perf10000-008517-38881ab2,1777539305483,1777539305527,202,43.486
8518,exp-perf10000-008518-1e0d5ea5,1777539305484,1777539305524,202,40.332
8519,exp-perf10000-008519-3c32aae1,1777539305484,1777539305528,202,43.577
8520,exp-perf10000-008520-eba8382c,1777539305485,1777539305528,202,43.561
8521,exp-perf10000-008521-c126e7db,1777539305485,1777539305525,202,40.099
8522,exp-perf10000-008522-0e9d4506,1777539305485,1777539305526,202,40.357
8523,exp-perf10000-008523-ac588462,1777539305486,1777539305529,202,43.402
8524,exp-perf10000-008524-670b47f7,1777539305486,1777539305526,202,40.172
8525,exp-perf10000-008525-3a710e6e,1777539305486,1777539305530,202,43.404
8526,exp-perf10000-008526-e3bf5355,1777539305487,1777539305527,202,40.227
8527,exp-perf10000-008527-d25dca94,1777539305488,1777539305531,202,42.982
8528,exp-perf10000-008528-94c27e7a,1777539305488,1777539305528,202,39.818
8529,exp-perf10000-008529-9571115a,1777539305488,1777539305531,202,42.874
8530,exp-perf10000-008530-cfef25ce,1777539305489,1777539305529,202,39.716
8531,exp-perf10000-008531-ac805c86,1777539305489,1777539305532,202,42.674
8532,exp-perf10000-008532-c866962a,1777539305490,1777539305529,202,39.680
8533,exp-perf10000-008533-39fe1098,1777539305490,1777539305530,202,40.194
8534,exp-perf10000-008534-987d616c,1777539305490,1777539305533,202,42.805
8535,exp-perf10000-008535-4d83f720,1777539305491,1777539305531,202,39.945
8536,exp-perf10000-008536-75b79924,1777539305491,1777539305534,202,42.663
8537,exp-perf10000-008537-b71efc14,1777539305492,1777539305532,202,40.000
8538,exp-perf10000-008538-13f7ec09,1777539305492,1777539305535,202,42.967
8539,exp-perf10000-008539-457478ce,1777539305493,1777539305533,202,40.040
8540,exp-perf10000-008540-72f6d997,1777539305493,1777539305536,202,43.132
8541,exp-perf10000-008541-608e8a08,1777539305493,1777539305533,202,40.130
8542,exp-perf10000-008542-2d5d2b3a,1777539305494,1777539305537,202,43.393
8543,exp-perf10000-008543-dbf7d27c,1777539305494,1777539305534,202,40.298
8544,exp-perf10000-008544-c3f2b0ae,1777539305495,1777539305538,202,43.607
8545,exp-perf10000-008545-ce54df46,1777539305495,1777539305536,202,41.656
8546,exp-perf10000-008546-1d1f0f56,1777539305496,1777539305537,202,41.582
8547,exp-perf10000-008547-251b9b46,1777539305496,1777539305539,202,43.036
8548,exp-perf10000-008548-f55bff0d,1777539305496,1777539305538,202,41.850
8549,exp-perf10000-008549-da3cba7a,1777539305497,1777539305540,202,43.701
8550,exp-perf10000-008550-bb34c1b5,1777539305497,1777539305539,202,41.869
8551,exp-perf10000-008551-ab3ac912,1777539305497,1777539305541,202,43.602
8552,exp-perf10000-008552-02a5448a,1777539305498,1777539305540,202,42.196
8553,exp-perf10000-008553-22470a0c,1777539305498,1777539305542,202,43.529
8554,exp-perf10000-008554-9f869428,1777539305498,1777539305541,202,42.434
8555,exp-perf10000-008555-392c8d23,1777539305499,1777539305542,202,43.440
8556,exp-perf10000-008556-629523ef,1777539305499,1777539305542,202,42.497
8557,exp-perf10000-008557-21e3ec17,1777539305500,1777539305542,202,42.175
8558,exp-perf10000-008558-dc909f52,1777539305501,1777539305543,202,42.282
8559,exp-perf10000-008559-37c3cadb,1777539305501,1777539305543,202,42.136
8560,exp-perf10000-008560-94f40537,1777539305502,1777539305544,202,42.059
8561,exp-perf10000-008561-42ec468a,1777539305502,1777539305544,202,42.033
8562,exp-perf10000-008562-96fcf749,1777539305502,1777539305544,202,41.887
8563,exp-perf10000-008563-96762697,1777539305503,1777539305545,202,41.898
8564,exp-perf10000-008564-733786e6,1777539305504,1777539305545,202,41.403
8565,exp-perf10000-008565-9d27ea70,1777539305504,1777539305545,202,41.218
8566,exp-perf10000-008566-e8e42267,1777539305505,1777539305546,202,41.138
8567,exp-perf10000-008567-042d7432,1777539305505,1777539305546,202,40.966
8568,exp-perf10000-008568-50cc3ca3,1777539305505,1777539305546,202,41.368
8569,exp-perf10000-008569-daf7dee5,1777539305505,1777539305546,202,40.987
8570,exp-perf10000-008570-e3d14b07,1777539305506,1777539305547,202,41.296
8571,exp-perf10000-008571-f38a2018,1777539305506,1777539305547,202,40.903
8572,exp-perf10000-008572-be048b60,1777539305507,1777539305548,202,41.511
8573,exp-perf10000-008573-69e608a0,1777539305507,1777539305548,202,40.840
8574,exp-perf10000-008574-5df26a14,1777539305508,1777539305549,202,41.416
8575,exp-perf10000-008575-ea1edfd5,1777539305508,1777539305549,202,40.749
8576,exp-perf10000-008576-bd10f176,1777539305509,1777539305550,202,41.056
8577,exp-perf10000-008577-84a07b33,1777539305509,1777539305550,202,41.003
8578,exp-perf10000-008578-3586976c,1777539305509,1777539305551,202,41.584
8579,exp-perf10000-008579-d5f93a6e,1777539305510,1777539305551,202,40.799
8580,exp-perf10000-008580-ded15eec,1777539305510,1777539305552,202,41.589
8581,exp-perf10000-008581-28d8f57e,1777539305511,1777539305552,202,40.849
8582,exp-perf10000-008582-25f8292a,1777539305511,1777539305553,202,41.695
8583,exp-perf10000-008583-56074a2c,1777539305512,1777539305552,202,40.778
8584,exp-perf10000-008584-a202104a,1777539305512,1777539305553,202,41.410
8585,exp-perf10000-008585-b7b9d577,1777539305512,1777539305553,202,41.112
8586,exp-perf10000-008586-a89e7abe,1777539305512,1777539305554,202,41.528
8587,exp-perf10000-008587-cc7e2b0c,1777539305513,1777539305554,202,40.871
8588,exp-perf10000-008588-c7de1cae,1777539305513,1777539305555,202,41.423
8589,exp-perf10000-008589-3f571b99,1777539305514,1777539305555,202,40.878
8590,exp-perf10000-008590-bff48fce,1777539305514,1777539305556,202,41.610
8591,exp-perf10000-008591-5293f4c6,1777539305515,1777539305555,202,40.930
8592,exp-perf10000-008592-7a6729e1,1777539305515,1777539305556,202,41.335
8593,exp-perf10000-008593-47a657cd,1777539305515,1777539305556,202,40.952
8594,exp-perf10000-008594-a4ebf018,1777539305516,1777539305557,202,41.282
8595,exp-perf10000-008595-f698dd65,1777539305516,1777539305557,202,40.951
8596,exp-perf10000-008596-4f9ade57,1777539305517,1777539305558,202,41.219
8597,exp-perf10000-008597-bcbbf51c,1777539305517,1777539305558,202,41.162
8598,exp-perf10000-008598-df163099,1777539305517,1777539305559,202,41.213
8599,exp-perf10000-008599-ba2db6b4,1777539305518,1777539305558,202,40.718
8600,exp-perf10000-008600-583b8aee,1777539305518,1777539305559,202,41.052
8601,exp-perf10000-008601-73015c47,1777539305519,1777539305559,202,40.560
8602,exp-perf10000-008602-5db147a7,1777539305519,1777539305560,202,41.185
8603,exp-perf10000-008603-fbd88a53,1777539305520,1777539305560,202,40.407
8604,exp-perf10000-008604-e8c71df3,1777539305520,1777539305561,202,40.648
8605,exp-perf10000-008605-ae7b5dce,1777539305521,1777539305561,202,40.080
8606,exp-perf10000-008606-98593034,1777539305521,1777539305562,202,40.649
8607,exp-perf10000-008607-9809b1bc,1777539305521,1777539305561,202,40.001
8608,exp-perf10000-008608-85e82fcf,1777539305522,1777539305562,202,40.432
8609,exp-perf10000-008609-71acb86d,1777539305522,1777539305562,202,39.920
8610,exp-perf10000-008610-2796a651,1777539305523,1777539305563,202,40.546
8611,exp-perf10000-008611-946e563c,1777539305523,1777539305563,202,39.824
8612,exp-perf10000-008612-803de401,1777539305523,1777539305564,202,40.210
8613,exp-perf10000-008613-dcf1d466,1777539305524,1777539305564,202,39.548
8614,exp-perf10000-008614-dac2766d,1777539305524,1777539305564,202,40.061
8615,exp-perf10000-008615-a74d3014,1777539305525,1777539305564,202,39.751
8616,exp-perf10000-008616-7836689e,1777539305525,1777539305565,202,40.147
8617,exp-perf10000-008617-1246ac12,1777539305525,1777539305565,202,39.871
8618,exp-perf10000-008618-0a5c2945,1777539305526,1777539305566,202,40.632
8619,exp-perf10000-008619-86bb671f,1777539305526,1777539305566,202,39.967
8620,exp-perf10000-008620-38f3d760,1777539305526,1777539305567,202,40.548
8621,exp-perf10000-008621-ab7d98f8,1777539305527,1777539305567,202,40.062
8622,exp-perf10000-008622-3ae1ed7f,1777539305527,1777539305567,202,40.272
8623,exp-perf10000-008623-21c77053,1777539305528,1777539305568,202,40.002
8624,exp-perf10000-008624-c452969a,1777539305528,1777539305569,202,40.877
8625,exp-perf10000-008625-f0c2e001,1777539305528,1777539305569,202,40.438
8626,exp-perf10000-008626-2f19243f,1777539305529,1777539305570,202,41.147
8627,exp-perf10000-008627-1d4b7ccc,1777539305529,1777539305570,202,40.466
8628,exp-perf10000-008628-f2ff3938,1777539305530,1777539305571,202,41.073
8629,exp-perf10000-008629-0d1cdfd2,1777539305530,1777539305571,202,40.773
8630,exp-perf10000-008630-1d7c3bff,1777539305530,1777539305571,202,40.936
8631,exp-perf10000-008631-749e1cea,1777539305531,1777539305571,202,40.596
8632,exp-perf10000-008632-8292fc97,1777539305531,1777539305572,202,41.038
8633,exp-perf10000-008633-bc07b6c5,1777539305531,1777539305572,202,40.518
8634,exp-perf10000-008634-0f7df1c9,1777539305532,1777539305573,202,40.756
8635,exp-perf10000-008635-0a8d7ab8,1777539305532,1777539305573,202,40.600
8636,exp-perf10000-008636-aa6efa7d,1777539305533,1777539305574,202,40.909
8637,exp-perf10000-008637-5207613d,1777539305533,1777539305573,202,40.075
8638,exp-perf10000-008638-853aee88,1777539305534,1777539305578,202,44.456
8639,exp-perf10000-008639-2a2ecea3,1777539305534,1777539305580,202,45.516
8640,exp-perf10000-008640-51d01ae2,1777539305534,1777539305578,202,43.843
8641,exp-perf10000-008641-a95e66a3,1777539305535,1777539305579,202,44.265
8642,exp-perf10000-008642-3acf6f2d,1777539305536,1777539305580,202,43.469
8643,exp-perf10000-008643-866564f9,1777539305536,1777539305579,202,42.141
8644,exp-perf10000-008644-e6c8c14c,1777539305537,1777539305578,202,40.931
8645,exp-perf10000-008645-5ec31726,1777539305537,1777539305580,202,42.179
8646,exp-perf10000-008646-321c48f2,1777539305538,1777539305579,202,40.588
8647,exp-perf10000-008647-99967871,1777539305538,1777539305580,202,41.294
8648,exp-perf10000-008648-0f221d95,1777539305539,1777539305579,202,39.739
8649,exp-perf10000-008649-351e7111,1777539305539,1777539305580,202,40.610
8650,exp-perf10000-008650-e598e61b,1777539305540,1777539305579,202,38.692
8651,exp-perf10000-008651-66be7b10,1777539305540,1777539305580,202,39.392
8652,exp-perf10000-008652-676583e9,1777539305541,1777539305579,202,37.740
8653,exp-perf10000-008653-87702e13,1777539305541,1777539305579,202,38.425
8654,exp-perf10000-008654-7a4cf30c,1777539305542,1777539305580,202,37.867
8655,exp-perf10000-008655-59928a97,1777539305542,1777539305579,202,37.730
8656,exp-perf10000-008656-a48b1701,1777539305542,1777539305581,202,38.439
8657,exp-perf10000-008657-95dfb75c,1777539305542,1777539305581,202,38.129
8658,exp-perf10000-008658-51f606e8,1777539305543,1777539305581,202,37.825
8659,exp-perf10000-008659-e3c54f1b,1777539305543,1777539305581,202,37.803
8660,exp-perf10000-008660-3310687a,1777539305544,1777539305581,202,37.522
8661,exp-perf10000-008661-1bea9326,1777539305544,1777539305582,202,37.754
8662,exp-perf10000-008662-1c57ab41,1777539305544,1777539305582,202,37.875
8663,exp-perf10000-008663-4e75ec55,1777539305545,1777539305582,202,37.308
8664,exp-perf10000-008664-629449a6,1777539305545,1777539305583,202,37.434
8665,exp-perf10000-008665-587fde28,1777539305545,1777539305583,202,37.786
8666,exp-perf10000-008666-382ecb67,1777539305546,1777539305583,202,37.689
8667,exp-perf10000-008667-52b25432,1777539305546,1777539305584,202,37.886
8668,exp-perf10000-008668-0c14d391,1777539305546,1777539305584,202,37.688
8669,exp-perf10000-008669-e4b9a3bc,1777539305547,1777539305584,202,37.914
8670,exp-perf10000-008670-4843961b,1777539305547,1777539305585,202,37.649
8671,exp-perf10000-008671-7c66a805,1777539305547,1777539305585,202,37.949
8672,exp-perf10000-008672-4d2c7ff8,1777539305548,1777539305585,202,37.383
8673,exp-perf10000-008673-06fab403,1777539305548,1777539305586,202,37.373
8674,exp-perf10000-008674-5095b7c1,1777539305549,1777539305586,202,36.894
8675,exp-perf10000-008675-62b9a592,1777539305550,1777539305587,202,36.980
8676,exp-perf10000-008676-a1630cfc,1777539305550,1777539305587,202,37.307
8677,exp-perf10000-008677-e6dab17a,1777539305550,1777539305587,202,36.690
8678,exp-perf10000-008678-2c7d03af,1777539305551,1777539305588,202,36.858
8679,exp-perf10000-008679-8e2f7598,1777539305551,1777539305588,202,36.777
8680,exp-perf10000-008680-4c294d8d,1777539305552,1777539305588,202,36.738
8681,exp-perf10000-008681-06c027f6,1777539305552,1777539305589,202,36.659
8682,exp-perf10000-008682-0ccae2d7,1777539305552,1777539305589,202,36.499
8683,exp-perf10000-008683-a83a68e1,1777539305553,1777539305589,202,36.405
8684,exp-perf10000-008684-4bef7902,1777539305553,1777539305590,202,36.665
8685,exp-perf10000-008685-2472a277,1777539305553,1777539305590,202,36.317
8686,exp-perf10000-008686-d6ea80c5,1777539305554,1777539305590,202,36.471
8687,exp-perf10000-008687-2546b31a,1777539305554,1777539305591,202,36.526
8688,exp-perf10000-008688-a2d834ed,1777539305555,1777539305591,202,36.349
8689,exp-perf10000-008689-e786e792,1777539305555,1777539305591,202,36.458
8690,exp-perf10000-008690-facc7e62,1777539305556,1777539305592,202,36.137
8691,exp-perf10000-008691-5828f552,1777539305556,1777539305592,202,36.017
8692,exp-perf10000-008692-71f8d00b,1777539305556,1777539305592,202,36.210
8693,exp-perf10000-008693-23720663,1777539305556,1777539305593,202,36.247
8694,exp-perf10000-008694-b4b2ccb5,1777539305557,1777539305593,202,36.146
8695,exp-perf10000-008695-4bc36b97,1777539305557,1777539305593,202,36.143
8696,exp-perf10000-008696-efcc959d,1777539305558,1777539305594,202,36.227
8697,exp-perf10000-008697-46d52422,1777539305558,1777539305594,202,35.895
8698,exp-perf10000-008698-fe17443f,1777539305559,1777539305594,202,35.937
8699,exp-perf10000-008699-b8f4d899,1777539305559,1777539305595,202,36.009
8700,exp-perf10000-008700-130da992,1777539305559,1777539305595,202,36.025
8701,exp-perf10000-008701-c8c866c3,1777539305559,1777539305595,202,36.040
8702,exp-perf10000-008702-b49f5a76,1777539305560,1777539305596,202,35.838
8703,exp-perf10000-008703-5bb1aa11,1777539305560,1777539305596,202,35.370
8704,exp-perf10000-008704-99fa181f,1777539305561,1777539305596,202,35.743
8705,exp-perf10000-008705-0e4bd603,1777539305561,1777539305597,202,35.738
8706,exp-perf10000-008706-7c45d61f,1777539305561,1777539305598,202,36.216
8707,exp-perf10000-008707-87d02942,1777539305562,1777539305597,202,35.641
8708,exp-perf10000-008708-fc01a81d,1777539305562,1777539305598,202,35.942
8709,exp-perf10000-008709-9d5d9614,1777539305562,1777539305598,202,35.803
8710,exp-perf10000-008710-a952c350,1777539305563,1777539305599,202,35.704
8711,exp-perf10000-008711-6b0f4fe3,1777539305563,1777539305599,202,35.453
8712,exp-perf10000-008712-3c1f9e23,1777539305564,1777539305604,202,40.535
8713,exp-perf10000-008713-2ebc3bbd,1777539305564,1777539305599,202,35.656
8714,exp-perf10000-008714-f4c741be,1777539305564,1777539305604,202,39.776
8715,exp-perf10000-008715-fd9ac5c4,1777539305564,1777539305603,202,39.014
8716,exp-perf10000-008716-d423632d,1777539305565,1777539305604,202,38.434
8717,exp-perf10000-008717-e9c6818c,1777539305565,1777539305604,202,39.011
8718,exp-perf10000-008718-96cdf4cd,1777539305566,1777539305604,202,38.033
8719,exp-perf10000-008719-fe0fc352,1777539305566,1777539305604,202,38.014
8720,exp-perf10000-008720-266dac91,1777539305567,1777539305604,202,37.354
8721,exp-perf10000-008721-bb7976a6,1777539305567,1777539305604,202,37.215
8722,exp-perf10000-008722-ea36a3e1,1777539305567,1777539305604,202,36.567
8723,exp-perf10000-008723-5604b6c9,1777539305568,1777539305604,202,36.683
8724,exp-perf10000-008724-e0d7f6ca,1777539305569,1777539305604,202,35.452
8725,exp-perf10000-008725-0a11f34f,1777539305569,1777539305604,202,35.311
8726,exp-perf10000-008726-bdaf60b9,1777539305570,1777539305604,202,34.666
8727,exp-perf10000-008727-9e05a43d,1777539305570,1777539305603,202,33.689
8728,exp-perf10000-008728-95099b75,1777539305571,1777539305605,202,34.744
8729,exp-perf10000-008729-2cf5c977,1777539305571,1777539305605,202,34.672
8730,exp-perf10000-008730-5241f6de,1777539305571,1777539305606,202,34.416
8731,exp-perf10000-008731-4553dc70,1777539305571,1777539305606,202,34.312
8732,exp-perf10000-008732-ab11d453,1777539305572,1777539305606,202,34.021
8733,exp-perf10000-008733-77df16eb,1777539305572,1777539305606,202,33.874
8734,exp-perf10000-008734-c788e58c,1777539305573,1777539305606,202,33.603
8735,exp-perf10000-008735-02d18326,1777539305573,1777539305606,202,33.413
8736,exp-perf10000-008736-fe24b90b,1777539305573,1777539305606,202,33.176
8737,exp-perf10000-008737-707427fb,1777539305574,1777539305607,202,32.994
8738,exp-perf10000-008738-7ab7d459,1777539305578,1777539305607,202,29.003
8739,exp-perf10000-008739-2ca32f8c,1777539305578,1777539305608,202,29.446
8740,exp-perf10000-008740-e8f92b9c,1777539305578,1777539305609,202,30.098
8741,exp-perf10000-008741-c6112e3f,1777539305579,1777539305609,202,30.453
8742,exp-perf10000-008742-1c093cc0,1777539305579,1777539305610,202,30.889
8743,exp-perf10000-008743-48fd0464,1777539305579,1777539305610,202,31.520
8744,exp-perf10000-008744-25422974,1777539305579,1777539305611,202,32.091
8745,exp-perf10000-008745-03eda956,1777539305579,1777539305612,202,32.906
8746,exp-perf10000-008746-7a9cb7ab,1777539305580,1777539305607,202,27.130
8747,exp-perf10000-008747-d708c1c0,1777539305580,1777539305613,202,33.057
8748,exp-perf10000-008748-d7ab5dc9,1777539305580,1777539305608,202,27.692
8749,exp-perf10000-008749-d946739e,1777539305580,1777539305608,202,28.386
8750,exp-perf10000-008750-650f3a43,1777539305580,1777539305609,202,28.914
8751,exp-perf10000-008751-4974da34,1777539305580,1777539305610,202,29.513
8752,exp-perf10000-008752-2da04034,1777539305580,1777539305610,202,30.055
8753,exp-perf10000-008753-15c3a4bd,1777539305580,1777539305611,202,30.829
8754,exp-perf10000-008754-421940f6,1777539305580,1777539305612,202,31.404
8755,exp-perf10000-008755-24f30298,1777539305580,1777539305613,202,32.110
8756,exp-perf10000-008756-ea9bcf2f,1777539305581,1777539305613,202,32.668
8757,exp-perf10000-008757-8f94e224,1777539305581,1777539305614,202,32.956
8758,exp-perf10000-008758-e9b9e8fb,1777539305581,1777539305614,202,33.125
8759,exp-perf10000-008759-23b55e3e,1777539305581,1777539305614,202,33.248
8760,exp-perf10000-008760-084e51d3,1777539305581,1777539305615,202,33.430
8761,exp-perf10000-008761-8e10859e,1777539305582,1777539305615,202,33.347
8762,exp-perf10000-008762-dd1ecadf,1777539305582,1777539305615,202,33.489
8763,exp-perf10000-008763-559db13a,1777539305582,1777539305616,202,33.410
8764,exp-perf10000-008764-a1764b60,1777539305583,1777539305616,202,33.424
8765,exp-perf10000-008765-1cc26194,1777539305583,1777539305616,202,33.371
8766,exp-perf10000-008766-09f38b53,1777539305583,1777539305617,202,33.233
8767,exp-perf10000-008767-807f65c6,1777539305584,1777539305617,202,33.314
8768,exp-perf10000-008768-4c0e2c52,1777539305584,1777539305617,202,33.289
8769,exp-perf10000-008769-51017f52,1777539305584,1777539305618,202,33.224
8770,exp-perf10000-008770-468e824b,1777539305585,1777539305618,202,33.143
8771,exp-perf10000-008771-6fb44a99,1777539305585,1777539305618,202,33.149
8772,exp-perf10000-008772-b195f5a0,1777539305586,1777539305619,202,33.099
8773,exp-perf10000-008773-9192c35a,1777539305586,1777539305619,202,33.157
8774,exp-perf10000-008774-fc4039fa,1777539305586,1777539305619,202,33.124
8775,exp-perf10000-008775-c12ccba4,1777539305587,1777539305620,202,33.125
8776,exp-perf10000-008776-24661f67,1777539305587,1777539305620,202,33.016
8777,exp-perf10000-008777-e09f9c5a,1777539305587,1777539305620,202,33.259
8778,exp-perf10000-008778-dbd7df70,1777539305588,1777539305621,202,33.081
8779,exp-perf10000-008779-ed6a56a0,1777539305588,1777539305621,202,33.165
8780,exp-perf10000-008780-c3946feb,1777539305588,1777539305621,202,33.008
8781,exp-perf10000-008781-150462db,1777539305589,1777539305622,202,33.168
8782,exp-perf10000-008782-bc813dc6,1777539305589,1777539305622,202,32.980
8783,exp-perf10000-008783-7a15b89a,1777539305589,1777539305622,202,33.172
8784,exp-perf10000-008784-0104ace2,1777539305590,1777539305623,202,32.881
8785,exp-perf10000-008785-853950f4,1777539305590,1777539305623,202,33.116
8786,exp-perf10000-008786-51cca66b,1777539305590,1777539305623,202,32.926
8787,exp-perf10000-008787-edf86330,1777539305591,1777539305624,202,33.117
8788,exp-perf10000-008788-4314554f,1777539305591,1777539305624,202,32.886
8789,exp-perf10000-008789-2b5bc9ef,1777539305591,1777539305625,202,33.201
8790,exp-perf10000-008790-f390fd73,1777539305592,1777539305625,202,33.019
8791,exp-perf10000-008791-bdc481c1,1777539305592,1777539305625,202,33.201
8792,exp-perf10000-008792-ba5171a2,1777539305592,1777539305625,202,32.885
8793,exp-perf10000-008793-9a3f3f77,1777539305593,1777539305626,202,33.329
8794,exp-perf10000-008794-51d26d2f,1777539305593,1777539305626,202,33.084
8795,exp-perf10000-008795-8ee85db1,1777539305593,1777539305627,202,33.321
8796,exp-perf10000-008796-648af4ef,1777539305594,1777539305627,202,32.997
8797,exp-perf10000-008797-51739a87,1777539305594,1777539305627,202,33.173
8798,exp-perf10000-008798-ef7dc337,1777539305595,1777539305627,202,32.860
8799,exp-perf10000-008799-146a7def,1777539305595,1777539305628,202,33.269
8800,exp-perf10000-008800-83f58297,1777539305595,1777539305628,202,32.689
8801,exp-perf10000-008801-fe1b44c4,1777539305595,1777539305629,202,33.210
8802,exp-perf10000-008802-d0716f35,1777539305596,1777539305629,202,33.397
8803,exp-perf10000-008803-e88c1e68,1777539305596,1777539305629,202,32.851
8804,exp-perf10000-008804-69841765,1777539305597,1777539305629,202,32.964
8805,exp-perf10000-008805-e0971601,1777539305597,1777539305630,202,33.221
8806,exp-perf10000-008806-09a3495d,1777539305597,1777539305631,202,33.568
8807,exp-perf10000-008807-83ab04cd,1777539305598,1777539305630,202,32.285
8808,exp-perf10000-008808-4b25b6b6,1777539305598,1777539305631,202,33.212
8809,exp-perf10000-008809-d31fe5af,1777539305598,1777539305631,202,32.404
8810,exp-perf10000-008810-01356c83,1777539305599,1777539305633,202,33.921
8811,exp-perf10000-008811-54c654ef,1777539305599,1777539305632,202,32.694
8812,exp-perf10000-008812-31c818fe,1777539305599,1777539305632,202,32.767
8813,exp-perf10000-008813-75e5dac5,1777539305604,1777539305633,202,29.634
8814,exp-perf10000-008814-9d359f5f,1777539305604,1777539305632,202,28.251
8815,exp-perf10000-008815-8a47823a,1777539305604,1777539305634,202,29.679
8816,exp-perf10000-008816-bf7d59fa,1777539305604,1777539305634,202,29.866
8817,exp-perf10000-008817-cee4015f,1777539305604,1777539305635,202,30.458
8818,exp-perf10000-008818-3445398a,1777539305605,1777539305633,202,28.185
8819,exp-perf10000-008819-163fa354,1777539305605,1777539305633,202,28.596
8820,exp-perf10000-008820-f2f595d5,1777539305605,1777539305634,202,29.101
8821,exp-perf10000-008821-9a6e9a87,1777539305605,1777539305636,202,30.855
8822,exp-perf10000-008822-76ed180d,1777539305605,1777539305636,202,31.297
8823,exp-perf10000-008823-3cdc25ff,1777539305605,1777539305634,202,29.489
8824,exp-perf10000-008824-68d6c658,1777539305605,1777539305635,202,30.077
8825,exp-perf10000-008825-7d0e3df3,1777539305605,1777539305636,202,30.697
8826,exp-perf10000-008826-d09624e7,1777539305605,1777539305636,202,31.176
8827,exp-perf10000-008827-7806d323,1777539305605,1777539305637,202,31.575
8828,exp-perf10000-008828-c3c8ec0e,1777539305605,1777539305637,202,31.545
8829,exp-perf10000-008829-f1b1cc2b,1777539305606,1777539305637,202,31.950
8830,exp-perf10000-008830-9d359d4b,1777539305606,1777539305638,202,32.000
8831,exp-perf10000-008831-886eb3e7,1777539305606,1777539305638,202,32.277
8832,exp-perf10000-008832-9224dce2,1777539305606,1777539305639,202,32.494
8833,exp-perf10000-008833-34691195,1777539305606,1777539305639,202,32.683
8834,exp-perf10000-008834-5c799707,1777539305606,1777539305639,202,32.928
8835,exp-perf10000-008835-ded636ba,1777539305606,1777539305640,202,33.210
8836,exp-perf10000-008836-839e21d3,1777539305607,1777539305640,202,33.342
8837,exp-perf10000-008837-0cb84fe9,1777539305607,1777539305640,202,33.577
8838,exp-perf10000-008838-16c950af,1777539305607,1777539305641,202,33.617
8839,exp-perf10000-008839-5edfad61,1777539305607,1777539305641,202,33.904
8840,exp-perf10000-008840-7cd1084b,1777539305608,1777539305641,202,33.537
8841,exp-perf10000-008841-57ce4806,1777539305608,1777539305642,202,33.784
8842,exp-perf10000-008842-c6b72125,1777539305608,1777539305642,202,33.426
8843,exp-perf10000-008843-5c26aa1e,1777539305609,1777539305642,202,33.577
8844,exp-perf10000-008844-c8a039b5,1777539305609,1777539305643,202,33.432
8845,exp-perf10000-008845-2d15ac18,1777539305609,1777539305643,202,33.623
8846,exp-perf10000-008846-34076d91,1777539305610,1777539305643,202,33.393
8847,exp-perf10000-008847-7731f3a0,1777539305610,1777539305644,202,33.676
8848,exp-perf10000-008848-9cfbd86d,1777539305610,1777539305644,202,33.455
8849,exp-perf10000-008849-877881e8,1777539305610,1777539305644,202,33.598
8850,exp-perf10000-008850-82364b8d,1777539305611,1777539305645,202,33.580
8851,exp-perf10000-008851-b14bcfe5,1777539305611,1777539305644,202,33.190
8852,exp-perf10000-008852-69d4b02e,1777539305612,1777539305645,202,33.246
8853,exp-perf10000-008853-9592a0fc,1777539305612,1777539305645,202,33.333
8854,exp-perf10000-008854-ad6a93d5,1777539305613,1777539305646,202,33.072
8855,exp-perf10000-008855-11759547,1777539305613,1777539305646,202,33.071
8856,exp-perf10000-008856-6b3deca8,1777539305613,1777539305646,202,33.038
8857,exp-perf10000-008857-4c28619d,1777539305614,1777539305647,202,32.912
8858,exp-perf10000-008858-51117d36,1777539305614,1777539305647,202,32.929
8859,exp-perf10000-008859-1eebea9d,1777539305614,1777539305647,202,32.894
8860,exp-perf10000-008860-15196179,1777539305615,1777539305648,202,32.940
8861,exp-perf10000-008861-e42cc5af,1777539305615,1777539305648,202,32.846
8862,exp-perf10000-008862-516fb65f,1777539305615,1777539305648,202,32.963
8863,exp-perf10000-008863-4d20d653,1777539305616,1777539305649,202,32.812
8864,exp-perf10000-008864-dd9da77f,1777539305616,1777539305649,202,32.870
8865,exp-perf10000-008865-df96dd5d,1777539305616,1777539305649,202,32.670
8866,exp-perf10000-008866-b6d4e6bc,1777539305617,1777539305650,202,32.845
8867,exp-perf10000-008867-84bd7eaf,1777539305617,1777539305650,202,32.710
8868,exp-perf10000-008868-52d90bca,1777539305617,1777539305650,202,32.813
8869,exp-perf10000-008869-b6004bcf,1777539305618,1777539305650,202,32.699
8870,exp-perf10000-008870-11b8c3c4,1777539305618,1777539305651,202,32.828
8871,exp-perf10000-008871-360faca3,1777539305618,1777539305651,202,32.662
8872,exp-perf10000-008872-46847420,1777539305619,1777539305652,202,32.966
8873,exp-perf10000-008873-4247156b,1777539305619,1777539305652,202,32.809
8874,exp-perf10000-008874-26c82c5f,1777539305619,1777539305652,202,32.887
8875,exp-perf10000-008875-31e56f36,1777539305620,1777539305652,202,32.684
8876,exp-perf10000-008876-c9143d4b,1777539305620,1777539305653,202,32.818
8877,exp-perf10000-008877-de35bfd4,1777539305621,1777539305653,202,32.551
8878,exp-perf10000-008878-be67682d,1777539305621,1777539305653,202,32.714
8879,exp-perf10000-008879-3a63b75f,1777539305621,1777539305654,202,32.692
8880,exp-perf10000-008880-fcbb5092,1777539305621,1777539305654,202,32.739
8881,exp-perf10000-008881-9d464197,1777539305622,1777539305655,202,32.724
8882,exp-perf10000-008882-e6ad307e,1777539305622,1777539305655,202,32.837
8883,exp-perf10000-008883-34db5f44,1777539305622,1777539305655,202,32.652
8884,exp-perf10000-008884-7ed3d3ad,1777539305623,1777539305656,202,32.968
8885,exp-perf10000-008885-b88c23ea,1777539305623,1777539305656,202,32.878
8886,exp-perf10000-008886-846f2a3e,1777539305623,1777539305656,202,32.973
8887,exp-perf10000-008887-0a23da42,1777539305624,1777539305657,202,32.885
8888,exp-perf10000-008888-f1658efc,1777539305624,1777539305657,202,33.030
8889,exp-perf10000-008889-448bd5fb,1777539305625,1777539305657,202,32.753
8890,exp-perf10000-008890-34107da2,1777539305625,1777539305657,202,32.712
8891,exp-perf10000-008891-06e28979,1777539305625,1777539305658,202,32.542
8892,exp-perf10000-008892-0bbe2b56,1777539305625,1777539305658,202,32.613
8893,exp-perf10000-008893-5be9b572,1777539305626,1777539305658,202,32.353
8894,exp-perf10000-008894-32ffac32,1777539305626,1777539305659,202,32.521
8895,exp-perf10000-008895-259da4ac,1777539305627,1777539305659,202,32.341
8896,exp-perf10000-008896-f3e1908b,1777539305627,1777539305659,202,32.483
8897,exp-perf10000-008897-ddcd9ded,1777539305627,1777539305660,202,32.353
8898,exp-perf10000-008898-45e62ad7,1777539305627,1777539305660,202,32.554
8899,exp-perf10000-008899-390055fd,1777539305628,1777539305661,202,32.664
8900,exp-perf10000-008900-d09f6362,1777539305628,1777539305660,202,32.229
8901,exp-perf10000-008901-989c7701,1777539305629,1777539305661,202,32.287
8902,exp-perf10000-008902-b99c8988,1777539305629,1777539305661,202,32.403
8903,exp-perf10000-008903-0d10d752,1777539305629,1777539305662,202,32.348
8904,exp-perf10000-008904-bc1b1819,1777539305630,1777539305667,202,37.244
8905,exp-perf10000-008905-bc81c3ab,1777539305630,1777539305668,202,38.428
8906,exp-perf10000-008906-f66af089,1777539305630,1777539305667,202,36.831
8907,exp-perf10000-008907-b5b3c0e4,1777539305631,1777539305667,202,35.633
8908,exp-perf10000-008908-aead4e96,1777539305631,1777539305668,202,37.207
8909,exp-perf10000-008909-2ab67767,1777539305631,1777539305668,202,36.736
8910,exp-perf10000-008910-db800d6d,1777539305632,1777539305667,202,35.294
8911,exp-perf10000-008911-f4a30ded,1777539305632,1777539305668,202,35.272
8912,exp-perf10000-008912-3815c71a,1777539305632,1777539305668,202,35.988
8913,exp-perf10000-008913-934b47d2,1777539305633,1777539305667,202,34.212
8914,exp-perf10000-008914-030ad08e,1777539305633,1777539305668,202,35.224
8915,exp-perf10000-008915-8fdf0296,1777539305633,1777539305667,202,34.222
8916,exp-perf10000-008916-b7297f3c,1777539305633,1777539305668,202,34.758
8917,exp-perf10000-008917-8c257a4f,1777539305634,1777539305668,202,34.720
8918,exp-perf10000-008918-9bec9d6e,1777539305634,1777539305668,202,33.710
8919,exp-perf10000-008919-9189c56c,1777539305634,1777539305668,202,34.004
8920,exp-perf10000-008920-6bd2f452,1777539305634,1777539305667,202,32.966
8921,exp-perf10000-008921-f8151ad6,1777539305635,1777539305668,202,33.186
8922,exp-perf10000-008922-1d10d435,1777539305635,1777539305668,202,33.288
8923,exp-perf10000-008923-fb7ed5a3,1777539305636,1777539305669,202,33.668
8924,exp-perf10000-008924-30bda7d6,1777539305636,1777539305669,202,33.548
8925,exp-perf10000-008925-5997e3f1,1777539305636,1777539305670,202,33.415
8926,exp-perf10000-008926-9a1ac714,1777539305636,1777539305670,202,33.414
8927,exp-perf10000-008927-2f33e149,1777539305637,1777539305670,202,32.974
8928,exp-perf10000-008928-e9363069,1777539305637,1777539305670,202,32.826
8929,exp-perf10000-008929-573fee9d,1777539305638,1777539305670,202,32.668
8930,exp-perf10000-008930-d940f5bc,1777539305638,1777539305670,202,32.593
8931,exp-perf10000-008931-327a5f44,1777539305638,1777539305671,202,32.380
8932,exp-perf10000-008932-ef1c5b38,1777539305639,1777539305671,202,32.241
8933,exp-perf10000-008933-32348a93,1777539305639,1777539305671,202,32.177
8934,exp-perf10000-008934-5dab24b2,1777539305639,1777539305671,202,32.246
8935,exp-perf10000-008935-429543a8,1777539305640,1777539305672,202,32.114
8936,exp-perf10000-008936-e2d95b3c,1777539305640,1777539305672,202,32.214
8937,exp-perf10000-008937-b5e58cd6,1777539305640,1777539305672,202,32.165
8938,exp-perf10000-008938-a70cbfc1,1777539305641,1777539305673,202,32.206
8939,exp-perf10000-008939-a6c8444d,1777539305641,1777539305673,202,32.014
8940,exp-perf10000-008940-e544e2b8,1777539305641,1777539305674,202,32.289
8941,exp-perf10000-008941-bdc875ea,1777539305642,1777539305674,202,32.135
8942,exp-perf10000-008942-682ac17f,1777539305642,1777539305674,202,32.267
8943,exp-perf10000-008943-0ad50ebb,1777539305642,1777539305675,202,32.402
8944,exp-perf10000-008944-e0c34366,1777539305643,1777539305675,202,32.315
8945,exp-perf10000-008945-ec0632b8,1777539305643,1777539305675,202,32.384
8946,exp-perf10000-008946-1ecf7112,1777539305643,1777539305676,202,32.324
8947,exp-perf10000-008947-2c4db589,1777539305644,1777539305676,202,32.449
8948,exp-perf10000-008948-a4318f1d,1777539305644,1777539305676,202,32.379
8949,exp-perf10000-008949-12102fe6,1777539305644,1777539305677,202,32.580
8950,exp-perf10000-008950-519d3a7f,1777539305645,1777539305677,202,32.401
8951,exp-perf10000-008951-4f16708d,1777539305645,1777539305681,202,36.083
8952,exp-perf10000-008952-9a3e48a8,1777539305645,1777539305678,202,32.447
8953,exp-perf10000-008953-2da62e59,1777539305645,1777539305681,202,35.659
8954,exp-perf10000-008954-196b853c,1777539305646,1777539305678,202,32.516
8955,exp-perf10000-008955-6b72415d,1777539305646,1777539305681,202,35.072
8956,exp-perf10000-008956-7b70700d,1777539305646,1777539305679,202,32.519
8957,exp-perf10000-008957-a51801cc,1777539305647,1777539305681,202,34.369
8958,exp-perf10000-008958-397554ac,1777539305647,1777539305680,202,32.591
8959,exp-perf10000-008959-b8076117,1777539305647,1777539305681,202,33.362
8960,exp-perf10000-008960-cc699936,1777539305648,1777539305680,202,32.505
8961,exp-perf10000-008961-d492b6df,1777539305648,1777539305681,202,33.474
8962,exp-perf10000-008962-bf4ac0b5,1777539305648,1777539305681,202,32.970
8963,exp-perf10000-008963-a76d6c8e,1777539305649,1777539305682,202,33.167
8964,exp-perf10000-008964-24bb3d31,1777539305649,1777539305682,202,32.896
8965,exp-perf10000-008965-145dedd2,1777539305649,1777539305682,202,33.303
8966,exp-perf10000-008966-ff8e8547,1777539305650,1777539305683,202,33.257
8967,exp-perf10000-008967-4d431aae,1777539305650,1777539305683,202,33.533
8968,exp-perf10000-008968-10f0388f,1777539305650,1777539305683,202,32.909
8969,exp-perf10000-008969-b2b60ef0,1777539305650,1777539305684,202,33.601
8970,exp-perf10000-008970-d8923e54,1777539305651,1777539305684,202,33.003
8971,exp-perf10000-008971-ae59328c,1777539305651,1777539305685,202,33.513
8972,exp-perf10000-008972-4f85dd53,1777539305652,1777539305685,202,32.965
8973,exp-perf10000-008973-0f5339d4,1777539305652,1777539305686,202,33.629
8974,exp-perf10000-008974-d0488c32,1777539305652,1777539305685,202,33.051
8975,exp-perf10000-008975-5cda582a,1777539305652,1777539305686,202,33.540
8976,exp-perf10000-008976-3da7c6d9,1777539305653,1777539305686,202,33.281
8977,exp-perf10000-008977-2cdc3847,1777539305653,1777539305687,202,33.740
8978,exp-perf10000-008978-cf2b3c91,1777539305654,1777539305687,202,33.243
8979,exp-perf10000-008979-d434b86b,1777539305654,1777539305688,202,33.859
8980,exp-perf10000-008980-b9dd9f90,1777539305654,1777539305687,202,33.300
8981,exp-perf10000-008981-4ce670be,1777539305655,1777539305688,202,33.602
8982,exp-perf10000-008982-5aad78ef,1777539305655,1777539305688,202,33.514
8983,exp-perf10000-008983-956f1726,1777539305655,1777539305689,202,33.888
8984,exp-perf10000-008984-c14069e1,1777539305656,1777539305689,202,33.121
8985,exp-perf10000-008985-2e74555b,1777539305656,1777539305690,202,33.503
8986,exp-perf10000-008986-9edb34a6,1777539305656,1777539305690,202,33.335
8987,exp-perf10000-008987-42bd7560,1777539305657,1777539305690,202,33.400
8988,exp-perf10000-008988-70deb4c2,1777539305657,1777539305690,202,33.322
8989,exp-perf10000-008989-4d196e04,1777539305657,1777539305691,202,33.561
8990,exp-perf10000-008990-538b76af,1777539305658,1777539305691,202,33.554
8991,exp-perf10000-008991-1b406185,1777539305658,1777539305692,202,33.879
8992,exp-perf10000-008992-4e501aa4,1777539305658,1777539305692,202,33.795
8993,exp-perf10000-008993-dcecbf36,1777539305658,1777539305693,202,34.152
8994,exp-perf10000-008994-0b4f78bf,1777539305659,1777539305692,202,33.550
8995,exp-perf10000-008995-1b3b7f92,1777539305659,1777539305693,202,34.041
8996,exp-perf10000-008996-21804184,1777539305659,1777539305693,202,33.889
8997,exp-perf10000-008997-f71f0a6e,1777539305660,1777539305694,202,34.341
8998,exp-perf10000-008998-01321863,1777539305660,1777539305694,202,33.818
8999,exp-perf10000-008999-61833204,1777539305660,1777539305695,202,34.402
9000,exp-perf10000-009000-c0719e84,1777539305661,1777539305695,202,33.967
9001,exp-perf10000-009001-db48405c,1777539305661,1777539305696,202,34.552
9002,exp-perf10000-009002-49bb8a1a,1777539305661,1777539305695,202,34.050
9003,exp-perf10000-009003-71ec4674,1777539305662,1777539305696,202,34.452
9004,exp-perf10000-009004-7a727223,1777539305667,1777539305696,202,29.342
9005,exp-perf10000-009005-b357b504,1777539305667,1777539305697,202,29.859
9006,exp-perf10000-009006-62a3a416,1777539305667,1777539305697,202,30.490
9007,exp-perf10000-009007-66966b52,1777539305667,1777539305698,202,30.761
9008,exp-perf10000-009008-493b2254,1777539305667,1777539305699,202,31.331
9009,exp-perf10000-009009-f86bb9ea,1777539305668,1777539305699,202,31.766
9010,exp-perf10000-009010-888384f1,1777539305668,1777539305700,202,32.257
9011,exp-perf10000-009011-c0362a7c,1777539305668,1777539305701,202,32.849
9012,exp-perf10000-009012-6013287e,1777539305668,1777539305701,202,33.352
9013,exp-perf10000-009013-62590e37,1777539305669,1777539305697,202,28.376
9014,exp-perf10000-009014-b4a4bec8,1777539305669,1777539305697,202,28.841
9015,exp-perf10000-009015-330d1762,1777539305669,1777539305698,202,29.464
9016,exp-perf10000-009016-d110d047,1777539305669,1777539305699,202,30.119
9017,exp-perf10000-009017-4e86bd08,1777539305669,1777539305700,202,30.757
9018,exp-perf10000-009018-6bed63d8,1777539305669,1777539305700,202,31.411
9019,exp-perf10000-009019-c95f3865,1777539305669,1777539305701,202,31.984
9020,exp-perf10000-009020-23be715a,1777539305669,1777539305702,202,32.653
9021,exp-perf10000-009021-a757a451,1777539305669,1777539305703,202,33.360
9022,exp-perf10000-009022-a4e4d823,1777539305669,1777539305702,202,32.652
9023,exp-perf10000-009023-28c95f63,1777539305669,1777539305703,202,33.613
9024,exp-perf10000-009024-ddf90c46,1777539305670,1777539305702,202,32.971
9025,exp-perf10000-009025-511df46f,1777539305670,1777539305704,202,34.119
9026,exp-perf10000-009026-d70210c8,1777539305670,1777539305703,202,33.143
9027,exp-perf10000-009027-a35de177,1777539305670,1777539305705,202,34.516
9028,exp-perf10000-009028-8490e381,1777539305670,1777539305704,202,33.564
9029,exp-perf10000-009029-3d387d27,1777539305670,1777539305705,202,35.138
9030,exp-perf10000-009030-10d9c4ef,1777539305670,1777539305704,202,33.946
9031,exp-perf10000-009031-a09a84e6,1777539305671,1777539305706,202,35.088
9032,exp-perf10000-009032-926a1ee5,1777539305671,1777539305705,202,34.172
9033,exp-perf10000-009033-793fdf4c,1777539305671,1777539305707,202,35.460
9034,exp-perf10000-009034-b52c2129,1777539305672,1777539305706,202,34.323
9035,exp-perf10000-009035-980be715,1777539305672,1777539305708,202,35.762
9036,exp-perf10000-009036-916e1be4,1777539305672,1777539305706,202,34.195
9037,exp-perf10000-009037-bf7e16e5,1777539305672,1777539305708,202,35.753
9038,exp-perf10000-009038-ac6f3b89,1777539305673,1777539305708,202,34.873
9039,exp-perf10000-009039-7e43bbbd,1777539305673,1777539305709,202,35.694
9040,exp-perf10000-009040-6412aa26,1777539305674,1777539305708,202,34.368
9041,exp-perf10000-009041-60a26f54,1777539305674,1777539305709,202,35.508
9042,exp-perf10000-009042-3a558d7e,1777539305674,1777539305709,202,34.354
9043,exp-perf10000-009043-7edc050f,1777539305675,1777539305710,202,35.356
9044,exp-perf10000-009044-0f5b95e2,1777539305675,1777539305709,202,34.198
9045,exp-perf10000-009045-73afe0b5,1777539305675,1777539305711,202,35.460
9046,exp-perf10000-009046-38820c68,1777539305676,1777539305710,202,34.668
9047,exp-perf10000-009047-6ecba057,1777539305676,1777539305711,202,35.416
9048,exp-perf10000-009048-91a6fa73,1777539305676,1777539305711,202,34.300
9049,exp-perf10000-009049-6327e762,1777539305677,1777539305712,202,35.396
9050,exp-perf10000-009050-5bc49369,1777539305677,1777539305712,202,34.965
9051,exp-perf10000-009051-11c5c587,1777539305678,1777539305712,202,34.712
9052,exp-perf10000-009052-c4b55710,1777539305678,1777539305713,202,34.615
9053,exp-perf10000-009053-07c52dd8,1777539305679,1777539305714,202,34.624
9054,exp-perf10000-009054-082cff4b,1777539305680,1777539305714,202,34.520
9055,exp-perf10000-009055-77be3744,1777539305680,1777539305715,202,34.483
9056,exp-perf10000-009056-fca85bd7,1777539305681,1777539305713,202,31.913
9057,exp-perf10000-009057-2dc7fc2a,1777539305681,1777539305713,202,32.440
9058,exp-perf10000-009058-d4b6f5ad,1777539305681,1777539305714,202,32.791
9059,exp-perf10000-009059-a5fadd3d,1777539305681,1777539305715,202,33.549
9060,exp-perf10000-009060-55007827,1777539305681,1777539305716,202,34.374
9061,exp-perf10000-009061-124f778b,1777539305681,1777539305716,202,34.013
9062,exp-perf10000-009062-374fa5f7,1777539305682,1777539305717,202,34.908
9063,exp-perf10000-009063-51dc9b81,1777539305682,1777539305717,202,35.271
9064,exp-perf10000-009064-d7431dba,1777539305682,1777539305717,202,34.559
9065,exp-perf10000-009065-f9370c03,1777539305682,1777539305718,202,35.126
9066,exp-perf10000-009066-0046b92b,1777539305683,1777539305717,202,34.000
9067,exp-perf10000-009067-9c3be59b,1777539305683,1777539305717,202,34.172
9068,exp-perf10000-009068-82f6ed5f,1777539305683,1777539305718,202,34.791
9069,exp-perf10000-009069-5c0de79b,1777539305684,1777539305718,202,34.076
9070,exp-perf10000-009070-d9437625,1777539305684,1777539305719,202,34.750
9071,exp-perf10000-009071-69cc704a,1777539305685,1777539305719,202,33.951
9072,exp-perf10000-009072-59f78271,1777539305685,1777539305720,202,34.806
9073,exp-perf10000-009073-5d5426c6,1777539305685,1777539305719,202,34.036
9074,exp-perf10000-009074-2d64f9be,1777539305686,1777539305720,202,34.712
9075,exp-perf10000-009075-903489b8,1777539305686,1777539305721,202,34.995
9076,exp-perf10000-009076-a0a0f8d0,1777539305686,1777539305720,202,33.839
9077,exp-perf10000-009077-5953aad5,1777539305687,1777539305721,202,34.081
9078,exp-perf10000-009078-46c9a10f,1777539305687,1777539305725,202,37.975
9079,exp-perf10000-009079-b1bd081f,1777539305688,1777539305726,202,38.278
9080,exp-perf10000-009080-5f83e5d0,1777539305688,1777539305726,202,38.055
9081,exp-perf10000-009081-e227931a,1777539305688,1777539305726,202,37.456
9082,exp-perf10000-009082-1aaa78a9,1777539305688,1777539305726,202,37.188
9083,exp-perf10000-009083-72fc787b,1777539305689,1777539305726,202,36.845
9084,exp-perf10000-009084-6f4da0d8,1777539305689,1777539305726,202,36.779
9085,exp-perf10000-009085-bf0faf20,1777539305690,1777539305726,202,35.978
9086,exp-perf10000-009086-84218cf3,1777539305690,1777539305726,202,35.863
9087,exp-perf10000-009087-1005206b,1777539305690,1777539305727,202,36.783
9088,exp-perf10000-009088-d3ed2774,1777539305690,1777539305726,202,35.335
9089,exp-perf10000-009089-c438a99d,1777539305691,1777539305727,202,36.432
9090,exp-perf10000-009090-9c1f311e,1777539305691,1777539305726,202,34.551
9091,exp-perf10000-009091-0e25763a,1777539305692,1777539305728,202,36.115
9092,exp-perf10000-009092-8d551824,1777539305692,1777539305727,202,35.103
9093,exp-perf10000-009093-cffd6a41,1777539305692,1777539305727,202,34.876
9094,exp-perf10000-009094-b148eb68,1777539305693,1777539305728,202,35.564
9095,exp-perf10000-009095-b1d6a00a,1777539305693,1777539305729,202,35.629
9096,exp-perf10000-009096-f8d4e648,1777539305693,1777539305727,202,34.072
9097,exp-perf10000-009097-05b09d24,1777539305694,1777539305728,202,33.962
9098,exp-perf10000-009098-d1277ec7,1777539305694,1777539305729,202,35.422
9099,exp-perf10000-009099-be8147fb,1777539305695,1777539305728,202,33.404
9100,exp-perf10000-009100-217d640e,1777539305695,1777539305730,202,35.314
9101,exp-perf10000-009101-54118fa7,1777539305695,1777539305729,202,33.153
9102,exp-perf10000-009102-cf7709b2,1777539305696,1777539305731,202,35.320
9103,exp-perf10000-009103-e4619587,1777539305696,1777539305729,202,33.238
9104,exp-perf10000-009104-5f7680ba,1777539305696,1777539305732,202,35.444
9105,exp-perf10000-009105-2f7dad87,1777539305697,1777539305730,202,33.276
9106,exp-perf10000-009106-dc6cb7d3,1777539305697,1777539305732,202,35.355
9107,exp-perf10000-009107-e9223d1f,1777539305698,1777539305731,202,33.085
9108,exp-perf10000-009108-6351dc19,1777539305698,1777539305734,202,36.093
9109,exp-perf10000-009109-f636b0d0,1777539305698,1777539305731,202,33.245
9110,exp-perf10000-009110-97a349e4,1777539305698,1777539305734,202,35.662
9111,exp-perf10000-009111-a2ec4cd0,1777539305699,1777539305732,202,33.156
9112,exp-perf10000-009112-2d53d8ba,1777539305699,1777539305734,202,35.412
9113,exp-perf10000-009113-72d4e492,1777539305699,1777539305732,202,33.091
9114,exp-perf10000-009114-86c3bd66,1777539305700,1777539305735,202,35.555
9115,exp-perf10000-009115-901e562f,1777539305700,1777539305733,202,33.492
9116,exp-perf10000-009116-ecf22556,1777539305700,1777539305736,202,35.668
9117,exp-perf10000-009117-43e661a8,1777539305701,1777539305734,202,33.389
9118,exp-perf10000-009118-e27c019b,1777539305701,1777539305737,202,35.605
9119,exp-perf10000-009119-1f65b265,1777539305701,1777539305735,202,33.395
9120,exp-perf10000-009120-25015360,1777539305702,1777539305737,202,35.587
9121,exp-perf10000-009121-9db55246,1777539305702,1777539305735,202,33.101
9122,exp-perf10000-009122-d8f14437,1777539305703,1777539305736,202,33.128
9123,exp-perf10000-009123-3e01e8cf,1777539305703,1777539305738,202,35.421
9124,exp-perf10000-009124-3223c667,1777539305703,1777539305739,202,35.709
9125,exp-perf10000-009125-6274c348,1777539305703,1777539305736,202,33.251
9126,exp-perf10000-009126-3b518227,1777539305704,1777539305737,202,33.281
9127,exp-perf10000-009127-fb608bd1,1777539305704,1777539305740,202,35.685
9128,exp-perf10000-009128-2482e3eb,1777539305704,1777539305738,202,33.216
9129,exp-perf10000-009129-0d03b1ee,1777539305705,1777539305740,202,35.768
9130,exp-perf10000-009130-2f939a1b,1777539305705,1777539305738,202,33.394
9131,exp-perf10000-009131-bd2a971f,1777539305705,1777539305741,202,35.695
9132,exp-perf10000-009132-8ed510cb,1777539305706,1777539305742,202,36.114
9133,exp-perf10000-009133-e7d37af2,1777539305706,1777539305739,202,33.250
9134,exp-perf10000-009134-5c612f58,1777539305706,1777539305740,202,33.501
9135,exp-perf10000-009135-61a0c9b8,1777539305707,1777539305743,202,36.067
9136,exp-perf10000-009136-1930af43,1777539305708,1777539305743,202,35.894
9137,exp-perf10000-009137-0973cc18,1777539305708,1777539305741,202,32.960
9138,exp-perf10000-009138-4c0ab79f,1777539305708,1777539305741,202,33.495
9139,exp-perf10000-009139-9af01428,1777539305708,1777539305744,202,35.865
9140,exp-perf10000-009140-243a869b,1777539305709,1777539305742,202,33.526
9141,exp-perf10000-009141-39160ec2,1777539305709,1777539305745,202,36.033
9142,exp-perf10000-009142-d1251e90,1777539305709,1777539305743,202,33.704
9143,exp-perf10000-009143-80131367,1777539305709,1777539305746,202,36.153
9144,exp-perf10000-009144-73e1e49e,1777539305710,1777539305746,202,36.193
9145,exp-perf10000-009145-005d132b,1777539305710,1777539305744,202,33.408
9146,exp-perf10000-009146-bbdf4eae,1777539305711,1777539305744,202,33.797
9147,exp-perf10000-009147-19c18c06,1777539305711,1777539305747,202,36.566
9148,exp-perf10000-009148-eec63fce,1777539305712,1777539305748,202,36.470
9149,exp-perf10000-009149-400fd7db,1777539305712,1777539305745,202,33.169
9150,exp-perf10000-009150-1b5528b2,1777539305712,1777539305749,202,36.563
9151,exp-perf10000-009151-f8dfca05,1777539305712,1777539305746,202,33.449
9152,exp-perf10000-009152-b5cc49ff,1777539305713,1777539305749,202,36.691
9153,exp-perf10000-009153-52245e81,1777539305713,1777539305746,202,33.549
9154,exp-perf10000-009154-46d97f05,1777539305713,1777539305750,202,36.689
9155,exp-perf10000-009155-1c3762b0,1777539305714,1777539305747,202,33.348
9156,exp-perf10000-009156-8504e024,1777539305714,1777539305751,202,36.840
9157,exp-perf10000-009157-56f8f070,1777539305714,1777539305748,202,33.380
9158,exp-perf10000-009158-d85db1ca,1777539305715,1777539305748,202,33.497
9159,exp-perf10000-009159-7a670994,1777539305715,1777539305752,202,36.637
9160,exp-perf10000-009160-fe97960d,1777539305716,1777539305749,202,33.557
9161,exp-perf10000-009161-7edb823d,1777539305716,1777539305752,202,36.558
9162,exp-perf10000-009162-e8a3bc0d,1777539305717,1777539305753,202,36.450
9163,exp-perf10000-009163-f17f9e16,1777539305717,1777539305750,202,32.978
9164,exp-perf10000-009164-941faf99,1777539305717,1777539305750,202,33.483
9165,exp-perf10000-009165-98ccdc41,1777539305717,1777539305754,202,36.487
9166,exp-perf10000-009166-94e4d57e,1777539305717,1777539305751,202,33.690
9167,exp-perf10000-009167-cd67b063,1777539305718,1777539305754,202,36.687
9168,exp-perf10000-009168-895cf1b1,1777539305718,1777539305752,202,33.855
9169,exp-perf10000-009169-9ffc2d9d,1777539305718,1777539305755,202,36.899
9170,exp-perf10000-009170-921c6c29,1777539305719,1777539305753,202,33.871
9171,exp-perf10000-009171-5edeb962,1777539305719,1777539305756,202,37.136
9172,exp-perf10000-009172-d8892226,1777539305719,1777539305753,202,33.780
9173,exp-perf10000-009173-98c8fcf6,1777539305720,1777539305757,202,36.999
9174,exp-perf10000-009174-a442b052,1777539305720,1777539305754,202,33.797
9175,exp-perf10000-009175-0943bb7c,1777539305720,1777539305757,202,37.142
9176,exp-perf10000-009176-8d136b0b,1777539305721,1777539305755,202,33.656
9177,exp-perf10000-009177-b1a364c6,1777539305721,1777539305758,202,36.934
9178,exp-perf10000-009178-d0c6c48c,1777539305725,1777539305759,202,33.415
9179,exp-perf10000-009179-8e30335b,1777539305726,1777539305759,202,33.463
9180,exp-perf10000-009180-03e5778a,1777539305726,1777539305755,202,29.253
9181,exp-perf10000-009181-a43a3eec,1777539305726,1777539305756,202,29.647
9182,exp-perf10000-009182-9e35d8c5,1777539305726,1777539305760,202,33.790
9183,exp-perf10000-009183-98901f9c,1777539305726,1777539305756,202,30.134
9184,exp-perf10000-009184-ce122835,1777539305726,1777539305757,202,30.663
9185,exp-perf10000-009185-388db4fc,1777539305726,1777539305758,202,31.299
9186,exp-perf10000-009186-fdcd36d8,1777539305727,1777539305761,202,34.184
9187,exp-perf10000-009187-f3e6e819,1777539305727,1777539305761,202,34.793
9188,exp-perf10000-009188-a40e7e15,1777539305727,1777539305758,202,31.631
9189,exp-perf10000-009189-f18bade0,1777539305727,1777539305759,202,31.817
9190,exp-perf10000-009190-98118f99,1777539305727,1777539305762,202,34.805
9191,exp-perf10000-009191-8e452c97,1777539305727,1777539305760,202,32.190
9192,exp-perf10000-009192-e2348e41,1777539305728,1777539305763,202,35.372
9193,exp-perf10000-009193-38b7e402,1777539305728,1777539305760,202,32.648
9194,exp-perf10000-009194-980087fa,1777539305728,1777539305764,202,35.677
9195,exp-perf10000-009195-ed21b19d,1777539305728,1777539305761,202,33.063
9196,exp-perf10000-009196-da1ea63b,1777539305728,1777539305764,202,36.045
9197,exp-perf10000-009197-9eb72147,1777539305728,1777539305762,202,33.319
9198,exp-perf10000-009198-7061decd,1777539305729,1777539305762,202,33.561
9199,exp-perf10000-009199-d3c20f1d,1777539305729,1777539305765,202,36.074
9200,exp-perf10000-009200-3afaf69e,1777539305729,1777539305763,202,33.434
9201,exp-perf10000-009201-cacad476,1777539305730,1777539305766,202,36.213
9202,exp-perf10000-009202-465f385b,1777539305730,1777539305763,202,33.335
9203,exp-perf10000-009203-13db0893,1777539305730,1777539305766,202,35.965
9204,exp-perf10000-009204-a9154e41,1777539305731,1777539305764,202,33.448
9205,exp-perf10000-009205-caf9a48a,1777539305731,1777539305767,202,35.831
9206,exp-perf10000-009206-a2d24195,1777539305731,1777539305765,202,33.389
9207,exp-perf10000-009207-b8fed876,1777539305732,1777539305767,202,35.800
9208,exp-perf10000-009208-3bf8be85,1777539305732,1777539305766,202,33.597
9209,exp-perf10000-009209-d496f22a,1777539305732,1777539305768,202,35.881
9210,exp-perf10000-009210-83696e2b,1777539305733,1777539305766,202,33.477
9211,exp-perf10000-009211-733ea866,1777539305734,1777539305767,202,33.030
9212,exp-perf10000-009212-836efa47,1777539305734,1777539305769,202,35.384
9213,exp-perf10000-009213-4f7b6a0d,1777539305734,1777539305770,202,35.783
9214,exp-perf10000-009214-c45b29fd,1777539305734,1777539305767,202,33.125
9215,exp-perf10000-009215-979cbf47,1777539305734,1777539305770,202,36.039
9216,exp-perf10000-009216-180eac9f,1777539305735,1777539305768,202,33.190
9217,exp-perf10000-009217-a5b0a506,1777539305735,1777539305769,202,33.468
9218,exp-perf10000-009218-44b8a240,1777539305735,1777539305771,202,36.004
9219,exp-perf10000-009219-de56e007,1777539305736,1777539305769,202,33.585
9220,exp-perf10000-009220-573a84d0,1777539305736,1777539305772,202,35.838
9221,exp-perf10000-009221-3680b20b,1777539305736,1777539305770,202,33.456
9222,exp-perf10000-009222-c409cc67,1777539305737,1777539305773,202,36.343
9223,exp-perf10000-009223-88b65ab9,1777539305737,1777539305770,202,33.437
9224,exp-perf10000-009224-b673b75a,1777539305737,1777539305774,202,36.622
9225,exp-perf10000-009225-bdebc8c3,1777539305738,1777539305771,202,33.388
9226,exp-perf10000-009226-ed5c9888,1777539305738,1777539305775,202,36.677
9227,exp-perf10000-009227-3df6e003,1777539305739,1777539305772,202,33.248
9228,exp-perf10000-009228-faf53d09,1777539305739,1777539305776,202,36.708
9229,exp-perf10000-009229-6cf86b09,1777539305739,1777539305772,202,33.311
9230,exp-perf10000-009230-c23056df,1777539305740,1777539305777,202,37.159
9231,exp-perf10000-009231-59b60cb0,1777539305740,1777539305773,202,33.366
9232,exp-perf10000-009232-cc719671,1777539305740,1777539305777,202,37.093
9233,exp-perf10000-009233-39ef8c5c,1777539305741,1777539305774,202,33.124
9234,exp-perf10000-009234-f9055474,1777539305741,1777539305778,202,37.070
9235,exp-perf10000-009235-5f4d7a2f,1777539305742,1777539305775,202,33.027
9236,exp-perf10000-009236-794ff4d7,1777539305742,1777539305779,202,37.147
9237,exp-perf10000-009237-9f95eb71,1777539305742,1777539305775,202,33.039
9238,exp-perf10000-009238-671717d9,1777539305743,1777539305780,202,37.099
9239,exp-perf10000-009239-9d607f7a,1777539305743,1777539305776,202,33.025
9240,exp-perf10000-009240-9d9c08f7,1777539305743,1777539305781,202,37.085
9241,exp-perf10000-009241-bf6d8d08,1777539305744,1777539305777,202,32.862
9242,exp-perf10000-009242-d6616c16,1777539305744,1777539305781,202,37.294
9243,exp-perf10000-009243-675d5c1e,1777539305744,1777539305777,202,32.784
9244,exp-perf10000-009244-55dd8dd4,1777539305745,1777539305782,202,37.246
9245,exp-perf10000-009245-64a80241,1777539305745,1777539305778,202,32.779
9246,exp-perf10000-009246-a912f83c,1777539305746,1777539305783,202,37.535
9247,exp-perf10000-009247-b7a27aa6,1777539305746,1777539305779,202,32.724
9248,exp-perf10000-009248-84ce28a2,1777539305746,1777539305784,202,38.198
9249,exp-perf10000-009249-e3196d0a,1777539305747,1777539305779,202,32.940
9250,exp-perf10000-009250-992b5db8,1777539305747,1777539305780,202,32.996
9251,exp-perf10000-009251-871dd3d5,1777539305747,1777539305791,202,43.704
9252,exp-perf10000-009252-12065225,1777539305748,1777539305781,202,33.080
9253,exp-perf10000-009253-3b102257,1777539305748,1777539305791,202,43.031
9254,exp-perf10000-009254-4363f483,1777539305748,1777539305781,202,32.865
9255,exp-perf10000-009255-f75f925a,1777539305749,1777539305790,202,41.399
9256,exp-perf10000-009256-4aab9b21,1777539305749,1777539305782,202,32.846
9257,exp-perf10000-009257-13d2534c,1777539305749,1777539305791,202,41.556
9258,exp-perf10000-009258-e9b3bbd9,1777539305750,1777539305783,202,33.208
9259,exp-perf10000-009259-5ba405b9,1777539305750,1777539305793,202,43.217
9260,exp-perf10000-009260-95e71f53,1777539305750,1777539305784,202,33.082
9261,exp-perf10000-009261-5655cca7,1777539305751,1777539305794,202,43.463
9262,exp-perf10000-009262-b67c252f,1777539305751,1777539305791,202,39.768
9263,exp-perf10000-009263-161556fb,1777539305752,1777539305794,202,42.704
9264,exp-perf10000-009264-70c0d1b4,1777539305752,1777539305791,202,39.141
9265,exp-perf10000-009265-e40456b5,1777539305752,1777539305793,202,40.985
9266,exp-perf10000-009266-6d727168,1777539305753,1777539305791,202,38.365
9267,exp-perf10000-009267-02f6a299,1777539305753,1777539305793,202,40.208
9268,exp-perf10000-009268-2b6d83c9,1777539305753,1777539305791,202,37.792
9269,exp-perf10000-009269-30c5c634,1777539305754,1777539305793,202,39.761
9270,exp-perf10000-009270-e13825b0,1777539305754,1777539305793,202,39.291
9271,exp-perf10000-009271-19d1b368,1777539305754,1777539305794,202,40.102
9272,exp-perf10000-009272-d71df9ff,1777539305755,1777539305793,202,38.753
9273,exp-perf10000-009273-b5aa33e0,1777539305755,1777539305798,202,42.644
9274,exp-perf10000-009274-54c18c6a,1777539305755,1777539305793,202,38.039
9275,exp-perf10000-009275-49c3ce55,1777539305756,1777539305794,202,38.591
9276,exp-perf10000-009276-e8a7f650,1777539305756,1777539305798,202,41.823
9277,exp-perf10000-009277-0c08cc0d,1777539305756,1777539305793,202,36.722
9278,exp-perf10000-009278-b66dcf64,1777539305757,1777539305799,202,41.984
9279,exp-perf10000-009279-38036f1c,1777539305757,1777539305793,202,36.210
9280,exp-perf10000-009280-82c38c7e,1777539305757,1777539305799,202,41.232
9281,exp-perf10000-009281-3e02f22d,1777539305758,1777539305794,202,35.943
9282,exp-perf10000-009282-3a1af3bd,1777539305758,1777539305799,202,40.682
9283,exp-perf10000-009283-8eeaf17f,1777539305758,1777539305793,202,35.047
9284,exp-perf10000-009284-3305c60f,1777539305759,1777539305799,202,40.111
9285,exp-perf10000-009285-005615c2,1777539305759,1777539305798,202,38.573
9286,exp-perf10000-009286-025c2e44,1777539305759,1777539305799,202,39.450
9287,exp-perf10000-009287-7a6f61c4,1777539305760,1777539305798,202,38.207
9288,exp-perf10000-009288-edbeca1d,1777539305760,1777539305800,202,39.907
9289,exp-perf10000-009289-97e1b4b2,1777539305760,1777539305798,202,37.554
9290,exp-perf10000-009290-66a9ea93,1777539305761,1777539305800,202,39.569
9291,exp-perf10000-009291-76d8cd95,1777539305761,1777539305799,202,37.557
9292,exp-perf10000-009292-c0c31e32,1777539305761,1777539305800,202,38.969
9293,exp-perf10000-009293-96fa218b,1777539305762,1777539305799,202,37.068
9294,exp-perf10000-009294-14c02c64,1777539305762,1777539305801,202,38.898
9295,exp-perf10000-009295-5a424562,1777539305762,1777539305799,202,36.557
9296,exp-perf10000-009296-2b0c8bfe,1777539305763,1777539305799,202,36.053
9297,exp-perf10000-009297-f5df13da,1777539305763,1777539305801,202,38.450
9298,exp-perf10000-009298-6cdc00cf,1777539305763,1777539305799,202,35.502
9299,exp-perf10000-009299-2f0ce006,1777539305764,1777539305802,202,38.489
9300,exp-perf10000-009300-4cc4c079,1777539305764,1777539305800,202,35.780
9301,exp-perf10000-009301-6db99808,1777539305764,1777539305803,202,38.626
9302,exp-perf10000-009302-ecd5f66e,1777539305765,1777539305800,202,35.608
9303,exp-perf10000-009303-e724cb9e,1777539305765,1777539305804,202,39.033
9304,exp-perf10000-009304-0354bbaa,1777539305766,1777539305800,202,34.857
9305,exp-perf10000-009305-0fb06f65,1777539305766,1777539305805,202,39.155
9306,exp-perf10000-009306-2a2a504b,1777539305766,1777539305800,202,34.401
9307,exp-perf10000-009307-275c2704,1777539305766,1777539305806,202,40.210
9308,exp-perf10000-009308-fbeac3fe,1777539305767,1777539305801,202,34.557
9309,exp-perf10000-009309-a8e3e591,1777539305767,1777539305807,202,40.382
9310,exp-perf10000-009310-6874e323,1777539305767,1777539305801,202,34.185
9311,exp-perf10000-009311-1a08c772,1777539305768,1777539305808,202,40.606
9312,exp-perf10000-009312-c32da581,1777539305768,1777539305802,202,34.407
9313,exp-perf10000-009313-25ea1651,1777539305768,1777539305809,202,40.687
9314,exp-perf10000-009314-3afb775d,1777539305769,1777539305803,202,34.601
9315,exp-perf10000-009315-87a44f6c,1777539305769,1777539305810,202,40.477
9316,exp-perf10000-009316-b5559db1,1777539305769,1777539305804,202,34.371
9317,exp-perf10000-009317-0133122c,1777539305770,1777539305811,202,40.844
9318,exp-perf10000-009318-e209a978,1777539305770,1777539305804,202,34.494
9319,exp-perf10000-009319-8d251b6b,1777539305771,1777539305805,202,34.902
9320,exp-perf10000-009320-568115e5,1777539305771,1777539305811,202,40.712
9321,exp-perf10000-009321-635229e1,1777539305771,1777539305806,202,35.299
9322,exp-perf10000-009322-ab381644,1777539305771,1777539305812,202,40.818
9323,exp-perf10000-009323-f8e899b7,1777539305772,1777539305807,202,35.669
9324,exp-perf10000-009324-beab2b4a,1777539305772,1777539305813,202,40.988
9325,exp-perf10000-009325-70d940ec,1777539305773,1777539305808,202,35.830
9326,exp-perf10000-009326-78f4e5aa,1777539305773,1777539305814,202,40.868
9327,exp-perf10000-009327-d517c0d8,1777539305773,1777539305809,202,35.816
9328,exp-perf10000-009328-22bf0027,1777539305774,1777539305810,202,36.044
9329,exp-perf10000-009329-159aef6c,1777539305774,1777539305815,202,40.632
9330,exp-perf10000-009330-dcc04cf5,1777539305775,1777539305811,202,36.235
9331,exp-perf10000-009331-326ba84d,1777539305775,1777539305815,202,40.650
9332,exp-perf10000-009332-680cdf50,1777539305775,1777539305812,202,36.250
9333,exp-perf10000-009333-e938bcc8,1777539305776,1777539305817,202,40.960
9334,exp-perf10000-009334-4ab021b2,1777539305776,1777539305812,202,36.423
9335,exp-perf10000-009335-50c75409,1777539305777,1777539305813,202,36.614
9336,exp-perf10000-009336-b9b6cce8,1777539305777,1777539305817,202,40.261
9337,exp-perf10000-009337-4fe9e219,1777539305777,1777539305814,202,36.885
9338,exp-perf10000-009338-8b3bbc56,1777539305778,1777539305818,202,40.425
9339,exp-perf10000-009339-3996bfcc,1777539305778,1777539305815,202,36.918
9340,exp-perf10000-009340-18da878f,1777539305778,1777539305819,202,40.407
9341,exp-perf10000-009341-d24bb0dd,1777539305779,1777539305816,202,37.027
9342,exp-perf10000-009342-6b33febe,1777539305779,1777539305819,202,40.341
9343,exp-perf10000-009343-563b4833,1777539305780,1777539305816,202,36.880
9344,exp-perf10000-009344-385fe663,1777539305780,1777539305822,202,41.776
9345,exp-perf10000-009345-7587d908,1777539305780,1777539305817,202,37.191
9346,exp-perf10000-009346-82349938,1777539305781,1777539305822,202,41.473
9347,exp-perf10000-009347-270ead63,1777539305781,1777539305818,202,36.931
9348,exp-perf10000-009348-88592bb1,1777539305781,1777539305818,202,37.158
9349,exp-perf10000-009349-6186316e,1777539305782,1777539305823,202,41.235
9350,exp-perf10000-009350-1e89cef1,1777539305782,1777539305819,202,37.063
9351,exp-perf10000-009351-7c334c1a,1777539305782,1777539305824,202,41.311
9352,exp-perf10000-009352-3a364970,1777539305783,1777539305820,202,36.905
9353,exp-perf10000-009353-a8fdaf7b,1777539305783,1777539305824,202,41.006
9354,exp-perf10000-009354-65e0bbaa,1777539305784,1777539305821,202,37.130
9355,exp-perf10000-009355-c5ff3d7a,1777539305785,1777539305825,202,40.388
9356,exp-perf10000-009356-915a32a7,1777539305790,1777539305825,202,35.034
9357,exp-perf10000-009357-8f10dbe4,1777539305791,1777539305824,202,32.784
9358,exp-perf10000-009358-0925af9a,1777539305791,1777539305823,202,31.630
9359,exp-perf10000-009359-0131d70a,1777539305792,1777539305826,202,34.769
9360,exp-perf10000-009360-5f593f73,1777539305792,1777539305827,202,35.256
9361,exp-perf10000-009361-593b61fd,1777539305792,1777539305826,202,33.676
9362,exp-perf10000-009362-8c01a557,1777539305792,1777539305825,202,32.610
9363,exp-perf10000-009363-70dbc158,1777539305792,1777539305828,202,35.558
9364,exp-perf10000-009364-984af886,1777539305795,1777539305827,202,31.912
9365,exp-perf10000-009365-c6d54835,1777539305795,1777539305827,202,32.035
9366,exp-perf10000-009366-78514cd0,1777539305795,1777539305828,202,33.207
9367,exp-perf10000-009367-e891b403,1777539305795,1777539305827,202,32.365
9368,exp-perf10000-009368-a1f637dc,1777539305795,1777539305829,202,33.605
9369,exp-perf10000-009369-2ebe69c0,1777539305795,1777539305828,202,32.851
9370,exp-perf10000-009370-883867f8,1777539305796,1777539305829,202,32.932
9371,exp-perf10000-009371-7ffc7203,1777539305796,1777539305830,202,33.211
9372,exp-perf10000-009372-1dea9b57,1777539305796,1777539305830,202,33.267
9373,exp-perf10000-009373-16b761e3,1777539305797,1777539305830,202,33.639
9374,exp-perf10000-009374-cc204f88,1777539305797,1777539305831,202,33.694
9375,exp-perf10000-009375-fa5f25cd,1777539305797,1777539305831,202,34.296
9376,exp-perf10000-009376-08746673,1777539305797,1777539305831,202,33.598
9377,exp-perf10000-009377-ff29b286,1777539305797,1777539305831,202,33.681
9378,exp-perf10000-009378-d67d24ac,1777539305797,1777539305832,202,34.548
9379,exp-perf10000-009379-2822ac50,1777539305798,1777539305832,202,33.834
9380,exp-perf10000-009380-6d876038,1777539305798,1777539305833,202,34.388
9381,exp-perf10000-009381-df4aa242,1777539305798,1777539305832,202,33.836
9382,exp-perf10000-009382-53aad489,1777539305798,1777539305833,202,34.948
9383,exp-perf10000-009383-ba136622,1777539305799,1777539305833,202,34.669
9384,exp-perf10000-009384-376ce264,1777539305799,1777539305834,202,34.531
9385,exp-perf10000-009385-c497b045,1777539305799,1777539305834,202,34.715
9386,exp-perf10000-009386-59e45233,1777539305799,1777539305835,202,35.274
9387,exp-perf10000-009387-c24dcee7,1777539305799,1777539305834,202,34.736
9388,exp-perf10000-009388-be62c284,1777539305799,1777539305835,202,35.707
9389,exp-perf10000-009389-d23ed98d,1777539305799,1777539305835,202,35.231
9390,exp-perf10000-009390-e1a8ea35,1777539305800,1777539305835,202,35.800
9391,exp-perf10000-009391-3b3ebf00,1777539305800,1777539305836,202,36.174
9392,exp-perf10000-009392-61c95e08,1777539305800,1777539305837,202,36.822
9393,exp-perf10000-009393-2927cf98,1777539305800,1777539305836,202,36.291
9394,exp-perf10000-009394-88de68fd,1777539305800,1777539305837,202,36.765
9395,exp-perf10000-009395-d2398dc3,1777539305800,1777539305837,202,37.070
9396,exp-perf10000-009396-7d876f1d,1777539305800,1777539305838,202,37.328
9397,exp-perf10000-009397-e10f494c,1777539305801,1777539305838,202,36.934
9398,exp-perf10000-009398-1d668331,1777539305801,1777539305838,202,37.623
9399,exp-perf10000-009399-34954814,1777539305801,1777539305839,202,37.768
9400,exp-perf10000-009400-01b5adf2,1777539305801,1777539305839,202,38.065
9401,exp-perf10000-009401-b1d8bd75,1777539305801,1777539305839,202,38.061
9402,exp-perf10000-009402-b51184af,1777539305801,1777539305840,202,38.427
9403,exp-perf10000-009403-224f06f8,1777539305801,1777539305840,202,38.395
9404,exp-perf10000-009404-ca8acccc,1777539305802,1777539305841,202,39.100
9405,exp-perf10000-009405-5ce220e6,1777539305802,1777539305840,202,38.351
9406,exp-perf10000-009406-3ac2ac77,1777539305802,1777539305841,202,38.738
9407,exp-perf10000-009407-e316db66,1777539305803,1777539305841,202,38.264
9408,exp-perf10000-009408-ce9b70eb,1777539305803,1777539305842,202,38.605
9409,exp-perf10000-009409-4d34dd63,1777539305804,1777539305843,202,38.894
9410,exp-perf10000-009410-8fa2ba20,1777539305804,1777539305842,202,37.745
9411,exp-perf10000-009411-f1a5ece3,1777539305805,1777539305843,202,38.792
9412,exp-perf10000-009412-5404f0d0,1777539305805,1777539305842,202,37.493
9413,exp-perf10000-009413-93998def,1777539305805,1777539305844,202,38.465
9414,exp-perf10000-009414-49771ab6,1777539305807,1777539305844,202,37.877
9415,exp-perf10000-009415-5f082bd4,1777539305807,1777539305843,202,36.458
9416,exp-perf10000-009416-22df4650,1777539305807,1777539305844,202,36.468
9417,exp-perf10000-009417-dbcde6f6,1777539305808,1777539305845,202,37.819
9418,exp-perf10000-009418-dab2d093,1777539305808,1777539305845,202,36.399
9419,exp-perf10000-009419-0f51cbc4,1777539305808,1777539305846,202,37.329
9420,exp-perf10000-009420-e0ecf4b3,1777539305809,1777539305845,202,36.108
9421,exp-perf10000-009421-e8357921,1777539305809,1777539305847,202,37.354
9422,exp-perf10000-009422-2bd10b86,1777539305810,1777539305846,202,36.228
9423,exp-perf10000-009423-05774024,1777539305810,1777539305847,202,37.249
9424,exp-perf10000-009424-57ce46a0,1777539305811,1777539305847,202,36.271
9425,exp-perf10000-009425-14ead8ce,1777539305811,1777539305848,202,36.983
9426,exp-perf10000-009426-8784b5da,1777539305811,1777539305848,202,36.271
9427,exp-perf10000-009427-e0f4d389,1777539305812,1777539305849,202,37.017
9428,exp-perf10000-009428-71440a52,1777539305812,1777539305848,202,36.056
9429,exp-perf10000-009429-c005e22e,1777539305812,1777539305849,202,37.079
9430,exp-perf10000-009430-af878951,1777539305813,1777539305849,202,35.891
9431,exp-perf10000-009431-30008e4e,1777539305813,1777539305850,202,36.713
9432,exp-perf10000-009432-9dd56644,1777539305814,1777539305850,202,35.783
9433,exp-perf10000-009433-6a4f13a6,1777539305814,1777539305851,202,36.412
9434,exp-perf10000-009434-7ce7b789,1777539305815,1777539305851,202,36.559
9435,exp-perf10000-009435-12ce1bfd,1777539305815,1777539305852,202,36.859
9436,exp-perf10000-009436-9e73e9d8,1777539305816,1777539305852,202,36.619
9437,exp-perf10000-009437-f570a0bb,1777539305816,1777539305852,202,36.305
9438,exp-perf10000-009438-16aa79fa,1777539305816,1777539305853,202,36.098
9439,exp-perf10000-009439-0590c047,1777539305817,1777539305853,202,36.169
9440,exp-perf10000-009440-23ce1401,1777539305817,1777539305853,202,36.279
9441,exp-perf10000-009441-bb37eb7e,1777539305817,1777539305854,202,37.110
9442,exp-perf10000-009442-c614d5a3,1777539305818,1777539305855,202,36.827
9443,exp-perf10000-009443-0f922eab,1777539305818,1777539305854,202,36.005
9444,exp-perf10000-009444-4fd4bd72,1777539305818,1777539305855,202,36.273
9445,exp-perf10000-009445-de525fc0,1777539305819,1777539305855,202,36.212
9446,exp-perf10000-009446-434f3c13,1777539305819,1777539305855,202,35.997
9447,exp-perf10000-009447-3f9d8cd5,1777539305819,1777539305855,202,35.913
9448,exp-perf10000-009448-57240853,1777539305820,1777539305856,202,35.846
9449,exp-perf10000-009449-f0a732ad,1777539305821,1777539305857,202,35.752
9450,exp-perf10000-009450-cd3b7a80,1777539305822,1777539305856,202,34.520
9451,exp-perf10000-009451-ea4e6ffc,1777539305822,1777539305857,202,34.682
9452,exp-perf10000-009452-49cc0d60,1777539305823,1777539305858,202,34.785
9453,exp-perf10000-009453-0a15aeb2,1777539305823,1777539305857,202,34.134
9454,exp-perf10000-009454-36d7c21a,1777539305824,1777539305858,202,34.867
9455,exp-perf10000-009455-d3954faf,1777539305824,1777539305858,202,33.828
9456,exp-perf10000-009456-78cc6126,1777539305824,1777539305859,202,35.049
9457,exp-perf10000-009457-9238e73f,1777539305825,1777539305859,202,34.115
9458,exp-perf10000-009458-31dcd3d0,1777539305825,1777539305860,202,34.885
9459,exp-perf10000-009459-b9884ca0,1777539305826,1777539305860,202,34.934
9460,exp-perf10000-009460-691c43d3,1777539305826,1777539305859,202,33.418
9461,exp-perf10000-009461-653acbdf,1777539305826,1777539305861,202,34.623
9462,exp-perf10000-009462-c6e83d57,1777539305827,1777539305860,202,32.970
9463,exp-perf10000-009463-fd0563bf,1777539305827,1777539305860,202,33.465
9464,exp-perf10000-009464-1e1f5d16,1777539305827,1777539305862,202,34.582
9465,exp-perf10000-009465-5aa6435e,1777539305828,1777539305861,202,33.791
9466,exp-perf10000-009466-f2a01b7d,1777539305828,1777539305862,202,34.521
9467,exp-perf10000-009467-76f77b9a,1777539305828,1777539305862,202,33.525
9468,exp-perf10000-009468-46a23d9f,1777539305828,1777539305863,202,34.517
9469,exp-perf10000-009469-0e47f6e6,1777539305829,1777539305864,202,34.720
9470,exp-perf10000-009470-6c18854e,1777539305829,1777539305862,202,33.392
9471,exp-perf10000-009471-570f3ef8,1777539305830,1777539305864,202,34.650
9472,exp-perf10000-009472-27fa7037,1777539305830,1777539305863,202,33.223
9473,exp-perf10000-009473-2b60f0aa,1777539305830,1777539305865,202,34.499
9474,exp-perf10000-009474-7a0745c5,1777539305831,1777539305864,202,33.239
9475,exp-perf10000-009475-4281c26c,1777539305831,1777539305866,202,34.653
9476,exp-perf10000-009476-1ee7f60b,1777539305831,1777539305864,202,33.387
9477,exp-perf10000-009477-6aa35ba3,1777539305831,1777539305866,202,34.818
9478,exp-perf10000-009478-24c34ff6,1777539305832,1777539305865,202,33.494
9479,exp-perf10000-009479-8120fdaa,1777539305832,1777539305867,202,34.864
9480,exp-perf10000-009480-25395345,1777539305832,1777539305866,202,33.504
9481,exp-perf10000-009481-71bb6dbd,1777539305833,1777539305868,202,34.906
9482,exp-perf10000-009482-e22561f3,1777539305833,1777539305867,202,33.230
9483,exp-perf10000-009483-b5abbb8a,1777539305833,1777539305868,202,34.782
9484,exp-perf10000-009484-ca9d5578,1777539305834,1777539305867,202,33.604
9485,exp-perf10000-009485-5d8799e1,1777539305834,1777539305869,202,35.056
9486,exp-perf10000-009486-98607ff0,1777539305834,1777539305868,202,33.844
9487,exp-perf10000-009487-9b847b2b,1777539305835,1777539305870,202,35.000
9488,exp-perf10000-009488-0975b847,1777539305835,1777539305869,202,33.984
9489,exp-perf10000-009489-1392bb48,1777539305835,1777539305870,202,35.099
9490,exp-perf10000-009490-4afea92e,1777539305835,1777539305869,202,33.923
9491,exp-perf10000-009491-2a22e538,1777539305836,1777539305871,202,34.985
9492,exp-perf10000-009492-7cec68d9,1777539305836,1777539305870,202,33.810
9493,exp-perf10000-009493-86a02c7e,1777539305837,1777539305872,202,35.139
9494,exp-perf10000-009494-f0636ed5,1777539305837,1777539305871,202,33.815
9495,exp-perf10000-009495-af89c9d8,1777539305837,1777539305872,202,35.253
9496,exp-perf10000-009496-8398fa6a,1777539305838,1777539305871,202,33.741
9497,exp-perf10000-009497-cf83a385,1777539305838,1777539305873,202,35.196
9498,exp-perf10000-009498-ceeeb3df,1777539305838,1777539305872,202,33.664
9499,exp-perf10000-009499-cea55dc6,1777539305839,1777539305874,202,35.169
9500,exp-perf10000-009500-57c8b8bc,1777539305839,1777539305873,202,33.760
9501,exp-perf10000-009501-b975b1e6,1777539305839,1777539305875,202,35.450
9502,exp-perf10000-009502-6f21ec11,1777539305840,1777539305873,202,33.659
9503,exp-perf10000-009503-19b2ba45,1777539305840,1777539305875,202,35.310
9504,exp-perf10000-009504-aff10507,1777539305841,1777539305876,202,35.660
9505,exp-perf10000-009505-336b7f0a,1777539305841,1777539305874,202,33.334
9506,exp-perf10000-009506-f196cc4f,1777539305841,1777539305875,202,33.646
9507,exp-perf10000-009507-d5e24f9a,1777539305841,1777539305877,202,35.582
9508,exp-perf10000-009508-64b0a2c5,1777539305842,1777539305878,202,35.760
9509,exp-perf10000-009509-cd020ae0,1777539305842,1777539305875,202,33.469
9510,exp-perf10000-009510-9517ded5,1777539305842,1777539305878,202,35.628
9511,exp-perf10000-009511-b908a7fb,1777539305843,1777539305876,202,33.273
9512,exp-perf10000-009512-6c9455b2,1777539305843,1777539305879,202,35.669
9513,exp-perf10000-009513-de459b19,1777539305843,1777539305877,202,33.345
9514,exp-perf10000-009514-bba0de87,1777539305844,1777539305879,202,35.654
9515,exp-perf10000-009515-d32d38dc,1777539305844,1777539305877,202,33.376
9516,exp-perf10000-009516-42fba93e,1777539305844,1777539305878,202,33.526
9517,exp-perf10000-009517-99453b4c,1777539305845,1777539305880,202,35.560
9518,exp-perf10000-009518-c520dc49,1777539305845,1777539305881,202,35.568
9519,exp-perf10000-009519-7a6ce78b,1777539305845,1777539305879,202,33.244
9520,exp-perf10000-009520-c300e28f,1777539305846,1777539305879,202,33.448
9521,exp-perf10000-009521-c305e1ee,1777539305846,1777539305881,202,35.343
9522,exp-perf10000-009522-23bd7559,1777539305847,1777539305880,202,33.291
9523,exp-perf10000-009523-9016beb8,1777539305847,1777539305882,202,35.388
9524,exp-perf10000-009524-5eeb9d5c,1777539305847,1777539305881,202,33.276
9525,exp-perf10000-009525-14510875,1777539305848,1777539305883,202,35.123
9526,exp-perf10000-009526-a337866f,1777539305848,1777539305881,202,33.230
9527,exp-perf10000-009527-71754121,1777539305848,1777539305883,202,35.175
9528,exp-perf10000-009528-a258cfa4,1777539305849,1777539305882,202,33.143
9529,exp-perf10000-009529-1bf35ac7,1777539305849,1777539305884,202,35.101
9530,exp-perf10000-009530-288f7dcc,1777539305850,1777539305883,202,33.096
9531,exp-perf10000-009531-b80541b6,1777539305850,1777539305885,202,34.929
9532,exp-perf10000-009532-d7c0c5fc,1777539305850,1777539305883,202,33.088
9533,exp-perf10000-009533-26f48dea,1777539305851,1777539305884,202,33.095
9534,exp-perf10000-009534-71335b2d,1777539305851,1777539305885,202,33.964
9535,exp-perf10000-009535-2448e968,1777539305852,1777539305884,202,32.652
9536,exp-perf10000-009536-9fb82e16,1777539305852,1777539305885,202,32.994
9537,exp-perf10000-009537-02b77824,1777539305852,1777539305886,202,34.053
9538,exp-perf10000-009538-3d5b4712,1777539305853,1777539305886,202,33.892
9539,exp-perf10000-009539-859ffe24,1777539305853,1777539305887,202,34.272
9540,exp-perf10000-009540-ea9ef84f,1777539305853,1777539305889,202,36.033
9541,exp-perf10000-009541-423fb8fa,1777539305854,1777539305889,202,35.400
9542,exp-perf10000-009542-0de36885,1777539305854,1777539305887,202,32.281
9543,exp-perf10000-009543-8478a3b3,1777539305855,1777539305887,202,32.804
9544,exp-perf10000-009544-46a59296,1777539305855,1777539305888,202,33.340
9545,exp-perf10000-009545-f8cb35e3,1777539305855,1777539305890,202,34.793
9546,exp-perf10000-009546-7846902d,1777539305855,1777539305889,202,33.656
9547,exp-perf10000-009547-192d47b5,1777539305855,1777539305890,202,34.721
9548,exp-perf10000-009548-b42106fe,1777539305856,1777539305890,202,34.135
9549,exp-perf10000-009549-0c3a197b,1777539305856,1777539305891,202,34.332
9550,exp-perf10000-009550-879bf5e7,1777539305857,1777539305890,202,33.746
9551,exp-perf10000-009551-50c69177,1777539305857,1777539305891,202,34.429
9552,exp-perf10000-009552-0b1fc033,1777539305857,1777539305891,202,33.722
9553,exp-perf10000-009553-4507f977,1777539305858,1777539305892,202,34.178
9554,exp-perf10000-009554-29c25d08,1777539305858,1777539305892,202,33.684
9555,exp-perf10000-009555-97dc50f5,1777539305858,1777539305893,202,34.048
9556,exp-perf10000-009556-c6fa762b,1777539305859,1777539305892,202,33.267
9557,exp-perf10000-009557-7a44a4f1,1777539305859,1777539305893,202,33.663
9558,exp-perf10000-009558-f6c06b50,1777539305859,1777539305893,202,33.860
9559,exp-perf10000-009559-e041eade,1777539305860,1777539305894,202,33.833
9560,exp-perf10000-009560-d996ecac,1777539305860,1777539305894,202,34.000
9561,exp-perf10000-009561-f1454da5,1777539305861,1777539305894,202,33.750
9562,exp-perf10000-009562-048edc5f,1777539305861,1777539305895,202,33.979
9563,exp-perf10000-009563-f5023764,1777539305861,1777539305895,202,34.083
9564,exp-perf10000-009564-bb670a6b,1777539305861,1777539305895,202,33.609
9565,exp-perf10000-009565-e668507b,1777539305862,1777539305896,202,33.735
9566,exp-perf10000-009566-e01d1cd9,1777539305862,1777539305896,202,33.963
9567,exp-perf10000-009567-c8d4f103,1777539305862,1777539305897,202,34.463
9568,exp-perf10000-009568-fba48bd6,1777539305863,1777539305896,202,33.821
9569,exp-perf10000-009569-3c62468f,1777539305863,1777539305897,202,34.572
9570,exp-perf10000-009570-77758181,1777539305863,1777539305897,202,33.984
9571,exp-perf10000-009571-4713c0e9,1777539305864,1777539305898,202,34.551
9572,exp-perf10000-009572-edb84cfa,1777539305864,1777539305898,202,34.043
9573,exp-perf10000-009573-894b8e63,1777539305864,1777539305899,202,34.691
9574,exp-perf10000-009574-1e055bbe,1777539305864,1777539305899,202,34.094
9575,exp-perf10000-009575-5dae41ae,1777539305865,1777539305900,202,35.080
9576,exp-perf10000-009576-81bc8f11,1777539305865,1777539305899,202,34.113
9577,exp-perf10000-009577-985d1acc,1777539305866,1777539305901,202,35.087
9578,exp-perf10000-009578-1c622df7,1777539305866,1777539305900,202,34.499
9579,exp-perf10000-009579-09beefd9,1777539305866,1777539305902,202,35.286
9580,exp-perf10000-009580-e3f14a99,1777539305867,1777539305901,202,34.474
9581,exp-perf10000-009581-676f48fc,1777539305867,1777539305902,202,35.246
9582,exp-perf10000-009582-9ab3bd08,1777539305867,1777539305902,202,34.598
9583,exp-perf10000-009583-6172239f,1777539305868,1777539305903,202,35.212
9584,exp-perf10000-009584-6632da88,1777539305868,1777539305903,202,34.602
9585,exp-perf10000-009585-ea35faf6,1777539305868,1777539305903,202,35.167
9586,exp-perf10000-009586-be2d8be1,1777539305869,1777539305903,202,34.316
9587,exp-perf10000-009587-6ee27e97,1777539305869,1777539305904,202,35.113
9588,exp-perf10000-009588-619ddcf4,1777539305869,1777539305904,202,34.346
9589,exp-perf10000-009589-68ba4e8d,1777539305870,1777539305905,202,35.119
9590,exp-perf10000-009590-c3f78f4d,1777539305870,1777539305904,202,34.397
9591,exp-perf10000-009591-763c27d7,1777539305870,1777539305906,202,35.274
9592,exp-perf10000-009592-fb2593ed,1777539305871,1777539305905,202,34.380
9593,exp-perf10000-009593-66a400f8,1777539305871,1777539305906,202,35.176
9594,exp-perf10000-009594-e03898f3,1777539305871,1777539305906,202,34.408
9595,exp-perf10000-009595-ff7b734d,1777539305872,1777539305907,202,34.951
9596,exp-perf10000-009596-338ade07,1777539305872,1777539305906,202,34.353
9597,exp-perf10000-009597-32490f33,1777539305873,1777539305907,202,34.900
9598,exp-perf10000-009598-99dab4df,1777539305873,1777539305907,202,34.226
9599,exp-perf10000-009599-1982a056,1777539305873,1777539305908,202,34.906
9600,exp-perf10000-009600-87c0d2de,1777539305873,1777539305908,202,34.405
9601,exp-perf10000-009601-d636ac0e,1777539305874,1777539305909,202,35.054
9602,exp-perf10000-009602-8601a288,1777539305874,1777539305909,202,34.552
9603,exp-perf10000-009603-9706e5e7,1777539305875,1777539305910,202,34.935
9604,exp-perf10000-009604-d87c02b2,1777539305875,1777539305910,202,34.688
9605,exp-perf10000-009605-c9321131,1777539305875,1777539305910,202,34.768
9606,exp-perf10000-009606-c0a20d5b,1777539305875,1777539305910,202,34.734
9607,exp-perf10000-009607-f7c96f65,1777539305876,1777539305911,202,34.848
9608,exp-perf10000-009608-76416c15,1777539305876,1777539305911,202,34.427
9609,exp-perf10000-009609-cc867781,1777539305877,1777539305911,202,34.600
9610,exp-perf10000-009610-6bde47d3,1777539305877,1777539305912,202,34.592
9611,exp-perf10000-009611-d9a84788,1777539305877,1777539305912,202,34.727
9612,exp-perf10000-009612-daaca588,1777539305878,1777539305912,202,34.307
9613,exp-perf10000-009613-b26d87cb,1777539305878,1777539305913,202,34.889
9614,exp-perf10000-009614-0976d242,1777539305878,1777539305913,202,34.456
9615,exp-perf10000-009615-acb8da1a,1777539305879,1777539305914,202,34.874
9616,exp-perf10000-009616-8fadd2a1,1777539305879,1777539305913,202,34.447
9617,exp-perf10000-009617-6040d9f1,1777539305879,1777539305914,202,34.851
9618,exp-perf10000-009618-96edb8a3,1777539305879,1777539305914,202,34.399
9619,exp-perf10000-009619-5399a688,1777539305880,1777539305915,202,34.972
9620,exp-perf10000-009620-9023c92f,1777539305880,1777539305915,202,34.312
9621,exp-perf10000-009621-ca095ea7,1777539305881,1777539305915,202,34.882
9622,exp-perf10000-009622-9b9881d8,1777539305881,1777539305915,202,34.443
9623,exp-perf10000-009623-3074eda2,1777539305881,1777539305916,202,35.111
9624,exp-perf10000-009624-783021be,1777539305881,1777539305916,202,34.721
9625,exp-perf10000-009625-7052d704,1777539305882,1777539305917,202,35.176
9626,exp-perf10000-009626-54a052b8,1777539305882,1777539305917,202,34.342
9627,exp-perf10000-009627-d04938ec,1777539305883,1777539305918,202,34.929
9628,exp-perf10000-009628-147a6d89,1777539305883,1777539305917,202,34.535
9629,exp-perf10000-009629-ba3fff46,1777539305883,1777539305918,202,34.992
9630,exp-perf10000-009630-a17fcad6,1777539305883,1777539305918,202,34.494
9631,exp-perf10000-009631-e95ed0f6,1777539305884,1777539305919,202,34.969
9632,exp-perf10000-009632-d5765dfe,1777539305884,1777539305919,202,34.497
9633,exp-perf10000-009633-129e52e0,1777539305885,1777539305919,202,34.931
9634,exp-perf10000-009634-32a5acbd,1777539305885,1777539305919,202,34.410
9635,exp-perf10000-009635-6e32898f,1777539305885,1777539305920,202,35.151
9636,exp-perf10000-009636-5440a16c,1777539305885,1777539305920,202,34.572
9637,exp-perf10000-009637-3a5d0b0a,1777539305886,1777539305921,202,34.243
9638,exp-perf10000-009638-6de3669a,1777539305887,1777539305921,202,34.364
9639,exp-perf10000-009639-69929869,1777539305887,1777539305922,202,34.729
9640,exp-perf10000-009640-a0c74e9e,1777539305887,1777539305921,202,34.089
9641,exp-perf10000-009641-aacab905,1777539305888,1777539305922,202,34.638
9642,exp-perf10000-009642-0d18363d,1777539305888,1777539305923,202,34.589
9643,exp-perf10000-009643-ea54fb36,1777539305889,1777539305923,202,34.581
9644,exp-perf10000-009644-a1c0961d,1777539305890,1777539305922,202,32.344
9645,exp-perf10000-009645-050bdfa4,1777539305890,1777539305923,202,32.875
9646,exp-perf10000-009646-f0e99e9f,1777539305890,1777539305923,202,33.303
9647,exp-perf10000-009647-9005a15d,1777539305890,1777539305924,202,34.030
9648,exp-perf10000-009648-ac107e14,1777539305890,1777539305924,202,33.602
9649,exp-perf10000-009649-a99d96a9,1777539305890,1777539305925,202,34.359
9650,exp-perf10000-009650-b76e9fa4,1777539305891,1777539305925,202,33.898
9651,exp-perf10000-009651-7dfbe034,1777539305891,1777539305925,202,34.422
9652,exp-perf10000-009652-ffb3a6b1,1777539305891,1777539305925,202,33.836
9653,exp-perf10000-009653-f654bc61,1777539305892,1777539305926,202,34.752
9654,exp-perf10000-009654-14531a3f,1777539305892,1777539305926,202,33.925
9655,exp-perf10000-009655-8cc0fd37,1777539305892,1777539305927,202,35.028
9656,exp-perf10000-009656-a5daba5a,1777539305893,1777539305927,202,34.113
9657,exp-perf10000-009657-2305f03b,1777539305893,1777539305928,202,35.230
9658,exp-perf10000-009658-ba3f22b6,1777539305893,1777539305928,202,34.271
9659,exp-perf10000-009659-5180a512,1777539305894,1777539305930,202,35.937
9660,exp-perf10000-009660-72914294,1777539305894,1777539305928,202,34.574
9661,exp-perf10000-009661-76f84205,1777539305894,1777539305930,202,35.977
9662,exp-perf10000-009662-596aa84f,1777539305895,1777539305930,202,34.935
9663,exp-perf10000-009663-ef75b6a4,1777539305895,1777539305931,202,36.121
9664,exp-perf10000-009664-19466a01,1777539305895,1777539305930,202,35.005
9665,exp-perf10000-009665-66624b28,1777539305896,1777539305932,202,36.302
9666,exp-perf10000-009666-fc20da25,1777539305896,1777539305931,202,35.153
9667,exp-perf10000-009667-f9f98f14,1777539305896,1777539305933,202,36.464
9668,exp-perf10000-009668-d741d82c,1777539305897,1777539305932,202,35.069
9669,exp-perf10000-009669-da79c25a,1777539305897,1777539305934,202,36.609
9670,exp-perf10000-009670-147c4ba8,1777539305898,1777539305933,202,35.343
9671,exp-perf10000-009671-22f0a15e,1777539305898,1777539305934,202,36.331
9672,exp-perf10000-009672-10270a06,1777539305898,1777539305934,202,35.337
9673,exp-perf10000-009673-85dfc2c0,1777539305899,1777539305935,202,36.589
9674,exp-perf10000-009674-56f4ee05,1777539305899,1777539305934,202,35.482
9675,exp-perf10000-009675-ce642258,1777539305899,1777539305936,202,36.848
9676,exp-perf10000-009676-6ecda146,1777539305900,1777539305935,202,35.094
9677,exp-perf10000-009677-6d133bc0,1777539305900,1777539305937,202,36.694
9678,exp-perf10000-009678-d4842f97,1777539305901,1777539305936,202,35.173
9679,exp-perf10000-009679-58b7f31c,1777539305901,1777539305940,202,38.473
9680,exp-perf10000-009680-a84385c3,1777539305902,1777539305937,202,35.103
9681,exp-perf10000-009681-efcec4dd,1777539305902,1777539305940,202,37.875
9682,exp-perf10000-009682-b0a00440,1777539305902,1777539305938,202,35.583
9683,exp-perf10000-009683-443391d4,1777539305903,1777539305940,202,37.183
9684,exp-perf10000-009684-0e642c05,1777539305903,1777539305938,202,35.352
9685,exp-perf10000-009685-fa6c9cf8,1777539305903,1777539305940,202,36.965
9686,exp-perf10000-009686-7f025923,1777539305903,1777539305939,202,35.214
9687,exp-perf10000-009687-cd62967b,1777539305904,1777539305941,202,36.847
9688,exp-perf10000-009688-efe85bd1,1777539305904,1777539305939,202,35.239
9689,exp-perf10000-009689-789bd352,1777539305904,1777539305942,202,37.201
9690,exp-perf10000-009690-7f7cc902,1777539305905,1777539305940,202,35.531
9691,exp-perf10000-009691-3301e161,1777539305905,1777539305942,202,37.380
9692,exp-perf10000-009692-d6b90d5d,1777539305906,1777539305941,202,35.255
9693,exp-perf10000-009693-f89b4aa4,1777539305906,1777539305943,202,37.512
9694,exp-perf10000-009694-5c0be6f4,1777539305906,1777539305941,202,35.292
9695,exp-perf10000-009695-535bf0b5,1777539305906,1777539305944,202,37.697
9696,exp-perf10000-009696-5b5e6511,1777539305907,1777539305942,202,35.386
9697,exp-perf10000-009697-95ba164f,1777539305907,1777539305945,202,37.853
9698,exp-perf10000-009698-095df285,1777539305907,1777539305943,202,35.631
9699,exp-perf10000-009699-71365c88,1777539305908,1777539305946,202,38.076
9700,exp-perf10000-009700-88c96be4,1777539305908,1777539305944,202,36.359
9701,exp-perf10000-009701-e078854b,1777539305909,1777539305947,202,37.920
9702,exp-perf10000-009702-72ba9d81,1777539305909,1777539305945,202,36.518
9703,exp-perf10000-009703-ef62cc63,1777539305910,1777539305947,202,37.695
9704,exp-perf10000-009704-a703b41d,1777539305910,1777539305946,202,36.468
9705,exp-perf10000-009705-878852da,1777539305910,1777539305947,202,37.019
9706,exp-perf10000-009706-53229175,1777539305910,1777539305948,202,37.833
9707,exp-perf10000-009707-f43ad1b9,1777539305911,1777539305948,202,37.176
9708,exp-perf10000-009708-02d8638f,1777539305911,1777539305949,202,37.891
9709,exp-perf10000-009709-bf791fb9,1777539305911,1777539305950,202,38.146
9710,exp-perf10000-009710-e346f813,1777539305912,1777539305949,202,37.033
9711,exp-perf10000-009711-b1195200,1777539305912,1777539305949,202,37.355
9712,exp-perf10000-009712-5a2aef75,1777539305912,1777539305950,202,37.859
9713,exp-perf10000-009713-91b9a421,1777539305913,1777539305950,202,37.539
9714,exp-perf10000-009714-4bb2638e,1777539305913,1777539305951,202,37.993
9715,exp-perf10000-009715-0a495bce,1777539305913,1777539305951,202,37.378
9716,exp-perf10000-009716-3e5f9776,1777539305914,1777539305952,202,38.021
9717,exp-perf10000-009717-bdce8c3f,1777539305914,1777539305952,202,37.851
9718,exp-perf10000-009718-af778317,1777539305914,1777539305953,202,38.726
9719,exp-perf10000-009719-bdc6eab4,1777539305915,1777539305952,202,37.833
9720,exp-perf10000-009720-6e0cac74,1777539305915,1777539305953,202,38.427
9721,exp-perf10000-009721-0e6271e3,1777539305915,1777539305953,202,37.902
9722,exp-perf10000-009722-6c03f348,1777539305916,1777539305954,202,38.544
9723,exp-perf10000-009723-a21ee6f1,1777539305916,1777539305954,202,37.736
9724,exp-perf10000-009724-815e5fb4,1777539305916,1777539305955,202,38.478
9725,exp-perf10000-009725-548c31b4,1777539305917,1777539305955,202,37.783
9726,exp-perf10000-009726-59886821,1777539305917,1777539305955,202,38.355
9727,exp-perf10000-009727-d540265f,1777539305917,1777539305955,202,37.768
9728,exp-perf10000-009728-73ead7af,1777539305918,1777539305956,202,38.376
9729,exp-perf10000-009729-45e9448a,1777539305918,1777539305956,202,37.796
9730,exp-perf10000-009730-7e5ed8ca,1777539305918,1777539305957,202,38.563
9731,exp-perf10000-009731-aa0e4072,1777539305919,1777539305957,202,37.895
9732,exp-perf10000-009732-de1349aa,1777539305919,1777539305958,202,38.819
9733,exp-perf10000-009733-7d877f1f,1777539305919,1777539305957,202,37.910
9734,exp-perf10000-009734-4fa608b9,1777539305920,1777539305958,202,38.747
9735,exp-perf10000-009735-23fdc810,1777539305920,1777539305958,202,37.884
9736,exp-perf10000-009736-4667c8b6,1777539305920,1777539305959,202,38.695
9737,exp-perf10000-009737-9afc3760,1777539305921,1777539305959,202,38.070
9738,exp-perf10000-009738-84b5f868,1777539305921,1777539305960,202,38.870
9739,exp-perf10000-009739-0597a15b,1777539305921,1777539305959,202,38.230
9740,exp-perf10000-009740-b45ee1bb,1777539305922,1777539305961,202,39.155
9741,exp-perf10000-009741-cd7d84b9,1777539305922,1777539305960,202,38.274
9742,exp-perf10000-009742-b5affcbe,1777539305922,1777539305962,202,39.330
9743,exp-perf10000-009743-e6bc78e8,1777539305923,1777539305961,202,38.540
9744,exp-perf10000-009744-58173a21,1777539305923,1777539305962,202,39.400
9745,exp-perf10000-009745-3c74ce57,1777539305923,1777539305962,202,38.626
9746,exp-perf10000-009746-a14a5a51,1777539305923,1777539305963,202,39.599
9747,exp-perf10000-009747-cc7f7e66,1777539305924,1777539305963,202,38.708
9748,exp-perf10000-009748-3d7a0210,1777539305924,1777539305964,202,39.890
9749,exp-perf10000-009749-0f2c2f7c,1777539305925,1777539305963,202,38.938
9750,exp-perf10000-009750-a1575f6c,1777539305925,1777539305965,202,39.930
9751,exp-perf10000-009751-cbee4f3e,1777539305925,1777539305964,202,39.038
9752,exp-perf10000-009752-36712e26,1777539305925,1777539305966,202,40.893
9753,exp-perf10000-009753-3a761875,1777539305926,1777539305965,202,39.410
9754,exp-perf10000-009754-9bcb8914,1777539305926,1777539305967,202,40.698
9755,exp-perf10000-009755-b7ecbefc,1777539305927,1777539305966,202,39.618
9756,exp-perf10000-009756-bd02ab49,1777539305927,1777539305971,202,43.254
9757,exp-perf10000-009757-43631515,1777539305928,1777539305968,202,40.613
9758,exp-perf10000-009758-d475a8bb,1777539305928,1777539305971,202,42.369
9759,exp-perf10000-009759-ea489c1d,1777539305929,1777539305970,202,41.281
9760,exp-perf10000-009760-f75a9f6f,1777539305930,1777539305971,202,41.808
9761,exp-perf10000-009761-8fdb4f66,1777539305930,1777539305971,202,40.866
9762,exp-perf10000-009762-421dd010,1777539305930,1777539305972,202,41.741
9763,exp-perf10000-009763-8763ccbd,1777539305930,1777539305973,202,42.934
9764,exp-perf10000-009764-50a8e70d,1777539305931,1777539305973,202,42.248
9765,exp-perf10000-009765-af5807b0,1777539305931,1777539305974,202,42.670
9766,exp-perf10000-009766-f78b4dce,1777539305932,1777539305975,202,43.195
9767,exp-perf10000-009767-2f69b0a4,1777539305932,1777539305976,202,43.957
9768,exp-perf10000-009768-a3e1af17,1777539305933,1777539305978,202,45.521
9769,exp-perf10000-009769-ba3fddf1,1777539305933,1777539305976,202,42.747
9770,exp-perf10000-009770-bb8b38c1,1777539305934,1777539305978,202,44.863
9771,exp-perf10000-009771-2611de5b,1777539305934,1777539305981,202,47.467
9772,exp-perf10000-009772-2c67b665,1777539305934,1777539305984,202,49.435
9773,exp-perf10000-009773-92ac791f,1777539305935,1777539305981,202,46.004
9774,exp-perf10000-009774-de3f7000,1777539305935,1777539305982,202,47.000
9775,exp-perf10000-009775-b31a4c9f,1777539305935,1777539305985,202,49.923
9776,exp-perf10000-009776-ab628848,1777539305936,1777539305984,202,48.431
9777,exp-perf10000-009777-8113143f,1777539305936,1777539305990,202,53.627
9778,exp-perf10000-009778-9c773b3e,1777539305937,1777539305987,202,49.821
9779,exp-perf10000-009779-5da38d97,1777539305937,1777539305995,202,57.966
9780,exp-perf10000-009780-1555b8ee,1777539305938,1777539305990,202,52.638
9781,exp-perf10000-009781-e70b0b1d,1777539305938,1777539305995,202,56.264
9782,exp-perf10000-009782-51e80180,1777539305939,1777539305996,202,57.634
9783,exp-perf10000-009783-95bfa39b,1777539305939,1777539305997,202,57.910
9784,exp-perf10000-009784-383ca3b8,1777539305940,1777539305996,202,56.493
9785,exp-perf10000-009785-bd960e1c,1777539305940,1777539305998,202,57.684
9786,exp-perf10000-009786-47d537f4,1777539305940,1777539305999,202,59.132
9787,exp-perf10000-009787-3e0acae4,1777539305940,1777539306000,202,59.997
9788,exp-perf10000-009788-6bcae5a5,1777539305940,1777539305999,202,58.323
9789,exp-perf10000-009789-2a7d671b,1777539305941,1777539306002,202,61.320
9790,exp-perf10000-009790-b00cd81d,1777539305941,1777539306000,202,59.449
9791,exp-perf10000-009791-3cc6f88f,1777539305941,1777539306002,202,60.259
9792,exp-perf10000-009792-9977aab2,1777539305942,1777539306003,202,61.465
9793,exp-perf10000-009793-2c98b266,1777539305942,1777539306004,202,61.530
9794,exp-perf10000-009794-8b997e92,1777539305943,1777539306008,202,65.287
9795,exp-perf10000-009795-be89ac53,1777539305943,1777539306006,202,62.731
9796,exp-perf10000-009796-c9c9b0d6,1777539305943,1777539306008,202,64.393
9797,exp-perf10000-009797-79677cd8,1777539305944,1777539306008,202,64.280
9798,exp-perf10000-009798-372642f2,1777539305944,1777539306007,202,62.990
9799,exp-perf10000-009799-a08de4b7,1777539305945,1777539306012,202,67.100
9800,exp-perf10000-009800-3c85017f,1777539305945,1777539306009,202,63.532
9801,exp-perf10000-009801-f353c430,1777539305946,1777539306016,202,70.472
9802,exp-perf10000-009802-b8d2d7f3,1777539305946,1777539306012,202,65.489
9803,exp-perf10000-009803-b678a9f5,1777539305947,1777539306018,202,71.472
9804,exp-perf10000-009804-1903f6ad,1777539305947,1777539306016,202,69.329
9805,exp-perf10000-009805-ac4ad57b,1777539305947,1777539306019,202,71.943
9806,exp-perf10000-009806-f8d5d8e7,1777539305948,1777539306018,202,70.085
9807,exp-perf10000-009807-6c618f22,1777539305948,1777539306021,202,72.817
9808,exp-perf10000-009808-7f45430f,1777539305949,1777539306020,202,71.485
9809,exp-perf10000-009809-9244447b,1777539305949,1777539306023,202,73.814
9810,exp-perf10000-009810-a55eb213,1777539305949,1777539306022,202,72.414
9811,exp-perf10000-009811-7192403f,1777539305950,1777539306024,202,74.567
9812,exp-perf10000-009812-511d99cf,1777539305950,1777539306025,202,75.299
9813,exp-perf10000-009813-764adf17,1777539305950,1777539306024,202,73.294
9814,exp-perf10000-009814-905ee2f6,1777539305951,1777539306025,202,74.213
9815,exp-perf10000-009815-cfb05d79,1777539305951,1777539306027,202,75.932
9816,exp-perf10000-009816-186ba4d0,1777539305952,1777539306028,202,76.209
9817,exp-perf10000-009817-2bf55c61,1777539305952,1777539306026,202,74.244
9818,exp-perf10000-009818-1a5d3732,1777539305952,1777539306027,202,74.705
9819,exp-perf10000-009819-05d8dd47,1777539305953,1777539306029,202,76.206
9820,exp-perf10000-009820-c0fd8efc,1777539305953,1777539306028,202,74.899
9821,exp-perf10000-009821-0b2812f5,1777539305953,1777539306031,202,77.329
9822,exp-perf10000-009822-590e7fcf,1777539305954,1777539306029,202,75.197
9823,exp-perf10000-009823-b0b07855,1777539305954,1777539306033,202,78.660
9824,exp-perf10000-009824-29029bda,1777539305955,1777539306030,202,75.646
9825,exp-perf10000-009825-c02aef83,1777539305955,1777539306034,202,79.259
9826,exp-perf10000-009826-d57caa59,1777539305955,1777539306032,202,77.066
9827,exp-perf10000-009827-05521b2d,1777539305955,1777539306035,202,79.441
9828,exp-perf10000-009828-eb86720f,1777539305956,1777539306034,202,77.876
9829,exp-perf10000-009829-b00a07f0,1777539305956,1777539306036,202,79.641
9830,exp-perf10000-009830-4d4ae2ed,1777539305957,1777539306035,202,78.064
9831,exp-perf10000-009831-0e79f87d,1777539305957,1777539306036,202,79.674
9832,exp-perf10000-009832-52119ab0,1777539305957,1777539306035,202,78.263
9833,exp-perf10000-009833-5f7f961d,1777539305958,1777539306037,202,79.652
9834,exp-perf10000-009834-06eee66a,1777539305958,1777539306036,202,78.342
9835,exp-perf10000-009835-63572181,1777539305958,1777539306038,202,79.996
9836,exp-perf10000-009836-d16a7a94,1777539305959,1777539306037,202,78.408
9837,exp-perf10000-009837-ee8d03df,1777539305959,1777539306040,202,80.928
9838,exp-perf10000-009838-d0618c8f,1777539305960,1777539306038,202,78.571
9839,exp-perf10000-009839-112769fa,1777539305960,1777539306041,202,81.440
9840,exp-perf10000-009840-6c1d8312,1777539305960,1777539306039,202,78.920
9841,exp-perf10000-009841-1eaf7790,1777539305961,1777539306043,202,81.868
9842,exp-perf10000-009842-ed77619a,1777539305961,1777539306040,202,79.140
9843,exp-perf10000-009843-40023874,1777539305962,1777539306044,202,82.270
9844,exp-perf10000-009844-9949b6ba,1777539305962,1777539306042,202,80.194
9845,exp-perf10000-009845-a13d8180,1777539305962,1777539306045,202,82.602
9846,exp-perf10000-009846-d7e1d0a3,1777539305963,1777539306043,202,80.767
9847,exp-perf10000-009847-16742a09,1777539305963,1777539306047,202,83.798
9848,exp-perf10000-009848-50bedfc1,1777539305964,1777539306045,202,81.004
9849,exp-perf10000-009849-f7de37b9,1777539305964,1777539306049,202,85.093
9850,exp-perf10000-009850-f75a9406,1777539305964,1777539306046,202,81.469
9851,exp-perf10000-009851-6ef2f3b0,1777539305965,1777539306052,202,87.570
9852,exp-perf10000-009852-4c994a2b,1777539305965,1777539306047,202,81.865
9853,exp-perf10000-009853-0ef93e7e,1777539305966,1777539306048,202,82.057
9854,exp-perf10000-009854-5980c615,1777539305967,1777539306054,202,87.857
9855,exp-perf10000-009855-580ede11,1777539305967,1777539306059,202,91.890
9856,exp-perf10000-009856-c51b90fe,1777539305968,1777539306053,202,84.606
9857,exp-perf10000-009857-af7c28d2,1777539305970,1777539306057,202,87.158
9858,exp-perf10000-009858-8c057c30,1777539305971,1777539306061,202,90.656
9859,exp-perf10000-009859-be493ea9,1777539305971,1777539306063,202,91.938
9860,exp-perf10000-009860-1dd23840,1777539305971,1777539306060,202,89.100
9861,exp-perf10000-009861-d0caf368,1777539305971,1777539306064,202,92.660
9862,exp-perf10000-009862-09b85bea,1777539305972,1777539306062,202,89.741
9863,exp-perf10000-009863-d6b51ac2,1777539305973,1777539306066,202,92.267
9864,exp-perf10000-009864-6ed1e36b,1777539305974,1777539306064,202,89.989
9865,exp-perf10000-009865-aa827fb3,1777539305974,1777539306070,202,95.473
9866,exp-perf10000-009866-0e1cc4f5,1777539305975,1777539306065,202,90.105
9867,exp-perf10000-009867-8a3b8f0e,1777539305976,1777539306070,202,94.026
9868,exp-perf10000-009868-8a888d53,1777539305976,1777539306071,202,94.942
9869,exp-perf10000-009869-a4601f7c,1777539305979,1777539306073,202,94.788
9870,exp-perf10000-009870-f82e4cbc,1777539305980,1777539306073,202,92.700
9871,exp-perf10000-009871-22532cf0,1777539305981,1777539306074,202,93.630
9872,exp-perf10000-009872-caaaf898,1777539305981,1777539306075,202,93.904
9873,exp-perf10000-009873-da703864,1777539305982,1777539306075,202,92.634
9874,exp-perf10000-009874-732fc089,1777539305984,1777539306076,202,92.068
9875,exp-perf10000-009875-d8a11ee4,1777539305984,1777539306076,202,91.779
9876,exp-perf10000-009876-02606145,1777539305985,1777539306076,202,91.114
9877,exp-perf10000-009877-daeb9458,1777539305987,1777539306077,202,90.364
9878,exp-perf10000-009878-08851fee,1777539305990,1777539306078,202,87.634
9879,exp-perf10000-009879-49cb3de2,1777539305991,1777539306078,202,87.374
9880,exp-perf10000-009880-503d7537,1777539305995,1777539306079,202,84.173
9881,exp-perf10000-009881-fe49d19c,1777539305995,1777539306079,202,83.729
9882,exp-perf10000-009882-75cda717,1777539305996,1777539306080,202,83.352
9883,exp-perf10000-009883-c4e3d5b8,1777539305997,1777539306080,202,82.983
9884,exp-perf10000-009884-79bb48fa,1777539305997,1777539306080,202,82.794
9885,exp-perf10000-009885-ff6ce174,1777539305998,1777539306080,202,82.789
9886,exp-perf10000-009886-ad50df46,1777539305999,1777539306081,202,82.368
9887,exp-perf10000-009887-808bdd85,1777539305999,1777539306081,202,81.640
9888,exp-perf10000-009888-8dca094a,1777539306000,1777539306082,202,81.355
9889,exp-perf10000-009889-b17149fd,1777539306000,1777539306082,202,81.423
9890,exp-perf10000-009890-ad6ee655,1777539306002,1777539306083,202,80.827
9891,exp-perf10000-009891-0049a119,1777539306002,1777539306082,202,80.136
9892,exp-perf10000-009892-66cdee7e,1777539306003,1777539306083,202,79.720
9893,exp-perf10000-009893-b0147565,1777539306004,1777539306083,202,79.478
9894,exp-perf10000-009894-57c0a8ed,1777539306006,1777539306084,202,78.060
9895,exp-perf10000-009895-616abfb0,1777539306007,1777539306085,202,77.307
9896,exp-perf10000-009896-38622c20,1777539306008,1777539306084,202,75.913
9897,exp-perf10000-009897-9938c2ab,1777539306008,1777539306084,202,76.448
9898,exp-perf10000-009898-db598545,1777539306009,1777539306085,202,76.637
9899,exp-perf10000-009899-3722cf82,1777539306009,1777539306086,202,76.476
9900,exp-perf10000-009900-c5faea9e,1777539306012,1777539306086,202,74.343
9901,exp-perf10000-009901-f58cfff9,1777539306012,1777539306086,202,73.679
9902,exp-perf10000-009902-708a005f,1777539306017,1777539306087,202,69.953
9903,exp-perf10000-009903-e9768207,1777539306017,1777539306087,202,70.199
9904,exp-perf10000-009904-c71204af,1777539306018,1777539306088,202,69.371
9905,exp-perf10000-009905-6a31228a,1777539306018,1777539306087,202,68.844
9906,exp-perf10000-009906-3f50a5e9,1777539306019,1777539306088,202,68.684
9907,exp-perf10000-009907-9b25447b,1777539306020,1777539306088,202,68.068
9908,exp-perf10000-009908-9bf88bb5,1777539306021,1777539306089,202,67.732
9909,exp-perf10000-009909-13641e5c,1777539306022,1777539306089,202,67.007
9910,exp-perf10000-009910-6f3c8d69,1777539306023,1777539306089,202,66.749
9911,exp-perf10000-009911-33ef35d4,1777539306024,1777539306090,202,65.942
9912,exp-perf10000-009912-43f95293,1777539306024,1777539306090,202,65.881
9913,exp-perf10000-009913-7fdab06d,1777539306025,1777539306090,202,65.179
9914,exp-perf10000-009914-a922575d,1777539306025,1777539306091,202,65.501
9915,exp-perf10000-009915-a4a2a7f6,1777539306026,1777539306091,202,64.751
9916,exp-perf10000-009916-9b7b1f70,1777539306027,1777539306092,202,64.588
9917,exp-perf10000-009917-79722d60,1777539306027,1777539306091,202,64.237
9918,exp-perf10000-009918-8962e7b9,1777539306028,1777539306092,202,64.369
9919,exp-perf10000-009919-a8e796ac,1777539306028,1777539306092,202,64.198
9920,exp-perf10000-009920-f159b3df,1777539306029,1777539306093,202,63.926
9921,exp-perf10000-009921-57e51502,1777539306029,1777539306093,202,63.658
9922,exp-perf10000-009922-531ca1d3,1777539306030,1777539306094,202,63.552
9923,exp-perf10000-009923-e270aec2,1777539306031,1777539306094,202,62.936
9924,exp-perf10000-009924-2f030c68,1777539306032,1777539306095,202,62.138
9925,exp-perf10000-009925-f2075449,1777539306033,1777539306094,202,61.496
9926,exp-perf10000-009926-abb22f9c,1777539306034,1777539306095,202,61.511
9927,exp-perf10000-009927-bb1433e4,1777539306034,1777539306095,202,61.064
9928,exp-perf10000-009928-728dfbdc,1777539306035,1777539306096,202,61.270
9929,exp-perf10000-009929-48ead405,1777539306035,1777539306096,202,60.752
9930,exp-perf10000-009930-1c60b94a,1777539306036,1777539306097,202,61.197
9931,exp-perf10000-009931-c9f8a760,1777539306036,1777539306096,202,60.766
9932,exp-perf10000-009932-a2be2296,1777539306036,1777539306097,202,61.086
9933,exp-perf10000-009933-a9c134bd,1777539306037,1777539306097,202,60.553
9934,exp-perf10000-009934-0006058a,1777539306037,1777539306098,202,61.018
9935,exp-perf10000-009935-fff6d2d1,1777539306037,1777539306098,202,60.432
9936,exp-perf10000-009936-f0256bc0,1777539306038,1777539306099,202,60.807
9937,exp-perf10000-009937-beba67db,1777539306038,1777539306099,202,60.476
9938,exp-perf10000-009938-473dce83,1777539306039,1777539306100,202,60.343
9939,exp-perf10000-009939-88a106ce,1777539306040,1777539306100,202,59.535
9940,exp-perf10000-009940-163933b4,1777539306040,1777539306100,202,59.827
9941,exp-perf10000-009941-3f0f06d5,1777539306041,1777539306100,202,58.907
9942,exp-perf10000-009942-d7ab1417,1777539306042,1777539306101,202,58.945
9943,exp-perf10000-009943-3fb1edcb,1777539306043,1777539306101,202,58.448
9944,exp-perf10000-009944-c0278400,1777539306043,1777539306102,202,58.124
9945,exp-perf10000-009945-2e2e3903,1777539306044,1777539306102,202,57.848
9946,exp-perf10000-009946-3d2a5b07,1777539306045,1777539306102,202,57.542
9947,exp-perf10000-009947-bc090953,1777539306045,1777539306102,202,57.585
9948,exp-perf10000-009948-95881184,1777539306046,1777539306103,202,57.302
9949,exp-perf10000-009949-3948aa06,1777539306047,1777539306103,202,56.008
9950,exp-perf10000-009950-5d5b022f,1777539306047,1777539306104,202,56.734
9951,exp-perf10000-009951-f384e382,1777539306049,1777539306105,202,56.044
9952,exp-perf10000-009952-f3b5e5ef,1777539306049,1777539306104,202,54.597
9953,exp-perf10000-009953-b4d37674,1777539306052,1777539306104,202,52.000
9954,exp-perf10000-009954-6adb8746,1777539306053,1777539306105,202,52.331
9955,exp-perf10000-009955-1d3a3418,1777539306054,1777539306105,202,50.657
9956,exp-perf10000-009956-040c5ccb,1777539306057,1777539306106,202,48.675
9957,exp-perf10000-009957-e35946f6,1777539306059,1777539306106,202,46.580
9958,exp-perf10000-009958-cc308fb8,1777539306060,1777539306107,202,46.413
9959,exp-perf10000-009959-608d8fda,1777539306061,1777539306106,202,44.921
9960,exp-perf10000-009960-d0c7e2ed,1777539306062,1777539306107,202,45.315
9961,exp-perf10000-009961-7138d179,1777539306063,1777539306107,202,44.281
9962,exp-perf10000-009962-6820bfc0,1777539306064,1777539306108,202,44.195
9963,exp-perf10000-009963-f5d74f94,1777539306064,1777539306108,202,43.466
9964,exp-perf10000-009964-6a725de2,1777539306065,1777539306109,202,43.308
9965,exp-perf10000-009965-3586d79e,1777539306066,1777539306108,202,42.455
9966,exp-perf10000-009966-cc15e92b,1777539306070,1777539306109,202,39.301
9967,exp-perf10000-009967-4d49849d,1777539306070,1777539306109,202,39.343
9968,exp-perf10000-009968-e0537057,1777539306071,1777539306109,202,38.387
9969,exp-perf10000-009969-d08115b6,1777539306073,1777539306110,202,37.344
9970,exp-perf10000-009970-fb9e2cfc,1777539306074,1777539306110,202,36.783
9971,exp-perf10000-009971-9e952d27,1777539306074,1777539306111,202,36.499
9972,exp-perf10000-009972-58674e39,1777539306075,1777539306111,202,36.391
9973,exp-perf10000-009973-a212386e,1777539306075,1777539306111,202,35.599
9974,exp-perf10000-009974-9be2507a,1777539306076,1777539306111,202,35.543
9975,exp-perf10000-009975-78fe5eeb,1777539306076,1777539306112,202,36.026
9976,exp-perf10000-009976-0fa117f0,1777539306076,1777539306112,202,35.602
9977,exp-perf10000-009977-20d9aac9,1777539306077,1777539306113,202,35.961
9978,exp-perf10000-009978-d149c53e,1777539306078,1777539306113,202,35.149
9979,exp-perf10000-009979-d80da323,1777539306078,1777539306114,202,35.715
9980,exp-perf10000-009980-e2002045,1777539306079,1777539306114,202,35.628
9981,exp-perf10000-009981-f6d6e9ce,1777539306079,1777539306113,202,34.455
9982,exp-perf10000-009982-a84d7b64,1777539306080,1777539306115,202,35.354
9983,exp-perf10000-009983-bd40c5b6,1777539306080,1777539306114,202,34.129
9984,exp-perf10000-009984-04ba1807,1777539306080,1777539306116,202,35.529
9985,exp-perf10000-009985-5d79f81a,1777539306080,1777539306115,202,34.248
9986,exp-perf10000-009986-66d5283f,1777539306081,1777539306115,202,34.502
9987,exp-perf10000-009987-0adf4075,1777539306081,1777539306116,202,35.378
9988,exp-perf10000-009988-06c425b7,1777539306082,1777539306116,202,34.415
9989,exp-perf10000-009989-f30e6126,1777539306082,1777539306117,202,35.362
9990,exp-perf10000-009990-2cfec563,1777539306082,1777539306117,202,34.434
9991,exp-perf10000-009991-b26162ce,1777539306083,1777539306118,202,35.183
9992,exp-perf10000-009992-8e8f1411,1777539306083,1777539306117,202,34.416
9993,exp-perf10000-009993-34fb5b9d,1777539306083,1777539306119,202,35.438
9994,exp-perf10000-009994-c2dd23f3,1777539306084,1777539306118,202,34.294
9995,exp-perf10000-009995-a30e8935,1777539306084,1777539306120,202,35.453
9996,exp-perf10000-009996-1f830828,1777539306084,1777539306119,202,34.380
9997,exp-perf10000-009997-d3bdda69,1777539306085,1777539306121,202,35.698
9998,exp-perf10000-009998-d0abc3a1,1777539306085,1777539306120,202,34.355
9999,exp-perf10000-009999-3478f26a,1777539306086,1777539306121,202,35.524
