zt-php-worker  | [perf-saga-step1] ts=1777539091.426145 orderId=b204f4d6-3078-4110-8dac-946886cc8f9a traceId=exp-perf5000-000000-a06d4751
zt-php-worker  | [perf-saga-step1] ts=1777539091.546899 orderId=daffbaaf-77bc-472a-b4d3-5f01ac18b7c9 traceId=exp-perf5000-000014-8179df75
zt-php-worker  | [perf-saga-step1] ts=1777539091.666860 orderId=d7b789e4-5242-442f-b08e-b2162cdc10e4 traceId=exp-perf5000-000006-eb3dab0f
zt-php-worker  | [perf-saga-step1] ts=1777539091.846119 orderId=11a77d9a-51e8-4807-90bf-cda605900f52 traceId=exp-perf5000-000012-1136ba88
zt-php-worker  | [perf-saga-complete] ts=1777539092.008007 orderId=b204f4d6-3078-4110-8dac-946886cc8f9a
zt-php-worker  | [perf-saga-step1] ts=1777539092.045411 orderId=6e3e5b4d-e63c-499f-b978-b9b6d2c85453 traceId=exp-perf5000-000008-17941c39
zt-php-worker  | [perf-saga-complete] ts=1777539092.254128 orderId=daffbaaf-77bc-472a-b4d3-5f01ac18b7c9
zt-php-worker  | [perf-saga-step1] ts=1777539092.333181 orderId=f7f82b8d-6127-40e1-a38c-790424eb9fc7 traceId=exp-perf5000-000007-b7fb027f
zt-php-worker  | [perf-saga-complete] ts=1777539092.575008 orderId=d7b789e4-5242-442f-b08e-b2162cdc10e4
zt-php-worker  | [perf-saga-step1] ts=1777539092.645357 orderId=0b2cfab0-5f7c-431a-a9d1-69660a30dbb1 traceId=exp-perf5000-000010-cda2e536
zt-php-worker  | [perf-saga-complete] ts=1777539092.912139 orderId=11a77d9a-51e8-4807-90bf-cda605900f52
zt-php-worker  | [perf-saga-step1] ts=1777539092.952310 orderId=c581e98a-234a-4b36-814e-5392de6696fd traceId=exp-perf5000-000030-a72b2584
zt-php-worker  | [perf-saga-complete] ts=1777539093.103263 orderId=6e3e5b4d-e63c-499f-b978-b9b6d2c85453
zt-php-worker  | [perf-saga-step1] ts=1777539093.136342 orderId=6542df5a-210f-4248-9c2f-3933f2f66835 traceId=exp-perf5000-000023-5a9f1470
zt-php-worker  | [perf-saga-complete] ts=1777539093.282204 orderId=f7f82b8d-6127-40e1-a38c-790424eb9fc7
zt-php-worker  | [perf-saga-step1] ts=1777539093.311992 orderId=127c8912-0636-4ef9-a3e0-98cee1e0acf5 traceId=exp-perf5000-000009-3821712a
zt-php-worker  | [perf-saga-complete] ts=1777539093.404616 orderId=0b2cfab0-5f7c-431a-a9d1-69660a30dbb1
zt-php-worker  | [perf-saga-step1] ts=1777539093.429469 orderId=8281154c-c995-4c38-89ed-a15a30a38911 traceId=exp-perf5000-000034-7faea44c
zt-php-worker  | [perf-saga-complete] ts=1777539093.518668 orderId=c581e98a-234a-4b36-814e-5392de6696fd
zt-php-worker  | [perf-saga-step1] ts=1777539093.544224 orderId=2bc7d3da-54cb-4774-aac3-4b3009bf6ad3 traceId=exp-perf5000-000024-fb6a35c8
zt-php-worker  | [perf-saga-complete] ts=1777539093.634296 orderId=6542df5a-210f-4248-9c2f-3933f2f66835
zt-php-worker  | [perf-saga-step1] ts=1777539093.658372 orderId=0102b7d3-0ac7-4c14-bd8a-d571642e3477 traceId=exp-perf5000-000029-9ef47a53
zt-php-worker  | [perf-saga-complete] ts=1777539093.764974 orderId=127c8912-0636-4ef9-a3e0-98cee1e0acf5
zt-php-worker  | [perf-saga-step1] ts=1777539093.801261 orderId=ca8725cf-7215-4c43-b290-2d38b13fadc2 traceId=exp-perf5000-000005-235d05e4
zt-php-worker  | [perf-saga-complete] ts=1777539093.892545 orderId=8281154c-c995-4c38-89ed-a15a30a38911
zt-php-worker  | [perf-saga-step1] ts=1777539093.917209 orderId=60aebe0a-73e6-4302-acfa-570041559d7c traceId=exp-perf5000-000033-02b64d3c
zt-php-worker  | [perf-saga-complete] ts=1777539094.007015 orderId=2bc7d3da-54cb-4774-aac3-4b3009bf6ad3
zt-php-worker  | [perf-saga-step1] ts=1777539094.030996 orderId=b82983e0-34bc-48de-be01-c1096cbcdc61 traceId=exp-perf5000-000042-d6797b92
zt-php-worker  | [perf-saga-complete] ts=1777539094.121201 orderId=0102b7d3-0ac7-4c14-bd8a-d571642e3477
zt-php-worker  | [perf-saga-step1] ts=1777539094.167012 orderId=1da59240-fc7e-43ec-b472-c7f0bbe9de2f traceId=exp-perf5000-000004-2db9cabb
zt-php-worker  | [perf-saga-complete] ts=1777539094.261908 orderId=ca8725cf-7215-4c43-b290-2d38b13fadc2
zt-php-worker  | [perf-saga-step1] ts=1777539094.289669 orderId=aae72cfd-0503-4885-b40b-4dca03ae954d traceId=exp-perf5000-000013-12191263
zt-php-worker  | [perf-saga-complete] ts=1777539094.380133 orderId=60aebe0a-73e6-4302-acfa-570041559d7c
zt-php-worker  | [perf-saga-step1] ts=1777539094.408088 orderId=0d948184-1fa2-4e7d-a369-70c4139ddc3e traceId=exp-perf5000-000022-a1dbe3b1
zt-php-worker  | [perf-saga-complete] ts=1777539094.497997 orderId=b82983e0-34bc-48de-be01-c1096cbcdc61
zt-php-worker  | [perf-saga-step1] ts=1777539094.525793 orderId=7512c701-a587-4710-bf77-dddba39dfecf traceId=exp-perf5000-000019-6213e0b1
zt-php-worker  | [perf-saga-complete] ts=1777539094.634654 orderId=1da59240-fc7e-43ec-b472-c7f0bbe9de2f
zt-php-worker  | [perf-saga-step1] ts=1777539094.660447 orderId=37d1d6c7-effc-4289-92f1-d640653463d1 traceId=exp-perf5000-000011-e8b365d3
zt-php-worker  | [perf-saga-complete] ts=1777539094.750615 orderId=aae72cfd-0503-4885-b40b-4dca03ae954d
zt-php-worker  | [perf-saga-step1] ts=1777539094.780727 orderId=8a7fb323-a003-405e-8a6a-014065e1e0e4 traceId=exp-perf5000-000018-4db4f1ca
zt-php-worker  | [perf-saga-complete] ts=1777539094.890144 orderId=0d948184-1fa2-4e7d-a369-70c4139ddc3e
zt-php-worker  | [perf-saga-step1] ts=1777539094.918281 orderId=e41f12b9-84e3-4e93-a0af-90ec02381b1b traceId=exp-perf5000-000044-81702b52
zt-php-worker  | [perf-saga-complete] ts=1777539095.008640 orderId=7512c701-a587-4710-bf77-dddba39dfecf
zt-php-worker  | [perf-saga-step1] ts=1777539095.033937 orderId=07284f6a-865f-4233-bd9d-84fd7bedba94 traceId=exp-perf5000-000040-d2c6052b
zt-php-worker  | [perf-saga-complete] ts=1777539095.133855 orderId=37d1d6c7-effc-4289-92f1-d640653463d1
zt-php-worker  | [perf-saga-step1] ts=1777539095.176093 orderId=b24baa9d-d44f-461f-80bb-4432913ffb82 traceId=exp-perf5000-000021-5143b372
zt-php-worker  | [perf-saga-complete] ts=1777539095.316067 orderId=8a7fb323-a003-405e-8a6a-014065e1e0e4
zt-php-worker  | [perf-saga-step1] ts=1777539095.341224 orderId=531b748c-0e5b-4913-ac9d-16caac4df49a traceId=exp-perf5000-000001-30a651e7
zt-php-worker  | [perf-saga-complete] ts=1777539095.431959 orderId=e41f12b9-84e3-4e93-a0af-90ec02381b1b
zt-php-worker  | [perf-saga-step1] ts=1777539095.458202 orderId=f33204bf-a573-4846-96f3-93c5a5537872 traceId=exp-perf5000-000043-f040c808
zt-php-worker  | [perf-saga-complete] ts=1777539095.553188 orderId=07284f6a-865f-4233-bd9d-84fd7bedba94
zt-php-worker  | [perf-saga-step1] ts=1777539095.578624 orderId=60c59310-204b-4e3c-9c52-f4a4e92993bf traceId=exp-perf5000-000038-dc8a28db
zt-php-worker  | [perf-saga-complete] ts=1777539095.684226 orderId=b24baa9d-d44f-461f-80bb-4432913ffb82
zt-php-worker  | [perf-saga-step1] ts=1777539095.714258 orderId=2afb5e72-899a-4462-8532-5b9d57035ca9 traceId=exp-perf5000-000020-536eae07
zt-php-worker  | [perf-saga-complete] ts=1777539095.819624 orderId=531b748c-0e5b-4913-ac9d-16caac4df49a
zt-php-worker  | [perf-saga-step1] ts=1777539095.845750 orderId=17df4f25-23f4-4f81-a8c0-6afe3b5cb584 traceId=exp-perf5000-000028-3f05d196
zt-php-worker  | [perf-saga-complete] ts=1777539095.942683 orderId=f33204bf-a573-4846-96f3-93c5a5537872
zt-php-worker  | [perf-saga-step1] ts=1777539095.967123 orderId=75c7d974-e01d-4993-8040-25949de26b4a traceId=exp-perf5000-000003-32079d4d
zt-php-worker  | [perf-saga-complete] ts=1777539096.058068 orderId=60c59310-204b-4e3c-9c52-f4a4e92993bf
zt-php-worker  | [perf-saga-step1] ts=1777539096.084477 orderId=05045247-0683-4598-b70d-6e830021bb6f traceId=exp-perf5000-000047-15b175c9
zt-php-worker  | [perf-saga-complete] ts=1777539096.176360 orderId=2afb5e72-899a-4462-8532-5b9d57035ca9
zt-php-worker  | [perf-saga-step1] ts=1777539096.200471 orderId=6b68e55c-1058-4272-8c9b-abcc6ac80afc traceId=exp-perf5000-000002-319514a0
zt-php-worker  | [perf-saga-complete] ts=1777539096.289894 orderId=17df4f25-23f4-4f81-a8c0-6afe3b5cb584
zt-php-worker  | [perf-saga-step1] ts=1777539096.314239 orderId=0825dad9-38e2-47b3-ba0a-2ea29f3c29ce traceId=exp-perf5000-000036-3e5b99d0
zt-php-worker  | [perf-saga-complete] ts=1777539096.404137 orderId=75c7d974-e01d-4993-8040-25949de26b4a
zt-php-worker  | [perf-saga-step1] ts=1777539096.428348 orderId=44f90b70-92de-4701-8a9d-4edce492a098 traceId=exp-perf5000-000041-ba68ede3
zt-php-worker  | [perf-saga-complete] ts=1777539096.520410 orderId=05045247-0683-4598-b70d-6e830021bb6f
zt-php-worker  | [perf-saga-step1] ts=1777539096.546015 orderId=e3c84e14-a40d-4e9a-9432-d9895cb29dd9 traceId=exp-perf5000-000039-7be8241a
zt-php-worker  | [perf-saga-complete] ts=1777539096.636727 orderId=6b68e55c-1058-4272-8c9b-abcc6ac80afc
zt-php-worker  | [perf-saga-step1] ts=1777539096.663798 orderId=31574aca-2b0b-4bea-b1df-69f3a4a04e33 traceId=exp-perf5000-000035-093b99c5
zt-php-worker  | [perf-saga-complete] ts=1777539096.753954 orderId=0825dad9-38e2-47b3-ba0a-2ea29f3c29ce
zt-php-worker  | [perf-saga-step1] ts=1777539096.778224 orderId=a208818b-4016-4ffb-b790-6762e7f595ff traceId=exp-perf5000-000037-76caf1fb
zt-php-worker  | [perf-saga-complete] ts=1777539096.866573 orderId=44f90b70-92de-4701-8a9d-4edce492a098
zt-php-worker  | [perf-saga-step1] ts=1777539096.890996 orderId=95ab3d4c-f839-4a8b-92aa-22651f89788b traceId=exp-perf5000-000025-107aa269
zt-php-worker  | [perf-saga-complete] ts=1777539096.985285 orderId=e3c84e14-a40d-4e9a-9432-d9895cb29dd9
zt-php-worker  | [perf-saga-step1] ts=1777539097.010787 orderId=f97c2ed4-b93d-49ff-8f84-85e90d5ca329 traceId=exp-perf5000-000027-e0aed9a5
zt-php-worker  | [perf-saga-complete] ts=1777539097.106828 orderId=31574aca-2b0b-4bea-b1df-69f3a4a04e33
zt-php-worker  | [perf-saga-step1] ts=1777539097.131276 orderId=f4ca42be-770e-4741-9143-ec2e7e18490b traceId=exp-perf5000-000045-57c61e10
zt-php-worker  | [perf-saga-complete] ts=1777539097.224601 orderId=a208818b-4016-4ffb-b790-6762e7f595ff
zt-php-worker  | [perf-saga-step1] ts=1777539097.254100 orderId=044cbf8c-08a0-4633-8fe7-303c7ab06be6 traceId=exp-perf5000-000026-aefbeb1d
zt-php-worker  | [perf-saga-complete] ts=1777539097.348908 orderId=95ab3d4c-f839-4a8b-92aa-22651f89788b
zt-php-worker  | [perf-saga-step1] ts=1777539097.373715 orderId=3f60bf29-1f06-47a0-86dc-6c5a39345065 traceId=exp-perf5000-000017-30cbf1c2
zt-php-worker  | [perf-saga-complete] ts=1777539097.463091 orderId=f97c2ed4-b93d-49ff-8f84-85e90d5ca329
zt-php-worker  | [perf-saga-step1] ts=1777539097.487715 orderId=f958c322-aeea-44c4-8a86-cd1f39300355 traceId=exp-perf5000-000031-3952a9ef
zt-php-worker  | [perf-saga-complete] ts=1777539097.578470 orderId=f4ca42be-770e-4741-9143-ec2e7e18490b
zt-php-worker  | [perf-saga-step1] ts=1777539097.605350 orderId=90eb8f4e-e166-46b1-8529-d86976479d6a traceId=exp-perf5000-000046-2350f4df
zt-php-worker  | [perf-saga-complete] ts=1777539097.701039 orderId=044cbf8c-08a0-4633-8fe7-303c7ab06be6
zt-php-worker  | [perf-saga-step1] ts=1777539097.728175 orderId=2fa292b0-4a58-45ee-ad3b-844c8d0e4dfb traceId=exp-perf5000-000015-63767e43
zt-php-worker  | [perf-saga-complete] ts=1777539097.827536 orderId=3f60bf29-1f06-47a0-86dc-6c5a39345065
zt-php-worker  | [perf-saga-step1] ts=1777539097.855750 orderId=c43e105b-40c4-42e1-be7a-b6cf4174d272 traceId=exp-perf5000-000016-4786b902
zt-php-worker  | [perf-saga-complete] ts=1777539098.046679 orderId=f958c322-aeea-44c4-8a86-cd1f39300355
zt-php-worker  | [perf-saga-step1] ts=1777539098.123590 orderId=842d971a-cb6f-4029-b5fb-b973d48cc671 traceId=exp-perf5000-000049-c27b0df4
zt-php-worker  | [perf-saga-complete] ts=1777539098.238974 orderId=90eb8f4e-e166-46b1-8529-d86976479d6a
zt-php-worker  | [perf-saga-step1] ts=1777539098.269775 orderId=c6da4ff8-92ba-4c85-a162-39ecb880f181 traceId=exp-perf5000-000050-7e200561
zt-php-worker  | [perf-saga-complete] ts=1777539098.364484 orderId=2fa292b0-4a58-45ee-ad3b-844c8d0e4dfb
zt-php-worker  | [perf-saga-step1] ts=1777539098.388620 orderId=d1f6163d-f737-4f6e-a627-82b376d6a37c traceId=exp-perf5000-000048-c99d5c66
zt-php-worker  | [perf-saga-complete] ts=1777539098.480835 orderId=c43e105b-40c4-42e1-be7a-b6cf4174d272
zt-php-worker  | [perf-saga-step1] ts=1777539098.509858 orderId=bd1d0237-207a-4b12-a16b-213dc59232b8 traceId=exp-perf5000-000051-b8e24b6e
zt-php-worker  | [perf-saga-complete] ts=1777539098.598866 orderId=842d971a-cb6f-4029-b5fb-b973d48cc671
zt-php-worker  | [perf-saga-step1] ts=1777539098.622558 orderId=9065f2a6-dbcc-474b-95a3-60b115a09e37 traceId=exp-perf5000-000032-e73e1939
zt-php-worker  | [perf-saga-complete] ts=1777539098.714400 orderId=c6da4ff8-92ba-4c85-a162-39ecb880f181
zt-php-worker  | [perf-saga-step1] ts=1777539098.738610 orderId=25699e97-77d7-485c-9170-2a7cbbc6ed2d traceId=exp-perf5000-000052-34ddf141
zt-php-worker  | [perf-saga-complete] ts=1777539098.828047 orderId=d1f6163d-f737-4f6e-a627-82b376d6a37c
zt-php-worker  | [perf-saga-step1] ts=1777539098.852681 orderId=4b8c1b0a-e4b1-4a37-ad0d-32c6d712e50f traceId=exp-perf5000-000053-b04a68f5
zt-php-worker  | [perf-saga-complete] ts=1777539098.942279 orderId=bd1d0237-207a-4b12-a16b-213dc59232b8
zt-php-worker  | [perf-saga-step1] ts=1777539098.967627 orderId=a0a92a8a-d6cc-48c6-bcea-c23df1db129e traceId=exp-perf5000-000055-f677bb24
zt-php-worker  | [perf-saga-complete] ts=1777539099.058158 orderId=9065f2a6-dbcc-474b-95a3-60b115a09e37
zt-php-worker  | [perf-saga-step1] ts=1777539099.082778 orderId=6d9c27c5-6396-4b01-9725-7ef69873a0e2 traceId=exp-perf5000-000054-7c2c07f5
zt-php-worker  | [perf-saga-complete] ts=1777539099.179558 orderId=25699e97-77d7-485c-9170-2a7cbbc6ed2d
zt-php-worker  | [perf-saga-step1] ts=1777539099.204817 orderId=916e5315-1068-4324-bedc-4421bc18993f traceId=exp-perf5000-000058-f8430965
zt-php-worker  | [perf-saga-complete] ts=1777539099.303079 orderId=4b8c1b0a-e4b1-4a37-ad0d-32c6d712e50f
zt-php-worker  | [perf-saga-step1] ts=1777539099.328221 orderId=4c3949ae-11d6-4873-8832-10844aa6f2ee traceId=exp-perf5000-000056-3951884d
zt-php-worker  | [perf-saga-complete] ts=1777539099.418677 orderId=a0a92a8a-d6cc-48c6-bcea-c23df1db129e
zt-php-worker  | [perf-saga-step1] ts=1777539099.443497 orderId=83f83ce5-809a-49a4-9cc7-54d6d4b05c7f traceId=exp-perf5000-000060-ffce19cf
zt-php-worker  | [perf-saga-complete] ts=1777539099.532921 orderId=6d9c27c5-6396-4b01-9725-7ef69873a0e2
zt-php-worker  | [perf-saga-step1] ts=1777539099.557077 orderId=37ef9fb7-3931-40d2-aa43-e41d75d1e660 traceId=exp-perf5000-000057-6a8383ad
zt-php-worker  | [perf-saga-complete] ts=1777539099.657421 orderId=916e5315-1068-4324-bedc-4421bc18993f
zt-php-worker  | [perf-saga-step1] ts=1777539099.685171 orderId=55e53120-5102-4940-b1ea-6ac885228043 traceId=exp-perf5000-000061-7e1a3714
zt-php-worker  | [perf-saga-complete] ts=1777539099.783190 orderId=4c3949ae-11d6-4873-8832-10844aa6f2ee
zt-php-worker  | [perf-saga-step1] ts=1777539099.810740 orderId=1be869cb-22ce-49ae-ab33-d3d24efd297e traceId=exp-perf5000-000059-e878628d
zt-php-worker  | [perf-saga-complete] ts=1777539099.902049 orderId=83f83ce5-809a-49a4-9cc7-54d6d4b05c7f
zt-php-worker  | [perf-saga-step1] ts=1777539099.927525 orderId=02a97fd7-686c-43f5-8f0c-61a45b12b1ca traceId=exp-perf5000-000062-4179c51b
zt-php-worker  | [perf-saga-complete] ts=1777539100.016751 orderId=37ef9fb7-3931-40d2-aa43-e41d75d1e660
zt-php-worker  | [perf-saga-step1] ts=1777539100.041275 orderId=9668e0ad-4b09-434c-aa0b-83e8888cc44f traceId=exp-perf5000-000064-9b4cb4e9
zt-php-worker  | [perf-saga-complete] ts=1777539100.135444 orderId=55e53120-5102-4940-b1ea-6ac885228043
zt-php-worker  | [perf-saga-step1] ts=1777539100.174555 orderId=f74722c7-eb3b-4ca6-9967-eaa5f253c100 traceId=exp-perf5000-000069-4e8b29b6
zt-php-worker  | [perf-saga-complete] ts=1777539100.267680 orderId=1be869cb-22ce-49ae-ab33-d3d24efd297e
zt-php-worker  | [perf-saga-step1] ts=1777539100.292735 orderId=4fcdbbb3-807c-4a38-b493-564a3ff17440 traceId=exp-perf5000-000063-39e05850
zt-php-worker  | [perf-saga-complete] ts=1777539100.391227 orderId=02a97fd7-686c-43f5-8f0c-61a45b12b1ca
zt-php-worker  | [perf-saga-step1] ts=1777539100.415243 orderId=50901a4d-7030-49c2-b3e4-7b7125e59632 traceId=exp-perf5000-000070-d718b961
zt-php-worker  | [perf-saga-complete] ts=1777539100.506076 orderId=9668e0ad-4b09-434c-aa0b-83e8888cc44f
zt-php-worker  | [perf-saga-step1] ts=1777539100.531083 orderId=d180059c-adde-41c8-b34a-a54ab471d2d0 traceId=exp-perf5000-000067-07f371e3
zt-php-worker  | [perf-saga-complete] ts=1777539100.621852 orderId=f74722c7-eb3b-4ca6-9967-eaa5f253c100
zt-php-worker  | [perf-saga-step1] ts=1777539100.646376 orderId=64f22306-eda0-481b-bf52-5ad9bd6241c7 traceId=exp-perf5000-000074-c766ae1e
zt-php-worker  | [perf-saga-complete] ts=1777539100.775359 orderId=4fcdbbb3-807c-4a38-b493-564a3ff17440
zt-php-worker  | [perf-saga-step1] ts=1777539100.800682 orderId=b4fcbc51-c96f-40f8-ae7e-ccbc77416b80 traceId=exp-perf5000-000068-56bd6d24
zt-php-worker  | [perf-saga-complete] ts=1777539100.896485 orderId=50901a4d-7030-49c2-b3e4-7b7125e59632
zt-php-worker  | [perf-saga-step1] ts=1777539100.920419 orderId=ce02deb2-2e61-49c6-81da-1d07ddae3367 traceId=exp-perf5000-000072-c050e83d
zt-php-worker  | [perf-saga-complete] ts=1777539101.010115 orderId=d180059c-adde-41c8-b34a-a54ab471d2d0
zt-php-worker  | [perf-saga-step1] ts=1777539101.035246 orderId=9b08bd1e-f0e6-495e-9f76-5ecf8fcc2eca traceId=exp-perf5000-000065-aaa42df4
zt-php-worker  | [perf-saga-complete] ts=1777539101.127833 orderId=64f22306-eda0-481b-bf52-5ad9bd6241c7
zt-php-worker  | [perf-saga-step1] ts=1777539101.152821 orderId=d0ec0462-044f-480a-a399-94ba504d2454 traceId=exp-perf5000-000080-b7b34398
zt-php-worker  | [perf-saga-complete] ts=1777539101.248469 orderId=b4fcbc51-c96f-40f8-ae7e-ccbc77416b80
zt-php-worker  | [perf-saga-step1] ts=1777539101.273175 orderId=5c247703-ae61-463c-9499-d749d12cd651 traceId=exp-perf5000-000066-75fefee8
zt-php-worker  | [perf-saga-complete] ts=1777539101.362212 orderId=ce02deb2-2e61-49c6-81da-1d07ddae3367
zt-php-worker  | [perf-saga-step1] ts=1777539101.386055 orderId=27ff53b3-b740-4825-bbf7-78b335cdf837 traceId=exp-perf5000-000077-29e63f71
zt-php-worker  | [perf-saga-complete] ts=1777539101.475173 orderId=9b08bd1e-f0e6-495e-9f76-5ecf8fcc2eca
zt-php-worker  | [perf-saga-step1] ts=1777539101.499161 orderId=a7e23da5-5f18-4c8a-ae57-ef3e47607bf6 traceId=exp-perf5000-000084-d494ddc5
zt-php-worker  | [perf-saga-complete] ts=1777539101.590481 orderId=d0ec0462-044f-480a-a399-94ba504d2454
zt-php-worker  | [perf-saga-step1] ts=1777539101.616558 orderId=b87b6016-92b2-4483-8390-50f519e77ad5 traceId=exp-perf5000-000081-d93361d2
zt-php-worker  | [perf-saga-complete] ts=1777539101.707485 orderId=5c247703-ae61-463c-9499-d749d12cd651
zt-php-worker  | [perf-saga-step1] ts=1777539101.731618 orderId=d9c190ce-4dca-4997-9866-52981cbf99c2 traceId=exp-perf5000-000076-e98f9c8b
zt-php-worker  | [perf-saga-complete] ts=1777539101.824041 orderId=27ff53b3-b740-4825-bbf7-78b335cdf837
zt-php-worker  | [perf-saga-step1] ts=1777539101.848291 orderId=39b6309a-c0be-42b6-b9af-8dfd5be8c374 traceId=exp-perf5000-000075-1bfd121c
zt-php-worker  | [perf-saga-complete] ts=1777539101.959211 orderId=a7e23da5-5f18-4c8a-ae57-ef3e47607bf6
zt-php-worker  | [perf-saga-step1] ts=1777539101.984214 orderId=c25b8a1b-d8b6-4a6d-a925-521d6739a602 traceId=exp-perf5000-000099-72699bb6
zt-php-worker  | [perf-saga-complete] ts=1777539102.092261 orderId=b87b6016-92b2-4483-8390-50f519e77ad5
zt-php-worker  | [perf-saga-step1] ts=1777539102.116671 orderId=5e906ba1-07cf-4c4d-90fb-765ee4fe1e3b traceId=exp-perf5000-000078-0997fdd3
zt-php-worker  | [perf-saga-complete] ts=1777539102.207194 orderId=d9c190ce-4dca-4997-9866-52981cbf99c2
zt-php-worker  | [perf-saga-step1] ts=1777539102.230880 orderId=f940c72f-73eb-411b-a789-b6720b24a967 traceId=exp-perf5000-000082-6e6d0997
zt-php-worker  | [perf-saga-complete] ts=1777539102.319501 orderId=39b6309a-c0be-42b6-b9af-8dfd5be8c374
zt-php-worker  | [perf-saga-step1] ts=1777539102.344435 orderId=8b5c548e-fcca-40e2-bf99-7dbfbf2467e3 traceId=exp-perf5000-000071-79e2448b
zt-php-worker  | [perf-saga-complete] ts=1777539102.434234 orderId=c25b8a1b-d8b6-4a6d-a925-521d6739a602
zt-php-worker  | [perf-saga-step1] ts=1777539102.459358 orderId=715b0b98-3b35-4b67-99c4-98d3d46fca98 traceId=exp-perf5000-000091-a0124e7a
zt-php-worker  | [perf-saga-complete] ts=1777539102.547755 orderId=5e906ba1-07cf-4c4d-90fb-765ee4fe1e3b
zt-php-worker  | [perf-saga-step1] ts=1777539102.571186 orderId=aeafe7fc-301b-4eea-b6b7-77f2eb11e8b9 traceId=exp-perf5000-000079-07e19702
zt-php-worker  | [perf-saga-complete] ts=1777539102.662213 orderId=f940c72f-73eb-411b-a789-b6720b24a967
zt-php-worker  | [perf-saga-step1] ts=1777539102.687677 orderId=481d7906-62ba-4245-8525-09b4f05d1c2d traceId=exp-perf5000-000096-d514255f
zt-php-worker  | [perf-saga-complete] ts=1777539102.777161 orderId=8b5c548e-fcca-40e2-bf99-7dbfbf2467e3
zt-php-worker  | [perf-saga-step1] ts=1777539102.801031 orderId=fcc28c8d-5bca-4683-b236-71d3230f4601 traceId=exp-perf5000-000083-ed34b71b
zt-php-worker  | [perf-saga-complete] ts=1777539102.890117 orderId=715b0b98-3b35-4b67-99c4-98d3d46fca98
zt-php-worker  | [perf-saga-step1] ts=1777539102.915474 orderId=fa76be2e-e1d8-4aef-bed5-8735b0cbc911 traceId=exp-perf5000-000089-2fe34a3f
zt-php-worker  | [perf-saga-complete] ts=1777539103.031957 orderId=aeafe7fc-301b-4eea-b6b7-77f2eb11e8b9
zt-php-worker  | [perf-saga-step1] ts=1777539103.066720 orderId=bc82646e-4d17-45fa-a991-2989676fae9d traceId=exp-perf5000-000092-343a7d97
zt-php-worker  | [perf-saga-complete] ts=1777539103.158246 orderId=481d7906-62ba-4245-8525-09b4f05d1c2d
zt-php-worker  | [perf-saga-step1] ts=1777539103.184006 orderId=e8ae37db-f715-45c3-a5b5-a2e3eedeb3b0 traceId=exp-perf5000-000094-6bd5f3fb
zt-php-worker  | [perf-saga-complete] ts=1777539103.277954 orderId=fcc28c8d-5bca-4683-b236-71d3230f4601
zt-php-worker  | [perf-saga-step1] ts=1777539103.304818 orderId=684d8906-8f4f-4af4-be5d-d9953134c638 traceId=exp-perf5000-000093-56b30741
zt-php-worker  | [perf-saga-complete] ts=1777539103.417703 orderId=fa76be2e-e1d8-4aef-bed5-8735b0cbc911
zt-php-worker  | [perf-saga-step1] ts=1777539103.447339 orderId=29af25cb-208c-498e-98a7-a476682c0807 traceId=exp-perf5000-000087-c6a7a404
zt-php-worker  | [perf-saga-complete] ts=1777539103.556772 orderId=bc82646e-4d17-45fa-a991-2989676fae9d
zt-php-worker  | [perf-saga-step1] ts=1777539103.586896 orderId=8009ff93-0c73-45d4-b6ab-f05d5d75ed40 traceId=exp-perf5000-000088-307f0d0e
zt-php-worker  | [perf-saga-complete] ts=1777539103.682228 orderId=e8ae37db-f715-45c3-a5b5-a2e3eedeb3b0
zt-php-worker  | [perf-saga-step1] ts=1777539103.708393 orderId=ede9055a-df94-4ea7-a47c-b90e55e71911 traceId=exp-perf5000-000086-068911e3
zt-php-worker  | [perf-saga-complete] ts=1777539103.806498 orderId=684d8906-8f4f-4af4-be5d-d9953134c638
zt-php-worker  | [perf-saga-step1] ts=1777539103.831218 orderId=7b6dbdd7-2ffd-4a7c-b5d6-1c54e6a9cb5b traceId=exp-perf5000-000095-dc360460
zt-php-worker  | [perf-saga-complete] ts=1777539103.925017 orderId=29af25cb-208c-498e-98a7-a476682c0807
zt-php-worker  | [perf-saga-step1] ts=1777539103.948672 orderId=ec7241fe-7d61-414f-8da3-6c5d7f87b196 traceId=exp-perf5000-000073-40c3e4e1
zt-php-worker  | [perf-saga-complete] ts=1777539104.040006 orderId=8009ff93-0c73-45d4-b6ab-f05d5d75ed40
zt-php-worker  | [perf-saga-step1] ts=1777539104.063945 orderId=562a07ed-4e5c-4f87-a883-d2fdc34092e2 traceId=exp-perf5000-000085-bb2a5c51
zt-php-worker  | [perf-saga-complete] ts=1777539104.152742 orderId=ede9055a-df94-4ea7-a47c-b90e55e71911
zt-php-worker  | [perf-saga-step1] ts=1777539104.183396 orderId=bc89d0d3-ff62-49ab-b5f7-9181ca76313c traceId=exp-perf5000-000090-2f119915
zt-php-worker  | [perf-saga-complete] ts=1777539104.302062 orderId=7b6dbdd7-2ffd-4a7c-b5d6-1c54e6a9cb5b
zt-php-worker  | [perf-saga-step1] ts=1777539104.327582 orderId=5921511a-4866-454d-86cf-373f51cde229 traceId=exp-perf5000-000098-ebd3d191
zt-php-worker  | [perf-saga-complete] ts=1777539104.416543 orderId=ec7241fe-7d61-414f-8da3-6c5d7f87b196
zt-php-worker  | [perf-saga-step1] ts=1777539104.442606 orderId=8a5e6520-ac19-477a-a297-27f39b64e094 traceId=exp-perf5000-000097-7231b3f3
zt-php-worker  | [perf-saga-complete] ts=1777539104.532680 orderId=562a07ed-4e5c-4f87-a883-d2fdc34092e2
zt-php-worker  | [perf-saga-step1] ts=1777539104.557158 orderId=95e08fe2-2786-42dc-86db-33356ce9f10c traceId=exp-perf5000-000100-4b38a74a
zt-php-worker  | [perf-saga-complete] ts=1777539104.647033 orderId=bc89d0d3-ff62-49ab-b5f7-9181ca76313c
zt-php-worker  | [perf-saga-step1] ts=1777539104.671598 orderId=7d2d497e-9499-4dc9-9cb5-f6e58e908877 traceId=exp-perf5000-000103-00012d1e
zt-php-worker  | [perf-saga-complete] ts=1777539104.758964 orderId=5921511a-4866-454d-86cf-373f51cde229
zt-php-worker  | [perf-saga-step1] ts=1777539104.782942 orderId=d763ec44-2cb7-44c1-834d-bcaad1f4baa7 traceId=exp-perf5000-000101-626ea9fb
zt-php-worker  | [perf-saga-complete] ts=1777539104.872073 orderId=8a5e6520-ac19-477a-a297-27f39b64e094
zt-php-worker  | [perf-saga-step1] ts=1777539104.896019 orderId=82a99678-c5a6-44f5-9733-b80083e6308b traceId=exp-perf5000-000102-6490d08f
zt-php-worker  | [perf-saga-complete] ts=1777539104.986999 orderId=95e08fe2-2786-42dc-86db-33356ce9f10c
zt-php-worker  | [perf-saga-step1] ts=1777539105.011425 orderId=9ddd2684-313a-42eb-a02a-b10c9b5eba69 traceId=exp-perf5000-000104-22724974
zt-php-worker  | [perf-saga-complete] ts=1777539105.104032 orderId=7d2d497e-9499-4dc9-9cb5-f6e58e908877
zt-php-worker  | [perf-saga-step1] ts=1777539105.127886 orderId=105f494d-facb-4e77-8d00-0448129a02c0 traceId=exp-perf5000-000107-f459a49a
zt-php-worker  | [perf-saga-complete] ts=1777539105.223952 orderId=d763ec44-2cb7-44c1-834d-bcaad1f4baa7
zt-php-worker  | [perf-saga-step1] ts=1777539105.273275 orderId=03ed7f7c-a8be-43e7-950a-b60d32c60658 traceId=exp-perf5000-000105-5ab02c31
zt-php-worker  | [perf-saga-complete] ts=1777539105.391459 orderId=82a99678-c5a6-44f5-9733-b80083e6308b
zt-php-worker  | [perf-saga-step1] ts=1777539105.418422 orderId=1fbcd40a-4a87-4b35-9715-fdbe042ba0d6 traceId=exp-perf5000-000108-b86eb5c5
zt-php-worker  | [perf-saga-complete] ts=1777539105.509495 orderId=9ddd2684-313a-42eb-a02a-b10c9b5eba69
zt-php-worker  | [perf-saga-step1] ts=1777539105.534178 orderId=0c6b4b48-830d-4488-9468-aa9c4171460b traceId=exp-perf5000-000110-a7d8aedf
zt-php-worker  | [perf-saga-complete] ts=1777539105.622157 orderId=105f494d-facb-4e77-8d00-0448129a02c0
zt-php-worker  | [perf-saga-step1] ts=1777539105.649237 orderId=6ef4a302-13e0-431b-ab26-e3e86db017df traceId=exp-perf5000-000112-e3f319c4
zt-php-worker  | [perf-saga-complete] ts=1777539105.740803 orderId=03ed7f7c-a8be-43e7-950a-b60d32c60658
zt-php-worker  | [perf-saga-step1] ts=1777539105.764703 orderId=5b5246f4-6a5b-421c-ad20-7c4748c92992 traceId=exp-perf5000-000106-4e7e0052
zt-php-worker  | [perf-saga-complete] ts=1777539105.857460 orderId=1fbcd40a-4a87-4b35-9715-fdbe042ba0d6
zt-php-worker  | [perf-saga-step1] ts=1777539105.889631 orderId=f6d28faf-fb62-41b3-a009-3f847dbb37c5 traceId=exp-perf5000-000109-350984f5
zt-php-worker  | [perf-saga-complete] ts=1777539105.992184 orderId=0c6b4b48-830d-4488-9468-aa9c4171460b
zt-php-worker  | [perf-saga-step1] ts=1777539106.016781 orderId=a16eb610-f5e2-4d6c-a297-f71a33f37941 traceId=exp-perf5000-000111-62173fd0
zt-php-worker  | [perf-saga-complete] ts=1777539106.112824 orderId=6ef4a302-13e0-431b-ab26-e3e86db017df
zt-php-worker  | [perf-saga-step1] ts=1777539106.140191 orderId=5b67530a-623b-4531-86ea-41f8538b3ceb traceId=exp-perf5000-000114-715f82e8
zt-php-worker  | [perf-saga-complete] ts=1777539106.234231 orderId=5b5246f4-6a5b-421c-ad20-7c4748c92992
zt-php-worker  | [perf-saga-step1] ts=1777539106.260100 orderId=953b2bcf-eb8b-4563-ad9c-5dfea053fa40 traceId=exp-perf5000-000113-6a5393b9
zt-php-worker  | [perf-saga-complete] ts=1777539106.351087 orderId=f6d28faf-fb62-41b3-a009-3f847dbb37c5
zt-php-worker  | [perf-saga-step1] ts=1777539106.376242 orderId=af95edce-4dbf-441f-b739-3933820f6cda traceId=exp-perf5000-000115-570cbaa5
zt-php-worker  | [perf-saga-complete] ts=1777539106.473819 orderId=a16eb610-f5e2-4d6c-a297-f71a33f37941
zt-php-worker  | [perf-saga-step1] ts=1777539106.499110 orderId=ef2ea6dc-4218-40d7-9692-44764f29d353 traceId=exp-perf5000-000116-3b23c88e
zt-php-worker  | [perf-saga-complete] ts=1777539106.590149 orderId=5b67530a-623b-4531-86ea-41f8538b3ceb
zt-php-worker  | [perf-saga-step1] ts=1777539106.615707 orderId=287a4b1f-8e70-4e20-b5d2-f9ba3c9a1287 traceId=exp-perf5000-000117-9da0bee0
zt-php-worker  | [perf-saga-complete] ts=1777539106.711410 orderId=953b2bcf-eb8b-4563-ad9c-5dfea053fa40
zt-php-worker  | [perf-saga-step1] ts=1777539106.736120 orderId=45752996-06e1-458b-8a43-cedfee0f7fc3 traceId=exp-perf5000-000118-3f132942
zt-php-worker  | [perf-saga-complete] ts=1777539106.827779 orderId=af95edce-4dbf-441f-b739-3933820f6cda
zt-php-worker  | [perf-saga-step1] ts=1777539106.851781 orderId=ccc3931b-bc1b-4e0f-b628-ace429d28f58 traceId=exp-perf5000-000119-ca84bff2
zt-php-worker  | [perf-saga-complete] ts=1777539106.949577 orderId=ef2ea6dc-4218-40d7-9692-44764f29d353
zt-php-worker  | [perf-saga-step1] ts=1777539106.976921 orderId=e1fd60d8-aa90-4173-ae29-1af39e70425a traceId=exp-perf5000-000120-0dcd0091
zt-php-worker  | [perf-saga-complete] ts=1777539107.071823 orderId=287a4b1f-8e70-4e20-b5d2-f9ba3c9a1287
zt-php-worker  | [perf-saga-step1] ts=1777539107.096385 orderId=08a0244b-5947-4f5e-a371-3faab4581ba8 traceId=exp-perf5000-000121-2177dc54
zt-php-worker  | [perf-saga-complete] ts=1777539107.189003 orderId=45752996-06e1-458b-8a43-cedfee0f7fc3
zt-php-worker  | [perf-saga-step1] ts=1777539107.214073 orderId=1846377a-5618-4136-a355-5000a708ad9a traceId=exp-perf5000-000122-3a4bfa90
zt-php-worker  | [perf-saga-complete] ts=1777539107.307368 orderId=ccc3931b-bc1b-4e0f-b628-ace429d28f58
zt-php-worker  | [perf-saga-step1] ts=1777539107.334526 orderId=9b6eec43-6cc2-4bfa-be4b-8d30cc40e059 traceId=exp-perf5000-000123-4a3bfecc
zt-php-worker  | [perf-saga-complete] ts=1777539107.423677 orderId=e1fd60d8-aa90-4173-ae29-1af39e70425a
zt-php-worker  | [perf-saga-step1] ts=1777539107.447617 orderId=feb0c37d-b0c0-4a5c-81aa-0de378795b61 traceId=exp-perf5000-000124-1676d4fb
zt-php-worker  | [perf-saga-complete] ts=1777539107.535292 orderId=08a0244b-5947-4f5e-a371-3faab4581ba8
zt-php-worker  | [perf-saga-step1] ts=1777539107.560152 orderId=14054800-babc-4acd-9d4c-521e710ff9b0 traceId=exp-perf5000-000125-1be4b897
zt-php-worker  | [perf-saga-complete] ts=1777539107.653515 orderId=1846377a-5618-4136-a355-5000a708ad9a
zt-php-worker  | [perf-saga-step1] ts=1777539107.679277 orderId=cd29f0a3-9faa-4037-951e-19dbf3fdaae8 traceId=exp-perf5000-000126-fe0d38e0
zt-php-worker  | [perf-saga-complete] ts=1777539107.770522 orderId=9b6eec43-6cc2-4bfa-be4b-8d30cc40e059
zt-php-worker  | [perf-saga-step1] ts=1777539107.795752 orderId=50aad30d-f330-481a-99ca-e5082a239332 traceId=exp-perf5000-000127-6b0852db
zt-php-worker  | [perf-saga-complete] ts=1777539107.884830 orderId=feb0c37d-b0c0-4a5c-81aa-0de378795b61
zt-php-worker  | [perf-saga-step1] ts=1777539107.908839 orderId=e3955d0b-4347-4a71-b341-93928c69d91c traceId=exp-perf5000-000128-8d577c4e
zt-php-worker  | [perf-saga-complete] ts=1777539108.000371 orderId=14054800-babc-4acd-9d4c-521e710ff9b0
zt-php-worker  | [perf-saga-step1] ts=1777539108.061908 orderId=9bead155-d31e-4c8b-ad8b-e16e585ca97d traceId=exp-perf5000-000129-2b3291dd
zt-php-worker  | [perf-saga-complete] ts=1777539108.227036 orderId=cd29f0a3-9faa-4037-951e-19dbf3fdaae8
zt-php-worker  | [perf-saga-step1] ts=1777539108.250843 orderId=0a037655-a153-4578-a9bf-0f4ebaa15f23 traceId=exp-perf5000-000130-b8a9022a
zt-php-worker  | [perf-saga-complete] ts=1777539108.362095 orderId=50aad30d-f330-481a-99ca-e5082a239332
zt-php-worker  | [perf-saga-step1] ts=1777539108.388264 orderId=8ad9452b-e6fd-41a7-a2d8-27eddb00bd48 traceId=exp-perf5000-000131-4dcf13cc
zt-php-worker  | [perf-saga-complete] ts=1777539108.480411 orderId=e3955d0b-4347-4a71-b341-93928c69d91c
zt-php-worker  | [perf-saga-step1] ts=1777539108.505817 orderId=ae0383ea-8f2c-4395-a5df-5b71495722d2 traceId=exp-perf5000-000132-22bb3249
zt-php-worker  | [perf-saga-complete] ts=1777539108.601344 orderId=9bead155-d31e-4c8b-ad8b-e16e585ca97d
zt-php-worker  | [perf-saga-step1] ts=1777539108.631761 orderId=c0d2f877-52e7-4d1f-91f5-492042b0521f traceId=exp-perf5000-000133-2581290d
zt-php-worker  | [perf-saga-complete] ts=1777539108.748100 orderId=0a037655-a153-4578-a9bf-0f4ebaa15f23
zt-php-worker  | [perf-saga-step1] ts=1777539108.777622 orderId=277996d2-4ae9-4645-b966-631225d96881 traceId=exp-perf5000-000134-679d225e
zt-php-worker  | [perf-saga-complete] ts=1777539108.896069 orderId=8ad9452b-e6fd-41a7-a2d8-27eddb00bd48
zt-php-worker  | [perf-saga-step1] ts=1777539108.925514 orderId=76c08fcc-1c74-40b2-a7cd-975b211b8ba0 traceId=exp-perf5000-000136-8085ec00
zt-php-worker  | [perf-saga-complete] ts=1777539109.018430 orderId=ae0383ea-8f2c-4395-a5df-5b71495722d2
zt-php-worker  | [perf-saga-step1] ts=1777539109.043366 orderId=dd735abf-955e-41ea-a54d-ac03ee514f64 traceId=exp-perf5000-000135-f57d678f
zt-php-worker  | [perf-saga-complete] ts=1777539109.149627 orderId=c0d2f877-52e7-4d1f-91f5-492042b0521f
zt-php-worker  | [perf-saga-step1] ts=1777539109.181072 orderId=d4b8df8c-56ee-421d-9385-0c6f6ba8c682 traceId=exp-perf5000-000138-9004a8d3
zt-php-worker  | [perf-saga-complete] ts=1777539109.280847 orderId=277996d2-4ae9-4645-b966-631225d96881
zt-php-worker  | [perf-saga-step1] ts=1777539109.306798 orderId=8ccef44f-b686-43c5-8f8f-7012d2e19dec traceId=exp-perf5000-000137-dea0b464
zt-php-worker  | [perf-saga-complete] ts=1777539109.396644 orderId=76c08fcc-1c74-40b2-a7cd-975b211b8ba0
zt-php-worker  | [perf-saga-step1] ts=1777539109.421787 orderId=24af2a23-5d4d-47c6-8b03-4054e720fe85 traceId=exp-perf5000-000140-51598e06
zt-php-worker  | [perf-saga-complete] ts=1777539109.510285 orderId=dd735abf-955e-41ea-a54d-ac03ee514f64
zt-php-worker  | [perf-saga-step1] ts=1777539109.535046 orderId=0d359843-a996-4dc3-8a44-423920ec3bd7 traceId=exp-perf5000-000139-3e86c5bc
zt-php-worker  | [perf-saga-complete] ts=1777539109.621409 orderId=d4b8df8c-56ee-421d-9385-0c6f6ba8c682
zt-php-worker  | [perf-saga-step1] ts=1777539109.648117 orderId=7e5c6cda-3535-432f-82d6-8f7aaee992d1 traceId=exp-perf5000-000142-1dfdecfa
zt-php-worker  | [perf-saga-complete] ts=1777539109.737825 orderId=8ccef44f-b686-43c5-8f8f-7012d2e19dec
zt-php-worker  | [perf-saga-step1] ts=1777539109.762318 orderId=145f5bf9-ff36-4a4d-b3ea-674a6a1fd50b traceId=exp-perf5000-000141-89a0a7b5
zt-php-worker  | [perf-saga-complete] ts=1777539109.859635 orderId=24af2a23-5d4d-47c6-8b03-4054e720fe85
zt-php-worker  | [perf-saga-step1] ts=1777539109.886778 orderId=f2fc131e-8a7c-4c43-8e40-ca43b0549b07 traceId=exp-perf5000-000144-ba29f4a6
zt-php-worker  | [perf-saga-complete] ts=1777539109.993621 orderId=0d359843-a996-4dc3-8a44-423920ec3bd7
zt-php-worker  | [perf-saga-step1] ts=1777539110.019216 orderId=d72003d7-a5e5-4222-873f-d37ebe720645 traceId=exp-perf5000-000143-5ccc3907
zt-php-worker  | [perf-saga-complete] ts=1777539110.108412 orderId=7e5c6cda-3535-432f-82d6-8f7aaee992d1
zt-php-worker  | [perf-saga-step1] ts=1777539110.132983 orderId=6f65d3a2-660b-4c70-8deb-b5c90be4f598 traceId=exp-perf5000-000146-c9cc2233
zt-php-worker  | [perf-saga-complete] ts=1777539110.243370 orderId=145f5bf9-ff36-4a4d-b3ea-674a6a1fd50b
zt-php-worker  | [perf-saga-step1] ts=1777539110.267619 orderId=125b9691-72ca-4828-82a3-a46a574775e1 traceId=exp-perf5000-000148-74689bd4
zt-php-worker  | [perf-saga-complete] ts=1777539110.359700 orderId=f2fc131e-8a7c-4c43-8e40-ca43b0549b07
zt-php-worker  | [perf-saga-step1] ts=1777539110.384437 orderId=02c84d16-db0e-400a-b31e-d765e8595b82 traceId=exp-perf5000-000145-1218a22a
zt-php-worker  | [perf-saga-complete] ts=1777539110.483349 orderId=d72003d7-a5e5-4222-873f-d37ebe720645
zt-php-worker  | [perf-saga-step1] ts=1777539110.507608 orderId=81bfce2c-a68f-406d-b4a5-b1481c3edd4a traceId=exp-perf5000-000149-8f365420
zt-php-worker  | [perf-saga-complete] ts=1777539110.596442 orderId=6f65d3a2-660b-4c70-8deb-b5c90be4f598
zt-php-worker  | [perf-saga-step1] ts=1777539110.621649 orderId=aec0f925-61f7-4e5b-a198-1cb4d96c0ffb traceId=exp-perf5000-000147-21781826
zt-php-worker  | [perf-saga-complete] ts=1777539110.731679 orderId=125b9691-72ca-4828-82a3-a46a574775e1
zt-php-worker  | [perf-saga-step1] ts=1777539110.756812 orderId=70a125d9-dedd-4efb-97e3-0f6fe83cbd20 traceId=exp-perf5000-000151-51112440
zt-php-worker  | [perf-saga-complete] ts=1777539110.847084 orderId=02c84d16-db0e-400a-b31e-d765e8595b82
zt-php-worker  | [perf-saga-step1] ts=1777539110.871231 orderId=a2aa403c-8dfa-4bd5-bb4a-fb10f7460d77 traceId=exp-perf5000-000150-cb65110d
zt-php-worker  | [perf-saga-complete] ts=1777539110.960911 orderId=81bfce2c-a68f-406d-b4a5-b1481c3edd4a
zt-php-worker  | [perf-saga-step1] ts=1777539110.989916 orderId=d699391d-5757-4501-bd14-1fb0891880f8 traceId=exp-perf5000-000153-57c27648
zt-php-worker  | [perf-saga-complete] ts=1777539111.083258 orderId=aec0f925-61f7-4e5b-a198-1cb4d96c0ffb
zt-php-worker  | [perf-saga-step1] ts=1777539111.110320 orderId=46810047-ca96-4f13-bd44-9fe302b74273 traceId=exp-perf5000-000152-aa7e1e40
zt-php-worker  | [perf-saga-complete] ts=1777539111.200141 orderId=70a125d9-dedd-4efb-97e3-0f6fe83cbd20
zt-php-worker  | [perf-saga-step1] ts=1777539111.226067 orderId=5f4a4649-a2b9-4eed-a3a3-01ba535ecee4 traceId=exp-perf5000-000155-4caae359
zt-php-worker  | [perf-saga-complete] ts=1777539111.316763 orderId=a2aa403c-8dfa-4bd5-bb4a-fb10f7460d77
zt-php-worker  | [perf-saga-step1] ts=1777539111.342544 orderId=7b7355b5-d7f7-432c-846f-600c4ff69025 traceId=exp-perf5000-000154-d1f54a77
zt-php-worker  | [perf-saga-complete] ts=1777539111.432028 orderId=d699391d-5757-4501-bd14-1fb0891880f8
zt-php-worker  | [perf-saga-step1] ts=1777539111.456691 orderId=13a49cd0-4983-46b2-a9d0-cc958036efc5 traceId=exp-perf5000-000157-9a50321b
zt-php-worker  | [perf-saga-complete] ts=1777539111.550270 orderId=46810047-ca96-4f13-bd44-9fe302b74273
zt-php-worker  | [perf-saga-step1] ts=1777539111.575512 orderId=09d15abe-5f2f-4bc3-8ebb-8de7fb65a416 traceId=exp-perf5000-000156-64e9e50f
zt-php-worker  | [perf-saga-complete] ts=1777539111.666673 orderId=5f4a4649-a2b9-4eed-a3a3-01ba535ecee4
zt-php-worker  | [perf-saga-step1] ts=1777539111.692013 orderId=31403df5-6cfe-492f-85ef-689b893c247c traceId=exp-perf5000-000160-8c8d3c66
zt-php-worker  | [perf-saga-complete] ts=1777539111.783045 orderId=7b7355b5-d7f7-432c-846f-600c4ff69025
zt-php-worker  | [perf-saga-step1] ts=1777539111.807204 orderId=1b7ca322-4058-4ce6-8521-9f0a5a867271 traceId=exp-perf5000-000158-46ac617e
zt-php-worker  | [perf-saga-complete] ts=1777539111.895541 orderId=13a49cd0-4983-46b2-a9d0-cc958036efc5
zt-php-worker  | [perf-saga-step1] ts=1777539111.919606 orderId=2952533e-c8fd-4bc8-95d3-95d25b90d011 traceId=exp-perf5000-000161-cce4ac18
zt-php-worker  | [perf-saga-complete] ts=1777539112.010329 orderId=09d15abe-5f2f-4bc3-8ebb-8de7fb65a416
zt-php-worker  | [perf-saga-step1] ts=1777539112.038693 orderId=99926a34-f396-4460-9456-a5b91ef98b55 traceId=exp-perf5000-000159-c1a7b3a8
zt-php-worker  | [perf-saga-complete] ts=1777539112.137256 orderId=31403df5-6cfe-492f-85ef-689b893c247c
zt-php-worker  | [perf-saga-step1] ts=1777539112.164974 orderId=24432530-9386-40b3-88b7-70960c90bd48 traceId=exp-perf5000-000162-00ac2aae
zt-php-worker  | [perf-saga-complete] ts=1777539112.255342 orderId=1b7ca322-4058-4ce6-8521-9f0a5a867271
zt-php-worker  | [perf-saga-step1] ts=1777539112.280114 orderId=c837ef87-a50b-4577-814f-52333e9e34c4 traceId=exp-perf5000-000163-eeff8a5c
zt-php-worker  | [perf-saga-complete] ts=1777539112.368833 orderId=2952533e-c8fd-4bc8-95d3-95d25b90d011
zt-php-worker  | [perf-saga-step1] ts=1777539112.392422 orderId=a2c4d046-3743-47c7-853b-90ffd9c22b5f traceId=exp-perf5000-000165-5736f25f
zt-php-worker  | [perf-saga-complete] ts=1777539112.480937 orderId=99926a34-f396-4460-9456-a5b91ef98b55
zt-php-worker  | [perf-saga-step1] ts=1777539112.504655 orderId=6c3df28f-e974-47b1-b457-358c8694867d traceId=exp-perf5000-000164-ccd42406
zt-php-worker  | [perf-saga-complete] ts=1777539112.592593 orderId=24432530-9386-40b3-88b7-70960c90bd48
zt-php-worker  | [perf-saga-step1] ts=1777539112.616766 orderId=1b897f10-f541-4f14-9128-3a77b0c19e80 traceId=exp-perf5000-000167-0f7a810b
zt-php-worker  | [perf-saga-complete] ts=1777539112.705754 orderId=c837ef87-a50b-4577-814f-52333e9e34c4
zt-php-worker  | [perf-saga-step1] ts=1777539112.730171 orderId=4e174e70-0ee0-47f8-8e07-faafabadb0e2 traceId=exp-perf5000-000166-24b89f2e
zt-php-worker  | [perf-saga-complete] ts=1777539112.819336 orderId=a2c4d046-3743-47c7-853b-90ffd9c22b5f
zt-php-worker  | [perf-saga-step1] ts=1777539112.845784 orderId=4a62701c-a75e-45fa-ac81-8a88737b1d9e traceId=exp-perf5000-000170-c400a368
zt-php-worker  | [perf-saga-complete] ts=1777539112.940024 orderId=6c3df28f-e974-47b1-b457-358c8694867d
zt-php-worker  | [perf-saga-step1] ts=1777539112.965903 orderId=bb77972f-bdb3-4a3a-bae5-51d9a368ac39 traceId=exp-perf5000-000168-526fa881
zt-php-worker  | [perf-saga-complete] ts=1777539113.056805 orderId=1b897f10-f541-4f14-9128-3a77b0c19e80
zt-php-worker  | [perf-saga-step1] ts=1777539113.081016 orderId=9bd848cd-a232-43c6-8679-c32e5e4ef142 traceId=exp-perf5000-000171-6b1d2ce5
zt-php-worker  | [perf-saga-complete] ts=1777539113.187144 orderId=4e174e70-0ee0-47f8-8e07-faafabadb0e2
zt-php-worker  | [perf-saga-step1] ts=1777539113.213390 orderId=53e77a81-6bf7-4379-a70c-6aa33ea953a7 traceId=exp-perf5000-000169-e36b7da2
zt-php-worker  | [perf-saga-complete] ts=1777539113.306084 orderId=4a62701c-a75e-45fa-ac81-8a88737b1d9e
zt-php-worker  | [perf-saga-step1] ts=1777539113.331355 orderId=185272ae-f125-47ad-875f-a66d1dc5e493 traceId=exp-perf5000-000174-71c16528
zt-php-worker  | [perf-saga-complete] ts=1777539113.422123 orderId=bb77972f-bdb3-4a3a-bae5-51d9a368ac39
zt-php-worker  | [perf-saga-step1] ts=1777539113.446978 orderId=99a5d167-c10e-4d05-9968-691e0c84027c traceId=exp-perf5000-000172-5f7a66cd
zt-php-worker  | [perf-saga-complete] ts=1777539113.536054 orderId=9bd848cd-a232-43c6-8679-c32e5e4ef142
zt-php-worker  | [perf-saga-step1] ts=1777539113.561123 orderId=93ea0734-d11c-48e9-b48f-b4fd8b6b2099 traceId=exp-perf5000-000176-d21b1ca4
zt-php-worker  | [perf-saga-complete] ts=1777539113.649935 orderId=53e77a81-6bf7-4379-a70c-6aa33ea953a7
zt-php-worker  | [perf-saga-step1] ts=1777539113.674938 orderId=268d6ada-35dd-4770-9073-344cfd65196d traceId=exp-perf5000-000173-36287b21
zt-php-worker  | [perf-saga-complete] ts=1777539113.771178 orderId=185272ae-f125-47ad-875f-a66d1dc5e493
zt-php-worker  | [perf-saga-step1] ts=1777539113.796811 orderId=3225d4e5-72c8-472c-a00d-3a1f49a96353 traceId=exp-perf5000-000175-66f887e2
zt-php-worker  | [perf-saga-complete] ts=1777539113.886021 orderId=99a5d167-c10e-4d05-9968-691e0c84027c
zt-php-worker  | [perf-saga-step1] ts=1777539113.909855 orderId=1967c288-c2ee-4223-b0bf-39affb24f7f1 traceId=exp-perf5000-000177-555df4f0
zt-php-worker  | [perf-saga-complete] ts=1777539114.012185 orderId=93ea0734-d11c-48e9-b48f-b4fd8b6b2099
zt-php-worker  | [perf-saga-step1] ts=1777539114.042576 orderId=c5de9643-064d-4cc2-bdef-8b87e6c28605 traceId=exp-perf5000-000178-0a864391
zt-php-worker  | [perf-saga-complete] ts=1777539114.147487 orderId=268d6ada-35dd-4770-9073-344cfd65196d
zt-php-worker  | [perf-saga-step1] ts=1777539114.176329 orderId=f058ddbf-dbf1-40a1-be10-447d7e0fd41b traceId=exp-perf5000-000180-dbaecac1
zt-php-worker  | [perf-saga-complete] ts=1777539114.278765 orderId=3225d4e5-72c8-472c-a00d-3a1f49a96353
zt-php-worker  | [perf-saga-step1] ts=1777539114.303777 orderId=f3096ab1-2646-45f1-afb1-b364a46aa221 traceId=exp-perf5000-000179-9e34b1d8
zt-php-worker  | [perf-saga-complete] ts=1777539114.394146 orderId=1967c288-c2ee-4223-b0bf-39affb24f7f1
zt-php-worker  | [perf-saga-step1] ts=1777539114.417902 orderId=8ee8b01c-4360-4479-907c-2c7894108d83 traceId=exp-perf5000-000182-d46fc019
zt-php-worker  | [perf-saga-complete] ts=1777539114.505958 orderId=c5de9643-064d-4cc2-bdef-8b87e6c28605
zt-php-worker  | [perf-saga-step1] ts=1777539114.530796 orderId=cfcc2c93-53dc-4e84-b1a6-c8d689748ea7 traceId=exp-perf5000-000181-75744835
zt-php-worker  | [perf-saga-complete] ts=1777539114.619661 orderId=f058ddbf-dbf1-40a1-be10-447d7e0fd41b
zt-php-worker  | [perf-saga-step1] ts=1777539114.645698 orderId=86c03f55-74ce-4b49-ba5b-63106f9aaef9 traceId=exp-perf5000-000183-8bca7c5e
zt-php-worker  | [perf-saga-complete] ts=1777539114.735286 orderId=f3096ab1-2646-45f1-afb1-b364a46aa221
zt-php-worker  | [perf-saga-step1] ts=1777539114.758811 orderId=2ee8fe0c-fb8d-45b7-86d7-5b34658359f1 traceId=exp-perf5000-000185-1475fe05
zt-php-worker  | [perf-saga-complete] ts=1777539114.850482 orderId=8ee8b01c-4360-4479-907c-2c7894108d83
zt-php-worker  | [perf-saga-step1] ts=1777539114.875658 orderId=9d6b3898-d740-4c2d-be77-9f9277c57c4d traceId=exp-perf5000-000184-f59bcf1a
zt-php-worker  | [perf-saga-complete] ts=1777539114.965644 orderId=cfcc2c93-53dc-4e84-b1a6-c8d689748ea7
zt-php-worker  | [perf-saga-step1] ts=1777539114.989413 orderId=9ff478c4-3801-48ea-950b-4fc314a7a9c2 traceId=exp-perf5000-000186-00fb95b3
zt-php-worker  | [perf-saga-complete] ts=1777539115.079459 orderId=86c03f55-74ce-4b49-ba5b-63106f9aaef9
zt-php-worker  | [perf-saga-step1] ts=1777539115.104486 orderId=9525a192-81d5-42fb-913d-af51def035c4 traceId=exp-perf5000-000188-1cb9af6e
zt-php-worker  | [perf-saga-complete] ts=1777539115.199191 orderId=2ee8fe0c-fb8d-45b7-86d7-5b34658359f1
zt-php-worker  | [perf-saga-step1] ts=1777539115.225282 orderId=c9baa7fa-8610-4baa-b0af-0aac986803bf traceId=exp-perf5000-000187-672df7fe
zt-php-worker  | [perf-saga-complete] ts=1777539115.324875 orderId=9d6b3898-d740-4c2d-be77-9f9277c57c4d
zt-php-worker  | [perf-saga-step1] ts=1777539115.357255 orderId=f55d1ffb-b2b3-48ce-b2c5-3864c0f3c434 traceId=exp-perf5000-000190-6a9720f0
zt-php-worker  | [perf-saga-complete] ts=1777539115.477719 orderId=9ff478c4-3801-48ea-950b-4fc314a7a9c2
zt-php-worker  | [perf-saga-step1] ts=1777539115.505463 orderId=ea4781f3-9a29-47c5-91fe-c8bc3078af9d traceId=exp-perf5000-000192-194f07d8
zt-php-worker  | [perf-saga-complete] ts=1777539115.595774 orderId=9525a192-81d5-42fb-913d-af51def035c4
zt-php-worker  | [perf-saga-step1] ts=1777539115.620684 orderId=1d597483-de71-49e6-ab87-dafc08055e51 traceId=exp-perf5000-000189-095129bb
zt-php-worker  | [perf-saga-complete] ts=1777539115.711419 orderId=c9baa7fa-8610-4baa-b0af-0aac986803bf
zt-php-worker  | [perf-saga-step1] ts=1777539115.741060 orderId=2cff0138-3ee9-435a-8a22-024083461400 traceId=exp-perf5000-000194-afe3a397
zt-php-worker  | [perf-saga-complete] ts=1777539115.840575 orderId=f55d1ffb-b2b3-48ce-b2c5-3864c0f3c434
zt-php-worker  | [perf-saga-step1] ts=1777539115.864628 orderId=e1d2389e-748b-4327-808b-61dab7e95b52 traceId=exp-perf5000-000191-62b5ab23
zt-php-worker  | [perf-saga-complete] ts=1777539115.956056 orderId=ea4781f3-9a29-47c5-91fe-c8bc3078af9d
zt-php-worker  | [perf-saga-step1] ts=1777539115.982491 orderId=6cc56bf4-0549-42e4-820a-06690b1b62b7 traceId=exp-perf5000-000195-fa5b99e4
zt-php-worker  | [perf-saga-complete] ts=1777539116.074078 orderId=1d597483-de71-49e6-ab87-dafc08055e51
zt-php-worker  | [perf-saga-step1] ts=1777539116.100059 orderId=d2f5b98f-35cc-4651-aaff-2ae22ed744e6 traceId=exp-perf5000-000193-0a121861
zt-php-worker  | [perf-saga-complete] ts=1777539116.209161 orderId=2cff0138-3ee9-435a-8a22-024083461400
zt-php-worker  | [perf-saga-step1] ts=1777539116.234820 orderId=2521f23d-d452-492d-8e53-41c53fe007b6 traceId=exp-perf5000-000197-ec0c5075
zt-php-worker  | [perf-saga-complete] ts=1777539116.324481 orderId=e1d2389e-748b-4327-808b-61dab7e95b52
zt-php-worker  | [perf-saga-step1] ts=1777539116.348646 orderId=7092095c-d0c6-493b-aada-6cf72aca325b traceId=exp-perf5000-000196-5c1c2239
zt-php-worker  | [perf-saga-complete] ts=1777539116.437663 orderId=6cc56bf4-0549-42e4-820a-06690b1b62b7
zt-php-worker  | [perf-saga-step1] ts=1777539116.462009 orderId=6d6d26d3-a905-467c-83b5-eb25877119d2 traceId=exp-perf5000-000198-71be99ea
zt-php-worker  | [perf-saga-complete] ts=1777539116.551250 orderId=d2f5b98f-35cc-4651-aaff-2ae22ed744e6
zt-php-worker  | [perf-saga-step1] ts=1777539116.575548 orderId=e93e0ad1-00f7-4318-a868-48dbfa3404e4 traceId=exp-perf5000-000199-35377390
zt-php-worker  | [perf-saga-complete] ts=1777539116.666210 orderId=2521f23d-d452-492d-8e53-41c53fe007b6
zt-php-worker  | [perf-saga-step1] ts=1777539116.692073 orderId=d423c27b-1e02-4f27-ad17-2d961c2af2a8 traceId=exp-perf5000-000200-882f6807
zt-php-worker  | [perf-saga-complete] ts=1777539116.779073 orderId=7092095c-d0c6-493b-aada-6cf72aca325b
zt-php-worker  | [perf-saga-step1] ts=1777539116.803041 orderId=471b2f82-7235-4ed0-8a27-78932731d67d traceId=exp-perf5000-000201-fbfc75eb
zt-php-worker  | [perf-saga-complete] ts=1777539116.891036 orderId=6d6d26d3-a905-467c-83b5-eb25877119d2
zt-php-worker  | [perf-saga-step1] ts=1777539116.916420 orderId=597d0eeb-448f-4c01-81c1-8d68cc042da3 traceId=exp-perf5000-000202-2e3779d9
zt-php-worker  | [perf-saga-complete] ts=1777539117.005540 orderId=e93e0ad1-00f7-4318-a868-48dbfa3404e4
zt-php-worker  | [perf-saga-step1] ts=1777539117.031216 orderId=3a3c48e7-0fd9-43c6-aa26-48ed5c46ffe0 traceId=exp-perf5000-000203-9c3ee942
zt-php-worker  | [perf-saga-complete] ts=1777539117.135770 orderId=d423c27b-1e02-4f27-ad17-2d961c2af2a8
zt-php-worker  | [perf-saga-step1] ts=1777539117.161358 orderId=56ad3603-b303-4ee3-98bc-e8dfa7e8847e traceId=exp-perf5000-000204-916f715a
zt-php-worker  | [perf-saga-complete] ts=1777539117.266278 orderId=471b2f82-7235-4ed0-8a27-78932731d67d
zt-php-worker  | [perf-saga-step1] ts=1777539117.291355 orderId=d2032be1-1075-41b6-a1f5-0e9e60ff41a6 traceId=exp-perf5000-000205-172e5e74
zt-php-worker  | [perf-saga-complete] ts=1777539117.380960 orderId=597d0eeb-448f-4c01-81c1-8d68cc042da3
zt-php-worker  | [perf-saga-step1] ts=1777539117.405371 orderId=1245ebbf-f0d4-4a6a-8cfc-64aee006532b traceId=exp-perf5000-000206-68d2da0e
zt-php-worker  | [perf-saga-complete] ts=1777539117.495122 orderId=3a3c48e7-0fd9-43c6-aa26-48ed5c46ffe0
zt-php-worker  | [perf-saga-step1] ts=1777539117.519716 orderId=2252058b-de18-4b52-b23e-751f419a5bef traceId=exp-perf5000-000207-83a82661
zt-php-worker  | [perf-saga-complete] ts=1777539117.607953 orderId=56ad3603-b303-4ee3-98bc-e8dfa7e8847e
zt-php-worker  | [perf-saga-step1] ts=1777539117.632521 orderId=26c88b8c-45ca-4d4f-bbd7-a579c717d08e traceId=exp-perf5000-000208-41444304
zt-php-worker  | [perf-saga-complete] ts=1777539117.721064 orderId=d2032be1-1075-41b6-a1f5-0e9e60ff41a6
zt-php-worker  | [perf-saga-step1] ts=1777539117.746535 orderId=5308b0a3-a72a-4a8d-98c0-345598f3cc7a traceId=exp-perf5000-000210-e93b6e77
zt-php-worker  | [perf-saga-complete] ts=1777539117.865165 orderId=1245ebbf-f0d4-4a6a-8cfc-64aee006532b
zt-php-worker  | [perf-saga-step1] ts=1777539117.889040 orderId=f24ab29e-697b-4998-9832-7f66f6fa6696 traceId=exp-perf5000-000209-b01c9581
zt-php-worker  | [perf-saga-complete] ts=1777539117.977949 orderId=2252058b-de18-4b52-b23e-751f419a5bef
zt-php-worker  | [perf-saga-step1] ts=1777539118.002161 orderId=24232fe0-895a-4cc1-a304-d105f1315470 traceId=exp-perf5000-000212-bb3832da
zt-php-worker  | [perf-saga-complete] ts=1777539118.138076 orderId=26c88b8c-45ca-4d4f-bbd7-a579c717d08e
zt-php-worker  | [perf-saga-step1] ts=1777539118.172400 orderId=9d8624bd-3d03-49dd-943a-3b5c2d225dc8 traceId=exp-perf5000-000211-61895ca6
zt-php-worker  | [perf-saga-complete] ts=1777539118.294921 orderId=5308b0a3-a72a-4a8d-98c0-345598f3cc7a
zt-php-worker  | [perf-saga-step1] ts=1777539118.319401 orderId=66be27aa-7a2c-4c23-ba58-63761110202c traceId=exp-perf5000-000213-8ee61b9c
zt-php-worker  | [perf-saga-complete] ts=1777539118.407420 orderId=f24ab29e-697b-4998-9832-7f66f6fa6696
zt-php-worker  | [perf-saga-step1] ts=1777539118.430063 orderId=b2ffe074-2678-4cca-ba76-aafa4d8aef90 traceId=exp-perf5000-000216-b84b9a74
zt-php-worker  | [perf-saga-complete] ts=1777539118.517080 orderId=24232fe0-895a-4cc1-a304-d105f1315470
zt-php-worker  | [perf-saga-step1] ts=1777539118.539304 orderId=bae92bf7-73c2-4232-ab7a-88130de38f06 traceId=exp-perf5000-000214-b2ed4e77
zt-php-worker  | [perf-saga-complete] ts=1777539118.634034 orderId=9d8624bd-3d03-49dd-943a-3b5c2d225dc8
zt-php-worker  | [perf-saga-step1] ts=1777539118.657983 orderId=c7064b35-4d73-422d-8ed6-679aafd40e78 traceId=exp-perf5000-000217-b4eb65f7
zt-php-worker  | [perf-saga-complete] ts=1777539118.748920 orderId=66be27aa-7a2c-4c23-ba58-63761110202c
zt-php-worker  | [perf-saga-step1] ts=1777539118.772466 orderId=aeffa172-73ee-42ad-a1be-56a2aa73d069 traceId=exp-perf5000-000215-b6f056bb
zt-php-worker  | [perf-saga-complete] ts=1777539118.868003 orderId=b2ffe074-2678-4cca-ba76-aafa4d8aef90
zt-php-worker  | [perf-saga-step1] ts=1777539118.892467 orderId=e57db038-3f5d-4fb9-a444-ecd52603c1c5 traceId=exp-perf5000-000219-52eae900
zt-php-worker  | [perf-saga-complete] ts=1777539118.986137 orderId=bae92bf7-73c2-4232-ab7a-88130de38f06
zt-php-worker  | [perf-saga-step1] ts=1777539119.015408 orderId=4626caae-9bdd-4169-9a9d-90244223b110 traceId=exp-perf5000-000218-34c8ae44
zt-php-worker  | [perf-saga-complete] ts=1777539119.112437 orderId=c7064b35-4d73-422d-8ed6-679aafd40e78
zt-php-worker  | [perf-saga-step1] ts=1777539119.137013 orderId=18f072ff-7fe8-494c-9a36-0c1ed77d6276 traceId=exp-perf5000-000221-39c85392
zt-php-worker  | [perf-saga-complete] ts=1777539119.234061 orderId=aeffa172-73ee-42ad-a1be-56a2aa73d069
zt-php-worker  | [perf-saga-step1] ts=1777539119.262371 orderId=37ddca2e-1872-41e8-8832-1da9ae8ea609 traceId=exp-perf5000-000220-01e6999a
zt-php-worker  | [perf-saga-complete] ts=1777539119.370137 orderId=e57db038-3f5d-4fb9-a444-ecd52603c1c5
zt-php-worker  | [perf-saga-step1] ts=1777539119.399750 orderId=8932c068-c977-421b-9da9-f89be5add0c5 traceId=exp-perf5000-000223-bcffcfd0
zt-php-worker  | [perf-saga-complete] ts=1777539119.505909 orderId=4626caae-9bdd-4169-9a9d-90244223b110
zt-php-worker  | [perf-saga-step1] ts=1777539119.535802 orderId=e36475bc-cd49-40a8-a64b-e4b7bac9e040 traceId=exp-perf5000-000222-16845c76
zt-php-worker  | [perf-saga-complete] ts=1777539119.630122 orderId=18f072ff-7fe8-494c-9a36-0c1ed77d6276
zt-php-worker  | [perf-saga-step1] ts=1777539119.654962 orderId=91ff05b1-10f3-4320-a6b2-23360808166b traceId=exp-perf5000-000225-8c8a25c0
zt-php-worker  | [perf-saga-complete] ts=1777539119.750937 orderId=37ddca2e-1872-41e8-8832-1da9ae8ea609
zt-php-worker  | [perf-saga-step1] ts=1777539119.776076 orderId=15affe63-ea5a-4cb7-a40d-ce99bc7f11a2 traceId=exp-perf5000-000224-359f4de0
zt-php-worker  | [perf-saga-complete] ts=1777539119.869390 orderId=8932c068-c977-421b-9da9-f89be5add0c5
zt-php-worker  | [perf-saga-step1] ts=1777539119.898098 orderId=74233c49-418d-4259-8326-e11355f72bf4 traceId=exp-perf5000-000227-d16731a9
zt-php-worker  | [perf-saga-complete] ts=1777539119.990527 orderId=e36475bc-cd49-40a8-a64b-e4b7bac9e040
zt-php-worker  | [perf-saga-step1] ts=1777539120.016319 orderId=99832ec5-e017-4918-8433-fb6076c618ee traceId=exp-perf5000-000226-af70faba
zt-php-worker  | [perf-saga-complete] ts=1777539120.151221 orderId=91ff05b1-10f3-4320-a6b2-23360808166b
zt-php-worker  | [perf-saga-step1] ts=1777539120.176526 orderId=f1327c02-cf37-4c2a-9112-95108e9fadac traceId=exp-perf5000-000229-59e4aa05
zt-php-worker  | [perf-saga-complete] ts=1777539120.273726 orderId=15affe63-ea5a-4cb7-a40d-ce99bc7f11a2
zt-php-worker  | [perf-saga-step1] ts=1777539120.298897 orderId=946e7c7b-7fe3-456d-a0e7-554d2d92ce52 traceId=exp-perf5000-000228-a6828e06
zt-php-worker  | [perf-saga-complete] ts=1777539120.393718 orderId=74233c49-418d-4259-8326-e11355f72bf4
zt-php-worker  | [perf-saga-step1] ts=1777539120.419976 orderId=a8c7642d-397e-4699-8e95-e1e0fe90aed8 traceId=exp-perf5000-000231-72175a31
zt-php-worker  | [perf-saga-complete] ts=1777539120.512917 orderId=99832ec5-e017-4918-8433-fb6076c618ee
zt-php-worker  | [perf-saga-step1] ts=1777539120.542178 orderId=8a4b6b07-d967-406b-b4f2-dc9a93cde5c8 traceId=exp-perf5000-000230-b9f65988
zt-php-worker  | [perf-saga-complete] ts=1777539120.645891 orderId=f1327c02-cf37-4c2a-9112-95108e9fadac
zt-php-worker  | [perf-saga-step1] ts=1777539120.688497 orderId=4b40d755-4730-4672-971c-3f04ef79986d traceId=exp-perf5000-000233-0563fcd8
zt-php-worker  | [perf-saga-complete] ts=1777539120.780612 orderId=946e7c7b-7fe3-456d-a0e7-554d2d92ce52
zt-php-worker  | [perf-saga-step1] ts=1777539120.805265 orderId=71b89804-c668-445f-ac7f-e928b510299e traceId=exp-perf5000-000232-42721d08
zt-php-worker  | [perf-saga-complete] ts=1777539120.894222 orderId=a8c7642d-397e-4699-8e95-e1e0fe90aed8
zt-php-worker  | [perf-saga-step1] ts=1777539120.917901 orderId=a32d36bd-75be-47a7-83ea-befd169f8d34 traceId=exp-perf5000-000235-2cf3579a
zt-php-worker  | [perf-saga-complete] ts=1777539121.006697 orderId=8a4b6b07-d967-406b-b4f2-dc9a93cde5c8
zt-php-worker  | [perf-saga-step1] ts=1777539121.031199 orderId=1adab5fa-915e-4dac-b800-d59cb0b2b91a traceId=exp-perf5000-000234-7380a934
zt-php-worker  | [perf-saga-complete] ts=1777539121.125048 orderId=4b40d755-4730-4672-971c-3f04ef79986d
zt-php-worker  | [perf-saga-step1] ts=1777539121.149236 orderId=d206b08d-02ef-4b75-af4a-5916d53989a6 traceId=exp-perf5000-000237-2643b1a6
zt-php-worker  | [perf-saga-complete] ts=1777539121.244826 orderId=71b89804-c668-445f-ac7f-e928b510299e
zt-php-worker  | [perf-saga-step1] ts=1777539121.270396 orderId=5378d9c9-c787-43af-98fb-894ec22746b3 traceId=exp-perf5000-000236-224ab5af
zt-php-worker  | [perf-saga-complete] ts=1777539121.367206 orderId=a32d36bd-75be-47a7-83ea-befd169f8d34
zt-php-worker  | [perf-saga-step1] ts=1777539121.391829 orderId=9974f44f-8678-4c8d-98f9-39db4ceb0426 traceId=exp-perf5000-000239-deb40e4c
zt-php-worker  | [perf-saga-complete] ts=1777539121.480884 orderId=1adab5fa-915e-4dac-b800-d59cb0b2b91a
zt-php-worker  | [perf-saga-step1] ts=1777539121.505821 orderId=93c8b472-61a5-4062-898c-f86a4bf0c6f6 traceId=exp-perf5000-000238-655cea5f
zt-php-worker  | [perf-saga-complete] ts=1777539121.596414 orderId=d206b08d-02ef-4b75-af4a-5916d53989a6
zt-php-worker  | [perf-saga-step1] ts=1777539121.620709 orderId=af102ee8-e2d8-45d4-a39f-c053e24fa7cc traceId=exp-perf5000-000241-e4ec6437
zt-php-worker  | [perf-saga-complete] ts=1777539121.711609 orderId=5378d9c9-c787-43af-98fb-894ec22746b3
zt-php-worker  | [perf-saga-step1] ts=1777539121.738245 orderId=1ccd2689-315e-4c8d-958e-7ee0353de69f traceId=exp-perf5000-000240-44ae746e
zt-php-worker  | [perf-saga-complete] ts=1777539121.833915 orderId=9974f44f-8678-4c8d-98f9-39db4ceb0426
zt-php-worker  | [perf-saga-step1] ts=1777539121.857688 orderId=284b4d99-19d2-45af-89b9-c42d51cd5ce6 traceId=exp-perf5000-000243-96314cda
zt-php-worker  | [perf-saga-complete] ts=1777539121.945962 orderId=93c8b472-61a5-4062-898c-f86a4bf0c6f6
zt-php-worker  | [perf-saga-step1] ts=1777539121.970294 orderId=4f5c2be9-16fe-4430-aefb-b6d8c39ac66d traceId=exp-perf5000-000242-922b0316
zt-php-worker  | [perf-saga-complete] ts=1777539122.065212 orderId=af102ee8-e2d8-45d4-a39f-c053e24fa7cc
zt-php-worker  | [perf-saga-step1] ts=1777539122.089228 orderId=9fdc70e5-5555-4fc5-a4c4-93a6064bb107 traceId=exp-perf5000-000245-639df243
zt-php-worker  | [perf-saga-complete] ts=1777539122.182268 orderId=1ccd2689-315e-4c8d-958e-7ee0353de69f
zt-php-worker  | [perf-saga-step1] ts=1777539122.208040 orderId=773ad6f1-3011-4457-8863-78fc288a0573 traceId=exp-perf5000-000244-70065528
zt-php-worker  | [perf-saga-complete] ts=1777539122.297716 orderId=284b4d99-19d2-45af-89b9-c42d51cd5ce6
zt-php-worker  | [perf-saga-step1] ts=1777539122.322744 orderId=e0ab29b9-77c4-43dd-babd-1f3cfd0a9ddd traceId=exp-perf5000-000246-1aabd6c4
zt-php-worker  | [perf-saga-complete] ts=1777539122.411220 orderId=4f5c2be9-16fe-4430-aefb-b6d8c39ac66d
zt-php-worker  | [perf-saga-step1] ts=1777539122.435327 orderId=5f437dcb-96b9-47b0-966f-a60803a33326 traceId=exp-perf5000-000247-24b16b0b
zt-php-worker  | [perf-saga-complete] ts=1777539122.522966 orderId=9fdc70e5-5555-4fc5-a4c4-93a6064bb107
zt-php-worker  | [perf-saga-step1] ts=1777539122.549116 orderId=b6dba9d0-b8b0-4068-b100-2550ee8cebfc traceId=exp-perf5000-000248-d819e370
zt-php-worker  | [perf-saga-complete] ts=1777539122.643535 orderId=773ad6f1-3011-4457-8863-78fc288a0573
zt-php-worker  | [perf-saga-step1] ts=1777539122.673239 orderId=ff971b26-1bfb-492b-8b71-d8d4e267f786 traceId=exp-perf5000-000249-caae15e8
zt-php-worker  | [perf-saga-complete] ts=1777539122.773028 orderId=e0ab29b9-77c4-43dd-babd-1f3cfd0a9ddd
zt-php-worker  | [perf-saga-step1] ts=1777539122.796985 orderId=a0e0d547-00c1-40e1-bfff-afa0da4291c9 traceId=exp-perf5000-000250-abc94948
zt-php-worker  | [perf-saga-complete] ts=1777539122.885823 orderId=5f437dcb-96b9-47b0-966f-a60803a33326
zt-php-worker  | [perf-saga-step1] ts=1777539122.909945 orderId=8709039b-235d-435d-8ff2-d016526045af traceId=exp-perf5000-000251-f2a6fdd4
zt-php-worker  | [perf-saga-complete] ts=1777539122.997727 orderId=b6dba9d0-b8b0-4068-b100-2550ee8cebfc
zt-php-worker  | [perf-saga-step1] ts=1777539123.034073 orderId=ddb24e24-f9f1-48b0-90af-ca00eec20440 traceId=exp-perf5000-000252-97b0be26
zt-php-worker  | [perf-saga-complete] ts=1777539123.126003 orderId=ff971b26-1bfb-492b-8b71-d8d4e267f786
zt-php-worker  | [perf-saga-step1] ts=1777539123.153628 orderId=75e0f484-dc51-463d-b4e8-ad06198bc481 traceId=exp-perf5000-000253-2548c7d2
zt-php-worker  | [perf-saga-complete] ts=1777539123.268060 orderId=a0e0d547-00c1-40e1-bfff-afa0da4291c9
zt-php-worker  | [perf-saga-step1] ts=1777539123.293932 orderId=5466a2ae-3833-465b-ae68-77ac391b939f traceId=exp-perf5000-000254-db35a0c5
zt-php-worker  | [perf-saga-complete] ts=1777539123.384189 orderId=8709039b-235d-435d-8ff2-d016526045af
zt-php-worker  | [perf-saga-step1] ts=1777539123.408052 orderId=0547dbd6-0d35-4546-840e-ffcc26f80152 traceId=exp-perf5000-000255-9069a201
zt-php-worker  | [perf-saga-complete] ts=1777539123.499080 orderId=ddb24e24-f9f1-48b0-90af-ca00eec20440
zt-php-worker  | [perf-saga-step1] ts=1777539123.524101 orderId=76eab906-c3b5-4c83-9b5b-d25f0b342c2b traceId=exp-perf5000-000256-c1d649d3
zt-php-worker  | [perf-saga-complete] ts=1777539123.613526 orderId=75e0f484-dc51-463d-b4e8-ad06198bc481
zt-php-worker  | [perf-saga-step1] ts=1777539123.638664 orderId=3ca9c007-5701-4fac-9678-c06014a1fee6 traceId=exp-perf5000-000257-970a2116
zt-php-worker  | [perf-saga-complete] ts=1777539123.731702 orderId=5466a2ae-3833-465b-ae68-77ac391b939f
zt-php-worker  | [perf-saga-step1] ts=1777539123.758587 orderId=67bb30b5-a90e-4c86-9e1f-caa70f592594 traceId=exp-perf5000-000258-85fd8d7c
zt-php-worker  | [perf-saga-complete] ts=1777539123.851043 orderId=0547dbd6-0d35-4546-840e-ffcc26f80152
zt-php-worker  | [perf-saga-step1] ts=1777539123.875145 orderId=abb676c8-9c2b-4cce-aad3-b1ea9f3000c1 traceId=exp-perf5000-000259-ab85b51d
zt-php-worker  | [perf-saga-complete] ts=1777539123.964824 orderId=76eab906-c3b5-4c83-9b5b-d25f0b342c2b
zt-php-worker  | [perf-saga-step1] ts=1777539123.988475 orderId=71128fad-e612-4734-b829-c4287762d326 traceId=exp-perf5000-000260-0668dfef
zt-php-worker  | [perf-saga-complete] ts=1777539124.079017 orderId=3ca9c007-5701-4fac-9678-c06014a1fee6
zt-php-worker  | [perf-saga-step1] ts=1777539124.103089 orderId=2c0c5a7f-7ab6-404f-bb89-95918aabc6d1 traceId=exp-perf5000-000261-0ef16573
zt-php-worker  | [perf-saga-complete] ts=1777539124.193759 orderId=67bb30b5-a90e-4c86-9e1f-caa70f592594
zt-php-worker  | [perf-saga-step1] ts=1777539124.219270 orderId=4c7f434e-43dd-448e-a5ce-1292fb9d46c4 traceId=exp-perf5000-000262-5d0d9963
zt-php-worker  | [perf-saga-complete] ts=1777539124.316529 orderId=abb676c8-9c2b-4cce-aad3-b1ea9f3000c1
zt-php-worker  | [perf-saga-step1] ts=1777539124.340678 orderId=02cc8546-8069-498e-8383-63072fb4ea99 traceId=exp-perf5000-000263-b4c1ecbf
zt-php-worker  | [perf-saga-complete] ts=1777539124.428802 orderId=71128fad-e612-4734-b829-c4287762d326
zt-php-worker  | [perf-saga-step1] ts=1777539124.452445 orderId=232878ba-733e-4860-bff1-60e2473c6a9b traceId=exp-perf5000-000264-86ee2d3a
zt-php-worker  | [perf-saga-complete] ts=1777539124.543908 orderId=2c0c5a7f-7ab6-404f-bb89-95918aabc6d1
zt-php-worker  | [perf-saga-step1] ts=1777539124.575296 orderId=35cec7c4-9d22-4de1-aedc-61e03920ba56 traceId=exp-perf5000-000265-99779215
zt-php-worker  | [perf-saga-complete] ts=1777539124.689599 orderId=4c7f434e-43dd-448e-a5ce-1292fb9d46c4
zt-php-worker  | [perf-saga-step1] ts=1777539124.721271 orderId=106a5d0d-8954-473b-b12d-8f1a594d4380 traceId=exp-perf5000-000266-0c93e87c
zt-php-worker  | [perf-saga-complete] ts=1777539124.837283 orderId=02cc8546-8069-498e-8383-63072fb4ea99
zt-php-worker  | [perf-saga-step1] ts=1777539124.870233 orderId=ba6dd9aa-84d9-44ca-83d7-2f80d0066c07 traceId=exp-perf5000-000267-69d47fd8
zt-php-worker  | [perf-saga-complete] ts=1777539124.971000 orderId=232878ba-733e-4860-bff1-60e2473c6a9b
zt-php-worker  | [perf-saga-step1] ts=1777539124.997784 orderId=7598fe31-7f42-46e7-b982-49e0bf1def9a traceId=exp-perf5000-000268-4e61fbed
zt-php-worker  | [perf-saga-complete] ts=1777539125.094048 orderId=35cec7c4-9d22-4de1-aedc-61e03920ba56
zt-php-worker  | [perf-saga-step1] ts=1777539125.120106 orderId=39afff34-0d55-4f9e-9a91-9d4de974c083 traceId=exp-perf5000-000269-9bde9676
zt-php-worker  | [perf-saga-complete] ts=1777539125.212684 orderId=106a5d0d-8954-473b-b12d-8f1a594d4380
zt-php-worker  | [perf-saga-step1] ts=1777539125.238027 orderId=b6dbb384-a818-4387-b653-afa84af1c926 traceId=exp-perf5000-000270-b0490d10
zt-php-worker  | [perf-saga-complete] ts=1777539125.346544 orderId=ba6dd9aa-84d9-44ca-83d7-2f80d0066c07
zt-php-worker  | [perf-saga-step1] ts=1777539125.373320 orderId=59cdabee-52c8-4e84-8b37-5ea66623d6ef traceId=exp-perf5000-000271-f2f6b150
zt-php-worker  | [perf-saga-complete] ts=1777539125.493337 orderId=7598fe31-7f42-46e7-b982-49e0bf1def9a
zt-php-worker  | [perf-saga-step1] ts=1777539125.528308 orderId=dc4a9615-6f84-4a9d-baf0-cd2c25a137f4 traceId=exp-perf5000-000273-1f12de08
zt-php-worker  | [perf-saga-complete] ts=1777539125.629557 orderId=39afff34-0d55-4f9e-9a91-9d4de974c083
zt-php-worker  | [perf-saga-step1] ts=1777539125.654581 orderId=76ad16f3-e938-4746-9166-aa5f9633cce2 traceId=exp-perf5000-000272-f2f8da07
zt-php-worker  | [perf-saga-complete] ts=1777539125.746137 orderId=b6dbb384-a818-4387-b653-afa84af1c926
zt-php-worker  | [perf-saga-step1] ts=1777539125.778651 orderId=48953fbe-281a-40f3-8d3b-5fd688318ea1 traceId=exp-perf5000-000275-b9402a6c
zt-php-worker  | [perf-saga-complete] ts=1777539125.870030 orderId=59cdabee-52c8-4e84-8b37-5ea66623d6ef
zt-php-worker  | [perf-saga-step1] ts=1777539125.894824 orderId=9d2d2458-bd22-4615-9944-a869c4691a00 traceId=exp-perf5000-000274-bde0a15f
zt-php-worker  | [perf-saga-complete] ts=1777539125.984703 orderId=dc4a9615-6f84-4a9d-baf0-cd2c25a137f4
zt-php-worker  | [perf-saga-step1] ts=1777539126.012608 orderId=170fd91a-8f6d-4a56-af72-003d4fcb6639 traceId=exp-perf5000-000276-6e81f6f7
zt-php-worker  | [perf-saga-complete] ts=1777539126.102026 orderId=76ad16f3-e938-4746-9166-aa5f9633cce2
zt-php-worker  | [perf-saga-step1] ts=1777539126.128028 orderId=95d6ba75-3398-4ac0-9fe9-953bd4639dd4 traceId=exp-perf5000-000277-4dcf83e7
zt-php-worker  | [perf-saga-complete] ts=1777539126.217950 orderId=48953fbe-281a-40f3-8d3b-5fd688318ea1
zt-php-worker  | [perf-saga-step1] ts=1777539126.241782 orderId=a736fb34-45d0-465c-8f85-54d271bdf7b0 traceId=exp-perf5000-000279-9bdf7306
zt-php-worker  | [perf-saga-complete] ts=1777539126.330751 orderId=9d2d2458-bd22-4615-9944-a869c4691a00
zt-php-worker  | [perf-saga-step1] ts=1777539126.354410 orderId=5913fe15-bccd-4430-8535-c0d229e5da1b traceId=exp-perf5000-000278-0813706b
zt-php-worker  | [perf-saga-complete] ts=1777539126.458109 orderId=170fd91a-8f6d-4a56-af72-003d4fcb6639
zt-php-worker  | [perf-saga-step1] ts=1777539126.485473 orderId=80ae3bd6-2797-423b-bab5-fb16116101f5 traceId=exp-perf5000-000280-acb2edb4
zt-php-worker  | [perf-saga-complete] ts=1777539126.575517 orderId=95d6ba75-3398-4ac0-9fe9-953bd4639dd4
zt-php-worker  | [perf-saga-step1] ts=1777539126.599429 orderId=e0efe094-2920-49c5-94b7-600256ac520d traceId=exp-perf5000-000281-8b420d39
zt-php-worker  | [perf-saga-complete] ts=1777539126.725726 orderId=a736fb34-45d0-465c-8f85-54d271bdf7b0
zt-php-worker  | [perf-saga-step1] ts=1777539126.755141 orderId=6ba90f54-0772-4a9d-9045-b1ccafd3211c traceId=exp-perf5000-000283-fe2d08b6
zt-php-worker  | [perf-saga-complete] ts=1777539126.859457 orderId=5913fe15-bccd-4430-8535-c0d229e5da1b
zt-php-worker  | [perf-saga-step1] ts=1777539126.885654 orderId=9b758d38-e93b-4037-9d79-0b3f3268b35c traceId=exp-perf5000-000282-24111f57
zt-php-worker  | [perf-saga-complete] ts=1777539126.982669 orderId=80ae3bd6-2797-423b-bab5-fb16116101f5
zt-php-worker  | [perf-saga-step1] ts=1777539127.008627 orderId=042f577f-f41e-40dc-bbb7-173af087750e traceId=exp-perf5000-000284-f3560483
zt-php-worker  | [perf-saga-complete] ts=1777539127.105944 orderId=e0efe094-2920-49c5-94b7-600256ac520d
zt-php-worker  | [perf-saga-step1] ts=1777539127.130940 orderId=2eb9383e-b946-4b6c-9b5d-74d6d56748c1 traceId=exp-perf5000-000285-033418ad
zt-php-worker  | [perf-saga-complete] ts=1777539127.223565 orderId=6ba90f54-0772-4a9d-9045-b1ccafd3211c
zt-php-worker  | [perf-saga-step1] ts=1777539127.250050 orderId=89910a98-5d4c-4186-9f98-06e8982aaf67 traceId=exp-perf5000-000286-d3c408f5
zt-php-worker  | [perf-saga-complete] ts=1777539127.342928 orderId=9b758d38-e93b-4037-9d79-0b3f3268b35c
zt-php-worker  | [perf-saga-step1] ts=1777539127.368040 orderId=928ef1fd-ba2e-4604-bae2-2ea2b495fad3 traceId=exp-perf5000-000287-14d19889
zt-php-worker  | [perf-saga-complete] ts=1777539127.458161 orderId=042f577f-f41e-40dc-bbb7-173af087750e
zt-php-worker  | [perf-saga-step1] ts=1777539127.481703 orderId=9f135c61-ee1f-46e8-8869-80ad8ac5e70c traceId=exp-perf5000-000288-23c864f3
zt-php-worker  | [perf-saga-complete] ts=1777539127.571389 orderId=2eb9383e-b946-4b6c-9b5d-74d6d56748c1
zt-php-worker  | [perf-saga-step1] ts=1777539127.595565 orderId=e0f592d3-33d6-494b-a207-ce7e69c200ec traceId=exp-perf5000-000289-071a200b
zt-php-worker  | [perf-saga-complete] ts=1777539127.688622 orderId=89910a98-5d4c-4186-9f98-06e8982aaf67
zt-php-worker  | [perf-saga-step1] ts=1777539127.712784 orderId=9cc91908-53e8-4067-b2d2-6f7af8407983 traceId=exp-perf5000-000290-931e35d2
zt-php-worker  | [perf-saga-complete] ts=1777539127.802072 orderId=928ef1fd-ba2e-4604-bae2-2ea2b495fad3
zt-php-worker  | [perf-saga-step1] ts=1777539127.826309 orderId=2b9662fa-7f08-4a1a-8e3f-bbf8898c4883 traceId=exp-perf5000-000291-50284cb1
zt-php-worker  | [perf-saga-complete] ts=1777539127.924971 orderId=9f135c61-ee1f-46e8-8869-80ad8ac5e70c
zt-php-worker  | [perf-saga-step1] ts=1777539127.949183 orderId=576cf648-fb6c-4131-b584-8ec62c56da80 traceId=exp-perf5000-000292-ab62d6d8
zt-php-worker  | [perf-saga-complete] ts=1777539128.037958 orderId=e0f592d3-33d6-494b-a207-ce7e69c200ec
zt-php-worker  | [perf-saga-step1] ts=1777539128.074066 orderId=c3371d39-ccee-4ac7-bf10-c03008cff909 traceId=exp-perf5000-000294-1b0f2e65
zt-php-worker  | [perf-saga-complete] ts=1777539128.183769 orderId=9cc91908-53e8-4067-b2d2-6f7af8407983
zt-php-worker  | [perf-saga-step1] ts=1777539128.208582 orderId=850368b3-e94e-411d-8516-c807c445791a traceId=exp-perf5000-000296-9fd6baa3
zt-php-worker  | [perf-saga-complete] ts=1777539128.322637 orderId=2b9662fa-7f08-4a1a-8e3f-bbf8898c4883
zt-php-worker  | [perf-saga-step1] ts=1777539128.347171 orderId=1c00bf06-0c25-4b45-a872-f140a18629b0 traceId=exp-perf5000-000299-62dc5456
zt-php-worker  | [perf-saga-complete] ts=1777539128.443765 orderId=576cf648-fb6c-4131-b584-8ec62c56da80
zt-php-worker  | [perf-saga-step1] ts=1777539128.468528 orderId=f3ed15a2-35a0-478f-8e49-77542882d6c9 traceId=exp-perf5000-000301-9c4f0c8c
zt-php-worker  | [perf-saga-complete] ts=1777539128.558185 orderId=c3371d39-ccee-4ac7-bf10-c03008cff909
zt-php-worker  | [perf-saga-step1] ts=1777539128.582565 orderId=a8d65819-c6ec-42c9-96ad-7ecfaf88f4fd traceId=exp-perf5000-000293-6ef3ecf4
zt-php-worker  | [perf-saga-complete] ts=1777539128.673742 orderId=850368b3-e94e-411d-8516-c807c445791a
zt-php-worker  | [perf-saga-step1] ts=1777539128.698210 orderId=0be31366-fbd5-44a0-9634-610e684934ec traceId=exp-perf5000-000295-319747be
zt-php-worker  | [perf-saga-complete] ts=1777539128.787823 orderId=1c00bf06-0c25-4b45-a872-f140a18629b0
zt-php-worker  | [perf-saga-step1] ts=1777539128.811609 orderId=5d882fe0-2370-4246-a491-9a7ba5e2d00d traceId=exp-perf5000-000297-11ccce70
zt-php-worker  | [perf-saga-complete] ts=1777539128.901935 orderId=f3ed15a2-35a0-478f-8e49-77542882d6c9
zt-php-worker  | [perf-saga-step1] ts=1777539128.928552 orderId=902e1965-d47a-4fa6-861c-17c28659c12d traceId=exp-perf5000-000298-2d0cf31d
zt-php-worker  | [perf-saga-complete] ts=1777539129.017498 orderId=a8d65819-c6ec-42c9-96ad-7ecfaf88f4fd
zt-php-worker  | [perf-saga-step1] ts=1777539129.042616 orderId=4d422be0-4e3e-4f17-b8cb-beb4f9dd0d3e traceId=exp-perf5000-000300-cc242f23
zt-php-worker  | [perf-saga-complete] ts=1777539129.137289 orderId=0be31366-fbd5-44a0-9634-610e684934ec
zt-php-worker  | [perf-saga-step1] ts=1777539129.162197 orderId=99a56d58-f7a5-42c4-99d8-f297fc18b741 traceId=exp-perf5000-000303-2979f718
zt-php-worker  | [perf-saga-complete] ts=1777539129.257337 orderId=5d882fe0-2370-4246-a491-9a7ba5e2d00d
zt-php-worker  | [perf-saga-step1] ts=1777539129.282713 orderId=b8f0e1e4-022a-47ab-b7ce-80445fa7df34 traceId=exp-perf5000-000302-70fc3cc0
zt-php-worker  | [perf-saga-complete] ts=1777539129.376937 orderId=902e1965-d47a-4fa6-861c-17c28659c12d
zt-php-worker  | [perf-saga-step1] ts=1777539129.400758 orderId=d98715d7-6aa8-4059-8851-2178611312c0 traceId=exp-perf5000-000305-f523fc71
zt-php-worker  | [perf-saga-complete] ts=1777539129.489559 orderId=4d422be0-4e3e-4f17-b8cb-beb4f9dd0d3e
zt-php-worker  | [perf-saga-step1] ts=1777539129.514003 orderId=bb63ea53-71e7-4bff-bce5-76a90997e9e9 traceId=exp-perf5000-000304-3cf15de1
zt-php-worker  | [perf-saga-complete] ts=1777539129.602558 orderId=99a56d58-f7a5-42c4-99d8-f297fc18b741
zt-php-worker  | [perf-saga-step1] ts=1777539129.627115 orderId=36615a5b-1f81-4099-948f-17b81228e39b traceId=exp-perf5000-000307-df8c1baa
zt-php-worker  | [perf-saga-complete] ts=1777539129.718432 orderId=b8f0e1e4-022a-47ab-b7ce-80445fa7df34
zt-php-worker  | [perf-saga-step1] ts=1777539129.742294 orderId=9c784d27-269b-4d83-969e-5633b210d361 traceId=exp-perf5000-000306-0b6cd743
zt-php-worker  | [perf-saga-complete] ts=1777539129.835155 orderId=d98715d7-6aa8-4059-8851-2178611312c0
zt-php-worker  | [perf-saga-step1] ts=1777539129.864701 orderId=0ef794f3-7510-43b1-8d27-0c92c410fe7b traceId=exp-perf5000-000309-e6c8621f
zt-php-worker  | [perf-saga-complete] ts=1777539129.974528 orderId=bb63ea53-71e7-4bff-bce5-76a90997e9e9
zt-php-worker  | [perf-saga-step1] ts=1777539130.002967 orderId=33444c7d-18f4-417d-87ad-4997e59233c9 traceId=exp-perf5000-000308-88d7f15d
zt-php-worker  | [perf-saga-complete] ts=1777539130.118438 orderId=36615a5b-1f81-4099-948f-17b81228e39b
zt-php-worker  | [perf-saga-step1] ts=1777539130.180627 orderId=c4edf3d5-7859-43c4-920c-76d0622700fd traceId=exp-perf5000-000311-752c8d62
zt-php-worker  | [perf-saga-complete] ts=1777539130.280186 orderId=9c784d27-269b-4d83-969e-5633b210d361
zt-php-worker  | [perf-saga-step1] ts=1777539130.304245 orderId=b31e6069-04d2-4419-8c11-b1ec9148a554 traceId=exp-perf5000-000310-a51051b1
zt-php-worker  | [perf-saga-complete] ts=1777539130.396503 orderId=0ef794f3-7510-43b1-8d27-0c92c410fe7b
zt-php-worker  | [perf-saga-step1] ts=1777539130.420320 orderId=962464d1-0539-444e-b2be-f6e38880654d traceId=exp-perf5000-000312-cc9fd5de
zt-php-worker  | [perf-saga-complete] ts=1777539130.509071 orderId=33444c7d-18f4-417d-87ad-4997e59233c9
zt-php-worker  | [perf-saga-step1] ts=1777539130.532666 orderId=f5f619fd-c4c3-44f0-af7c-b7242a61f7c9 traceId=exp-perf5000-000313-69bc2f29
zt-php-worker  | [perf-saga-complete] ts=1777539130.622674 orderId=c4edf3d5-7859-43c4-920c-76d0622700fd
zt-php-worker  | [perf-saga-step1] ts=1777539130.651141 orderId=206e95f9-6b99-4eb9-ab03-9e6ecd55bb9c traceId=exp-perf5000-000314-8bdaec62
zt-php-worker  | [perf-saga-complete] ts=1777539130.768325 orderId=b31e6069-04d2-4419-8c11-b1ec9148a554
zt-php-worker  | [perf-saga-step1] ts=1777539130.794091 orderId=5f4ef313-96e4-4df5-8774-626c6870cb77 traceId=exp-perf5000-000315-51597219
zt-php-worker  | [perf-saga-complete] ts=1777539130.885915 orderId=962464d1-0539-444e-b2be-f6e38880654d
zt-php-worker  | [perf-saga-step1] ts=1777539130.912662 orderId=a6661aaa-9972-4875-8926-42c0d0a6e78c traceId=exp-perf5000-000317-eb94f57e
zt-php-worker  | [perf-saga-complete] ts=1777539131.001273 orderId=f5f619fd-c4c3-44f0-af7c-b7242a61f7c9
zt-php-worker  | [perf-saga-step1] ts=1777539131.034611 orderId=e126f716-a944-4328-801d-cddcff477c6e traceId=exp-perf5000-000316-a88ecdb1
zt-php-worker  | [perf-saga-complete] ts=1777539131.137340 orderId=206e95f9-6b99-4eb9-ab03-9e6ecd55bb9c
zt-php-worker  | [perf-saga-step1] ts=1777539131.163349 orderId=72ac09b7-614f-4d29-b790-8c528b5081e0 traceId=exp-perf5000-000318-485db598
zt-php-worker  | [perf-saga-complete] ts=1777539131.254655 orderId=5f4ef313-96e4-4df5-8774-626c6870cb77
zt-php-worker  | [perf-saga-step1] ts=1777539131.278912 orderId=13dc1844-5f7d-4e45-bd1a-7f44e26b4d74 traceId=exp-perf5000-000319-db1b04fa
zt-php-worker  | [perf-saga-complete] ts=1777539131.370447 orderId=a6661aaa-9972-4875-8926-42c0d0a6e78c
zt-php-worker  | [perf-saga-step1] ts=1777539131.397073 orderId=9fc1ec97-eda0-4687-99aa-08797b20d094 traceId=exp-perf5000-000320-8555f392
zt-php-worker  | [perf-saga-complete] ts=1777539131.487523 orderId=e126f716-a944-4328-801d-cddcff477c6e
zt-php-worker  | [perf-saga-step1] ts=1777539131.513627 orderId=886c342f-8cb1-4fb0-a5f3-d1437d42b56b traceId=exp-perf5000-000321-13d61ba2
zt-php-worker  | [perf-saga-complete] ts=1777539131.613427 orderId=72ac09b7-614f-4d29-b790-8c528b5081e0
zt-php-worker  | [perf-saga-step1] ts=1777539131.639777 orderId=42a995dd-9a67-4c5a-858a-cc54402281b5 traceId=exp-perf5000-000322-713ab374
zt-php-worker  | [perf-saga-complete] ts=1777539131.733058 orderId=13dc1844-5f7d-4e45-bd1a-7f44e26b4d74
zt-php-worker  | [perf-saga-step1] ts=1777539131.759021 orderId=605068b5-ddf7-4e98-9e0d-413f3a1868bb traceId=exp-perf5000-000323-5d6decda
zt-php-worker  | [perf-saga-complete] ts=1777539131.849084 orderId=9fc1ec97-eda0-4687-99aa-08797b20d094
zt-php-worker  | [perf-saga-step1] ts=1777539131.873063 orderId=1bd6730a-a4c3-4659-a5de-c6241101e4da traceId=exp-perf5000-000324-9790acb3
zt-php-worker  | [perf-saga-complete] ts=1777539131.962382 orderId=886c342f-8cb1-4fb0-a5f3-d1437d42b56b
zt-php-worker  | [perf-saga-step1] ts=1777539131.986127 orderId=66837c62-1fa7-42e3-a23d-c33796e5b779 traceId=exp-perf5000-000325-823539ed
zt-php-worker  | [perf-saga-complete] ts=1777539132.076933 orderId=42a995dd-9a67-4c5a-858a-cc54402281b5
zt-php-worker  | [perf-saga-step1] ts=1777539132.102882 orderId=81b2f9fe-24e5-4246-b14a-2270e5dba6fd traceId=exp-perf5000-000326-893031c1
zt-php-worker  | [perf-saga-complete] ts=1777539132.193781 orderId=605068b5-ddf7-4e98-9e0d-413f3a1868bb
zt-php-worker  | [perf-saga-step1] ts=1777539132.219694 orderId=c44322fa-bb61-4d65-8024-73d0b9683c1f traceId=exp-perf5000-000328-c761e7e9
zt-php-worker  | [perf-saga-complete] ts=1777539132.310386 orderId=1bd6730a-a4c3-4659-a5de-c6241101e4da
zt-php-worker  | [perf-saga-step1] ts=1777539132.335013 orderId=02ceefe3-3f38-43b0-ab77-008d065bacd7 traceId=exp-perf5000-000327-4147820f
zt-php-worker  | [perf-saga-complete] ts=1777539132.424405 orderId=66837c62-1fa7-42e3-a23d-c33796e5b779
zt-php-worker  | [perf-saga-step1] ts=1777539132.448325 orderId=e38e3814-7c36-4fcb-b354-815b804798b1 traceId=exp-perf5000-000329-c13e85bc
zt-php-worker  | [perf-saga-complete] ts=1777539132.536887 orderId=81b2f9fe-24e5-4246-b14a-2270e5dba6fd
zt-php-worker  | [perf-saga-step1] ts=1777539132.560866 orderId=a2e09240-8044-4350-998a-30a577200a2f traceId=exp-perf5000-000330-465792cb
zt-php-worker  | [perf-saga-complete] ts=1777539132.665847 orderId=c44322fa-bb61-4d65-8024-73d0b9683c1f
zt-php-worker  | [perf-saga-step1] ts=1777539132.693337 orderId=41896359-57e7-4e6d-8a45-89c36fc503d1 traceId=exp-perf5000-000331-00707ef9
zt-php-worker  | [perf-saga-complete] ts=1777539132.782796 orderId=02ceefe3-3f38-43b0-ab77-008d065bacd7
zt-php-worker  | [perf-saga-step1] ts=1777539132.808293 orderId=6cd42c45-35d7-490b-a96d-ded8a0512129 traceId=exp-perf5000-000333-41a1b2d8
zt-php-worker  | [perf-saga-complete] ts=1777539132.898535 orderId=e38e3814-7c36-4fcb-b354-815b804798b1
zt-php-worker  | [perf-saga-step1] ts=1777539132.922357 orderId=847e197e-07d5-48c4-80bc-0b0cf5927be3 traceId=exp-perf5000-000332-22a65216
zt-php-worker  | [perf-saga-complete] ts=1777539133.011336 orderId=a2e09240-8044-4350-998a-30a577200a2f
zt-php-worker  | [perf-saga-step1] ts=1777539133.054845 orderId=126f14ed-1bc5-4aa7-8f5e-cd8faee382a3 traceId=exp-perf5000-000335-6145b81f
zt-php-worker  | [perf-saga-complete] ts=1777539133.153687 orderId=41896359-57e7-4e6d-8a45-89c36fc503d1
zt-php-worker  | [perf-saga-step1] ts=1777539133.178117 orderId=a1b71d16-6554-4111-876a-c09d27372317 traceId=exp-perf5000-000334-b2837588
zt-php-worker  | [perf-saga-complete] ts=1777539133.287682 orderId=6cd42c45-35d7-490b-a96d-ded8a0512129
zt-php-worker  | [perf-saga-step1] ts=1777539133.321370 orderId=b3d65108-634e-4774-9f1c-6b0836135847 traceId=exp-perf5000-000337-233ae172
zt-php-worker  | [perf-saga-complete] ts=1777539133.443050 orderId=847e197e-07d5-48c4-80bc-0b0cf5927be3
zt-php-worker  | [perf-saga-step1] ts=1777539133.468225 orderId=d7b9bf1b-4b13-4bee-8232-9d992d8d33a8 traceId=exp-perf5000-000336-99f0dcc2
zt-php-worker  | [perf-saga-complete] ts=1777539133.557169 orderId=126f14ed-1bc5-4aa7-8f5e-cd8faee382a3
zt-php-worker  | [perf-saga-step1] ts=1777539133.583662 orderId=95fefcdc-fa03-4ee5-89ba-bbe20a4f24d3 traceId=exp-perf5000-000339-489d088b
zt-php-worker  | [perf-saga-complete] ts=1777539133.674253 orderId=a1b71d16-6554-4111-876a-c09d27372317
zt-php-worker  | [perf-saga-step1] ts=1777539133.698878 orderId=6da7e42b-1e33-4719-b108-ccdee93565ab traceId=exp-perf5000-000338-925f843e
zt-php-worker  | [perf-saga-complete] ts=1777539133.795000 orderId=b3d65108-634e-4774-9f1c-6b0836135847
zt-php-worker  | [perf-saga-step1] ts=1777539133.820215 orderId=26ae2692-c59b-4cba-9490-ae94e600d9f3 traceId=exp-perf5000-000341-9bf9aeb6
zt-php-worker  | [perf-saga-complete] ts=1777539133.911594 orderId=d7b9bf1b-4b13-4bee-8232-9d992d8d33a8
zt-php-worker  | [perf-saga-step1] ts=1777539133.935450 orderId=8274963f-f583-4f16-87db-33482d32a824 traceId=exp-perf5000-000340-ab25e489
zt-php-worker  | [perf-saga-complete] ts=1777539134.028266 orderId=95fefcdc-fa03-4ee5-89ba-bbe20a4f24d3
zt-php-worker  | [perf-saga-step1] ts=1777539134.052583 orderId=204f544b-6534-4564-a88c-700846b1293a traceId=exp-perf5000-000343-579b016e
zt-php-worker  | [perf-saga-complete] ts=1777539134.149467 orderId=6da7e42b-1e33-4719-b108-ccdee93565ab
zt-php-worker  | [perf-saga-step1] ts=1777539134.173770 orderId=e0d9d5c7-63aa-4b15-af25-4774b5d543b8 traceId=exp-perf5000-000342-34ea7a64
zt-php-worker  | [perf-saga-complete] ts=1777539134.267675 orderId=26ae2692-c59b-4cba-9490-ae94e600d9f3
zt-php-worker  | [perf-saga-step1] ts=1777539134.300401 orderId=ffd9604f-94f4-4e65-ad19-04117f44bc9f traceId=exp-perf5000-000345-1f5d758f
zt-php-worker  | [perf-saga-complete] ts=1777539134.403158 orderId=8274963f-f583-4f16-87db-33482d32a824
zt-php-worker  | [perf-saga-step1] ts=1777539134.426994 orderId=1e6db457-d497-40c1-903b-b1ba8a830011 traceId=exp-perf5000-000344-c90a952e
zt-php-worker  | [perf-saga-complete] ts=1777539134.516819 orderId=204f544b-6534-4564-a88c-700846b1293a
zt-php-worker  | [perf-saga-step1] ts=1777539134.540998 orderId=e2f5a0ea-be21-4b2b-a763-df7535649abb traceId=exp-perf5000-000347-65c1b488
zt-php-worker  | [perf-saga-complete] ts=1777539134.630182 orderId=e0d9d5c7-63aa-4b15-af25-4774b5d543b8
zt-php-worker  | [perf-saga-step1] ts=1777539134.655237 orderId=33b29720-22ff-4eab-b9ac-7e00a6e89868 traceId=exp-perf5000-000346-fd869654
zt-php-worker  | [perf-saga-complete] ts=1777539134.744834 orderId=ffd9604f-94f4-4e65-ad19-04117f44bc9f
zt-php-worker  | [perf-saga-step1] ts=1777539134.769598 orderId=a2542600-6ac4-4347-ba5b-0228dd38db4b traceId=exp-perf5000-000349-5e2b81f6
zt-php-worker  | [perf-saga-complete] ts=1777539134.857537 orderId=1e6db457-d497-40c1-903b-b1ba8a830011
zt-php-worker  | [perf-saga-step1] ts=1777539134.882778 orderId=9aab7f9d-def2-4cec-be98-a341a447247d traceId=exp-perf5000-000348-7dd72504
zt-php-worker  | [perf-saga-complete] ts=1777539134.971926 orderId=e2f5a0ea-be21-4b2b-a763-df7535649abb
zt-php-worker  | [perf-saga-step1] ts=1777539134.996093 orderId=c26e3f7a-a7fb-4274-8ad4-13c39bb25c65 traceId=exp-perf5000-000351-2594d000
zt-php-worker  | [perf-saga-complete] ts=1777539135.090232 orderId=33b29720-22ff-4eab-b9ac-7e00a6e89868
zt-php-worker  | [perf-saga-step1] ts=1777539135.117172 orderId=ad7a6b77-6939-4b31-a026-0833671db3fe traceId=exp-perf5000-000350-08be59a6
zt-php-worker  | [perf-saga-complete] ts=1777539135.209285 orderId=a2542600-6ac4-4347-ba5b-0228dd38db4b
zt-php-worker  | [perf-saga-step1] ts=1777539135.236079 orderId=b01b6491-568c-4b0a-9a36-27e9866922a5 traceId=exp-perf5000-000353-bb3cae28
zt-php-worker  | [perf-saga-complete] ts=1777539135.339577 orderId=9aab7f9d-def2-4cec-be98-a341a447247d
zt-php-worker  | [perf-saga-step1] ts=1777539135.381974 orderId=6b127e99-14c4-4d26-ba61-0d9358baa3e4 traceId=exp-perf5000-000352-beaf41e5
zt-php-worker  | [perf-saga-complete] ts=1777539135.524765 orderId=c26e3f7a-a7fb-4274-8ad4-13c39bb25c65
zt-php-worker  | [perf-saga-step1] ts=1777539135.568233 orderId=bfe4950b-4834-4248-a39a-a1ef5d464bc6 traceId=exp-perf5000-000355-91d57d7e
zt-php-worker  | [perf-saga-complete] ts=1777539135.725185 orderId=ad7a6b77-6939-4b31-a026-0833671db3fe
zt-php-worker  | [perf-saga-step1] ts=1777539135.751783 orderId=8fd00b6e-a41e-4da3-b52b-e63e80ff226a traceId=exp-perf5000-000354-f77677b7
zt-php-worker  | [perf-saga-complete] ts=1777539135.840917 orderId=b01b6491-568c-4b0a-9a36-27e9866922a5
zt-php-worker  | [perf-saga-step1] ts=1777539135.865113 orderId=18f3d75e-a4c2-4e82-84e4-30264d18350a traceId=exp-perf5000-000357-87f1cb1d
zt-php-worker  | [perf-saga-complete] ts=1777539135.955268 orderId=6b127e99-14c4-4d26-ba61-0d9358baa3e4
zt-php-worker  | [perf-saga-step1] ts=1777539135.983138 orderId=4a0cfd71-4453-46c4-b4f9-6036972bd84d traceId=exp-perf5000-000356-b9b2c211
zt-php-worker  | [perf-saga-complete] ts=1777539136.080332 orderId=bfe4950b-4834-4248-a39a-a1ef5d464bc6
zt-php-worker  | [perf-saga-step1] ts=1777539136.104680 orderId=a45bfacf-ecd3-41c5-a983-917f3fa13800 traceId=exp-perf5000-000359-bb124098
zt-php-worker  | [perf-saga-complete] ts=1777539136.199248 orderId=8fd00b6e-a41e-4da3-b52b-e63e80ff226a
zt-php-worker  | [perf-saga-step1] ts=1777539136.226430 orderId=303ad690-d515-42d6-99d6-7593c69f0010 traceId=exp-perf5000-000361-b2fe2551
zt-php-worker  | [perf-saga-complete] ts=1777539136.316529 orderId=18f3d75e-a4c2-4e82-84e4-30264d18350a
zt-php-worker  | [perf-saga-step1] ts=1777539136.340460 orderId=de57e687-1eab-495e-8945-48c4eeb5934f traceId=exp-perf5000-000358-9b1fe730
zt-php-worker  | [perf-saga-complete] ts=1777539136.431641 orderId=4a0cfd71-4453-46c4-b4f9-6036972bd84d
zt-php-worker  | [perf-saga-step1] ts=1777539136.455601 orderId=d52cd993-eccb-439a-886f-a8c4563f6afa traceId=exp-perf5000-000363-110da033
zt-php-worker  | [perf-saga-complete] ts=1777539136.545365 orderId=a45bfacf-ecd3-41c5-a983-917f3fa13800
zt-php-worker  | [perf-saga-step1] ts=1777539136.569024 orderId=3f5ed668-5e90-4829-af5f-3b4ea0f30154 traceId=exp-perf5000-000365-65e56c4a
zt-php-worker  | [perf-saga-complete] ts=1777539136.660947 orderId=303ad690-d515-42d6-99d6-7593c69f0010
zt-php-worker  | [perf-saga-step1] ts=1777539136.686949 orderId=14d64cf0-c7f6-4d2c-8587-90cb50aac644 traceId=exp-perf5000-000360-8e977bef
zt-php-worker  | [perf-saga-complete] ts=1777539136.783709 orderId=de57e687-1eab-495e-8945-48c4eeb5934f
zt-php-worker  | [perf-saga-step1] ts=1777539136.810996 orderId=388de16a-0106-4e85-8e9b-dbccaeca5c4a traceId=exp-perf5000-000367-0c7f3531
zt-php-worker  | [perf-saga-complete] ts=1777539136.903467 orderId=d52cd993-eccb-439a-886f-a8c4563f6afa
zt-php-worker  | [perf-saga-step1] ts=1777539136.929253 orderId=ae59ce0b-c48e-4e30-b825-7e534cbcf87c traceId=exp-perf5000-000362-75d1817e
zt-php-worker  | [perf-saga-complete] ts=1777539137.020147 orderId=3f5ed668-5e90-4829-af5f-3b4ea0f30154
zt-php-worker  | [perf-saga-step1] ts=1777539137.046500 orderId=2122bb32-29aa-44ac-a4e6-88983caa07bd traceId=exp-perf5000-000369-724e4036
zt-php-worker  | [perf-saga-complete] ts=1777539137.137920 orderId=14d64cf0-c7f6-4d2c-8587-90cb50aac644
zt-php-worker  | [perf-saga-step1] ts=1777539137.181442 orderId=f5061dbc-f984-499d-b9cd-6457dbfa2537 traceId=exp-perf5000-000364-096ba2a2
zt-php-worker  | [perf-saga-complete] ts=1777539137.283619 orderId=388de16a-0106-4e85-8e9b-dbccaeca5c4a
zt-php-worker  | [perf-saga-step1] ts=1777539137.320049 orderId=74480b07-85ce-4c9f-a65d-fe329547ec39 traceId=exp-perf5000-000371-23c24f41
zt-php-worker  | [perf-saga-complete] ts=1777539137.461659 orderId=ae59ce0b-c48e-4e30-b825-7e534cbcf87c
zt-php-worker  | [perf-saga-step1] ts=1777539137.486819 orderId=560412c0-8254-4a6e-afce-499ff5c288b8 traceId=exp-perf5000-000366-9a5005b8
zt-php-worker  | [perf-saga-complete] ts=1777539137.597908 orderId=2122bb32-29aa-44ac-a4e6-88983caa07bd
zt-php-worker  | [perf-saga-step1] ts=1777539137.624176 orderId=6e7c42a3-3edb-441c-a613-3ec1b264b887 traceId=exp-perf5000-000373-a9cce22d
zt-php-worker  | [perf-saga-complete] ts=1777539137.716369 orderId=f5061dbc-f984-499d-b9cd-6457dbfa2537
zt-php-worker  | [perf-saga-step1] ts=1777539137.740479 orderId=f28f7eab-d490-42e0-9f89-2e10036a0072 traceId=exp-perf5000-000368-54c494b3
zt-php-worker  | [perf-saga-complete] ts=1777539137.829229 orderId=74480b07-85ce-4c9f-a65d-fe329547ec39
zt-php-worker  | [perf-saga-step1] ts=1777539137.854923 orderId=017ebadf-b103-4166-b0f3-a8ac4bf2543b traceId=exp-perf5000-000375-2c4031e6
zt-php-worker  | [perf-saga-complete] ts=1777539137.944284 orderId=560412c0-8254-4a6e-afce-499ff5c288b8
zt-php-worker  | [perf-saga-step1] ts=1777539137.967706 orderId=9e0ea657-608b-4ead-9e93-ae02f8cbb153 traceId=exp-perf5000-000370-5793fcef
zt-php-worker  | [perf-saga-complete] ts=1777539138.067370 orderId=6e7c42a3-3edb-441c-a613-3ec1b264b887
zt-php-worker  | [perf-saga-step1] ts=1777539138.116982 orderId=516567b9-beff-4b93-ae88-02dbad8e183b traceId=exp-perf5000-000377-aa729a3f
zt-php-worker  | [perf-saga-complete] ts=1777539138.216153 orderId=f28f7eab-d490-42e0-9f89-2e10036a0072
zt-php-worker  | [perf-saga-step1] ts=1777539138.240603 orderId=c9de3715-a1fe-442d-aae2-392e9cf19863 traceId=exp-perf5000-000372-4bc7fb77
zt-php-worker  | [perf-saga-complete] ts=1777539138.330327 orderId=017ebadf-b103-4166-b0f3-a8ac4bf2543b
zt-php-worker  | [perf-saga-step1] ts=1777539138.354764 orderId=726944b1-8c38-4c99-8d3e-75a3dddc5bb2 traceId=exp-perf5000-000379-b5ace444
zt-php-worker  | [perf-saga-complete] ts=1777539138.479750 orderId=9e0ea657-608b-4ead-9e93-ae02f8cbb153
zt-php-worker  | [perf-saga-step1] ts=1777539138.504442 orderId=c6190d04-cf29-426e-b84c-4e60ada048a8 traceId=exp-perf5000-000374-55f89545
zt-php-worker  | [perf-saga-complete] ts=1777539138.593636 orderId=516567b9-beff-4b93-ae88-02dbad8e183b
zt-php-worker  | [perf-saga-step1] ts=1777539138.618412 orderId=05671479-96d6-4b3e-9198-0a9f5363a9fc traceId=exp-perf5000-000381-5185f229
zt-php-worker  | [perf-saga-complete] ts=1777539138.711452 orderId=c9de3715-a1fe-442d-aae2-392e9cf19863
zt-php-worker  | [perf-saga-step1] ts=1777539138.735902 orderId=26f71a73-1a77-44d1-8605-7658ad91a82a traceId=exp-perf5000-000376-e3c80f48
zt-php-worker  | [perf-saga-complete] ts=1777539138.824456 orderId=726944b1-8c38-4c99-8d3e-75a3dddc5bb2
zt-php-worker  | [perf-saga-step1] ts=1777539138.850475 orderId=adfe8288-7653-44b2-9d8b-1dd6448d1384 traceId=exp-perf5000-000383-8ba7ea63
zt-php-worker  | [perf-saga-complete] ts=1777539138.947195 orderId=c6190d04-cf29-426e-b84c-4e60ada048a8
zt-php-worker  | [perf-saga-step1] ts=1777539138.974009 orderId=25d64659-465a-4516-a60c-8da62e6f8a9f traceId=exp-perf5000-000378-fabc74a6
zt-php-worker  | [perf-saga-complete] ts=1777539139.064099 orderId=05671479-96d6-4b3e-9198-0a9f5363a9fc
zt-php-worker  | [perf-saga-step1] ts=1777539139.088150 orderId=43b5b41d-2fe8-4b89-b89e-01f9a79b1dfc traceId=exp-perf5000-000385-3f592dbd
zt-php-worker  | [perf-saga-complete] ts=1777539139.185553 orderId=26f71a73-1a77-44d1-8605-7658ad91a82a
zt-php-worker  | [perf-saga-step1] ts=1777539139.215283 orderId=7ae564c0-0e32-49ee-98ae-995e7c69fad5 traceId=exp-perf5000-000387-de7dc2d9
zt-php-worker  | [perf-saga-complete] ts=1777539139.326014 orderId=adfe8288-7653-44b2-9d8b-1dd6448d1384
zt-php-worker  | [perf-saga-step1] ts=1777539139.352689 orderId=57a79d90-9c5d-4b91-a94b-c8164752a328 traceId=exp-perf5000-000389-a0d833e4
zt-php-worker  | [perf-saga-complete] ts=1777539139.443917 orderId=25d64659-465a-4516-a60c-8da62e6f8a9f
zt-php-worker  | [perf-saga-step1] ts=1777539139.469397 orderId=e1a20dc5-2ed7-404a-9278-7711a4706937 traceId=exp-perf5000-000380-ac9d287f
zt-php-worker  | [perf-saga-complete] ts=1777539139.560307 orderId=43b5b41d-2fe8-4b89-b89e-01f9a79b1dfc
zt-php-worker  | [perf-saga-step1] ts=1777539139.586533 orderId=67f6ccab-8f58-4c73-a842-09d9089d053e traceId=exp-perf5000-000382-a1235704
zt-php-worker  | [perf-saga-complete] ts=1777539139.680236 orderId=7ae564c0-0e32-49ee-98ae-995e7c69fad5
zt-php-worker  | [perf-saga-step1] ts=1777539139.705044 orderId=1e6414be-4316-48a7-b9cc-c767baade3be traceId=exp-perf5000-000384-c7146b08
zt-php-worker  | [perf-saga-complete] ts=1777539139.794732 orderId=57a79d90-9c5d-4b91-a94b-c8164752a328
zt-php-worker  | [perf-saga-step1] ts=1777539139.819642 orderId=39e096b0-6335-4e41-9a22-46a1b5800b66 traceId=exp-perf5000-000391-3c8eb06a
zt-php-worker  | [perf-saga-complete] ts=1777539139.909011 orderId=e1a20dc5-2ed7-404a-9278-7711a4706937
zt-php-worker  | [perf-saga-step1] ts=1777539139.933532 orderId=a1402419-9946-4abd-a793-df2de0c30188 traceId=exp-perf5000-000393-e71e1720
zt-php-worker  | [perf-saga-complete] ts=1777539140.023209 orderId=67f6ccab-8f58-4c73-a842-09d9089d053e
zt-php-worker  | [perf-saga-step1] ts=1777539140.047755 orderId=f2d43c7e-cab2-4f7a-a8e1-c16cd111a670 traceId=exp-perf5000-000386-90438d61
zt-php-worker  | [perf-saga-complete] ts=1777539140.152452 orderId=1e6414be-4316-48a7-b9cc-c767baade3be
zt-php-worker  | [perf-saga-step1] ts=1777539140.186718 orderId=69fa6d7f-2ff4-4086-8c8b-c9b8a89c17d9 traceId=exp-perf5000-000395-510f6d86
zt-php-worker  | [perf-saga-complete] ts=1777539140.279055 orderId=39e096b0-6335-4e41-9a22-46a1b5800b66
zt-php-worker  | [perf-saga-step1] ts=1777539140.303244 orderId=6b4ddd3b-31ec-4842-9b5d-8cb82e39e3d3 traceId=exp-perf5000-000388-5b4ac798
zt-php-worker  | [perf-saga-complete] ts=1777539140.392712 orderId=a1402419-9946-4abd-a793-df2de0c30188
zt-php-worker  | [perf-saga-step1] ts=1777539140.416761 orderId=1a92bcfa-1077-4a21-ba63-bc2200287800 traceId=exp-perf5000-000397-e7d8d107
zt-php-worker  | [perf-saga-complete] ts=1777539140.505205 orderId=f2d43c7e-cab2-4f7a-a8e1-c16cd111a670
zt-php-worker  | [perf-saga-step1] ts=1777539140.528950 orderId=61858dec-cb5c-4561-a0d0-75f1b0916a95 traceId=exp-perf5000-000390-8cae1814
zt-php-worker  | [perf-saga-complete] ts=1777539140.616231 orderId=69fa6d7f-2ff4-4086-8c8b-c9b8a89c17d9
zt-php-worker  | [perf-saga-step1] ts=1777539140.640339 orderId=d5c9ccaf-97c2-4899-b1f6-20423ca81f9c traceId=exp-perf5000-000399-99d334c9
zt-php-worker  | [perf-saga-complete] ts=1777539140.785904 orderId=6b4ddd3b-31ec-4842-9b5d-8cb82e39e3d3
zt-php-worker  | [perf-saga-step1] ts=1777539140.817522 orderId=7eaaa34f-f87d-4f4c-aa3b-a42e25c29672 traceId=exp-perf5000-000392-c5b3c53f
zt-php-worker  | [perf-saga-complete] ts=1777539140.925752 orderId=1a92bcfa-1077-4a21-ba63-bc2200287800
zt-php-worker  | [perf-saga-step1] ts=1777539140.954875 orderId=a24ec252-c352-4b0f-8d52-96e06627b354 traceId=exp-perf5000-000401-55e87e06
zt-php-worker  | [perf-saga-complete] ts=1777539141.058875 orderId=61858dec-cb5c-4561-a0d0-75f1b0916a95
zt-php-worker  | [perf-saga-step1] ts=1777539141.085436 orderId=588a5a45-82e7-4b0c-8188-b14c591d99af traceId=exp-perf5000-000394-fdb803ea
zt-php-worker  | [perf-saga-complete] ts=1777539141.178069 orderId=d5c9ccaf-97c2-4899-b1f6-20423ca81f9c
zt-php-worker  | [perf-saga-step1] ts=1777539141.202305 orderId=9a44f478-e51e-45d0-8d1b-742cc87a6286 traceId=exp-perf5000-000403-62c772f1
zt-php-worker  | [perf-saga-complete] ts=1777539141.294616 orderId=7eaaa34f-f87d-4f4c-aa3b-a42e25c29672
zt-php-worker  | [perf-saga-step1] ts=1777539141.319267 orderId=50208b81-ef6d-4876-bb8b-aa33e504f3d3 traceId=exp-perf5000-000396-b1385c3c
zt-php-worker  | [perf-saga-complete] ts=1777539141.407956 orderId=a24ec252-c352-4b0f-8d52-96e06627b354
zt-php-worker  | [perf-saga-step1] ts=1777539141.578475 orderId=95a4014a-20b8-4df6-bfa1-8cf9c0927e60 traceId=exp-perf5000-000405-1144afa0
zt-php-worker  | [perf-saga-complete] ts=1777539141.726157 orderId=588a5a45-82e7-4b0c-8188-b14c591d99af
zt-php-worker  | [perf-saga-step1] ts=1777539142.148323 orderId=288a5b14-13c2-40fe-ad44-0c0a68d21a15 traceId=exp-perf5000-000398-6ba6f0e3
zt-php-worker  | [perf-saga-complete] ts=1777539142.373131 orderId=9a44f478-e51e-45d0-8d1b-742cc87a6286
zt-php-worker  | [perf-saga-step1] ts=1777539142.398742 orderId=9e66c49f-ff7a-424c-84fd-6168f8673764 traceId=exp-perf5000-000407-55ae7894
zt-php-worker  | [perf-saga-complete] ts=1777539142.493001 orderId=50208b81-ef6d-4876-bb8b-aa33e504f3d3
zt-php-worker  | [perf-saga-step1] ts=1777539142.517509 orderId=1f714eb7-9d05-4a30-ad6a-e6c8b86621ca traceId=exp-perf5000-000400-d6f7e2ac
zt-php-worker  | [perf-saga-complete] ts=1777539142.606350 orderId=95a4014a-20b8-4df6-bfa1-8cf9c0927e60
zt-php-worker  | [perf-saga-step1] ts=1777539142.631420 orderId=6f52fda7-57a4-4e7b-97a0-397954c1c2d6 traceId=exp-perf5000-000409-221f2033
zt-php-worker  | [perf-saga-complete] ts=1777539142.747574 orderId=288a5b14-13c2-40fe-ad44-0c0a68d21a15
zt-php-worker  | [perf-saga-step1] ts=1777539142.771315 orderId=3c8bc707-d15e-4fa6-b4fe-2ff93875db85 traceId=exp-perf5000-000402-cf068aa0
zt-php-worker  | [perf-saga-complete] ts=1777539142.860233 orderId=9e66c49f-ff7a-424c-84fd-6168f8673764
zt-php-worker  | [perf-saga-step1] ts=1777539142.884913 orderId=15404e32-dba5-4b74-81be-d37dfa8e1e02 traceId=exp-perf5000-000411-95def20b
zt-php-worker  | [perf-saga-complete] ts=1777539142.973546 orderId=1f714eb7-9d05-4a30-ad6a-e6c8b86621ca
zt-php-worker  | [perf-saga-step1] ts=1777539142.997843 orderId=267845d1-cff3-4a8f-ba99-9884079b8197 traceId=exp-perf5000-000404-452a9415
zt-php-worker  | [perf-saga-complete] ts=1777539143.088790 orderId=6f52fda7-57a4-4e7b-97a0-397954c1c2d6
zt-php-worker  | [perf-saga-step1] ts=1777539143.119668 orderId=d52e7b49-73eb-48e7-b03c-1a81f3537aa2 traceId=exp-perf5000-000413-c9a71ec3
zt-php-worker  | [perf-saga-complete] ts=1777539143.220407 orderId=3c8bc707-d15e-4fa6-b4fe-2ff93875db85
zt-php-worker  | [perf-saga-step1] ts=1777539143.245170 orderId=3a9c480a-2384-4576-92c8-b413f0916faa traceId=exp-perf5000-000406-fd783734
zt-php-worker  | [perf-saga-complete] ts=1777539143.333659 orderId=15404e32-dba5-4b74-81be-d37dfa8e1e02
zt-php-worker  | [perf-saga-step1] ts=1777539143.359266 orderId=402357d0-41f2-482f-a546-20dff016fb20 traceId=exp-perf5000-000415-7fc1f1e7
zt-php-worker  | [perf-saga-complete] ts=1777539143.487082 orderId=267845d1-cff3-4a8f-ba99-9884079b8197
zt-php-worker  | [perf-saga-step1] ts=1777539143.515919 orderId=42ea93c8-bc57-4fc6-a2e7-8f6e2b6e9956 traceId=exp-perf5000-000408-555a85b7
zt-php-worker  | [perf-saga-complete] ts=1777539143.605494 orderId=d52e7b49-73eb-48e7-b03c-1a81f3537aa2
zt-php-worker  | [perf-saga-step1] ts=1777539143.632586 orderId=c26002e0-465a-41a8-a3ea-f8a9ec8d9da1 traceId=exp-perf5000-000410-b7e24d0c
zt-php-worker  | [perf-saga-complete] ts=1777539143.722179 orderId=3a9c480a-2384-4576-92c8-b413f0916faa
zt-php-worker  | [perf-saga-step1] ts=1777539143.745627 orderId=b0612853-5377-4d06-b557-9611c5447c0b traceId=exp-perf5000-000412-f29acbb3
zt-php-worker  | [perf-saga-complete] ts=1777539143.840987 orderId=402357d0-41f2-482f-a546-20dff016fb20
zt-php-worker  | [perf-saga-step1] ts=1777539143.865362 orderId=bf9dfc09-fb65-4a4c-a8e4-875f438e587d traceId=exp-perf5000-000417-d1ca02ec
zt-php-worker  | [perf-saga-complete] ts=1777539143.954781 orderId=42ea93c8-bc57-4fc6-a2e7-8f6e2b6e9956
zt-php-worker  | [perf-saga-step1] ts=1777539143.978673 orderId=65ce8f57-0ea8-407f-9dda-f2ee1f0f12a7 traceId=exp-perf5000-000414-3a4eaa75
zt-php-worker  | [perf-saga-complete] ts=1777539144.044932 orderId=c26002e0-465a-41a8-a3ea-f8a9ec8d9da1
zt-php-worker  | [perf-saga-step1] ts=1777539144.063294 orderId=674bd7e2-d1ee-4944-821c-4a74753020b4 traceId=exp-perf5000-000419-b457a9ef
zt-gateway  | [perf-request-in] ts_in=1777539091.324154 ts_out=1777539091.344946 gw_proc_ms=20.792 traceId=exp-perf5000-000000-a06d4751
zt-gateway  | [perf-request-in] ts_in=1777539091.327347 ts_out=1777539091.344946 gw_proc_ms=17.599 traceId=exp-perf5000-000014-8179df75
zt-gateway  | [perf-request-in] ts_in=1777539091.345121 ts_out=1777539091.346046 gw_proc_ms=0.925 traceId=exp-perf5000-000012-1136ba88
zt-gateway  | [perf-request-in] ts_in=1777539091.345146 ts_out=1777539091.346046 gw_proc_ms=0.900 traceId=exp-perf5000-000006-eb3dab0f
zt-gateway  | [perf-request-in] ts_in=1777539091.346099 ts_out=1777539091.346848 gw_proc_ms=0.749 traceId=exp-perf5000-000008-17941c39
zt-gateway  | [perf-request-in] ts_in=1777539091.346100 ts_out=1777539091.346878 gw_proc_ms=0.778 traceId=exp-perf5000-000007-b7fb027f
zt-gateway  | [perf-request-in] ts_in=1777539091.346896 ts_out=1777539091.347620 gw_proc_ms=0.724 traceId=exp-perf5000-000030-a72b2584
zt-gateway  | [perf-request-in] ts_in=1777539091.346921 ts_out=1777539091.347671 gw_proc_ms=0.750 traceId=exp-perf5000-000010-cda2e536
zt-gateway  | [perf-request-in] ts_in=1777539091.347662 ts_out=1777539091.348314 gw_proc_ms=0.652 traceId=exp-perf5000-000023-5a9f1470
zt-gateway  | [perf-request-in] ts_in=1777539091.347702 ts_out=1777539091.348416 gw_proc_ms=0.714 traceId=exp-perf5000-000009-3821712a
zt-gateway  | [perf-request-in] ts_in=1777539091.348349 ts_out=1777539091.349050 gw_proc_ms=0.701 traceId=exp-perf5000-000034-7faea44c
zt-gateway  | [perf-request-in] ts_in=1777539091.348451 ts_out=1777539091.349178 gw_proc_ms=0.727 traceId=exp-perf5000-000024-fb6a35c8
zt-gateway  | [perf-request-in] ts_in=1777539091.349084 ts_out=1777539091.349714 gw_proc_ms=0.630 traceId=exp-perf5000-000029-9ef47a53
zt-gateway  | [perf-request-in] ts_in=1777539091.349218 ts_out=1777539091.349867 gw_proc_ms=0.649 traceId=exp-perf5000-000005-235d05e4
zt-gateway  | [perf-request-in] ts_in=1777539091.349748 ts_out=1777539091.350387 gw_proc_ms=0.639 traceId=exp-perf5000-000033-02b64d3c
zt-gateway  | [perf-request-in] ts_in=1777539091.349901 ts_out=1777539091.350559 gw_proc_ms=0.658 traceId=exp-perf5000-000042-d6797b92
zt-gateway  | [perf-request-in] ts_in=1777539091.350422 ts_out=1777539091.351045 gw_proc_ms=0.623 traceId=exp-perf5000-000004-2db9cabb
zt-gateway  | [perf-request-in] ts_in=1777539091.350656 ts_out=1777539091.351380 gw_proc_ms=0.724 traceId=exp-perf5000-000013-12191263
zt-gateway  | [perf-request-in] ts_in=1777539091.351070 ts_out=1777539091.351713 gw_proc_ms=0.643 traceId=exp-perf5000-000022-a1dbe3b1
zt-gateway  | [perf-request-in] ts_in=1777539091.351431 ts_out=1777539091.352114 gw_proc_ms=0.683 traceId=exp-perf5000-000019-6213e0b1
zt-gateway  | [perf-request-in] ts_in=1777539091.351747 ts_out=1777539091.352382 gw_proc_ms=0.635 traceId=exp-perf5000-000011-e8b365d3
zt-gateway  | [perf-request-in] ts_in=1777539091.352162 ts_out=1777539091.352871 gw_proc_ms=0.709 traceId=exp-perf5000-000018-4db4f1ca
zt-gateway  | [perf-request-in] ts_in=1777539091.352411 ts_out=1777539091.353062 gw_proc_ms=0.651 traceId=exp-perf5000-000044-81702b52
zt-gateway  | [perf-request-in] ts_in=1777539091.352910 ts_out=1777539091.353540 gw_proc_ms=0.630 traceId=exp-perf5000-000040-d2c6052b
zt-gateway  | [perf-request-in] ts_in=1777539091.353097 ts_out=1777539091.353702 gw_proc_ms=0.605 traceId=exp-perf5000-000021-5143b372
zt-gateway  | [perf-request-in] ts_in=1777539091.353586 ts_out=1777539091.354230 gw_proc_ms=0.644 traceId=exp-perf5000-000001-30a651e7
zt-gateway  | [perf-request-in] ts_in=1777539091.353730 ts_out=1777539091.354338 gw_proc_ms=0.608 traceId=exp-perf5000-000043-f040c808
zt-gateway  | [perf-request-in] ts_in=1777539091.354267 ts_out=1777539091.354952 gw_proc_ms=0.685 traceId=exp-perf5000-000038-dc8a28db
zt-gateway  | [perf-request-in] ts_in=1777539091.354371 ts_out=1777539091.355082 gw_proc_ms=0.711 traceId=exp-perf5000-000020-536eae07
zt-gateway  | [perf-request-in] ts_in=1777539091.355003 ts_out=1777539091.355634 gw_proc_ms=0.631 traceId=exp-perf5000-000028-3f05d196
zt-gateway  | [perf-request-in] ts_in=1777539091.355117 ts_out=1777539091.355708 gw_proc_ms=0.591 traceId=exp-perf5000-000003-32079d4d
zt-gateway  | [perf-request-in] ts_in=1777539091.355670 ts_out=1777539091.356272 gw_proc_ms=0.602 traceId=exp-perf5000-000047-15b175c9
zt-gateway  | [perf-request-in] ts_in=1777539091.355737 ts_out=1777539091.356317 gw_proc_ms=0.580 traceId=exp-perf5000-000002-319514a0
zt-gateway  | [perf-request-in] ts_in=1777539091.356300 ts_out=1777539091.356960 gw_proc_ms=0.660 traceId=exp-perf5000-000036-3e5b99d0
zt-gateway  | [perf-request-in] ts_in=1777539091.356344 ts_out=1777539091.356991 gw_proc_ms=0.647 traceId=exp-perf5000-000041-ba68ede3
zt-gateway  | [perf-request-in] ts_in=1777539091.357020 ts_out=1777539091.357651 gw_proc_ms=0.631 traceId=exp-perf5000-000039-7be8241a
zt-gateway  | [perf-request-in] ts_in=1777539091.357000 ts_out=1777539091.357653 gw_proc_ms=0.653 traceId=exp-perf5000-000035-093b99c5
zt-gateway  | [perf-request-in] ts_in=1777539091.357685 ts_out=1777539091.358274 gw_proc_ms=0.589 traceId=exp-perf5000-000037-76caf1fb
zt-gateway  | [perf-request-in] ts_in=1777539091.357688 ts_out=1777539091.358296 gw_proc_ms=0.608 traceId=exp-perf5000-000025-107aa269
zt-gateway  | [perf-request-in] ts_in=1777539091.358306 ts_out=1777539091.358941 gw_proc_ms=0.635 traceId=exp-perf5000-000027-e0aed9a5
zt-gateway  | [perf-request-in] ts_in=1777539091.358331 ts_out=1777539091.359097 gw_proc_ms=0.766 traceId=exp-perf5000-000045-57c61e10
zt-gateway  | [perf-request-in] ts_in=1777539091.358971 ts_out=1777539091.359711 gw_proc_ms=0.740 traceId=exp-perf5000-000026-aefbeb1d
zt-gateway  | [perf-request-in] ts_in=1777539091.359158 ts_out=1777539091.359871 gw_proc_ms=0.713 traceId=exp-perf5000-000017-30cbf1c2
zt-gateway  | [perf-request-in] ts_in=1777539091.359912 ts_out=1777539091.360567 gw_proc_ms=0.655 traceId=exp-perf5000-000031-3952a9ef
zt-gateway  | [perf-request-in] ts_in=1777539091.359776 ts_out=1777539091.360597 gw_proc_ms=0.821 traceId=exp-perf5000-000046-2350f4df
zt-gateway  | [perf-request-in] ts_in=1777539091.360598 ts_out=1777539091.361219 gw_proc_ms=0.621 traceId=exp-perf5000-000015-63767e43
zt-gateway  | [perf-request-in] ts_in=1777539091.360637 ts_out=1777539091.361245 gw_proc_ms=0.608 traceId=exp-perf5000-000016-4786b902
zt-gateway  | [perf-request-in] ts_in=1777539091.361257 ts_out=1777539091.361875 gw_proc_ms=0.618 traceId=exp-perf5000-000049-c27b0df4
zt-gateway  | [perf-request-in] ts_in=1777539091.361281 ts_out=1777539091.361907 gw_proc_ms=0.626 traceId=exp-perf5000-000050-7e200561
zt-gateway  | [perf-request-in] ts_in=1777539091.361917 ts_out=1777539091.362515 gw_proc_ms=0.598 traceId=exp-perf5000-000048-c99d5c66
zt-gateway  | [perf-request-in] ts_in=1777539091.361937 ts_out=1777539091.362554 gw_proc_ms=0.617 traceId=exp-perf5000-000051-b8e24b6e
zt-gateway  | [perf-request-in] ts_in=1777539091.362547 ts_out=1777539091.363165 gw_proc_ms=0.618 traceId=exp-perf5000-000032-e73e1939
zt-gateway  | [perf-request-in] ts_in=1777539091.362597 ts_out=1777539091.363225 gw_proc_ms=0.628 traceId=exp-perf5000-000052-34ddf141
zt-gateway  | [perf-request-in] ts_in=1777539091.363202 ts_out=1777539091.363826 gw_proc_ms=0.624 traceId=exp-perf5000-000053-b04a68f5
zt-gateway  | [perf-request-in] ts_in=1777539091.363265 ts_out=1777539091.363948 gw_proc_ms=0.683 traceId=exp-perf5000-000055-f677bb24
zt-gateway  | [perf-request-in] ts_in=1777539091.363860 ts_out=1777539091.364457 gw_proc_ms=0.597 traceId=exp-perf5000-000054-7c2c07f5
zt-gateway  | [perf-request-in] ts_in=1777539091.363988 ts_out=1777539091.364606 gw_proc_ms=0.618 traceId=exp-perf5000-000058-f8430965
zt-gateway  | [perf-request-in] ts_in=1777539091.364489 ts_out=1777539091.365117 gw_proc_ms=0.628 traceId=exp-perf5000-000056-3951884d
zt-gateway  | [perf-request-in] ts_in=1777539091.364645 ts_out=1777539091.365281 gw_proc_ms=0.636 traceId=exp-perf5000-000060-ffce19cf
zt-gateway  | [perf-request-in] ts_in=1777539091.365154 ts_out=1777539091.365910 gw_proc_ms=0.756 traceId=exp-perf5000-000057-6a8383ad
zt-gateway  | [perf-request-in] ts_in=1777539091.365320 ts_out=1777539091.366022 gw_proc_ms=0.702 traceId=exp-perf5000-000061-7e1a3714
zt-gateway  | [perf-request-in] ts_in=1777539091.365944 ts_out=1777539091.366572 gw_proc_ms=0.628 traceId=exp-perf5000-000059-e878628d
zt-gateway  | [perf-request-in] ts_in=1777539091.366062 ts_out=1777539091.366718 gw_proc_ms=0.656 traceId=exp-perf5000-000062-4179c51b
zt-gateway  | [perf-request-in] ts_in=1777539091.366605 ts_out=1777539091.367247 gw_proc_ms=0.642 traceId=exp-perf5000-000064-9b4cb4e9
zt-gateway  | [perf-request-in] ts_in=1777539091.366863 ts_out=1777539091.367528 gw_proc_ms=0.665 traceId=exp-perf5000-000069-4e8b29b6
zt-gateway  | [perf-request-in] ts_in=1777539091.367281 ts_out=1777539091.368123 gw_proc_ms=0.842 traceId=exp-perf5000-000063-39e05850
zt-gateway  | [perf-request-in] ts_in=1777539091.367580 ts_out=1777539091.368314 gw_proc_ms=0.734 traceId=exp-perf5000-000070-d718b961
zt-gateway  | [perf-request-in] ts_in=1777539091.368176 ts_out=1777539091.368891 gw_proc_ms=0.715 traceId=exp-perf5000-000067-07f371e3
zt-gateway  | [perf-request-in] ts_in=1777539091.368350 ts_out=1777539091.368979 gw_proc_ms=0.629 traceId=exp-perf5000-000074-c766ae1e
zt-gateway  | [perf-request-in] ts_in=1777539091.368938 ts_out=1777539091.369553 gw_proc_ms=0.615 traceId=exp-perf5000-000068-56bd6d24
zt-gateway  | [perf-request-in] ts_in=1777539091.369011 ts_out=1777539091.369630 gw_proc_ms=0.619 traceId=exp-perf5000-000072-c050e83d
zt-gateway  | [perf-request-in] ts_in=1777539091.369600 ts_out=1777539091.370231 gw_proc_ms=0.631 traceId=exp-perf5000-000065-aaa42df4
zt-gateway  | [perf-request-in] ts_in=1777539091.369656 ts_out=1777539091.370298 gw_proc_ms=0.642 traceId=exp-perf5000-000080-b7b34398
zt-gateway  | [perf-request-in] ts_in=1777539091.370269 ts_out=1777539091.370894 gw_proc_ms=0.625 traceId=exp-perf5000-000066-75fefee8
zt-gateway  | [perf-request-in] ts_in=1777539091.370329 ts_out=1777539091.370957 gw_proc_ms=0.628 traceId=exp-perf5000-000077-29e63f71
zt-gateway  | [perf-request-in] ts_in=1777539091.370928 ts_out=1777539091.371574 gw_proc_ms=0.646 traceId=exp-perf5000-000084-d494ddc5
zt-gateway  | [perf-request-in] ts_in=1777539091.370996 ts_out=1777539091.371646 gw_proc_ms=0.650 traceId=exp-perf5000-000081-d93361d2
zt-gateway  | [perf-request-in] ts_in=1777539091.371613 ts_out=1777539091.372311 gw_proc_ms=0.698 traceId=exp-perf5000-000076-e98f9c8b
zt-gateway  | [perf-request-in] ts_in=1777539091.371678 ts_out=1777539091.372380 gw_proc_ms=0.702 traceId=exp-perf5000-000075-1bfd121c
zt-gateway  | [perf-request-in] ts_in=1777539091.372353 ts_out=1777539091.373166 gw_proc_ms=0.813 traceId=exp-perf5000-000099-72699bb6
zt-gateway  | [perf-request-in] ts_in=1777539091.372423 ts_out=1777539091.373262 gw_proc_ms=0.839 traceId=exp-perf5000-000078-0997fdd3
zt-gateway  | [perf-request-in] ts_in=1777539091.373212 ts_out=1777539091.374018 gw_proc_ms=0.806 traceId=exp-perf5000-000082-6e6d0997
zt-gateway  | [perf-request-in] ts_in=1777539091.373307 ts_out=1777539091.374089 gw_proc_ms=0.782 traceId=exp-perf5000-000071-79e2448b
zt-gateway  | [perf-request-in] ts_in=1777539091.374056 ts_out=1777539091.374822 gw_proc_ms=0.766 traceId=exp-perf5000-000091-a0124e7a
zt-gateway  | [perf-request-in] ts_in=1777539091.374132 ts_out=1777539091.374909 gw_proc_ms=0.777 traceId=exp-perf5000-000079-07e19702
zt-gateway  | [perf-request-in] ts_in=1777539091.374864 ts_out=1777539091.375575 gw_proc_ms=0.711 traceId=exp-perf5000-000096-d514255f
zt-gateway  | [perf-request-in] ts_in=1777539091.374940 ts_out=1777539091.375637 gw_proc_ms=0.697 traceId=exp-perf5000-000083-ed34b71b
zt-gateway  | [perf-request-in] ts_in=1777539091.375669 ts_out=1777539091.376402 gw_proc_ms=0.733 traceId=exp-perf5000-000089-2fe34a3f
zt-gateway  | [perf-request-in] ts_in=1777539091.375615 ts_out=1777539091.376483 gw_proc_ms=0.868 traceId=exp-perf5000-000092-343a7d97
zt-gateway  | [perf-request-in] ts_in=1777539091.376435 ts_out=1777539091.377333 gw_proc_ms=0.898 traceId=exp-perf5000-000094-6bd5f3fb
zt-gateway  | [perf-request-in] ts_in=1777539091.376530 ts_out=1777539091.377432 gw_proc_ms=0.902 traceId=exp-perf5000-000093-56b30741
zt-gateway  | [perf-request-in] ts_in=1777539091.377390 ts_out=1777539091.378398 gw_proc_ms=1.008 traceId=exp-perf5000-000087-c6a7a404
zt-gateway  | [perf-request-in] ts_in=1777539091.377485 ts_out=1777539091.378430 gw_proc_ms=0.945 traceId=exp-perf5000-000088-307f0d0e
zt-gateway  | [perf-request-in] ts_in=1777539091.378464 ts_out=1777539091.379217 gw_proc_ms=0.753 traceId=exp-perf5000-000073-40c3e4e1
zt-gateway  | [perf-request-in] ts_in=1777539091.378436 ts_out=1777539091.379218 gw_proc_ms=0.782 traceId=exp-perf5000-000086-068911e3
zt-gateway  | [perf-request-in] ts_in=1777539091.379277 ts_out=1777539091.380055 gw_proc_ms=0.778 traceId=exp-perf5000-000085-bb2a5c51
zt-gateway  | [perf-request-in] ts_in=1777539091.379277 ts_out=1777539091.380056 gw_proc_ms=0.779 traceId=exp-perf5000-000095-dc360460
zt-gateway  | [perf-request-in] ts_in=1777539091.380114 ts_out=1777539091.380923 gw_proc_ms=0.809 traceId=exp-perf5000-000090-2f119915
zt-gateway  | [perf-request-in] ts_in=1777539091.380117 ts_out=1777539091.380970 gw_proc_ms=0.853 traceId=exp-perf5000-000098-ebd3d191
zt-gateway  | [perf-request-in] ts_in=1777539091.380981 ts_out=1777539091.381756 gw_proc_ms=0.775 traceId=exp-perf5000-000097-7231b3f3
zt-gateway  | [perf-request-in] ts_in=1777539091.381002 ts_out=1777539091.381758 gw_proc_ms=0.756 traceId=exp-perf5000-000100-4b38a74a
zt-gateway  | [perf-request-in] ts_in=1777539091.381798 ts_out=1777539091.382527 gw_proc_ms=0.729 traceId=exp-perf5000-000103-00012d1e
zt-gateway  | [perf-request-in] ts_in=1777539091.381798 ts_out=1777539091.382537 gw_proc_ms=0.739 traceId=exp-perf5000-000101-626ea9fb
zt-gateway  | [perf-request-in] ts_in=1777539091.382592 ts_out=1777539091.383279 gw_proc_ms=0.687 traceId=exp-perf5000-000104-22724974
zt-gateway  | [perf-request-in] ts_in=1777539091.382603 ts_out=1777539091.383279 gw_proc_ms=0.676 traceId=exp-perf5000-000102-6490d08f
zt-gateway  | [perf-request-in] ts_in=1777539091.383327 ts_out=1777539091.384168 gw_proc_ms=0.841 traceId=exp-perf5000-000105-5ab02c31
zt-gateway  | [perf-request-in] ts_in=1777539091.383330 ts_out=1777539091.384168 gw_proc_ms=0.838 traceId=exp-perf5000-000107-f459a49a
zt-gateway  | [perf-request-in] ts_in=1777539091.384220 ts_out=1777539091.384925 gw_proc_ms=0.705 traceId=exp-perf5000-000106-4e7e0052
zt-gateway  | [perf-request-in] ts_in=1777539091.384215 ts_out=1777539091.384926 gw_proc_ms=0.711 traceId=exp-perf5000-000108-b86eb5c5
zt-gateway  | [perf-request-in] ts_in=1777539091.384975 ts_out=1777539091.385637 gw_proc_ms=0.662 traceId=exp-perf5000-000109-350984f5
zt-gateway  | [perf-request-in] ts_in=1777539091.384972 ts_out=1777539091.385657 gw_proc_ms=0.685 traceId=exp-perf5000-000110-a7d8aedf
zt-gateway  | [perf-request-in] ts_in=1777539091.385696 ts_out=1777539091.386381 gw_proc_ms=0.685 traceId=exp-perf5000-000112-e3f319c4
zt-gateway  | [perf-request-in] ts_in=1777539091.385678 ts_out=1777539091.386393 gw_proc_ms=0.715 traceId=exp-perf5000-000111-62173fd0
zt-gateway  | [perf-request-in] ts_in=1777539091.386432 ts_out=1777539091.387140 gw_proc_ms=0.708 traceId=exp-perf5000-000113-6a5393b9
zt-gateway  | [perf-request-in] ts_in=1777539091.386419 ts_out=1777539091.387145 gw_proc_ms=0.726 traceId=exp-perf5000-000114-715f82e8
zt-gateway  | [perf-request-in] ts_in=1777539091.387178 ts_out=1777539091.387858 gw_proc_ms=0.680 traceId=exp-perf5000-000115-570cbaa5
zt-gateway  | [perf-request-in] ts_in=1777539091.387181 ts_out=1777539091.387980 gw_proc_ms=0.799 traceId=exp-perf5000-000116-3b23c88e
zt-gateway  | [perf-request-in] ts_in=1777539091.387888 ts_out=1777539091.388528 gw_proc_ms=0.640 traceId=exp-perf5000-000117-9da0bee0
zt-gateway  | [perf-request-in] ts_in=1777539091.388015 ts_out=1777539091.388685 gw_proc_ms=0.670 traceId=exp-perf5000-000118-3f132942
zt-gateway  | [perf-request-in] ts_in=1777539091.388570 ts_out=1777539091.389189 gw_proc_ms=0.619 traceId=exp-perf5000-000119-ca84bff2
zt-gateway  | [perf-request-in] ts_in=1777539091.388718 ts_out=1777539091.389343 gw_proc_ms=0.625 traceId=exp-perf5000-000120-0dcd0091
zt-gateway  | [perf-request-in] ts_in=1777539091.389221 ts_out=1777539091.389827 gw_proc_ms=0.606 traceId=exp-perf5000-000121-2177dc54
zt-gateway  | [perf-request-in] ts_in=1777539091.389375 ts_out=1777539091.389994 gw_proc_ms=0.619 traceId=exp-perf5000-000122-3a4bfa90
zt-gateway  | [perf-request-in] ts_in=1777539091.389858 ts_out=1777539091.390466 gw_proc_ms=0.608 traceId=exp-perf5000-000123-4a3bfecc
zt-gateway  | [perf-request-in] ts_in=1777539091.390029 ts_out=1777539091.390667 gw_proc_ms=0.638 traceId=exp-perf5000-000124-1676d4fb
zt-gateway  | [perf-request-in] ts_in=1777539091.390503 ts_out=1777539091.391119 gw_proc_ms=0.616 traceId=exp-perf5000-000125-1be4b897
zt-gateway  | [perf-request-in] ts_in=1777539091.390694 ts_out=1777539091.391321 gw_proc_ms=0.627 traceId=exp-perf5000-000126-fe0d38e0
zt-gateway  | [perf-request-in] ts_in=1777539091.391150 ts_out=1777539091.391766 gw_proc_ms=0.616 traceId=exp-perf5000-000127-6b0852db
zt-gateway  | [perf-request-in] ts_in=1777539091.391354 ts_out=1777539091.392005 gw_proc_ms=0.651 traceId=exp-perf5000-000128-8d577c4e
zt-gateway  | [perf-request-in] ts_in=1777539091.391797 ts_out=1777539091.392400 gw_proc_ms=0.603 traceId=exp-perf5000-000129-2b3291dd
zt-gateway  | [perf-request-in] ts_in=1777539091.392041 ts_out=1777539091.392668 gw_proc_ms=0.627 traceId=exp-perf5000-000130-b8a9022a
zt-gateway  | [perf-request-in] ts_in=1777539091.392431 ts_out=1777539091.393084 gw_proc_ms=0.653 traceId=exp-perf5000-000131-4dcf13cc
zt-gateway  | [perf-request-in] ts_in=1777539091.392702 ts_out=1777539091.393348 gw_proc_ms=0.646 traceId=exp-perf5000-000132-22bb3249
zt-gateway  | [perf-request-in] ts_in=1777539091.393116 ts_out=1777539091.393727 gw_proc_ms=0.611 traceId=exp-perf5000-000133-2581290d
zt-gateway  | [perf-request-in] ts_in=1777539091.393383 ts_out=1777539091.394013 gw_proc_ms=0.630 traceId=exp-perf5000-000134-679d225e
zt-gateway  | [perf-request-in] ts_in=1777539091.393759 ts_out=1777539091.394368 gw_proc_ms=0.609 traceId=exp-perf5000-000136-8085ec00
zt-gateway  | [perf-request-in] ts_in=1777539091.394044 ts_out=1777539091.394688 gw_proc_ms=0.644 traceId=exp-perf5000-000135-f57d678f
zt-gateway  | [perf-request-in] ts_in=1777539091.394399 ts_out=1777539091.395028 gw_proc_ms=0.629 traceId=exp-perf5000-000138-9004a8d3
zt-gateway  | [perf-request-in] ts_in=1777539091.394724 ts_out=1777539091.395347 gw_proc_ms=0.623 traceId=exp-perf5000-000137-dea0b464
zt-gateway  | [perf-request-in] ts_in=1777539091.395061 ts_out=1777539091.395685 gw_proc_ms=0.624 traceId=exp-perf5000-000140-51598e06
zt-gateway  | [perf-request-in] ts_in=1777539091.395380 ts_out=1777539091.396101 gw_proc_ms=0.721 traceId=exp-perf5000-000139-3e86c5bc
zt-gateway  | [perf-request-in] ts_in=1777539091.395718 ts_out=1777539091.396335 gw_proc_ms=0.617 traceId=exp-perf5000-000142-1dfdecfa
zt-gateway  | [perf-request-in] ts_in=1777539091.396142 ts_out=1777539091.396793 gw_proc_ms=0.651 traceId=exp-perf5000-000141-89a0a7b5
zt-gateway  | [perf-request-in] ts_in=1777539091.396364 ts_out=1777539091.397073 gw_proc_ms=0.709 traceId=exp-perf5000-000144-ba29f4a6
zt-gateway  | [perf-request-in] ts_in=1777539091.396834 ts_out=1777539091.397506 gw_proc_ms=0.672 traceId=exp-perf5000-000143-5ccc3907
zt-gateway  | [perf-request-in] ts_in=1777539091.397109 ts_out=1777539091.397768 gw_proc_ms=0.659 traceId=exp-perf5000-000146-c9cc2233
zt-gateway  | [perf-request-in] ts_in=1777539091.397802 ts_out=1777539091.398402 gw_proc_ms=0.600 traceId=exp-perf5000-000148-74689bd4
zt-gateway  | [perf-request-in] ts_in=1777539091.397542 ts_out=1777539091.398542 gw_proc_ms=1.000 traceId=exp-perf5000-000145-1218a22a
zt-gateway  | [perf-request-in] ts_in=1777539091.398433 ts_out=1777539091.399120 gw_proc_ms=0.687 traceId=exp-perf5000-000149-8f365420
zt-gateway  | [perf-request-in] ts_in=1777539091.398623 ts_out=1777539091.399316 gw_proc_ms=0.693 traceId=exp-perf5000-000147-21781826
zt-gateway  | [perf-request-in] ts_in=1777539091.399161 ts_out=1777539091.399794 gw_proc_ms=0.633 traceId=exp-perf5000-000151-51112440
zt-gateway  | [perf-request-in] ts_in=1777539091.399355 ts_out=1777539091.400037 gw_proc_ms=0.682 traceId=exp-perf5000-000150-cb65110d
zt-gateway  | [perf-request-in] ts_in=1777539091.399825 ts_out=1777539091.400460 gw_proc_ms=0.635 traceId=exp-perf5000-000153-57c27648
zt-gateway  | [perf-request-in] ts_in=1777539091.400075 ts_out=1777539091.400725 gw_proc_ms=0.650 traceId=exp-perf5000-000152-aa7e1e40
zt-gateway  | [perf-request-in] ts_in=1777539091.400489 ts_out=1777539091.401132 gw_proc_ms=0.643 traceId=exp-perf5000-000155-4caae359
zt-gateway  | [perf-request-in] ts_in=1777539091.400754 ts_out=1777539091.401400 gw_proc_ms=0.646 traceId=exp-perf5000-000154-d1f54a77
zt-gateway  | [perf-request-in] ts_in=1777539091.401159 ts_out=1777539091.401800 gw_proc_ms=0.641 traceId=exp-perf5000-000157-9a50321b
zt-gateway  | [perf-request-in] ts_in=1777539091.401438 ts_out=1777539091.402066 gw_proc_ms=0.628 traceId=exp-perf5000-000156-64e9e50f
zt-gateway  | [perf-request-in] ts_in=1777539091.401833 ts_out=1777539091.402424 gw_proc_ms=0.591 traceId=exp-perf5000-000160-8c8d3c66
zt-gateway  | [perf-request-in] ts_in=1777539091.402103 ts_out=1777539091.402725 gw_proc_ms=0.622 traceId=exp-perf5000-000158-46ac617e
zt-gateway  | [perf-request-in] ts_in=1777539091.402456 ts_out=1777539091.403208 gw_proc_ms=0.752 traceId=exp-perf5000-000161-cce4ac18
zt-gateway  | [perf-request-in] ts_in=1777539091.402761 ts_out=1777539091.403363 gw_proc_ms=0.602 traceId=exp-perf5000-000159-c1a7b3a8
zt-gateway  | [perf-request-in] ts_in=1777539091.403250 ts_out=1777539091.403877 gw_proc_ms=0.627 traceId=exp-perf5000-000163-eeff8a5c
zt-gateway  | [perf-request-in] ts_in=1777539091.403398 ts_out=1777539091.404012 gw_proc_ms=0.614 traceId=exp-perf5000-000162-00ac2aae
zt-gateway  | [perf-request-in] ts_in=1777539091.403912 ts_out=1777539091.404573 gw_proc_ms=0.661 traceId=exp-perf5000-000165-5736f25f
zt-gateway  | [perf-request-in] ts_in=1777539091.404049 ts_out=1777539091.404695 gw_proc_ms=0.646 traceId=exp-perf5000-000164-ccd42406
zt-gateway  | [perf-request-in] ts_in=1777539091.404611 ts_out=1777539091.405258 gw_proc_ms=0.647 traceId=exp-perf5000-000167-0f7a810b
zt-gateway  | [perf-request-in] ts_in=1777539091.404728 ts_out=1777539091.405357 gw_proc_ms=0.629 traceId=exp-perf5000-000166-24b89f2e
zt-gateway  | [perf-request-in] ts_in=1777539091.405292 ts_out=1777539091.405922 gw_proc_ms=0.630 traceId=exp-perf5000-000170-c400a368
zt-gateway  | [perf-request-in] ts_in=1777539091.405392 ts_out=1777539091.406021 gw_proc_ms=0.629 traceId=exp-perf5000-000168-526fa881
zt-gateway  | [perf-request-in] ts_in=1777539091.405957 ts_out=1777539091.406578 gw_proc_ms=0.621 traceId=exp-perf5000-000171-6b1d2ce5
zt-gateway  | [perf-request-in] ts_in=1777539091.406050 ts_out=1777539091.406638 gw_proc_ms=0.588 traceId=exp-perf5000-000169-e36b7da2
zt-gateway  | [perf-request-in] ts_in=1777539091.406608 ts_out=1777539091.407198 gw_proc_ms=0.590 traceId=exp-perf5000-000174-71c16528
zt-gateway  | [perf-request-in] ts_in=1777539091.406673 ts_out=1777539091.407244 gw_proc_ms=0.571 traceId=exp-perf5000-000172-5f7a66cd
zt-gateway  | [perf-request-in] ts_in=1777539091.407237 ts_out=1777539091.407893 gw_proc_ms=0.656 traceId=exp-perf5000-000176-d21b1ca4
zt-gateway  | [perf-request-in] ts_in=1777539091.407276 ts_out=1777539091.407898 gw_proc_ms=0.622 traceId=exp-perf5000-000173-36287b21
zt-gateway  | [perf-request-in] ts_in=1777539091.407941 ts_out=1777539091.408573 gw_proc_ms=0.632 traceId=exp-perf5000-000177-555df4f0
zt-gateway  | [perf-request-in] ts_in=1777539091.407941 ts_out=1777539091.408576 gw_proc_ms=0.635 traceId=exp-perf5000-000175-66f887e2
zt-gateway  | [perf-request-in] ts_in=1777539091.408615 ts_out=1777539091.409283 gw_proc_ms=0.668 traceId=exp-perf5000-000178-0a864391
zt-gateway  | [perf-request-in] ts_in=1777539091.408615 ts_out=1777539091.409284 gw_proc_ms=0.669 traceId=exp-perf5000-000180-dbaecac1
zt-gateway  | [perf-request-in] ts_in=1777539091.409323 ts_out=1777539091.409924 gw_proc_ms=0.601 traceId=exp-perf5000-000179-9e34b1d8
zt-gateway  | [perf-request-in] ts_in=1777539091.409326 ts_out=1777539091.409931 gw_proc_ms=0.605 traceId=exp-perf5000-000182-d46fc019
zt-gateway  | [perf-request-in] ts_in=1777539091.409967 ts_out=1777539091.410575 gw_proc_ms=0.608 traceId=exp-perf5000-000183-8bca7c5e
zt-gateway  | [perf-request-in] ts_in=1777539091.409961 ts_out=1777539091.410575 gw_proc_ms=0.614 traceId=exp-perf5000-000181-75744835
zt-gateway  | [perf-request-in] ts_in=1777539091.410613 ts_out=1777539091.411207 gw_proc_ms=0.594 traceId=exp-perf5000-000185-1475fe05
zt-gateway  | [perf-request-in] ts_in=1777539091.410616 ts_out=1777539091.411210 gw_proc_ms=0.594 traceId=exp-perf5000-000184-f59bcf1a
zt-gateway  | [perf-request-in] ts_in=1777539091.411253 ts_out=1777539091.411870 gw_proc_ms=0.617 traceId=exp-perf5000-000188-1cb9af6e
zt-gateway  | [perf-request-in] ts_in=1777539091.411250 ts_out=1777539091.411871 gw_proc_ms=0.621 traceId=exp-perf5000-000186-00fb95b3
zt-gateway  | [perf-request-in] ts_in=1777539091.411912 ts_out=1777539091.412531 gw_proc_ms=0.619 traceId=exp-perf5000-000187-672df7fe
zt-gateway  | [perf-request-in] ts_in=1777539091.411913 ts_out=1777539091.412534 gw_proc_ms=0.621 traceId=exp-perf5000-000190-6a9720f0
zt-gateway  | [perf-request-in] ts_in=1777539091.412720 ts_out=1777539091.413357 gw_proc_ms=0.637 traceId=exp-perf5000-000192-194f07d8
zt-gateway  | [perf-request-in] ts_in=1777539091.412761 ts_out=1777539091.413375 gw_proc_ms=0.614 traceId=exp-perf5000-000189-095129bb
zt-gateway  | [perf-request-in] ts_in=1777539091.413403 ts_out=1777539091.414064 gw_proc_ms=0.661 traceId=exp-perf5000-000194-afe3a397
zt-gateway  | [perf-request-in] ts_in=1777539091.413416 ts_out=1777539091.414074 gw_proc_ms=0.658 traceId=exp-perf5000-000191-62b5ab23
zt-gateway  | [perf-request-in] ts_in=1777539091.414103 ts_out=1777539091.414775 gw_proc_ms=0.672 traceId=exp-perf5000-000195-fa5b99e4
zt-gateway  | [perf-request-in] ts_in=1777539091.414115 ts_out=1777539091.414783 gw_proc_ms=0.668 traceId=exp-perf5000-000193-0a121861
zt-gateway  | [perf-request-in] ts_in=1777539091.414833 ts_out=1777539091.415464 gw_proc_ms=0.631 traceId=exp-perf5000-000196-5c1c2239
zt-gateway  | [perf-request-in] ts_in=1777539091.414830 ts_out=1777539091.415464 gw_proc_ms=0.634 traceId=exp-perf5000-000197-ec0c5075
zt-gateway  | [perf-request-in] ts_in=1777539091.415512 ts_out=1777539091.416162 gw_proc_ms=0.650 traceId=exp-perf5000-000198-71be99ea
zt-gateway  | [perf-request-in] ts_in=1777539091.415512 ts_out=1777539091.416293 gw_proc_ms=0.781 traceId=exp-perf5000-000200-882f6807
zt-gateway  | [perf-request-in] ts_in=1777539091.416202 ts_out=1777539091.416847 gw_proc_ms=0.645 traceId=exp-perf5000-000199-35377390
zt-gateway  | [perf-request-in] ts_in=1777539091.416343 ts_out=1777539091.416997 gw_proc_ms=0.654 traceId=exp-perf5000-000201-fbfc75eb
zt-gateway  | [perf-request-in] ts_in=1777539091.416891 ts_out=1777539091.417573 gw_proc_ms=0.682 traceId=exp-perf5000-000202-2e3779d9
zt-gateway  | [perf-request-in] ts_in=1777539091.417042 ts_out=1777539091.417728 gw_proc_ms=0.686 traceId=exp-perf5000-000203-9c3ee942
zt-gateway  | [perf-request-in] ts_in=1777539091.417609 ts_out=1777539091.418339 gw_proc_ms=0.730 traceId=exp-perf5000-000204-916f715a
zt-gateway  | [perf-request-in] ts_in=1777539091.417764 ts_out=1777539091.418465 gw_proc_ms=0.701 traceId=exp-perf5000-000205-172e5e74
zt-gateway  | [perf-request-in] ts_in=1777539091.418382 ts_out=1777539091.419063 gw_proc_ms=0.681 traceId=exp-perf5000-000206-68d2da0e
zt-gateway  | [perf-request-in] ts_in=1777539091.418515 ts_out=1777539091.419159 gw_proc_ms=0.644 traceId=exp-perf5000-000207-83a82661
zt-gateway  | [perf-request-in] ts_in=1777539091.419102 ts_out=1777539091.419758 gw_proc_ms=0.656 traceId=exp-perf5000-000208-41444304
zt-gateway  | [perf-request-in] ts_in=1777539091.419203 ts_out=1777539091.419857 gw_proc_ms=0.654 traceId=exp-perf5000-000210-e93b6e77
zt-gateway  | [perf-request-in] ts_in=1777539091.419807 ts_out=1777539091.420468 gw_proc_ms=0.661 traceId=exp-perf5000-000209-b01c9581
zt-gateway  | [perf-request-in] ts_in=1777539091.419900 ts_out=1777539091.420532 gw_proc_ms=0.632 traceId=exp-perf5000-000212-bb3832da
zt-gateway  | [perf-request-in] ts_in=1777539091.420509 ts_out=1777539091.421195 gw_proc_ms=0.686 traceId=exp-perf5000-000211-61895ca6
zt-gateway  | [perf-request-in] ts_in=1777539091.420586 ts_out=1777539091.421232 gw_proc_ms=0.646 traceId=exp-perf5000-000213-8ee61b9c
zt-gateway  | [perf-request-in] ts_in=1777539091.421242 ts_out=1777539091.421994 gw_proc_ms=0.752 traceId=exp-perf5000-000214-b2ed4e77
zt-gateway  | [perf-request-in] ts_in=1777539091.421268 ts_out=1777539091.421994 gw_proc_ms=0.726 traceId=exp-perf5000-000216-b84b9a74
zt-gateway  | [perf-request-in] ts_in=1777539091.422039 ts_out=1777539091.422729 gw_proc_ms=0.690 traceId=exp-perf5000-000215-b6f056bb
zt-gateway  | [perf-request-in] ts_in=1777539091.422038 ts_out=1777539091.422729 gw_proc_ms=0.691 traceId=exp-perf5000-000217-b4eb65f7
zt-gateway  | [perf-request-in] ts_in=1777539091.422776 ts_out=1777539091.423427 gw_proc_ms=0.651 traceId=exp-perf5000-000219-52eae900
zt-gateway  | [perf-request-in] ts_in=1777539091.423059 ts_out=1777539091.423851 gw_proc_ms=0.792 traceId=exp-perf5000-000218-34c8ae44
zt-gateway  | [perf-request-in] ts_in=1777539091.423469 ts_out=1777539091.424305 gw_proc_ms=0.836 traceId=exp-perf5000-000221-39c85392
zt-gateway  | [perf-request-in] ts_in=1777539091.423917 ts_out=1777539091.424976 gw_proc_ms=1.059 traceId=exp-perf5000-000220-01e6999a
zt-gateway  | [perf-request-in] ts_in=1777539091.424358 ts_out=1777539091.425132 gw_proc_ms=0.774 traceId=exp-perf5000-000223-bcffcfd0
zt-gateway  | [perf-request-in] ts_in=1777539091.425035 ts_out=1777539091.425723 gw_proc_ms=0.688 traceId=exp-perf5000-000222-16845c76
zt-gateway  | [perf-request-in] ts_in=1777539091.425182 ts_out=1777539091.425851 gw_proc_ms=0.669 traceId=exp-perf5000-000225-8c8a25c0
zt-gateway  | [perf-request-in] ts_in=1777539091.425776 ts_out=1777539091.426439 gw_proc_ms=0.663 traceId=exp-perf5000-000224-359f4de0
zt-gateway  | [perf-request-in] ts_in=1777539091.425891 ts_out=1777539091.426542 gw_proc_ms=0.651 traceId=exp-perf5000-000227-d16731a9
zt-gateway  | [perf-request-in] ts_in=1777539091.426484 ts_out=1777539091.427111 gw_proc_ms=0.627 traceId=exp-perf5000-000226-af70faba
zt-gateway  | [perf-request-in] ts_in=1777539091.426592 ts_out=1777539091.427206 gw_proc_ms=0.614 traceId=exp-perf5000-000229-59e4aa05
zt-gateway  | [perf-request-in] ts_in=1777539091.427153 ts_out=1777539091.427822 gw_proc_ms=0.669 traceId=exp-perf5000-000228-a6828e06
zt-gateway  | [perf-request-in] ts_in=1777539091.427409 ts_out=1777539091.428315 gw_proc_ms=0.906 traceId=exp-perf5000-000231-72175a31
zt-gateway  | [perf-request-in] ts_in=1777539091.427861 ts_out=1777539091.428459 gw_proc_ms=0.598 traceId=exp-perf5000-000230-b9f65988
zt-gateway  | [perf-request-in] ts_in=1777539091.428360 ts_out=1777539091.429034 gw_proc_ms=0.674 traceId=exp-perf5000-000233-0563fcd8
zt-gateway  | [perf-request-in] ts_in=1777539091.428492 ts_out=1777539091.429160 gw_proc_ms=0.668 traceId=exp-perf5000-000232-42721d08
zt-gateway  | [perf-request-in] ts_in=1777539091.429078 ts_out=1777539091.429872 gw_proc_ms=0.794 traceId=exp-perf5000-000235-2cf3579a
zt-gateway  | [perf-request-in] ts_in=1777539091.429202 ts_out=1777539091.430082 gw_proc_ms=0.880 traceId=exp-perf5000-000234-7380a934
zt-gateway  | [perf-request-in] ts_in=1777539091.429921 ts_out=1777539091.430520 gw_proc_ms=0.599 traceId=exp-perf5000-000237-2643b1a6
zt-gateway  | [perf-request-in] ts_in=1777539091.430124 ts_out=1777539091.430782 gw_proc_ms=0.658 traceId=exp-perf5000-000236-224ab5af
zt-gateway  | [perf-request-in] ts_in=1777539091.430551 ts_out=1777539091.431219 gw_proc_ms=0.668 traceId=exp-perf5000-000239-deb40e4c
zt-gateway  | [perf-request-in] ts_in=1777539091.430825 ts_out=1777539091.431466 gw_proc_ms=0.641 traceId=exp-perf5000-000238-655cea5f
zt-gateway  | [perf-request-in] ts_in=1777539091.431258 ts_out=1777539091.431888 gw_proc_ms=0.630 traceId=exp-perf5000-000241-e4ec6437
zt-gateway  | [perf-request-in] ts_in=1777539091.431500 ts_out=1777539091.432178 gw_proc_ms=0.678 traceId=exp-perf5000-000240-44ae746e
zt-gateway  | [perf-request-in] ts_in=1777539091.431925 ts_out=1777539091.432589 gw_proc_ms=0.664 traceId=exp-perf5000-000243-96314cda
zt-gateway  | [perf-request-in] ts_in=1777539091.432229 ts_out=1777539091.432908 gw_proc_ms=0.679 traceId=exp-perf5000-000242-922b0316
zt-gateway  | [perf-request-in] ts_in=1777539091.432623 ts_out=1777539091.433344 gw_proc_ms=0.721 traceId=exp-perf5000-000245-639df243
zt-gateway  | [perf-request-in] ts_in=1777539091.432955 ts_out=1777539091.433742 gw_proc_ms=0.787 traceId=exp-perf5000-000244-70065528
zt-gateway  | [perf-request-in] ts_in=1777539091.433382 ts_out=1777539091.434158 gw_proc_ms=0.776 traceId=exp-perf5000-000246-1aabd6c4
zt-gateway  | [perf-request-in] ts_in=1777539091.433783 ts_out=1777539091.434545 gw_proc_ms=0.762 traceId=exp-perf5000-000247-24b16b0b
zt-gateway  | [perf-request-in] ts_in=1777539091.434202 ts_out=1777539091.434946 gw_proc_ms=0.744 traceId=exp-perf5000-000248-d819e370
zt-gateway  | [perf-request-in] ts_in=1777539091.434593 ts_out=1777539091.435361 gw_proc_ms=0.768 traceId=exp-perf5000-000249-caae15e8
zt-gateway  | [perf-request-in] ts_in=1777539091.434988 ts_out=1777539091.435707 gw_proc_ms=0.719 traceId=exp-perf5000-000250-abc94948
zt-gateway  | [perf-request-in] ts_in=1777539091.435403 ts_out=1777539091.436129 gw_proc_ms=0.726 traceId=exp-perf5000-000251-f2a6fdd4
zt-gateway  | [perf-request-in] ts_in=1777539091.435747 ts_out=1777539091.436421 gw_proc_ms=0.674 traceId=exp-perf5000-000252-97b0be26
zt-gateway  | [perf-request-in] ts_in=1777539091.436168 ts_out=1777539091.436890 gw_proc_ms=0.722 traceId=exp-perf5000-000253-2548c7d2
zt-gateway  | [perf-request-in] ts_in=1777539091.436461 ts_out=1777539091.437167 gw_proc_ms=0.706 traceId=exp-perf5000-000254-db35a0c5
zt-gateway  | [perf-request-in] ts_in=1777539091.436933 ts_out=1777539091.437686 gw_proc_ms=0.753 traceId=exp-perf5000-000255-9069a201
zt-gateway  | [perf-request-in] ts_in=1777539091.437210 ts_out=1777539091.437933 gw_proc_ms=0.723 traceId=exp-perf5000-000256-c1d649d3
zt-gateway  | [perf-request-in] ts_in=1777539091.437732 ts_out=1777539091.438499 gw_proc_ms=0.767 traceId=exp-perf5000-000257-970a2116
zt-gateway  | [perf-request-in] ts_in=1777539091.437971 ts_out=1777539091.438737 gw_proc_ms=0.766 traceId=exp-perf5000-000258-85fd8d7c
zt-gateway  | [perf-request-in] ts_in=1777539091.438541 ts_out=1777539091.439267 gw_proc_ms=0.726 traceId=exp-perf5000-000259-ab85b51d
zt-gateway  | [perf-request-in] ts_in=1777539091.438778 ts_out=1777539091.439436 gw_proc_ms=0.658 traceId=exp-perf5000-000260-0668dfef
zt-gateway  | [perf-request-in] ts_in=1777539091.439302 ts_out=1777539091.439989 gw_proc_ms=0.687 traceId=exp-perf5000-000261-0ef16573
zt-gateway  | [perf-request-in] ts_in=1777539091.439470 ts_out=1777539091.440281 gw_proc_ms=0.811 traceId=exp-perf5000-000262-5d0d9963
zt-gateway  | [perf-request-in] ts_in=1777539091.440034 ts_out=1777539091.440736 gw_proc_ms=0.702 traceId=exp-perf5000-000263-b4c1ecbf
zt-gateway  | [perf-request-in] ts_in=1777539091.440347 ts_out=1777539091.441123 gw_proc_ms=0.776 traceId=exp-perf5000-000264-86ee2d3a
zt-gateway  | [perf-request-in] ts_in=1777539091.440776 ts_out=1777539091.441409 gw_proc_ms=0.633 traceId=exp-perf5000-000265-99779215
zt-gateway  | [perf-request-in] ts_in=1777539091.441171 ts_out=1777539091.441835 gw_proc_ms=0.664 traceId=exp-perf5000-000266-0c93e87c
zt-gateway  | [perf-request-in] ts_in=1777539091.441451 ts_out=1777539091.442120 gw_proc_ms=0.669 traceId=exp-perf5000-000267-69d47fd8
zt-gateway  | [perf-request-in] ts_in=1777539091.441876 ts_out=1777539091.442511 gw_proc_ms=0.635 traceId=exp-perf5000-000268-4e61fbed
zt-gateway  | [perf-request-in] ts_in=1777539091.442159 ts_out=1777539091.442795 gw_proc_ms=0.636 traceId=exp-perf5000-000269-9bde9676
zt-gateway  | [perf-request-in] ts_in=1777539091.442548 ts_out=1777539091.443189 gw_proc_ms=0.641 traceId=exp-perf5000-000270-b0490d10
zt-gateway  | [perf-request-in] ts_in=1777539091.442829 ts_out=1777539091.443463 gw_proc_ms=0.634 traceId=exp-perf5000-000271-f2f6b150
zt-gateway  | [perf-request-in] ts_in=1777539091.443226 ts_out=1777539091.443865 gw_proc_ms=0.639 traceId=exp-perf5000-000273-1f12de08
zt-gateway  | [perf-request-in] ts_in=1777539091.443499 ts_out=1777539091.444138 gw_proc_ms=0.639 traceId=exp-perf5000-000272-f2f8da07
zt-gateway  | [perf-request-in] ts_in=1777539091.443900 ts_out=1777539091.444522 gw_proc_ms=0.622 traceId=exp-perf5000-000275-b9402a6c
zt-gateway  | [perf-request-in] ts_in=1777539091.444170 ts_out=1777539091.444794 gw_proc_ms=0.624 traceId=exp-perf5000-000274-bde0a15f
zt-gateway  | [perf-request-in] ts_in=1777539091.444559 ts_out=1777539091.445194 gw_proc_ms=0.635 traceId=exp-perf5000-000276-6e81f6f7
zt-gateway  | [perf-request-in] ts_in=1777539091.444829 ts_out=1777539091.445451 gw_proc_ms=0.622 traceId=exp-perf5000-000277-4dcf83e7
zt-gateway  | [perf-request-in] ts_in=1777539091.445231 ts_out=1777539091.445846 gw_proc_ms=0.615 traceId=exp-perf5000-000279-9bdf7306
zt-gateway  | [perf-request-in] ts_in=1777539091.445479 ts_out=1777539091.446106 gw_proc_ms=0.627 traceId=exp-perf5000-000278-0813706b
zt-gateway  | [perf-request-in] ts_in=1777539091.445880 ts_out=1777539091.446495 gw_proc_ms=0.615 traceId=exp-perf5000-000280-acb2edb4
zt-gateway  | [perf-request-in] ts_in=1777539091.446137 ts_out=1777539091.446741 gw_proc_ms=0.604 traceId=exp-perf5000-000281-8b420d39
zt-gateway  | [perf-request-in] ts_in=1777539091.446529 ts_out=1777539091.447144 gw_proc_ms=0.615 traceId=exp-perf5000-000283-fe2d08b6
zt-gateway  | [perf-request-in] ts_in=1777539091.446770 ts_out=1777539091.447373 gw_proc_ms=0.603 traceId=exp-perf5000-000282-24111f57
zt-gateway  | [perf-request-in] ts_in=1777539091.447178 ts_out=1777539091.447799 gw_proc_ms=0.621 traceId=exp-perf5000-000284-f3560483
zt-gateway  | [perf-request-in] ts_in=1777539091.447406 ts_out=1777539091.448037 gw_proc_ms=0.631 traceId=exp-perf5000-000285-033418ad
zt-gateway  | [perf-request-in] ts_in=1777539091.447835 ts_out=1777539091.448437 gw_proc_ms=0.602 traceId=exp-perf5000-000286-d3c408f5
zt-gateway  | [perf-request-in] ts_in=1777539091.448070 ts_out=1777539091.448685 gw_proc_ms=0.615 traceId=exp-perf5000-000287-14d19889
zt-gateway  | [perf-request-in] ts_in=1777539091.448472 ts_out=1777539091.449119 gw_proc_ms=0.647 traceId=exp-perf5000-000288-23c864f3
zt-gateway  | [perf-request-in] ts_in=1777539091.448714 ts_out=1777539091.449352 gw_proc_ms=0.638 traceId=exp-perf5000-000289-071a200b
zt-gateway  | [perf-request-in] ts_in=1777539091.449158 ts_out=1777539091.449783 gw_proc_ms=0.625 traceId=exp-perf5000-000290-931e35d2
zt-gateway  | [perf-request-in] ts_in=1777539091.449391 ts_out=1777539091.450023 gw_proc_ms=0.632 traceId=exp-perf5000-000291-50284cb1
zt-gateway  | [perf-request-in] ts_in=1777539091.449823 ts_out=1777539091.450473 gw_proc_ms=0.650 traceId=exp-perf5000-000292-ab62d6d8
zt-gateway  | [perf-request-in] ts_in=1777539091.450057 ts_out=1777539091.450764 gw_proc_ms=0.707 traceId=exp-perf5000-000293-6ef3ecf4
zt-gateway  | [perf-request-in] ts_in=1777539091.450511 ts_out=1777539091.451210 gw_proc_ms=0.699 traceId=exp-perf5000-000294-1b0f2e65
zt-gateway  | [perf-request-in] ts_in=1777539091.450799 ts_out=1777539091.451516 gw_proc_ms=0.717 traceId=exp-perf5000-000295-319747be
zt-gateway  | [perf-request-in] ts_in=1777539091.451246 ts_out=1777539091.451919 gw_proc_ms=0.673 traceId=exp-perf5000-000296-9fd6baa3
zt-gateway  | [perf-request-in] ts_in=1777539091.451569 ts_out=1777539091.452228 gw_proc_ms=0.659 traceId=exp-perf5000-000297-11ccce70
zt-gateway  | [perf-request-in] ts_in=1777539091.451952 ts_out=1777539091.452573 gw_proc_ms=0.621 traceId=exp-perf5000-000299-62dc5456
zt-gateway  | [perf-request-in] ts_in=1777539091.452263 ts_out=1777539091.452876 gw_proc_ms=0.613 traceId=exp-perf5000-000298-2d0cf31d
zt-gateway  | [perf-request-in] ts_in=1777539091.452606 ts_out=1777539091.453225 gw_proc_ms=0.619 traceId=exp-perf5000-000301-9c4f0c8c
zt-gateway  | [perf-request-in] ts_in=1777539091.452908 ts_out=1777539091.453499 gw_proc_ms=0.591 traceId=exp-perf5000-000300-cc242f23
zt-gateway  | [perf-request-in] ts_in=1777539091.453263 ts_out=1777539091.453889 gw_proc_ms=0.626 traceId=exp-perf5000-000303-2979f718
zt-gateway  | [perf-request-in] ts_in=1777539091.453531 ts_out=1777539091.454168 gw_proc_ms=0.637 traceId=exp-perf5000-000302-70fc3cc0
zt-gateway  | [perf-request-in] ts_in=1777539091.453925 ts_out=1777539091.454558 gw_proc_ms=0.633 traceId=exp-perf5000-000305-f523fc71
zt-gateway  | [perf-request-in] ts_in=1777539091.454200 ts_out=1777539091.454807 gw_proc_ms=0.607 traceId=exp-perf5000-000304-3cf15de1
zt-gateway  | [perf-request-in] ts_in=1777539091.454592 ts_out=1777539091.455196 gw_proc_ms=0.604 traceId=exp-perf5000-000307-df8c1baa
zt-gateway  | [perf-request-in] ts_in=1777539091.454835 ts_out=1777539091.455438 gw_proc_ms=0.603 traceId=exp-perf5000-000306-0b6cd743
zt-gateway  | [perf-request-in] ts_in=1777539091.455233 ts_out=1777539091.455841 gw_proc_ms=0.608 traceId=exp-perf5000-000309-e6c8621f
zt-gateway  | [perf-request-in] ts_in=1777539091.455467 ts_out=1777539091.456083 gw_proc_ms=0.616 traceId=exp-perf5000-000308-88d7f15d
zt-gateway  | [perf-request-in] ts_in=1777539091.455867 ts_out=1777539091.456471 gw_proc_ms=0.604 traceId=exp-perf5000-000311-752c8d62
zt-gateway  | [perf-request-in] ts_in=1777539091.456118 ts_out=1777539091.456718 gw_proc_ms=0.600 traceId=exp-perf5000-000310-a51051b1
zt-gateway  | [perf-request-in] ts_in=1777539091.456500 ts_out=1777539091.457122 gw_proc_ms=0.622 traceId=exp-perf5000-000312-cc9fd5de
zt-gateway  | [perf-request-in] ts_in=1777539091.456752 ts_out=1777539091.457351 gw_proc_ms=0.599 traceId=exp-perf5000-000313-69bc2f29
zt-gateway  | [perf-request-in] ts_in=1777539091.457156 ts_out=1777539091.457766 gw_proc_ms=0.610 traceId=exp-perf5000-000314-8bdaec62
zt-gateway  | [perf-request-in] ts_in=1777539091.457376 ts_out=1777539091.457992 gw_proc_ms=0.616 traceId=exp-perf5000-000315-51597219
zt-gateway  | [perf-request-in] ts_in=1777539091.457798 ts_out=1777539091.458397 gw_proc_ms=0.599 traceId=exp-perf5000-000317-eb94f57e
zt-gateway  | [perf-request-in] ts_in=1777539091.458023 ts_out=1777539091.458623 gw_proc_ms=0.600 traceId=exp-perf5000-000316-a88ecdb1
zt-gateway  | [perf-request-in] ts_in=1777539091.458429 ts_out=1777539091.459059 gw_proc_ms=0.630 traceId=exp-perf5000-000318-485db598
zt-gateway  | [perf-request-in] ts_in=1777539091.458654 ts_out=1777539091.459250 gw_proc_ms=0.596 traceId=exp-perf5000-000319-db1b04fa
zt-gateway  | [perf-request-in] ts_in=1777539091.459091 ts_out=1777539091.459769 gw_proc_ms=0.678 traceId=exp-perf5000-000320-8555f392
zt-gateway  | [perf-request-in] ts_in=1777539091.459281 ts_out=1777539091.459929 gw_proc_ms=0.648 traceId=exp-perf5000-000321-13d61ba2
zt-gateway  | [perf-request-in] ts_in=1777539091.459815 ts_out=1777539091.460449 gw_proc_ms=0.634 traceId=exp-perf5000-000322-713ab374
zt-gateway  | [perf-request-in] ts_in=1777539091.459962 ts_out=1777539091.460574 gw_proc_ms=0.612 traceId=exp-perf5000-000323-5d6decda
zt-gateway  | [perf-request-in] ts_in=1777539091.460486 ts_out=1777539091.461128 gw_proc_ms=0.642 traceId=exp-perf5000-000324-9790acb3
zt-gateway  | [perf-request-in] ts_in=1777539091.460603 ts_out=1777539091.461223 gw_proc_ms=0.620 traceId=exp-perf5000-000325-823539ed
zt-gateway  | [perf-request-in] ts_in=1777539091.461172 ts_out=1777539091.461821 gw_proc_ms=0.649 traceId=exp-perf5000-000326-893031c1
zt-gateway  | [perf-request-in] ts_in=1777539091.461330 ts_out=1777539091.461977 gw_proc_ms=0.647 traceId=exp-perf5000-000327-4147820f
zt-gateway  | [perf-request-in] ts_in=1777539091.461856 ts_out=1777539091.462509 gw_proc_ms=0.653 traceId=exp-perf5000-000328-c761e7e9
zt-gateway  | [perf-request-in] ts_in=1777539091.462013 ts_out=1777539091.462686 gw_proc_ms=0.673 traceId=exp-perf5000-000329-c13e85bc
zt-gateway  | [perf-request-in] ts_in=1777539091.462546 ts_out=1777539091.463281 gw_proc_ms=0.735 traceId=exp-perf5000-000330-465792cb
zt-gateway  | [perf-request-in] ts_in=1777539091.462721 ts_out=1777539091.463411 gw_proc_ms=0.690 traceId=exp-perf5000-000331-00707ef9
zt-gateway  | [perf-request-in] ts_in=1777539091.463451 ts_out=1777539091.464104 gw_proc_ms=0.653 traceId=exp-perf5000-000333-41a1b2d8
zt-gateway  | [perf-request-in] ts_in=1777539091.463322 ts_out=1777539091.464190 gw_proc_ms=0.868 traceId=exp-perf5000-000332-22a65216
zt-gateway  | [perf-request-in] ts_in=1777539091.464137 ts_out=1777539091.464805 gw_proc_ms=0.668 traceId=exp-perf5000-000335-6145b81f
zt-gateway  | [perf-request-in] ts_in=1777539091.464246 ts_out=1777539091.464888 gw_proc_ms=0.642 traceId=exp-perf5000-000334-b2837588
zt-gateway  | [perf-request-in] ts_in=1777539091.464841 ts_out=1777539091.465532 gw_proc_ms=0.691 traceId=exp-perf5000-000337-233ae172
zt-gateway  | [perf-request-in] ts_in=1777539091.464978 ts_out=1777539091.465700 gw_proc_ms=0.722 traceId=exp-perf5000-000336-99f0dcc2
zt-gateway  | [perf-request-in] ts_in=1777539091.465586 ts_out=1777539091.466264 gw_proc_ms=0.678 traceId=exp-perf5000-000339-489d088b
zt-gateway  | [perf-request-in] ts_in=1777539091.465750 ts_out=1777539091.466442 gw_proc_ms=0.692 traceId=exp-perf5000-000338-925f843e
zt-gateway  | [perf-request-in] ts_in=1777539091.466311 ts_out=1777539091.466970 gw_proc_ms=0.659 traceId=exp-perf5000-000341-9bf9aeb6
zt-gateway  | [perf-request-in] ts_in=1777539091.466485 ts_out=1777539091.467150 gw_proc_ms=0.665 traceId=exp-perf5000-000340-ab25e489
zt-gateway  | [perf-request-in] ts_in=1777539091.467005 ts_out=1777539091.467677 gw_proc_ms=0.672 traceId=exp-perf5000-000343-579b016e
zt-gateway  | [perf-request-in] ts_in=1777539091.467192 ts_out=1777539091.467865 gw_proc_ms=0.673 traceId=exp-perf5000-000342-34ea7a64
zt-gateway  | [perf-request-in] ts_in=1777539091.467716 ts_out=1777539091.468373 gw_proc_ms=0.657 traceId=exp-perf5000-000345-1f5d758f
zt-gateway  | [perf-request-in] ts_in=1777539091.467906 ts_out=1777539091.468622 gw_proc_ms=0.716 traceId=exp-perf5000-000344-c90a952e
zt-gateway  | [perf-request-in] ts_in=1777539091.468417 ts_out=1777539091.469087 gw_proc_ms=0.670 traceId=exp-perf5000-000347-65c1b488
zt-gateway  | [perf-request-in] ts_in=1777539091.468670 ts_out=1777539091.469311 gw_proc_ms=0.641 traceId=exp-perf5000-000346-fd869654
zt-gateway  | [perf-request-in] ts_in=1777539091.469120 ts_out=1777539091.469808 gw_proc_ms=0.688 traceId=exp-perf5000-000349-5e2b81f6
zt-gateway  | [perf-request-in] ts_in=1777539091.469346 ts_out=1777539091.470070 gw_proc_ms=0.724 traceId=exp-perf5000-000348-7dd72504
zt-gateway  | [perf-request-in] ts_in=1777539091.469846 ts_out=1777539091.470519 gw_proc_ms=0.673 traceId=exp-perf5000-000351-2594d000
zt-gateway  | [perf-request-in] ts_in=1777539091.470181 ts_out=1777539091.470838 gw_proc_ms=0.657 traceId=exp-perf5000-000350-08be59a6
zt-gateway  | [perf-request-in] ts_in=1777539091.470560 ts_out=1777539091.471298 gw_proc_ms=0.738 traceId=exp-perf5000-000353-bb3cae28
zt-gateway  | [perf-request-in] ts_in=1777539091.470881 ts_out=1777539091.471638 gw_proc_ms=0.757 traceId=exp-perf5000-000352-beaf41e5
zt-gateway  | [perf-request-in] ts_in=1777539091.471345 ts_out=1777539091.472050 gw_proc_ms=0.705 traceId=exp-perf5000-000355-91d57d7e
zt-gateway  | [perf-request-in] ts_in=1777539091.471683 ts_out=1777539091.472340 gw_proc_ms=0.657 traceId=exp-perf5000-000354-f77677b7
zt-gateway  | [perf-request-in] ts_in=1777539091.472092 ts_out=1777539091.472803 gw_proc_ms=0.711 traceId=exp-perf5000-000357-87f1cb1d
zt-gateway  | [perf-request-in] ts_in=1777539091.472379 ts_out=1777539091.473081 gw_proc_ms=0.702 traceId=exp-perf5000-000356-b9b2c211
zt-gateway  | [perf-request-in] ts_in=1777539091.472841 ts_out=1777539091.473457 gw_proc_ms=0.616 traceId=exp-perf5000-000359-bb124098
zt-gateway  | [perf-request-in] ts_in=1777539091.473492 ts_out=1777539091.474514 gw_proc_ms=1.022 traceId=exp-perf5000-000361-b2fe2551
zt-gateway  | [perf-request-in] ts_in=1777539091.473127 ts_out=1777539091.474684 gw_proc_ms=1.557 traceId=exp-perf5000-000358-9b1fe730
zt-gateway  | [perf-request-in] ts_in=1777539091.474608 ts_out=1777539091.475964 gw_proc_ms=1.356 traceId=exp-perf5000-000363-110da033
zt-gateway  | [perf-request-in] ts_in=1777539091.476001 ts_out=1777539091.476928 gw_proc_ms=0.927 traceId=exp-perf5000-000365-65e56c4a
zt-gateway  | [perf-request-in] ts_in=1777539091.474762 ts_out=1777539091.477059 gw_proc_ms=2.297 traceId=exp-perf5000-000360-8e977bef
zt-gateway  | [perf-request-in] ts_in=1777539091.476957 ts_out=1777539091.477589 gw_proc_ms=0.632 traceId=exp-perf5000-000367-0c7f3531
zt-gateway  | [perf-request-in] ts_in=1777539091.477224 ts_out=1777539091.478136 gw_proc_ms=0.912 traceId=exp-perf5000-000362-75d1817e
zt-gateway  | [perf-request-in] ts_in=1777539091.477620 ts_out=1777539091.478389 gw_proc_ms=0.769 traceId=exp-perf5000-000369-724e4036
zt-gateway  | [perf-request-in] ts_in=1777539091.478173 ts_out=1777539091.478846 gw_proc_ms=0.673 traceId=exp-perf5000-000364-096ba2a2
zt-gateway  | [perf-request-in] ts_in=1777539091.478424 ts_out=1777539091.479223 gw_proc_ms=0.799 traceId=exp-perf5000-000371-23c24f41
zt-gateway  | [perf-request-in] ts_in=1777539091.478882 ts_out=1777539091.479537 gw_proc_ms=0.655 traceId=exp-perf5000-000366-9a5005b8
zt-gateway  | [perf-request-in] ts_in=1777539091.479267 ts_out=1777539091.479938 gw_proc_ms=0.671 traceId=exp-perf5000-000373-a9cce22d
zt-gateway  | [perf-request-in] ts_in=1777539091.479584 ts_out=1777539091.480646 gw_proc_ms=1.062 traceId=exp-perf5000-000368-54c494b3
zt-gateway  | [perf-request-in] ts_in=1777539091.479969 ts_out=1777539091.481137 gw_proc_ms=1.168 traceId=exp-perf5000-000375-2c4031e6
zt-gateway  | [perf-request-in] ts_in=1777539091.480690 ts_out=1777539091.481316 gw_proc_ms=0.626 traceId=exp-perf5000-000370-5793fcef
zt-gateway  | [perf-request-in] ts_in=1777539091.481182 ts_out=1777539091.482018 gw_proc_ms=0.836 traceId=exp-perf5000-000377-aa729a3f
zt-gateway  | [perf-request-in] ts_in=1777539091.481354 ts_out=1777539091.482165 gw_proc_ms=0.811 traceId=exp-perf5000-000372-4bc7fb77
zt-gateway  | [perf-request-in] ts_in=1777539091.482051 ts_out=1777539091.482860 gw_proc_ms=0.809 traceId=exp-perf5000-000379-b5ace444
zt-gateway  | [perf-request-in] ts_in=1777539091.482194 ts_out=1777539091.483012 gw_proc_ms=0.818 traceId=exp-perf5000-000374-55f89545
zt-gateway  | [perf-request-in] ts_in=1777539091.482898 ts_out=1777539091.483695 gw_proc_ms=0.797 traceId=exp-perf5000-000381-5185f229
zt-gateway  | [perf-request-in] ts_in=1777539091.483046 ts_out=1777539091.483818 gw_proc_ms=0.772 traceId=exp-perf5000-000376-e3c80f48
zt-gateway  | [perf-request-in] ts_in=1777539091.483728 ts_out=1777539091.484491 gw_proc_ms=0.763 traceId=exp-perf5000-000383-8ba7ea63
zt-gateway  | [perf-request-in] ts_in=1777539091.483854 ts_out=1777539091.484556 gw_proc_ms=0.702 traceId=exp-perf5000-000378-fabc74a6
zt-gateway  | [perf-request-in] ts_in=1777539091.484580 ts_out=1777539091.485337 gw_proc_ms=0.757 traceId=exp-perf5000-000385-3f592dbd
zt-gateway  | [perf-request-in] ts_in=1777539091.484600 ts_out=1777539091.485344 gw_proc_ms=0.744 traceId=exp-perf5000-000380-ac9d287f
zt-gateway  | [perf-request-in] ts_in=1777539091.485378 ts_out=1777539091.486001 gw_proc_ms=0.623 traceId=exp-perf5000-000387-de7dc2d9
zt-gateway  | [perf-request-in] ts_in=1777539091.485382 ts_out=1777539091.486486 gw_proc_ms=1.104 traceId=exp-perf5000-000382-a1235704
zt-gateway  | [perf-request-in] ts_in=1777539091.486039 ts_out=1777539091.486699 gw_proc_ms=0.660 traceId=exp-perf5000-000389-a0d833e4
zt-gateway  | [perf-request-in] ts_in=1777539091.486525 ts_out=1777539091.487143 gw_proc_ms=0.618 traceId=exp-perf5000-000384-c7146b08
zt-gateway  | [perf-request-in] ts_in=1777539091.486720 ts_out=1777539091.487348 gw_proc_ms=0.628 traceId=exp-perf5000-000391-3c8eb06a
zt-gateway  | [perf-request-in] ts_in=1777539091.487370 ts_out=1777539091.487994 gw_proc_ms=0.624 traceId=exp-perf5000-000393-e71e1720
zt-gateway  | [perf-request-in] ts_in=1777539091.487179 ts_out=1777539091.488592 gw_proc_ms=1.413 traceId=exp-perf5000-000386-90438d61
zt-gateway  | [perf-request-in] ts_in=1777539091.488025 ts_out=1777539091.488702 gw_proc_ms=0.677 traceId=exp-perf5000-000395-510f6d86
zt-gateway  | [perf-request-in] ts_in=1777539091.488633 ts_out=1777539091.489280 gw_proc_ms=0.647 traceId=exp-perf5000-000388-5b4ac798
zt-gateway  | [perf-request-in] ts_in=1777539091.488739 ts_out=1777539091.489396 gw_proc_ms=0.657 traceId=exp-perf5000-000397-e7d8d107
zt-gateway  | [perf-request-in] ts_in=1777539091.489318 ts_out=1777539091.489972 gw_proc_ms=0.654 traceId=exp-perf5000-000390-8cae1814
zt-gateway  | [perf-request-in] ts_in=1777539091.489435 ts_out=1777539091.490172 gw_proc_ms=0.737 traceId=exp-perf5000-000399-99d334c9
zt-gateway  | [perf-request-in] ts_in=1777539091.490016 ts_out=1777539091.490677 gw_proc_ms=0.661 traceId=exp-perf5000-000392-c5b3c53f
zt-gateway  | [perf-request-in] ts_in=1777539091.490218 ts_out=1777539091.490868 gw_proc_ms=0.650 traceId=exp-perf5000-000401-55e87e06
zt-gateway  | [perf-request-in] ts_in=1777539091.490720 ts_out=1777539091.491335 gw_proc_ms=0.615 traceId=exp-perf5000-000394-fdb803ea
zt-gateway  | [perf-request-in] ts_in=1777539091.490906 ts_out=1777539091.491895 gw_proc_ms=0.989 traceId=exp-perf5000-000403-62c772f1
zt-gateway  | [perf-request-in] ts_in=1777539091.491374 ts_out=1777539091.492024 gw_proc_ms=0.650 traceId=exp-perf5000-000396-b1385c3c
zt-gateway  | [perf-request-in] ts_in=1777539091.491944 ts_out=1777539091.492606 gw_proc_ms=0.662 traceId=exp-perf5000-000405-1144afa0
zt-gateway  | [perf-request-in] ts_in=1777539091.492061 ts_out=1777539091.492676 gw_proc_ms=0.615 traceId=exp-perf5000-000398-6ba6f0e3
zt-gateway  | [perf-request-in] ts_in=1777539091.492644 ts_out=1777539091.493274 gw_proc_ms=0.630 traceId=exp-perf5000-000407-55ae7894
zt-gateway  | [perf-request-in] ts_in=1777539091.492713 ts_out=1777539091.493426 gw_proc_ms=0.713 traceId=exp-perf5000-000400-d6f7e2ac
zt-gateway  | [perf-request-in] ts_in=1777539091.493305 ts_out=1777539091.493936 gw_proc_ms=0.631 traceId=exp-perf5000-000409-221f2033
zt-gateway  | [perf-request-in] ts_in=1777539091.493468 ts_out=1777539091.494101 gw_proc_ms=0.633 traceId=exp-perf5000-000402-cf068aa0
zt-gateway  | [perf-request-in] ts_in=1777539091.493969 ts_out=1777539091.494617 gw_proc_ms=0.648 traceId=exp-perf5000-000411-95def20b
zt-gateway  | [perf-request-in] ts_in=1777539091.494133 ts_out=1777539091.495256 gw_proc_ms=1.123 traceId=exp-perf5000-000404-452a9415
zt-gateway  | [perf-request-in] ts_in=1777539091.494662 ts_out=1777539091.495326 gw_proc_ms=0.664 traceId=exp-perf5000-000413-c9a71ec3
zt-gateway  | [perf-request-in] ts_in=1777539091.495305 ts_out=1777539091.496022 gw_proc_ms=0.717 traceId=exp-perf5000-000406-fd783734
zt-gateway  | [perf-request-in] ts_in=1777539091.495354 ts_out=1777539091.496732 gw_proc_ms=1.378 traceId=exp-perf5000-000415-7fc1f1e7
zt-gateway  | [perf-request-in] ts_in=1777539091.496071 ts_out=1777539091.496889 gw_proc_ms=0.818 traceId=exp-perf5000-000408-555a85b7
zt-gateway  | [perf-request-in] ts_in=1777539091.496931 ts_out=1777539091.497713 gw_proc_ms=0.782 traceId=exp-perf5000-000410-b7e24d0c
zt-gateway  | [perf-request-in] ts_in=1777539091.497760 ts_out=1777539091.498497 gw_proc_ms=0.737 traceId=exp-perf5000-000412-f29acbb3
zt-gateway  | [perf-request-in] ts_in=1777539091.496967 ts_out=1777539091.498536 gw_proc_ms=1.569 traceId=exp-perf5000-000417-d1ca02ec
zt-gateway  | [perf-request-in] ts_in=1777539091.498543 ts_out=1777539091.499246 gw_proc_ms=0.703 traceId=exp-perf5000-000414-3a4eaa75
zt-gateway  | [perf-request-in] ts_in=1777539091.498597 ts_out=1777539091.499317 gw_proc_ms=0.720 traceId=exp-perf5000-000419-b457a9ef
zt-gateway  | [perf-request-in] ts_in=1777539091.499292 ts_out=1777539091.500023 gw_proc_ms=0.731 traceId=exp-perf5000-000416-92d17e66
zt-gateway  | [perf-request-in] ts_in=1777539091.499364 ts_out=1777539091.500061 gw_proc_ms=0.697 traceId=exp-perf5000-000421-2a400e4c
zt-gateway  | [perf-request-in] ts_in=1777539091.500066 ts_out=1777539091.500757 gw_proc_ms=0.691 traceId=exp-perf5000-000418-f94fdb5d
zt-gateway  | [perf-request-in] ts_in=1777539091.500097 ts_out=1777539091.500776 gw_proc_ms=0.679 traceId=exp-perf5000-000423-a58b910c
zt-gateway  | [perf-request-in] ts_in=1777539091.500803 ts_out=1777539091.501496 gw_proc_ms=0.693 traceId=exp-perf5000-000420-c471eee6
zt-gateway  | [perf-request-in] ts_in=1777539091.500813 ts_out=1777539091.501496 gw_proc_ms=0.683 traceId=exp-perf5000-000425-844f36f9
zt-gateway  | [perf-request-in] ts_in=1777539091.501543 ts_out=1777539091.502243 gw_proc_ms=0.700 traceId=exp-perf5000-000427-ee67444d
zt-gateway  | [perf-request-in] ts_in=1777539091.501545 ts_out=1777539091.502245 gw_proc_ms=0.700 traceId=exp-perf5000-000422-fa53b44e
zt-gateway  | [perf-request-in] ts_in=1777539091.502281 ts_out=1777539091.502972 gw_proc_ms=0.691 traceId=exp-perf5000-000429-d6ff3858
zt-gateway  | [perf-request-in] ts_in=1777539091.502288 ts_out=1777539091.502972 gw_proc_ms=0.684 traceId=exp-perf5000-000424-5a6509da
zt-gateway  | [perf-request-in] ts_in=1777539091.503014 ts_out=1777539091.503737 gw_proc_ms=0.723 traceId=exp-perf5000-000431-3569e0d1
zt-gateway  | [perf-request-in] ts_in=1777539091.503023 ts_out=1777539091.503767 gw_proc_ms=0.744 traceId=exp-perf5000-000426-18404ccd
zt-gateway  | [perf-request-in] ts_in=1777539091.503793 ts_out=1777539091.504482 gw_proc_ms=0.689 traceId=exp-perf5000-000432-72b4c0cf
zt-gateway  | [perf-request-in] ts_in=1777539091.503809 ts_out=1777539091.504583 gw_proc_ms=0.774 traceId=exp-perf5000-000428-4931079d
zt-gateway  | [perf-request-in] ts_in=1777539091.504529 ts_out=1777539091.505213 gw_proc_ms=0.684 traceId=exp-perf5000-000434-7b07e50c
zt-gateway  | [perf-request-in] ts_in=1777539091.504751 ts_out=1777539091.505391 gw_proc_ms=0.640 traceId=exp-perf5000-000430-923d95a1
zt-gateway  | [perf-request-in] ts_in=1777539091.505263 ts_out=1777539091.505998 gw_proc_ms=0.735 traceId=exp-perf5000-000436-519b4e45
zt-gateway  | [perf-request-in] ts_in=1777539091.505435 ts_out=1777539091.506081 gw_proc_ms=0.646 traceId=exp-perf5000-000433-f6649c1e
zt-gateway  | [perf-request-in] ts_in=1777539091.506050 ts_out=1777539091.506710 gw_proc_ms=0.660 traceId=exp-perf5000-000438-4890cd4d
zt-gateway  | [perf-request-in] ts_in=1777539091.506122 ts_out=1777539091.506751 gw_proc_ms=0.629 traceId=exp-perf5000-000435-dfa666c0
zt-gateway  | [perf-request-in] ts_in=1777539091.506787 ts_out=1777539091.507391 gw_proc_ms=0.604 traceId=exp-perf5000-000437-2424fc9a
zt-gateway  | [perf-request-in] ts_in=1777539091.506771 ts_out=1777539091.507694 gw_proc_ms=0.923 traceId=exp-perf5000-000440-33abd5d5
zt-gateway  | [perf-request-in] ts_in=1777539091.507431 ts_out=1777539091.508132 gw_proc_ms=0.701 traceId=exp-perf5000-000439-643b1076
zt-gateway  | [perf-request-in] ts_in=1777539091.507745 ts_out=1777539091.508472 gw_proc_ms=0.727 traceId=exp-perf5000-000442-b73e42ee
zt-gateway  | [perf-request-in] ts_in=1777539091.508172 ts_out=1777539091.508860 gw_proc_ms=0.688 traceId=exp-perf5000-000441-f7473bd3
zt-gateway  | [perf-request-in] ts_in=1777539091.508519 ts_out=1777539091.509271 gw_proc_ms=0.752 traceId=exp-perf5000-000444-8f8a9fb8
zt-gateway  | [perf-request-in] ts_in=1777539091.508895 ts_out=1777539091.509619 gw_proc_ms=0.724 traceId=exp-perf5000-000443-65fdca17
zt-gateway  | [perf-request-in] ts_in=1777539091.509309 ts_out=1777539091.510069 gw_proc_ms=0.760 traceId=exp-perf5000-000446-e1ad39b7
zt-gateway  | [perf-request-in] ts_in=1777539091.509656 ts_out=1777539091.510391 gw_proc_ms=0.735 traceId=exp-perf5000-000445-d652d40a
zt-gateway  | [perf-request-in] ts_in=1777539091.510433 ts_out=1777539091.511096 gw_proc_ms=0.663 traceId=exp-perf5000-000447-115aaeeb
zt-gateway  | [perf-request-in] ts_in=1777539091.510250 ts_out=1777539091.511292 gw_proc_ms=1.042 traceId=exp-perf5000-000448-0833d104
zt-gateway  | [perf-request-in] ts_in=1777539091.511132 ts_out=1777539091.511829 gw_proc_ms=0.697 traceId=exp-perf5000-000449-118c920f
zt-gateway  | [perf-request-in] ts_in=1777539091.511343 ts_out=1777539091.512050 gw_proc_ms=0.707 traceId=exp-perf5000-000450-b4c92a63
zt-gateway  | [perf-request-in] ts_in=1777539091.511860 ts_out=1777539091.512500 gw_proc_ms=0.640 traceId=exp-perf5000-000451-620b85b0
zt-gateway  | [perf-request-in] ts_in=1777539091.512087 ts_out=1777539091.512745 gw_proc_ms=0.658 traceId=exp-perf5000-000452-3dcead87
zt-gateway  | [perf-request-in] ts_in=1777539091.512528 ts_out=1777539091.513142 gw_proc_ms=0.614 traceId=exp-perf5000-000453-5193bec8
zt-gateway  | [perf-request-in] ts_in=1777539091.512775 ts_out=1777539091.513365 gw_proc_ms=0.590 traceId=exp-perf5000-000454-878e0019
zt-gateway  | [perf-request-in] ts_in=1777539091.513165 ts_out=1777539091.513780 gw_proc_ms=0.615 traceId=exp-perf5000-000455-16da41d7
zt-gateway  | [perf-request-in] ts_in=1777539091.513388 ts_out=1777539091.514328 gw_proc_ms=0.940 traceId=exp-perf5000-000456-ec0f719b
zt-gateway  | [perf-request-in] ts_in=1777539091.513816 ts_out=1777539091.514450 gw_proc_ms=0.634 traceId=exp-perf5000-000457-74e3bde1
zt-gateway  | [perf-request-in] ts_in=1777539091.514365 ts_out=1777539091.515061 gw_proc_ms=0.696 traceId=exp-perf5000-000458-790e19ac
zt-gateway  | [perf-request-in] ts_in=1777539091.514483 ts_out=1777539091.515150 gw_proc_ms=0.667 traceId=exp-perf5000-000461-1dcdd5ad
zt-gateway  | [perf-request-in] ts_in=1777539091.515180 ts_out=1777539091.515818 gw_proc_ms=0.638 traceId=exp-perf5000-000463-858d423b
zt-gateway  | [perf-request-in] ts_in=1777539091.515101 ts_out=1777539091.515818 gw_proc_ms=0.717 traceId=exp-perf5000-000459-ff71d360
zt-gateway  | [perf-request-in] ts_in=1777539091.515847 ts_out=1777539091.516449 gw_proc_ms=0.602 traceId=exp-perf5000-000465-a5f3caa1
zt-gateway  | [perf-request-in] ts_in=1777539091.515853 ts_out=1777539091.516585 gw_proc_ms=0.732 traceId=exp-perf5000-000460-dee5b5f8
zt-gateway  | [perf-request-in] ts_in=1777539091.516487 ts_out=1777539091.517134 gw_proc_ms=0.647 traceId=exp-perf5000-000467-071c8add
zt-gateway  | [perf-request-in] ts_in=1777539091.516628 ts_out=1777539091.517343 gw_proc_ms=0.715 traceId=exp-perf5000-000462-c6aa78cd
zt-gateway  | [perf-request-in] ts_in=1777539091.517384 ts_out=1777539091.518081 gw_proc_ms=0.697 traceId=exp-perf5000-000464-400c6890
zt-gateway  | [perf-request-in] ts_in=1777539091.517317 ts_out=1777539091.518201 gw_proc_ms=0.884 traceId=exp-perf5000-000469-69400104
zt-gateway  | [perf-request-in] ts_in=1777539091.518119 ts_out=1777539091.518835 gw_proc_ms=0.716 traceId=exp-perf5000-000466-edb7719e
zt-gateway  | [perf-request-in] ts_in=1777539091.518247 ts_out=1777539091.519026 gw_proc_ms=0.779 traceId=exp-perf5000-000471-04b077eb
zt-gateway  | [perf-request-in] ts_in=1777539091.518865 ts_out=1777539091.519640 gw_proc_ms=0.775 traceId=exp-perf5000-000468-a09ed025
zt-gateway  | [perf-request-in] ts_in=1777539091.519057 ts_out=1777539091.519807 gw_proc_ms=0.750 traceId=exp-perf5000-000473-55f6d041
zt-gateway  | [perf-request-in] ts_in=1777539091.519695 ts_out=1777539091.520329 gw_proc_ms=0.634 traceId=exp-perf5000-000470-ff66950b
zt-gateway  | [perf-request-in] ts_in=1777539091.519848 ts_out=1777539091.520576 gw_proc_ms=0.728 traceId=exp-perf5000-000475-963e5a17
zt-gateway  | [perf-request-in] ts_in=1777539091.520364 ts_out=1777539091.521070 gw_proc_ms=0.706 traceId=exp-perf5000-000472-25c758fb
zt-gateway  | [perf-request-in] ts_in=1777539091.520627 ts_out=1777539091.521350 gw_proc_ms=0.723 traceId=exp-perf5000-000477-787fc3cc
zt-gateway  | [perf-request-in] ts_in=1777539091.521112 ts_out=1777539091.521790 gw_proc_ms=0.678 traceId=exp-perf5000-000474-36bd6740
zt-gateway  | [perf-request-in] ts_in=1777539091.521399 ts_out=1777539091.522106 gw_proc_ms=0.707 traceId=exp-perf5000-000478-c6a980a4
zt-gateway  | [perf-request-in] ts_in=1777539091.521828 ts_out=1777539091.522495 gw_proc_ms=0.667 traceId=exp-perf5000-000476-131b4e2a
zt-gateway  | [perf-request-in] ts_in=1777539091.522149 ts_out=1777539091.522904 gw_proc_ms=0.755 traceId=exp-perf5000-000482-ad7b2788
zt-gateway  | [perf-request-in] ts_in=1777539091.522534 ts_out=1777539091.523259 gw_proc_ms=0.725 traceId=exp-perf5000-000479-028c8d77
zt-gateway  | [perf-request-in] ts_in=1777539091.522949 ts_out=1777539091.523643 gw_proc_ms=0.694 traceId=exp-perf5000-000485-dbbfad60
zt-gateway  | [perf-request-in] ts_in=1777539091.523299 ts_out=1777539091.523982 gw_proc_ms=0.683 traceId=exp-perf5000-000480-4ccc04be
zt-gateway  | [perf-request-in] ts_in=1777539091.523788 ts_out=1777539091.524460 gw_proc_ms=0.672 traceId=exp-perf5000-000484-480ae7e7
zt-gateway  | [perf-request-in] ts_in=1777539091.524021 ts_out=1777539091.524707 gw_proc_ms=0.686 traceId=exp-perf5000-000481-d322cf24
zt-gateway  | [perf-request-in] ts_in=1777539091.524504 ts_out=1777539091.525194 gw_proc_ms=0.690 traceId=exp-perf5000-000486-f6ff6143
zt-gateway  | [perf-request-in] ts_in=1777539091.524747 ts_out=1777539091.525397 gw_proc_ms=0.650 traceId=exp-perf5000-000483-52d5c397
zt-gateway  | [perf-request-in] ts_in=1777539091.525237 ts_out=1777539091.525908 gw_proc_ms=0.671 traceId=exp-perf5000-000490-0cde594b
zt-gateway  | [perf-request-in] ts_in=1777539091.525435 ts_out=1777539091.526145 gw_proc_ms=0.710 traceId=exp-perf5000-000487-85b2f618
zt-gateway  | [perf-request-in] ts_in=1777539091.525945 ts_out=1777539091.526599 gw_proc_ms=0.654 traceId=exp-perf5000-000492-844b0571
zt-gateway  | [perf-request-in] ts_in=1777539091.526190 ts_out=1777539091.526873 gw_proc_ms=0.683 traceId=exp-perf5000-000488-a582257d
zt-gateway  | [perf-request-in] ts_in=1777539091.526636 ts_out=1777539091.527322 gw_proc_ms=0.686 traceId=exp-perf5000-000494-ba2a9231
zt-gateway  | [perf-request-in] ts_in=1777539091.526914 ts_out=1777539091.527551 gw_proc_ms=0.637 traceId=exp-perf5000-000489-38888f43
zt-gateway  | [perf-request-in] ts_in=1777539091.527597 ts_out=1777539091.528257 gw_proc_ms=0.660 traceId=exp-perf5000-000491-0f8ab004
zt-gateway  | [perf-request-in] ts_in=1777539091.527359 ts_out=1777539091.528621 gw_proc_ms=1.262 traceId=exp-perf5000-000496-62563aad
zt-gateway  | [perf-request-in] ts_in=1777539091.528294 ts_out=1777539091.528961 gw_proc_ms=0.667 traceId=exp-perf5000-000493-a5249c4a
zt-gateway  | [perf-request-in] ts_in=1777539091.528999 ts_out=1777539091.529660 gw_proc_ms=0.661 traceId=exp-perf5000-000495-fd721a5f
zt-gateway  | [perf-request-in] ts_in=1777539091.528815 ts_out=1777539091.529787 gw_proc_ms=0.972 traceId=exp-perf5000-000498-d574d7bd
zt-gateway  | [perf-request-in] ts_in=1777539091.529697 ts_out=1777539091.530321 gw_proc_ms=0.624 traceId=exp-perf5000-000497-9bd7203d
zt-gateway  | [perf-request-in] ts_in=1777539091.529941 ts_out=1777539091.530699 gw_proc_ms=0.758 traceId=exp-perf5000-000500-40e7764c
zt-gateway  | [perf-request-in] ts_in=1777539091.530355 ts_out=1777539091.531086 gw_proc_ms=0.731 traceId=exp-perf5000-000499-c7a20a62
zt-gateway  | [perf-request-in] ts_in=1777539091.531132 ts_out=1777539091.531784 gw_proc_ms=0.652 traceId=exp-perf5000-000501-2076c258
zt-gateway  | [perf-request-in] ts_in=1777539091.530798 ts_out=1777539091.532159 gw_proc_ms=1.361 traceId=exp-perf5000-000502-f9964969
zt-gateway  | [perf-request-in] ts_in=1777539091.531822 ts_out=1777539091.532477 gw_proc_ms=0.655 traceId=exp-perf5000-000504-e6a1ed1a
zt-gateway  | [perf-request-in] ts_in=1777539091.532510 ts_out=1777539091.533161 gw_proc_ms=0.651 traceId=exp-perf5000-000505-936ea80b
zt-gateway  | [perf-request-in] ts_in=1777539091.532355 ts_out=1777539091.533632 gw_proc_ms=1.277 traceId=exp-perf5000-000503-aab893d4
zt-gateway  | [perf-request-in] ts_in=1777539091.533194 ts_out=1777539091.533845 gw_proc_ms=0.651 traceId=exp-perf5000-000507-47bea906
zt-gateway  | [perf-request-in] ts_in=1777539091.533901 ts_out=1777539091.534608 gw_proc_ms=0.707 traceId=exp-perf5000-000509-43d78546
zt-gateway  | [perf-request-in] ts_in=1777539091.533954 ts_out=1777539091.535011 gw_proc_ms=1.057 traceId=exp-perf5000-000506-653f5ecf
zt-gateway  | [perf-request-in] ts_in=1777539091.534640 ts_out=1777539091.535337 gw_proc_ms=0.697 traceId=exp-perf5000-000512-179f22ec
zt-gateway  | [perf-request-in] ts_in=1777539091.535288 ts_out=1777539091.536012 gw_proc_ms=0.724 traceId=exp-perf5000-000508-c139fc4c
zt-gateway  | [perf-request-in] ts_in=1777539091.535370 ts_out=1777539091.536050 gw_proc_ms=0.680 traceId=exp-perf5000-000515-b2ad3bbb
zt-gateway  | [perf-request-in] ts_in=1777539091.536050 ts_out=1777539091.536659 gw_proc_ms=0.609 traceId=exp-perf5000-000510-16ea4bda
zt-gateway  | [perf-request-in] ts_in=1777539091.536083 ts_out=1777539091.536701 gw_proc_ms=0.618 traceId=exp-perf5000-000517-c154add4
zt-gateway  | [perf-request-in] ts_in=1777539091.536691 ts_out=1777539091.537329 gw_proc_ms=0.638 traceId=exp-perf5000-000511-7d04d43a
zt-gateway  | [perf-request-in] ts_in=1777539091.536731 ts_out=1777539091.537480 gw_proc_ms=0.749 traceId=exp-perf5000-000519-0ace1bb3
zt-gateway  | [perf-request-in] ts_in=1777539091.537364 ts_out=1777539091.538047 gw_proc_ms=0.683 traceId=exp-perf5000-000513-c546aec0
zt-gateway  | [perf-request-in] ts_in=1777539091.537515 ts_out=1777539091.538196 gw_proc_ms=0.681 traceId=exp-perf5000-000520-dafdae5c
zt-gateway  | [perf-request-in] ts_in=1777539091.538080 ts_out=1777539091.538749 gw_proc_ms=0.669 traceId=exp-perf5000-000514-c18b744c
zt-gateway  | [perf-request-in] ts_in=1777539091.538231 ts_out=1777539091.539014 gw_proc_ms=0.783 traceId=exp-perf5000-000523-bcfd2ad8
zt-gateway  | [perf-request-in] ts_in=1777539091.538785 ts_out=1777539091.539473 gw_proc_ms=0.688 traceId=exp-perf5000-000516-bd2241cc
zt-gateway  | [perf-request-in] ts_in=1777539091.539050 ts_out=1777539091.539806 gw_proc_ms=0.756 traceId=exp-perf5000-000524-d4c1f014
zt-gateway  | [perf-request-in] ts_in=1777539091.539514 ts_out=1777539091.540247 gw_proc_ms=0.733 traceId=exp-perf5000-000518-fe203b4b
zt-gateway  | [perf-request-in] ts_in=1777539091.539904 ts_out=1777539091.540608 gw_proc_ms=0.704 traceId=exp-perf5000-000526-718519c0
zt-gateway  | [perf-request-in] ts_in=1777539091.540291 ts_out=1777539091.541002 gw_proc_ms=0.711 traceId=exp-perf5000-000521-8a41dec7
zt-gateway  | [perf-request-in] ts_in=1777539091.540643 ts_out=1777539091.541351 gw_proc_ms=0.708 traceId=exp-perf5000-000529-a53536ce
zt-gateway  | [perf-request-in] ts_in=1777539091.541040 ts_out=1777539091.541739 gw_proc_ms=0.699 traceId=exp-perf5000-000522-5fda262f
zt-gateway  | [perf-request-in] ts_in=1777539091.541388 ts_out=1777539091.542035 gw_proc_ms=0.647 traceId=exp-perf5000-000530-62ffd72f
zt-gateway  | [perf-request-in] ts_in=1777539091.541784 ts_out=1777539091.542507 gw_proc_ms=0.723 traceId=exp-perf5000-000525-fb6398f5
zt-gateway  | [perf-request-in] ts_in=1777539091.542070 ts_out=1777539091.542824 gw_proc_ms=0.754 traceId=exp-perf5000-000532-15a9de0d
zt-gateway  | [perf-request-in] ts_in=1777539091.542546 ts_out=1777539091.543345 gw_proc_ms=0.799 traceId=exp-perf5000-000527-62c99695
zt-gateway  | [perf-request-in] ts_in=1777539091.542905 ts_out=1777539091.543546 gw_proc_ms=0.641 traceId=exp-perf5000-000534-dd0e660c
zt-gateway  | [perf-request-in] ts_in=1777539091.543387 ts_out=1777539091.544069 gw_proc_ms=0.682 traceId=exp-perf5000-000528-5d75c9f7
zt-gateway  | [perf-request-in] ts_in=1777539091.543585 ts_out=1777539091.544226 gw_proc_ms=0.641 traceId=exp-perf5000-000537-b089666d
zt-gateway  | [perf-request-in] ts_in=1777539091.544110 ts_out=1777539091.544871 gw_proc_ms=0.761 traceId=exp-perf5000-000531-7ba2c198
zt-gateway  | [perf-request-in] ts_in=1777539091.544265 ts_out=1777539091.545031 gw_proc_ms=0.766 traceId=exp-perf5000-000539-a79bd641
zt-gateway  | [perf-request-in] ts_in=1777539091.544915 ts_out=1777539091.545764 gw_proc_ms=0.849 traceId=exp-perf5000-000533-3db40420
zt-gateway  | [perf-request-in] ts_in=1777539091.545143 ts_out=1777539091.545834 gw_proc_ms=0.691 traceId=exp-perf5000-000541-816bbb9e
zt-gateway  | [perf-request-in] ts_in=1777539091.545806 ts_out=1777539091.546518 gw_proc_ms=0.712 traceId=exp-perf5000-000535-e93dd240
zt-gateway  | [perf-request-in] ts_in=1777539091.545872 ts_out=1777539091.546550 gw_proc_ms=0.678 traceId=exp-perf5000-000543-d3d3c892
zt-gateway  | [perf-request-in] ts_in=1777539091.546557 ts_out=1777539091.547302 gw_proc_ms=0.745 traceId=exp-perf5000-000536-96fb2b3f
zt-gateway  | [perf-request-in] ts_in=1777539091.546589 ts_out=1777539091.547404 gw_proc_ms=0.815 traceId=exp-perf5000-000545-9f2cccdf
zt-gateway  | [perf-request-in] ts_in=1777539091.547339 ts_out=1777539091.548252 gw_proc_ms=0.913 traceId=exp-perf5000-000538-d4125f9c
zt-gateway  | [perf-request-in] ts_in=1777539091.547723 ts_out=1777539091.548397 gw_proc_ms=0.674 traceId=exp-perf5000-000548-3b85239b
zt-gateway  | [perf-request-in] ts_in=1777539091.548289 ts_out=1777539091.549102 gw_proc_ms=0.813 traceId=exp-perf5000-000540-b7fc869a
zt-gateway  | [perf-request-in] ts_in=1777539091.548630 ts_out=1777539091.549312 gw_proc_ms=0.682 traceId=exp-perf5000-000550-7f45f0bb
zt-gateway  | [perf-request-in] ts_in=1777539091.549145 ts_out=1777539091.550029 gw_proc_ms=0.884 traceId=exp-perf5000-000542-3949dfde
zt-gateway  | [perf-request-in] ts_in=1777539091.549431 ts_out=1777539091.550197 gw_proc_ms=0.766 traceId=exp-perf5000-000553-fd72532e
zt-gateway  | [perf-request-in] ts_in=1777539091.550071 ts_out=1777539091.550865 gw_proc_ms=0.794 traceId=exp-perf5000-000544-b476be71
zt-gateway  | [perf-request-in] ts_in=1777539091.550265 ts_out=1777539091.551034 gw_proc_ms=0.769 traceId=exp-perf5000-000554-d9806359
zt-gateway  | [perf-request-in] ts_in=1777539091.550902 ts_out=1777539091.551672 gw_proc_ms=0.770 traceId=exp-perf5000-000546-9bd83160
zt-gateway  | [perf-request-in] ts_in=1777539091.551082 ts_out=1777539091.551755 gw_proc_ms=0.673 traceId=exp-perf5000-000558-14b65113
zt-gateway  | [perf-request-in] ts_in=1777539091.551867 ts_out=1777539091.552706 gw_proc_ms=0.839 traceId=exp-perf5000-000559-d9396916
zt-gateway  | [perf-request-in] ts_in=1777539091.551712 ts_out=1777539091.552722 gw_proc_ms=1.010 traceId=exp-perf5000-000547-70b70d5a
zt-gateway  | [perf-request-in] ts_in=1777539091.552767 ts_out=1777539091.553478 gw_proc_ms=0.711 traceId=exp-perf5000-000549-8a431ce0
zt-gateway  | [perf-request-in] ts_in=1777539091.552774 ts_out=1777539091.553516 gw_proc_ms=0.742 traceId=exp-perf5000-000561-b80ca691
zt-gateway  | [perf-request-in] ts_in=1777539091.553514 ts_out=1777539091.554260 gw_proc_ms=0.746 traceId=exp-perf5000-000551-98b66377
zt-gateway  | [perf-request-in] ts_in=1777539091.553689 ts_out=1777539091.554434 gw_proc_ms=0.745 traceId=exp-perf5000-000566-d34e6b14
zt-gateway  | [perf-request-in] ts_in=1777539091.554296 ts_out=1777539091.554953 gw_proc_ms=0.657 traceId=exp-perf5000-000552-bbd7b1ce
zt-gateway  | [perf-request-in] ts_in=1777539091.554473 ts_out=1777539091.555148 gw_proc_ms=0.675 traceId=exp-perf5000-000567-c837b5ca
zt-gateway  | [perf-request-in] ts_in=1777539091.554985 ts_out=1777539091.555642 gw_proc_ms=0.657 traceId=exp-perf5000-000555-62d0d638
zt-gateway  | [perf-request-in] ts_in=1777539091.555203 ts_out=1777539091.555956 gw_proc_ms=0.753 traceId=exp-perf5000-000568-9468cdb5
zt-gateway  | [perf-request-in] ts_in=1777539091.555677 ts_out=1777539091.556463 gw_proc_ms=0.786 traceId=exp-perf5000-000556-a9a7f956
zt-gateway  | [perf-request-in] ts_in=1777539091.556027 ts_out=1777539091.556805 gw_proc_ms=0.778 traceId=exp-perf5000-000569-4f5be743
zt-gateway  | [perf-request-in] ts_in=1777539091.556505 ts_out=1777539091.557272 gw_proc_ms=0.767 traceId=exp-perf5000-000557-98b1a67b
zt-gateway  | [perf-request-in] ts_in=1777539091.556878 ts_out=1777539091.557658 gw_proc_ms=0.780 traceId=exp-perf5000-000570-712a51f9
zt-gateway  | [perf-request-in] ts_in=1777539091.557313 ts_out=1777539091.558218 gw_proc_ms=0.905 traceId=exp-perf5000-000560-5616d91e
zt-gateway  | [perf-request-in] ts_in=1777539091.557776 ts_out=1777539091.558606 gw_proc_ms=0.830 traceId=exp-perf5000-000572-6b7b3055
zt-gateway  | [perf-request-in] ts_in=1777539091.558371 ts_out=1777539091.559703 gw_proc_ms=1.332 traceId=exp-perf5000-000562-f05325cb
zt-gateway  | [perf-request-in] ts_in=1777539091.559884 ts_out=1777539091.560619 gw_proc_ms=0.735 traceId=exp-perf5000-000563-44a2ba25
zt-gateway  | [perf-request-in] ts_in=1777539091.559901 ts_out=1777539091.560625 gw_proc_ms=0.724 traceId=exp-perf5000-000574-1b6fb1b3
zt-gateway  | [perf-request-in] ts_in=1777539091.560664 ts_out=1777539091.561586 gw_proc_ms=0.922 traceId=exp-perf5000-000564-3e309764
zt-gateway  | [perf-request-in] ts_in=1777539091.560890 ts_out=1777539091.561588 gw_proc_ms=0.698 traceId=exp-perf5000-000576-52a125dd
zt-gateway  | [perf-request-in] ts_in=1777539091.561633 ts_out=1777539091.562347 gw_proc_ms=0.714 traceId=exp-perf5000-000578-d5480a98
zt-gateway  | [perf-request-in] ts_in=1777539091.561630 ts_out=1777539091.562347 gw_proc_ms=0.717 traceId=exp-perf5000-000565-d726b9ad
zt-gateway  | [perf-request-in] ts_in=1777539091.562384 ts_out=1777539091.563039 gw_proc_ms=0.655 traceId=exp-perf5000-000580-511f6a54
zt-gateway  | [perf-request-in] ts_in=1777539091.562385 ts_out=1777539091.563063 gw_proc_ms=0.678 traceId=exp-perf5000-000571-9ddf33db
zt-gateway  | [perf-request-in] ts_in=1777539091.563071 ts_out=1777539091.563701 gw_proc_ms=0.630 traceId=exp-perf5000-000582-9b8e9f67
zt-gateway  | [perf-request-in] ts_in=1777539091.563099 ts_out=1777539091.563753 gw_proc_ms=0.654 traceId=exp-perf5000-000573-ddb90d4b
zt-gateway  | [perf-request-in] ts_in=1777539091.563734 ts_out=1777539091.564359 gw_proc_ms=0.625 traceId=exp-perf5000-000584-ba04e334
zt-gateway  | [perf-request-in] ts_in=1777539091.563795 ts_out=1777539091.564478 gw_proc_ms=0.683 traceId=exp-perf5000-000575-de317e4e
zt-gateway  | [perf-request-in] ts_in=1777539091.564401 ts_out=1777539091.565092 gw_proc_ms=0.691 traceId=exp-perf5000-000586-98b5c7d6
zt-gateway  | [perf-request-in] ts_in=1777539091.564534 ts_out=1777539091.565232 gw_proc_ms=0.698 traceId=exp-perf5000-000577-9aab8a9a
zt-gateway  | [perf-request-in] ts_in=1777539091.565130 ts_out=1777539091.565913 gw_proc_ms=0.783 traceId=exp-perf5000-000588-23938389
zt-gateway  | [perf-request-in] ts_in=1777539091.565289 ts_out=1777539091.566077 gw_proc_ms=0.788 traceId=exp-perf5000-000579-0d6b342e
zt-gateway  | [perf-request-in] ts_in=1777539091.565954 ts_out=1777539091.566627 gw_proc_ms=0.673 traceId=exp-perf5000-000590-98144543
zt-gateway  | [perf-request-in] ts_in=1777539091.566118 ts_out=1777539091.566870 gw_proc_ms=0.752 traceId=exp-perf5000-000581-4506f335
zt-gateway  | [perf-request-in] ts_in=1777539091.566668 ts_out=1777539091.567343 gw_proc_ms=0.675 traceId=exp-perf5000-000592-d4619ebb
zt-gateway  | [perf-request-in] ts_in=1777539091.566900 ts_out=1777539091.567546 gw_proc_ms=0.646 traceId=exp-perf5000-000583-65f120dd
zt-gateway  | [perf-request-in] ts_in=1777539091.567379 ts_out=1777539091.568090 gw_proc_ms=0.711 traceId=exp-perf5000-000593-ffdd7aec
zt-gateway  | [perf-request-in] ts_in=1777539091.567681 ts_out=1777539091.568412 gw_proc_ms=0.731 traceId=exp-perf5000-000585-d4272bbb
zt-gateway  | [perf-request-in] ts_in=1777539091.568131 ts_out=1777539091.568846 gw_proc_ms=0.715 traceId=exp-perf5000-000595-57c3e912
zt-gateway  | [perf-request-in] ts_in=1777539091.568452 ts_out=1777539091.569231 gw_proc_ms=0.779 traceId=exp-perf5000-000587-d424209d
zt-gateway  | [perf-request-in] ts_in=1777539091.568889 ts_out=1777539091.569526 gw_proc_ms=0.637 traceId=exp-perf5000-000596-52749174
zt-gateway  | [perf-request-in] ts_in=1777539091.569270 ts_out=1777539091.569981 gw_proc_ms=0.711 traceId=exp-perf5000-000589-973be810
zt-gateway  | [perf-request-in] ts_in=1777539091.569609 ts_out=1777539091.570317 gw_proc_ms=0.708 traceId=exp-perf5000-000598-869cf7b5
zt-gateway  | [perf-request-in] ts_in=1777539091.570016 ts_out=1777539091.570710 gw_proc_ms=0.694 traceId=exp-perf5000-000591-f72b800a
zt-gateway  | [perf-request-in] ts_in=1777539091.570362 ts_out=1777539091.571157 gw_proc_ms=0.795 traceId=exp-perf5000-000600-00648f01
zt-gateway  | [perf-request-in] ts_in=1777539091.570744 ts_out=1777539091.571503 gw_proc_ms=0.759 traceId=exp-perf5000-000594-74583634
zt-gateway  | [perf-request-in] ts_in=1777539091.571196 ts_out=1777539091.571962 gw_proc_ms=0.766 traceId=exp-perf5000-000601-43d0e078
zt-gateway  | [perf-request-in] ts_in=1777539091.571541 ts_out=1777539091.572322 gw_proc_ms=0.781 traceId=exp-perf5000-000597-b0274ec1
zt-gateway  | [perf-request-in] ts_in=1777539091.572008 ts_out=1777539091.572757 gw_proc_ms=0.749 traceId=exp-perf5000-000603-477fbbee
zt-gateway  | [perf-request-in] ts_in=1777539091.572363 ts_out=1777539091.573191 gw_proc_ms=0.828 traceId=exp-perf5000-000599-8e6dd1bb
zt-gateway  | [perf-request-in] ts_in=1777539091.572919 ts_out=1777539091.573647 gw_proc_ms=0.728 traceId=exp-perf5000-000604-ef3fc2aa
zt-gateway  | [perf-request-in] ts_in=1777539091.573253 ts_out=1777539091.574121 gw_proc_ms=0.868 traceId=exp-perf5000-000602-4af8142e
zt-gateway  | [perf-request-in] ts_in=1777539091.573951 ts_out=1777539091.574836 gw_proc_ms=0.885 traceId=exp-perf5000-000606-b9857a8b
zt-gateway  | [perf-request-in] ts_in=1777539091.574249 ts_out=1777539091.575244 gw_proc_ms=0.995 traceId=exp-perf5000-000605-8035d02f
zt-gateway  | [perf-request-in] ts_in=1777539091.574973 ts_out=1777539091.575866 gw_proc_ms=0.893 traceId=exp-perf5000-000607-cfa2b936
zt-gateway  | [perf-request-in] ts_in=1777539091.575359 ts_out=1777539091.576089 gw_proc_ms=0.730 traceId=exp-perf5000-000608-52c038d3
zt-gateway  | [perf-request-in] ts_in=1777539091.575904 ts_out=1777539091.576611 gw_proc_ms=0.707 traceId=exp-perf5000-000609-2f6c04e8
zt-gateway  | [perf-request-in] ts_in=1777539091.576123 ts_out=1777539091.576871 gw_proc_ms=0.748 traceId=exp-perf5000-000611-f197d8af
zt-gateway  | [perf-request-in] ts_in=1777539091.576658 ts_out=1777539091.577402 gw_proc_ms=0.744 traceId=exp-perf5000-000610-097bd412
zt-gateway  | [perf-request-in] ts_in=1777539091.576915 ts_out=1777539091.577732 gw_proc_ms=0.817 traceId=exp-perf5000-000613-a5709f25
zt-gateway  | [perf-request-in] ts_in=1777539091.577438 ts_out=1777539091.578308 gw_proc_ms=0.870 traceId=exp-perf5000-000612-38849bda
zt-gateway  | [perf-request-in] ts_in=1777539091.577833 ts_out=1777539091.578913 gw_proc_ms=1.080 traceId=exp-perf5000-000614-9392952f
zt-gateway  | [perf-request-in] ts_in=1777539091.578442 ts_out=1777539091.579336 gw_proc_ms=0.894 traceId=exp-perf5000-000615-4f4cd1b1
zt-gateway  | [perf-request-in] ts_in=1777539091.578951 ts_out=1777539091.579946 gw_proc_ms=0.995 traceId=exp-perf5000-000616-8da6bbbb
zt-gateway  | [perf-request-in] ts_in=1777539091.579378 ts_out=1777539091.580306 gw_proc_ms=0.928 traceId=exp-perf5000-000617-42f5952c
zt-gateway  | [perf-request-in] ts_in=1777539091.579987 ts_out=1777539091.580786 gw_proc_ms=0.799 traceId=exp-perf5000-000618-d0a0b682
zt-gateway  | [perf-request-in] ts_in=1777539091.580422 ts_out=1777539091.581741 gw_proc_ms=1.319 traceId=exp-perf5000-000619-709a5247
zt-gateway  | [perf-request-in] ts_in=1777539091.581292 ts_out=1777539091.582284 gw_proc_ms=0.992 traceId=exp-perf5000-000620-fa4516ec
zt-gateway  | [perf-request-in] ts_in=1777539091.581788 ts_out=1777539091.582524 gw_proc_ms=0.736 traceId=exp-perf5000-000621-ad24fe9c
zt-gateway  | [perf-request-in] ts_in=1777539091.582320 ts_out=1777539091.583268 gw_proc_ms=0.948 traceId=exp-perf5000-000622-c2112836
zt-gateway  | [perf-request-in] ts_in=1777539091.582560 ts_out=1777539091.583378 gw_proc_ms=0.818 traceId=exp-perf5000-000623-29cf5924
zt-gateway  | [perf-request-in] ts_in=1777539091.583311 ts_out=1777539091.584497 gw_proc_ms=1.186 traceId=exp-perf5000-000624-945a3379
zt-gateway  | [perf-request-in] ts_in=1777539091.583480 ts_out=1777539091.584520 gw_proc_ms=1.040 traceId=exp-perf5000-000625-049d0a00
zt-gateway  | [perf-request-in] ts_in=1777539091.584556 ts_out=1777539091.585398 gw_proc_ms=0.842 traceId=exp-perf5000-000627-671f5526
zt-gateway  | [perf-request-in] ts_in=1777539091.584539 ts_out=1777539091.585448 gw_proc_ms=0.909 traceId=exp-perf5000-000626-33e428e4
zt-gateway  | [perf-request-in] ts_in=1777539091.585436 ts_out=1777539091.586353 gw_proc_ms=0.917 traceId=exp-perf5000-000629-43d54f51
zt-gateway  | [perf-request-in] ts_in=1777539091.585494 ts_out=1777539091.586357 gw_proc_ms=0.863 traceId=exp-perf5000-000628-4aceefbe
zt-gateway  | [perf-request-in] ts_in=1777539091.586393 ts_out=1777539091.587138 gw_proc_ms=0.745 traceId=exp-perf5000-000631-e925996a
zt-gateway  | [perf-request-in] ts_in=1777539091.586512 ts_out=1777539091.587141 gw_proc_ms=0.629 traceId=exp-perf5000-000630-23f0e1b5
zt-gateway  | [perf-request-in] ts_in=1777539091.587175 ts_out=1777539091.587867 gw_proc_ms=0.692 traceId=exp-perf5000-000632-8564645d
zt-gateway  | [perf-request-in] ts_in=1777539091.587182 ts_out=1777539091.587937 gw_proc_ms=0.755 traceId=exp-perf5000-000633-8350c21c
zt-gateway  | [perf-request-in] ts_in=1777539091.587904 ts_out=1777539091.588577 gw_proc_ms=0.673 traceId=exp-perf5000-000634-461f222c
zt-gateway  | [perf-request-in] ts_in=1777539091.588034 ts_out=1777539091.588665 gw_proc_ms=0.631 traceId=exp-perf5000-000635-28da2b38
zt-gateway  | [perf-request-in] ts_in=1777539091.588611 ts_out=1777539091.589325 gw_proc_ms=0.714 traceId=exp-perf5000-000636-91c67a45
zt-gateway  | [perf-request-in] ts_in=1777539091.588744 ts_out=1777539091.589516 gw_proc_ms=0.772 traceId=exp-perf5000-000639-2f6efc4a
zt-gateway  | [perf-request-in] ts_in=1777539091.589374 ts_out=1777539091.590102 gw_proc_ms=0.728 traceId=exp-perf5000-000637-d9c6c313
zt-gateway  | [perf-request-in] ts_in=1777539091.589555 ts_out=1777539091.590305 gw_proc_ms=0.750 traceId=exp-perf5000-000640-f8a181f1
zt-gateway  | [perf-request-in] ts_in=1777539091.590143 ts_out=1777539091.590887 gw_proc_ms=0.744 traceId=exp-perf5000-000638-f098f9f4
zt-gateway  | [perf-request-in] ts_in=1777539091.590388 ts_out=1777539091.591083 gw_proc_ms=0.695 traceId=exp-perf5000-000641-a504b87c
zt-gateway  | [perf-request-in] ts_in=1777539091.590989 ts_out=1777539091.591738 gw_proc_ms=0.749 traceId=exp-perf5000-000642-46f3d341
zt-gateway  | [perf-request-in] ts_in=1777539091.591195 ts_out=1777539091.591981 gw_proc_ms=0.786 traceId=exp-perf5000-000643-45319378
zt-gateway  | [perf-request-in] ts_in=1777539091.591777 ts_out=1777539091.592614 gw_proc_ms=0.837 traceId=exp-perf5000-000644-fead7393
zt-gateway  | [perf-request-in] ts_in=1777539091.592176 ts_out=1777539091.592872 gw_proc_ms=0.696 traceId=exp-perf5000-000645-f77fe913
zt-gateway  | [perf-request-in] ts_in=1777539091.592749 ts_out=1777539091.593390 gw_proc_ms=0.641 traceId=exp-perf5000-000646-b02c0c00
zt-gateway  | [perf-request-in] ts_in=1777539091.593052 ts_out=1777539091.593826 gw_proc_ms=0.774 traceId=exp-perf5000-000647-a61c5fb2
zt-gateway  | [perf-request-in] ts_in=1777539091.593429 ts_out=1777539091.594316 gw_proc_ms=0.887 traceId=exp-perf5000-000648-a28e20e9
zt-gateway  | [perf-request-in] ts_in=1777539091.593986 ts_out=1777539091.594839 gw_proc_ms=0.853 traceId=exp-perf5000-000649-c4923b50
zt-gateway  | [perf-request-in] ts_in=1777539091.594494 ts_out=1777539091.595332 gw_proc_ms=0.838 traceId=exp-perf5000-000650-eaca9093
zt-gateway  | [perf-request-in] ts_in=1777539091.594981 ts_out=1777539091.595841 gw_proc_ms=0.860 traceId=exp-perf5000-000651-3ce4c453
zt-gateway  | [perf-request-in] ts_in=1777539091.595442 ts_out=1777539091.596286 gw_proc_ms=0.844 traceId=exp-perf5000-000653-8d228658
zt-gateway  | [perf-request-in] ts_in=1777539091.595987 ts_out=1777539091.596867 gw_proc_ms=0.880 traceId=exp-perf5000-000652-db495a5d
zt-gateway  | [perf-request-in] ts_in=1777539091.596436 ts_out=1777539091.597342 gw_proc_ms=0.906 traceId=exp-perf5000-000654-3b735c6f
zt-gateway  | [perf-request-in] ts_in=1777539091.597015 ts_out=1777539091.597811 gw_proc_ms=0.796 traceId=exp-perf5000-000655-9c4e6693
zt-gateway  | [perf-request-in] ts_in=1777539091.597463 ts_out=1777539091.598202 gw_proc_ms=0.739 traceId=exp-perf5000-000656-56115a83
zt-gateway  | [perf-request-in] ts_in=1777539091.597911 ts_out=1777539091.598559 gw_proc_ms=0.648 traceId=exp-perf5000-000657-8f482fba
zt-gateway  | [perf-request-in] ts_in=1777539091.598332 ts_out=1777539091.599084 gw_proc_ms=0.752 traceId=exp-perf5000-000658-a008cece
zt-gateway  | [perf-request-in] ts_in=1777539091.598703 ts_out=1777539091.599416 gw_proc_ms=0.713 traceId=exp-perf5000-000659-decc232d
zt-gateway  | [perf-request-in] ts_in=1777539091.599220 ts_out=1777539091.599982 gw_proc_ms=0.762 traceId=exp-perf5000-000660-d3f8e78f
zt-gateway  | [perf-request-in] ts_in=1777539091.599617 ts_out=1777539091.600363 gw_proc_ms=0.746 traceId=exp-perf5000-000661-e11a4b01
zt-gateway  | [perf-request-in] ts_in=1777539091.600024 ts_out=1777539091.600721 gw_proc_ms=0.697 traceId=exp-perf5000-000662-1e88f52c
zt-gateway  | [perf-request-in] ts_in=1777539091.600400 ts_out=1777539091.601161 gw_proc_ms=0.761 traceId=exp-perf5000-000663-e1c84d05
zt-gateway  | [perf-request-in] ts_in=1777539091.600818 ts_out=1777539091.601531 gw_proc_ms=0.713 traceId=exp-perf5000-000664-257259cf
zt-gateway  | [perf-request-in] ts_in=1777539091.601279 ts_out=1777539091.602113 gw_proc_ms=0.834 traceId=exp-perf5000-000665-4f97b33b
zt-gateway  | [perf-request-in] ts_in=1777539091.601711 ts_out=1777539091.602433 gw_proc_ms=0.722 traceId=exp-perf5000-000666-e9d901ef
zt-gateway  | [perf-request-in] ts_in=1777539091.602152 ts_out=1777539091.602889 gw_proc_ms=0.737 traceId=exp-perf5000-000668-98461e08
zt-gateway  | [perf-request-in] ts_in=1777539091.602486 ts_out=1777539091.603180 gw_proc_ms=0.694 traceId=exp-perf5000-000667-52d31a99
zt-gateway  | [perf-request-in] ts_in=1777539091.602958 ts_out=1777539091.603778 gw_proc_ms=0.820 traceId=exp-perf5000-000670-da7c20c2
zt-gateway  | [perf-request-in] ts_in=1777539091.603312 ts_out=1777539091.604268 gw_proc_ms=0.956 traceId=exp-perf5000-000669-5f06fca7
zt-gateway  | [perf-request-in] ts_in=1777539091.604010 ts_out=1777539091.605377 gw_proc_ms=1.367 traceId=exp-perf5000-000672-c393dde3
zt-gateway  | [perf-request-in] ts_in=1777539091.604432 ts_out=1777539091.605902 gw_proc_ms=1.470 traceId=exp-perf5000-000671-4a0c5382
zt-gateway  | [perf-request-in] ts_in=1777539091.605465 ts_out=1777539091.606385 gw_proc_ms=0.920 traceId=exp-perf5000-000673-58de1b77
zt-gateway  | [perf-request-in] ts_in=1777539091.605958 ts_out=1777539091.606745 gw_proc_ms=0.787 traceId=exp-perf5000-000674-8de78a78
zt-gateway  | [perf-request-in] ts_in=1777539091.606428 ts_out=1777539091.607304 gw_proc_ms=0.876 traceId=exp-perf5000-000675-c127f97f
zt-gateway  | [perf-request-in] ts_in=1777539091.606961 ts_out=1777539091.607760 gw_proc_ms=0.799 traceId=exp-perf5000-000676-92033476
zt-gateway  | [perf-request-in] ts_in=1777539091.607376 ts_out=1777539091.608221 gw_proc_ms=0.845 traceId=exp-perf5000-000677-6bb0c353
zt-gateway  | [perf-request-in] ts_in=1777539091.607939 ts_out=1777539091.608734 gw_proc_ms=0.795 traceId=exp-perf5000-000678-57249750
zt-gateway  | [perf-request-in] ts_in=1777539091.608371 ts_out=1777539091.609237 gw_proc_ms=0.866 traceId=exp-perf5000-000680-5e9ff65c
zt-gateway  | [perf-request-in] ts_in=1777539091.608909 ts_out=1777539091.609759 gw_proc_ms=0.850 traceId=exp-perf5000-000679-398332d6
zt-gateway  | [perf-request-in] ts_in=1777539091.609381 ts_out=1777539091.610116 gw_proc_ms=0.735 traceId=exp-perf5000-000681-ef097c7e
zt-gateway  | [perf-request-in] ts_in=1777539091.609921 ts_out=1777539091.610718 gw_proc_ms=0.797 traceId=exp-perf5000-000682-6af91768
zt-gateway  | [perf-request-in] ts_in=1777539091.610244 ts_out=1777539091.611478 gw_proc_ms=1.234 traceId=exp-perf5000-000683-98f9cf39
zt-gateway  | [perf-request-in] ts_in=1777539091.611353 ts_out=1777539091.612711 gw_proc_ms=1.358 traceId=exp-perf5000-000684-9a50f90a
zt-gateway  | [perf-request-in] ts_in=1777539091.611860 ts_out=1777539091.612999 gw_proc_ms=1.139 traceId=exp-perf5000-000685-07c37bc5
zt-gateway  | [perf-request-in] ts_in=1777539091.612894 ts_out=1777539091.614083 gw_proc_ms=1.189 traceId=exp-perf5000-000686-074dbb90
zt-gateway  | [perf-request-in] ts_in=1777539091.613195 ts_out=1777539091.614107 gw_proc_ms=0.912 traceId=exp-perf5000-000687-f18230ac
zt-gateway  | [perf-request-in] ts_in=1777539091.614148 ts_out=1777539091.616310 gw_proc_ms=2.162 traceId=exp-perf5000-000688-0161344a
zt-gateway  | [perf-request-in] ts_in=1777539091.614322 ts_out=1777539091.616525 gw_proc_ms=2.203 traceId=exp-perf5000-000689-31a47927
zt-gateway  | [perf-request-in] ts_in=1777539091.617204 ts_out=1777539091.619342 gw_proc_ms=2.138 traceId=exp-perf5000-000690-fd0ef226
zt-gateway  | [perf-request-in] ts_in=1777539091.616952 ts_out=1777539091.619336 gw_proc_ms=2.384 traceId=exp-perf5000-000691-98db485b
zt-gateway  | [perf-request-in] ts_in=1777539091.619589 ts_out=1777539091.620928 gw_proc_ms=1.339 traceId=exp-perf5000-000692-6bd8e64f
zt-gateway  | [perf-request-in] ts_in=1777539091.619949 ts_out=1777539091.621097 gw_proc_ms=1.148 traceId=exp-perf5000-000693-7f4dd078
zt-gateway  | [perf-request-in] ts_in=1777539091.621262 ts_out=1777539091.622690 gw_proc_ms=1.428 traceId=exp-perf5000-000695-387c3342
zt-gateway  | [perf-request-in] ts_in=1777539091.620988 ts_out=1777539091.622691 gw_proc_ms=1.703 traceId=exp-perf5000-000694-9fa7f119
zt-gateway  | [perf-request-in] ts_in=1777539091.622874 ts_out=1777539091.624268 gw_proc_ms=1.394 traceId=exp-perf5000-000696-feed90b7
zt-gateway  | [perf-request-in] ts_in=1777539091.622744 ts_out=1777539091.624531 gw_proc_ms=1.787 traceId=exp-perf5000-000697-99fe954e
zt-gateway  | [perf-request-in] ts_in=1777539091.624408 ts_out=1777539091.626093 gw_proc_ms=1.685 traceId=exp-perf5000-000698-7ceda447
zt-gateway  | [perf-request-in] ts_in=1777539091.624791 ts_out=1777539091.626273 gw_proc_ms=1.482 traceId=exp-perf5000-000699-34ee9a63
zt-gateway  | [perf-request-in] ts_in=1777539091.626249 ts_out=1777539091.627834 gw_proc_ms=1.585 traceId=exp-perf5000-000700-af590d87
zt-gateway  | [perf-request-in] ts_in=1777539091.626399 ts_out=1777539091.628190 gw_proc_ms=1.791 traceId=exp-perf5000-000701-d152467e
zt-gateway  | [perf-request-in] ts_in=1777539091.627936 ts_out=1777539091.628669 gw_proc_ms=0.733 traceId=exp-perf5000-000702-a96e3f75
zt-gateway  | [perf-request-in] ts_in=1777539091.628247 ts_out=1777539091.628935 gw_proc_ms=0.688 traceId=exp-perf5000-000703-669c3e8d
zt-gateway  | [perf-request-in] ts_in=1777539091.628716 ts_out=1777539091.629352 gw_proc_ms=0.636 traceId=exp-perf5000-000704-6e97c077
zt-gateway  | [perf-request-in] ts_in=1777539091.628969 ts_out=1777539091.629670 gw_proc_ms=0.701 traceId=exp-perf5000-000705-a44690e3
zt-gateway  | [perf-request-in] ts_in=1777539091.629392 ts_out=1777539091.630312 gw_proc_ms=0.920 traceId=exp-perf5000-000706-6fada6c3
zt-gateway  | [perf-request-in] ts_in=1777539091.629745 ts_out=1777539091.630434 gw_proc_ms=0.689 traceId=exp-perf5000-000707-9ee7ebf9
zt-gateway  | [perf-request-in] ts_in=1777539091.630381 ts_out=1777539091.631107 gw_proc_ms=0.726 traceId=exp-perf5000-000708-0794aa7a
zt-gateway  | [perf-request-in] ts_in=1777539091.630474 ts_out=1777539091.631188 gw_proc_ms=0.714 traceId=exp-perf5000-000709-661bb9f3
zt-gateway  | [perf-request-in] ts_in=1777539091.631156 ts_out=1777539091.631816 gw_proc_ms=0.660 traceId=exp-perf5000-000710-17c147be
zt-gateway  | [perf-request-in] ts_in=1777539091.631233 ts_out=1777539091.631890 gw_proc_ms=0.657 traceId=exp-perf5000-000711-fa94263a
zt-gateway  | [perf-request-in] ts_in=1777539091.631859 ts_out=1777539091.632471 gw_proc_ms=0.612 traceId=exp-perf5000-000712-ea229eea
zt-gateway  | [perf-request-in] ts_in=1777539091.631927 ts_out=1777539091.632536 gw_proc_ms=0.609 traceId=exp-perf5000-000713-43692bc9
zt-gateway  | [perf-request-in] ts_in=1777539091.632512 ts_out=1777539091.633145 gw_proc_ms=0.633 traceId=exp-perf5000-000714-b1568ded
zt-gateway  | [perf-request-in] ts_in=1777539091.632581 ts_out=1777539091.633196 gw_proc_ms=0.615 traceId=exp-perf5000-000715-a013f789
zt-gateway  | [perf-request-in] ts_in=1777539091.633183 ts_out=1777539091.633833 gw_proc_ms=0.650 traceId=exp-perf5000-000716-8a240056
zt-gateway  | [perf-request-in] ts_in=1777539091.633229 ts_out=1777539091.633880 gw_proc_ms=0.651 traceId=exp-perf5000-000717-1d207f65
zt-gateway  | [perf-request-in] ts_in=1777539091.633874 ts_out=1777539091.634487 gw_proc_ms=0.613 traceId=exp-perf5000-000718-6e302dbd
zt-gateway  | [perf-request-in] ts_in=1777539091.633913 ts_out=1777539091.634536 gw_proc_ms=0.623 traceId=exp-perf5000-000719-93a2cbd3
zt-gateway  | [perf-request-in] ts_in=1777539091.634582 ts_out=1777539091.635215 gw_proc_ms=0.633 traceId=exp-perf5000-000721-fd39023d
zt-gateway  | [perf-request-in] ts_in=1777539091.634634 ts_out=1777539091.635246 gw_proc_ms=0.612 traceId=exp-perf5000-000720-fbf97065
zt-gateway  | [perf-request-in] ts_in=1777539091.635272 ts_out=1777539091.635907 gw_proc_ms=0.635 traceId=exp-perf5000-000722-7a9a9abc
zt-gateway  | [perf-request-in] ts_in=1777539091.635253 ts_out=1777539091.635907 gw_proc_ms=0.654 traceId=exp-perf5000-000723-caf6a763
zt-gateway  | [perf-request-in] ts_in=1777539091.635948 ts_out=1777539091.636578 gw_proc_ms=0.630 traceId=exp-perf5000-000724-877e15cc
zt-gateway  | [perf-request-in] ts_in=1777539091.635949 ts_out=1777539091.636578 gw_proc_ms=0.629 traceId=exp-perf5000-000725-5755819a
zt-gateway  | [perf-request-in] ts_in=1777539091.636613 ts_out=1777539091.637241 gw_proc_ms=0.628 traceId=exp-perf5000-000727-ff9b2c6f
zt-gateway  | [perf-request-in] ts_in=1777539091.636616 ts_out=1777539091.637241 gw_proc_ms=0.625 traceId=exp-perf5000-000726-f4b2e74f
zt-gateway  | [perf-request-in] ts_in=1777539091.637284 ts_out=1777539091.637940 gw_proc_ms=0.656 traceId=exp-perf5000-000729-dac394b0
zt-gateway  | [perf-request-in] ts_in=1777539091.637283 ts_out=1777539091.637940 gw_proc_ms=0.657 traceId=exp-perf5000-000728-a9053c48
zt-gateway  | [perf-request-in] ts_in=1777539091.637978 ts_out=1777539091.638607 gw_proc_ms=0.629 traceId=exp-perf5000-000730-9f6b43ad
zt-gateway  | [perf-request-in] ts_in=1777539091.637979 ts_out=1777539091.638609 gw_proc_ms=0.630 traceId=exp-perf5000-000731-3ce52b42
zt-gateway  | [perf-request-in] ts_in=1777539091.638650 ts_out=1777539091.639280 gw_proc_ms=0.630 traceId=exp-perf5000-000732-0153e65a
zt-gateway  | [perf-request-in] ts_in=1777539091.638649 ts_out=1777539091.639280 gw_proc_ms=0.631 traceId=exp-perf5000-000733-74c93208
zt-gateway  | [perf-request-in] ts_in=1777539091.639327 ts_out=1777539091.639999 gw_proc_ms=0.672 traceId=exp-perf5000-000734-b0bd0306
zt-gateway  | [perf-request-in] ts_in=1777539091.639326 ts_out=1777539091.639999 gw_proc_ms=0.673 traceId=exp-perf5000-000735-f8a1b459
zt-gateway  | [perf-request-in] ts_in=1777539091.640046 ts_out=1777539091.640694 gw_proc_ms=0.648 traceId=exp-perf5000-000737-2ec19922
zt-gateway  | [perf-request-in] ts_in=1777539091.640046 ts_out=1777539091.640695 gw_proc_ms=0.649 traceId=exp-perf5000-000736-80735733
zt-gateway  | [perf-request-in] ts_in=1777539091.640738 ts_out=1777539091.641345 gw_proc_ms=0.607 traceId=exp-perf5000-000738-e72e4417
zt-gateway  | [perf-request-in] ts_in=1777539091.640737 ts_out=1777539091.641345 gw_proc_ms=0.608 traceId=exp-perf5000-000739-c8177208
zt-gateway  | [perf-request-in] ts_in=1777539091.641378 ts_out=1777539091.642036 gw_proc_ms=0.658 traceId=exp-perf5000-000741-9b179ac3
zt-gateway  | [perf-request-in] ts_in=1777539091.641383 ts_out=1777539091.642214 gw_proc_ms=0.831 traceId=exp-perf5000-000740-993d5680
zt-gateway  | [perf-request-in] ts_in=1777539091.642072 ts_out=1777539091.642731 gw_proc_ms=0.659 traceId=exp-perf5000-000743-3d918ce7
zt-gateway  | [perf-request-in] ts_in=1777539091.642254 ts_out=1777539091.642926 gw_proc_ms=0.672 traceId=exp-perf5000-000742-2b76a6b4
zt-gateway  | [perf-request-in] ts_in=1777539091.642772 ts_out=1777539091.643409 gw_proc_ms=0.637 traceId=exp-perf5000-000745-3b517bd8
zt-gateway  | [perf-request-in] ts_in=1777539091.642963 ts_out=1777539091.643610 gw_proc_ms=0.647 traceId=exp-perf5000-000744-a1748be3
zt-gateway  | [perf-request-in] ts_in=1777539091.643449 ts_out=1777539091.644099 gw_proc_ms=0.650 traceId=exp-perf5000-000747-9c5b8645
zt-gateway  | [perf-request-in] ts_in=1777539091.643641 ts_out=1777539091.644263 gw_proc_ms=0.622 traceId=exp-perf5000-000746-4a2c904e
zt-gateway  | [perf-request-in] ts_in=1777539091.644131 ts_out=1777539091.644764 gw_proc_ms=0.633 traceId=exp-perf5000-000749-afa5024c
zt-gateway  | [perf-request-in] ts_in=1777539091.644295 ts_out=1777539091.644931 gw_proc_ms=0.636 traceId=exp-perf5000-000748-0a2edefd
zt-gateway  | [perf-request-in] ts_in=1777539091.644804 ts_out=1777539091.645421 gw_proc_ms=0.617 traceId=exp-perf5000-000751-c12546d3
zt-gateway  | [perf-request-in] ts_in=1777539091.644974 ts_out=1777539091.645589 gw_proc_ms=0.615 traceId=exp-perf5000-000750-ba5b8c46
zt-gateway  | [perf-request-in] ts_in=1777539091.645460 ts_out=1777539091.646084 gw_proc_ms=0.624 traceId=exp-perf5000-000753-8d1b1dc7
zt-gateway  | [perf-request-in] ts_in=1777539091.645617 ts_out=1777539091.646239 gw_proc_ms=0.622 traceId=exp-perf5000-000752-c452b047
zt-gateway  | [perf-request-in] ts_in=1777539091.646122 ts_out=1777539091.646767 gw_proc_ms=0.645 traceId=exp-perf5000-000755-e080dd1e
zt-gateway  | [perf-request-in] ts_in=1777539091.646270 ts_out=1777539091.647168 gw_proc_ms=0.898 traceId=exp-perf5000-000754-a83b25a3
zt-gateway  | [perf-request-in] ts_in=1777539091.646811 ts_out=1777539091.647443 gw_proc_ms=0.632 traceId=exp-perf5000-000757-c098e352
zt-gateway  | [perf-request-in] ts_in=1777539091.647229 ts_out=1777539091.647915 gw_proc_ms=0.686 traceId=exp-perf5000-000756-3f0db8e9
zt-gateway  | [perf-request-in] ts_in=1777539091.647477 ts_out=1777539091.648099 gw_proc_ms=0.622 traceId=exp-perf5000-000759-0a2cc457
zt-gateway  | [perf-request-in] ts_in=1777539091.647967 ts_out=1777539091.648642 gw_proc_ms=0.675 traceId=exp-perf5000-000758-d96a49bd
zt-gateway  | [perf-request-in] ts_in=1777539091.648135 ts_out=1777539091.648766 gw_proc_ms=0.631 traceId=exp-perf5000-000761-1f6f71bb
zt-gateway  | [perf-request-in] ts_in=1777539091.648686 ts_out=1777539091.649348 gw_proc_ms=0.662 traceId=exp-perf5000-000760-1a1d4169
zt-gateway  | [perf-request-in] ts_in=1777539091.648989 ts_out=1777539091.649771 gw_proc_ms=0.782 traceId=exp-perf5000-000763-70be9758
zt-gateway  | [perf-request-in] ts_in=1777539091.649389 ts_out=1777539091.650086 gw_proc_ms=0.697 traceId=exp-perf5000-000762-cfc01a5b
zt-gateway  | [perf-request-in] ts_in=1777539091.649830 ts_out=1777539091.650552 gw_proc_ms=0.722 traceId=exp-perf5000-000765-7b77059b
zt-gateway  | [perf-request-in] ts_in=1777539091.650288 ts_out=1777539091.651192 gw_proc_ms=0.904 traceId=exp-perf5000-000764-da820f3a
zt-gateway  | [perf-request-in] ts_in=1777539091.650622 ts_out=1777539091.651303 gw_proc_ms=0.681 traceId=exp-perf5000-000767-bcaa1320
zt-gateway  | [perf-request-in] ts_in=1777539091.651243 ts_out=1777539091.651932 gw_proc_ms=0.689 traceId=exp-perf5000-000766-b55a84e2
zt-gateway  | [perf-request-in] ts_in=1777539091.651377 ts_out=1777539091.652045 gw_proc_ms=0.668 traceId=exp-perf5000-000769-4c2124e8
zt-gateway  | [perf-request-in] ts_in=1777539091.651974 ts_out=1777539091.652646 gw_proc_ms=0.672 traceId=exp-perf5000-000768-1fae6584
zt-gateway  | [perf-request-in] ts_in=1777539091.652087 ts_out=1777539091.652760 gw_proc_ms=0.673 traceId=exp-perf5000-000771-cda88d83
zt-gateway  | [perf-request-in] ts_in=1777539091.652687 ts_out=1777539091.653326 gw_proc_ms=0.639 traceId=exp-perf5000-000770-70b9c497
zt-gateway  | [perf-request-in] ts_in=1777539091.652796 ts_out=1777539091.653454 gw_proc_ms=0.658 traceId=exp-perf5000-000773-22122ee5
zt-gateway  | [perf-request-in] ts_in=1777539091.653368 ts_out=1777539091.654020 gw_proc_ms=0.652 traceId=exp-perf5000-000772-fbe3fea9
zt-gateway  | [perf-request-in] ts_in=1777539091.653497 ts_out=1777539091.654155 gw_proc_ms=0.658 traceId=exp-perf5000-000775-fed3ab42
zt-gateway  | [perf-request-in] ts_in=1777539091.654058 ts_out=1777539091.654733 gw_proc_ms=0.675 traceId=exp-perf5000-000774-0eba4c79
zt-gateway  | [perf-request-in] ts_in=1777539091.654195 ts_out=1777539091.654938 gw_proc_ms=0.743 traceId=exp-perf5000-000777-d0d8ac37
zt-gateway  | [perf-request-in] ts_in=1777539091.654774 ts_out=1777539091.655417 gw_proc_ms=0.643 traceId=exp-perf5000-000776-a8396506
zt-gateway  | [perf-request-in] ts_in=1777539091.655027 ts_out=1777539091.655670 gw_proc_ms=0.643 traceId=exp-perf5000-000779-0f7c1739
zt-gateway  | [perf-request-in] ts_in=1777539091.655454 ts_out=1777539091.656101 gw_proc_ms=0.647 traceId=exp-perf5000-000778-92bbedd5
zt-gateway  | [perf-request-in] ts_in=1777539091.655709 ts_out=1777539091.656326 gw_proc_ms=0.617 traceId=exp-perf5000-000781-65c1ca40
zt-gateway  | [perf-request-in] ts_in=1777539091.656139 ts_out=1777539091.656753 gw_proc_ms=0.614 traceId=exp-perf5000-000780-a85322d1
zt-gateway  | [perf-request-in] ts_in=1777539091.656360 ts_out=1777539091.656987 gw_proc_ms=0.627 traceId=exp-perf5000-000783-8b2845f2
zt-gateway  | [perf-request-in] ts_in=1777539091.656791 ts_out=1777539091.657394 gw_proc_ms=0.603 traceId=exp-perf5000-000782-8ab4c8ef
zt-gateway  | [perf-request-in] ts_in=1777539091.657021 ts_out=1777539091.657641 gw_proc_ms=0.620 traceId=exp-perf5000-000785-23bd9404
zt-gateway  | [perf-request-in] ts_in=1777539091.657430 ts_out=1777539091.658069 gw_proc_ms=0.639 traceId=exp-perf5000-000784-cc4295d7
zt-gateway  | [perf-request-in] ts_in=1777539091.657673 ts_out=1777539091.658278 gw_proc_ms=0.605 traceId=exp-perf5000-000787-2c531209
zt-gateway  | [perf-request-in] ts_in=1777539091.658107 ts_out=1777539091.658755 gw_proc_ms=0.648 traceId=exp-perf5000-000786-0381f72a
zt-gateway  | [perf-request-in] ts_in=1777539091.658308 ts_out=1777539091.659000 gw_proc_ms=0.692 traceId=exp-perf5000-000788-a796b8e8
zt-gateway  | [perf-request-in] ts_in=1777539091.658793 ts_out=1777539091.659411 gw_proc_ms=0.618 traceId=exp-perf5000-000789-134ca618
zt-gateway  | [perf-request-in] ts_in=1777539091.659047 ts_out=1777539091.659718 gw_proc_ms=0.671 traceId=exp-perf5000-000791-ddb86155
zt-gateway  | [perf-request-in] ts_in=1777539091.659452 ts_out=1777539091.660094 gw_proc_ms=0.642 traceId=exp-perf5000-000790-4060af2f
zt-gateway  | [perf-request-in] ts_in=1777539091.659751 ts_out=1777539091.660387 gw_proc_ms=0.636 traceId=exp-perf5000-000793-3257f03f
zt-gateway  | [perf-request-in] ts_in=1777539091.660120 ts_out=1777539091.660809 gw_proc_ms=0.689 traceId=exp-perf5000-000792-6943e7d7
zt-gateway  | [perf-request-in] ts_in=1777539091.660423 ts_out=1777539091.661124 gw_proc_ms=0.701 traceId=exp-perf5000-000794-8669d432
zt-gateway  | [perf-request-in] ts_in=1777539091.660845 ts_out=1777539091.661476 gw_proc_ms=0.631 traceId=exp-perf5000-000795-8e4c3031
zt-gateway  | [perf-request-in] ts_in=1777539091.661161 ts_out=1777539091.661775 gw_proc_ms=0.614 traceId=exp-perf5000-000797-8aca7242
zt-gateway  | [perf-request-in] ts_in=1777539091.661512 ts_out=1777539091.662133 gw_proc_ms=0.621 traceId=exp-perf5000-000796-26d6c6f7
zt-gateway  | [perf-request-in] ts_in=1777539091.661810 ts_out=1777539091.662452 gw_proc_ms=0.642 traceId=exp-perf5000-000799-39a19d70
zt-gateway  | [perf-request-in] ts_in=1777539091.662173 ts_out=1777539091.662812 gw_proc_ms=0.639 traceId=exp-perf5000-000798-cf296255
zt-gateway  | [perf-request-in] ts_in=1777539091.662492 ts_out=1777539091.663151 gw_proc_ms=0.659 traceId=exp-perf5000-000801-4e862507
zt-gateway  | [perf-request-in] ts_in=1777539091.662880 ts_out=1777539091.663500 gw_proc_ms=0.620 traceId=exp-perf5000-000800-30a0c2b4
zt-gateway  | [perf-request-in] ts_in=1777539091.663191 ts_out=1777539091.663983 gw_proc_ms=0.792 traceId=exp-perf5000-000803-4699a071
zt-gateway  | [perf-request-in] ts_in=1777539091.663533 ts_out=1777539091.664380 gw_proc_ms=0.847 traceId=exp-perf5000-000802-72aa8e4a
zt-gateway  | [perf-request-in] ts_in=1777539091.664028 ts_out=1777539091.664795 gw_proc_ms=0.767 traceId=exp-perf5000-000805-6d016201
zt-gateway  | [perf-request-in] ts_in=1777539091.664424 ts_out=1777539091.665065 gw_proc_ms=0.641 traceId=exp-perf5000-000804-b91a33ca
zt-gateway  | [perf-request-in] ts_in=1777539091.664834 ts_out=1777539091.665450 gw_proc_ms=0.616 traceId=exp-perf5000-000807-7c80947c
zt-gateway  | [perf-request-in] ts_in=1777539091.665089 ts_out=1777539091.665722 gw_proc_ms=0.633 traceId=exp-perf5000-000806-bf92a14f
zt-gateway  | [perf-request-in] ts_in=1777539091.665485 ts_out=1777539091.666277 gw_proc_ms=0.792 traceId=exp-perf5000-000809-5f76a410
zt-gateway  | [perf-request-in] ts_in=1777539091.665758 ts_out=1777539091.666560 gw_proc_ms=0.802 traceId=exp-perf5000-000808-ada72b6d
zt-gateway  | [perf-request-in] ts_in=1777539091.666327 ts_out=1777539091.667125 gw_proc_ms=0.798 traceId=exp-perf5000-000811-d9db9569
zt-gateway  | [perf-request-in] ts_in=1777539091.666615 ts_out=1777539091.667325 gw_proc_ms=0.710 traceId=exp-perf5000-000810-aaf8178e
zt-gateway  | [perf-request-in] ts_in=1777539091.667161 ts_out=1777539091.667839 gw_proc_ms=0.678 traceId=exp-perf5000-000812-469f7dd4
zt-gateway  | [perf-request-in] ts_in=1777539091.667355 ts_out=1777539091.668002 gw_proc_ms=0.647 traceId=exp-perf5000-000813-bef6286e
zt-gateway  | [perf-request-in] ts_in=1777539091.667867 ts_out=1777539091.668470 gw_proc_ms=0.603 traceId=exp-perf5000-000814-6c95d061
zt-gateway  | [perf-request-in] ts_in=1777539091.668031 ts_out=1777539091.668614 gw_proc_ms=0.583 traceId=exp-perf5000-000815-1f8e4606
zt-gateway  | [perf-request-in] ts_in=1777539091.668503 ts_out=1777539091.669121 gw_proc_ms=0.618 traceId=exp-perf5000-000816-507d4b14
zt-gateway  | [perf-request-in] ts_in=1777539091.668642 ts_out=1777539091.669249 gw_proc_ms=0.607 traceId=exp-perf5000-000817-9ef275ec
zt-gateway  | [perf-request-in] ts_in=1777539091.669151 ts_out=1777539091.669770 gw_proc_ms=0.619 traceId=exp-perf5000-000818-a46ad8fd
zt-gateway  | [perf-request-in] ts_in=1777539091.669277 ts_out=1777539091.669881 gw_proc_ms=0.604 traceId=exp-perf5000-000819-60de2b96
zt-gateway  | [perf-request-in] ts_in=1777539091.669805 ts_out=1777539091.670438 gw_proc_ms=0.633 traceId=exp-perf5000-000821-9e96cae5
zt-gateway  | [perf-request-in] ts_in=1777539091.669910 ts_out=1777539091.670535 gw_proc_ms=0.625 traceId=exp-perf5000-000820-31fda00c
zt-gateway  | [perf-request-in] ts_in=1777539091.670472 ts_out=1777539091.671107 gw_proc_ms=0.635 traceId=exp-perf5000-000823-886e7504
zt-gateway  | [perf-request-in] ts_in=1777539091.670575 ts_out=1777539091.671170 gw_proc_ms=0.595 traceId=exp-perf5000-000822-6a182d92
zt-gateway  | [perf-request-in] ts_in=1777539091.671140 ts_out=1777539091.671775 gw_proc_ms=0.635 traceId=exp-perf5000-000824-686a46b7
zt-gateway  | [perf-request-in] ts_in=1777539091.671203 ts_out=1777539091.671901 gw_proc_ms=0.698 traceId=exp-perf5000-000825-817a87dc
zt-gateway  | [perf-request-in] ts_in=1777539091.671811 ts_out=1777539091.672435 gw_proc_ms=0.624 traceId=exp-perf5000-000826-4b3ffd30
zt-gateway  | [perf-request-in] ts_in=1777539091.671948 ts_out=1777539091.672686 gw_proc_ms=0.738 traceId=exp-perf5000-000827-56ee6a53
zt-gateway  | [perf-request-in] ts_in=1777539091.672470 ts_out=1777539091.673093 gw_proc_ms=0.623 traceId=exp-perf5000-000828-00ccbc4f
zt-gateway  | [perf-request-in] ts_in=1777539091.672732 ts_out=1777539091.673389 gw_proc_ms=0.657 traceId=exp-perf5000-000829-2107c9c6
zt-gateway  | [perf-request-in] ts_in=1777539091.673124 ts_out=1777539091.673761 gw_proc_ms=0.637 traceId=exp-perf5000-000830-034b45c5
zt-gateway  | [perf-request-in] ts_in=1777539091.673458 ts_out=1777539091.674138 gw_proc_ms=0.680 traceId=exp-perf5000-000831-222a6828
zt-gateway  | [perf-request-in] ts_in=1777539091.673874 ts_out=1777539091.674465 gw_proc_ms=0.591 traceId=exp-perf5000-000832-e77c47ab
zt-gateway  | [perf-request-in] ts_in=1777539091.674175 ts_out=1777539091.674802 gw_proc_ms=0.627 traceId=exp-perf5000-000833-43f85082
zt-gateway  | [perf-request-in] ts_in=1777539091.674497 ts_out=1777539091.675105 gw_proc_ms=0.608 traceId=exp-perf5000-000834-7592a259
zt-gateway  | [perf-request-in] ts_in=1777539091.674837 ts_out=1777539091.675460 gw_proc_ms=0.623 traceId=exp-perf5000-000835-ddcc6091
zt-gateway  | [perf-request-in] ts_in=1777539091.675134 ts_out=1777539091.675757 gw_proc_ms=0.623 traceId=exp-perf5000-000836-ff44feb2
zt-gateway  | [perf-request-in] ts_in=1777539091.675494 ts_out=1777539091.676249 gw_proc_ms=0.755 traceId=exp-perf5000-000837-8450a173
zt-gateway  | [perf-request-in] ts_in=1777539091.675797 ts_out=1777539091.676436 gw_proc_ms=0.639 traceId=exp-perf5000-000839-950f3f2f
zt-gateway  | [perf-request-in] ts_in=1777539091.676294 ts_out=1777539091.676945 gw_proc_ms=0.651 traceId=exp-perf5000-000838-08c8cbd3
zt-gateway  | [perf-request-in] ts_in=1777539091.676477 ts_out=1777539091.677121 gw_proc_ms=0.644 traceId=exp-perf5000-000840-1e597a93
zt-gateway  | [perf-request-in] ts_in=1777539091.676985 ts_out=1777539091.677615 gw_proc_ms=0.630 traceId=exp-perf5000-000841-20ab9f86
zt-gateway  | [perf-request-in] ts_in=1777539091.677158 ts_out=1777539091.677809 gw_proc_ms=0.651 traceId=exp-perf5000-000842-62316562
zt-gateway  | [perf-request-in] ts_in=1777539091.677657 ts_out=1777539091.678276 gw_proc_ms=0.619 traceId=exp-perf5000-000843-492989eb
zt-gateway  | [perf-request-in] ts_in=1777539091.677844 ts_out=1777539091.678460 gw_proc_ms=0.616 traceId=exp-perf5000-000844-9319e321
zt-gateway  | [perf-request-in] ts_in=1777539091.678314 ts_out=1777539091.678959 gw_proc_ms=0.645 traceId=exp-perf5000-000845-030d86d7
zt-gateway  | [perf-request-in] ts_in=1777539091.678497 ts_out=1777539091.679165 gw_proc_ms=0.668 traceId=exp-perf5000-000846-993b5ce7
zt-gateway  | [perf-request-in] ts_in=1777539091.678995 ts_out=1777539091.679632 gw_proc_ms=0.637 traceId=exp-perf5000-000847-da4a2334
zt-gateway  | [perf-request-in] ts_in=1777539091.679205 ts_out=1777539091.679867 gw_proc_ms=0.662 traceId=exp-perf5000-000848-f8c3da47
zt-gateway  | [perf-request-in] ts_in=1777539091.679676 ts_out=1777539091.680306 gw_proc_ms=0.630 traceId=exp-perf5000-000849-402eb07a
zt-gateway  | [perf-request-in] ts_in=1777539091.679902 ts_out=1777539091.680537 gw_proc_ms=0.635 traceId=exp-perf5000-000850-f3c49acc
zt-gateway  | [perf-request-in] ts_in=1777539091.680347 ts_out=1777539091.680991 gw_proc_ms=0.644 traceId=exp-perf5000-000851-b6921d4c
zt-gateway  | [perf-request-in] ts_in=1777539091.680595 ts_out=1777539091.681237 gw_proc_ms=0.642 traceId=exp-perf5000-000853-e24f68b6
zt-gateway  | [perf-request-in] ts_in=1777539091.681029 ts_out=1777539091.681676 gw_proc_ms=0.647 traceId=exp-perf5000-000852-c162f408
zt-gateway  | [perf-request-in] ts_in=1777539091.681276 ts_out=1777539091.681922 gw_proc_ms=0.646 traceId=exp-perf5000-000854-132b0ccb
zt-gateway  | [perf-request-in] ts_in=1777539091.681712 ts_out=1777539091.682336 gw_proc_ms=0.624 traceId=exp-perf5000-000855-bf3e9cf9
zt-gateway  | [perf-request-in] ts_in=1777539091.681960 ts_out=1777539091.682588 gw_proc_ms=0.628 traceId=exp-perf5000-000856-0918bf59
zt-gateway  | [perf-request-in] ts_in=1777539091.682375 ts_out=1777539091.682993 gw_proc_ms=0.618 traceId=exp-perf5000-000857-94f151b4
zt-gateway  | [perf-request-in] ts_in=1777539091.682662 ts_out=1777539091.683305 gw_proc_ms=0.643 traceId=exp-perf5000-000858-1b96ceee
zt-gateway  | [perf-request-in] ts_in=1777539091.683028 ts_out=1777539091.683645 gw_proc_ms=0.617 traceId=exp-perf5000-000859-8b874cb5
zt-gateway  | [perf-request-in] ts_in=1777539091.683349 ts_out=1777539091.683981 gw_proc_ms=0.632 traceId=exp-perf5000-000860-638fe5d4
zt-gateway  | [perf-request-in] ts_in=1777539091.683685 ts_out=1777539091.684281 gw_proc_ms=0.596 traceId=exp-perf5000-000861-297f0e0c
zt-gateway  | [perf-request-in] ts_in=1777539091.684021 ts_out=1777539091.684667 gw_proc_ms=0.646 traceId=exp-perf5000-000862-4c2c56ae
zt-gateway  | [perf-request-in] ts_in=1777539091.684320 ts_out=1777539091.684994 gw_proc_ms=0.674 traceId=exp-perf5000-000863-bab658f6
zt-gateway  | [perf-request-in] ts_in=1777539091.684713 ts_out=1777539091.685331 gw_proc_ms=0.618 traceId=exp-perf5000-000864-c4560075
zt-gateway  | [perf-request-in] ts_in=1777539091.685029 ts_out=1777539091.685664 gw_proc_ms=0.635 traceId=exp-perf5000-000865-9a5ecb70
zt-gateway  | [perf-request-in] ts_in=1777539091.685364 ts_out=1777539091.686002 gw_proc_ms=0.638 traceId=exp-perf5000-000866-a4a17acc
zt-gateway  | [perf-request-in] ts_in=1777539091.685705 ts_out=1777539091.686323 gw_proc_ms=0.618 traceId=exp-perf5000-000867-7fcec495
zt-gateway  | [perf-request-in] ts_in=1777539091.686035 ts_out=1777539091.686657 gw_proc_ms=0.622 traceId=exp-perf5000-000868-15b595d4
zt-gateway  | [perf-request-in] ts_in=1777539091.686350 ts_out=1777539091.686973 gw_proc_ms=0.623 traceId=exp-perf5000-000869-1cffd7f9
zt-gateway  | [perf-request-in] ts_in=1777539091.686691 ts_out=1777539091.687286 gw_proc_ms=0.595 traceId=exp-perf5000-000870-f0adc629
zt-gateway  | [perf-request-in] ts_in=1777539091.687002 ts_out=1777539091.687610 gw_proc_ms=0.608 traceId=exp-perf5000-000871-ba5d1953
zt-gateway  | [perf-request-in] ts_in=1777539091.687317 ts_out=1777539091.687929 gw_proc_ms=0.612 traceId=exp-perf5000-000872-bf19a55e
zt-gateway  | [perf-request-in] ts_in=1777539091.687640 ts_out=1777539091.688239 gw_proc_ms=0.599 traceId=exp-perf5000-000873-c98e2ef3
zt-gateway  | [perf-request-in] ts_in=1777539091.687960 ts_out=1777539091.688573 gw_proc_ms=0.613 traceId=exp-perf5000-000874-d92c35a4
zt-gateway  | [perf-request-in] ts_in=1777539091.688277 ts_out=1777539091.688902 gw_proc_ms=0.625 traceId=exp-perf5000-000875-bb0b7576
zt-gateway  | [perf-request-in] ts_in=1777539091.688607 ts_out=1777539091.689221 gw_proc_ms=0.614 traceId=exp-perf5000-000876-257a86cc
zt-gateway  | [perf-request-in] ts_in=1777539091.688937 ts_out=1777539091.689560 gw_proc_ms=0.623 traceId=exp-perf5000-000877-fffac347
zt-gateway  | [perf-request-in] ts_in=1777539091.689267 ts_out=1777539091.689911 gw_proc_ms=0.644 traceId=exp-perf5000-000878-d167b385
zt-gateway  | [perf-request-in] ts_in=1777539091.689600 ts_out=1777539091.690226 gw_proc_ms=0.626 traceId=exp-perf5000-000879-a8102654
zt-gateway  | [perf-request-in] ts_in=1777539091.689950 ts_out=1777539091.690594 gw_proc_ms=0.644 traceId=exp-perf5000-000880-5d4e2013
zt-gateway  | [perf-request-in] ts_in=1777539091.690264 ts_out=1777539091.690915 gw_proc_ms=0.651 traceId=exp-perf5000-000881-b99c735b
zt-gateway  | [perf-request-in] ts_in=1777539091.690631 ts_out=1777539091.691268 gw_proc_ms=0.637 traceId=exp-perf5000-000882-4a57f1ca
zt-gateway  | [perf-request-in] ts_in=1777539091.690952 ts_out=1777539091.691590 gw_proc_ms=0.638 traceId=exp-perf5000-000883-a613dfb5
zt-gateway  | [perf-request-in] ts_in=1777539091.691304 ts_out=1777539091.691951 gw_proc_ms=0.647 traceId=exp-perf5000-000884-875aa467
zt-gateway  | [perf-request-in] ts_in=1777539091.691626 ts_out=1777539091.692311 gw_proc_ms=0.685 traceId=exp-perf5000-000885-8fc1a2cf
zt-gateway  | [perf-request-in] ts_in=1777539091.691987 ts_out=1777539091.692745 gw_proc_ms=0.758 traceId=exp-perf5000-000886-56712750
zt-gateway  | [perf-request-in] ts_in=1777539091.692348 ts_out=1777539091.693040 gw_proc_ms=0.692 traceId=exp-perf5000-000887-97dbb81c
zt-gateway  | [perf-request-in] ts_in=1777539091.692787 ts_out=1777539091.693458 gw_proc_ms=0.671 traceId=exp-perf5000-000888-d6cdcb73
zt-gateway  | [perf-request-in] ts_in=1777539091.693068 ts_out=1777539091.693713 gw_proc_ms=0.645 traceId=exp-perf5000-000889-a2200b3a
zt-gateway  | [perf-request-in] ts_in=1777539091.693497 ts_out=1777539091.694168 gw_proc_ms=0.671 traceId=exp-perf5000-000890-9011d52b
zt-gateway  | [perf-request-in] ts_in=1777539091.693746 ts_out=1777539091.694385 gw_proc_ms=0.639 traceId=exp-perf5000-000891-d1d8abd2
zt-gateway  | [perf-request-in] ts_in=1777539091.694208 ts_out=1777539091.695014 gw_proc_ms=0.806 traceId=exp-perf5000-000892-e2cc6664
zt-gateway  | [perf-request-in] ts_in=1777539091.694418 ts_out=1777539091.695116 gw_proc_ms=0.698 traceId=exp-perf5000-000893-f9a783b0
zt-gateway  | [perf-request-in] ts_in=1777539091.695054 ts_out=1777539091.695733 gw_proc_ms=0.679 traceId=exp-perf5000-000894-3cb1fa53
zt-gateway  | [perf-request-in] ts_in=1777539091.695189 ts_out=1777539091.695834 gw_proc_ms=0.645 traceId=exp-perf5000-000895-ddceb521
zt-gateway  | [perf-request-in] ts_in=1777539091.695775 ts_out=1777539091.696464 gw_proc_ms=0.689 traceId=exp-perf5000-000896-d6352381
zt-gateway  | [perf-request-in] ts_in=1777539091.695876 ts_out=1777539091.696513 gw_proc_ms=0.637 traceId=exp-perf5000-000897-261ac960
zt-gateway  | [perf-request-in] ts_in=1777539091.696507 ts_out=1777539091.697137 gw_proc_ms=0.630 traceId=exp-perf5000-000898-032487d3
zt-gateway  | [perf-request-in] ts_in=1777539091.696540 ts_out=1777539091.697191 gw_proc_ms=0.651 traceId=exp-perf5000-000899-365a3145
zt-gateway  | [perf-request-in] ts_in=1777539091.697178 ts_out=1777539091.697810 gw_proc_ms=0.632 traceId=exp-perf5000-000900-e1ead2d7
zt-gateway  | [perf-request-in] ts_in=1777539091.697221 ts_out=1777539091.697843 gw_proc_ms=0.622 traceId=exp-perf5000-000901-766a93f4
zt-gateway  | [perf-request-in] ts_in=1777539091.697849 ts_out=1777539091.698476 gw_proc_ms=0.627 traceId=exp-perf5000-000902-b4fe0f5f
zt-gateway  | [perf-request-in] ts_in=1777539091.697878 ts_out=1777539091.698519 gw_proc_ms=0.641 traceId=exp-perf5000-000903-4d4451f4
zt-gateway  | [perf-request-in] ts_in=1777539091.698511 ts_out=1777539091.699148 gw_proc_ms=0.637 traceId=exp-perf5000-000904-cd883a54
zt-gateway  | [perf-request-in] ts_in=1777539091.698551 ts_out=1777539091.699193 gw_proc_ms=0.642 traceId=exp-perf5000-000905-cd31a52b
zt-gateway  | [perf-request-in] ts_in=1777539091.699183 ts_out=1777539091.699809 gw_proc_ms=0.626 traceId=exp-perf5000-000907-62b10efe
zt-gateway  | [perf-request-in] ts_in=1777539091.699217 ts_out=1777539091.699844 gw_proc_ms=0.627 traceId=exp-perf5000-000906-3792ba29
zt-gateway  | [perf-request-in] ts_in=1777539091.699833 ts_out=1777539091.700434 gw_proc_ms=0.601 traceId=exp-perf5000-000908-1f4f8204
zt-gateway  | [perf-request-in] ts_in=1777539091.699878 ts_out=1777539091.700493 gw_proc_ms=0.615 traceId=exp-perf5000-000909-1b6a4591
zt-gateway  | [perf-request-in] ts_in=1777539091.700469 ts_out=1777539091.701081 gw_proc_ms=0.612 traceId=exp-perf5000-000910-bd864246
zt-gateway  | [perf-request-in] ts_in=1777539091.700522 ts_out=1777539091.701135 gw_proc_ms=0.613 traceId=exp-perf5000-000911-abe2f7c1
zt-gateway  | [perf-request-in] ts_in=1777539091.701110 ts_out=1777539091.701709 gw_proc_ms=0.599 traceId=exp-perf5000-000912-bc1c071c
zt-gateway  | [perf-request-in] ts_in=1777539091.701166 ts_out=1777539091.701778 gw_proc_ms=0.612 traceId=exp-perf5000-000913-1b70c39e
zt-gateway  | [perf-request-in] ts_in=1777539091.701741 ts_out=1777539091.702331 gw_proc_ms=0.590 traceId=exp-perf5000-000914-2effbf59
zt-gateway  | [perf-request-in] ts_in=1777539091.701835 ts_out=1777539091.702468 gw_proc_ms=0.633 traceId=exp-perf5000-000915-51bb683b
zt-gateway  | [perf-request-in] ts_in=1777539091.702358 ts_out=1777539091.702967 gw_proc_ms=0.609 traceId=exp-perf5000-000916-ce6cee48
zt-gateway  | [perf-request-in] ts_in=1777539091.702505 ts_out=1777539091.703155 gw_proc_ms=0.650 traceId=exp-perf5000-000917-84cbb13b
zt-gateway  | [perf-request-in] ts_in=1777539091.703003 ts_out=1777539091.703796 gw_proc_ms=0.793 traceId=exp-perf5000-000919-44e7de34
zt-gateway  | [perf-request-in] ts_in=1777539091.703197 ts_out=1777539091.703818 gw_proc_ms=0.621 traceId=exp-perf5000-000918-240c0446
zt-gateway  | [perf-request-in] ts_in=1777539091.703834 ts_out=1777539091.704439 gw_proc_ms=0.605 traceId=exp-perf5000-000921-a0b39240
zt-gateway  | [perf-request-in] ts_in=1777539091.703845 ts_out=1777539091.704466 gw_proc_ms=0.621 traceId=exp-perf5000-000920-f219f88e
zt-gateway  | [perf-request-in] ts_in=1777539091.704476 ts_out=1777539091.705124 gw_proc_ms=0.648 traceId=exp-perf5000-000923-a37b3cc3
zt-gateway  | [perf-request-in] ts_in=1777539091.704494 ts_out=1777539091.705151 gw_proc_ms=0.657 traceId=exp-perf5000-000922-fa0274f9
zt-gateway  | [perf-request-in] ts_in=1777539091.705158 ts_out=1777539091.705798 gw_proc_ms=0.640 traceId=exp-perf5000-000924-b6efc383
zt-gateway  | [perf-request-in] ts_in=1777539091.705179 ts_out=1777539091.705805 gw_proc_ms=0.626 traceId=exp-perf5000-000925-d9ac2ff0
zt-gateway  | [perf-request-in] ts_in=1777539091.705837 ts_out=1777539091.706440 gw_proc_ms=0.603 traceId=exp-perf5000-000927-bdd14ed1
zt-gateway  | [perf-request-in] ts_in=1777539091.705831 ts_out=1777539091.706441 gw_proc_ms=0.610 traceId=exp-perf5000-000926-2544b189
zt-gateway  | [perf-request-in] ts_in=1777539091.706474 ts_out=1777539091.707115 gw_proc_ms=0.641 traceId=exp-perf5000-000929-49b80f18
zt-gateway  | [perf-request-in] ts_in=1777539091.706473 ts_out=1777539091.707115 gw_proc_ms=0.642 traceId=exp-perf5000-000928-d3486b91
zt-gateway  | [perf-request-in] ts_in=1777539091.707150 ts_out=1777539091.707790 gw_proc_ms=0.640 traceId=exp-perf5000-000931-e45ec281
zt-gateway  | [perf-request-in] ts_in=1777539091.707151 ts_out=1777539091.707790 gw_proc_ms=0.639 traceId=exp-perf5000-000930-c32d4d90
zt-gateway  | [perf-request-in] ts_in=1777539091.707825 ts_out=1777539091.708442 gw_proc_ms=0.617 traceId=exp-perf5000-000933-a05461ad
zt-gateway  | [perf-request-in] ts_in=1777539091.707827 ts_out=1777539091.708451 gw_proc_ms=0.624 traceId=exp-perf5000-000932-ae5a94a9
zt-gateway  | [perf-request-in] ts_in=1777539091.708471 ts_out=1777539091.709101 gw_proc_ms=0.630 traceId=exp-perf5000-000935-ebf521ff
zt-gateway  | [perf-request-in] ts_in=1777539091.708476 ts_out=1777539091.709109 gw_proc_ms=0.633 traceId=exp-perf5000-000934-204cc5e1
zt-gateway  | [perf-request-in] ts_in=1777539091.709133 ts_out=1777539091.709755 gw_proc_ms=0.622 traceId=exp-perf5000-000937-9d828a49
zt-gateway  | [perf-request-in] ts_in=1777539091.709142 ts_out=1777539091.709765 gw_proc_ms=0.623 traceId=exp-perf5000-000936-b0540766
zt-gateway  | [perf-request-in] ts_in=1777539091.709790 ts_out=1777539091.710388 gw_proc_ms=0.598 traceId=exp-perf5000-000939-72943ac2
zt-gateway  | [perf-request-in] ts_in=1777539091.709797 ts_out=1777539091.710391 gw_proc_ms=0.594 traceId=exp-perf5000-000938-7f587752
zt-gateway  | [perf-request-in] ts_in=1777539091.710419 ts_out=1777539091.711048 gw_proc_ms=0.629 traceId=exp-perf5000-000941-9dd3649b
zt-gateway  | [perf-request-in] ts_in=1777539091.710420 ts_out=1777539091.711051 gw_proc_ms=0.631 traceId=exp-perf5000-000940-f8350a1b
zt-gateway  | [perf-request-in] ts_in=1777539091.711081 ts_out=1777539091.711706 gw_proc_ms=0.625 traceId=exp-perf5000-000943-4002699d
zt-gateway  | [perf-request-in] ts_in=1777539091.711085 ts_out=1777539091.711714 gw_proc_ms=0.629 traceId=exp-perf5000-000942-939bcb20
zt-gateway  | [perf-request-in] ts_in=1777539091.711744 ts_out=1777539091.712435 gw_proc_ms=0.691 traceId=exp-perf5000-000945-d8897652
zt-gateway  | [perf-request-in] ts_in=1777539091.711745 ts_out=1777539091.712441 gw_proc_ms=0.696 traceId=exp-perf5000-000944-f5678a0c
zt-gateway  | [perf-request-in] ts_in=1777539091.712469 ts_out=1777539091.713204 gw_proc_ms=0.735 traceId=exp-perf5000-000947-511556ef
zt-gateway  | [perf-request-in] ts_in=1777539091.712467 ts_out=1777539091.713219 gw_proc_ms=0.752 traceId=exp-perf5000-000946-4a7c3971
zt-gateway  | [perf-request-in] ts_in=1777539091.713235 ts_out=1777539091.713960 gw_proc_ms=0.725 traceId=exp-perf5000-000949-cc43b434
zt-gateway  | [perf-request-in] ts_in=1777539091.713248 ts_out=1777539091.713976 gw_proc_ms=0.728 traceId=exp-perf5000-000948-9b9cd93b
zt-gateway  | [perf-request-in] ts_in=1777539091.714005 ts_out=1777539091.714684 gw_proc_ms=0.679 traceId=exp-perf5000-000951-f4b50a84
zt-gateway  | [perf-request-in] ts_in=1777539091.714023 ts_out=1777539091.714755 gw_proc_ms=0.732 traceId=exp-perf5000-000950-c52b8bd3
zt-gateway  | [perf-request-in] ts_in=1777539091.714728 ts_out=1777539091.715390 gw_proc_ms=0.662 traceId=exp-perf5000-000953-4e013a0d
zt-gateway  | [perf-request-in] ts_in=1777539091.714798 ts_out=1777539091.715466 gw_proc_ms=0.668 traceId=exp-perf5000-000952-3c2e45d2
zt-gateway  | [perf-request-in] ts_in=1777539091.715442 ts_out=1777539091.716113 gw_proc_ms=0.671 traceId=exp-perf5000-000955-5832c3f9
zt-gateway  | [perf-request-in] ts_in=1777539091.715504 ts_out=1777539091.716129 gw_proc_ms=0.625 traceId=exp-perf5000-000954-c5a8b101
zt-gateway  | [perf-request-in] ts_in=1777539091.716157 ts_out=1777539091.716806 gw_proc_ms=0.649 traceId=exp-perf5000-000956-21b5079e
zt-gateway  | [perf-request-in] ts_in=1777539091.716152 ts_out=1777539091.716806 gw_proc_ms=0.654 traceId=exp-perf5000-000957-dcb22d95
zt-gateway  | [perf-request-in] ts_in=1777539091.716839 ts_out=1777539091.717447 gw_proc_ms=0.608 traceId=exp-perf5000-000958-4cf8e233
zt-gateway  | [perf-request-in] ts_in=1777539091.716841 ts_out=1777539091.717456 gw_proc_ms=0.615 traceId=exp-perf5000-000959-739c5b02
zt-gateway  | [perf-request-in] ts_in=1777539091.717475 ts_out=1777539091.718084 gw_proc_ms=0.609 traceId=exp-perf5000-000960-42ee71fe
zt-gateway  | [perf-request-in] ts_in=1777539091.717489 ts_out=1777539091.718096 gw_proc_ms=0.607 traceId=exp-perf5000-000961-65f88abd
zt-gateway  | [perf-request-in] ts_in=1777539091.718117 ts_out=1777539091.718734 gw_proc_ms=0.617 traceId=exp-perf5000-000962-c23f03c7
zt-gateway  | [perf-request-in] ts_in=1777539091.718129 ts_out=1777539091.718739 gw_proc_ms=0.610 traceId=exp-perf5000-000963-5041e4d2
zt-gateway  | [perf-request-in] ts_in=1777539091.718771 ts_out=1777539091.719359 gw_proc_ms=0.588 traceId=exp-perf5000-000965-f99aedd0
zt-gateway  | [perf-request-in] ts_in=1777539091.718765 ts_out=1777539091.719359 gw_proc_ms=0.594 traceId=exp-perf5000-000964-3f879b05
zt-gateway  | [perf-request-in] ts_in=1777539091.719393 ts_out=1777539091.719999 gw_proc_ms=0.606 traceId=exp-perf5000-000967-bea46c4a
zt-gateway  | [perf-request-in] ts_in=1777539091.719391 ts_out=1777539091.720001 gw_proc_ms=0.610 traceId=exp-perf5000-000966-4dfdaa2b
zt-gateway  | [perf-request-in] ts_in=1777539091.720031 ts_out=1777539091.720628 gw_proc_ms=0.597 traceId=exp-perf5000-000968-88644739
zt-gateway  | [perf-request-in] ts_in=1777539091.720035 ts_out=1777539091.720636 gw_proc_ms=0.601 traceId=exp-perf5000-000969-ee935b23
zt-gateway  | [perf-request-in] ts_in=1777539091.720655 ts_out=1777539091.721260 gw_proc_ms=0.605 traceId=exp-perf5000-000970-9dfe0e83
zt-gateway  | [perf-request-in] ts_in=1777539091.720666 ts_out=1777539091.721275 gw_proc_ms=0.609 traceId=exp-perf5000-000971-849cdbb7
zt-gateway  | [perf-request-in] ts_in=1777539091.721283 ts_out=1777539091.721934 gw_proc_ms=0.651 traceId=exp-perf5000-000972-adbee981
zt-gateway  | [perf-request-in] ts_in=1777539091.721299 ts_out=1777539091.721956 gw_proc_ms=0.657 traceId=exp-perf5000-000973-3f448c95
zt-gateway  | [perf-request-in] ts_in=1777539091.721971 ts_out=1777539091.722938 gw_proc_ms=0.967 traceId=exp-perf5000-000974-6e72f52a
zt-gateway  | [perf-request-in] ts_in=1777539091.721987 ts_out=1777539091.723007 gw_proc_ms=1.020 traceId=exp-perf5000-000975-3e512cfe
zt-gateway  | [perf-request-in] ts_in=1777539091.723002 ts_out=1777539091.723691 gw_proc_ms=0.689 traceId=exp-perf5000-000976-3628aba6
zt-gateway  | [perf-request-in] ts_in=1777539091.723068 ts_out=1777539091.723797 gw_proc_ms=0.729 traceId=exp-perf5000-000977-5c255a9d
zt-gateway  | [perf-request-in] ts_in=1777539091.723740 ts_out=1777539091.724491 gw_proc_ms=0.751 traceId=exp-perf5000-000978-dd518f3b
zt-gateway  | [perf-request-in] ts_in=1777539091.723849 ts_out=1777539091.724620 gw_proc_ms=0.771 traceId=exp-perf5000-000979-205fdf03
zt-gateway  | [perf-request-in] ts_in=1777539091.724538 ts_out=1777539091.725260 gw_proc_ms=0.722 traceId=exp-perf5000-000980-993dbf66
zt-gateway  | [perf-request-in] ts_in=1777539091.724656 ts_out=1777539091.725605 gw_proc_ms=0.949 traceId=exp-perf5000-000981-4904842d
zt-gateway  | [perf-request-in] ts_in=1777539091.725298 ts_out=1777539091.726060 gw_proc_ms=0.762 traceId=exp-perf5000-000982-7564483a
zt-gateway  | [perf-request-in] ts_in=1777539091.725675 ts_out=1777539091.726305 gw_proc_ms=0.630 traceId=exp-perf5000-000983-b9113931
zt-gateway  | [perf-request-in] ts_in=1777539091.726107 ts_out=1777539091.726796 gw_proc_ms=0.689 traceId=exp-perf5000-000984-7e120941
zt-gateway  | [perf-request-in] ts_in=1777539091.726339 ts_out=1777539091.727000 gw_proc_ms=0.661 traceId=exp-perf5000-000985-7dd07321
zt-gateway  | [perf-request-in] ts_in=1777539091.726856 ts_out=1777539091.727513 gw_proc_ms=0.657 traceId=exp-perf5000-000986-a26cbd2d
zt-gateway  | [perf-request-in] ts_in=1777539091.727034 ts_out=1777539091.727682 gw_proc_ms=0.648 traceId=exp-perf5000-000987-75b93bb6
zt-gateway  | [perf-request-in] ts_in=1777539091.727553 ts_out=1777539091.728218 gw_proc_ms=0.665 traceId=exp-perf5000-000988-85eba310
zt-gateway  | [perf-request-in] ts_in=1777539091.727716 ts_out=1777539091.728358 gw_proc_ms=0.642 traceId=exp-perf5000-000989-8e59c6e5
zt-gateway  | [perf-request-in] ts_in=1777539091.728258 ts_out=1777539091.728965 gw_proc_ms=0.707 traceId=exp-perf5000-000990-747a5162
zt-gateway  | [perf-request-in] ts_in=1777539091.728390 ts_out=1777539091.729072 gw_proc_ms=0.682 traceId=exp-perf5000-000991-1ec99072
zt-gateway  | [perf-request-in] ts_in=1777539091.729005 ts_out=1777539091.729681 gw_proc_ms=0.676 traceId=exp-perf5000-000992-7e0b4644
zt-gateway  | [perf-request-in] ts_in=1777539091.729111 ts_out=1777539091.729749 gw_proc_ms=0.638 traceId=exp-perf5000-000993-86bfa2cd
zt-gateway  | [perf-request-in] ts_in=1777539091.729715 ts_out=1777539091.730377 gw_proc_ms=0.662 traceId=exp-perf5000-000994-6e52c97b
zt-gateway  | [perf-request-in] ts_in=1777539091.729780 ts_out=1777539091.730417 gw_proc_ms=0.637 traceId=exp-perf5000-000995-d5c785f2
zt-gateway  | [perf-request-in] ts_in=1777539091.730447 ts_out=1777539091.731098 gw_proc_ms=0.651 traceId=exp-perf5000-000996-8fb3ed84
zt-gateway  | [perf-request-in] ts_in=1777539091.730419 ts_out=1777539091.731108 gw_proc_ms=0.689 traceId=exp-perf5000-000997-f5b088fe
zt-gateway  | [perf-request-in] ts_in=1777539091.731134 ts_out=1777539091.731802 gw_proc_ms=0.668 traceId=exp-perf5000-000998-0869a6e4
zt-gateway  | [perf-request-in] ts_in=1777539091.731145 ts_out=1777539091.731834 gw_proc_ms=0.689 traceId=exp-perf5000-000999-49766581
zt-gateway  | [perf-request-in] ts_in=1777539091.731834 ts_out=1777539091.732482 gw_proc_ms=0.648 traceId=exp-perf5000-001001-5d6f65ab
zt-gateway  | [perf-request-in] ts_in=1777539091.731870 ts_out=1777539091.732541 gw_proc_ms=0.671 traceId=exp-perf5000-001000-aef508b3
zt-gateway  | [perf-request-in] ts_in=1777539091.732558 ts_out=1777539091.733233 gw_proc_ms=0.675 traceId=exp-perf5000-001002-6d788483
zt-gateway  | [perf-request-in] ts_in=1777539091.732592 ts_out=1777539091.733276 gw_proc_ms=0.684 traceId=exp-perf5000-001003-7bdb2da5
zt-gateway  | [perf-request-in] ts_in=1777539091.733271 ts_out=1777539091.733943 gw_proc_ms=0.672 traceId=exp-perf5000-001004-0bd82465
zt-gateway  | [perf-request-in] ts_in=1777539091.733316 ts_out=1777539091.733971 gw_proc_ms=0.655 traceId=exp-perf5000-001005-c7977851
zt-gateway  | [perf-request-in] ts_in=1777539091.733971 ts_out=1777539091.734619 gw_proc_ms=0.648 traceId=exp-perf5000-001007-219f21a9
zt-gateway  | [perf-request-in] ts_in=1777539091.733999 ts_out=1777539091.734644 gw_proc_ms=0.645 traceId=exp-perf5000-001006-ad700316
zt-gateway  | [perf-request-in] ts_in=1777539091.734657 ts_out=1777539091.735289 gw_proc_ms=0.632 traceId=exp-perf5000-001009-ef3a4b41
zt-gateway  | [perf-request-in] ts_in=1777539091.734674 ts_out=1777539091.735319 gw_proc_ms=0.645 traceId=exp-perf5000-001008-2936ff1b
zt-gateway  | [perf-request-in] ts_in=1777539091.735319 ts_out=1777539091.735985 gw_proc_ms=0.666 traceId=exp-perf5000-001010-8a33eff2
zt-gateway  | [perf-request-in] ts_in=1777539091.735356 ts_out=1777539091.736096 gw_proc_ms=0.740 traceId=exp-perf5000-001011-d8a32384
zt-gateway  | [perf-request-in] ts_in=1777539091.736016 ts_out=1777539091.736697 gw_proc_ms=0.681 traceId=exp-perf5000-001013-d0cdbe83
zt-gateway  | [perf-request-in] ts_in=1777539091.736132 ts_out=1777539091.736819 gw_proc_ms=0.687 traceId=exp-perf5000-001012-d08a6636
zt-gateway  | [perf-request-in] ts_in=1777539091.736721 ts_out=1777539091.737376 gw_proc_ms=0.655 traceId=exp-perf5000-001015-3fff422a
zt-gateway  | [perf-request-in] ts_in=1777539091.736857 ts_out=1777539091.737465 gw_proc_ms=0.608 traceId=exp-perf5000-001014-4a1ffb07
zt-gateway  | [perf-request-in] ts_in=1777539091.737418 ts_out=1777539091.738075 gw_proc_ms=0.657 traceId=exp-perf5000-001017-1c772f0f
zt-gateway  | [perf-request-in] ts_in=1777539091.737499 ts_out=1777539091.738147 gw_proc_ms=0.648 traceId=exp-perf5000-001016-d433182b
zt-gateway  | [perf-request-in] ts_in=1777539091.738113 ts_out=1777539091.738783 gw_proc_ms=0.670 traceId=exp-perf5000-001018-b90ea181
zt-gateway  | [perf-request-in] ts_in=1777539091.738172 ts_out=1777539091.738835 gw_proc_ms=0.663 traceId=exp-perf5000-001019-51091358
zt-gateway  | [perf-request-in] ts_in=1777539091.738825 ts_out=1777539091.739478 gw_proc_ms=0.653 traceId=exp-perf5000-001020-026989bd
zt-gateway  | [perf-request-in] ts_in=1777539091.738871 ts_out=1777539091.739520 gw_proc_ms=0.649 traceId=exp-perf5000-001021-bbe6dcf1
zt-gateway  | [perf-request-in] ts_in=1777539091.739515 ts_out=1777539091.740154 gw_proc_ms=0.639 traceId=exp-perf5000-001022-e3f52116
zt-gateway  | [perf-request-in] ts_in=1777539091.739551 ts_out=1777539091.740184 gw_proc_ms=0.633 traceId=exp-perf5000-001023-611bf113
zt-gateway  | [perf-request-in] ts_in=1777539091.740212 ts_out=1777539091.740873 gw_proc_ms=0.661 traceId=exp-perf5000-001024-46a5de66
zt-gateway  | [perf-request-in] ts_in=1777539091.740177 ts_out=1777539091.740929 gw_proc_ms=0.752 traceId=exp-perf5000-001025-4c898113
zt-gateway  | [perf-request-in] ts_in=1777539091.740908 ts_out=1777539091.741511 gw_proc_ms=0.603 traceId=exp-perf5000-001026-250f3f0b
zt-gateway  | [perf-request-in] ts_in=1777539091.741050 ts_out=1777539091.741706 gw_proc_ms=0.656 traceId=exp-perf5000-001027-347b39c8
zt-gateway  | [perf-request-in] ts_in=1777539091.741537 ts_out=1777539091.742140 gw_proc_ms=0.603 traceId=exp-perf5000-001028-b876f79c
zt-gateway  | [perf-request-in] ts_in=1777539091.741732 ts_out=1777539091.742330 gw_proc_ms=0.598 traceId=exp-perf5000-001029-79868ba0
zt-gateway  | [perf-request-in] ts_in=1777539091.742167 ts_out=1777539091.742798 gw_proc_ms=0.631 traceId=exp-perf5000-001031-f77c9f27
zt-gateway  | [perf-request-in] ts_in=1777539091.742360 ts_out=1777539091.743045 gw_proc_ms=0.685 traceId=exp-perf5000-001030-edfb6b1f
zt-gateway  | [perf-request-in] ts_in=1777539091.742826 ts_out=1777539091.743441 gw_proc_ms=0.615 traceId=exp-perf5000-001032-88e20398
zt-gateway  | [perf-request-in] ts_in=1777539091.743094 ts_out=1777539091.743764 gw_proc_ms=0.670 traceId=exp-perf5000-001033-cbfb6fac
zt-gateway  | [perf-request-in] ts_in=1777539091.743468 ts_out=1777539091.744117 gw_proc_ms=0.649 traceId=exp-perf5000-001034-02c04436
zt-gateway  | [perf-request-in] ts_in=1777539091.743827 ts_out=1777539091.744533 gw_proc_ms=0.706 traceId=exp-perf5000-001035-2d913b1f
zt-gateway  | [perf-request-in] ts_in=1777539091.744151 ts_out=1777539091.744752 gw_proc_ms=0.601 traceId=exp-perf5000-001036-c1c2684c
zt-gateway  | [perf-request-in] ts_in=1777539091.744586 ts_out=1777539091.745201 gw_proc_ms=0.615 traceId=exp-perf5000-001037-e4a63daf
zt-gateway  | [perf-request-in] ts_in=1777539091.744781 ts_out=1777539091.745364 gw_proc_ms=0.583 traceId=exp-perf5000-001039-c59eb04b
zt-gateway  | [perf-request-in] ts_in=1777539091.745240 ts_out=1777539091.745853 gw_proc_ms=0.613 traceId=exp-perf5000-001038-2bab2178
zt-gateway  | [perf-request-in] ts_in=1777539091.745389 ts_out=1777539091.746041 gw_proc_ms=0.652 traceId=exp-perf5000-001041-c7089050
zt-gateway  | [perf-request-in] ts_in=1777539091.745900 ts_out=1777539091.746512 gw_proc_ms=0.612 traceId=exp-perf5000-001040-625b77c1
zt-gateway  | [perf-request-in] ts_in=1777539091.746074 ts_out=1777539091.746685 gw_proc_ms=0.611 traceId=exp-perf5000-001042-cdf30b5b
zt-gateway  | [perf-request-in] ts_in=1777539091.746554 ts_out=1777539091.747170 gw_proc_ms=0.616 traceId=exp-perf5000-001043-6f73a19c
zt-gateway  | [perf-request-in] ts_in=1777539091.746717 ts_out=1777539091.747308 gw_proc_ms=0.591 traceId=exp-perf5000-001044-fc4d0956
zt-gateway  | [perf-request-in] ts_in=1777539091.747214 ts_out=1777539091.747882 gw_proc_ms=0.668 traceId=exp-perf5000-001045-75a8ddd3
zt-gateway  | [perf-request-in] ts_in=1777539091.747337 ts_out=1777539091.748005 gw_proc_ms=0.668 traceId=exp-perf5000-001046-ea756f2e
zt-gateway  | [perf-request-in] ts_in=1777539091.747930 ts_out=1777539091.748633 gw_proc_ms=0.703 traceId=exp-perf5000-001047-15030c7b
zt-gateway  | [perf-request-in] ts_in=1777539091.748035 ts_out=1777539091.748729 gw_proc_ms=0.694 traceId=exp-perf5000-001049-5dc7fcd6
zt-gateway  | [perf-request-in] ts_in=1777539091.748713 ts_out=1777539091.749327 gw_proc_ms=0.614 traceId=exp-perf5000-001048-79af2576
zt-gateway  | [perf-request-in] ts_in=1777539091.748759 ts_out=1777539091.749391 gw_proc_ms=0.632 traceId=exp-perf5000-001050-e564fcd8
zt-gateway  | [perf-request-in] ts_in=1777539091.749429 ts_out=1777539091.750041 gw_proc_ms=0.612 traceId=exp-perf5000-001053-a2281e2d
zt-gateway  | [perf-request-in] ts_in=1777539091.749370 ts_out=1777539091.750099 gw_proc_ms=0.729 traceId=exp-perf5000-001051-1e874306
zt-gateway  | [perf-request-in] ts_in=1777539091.750075 ts_out=1777539091.750686 gw_proc_ms=0.611 traceId=exp-perf5000-001054-55155020
zt-gateway  | [perf-request-in] ts_in=1777539091.750156 ts_out=1777539091.750961 gw_proc_ms=0.805 traceId=exp-perf5000-001052-b9140846
zt-gateway  | [perf-request-in] ts_in=1777539091.750722 ts_out=1777539091.751531 gw_proc_ms=0.809 traceId=exp-perf5000-001057-b3e6e1cc
zt-gateway  | [perf-request-in] ts_in=1777539091.751016 ts_out=1777539091.751822 gw_proc_ms=0.806 traceId=exp-perf5000-001055-67322bd3
zt-gateway  | [perf-request-in] ts_in=1777539091.751731 ts_out=1777539091.752412 gw_proc_ms=0.681 traceId=exp-perf5000-001059-9f9e7e5a
zt-gateway  | [perf-request-in] ts_in=1777539091.751876 ts_out=1777539091.752588 gw_proc_ms=0.712 traceId=exp-perf5000-001056-03d3567c
zt-gateway  | [perf-request-in] ts_in=1777539091.752460 ts_out=1777539091.753133 gw_proc_ms=0.673 traceId=exp-perf5000-001061-eaa7216f
zt-gateway  | [perf-request-in] ts_in=1777539091.752636 ts_out=1777539091.753435 gw_proc_ms=0.799 traceId=exp-perf5000-001058-79083b0b
zt-gateway  | [perf-request-in] ts_in=1777539091.753169 ts_out=1777539091.753892 gw_proc_ms=0.723 traceId=exp-perf5000-001063-4ba5e9e2
zt-gateway  | [perf-request-in] ts_in=1777539091.753493 ts_out=1777539091.754248 gw_proc_ms=0.755 traceId=exp-perf5000-001060-05de2e7f
zt-gateway  | [perf-request-in] ts_in=1777539091.753937 ts_out=1777539091.754583 gw_proc_ms=0.646 traceId=exp-perf5000-001065-595a5bc6
zt-gateway  | [perf-request-in] ts_in=1777539091.754288 ts_out=1777539091.755088 gw_proc_ms=0.800 traceId=exp-perf5000-001062-56e023f0
zt-gateway  | [perf-request-in] ts_in=1777539091.754614 ts_out=1777539091.755262 gw_proc_ms=0.648 traceId=exp-perf5000-001067-9bfa0fa8
zt-gateway  | [perf-request-in] ts_in=1777539091.755291 ts_out=1777539091.756177 gw_proc_ms=0.886 traceId=exp-perf5000-001069-e738b79c
zt-gateway  | [perf-request-in] ts_in=1777539091.755157 ts_out=1777539091.756219 gw_proc_ms=1.062 traceId=exp-perf5000-001064-215440b3
zt-gateway  | [perf-request-in] ts_in=1777539091.756223 ts_out=1777539091.756926 gw_proc_ms=0.703 traceId=exp-perf5000-001071-706ead6a
zt-gateway  | [perf-request-in] ts_in=1777539091.756268 ts_out=1777539091.756958 gw_proc_ms=0.690 traceId=exp-perf5000-001066-589caf07
zt-gateway  | [perf-request-in] ts_in=1777539091.756998 ts_out=1777539091.757712 gw_proc_ms=0.714 traceId=exp-perf5000-001068-88c253f8
zt-gateway  | [perf-request-in] ts_in=1777539091.756963 ts_out=1777539091.757713 gw_proc_ms=0.750 traceId=exp-perf5000-001072-b6cdcfb2
zt-gateway  | [perf-request-in] ts_in=1777539091.757752 ts_out=1777539091.758470 gw_proc_ms=0.718 traceId=exp-perf5000-001074-c95c9f45
zt-gateway  | [perf-request-in] ts_in=1777539091.757749 ts_out=1777539091.758471 gw_proc_ms=0.722 traceId=exp-perf5000-001070-8b2b4956
zt-gateway  | [perf-request-in] ts_in=1777539091.758510 ts_out=1777539091.759222 gw_proc_ms=0.712 traceId=exp-perf5000-001073-eee0c57b
zt-gateway  | [perf-request-in] ts_in=1777539091.758508 ts_out=1777539091.759292 gw_proc_ms=0.784 traceId=exp-perf5000-001077-fc829a15
zt-gateway  | [perf-request-in] ts_in=1777539091.759263 ts_out=1777539091.759952 gw_proc_ms=0.689 traceId=exp-perf5000-001075-135a2f87
zt-gateway  | [perf-request-in] ts_in=1777539091.759336 ts_out=1777539091.760076 gw_proc_ms=0.740 traceId=exp-perf5000-001079-4f0ab783
zt-gateway  | [perf-request-in] ts_in=1777539091.759996 ts_out=1777539091.760698 gw_proc_ms=0.702 traceId=exp-perf5000-001076-b1e557e8
zt-gateway  | [perf-request-in] ts_in=1777539091.760127 ts_out=1777539091.760879 gw_proc_ms=0.752 traceId=exp-perf5000-001080-d83b1211
zt-gateway  | [perf-request-in] ts_in=1777539091.760738 ts_out=1777539091.761409 gw_proc_ms=0.671 traceId=exp-perf5000-001078-63ca3549
zt-gateway  | [perf-request-in] ts_in=1777539091.760914 ts_out=1777539091.761781 gw_proc_ms=0.867 traceId=exp-perf5000-001082-6486e81b
zt-gateway  | [perf-request-in] ts_in=1777539091.761450 ts_out=1777539091.762167 gw_proc_ms=0.717 traceId=exp-perf5000-001081-c45b4df4
zt-gateway  | [perf-request-in] ts_in=1777539091.761824 ts_out=1777539091.762599 gw_proc_ms=0.775 traceId=exp-perf5000-001086-0e35987c
zt-gateway  | [perf-request-in] ts_in=1777539091.762206 ts_out=1777539091.762933 gw_proc_ms=0.727 traceId=exp-perf5000-001083-8a5ab0b0
zt-gateway  | [perf-request-in] ts_in=1777539091.762650 ts_out=1777539091.763397 gw_proc_ms=0.747 traceId=exp-perf5000-001087-44f9b83c
zt-gateway  | [perf-request-in] ts_in=1777539091.762970 ts_out=1777539091.763684 gw_proc_ms=0.714 traceId=exp-perf5000-001084-34adc1d8
zt-gateway  | [perf-request-in] ts_in=1777539091.763447 ts_out=1777539091.764248 gw_proc_ms=0.801 traceId=exp-perf5000-001088-1c2a9218
zt-gateway  | [perf-request-in] ts_in=1777539091.763736 ts_out=1777539091.764453 gw_proc_ms=0.717 traceId=exp-perf5000-001085-11ca4a30
zt-gateway  | [perf-request-in] ts_in=1777539091.764293 ts_out=1777539091.764992 gw_proc_ms=0.699 traceId=exp-perf5000-001090-0bbbc36b
zt-gateway  | [perf-request-in] ts_in=1777539091.764490 ts_out=1777539091.765211 gw_proc_ms=0.721 traceId=exp-perf5000-001089-cc0d72be
zt-gateway  | [perf-request-in] ts_in=1777539091.765033 ts_out=1777539091.765746 gw_proc_ms=0.713 traceId=exp-perf5000-001092-f475247d
zt-gateway  | [perf-request-in] ts_in=1777539091.765254 ts_out=1777539091.765956 gw_proc_ms=0.702 traceId=exp-perf5000-001091-1728d26c
zt-gateway  | [perf-request-in] ts_in=1777539091.765812 ts_out=1777539091.766516 gw_proc_ms=0.704 traceId=exp-perf5000-001095-25f6a039
zt-gateway  | [perf-request-in] ts_in=1777539091.766001 ts_out=1777539091.766691 gw_proc_ms=0.690 traceId=exp-perf5000-001093-1cf89edc
zt-gateway  | [perf-request-in] ts_in=1777539091.766556 ts_out=1777539091.767250 gw_proc_ms=0.694 traceId=exp-perf5000-001097-ab2f2de4
zt-gateway  | [perf-request-in] ts_in=1777539091.766728 ts_out=1777539091.767381 gw_proc_ms=0.653 traceId=exp-perf5000-001094-aae161f9
zt-gateway  | [perf-request-in] ts_in=1777539091.767290 ts_out=1777539091.767945 gw_proc_ms=0.655 traceId=exp-perf5000-001099-038460ff
zt-gateway  | [perf-request-in] ts_in=1777539091.767422 ts_out=1777539091.768084 gw_proc_ms=0.662 traceId=exp-perf5000-001096-e0689f17
zt-gateway  | [perf-request-in] ts_in=1777539091.767982 ts_out=1777539091.768625 gw_proc_ms=0.643 traceId=exp-perf5000-001101-2f070eaa
zt-gateway  | [perf-request-in] ts_in=1777539091.768121 ts_out=1777539091.768769 gw_proc_ms=0.648 traceId=exp-perf5000-001098-4d3d3d66
zt-gateway  | [perf-request-in] ts_in=1777539091.768664 ts_out=1777539091.769277 gw_proc_ms=0.613 traceId=exp-perf5000-001102-690a23ed
zt-gateway  | [perf-request-in] ts_in=1777539091.768807 ts_out=1777539091.769409 gw_proc_ms=0.602 traceId=exp-perf5000-001100-132b086a
zt-gateway  | [perf-request-in] ts_in=1777539091.769311 ts_out=1777539091.769995 gw_proc_ms=0.684 traceId=exp-perf5000-001105-621d7bbf
zt-gateway  | [perf-request-in] ts_in=1777539091.769449 ts_out=1777539091.770079 gw_proc_ms=0.630 traceId=exp-perf5000-001103-8f9b20d7
zt-gateway  | [perf-request-in] ts_in=1777539091.770041 ts_out=1777539091.770716 gw_proc_ms=0.675 traceId=exp-perf5000-001107-7264bfca
zt-gateway  | [perf-request-in] ts_in=1777539091.770113 ts_out=1777539091.770732 gw_proc_ms=0.619 traceId=exp-perf5000-001104-5298e3b3
zt-gateway  | [perf-request-in] ts_in=1777539091.770762 ts_out=1777539091.771358 gw_proc_ms=0.596 traceId=exp-perf5000-001106-80e86b6d
zt-gateway  | [perf-request-in] ts_in=1777539091.770758 ts_out=1777539091.771396 gw_proc_ms=0.638 traceId=exp-perf5000-001108-4b9ceae3
zt-gateway  | [perf-request-in] ts_in=1777539091.771393 ts_out=1777539091.772032 gw_proc_ms=0.639 traceId=exp-perf5000-001109-35fccea7
zt-gateway  | [perf-request-in] ts_in=1777539091.771433 ts_out=1777539091.772097 gw_proc_ms=0.664 traceId=exp-perf5000-001111-78771d39
zt-gateway  | [perf-request-in] ts_in=1777539091.772062 ts_out=1777539091.772691 gw_proc_ms=0.629 traceId=exp-perf5000-001110-78222dce
zt-gateway  | [perf-request-in] ts_in=1777539091.772174 ts_out=1777539091.772871 gw_proc_ms=0.697 traceId=exp-perf5000-001113-78850228
zt-gateway  | [perf-request-in] ts_in=1777539091.772724 ts_out=1777539091.773356 gw_proc_ms=0.632 traceId=exp-perf5000-001112-30190f3b
zt-gateway  | [perf-request-in] ts_in=1777539091.772921 ts_out=1777539091.773591 gw_proc_ms=0.670 traceId=exp-perf5000-001115-b7ba270b
zt-gateway  | [perf-request-in] ts_in=1777539091.773390 ts_out=1777539091.774024 gw_proc_ms=0.634 traceId=exp-perf5000-001114-1883ea24
zt-gateway  | [perf-request-in] ts_in=1777539091.773626 ts_out=1777539091.774284 gw_proc_ms=0.658 traceId=exp-perf5000-001117-032dc3d3
zt-gateway  | [perf-request-in] ts_in=1777539091.774054 ts_out=1777539091.774683 gw_proc_ms=0.629 traceId=exp-perf5000-001116-cdf97209
zt-gateway  | [perf-request-in] ts_in=1777539091.774318 ts_out=1777539091.774980 gw_proc_ms=0.662 traceId=exp-perf5000-001118-2a6e9392
zt-gateway  | [perf-request-in] ts_in=1777539091.774714 ts_out=1777539091.775383 gw_proc_ms=0.669 traceId=exp-perf5000-001119-4b3ad364
zt-gateway  | [perf-request-in] ts_in=1777539091.775016 ts_out=1777539091.775679 gw_proc_ms=0.663 traceId=exp-perf5000-001121-0b4092f7
zt-gateway  | [perf-request-in] ts_in=1777539091.775431 ts_out=1777539091.776092 gw_proc_ms=0.661 traceId=exp-perf5000-001120-809a458f
zt-gateway  | [perf-request-in] ts_in=1777539091.775719 ts_out=1777539091.776356 gw_proc_ms=0.637 traceId=exp-perf5000-001123-d4c89de6
zt-gateway  | [perf-request-in] ts_in=1777539091.776126 ts_out=1777539091.776763 gw_proc_ms=0.637 traceId=exp-perf5000-001122-e0991cf9
zt-gateway  | [perf-request-in] ts_in=1777539091.776393 ts_out=1777539091.777056 gw_proc_ms=0.663 traceId=exp-perf5000-001124-af4b8978
zt-gateway  | [perf-request-in] ts_in=1777539091.776795 ts_out=1777539091.777413 gw_proc_ms=0.618 traceId=exp-perf5000-001125-fbb8d7fa
zt-gateway  | [perf-request-in] ts_in=1777539091.777091 ts_out=1777539091.777749 gw_proc_ms=0.658 traceId=exp-perf5000-001126-0d261acf
zt-gateway  | [perf-request-in] ts_in=1777539091.777446 ts_out=1777539091.778071 gw_proc_ms=0.625 traceId=exp-perf5000-001127-a4b7ad13
zt-gateway  | [perf-request-in] ts_in=1777539091.777782 ts_out=1777539091.778413 gw_proc_ms=0.631 traceId=exp-perf5000-001128-439cdad2
zt-gateway  | [perf-request-in] ts_in=1777539091.778101 ts_out=1777539091.778730 gw_proc_ms=0.629 traceId=exp-perf5000-001129-83fb09c0
zt-gateway  | [perf-request-in] ts_in=1777539091.778449 ts_out=1777539091.779139 gw_proc_ms=0.690 traceId=exp-perf5000-001130-51cfdcc2
zt-gateway  | [perf-request-in] ts_in=1777539091.778758 ts_out=1777539091.779435 gw_proc_ms=0.677 traceId=exp-perf5000-001131-2144a12f
zt-gateway  | [perf-request-in] ts_in=1777539091.779177 ts_out=1777539091.779976 gw_proc_ms=0.799 traceId=exp-perf5000-001132-8a35cb51
zt-gateway  | [perf-request-in] ts_in=1777539091.779467 ts_out=1777539091.780163 gw_proc_ms=0.696 traceId=exp-perf5000-001133-7d4d4239
zt-gateway  | [perf-request-in] ts_in=1777539091.780011 ts_out=1777539091.780717 gw_proc_ms=0.706 traceId=exp-perf5000-001134-a59fa6e4
zt-gateway  | [perf-request-in] ts_in=1777539091.780193 ts_out=1777539091.780869 gw_proc_ms=0.676 traceId=exp-perf5000-001135-d8598f8f
zt-gateway  | [perf-request-in] ts_in=1777539091.780757 ts_out=1777539091.781415 gw_proc_ms=0.658 traceId=exp-perf5000-001136-510fa626
zt-gateway  | [perf-request-in] ts_in=1777539091.780902 ts_out=1777539091.781521 gw_proc_ms=0.619 traceId=exp-perf5000-001137-3ce39552
zt-gateway  | [perf-request-in] ts_in=1777539091.781445 ts_out=1777539091.782092 gw_proc_ms=0.647 traceId=exp-perf5000-001138-f6365717
zt-gateway  | [perf-request-in] ts_in=1777539091.781549 ts_out=1777539091.782156 gw_proc_ms=0.607 traceId=exp-perf5000-001139-8dfaf5c1
zt-gateway  | [perf-request-in] ts_in=1777539091.782122 ts_out=1777539091.782756 gw_proc_ms=0.634 traceId=exp-perf5000-001140-e0f2f1d8
zt-gateway  | [perf-request-in] ts_in=1777539091.782185 ts_out=1777539091.782796 gw_proc_ms=0.611 traceId=exp-perf5000-001141-60624da8
zt-gateway  | [perf-request-in] ts_in=1777539091.782795 ts_out=1777539091.783428 gw_proc_ms=0.633 traceId=exp-perf5000-001142-9837db08
zt-gateway  | [perf-request-in] ts_in=1777539091.782825 ts_out=1777539091.783432 gw_proc_ms=0.607 traceId=exp-perf5000-001143-8a2d3866
zt-gateway  | [perf-request-in] ts_in=1777539091.783460 ts_out=1777539091.784073 gw_proc_ms=0.613 traceId=exp-perf5000-001145-c23023a4
zt-gateway  | [perf-request-in] ts_in=1777539091.783463 ts_out=1777539091.784086 gw_proc_ms=0.623 traceId=exp-perf5000-001144-4eb8e76f
zt-gateway  | [perf-request-in] ts_in=1777539091.784103 ts_out=1777539091.784711 gw_proc_ms=0.608 traceId=exp-perf5000-001147-6aece2ae
zt-gateway  | [perf-request-in] ts_in=1777539091.784118 ts_out=1777539091.784749 gw_proc_ms=0.631 traceId=exp-perf5000-001146-fd28ed1f
zt-gateway  | [perf-request-in] ts_in=1777539091.784745 ts_out=1777539091.785333 gw_proc_ms=0.588 traceId=exp-perf5000-001150-de6d864d
zt-gateway  | [perf-request-in] ts_in=1777539091.784779 ts_out=1777539091.785385 gw_proc_ms=0.606 traceId=exp-perf5000-001148-a9f1d429
zt-gateway  | [perf-request-in] ts_in=1777539091.785409 ts_out=1777539091.786020 gw_proc_ms=0.611 traceId=exp-perf5000-001149-f1e32227
zt-gateway  | [perf-request-in] ts_in=1777539091.785364 ts_out=1777539091.786026 gw_proc_ms=0.662 traceId=exp-perf5000-001152-51a9bd0e
zt-gateway  | [perf-request-in] ts_in=1777539091.786053 ts_out=1777539091.786674 gw_proc_ms=0.621 traceId=exp-perf5000-001151-216912f7
zt-gateway  | [perf-request-in] ts_in=1777539091.786072 ts_out=1777539091.786716 gw_proc_ms=0.644 traceId=exp-perf5000-001154-c6638742
zt-gateway  | [perf-request-in] ts_in=1777539091.786709 ts_out=1777539091.787357 gw_proc_ms=0.648 traceId=exp-perf5000-001153-ebcc4f28
zt-gateway  | [perf-request-in] ts_in=1777539091.786758 ts_out=1777539091.787410 gw_proc_ms=0.652 traceId=exp-perf5000-001156-1801e968
zt-gateway  | [perf-request-in] ts_in=1777539091.787390 ts_out=1777539091.788004 gw_proc_ms=0.614 traceId=exp-perf5000-001155-59ec332d
zt-gateway  | [perf-request-in] ts_in=1777539091.787444 ts_out=1777539091.788059 gw_proc_ms=0.615 traceId=exp-perf5000-001158-22c6dfae
zt-gateway  | [perf-request-in] ts_in=1777539091.788037 ts_out=1777539091.788644 gw_proc_ms=0.607 traceId=exp-perf5000-001157-e01e284b
zt-gateway  | [perf-request-in] ts_in=1777539091.788089 ts_out=1777539091.788706 gw_proc_ms=0.617 traceId=exp-perf5000-001160-8381ea25
zt-gateway  | [perf-request-in] ts_in=1777539091.788674 ts_out=1777539091.789282 gw_proc_ms=0.608 traceId=exp-perf5000-001159-1ee3d7af
zt-gateway  | [perf-request-in] ts_in=1777539091.788745 ts_out=1777539091.789365 gw_proc_ms=0.620 traceId=exp-perf5000-001162-8aed4015
zt-gateway  | [perf-request-in] ts_in=1777539091.789317 ts_out=1777539091.789973 gw_proc_ms=0.656 traceId=exp-perf5000-001161-8186f963
zt-gateway  | [perf-request-in] ts_in=1777539091.789400 ts_out=1777539091.790043 gw_proc_ms=0.643 traceId=exp-perf5000-001165-42de888f
zt-gateway  | [perf-request-in] ts_in=1777539091.790006 ts_out=1777539091.790658 gw_proc_ms=0.652 traceId=exp-perf5000-001163-51cbe61f
zt-gateway  | [perf-request-in] ts_in=1777539091.790077 ts_out=1777539091.790721 gw_proc_ms=0.644 traceId=exp-perf5000-001166-add257de
zt-gateway  | [perf-request-in] ts_in=1777539091.790694 ts_out=1777539091.791297 gw_proc_ms=0.603 traceId=exp-perf5000-001164-06ad6321
zt-gateway  | [perf-request-in] ts_in=1777539091.790754 ts_out=1777539091.791359 gw_proc_ms=0.605 traceId=exp-perf5000-001168-77b8f4fa
zt-gateway  | [perf-request-in] ts_in=1777539091.791321 ts_out=1777539091.791971 gw_proc_ms=0.650 traceId=exp-perf5000-001167-6876c19a
zt-gateway  | [perf-request-in] ts_in=1777539091.791397 ts_out=1777539091.792045 gw_proc_ms=0.648 traceId=exp-perf5000-001171-023c8312
zt-gateway  | [perf-request-in] ts_in=1777539091.792005 ts_out=1777539091.792673 gw_proc_ms=0.668 traceId=exp-perf5000-001169-2bc211f6
zt-gateway  | [perf-request-in] ts_in=1777539091.792082 ts_out=1777539091.793020 gw_proc_ms=0.938 traceId=exp-perf5000-001173-7c0bbeab
zt-gateway  | [perf-request-in] ts_in=1777539091.792713 ts_out=1777539091.793431 gw_proc_ms=0.718 traceId=exp-perf5000-001170-09f65662
zt-gateway  | [perf-request-in] ts_in=1777539091.793078 ts_out=1777539091.793842 gw_proc_ms=0.764 traceId=exp-perf5000-001175-aec7b277
zt-gateway  | [perf-request-in] ts_in=1777539091.793474 ts_out=1777539091.794197 gw_proc_ms=0.723 traceId=exp-perf5000-001172-fb9ba2a0
zt-gateway  | [perf-request-in] ts_in=1777539091.793895 ts_out=1777539091.794689 gw_proc_ms=0.794 traceId=exp-perf5000-001176-4c143eb0
zt-gateway  | [perf-request-in] ts_in=1777539091.794289 ts_out=1777539091.795051 gw_proc_ms=0.762 traceId=exp-perf5000-001174-11cc1779
zt-gateway  | [perf-request-in] ts_in=1777539091.794732 ts_out=1777539091.795437 gw_proc_ms=0.705 traceId=exp-perf5000-001178-196a666a
zt-gateway  | [perf-request-in] ts_in=1777539091.795097 ts_out=1777539091.795805 gw_proc_ms=0.708 traceId=exp-perf5000-001177-f207e0e7
zt-gateway  | [perf-request-in] ts_in=1777539091.795474 ts_out=1777539091.796135 gw_proc_ms=0.661 traceId=exp-perf5000-001181-9c160afe
zt-gateway  | [perf-request-in] ts_in=1777539091.795847 ts_out=1777539091.796495 gw_proc_ms=0.648 traceId=exp-perf5000-001179-843966f3
zt-gateway  | [perf-request-in] ts_in=1777539091.796172 ts_out=1777539091.796843 gw_proc_ms=0.671 traceId=exp-perf5000-001182-bc28d02c
zt-gateway  | [perf-request-in] ts_in=1777539091.796530 ts_out=1777539091.797251 gw_proc_ms=0.721 traceId=exp-perf5000-001180-0e555e7b
zt-gateway  | [perf-request-in] ts_in=1777539091.796878 ts_out=1777539091.797589 gw_proc_ms=0.711 traceId=exp-perf5000-001184-d33af09c
zt-gateway  | [perf-request-in] ts_in=1777539091.797289 ts_out=1777539091.798028 gw_proc_ms=0.739 traceId=exp-perf5000-001183-1624c119
zt-gateway  | [perf-request-in] ts_in=1777539091.797634 ts_out=1777539091.798294 gw_proc_ms=0.660 traceId=exp-perf5000-001186-30d9871e
zt-gateway  | [perf-request-in] ts_in=1777539091.798064 ts_out=1777539091.798756 gw_proc_ms=0.692 traceId=exp-perf5000-001185-9bab754d
zt-gateway  | [perf-request-in] ts_in=1777539091.798330 ts_out=1777539091.799019 gw_proc_ms=0.689 traceId=exp-perf5000-001188-64d602d5
zt-gateway  | [perf-request-in] ts_in=1777539091.798792 ts_out=1777539091.799492 gw_proc_ms=0.700 traceId=exp-perf5000-001187-efacc387
zt-gateway  | [perf-request-in] ts_in=1777539091.799049 ts_out=1777539091.799711 gw_proc_ms=0.662 traceId=exp-perf5000-001190-59e4d6fa
zt-gateway  | [perf-request-in] ts_in=1777539091.799528 ts_out=1777539091.800245 gw_proc_ms=0.717 traceId=exp-perf5000-001189-49b7de8f
zt-gateway  | [perf-request-in] ts_in=1777539091.799747 ts_out=1777539091.800553 gw_proc_ms=0.806 traceId=exp-perf5000-001192-ee58e9fd
zt-gateway  | [perf-request-in] ts_in=1777539091.800283 ts_out=1777539091.800936 gw_proc_ms=0.653 traceId=exp-perf5000-001191-38825a80
zt-gateway  | [perf-request-in] ts_in=1777539091.800610 ts_out=1777539091.801274 gw_proc_ms=0.664 traceId=exp-perf5000-001194-420b4bdb
zt-gateway  | [perf-request-in] ts_in=1777539091.800970 ts_out=1777539091.801608 gw_proc_ms=0.638 traceId=exp-perf5000-001193-7fcbfcd0
zt-gateway  | [perf-request-in] ts_in=1777539091.801655 ts_out=1777539091.802337 gw_proc_ms=0.682 traceId=exp-perf5000-001195-c15e29eb
zt-gateway  | [perf-request-in] ts_in=1777539091.801322 ts_out=1777539091.802646 gw_proc_ms=1.324 traceId=exp-perf5000-001196-e5bec47e
zt-gateway  | [perf-request-in] ts_in=1777539091.802375 ts_out=1777539091.803148 gw_proc_ms=0.773 traceId=exp-perf5000-001197-a61adbcf
zt-gateway  | [perf-request-in] ts_in=1777539091.802870 ts_out=1777539091.803701 gw_proc_ms=0.831 traceId=exp-perf5000-001198-01d01ed7
zt-gateway  | [perf-request-in] ts_in=1777539091.803189 ts_out=1777539091.803882 gw_proc_ms=0.693 traceId=exp-perf5000-001199-4dec620a
zt-gateway  | [perf-request-in] ts_in=1777539091.803747 ts_out=1777539091.804367 gw_proc_ms=0.620 traceId=exp-perf5000-001200-e211c1af
zt-gateway  | [perf-request-in] ts_in=1777539091.803905 ts_out=1777539091.804642 gw_proc_ms=0.737 traceId=exp-perf5000-001201-fa3ac9a0
zt-gateway  | [perf-request-in] ts_in=1777539091.804426 ts_out=1777539091.805117 gw_proc_ms=0.691 traceId=exp-perf5000-001202-488303ec
zt-gateway  | [perf-request-in] ts_in=1777539091.804670 ts_out=1777539091.805291 gw_proc_ms=0.621 traceId=exp-perf5000-001203-dad19871
zt-gateway  | [perf-request-in] ts_in=1777539091.805320 ts_out=1777539091.805976 gw_proc_ms=0.656 traceId=exp-perf5000-001206-985112f9
zt-gateway  | [perf-request-in] ts_in=1777539091.805154 ts_out=1777539091.806297 gw_proc_ms=1.143 traceId=exp-perf5000-001204-4a98b433
zt-gateway  | [perf-request-in] ts_in=1777539091.806015 ts_out=1777539091.806647 gw_proc_ms=0.632 traceId=exp-perf5000-001208-f9193b53
zt-gateway  | [perf-request-in] ts_in=1777539091.806345 ts_out=1777539091.807005 gw_proc_ms=0.660 traceId=exp-perf5000-001205-7e8bde88
zt-gateway  | [perf-request-in] ts_in=1777539091.806677 ts_out=1777539091.807288 gw_proc_ms=0.611 traceId=exp-perf5000-001210-5377a6e9
zt-gateway  | [perf-request-in] ts_in=1777539091.807041 ts_out=1777539091.807674 gw_proc_ms=0.633 traceId=exp-perf5000-001207-60b6e8c5
zt-gateway  | [perf-request-in] ts_in=1777539091.807315 ts_out=1777539091.807929 gw_proc_ms=0.614 traceId=exp-perf5000-001212-34e0e42f
zt-gateway  | [perf-request-in] ts_in=1777539091.807708 ts_out=1777539091.808330 gw_proc_ms=0.622 traceId=exp-perf5000-001209-d856ca00
zt-gateway  | [perf-request-in] ts_in=1777539091.807954 ts_out=1777539091.808555 gw_proc_ms=0.601 traceId=exp-perf5000-001214-e2313d68
zt-gateway  | [perf-request-in] ts_in=1777539091.808367 ts_out=1777539091.809119 gw_proc_ms=0.752 traceId=exp-perf5000-001211-257c6a45
zt-gateway  | [perf-request-in] ts_in=1777539091.808593 ts_out=1777539091.809400 gw_proc_ms=0.807 traceId=exp-perf5000-001216-a9a39f64
zt-gateway  | [perf-request-in] ts_in=1777539091.809168 ts_out=1777539091.810024 gw_proc_ms=0.856 traceId=exp-perf5000-001213-389f1fe1
zt-gateway  | [perf-request-in] ts_in=1777539091.809456 ts_out=1777539091.810571 gw_proc_ms=1.115 traceId=exp-perf5000-001218-0c84dd01
zt-gateway  | [perf-request-in] ts_in=1777539091.810077 ts_out=1777539091.810937 gw_proc_ms=0.860 traceId=exp-perf5000-001215-0ab0aa71
zt-gateway  | [perf-request-in] ts_in=1777539091.810630 ts_out=1777539091.811364 gw_proc_ms=0.734 traceId=exp-perf5000-001220-3a44aa98
zt-gateway  | [perf-request-in] ts_in=1777539091.810963 ts_out=1777539091.811622 gw_proc_ms=0.659 traceId=exp-perf5000-001217-80bbaebb
zt-gateway  | [perf-request-in] ts_in=1777539091.811389 ts_out=1777539091.812064 gw_proc_ms=0.675 traceId=exp-perf5000-001222-7cc1089d
zt-gateway  | [perf-request-in] ts_in=1777539091.811648 ts_out=1777539091.812285 gw_proc_ms=0.637 traceId=exp-perf5000-001219-40e7fce8
zt-gateway  | [perf-request-in] ts_in=1777539091.812098 ts_out=1777539091.812765 gw_proc_ms=0.667 traceId=exp-perf5000-001224-f414d0f4
zt-gateway  | [perf-request-in] ts_in=1777539091.812318 ts_out=1777539091.812964 gw_proc_ms=0.646 traceId=exp-perf5000-001221-dc4e6bb1
zt-gateway  | [perf-request-in] ts_in=1777539091.812811 ts_out=1777539091.813440 gw_proc_ms=0.629 traceId=exp-perf5000-001226-01b4e1d4
zt-gateway  | [perf-request-in] ts_in=1777539091.812993 ts_out=1777539091.813618 gw_proc_ms=0.625 traceId=exp-perf5000-001223-6134e6e4
zt-gateway  | [perf-request-in] ts_in=1777539091.813477 ts_out=1777539091.814126 gw_proc_ms=0.649 traceId=exp-perf5000-001228-938d2b55
zt-gateway  | [perf-request-in] ts_in=1777539091.813647 ts_out=1777539091.814257 gw_proc_ms=0.610 traceId=exp-perf5000-001225-d24e602b
zt-gateway  | [perf-request-in] ts_in=1777539091.814159 ts_out=1777539091.814822 gw_proc_ms=0.663 traceId=exp-perf5000-001230-fd7af04b
zt-gateway  | [perf-request-in] ts_in=1777539091.814294 ts_out=1777539091.815049 gw_proc_ms=0.755 traceId=exp-perf5000-001227-0034c471
zt-gateway  | [perf-request-in] ts_in=1777539091.814853 ts_out=1777539091.815508 gw_proc_ms=0.655 traceId=exp-perf5000-001232-3eec0e99
zt-gateway  | [perf-request-in] ts_in=1777539091.815089 ts_out=1777539091.815751 gw_proc_ms=0.662 traceId=exp-perf5000-001229-09d02056
zt-gateway  | [perf-request-in] ts_in=1777539091.815537 ts_out=1777539091.816166 gw_proc_ms=0.629 traceId=exp-perf5000-001234-5483b5ed
zt-gateway  | [perf-request-in] ts_in=1777539091.815782 ts_out=1777539091.816401 gw_proc_ms=0.619 traceId=exp-perf5000-001231-e1146330
zt-gateway  | [perf-request-in] ts_in=1777539091.816193 ts_out=1777539091.816812 gw_proc_ms=0.619 traceId=exp-perf5000-001236-9a84633d
zt-gateway  | [perf-request-in] ts_in=1777539091.816432 ts_out=1777539091.817103 gw_proc_ms=0.671 traceId=exp-perf5000-001233-edb8a086
zt-gateway  | [perf-request-in] ts_in=1777539091.816836 ts_out=1777539091.817613 gw_proc_ms=0.777 traceId=exp-perf5000-001239-1755bfc6
zt-gateway  | [perf-request-in] ts_in=1777539091.817145 ts_out=1777539091.818003 gw_proc_ms=0.858 traceId=exp-perf5000-001235-b0ca6f1c
zt-gateway  | [perf-request-in] ts_in=1777539091.817647 ts_out=1777539091.818619 gw_proc_ms=0.972 traceId=exp-perf5000-001240-b91db2e6
zt-gateway  | [perf-request-in] ts_in=1777539091.818052 ts_out=1777539091.818967 gw_proc_ms=0.915 traceId=exp-perf5000-001237-82ae440f
zt-gateway  | [perf-request-in] ts_in=1777539091.818667 ts_out=1777539091.819516 gw_proc_ms=0.849 traceId=exp-perf5000-001242-f3af019e
zt-gateway  | [perf-request-in] ts_in=1777539091.819008 ts_out=1777539091.819872 gw_proc_ms=0.864 traceId=exp-perf5000-001238-e8e2dfc3
zt-gateway  | [perf-request-in] ts_in=1777539091.819553 ts_out=1777539091.820457 gw_proc_ms=0.904 traceId=exp-perf5000-001245-4a4ff17e
zt-gateway  | [perf-request-in] ts_in=1777539091.819920 ts_out=1777539091.820819 gw_proc_ms=0.899 traceId=exp-perf5000-001241-ec6cc0e2
zt-gateway  | [perf-request-in] ts_in=1777539091.820497 ts_out=1777539091.821305 gw_proc_ms=0.808 traceId=exp-perf5000-001247-7db4c158
zt-gateway  | [perf-request-in] ts_in=1777539091.820857 ts_out=1777539091.821671 gw_proc_ms=0.814 traceId=exp-perf5000-001243-a0aba509
zt-gateway  | [perf-request-in] ts_in=1777539091.821355 ts_out=1777539091.822120 gw_proc_ms=0.765 traceId=exp-perf5000-001248-d32dba33
zt-gateway  | [perf-request-in] ts_in=1777539091.821710 ts_out=1777539091.822444 gw_proc_ms=0.734 traceId=exp-perf5000-001244-56d70d3d
zt-gateway  | [perf-request-in] ts_in=1777539091.822149 ts_out=1777539091.822942 gw_proc_ms=0.793 traceId=exp-perf5000-001251-2695e9c3
zt-gateway  | [perf-request-in] ts_in=1777539091.822490 ts_out=1777539091.823576 gw_proc_ms=1.086 traceId=exp-perf5000-001246-9f6ff8fc
zt-gateway  | [perf-request-in] ts_in=1777539091.822996 ts_out=1777539091.823968 gw_proc_ms=0.972 traceId=exp-perf5000-001252-1c9d0b2e
zt-gateway  | [perf-request-in] ts_in=1777539091.823618 ts_out=1777539091.824755 gw_proc_ms=1.137 traceId=exp-perf5000-001249-aa10424e
zt-gateway  | [perf-request-in] ts_in=1777539091.824013 ts_out=1777539091.824997 gw_proc_ms=0.984 traceId=exp-perf5000-001254-8560e093
zt-gateway  | [perf-request-in] ts_in=1777539091.824809 ts_out=1777539091.825472 gw_proc_ms=0.663 traceId=exp-perf5000-001250-82a517ec
zt-gateway  | [perf-request-in] ts_in=1777539091.825026 ts_out=1777539091.825647 gw_proc_ms=0.621 traceId=exp-perf5000-001257-4e496f67
zt-gateway  | [perf-request-in] ts_in=1777539091.825508 ts_out=1777539091.826145 gw_proc_ms=0.637 traceId=exp-perf5000-001253-f587b8ad
zt-gateway  | [perf-request-in] ts_in=1777539091.825679 ts_out=1777539091.826264 gw_proc_ms=0.585 traceId=exp-perf5000-001258-0ab96606
zt-gateway  | [perf-request-in] ts_in=1777539091.826284 ts_out=1777539091.826918 gw_proc_ms=0.634 traceId=exp-perf5000-001260-bdb0bf8d
zt-gateway  | [perf-request-in] ts_in=1777539091.826173 ts_out=1777539091.827029 gw_proc_ms=0.856 traceId=exp-perf5000-001255-0bd25078
zt-gateway  | [perf-request-in] ts_in=1777539091.826958 ts_out=1777539091.827573 gw_proc_ms=0.615 traceId=exp-perf5000-001262-0420819b
zt-gateway  | [perf-request-in] ts_in=1777539091.827069 ts_out=1777539091.827735 gw_proc_ms=0.666 traceId=exp-perf5000-001256-565fe512
zt-gateway  | [perf-request-in] ts_in=1777539091.827602 ts_out=1777539091.828221 gw_proc_ms=0.619 traceId=exp-perf5000-001264-b1c2f825
zt-gateway  | [perf-request-in] ts_in=1777539091.827774 ts_out=1777539091.828417 gw_proc_ms=0.643 traceId=exp-perf5000-001259-06162a6a
zt-gateway  | [perf-request-in] ts_in=1777539091.828253 ts_out=1777539091.828882 gw_proc_ms=0.629 traceId=exp-perf5000-001266-aa1bde42
zt-gateway  | [perf-request-in] ts_in=1777539091.828460 ts_out=1777539091.829303 gw_proc_ms=0.843 traceId=exp-perf5000-001261-687fc73f
zt-gateway  | [perf-request-in] ts_in=1777539091.828918 ts_out=1777539091.829531 gw_proc_ms=0.613 traceId=exp-perf5000-001268-3bddaa61
zt-gateway  | [perf-request-in] ts_in=1777539091.829345 ts_out=1777539091.830067 gw_proc_ms=0.722 traceId=exp-perf5000-001263-0466fc8d
zt-gateway  | [perf-request-in] ts_in=1777539091.829573 ts_out=1777539091.830240 gw_proc_ms=0.667 traceId=exp-perf5000-001270-495b5466
zt-gateway  | [perf-request-in] ts_in=1777539091.830101 ts_out=1777539091.830767 gw_proc_ms=0.666 traceId=exp-perf5000-001265-0d09700a
zt-gateway  | [perf-request-in] ts_in=1777539091.830270 ts_out=1777539091.830905 gw_proc_ms=0.635 traceId=exp-perf5000-001272-2e1f07a7
zt-gateway  | [perf-request-in] ts_in=1777539091.830806 ts_out=1777539091.831423 gw_proc_ms=0.617 traceId=exp-perf5000-001267-34bdf55c
zt-gateway  | [perf-request-in] ts_in=1777539091.830933 ts_out=1777539091.831528 gw_proc_ms=0.595 traceId=exp-perf5000-001274-3d8266e6
zt-gateway  | [perf-request-in] ts_in=1777539091.831458 ts_out=1777539091.832076 gw_proc_ms=0.618 traceId=exp-perf5000-001269-bd7fb562
zt-gateway  | [perf-request-in] ts_in=1777539091.831560 ts_out=1777539091.832166 gw_proc_ms=0.606 traceId=exp-perf5000-001276-396f46c3
zt-gateway  | [perf-request-in] ts_in=1777539091.832113 ts_out=1777539091.832746 gw_proc_ms=0.633 traceId=exp-perf5000-001271-5db43d6a
zt-gateway  | [perf-request-in] ts_in=1777539091.832194 ts_out=1777539091.832801 gw_proc_ms=0.607 traceId=exp-perf5000-001278-225b13db
zt-gateway  | [perf-request-in] ts_in=1777539091.832779 ts_out=1777539091.833396 gw_proc_ms=0.617 traceId=exp-perf5000-001273-9fab659c
zt-gateway  | [perf-request-in] ts_in=1777539091.832831 ts_out=1777539091.833431 gw_proc_ms=0.600 traceId=exp-perf5000-001280-0b798dd7
zt-gateway  | [perf-request-in] ts_in=1777539091.833430 ts_out=1777539091.834045 gw_proc_ms=0.615 traceId=exp-perf5000-001275-49d4d20e
zt-gateway  | [perf-request-in] ts_in=1777539091.833458 ts_out=1777539091.834077 gw_proc_ms=0.619 traceId=exp-perf5000-001282-63a50f88
zt-gateway  | [perf-request-in] ts_in=1777539091.834103 ts_out=1777539091.834732 gw_proc_ms=0.629 traceId=exp-perf5000-001283-ec158de3
zt-gateway  | [perf-request-in] ts_in=1777539091.834081 ts_out=1777539091.834896 gw_proc_ms=0.815 traceId=exp-perf5000-001277-2fc4fed8
zt-gateway  | [perf-request-in] ts_in=1777539091.834762 ts_out=1777539091.835390 gw_proc_ms=0.628 traceId=exp-perf5000-001286-20e6c341
zt-gateway  | [perf-request-in] ts_in=1777539091.834940 ts_out=1777539091.835606 gw_proc_ms=0.666 traceId=exp-perf5000-001279-5b76e11d
zt-gateway  | [perf-request-in] ts_in=1777539091.835422 ts_out=1777539091.836053 gw_proc_ms=0.631 traceId=exp-perf5000-001288-8bcc79e2
zt-gateway  | [perf-request-in] ts_in=1777539091.835639 ts_out=1777539091.836294 gw_proc_ms=0.655 traceId=exp-perf5000-001281-34158ab2
zt-gateway  | [perf-request-in] ts_in=1777539091.836091 ts_out=1777539091.836714 gw_proc_ms=0.623 traceId=exp-perf5000-001290-62ca9f6c
zt-gateway  | [perf-request-in] ts_in=1777539091.836331 ts_out=1777539091.837041 gw_proc_ms=0.710 traceId=exp-perf5000-001285-0a02dcf4
zt-gateway  | [perf-request-in] ts_in=1777539091.836745 ts_out=1777539091.837364 gw_proc_ms=0.619 traceId=exp-perf5000-001292-c092d091
zt-gateway  | [perf-request-in] ts_in=1777539091.837083 ts_out=1777539091.837728 gw_proc_ms=0.645 traceId=exp-perf5000-001284-0b320b1c
zt-gateway  | [perf-request-in] ts_in=1777539091.837396 ts_out=1777539091.838024 gw_proc_ms=0.628 traceId=exp-perf5000-001294-4b39d419
zt-gateway  | [perf-request-in] ts_in=1777539091.837772 ts_out=1777539091.838396 gw_proc_ms=0.624 traceId=exp-perf5000-001287-0dfcdb6b
zt-gateway  | [perf-request-in] ts_in=1777539091.838055 ts_out=1777539091.838683 gw_proc_ms=0.628 traceId=exp-perf5000-001299-10131d8f
zt-gateway  | [perf-request-in] ts_in=1777539091.838426 ts_out=1777539091.839058 gw_proc_ms=0.632 traceId=exp-perf5000-001289-f9d5a956
zt-gateway  | [perf-request-in] ts_in=1777539091.838712 ts_out=1777539091.839311 gw_proc_ms=0.599 traceId=exp-perf5000-001300-dd56cc6b
zt-gateway  | [perf-request-in] ts_in=1777539091.839085 ts_out=1777539091.839704 gw_proc_ms=0.619 traceId=exp-perf5000-001291-4c2c605d
zt-gateway  | [perf-request-in] ts_in=1777539091.839344 ts_out=1777539091.839969 gw_proc_ms=0.625 traceId=exp-perf5000-001301-bb6d920d
zt-gateway  | [perf-request-in] ts_in=1777539091.839736 ts_out=1777539091.840350 gw_proc_ms=0.614 traceId=exp-perf5000-001293-5a8d6a25
zt-gateway  | [perf-request-in] ts_in=1777539091.840001 ts_out=1777539091.840614 gw_proc_ms=0.613 traceId=exp-perf5000-001302-7a79b894
zt-gateway  | [perf-request-in] ts_in=1777539091.840381 ts_out=1777539091.840999 gw_proc_ms=0.618 traceId=exp-perf5000-001295-83472b5b
zt-gateway  | [perf-request-in] ts_in=1777539091.840639 ts_out=1777539091.841240 gw_proc_ms=0.601 traceId=exp-perf5000-001303-6a7a138b
zt-gateway  | [perf-request-in] ts_in=1777539091.841029 ts_out=1777539091.841636 gw_proc_ms=0.607 traceId=exp-perf5000-001296-d29a127a
zt-gateway  | [perf-request-in] ts_in=1777539091.841275 ts_out=1777539091.841874 gw_proc_ms=0.599 traceId=exp-perf5000-001304-972efeb7
zt-gateway  | [perf-request-in] ts_in=1777539091.841669 ts_out=1777539091.842272 gw_proc_ms=0.603 traceId=exp-perf5000-001297-3d630a76
zt-gateway  | [perf-request-in] ts_in=1777539091.841900 ts_out=1777539091.842506 gw_proc_ms=0.606 traceId=exp-perf5000-001306-937c0b33
zt-gateway  | [perf-request-in] ts_in=1777539091.842539 ts_out=1777539091.843162 gw_proc_ms=0.623 traceId=exp-perf5000-001308-bee3ce1f
zt-gateway  | [perf-request-in] ts_in=1777539091.842308 ts_out=1777539091.843234 gw_proc_ms=0.926 traceId=exp-perf5000-001298-2fd18f34
zt-gateway  | [perf-request-in] ts_in=1777539091.843201 ts_out=1777539091.843839 gw_proc_ms=0.638 traceId=exp-perf5000-001310-eacae6cf
zt-gateway  | [perf-request-in] ts_in=1777539091.843292 ts_out=1777539091.843963 gw_proc_ms=0.671 traceId=exp-perf5000-001305-92a9cf69
zt-gateway  | [perf-request-in] ts_in=1777539091.843870 ts_out=1777539091.844456 gw_proc_ms=0.586 traceId=exp-perf5000-001312-4fa7ea4c
zt-gateway  | [perf-request-in] ts_in=1777539091.844007 ts_out=1777539091.844646 gw_proc_ms=0.639 traceId=exp-perf5000-001307-fbc0272d
zt-gateway  | [perf-request-in] ts_in=1777539091.844486 ts_out=1777539091.845116 gw_proc_ms=0.630 traceId=exp-perf5000-001314-875b5325
zt-gateway  | [perf-request-in] ts_in=1777539091.844687 ts_out=1777539091.845319 gw_proc_ms=0.632 traceId=exp-perf5000-001309-147c6051
zt-gateway  | [perf-request-in] ts_in=1777539091.845144 ts_out=1777539091.845935 gw_proc_ms=0.791 traceId=exp-perf5000-001318-bf47a81f
zt-gateway  | [perf-request-in] ts_in=1777539091.845354 ts_out=1777539091.846148 gw_proc_ms=0.794 traceId=exp-perf5000-001311-80a718fd
zt-gateway  | [perf-request-in] ts_in=1777539091.845968 ts_out=1777539091.846593 gw_proc_ms=0.625 traceId=exp-perf5000-001317-64ccb3d0
zt-gateway  | [perf-request-in] ts_in=1777539091.846182 ts_out=1777539091.846808 gw_proc_ms=0.626 traceId=exp-perf5000-001313-8b43b95f
zt-gateway  | [perf-request-in] ts_in=1777539091.846621 ts_out=1777539091.847201 gw_proc_ms=0.580 traceId=exp-perf5000-001320-d8539650
zt-gateway  | [perf-request-in] ts_in=1777539091.846838 ts_out=1777539091.847430 gw_proc_ms=0.592 traceId=exp-perf5000-001315-c86a5b49
zt-gateway  | [perf-request-in] ts_in=1777539091.847228 ts_out=1777539091.847825 gw_proc_ms=0.597 traceId=exp-perf5000-001322-8e402099
zt-gateway  | [perf-request-in] ts_in=1777539091.847464 ts_out=1777539091.848071 gw_proc_ms=0.607 traceId=exp-perf5000-001319-1d472f50
zt-gateway  | [perf-request-in] ts_in=1777539091.847851 ts_out=1777539091.848432 gw_proc_ms=0.581 traceId=exp-perf5000-001324-50422775
zt-gateway  | [perf-request-in] ts_in=1777539091.848096 ts_out=1777539091.848969 gw_proc_ms=0.873 traceId=exp-perf5000-001316-a9584655
zt-gateway  | [perf-request-in] ts_in=1777539091.848456 ts_out=1777539091.849245 gw_proc_ms=0.789 traceId=exp-perf5000-001326-5f285a20
zt-gateway  | [perf-request-in] ts_in=1777539091.849022 ts_out=1777539091.849702 gw_proc_ms=0.680 traceId=exp-perf5000-001321-02f685c1
zt-gateway  | [perf-request-in] ts_in=1777539091.849277 ts_out=1777539091.849900 gw_proc_ms=0.623 traceId=exp-perf5000-001328-2ee9f35b
zt-gateway  | [perf-request-in] ts_in=1777539091.849747 ts_out=1777539091.850408 gw_proc_ms=0.661 traceId=exp-perf5000-001323-34405ad6
zt-gateway  | [perf-request-in] ts_in=1777539091.849928 ts_out=1777539091.850542 gw_proc_ms=0.614 traceId=exp-perf5000-001330-dc68df24
zt-gateway  | [perf-request-in] ts_in=1777539091.850448 ts_out=1777539091.851107 gw_proc_ms=0.659 traceId=exp-perf5000-001325-b5ce85e1
zt-gateway  | [perf-request-in] ts_in=1777539091.850581 ts_out=1777539091.851200 gw_proc_ms=0.619 traceId=exp-perf5000-001331-e56e8a1b
zt-gateway  | [perf-request-in] ts_in=1777539091.851147 ts_out=1777539091.851807 gw_proc_ms=0.660 traceId=exp-perf5000-001327-45840773
zt-gateway  | [perf-request-in] ts_in=1777539091.851237 ts_out=1777539091.851844 gw_proc_ms=0.607 traceId=exp-perf5000-001334-0dffb712
zt-gateway  | [perf-request-in] ts_in=1777539091.851867 ts_out=1777539091.852452 gw_proc_ms=0.585 traceId=exp-perf5000-001336-32ed0adf
zt-gateway  | [perf-request-in] ts_in=1777539091.851843 ts_out=1777539091.852452 gw_proc_ms=0.609 traceId=exp-perf5000-001329-65ff17cb
zt-gateway  | [perf-request-in] ts_in=1777539091.852484 ts_out=1777539091.853084 gw_proc_ms=0.600 traceId=exp-perf5000-001338-4efae586
zt-gateway  | [perf-request-in] ts_in=1777539091.852491 ts_out=1777539091.853121 gw_proc_ms=0.630 traceId=exp-perf5000-001333-f01e9171
zt-gateway  | [perf-request-in] ts_in=1777539091.853114 ts_out=1777539091.853732 gw_proc_ms=0.618 traceId=exp-perf5000-001340-30be6223
zt-gateway  | [perf-request-in] ts_in=1777539091.853154 ts_out=1777539091.853796 gw_proc_ms=0.642 traceId=exp-perf5000-001332-5616f0dd
zt-gateway  | [perf-request-in] ts_in=1777539091.853762 ts_out=1777539091.854353 gw_proc_ms=0.591 traceId=exp-perf5000-001342-34d85186
zt-gateway  | [perf-request-in] ts_in=1777539091.853835 ts_out=1777539091.854455 gw_proc_ms=0.620 traceId=exp-perf5000-001335-d1be3de1
zt-gateway  | [perf-request-in] ts_in=1777539091.854386 ts_out=1777539091.855004 gw_proc_ms=0.618 traceId=exp-perf5000-001344-ccb69eec
zt-gateway  | [perf-request-in] ts_in=1777539091.854490 ts_out=1777539091.855135 gw_proc_ms=0.645 traceId=exp-perf5000-001337-39942565
zt-gateway  | [perf-request-in] ts_in=1777539091.855034 ts_out=1777539091.855638 gw_proc_ms=0.604 traceId=exp-perf5000-001346-f14d8393
zt-gateway  | [perf-request-in] ts_in=1777539091.855171 ts_out=1777539091.855794 gw_proc_ms=0.623 traceId=exp-perf5000-001339-1f269bbd
zt-gateway  | [perf-request-in] ts_in=1777539091.855700 ts_out=1777539091.856306 gw_proc_ms=0.606 traceId=exp-perf5000-001348-e87b875e
zt-gateway  | [perf-request-in] ts_in=1777539091.855833 ts_out=1777539091.856460 gw_proc_ms=0.627 traceId=exp-perf5000-001341-071c02eb
zt-gateway  | [perf-request-in] ts_in=1777539091.856331 ts_out=1777539091.856953 gw_proc_ms=0.622 traceId=exp-perf5000-001350-9a95d244
zt-gateway  | [perf-request-in] ts_in=1777539091.856518 ts_out=1777539091.857168 gw_proc_ms=0.650 traceId=exp-perf5000-001343-9ab63a4b
zt-gateway  | [perf-request-in] ts_in=1777539091.856985 ts_out=1777539091.857604 gw_proc_ms=0.619 traceId=exp-perf5000-001352-34794208
zt-gateway  | [perf-request-in] ts_in=1777539091.857213 ts_out=1777539091.857847 gw_proc_ms=0.634 traceId=exp-perf5000-001345-a1b048e5
zt-gateway  | [perf-request-in] ts_in=1777539091.857632 ts_out=1777539091.858246 gw_proc_ms=0.614 traceId=exp-perf5000-001354-f12da036
zt-gateway  | [perf-request-in] ts_in=1777539091.857881 ts_out=1777539091.858514 gw_proc_ms=0.633 traceId=exp-perf5000-001347-e78690d9
zt-gateway  | [perf-request-in] ts_in=1777539091.858281 ts_out=1777539091.858899 gw_proc_ms=0.618 traceId=exp-perf5000-001355-7f9616fd
zt-gateway  | [perf-request-in] ts_in=1777539091.858552 ts_out=1777539091.859208 gw_proc_ms=0.656 traceId=exp-perf5000-001349-b5bc5bc0
zt-gateway  | [perf-request-in] ts_in=1777539091.858933 ts_out=1777539091.859530 gw_proc_ms=0.597 traceId=exp-perf5000-001358-45c0ab16
zt-gateway  | [perf-request-in] ts_in=1777539091.859239 ts_out=1777539091.859886 gw_proc_ms=0.647 traceId=exp-perf5000-001351-bc36f88b
zt-gateway  | [perf-request-in] ts_in=1777539091.859554 ts_out=1777539091.860176 gw_proc_ms=0.622 traceId=exp-perf5000-001359-7f972f42
zt-gateway  | [perf-request-in] ts_in=1777539091.859916 ts_out=1777539091.860543 gw_proc_ms=0.627 traceId=exp-perf5000-001353-db239fa8
zt-gateway  | [perf-request-in] ts_in=1777539091.860204 ts_out=1777539091.860822 gw_proc_ms=0.618 traceId=exp-perf5000-001361-7d630d60
zt-gateway  | [perf-request-in] ts_in=1777539091.860590 ts_out=1777539091.861212 gw_proc_ms=0.622 traceId=exp-perf5000-001356-bea5212c
zt-gateway  | [perf-request-in] ts_in=1777539091.860846 ts_out=1777539091.861442 gw_proc_ms=0.596 traceId=exp-perf5000-001363-755095a5
zt-gateway  | [perf-request-in] ts_in=1777539091.861246 ts_out=1777539091.861882 gw_proc_ms=0.636 traceId=exp-perf5000-001357-402a7432
zt-gateway  | [perf-request-in] ts_in=1777539091.861473 ts_out=1777539091.862111 gw_proc_ms=0.638 traceId=exp-perf5000-001365-482d8de6
zt-gateway  | [perf-request-in] ts_in=1777539091.861920 ts_out=1777539091.862537 gw_proc_ms=0.617 traceId=exp-perf5000-001360-e212dadd
zt-gateway  | [perf-request-in] ts_in=1777539091.862144 ts_out=1777539091.862738 gw_proc_ms=0.594 traceId=exp-perf5000-001367-0adca5f2
zt-gateway  | [perf-request-in] ts_in=1777539091.862584 ts_out=1777539091.863187 gw_proc_ms=0.603 traceId=exp-perf5000-001362-e57619ec
zt-gateway  | [perf-request-in] ts_in=1777539091.862767 ts_out=1777539091.863367 gw_proc_ms=0.600 traceId=exp-perf5000-001369-76b32a6c
zt-gateway  | [perf-request-in] ts_in=1777539091.863222 ts_out=1777539091.863850 gw_proc_ms=0.628 traceId=exp-perf5000-001364-a5821fd0
zt-gateway  | [perf-request-in] ts_in=1777539091.863395 ts_out=1777539091.864014 gw_proc_ms=0.619 traceId=exp-perf5000-001371-090a474a
zt-gateway  | [perf-request-in] ts_in=1777539091.863882 ts_out=1777539091.864498 gw_proc_ms=0.616 traceId=exp-perf5000-001366-845d0988
zt-gateway  | [perf-request-in] ts_in=1777539091.864044 ts_out=1777539091.864645 gw_proc_ms=0.601 traceId=exp-perf5000-001373-5e111d52
zt-gateway  | [perf-request-in] ts_in=1777539091.864532 ts_out=1777539091.865136 gw_proc_ms=0.604 traceId=exp-perf5000-001368-c462bb5b
zt-gateway  | [perf-request-in] ts_in=1777539091.864675 ts_out=1777539091.865252 gw_proc_ms=0.577 traceId=exp-perf5000-001375-6531f58f
zt-gateway  | [perf-request-in] ts_in=1777539091.865282 ts_out=1777539091.865891 gw_proc_ms=0.609 traceId=exp-perf5000-001376-b380ff67
zt-gateway  | [perf-request-in] ts_in=1777539091.865170 ts_out=1777539091.865897 gw_proc_ms=0.727 traceId=exp-perf5000-001370-57afc6e3
zt-gateway  | [perf-request-in] ts_in=1777539091.865922 ts_out=1777539091.866505 gw_proc_ms=0.583 traceId=exp-perf5000-001378-dc3b6ace
zt-gateway  | [perf-request-in] ts_in=1777539091.865931 ts_out=1777539091.866533 gw_proc_ms=0.602 traceId=exp-perf5000-001372-664f023d
zt-gateway  | [perf-request-in] ts_in=1777539091.866573 ts_out=1777539091.867210 gw_proc_ms=0.637 traceId=exp-perf5000-001374-6d843905
zt-gateway  | [perf-request-in] ts_in=1777539091.866536 ts_out=1777539091.867210 gw_proc_ms=0.674 traceId=exp-perf5000-001380-95d79d41
zt-gateway  | [perf-request-in] ts_in=1777539091.867241 ts_out=1777539091.867857 gw_proc_ms=0.616 traceId=exp-perf5000-001377-afef8dfa
zt-gateway  | [perf-request-in] ts_in=1777539091.867263 ts_out=1777539091.867935 gw_proc_ms=0.672 traceId=exp-perf5000-001382-6f76709e
zt-gateway  | [perf-request-in] ts_in=1777539091.867890 ts_out=1777539091.868548 gw_proc_ms=0.658 traceId=exp-perf5000-001379-b5adc767
zt-gateway  | [perf-request-in] ts_in=1777539091.867973 ts_out=1777539091.868671 gw_proc_ms=0.698 traceId=exp-perf5000-001384-a744d3ed
zt-gateway  | [perf-request-in] ts_in=1777539091.868589 ts_out=1777539091.869214 gw_proc_ms=0.625 traceId=exp-perf5000-001381-51b06862
zt-gateway  | [perf-request-in] ts_in=1777539091.868711 ts_out=1777539091.869364 gw_proc_ms=0.653 traceId=exp-perf5000-001386-f0019d00
zt-gateway  | [perf-request-in] ts_in=1777539091.869249 ts_out=1777539091.869882 gw_proc_ms=0.633 traceId=exp-perf5000-001383-da0c3334
zt-gateway  | [perf-request-in] ts_in=1777539091.869405 ts_out=1777539091.870040 gw_proc_ms=0.635 traceId=exp-perf5000-001388-5b523f08
zt-gateway  | [perf-request-in] ts_in=1777539091.869912 ts_out=1777539091.870537 gw_proc_ms=0.625 traceId=exp-perf5000-001385-f1660fba
zt-gateway  | [perf-request-in] ts_in=1777539091.870075 ts_out=1777539091.870731 gw_proc_ms=0.656 traceId=exp-perf5000-001390-0c46bbc3
zt-gateway  | [perf-request-in] ts_in=1777539091.870587 ts_out=1777539091.871216 gw_proc_ms=0.629 traceId=exp-perf5000-001387-561793bf
zt-gateway  | [perf-request-in] ts_in=1777539091.870765 ts_out=1777539091.871400 gw_proc_ms=0.635 traceId=exp-perf5000-001392-16e380ce
zt-gateway  | [perf-request-in] ts_in=1777539091.871248 ts_out=1777539091.871930 gw_proc_ms=0.682 traceId=exp-perf5000-001389-a9bed9db
zt-gateway  | [perf-request-in] ts_in=1777539091.871437 ts_out=1777539091.872125 gw_proc_ms=0.688 traceId=exp-perf5000-001394-9987ac63
zt-gateway  | [perf-request-in] ts_in=1777539091.871961 ts_out=1777539091.872599 gw_proc_ms=0.638 traceId=exp-perf5000-001391-b8c1d34a
zt-gateway  | [perf-request-in] ts_in=1777539091.872154 ts_out=1777539091.872787 gw_proc_ms=0.633 traceId=exp-perf5000-001396-0249ebac
zt-gateway  | [perf-request-in] ts_in=1777539091.872620 ts_out=1777539091.873250 gw_proc_ms=0.630 traceId=exp-perf5000-001393-28741c4e
zt-gateway  | [perf-request-in] ts_in=1777539091.872820 ts_out=1777539091.873467 gw_proc_ms=0.647 traceId=exp-perf5000-001398-983d3d59
zt-gateway  | [perf-request-in] ts_in=1777539091.873276 ts_out=1777539091.874131 gw_proc_ms=0.855 traceId=exp-perf5000-001395-3b371897
zt-gateway  | [perf-request-in] ts_in=1777539091.873501 ts_out=1777539091.874195 gw_proc_ms=0.694 traceId=exp-perf5000-001400-f224ae8c
zt-gateway  | [perf-request-in] ts_in=1777539091.874230 ts_out=1777539091.874879 gw_proc_ms=0.649 traceId=exp-perf5000-001402-232090d5
zt-gateway  | [perf-request-in] ts_in=1777539091.874186 ts_out=1777539091.874906 gw_proc_ms=0.720 traceId=exp-perf5000-001397-d31782a2
zt-gateway  | [perf-request-in] ts_in=1777539091.874940 ts_out=1777539091.875612 gw_proc_ms=0.672 traceId=exp-perf5000-001399-7d54eb9c
zt-gateway  | [perf-request-in] ts_in=1777539091.874912 ts_out=1777539091.875659 gw_proc_ms=0.747 traceId=exp-perf5000-001404-e92b15a7
zt-gateway  | [perf-request-in] ts_in=1777539091.875693 ts_out=1777539091.876324 gw_proc_ms=0.631 traceId=exp-perf5000-001405-09662a04
zt-gateway  | [perf-request-in] ts_in=1777539091.875861 ts_out=1777539091.876635 gw_proc_ms=0.774 traceId=exp-perf5000-001401-34aaef87
zt-gateway  | [perf-request-in] ts_in=1777539091.876359 ts_out=1777539091.877335 gw_proc_ms=0.976 traceId=exp-perf5000-001407-3132a158
zt-gateway  | [perf-request-in] ts_in=1777539091.876680 ts_out=1777539091.877517 gw_proc_ms=0.837 traceId=exp-perf5000-001403-cb86760b
zt-gateway  | [perf-request-in] ts_in=1777539091.877499 ts_out=1777539091.878191 gw_proc_ms=0.692 traceId=exp-perf5000-001409-5f842c0b
zt-gateway  | [perf-request-in] ts_in=1777539091.877585 ts_out=1777539091.878254 gw_proc_ms=0.669 traceId=exp-perf5000-001406-c1c0b058
zt-gateway  | [perf-request-in] ts_in=1777539091.878299 ts_out=1777539091.878956 gw_proc_ms=0.657 traceId=exp-perf5000-001408-cdd22f70
zt-gateway  | [perf-request-in] ts_in=1777539091.878223 ts_out=1777539091.878959 gw_proc_ms=0.736 traceId=exp-perf5000-001411-ab2f79d1
zt-gateway  | [perf-request-in] ts_in=1777539091.878992 ts_out=1777539091.879622 gw_proc_ms=0.630 traceId=exp-perf5000-001410-f87d74e9
zt-gateway  | [perf-request-in] ts_in=1777539091.879004 ts_out=1777539091.879631 gw_proc_ms=0.627 traceId=exp-perf5000-001413-4e4709de
zt-gateway  | [perf-request-in] ts_in=1777539091.879663 ts_out=1777539091.880243 gw_proc_ms=0.580 traceId=exp-perf5000-001415-4ec54f7a
zt-gateway  | [perf-request-in] ts_in=1777539091.879652 ts_out=1777539091.880244 gw_proc_ms=0.592 traceId=exp-perf5000-001412-35413de5
zt-gateway  | [perf-request-in] ts_in=1777539091.880273 ts_out=1777539091.880896 gw_proc_ms=0.623 traceId=exp-perf5000-001417-3a7cce6b
zt-gateway  | [perf-request-in] ts_in=1777539091.880275 ts_out=1777539091.880932 gw_proc_ms=0.657 traceId=exp-perf5000-001414-bc99d86d
zt-gateway  | [perf-request-in] ts_in=1777539091.880920 ts_out=1777539091.881768 gw_proc_ms=0.848 traceId=exp-perf5000-001419-ec3b32f6
zt-gateway  | [perf-request-in] ts_in=1777539091.880967 ts_out=1777539091.881818 gw_proc_ms=0.851 traceId=exp-perf5000-001416-32536f3f
zt-gateway  | [perf-request-in] ts_in=1777539091.881808 ts_out=1777539091.882448 gw_proc_ms=0.640 traceId=exp-perf5000-001421-550df7da
zt-gateway  | [perf-request-in] ts_in=1777539091.881882 ts_out=1777539091.882538 gw_proc_ms=0.656 traceId=exp-perf5000-001418-42760282
zt-gateway  | [perf-request-in] ts_in=1777539091.882483 ts_out=1777539091.883099 gw_proc_ms=0.616 traceId=exp-perf5000-001423-7b1877c7
zt-gateway  | [perf-request-in] ts_in=1777539091.882593 ts_out=1777539091.883218 gw_proc_ms=0.625 traceId=exp-perf5000-001420-f5077d76
zt-gateway  | [perf-request-in] ts_in=1777539091.883132 ts_out=1777539091.883739 gw_proc_ms=0.607 traceId=exp-perf5000-001425-2a96a881
zt-gateway  | [perf-request-in] ts_in=1777539091.883259 ts_out=1777539091.883907 gw_proc_ms=0.648 traceId=exp-perf5000-001422-c461957a
zt-gateway  | [perf-request-in] ts_in=1777539091.883774 ts_out=1777539091.884457 gw_proc_ms=0.683 traceId=exp-perf5000-001427-e85ee516
zt-gateway  | [perf-request-in] ts_in=1777539091.883955 ts_out=1777539091.884723 gw_proc_ms=0.768 traceId=exp-perf5000-001424-3ef70b12
zt-gateway  | [perf-request-in] ts_in=1777539091.884493 ts_out=1777539091.885110 gw_proc_ms=0.617 traceId=exp-perf5000-001429-3b74e314
zt-gateway  | [perf-request-in] ts_in=1777539091.884773 ts_out=1777539091.885428 gw_proc_ms=0.655 traceId=exp-perf5000-001426-cfa3bd1d
zt-gateway  | [perf-request-in] ts_in=1777539091.885141 ts_out=1777539091.885784 gw_proc_ms=0.643 traceId=exp-perf5000-001430-811c23be
zt-gateway  | [perf-request-in] ts_in=1777539091.885472 ts_out=1777539091.886134 gw_proc_ms=0.662 traceId=exp-perf5000-001428-bfa5bd4d
zt-gateway  | [perf-request-in] ts_in=1777539091.885814 ts_out=1777539091.886431 gw_proc_ms=0.617 traceId=exp-perf5000-001432-324bcddf
zt-gateway  | [perf-request-in] ts_in=1777539091.886176 ts_out=1777539091.886820 gw_proc_ms=0.644 traceId=exp-perf5000-001431-ac223667
zt-gateway  | [perf-request-in] ts_in=1777539091.886463 ts_out=1777539091.887095 gw_proc_ms=0.632 traceId=exp-perf5000-001435-2c073308
zt-gateway  | [perf-request-in] ts_in=1777539091.886858 ts_out=1777539091.887493 gw_proc_ms=0.635 traceId=exp-perf5000-001433-3a88cf57
zt-gateway  | [perf-request-in] ts_in=1777539091.887121 ts_out=1777539091.887751 gw_proc_ms=0.630 traceId=exp-perf5000-001437-14414d27
zt-gateway  | [perf-request-in] ts_in=1777539091.887533 ts_out=1777539091.888206 gw_proc_ms=0.673 traceId=exp-perf5000-001434-664df84f
zt-gateway  | [perf-request-in] ts_in=1777539091.887788 ts_out=1777539091.888413 gw_proc_ms=0.625 traceId=exp-perf5000-001438-55c4289e
zt-gateway  | [perf-request-in] ts_in=1777539091.888243 ts_out=1777539091.888893 gw_proc_ms=0.650 traceId=exp-perf5000-001436-08c6eb1a
zt-gateway  | [perf-request-in] ts_in=1777539091.888447 ts_out=1777539091.889081 gw_proc_ms=0.634 traceId=exp-perf5000-001440-21e4348a
zt-gateway  | [perf-request-in] ts_in=1777539091.888934 ts_out=1777539091.889608 gw_proc_ms=0.674 traceId=exp-perf5000-001439-eeaa38eb
zt-gateway  | [perf-request-in] ts_in=1777539091.889111 ts_out=1777539091.889772 gw_proc_ms=0.661 traceId=exp-perf5000-001442-5b4fcdb4
zt-gateway  | [perf-request-in] ts_in=1777539091.889647 ts_out=1777539091.890293 gw_proc_ms=0.646 traceId=exp-perf5000-001441-4edc6497
zt-gateway  | [perf-request-in] ts_in=1777539091.889805 ts_out=1777539091.890424 gw_proc_ms=0.619 traceId=exp-perf5000-001444-59100dc9
zt-gateway  | [perf-request-in] ts_in=1777539091.890330 ts_out=1777539091.890997 gw_proc_ms=0.667 traceId=exp-perf5000-001443-c2a4725b
zt-gateway  | [perf-request-in] ts_in=1777539091.890452 ts_out=1777539091.891087 gw_proc_ms=0.635 traceId=exp-perf5000-001446-1f9d39fd
zt-gateway  | [perf-request-in] ts_in=1777539091.891115 ts_out=1777539091.891739 gw_proc_ms=0.624 traceId=exp-perf5000-001448-2a486e2c
zt-gateway  | [perf-request-in] ts_in=1777539091.891034 ts_out=1777539091.891741 gw_proc_ms=0.707 traceId=exp-perf5000-001445-ce17f696
zt-gateway  | [perf-request-in] ts_in=1777539091.891788 ts_out=1777539091.892458 gw_proc_ms=0.670 traceId=exp-perf5000-001447-2703d207
zt-gateway  | [perf-request-in] ts_in=1777539091.891775 ts_out=1777539091.892658 gw_proc_ms=0.883 traceId=exp-perf5000-001450-6cd8fcf5
zt-gateway  | [perf-request-in] ts_in=1777539091.892502 ts_out=1777539091.893159 gw_proc_ms=0.657 traceId=exp-perf5000-001449-f9449985
zt-gateway  | [perf-request-in] ts_in=1777539091.892701 ts_out=1777539091.893337 gw_proc_ms=0.636 traceId=exp-perf5000-001452-5430a6ac
zt-gateway  | [perf-request-in] ts_in=1777539091.893205 ts_out=1777539091.893867 gw_proc_ms=0.662 traceId=exp-perf5000-001451-79158c68
zt-gateway  | [perf-request-in] ts_in=1777539091.893372 ts_out=1777539091.894019 gw_proc_ms=0.647 traceId=exp-perf5000-001454-35949da6
zt-gateway  | [perf-request-in] ts_in=1777539091.893904 ts_out=1777539091.894557 gw_proc_ms=0.653 traceId=exp-perf5000-001453-a1d4b1a8
zt-gateway  | [perf-request-in] ts_in=1777539091.894057 ts_out=1777539091.894698 gw_proc_ms=0.641 traceId=exp-perf5000-001456-fea27264
zt-gateway  | [perf-request-in] ts_in=1777539091.894597 ts_out=1777539091.895224 gw_proc_ms=0.627 traceId=exp-perf5000-001455-38629c6f
zt-gateway  | [perf-request-in] ts_in=1777539091.894741 ts_out=1777539091.895373 gw_proc_ms=0.632 traceId=exp-perf5000-001458-da5f7c8a
zt-gateway  | [perf-request-in] ts_in=1777539091.895259 ts_out=1777539091.895898 gw_proc_ms=0.639 traceId=exp-perf5000-001457-bfdb9a58
zt-gateway  | [perf-request-in] ts_in=1777539091.895417 ts_out=1777539091.896064 gw_proc_ms=0.647 traceId=exp-perf5000-001460-ea7122e2
zt-gateway  | [perf-request-in] ts_in=1777539091.895930 ts_out=1777539091.896549 gw_proc_ms=0.619 traceId=exp-perf5000-001459-29505477
zt-gateway  | [perf-request-in] ts_in=1777539091.896102 ts_out=1777539091.896747 gw_proc_ms=0.645 traceId=exp-perf5000-001462-83d549b3
zt-gateway  | [perf-request-in] ts_in=1777539091.896588 ts_out=1777539091.897193 gw_proc_ms=0.605 traceId=exp-perf5000-001461-128a748c
zt-gateway  | [perf-request-in] ts_in=1777539091.896780 ts_out=1777539091.897402 gw_proc_ms=0.622 traceId=exp-perf5000-001464-b7f20326
zt-gateway  | [perf-request-in] ts_in=1777539091.897226 ts_out=1777539091.897845 gw_proc_ms=0.619 traceId=exp-perf5000-001463-93b36aab
zt-gateway  | [perf-request-in] ts_in=1777539091.897438 ts_out=1777539091.898067 gw_proc_ms=0.629 traceId=exp-perf5000-001466-c69b76cf
zt-gateway  | [perf-request-in] ts_in=1777539091.897869 ts_out=1777539091.898484 gw_proc_ms=0.615 traceId=exp-perf5000-001465-198643e4
zt-gateway  | [perf-request-in] ts_in=1777539091.898098 ts_out=1777539091.898743 gw_proc_ms=0.645 traceId=exp-perf5000-001468-f8f89eff
zt-gateway  | [perf-request-in] ts_in=1777539091.898526 ts_out=1777539091.899197 gw_proc_ms=0.671 traceId=exp-perf5000-001467-e119b95a
zt-gateway  | [perf-request-in] ts_in=1777539091.898776 ts_out=1777539091.899400 gw_proc_ms=0.624 traceId=exp-perf5000-001470-5bc4c47a
zt-gateway  | [perf-request-in] ts_in=1777539091.899233 ts_out=1777539091.899864 gw_proc_ms=0.631 traceId=exp-perf5000-001469-5fa76f32
zt-gateway  | [perf-request-in] ts_in=1777539091.899433 ts_out=1777539091.900058 gw_proc_ms=0.625 traceId=exp-perf5000-001472-b3d75123
zt-gateway  | [perf-request-in] ts_in=1777539091.899916 ts_out=1777539091.900520 gw_proc_ms=0.604 traceId=exp-perf5000-001471-d4210aa8
zt-gateway  | [perf-request-in] ts_in=1777539091.900103 ts_out=1777539091.900699 gw_proc_ms=0.596 traceId=exp-perf5000-001474-fcb87e52
zt-gateway  | [perf-request-in] ts_in=1777539091.900555 ts_out=1777539091.901164 gw_proc_ms=0.609 traceId=exp-perf5000-001473-9bbe6d2d
zt-gateway  | [perf-request-in] ts_in=1777539091.900724 ts_out=1777539091.901303 gw_proc_ms=0.579 traceId=exp-perf5000-001476-2a950479
zt-gateway  | [perf-request-in] ts_in=1777539091.901196 ts_out=1777539091.901845 gw_proc_ms=0.649 traceId=exp-perf5000-001475-4a70e8df
zt-gateway  | [perf-request-in] ts_in=1777539091.901333 ts_out=1777539091.901949 gw_proc_ms=0.616 traceId=exp-perf5000-001478-ef9196ab
zt-gateway  | [perf-request-in] ts_in=1777539091.901891 ts_out=1777539091.902512 gw_proc_ms=0.621 traceId=exp-perf5000-001477-2bcbb647
zt-gateway  | [perf-request-in] ts_in=1777539091.901990 ts_out=1777539091.902593 gw_proc_ms=0.603 traceId=exp-perf5000-001480-dbdd19f8
zt-gateway  | [perf-request-in] ts_in=1777539091.902550 ts_out=1777539091.903164 gw_proc_ms=0.614 traceId=exp-perf5000-001479-c3f2e167
zt-gateway  | [perf-request-in] ts_in=1777539091.902626 ts_out=1777539091.903306 gw_proc_ms=0.680 traceId=exp-perf5000-001482-526c78b6
zt-gateway  | [perf-request-in] ts_in=1777539091.903199 ts_out=1777539091.903828 gw_proc_ms=0.629 traceId=exp-perf5000-001481-abcad44d
zt-gateway  | [perf-request-in] ts_in=1777539091.903346 ts_out=1777539091.903986 gw_proc_ms=0.640 traceId=exp-perf5000-001484-d2afceb3
zt-gateway  | [perf-request-in] ts_in=1777539091.903862 ts_out=1777539091.904471 gw_proc_ms=0.609 traceId=exp-perf5000-001483-a0c91f15
zt-gateway  | [perf-request-in] ts_in=1777539091.904017 ts_out=1777539091.904650 gw_proc_ms=0.633 traceId=exp-perf5000-001486-5ece1099
zt-gateway  | [perf-request-in] ts_in=1777539091.904504 ts_out=1777539091.905123 gw_proc_ms=0.619 traceId=exp-perf5000-001485-6da2838d
zt-gateway  | [perf-request-in] ts_in=1777539091.904691 ts_out=1777539091.905300 gw_proc_ms=0.609 traceId=exp-perf5000-001488-5c6b4b84
zt-gateway  | [perf-request-in] ts_in=1777539091.905156 ts_out=1777539091.905775 gw_proc_ms=0.619 traceId=exp-perf5000-001487-3d051123
zt-gateway  | [perf-request-in] ts_in=1777539091.905340 ts_out=1777539091.905974 gw_proc_ms=0.634 traceId=exp-perf5000-001490-a342b821
zt-gateway  | [perf-request-in] ts_in=1777539091.905808 ts_out=1777539091.906404 gw_proc_ms=0.596 traceId=exp-perf5000-001489-e557afdc
zt-gateway  | [perf-request-in] ts_in=1777539091.906011 ts_out=1777539091.906622 gw_proc_ms=0.611 traceId=exp-perf5000-001491-e79af383
zt-gateway  | [perf-request-in] ts_in=1777539091.906436 ts_out=1777539091.907039 gw_proc_ms=0.603 traceId=exp-perf5000-001492-2b694e8e
zt-gateway  | [perf-request-in] ts_in=1777539091.906660 ts_out=1777539091.907257 gw_proc_ms=0.597 traceId=exp-perf5000-001494-4dce3e44
zt-gateway  | [perf-request-in] ts_in=1777539091.907070 ts_out=1777539091.907694 gw_proc_ms=0.624 traceId=exp-perf5000-001493-86c6836a
zt-gateway  | [perf-request-in] ts_in=1777539091.907283 ts_out=1777539091.907923 gw_proc_ms=0.640 traceId=exp-perf5000-001496-833b5615
zt-gateway  | [perf-request-in] ts_in=1777539091.907727 ts_out=1777539091.908326 gw_proc_ms=0.599 traceId=exp-perf5000-001495-488adb5d
zt-gateway  | [perf-request-in] ts_in=1777539091.907949 ts_out=1777539091.908561 gw_proc_ms=0.612 traceId=exp-perf5000-001498-124861b3
zt-gateway  | [perf-request-in] ts_in=1777539091.908361 ts_out=1777539091.908979 gw_proc_ms=0.618 traceId=exp-perf5000-001497-98066e5e
zt-gateway  | [perf-request-in] ts_in=1777539091.908599 ts_out=1777539091.909261 gw_proc_ms=0.662 traceId=exp-perf5000-001500-ffb58c9c
zt-gateway  | [perf-request-in] ts_in=1777539091.909012 ts_out=1777539091.909641 gw_proc_ms=0.629 traceId=exp-perf5000-001499-f4447ee8
zt-gateway  | [perf-request-in] ts_in=1777539091.909301 ts_out=1777539091.909931 gw_proc_ms=0.630 traceId=exp-perf5000-001502-050825af
zt-gateway  | [perf-request-in] ts_in=1777539091.909678 ts_out=1777539091.910266 gw_proc_ms=0.588 traceId=exp-perf5000-001501-b974a295
zt-gateway  | [perf-request-in] ts_in=1777539091.909967 ts_out=1777539091.910575 gw_proc_ms=0.608 traceId=exp-perf5000-001503-65cc14fb
zt-gateway  | [perf-request-in] ts_in=1777539091.910296 ts_out=1777539091.910908 gw_proc_ms=0.612 traceId=exp-perf5000-001504-0ee33992
zt-gateway  | [perf-request-in] ts_in=1777539091.910611 ts_out=1777539091.911220 gw_proc_ms=0.609 traceId=exp-perf5000-001505-7df86908
zt-gateway  | [perf-request-in] ts_in=1777539091.910940 ts_out=1777539091.911538 gw_proc_ms=0.598 traceId=exp-perf5000-001506-88e3c319
zt-gateway  | [perf-request-in] ts_in=1777539091.911249 ts_out=1777539091.911872 gw_proc_ms=0.623 traceId=exp-perf5000-001507-da008f8b
zt-gateway  | [perf-request-in] ts_in=1777539091.911580 ts_out=1777539091.912197 gw_proc_ms=0.617 traceId=exp-perf5000-001508-d27d3511
zt-gateway  | [perf-request-in] ts_in=1777539091.911905 ts_out=1777539091.912501 gw_proc_ms=0.596 traceId=exp-perf5000-001509-0fed2e3b
zt-gateway  | [perf-request-in] ts_in=1777539091.912228 ts_out=1777539091.912834 gw_proc_ms=0.606 traceId=exp-perf5000-001510-08d0ed8e
zt-gateway  | [perf-request-in] ts_in=1777539091.912533 ts_out=1777539091.913213 gw_proc_ms=0.680 traceId=exp-perf5000-001511-46e3d527
zt-gateway  | [perf-request-in] ts_in=1777539091.912860 ts_out=1777539091.913484 gw_proc_ms=0.624 traceId=exp-perf5000-001512-4f27ded7
zt-gateway  | [perf-request-in] ts_in=1777539091.913245 ts_out=1777539091.913867 gw_proc_ms=0.622 traceId=exp-perf5000-001513-66bd8f84
zt-gateway  | [perf-request-in] ts_in=1777539091.913517 ts_out=1777539091.914213 gw_proc_ms=0.696 traceId=exp-perf5000-001514-3f8420eb
zt-gateway  | [perf-request-in] ts_in=1777539091.913900 ts_out=1777539091.914535 gw_proc_ms=0.635 traceId=exp-perf5000-001515-ba1adb74
zt-gateway  | [perf-request-in] ts_in=1777539091.914258 ts_out=1777539091.914919 gw_proc_ms=0.661 traceId=exp-perf5000-001516-d7615af1
zt-gateway  | [perf-request-in] ts_in=1777539091.914574 ts_out=1777539091.915201 gw_proc_ms=0.627 traceId=exp-perf5000-001517-14584422
zt-gateway  | [perf-request-in] ts_in=1777539091.914961 ts_out=1777539091.915622 gw_proc_ms=0.661 traceId=exp-perf5000-001518-0eee978e
zt-gateway  | [perf-request-in] ts_in=1777539091.915232 ts_out=1777539091.915883 gw_proc_ms=0.651 traceId=exp-perf5000-001519-18247128
zt-gateway  | [perf-request-in] ts_in=1777539091.915651 ts_out=1777539091.916296 gw_proc_ms=0.645 traceId=exp-perf5000-001520-cb4518f0
zt-gateway  | [perf-request-in] ts_in=1777539091.915912 ts_out=1777539091.916526 gw_proc_ms=0.614 traceId=exp-perf5000-001521-ae7e95a3
zt-gateway  | [perf-request-in] ts_in=1777539091.916333 ts_out=1777539091.917083 gw_proc_ms=0.750 traceId=exp-perf5000-001522-13058bf8
zt-gateway  | [perf-request-in] ts_in=1777539091.916578 ts_out=1777539091.917205 gw_proc_ms=0.627 traceId=exp-perf5000-001523-4ac7d4a3
zt-gateway  | [perf-request-in] ts_in=1777539091.917135 ts_out=1777539091.917828 gw_proc_ms=0.693 traceId=exp-perf5000-001524-d4125003
zt-gateway  | [perf-request-in] ts_in=1777539091.917242 ts_out=1777539091.917869 gw_proc_ms=0.627 traceId=exp-perf5000-001525-2fd95bb0
zt-gateway  | [perf-request-in] ts_in=1777539091.917903 ts_out=1777539091.918525 gw_proc_ms=0.622 traceId=exp-perf5000-001527-1441ccb3
zt-gateway  | [perf-request-in] ts_in=1777539091.917870 ts_out=1777539091.918535 gw_proc_ms=0.665 traceId=exp-perf5000-001526-9fa0c7de
zt-gateway  | [perf-request-in] ts_in=1777539091.918559 ts_out=1777539091.919183 gw_proc_ms=0.624 traceId=exp-perf5000-001529-8bd1592d
zt-gateway  | [perf-request-in] ts_in=1777539091.918579 ts_out=1777539091.919219 gw_proc_ms=0.640 traceId=exp-perf5000-001528-02199041
zt-gateway  | [perf-request-in] ts_in=1777539091.919211 ts_out=1777539091.919813 gw_proc_ms=0.602 traceId=exp-perf5000-001531-8355c71f
zt-gateway  | [perf-request-in] ts_in=1777539091.919251 ts_out=1777539091.919879 gw_proc_ms=0.628 traceId=exp-perf5000-001530-79b83b91
zt-gateway  | [perf-request-in] ts_in=1777539091.919847 ts_out=1777539091.920440 gw_proc_ms=0.593 traceId=exp-perf5000-001533-5cba0e2c
zt-gateway  | [perf-request-in] ts_in=1777539091.919910 ts_out=1777539091.920530 gw_proc_ms=0.620 traceId=exp-perf5000-001532-a77dce98
zt-gateway  | [perf-request-in] ts_in=1777539091.920474 ts_out=1777539091.921093 gw_proc_ms=0.619 traceId=exp-perf5000-001535-c68ae886
zt-gateway  | [perf-request-in] ts_in=1777539091.920578 ts_out=1777539091.921224 gw_proc_ms=0.646 traceId=exp-perf5000-001534-b1596519
zt-gateway  | [perf-request-in] ts_in=1777539091.921125 ts_out=1777539091.921753 gw_proc_ms=0.628 traceId=exp-perf5000-001537-7a56b7eb
zt-gateway  | [perf-request-in] ts_in=1777539091.921253 ts_out=1777539091.921881 gw_proc_ms=0.628 traceId=exp-perf5000-001536-2b30be28
zt-gateway  | [perf-request-in] ts_in=1777539091.921784 ts_out=1777539091.922382 gw_proc_ms=0.598 traceId=exp-perf5000-001539-97125dfa
zt-gateway  | [perf-request-in] ts_in=1777539091.921908 ts_out=1777539091.922585 gw_proc_ms=0.677 traceId=exp-perf5000-001538-02a1134c
zt-gateway  | [perf-request-in] ts_in=1777539091.922406 ts_out=1777539091.923036 gw_proc_ms=0.630 traceId=exp-perf5000-001541-e2f02bb5
zt-gateway  | [perf-request-in] ts_in=1777539091.922617 ts_out=1777539091.923242 gw_proc_ms=0.625 traceId=exp-perf5000-001540-9aa66626
zt-gateway  | [perf-request-in] ts_in=1777539091.923083 ts_out=1777539091.923735 gw_proc_ms=0.652 traceId=exp-perf5000-001543-9c65de29
zt-gateway  | [perf-request-in] ts_in=1777539091.923279 ts_out=1777539091.923921 gw_proc_ms=0.642 traceId=exp-perf5000-001542-201b1176
zt-gateway  | [perf-request-in] ts_in=1777539091.923770 ts_out=1777539091.924408 gw_proc_ms=0.638 traceId=exp-perf5000-001545-52c80423
zt-gateway  | [perf-request-in] ts_in=1777539091.923962 ts_out=1777539091.924589 gw_proc_ms=0.627 traceId=exp-perf5000-001544-b9eb2800
zt-gateway  | [perf-request-in] ts_in=1777539091.924439 ts_out=1777539091.925085 gw_proc_ms=0.646 traceId=exp-perf5000-001546-310a6428
zt-gateway  | [perf-request-in] ts_in=1777539091.924619 ts_out=1777539091.925242 gw_proc_ms=0.623 traceId=exp-perf5000-001547-d2215f72
zt-gateway  | [perf-request-in] ts_in=1777539091.925121 ts_out=1777539091.925762 gw_proc_ms=0.641 traceId=exp-perf5000-001549-c00d2c52
zt-gateway  | [perf-request-in] ts_in=1777539091.925278 ts_out=1777539091.925918 gw_proc_ms=0.640 traceId=exp-perf5000-001548-b88d4ae0
zt-gateway  | [perf-request-in] ts_in=1777539091.925798 ts_out=1777539091.926393 gw_proc_ms=0.595 traceId=exp-perf5000-001551-e815b355
zt-gateway  | [perf-request-in] ts_in=1777539091.925945 ts_out=1777539091.926559 gw_proc_ms=0.614 traceId=exp-perf5000-001550-30f2dc55
zt-gateway  | [perf-request-in] ts_in=1777539091.926435 ts_out=1777539091.927275 gw_proc_ms=0.840 traceId=exp-perf5000-001553-2974cf5a
zt-gateway  | [perf-request-in] ts_in=1777539091.926607 ts_out=1777539091.927491 gw_proc_ms=0.884 traceId=exp-perf5000-001552-46552a93
zt-gateway  | [perf-request-in] ts_in=1777539091.927330 ts_out=1777539091.928121 gw_proc_ms=0.791 traceId=exp-perf5000-001555-421ad5d0
zt-gateway  | [perf-request-in] ts_in=1777539091.927533 ts_out=1777539091.928292 gw_proc_ms=0.759 traceId=exp-perf5000-001554-f88caade
zt-gateway  | [perf-request-in] ts_in=1777539091.928164 ts_out=1777539091.928875 gw_proc_ms=0.711 traceId=exp-perf5000-001557-1a70c5c6
zt-gateway  | [perf-request-in] ts_in=1777539091.928339 ts_out=1777539091.929034 gw_proc_ms=0.695 traceId=exp-perf5000-001556-d902dd45
zt-gateway  | [perf-request-in] ts_in=1777539091.928905 ts_out=1777539091.929602 gw_proc_ms=0.697 traceId=exp-perf5000-001559-ce5e96f4
zt-gateway  | [perf-request-in] ts_in=1777539091.929080 ts_out=1777539091.929786 gw_proc_ms=0.706 traceId=exp-perf5000-001558-c023dfd5
zt-gateway  | [perf-request-in] ts_in=1777539091.929635 ts_out=1777539091.930389 gw_proc_ms=0.754 traceId=exp-perf5000-001561-dec9e673
zt-gateway  | [perf-request-in] ts_in=1777539091.929826 ts_out=1777539091.930582 gw_proc_ms=0.756 traceId=exp-perf5000-001560-109f0415
zt-gateway  | [perf-request-in] ts_in=1777539091.930422 ts_out=1777539091.931083 gw_proc_ms=0.661 traceId=exp-perf5000-001563-7e350517
zt-gateway  | [perf-request-in] ts_in=1777539091.930618 ts_out=1777539091.931248 gw_proc_ms=0.630 traceId=exp-perf5000-001562-52a553e6
zt-gateway  | [perf-request-in] ts_in=1777539091.931119 ts_out=1777539091.931796 gw_proc_ms=0.677 traceId=exp-perf5000-001565-7fd99278
zt-gateway  | [perf-request-in] ts_in=1777539091.931274 ts_out=1777539091.931983 gw_proc_ms=0.709 traceId=exp-perf5000-001564-ca7eb3c8
zt-gateway  | [perf-request-in] ts_in=1777539091.931834 ts_out=1777539091.932499 gw_proc_ms=0.665 traceId=exp-perf5000-001567-da7d1141
zt-gateway  | [perf-request-in] ts_in=1777539091.932019 ts_out=1777539091.932726 gw_proc_ms=0.707 traceId=exp-perf5000-001566-d2f09abf
zt-gateway  | [perf-request-in] ts_in=1777539091.932534 ts_out=1777539091.933189 gw_proc_ms=0.655 traceId=exp-perf5000-001569-49f3c75c
zt-gateway  | [perf-request-in] ts_in=1777539091.932770 ts_out=1777539091.933394 gw_proc_ms=0.624 traceId=exp-perf5000-001568-f874c4ff
zt-gateway  | [perf-request-in] ts_in=1777539091.933219 ts_out=1777539091.933880 gw_proc_ms=0.661 traceId=exp-perf5000-001571-82fa3fdd
zt-gateway  | [perf-request-in] ts_in=1777539091.933433 ts_out=1777539091.934059 gw_proc_ms=0.626 traceId=exp-perf5000-001570-f4877680
zt-gateway  | [perf-request-in] ts_in=1777539091.933916 ts_out=1777539091.934543 gw_proc_ms=0.627 traceId=exp-perf5000-001573-48fe4000
zt-gateway  | [perf-request-in] ts_in=1777539091.934092 ts_out=1777539091.934721 gw_proc_ms=0.629 traceId=exp-perf5000-001572-ca71421b
zt-gateway  | [perf-request-in] ts_in=1777539091.934582 ts_out=1777539091.935205 gw_proc_ms=0.623 traceId=exp-perf5000-001575-628b5c6a
zt-gateway  | [perf-request-in] ts_in=1777539091.934756 ts_out=1777539091.935367 gw_proc_ms=0.611 traceId=exp-perf5000-001574-0b5c3757
zt-gateway  | [perf-request-in] ts_in=1777539091.935237 ts_out=1777539091.935886 gw_proc_ms=0.649 traceId=exp-perf5000-001577-aefc942b
zt-gateway  | [perf-request-in] ts_in=1777539091.935400 ts_out=1777539091.936049 gw_proc_ms=0.649 traceId=exp-perf5000-001576-1bc68f9a
zt-gateway  | [perf-request-in] ts_in=1777539091.935920 ts_out=1777539091.936556 gw_proc_ms=0.636 traceId=exp-perf5000-001579-c678b884
zt-gateway  | [perf-request-in] ts_in=1777539091.936086 ts_out=1777539091.936694 gw_proc_ms=0.608 traceId=exp-perf5000-001578-8d15cd53
zt-gateway  | [perf-request-in] ts_in=1777539091.936720 ts_out=1777539091.937332 gw_proc_ms=0.612 traceId=exp-perf5000-001580-cdddbf55
zt-gateway  | [perf-request-in] ts_in=1777539091.936590 ts_out=1777539091.937336 gw_proc_ms=0.746 traceId=exp-perf5000-001581-3eba9659
zt-gateway  | [perf-request-in] ts_in=1777539091.937371 ts_out=1777539091.938018 gw_proc_ms=0.647 traceId=exp-perf5000-001582-2e477759
zt-gateway  | [perf-request-in] ts_in=1777539091.937385 ts_out=1777539091.938054 gw_proc_ms=0.669 traceId=exp-perf5000-001583-4f4ab11a
zt-gateway  | [perf-request-in] ts_in=1777539091.938053 ts_out=1777539091.938684 gw_proc_ms=0.631 traceId=exp-perf5000-001584-44fa2ff7
zt-gateway  | [perf-request-in] ts_in=1777539091.938086 ts_out=1777539091.938752 gw_proc_ms=0.666 traceId=exp-perf5000-001585-e7f0721d
zt-gateway  | [perf-request-in] ts_in=1777539091.938717 ts_out=1777539091.939331 gw_proc_ms=0.614 traceId=exp-perf5000-001586-e1bd9a4c
zt-gateway  | [perf-request-in] ts_in=1777539091.938789 ts_out=1777539091.939420 gw_proc_ms=0.631 traceId=exp-perf5000-001587-16754854
zt-gateway  | [perf-request-in] ts_in=1777539091.939362 ts_out=1777539091.939975 gw_proc_ms=0.613 traceId=exp-perf5000-001588-ea533fb6
zt-gateway  | [perf-request-in] ts_in=1777539091.939457 ts_out=1777539091.940095 gw_proc_ms=0.638 traceId=exp-perf5000-001589-02b0d443
zt-gateway  | [perf-request-in] ts_in=1777539091.940005 ts_out=1777539091.940642 gw_proc_ms=0.637 traceId=exp-perf5000-001590-97b7acf0
zt-gateway  | [perf-request-in] ts_in=1777539091.940127 ts_out=1777539091.940770 gw_proc_ms=0.643 traceId=exp-perf5000-001591-bb40c080
zt-gateway  | [perf-request-in] ts_in=1777539091.940678 ts_out=1777539091.941290 gw_proc_ms=0.612 traceId=exp-perf5000-001592-4589f7dc
zt-gateway  | [perf-request-in] ts_in=1777539091.940803 ts_out=1777539091.941417 gw_proc_ms=0.614 traceId=exp-perf5000-001593-fd4b6563
zt-gateway  | [perf-request-in] ts_in=1777539091.941321 ts_out=1777539091.941946 gw_proc_ms=0.625 traceId=exp-perf5000-001594-bfdd7761
zt-gateway  | [perf-request-in] ts_in=1777539091.941455 ts_out=1777539091.942086 gw_proc_ms=0.631 traceId=exp-perf5000-001595-22d0ba04
zt-gateway  | [perf-request-in] ts_in=1777539091.941979 ts_out=1777539091.942652 gw_proc_ms=0.673 traceId=exp-perf5000-001596-7c82aa13
zt-gateway  | [perf-request-in] ts_in=1777539091.942112 ts_out=1777539091.942746 gw_proc_ms=0.634 traceId=exp-perf5000-001597-db867652
zt-gateway  | [perf-request-in] ts_in=1777539091.942688 ts_out=1777539091.943309 gw_proc_ms=0.621 traceId=exp-perf5000-001598-f6dbc2b6
zt-gateway  | [perf-request-in] ts_in=1777539091.942772 ts_out=1777539091.943427 gw_proc_ms=0.655 traceId=exp-perf5000-001599-f12a3925
zt-gateway  | [perf-request-in] ts_in=1777539091.943346 ts_out=1777539091.944020 gw_proc_ms=0.674 traceId=exp-perf5000-001600-478fec6e
zt-gateway  | [perf-request-in] ts_in=1777539091.943463 ts_out=1777539091.944118 gw_proc_ms=0.655 traceId=exp-perf5000-001601-248b3c4f
zt-gateway  | [perf-request-in] ts_in=1777539091.944057 ts_out=1777539091.944815 gw_proc_ms=0.758 traceId=exp-perf5000-001602-ff41cef7
zt-gateway  | [perf-request-in] ts_in=1777539091.944160 ts_out=1777539091.944880 gw_proc_ms=0.720 traceId=exp-perf5000-001603-23d9186b
zt-gateway  | [perf-request-in] ts_in=1777539091.944856 ts_out=1777539091.945539 gw_proc_ms=0.683 traceId=exp-perf5000-001604-7edd7eff
zt-gateway  | [perf-request-in] ts_in=1777539091.944918 ts_out=1777539091.945573 gw_proc_ms=0.655 traceId=exp-perf5000-001605-03203dc5
zt-gateway  | [perf-request-in] ts_in=1777539091.945601 ts_out=1777539091.946286 gw_proc_ms=0.685 traceId=exp-perf5000-001607-5600ceea
zt-gateway  | [perf-request-in] ts_in=1777539091.945583 ts_out=1777539091.946291 gw_proc_ms=0.708 traceId=exp-perf5000-001606-798a1738
zt-gateway  | [perf-request-in] ts_in=1777539091.946323 ts_out=1777539091.946928 gw_proc_ms=0.605 traceId=exp-perf5000-001609-095a688d
zt-gateway  | [perf-request-in] ts_in=1777539091.946325 ts_out=1777539091.946940 gw_proc_ms=0.615 traceId=exp-perf5000-001608-8b5ab01c
zt-gateway  | [perf-request-in] ts_in=1777539091.946958 ts_out=1777539091.947553 gw_proc_ms=0.595 traceId=exp-perf5000-001611-ee249fec
zt-gateway  | [perf-request-in] ts_in=1777539091.946974 ts_out=1777539091.947575 gw_proc_ms=0.601 traceId=exp-perf5000-001610-00025a17
zt-gateway  | [perf-request-in] ts_in=1777539091.947595 ts_out=1777539091.948196 gw_proc_ms=0.601 traceId=exp-perf5000-001613-a91bfe3e
zt-gateway  | [perf-request-in] ts_in=1777539091.947604 ts_out=1777539091.948224 gw_proc_ms=0.620 traceId=exp-perf5000-001612-84a981f1
zt-gateway  | [perf-request-in] ts_in=1777539091.948226 ts_out=1777539091.948847 gw_proc_ms=0.621 traceId=exp-perf5000-001615-132f94d4
zt-gateway  | [perf-request-in] ts_in=1777539091.948252 ts_out=1777539091.948900 gw_proc_ms=0.648 traceId=exp-perf5000-001614-47f3b4ce
zt-gateway  | [perf-request-in] ts_in=1777539091.948878 ts_out=1777539091.949529 gw_proc_ms=0.651 traceId=exp-perf5000-001617-30899621
zt-gateway  | [perf-request-in] ts_in=1777539091.948925 ts_out=1777539091.949616 gw_proc_ms=0.691 traceId=exp-perf5000-001616-f0e37a01
zt-gateway  | [perf-request-in] ts_in=1777539091.949558 ts_out=1777539091.950148 gw_proc_ms=0.590 traceId=exp-perf5000-001619-d36b9f33
zt-gateway  | [perf-request-in] ts_in=1777539091.949645 ts_out=1777539091.950241 gw_proc_ms=0.596 traceId=exp-perf5000-001618-4a4739fe
zt-gateway  | [perf-request-in] ts_in=1777539091.950177 ts_out=1777539091.950770 gw_proc_ms=0.593 traceId=exp-perf5000-001621-03d1bee4
zt-gateway  | [perf-request-in] ts_in=1777539091.950268 ts_out=1777539091.950890 gw_proc_ms=0.622 traceId=exp-perf5000-001620-67b64f34
zt-gateway  | [perf-request-in] ts_in=1777539091.950798 ts_out=1777539091.951383 gw_proc_ms=0.585 traceId=exp-perf5000-001623-b71d1e56
zt-gateway  | [perf-request-in] ts_in=1777539091.950923 ts_out=1777539091.951531 gw_proc_ms=0.608 traceId=exp-perf5000-001622-7a0d6f99
zt-gateway  | [perf-request-in] ts_in=1777539091.951412 ts_out=1777539091.952010 gw_proc_ms=0.598 traceId=exp-perf5000-001624-0832cde5
zt-gateway  | [perf-request-in] ts_in=1777539091.951580 ts_out=1777539091.952203 gw_proc_ms=0.623 traceId=exp-perf5000-001625-ffbe51aa
zt-gateway  | [perf-request-in] ts_in=1777539091.952043 ts_out=1777539091.952685 gw_proc_ms=0.642 traceId=exp-perf5000-001626-480508ab
zt-gateway  | [perf-request-in] ts_in=1777539091.952238 ts_out=1777539091.952855 gw_proc_ms=0.617 traceId=exp-perf5000-001627-fe3a4be2
zt-gateway  | [perf-request-in] ts_in=1777539091.952712 ts_out=1777539091.953303 gw_proc_ms=0.591 traceId=exp-perf5000-001629-78b37e7a
zt-gateway  | [perf-request-in] ts_in=1777539091.952895 ts_out=1777539091.953494 gw_proc_ms=0.599 traceId=exp-perf5000-001628-750349bc
zt-gateway  | [perf-request-in] ts_in=1777539091.953331 ts_out=1777539091.954072 gw_proc_ms=0.741 traceId=exp-perf5000-001631-ac168274
zt-gateway  | [perf-request-in] ts_in=1777539091.953538 ts_out=1777539091.954245 gw_proc_ms=0.707 traceId=exp-perf5000-001630-c581b144
zt-gateway  | [perf-request-in] ts_in=1777539091.954112 ts_out=1777539091.954744 gw_proc_ms=0.632 traceId=exp-perf5000-001632-6dad108d
zt-gateway  | [perf-request-in] ts_in=1777539091.954298 ts_out=1777539091.954974 gw_proc_ms=0.676 traceId=exp-perf5000-001633-10e68192
zt-gateway  | [perf-request-in] ts_in=1777539091.954781 ts_out=1777539091.955484 gw_proc_ms=0.703 traceId=exp-perf5000-001634-0332844b
zt-gateway  | [perf-request-in] ts_in=1777539091.955016 ts_out=1777539091.955694 gw_proc_ms=0.678 traceId=exp-perf5000-001635-15ab7713
zt-gateway  | [perf-request-in] ts_in=1777539091.955523 ts_out=1777539091.956167 gw_proc_ms=0.644 traceId=exp-perf5000-001637-8feebaba
zt-gateway  | [perf-request-in] ts_in=1777539091.955732 ts_out=1777539091.956387 gw_proc_ms=0.655 traceId=exp-perf5000-001636-4694724b
zt-gateway  | [perf-request-in] ts_in=1777539091.956208 ts_out=1777539091.956886 gw_proc_ms=0.678 traceId=exp-perf5000-001638-e9d26abb
zt-gateway  | [perf-request-in] ts_in=1777539091.956453 ts_out=1777539091.957140 gw_proc_ms=0.687 traceId=exp-perf5000-001639-9e3aa2f9
zt-gateway  | [perf-request-in] ts_in=1777539091.956922 ts_out=1777539091.957559 gw_proc_ms=0.637 traceId=exp-perf5000-001640-ac3bcd4e
zt-gateway  | [perf-request-in] ts_in=1777539091.957178 ts_out=1777539091.957861 gw_proc_ms=0.683 traceId=exp-perf5000-001641-40ce4551
zt-gateway  | [perf-request-in] ts_in=1777539091.957602 ts_out=1777539091.958282 gw_proc_ms=0.680 traceId=exp-perf5000-001642-54a3ac98
zt-gateway  | [perf-request-in] ts_in=1777539091.957907 ts_out=1777539091.958614 gw_proc_ms=0.707 traceId=exp-perf5000-001643-e0c938bb
zt-gateway  | [perf-request-in] ts_in=1777539091.958313 ts_out=1777539091.959031 gw_proc_ms=0.718 traceId=exp-perf5000-001644-850ac5d1
zt-gateway  | [perf-request-in] ts_in=1777539091.958653 ts_out=1777539091.959353 gw_proc_ms=0.700 traceId=exp-perf5000-001645-139a127f
zt-gateway  | [perf-request-in] ts_in=1777539091.959075 ts_out=1777539091.959755 gw_proc_ms=0.680 traceId=exp-perf5000-001646-afb882b6
zt-gateway  | [perf-request-in] ts_in=1777539091.959396 ts_out=1777539091.960092 gw_proc_ms=0.696 traceId=exp-perf5000-001647-9a1de138
zt-gateway  | [perf-request-in] ts_in=1777539091.959790 ts_out=1777539091.960439 gw_proc_ms=0.649 traceId=exp-perf5000-001649-a7b5899a
zt-gateway  | [perf-request-in] ts_in=1777539091.960132 ts_out=1777539091.960842 gw_proc_ms=0.710 traceId=exp-perf5000-001648-f8a45b13
zt-gateway  | [perf-request-in] ts_in=1777539091.960470 ts_out=1777539091.961170 gw_proc_ms=0.700 traceId=exp-perf5000-001650-b9e365b6
zt-gateway  | [perf-request-in] ts_in=1777539091.960881 ts_out=1777539091.961532 gw_proc_ms=0.651 traceId=exp-perf5000-001651-8c1e64fc
zt-gateway  | [perf-request-in] ts_in=1777539091.961209 ts_out=1777539091.962045 gw_proc_ms=0.836 traceId=exp-perf5000-001652-94174323
zt-gateway  | [perf-request-in] ts_in=1777539091.961585 ts_out=1777539091.962284 gw_proc_ms=0.699 traceId=exp-perf5000-001653-0eb144da
zt-gateway  | [perf-request-in] ts_in=1777539091.962097 ts_out=1777539091.962786 gw_proc_ms=0.689 traceId=exp-perf5000-001654-983f727b
zt-gateway  | [perf-request-in] ts_in=1777539091.962330 ts_out=1777539091.962995 gw_proc_ms=0.665 traceId=exp-perf5000-001655-b236c338
zt-gateway  | [perf-request-in] ts_in=1777539091.962818 ts_out=1777539091.963449 gw_proc_ms=0.631 traceId=exp-perf5000-001656-6a27e226
zt-gateway  | [perf-request-in] ts_in=1777539091.963028 ts_out=1777539091.963703 gw_proc_ms=0.675 traceId=exp-perf5000-001657-cf0b15f9
zt-gateway  | [perf-request-in] ts_in=1777539091.963487 ts_out=1777539091.964186 gw_proc_ms=0.699 traceId=exp-perf5000-001658-9f9af00b
zt-gateway  | [perf-request-in] ts_in=1777539091.963733 ts_out=1777539091.964409 gw_proc_ms=0.676 traceId=exp-perf5000-001659-347dd9da
zt-gateway  | [perf-request-in] ts_in=1777539091.964225 ts_out=1777539091.964880 gw_proc_ms=0.655 traceId=exp-perf5000-001660-e70ea2cb
zt-gateway  | [perf-request-in] ts_in=1777539091.964452 ts_out=1777539091.965110 gw_proc_ms=0.658 traceId=exp-perf5000-001661-3d7bd925
zt-gateway  | [perf-request-in] ts_in=1777539091.964991 ts_out=1777539091.965676 gw_proc_ms=0.685 traceId=exp-perf5000-001662-b9233ff9
zt-gateway  | [perf-request-in] ts_in=1777539091.965147 ts_out=1777539091.965884 gw_proc_ms=0.737 traceId=exp-perf5000-001663-26689bf0
zt-gateway  | [perf-request-in] ts_in=1777539091.965715 ts_out=1777539091.966346 gw_proc_ms=0.631 traceId=exp-perf5000-001664-15766da2
zt-gateway  | [perf-request-in] ts_in=1777539091.965928 ts_out=1777539091.966666 gw_proc_ms=0.738 traceId=exp-perf5000-001665-7dd5c0ca
zt-gateway  | [perf-request-in] ts_in=1777539091.966385 ts_out=1777539091.967061 gw_proc_ms=0.676 traceId=exp-perf5000-001666-e84294ad
zt-gateway  | [perf-request-in] ts_in=1777539091.966903 ts_out=1777539091.967666 gw_proc_ms=0.763 traceId=exp-perf5000-001667-1eb281b9
zt-gateway  | [perf-request-in] ts_in=1777539091.967097 ts_out=1777539091.967777 gw_proc_ms=0.680 traceId=exp-perf5000-001668-737c2fb9
zt-gateway  | [perf-request-in] ts_in=1777539091.967709 ts_out=1777539091.968410 gw_proc_ms=0.701 traceId=exp-perf5000-001669-481c84b6
zt-gateway  | [perf-request-in] ts_in=1777539091.967802 ts_out=1777539091.968505 gw_proc_ms=0.703 traceId=exp-perf5000-001670-f9945b66
zt-gateway  | [perf-request-in] ts_in=1777539091.968463 ts_out=1777539091.969157 gw_proc_ms=0.694 traceId=exp-perf5000-001671-ac2ca4ba
zt-gateway  | [perf-request-in] ts_in=1777539091.968540 ts_out=1777539091.969253 gw_proc_ms=0.713 traceId=exp-perf5000-001672-e074f76c
zt-gateway  | [perf-request-in] ts_in=1777539091.969197 ts_out=1777539091.969929 gw_proc_ms=0.732 traceId=exp-perf5000-001673-25431ec2
zt-gateway  | [perf-request-in] ts_in=1777539091.969285 ts_out=1777539091.969981 gw_proc_ms=0.696 traceId=exp-perf5000-001674-85aea024
zt-gateway  | [perf-request-in] ts_in=1777539091.969967 ts_out=1777539091.970673 gw_proc_ms=0.706 traceId=exp-perf5000-001675-21c1c37b
zt-gateway  | [perf-request-in] ts_in=1777539091.970018 ts_out=1777539091.970700 gw_proc_ms=0.682 traceId=exp-perf5000-001676-e11af046
zt-gateway  | [perf-request-in] ts_in=1777539091.970717 ts_out=1777539091.971370 gw_proc_ms=0.653 traceId=exp-perf5000-001677-02de2b88
zt-gateway  | [perf-request-in] ts_in=1777539091.970733 ts_out=1777539091.971371 gw_proc_ms=0.638 traceId=exp-perf5000-001679-d5f4a869
zt-gateway  | [perf-request-in] ts_in=1777539091.971410 ts_out=1777539091.972076 gw_proc_ms=0.666 traceId=exp-perf5000-001678-c84ed4bd
zt-gateway  | [perf-request-in] ts_in=1777539091.971407 ts_out=1777539091.972111 gw_proc_ms=0.704 traceId=exp-perf5000-001681-9849f8d9
zt-gateway  | [perf-request-in] ts_in=1777539091.972145 ts_out=1777539091.972785 gw_proc_ms=0.640 traceId=exp-perf5000-001683-4e71721d
zt-gateway  | [perf-request-in] ts_in=1777539091.972117 ts_out=1777539091.972951 gw_proc_ms=0.834 traceId=exp-perf5000-001680-218e23a7
zt-gateway  | [perf-request-in] ts_in=1777539091.972825 ts_out=1777539091.973546 gw_proc_ms=0.721 traceId=exp-perf5000-001685-f4dc94cd
zt-gateway  | [perf-request-in] ts_in=1777539091.972993 ts_out=1777539091.973617 gw_proc_ms=0.624 traceId=exp-perf5000-001682-d7451440
zt-gateway  | [perf-request-in] ts_in=1777539091.973591 ts_out=1777539091.974250 gw_proc_ms=0.659 traceId=exp-perf5000-001687-362350db
zt-gateway  | [perf-request-in] ts_in=1777539091.973656 ts_out=1777539091.974287 gw_proc_ms=0.631 traceId=exp-perf5000-001684-bedd03cc
zt-gateway  | [perf-request-in] ts_in=1777539091.974317 ts_out=1777539091.974958 gw_proc_ms=0.641 traceId=exp-perf5000-001686-c35818dc
zt-gateway  | [perf-request-in] ts_in=1777539091.974283 ts_out=1777539091.974996 gw_proc_ms=0.713 traceId=exp-perf5000-001689-860df5c7
zt-gateway  | [perf-request-in] ts_in=1777539091.974994 ts_out=1777539091.975604 gw_proc_ms=0.610 traceId=exp-perf5000-001688-21ea9f06
zt-gateway  | [perf-request-in] ts_in=1777539091.975029 ts_out=1777539091.975646 gw_proc_ms=0.617 traceId=exp-perf5000-001691-362d1ebc
zt-gateway  | [perf-request-in] ts_in=1777539091.975636 ts_out=1777539091.976219 gw_proc_ms=0.583 traceId=exp-perf5000-001690-2597e500
zt-gateway  | [perf-request-in] ts_in=1777539091.975674 ts_out=1777539091.976270 gw_proc_ms=0.596 traceId=exp-perf5000-001693-e58e8c45
zt-gateway  | [perf-request-in] ts_in=1777539091.976256 ts_out=1777539091.976881 gw_proc_ms=0.625 traceId=exp-perf5000-001692-93b09289
zt-gateway  | [perf-request-in] ts_in=1777539091.976303 ts_out=1777539091.976935 gw_proc_ms=0.632 traceId=exp-perf5000-001695-1e9a8ee6
zt-gateway  | [perf-request-in] ts_in=1777539091.976919 ts_out=1777539091.977560 gw_proc_ms=0.641 traceId=exp-perf5000-001694-20e3dd09
zt-gateway  | [perf-request-in] ts_in=1777539091.976971 ts_out=1777539091.977624 gw_proc_ms=0.653 traceId=exp-perf5000-001697-85032ac0
zt-gateway  | [perf-request-in] ts_in=1777539091.977609 ts_out=1777539091.978230 gw_proc_ms=0.621 traceId=exp-perf5000-001696-c8f5ec5c
zt-gateway  | [perf-request-in] ts_in=1777539091.977666 ts_out=1777539091.978288 gw_proc_ms=0.622 traceId=exp-perf5000-001699-f22902e3
zt-gateway  | [perf-request-in] ts_in=1777539091.978262 ts_out=1777539091.978904 gw_proc_ms=0.642 traceId=exp-perf5000-001698-437baf2d
zt-gateway  | [perf-request-in] ts_in=1777539091.978316 ts_out=1777539091.978952 gw_proc_ms=0.636 traceId=exp-perf5000-001701-b68e64a5
zt-gateway  | [perf-request-in] ts_in=1777539091.978942 ts_out=1777539091.979553 gw_proc_ms=0.611 traceId=exp-perf5000-001700-6fd634f8
zt-gateway  | [perf-request-in] ts_in=1777539091.978979 ts_out=1777539091.979601 gw_proc_ms=0.622 traceId=exp-perf5000-001702-668d9e46
zt-gateway  | [perf-request-in] ts_in=1777539091.979600 ts_out=1777539091.980212 gw_proc_ms=0.612 traceId=exp-perf5000-001703-5fe28640
zt-gateway  | [perf-request-in] ts_in=1777539091.979629 ts_out=1777539091.980228 gw_proc_ms=0.599 traceId=exp-perf5000-001704-0a38b610
zt-gateway  | [perf-request-in] ts_in=1777539091.980249 ts_out=1777539091.980883 gw_proc_ms=0.634 traceId=exp-perf5000-001705-eb667425
zt-gateway  | [perf-request-in] ts_in=1777539091.980262 ts_out=1777539091.980892 gw_proc_ms=0.630 traceId=exp-perf5000-001707-36a2822b
zt-gateway  | [perf-request-in] ts_in=1777539091.980925 ts_out=1777539091.981526 gw_proc_ms=0.601 traceId=exp-perf5000-001709-83d97016
zt-gateway  | [perf-request-in] ts_in=1777539091.980920 ts_out=1777539091.981527 gw_proc_ms=0.607 traceId=exp-perf5000-001706-06427e01
zt-gateway  | [perf-request-in] ts_in=1777539091.981576 ts_out=1777539091.982186 gw_proc_ms=0.610 traceId=exp-perf5000-001708-f5684412
zt-gateway  | [perf-request-in] ts_in=1777539091.981574 ts_out=1777539091.982186 gw_proc_ms=0.612 traceId=exp-perf5000-001711-27e6c29a
zt-gateway  | [perf-request-in] ts_in=1777539091.982222 ts_out=1777539091.982844 gw_proc_ms=0.622 traceId=exp-perf5000-001710-743e5559
zt-gateway  | [perf-request-in] ts_in=1777539091.982224 ts_out=1777539091.982846 gw_proc_ms=0.622 traceId=exp-perf5000-001712-d2ca7712
zt-gateway  | [perf-request-in] ts_in=1777539091.982878 ts_out=1777539091.983496 gw_proc_ms=0.618 traceId=exp-perf5000-001713-8ccaad8a
zt-gateway  | [perf-request-in] ts_in=1777539091.982881 ts_out=1777539091.983497 gw_proc_ms=0.616 traceId=exp-perf5000-001715-e10ab67a
zt-gateway  | [perf-request-in] ts_in=1777539091.983531 ts_out=1777539091.984148 gw_proc_ms=0.617 traceId=exp-perf5000-001716-6d51eb39
zt-gateway  | [perf-request-in] ts_in=1777539091.983530 ts_out=1777539091.984149 gw_proc_ms=0.619 traceId=exp-perf5000-001714-2c6ec455
zt-gateway  | [perf-request-in] ts_in=1777539091.984184 ts_out=1777539091.984817 gw_proc_ms=0.633 traceId=exp-perf5000-001718-5aa18af6
zt-gateway  | [perf-request-in] ts_in=1777539091.984184 ts_out=1777539091.984818 gw_proc_ms=0.634 traceId=exp-perf5000-001717-df831194
zt-gateway  | [perf-request-in] ts_in=1777539091.984853 ts_out=1777539091.985465 gw_proc_ms=0.612 traceId=exp-perf5000-001720-c931cd94
zt-gateway  | [perf-request-in] ts_in=1777539091.984852 ts_out=1777539091.985466 gw_proc_ms=0.614 traceId=exp-perf5000-001719-b1229296
zt-gateway  | [perf-request-in] ts_in=1777539091.985502 ts_out=1777539091.986164 gw_proc_ms=0.662 traceId=exp-perf5000-001721-304584bf
zt-gateway  | [perf-request-in] ts_in=1777539091.985502 ts_out=1777539091.986166 gw_proc_ms=0.664 traceId=exp-perf5000-001722-b1652fc7
zt-gateway  | [perf-request-in] ts_in=1777539091.986200 ts_out=1777539091.986828 gw_proc_ms=0.628 traceId=exp-perf5000-001723-3b6764f2
zt-gateway  | [perf-request-in] ts_in=1777539091.986201 ts_out=1777539091.986832 gw_proc_ms=0.631 traceId=exp-perf5000-001724-4787e1ef
zt-gateway  | [perf-request-in] ts_in=1777539091.986863 ts_out=1777539091.987468 gw_proc_ms=0.605 traceId=exp-perf5000-001725-389652b7
zt-gateway  | [perf-request-in] ts_in=1777539091.986882 ts_out=1777539091.987557 gw_proc_ms=0.675 traceId=exp-perf5000-001726-aac8bd4c
zt-gateway  | [perf-request-in] ts_in=1777539091.987503 ts_out=1777539091.988189 gw_proc_ms=0.686 traceId=exp-perf5000-001727-c506a375
zt-gateway  | [perf-request-in] ts_in=1777539091.987596 ts_out=1777539091.988254 gw_proc_ms=0.658 traceId=exp-perf5000-001728-e31940d0
zt-gateway  | [perf-request-in] ts_in=1777539091.988240 ts_out=1777539091.988914 gw_proc_ms=0.674 traceId=exp-perf5000-001729-b35e7296
zt-gateway  | [perf-request-in] ts_in=1777539091.988299 ts_out=1777539091.988952 gw_proc_ms=0.653 traceId=exp-perf5000-001730-5041ec65
zt-gateway  | [perf-request-in] ts_in=1777539091.988956 ts_out=1777539091.989592 gw_proc_ms=0.636 traceId=exp-perf5000-001731-fbd2bbfa
zt-gateway  | [perf-request-in] ts_in=1777539091.988981 ts_out=1777539091.989627 gw_proc_ms=0.646 traceId=exp-perf5000-001732-a324ee52
zt-gateway  | [perf-request-in] ts_in=1777539091.989633 ts_out=1777539091.990267 gw_proc_ms=0.634 traceId=exp-perf5000-001733-615c4f91
zt-gateway  | [perf-request-in] ts_in=1777539091.989667 ts_out=1777539091.990297 gw_proc_ms=0.630 traceId=exp-perf5000-001734-39a76eb0
zt-gateway  | [perf-request-in] ts_in=1777539091.990306 ts_out=1777539091.990934 gw_proc_ms=0.628 traceId=exp-perf5000-001735-9d37e2ff
zt-gateway  | [perf-request-in] ts_in=1777539091.990329 ts_out=1777539091.990965 gw_proc_ms=0.636 traceId=exp-perf5000-001736-d6c8a988
zt-gateway  | [perf-request-in] ts_in=1777539091.990973 ts_out=1777539091.991615 gw_proc_ms=0.642 traceId=exp-perf5000-001737-d4f00305
zt-gateway  | [perf-request-in] ts_in=1777539091.990996 ts_out=1777539091.991636 gw_proc_ms=0.640 traceId=exp-perf5000-001738-9d988b4f
zt-gateway  | [perf-request-in] ts_in=1777539091.991658 ts_out=1777539091.992272 gw_proc_ms=0.614 traceId=exp-perf5000-001739-e3ec752d
zt-gateway  | [perf-request-in] ts_in=1777539091.991663 ts_out=1777539091.992275 gw_proc_ms=0.612 traceId=exp-perf5000-001740-961e0c33
zt-gateway  | [perf-request-in] ts_in=1777539091.992314 ts_out=1777539091.992922 gw_proc_ms=0.608 traceId=exp-perf5000-001742-004b4491
zt-gateway  | [perf-request-in] ts_in=1777539091.992313 ts_out=1777539091.992922 gw_proc_ms=0.609 traceId=exp-perf5000-001741-a6f78ca6
zt-gateway  | [perf-request-in] ts_in=1777539091.992957 ts_out=1777539091.993546 gw_proc_ms=0.589 traceId=exp-perf5000-001744-4f8b5fc1
zt-gateway  | [perf-request-in] ts_in=1777539091.992957 ts_out=1777539091.993546 gw_proc_ms=0.589 traceId=exp-perf5000-001743-2536a243
zt-gateway  | [perf-request-in] ts_in=1777539091.993590 ts_out=1777539091.994185 gw_proc_ms=0.595 traceId=exp-perf5000-001746-2ba95856
zt-gateway  | [perf-request-in] ts_in=1777539091.993590 ts_out=1777539091.994186 gw_proc_ms=0.596 traceId=exp-perf5000-001745-13f2f9a9
zt-gateway  | [perf-request-in] ts_in=1777539091.994221 ts_out=1777539091.994875 gw_proc_ms=0.654 traceId=exp-perf5000-001747-6e3a6d67
zt-gateway  | [perf-request-in] ts_in=1777539091.994221 ts_out=1777539091.995085 gw_proc_ms=0.864 traceId=exp-perf5000-001748-4c9c0bfd
zt-gateway  | [perf-request-in] ts_in=1777539091.994913 ts_out=1777539091.995539 gw_proc_ms=0.626 traceId=exp-perf5000-001749-622b85ea
zt-gateway  | [perf-request-in] ts_in=1777539091.995130 ts_out=1777539091.995744 gw_proc_ms=0.614 traceId=exp-perf5000-001750-aed79536
zt-gateway  | [perf-request-in] ts_in=1777539091.995584 ts_out=1777539091.996181 gw_proc_ms=0.597 traceId=exp-perf5000-001751-f7a5d255
zt-gateway  | [perf-request-in] ts_in=1777539091.995780 ts_out=1777539091.996385 gw_proc_ms=0.605 traceId=exp-perf5000-001752-ee0df993
zt-gateway  | [perf-request-in] ts_in=1777539091.996220 ts_out=1777539091.996864 gw_proc_ms=0.644 traceId=exp-perf5000-001753-6702e849
zt-gateway  | [perf-request-in] ts_in=1777539091.996417 ts_out=1777539091.997047 gw_proc_ms=0.630 traceId=exp-perf5000-001754-7624926b
zt-gateway  | [perf-request-in] ts_in=1777539091.996900 ts_out=1777539091.997500 gw_proc_ms=0.600 traceId=exp-perf5000-001755-81dfb678
zt-gateway  | [perf-request-in] ts_in=1777539091.997083 ts_out=1777539091.997686 gw_proc_ms=0.603 traceId=exp-perf5000-001756-50e27b14
zt-gateway  | [perf-request-in] ts_in=1777539091.997534 ts_out=1777539091.998190 gw_proc_ms=0.656 traceId=exp-perf5000-001757-146bd09d
zt-gateway  | [perf-request-in] ts_in=1777539091.997722 ts_out=1777539091.998314 gw_proc_ms=0.592 traceId=exp-perf5000-001758-3ef98b09
zt-gateway  | [perf-request-in] ts_in=1777539091.998224 ts_out=1777539091.998853 gw_proc_ms=0.629 traceId=exp-perf5000-001759-f05c67a6
zt-gateway  | [perf-request-in] ts_in=1777539091.998348 ts_out=1777539091.998968 gw_proc_ms=0.620 traceId=exp-perf5000-001760-efdf4b4f
zt-gateway  | [perf-request-in] ts_in=1777539091.998886 ts_out=1777539091.999485 gw_proc_ms=0.599 traceId=exp-perf5000-001761-f314e9b1
zt-gateway  | [perf-request-in] ts_in=1777539091.998994 ts_out=1777539091.999586 gw_proc_ms=0.592 traceId=exp-perf5000-001762-65013d20
zt-gateway  | [perf-request-in] ts_in=1777539091.999519 ts_out=1777539092.000114 gw_proc_ms=0.595 traceId=exp-perf5000-001763-88997f45
zt-gateway  | [perf-request-in] ts_in=1777539091.999610 ts_out=1777539092.000207 gw_proc_ms=0.597 traceId=exp-perf5000-001764-0f40f2c2
zt-gateway  | [perf-request-in] ts_in=1777539092.000150 ts_out=1777539092.000756 gw_proc_ms=0.606 traceId=exp-perf5000-001765-7124c811
zt-gateway  | [perf-request-in] ts_in=1777539092.000241 ts_out=1777539092.000842 gw_proc_ms=0.601 traceId=exp-perf5000-001766-1338402b
zt-gateway  | [perf-request-in] ts_in=1777539092.000791 ts_out=1777539092.001384 gw_proc_ms=0.593 traceId=exp-perf5000-001767-fda3d5c0
zt-gateway  | [perf-request-in] ts_in=1777539092.000864 ts_out=1777539092.001446 gw_proc_ms=0.582 traceId=exp-perf5000-001768-941d5dca
zt-gateway  | [perf-request-in] ts_in=1777539092.001414 ts_out=1777539092.002081 gw_proc_ms=0.667 traceId=exp-perf5000-001769-85ab9a7d
zt-gateway  | [perf-request-in] ts_in=1777539092.001478 ts_out=1777539092.002086 gw_proc_ms=0.608 traceId=exp-perf5000-001770-061d5a83
zt-gateway  | [perf-request-in] ts_in=1777539092.002113 ts_out=1777539092.002721 gw_proc_ms=0.608 traceId=exp-perf5000-001772-f0cb7c56
zt-gateway  | [perf-request-in] ts_in=1777539092.002122 ts_out=1777539092.002748 gw_proc_ms=0.626 traceId=exp-perf5000-001771-82843782
zt-gateway  | [perf-request-in] ts_in=1777539092.002750 ts_out=1777539092.003339 gw_proc_ms=0.589 traceId=exp-perf5000-001774-20343551
zt-gateway  | [perf-request-in] ts_in=1777539092.002785 ts_out=1777539092.003388 gw_proc_ms=0.603 traceId=exp-perf5000-001773-66b6eab5
zt-gateway  | [perf-request-in] ts_in=1777539092.003373 ts_out=1777539092.003981 gw_proc_ms=0.608 traceId=exp-perf5000-001776-357277ee
zt-gateway  | [perf-request-in] ts_in=1777539092.003418 ts_out=1777539092.004028 gw_proc_ms=0.610 traceId=exp-perf5000-001775-c2e9611b
zt-gateway  | [perf-request-in] ts_in=1777539092.004010 ts_out=1777539092.004683 gw_proc_ms=0.673 traceId=exp-perf5000-001778-bfcf2b54
zt-gateway  | [perf-request-in] ts_in=1777539092.004066 ts_out=1777539092.004737 gw_proc_ms=0.671 traceId=exp-perf5000-001777-14684351
zt-gateway  | [perf-request-in] ts_in=1777539092.004717 ts_out=1777539092.005378 gw_proc_ms=0.661 traceId=exp-perf5000-001780-5d08305d
zt-gateway  | [perf-request-in] ts_in=1777539092.004798 ts_out=1777539092.005476 gw_proc_ms=0.678 traceId=exp-perf5000-001779-34325cac
zt-gateway  | [perf-request-in] ts_in=1777539092.005417 ts_out=1777539092.006085 gw_proc_ms=0.668 traceId=exp-perf5000-001781-347a0b27
zt-gateway  | [perf-request-in] ts_in=1777539092.005520 ts_out=1777539092.006233 gw_proc_ms=0.713 traceId=exp-perf5000-001782-aab6d2bb
zt-gateway  | [perf-request-in] ts_in=1777539092.006122 ts_out=1777539092.006791 gw_proc_ms=0.669 traceId=exp-perf5000-001783-7b4ef020
zt-gateway  | [perf-request-in] ts_in=1777539092.006282 ts_out=1777539092.006966 gw_proc_ms=0.684 traceId=exp-perf5000-001784-b24d6b8d
zt-gateway  | [perf-request-in] ts_in=1777539092.006826 ts_out=1777539092.007436 gw_proc_ms=0.610 traceId=exp-perf5000-001785-a4c7105f
zt-gateway  | [perf-request-in] ts_in=1777539092.007000 ts_out=1777539092.007687 gw_proc_ms=0.687 traceId=exp-perf5000-001786-b55e5352
zt-gateway  | [perf-request-in] ts_in=1777539092.007468 ts_out=1777539092.008098 gw_proc_ms=0.630 traceId=exp-perf5000-001787-3b35d6bb
zt-gateway  | [perf-request-in] ts_in=1777539092.007738 ts_out=1777539092.008398 gw_proc_ms=0.660 traceId=exp-perf5000-001788-b1737e0a
zt-gateway  | [perf-request-in] ts_in=1777539092.008132 ts_out=1777539092.008762 gw_proc_ms=0.630 traceId=exp-perf5000-001789-171db2a5
zt-gateway  | [perf-request-in] ts_in=1777539092.008440 ts_out=1777539092.009107 gw_proc_ms=0.667 traceId=exp-perf5000-001790-4cf6c865
zt-gateway  | [perf-request-in] ts_in=1777539092.008795 ts_out=1777539092.009412 gw_proc_ms=0.617 traceId=exp-perf5000-001792-7772fc86
zt-gateway  | [perf-request-in] ts_in=1777539092.009147 ts_out=1777539092.009792 gw_proc_ms=0.645 traceId=exp-perf5000-001791-7ae7ddac
zt-gateway  | [perf-request-in] ts_in=1777539092.009444 ts_out=1777539092.010101 gw_proc_ms=0.657 traceId=exp-perf5000-001794-1cd30ab1
zt-gateway  | [perf-request-in] ts_in=1777539092.009822 ts_out=1777539092.010502 gw_proc_ms=0.680 traceId=exp-perf5000-001793-cb627add
zt-gateway  | [perf-request-in] ts_in=1777539092.010136 ts_out=1777539092.010758 gw_proc_ms=0.622 traceId=exp-perf5000-001796-f57338d0
zt-gateway  | [perf-request-in] ts_in=1777539092.010543 ts_out=1777539092.011211 gw_proc_ms=0.668 traceId=exp-perf5000-001795-6afaac91
zt-gateway  | [perf-request-in] ts_in=1777539092.010789 ts_out=1777539092.011451 gw_proc_ms=0.662 traceId=exp-perf5000-001797-159cd749
zt-gateway  | [perf-request-in] ts_in=1777539092.011254 ts_out=1777539092.012223 gw_proc_ms=0.969 traceId=exp-perf5000-001798-9578de2b
zt-gateway  | [perf-request-in] ts_in=1777539092.011486 ts_out=1777539092.012245 gw_proc_ms=0.759 traceId=exp-perf5000-001799-cecd848a
zt-gateway  | [perf-request-in] ts_in=1777539092.012274 ts_out=1777539092.012872 gw_proc_ms=0.598 traceId=exp-perf5000-001802-9f169b8a
zt-gateway  | [perf-request-in] ts_in=1777539092.012265 ts_out=1777539092.012907 gw_proc_ms=0.642 traceId=exp-perf5000-001800-581be94c
zt-gateway  | [perf-request-in] ts_in=1777539092.012899 ts_out=1777539092.013490 gw_proc_ms=0.591 traceId=exp-perf5000-001803-aea81b82
zt-gateway  | [perf-request-in] ts_in=1777539092.012943 ts_out=1777539092.013794 gw_proc_ms=0.851 traceId=exp-perf5000-001801-f42f219c
zt-gateway  | [perf-request-in] ts_in=1777539092.013528 ts_out=1777539092.014133 gw_proc_ms=0.605 traceId=exp-perf5000-001806-ff8f5056
zt-gateway  | [perf-request-in] ts_in=1777539092.013841 ts_out=1777539092.014605 gw_proc_ms=0.764 traceId=exp-perf5000-001804-1c312cd6
zt-gateway  | [perf-request-in] ts_in=1777539092.014159 ts_out=1777539092.014765 gw_proc_ms=0.606 traceId=exp-perf5000-001807-1c4997f9
zt-gateway  | [perf-request-in] ts_in=1777539092.014640 ts_out=1777539092.015267 gw_proc_ms=0.627 traceId=exp-perf5000-001805-da9c3574
zt-gateway  | [perf-request-in] ts_in=1777539092.014789 ts_out=1777539092.015371 gw_proc_ms=0.582 traceId=exp-perf5000-001810-ea8017f1
zt-gateway  | [perf-request-in] ts_in=1777539092.015304 ts_out=1777539092.015974 gw_proc_ms=0.670 traceId=exp-perf5000-001808-2befddd3
zt-gateway  | [perf-request-in] ts_in=1777539092.015411 ts_out=1777539092.016047 gw_proc_ms=0.636 traceId=exp-perf5000-001812-d23bbfe5
zt-gateway  | [perf-request-in] ts_in=1777539092.016074 ts_out=1777539092.016708 gw_proc_ms=0.634 traceId=exp-perf5000-001813-3fa1040c
zt-gateway  | [perf-request-in] ts_in=1777539092.016019 ts_out=1777539092.016994 gw_proc_ms=0.975 traceId=exp-perf5000-001809-0672becc
zt-gateway  | [perf-request-in] ts_in=1777539092.016740 ts_out=1777539092.017347 gw_proc_ms=0.607 traceId=exp-perf5000-001816-a99225a9
zt-gateway  | [perf-request-in] ts_in=1777539092.017028 ts_out=1777539092.017670 gw_proc_ms=0.642 traceId=exp-perf5000-001811-0be620f1
zt-gateway  | [perf-request-in] ts_in=1777539092.017378 ts_out=1777539092.017987 gw_proc_ms=0.609 traceId=exp-perf5000-001817-a4fcd1d4
zt-gateway  | [perf-request-in] ts_in=1777539092.017705 ts_out=1777539092.018326 gw_proc_ms=0.621 traceId=exp-perf5000-001814-7677d16d
zt-gateway  | [perf-request-in] ts_in=1777539092.018011 ts_out=1777539092.018616 gw_proc_ms=0.605 traceId=exp-perf5000-001819-4cb05b62
zt-gateway  | [perf-request-in] ts_in=1777539092.018364 ts_out=1777539092.019001 gw_proc_ms=0.637 traceId=exp-perf5000-001815-56c574d4
zt-gateway  | [perf-request-in] ts_in=1777539092.018647 ts_out=1777539092.019243 gw_proc_ms=0.596 traceId=exp-perf5000-001821-6bf3e787
zt-gateway  | [perf-request-in] ts_in=1777539092.019036 ts_out=1777539092.019673 gw_proc_ms=0.637 traceId=exp-perf5000-001818-c96b99dc
zt-gateway  | [perf-request-in] ts_in=1777539092.019274 ts_out=1777539092.019900 gw_proc_ms=0.626 traceId=exp-perf5000-001824-c738ffcf
zt-gateway  | [perf-request-in] ts_in=1777539092.019707 ts_out=1777539092.020370 gw_proc_ms=0.663 traceId=exp-perf5000-001820-23804bb1
zt-gateway  | [perf-request-in] ts_in=1777539092.019931 ts_out=1777539092.020616 gw_proc_ms=0.685 traceId=exp-perf5000-001826-6a32ac2a
zt-gateway  | [perf-request-in] ts_in=1777539092.020406 ts_out=1777539092.021318 gw_proc_ms=0.912 traceId=exp-perf5000-001822-83b67f5f
zt-gateway  | [perf-request-in] ts_in=1777539092.020653 ts_out=1777539092.021525 gw_proc_ms=0.872 traceId=exp-perf5000-001827-052efaab
zt-gateway  | [perf-request-in] ts_in=1777539092.021354 ts_out=1777539092.022083 gw_proc_ms=0.729 traceId=exp-perf5000-001823-6d38ffeb
zt-gateway  | [perf-request-in] ts_in=1777539092.021574 ts_out=1777539092.022235 gw_proc_ms=0.661 traceId=exp-perf5000-001829-d8c6e36d
zt-gateway  | [perf-request-in] ts_in=1777539092.022132 ts_out=1777539092.022794 gw_proc_ms=0.662 traceId=exp-perf5000-001825-2114ede5
zt-gateway  | [perf-request-in] ts_in=1777539092.022268 ts_out=1777539092.022891 gw_proc_ms=0.623 traceId=exp-perf5000-001831-fc13c219
zt-gateway  | [perf-request-in] ts_in=1777539092.022826 ts_out=1777539092.023439 gw_proc_ms=0.613 traceId=exp-perf5000-001828-631db766
zt-gateway  | [perf-request-in] ts_in=1777539092.022925 ts_out=1777539092.023668 gw_proc_ms=0.743 traceId=exp-perf5000-001834-e328ace2
zt-gateway  | [perf-request-in] ts_in=1777539092.023476 ts_out=1777539092.024120 gw_proc_ms=0.644 traceId=exp-perf5000-001830-cf47a03a
zt-gateway  | [perf-request-in] ts_in=1777539092.023720 ts_out=1777539092.024402 gw_proc_ms=0.682 traceId=exp-perf5000-001836-0bb1b8d9
zt-gateway  | [perf-request-in] ts_in=1777539092.024255 ts_out=1777539092.024880 gw_proc_ms=0.625 traceId=exp-perf5000-001832-c2685c47
zt-gateway  | [perf-request-in] ts_in=1777539092.024439 ts_out=1777539092.025091 gw_proc_ms=0.652 traceId=exp-perf5000-001838-149a8a80
zt-gateway  | [perf-request-in] ts_in=1777539092.024916 ts_out=1777539092.025557 gw_proc_ms=0.641 traceId=exp-perf5000-001833-7761b5f1
zt-gateway  | [perf-request-in] ts_in=1777539092.025128 ts_out=1777539092.025780 gw_proc_ms=0.652 traceId=exp-perf5000-001840-25b3aea6
zt-gateway  | [perf-request-in] ts_in=1777539092.025600 ts_out=1777539092.026232 gw_proc_ms=0.632 traceId=exp-perf5000-001835-12907de9
zt-gateway  | [perf-request-in] ts_in=1777539092.025814 ts_out=1777539092.026430 gw_proc_ms=0.616 traceId=exp-perf5000-001841-9000abf1
zt-gateway  | [perf-request-in] ts_in=1777539092.026264 ts_out=1777539092.026895 gw_proc_ms=0.631 traceId=exp-perf5000-001837-5801f311
zt-gateway  | [perf-request-in] ts_in=1777539092.026461 ts_out=1777539092.027087 gw_proc_ms=0.626 traceId=exp-perf5000-001843-68726162
zt-gateway  | [perf-request-in] ts_in=1777539092.026927 ts_out=1777539092.027535 gw_proc_ms=0.608 traceId=exp-perf5000-001839-92c347a2
zt-gateway  | [perf-request-in] ts_in=1777539092.027116 ts_out=1777539092.027737 gw_proc_ms=0.621 traceId=exp-perf5000-001845-cc36dc70
zt-gateway  | [perf-request-in] ts_in=1777539092.027577 ts_out=1777539092.028192 gw_proc_ms=0.615 traceId=exp-perf5000-001842-4dee37c3
zt-gateway  | [perf-request-in] ts_in=1777539092.027769 ts_out=1777539092.028376 gw_proc_ms=0.607 traceId=exp-perf5000-001848-832ffbb5
zt-gateway  | [perf-request-in] ts_in=1777539092.028221 ts_out=1777539092.028855 gw_proc_ms=0.634 traceId=exp-perf5000-001844-993e069a
zt-gateway  | [perf-request-in] ts_in=1777539092.028406 ts_out=1777539092.029030 gw_proc_ms=0.624 traceId=exp-perf5000-001850-9fd8cbdf
zt-gateway  | [perf-request-in] ts_in=1777539092.028889 ts_out=1777539092.029501 gw_proc_ms=0.612 traceId=exp-perf5000-001846-e29a7073
zt-gateway  | [perf-request-in] ts_in=1777539092.029057 ts_out=1777539092.029670 gw_proc_ms=0.613 traceId=exp-perf5000-001852-4a68bb73
zt-gateway  | [perf-request-in] ts_in=1777539092.029533 ts_out=1777539092.030156 gw_proc_ms=0.623 traceId=exp-perf5000-001847-371ca924
zt-gateway  | [perf-request-in] ts_in=1777539092.029703 ts_out=1777539092.030312 gw_proc_ms=0.609 traceId=exp-perf5000-001854-5afa3a3c
zt-gateway  | [perf-request-in] ts_in=1777539092.030191 ts_out=1777539092.030824 gw_proc_ms=0.633 traceId=exp-perf5000-001849-d924bce8
zt-gateway  | [perf-request-in] ts_in=1777539092.030342 ts_out=1777539092.030986 gw_proc_ms=0.644 traceId=exp-perf5000-001856-6b5fde4f
zt-gateway  | [perf-request-in] ts_in=1777539092.030888 ts_out=1777539092.031572 gw_proc_ms=0.684 traceId=exp-perf5000-001851-1c86bfb2
zt-gateway  | [perf-request-in] ts_in=1777539092.031023 ts_out=1777539092.031652 gw_proc_ms=0.629 traceId=exp-perf5000-001858-9936481a
zt-gateway  | [perf-request-in] ts_in=1777539092.031612 ts_out=1777539092.032265 gw_proc_ms=0.653 traceId=exp-perf5000-001853-ce1a0c5e
zt-gateway  | [perf-request-in] ts_in=1777539092.031679 ts_out=1777539092.032287 gw_proc_ms=0.608 traceId=exp-perf5000-001859-a775c555
zt-gateway  | [perf-request-in] ts_in=1777539092.032314 ts_out=1777539092.032949 gw_proc_ms=0.635 traceId=exp-perf5000-001862-611f26c5
zt-gateway  | [perf-request-in] ts_in=1777539092.032301 ts_out=1777539092.032967 gw_proc_ms=0.666 traceId=exp-perf5000-001855-cc9a3072
zt-gateway  | [perf-request-in] ts_in=1777539092.032980 ts_out=1777539092.033602 gw_proc_ms=0.622 traceId=exp-perf5000-001864-b1605af7
zt-gateway  | [perf-request-in] ts_in=1777539092.032999 ts_out=1777539092.033647 gw_proc_ms=0.648 traceId=exp-perf5000-001857-309e1805
zt-gateway  | [perf-request-in] ts_in=1777539092.033636 ts_out=1777539092.034262 gw_proc_ms=0.626 traceId=exp-perf5000-001866-73c2584e
zt-gateway  | [perf-request-in] ts_in=1777539092.033679 ts_out=1777539092.034295 gw_proc_ms=0.616 traceId=exp-perf5000-001860-119fb2a3
zt-gateway  | [perf-request-in] ts_in=1777539092.034296 ts_out=1777539092.034906 gw_proc_ms=0.610 traceId=exp-perf5000-001867-ed8dc60a
zt-gateway  | [perf-request-in] ts_in=1777539092.034324 ts_out=1777539092.034964 gw_proc_ms=0.640 traceId=exp-perf5000-001861-108d3969
zt-gateway  | [perf-request-in] ts_in=1777539092.034937 ts_out=1777539092.035536 gw_proc_ms=0.599 traceId=exp-perf5000-001870-3a6758d7
zt-gateway  | [perf-request-in] ts_in=1777539092.034995 ts_out=1777539092.035628 gw_proc_ms=0.633 traceId=exp-perf5000-001863-aa3c11ba
zt-gateway  | [perf-request-in] ts_in=1777539092.035576 ts_out=1777539092.036174 gw_proc_ms=0.598 traceId=exp-perf5000-001872-dd446bc9
zt-gateway  | [perf-request-in] ts_in=1777539092.035658 ts_out=1777539092.036288 gw_proc_ms=0.630 traceId=exp-perf5000-001865-494a236a
zt-gateway  | [perf-request-in] ts_in=1777539092.036204 ts_out=1777539092.036865 gw_proc_ms=0.661 traceId=exp-perf5000-001874-ad9abe46
zt-gateway  | [perf-request-in] ts_in=1777539092.036333 ts_out=1777539092.037093 gw_proc_ms=0.760 traceId=exp-perf5000-001868-46a6aa66
zt-gateway  | [perf-request-in] ts_in=1777539092.036896 ts_out=1777539092.037496 gw_proc_ms=0.600 traceId=exp-perf5000-001876-e28ec285
zt-gateway  | [perf-request-in] ts_in=1777539092.037132 ts_out=1777539092.037792 gw_proc_ms=0.660 traceId=exp-perf5000-001869-afc879ae
zt-gateway  | [perf-request-in] ts_in=1777539092.037525 ts_out=1777539092.038178 gw_proc_ms=0.653 traceId=exp-perf5000-001877-dd85e824
zt-gateway  | [perf-request-in] ts_in=1777539092.037829 ts_out=1777539092.038484 gw_proc_ms=0.655 traceId=exp-perf5000-001871-3a89cee1
zt-gateway  | [perf-request-in] ts_in=1777539092.038213 ts_out=1777539092.038821 gw_proc_ms=0.608 traceId=exp-perf5000-001879-1bbbe033
zt-gateway  | [perf-request-in] ts_in=1777539092.038513 ts_out=1777539092.039155 gw_proc_ms=0.642 traceId=exp-perf5000-001873-e8fe0229
zt-gateway  | [perf-request-in] ts_in=1777539092.038846 ts_out=1777539092.039433 gw_proc_ms=0.587 traceId=exp-perf5000-001881-aeea11d4
zt-gateway  | [perf-request-in] ts_in=1777539092.039189 ts_out=1777539092.039823 gw_proc_ms=0.634 traceId=exp-perf5000-001875-57e269fb
zt-gateway  | [perf-request-in] ts_in=1777539092.039466 ts_out=1777539092.040086 gw_proc_ms=0.620 traceId=exp-perf5000-001883-f0dd9672
zt-gateway  | [perf-request-in] ts_in=1777539092.039859 ts_out=1777539092.040475 gw_proc_ms=0.616 traceId=exp-perf5000-001878-d5b58004
zt-gateway  | [perf-request-in] ts_in=1777539092.040112 ts_out=1777539092.040723 gw_proc_ms=0.611 traceId=exp-perf5000-001885-018407ca
zt-gateway  | [perf-request-in] ts_in=1777539092.040512 ts_out=1777539092.041147 gw_proc_ms=0.635 traceId=exp-perf5000-001880-fe9dbac8
zt-gateway  | [perf-request-in] ts_in=1777539092.040749 ts_out=1777539092.041349 gw_proc_ms=0.600 traceId=exp-perf5000-001887-7709a004
zt-gateway  | [perf-request-in] ts_in=1777539092.041184 ts_out=1777539092.041818 gw_proc_ms=0.634 traceId=exp-perf5000-001882-613234b0
zt-gateway  | [perf-request-in] ts_in=1777539092.041383 ts_out=1777539092.042006 gw_proc_ms=0.623 traceId=exp-perf5000-001889-77e33fbf
zt-gateway  | [perf-request-in] ts_in=1777539092.041853 ts_out=1777539092.042475 gw_proc_ms=0.622 traceId=exp-perf5000-001884-4044b9d1
zt-gateway  | [perf-request-in] ts_in=1777539092.042042 ts_out=1777539092.042654 gw_proc_ms=0.612 traceId=exp-perf5000-001891-bc7b0679
zt-gateway  | [perf-request-in] ts_in=1777539092.042516 ts_out=1777539092.043161 gw_proc_ms=0.645 traceId=exp-perf5000-001886-6a359323
zt-gateway  | [perf-request-in] ts_in=1777539092.042730 ts_out=1777539092.043393 gw_proc_ms=0.663 traceId=exp-perf5000-001893-8bb705d8
zt-gateway  | [perf-request-in] ts_in=1777539092.043198 ts_out=1777539092.043836 gw_proc_ms=0.638 traceId=exp-perf5000-001888-13ca8334
zt-gateway  | [perf-request-in] ts_in=1777539092.043436 ts_out=1777539092.044088 gw_proc_ms=0.652 traceId=exp-perf5000-001895-4ee611d1
zt-gateway  | [perf-request-in] ts_in=1777539092.043869 ts_out=1777539092.044484 gw_proc_ms=0.615 traceId=exp-perf5000-001890-298f784f
zt-gateway  | [perf-request-in] ts_in=1777539092.044125 ts_out=1777539092.044776 gw_proc_ms=0.651 traceId=exp-perf5000-001897-92887f2f
zt-gateway  | [perf-request-in] ts_in=1777539092.044517 ts_out=1777539092.045165 gw_proc_ms=0.648 traceId=exp-perf5000-001892-388805a5
zt-gateway  | [perf-request-in] ts_in=1777539092.044818 ts_out=1777539092.045475 gw_proc_ms=0.657 traceId=exp-perf5000-001899-85532ed7
zt-gateway  | [perf-request-in] ts_in=1777539092.045198 ts_out=1777539092.045852 gw_proc_ms=0.654 traceId=exp-perf5000-001894-ef4bb740
zt-gateway  | [perf-request-in] ts_in=1777539092.045510 ts_out=1777539092.046175 gw_proc_ms=0.665 traceId=exp-perf5000-001901-ba9cde2b
zt-gateway  | [perf-request-in] ts_in=1777539092.045884 ts_out=1777539092.046505 gw_proc_ms=0.621 traceId=exp-perf5000-001896-4823b9dc
zt-gateway  | [perf-request-in] ts_in=1777539092.046214 ts_out=1777539092.046851 gw_proc_ms=0.637 traceId=exp-perf5000-001903-c475ac7f
zt-gateway  | [perf-request-in] ts_in=1777539092.046540 ts_out=1777539092.047210 gw_proc_ms=0.670 traceId=exp-perf5000-001898-9be82a26
zt-gateway  | [perf-request-in] ts_in=1777539092.046879 ts_out=1777539092.047500 gw_proc_ms=0.621 traceId=exp-perf5000-001904-bc2654da
zt-gateway  | [perf-request-in] ts_in=1777539092.047247 ts_out=1777539092.047879 gw_proc_ms=0.632 traceId=exp-perf5000-001900-c79b40fb
zt-gateway  | [perf-request-in] ts_in=1777539092.047536 ts_out=1777539092.048271 gw_proc_ms=0.735 traceId=exp-perf5000-001906-f0df28a9
zt-gateway  | [perf-request-in] ts_in=1777539092.047919 ts_out=1777539092.048867 gw_proc_ms=0.948 traceId=exp-perf5000-001902-917c2763
zt-gateway  | [perf-request-in] ts_in=1777539092.048315 ts_out=1777539092.049252 gw_proc_ms=0.937 traceId=exp-perf5000-001908-f36247e6
zt-gateway  | [perf-request-in] ts_in=1777539092.048914 ts_out=1777539092.049640 gw_proc_ms=0.726 traceId=exp-perf5000-001905-1bb4065f
zt-gateway  | [perf-request-in] ts_in=1777539092.049288 ts_out=1777539092.049937 gw_proc_ms=0.649 traceId=exp-perf5000-001910-c4f1678d
zt-gateway  | [perf-request-in] ts_in=1777539092.049678 ts_out=1777539092.050300 gw_proc_ms=0.622 traceId=exp-perf5000-001907-97a2a6f8
zt-gateway  | [perf-request-in] ts_in=1777539092.049972 ts_out=1777539092.050620 gw_proc_ms=0.648 traceId=exp-perf5000-001911-423e2216
zt-gateway  | [perf-request-in] ts_in=1777539092.050341 ts_out=1777539092.050960 gw_proc_ms=0.619 traceId=exp-perf5000-001909-a5e30a91
zt-gateway  | [perf-request-in] ts_in=1777539092.050653 ts_out=1777539092.051273 gw_proc_ms=0.620 traceId=exp-perf5000-001913-e9cdc36d
zt-gateway  | [perf-request-in] ts_in=1777539092.050996 ts_out=1777539092.051657 gw_proc_ms=0.661 traceId=exp-perf5000-001912-b8dc9d2b
zt-gateway  | [perf-request-in] ts_in=1777539092.051314 ts_out=1777539092.051949 gw_proc_ms=0.635 traceId=exp-perf5000-001915-a7708520
zt-gateway  | [perf-request-in] ts_in=1777539092.051693 ts_out=1777539092.052316 gw_proc_ms=0.623 traceId=exp-perf5000-001914-d5f11c61
zt-gateway  | [perf-request-in] ts_in=1777539092.051980 ts_out=1777539092.052624 gw_proc_ms=0.644 traceId=exp-perf5000-001917-41dc2965
zt-gateway  | [perf-request-in] ts_in=1777539092.052351 ts_out=1777539092.053006 gw_proc_ms=0.655 traceId=exp-perf5000-001916-ce9b157c
zt-gateway  | [perf-request-in] ts_in=1777539092.053037 ts_out=1777539092.053658 gw_proc_ms=0.621 traceId=exp-perf5000-001918-e124ec8f
zt-gateway  | [perf-request-in] ts_in=1777539092.052661 ts_out=1777539092.053750 gw_proc_ms=1.089 traceId=exp-perf5000-001919-e629fe20
zt-gateway  | [perf-request-in] ts_in=1777539092.053694 ts_out=1777539092.054319 gw_proc_ms=0.625 traceId=exp-perf5000-001920-03f2aa66
zt-gateway  | [perf-request-in] ts_in=1777539092.053806 ts_out=1777539092.054469 gw_proc_ms=0.663 traceId=exp-perf5000-001921-225fd046
zt-gateway  | [perf-request-in] ts_in=1777539092.054352 ts_out=1777539092.055010 gw_proc_ms=0.658 traceId=exp-perf5000-001922-bb434d03
zt-gateway  | [perf-request-in] ts_in=1777539092.054513 ts_out=1777539092.055166 gw_proc_ms=0.653 traceId=exp-perf5000-001923-b454be8f
zt-gateway  | [perf-request-in] ts_in=1777539092.055046 ts_out=1777539092.055704 gw_proc_ms=0.658 traceId=exp-perf5000-001924-9ac2255b
zt-gateway  | [perf-request-in] ts_in=1777539092.055205 ts_out=1777539092.055847 gw_proc_ms=0.642 traceId=exp-perf5000-001925-ebcc41e3
zt-gateway  | [perf-request-in] ts_in=1777539092.055743 ts_out=1777539092.056362 gw_proc_ms=0.619 traceId=exp-perf5000-001926-bd187954
zt-gateway  | [perf-request-in] ts_in=1777539092.055883 ts_out=1777539092.056491 gw_proc_ms=0.608 traceId=exp-perf5000-001927-5aabe37c
zt-gateway  | [perf-request-in] ts_in=1777539092.056396 ts_out=1777539092.057086 gw_proc_ms=0.690 traceId=exp-perf5000-001929-287cd742
zt-gateway  | [perf-request-in] ts_in=1777539092.056528 ts_out=1777539092.057163 gw_proc_ms=0.635 traceId=exp-perf5000-001928-36492150
zt-gateway  | [perf-request-in] ts_in=1777539092.057132 ts_out=1777539092.057766 gw_proc_ms=0.634 traceId=exp-perf5000-001930-ccb90c4f
zt-gateway  | [perf-request-in] ts_in=1777539092.057192 ts_out=1777539092.057808 gw_proc_ms=0.616 traceId=exp-perf5000-001931-23f4b37a
zt-gateway  | [perf-request-in] ts_in=1777539092.057804 ts_out=1777539092.058419 gw_proc_ms=0.615 traceId=exp-perf5000-001932-cc70981d
zt-gateway  | [perf-request-in] ts_in=1777539092.057836 ts_out=1777539092.058427 gw_proc_ms=0.591 traceId=exp-perf5000-001933-0f0416cb
zt-gateway  | [perf-request-in] ts_in=1777539092.058457 ts_out=1777539092.059061 gw_proc_ms=0.604 traceId=exp-perf5000-001935-863475fb
zt-gateway  | [perf-request-in] ts_in=1777539092.058457 ts_out=1777539092.059077 gw_proc_ms=0.620 traceId=exp-perf5000-001934-8da50078
zt-gateway  | [perf-request-in] ts_in=1777539092.059089 ts_out=1777539092.059698 gw_proc_ms=0.609 traceId=exp-perf5000-001937-f068557f
zt-gateway  | [perf-request-in] ts_in=1777539092.059104 ts_out=1777539092.059738 gw_proc_ms=0.634 traceId=exp-perf5000-001936-2d5e46d4
zt-gateway  | [perf-request-in] ts_in=1777539092.059734 ts_out=1777539092.060318 gw_proc_ms=0.584 traceId=exp-perf5000-001939-8ba5b772
zt-gateway  | [perf-request-in] ts_in=1777539092.059767 ts_out=1777539092.060377 gw_proc_ms=0.610 traceId=exp-perf5000-001938-d67a337b
zt-gateway  | [perf-request-in] ts_in=1777539092.060349 ts_out=1777539092.060949 gw_proc_ms=0.600 traceId=exp-perf5000-001941-860c808b
zt-gateway  | [perf-request-in] ts_in=1777539092.060409 ts_out=1777539092.061046 gw_proc_ms=0.637 traceId=exp-perf5000-001940-58ef080d
zt-gateway  | [perf-request-in] ts_in=1777539092.060980 ts_out=1777539092.061554 gw_proc_ms=0.574 traceId=exp-perf5000-001943-66841c87
zt-gateway  | [perf-request-in] ts_in=1777539092.061079 ts_out=1777539092.061688 gw_proc_ms=0.609 traceId=exp-perf5000-001942-1e15d0e2
zt-gateway  | [perf-request-in] ts_in=1777539092.061594 ts_out=1777539092.062178 gw_proc_ms=0.584 traceId=exp-perf5000-001945-3ef8b5f7
zt-gateway  | [perf-request-in] ts_in=1777539092.061727 ts_out=1777539092.062335 gw_proc_ms=0.608 traceId=exp-perf5000-001944-de93efa6
zt-gateway  | [perf-request-in] ts_in=1777539092.062209 ts_out=1777539092.062824 gw_proc_ms=0.615 traceId=exp-perf5000-001947-0dee5b83
zt-gateway  | [perf-request-in] ts_in=1777539092.062375 ts_out=1777539092.062995 gw_proc_ms=0.620 traceId=exp-perf5000-001946-b9d36d19
zt-gateway  | [perf-request-in] ts_in=1777539092.063034 ts_out=1777539092.063646 gw_proc_ms=0.612 traceId=exp-perf5000-001948-7abdfe5e
zt-gateway  | [perf-request-in] ts_in=1777539092.062854 ts_out=1777539092.063659 gw_proc_ms=0.805 traceId=exp-perf5000-001949-28ab4006
zt-gateway  | [perf-request-in] ts_in=1777539092.063682 ts_out=1777539092.064291 gw_proc_ms=0.609 traceId=exp-perf5000-001950-9a056e4f
zt-gateway  | [perf-request-in] ts_in=1777539092.063708 ts_out=1777539092.064322 gw_proc_ms=0.614 traceId=exp-perf5000-001951-d81b572a
zt-gateway  | [perf-request-in] ts_in=1777539092.064324 ts_out=1777539092.064931 gw_proc_ms=0.607 traceId=exp-perf5000-001952-35bd38cf
zt-gateway  | [perf-request-in] ts_in=1777539092.064358 ts_out=1777539092.064973 gw_proc_ms=0.615 traceId=exp-perf5000-001953-9884b98e
zt-gateway  | [perf-request-in] ts_in=1777539092.064964 ts_out=1777539092.065573 gw_proc_ms=0.609 traceId=exp-perf5000-001954-3fee30f5
zt-gateway  | [perf-request-in] ts_in=1777539092.065008 ts_out=1777539092.065602 gw_proc_ms=0.594 traceId=exp-perf5000-001955-c03c9693
zt-gateway  | [perf-request-in] ts_in=1777539092.065608 ts_out=1777539092.066212 gw_proc_ms=0.604 traceId=exp-perf5000-001957-689275ec
zt-gateway  | [perf-request-in] ts_in=1777539092.065631 ts_out=1777539092.066220 gw_proc_ms=0.589 traceId=exp-perf5000-001956-a6445693
zt-gateway  | [perf-request-in] ts_in=1777539092.066250 ts_out=1777539092.066876 gw_proc_ms=0.626 traceId=exp-perf5000-001959-e01aefe8
zt-gateway  | [perf-request-in] ts_in=1777539092.066244 ts_out=1777539092.066888 gw_proc_ms=0.644 traceId=exp-perf5000-001958-6101b032
zt-gateway  | [perf-request-in] ts_in=1777539092.066908 ts_out=1777539092.067502 gw_proc_ms=0.594 traceId=exp-perf5000-001960-8651b931
zt-gateway  | [perf-request-in] ts_in=1777539092.066920 ts_out=1777539092.067710 gw_proc_ms=0.790 traceId=exp-perf5000-001961-6febbebd
zt-gateway  | [perf-request-in] ts_in=1777539092.067538 ts_out=1777539092.068186 gw_proc_ms=0.648 traceId=exp-perf5000-001962-5ba70bfe
zt-gateway  | [perf-request-in] ts_in=1777539092.067764 ts_out=1777539092.068442 gw_proc_ms=0.678 traceId=exp-perf5000-001963-117244cd
zt-gateway  | [perf-request-in] ts_in=1777539092.068220 ts_out=1777539092.068884 gw_proc_ms=0.664 traceId=exp-perf5000-001964-10e6a6c0
zt-gateway  | [perf-request-in] ts_in=1777539092.068486 ts_out=1777539092.069162 gw_proc_ms=0.676 traceId=exp-perf5000-001965-c9c73e89
zt-gateway  | [perf-request-in] ts_in=1777539092.068916 ts_out=1777539092.069546 gw_proc_ms=0.630 traceId=exp-perf5000-001967-9393cfe6
zt-gateway  | [perf-request-in] ts_in=1777539092.069204 ts_out=1777539092.069880 gw_proc_ms=0.676 traceId=exp-perf5000-001966-76e8fe5d
zt-gateway  | [perf-request-in] ts_in=1777539092.069597 ts_out=1777539092.070226 gw_proc_ms=0.629 traceId=exp-perf5000-001968-7642b81a
zt-gateway  | [perf-request-in] ts_in=1777539092.069922 ts_out=1777539092.070585 gw_proc_ms=0.663 traceId=exp-perf5000-001969-e4d91eb1
zt-gateway  | [perf-request-in] ts_in=1777539092.070262 ts_out=1777539092.070903 gw_proc_ms=0.641 traceId=exp-perf5000-001970-2e241b73
zt-gateway  | [perf-request-in] ts_in=1777539092.070619 ts_out=1777539092.071258 gw_proc_ms=0.639 traceId=exp-perf5000-001971-0cd975f6
zt-gateway  | [perf-request-in] ts_in=1777539092.070930 ts_out=1777539092.071538 gw_proc_ms=0.608 traceId=exp-perf5000-001972-39fea216
zt-gateway  | [perf-request-in] ts_in=1777539092.071292 ts_out=1777539092.071930 gw_proc_ms=0.638 traceId=exp-perf5000-001973-4526a8f0
zt-gateway  | [perf-request-in] ts_in=1777539092.071571 ts_out=1777539092.072183 gw_proc_ms=0.612 traceId=exp-perf5000-001974-40e1564d
zt-gateway  | [perf-request-in] ts_in=1777539092.071968 ts_out=1777539092.072578 gw_proc_ms=0.610 traceId=exp-perf5000-001975-794a94a5
zt-gateway  | [perf-request-in] ts_in=1777539092.072215 ts_out=1777539092.072869 gw_proc_ms=0.654 traceId=exp-perf5000-001976-c48bdd63
zt-gateway  | [perf-request-in] ts_in=1777539092.072610 ts_out=1777539092.073228 gw_proc_ms=0.618 traceId=exp-perf5000-001977-c91cf075
zt-gateway  | [perf-request-in] ts_in=1777539092.072907 ts_out=1777539092.073574 gw_proc_ms=0.667 traceId=exp-perf5000-001978-832f53df
zt-gateway  | [perf-request-in] ts_in=1777539092.073265 ts_out=1777539092.073931 gw_proc_ms=0.666 traceId=exp-perf5000-001979-7fe5a35e
zt-gateway  | [perf-request-in] ts_in=1777539092.073609 ts_out=1777539092.074294 gw_proc_ms=0.685 traceId=exp-perf5000-001980-840f8952
zt-gateway  | [perf-request-in] ts_in=1777539092.073965 ts_out=1777539092.074585 gw_proc_ms=0.620 traceId=exp-perf5000-001981-b59c0d2a
zt-gateway  | [perf-request-in] ts_in=1777539092.074329 ts_out=1777539092.074968 gw_proc_ms=0.639 traceId=exp-perf5000-001982-8585c080
zt-gateway  | [perf-request-in] ts_in=1777539092.074614 ts_out=1777539092.075224 gw_proc_ms=0.610 traceId=exp-perf5000-001983-13928f41
zt-gateway  | [perf-request-in] ts_in=1777539092.075003 ts_out=1777539092.075620 gw_proc_ms=0.617 traceId=exp-perf5000-001984-b9e011e2
zt-gateway  | [perf-request-in] ts_in=1777539092.075260 ts_out=1777539092.075896 gw_proc_ms=0.636 traceId=exp-perf5000-001985-b2d53672
zt-gateway  | [perf-request-in] ts_in=1777539092.075643 ts_out=1777539092.076235 gw_proc_ms=0.592 traceId=exp-perf5000-001986-f2bc3ef3
zt-gateway  | [perf-request-in] ts_in=1777539092.075936 ts_out=1777539092.076551 gw_proc_ms=0.615 traceId=exp-perf5000-001987-12505f1f
zt-gateway  | [perf-request-in] ts_in=1777539092.076264 ts_out=1777539092.076875 gw_proc_ms=0.611 traceId=exp-perf5000-001988-d9e4120d
zt-gateway  | [perf-request-in] ts_in=1777539092.076596 ts_out=1777539092.077233 gw_proc_ms=0.637 traceId=exp-perf5000-001989-99119bc0
zt-gateway  | [perf-request-in] ts_in=1777539092.076908 ts_out=1777539092.077514 gw_proc_ms=0.606 traceId=exp-perf5000-001990-572e5fc4
zt-gateway  | [perf-request-in] ts_in=1777539092.077265 ts_out=1777539092.077902 gw_proc_ms=0.637 traceId=exp-perf5000-001991-b2f392d2
zt-gateway  | [perf-request-in] ts_in=1777539092.077539 ts_out=1777539092.078161 gw_proc_ms=0.622 traceId=exp-perf5000-001992-876fe915
zt-gateway  | [perf-request-in] ts_in=1777539092.077936 ts_out=1777539092.078550 gw_proc_ms=0.614 traceId=exp-perf5000-001993-acd7e32b
zt-gateway  | [perf-request-in] ts_in=1777539092.078190 ts_out=1777539092.078794 gw_proc_ms=0.604 traceId=exp-perf5000-001994-83d3c258
zt-gateway  | [perf-request-in] ts_in=1777539092.078595 ts_out=1777539092.079199 gw_proc_ms=0.604 traceId=exp-perf5000-001995-2247dafc
zt-gateway  | [perf-request-in] ts_in=1777539092.078821 ts_out=1777539092.079412 gw_proc_ms=0.591 traceId=exp-perf5000-001996-9b48a4f7
zt-gateway  | [perf-request-in] ts_in=1777539092.079232 ts_out=1777539092.079954 gw_proc_ms=0.722 traceId=exp-perf5000-001997-aff33314
zt-gateway  | [perf-request-in] ts_in=1777539092.079438 ts_out=1777539092.080077 gw_proc_ms=0.639 traceId=exp-perf5000-001998-62050b29
zt-gateway  | [perf-request-in] ts_in=1777539092.080006 ts_out=1777539092.080640 gw_proc_ms=0.634 traceId=exp-perf5000-001999-8d04224c
zt-gateway  | [perf-request-in] ts_in=1777539092.080110 ts_out=1777539092.080720 gw_proc_ms=0.610 traceId=exp-perf5000-002000-3988b4a4
zt-gateway  | [perf-request-in] ts_in=1777539092.080683 ts_out=1777539092.081309 gw_proc_ms=0.626 traceId=exp-perf5000-002001-693ed88b
zt-gateway  | [perf-request-in] ts_in=1777539092.080753 ts_out=1777539092.081334 gw_proc_ms=0.581 traceId=exp-perf5000-002002-35680fbe
zt-gateway  | [perf-request-in] ts_in=1777539092.081358 ts_out=1777539092.081947 gw_proc_ms=0.589 traceId=exp-perf5000-002004-f96ec5c3
zt-gateway  | [perf-request-in] ts_in=1777539092.081345 ts_out=1777539092.081963 gw_proc_ms=0.618 traceId=exp-perf5000-002003-c35683ea
zt-gateway  | [perf-request-in] ts_in=1777539092.081976 ts_out=1777539092.082545 gw_proc_ms=0.569 traceId=exp-perf5000-002006-292ca932
zt-gateway  | [perf-request-in] ts_in=1777539092.081995 ts_out=1777539092.082600 gw_proc_ms=0.605 traceId=exp-perf5000-002005-66308bf8
zt-gateway  | [perf-request-in] ts_in=1777539092.082584 ts_out=1777539092.083194 gw_proc_ms=0.610 traceId=exp-perf5000-002008-6e97ec79
zt-gateway  | [perf-request-in] ts_in=1777539092.082631 ts_out=1777539092.083268 gw_proc_ms=0.637 traceId=exp-perf5000-002007-eebdffb4
zt-gateway  | [perf-request-in] ts_in=1777539092.083222 ts_out=1777539092.083827 gw_proc_ms=0.605 traceId=exp-perf5000-002010-8fee30d3
zt-gateway  | [perf-request-in] ts_in=1777539092.083299 ts_out=1777539092.083938 gw_proc_ms=0.639 traceId=exp-perf5000-002009-72c9e975
zt-gateway  | [perf-request-in] ts_in=1777539092.083861 ts_out=1777539092.084454 gw_proc_ms=0.593 traceId=exp-perf5000-002012-7a19beea
zt-gateway  | [perf-request-in] ts_in=1777539092.083977 ts_out=1777539092.084605 gw_proc_ms=0.628 traceId=exp-perf5000-002011-8554d2f7
zt-gateway  | [perf-request-in] ts_in=1777539092.084481 ts_out=1777539092.085086 gw_proc_ms=0.605 traceId=exp-perf5000-002014-c80fd794
zt-gateway  | [perf-request-in] ts_in=1777539092.084632 ts_out=1777539092.085251 gw_proc_ms=0.619 traceId=exp-perf5000-002013-5810c5e9
zt-gateway  | [perf-request-in] ts_in=1777539092.085115 ts_out=1777539092.085728 gw_proc_ms=0.613 traceId=exp-perf5000-002016-54ed7afb
zt-gateway  | [perf-request-in] ts_in=1777539092.085287 ts_out=1777539092.085923 gw_proc_ms=0.636 traceId=exp-perf5000-002015-da255566
zt-gateway  | [perf-request-in] ts_in=1777539092.085755 ts_out=1777539092.086360 gw_proc_ms=0.605 traceId=exp-perf5000-002019-ecbcc9ba
zt-gateway  | [perf-request-in] ts_in=1777539092.085958 ts_out=1777539092.086598 gw_proc_ms=0.640 traceId=exp-perf5000-002017-d2673669
zt-gateway  | [perf-request-in] ts_in=1777539092.086392 ts_out=1777539092.087022 gw_proc_ms=0.630 traceId=exp-perf5000-002021-2118f3a4
zt-gateway  | [perf-request-in] ts_in=1777539092.086638 ts_out=1777539092.087269 gw_proc_ms=0.631 traceId=exp-perf5000-002018-140f8985
zt-gateway  | [perf-request-in] ts_in=1777539092.087052 ts_out=1777539092.087664 gw_proc_ms=0.612 traceId=exp-perf5000-002023-8ad16936
zt-gateway  | [perf-request-in] ts_in=1777539092.087340 ts_out=1777539092.088029 gw_proc_ms=0.689 traceId=exp-perf5000-002020-882fda12
zt-gateway  | [perf-request-in] ts_in=1777539092.087691 ts_out=1777539092.088306 gw_proc_ms=0.615 traceId=exp-perf5000-002025-d8bd1dbb
zt-gateway  | [perf-request-in] ts_in=1777539092.088071 ts_out=1777539092.088731 gw_proc_ms=0.660 traceId=exp-perf5000-002022-536bfc62
zt-gateway  | [perf-request-in] ts_in=1777539092.088335 ts_out=1777539092.088958 gw_proc_ms=0.623 traceId=exp-perf5000-002027-9c0ae80a
zt-gateway  | [perf-request-in] ts_in=1777539092.088766 ts_out=1777539092.089404 gw_proc_ms=0.638 traceId=exp-perf5000-002024-889f0c95
zt-gateway  | [perf-request-in] ts_in=1777539092.088987 ts_out=1777539092.089619 gw_proc_ms=0.632 traceId=exp-perf5000-002029-22f55c39
zt-gateway  | [perf-request-in] ts_in=1777539092.089441 ts_out=1777539092.090106 gw_proc_ms=0.665 traceId=exp-perf5000-002026-5da0e3c8
zt-gateway  | [perf-request-in] ts_in=1777539092.089645 ts_out=1777539092.090264 gw_proc_ms=0.619 traceId=exp-perf5000-002030-d9230b99
zt-gateway  | [perf-request-in] ts_in=1777539092.090142 ts_out=1777539092.090839 gw_proc_ms=0.697 traceId=exp-perf5000-002028-093a8f5a
zt-gateway  | [perf-request-in] ts_in=1777539092.090297 ts_out=1777539092.090928 gw_proc_ms=0.631 traceId=exp-perf5000-002032-cac0c60f
zt-gateway  | [perf-request-in] ts_in=1777539092.090877 ts_out=1777539092.091496 gw_proc_ms=0.619 traceId=exp-perf5000-002031-b76c0f00
zt-gateway  | [perf-request-in] ts_in=1777539092.090957 ts_out=1777539092.091549 gw_proc_ms=0.592 traceId=exp-perf5000-002034-7f4db790
zt-gateway  | [perf-request-in] ts_in=1777539092.091584 ts_out=1777539092.092181 gw_proc_ms=0.597 traceId=exp-perf5000-002037-02fb2cf4
zt-gateway  | [perf-request-in] ts_in=1777539092.091530 ts_out=1777539092.092184 gw_proc_ms=0.654 traceId=exp-perf5000-002033-2ac0bbff
zt-gateway  | [perf-request-in] ts_in=1777539092.092215 ts_out=1777539092.092848 gw_proc_ms=0.633 traceId=exp-perf5000-002039-c6936b80
zt-gateway  | [perf-request-in] ts_in=1777539092.092231 ts_out=1777539092.092933 gw_proc_ms=0.702 traceId=exp-perf5000-002035-76393fe2
zt-gateway  | [perf-request-in] ts_in=1777539092.092881 ts_out=1777539092.093497 gw_proc_ms=0.616 traceId=exp-perf5000-002040-18c601cc
zt-gateway  | [perf-request-in] ts_in=1777539092.092969 ts_out=1777539092.093629 gw_proc_ms=0.660 traceId=exp-perf5000-002036-125b5add
zt-gateway  | [perf-request-in] ts_in=1777539092.093533 ts_out=1777539092.094184 gw_proc_ms=0.651 traceId=exp-perf5000-002042-ade1dbc6
zt-gateway  | [perf-request-in] ts_in=1777539092.093691 ts_out=1777539092.094340 gw_proc_ms=0.649 traceId=exp-perf5000-002038-97ac26c1
zt-gateway  | [perf-request-in] ts_in=1777539092.094231 ts_out=1777539092.094902 gw_proc_ms=0.671 traceId=exp-perf5000-002044-38eddf5d
zt-gateway  | [perf-request-in] ts_in=1777539092.094373 ts_out=1777539092.095029 gw_proc_ms=0.656 traceId=exp-perf5000-002041-f86c2c3c
zt-gateway  | [perf-request-in] ts_in=1777539092.094944 ts_out=1777539092.095598 gw_proc_ms=0.654 traceId=exp-perf5000-002046-523165f0
zt-gateway  | [perf-request-in] ts_in=1777539092.095067 ts_out=1777539092.095697 gw_proc_ms=0.630 traceId=exp-perf5000-002043-d1844644
zt-gateway  | [perf-request-in] ts_in=1777539092.095639 ts_out=1777539092.096255 gw_proc_ms=0.616 traceId=exp-perf5000-002049-73f3a7ca
zt-gateway  | [perf-request-in] ts_in=1777539092.095729 ts_out=1777539092.096320 gw_proc_ms=0.591 traceId=exp-perf5000-002045-aa08c8ff
zt-gateway  | [perf-request-in] ts_in=1777539092.096293 ts_out=1777539092.096982 gw_proc_ms=0.689 traceId=exp-perf5000-002051-8daee27b
zt-gateway  | [perf-request-in] ts_in=1777539092.096353 ts_out=1777539092.096996 gw_proc_ms=0.643 traceId=exp-perf5000-002047-af7e9193
zt-gateway  | [perf-request-in] ts_in=1777539092.097020 ts_out=1777539092.097627 gw_proc_ms=0.607 traceId=exp-perf5000-002048-09c938ce
zt-gateway  | [perf-request-in] ts_in=1777539092.097011 ts_out=1777539092.097645 gw_proc_ms=0.634 traceId=exp-perf5000-002053-fb81341f
zt-gateway  | [perf-request-in] ts_in=1777539092.097660 ts_out=1777539092.098248 gw_proc_ms=0.588 traceId=exp-perf5000-002050-cb8c23ea
zt-gateway  | [perf-request-in] ts_in=1777539092.097679 ts_out=1777539092.098300 gw_proc_ms=0.621 traceId=exp-perf5000-002055-02be5286
zt-gateway  | [perf-request-in] ts_in=1777539092.098281 ts_out=1777539092.098879 gw_proc_ms=0.598 traceId=exp-perf5000-002052-1d8562b9
zt-gateway  | [perf-request-in] ts_in=1777539092.098340 ts_out=1777539092.098974 gw_proc_ms=0.634 traceId=exp-perf5000-002057-4d2bd834
zt-gateway  | [perf-request-in] ts_in=1777539092.098908 ts_out=1777539092.099492 gw_proc_ms=0.584 traceId=exp-perf5000-002054-008cbf52
zt-gateway  | [perf-request-in] ts_in=1777539092.099007 ts_out=1777539092.099660 gw_proc_ms=0.653 traceId=exp-perf5000-002058-7be920a1
zt-gateway  | [perf-request-in] ts_in=1777539092.099520 ts_out=1777539092.100120 gw_proc_ms=0.600 traceId=exp-perf5000-002056-450f9344
zt-gateway  | [perf-request-in] ts_in=1777539092.099705 ts_out=1777539092.100315 gw_proc_ms=0.610 traceId=exp-perf5000-002060-da17431f
zt-gateway  | [perf-request-in] ts_in=1777539092.100148 ts_out=1777539092.100747 gw_proc_ms=0.599 traceId=exp-perf5000-002059-fbb95c9c
zt-gateway  | [perf-request-in] ts_in=1777539092.100357 ts_out=1777539092.100986 gw_proc_ms=0.629 traceId=exp-perf5000-002062-b4e2532c
zt-gateway  | [perf-request-in] ts_in=1777539092.100771 ts_out=1777539092.101352 gw_proc_ms=0.581 traceId=exp-perf5000-002061-e1bfe0d7
zt-gateway  | [perf-request-in] ts_in=1777539092.101017 ts_out=1777539092.101630 gw_proc_ms=0.613 traceId=exp-perf5000-002064-398092a0
zt-gateway  | [perf-request-in] ts_in=1777539092.101383 ts_out=1777539092.101992 gw_proc_ms=0.609 traceId=exp-perf5000-002063-6d12e6ce
zt-gateway  | [perf-request-in] ts_in=1777539092.101669 ts_out=1777539092.102266 gw_proc_ms=0.597 traceId=exp-perf5000-002066-65cfed9e
zt-gateway  | [perf-request-in] ts_in=1777539092.102021 ts_out=1777539092.102612 gw_proc_ms=0.591 traceId=exp-perf5000-002065-3170af12
zt-gateway  | [perf-request-in] ts_in=1777539092.102292 ts_out=1777539092.102896 gw_proc_ms=0.604 traceId=exp-perf5000-002068-d44ef649
zt-gateway  | [perf-request-in] ts_in=1777539092.102642 ts_out=1777539092.103216 gw_proc_ms=0.574 traceId=exp-perf5000-002067-345ff2b6
zt-gateway  | [perf-request-in] ts_in=1777539092.102933 ts_out=1777539092.103529 gw_proc_ms=0.596 traceId=exp-perf5000-002070-47bf51a8
zt-gateway  | [perf-request-in] ts_in=1777539092.103249 ts_out=1777539092.103846 gw_proc_ms=0.597 traceId=exp-perf5000-002069-cb199503
zt-gateway  | [perf-request-in] ts_in=1777539092.103560 ts_out=1777539092.104183 gw_proc_ms=0.623 traceId=exp-perf5000-002072-a8000e46
zt-gateway  | [perf-request-in] ts_in=1777539092.103876 ts_out=1777539092.104463 gw_proc_ms=0.587 traceId=exp-perf5000-002071-5f72f5c9
zt-gateway  | [perf-request-in] ts_in=1777539092.104224 ts_out=1777539092.104842 gw_proc_ms=0.618 traceId=exp-perf5000-002074-2151c680
zt-gateway  | [perf-request-in] ts_in=1777539092.104496 ts_out=1777539092.105088 gw_proc_ms=0.592 traceId=exp-perf5000-002073-90b0c1ae
zt-gateway  | [perf-request-in] ts_in=1777539092.104873 ts_out=1777539092.105464 gw_proc_ms=0.591 traceId=exp-perf5000-002076-29eb794c
zt-gateway  | [perf-request-in] ts_in=1777539092.105114 ts_out=1777539092.105775 gw_proc_ms=0.661 traceId=exp-perf5000-002075-f15cd285
zt-gateway  | [perf-request-in] ts_in=1777539092.105495 ts_out=1777539092.106148 gw_proc_ms=0.653 traceId=exp-perf5000-002078-999aa77b
zt-gateway  | [perf-request-in] ts_in=1777539092.105846 ts_out=1777539092.106476 gw_proc_ms=0.630 traceId=exp-perf5000-002077-d3bd8024
zt-gateway  | [perf-request-in] ts_in=1777539092.106182 ts_out=1777539092.106843 gw_proc_ms=0.661 traceId=exp-perf5000-002080-183b4741
zt-gateway  | [perf-request-in] ts_in=1777539092.106515 ts_out=1777539092.107201 gw_proc_ms=0.686 traceId=exp-perf5000-002079-ee800b3f
zt-gateway  | [perf-request-in] ts_in=1777539092.106891 ts_out=1777539092.107520 gw_proc_ms=0.629 traceId=exp-perf5000-002082-f5001f00
zt-gateway  | [perf-request-in] ts_in=1777539092.107238 ts_out=1777539092.107844 gw_proc_ms=0.606 traceId=exp-perf5000-002081-7bd09c49
zt-gateway  | [perf-request-in] ts_in=1777539092.107557 ts_out=1777539092.108203 gw_proc_ms=0.646 traceId=exp-perf5000-002084-e03df7ef
zt-gateway  | [perf-request-in] ts_in=1777539092.107870 ts_out=1777539092.108480 gw_proc_ms=0.610 traceId=exp-perf5000-002083-6a8eeb1a
zt-gateway  | [perf-request-in] ts_in=1777539092.108244 ts_out=1777539092.108903 gw_proc_ms=0.659 traceId=exp-perf5000-002086-a2f6ee7b
zt-gateway  | [perf-request-in] ts_in=1777539092.108506 ts_out=1777539092.109137 gw_proc_ms=0.631 traceId=exp-perf5000-002085-bee55ce6
zt-gateway  | [perf-request-in] ts_in=1777539092.108939 ts_out=1777539092.109586 gw_proc_ms=0.647 traceId=exp-perf5000-002088-3ff54564
zt-gateway  | [perf-request-in] ts_in=1777539092.109179 ts_out=1777539092.109796 gw_proc_ms=0.617 traceId=exp-perf5000-002087-e31df8a6
zt-gateway  | [perf-request-in] ts_in=1777539092.109630 ts_out=1777539092.110281 gw_proc_ms=0.651 traceId=exp-perf5000-002090-7b8dba01
zt-gateway  | [perf-request-in] ts_in=1777539092.109833 ts_out=1777539092.110456 gw_proc_ms=0.623 traceId=exp-perf5000-002089-f621f35e
zt-gateway  | [perf-request-in] ts_in=1777539092.110318 ts_out=1777539092.110970 gw_proc_ms=0.652 traceId=exp-perf5000-002092-58871c4b
zt-gateway  | [perf-request-in] ts_in=1777539092.110486 ts_out=1777539092.111157 gw_proc_ms=0.671 traceId=exp-perf5000-002091-a27b945e
zt-gateway  | [perf-request-in] ts_in=1777539092.111002 ts_out=1777539092.111676 gw_proc_ms=0.674 traceId=exp-perf5000-002094-798f36f7
zt-gateway  | [perf-request-in] ts_in=1777539092.111204 ts_out=1777539092.111876 gw_proc_ms=0.672 traceId=exp-perf5000-002093-974b0f04
zt-gateway  | [perf-request-in] ts_in=1777539092.111708 ts_out=1777539092.112342 gw_proc_ms=0.634 traceId=exp-perf5000-002096-dd623de3
zt-gateway  | [perf-request-in] ts_in=1777539092.111913 ts_out=1777539092.112539 gw_proc_ms=0.626 traceId=exp-perf5000-002095-0b1d1b9f
zt-gateway  | [perf-request-in] ts_in=1777539092.112377 ts_out=1777539092.113013 gw_proc_ms=0.636 traceId=exp-perf5000-002098-952fe8f0
zt-gateway  | [perf-request-in] ts_in=1777539092.112584 ts_out=1777539092.113220 gw_proc_ms=0.636 traceId=exp-perf5000-002097-61cfb303
zt-gateway  | [perf-request-in] ts_in=1777539092.113058 ts_out=1777539092.113685 gw_proc_ms=0.627 traceId=exp-perf5000-002100-cef09b0f
zt-gateway  | [perf-request-in] ts_in=1777539092.113261 ts_out=1777539092.113895 gw_proc_ms=0.634 traceId=exp-perf5000-002099-526cecce
zt-gateway  | [perf-request-in] ts_in=1777539092.113719 ts_out=1777539092.114351 gw_proc_ms=0.632 traceId=exp-perf5000-002102-5a07ee48
zt-gateway  | [perf-request-in] ts_in=1777539092.113937 ts_out=1777539092.114553 gw_proc_ms=0.616 traceId=exp-perf5000-002101-ffcf7474
zt-gateway  | [perf-request-in] ts_in=1777539092.114387 ts_out=1777539092.115040 gw_proc_ms=0.653 traceId=exp-perf5000-002104-5ce20d4a
zt-gateway  | [perf-request-in] ts_in=1777539092.114596 ts_out=1777539092.115235 gw_proc_ms=0.639 traceId=exp-perf5000-002103-ad3044d4
zt-gateway  | [perf-request-in] ts_in=1777539092.115080 ts_out=1777539092.115714 gw_proc_ms=0.634 traceId=exp-perf5000-002105-88e98aa7
zt-gateway  | [perf-request-in] ts_in=1777539092.115259 ts_out=1777539092.115889 gw_proc_ms=0.630 traceId=exp-perf5000-002106-9024fb7a
zt-gateway  | [perf-request-in] ts_in=1777539092.115749 ts_out=1777539092.116384 gw_proc_ms=0.635 traceId=exp-perf5000-002107-1905d862
zt-gateway  | [perf-request-in] ts_in=1777539092.115957 ts_out=1777539092.116749 gw_proc_ms=0.792 traceId=exp-perf5000-002108-af05f5b0
zt-gateway  | [perf-request-in] ts_in=1777539092.116423 ts_out=1777539092.117110 gw_proc_ms=0.687 traceId=exp-perf5000-002109-af457f07
zt-gateway  | [perf-request-in] ts_in=1777539092.116784 ts_out=1777539092.117458 gw_proc_ms=0.674 traceId=exp-perf5000-002110-1c78868f
zt-gateway  | [perf-request-in] ts_in=1777539092.117158 ts_out=1777539092.117804 gw_proc_ms=0.646 traceId=exp-perf5000-002111-32ff8304
zt-gateway  | [perf-request-in] ts_in=1777539092.117510 ts_out=1777539092.118153 gw_proc_ms=0.643 traceId=exp-perf5000-002112-ade21717
zt-gateway  | [perf-request-in] ts_in=1777539092.117840 ts_out=1777539092.118491 gw_proc_ms=0.651 traceId=exp-perf5000-002113-040448a1
zt-gateway  | [perf-request-in] ts_in=1777539092.118187 ts_out=1777539092.118828 gw_proc_ms=0.641 traceId=exp-perf5000-002114-15fbfe24
zt-gateway  | [perf-request-in] ts_in=1777539092.118529 ts_out=1777539092.119189 gw_proc_ms=0.660 traceId=exp-perf5000-002115-a5ee65e8
zt-gateway  | [perf-request-in] ts_in=1777539092.119220 ts_out=1777539092.119855 gw_proc_ms=0.635 traceId=exp-perf5000-002117-f0c832d1
zt-gateway  | [perf-request-in] ts_in=1777539092.118875 ts_out=1777539092.120064 gw_proc_ms=1.189 traceId=exp-perf5000-002116-00725318
zt-gateway  | [perf-request-in] ts_in=1777539092.119887 ts_out=1777539092.120531 gw_proc_ms=0.644 traceId=exp-perf5000-002119-0abb92f1
zt-gateway  | [perf-request-in] ts_in=1777539092.120235 ts_out=1777539092.121150 gw_proc_ms=0.915 traceId=exp-perf5000-002118-c2a457df
zt-gateway  | [perf-request-in] ts_in=1777539092.120576 ts_out=1777539092.121257 gw_proc_ms=0.681 traceId=exp-perf5000-002121-8d52b1b0
zt-gateway  | [perf-request-in] ts_in=1777539092.121200 ts_out=1777539092.121903 gw_proc_ms=0.703 traceId=exp-perf5000-002120-12051ba4
zt-gateway  | [perf-request-in] ts_in=1777539092.121288 ts_out=1777539092.121971 gw_proc_ms=0.683 traceId=exp-perf5000-002123-858f665a
zt-gateway  | [perf-request-in] ts_in=1777539092.121944 ts_out=1777539092.122553 gw_proc_ms=0.609 traceId=exp-perf5000-002122-327afc49
zt-gateway  | [perf-request-in] ts_in=1777539092.122003 ts_out=1777539092.122624 gw_proc_ms=0.621 traceId=exp-perf5000-002125-21ce5179
zt-gateway  | [perf-request-in] ts_in=1777539092.122597 ts_out=1777539092.123207 gw_proc_ms=0.610 traceId=exp-perf5000-002124-efe3ea54
zt-gateway  | [perf-request-in] ts_in=1777539092.122653 ts_out=1777539092.123264 gw_proc_ms=0.611 traceId=exp-perf5000-002127-f930da63
zt-gateway  | [perf-request-in] ts_in=1777539092.123240 ts_out=1777539092.123871 gw_proc_ms=0.631 traceId=exp-perf5000-002126-fe578c0e
zt-gateway  | [perf-request-in] ts_in=1777539092.123296 ts_out=1777539092.123909 gw_proc_ms=0.613 traceId=exp-perf5000-002129-88ee3e4d
zt-gateway  | [perf-request-in] ts_in=1777539092.123898 ts_out=1777539092.124498 gw_proc_ms=0.600 traceId=exp-perf5000-002128-a000439d
zt-gateway  | [perf-request-in] ts_in=1777539092.123934 ts_out=1777539092.124535 gw_proc_ms=0.601 traceId=exp-perf5000-002130-d641b9ae
zt-gateway  | [perf-request-in] ts_in=1777539092.124527 ts_out=1777539092.125228 gw_proc_ms=0.701 traceId=exp-perf5000-002131-bdec246e
zt-gateway  | [perf-request-in] ts_in=1777539092.124580 ts_out=1777539092.125240 gw_proc_ms=0.660 traceId=exp-perf5000-002133-19c2ce3e
zt-gateway  | [perf-request-in] ts_in=1777539092.125276 ts_out=1777539092.126322 gw_proc_ms=1.046 traceId=exp-perf5000-002135-1b958a78
zt-gateway  | [perf-request-in] ts_in=1777539092.125265 ts_out=1777539092.126596 gw_proc_ms=1.331 traceId=exp-perf5000-002132-8930a28a
zt-gateway  | [perf-request-in] ts_in=1777539092.126376 ts_out=1777539092.127405 gw_proc_ms=1.029 traceId=exp-perf5000-002136-ed2191e7
zt-gateway  | [perf-request-in] ts_in=1777539092.126650 ts_out=1777539092.127803 gw_proc_ms=1.153 traceId=exp-perf5000-002134-45b34944
zt-gateway  | [perf-request-in] ts_in=1777539092.127447 ts_out=1777539092.128427 gw_proc_ms=0.980 traceId=exp-perf5000-002138-532d7ae9
zt-gateway  | [perf-request-in] ts_in=1777539092.127864 ts_out=1777539092.129033 gw_proc_ms=1.169 traceId=exp-perf5000-002137-042d0793
zt-gateway  | [perf-request-in] ts_in=1777539092.128477 ts_out=1777539092.129387 gw_proc_ms=0.910 traceId=exp-perf5000-002140-3bb381ac
zt-gateway  | [perf-request-in] ts_in=1777539092.129092 ts_out=1777539092.130150 gw_proc_ms=1.058 traceId=exp-perf5000-002139-b35cce7d
zt-gateway  | [perf-request-in] ts_in=1777539092.129428 ts_out=1777539092.130377 gw_proc_ms=0.949 traceId=exp-perf5000-002142-03f17846
zt-gateway  | [perf-request-in] ts_in=1777539092.130186 ts_out=1777539092.131089 gw_proc_ms=0.903 traceId=exp-perf5000-002141-55c04f9b
zt-gateway  | [perf-request-in] ts_in=1777539092.130414 ts_out=1777539092.131207 gw_proc_ms=0.793 traceId=exp-perf5000-002144-cd2923af
zt-gateway  | [perf-request-in] ts_in=1777539092.131120 ts_out=1777539092.131946 gw_proc_ms=0.826 traceId=exp-perf5000-002143-7008e48d
zt-gateway  | [perf-request-in] ts_in=1777539092.131240 ts_out=1777539092.132103 gw_proc_ms=0.863 traceId=exp-perf5000-002146-c49abbb8
zt-gateway  | [perf-request-in] ts_in=1777539092.131998 ts_out=1777539092.132744 gw_proc_ms=0.746 traceId=exp-perf5000-002145-5e72861e
zt-gateway  | [perf-request-in] ts_in=1777539092.132147 ts_out=1777539092.132823 gw_proc_ms=0.676 traceId=exp-perf5000-002149-654df990
zt-gateway  | [perf-request-in] ts_in=1777539092.132816 ts_out=1777539092.133467 gw_proc_ms=0.651 traceId=exp-perf5000-002147-9b2d6770
zt-gateway  | [perf-request-in] ts_in=1777539092.132854 ts_out=1777539092.133484 gw_proc_ms=0.630 traceId=exp-perf5000-002151-da2f9f4d
zt-gateway  | [perf-request-in] ts_in=1777539092.133511 ts_out=1777539092.134373 gw_proc_ms=0.862 traceId=exp-perf5000-002152-93ef4abf
zt-gateway  | [perf-request-in] ts_in=1777539092.133502 ts_out=1777539092.134417 gw_proc_ms=0.915 traceId=exp-perf5000-002148-851f19e5
zt-gateway  | [perf-request-in] ts_in=1777539092.134409 ts_out=1777539092.135218 gw_proc_ms=0.809 traceId=exp-perf5000-002155-9a1658c6
zt-gateway  | [perf-request-in] ts_in=1777539092.134454 ts_out=1777539092.135421 gw_proc_ms=0.967 traceId=exp-perf5000-002150-b42546d6
zt-gateway  | [perf-request-in] ts_in=1777539092.135262 ts_out=1777539092.136036 gw_proc_ms=0.774 traceId=exp-perf5000-002157-15e1a793
zt-gateway  | [perf-request-in] ts_in=1777539092.135468 ts_out=1777539092.136291 gw_proc_ms=0.823 traceId=exp-perf5000-002153-67938d88
zt-gateway  | [perf-request-in] ts_in=1777539092.136077 ts_out=1777539092.136998 gw_proc_ms=0.921 traceId=exp-perf5000-002159-f1aaf38f
zt-gateway  | [perf-request-in] ts_in=1777539092.136331 ts_out=1777539092.137184 gw_proc_ms=0.853 traceId=exp-perf5000-002154-4821e3ca
zt-gateway  | [perf-request-in] ts_in=1777539092.137067 ts_out=1777539092.137989 gw_proc_ms=0.922 traceId=exp-perf5000-002161-695264e5
zt-gateway  | [perf-request-in] ts_in=1777539092.137227 ts_out=1777539092.138170 gw_proc_ms=0.943 traceId=exp-perf5000-002156-7ff2132d
zt-gateway  | [perf-request-in] ts_in=1777539092.138042 ts_out=1777539092.138865 gw_proc_ms=0.823 traceId=exp-perf5000-002163-17fce9bc
zt-gateway  | [perf-request-in] ts_in=1777539092.138208 ts_out=1777539092.139011 gw_proc_ms=0.803 traceId=exp-perf5000-002158-a78c7eb0
zt-gateway  | [perf-request-in] ts_in=1777539092.138919 ts_out=1777539092.139653 gw_proc_ms=0.734 traceId=exp-perf5000-002165-7b7c904b
zt-gateway  | [perf-request-in] ts_in=1777539092.139051 ts_out=1777539092.139727 gw_proc_ms=0.676 traceId=exp-perf5000-002160-a252c4df
zt-gateway  | [perf-request-in] ts_in=1777539092.139689 ts_out=1777539092.140332 gw_proc_ms=0.643 traceId=exp-perf5000-002167-5b1594ca
zt-gateway  | [perf-request-in] ts_in=1777539092.139754 ts_out=1777539092.140367 gw_proc_ms=0.613 traceId=exp-perf5000-002162-2d701b74
zt-gateway  | [perf-request-in] ts_in=1777539092.140368 ts_out=1777539092.141002 gw_proc_ms=0.634 traceId=exp-perf5000-002169-b8602c99
zt-gateway  | [perf-request-in] ts_in=1777539092.140399 ts_out=1777539092.141010 gw_proc_ms=0.611 traceId=exp-perf5000-002164-7389568d
zt-gateway  | [perf-request-in] ts_in=1777539092.141045 ts_out=1777539092.141691 gw_proc_ms=0.646 traceId=exp-perf5000-002166-a6363263
zt-gateway  | [perf-request-in] ts_in=1777539092.141040 ts_out=1777539092.141693 gw_proc_ms=0.653 traceId=exp-perf5000-002171-b5290568
zt-gateway  | [perf-request-in] ts_in=1777539092.141725 ts_out=1777539092.142331 gw_proc_ms=0.606 traceId=exp-perf5000-002168-86121459
zt-gateway  | [perf-request-in] ts_in=1777539092.141728 ts_out=1777539092.142338 gw_proc_ms=0.610 traceId=exp-perf5000-002173-fd6d2d69
zt-gateway  | [perf-request-in] ts_in=1777539092.142365 ts_out=1777539092.142995 gw_proc_ms=0.630 traceId=exp-perf5000-002170-d97f5be0
zt-gateway  | [perf-request-in] ts_in=1777539092.142370 ts_out=1777539092.143004 gw_proc_ms=0.634 traceId=exp-perf5000-002175-1f2309f0
zt-gateway  | [perf-request-in] ts_in=1777539092.143030 ts_out=1777539092.143673 gw_proc_ms=0.643 traceId=exp-perf5000-002172-b197d2c0
zt-gateway  | [perf-request-in] ts_in=1777539092.143037 ts_out=1777539092.143678 gw_proc_ms=0.641 traceId=exp-perf5000-002177-ea7180db
zt-gateway  | [perf-request-in] ts_in=1777539092.143707 ts_out=1777539092.144309 gw_proc_ms=0.602 traceId=exp-perf5000-002174-137f7e99
zt-gateway  | [perf-request-in] ts_in=1777539092.143710 ts_out=1777539092.144315 gw_proc_ms=0.605 traceId=exp-perf5000-002179-fb55356a
zt-gateway  | [perf-request-in] ts_in=1777539092.144345 ts_out=1777539092.144995 gw_proc_ms=0.650 traceId=exp-perf5000-002176-50204950
zt-gateway  | [perf-request-in] ts_in=1777539092.144347 ts_out=1777539092.144995 gw_proc_ms=0.648 traceId=exp-perf5000-002181-7455e344
zt-gateway  | [perf-request-in] ts_in=1777539092.145034 ts_out=1777539092.145685 gw_proc_ms=0.651 traceId=exp-perf5000-002183-4638fc92
zt-gateway  | [perf-request-in] ts_in=1777539092.145035 ts_out=1777539092.145685 gw_proc_ms=0.650 traceId=exp-perf5000-002178-e6692735
zt-gateway  | [perf-request-in] ts_in=1777539092.145713 ts_out=1777539092.146307 gw_proc_ms=0.594 traceId=exp-perf5000-002185-fe72f978
zt-gateway  | [perf-request-in] ts_in=1777539092.145711 ts_out=1777539092.146307 gw_proc_ms=0.596 traceId=exp-perf5000-002180-c22d0a88
zt-gateway  | [perf-request-in] ts_in=1777539092.146337 ts_out=1777539092.147078 gw_proc_ms=0.741 traceId=exp-perf5000-002182-fee3dda1
zt-gateway  | [perf-request-in] ts_in=1777539092.146333 ts_out=1777539092.147095 gw_proc_ms=0.762 traceId=exp-perf5000-002187-c48a8ab5
zt-gateway  | [perf-request-in] ts_in=1777539092.147120 ts_out=1777539092.147790 gw_proc_ms=0.670 traceId=exp-perf5000-002184-1a3ab575
zt-gateway  | [perf-request-in] ts_in=1777539092.147142 ts_out=1777539092.147836 gw_proc_ms=0.694 traceId=exp-perf5000-002189-0c442d11
zt-gateway  | [perf-request-in] ts_in=1777539092.147824 ts_out=1777539092.148538 gw_proc_ms=0.714 traceId=exp-perf5000-002186-b6af4bd8
zt-gateway  | [perf-request-in] ts_in=1777539092.147866 ts_out=1777539092.148552 gw_proc_ms=0.686 traceId=exp-perf5000-002191-dc2e6709
zt-gateway  | [perf-request-in] ts_in=1777539092.148589 ts_out=1777539092.149235 gw_proc_ms=0.646 traceId=exp-perf5000-002188-1bfd8b2b
zt-gateway  | [perf-request-in] ts_in=1777539092.148601 ts_out=1777539092.149237 gw_proc_ms=0.636 traceId=exp-perf5000-002193-7c82ba12
zt-gateway  | [perf-request-in] ts_in=1777539092.149269 ts_out=1777539092.149918 gw_proc_ms=0.649 traceId=exp-perf5000-002190-b7c4cce6
zt-gateway  | [perf-request-in] ts_in=1777539092.149269 ts_out=1777539092.149918 gw_proc_ms=0.649 traceId=exp-perf5000-002195-d189ea44
zt-gateway  | [perf-request-in] ts_in=1777539092.149955 ts_out=1777539092.150576 gw_proc_ms=0.621 traceId=exp-perf5000-002197-eef64f70
zt-gateway  | [perf-request-in] ts_in=1777539092.149958 ts_out=1777539092.150576 gw_proc_ms=0.618 traceId=exp-perf5000-002192-30024e87
zt-gateway  | [perf-request-in] ts_in=1777539092.150603 ts_out=1777539092.151217 gw_proc_ms=0.614 traceId=exp-perf5000-002194-b56fd58e
zt-gateway  | [perf-request-in] ts_in=1777539092.150603 ts_out=1777539092.151218 gw_proc_ms=0.615 traceId=exp-perf5000-002199-d2998d69
zt-gateway  | [perf-request-in] ts_in=1777539092.151251 ts_out=1777539092.151896 gw_proc_ms=0.645 traceId=exp-perf5000-002201-57001df1
zt-gateway  | [perf-request-in] ts_in=1777539092.151252 ts_out=1777539092.151908 gw_proc_ms=0.656 traceId=exp-perf5000-002196-824c4ed4
zt-gateway  | [perf-request-in] ts_in=1777539092.151929 ts_out=1777539092.152556 gw_proc_ms=0.627 traceId=exp-perf5000-002203-894e2af3
zt-gateway  | [perf-request-in] ts_in=1777539092.151932 ts_out=1777539092.152575 gw_proc_ms=0.643 traceId=exp-perf5000-002198-5158ca34
zt-gateway  | [perf-request-in] ts_in=1777539092.152602 ts_out=1777539092.153228 gw_proc_ms=0.626 traceId=exp-perf5000-002205-a3d69b04
zt-gateway  | [perf-request-in] ts_in=1777539092.152610 ts_out=1777539092.153239 gw_proc_ms=0.629 traceId=exp-perf5000-002200-28cc0e32
zt-gateway  | [perf-request-in] ts_in=1777539092.153268 ts_out=1777539092.153905 gw_proc_ms=0.637 traceId=exp-perf5000-002207-a5609a97
zt-gateway  | [perf-request-in] ts_in=1777539092.153273 ts_out=1777539092.153922 gw_proc_ms=0.649 traceId=exp-perf5000-002202-4848e60a
zt-gateway  | [perf-request-in] ts_in=1777539092.153938 ts_out=1777539092.154549 gw_proc_ms=0.611 traceId=exp-perf5000-002209-abbe0497
zt-gateway  | [perf-request-in] ts_in=1777539092.153953 ts_out=1777539092.154576 gw_proc_ms=0.623 traceId=exp-perf5000-002204-e68e89a3
zt-gateway  | [perf-request-in] ts_in=1777539092.154593 ts_out=1777539092.155232 gw_proc_ms=0.639 traceId=exp-perf5000-002211-d3fd1eb5
zt-gateway  | [perf-request-in] ts_in=1777539092.154604 ts_out=1777539092.155252 gw_proc_ms=0.648 traceId=exp-perf5000-002206-2f1b24af
zt-gateway  | [perf-request-in] ts_in=1777539092.155265 ts_out=1777539092.155894 gw_proc_ms=0.629 traceId=exp-perf5000-002213-1be8e0a1
zt-gateway  | [perf-request-in] ts_in=1777539092.155277 ts_out=1777539092.155902 gw_proc_ms=0.625 traceId=exp-perf5000-002208-9862510d
zt-gateway  | [perf-request-in] ts_in=1777539092.155931 ts_out=1777539092.156545 gw_proc_ms=0.614 traceId=exp-perf5000-002215-e779f98a
zt-gateway  | [perf-request-in] ts_in=1777539092.155940 ts_out=1777539092.156556 gw_proc_ms=0.616 traceId=exp-perf5000-002210-0a311c86
zt-gateway  | [perf-request-in] ts_in=1777539092.156592 ts_out=1777539092.157187 gw_proc_ms=0.595 traceId=exp-perf5000-002212-674f135d
zt-gateway  | [perf-request-in] ts_in=1777539092.156588 ts_out=1777539092.157187 gw_proc_ms=0.599 traceId=exp-perf5000-002216-a0482121
zt-gateway  | [perf-request-in] ts_in=1777539092.157225 ts_out=1777539092.157876 gw_proc_ms=0.651 traceId=exp-perf5000-002218-19af8a5c
zt-gateway  | [perf-request-in] ts_in=1777539092.157222 ts_out=1777539092.157881 gw_proc_ms=0.659 traceId=exp-perf5000-002214-f63c16c3
zt-gateway  | [perf-request-in] ts_in=1777539092.157905 ts_out=1777539092.158550 gw_proc_ms=0.645 traceId=exp-perf5000-002219-94235d11
zt-gateway  | [perf-request-in] ts_in=1777539092.157911 ts_out=1777539092.158557 gw_proc_ms=0.646 traceId=exp-perf5000-002217-4c85f590
zt-gateway  | [perf-request-in] ts_in=1777539092.158587 ts_out=1777539092.159193 gw_proc_ms=0.606 traceId=exp-perf5000-002222-e2dcdca3
zt-gateway  | [perf-request-in] ts_in=1777539092.158731 ts_out=1777539092.159324 gw_proc_ms=0.593 traceId=exp-perf5000-002220-e59e19dd
zt-gateway  | [perf-request-in] ts_in=1777539092.159223 ts_out=1777539092.159826 gw_proc_ms=0.603 traceId=exp-perf5000-002223-35e20247
zt-gateway  | [perf-request-in] ts_in=1777539092.159352 ts_out=1777539092.159960 gw_proc_ms=0.608 traceId=exp-perf5000-002221-95bd930c
zt-gateway  | [perf-request-in] ts_in=1777539092.159849 ts_out=1777539092.160449 gw_proc_ms=0.600 traceId=exp-perf5000-002225-d03b8a06
zt-gateway  | [perf-request-in] ts_in=1777539092.159994 ts_out=1777539092.160599 gw_proc_ms=0.605 traceId=exp-perf5000-002224-8042731b
zt-gateway  | [perf-request-in] ts_in=1777539092.160473 ts_out=1777539092.161080 gw_proc_ms=0.607 traceId=exp-perf5000-002227-ca741a83
zt-gateway  | [perf-request-in] ts_in=1777539092.160619 ts_out=1777539092.161222 gw_proc_ms=0.603 traceId=exp-perf5000-002226-d9ece255
zt-gateway  | [perf-request-in] ts_in=1777539092.161111 ts_out=1777539092.161734 gw_proc_ms=0.623 traceId=exp-perf5000-002229-a12bec7a
zt-gateway  | [perf-request-in] ts_in=1777539092.161254 ts_out=1777539092.162292 gw_proc_ms=1.038 traceId=exp-perf5000-002228-bc560c40
zt-gateway  | [perf-request-in] ts_in=1777539092.161763 ts_out=1777539092.162365 gw_proc_ms=0.602 traceId=exp-perf5000-002232-2170782e
zt-gateway  | [perf-request-in] ts_in=1777539092.162332 ts_out=1777539092.162976 gw_proc_ms=0.644 traceId=exp-perf5000-002230-a6da5606
zt-gateway  | [perf-request-in] ts_in=1777539092.162398 ts_out=1777539092.163021 gw_proc_ms=0.623 traceId=exp-perf5000-002233-3944beed
zt-gateway  | [perf-request-in] ts_in=1777539092.163016 ts_out=1777539092.163633 gw_proc_ms=0.617 traceId=exp-perf5000-002231-e957d95e
zt-gateway  | [perf-request-in] ts_in=1777539092.163045 ts_out=1777539092.163646 gw_proc_ms=0.601 traceId=exp-perf5000-002235-8ad0ff42
zt-gateway  | [perf-request-in] ts_in=1777539092.163670 ts_out=1777539092.164370 gw_proc_ms=0.700 traceId=exp-perf5000-002236-12703696
zt-gateway  | [perf-request-in] ts_in=1777539092.163669 ts_out=1777539092.164372 gw_proc_ms=0.703 traceId=exp-perf5000-002234-bc492a95
zt-gateway  | [perf-request-in] ts_in=1777539092.164407 ts_out=1777539092.165044 gw_proc_ms=0.637 traceId=exp-perf5000-002237-04c970b8
zt-gateway  | [perf-request-in] ts_in=1777539092.164405 ts_out=1777539092.165059 gw_proc_ms=0.654 traceId=exp-perf5000-002239-5fcc3a2c
zt-gateway  | [perf-request-in] ts_in=1777539092.165092 ts_out=1777539092.165835 gw_proc_ms=0.743 traceId=exp-perf5000-002241-c2966da2
zt-gateway  | [perf-request-in] ts_in=1777539092.165083 ts_out=1777539092.166161 gw_proc_ms=1.078 traceId=exp-perf5000-002238-80661d69
zt-gateway  | [perf-request-in] ts_in=1777539092.165897 ts_out=1777539092.166711 gw_proc_ms=0.814 traceId=exp-perf5000-002243-98af624e
zt-gateway  | [perf-request-in] ts_in=1777539092.166198 ts_out=1777539092.166995 gw_proc_ms=0.797 traceId=exp-perf5000-002240-5dc2dfa1
zt-gateway  | [perf-request-in] ts_in=1777539092.166759 ts_out=1777539092.167473 gw_proc_ms=0.714 traceId=exp-perf5000-002245-e8695438
zt-gateway  | [perf-request-in] ts_in=1777539092.167516 ts_out=1777539092.168253 gw_proc_ms=0.737 traceId=exp-perf5000-002247-d92017c3
zt-gateway  | [perf-request-in] ts_in=1777539092.167024 ts_out=1777539092.168253 gw_proc_ms=1.229 traceId=exp-perf5000-002242-0bddca5c
zt-gateway  | [perf-request-in] ts_in=1777539092.168300 ts_out=1777539092.168978 gw_proc_ms=0.678 traceId=exp-perf5000-002248-bc7ce582
zt-gateway  | [perf-request-in] ts_in=1777539092.168301 ts_out=1777539092.169186 gw_proc_ms=0.885 traceId=exp-perf5000-002244-abfd84de
zt-gateway  | [perf-request-in] ts_in=1777539092.169023 ts_out=1777539092.169754 gw_proc_ms=0.731 traceId=exp-perf5000-002250-c89f9b1d
zt-gateway  | [perf-request-in] ts_in=1777539092.169231 ts_out=1777539092.170361 gw_proc_ms=1.130 traceId=exp-perf5000-002246-e8d5ab24
zt-gateway  | [perf-request-in] ts_in=1777539092.169797 ts_out=1777539092.170627 gw_proc_ms=0.830 traceId=exp-perf5000-002252-0da5a90f
zt-gateway  | [perf-request-in] ts_in=1777539092.170665 ts_out=1777539092.171543 gw_proc_ms=0.878 traceId=exp-perf5000-002253-f712ccd7
zt-gateway  | [perf-request-in] ts_in=1777539092.170401 ts_out=1777539092.171570 gw_proc_ms=1.169 traceId=exp-perf5000-002249-32e217fb
zt-gateway  | [perf-request-in] ts_in=1777539092.171610 ts_out=1777539092.172324 gw_proc_ms=0.714 traceId=exp-perf5000-002257-013d589d
zt-gateway  | [perf-request-in] ts_in=1777539092.171818 ts_out=1777539092.173020 gw_proc_ms=1.202 traceId=exp-perf5000-002251-fc64559d
zt-gateway  | [perf-request-in] ts_in=1777539092.172363 ts_out=1777539092.173055 gw_proc_ms=0.692 traceId=exp-perf5000-002258-6f86de41
zt-gateway  | [perf-request-in] ts_in=1777539092.173084 ts_out=1777539092.173760 gw_proc_ms=0.676 traceId=exp-perf5000-002254-62a1a8e4
zt-gateway  | [perf-request-in] ts_in=1777539092.173093 ts_out=1777539092.173760 gw_proc_ms=0.667 traceId=exp-perf5000-002260-9aab2566
zt-gateway  | [perf-request-in] ts_in=1777539092.173794 ts_out=1777539092.174508 gw_proc_ms=0.714 traceId=exp-perf5000-002262-3821c34b
zt-gateway  | [perf-request-in] ts_in=1777539092.173794 ts_out=1777539092.174706 gw_proc_ms=0.912 traceId=exp-perf5000-002255-c07046df
zt-gateway  | [perf-request-in] ts_in=1777539092.174546 ts_out=1777539092.175294 gw_proc_ms=0.748 traceId=exp-perf5000-002265-c90f4a6c
zt-gateway  | [perf-request-in] ts_in=1777539092.174740 ts_out=1777539092.175430 gw_proc_ms=0.690 traceId=exp-perf5000-002256-1370eac3
zt-gateway  | [perf-request-in] ts_in=1777539092.175322 ts_out=1777539092.175993 gw_proc_ms=0.671 traceId=exp-perf5000-002267-27189505
zt-gateway  | [perf-request-in] ts_in=1777539092.175464 ts_out=1777539092.176079 gw_proc_ms=0.615 traceId=exp-perf5000-002259-5b3863e9
zt-gateway  | [perf-request-in] ts_in=1777539092.176038 ts_out=1777539092.176682 gw_proc_ms=0.644 traceId=exp-perf5000-002268-807e19db
zt-gateway  | [perf-request-in] ts_in=1777539092.176112 ts_out=1777539092.176727 gw_proc_ms=0.615 traceId=exp-perf5000-002261-419a650e
zt-gateway  | [perf-request-in] ts_in=1777539092.176716 ts_out=1777539092.177326 gw_proc_ms=0.610 traceId=exp-perf5000-002270-59b6d351
zt-gateway  | [perf-request-in] ts_in=1777539092.176749 ts_out=1777539092.177346 gw_proc_ms=0.597 traceId=exp-perf5000-002263-809185a5
zt-gateway  | [perf-request-in] ts_in=1777539092.177349 ts_out=1777539092.177976 gw_proc_ms=0.627 traceId=exp-perf5000-002273-9bd5e125
zt-gateway  | [perf-request-in] ts_in=1777539092.177374 ts_out=1777539092.177982 gw_proc_ms=0.608 traceId=exp-perf5000-002264-1c27d39e
zt-gateway  | [perf-request-in] ts_in=1777539092.178008 ts_out=1777539092.178611 gw_proc_ms=0.603 traceId=exp-perf5000-002274-ccce4cc6
zt-gateway  | [perf-request-in] ts_in=1777539092.178010 ts_out=1777539092.178613 gw_proc_ms=0.603 traceId=exp-perf5000-002266-5dbf7bab
zt-gateway  | [perf-request-in] ts_in=1777539092.178649 ts_out=1777539092.179253 gw_proc_ms=0.604 traceId=exp-perf5000-002276-9b4fd19f
zt-gateway  | [perf-request-in] ts_in=1777539092.178648 ts_out=1777539092.179253 gw_proc_ms=0.605 traceId=exp-perf5000-002269-1eda40a2
zt-gateway  | [perf-request-in] ts_in=1777539092.179284 ts_out=1777539092.179893 gw_proc_ms=0.609 traceId=exp-perf5000-002271-1ae2729b
zt-gateway  | [perf-request-in] ts_in=1777539092.179284 ts_out=1777539092.179893 gw_proc_ms=0.609 traceId=exp-perf5000-002279-76edf545
zt-gateway  | [perf-request-in] ts_in=1777539092.179920 ts_out=1777539092.180543 gw_proc_ms=0.623 traceId=exp-perf5000-002281-352cb11e
zt-gateway  | [perf-request-in] ts_in=1777539092.179921 ts_out=1777539092.180543 gw_proc_ms=0.622 traceId=exp-perf5000-002272-6db56047
zt-gateway  | [perf-request-in] ts_in=1777539092.180582 ts_out=1777539092.181246 gw_proc_ms=0.664 traceId=exp-perf5000-002275-3f85de83
zt-gateway  | [perf-request-in] ts_in=1777539092.180581 ts_out=1777539092.181277 gw_proc_ms=0.696 traceId=exp-perf5000-002282-0019e903
zt-gateway  | [perf-request-in] ts_in=1777539092.181283 ts_out=1777539092.181881 gw_proc_ms=0.598 traceId=exp-perf5000-002277-02fc15cd
zt-gateway  | [perf-request-in] ts_in=1777539092.181309 ts_out=1777539092.181913 gw_proc_ms=0.604 traceId=exp-perf5000-002284-ddf99bdb
zt-gateway  | [perf-request-in] ts_in=1777539092.181910 ts_out=1777539092.182501 gw_proc_ms=0.591 traceId=exp-perf5000-002278-af4b5048
zt-gateway  | [perf-request-in] ts_in=1777539092.181938 ts_out=1777539092.182518 gw_proc_ms=0.580 traceId=exp-perf5000-002287-ec81c2a3
zt-gateway  | [perf-request-in] ts_in=1777539092.182536 ts_out=1777539092.183132 gw_proc_ms=0.596 traceId=exp-perf5000-002280-12147953
zt-gateway  | [perf-request-in] ts_in=1777539092.182547 ts_out=1777539092.183139 gw_proc_ms=0.592 traceId=exp-perf5000-002288-b835ce97
zt-gateway  | [perf-request-in] ts_in=1777539092.183158 ts_out=1777539092.183773 gw_proc_ms=0.615 traceId=exp-perf5000-002283-0142a734
zt-gateway  | [perf-request-in] ts_in=1777539092.183163 ts_out=1777539092.183783 gw_proc_ms=0.620 traceId=exp-perf5000-002290-a6c736cc
zt-gateway  | [perf-request-in] ts_in=1777539092.183803 ts_out=1777539092.184388 gw_proc_ms=0.585 traceId=exp-perf5000-002285-c2ea0c4d
zt-gateway  | [perf-request-in] ts_in=1777539092.183809 ts_out=1777539092.184396 gw_proc_ms=0.587 traceId=exp-perf5000-002293-b6c9645f
zt-gateway  | [perf-request-in] ts_in=1777539092.184424 ts_out=1777539092.185055 gw_proc_ms=0.631 traceId=exp-perf5000-002295-7f5cbc38
zt-gateway  | [perf-request-in] ts_in=1777539092.184417 ts_out=1777539092.185055 gw_proc_ms=0.638 traceId=exp-perf5000-002286-513b0354
zt-gateway  | [perf-request-in] ts_in=1777539092.185089 ts_out=1777539092.185712 gw_proc_ms=0.623 traceId=exp-perf5000-002297-d10da238
zt-gateway  | [perf-request-in] ts_in=1777539092.185092 ts_out=1777539092.185723 gw_proc_ms=0.631 traceId=exp-perf5000-002289-bab1663d
zt-gateway  | [perf-request-in] ts_in=1777539092.185749 ts_out=1777539092.186389 gw_proc_ms=0.640 traceId=exp-perf5000-002298-0632e804
zt-gateway  | [perf-request-in] ts_in=1777539092.185759 ts_out=1777539092.186389 gw_proc_ms=0.630 traceId=exp-perf5000-002291-a71e8226
zt-gateway  | [perf-request-in] ts_in=1777539092.186428 ts_out=1777539092.187040 gw_proc_ms=0.612 traceId=exp-perf5000-002292-f7700ce9
zt-gateway  | [perf-request-in] ts_in=1777539092.186429 ts_out=1777539092.187041 gw_proc_ms=0.612 traceId=exp-perf5000-002300-fd0e9707
zt-gateway  | [perf-request-in] ts_in=1777539092.187076 ts_out=1777539092.187698 gw_proc_ms=0.622 traceId=exp-perf5000-002294-07b1a278
zt-gateway  | [perf-request-in] ts_in=1777539092.187073 ts_out=1777539092.187703 gw_proc_ms=0.630 traceId=exp-perf5000-002303-d6dae95b
zt-gateway  | [perf-request-in] ts_in=1777539092.187738 ts_out=1777539092.188350 gw_proc_ms=0.612 traceId=exp-perf5000-002296-d4a3210c
zt-gateway  | [perf-request-in] ts_in=1777539092.187736 ts_out=1777539092.188363 gw_proc_ms=0.627 traceId=exp-perf5000-002304-e21a046d
zt-gateway  | [perf-request-in] ts_in=1777539092.188442 ts_out=1777539092.189125 gw_proc_ms=0.683 traceId=exp-perf5000-002299-89f2e646
zt-gateway  | [perf-request-in] ts_in=1777539092.188391 ts_out=1777539092.189422 gw_proc_ms=1.031 traceId=exp-perf5000-002307-c5a8d19a
zt-gateway  | [perf-request-in] ts_in=1777539092.189158 ts_out=1777539092.189867 gw_proc_ms=0.709 traceId=exp-perf5000-002301-e8a383c1
zt-gateway  | [perf-request-in] ts_in=1777539092.189459 ts_out=1777539092.190548 gw_proc_ms=1.089 traceId=exp-perf5000-002308-513cf322
zt-gateway  | [perf-request-in] ts_in=1777539092.189903 ts_out=1777539092.190578 gw_proc_ms=0.675 traceId=exp-perf5000-002302-e469e943
zt-gateway  | [perf-request-in] ts_in=1777539092.190602 ts_out=1777539092.191231 gw_proc_ms=0.629 traceId=exp-perf5000-002311-a17c7e2a
zt-gateway  | [perf-request-in] ts_in=1777539092.190651 ts_out=1777539092.191259 gw_proc_ms=0.608 traceId=exp-perf5000-002305-a846bace
zt-gateway  | [perf-request-in] ts_in=1777539092.191292 ts_out=1777539092.191973 gw_proc_ms=0.681 traceId=exp-perf5000-002306-0b488583
zt-gateway  | [perf-request-in] ts_in=1777539092.191262 ts_out=1777539092.192080 gw_proc_ms=0.818 traceId=exp-perf5000-002312-6f7f080b
zt-gateway  | [perf-request-in] ts_in=1777539092.192004 ts_out=1777539092.192690 gw_proc_ms=0.686 traceId=exp-perf5000-002309-8ec0abf7
zt-gateway  | [perf-request-in] ts_in=1777539092.192112 ts_out=1777539092.192715 gw_proc_ms=0.603 traceId=exp-perf5000-002315-6f8d48a1
zt-gateway  | [perf-request-in] ts_in=1777539092.192739 ts_out=1777539092.193350 gw_proc_ms=0.611 traceId=exp-perf5000-002317-d1a88b78
zt-gateway  | [perf-request-in] ts_in=1777539092.192714 ts_out=1777539092.193362 gw_proc_ms=0.648 traceId=exp-perf5000-002310-1a1a04db
zt-gateway  | [perf-request-in] ts_in=1777539092.193380 ts_out=1777539092.193997 gw_proc_ms=0.617 traceId=exp-perf5000-002319-e5d59e3f
zt-gateway  | [perf-request-in] ts_in=1777539092.193388 ts_out=1777539092.194075 gw_proc_ms=0.687 traceId=exp-perf5000-002313-0189277a
zt-gateway  | [perf-request-in] ts_in=1777539092.194025 ts_out=1777539092.194634 gw_proc_ms=0.609 traceId=exp-perf5000-002321-9799c041
zt-gateway  | [perf-request-in] ts_in=1777539092.194136 ts_out=1777539092.194902 gw_proc_ms=0.766 traceId=exp-perf5000-002314-56a0f277
zt-gateway  | [perf-request-in] ts_in=1777539092.194670 ts_out=1777539092.195265 gw_proc_ms=0.595 traceId=exp-perf5000-002322-eccf2fc9
zt-gateway  | [perf-request-in] ts_in=1777539092.195292 ts_out=1777539092.195892 gw_proc_ms=0.600 traceId=exp-perf5000-002324-ef98ceb5
zt-gateway  | [perf-request-in] ts_in=1777539092.195920 ts_out=1777539092.196508 gw_proc_ms=0.588 traceId=exp-perf5000-002327-bd9147d2
zt-gateway  | [perf-request-in] ts_in=1777539092.195204 ts_out=1777539092.196991 gw_proc_ms=1.787 traceId=exp-perf5000-002316-46d25594
zt-gateway  | [perf-request-in] ts_in=1777539092.196542 ts_out=1777539092.197176 gw_proc_ms=0.634 traceId=exp-perf5000-002328-8cf523fd
zt-gateway  | [perf-request-in] ts_in=1777539092.197053 ts_out=1777539092.197860 gw_proc_ms=0.807 traceId=exp-perf5000-002318-33138ecb
zt-gateway  | [perf-request-in] ts_in=1777539092.197203 ts_out=1777539092.198049 gw_proc_ms=0.846 traceId=exp-perf5000-002330-1642f157
zt-gateway  | [perf-request-in] ts_in=1777539092.197952 ts_out=1777539092.198659 gw_proc_ms=0.707 traceId=exp-perf5000-002320-b960ca0f
zt-gateway  | [perf-request-in] ts_in=1777539092.198086 ts_out=1777539092.198863 gw_proc_ms=0.777 traceId=exp-perf5000-002331-884fb84f
zt-gateway  | [perf-request-in] ts_in=1777539092.198697 ts_out=1777539092.199403 gw_proc_ms=0.706 traceId=exp-perf5000-002323-bf2286db
zt-gateway  | [perf-request-in] ts_in=1777539092.198888 ts_out=1777539092.199659 gw_proc_ms=0.771 traceId=exp-perf5000-002334-c5401108
zt-gateway  | [perf-request-in] ts_in=1777539092.199443 ts_out=1777539092.200213 gw_proc_ms=0.770 traceId=exp-perf5000-002325-aae4cda2
zt-gateway  | [perf-request-in] ts_in=1777539092.199700 ts_out=1777539092.200431 gw_proc_ms=0.731 traceId=exp-perf5000-002336-0b147f93
zt-gateway  | [perf-request-in] ts_in=1777539092.200252 ts_out=1777539092.200917 gw_proc_ms=0.665 traceId=exp-perf5000-002326-8e0cccbf
zt-gateway  | [perf-request-in] ts_in=1777539092.200460 ts_out=1777539092.201134 gw_proc_ms=0.674 traceId=exp-perf5000-002337-c5fe23bd
zt-gateway  | [perf-request-in] ts_in=1777539092.200959 ts_out=1777539092.201742 gw_proc_ms=0.783 traceId=exp-perf5000-002329-3e05621b
zt-gateway  | [perf-request-in] ts_in=1777539092.201158 ts_out=1777539092.201850 gw_proc_ms=0.692 traceId=exp-perf5000-002339-0a0b66ce
zt-gateway  | [perf-request-in] ts_in=1777539092.201887 ts_out=1777539092.202693 gw_proc_ms=0.806 traceId=exp-perf5000-002341-d843b56f
zt-gateway  | [perf-request-in] ts_in=1777539092.201809 ts_out=1777539092.202711 gw_proc_ms=0.902 traceId=exp-perf5000-002332-67118cbb
zt-gateway  | [perf-request-in] ts_in=1777539092.202726 ts_out=1777539092.203439 gw_proc_ms=0.713 traceId=exp-perf5000-002343-41bceee4
zt-gateway  | [perf-request-in] ts_in=1777539092.202795 ts_out=1777539092.203596 gw_proc_ms=0.801 traceId=exp-perf5000-002333-5c86210d
zt-gateway  | [perf-request-in] ts_in=1777539092.203469 ts_out=1777539092.204221 gw_proc_ms=0.752 traceId=exp-perf5000-002345-714a5aae
zt-gateway  | [perf-request-in] ts_in=1777539092.203669 ts_out=1777539092.204512 gw_proc_ms=0.843 traceId=exp-perf5000-002335-f042ae86
zt-gateway  | [perf-request-in] ts_in=1777539092.204251 ts_out=1777539092.204960 gw_proc_ms=0.709 traceId=exp-perf5000-002346-4435a1f0
zt-gateway  | [perf-request-in] ts_in=1777539092.204588 ts_out=1777539092.205337 gw_proc_ms=0.749 traceId=exp-perf5000-002338-8c7531ad
zt-gateway  | [perf-request-in] ts_in=1777539092.204993 ts_out=1777539092.205719 gw_proc_ms=0.726 traceId=exp-perf5000-002348-e1736c27
zt-gateway  | [perf-request-in] ts_in=1777539092.205412 ts_out=1777539092.206361 gw_proc_ms=0.949 traceId=exp-perf5000-002340-f63d954c
zt-gateway  | [perf-request-in] ts_in=1777539092.205758 ts_out=1777539092.206631 gw_proc_ms=0.873 traceId=exp-perf5000-002350-4f7d691c
zt-gateway  | [perf-request-in] ts_in=1777539092.206411 ts_out=1777539092.207302 gw_proc_ms=0.891 traceId=exp-perf5000-002342-f022fba8
zt-gateway  | [perf-request-in] ts_in=1777539092.206666 ts_out=1777539092.207456 gw_proc_ms=0.790 traceId=exp-perf5000-002352-97047405
zt-gateway  | [perf-request-in] ts_in=1777539092.207339 ts_out=1777539092.208260 gw_proc_ms=0.921 traceId=exp-perf5000-002344-f351f24f
zt-gateway  | [perf-request-in] ts_in=1777539092.207493 ts_out=1777539092.208709 gw_proc_ms=1.216 traceId=exp-perf5000-002353-85df85f2
zt-gateway  | [perf-request-in] ts_in=1777539092.208295 ts_out=1777539092.209156 gw_proc_ms=0.861 traceId=exp-perf5000-002347-cbece565
zt-gateway  | [perf-request-in] ts_in=1777539092.208754 ts_out=1777539092.209518 gw_proc_ms=0.764 traceId=exp-perf5000-002354-b6102ad9
zt-gateway  | [perf-request-in] ts_in=1777539092.209213 ts_out=1777539092.209956 gw_proc_ms=0.743 traceId=exp-perf5000-002349-444b447d
zt-gateway  | [perf-request-in] ts_in=1777539092.209555 ts_out=1777539092.210325 gw_proc_ms=0.770 traceId=exp-perf5000-002356-83a23113
zt-gateway  | [perf-request-in] ts_in=1777539092.210025 ts_out=1777539092.210785 gw_proc_ms=0.760 traceId=exp-perf5000-002351-ed8c33a6
zt-gateway  | [perf-request-in] ts_in=1777539092.210364 ts_out=1777539092.211134 gw_proc_ms=0.770 traceId=exp-perf5000-002358-088eb515
zt-gateway  | [perf-request-in] ts_in=1777539092.210854 ts_out=1777539092.211627 gw_proc_ms=0.773 traceId=exp-perf5000-002355-657aa23f
zt-gateway  | [perf-request-in] ts_in=1777539092.211170 ts_out=1777539092.211943 gw_proc_ms=0.773 traceId=exp-perf5000-002360-5e4a350e
zt-gateway  | [perf-request-in] ts_in=1777539092.211723 ts_out=1777539092.212494 gw_proc_ms=0.771 traceId=exp-perf5000-002357-09e400d2
zt-gateway  | [perf-request-in] ts_in=1777539092.211980 ts_out=1777539092.212732 gw_proc_ms=0.752 traceId=exp-perf5000-002362-59fc7e75
zt-gateway  | [perf-request-in] ts_in=1777539092.212768 ts_out=1777539092.213444 gw_proc_ms=0.676 traceId=exp-perf5000-002364-f85c6767
zt-gateway  | [perf-request-in] ts_in=1777539092.212549 ts_out=1777539092.213584 gw_proc_ms=1.035 traceId=exp-perf5000-002359-b67e26a2
zt-gateway  | [perf-request-in] ts_in=1777539092.213477 ts_out=1777539092.214110 gw_proc_ms=0.633 traceId=exp-perf5000-002366-9669dd53
zt-gateway  | [perf-request-in] ts_in=1777539092.213621 ts_out=1777539092.214301 gw_proc_ms=0.680 traceId=exp-perf5000-002361-04ce173c
zt-gateway  | [perf-request-in] ts_in=1777539092.214147 ts_out=1777539092.214777 gw_proc_ms=0.630 traceId=exp-perf5000-002368-391e0304
zt-gateway  | [perf-request-in] ts_in=1777539092.214368 ts_out=1777539092.215025 gw_proc_ms=0.657 traceId=exp-perf5000-002363-baf5cbd4
zt-gateway  | [perf-request-in] ts_in=1777539092.214814 ts_out=1777539092.215435 gw_proc_ms=0.621 traceId=exp-perf5000-002370-66a27867
zt-gateway  | [perf-request-in] ts_in=1777539092.215057 ts_out=1777539092.215758 gw_proc_ms=0.701 traceId=exp-perf5000-002365-ab5fafca
zt-gateway  | [perf-request-in] ts_in=1777539092.215477 ts_out=1777539092.216093 gw_proc_ms=0.616 traceId=exp-perf5000-002373-b66bfc53
zt-gateway  | [perf-request-in] ts_in=1777539092.215787 ts_out=1777539092.216438 gw_proc_ms=0.651 traceId=exp-perf5000-002367-e59fcc9e
zt-gateway  | [perf-request-in] ts_in=1777539092.216123 ts_out=1777539092.216748 gw_proc_ms=0.625 traceId=exp-perf5000-002375-97f1fb63
zt-gateway  | [perf-request-in] ts_in=1777539092.216468 ts_out=1777539092.217156 gw_proc_ms=0.688 traceId=exp-perf5000-002369-a5333444
zt-gateway  | [perf-request-in] ts_in=1777539092.216791 ts_out=1777539092.217413 gw_proc_ms=0.622 traceId=exp-perf5000-002376-7ffdc09b
zt-gateway  | [perf-request-in] ts_in=1777539092.217257 ts_out=1777539092.218038 gw_proc_ms=0.781 traceId=exp-perf5000-002371-bde125e1
zt-gateway  | [perf-request-in] ts_in=1777539092.217779 ts_out=1777539092.218648 gw_proc_ms=0.869 traceId=exp-perf5000-002379-43171774
zt-gateway  | [perf-request-in] ts_in=1777539092.218084 ts_out=1777539092.218813 gw_proc_ms=0.729 traceId=exp-perf5000-002372-e3495b17
zt-gateway  | [perf-request-in] ts_in=1777539092.218692 ts_out=1777539092.219325 gw_proc_ms=0.633 traceId=exp-perf5000-002381-8ffbf9e3
zt-gateway  | [perf-request-in] ts_in=1777539092.218857 ts_out=1777539092.219597 gw_proc_ms=0.740 traceId=exp-perf5000-002374-712b2b56
zt-gateway  | [perf-request-in] ts_in=1777539092.219365 ts_out=1777539092.220167 gw_proc_ms=0.802 traceId=exp-perf5000-002383-6e50b815
zt-gateway  | [perf-request-in] ts_in=1777539092.219658 ts_out=1777539092.220536 gw_proc_ms=0.878 traceId=exp-perf5000-002377-c5336b55
zt-gateway  | [perf-request-in] ts_in=1777539092.220218 ts_out=1777539092.220892 gw_proc_ms=0.674 traceId=exp-perf5000-002384-340a9a92
zt-gateway  | [perf-request-in] ts_in=1777539092.220588 ts_out=1777539092.221272 gw_proc_ms=0.684 traceId=exp-perf5000-002378-205174b5
zt-gateway  | [perf-request-in] ts_in=1777539092.221083 ts_out=1777539092.221835 gw_proc_ms=0.752 traceId=exp-perf5000-002387-2798ea69
zt-gateway  | [perf-request-in] ts_in=1777539092.221308 ts_out=1777539092.222163 gw_proc_ms=0.855 traceId=exp-perf5000-002380-e5e1f586
zt-gateway  | [perf-request-in] ts_in=1777539092.221873 ts_out=1777539092.222492 gw_proc_ms=0.619 traceId=exp-perf5000-002389-8de71dc5
zt-gateway  | [perf-request-in] ts_in=1777539092.222256 ts_out=1777539092.222903 gw_proc_ms=0.647 traceId=exp-perf5000-002382-88f77b42
zt-gateway  | [perf-request-in] ts_in=1777539092.222532 ts_out=1777539092.223164 gw_proc_ms=0.632 traceId=exp-perf5000-002391-9b2f3768
zt-gateway  | [perf-request-in] ts_in=1777539092.222943 ts_out=1777539092.223629 gw_proc_ms=0.686 traceId=exp-perf5000-002385-8de11c33
zt-gateway  | [perf-request-in] ts_in=1777539092.223204 ts_out=1777539092.223831 gw_proc_ms=0.627 traceId=exp-perf5000-002393-bdf22f4c
zt-gateway  | [perf-request-in] ts_in=1777539092.223715 ts_out=1777539092.224337 gw_proc_ms=0.622 traceId=exp-perf5000-002386-5bf9ed25
zt-gateway  | [perf-request-in] ts_in=1777539092.223864 ts_out=1777539092.224457 gw_proc_ms=0.593 traceId=exp-perf5000-002395-fa77aadf
zt-gateway  | [perf-request-in] ts_in=1777539092.224385 ts_out=1777539092.225065 gw_proc_ms=0.680 traceId=exp-perf5000-002388-b8dd2355
zt-gateway  | [perf-request-in] ts_in=1777539092.224490 ts_out=1777539092.225097 gw_proc_ms=0.607 traceId=exp-perf5000-002397-dd9dc476
zt-gateway  | [perf-request-in] ts_in=1777539092.225120 ts_out=1777539092.225726 gw_proc_ms=0.606 traceId=exp-perf5000-002399-1f806bf1
zt-gateway  | [perf-request-in] ts_in=1777539092.225092 ts_out=1777539092.225813 gw_proc_ms=0.721 traceId=exp-perf5000-002390-ef08d1f0
zt-gateway  | [perf-request-in] ts_in=1777539092.225765 ts_out=1777539092.226354 gw_proc_ms=0.589 traceId=exp-perf5000-002401-8f5e1ecc
zt-gateway  | [perf-request-in] ts_in=1777539092.225837 ts_out=1777539092.226476 gw_proc_ms=0.639 traceId=exp-perf5000-002392-4e9010a7
zt-gateway  | [perf-request-in] ts_in=1777539092.226385 ts_out=1777539092.226994 gw_proc_ms=0.609 traceId=exp-perf5000-002403-4a973d47
zt-gateway  | [perf-request-in] ts_in=1777539092.226529 ts_out=1777539092.227220 gw_proc_ms=0.691 traceId=exp-perf5000-002394-365e579b
zt-gateway  | [perf-request-in] ts_in=1777539092.227127 ts_out=1777539092.227782 gw_proc_ms=0.655 traceId=exp-perf5000-002405-8f62b235
zt-gateway  | [perf-request-in] ts_in=1777539092.227253 ts_out=1777539092.227966 gw_proc_ms=0.713 traceId=exp-perf5000-002396-0a429904
zt-gateway  | [perf-request-in] ts_in=1777539092.227817 ts_out=1777539092.228431 gw_proc_ms=0.614 traceId=exp-perf5000-002407-c2947c54
zt-gateway  | [perf-request-in] ts_in=1777539092.228002 ts_out=1777539092.228678 gw_proc_ms=0.676 traceId=exp-perf5000-002398-4a099350
zt-gateway  | [perf-request-in] ts_in=1777539092.228462 ts_out=1777539092.229096 gw_proc_ms=0.634 traceId=exp-perf5000-002409-f49a08c2
zt-gateway  | [perf-request-in] ts_in=1777539092.228713 ts_out=1777539092.229387 gw_proc_ms=0.674 traceId=exp-perf5000-002400-11cc5b2f
zt-gateway  | [perf-request-in] ts_in=1777539092.229136 ts_out=1777539092.229753 gw_proc_ms=0.617 traceId=exp-perf5000-002410-8fb8ca29
zt-gateway  | [perf-request-in] ts_in=1777539092.229416 ts_out=1777539092.230092 gw_proc_ms=0.676 traceId=exp-perf5000-002402-f69f05c1
zt-gateway  | [perf-request-in] ts_in=1777539092.229784 ts_out=1777539092.230397 gw_proc_ms=0.613 traceId=exp-perf5000-002411-0dcecbe6
zt-gateway  | [perf-request-in] ts_in=1777539092.230125 ts_out=1777539092.230847 gw_proc_ms=0.722 traceId=exp-perf5000-002404-47ef5566
zt-gateway  | [perf-request-in] ts_in=1777539092.230435 ts_out=1777539092.231118 gw_proc_ms=0.683 traceId=exp-perf5000-002416-f379f4d0
zt-gateway  | [perf-request-in] ts_in=1777539092.230885 ts_out=1777539092.231541 gw_proc_ms=0.656 traceId=exp-perf5000-002406-3d1d8d26
zt-gateway  | [perf-request-in] ts_in=1777539092.231157 ts_out=1777539092.231772 gw_proc_ms=0.615 traceId=exp-perf5000-002417-0f0cd316
zt-gateway  | [perf-request-in] ts_in=1777539092.231582 ts_out=1777539092.232263 gw_proc_ms=0.681 traceId=exp-perf5000-002408-600f7410
zt-gateway  | [perf-request-in] ts_in=1777539092.231799 ts_out=1777539092.232412 gw_proc_ms=0.613 traceId=exp-perf5000-002418-cd63fb82
zt-gateway  | [perf-request-in] ts_in=1777539092.232296 ts_out=1777539092.232996 gw_proc_ms=0.700 traceId=exp-perf5000-002412-407958d5
zt-gateway  | [perf-request-in] ts_in=1777539092.232449 ts_out=1777539092.233093 gw_proc_ms=0.644 traceId=exp-perf5000-002419-e39478a8
zt-gateway  | [perf-request-in] ts_in=1777539092.233031 ts_out=1777539092.233752 gw_proc_ms=0.721 traceId=exp-perf5000-002413-1ee21a99
zt-gateway  | [perf-request-in] ts_in=1777539092.233131 ts_out=1777539092.233767 gw_proc_ms=0.636 traceId=exp-perf5000-002420-8e7a6767
zt-gateway  | [perf-request-in] ts_in=1777539092.233794 ts_out=1777539092.234389 gw_proc_ms=0.595 traceId=exp-perf5000-002423-f97a9f23
zt-gateway  | [perf-request-in] ts_in=1777539092.233787 ts_out=1777539092.234415 gw_proc_ms=0.628 traceId=exp-perf5000-002414-dbbf5ee6
zt-gateway  | [perf-request-in] ts_in=1777539092.234423 ts_out=1777539092.235033 gw_proc_ms=0.610 traceId=exp-perf5000-002429-3b8219ce
zt-gateway  | [perf-request-in] ts_in=1777539092.234468 ts_out=1777539092.235076 gw_proc_ms=0.608 traceId=exp-perf5000-002415-8d630404
zt-gateway  | [perf-request-in] ts_in=1777539092.235066 ts_out=1777539092.235665 gw_proc_ms=0.599 traceId=exp-perf5000-002430-355a6456
zt-gateway  | [perf-request-in] ts_in=1777539092.235144 ts_out=1777539092.235756 gw_proc_ms=0.612 traceId=exp-perf5000-002421-49264275
zt-gateway  | [perf-request-in] ts_in=1777539092.235686 ts_out=1777539092.236278 gw_proc_ms=0.592 traceId=exp-perf5000-002431-0d30ed20
zt-gateway  | [perf-request-in] ts_in=1777539092.235809 ts_out=1777539092.236430 gw_proc_ms=0.621 traceId=exp-perf5000-002422-be1f8b64
zt-gateway  | [perf-request-in] ts_in=1777539092.236312 ts_out=1777539092.236931 gw_proc_ms=0.619 traceId=exp-perf5000-002432-f5be9a4d
zt-gateway  | [perf-request-in] ts_in=1777539092.236489 ts_out=1777539092.237143 gw_proc_ms=0.654 traceId=exp-perf5000-002424-d16e4d72
zt-gateway  | [perf-request-in] ts_in=1777539092.236967 ts_out=1777539092.237591 gw_proc_ms=0.624 traceId=exp-perf5000-002434-e6793617
zt-gateway  | [perf-request-in] ts_in=1777539092.237176 ts_out=1777539092.237851 gw_proc_ms=0.675 traceId=exp-perf5000-002425-b49dd318
zt-gateway  | [perf-request-in] ts_in=1777539092.237616 ts_out=1777539092.238209 gw_proc_ms=0.593 traceId=exp-perf5000-002435-47673c04
zt-gateway  | [perf-request-in] ts_in=1777539092.237912 ts_out=1777539092.238527 gw_proc_ms=0.615 traceId=exp-perf5000-002426-6921e7f3
zt-gateway  | [perf-request-in] ts_in=1777539092.238240 ts_out=1777539092.238842 gw_proc_ms=0.602 traceId=exp-perf5000-002436-ae8ccba6
zt-gateway  | [perf-request-in] ts_in=1777539092.238559 ts_out=1777539092.239221 gw_proc_ms=0.662 traceId=exp-perf5000-002427-9d81c082
zt-gateway  | [perf-request-in] ts_in=1777539092.238875 ts_out=1777539092.239463 gw_proc_ms=0.588 traceId=exp-perf5000-002438-2ddd58e7
zt-gateway  | [perf-request-in] ts_in=1777539092.239252 ts_out=1777539092.239906 gw_proc_ms=0.654 traceId=exp-perf5000-002428-a2cb1bd5
zt-gateway  | [perf-request-in] ts_in=1777539092.239496 ts_out=1777539092.240107 gw_proc_ms=0.611 traceId=exp-perf5000-002440-ed057abe
zt-gateway  | [perf-request-in] ts_in=1777539092.239939 ts_out=1777539092.240638 gw_proc_ms=0.699 traceId=exp-perf5000-002433-b74164f1
zt-gateway  | [perf-request-in] ts_in=1777539092.240140 ts_out=1777539092.240742 gw_proc_ms=0.602 traceId=exp-perf5000-002442-5c5240db
zt-gateway  | [perf-request-in] ts_in=1777539092.240670 ts_out=1777539092.241287 gw_proc_ms=0.617 traceId=exp-perf5000-002437-aa07d734
zt-gateway  | [perf-request-in] ts_in=1777539092.240770 ts_out=1777539092.241329 gw_proc_ms=0.559 traceId=exp-perf5000-002444-f0189d5b
zt-gateway  | [perf-request-in] ts_in=1777539092.241354 ts_out=1777539092.241968 gw_proc_ms=0.614 traceId=exp-perf5000-002446-305eed34
zt-gateway  | [perf-request-in] ts_in=1777539092.241315 ts_out=1777539092.241968 gw_proc_ms=0.653 traceId=exp-perf5000-002439-cd8ca7bf
zt-gateway  | [perf-request-in] ts_in=1777539092.242007 ts_out=1777539092.242607 gw_proc_ms=0.600 traceId=exp-perf5000-002448-c1ea3fc1
zt-gateway  | [perf-request-in] ts_in=1777539092.242007 ts_out=1777539092.242642 gw_proc_ms=0.635 traceId=exp-perf5000-002441-c241b29e
zt-gateway  | [perf-request-in] ts_in=1777539092.242629 ts_out=1777539092.243228 gw_proc_ms=0.599 traceId=exp-perf5000-002451-dc67ccdc
zt-gateway  | [perf-request-in] ts_in=1777539092.242666 ts_out=1777539092.243328 gw_proc_ms=0.662 traceId=exp-perf5000-002443-095fd95f
zt-gateway  | [perf-request-in] ts_in=1777539092.243266 ts_out=1777539092.243880 gw_proc_ms=0.614 traceId=exp-perf5000-002452-3320a4dd
zt-gateway  | [perf-request-in] ts_in=1777539092.243362 ts_out=1777539092.244021 gw_proc_ms=0.659 traceId=exp-perf5000-002445-9e6be5d1
zt-gateway  | [perf-request-in] ts_in=1777539092.243911 ts_out=1777539092.244497 gw_proc_ms=0.586 traceId=exp-perf5000-002454-dac8bb41
zt-gateway  | [perf-request-in] ts_in=1777539092.244097 ts_out=1777539092.244719 gw_proc_ms=0.622 traceId=exp-perf5000-002447-07cfa9e8
zt-gateway  | [perf-request-in] ts_in=1777539092.244531 ts_out=1777539092.245113 gw_proc_ms=0.582 traceId=exp-perf5000-002456-06a28cbd
zt-gateway  | [perf-request-in] ts_in=1777539092.244751 ts_out=1777539092.245383 gw_proc_ms=0.632 traceId=exp-perf5000-002450-43809748
zt-gateway  | [perf-request-in] ts_in=1777539092.245143 ts_out=1777539092.245735 gw_proc_ms=0.592 traceId=exp-perf5000-002458-cec57fe0
zt-gateway  | [perf-request-in] ts_in=1777539092.245409 ts_out=1777539092.246061 gw_proc_ms=0.652 traceId=exp-perf5000-002449-d0d9adad
zt-gateway  | [perf-request-in] ts_in=1777539092.245767 ts_out=1777539092.246339 gw_proc_ms=0.572 traceId=exp-perf5000-002460-da8c3e5b
zt-gateway  | [perf-request-in] ts_in=1777539092.246089 ts_out=1777539092.246727 gw_proc_ms=0.638 traceId=exp-perf5000-002453-3e937b62
zt-gateway  | [perf-request-in] ts_in=1777539092.246370 ts_out=1777539092.246957 gw_proc_ms=0.587 traceId=exp-perf5000-002461-b986091e
zt-gateway  | [perf-request-in] ts_in=1777539092.246761 ts_out=1777539092.247420 gw_proc_ms=0.659 traceId=exp-perf5000-002455-21ce6276
zt-gateway  | [perf-request-in] ts_in=1777539092.247235 ts_out=1777539092.247949 gw_proc_ms=0.714 traceId=exp-perf5000-002463-ef2fa278
zt-gateway  | [perf-request-in] ts_in=1777539092.247452 ts_out=1777539092.248120 gw_proc_ms=0.668 traceId=exp-perf5000-002457-addb8117
zt-gateway  | [perf-request-in] ts_in=1777539092.248006 ts_out=1777539092.248684 gw_proc_ms=0.678 traceId=exp-perf5000-002465-3b54d0d1
zt-gateway  | [perf-request-in] ts_in=1777539092.248152 ts_out=1777539092.248835 gw_proc_ms=0.683 traceId=exp-perf5000-002459-5d00a578
zt-gateway  | [perf-request-in] ts_in=1777539092.248731 ts_out=1777539092.249359 gw_proc_ms=0.628 traceId=exp-perf5000-002467-56b914c7
zt-gateway  | [perf-request-in] ts_in=1777539092.248872 ts_out=1777539092.249501 gw_proc_ms=0.629 traceId=exp-perf5000-002462-c656756e
zt-gateway  | [perf-request-in] ts_in=1777539092.249399 ts_out=1777539092.250054 gw_proc_ms=0.655 traceId=exp-perf5000-002469-28546ab7
zt-gateway  | [perf-request-in] ts_in=1777539092.249536 ts_out=1777539092.250229 gw_proc_ms=0.693 traceId=exp-perf5000-002464-10040f0d
zt-gateway  | [perf-request-in] ts_in=1777539092.250098 ts_out=1777539092.250748 gw_proc_ms=0.650 traceId=exp-perf5000-002471-2b77213b
zt-gateway  | [perf-request-in] ts_in=1777539092.250372 ts_out=1777539092.251036 gw_proc_ms=0.664 traceId=exp-perf5000-002466-429dbbc2
zt-gateway  | [perf-request-in] ts_in=1777539092.250790 ts_out=1777539092.251382 gw_proc_ms=0.592 traceId=exp-perf5000-002473-c0f24022
zt-gateway  | [perf-request-in] ts_in=1777539092.251099 ts_out=1777539092.251695 gw_proc_ms=0.596 traceId=exp-perf5000-002468-79553ae7
zt-gateway  | [perf-request-in] ts_in=1777539092.251420 ts_out=1777539092.252043 gw_proc_ms=0.623 traceId=exp-perf5000-002475-07807bff
zt-gateway  | [perf-request-in] ts_in=1777539092.251730 ts_out=1777539092.252422 gw_proc_ms=0.692 traceId=exp-perf5000-002470-ab0b4920
zt-gateway  | [perf-request-in] ts_in=1777539092.252090 ts_out=1777539092.252744 gw_proc_ms=0.654 traceId=exp-perf5000-002477-308cd45a
zt-gateway  | [perf-request-in] ts_in=1777539092.252496 ts_out=1777539092.253171 gw_proc_ms=0.675 traceId=exp-perf5000-002472-3fb59395
zt-gateway  | [perf-request-in] ts_in=1777539092.252781 ts_out=1777539092.253444 gw_proc_ms=0.663 traceId=exp-perf5000-002479-3b091bad
zt-gateway  | [perf-request-in] ts_in=1777539092.253210 ts_out=1777539092.253997 gw_proc_ms=0.787 traceId=exp-perf5000-002474-31052128
zt-gateway  | [perf-request-in] ts_in=1777539092.253487 ts_out=1777539092.254122 gw_proc_ms=0.635 traceId=exp-perf5000-002481-0260e386
zt-gateway  | [perf-request-in] ts_in=1777539092.254022 ts_out=1777539092.254743 gw_proc_ms=0.721 traceId=exp-perf5000-002476-dffbc50a
zt-gateway  | [perf-request-in] ts_in=1777539092.254162 ts_out=1777539092.254804 gw_proc_ms=0.642 traceId=exp-perf5000-002483-ceebb301
zt-gateway  | [perf-request-in] ts_in=1777539092.254772 ts_out=1777539092.255425 gw_proc_ms=0.653 traceId=exp-perf5000-002478-05ff5d13
zt-gateway  | [perf-request-in] ts_in=1777539092.254850 ts_out=1777539092.255459 gw_proc_ms=0.609 traceId=exp-perf5000-002485-19edb513
zt-gateway  | [perf-request-in] ts_in=1777539092.255457 ts_out=1777539092.256108 gw_proc_ms=0.651 traceId=exp-perf5000-002480-cf07cc34
zt-gateway  | [perf-request-in] ts_in=1777539092.255493 ts_out=1777539092.256123 gw_proc_ms=0.630 traceId=exp-perf5000-002487-aa98292d
zt-gateway  | [perf-request-in] ts_in=1777539092.256139 ts_out=1777539092.256820 gw_proc_ms=0.681 traceId=exp-perf5000-002482-641e948b
zt-gateway  | [perf-request-in] ts_in=1777539092.256155 ts_out=1777539092.256854 gw_proc_ms=0.699 traceId=exp-perf5000-002489-8c0b5b8e
zt-gateway  | [perf-request-in] ts_in=1777539092.256856 ts_out=1777539092.257493 gw_proc_ms=0.637 traceId=exp-perf5000-002484-25ea3dc6
zt-gateway  | [perf-request-in] ts_in=1777539092.256889 ts_out=1777539092.257507 gw_proc_ms=0.618 traceId=exp-perf5000-002491-365029d3
zt-gateway  | [perf-request-in] ts_in=1777539092.257538 ts_out=1777539092.258223 gw_proc_ms=0.685 traceId=exp-perf5000-002493-e4aa04a1
zt-gateway  | [perf-request-in] ts_in=1777539092.257525 ts_out=1777539092.258310 gw_proc_ms=0.785 traceId=exp-perf5000-002486-4385afbe
zt-gateway  | [perf-request-in] ts_in=1777539092.258268 ts_out=1777539092.258930 gw_proc_ms=0.662 traceId=exp-perf5000-002495-9727736d
zt-gateway  | [perf-request-in] ts_in=1777539092.258390 ts_out=1777539092.259287 gw_proc_ms=0.897 traceId=exp-perf5000-002488-5b8de58a
zt-gateway  | [perf-request-in] ts_in=1777539092.258972 ts_out=1777539092.259669 gw_proc_ms=0.697 traceId=exp-perf5000-002496-b216456c
zt-gateway  | [perf-request-in] ts_in=1777539092.259322 ts_out=1777539092.260040 gw_proc_ms=0.718 traceId=exp-perf5000-002490-7833fa31
zt-gateway  | [perf-request-in] ts_in=1777539092.260078 ts_out=1777539092.260765 gw_proc_ms=0.687 traceId=exp-perf5000-002492-062b6b4f
zt-gateway  | [perf-request-in] ts_in=1777539092.259698 ts_out=1777539092.260792 gw_proc_ms=1.094 traceId=exp-perf5000-002498-b2ad3946
zt-gateway  | [perf-request-in] ts_in=1777539092.260852 ts_out=1777539092.261478 gw_proc_ms=0.626 traceId=exp-perf5000-002494-0a26ec9c
zt-gateway  | [perf-request-in] ts_in=1777539092.260850 ts_out=1777539092.262255 gw_proc_ms=1.405 traceId=exp-perf5000-002500-d8882aee
zt-gateway  | [perf-request-in] ts_in=1777539092.261512 ts_out=1777539092.262413 gw_proc_ms=0.901 traceId=exp-perf5000-002497-8c5439d6
zt-gateway  | [perf-request-in] ts_in=1777539092.262295 ts_out=1777539092.263224 gw_proc_ms=0.929 traceId=exp-perf5000-002502-a345a349
zt-gateway  | [perf-request-in] ts_in=1777539092.262491 ts_out=1777539092.263265 gw_proc_ms=0.774 traceId=exp-perf5000-002499-7dff994f
zt-gateway  | [perf-request-in] ts_in=1777539092.263264 ts_out=1777539092.263997 gw_proc_ms=0.733 traceId=exp-perf5000-002504-11a39398
zt-gateway  | [perf-request-in] ts_in=1777539092.263343 ts_out=1777539092.264162 gw_proc_ms=0.819 traceId=exp-perf5000-002501-79ef4907
zt-gateway  | [perf-request-in] ts_in=1777539092.264032 ts_out=1777539092.264630 gw_proc_ms=0.598 traceId=exp-perf5000-002506-d941e9c4
zt-gateway  | [perf-request-in] ts_in=1777539092.264191 ts_out=1777539092.264813 gw_proc_ms=0.622 traceId=exp-perf5000-002503-09ea9bb5
zt-gateway  | [perf-request-in] ts_in=1777539092.264656 ts_out=1777539092.265231 gw_proc_ms=0.575 traceId=exp-perf5000-002508-473a606b
zt-gateway  | [perf-request-in] ts_in=1777539092.264843 ts_out=1777539092.265427 gw_proc_ms=0.584 traceId=exp-perf5000-002505-1d0b47a5
zt-gateway  | [perf-request-in] ts_in=1777539092.265261 ts_out=1777539092.265855 gw_proc_ms=0.594 traceId=exp-perf5000-002510-5805a2c0
zt-gateway  | [perf-request-in] ts_in=1777539092.265458 ts_out=1777539092.266070 gw_proc_ms=0.612 traceId=exp-perf5000-002507-df84d6b6
zt-gateway  | [perf-request-in] ts_in=1777539092.265878 ts_out=1777539092.266456 gw_proc_ms=0.578 traceId=exp-perf5000-002512-e48d602c
zt-gateway  | [perf-request-in] ts_in=1777539092.266095 ts_out=1777539092.266771 gw_proc_ms=0.676 traceId=exp-perf5000-002509-843cf69d
zt-gateway  | [perf-request-in] ts_in=1777539092.266484 ts_out=1777539092.267082 gw_proc_ms=0.598 traceId=exp-perf5000-002514-26d4188a
zt-gateway  | [perf-request-in] ts_in=1777539092.266807 ts_out=1777539092.267468 gw_proc_ms=0.661 traceId=exp-perf5000-002511-f6603147
zt-gateway  | [perf-request-in] ts_in=1777539092.267113 ts_out=1777539092.267696 gw_proc_ms=0.583 traceId=exp-perf5000-002516-080e8e9b
zt-gateway  | [perf-request-in] ts_in=1777539092.267501 ts_out=1777539092.268187 gw_proc_ms=0.686 traceId=exp-perf5000-002513-7eb19ca6
zt-gateway  | [perf-request-in] ts_in=1777539092.267753 ts_out=1777539092.268344 gw_proc_ms=0.591 traceId=exp-perf5000-002517-f6ad1b91
zt-gateway  | [perf-request-in] ts_in=1777539092.268219 ts_out=1777539092.268929 gw_proc_ms=0.710 traceId=exp-perf5000-002515-c1eef431
zt-gateway  | [perf-request-in] ts_in=1777539092.268380 ts_out=1777539092.269003 gw_proc_ms=0.623 traceId=exp-perf5000-002520-b717cf21
zt-gateway  | [perf-request-in] ts_in=1777539092.268958 ts_out=1777539092.269543 gw_proc_ms=0.585 traceId=exp-perf5000-002518-5a2a42df
zt-gateway  | [perf-request-in] ts_in=1777539092.269034 ts_out=1777539092.269620 gw_proc_ms=0.586 traceId=exp-perf5000-002521-e58dd5eb
zt-gateway  | [perf-request-in] ts_in=1777539092.269586 ts_out=1777539092.270185 gw_proc_ms=0.599 traceId=exp-perf5000-002519-064ac97e
zt-gateway  | [perf-request-in] ts_in=1777539092.269648 ts_out=1777539092.270234 gw_proc_ms=0.586 traceId=exp-perf5000-002523-8dc98cc0
zt-gateway  | [perf-request-in] ts_in=1777539092.270223 ts_out=1777539092.270812 gw_proc_ms=0.589 traceId=exp-perf5000-002522-fa3bf04d
zt-gateway  | [perf-request-in] ts_in=1777539092.270257 ts_out=1777539092.270832 gw_proc_ms=0.575 traceId=exp-perf5000-002525-eb8e0dd6
zt-gateway  | [perf-request-in] ts_in=1777539092.270848 ts_out=1777539092.271437 gw_proc_ms=0.589 traceId=exp-perf5000-002524-e9c60dab
zt-gateway  | [perf-request-in] ts_in=1777539092.270904 ts_out=1777539092.271464 gw_proc_ms=0.560 traceId=exp-perf5000-002527-0289a8cb
zt-gateway  | [perf-request-in] ts_in=1777539092.271468 ts_out=1777539092.272070 gw_proc_ms=0.602 traceId=exp-perf5000-002526-08375560
zt-gateway  | [perf-request-in] ts_in=1777539092.271494 ts_out=1777539092.272094 gw_proc_ms=0.600 traceId=exp-perf5000-002529-184f7275
zt-gateway  | [perf-request-in] ts_in=1777539092.272097 ts_out=1777539092.272715 gw_proc_ms=0.618 traceId=exp-perf5000-002528-145db20f
zt-gateway  | [perf-request-in] ts_in=1777539092.272122 ts_out=1777539092.272730 gw_proc_ms=0.608 traceId=exp-perf5000-002531-a8dd9892
zt-gateway  | [perf-request-in] ts_in=1777539092.272753 ts_out=1777539092.273370 gw_proc_ms=0.617 traceId=exp-perf5000-002533-6eb0590f
zt-gateway  | [perf-request-in] ts_in=1777539092.272743 ts_out=1777539092.273370 gw_proc_ms=0.627 traceId=exp-perf5000-002530-977a5aeb
zt-gateway  | [perf-request-in] ts_in=1777539092.273405 ts_out=1777539092.274017 gw_proc_ms=0.612 traceId=exp-perf5000-002535-30cd5a00
zt-gateway  | [perf-request-in] ts_in=1777539092.273401 ts_out=1777539092.274017 gw_proc_ms=0.616 traceId=exp-perf5000-002532-1b88c539
zt-gateway  | [perf-request-in] ts_in=1777539092.274039 ts_out=1777539092.274785 gw_proc_ms=0.746 traceId=exp-perf5000-002534-74c592e7
zt-gateway  | [perf-request-in] ts_in=1777539092.274070 ts_out=1777539092.274887 gw_proc_ms=0.817 traceId=exp-perf5000-002537-5d4c3bd2
zt-gateway  | [perf-request-in] ts_in=1777539092.274816 ts_out=1777539092.275586 gw_proc_ms=0.770 traceId=exp-perf5000-002536-10362516
zt-gateway  | [perf-request-in] ts_in=1777539092.274927 ts_out=1777539092.275690 gw_proc_ms=0.763 traceId=exp-perf5000-002539-e5aa1fce
zt-gateway  | [perf-request-in] ts_in=1777539092.275625 ts_out=1777539092.276255 gw_proc_ms=0.630 traceId=exp-perf5000-002538-c428f1d3
zt-gateway  | [perf-request-in] ts_in=1777539092.275723 ts_out=1777539092.276357 gw_proc_ms=0.634 traceId=exp-perf5000-002541-2870dfea
zt-gateway  | [perf-request-in] ts_in=1777539092.276284 ts_out=1777539092.276924 gw_proc_ms=0.640 traceId=exp-perf5000-002540-efec2285
zt-gateway  | [perf-request-in] ts_in=1777539092.276389 ts_out=1777539092.277037 gw_proc_ms=0.648 traceId=exp-perf5000-002543-e5566a5d
zt-gateway  | [perf-request-in] ts_in=1777539092.276956 ts_out=1777539092.277727 gw_proc_ms=0.771 traceId=exp-perf5000-002542-e57f1f53
zt-gateway  | [perf-request-in] ts_in=1777539092.277073 ts_out=1777539092.277796 gw_proc_ms=0.723 traceId=exp-perf5000-002545-5b80b066
zt-gateway  | [perf-request-in] ts_in=1777539092.277769 ts_out=1777539092.278439 gw_proc_ms=0.670 traceId=exp-perf5000-002544-d72c5cad
zt-gateway  | [perf-request-in] ts_in=1777539092.277827 ts_out=1777539092.278464 gw_proc_ms=0.637 traceId=exp-perf5000-002546-7523adf2
zt-gateway  | [perf-request-in] ts_in=1777539092.278470 ts_out=1777539092.279093 gw_proc_ms=0.623 traceId=exp-perf5000-002547-15810b04
zt-gateway  | [perf-request-in] ts_in=1777539092.278486 ts_out=1777539092.279108 gw_proc_ms=0.622 traceId=exp-perf5000-002548-56ddfd17
zt-gateway  | [perf-request-in] ts_in=1777539092.279135 ts_out=1777539092.279764 gw_proc_ms=0.629 traceId=exp-perf5000-002550-08ec93dc
zt-gateway  | [perf-request-in] ts_in=1777539092.279125 ts_out=1777539092.279768 gw_proc_ms=0.643 traceId=exp-perf5000-002549-7518ca71
zt-gateway  | [perf-request-in] ts_in=1777539092.279792 ts_out=1777539092.280385 gw_proc_ms=0.593 traceId=exp-perf5000-002552-575e623a
zt-gateway  | [perf-request-in] ts_in=1777539092.279817 ts_out=1777539092.280531 gw_proc_ms=0.714 traceId=exp-perf5000-002551-54eaae2e
zt-gateway  | [perf-request-in] ts_in=1777539092.280430 ts_out=1777539092.281056 gw_proc_ms=0.626 traceId=exp-perf5000-002554-12fcd149
zt-gateway  | [perf-request-in] ts_in=1777539092.280617 ts_out=1777539092.281314 gw_proc_ms=0.697 traceId=exp-perf5000-002553-ce4c70a9
zt-gateway  | [perf-request-in] ts_in=1777539092.281091 ts_out=1777539092.281742 gw_proc_ms=0.651 traceId=exp-perf5000-002556-9291c607
zt-gateway  | [perf-request-in] ts_in=1777539092.281352 ts_out=1777539092.282062 gw_proc_ms=0.710 traceId=exp-perf5000-002555-87b6dc47
zt-gateway  | [perf-request-in] ts_in=1777539092.281777 ts_out=1777539092.282414 gw_proc_ms=0.637 traceId=exp-perf5000-002558-b729a5d1
zt-gateway  | [perf-request-in] ts_in=1777539092.282105 ts_out=1777539092.282793 gw_proc_ms=0.688 traceId=exp-perf5000-002557-f0931f59
zt-gateway  | [perf-request-in] ts_in=1777539092.282467 ts_out=1777539092.283112 gw_proc_ms=0.645 traceId=exp-perf5000-002560-1ea9faee
zt-gateway  | [perf-request-in] ts_in=1777539092.282894 ts_out=1777539092.283614 gw_proc_ms=0.720 traceId=exp-perf5000-002559-23ac792c
zt-gateway  | [perf-request-in] ts_in=1777539092.283138 ts_out=1777539092.283750 gw_proc_ms=0.612 traceId=exp-perf5000-002562-6ae09ff4
zt-gateway  | [perf-request-in] ts_in=1777539092.283664 ts_out=1777539092.284316 gw_proc_ms=0.652 traceId=exp-perf5000-002561-771d07f6
zt-gateway  | [perf-request-in] ts_in=1777539092.283791 ts_out=1777539092.284391 gw_proc_ms=0.600 traceId=exp-perf5000-002564-10611682
zt-gateway  | [perf-request-in] ts_in=1777539092.284437 ts_out=1777539092.285062 gw_proc_ms=0.625 traceId=exp-perf5000-002566-ff16ba72
zt-gateway  | [perf-request-in] ts_in=1777539092.284361 ts_out=1777539092.285063 gw_proc_ms=0.702 traceId=exp-perf5000-002563-f745e620
zt-gateway  | [perf-request-in] ts_in=1777539092.285094 ts_out=1777539092.285732 gw_proc_ms=0.638 traceId=exp-perf5000-002568-e06c44f4
zt-gateway  | [perf-request-in] ts_in=1777539092.285100 ts_out=1777539092.285774 gw_proc_ms=0.674 traceId=exp-perf5000-002565-f1227bf2
zt-gateway  | [perf-request-in] ts_in=1777539092.285762 ts_out=1777539092.286506 gw_proc_ms=0.744 traceId=exp-perf5000-002570-28772db8
zt-gateway  | [perf-request-in] ts_in=1777539092.285817 ts_out=1777539092.286659 gw_proc_ms=0.842 traceId=exp-perf5000-002567-b5ba60e9
zt-gateway  | [perf-request-in] ts_in=1777539092.286546 ts_out=1777539092.287423 gw_proc_ms=0.877 traceId=exp-perf5000-002572-11e9012f
zt-gateway  | [perf-request-in] ts_in=1777539092.286712 ts_out=1777539092.287575 gw_proc_ms=0.863 traceId=exp-perf5000-002569-349e4bed
zt-gateway  | [perf-request-in] ts_in=1777539092.287467 ts_out=1777539092.288069 gw_proc_ms=0.602 traceId=exp-perf5000-002574-e4fb5012
zt-gateway  | [perf-request-in] ts_in=1777539092.287606 ts_out=1777539092.288220 gw_proc_ms=0.614 traceId=exp-perf5000-002571-47966434
zt-gateway  | [perf-request-in] ts_in=1777539092.288103 ts_out=1777539092.288724 gw_proc_ms=0.621 traceId=exp-perf5000-002576-d5506524
zt-gateway  | [perf-request-in] ts_in=1777539092.288246 ts_out=1777539092.288881 gw_proc_ms=0.635 traceId=exp-perf5000-002573-e0fc1a2d
zt-gateway  | [perf-request-in] ts_in=1777539092.288752 ts_out=1777539092.289366 gw_proc_ms=0.614 traceId=exp-perf5000-002578-49e899f7
zt-gateway  | [perf-request-in] ts_in=1777539092.288922 ts_out=1777539092.289551 gw_proc_ms=0.629 traceId=exp-perf5000-002575-6e002d7a
zt-gateway  | [perf-request-in] ts_in=1777539092.289397 ts_out=1777539092.290033 gw_proc_ms=0.636 traceId=exp-perf5000-002579-e4f9aa95
zt-gateway  | [perf-request-in] ts_in=1777539092.289593 ts_out=1777539092.290229 gw_proc_ms=0.636 traceId=exp-perf5000-002577-07f2e38c
zt-gateway  | [perf-request-in] ts_in=1777539092.290061 ts_out=1777539092.290687 gw_proc_ms=0.626 traceId=exp-perf5000-002580-1a95cb73
zt-gateway  | [perf-request-in] ts_in=1777539092.290267 ts_out=1777539092.291073 gw_proc_ms=0.806 traceId=exp-perf5000-002581-948f6649
zt-gateway  | [perf-request-in] ts_in=1777539092.290713 ts_out=1777539092.291327 gw_proc_ms=0.614 traceId=exp-perf5000-002584-fd80617d
zt-gateway  | [perf-request-in] ts_in=1777539092.291123 ts_out=1777539092.291812 gw_proc_ms=0.689 traceId=exp-perf5000-002582-c8c192f8
zt-gateway  | [perf-request-in] ts_in=1777539092.291467 ts_out=1777539092.292172 gw_proc_ms=0.705 traceId=exp-perf5000-002586-e3589acb
zt-gateway  | [perf-request-in] ts_in=1777539092.291858 ts_out=1777539092.292607 gw_proc_ms=0.749 traceId=exp-perf5000-002583-1e3aeedd
zt-gateway  | [perf-request-in] ts_in=1777539092.292221 ts_out=1777539092.292930 gw_proc_ms=0.709 traceId=exp-perf5000-002587-4ace84f8
zt-gateway  | [perf-request-in] ts_in=1777539092.292668 ts_out=1777539092.293361 gw_proc_ms=0.693 traceId=exp-perf5000-002585-c787ecb5
zt-gateway  | [perf-request-in] ts_in=1777539092.292971 ts_out=1777539092.293699 gw_proc_ms=0.728 traceId=exp-perf5000-002589-f02e117e
zt-gateway  | [perf-request-in] ts_in=1777539092.293485 ts_out=1777539092.294191 gw_proc_ms=0.706 traceId=exp-perf5000-002588-3e8767e3
zt-gateway  | [perf-request-in] ts_in=1777539092.293743 ts_out=1777539092.294436 gw_proc_ms=0.693 traceId=exp-perf5000-002591-dabcffc7
zt-gateway  | [perf-request-in] ts_in=1777539092.294232 ts_out=1777539092.294915 gw_proc_ms=0.683 traceId=exp-perf5000-002590-9f5d929f
zt-gateway  | [perf-request-in] ts_in=1777539092.294478 ts_out=1777539092.295197 gw_proc_ms=0.719 traceId=exp-perf5000-002593-5b893cca
zt-gateway  | [perf-request-in] ts_in=1777539092.294948 ts_out=1777539092.295610 gw_proc_ms=0.662 traceId=exp-perf5000-002592-ff37c5d4
zt-gateway  | [perf-request-in] ts_in=1777539092.295233 ts_out=1777539092.295918 gw_proc_ms=0.685 traceId=exp-perf5000-002595-e7687964
zt-gateway  | [perf-request-in] ts_in=1777539092.295639 ts_out=1777539092.296246 gw_proc_ms=0.607 traceId=exp-perf5000-002594-5c387745
zt-gateway  | [perf-request-in] ts_in=1777539092.295945 ts_out=1777539092.296617 gw_proc_ms=0.672 traceId=exp-perf5000-002598-775e2527
zt-gateway  | [perf-request-in] ts_in=1777539092.296279 ts_out=1777539092.296930 gw_proc_ms=0.651 traceId=exp-perf5000-002596-b861c91c
zt-gateway  | [perf-request-in] ts_in=1777539092.296650 ts_out=1777539092.297349 gw_proc_ms=0.699 traceId=exp-perf5000-002601-07cf80bd
zt-gateway  | [perf-request-in] ts_in=1777539092.296964 ts_out=1777539092.297695 gw_proc_ms=0.731 traceId=exp-perf5000-002597-d6857a6f
zt-gateway  | [perf-request-in] ts_in=1777539092.297392 ts_out=1777539092.298261 gw_proc_ms=0.869 traceId=exp-perf5000-002602-2a8b0b6c
zt-gateway  | [perf-request-in] ts_in=1777539092.297733 ts_out=1777539092.298546 gw_proc_ms=0.813 traceId=exp-perf5000-002599-c9f0b1b1
zt-gateway  | [perf-request-in] ts_in=1777539092.298308 ts_out=1777539092.299211 gw_proc_ms=0.903 traceId=exp-perf5000-002604-e9351070
zt-gateway  | [perf-request-in] ts_in=1777539092.298587 ts_out=1777539092.299367 gw_proc_ms=0.780 traceId=exp-perf5000-002600-c180f428
zt-gateway  | [perf-request-in] ts_in=1777539092.299251 ts_out=1777539092.300022 gw_proc_ms=0.771 traceId=exp-perf5000-002606-4f5cb932
zt-gateway  | [perf-request-in] ts_in=1777539092.299398 ts_out=1777539092.300159 gw_proc_ms=0.761 traceId=exp-perf5000-002603-d4506623
zt-gateway  | [perf-request-in] ts_in=1777539092.300184 ts_out=1777539092.300848 gw_proc_ms=0.664 traceId=exp-perf5000-002605-cfc4faf3
zt-gateway  | [perf-request-in] ts_in=1777539092.300098 ts_out=1777539092.300849 gw_proc_ms=0.751 traceId=exp-perf5000-002608-23bb49cb
zt-gateway  | [perf-request-in] ts_in=1777539092.300882 ts_out=1777539092.301526 gw_proc_ms=0.644 traceId=exp-perf5000-002607-c4fb9d75
zt-gateway  | [perf-request-in] ts_in=1777539092.300882 ts_out=1777539092.301548 gw_proc_ms=0.666 traceId=exp-perf5000-002610-24a8e66e
zt-gateway  | [perf-request-in] ts_in=1777539092.301561 ts_out=1777539092.302252 gw_proc_ms=0.691 traceId=exp-perf5000-002609-5e4382d7
zt-gateway  | [perf-request-in] ts_in=1777539092.301583 ts_out=1777539092.302297 gw_proc_ms=0.714 traceId=exp-perf5000-002612-dcafa559
zt-gateway  | [perf-request-in] ts_in=1777539092.302284 ts_out=1777539092.303515 gw_proc_ms=1.231 traceId=exp-perf5000-002611-3eb01e37
zt-gateway  | [perf-request-in] ts_in=1777539092.302319 ts_out=1777539092.303917 gw_proc_ms=1.598 traceId=exp-perf5000-002614-79e59f61
zt-gateway  | [perf-request-in] ts_in=1777539092.303545 ts_out=1777539092.304179 gw_proc_ms=0.634 traceId=exp-perf5000-002613-7269f253
zt-gateway  | [perf-request-in] ts_in=1777539092.303959 ts_out=1777539092.304662 gw_proc_ms=0.703 traceId=exp-perf5000-002616-99b3cc10
zt-gateway  | [perf-request-in] ts_in=1777539092.304207 ts_out=1777539092.304833 gw_proc_ms=0.626 traceId=exp-perf5000-002615-1ac38959
zt-gateway  | [perf-request-in] ts_in=1777539092.304866 ts_out=1777539092.305506 gw_proc_ms=0.640 traceId=exp-perf5000-002617-82a68904
zt-gateway  | [perf-request-in] ts_in=1777539092.304693 ts_out=1777539092.305511 gw_proc_ms=0.818 traceId=exp-perf5000-002618-f2ebca22
zt-gateway  | [perf-request-in] ts_in=1777539092.305532 ts_out=1777539092.306172 gw_proc_ms=0.640 traceId=exp-perf5000-002619-caf169d7
zt-gateway  | [perf-request-in] ts_in=1777539092.305539 ts_out=1777539092.306205 gw_proc_ms=0.666 traceId=exp-perf5000-002620-7de8cef4
zt-gateway  | [perf-request-in] ts_in=1777539092.306199 ts_out=1777539092.306939 gw_proc_ms=0.740 traceId=exp-perf5000-002622-a6e06aa6
zt-gateway  | [perf-request-in] ts_in=1777539092.306230 ts_out=1777539092.307029 gw_proc_ms=0.799 traceId=exp-perf5000-002621-e20b1ab4
zt-gateway  | [perf-request-in] ts_in=1777539092.306969 ts_out=1777539092.307612 gw_proc_ms=0.643 traceId=exp-perf5000-002624-499925e8
zt-gateway  | [perf-request-in] ts_in=1777539092.307059 ts_out=1777539092.307796 gw_proc_ms=0.737 traceId=exp-perf5000-002623-2b4945b7
zt-gateway  | [perf-request-in] ts_in=1777539092.307644 ts_out=1777539092.308330 gw_proc_ms=0.686 traceId=exp-perf5000-002625-fc6b511a
zt-gateway  | [perf-request-in] ts_in=1777539092.307849 ts_out=1777539092.308557 gw_proc_ms=0.708 traceId=exp-perf5000-002626-6f4508c4
zt-gateway  | [perf-request-in] ts_in=1777539092.308369 ts_out=1777539092.309141 gw_proc_ms=0.772 traceId=exp-perf5000-002627-26cebf38
zt-gateway  | [perf-request-in] ts_in=1777539092.308609 ts_out=1777539092.309274 gw_proc_ms=0.665 traceId=exp-perf5000-002628-d63ad678
zt-gateway  | [perf-request-in] ts_in=1777539092.309172 ts_out=1777539092.309830 gw_proc_ms=0.658 traceId=exp-perf5000-002629-27d8af00
zt-gateway  | [perf-request-in] ts_in=1777539092.309312 ts_out=1777539092.309988 gw_proc_ms=0.676 traceId=exp-perf5000-002630-cfb78c18
zt-gateway  | [perf-request-in] ts_in=1777539092.309878 ts_out=1777539092.310559 gw_proc_ms=0.681 traceId=exp-perf5000-002632-a7dc82ee
zt-gateway  | [perf-request-in] ts_in=1777539092.310014 ts_out=1777539092.310685 gw_proc_ms=0.671 traceId=exp-perf5000-002631-c3d36b4b
zt-gateway  | [perf-request-in] ts_in=1777539092.310609 ts_out=1777539092.311249 gw_proc_ms=0.640 traceId=exp-perf5000-002633-edda3a72
zt-gateway  | [perf-request-in] ts_in=1777539092.310718 ts_out=1777539092.311343 gw_proc_ms=0.625 traceId=exp-perf5000-002634-3cc310a1
zt-gateway  | [perf-request-in] ts_in=1777539092.311302 ts_out=1777539092.312017 gw_proc_ms=0.715 traceId=exp-perf5000-002635-755cdbeb
zt-gateway  | [perf-request-in] ts_in=1777539092.311381 ts_out=1777539092.312110 gw_proc_ms=0.729 traceId=exp-perf5000-002636-c69f767c
zt-gateway  | [perf-request-in] ts_in=1777539092.312058 ts_out=1777539092.312796 gw_proc_ms=0.738 traceId=exp-perf5000-002637-512cbfe9
zt-gateway  | [perf-request-in] ts_in=1777539092.312152 ts_out=1777539092.312875 gw_proc_ms=0.723 traceId=exp-perf5000-002638-0cf32898
zt-gateway  | [perf-request-in] ts_in=1777539092.312838 ts_out=1777539092.313641 gw_proc_ms=0.803 traceId=exp-perf5000-002639-3f2f92bb
zt-gateway  | [perf-request-in] ts_in=1777539092.312913 ts_out=1777539092.313742 gw_proc_ms=0.829 traceId=exp-perf5000-002640-eb27634a
zt-gateway  | [perf-request-in] ts_in=1777539092.313696 ts_out=1777539092.314474 gw_proc_ms=0.778 traceId=exp-perf5000-002641-76ecd084
zt-gateway  | [perf-request-in] ts_in=1777539092.313780 ts_out=1777539092.314511 gw_proc_ms=0.731 traceId=exp-perf5000-002642-dbbbd801
zt-gateway  | [perf-request-in] ts_in=1777539092.314519 ts_out=1777539092.315271 gw_proc_ms=0.752 traceId=exp-perf5000-002643-80fa9037
zt-gateway  | [perf-request-in] ts_in=1777539092.314542 ts_out=1777539092.315279 gw_proc_ms=0.737 traceId=exp-perf5000-002644-506f306e
zt-gateway  | [perf-request-in] ts_in=1777539092.315320 ts_out=1777539092.316143 gw_proc_ms=0.823 traceId=exp-perf5000-002645-c7e2ead4
zt-gateway  | [perf-request-in] ts_in=1777539092.315312 ts_out=1777539092.316143 gw_proc_ms=0.831 traceId=exp-perf5000-002646-4938932e
zt-gateway  | [perf-request-in] ts_in=1777539092.316185 ts_out=1777539092.316973 gw_proc_ms=0.788 traceId=exp-perf5000-002647-d25d5c96
zt-gateway  | [perf-request-in] ts_in=1777539092.316187 ts_out=1777539092.316978 gw_proc_ms=0.791 traceId=exp-perf5000-002648-b0c99816
zt-gateway  | [perf-request-in] ts_in=1777539092.317013 ts_out=1777539092.317686 gw_proc_ms=0.673 traceId=exp-perf5000-002649-4bc55946
zt-gateway  | [perf-request-in] ts_in=1777539092.317016 ts_out=1777539092.317687 gw_proc_ms=0.671 traceId=exp-perf5000-002650-53baa38d
zt-gateway  | [perf-request-in] ts_in=1777539092.317716 ts_out=1777539092.318301 gw_proc_ms=0.585 traceId=exp-perf5000-002651-6ff1ca6e
zt-gateway  | [perf-request-in] ts_in=1777539092.317716 ts_out=1777539092.318305 gw_proc_ms=0.589 traceId=exp-perf5000-002652-9ea77bbb
zt-gateway  | [perf-request-in] ts_in=1777539092.318334 ts_out=1777539092.319010 gw_proc_ms=0.676 traceId=exp-perf5000-002654-6742c09d
zt-gateway  | [perf-request-in] ts_in=1777539092.318340 ts_out=1777539092.319025 gw_proc_ms=0.685 traceId=exp-perf5000-002653-67825375
zt-gateway  | [perf-request-in] ts_in=1777539092.319047 ts_out=1777539092.319743 gw_proc_ms=0.696 traceId=exp-perf5000-002656-41eaaf7b
zt-gateway  | [perf-request-in] ts_in=1777539092.319056 ts_out=1777539092.319753 gw_proc_ms=0.697 traceId=exp-perf5000-002655-19e83c6f
zt-gateway  | [perf-request-in] ts_in=1777539092.319780 ts_out=1777539092.320392 gw_proc_ms=0.612 traceId=exp-perf5000-002658-021fc910
zt-gateway  | [perf-request-in] ts_in=1777539092.319791 ts_out=1777539092.320392 gw_proc_ms=0.601 traceId=exp-perf5000-002657-2fdb5639
zt-gateway  | [perf-request-in] ts_in=1777539092.320429 ts_out=1777539092.321070 gw_proc_ms=0.641 traceId=exp-perf5000-002659-cbc6c287
zt-gateway  | [perf-request-in] ts_in=1777539092.320427 ts_out=1777539092.321071 gw_proc_ms=0.644 traceId=exp-perf5000-002660-a7e4c2a4
zt-gateway  | [perf-request-in] ts_in=1777539092.321105 ts_out=1777539092.321767 gw_proc_ms=0.662 traceId=exp-perf5000-002663-de4e3a4e
zt-gateway  | [perf-request-in] ts_in=1777539092.321133 ts_out=1777539092.321793 gw_proc_ms=0.660 traceId=exp-perf5000-002661-4b1744e8
zt-gateway  | [perf-request-in] ts_in=1777539092.321797 ts_out=1777539092.322464 gw_proc_ms=0.667 traceId=exp-perf5000-002665-93ab9d43
zt-gateway  | [perf-request-in] ts_in=1777539092.321825 ts_out=1777539092.322486 gw_proc_ms=0.661 traceId=exp-perf5000-002662-3a07e9f6
zt-gateway  | [perf-request-in] ts_in=1777539092.322496 ts_out=1777539092.323185 gw_proc_ms=0.689 traceId=exp-perf5000-002666-067a6976
zt-gateway  | [perf-request-in] ts_in=1777539092.322523 ts_out=1777539092.323203 gw_proc_ms=0.680 traceId=exp-perf5000-002664-12023672
zt-gateway  | [perf-request-in] ts_in=1777539092.323219 ts_out=1777539092.323914 gw_proc_ms=0.695 traceId=exp-perf5000-002669-2cfd7663
zt-gateway  | [perf-request-in] ts_in=1777539092.323240 ts_out=1777539092.323969 gw_proc_ms=0.729 traceId=exp-perf5000-002667-0c385ed8
zt-gateway  | [perf-request-in] ts_in=1777539092.323953 ts_out=1777539092.324645 gw_proc_ms=0.692 traceId=exp-perf5000-002671-9dda186a
zt-gateway  | [perf-request-in] ts_in=1777539092.324009 ts_out=1777539092.325064 gw_proc_ms=1.055 traceId=exp-perf5000-002668-b3d3907a
zt-gateway  | [perf-request-in] ts_in=1777539092.324682 ts_out=1777539092.325423 gw_proc_ms=0.741 traceId=exp-perf5000-002673-86774ea5
zt-gateway  | [perf-request-in] ts_in=1777539092.325466 ts_out=1777539092.326140 gw_proc_ms=0.674 traceId=exp-perf5000-002675-7ec63f82
zt-gateway  | [perf-request-in] ts_in=1777539092.325115 ts_out=1777539092.326176 gw_proc_ms=1.061 traceId=exp-perf5000-002670-f27c3022
zt-gateway  | [perf-request-in] ts_in=1777539092.326177 ts_out=1777539092.326834 gw_proc_ms=0.657 traceId=exp-perf5000-002677-c252732f
zt-gateway  | [perf-request-in] ts_in=1777539092.326214 ts_out=1777539092.326887 gw_proc_ms=0.673 traceId=exp-perf5000-002672-7e874a2d
zt-gateway  | [perf-request-in] ts_in=1777539092.326870 ts_out=1777539092.327527 gw_proc_ms=0.657 traceId=exp-perf5000-002678-44de56a7
zt-gateway  | [perf-request-in] ts_in=1777539092.326928 ts_out=1777539092.327651 gw_proc_ms=0.723 traceId=exp-perf5000-002674-be783245
zt-gateway  | [perf-request-in] ts_in=1777539092.327573 ts_out=1777539092.328177 gw_proc_ms=0.604 traceId=exp-perf5000-002681-f66d4ca2
zt-gateway  | [perf-request-in] ts_in=1777539092.327716 ts_out=1777539092.328313 gw_proc_ms=0.597 traceId=exp-perf5000-002676-6c94a07b
zt-gateway  | [perf-request-in] ts_in=1777539092.328199 ts_out=1777539092.328826 gw_proc_ms=0.627 traceId=exp-perf5000-002683-9ea2a9db
zt-gateway  | [perf-request-in] ts_in=1777539092.328349 ts_out=1777539092.329004 gw_proc_ms=0.655 traceId=exp-perf5000-002679-692d3c77
zt-gateway  | [perf-request-in] ts_in=1777539092.328862 ts_out=1777539092.329510 gw_proc_ms=0.648 traceId=exp-perf5000-002685-8d98ff9d
zt-gateway  | [perf-request-in] ts_in=1777539092.329041 ts_out=1777539092.329763 gw_proc_ms=0.722 traceId=exp-perf5000-002680-3a8e5e52
zt-gateway  | [perf-request-in] ts_in=1777539092.329543 ts_out=1777539092.330203 gw_proc_ms=0.660 traceId=exp-perf5000-002687-1fcfaba1
zt-gateway  | [perf-request-in] ts_in=1777539092.329802 ts_out=1777539092.330437 gw_proc_ms=0.635 traceId=exp-perf5000-002682-c2b107c8
zt-gateway  | [perf-request-in] ts_in=1777539092.330230 ts_out=1777539092.330887 gw_proc_ms=0.657 traceId=exp-perf5000-002689-924cdd93
zt-gateway  | [perf-request-in] ts_in=1777539092.330466 ts_out=1777539092.331113 gw_proc_ms=0.647 traceId=exp-perf5000-002684-000855cb
zt-gateway  | [perf-request-in] ts_in=1777539092.330922 ts_out=1777539092.331575 gw_proc_ms=0.653 traceId=exp-perf5000-002691-5f215f66
zt-gateway  | [perf-request-in] ts_in=1777539092.331143 ts_out=1777539092.331831 gw_proc_ms=0.688 traceId=exp-perf5000-002686-1bd5f785
zt-gateway  | [perf-request-in] ts_in=1777539092.331605 ts_out=1777539092.332376 gw_proc_ms=0.771 traceId=exp-perf5000-002693-38302f22
zt-gateway  | [perf-request-in] ts_in=1777539092.331864 ts_out=1777539092.332556 gw_proc_ms=0.692 traceId=exp-perf5000-002688-7f3ef912
zt-gateway  | [perf-request-in] ts_in=1777539092.332605 ts_out=1777539092.333336 gw_proc_ms=0.731 traceId=exp-perf5000-002690-d8e1ade3
zt-gateway  | [perf-request-in] ts_in=1777539092.332426 ts_out=1777539092.333364 gw_proc_ms=0.938 traceId=exp-perf5000-002695-d4b3b75a
zt-gateway  | [perf-request-in] ts_in=1777539092.333371 ts_out=1777539092.334021 gw_proc_ms=0.650 traceId=exp-perf5000-002692-4763d79e
zt-gateway  | [perf-request-in] ts_in=1777539092.333396 ts_out=1777539092.334077 gw_proc_ms=0.681 traceId=exp-perf5000-002697-5b18d4b6
zt-gateway  | [perf-request-in] ts_in=1777539092.334056 ts_out=1777539092.334679 gw_proc_ms=0.623 traceId=exp-perf5000-002694-cc58a24b
zt-gateway  | [perf-request-in] ts_in=1777539092.334104 ts_out=1777539092.334718 gw_proc_ms=0.614 traceId=exp-perf5000-002699-b2a3e7d4
zt-gateway  | [perf-request-in] ts_in=1777539092.334711 ts_out=1777539092.335321 gw_proc_ms=0.610 traceId=exp-perf5000-002696-0b418a12
zt-gateway  | [perf-request-in] ts_in=1777539092.334791 ts_out=1777539092.335419 gw_proc_ms=0.628 traceId=exp-perf5000-002701-e8bbea8f
zt-gateway  | [perf-request-in] ts_in=1777539092.335355 ts_out=1777539092.335998 gw_proc_ms=0.643 traceId=exp-perf5000-002698-c0da43c3
zt-gateway  | [perf-request-in] ts_in=1777539092.335491 ts_out=1777539092.336170 gw_proc_ms=0.679 traceId=exp-perf5000-002703-48744e08
zt-gateway  | [perf-request-in] ts_in=1777539092.336024 ts_out=1777539092.336660 gw_proc_ms=0.636 traceId=exp-perf5000-002700-4382d4b9
zt-gateway  | [perf-request-in] ts_in=1777539092.336203 ts_out=1777539092.336901 gw_proc_ms=0.698 traceId=exp-perf5000-002704-01be8017
zt-gateway  | [perf-request-in] ts_in=1777539092.336687 ts_out=1777539092.337330 gw_proc_ms=0.643 traceId=exp-perf5000-002702-ac3c3579
zt-gateway  | [perf-request-in] ts_in=1777539092.336931 ts_out=1777539092.337640 gw_proc_ms=0.709 traceId=exp-perf5000-002706-313d7253
zt-gateway  | [perf-request-in] ts_in=1777539092.337370 ts_out=1777539092.337991 gw_proc_ms=0.621 traceId=exp-perf5000-002705-39bd9ce2
zt-gateway  | [perf-request-in] ts_in=1777539092.337680 ts_out=1777539092.338398 gw_proc_ms=0.718 traceId=exp-perf5000-002708-0bd6d605
zt-gateway  | [perf-request-in] ts_in=1777539092.338017 ts_out=1777539092.338684 gw_proc_ms=0.667 traceId=exp-perf5000-002707-7ea46942
zt-gateway  | [perf-request-in] ts_in=1777539092.338443 ts_out=1777539092.339213 gw_proc_ms=0.770 traceId=exp-perf5000-002709-8d06c629
zt-gateway  | [perf-request-in] ts_in=1777539092.338714 ts_out=1777539092.339382 gw_proc_ms=0.668 traceId=exp-perf5000-002710-80c9a975
zt-gateway  | [perf-request-in] ts_in=1777539092.339262 ts_out=1777539092.339959 gw_proc_ms=0.697 traceId=exp-perf5000-002712-fb81a6cd
zt-gateway  | [perf-request-in] ts_in=1777539092.339411 ts_out=1777539092.340129 gw_proc_ms=0.718 traceId=exp-perf5000-002711-760c5f1d
zt-gateway  | [perf-request-in] ts_in=1777539092.340016 ts_out=1777539092.340760 gw_proc_ms=0.744 traceId=exp-perf5000-002714-6ea6165c
zt-gateway  | [perf-request-in] ts_in=1777539092.340160 ts_out=1777539092.340864 gw_proc_ms=0.704 traceId=exp-perf5000-002713-98c5d5e1
zt-gateway  | [perf-request-in] ts_in=1777539092.340799 ts_out=1777539092.341456 gw_proc_ms=0.657 traceId=exp-perf5000-002716-34fabcf4
zt-gateway  | [perf-request-in] ts_in=1777539092.340892 ts_out=1777539092.341533 gw_proc_ms=0.641 traceId=exp-perf5000-002715-3627aac9
zt-gateway  | [perf-request-in] ts_in=1777539092.341535 ts_out=1777539092.342231 gw_proc_ms=0.696 traceId=exp-perf5000-002718-f80fd4d6
zt-gateway  | [perf-request-in] ts_in=1777539092.341586 ts_out=1777539092.342234 gw_proc_ms=0.648 traceId=exp-perf5000-002717-ecf4c09c
zt-gateway  | [perf-request-in] ts_in=1777539092.342264 ts_out=1777539092.342978 gw_proc_ms=0.714 traceId=exp-perf5000-002719-cd0f6939
zt-gateway  | [perf-request-in] ts_in=1777539092.342270 ts_out=1777539092.342996 gw_proc_ms=0.726 traceId=exp-perf5000-002720-4b548132
zt-gateway  | [perf-request-in] ts_in=1777539092.343025 ts_out=1777539092.343707 gw_proc_ms=0.682 traceId=exp-perf5000-002721-5aa94c5b
zt-gateway  | [perf-request-in] ts_in=1777539092.343038 ts_out=1777539092.343727 gw_proc_ms=0.689 traceId=exp-perf5000-002722-0efab25a
zt-gateway  | [perf-request-in] ts_in=1777539092.343764 ts_out=1777539092.344414 gw_proc_ms=0.650 traceId=exp-perf5000-002723-733c75ed
zt-gateway  | [perf-request-in] ts_in=1777539092.343741 ts_out=1777539092.344433 gw_proc_ms=0.692 traceId=exp-perf5000-002724-567b175f
zt-gateway  | [perf-request-in] ts_in=1777539092.344470 ts_out=1777539092.345167 gw_proc_ms=0.697 traceId=exp-perf5000-002726-f95c8d4c
zt-gateway  | [perf-request-in] ts_in=1777539092.344497 ts_out=1777539092.345267 gw_proc_ms=0.770 traceId=exp-perf5000-002725-eb0d93d2
zt-gateway  | [perf-request-in] ts_in=1777539092.345208 ts_out=1777539092.345895 gw_proc_ms=0.687 traceId=exp-perf5000-002728-23f1521e
zt-gateway  | [perf-request-in] ts_in=1777539092.345311 ts_out=1777539092.346034 gw_proc_ms=0.723 traceId=exp-perf5000-002727-31268668
zt-gateway  | [perf-request-in] ts_in=1777539092.345936 ts_out=1777539092.346630 gw_proc_ms=0.694 traceId=exp-perf5000-002730-2ebc8bbb
zt-gateway  | [perf-request-in] ts_in=1777539092.346083 ts_out=1777539092.346792 gw_proc_ms=0.709 traceId=exp-perf5000-002729-b61c98ba
zt-gateway  | [perf-request-in] ts_in=1777539092.346670 ts_out=1777539092.347341 gw_proc_ms=0.671 traceId=exp-perf5000-002732-63104d3b
zt-gateway  | [perf-request-in] ts_in=1777539092.346981 ts_out=1777539092.347706 gw_proc_ms=0.725 traceId=exp-perf5000-002731-ac04d419
zt-gateway  | [perf-request-in] ts_in=1777539092.347381 ts_out=1777539092.348098 gw_proc_ms=0.717 traceId=exp-perf5000-002734-1f3ce6bc
zt-gateway  | [perf-request-in] ts_in=1777539092.347751 ts_out=1777539092.348408 gw_proc_ms=0.657 traceId=exp-perf5000-002733-4e13fca2
zt-gateway  | [perf-request-in] ts_in=1777539092.348145 ts_out=1777539092.348829 gw_proc_ms=0.684 traceId=exp-perf5000-002736-68f62747
zt-gateway  | [perf-request-in] ts_in=1777539092.348445 ts_out=1777539092.349111 gw_proc_ms=0.666 traceId=exp-perf5000-002735-6ddcdb75
zt-gateway  | [perf-request-in] ts_in=1777539092.348902 ts_out=1777539092.349577 gw_proc_ms=0.675 traceId=exp-perf5000-002738-a0519f57
zt-gateway  | [perf-request-in] ts_in=1777539092.349154 ts_out=1777539092.349854 gw_proc_ms=0.700 traceId=exp-perf5000-002737-2e94162e
zt-gateway  | [perf-request-in] ts_in=1777539092.349621 ts_out=1777539092.350277 gw_proc_ms=0.656 traceId=exp-perf5000-002740-7dbfef3c
zt-gateway  | [perf-request-in] ts_in=1777539092.349895 ts_out=1777539092.350573 gw_proc_ms=0.678 traceId=exp-perf5000-002739-7171a473
zt-gateway  | [perf-request-in] ts_in=1777539092.350311 ts_out=1777539092.350929 gw_proc_ms=0.618 traceId=exp-perf5000-002742-55e2eb97
zt-gateway  | [perf-request-in] ts_in=1777539092.350600 ts_out=1777539092.351455 gw_proc_ms=0.855 traceId=exp-perf5000-002741-10d7fef1
zt-gateway  | [perf-request-in] ts_in=1777539092.350966 ts_out=1777539092.351694 gw_proc_ms=0.728 traceId=exp-perf5000-002744-1c9437d2
zt-gateway  | [perf-request-in] ts_in=1777539092.351503 ts_out=1777539092.352222 gw_proc_ms=0.719 traceId=exp-perf5000-002743-c046e33c
zt-gateway  | [perf-request-in] ts_in=1777539092.351737 ts_out=1777539092.352414 gw_proc_ms=0.677 traceId=exp-perf5000-002746-770679ef
zt-gateway  | [perf-request-in] ts_in=1777539092.352453 ts_out=1777539092.353111 gw_proc_ms=0.658 traceId=exp-perf5000-002749-8da4dc4c
zt-gateway  | [perf-request-in] ts_in=1777539092.352390 ts_out=1777539092.353112 gw_proc_ms=0.722 traceId=exp-perf5000-002745-9274ee89
zt-gateway  | [perf-request-in] ts_in=1777539092.353151 ts_out=1777539092.353823 gw_proc_ms=0.672 traceId=exp-perf5000-002750-eefc8f7a
zt-gateway  | [perf-request-in] ts_in=1777539092.353154 ts_out=1777539092.353831 gw_proc_ms=0.677 traceId=exp-perf5000-002747-79158ff1
zt-gateway  | [perf-request-in] ts_in=1777539092.353864 ts_out=1777539092.354523 gw_proc_ms=0.659 traceId=exp-perf5000-002752-55261d55
zt-gateway  | [perf-request-in] ts_in=1777539092.353873 ts_out=1777539092.354533 gw_proc_ms=0.660 traceId=exp-perf5000-002748-fd2f43f8
zt-gateway  | [perf-request-in] ts_in=1777539092.354578 ts_out=1777539092.355221 gw_proc_ms=0.643 traceId=exp-perf5000-002754-e9ac1746
zt-gateway  | [perf-request-in] ts_in=1777539092.354584 ts_out=1777539092.355228 gw_proc_ms=0.644 traceId=exp-perf5000-002751-c883033b
zt-gateway  | [perf-request-in] ts_in=1777539092.355257 ts_out=1777539092.355936 gw_proc_ms=0.679 traceId=exp-perf5000-002755-8f2c3a3d
zt-gateway  | [perf-request-in] ts_in=1777539092.355260 ts_out=1777539092.355936 gw_proc_ms=0.676 traceId=exp-perf5000-002753-fb08d471
zt-gateway  | [perf-request-in] ts_in=1777539092.355967 ts_out=1777539092.356611 gw_proc_ms=0.644 traceId=exp-perf5000-002756-f3207756
zt-gateway  | [perf-request-in] ts_in=1777539092.355972 ts_out=1777539092.356637 gw_proc_ms=0.665 traceId=exp-perf5000-002758-a39b165e
zt-gateway  | [perf-request-in] ts_in=1777539092.356651 ts_out=1777539092.357296 gw_proc_ms=0.645 traceId=exp-perf5000-002757-d1b2207b
zt-gateway  | [perf-request-in] ts_in=1777539092.356673 ts_out=1777539092.357339 gw_proc_ms=0.666 traceId=exp-perf5000-002759-f534d849
zt-gateway  | [perf-request-in] ts_in=1777539092.357326 ts_out=1777539092.357998 gw_proc_ms=0.672 traceId=exp-perf5000-002760-db40728b
zt-gateway  | [perf-request-in] ts_in=1777539092.357385 ts_out=1777539092.358204 gw_proc_ms=0.819 traceId=exp-perf5000-002761-797d39b1
zt-gateway  | [perf-request-in] ts_in=1777539092.358032 ts_out=1777539092.358699 gw_proc_ms=0.667 traceId=exp-perf5000-002762-2979bcb0
zt-gateway  | [perf-request-in] ts_in=1777539092.358248 ts_out=1777539092.358952 gw_proc_ms=0.704 traceId=exp-perf5000-002763-03521252
zt-gateway  | [perf-request-in] ts_in=1777539092.358742 ts_out=1777539092.359391 gw_proc_ms=0.649 traceId=exp-perf5000-002764-4904bacb
zt-gateway  | [perf-request-in] ts_in=1777539092.358990 ts_out=1777539092.359670 gw_proc_ms=0.680 traceId=exp-perf5000-002766-c1104215
zt-gateway  | [perf-request-in] ts_in=1777539092.359443 ts_out=1777539092.360116 gw_proc_ms=0.673 traceId=exp-perf5000-002765-cab047ee
zt-gateway  | [perf-request-in] ts_in=1777539092.359709 ts_out=1777539092.360354 gw_proc_ms=0.645 traceId=exp-perf5000-002768-37ad710e
zt-gateway  | [perf-request-in] ts_in=1777539092.360152 ts_out=1777539092.360825 gw_proc_ms=0.673 traceId=exp-perf5000-002767-b7f0019c
zt-gateway  | [perf-request-in] ts_in=1777539092.360385 ts_out=1777539092.361068 gw_proc_ms=0.683 traceId=exp-perf5000-002770-8c34f52b
zt-gateway  | [perf-request-in] ts_in=1777539092.360867 ts_out=1777539092.361546 gw_proc_ms=0.679 traceId=exp-perf5000-002769-31a0ac28
zt-gateway  | [perf-request-in] ts_in=1777539092.361107 ts_out=1777539092.361776 gw_proc_ms=0.669 traceId=exp-perf5000-002773-68c91996
zt-gateway  | [perf-request-in] ts_in=1777539092.361595 ts_out=1777539092.362335 gw_proc_ms=0.740 traceId=exp-perf5000-002771-9a19c06e
zt-gateway  | [perf-request-in] ts_in=1777539092.361812 ts_out=1777539092.362438 gw_proc_ms=0.626 traceId=exp-perf5000-002774-6b80dd3c
zt-gateway  | [perf-request-in] ts_in=1777539092.362468 ts_out=1777539092.363086 gw_proc_ms=0.618 traceId=exp-perf5000-002776-b2cf7528
zt-gateway  | [perf-request-in] ts_in=1777539092.362372 ts_out=1777539092.363112 gw_proc_ms=0.740 traceId=exp-perf5000-002772-96b6cccd
zt-gateway  | [perf-request-in] ts_in=1777539092.363121 ts_out=1777539092.363769 gw_proc_ms=0.648 traceId=exp-perf5000-002779-770d6bad
zt-gateway  | [perf-request-in] ts_in=1777539092.363160 ts_out=1777539092.364323 gw_proc_ms=1.163 traceId=exp-perf5000-002775-b4be7be2
zt-gateway  | [perf-request-in] ts_in=1777539092.363806 ts_out=1777539092.364432 gw_proc_ms=0.626 traceId=exp-perf5000-002781-d28cc9fb
zt-gateway  | [perf-request-in] ts_in=1777539092.364369 ts_out=1777539092.365082 gw_proc_ms=0.713 traceId=exp-perf5000-002777-8b2381c3
zt-gateway  | [perf-request-in] ts_in=1777539092.364471 ts_out=1777539092.365118 gw_proc_ms=0.647 traceId=exp-perf5000-002783-4d762e6f
zt-gateway  | [perf-request-in] ts_in=1777539092.365116 ts_out=1777539092.365811 gw_proc_ms=0.695 traceId=exp-perf5000-002778-b6e828f4
zt-gateway  | [perf-request-in] ts_in=1777539092.365166 ts_out=1777539092.365834 gw_proc_ms=0.668 traceId=exp-perf5000-002785-c7e549fd
zt-gateway  | [perf-request-in] ts_in=1777539092.365843 ts_out=1777539092.366573 gw_proc_ms=0.730 traceId=exp-perf5000-002780-a30c3f59
zt-gateway  | [perf-request-in] ts_in=1777539092.365868 ts_out=1777539092.366602 gw_proc_ms=0.734 traceId=exp-perf5000-002787-1bfbaac5
zt-gateway  | [perf-request-in] ts_in=1777539092.366607 ts_out=1777539092.367298 gw_proc_ms=0.691 traceId=exp-perf5000-002782-bc7b6a26
zt-gateway  | [perf-request-in] ts_in=1777539092.366638 ts_out=1777539092.367307 gw_proc_ms=0.669 traceId=exp-perf5000-002789-149ed754
zt-gateway  | [perf-request-in] ts_in=1777539092.367344 ts_out=1777539092.367980 gw_proc_ms=0.636 traceId=exp-perf5000-002791-f98469ee
zt-gateway  | [perf-request-in] ts_in=1777539092.367338 ts_out=1777539092.367983 gw_proc_ms=0.645 traceId=exp-perf5000-002784-e5886c84
zt-gateway  | [perf-request-in] ts_in=1777539092.368021 ts_out=1777539092.368677 gw_proc_ms=0.656 traceId=exp-perf5000-002786-3a7d8787
zt-gateway  | [perf-request-in] ts_in=1777539092.368013 ts_out=1777539092.368677 gw_proc_ms=0.664 traceId=exp-perf5000-002793-168822db
zt-gateway  | [perf-request-in] ts_in=1777539092.368708 ts_out=1777539092.369310 gw_proc_ms=0.602 traceId=exp-perf5000-002794-12d592e7
zt-gateway  | [perf-request-in] ts_in=1777539092.368706 ts_out=1777539092.369318 gw_proc_ms=0.612 traceId=exp-perf5000-002788-b77a39fa
zt-gateway  | [perf-request-in] ts_in=1777539092.369348 ts_out=1777539092.370003 gw_proc_ms=0.655 traceId=exp-perf5000-002790-e8fb748d
zt-gateway  | [perf-request-in] ts_in=1777539092.369337 ts_out=1777539092.370016 gw_proc_ms=0.679 traceId=exp-perf5000-002797-3897fd29
zt-gateway  | [perf-request-in] ts_in=1777539092.370053 ts_out=1777539092.370690 gw_proc_ms=0.637 traceId=exp-perf5000-002798-94c6b953
zt-gateway  | [perf-request-in] ts_in=1777539092.370047 ts_out=1777539092.370706 gw_proc_ms=0.659 traceId=exp-perf5000-002792-eb480341
zt-gateway  | [perf-request-in] ts_in=1777539092.370734 ts_out=1777539092.371368 gw_proc_ms=0.634 traceId=exp-perf5000-002795-d9876749
zt-gateway  | [perf-request-in] ts_in=1777539092.370719 ts_out=1777539092.371369 gw_proc_ms=0.650 traceId=exp-perf5000-002801-68555cfb
zt-gateway  | [perf-request-in] ts_in=1777539092.371404 ts_out=1777539092.372037 gw_proc_ms=0.633 traceId=exp-perf5000-002802-f31d8c0f
zt-gateway  | [perf-request-in] ts_in=1777539092.371402 ts_out=1777539092.372192 gw_proc_ms=0.790 traceId=exp-perf5000-002796-eb258693
zt-gateway  | [perf-request-in] ts_in=1777539092.372075 ts_out=1777539092.372718 gw_proc_ms=0.643 traceId=exp-perf5000-002804-1a38af26
zt-gateway  | [perf-request-in] ts_in=1777539092.372230 ts_out=1777539092.372907 gw_proc_ms=0.677 traceId=exp-perf5000-002799-a6226165
zt-gateway  | [perf-request-in] ts_in=1777539092.372752 ts_out=1777539092.373394 gw_proc_ms=0.642 traceId=exp-perf5000-002806-20b7a063
zt-gateway  | [perf-request-in] ts_in=1777539092.372953 ts_out=1777539092.373625 gw_proc_ms=0.672 traceId=exp-perf5000-002800-631252cf
zt-gateway  | [perf-request-in] ts_in=1777539092.373435 ts_out=1777539092.374195 gw_proc_ms=0.760 traceId=exp-perf5000-002807-5600d109
zt-gateway  | [perf-request-in] ts_in=1777539092.373663 ts_out=1777539092.374327 gw_proc_ms=0.664 traceId=exp-perf5000-002803-8fea68ca
zt-gateway  | [perf-request-in] ts_in=1777539092.374245 ts_out=1777539092.374928 gw_proc_ms=0.683 traceId=exp-perf5000-002810-d493f907
zt-gateway  | [perf-request-in] ts_in=1777539092.374365 ts_out=1777539092.375037 gw_proc_ms=0.672 traceId=exp-perf5000-002805-302e7f8c
zt-gateway  | [perf-request-in] ts_in=1777539092.374971 ts_out=1777539092.375656 gw_proc_ms=0.685 traceId=exp-perf5000-002812-6574f2d1
zt-gateway  | [perf-request-in] ts_in=1777539092.375072 ts_out=1777539092.375958 gw_proc_ms=0.886 traceId=exp-perf5000-002808-b3874e5e
zt-gateway  | [perf-request-in] ts_in=1777539092.375698 ts_out=1777539092.376430 gw_proc_ms=0.732 traceId=exp-perf5000-002814-196e7cc3
zt-gateway  | [perf-request-in] ts_in=1777539092.376000 ts_out=1777539092.376737 gw_proc_ms=0.737 traceId=exp-perf5000-002809-d1cc3a6e
zt-gateway  | [perf-request-in] ts_in=1777539092.376465 ts_out=1777539092.377201 gw_proc_ms=0.736 traceId=exp-perf5000-002815-bf1332bc
zt-gateway  | [perf-request-in] ts_in=1777539092.376790 ts_out=1777539092.377467 gw_proc_ms=0.677 traceId=exp-perf5000-002811-acc6b672
zt-gateway  | [perf-request-in] ts_in=1777539092.377236 ts_out=1777539092.378046 gw_proc_ms=0.810 traceId=exp-perf5000-002818-bb38d69a
zt-gateway  | [perf-request-in] ts_in=1777539092.377507 ts_out=1777539092.378196 gw_proc_ms=0.689 traceId=exp-perf5000-002813-3fb535f7
zt-gateway  | [perf-request-in] ts_in=1777539092.378086 ts_out=1777539092.378769 gw_proc_ms=0.683 traceId=exp-perf5000-002820-db20cf70
zt-gateway  | [perf-request-in] ts_in=1777539092.378232 ts_out=1777539092.378891 gw_proc_ms=0.659 traceId=exp-perf5000-002816-39cbab22
zt-gateway  | [perf-request-in] ts_in=1777539092.378803 ts_out=1777539092.379474 gw_proc_ms=0.671 traceId=exp-perf5000-002821-e581a320
zt-gateway  | [perf-request-in] ts_in=1777539092.378919 ts_out=1777539092.379596 gw_proc_ms=0.677 traceId=exp-perf5000-002817-e9d5aa65
zt-gateway  | [perf-request-in] ts_in=1777539092.379499 ts_out=1777539092.380248 gw_proc_ms=0.749 traceId=exp-perf5000-002824-3d936e7c
zt-gateway  | [perf-request-in] ts_in=1777539092.379635 ts_out=1777539092.380306 gw_proc_ms=0.671 traceId=exp-perf5000-002819-74e81879
zt-gateway  | [perf-request-in] ts_in=1777539092.380328 ts_out=1777539092.381006 gw_proc_ms=0.678 traceId=exp-perf5000-002822-6c65455c
zt-gateway  | [perf-request-in] ts_in=1777539092.380295 ts_out=1777539092.381009 gw_proc_ms=0.714 traceId=exp-perf5000-002825-93593053
zt-gateway  | [perf-request-in] ts_in=1777539092.381053 ts_out=1777539092.381784 gw_proc_ms=0.731 traceId=exp-perf5000-002823-75d763bc
zt-gateway  | [perf-request-in] ts_in=1777539092.381110 ts_out=1777539092.381791 gw_proc_ms=0.681 traceId=exp-perf5000-002827-e852961d
zt-gateway  | [perf-request-in] ts_in=1777539092.381828 ts_out=1777539092.382486 gw_proc_ms=0.658 traceId=exp-perf5000-002829-7dd91aeb
zt-gateway  | [perf-request-in] ts_in=1777539092.381820 ts_out=1777539092.382491 gw_proc_ms=0.671 traceId=exp-perf5000-002826-bffcdd70
zt-gateway  | [perf-request-in] ts_in=1777539092.382519 ts_out=1777539092.383195 gw_proc_ms=0.676 traceId=exp-perf5000-002831-5c4432f6
zt-gateway  | [perf-request-in] ts_in=1777539092.382522 ts_out=1777539092.383535 gw_proc_ms=1.013 traceId=exp-perf5000-002828-286e2b8b
zt-gateway  | [perf-request-in] ts_in=1777539092.383223 ts_out=1777539092.383875 gw_proc_ms=0.652 traceId=exp-perf5000-002833-8c0b0400
zt-gateway  | [perf-request-in] ts_in=1777539092.383590 ts_out=1777539092.384244 gw_proc_ms=0.654 traceId=exp-perf5000-002830-41fc51e0
zt-gateway  | [perf-request-in] ts_in=1777539092.383940 ts_out=1777539092.384527 gw_proc_ms=0.587 traceId=exp-perf5000-002835-93a46c17
zt-gateway  | [perf-request-in] ts_in=1777539092.384278 ts_out=1777539092.384948 gw_proc_ms=0.670 traceId=exp-perf5000-002832-4a84dad1
zt-gateway  | [perf-request-in] ts_in=1777539092.384552 ts_out=1777539092.385201 gw_proc_ms=0.649 traceId=exp-perf5000-002837-4453788c
zt-gateway  | [perf-request-in] ts_in=1777539092.384978 ts_out=1777539092.385589 gw_proc_ms=0.611 traceId=exp-perf5000-002834-1dce19bb
zt-gateway  | [perf-request-in] ts_in=1777539092.385237 ts_out=1777539092.385834 gw_proc_ms=0.597 traceId=exp-perf5000-002839-b8100f3b
zt-gateway  | [perf-request-in] ts_in=1777539092.385615 ts_out=1777539092.386216 gw_proc_ms=0.601 traceId=exp-perf5000-002836-68004242
zt-gateway  | [perf-request-in] ts_in=1777539092.386243 ts_out=1777539092.386884 gw_proc_ms=0.641 traceId=exp-perf5000-002838-177a0c9e
zt-gateway  | [perf-request-in] ts_in=1777539092.385855 ts_out=1777539092.387083 gw_proc_ms=1.228 traceId=exp-perf5000-002841-b1a52484
zt-gateway  | [perf-request-in] ts_in=1777539092.386915 ts_out=1777539092.387543 gw_proc_ms=0.628 traceId=exp-perf5000-002840-23348c37
zt-gateway  | [perf-request-in] ts_in=1777539092.387152 ts_out=1777539092.387837 gw_proc_ms=0.685 traceId=exp-perf5000-002843-ef73df1e
zt-gateway  | [perf-request-in] ts_in=1777539092.387592 ts_out=1777539092.388227 gw_proc_ms=0.635 traceId=exp-perf5000-002842-7a24a98c
zt-gateway  | [perf-request-in] ts_in=1777539092.387878 ts_out=1777539092.388613 gw_proc_ms=0.735 traceId=exp-perf5000-002845-46d8cc4c
zt-gateway  | [perf-request-in] ts_in=1777539092.388265 ts_out=1777539092.388892 gw_proc_ms=0.627 traceId=exp-perf5000-002844-0809e216
zt-gateway  | [perf-request-in] ts_in=1777539092.388641 ts_out=1777539092.389262 gw_proc_ms=0.621 traceId=exp-perf5000-002847-352d4d60
zt-gateway  | [perf-request-in] ts_in=1777539092.388922 ts_out=1777539092.389594 gw_proc_ms=0.672 traceId=exp-perf5000-002846-9abe6787
zt-gateway  | [perf-request-in] ts_in=1777539092.389297 ts_out=1777539092.389949 gw_proc_ms=0.652 traceId=exp-perf5000-002848-f87c5f06
zt-gateway  | [perf-request-in] ts_in=1777539092.389619 ts_out=1777539092.390274 gw_proc_ms=0.655 traceId=exp-perf5000-002849-857ca2a4
zt-gateway  | [perf-request-in] ts_in=1777539092.389991 ts_out=1777539092.390655 gw_proc_ms=0.664 traceId=exp-perf5000-002850-cb89c33a
zt-gateway  | [perf-request-in] ts_in=1777539092.390317 ts_out=1777539092.391040 gw_proc_ms=0.723 traceId=exp-perf5000-002851-347051e5
zt-gateway  | [perf-request-in] ts_in=1777539092.390685 ts_out=1777539092.391305 gw_proc_ms=0.620 traceId=exp-perf5000-002853-53fcc330
zt-gateway  | [perf-request-in] ts_in=1777539092.391186 ts_out=1777539092.391929 gw_proc_ms=0.743 traceId=exp-perf5000-002852-1aa5d502
zt-gateway  | [perf-request-in] ts_in=1777539092.391336 ts_out=1777539092.391964 gw_proc_ms=0.628 traceId=exp-perf5000-002854-fdcb6bff
zt-gateway  | [perf-request-in] ts_in=1777539092.391989 ts_out=1777539092.392638 gw_proc_ms=0.649 traceId=exp-perf5000-002857-7d4ff43a
zt-gateway  | [perf-request-in] ts_in=1777539092.391974 ts_out=1777539092.392670 gw_proc_ms=0.696 traceId=exp-perf5000-002855-89fba281
zt-gateway  | [perf-request-in] ts_in=1777539092.392672 ts_out=1777539092.393318 gw_proc_ms=0.646 traceId=exp-perf5000-002859-d1b9830e
zt-gateway  | [perf-request-in] ts_in=1777539092.392710 ts_out=1777539092.393369 gw_proc_ms=0.659 traceId=exp-perf5000-002856-779327ef
zt-gateway  | [perf-request-in] ts_in=1777539092.393349 ts_out=1777539092.394059 gw_proc_ms=0.710 traceId=exp-perf5000-002861-ee60abc0
zt-gateway  | [perf-request-in] ts_in=1777539092.393399 ts_out=1777539092.394113 gw_proc_ms=0.714 traceId=exp-perf5000-002858-192df054
zt-gateway  | [perf-request-in] ts_in=1777539092.394097 ts_out=1777539092.394749 gw_proc_ms=0.652 traceId=exp-perf5000-002863-adaf621a
zt-gateway  | [perf-request-in] ts_in=1777539092.394155 ts_out=1777539092.394811 gw_proc_ms=0.656 traceId=exp-perf5000-002860-2d28291d
zt-gateway  | [perf-request-in] ts_in=1777539092.394797 ts_out=1777539092.395527 gw_proc_ms=0.730 traceId=exp-perf5000-002865-21023d81
zt-gateway  | [perf-request-in] ts_in=1777539092.394842 ts_out=1777539092.395540 gw_proc_ms=0.698 traceId=exp-perf5000-002862-a5dc591a
zt-gateway  | [perf-request-in] ts_in=1777539092.395582 ts_out=1777539092.396378 gw_proc_ms=0.796 traceId=exp-perf5000-002867-421a1e13
zt-gateway  | [perf-request-in] ts_in=1777539092.395590 ts_out=1777539092.396501 gw_proc_ms=0.911 traceId=exp-perf5000-002864-778f385b
zt-gateway  | [perf-request-in] ts_in=1777539092.396415 ts_out=1777539092.397272 gw_proc_ms=0.857 traceId=exp-perf5000-002869-9238b602
zt-gateway  | [perf-request-in] ts_in=1777539092.396549 ts_out=1777539092.397398 gw_proc_ms=0.849 traceId=exp-perf5000-002866-1d25ff9e
zt-gateway  | [perf-request-in] ts_in=1777539092.397436 ts_out=1777539092.398299 gw_proc_ms=0.863 traceId=exp-perf5000-002868-a9161728
zt-gateway  | [perf-request-in] ts_in=1777539092.397309 ts_out=1777539092.398300 gw_proc_ms=0.991 traceId=exp-perf5000-002871-f593d02e
zt-gateway  | [perf-request-in] ts_in=1777539092.398338 ts_out=1777539092.399282 gw_proc_ms=0.944 traceId=exp-perf5000-002873-85389d00
zt-gateway  | [perf-request-in] ts_in=1777539092.398342 ts_out=1777539092.399345 gw_proc_ms=1.003 traceId=exp-perf5000-002870-8b4d81f6
zt-gateway  | [perf-request-in] ts_in=1777539092.399459 ts_out=1777539092.400590 gw_proc_ms=1.131 traceId=exp-perf5000-002872-6607ae96
zt-gateway  | [perf-request-in] ts_in=1777539092.399342 ts_out=1777539092.401091 gw_proc_ms=1.749 traceId=exp-perf5000-002874-8d8c8283
zt-gateway  | [perf-request-in] ts_in=1777539092.400745 ts_out=1777539092.401729 gw_proc_ms=0.984 traceId=exp-perf5000-002875-1a3eb6b8
zt-gateway  | [perf-request-in] ts_in=1777539092.401257 ts_out=1777539092.402387 gw_proc_ms=1.130 traceId=exp-perf5000-002876-03557a92
zt-gateway  | [perf-request-in] ts_in=1777539092.401770 ts_out=1777539092.402550 gw_proc_ms=0.780 traceId=exp-perf5000-002877-9c6a2d5d
zt-gateway  | [perf-request-in] ts_in=1777539092.402448 ts_out=1777539092.403280 gw_proc_ms=0.832 traceId=exp-perf5000-002878-e0ae1f17
zt-gateway  | [perf-request-in] ts_in=1777539092.402598 ts_out=1777539092.403351 gw_proc_ms=0.753 traceId=exp-perf5000-002879-3dad7824
zt-gateway  | [perf-request-in] ts_in=1777539092.403337 ts_out=1777539092.404202 gw_proc_ms=0.865 traceId=exp-perf5000-002880-37d73823
zt-gateway  | [perf-request-in] ts_in=1777539092.403396 ts_out=1777539092.404251 gw_proc_ms=0.855 traceId=exp-perf5000-002881-9e375582
zt-gateway  | [perf-request-in] ts_in=1777539092.404256 ts_out=1777539092.405150 gw_proc_ms=0.894 traceId=exp-perf5000-002882-0f45f787
zt-gateway  | [perf-request-in] ts_in=1777539092.404290 ts_out=1777539092.405155 gw_proc_ms=0.865 traceId=exp-perf5000-002884-80c4d0cd
zt-gateway  | [perf-request-in] ts_in=1777539092.405197 ts_out=1777539092.406006 gw_proc_ms=0.809 traceId=exp-perf5000-002885-cff061e4
zt-gateway  | [perf-request-in] ts_in=1777539092.405191 ts_out=1777539092.406013 gw_proc_ms=0.822 traceId=exp-perf5000-002883-8721e68f
zt-gateway  | [perf-request-in] ts_in=1777539092.406054 ts_out=1777539092.406850 gw_proc_ms=0.796 traceId=exp-perf5000-002888-8159a11a
zt-gateway  | [perf-request-in] ts_in=1777539092.406061 ts_out=1777539092.406919 gw_proc_ms=0.858 traceId=exp-perf5000-002886-f4df8b47
zt-gateway  | [perf-request-in] ts_in=1777539092.406932 ts_out=1777539092.407756 gw_proc_ms=0.824 traceId=exp-perf5000-002890-23ee5b6b
zt-gateway  | [perf-request-in] ts_in=1777539092.406966 ts_out=1777539092.407767 gw_proc_ms=0.801 traceId=exp-perf5000-002887-0ac51575
zt-gateway  | [perf-request-in] ts_in=1777539092.407808 ts_out=1777539092.408628 gw_proc_ms=0.820 traceId=exp-perf5000-002889-8c23e34e
zt-gateway  | [perf-request-in] ts_in=1777539092.407797 ts_out=1777539092.408880 gw_proc_ms=1.083 traceId=exp-perf5000-002891-e62d2497
zt-gateway  | [perf-request-in] ts_in=1777539092.408678 ts_out=1777539092.409494 gw_proc_ms=0.816 traceId=exp-perf5000-002892-104528f8
zt-gateway  | [perf-request-in] ts_in=1777539092.408930 ts_out=1777539092.409828 gw_proc_ms=0.898 traceId=exp-perf5000-002893-ac6fb4d1
zt-gateway  | [perf-request-in] ts_in=1777539092.409542 ts_out=1777539092.410355 gw_proc_ms=0.813 traceId=exp-perf5000-002894-8249032d
zt-gateway  | [perf-request-in] ts_in=1777539092.409869 ts_out=1777539092.410692 gw_proc_ms=0.823 traceId=exp-perf5000-002895-a5440799
zt-gateway  | [perf-request-in] ts_in=1777539092.410400 ts_out=1777539092.411214 gw_proc_ms=0.814 traceId=exp-perf5000-002896-fe4ee85e
zt-gateway  | [perf-request-in] ts_in=1777539092.410727 ts_out=1777539092.411531 gw_proc_ms=0.804 traceId=exp-perf5000-002897-cdb454db
zt-gateway  | [perf-request-in] ts_in=1777539092.411257 ts_out=1777539092.412048 gw_proc_ms=0.791 traceId=exp-perf5000-002898-ad5eaed6
zt-gateway  | [perf-request-in] ts_in=1777539092.411588 ts_out=1777539092.412885 gw_proc_ms=1.297 traceId=exp-perf5000-002900-6aff6c1f
zt-gateway  | [perf-request-in] ts_in=1777539092.412087 ts_out=1777539092.412985 gw_proc_ms=0.898 traceId=exp-perf5000-002899-6bc02c25
zt-gateway  | [perf-request-in] ts_in=1777539092.412932 ts_out=1777539092.413704 gw_proc_ms=0.772 traceId=exp-perf5000-002902-041e7623
zt-gateway  | [perf-request-in] ts_in=1777539092.413028 ts_out=1777539092.413897 gw_proc_ms=0.869 traceId=exp-perf5000-002901-fa2628a4
zt-gateway  | [perf-request-in] ts_in=1777539092.413750 ts_out=1777539092.414544 gw_proc_ms=0.794 traceId=exp-perf5000-002904-96054af2
zt-gateway  | [perf-request-in] ts_in=1777539092.413939 ts_out=1777539092.414818 gw_proc_ms=0.879 traceId=exp-perf5000-002903-e86f1204
zt-gateway  | [perf-request-in] ts_in=1777539092.414587 ts_out=1777539092.415306 gw_proc_ms=0.719 traceId=exp-perf5000-002906-871d13d1
zt-gateway  | [perf-request-in] ts_in=1777539092.414852 ts_out=1777539092.415688 gw_proc_ms=0.836 traceId=exp-perf5000-002905-c00e5239
zt-gateway  | [perf-request-in] ts_in=1777539092.415344 ts_out=1777539092.416111 gw_proc_ms=0.767 traceId=exp-perf5000-002908-96fb1010
zt-gateway  | [perf-request-in] ts_in=1777539092.415728 ts_out=1777539092.416495 gw_proc_ms=0.767 traceId=exp-perf5000-002907-f1e981ff
zt-gateway  | [perf-request-in] ts_in=1777539092.416147 ts_out=1777539092.416900 gw_proc_ms=0.753 traceId=exp-perf5000-002910-ea225a91
zt-gateway  | [perf-request-in] ts_in=1777539092.416527 ts_out=1777539092.417368 gw_proc_ms=0.841 traceId=exp-perf5000-002909-05c0b3cc
zt-gateway  | [perf-request-in] ts_in=1777539092.416937 ts_out=1777539092.417662 gw_proc_ms=0.725 traceId=exp-perf5000-002912-c7805095
zt-gateway  | [perf-request-in] ts_in=1777539092.417409 ts_out=1777539092.418095 gw_proc_ms=0.686 traceId=exp-perf5000-002911-8e3b2294
zt-gateway  | [perf-request-in] ts_in=1777539092.417689 ts_out=1777539092.418305 gw_proc_ms=0.616 traceId=exp-perf5000-002914-ec7914da
zt-gateway  | [perf-request-in] ts_in=1777539092.418130 ts_out=1777539092.418829 gw_proc_ms=0.699 traceId=exp-perf5000-002913-82238291
zt-gateway  | [perf-request-in] ts_in=1777539092.418328 ts_out=1777539092.418971 gw_proc_ms=0.643 traceId=exp-perf5000-002916-10de6103
zt-gateway  | [perf-request-in] ts_in=1777539092.418865 ts_out=1777539092.419522 gw_proc_ms=0.657 traceId=exp-perf5000-002915-be63dc21
zt-gateway  | [perf-request-in] ts_in=1777539092.419001 ts_out=1777539092.419624 gw_proc_ms=0.623 traceId=exp-perf5000-002917-ca907c26
zt-gateway  | [perf-request-in] ts_in=1777539092.419556 ts_out=1777539092.420200 gw_proc_ms=0.644 traceId=exp-perf5000-002918-4c7b7eef
zt-gateway  | [perf-request-in] ts_in=1777539092.419659 ts_out=1777539092.420294 gw_proc_ms=0.635 traceId=exp-perf5000-002920-26c1d1d6
zt-gateway  | [perf-request-in] ts_in=1777539092.420238 ts_out=1777539092.420904 gw_proc_ms=0.666 traceId=exp-perf5000-002919-fb9f7bc7
zt-gateway  | [perf-request-in] ts_in=1777539092.420320 ts_out=1777539092.420946 gw_proc_ms=0.626 traceId=exp-perf5000-002921-3d28208b
zt-gateway  | [perf-request-in] ts_in=1777539092.420938 ts_out=1777539092.421573 gw_proc_ms=0.635 traceId=exp-perf5000-002922-2e35875d
zt-gateway  | [perf-request-in] ts_in=1777539092.420974 ts_out=1777539092.421603 gw_proc_ms=0.629 traceId=exp-perf5000-002923-0335bdb9
zt-gateway  | [perf-request-in] ts_in=1777539092.421629 ts_out=1777539092.422296 gw_proc_ms=0.667 traceId=exp-perf5000-002926-d49c8d1e
zt-gateway  | [perf-request-in] ts_in=1777539092.421601 ts_out=1777539092.422298 gw_proc_ms=0.697 traceId=exp-perf5000-002924-844eedd7
zt-gateway  | [perf-request-in] ts_in=1777539092.422331 ts_out=1777539092.422972 gw_proc_ms=0.641 traceId=exp-perf5000-002928-0a7ad4f7
zt-gateway  | [perf-request-in] ts_in=1777539092.423095 ts_out=1777539092.423704 gw_proc_ms=0.609 traceId=exp-perf5000-002930-6f6bb53b
zt-gateway  | [perf-request-in] ts_in=1777539092.422338 ts_out=1777539092.423916 gw_proc_ms=1.578 traceId=exp-perf5000-002925-14501100
zt-gateway  | [perf-request-in] ts_in=1777539092.423741 ts_out=1777539092.424380 gw_proc_ms=0.639 traceId=exp-perf5000-002932-d1283945
zt-gateway  | [perf-request-in] ts_in=1777539092.423985 ts_out=1777539092.424724 gw_proc_ms=0.739 traceId=exp-perf5000-002927-7d17eb31
zt-gateway  | [perf-request-in] ts_in=1777539092.424411 ts_out=1777539092.425025 gw_proc_ms=0.614 traceId=exp-perf5000-002934-c2725843
zt-gateway  | [perf-request-in] ts_in=1777539092.424801 ts_out=1777539092.425440 gw_proc_ms=0.639 traceId=exp-perf5000-002929-ca4f5747
zt-gateway  | [perf-request-in] ts_in=1777539092.425060 ts_out=1777539092.425676 gw_proc_ms=0.616 traceId=exp-perf5000-002937-6feabd00
zt-gateway  | [perf-request-in] ts_in=1777539092.425481 ts_out=1777539092.426132 gw_proc_ms=0.651 traceId=exp-perf5000-002931-c1c570e6
zt-gateway  | [perf-request-in] ts_in=1777539092.425706 ts_out=1777539092.426310 gw_proc_ms=0.604 traceId=exp-perf5000-002938-99c2200f
zt-gateway  | [perf-request-in] ts_in=1777539092.426164 ts_out=1777539092.426944 gw_proc_ms=0.780 traceId=exp-perf5000-002933-a7a92309
zt-gateway  | [perf-request-in] ts_in=1777539092.426339 ts_out=1777539092.427208 gw_proc_ms=0.869 traceId=exp-perf5000-002939-40129ad5
zt-gateway  | [perf-request-in] ts_in=1777539092.426983 ts_out=1777539092.427924 gw_proc_ms=0.941 traceId=exp-perf5000-002935-bb7b351e
zt-gateway  | [perf-request-in] ts_in=1777539092.427245 ts_out=1777539092.427960 gw_proc_ms=0.715 traceId=exp-perf5000-002941-e6a39bcd
zt-gateway  | [perf-request-in] ts_in=1777539092.427986 ts_out=1777539092.428600 gw_proc_ms=0.614 traceId=exp-perf5000-002943-53f22224
zt-gateway  | [perf-request-in] ts_in=1777539092.427977 ts_out=1777539092.428648 gw_proc_ms=0.671 traceId=exp-perf5000-002936-05431f52
zt-gateway  | [perf-request-in] ts_in=1777539092.428665 ts_out=1777539092.429259 gw_proc_ms=0.594 traceId=exp-perf5000-002945-d58e768e
zt-gateway  | [perf-request-in] ts_in=1777539092.428673 ts_out=1777539092.429295 gw_proc_ms=0.622 traceId=exp-perf5000-002940-de2abcb0
zt-gateway  | [perf-request-in] ts_in=1777539092.429288 ts_out=1777539092.429939 gw_proc_ms=0.651 traceId=exp-perf5000-002947-6e917015
zt-gateway  | [perf-request-in] ts_in=1777539092.429325 ts_out=1777539092.429940 gw_proc_ms=0.615 traceId=exp-perf5000-002942-d9f7d0b0
zt-gateway  | [perf-request-in] ts_in=1777539092.429968 ts_out=1777539092.430593 gw_proc_ms=0.625 traceId=exp-perf5000-002944-9fe96c03
zt-gateway  | [perf-request-in] ts_in=1777539092.430012 ts_out=1777539092.430631 gw_proc_ms=0.619 traceId=exp-perf5000-002949-ddced251
zt-gateway  | [perf-request-in] ts_in=1777539092.430627 ts_out=1777539092.431242 gw_proc_ms=0.615 traceId=exp-perf5000-002946-86d016d5
zt-gateway  | [perf-request-in] ts_in=1777539092.430653 ts_out=1777539092.431328 gw_proc_ms=0.675 traceId=exp-perf5000-002950-973b6a86
zt-gateway  | [perf-request-in] ts_in=1777539092.431282 ts_out=1777539092.431914 gw_proc_ms=0.632 traceId=exp-perf5000-002948-84edaeff
zt-gateway  | [perf-request-in] ts_in=1777539092.431357 ts_out=1777539092.431953 gw_proc_ms=0.596 traceId=exp-perf5000-002953-ffeb1e21
zt-gateway  | [perf-request-in] ts_in=1777539092.431946 ts_out=1777539092.432547 gw_proc_ms=0.601 traceId=exp-perf5000-002951-120ca54f
zt-gateway  | [perf-request-in] ts_in=1777539092.431974 ts_out=1777539092.432557 gw_proc_ms=0.583 traceId=exp-perf5000-002955-f4203d53
zt-gateway  | [perf-request-in] ts_in=1777539092.432596 ts_out=1777539092.433210 gw_proc_ms=0.614 traceId=exp-perf5000-002957-628577c3
zt-gateway  | [perf-request-in] ts_in=1777539092.432593 ts_out=1777539092.433220 gw_proc_ms=0.627 traceId=exp-perf5000-002952-9694ab87
zt-gateway  | [perf-request-in] ts_in=1777539092.433250 ts_out=1777539092.433890 gw_proc_ms=0.640 traceId=exp-perf5000-002954-cdc3cab4
zt-gateway  | [perf-request-in] ts_in=1777539092.433238 ts_out=1777539092.433931 gw_proc_ms=0.693 traceId=exp-perf5000-002959-f1d90e90
zt-gateway  | [perf-request-in] ts_in=1777539092.433957 ts_out=1777539092.434640 gw_proc_ms=0.683 traceId=exp-perf5000-002961-e6d864ec
zt-gateway  | [perf-request-in] ts_in=1777539092.433921 ts_out=1777539092.434701 gw_proc_ms=0.780 traceId=exp-perf5000-002956-6944f876
zt-gateway  | [perf-request-in] ts_in=1777539092.434736 ts_out=1777539092.435372 gw_proc_ms=0.636 traceId=exp-perf5000-002958-a282f0de
zt-gateway  | [perf-request-in] ts_in=1777539092.434793 ts_out=1777539092.435625 gw_proc_ms=0.832 traceId=exp-perf5000-002963-3cb57b8d
zt-gateway  | [perf-request-in] ts_in=1777539092.435413 ts_out=1777539092.436076 gw_proc_ms=0.663 traceId=exp-perf5000-002960-ab7224b7
zt-gateway  | [perf-request-in] ts_in=1777539092.435871 ts_out=1777539092.436604 gw_proc_ms=0.733 traceId=exp-perf5000-002964-49cead1e
zt-gateway  | [perf-request-in] ts_in=1777539092.436113 ts_out=1777539092.436782 gw_proc_ms=0.669 traceId=exp-perf5000-002962-d01ed9a0
zt-gateway  | [perf-request-in] ts_in=1777539092.436648 ts_out=1777539092.437287 gw_proc_ms=0.639 traceId=exp-perf5000-002965-84af222e
zt-gateway  | [perf-request-in] ts_in=1777539092.436813 ts_out=1777539092.437447 gw_proc_ms=0.634 traceId=exp-perf5000-002967-a04e5081
zt-gateway  | [perf-request-in] ts_in=1777539092.437327 ts_out=1777539092.437943 gw_proc_ms=0.616 traceId=exp-perf5000-002966-7364590d
zt-gateway  | [perf-request-in] ts_in=1777539092.437471 ts_out=1777539092.438152 gw_proc_ms=0.681 traceId=exp-perf5000-002969-4c905c01
zt-gateway  | [perf-request-in] ts_in=1777539092.437975 ts_out=1777539092.438588 gw_proc_ms=0.613 traceId=exp-perf5000-002972-7849a299
zt-gateway  | [perf-request-in] ts_in=1777539092.438185 ts_out=1777539092.438900 gw_proc_ms=0.715 traceId=exp-perf5000-002968-a2506406
zt-gateway  | [perf-request-in] ts_in=1777539092.438624 ts_out=1777539092.439233 gw_proc_ms=0.609 traceId=exp-perf5000-002973-0a740383
zt-gateway  | [perf-request-in] ts_in=1777539092.438933 ts_out=1777539092.439555 gw_proc_ms=0.622 traceId=exp-perf5000-002970-933aef03
zt-gateway  | [perf-request-in] ts_in=1777539092.439263 ts_out=1777539092.439979 gw_proc_ms=0.716 traceId=exp-perf5000-002975-801bee66
zt-gateway  | [perf-request-in] ts_in=1777539092.439595 ts_out=1777539092.440365 gw_proc_ms=0.770 traceId=exp-perf5000-002971-e025e720
zt-gateway  | [perf-request-in] ts_in=1777539092.440097 ts_out=1777539092.440848 gw_proc_ms=0.751 traceId=exp-perf5000-002977-40dfd711
zt-gateway  | [perf-request-in] ts_in=1777539092.440403 ts_out=1777539092.441101 gw_proc_ms=0.698 traceId=exp-perf5000-002974-cb0410be
zt-gateway  | [perf-request-in] ts_in=1777539092.440908 ts_out=1777539092.441604 gw_proc_ms=0.696 traceId=exp-perf5000-002979-56596d05
zt-gateway  | [perf-request-in] ts_in=1777539092.441142 ts_out=1777539092.441803 gw_proc_ms=0.661 traceId=exp-perf5000-002976-d6ba326b
zt-gateway  | [perf-request-in] ts_in=1777539092.441653 ts_out=1777539092.442344 gw_proc_ms=0.691 traceId=exp-perf5000-002981-5b7a7fab
zt-gateway  | [perf-request-in] ts_in=1777539092.441831 ts_out=1777539092.442759 gw_proc_ms=0.928 traceId=exp-perf5000-002978-3778845c
zt-gateway  | [perf-request-in] ts_in=1777539092.442382 ts_out=1777539092.443075 gw_proc_ms=0.693 traceId=exp-perf5000-002982-eca1a4d4
zt-gateway  | [perf-request-in] ts_in=1777539092.442799 ts_out=1777539092.443416 gw_proc_ms=0.617 traceId=exp-perf5000-002980-12b8516a
zt-gateway  | [perf-request-in] ts_in=1777539092.443116 ts_out=1777539092.443773 gw_proc_ms=0.657 traceId=exp-perf5000-002984-35b6e6d0
zt-gateway  | [perf-request-in] ts_in=1777539092.443446 ts_out=1777539092.444089 gw_proc_ms=0.643 traceId=exp-perf5000-002983-2a806956
zt-gateway  | [perf-request-in] ts_in=1777539092.443807 ts_out=1777539092.444476 gw_proc_ms=0.669 traceId=exp-perf5000-002986-0645cee4
zt-gateway  | [perf-request-in] ts_in=1777539092.444124 ts_out=1777539092.444784 gw_proc_ms=0.660 traceId=exp-perf5000-002985-74a62b3f
zt-gateway  | [perf-request-in] ts_in=1777539092.444508 ts_out=1777539092.445239 gw_proc_ms=0.731 traceId=exp-perf5000-002988-1b81cfee
zt-gateway  | [perf-request-in] ts_in=1777539092.444819 ts_out=1777539092.445477 gw_proc_ms=0.658 traceId=exp-perf5000-002987-3b8c6737
zt-gateway  | [perf-request-in] ts_in=1777539092.445275 ts_out=1777539092.445970 gw_proc_ms=0.695 traceId=exp-perf5000-002991-80639d2b
zt-gateway  | [perf-request-in] ts_in=1777539092.445509 ts_out=1777539092.446237 gw_proc_ms=0.728 traceId=exp-perf5000-002989-b83b20eb
zt-gateway  | [perf-request-in] ts_in=1777539092.446008 ts_out=1777539092.446696 gw_proc_ms=0.688 traceId=exp-perf5000-002993-29f23299
zt-gateway  | [perf-request-in] ts_in=1777539092.446268 ts_out=1777539092.447219 gw_proc_ms=0.951 traceId=exp-perf5000-002990-5ef4bb35
zt-gateway  | [perf-request-in] ts_in=1777539092.446741 ts_out=1777539092.447415 gw_proc_ms=0.674 traceId=exp-perf5000-002995-2c3770b6
zt-gateway  | [perf-request-in] ts_in=1777539092.447378 ts_out=1777539092.448122 gw_proc_ms=0.744 traceId=exp-perf5000-002992-95832178
zt-gateway  | [perf-request-in] ts_in=1777539092.447492 ts_out=1777539092.448289 gw_proc_ms=0.797 traceId=exp-perf5000-002997-8b08a21d
zt-gateway  | [perf-request-in] ts_in=1777539092.448162 ts_out=1777539092.448849 gw_proc_ms=0.687 traceId=exp-perf5000-002994-8f97109b
zt-gateway  | [perf-request-in] ts_in=1777539092.448321 ts_out=1777539092.448984 gw_proc_ms=0.663 traceId=exp-perf5000-002999-c6b7e2cd
zt-gateway  | [perf-request-in] ts_in=1777539092.449021 ts_out=1777539092.449752 gw_proc_ms=0.731 traceId=exp-perf5000-003001-d321fd71
zt-gateway  | [perf-request-in] ts_in=1777539092.448879 ts_out=1777539092.449808 gw_proc_ms=0.929 traceId=exp-perf5000-002996-ca59417a
zt-gateway  | [perf-request-in] ts_in=1777539092.449833 ts_out=1777539092.450502 gw_proc_ms=0.669 traceId=exp-perf5000-002998-66226bc7
zt-gateway  | [perf-request-in] ts_in=1777539092.449798 ts_out=1777539092.450819 gw_proc_ms=1.021 traceId=exp-perf5000-003003-aadb1a40
zt-gateway  | [perf-request-in] ts_in=1777539092.450542 ts_out=1777539092.451206 gw_proc_ms=0.664 traceId=exp-perf5000-003000-3e6c1db7
zt-gateway  | [perf-request-in] ts_in=1777539092.450858 ts_out=1777539092.451496 gw_proc_ms=0.638 traceId=exp-perf5000-003005-d49eee7d
zt-gateway  | [perf-request-in] ts_in=1777539092.451239 ts_out=1777539092.451862 gw_proc_ms=0.623 traceId=exp-perf5000-003002-3c0edcad
zt-gateway  | [perf-request-in] ts_in=1777539092.451527 ts_out=1777539092.452138 gw_proc_ms=0.611 traceId=exp-perf5000-003007-673095cf
zt-gateway  | [perf-request-in] ts_in=1777539092.451890 ts_out=1777539092.452523 gw_proc_ms=0.633 traceId=exp-perf5000-003004-1e42eb8d
zt-gateway  | [perf-request-in] ts_in=1777539092.452163 ts_out=1777539092.452772 gw_proc_ms=0.609 traceId=exp-perf5000-003009-674713e8
zt-gateway  | [perf-request-in] ts_in=1777539092.452553 ts_out=1777539092.453145 gw_proc_ms=0.592 traceId=exp-perf5000-003006-1de3afd1
zt-gateway  | [perf-request-in] ts_in=1777539092.452791 ts_out=1777539092.453363 gw_proc_ms=0.572 traceId=exp-perf5000-003011-e8057167
zt-gateway  | [perf-request-in] ts_in=1777539092.453390 ts_out=1777539092.454024 gw_proc_ms=0.634 traceId=exp-perf5000-003013-3eac8b92
zt-gateway  | [perf-request-in] ts_in=1777539092.453170 ts_out=1777539092.454025 gw_proc_ms=0.855 traceId=exp-perf5000-003008-46173b70
zt-gateway  | [perf-request-in] ts_in=1777539092.454050 ts_out=1777539092.454677 gw_proc_ms=0.627 traceId=exp-perf5000-003015-14d0521a
zt-gateway  | [perf-request-in] ts_in=1777539092.454059 ts_out=1777539092.454691 gw_proc_ms=0.632 traceId=exp-perf5000-003010-11fd7df6
zt-gateway  | [perf-request-in] ts_in=1777539092.454702 ts_out=1777539092.455290 gw_proc_ms=0.588 traceId=exp-perf5000-003016-6f02008c
zt-gateway  | [perf-request-in] ts_in=1777539092.454719 ts_out=1777539092.455313 gw_proc_ms=0.594 traceId=exp-perf5000-003012-8156ef77
zt-gateway  | [perf-request-in] ts_in=1777539092.455312 ts_out=1777539092.455905 gw_proc_ms=0.593 traceId=exp-perf5000-003019-4e91d5aa
zt-gateway  | [perf-request-in] ts_in=1777539092.455345 ts_out=1777539092.455940 gw_proc_ms=0.595 traceId=exp-perf5000-003014-69c6e211
zt-gateway  | [perf-request-in] ts_in=1777539092.455931 ts_out=1777539092.456583 gw_proc_ms=0.652 traceId=exp-perf5000-003020-d16ae3b1
zt-gateway  | [perf-request-in] ts_in=1777539092.455961 ts_out=1777539092.456746 gw_proc_ms=0.785 traceId=exp-perf5000-003017-3dd01d22
zt-gateway  | [perf-request-in] ts_in=1777539092.456612 ts_out=1777539092.457258 gw_proc_ms=0.646 traceId=exp-perf5000-003022-579b5ef6
zt-gateway  | [perf-request-in] ts_in=1777539092.456803 ts_out=1777539092.458098 gw_proc_ms=1.295 traceId=exp-perf5000-003018-24344473
zt-gateway  | [perf-request-in] ts_in=1777539092.457298 ts_out=1777539092.458109 gw_proc_ms=0.811 traceId=exp-perf5000-003025-2337c2f2
zt-gateway  | [perf-request-in] ts_in=1777539092.458149 ts_out=1777539092.458904 gw_proc_ms=0.755 traceId=exp-perf5000-003026-65707fc3
zt-gateway  | [perf-request-in] ts_in=1777539092.458153 ts_out=1777539092.458989 gw_proc_ms=0.836 traceId=exp-perf5000-003021-cc88e162
zt-gateway  | [perf-request-in] ts_in=1777539092.458941 ts_out=1777539092.459617 gw_proc_ms=0.676 traceId=exp-perf5000-003027-49be9492
zt-gateway  | [perf-request-in] ts_in=1777539092.459055 ts_out=1777539092.459801 gw_proc_ms=0.746 traceId=exp-perf5000-003023-17fe8701
zt-gateway  | [perf-request-in] ts_in=1777539092.459835 ts_out=1777539092.460764 gw_proc_ms=0.929 traceId=exp-perf5000-003024-736d1588
zt-gateway  | [perf-request-in] ts_in=1777539092.459644 ts_out=1777539092.460900 gw_proc_ms=1.256 traceId=exp-perf5000-003029-549e951d
zt-gateway  | [perf-request-in] ts_in=1777539092.460851 ts_out=1777539092.461556 gw_proc_ms=0.705 traceId=exp-perf5000-003028-bd172aa3
zt-gateway  | [perf-request-in] ts_in=1777539092.460947 ts_out=1777539092.461696 gw_proc_ms=0.749 traceId=exp-perf5000-003031-b01936c7
zt-gateway  | [perf-request-in] ts_in=1777539092.461604 ts_out=1777539092.462363 gw_proc_ms=0.759 traceId=exp-perf5000-003030-ce9dce1d
zt-gateway  | [perf-request-in] ts_in=1777539092.461990 ts_out=1777539092.462865 gw_proc_ms=0.875 traceId=exp-perf5000-003033-0656b6d6
zt-gateway  | [perf-request-in] ts_in=1777539092.462406 ts_out=1777539092.463193 gw_proc_ms=0.787 traceId=exp-perf5000-003032-27d5bc6c
zt-gateway  | [perf-request-in] ts_in=1777539092.462974 ts_out=1777539092.463731 gw_proc_ms=0.757 traceId=exp-perf5000-003034-de840a89
zt-gateway  | [perf-request-in] ts_in=1777539092.463238 ts_out=1777539092.463938 gw_proc_ms=0.700 traceId=exp-perf5000-003035-8686227b
zt-gateway  | [perf-request-in] ts_in=1777539092.463764 ts_out=1777539092.464418 gw_proc_ms=0.654 traceId=exp-perf5000-003037-e1b77daa
zt-gateway  | [perf-request-in] ts_in=1777539092.463969 ts_out=1777539092.464934 gw_proc_ms=0.965 traceId=exp-perf5000-003036-2dcf1dff
zt-gateway  | [perf-request-in] ts_in=1777539092.464447 ts_out=1777539092.465421 gw_proc_ms=0.974 traceId=exp-perf5000-003039-5f625d27
zt-gateway  | [perf-request-in] ts_in=1777539092.464992 ts_out=1777539092.465733 gw_proc_ms=0.741 traceId=exp-perf5000-003038-1690dce1
zt-gateway  | [perf-request-in] ts_in=1777539092.465468 ts_out=1777539092.466108 gw_proc_ms=0.640 traceId=exp-perf5000-003041-b05e9ae6
zt-gateway  | [perf-request-in] ts_in=1777539092.465775 ts_out=1777539092.466586 gw_proc_ms=0.811 traceId=exp-perf5000-003040-6eed57a0
zt-gateway  | [perf-request-in] ts_in=1777539092.466145 ts_out=1777539092.467261 gw_proc_ms=1.116 traceId=exp-perf5000-003042-0cf00cb0
zt-gateway  | [perf-request-in] ts_in=1777539092.466625 ts_out=1777539092.467531 gw_proc_ms=0.906 traceId=exp-perf5000-003043-73e2b67c
zt-gateway  | [perf-request-in] ts_in=1777539092.467322 ts_out=1777539092.468041 gw_proc_ms=0.719 traceId=exp-perf5000-003046-a09063bf
zt-gateway  | [perf-request-in] ts_in=1777539092.467587 ts_out=1777539092.468245 gw_proc_ms=0.658 traceId=exp-perf5000-003044-f832ef96
zt-gateway  | [perf-request-in] ts_in=1777539092.468080 ts_out=1777539092.468776 gw_proc_ms=0.696 traceId=exp-perf5000-003045-d349d3ee
zt-gateway  | [perf-request-in] ts_in=1777539092.468277 ts_out=1777539092.468949 gw_proc_ms=0.672 traceId=exp-perf5000-003047-3b350c26
zt-gateway  | [perf-request-in] ts_in=1777539092.468816 ts_out=1777539092.469483 gw_proc_ms=0.667 traceId=exp-perf5000-003048-0cf042ec
zt-gateway  | [perf-request-in] ts_in=1777539092.469019 ts_out=1777539092.469698 gw_proc_ms=0.679 traceId=exp-perf5000-003049-abadf790
zt-gateway  | [perf-request-in] ts_in=1777539092.469526 ts_out=1777539092.470183 gw_proc_ms=0.657 traceId=exp-perf5000-003051-0050bf44
zt-gateway  | [perf-request-in] ts_in=1777539092.469732 ts_out=1777539092.470379 gw_proc_ms=0.647 traceId=exp-perf5000-003050-26082e5e
zt-gateway  | [perf-request-in] ts_in=1777539092.470214 ts_out=1777539092.471085 gw_proc_ms=0.871 traceId=exp-perf5000-003052-ddd6af5b
zt-gateway  | [perf-request-in] ts_in=1777539092.470536 ts_out=1777539092.471216 gw_proc_ms=0.680 traceId=exp-perf5000-003053-f53ff21b
zt-gateway  | [perf-request-in] ts_in=1777539092.471263 ts_out=1777539092.471943 gw_proc_ms=0.680 traceId=exp-perf5000-003056-492304f7
zt-gateway  | [perf-request-in] ts_in=1777539092.471355 ts_out=1777539092.472191 gw_proc_ms=0.836 traceId=exp-perf5000-003054-e7e3df95
zt-gateway  | [perf-request-in] ts_in=1777539092.472028 ts_out=1777539092.472731 gw_proc_ms=0.703 traceId=exp-perf5000-003057-51d62702
zt-gateway  | [perf-request-in] ts_in=1777539092.472227 ts_out=1777539092.472884 gw_proc_ms=0.657 traceId=exp-perf5000-003055-373415bd
zt-gateway  | [perf-request-in] ts_in=1777539092.472774 ts_out=1777539092.473443 gw_proc_ms=0.669 traceId=exp-perf5000-003058-3e36fece
zt-gateway  | [perf-request-in] ts_in=1777539092.472917 ts_out=1777539092.473629 gw_proc_ms=0.712 traceId=exp-perf5000-003059-9d3da3ea
zt-gateway  | [perf-request-in] ts_in=1777539092.473478 ts_out=1777539092.474149 gw_proc_ms=0.671 traceId=exp-perf5000-003060-81e38a44
zt-gateway  | [perf-request-in] ts_in=1777539092.473670 ts_out=1777539092.474429 gw_proc_ms=0.759 traceId=exp-perf5000-003061-ca62efc8
zt-gateway  | [perf-request-in] ts_in=1777539092.474182 ts_out=1777539092.474889 gw_proc_ms=0.707 traceId=exp-perf5000-003062-e3b59507
zt-gateway  | [perf-request-in] ts_in=1777539092.474469 ts_out=1777539092.475169 gw_proc_ms=0.700 traceId=exp-perf5000-003063-2278e975
zt-gateway  | [perf-request-in] ts_in=1777539092.474926 ts_out=1777539092.475658 gw_proc_ms=0.732 traceId=exp-perf5000-003064-a6b28010
zt-gateway  | [perf-request-in] ts_in=1777539092.475209 ts_out=1777539092.475901 gw_proc_ms=0.692 traceId=exp-perf5000-003065-17b28be9
zt-gateway  | [perf-request-in] ts_in=1777539092.475712 ts_out=1777539092.476446 gw_proc_ms=0.734 traceId=exp-perf5000-003066-54e8bcf3
zt-gateway  | [perf-request-in] ts_in=1777539092.475931 ts_out=1777539092.476645 gw_proc_ms=0.714 traceId=exp-perf5000-003068-b96273c0
zt-gateway  | [perf-request-in] ts_in=1777539092.476487 ts_out=1777539092.477144 gw_proc_ms=0.657 traceId=exp-perf5000-003067-c796a37b
zt-gateway  | [perf-request-in] ts_in=1777539092.476681 ts_out=1777539092.477301 gw_proc_ms=0.620 traceId=exp-perf5000-003069-9647d2a6
zt-gateway  | [perf-request-in] ts_in=1777539092.477178 ts_out=1777539092.477823 gw_proc_ms=0.645 traceId=exp-perf5000-003070-6046fc10
zt-gateway  | [perf-request-in] ts_in=1777539092.477337 ts_out=1777539092.477984 gw_proc_ms=0.647 traceId=exp-perf5000-003071-d30031b4
zt-gateway  | [perf-request-in] ts_in=1777539092.477854 ts_out=1777539092.478493 gw_proc_ms=0.639 traceId=exp-perf5000-003072-ddfa83a4
zt-gateway  | [perf-request-in] ts_in=1777539092.478009 ts_out=1777539092.478742 gw_proc_ms=0.733 traceId=exp-perf5000-003073-65707a03
zt-gateway  | [perf-request-in] ts_in=1777539092.478523 ts_out=1777539092.479282 gw_proc_ms=0.759 traceId=exp-perf5000-003074-736553e2
zt-gateway  | [perf-request-in] ts_in=1777539092.478820 ts_out=1777539092.479486 gw_proc_ms=0.666 traceId=exp-perf5000-003075-4cfb5c01
zt-gateway  | [perf-request-in] ts_in=1777539092.479327 ts_out=1777539092.480008 gw_proc_ms=0.681 traceId=exp-perf5000-003076-7edadb69
zt-gateway  | [perf-request-in] ts_in=1777539092.479528 ts_out=1777539092.480194 gw_proc_ms=0.666 traceId=exp-perf5000-003077-01a2a377
zt-gateway  | [perf-request-in] ts_in=1777539092.480052 ts_out=1777539092.480720 gw_proc_ms=0.668 traceId=exp-perf5000-003078-58bc69a2
zt-gateway  | [perf-request-in] ts_in=1777539092.480231 ts_out=1777539092.480893 gw_proc_ms=0.662 traceId=exp-perf5000-003079-957ed84a
zt-gateway  | [perf-request-in] ts_in=1777539092.480757 ts_out=1777539092.481405 gw_proc_ms=0.648 traceId=exp-perf5000-003080-d5a352dd
zt-gateway  | [perf-request-in] ts_in=1777539092.480932 ts_out=1777539092.481573 gw_proc_ms=0.641 traceId=exp-perf5000-003081-3b4ae6a2
zt-gateway  | [perf-request-in] ts_in=1777539092.481439 ts_out=1777539092.482069 gw_proc_ms=0.630 traceId=exp-perf5000-003082-0610aef4
zt-gateway  | [perf-request-in] ts_in=1777539092.481601 ts_out=1777539092.482201 gw_proc_ms=0.600 traceId=exp-perf5000-003083-09085d1d
zt-gateway  | [perf-request-in] ts_in=1777539092.482099 ts_out=1777539092.482729 gw_proc_ms=0.630 traceId=exp-perf5000-003084-8fc9bbb4
zt-gateway  | [perf-request-in] ts_in=1777539092.482229 ts_out=1777539092.482868 gw_proc_ms=0.639 traceId=exp-perf5000-003085-e5e41625
zt-gateway  | [perf-request-in] ts_in=1777539092.482770 ts_out=1777539092.483386 gw_proc_ms=0.616 traceId=exp-perf5000-003086-b0490d5e
zt-gateway  | [perf-request-in] ts_in=1777539092.482899 ts_out=1777539092.483513 gw_proc_ms=0.614 traceId=exp-perf5000-003087-3a05305e
zt-gateway  | [perf-request-in] ts_in=1777539092.483423 ts_out=1777539092.484044 gw_proc_ms=0.621 traceId=exp-perf5000-003088-f4336568
zt-gateway  | [perf-request-in] ts_in=1777539092.483537 ts_out=1777539092.484162 gw_proc_ms=0.625 traceId=exp-perf5000-003089-85336829
zt-gateway  | [perf-request-in] ts_in=1777539092.484076 ts_out=1777539092.484712 gw_proc_ms=0.636 traceId=exp-perf5000-003091-94946e8a
zt-gateway  | [perf-request-in] ts_in=1777539092.484193 ts_out=1777539092.484856 gw_proc_ms=0.663 traceId=exp-perf5000-003090-af44697d
zt-gateway  | [perf-request-in] ts_in=1777539092.484745 ts_out=1777539092.485368 gw_proc_ms=0.623 traceId=exp-perf5000-003092-34446864
zt-gateway  | [perf-request-in] ts_in=1777539092.484895 ts_out=1777539092.485497 gw_proc_ms=0.602 traceId=exp-perf5000-003093-65cb85df
zt-gateway  | [perf-request-in] ts_in=1777539092.485396 ts_out=1777539092.486018 gw_proc_ms=0.622 traceId=exp-perf5000-003094-5c359e90
zt-gateway  | [perf-request-in] ts_in=1777539092.485537 ts_out=1777539092.486147 gw_proc_ms=0.610 traceId=exp-perf5000-003095-7e3cc280
zt-gateway  | [perf-request-in] ts_in=1777539092.486056 ts_out=1777539092.486679 gw_proc_ms=0.623 traceId=exp-perf5000-003097-eaf81f05
zt-gateway  | [perf-request-in] ts_in=1777539092.486176 ts_out=1777539092.486792 gw_proc_ms=0.616 traceId=exp-perf5000-003096-9190e1ae
zt-gateway  | [perf-request-in] ts_in=1777539092.486714 ts_out=1777539092.487325 gw_proc_ms=0.611 traceId=exp-perf5000-003099-77f97640
zt-gateway  | [perf-request-in] ts_in=1777539092.486819 ts_out=1777539092.487427 gw_proc_ms=0.608 traceId=exp-perf5000-003098-e2ee51a8
zt-gateway  | [perf-request-in] ts_in=1777539092.487357 ts_out=1777539092.487974 gw_proc_ms=0.617 traceId=exp-perf5000-003100-51b1eb4c
zt-gateway  | [perf-request-in] ts_in=1777539092.487457 ts_out=1777539092.488082 gw_proc_ms=0.625 traceId=exp-perf5000-003101-bdc31991
zt-gateway  | [perf-request-in] ts_in=1777539092.488013 ts_out=1777539092.488632 gw_proc_ms=0.619 traceId=exp-perf5000-003102-f7c53efa
zt-gateway  | [perf-request-in] ts_in=1777539092.488117 ts_out=1777539092.488748 gw_proc_ms=0.631 traceId=exp-perf5000-003105-0813c721
zt-gateway  | [perf-request-in] ts_in=1777539092.488664 ts_out=1777539092.489287 gw_proc_ms=0.623 traceId=exp-perf5000-003103-a285efa8
zt-gateway  | [perf-request-in] ts_in=1777539092.488782 ts_out=1777539092.489389 gw_proc_ms=0.607 traceId=exp-perf5000-003104-f1ca1ddf
zt-gateway  | [perf-request-in] ts_in=1777539092.489320 ts_out=1777539092.489933 gw_proc_ms=0.613 traceId=exp-perf5000-003109-9dfa54b9
zt-gateway  | [perf-request-in] ts_in=1777539092.489428 ts_out=1777539092.490032 gw_proc_ms=0.604 traceId=exp-perf5000-003106-97586316
zt-gateway  | [perf-request-in] ts_in=1777539092.489969 ts_out=1777539092.490594 gw_proc_ms=0.625 traceId=exp-perf5000-003107-4542c4a6
zt-gateway  | [perf-request-in] ts_in=1777539092.490066 ts_out=1777539092.490704 gw_proc_ms=0.638 traceId=exp-perf5000-003108-c86d3000
zt-gateway  | [perf-request-in] ts_in=1777539092.490628 ts_out=1777539092.491217 gw_proc_ms=0.589 traceId=exp-perf5000-003110-8516e54d
zt-gateway  | [perf-request-in] ts_in=1777539092.490737 ts_out=1777539092.491337 gw_proc_ms=0.600 traceId=exp-perf5000-003111-00f68ada
zt-gateway  | [perf-request-in] ts_in=1777539092.491252 ts_out=1777539092.491847 gw_proc_ms=0.595 traceId=exp-perf5000-003112-e59c9b56
zt-gateway  | [perf-request-in] ts_in=1777539092.491373 ts_out=1777539092.491960 gw_proc_ms=0.587 traceId=exp-perf5000-003113-19f360fb
zt-gateway  | [perf-request-in] ts_in=1777539092.491883 ts_out=1777539092.492486 gw_proc_ms=0.603 traceId=exp-perf5000-003114-70076a3e
zt-gateway  | [perf-request-in] ts_in=1777539092.491994 ts_out=1777539092.492631 gw_proc_ms=0.637 traceId=exp-perf5000-003115-af2dece0
zt-gateway  | [perf-request-in] ts_in=1777539092.492516 ts_out=1777539092.493172 gw_proc_ms=0.656 traceId=exp-perf5000-003118-8d2c098a
zt-gateway  | [perf-request-in] ts_in=1777539092.492661 ts_out=1777539092.493310 gw_proc_ms=0.649 traceId=exp-perf5000-003116-6742c976
zt-gateway  | [perf-request-in] ts_in=1777539092.493204 ts_out=1777539092.493911 gw_proc_ms=0.707 traceId=exp-perf5000-003119-1463c8e0
zt-gateway  | [perf-request-in] ts_in=1777539092.493360 ts_out=1777539092.494088 gw_proc_ms=0.728 traceId=exp-perf5000-003117-a20b5f3a
zt-gateway  | [perf-request-in] ts_in=1777539092.493944 ts_out=1777539092.494775 gw_proc_ms=0.831 traceId=exp-perf5000-003121-91c5d220
zt-gateway  | [perf-request-in] ts_in=1777539092.494137 ts_out=1777539092.494911 gw_proc_ms=0.774 traceId=exp-perf5000-003120-e5387c60
zt-gateway  | [perf-request-in] ts_in=1777539092.494811 ts_out=1777539092.495536 gw_proc_ms=0.725 traceId=exp-perf5000-003124-0ccd9a15
zt-gateway  | [perf-request-in] ts_in=1777539092.494950 ts_out=1777539092.495685 gw_proc_ms=0.735 traceId=exp-perf5000-003122-610dd745
zt-gateway  | [perf-request-in] ts_in=1777539092.495586 ts_out=1777539092.496380 gw_proc_ms=0.794 traceId=exp-perf5000-003126-91bcfd8d
zt-gateway  | [perf-request-in] ts_in=1777539092.495727 ts_out=1777539092.496500 gw_proc_ms=0.773 traceId=exp-perf5000-003123-cbe2ccb4
zt-gateway  | [perf-request-in] ts_in=1777539092.496409 ts_out=1777539092.497129 gw_proc_ms=0.720 traceId=exp-perf5000-003127-03c99309
zt-gateway  | [perf-request-in] ts_in=1777539092.496536 ts_out=1777539092.497299 gw_proc_ms=0.763 traceId=exp-perf5000-003125-9cdb8276
zt-gateway  | [perf-request-in] ts_in=1777539092.497164 ts_out=1777539092.497928 gw_proc_ms=0.764 traceId=exp-perf5000-003129-81f61484
zt-gateway  | [perf-request-in] ts_in=1777539092.497371 ts_out=1777539092.498267 gw_proc_ms=0.896 traceId=exp-perf5000-003128-836fab80
zt-gateway  | [perf-request-in] ts_in=1777539092.497965 ts_out=1777539092.498732 gw_proc_ms=0.767 traceId=exp-perf5000-003131-06245df5
zt-gateway  | [perf-request-in] ts_in=1777539092.498317 ts_out=1777539092.499082 gw_proc_ms=0.765 traceId=exp-perf5000-003130-7f55dc58
zt-gateway  | [perf-request-in] ts_in=1777539092.498764 ts_out=1777539092.499365 gw_proc_ms=0.601 traceId=exp-perf5000-003133-7ea5ea14
zt-gateway  | [perf-request-in] ts_in=1777539092.499119 ts_out=1777539092.499799 gw_proc_ms=0.680 traceId=exp-perf5000-003132-7f8d7c38
zt-gateway  | [perf-request-in] ts_in=1777539092.499392 ts_out=1777539092.500021 gw_proc_ms=0.629 traceId=exp-perf5000-003135-9f387d69
zt-gateway  | [perf-request-in] ts_in=1777539092.499834 ts_out=1777539092.500479 gw_proc_ms=0.645 traceId=exp-perf5000-003134-1c51b07b
zt-gateway  | [perf-request-in] ts_in=1777539092.500040 ts_out=1777539092.500700 gw_proc_ms=0.660 traceId=exp-perf5000-003137-5a013e31
zt-gateway  | [perf-request-in] ts_in=1777539092.500513 ts_out=1777539092.501197 gw_proc_ms=0.684 traceId=exp-perf5000-003136-e45efe0e
zt-gateway  | [perf-request-in] ts_in=1777539092.500733 ts_out=1777539092.501345 gw_proc_ms=0.612 traceId=exp-perf5000-003139-ea2eba30
zt-gateway  | [perf-request-in] ts_in=1777539092.501232 ts_out=1777539092.501887 gw_proc_ms=0.655 traceId=exp-perf5000-003138-91941052
zt-gateway  | [perf-request-in] ts_in=1777539092.501381 ts_out=1777539092.502009 gw_proc_ms=0.628 traceId=exp-perf5000-003141-39f881b8
zt-gateway  | [perf-request-in] ts_in=1777539092.501925 ts_out=1777539092.502584 gw_proc_ms=0.659 traceId=exp-perf5000-003140-40f04a99
zt-gateway  | [perf-request-in] ts_in=1777539092.502040 ts_out=1777539092.502644 gw_proc_ms=0.604 traceId=exp-perf5000-003143-39fa2c1c
zt-gateway  | [perf-request-in] ts_in=1777539092.502613 ts_out=1777539092.503224 gw_proc_ms=0.611 traceId=exp-perf5000-003142-23d07d9a
zt-gateway  | [perf-request-in] ts_in=1777539092.502671 ts_out=1777539092.503265 gw_proc_ms=0.594 traceId=exp-perf5000-003145-3e62be33
zt-gateway  | [perf-request-in] ts_in=1777539092.503291 ts_out=1777539092.503918 gw_proc_ms=0.627 traceId=exp-perf5000-003146-5f197cd9
zt-gateway  | [perf-request-in] ts_in=1777539092.503266 ts_out=1777539092.503918 gw_proc_ms=0.652 traceId=exp-perf5000-003144-440277bf
zt-gateway  | [perf-request-in] ts_in=1777539092.503954 ts_out=1777539092.504598 gw_proc_ms=0.644 traceId=exp-perf5000-003149-bc8c9c38
zt-gateway  | [perf-request-in] ts_in=1777539092.503954 ts_out=1777539092.504621 gw_proc_ms=0.667 traceId=exp-perf5000-003147-7bc4d60d
zt-gateway  | [perf-request-in] ts_in=1777539092.504649 ts_out=1777539092.505266 gw_proc_ms=0.617 traceId=exp-perf5000-003151-c248f491
zt-gateway  | [perf-request-in] ts_in=1777539092.504650 ts_out=1777539092.505287 gw_proc_ms=0.637 traceId=exp-perf5000-003148-170b13fd
zt-gateway  | [perf-request-in] ts_in=1777539092.505289 ts_out=1777539092.505897 gw_proc_ms=0.608 traceId=exp-perf5000-003152-a6dbc948
zt-gateway  | [perf-request-in] ts_in=1777539092.505312 ts_out=1777539092.505956 gw_proc_ms=0.644 traceId=exp-perf5000-003150-b20cb909
zt-gateway  | [perf-request-in] ts_in=1777539092.505929 ts_out=1777539092.506560 gw_proc_ms=0.631 traceId=exp-perf5000-003154-5ae2ee0e
zt-gateway  | [perf-request-in] ts_in=1777539092.505989 ts_out=1777539092.506638 gw_proc_ms=0.649 traceId=exp-perf5000-003153-35266d0b
zt-gateway  | [perf-request-in] ts_in=1777539092.506592 ts_out=1777539092.507264 gw_proc_ms=0.672 traceId=exp-perf5000-003156-bb417d31
zt-gateway  | [perf-request-in] ts_in=1777539092.506672 ts_out=1777539092.507377 gw_proc_ms=0.705 traceId=exp-perf5000-003155-12420063
zt-gateway  | [perf-request-in] ts_in=1777539092.507299 ts_out=1777539092.507996 gw_proc_ms=0.697 traceId=exp-perf5000-003158-df2475cd
zt-gateway  | [perf-request-in] ts_in=1777539092.507415 ts_out=1777539092.508241 gw_proc_ms=0.826 traceId=exp-perf5000-003157-15417473
zt-gateway  | [perf-request-in] ts_in=1777539092.508036 ts_out=1777539092.508762 gw_proc_ms=0.726 traceId=exp-perf5000-003160-002abe2d
zt-gateway  | [perf-request-in] ts_in=1777539092.508293 ts_out=1777539092.509407 gw_proc_ms=1.114 traceId=exp-perf5000-003159-945e7631
zt-gateway  | [perf-request-in] ts_in=1777539092.508828 ts_out=1777539092.509513 gw_proc_ms=0.685 traceId=exp-perf5000-003162-00f916fd
zt-gateway  | [perf-request-in] ts_in=1777539092.509542 ts_out=1777539092.510224 gw_proc_ms=0.682 traceId=exp-perf5000-003164-e63a75cd
zt-gateway  | [perf-request-in] ts_in=1777539092.509444 ts_out=1777539092.510683 gw_proc_ms=1.239 traceId=exp-perf5000-003161-25f23df3
zt-gateway  | [perf-request-in] ts_in=1777539092.510257 ts_out=1777539092.510945 gw_proc_ms=0.688 traceId=exp-perf5000-003166-5b5f0352
zt-gateway  | [perf-request-in] ts_in=1777539092.510972 ts_out=1777539092.511732 gw_proc_ms=0.760 traceId=exp-perf5000-003168-5178f095
zt-gateway  | [perf-request-in] ts_in=1777539092.510938 ts_out=1777539092.512235 gw_proc_ms=1.297 traceId=exp-perf5000-003163-679cb10a
zt-gateway  | [perf-request-in] ts_in=1777539092.511800 ts_out=1777539092.512413 gw_proc_ms=0.613 traceId=exp-perf5000-003170-0cbee8f9
zt-gateway  | [perf-request-in] ts_in=1777539092.512280 ts_out=1777539092.513012 gw_proc_ms=0.732 traceId=exp-perf5000-003165-8aa15f24
zt-gateway  | [perf-request-in] ts_in=1777539092.512449 ts_out=1777539092.513126 gw_proc_ms=0.677 traceId=exp-perf5000-003172-c59068f8
zt-gateway  | [perf-request-in] ts_in=1777539092.513151 ts_out=1777539092.513779 gw_proc_ms=0.628 traceId=exp-perf5000-003174-abc96a2c
zt-gateway  | [perf-request-in] ts_in=1777539092.513069 ts_out=1777539092.513796 gw_proc_ms=0.727 traceId=exp-perf5000-003167-cb122797
zt-gateway  | [perf-request-in] ts_in=1777539092.513814 ts_out=1777539092.514418 gw_proc_ms=0.604 traceId=exp-perf5000-003176-d5cb3f6e
zt-gateway  | [perf-request-in] ts_in=1777539092.513833 ts_out=1777539092.514481 gw_proc_ms=0.648 traceId=exp-perf5000-003169-a1c7dba3
zt-gateway  | [perf-request-in] ts_in=1777539092.514444 ts_out=1777539092.515095 gw_proc_ms=0.651 traceId=exp-perf5000-003178-bd639e1a
zt-gateway  | [perf-request-in] ts_in=1777539092.514517 ts_out=1777539092.515221 gw_proc_ms=0.704 traceId=exp-perf5000-003171-c6b9c0c6
zt-gateway  | [perf-request-in] ts_in=1777539092.515256 ts_out=1777539092.515942 gw_proc_ms=0.686 traceId=exp-perf5000-003173-52768936
zt-gateway  | [perf-request-in] ts_in=1777539092.515380 ts_out=1777539092.516292 gw_proc_ms=0.912 traceId=exp-perf5000-003181-992fefe4
zt-gateway  | [perf-request-in] ts_in=1777539092.515974 ts_out=1777539092.516852 gw_proc_ms=0.878 traceId=exp-perf5000-003175-7d16a2e0
zt-gateway  | [perf-request-in] ts_in=1777539092.516338 ts_out=1777539092.517106 gw_proc_ms=0.768 traceId=exp-perf5000-003182-22100678
zt-gateway  | [perf-request-in] ts_in=1777539092.516890 ts_out=1777539092.517729 gw_proc_ms=0.839 traceId=exp-perf5000-003177-8ce5bdef
zt-gateway  | [perf-request-in] ts_in=1777539092.517138 ts_out=1777539092.517777 gw_proc_ms=0.639 traceId=exp-perf5000-003184-06df3850
zt-gateway  | [perf-request-in] ts_in=1777539092.517760 ts_out=1777539092.518979 gw_proc_ms=1.219 traceId=exp-perf5000-003179-fa9132eb
zt-gateway  | [perf-request-in] ts_in=1777539092.517802 ts_out=1777539092.519093 gw_proc_ms=1.291 traceId=exp-perf5000-003186-18ec1fc0
zt-gateway  | [perf-request-in] ts_in=1777539092.519181 ts_out=1777539092.519874 gw_proc_ms=0.693 traceId=exp-perf5000-003188-efda38e4
zt-gateway  | [perf-request-in] ts_in=1777539092.519208 ts_out=1777539092.520285 gw_proc_ms=1.077 traceId=exp-perf5000-003180-169424fc
zt-gateway  | [perf-request-in] ts_in=1777539092.519987 ts_out=1777539092.520741 gw_proc_ms=0.754 traceId=exp-perf5000-003190-3b3f5828
zt-gateway  | [perf-request-in] ts_in=1777539092.520376 ts_out=1777539092.521149 gw_proc_ms=0.773 traceId=exp-perf5000-003183-225e9fdd
zt-gateway  | [perf-request-in] ts_in=1777539092.520778 ts_out=1777539092.521572 gw_proc_ms=0.794 traceId=exp-perf5000-003192-a491211e
zt-gateway  | [perf-request-in] ts_in=1777539092.521196 ts_out=1777539092.522199 gw_proc_ms=1.003 traceId=exp-perf5000-003185-f2bcc3a7
zt-gateway  | [perf-request-in] ts_in=1777539092.521615 ts_out=1777539092.522611 gw_proc_ms=0.996 traceId=exp-perf5000-003194-880be507
zt-gateway  | [perf-request-in] ts_in=1777539092.522302 ts_out=1777539092.523145 gw_proc_ms=0.843 traceId=exp-perf5000-003187-6e12b82f
zt-gateway  | [perf-request-in] ts_in=1777539092.522661 ts_out=1777539092.523340 gw_proc_ms=0.679 traceId=exp-perf5000-003195-332729da
zt-gateway  | [perf-request-in] ts_in=1777539092.523210 ts_out=1777539092.523913 gw_proc_ms=0.703 traceId=exp-perf5000-003189-5c925b04
zt-gateway  | [perf-request-in] ts_in=1777539092.523375 ts_out=1777539092.524028 gw_proc_ms=0.653 traceId=exp-perf5000-003196-25b67452
zt-gateway  | [perf-request-in] ts_in=1777539092.523956 ts_out=1777539092.524590 gw_proc_ms=0.634 traceId=exp-perf5000-003191-9d121dcb
zt-gateway  | [perf-request-in] ts_in=1777539092.524062 ts_out=1777539092.524705 gw_proc_ms=0.643 traceId=exp-perf5000-003200-a8bc8961
zt-gateway  | [perf-request-in] ts_in=1777539092.524618 ts_out=1777539092.525265 gw_proc_ms=0.647 traceId=exp-perf5000-003193-86c14d07
zt-gateway  | [perf-request-in] ts_in=1777539092.524734 ts_out=1777539092.525381 gw_proc_ms=0.647 traceId=exp-perf5000-003202-bf891b81
zt-gateway  | [perf-request-in] ts_in=1777539092.525292 ts_out=1777539092.525962 gw_proc_ms=0.670 traceId=exp-perf5000-003197-013175e0
zt-gateway  | [perf-request-in] ts_in=1777539092.525414 ts_out=1777539092.526085 gw_proc_ms=0.671 traceId=exp-perf5000-003204-c1b33872
zt-gateway  | [perf-request-in] ts_in=1777539092.525995 ts_out=1777539092.526638 gw_proc_ms=0.643 traceId=exp-perf5000-003198-2db86813
zt-gateway  | [perf-request-in] ts_in=1777539092.526112 ts_out=1777539092.526829 gw_proc_ms=0.717 traceId=exp-perf5000-003206-083ea9b6
zt-gateway  | [perf-request-in] ts_in=1777539092.526667 ts_out=1777539092.527288 gw_proc_ms=0.621 traceId=exp-perf5000-003199-4799872f
zt-gateway  | [perf-request-in] ts_in=1777539092.526863 ts_out=1777539092.527496 gw_proc_ms=0.633 traceId=exp-perf5000-003209-e33c292d
zt-gateway  | [perf-request-in] ts_in=1777539092.527324 ts_out=1777539092.528004 gw_proc_ms=0.680 traceId=exp-perf5000-003201-048c8360
zt-gateway  | [perf-request-in] ts_in=1777539092.527538 ts_out=1777539092.528225 gw_proc_ms=0.687 traceId=exp-perf5000-003210-a4139af0
zt-gateway  | [perf-request-in] ts_in=1777539092.528042 ts_out=1777539092.528717 gw_proc_ms=0.675 traceId=exp-perf5000-003203-05fbcbbd
zt-gateway  | [perf-request-in] ts_in=1777539092.528255 ts_out=1777539092.528925 gw_proc_ms=0.670 traceId=exp-perf5000-003212-c4ed0f74
zt-gateway  | [perf-request-in] ts_in=1777539092.528758 ts_out=1777539092.529421 gw_proc_ms=0.663 traceId=exp-perf5000-003205-6464bdde
zt-gateway  | [perf-request-in] ts_in=1777539092.528961 ts_out=1777539092.529620 gw_proc_ms=0.659 traceId=exp-perf5000-003214-e6e1fd97
zt-gateway  | [perf-request-in] ts_in=1777539092.529457 ts_out=1777539092.530085 gw_proc_ms=0.628 traceId=exp-perf5000-003207-ff186874
zt-gateway  | [perf-request-in] ts_in=1777539092.529654 ts_out=1777539092.530296 gw_proc_ms=0.642 traceId=exp-perf5000-003216-4f7a42ea
zt-gateway  | [perf-request-in] ts_in=1777539092.530115 ts_out=1777539092.530882 gw_proc_ms=0.767 traceId=exp-perf5000-003208-a49e857f
zt-gateway  | [perf-request-in] ts_in=1777539092.530329 ts_out=1777539092.531105 gw_proc_ms=0.776 traceId=exp-perf5000-003218-60bb8682
zt-gateway  | [perf-request-in] ts_in=1777539092.531022 ts_out=1777539092.531671 gw_proc_ms=0.649 traceId=exp-perf5000-003211-8bde5656
zt-gateway  | [perf-request-in] ts_in=1777539092.531138 ts_out=1777539092.531979 gw_proc_ms=0.841 traceId=exp-perf5000-003220-2e4905ec
zt-gateway  | [perf-request-in] ts_in=1777539092.531706 ts_out=1777539092.532354 gw_proc_ms=0.648 traceId=exp-perf5000-003213-6e95906c
zt-gateway  | [perf-request-in] ts_in=1777539092.532052 ts_out=1777539092.532757 gw_proc_ms=0.705 traceId=exp-perf5000-003222-35a026c1
zt-gateway  | [perf-request-in] ts_in=1777539092.532401 ts_out=1777539092.533062 gw_proc_ms=0.661 traceId=exp-perf5000-003215-9f8f9367
zt-gateway  | [perf-request-in] ts_in=1777539092.532790 ts_out=1777539092.533472 gw_proc_ms=0.682 traceId=exp-perf5000-003224-d8946977
zt-gateway  | [perf-request-in] ts_in=1777539092.533095 ts_out=1777539092.533754 gw_proc_ms=0.659 traceId=exp-perf5000-003217-fc130bad
zt-gateway  | [perf-request-in] ts_in=1777539092.533502 ts_out=1777539092.534183 gw_proc_ms=0.681 traceId=exp-perf5000-003226-3bbcd83f
zt-gateway  | [perf-request-in] ts_in=1777539092.533790 ts_out=1777539092.534456 gw_proc_ms=0.666 traceId=exp-perf5000-003219-cdbcef34
zt-gateway  | [perf-request-in] ts_in=1777539092.534213 ts_out=1777539092.535024 gw_proc_ms=0.811 traceId=exp-perf5000-003228-51328144
zt-gateway  | [perf-request-in] ts_in=1777539092.534485 ts_out=1777539092.535174 gw_proc_ms=0.689 traceId=exp-perf5000-003221-46e9711d
zt-gateway  | [perf-request-in] ts_in=1777539092.535129 ts_out=1777539092.535815 gw_proc_ms=0.686 traceId=exp-perf5000-003230-5a8bfef8
zt-gateway  | [perf-request-in] ts_in=1777539092.535219 ts_out=1777539092.535866 gw_proc_ms=0.647 traceId=exp-perf5000-003223-d91d0bf0
zt-gateway  | [perf-request-in] ts_in=1777539092.535854 ts_out=1777539092.536522 gw_proc_ms=0.668 traceId=exp-perf5000-003232-bc23961a
zt-gateway  | [perf-request-in] ts_in=1777539092.535902 ts_out=1777539092.536545 gw_proc_ms=0.643 traceId=exp-perf5000-003225-1964b001
zt-gateway  | [perf-request-in] ts_in=1777539092.536591 ts_out=1777539092.537233 gw_proc_ms=0.642 traceId=exp-perf5000-003227-21c45d09
zt-gateway  | [perf-request-in] ts_in=1777539092.536592 ts_out=1777539092.537238 gw_proc_ms=0.646 traceId=exp-perf5000-003235-a7eed628
zt-gateway  | [perf-request-in] ts_in=1777539092.537300 ts_out=1777539092.537959 gw_proc_ms=0.659 traceId=exp-perf5000-003229-1e1aadd2
zt-gateway  | [perf-request-in] ts_in=1777539092.537311 ts_out=1777539092.538004 gw_proc_ms=0.693 traceId=exp-perf5000-003236-e3e49a1f
zt-gateway  | [perf-request-in] ts_in=1777539092.538036 ts_out=1777539092.538746 gw_proc_ms=0.710 traceId=exp-perf5000-003238-44530adb
zt-gateway  | [perf-request-in] ts_in=1777539092.537997 ts_out=1777539092.538747 gw_proc_ms=0.750 traceId=exp-perf5000-003231-d273c691
zt-gateway  | [perf-request-in] ts_in=1777539092.538790 ts_out=1777539092.539416 gw_proc_ms=0.626 traceId=exp-perf5000-003233-3c7c30c1
zt-gateway  | [perf-request-in] ts_in=1777539092.538790 ts_out=1777539092.539427 gw_proc_ms=0.637 traceId=exp-perf5000-003240-f7c004cf
zt-gateway  | [perf-request-in] ts_in=1777539092.539451 ts_out=1777539092.540091 gw_proc_ms=0.640 traceId=exp-perf5000-003234-321e23c8
zt-gateway  | [perf-request-in] ts_in=1777539092.539462 ts_out=1777539092.540127 gw_proc_ms=0.665 traceId=exp-perf5000-003242-f079be6f
zt-gateway  | [perf-request-in] ts_in=1777539092.540124 ts_out=1777539092.540787 gw_proc_ms=0.663 traceId=exp-perf5000-003237-01ee48a3
zt-gateway  | [perf-request-in] ts_in=1777539092.540153 ts_out=1777539092.540946 gw_proc_ms=0.793 traceId=exp-perf5000-003244-b541d255
zt-gateway  | [perf-request-in] ts_in=1777539092.540824 ts_out=1777539092.541470 gw_proc_ms=0.646 traceId=exp-perf5000-003239-fd3de021
zt-gateway  | [perf-request-in] ts_in=1777539092.540984 ts_out=1777539092.541683 gw_proc_ms=0.699 traceId=exp-perf5000-003245-8727ea59
zt-gateway  | [perf-request-in] ts_in=1777539092.541508 ts_out=1777539092.542139 gw_proc_ms=0.631 traceId=exp-perf5000-003241-e69b1bc4
zt-gateway  | [perf-request-in] ts_in=1777539092.541755 ts_out=1777539092.542522 gw_proc_ms=0.767 traceId=exp-perf5000-003246-f207959e
zt-gateway  | [perf-request-in] ts_in=1777539092.542167 ts_out=1777539092.542812 gw_proc_ms=0.645 traceId=exp-perf5000-003243-5c31657a
zt-gateway  | [perf-request-in] ts_in=1777539092.542584 ts_out=1777539092.543290 gw_proc_ms=0.706 traceId=exp-perf5000-003250-c5fd9bf3
zt-gateway  | [perf-request-in] ts_in=1777539092.542843 ts_out=1777539092.543485 gw_proc_ms=0.642 traceId=exp-perf5000-003247-2683fb1f
zt-gateway  | [perf-request-in] ts_in=1777539092.543332 ts_out=1777539092.544005 gw_proc_ms=0.673 traceId=exp-perf5000-003251-b8483b02
zt-gateway  | [perf-request-in] ts_in=1777539092.543517 ts_out=1777539092.544159 gw_proc_ms=0.642 traceId=exp-perf5000-003248-5971a8db
zt-gateway  | [perf-request-in] ts_in=1777539092.544043 ts_out=1777539092.544701 gw_proc_ms=0.658 traceId=exp-perf5000-003253-a0515a5d
zt-gateway  | [perf-request-in] ts_in=1777539092.544193 ts_out=1777539092.544830 gw_proc_ms=0.637 traceId=exp-perf5000-003249-245de4ba
zt-gateway  | [perf-request-in] ts_in=1777539092.544734 ts_out=1777539092.545415 gw_proc_ms=0.681 traceId=exp-perf5000-003255-eaf67119
zt-gateway  | [perf-request-in] ts_in=1777539092.544858 ts_out=1777539092.545477 gw_proc_ms=0.619 traceId=exp-perf5000-003252-2f78b7e9
zt-gateway  | [perf-request-in] ts_in=1777539092.545501 ts_out=1777539092.546158 gw_proc_ms=0.657 traceId=exp-perf5000-003254-28e45070
zt-gateway  | [perf-request-in] ts_in=1777539092.545494 ts_out=1777539092.546287 gw_proc_ms=0.793 traceId=exp-perf5000-003257-58a9ec3d
zt-gateway  | [perf-request-in] ts_in=1777539092.546185 ts_out=1777539092.546833 gw_proc_ms=0.648 traceId=exp-perf5000-003256-7b2f4e37
zt-gateway  | [perf-request-in] ts_in=1777539092.546341 ts_out=1777539092.547010 gw_proc_ms=0.669 traceId=exp-perf5000-003259-8af58264
zt-gateway  | [perf-request-in] ts_in=1777539092.546862 ts_out=1777539092.547478 gw_proc_ms=0.616 traceId=exp-perf5000-003258-5497df19
zt-gateway  | [perf-request-in] ts_in=1777539092.547049 ts_out=1777539092.547693 gw_proc_ms=0.644 traceId=exp-perf5000-003261-c6500672
zt-gateway  | [perf-request-in] ts_in=1777539092.547503 ts_out=1777539092.548107 gw_proc_ms=0.604 traceId=exp-perf5000-003260-0fcfed50
zt-gateway  | [perf-request-in] ts_in=1777539092.547715 ts_out=1777539092.548320 gw_proc_ms=0.605 traceId=exp-perf5000-003262-1d858438
zt-gateway  | [perf-request-in] ts_in=1777539092.548346 ts_out=1777539092.549095 gw_proc_ms=0.749 traceId=exp-perf5000-003264-dff9c8c0
zt-gateway  | [perf-request-in] ts_in=1777539092.548131 ts_out=1777539092.549102 gw_proc_ms=0.971 traceId=exp-perf5000-003263-60cb8d19
zt-gateway  | [perf-request-in] ts_in=1777539092.549136 ts_out=1777539092.549789 gw_proc_ms=0.653 traceId=exp-perf5000-003265-25810ab5
zt-gateway  | [perf-request-in] ts_in=1777539092.549138 ts_out=1777539092.549791 gw_proc_ms=0.653 traceId=exp-perf5000-003266-1fc65ac1
zt-gateway  | [perf-request-in] ts_in=1777539092.549823 ts_out=1777539092.550437 gw_proc_ms=0.614 traceId=exp-perf5000-003268-2a46a58d
zt-gateway  | [perf-request-in] ts_in=1777539092.549819 ts_out=1777539092.550449 gw_proc_ms=0.630 traceId=exp-perf5000-003267-475ce749
zt-gateway  | [perf-request-in] ts_in=1777539092.550472 ts_out=1777539092.551091 gw_proc_ms=0.619 traceId=exp-perf5000-003271-12e480a0
zt-gateway  | [perf-request-in] ts_in=1777539092.550481 ts_out=1777539092.551101 gw_proc_ms=0.620 traceId=exp-perf5000-003269-ed1ad575
zt-gateway  | [perf-request-in] ts_in=1777539092.551125 ts_out=1777539092.551752 gw_proc_ms=0.627 traceId=exp-perf5000-003272-fa085088
zt-gateway  | [perf-request-in] ts_in=1777539092.551128 ts_out=1777539092.551754 gw_proc_ms=0.626 traceId=exp-perf5000-003270-8e8f8d89
zt-gateway  | [perf-request-in] ts_in=1777539092.551782 ts_out=1777539092.552378 gw_proc_ms=0.596 traceId=exp-perf5000-003275-042f9540
zt-gateway  | [perf-request-in] ts_in=1777539092.551784 ts_out=1777539092.552378 gw_proc_ms=0.594 traceId=exp-perf5000-003273-9a2779bb
zt-gateway  | [perf-request-in] ts_in=1777539092.552401 ts_out=1777539092.553017 gw_proc_ms=0.616 traceId=exp-perf5000-003276-3cf9f690
zt-gateway  | [perf-request-in] ts_in=1777539092.552406 ts_out=1777539092.553043 gw_proc_ms=0.637 traceId=exp-perf5000-003274-ec915ecb
zt-gateway  | [perf-request-in] ts_in=1777539092.553041 ts_out=1777539092.553630 gw_proc_ms=0.589 traceId=exp-perf5000-003277-bb927c89
zt-gateway  | [perf-request-in] ts_in=1777539092.553067 ts_out=1777539092.553666 gw_proc_ms=0.599 traceId=exp-perf5000-003279-ac16accc
zt-gateway  | [perf-request-in] ts_in=1777539092.553659 ts_out=1777539092.554237 gw_proc_ms=0.578 traceId=exp-perf5000-003278-25ce22c8
zt-gateway  | [perf-request-in] ts_in=1777539092.553691 ts_out=1777539092.554271 gw_proc_ms=0.580 traceId=exp-perf5000-003280-0330a53d
zt-gateway  | [perf-request-in] ts_in=1777539092.554262 ts_out=1777539092.554854 gw_proc_ms=0.592 traceId=exp-perf5000-003282-e1aaf2e1
zt-gateway  | [perf-request-in] ts_in=1777539092.554298 ts_out=1777539092.554890 gw_proc_ms=0.592 traceId=exp-perf5000-003281-f70e0f62
zt-gateway  | [perf-request-in] ts_in=1777539092.554879 ts_out=1777539092.555461 gw_proc_ms=0.582 traceId=exp-perf5000-003285-4927153d
zt-gateway  | [perf-request-in] ts_in=1777539092.554914 ts_out=1777539092.555499 gw_proc_ms=0.585 traceId=exp-perf5000-003283-c0de1d50
zt-gateway  | [perf-request-in] ts_in=1777539092.555523 ts_out=1777539092.556161 gw_proc_ms=0.638 traceId=exp-perf5000-003284-608e9fc0
zt-gateway  | [perf-request-in] ts_in=1777539092.555485 ts_out=1777539092.556237 gw_proc_ms=0.752 traceId=exp-perf5000-003287-864cba12
zt-gateway  | [perf-request-in] ts_in=1777539092.556194 ts_out=1777539092.556898 gw_proc_ms=0.704 traceId=exp-perf5000-003286-33feca43
zt-gateway  | [perf-request-in] ts_in=1777539092.556320 ts_out=1777539092.557092 gw_proc_ms=0.772 traceId=exp-perf5000-003289-4170a50b
zt-gateway  | [perf-request-in] ts_in=1777539092.556932 ts_out=1777539092.557582 gw_proc_ms=0.650 traceId=exp-perf5000-003288-6a57d948
zt-gateway  | [perf-request-in] ts_in=1777539092.557156 ts_out=1777539092.557890 gw_proc_ms=0.734 traceId=exp-perf5000-003291-b30489a8
zt-gateway  | [perf-request-in] ts_in=1777539092.557608 ts_out=1777539092.558227 gw_proc_ms=0.619 traceId=exp-perf5000-003290-3e67d4c7
zt-gateway  | [perf-request-in] ts_in=1777539092.557929 ts_out=1777539092.558630 gw_proc_ms=0.701 traceId=exp-perf5000-003293-22026705
zt-gateway  | [perf-request-in] ts_in=1777539092.558255 ts_out=1777539092.558891 gw_proc_ms=0.636 traceId=exp-perf5000-003292-d3fd3a64
zt-gateway  | [perf-request-in] ts_in=1777539092.558665 ts_out=1777539092.559272 gw_proc_ms=0.607 traceId=exp-perf5000-003295-12db253d
zt-gateway  | [perf-request-in] ts_in=1777539092.558916 ts_out=1777539092.559525 gw_proc_ms=0.609 traceId=exp-perf5000-003294-d0b3d214
zt-gateway  | [perf-request-in] ts_in=1777539092.559301 ts_out=1777539092.559999 gw_proc_ms=0.698 traceId=exp-perf5000-003297-5c61ff60
zt-gateway  | [perf-request-in] ts_in=1777539092.559549 ts_out=1777539092.560190 gw_proc_ms=0.641 traceId=exp-perf5000-003296-1d7d1adb
zt-gateway  | [perf-request-in] ts_in=1777539092.560038 ts_out=1777539092.560750 gw_proc_ms=0.712 traceId=exp-perf5000-003299-40c674fe
zt-gateway  | [perf-request-in] ts_in=1777539092.560222 ts_out=1777539092.560872 gw_proc_ms=0.650 traceId=exp-perf5000-003298-44e9e5b2
zt-gateway  | [perf-request-in] ts_in=1777539092.560834 ts_out=1777539092.561470 gw_proc_ms=0.636 traceId=exp-perf5000-003301-f47bf044
zt-gateway  | [perf-request-in] ts_in=1777539092.560908 ts_out=1777539092.561515 gw_proc_ms=0.607 traceId=exp-perf5000-003300-e95d13f3
zt-gateway  | [perf-request-in] ts_in=1777539092.561503 ts_out=1777539092.562125 gw_proc_ms=0.622 traceId=exp-perf5000-003303-10f5f2f4
zt-gateway  | [perf-request-in] ts_in=1777539092.561548 ts_out=1777539092.562162 gw_proc_ms=0.614 traceId=exp-perf5000-003302-2c0bc040
zt-gateway  | [perf-request-in] ts_in=1777539092.562193 ts_out=1777539092.562821 gw_proc_ms=0.628 traceId=exp-perf5000-003304-9cdbd5a5
zt-gateway  | [perf-request-in] ts_in=1777539092.562157 ts_out=1777539092.562833 gw_proc_ms=0.676 traceId=exp-perf5000-003305-5411cf75
zt-gateway  | [perf-request-in] ts_in=1777539092.562854 ts_out=1777539092.563467 gw_proc_ms=0.613 traceId=exp-perf5000-003306-7452f882
zt-gateway  | [perf-request-in] ts_in=1777539092.562859 ts_out=1777539092.563493 gw_proc_ms=0.634 traceId=exp-perf5000-003307-a5e818b5
zt-gateway  | [perf-request-in] ts_in=1777539092.563499 ts_out=1777539092.564139 gw_proc_ms=0.640 traceId=exp-perf5000-003308-9d9f341d
zt-gateway  | [perf-request-in] ts_in=1777539092.563550 ts_out=1777539092.564225 gw_proc_ms=0.675 traceId=exp-perf5000-003309-0716fc7c
zt-gateway  | [perf-request-in] ts_in=1777539092.564175 ts_out=1777539092.564806 gw_proc_ms=0.631 traceId=exp-perf5000-003310-17906017
zt-gateway  | [perf-request-in] ts_in=1777539092.564256 ts_out=1777539092.564905 gw_proc_ms=0.649 traceId=exp-perf5000-003311-fbc40f43
zt-gateway  | [perf-request-in] ts_in=1777539092.564834 ts_out=1777539092.565429 gw_proc_ms=0.595 traceId=exp-perf5000-003312-413c52d7
zt-gateway  | [perf-request-in] ts_in=1777539092.564936 ts_out=1777539092.565525 gw_proc_ms=0.589 traceId=exp-perf5000-003313-c1e38543
zt-gateway  | [perf-request-in] ts_in=1777539092.565457 ts_out=1777539092.566073 gw_proc_ms=0.616 traceId=exp-perf5000-003314-c73b2ab8
zt-gateway  | [perf-request-in] ts_in=1777539092.565554 ts_out=1777539092.566182 gw_proc_ms=0.628 traceId=exp-perf5000-003315-7064e7d6
zt-gateway  | [perf-request-in] ts_in=1777539092.566108 ts_out=1777539092.566728 gw_proc_ms=0.620 traceId=exp-perf5000-003316-3183b011
zt-gateway  | [perf-request-in] ts_in=1777539092.566212 ts_out=1777539092.566922 gw_proc_ms=0.710 traceId=exp-perf5000-003317-62bbe517
zt-gateway  | [perf-request-in] ts_in=1777539092.566757 ts_out=1777539092.567383 gw_proc_ms=0.626 traceId=exp-perf5000-003318-6b86a6d7
zt-gateway  | [perf-request-in] ts_in=1777539092.566959 ts_out=1777539092.567661 gw_proc_ms=0.702 traceId=exp-perf5000-003319-af35d15e
zt-gateway  | [perf-request-in] ts_in=1777539092.567413 ts_out=1777539092.568171 gw_proc_ms=0.758 traceId=exp-perf5000-003320-d05960e0
zt-gateway  | [perf-request-in] ts_in=1777539092.567689 ts_out=1777539092.568424 gw_proc_ms=0.735 traceId=exp-perf5000-003321-d5d1c357
zt-gateway  | [perf-request-in] ts_in=1777539092.568215 ts_out=1777539092.568966 gw_proc_ms=0.751 traceId=exp-perf5000-003322-e2cd558c
zt-gateway  | [perf-request-in] ts_in=1777539092.568463 ts_out=1777539092.569212 gw_proc_ms=0.749 traceId=exp-perf5000-003323-ed4a2788
zt-gateway  | [perf-request-in] ts_in=1777539092.569024 ts_out=1777539092.569819 gw_proc_ms=0.795 traceId=exp-perf5000-003324-8d0fa5b0
zt-gateway  | [perf-request-in] ts_in=1777539092.569256 ts_out=1777539092.569913 gw_proc_ms=0.657 traceId=exp-perf5000-003325-8d75fc8c
zt-gateway  | [perf-request-in] ts_in=1777539092.569943 ts_out=1777539092.570559 gw_proc_ms=0.616 traceId=exp-perf5000-003327-4733d011
zt-gateway  | [perf-request-in] ts_in=1777539092.569921 ts_out=1777539092.570699 gw_proc_ms=0.778 traceId=exp-perf5000-003326-1216ba3a
zt-gateway  | [perf-request-in] ts_in=1777539092.570594 ts_out=1777539092.571202 gw_proc_ms=0.608 traceId=exp-perf5000-003328-139eb1dc
zt-gateway  | [perf-request-in] ts_in=1777539092.570745 ts_out=1777539092.571389 gw_proc_ms=0.644 traceId=exp-perf5000-003329-1d1fbf3e
zt-gateway  | [perf-request-in] ts_in=1777539092.571234 ts_out=1777539092.571914 gw_proc_ms=0.680 traceId=exp-perf5000-003331-4873a54e
zt-gateway  | [perf-request-in] ts_in=1777539092.571425 ts_out=1777539092.572173 gw_proc_ms=0.748 traceId=exp-perf5000-003330-7be6c759
zt-gateway  | [perf-request-in] ts_in=1777539092.571958 ts_out=1777539092.572645 gw_proc_ms=0.687 traceId=exp-perf5000-003333-8150f967
zt-gateway  | [perf-request-in] ts_in=1777539092.572253 ts_out=1777539092.572986 gw_proc_ms=0.733 traceId=exp-perf5000-003332-cf9c5593
zt-gateway  | [perf-request-in] ts_in=1777539092.572675 ts_out=1777539092.573346 gw_proc_ms=0.671 traceId=exp-perf5000-003334-f0523134
zt-gateway  | [perf-request-in] ts_in=1777539092.573055 ts_out=1777539092.573763 gw_proc_ms=0.708 traceId=exp-perf5000-003335-50159701
zt-gateway  | [perf-request-in] ts_in=1777539092.573381 ts_out=1777539092.574079 gw_proc_ms=0.698 traceId=exp-perf5000-003336-6f517302
zt-gateway  | [perf-request-in] ts_in=1777539092.573869 ts_out=1777539092.574707 gw_proc_ms=0.838 traceId=exp-perf5000-003337-5b5dd766
zt-gateway  | [perf-request-in] ts_in=1777539092.574116 ts_out=1777539092.574782 gw_proc_ms=0.666 traceId=exp-perf5000-003338-3d2ad1e2
zt-gateway  | [perf-request-in] ts_in=1777539092.574745 ts_out=1777539092.575452 gw_proc_ms=0.707 traceId=exp-perf5000-003339-2cf458ce
zt-gateway  | [perf-request-in] ts_in=1777539092.574818 ts_out=1777539092.575478 gw_proc_ms=0.660 traceId=exp-perf5000-003340-580cbafb
zt-gateway  | [perf-request-in] ts_in=1777539092.575507 ts_out=1777539092.576191 gw_proc_ms=0.684 traceId=exp-perf5000-003342-cf359ba9
zt-gateway  | [perf-request-in] ts_in=1777539092.575614 ts_out=1777539092.576323 gw_proc_ms=0.709 traceId=exp-perf5000-003341-65e07da7
zt-gateway  | [perf-request-in] ts_in=1777539092.576378 ts_out=1777539092.577029 gw_proc_ms=0.651 traceId=exp-perf5000-003343-0e349f94
zt-gateway  | [perf-request-in] ts_in=1777539092.576485 ts_out=1777539092.577269 gw_proc_ms=0.784 traceId=exp-perf5000-003344-10949df8
zt-gateway  | [perf-request-in] ts_in=1777539092.577079 ts_out=1777539092.577769 gw_proc_ms=0.690 traceId=exp-perf5000-003345-ecc6c8ee
zt-gateway  | [perf-request-in] ts_in=1777539092.577470 ts_out=1777539092.578376 gw_proc_ms=0.906 traceId=exp-perf5000-003346-ea683307
zt-gateway  | [perf-request-in] ts_in=1777539092.577804 ts_out=1777539092.578504 gw_proc_ms=0.700 traceId=exp-perf5000-003347-5050f4ff
zt-gateway  | [perf-request-in] ts_in=1777539092.578424 ts_out=1777539092.579086 gw_proc_ms=0.662 traceId=exp-perf5000-003348-10ce8921
zt-gateway  | [perf-request-in] ts_in=1777539092.578541 ts_out=1777539092.579338 gw_proc_ms=0.797 traceId=exp-perf5000-003349-95ebd9ab
zt-gateway  | [perf-request-in] ts_in=1777539092.579131 ts_out=1777539092.579921 gw_proc_ms=0.790 traceId=exp-perf5000-003350-a876d614
zt-gateway  | [perf-request-in] ts_in=1777539092.579375 ts_out=1777539092.580226 gw_proc_ms=0.851 traceId=exp-perf5000-003351-6ea4148f
zt-gateway  | [perf-request-in] ts_in=1777539092.579958 ts_out=1777539092.580725 gw_proc_ms=0.767 traceId=exp-perf5000-003352-2c7d3f64
zt-gateway  | [perf-request-in] ts_in=1777539092.580258 ts_out=1777539092.581059 gw_proc_ms=0.801 traceId=exp-perf5000-003354-18b09c8d
zt-gateway  | [perf-request-in] ts_in=1777539092.580784 ts_out=1777539092.581497 gw_proc_ms=0.713 traceId=exp-perf5000-003353-4c1f2903
zt-gateway  | [perf-request-in] ts_in=1777539092.581172 ts_out=1777539092.581979 gw_proc_ms=0.807 traceId=exp-perf5000-003356-991071c4
zt-gateway  | [perf-request-in] ts_in=1777539092.581538 ts_out=1777539092.582209 gw_proc_ms=0.671 traceId=exp-perf5000-003355-3f5ed870
zt-gateway  | [perf-request-in] ts_in=1777539092.582013 ts_out=1777539092.582711 gw_proc_ms=0.698 traceId=exp-perf5000-003358-7593a23e
zt-gateway  | [perf-request-in] ts_in=1777539092.582246 ts_out=1777539092.583073 gw_proc_ms=0.827 traceId=exp-perf5000-003357-3de4c37f
zt-gateway  | [perf-request-in] ts_in=1777539092.582749 ts_out=1777539092.583454 gw_proc_ms=0.705 traceId=exp-perf5000-003360-937ebdf2
zt-gateway  | [perf-request-in] ts_in=1777539092.583118 ts_out=1777539092.583763 gw_proc_ms=0.645 traceId=exp-perf5000-003359-0dd2201e
zt-gateway  | [perf-request-in] ts_in=1777539092.583519 ts_out=1777539092.584195 gw_proc_ms=0.676 traceId=exp-perf5000-003362-b02cc2d5
zt-gateway  | [perf-request-in] ts_in=1777539092.583793 ts_out=1777539092.584417 gw_proc_ms=0.624 traceId=exp-perf5000-003361-56313e92
zt-gateway  | [perf-request-in] ts_in=1777539092.584455 ts_out=1777539092.585101 gw_proc_ms=0.646 traceId=exp-perf5000-003364-fe27d7e0
zt-gateway  | [perf-request-in] ts_in=1777539092.584263 ts_out=1777539092.585254 gw_proc_ms=0.991 traceId=exp-perf5000-003363-a7bd8e5b
zt-gateway  | [perf-request-in] ts_in=1777539092.585134 ts_out=1777539092.585746 gw_proc_ms=0.612 traceId=exp-perf5000-003365-e7ddb8b4
zt-gateway  | [perf-request-in] ts_in=1777539092.585313 ts_out=1777539092.586092 gw_proc_ms=0.779 traceId=exp-perf5000-003366-bfb7128e
zt-gateway  | [perf-request-in] ts_in=1777539092.585780 ts_out=1777539092.586422 gw_proc_ms=0.642 traceId=exp-perf5000-003368-f3a7a0a4
zt-gateway  | [perf-request-in] ts_in=1777539092.586165 ts_out=1777539092.586867 gw_proc_ms=0.702 traceId=exp-perf5000-003367-6610221e
zt-gateway  | [perf-request-in] ts_in=1777539092.586458 ts_out=1777539092.587095 gw_proc_ms=0.637 traceId=exp-perf5000-003369-a3c518c0
zt-gateway  | [perf-request-in] ts_in=1777539092.587134 ts_out=1777539092.587811 gw_proc_ms=0.677 traceId=exp-perf5000-003376-c8a21b07
zt-gateway  | [perf-request-in] ts_in=1777539092.587855 ts_out=1777539092.588466 gw_proc_ms=0.611 traceId=exp-perf5000-003377-f743456a
zt-gateway  | [perf-request-in] ts_in=1777539092.586983 ts_out=1777539092.588580 gw_proc_ms=1.597 traceId=exp-perf5000-003370-c99f6f12
zt-gateway  | [perf-request-in] ts_in=1777539092.588505 ts_out=1777539092.589211 gw_proc_ms=0.706 traceId=exp-perf5000-003378-d0ecc897
zt-gateway  | [perf-request-in] ts_in=1777539092.588685 ts_out=1777539092.589417 gw_proc_ms=0.732 traceId=exp-perf5000-003371-7d6c0f30
zt-gateway  | [perf-request-in] ts_in=1777539092.589251 ts_out=1777539092.590125 gw_proc_ms=0.874 traceId=exp-perf5000-003379-97a0adea
zt-gateway  | [perf-request-in] ts_in=1777539092.589488 ts_out=1777539092.590211 gw_proc_ms=0.723 traceId=exp-perf5000-003372-740fd939
zt-gateway  | [perf-request-in] ts_in=1777539092.590159 ts_out=1777539092.590795 gw_proc_ms=0.636 traceId=exp-perf5000-003380-aca1ee58
zt-gateway  | [perf-request-in] ts_in=1777539092.590290 ts_out=1777539092.591098 gw_proc_ms=0.808 traceId=exp-perf5000-003373-852fa70b
zt-gateway  | [perf-request-in] ts_in=1777539092.590825 ts_out=1777539092.591451 gw_proc_ms=0.626 traceId=exp-perf5000-003382-221ffb5f
zt-gateway  | [perf-request-in] ts_in=1777539092.591491 ts_out=1777539092.592114 gw_proc_ms=0.623 traceId=exp-perf5000-003384-93e2eafd
zt-gateway  | [perf-request-in] ts_in=1777539092.591177 ts_out=1777539092.592218 gw_proc_ms=1.041 traceId=exp-perf5000-003374-08754291
zt-gateway  | [perf-request-in] ts_in=1777539092.592146 ts_out=1777539092.592772 gw_proc_ms=0.626 traceId=exp-perf5000-003385-f3c6137b
zt-gateway  | [perf-request-in] ts_in=1777539092.592288 ts_out=1777539092.593040 gw_proc_ms=0.752 traceId=exp-perf5000-003375-400de6f8
zt-gateway  | [perf-request-in] ts_in=1777539092.592805 ts_out=1777539092.593443 gw_proc_ms=0.638 traceId=exp-perf5000-003388-1172312b
zt-gateway  | [perf-request-in] ts_in=1777539092.593112 ts_out=1777539092.593873 gw_proc_ms=0.761 traceId=exp-perf5000-003381-6dfc3067
zt-gateway  | [perf-request-in] ts_in=1777539092.593471 ts_out=1777539092.594118 gw_proc_ms=0.647 traceId=exp-perf5000-003390-d7ec336b
zt-gateway  | [perf-request-in] ts_in=1777539092.593969 ts_out=1777539092.594726 gw_proc_ms=0.757 traceId=exp-perf5000-003383-94c610bb
zt-gateway  | [perf-request-in] ts_in=1777539092.594151 ts_out=1777539092.594812 gw_proc_ms=0.661 traceId=exp-perf5000-003392-af821144
zt-gateway  | [perf-request-in] ts_in=1777539092.594875 ts_out=1777539092.595484 gw_proc_ms=0.609 traceId=exp-perf5000-003394-04735cc6
zt-gateway  | [perf-request-in] ts_in=1777539092.594947 ts_out=1777539092.595652 gw_proc_ms=0.705 traceId=exp-perf5000-003386-17cc4c0a
zt-gateway  | [perf-request-in] ts_in=1777539092.595518 ts_out=1777539092.596137 gw_proc_ms=0.619 traceId=exp-perf5000-003396-85f147b3
zt-gateway  | [perf-request-in] ts_in=1777539092.595731 ts_out=1777539092.596425 gw_proc_ms=0.694 traceId=exp-perf5000-003387-74b4d930
zt-gateway  | [perf-request-in] ts_in=1777539092.596175 ts_out=1777539092.596797 gw_proc_ms=0.622 traceId=exp-perf5000-003398-437b5bd0
zt-gateway  | [perf-request-in] ts_in=1777539092.596487 ts_out=1777539092.597180 gw_proc_ms=0.693 traceId=exp-perf5000-003389-55382469
zt-gateway  | [perf-request-in] ts_in=1777539092.596827 ts_out=1777539092.597418 gw_proc_ms=0.591 traceId=exp-perf5000-003400-d4d13284
zt-gateway  | [perf-request-in] ts_in=1777539092.597257 ts_out=1777539092.597958 gw_proc_ms=0.701 traceId=exp-perf5000-003391-ca7a14f5
zt-gateway  | [perf-request-in] ts_in=1777539092.597443 ts_out=1777539092.598072 gw_proc_ms=0.629 traceId=exp-perf5000-003403-cc36799e
zt-gateway  | [perf-request-in] ts_in=1777539092.598105 ts_out=1777539092.598747 gw_proc_ms=0.642 traceId=exp-perf5000-003404-62a5a6c3
zt-gateway  | [perf-request-in] ts_in=1777539092.598051 ts_out=1777539092.598846 gw_proc_ms=0.795 traceId=exp-perf5000-003393-8fdec634
zt-gateway  | [perf-request-in] ts_in=1777539092.598784 ts_out=1777539092.599409 gw_proc_ms=0.625 traceId=exp-perf5000-003407-90d5611e
zt-gateway  | [perf-request-in] ts_in=1777539092.598926 ts_out=1777539092.599641 gw_proc_ms=0.715 traceId=exp-perf5000-003395-7b982aed
zt-gateway  | [perf-request-in] ts_in=1777539092.599444 ts_out=1777539092.600062 gw_proc_ms=0.618 traceId=exp-perf5000-003409-7d46669b
zt-gateway  | [perf-request-in] ts_in=1777539092.599727 ts_out=1777539092.600414 gw_proc_ms=0.687 traceId=exp-perf5000-003397-b8fb2e4a
zt-gateway  | [perf-request-in] ts_in=1777539092.600091 ts_out=1777539092.600738 gw_proc_ms=0.647 traceId=exp-perf5000-003411-42886c6d
zt-gateway  | [perf-request-in] ts_in=1777539092.600491 ts_out=1777539092.601237 gw_proc_ms=0.746 traceId=exp-perf5000-003399-b602d177
zt-gateway  | [perf-request-in] ts_in=1777539092.600774 ts_out=1777539092.601394 gw_proc_ms=0.620 traceId=exp-perf5000-003413-bb3063cc
zt-gateway  | [perf-request-in] ts_in=1777539092.601315 ts_out=1777539092.602048 gw_proc_ms=0.733 traceId=exp-perf5000-003401-5e7ef341
zt-gateway  | [perf-request-in] ts_in=1777539092.601425 ts_out=1777539092.602062 gw_proc_ms=0.637 traceId=exp-perf5000-003415-59ddd02a
zt-gateway  | [perf-request-in] ts_in=1777539092.602088 ts_out=1777539092.602732 gw_proc_ms=0.644 traceId=exp-perf5000-003417-2cdcce61
zt-gateway  | [perf-request-in] ts_in=1777539092.602142 ts_out=1777539092.602881 gw_proc_ms=0.739 traceId=exp-perf5000-003402-52859307
zt-gateway  | [perf-request-in] ts_in=1777539092.602770 ts_out=1777539092.603407 gw_proc_ms=0.637 traceId=exp-perf5000-003419-61675fa5
zt-gateway  | [perf-request-in] ts_in=1777539092.602951 ts_out=1777539092.603680 gw_proc_ms=0.729 traceId=exp-perf5000-003405-1fc7878c
zt-gateway  | [perf-request-in] ts_in=1777539092.603443 ts_out=1777539092.604073 gw_proc_ms=0.630 traceId=exp-perf5000-003421-a51ef232
zt-gateway  | [perf-request-in] ts_in=1777539092.603759 ts_out=1777539092.604448 gw_proc_ms=0.689 traceId=exp-perf5000-003406-8f93a9c0
zt-gateway  | [perf-request-in] ts_in=1777539092.604105 ts_out=1777539092.604740 gw_proc_ms=0.635 traceId=exp-perf5000-003423-ec41426f
zt-gateway  | [perf-request-in] ts_in=1777539092.604771 ts_out=1777539092.605407 gw_proc_ms=0.636 traceId=exp-perf5000-003424-1ac356bb
zt-gateway  | [perf-request-in] ts_in=1777539092.604504 ts_out=1777539092.605680 gw_proc_ms=1.176 traceId=exp-perf5000-003408-4e70cd72
zt-gateway  | [perf-request-in] ts_in=1777539092.605436 ts_out=1777539092.606087 gw_proc_ms=0.651 traceId=exp-perf5000-003426-62dda8c5
zt-gateway  | [perf-request-in] ts_in=1777539092.605776 ts_out=1777539092.606523 gw_proc_ms=0.747 traceId=exp-perf5000-003410-8275fcca
zt-gateway  | [perf-request-in] ts_in=1777539092.606126 ts_out=1777539092.606858 gw_proc_ms=0.732 traceId=exp-perf5000-003428-49fa8ff2
zt-gateway  | [perf-request-in] ts_in=1777539092.606598 ts_out=1777539092.607444 gw_proc_ms=0.846 traceId=exp-perf5000-003412-1c8d527e
zt-gateway  | [perf-request-in] ts_in=1777539092.606900 ts_out=1777539092.607664 gw_proc_ms=0.764 traceId=exp-perf5000-003430-a4284aee
zt-gateway  | [perf-request-in] ts_in=1777539092.607485 ts_out=1777539092.608233 gw_proc_ms=0.748 traceId=exp-perf5000-003414-5f5f8ffd
zt-gateway  | [perf-request-in] ts_in=1777539092.607696 ts_out=1777539092.608409 gw_proc_ms=0.713 traceId=exp-perf5000-003432-af65ce71
zt-gateway  | [perf-request-in] ts_in=1777539092.608433 ts_out=1777539092.609129 gw_proc_ms=0.696 traceId=exp-perf5000-003434-0d16d378
zt-gateway  | [perf-request-in] ts_in=1777539092.608266 ts_out=1777539092.609315 gw_proc_ms=1.049 traceId=exp-perf5000-003416-9ccfcb30
zt-gateway  | [perf-request-in] ts_in=1777539092.609162 ts_out=1777539092.609788 gw_proc_ms=0.626 traceId=exp-perf5000-003436-b48ac568
zt-gateway  | [perf-request-in] ts_in=1777539092.609414 ts_out=1777539092.610242 gw_proc_ms=0.828 traceId=exp-perf5000-003418-34b9d57e
zt-gateway  | [perf-request-in] ts_in=1777539092.609813 ts_out=1777539092.610494 gw_proc_ms=0.681 traceId=exp-perf5000-003438-51bdd799
zt-gateway  | [perf-request-in] ts_in=1777539092.610318 ts_out=1777539092.611178 gw_proc_ms=0.860 traceId=exp-perf5000-003420-36cbbc0c
zt-gateway  | [perf-request-in] ts_in=1777539092.610534 ts_out=1777539092.611243 gw_proc_ms=0.709 traceId=exp-perf5000-003439-ab030a69
zt-gateway  | [perf-request-in] ts_in=1777539092.611278 ts_out=1777539092.612032 gw_proc_ms=0.754 traceId=exp-perf5000-003442-a1a388db
zt-gateway  | [perf-request-in] ts_in=1777539092.611338 ts_out=1777539092.612247 gw_proc_ms=0.909 traceId=exp-perf5000-003422-fc53e962
zt-gateway  | [perf-request-in] ts_in=1777539092.612069 ts_out=1777539092.612809 gw_proc_ms=0.740 traceId=exp-perf5000-003444-99a1a6d8
zt-gateway  | [perf-request-in] ts_in=1777539092.612326 ts_out=1777539092.613133 gw_proc_ms=0.807 traceId=exp-perf5000-003425-81c67da1
zt-gateway  | [perf-request-in] ts_in=1777539092.612842 ts_out=1777539092.613479 gw_proc_ms=0.637 traceId=exp-perf5000-003446-55e9e53b
zt-gateway  | [perf-request-in] ts_in=1777539092.613172 ts_out=1777539092.614013 gw_proc_ms=0.841 traceId=exp-perf5000-003427-6ff63c37
zt-gateway  | [perf-request-in] ts_in=1777539092.613560 ts_out=1777539092.614327 gw_proc_ms=0.767 traceId=exp-perf5000-003448-7d6b2258
zt-gateway  | [perf-request-in] ts_in=1777539092.614053 ts_out=1777539092.614691 gw_proc_ms=0.638 traceId=exp-perf5000-003429-035695a7
zt-gateway  | [perf-request-in] ts_in=1777539092.614359 ts_out=1777539092.615029 gw_proc_ms=0.670 traceId=exp-perf5000-003450-f14cf0b0
zt-gateway  | [perf-request-in] ts_in=1777539092.614726 ts_out=1777539092.615340 gw_proc_ms=0.614 traceId=exp-perf5000-003431-86f76af4
zt-gateway  | [perf-request-in] ts_in=1777539092.615366 ts_out=1777539092.616017 gw_proc_ms=0.651 traceId=exp-perf5000-003433-ac95d963
zt-gateway  | [perf-request-in] ts_in=1777539092.615275 ts_out=1777539092.616419 gw_proc_ms=1.144 traceId=exp-perf5000-003452-bd98ad90
zt-gateway  | [perf-request-in] ts_in=1777539092.616051 ts_out=1777539092.616716 gw_proc_ms=0.665 traceId=exp-perf5000-003435-badc5e0c
zt-gateway  | [perf-request-in] ts_in=1777539092.616506 ts_out=1777539092.617321 gw_proc_ms=0.815 traceId=exp-perf5000-003454-bc855245
zt-gateway  | [perf-request-in] ts_in=1777539092.616749 ts_out=1777539092.617374 gw_proc_ms=0.625 traceId=exp-perf5000-003437-dd5df9e2
zt-gateway  | [perf-request-in] ts_in=1777539092.617410 ts_out=1777539092.618045 gw_proc_ms=0.635 traceId=exp-perf5000-003440-a60b9495
zt-gateway  | [perf-request-in] ts_in=1777539092.617385 ts_out=1777539092.618219 gw_proc_ms=0.834 traceId=exp-perf5000-003456-3e23f6a0
zt-gateway  | [perf-request-in] ts_in=1777539092.618072 ts_out=1777539092.618756 gw_proc_ms=0.684 traceId=exp-perf5000-003441-993491c6
zt-gateway  | [perf-request-in] ts_in=1777539092.618255 ts_out=1777539092.618991 gw_proc_ms=0.736 traceId=exp-perf5000-003458-e9b46077
zt-gateway  | [perf-request-in] ts_in=1777539092.618787 ts_out=1777539092.619410 gw_proc_ms=0.623 traceId=exp-perf5000-003443-26f4148b
zt-gateway  | [perf-request-in] ts_in=1777539092.619041 ts_out=1777539092.619723 gw_proc_ms=0.682 traceId=exp-perf5000-003460-b57de782
zt-gateway  | [perf-request-in] ts_in=1777539092.619439 ts_out=1777539092.620107 gw_proc_ms=0.668 traceId=exp-perf5000-003445-7285f78b
zt-gateway  | [perf-request-in] ts_in=1777539092.619760 ts_out=1777539092.620411 gw_proc_ms=0.651 traceId=exp-perf5000-003462-3850c801
zt-gateway  | [perf-request-in] ts_in=1777539092.620132 ts_out=1777539092.620784 gw_proc_ms=0.652 traceId=exp-perf5000-003447-250e1ca6
zt-gateway  | [perf-request-in] ts_in=1777539092.620441 ts_out=1777539092.621101 gw_proc_ms=0.660 traceId=exp-perf5000-003463-ed44ad90
zt-gateway  | [perf-request-in] ts_in=1777539092.620819 ts_out=1777539092.621456 gw_proc_ms=0.637 traceId=exp-perf5000-003449-bb477915
zt-gateway  | [perf-request-in] ts_in=1777539092.621136 ts_out=1777539092.621789 gw_proc_ms=0.653 traceId=exp-perf5000-003465-5aa2e1d9
zt-gateway  | [perf-request-in] ts_in=1777539092.621487 ts_out=1777539092.622128 gw_proc_ms=0.641 traceId=exp-perf5000-003451-ca9d067d
zt-gateway  | [perf-request-in] ts_in=1777539092.621826 ts_out=1777539092.622438 gw_proc_ms=0.612 traceId=exp-perf5000-003467-c5daa1af
zt-gateway  | [perf-request-in] ts_in=1777539092.622164 ts_out=1777539092.622821 gw_proc_ms=0.657 traceId=exp-perf5000-003453-69d6f244
zt-gateway  | [perf-request-in] ts_in=1777539092.622862 ts_out=1777539092.623661 gw_proc_ms=0.799 traceId=exp-perf5000-003455-d3c0b969
zt-gateway  | [perf-request-in] ts_in=1777539092.622558 ts_out=1777539092.623776 gw_proc_ms=1.218 traceId=exp-perf5000-003469-06602a62
zt-gateway  | [perf-request-in] ts_in=1777539092.623694 ts_out=1777539092.624355 gw_proc_ms=0.661 traceId=exp-perf5000-003457-504d0d0b
zt-gateway  | [perf-request-in] ts_in=1777539092.623828 ts_out=1777539092.624642 gw_proc_ms=0.814 traceId=exp-perf5000-003470-e208d471
zt-gateway  | [perf-request-in] ts_in=1777539092.624385 ts_out=1777539092.625053 gw_proc_ms=0.668 traceId=exp-perf5000-003459-571895c7
zt-gateway  | [perf-request-in] ts_in=1777539092.625085 ts_out=1777539092.625760 gw_proc_ms=0.675 traceId=exp-perf5000-003461-85f47a67
zt-gateway  | [perf-request-in] ts_in=1777539092.624937 ts_out=1777539092.626155 gw_proc_ms=1.218 traceId=exp-perf5000-003471-fbdb0017
zt-gateway  | [perf-request-in] ts_in=1777539092.625796 ts_out=1777539092.626427 gw_proc_ms=0.631 traceId=exp-perf5000-003464-466255a2
zt-gateway  | [perf-request-in] ts_in=1777539092.626195 ts_out=1777539092.626856 gw_proc_ms=0.661 traceId=exp-perf5000-003473-72d54034
zt-gateway  | [perf-request-in] ts_in=1777539092.626455 ts_out=1777539092.627079 gw_proc_ms=0.624 traceId=exp-perf5000-003466-34b276b4
zt-gateway  | [perf-request-in] ts_in=1777539092.626886 ts_out=1777539092.627507 gw_proc_ms=0.621 traceId=exp-perf5000-003475-66ae2127
zt-gateway  | [perf-request-in] ts_in=1777539092.627106 ts_out=1777539092.627739 gw_proc_ms=0.633 traceId=exp-perf5000-003468-d53b35d6
zt-gateway  | [perf-request-in] ts_in=1777539092.627571 ts_out=1777539092.628236 gw_proc_ms=0.665 traceId=exp-perf5000-003477-48cbb9a7
zt-gateway  | [perf-request-in] ts_in=1777539092.627762 ts_out=1777539092.628365 gw_proc_ms=0.603 traceId=exp-perf5000-003472-91823602
zt-gateway  | [perf-request-in] ts_in=1777539092.628390 ts_out=1777539092.629037 gw_proc_ms=0.647 traceId=exp-perf5000-003474-55a2b536
zt-gateway  | [perf-request-in] ts_in=1777539092.628274 ts_out=1777539092.629094 gw_proc_ms=0.820 traceId=exp-perf5000-003479-a412bfbd
zt-gateway  | [perf-request-in] ts_in=1777539092.629072 ts_out=1777539092.629713 gw_proc_ms=0.641 traceId=exp-perf5000-003476-b0c24e18
zt-gateway  | [perf-request-in] ts_in=1777539092.629134 ts_out=1777539092.629922 gw_proc_ms=0.788 traceId=exp-perf5000-003480-8ca06e02
zt-gateway  | [perf-request-in] ts_in=1777539092.629744 ts_out=1777539092.630355 gw_proc_ms=0.611 traceId=exp-perf5000-003478-2647431a
zt-gateway  | [perf-request-in] ts_in=1777539092.629970 ts_out=1777539092.630638 gw_proc_ms=0.668 traceId=exp-perf5000-003482-52f34ead
zt-gateway  | [perf-request-in] ts_in=1777539092.630388 ts_out=1777539092.631025 gw_proc_ms=0.637 traceId=exp-perf5000-003481-e6cc11c4
zt-gateway  | [perf-request-in] ts_in=1777539092.630680 ts_out=1777539092.631322 gw_proc_ms=0.642 traceId=exp-perf5000-003484-ff9ed5ee
zt-gateway  | [perf-request-in] ts_in=1777539092.631059 ts_out=1777539092.631675 gw_proc_ms=0.616 traceId=exp-perf5000-003483-97abaf89
zt-gateway  | [perf-request-in] ts_in=1777539092.631365 ts_out=1777539092.632140 gw_proc_ms=0.775 traceId=exp-perf5000-003486-0e9383c4
zt-gateway  | [perf-request-in] ts_in=1777539092.631723 ts_out=1777539092.632500 gw_proc_ms=0.777 traceId=exp-perf5000-003485-735aeea1
zt-gateway  | [perf-request-in] ts_in=1777539092.632174 ts_out=1777539092.632884 gw_proc_ms=0.710 traceId=exp-perf5000-003488-9c6a216a
zt-gateway  | [perf-request-in] ts_in=1777539092.632531 ts_out=1777539092.633150 gw_proc_ms=0.619 traceId=exp-perf5000-003487-0d46832a
zt-gateway  | [perf-request-in] ts_in=1777539092.632917 ts_out=1777539092.633539 gw_proc_ms=0.622 traceId=exp-perf5000-003490-61f3f4b1
zt-gateway  | [perf-request-in] ts_in=1777539092.633174 ts_out=1777539092.633801 gw_proc_ms=0.627 traceId=exp-perf5000-003489-6f777b41
zt-gateway  | [perf-request-in] ts_in=1777539092.633581 ts_out=1777539092.634191 gw_proc_ms=0.610 traceId=exp-perf5000-003491-59ea2241
zt-gateway  | [perf-request-in] ts_in=1777539092.633827 ts_out=1777539092.634430 gw_proc_ms=0.603 traceId=exp-perf5000-003492-f7001f72
zt-gateway  | [perf-request-in] ts_in=1777539092.634216 ts_out=1777539092.634875 gw_proc_ms=0.659 traceId=exp-perf5000-003494-f435011c
zt-gateway  | [perf-request-in] ts_in=1777539092.634456 ts_out=1777539092.635146 gw_proc_ms=0.690 traceId=exp-perf5000-003493-09c382d1
zt-gateway  | [perf-request-in] ts_in=1777539092.635196 ts_out=1777539092.635820 gw_proc_ms=0.624 traceId=exp-perf5000-003496-dd1bdba0
zt-gateway  | [perf-request-in] ts_in=1777539092.634915 ts_out=1777539092.636176 gw_proc_ms=1.261 traceId=exp-perf5000-003495-b591f22a
zt-gateway  | [perf-request-in] ts_in=1777539092.635880 ts_out=1777539092.636503 gw_proc_ms=0.623 traceId=exp-perf5000-003499-033d9c93
zt-gateway  | [perf-request-in] ts_in=1777539092.636236 ts_out=1777539092.637037 gw_proc_ms=0.801 traceId=exp-perf5000-003497-51cb72d3
zt-gateway  | [perf-request-in] ts_in=1777539092.636558 ts_out=1777539092.637270 gw_proc_ms=0.712 traceId=exp-perf5000-003501-64a8baca
zt-gateway  | [perf-request-in] ts_in=1777539092.637079 ts_out=1777539092.637734 gw_proc_ms=0.655 traceId=exp-perf5000-003498-7d5497eb
zt-gateway  | [perf-request-in] ts_in=1777539092.637312 ts_out=1777539092.637971 gw_proc_ms=0.659 traceId=exp-perf5000-003503-b179d2ce
zt-gateway  | [perf-request-in] ts_in=1777539092.637776 ts_out=1777539092.638435 gw_proc_ms=0.659 traceId=exp-perf5000-003500-48fd249a
zt-gateway  | [perf-request-in] ts_in=1777539092.638027 ts_out=1777539092.638731 gw_proc_ms=0.704 traceId=exp-perf5000-003505-58bbfc0c
zt-gateway  | [perf-request-in] ts_in=1777539092.638478 ts_out=1777539092.639161 gw_proc_ms=0.683 traceId=exp-perf5000-003502-da3af692
zt-gateway  | [perf-request-in] ts_in=1777539092.638804 ts_out=1777539092.639480 gw_proc_ms=0.676 traceId=exp-perf5000-003508-3135bcb4
zt-gateway  | [perf-request-in] ts_in=1777539092.639201 ts_out=1777539092.639880 gw_proc_ms=0.679 traceId=exp-perf5000-003504-741c238e
zt-gateway  | [perf-request-in] ts_in=1777539092.639512 ts_out=1777539092.640155 gw_proc_ms=0.643 traceId=exp-perf5000-003510-ec920ae5
zt-gateway  | [perf-request-in] ts_in=1777539092.639923 ts_out=1777539092.640597 gw_proc_ms=0.674 traceId=exp-perf5000-003506-cf8e7dbc
zt-gateway  | [perf-request-in] ts_in=1777539092.640202 ts_out=1777539092.640829 gw_proc_ms=0.627 traceId=exp-perf5000-003512-355bbfcd
zt-gateway  | [perf-request-in] ts_in=1777539092.640654 ts_out=1777539092.641329 gw_proc_ms=0.675 traceId=exp-perf5000-003507-a6e245e3
zt-gateway  | [perf-request-in] ts_in=1777539092.640865 ts_out=1777539092.641496 gw_proc_ms=0.631 traceId=exp-perf5000-003514-c37dd135
zt-gateway  | [perf-request-in] ts_in=1777539092.641370 ts_out=1777539092.642014 gw_proc_ms=0.644 traceId=exp-perf5000-003509-022d817d
zt-gateway  | [perf-request-in] ts_in=1777539092.641529 ts_out=1777539092.642157 gw_proc_ms=0.628 traceId=exp-perf5000-003517-346bdba0
zt-gateway  | [perf-request-in] ts_in=1777539092.642054 ts_out=1777539092.642698 gw_proc_ms=0.644 traceId=exp-perf5000-003511-743e5320
zt-gateway  | [perf-request-in] ts_in=1777539092.642180 ts_out=1777539092.642804 gw_proc_ms=0.624 traceId=exp-perf5000-003519-4271dfd9
zt-gateway  | [perf-request-in] ts_in=1777539092.642736 ts_out=1777539092.643383 gw_proc_ms=0.647 traceId=exp-perf5000-003513-50b55363
zt-gateway  | [perf-request-in] ts_in=1777539092.642825 ts_out=1777539092.643442 gw_proc_ms=0.617 traceId=exp-perf5000-003521-6131b306
zt-gateway  | [perf-request-in] ts_in=1777539092.643480 ts_out=1777539092.644111 gw_proc_ms=0.631 traceId=exp-perf5000-003524-89d09a8f
zt-gateway  | [perf-request-in] ts_in=1777539092.643415 ts_out=1777539092.644113 gw_proc_ms=0.698 traceId=exp-perf5000-003515-a1dbbc78
zt-gateway  | [perf-request-in] ts_in=1777539092.644150 ts_out=1777539092.644782 gw_proc_ms=0.632 traceId=exp-perf5000-003526-73b28a9a
zt-gateway  | [perf-request-in] ts_in=1777539092.644152 ts_out=1777539092.644804 gw_proc_ms=0.652 traceId=exp-perf5000-003516-d95103d3
zt-gateway  | [perf-request-in] ts_in=1777539092.644844 ts_out=1777539092.645682 gw_proc_ms=0.838 traceId=exp-perf5000-003518-9c9938f6
zt-gateway  | [perf-request-in] ts_in=1777539092.645179 ts_out=1777539092.645820 gw_proc_ms=0.641 traceId=exp-perf5000-003529-5c6274f8
zt-gateway  | [perf-request-in] ts_in=1777539092.645849 ts_out=1777539092.646460 gw_proc_ms=0.611 traceId=exp-perf5000-003531-12b02cef
zt-gateway  | [perf-request-in] ts_in=1777539092.645729 ts_out=1777539092.646927 gw_proc_ms=1.198 traceId=exp-perf5000-003520-6541af0d
zt-gateway  | [perf-request-in] ts_in=1777539092.646496 ts_out=1777539092.647119 gw_proc_ms=0.623 traceId=exp-perf5000-003532-e3204ef3
zt-gateway  | [perf-request-in] ts_in=1777539092.646963 ts_out=1777539092.647612 gw_proc_ms=0.649 traceId=exp-perf5000-003522-7e2e2568
zt-gateway  | [perf-request-in] ts_in=1777539092.647144 ts_out=1777539092.647744 gw_proc_ms=0.600 traceId=exp-perf5000-003535-e019e3b7
zt-gateway  | [perf-request-in] ts_in=1777539092.647643 ts_out=1777539092.648298 gw_proc_ms=0.655 traceId=exp-perf5000-003523-1ac5decf
zt-gateway  | [perf-request-in] ts_in=1777539092.647777 ts_out=1777539092.648403 gw_proc_ms=0.626 traceId=exp-perf5000-003537-0fe7acda
zt-gateway  | [perf-request-in] ts_in=1777539092.648334 ts_out=1777539092.649005 gw_proc_ms=0.671 traceId=exp-perf5000-003525-08e8cb13
zt-gateway  | [perf-request-in] ts_in=1777539092.648435 ts_out=1777539092.649062 gw_proc_ms=0.627 traceId=exp-perf5000-003539-b3b645b5
zt-gateway  | [perf-request-in] ts_in=1777539092.649048 ts_out=1777539092.649701 gw_proc_ms=0.653 traceId=exp-perf5000-003527-ac633ec5
zt-gateway  | [perf-request-in] ts_in=1777539092.649089 ts_out=1777539092.649711 gw_proc_ms=0.622 traceId=exp-perf5000-003541-05f22a64
zt-gateway  | [perf-request-in] ts_in=1777539092.649751 ts_out=1777539092.650357 gw_proc_ms=0.606 traceId=exp-perf5000-003542-85c98c81
zt-gateway  | [perf-request-in] ts_in=1777539092.649753 ts_out=1777539092.650387 gw_proc_ms=0.634 traceId=exp-perf5000-003528-c43739d3
zt-gateway  | [perf-request-in] ts_in=1777539092.650392 ts_out=1777539092.651035 gw_proc_ms=0.643 traceId=exp-perf5000-003544-6187c137
zt-gateway  | [perf-request-in] ts_in=1777539092.650416 ts_out=1777539092.651068 gw_proc_ms=0.652 traceId=exp-perf5000-003530-a7ef062a
zt-gateway  | [perf-request-in] ts_in=1777539092.651103 ts_out=1777539092.651756 gw_proc_ms=0.653 traceId=exp-perf5000-003533-8115dd5f
zt-gateway  | [perf-request-in] ts_in=1777539092.651194 ts_out=1777539092.651833 gw_proc_ms=0.639 traceId=exp-perf5000-003546-bbe317c3
zt-gateway  | [perf-request-in] ts_in=1777539092.651861 ts_out=1777539092.652482 gw_proc_ms=0.621 traceId=exp-perf5000-003547-db193115
zt-gateway  | [perf-request-in] ts_in=1777539092.651792 ts_out=1777539092.652623 gw_proc_ms=0.831 traceId=exp-perf5000-003534-b92c6ecf
zt-gateway  | [perf-request-in] ts_in=1777539092.652514 ts_out=1777539092.653145 gw_proc_ms=0.631 traceId=exp-perf5000-003549-dd2c7d8b
zt-gateway  | [perf-request-in] ts_in=1777539092.652673 ts_out=1777539092.653377 gw_proc_ms=0.704 traceId=exp-perf5000-003536-45f410a3
zt-gateway  | [perf-request-in] ts_in=1777539092.653167 ts_out=1777539092.653806 gw_proc_ms=0.639 traceId=exp-perf5000-003551-4a037607
zt-gateway  | [perf-request-in] ts_in=1777539092.653420 ts_out=1777539092.654093 gw_proc_ms=0.673 traceId=exp-perf5000-003538-f49f2dca
zt-gateway  | [perf-request-in] ts_in=1777539092.653839 ts_out=1777539092.654450 gw_proc_ms=0.611 traceId=exp-perf5000-003553-743ac543
zt-gateway  | [perf-request-in] ts_in=1777539092.654126 ts_out=1777539092.654874 gw_proc_ms=0.748 traceId=exp-perf5000-003540-591da072
zt-gateway  | [perf-request-in] ts_in=1777539092.654479 ts_out=1777539092.655122 gw_proc_ms=0.643 traceId=exp-perf5000-003555-f2206d70
zt-gateway  | [perf-request-in] ts_in=1777539092.654912 ts_out=1777539092.655581 gw_proc_ms=0.669 traceId=exp-perf5000-003543-759680f8
zt-gateway  | [perf-request-in] ts_in=1777539092.655159 ts_out=1777539092.655815 gw_proc_ms=0.656 traceId=exp-perf5000-003557-c56cdb80
zt-gateway  | [perf-request-in] ts_in=1777539092.655613 ts_out=1777539092.656249 gw_proc_ms=0.636 traceId=exp-perf5000-003545-191d36ee
zt-gateway  | [perf-request-in] ts_in=1777539092.655849 ts_out=1777539092.656464 gw_proc_ms=0.615 traceId=exp-perf5000-003559-c058f67a
zt-gateway  | [perf-request-in] ts_in=1777539092.656284 ts_out=1777539092.656908 gw_proc_ms=0.624 traceId=exp-perf5000-003548-fd15793c
zt-gateway  | [perf-request-in] ts_in=1777539092.656496 ts_out=1777539092.657108 gw_proc_ms=0.612 traceId=exp-perf5000-003561-5de50e25
zt-gateway  | [perf-request-in] ts_in=1777539092.656942 ts_out=1777539092.657583 gw_proc_ms=0.641 traceId=exp-perf5000-003550-f0e252fb
zt-gateway  | [perf-request-in] ts_in=1777539092.657154 ts_out=1777539092.657788 gw_proc_ms=0.634 traceId=exp-perf5000-003562-43274dd2
zt-gateway  | [perf-request-in] ts_in=1777539092.657608 ts_out=1777539092.658233 gw_proc_ms=0.625 traceId=exp-perf5000-003552-cac4420e
zt-gateway  | [perf-request-in] ts_in=1777539092.657812 ts_out=1777539092.658436 gw_proc_ms=0.624 traceId=exp-perf5000-003563-3288c346
zt-gateway  | [perf-request-in] ts_in=1777539092.658267 ts_out=1777539092.658920 gw_proc_ms=0.653 traceId=exp-perf5000-003554-d2e352cf
zt-gateway  | [perf-request-in] ts_in=1777539092.658463 ts_out=1777539092.659100 gw_proc_ms=0.637 traceId=exp-perf5000-003564-cfe75b7f
zt-gateway  | [perf-request-in] ts_in=1777539092.658959 ts_out=1777539092.659619 gw_proc_ms=0.660 traceId=exp-perf5000-003556-076e73e9
zt-gateway  | [perf-request-in] ts_in=1777539092.659133 ts_out=1777539092.660061 gw_proc_ms=0.928 traceId=exp-perf5000-003567-5c3fe097
zt-gateway  | [perf-request-in] ts_in=1777539092.659647 ts_out=1777539092.660246 gw_proc_ms=0.599 traceId=exp-perf5000-003558-175cacf1
zt-gateway  | [perf-request-in] ts_in=1777539092.660150 ts_out=1777539092.660839 gw_proc_ms=0.689 traceId=exp-perf5000-003569-fbe28b2f
zt-gateway  | [perf-request-in] ts_in=1777539092.660271 ts_out=1777539092.660876 gw_proc_ms=0.605 traceId=exp-perf5000-003560-03416b78
zt-gateway  | [perf-request-in] ts_in=1777539092.660903 ts_out=1777539092.661514 gw_proc_ms=0.611 traceId=exp-perf5000-003565-11a48d6a
zt-gateway  | [perf-request-in] ts_in=1777539092.661542 ts_out=1777539092.662144 gw_proc_ms=0.602 traceId=exp-perf5000-003566-440dd478
zt-gateway  | [perf-request-in] ts_in=1777539092.661381 ts_out=1777539092.662195 gw_proc_ms=0.814 traceId=exp-perf5000-003570-3cd8ebee
zt-gateway  | [perf-request-in] ts_in=1777539092.662174 ts_out=1777539092.662814 gw_proc_ms=0.640 traceId=exp-perf5000-003568-2f6e15a4
zt-gateway  | [perf-request-in] ts_in=1777539092.662283 ts_out=1777539092.663017 gw_proc_ms=0.734 traceId=exp-perf5000-003573-eaafb8af
zt-gateway  | [perf-request-in] ts_in=1777539092.662862 ts_out=1777539092.663478 gw_proc_ms=0.616 traceId=exp-perf5000-003571-18040d99
zt-gateway  | [perf-request-in] ts_in=1777539092.663050 ts_out=1777539092.663712 gw_proc_ms=0.662 traceId=exp-perf5000-003575-29987e57
zt-gateway  | [perf-request-in] ts_in=1777539092.663503 ts_out=1777539092.664139 gw_proc_ms=0.636 traceId=exp-perf5000-003572-05f62038
zt-gateway  | [perf-request-in] ts_in=1777539092.663748 ts_out=1777539092.664396 gw_proc_ms=0.648 traceId=exp-perf5000-003577-515fe944
zt-gateway  | [perf-request-in] ts_in=1777539092.664160 ts_out=1777539092.664777 gw_proc_ms=0.617 traceId=exp-perf5000-003574-747c0c5f
zt-gateway  | [perf-request-in] ts_in=1777539092.664429 ts_out=1777539092.665065 gw_proc_ms=0.636 traceId=exp-perf5000-003578-cc137d70
zt-gateway  | [perf-request-in] ts_in=1777539092.664804 ts_out=1777539092.665404 gw_proc_ms=0.600 traceId=exp-perf5000-003576-799d5f81
zt-gateway  | [perf-request-in] ts_in=1777539092.665100 ts_out=1777539092.665797 gw_proc_ms=0.697 traceId=exp-perf5000-003580-47cd9b87
zt-gateway  | [perf-request-in] ts_in=1777539092.665428 ts_out=1777539092.666068 gw_proc_ms=0.640 traceId=exp-perf5000-003579-baa954e6
zt-gateway  | [perf-request-in] ts_in=1777539092.665833 ts_out=1777539092.666512 gw_proc_ms=0.679 traceId=exp-perf5000-003582-b3a07625
zt-gateway  | [perf-request-in] ts_in=1777539092.666101 ts_out=1777539092.666730 gw_proc_ms=0.629 traceId=exp-perf5000-003581-f8b87e2e
zt-gateway  | [perf-request-in] ts_in=1777539092.666546 ts_out=1777539092.667231 gw_proc_ms=0.685 traceId=exp-perf5000-003584-6e7c4c7f
zt-gateway  | [perf-request-in] ts_in=1777539092.666755 ts_out=1777539092.667499 gw_proc_ms=0.744 traceId=exp-perf5000-003583-a1fc0572
zt-gateway  | [perf-request-in] ts_in=1777539092.667268 ts_out=1777539092.667925 gw_proc_ms=0.657 traceId=exp-perf5000-003586-6c1789ae
zt-gateway  | [perf-request-in] ts_in=1777539092.667527 ts_out=1777539092.668147 gw_proc_ms=0.620 traceId=exp-perf5000-003585-ee3af48c
zt-gateway  | [perf-request-in] ts_in=1777539092.667960 ts_out=1777539092.668612 gw_proc_ms=0.652 traceId=exp-perf5000-003588-e73715aa
zt-gateway  | [perf-request-in] ts_in=1777539092.668174 ts_out=1777539092.668835 gw_proc_ms=0.661 traceId=exp-perf5000-003587-b8fe1e57
zt-gateway  | [perf-request-in] ts_in=1777539092.668650 ts_out=1777539092.669267 gw_proc_ms=0.617 traceId=exp-perf5000-003590-0a4967b2
zt-gateway  | [perf-request-in] ts_in=1777539092.668870 ts_out=1777539092.669559 gw_proc_ms=0.689 traceId=exp-perf5000-003589-f0bb9741
zt-gateway  | [perf-request-in] ts_in=1777539092.669302 ts_out=1777539092.669978 gw_proc_ms=0.676 traceId=exp-perf5000-003592-f1d80c8d
zt-gateway  | [perf-request-in] ts_in=1777539092.669616 ts_out=1777539092.670317 gw_proc_ms=0.701 traceId=exp-perf5000-003591-c1510302
zt-gateway  | [perf-request-in] ts_in=1777539092.670007 ts_out=1777539092.670710 gw_proc_ms=0.703 traceId=exp-perf5000-003594-1ffed0ae
zt-gateway  | [perf-request-in] ts_in=1777539092.670353 ts_out=1777539092.671047 gw_proc_ms=0.694 traceId=exp-perf5000-003593-13c1d63e
zt-gateway  | [perf-request-in] ts_in=1777539092.670762 ts_out=1777539092.671409 gw_proc_ms=0.647 traceId=exp-perf5000-003595-1e7c5bfa
zt-gateway  | [perf-request-in] ts_in=1777539092.671439 ts_out=1777539092.672083 gw_proc_ms=0.644 traceId=exp-perf5000-003597-d67b8966
zt-gateway  | [perf-request-in] ts_in=1777539092.671083 ts_out=1777539092.672083 gw_proc_ms=1.000 traceId=exp-perf5000-003596-9778d214
zt-gateway  | [perf-request-in] ts_in=1777539092.672122 ts_out=1777539092.672778 gw_proc_ms=0.656 traceId=exp-perf5000-003599-dd69b8b4
zt-gateway  | [perf-request-in] ts_in=1777539092.672131 ts_out=1777539092.672790 gw_proc_ms=0.659 traceId=exp-perf5000-003598-cacde4f4
zt-gateway  | [perf-request-in] ts_in=1777539092.672812 ts_out=1777539092.673440 gw_proc_ms=0.628 traceId=exp-perf5000-003601-f549aff2
zt-gateway  | [perf-request-in] ts_in=1777539092.672825 ts_out=1777539092.673458 gw_proc_ms=0.633 traceId=exp-perf5000-003600-bd93b5a8
zt-gateway  | [perf-request-in] ts_in=1777539092.673491 ts_out=1777539092.674120 gw_proc_ms=0.629 traceId=exp-perf5000-003602-5905edb7
zt-gateway  | [perf-request-in] ts_in=1777539092.673466 ts_out=1777539092.674163 gw_proc_ms=0.697 traceId=exp-perf5000-003603-244104a1
zt-gateway  | [perf-request-in] ts_in=1777539092.674150 ts_out=1777539092.674774 gw_proc_ms=0.624 traceId=exp-perf5000-003604-ce47748a
zt-gateway  | [perf-request-in] ts_in=1777539092.674190 ts_out=1777539092.674874 gw_proc_ms=0.684 traceId=exp-perf5000-003605-a3426055
zt-gateway  | [perf-request-in] ts_in=1777539092.674802 ts_out=1777539092.675436 gw_proc_ms=0.634 traceId=exp-perf5000-003606-23bc360a
zt-gateway  | [perf-request-in] ts_in=1777539092.674898 ts_out=1777539092.675580 gw_proc_ms=0.682 traceId=exp-perf5000-003607-37c280ed
zt-gateway  | [perf-request-in] ts_in=1777539092.675479 ts_out=1777539092.676134 gw_proc_ms=0.655 traceId=exp-perf5000-003608-b0665522
zt-gateway  | [perf-request-in] ts_in=1777539092.675612 ts_out=1777539092.676243 gw_proc_ms=0.631 traceId=exp-perf5000-003609-4b601571
zt-gateway  | [perf-request-in] ts_in=1777539092.676170 ts_out=1777539092.676826 gw_proc_ms=0.656 traceId=exp-perf5000-003610-2bbee49f
zt-gateway  | [perf-request-in] ts_in=1777539092.676272 ts_out=1777539092.677057 gw_proc_ms=0.785 traceId=exp-perf5000-003611-072912bf
zt-gateway  | [perf-request-in] ts_in=1777539092.676870 ts_out=1777539092.677501 gw_proc_ms=0.631 traceId=exp-perf5000-003612-6cd90d1a
zt-gateway  | [perf-request-in] ts_in=1777539092.677119 ts_out=1777539092.677735 gw_proc_ms=0.616 traceId=exp-perf5000-003613-c59128ff
zt-gateway  | [perf-request-in] ts_in=1777539092.677576 ts_out=1777539092.678189 gw_proc_ms=0.613 traceId=exp-perf5000-003614-ac493213
zt-gateway  | [perf-request-in] ts_in=1777539092.677763 ts_out=1777539092.678366 gw_proc_ms=0.603 traceId=exp-perf5000-003615-73b9cf62
zt-gateway  | [perf-request-in] ts_in=1777539092.678215 ts_out=1777539092.678846 gw_proc_ms=0.631 traceId=exp-perf5000-003617-7d487a3a
zt-gateway  | [perf-request-in] ts_in=1777539092.678393 ts_out=1777539092.679021 gw_proc_ms=0.628 traceId=exp-perf5000-003616-f3d805a4
zt-gateway  | [perf-request-in] ts_in=1777539092.678880 ts_out=1777539092.679499 gw_proc_ms=0.619 traceId=exp-perf5000-003619-4a799160
zt-gateway  | [perf-request-in] ts_in=1777539092.679049 ts_out=1777539092.679681 gw_proc_ms=0.632 traceId=exp-perf5000-003618-45aaeb81
zt-gateway  | [perf-request-in] ts_in=1777539092.679710 ts_out=1777539092.680314 gw_proc_ms=0.604 traceId=exp-perf5000-003621-8457bc77
zt-gateway  | [perf-request-in] ts_in=1777539092.679530 ts_out=1777539092.680471 gw_proc_ms=0.941 traceId=exp-perf5000-003620-df429902
zt-gateway  | [perf-request-in] ts_in=1777539092.680349 ts_out=1777539092.680968 gw_proc_ms=0.619 traceId=exp-perf5000-003623-abcacd19
zt-gateway  | [perf-request-in] ts_in=1777539092.680547 ts_out=1777539092.681414 gw_proc_ms=0.867 traceId=exp-perf5000-003622-fb4b6028
zt-gateway  | [perf-request-in] ts_in=1777539092.680995 ts_out=1777539092.681630 gw_proc_ms=0.635 traceId=exp-perf5000-003624-bb69db0a
zt-gateway  | [perf-request-in] ts_in=1777539092.681496 ts_out=1777539092.682205 gw_proc_ms=0.709 traceId=exp-perf5000-003625-c5e5c42b
zt-gateway  | [perf-request-in] ts_in=1777539092.681659 ts_out=1777539092.682253 gw_proc_ms=0.594 traceId=exp-perf5000-003626-12232738
zt-gateway  | [perf-request-in] ts_in=1777539092.682281 ts_out=1777539092.682925 gw_proc_ms=0.644 traceId=exp-perf5000-003627-aea238a7
zt-gateway  | [perf-request-in] ts_in=1777539092.682300 ts_out=1777539092.683017 gw_proc_ms=0.717 traceId=exp-perf5000-003628-79bd706a
zt-gateway  | [perf-request-in] ts_in=1777539092.682959 ts_out=1777539092.683580 gw_proc_ms=0.621 traceId=exp-perf5000-003630-fb19f430
zt-gateway  | [perf-request-in] ts_in=1777539092.683076 ts_out=1777539092.683760 gw_proc_ms=0.684 traceId=exp-perf5000-003629-ef8e33ec
zt-gateway  | [perf-request-in] ts_in=1777539092.683608 ts_out=1777539092.684218 gw_proc_ms=0.610 traceId=exp-perf5000-003632-697d8a45
zt-gateway  | [perf-request-in] ts_in=1777539092.683839 ts_out=1777539092.684482 gw_proc_ms=0.643 traceId=exp-perf5000-003631-038a3a08
zt-gateway  | [perf-request-in] ts_in=1777539092.684245 ts_out=1777539092.684861 gw_proc_ms=0.616 traceId=exp-perf5000-003634-c0cbcef1
zt-gateway  | [perf-request-in] ts_in=1777539092.684514 ts_out=1777539092.685218 gw_proc_ms=0.704 traceId=exp-perf5000-003633-97e93f8e
zt-gateway  | [perf-request-in] ts_in=1777539092.684914 ts_out=1777539092.685532 gw_proc_ms=0.618 traceId=exp-perf5000-003635-d67fe796
zt-gateway  | [perf-request-in] ts_in=1777539092.685254 ts_out=1777539092.685959 gw_proc_ms=0.705 traceId=exp-perf5000-003636-391b499e
zt-gateway  | [perf-request-in] ts_in=1777539092.685557 ts_out=1777539092.686174 gw_proc_ms=0.617 traceId=exp-perf5000-003638-1ec57692
zt-gateway  | [perf-request-in] ts_in=1777539092.685992 ts_out=1777539092.686650 gw_proc_ms=0.658 traceId=exp-perf5000-003637-7afc726e
zt-gateway  | [perf-request-in] ts_in=1777539092.686196 ts_out=1777539092.686821 gw_proc_ms=0.625 traceId=exp-perf5000-003640-fd4157fd
zt-gateway  | [perf-request-in] ts_in=1777539092.686712 ts_out=1777539092.687429 gw_proc_ms=0.717 traceId=exp-perf5000-003639-7b7c8de1
zt-gateway  | [perf-request-in] ts_in=1777539092.686859 ts_out=1777539092.687483 gw_proc_ms=0.624 traceId=exp-perf5000-003641-434ae8e0
zt-gateway  | [perf-request-in] ts_in=1777539092.687478 ts_out=1777539092.688194 gw_proc_ms=0.716 traceId=exp-perf5000-003642-c5c8c22b
zt-gateway  | [perf-request-in] ts_in=1777539092.687514 ts_out=1777539092.688662 gw_proc_ms=1.148 traceId=exp-perf5000-003643-aeb9d3ea
zt-gateway  | [perf-request-in] ts_in=1777539092.688230 ts_out=1777539092.688845 gw_proc_ms=0.615 traceId=exp-perf5000-003644-76aa6695
zt-gateway  | [perf-request-in] ts_in=1777539092.688702 ts_out=1777539092.689335 gw_proc_ms=0.633 traceId=exp-perf5000-003645-163c2c0a
zt-gateway  | [perf-request-in] ts_in=1777539092.688867 ts_out=1777539092.689454 gw_proc_ms=0.587 traceId=exp-perf5000-003646-e08c0478
zt-gateway  | [perf-request-in] ts_in=1777539092.689370 ts_out=1777539092.690015 gw_proc_ms=0.645 traceId=exp-perf5000-003647-9232111a
zt-gateway  | [perf-request-in] ts_in=1777539092.689484 ts_out=1777539092.690434 gw_proc_ms=0.950 traceId=exp-perf5000-003648-89e47d43
zt-gateway  | [perf-request-in] ts_in=1777539092.690053 ts_out=1777539092.690660 gw_proc_ms=0.607 traceId=exp-perf5000-003649-e02b0e26
zt-gateway  | [perf-request-in] ts_in=1777539092.690467 ts_out=1777539092.691282 gw_proc_ms=0.815 traceId=exp-perf5000-003650-8f0443fa
zt-gateway  | [perf-request-in] ts_in=1777539092.690691 ts_out=1777539092.691887 gw_proc_ms=1.196 traceId=exp-perf5000-003651-0c98def9
zt-gateway  | [perf-request-in] ts_in=1777539092.691319 ts_out=1777539092.692375 gw_proc_ms=1.056 traceId=exp-perf5000-003652-e33778e9
zt-gateway  | [perf-request-in] ts_in=1777539092.692428 ts_out=1777539092.693188 gw_proc_ms=0.760 traceId=exp-perf5000-003654-61af44d0
zt-gateway  | [perf-request-in] ts_in=1777539092.692117 ts_out=1777539092.693731 gw_proc_ms=1.614 traceId=exp-perf5000-003653-e13f9112
zt-gateway  | [perf-request-in] ts_in=1777539092.693292 ts_out=1777539092.694033 gw_proc_ms=0.741 traceId=exp-perf5000-003656-06240969
zt-gateway  | [perf-request-in] ts_in=1777539092.693789 ts_out=1777539092.694554 gw_proc_ms=0.765 traceId=exp-perf5000-003655-8de44d91
zt-gateway  | [perf-request-in] ts_in=1777539092.694071 ts_out=1777539092.694872 gw_proc_ms=0.801 traceId=exp-perf5000-003658-a56daf28
zt-gateway  | [perf-request-in] ts_in=1777539092.694602 ts_out=1777539092.695313 gw_proc_ms=0.711 traceId=exp-perf5000-003657-4394dcd0
zt-gateway  | [perf-request-in] ts_in=1777539092.694919 ts_out=1777539092.695666 gw_proc_ms=0.747 traceId=exp-perf5000-003660-c2bc85e4
zt-gateway  | [perf-request-in] ts_in=1777539092.695357 ts_out=1777539092.696112 gw_proc_ms=0.755 traceId=exp-perf5000-003659-0f0a6965
zt-gateway  | [perf-request-in] ts_in=1777539092.695700 ts_out=1777539092.696469 gw_proc_ms=0.769 traceId=exp-perf5000-003662-37f84b24
zt-gateway  | [perf-request-in] ts_in=1777539092.696148 ts_out=1777539092.696951 gw_proc_ms=0.803 traceId=exp-perf5000-003661-bce74892
zt-gateway  | [perf-request-in] ts_in=1777539092.696504 ts_out=1777539092.697234 gw_proc_ms=0.730 traceId=exp-perf5000-003664-a2c12f59
zt-gateway  | [perf-request-in] ts_in=1777539092.696988 ts_out=1777539092.697750 gw_proc_ms=0.762 traceId=exp-perf5000-003663-c8788e1c
zt-gateway  | [perf-request-in] ts_in=1777539092.697272 ts_out=1777539092.698001 gw_proc_ms=0.729 traceId=exp-perf5000-003665-44c5d954
zt-gateway  | [perf-request-in] ts_in=1777539092.697792 ts_out=1777539092.698476 gw_proc_ms=0.684 traceId=exp-perf5000-003666-db71d49b
zt-gateway  | [perf-request-in] ts_in=1777539092.698037 ts_out=1777539092.698753 gw_proc_ms=0.716 traceId=exp-perf5000-003667-38613a73
zt-gateway  | [perf-request-in] ts_in=1777539092.698520 ts_out=1777539092.699219 gw_proc_ms=0.699 traceId=exp-perf5000-003669-55c94678
zt-gateway  | [perf-request-in] ts_in=1777539092.698792 ts_out=1777539092.699502 gw_proc_ms=0.710 traceId=exp-perf5000-003668-05fbf74b
zt-gateway  | [perf-request-in] ts_in=1777539092.699538 ts_out=1777539092.700281 gw_proc_ms=0.743 traceId=exp-perf5000-003670-5108a195
zt-gateway  | [perf-request-in] ts_in=1777539092.699266 ts_out=1777539092.700281 gw_proc_ms=1.015 traceId=exp-perf5000-003671-697dfd2b
zt-gateway  | [perf-request-in] ts_in=1777539092.700326 ts_out=1777539092.701070 gw_proc_ms=0.744 traceId=exp-perf5000-003672-6b73d5c3
zt-gateway  | [perf-request-in] ts_in=1777539092.700336 ts_out=1777539092.701077 gw_proc_ms=0.741 traceId=exp-perf5000-003673-0189a7c2
zt-gateway  | [perf-request-in] ts_in=1777539092.701117 ts_out=1777539092.701833 gw_proc_ms=0.716 traceId=exp-perf5000-003674-04819b30
zt-gateway  | [perf-request-in] ts_in=1777539092.701118 ts_out=1777539092.701833 gw_proc_ms=0.715 traceId=exp-perf5000-003675-09a70af1
zt-gateway  | [perf-request-in] ts_in=1777539092.701864 ts_out=1777539092.702531 gw_proc_ms=0.667 traceId=exp-perf5000-003676-ec245a04
zt-gateway  | [perf-request-in] ts_in=1777539092.701864 ts_out=1777539092.702531 gw_proc_ms=0.667 traceId=exp-perf5000-003677-a295a502
zt-gateway  | [perf-request-in] ts_in=1777539092.702570 ts_out=1777539092.703193 gw_proc_ms=0.623 traceId=exp-perf5000-003679-534c1295
zt-gateway  | [perf-request-in] ts_in=1777539092.702576 ts_out=1777539092.703194 gw_proc_ms=0.618 traceId=exp-perf5000-003678-af89dce7
zt-gateway  | [perf-request-in] ts_in=1777539092.703227 ts_out=1777539092.704063 gw_proc_ms=0.836 traceId=exp-perf5000-003680-1d27cec5
zt-gateway  | [perf-request-in] ts_in=1777539092.703245 ts_out=1777539092.704417 gw_proc_ms=1.172 traceId=exp-perf5000-003682-c88e1e8b
zt-gateway  | [perf-request-in] ts_in=1777539092.704461 ts_out=1777539092.705140 gw_proc_ms=0.679 traceId=exp-perf5000-003683-6bec894a
zt-gateway  | [perf-request-in] ts_in=1777539092.704123 ts_out=1777539092.705140 gw_proc_ms=1.017 traceId=exp-perf5000-003681-8e0128a4
zt-gateway  | [perf-request-in] ts_in=1777539092.705178 ts_out=1777539092.705869 gw_proc_ms=0.691 traceId=exp-perf5000-003685-7d6389c8
zt-gateway  | [perf-request-in] ts_in=1777539092.705185 ts_out=1777539092.705886 gw_proc_ms=0.701 traceId=exp-perf5000-003684-7b46d5aa
zt-gateway  | [perf-request-in] ts_in=1777539092.705908 ts_out=1777539092.706529 gw_proc_ms=0.621 traceId=exp-perf5000-003687-6e078321
zt-gateway  | [perf-request-in] ts_in=1777539092.705922 ts_out=1777539092.706546 gw_proc_ms=0.624 traceId=exp-perf5000-003686-a46c3f82
zt-gateway  | [perf-request-in] ts_in=1777539092.706598 ts_out=1777539092.707223 gw_proc_ms=0.625 traceId=exp-perf5000-003688-2dd5fa6b
zt-gateway  | [perf-request-in] ts_in=1777539092.707268 ts_out=1777539092.707919 gw_proc_ms=0.651 traceId=exp-perf5000-003690-38a0bbc6
zt-gateway  | [perf-request-in] ts_in=1777539092.706638 ts_out=1777539092.707920 gw_proc_ms=1.282 traceId=exp-perf5000-003689-e42311a7
zt-gateway  | [perf-request-in] ts_in=1777539092.707960 ts_out=1777539092.708604 gw_proc_ms=0.644 traceId=exp-perf5000-003691-039823f9
zt-gateway  | [perf-request-in] ts_in=1777539092.707958 ts_out=1777539092.708666 gw_proc_ms=0.708 traceId=exp-perf5000-003692-2d5abbf3
zt-gateway  | [perf-request-in] ts_in=1777539092.708643 ts_out=1777539092.709240 gw_proc_ms=0.597 traceId=exp-perf5000-003693-c5b8a8c8
zt-gateway  | [perf-request-in] ts_in=1777539092.708707 ts_out=1777539092.709332 gw_proc_ms=0.625 traceId=exp-perf5000-003694-1e8f6bc7
zt-gateway  | [perf-request-in] ts_in=1777539092.709274 ts_out=1777539092.709914 gw_proc_ms=0.640 traceId=exp-perf5000-003695-1890cef7
zt-gateway  | [perf-request-in] ts_in=1777539092.709365 ts_out=1777539092.710030 gw_proc_ms=0.665 traceId=exp-perf5000-003696-2eb1f17d
zt-gateway  | [perf-request-in] ts_in=1777539092.709952 ts_out=1777539092.710578 gw_proc_ms=0.626 traceId=exp-perf5000-003697-e9cb2080
zt-gateway  | [perf-request-in] ts_in=1777539092.710072 ts_out=1777539092.710704 gw_proc_ms=0.632 traceId=exp-perf5000-003698-a39e2ef5
zt-gateway  | [perf-request-in] ts_in=1777539092.710607 ts_out=1777539092.711253 gw_proc_ms=0.646 traceId=exp-perf5000-003699-b75a7a24
zt-gateway  | [perf-request-in] ts_in=1777539092.710739 ts_out=1777539092.711381 gw_proc_ms=0.642 traceId=exp-perf5000-003701-9be3be58
zt-gateway  | [perf-request-in] ts_in=1777539092.711288 ts_out=1777539092.711948 gw_proc_ms=0.660 traceId=exp-perf5000-003700-f951e9d4
zt-gateway  | [perf-request-in] ts_in=1777539092.711418 ts_out=1777539092.712210 gw_proc_ms=0.792 traceId=exp-perf5000-003702-61a1afd7
zt-gateway  | [perf-request-in] ts_in=1777539092.711976 ts_out=1777539092.712610 gw_proc_ms=0.634 traceId=exp-perf5000-003703-55322132
zt-gateway  | [perf-request-in] ts_in=1777539092.712645 ts_out=1777539092.713286 gw_proc_ms=0.641 traceId=exp-perf5000-003705-03fe8af0
zt-gateway  | [perf-request-in] ts_in=1777539092.712249 ts_out=1777539092.713317 gw_proc_ms=1.068 traceId=exp-perf5000-003704-667b50c7
zt-gateway  | [perf-request-in] ts_in=1777539092.713329 ts_out=1777539092.713985 gw_proc_ms=0.656 traceId=exp-perf5000-003706-5937d580
zt-gateway  | [perf-request-in] ts_in=1777539092.713358 ts_out=1777539092.714729 gw_proc_ms=1.371 traceId=exp-perf5000-003707-d2a1d8f9
zt-gateway  | [perf-request-in] ts_in=1777539092.714083 ts_out=1777539092.714948 gw_proc_ms=0.865 traceId=exp-perf5000-003709-03f53006
zt-gateway  | [perf-request-in] ts_in=1777539092.714783 ts_out=1777539092.715589 gw_proc_ms=0.806 traceId=exp-perf5000-003708-0c7429b7
zt-gateway  | [perf-request-in] ts_in=1777539092.715040 ts_out=1777539092.715845 gw_proc_ms=0.805 traceId=exp-perf5000-003711-743685c3
zt-gateway  | [perf-request-in] ts_in=1777539092.715631 ts_out=1777539092.716271 gw_proc_ms=0.640 traceId=exp-perf5000-003710-11eb8a7c
zt-gateway  | [perf-request-in] ts_in=1777539092.715890 ts_out=1777539092.716750 gw_proc_ms=0.860 traceId=exp-perf5000-003713-a28dd193
zt-gateway  | [perf-request-in] ts_in=1777539092.716311 ts_out=1777539092.716990 gw_proc_ms=0.679 traceId=exp-perf5000-003712-169ed2e6
zt-gateway  | [perf-request-in] ts_in=1777539092.717029 ts_out=1777539092.717686 gw_proc_ms=0.657 traceId=exp-perf5000-003714-59261b62
zt-gateway  | [perf-request-in] ts_in=1777539092.716814 ts_out=1777539092.717894 gw_proc_ms=1.080 traceId=exp-perf5000-003715-7478dba1
zt-gateway  | [perf-request-in] ts_in=1777539092.718080 ts_out=1777539092.718751 gw_proc_ms=0.671 traceId=exp-perf5000-003717-55d6f13f
zt-gateway  | [perf-request-in] ts_in=1777539092.717745 ts_out=1777539092.719111 gw_proc_ms=1.366 traceId=exp-perf5000-003716-98c71009
zt-gateway  | [perf-request-in] ts_in=1777539092.718841 ts_out=1777539092.719506 gw_proc_ms=0.665 traceId=exp-perf5000-003719-1a762bb5
zt-gateway  | [perf-request-in] ts_in=1777539092.719535 ts_out=1777539092.720198 gw_proc_ms=0.663 traceId=exp-perf5000-003720-5803031c
zt-gateway  | [perf-request-in] ts_in=1777539092.719232 ts_out=1777539092.720643 gw_proc_ms=1.411 traceId=exp-perf5000-003718-1f5e3594
zt-gateway  | [perf-request-in] ts_in=1777539092.720230 ts_out=1777539092.720888 gw_proc_ms=0.658 traceId=exp-perf5000-003722-9c2c6270
zt-gateway  | [perf-request-in] ts_in=1777539092.720691 ts_out=1777539092.721420 gw_proc_ms=0.729 traceId=exp-perf5000-003721-69efe491
zt-gateway  | [perf-request-in] ts_in=1777539092.720927 ts_out=1777539092.721657 gw_proc_ms=0.730 traceId=exp-perf5000-003724-e21d3a1c
zt-gateway  | [perf-request-in] ts_in=1777539092.721447 ts_out=1777539092.722091 gw_proc_ms=0.644 traceId=exp-perf5000-003723-1dfe4bbd
zt-gateway  | [perf-request-in] ts_in=1777539092.721721 ts_out=1777539092.722390 gw_proc_ms=0.669 traceId=exp-perf5000-003725-322cbb8f
zt-gateway  | [perf-request-in] ts_in=1777539092.722127 ts_out=1777539092.722739 gw_proc_ms=0.612 traceId=exp-perf5000-003726-c4f53371
zt-gateway  | [perf-request-in] ts_in=1777539092.722452 ts_out=1777539092.723159 gw_proc_ms=0.707 traceId=exp-perf5000-003728-a6a63d2f
zt-gateway  | [perf-request-in] ts_in=1777539092.722766 ts_out=1777539092.723400 gw_proc_ms=0.634 traceId=exp-perf5000-003727-3dba7e97
zt-gateway  | [perf-request-in] ts_in=1777539092.723263 ts_out=1777539092.724011 gw_proc_ms=0.748 traceId=exp-perf5000-003729-b6982dcb
zt-gateway  | [perf-request-in] ts_in=1777539092.723426 ts_out=1777539092.724339 gw_proc_ms=0.913 traceId=exp-perf5000-003730-479713d9
zt-gateway  | [perf-request-in] ts_in=1777539092.724107 ts_out=1777539092.724832 gw_proc_ms=0.725 traceId=exp-perf5000-003732-d68e155c
zt-gateway  | [perf-request-in] ts_in=1777539092.724380 ts_out=1777539092.725060 gw_proc_ms=0.680 traceId=exp-perf5000-003731-25c53817
zt-gateway  | [perf-request-in] ts_in=1777539092.724922 ts_out=1777539092.725539 gw_proc_ms=0.617 traceId=exp-perf5000-003734-9466c52d
zt-gateway  | [perf-request-in] ts_in=1777539092.725106 ts_out=1777539092.725765 gw_proc_ms=0.659 traceId=exp-perf5000-003733-d9848abd
zt-gateway  | [perf-request-in] ts_in=1777539092.725609 ts_out=1777539092.726248 gw_proc_ms=0.639 traceId=exp-perf5000-003735-8ed05443
zt-gateway  | [perf-request-in] ts_in=1777539092.725830 ts_out=1777539092.726463 gw_proc_ms=0.633 traceId=exp-perf5000-003736-485742d5
zt-gateway  | [perf-request-in] ts_in=1777539092.726283 ts_out=1777539092.726938 gw_proc_ms=0.655 traceId=exp-perf5000-003737-2a9e7c9d
zt-gateway  | [perf-request-in] ts_in=1777539092.726502 ts_out=1777539092.727172 gw_proc_ms=0.670 traceId=exp-perf5000-003738-75c508c1
zt-gateway  | [perf-request-in] ts_in=1777539092.726964 ts_out=1777539092.727603 gw_proc_ms=0.639 traceId=exp-perf5000-003739-bcbc3766
zt-gateway  | [perf-request-in] ts_in=1777539092.727202 ts_out=1777539092.727862 gw_proc_ms=0.660 traceId=exp-perf5000-003741-0a21542f
zt-gateway  | [perf-request-in] ts_in=1777539092.727636 ts_out=1777539092.728324 gw_proc_ms=0.688 traceId=exp-perf5000-003740-bc110921
zt-gateway  | [perf-request-in] ts_in=1777539092.727900 ts_out=1777539092.728581 gw_proc_ms=0.681 traceId=exp-perf5000-003742-e4699ffb
zt-gateway  | [perf-request-in] ts_in=1777539092.728361 ts_out=1777539092.729011 gw_proc_ms=0.650 traceId=exp-perf5000-003743-f62b5f9b
zt-gateway  | [perf-request-in] ts_in=1777539092.728621 ts_out=1777539092.729287 gw_proc_ms=0.666 traceId=exp-perf5000-003744-a14f919d
zt-gateway  | [perf-request-in] ts_in=1777539092.729049 ts_out=1777539092.729738 gw_proc_ms=0.689 traceId=exp-perf5000-003745-8440082f
zt-gateway  | [perf-request-in] ts_in=1777539092.729323 ts_out=1777539092.729986 gw_proc_ms=0.663 traceId=exp-perf5000-003746-4ff86300
zt-gateway  | [perf-request-in] ts_in=1777539092.729782 ts_out=1777539092.730416 gw_proc_ms=0.634 traceId=exp-perf5000-003747-16d18769
zt-gateway  | [perf-request-in] ts_in=1777539092.730016 ts_out=1777539092.730701 gw_proc_ms=0.685 traceId=exp-perf5000-003749-b723663f
zt-gateway  | [perf-request-in] ts_in=1777539092.730451 ts_out=1777539092.731073 gw_proc_ms=0.622 traceId=exp-perf5000-003748-21a05423
zt-gateway  | [perf-request-in] ts_in=1777539092.730744 ts_out=1777539092.731388 gw_proc_ms=0.644 traceId=exp-perf5000-003750-519f787e
zt-gateway  | [perf-request-in] ts_in=1777539092.731110 ts_out=1777539092.731738 gw_proc_ms=0.628 traceId=exp-perf5000-003751-9bdca046
zt-gateway  | [perf-request-in] ts_in=1777539092.731426 ts_out=1777539092.732075 gw_proc_ms=0.649 traceId=exp-perf5000-003752-29977a60
zt-gateway  | [perf-request-in] ts_in=1777539092.731776 ts_out=1777539092.732394 gw_proc_ms=0.618 traceId=exp-perf5000-003754-fe3dc85d
zt-gateway  | [perf-request-in] ts_in=1777539092.732109 ts_out=1777539092.732734 gw_proc_ms=0.625 traceId=exp-perf5000-003753-fce0cae5
zt-gateway  | [perf-request-in] ts_in=1777539092.732422 ts_out=1777539092.733027 gw_proc_ms=0.605 traceId=exp-perf5000-003756-6a1ddb53
zt-gateway  | [perf-request-in] ts_in=1777539092.732767 ts_out=1777539092.733380 gw_proc_ms=0.613 traceId=exp-perf5000-003755-06748b77
zt-gateway  | [perf-request-in] ts_in=1777539092.733062 ts_out=1777539092.733694 gw_proc_ms=0.632 traceId=exp-perf5000-003758-4a742dea
zt-gateway  | [perf-request-in] ts_in=1777539092.733417 ts_out=1777539092.734032 gw_proc_ms=0.615 traceId=exp-perf5000-003757-ede86439
zt-gateway  | [perf-request-in] ts_in=1777539092.733726 ts_out=1777539092.734339 gw_proc_ms=0.613 traceId=exp-perf5000-003760-6754c390
zt-gateway  | [perf-request-in] ts_in=1777539092.734065 ts_out=1777539092.734693 gw_proc_ms=0.628 traceId=exp-perf5000-003759-c550d2c0
zt-gateway  | [perf-request-in] ts_in=1777539092.734371 ts_out=1777539092.735011 gw_proc_ms=0.640 traceId=exp-perf5000-003762-4291acf7
zt-gateway  | [perf-request-in] ts_in=1777539092.734727 ts_out=1777539092.735364 gw_proc_ms=0.637 traceId=exp-perf5000-003761-aea6def0
zt-gateway  | [perf-request-in] ts_in=1777539092.735046 ts_out=1777539092.735674 gw_proc_ms=0.628 traceId=exp-perf5000-003765-7d1e633b
zt-gateway  | [perf-request-in] ts_in=1777539092.735397 ts_out=1777539092.736150 gw_proc_ms=0.753 traceId=exp-perf5000-003763-c4c856f1
zt-gateway  | [perf-request-in] ts_in=1777539092.736193 ts_out=1777539092.736878 gw_proc_ms=0.685 traceId=exp-perf5000-003764-ec78d79a
zt-gateway  | [perf-request-in] ts_in=1777539092.735917 ts_out=1777539092.737029 gw_proc_ms=1.112 traceId=exp-perf5000-003766-59efddd6
zt-gateway  | [perf-request-in] ts_in=1777539092.736923 ts_out=1777539092.737552 gw_proc_ms=0.629 traceId=exp-perf5000-003767-c3f8ae3e
zt-gateway  | [perf-request-in] ts_in=1777539092.737078 ts_out=1777539092.737709 gw_proc_ms=0.631 traceId=exp-perf5000-003768-9fd216a8
zt-gateway  | [perf-request-in] ts_in=1777539092.737594 ts_out=1777539092.738230 gw_proc_ms=0.636 traceId=exp-perf5000-003769-5222141e
zt-gateway  | [perf-request-in] ts_in=1777539092.737745 ts_out=1777539092.738376 gw_proc_ms=0.631 traceId=exp-perf5000-003771-bd98e26f
zt-gateway  | [perf-request-in] ts_in=1777539092.738260 ts_out=1777539092.738910 gw_proc_ms=0.650 traceId=exp-perf5000-003770-6582a366
zt-gateway  | [perf-request-in] ts_in=1777539092.738413 ts_out=1777539092.739067 gw_proc_ms=0.654 traceId=exp-perf5000-003772-7c973140
zt-gateway  | [perf-request-in] ts_in=1777539092.738944 ts_out=1777539092.739582 gw_proc_ms=0.638 traceId=exp-perf5000-003773-3f5250f9
zt-gateway  | [perf-request-in] ts_in=1777539092.739105 ts_out=1777539092.739737 gw_proc_ms=0.632 traceId=exp-perf5000-003775-feeba0c7
zt-gateway  | [perf-request-in] ts_in=1777539092.739613 ts_out=1777539092.740311 gw_proc_ms=0.698 traceId=exp-perf5000-003774-30b3bd34
zt-gateway  | [perf-request-in] ts_in=1777539092.739991 ts_out=1777539092.740723 gw_proc_ms=0.732 traceId=exp-perf5000-003776-b002d57d
zt-gateway  | [perf-request-in] ts_in=1777539092.740354 ts_out=1777539092.741011 gw_proc_ms=0.657 traceId=exp-perf5000-003777-5ffab041
zt-gateway  | [perf-request-in] ts_in=1777539092.740763 ts_out=1777539092.741612 gw_proc_ms=0.849 traceId=exp-perf5000-003778-28db591e
zt-gateway  | [perf-request-in] ts_in=1777539092.741050 ts_out=1777539092.741675 gw_proc_ms=0.625 traceId=exp-perf5000-003779-7f79fc38
zt-gateway  | [perf-request-in] ts_in=1777539092.741647 ts_out=1777539092.742262 gw_proc_ms=0.615 traceId=exp-perf5000-003781-ae605b0a
zt-gateway  | [perf-request-in] ts_in=1777539092.741706 ts_out=1777539092.742332 gw_proc_ms=0.626 traceId=exp-perf5000-003780-dc9c1dfb
zt-gateway  | [perf-request-in] ts_in=1777539092.742298 ts_out=1777539092.742928 gw_proc_ms=0.630 traceId=exp-perf5000-003782-c9630984
zt-gateway  | [perf-request-in] ts_in=1777539092.742368 ts_out=1777539092.743021 gw_proc_ms=0.653 traceId=exp-perf5000-003783-28fea4f3
zt-gateway  | [perf-request-in] ts_in=1777539092.742958 ts_out=1777539092.743552 gw_proc_ms=0.594 traceId=exp-perf5000-003785-8357e92a
zt-gateway  | [perf-request-in] ts_in=1777539092.743052 ts_out=1777539092.743882 gw_proc_ms=0.830 traceId=exp-perf5000-003784-6319179d
zt-gateway  | [perf-request-in] ts_in=1777539092.743637 ts_out=1777539092.744313 gw_proc_ms=0.676 traceId=exp-perf5000-003786-8e449f84
zt-gateway  | [perf-request-in] ts_in=1777539092.743920 ts_out=1777539092.744550 gw_proc_ms=0.630 traceId=exp-perf5000-003787-8bfb047b
zt-gateway  | [perf-request-in] ts_in=1777539092.744355 ts_out=1777539092.745020 gw_proc_ms=0.665 traceId=exp-perf5000-003790-cb778ced
zt-gateway  | [perf-request-in] ts_in=1777539092.744592 ts_out=1777539092.745202 gw_proc_ms=0.610 traceId=exp-perf5000-003788-a01faa50
zt-gateway  | [perf-request-in] ts_in=1777539092.745056 ts_out=1777539092.745670 gw_proc_ms=0.614 traceId=exp-perf5000-003793-5d538f41
zt-gateway  | [perf-request-in] ts_in=1777539092.745227 ts_out=1777539092.745842 gw_proc_ms=0.615 traceId=exp-perf5000-003789-acd6ea45
zt-gateway  | [perf-request-in] ts_in=1777539092.745697 ts_out=1777539092.746300 gw_proc_ms=0.603 traceId=exp-perf5000-003794-30bfa353
zt-gateway  | [perf-request-in] ts_in=1777539092.745868 ts_out=1777539092.746460 gw_proc_ms=0.592 traceId=exp-perf5000-003791-87a62932
zt-gateway  | [perf-request-in] ts_in=1777539092.746330 ts_out=1777539092.746961 gw_proc_ms=0.631 traceId=exp-perf5000-003795-14c9a47d
zt-gateway  | [perf-request-in] ts_in=1777539092.746491 ts_out=1777539092.747107 gw_proc_ms=0.616 traceId=exp-perf5000-003792-7b891883
zt-gateway  | [perf-request-in] ts_in=1777539092.746995 ts_out=1777539092.747620 gw_proc_ms=0.625 traceId=exp-perf5000-003797-a52876d6
zt-gateway  | [perf-request-in] ts_in=1777539092.747140 ts_out=1777539092.747758 gw_proc_ms=0.618 traceId=exp-perf5000-003796-323f4244
zt-gateway  | [perf-request-in] ts_in=1777539092.747785 ts_out=1777539092.748378 gw_proc_ms=0.593 traceId=exp-perf5000-003799-66bcf1ed
zt-gateway  | [perf-request-in] ts_in=1777539092.747919 ts_out=1777539092.748734 gw_proc_ms=0.815 traceId=exp-perf5000-003798-e0fad747
zt-gateway  | [perf-request-in] ts_in=1777539092.748409 ts_out=1777539092.749021 gw_proc_ms=0.612 traceId=exp-perf5000-003800-96fc3342
zt-gateway  | [perf-request-in] ts_in=1777539092.748780 ts_out=1777539092.749418 gw_proc_ms=0.638 traceId=exp-perf5000-003801-c713dda9
zt-gateway  | [perf-request-in] ts_in=1777539092.749053 ts_out=1777539092.749679 gw_proc_ms=0.626 traceId=exp-perf5000-003802-984334a8
zt-gateway  | [perf-request-in] ts_in=1777539092.749456 ts_out=1777539092.750087 gw_proc_ms=0.631 traceId=exp-perf5000-003803-f49b2d4b
zt-gateway  | [perf-request-in] ts_in=1777539092.749703 ts_out=1777539092.750377 gw_proc_ms=0.674 traceId=exp-perf5000-003805-9a71e878
zt-gateway  | [perf-request-in] ts_in=1777539092.750122 ts_out=1777539092.750747 gw_proc_ms=0.625 traceId=exp-perf5000-003804-74dff90b
zt-gateway  | [perf-request-in] ts_in=1777539092.750425 ts_out=1777539092.751050 gw_proc_ms=0.625 traceId=exp-perf5000-003807-3dafd0f0
zt-gateway  | [perf-request-in] ts_in=1777539092.750783 ts_out=1777539092.751408 gw_proc_ms=0.625 traceId=exp-perf5000-003806-a7468ad2
zt-gateway  | [perf-request-in] ts_in=1777539092.751086 ts_out=1777539092.751718 gw_proc_ms=0.632 traceId=exp-perf5000-003809-9636584b
zt-gateway  | [perf-request-in] ts_in=1777539092.751445 ts_out=1777539092.752073 gw_proc_ms=0.628 traceId=exp-perf5000-003808-e76131b2
zt-gateway  | [perf-request-in] ts_in=1777539092.751756 ts_out=1777539092.752376 gw_proc_ms=0.620 traceId=exp-perf5000-003811-0801798e
zt-gateway  | [perf-request-in] ts_in=1777539092.752112 ts_out=1777539092.752766 gw_proc_ms=0.654 traceId=exp-perf5000-003810-74c5f319
zt-gateway  | [perf-request-in] ts_in=1777539092.752417 ts_out=1777539092.753081 gw_proc_ms=0.664 traceId=exp-perf5000-003813-d63df2c6
zt-gateway  | [perf-request-in] ts_in=1777539092.752826 ts_out=1777539092.753478 gw_proc_ms=0.652 traceId=exp-perf5000-003812-c588c8f6
zt-gateway  | [perf-request-in] ts_in=1777539092.753118 ts_out=1777539092.753737 gw_proc_ms=0.619 traceId=exp-perf5000-003814-c0b3d425
zt-gateway  | [perf-request-in] ts_in=1777539092.753508 ts_out=1777539092.754162 gw_proc_ms=0.654 traceId=exp-perf5000-003815-10b7335f
zt-gateway  | [perf-request-in] ts_in=1777539092.753763 ts_out=1777539092.754399 gw_proc_ms=0.636 traceId=exp-perf5000-003817-2b6a8fa7
zt-gateway  | [perf-request-in] ts_in=1777539092.754199 ts_out=1777539092.754899 gw_proc_ms=0.700 traceId=exp-perf5000-003816-e2dca892
zt-gateway  | [perf-request-in] ts_in=1777539092.754430 ts_out=1777539092.755076 gw_proc_ms=0.646 traceId=exp-perf5000-003820-b542607e
zt-gateway  | [perf-request-in] ts_in=1777539092.754953 ts_out=1777539092.755637 gw_proc_ms=0.684 traceId=exp-perf5000-003818-1cb47f9a
zt-gateway  | [perf-request-in] ts_in=1777539092.755117 ts_out=1777539092.755763 gw_proc_ms=0.646 traceId=exp-perf5000-003822-719a8f94
zt-gateway  | [perf-request-in] ts_in=1777539092.755722 ts_out=1777539092.756337 gw_proc_ms=0.615 traceId=exp-perf5000-003819-dc009e3c
zt-gateway  | [perf-request-in] ts_in=1777539092.755793 ts_out=1777539092.756398 gw_proc_ms=0.605 traceId=exp-perf5000-003824-703470d8
zt-gateway  | [perf-request-in] ts_in=1777539092.756373 ts_out=1777539092.757033 gw_proc_ms=0.660 traceId=exp-perf5000-003821-eebc652c
zt-gateway  | [perf-request-in] ts_in=1777539092.756432 ts_out=1777539092.757065 gw_proc_ms=0.633 traceId=exp-perf5000-003826-91047e25
zt-gateway  | [perf-request-in] ts_in=1777539092.757098 ts_out=1777539092.757735 gw_proc_ms=0.637 traceId=exp-perf5000-003828-4d6b897f
zt-gateway  | [perf-request-in] ts_in=1777539092.757069 ts_out=1777539092.757734 gw_proc_ms=0.665 traceId=exp-perf5000-003823-eaf73b32
zt-gateway  | [perf-request-in] ts_in=1777539092.757767 ts_out=1777539092.758390 gw_proc_ms=0.623 traceId=exp-perf5000-003830-3d645213
zt-gateway  | [perf-request-in] ts_in=1777539092.757767 ts_out=1777539092.758418 gw_proc_ms=0.651 traceId=exp-perf5000-003825-95c2326b
zt-gateway  | [perf-request-in] ts_in=1777539092.758416 ts_out=1777539092.759063 gw_proc_ms=0.647 traceId=exp-perf5000-003832-7b036f94
zt-gateway  | [perf-request-in] ts_in=1777539092.758451 ts_out=1777539092.759203 gw_proc_ms=0.752 traceId=exp-perf5000-003827-180531b7
zt-gateway  | [perf-request-in] ts_in=1777539092.759098 ts_out=1777539092.759725 gw_proc_ms=0.627 traceId=exp-perf5000-003834-aab58165
zt-gateway  | [perf-request-in] ts_in=1777539092.759259 ts_out=1777539092.759937 gw_proc_ms=0.678 traceId=exp-perf5000-003829-401aee29
zt-gateway  | [perf-request-in] ts_in=1777539092.759753 ts_out=1777539092.760365 gw_proc_ms=0.612 traceId=exp-perf5000-003836-2e45e375
zt-gateway  | [perf-request-in] ts_in=1777539092.760015 ts_out=1777539092.760702 gw_proc_ms=0.687 traceId=exp-perf5000-003831-f0e13a5f
zt-gateway  | [perf-request-in] ts_in=1777539092.760395 ts_out=1777539092.761018 gw_proc_ms=0.623 traceId=exp-perf5000-003838-0f30e7f1
zt-gateway  | [perf-request-in] ts_in=1777539092.760730 ts_out=1777539092.761359 gw_proc_ms=0.629 traceId=exp-perf5000-003833-5c24b0b6
zt-gateway  | [perf-request-in] ts_in=1777539092.761044 ts_out=1777539092.761723 gw_proc_ms=0.679 traceId=exp-perf5000-003840-dc8238c6
zt-gateway  | [perf-request-in] ts_in=1777539092.761395 ts_out=1777539092.762038 gw_proc_ms=0.643 traceId=exp-perf5000-003835-62b67e69
zt-gateway  | [perf-request-in] ts_in=1777539092.761754 ts_out=1777539092.762376 gw_proc_ms=0.622 traceId=exp-perf5000-003842-8db6ba06
zt-gateway  | [perf-request-in] ts_in=1777539092.762077 ts_out=1777539092.762759 gw_proc_ms=0.682 traceId=exp-perf5000-003837-e4a83c3c
zt-gateway  | [perf-request-in] ts_in=1777539092.762409 ts_out=1777539092.763150 gw_proc_ms=0.741 traceId=exp-perf5000-003844-cd25b609
zt-gateway  | [perf-request-in] ts_in=1777539092.762799 ts_out=1777539092.763444 gw_proc_ms=0.645 traceId=exp-perf5000-003839-b0da6a02
zt-gateway  | [perf-request-in] ts_in=1777539092.763189 ts_out=1777539092.763837 gw_proc_ms=0.648 traceId=exp-perf5000-003846-5f1b4ce4
zt-gateway  | [perf-request-in] ts_in=1777539092.763482 ts_out=1777539092.764117 gw_proc_ms=0.635 traceId=exp-perf5000-003841-90fb53f6
zt-gateway  | [perf-request-in] ts_in=1777539092.763863 ts_out=1777539092.764484 gw_proc_ms=0.621 traceId=exp-perf5000-003848-3b52eb12
zt-gateway  | [perf-request-in] ts_in=1777539092.764137 ts_out=1777539092.764794 gw_proc_ms=0.657 traceId=exp-perf5000-003843-779b07cf
zt-gateway  | [perf-request-in] ts_in=1777539092.764738 ts_out=1777539092.765595 gw_proc_ms=0.857 traceId=exp-perf5000-003850-400046ad
zt-gateway  | [perf-request-in] ts_in=1777539092.764849 ts_out=1777539092.765619 gw_proc_ms=0.770 traceId=exp-perf5000-003845-44e9763c
zt-gateway  | [perf-request-in] ts_in=1777539092.765668 ts_out=1777539092.766291 gw_proc_ms=0.623 traceId=exp-perf5000-003847-5f688461
zt-gateway  | [perf-request-in] ts_in=1777539092.765693 ts_out=1777539092.766492 gw_proc_ms=0.799 traceId=exp-perf5000-003852-13c453dd
zt-gateway  | [perf-request-in] ts_in=1777539092.766345 ts_out=1777539092.766988 gw_proc_ms=0.643 traceId=exp-perf5000-003849-dd8e73c3
zt-gateway  | [perf-request-in] ts_in=1777539092.766552 ts_out=1777539092.767305 gw_proc_ms=0.753 traceId=exp-perf5000-003854-0b5a3dac
zt-gateway  | [perf-request-in] ts_in=1777539092.767048 ts_out=1777539092.767669 gw_proc_ms=0.621 traceId=exp-perf5000-003851-82abf397
zt-gateway  | [perf-request-in] ts_in=1777539092.767355 ts_out=1777539092.768028 gw_proc_ms=0.673 traceId=exp-perf5000-003856-88b240fd
zt-gateway  | [perf-request-in] ts_in=1777539092.767691 ts_out=1777539092.768278 gw_proc_ms=0.587 traceId=exp-perf5000-003853-657eb51f
zt-gateway  | [perf-request-in] ts_in=1777539092.768059 ts_out=1777539092.768807 gw_proc_ms=0.748 traceId=exp-perf5000-003858-d53b2202
zt-gateway  | [perf-request-in] ts_in=1777539092.768474 ts_out=1777539092.769447 gw_proc_ms=0.973 traceId=exp-perf5000-003855-286bc5be
zt-gateway  | [perf-request-in] ts_in=1777539092.768847 ts_out=1777539092.769609 gw_proc_ms=0.762 traceId=exp-perf5000-003860-b0ade518
zt-gateway  | [perf-request-in] ts_in=1777539092.769486 ts_out=1777539092.770110 gw_proc_ms=0.624 traceId=exp-perf5000-003857-60a51efc
zt-gateway  | [perf-request-in] ts_in=1777539092.769652 ts_out=1777539092.770291 gw_proc_ms=0.639 traceId=exp-perf5000-003862-2c97944a
zt-gateway  | [perf-request-in] ts_in=1777539092.770136 ts_out=1777539092.770868 gw_proc_ms=0.732 traceId=exp-perf5000-003859-bd18c084
zt-gateway  | [perf-request-in] ts_in=1777539092.770326 ts_out=1777539092.771002 gw_proc_ms=0.676 traceId=exp-perf5000-003864-35867174
zt-gateway  | [perf-request-in] ts_in=1777539092.771043 ts_out=1777539092.771736 gw_proc_ms=0.693 traceId=exp-perf5000-003865-23d0e1e9
zt-gateway  | [perf-request-in] ts_in=1777539092.770900 ts_out=1777539092.772035 gw_proc_ms=1.135 traceId=exp-perf5000-003861-0aad2edb
zt-gateway  | [perf-request-in] ts_in=1777539092.771826 ts_out=1777539092.772430 gw_proc_ms=0.604 traceId=exp-perf5000-003867-8e75a6b3
zt-gateway  | [perf-request-in] ts_in=1777539092.772070 ts_out=1777539092.772707 gw_proc_ms=0.637 traceId=exp-perf5000-003863-55d92257
zt-gateway  | [perf-request-in] ts_in=1777539092.772465 ts_out=1777539092.773170 gw_proc_ms=0.705 traceId=exp-perf5000-003869-df574b01
zt-gateway  | [perf-request-in] ts_in=1777539092.772738 ts_out=1777539092.773354 gw_proc_ms=0.616 traceId=exp-perf5000-003866-61624c21
zt-gateway  | [perf-request-in] ts_in=1777539092.773269 ts_out=1777539092.773941 gw_proc_ms=0.672 traceId=exp-perf5000-003871-bbc559a5
zt-gateway  | [perf-request-in] ts_in=1777539092.773390 ts_out=1777539092.773997 gw_proc_ms=0.607 traceId=exp-perf5000-003868-dbade75d
zt-gateway  | [perf-request-in] ts_in=1777539092.774028 ts_out=1777539092.774623 gw_proc_ms=0.595 traceId=exp-perf5000-003870-38010175
zt-gateway  | [perf-request-in] ts_in=1777539092.774112 ts_out=1777539092.774791 gw_proc_ms=0.679 traceId=exp-perf5000-003873-92981785
zt-gateway  | [perf-request-in] ts_in=1777539092.774664 ts_out=1777539092.775283 gw_proc_ms=0.619 traceId=exp-perf5000-003872-95d3e224
zt-gateway  | [perf-request-in] ts_in=1777539092.774826 ts_out=1777539092.775446 gw_proc_ms=0.620 traceId=exp-perf5000-003875-a06f09e5
zt-gateway  | [perf-request-in] ts_in=1777539092.775325 ts_out=1777539092.775946 gw_proc_ms=0.621 traceId=exp-perf5000-003874-25ed2add
zt-gateway  | [perf-request-in] ts_in=1777539092.775473 ts_out=1777539092.776180 gw_proc_ms=0.707 traceId=exp-perf5000-003877-80c3de18
zt-gateway  | [perf-request-in] ts_in=1777539092.775979 ts_out=1777539092.776599 gw_proc_ms=0.620 traceId=exp-perf5000-003876-e9ed1632
zt-gateway  | [perf-request-in] ts_in=1777539092.776243 ts_out=1777539092.776954 gw_proc_ms=0.711 traceId=exp-perf5000-003879-c02ffb50
zt-gateway  | [perf-request-in] ts_in=1777539092.776629 ts_out=1777539092.777305 gw_proc_ms=0.676 traceId=exp-perf5000-003878-3ec34685
zt-gateway  | [perf-request-in] ts_in=1777539092.776987 ts_out=1777539092.777648 gw_proc_ms=0.661 traceId=exp-perf5000-003880-d0968191
zt-gateway  | [perf-request-in] ts_in=1777539092.777342 ts_out=1777539092.778016 gw_proc_ms=0.674 traceId=exp-perf5000-003881-030f858b
zt-gateway  | [perf-request-in] ts_in=1777539092.777677 ts_out=1777539092.778287 gw_proc_ms=0.610 traceId=exp-perf5000-003883-81f4308f
zt-gateway  | [perf-request-in] ts_in=1777539092.778050 ts_out=1777539092.778687 gw_proc_ms=0.637 traceId=exp-perf5000-003882-2df124aa
zt-gateway  | [perf-request-in] ts_in=1777539092.778316 ts_out=1777539092.778929 gw_proc_ms=0.613 traceId=exp-perf5000-003885-a5f314ce
zt-gateway  | [perf-request-in] ts_in=1777539092.778722 ts_out=1777539092.779361 gw_proc_ms=0.639 traceId=exp-perf5000-003884-ef38ab60
zt-gateway  | [perf-request-in] ts_in=1777539092.778964 ts_out=1777539092.779586 gw_proc_ms=0.622 traceId=exp-perf5000-003887-471407dd
zt-gateway  | [perf-request-in] ts_in=1777539092.779398 ts_out=1777539092.780049 gw_proc_ms=0.651 traceId=exp-perf5000-003886-2159ba76
zt-gateway  | [perf-request-in] ts_in=1777539092.779621 ts_out=1777539092.780245 gw_proc_ms=0.624 traceId=exp-perf5000-003889-5f0fdd21
zt-gateway  | [perf-request-in] ts_in=1777539092.780269 ts_out=1777539092.780911 gw_proc_ms=0.642 traceId=exp-perf5000-003891-bef0e56f
zt-gateway  | [perf-request-in] ts_in=1777539092.780200 ts_out=1777539092.780911 gw_proc_ms=0.711 traceId=exp-perf5000-003888-189ba548
zt-gateway  | [perf-request-in] ts_in=1777539092.780936 ts_out=1777539092.781521 gw_proc_ms=0.585 traceId=exp-perf5000-003893-58fb9de7
zt-gateway  | [perf-request-in] ts_in=1777539092.780942 ts_out=1777539092.781680 gw_proc_ms=0.738 traceId=exp-perf5000-003890-c3df8dd4
zt-gateway  | [perf-request-in] ts_in=1777539092.781552 ts_out=1777539092.782196 gw_proc_ms=0.644 traceId=exp-perf5000-003894-66da6a20
zt-gateway  | [perf-request-in] ts_in=1777539092.781723 ts_out=1777539092.782380 gw_proc_ms=0.657 traceId=exp-perf5000-003892-5ed86812
zt-gateway  | [perf-request-in] ts_in=1777539092.782231 ts_out=1777539092.782877 gw_proc_ms=0.646 traceId=exp-perf5000-003897-3764a743
zt-gateway  | [perf-request-in] ts_in=1777539092.782420 ts_out=1777539092.783080 gw_proc_ms=0.660 traceId=exp-perf5000-003895-aef0b25f
zt-gateway  | [perf-request-in] ts_in=1777539092.782902 ts_out=1777539092.783523 gw_proc_ms=0.621 traceId=exp-perf5000-003898-5bc8a06b
zt-gateway  | [perf-request-in] ts_in=1777539092.783116 ts_out=1777539092.783790 gw_proc_ms=0.674 traceId=exp-perf5000-003896-de8a070f
zt-gateway  | [perf-request-in] ts_in=1777539092.783557 ts_out=1777539092.784297 gw_proc_ms=0.740 traceId=exp-perf5000-003900-b059120f
zt-gateway  | [perf-request-in] ts_in=1777539092.783827 ts_out=1777539092.784470 gw_proc_ms=0.643 traceId=exp-perf5000-003899-6061907f
zt-gateway  | [perf-request-in] ts_in=1777539092.784332 ts_out=1777539092.785156 gw_proc_ms=0.824 traceId=exp-perf5000-003902-97a5cfac
zt-gateway  | [perf-request-in] ts_in=1777539092.784506 ts_out=1777539092.785166 gw_proc_ms=0.660 traceId=exp-perf5000-003901-462bdc4f
zt-gateway  | [perf-request-in] ts_in=1777539092.785198 ts_out=1777539092.785860 gw_proc_ms=0.662 traceId=exp-perf5000-003903-2380f115
zt-gateway  | [perf-request-in] ts_in=1777539092.785203 ts_out=1777539092.786090 gw_proc_ms=0.887 traceId=exp-perf5000-003904-802781d0
zt-gateway  | [perf-request-in] ts_in=1777539092.786145 ts_out=1777539092.786839 gw_proc_ms=0.694 traceId=exp-perf5000-003906-ecb0bf1f
zt-gateway  | [perf-request-in] ts_in=1777539092.785956 ts_out=1777539092.786856 gw_proc_ms=0.900 traceId=exp-perf5000-003905-4432d285
zt-gateway  | [perf-request-in] ts_in=1777539092.786881 ts_out=1777539092.787539 gw_proc_ms=0.658 traceId=exp-perf5000-003908-dc428508
zt-gateway  | [perf-request-in] ts_in=1777539092.786891 ts_out=1777539092.787538 gw_proc_ms=0.647 traceId=exp-perf5000-003907-cb780cc6
zt-gateway  | [perf-request-in] ts_in=1777539092.787581 ts_out=1777539092.788227 gw_proc_ms=0.646 traceId=exp-perf5000-003909-c51d6492
zt-gateway  | [perf-request-in] ts_in=1777539092.787582 ts_out=1777539092.788263 gw_proc_ms=0.681 traceId=exp-perf5000-003910-47d1c549
zt-gateway  | [perf-request-in] ts_in=1777539092.788256 ts_out=1777539092.788935 gw_proc_ms=0.679 traceId=exp-perf5000-003911-53ed7f2a
zt-gateway  | [perf-request-in] ts_in=1777539092.788302 ts_out=1777539092.788999 gw_proc_ms=0.697 traceId=exp-perf5000-003912-5d387b89
zt-gateway  | [perf-request-in] ts_in=1777539092.788966 ts_out=1777539092.789686 gw_proc_ms=0.720 traceId=exp-perf5000-003913-428203fc
zt-gateway  | [perf-request-in] ts_in=1777539092.789037 ts_out=1777539092.789884 gw_proc_ms=0.847 traceId=exp-perf5000-003914-f7fc91ed
zt-gateway  | [perf-request-in] ts_in=1777539092.789742 ts_out=1777539092.790393 gw_proc_ms=0.651 traceId=exp-perf5000-003915-831666b5
zt-gateway  | [perf-request-in] ts_in=1777539092.789918 ts_out=1777539092.790625 gw_proc_ms=0.707 traceId=exp-perf5000-003916-baea4b39
zt-gateway  | [perf-request-in] ts_in=1777539092.790434 ts_out=1777539092.791098 gw_proc_ms=0.664 traceId=exp-perf5000-003917-115a6e98
zt-gateway  | [perf-request-in] ts_in=1777539092.790696 ts_out=1777539092.791345 gw_proc_ms=0.649 traceId=exp-perf5000-003918-b4eb5af5
zt-gateway  | [perf-request-in] ts_in=1777539092.791185 ts_out=1777539092.791889 gw_proc_ms=0.704 traceId=exp-perf5000-003919-88be5c6f
zt-gateway  | [perf-request-in] ts_in=1777539092.791388 ts_out=1777539092.792067 gw_proc_ms=0.679 traceId=exp-perf5000-003920-2cf8209d
zt-gateway  | [perf-request-in] ts_in=1777539092.791979 ts_out=1777539092.792648 gw_proc_ms=0.669 traceId=exp-perf5000-003922-f5667be1
zt-gateway  | [perf-request-in] ts_in=1777539092.792100 ts_out=1777539092.792740 gw_proc_ms=0.640 traceId=exp-perf5000-003921-58360dbe
zt-gateway  | [perf-request-in] ts_in=1777539092.792686 ts_out=1777539092.793333 gw_proc_ms=0.647 traceId=exp-perf5000-003923-794841b5
zt-gateway  | [perf-request-in] ts_in=1777539092.792778 ts_out=1777539092.793630 gw_proc_ms=0.852 traceId=exp-perf5000-003924-bf09368c
zt-gateway  | [perf-request-in] ts_in=1777539092.793371 ts_out=1777539092.794040 gw_proc_ms=0.669 traceId=exp-perf5000-003926-471b9b24
zt-gateway  | [perf-request-in] ts_in=1777539092.794074 ts_out=1777539092.794722 gw_proc_ms=0.648 traceId=exp-perf5000-003927-33b67f9d
zt-gateway  | [perf-request-in] ts_in=1777539092.793865 ts_out=1777539092.794784 gw_proc_ms=0.919 traceId=exp-perf5000-003925-5e4b4483
zt-gateway  | [perf-request-in] ts_in=1777539092.794755 ts_out=1777539092.795410 gw_proc_ms=0.655 traceId=exp-perf5000-003930-c187e5eb
zt-gateway  | [perf-request-in] ts_in=1777539092.794837 ts_out=1777539092.795609 gw_proc_ms=0.772 traceId=exp-perf5000-003928-d1e1fda3
zt-gateway  | [perf-request-in] ts_in=1777539092.795494 ts_out=1777539092.796402 gw_proc_ms=0.908 traceId=exp-perf5000-003932-2b79c390
zt-gateway  | [perf-request-in] ts_in=1777539092.795651 ts_out=1777539092.796852 gw_proc_ms=1.201 traceId=exp-perf5000-003929-a49100e9
zt-gateway  | [perf-request-in] ts_in=1777539092.796460 ts_out=1777539092.797327 gw_proc_ms=0.867 traceId=exp-perf5000-003934-1c4fe07d
zt-gateway  | [perf-request-in] ts_in=1777539092.796956 ts_out=1777539092.797896 gw_proc_ms=0.940 traceId=exp-perf5000-003931-906a222c
zt-gateway  | [perf-request-in] ts_in=1777539092.797377 ts_out=1777539092.798296 gw_proc_ms=0.919 traceId=exp-perf5000-003936-59129815
zt-gateway  | [perf-request-in] ts_in=1777539092.797943 ts_out=1777539092.798954 gw_proc_ms=1.011 traceId=exp-perf5000-003933-a47ac84d
zt-gateway  | [perf-request-in] ts_in=1777539092.798342 ts_out=1777539092.799184 gw_proc_ms=0.842 traceId=exp-perf5000-003938-19e1215f
zt-gateway  | [perf-request-in] ts_in=1777539092.798990 ts_out=1777539092.799732 gw_proc_ms=0.742 traceId=exp-perf5000-003935-b4450387
zt-gateway  | [perf-request-in] ts_in=1777539092.799212 ts_out=1777539092.799976 gw_proc_ms=0.764 traceId=exp-perf5000-003940-1f0aca35
zt-gateway  | [perf-request-in] ts_in=1777539092.799771 ts_out=1777539092.800716 gw_proc_ms=0.945 traceId=exp-perf5000-003937-b5dd911c
zt-gateway  | [perf-request-in] ts_in=1777539092.800024 ts_out=1777539092.800937 gw_proc_ms=0.913 traceId=exp-perf5000-003942-8cbef856
zt-gateway  | [perf-request-in] ts_in=1777539092.800769 ts_out=1777539092.801861 gw_proc_ms=1.092 traceId=exp-perf5000-003939-d8ccd86b
zt-gateway  | [perf-request-in] ts_in=1777539092.800982 ts_out=1777539092.801931 gw_proc_ms=0.949 traceId=exp-perf5000-003944-acb988ec
zt-gateway  | [perf-request-in] ts_in=1777539092.801984 ts_out=1777539092.802645 gw_proc_ms=0.661 traceId=exp-perf5000-003941-c1e7d4d6
zt-gateway  | [perf-request-in] ts_in=1777539092.802042 ts_out=1777539092.802680 gw_proc_ms=0.638 traceId=exp-perf5000-003946-6ea41639
zt-gateway  | [perf-request-in] ts_in=1777539092.802711 ts_out=1777539092.803361 gw_proc_ms=0.650 traceId=exp-perf5000-003948-ace7902a
zt-gateway  | [perf-request-in] ts_in=1777539092.802736 ts_out=1777539092.803533 gw_proc_ms=0.797 traceId=exp-perf5000-003943-a8b31830
zt-gateway  | [perf-request-in] ts_in=1777539092.803402 ts_out=1777539092.804225 gw_proc_ms=0.823 traceId=exp-perf5000-003949-9b455d30
zt-gateway  | [perf-request-in] ts_in=1777539092.803688 ts_out=1777539092.804570 gw_proc_ms=0.882 traceId=exp-perf5000-003945-a47eea1f
zt-gateway  | [perf-request-in] ts_in=1777539092.804270 ts_out=1777539092.804960 gw_proc_ms=0.690 traceId=exp-perf5000-003951-3d279aae
zt-gateway  | [perf-request-in] ts_in=1777539092.804600 ts_out=1777539092.805267 gw_proc_ms=0.667 traceId=exp-perf5000-003947-215432c6
zt-gateway  | [perf-request-in] ts_in=1777539092.805000 ts_out=1777539092.805648 gw_proc_ms=0.648 traceId=exp-perf5000-003953-967d0b96
zt-gateway  | [perf-request-in] ts_in=1777539092.805297 ts_out=1777539092.805987 gw_proc_ms=0.690 traceId=exp-perf5000-003950-80dea1f1
zt-gateway  | [perf-request-in] ts_in=1777539092.805672 ts_out=1777539092.806303 gw_proc_ms=0.631 traceId=exp-perf5000-003955-1d7a33cb
zt-gateway  | [perf-request-in] ts_in=1777539092.806028 ts_out=1777539092.806694 gw_proc_ms=0.666 traceId=exp-perf5000-003952-df5476c7
zt-gateway  | [perf-request-in] ts_in=1777539092.806331 ts_out=1777539092.806957 gw_proc_ms=0.626 traceId=exp-perf5000-003957-b11354b5
zt-gateway  | [perf-request-in] ts_in=1777539092.806760 ts_out=1777539092.807391 gw_proc_ms=0.631 traceId=exp-perf5000-003954-47744164
zt-gateway  | [perf-request-in] ts_in=1777539092.806992 ts_out=1777539092.807631 gw_proc_ms=0.639 traceId=exp-perf5000-003959-0c5973fa
zt-gateway  | [perf-request-in] ts_in=1777539092.807450 ts_out=1777539092.808179 gw_proc_ms=0.729 traceId=exp-perf5000-003956-2fb50470
zt-gateway  | [perf-request-in] ts_in=1777539092.807676 ts_out=1777539092.808314 gw_proc_ms=0.638 traceId=exp-perf5000-003961-a94fd241
zt-gateway  | [perf-request-in] ts_in=1777539092.808226 ts_out=1777539092.808867 gw_proc_ms=0.641 traceId=exp-perf5000-003958-641af3d5
zt-gateway  | [perf-request-in] ts_in=1777539092.808942 ts_out=1777539092.809611 gw_proc_ms=0.669 traceId=exp-perf5000-003960-23e47081
zt-gateway  | [perf-request-in] ts_in=1777539092.808343 ts_out=1777539092.809980 gw_proc_ms=1.637 traceId=exp-perf5000-003964-5cd15608
zt-gateway  | [perf-request-in] ts_in=1777539092.809685 ts_out=1777539092.810375 gw_proc_ms=0.690 traceId=exp-perf5000-003962-2c2b7720
zt-gateway  | [perf-request-in] ts_in=1777539092.810027 ts_out=1777539092.810733 gw_proc_ms=0.706 traceId=exp-perf5000-003966-33c9a447
zt-gateway  | [perf-request-in] ts_in=1777539092.810427 ts_out=1777539092.811155 gw_proc_ms=0.728 traceId=exp-perf5000-003963-ebc03562
zt-gateway  | [perf-request-in] ts_in=1777539092.810774 ts_out=1777539092.811476 gw_proc_ms=0.702 traceId=exp-perf5000-003968-86b18376
zt-gateway  | [perf-request-in] ts_in=1777539092.811186 ts_out=1777539092.811946 gw_proc_ms=0.760 traceId=exp-perf5000-003965-529daf6b
zt-gateway  | [perf-request-in] ts_in=1777539092.811513 ts_out=1777539092.812223 gw_proc_ms=0.710 traceId=exp-perf5000-003970-3fe3e9d5
zt-gateway  | [perf-request-in] ts_in=1777539092.811977 ts_out=1777539092.812637 gw_proc_ms=0.660 traceId=exp-perf5000-003967-f5e70d4f
zt-gateway  | [perf-request-in] ts_in=1777539092.812251 ts_out=1777539092.813042 gw_proc_ms=0.791 traceId=exp-perf5000-003971-ab6b28cc
zt-gateway  | [perf-request-in] ts_in=1777539092.812707 ts_out=1777539092.813483 gw_proc_ms=0.776 traceId=exp-perf5000-003969-9cd34cf4
zt-gateway  | [perf-request-in] ts_in=1777539092.813082 ts_out=1777539092.813806 gw_proc_ms=0.724 traceId=exp-perf5000-003973-e57b8349
zt-gateway  | [perf-request-in] ts_in=1777539092.813521 ts_out=1777539092.814342 gw_proc_ms=0.821 traceId=exp-perf5000-003972-28e68377
zt-gateway  | [perf-request-in] ts_in=1777539092.813844 ts_out=1777539092.814541 gw_proc_ms=0.697 traceId=exp-perf5000-003975-66f79ff5
zt-gateway  | [perf-request-in] ts_in=1777539092.814380 ts_out=1777539092.815138 gw_proc_ms=0.758 traceId=exp-perf5000-003974-d3a506fb
zt-gateway  | [perf-request-in] ts_in=1777539092.814590 ts_out=1777539092.815261 gw_proc_ms=0.671 traceId=exp-perf5000-003977-513a53a3
zt-gateway  | [perf-request-in] ts_in=1777539092.815180 ts_out=1777539092.815830 gw_proc_ms=0.650 traceId=exp-perf5000-003976-430033e0
zt-gateway  | [perf-request-in] ts_in=1777539092.815289 ts_out=1777539092.815938 gw_proc_ms=0.649 traceId=exp-perf5000-003979-79382a66
zt-gateway  | [perf-request-in] ts_in=1777539092.815975 ts_out=1777539092.816735 gw_proc_ms=0.760 traceId=exp-perf5000-003981-f7a47f46
zt-gateway  | [perf-request-in] ts_in=1777539092.815865 ts_out=1777539092.816963 gw_proc_ms=1.098 traceId=exp-perf5000-003978-506985b7
zt-gateway  | [perf-request-in] ts_in=1777539092.816774 ts_out=1777539092.817443 gw_proc_ms=0.669 traceId=exp-perf5000-003983-3afd91e7
zt-gateway  | [perf-request-in] ts_in=1777539092.817002 ts_out=1777539092.817687 gw_proc_ms=0.685 traceId=exp-perf5000-003980-565a3288
zt-gateway  | [perf-request-in] ts_in=1777539092.817477 ts_out=1777539092.818238 gw_proc_ms=0.761 traceId=exp-perf5000-003985-52e65f7d
zt-gateway  | [perf-request-in] ts_in=1777539092.817722 ts_out=1777539092.818627 gw_proc_ms=0.905 traceId=exp-perf5000-003982-dd39aa31
zt-gateway  | [perf-request-in] ts_in=1777539092.818280 ts_out=1777539092.818953 gw_proc_ms=0.673 traceId=exp-perf5000-003987-73cc5b5d
zt-gateway  | [perf-request-in] ts_in=1777539092.818834 ts_out=1777539092.819523 gw_proc_ms=0.689 traceId=exp-perf5000-003984-b5aa8a3e
zt-gateway  | [perf-request-in] ts_in=1777539092.818993 ts_out=1777539092.819614 gw_proc_ms=0.621 traceId=exp-perf5000-003990-aed7a95a
zt-gateway  | [perf-request-in] ts_in=1777539092.819587 ts_out=1777539092.820234 gw_proc_ms=0.647 traceId=exp-perf5000-003986-7d4df7d2
zt-gateway  | [perf-request-in] ts_in=1777539092.819644 ts_out=1777539092.820268 gw_proc_ms=0.624 traceId=exp-perf5000-003992-b9cf99c6
zt-gateway  | [perf-request-in] ts_in=1777539092.820298 ts_out=1777539092.820958 gw_proc_ms=0.660 traceId=exp-perf5000-003994-644dd95c
zt-gateway  | [perf-request-in] ts_in=1777539092.820283 ts_out=1777539092.820958 gw_proc_ms=0.675 traceId=exp-perf5000-003988-d0817718
zt-gateway  | [perf-request-in] ts_in=1777539092.820998 ts_out=1777539092.821674 gw_proc_ms=0.676 traceId=exp-perf5000-003996-1263ad24
zt-gateway  | [perf-request-in] ts_in=1777539092.821003 ts_out=1777539092.821700 gw_proc_ms=0.697 traceId=exp-perf5000-003989-5033253a
zt-gateway  | [perf-request-in] ts_in=1777539092.821710 ts_out=1777539092.822303 gw_proc_ms=0.593 traceId=exp-perf5000-003998-768ad5f0
zt-gateway  | [perf-request-in] ts_in=1777539092.821738 ts_out=1777539092.822342 gw_proc_ms=0.604 traceId=exp-perf5000-003991-230118d7
zt-gateway  | [perf-request-in] ts_in=1777539092.822341 ts_out=1777539092.822965 gw_proc_ms=0.624 traceId=exp-perf5000-004000-748b5d3f
zt-gateway  | [perf-request-in] ts_in=1777539092.822376 ts_out=1777539092.823013 gw_proc_ms=0.637 traceId=exp-perf5000-003993-63f04047
zt-gateway  | [perf-request-in] ts_in=1777539092.823003 ts_out=1777539092.823656 gw_proc_ms=0.653 traceId=exp-perf5000-004002-b0f0b080
zt-gateway  | [perf-request-in] ts_in=1777539092.823040 ts_out=1777539092.823704 gw_proc_ms=0.664 traceId=exp-perf5000-003995-22eb423f
zt-gateway  | [perf-request-in] ts_in=1777539092.823697 ts_out=1777539092.824331 gw_proc_ms=0.634 traceId=exp-perf5000-004003-c0d351d1
zt-gateway  | [perf-request-in] ts_in=1777539092.823733 ts_out=1777539092.824385 gw_proc_ms=0.652 traceId=exp-perf5000-003997-85005265
zt-gateway  | [perf-request-in] ts_in=1777539092.824371 ts_out=1777539092.825011 gw_proc_ms=0.640 traceId=exp-perf5000-004006-0d61e1ac
zt-gateway  | [perf-request-in] ts_in=1777539092.824423 ts_out=1777539092.825086 gw_proc_ms=0.663 traceId=exp-perf5000-003999-da46d159
zt-gateway  | [perf-request-in] ts_in=1777539092.825051 ts_out=1777539092.825693 gw_proc_ms=0.642 traceId=exp-perf5000-004007-9dbf7f62
zt-gateway  | [perf-request-in] ts_in=1777539092.825121 ts_out=1777539092.825778 gw_proc_ms=0.657 traceId=exp-perf5000-004001-73012415
zt-gateway  | [perf-request-in] ts_in=1777539092.825728 ts_out=1777539092.826334 gw_proc_ms=0.606 traceId=exp-perf5000-004009-a396f64d
zt-gateway  | [perf-request-in] ts_in=1777539092.825820 ts_out=1777539092.826454 gw_proc_ms=0.634 traceId=exp-perf5000-004004-c5c48254
zt-gateway  | [perf-request-in] ts_in=1777539092.826430 ts_out=1777539092.827098 gw_proc_ms=0.668 traceId=exp-perf5000-004011-a75575d4
zt-gateway  | [perf-request-in] ts_in=1777539092.826498 ts_out=1777539092.827177 gw_proc_ms=0.679 traceId=exp-perf5000-004005-ef8df505
zt-gateway  | [perf-request-in] ts_in=1777539092.827133 ts_out=1777539092.827806 gw_proc_ms=0.673 traceId=exp-perf5000-004013-4dd8ae6c
zt-gateway  | [perf-request-in] ts_in=1777539092.827219 ts_out=1777539092.827920 gw_proc_ms=0.701 traceId=exp-perf5000-004008-c48afcad
zt-gateway  | [perf-request-in] ts_in=1777539092.827911 ts_out=1777539092.828717 gw_proc_ms=0.806 traceId=exp-perf5000-004015-2323f2e9
zt-gateway  | [perf-request-in] ts_in=1777539092.827956 ts_out=1777539092.828816 gw_proc_ms=0.860 traceId=exp-perf5000-004010-00745fc4
zt-gateway  | [perf-request-in] ts_in=1777539092.828863 ts_out=1777539092.829770 gw_proc_ms=0.907 traceId=exp-perf5000-004012-dfd98579
zt-gateway  | [perf-request-in] ts_in=1777539092.828763 ts_out=1777539092.829865 gw_proc_ms=1.102 traceId=exp-perf5000-004017-8cab54d6
zt-gateway  | [perf-request-in] ts_in=1777539092.829816 ts_out=1777539092.830658 gw_proc_ms=0.842 traceId=exp-perf5000-004014-15917b88
zt-gateway  | [perf-request-in] ts_in=1777539092.829905 ts_out=1777539092.830757 gw_proc_ms=0.852 traceId=exp-perf5000-004019-ab70541d
zt-gateway  | [perf-request-in] ts_in=1777539092.830710 ts_out=1777539092.831456 gw_proc_ms=0.746 traceId=exp-perf5000-004016-123c1b07
zt-gateway  | [perf-request-in] ts_in=1777539092.830800 ts_out=1777539092.831785 gw_proc_ms=0.985 traceId=exp-perf5000-004021-300901ba
zt-gateway  | [perf-request-in] ts_in=1777539092.831510 ts_out=1777539092.832270 gw_proc_ms=0.760 traceId=exp-perf5000-004018-fbed9195
zt-gateway  | [perf-request-in] ts_in=1777539092.831896 ts_out=1777539092.832933 gw_proc_ms=1.037 traceId=exp-perf5000-004023-80863737
zt-gateway  | [perf-request-in] ts_in=1777539092.832300 ts_out=1777539092.833007 gw_proc_ms=0.707 traceId=exp-perf5000-004020-0878ac45
zt-gateway  | [perf-request-in] ts_in=1777539092.832975 ts_out=1777539092.833871 gw_proc_ms=0.896 traceId=exp-perf5000-004025-a356a767
zt-gateway  | [perf-request-in] ts_in=1777539092.833034 ts_out=1777539092.833937 gw_proc_ms=0.903 traceId=exp-perf5000-004022-4523187b
zt-gateway  | [perf-request-in] ts_in=1777539092.833915 ts_out=1777539092.834853 gw_proc_ms=0.938 traceId=exp-perf5000-004027-23889593
zt-gateway  | [perf-request-in] ts_in=1777539092.833973 ts_out=1777539092.835572 gw_proc_ms=1.599 traceId=exp-perf5000-004024-02ce9702
zt-gateway  | [perf-request-in] ts_in=1777539092.835624 ts_out=1777539092.836347 gw_proc_ms=0.723 traceId=exp-perf5000-004026-714f6e36
zt-gateway  | [perf-request-in] ts_in=1777539092.834949 ts_out=1777539092.836497 gw_proc_ms=1.548 traceId=exp-perf5000-004028-95b92a1f
zt-gateway  | [perf-request-in] ts_in=1777539092.836393 ts_out=1777539092.837152 gw_proc_ms=0.759 traceId=exp-perf5000-004029-1b08e5bf
zt-gateway  | [perf-request-in] ts_in=1777539092.836549 ts_out=1777539092.837444 gw_proc_ms=0.895 traceId=exp-perf5000-004030-4cee0513
zt-gateway  | [perf-request-in] ts_in=1777539092.837206 ts_out=1777539092.838151 gw_proc_ms=0.945 traceId=exp-perf5000-004031-1688e526
zt-gateway  | [perf-request-in] ts_in=1777539092.837499 ts_out=1777539092.838367 gw_proc_ms=0.868 traceId=exp-perf5000-004032-917991a8
zt-gateway  | [perf-request-in] ts_in=1777539092.838198 ts_out=1777539092.839029 gw_proc_ms=0.831 traceId=exp-perf5000-004033-7d8b750d
zt-gateway  | [perf-request-in] ts_in=1777539092.838413 ts_out=1777539092.839309 gw_proc_ms=0.896 traceId=exp-perf5000-004034-52336ea2
zt-gateway  | [perf-request-in] ts_in=1777539092.839078 ts_out=1777539092.839869 gw_proc_ms=0.791 traceId=exp-perf5000-004035-922c91c9
zt-gateway  | [perf-request-in] ts_in=1777539092.839360 ts_out=1777539092.840143 gw_proc_ms=0.783 traceId=exp-perf5000-004036-a45c1abe
zt-gateway  | [perf-request-in] ts_in=1777539092.839912 ts_out=1777539092.840594 gw_proc_ms=0.682 traceId=exp-perf5000-004037-ea3e851c
zt-gateway  | [perf-request-in] ts_in=1777539092.840186 ts_out=1777539092.840872 gw_proc_ms=0.686 traceId=exp-perf5000-004038-1072c15c
zt-gateway  | [perf-request-in] ts_in=1777539092.840632 ts_out=1777539092.841292 gw_proc_ms=0.660 traceId=exp-perf5000-004039-d722154b
zt-gateway  | [perf-request-in] ts_in=1777539092.840909 ts_out=1777539092.841632 gw_proc_ms=0.723 traceId=exp-perf5000-004040-4e99c5f3
zt-gateway  | [perf-request-in] ts_in=1777539092.841325 ts_out=1777539092.842018 gw_proc_ms=0.693 traceId=exp-perf5000-004041-35f72693
zt-gateway  | [perf-request-in] ts_in=1777539092.841676 ts_out=1777539092.842368 gw_proc_ms=0.692 traceId=exp-perf5000-004042-db8d25d3
zt-gateway  | [perf-request-in] ts_in=1777539092.842046 ts_out=1777539092.842732 gw_proc_ms=0.686 traceId=exp-perf5000-004043-bb288d70
zt-gateway  | [perf-request-in] ts_in=1777539092.842396 ts_out=1777539092.843332 gw_proc_ms=0.936 traceId=exp-perf5000-004044-8d9e57e9
zt-gateway  | [perf-request-in] ts_in=1777539092.842755 ts_out=1777539092.844045 gw_proc_ms=1.290 traceId=exp-perf5000-004046-909f54c3
zt-gateway  | [perf-request-in] ts_in=1777539092.843383 ts_out=1777539092.844171 gw_proc_ms=0.788 traceId=exp-perf5000-004045-95570544
zt-gateway  | [perf-request-in] ts_in=1777539092.844092 ts_out=1777539092.844780 gw_proc_ms=0.688 traceId=exp-perf5000-004048-ba77a2e9
zt-gateway  | [perf-request-in] ts_in=1777539092.844214 ts_out=1777539092.845105 gw_proc_ms=0.891 traceId=exp-perf5000-004047-3dc26850
zt-gateway  | [perf-request-in] ts_in=1777539092.844814 ts_out=1777539092.845480 gw_proc_ms=0.666 traceId=exp-perf5000-004051-154176bd
zt-gateway  | [perf-request-in] ts_in=1777539092.845135 ts_out=1777539092.845832 gw_proc_ms=0.697 traceId=exp-perf5000-004052-e50aafb2
zt-gateway  | [perf-request-in] ts_in=1777539092.845505 ts_out=1777539092.846216 gw_proc_ms=0.711 traceId=exp-perf5000-004050-cc6d32de
zt-gateway  | [perf-request-in] ts_in=1777539092.845884 ts_out=1777539092.846635 gw_proc_ms=0.751 traceId=exp-perf5000-004049-84e2ed55
zt-gateway  | [perf-request-in] ts_in=1777539092.846259 ts_out=1777539092.846934 gw_proc_ms=0.675 traceId=exp-perf5000-004055-013b6560
zt-gateway  | [perf-request-in] ts_in=1777539092.846683 ts_out=1777539092.847638 gw_proc_ms=0.955 traceId=exp-perf5000-004054-0f13d5a6
zt-gateway  | [perf-request-in] ts_in=1777539092.846975 ts_out=1777539092.848233 gw_proc_ms=1.258 traceId=exp-perf5000-004057-82b0bea9
zt-gateway  | [perf-request-in] ts_in=1777539092.847718 ts_out=1777539092.848414 gw_proc_ms=0.696 traceId=exp-perf5000-004053-29b2bf6c
zt-gateway  | [perf-request-in] ts_in=1777539092.848279 ts_out=1777539092.848957 gw_proc_ms=0.678 traceId=exp-perf5000-004056-d11fc19b
zt-gateway  | [perf-request-in] ts_in=1777539092.848452 ts_out=1777539092.849112 gw_proc_ms=0.660 traceId=exp-perf5000-004058-e4dc2a51
zt-gateway  | [perf-request-in] ts_in=1777539092.848992 ts_out=1777539092.849686 gw_proc_ms=0.694 traceId=exp-perf5000-004060-2eac49b7
zt-gateway  | [perf-request-in] ts_in=1777539092.849151 ts_out=1777539092.849909 gw_proc_ms=0.758 traceId=exp-perf5000-004059-dd75fcd6
zt-gateway  | [perf-request-in] ts_in=1777539092.849728 ts_out=1777539092.850347 gw_proc_ms=0.619 traceId=exp-perf5000-004061-ee05597e
zt-gateway  | [perf-request-in] ts_in=1777539092.849976 ts_out=1777539092.850727 gw_proc_ms=0.751 traceId=exp-perf5000-004062-dffb8cb7
zt-gateway  | [perf-request-in] ts_in=1777539092.850373 ts_out=1777539092.851133 gw_proc_ms=0.760 traceId=exp-perf5000-004063-09da80f9
zt-gateway  | [perf-request-in] ts_in=1777539092.850767 ts_out=1777539092.851573 gw_proc_ms=0.806 traceId=exp-perf5000-004064-faaf0812
zt-gateway  | [perf-request-in] ts_in=1777539092.851166 ts_out=1777539092.851896 gw_proc_ms=0.730 traceId=exp-perf5000-004065-baf09780
zt-gateway  | [perf-request-in] ts_in=1777539092.851606 ts_out=1777539092.852253 gw_proc_ms=0.647 traceId=exp-perf5000-004066-76532d11
zt-gateway  | [perf-request-in] ts_in=1777539092.851960 ts_out=1777539092.852639 gw_proc_ms=0.679 traceId=exp-perf5000-004067-580d0e18
zt-gateway  | [perf-request-in] ts_in=1777539092.852286 ts_out=1777539092.852947 gw_proc_ms=0.661 traceId=exp-perf5000-004068-6178eef1
zt-gateway  | [perf-request-in] ts_in=1777539092.852670 ts_out=1777539092.853350 gw_proc_ms=0.680 traceId=exp-perf5000-004069-d2f5bc71
zt-gateway  | [perf-request-in] ts_in=1777539092.852976 ts_out=1777539092.853827 gw_proc_ms=0.851 traceId=exp-perf5000-004070-28154cb4
zt-gateway  | [perf-request-in] ts_in=1777539092.853384 ts_out=1777539092.854049 gw_proc_ms=0.665 traceId=exp-perf5000-004071-98e2c81d
zt-gateway  | [perf-request-in] ts_in=1777539092.853934 ts_out=1777539092.854655 gw_proc_ms=0.721 traceId=exp-perf5000-004072-5f295221
zt-gateway  | [perf-request-in] ts_in=1777539092.854137 ts_out=1777539092.854868 gw_proc_ms=0.731 traceId=exp-perf5000-004073-5e0ce9c5
zt-gateway  | [perf-request-in] ts_in=1777539092.854943 ts_out=1777539092.855618 gw_proc_ms=0.675 traceId=exp-perf5000-004075-0531e62b
zt-gateway  | [perf-request-in] ts_in=1777539092.854694 ts_out=1777539092.855917 gw_proc_ms=1.223 traceId=exp-perf5000-004074-fe74763e
zt-gateway  | [perf-request-in] ts_in=1777539092.855694 ts_out=1777539092.856433 gw_proc_ms=0.739 traceId=exp-perf5000-004077-b56a9167
zt-gateway  | [perf-request-in] ts_in=1777539092.855977 ts_out=1777539092.856956 gw_proc_ms=0.979 traceId=exp-perf5000-004076-5a9dd34a
zt-gateway  | [perf-request-in] ts_in=1777539092.856511 ts_out=1777539092.857268 gw_proc_ms=0.757 traceId=exp-perf5000-004080-10461530
zt-gateway  | [perf-request-in] ts_in=1777539092.856993 ts_out=1777539092.857680 gw_proc_ms=0.687 traceId=exp-perf5000-004078-fe3ba8ff
zt-gateway  | [perf-request-in] ts_in=1777539092.857334 ts_out=1777539092.858112 gw_proc_ms=0.778 traceId=exp-perf5000-004081-f9b1a855
zt-gateway  | [perf-request-in] ts_in=1777539092.858036 ts_out=1777539092.858741 gw_proc_ms=0.705 traceId=exp-perf5000-004079-2fa7a81d
zt-gateway  | [perf-request-in] ts_in=1777539092.858184 ts_out=1777539092.858934 gw_proc_ms=0.750 traceId=exp-perf5000-004084-c6474149
zt-gateway  | [perf-request-in] ts_in=1777539092.858786 ts_out=1777539092.859473 gw_proc_ms=0.687 traceId=exp-perf5000-004082-e74c8752
zt-gateway  | [perf-request-in] ts_in=1777539092.859008 ts_out=1777539092.859817 gw_proc_ms=0.809 traceId=exp-perf5000-004087-d96b135b
zt-gateway  | [perf-request-in] ts_in=1777539092.859509 ts_out=1777539092.860206 gw_proc_ms=0.697 traceId=exp-perf5000-004083-fbdaa935
zt-gateway  | [perf-request-in] ts_in=1777539092.859930 ts_out=1777539092.860673 gw_proc_ms=0.743 traceId=exp-perf5000-004089-61c7312e
zt-gateway  | [perf-request-in] ts_in=1777539092.860240 ts_out=1777539092.860908 gw_proc_ms=0.668 traceId=exp-perf5000-004085-5017c6db
zt-gateway  | [perf-request-in] ts_in=1777539092.860762 ts_out=1777539092.861487 gw_proc_ms=0.725 traceId=exp-perf5000-004090-ac8f9801
zt-gateway  | [perf-request-in] ts_in=1777539092.860946 ts_out=1777539092.861606 gw_proc_ms=0.660 traceId=exp-perf5000-004086-cbb5702c
zt-gateway  | [perf-request-in] ts_in=1777539092.861635 ts_out=1777539092.862298 gw_proc_ms=0.663 traceId=exp-perf5000-004088-bb122e1d
zt-gateway  | [perf-request-in] ts_in=1777539092.861551 ts_out=1777539092.862363 gw_proc_ms=0.812 traceId=exp-perf5000-004093-94de6365
zt-gateway  | [perf-request-in] ts_in=1777539092.862333 ts_out=1777539092.863023 gw_proc_ms=0.690 traceId=exp-perf5000-004091-7d107afd
zt-gateway  | [perf-request-in] ts_in=1777539092.862417 ts_out=1777539092.863107 gw_proc_ms=0.690 traceId=exp-perf5000-004094-20ae4c68
zt-gateway  | [perf-request-in] ts_in=1777539092.863065 ts_out=1777539092.863729 gw_proc_ms=0.664 traceId=exp-perf5000-004092-02f8ea6f
zt-gateway  | [perf-request-in] ts_in=1777539092.863185 ts_out=1777539092.863910 gw_proc_ms=0.725 traceId=exp-perf5000-004097-9507a197
zt-gateway  | [perf-request-in] ts_in=1777539092.863973 ts_out=1777539092.864722 gw_proc_ms=0.749 traceId=exp-perf5000-004099-a7c544ba
zt-gateway  | [perf-request-in] ts_in=1777539092.863854 ts_out=1777539092.864781 gw_proc_ms=0.927 traceId=exp-perf5000-004095-c366fec8
zt-gateway  | [perf-request-in] ts_in=1777539092.864754 ts_out=1777539092.865471 gw_proc_ms=0.717 traceId=exp-perf5000-004100-a6a94075
zt-gateway  | [perf-request-in] ts_in=1777539092.864839 ts_out=1777539092.865602 gw_proc_ms=0.763 traceId=exp-perf5000-004096-51db9a45
zt-gateway  | [perf-request-in] ts_in=1777539092.865511 ts_out=1777539092.866166 gw_proc_ms=0.655 traceId=exp-perf5000-004103-53924656
zt-gateway  | [perf-request-in] ts_in=1777539092.865669 ts_out=1777539092.866352 gw_proc_ms=0.683 traceId=exp-perf5000-004098-049783cb
zt-gateway  | [perf-request-in] ts_in=1777539092.866205 ts_out=1777539092.866856 gw_proc_ms=0.651 traceId=exp-perf5000-004105-15e65b95
zt-gateway  | [perf-request-in] ts_in=1777539092.866403 ts_out=1777539092.867087 gw_proc_ms=0.684 traceId=exp-perf5000-004101-ec792dfb
zt-gateway  | [perf-request-in] ts_in=1777539092.866919 ts_out=1777539092.867685 gw_proc_ms=0.766 traceId=exp-perf5000-004107-a1ee3919
zt-gateway  | [perf-request-in] ts_in=1777539092.867132 ts_out=1777539092.867796 gw_proc_ms=0.664 traceId=exp-perf5000-004102-27f8e885
zt-gateway  | [perf-request-in] ts_in=1777539092.867740 ts_out=1777539092.868438 gw_proc_ms=0.698 traceId=exp-perf5000-004109-0b2c4c5d
zt-gateway  | [perf-request-in] ts_in=1777539092.867843 ts_out=1777539092.868520 gw_proc_ms=0.677 traceId=exp-perf5000-004104-b0054331
zt-gateway  | [perf-request-in] ts_in=1777539092.868482 ts_out=1777539092.869173 gw_proc_ms=0.691 traceId=exp-perf5000-004110-c4e58225
zt-gateway  | [perf-request-in] ts_in=1777539092.868582 ts_out=1777539092.869256 gw_proc_ms=0.674 traceId=exp-perf5000-004106-a8ea5a4a
zt-gateway  | [perf-request-in] ts_in=1777539092.869207 ts_out=1777539092.869844 gw_proc_ms=0.637 traceId=exp-perf5000-004113-ddcf9183
zt-gateway  | [perf-request-in] ts_in=1777539092.869284 ts_out=1777539092.869918 gw_proc_ms=0.634 traceId=exp-perf5000-004108-c4e121af
zt-gateway  | [perf-request-in] ts_in=1777539092.869874 ts_out=1777539092.870509 gw_proc_ms=0.635 traceId=exp-perf5000-004114-0f1c8857
zt-gateway  | [perf-request-in] ts_in=1777539092.869947 ts_out=1777539092.870607 gw_proc_ms=0.660 traceId=exp-perf5000-004111-63bce94f
zt-gateway  | [perf-request-in] ts_in=1777539092.870535 ts_out=1777539092.871195 gw_proc_ms=0.660 traceId=exp-perf5000-004116-0abe8eea
zt-gateway  | [perf-request-in] ts_in=1777539092.871229 ts_out=1777539092.872221 gw_proc_ms=0.992 traceId=exp-perf5000-004118-629d0f06
zt-gateway  | [perf-request-in] ts_in=1777539092.872278 ts_out=1777539092.873142 gw_proc_ms=0.864 traceId=exp-perf5000-004120-aecc1bbc
zt-gateway  | [perf-request-in] ts_in=1777539092.870641 ts_out=1777539092.873508 gw_proc_ms=2.867 traceId=exp-perf5000-004112-78cdc807
zt-gateway  | [perf-request-in] ts_in=1777539092.873192 ts_out=1777539092.873873 gw_proc_ms=0.681 traceId=exp-perf5000-004121-61d3562a
zt-gateway  | [perf-request-in] ts_in=1777539092.873924 ts_out=1777539092.874577 gw_proc_ms=0.653 traceId=exp-perf5000-004123-3c87d471
zt-gateway  | [perf-request-in] ts_in=1777539092.873631 ts_out=1777539092.875113 gw_proc_ms=1.482 traceId=exp-perf5000-004115-b2b9f43e
zt-gateway  | [perf-request-in] ts_in=1777539092.874641 ts_out=1777539092.875285 gw_proc_ms=0.644 traceId=exp-perf5000-004126-0f0cbed4
zt-gateway  | [perf-request-in] ts_in=1777539092.875186 ts_out=1777539092.875910 gw_proc_ms=0.724 traceId=exp-perf5000-004117-63177cc0
zt-gateway  | [perf-request-in] ts_in=1777539092.875333 ts_out=1777539092.876023 gw_proc_ms=0.690 traceId=exp-perf5000-004127-6a0f22ee
zt-gateway  | [perf-request-in] ts_in=1777539092.875990 ts_out=1777539092.876733 gw_proc_ms=0.743 traceId=exp-perf5000-004119-fb3eda62
zt-gateway  | [perf-request-in] ts_in=1777539092.876064 ts_out=1777539092.876792 gw_proc_ms=0.728 traceId=exp-perf5000-004129-96b906a3
zt-gateway  | [perf-request-in] ts_in=1777539092.876831 ts_out=1777539092.877445 gw_proc_ms=0.614 traceId=exp-perf5000-004131-c99e7e9c
zt-gateway  | [perf-request-in] ts_in=1777539092.876838 ts_out=1777539092.877495 gw_proc_ms=0.657 traceId=exp-perf5000-004122-cbbbf590
zt-gateway  | [perf-request-in] ts_in=1777539092.877489 ts_out=1777539092.878147 gw_proc_ms=0.658 traceId=exp-perf5000-004133-8aee1432
zt-gateway  | [perf-request-in] ts_in=1777539092.877553 ts_out=1777539092.878277 gw_proc_ms=0.724 traceId=exp-perf5000-004124-c490ca91
zt-gateway  | [perf-request-in] ts_in=1777539092.878199 ts_out=1777539092.878998 gw_proc_ms=0.799 traceId=exp-perf5000-004135-c5cf192a
zt-gateway  | [perf-request-in] ts_in=1777539092.878346 ts_out=1777539092.879167 gw_proc_ms=0.821 traceId=exp-perf5000-004125-8e01b47f
zt-gateway  | [perf-request-in] ts_in=1777539092.879226 ts_out=1777539092.879923 gw_proc_ms=0.697 traceId=exp-perf5000-004128-25dc4829
zt-gateway  | [perf-request-in] ts_in=1777539092.879074 ts_out=1777539092.880001 gw_proc_ms=0.927 traceId=exp-perf5000-004137-e531445a
zt-gateway  | [perf-request-in] ts_in=1777539092.880060 ts_out=1777539092.880699 gw_proc_ms=0.639 traceId=exp-perf5000-004139-9745396a
zt-gateway  | [perf-request-in] ts_in=1777539092.880754 ts_out=1777539092.881387 gw_proc_ms=0.633 traceId=exp-perf5000-004140-377439a7
zt-gateway  | [perf-request-in] ts_in=1777539092.881489 ts_out=1777539092.882143 gw_proc_ms=0.654 traceId=exp-perf5000-004144-d94421e2
zt-gateway  | [perf-request-in] ts_in=1777539092.880002 ts_out=1777539092.883473 gw_proc_ms=3.471 traceId=exp-perf5000-004130-f856889d
zt-gateway  | [perf-request-in] ts_in=1777539092.882364 ts_out=1777539092.883887 gw_proc_ms=1.523 traceId=exp-perf5000-004145-2e5e4013
zt-gateway  | [perf-request-in] ts_in=1777539092.883612 ts_out=1777539092.884355 gw_proc_ms=0.743 traceId=exp-perf5000-004132-1168bfcc
zt-gateway  | [perf-request-in] ts_in=1777539092.883948 ts_out=1777539092.884593 gw_proc_ms=0.645 traceId=exp-perf5000-004147-49f80e94
zt-gateway  | [perf-request-in] ts_in=1777539092.884640 ts_out=1777539092.885271 gw_proc_ms=0.631 traceId=exp-perf5000-004151-01a078de
zt-gateway  | [perf-request-in] ts_in=1777539092.885806 ts_out=1777539092.886411 gw_proc_ms=0.605 traceId=exp-perf5000-004150-bddbb5f3
zt-gateway  | [perf-request-in] ts_in=1777539092.884426 ts_out=1777539092.886795 gw_proc_ms=2.369 traceId=exp-perf5000-004134-028d636d
zt-gateway  | [perf-request-in] ts_in=1777539092.886918 ts_out=1777539092.887668 gw_proc_ms=0.750 traceId=exp-perf5000-004136-49d5b6ab
zt-gateway  | [perf-request-in] ts_in=1777539092.887283 ts_out=1777539092.888131 gw_proc_ms=0.848 traceId=exp-perf5000-004153-1aaa8780
zt-gateway  | [perf-request-in] ts_in=1777539092.887723 ts_out=1777539092.888380 gw_proc_ms=0.657 traceId=exp-perf5000-004138-36797b76
zt-gateway  | [perf-request-in] ts_in=1777539092.888421 ts_out=1777539092.889118 gw_proc_ms=0.697 traceId=exp-perf5000-004141-3372f0c3
zt-gateway  | [perf-request-in] ts_in=1777539092.888442 ts_out=1777539092.889499 gw_proc_ms=1.057 traceId=exp-perf5000-004155-59963dd8
zt-gateway  | [perf-request-in] ts_in=1777539092.889176 ts_out=1777539092.889860 gw_proc_ms=0.684 traceId=exp-perf5000-004142-a415d115
zt-gateway  | [perf-request-in] ts_in=1777539092.889895 ts_out=1777539092.890548 gw_proc_ms=0.653 traceId=exp-perf5000-004143-33b3dc2e
zt-gateway  | [perf-request-in] ts_in=1777539092.889840 ts_out=1777539092.891273 gw_proc_ms=1.433 traceId=exp-perf5000-004157-e12cf97a
zt-gateway  | [perf-request-in] ts_in=1777539092.890631 ts_out=1777539092.891317 gw_proc_ms=0.686 traceId=exp-perf5000-004146-6250f51f
zt-gateway  | [perf-request-in] ts_in=1777539092.891349 ts_out=1777539092.892020 gw_proc_ms=0.671 traceId=exp-perf5000-004148-b9debe4e
zt-gateway  | [perf-request-in] ts_in=1777539092.891378 ts_out=1777539092.892653 gw_proc_ms=1.275 traceId=exp-perf5000-004159-a80dbb5f
zt-gateway  | [perf-request-in] ts_in=1777539092.892069 ts_out=1777539092.892779 gw_proc_ms=0.710 traceId=exp-perf5000-004149-d5024033
zt-gateway  | [perf-request-in] ts_in=1777539092.892732 ts_out=1777539092.893475 gw_proc_ms=0.743 traceId=exp-perf5000-004161-d97fc74d
zt-gateway  | [perf-request-in] ts_in=1777539092.892810 ts_out=1777539092.893492 gw_proc_ms=0.682 traceId=exp-perf5000-004152-d89dc1ef
zt-gateway  | [perf-request-in] ts_in=1777539092.893539 ts_out=1777539092.894333 gw_proc_ms=0.794 traceId=exp-perf5000-004163-bf980398
zt-gateway  | [perf-request-in] ts_in=1777539092.894393 ts_out=1777539092.895117 gw_proc_ms=0.724 traceId=exp-perf5000-004165-8234e44c
zt-gateway  | [perf-request-in] ts_in=1777539092.895168 ts_out=1777539092.895819 gw_proc_ms=0.651 traceId=exp-perf5000-004167-0d93b0df
zt-gateway  | [perf-request-in] ts_in=1777539092.893521 ts_out=1777539092.896544 gw_proc_ms=3.023 traceId=exp-perf5000-004154-aa95746b
zt-gateway  | [perf-request-in] ts_in=1777539092.895862 ts_out=1777539092.897528 gw_proc_ms=1.666 traceId=exp-perf5000-004169-b27e912f
zt-gateway  | [perf-request-in] ts_in=1777539092.897746 ts_out=1777539092.898934 gw_proc_ms=1.188 traceId=exp-perf5000-004170-7676b31b
zt-gateway  | [perf-request-in] ts_in=1777539092.896660 ts_out=1777539092.899031 gw_proc_ms=2.371 traceId=exp-perf5000-004156-606004cb
zt-gateway  | [perf-request-in] ts_in=1777539092.899029 ts_out=1777539092.899775 gw_proc_ms=0.746 traceId=exp-perf5000-004173-81732783
zt-gateway  | [perf-request-in] ts_in=1777539092.899852 ts_out=1777539092.900540 gw_proc_ms=0.688 traceId=exp-perf5000-004174-a30d3ba1
zt-gateway  | [perf-request-in] ts_in=1777539092.899111 ts_out=1777539092.901212 gw_proc_ms=2.101 traceId=exp-perf5000-004158-5b3b3eca
zt-gateway  | [perf-request-in] ts_in=1777539092.900601 ts_out=1777539092.901328 gw_proc_ms=0.727 traceId=exp-perf5000-004176-8477ebe2
zt-gateway  | [perf-request-in] ts_in=1777539092.901389 ts_out=1777539092.902183 gw_proc_ms=0.794 traceId=exp-perf5000-004178-790c38be
zt-gateway  | [perf-request-in] ts_in=1777539092.902226 ts_out=1777539092.902912 gw_proc_ms=0.686 traceId=exp-perf5000-004180-fbf91776
zt-gateway  | [perf-request-in] ts_in=1777539092.901339 ts_out=1777539092.903171 gw_proc_ms=1.832 traceId=exp-perf5000-004160-e3542e17
zt-gateway  | [perf-request-in] ts_in=1777539092.902966 ts_out=1777539092.903558 gw_proc_ms=0.592 traceId=exp-perf5000-004183-699d9358
zt-gateway  | [perf-request-in] ts_in=1777539092.903274 ts_out=1777539092.904026 gw_proc_ms=0.752 traceId=exp-perf5000-004162-44a98f76
zt-gateway  | [perf-request-in] ts_in=1777539092.903600 ts_out=1777539092.904288 gw_proc_ms=0.688 traceId=exp-perf5000-004184-bc4d30e7
zt-gateway  | [perf-request-in] ts_in=1777539092.904089 ts_out=1777539092.904826 gw_proc_ms=0.737 traceId=exp-perf5000-004164-1b3775b2
zt-gateway  | [perf-request-in] ts_in=1777539092.904321 ts_out=1777539092.904963 gw_proc_ms=0.642 traceId=exp-perf5000-004187-d739e142
zt-gateway  | [perf-request-in] ts_in=1777539092.904875 ts_out=1777539092.905511 gw_proc_ms=0.636 traceId=exp-perf5000-004166-fa612220
zt-gateway  | [perf-request-in] ts_in=1777539092.905011 ts_out=1777539092.905634 gw_proc_ms=0.623 traceId=exp-perf5000-004188-4b1cc288
zt-gateway  | [perf-request-in] ts_in=1777539092.905554 ts_out=1777539092.906189 gw_proc_ms=0.635 traceId=exp-perf5000-004168-931db84e
zt-gateway  | [perf-request-in] ts_in=1777539092.905675 ts_out=1777539092.906283 gw_proc_ms=0.608 traceId=exp-perf5000-004190-de875b21
zt-gateway  | [perf-request-in] ts_in=1777539092.906228 ts_out=1777539092.906876 gw_proc_ms=0.648 traceId=exp-perf5000-004171-e7aed5d2
zt-gateway  | [perf-request-in] ts_in=1777539092.906329 ts_out=1777539092.907052 gw_proc_ms=0.723 traceId=exp-perf5000-004193-0907ddee
zt-gateway  | [perf-request-in] ts_in=1777539092.906919 ts_out=1777539092.907649 gw_proc_ms=0.730 traceId=exp-perf5000-004172-45d52941
zt-gateway  | [perf-request-in] ts_in=1777539092.907112 ts_out=1777539092.907813 gw_proc_ms=0.701 traceId=exp-perf5000-004195-9c453c66
zt-gateway  | [perf-request-in] ts_in=1777539092.907699 ts_out=1777539092.908356 gw_proc_ms=0.657 traceId=exp-perf5000-004175-c35ffab8
zt-gateway  | [perf-request-in] ts_in=1777539092.907863 ts_out=1777539092.908513 gw_proc_ms=0.650 traceId=exp-perf5000-004196-6d988fa0
zt-gateway  | [perf-request-in] ts_in=1777539092.908403 ts_out=1777539092.909053 gw_proc_ms=0.650 traceId=exp-perf5000-004177-15cf78a7
zt-gateway  | [perf-request-in] ts_in=1777539092.908557 ts_out=1777539092.909217 gw_proc_ms=0.660 traceId=exp-perf5000-004198-1dfff210
zt-gateway  | [perf-request-in] ts_in=1777539092.909099 ts_out=1777539092.909762 gw_proc_ms=0.663 traceId=exp-perf5000-004179-ec9b42f0
zt-gateway  | [perf-request-in] ts_in=1777539092.909258 ts_out=1777539092.909894 gw_proc_ms=0.636 traceId=exp-perf5000-004200-56e0e74b
zt-gateway  | [perf-request-in] ts_in=1777539092.909806 ts_out=1777539092.910425 gw_proc_ms=0.619 traceId=exp-perf5000-004181-b40785ec
zt-gateway  | [perf-request-in] ts_in=1777539092.909932 ts_out=1777539092.910540 gw_proc_ms=0.608 traceId=exp-perf5000-004202-bfc5c5df
zt-gateway  | [perf-request-in] ts_in=1777539092.910462 ts_out=1777539092.911118 gw_proc_ms=0.656 traceId=exp-perf5000-004182-387ad622
zt-gateway  | [perf-request-in] ts_in=1777539092.910592 ts_out=1777539092.911232 gw_proc_ms=0.640 traceId=exp-perf5000-004204-3ac9e16a
zt-gateway  | [perf-request-in] ts_in=1777539092.911273 ts_out=1777539092.911937 gw_proc_ms=0.664 traceId=exp-perf5000-004206-87c63807
zt-gateway  | [perf-request-in] ts_in=1777539092.911159 ts_out=1777539092.911996 gw_proc_ms=0.837 traceId=exp-perf5000-004185-719e50eb
zt-gateway  | [perf-request-in] ts_in=1777539092.911974 ts_out=1777539092.912643 gw_proc_ms=0.669 traceId=exp-perf5000-004208-5e77c6cb
zt-gateway  | [perf-request-in] ts_in=1777539092.912228 ts_out=1777539092.912919 gw_proc_ms=0.691 traceId=exp-perf5000-004186-444c8283
zt-gateway  | [perf-request-in] ts_in=1777539092.912684 ts_out=1777539092.913316 gw_proc_ms=0.632 traceId=exp-perf5000-004210-205bc1c2
zt-gateway  | [perf-request-in] ts_in=1777539092.912968 ts_out=1777539092.913652 gw_proc_ms=0.684 traceId=exp-perf5000-004189-2e0d8ca5
zt-gateway  | [perf-request-in] ts_in=1777539092.913355 ts_out=1777539092.914024 gw_proc_ms=0.669 traceId=exp-perf5000-004211-23fad8b7
zt-gateway  | [perf-request-in] ts_in=1777539092.913689 ts_out=1777539092.914327 gw_proc_ms=0.638 traceId=exp-perf5000-004191-775a26c6
zt-gateway  | [perf-request-in] ts_in=1777539092.914060 ts_out=1777539092.914729 gw_proc_ms=0.669 traceId=exp-perf5000-004214-57e33523
zt-gateway  | [perf-request-in] ts_in=1777539092.914371 ts_out=1777539092.915130 gw_proc_ms=0.759 traceId=exp-perf5000-004192-6b2b07b5
zt-gateway  | [perf-request-in] ts_in=1777539092.914771 ts_out=1777539092.915388 gw_proc_ms=0.617 traceId=exp-perf5000-004215-6887dbd8
zt-gateway  | [perf-request-in] ts_in=1777539092.915180 ts_out=1777539092.915853 gw_proc_ms=0.673 traceId=exp-perf5000-004194-9c26124b
zt-gateway  | [perf-request-in] ts_in=1777539092.915429 ts_out=1777539092.916101 gw_proc_ms=0.672 traceId=exp-perf5000-004216-9b59d672
zt-gateway  | [perf-request-in] ts_in=1777539092.915891 ts_out=1777539092.916520 gw_proc_ms=0.629 traceId=exp-perf5000-004197-25b72dbe
zt-gateway  | [perf-request-in] ts_in=1777539092.916140 ts_out=1777539092.916774 gw_proc_ms=0.634 traceId=exp-perf5000-004218-bae8497c
zt-gateway  | [perf-request-in] ts_in=1777539092.916554 ts_out=1777539092.917403 gw_proc_ms=0.849 traceId=exp-perf5000-004199-09451c05
zt-gateway  | [perf-request-in] ts_in=1777539092.916816 ts_out=1777539092.917449 gw_proc_ms=0.633 traceId=exp-perf5000-004219-cb7b30a8
zt-gateway  | [perf-request-in] ts_in=1777539092.917484 ts_out=1777539092.918170 gw_proc_ms=0.686 traceId=exp-perf5000-004221-4f3207af
zt-gateway  | [perf-request-in] ts_in=1777539092.917447 ts_out=1777539092.918411 gw_proc_ms=0.964 traceId=exp-perf5000-004201-648e5741
zt-gateway  | [perf-request-in] ts_in=1777539092.918210 ts_out=1777539092.918862 gw_proc_ms=0.652 traceId=exp-perf5000-004223-d5bdd98f
zt-gateway  | [perf-request-in] ts_in=1777539092.918581 ts_out=1777539092.919351 gw_proc_ms=0.770 traceId=exp-perf5000-004203-95347df1
zt-gateway  | [perf-request-in] ts_in=1777539092.918903 ts_out=1777539092.919545 gw_proc_ms=0.642 traceId=exp-perf5000-004224-87fdb5b4
zt-gateway  | [perf-request-in] ts_in=1777539092.919398 ts_out=1777539092.920049 gw_proc_ms=0.651 traceId=exp-perf5000-004205-f3b83d5c
zt-gateway  | [perf-request-in] ts_in=1777539092.919587 ts_out=1777539092.920222 gw_proc_ms=0.635 traceId=exp-perf5000-004226-3fbc98d0
zt-gateway  | [perf-request-in] ts_in=1777539092.920087 ts_out=1777539092.920730 gw_proc_ms=0.643 traceId=exp-perf5000-004207-0b9c75b9
zt-gateway  | [perf-request-in] ts_in=1777539092.920256 ts_out=1777539092.921015 gw_proc_ms=0.759 traceId=exp-perf5000-004228-1391cf33
zt-gateway  | [perf-request-in] ts_in=1777539092.920759 ts_out=1777539092.921425 gw_proc_ms=0.666 traceId=exp-perf5000-004209-31b53024
zt-gateway  | [perf-request-in] ts_in=1777539092.921044 ts_out=1777539092.921674 gw_proc_ms=0.630 traceId=exp-perf5000-004231-7473be33
zt-gateway  | [perf-request-in] ts_in=1777539092.921478 ts_out=1777539092.922109 gw_proc_ms=0.631 traceId=exp-perf5000-004212-4e6857b3
zt-gateway  | [perf-request-in] ts_in=1777539092.921702 ts_out=1777539092.922301 gw_proc_ms=0.599 traceId=exp-perf5000-004233-8e2a396c
zt-gateway  | [perf-request-in] ts_in=1777539092.922141 ts_out=1777539092.922765 gw_proc_ms=0.624 traceId=exp-perf5000-004213-35a84110
zt-gateway  | [perf-request-in] ts_in=1777539092.922332 ts_out=1777539092.922957 gw_proc_ms=0.625 traceId=exp-perf5000-004234-8b097fb8
zt-gateway  | [perf-request-in] ts_in=1777539092.922798 ts_out=1777539092.923394 gw_proc_ms=0.596 traceId=exp-perf5000-004217-a0b1e123
zt-gateway  | [perf-request-in] ts_in=1777539092.922985 ts_out=1777539092.923583 gw_proc_ms=0.598 traceId=exp-perf5000-004235-27b02afa
zt-gateway  | [perf-request-in] ts_in=1777539092.923421 ts_out=1777539092.924041 gw_proc_ms=0.620 traceId=exp-perf5000-004220-9c75d2d8
zt-gateway  | [perf-request-in] ts_in=1777539092.923614 ts_out=1777539092.924221 gw_proc_ms=0.607 traceId=exp-perf5000-004236-3d3d06f2
zt-gateway  | [perf-request-in] ts_in=1777539092.924072 ts_out=1777539092.924704 gw_proc_ms=0.632 traceId=exp-perf5000-004222-1c4a80de
zt-gateway  | [perf-request-in] ts_in=1777539092.924249 ts_out=1777539092.924892 gw_proc_ms=0.643 traceId=exp-perf5000-004238-27e279c8
zt-gateway  | [perf-request-in] ts_in=1777539092.924737 ts_out=1777539092.925336 gw_proc_ms=0.599 traceId=exp-perf5000-004225-05285abf
zt-gateway  | [perf-request-in] ts_in=1777539092.924923 ts_out=1777539092.925522 gw_proc_ms=0.599 traceId=exp-perf5000-004240-5e6914e2
zt-gateway  | [perf-request-in] ts_in=1777539092.925364 ts_out=1777539092.926070 gw_proc_ms=0.706 traceId=exp-perf5000-004227-9a20fd8c
zt-gateway  | [perf-request-in] ts_in=1777539092.925559 ts_out=1777539092.926221 gw_proc_ms=0.662 traceId=exp-perf5000-004241-11cfa749
zt-gateway  | [perf-request-in] ts_in=1777539092.926101 ts_out=1777539092.926719 gw_proc_ms=0.618 traceId=exp-perf5000-004229-3b6d74f9
zt-gateway  | [perf-request-in] ts_in=1777539092.926257 ts_out=1777539092.926869 gw_proc_ms=0.612 traceId=exp-perf5000-004243-00ffe91e
zt-gateway  | [perf-request-in] ts_in=1777539092.926750 ts_out=1777539092.927347 gw_proc_ms=0.597 traceId=exp-perf5000-004230-3dd5d861
zt-gateway  | [perf-request-in] ts_in=1777539092.926903 ts_out=1777539092.927499 gw_proc_ms=0.596 traceId=exp-perf5000-004246-846118ce
zt-gateway  | [perf-request-in] ts_in=1777539092.927378 ts_out=1777539092.927988 gw_proc_ms=0.610 traceId=exp-perf5000-004232-458c3a7f
zt-gateway  | [perf-request-in] ts_in=1777539092.927532 ts_out=1777539092.928154 gw_proc_ms=0.622 traceId=exp-perf5000-004249-0740f380
zt-gateway  | [perf-request-in] ts_in=1777539092.928022 ts_out=1777539092.928637 gw_proc_ms=0.615 traceId=exp-perf5000-004237-cfa3673e
zt-gateway  | [perf-request-in] ts_in=1777539092.928187 ts_out=1777539092.928806 gw_proc_ms=0.619 traceId=exp-perf5000-004252-372f1b6e
zt-gateway  | [perf-request-in] ts_in=1777539092.928670 ts_out=1777539092.929275 gw_proc_ms=0.605 traceId=exp-perf5000-004239-0ca40c28
zt-gateway  | [perf-request-in] ts_in=1777539092.928843 ts_out=1777539092.929440 gw_proc_ms=0.597 traceId=exp-perf5000-004254-a9ea6bd5
zt-gateway  | [perf-request-in] ts_in=1777539092.929306 ts_out=1777539092.929930 gw_proc_ms=0.624 traceId=exp-perf5000-004242-587b22c1
zt-gateway  | [perf-request-in] ts_in=1777539092.929474 ts_out=1777539092.930110 gw_proc_ms=0.636 traceId=exp-perf5000-004256-9ee60856
zt-gateway  | [perf-request-in] ts_in=1777539092.929960 ts_out=1777539092.930591 gw_proc_ms=0.631 traceId=exp-perf5000-004244-6abba19c
zt-gateway  | [perf-request-in] ts_in=1777539092.930177 ts_out=1777539092.930850 gw_proc_ms=0.673 traceId=exp-perf5000-004258-171b30c7
zt-gateway  | [perf-request-in] ts_in=1777539092.930622 ts_out=1777539092.931301 gw_proc_ms=0.679 traceId=exp-perf5000-004245-9019147b
zt-gateway  | [perf-request-in] ts_in=1777539092.930897 ts_out=1777539092.931541 gw_proc_ms=0.644 traceId=exp-perf5000-004259-d5186e01
zt-gateway  | [perf-request-in] ts_in=1777539092.931361 ts_out=1777539092.932074 gw_proc_ms=0.713 traceId=exp-perf5000-004247-4c4cdc3c
zt-gateway  | [perf-request-in] ts_in=1777539092.931586 ts_out=1777539092.932241 gw_proc_ms=0.655 traceId=exp-perf5000-004260-25b08b8a
zt-gateway  | [perf-request-in] ts_in=1777539092.932116 ts_out=1777539092.932803 gw_proc_ms=0.687 traceId=exp-perf5000-004248-f2ed291a
zt-gateway  | [perf-request-in] ts_in=1777539092.932286 ts_out=1777539092.932943 gw_proc_ms=0.657 traceId=exp-perf5000-004262-3abf2b41
zt-gateway  | [perf-request-in] ts_in=1777539092.932843 ts_out=1777539092.933604 gw_proc_ms=0.761 traceId=exp-perf5000-004250-ae554b91
zt-gateway  | [perf-request-in] ts_in=1777539092.932981 ts_out=1777539092.933641 gw_proc_ms=0.660 traceId=exp-perf5000-004263-29c8ee55
zt-gateway  | [perf-request-in] ts_in=1777539092.933637 ts_out=1777539092.934266 gw_proc_ms=0.629 traceId=exp-perf5000-004251-1e926a25
zt-gateway  | [perf-request-in] ts_in=1777539092.933679 ts_out=1777539092.934307 gw_proc_ms=0.628 traceId=exp-perf5000-004265-a133ca03
zt-gateway  | [perf-request-in] ts_in=1777539092.934299 ts_out=1777539092.934937 gw_proc_ms=0.638 traceId=exp-perf5000-004253-9c8b8596
zt-gateway  | [perf-request-in] ts_in=1777539092.934339 ts_out=1777539092.935001 gw_proc_ms=0.662 traceId=exp-perf5000-004267-b08fd5f4
zt-gateway  | [perf-request-in] ts_in=1777539092.934968 ts_out=1777539092.935598 gw_proc_ms=0.630 traceId=exp-perf5000-004255-677b5f92
zt-gateway  | [perf-request-in] ts_in=1777539092.935038 ts_out=1777539092.935682 gw_proc_ms=0.644 traceId=exp-perf5000-004268-3ddac2a0
zt-gateway  | [perf-request-in] ts_in=1777539092.935628 ts_out=1777539092.936283 gw_proc_ms=0.655 traceId=exp-perf5000-004257-f7cf48ad
zt-gateway  | [perf-request-in] ts_in=1777539092.935722 ts_out=1777539092.936354 gw_proc_ms=0.632 traceId=exp-perf5000-004269-457b6a5b
zt-gateway  | [perf-request-in] ts_in=1777539092.936320 ts_out=1777539092.936926 gw_proc_ms=0.606 traceId=exp-perf5000-004261-97465a1c
zt-gateway  | [perf-request-in] ts_in=1777539092.936386 ts_out=1777539092.937019 gw_proc_ms=0.633 traceId=exp-perf5000-004270-61d32056
zt-gateway  | [perf-request-in] ts_in=1777539092.936959 ts_out=1777539092.937582 gw_proc_ms=0.623 traceId=exp-perf5000-004264-08276b05
zt-gateway  | [perf-request-in] ts_in=1777539092.937052 ts_out=1777539092.937677 gw_proc_ms=0.625 traceId=exp-perf5000-004272-914bcece
zt-gateway  | [perf-request-in] ts_in=1777539092.937615 ts_out=1777539092.938228 gw_proc_ms=0.613 traceId=exp-perf5000-004266-6d30a98a
zt-gateway  | [perf-request-in] ts_in=1777539092.937706 ts_out=1777539092.938338 gw_proc_ms=0.632 traceId=exp-perf5000-004273-2be6d565
zt-gateway  | [perf-request-in] ts_in=1777539092.938260 ts_out=1777539092.938875 gw_proc_ms=0.615 traceId=exp-perf5000-004271-c2a23519
zt-gateway  | [perf-request-in] ts_in=1777539092.938376 ts_out=1777539092.939020 gw_proc_ms=0.644 traceId=exp-perf5000-004276-92368ba6
zt-gateway  | [perf-request-in] ts_in=1777539092.938908 ts_out=1777539092.939511 gw_proc_ms=0.603 traceId=exp-perf5000-004274-e50fcb9f
zt-gateway  | [perf-request-in] ts_in=1777539092.939051 ts_out=1777539092.939696 gw_proc_ms=0.645 traceId=exp-perf5000-004278-0ab4b139
zt-gateway  | [perf-request-in] ts_in=1777539092.939541 ts_out=1777539092.940158 gw_proc_ms=0.617 traceId=exp-perf5000-004275-2f277983
zt-gateway  | [perf-request-in] ts_in=1777539092.939729 ts_out=1777539092.940363 gw_proc_ms=0.634 traceId=exp-perf5000-004280-ea201480
zt-gateway  | [perf-request-in] ts_in=1777539092.940188 ts_out=1777539092.940803 gw_proc_ms=0.615 traceId=exp-perf5000-004277-3a4b27f9
zt-gateway  | [perf-request-in] ts_in=1777539092.940399 ts_out=1777539092.941056 gw_proc_ms=0.657 traceId=exp-perf5000-004282-4de802cc
zt-gateway  | [perf-request-in] ts_in=1777539092.940834 ts_out=1777539092.941458 gw_proc_ms=0.624 traceId=exp-perf5000-004279-7243209f
zt-gateway  | [perf-request-in] ts_in=1777539092.941168 ts_out=1777539092.941835 gw_proc_ms=0.667 traceId=exp-perf5000-004284-c2b44074
zt-gateway  | [perf-request-in] ts_in=1777539092.941491 ts_out=1777539092.942191 gw_proc_ms=0.700 traceId=exp-perf5000-004281-ca3cfe61
zt-gateway  | [perf-request-in] ts_in=1777539092.941872 ts_out=1777539092.942505 gw_proc_ms=0.633 traceId=exp-perf5000-004286-6a4d23ca
zt-gateway  | [perf-request-in] ts_in=1777539092.942239 ts_out=1777539092.942896 gw_proc_ms=0.657 traceId=exp-perf5000-004283-47dd899d
zt-gateway  | [perf-request-in] ts_in=1777539092.942540 ts_out=1777539092.943174 gw_proc_ms=0.634 traceId=exp-perf5000-004288-fd9136cf
zt-gateway  | [perf-request-in] ts_in=1777539092.942962 ts_out=1777539092.943618 gw_proc_ms=0.656 traceId=exp-perf5000-004285-c90f4fb6
zt-gateway  | [perf-request-in] ts_in=1777539092.943209 ts_out=1777539092.943982 gw_proc_ms=0.773 traceId=exp-perf5000-004290-acbc3740
zt-gateway  | [perf-request-in] ts_in=1777539092.943652 ts_out=1777539092.944260 gw_proc_ms=0.608 traceId=exp-perf5000-004287-c4d01c85
zt-gateway  | [perf-request-in] ts_in=1777539092.944016 ts_out=1777539092.944617 gw_proc_ms=0.601 traceId=exp-perf5000-004292-18bd5df7
zt-gateway  | [perf-request-in] ts_in=1777539092.944289 ts_out=1777539092.944894 gw_proc_ms=0.605 traceId=exp-perf5000-004289-5226d4ff
zt-gateway  | [perf-request-in] ts_in=1777539092.944644 ts_out=1777539092.945233 gw_proc_ms=0.589 traceId=exp-perf5000-004294-71598fca
zt-gateway  | [perf-request-in] ts_in=1777539092.944924 ts_out=1777539092.945521 gw_proc_ms=0.597 traceId=exp-perf5000-004291-2b594aca
zt-gateway  | [perf-request-in] ts_in=1777539092.945260 ts_out=1777539092.945844 gw_proc_ms=0.584 traceId=exp-perf5000-004295-bc1839ad
zt-gateway  | [perf-request-in] ts_in=1777539092.945547 ts_out=1777539092.946142 gw_proc_ms=0.595 traceId=exp-perf5000-004293-10a6c86d
zt-gateway  | [perf-request-in] ts_in=1777539092.945873 ts_out=1777539092.946451 gw_proc_ms=0.578 traceId=exp-perf5000-004297-3778117d
zt-gateway  | [perf-request-in] ts_in=1777539092.946166 ts_out=1777539092.946760 gw_proc_ms=0.594 traceId=exp-perf5000-004296-ff1097f4
zt-gateway  | [perf-request-in] ts_in=1777539092.946476 ts_out=1777539092.947072 gw_proc_ms=0.596 traceId=exp-perf5000-004299-bf215fd9
zt-gateway  | [perf-request-in] ts_in=1777539092.946789 ts_out=1777539092.947376 gw_proc_ms=0.587 traceId=exp-perf5000-004298-4be523a6
zt-gateway  | [perf-request-in] ts_in=1777539092.947100 ts_out=1777539092.947685 gw_proc_ms=0.585 traceId=exp-perf5000-004301-6ece2ecc
zt-gateway  | [perf-request-in] ts_in=1777539092.947402 ts_out=1777539092.947997 gw_proc_ms=0.595 traceId=exp-perf5000-004300-2c12312f
zt-gateway  | [perf-request-in] ts_in=1777539092.947712 ts_out=1777539092.948292 gw_proc_ms=0.580 traceId=exp-perf5000-004303-df854b42
zt-gateway  | [perf-request-in] ts_in=1777539092.948023 ts_out=1777539092.948642 gw_proc_ms=0.619 traceId=exp-perf5000-004302-b9cb6974
zt-gateway  | [perf-request-in] ts_in=1777539092.948322 ts_out=1777539092.948951 gw_proc_ms=0.629 traceId=exp-perf5000-004305-9992b260
zt-gateway  | [perf-request-in] ts_in=1777539092.948669 ts_out=1777539092.949288 gw_proc_ms=0.619 traceId=exp-perf5000-004304-be5c1f1f
zt-gateway  | [perf-request-in] ts_in=1777539092.948979 ts_out=1777539092.949610 gw_proc_ms=0.631 traceId=exp-perf5000-004307-bebd065d
zt-gateway  | [perf-request-in] ts_in=1777539092.949318 ts_out=1777539092.949943 gw_proc_ms=0.625 traceId=exp-perf5000-004306-500079d3
zt-gateway  | [perf-request-in] ts_in=1777539092.949647 ts_out=1777539092.950250 gw_proc_ms=0.603 traceId=exp-perf5000-004309-1871be1b
zt-gateway  | [perf-request-in] ts_in=1777539092.949980 ts_out=1777539092.950600 gw_proc_ms=0.620 traceId=exp-perf5000-004308-06473ce8
zt-gateway  | [perf-request-in] ts_in=1777539092.950283 ts_out=1777539092.950904 gw_proc_ms=0.621 traceId=exp-perf5000-004311-e62fc175
zt-gateway  | [perf-request-in] ts_in=1777539092.950633 ts_out=1777539092.951241 gw_proc_ms=0.608 traceId=exp-perf5000-004310-fe620f06
zt-gateway  | [perf-request-in] ts_in=1777539092.950933 ts_out=1777539092.951526 gw_proc_ms=0.593 traceId=exp-perf5000-004312-64f33262
zt-gateway  | [perf-request-in] ts_in=1777539092.951267 ts_out=1777539092.951881 gw_proc_ms=0.614 traceId=exp-perf5000-004313-82498a4e
zt-gateway  | [perf-request-in] ts_in=1777539092.951551 ts_out=1777539092.952176 gw_proc_ms=0.625 traceId=exp-perf5000-004314-85ec5a7f
zt-gateway  | [perf-request-in] ts_in=1777539092.951914 ts_out=1777539092.952526 gw_proc_ms=0.612 traceId=exp-perf5000-004315-448f0080
zt-gateway  | [perf-request-in] ts_in=1777539092.952205 ts_out=1777539092.952821 gw_proc_ms=0.616 traceId=exp-perf5000-004316-0931eae8
zt-gateway  | [perf-request-in] ts_in=1777539092.952552 ts_out=1777539092.953168 gw_proc_ms=0.616 traceId=exp-perf5000-004317-7abf562a
zt-gateway  | [perf-request-in] ts_in=1777539092.952847 ts_out=1777539092.953446 gw_proc_ms=0.599 traceId=exp-perf5000-004318-08003667
zt-gateway  | [perf-request-in] ts_in=1777539092.953207 ts_out=1777539092.954015 gw_proc_ms=0.808 traceId=exp-perf5000-004319-fa571533
zt-gateway  | [perf-request-in] ts_in=1777539092.953470 ts_out=1777539092.954096 gw_proc_ms=0.626 traceId=exp-perf5000-004320-863c9c22
zt-gateway  | [perf-request-in] ts_in=1777539092.954051 ts_out=1777539092.954670 gw_proc_ms=0.619 traceId=exp-perf5000-004321-52efd389
zt-gateway  | [perf-request-in] ts_in=1777539092.954132 ts_out=1777539092.954751 gw_proc_ms=0.619 traceId=exp-perf5000-004322-26f36818
zt-gateway  | [perf-request-in] ts_in=1777539092.954706 ts_out=1777539092.955339 gw_proc_ms=0.633 traceId=exp-perf5000-004323-ca61bdac
zt-gateway  | [perf-request-in] ts_in=1777539092.954788 ts_out=1777539092.955421 gw_proc_ms=0.633 traceId=exp-perf5000-004324-e3e519d9
zt-gateway  | [perf-request-in] ts_in=1777539092.955378 ts_out=1777539092.956009 gw_proc_ms=0.631 traceId=exp-perf5000-004325-db4792b3
zt-gateway  | [perf-request-in] ts_in=1777539092.955459 ts_out=1777539092.956078 gw_proc_ms=0.619 traceId=exp-perf5000-004326-0ea02b91
zt-gateway  | [perf-request-in] ts_in=1777539092.956040 ts_out=1777539092.956670 gw_proc_ms=0.630 traceId=exp-perf5000-004327-389fbba5
zt-gateway  | [perf-request-in] ts_in=1777539092.956114 ts_out=1777539092.956744 gw_proc_ms=0.630 traceId=exp-perf5000-004328-886319c6
zt-gateway  | [perf-request-in] ts_in=1777539092.956707 ts_out=1777539092.957323 gw_proc_ms=0.616 traceId=exp-perf5000-004329-f17286c0
zt-gateway  | [perf-request-in] ts_in=1777539092.956776 ts_out=1777539092.957376 gw_proc_ms=0.600 traceId=exp-perf5000-004330-684d1dc4
zt-gateway  | [perf-request-in] ts_in=1777539092.957357 ts_out=1777539092.957995 gw_proc_ms=0.638 traceId=exp-perf5000-004331-ef7dc4cc
zt-gateway  | [perf-request-in] ts_in=1777539092.957413 ts_out=1777539092.958035 gw_proc_ms=0.622 traceId=exp-perf5000-004332-9d568f97
zt-gateway  | [perf-request-in] ts_in=1777539092.958029 ts_out=1777539092.958680 gw_proc_ms=0.651 traceId=exp-perf5000-004333-710bccd6
zt-gateway  | [perf-request-in] ts_in=1777539092.958070 ts_out=1777539092.958806 gw_proc_ms=0.736 traceId=exp-perf5000-004334-35d763fb
zt-gateway  | [perf-request-in] ts_in=1777539092.958711 ts_out=1777539092.959319 gw_proc_ms=0.608 traceId=exp-perf5000-004335-6f74e209
zt-gateway  | [perf-request-in] ts_in=1777539092.958857 ts_out=1777539092.959523 gw_proc_ms=0.666 traceId=exp-perf5000-004336-4bd9963d
zt-gateway  | [perf-request-in] ts_in=1777539092.959352 ts_out=1777539092.959994 gw_proc_ms=0.642 traceId=exp-perf5000-004337-d31e3fb6
zt-gateway  | [perf-request-in] ts_in=1777539092.959567 ts_out=1777539092.960240 gw_proc_ms=0.673 traceId=exp-perf5000-004338-2018b161
zt-gateway  | [perf-request-in] ts_in=1777539092.960033 ts_out=1777539092.960704 gw_proc_ms=0.671 traceId=exp-perf5000-004339-6b6d075d
zt-gateway  | [perf-request-in] ts_in=1777539092.960276 ts_out=1777539092.961036 gw_proc_ms=0.760 traceId=exp-perf5000-004340-958c3a88
zt-gateway  | [perf-request-in] ts_in=1777539092.960742 ts_out=1777539092.961369 gw_proc_ms=0.627 traceId=exp-perf5000-004341-76741cef
zt-gateway  | [perf-request-in] ts_in=1777539092.961092 ts_out=1777539092.961781 gw_proc_ms=0.689 traceId=exp-perf5000-004342-91736bd7
zt-gateway  | [perf-request-in] ts_in=1777539092.961402 ts_out=1777539092.962039 gw_proc_ms=0.637 traceId=exp-perf5000-004343-0fe42cba
zt-gateway  | [perf-request-in] ts_in=1777539092.961826 ts_out=1777539092.962477 gw_proc_ms=0.651 traceId=exp-perf5000-004344-2ea9c135
zt-gateway  | [perf-request-in] ts_in=1777539092.962070 ts_out=1777539092.962691 gw_proc_ms=0.621 traceId=exp-perf5000-004345-ef8fab51
zt-gateway  | [perf-request-in] ts_in=1777539092.962517 ts_out=1777539092.963163 gw_proc_ms=0.646 traceId=exp-perf5000-004346-d7f63b30
zt-gateway  | [perf-request-in] ts_in=1777539092.962716 ts_out=1777539092.963322 gw_proc_ms=0.606 traceId=exp-perf5000-004347-13da0cb0
zt-gateway  | [perf-request-in] ts_in=1777539092.963199 ts_out=1777539092.963858 gw_proc_ms=0.659 traceId=exp-perf5000-004348-4b788f65
zt-gateway  | [perf-request-in] ts_in=1777539092.963353 ts_out=1777539092.964062 gw_proc_ms=0.709 traceId=exp-perf5000-004349-50ea33f7
zt-gateway  | [perf-request-in] ts_in=1777539092.963888 ts_out=1777539092.964583 gw_proc_ms=0.695 traceId=exp-perf5000-004350-f90747c1
zt-gateway  | [perf-request-in] ts_in=1777539092.964113 ts_out=1777539092.964815 gw_proc_ms=0.702 traceId=exp-perf5000-004351-19a8cabe
zt-gateway  | [perf-request-in] ts_in=1777539092.964614 ts_out=1777539092.965379 gw_proc_ms=0.765 traceId=exp-perf5000-004352-5034268b
zt-gateway  | [perf-request-in] ts_in=1777539092.964856 ts_out=1777539092.965514 gw_proc_ms=0.658 traceId=exp-perf5000-004353-bdf83022
zt-gateway  | [perf-request-in] ts_in=1777539092.965413 ts_out=1777539092.966053 gw_proc_ms=0.640 traceId=exp-perf5000-004354-f230190e
zt-gateway  | [perf-request-in] ts_in=1777539092.965550 ts_out=1777539092.966214 gw_proc_ms=0.664 traceId=exp-perf5000-004355-9816d9f9
zt-gateway  | [perf-request-in] ts_in=1777539092.966087 ts_out=1777539092.966718 gw_proc_ms=0.631 traceId=exp-perf5000-004356-c65b8fab
zt-gateway  | [perf-request-in] ts_in=1777539092.966251 ts_out=1777539092.966894 gw_proc_ms=0.643 traceId=exp-perf5000-004357-4433aa16
zt-gateway  | [perf-request-in] ts_in=1777539092.966751 ts_out=1777539092.967364 gw_proc_ms=0.613 traceId=exp-perf5000-004358-c15a11b0
zt-gateway  | [perf-request-in] ts_in=1777539092.966933 ts_out=1777539092.967580 gw_proc_ms=0.647 traceId=exp-perf5000-004360-5c7bead1
zt-gateway  | [perf-request-in] ts_in=1777539092.967398 ts_out=1777539092.968036 gw_proc_ms=0.638 traceId=exp-perf5000-004359-0454581a
zt-gateway  | [perf-request-in] ts_in=1777539092.967614 ts_out=1777539092.968261 gw_proc_ms=0.647 traceId=exp-perf5000-004361-456e291f
zt-gateway  | [perf-request-in] ts_in=1777539092.968070 ts_out=1777539092.968719 gw_proc_ms=0.649 traceId=exp-perf5000-004362-dd837606
zt-gateway  | [perf-request-in] ts_in=1777539092.968298 ts_out=1777539092.968986 gw_proc_ms=0.688 traceId=exp-perf5000-004363-9cb39145
zt-gateway  | [perf-request-in] ts_in=1777539092.968750 ts_out=1777539092.969437 gw_proc_ms=0.687 traceId=exp-perf5000-004364-5e99300a
zt-gateway  | [perf-request-in] ts_in=1777539092.969025 ts_out=1777539092.969669 gw_proc_ms=0.644 traceId=exp-perf5000-004365-aeb7dc07
zt-gateway  | [perf-request-in] ts_in=1777539092.969480 ts_out=1777539092.970159 gw_proc_ms=0.679 traceId=exp-perf5000-004366-8f274127
zt-gateway  | [perf-request-in] ts_in=1777539092.969704 ts_out=1777539092.970336 gw_proc_ms=0.632 traceId=exp-perf5000-004367-a2064a5f
zt-gateway  | [perf-request-in] ts_in=1777539092.970197 ts_out=1777539092.970839 gw_proc_ms=0.642 traceId=exp-perf5000-004368-f2e5daac
zt-gateway  | [perf-request-in] ts_in=1777539092.970373 ts_out=1777539092.971009 gw_proc_ms=0.636 traceId=exp-perf5000-004370-377d3f9e
zt-gateway  | [perf-request-in] ts_in=1777539092.970871 ts_out=1777539092.971486 gw_proc_ms=0.615 traceId=exp-perf5000-004369-5e6ee384
zt-gateway  | [perf-request-in] ts_in=1777539092.971040 ts_out=1777539092.971641 gw_proc_ms=0.601 traceId=exp-perf5000-004371-03973ec4
zt-gateway  | [perf-request-in] ts_in=1777539092.971514 ts_out=1777539092.972111 gw_proc_ms=0.597 traceId=exp-perf5000-004372-68426483
zt-gateway  | [perf-request-in] ts_in=1777539092.971665 ts_out=1777539092.972260 gw_proc_ms=0.595 traceId=exp-perf5000-004373-514403fe
zt-gateway  | [perf-request-in] ts_in=1777539092.972286 ts_out=1777539092.972969 gw_proc_ms=0.683 traceId=exp-perf5000-004375-ba64e031
zt-gateway  | [perf-request-in] ts_in=1777539092.972141 ts_out=1777539092.973174 gw_proc_ms=1.033 traceId=exp-perf5000-004374-2f3acb25
zt-gateway  | [perf-request-in] ts_in=1777539092.973003 ts_out=1777539092.973626 gw_proc_ms=0.623 traceId=exp-perf5000-004377-57eef6a0
zt-gateway  | [perf-request-in] ts_in=1777539092.973216 ts_out=1777539092.973855 gw_proc_ms=0.639 traceId=exp-perf5000-004376-776b8f18
zt-gateway  | [perf-request-in] ts_in=1777539092.973658 ts_out=1777539092.974449 gw_proc_ms=0.791 traceId=exp-perf5000-004379-a8cb9c9e
zt-gateway  | [perf-request-in] ts_in=1777539092.973892 ts_out=1777539092.974466 gw_proc_ms=0.574 traceId=exp-perf5000-004378-8ee447bc
zt-gateway  | [perf-request-in] ts_in=1777539092.974502 ts_out=1777539092.975111 gw_proc_ms=0.609 traceId=exp-perf5000-004380-cab806b4
zt-gateway  | [perf-request-in] ts_in=1777539092.974497 ts_out=1777539092.975135 gw_proc_ms=0.638 traceId=exp-perf5000-004381-85cc33ba
zt-gateway  | [perf-request-in] ts_in=1777539092.975151 ts_out=1777539092.975785 gw_proc_ms=0.634 traceId=exp-perf5000-004382-1e49c7a9
zt-gateway  | [perf-request-in] ts_in=1777539092.975177 ts_out=1777539092.975832 gw_proc_ms=0.655 traceId=exp-perf5000-004383-58e61b66
zt-gateway  | [perf-request-in] ts_in=1777539092.975819 ts_out=1777539092.976436 gw_proc_ms=0.617 traceId=exp-perf5000-004384-8607dd16
zt-gateway  | [perf-request-in] ts_in=1777539092.975875 ts_out=1777539092.976599 gw_proc_ms=0.724 traceId=exp-perf5000-004385-4c8c8054
zt-gateway  | [perf-request-in] ts_in=1777539092.976474 ts_out=1777539092.977102 gw_proc_ms=0.628 traceId=exp-perf5000-004386-0d89e961
zt-gateway  | [perf-request-in] ts_in=1777539092.976644 ts_out=1777539092.977292 gw_proc_ms=0.648 traceId=exp-perf5000-004387-1e08aa61
zt-gateway  | [perf-request-in] ts_in=1777539092.977139 ts_out=1777539092.977761 gw_proc_ms=0.622 traceId=exp-perf5000-004388-61cdc9f7
zt-gateway  | [perf-request-in] ts_in=1777539092.977331 ts_out=1777539092.978002 gw_proc_ms=0.671 traceId=exp-perf5000-004389-11e88db1
zt-gateway  | [perf-request-in] ts_in=1777539092.977796 ts_out=1777539092.978435 gw_proc_ms=0.639 traceId=exp-perf5000-004390-a58d17b9
zt-gateway  | [perf-request-in] ts_in=1777539092.978044 ts_out=1777539092.978692 gw_proc_ms=0.648 traceId=exp-perf5000-004391-513d75a4
zt-gateway  | [perf-request-in] ts_in=1777539092.978463 ts_out=1777539092.979101 gw_proc_ms=0.638 traceId=exp-perf5000-004392-2aa9ef97
zt-gateway  | [perf-request-in] ts_in=1777539092.978728 ts_out=1777539092.979390 gw_proc_ms=0.662 traceId=exp-perf5000-004393-ea83f4e5
zt-gateway  | [perf-request-in] ts_in=1777539092.979134 ts_out=1777539092.979782 gw_proc_ms=0.648 traceId=exp-perf5000-004394-a861b836
zt-gateway  | [perf-request-in] ts_in=1777539092.979437 ts_out=1777539092.980129 gw_proc_ms=0.692 traceId=exp-perf5000-004395-4719ede9
zt-gateway  | [perf-request-in] ts_in=1777539092.979814 ts_out=1777539092.980433 gw_proc_ms=0.619 traceId=exp-perf5000-004396-7ded6483
zt-gateway  | [perf-request-in] ts_in=1777539092.980171 ts_out=1777539092.980823 gw_proc_ms=0.652 traceId=exp-perf5000-004397-d282a3b6
zt-gateway  | [perf-request-in] ts_in=1777539092.980463 ts_out=1777539092.981085 gw_proc_ms=0.622 traceId=exp-perf5000-004398-4dbdca10
zt-gateway  | [perf-request-in] ts_in=1777539092.980852 ts_out=1777539092.981481 gw_proc_ms=0.629 traceId=exp-perf5000-004399-04aa6045
zt-gateway  | [perf-request-in] ts_in=1777539092.981119 ts_out=1777539092.981744 gw_proc_ms=0.625 traceId=exp-perf5000-004400-58fba507
zt-gateway  | [perf-request-in] ts_in=1777539092.981514 ts_out=1777539092.982173 gw_proc_ms=0.659 traceId=exp-perf5000-004401-0acd9cb2
zt-gateway  | [perf-request-in] ts_in=1777539092.981778 ts_out=1777539092.982589 gw_proc_ms=0.811 traceId=exp-perf5000-004402-58aa3952
zt-gateway  | [perf-request-in] ts_in=1777539092.982213 ts_out=1777539092.982889 gw_proc_ms=0.676 traceId=exp-perf5000-004403-b737c7af
zt-gateway  | [perf-request-in] ts_in=1777539092.982643 ts_out=1777539092.983291 gw_proc_ms=0.648 traceId=exp-perf5000-004404-a012ba9e
zt-gateway  | [perf-request-in] ts_in=1777539092.982925 ts_out=1777539092.983542 gw_proc_ms=0.617 traceId=exp-perf5000-004405-e1e66721
zt-gateway  | [perf-request-in] ts_in=1777539092.983324 ts_out=1777539092.983932 gw_proc_ms=0.608 traceId=exp-perf5000-004406-634acee9
zt-gateway  | [perf-request-in] ts_in=1777539092.983590 ts_out=1777539092.984212 gw_proc_ms=0.622 traceId=exp-perf5000-004407-f9d42b6e
zt-gateway  | [perf-request-in] ts_in=1777539092.983962 ts_out=1777539092.984583 gw_proc_ms=0.621 traceId=exp-perf5000-004408-f6cfebba
zt-gateway  | [perf-request-in] ts_in=1777539092.984238 ts_out=1777539092.984869 gw_proc_ms=0.631 traceId=exp-perf5000-004409-70dec9fd
zt-gateway  | [perf-request-in] ts_in=1777539092.984616 ts_out=1777539092.985253 gw_proc_ms=0.637 traceId=exp-perf5000-004410-3ad0e066
zt-gateway  | [perf-request-in] ts_in=1777539092.984913 ts_out=1777539092.985583 gw_proc_ms=0.670 traceId=exp-perf5000-004411-548e4ebd
zt-gateway  | [perf-request-in] ts_in=1777539092.985293 ts_out=1777539092.985921 gw_proc_ms=0.628 traceId=exp-perf5000-004412-1e4faa16
zt-gateway  | [perf-request-in] ts_in=1777539092.985612 ts_out=1777539092.986204 gw_proc_ms=0.592 traceId=exp-perf5000-004413-20e52be7
zt-gateway  | [perf-request-in] ts_in=1777539092.986021 ts_out=1777539092.986652 gw_proc_ms=0.631 traceId=exp-perf5000-004414-cc6efe90
zt-gateway  | [perf-request-in] ts_in=1777539092.986230 ts_out=1777539092.986864 gw_proc_ms=0.634 traceId=exp-perf5000-004415-772f6176
zt-gateway  | [perf-request-in] ts_in=1777539092.986695 ts_out=1777539092.987339 gw_proc_ms=0.644 traceId=exp-perf5000-004416-c2698cb1
zt-gateway  | [perf-request-in] ts_in=1777539092.986897 ts_out=1777539092.987545 gw_proc_ms=0.648 traceId=exp-perf5000-004417-0f2f7e60
zt-gateway  | [perf-request-in] ts_in=1777539092.987381 ts_out=1777539092.988019 gw_proc_ms=0.638 traceId=exp-perf5000-004418-c1a2e52c
zt-gateway  | [perf-request-in] ts_in=1777539092.987583 ts_out=1777539092.988188 gw_proc_ms=0.605 traceId=exp-perf5000-004419-9ab2b7d3
zt-gateway  | [perf-request-in] ts_in=1777539092.988054 ts_out=1777539092.988686 gw_proc_ms=0.632 traceId=exp-perf5000-004420-7c4dddad
zt-gateway  | [perf-request-in] ts_in=1777539092.988224 ts_out=1777539092.988823 gw_proc_ms=0.599 traceId=exp-perf5000-004421-bf8553e3
zt-gateway  | [perf-request-in] ts_in=1777539092.988719 ts_out=1777539092.989329 gw_proc_ms=0.610 traceId=exp-perf5000-004422-e00708d4
zt-gateway  | [perf-request-in] ts_in=1777539092.988856 ts_out=1777539092.989457 gw_proc_ms=0.601 traceId=exp-perf5000-004423-67697a46
zt-gateway  | [perf-request-in] ts_in=1777539092.989363 ts_out=1777539092.990009 gw_proc_ms=0.646 traceId=exp-perf5000-004424-ce4aebab
zt-gateway  | [perf-request-in] ts_in=1777539092.989492 ts_out=1777539092.990100 gw_proc_ms=0.608 traceId=exp-perf5000-004425-a0443397
zt-gateway  | [perf-request-in] ts_in=1777539092.990040 ts_out=1777539092.990670 gw_proc_ms=0.630 traceId=exp-perf5000-004426-a19c7d5d
zt-gateway  | [perf-request-in] ts_in=1777539092.990133 ts_out=1777539092.990746 gw_proc_ms=0.613 traceId=exp-perf5000-004427-b782b692
zt-gateway  | [perf-request-in] ts_in=1777539092.990704 ts_out=1777539092.991348 gw_proc_ms=0.644 traceId=exp-perf5000-004428-6b382dc7
zt-gateway  | [perf-request-in] ts_in=1777539092.990776 ts_out=1777539092.991385 gw_proc_ms=0.609 traceId=exp-perf5000-004430-802a8baa
zt-gateway  | [perf-request-in] ts_in=1777539092.991411 ts_out=1777539092.992007 gw_proc_ms=0.596 traceId=exp-perf5000-004432-5b22db3e
zt-gateway  | [perf-request-in] ts_in=1777539092.991378 ts_out=1777539092.992007 gw_proc_ms=0.629 traceId=exp-perf5000-004429-35f024e5
zt-gateway  | [perf-request-in] ts_in=1777539092.992038 ts_out=1777539092.992660 gw_proc_ms=0.622 traceId=exp-perf5000-004433-030600dc
zt-gateway  | [perf-request-in] ts_in=1777539092.992041 ts_out=1777539092.992674 gw_proc_ms=0.633 traceId=exp-perf5000-004431-fe4fa27e
zt-gateway  | [perf-request-in] ts_in=1777539092.992697 ts_out=1777539092.993299 gw_proc_ms=0.602 traceId=exp-perf5000-004435-aaa6886c
zt-gateway  | [perf-request-in] ts_in=1777539092.992711 ts_out=1777539092.993327 gw_proc_ms=0.616 traceId=exp-perf5000-004434-fd995cc8
zt-gateway  | [perf-request-in] ts_in=1777539092.993331 ts_out=1777539092.993958 gw_proc_ms=0.627 traceId=exp-perf5000-004437-b58d6d40
zt-gateway  | [perf-request-in] ts_in=1777539092.993354 ts_out=1777539092.994021 gw_proc_ms=0.667 traceId=exp-perf5000-004436-ea59d3f7
zt-gateway  | [perf-request-in] ts_in=1777539092.993988 ts_out=1777539092.994610 gw_proc_ms=0.622 traceId=exp-perf5000-004439-a9a1f2af
zt-gateway  | [perf-request-in] ts_in=1777539092.994050 ts_out=1777539092.994700 gw_proc_ms=0.650 traceId=exp-perf5000-004438-502e981d
zt-gateway  | [perf-request-in] ts_in=1777539092.994637 ts_out=1777539092.995260 gw_proc_ms=0.623 traceId=exp-perf5000-004441-c024939e
zt-gateway  | [perf-request-in] ts_in=1777539092.994729 ts_out=1777539092.995373 gw_proc_ms=0.644 traceId=exp-perf5000-004440-2003bcee
zt-gateway  | [perf-request-in] ts_in=1777539092.995289 ts_out=1777539092.995916 gw_proc_ms=0.627 traceId=exp-perf5000-004443-f5d89d4b
zt-gateway  | [perf-request-in] ts_in=1777539092.995408 ts_out=1777539092.996064 gw_proc_ms=0.656 traceId=exp-perf5000-004442-53d065f6
zt-gateway  | [perf-request-in] ts_in=1777539092.995950 ts_out=1777539092.996570 gw_proc_ms=0.620 traceId=exp-perf5000-004445-d86e04cd
zt-gateway  | [perf-request-in] ts_in=1777539092.996104 ts_out=1777539092.996795 gw_proc_ms=0.691 traceId=exp-perf5000-004444-f9dbbe87
zt-gateway  | [perf-request-in] ts_in=1777539092.996600 ts_out=1777539092.997227 gw_proc_ms=0.627 traceId=exp-perf5000-004447-454f13db
zt-gateway  | [perf-request-in] ts_in=1777539092.996838 ts_out=1777539092.997522 gw_proc_ms=0.684 traceId=exp-perf5000-004446-1d8a8a00
zt-gateway  | [perf-request-in] ts_in=1777539092.997259 ts_out=1777539092.997950 gw_proc_ms=0.691 traceId=exp-perf5000-004449-ae00ccf7
zt-gateway  | [perf-request-in] ts_in=1777539092.997560 ts_out=1777539092.998231 gw_proc_ms=0.671 traceId=exp-perf5000-004448-1e4d365b
zt-gateway  | [perf-request-in] ts_in=1777539092.997993 ts_out=1777539092.998656 gw_proc_ms=0.663 traceId=exp-perf5000-004451-16227ad0
zt-gateway  | [perf-request-in] ts_in=1777539092.998271 ts_out=1777539092.998911 gw_proc_ms=0.640 traceId=exp-perf5000-004450-5da35aba
zt-gateway  | [perf-request-in] ts_in=1777539092.998696 ts_out=1777539092.999341 gw_proc_ms=0.645 traceId=exp-perf5000-004453-a81ef729
zt-gateway  | [perf-request-in] ts_in=1777539092.998941 ts_out=1777539092.999558 gw_proc_ms=0.617 traceId=exp-perf5000-004452-d1fbc114
zt-gateway  | [perf-request-in] ts_in=1777539092.999377 ts_out=1777539093.000032 gw_proc_ms=0.655 traceId=exp-perf5000-004455-f71bf371
zt-gateway  | [perf-request-in] ts_in=1777539092.999600 ts_out=1777539093.000242 gw_proc_ms=0.642 traceId=exp-perf5000-004454-1db377cb
zt-gateway  | [perf-request-in] ts_in=1777539093.000071 ts_out=1777539093.000740 gw_proc_ms=0.669 traceId=exp-perf5000-004457-7e3ba80d
zt-gateway  | [perf-request-in] ts_in=1777539093.000278 ts_out=1777539093.000936 gw_proc_ms=0.658 traceId=exp-perf5000-004456-014ed6fc
zt-gateway  | [perf-request-in] ts_in=1777539093.000775 ts_out=1777539093.001415 gw_proc_ms=0.640 traceId=exp-perf5000-004459-623ba2ac
zt-gateway  | [perf-request-in] ts_in=1777539093.000973 ts_out=1777539093.001606 gw_proc_ms=0.633 traceId=exp-perf5000-004458-93777f14
zt-gateway  | [perf-request-in] ts_in=1777539093.001455 ts_out=1777539093.002092 gw_proc_ms=0.637 traceId=exp-perf5000-004461-a6b9537a
zt-gateway  | [perf-request-in] ts_in=1777539093.001646 ts_out=1777539093.002252 gw_proc_ms=0.606 traceId=exp-perf5000-004460-a2f0bf8e
zt-gateway  | [perf-request-in] ts_in=1777539093.002124 ts_out=1777539093.002756 gw_proc_ms=0.632 traceId=exp-perf5000-004463-2efeb660
zt-gateway  | [perf-request-in] ts_in=1777539093.002282 ts_out=1777539093.002904 gw_proc_ms=0.622 traceId=exp-perf5000-004462-95d702fc
zt-gateway  | [perf-request-in] ts_in=1777539093.002791 ts_out=1777539093.003406 gw_proc_ms=0.615 traceId=exp-perf5000-004465-f3131e59
zt-gateway  | [perf-request-in] ts_in=1777539093.002937 ts_out=1777539093.003547 gw_proc_ms=0.610 traceId=exp-perf5000-004464-46a93fdc
zt-gateway  | [perf-request-in] ts_in=1777539093.003442 ts_out=1777539093.004067 gw_proc_ms=0.625 traceId=exp-perf5000-004467-4503a0d4
zt-gateway  | [perf-request-in] ts_in=1777539093.003579 ts_out=1777539093.004185 gw_proc_ms=0.606 traceId=exp-perf5000-004466-5e282a53
zt-gateway  | [perf-request-in] ts_in=1777539093.004101 ts_out=1777539093.004719 gw_proc_ms=0.618 traceId=exp-perf5000-004469-aa661d27
zt-gateway  | [perf-request-in] ts_in=1777539093.004215 ts_out=1777539093.004816 gw_proc_ms=0.601 traceId=exp-perf5000-004468-9952bd74
zt-gateway  | [perf-request-in] ts_in=1777539093.004750 ts_out=1777539093.005351 gw_proc_ms=0.601 traceId=exp-perf5000-004471-4230acc2
zt-gateway  | [perf-request-in] ts_in=1777539093.004845 ts_out=1777539093.005418 gw_proc_ms=0.573 traceId=exp-perf5000-004470-dcd1ace3
zt-gateway  | [perf-request-in] ts_in=1777539093.005376 ts_out=1777539093.006003 gw_proc_ms=0.627 traceId=exp-perf5000-004473-82a9b0f9
zt-gateway  | [perf-request-in] ts_in=1777539093.005441 ts_out=1777539093.006058 gw_proc_ms=0.617 traceId=exp-perf5000-004472-7369f803
zt-gateway  | [perf-request-in] ts_in=1777539093.006043 ts_out=1777539093.006646 gw_proc_ms=0.603 traceId=exp-perf5000-004474-db71f1d0
zt-gateway  | [perf-request-in] ts_in=1777539093.006089 ts_out=1777539093.006924 gw_proc_ms=0.835 traceId=exp-perf5000-004475-26acd4a6
zt-gateway  | [perf-request-in] ts_in=1777539093.006682 ts_out=1777539093.007323 gw_proc_ms=0.641 traceId=exp-perf5000-004476-95ed25df
zt-gateway  | [perf-request-in] ts_in=1777539093.007143 ts_out=1777539093.007875 gw_proc_ms=0.732 traceId=exp-perf5000-004477-f61ea348
zt-gateway  | [perf-request-in] ts_in=1777539093.007355 ts_out=1777539093.008135 gw_proc_ms=0.780 traceId=exp-perf5000-004479-b6cee188
zt-gateway  | [perf-request-in] ts_in=1777539093.007923 ts_out=1777539093.008531 gw_proc_ms=0.608 traceId=exp-perf5000-004478-559aba07
zt-gateway  | [perf-request-in] ts_in=1777539093.008174 ts_out=1777539093.008882 gw_proc_ms=0.708 traceId=exp-perf5000-004481-2814934b
zt-gateway  | [perf-request-in] ts_in=1777539093.008576 ts_out=1777539093.009205 gw_proc_ms=0.629 traceId=exp-perf5000-004480-2ff1b741
zt-gateway  | [perf-request-in] ts_in=1777539093.008926 ts_out=1777539093.009551 gw_proc_ms=0.625 traceId=exp-perf5000-004483-97d40bd9
zt-gateway  | [perf-request-in] ts_in=1777539093.009239 ts_out=1777539093.009867 gw_proc_ms=0.628 traceId=exp-perf5000-004482-09cf0ae3
zt-gateway  | [perf-request-in] ts_in=1777539093.009591 ts_out=1777539093.010198 gw_proc_ms=0.607 traceId=exp-perf5000-004485-c8e4524c
zt-gateway  | [perf-request-in] ts_in=1777539093.009898 ts_out=1777539093.010472 gw_proc_ms=0.574 traceId=exp-perf5000-004484-f775a131
zt-gateway  | [perf-request-in] ts_in=1777539093.010226 ts_out=1777539093.010814 gw_proc_ms=0.588 traceId=exp-perf5000-004487-2a1efed0
zt-gateway  | [perf-request-in] ts_in=1777539093.010497 ts_out=1777539093.011087 gw_proc_ms=0.590 traceId=exp-perf5000-004486-2c460fc4
zt-gateway  | [perf-request-in] ts_in=1777539093.010839 ts_out=1777539093.011432 gw_proc_ms=0.593 traceId=exp-perf5000-004489-107c122d
zt-gateway  | [perf-request-in] ts_in=1777539093.011110 ts_out=1777539093.011702 gw_proc_ms=0.592 traceId=exp-perf5000-004488-41f5c99b
zt-gateway  | [perf-request-in] ts_in=1777539093.011456 ts_out=1777539093.012090 gw_proc_ms=0.634 traceId=exp-perf5000-004491-11180b67
zt-gateway  | [perf-request-in] ts_in=1777539093.011732 ts_out=1777539093.012333 gw_proc_ms=0.601 traceId=exp-perf5000-004490-e3d55bf8
zt-gateway  | [perf-request-in] ts_in=1777539093.012117 ts_out=1777539093.012736 gw_proc_ms=0.619 traceId=exp-perf5000-004493-6f1a4539
zt-gateway  | [perf-request-in] ts_in=1777539093.012359 ts_out=1777539093.012969 gw_proc_ms=0.610 traceId=exp-perf5000-004492-b1109082
zt-gateway  | [perf-request-in] ts_in=1777539093.012765 ts_out=1777539093.013367 gw_proc_ms=0.602 traceId=exp-perf5000-004495-09e74d52
zt-gateway  | [perf-request-in] ts_in=1777539093.012995 ts_out=1777539093.013599 gw_proc_ms=0.604 traceId=exp-perf5000-004494-53e5bf90
zt-gateway  | [perf-request-in] ts_in=1777539093.013397 ts_out=1777539093.014027 gw_proc_ms=0.630 traceId=exp-perf5000-004497-65a6d47a
zt-gateway  | [perf-request-in] ts_in=1777539093.013630 ts_out=1777539093.014315 gw_proc_ms=0.685 traceId=exp-perf5000-004496-e773e8a7
zt-gateway  | [perf-request-in] ts_in=1777539093.014058 ts_out=1777539093.014657 gw_proc_ms=0.599 traceId=exp-perf5000-004499-c006c49d
zt-gateway  | [perf-request-in] ts_in=1777539093.014358 ts_out=1777539093.015017 gw_proc_ms=0.659 traceId=exp-perf5000-004498-3e558e03
zt-gateway  | [perf-request-in] ts_in=1777539093.014679 ts_out=1777539093.015264 gw_proc_ms=0.585 traceId=exp-perf5000-004501-ecc562a1
zt-gateway  | [perf-request-in] ts_in=1777539093.015057 ts_out=1777539093.015686 gw_proc_ms=0.629 traceId=exp-perf5000-004500-3583648e
zt-gateway  | [perf-request-in] ts_in=1777539093.015285 ts_out=1777539093.015880 gw_proc_ms=0.595 traceId=exp-perf5000-004503-64dfb5c3
zt-gateway  | [perf-request-in] ts_in=1777539093.015724 ts_out=1777539093.016348 gw_proc_ms=0.624 traceId=exp-perf5000-004502-8090e623
zt-gateway  | [perf-request-in] ts_in=1777539093.015912 ts_out=1777539093.016504 gw_proc_ms=0.592 traceId=exp-perf5000-004505-b8b89792
zt-gateway  | [perf-request-in] ts_in=1777539093.016382 ts_out=1777539093.017090 gw_proc_ms=0.708 traceId=exp-perf5000-004504-1dd6209f
zt-gateway  | [perf-request-in] ts_in=1777539093.016530 ts_out=1777539093.017152 gw_proc_ms=0.622 traceId=exp-perf5000-004507-e1df834f
zt-gateway  | [perf-request-in] ts_in=1777539093.017175 ts_out=1777539093.017808 gw_proc_ms=0.633 traceId=exp-perf5000-004509-00a9b9e9
zt-gateway  | [perf-request-in] ts_in=1777539093.017133 ts_out=1777539093.017810 gw_proc_ms=0.677 traceId=exp-perf5000-004506-099096ab
zt-gateway  | [perf-request-in] ts_in=1777539093.017840 ts_out=1777539093.018489 gw_proc_ms=0.649 traceId=exp-perf5000-004511-57e524c9
zt-gateway  | [perf-request-in] ts_in=1777539093.017847 ts_out=1777539093.018490 gw_proc_ms=0.643 traceId=exp-perf5000-004508-49ffbc27
zt-gateway  | [perf-request-in] ts_in=1777539093.018521 ts_out=1777539093.019147 gw_proc_ms=0.626 traceId=exp-perf5000-004513-292752fe
zt-gateway  | [perf-request-in] ts_in=1777539093.018528 ts_out=1777539093.019167 gw_proc_ms=0.639 traceId=exp-perf5000-004510-69ee2f06
zt-gateway  | [perf-request-in] ts_in=1777539093.019177 ts_out=1777539093.019811 gw_proc_ms=0.634 traceId=exp-perf5000-004515-f018b949
zt-gateway  | [perf-request-in] ts_in=1777539093.019198 ts_out=1777539093.019835 gw_proc_ms=0.637 traceId=exp-perf5000-004512-f0a24ec1
zt-gateway  | [perf-request-in] ts_in=1777539093.019840 ts_out=1777539093.020431 gw_proc_ms=0.591 traceId=exp-perf5000-004517-d401ee73
zt-gateway  | [perf-request-in] ts_in=1777539093.019862 ts_out=1777539093.020478 gw_proc_ms=0.616 traceId=exp-perf5000-004514-646ccab7
zt-gateway  | [perf-request-in] ts_in=1777539093.020462 ts_out=1777539093.021092 gw_proc_ms=0.630 traceId=exp-perf5000-004519-c1a285ec
zt-gateway  | [perf-request-in] ts_in=1777539093.020544 ts_out=1777539093.021203 gw_proc_ms=0.659 traceId=exp-perf5000-004516-2188e13e
zt-gateway  | [perf-request-in] ts_in=1777539093.021125 ts_out=1777539093.021846 gw_proc_ms=0.721 traceId=exp-perf5000-004521-10099ca3
zt-gateway  | [perf-request-in] ts_in=1777539093.021236 ts_out=1777539093.021901 gw_proc_ms=0.665 traceId=exp-perf5000-004518-5075e588
zt-gateway  | [perf-request-in] ts_in=1777539093.021887 ts_out=1777539093.022518 gw_proc_ms=0.631 traceId=exp-perf5000-004523-54ffe902
zt-gateway  | [perf-request-in] ts_in=1777539093.021930 ts_out=1777539093.022525 gw_proc_ms=0.595 traceId=exp-perf5000-004520-1dec9751
zt-gateway  | [perf-request-in] ts_in=1777539093.022584 ts_out=1777539093.023223 gw_proc_ms=0.639 traceId=exp-perf5000-004525-cc0c000d
zt-gateway  | [perf-request-in] ts_in=1777539093.022552 ts_out=1777539093.023234 gw_proc_ms=0.682 traceId=exp-perf5000-004522-b3ee370f
zt-gateway  | [perf-request-in] ts_in=1777539093.023260 ts_out=1777539093.023954 gw_proc_ms=0.694 traceId=exp-perf5000-004524-fa9483ed
zt-gateway  | [perf-request-in] ts_in=1777539093.023259 ts_out=1777539093.024134 gw_proc_ms=0.875 traceId=exp-perf5000-004526-f4d34888
zt-gateway  | [perf-request-in] ts_in=1777539093.024004 ts_out=1777539093.024715 gw_proc_ms=0.711 traceId=exp-perf5000-004527-06186bdb
zt-gateway  | [perf-request-in] ts_in=1777539093.024166 ts_out=1777539093.024798 gw_proc_ms=0.632 traceId=exp-perf5000-004529-671a3eff
zt-gateway  | [perf-request-in] ts_in=1777539093.024752 ts_out=1777539093.025419 gw_proc_ms=0.667 traceId=exp-perf5000-004528-0fdc68a2
zt-gateway  | [perf-request-in] ts_in=1777539093.024824 ts_out=1777539093.025492 gw_proc_ms=0.668 traceId=exp-perf5000-004530-6300625e
zt-gateway  | [perf-request-in] ts_in=1777539093.025444 ts_out=1777539093.026059 gw_proc_ms=0.615 traceId=exp-perf5000-004531-bbcdae2b
zt-gateway  | [perf-request-in] ts_in=1777539093.025526 ts_out=1777539093.026193 gw_proc_ms=0.667 traceId=exp-perf5000-004532-284266fd
zt-gateway  | [perf-request-in] ts_in=1777539093.026089 ts_out=1777539093.026976 gw_proc_ms=0.887 traceId=exp-perf5000-004533-fc6e6141
zt-gateway  | [perf-request-in] ts_in=1777539093.026220 ts_out=1777539093.027163 gw_proc_ms=0.943 traceId=exp-perf5000-004534-003f03bb
zt-gateway  | [perf-request-in] ts_in=1777539093.027035 ts_out=1777539093.027779 gw_proc_ms=0.744 traceId=exp-perf5000-004535-be269e71
zt-gateway  | [perf-request-in] ts_in=1777539093.027205 ts_out=1777539093.027929 gw_proc_ms=0.724 traceId=exp-perf5000-004536-c2bf9321
zt-gateway  | [perf-request-in] ts_in=1777539093.027829 ts_out=1777539093.028483 gw_proc_ms=0.654 traceId=exp-perf5000-004537-e22dbdf0
zt-gateway  | [perf-request-in] ts_in=1777539093.027978 ts_out=1777539093.028767 gw_proc_ms=0.789 traceId=exp-perf5000-004538-49193293
zt-gateway  | [perf-request-in] ts_in=1777539093.028521 ts_out=1777539093.029282 gw_proc_ms=0.761 traceId=exp-perf5000-004539-5a4a1d87
zt-gateway  | [perf-request-in] ts_in=1777539093.028803 ts_out=1777539093.029508 gw_proc_ms=0.705 traceId=exp-perf5000-004540-5329c75f
zt-gateway  | [perf-request-in] ts_in=1777539093.029320 ts_out=1777539093.030003 gw_proc_ms=0.683 traceId=exp-perf5000-004541-2f633e77
zt-gateway  | [perf-request-in] ts_in=1777539093.029539 ts_out=1777539093.030180 gw_proc_ms=0.641 traceId=exp-perf5000-004542-bf0dd754
zt-gateway  | [perf-request-in] ts_in=1777539093.030037 ts_out=1777539093.030872 gw_proc_ms=0.835 traceId=exp-perf5000-004543-d4ced018
zt-gateway  | [perf-request-in] ts_in=1777539093.030217 ts_out=1777539093.031473 gw_proc_ms=1.256 traceId=exp-perf5000-004544-f35a3496
zt-gateway  | [perf-request-in] ts_in=1777539093.031516 ts_out=1777539093.032233 gw_proc_ms=0.717 traceId=exp-perf5000-004546-efa43063
zt-gateway  | [perf-request-in] ts_in=1777539093.032270 ts_out=1777539093.032971 gw_proc_ms=0.701 traceId=exp-perf5000-004548-1d089db5
zt-gateway  | [perf-request-in] ts_in=1777539093.033006 ts_out=1777539093.033719 gw_proc_ms=0.713 traceId=exp-perf5000-004550-eb1cb25f
zt-gateway  | [perf-request-in] ts_in=1777539093.031102 ts_out=1777539093.034143 gw_proc_ms=3.041 traceId=exp-perf5000-004545-4d00816b
zt-gateway  | [perf-request-in] ts_in=1777539093.033768 ts_out=1777539093.034481 gw_proc_ms=0.713 traceId=exp-perf5000-004552-7360d877
zt-gateway  | [perf-request-in] ts_in=1777539093.034515 ts_out=1777539093.035399 gw_proc_ms=0.884 traceId=exp-perf5000-004554-d7303380
zt-gateway  | [perf-request-in] ts_in=1777539093.035446 ts_out=1777539093.036245 gw_proc_ms=0.799 traceId=exp-perf5000-004556-abeabde4
zt-gateway  | [perf-request-in] ts_in=1777539093.036291 ts_out=1777539093.037081 gw_proc_ms=0.790 traceId=exp-perf5000-004558-9cb22b32
zt-gateway  | [perf-request-in] ts_in=1777539093.037127 ts_out=1777539093.037796 gw_proc_ms=0.669 traceId=exp-perf5000-004560-7efbfba3
zt-gateway  | [perf-request-in] ts_in=1777539093.037832 ts_out=1777539093.038467 gw_proc_ms=0.635 traceId=exp-perf5000-004562-b3e80a69
zt-gateway  | [perf-request-in] ts_in=1777539093.038500 ts_out=1777539093.039125 gw_proc_ms=0.625 traceId=exp-perf5000-004564-3afed810
zt-gateway  | [perf-request-in] ts_in=1777539093.039166 ts_out=1777539093.040207 gw_proc_ms=1.041 traceId=exp-perf5000-004566-50788903
zt-gateway  | [perf-request-in] ts_in=1777539093.034861 ts_out=1777539093.040255 gw_proc_ms=5.394 traceId=exp-perf5000-004547-b0f73915
zt-gateway  | [perf-request-in] ts_in=1777539093.040324 ts_out=1777539093.041203 gw_proc_ms=0.879 traceId=exp-perf5000-004549-a1802f35
zt-gateway  | [perf-request-in] ts_in=1777539093.040251 ts_out=1777539093.041202 gw_proc_ms=0.951 traceId=exp-perf5000-004568-456e808e
zt-gateway  | [perf-request-in] ts_in=1777539093.041254 ts_out=1777539093.042127 gw_proc_ms=0.873 traceId=exp-perf5000-004569-c181f58a
zt-gateway  | [perf-request-in] ts_in=1777539093.042178 ts_out=1777539093.042983 gw_proc_ms=0.805 traceId=exp-perf5000-004573-3d6ccf18
zt-gateway  | [perf-request-in] ts_in=1777539093.043075 ts_out=1777539093.043801 gw_proc_ms=0.726 traceId=exp-perf5000-004574-c428253b
zt-gateway  | [perf-request-in] ts_in=1777539093.043847 ts_out=1777539093.044594 gw_proc_ms=0.747 traceId=exp-perf5000-004576-c4c477e0
zt-gateway  | [perf-request-in] ts_in=1777539093.041250 ts_out=1777539093.045101 gw_proc_ms=3.851 traceId=exp-perf5000-004551-a8e86b45
zt-gateway  | [perf-request-in] ts_in=1777539093.044635 ts_out=1777539093.045555 gw_proc_ms=0.920 traceId=exp-perf5000-004578-6cbb9d79
zt-gateway  | [perf-request-in] ts_in=1777539093.045208 ts_out=1777539093.046123 gw_proc_ms=0.915 traceId=exp-perf5000-004553-9fb7f5c6
zt-gateway  | [perf-request-in] ts_in=1777539093.045790 ts_out=1777539093.046786 gw_proc_ms=0.996 traceId=exp-perf5000-004580-8111eaa2
zt-gateway  | [perf-request-in] ts_in=1777539093.046173 ts_out=1777539093.047266 gw_proc_ms=1.093 traceId=exp-perf5000-004555-caca5b6d
zt-gateway  | [perf-request-in] ts_in=1777539093.046990 ts_out=1777539093.048141 gw_proc_ms=1.151 traceId=exp-perf5000-004582-e8fea060
zt-gateway  | [perf-request-in] ts_in=1777539093.047373 ts_out=1777539093.048465 gw_proc_ms=1.092 traceId=exp-perf5000-004557-09594890
zt-gateway  | [perf-request-in] ts_in=1777539093.048321 ts_out=1777539093.049451 gw_proc_ms=1.130 traceId=exp-perf5000-004583-756773af
zt-gateway  | [perf-request-in] ts_in=1777539093.048554 ts_out=1777539093.049557 gw_proc_ms=1.003 traceId=exp-perf5000-004559-23c40bf5
zt-gateway  | [perf-request-in] ts_in=1777539093.049494 ts_out=1777539093.050365 gw_proc_ms=0.871 traceId=exp-perf5000-004586-0b9d6d52
zt-gateway  | [perf-request-in] ts_in=1777539093.049683 ts_out=1777539093.050413 gw_proc_ms=0.730 traceId=exp-perf5000-004561-61811465
zt-gateway  | [perf-request-in] ts_in=1777539093.050407 ts_out=1777539093.051228 gw_proc_ms=0.821 traceId=exp-perf5000-004588-4ab3b1a7
zt-gateway  | [perf-request-in] ts_in=1777539093.050556 ts_out=1777539093.051324 gw_proc_ms=0.768 traceId=exp-perf5000-004563-0d58af93
zt-gateway  | [perf-request-in] ts_in=1777539093.051406 ts_out=1777539093.052038 gw_proc_ms=0.632 traceId=exp-perf5000-004565-04c99a3a
zt-gateway  | [perf-request-in] ts_in=1777539093.051407 ts_out=1777539093.052147 gw_proc_ms=0.740 traceId=exp-perf5000-004590-7bd4b235
zt-gateway  | [perf-request-in] ts_in=1777539093.052072 ts_out=1777539093.052860 gw_proc_ms=0.788 traceId=exp-perf5000-004567-9f1a2957
zt-gateway  | [perf-request-in] ts_in=1777539093.052191 ts_out=1777539093.053230 gw_proc_ms=1.039 traceId=exp-perf5000-004592-d00ff79c
zt-gateway  | [perf-request-in] ts_in=1777539093.053070 ts_out=1777539093.053887 gw_proc_ms=0.817 traceId=exp-perf5000-004570-2b31a423
zt-gateway  | [perf-request-in] ts_in=1777539093.053366 ts_out=1777539093.054180 gw_proc_ms=0.814 traceId=exp-perf5000-004594-c1f1de97
zt-gateway  | [perf-request-in] ts_in=1777539093.053964 ts_out=1777539093.054839 gw_proc_ms=0.875 traceId=exp-perf5000-004571-76896020
zt-gateway  | [perf-request-in] ts_in=1777539093.054358 ts_out=1777539093.055208 gw_proc_ms=0.850 traceId=exp-perf5000-004596-2b59e068
zt-gateway  | [perf-request-in] ts_in=1777539093.054922 ts_out=1777539093.055738 gw_proc_ms=0.816 traceId=exp-perf5000-004572-f75dcba7
zt-gateway  | [perf-request-in] ts_in=1777539093.055343 ts_out=1777539093.056216 gw_proc_ms=0.873 traceId=exp-perf5000-004598-bf0cf488
zt-gateway  | [perf-request-in] ts_in=1777539093.055829 ts_out=1777539093.056550 gw_proc_ms=0.721 traceId=exp-perf5000-004575-a4d0e938
zt-gateway  | [perf-request-in] ts_in=1777539093.056258 ts_out=1777539093.057174 gw_proc_ms=0.916 traceId=exp-perf5000-004599-93cfb994
zt-gateway  | [perf-request-in] ts_in=1777539093.056684 ts_out=1777539093.057451 gw_proc_ms=0.767 traceId=exp-perf5000-004577-06c16574
zt-gateway  | [perf-request-in] ts_in=1777539093.057206 ts_out=1777539093.058271 gw_proc_ms=1.065 traceId=exp-perf5000-004601-699ca582
zt-gateway  | [perf-request-in] ts_in=1777539093.057486 ts_out=1777539093.059302 gw_proc_ms=1.816 traceId=exp-perf5000-004579-66908287
zt-gateway  | [perf-request-in] ts_in=1777539093.058777 ts_out=1777539093.060421 gw_proc_ms=1.644 traceId=exp-perf5000-004604-56daa784
zt-gateway  | [perf-request-in] ts_in=1777539093.059840 ts_out=1777539093.060720 gw_proc_ms=0.880 traceId=exp-perf5000-004581-84a8df5c
zt-gateway  | [perf-request-in] ts_in=1777539093.060827 ts_out=1777539093.061801 gw_proc_ms=0.974 traceId=exp-perf5000-004584-c64f5ae4
zt-gateway  | [perf-request-in] ts_in=1777539093.060491 ts_out=1777539093.062254 gw_proc_ms=1.763 traceId=exp-perf5000-004606-ac2758f6
zt-gateway  | [perf-request-in] ts_in=1777539093.061861 ts_out=1777539093.064289 gw_proc_ms=2.428 traceId=exp-perf5000-004585-5046975e
zt-gateway  | [perf-request-in] ts_in=1777539093.062482 ts_out=1777539093.065637 gw_proc_ms=3.155 traceId=exp-perf5000-004608-d696fed9
zt-gateway  | [perf-request-in] ts_in=1777539093.064477 ts_out=1777539093.065968 gw_proc_ms=1.491 traceId=exp-perf5000-004587-b7215c94
zt-gateway  | [perf-request-in] ts_in=1777539093.066087 ts_out=1777539093.067145 gw_proc_ms=1.058 traceId=exp-perf5000-004589-39c607ab
zt-gateway  | [perf-request-in] ts_in=1777539093.065871 ts_out=1777539093.067177 gw_proc_ms=1.306 traceId=exp-perf5000-004609-dbf5b9c8
zt-gateway  | [perf-request-in] ts_in=1777539093.067204 ts_out=1777539093.068882 gw_proc_ms=1.678 traceId=exp-perf5000-004591-39f8e4a0
zt-gateway  | [perf-request-in] ts_in=1777539093.067417 ts_out=1777539093.069200 gw_proc_ms=1.783 traceId=exp-perf5000-004612-e3fc8e75
zt-gateway  | [perf-request-in] ts_in=1777539093.069095 ts_out=1777539093.070089 gw_proc_ms=0.994 traceId=exp-perf5000-004593-2cfbc536
zt-gateway  | [perf-request-in] ts_in=1777539093.069259 ts_out=1777539093.070434 gw_proc_ms=1.175 traceId=exp-perf5000-004614-cc8201e3
zt-gateway  | [perf-request-in] ts_in=1777539093.070135 ts_out=1777539093.071261 gw_proc_ms=1.126 traceId=exp-perf5000-004595-a0f06f8e
zt-gateway  | [perf-request-in] ts_in=1777539093.070637 ts_out=1777539093.071858 gw_proc_ms=1.221 traceId=exp-perf5000-004615-fe58ee1e
zt-gateway  | [perf-request-in] ts_in=1777539093.071303 ts_out=1777539093.072058 gw_proc_ms=0.755 traceId=exp-perf5000-004597-a635f40d
zt-gateway  | [perf-request-in] ts_in=1777539093.071903 ts_out=1777539093.072685 gw_proc_ms=0.782 traceId=exp-perf5000-004617-e6e139f0
zt-gateway  | [perf-request-in] ts_in=1777539093.072136 ts_out=1777539093.072882 gw_proc_ms=0.746 traceId=exp-perf5000-004600-0b5ab2e9
zt-gateway  | [perf-request-in] ts_in=1777539093.072726 ts_out=1777539093.073520 gw_proc_ms=0.794 traceId=exp-perf5000-004620-c77e584b
zt-gateway  | [perf-request-in] ts_in=1777539093.072927 ts_out=1777539093.073585 gw_proc_ms=0.658 traceId=exp-perf5000-004602-9fce3af0
zt-gateway  | [perf-request-in] ts_in=1777539093.073626 ts_out=1777539093.074412 gw_proc_ms=0.786 traceId=exp-perf5000-004603-cd079ba7
zt-gateway  | [perf-request-in] ts_in=1777539093.073558 ts_out=1777539093.074637 gw_proc_ms=1.079 traceId=exp-perf5000-004621-a804e27b
zt-gateway  | [perf-request-in] ts_in=1777539093.074451 ts_out=1777539093.075192 gw_proc_ms=0.741 traceId=exp-perf5000-004605-ec7a192c
zt-gateway  | [perf-request-in] ts_in=1777539093.074668 ts_out=1777539093.075456 gw_proc_ms=0.788 traceId=exp-perf5000-004623-3864261a
zt-gateway  | [perf-request-in] ts_in=1777539093.075239 ts_out=1777539093.076040 gw_proc_ms=0.801 traceId=exp-perf5000-004607-585736cb
zt-gateway  | [perf-request-in] ts_in=1777539093.075595 ts_out=1777539093.076417 gw_proc_ms=0.822 traceId=exp-perf5000-004626-9dc7e63f
zt-gateway  | [perf-request-in] ts_in=1777539093.076088 ts_out=1777539093.076832 gw_proc_ms=0.744 traceId=exp-perf5000-004610-7ad908c2
zt-gateway  | [perf-request-in] ts_in=1777539093.076467 ts_out=1777539093.077258 gw_proc_ms=0.791 traceId=exp-perf5000-004627-6cdaa0f3
zt-gateway  | [perf-request-in] ts_in=1777539093.076875 ts_out=1777539093.077528 gw_proc_ms=0.653 traceId=exp-perf5000-004611-84c44c07
zt-gateway  | [perf-request-in] ts_in=1777539093.077312 ts_out=1777539093.078181 gw_proc_ms=0.869 traceId=exp-perf5000-004630-f527a6bc
zt-gateway  | [perf-request-in] ts_in=1777539093.077569 ts_out=1777539093.078336 gw_proc_ms=0.767 traceId=exp-perf5000-004613-65ec559c
zt-gateway  | [perf-request-in] ts_in=1777539093.078223 ts_out=1777539093.079042 gw_proc_ms=0.819 traceId=exp-perf5000-004632-22aab61b
zt-gateway  | [perf-request-in] ts_in=1777539093.078508 ts_out=1777539093.079194 gw_proc_ms=0.686 traceId=exp-perf5000-004616-6753559b
zt-gateway  | [perf-request-in] ts_in=1777539093.079086 ts_out=1777539093.079952 gw_proc_ms=0.866 traceId=exp-perf5000-004634-9919a3e5
zt-gateway  | [perf-request-in] ts_in=1777539093.079351 ts_out=1777539093.080063 gw_proc_ms=0.712 traceId=exp-perf5000-004618-8d82f7be
zt-gateway  | [perf-request-in] ts_in=1777539093.080002 ts_out=1777539093.080715 gw_proc_ms=0.713 traceId=exp-perf5000-004636-0592aca3
zt-gateway  | [perf-request-in] ts_in=1777539093.080137 ts_out=1777539093.080806 gw_proc_ms=0.669 traceId=exp-perf5000-004619-ef69e3a0
zt-gateway  | [perf-request-in] ts_in=1777539093.080756 ts_out=1777539093.081527 gw_proc_ms=0.771 traceId=exp-perf5000-004638-8ab4e740
zt-gateway  | [perf-request-in] ts_in=1777539093.080867 ts_out=1777539093.081548 gw_proc_ms=0.681 traceId=exp-perf5000-004622-a7afc196
zt-gateway  | [perf-request-in] ts_in=1777539093.081606 ts_out=1777539093.082285 gw_proc_ms=0.679 traceId=exp-perf5000-004624-dc3b13e0
zt-gateway  | [perf-request-in] ts_in=1777539093.081572 ts_out=1777539093.082338 gw_proc_ms=0.766 traceId=exp-perf5000-004640-11aaf21a
zt-gateway  | [perf-request-in] ts_in=1777539093.082324 ts_out=1777539093.083108 gw_proc_ms=0.784 traceId=exp-perf5000-004625-44670ab0
zt-gateway  | [perf-request-in] ts_in=1777539093.082378 ts_out=1777539093.083180 gw_proc_ms=0.802 traceId=exp-perf5000-004642-4b71615c
zt-gateway  | [perf-request-in] ts_in=1777539093.083153 ts_out=1777539093.083834 gw_proc_ms=0.681 traceId=exp-perf5000-004628-c6db047d
zt-gateway  | [perf-request-in] ts_in=1777539093.083228 ts_out=1777539093.083989 gw_proc_ms=0.761 traceId=exp-perf5000-004644-de20473d
zt-gateway  | [perf-request-in] ts_in=1777539093.083871 ts_out=1777539093.084613 gw_proc_ms=0.742 traceId=exp-perf5000-004629-f697ae12
zt-gateway  | [perf-request-in] ts_in=1777539093.084083 ts_out=1777539093.084927 gw_proc_ms=0.844 traceId=exp-perf5000-004645-ebbf0f45
zt-gateway  | [perf-request-in] ts_in=1777539093.084731 ts_out=1777539093.085387 gw_proc_ms=0.656 traceId=exp-perf5000-004631-d86ee739
zt-gateway  | [perf-request-in] ts_in=1777539093.084974 ts_out=1777539093.085789 gw_proc_ms=0.815 traceId=exp-perf5000-004646-370348d9
zt-gateway  | [perf-request-in] ts_in=1777539093.085469 ts_out=1777539093.086197 gw_proc_ms=0.728 traceId=exp-perf5000-004633-ee9f447a
zt-gateway  | [perf-request-in] ts_in=1777539093.085833 ts_out=1777539093.086597 gw_proc_ms=0.764 traceId=exp-perf5000-004647-621cf284
zt-gateway  | [perf-request-in] ts_in=1777539093.086275 ts_out=1777539093.086974 gw_proc_ms=0.699 traceId=exp-perf5000-004635-b6217c76
zt-gateway  | [perf-request-in] ts_in=1777539093.086730 ts_out=1777539093.087421 gw_proc_ms=0.691 traceId=exp-perf5000-004649-0422feed
zt-gateway  | [perf-request-in] ts_in=1777539093.087022 ts_out=1777539093.087733 gw_proc_ms=0.711 traceId=exp-perf5000-004637-d234d5ff
zt-gateway  | [perf-request-in] ts_in=1777539093.087460 ts_out=1777539093.088280 gw_proc_ms=0.820 traceId=exp-perf5000-004650-056c874f
zt-gateway  | [perf-request-in] ts_in=1777539093.087779 ts_out=1777539093.088532 gw_proc_ms=0.753 traceId=exp-perf5000-004639-11f18f56
zt-gateway  | [perf-request-in] ts_in=1777539093.088325 ts_out=1777539093.089244 gw_proc_ms=0.919 traceId=exp-perf5000-004651-71f699c3
zt-gateway  | [perf-request-in] ts_in=1777539093.088623 ts_out=1777539093.089306 gw_proc_ms=0.683 traceId=exp-perf5000-004641-ba3f1a41
zt-gateway  | [perf-request-in] ts_in=1777539093.089359 ts_out=1777539093.090078 gw_proc_ms=0.719 traceId=exp-perf5000-004643-199b84cc
zt-gateway  | [perf-request-in] ts_in=1777539093.089319 ts_out=1777539093.090115 gw_proc_ms=0.796 traceId=exp-perf5000-004652-f15bf235
zt-gateway  | [perf-request-in] ts_in=1777539093.090117 ts_out=1777539093.090905 gw_proc_ms=0.788 traceId=exp-perf5000-004648-bf657f1e
zt-gateway  | [perf-request-in] ts_in=1777539093.090268 ts_out=1777539093.091071 gw_proc_ms=0.803 traceId=exp-perf5000-004653-c82c9007
zt-gateway  | [perf-request-in] ts_in=1777539093.090950 ts_out=1777539093.091752 gw_proc_ms=0.802 traceId=exp-perf5000-004656-b2ee9393
zt-gateway  | [perf-request-in] ts_in=1777539093.091143 ts_out=1777539093.092043 gw_proc_ms=0.900 traceId=exp-perf5000-004654-f80735a3
zt-gateway  | [perf-request-in] ts_in=1777539093.091792 ts_out=1777539093.092536 gw_proc_ms=0.744 traceId=exp-perf5000-004658-89ebefd6
zt-gateway  | [perf-request-in] ts_in=1777539093.092139 ts_out=1777539093.092929 gw_proc_ms=0.790 traceId=exp-perf5000-004655-b699fe18
zt-gateway  | [perf-request-in] ts_in=1777539093.092581 ts_out=1777539093.093427 gw_proc_ms=0.846 traceId=exp-perf5000-004664-d3927b3f
zt-gateway  | [perf-request-in] ts_in=1777539093.093135 ts_out=1777539093.094033 gw_proc_ms=0.898 traceId=exp-perf5000-004657-3598d6b3
zt-gateway  | [perf-request-in] ts_in=1777539093.093477 ts_out=1777539093.094281 gw_proc_ms=0.804 traceId=exp-perf5000-004666-aa3e1d07
zt-gateway  | [perf-request-in] ts_in=1777539093.094076 ts_out=1777539093.094965 gw_proc_ms=0.889 traceId=exp-perf5000-004659-df6b4326
zt-gateway  | [perf-request-in] ts_in=1777539093.094321 ts_out=1777539093.095069 gw_proc_ms=0.748 traceId=exp-perf5000-004668-ad213dd7
zt-gateway  | [perf-request-in] ts_in=1777539093.095006 ts_out=1777539093.095745 gw_proc_ms=0.739 traceId=exp-perf5000-004660-fb625382
zt-gateway  | [perf-request-in] ts_in=1777539093.095107 ts_out=1777539093.095806 gw_proc_ms=0.699 traceId=exp-perf5000-004670-ea6ed302
zt-gateway  | [perf-request-in] ts_in=1777539093.095860 ts_out=1777539093.096634 gw_proc_ms=0.774 traceId=exp-perf5000-004672-1f144d2a
zt-gateway  | [perf-request-in] ts_in=1777539093.095784 ts_out=1777539093.096889 gw_proc_ms=1.105 traceId=exp-perf5000-004661-bb19735b
zt-gateway  | [perf-request-in] ts_in=1777539093.096672 ts_out=1777539093.097481 gw_proc_ms=0.809 traceId=exp-perf5000-004673-852a3f70
zt-gateway  | [perf-request-in] ts_in=1777539093.096921 ts_out=1777539093.097948 gw_proc_ms=1.027 traceId=exp-perf5000-004662-228a5ba9
zt-gateway  | [perf-request-in] ts_in=1777539093.097518 ts_out=1777539093.098319 gw_proc_ms=0.801 traceId=exp-perf5000-004678-f1361fb6
zt-gateway  | [perf-request-in] ts_in=1777539093.098135 ts_out=1777539093.098980 gw_proc_ms=0.845 traceId=exp-perf5000-004663-e7b8ca70
zt-gateway  | [perf-request-in] ts_in=1777539093.098447 ts_out=1777539093.099102 gw_proc_ms=0.655 traceId=exp-perf5000-004677-4668487a
zt-gateway  | [perf-request-in] ts_in=1777539093.099029 ts_out=1777539093.099784 gw_proc_ms=0.755 traceId=exp-perf5000-004665-68ffe00b
zt-gateway  | [perf-request-in] ts_in=1777539093.099134 ts_out=1777539093.099977 gw_proc_ms=0.843 traceId=exp-perf5000-004679-29a6d482
zt-gateway  | [perf-request-in] ts_in=1777539093.099920 ts_out=1777539093.100682 gw_proc_ms=0.762 traceId=exp-perf5000-004667-91f98713
zt-gateway  | [perf-request-in] ts_in=1777539093.100226 ts_out=1777539093.101044 gw_proc_ms=0.818 traceId=exp-perf5000-004681-8661100b
zt-gateway  | [perf-request-in] ts_in=1777539093.100733 ts_out=1777539093.101494 gw_proc_ms=0.761 traceId=exp-perf5000-004669-e0b8f8cd
zt-gateway  | [perf-request-in] ts_in=1777539093.101142 ts_out=1777539093.101954 gw_proc_ms=0.812 traceId=exp-perf5000-004683-4db39a9d
zt-gateway  | [perf-request-in] ts_in=1777539093.101529 ts_out=1777539093.102352 gw_proc_ms=0.823 traceId=exp-perf5000-004671-7474b269
zt-gateway  | [perf-request-in] ts_in=1777539093.102129 ts_out=1777539093.103165 gw_proc_ms=1.036 traceId=exp-perf5000-004685-509f5ad3
zt-gateway  | [perf-request-in] ts_in=1777539093.102457 ts_out=1777539093.103223 gw_proc_ms=0.766 traceId=exp-perf5000-004674-c64d8fcc
zt-gateway  | [perf-request-in] ts_in=1777539093.103261 ts_out=1777539093.104338 gw_proc_ms=1.077 traceId=exp-perf5000-004675-213e591f
zt-gateway  | [perf-request-in] ts_in=1777539093.103243 ts_out=1777539093.104714 gw_proc_ms=1.471 traceId=exp-perf5000-004687-acf0028d
zt-gateway  | [perf-request-in] ts_in=1777539093.104399 ts_out=1777539093.105150 gw_proc_ms=0.751 traceId=exp-perf5000-004676-ab48265d
zt-gateway  | [perf-request-in] ts_in=1777539093.104760 ts_out=1777539093.105666 gw_proc_ms=0.906 traceId=exp-perf5000-004688-ac4c1b56
zt-gateway  | [perf-request-in] ts_in=1777539093.105197 ts_out=1777539093.106121 gw_proc_ms=0.924 traceId=exp-perf5000-004680-491762a5
zt-gateway  | [perf-request-in] ts_in=1777539093.105816 ts_out=1777539093.106795 gw_proc_ms=0.979 traceId=exp-perf5000-004691-b78a4821
zt-gateway  | [perf-request-in] ts_in=1777539093.106233 ts_out=1777539093.107297 gw_proc_ms=1.064 traceId=exp-perf5000-004682-7b3a4e18
zt-gateway  | [perf-request-in] ts_in=1777539093.107250 ts_out=1777539093.108251 gw_proc_ms=1.001 traceId=exp-perf5000-004693-8dbaff53
zt-gateway  | [perf-request-in] ts_in=1777539093.107498 ts_out=1777539093.108251 gw_proc_ms=0.753 traceId=exp-perf5000-004684-e297db30
zt-gateway  | [perf-request-in] ts_in=1777539093.108296 ts_out=1777539093.109737 gw_proc_ms=1.441 traceId=exp-perf5000-004686-5d9add91
zt-gateway  | [perf-request-in] ts_in=1777539093.108351 ts_out=1777539093.110107 gw_proc_ms=1.756 traceId=exp-perf5000-004694-6f0a147e
zt-gateway  | [perf-request-in] ts_in=1777539093.109879 ts_out=1777539093.110781 gw_proc_ms=0.902 traceId=exp-perf5000-004689-802a4943
zt-gateway  | [perf-request-in] ts_in=1777539093.110236 ts_out=1777539093.111207 gw_proc_ms=0.971 traceId=exp-perf5000-004696-7869504b
zt-gateway  | [perf-request-in] ts_in=1777539093.110818 ts_out=1777539093.111498 gw_proc_ms=0.680 traceId=exp-perf5000-004690-348eecbc
zt-gateway  | [perf-request-in] ts_in=1777539093.111380 ts_out=1777539093.112295 gw_proc_ms=0.915 traceId=exp-perf5000-004698-c8c9ef9d
zt-gateway  | [perf-request-in] ts_in=1777539093.111733 ts_out=1777539093.112342 gw_proc_ms=0.609 traceId=exp-perf5000-004692-1f16373b
zt-gateway  | [perf-request-in] ts_in=1777539093.112427 ts_out=1777539093.113095 gw_proc_ms=0.668 traceId=exp-perf5000-004695-7f8eb62b
zt-gateway  | [perf-request-in] ts_in=1777539093.112541 ts_out=1777539093.113190 gw_proc_ms=0.649 traceId=exp-perf5000-004699-7780ef3e
zt-gateway  | [perf-request-in] ts_in=1777539093.113131 ts_out=1777539093.113829 gw_proc_ms=0.698 traceId=exp-perf5000-004697-2b290583
zt-gateway  | [perf-request-in] ts_in=1777539093.113388 ts_out=1777539093.114099 gw_proc_ms=0.711 traceId=exp-perf5000-004701-555cfc10
zt-gateway  | [perf-request-in] ts_in=1777539093.113864 ts_out=1777539093.114556 gw_proc_ms=0.692 traceId=exp-perf5000-004700-139d49a5
zt-gateway  | [perf-request-in] ts_in=1777539093.114136 ts_out=1777539093.114885 gw_proc_ms=0.749 traceId=exp-perf5000-004703-87481949
zt-gateway  | [perf-request-in] ts_in=1777539093.114599 ts_out=1777539093.115232 gw_proc_ms=0.633 traceId=exp-perf5000-004702-2fe168c0
zt-gateway  | [perf-request-in] ts_in=1777539093.114927 ts_out=1777539093.115696 gw_proc_ms=0.769 traceId=exp-perf5000-004705-260a9bb8
zt-gateway  | [perf-request-in] ts_in=1777539093.115426 ts_out=1777539093.116107 gw_proc_ms=0.681 traceId=exp-perf5000-004704-0105ce1c
zt-gateway  | [perf-request-in] ts_in=1777539093.115732 ts_out=1777539093.116487 gw_proc_ms=0.755 traceId=exp-perf5000-004707-74162891
zt-gateway  | [perf-request-in] ts_in=1777539093.116147 ts_out=1777539093.116935 gw_proc_ms=0.788 traceId=exp-perf5000-004706-15cfce07
zt-gateway  | [perf-request-in] ts_in=1777539093.116738 ts_out=1777539093.117551 gw_proc_ms=0.813 traceId=exp-perf5000-004709-5a757ee3
zt-gateway  | [perf-request-in] ts_in=1777539093.117069 ts_out=1777539093.117666 gw_proc_ms=0.597 traceId=exp-perf5000-004708-ddbc9fda
zt-gateway  | [perf-request-in] ts_in=1777539093.117590 ts_out=1777539093.118307 gw_proc_ms=0.717 traceId=exp-perf5000-004711-ea319d8f
zt-gateway  | [perf-request-in] ts_in=1777539093.117756 ts_out=1777539093.118470 gw_proc_ms=0.714 traceId=exp-perf5000-004710-50f0c662
zt-gateway  | [perf-request-in] ts_in=1777539093.118342 ts_out=1777539093.119144 gw_proc_ms=0.802 traceId=exp-perf5000-004712-a17b96e9
zt-gateway  | [perf-request-in] ts_in=1777539093.118523 ts_out=1777539093.119229 gw_proc_ms=0.706 traceId=exp-perf5000-004713-d79718c3
zt-gateway  | [perf-request-in] ts_in=1777539093.119260 ts_out=1777539093.119998 gw_proc_ms=0.738 traceId=exp-perf5000-004715-5fd5ac90
zt-gateway  | [perf-request-in] ts_in=1777539093.119178 ts_out=1777539093.120035 gw_proc_ms=0.857 traceId=exp-perf5000-004714-14a90399
zt-gateway  | [perf-request-in] ts_in=1777539093.120031 ts_out=1777539093.120716 gw_proc_ms=0.685 traceId=exp-perf5000-004717-8913f8fa
zt-gateway  | [perf-request-in] ts_in=1777539093.120080 ts_out=1777539093.120824 gw_proc_ms=0.744 traceId=exp-perf5000-004716-1ce2411f
zt-gateway  | [perf-request-in] ts_in=1777539093.120755 ts_out=1777539093.121464 gw_proc_ms=0.709 traceId=exp-perf5000-004719-293429db
zt-gateway  | [perf-request-in] ts_in=1777539093.120931 ts_out=1777539093.121935 gw_proc_ms=1.004 traceId=exp-perf5000-004718-88ace193
zt-gateway  | [perf-request-in] ts_in=1777539093.121550 ts_out=1777539093.122449 gw_proc_ms=0.899 traceId=exp-perf5000-004721-a9c4e7b5
zt-gateway  | [perf-request-in] ts_in=1777539093.122134 ts_out=1777539093.123251 gw_proc_ms=1.117 traceId=exp-perf5000-004720-846e3bbe
zt-gateway  | [perf-request-in] ts_in=1777539093.122532 ts_out=1777539093.123501 gw_proc_ms=0.969 traceId=exp-perf5000-004723-cf0f934a
zt-gateway  | [perf-request-in] ts_in=1777539093.123682 ts_out=1777539093.124398 gw_proc_ms=0.716 traceId=exp-perf5000-004725-13677051
zt-gateway  | [perf-request-in] ts_in=1777539093.123762 ts_out=1777539093.124813 gw_proc_ms=1.051 traceId=exp-perf5000-004722-27cc9315
zt-gateway  | [perf-request-in] ts_in=1777539093.124492 ts_out=1777539093.125389 gw_proc_ms=0.897 traceId=exp-perf5000-004727-9f44e5ce
zt-gateway  | [perf-request-in] ts_in=1777539093.124992 ts_out=1777539093.126036 gw_proc_ms=1.044 traceId=exp-perf5000-004724-2a06fc6d
zt-gateway  | [perf-request-in] ts_in=1777539093.125469 ts_out=1777539093.126378 gw_proc_ms=0.909 traceId=exp-perf5000-004730-3a7686ed
zt-gateway  | [perf-request-in] ts_in=1777539093.126235 ts_out=1777539093.127194 gw_proc_ms=0.959 traceId=exp-perf5000-004726-680a9e87
zt-gateway  | [perf-request-in] ts_in=1777539093.126479 ts_out=1777539093.127212 gw_proc_ms=0.733 traceId=exp-perf5000-004731-2d00cabb
zt-gateway  | [perf-request-in] ts_in=1777539093.127325 ts_out=1777539093.128166 gw_proc_ms=0.841 traceId=exp-perf5000-004733-768759b7
zt-gateway  | [perf-request-in] ts_in=1777539093.127463 ts_out=1777539093.128542 gw_proc_ms=1.079 traceId=exp-perf5000-004728-05d992c7
zt-gateway  | [perf-request-in] ts_in=1777539093.128212 ts_out=1777539093.128933 gw_proc_ms=0.721 traceId=exp-perf5000-004736-ac3687ba
zt-gateway  | [perf-request-in] ts_in=1777539093.128601 ts_out=1777539093.129349 gw_proc_ms=0.748 traceId=exp-perf5000-004729-951c95dc
zt-gateway  | [perf-request-in] ts_in=1777539093.128978 ts_out=1777539093.129695 gw_proc_ms=0.717 traceId=exp-perf5000-004738-330a0df2
zt-gateway  | [perf-request-in] ts_in=1777539093.129391 ts_out=1777539093.130166 gw_proc_ms=0.775 traceId=exp-perf5000-004732-2ef87953
zt-gateway  | [perf-request-in] ts_in=1777539093.129730 ts_out=1777539093.130419 gw_proc_ms=0.689 traceId=exp-perf5000-004740-43042bd3
zt-gateway  | [perf-request-in] ts_in=1777539093.130312 ts_out=1777539093.131078 gw_proc_ms=0.766 traceId=exp-perf5000-004734-194c1de9
zt-gateway  | [perf-request-in] ts_in=1777539093.130465 ts_out=1777539093.131169 gw_proc_ms=0.704 traceId=exp-perf5000-004742-750ff97d
zt-gateway  | [perf-request-in] ts_in=1777539093.131121 ts_out=1777539093.131950 gw_proc_ms=0.829 traceId=exp-perf5000-004735-a7bf2458
zt-gateway  | [perf-request-in] ts_in=1777539093.131324 ts_out=1777539093.132042 gw_proc_ms=0.718 traceId=exp-perf5000-004744-9884e2ae
zt-gateway  | [perf-request-in] ts_in=1777539093.132083 ts_out=1777539093.132757 gw_proc_ms=0.674 traceId=exp-perf5000-004746-217f9759
zt-gateway  | [perf-request-in] ts_in=1777539093.131991 ts_out=1777539093.132786 gw_proc_ms=0.795 traceId=exp-perf5000-004737-9d514888
zt-gateway  | [perf-request-in] ts_in=1777539093.132792 ts_out=1777539093.133484 gw_proc_ms=0.692 traceId=exp-perf5000-004749-c78fb86d
zt-gateway  | [perf-request-in] ts_in=1777539093.132819 ts_out=1777539093.133537 gw_proc_ms=0.718 traceId=exp-perf5000-004739-5513d8f6
zt-gateway  | [perf-request-in] ts_in=1777539093.133527 ts_out=1777539093.134278 gw_proc_ms=0.751 traceId=exp-perf5000-004751-26b2d47e
zt-gateway  | [perf-request-in] ts_in=1777539093.133690 ts_out=1777539093.134358 gw_proc_ms=0.668 traceId=exp-perf5000-004741-ef905c2c
zt-gateway  | [perf-request-in] ts_in=1777539093.134313 ts_out=1777539093.135044 gw_proc_ms=0.731 traceId=exp-perf5000-004753-fdec87e1
zt-gateway  | [perf-request-in] ts_in=1777539093.134396 ts_out=1777539093.135292 gw_proc_ms=0.896 traceId=exp-perf5000-004743-0a063631
zt-gateway  | [perf-request-in] ts_in=1777539093.135079 ts_out=1777539093.136029 gw_proc_ms=0.950 traceId=exp-perf5000-004755-ef2b6647
zt-gateway  | [perf-request-in] ts_in=1777539093.135324 ts_out=1777539093.136320 gw_proc_ms=0.996 traceId=exp-perf5000-004745-188df1f4
zt-gateway  | [perf-request-in] ts_in=1777539093.136077 ts_out=1777539093.136945 gw_proc_ms=0.868 traceId=exp-perf5000-004757-11216560
zt-gateway  | [perf-request-in] ts_in=1777539093.136589 ts_out=1777539093.137325 gw_proc_ms=0.736 traceId=exp-perf5000-004747-ea8f926b
zt-gateway  | [perf-request-in] ts_in=1777539093.136979 ts_out=1777539093.137626 gw_proc_ms=0.647 traceId=exp-perf5000-004759-d0df334f
zt-gateway  | [perf-request-in] ts_in=1777539093.137363 ts_out=1777539093.138009 gw_proc_ms=0.646 traceId=exp-perf5000-004748-fb53a97a
zt-gateway  | [perf-request-in] ts_in=1777539093.137656 ts_out=1777539093.138255 gw_proc_ms=0.599 traceId=exp-perf5000-004761-e75541f0
zt-gateway  | [perf-request-in] ts_in=1777539093.138049 ts_out=1777539093.138686 gw_proc_ms=0.637 traceId=exp-perf5000-004750-ca4a6d2d
zt-gateway  | [perf-request-in] ts_in=1777539093.138289 ts_out=1777539093.138952 gw_proc_ms=0.663 traceId=exp-perf5000-004764-91c10d12
zt-gateway  | [perf-request-in] ts_in=1777539093.138728 ts_out=1777539093.139390 gw_proc_ms=0.662 traceId=exp-perf5000-004752-b5439e14
zt-gateway  | [perf-request-in] ts_in=1777539093.138986 ts_out=1777539093.139615 gw_proc_ms=0.629 traceId=exp-perf5000-004766-f93807c5
zt-gateway  | [perf-request-in] ts_in=1777539093.139426 ts_out=1777539093.140077 gw_proc_ms=0.651 traceId=exp-perf5000-004754-203cb673
zt-gateway  | [perf-request-in] ts_in=1777539093.139639 ts_out=1777539093.140280 gw_proc_ms=0.641 traceId=exp-perf5000-004768-9da3a7ba
zt-gateway  | [perf-request-in] ts_in=1777539093.140113 ts_out=1777539093.140779 gw_proc_ms=0.666 traceId=exp-perf5000-004756-a3d71e02
zt-gateway  | [perf-request-in] ts_in=1777539093.140313 ts_out=1777539093.140950 gw_proc_ms=0.637 traceId=exp-perf5000-004770-d707d50f
zt-gateway  | [perf-request-in] ts_in=1777539093.140818 ts_out=1777539093.141433 gw_proc_ms=0.615 traceId=exp-perf5000-004758-15d68eef
zt-gateway  | [perf-request-in] ts_in=1777539093.140983 ts_out=1777539093.141594 gw_proc_ms=0.611 traceId=exp-perf5000-004772-2e807900
zt-gateway  | [perf-request-in] ts_in=1777539093.141465 ts_out=1777539093.142108 gw_proc_ms=0.643 traceId=exp-perf5000-004760-66dde37d
zt-gateway  | [perf-request-in] ts_in=1777539093.141623 ts_out=1777539093.142232 gw_proc_ms=0.609 traceId=exp-perf5000-004774-e206f9a5
zt-gateway  | [perf-request-in] ts_in=1777539093.142144 ts_out=1777539093.142799 gw_proc_ms=0.655 traceId=exp-perf5000-004762-bb446215
zt-gateway  | [perf-request-in] ts_in=1777539093.142264 ts_out=1777539093.142882 gw_proc_ms=0.618 traceId=exp-perf5000-004776-febcce17
zt-gateway  | [perf-request-in] ts_in=1777539093.142830 ts_out=1777539093.143525 gw_proc_ms=0.695 traceId=exp-perf5000-004763-1f7c7774
zt-gateway  | [perf-request-in] ts_in=1777539093.143125 ts_out=1777539093.143746 gw_proc_ms=0.621 traceId=exp-perf5000-004778-fd94a9e9
zt-gateway  | [perf-request-in] ts_in=1777539093.143581 ts_out=1777539093.144245 gw_proc_ms=0.664 traceId=exp-perf5000-004765-42b2d38e
zt-gateway  | [perf-request-in] ts_in=1777539093.143772 ts_out=1777539093.144374 gw_proc_ms=0.602 traceId=exp-perf5000-004779-20069c8d
zt-gateway  | [perf-request-in] ts_in=1777539093.144288 ts_out=1777539093.144928 gw_proc_ms=0.640 traceId=exp-perf5000-004767-4e686659
zt-gateway  | [perf-request-in] ts_in=1777539093.144398 ts_out=1777539093.145004 gw_proc_ms=0.606 traceId=exp-perf5000-004781-d98ea1cf
zt-gateway  | [perf-request-in] ts_in=1777539093.144965 ts_out=1777539093.145587 gw_proc_ms=0.622 traceId=exp-perf5000-004769-9940324c
zt-gateway  | [perf-request-in] ts_in=1777539093.145033 ts_out=1777539093.145651 gw_proc_ms=0.618 traceId=exp-perf5000-004783-c276e2a9
zt-gateway  | [perf-request-in] ts_in=1777539093.145619 ts_out=1777539093.146236 gw_proc_ms=0.617 traceId=exp-perf5000-004771-d6f99fb7
zt-gateway  | [perf-request-in] ts_in=1777539093.145679 ts_out=1777539093.146288 gw_proc_ms=0.609 traceId=exp-perf5000-004785-df95cf72
zt-gateway  | [perf-request-in] ts_in=1777539093.146271 ts_out=1777539093.146896 gw_proc_ms=0.625 traceId=exp-perf5000-004773-907f8682
zt-gateway  | [perf-request-in] ts_in=1777539093.146318 ts_out=1777539093.146938 gw_proc_ms=0.620 traceId=exp-perf5000-004787-e9615257
zt-gateway  | [perf-request-in] ts_in=1777539093.146929 ts_out=1777539093.147532 gw_proc_ms=0.603 traceId=exp-perf5000-004775-bf007a11
zt-gateway  | [perf-request-in] ts_in=1777539093.146961 ts_out=1777539093.147555 gw_proc_ms=0.594 traceId=exp-perf5000-004789-23370828
zt-gateway  | [perf-request-in] ts_in=1777539093.147582 ts_out=1777539093.148177 gw_proc_ms=0.595 traceId=exp-perf5000-004790-cd7da868
zt-gateway  | [perf-request-in] ts_in=1777539093.147868 ts_out=1777539093.148471 gw_proc_ms=0.603 traceId=exp-perf5000-004777-74be58e3
zt-gateway  | [perf-request-in] ts_in=1777539093.148204 ts_out=1777539093.148865 gw_proc_ms=0.661 traceId=exp-perf5000-004792-a7b8ed38
zt-gateway  | [perf-request-in] ts_in=1777539093.148500 ts_out=1777539093.149146 gw_proc_ms=0.646 traceId=exp-perf5000-004780-9a849b8e
zt-gateway  | [perf-request-in] ts_in=1777539093.148910 ts_out=1777539093.149587 gw_proc_ms=0.677 traceId=exp-perf5000-004794-ec9061f7
zt-gateway  | [perf-request-in] ts_in=1777539093.149178 ts_out=1777539093.149832 gw_proc_ms=0.654 traceId=exp-perf5000-004782-a7b6b3ef
zt-gateway  | [perf-request-in] ts_in=1777539093.149626 ts_out=1777539093.150293 gw_proc_ms=0.667 traceId=exp-perf5000-004795-b21261d1
zt-gateway  | [perf-request-in] ts_in=1777539093.149865 ts_out=1777539093.150484 gw_proc_ms=0.619 traceId=exp-perf5000-004784-369d79be
zt-gateway  | [perf-request-in] ts_in=1777539093.150329 ts_out=1777539093.150993 gw_proc_ms=0.664 traceId=exp-perf5000-004797-620991f3
zt-gateway  | [perf-request-in] ts_in=1777539093.150518 ts_out=1777539093.151157 gw_proc_ms=0.639 traceId=exp-perf5000-004786-1a01d3a2
zt-gateway  | [perf-request-in] ts_in=1777539093.151030 ts_out=1777539093.151678 gw_proc_ms=0.648 traceId=exp-perf5000-004799-f7f3f899
zt-gateway  | [perf-request-in] ts_in=1777539093.151189 ts_out=1777539093.151816 gw_proc_ms=0.627 traceId=exp-perf5000-004788-f68db740
zt-gateway  | [perf-request-in] ts_in=1777539093.151714 ts_out=1777539093.152345 gw_proc_ms=0.631 traceId=exp-perf5000-004801-f7116cbd
zt-gateway  | [perf-request-in] ts_in=1777539093.151847 ts_out=1777539093.152446 gw_proc_ms=0.599 traceId=exp-perf5000-004791-01f2b2c3
zt-gateway  | [perf-request-in] ts_in=1777539093.152381 ts_out=1777539093.153025 gw_proc_ms=0.644 traceId=exp-perf5000-004803-c996ff59
zt-gateway  | [perf-request-in] ts_in=1777539093.152478 ts_out=1777539093.153080 gw_proc_ms=0.602 traceId=exp-perf5000-004793-3d77c94c
zt-gateway  | [perf-request-in] ts_in=1777539093.153061 ts_out=1777539093.153734 gw_proc_ms=0.673 traceId=exp-perf5000-004805-d686ac4a
zt-gateway  | [perf-request-in] ts_in=1777539093.153144 ts_out=1777539093.153824 gw_proc_ms=0.680 traceId=exp-perf5000-004796-bb8b2e45
zt-gateway  | [perf-request-in] ts_in=1777539093.153769 ts_out=1777539093.154401 gw_proc_ms=0.632 traceId=exp-perf5000-004807-73f0ae16
zt-gateway  | [perf-request-in] ts_in=1777539093.153869 ts_out=1777539093.154502 gw_proc_ms=0.633 traceId=exp-perf5000-004798-379c05dd
zt-gateway  | [perf-request-in] ts_in=1777539093.154439 ts_out=1777539093.155085 gw_proc_ms=0.646 traceId=exp-perf5000-004809-b8d3c08d
zt-gateway  | [perf-request-in] ts_in=1777539093.154542 ts_out=1777539093.155176 gw_proc_ms=0.634 traceId=exp-perf5000-004800-04d34154
zt-gateway  | [perf-request-in] ts_in=1777539093.155120 ts_out=1777539093.155732 gw_proc_ms=0.612 traceId=exp-perf5000-004811-ee12cecd
zt-gateway  | [perf-request-in] ts_in=1777539093.155209 ts_out=1777539093.155802 gw_proc_ms=0.593 traceId=exp-perf5000-004802-03f037ec
zt-gateway  | [perf-request-in] ts_in=1777539093.155757 ts_out=1777539093.156323 gw_proc_ms=0.566 traceId=exp-perf5000-004812-8c26bb6e
zt-gateway  | [perf-request-in] ts_in=1777539093.156344 ts_out=1777539093.156909 gw_proc_ms=0.565 traceId=exp-perf5000-004814-b01f6792
zt-gateway  | [perf-request-in] ts_in=1777539093.156926 ts_out=1777539093.157475 gw_proc_ms=0.549 traceId=exp-perf5000-004816-0faf328f
zt-gateway  | [perf-request-in] ts_in=1777539093.157490 ts_out=1777539093.158097 gw_proc_ms=0.607 traceId=exp-perf5000-004818-e7de383a
zt-gateway  | [perf-request-in] ts_in=1777539093.158126 ts_out=1777539093.159145 gw_proc_ms=1.019 traceId=exp-perf5000-004820-b13c29d0
zt-gateway  | [perf-request-in] ts_in=1777539093.158784 ts_out=1777539093.159450 gw_proc_ms=0.666 traceId=exp-perf5000-004804-aa3cc874
zt-gateway  | [perf-request-in] ts_in=1777539093.159180 ts_out=1777539093.159857 gw_proc_ms=0.677 traceId=exp-perf5000-004822-d50878e4
zt-gateway  | [perf-request-in] ts_in=1777539093.159485 ts_out=1777539093.160139 gw_proc_ms=0.654 traceId=exp-perf5000-004806-751dcb09
zt-gateway  | [perf-request-in] ts_in=1777539093.159889 ts_out=1777539093.160553 gw_proc_ms=0.664 traceId=exp-perf5000-004823-69c90d7f
zt-gateway  | [perf-request-in] ts_in=1777539093.160180 ts_out=1777539093.160816 gw_proc_ms=0.636 traceId=exp-perf5000-004808-0c63d753
zt-gateway  | [perf-request-in] ts_in=1777539093.160594 ts_out=1777539093.161247 gw_proc_ms=0.653 traceId=exp-perf5000-004825-30bfb2f5
zt-gateway  | [perf-request-in] ts_in=1777539093.160846 ts_out=1777539093.161509 gw_proc_ms=0.663 traceId=exp-perf5000-004810-4201a6e4
zt-gateway  | [perf-request-in] ts_in=1777539093.161289 ts_out=1777539093.161981 gw_proc_ms=0.692 traceId=exp-perf5000-004827-959022fb
zt-gateway  | [perf-request-in] ts_in=1777539093.161614 ts_out=1777539093.162293 gw_proc_ms=0.679 traceId=exp-perf5000-004813-f757aaf9
zt-gateway  | [perf-request-in] ts_in=1777539093.162020 ts_out=1777539093.162712 gw_proc_ms=0.692 traceId=exp-perf5000-004828-bdd3db9f
zt-gateway  | [perf-request-in] ts_in=1777539093.162343 ts_out=1777539093.163008 gw_proc_ms=0.665 traceId=exp-perf5000-004815-da570725
zt-gateway  | [perf-request-in] ts_in=1777539093.162748 ts_out=1777539093.163387 gw_proc_ms=0.639 traceId=exp-perf5000-004830-1dbe4569
zt-gateway  | [perf-request-in] ts_in=1777539093.163044 ts_out=1777539093.163683 gw_proc_ms=0.639 traceId=exp-perf5000-004817-ca682156
zt-gateway  | [perf-request-in] ts_in=1777539093.163422 ts_out=1777539093.164072 gw_proc_ms=0.650 traceId=exp-perf5000-004832-a39d8e57
zt-gateway  | [perf-request-in] ts_in=1777539093.163718 ts_out=1777539093.164330 gw_proc_ms=0.612 traceId=exp-perf5000-004819-91967876
zt-gateway  | [perf-request-in] ts_in=1777539093.164106 ts_out=1777539093.164755 gw_proc_ms=0.649 traceId=exp-perf5000-004834-2a54c1cd
zt-gateway  | [perf-request-in] ts_in=1777539093.164365 ts_out=1777539093.165051 gw_proc_ms=0.686 traceId=exp-perf5000-004821-6ea5a900
zt-gateway  | [perf-request-in] ts_in=1777539093.164787 ts_out=1777539093.165595 gw_proc_ms=0.808 traceId=exp-perf5000-004836-fa289c1c
zt-gateway  | [perf-request-in] ts_in=1777539093.165080 ts_out=1777539093.165875 gw_proc_ms=0.795 traceId=exp-perf5000-004824-865562b5
zt-gateway  | [perf-request-in] ts_in=1777539093.165633 ts_out=1777539093.166533 gw_proc_ms=0.900 traceId=exp-perf5000-004837-d255172f
zt-gateway  | [perf-request-in] ts_in=1777539093.165919 ts_out=1777539093.166679 gw_proc_ms=0.760 traceId=exp-perf5000-004826-70831742
zt-gateway  | [perf-request-in] ts_in=1777539093.166561 ts_out=1777539093.167332 gw_proc_ms=0.771 traceId=exp-perf5000-004840-c5299f7e
zt-gateway  | [perf-request-in] ts_in=1777539093.166702 ts_out=1777539093.167425 gw_proc_ms=0.723 traceId=exp-perf5000-004829-59c1b02f
zt-gateway  | [perf-request-in] ts_in=1777539093.167365 ts_out=1777539093.168294 gw_proc_ms=0.929 traceId=exp-perf5000-004841-12de9269
zt-gateway  | [perf-request-in] ts_in=1777539093.167456 ts_out=1777539093.168339 gw_proc_ms=0.883 traceId=exp-perf5000-004831-616e1280
zt-gateway  | [perf-request-in] ts_in=1777539093.168366 ts_out=1777539093.168999 gw_proc_ms=0.633 traceId=exp-perf5000-004833-adbd78bc
zt-gateway  | [perf-request-in] ts_in=1777539093.168339 ts_out=1777539093.168999 gw_proc_ms=0.660 traceId=exp-perf5000-004844-7d40713d
zt-gateway  | [perf-request-in] ts_in=1777539093.169034 ts_out=1777539093.169661 gw_proc_ms=0.627 traceId=exp-perf5000-004835-facc8ad4
zt-gateway  | [perf-request-in] ts_in=1777539093.169035 ts_out=1777539093.169682 gw_proc_ms=0.647 traceId=exp-perf5000-004845-e4a44af6
zt-gateway  | [perf-request-in] ts_in=1777539093.169687 ts_out=1777539093.170295 gw_proc_ms=0.608 traceId=exp-perf5000-004838-0f52264d
zt-gateway  | [perf-request-in] ts_in=1777539093.169704 ts_out=1777539093.170338 gw_proc_ms=0.634 traceId=exp-perf5000-004847-0bf48af8
zt-gateway  | [perf-request-in] ts_in=1777539093.170324 ts_out=1777539093.170927 gw_proc_ms=0.603 traceId=exp-perf5000-004839-eb38d614
zt-gateway  | [perf-request-in] ts_in=1777539093.170366 ts_out=1777539093.170994 gw_proc_ms=0.628 traceId=exp-perf5000-004849-88c19628
zt-gateway  | [perf-request-in] ts_in=1777539093.170955 ts_out=1777539093.171584 gw_proc_ms=0.629 traceId=exp-perf5000-004842-a0ed794b
zt-gateway  | [perf-request-in] ts_in=1777539093.171026 ts_out=1777539093.171693 gw_proc_ms=0.667 traceId=exp-perf5000-004851-83c703e5
zt-gateway  | [perf-request-in] ts_in=1777539093.171620 ts_out=1777539093.172232 gw_proc_ms=0.612 traceId=exp-perf5000-004843-28060177
zt-gateway  | [perf-request-in] ts_in=1777539093.171732 ts_out=1777539093.172370 gw_proc_ms=0.638 traceId=exp-perf5000-004853-e464eeaa
zt-gateway  | [perf-request-in] ts_in=1777539093.172262 ts_out=1777539093.172883 gw_proc_ms=0.621 traceId=exp-perf5000-004846-9c193465
zt-gateway  | [perf-request-in] ts_in=1777539093.172398 ts_out=1777539093.173038 gw_proc_ms=0.640 traceId=exp-perf5000-004855-40a05575
zt-gateway  | [perf-request-in] ts_in=1777539093.172912 ts_out=1777539093.173516 gw_proc_ms=0.604 traceId=exp-perf5000-004848-b09b4568
zt-gateway  | [perf-request-in] ts_in=1777539093.173069 ts_out=1777539093.173707 gw_proc_ms=0.638 traceId=exp-perf5000-004857-2277a16e
zt-gateway  | [perf-request-in] ts_in=1777539093.173552 ts_out=1777539093.174148 gw_proc_ms=0.596 traceId=exp-perf5000-004850-b27c6c5b
zt-gateway  | [perf-request-in] ts_in=1777539093.173732 ts_out=1777539093.174352 gw_proc_ms=0.620 traceId=exp-perf5000-004859-6c31e925
zt-gateway  | [perf-request-in] ts_in=1777539093.174168 ts_out=1777539093.174852 gw_proc_ms=0.684 traceId=exp-perf5000-004852-4146c314
zt-gateway  | [perf-request-in] ts_in=1777539093.174381 ts_out=1777539093.175017 gw_proc_ms=0.636 traceId=exp-perf5000-004861-a0cfc72c
zt-gateway  | [perf-request-in] ts_in=1777539093.174898 ts_out=1777539093.175528 gw_proc_ms=0.630 traceId=exp-perf5000-004854-a2bb7f38
zt-gateway  | [perf-request-in] ts_in=1777539093.175044 ts_out=1777539093.175676 gw_proc_ms=0.632 traceId=exp-perf5000-004863-8483ae3d
zt-gateway  | [perf-request-in] ts_in=1777539093.175590 ts_out=1777539093.176176 gw_proc_ms=0.586 traceId=exp-perf5000-004856-031c006e
zt-gateway  | [perf-request-in] ts_in=1777539093.175698 ts_out=1777539093.176284 gw_proc_ms=0.586 traceId=exp-perf5000-004865-90e5d5ca
zt-gateway  | [perf-request-in] ts_in=1777539093.176199 ts_out=1777539093.176774 gw_proc_ms=0.575 traceId=exp-perf5000-004858-a2ad5c72
zt-gateway  | [perf-request-in] ts_in=1777539093.176304 ts_out=1777539093.176886 gw_proc_ms=0.582 traceId=exp-perf5000-004867-643cc4d5
zt-gateway  | [perf-request-in] ts_in=1777539093.176906 ts_out=1777539093.177549 gw_proc_ms=0.643 traceId=exp-perf5000-004869-1a953ddc
zt-gateway  | [perf-request-in] ts_in=1777539093.176796 ts_out=1777539093.177672 gw_proc_ms=0.876 traceId=exp-perf5000-004860-4f01058d
zt-gateway  | [perf-request-in] ts_in=1777539093.177589 ts_out=1777539093.178231 gw_proc_ms=0.642 traceId=exp-perf5000-004871-7e8a1b3e
zt-gateway  | [perf-request-in] ts_in=1777539093.177705 ts_out=1777539093.178414 gw_proc_ms=0.709 traceId=exp-perf5000-004862-c3d378eb
zt-gateway  | [perf-request-in] ts_in=1777539093.178266 ts_out=1777539093.178930 gw_proc_ms=0.664 traceId=exp-perf5000-004872-6bb31053
zt-gateway  | [perf-request-in] ts_in=1777539093.178552 ts_out=1777539093.179315 gw_proc_ms=0.763 traceId=exp-perf5000-004864-8b1da88a
zt-gateway  | [perf-request-in] ts_in=1777539093.178968 ts_out=1777539093.179626 gw_proc_ms=0.658 traceId=exp-perf5000-004875-7fdc7fdd
zt-gateway  | [perf-request-in] ts_in=1777539093.179359 ts_out=1777539093.179993 gw_proc_ms=0.634 traceId=exp-perf5000-004866-c25d22d0
zt-gateway  | [perf-request-in] ts_in=1777539093.179654 ts_out=1777539093.180278 gw_proc_ms=0.624 traceId=exp-perf5000-004877-45d648d5
zt-gateway  | [perf-request-in] ts_in=1777539093.180031 ts_out=1777539093.180647 gw_proc_ms=0.616 traceId=exp-perf5000-004868-cd561fa5
zt-gateway  | [perf-request-in] ts_in=1777539093.180319 ts_out=1777539093.180946 gw_proc_ms=0.627 traceId=exp-perf5000-004879-70daac4b
zt-gateway  | [perf-request-in] ts_in=1777539093.180680 ts_out=1777539093.181277 gw_proc_ms=0.597 traceId=exp-perf5000-004870-1c8147b7
zt-gateway  | [perf-request-in] ts_in=1777539093.180982 ts_out=1777539093.181604 gw_proc_ms=0.622 traceId=exp-perf5000-004880-553c8d5b
zt-gateway  | [perf-request-in] ts_in=1777539093.181311 ts_out=1777539093.181909 gw_proc_ms=0.598 traceId=exp-perf5000-004873-797ea6cf
zt-gateway  | [perf-request-in] ts_in=1777539093.181642 ts_out=1777539093.182271 gw_proc_ms=0.629 traceId=exp-perf5000-004882-40c5ef63
zt-gateway  | [perf-request-in] ts_in=1777539093.181944 ts_out=1777539093.182531 gw_proc_ms=0.587 traceId=exp-perf5000-004874-0d40a5f5
zt-gateway  | [perf-request-in] ts_in=1777539093.182307 ts_out=1777539093.182940 gw_proc_ms=0.633 traceId=exp-perf5000-004884-34cb5471
zt-gateway  | [perf-request-in] ts_in=1777539093.182578 ts_out=1777539093.183208 gw_proc_ms=0.630 traceId=exp-perf5000-004876-071a2134
zt-gateway  | [perf-request-in] ts_in=1777539093.182982 ts_out=1777539093.183654 gw_proc_ms=0.672 traceId=exp-perf5000-004886-a51d1473
zt-gateway  | [perf-request-in] ts_in=1777539093.183247 ts_out=1777539093.183889 gw_proc_ms=0.642 traceId=exp-perf5000-004878-e836e151
zt-gateway  | [perf-request-in] ts_in=1777539093.183693 ts_out=1777539093.184332 gw_proc_ms=0.639 traceId=exp-perf5000-004888-814bff6c
zt-gateway  | [perf-request-in] ts_in=1777539093.183920 ts_out=1777539093.184554 gw_proc_ms=0.634 traceId=exp-perf5000-004881-aebfb910
zt-gateway  | [perf-request-in] ts_in=1777539093.184373 ts_out=1777539093.185041 gw_proc_ms=0.668 traceId=exp-perf5000-004890-2f05dbac
zt-gateway  | [perf-request-in] ts_in=1777539093.184600 ts_out=1777539093.185226 gw_proc_ms=0.626 traceId=exp-perf5000-004883-6bdd5070
zt-gateway  | [perf-request-in] ts_in=1777539093.185078 ts_out=1777539093.185749 gw_proc_ms=0.671 traceId=exp-perf5000-004892-6f1a2c06
zt-gateway  | [perf-request-in] ts_in=1777539093.185261 ts_out=1777539093.185891 gw_proc_ms=0.630 traceId=exp-perf5000-004885-6eb56d37
zt-gateway  | [perf-request-in] ts_in=1777539093.185786 ts_out=1777539093.186444 gw_proc_ms=0.658 traceId=exp-perf5000-004894-b23e4805
zt-gateway  | [perf-request-in] ts_in=1777539093.185927 ts_out=1777539093.186575 gw_proc_ms=0.648 traceId=exp-perf5000-004887-b92b425d
zt-gateway  | [perf-request-in] ts_in=1777539093.186482 ts_out=1777539093.187153 gw_proc_ms=0.671 traceId=exp-perf5000-004896-d3a07cf4
zt-gateway  | [perf-request-in] ts_in=1777539093.186606 ts_out=1777539093.187242 gw_proc_ms=0.636 traceId=exp-perf5000-004889-6926c934
zt-gateway  | [perf-request-in] ts_in=1777539093.187194 ts_out=1777539093.187856 gw_proc_ms=0.662 traceId=exp-perf5000-004898-4065d2bc
zt-gateway  | [perf-request-in] ts_in=1777539093.187274 ts_out=1777539093.187970 gw_proc_ms=0.696 traceId=exp-perf5000-004891-af98caff
zt-gateway  | [perf-request-in] ts_in=1777539093.187891 ts_out=1777539093.188523 gw_proc_ms=0.632 traceId=exp-perf5000-004900-d8aab71e
zt-gateway  | [perf-request-in] ts_in=1777539093.188089 ts_out=1777539093.188691 gw_proc_ms=0.602 traceId=exp-perf5000-004893-286af4c8
zt-gateway  | [perf-request-in] ts_in=1777539093.188555 ts_out=1777539093.189242 gw_proc_ms=0.687 traceId=exp-perf5000-004902-06563454
zt-gateway  | [perf-request-in] ts_in=1777539093.188724 ts_out=1777539093.189364 gw_proc_ms=0.640 traceId=exp-perf5000-004895-057f24ff
zt-gateway  | [perf-request-in] ts_in=1777539093.189284 ts_out=1777539093.189963 gw_proc_ms=0.679 traceId=exp-perf5000-004905-6bbd204f
zt-gateway  | [perf-request-in] ts_in=1777539093.189397 ts_out=1777539093.190073 gw_proc_ms=0.676 traceId=exp-perf5000-004897-779d9a66
zt-gateway  | [perf-request-in] ts_in=1777539093.190068 ts_out=1777539093.190788 gw_proc_ms=0.720 traceId=exp-perf5000-004906-0273161b
zt-gateway  | [perf-request-in] ts_in=1777539093.190297 ts_out=1777539093.190969 gw_proc_ms=0.672 traceId=exp-perf5000-004899-612eb955
zt-gateway  | [perf-request-in] ts_in=1777539093.190827 ts_out=1777539093.191460 gw_proc_ms=0.633 traceId=exp-perf5000-004909-691b71d4
zt-gateway  | [perf-request-in] ts_in=1777539093.191007 ts_out=1777539093.191622 gw_proc_ms=0.615 traceId=exp-perf5000-004901-60daaffb
zt-gateway  | [perf-request-in] ts_in=1777539093.191499 ts_out=1777539093.192142 gw_proc_ms=0.643 traceId=exp-perf5000-004910-8243b7d1
zt-gateway  | [perf-request-in] ts_in=1777539093.191657 ts_out=1777539093.192274 gw_proc_ms=0.617 traceId=exp-perf5000-004903-5b01eeaf
zt-gateway  | [perf-request-in] ts_in=1777539093.192185 ts_out=1777539093.192867 gw_proc_ms=0.682 traceId=exp-perf5000-004912-4a68678a
zt-gateway  | [perf-request-in] ts_in=1777539093.192307 ts_out=1777539093.192961 gw_proc_ms=0.654 traceId=exp-perf5000-004904-b7b5a18c
zt-gateway  | [perf-request-in] ts_in=1777539093.192989 ts_out=1777539093.193669 gw_proc_ms=0.680 traceId=exp-perf5000-004907-d423b35c
zt-gateway  | [perf-request-in] ts_in=1777539093.192927 ts_out=1777539093.193700 gw_proc_ms=0.773 traceId=exp-perf5000-004913-9cb6bf97
zt-gateway  | [perf-request-in] ts_in=1777539093.193703 ts_out=1777539093.194345 gw_proc_ms=0.642 traceId=exp-perf5000-004908-16025f39
zt-gateway  | [perf-request-in] ts_in=1777539093.193743 ts_out=1777539093.194443 gw_proc_ms=0.700 traceId=exp-perf5000-004914-044b71f7
zt-gateway  | [perf-request-in] ts_in=1777539093.194379 ts_out=1777539093.194995 gw_proc_ms=0.616 traceId=exp-perf5000-004911-7f9797bf
zt-gateway  | [perf-request-in] ts_in=1777539093.194486 ts_out=1777539093.195118 gw_proc_ms=0.632 traceId=exp-perf5000-004915-4ddfe131
zt-gateway  | [perf-request-in] ts_in=1777539093.195024 ts_out=1777539093.195622 gw_proc_ms=0.598 traceId=exp-perf5000-004916-d3e9fa83
zt-gateway  | [perf-request-in] ts_in=1777539093.195153 ts_out=1777539093.195785 gw_proc_ms=0.632 traceId=exp-perf5000-004917-510114a7
zt-gateway  | [perf-request-in] ts_in=1777539093.195650 ts_out=1777539093.196239 gw_proc_ms=0.589 traceId=exp-perf5000-004919-fe7df9ae
zt-gateway  | [perf-request-in] ts_in=1777539093.195810 ts_out=1777539093.196404 gw_proc_ms=0.594 traceId=exp-perf5000-004918-c44d4e48
zt-gateway  | [perf-request-in] ts_in=1777539093.196263 ts_out=1777539093.196837 gw_proc_ms=0.574 traceId=exp-perf5000-004921-77487423
zt-gateway  | [perf-request-in] ts_in=1777539093.196432 ts_out=1777539093.197029 gw_proc_ms=0.597 traceId=exp-perf5000-004920-0818e352
zt-gateway  | [perf-request-in] ts_in=1777539093.196860 ts_out=1777539093.197419 gw_proc_ms=0.559 traceId=exp-perf5000-004923-bc809334
zt-gateway  | [perf-request-in] ts_in=1777539093.197051 ts_out=1777539093.197622 gw_proc_ms=0.571 traceId=exp-perf5000-004922-0bce6449
zt-gateway  | [perf-request-in] ts_in=1777539093.197438 ts_out=1777539093.198119 gw_proc_ms=0.681 traceId=exp-perf5000-004925-962d55b0
zt-gateway  | [perf-request-in] ts_in=1777539093.197644 ts_out=1777539093.198235 gw_proc_ms=0.591 traceId=exp-perf5000-004924-e32e804f
zt-gateway  | [perf-request-in] ts_in=1777539093.198270 ts_out=1777539093.198947 gw_proc_ms=0.677 traceId=exp-perf5000-004930-bf4422cf
zt-gateway  | [perf-request-in] ts_in=1777539093.198368 ts_out=1777539093.199404 gw_proc_ms=1.036 traceId=exp-perf5000-004931-b07a1a54
zt-gateway  | [perf-request-in] ts_in=1777539093.198994 ts_out=1777539093.199630 gw_proc_ms=0.636 traceId=exp-perf5000-004927-1c592537
zt-gateway  | [perf-request-in] ts_in=1777539093.199453 ts_out=1777539093.200097 gw_proc_ms=0.644 traceId=exp-perf5000-004929-593b172f
zt-gateway  | [perf-request-in] ts_in=1777539093.199670 ts_out=1777539093.200303 gw_proc_ms=0.633 traceId=exp-perf5000-004926-5a9e1805
zt-gateway  | [perf-request-in] ts_in=1777539093.200130 ts_out=1777539093.200762 gw_proc_ms=0.632 traceId=exp-perf5000-004928-21656016
zt-gateway  | [perf-request-in] ts_in=1777539093.200487 ts_out=1777539093.201131 gw_proc_ms=0.644 traceId=exp-perf5000-004933-4e47f682
zt-gateway  | [perf-request-in] ts_in=1777539093.200796 ts_out=1777539093.201398 gw_proc_ms=0.602 traceId=exp-perf5000-004932-c4fd6142
zt-gateway  | [perf-request-in] ts_in=1777539093.201172 ts_out=1777539093.201791 gw_proc_ms=0.619 traceId=exp-perf5000-004935-9c50e4e5
zt-gateway  | [perf-request-in] ts_in=1777539093.201430 ts_out=1777539093.202028 gw_proc_ms=0.598 traceId=exp-perf5000-004934-0f7ae42e
zt-gateway  | [perf-request-in] ts_in=1777539093.201831 ts_out=1777539093.202429 gw_proc_ms=0.598 traceId=exp-perf5000-004937-497b67fe
zt-gateway  | [perf-request-in] ts_in=1777539093.202062 ts_out=1777539093.202687 gw_proc_ms=0.625 traceId=exp-perf5000-004936-7af02199
zt-gateway  | [perf-request-in] ts_in=1777539093.202467 ts_out=1777539093.203175 gw_proc_ms=0.708 traceId=exp-perf5000-004939-5502d82b
zt-gateway  | [perf-request-in] ts_in=1777539093.202723 ts_out=1777539093.203402 gw_proc_ms=0.679 traceId=exp-perf5000-004938-1e3abc41
zt-gateway  | [perf-request-in] ts_in=1777539093.203219 ts_out=1777539093.203959 gw_proc_ms=0.740 traceId=exp-perf5000-004940-e6cc64bd
zt-gateway  | [perf-request-in] ts_in=1777539093.203438 ts_out=1777539093.204133 gw_proc_ms=0.695 traceId=exp-perf5000-004941-069e0266
zt-gateway  | [perf-request-in] ts_in=1777539093.204000 ts_out=1777539093.204679 gw_proc_ms=0.679 traceId=exp-perf5000-004942-da651e47
zt-gateway  | [perf-request-in] ts_in=1777539093.204163 ts_out=1777539093.204803 gw_proc_ms=0.640 traceId=exp-perf5000-004943-c0a24fcf
zt-gateway  | [perf-request-in] ts_in=1777539093.204715 ts_out=1777539093.205335 gw_proc_ms=0.620 traceId=exp-perf5000-004945-a73b215c
zt-gateway  | [perf-request-in] ts_in=1777539093.204830 ts_out=1777539093.205432 gw_proc_ms=0.602 traceId=exp-perf5000-004944-007fd046
zt-gateway  | [perf-request-in] ts_in=1777539093.205368 ts_out=1777539093.206014 gw_proc_ms=0.646 traceId=exp-perf5000-004947-636d7521
zt-gateway  | [perf-request-in] ts_in=1777539093.205467 ts_out=1777539093.206088 gw_proc_ms=0.621 traceId=exp-perf5000-004946-0a90bde4
zt-gateway  | [perf-request-in] ts_in=1777539093.206044 ts_out=1777539093.206671 gw_proc_ms=0.627 traceId=exp-perf5000-004949-f418988b
zt-gateway  | [perf-request-in] ts_in=1777539093.206119 ts_out=1777539093.206735 gw_proc_ms=0.616 traceId=exp-perf5000-004948-b977a1a5
zt-gateway  | [perf-request-in] ts_in=1777539093.206705 ts_out=1777539093.207338 gw_proc_ms=0.633 traceId=exp-perf5000-004951-747b6540
zt-gateway  | [perf-request-in] ts_in=1777539093.206766 ts_out=1777539093.207373 gw_proc_ms=0.607 traceId=exp-perf5000-004950-24d70014
zt-gateway  | [perf-request-in] ts_in=1777539093.207405 ts_out=1777539093.208033 gw_proc_ms=0.628 traceId=exp-perf5000-004952-58064f42
zt-gateway  | [perf-request-in] ts_in=1777539093.207411 ts_out=1777539093.208325 gw_proc_ms=0.914 traceId=exp-perf5000-004953-415b1a13
zt-gateway  | [perf-request-in] ts_in=1777539093.208066 ts_out=1777539093.208712 gw_proc_ms=0.646 traceId=exp-perf5000-004955-3faca46d
zt-gateway  | [perf-request-in] ts_in=1777539093.208367 ts_out=1777539093.209022 gw_proc_ms=0.655 traceId=exp-perf5000-004954-2cd16277
zt-gateway  | [perf-request-in] ts_in=1777539093.208740 ts_out=1777539093.209349 gw_proc_ms=0.609 traceId=exp-perf5000-004956-c6d85295
zt-gateway  | [perf-request-in] ts_in=1777539093.209060 ts_out=1777539093.209724 gw_proc_ms=0.664 traceId=exp-perf5000-004957-41489880
zt-gateway  | [perf-request-in] ts_in=1777539093.209382 ts_out=1777539093.210082 gw_proc_ms=0.700 traceId=exp-perf5000-004961-f778ae94
zt-gateway  | [perf-request-in] ts_in=1777539093.209765 ts_out=1777539093.210403 gw_proc_ms=0.638 traceId=exp-perf5000-004958-effe55bb
zt-gateway  | [perf-request-in] ts_in=1777539093.210132 ts_out=1777539093.210872 gw_proc_ms=0.740 traceId=exp-perf5000-004963-a3e8b6c6
zt-gateway  | [perf-request-in] ts_in=1777539093.210447 ts_out=1777539093.211122 gw_proc_ms=0.675 traceId=exp-perf5000-004959-557198f2
zt-gateway  | [perf-request-in] ts_in=1777539093.210924 ts_out=1777539093.211614 gw_proc_ms=0.690 traceId=exp-perf5000-004962-4a3fdd26
zt-gateway  | [perf-request-in] ts_in=1777539093.211164 ts_out=1777539093.211813 gw_proc_ms=0.649 traceId=exp-perf5000-004960-58960c98
zt-gateway  | [perf-request-in] ts_in=1777539093.211681 ts_out=1777539093.212329 gw_proc_ms=0.648 traceId=exp-perf5000-004964-965bee55
zt-gateway  | [perf-request-in] ts_in=1777539093.211847 ts_out=1777539093.212480 gw_proc_ms=0.633 traceId=exp-perf5000-004965-ed1aaf77
zt-gateway  | [perf-request-in] ts_in=1777539093.212362 ts_out=1777539093.213015 gw_proc_ms=0.653 traceId=exp-perf5000-004967-37bf248b
zt-gateway  | [perf-request-in] ts_in=1777539093.212511 ts_out=1777539093.213208 gw_proc_ms=0.697 traceId=exp-perf5000-004966-a0f35645
zt-gateway  | [perf-request-in] ts_in=1777539093.213053 ts_out=1777539093.213716 gw_proc_ms=0.663 traceId=exp-perf5000-004969-4664b543
zt-gateway  | [perf-request-in] ts_in=1777539093.213254 ts_out=1777539093.213920 gw_proc_ms=0.666 traceId=exp-perf5000-004968-0d789a67
zt-gateway  | [perf-request-in] ts_in=1777539093.213763 ts_out=1777539093.214372 gw_proc_ms=0.609 traceId=exp-perf5000-004971-b2f78ffc
zt-gateway  | [perf-request-in] ts_in=1777539093.213959 ts_out=1777539093.214598 gw_proc_ms=0.639 traceId=exp-perf5000-004970-623203be
zt-gateway  | [perf-request-in] ts_in=1777539093.214411 ts_out=1777539093.215040 gw_proc_ms=0.629 traceId=exp-perf5000-004973-631a2cf4
zt-gateway  | [perf-request-in] ts_in=1777539093.214634 ts_out=1777539093.215268 gw_proc_ms=0.634 traceId=exp-perf5000-004972-066930df
zt-gateway  | [perf-request-in] ts_in=1777539093.215076 ts_out=1777539093.215701 gw_proc_ms=0.625 traceId=exp-perf5000-004975-555e957c
zt-gateway  | [perf-request-in] ts_in=1777539093.215308 ts_out=1777539093.215965 gw_proc_ms=0.657 traceId=exp-perf5000-004974-2af33094
zt-gateway  | [perf-request-in] ts_in=1777539093.215739 ts_out=1777539093.216377 gw_proc_ms=0.638 traceId=exp-perf5000-004977-3ecc1af7
zt-gateway  | [perf-request-in] ts_in=1777539093.215999 ts_out=1777539093.216682 gw_proc_ms=0.683 traceId=exp-perf5000-004976-f6969c8c
zt-gateway  | [perf-request-in] ts_in=1777539093.216413 ts_out=1777539093.217028 gw_proc_ms=0.615 traceId=exp-perf5000-004979-6e89af61
zt-gateway  | [perf-request-in] ts_in=1777539093.216710 ts_out=1777539093.217332 gw_proc_ms=0.622 traceId=exp-perf5000-004978-56bf7983
zt-gateway  | [perf-request-in] ts_in=1777539093.217063 ts_out=1777539093.217700 gw_proc_ms=0.637 traceId=exp-perf5000-004981-aebd4fd5
zt-gateway  | [perf-request-in] ts_in=1777539093.217368 ts_out=1777539093.218026 gw_proc_ms=0.658 traceId=exp-perf5000-004980-821a958c
zt-gateway  | [perf-request-in] ts_in=1777539093.217736 ts_out=1777539093.218342 gw_proc_ms=0.606 traceId=exp-perf5000-004983-4cc63b2a
zt-gateway  | [perf-request-in] ts_in=1777539093.218063 ts_out=1777539093.218688 gw_proc_ms=0.625 traceId=exp-perf5000-004982-7f161524
zt-gateway  | [perf-request-in] ts_in=1777539093.218380 ts_out=1777539093.219000 gw_proc_ms=0.620 traceId=exp-perf5000-004985-7d0ad5be
zt-gateway  | [perf-request-in] ts_in=1777539093.218724 ts_out=1777539093.219419 gw_proc_ms=0.695 traceId=exp-perf5000-004984-aed261fe
zt-gateway  | [perf-request-in] ts_in=1777539093.219040 ts_out=1777539093.219776 gw_proc_ms=0.736 traceId=exp-perf5000-004987-b988e2f7
zt-gateway  | [perf-request-in] ts_in=1777539093.219455 ts_out=1777539093.220123 gw_proc_ms=0.668 traceId=exp-perf5000-004986-379cfcb9
zt-gateway  | [perf-request-in] ts_in=1777539093.219812 ts_out=1777539093.220465 gw_proc_ms=0.653 traceId=exp-perf5000-004989-3cf2b101
zt-gateway  | [perf-request-in] ts_in=1777539093.220156 ts_out=1777539093.220828 gw_proc_ms=0.672 traceId=exp-perf5000-004988-a21411ab
zt-gateway  | [perf-request-in] ts_in=1777539093.220500 ts_out=1777539093.221126 gw_proc_ms=0.626 traceId=exp-perf5000-004991-267a7b5e
zt-gateway  | [perf-request-in] ts_in=1777539093.220866 ts_out=1777539093.221522 gw_proc_ms=0.656 traceId=exp-perf5000-004990-13054913
zt-gateway  | [perf-request-in] ts_in=1777539093.221163 ts_out=1777539093.221816 gw_proc_ms=0.653 traceId=exp-perf5000-004993-a4897a06
zt-gateway  | [perf-request-in] ts_in=1777539093.221556 ts_out=1777539093.222207 gw_proc_ms=0.651 traceId=exp-perf5000-004992-3262ae5f
zt-gateway  | [perf-request-in] ts_in=1777539093.221850 ts_out=1777539093.222464 gw_proc_ms=0.614 traceId=exp-perf5000-004995-54047db6
zt-gateway  | [perf-request-in] ts_in=1777539093.222241 ts_out=1777539093.222919 gw_proc_ms=0.678 traceId=exp-perf5000-004994-488fcb25
zt-gateway  | [perf-request-in] ts_in=1777539093.222496 ts_out=1777539093.223149 gw_proc_ms=0.653 traceId=exp-perf5000-004997-6f222f11
zt-gateway  | [perf-request-in] ts_in=1777539093.222965 ts_out=1777539093.223605 gw_proc_ms=0.640 traceId=exp-perf5000-004996-cc2f63c3
zt-gateway  | [perf-request-in] ts_in=1777539093.223182 ts_out=1777539093.223813 gw_proc_ms=0.631 traceId=exp-perf5000-004999-5533e426
zt-gateway  | [perf-request-in] ts_in=1777539093.223644 ts_out=1777539093.224308 gw_proc_ms=0.664 traceId=exp-perf5000-004998-9eb473fb
[perf-mtls] handshake_ms=2.305 connect_ms=0.054 total_ms=2.971 url=https://localhost:18443/
[perf-mtls] handshake_ms=1.997 connect_ms=0.043 total_ms=2.570 url=https://localhost:18443/
[perf-mtls] handshake_ms=1.957 connect_ms=0.040 total_ms=2.596 url=https://localhost:18443/
[perf-mtls] handshake_ms=1.937 connect_ms=0.033 total_ms=2.535 url=https://localhost:18443/
[perf-mtls] handshake_ms=1.918 connect_ms=0.040 total_ms=2.461 url=https://localhost:18443/
[perf-mtls] handshake_ms=1.946 connect_ms=0.033 total_ms=2.602 url=https://localhost:18443/
[perf-mtls] handshake_ms=2.129 connect_ms=0.030 total_ms=2.735 url=https://localhost:18443/
[perf-mtls] handshake_ms=1.987 connect_ms=0.037 total_ms=2.583 url=https://localhost:18443/
[perf-mtls] handshake_ms=1.903 connect_ms=0.030 total_ms=2.449 url=https://localhost:18443/
[perf-mtls] handshake_ms=1.960 connect_ms=0.040 total_ms=2.626 url=https://localhost:18443/
[perf-mtls] handshake_ms=2.079 connect_ms=0.028 total_ms=2.722 url=https://localhost:18443/
[perf-mtls] handshake_ms=1.919 connect_ms=0.036 total_ms=2.518 url=https://localhost:18443/
[perf-mtls] handshake_ms=1.903 connect_ms=0.031 total_ms=2.457 url=https://localhost:18443/
[perf-mtls] handshake_ms=1.851 connect_ms=0.028 total_ms=2.438 url=https://localhost:18443/
[perf-mtls] handshake_ms=1.920 connect_ms=0.042 total_ms=2.508 url=https://localhost:18443/
[perf-mtls] handshake_ms=1.944 connect_ms=0.040 total_ms=2.503 url=https://localhost:18443/
[perf-mtls] handshake_ms=2.273 connect_ms=0.031 total_ms=2.977 url=https://localhost:18443/
[perf-mtls] handshake_ms=3.253 connect_ms=0.064 total_ms=4.185 url=https://localhost:18443/
[perf-mtls] handshake_ms=2.964 connect_ms=0.069 total_ms=3.830 url=https://localhost:18443/
[perf-mtls] handshake_ms=2.256 connect_ms=0.075 total_ms=2.908 url=https://localhost:18443/
[perf-mtls] handshake_ms=2.716 connect_ms=0.070 total_ms=3.508 url=https://localhost:18443/
[perf-mtls] handshake_ms=2.497 connect_ms=0.072 total_ms=3.225 url=https://localhost:18443/
[perf-mtls] handshake_ms=2.198 connect_ms=0.053 total_ms=2.922 url=https://localhost:18443/
[perf-mtls] handshake_ms=2.339 connect_ms=0.063 total_ms=3.296 url=https://localhost:18443/
[perf-mtls] handshake_ms=2.908 connect_ms=0.096 total_ms=4.176 url=https://localhost:18443/
[perf-mtls] handshake_ms=3.660 connect_ms=0.093 total_ms=4.633 url=https://localhost:18443/
[perf-mtls] handshake_ms=2.393 connect_ms=0.070 total_ms=3.103 url=https://localhost:18443/
[perf-mtls] handshake_ms=2.301 connect_ms=0.047 total_ms=2.985 url=https://localhost:18443/
[perf-mtls] handshake_ms=4.129 connect_ms=0.069 total_ms=5.481 url=https://localhost:18443/
[perf-mtls] handshake_ms=3.665 connect_ms=1.142 total_ms=4.524 url=https://localhost:18443/
[perf-mtls] handshake_ms=2.856 connect_ms=0.075 total_ms=3.642 url=https://localhost:18443/
[perf-mtls] handshake_ms=4.071 connect_ms=0.120 total_ms=5.366 url=https://localhost:18443/
[perf-mtls] handshake_ms=5.807 connect_ms=0.117 total_ms=7.231 url=https://localhost:18443/
[perf-mtls] handshake_ms=3.660 connect_ms=0.078 total_ms=5.366 url=https://localhost:18443/
[perf-mtls] handshake_ms=4.346 connect_ms=0.078 total_ms=5.356 url=https://localhost:18443/
[perf-mtls] handshake_ms=3.357 connect_ms=0.090 total_ms=7.476 url=https://localhost:18443/
[perf-mtls] handshake_ms=2.310 connect_ms=0.079 total_ms=3.133 url=https://localhost:18443/
[perf-mtls] handshake_ms=3.453 connect_ms=0.093 total_ms=5.026 url=https://localhost:18443/
[perf-mtls] handshake_ms=3.507 connect_ms=0.082 total_ms=5.699 url=https://localhost:18443/
[perf-mtls] handshake_ms=2.640 connect_ms=0.073 total_ms=3.572 url=https://localhost:18443/
[perf-mtls] handshake_ms=2.471 connect_ms=0.062 total_ms=3.170 url=https://localhost:18443/
[perf-mtls] handshake_ms=2.195 connect_ms=0.065 total_ms=2.870 url=https://localhost:18443/
[perf-mtls] handshake_ms=2.399 connect_ms=0.042 total_ms=3.203 url=https://localhost:18443/
[perf-mtls] handshake_ms=2.099 connect_ms=0.050 total_ms=2.720 url=https://localhost:18443/
[perf-mtls] handshake_ms=2.037 connect_ms=0.035 total_ms=2.662 url=https://localhost:18443/
[perf-mtls] handshake_ms=2.712 connect_ms=0.038 total_ms=3.546 url=https://localhost:18443/
[perf-mtls] handshake_ms=2.519 connect_ms=0.049 total_ms=3.241 url=https://localhost:18443/
[perf-mtls] handshake_ms=2.141 connect_ms=0.043 total_ms=2.795 url=https://localhost:18443/
[perf-mtls] handshake_ms=3.310 connect_ms=0.080 total_ms=4.289 url=https://localhost:18443/
[perf-mtls] handshake_ms=2.241 connect_ms=0.058 total_ms=2.908 url=https://localhost:18443/
[perf-mtls] handshake_ms=2.173 connect_ms=0.053 total_ms=2.891 url=https://localhost:18443/
[perf-mtls] handshake_ms=2.085 connect_ms=0.035 total_ms=2.714 url=https://localhost:18443/
[perf-mtls] handshake_ms=2.058 connect_ms=0.062 total_ms=2.736 url=https://localhost:18443/
[perf-mtls] handshake_ms=2.144 connect_ms=0.048 total_ms=2.767 url=https://localhost:18443/
[perf-mtls] handshake_ms=2.064 connect_ms=0.036 total_ms=2.708 url=https://localhost:18443/
[perf-mtls] handshake_ms=2.137 connect_ms=0.039 total_ms=2.739 url=https://localhost:18443/
[perf-mtls] handshake_ms=2.273 connect_ms=0.038 total_ms=2.888 url=https://localhost:18443/
[perf-mtls] handshake_ms=2.621 connect_ms=0.062 total_ms=3.343 url=https://localhost:18443/
[perf-mtls] handshake_ms=2.266 connect_ms=0.050 total_ms=2.949 url=https://localhost:18443/
[perf-mtls] handshake_ms=2.360 connect_ms=0.050 total_ms=2.966 url=https://localhost:18443/
[perf-mtls] handshake_ms=2.123 connect_ms=0.067 total_ms=2.844 url=https://localhost:18443/
[perf-mtls] handshake_ms=2.003 connect_ms=0.032 total_ms=2.677 url=https://localhost:18443/
[perf-mtls] handshake_ms=2.168 connect_ms=0.042 total_ms=2.853 url=https://localhost:18443/
[perf-mtls] handshake_ms=2.062 connect_ms=0.051 total_ms=2.707 url=https://localhost:18443/
[perf-mtls] handshake_ms=2.225 connect_ms=0.056 total_ms=2.831 url=https://localhost:18443/
[perf-mtls] handshake_ms=2.110 connect_ms=0.035 total_ms=2.793 url=https://localhost:18443/
[perf-mtls] handshake_ms=2.068 connect_ms=0.033 total_ms=2.775 url=https://localhost:18443/
[perf-mtls] handshake_ms=2.207 connect_ms=0.038 total_ms=2.883 url=https://localhost:18443/
[perf-mtls] handshake_ms=2.276 connect_ms=0.058 total_ms=2.964 url=https://localhost:18443/
[perf-mtls] handshake_ms=2.083 connect_ms=0.038 total_ms=2.710 url=https://localhost:18443/
[perf-mtls] handshake_ms=2.069 connect_ms=0.032 total_ms=2.673 url=https://localhost:18443/
[perf-mtls] handshake_ms=2.293 connect_ms=0.042 total_ms=2.914 url=https://localhost:18443/
[perf-mtls] handshake_ms=1.993 connect_ms=0.033 total_ms=2.581 url=https://localhost:18443/
[perf-mtls] handshake_ms=2.012 connect_ms=0.034 total_ms=2.673 url=https://localhost:18443/
[perf-mtls] handshake_ms=2.093 connect_ms=0.032 total_ms=2.736 url=https://localhost:18443/
[perf-mtls] handshake_ms=2.061 connect_ms=0.030 total_ms=2.718 url=https://localhost:18443/
[perf-mtls] handshake_ms=2.028 connect_ms=0.037 total_ms=2.611 url=https://localhost:18443/
[perf-mtls] handshake_ms=2.000 connect_ms=0.038 total_ms=2.603 url=https://localhost:18443/
[perf-mtls] handshake_ms=2.082 connect_ms=0.030 total_ms=2.752 url=https://localhost:18443/
[perf-mtls] handshake_ms=2.068 connect_ms=0.038 total_ms=2.773 url=https://localhost:18443/
[perf-mtls] handshake_ms=2.003 connect_ms=0.031 total_ms=2.672 url=https://localhost:18443/
[perf-mtls] handshake_ms=2.077 connect_ms=0.039 total_ms=2.750 url=https://localhost:18443/
[perf-mtls] handshake_ms=2.003 connect_ms=0.029 total_ms=2.671 url=https://localhost:18443/
[perf-mtls] handshake_ms=2.063 connect_ms=0.037 total_ms=2.674 url=https://localhost:18443/
[perf-mtls] handshake_ms=2.073 connect_ms=0.033 total_ms=2.719 url=https://localhost:18443/
[perf-mtls] handshake_ms=1.940 connect_ms=0.027 total_ms=2.579 url=https://localhost:18443/
[perf-mtls] handshake_ms=2.030 connect_ms=0.029 total_ms=2.902 url=https://localhost:18443/
[perf-mtls] handshake_ms=1.906 connect_ms=0.031 total_ms=2.463 url=https://localhost:18443/
[perf-mtls] handshake_ms=1.936 connect_ms=0.028 total_ms=2.504 url=https://localhost:18443/
[perf-mtls] handshake_ms=2.037 connect_ms=0.030 total_ms=2.661 url=https://localhost:18443/
[perf-mtls] handshake_ms=2.032 connect_ms=0.030 total_ms=2.721 url=https://localhost:18443/
[perf-mtls] handshake_ms=1.999 connect_ms=0.032 total_ms=2.628 url=https://localhost:18443/
[perf-mtls] handshake_ms=1.978 connect_ms=0.037 total_ms=2.575 url=https://localhost:18443/
[perf-mtls] handshake_ms=2.037 connect_ms=0.037 total_ms=2.678 url=https://localhost:18443/
[perf-mtls] handshake_ms=2.014 connect_ms=0.040 total_ms=2.662 url=https://localhost:18443/
[perf-mtls] handshake_ms=1.938 connect_ms=0.035 total_ms=2.491 url=https://localhost:18443/
[perf-mtls] handshake_ms=2.025 connect_ms=0.030 total_ms=2.639 url=https://localhost:18443/
[perf-mtls] handshake_ms=1.997 connect_ms=0.029 total_ms=2.609 url=https://localhost:18443/
[perf-mtls] handshake_ms=1.960 connect_ms=0.034 total_ms=2.544 url=https://localhost:18443/
[perf-mtls] handshake_ms=1.989 connect_ms=0.028 total_ms=2.869 url=https://localhost:18443/
[perf-mtls] handshake_ms=1.975 connect_ms=0.033 total_ms=2.570 url=https://localhost:18443/
[perf-mtls] handshake_ms=2.116 connect_ms=0.033 total_ms=2.770 url=https://localhost:18443/
[perf-mtls] handshake_ms=1.921 connect_ms=0.029 total_ms=2.544 url=https://localhost:18443/
[perf-mtls] handshake_ms=2.046 connect_ms=0.039 total_ms=2.688 url=https://localhost:18443/
[perf-mtls] handshake_ms=2.023 connect_ms=0.037 total_ms=2.676 url=https://localhost:18443/
[perf-mtls] handshake_ms=2.187 connect_ms=0.035 total_ms=2.800 url=https://localhost:18443/
[perf-mtls] handshake_ms=1.969 connect_ms=0.030 total_ms=2.609 url=https://localhost:18443/
[perf-mtls] handshake_ms=2.002 connect_ms=0.028 total_ms=2.661 url=https://localhost:18443/
[perf-mtls] handshake_ms=2.010 connect_ms=0.030 total_ms=2.627 url=https://localhost:18443/
[perf-mtls] handshake_ms=1.970 connect_ms=0.030 total_ms=2.703 url=https://localhost:18443/
[perf-mtls] handshake_ms=2.258 connect_ms=0.054 total_ms=2.934 url=https://localhost:18443/
[perf-mtls] handshake_ms=2.044 connect_ms=0.036 total_ms=2.670 url=https://localhost:18443/
[perf-mtls] handshake_ms=2.189 connect_ms=0.038 total_ms=2.799 url=https://localhost:18443/
[perf-mtls] handshake_ms=2.091 connect_ms=0.034 total_ms=2.691 url=https://localhost:18443/
[perf-mtls] handshake_ms=2.058 connect_ms=0.038 total_ms=2.655 url=https://localhost:18443/
[perf-mtls] handshake_ms=1.896 connect_ms=0.028 total_ms=2.442 url=https://localhost:18443/
[perf-mtls] handshake_ms=1.913 connect_ms=0.039 total_ms=2.549 url=https://localhost:18443/
[perf-mtls] handshake_ms=2.012 connect_ms=0.028 total_ms=2.675 url=https://localhost:18443/
[perf-mtls] handshake_ms=1.987 connect_ms=0.036 total_ms=2.635 url=https://localhost:18443/
[perf-mtls] handshake_ms=2.044 connect_ms=0.036 total_ms=2.681 url=https://localhost:18443/
[perf-mtls] handshake_ms=1.919 connect_ms=0.040 total_ms=2.512 url=https://localhost:18443/
[perf-mtls] handshake_ms=2.033 connect_ms=0.031 total_ms=2.674 url=https://localhost:18443/
[perf-mtls] handshake_ms=1.961 connect_ms=0.029 total_ms=2.564 url=https://localhost:18443/
[perf-mtls] handshake_ms=2.006 connect_ms=0.030 total_ms=2.637 url=https://localhost:18443/
[perf-mtls] handshake_ms=2.008 connect_ms=0.030 total_ms=2.653 url=https://localhost:18443/
[perf-mtls] handshake_ms=1.967 connect_ms=0.030 total_ms=2.572 url=https://localhost:18443/
[perf-mtls] handshake_ms=2.008 connect_ms=0.042 total_ms=2.629 url=https://localhost:18443/
[perf-mtls] handshake_ms=1.952 connect_ms=0.026 total_ms=2.678 url=https://localhost:18443/
[perf-mtls] handshake_ms=2.117 connect_ms=0.056 total_ms=2.726 url=https://localhost:18443/
[perf-mtls] handshake_ms=1.954 connect_ms=0.040 total_ms=2.563 url=https://localhost:18443/
[perf-mtls] handshake_ms=2.080 connect_ms=0.031 total_ms=2.709 url=https://localhost:18443/
[perf-mtls] handshake_ms=2.004 connect_ms=0.033 total_ms=2.662 url=https://localhost:18443/
[perf-mtls] handshake_ms=2.018 connect_ms=0.030 total_ms=2.640 url=https://localhost:18443/
[perf-mtls] handshake_ms=2.011 connect_ms=0.030 total_ms=2.620 url=https://localhost:18443/
[perf-mtls] handshake_ms=1.923 connect_ms=0.034 total_ms=2.508 url=https://localhost:18443/
[perf-mtls] handshake_ms=2.157 connect_ms=0.030 total_ms=2.803 url=https://localhost:18443/
[perf-mtls] handshake_ms=2.145 connect_ms=0.038 total_ms=2.756 url=https://localhost:18443/
[perf-mtls] handshake_ms=2.011 connect_ms=0.050 total_ms=2.638 url=https://localhost:18443/
[perf-mtls] handshake_ms=1.994 connect_ms=0.041 total_ms=2.613 url=https://localhost:18443/
[perf-mtls] handshake_ms=1.900 connect_ms=0.038 total_ms=2.458 url=https://localhost:18443/
[perf-mtls] handshake_ms=2.006 connect_ms=0.030 total_ms=2.709 url=https://localhost:18443/
[perf-mtls] handshake_ms=2.013 connect_ms=0.031 total_ms=2.656 url=https://localhost:18443/
[perf-mtls] handshake_ms=1.924 connect_ms=0.029 total_ms=2.516 url=https://localhost:18443/
[perf-mtls] handshake_ms=2.027 connect_ms=0.027 total_ms=2.654 url=https://localhost:18443/
[perf-mtls] handshake_ms=2.047 connect_ms=0.031 total_ms=2.638 url=https://localhost:18443/
[perf-mtls] handshake_ms=1.941 connect_ms=0.029 total_ms=2.611 url=https://localhost:18443/
[perf-mtls] handshake_ms=2.031 connect_ms=0.033 total_ms=2.692 url=https://localhost:18443/
[perf-mtls] handshake_ms=2.016 connect_ms=0.031 total_ms=2.606 url=https://localhost:18443/
[perf-mtls] handshake_ms=1.950 connect_ms=0.036 total_ms=2.517 url=https://localhost:18443/
[perf-mtls] handshake_ms=1.927 connect_ms=0.027 total_ms=2.471 url=https://localhost:18443/
[perf-mtls] handshake_ms=2.338 connect_ms=0.033 total_ms=2.959 url=https://localhost:18443/
[perf-mtls] handshake_ms=1.921 connect_ms=0.027 total_ms=2.595 url=https://localhost:18443/
[perf-mtls] handshake_ms=2.044 connect_ms=0.045 total_ms=2.662 url=https://localhost:18443/
[perf-mtls] handshake_ms=1.953 connect_ms=0.048 total_ms=2.508 url=https://localhost:18443/
[perf-mtls] handshake_ms=2.004 connect_ms=0.030 total_ms=2.701 url=https://localhost:18443/
[perf-mtls] handshake_ms=1.979 connect_ms=0.029 total_ms=2.614 url=https://localhost:18443/
[perf-mtls] handshake_ms=2.017 connect_ms=0.028 total_ms=2.641 url=https://localhost:18443/
[perf-mtls] handshake_ms=1.935 connect_ms=0.028 total_ms=2.559 url=https://localhost:18443/
[perf-mtls] handshake_ms=2.085 connect_ms=0.038 total_ms=2.816 url=https://localhost:18443/
[perf-mtls] handshake_ms=2.445 connect_ms=0.059 total_ms=3.196 url=https://localhost:18443/
[perf-mtls] handshake_ms=3.928 connect_ms=0.058 total_ms=5.070 url=https://localhost:18443/
[perf-mtls] handshake_ms=2.309 connect_ms=0.063 total_ms=2.968 url=https://localhost:18443/
[perf-mtls] handshake_ms=2.070 connect_ms=0.050 total_ms=2.732 url=https://localhost:18443/
[perf-mtls] handshake_ms=2.101 connect_ms=0.038 total_ms=2.757 url=https://localhost:18443/
[perf-mtls] handshake_ms=2.053 connect_ms=0.031 total_ms=2.659 url=https://localhost:18443/
[perf-mtls] handshake_ms=2.036 connect_ms=0.036 total_ms=2.629 url=https://localhost:18443/
[perf-mtls] handshake_ms=1.921 connect_ms=0.026 total_ms=2.540 url=https://localhost:18443/
[perf-mtls] handshake_ms=1.888 connect_ms=0.028 total_ms=2.494 url=https://localhost:18443/
[perf-mtls] handshake_ms=2.013 connect_ms=0.027 total_ms=2.626 url=https://localhost:18443/
[perf-mtls] handshake_ms=1.909 connect_ms=0.042 total_ms=2.602 url=https://localhost:18443/
[perf-mtls] handshake_ms=2.017 connect_ms=0.029 total_ms=2.624 url=https://localhost:18443/
[perf-mtls] handshake_ms=1.935 connect_ms=0.038 total_ms=2.537 url=https://localhost:18443/
[perf-mtls] handshake_ms=1.993 connect_ms=0.031 total_ms=2.802 url=https://localhost:18443/
[perf-mtls] handshake_ms=2.144 connect_ms=0.043 total_ms=2.768 url=https://localhost:18443/
[perf-mtls] handshake_ms=2.093 connect_ms=0.041 total_ms=2.770 url=https://localhost:18443/
[perf-mtls] handshake_ms=2.001 connect_ms=0.030 total_ms=2.619 url=https://localhost:18443/
[perf-mtls] handshake_ms=2.007 connect_ms=0.030 total_ms=2.646 url=https://localhost:18443/
[perf-mtls] handshake_ms=1.955 connect_ms=0.038 total_ms=2.501 url=https://localhost:18443/
[perf-mtls] handshake_ms=2.012 connect_ms=0.035 total_ms=2.676 url=https://localhost:18443/
[perf-mtls] handshake_ms=2.015 connect_ms=0.030 total_ms=2.641 url=https://localhost:18443/
[perf-mtls] handshake_ms=1.902 connect_ms=0.033 total_ms=2.565 url=https://localhost:18443/
[perf-mtls] handshake_ms=1.989 connect_ms=0.030 total_ms=2.633 url=https://localhost:18443/
[perf-mtls] handshake_ms=2.000 connect_ms=0.028 total_ms=2.613 url=https://localhost:18443/
[perf-mtls] handshake_ms=2.010 connect_ms=0.032 total_ms=2.642 url=https://localhost:18443/
[perf-mtls] handshake_ms=2.015 connect_ms=0.030 total_ms=2.639 url=https://localhost:18443/
[perf-mtls] handshake_ms=2.040 connect_ms=0.028 total_ms=2.677 url=https://localhost:18443/
[perf-mtls] handshake_ms=1.963 connect_ms=0.029 total_ms=2.610 url=https://localhost:18443/
[perf-mtls] handshake_ms=2.004 connect_ms=0.030 total_ms=2.592 url=https://localhost:18443/
[perf-mtls] handshake_ms=2.542 connect_ms=0.042 total_ms=3.656 url=https://localhost:18443/
[perf-mtls] handshake_ms=3.070 connect_ms=0.068 total_ms=4.108 url=https://localhost:18443/
[perf-mtls] handshake_ms=2.253 connect_ms=0.060 total_ms=2.946 url=https://localhost:18443/
[perf-mtls] handshake_ms=2.132 connect_ms=0.033 total_ms=3.187 url=https://localhost:18443/
[perf-mtls] handshake_ms=3.287 connect_ms=0.076 total_ms=4.663 url=https://localhost:18443/
[perf-mtls] handshake_ms=5.609 connect_ms=0.090 total_ms=7.144 url=https://localhost:18443/
[perf-mtls] handshake_ms=2.188 connect_ms=0.056 total_ms=2.894 url=https://localhost:18443/
[perf-mtls] handshake_ms=2.134 connect_ms=0.050 total_ms=2.780 url=https://localhost:18443/
[perf-mtls] handshake_ms=2.072 connect_ms=0.034 total_ms=2.696 url=https://localhost:18443/
[perf-mtls] handshake_ms=2.059 connect_ms=0.033 total_ms=2.720 url=https://localhost:18443/
[perf-mtls] handshake_ms=2.024 connect_ms=0.033 total_ms=2.656 url=https://localhost:18443/
[perf-mtls] handshake_ms=2.121 connect_ms=0.032 total_ms=2.833 url=https://localhost:18443/
