seq,trace_id,t_req_ms,t_resp_ms,http_code,gateway_latency_ms
0,exp-perf5000-000000-e7be3d15,1777537100652,1777537100702,202,49.903
1,exp-perf5000-000001-631b0987,1777537100652,1777537100731,202,78.301
2,exp-perf5000-000002-68624ffe,1777537100653,1777537100730,202,77.496
3,exp-perf5000-000003-93ad8f60,1777537100653,1777537100729,202,76.178
4,exp-perf5000-000004-fa595dfb,1777537100653,1777537100718,202,64.389
5,exp-perf5000-000005-68f8588e,1777537100653,1777537100729,202,75.325
6,exp-perf5000-000006-84dc50fb,1777537100653,1777537100717,202,63.555
7,exp-perf5000-000007-754926e9,1777537100654,1777537100716,202,62.730
8,exp-perf5000-000008-c1927c80,1777537100654,1777537100728,202,74.324
9,exp-perf5000-000009-70a4a9a7,1777537100654,1777537100716,202,61.912
10,exp-perf5000-000010-3b89955d,1777537100654,1777537100715,202,61.231
11,exp-perf5000-000011-f567d617,1777537100654,1777537100712,202,58.322
12,exp-perf5000-000012-2667be6c,1777537100654,1777537100711,202,56.794
13,exp-perf5000-000013-95af5a3d,1777537100654,1777537100710,202,56.180
14,exp-perf5000-000014-d6a60b06,1777537100654,1777537100709,202,54.531
15,exp-perf5000-000015-35287f05,1777537100654,1777537100709,202,54.115
16,exp-perf5000-000016-e8f8b86e,1777537100655,1777537100705,202,50.065
17,exp-perf5000-000017-c6c4e19b,1777537100655,1777537100704,202,48.794
18,exp-perf5000-000018-ddb74a66,1777537100655,1777537100703,202,48.110
19,exp-perf5000-000019-0a89d2f4,1777537100655,1777537100708,202,52.461
20,exp-perf5000-000020-979bfb62,1777537100655,1777537100708,202,52.744
21,exp-perf5000-000021-87494fa5,1777537100655,1777537100704,202,48.597
22,exp-perf5000-000022-e2ca784f,1777537100655,1777537100702,202,46.717
23,exp-perf5000-000023-4fb891b2,1777537100656,1777537100713,202,57.877
24,exp-perf5000-000024-f7a6395e,1777537100656,1777537100713,202,57.376
25,exp-perf5000-000025-0a55fa4a,1777537100656,1777537100714,202,58.626
26,exp-perf5000-000026-e8abbb68,1777537100656,1777537100713,202,57.534
27,exp-perf5000-000027-85aa09e0,1777537100656,1777537100712,202,56.216
28,exp-perf5000-000028-0ade9dfa,1777537100656,1777537100712,202,55.555
29,exp-perf5000-000029-2e8a6810,1777537100656,1777537100711,202,55.009
30,exp-perf5000-000030-449961f1,1777537100656,1777537100710,202,53.807
31,exp-perf5000-000031-a7ecacdc,1777537100656,1777537100709,202,52.982
32,exp-perf5000-000032-292e8469,1777537100656,1777537100707,202,50.568
33,exp-perf5000-000033-6de72f9b,1777537100656,1777537100704,202,47.871
34,exp-perf5000-000034-caa69800,1777537100657,1777537100708,202,51.641
35,exp-perf5000-000035-8ce6a30c,1777537100657,1777537100705,202,48.245
36,exp-perf5000-000036-a730ada2,1777537100657,1777537100703,202,45.741
37,exp-perf5000-000037-999ddfd1,1777537100657,1777537100710,202,52.856
38,exp-perf5000-000038-065727b5,1777537100657,1777537100707,202,50.336
39,exp-perf5000-000039-ebe73665,1777537100657,1777537100706,202,49.216
40,exp-perf5000-000040-ba1e21da,1777537100657,1777537100706,202,49.329
41,exp-perf5000-000041-6af82c55,1777537100657,1777537100705,202,48.254
42,exp-perf5000-000042-f7424605,1777537100657,1777537100706,202,48.425
43,exp-perf5000-000043-5b02d0c1,1777537100657,1777537100719,202,61.635
44,exp-perf5000-000044-c6d7ad4b,1777537100657,1777537100733,202,75.509
45,exp-perf5000-000045-5c8267e7,1777537100657,1777537100718,202,60.862
46,exp-perf5000-000046-1aa05f6e,1777537100658,1777537100714,202,56.752
47,exp-perf5000-000047-d489e061,1777537100658,1777537100713,202,55.046
48,exp-perf5000-000048-ee8dd075,1777537100658,1777537100711,202,53.689
49,exp-perf5000-000049-f3c662b0,1777537100658,1777537100732,202,74.588
50,exp-perf5000-000050-f4cc08d6,1777537100658,1777537100731,202,73.588
51,exp-perf5000-000051-92396b44,1777537100658,1777537100721,202,63.127
52,exp-perf5000-000052-c46b0401,1777537100658,1777537100722,202,63.908
53,exp-perf5000-000053-1b6cf7db,1777537100658,1777537100734,202,76.187
54,exp-perf5000-000054-8ce5f4ca,1777537100658,1777537100734,202,75.461
55,exp-perf5000-000055-bc90a546,1777537100658,1777537100737,202,79.056
56,exp-perf5000-000056-0e28f731,1777537100658,1777537100720,202,62.005
57,exp-perf5000-000057-95286157,1777537100658,1777537100720,202,61.085
58,exp-perf5000-000058-d78afda0,1777537100659,1777537100722,202,63.473
59,exp-perf5000-000059-d2434f51,1777537100659,1777537100721,202,62.608
60,exp-perf5000-000060-84613304,1777537100659,1777537100735,202,75.912
61,exp-perf5000-000061-90ed6bf4,1777537100659,1777537100716,202,57.559
62,exp-perf5000-000062-ba4dcd10,1777537100659,1777537100731,202,72.101
63,exp-perf5000-000063-824a2c3d,1777537100659,1777537100732,202,72.707
64,exp-perf5000-000064-e91baa6e,1777537100659,1777537100716,202,56.640
65,exp-perf5000-000065-89fd354d,1777537100659,1777537100731,202,71.342
66,exp-perf5000-000066-dd4aeca5,1777537100659,1777537100723,202,63.287
67,exp-perf5000-000067-c2af8b3e,1777537100659,1777537100715,202,55.832
68,exp-perf5000-000068-ca09cb0c,1777537100659,1777537100718,202,58.434
69,exp-perf5000-000069-00486ee3,1777537100660,1777537100727,202,67.604
70,exp-perf5000-000070-990dc016,1777537100660,1777537100724,202,64.421
71,exp-perf5000-000071-3a1b7bd0,1777537100660,1777537100726,202,66.754
72,exp-perf5000-000072-9cc6a3bb,1777537100660,1777537100736,202,75.998
73,exp-perf5000-000073-390990c0,1777537100660,1777537100735,202,75.282
74,exp-perf5000-000074-99c194f7,1777537100660,1777537100736,202,76.504
75,exp-perf5000-000075-e0174b7b,1777537100660,1777537100729,202,68.793
76,exp-perf5000-000076-efc764a0,1777537100660,1777537100723,202,63.270
77,exp-perf5000-000077-4f6d1d4b,1777537100660,1777537100726,202,65.501
78,exp-perf5000-000078-f17e46ed,1777537100660,1777537100721,202,60.303
79,exp-perf5000-000079-cf57be82,1777537100660,1777537100720,202,59.588
80,exp-perf5000-000080-87fb49e5,1777537100660,1777537100719,202,58.917
81,exp-perf5000-000081-d58297bc,1777537100661,1777537100719,202,58.117
82,exp-perf5000-000082-60e7a6cc,1777537100661,1777537100735,202,74.781
83,exp-perf5000-000083-a0c74588,1777537100661,1777537100730,202,68.874
84,exp-perf5000-000084-3cf80b4f,1777537100661,1777537100727,202,66.423
85,exp-perf5000-000085-b0628296,1777537100661,1777537100726,202,65.512
86,exp-perf5000-000086-b9b59b1d,1777537100661,1777537100726,202,64.603
87,exp-perf5000-000087-adbda0a5,1777537100661,1777537100733,202,71.558
88,exp-perf5000-000088-dba12168,1777537100661,1777537100725,202,63.845
89,exp-perf5000-000089-331edbd8,1777537100661,1777537100737,202,75.473
90,exp-perf5000-000090-c0e94be1,1777537100661,1777537100724,202,62.857
91,exp-perf5000-000091-11206157,1777537100661,1777537100728,202,66.744
92,exp-perf5000-000092-93b955ec,1777537100661,1777537100723,202,62.040
93,exp-perf5000-000093-2a1efe5d,1777537100662,1777537100723,202,61.211
94,exp-perf5000-000094-794b9097,1777537100662,1777537100733,202,71.681
95,exp-perf5000-000095-2934b860,1777537100662,1777537100736,202,74.332
96,exp-perf5000-000096-8fe7428d,1777537100662,1777537100725,202,63.213
97,exp-perf5000-000097-784e3eba,1777537100662,1777537100737,202,75.587
98,exp-perf5000-000098-3d06b226,1777537100662,1777537100734,202,72.061
99,exp-perf5000-000099-c4399509,1777537100662,1777537100717,202,55.230
100,exp-perf5000-000100-408396ab,1777537100702,1777537100738,202,36.028
101,exp-perf5000-000101-2488bf32,1777537100702,1777537100738,202,35.681
102,exp-perf5000-000102-851488ce,1777537100703,1777537100739,202,36.037
103,exp-perf5000-000103-b2e30b44,1777537100703,1777537100739,202,35.733
104,exp-perf5000-000104-5234e390,1777537100704,1777537100739,202,35.802
105,exp-perf5000-000105-870fa76a,1777537100704,1777537100739,202,35.341
106,exp-perf5000-000106-eea3c933,1777537100704,1777537100740,202,35.816
107,exp-perf5000-000107-8c5683fd,1777537100705,1777537100740,202,35.295
108,exp-perf5000-000108-6a911c23,1777537100705,1777537100741,202,35.934
109,exp-perf5000-000109-97f9691d,1777537100705,1777537100741,202,35.232
110,exp-perf5000-000110-b4aa233d,1777537100706,1777537100742,202,35.841
111,exp-perf5000-000111-66111cd2,1777537100706,1777537100741,202,35.210
112,exp-perf5000-000112-6784a5d8,1777537100706,1777537100742,202,35.842
113,exp-perf5000-000113-3b442ba8,1777537100707,1777537100742,202,35.101
114,exp-perf5000-000114-dc0ffd9b,1777537100707,1777537100743,202,36.055
115,exp-perf5000-000115-5191f01d,1777537100708,1777537100743,202,35.274
116,exp-perf5000-000116-9732666b,1777537100708,1777537100744,202,35.615
117,exp-perf5000-000117-da834cf8,1777537100708,1777537100744,202,35.377
118,exp-perf5000-000118-55adc7f1,1777537100709,1777537100744,202,35.824
119,exp-perf5000-000119-a338bfbb,1777537100709,1777537100744,202,35.459
120,exp-perf5000-000120-ef69d8e0,1777537100709,1777537100745,202,35.735
121,exp-perf5000-000121-4076a087,1777537100710,1777537100745,202,35.522
122,exp-perf5000-000122-294aef6a,1777537100710,1777537100746,202,35.683
123,exp-perf5000-000123-627919fc,1777537100710,1777537100746,202,35.298
124,exp-perf5000-000124-6f1ea6c6,1777537100711,1777537100746,202,35.477
125,exp-perf5000-000125-c09792e8,1777537100711,1777537100747,202,35.457
126,exp-perf5000-000126-44734c6e,1777537100711,1777537100747,202,35.619
127,exp-perf5000-000127-21066f56,1777537100712,1777537100747,202,35.695
128,exp-perf5000-000128-c74c4325,1777537100712,1777537100748,202,35.580
129,exp-perf5000-000129-a6d760ba,1777537100712,1777537100748,202,35.630
130,exp-perf5000-000130-64f78456,1777537100713,1777537100749,202,35.784
131,exp-perf5000-000131-0dd87627,1777537100713,1777537100748,202,35.340
132,exp-perf5000-000132-564d9077,1777537100713,1777537100749,202,35.848
133,exp-perf5000-000133-735de9a9,1777537100713,1777537100749,202,35.559
134,exp-perf5000-000134-236753c6,1777537100714,1777537100750,202,35.305
135,exp-perf5000-000135-95b4531c,1777537100714,1777537100750,202,35.432
136,exp-perf5000-000136-7b48099a,1777537100715,1777537100750,202,35.417
137,exp-perf5000-000137-7baf1ce1,1777537100715,1777537100750,202,35.195
138,exp-perf5000-000138-5357385b,1777537100716,1777537100751,202,35.476
139,exp-perf5000-000139-73490cb8,1777537100716,1777537100751,202,35.254
140,exp-perf5000-000140-44c4d56d,1777537100716,1777537100752,202,35.371
141,exp-perf5000-000141-285c5532,1777537100717,1777537100752,202,35.250
142,exp-perf5000-000142-6c5590f8,1777537100717,1777537100752,202,35.457
143,exp-perf5000-000143-c6261738,1777537100717,1777537100752,202,35.068
144,exp-perf5000-000144-1bb1d235,1777537100718,1777537100753,202,35.579
145,exp-perf5000-000145-5fe1d26f,1777537100718,1777537100753,202,35.052
146,exp-perf5000-000146-759df097,1777537100718,1777537100754,202,35.446
147,exp-perf5000-000147-f273d29c,1777537100719,1777537100754,202,34.981
148,exp-perf5000-000148-5868bffe,1777537100719,1777537100754,202,35.492
149,exp-perf5000-000149-f6d7f338,1777537100719,1777537100754,202,34.927
150,exp-perf5000-000150-2c7e176f,1777537100720,1777537100755,202,35.524
151,exp-perf5000-000151-e29a6f46,1777537100720,1777537100755,202,34.982
152,exp-perf5000-000152-1ced80d7,1777537100720,1777537100756,202,35.585
153,exp-perf5000-000153-a543d49f,1777537100721,1777537100756,202,34.943
154,exp-perf5000-000154-6502a52c,1777537100721,1777537100757,202,35.523
155,exp-perf5000-000155-b2a648b8,1777537100721,1777537100756,202,35.106
156,exp-perf5000-000156-844eaace,1777537100722,1777537100757,202,35.462
157,exp-perf5000-000157-655a2fac,1777537100722,1777537100757,202,35.052
158,exp-perf5000-000158-68db0581,1777537100723,1777537100758,202,35.558
159,exp-perf5000-000159-d97e6bdf,1777537100723,1777537100758,202,35.056
160,exp-perf5000-000160-b2ded84b,1777537100723,1777537100759,202,35.486
161,exp-perf5000-000161-7f6ba94d,1777537100724,1777537100759,202,35.071
162,exp-perf5000-000162-ecd92bda,1777537100724,1777537100760,202,35.430
163,exp-perf5000-000163-96f51823,1777537100724,1777537100759,202,35.206
164,exp-perf5000-000164-b98bf0cd,1777537100725,1777537100760,202,35.143
165,exp-perf5000-000165-7b1266e2,1777537100725,1777537100760,202,35.181
166,exp-perf5000-000166-f3208035,1777537100726,1777537100761,202,35.234
167,exp-perf5000-000167-e6e1a940,1777537100726,1777537100761,202,35.403
168,exp-perf5000-000168-afd72ab4,1777537100726,1777537100762,202,35.149
169,exp-perf5000-000169-66a41f8e,1777537100727,1777537100762,202,35.272
170,exp-perf5000-000170-c2bae1f5,1777537100727,1777537100762,202,35.175
171,exp-perf5000-000171-a87c41e4,1777537100727,1777537100762,202,34.873
172,exp-perf5000-000172-ca1c6417,1777537100728,1777537100763,202,34.737
173,exp-perf5000-000173-e39f3ea8,1777537100728,1777537100763,202,35.028
174,exp-perf5000-000174-8a475b1c,1777537100729,1777537100763,202,34.664
175,exp-perf5000-000175-79179795,1777537100729,1777537100764,202,34.827
176,exp-perf5000-000176-2f2dc769,1777537100729,1777537100764,202,34.668
177,exp-perf5000-000177-c2180301,1777537100730,1777537100764,202,34.744
178,exp-perf5000-000178-b1aa2ac8,1777537100731,1777537100765,202,34.213
179,exp-perf5000-000179-61be17e0,1777537100731,1777537100765,202,34.571
180,exp-perf5000-000180-9c792655,1777537100731,1777537100765,202,34.686
181,exp-perf5000-000181-f883b752,1777537100731,1777537100766,202,34.595
182,exp-perf5000-000182-afbc05bf,1777537100732,1777537100766,202,34.628
183,exp-perf5000-000183-5b2e8deb,1777537100732,1777537100766,202,34.604
184,exp-perf5000-000184-0c539502,1777537100732,1777537100767,202,34.441
185,exp-perf5000-000185-fba483ae,1777537100733,1777537100767,202,34.613
186,exp-perf5000-000186-9457f8d6,1777537100733,1777537100768,202,34.581
187,exp-perf5000-000187-754cefd0,1777537100733,1777537100768,202,34.487
188,exp-perf5000-000188-0beab80d,1777537100734,1777537100768,202,34.589
189,exp-perf5000-000189-295d2e0d,1777537100734,1777537100769,202,34.501
190,exp-perf5000-000190-ec93b8bc,1777537100734,1777537100769,202,34.664
191,exp-perf5000-000191-50bcacab,1777537100735,1777537100769,202,34.545
192,exp-perf5000-000192-e3783472,1777537100735,1777537100770,202,34.428
193,exp-perf5000-000193-356f1bbf,1777537100735,1777537100770,202,34.523
194,exp-perf5000-000194-401a3f5d,1777537100736,1777537100771,202,34.740
195,exp-perf5000-000195-6ef038d3,1777537100736,1777537100771,202,34.684
196,exp-perf5000-000196-b3704461,1777537100736,1777537100771,202,34.748
197,exp-perf5000-000197-27cfa207,1777537100737,1777537100771,202,34.640
198,exp-perf5000-000198-49bb4d18,1777537100737,1777537100772,202,34.393
199,exp-perf5000-000199-88f1488a,1777537100737,1777537100772,202,34.503
200,exp-perf5000-000200-7d9fc887,1777537100738,1777537100772,202,34.390
201,exp-perf5000-000201-432a3423,1777537100738,1777537100773,202,34.407
202,exp-perf5000-000202-ce1c2e05,1777537100739,1777537100773,202,34.490
203,exp-perf5000-000203-9b4d3c02,1777537100739,1777537100773,202,34.440
204,exp-perf5000-000204-2e3cf6da,1777537100739,1777537100774,202,34.357
205,exp-perf5000-000205-761da036,1777537100740,1777537100774,202,34.407
206,exp-perf5000-000206-1f0fac87,1777537100740,1777537100775,202,34.539
207,exp-perf5000-000207-bd3355d8,1777537100740,1777537100775,202,34.420
208,exp-perf5000-000208-f86f155c,1777537100741,1777537100775,202,34.658
209,exp-perf5000-000209-12954349,1777537100741,1777537100775,202,34.384
210,exp-perf5000-000210-116f20d8,1777537100741,1777537100776,202,34.449
211,exp-perf5000-000211-dba26fb5,1777537100742,1777537100776,202,34.554
212,exp-perf5000-000212-d78fcf74,1777537100742,1777537100777,202,34.458
213,exp-perf5000-000213-1139c6ce,1777537100742,1777537100777,202,34.404
214,exp-perf5000-000214-66f949f6,1777537100743,1777537100777,202,34.378
215,exp-perf5000-000215-9c8ee7e2,1777537100743,1777537100777,202,34.058
216,exp-perf5000-000216-fc5a7d5d,1777537100744,1777537100778,202,34.206
217,exp-perf5000-000217-ce9fc3e5,1777537100744,1777537100778,202,34.040
218,exp-perf5000-000218-6fac051f,1777537100745,1777537100779,202,34.203
219,exp-perf5000-000219-d42ebe6e,1777537100745,1777537100779,202,34.049
220,exp-perf5000-000220-76a3fddc,1777537100745,1777537100779,202,34.073
221,exp-perf5000-000221-bccbef77,1777537100745,1777537100779,202,33.987
222,exp-perf5000-000222-2ae24176,1777537100746,1777537100780,202,34.041
223,exp-perf5000-000223-f5493bd7,1777537100746,1777537100780,202,34.097
224,exp-perf5000-000224-2586a08a,1777537100746,1777537100781,202,34.204
225,exp-perf5000-000225-a7fb7f1a,1777537100747,1777537100780,202,33.890
226,exp-perf5000-000226-eea23307,1777537100747,1777537100781,202,34.080
227,exp-perf5000-000227-1f0a05ba,1777537100747,1777537100781,202,33.912
228,exp-perf5000-000228-a719571b,1777537100748,1777537100782,202,34.241
229,exp-perf5000-000229-72496521,1777537100748,1777537100782,202,33.841
230,exp-perf5000-000230-75609df4,1777537100748,1777537100786,202,37.814
231,exp-perf5000-000231-277dbc62,1777537100749,1777537100782,202,33.902
232,exp-perf5000-000232-84a14897,1777537100749,1777537100787,202,37.530
233,exp-perf5000-000233-d9d7626a,1777537100749,1777537100783,202,34.022
234,exp-perf5000-000234-56c30aeb,1777537100750,1777537100787,202,36.896
235,exp-perf5000-000235-c2fd9492,1777537100750,1777537100784,202,34.078
236,exp-perf5000-000236-bb47993e,1777537100751,1777537100785,202,34.085
237,exp-perf5000-000237-c75e13b2,1777537100751,1777537100787,202,36.062
238,exp-perf5000-000238-eedd9e37,1777537100751,1777537100785,202,34.141
239,exp-perf5000-000239-d64a0439,1777537100751,1777537100787,202,35.388
240,exp-perf5000-000240-7b9632a9,1777537100752,1777537100787,202,35.100
241,exp-perf5000-000241-6aea6f2c,1777537100752,1777537100786,202,34.037
242,exp-perf5000-000242-ca01259f,1777537100752,1777537100787,202,34.487
243,exp-perf5000-000243-61d88b4c,1777537100753,1777537100787,202,34.386
244,exp-perf5000-000244-291a5efa,1777537100753,1777537100787,202,34.291
245,exp-perf5000-000245-adb1e30c,1777537100753,1777537100787,202,34.079
246,exp-perf5000-000246-e5215f5d,1777537100754,1777537100788,202,34.315
247,exp-perf5000-000247-7509dbc5,1777537100754,1777537100788,202,34.000
248,exp-perf5000-000248-696bb0be,1777537100754,1777537100789,202,34.114
249,exp-perf5000-000249-632f97c2,1777537100755,1777537100788,202,33.933
250,exp-perf5000-000250-3677a997,1777537100755,1777537100789,202,34.183
251,exp-perf5000-000251-0a34a3fb,1777537100755,1777537100789,202,33.919
252,exp-perf5000-000252-76fdef95,1777537100756,1777537100790,202,34.008
253,exp-perf5000-000253-dedb991c,1777537100756,1777537100790,202,33.684
254,exp-perf5000-000254-bc6ec41d,1777537100756,1777537100791,202,34.223
255,exp-perf5000-000255-3e69e7a8,1777537100757,1777537100791,202,34.033
256,exp-perf5000-000256-5c0a3568,1777537100757,1777537100791,202,34.292
257,exp-perf5000-000257-9cc3dd00,1777537100757,1777537100791,202,33.821
258,exp-perf5000-000258-7852c464,1777537100758,1777537100792,202,33.890
259,exp-perf5000-000259-291a425a,1777537100758,1777537100792,202,33.593
260,exp-perf5000-000260-67e750fd,1777537100759,1777537100792,202,33.813
261,exp-perf5000-000261-54651eff,1777537100759,1777537100792,202,33.477
262,exp-perf5000-000262-7b551342,1777537100759,1777537100793,202,33.412
263,exp-perf5000-000263-bf00871e,1777537100760,1777537100793,202,33.371
264,exp-perf5000-000264-4ae87c0f,1777537100760,1777537100793,202,33.277
265,exp-perf5000-000265-7f0f466a,1777537100760,1777537100794,202,33.251
266,exp-perf5000-000266-7c5d053c,1777537100761,1777537100794,202,33.281
267,exp-perf5000-000267-65f24935,1777537100761,1777537100794,202,32.993
268,exp-perf5000-000268-e1f5d6a3,1777537100762,1777537100795,202,33.392
269,exp-perf5000-000269-f94a02fc,1777537100762,1777537100795,202,32.888
270,exp-perf5000-000270-0aa1f3ff,1777537100762,1777537100796,202,33.438
271,exp-perf5000-000271-d671eb69,1777537100762,1777537100796,202,33.077
272,exp-perf5000-000272-8c1debaa,1777537100763,1777537100796,202,33.484
273,exp-perf5000-000273-59b16b46,1777537100763,1777537100796,202,32.952
274,exp-perf5000-000274-ee59ef6c,1777537100763,1777537100797,202,33.460
275,exp-perf5000-000275-62f96ef7,1777537100764,1777537100797,202,33.075
276,exp-perf5000-000276-925555a7,1777537100764,1777537100798,202,33.512
277,exp-perf5000-000277-63ce835d,1777537100764,1777537100798,202,33.177
278,exp-perf5000-000278-eec27471,1777537100765,1777537100798,202,33.457
279,exp-perf5000-000279-f8fa77f7,1777537100765,1777537100798,202,33.001
280,exp-perf5000-000280-60cdc6cf,1777537100765,1777537100799,202,33.578
281,exp-perf5000-000281-185e9d27,1777537100766,1777537100799,202,33.065
282,exp-perf5000-000282-58bdbb43,1777537100766,1777537100800,202,33.512
283,exp-perf5000-000283-0f67b608,1777537100766,1777537100800,202,33.093
284,exp-perf5000-000284-24b77c46,1777537100767,1777537100800,202,33.240
285,exp-perf5000-000285-aa73beb7,1777537100767,1777537100800,202,32.844
286,exp-perf5000-000286-b7d5667d,1777537100768,1777537100801,202,33.466
287,exp-perf5000-000287-c1ba4870,1777537100768,1777537100801,202,33.167
288,exp-perf5000-000288-fcb5c21a,1777537100768,1777537100802,202,33.227
289,exp-perf5000-000289-7c31a625,1777537100769,1777537100802,202,33.164
290,exp-perf5000-000290-c27769e9,1777537100769,1777537100802,202,33.081
291,exp-perf5000-000291-50101bfc,1777537100769,1777537100802,202,32.961
292,exp-perf5000-000292-6e190ac2,1777537100770,1777537100803,202,33.374
293,exp-perf5000-000293-c45b806e,1777537100770,1777537100803,202,32.934
294,exp-perf5000-000294-8a39c3be,1777537100771,1777537100804,202,33.206
295,exp-perf5000-000295-335969b1,1777537100771,1777537100804,202,33.286
296,exp-perf5000-000296-687af85d,1777537100771,1777537100805,202,33.500
297,exp-perf5000-000297-3c8576b7,1777537100771,1777537100804,202,33.034
298,exp-perf5000-000298-d5edd3e6,1777537100772,1777537100805,202,33.575
299,exp-perf5000-000299-c1351b42,1777537100772,1777537100806,202,33.717
300,exp-perf5000-000300-9304e173,1777537100772,1777537100806,202,33.621
301,exp-perf5000-000301-6f181529,1777537100773,1777537100806,202,33.692
302,exp-perf5000-000302-0625e72e,1777537100773,1777537100807,202,33.542
303,exp-perf5000-000303-d279cafd,1777537100773,1777537100807,202,33.560
304,exp-perf5000-000304-088b1d2b,1777537100774,1777537100808,202,33.682
305,exp-perf5000-000305-15dc2ee8,1777537100774,1777537100808,202,33.897
306,exp-perf5000-000306-33c8690d,1777537100775,1777537100808,202,33.706
307,exp-perf5000-000307-80979019,1777537100775,1777537100808,202,33.504
308,exp-perf5000-000308-df60da52,1777537100775,1777537100809,202,33.690
309,exp-perf5000-000309-d8d6b52f,1777537100775,1777537100809,202,33.402
310,exp-perf5000-000310-463193f0,1777537100776,1777537100810,202,33.648
311,exp-perf5000-000311-9635ff9f,1777537100776,1777537100809,202,33.303
312,exp-perf5000-000312-888b677d,1777537100777,1777537100810,202,33.789
313,exp-perf5000-000313-c6f21ae1,1777537100777,1777537100810,202,33.305
314,exp-perf5000-000314-46df80d7,1777537100777,1777537100811,202,33.939
315,exp-perf5000-000315-922c05d1,1777537100777,1777537100811,202,33.572
316,exp-perf5000-000316-71308a1d,1777537100778,1777537100812,202,33.971
317,exp-perf5000-000317-593aecda,1777537100778,1777537100812,202,33.781
318,exp-perf5000-000318-dbf2381c,1777537100779,1777537100813,202,34.148
319,exp-perf5000-000319-951aa45f,1777537100779,1777537100813,202,33.846
320,exp-perf5000-000320-a280de0a,1777537100779,1777537100814,202,34.271
321,exp-perf5000-000321-fa8e6147,1777537100779,1777537100813,202,33.899
322,exp-perf5000-000322-2badf633,1777537100780,1777537100814,202,34.026
323,exp-perf5000-000323-eae71761,1777537100780,1777537100814,202,34.219
324,exp-perf5000-000324-c1c9fb23,1777537100781,1777537100815,202,34.097
325,exp-perf5000-000325-2fa8c631,1777537100781,1777537100815,202,34.251
326,exp-perf5000-000326-a38e4039,1777537100781,1777537100816,202,34.343
327,exp-perf5000-000327-b42e7b8b,1777537100781,1777537100815,202,33.998
328,exp-perf5000-000328-0b829b38,1777537100782,1777537100816,202,34.138
329,exp-perf5000-000329-ed345a42,1777537100782,1777537100816,202,34.341
330,exp-perf5000-000330-f58688fc,1777537100783,1777537100817,202,34.097
331,exp-perf5000-000331-79350998,1777537100783,1777537100817,202,34.046
332,exp-perf5000-000332-0b64c7de,1777537100784,1777537100818,202,34.131
333,exp-perf5000-000333-39f6feb4,1777537100785,1777537100819,202,34.183
334,exp-perf5000-000334-52193fb3,1777537100785,1777537100820,202,34.432
335,exp-perf5000-000335-1217f881,1777537100786,1777537100820,202,34.333
336,exp-perf5000-000336-96242303,1777537100786,1777537100817,202,30.569
337,exp-perf5000-000337-52e9efbb,1777537100787,1777537100818,202,31.006
338,exp-perf5000-000338-d54a2c8f,1777537100787,1777537100818,202,31.733
339,exp-perf5000-000339-4a428616,1777537100787,1777537100819,202,32.666
340,exp-perf5000-000340-26f46ede,1777537100787,1777537100820,202,32.967
341,exp-perf5000-000341-e67de333,1777537100787,1777537100821,202,33.671
342,exp-perf5000-000342-cd7ddb0e,1777537100787,1777537100821,202,34.054
343,exp-perf5000-000343-d187fdd3,1777537100787,1777537100821,202,34.071
344,exp-perf5000-000344-314b78dd,1777537100787,1777537100822,202,34.380
345,exp-perf5000-000345-31ee2508,1777537100787,1777537100822,202,34.596
346,exp-perf5000-000346-6dc5d330,1777537100788,1777537100823,202,34.830
347,exp-perf5000-000347-db666769,1777537100788,1777537100823,202,34.471
348,exp-perf5000-000348-f275b50e,1777537100788,1777537100823,202,34.965
349,exp-perf5000-000349-8c8ee703,1777537100789,1777537100823,202,34.731
350,exp-perf5000-000350-898b5269,1777537100789,1777537100824,202,34.921
351,exp-perf5000-000351-75174302,1777537100789,1777537100824,202,34.443
352,exp-perf5000-000352-0ba9daac,1777537100790,1777537100824,202,34.777
353,exp-perf5000-000353-304479cb,1777537100790,1777537100825,202,34.987
354,exp-perf5000-000354-0c4fbd69,1777537100791,1777537100825,202,34.304
355,exp-perf5000-000355-094a5a8c,1777537100791,1777537100825,202,34.460
356,exp-perf5000-000356-dfe696cd,1777537100791,1777537100826,202,34.956
357,exp-perf5000-000357-37bb342a,1777537100792,1777537100826,202,34.242
358,exp-perf5000-000358-c263386c,1777537100792,1777537100827,202,34.650
359,exp-perf5000-000359-39666d4a,1777537100792,1777537100827,202,34.928
360,exp-perf5000-000360-5c58f440,1777537100792,1777537100828,202,35.417
361,exp-perf5000-000361-15ed15f7,1777537100792,1777537100831,202,38.777
362,exp-perf5000-000362-d7cb9b6d,1777537100793,1777537100832,202,38.693
363,exp-perf5000-000363-1bcfd004,1777537100793,1777537100829,202,35.873
364,exp-perf5000-000364-c21cc6af,1777537100793,1777537100831,202,37.574
365,exp-perf5000-000365-d210cf69,1777537100794,1777537100829,202,35.635
366,exp-perf5000-000366-7b5198af,1777537100794,1777537100831,202,37.129
367,exp-perf5000-000367-aabb1979,1777537100794,1777537100830,202,35.732
368,exp-perf5000-000368-6517944c,1777537100795,1777537100831,202,35.784
369,exp-perf5000-000369-72efef5c,1777537100795,1777537100832,202,36.560
370,exp-perf5000-000370-5c230ffa,1777537100796,1777537100832,202,36.008
371,exp-perf5000-000371-19387bb6,1777537100796,1777537100831,202,35.654
372,exp-perf5000-000372-6dfa38ad,1777537100796,1777537100832,202,36.053
373,exp-perf5000-000373-84e77b5a,1777537100796,1777537100832,202,35.865
374,exp-perf5000-000374-3795384c,1777537100797,1777537100833,202,35.711
375,exp-perf5000-000375-434745d2,1777537100797,1777537100832,202,35.516
376,exp-perf5000-000376-b6fa0720,1777537100798,1777537100833,202,35.541
377,exp-perf5000-000377-ce73b7a8,1777537100798,1777537100835,202,37.432
378,exp-perf5000-000378-b123c0ad,1777537100798,1777537100834,202,36.127
379,exp-perf5000-000379-e2643b49,1777537100798,1777537100835,202,36.840
380,exp-perf5000-000380-6aeff20c,1777537100799,1777537100835,202,35.611
381,exp-perf5000-000381-e2cc8cbc,1777537100799,1777537100835,202,35.960
382,exp-perf5000-000382-126c65b2,1777537100800,1777537100835,202,35.700
383,exp-perf5000-000383-877990fe,1777537100800,1777537100836,202,35.864
384,exp-perf5000-000384-dae63f5e,1777537100800,1777537100836,202,36.175
385,exp-perf5000-000385-1dede34c,1777537100800,1777537100837,202,36.407
386,exp-perf5000-000386-ffccf318,1777537100801,1777537100838,202,37.234
387,exp-perf5000-000387-9fbfc8ac,1777537100801,1777537100838,202,36.725
388,exp-perf5000-000388-415728d9,1777537100802,1777537100840,202,37.933
389,exp-perf5000-000389-c684b77b,1777537100802,1777537100839,202,37.348
390,exp-perf5000-000390-f5f9609a,1777537100802,1777537100840,202,37.682
391,exp-perf5000-000391-e136c73c,1777537100802,1777537100839,202,37.110
392,exp-perf5000-000392-b17f509c,1777537100803,1777537100840,202,37.335
393,exp-perf5000-000393-5a281bcf,1777537100803,1777537100841,202,37.556
394,exp-perf5000-000394-7b5c9383,1777537100804,1777537100841,202,37.452
395,exp-perf5000-000395-39f816ad,1777537100804,1777537100841,202,36.824
396,exp-perf5000-000396-5ebee6ee,1777537100805,1777537100841,202,36.926
397,exp-perf5000-000397-87098b5a,1777537100805,1777537100843,202,37.724
398,exp-perf5000-000398-a6b8e124,1777537100805,1777537100843,202,37.403
399,exp-perf5000-000399-a40e692d,1777537100806,1777537100842,202,36.092
400,exp-perf5000-000400-60e93d74,1777537100806,1777537100843,202,37.153
401,exp-perf5000-000401-f18cd82c,1777537100806,1777537100843,202,36.664
402,exp-perf5000-000402-b727a3b7,1777537100807,1777537100844,202,37.207
403,exp-perf5000-000403-412281fa,1777537100807,1777537100844,202,36.657
404,exp-perf5000-000404-198948e7,1777537100808,1777537100845,202,37.152
405,exp-perf5000-000405-4a126200,1777537100808,1777537100844,202,36.320
406,exp-perf5000-000406-8d3ffd2a,1777537100808,1777537100845,202,36.953
407,exp-perf5000-000407-77f9ebb2,1777537100808,1777537100845,202,36.547
408,exp-perf5000-000408-66503739,1777537100809,1777537100846,202,36.947
409,exp-perf5000-000409-df44d787,1777537100809,1777537100846,202,36.475
410,exp-perf5000-000410-560be42b,1777537100810,1777537100847,202,37.047
411,exp-perf5000-000411-f0cf3004,1777537100810,1777537100847,202,37.084
412,exp-perf5000-000412-2f634287,1777537100810,1777537100847,202,37.129
413,exp-perf5000-000413-392c5651,1777537100811,1777537100848,202,37.158
414,exp-perf5000-000414-5b1495d6,1777537100811,1777537100848,202,37.118
415,exp-perf5000-000415-11eaf045,1777537100811,1777537100848,202,36.733
416,exp-perf5000-000416-251485e0,1777537100812,1777537100850,202,38.536
417,exp-perf5000-000417-2cfb83de,1777537100812,1777537100849,202,37.068
418,exp-perf5000-000418-272fedd1,1777537100813,1777537100851,202,37.802
419,exp-perf5000-000419-845b99ae,1777537100813,1777537100851,202,37.996
420,exp-perf5000-000420-b2d2ccb3,1777537100813,1777537100850,202,36.880
421,exp-perf5000-000421-a9df04a1,1777537100814,1777537100851,202,37.312
422,exp-perf5000-000422-1a357ca2,1777537100814,1777537100851,202,37.279
423,exp-perf5000-000423-4ce3eb96,1777537100814,1777537100851,202,36.953
424,exp-perf5000-000424-2739a87e,1777537100815,1777537100852,202,36.954
425,exp-perf5000-000425-1e952e7e,1777537100815,1777537100852,202,36.680
426,exp-perf5000-000426-87b6ff2e,1777537100815,1777537100852,202,36.620
427,exp-perf5000-000427-4d1edccc,1777537100816,1777537100852,202,36.294
428,exp-perf5000-000428-23e8efda,1777537100816,1777537100853,202,36.507
429,exp-perf5000-000429-2c7cabc5,1777537100816,1777537100852,202,35.947
430,exp-perf5000-000430-914c0b42,1777537100817,1777537100853,202,36.203
431,exp-perf5000-000431-81c9fecf,1777537100817,1777537100853,202,35.963
432,exp-perf5000-000432-d5f4542e,1777537100817,1777537100854,202,36.307
433,exp-perf5000-000433-3081b305,1777537100818,1777537100854,202,35.999
434,exp-perf5000-000434-65081537,1777537100818,1777537100855,202,36.363
435,exp-perf5000-000435-f0888de9,1777537100818,1777537100855,202,36.065
436,exp-perf5000-000436-c4bad550,1777537100819,1777537100855,202,36.138
437,exp-perf5000-000437-eb959fbc,1777537100820,1777537100855,202,35.833
438,exp-perf5000-000438-7cab3d38,1777537100820,1777537100856,202,36.026
439,exp-perf5000-000439-df9c6269,1777537100820,1777537100856,202,36.018
440,exp-perf5000-000440-b6b77568,1777537100820,1777537100856,202,36.109
441,exp-perf5000-000441-b4f0d3cf,1777537100821,1777537100856,202,35.720
442,exp-perf5000-000442-6818eac5,1777537100821,1777537100857,202,35.983
443,exp-perf5000-000443-f68d9c30,1777537100821,1777537100857,202,35.856
444,exp-perf5000-000444-a28f4e12,1777537100822,1777537100858,202,35.943
445,exp-perf5000-000445-d62f6bba,1777537100822,1777537100858,202,35.708
446,exp-perf5000-000446-0f3c1a25,1777537100823,1777537100859,202,35.950
447,exp-perf5000-000447-b929503c,1777537100823,1777537100858,202,35.534
448,exp-perf5000-000448-1ce80f25,1777537100823,1777537100859,202,35.626
449,exp-perf5000-000449-7e3f3b62,1777537100823,1777537100859,202,35.514
450,exp-perf5000-000450-a6bb9bec,1777537100824,1777537100860,202,35.785
451,exp-perf5000-000451-0106fee3,1777537100824,1777537100861,202,37.129
452,exp-perf5000-000452-882fd046,1777537100824,1777537100860,202,35.799
453,exp-perf5000-000453-abe2528c,1777537100825,1777537100861,202,36.424
454,exp-perf5000-000454-f82f7cb0,1777537100825,1777537100861,202,35.859
455,exp-perf5000-000455-77d136de,1777537100825,1777537100861,202,35.692
456,exp-perf5000-000456-239874db,1777537100826,1777537100862,202,35.834
457,exp-perf5000-000457-728933f9,1777537100826,1777537100862,202,35.187
458,exp-perf5000-000458-95717750,1777537100827,1777537100862,202,35.661
459,exp-perf5000-000459-190aad8c,1777537100827,1777537100862,202,35.445
460,exp-perf5000-000460-3cf935cf,1777537100828,1777537100863,202,35.061
461,exp-perf5000-000461-ce739b86,1777537100829,1777537100864,202,34.815
462,exp-perf5000-000462-5c0cc0f3,1777537100829,1777537100865,202,35.266
463,exp-perf5000-000463-0ab5623a,1777537100830,1777537100865,202,35.169
464,exp-perf5000-000464-4e6cf0f4,1777537100831,1777537100868,202,36.982
465,exp-perf5000-000465-4062636e,1777537100831,1777537100863,202,31.709
466,exp-perf5000-000466-ae4235fe,1777537100831,1777537100864,202,32.148
467,exp-perf5000-000467-fec706c7,1777537100831,1777537100864,202,32.715
468,exp-perf5000-000468-ee2f15df,1777537100832,1777537100865,202,33.313
469,exp-perf5000-000469-3f2f8903,1777537100832,1777537100867,202,35.681
470,exp-perf5000-000470-3ce246b0,1777537100832,1777537100868,202,35.768
471,exp-perf5000-000471-b22273f3,1777537100832,1777537100868,202,35.656
472,exp-perf5000-000472-62823e4b,1777537100832,1777537100868,202,35.367
473,exp-perf5000-000473-9414aa0c,1777537100832,1777537100868,202,35.228
474,exp-perf5000-000474-d9bd9de3,1777537100833,1777537100868,202,35.714
475,exp-perf5000-000475-18744d7d,1777537100833,1777537100869,202,35.835
476,exp-perf5000-000476-f0657533,1777537100833,1777537100869,202,35.793
477,exp-perf5000-000477-a4a03f11,1777537100834,1777537100870,202,35.403
478,exp-perf5000-000478-538a4c3c,1777537100835,1777537100870,202,35.860
479,exp-perf5000-000479-d1c6293d,1777537100835,1777537100868,202,33.326
480,exp-perf5000-000480-5627d038,1777537100835,1777537100870,202,34.376
481,exp-perf5000-000481-4473ff1f,1777537100835,1777537100869,202,33.658
482,exp-perf5000-000482-a728a933,1777537100835,1777537100871,202,35.736
483,exp-perf5000-000483-85c352b3,1777537100836,1777537100870,202,34.541
484,exp-perf5000-000484-21f43764,1777537100836,1777537100872,202,35.268
485,exp-perf5000-000485-65fe08b6,1777537100837,1777537100871,202,34.194
486,exp-perf5000-000486-3894886c,1777537100838,1777537100871,202,33.488
487,exp-perf5000-000487-2fcb6088,1777537100838,1777537100872,202,34.036
488,exp-perf5000-000488-1f7eb06f,1777537100839,1777537100873,202,33.856
489,exp-perf5000-000489-5d93b176,1777537100839,1777537100874,202,34.262
490,exp-perf5000-000490-a0f0ed93,1777537100840,1777537100872,202,32.555
491,exp-perf5000-000491-d96aeec2,1777537100840,1777537100873,202,32.842
492,exp-perf5000-000492-82b41b18,1777537100840,1777537100875,202,34.195
493,exp-perf5000-000493-551a7a8e,1777537100841,1777537100874,202,33.311
494,exp-perf5000-000494-cd237cc5,1777537100841,1777537100875,202,34.061
495,exp-perf5000-000495-26c7e1aa,1777537100842,1777537100874,202,32.688
496,exp-perf5000-000496-4c64a706,1777537100842,1777537100876,202,34.115
497,exp-perf5000-000497-c9cfde5d,1777537100842,1777537100876,202,34.443
498,exp-perf5000-000498-1d7c14e3,1777537100843,1777537100875,202,32.091
499,exp-perf5000-000499-ebdff926,1777537100843,1777537100875,202,32.385
500,exp-perf5000-000500-eedf2bc4,1777537100843,1777537100877,202,34.009
501,exp-perf5000-000501-fa35074e,1777537100843,1777537100876,202,32.651
502,exp-perf5000-000502-0f0158c6,1777537100844,1777537100878,202,34.185
503,exp-perf5000-000503-0d7bea85,1777537100844,1777537100877,202,32.743
504,exp-perf5000-000504-6d068c0b,1777537100844,1777537100879,202,34.146
505,exp-perf5000-000505-dcc91a19,1777537100845,1777537100877,202,32.579
506,exp-perf5000-000506-9ee8a292,1777537100845,1777537100879,202,34.387
507,exp-perf5000-000507-57165065,1777537100845,1777537100878,202,32.833
508,exp-perf5000-000508-ec624da4,1777537100846,1777537100880,202,34.531
509,exp-perf5000-000509-58c8e7f8,1777537100846,1777537100879,202,32.893
510,exp-perf5000-000510-f4d2dc00,1777537100847,1777537100881,202,34.599
511,exp-perf5000-000511-cfd5b6c8,1777537100847,1777537100880,202,32.940
512,exp-perf5000-000512-685cbe70,1777537100847,1777537100882,202,34.513
513,exp-perf5000-000513-af73796b,1777537100848,1777537100880,202,32.721
514,exp-perf5000-000514-df54a179,1777537100848,1777537100881,202,32.803
515,exp-perf5000-000515-09298cf2,1777537100848,1777537100882,202,33.988
516,exp-perf5000-000516-51cdb4e1,1777537100849,1777537100883,202,33.615
517,exp-perf5000-000517-befbe7ef,1777537100850,1777537100881,202,31.231
518,exp-perf5000-000518-d70531f0,1777537100850,1777537100883,202,32.157
519,exp-perf5000-000519-013fa3c7,1777537100851,1777537100883,202,32.616
520,exp-perf5000-000520-29d1bfd4,1777537100851,1777537100884,202,32.727
521,exp-perf5000-000521-ba98d6ff,1777537100851,1777537100884,202,33.280
522,exp-perf5000-000522-efa48e83,1777537100851,1777537100884,202,32.755
523,exp-perf5000-000523-b2e852ed,1777537100851,1777537100885,202,33.565
524,exp-perf5000-000524-228b0b5e,1777537100852,1777537100885,202,33.025
525,exp-perf5000-000525-ffa474b9,1777537100852,1777537100886,202,33.906
526,exp-perf5000-000526-e50228c8,1777537100852,1777537100886,202,34.348
527,exp-perf5000-000527-8a0c145e,1777537100852,1777537100885,202,33.293
528,exp-perf5000-000528-e05acc9d,1777537100852,1777537100887,202,34.582
529,exp-perf5000-000529-ecc76b54,1777537100853,1777537100886,202,33.553
530,exp-perf5000-000530-51f328d9,1777537100853,1777537100887,202,33.866
531,exp-perf5000-000531-381acb67,1777537100853,1777537100888,202,34.636
532,exp-perf5000-000532-7d055bd3,1777537100854,1777537100888,202,34.660
533,exp-perf5000-000533-45d306e8,1777537100854,1777537100887,202,33.662
534,exp-perf5000-000534-b72572fc,1777537100855,1777537100889,202,34.520
535,exp-perf5000-000535-3781abf1,1777537100855,1777537100888,202,33.512
536,exp-perf5000-000536-49e429a6,1777537100855,1777537100889,202,33.870
537,exp-perf5000-000537-84e9bc6b,1777537100855,1777537100890,202,34.258
538,exp-perf5000-000538-75b6faf0,1777537100856,1777537100890,202,34.466
539,exp-perf5000-000539-b83142b5,1777537100856,1777537100890,202,33.821
540,exp-perf5000-000540-1ac15ab7,1777537100856,1777537100891,202,34.634
541,exp-perf5000-000541-18e0a114,1777537100856,1777537100891,202,34.110
542,exp-perf5000-000542-3eb238a0,1777537100857,1777537100891,202,34.010
543,exp-perf5000-000543-3165753f,1777537100857,1777537100892,202,34.483
544,exp-perf5000-000544-a17bec16,1777537100858,1777537100892,202,34.441
545,exp-perf5000-000545-73363614,1777537100858,1777537100892,202,33.998
546,exp-perf5000-000546-4509ceb1,1777537100858,1777537100893,202,34.635
547,exp-perf5000-000547-bae44c98,1777537100859,1777537100893,202,33.973
548,exp-perf5000-000548-6faadbb2,1777537100859,1777537100893,202,34.252
549,exp-perf5000-000549-7130e48f,1777537100859,1777537100894,202,34.449
550,exp-perf5000-000550-6fa2319c,1777537100860,1777537100894,202,34.438
551,exp-perf5000-000551-1ecd8b79,1777537100860,1777537100895,202,34.476
552,exp-perf5000-000552-06dc0b2f,1777537100861,1777537100895,202,34.474
553,exp-perf5000-000553-8d9e70be,1777537100861,1777537100894,202,33.112
554,exp-perf5000-000554-b4dd512d,1777537100861,1777537100895,202,33.733
555,exp-perf5000-000555-47840653,1777537100861,1777537100896,202,34.376
556,exp-perf5000-000556-e74399ae,1777537100862,1777537100896,202,34.856
557,exp-perf5000-000557-b600960b,1777537100862,1777537100896,202,34.591
558,exp-perf5000-000558-0748c2b8,1777537100862,1777537100897,202,34.596
559,exp-perf5000-000559-aadc0c4c,1777537100862,1777537100897,202,34.651
560,exp-perf5000-000560-97200930,1777537100863,1777537100898,202,34.681
561,exp-perf5000-000561-41fa5bdc,1777537100863,1777537100898,202,34.693
562,exp-perf5000-000562-17bc696e,1777537100864,1777537100898,202,34.650
563,exp-perf5000-000563-00b3e41f,1777537100864,1777537100898,202,34.681
564,exp-perf5000-000564-e23e05d6,1777537100864,1777537100899,202,34.660
565,exp-perf5000-000565-75b66b48,1777537100865,1777537100899,202,34.524
566,exp-perf5000-000566-e6d26fbb,1777537100865,1777537100900,202,34.659
567,exp-perf5000-000567-82b9c582,1777537100867,1777537100900,202,32.839
568,exp-perf5000-000568-8ffb4a5a,1777537100867,1777537100900,202,32.822
569,exp-perf5000-000569-764169c2,1777537100868,1777537100900,202,32.689
570,exp-perf5000-000570-334aedf6,1777537100868,1777537100901,202,33.183
571,exp-perf5000-000571-c6cdf0a1,1777537100868,1777537100901,202,33.111
572,exp-perf5000-000572-828921f5,1777537100868,1777537100902,202,33.644
573,exp-perf5000-000573-62d682ac,1777537100868,1777537100902,202,33.422
574,exp-perf5000-000574-dbb72703,1777537100868,1777537100902,202,34.187
575,exp-perf5000-000575-a13396e6,1777537100869,1777537100903,202,34.439
576,exp-perf5000-000576-f2972860,1777537100869,1777537100902,202,33.634
577,exp-perf5000-000577-b016491c,1777537100869,1777537100904,202,34.789
578,exp-perf5000-000578-a3ef3f41,1777537100869,1777537100903,202,33.944
579,exp-perf5000-000579-946c5f38,1777537100870,1777537100904,202,34.696
580,exp-perf5000-000580-eb3bfcf5,1777537100870,1777537100904,202,33.784
581,exp-perf5000-000581-800b803f,1777537100870,1777537100905,202,34.886
582,exp-perf5000-000582-10b521e2,1777537100870,1777537100904,202,33.783
583,exp-perf5000-000583-97a437f2,1777537100871,1777537100906,202,34.772
584,exp-perf5000-000584-0434c681,1777537100871,1777537100905,202,33.692
585,exp-perf5000-000585-89760384,1777537100871,1777537100906,202,34.977
586,exp-perf5000-000586-92c4be25,1777537100872,1777537100905,202,33.771
587,exp-perf5000-000587-4c0de26f,1777537100872,1777537100907,202,34.978
588,exp-perf5000-000588-15e5176f,1777537100872,1777537100906,202,33.736
589,exp-perf5000-000589-2414b3ab,1777537100873,1777537100908,202,34.934
590,exp-perf5000-000590-7d65983c,1777537100873,1777537100907,202,33.932
591,exp-perf5000-000591-461b7f65,1777537100874,1777537100908,202,34.089
592,exp-perf5000-000592-0fca8d0d,1777537100874,1777537100909,202,34.534
593,exp-perf5000-000593-fea30711,1777537100874,1777537100909,202,35.125
594,exp-perf5000-000594-b68b6eb4,1777537100875,1777537100909,202,34.049
595,exp-perf5000-000595-58db29c5,1777537100875,1777537100910,202,35.189
596,exp-perf5000-000596-660c8540,1777537100875,1777537100909,202,34.114
597,exp-perf5000-000597-174f5363,1777537100875,1777537100911,202,35.667
598,exp-perf5000-000598-3a76e912,1777537100876,1777537100910,202,34.368
599,exp-perf5000-000599-aa82deec,1777537100876,1777537100911,202,35.378
600,exp-perf5000-000600-13f42441,1777537100876,1777537100911,202,34.430
601,exp-perf5000-000601-ad274486,1777537100877,1777537100912,202,35.454
602,exp-perf5000-000602-d66e8485,1777537100877,1777537100912,202,34.612
603,exp-perf5000-000603-f879808a,1777537100877,1777537100913,202,35.445
604,exp-perf5000-000604-0bab5eed,1777537100878,1777537100913,202,34.742
605,exp-perf5000-000605-939565c0,1777537100878,1777537100914,202,35.732
606,exp-perf5000-000606-4e25cb5d,1777537100879,1777537100914,202,34.916
607,exp-perf5000-000607-e7183dd4,1777537100879,1777537100914,202,35.581
608,exp-perf5000-000608-0011ffc8,1777537100880,1777537100915,202,35.012
609,exp-perf5000-000609-1e842708,1777537100880,1777537100915,202,35.319
610,exp-perf5000-000610-58a93723,1777537100880,1777537100915,202,35.001
611,exp-perf5000-000611-c944d09f,1777537100880,1777537100916,202,35.286
612,exp-perf5000-000612-27bebc5a,1777537100881,1777537100917,202,35.660
613,exp-perf5000-000613-f0c7f22c,1777537100881,1777537100916,202,34.645
614,exp-perf5000-000614-672da099,1777537100882,1777537100917,202,35.696
615,exp-perf5000-000615-6be1faef,1777537100882,1777537100917,202,34.746
616,exp-perf5000-000616-7fa4fe87,1777537100882,1777537100917,202,34.954
617,exp-perf5000-000617-701d8b24,1777537100883,1777537100918,202,35.174
618,exp-perf5000-000618-c9ab9ca3,1777537100883,1777537100918,202,34.908
619,exp-perf5000-000619-bd51d203,1777537100883,1777537100918,202,35.071
620,exp-perf5000-000620-c88d7629,1777537100884,1777537100918,202,34.672
621,exp-perf5000-000621-822c9782,1777537100884,1777537100919,202,34.923
622,exp-perf5000-000622-2556a877,1777537100884,1777537100919,202,34.741
623,exp-perf5000-000623-72aa804c,1777537100885,1777537100920,202,35.097
624,exp-perf5000-000624-0ad330b3,1777537100885,1777537100920,202,34.877
625,exp-perf5000-000625-693fb6fa,1777537100885,1777537100920,202,34.999
626,exp-perf5000-000626-53e422b1,1777537100886,1777537100921,202,35.025
627,exp-perf5000-000627-086639ab,1777537100886,1777537100921,202,35.214
628,exp-perf5000-000628-6c4d9f9f,1777537100886,1777537100921,202,34.791
629,exp-perf5000-000629-934d3872,1777537100887,1777537100922,202,35.221
630,exp-perf5000-000630-776f49ca,1777537100887,1777537100922,202,34.842
631,exp-perf5000-000631-209d1ae5,1777537100888,1777537100923,202,35.059
632,exp-perf5000-000632-d1350646,1777537100888,1777537100923,202,34.953
633,exp-perf5000-000633-5806d9ac,1777537100888,1777537100923,202,35.091
634,exp-perf5000-000634-1b0c4a8a,1777537100888,1777537100923,202,34.920
635,exp-perf5000-000635-56e03299,1777537100889,1777537100924,202,34.970
636,exp-perf5000-000636-18985f51,1777537100889,1777537100924,202,34.705
637,exp-perf5000-000637-5602032f,1777537100890,1777537100924,202,34.726
638,exp-perf5000-000638-8889163a,1777537100890,1777537100925,202,34.806
639,exp-perf5000-000639-d40b90db,1777537100890,1777537100925,202,34.765
640,exp-perf5000-000640-fa266005,1777537100891,1777537100925,202,34.773
641,exp-perf5000-000641-db941c63,1777537100891,1777537100926,202,34.837
642,exp-perf5000-000642-6a8f7092,1777537100891,1777537100926,202,34.700
643,exp-perf5000-000643-7d695af9,1777537100892,1777537100926,202,34.688
644,exp-perf5000-000644-a2bb15fa,1777537100892,1777537100927,202,34.621
645,exp-perf5000-000645-b661f400,1777537100892,1777537100927,202,34.844
646,exp-perf5000-000646-9cbfc5cf,1777537100893,1777537100927,202,34.678
647,exp-perf5000-000647-7db6426c,1777537100893,1777537100928,202,34.694
648,exp-perf5000-000648-647faafb,1777537100893,1777537100928,202,34.665
649,exp-perf5000-000649-f78324fe,1777537100894,1777537100928,202,34.776
650,exp-perf5000-000650-da5ef59a,1777537100894,1777537100929,202,34.518
651,exp-perf5000-000651-fb51e120,1777537100894,1777537100929,202,34.686
652,exp-perf5000-000652-978596ce,1777537100895,1777537100929,202,34.450
653,exp-perf5000-000653-f9ca5cc6,1777537100895,1777537100930,202,34.614
654,exp-perf5000-000654-a86e7772,1777537100896,1777537100930,202,34.445
655,exp-perf5000-000655-31b02849,1777537100896,1777537100930,202,34.644
656,exp-perf5000-000656-3db068aa,1777537100896,1777537100931,202,34.374
657,exp-perf5000-000657-7361bdad,1777537100896,1777537100931,202,34.644
658,exp-perf5000-000658-e588f928,1777537100897,1777537100931,202,34.405
659,exp-perf5000-000659-37d597e9,1777537100897,1777537100932,202,34.603
660,exp-perf5000-000660-ec37e041,1777537100898,1777537100932,202,34.369
661,exp-perf5000-000661-1e05f5f8,1777537100898,1777537100932,202,34.551
662,exp-perf5000-000662-40b36fd7,1777537100898,1777537100933,202,34.393
663,exp-perf5000-000663-7260e09b,1777537100898,1777537100933,202,34.537
664,exp-perf5000-000664-425a6109,1777537100899,1777537100933,202,34.489
665,exp-perf5000-000665-6467bc83,1777537100899,1777537100934,202,34.526
666,exp-perf5000-000666-848292f3,1777537100900,1777537100934,202,34.465
667,exp-perf5000-000667-8f0fce87,1777537100900,1777537100934,202,34.584
668,exp-perf5000-000668-ae7107fc,1777537100900,1777537100935,202,34.467
669,exp-perf5000-000669-382c894d,1777537100900,1777537100935,202,34.630
670,exp-perf5000-000670-7970e15c,1777537100901,1777537100935,202,34.425
671,exp-perf5000-000671-031dcb6d,1777537100901,1777537100936,202,34.621
672,exp-perf5000-000672-8dd4117b,1777537100902,1777537100936,202,34.683
673,exp-perf5000-000673-fd5be17b,1777537100902,1777537100936,202,34.328
674,exp-perf5000-000674-147d279e,1777537100902,1777537100937,202,34.613
675,exp-perf5000-000675-77f7fd4c,1777537100903,1777537100937,202,34.185
676,exp-perf5000-000676-8ad1e01e,1777537100903,1777537100937,202,34.239
677,exp-perf5000-000677-6d874fcf,1777537100903,1777537100938,202,34.468
678,exp-perf5000-000678-fa7b2bf4,1777537100904,1777537100938,202,34.631
679,exp-perf5000-000679-5352222d,1777537100904,1777537100938,202,34.213
680,exp-perf5000-000680-19ba20bd,1777537100904,1777537100939,202,34.605
681,exp-perf5000-000681-b6666a67,1777537100904,1777537100939,202,34.157
682,exp-perf5000-000682-98fb29aa,1777537100905,1777537100940,202,34.810
683,exp-perf5000-000683-2019f7bd,1777537100905,1777537100939,202,34.229
684,exp-perf5000-000684-03610796,1777537100905,1777537100940,202,34.832
685,exp-perf5000-000685-c542745a,1777537100906,1777537100940,202,34.229
686,exp-perf5000-000686-93303bbd,1777537100906,1777537100941,202,34.864
687,exp-perf5000-000687-0cdb5190,1777537100906,1777537100941,202,34.279
688,exp-perf5000-000688-6ce9a3a2,1777537100907,1777537100942,202,34.686
689,exp-perf5000-000689-77e2ca0b,1777537100907,1777537100941,202,34.143
690,exp-perf5000-000690-7d60d57f,1777537100908,1777537100942,202,34.248
691,exp-perf5000-000691-24d0141b,1777537100908,1777537100942,202,34.548
692,exp-perf5000-000692-4d2c7548,1777537100909,1777537100943,202,34.555
693,exp-perf5000-000693-343f806d,1777537100909,1777537100943,202,33.949
694,exp-perf5000-000694-db9181a6,1777537100909,1777537100944,202,34.619
695,exp-perf5000-000695-a4de58de,1777537100909,1777537100944,202,34.100
696,exp-perf5000-000696-122bdcb4,1777537100910,1777537100944,202,34.261
697,exp-perf5000-000697-118c830c,1777537100910,1777537100945,202,34.490
698,exp-perf5000-000698-9085d9b7,1777537100911,1777537100945,202,34.402
699,exp-perf5000-000699-3ba15d36,1777537100911,1777537100945,202,33.748
700,exp-perf5000-000700-060d99b9,1777537100912,1777537100946,202,34.089
701,exp-perf5000-000701-28c00c50,1777537100912,1777537100946,202,34.168
702,exp-perf5000-000702-8e353f63,1777537100912,1777537100946,202,34.102
703,exp-perf5000-000703-9a18f727,1777537100913,1777537100947,202,33.967
704,exp-perf5000-000704-7e484b92,1777537100913,1777537100947,202,33.983
705,exp-perf5000-000705-97cab8d7,1777537100914,1777537100947,202,33.885
706,exp-perf5000-000706-e4d7db79,1777537100914,1777537100948,202,33.924
707,exp-perf5000-000707-e488926d,1777537100914,1777537100948,202,33.981
708,exp-perf5000-000708-632f36df,1777537100915,1777537100948,202,33.657
709,exp-perf5000-000709-5ad9f88e,1777537100915,1777537100949,202,33.879
710,exp-perf5000-000710-01e25e82,1777537100915,1777537100949,202,33.575
711,exp-perf5000-000711-9e0d934e,1777537100916,1777537100950,202,33.954
712,exp-perf5000-000712-3cc563f1,1777537100916,1777537100949,202,33.461
713,exp-perf5000-000713-652e25fd,1777537100917,1777537100950,202,33.366
714,exp-perf5000-000714-508e65e0,1777537100917,1777537100950,202,33.777
715,exp-perf5000-000715-70193e46,1777537100917,1777537100951,202,33.678
716,exp-perf5000-000716-65e447a2,1777537100917,1777537100951,202,34.111
717,exp-perf5000-000717-2a080e2f,1777537100918,1777537100952,202,33.978
718,exp-perf5000-000718-73ce84bd,1777537100918,1777537100952,202,33.629
719,exp-perf5000-000719-87acdecc,1777537100918,1777537100952,202,33.923
720,exp-perf5000-000720-ea57a636,1777537100919,1777537100953,202,34.124
721,exp-perf5000-000721-22b046fc,1777537100919,1777537100953,202,34.220
722,exp-perf5000-000722-5216038c,1777537100919,1777537100953,202,33.873
723,exp-perf5000-000723-a97825bd,1777537100920,1777537100954,202,34.375
724,exp-perf5000-000724-e5a0fca8,1777537100920,1777537100954,202,33.627
725,exp-perf5000-000725-24ed320e,1777537100921,1777537100955,202,34.587
726,exp-perf5000-000726-0b6ce952,1777537100921,1777537100955,202,33.856
727,exp-perf5000-000727-7ef51689,1777537100921,1777537100956,202,34.341
728,exp-perf5000-000728-e281fd12,1777537100921,1777537100956,202,34.515
729,exp-perf5000-000729-243fec9d,1777537100922,1777537100956,202,34.314
730,exp-perf5000-000730-4ef61977,1777537100922,1777537100957,202,34.546
731,exp-perf5000-000731-8588922a,1777537100923,1777537100957,202,34.734
732,exp-perf5000-000732-0edd295f,1777537100923,1777537100957,202,34.281
733,exp-perf5000-000733-a9673292,1777537100923,1777537100958,202,34.793
734,exp-perf5000-000734-f07c4721,1777537100923,1777537100958,202,34.298
735,exp-perf5000-000735-80aef10d,1777537100924,1777537100959,202,34.643
736,exp-perf5000-000736-a2c1976e,1777537100924,1777537100959,202,34.901
737,exp-perf5000-000737-b1125aaf,1777537100924,1777537100959,202,34.707
738,exp-perf5000-000738-adc65263,1777537100925,1777537100960,202,34.940
739,exp-perf5000-000739-7205401f,1777537100925,1777537100960,202,34.749
740,exp-perf5000-000740-1f4ef22a,1777537100925,1777537100960,202,34.951
741,exp-perf5000-000741-3ba77e7b,1777537100926,1777537100961,202,34.831
742,exp-perf5000-000742-c2de7d05,1777537100926,1777537100961,202,35.225
743,exp-perf5000-000743-5595c5c4,1777537100926,1777537100962,202,35.796
744,exp-perf5000-000744-e6eb58e2,1777537100927,1777537100962,202,35.206
745,exp-perf5000-000745-04bba69b,1777537100927,1777537100962,202,34.983
746,exp-perf5000-000746-af25187c,1777537100927,1777537100962,202,35.160
747,exp-perf5000-000747-c5a479b1,1777537100928,1777537100963,202,34.886
748,exp-perf5000-000748-96fabad6,1777537100928,1777537100963,202,35.110
749,exp-perf5000-000749-d80914c3,1777537100928,1777537100963,202,35.005
750,exp-perf5000-000750-6b442e74,1777537100929,1777537100964,202,35.037
751,exp-perf5000-000751-261b0995,1777537100929,1777537100964,202,34.932
752,exp-perf5000-000752-6b33c96d,1777537100929,1777537100964,202,35.014
753,exp-perf5000-000753-ba566f82,1777537100930,1777537100965,202,34.862
754,exp-perf5000-000754-56605c03,1777537100930,1777537100965,202,35.069
755,exp-perf5000-000755-aff0caa1,1777537100930,1777537100965,202,34.856
756,exp-perf5000-000756-1bdfe2fc,1777537100931,1777537100966,202,34.961
757,exp-perf5000-000757-6c7ec295,1777537100931,1777537100966,202,34.732
758,exp-perf5000-000758-5a6ba3dc,1777537100931,1777537100966,202,34.945
759,exp-perf5000-000759-901aac96,1777537100932,1777537100967,202,34.775
760,exp-perf5000-000760-bfb512d2,1777537100932,1777537100967,202,35.003
761,exp-perf5000-000761-80001992,1777537100932,1777537100967,202,35.071
762,exp-perf5000-000762-5e91a313,1777537100933,1777537100968,202,35.136
763,exp-perf5000-000763-b5d61a92,1777537100933,1777537100970,202,36.928
764,exp-perf5000-000764-63a45615,1777537100933,1777537100971,202,37.687
765,exp-perf5000-000765-2231e591,1777537100934,1777537100972,202,38.040
766,exp-perf5000-000766-690a75f0,1777537100934,1777537100973,202,39.390
767,exp-perf5000-000767-6791eb1a,1777537100934,1777537100973,202,39.107
768,exp-perf5000-000768-3770163b,1777537100935,1777537100974,202,39.582
769,exp-perf5000-000769-ca79e64b,1777537100935,1777537100973,202,38.457
770,exp-perf5000-000770-5dc4ada7,1777537100935,1777537100975,202,39.110
771,exp-perf5000-000771-e9f3ebf8,1777537100936,1777537100975,202,38.875
772,exp-perf5000-000772-23136141,1777537100936,1777537100975,202,39.300
773,exp-perf5000-000773-cdc5dea8,1777537100936,1777537100976,202,39.441
774,exp-perf5000-000774-df2d8e6e,1777537100937,1777537100976,202,39.662
775,exp-perf5000-000775-e3d36b15,1777537100937,1777537100977,202,39.677
776,exp-perf5000-000776-2a988188,1777537100937,1777537100978,202,40.361
777,exp-perf5000-000777-ffa01380,1777537100938,1777537100977,202,39.246
778,exp-perf5000-000778-77d4cc5e,1777537100938,1777537100979,202,40.540
779,exp-perf5000-000779-ce2a4fa1,1777537100938,1777537100978,202,40.042
780,exp-perf5000-000780-e232a190,1777537100939,1777537100978,202,39.787
781,exp-perf5000-000781-e6006587,1777537100939,1777537100979,202,40.071
782,exp-perf5000-000782-53b77745,1777537100939,1777537100980,202,40.470
783,exp-perf5000-000783-a57e3843,1777537100940,1777537100981,202,40.871
784,exp-perf5000-000784-ced36a58,1777537100940,1777537100980,202,40.187
785,exp-perf5000-000785-7afdfee8,1777537100940,1777537100983,202,42.320
786,exp-perf5000-000786-19103275,1777537100941,1777537100981,202,40.275
787,exp-perf5000-000787-4bea9b4a,1777537100941,1777537100983,202,42.237
788,exp-perf5000-000788-35747172,1777537100941,1777537100984,202,42.163
789,exp-perf5000-000789-379a5901,1777537100942,1777537100985,202,43.209
790,exp-perf5000-000790-23a2683c,1777537100942,1777537100985,202,42.843
791,exp-perf5000-000791-026302aa,1777537100943,1777537100985,202,42.732
792,exp-perf5000-000792-76ead106,1777537100943,1777537100985,202,42.156
793,exp-perf5000-000793-30766c38,1777537100943,1777537100985,202,42.208
794,exp-perf5000-000794-2b7b59f2,1777537100944,1777537100985,202,41.703
795,exp-perf5000-000795-e26f1fcf,1777537100944,1777537100986,202,42.570
796,exp-perf5000-000796-b49b0cf9,1777537100944,1777537100985,202,41.229
797,exp-perf5000-000797-c3013810,1777537100945,1777537100987,202,42.526
798,exp-perf5000-000798-42492e38,1777537100945,1777537100986,202,41.544
799,exp-perf5000-000799-ae70efd2,1777537100945,1777537100988,202,42.680
800,exp-perf5000-000800-d8dc93dc,1777537100946,1777537100987,202,41.202
801,exp-perf5000-000801-799a2d70,1777537100946,1777537100989,202,42.536
802,exp-perf5000-000802-d1710f4c,1777537100946,1777537100987,202,40.993
803,exp-perf5000-000803-cf097dfa,1777537100947,1777537100989,202,42.373
804,exp-perf5000-000804-c5035184,1777537100947,1777537100988,202,41.420
805,exp-perf5000-000805-645cb584,1777537100947,1777537100990,202,42.177
806,exp-perf5000-000806-4e32163c,1777537100948,1777537100989,202,40.968
807,exp-perf5000-000807-455acee6,1777537100948,1777537100991,202,42.313
808,exp-perf5000-000808-ba9eb5c0,1777537100948,1777537100990,202,41.107
809,exp-perf5000-000809-dc944aa6,1777537100949,1777537100991,202,42.275
810,exp-perf5000-000810-391abecf,1777537100949,1777537100990,202,41.422
811,exp-perf5000-000811-c41111d5,1777537100949,1777537100992,202,43.059
812,exp-perf5000-000812-13774cfb,1777537100950,1777537100991,202,41.654
813,exp-perf5000-000813-22f804fa,1777537100950,1777537100993,202,42.658
814,exp-perf5000-000814-5798eabf,1777537100950,1777537100992,202,41.625
815,exp-perf5000-000815-664869c7,1777537100951,1777537100993,202,42.213
816,exp-perf5000-000816-acf20422,1777537100951,1777537100993,202,41.286
817,exp-perf5000-000817-c0cf04fb,1777537100952,1777537100994,202,42.269
818,exp-perf5000-000818-d57c952c,1777537100952,1777537100994,202,41.977
819,exp-perf5000-000819-84a79771,1777537100952,1777537100995,202,42.476
820,exp-perf5000-000820-7011179f,1777537100953,1777537100995,202,41.981
821,exp-perf5000-000821-63a97696,1777537100953,1777537100995,202,42.276
822,exp-perf5000-000822-39d281cf,1777537100953,1777537100995,202,42.050
823,exp-perf5000-000823-bd5a84d6,1777537100954,1777537100996,202,42.521
824,exp-perf5000-000824-6c5b9d29,1777537100954,1777537100996,202,41.647
825,exp-perf5000-000825-f543f894,1777537100955,1777537100997,202,41.881
826,exp-perf5000-000826-84712182,1777537100955,1777537100997,202,41.590
827,exp-perf5000-000827-ea749b72,1777537100956,1777537100997,202,41.741
828,exp-perf5000-000828-69265bc3,1777537100956,1777537100998,202,41.507
829,exp-perf5000-000829-e2845283,1777537100956,1777537100998,202,41.779
830,exp-perf5000-000830-acbfe657,1777537100957,1777537100998,202,41.584
831,exp-perf5000-000831-0634b005,1777537100957,1777537100999,202,41.705
832,exp-perf5000-000832-cb3659f5,1777537100957,1777537100999,202,41.830
833,exp-perf5000-000833-9fc331a4,1777537100958,1777537101000,202,41.853
834,exp-perf5000-000834-3686ccfb,1777537100958,1777537101000,202,41.747
835,exp-perf5000-000835-bb5d78ce,1777537100959,1777537101000,202,41.711
836,exp-perf5000-000836-c0d03140,1777537100959,1777537101001,202,41.631
837,exp-perf5000-000837-ff1c9c9d,1777537100959,1777537101001,202,41.590
838,exp-perf5000-000838-2fc66a6f,1777537100960,1777537101001,202,41.668
839,exp-perf5000-000839-765484f2,1777537100960,1777537101002,202,41.565
840,exp-perf5000-000840-b4721eed,1777537100960,1777537101002,202,41.714
841,exp-perf5000-000841-53cff496,1777537100961,1777537101002,202,41.534
842,exp-perf5000-000842-3796df81,1777537100961,1777537101003,202,41.441
843,exp-perf5000-000843-f99cd309,1777537100962,1777537101003,202,41.520
844,exp-perf5000-000844-d2c1e886,1777537100962,1777537101003,202,40.728
845,exp-perf5000-000845-ca059bc2,1777537100962,1777537101004,202,41.318
846,exp-perf5000-000846-ab24be88,1777537100962,1777537101004,202,41.647
847,exp-perf5000-000847-8df9af9f,1777537100963,1777537101004,202,41.677
848,exp-perf5000-000848-465bd175,1777537100963,1777537101005,202,41.588
849,exp-perf5000-000849-05bc9ba0,1777537100963,1777537101005,202,41.536
850,exp-perf5000-000850-890c954c,1777537100964,1777537101005,202,41.704
851,exp-perf5000-000851-5fac450e,1777537100964,1777537101006,202,41.656
852,exp-perf5000-000852-4e0c90bc,1777537100964,1777537101006,202,41.826
853,exp-perf5000-000853-0b10a014,1777537100965,1777537101006,202,41.822
854,exp-perf5000-000854-3c6134f0,1777537100965,1777537101007,202,41.762
855,exp-perf5000-000855-b41cc488,1777537100965,1777537101007,202,41.739
856,exp-perf5000-000856-08d845c4,1777537100966,1777537101007,202,41.679
857,exp-perf5000-000857-509dadea,1777537100966,1777537101008,202,41.776
858,exp-perf5000-000858-b53d68f6,1777537100966,1777537101008,202,41.963
859,exp-perf5000-000859-374cc465,1777537100967,1777537101008,202,41.853
860,exp-perf5000-000860-e83199bb,1777537100967,1777537101009,202,42.021
861,exp-perf5000-000861-aa74f2b2,1777537100968,1777537101009,202,41.455
862,exp-perf5000-000862-ea7d56bf,1777537100968,1777537101010,202,41.931
863,exp-perf5000-000863-1e006282,1777537100970,1777537101010,202,39.584
864,exp-perf5000-000864-46d2ffff,1777537100971,1777537101010,202,38.969
865,exp-perf5000-000865-244dcde8,1777537100972,1777537101010,202,38.443
866,exp-perf5000-000866-2bb38cb9,1777537100974,1777537101012,202,38.652
867,exp-perf5000-000867-b1564594,1777537100974,1777537101011,202,37.596
868,exp-perf5000-000868-20d79241,1777537100974,1777537101011,202,37.297
869,exp-perf5000-000869-6ac7ecba,1777537100974,1777537101012,202,37.490
870,exp-perf5000-000870-cf5c667f,1777537100975,1777537101013,202,38.039
871,exp-perf5000-000871-a5617294,1777537100975,1777537101013,202,38.055
872,exp-perf5000-000872-c27b9167,1777537100975,1777537101013,202,38.043
873,exp-perf5000-000873-560f17de,1777537100976,1777537101014,202,37.925
874,exp-perf5000-000874-78f742ac,1777537100976,1777537101014,202,37.768
875,exp-perf5000-000875-798e1c79,1777537100977,1777537101014,202,37.762
876,exp-perf5000-000876-214e202e,1777537100977,1777537101015,202,38.135
877,exp-perf5000-000877-4c4d98bb,1777537100978,1777537101015,202,36.882
878,exp-perf5000-000878-304e2e0d,1777537100978,1777537101016,202,37.160
879,exp-perf5000-000879-b9c70fa3,1777537100978,1777537101015,202,36.881
880,exp-perf5000-000880-e75b1fef,1777537100979,1777537101016,202,37.693
881,exp-perf5000-000881-63fa8644,1777537100979,1777537101016,202,37.050
882,exp-perf5000-000882-7fe6725b,1777537100980,1777537101017,202,37.230
883,exp-perf5000-000883-57be57cc,1777537100980,1777537101018,202,37.318
884,exp-perf5000-000884-780a41aa,1777537100981,1777537101017,202,36.068
885,exp-perf5000-000885-3a362e54,1777537100981,1777537101018,202,37.285
886,exp-perf5000-000886-916ac0d2,1777537100983,1777537101017,202,34.672
887,exp-perf5000-000887-06fcbf5d,1777537100983,1777537101018,202,34.532
888,exp-perf5000-000888-28a9f3a2,1777537100984,1777537101019,202,35.451
889,exp-perf5000-000889-d6d8e14d,1777537100985,1777537101020,202,35.063
890,exp-perf5000-000890-017349b9,1777537100985,1777537101019,202,33.525
891,exp-perf5000-000891-dee22231,1777537100985,1777537101021,202,35.444
892,exp-perf5000-000892-8b44f6cf,1777537100985,1777537101019,202,33.950
893,exp-perf5000-000893-ffc24c4e,1777537100985,1777537101021,202,35.797
894,exp-perf5000-000894-c52b0908,1777537100985,1777537101022,202,36.440
895,exp-perf5000-000895-eec07234,1777537100986,1777537101020,202,34.391
896,exp-perf5000-000896-6ea1349d,1777537100986,1777537101022,202,36.048
897,exp-perf5000-000897-a8d27992,1777537100987,1777537101020,202,33.962
898,exp-perf5000-000898-37347f72,1777537100987,1777537101023,202,36.252
899,exp-perf5000-000899-fb934620,1777537100987,1777537101021,202,34.064
900,exp-perf5000-000900-9e03cebc,1777537100987,1777537101024,202,36.239
901,exp-perf5000-000901-71551a0a,1777537100988,1777537101022,202,33.674
902,exp-perf5000-000902-1632b3d7,1777537100988,1777537101024,202,36.015
903,exp-perf5000-000903-3c9e0c30,1777537100989,1777537101022,202,33.685
904,exp-perf5000-000904-39c8e716,1777537100989,1777537101025,202,36.007
905,exp-perf5000-000905-c6e2c296,1777537100989,1777537101023,202,34.112
906,exp-perf5000-000906-5a3a7c85,1777537100990,1777537101026,202,36.101
907,exp-perf5000-000907-a3268037,1777537100990,1777537101024,202,34.241
908,exp-perf5000-000908-fde6b35a,1777537100990,1777537101026,202,35.825
909,exp-perf5000-000909-518f1388,1777537100991,1777537101025,202,33.917
910,exp-perf5000-000910-a19933ed,1777537100991,1777537101025,202,34.056
911,exp-perf5000-000911-f20dc5ca,1777537100992,1777537101027,202,35.328
912,exp-perf5000-000912-3f92b0d9,1777537100992,1777537101028,202,35.374
913,exp-perf5000-000913-5ec2cf93,1777537100993,1777537101026,202,33.471
914,exp-perf5000-000914-5e06c8b9,1777537100993,1777537101027,202,33.932
915,exp-perf5000-000915-20a69279,1777537100993,1777537101028,202,35.520
916,exp-perf5000-000916-56461046,1777537100993,1777537101027,202,34.056
917,exp-perf5000-000917-d9eb5bf6,1777537100994,1777537101029,202,35.010
918,exp-perf5000-000918-d27a68b0,1777537100994,1777537101028,202,33.815
919,exp-perf5000-000919-c1cd6bbd,1777537100995,1777537101030,202,34.872
920,exp-perf5000-000920-db425e00,1777537100995,1777537101029,202,33.777
921,exp-perf5000-000921-3ffcc90f,1777537100995,1777537101029,202,33.935
922,exp-perf5000-000922-3ef5a984,1777537100995,1777537101030,202,34.871
923,exp-perf5000-000923-9090cd74,1777537100996,1777537101031,202,34.859
924,exp-perf5000-000924-bd0002da,1777537100996,1777537101030,202,33.771
925,exp-perf5000-000925-463f17ec,1777537100997,1777537101031,202,34.022
926,exp-perf5000-000926-7a54fb23,1777537100997,1777537101032,202,34.764
927,exp-perf5000-000927-dc51b71c,1777537100997,1777537101031,202,33.824
928,exp-perf5000-000928-393026bd,1777537100998,1777537101032,202,34.674
929,exp-perf5000-000929-a073a43b,1777537100998,1777537101032,202,33.778
930,exp-perf5000-000930-4257ae13,1777537100998,1777537101033,202,34.571
931,exp-perf5000-000931-5b4f48a8,1777537100999,1777537101033,202,33.745
932,exp-perf5000-000932-a9165609,1777537100999,1777537101034,202,34.273
933,exp-perf5000-000933-b272f79c,1777537101000,1777537101033,202,33.628
934,exp-perf5000-000934-ff1f5a68,1777537101000,1777537101034,202,34.210
935,exp-perf5000-000935-c454e192,1777537101000,1777537101034,202,33.524
936,exp-perf5000-000936-bc8a7165,1777537101001,1777537101035,202,34.156
937,exp-perf5000-000937-676c7888,1777537101001,1777537101034,202,33.595
938,exp-perf5000-000938-bb7ee5f1,1777537101001,1777537101035,202,34.059
939,exp-perf5000-000939-79ecb7cb,1777537101002,1777537101035,202,33.499
940,exp-perf5000-000940-0bb22443,1777537101002,1777537101036,202,33.982
941,exp-perf5000-000941-57da5a09,1777537101002,1777537101036,202,33.471
942,exp-perf5000-000942-6429b275,1777537101003,1777537101037,202,34.078
943,exp-perf5000-000943-1483fa24,1777537101003,1777537101036,202,33.518
944,exp-perf5000-000944-2922837e,1777537101003,1777537101038,202,34.069
945,exp-perf5000-000945-eef3be92,1777537101004,1777537101037,202,33.469
946,exp-perf5000-000946-64f3e7f3,1777537101004,1777537101038,202,33.980
947,exp-perf5000-000947-eb3c4dd2,1777537101005,1777537101038,202,33.321
948,exp-perf5000-000948-408d3e0a,1777537101005,1777537101039,202,34.015
949,exp-perf5000-000949-67ee60cb,1777537101005,1777537101038,202,33.453
950,exp-perf5000-000950-6ec22b30,1777537101006,1777537101040,202,33.986
951,exp-perf5000-000951-0b218fb9,1777537101006,1777537101039,202,33.355
952,exp-perf5000-000952-151f2bd9,1777537101006,1777537101040,202,33.884
953,exp-perf5000-000953-a1199563,1777537101006,1777537101040,202,33.328
954,exp-perf5000-000954-005752ae,1777537101007,1777537101041,202,33.951
955,exp-perf5000-000955-ea37a57d,1777537101007,1777537101040,202,33.364
956,exp-perf5000-000956-1ad52748,1777537101007,1777537101042,202,34.167
957,exp-perf5000-000957-2d3e49ed,1777537101008,1777537101041,202,33.500
958,exp-perf5000-000958-048018f9,1777537101008,1777537101042,202,33.825
959,exp-perf5000-000959-a565a8e3,1777537101009,1777537101042,202,33.337
960,exp-perf5000-000960-1d95d768,1777537101009,1777537101043,202,33.528
961,exp-perf5000-000961-0fa3371c,1777537101009,1777537101043,202,33.585
962,exp-perf5000-000962-83d91d6c,1777537101010,1777537101043,202,33.636
963,exp-perf5000-000963-5cbb2ea2,1777537101010,1777537101044,202,33.688
964,exp-perf5000-000964-2431f06a,1777537101010,1777537101044,202,33.944
965,exp-perf5000-000965-c195d32d,1777537101011,1777537101044,202,33.790
966,exp-perf5000-000966-f7884e4f,1777537101011,1777537101045,202,33.836
967,exp-perf5000-000967-0363728f,1777537101011,1777537101045,202,33.879
968,exp-perf5000-000968-72846295,1777537101012,1777537101046,202,33.774
969,exp-perf5000-000969-dea1da1c,1777537101012,1777537101046,202,33.267
970,exp-perf5000-000970-288d2c52,1777537101013,1777537101046,202,33.565
971,exp-perf5000-000971-4f641da0,1777537101013,1777537101047,202,33.627
972,exp-perf5000-000972-b63f631f,1777537101014,1777537101047,202,33.772
973,exp-perf5000-000973-386a8ad2,1777537101014,1777537101047,202,33.682
974,exp-perf5000-000974-685a7bb4,1777537101014,1777537101048,202,33.742
975,exp-perf5000-000975-dcbad1df,1777537101015,1777537101048,202,33.636
976,exp-perf5000-000976-9c4a0027,1777537101015,1777537101049,202,33.723
977,exp-perf5000-000977-91049193,1777537101015,1777537101049,202,33.712
978,exp-perf5000-000978-988ec511,1777537101015,1777537101049,202,34.041
979,exp-perf5000-000979-085a7016,1777537101016,1777537101050,202,34.030
980,exp-perf5000-000980-25f06fb9,1777537101016,1777537101050,202,33.987
981,exp-perf5000-000981-1af16bfa,1777537101016,1777537101050,202,33.457
982,exp-perf5000-000982-20d08d46,1777537101017,1777537101051,202,34.148
983,exp-perf5000-000983-3a8835a0,1777537101017,1777537101051,202,33.232
984,exp-perf5000-000984-21f879fc,1777537101018,1777537101051,202,33.980
985,exp-perf5000-000985-13ed5668,1777537101018,1777537101051,202,33.552
986,exp-perf5000-000986-1c507756,1777537101018,1777537101052,202,34.068
987,exp-perf5000-000987-53b6721f,1777537101018,1777537101052,202,33.333
988,exp-perf5000-000988-80ee37bd,1777537101019,1777537101053,202,34.159
989,exp-perf5000-000989-4eb018cb,1777537101019,1777537101052,202,33.201
990,exp-perf5000-000990-f9a9ed2d,1777537101019,1777537101054,202,34.209
991,exp-perf5000-000991-30f8256e,1777537101020,1777537101054,202,34.191
992,exp-perf5000-000992-c1f1956f,1777537101020,1777537101053,202,33.012
993,exp-perf5000-000993-3a8f497e,1777537101021,1777537101055,202,34.316
994,exp-perf5000-000994-219528b6,1777537101021,1777537101054,202,33.145
995,exp-perf5000-000995-895fda45,1777537101021,1777537101054,202,33.230
996,exp-perf5000-000996-33d4c431,1777537101021,1777537101056,202,34.295
997,exp-perf5000-000997-1eb26812,1777537101022,1777537101056,202,34.432
998,exp-perf5000-000998-01152402,1777537101022,1777537101055,202,33.056
999,exp-perf5000-000999-47acf88c,1777537101023,1777537101058,202,35.132
1000,exp-perf5000-001000-4a3c93bc,1777537101023,1777537101056,202,33.147
1001,exp-perf5000-001001-226a3952,1777537101023,1777537101057,202,33.350
1002,exp-perf5000-001002-5c848d57,1777537101023,1777537101058,202,35.099
1003,exp-perf5000-001003-47dc68bf,1777537101024,1777537101058,202,33.909
1004,exp-perf5000-001004-f19e3f45,1777537101024,1777537101059,202,34.771
1005,exp-perf5000-001005-ada0af6a,1777537101025,1777537101058,202,33.580
1006,exp-perf5000-001006-0bd38b1f,1777537101025,1777537101059,202,34.796
1007,exp-perf5000-001007-2223089d,1777537101025,1777537101059,202,33.483
1008,exp-perf5000-001008-9f0c1fbd,1777537101025,1777537101060,202,34.744
1009,exp-perf5000-001009-7fc49b54,1777537101026,1777537101059,202,33.566
1010,exp-perf5000-001010-d0abe966,1777537101026,1777537101061,202,34.697
1011,exp-perf5000-001011-ba3bab80,1777537101026,1777537101060,202,33.414
1012,exp-perf5000-001012-4c323014,1777537101027,1777537101061,202,34.777
1013,exp-perf5000-001013-dfb15b97,1777537101027,1777537101060,202,33.436
1014,exp-perf5000-001014-38d9452b,1777537101027,1777537101062,202,34.788
1015,exp-perf5000-001015-818b0764,1777537101028,1777537101061,202,33.510
1016,exp-perf5000-001016-b42acb6f,1777537101028,1777537101063,202,34.754
1017,exp-perf5000-001017-a123ec2e,1777537101028,1777537101062,202,33.331
1018,exp-perf5000-001018-f5ed486b,1777537101029,1777537101063,202,34.671
1019,exp-perf5000-001019-d0d80273,1777537101029,1777537101062,202,33.434
1020,exp-perf5000-001020-df9f9f61,1777537101029,1777537101064,202,34.760
1021,exp-perf5000-001021-6213e35f,1777537101030,1777537101063,202,33.449
1022,exp-perf5000-001022-4613dc6a,1777537101030,1777537101065,202,34.737
1023,exp-perf5000-001023-6689d635,1777537101030,1777537101064,202,33.350
1024,exp-perf5000-001024-e6c536d1,1777537101031,1777537101065,202,34.741
1025,exp-perf5000-001025-cd183bf6,1777537101031,1777537101064,202,33.527
1026,exp-perf5000-001026-58c78449,1777537101031,1777537101066,202,34.847
1027,exp-perf5000-001027-5bfa7935,1777537101032,1777537101065,202,33.547
1028,exp-perf5000-001028-02530afa,1777537101032,1777537101067,202,34.830
1029,exp-perf5000-001029-5a12aacd,1777537101032,1777537101066,202,33.630
1030,exp-perf5000-001030-9b552b46,1777537101033,1777537101068,202,34.960
1031,exp-perf5000-001031-f410ecd0,1777537101033,1777537101067,202,33.662
1032,exp-perf5000-001032-a3b974b1,1777537101033,1777537101068,202,34.901
1033,exp-perf5000-001033-80faf834,1777537101034,1777537101067,202,33.709
1034,exp-perf5000-001034-0183c7d2,1777537101034,1777537101069,202,35.002
1035,exp-perf5000-001035-b2f72d25,1777537101034,1777537101068,202,33.900
1036,exp-perf5000-001036-1f657ec4,1777537101034,1777537101070,202,35.164
1037,exp-perf5000-001037-2ba3948b,1777537101035,1777537101069,202,33.879
1038,exp-perf5000-001038-b253a244,1777537101035,1777537101070,202,35.176
1039,exp-perf5000-001039-a622535d,1777537101035,1777537101069,202,33.908
1040,exp-perf5000-001040-53344cc1,1777537101036,1777537101071,202,35.130
1041,exp-perf5000-001041-9a8992da,1777537101036,1777537101070,202,33.918
1042,exp-perf5000-001042-b7249eb4,1777537101037,1777537101072,202,35.035
1043,exp-perf5000-001043-62bbbecd,1777537101037,1777537101071,202,33.828
1044,exp-perf5000-001044-9802f41c,1777537101037,1777537101072,202,34.934
1045,exp-perf5000-001045-5d38c29a,1777537101038,1777537101071,202,33.842
1046,exp-perf5000-001046-1fa18034,1777537101038,1777537101073,202,34.807
1047,exp-perf5000-001047-2e1ab6c0,1777537101038,1777537101072,202,33.602
1048,exp-perf5000-001048-48574591,1777537101039,1777537101073,202,34.813
1049,exp-perf5000-001049-ab979f3a,1777537101039,1777537101073,202,33.655
1050,exp-perf5000-001050-84ca01bf,1777537101039,1777537101074,202,34.939
1051,exp-perf5000-001051-9a9d6982,1777537101040,1777537101073,202,33.639
1052,exp-perf5000-001052-20a1f800,1777537101040,1777537101075,202,34.797
1053,exp-perf5000-001053-82af9a2e,1777537101040,1777537101074,202,33.657
1054,exp-perf5000-001054-27f4fd22,1777537101041,1777537101075,202,34.851
1055,exp-perf5000-001055-e66b9deb,1777537101041,1777537101074,202,33.539
1056,exp-perf5000-001056-e492719f,1777537101041,1777537101076,202,34.767
1057,exp-perf5000-001057-5d06b206,1777537101042,1777537101075,202,33.632
1058,exp-perf5000-001058-5ed4d223,1777537101042,1777537101077,202,34.734
1059,exp-perf5000-001059-5cc66b28,1777537101042,1777537101076,202,33.744
1060,exp-perf5000-001060-5078e7a6,1777537101043,1777537101077,202,34.670
1061,exp-perf5000-001061-a179a317,1777537101043,1777537101077,202,33.683
1062,exp-perf5000-001062-f5df7178,1777537101043,1777537101078,202,34.447
1063,exp-perf5000-001063-43fc694d,1777537101044,1777537101077,202,33.531
1064,exp-perf5000-001064-32eff7a0,1777537101044,1777537101078,202,33.503
1065,exp-perf5000-001065-5d543a98,1777537101044,1777537101078,202,34.105
1066,exp-perf5000-001066-33113f52,1777537101045,1777537101079,202,34.297
1067,exp-perf5000-001067-f246c226,1777537101045,1777537101078,202,33.239
1068,exp-perf5000-001068-728f1cae,1777537101046,1777537101080,202,34.170
1069,exp-perf5000-001069-31ca2719,1777537101046,1777537101079,202,33.383
1070,exp-perf5000-001070-827bbb50,1777537101046,1777537101080,202,33.382
1071,exp-perf5000-001071-02da0eda,1777537101047,1777537101080,202,33.694
1072,exp-perf5000-001072-6218d49e,1777537101047,1777537101081,202,33.172
1073,exp-perf5000-001073-1e769018,1777537101048,1777537101081,202,33.485
1074,exp-perf5000-001074-96be972a,1777537101048,1777537101081,202,33.189
1075,exp-perf5000-001075-34518864,1777537101048,1777537101082,202,33.800
1076,exp-perf5000-001076-f2eb9a53,1777537101049,1777537101082,202,33.180
1077,exp-perf5000-001077-d46e2ad5,1777537101049,1777537101083,202,33.781
1078,exp-perf5000-001078-5792abaf,1777537101050,1777537101083,202,33.742
1079,exp-perf5000-001079-058e1820,1777537101050,1777537101082,202,32.781
1080,exp-perf5000-001080-aab442e6,1777537101050,1777537101083,202,33.174
1081,exp-perf5000-001081-2ce5ab4e,1777537101050,1777537101084,202,33.822
1082,exp-perf5000-001082-0a383b68,1777537101051,1777537101084,202,33.244
1083,exp-perf5000-001083-f8035b10,1777537101051,1777537101085,202,33.699
1084,exp-perf5000-001084-df420b7a,1777537101051,1777537101084,202,33.236
1085,exp-perf5000-001085-e69920c0,1777537101052,1777537101085,202,33.737
1086,exp-perf5000-001086-3f5b97b6,1777537101052,1777537101085,202,33.240
1087,exp-perf5000-001087-c922791c,1777537101052,1777537101086,202,33.934
1088,exp-perf5000-001088-55820653,1777537101052,1777537101086,202,33.343
1089,exp-perf5000-001089-f7644ad5,1777537101053,1777537101087,202,33.634
1090,exp-perf5000-001090-b09ea2f1,1777537101053,1777537101086,202,33.194
1091,exp-perf5000-001091-f0a6738b,1777537101054,1777537101087,202,33.528
1092,exp-perf5000-001092-657dbb9a,1777537101054,1777537101087,202,33.099
1093,exp-perf5000-001093-170e26d9,1777537101054,1777537101088,202,33.668
1094,exp-perf5000-001094-767245ac,1777537101054,1777537101088,202,33.117
1095,exp-perf5000-001095-1af9695a,1777537101055,1777537101089,202,33.723
1096,exp-perf5000-001096-89588a58,1777537101055,1777537101088,202,33.266
1097,exp-perf5000-001097-16258fdf,1777537101056,1777537101089,202,33.866
1098,exp-perf5000-001098-80d1c3f0,1777537101056,1777537101089,202,33.354
1099,exp-perf5000-001099-eca5d096,1777537101056,1777537101090,202,33.679
1100,exp-perf5000-001100-8dd57104,1777537101057,1777537101090,202,33.636
1101,exp-perf5000-001101-fc31ee51,1777537101058,1777537101091,202,32.765
1102,exp-perf5000-001102-c0702956,1777537101058,1777537101091,202,32.864
1103,exp-perf5000-001103-4770d006,1777537101058,1777537101092,202,33.358
1104,exp-perf5000-001104-6ac66ebf,1777537101058,1777537101092,202,33.264
1105,exp-perf5000-001105-531f3f36,1777537101059,1777537101092,202,33.683
1106,exp-perf5000-001106-daa40a1b,1777537101059,1777537101092,202,33.581
1107,exp-perf5000-001107-62ddd89c,1777537101059,1777537101093,202,33.530
1108,exp-perf5000-001108-9ba19e9c,1777537101059,1777537101093,202,33.621
1109,exp-perf5000-001109-5433253f,1777537101060,1777537101094,202,33.915
1110,exp-perf5000-001110-93a20872,1777537101060,1777537101094,202,33.548
1111,exp-perf5000-001111-0a692f0c,1777537101061,1777537101094,202,33.937
1112,exp-perf5000-001112-a885c9b1,1777537101061,1777537101094,202,33.451
1113,exp-perf5000-001113-985f4c68,1777537101061,1777537101095,202,33.933
1114,exp-perf5000-001114-f85be8a2,1777537101061,1777537101095,202,33.439
1115,exp-perf5000-001115-efd7cd44,1777537101062,1777537101096,202,33.825
1116,exp-perf5000-001116-e34c9fd6,1777537101062,1777537101096,202,33.367
1117,exp-perf5000-001117-b1793585,1777537101062,1777537101096,202,33.654
1118,exp-perf5000-001118-bff9fbb4,1777537101063,1777537101096,202,33.465
1119,exp-perf5000-001119-857af4f0,1777537101063,1777537101097,202,33.662
1120,exp-perf5000-001120-f508eadd,1777537101063,1777537101097,202,33.430
1121,exp-perf5000-001121-47b51739,1777537101064,1777537101098,202,33.840
1122,exp-perf5000-001122-8465dff4,1777537101064,1777537101098,202,33.564
1123,exp-perf5000-001123-132703d0,1777537101065,1777537101098,202,33.710
1124,exp-perf5000-001124-637bf991,1777537101065,1777537101098,202,33.609
1125,exp-perf5000-001125-af6c3f6b,1777537101065,1777537101099,202,33.729
1126,exp-perf5000-001126-1d5a6419,1777537101065,1777537101099,202,33.783
1127,exp-perf5000-001127-122fc4b0,1777537101066,1777537101100,202,33.707
1128,exp-perf5000-001128-21e02026,1777537101066,1777537101100,202,33.825
1129,exp-perf5000-001129-c1fcc224,1777537101067,1777537101100,202,33.748
1130,exp-perf5000-001130-227b0ae2,1777537101067,1777537101101,202,33.896
1131,exp-perf5000-001131-45ebdbdc,1777537101067,1777537101101,202,33.773
1132,exp-perf5000-001132-43df64e9,1777537101068,1777537101101,202,33.863
1133,exp-perf5000-001133-1c1f861a,1777537101068,1777537101102,202,33.653
1134,exp-perf5000-001134-0edbdfd8,1777537101068,1777537101102,202,33.957
1135,exp-perf5000-001135-5a75cc14,1777537101069,1777537101102,202,33.752
1136,exp-perf5000-001136-72ea31ea,1777537101069,1777537101103,202,34.044
1137,exp-perf5000-001137-99c3032c,1777537101069,1777537101103,202,33.799
1138,exp-perf5000-001138-1c9d71e8,1777537101070,1777537101104,202,33.972
1139,exp-perf5000-001139-df0b0946,1777537101070,1777537101104,202,34.051
1140,exp-perf5000-001140-5105370c,1777537101070,1777537101104,202,34.095
1141,exp-perf5000-001141-839328f7,1777537101071,1777537101105,202,34.137
1142,exp-perf5000-001142-f656f36d,1777537101071,1777537101105,202,34.222
1143,exp-perf5000-001143-797b9db6,1777537101071,1777537101106,202,34.107
1144,exp-perf5000-001144-8b4854b1,1777537101072,1777537101106,202,34.302
1145,exp-perf5000-001145-2e4945ce,1777537101072,1777537101106,202,34.451
1146,exp-perf5000-001146-9d03b410,1777537101072,1777537101107,202,34.454
1147,exp-perf5000-001147-9ea54f71,1777537101073,1777537101107,202,34.438
1148,exp-perf5000-001148-3bed41e0,1777537101073,1777537101107,202,34.604
1149,exp-perf5000-001149-3c9455a4,1777537101073,1777537101108,202,34.389
1150,exp-perf5000-001150-75c864fd,1777537101073,1777537101108,202,34.658
1151,exp-perf5000-001151-97488846,1777537101074,1777537101108,202,34.511
1152,exp-perf5000-001152-2783bc7c,1777537101074,1777537101109,202,34.626
1153,exp-perf5000-001153-472ef1a7,1777537101075,1777537101109,202,34.482
1154,exp-perf5000-001154-3da13f55,1777537101075,1777537101109,202,34.692
1155,exp-perf5000-001155-c125bf91,1777537101075,1777537101110,202,34.551
1156,exp-perf5000-001156-9a3b649b,1777537101075,1777537101110,202,34.740
1157,exp-perf5000-001157-c7e54566,1777537101076,1777537101111,202,34.623
1158,exp-perf5000-001158-efca73bc,1777537101076,1777537101111,202,34.740
1159,exp-perf5000-001159-9a784afb,1777537101077,1777537101111,202,34.923
1160,exp-perf5000-001160-83f17d56,1777537101077,1777537101112,202,34.907
1161,exp-perf5000-001161-0ce738a4,1777537101077,1777537101112,202,35.040
1162,exp-perf5000-001162-f2a2b305,1777537101077,1777537101112,202,35.053
1163,exp-perf5000-001163-72f72f9d,1777537101078,1777537101113,202,35.206
1164,exp-perf5000-001164-09352bf7,1777537101078,1777537101113,202,35.261
1165,exp-perf5000-001165-d4291082,1777537101078,1777537101114,202,35.143
1166,exp-perf5000-001166-1ee10e20,1777537101079,1777537101114,202,35.159
1167,exp-perf5000-001167-ada60749,1777537101079,1777537101115,202,35.488
1168,exp-perf5000-001168-4196c18d,1777537101079,1777537101115,202,35.429
1169,exp-perf5000-001169-f56496fa,1777537101080,1777537101115,202,35.416
1170,exp-perf5000-001170-c818d8e1,1777537101080,1777537101115,202,35.389
1171,exp-perf5000-001171-77400e97,1777537101080,1777537101116,202,35.348
1172,exp-perf5000-001172-70464a65,1777537101081,1777537101116,202,35.098
1173,exp-perf5000-001173-d8fef685,1777537101081,1777537101116,202,35.439
1174,exp-perf5000-001174-2836a4c4,1777537101081,1777537101116,202,35.106
1175,exp-perf5000-001175-6e78d692,1777537101082,1777537101117,202,35.266
1176,exp-perf5000-001176-b76de765,1777537101082,1777537101117,202,35.072
1177,exp-perf5000-001177-a6c9d588,1777537101083,1777537101118,202,35.220
1178,exp-perf5000-001178-6ea1f814,1777537101083,1777537101118,202,35.175
1179,exp-perf5000-001179-bee7d600,1777537101083,1777537101118,202,35.322
1180,exp-perf5000-001180-1b0767e9,1777537101083,1777537101118,202,35.141
1181,exp-perf5000-001181-6234b179,1777537101084,1777537101119,202,35.363
1182,exp-perf5000-001182-9fe7122e,1777537101084,1777537101119,202,35.101
1183,exp-perf5000-001183-70c99ace,1777537101084,1777537101120,202,35.259
1184,exp-perf5000-001184-927a971a,1777537101085,1777537101120,202,35.074
1185,exp-perf5000-001185-c15e8da0,1777537101085,1777537101121,202,35.486
1186,exp-perf5000-001186-f8b78c8a,1777537101085,1777537101121,202,35.301
1187,exp-perf5000-001187-0c0a27a7,1777537101086,1777537101121,202,35.396
1188,exp-perf5000-001188-de929054,1777537101086,1777537101121,202,35.126
1189,exp-perf5000-001189-c9753408,1777537101086,1777537101122,202,35.510
1190,exp-perf5000-001190-2d2c7a36,1777537101087,1777537101122,202,35.460
1191,exp-perf5000-001191-8f4f1e5b,1777537101087,1777537101123,202,35.746
1192,exp-perf5000-001192-9939f531,1777537101087,1777537101123,202,35.462
1193,exp-perf5000-001193-2792c4b3,1777537101088,1777537101123,202,35.769
1194,exp-perf5000-001194-e1b2b716,1777537101088,1777537101123,202,35.358
1195,exp-perf5000-001195-db9f89ec,1777537101088,1777537101124,202,35.689
1196,exp-perf5000-001196-6fcc8be2,1777537101089,1777537101124,202,35.292
1197,exp-perf5000-001197-5d930650,1777537101089,1777537101125,202,35.418
1198,exp-perf5000-001198-c0e098e9,1777537101090,1777537101125,202,35.021
1199,exp-perf5000-001199-0a1438ca,1777537101090,1777537101125,202,35.080
1200,exp-perf5000-001200-c6798453,1777537101090,1777537101125,202,35.075
1201,exp-perf5000-001201-36eec3e7,1777537101091,1777537101126,202,35.228
1202,exp-perf5000-001202-b72f74e7,1777537101091,1777537101126,202,35.037
1203,exp-perf5000-001203-c46c54e2,1777537101092,1777537101127,202,35.050
1204,exp-perf5000-001204-70624101,1777537101092,1777537101126,202,34.774
1205,exp-perf5000-001205-a8232250,1777537101092,1777537101127,202,34.938
1206,exp-perf5000-001206-9083cb9a,1777537101093,1777537101127,202,34.639
1207,exp-perf5000-001207-cc6a0d31,1777537101093,1777537101128,202,35.104
1208,exp-perf5000-001208-23869442,1777537101093,1777537101128,202,34.614
1209,exp-perf5000-001209-635027c3,1777537101094,1777537101128,202,34.696
1210,exp-perf5000-001210-0fdaff81,1777537101094,1777537101129,202,34.816
1211,exp-perf5000-001211-d98cdb5a,1777537101094,1777537101129,202,34.660
1212,exp-perf5000-001212-c09a53e4,1777537101095,1777537101129,202,34.763
1213,exp-perf5000-001213-cf5749f4,1777537101095,1777537101130,202,34.580
1214,exp-perf5000-001214-3cc7949f,1777537101095,1777537101130,202,34.723
1215,exp-perf5000-001215-050a345a,1777537101096,1777537101130,202,34.636
1216,exp-perf5000-001216-7e4f869f,1777537101096,1777537101131,202,34.791
1217,exp-perf5000-001217-9ef812a0,1777537101096,1777537101132,202,35.473
1218,exp-perf5000-001218-9a9d640a,1777537101096,1777537101131,202,34.508
1219,exp-perf5000-001219-21ef403e,1777537101097,1777537101132,202,35.100
1220,exp-perf5000-001220-e8eca866,1777537101097,1777537101132,202,34.834
1221,exp-perf5000-001221-0cfb4065,1777537101098,1777537101133,202,34.890
1222,exp-perf5000-001222-485071b6,1777537101098,1777537101132,202,34.586
1223,exp-perf5000-001223-65eee4e0,1777537101098,1777537101133,202,34.841
1224,exp-perf5000-001224-b7a66348,1777537101098,1777537101133,202,34.413
1225,exp-perf5000-001225-27541f52,1777537101099,1777537101134,202,34.749
1226,exp-perf5000-001226-1360e384,1777537101099,1777537101133,202,34.199
1227,exp-perf5000-001227-ac3d9d43,1777537101100,1777537101134,202,34.750
1228,exp-perf5000-001228-bf67f7d9,1777537101100,1777537101134,202,34.095
1229,exp-perf5000-001229-8c1dddd1,1777537101100,1777537101135,202,34.706
1230,exp-perf5000-001230-c0dc7db8,1777537101101,1777537101135,202,33.959
1231,exp-perf5000-001231-7a4d833a,1777537101101,1777537101136,202,34.673
1232,exp-perf5000-001232-6613aca8,1777537101101,1777537101135,202,33.940
1233,exp-perf5000-001233-21d111b1,1777537101102,1777537101136,202,34.636
1234,exp-perf5000-001234-a098e0ab,1777537101102,1777537101136,202,33.829
1235,exp-perf5000-001235-f74d2ddb,1777537101102,1777537101137,202,34.665
1236,exp-perf5000-001236-cd518cc4,1777537101103,1777537101137,202,33.683
1237,exp-perf5000-001237-dfd55bdf,1777537101103,1777537101138,202,34.660
1238,exp-perf5000-001238-00d3815e,1777537101104,1777537101137,202,33.661
1239,exp-perf5000-001239-77ede764,1777537101104,1777537101139,202,34.612
1240,exp-perf5000-001240-5f970e8c,1777537101104,1777537101138,202,33.638
1241,exp-perf5000-001241-88f66dc0,1777537101105,1777537101140,202,34.636
1242,exp-perf5000-001242-8ea44a78,1777537101105,1777537101139,202,33.461
1243,exp-perf5000-001243-cdd341f7,1777537101106,1777537101140,202,34.714
1244,exp-perf5000-001244-df854c68,1777537101106,1777537101139,202,33.545
1245,exp-perf5000-001245-cb07780b,1777537101106,1777537101141,202,34.808
1246,exp-perf5000-001246-fdd608a4,1777537101107,1777537101140,202,33.506
1247,exp-perf5000-001247-e6c80b11,1777537101107,1777537101142,202,34.820
1248,exp-perf5000-001248-18b43f8e,1777537101107,1777537101141,202,33.290
1249,exp-perf5000-001249-f31b269a,1777537101108,1777537101143,202,34.930
1250,exp-perf5000-001250-dbada82c,1777537101108,1777537101141,202,33.364
1251,exp-perf5000-001251-5c208a42,1777537101108,1777537101143,202,35.006
1252,exp-perf5000-001252-6be764c9,1777537101109,1777537101142,202,33.482
1253,exp-perf5000-001253-f7f6476b,1777537101109,1777537101144,202,34.966
1254,exp-perf5000-001254-fc697970,1777537101109,1777537101143,202,33.674
1255,exp-perf5000-001255-e5586eb9,1777537101110,1777537101145,202,34.781
1256,exp-perf5000-001256-1a41d4e3,1777537101110,1777537101144,202,33.443
1257,exp-perf5000-001257-a1c5b075,1777537101111,1777537101146,202,34.856
1258,exp-perf5000-001258-32a4f55f,1777537101111,1777537101144,202,33.494
1259,exp-perf5000-001259-f4a8fdad,1777537101111,1777537101147,202,35.020
1260,exp-perf5000-001260-93ac4e79,1777537101112,1777537101145,202,33.540
1261,exp-perf5000-001261-34288788,1777537101112,1777537101147,202,34.843
1262,exp-perf5000-001262-9cabd5f9,1777537101112,1777537101146,202,33.902
1263,exp-perf5000-001263-b4dbc83c,1777537101113,1777537101149,202,35.524
1264,exp-perf5000-001264-c8424bb1,1777537101113,1777537101147,202,33.441
1265,exp-perf5000-001265-90d8376e,1777537101114,1777537101149,202,35.394
1266,exp-perf5000-001266-1c3858f2,1777537101114,1777537101147,202,33.574
1267,exp-perf5000-001267-adbbf42c,1777537101115,1777537101150,202,34.897
1268,exp-perf5000-001268-68329539,1777537101115,1777537101148,202,33.537
1269,exp-perf5000-001269-fb7d19f4,1777537101115,1777537101150,202,35.073
1270,exp-perf5000-001270-ffecf01c,1777537101115,1777537101149,202,33.581
1271,exp-perf5000-001271-55a5a7c4,1777537101116,1777537101151,202,35.204
1272,exp-perf5000-001272-1c306d79,1777537101116,1777537101150,202,34.054
1273,exp-perf5000-001273-1e26465f,1777537101116,1777537101151,202,35.085
1274,exp-perf5000-001274-96c79d4a,1777537101117,1777537101151,202,34.010
1275,exp-perf5000-001275-a9f87aef,1777537101117,1777537101152,202,35.045
1276,exp-perf5000-001276-078f2d29,1777537101117,1777537101151,202,33.878
1277,exp-perf5000-001277-a85c03cd,1777537101118,1777537101153,202,35.073
1278,exp-perf5000-001278-52038cdf,1777537101118,1777537101152,202,33.890
1279,exp-perf5000-001279-188fc643,1777537101119,1777537101152,202,33.972
1280,exp-perf5000-001280-b1e4fca7,1777537101119,1777537101153,202,34.941
1281,exp-perf5000-001281-fc07be9d,1777537101119,1777537101153,202,34.034
1282,exp-perf5000-001282-27693202,1777537101119,1777537101154,202,34.917
1283,exp-perf5000-001283-39d450fe,1777537101120,1777537101154,202,34.094
1284,exp-perf5000-001284-c84a3c90,1777537101120,1777537101155,202,35.009
1285,exp-perf5000-001285-68215c91,1777537101121,1777537101156,202,35.080
1286,exp-perf5000-001286-d114b310,1777537101121,1777537101155,202,34.052
1287,exp-perf5000-001287-fd6effcf,1777537101121,1777537101155,202,34.257
1288,exp-perf5000-001288-d7713740,1777537101121,1777537101156,202,35.090
1289,exp-perf5000-001289-3d276888,1777537101122,1777537101157,202,35.199
1290,exp-perf5000-001290-3af52c73,1777537101122,1777537101156,202,34.137
1291,exp-perf5000-001291-6b1388a5,1777537101123,1777537101157,202,34.277
1292,exp-perf5000-001292-8d1f961d,1777537101123,1777537101158,202,35.115
1293,exp-perf5000-001293-dcd6b216,1777537101123,1777537101158,202,34.386
1294,exp-perf5000-001294-3c916fa8,1777537101123,1777537101159,202,35.168
1295,exp-perf5000-001295-3e93aef4,1777537101124,1777537101158,202,34.357
1296,exp-perf5000-001296-a259d832,1777537101124,1777537101159,202,35.178
1297,exp-perf5000-001297-55f1e372,1777537101125,1777537101159,202,34.522
1298,exp-perf5000-001298-b89bb009,1777537101125,1777537101160,202,35.154
1299,exp-perf5000-001299-ac11e7c1,1777537101125,1777537101160,202,34.533
1300,exp-perf5000-001300-d70d588d,1777537101125,1777537101161,202,35.172
1301,exp-perf5000-001301-f7480807,1777537101126,1777537101160,202,34.566
1302,exp-perf5000-001302-e5e84b14,1777537101126,1777537101161,202,35.182
1303,exp-perf5000-001303-e9b891b7,1777537101127,1777537101161,202,34.545
1304,exp-perf5000-001304-0cef4b30,1777537101127,1777537101162,202,35.221
1305,exp-perf5000-001305-53b530a6,1777537101127,1777537101162,202,34.472
1306,exp-perf5000-001306-17a2fa81,1777537101127,1777537101163,202,35.194
1307,exp-perf5000-001307-17358609,1777537101128,1777537101162,202,34.635
1308,exp-perf5000-001308-91c9c960,1777537101128,1777537101163,202,35.227
1309,exp-perf5000-001309-f7686ac8,1777537101128,1777537101163,202,34.722
1310,exp-perf5000-001310-3fd3d7a4,1777537101129,1777537101164,202,35.342
1311,exp-perf5000-001311-1ba32aad,1777537101129,1777537101164,202,34.705
1312,exp-perf5000-001312-43f12e36,1777537101129,1777537101165,202,35.327
1313,exp-perf5000-001313-3506a908,1777537101130,1777537101165,202,34.945
1314,exp-perf5000-001314-e9e5f08c,1777537101130,1777537101165,202,35.330
1315,exp-perf5000-001315-b30663b7,1777537101130,1777537101166,202,35.244
1316,exp-perf5000-001316-78694b7b,1777537101131,1777537101166,202,35.422
1317,exp-perf5000-001317-615c495b,1777537101131,1777537101166,202,35.231
1318,exp-perf5000-001318-b522c3e2,1777537101132,1777537101167,202,34.855
1319,exp-perf5000-001319-a431e15d,1777537101132,1777537101167,202,34.862
1320,exp-perf5000-001320-a93fd7b8,1777537101132,1777537101167,202,35.330
1321,exp-perf5000-001321-ab68ed2f,1777537101132,1777537101167,202,34.797
1322,exp-perf5000-001322-aebbeae0,1777537101133,1777537101168,202,35.479
1323,exp-perf5000-001323-e03e832d,1777537101133,1777537101168,202,35.112
1324,exp-perf5000-001324-32a3ac65,1777537101133,1777537101169,202,35.455
1325,exp-perf5000-001325-847f66c3,1777537101133,1777537101169,202,35.184
1326,exp-perf5000-001326-59be40db,1777537101134,1777537101169,202,35.497
1327,exp-perf5000-001327-37dc74b6,1777537101134,1777537101169,202,35.086
1328,exp-perf5000-001328-d8b8b2d5,1777537101134,1777537101170,202,35.316
1329,exp-perf5000-001329-df28b6c6,1777537101135,1777537101170,202,35.121
1330,exp-perf5000-001330-0b4cd2b9,1777537101135,1777537101170,202,35.378
1331,exp-perf5000-001331-65cbd112,1777537101135,1777537101170,202,35.003
1332,exp-perf5000-001332-b2f6c9a4,1777537101136,1777537101171,202,35.350
1333,exp-perf5000-001333-d344985a,1777537101136,1777537101171,202,35.066
1334,exp-perf5000-001334-a1988e37,1777537101136,1777537101172,202,35.398
1335,exp-perf5000-001335-c7189cac,1777537101137,1777537101172,202,35.014
1336,exp-perf5000-001336-3f9edadc,1777537101137,1777537101172,202,35.235
1337,exp-perf5000-001337-766367fb,1777537101137,1777537101172,202,34.947
1338,exp-perf5000-001338-fe55256b,1777537101138,1777537101173,202,35.088
1339,exp-perf5000-001339-f78d4555,1777537101138,1777537101173,202,34.748
1340,exp-perf5000-001340-e59b262d,1777537101139,1777537101174,202,35.121
1341,exp-perf5000-001341-1e95efb9,1777537101139,1777537101174,202,35.089
1342,exp-perf5000-001342-3ff44668,1777537101139,1777537101175,202,35.502
1343,exp-perf5000-001343-34739ae1,1777537101140,1777537101175,202,35.371
1344,exp-perf5000-001344-63be7ea3,1777537101140,1777537101176,202,35.417
1345,exp-perf5000-001345-ef9b63d5,1777537101140,1777537101176,202,35.361
1346,exp-perf5000-001346-1f89a915,1777537101141,1777537101177,202,35.868
1347,exp-perf5000-001347-0967141b,1777537101141,1777537101177,202,35.500
1348,exp-perf5000-001348-860ba1b1,1777537101142,1777537101177,202,35.760
1349,exp-perf5000-001349-d86b6bda,1777537101142,1777537101177,202,35.470
1350,exp-perf5000-001350-9cbe83aa,1777537101142,1777537101178,202,35.906
1351,exp-perf5000-001351-eaad6695,1777537101143,1777537101178,202,35.455
1352,exp-perf5000-001352-7b4e9511,1777537101143,1777537101179,202,36.344
1353,exp-perf5000-001353-63be4227,1777537101143,1777537101180,202,36.174
1354,exp-perf5000-001354-c1d5d84e,1777537101144,1777537101180,202,36.362
1355,exp-perf5000-001355-6031fcc6,1777537101144,1777537101180,202,35.978
1356,exp-perf5000-001356-24270b06,1777537101144,1777537101180,202,36.052
1357,exp-perf5000-001357-5c9d9da4,1777537101145,1777537101180,202,35.720
1358,exp-perf5000-001358-2ba5c92b,1777537101145,1777537101181,202,36.030
1359,exp-perf5000-001359-19e771e5,1777537101146,1777537101181,202,35.435
1360,exp-perf5000-001360-bb525764,1777537101146,1777537101182,202,35.770
1361,exp-perf5000-001361-a18a0e60,1777537101147,1777537101182,202,35.638
1362,exp-perf5000-001362-31193ab7,1777537101147,1777537101183,202,35.887
1363,exp-perf5000-001363-bbd29411,1777537101147,1777537101183,202,35.435
1364,exp-perf5000-001364-05e9eaf8,1777537101147,1777537101183,202,36.119
1365,exp-perf5000-001365-c2c96ee5,1777537101148,1777537101184,202,35.435
1366,exp-perf5000-001366-0a34c728,1777537101149,1777537101183,202,34.736
1367,exp-perf5000-001367-5059d82d,1777537101149,1777537101185,202,35.757
1368,exp-perf5000-001368-c79efae0,1777537101149,1777537101184,202,34.881
1369,exp-perf5000-001369-6cb95693,1777537101150,1777537101185,202,34.954
1370,exp-perf5000-001370-a11787a1,1777537101150,1777537101186,202,35.742
1371,exp-perf5000-001371-2d62d019,1777537101150,1777537101186,202,35.303
1372,exp-perf5000-001372-578b2d9e,1777537101151,1777537101186,202,35.730
1373,exp-perf5000-001373-e0871d37,1777537101151,1777537101186,202,35.371
1374,exp-perf5000-001374-c208e024,1777537101151,1777537101187,202,35.577
1375,exp-perf5000-001375-ae699c4d,1777537101152,1777537101187,202,35.316
1376,exp-perf5000-001376-da2557d1,1777537101152,1777537101187,202,35.694
1377,exp-perf5000-001377-eb87d47f,1777537101152,1777537101188,202,35.315
1378,exp-perf5000-001378-5fbebbcb,1777537101152,1777537101189,202,36.486
1379,exp-perf5000-001379-3f10203d,1777537101153,1777537101189,202,36.065
1380,exp-perf5000-001380-68b920c6,1777537101153,1777537101189,202,35.800
1381,exp-perf5000-001381-ad883fcf,1777537101154,1777537101189,202,35.498
1382,exp-perf5000-001382-dfd263ab,1777537101154,1777537101189,202,35.494
1383,exp-perf5000-001383-0e5382c8,1777537101154,1777537101190,202,35.354
1384,exp-perf5000-001384-2ae257e6,1777537101155,1777537101190,202,35.377
1385,exp-perf5000-001385-1524c047,1777537101155,1777537101190,202,35.360
1386,exp-perf5000-001386-d390fa50,1777537101156,1777537101191,202,35.455
1387,exp-perf5000-001387-1f3722ad,1777537101156,1777537101191,202,35.410
1388,exp-perf5000-001388-0040183d,1777537101156,1777537101192,202,35.437
1389,exp-perf5000-001389-e667f9c4,1777537101156,1777537101192,202,35.611
1390,exp-perf5000-001390-8a760ea7,1777537101157,1777537101192,202,35.491
1391,exp-perf5000-001391-e968bbd4,1777537101157,1777537101193,202,35.683
1392,exp-perf5000-001392-26a66c55,1777537101158,1777537101193,202,35.695
1393,exp-perf5000-001393-106ec747,1777537101158,1777537101194,202,35.929
1394,exp-perf5000-001394-4d9cf669,1777537101158,1777537101195,202,36.110
1395,exp-perf5000-001395-6c4f0b54,1777537101159,1777537101195,202,35.934
1396,exp-perf5000-001396-6a46380a,1777537101159,1777537101195,202,36.258
1397,exp-perf5000-001397-e617da14,1777537101159,1777537101197,202,37.229
1398,exp-perf5000-001398-cf28cf4c,1777537101160,1777537101196,202,36.748
1399,exp-perf5000-001399-e5cc0644,1777537101160,1777537101197,202,36.663
1400,exp-perf5000-001400-8545768e,1777537101160,1777537101197,202,36.956
1401,exp-perf5000-001401-1d8987f6,1777537101161,1777537101197,202,36.578
1402,exp-perf5000-001402-fd2240b0,1777537101161,1777537101199,202,37.871
1403,exp-perf5000-001403-b141041e,1777537101161,1777537101198,202,36.710
1404,exp-perf5000-001404-6e0e2a5d,1777537101162,1777537101201,202,38.800
1405,exp-perf5000-001405-d7f85538,1777537101162,1777537101199,202,37.291
1406,exp-perf5000-001406-6d676ad2,1777537101162,1777537101202,202,39.328
1407,exp-perf5000-001407-f936bba0,1777537101163,1777537101201,202,38.671
1408,exp-perf5000-001408-98a71a57,1777537101163,1777537101204,202,40.460
1409,exp-perf5000-001409-169ac4dc,1777537101163,1777537101202,202,39.071
1410,exp-perf5000-001410-b2e5a310,1777537101164,1777537101204,202,40.664
1411,exp-perf5000-001411-3fd81113,1777537101164,1777537101203,202,39.416
1412,exp-perf5000-001412-b35bee4d,1777537101165,1777537101205,202,40.896
1413,exp-perf5000-001413-95b63a03,1777537101165,1777537101204,202,39.285
1414,exp-perf5000-001414-ad5d7cd7,1777537101165,1777537101205,202,39.757
1415,exp-perf5000-001415-d04ea0cb,1777537101166,1777537101207,202,40.981
1416,exp-perf5000-001416-7594145d,1777537101166,1777537101206,202,39.736
1417,exp-perf5000-001417-509f1797,1777537101166,1777537101208,202,41.736
1418,exp-perf5000-001418-721dd0d9,1777537101167,1777537101207,202,40.500
1419,exp-perf5000-001419-3d069cb6,1777537101167,1777537101209,202,42.778
1420,exp-perf5000-001420-56b5612b,1777537101167,1777537101210,202,43.265
1421,exp-perf5000-001421-c3eecb3b,1777537101167,1777537101208,202,40.907
1422,exp-perf5000-001422-7946c906,1777537101168,1777537101212,202,43.591
1423,exp-perf5000-001423-7b9451a9,1777537101168,1777537101210,202,41.514
1424,exp-perf5000-001424-de5171e5,1777537101169,1777537101211,202,42.347
1425,exp-perf5000-001425-57197d0c,1777537101169,1777537101213,202,44.034
1426,exp-perf5000-001426-05b63eb9,1777537101169,1777537101215,202,45.400
1427,exp-perf5000-001427-2acc86c8,1777537101169,1777537101213,202,43.420
1428,exp-perf5000-001428-e8445da3,1777537101170,1777537101214,202,44.397
1429,exp-perf5000-001429-93017f46,1777537101170,1777537101216,202,45.985
1430,exp-perf5000-001430-aa4b8e97,1777537101170,1777537101218,202,47.490
1431,exp-perf5000-001431-b2675d26,1777537101171,1777537101216,202,45.362
1432,exp-perf5000-001432-fee5bb43,1777537101171,1777537101220,202,49.063
1433,exp-perf5000-001433-5f1443ec,1777537101171,1777537101218,202,47.138
1434,exp-perf5000-001434-d27b29c9,1777537101172,1777537101222,202,50.672
1435,exp-perf5000-001435-80adcbdc,1777537101172,1777537101220,202,48.487
1436,exp-perf5000-001436-42e6561e,1777537101172,1777537101224,202,51.772
1437,exp-perf5000-001437-58e49285,1777537101172,1777537101223,202,50.081
1438,exp-perf5000-001438-70b81a1a,1777537101173,1777537101225,202,52.217
1439,exp-perf5000-001439-2cb2abe5,1777537101173,1777537101224,202,50.984
1440,exp-perf5000-001440-1ca248ae,1777537101174,1777537101227,202,52.616
1441,exp-perf5000-001441-5d207cc7,1777537101174,1777537101225,202,51.359
1442,exp-perf5000-001442-cf0c02f2,1777537101175,1777537101226,202,51.357
1443,exp-perf5000-001443-b11ef4fc,1777537101175,1777537101228,202,52.970
1444,exp-perf5000-001444-5ff3e05d,1777537101176,1777537101229,202,53.741
1445,exp-perf5000-001445-616292ac,1777537101176,1777537101228,202,52.632
1446,exp-perf5000-001446-d3d60e4d,1777537101177,1777537101231,202,53.943
1447,exp-perf5000-001447-2cc31a06,1777537101177,1777537101230,202,52.938
1448,exp-perf5000-001448-3c0bf94d,1777537101177,1777537101231,202,53.736
1449,exp-perf5000-001449-bc639647,1777537101177,1777537101233,202,55.960
1450,exp-perf5000-001450-232b611b,1777537101178,1777537101232,202,53.417
1451,exp-perf5000-001451-75c50f19,1777537101178,1777537101234,202,55.303
1452,exp-perf5000-001452-4e8cbcac,1777537101180,1777537101233,202,53.853
1453,exp-perf5000-001453-dcf53f0d,1777537101180,1777537101233,202,53.652
1454,exp-perf5000-001454-f8a488e1,1777537101180,1777537101234,202,53.527
1455,exp-perf5000-001455-9d30c356,1777537101180,1777537101233,202,53.193
1456,exp-perf5000-001456-f94bad38,1777537101180,1777537101236,202,55.101
1457,exp-perf5000-001457-29bce008,1777537101181,1777537101236,202,55.386
1458,exp-perf5000-001458-ce163496,1777537101181,1777537101236,202,55.084
1459,exp-perf5000-001459-9f084e28,1777537101181,1777537101236,202,54.980
1460,exp-perf5000-001460-7a057c0f,1777537101182,1777537101237,202,54.962
1461,exp-perf5000-001461-0142f572,1777537101182,1777537101237,202,54.487
1462,exp-perf5000-001462-269631ed,1777537101183,1777537101238,202,55.791
1463,exp-perf5000-001463-28790e09,1777537101183,1777537101237,202,54.432
1464,exp-perf5000-001464-02e0c92b,1777537101183,1777537101239,202,55.262
1465,exp-perf5000-001465-77607aed,1777537101183,1777537101239,202,55.359
1466,exp-perf5000-001466-70fe3cb7,1777537101184,1777537101239,202,55.416
1467,exp-perf5000-001467-6cfa52e6,1777537101184,1777537101239,202,54.853
1468,exp-perf5000-001468-aa1fde93,1777537101185,1777537101239,202,54.628
1469,exp-perf5000-001469-93f58468,1777537101185,1777537101240,202,55.030
1470,exp-perf5000-001470-cb2159f0,1777537101186,1777537101240,202,54.155
1471,exp-perf5000-001471-028b722b,1777537101186,1777537101240,202,54.428
1472,exp-perf5000-001472-e93f23ec,1777537101186,1777537101241,202,54.681
1473,exp-perf5000-001473-48033836,1777537101186,1777537101241,202,54.368
1474,exp-perf5000-001474-984b0b35,1777537101187,1777537101242,202,54.960
1475,exp-perf5000-001475-11b145bc,1777537101187,1777537101242,202,54.928
1476,exp-perf5000-001476-18746803,1777537101187,1777537101242,202,54.922
1477,exp-perf5000-001477-16221fb3,1777537101188,1777537101243,202,55.110
1478,exp-perf5000-001478-ec233b78,1777537101189,1777537101244,202,54.552
1479,exp-perf5000-001479-8b769cc3,1777537101189,1777537101243,202,54.340
1480,exp-perf5000-001480-8ad08dbf,1777537101189,1777537101244,202,54.790
1481,exp-perf5000-001481-5c36811e,1777537101189,1777537101244,202,55.128
1482,exp-perf5000-001482-e804d173,1777537101189,1777537101245,202,55.572
1483,exp-perf5000-001483-f2b73661,1777537101190,1777537101245,202,55.886
1484,exp-perf5000-001484-9d2ff3ec,1777537101190,1777537101246,202,55.932
1485,exp-perf5000-001485-f4cfe1e3,1777537101190,1777537101246,202,55.944
1486,exp-perf5000-001486-2c6ecd05,1777537101191,1777537101246,202,55.389
1487,exp-perf5000-001487-7257cd3b,1777537101191,1777537101247,202,55.454
1488,exp-perf5000-001488-fb4f1dfc,1777537101192,1777537101247,202,55.359
1489,exp-perf5000-001489-3516129f,1777537101192,1777537101247,202,55.192
1490,exp-perf5000-001490-5896d9f3,1777537101192,1777537101248,202,55.422
1491,exp-perf5000-001491-7e425781,1777537101193,1777537101248,202,55.146
1492,exp-perf5000-001492-02a1d372,1777537101193,1777537101249,202,55.470
1493,exp-perf5000-001493-cdb71840,1777537101194,1777537101249,202,55.092
1494,exp-perf5000-001494-cb50df25,1777537101195,1777537101249,202,54.800
1495,exp-perf5000-001495-b73ea1a1,1777537101195,1777537101249,202,54.574
1496,exp-perf5000-001496-bd0c0447,1777537101195,1777537101250,202,54.798
1497,exp-perf5000-001497-9e802087,1777537101197,1777537101251,202,54.418
1498,exp-perf5000-001498-42b40e42,1777537101197,1777537101251,202,54.204
1499,exp-perf5000-001499-4fc5effe,1777537101197,1777537101250,202,53.438
1500,exp-perf5000-001500-1063c8c2,1777537101197,1777537101251,202,54.279
1501,exp-perf5000-001501-441a8307,1777537101197,1777537101252,202,54.651
1502,exp-perf5000-001502-4884865b,1777537101198,1777537101252,202,54.323
1503,exp-perf5000-001503-d826af29,1777537101199,1777537101253,202,53.466
1504,exp-perf5000-001504-5db99063,1777537101199,1777537101253,202,53.749
1505,exp-perf5000-001505-f5248000,1777537101201,1777537101253,202,52.555
1506,exp-perf5000-001506-1e81d365,1777537101201,1777537101254,202,52.357
1507,exp-perf5000-001507-0d8f8b56,1777537101202,1777537101254,202,51.979
1508,exp-perf5000-001508-90c32d8e,1777537101202,1777537101254,202,52.053
1509,exp-perf5000-001509-ce87ac93,1777537101203,1777537101255,202,51.831
1510,exp-perf5000-001510-68e76f4b,1777537101204,1777537101255,202,50.983
1511,exp-perf5000-001511-13b068e9,1777537101204,1777537101256,202,52.155
1512,exp-perf5000-001512-7634539d,1777537101204,1777537101256,202,51.075
1513,exp-perf5000-001513-52be1a1e,1777537101205,1777537101257,202,51.461
1514,exp-perf5000-001514-45ab313b,1777537101205,1777537101256,202,50.683
1515,exp-perf5000-001515-f64e6090,1777537101206,1777537101257,202,51.575
1516,exp-perf5000-001516-2a2edb7e,1777537101207,1777537101257,202,49.976
1517,exp-perf5000-001517-e940bbfe,1777537101207,1777537101258,202,50.747
1518,exp-perf5000-001518-e8aeca3d,1777537101208,1777537101257,202,49.478
1519,exp-perf5000-001519-df536c4e,1777537101208,1777537101259,202,50.273
1520,exp-perf5000-001520-5324d33c,1777537101209,1777537101258,202,48.442
1521,exp-perf5000-001521-343c5d64,1777537101210,1777537101259,202,49.643
1522,exp-perf5000-001522-36d17a6f,1777537101211,1777537101259,202,47.963
1523,exp-perf5000-001523-a868aa75,1777537101211,1777537101260,202,48.936
1524,exp-perf5000-001524-963555fc,1777537101212,1777537101259,202,47.495
1525,exp-perf5000-001525-456ff7f7,1777537101213,1777537101261,202,47.878
1526,exp-perf5000-001526-497d0086,1777537101213,1777537101260,202,47.033
1527,exp-perf5000-001527-b090b1bf,1777537101214,1777537101261,202,46.949
1528,exp-perf5000-001528-4eb6595f,1777537101215,1777537101260,202,45.767
1529,exp-perf5000-001529-4f29e4bd,1777537101216,1777537101262,202,46.038
1530,exp-perf5000-001530-c1a3815b,1777537101216,1777537101261,202,45.329
1531,exp-perf5000-001531-eb89d8ea,1777537101218,1777537101262,202,43.896
1532,exp-perf5000-001532-e72e42f4,1777537101218,1777537101263,202,44.174
1533,exp-perf5000-001533-4d1650f2,1777537101220,1777537101263,202,42.363
1534,exp-perf5000-001534-c6d9fe0a,1777537101220,1777537101263,202,42.870
1535,exp-perf5000-001535-2953ff95,1777537101222,1777537101263,202,40.833
1536,exp-perf5000-001536-ca616707,1777537101223,1777537101264,202,41.370
1537,exp-perf5000-001537-3cfb5c9b,1777537101224,1777537101265,202,40.504
1538,exp-perf5000-001538-1724de00,1777537101224,1777537101264,202,39.672
1539,exp-perf5000-001539-7d0f880c,1777537101225,1777537101265,202,39.337
1540,exp-perf5000-001540-73ee6efd,1777537101225,1777537101265,202,39.964
1541,exp-perf5000-001541-3db823f4,1777537101226,1777537101266,202,39.513
1542,exp-perf5000-001542-cf61f51d,1777537101227,1777537101265,202,38.651
1543,exp-perf5000-001543-d030c8fd,1777537101228,1777537101266,202,37.676
1544,exp-perf5000-001544-40aa655e,1777537101228,1777537101267,202,38.233
1545,exp-perf5000-001545-9e3cfd50,1777537101229,1777537101266,202,36.955
1546,exp-perf5000-001546-37d2ae64,1777537101230,1777537101267,202,37.650
1547,exp-perf5000-001547-a570255c,1777537101231,1777537101267,202,36.653
1548,exp-perf5000-001548-a4850d11,1777537101231,1777537101268,202,36.558
1549,exp-perf5000-001549-c9b0f30d,1777537101232,1777537101268,202,36.619
1550,exp-perf5000-001550-459242d1,1777537101233,1777537101269,202,35.650
1551,exp-perf5000-001551-78d1cba9,1777537101233,1777537101270,202,36.530
1552,exp-perf5000-001552-efdeedcc,1777537101234,1777537101270,202,36.050
1553,exp-perf5000-001553-7fa3df81,1777537101234,1777537101269,202,35.746
1554,exp-perf5000-001554-8671ef6f,1777537101234,1777537101269,202,34.981
1555,exp-perf5000-001555-d9df14a6,1777537101234,1777537101268,202,34.341
1556,exp-perf5000-001556-e6370c54,1777537101236,1777537101271,202,35.006
1557,exp-perf5000-001557-40b8c05a,1777537101236,1777537101270,202,34.256
1558,exp-perf5000-001558-d41a57eb,1777537101236,1777537101271,202,34.656
1559,exp-perf5000-001559-cc869271,1777537101236,1777537101271,202,34.843
1560,exp-perf5000-001560-ecf00d24,1777537101237,1777537101273,202,35.744
1561,exp-perf5000-001561-2cc5f45a,1777537101237,1777537101272,202,34.718
1562,exp-perf5000-001562-11f11f6f,1777537101237,1777537101272,202,34.188
1563,exp-perf5000-001563-583a129f,1777537101239,1777537101272,202,33.714
1564,exp-perf5000-001564-e4e74b07,1777537101239,1777537101273,202,34.615
1565,exp-perf5000-001565-554f663a,1777537101239,1777537101274,202,34.990
1566,exp-perf5000-001566-0034bac1,1777537101239,1777537101273,202,33.791
1567,exp-perf5000-001567-77b46da4,1777537101239,1777537101274,202,34.186
1568,exp-perf5000-001568-fb2ef9e7,1777537101239,1777537101275,202,35.017
1569,exp-perf5000-001569-7930393f,1777537101240,1777537101274,202,34.384
1570,exp-perf5000-001570-82409751,1777537101240,1777537101275,202,35.425
1571,exp-perf5000-001571-3420525e,1777537101240,1777537101275,202,34.565
1572,exp-perf5000-001572-88d3a950,1777537101241,1777537101277,202,35.852
1573,exp-perf5000-001573-029b902b,1777537101241,1777537101276,202,34.966
1574,exp-perf5000-001574-82d392c7,1777537101242,1777537101277,202,34.835
1575,exp-perf5000-001575-aed393a3,1777537101242,1777537101278,202,35.901
1576,exp-perf5000-001576-61c28f44,1777537101243,1777537101277,202,34.925
1577,exp-perf5000-001577-c75d4b83,1777537101243,1777537101278,202,35.456
1578,exp-perf5000-001578-80feeeea,1777537101243,1777537101278,202,34.680
1579,exp-perf5000-001579-affd632b,1777537101244,1777537101279,202,35.360
1580,exp-perf5000-001580-a73a4867,1777537101244,1777537101279,202,34.805
1581,exp-perf5000-001581-dce0ed91,1777537101244,1777537101279,202,35.122
1582,exp-perf5000-001582-e5334cb3,1777537101245,1777537101280,202,34.814
1583,exp-perf5000-001583-6f16f811,1777537101246,1777537101281,202,35.263
1584,exp-perf5000-001584-7e026091,1777537101246,1777537101280,202,34.298
1585,exp-perf5000-001585-1caf10b9,1777537101246,1777537101281,202,35.224
1586,exp-perf5000-001586-41bed3be,1777537101247,1777537101282,202,35.515
1587,exp-perf5000-001587-95d82a1b,1777537101247,1777537101282,202,35.184
1588,exp-perf5000-001588-e976b84f,1777537101247,1777537101282,202,34.995
1589,exp-perf5000-001589-a71c1fe5,1777537101247,1777537101283,202,35.330
1590,exp-perf5000-001590-bfe68d09,1777537101248,1777537101283,202,35.164
1591,exp-perf5000-001591-a912997e,1777537101248,1777537101283,202,34.988
1592,exp-perf5000-001592-4660331b,1777537101249,1777537101284,202,34.830
1593,exp-perf5000-001593-d9e146a7,1777537101249,1777537101284,202,34.908
1594,exp-perf5000-001594-f0c9bf17,1777537101250,1777537101284,202,34.402
1595,exp-perf5000-001595-a979b699,1777537101250,1777537101289,202,39.771
1596,exp-perf5000-001596-7e8ce9d9,1777537101250,1777537101289,202,39.320
1597,exp-perf5000-001597-d03c747f,1777537101250,1777537101285,202,34.405
1598,exp-perf5000-001598-a0ccccc4,1777537101251,1777537101289,202,38.054
1599,exp-perf5000-001599-416aaec6,1777537101251,1777537101286,202,34.698
1600,exp-perf5000-001600-23116f06,1777537101252,1777537101289,202,37.405
1601,exp-perf5000-001601-32aaef5c,1777537101252,1777537101286,202,34.135
1602,exp-perf5000-001602-6ebe031a,1777537101252,1777537101289,202,36.421
1603,exp-perf5000-001603-d478dd6e,1777537101253,1777537101289,202,36.333
1604,exp-perf5000-001604-0572443c,1777537101253,1777537101292,202,39.119
1605,exp-perf5000-001605-20e6185e,1777537101253,1777537101292,202,38.340
1606,exp-perf5000-001606-32d92df3,1777537101254,1777537101292,202,38.424
1607,exp-perf5000-001607-d5999eac,1777537101254,1777537101292,202,37.729
1608,exp-perf5000-001608-0fd0eb56,1777537101254,1777537101294,202,39.784
1609,exp-perf5000-001609-8b502818,1777537101255,1777537101292,202,36.855
1610,exp-perf5000-001610-acbe635d,1777537101255,1777537101295,202,39.745
1611,exp-perf5000-001611-7302612d,1777537101256,1777537101293,202,37.045
1612,exp-perf5000-001612-e972edcb,1777537101256,1777537101295,202,38.903
1613,exp-perf5000-001613-0e1802d2,1777537101256,1777537101293,202,37.149
1614,exp-perf5000-001614-88041049,1777537101257,1777537101295,202,38.289
1615,exp-perf5000-001615-74d2dd0a,1777537101257,1777537101295,202,37.890
1616,exp-perf5000-001616-1ae71271,1777537101257,1777537101297,202,39.610
1617,exp-perf5000-001617-40928f6e,1777537101258,1777537101294,202,36.893
1618,exp-perf5000-001618-1abf3109,1777537101258,1777537101296,202,37.511
1619,exp-perf5000-001619-1ab70b02,1777537101258,1777537101297,202,38.586
1620,exp-perf5000-001620-567cbec6,1777537101259,1777537101296,202,37.470
1621,exp-perf5000-001621-28addef4,1777537101259,1777537101298,202,39.475
1622,exp-perf5000-001622-065ebd18,1777537101259,1777537101297,202,37.758
1623,exp-perf5000-001623-02de97c4,1777537101259,1777537101299,202,39.464
1624,exp-perf5000-001624-2e94bea0,1777537101260,1777537101299,202,38.947
1625,exp-perf5000-001625-48b6c5ca,1777537101260,1777537101299,202,39.302
1626,exp-perf5000-001626-1dc99a28,1777537101261,1777537101299,202,38.541
1627,exp-perf5000-001627-908a9b3b,1777537101261,1777537101300,202,39.649
1628,exp-perf5000-001628-16c9a991,1777537101261,1777537101301,202,39.436
1629,exp-perf5000-001629-b245a44e,1777537101261,1777537101300,202,38.480
1630,exp-perf5000-001630-5a57a0bf,1777537101262,1777537101300,202,38.305
1631,exp-perf5000-001631-2c40a47b,1777537101262,1777537101301,202,39.430
1632,exp-perf5000-001632-325b6a1a,1777537101263,1777537101302,202,39.250
1633,exp-perf5000-001633-01e4df7c,1777537101263,1777537101301,202,38.480
1634,exp-perf5000-001634-92f03543,1777537101263,1777537101302,202,39.180
1635,exp-perf5000-001635-d8f9e98b,1777537101263,1777537101302,202,38.183
1636,exp-perf5000-001636-0ddb4ae9,1777537101264,1777537101302,202,38.344
1637,exp-perf5000-001637-84216d37,1777537101264,1777537101303,202,39.293
1638,exp-perf5000-001638-0af1abbd,1777537101265,1777537101304,202,39.522
1639,exp-perf5000-001639-a206f894,1777537101265,1777537101303,202,38.324
1640,exp-perf5000-001640-b59a1703,1777537101265,1777537101304,202,38.953
1641,exp-perf5000-001641-dd068e2b,1777537101265,1777537101305,202,39.231
1642,exp-perf5000-001642-d144e0d2,1777537101266,1777537101305,202,38.864
1643,exp-perf5000-001643-8fd14c52,1777537101266,1777537101305,202,39.407
1644,exp-perf5000-001644-68146bb4,1777537101266,1777537101305,202,38.662
1645,exp-perf5000-001645-536b5b55,1777537101267,1777537101306,202,39.355
1646,exp-perf5000-001646-29899554,1777537101267,1777537101306,202,38.655
1647,exp-perf5000-001647-4581600d,1777537101267,1777537101307,202,39.375
1648,exp-perf5000-001648-66f58ac4,1777537101268,1777537101306,202,38.740
1649,exp-perf5000-001649-7adbb433,1777537101268,1777537101308,202,39.710
1650,exp-perf5000-001650-87812473,1777537101268,1777537101307,202,39.104
1651,exp-perf5000-001651-5c9b152d,1777537101269,1777537101308,202,39.623
1652,exp-perf5000-001652-f925f60f,1777537101269,1777537101308,202,39.158
1653,exp-perf5000-001653-cb93de2f,1777537101269,1777537101309,202,39.414
1654,exp-perf5000-001654-f27a3a22,1777537101270,1777537101309,202,39.385
1655,exp-perf5000-001655-dd2a84b3,1777537101270,1777537101309,202,39.340
1656,exp-perf5000-001656-d3f6cd80,1777537101270,1777537101309,202,39.075
1657,exp-perf5000-001657-6e860649,1777537101271,1777537101310,202,39.262
1658,exp-perf5000-001658-e2cbd8a8,1777537101271,1777537101310,202,38.934
1659,exp-perf5000-001659-04d4fb83,1777537101271,1777537101311,202,39.233
1660,exp-perf5000-001660-5317fe9b,1777537101272,1777537101311,202,38.958
1661,exp-perf5000-001661-a10e0410,1777537101272,1777537101311,202,39.340
1662,exp-perf5000-001662-33523036,1777537101272,1777537101311,202,38.911
1663,exp-perf5000-001663-64a5a0c9,1777537101273,1777537101312,202,39.480
1664,exp-perf5000-001664-6123e3ee,1777537101273,1777537101312,202,38.899
1665,exp-perf5000-001665-8ac4fc28,1777537101273,1777537101313,202,39.508
1666,exp-perf5000-001666-02ae7ebb,1777537101274,1777537101313,202,38.976
1667,exp-perf5000-001667-2e372bf9,1777537101274,1777537101314,202,39.634
1668,exp-perf5000-001668-7ea1f302,1777537101274,1777537101313,202,39.233
1669,exp-perf5000-001669-f5b465b6,1777537101275,1777537101314,202,39.434
1670,exp-perf5000-001670-aec605d0,1777537101275,1777537101314,202,39.367
1671,exp-perf5000-001671-909f3222,1777537101275,1777537101315,202,39.542
1672,exp-perf5000-001672-6a5f7c36,1777537101276,1777537101315,202,38.673
1673,exp-perf5000-001673-0a92b028,1777537101277,1777537101316,202,38.792
1674,exp-perf5000-001674-096745a8,1777537101277,1777537101316,202,38.688
1675,exp-perf5000-001675-e4256d95,1777537101278,1777537101316,202,38.661
1676,exp-perf5000-001676-f4f9bfbd,1777537101278,1777537101316,202,38.506
1677,exp-perf5000-001677-a15b25d5,1777537101278,1777537101317,202,38.611
1678,exp-perf5000-001678-67e414e3,1777537101278,1777537101317,202,38.570
1679,exp-perf5000-001679-a87cdc45,1777537101279,1777537101318,202,38.860
1680,exp-perf5000-001680-ea3aeefa,1777537101279,1777537101318,202,38.492
1681,exp-perf5000-001681-38702bb2,1777537101280,1777537101318,202,38.653
1682,exp-perf5000-001682-2fe91e28,1777537101280,1777537101319,202,38.602
1683,exp-perf5000-001683-655e8c81,1777537101280,1777537101319,202,38.874
1684,exp-perf5000-001684-84cdcd28,1777537101281,1777537101319,202,38.129
1685,exp-perf5000-001685-1c04962c,1777537101282,1777537101320,202,38.226
1686,exp-perf5000-001686-7d330f89,1777537101282,1777537101320,202,38.543
1687,exp-perf5000-001687-4f851911,1777537101282,1777537101320,202,37.987
1688,exp-perf5000-001688-3a83fb74,1777537101282,1777537101321,202,38.413
1689,exp-perf5000-001689-3f66ab82,1777537101283,1777537101321,202,38.426
1690,exp-perf5000-001690-6bd875f8,1777537101283,1777537101322,202,38.511
1691,exp-perf5000-001691-35889ac5,1777537101283,1777537101321,202,38.081
1692,exp-perf5000-001692-6e5531b6,1777537101284,1777537101323,202,38.811
1693,exp-perf5000-001693-7014276e,1777537101284,1777537101322,202,37.987
1694,exp-perf5000-001694-8c5deafa,1777537101284,1777537101322,202,38.145
1695,exp-perf5000-001695-226cd9d4,1777537101285,1777537101323,202,38.584
1696,exp-perf5000-001696-82ace5a9,1777537101286,1777537101324,202,38.234
1697,exp-perf5000-001697-cac08ba5,1777537101286,1777537101325,202,38.281
1698,exp-perf5000-001698-83e87210,1777537101289,1777537101325,202,35.876
1699,exp-perf5000-001699-e7d59b04,1777537101289,1777537101325,202,35.986
1700,exp-perf5000-001700-acfd594d,1777537101289,1777537101324,202,35.014
1701,exp-perf5000-001701-100539c8,1777537101290,1777537101324,202,34.233
1702,exp-perf5000-001702-905d50c6,1777537101290,1777537101323,202,33.463
1703,exp-perf5000-001703-1084d4bd,1777537101290,1777537101326,202,35.966
1704,exp-perf5000-001704-f5c9518c,1777537101292,1777537101327,202,35.208
1705,exp-perf5000-001705-91ec68ae,1777537101292,1777537101326,202,34.184
1706,exp-perf5000-001706-d3993218,1777537101292,1777537101327,202,35.492
1707,exp-perf5000-001707-c2670094,1777537101292,1777537101326,202,34.166
1708,exp-perf5000-001708-c20ee205,1777537101293,1777537101327,202,34.677
1709,exp-perf5000-001709-ecce70eb,1777537101293,1777537101328,202,35.339
1710,exp-perf5000-001710-c0245f91,1777537101293,1777537101329,202,35.467
1711,exp-perf5000-001711-b0443d7b,1777537101294,1777537101328,202,33.535
1712,exp-perf5000-001712-d62f5732,1777537101294,1777537101331,202,36.116
1713,exp-perf5000-001713-f828b219,1777537101295,1777537101330,202,35.184
1714,exp-perf5000-001714-982b9bdb,1777537101295,1777537101329,202,33.598
1715,exp-perf5000-001715-51f29b6f,1777537101295,1777537101330,202,34.955
1716,exp-perf5000-001716-04c56c8a,1777537101295,1777537101329,202,34.108
1717,exp-perf5000-001717-83f00868,1777537101296,1777537101331,202,35.634
1718,exp-perf5000-001718-f87020b1,1777537101296,1777537101332,202,35.956
1719,exp-perf5000-001719-0d48ea18,1777537101297,1777537101331,202,33.988
1720,exp-perf5000-001720-7b93844c,1777537101297,1777537101333,202,35.599
1721,exp-perf5000-001721-8c15dcd2,1777537101297,1777537101331,202,34.039
1722,exp-perf5000-001722-b0bdda1f,1777537101298,1777537101332,202,33.960
1723,exp-perf5000-001723-fcd05666,1777537101299,1777537101333,202,33.656
1724,exp-perf5000-001724-16eb8176,1777537101299,1777537101333,202,34.201
1725,exp-perf5000-001725-8593bad4,1777537101299,1777537101334,202,34.836
1726,exp-perf5000-001726-dd688a85,1777537101299,1777537101333,202,34.059
1727,exp-perf5000-001727-be56ebab,1777537101300,1777537101335,202,34.580
1728,exp-perf5000-001728-ca34ccd1,1777537101300,1777537101335,202,34.756
1729,exp-perf5000-001729-52cd6db8,1777537101301,1777537101334,202,33.692
1730,exp-perf5000-001730-654e7478,1777537101301,1777537101335,202,34.027
1731,exp-perf5000-001731-29502208,1777537101301,1777537101336,202,34.784
1732,exp-perf5000-001732-2f71e767,1777537101302,1777537101336,202,33.990
1733,exp-perf5000-001733-ba3eadbe,1777537101302,1777537101336,202,34.915
1734,exp-perf5000-001734-16457758,1777537101302,1777537101336,202,34.227
1735,exp-perf5000-001735-0162fee9,1777537101302,1777537101337,202,34.894
1736,exp-perf5000-001736-eb1217e4,1777537101302,1777537101337,202,34.295
1737,exp-perf5000-001737-01a4817b,1777537101303,1777537101338,202,34.760
1738,exp-perf5000-001738-2d0b5069,1777537101303,1777537101338,202,34.170
1739,exp-perf5000-001739-e6c3603a,1777537101304,1777537101338,202,33.906
1740,exp-perf5000-001740-e8dc4677,1777537101304,1777537101339,202,34.194
1741,exp-perf5000-001741-6d51798b,1777537101305,1777537101339,202,34.337
1742,exp-perf5000-001742-675bf1ea,1777537101305,1777537101339,202,34.476
1743,exp-perf5000-001743-60191152,1777537101305,1777537101340,202,34.527
1744,exp-perf5000-001744-cbb6c068,1777537101305,1777537101340,202,34.386
1745,exp-perf5000-001745-2639d632,1777537101306,1777537101340,202,34.425
1746,exp-perf5000-001746-b6a2177d,1777537101306,1777537101340,202,34.294
1747,exp-perf5000-001747-bfc5c896,1777537101307,1777537101341,202,34.372
1748,exp-perf5000-001748-b8c00e7b,1777537101307,1777537101341,202,34.408
1749,exp-perf5000-001749-feea37a6,1777537101308,1777537101342,202,33.901
1750,exp-perf5000-001750-6d663729,1777537101308,1777537101342,202,33.894
1751,exp-perf5000-001751-0c70f252,1777537101308,1777537101343,202,34.220
1752,exp-perf5000-001752-ee9ccd5b,1777537101308,1777537101342,202,34.071
1753,exp-perf5000-001753-30412fd4,1777537101309,1777537101343,202,34.234
1754,exp-perf5000-001754-199b32ec,1777537101309,1777537101343,202,34.102
1755,exp-perf5000-001755-becd2168,1777537101309,1777537101344,202,34.470
1756,exp-perf5000-001756-b6969817,1777537101310,1777537101344,202,34.224
1757,exp-perf5000-001757-69c0ff5d,1777537101310,1777537101344,202,34.486
1758,exp-perf5000-001758-822cbab5,1777537101310,1777537101345,202,34.585
1759,exp-perf5000-001759-b21763b9,1777537101311,1777537101345,202,34.694
1760,exp-perf5000-001760-73a01fe2,1777537101311,1777537101345,202,34.424
1761,exp-perf5000-001761-94edaba9,1777537101311,1777537101346,202,34.584
1762,exp-perf5000-001762-3afdfa18,1777537101311,1777537101346,202,34.669
1763,exp-perf5000-001763-51e740c5,1777537101312,1777537101346,202,34.682
1764,exp-perf5000-001764-fe04912b,1777537101312,1777537101347,202,34.717
1765,exp-perf5000-001765-9e39e1cc,1777537101313,1777537101347,202,34.737
1766,exp-perf5000-001766-d076759f,1777537101313,1777537101347,202,34.631
1767,exp-perf5000-001767-0a18ce7a,1777537101313,1777537101348,202,34.642
1768,exp-perf5000-001768-51a61da4,1777537101314,1777537101348,202,34.811
1769,exp-perf5000-001769-c18e4cc7,1777537101314,1777537101349,202,34.832
1770,exp-perf5000-001770-c6e74134,1777537101314,1777537101349,202,34.454
1771,exp-perf5000-001771-171f1a09,1777537101315,1777537101349,202,34.619
1772,exp-perf5000-001772-3693ed76,1777537101315,1777537101350,202,34.707
1773,exp-perf5000-001773-e295958b,1777537101316,1777537101350,202,34.637
1774,exp-perf5000-001774-1d128385,1777537101316,1777537101350,202,34.713
1775,exp-perf5000-001775-a23985cd,1777537101316,1777537101351,202,34.648
1776,exp-perf5000-001776-69fc93a5,1777537101316,1777537101351,202,34.757
1777,exp-perf5000-001777-283173a4,1777537101317,1777537101352,202,35.007
1778,exp-perf5000-001778-8f3f9d95,1777537101317,1777537101352,202,34.748
1779,exp-perf5000-001779-bc0356a1,1777537101318,1777537101353,202,35.286
1780,exp-perf5000-001780-fb5ea5eb,1777537101318,1777537101353,202,35.128
1781,exp-perf5000-001781-e06cb1ce,1777537101318,1777537101353,202,34.962
1782,exp-perf5000-001782-6fb8fe5c,1777537101319,1777537101354,202,35.141
1783,exp-perf5000-001783-95353d8c,1777537101319,1777537101354,202,35.026
1784,exp-perf5000-001784-7bf13b99,1777537101319,1777537101354,202,35.022
1785,exp-perf5000-001785-f4ca7277,1777537101320,1777537101355,202,34.819
1786,exp-perf5000-001786-8bcea88f,1777537101320,1777537101355,202,35.009
1787,exp-perf5000-001787-fd6ccaf3,1777537101320,1777537101356,202,35.050
1788,exp-perf5000-001788-0f232275,1777537101321,1777537101356,202,35.226
1789,exp-perf5000-001789-50b29ddb,1777537101321,1777537101357,202,35.329
1790,exp-perf5000-001790-15831997,1777537101321,1777537101357,202,35.120
1791,exp-perf5000-001791-ed9cdf24,1777537101322,1777537101357,202,35.333
1792,exp-perf5000-001792-7e739659,1777537101322,1777537101357,202,35.181
1793,exp-perf5000-001793-45fcd662,1777537101322,1777537101358,202,35.309
1794,exp-perf5000-001794-1d5e3a0c,1777537101323,1777537101358,202,35.128
1795,exp-perf5000-001795-96327df0,1777537101323,1777537101359,202,35.295
1796,exp-perf5000-001796-1a41f8a3,1777537101323,1777537101359,202,35.156
1797,exp-perf5000-001797-62bad008,1777537101324,1777537101359,202,35.337
1798,exp-perf5000-001798-09a7503d,1777537101324,1777537101359,202,35.070
1799,exp-perf5000-001799-0cecfa79,1777537101324,1777537101360,202,35.275
1800,exp-perf5000-001800-3eeed3ca,1777537101325,1777537101360,202,35.134
1801,exp-perf5000-001801-2cd6ded8,1777537101325,1777537101360,202,35.252
1802,exp-perf5000-001802-e82a6260,1777537101325,1777537101361,202,35.205
1803,exp-perf5000-001803-9c9ef565,1777537101326,1777537101361,202,35.350
1804,exp-perf5000-001804-1cb3fbbf,1777537101326,1777537101361,202,35.131
1805,exp-perf5000-001805-e83df281,1777537101326,1777537101362,202,35.182
1806,exp-perf5000-001806-90f3fdb3,1777537101327,1777537101362,202,35.055
1807,exp-perf5000-001807-ae870e73,1777537101327,1777537101362,202,35.138
1808,exp-perf5000-001808-a7a9795d,1777537101327,1777537101362,202,35.004
1809,exp-perf5000-001809-bb119221,1777537101328,1777537101363,202,35.228
1810,exp-perf5000-001810-45caf261,1777537101328,1777537101363,202,35.039
1811,exp-perf5000-001811-a2829269,1777537101329,1777537101364,202,35.152
1812,exp-perf5000-001812-fb62a978,1777537101329,1777537101364,202,35.051
1813,exp-perf5000-001813-de6e3d38,1777537101329,1777537101364,202,35.112
1814,exp-perf5000-001814-87a2ff83,1777537101330,1777537101365,202,34.988
1815,exp-perf5000-001815-81750888,1777537101330,1777537101365,202,35.052
1816,exp-perf5000-001816-e60fc266,1777537101331,1777537101366,202,34.900
1817,exp-perf5000-001817-8ffd48de,1777537101331,1777537101366,202,35.066
1818,exp-perf5000-001818-8af7e7ab,1777537101331,1777537101366,202,34.878
1819,exp-perf5000-001819-f903e70b,1777537101331,1777537101367,202,35.146
1820,exp-perf5000-001820-bd7aa41a,1777537101332,1777537101367,202,35.116
1821,exp-perf5000-001821-daa80722,1777537101332,1777537101367,202,35.205
1822,exp-perf5000-001822-0af216e4,1777537101333,1777537101368,202,35.385
1823,exp-perf5000-001823-cba2d4cd,1777537101333,1777537101368,202,35.016
1824,exp-perf5000-001824-72909ded,1777537101333,1777537101368,202,35.183
1825,exp-perf5000-001825-ddeda03c,1777537101333,1777537101369,202,35.273
1826,exp-perf5000-001826-f0f30e4d,1777537101334,1777537101369,202,35.176
1827,exp-perf5000-001827-9aeddac6,1777537101334,1777537101369,202,35.232
1828,exp-perf5000-001828-8b93d355,1777537101335,1777537101370,202,35.267
1829,exp-perf5000-001829-6ed08e41,1777537101335,1777537101370,202,35.274
1830,exp-perf5000-001830-c0efcaf0,1777537101335,1777537101371,202,35.292
1831,exp-perf5000-001831-552ef09f,1777537101336,1777537101371,202,35.288
1832,exp-perf5000-001832-46aa619b,1777537101336,1777537101371,202,35.384
1833,exp-perf5000-001833-37cb21c7,1777537101336,1777537101372,202,35.613
1834,exp-perf5000-001834-b498851d,1777537101337,1777537101372,202,35.621
1835,exp-perf5000-001835-91d9f3ed,1777537101337,1777537101372,202,35.652
1836,exp-perf5000-001836-90646a90,1777537101337,1777537101373,202,35.487
1837,exp-perf5000-001837-878ff3fb,1777537101338,1777537101373,202,35.651
1838,exp-perf5000-001838-d14b1e4b,1777537101338,1777537101373,202,35.485
1839,exp-perf5000-001839-d35e1f55,1777537101338,1777537101374,202,35.541
1840,exp-perf5000-001840-770a1c88,1777537101339,1777537101374,202,35.421
1841,exp-perf5000-001841-a32c6687,1777537101339,1777537101374,202,35.441
1842,exp-perf5000-001842-dac50e28,1777537101339,1777537101375,202,35.365
1843,exp-perf5000-001843-adef9ae3,1777537101340,1777537101375,202,35.654
1844,exp-perf5000-001844-59d1a5c3,1777537101340,1777537101375,202,35.316
1845,exp-perf5000-001845-70d28405,1777537101340,1777537101376,202,35.365
1846,exp-perf5000-001846-6389df24,1777537101341,1777537101376,202,35.636
1847,exp-perf5000-001847-9ea15bcc,1777537101341,1777537101377,202,35.870
1848,exp-perf5000-001848-070f5544,1777537101341,1777537101377,202,35.299
1849,exp-perf5000-001849-58934d0c,1777537101342,1777537101378,202,35.960
1850,exp-perf5000-001850-1861dfd6,1777537101342,1777537101377,202,35.483
1851,exp-perf5000-001851-a20cb926,1777537101342,1777537101378,202,35.505
1852,exp-perf5000-001852-a9fcd76e,1777537101343,1777537101378,202,35.904
1853,exp-perf5000-001853-4889fc21,1777537101343,1777537101379,202,35.676
1854,exp-perf5000-001854-0a07a952,1777537101343,1777537101379,202,36.048
1855,exp-perf5000-001855-c19334d5,1777537101344,1777537101380,202,36.057
1856,exp-perf5000-001856-0b9c64c9,1777537101344,1777537101379,202,35.430
1857,exp-perf5000-001857-55e99942,1777537101345,1777537101381,202,36.081
1858,exp-perf5000-001858-42cdf7d6,1777537101345,1777537101380,202,35.443
1859,exp-perf5000-001859-2f6aadf3,1777537101345,1777537101381,202,36.085
1860,exp-perf5000-001860-8218c175,1777537101345,1777537101381,202,35.420
1861,exp-perf5000-001861-c13e2ee2,1777537101346,1777537101382,202,36.066
1862,exp-perf5000-001862-0359fe8c,1777537101346,1777537101381,202,35.302
1863,exp-perf5000-001863-36e5b5e1,1777537101346,1777537101383,202,36.042
1864,exp-perf5000-001864-b464ad08,1777537101347,1777537101382,202,35.225
1865,exp-perf5000-001865-b6bb7232,1777537101347,1777537101383,202,35.848
1866,exp-perf5000-001866-962ffd42,1777537101347,1777537101383,202,35.180
1867,exp-perf5000-001867-a2b409a2,1777537101348,1777537101384,202,35.785
1868,exp-perf5000-001868-e95da9ca,1777537101348,1777537101383,202,34.899
1869,exp-perf5000-001869-b482f3b3,1777537101349,1777537101384,202,35.691
1870,exp-perf5000-001870-3712b163,1777537101349,1777537101384,202,34.813
1871,exp-perf5000-001871-068319c3,1777537101350,1777537101385,202,35.535
1872,exp-perf5000-001872-052ba124,1777537101350,1777537101385,202,34.793
1873,exp-perf5000-001873-0e11b504,1777537101350,1777537101386,202,35.468
1874,exp-perf5000-001874-db90e57f,1777537101350,1777537101385,202,34.729
1875,exp-perf5000-001875-c1c825ec,1777537101351,1777537101387,202,35.548
1876,exp-perf5000-001876-246bea4e,1777537101351,1777537101386,202,34.622
1877,exp-perf5000-001877-aff8face,1777537101352,1777537101386,202,34.637
1878,exp-perf5000-001878-c8a21191,1777537101352,1777537101387,202,35.200
1879,exp-perf5000-001879-761fdb6f,1777537101353,1777537101387,202,34.036
1880,exp-perf5000-001880-a75fcff6,1777537101353,1777537101388,202,34.595
1881,exp-perf5000-001881-a6d618b7,1777537101353,1777537101388,202,34.343
1882,exp-perf5000-001882-5be97733,1777537101354,1777537101388,202,34.700
1883,exp-perf5000-001883-db86b79e,1777537101354,1777537101389,202,34.597
1884,exp-perf5000-001884-9320a3bd,1777537101354,1777537101389,202,34.946
1885,exp-perf5000-001885-d8e39711,1777537101355,1777537101389,202,34.659
1886,exp-perf5000-001886-154bf97a,1777537101355,1777537101390,202,34.750
1887,exp-perf5000-001887-7b6b68d1,1777537101356,1777537101390,202,34.596
1888,exp-perf5000-001888-424c6c79,1777537101356,1777537101391,202,34.654
1889,exp-perf5000-001889-5b2eeb10,1777537101357,1777537101391,202,34.649
1890,exp-perf5000-001890-bef8ee34,1777537101357,1777537101390,202,33.874
1891,exp-perf5000-001891-23c54f15,1777537101357,1777537101391,202,34.226
1892,exp-perf5000-001892-7aa892bb,1777537101357,1777537101392,202,34.711
1893,exp-perf5000-001893-dabe8eb6,1777537101358,1777537101392,202,34.309
1894,exp-perf5000-001894-5fc663fe,1777537101358,1777537101392,202,34.672
1895,exp-perf5000-001895-ae8aa560,1777537101359,1777537101393,202,34.757
1896,exp-perf5000-001896-b0a7b01b,1777537101359,1777537101393,202,34.172
1897,exp-perf5000-001897-0ad342f4,1777537101359,1777537101394,202,34.767
1898,exp-perf5000-001898-391f8945,1777537101359,1777537101394,202,34.332
1899,exp-perf5000-001899-6e67e625,1777537101360,1777537101394,202,34.481
1900,exp-perf5000-001900-6a19eb89,1777537101360,1777537101395,202,34.757
1901,exp-perf5000-001901-068cb88f,1777537101360,1777537101395,202,34.464
1902,exp-perf5000-001902-44d4bcad,1777537101361,1777537101395,202,34.714
1903,exp-perf5000-001903-b1924418,1777537101361,1777537101396,202,34.400
1904,exp-perf5000-001904-78fa52de,1777537101361,1777537101396,202,34.738
1905,exp-perf5000-001905-33cec9be,1777537101362,1777537101396,202,34.477
1906,exp-perf5000-001906-44712471,1777537101362,1777537101397,202,34.691
1907,exp-perf5000-001907-fe8ef3bf,1777537101362,1777537101397,202,34.351
1908,exp-perf5000-001908-8325f48c,1777537101363,1777537101397,202,34.867
1909,exp-perf5000-001909-b1015384,1777537101363,1777537101398,202,34.392
1910,exp-perf5000-001910-e6cf9ff0,1777537101363,1777537101398,202,35.038
1911,exp-perf5000-001911-49e39112,1777537101364,1777537101398,202,34.537
1912,exp-perf5000-001912-7d84eb03,1777537101364,1777537101399,202,34.945
1913,exp-perf5000-001913-f5ac0444,1777537101364,1777537101399,202,34.690
1914,exp-perf5000-001914-9fc348c1,1777537101365,1777537101401,202,35.662
1915,exp-perf5000-001915-698cc158,1777537101365,1777537101401,202,35.619
1916,exp-perf5000-001916-d9e0ea8e,1777537101366,1777537101401,202,35.420
1917,exp-perf5000-001917-bf717b41,1777537101366,1777537101401,202,35.112
1918,exp-perf5000-001918-b43e1389,1777537101366,1777537101401,202,35.053
1919,exp-perf5000-001919-cdab8b09,1777537101367,1777537101401,202,34.645
1920,exp-perf5000-001920-ae055a9e,1777537101367,1777537101402,202,34.926
1921,exp-perf5000-001921-5b5ccf27,1777537101367,1777537101402,202,34.386
1922,exp-perf5000-001922-d1d7bf5c,1777537101368,1777537101403,202,35.008
1923,exp-perf5000-001923-5313f745,1777537101368,1777537101403,202,34.425
1924,exp-perf5000-001924-cc279857,1777537101369,1777537101403,202,34.728
1925,exp-perf5000-001925-d99e2021,1777537101369,1777537101403,202,34.315
1926,exp-perf5000-001926-c77cd4de,1777537101369,1777537101404,202,34.725
1927,exp-perf5000-001927-a66feadf,1777537101369,1777537101404,202,34.191
1928,exp-perf5000-001928-c14c4a62,1777537101370,1777537101405,202,34.798
1929,exp-perf5000-001929-8a2d94b6,1777537101370,1777537101404,202,34.150
1930,exp-perf5000-001930-27e9febe,1777537101371,1777537101405,202,34.843
1931,exp-perf5000-001931-09e5e3ca,1777537101371,1777537101405,202,34.138
1932,exp-perf5000-001932-38cf0bd6,1777537101371,1777537101406,202,34.699
1933,exp-perf5000-001933-0874b865,1777537101372,1777537101406,202,33.825
1934,exp-perf5000-001934-1256f629,1777537101372,1777537101407,202,34.633
1935,exp-perf5000-001935-6664b8c9,1777537101372,1777537101406,202,33.884
1936,exp-perf5000-001936-8ea97397,1777537101373,1777537101408,202,34.834
1937,exp-perf5000-001937-cc64b703,1777537101373,1777537101407,202,33.851
1938,exp-perf5000-001938-7fd7e8f9,1777537101373,1777537101408,202,34.805
1939,exp-perf5000-001939-599925f9,1777537101374,1777537101408,202,33.874
1940,exp-perf5000-001940-5177ee1f,1777537101374,1777537101409,202,35.209
1941,exp-perf5000-001941-45693e62,1777537101374,1777537101408,202,33.844
1942,exp-perf5000-001942-ede11a0d,1777537101375,1777537101410,202,35.182
1943,exp-perf5000-001943-3bb9556c,1777537101375,1777537101409,202,33.919
1944,exp-perf5000-001944-a208978f,1777537101375,1777537101411,202,35.131
1945,exp-perf5000-001945-6b651777,1777537101376,1777537101410,202,33.830
1946,exp-perf5000-001946-740696e4,1777537101376,1777537101411,202,35.084
1947,exp-perf5000-001947-b13f8253,1777537101377,1777537101410,202,33.716
1948,exp-perf5000-001948-878e36c5,1777537101377,1777537101412,202,35.060
1949,exp-perf5000-001949-b477c6f8,1777537101377,1777537101411,202,33.727
1950,exp-perf5000-001950-f35275d5,1777537101378,1777537101413,202,35.060
1951,exp-perf5000-001951-f6c7f025,1777537101378,1777537101412,202,33.644
1952,exp-perf5000-001952-9bbe1c61,1777537101379,1777537101413,202,34.898
1953,exp-perf5000-001953-9586eb64,1777537101379,1777537101412,202,33.467
1954,exp-perf5000-001954-52c84332,1777537101379,1777537101414,202,34.888
1955,exp-perf5000-001955-0a6ded19,1777537101379,1777537101413,202,33.452
1956,exp-perf5000-001956-438132e0,1777537101380,1777537101415,202,34.884
1957,exp-perf5000-001957-51b6058c,1777537101380,1777537101414,202,33.578
1958,exp-perf5000-001958-5abcd52a,1777537101381,1777537101416,202,34.961
1959,exp-perf5000-001959-12f91f18,1777537101381,1777537101414,202,33.668
1960,exp-perf5000-001960-008936a1,1777537101381,1777537101416,202,35.009
1961,exp-perf5000-001961-a310faee,1777537101381,1777537101415,202,33.652
1962,exp-perf5000-001962-67749033,1777537101382,1777537101417,202,35.038
1963,exp-perf5000-001963-378f4b3d,1777537101382,1777537101416,202,33.636
1964,exp-perf5000-001964-d10e1da0,1777537101383,1777537101418,202,35.029
1965,exp-perf5000-001965-f2144490,1777537101383,1777537101416,202,33.718
1966,exp-perf5000-001966-0bb92bab,1777537101383,1777537101418,202,35.125
1967,exp-perf5000-001967-4bd77fb3,1777537101383,1777537101417,202,33.867
1968,exp-perf5000-001968-5bd8ae64,1777537101384,1777537101418,202,34.074
1969,exp-perf5000-001969-958c96f9,1777537101384,1777537101419,202,34.984
1970,exp-perf5000-001970-157feeb9,1777537101384,1777537101420,202,35.112
1971,exp-perf5000-001971-4b7c719a,1777537101385,1777537101418,202,33.707
1972,exp-perf5000-001972-500b7d12,1777537101385,1777537101420,202,35.043
1973,exp-perf5000-001973-dc42011b,1777537101385,1777537101419,202,33.593
1974,exp-perf5000-001974-fb9dde7f,1777537101386,1777537101421,202,35.107
1975,exp-perf5000-001975-f9f29d87,1777537101386,1777537101420,202,33.691
1976,exp-perf5000-001976-d402875c,1777537101386,1777537101420,202,33.767
1977,exp-perf5000-001977-e84a002d,1777537101387,1777537101422,202,35.067
1978,exp-perf5000-001978-619e77dd,1777537101387,1777537101421,202,33.682
1979,exp-perf5000-001979-6d025bdf,1777537101387,1777537101422,202,34.981
1980,exp-perf5000-001980-f2cbce19,1777537101388,1777537101423,202,35.042
1981,exp-perf5000-001981-19e5a578,1777537101388,1777537101422,202,34.001
1982,exp-perf5000-001982-99a898bf,1777537101389,1777537101424,202,34.971
1983,exp-perf5000-001983-52069f13,1777537101389,1777537101422,202,33.306
1984,exp-perf5000-001984-c87b0cf9,1777537101390,1777537101424,202,34.638
1985,exp-perf5000-001985-0e8dfa20,1777537101390,1777537101423,202,33.295
1986,exp-perf5000-001986-4db5aa43,1777537101390,1777537101425,202,34.820
1987,exp-perf5000-001987-d475a6cb,1777537101390,1777537101424,202,33.401
1988,exp-perf5000-001988-a738807b,1777537101391,1777537101424,202,33.770
1989,exp-perf5000-001989-91b815c9,1777537101391,1777537101425,202,34.807
1990,exp-perf5000-001990-c94aeb22,1777537101391,1777537101426,202,34.865
1991,exp-perf5000-001991-8ba435ff,1777537101391,1777537101425,202,33.628
1992,exp-perf5000-001992-bda6a565,1777537101392,1777537101427,202,34.876
1993,exp-perf5000-001993-29f68212,1777537101392,1777537101426,202,33.558
1994,exp-perf5000-001994-98f7f3c6,1777537101393,1777537101428,202,35.092
1995,exp-perf5000-001995-140398a5,1777537101393,1777537101426,202,33.534
1996,exp-perf5000-001996-b97e279b,1777537101393,1777537101428,202,34.790
1997,exp-perf5000-001997-466e038f,1777537101394,1777537101427,202,33.417
1998,exp-perf5000-001998-d2b89e77,1777537101394,1777537101429,202,34.882
1999,exp-perf5000-001999-8fdb50f4,1777537101394,1777537101428,202,33.497
2000,exp-perf5000-002000-3cb1ffa7,1777537101395,1777537101430,202,34.857
2001,exp-perf5000-002001-95b3fc50,1777537101395,1777537101429,202,33.581
2002,exp-perf5000-002002-885b12ac,1777537101395,1777537101430,202,34.734
2003,exp-perf5000-002003-93d6c999,1777537101396,1777537101429,202,33.541
2004,exp-perf5000-002004-6631df3c,1777537101396,1777537101431,202,34.736
2005,exp-perf5000-002005-370ba1e7,1777537101396,1777537101430,202,33.656
2006,exp-perf5000-002006-722f15c8,1777537101397,1777537101431,202,34.773
2007,exp-perf5000-002007-f45decbe,1777537101397,1777537101430,202,33.678
2008,exp-perf5000-002008-90b914bb,1777537101397,1777537101432,202,34.754
2009,exp-perf5000-002009-959a566f,1777537101398,1777537101431,202,33.448
2010,exp-perf5000-002010-72296b97,1777537101398,1777537101432,202,33.315
2011,exp-perf5000-002011-29f38075,1777537101398,1777537101433,202,34.233
2012,exp-perf5000-002012-7cc090a5,1777537101399,1777537101433,202,34.362
2013,exp-perf5000-002013-831c2523,1777537101399,1777537101432,202,33.262
2014,exp-perf5000-002014-00f6ae96,1777537101401,1777537101434,202,33.552
2015,exp-perf5000-002015-09fc1622,1777537101401,1777537101433,202,32.246
2016,exp-perf5000-002016-13859d5e,1777537101401,1777537101435,202,33.761
2017,exp-perf5000-002017-a8c9d39e,1777537101401,1777537101434,202,32.561
2018,exp-perf5000-002018-a0b04911,1777537101401,1777537101434,202,33.057
2019,exp-perf5000-002019-d8b03ddc,1777537101401,1777537101436,202,34.157
2020,exp-perf5000-002020-6fe5d22d,1777537101402,1777537101435,202,33.254
2021,exp-perf5000-002021-fd93c3dd,1777537101402,1777537101436,202,33.965
2022,exp-perf5000-002022-afdf09d7,1777537101403,1777537101436,202,33.138
2023,exp-perf5000-002023-8a45b533,1777537101403,1777537101437,202,34.024
2024,exp-perf5000-002024-b9484c46,1777537101403,1777537101436,202,33.309
2025,exp-perf5000-002025-6c82c11f,1777537101403,1777537101438,202,34.324
2026,exp-perf5000-002026-449569f7,1777537101404,1777537101437,202,33.444
2027,exp-perf5000-002027-9bee8a39,1777537101404,1777537101438,202,34.316
2028,exp-perf5000-002028-9e7a5abf,1777537101404,1777537101438,202,33.407
2029,exp-perf5000-002029-59559857,1777537101405,1777537101439,202,34.227
2030,exp-perf5000-002030-3968c9dc,1777537101405,1777537101438,202,33.403
2031,exp-perf5000-002031-02f6c7e9,1777537101405,1777537101440,202,34.263
2032,exp-perf5000-002032-9955bddc,1777537101406,1777537101439,202,33.339
2033,exp-perf5000-002033-a6074b24,1777537101406,1777537101440,202,34.199
2034,exp-perf5000-002034-741762bc,1777537101406,1777537101440,202,33.278
2035,exp-perf5000-002035-47d3ecc6,1777537101407,1777537101441,202,34.166
2036,exp-perf5000-002036-a8b9c689,1777537101407,1777537101440,202,33.267
2037,exp-perf5000-002037-bdee1a46,1777537101408,1777537101442,202,34.058
2038,exp-perf5000-002038-fedc8705,1777537101408,1777537101441,202,33.291
2039,exp-perf5000-002039-565cc921,1777537101408,1777537101442,202,34.242
2040,exp-perf5000-002040-ad04da99,1777537101408,1777537101442,202,33.371
2041,exp-perf5000-002041-29ed0596,1777537101409,1777537101442,202,33.117
2042,exp-perf5000-002042-c3233ea5,1777537101409,1777537101443,202,33.877
2043,exp-perf5000-002043-47db9eca,1777537101410,1777537101443,202,33.320
2044,exp-perf5000-002044-e1618777,1777537101410,1777537101444,202,33.855
2045,exp-perf5000-002045-7d150caa,1777537101410,1777537101444,202,33.297
2046,exp-perf5000-002046-b812c1a7,1777537101411,1777537101444,202,33.853
2047,exp-perf5000-002047-8de2620b,1777537101411,1777537101444,202,33.178
2048,exp-perf5000-002048-1be50aee,1777537101411,1777537101445,202,33.805
2049,exp-perf5000-002049-21ec108f,1777537101412,1777537101445,202,33.116
2050,exp-perf5000-002050-0ae59784,1777537101412,1777537101446,202,33.839
2051,exp-perf5000-002051-1675571c,1777537101412,1777537101446,202,33.218
2052,exp-perf5000-002052-76982cf8,1777537101413,1777537101447,202,34.017
2053,exp-perf5000-002053-2e8b8278,1777537101413,1777537101446,202,33.111
2054,exp-perf5000-002054-91a8ce4d,1777537101413,1777537101447,202,33.892
2055,exp-perf5000-002055-bfb396a6,1777537101414,1777537101447,202,33.003
2056,exp-perf5000-002056-e21bfa20,1777537101414,1777537101448,202,33.797
2057,exp-perf5000-002057-1dfa0d92,1777537101414,1777537101447,202,32.879
2058,exp-perf5000-002058-15a0e038,1777537101415,1777537101449,202,33.817
2059,exp-perf5000-002059-19e80c11,1777537101415,1777537101448,202,32.980
2060,exp-perf5000-002060-5afaad10,1777537101416,1777537101449,202,33.626
2061,exp-perf5000-002061-c8d9ada8,1777537101416,1777537101449,202,32.983
2062,exp-perf5000-002062-0af1befd,1777537101416,1777537101450,202,33.892
2063,exp-perf5000-002063-364124f1,1777537101416,1777537101449,202,32.948
2064,exp-perf5000-002064-eb4d299e,1777537101417,1777537101451,202,33.708
2065,exp-perf5000-002065-6398332f,1777537101417,1777537101450,202,32.762
2066,exp-perf5000-002066-ac806c2d,1777537101418,1777537101451,202,33.776
2067,exp-perf5000-002067-4a4ee921,1777537101418,1777537101451,202,32.599
2068,exp-perf5000-002068-74c93253,1777537101418,1777537101451,202,32.977
2069,exp-perf5000-002069-85053b4b,1777537101418,1777537101452,202,33.867
2070,exp-perf5000-002070-702e053b,1777537101419,1777537101452,202,33.140
2071,exp-perf5000-002071-d74f7626,1777537101419,1777537101453,202,33.743
2072,exp-perf5000-002072-7e17a3f3,1777537101420,1777537101453,202,32.966
2073,exp-perf5000-002073-3e9fd17a,1777537101420,1777537101453,202,33.717
2074,exp-perf5000-002074-4d001016,1777537101420,1777537101454,202,33.932
2075,exp-perf5000-002075-9cdcc674,1777537101420,1777537101453,202,32.894
2076,exp-perf5000-002076-0c4052d6,1777537101421,1777537101454,202,33.084
2077,exp-perf5000-002077-23558e89,1777537101421,1777537101455,202,34.012
2078,exp-perf5000-002078-c2a9896c,1777537101422,1777537101456,202,33.984
2079,exp-perf5000-002079-b00d1a23,1777537101422,1777537101455,202,33.031
2080,exp-perf5000-002080-27e97043,1777537101422,1777537101457,202,34.519
2081,exp-perf5000-002081-ba230412,1777537101422,1777537101456,202,33.234
2082,exp-perf5000-002082-aa50ff8e,1777537101423,1777537101457,202,34.445
2083,exp-perf5000-002083-b787b6cc,1777537101423,1777537101456,202,33.184
2084,exp-perf5000-002084-05e3f460,1777537101424,1777537101458,202,34.494
2085,exp-perf5000-002085-b92b8650,1777537101424,1777537101457,202,33.448
2086,exp-perf5000-002086-48dea9fa,1777537101424,1777537101459,202,34.541
2087,exp-perf5000-002087-e00d6baf,1777537101424,1777537101458,202,33.244
2088,exp-perf5000-002088-9b5ad951,1777537101425,1777537101459,202,34.596
2089,exp-perf5000-002089-1f8c4edb,1777537101425,1777537101458,202,33.216
2090,exp-perf5000-002090-ff810196,1777537101425,1777537101460,202,34.659
2091,exp-perf5000-002091-f47b0794,1777537101426,1777537101459,202,33.238
2092,exp-perf5000-002092-eff210d4,1777537101426,1777537101461,202,34.718
2093,exp-perf5000-002093-5d2b1eef,1777537101426,1777537101460,202,33.307
2094,exp-perf5000-002094-94c69d66,1777537101427,1777537101461,202,34.465
2095,exp-perf5000-002095-0fb77473,1777537101427,1777537101460,202,33.259
2096,exp-perf5000-002096-8fe94562,1777537101428,1777537101462,202,34.354
2097,exp-perf5000-002097-19f3c54a,1777537101428,1777537101461,202,33.210
2098,exp-perf5000-002098-f3244259,1777537101428,1777537101463,202,34.541
2099,exp-perf5000-002099-f4a30811,1777537101429,1777537101462,202,33.059
2100,exp-perf5000-002100-3a761ea9,1777537101429,1777537101463,202,34.486
2101,exp-perf5000-002101-35a308dc,1777537101429,1777537101462,202,33.083
2102,exp-perf5000-002102-e90a6cfc,1777537101430,1777537101464,202,34.416
2103,exp-perf5000-002103-79269c09,1777537101430,1777537101463,202,33.062
2104,exp-perf5000-002104-4b6851f6,1777537101430,1777537101465,202,34.855
2105,exp-perf5000-002105-dc5f58cb,1777537101431,1777537101464,202,33.133
2106,exp-perf5000-002106-16836a9d,1777537101431,1777537101466,202,34.809
2107,exp-perf5000-002107-53436820,1777537101431,1777537101464,202,33.267
2108,exp-perf5000-002108-520d2006,1777537101431,1777537101466,202,34.848
2109,exp-perf5000-002109-9a38bc5f,1777537101432,1777537101465,202,33.147
2110,exp-perf5000-002110-43b1d4b2,1777537101432,1777537101467,202,34.831
2111,exp-perf5000-002111-57e4b045,1777537101432,1777537101466,202,33.389
2112,exp-perf5000-002112-2890fa8a,1777537101433,1777537101468,202,34.870
2113,exp-perf5000-002113-ed92e466,1777537101433,1777537101467,202,33.427
2114,exp-perf5000-002114-e0412dc4,1777537101433,1777537101468,202,34.830
2115,exp-perf5000-002115-d4b1cdce,1777537101434,1777537101467,202,33.464
2116,exp-perf5000-002116-82ba0b4b,1777537101434,1777537101469,202,34.784
2117,exp-perf5000-002117-7f259b82,1777537101434,1777537101468,202,33.583
2118,exp-perf5000-002118-aa300dd4,1777537101435,1777537101470,202,34.643
2119,exp-perf5000-002119-0eec6182,1777537101435,1777537101469,202,33.488
2120,exp-perf5000-002120-341309fb,1777537101436,1777537101470,202,34.633
2121,exp-perf5000-002121-a8ef8a23,1777537101436,1777537101469,202,33.562
2122,exp-perf5000-002122-ecc17e9e,1777537101436,1777537101471,202,34.855
2123,exp-perf5000-002123-0aacab32,1777537101436,1777537101470,202,33.700
2124,exp-perf5000-002124-8ead9169,1777537101437,1777537101472,202,34.663
2125,exp-perf5000-002125-265b0ace,1777537101437,1777537101471,202,33.633
2126,exp-perf5000-002126-80a6d885,1777537101438,1777537101472,202,34.551
2127,exp-perf5000-002127-5f856778,1777537101438,1777537101471,202,33.679
2128,exp-perf5000-002128-513ed599,1777537101438,1777537101473,202,34.534
2129,exp-perf5000-002129-8bbb70a5,1777537101438,1777537101472,202,33.733
2130,exp-perf5000-002130-f78d6f77,1777537101439,1777537101473,202,34.510
2131,exp-perf5000-002131-03eaba2f,1777537101439,1777537101473,202,33.686
2132,exp-perf5000-002132-af24d722,1777537101440,1777537101473,202,33.775
2133,exp-perf5000-002133-0efc5b8c,1777537101440,1777537101474,202,34.450
2134,exp-perf5000-002134-f3343c03,1777537101440,1777537101474,202,33.824
2135,exp-perf5000-002135-6e284c20,1777537101440,1777537101475,202,34.481
2136,exp-perf5000-002136-3c0bc4d4,1777537101441,1777537101475,202,33.850
2137,exp-perf5000-002137-dfc1a6e8,1777537101441,1777537101476,202,34.446
2138,exp-perf5000-002138-231f3a59,1777537101442,1777537101476,202,34.616
2139,exp-perf5000-002139-25c6b061,1777537101442,1777537101476,202,33.867
2140,exp-perf5000-002140-d749486e,1777537101442,1777537101476,202,34.120
2141,exp-perf5000-002141-0c58a56e,1777537101442,1777537101477,202,34.517
2142,exp-perf5000-002142-6d43903c,1777537101443,1777537101477,202,34.034
2143,exp-perf5000-002143-363d3149,1777537101443,1777537101478,202,34.535
2144,exp-perf5000-002144-09fde0b1,1777537101444,1777537101478,202,34.119
2145,exp-perf5000-002145-ef367065,1777537101444,1777537101478,202,34.628
2146,exp-perf5000-002146-4884a7a9,1777537101444,1777537101478,202,34.100
2147,exp-perf5000-002147-6f5f521a,1777537101444,1777537101479,202,34.603
2148,exp-perf5000-002148-8197b60e,1777537101445,1777537101479,202,34.222
2149,exp-perf5000-002149-0f04bd83,1777537101445,1777537101480,202,34.564
2150,exp-perf5000-002150-66217141,1777537101446,1777537101480,202,33.989
2151,exp-perf5000-002151-0b52968c,1777537101446,1777537101480,202,34.361
2152,exp-perf5000-002152-56394778,1777537101446,1777537101480,202,34.123
2153,exp-perf5000-002153-89f2eb99,1777537101447,1777537101481,202,34.113
2154,exp-perf5000-002154-fe69f5ec,1777537101447,1777537101481,202,34.057
2155,exp-perf5000-002155-ac3995c3,1777537101447,1777537101482,202,34.100
2156,exp-perf5000-002156-a2c48596,1777537101447,1777537101482,202,34.062
2157,exp-perf5000-002157-942d40c6,1777537101448,1777537101482,202,34.092
2158,exp-perf5000-002158-82905e2c,1777537101448,1777537101482,202,34.040
2159,exp-perf5000-002159-f8f35667,1777537101449,1777537101483,202,33.990
2160,exp-perf5000-002160-ad857339,1777537101449,1777537101483,202,33.935
2161,exp-perf5000-002161-facbb497,1777537101449,1777537101484,202,34.259
2162,exp-perf5000-002162-e5a91bc0,1777537101449,1777537101484,202,34.366
2163,exp-perf5000-002163-10a91c82,1777537101450,1777537101484,202,34.315
2164,exp-perf5000-002164-6ea5a0c5,1777537101450,1777537101484,202,33.962
2165,exp-perf5000-002165-f93be1d5,1777537101451,1777537101485,202,34.095
2166,exp-perf5000-002166-c58d0644,1777537101451,1777537101485,202,34.117
2167,exp-perf5000-002167-096670ea,1777537101451,1777537101486,202,34.327
2168,exp-perf5000-002168-347cb3f0,1777537101451,1777537101485,202,34.026
2169,exp-perf5000-002169-2f3a1407,1777537101452,1777537101486,202,33.998
2170,exp-perf5000-002170-2eea93af,1777537101452,1777537101486,202,33.926
2171,exp-perf5000-002171-16f3abd6,1777537101453,1777537101487,202,34.169
2172,exp-perf5000-002172-ea0eebb6,1777537101453,1777537101487,202,34.152
2173,exp-perf5000-002173-f190b7b1,1777537101453,1777537101488,202,34.516
2174,exp-perf5000-002174-948663e2,1777537101453,1777537101488,202,34.152
2175,exp-perf5000-002175-ce35e49a,1777537101454,1777537101488,202,34.349
2176,exp-perf5000-002176-74c9dbbc,1777537101454,1777537101488,202,34.136
2177,exp-perf5000-002177-c9ca58a7,1777537101455,1777537101489,202,34.084
2178,exp-perf5000-002178-2e20178c,1777537101455,1777537101489,202,33.977
2179,exp-perf5000-002179-e4633e16,1777537101456,1777537101490,202,34.081
2180,exp-perf5000-002180-5ffa5f49,1777537101456,1777537101490,202,33.959
2181,exp-perf5000-002181-c92f3bd7,1777537101456,1777537101490,202,34.021
2182,exp-perf5000-002182-f7bcffcd,1777537101457,1777537101490,202,33.553
2183,exp-perf5000-002183-c0a9e2dc,1777537101457,1777537101491,202,34.242
2184,exp-perf5000-002184-43f9d2a3,1777537101457,1777537101491,202,34.041
2185,exp-perf5000-002185-d1109a4a,1777537101458,1777537101492,202,34.415
2186,exp-perf5000-002186-db9b6fb4,1777537101458,1777537101492,202,33.995
2187,exp-perf5000-002187-3e68bca7,1777537101458,1777537101493,202,34.541
2188,exp-perf5000-002188-06e3031d,1777537101459,1777537101493,202,33.933
2189,exp-perf5000-002189-8efe8e47,1777537101459,1777537101497,202,38.359
2190,exp-perf5000-002190-500ad669,1777537101460,1777537101495,202,35.442
2191,exp-perf5000-002191-c6193211,1777537101460,1777537101498,202,37.936
2192,exp-perf5000-002192-d55450ff,1777537101460,1777537101495,202,34.768
2193,exp-perf5000-002193-dfcff02a,1777537101460,1777537101497,202,37.112
2194,exp-perf5000-002194-61672af8,1777537101461,1777537101496,202,34.868
2195,exp-perf5000-002195-3ed08a02,1777537101461,1777537101498,202,36.493
2196,exp-perf5000-002196-dad69685,1777537101461,1777537101496,202,34.981
2197,exp-perf5000-002197-eeaff81c,1777537101462,1777537101498,202,36.383
2198,exp-perf5000-002198-24fe7bd2,1777537101462,1777537101498,202,35.542
2199,exp-perf5000-002199-28e29b14,1777537101462,1777537101499,202,36.242
2200,exp-perf5000-002200-081f1afb,1777537101463,1777537101498,202,35.221
2201,exp-perf5000-002201-5c592658,1777537101463,1777537101499,202,36.355
2202,exp-perf5000-002202-c23c2af4,1777537101463,1777537101499,202,35.743
2203,exp-perf5000-002203-f94116fa,1777537101464,1777537101500,202,36.317
2204,exp-perf5000-002204-1456d6e0,1777537101464,1777537101500,202,35.436
2205,exp-perf5000-002205-bf96e9a9,1777537101464,1777537101501,202,36.222
2206,exp-perf5000-002206-1b69658b,1777537101465,1777537101501,202,36.397
2207,exp-perf5000-002207-31594a13,1777537101465,1777537101500,202,35.378
2208,exp-perf5000-002208-301ce633,1777537101466,1777537101501,202,35.439
2209,exp-perf5000-002209-7b0e6de8,1777537101466,1777537101502,202,36.133
2210,exp-perf5000-002210-7a161b69,1777537101466,1777537101502,202,35.362
2211,exp-perf5000-002211-5a783600,1777537101467,1777537101503,202,36.035
2212,exp-perf5000-002212-b776bb6e,1777537101467,1777537101502,202,35.275
2213,exp-perf5000-002213-ff0c101f,1777537101467,1777537101503,202,36.161
2214,exp-perf5000-002214-d52f96f8,1777537101468,1777537101503,202,35.381
2215,exp-perf5000-002215-6d7d4091,1777537101468,1777537101504,202,36.182
2216,exp-perf5000-002216-981141e6,1777537101468,1777537101504,202,35.386
2217,exp-perf5000-002217-01f2a268,1777537101469,1777537101505,202,36.328
2218,exp-perf5000-002218-cf01967b,1777537101469,1777537101504,202,35.443
2219,exp-perf5000-002219-37af61cb,1777537101469,1777537101506,202,36.290
2220,exp-perf5000-002220-6841a688,1777537101470,1777537101505,202,35.542
2221,exp-perf5000-002221-f77b10c2,1777537101470,1777537101506,202,36.252
2222,exp-perf5000-002222-2534d320,1777537101470,1777537101506,202,35.575
2223,exp-perf5000-002223-0845bb39,1777537101471,1777537101507,202,36.282
2224,exp-perf5000-002224-f091f96f,1777537101471,1777537101507,202,35.558
2225,exp-perf5000-002225-4acd4bfc,1777537101471,1777537101508,202,36.247
2226,exp-perf5000-002226-cceb4adb,1777537101472,1777537101507,202,35.614
2227,exp-perf5000-002227-fd655383,1777537101472,1777537101508,202,35.726
2228,exp-perf5000-002228-e34608dd,1777537101472,1777537101508,202,36.185
2229,exp-perf5000-002229-41e5b014,1777537101473,1777537101509,202,36.405
2230,exp-perf5000-002230-cea88d35,1777537101473,1777537101509,202,35.783
2231,exp-perf5000-002231-66cafdba,1777537101474,1777537101509,202,35.912
2232,exp-perf5000-002232-4de1b9d8,1777537101474,1777537101510,202,36.454
2233,exp-perf5000-002233-893c4bda,1777537101474,1777537101510,202,36.010
2234,exp-perf5000-002234-b8bb7d82,1777537101474,1777537101511,202,36.275
2235,exp-perf5000-002235-7b659f58,1777537101475,1777537101511,202,36.390
2236,exp-perf5000-002236-958dc72c,1777537101475,1777537101511,202,35.891
2237,exp-perf5000-002237-36023cc1,1777537101476,1777537101512,202,36.016
2238,exp-perf5000-002238-eaab6ec1,1777537101476,1777537101512,202,36.440
2239,exp-perf5000-002239-0ce3febe,1777537101476,1777537101512,202,35.913
2240,exp-perf5000-002240-4897fea3,1777537101476,1777537101513,202,36.401
2241,exp-perf5000-002241-665216cf,1777537101477,1777537101513,202,35.999
2242,exp-perf5000-002242-b76fe59d,1777537101477,1777537101514,202,36.475
2243,exp-perf5000-002243-d4041b73,1777537101478,1777537101514,202,36.487
2244,exp-perf5000-002244-81fe7272,1777537101478,1777537101514,202,35.774
2245,exp-perf5000-002245-087d3fe3,1777537101478,1777537101515,202,36.509
2246,exp-perf5000-002246-71778f39,1777537101478,1777537101514,202,35.801
2247,exp-perf5000-002247-ffe0ccf2,1777537101479,1777537101516,202,36.470
2248,exp-perf5000-002248-42788439,1777537101479,1777537101515,202,35.798
2249,exp-perf5000-002249-53aaedf5,1777537101480,1777537101516,202,36.573
2250,exp-perf5000-002250-089a4c90,1777537101480,1777537101516,202,35.805
2251,exp-perf5000-002251-41967865,1777537101480,1777537101516,202,35.961
2252,exp-perf5000-002252-f939a283,1777537101480,1777537101517,202,36.792
2253,exp-perf5000-002253-ac821023,1777537101481,1777537101517,202,36.018
2254,exp-perf5000-002254-259ee819,1777537101481,1777537101518,202,36.728
2255,exp-perf5000-002255-2fa42b41,1777537101482,1777537101518,202,36.793
2256,exp-perf5000-002256-4dc2afa0,1777537101482,1777537101517,202,35.909
2257,exp-perf5000-002257-95c0a025,1777537101482,1777537101519,202,36.894
2258,exp-perf5000-002258-072b07e8,1777537101482,1777537101519,202,36.321
2259,exp-perf5000-002259-29e6f942,1777537101483,1777537101520,202,36.787
2260,exp-perf5000-002260-ced61bf6,1777537101483,1777537101519,202,36.023
2261,exp-perf5000-002261-ba3cc4e3,1777537101484,1777537101520,202,36.243
2262,exp-perf5000-002262-d246d7ac,1777537101484,1777537101521,202,36.744
2263,exp-perf5000-002263-1cc59926,1777537101484,1777537101520,202,36.171
2264,exp-perf5000-002264-efa0c6cd,1777537101484,1777537101521,202,37.030
2265,exp-perf5000-002265-dbdc6e19,1777537101485,1777537101522,202,37.248
2266,exp-perf5000-002266-fda03f4f,1777537101485,1777537101521,202,36.281
2267,exp-perf5000-002267-c9934428,1777537101486,1777537101522,202,36.242
2268,exp-perf5000-002268-9d93036c,1777537101486,1777537101523,202,36.949
2269,exp-perf5000-002269-48feb721,1777537101486,1777537101523,202,37.236
2270,exp-perf5000-002270-62c42d6c,1777537101486,1777537101522,202,36.185
2271,exp-perf5000-002271-9c7a7dbf,1777537101487,1777537101524,202,37.166
2272,exp-perf5000-002272-b68e777a,1777537101487,1777537101523,202,36.015
2273,exp-perf5000-002273-2918e083,1777537101488,1777537101524,202,36.085
2274,exp-perf5000-002274-7d314d34,1777537101488,1777537101525,202,36.932
2275,exp-perf5000-002275-1c131d27,1777537101488,1777537101525,202,37.023
2276,exp-perf5000-002276-b7d1c714,1777537101488,1777537101524,202,36.049
2277,exp-perf5000-002277-50571e01,1777537101489,1777537101526,202,37.002
2278,exp-perf5000-002278-eef1c461,1777537101489,1777537101525,202,35.961
2279,exp-perf5000-002279-1c3edc4e,1777537101490,1777537101526,202,35.987
2280,exp-perf5000-002280-2f9c64eb,1777537101490,1777537101527,202,37.037
2281,exp-perf5000-002281-155b59fa,1777537101490,1777537101527,202,37.102
2282,exp-perf5000-002282-c30c983e,1777537101490,1777537101526,202,35.845
2283,exp-perf5000-002283-935a175c,1777537101491,1777537101527,202,35.571
2284,exp-perf5000-002284-1bb288a7,1777537101492,1777537101528,202,36.603
2285,exp-perf5000-002285-3fc51fcd,1777537101492,1777537101529,202,37.067
2286,exp-perf5000-002286-6524accb,1777537101492,1777537101528,202,35.656
2287,exp-perf5000-002287-e02aa93f,1777537101493,1777537101529,202,36.213
2288,exp-perf5000-002288-14c59635,1777537101493,1777537101529,202,36.540
2289,exp-perf5000-002289-95b6e122,1777537101495,1777537101530,202,34.630
2290,exp-perf5000-002290-c5c16cf3,1777537101495,1777537101529,202,33.793
2291,exp-perf5000-002291-91a38909,1777537101496,1777537101530,202,34.574
2292,exp-perf5000-002292-992b745d,1777537101496,1777537101531,202,34.751
2293,exp-perf5000-002293-3dcdea98,1777537101497,1777537101530,202,32.764
2294,exp-perf5000-002294-d41e1ef4,1777537101498,1777537101531,202,33.306
2295,exp-perf5000-002295-3d5eef80,1777537101498,1777537101532,202,34.448
2296,exp-perf5000-002296-8c356b0b,1777537101498,1777537101532,202,33.859
2297,exp-perf5000-002297-2cfb3b0f,1777537101498,1777537101533,202,35.144
2298,exp-perf5000-002298-e565743f,1777537101498,1777537101533,202,35.211
2299,exp-perf5000-002299-992d1ccc,1777537101498,1777537101533,202,34.595
2300,exp-perf5000-002300-005f5158,1777537101499,1777537101534,202,35.418
2301,exp-perf5000-002301-0a5596e3,1777537101499,1777537101533,202,34.095
2302,exp-perf5000-002302-d557d292,1777537101499,1777537101535,202,35.141
2303,exp-perf5000-002303-7f180c51,1777537101500,1777537101534,202,34.655
2304,exp-perf5000-002304-73c9491e,1777537101500,1777537101535,202,35.256
2305,exp-perf5000-002305-83687b5b,1777537101501,1777537101535,202,34.199
2306,exp-perf5000-002306-69413aaa,1777537101501,1777537101540,202,39.610
2307,exp-perf5000-002307-2c178ea4,1777537101501,1777537101535,202,34.283
2308,exp-perf5000-002308-1b2eeb34,1777537101501,1777537101540,202,38.943
2309,exp-perf5000-002309-c28881b2,1777537101502,1777537101536,202,34.494
2310,exp-perf5000-002310-67d563ed,1777537101502,1777537101540,202,38.375
2311,exp-perf5000-002311-ec086f5b,1777537101502,1777537101537,202,34.540
2312,exp-perf5000-002312-144d1534,1777537101503,1777537101540,202,37.676
2313,exp-perf5000-002313-7a28db78,1777537101503,1777537101538,202,34.522
2314,exp-perf5000-002314-b4ae8ff5,1777537101503,1777537101540,202,36.915
2315,exp-perf5000-002315-64a8de08,1777537101504,1777537101539,202,34.792
2316,exp-perf5000-002316-91e10ef1,1777537101504,1777537101541,202,36.892
2317,exp-perf5000-002317-6ad5b2ae,1777537101504,1777537101539,202,34.774
2318,exp-perf5000-002318-31597842,1777537101505,1777537101541,202,36.451
2319,exp-perf5000-002319-1ce052ce,1777537101505,1777537101540,202,34.621
2320,exp-perf5000-002320-8eacb8a4,1777537101506,1777537101542,202,36.303
2321,exp-perf5000-002321-abdc6277,1777537101506,1777537101541,202,35.461
2322,exp-perf5000-002322-931a4dfb,1777537101506,1777537101544,202,37.245
2323,exp-perf5000-002323-001d509b,1777537101507,1777537101542,202,35.182
2324,exp-perf5000-002324-47b9b554,1777537101507,1777537101544,202,37.260
2325,exp-perf5000-002325-8b688917,1777537101507,1777537101542,202,35.055
2326,exp-perf5000-002326-fcdf94a8,1777537101508,1777537101545,202,37.224
2327,exp-perf5000-002327-5af41e24,1777537101508,1777537101543,202,34.846
2328,exp-perf5000-002328-edfb6f11,1777537101508,1777537101546,202,37.189
2329,exp-perf5000-002329-f4ace80a,1777537101509,1777537101544,202,34.814
2330,exp-perf5000-002330-098d31cd,1777537101509,1777537101546,202,37.165
2331,exp-perf5000-002331-150060c2,1777537101509,1777537101544,202,34.809
2332,exp-perf5000-002332-dc73d4f9,1777537101510,1777537101547,202,37.061
2333,exp-perf5000-002333-e55d8beb,1777537101510,1777537101545,202,34.531
2334,exp-perf5000-002334-5dfa25cc,1777537101511,1777537101548,202,37.195
2335,exp-perf5000-002335-ecbfad15,1777537101511,1777537101545,202,34.483
2336,exp-perf5000-002336-41cae737,1777537101511,1777537101548,202,37.001
2337,exp-perf5000-002337-c324445d,1777537101512,1777537101546,202,34.473
2338,exp-perf5000-002338-49a469b3,1777537101512,1777537101549,202,36.887
2339,exp-perf5000-002339-31674e38,1777537101512,1777537101547,202,34.456
2340,exp-perf5000-002340-a930f16f,1777537101513,1777537101550,202,36.811
2341,exp-perf5000-002341-0010425e,1777537101513,1777537101547,202,34.378
2342,exp-perf5000-002342-8d75c816,1777537101514,1777537101548,202,34.431
2343,exp-perf5000-002343-9e0fe2e8,1777537101514,1777537101550,202,36.818
2344,exp-perf5000-002344-35787a4d,1777537101514,1777537101549,202,34.402
2345,exp-perf5000-002345-175f36f3,1777537101514,1777537101551,202,36.966
2346,exp-perf5000-002346-90b045d8,1777537101515,1777537101552,202,36.852
2347,exp-perf5000-002347-56cd4f68,1777537101515,1777537101549,202,34.338
2348,exp-perf5000-002348-771b5a86,1777537101516,1777537101550,202,34.447
2349,exp-perf5000-002349-241ec5cf,1777537101516,1777537101553,202,37.044
2350,exp-perf5000-002350-3f0aea42,1777537101516,1777537101553,202,37.135
2351,exp-perf5000-002351-34801dfa,1777537101516,1777537101551,202,34.475
2352,exp-perf5000-002352-3d8d0d12,1777537101517,1777537101551,202,34.531
2353,exp-perf5000-002353-6dc95aca,1777537101517,1777537101554,202,37.011
2354,exp-perf5000-002354-2aa67e32,1777537101518,1777537101552,202,34.641
2355,exp-perf5000-002355-4124f9e8,1777537101518,1777537101555,202,37.231
2356,exp-perf5000-002356-d92e1683,1777537101518,1777537101556,202,37.212
2357,exp-perf5000-002357-8ce05594,1777537101519,1777537101553,202,34.483
2358,exp-perf5000-002358-c645e0e7,1777537101519,1777537101554,202,34.689
2359,exp-perf5000-002359-d7014a49,1777537101519,1777537101556,202,37.130
2360,exp-perf5000-002360-2f4e2b9a,1777537101520,1777537101557,202,37.356
2361,exp-perf5000-002361-aa1de3b6,1777537101520,1777537101554,202,34.442
2362,exp-perf5000-002362-b5276829,1777537101520,1777537101555,202,34.647
2363,exp-perf5000-002363-a1c5905c,1777537101521,1777537101558,202,37.016
2364,exp-perf5000-002364-3c4addae,1777537101521,1777537101556,202,34.586
2365,exp-perf5000-002365-81452de9,1777537101521,1777537101558,202,36.863
2366,exp-perf5000-002366-e8678429,1777537101522,1777537101556,202,34.624
2367,exp-perf5000-002367-9a14af28,1777537101522,1777537101559,202,36.951
2368,exp-perf5000-002368-93dc858d,1777537101523,1777537101557,202,34.654
2369,exp-perf5000-002369-b30e1319,1777537101523,1777537101560,202,36.978
2370,exp-perf5000-002370-ca40c88c,1777537101523,1777537101558,202,34.808
2371,exp-perf5000-002371-067151fe,1777537101523,1777537101560,202,36.912
2372,exp-perf5000-002372-27c7b48c,1777537101524,1777537101559,202,34.771
2373,exp-perf5000-002373-55792662,1777537101524,1777537101561,202,37.100
2374,exp-perf5000-002374-32b0f2d6,1777537101524,1777537101559,202,34.790
2375,exp-perf5000-002375-2501cfdc,1777537101525,1777537101562,202,37.092
2376,exp-perf5000-002376-dc3f3120,1777537101525,1777537101560,202,34.835
2377,exp-perf5000-002377-8318a489,1777537101525,1777537101562,202,37.063
2378,exp-perf5000-002378-71c77216,1777537101526,1777537101561,202,34.810
2379,exp-perf5000-002379-19e9a608,1777537101526,1777537101563,202,36.871
2380,exp-perf5000-002380-dda1d239,1777537101526,1777537101561,202,34.905
2381,exp-perf5000-002381-f4a65829,1777537101527,1777537101564,202,36.805
2382,exp-perf5000-002382-7a97d08a,1777537101527,1777537101562,202,35.237
2383,exp-perf5000-002383-c99d3daa,1777537101528,1777537101564,202,36.748
2384,exp-perf5000-002384-7e37a51f,1777537101528,1777537101563,202,35.132
2385,exp-perf5000-002385-5add1730,1777537101528,1777537101565,202,36.666
2386,exp-perf5000-002386-9fc15273,1777537101529,1777537101564,202,35.233
2387,exp-perf5000-002387-bb4c57d7,1777537101529,1777537101564,202,34.500
2388,exp-perf5000-002388-85cfa19f,1777537101529,1777537101565,202,36.298
2389,exp-perf5000-002389-da8f3e62,1777537101529,1777537101566,202,36.817
2390,exp-perf5000-002390-70734fb5,1777537101530,1777537101565,202,35.394
2391,exp-perf5000-002391-6ed84d5d,1777537101530,1777537101567,202,36.629
2392,exp-perf5000-002392-d40bdb30,1777537101530,1777537101566,202,35.166
2393,exp-perf5000-002393-3639ae90,1777537101531,1777537101567,202,36.597
2394,exp-perf5000-002394-79622e2e,1777537101531,1777537101566,202,34.999
2395,exp-perf5000-002395-304b73c4,1777537101532,1777537101568,202,36.274
2396,exp-perf5000-002396-7f949260,1777537101532,1777537101567,202,34.708
2397,exp-perf5000-002397-cbfa45e6,1777537101533,1777537101567,202,34.693
2398,exp-perf5000-002398-bb862e40,1777537101533,1777537101569,202,35.529
2399,exp-perf5000-002399-38652ec0,1777537101533,1777537101569,202,36.009
2400,exp-perf5000-002400-6456ada4,1777537101533,1777537101568,202,34.693
2401,exp-perf5000-002401-8f2dfc59,1777537101534,1777537101570,202,35.846
2402,exp-perf5000-002402-c2b7daa4,1777537101534,1777537101569,202,34.427
2403,exp-perf5000-002403-0ec8370a,1777537101535,1777537101571,202,36.018
2404,exp-perf5000-002404-b5761d65,1777537101535,1777537101569,202,34.612
2405,exp-perf5000-002405-5b73becc,1777537101535,1777537101571,202,36.035
2406,exp-perf5000-002406-463e004b,1777537101535,1777537101570,202,34.610
2407,exp-perf5000-002407-9561e59a,1777537101536,1777537101571,202,34.494
2408,exp-perf5000-002408-893e5079,1777537101537,1777537101571,202,34.350
2409,exp-perf5000-002409-b22f48e0,1777537101538,1777537101572,202,34.444
2410,exp-perf5000-002410-12b9457b,1777537101539,1777537101573,202,33.926
2411,exp-perf5000-002411-a3f8696e,1777537101539,1777537101573,202,34.030
2412,exp-perf5000-002412-afa1c0dc,1777537101540,1777537101574,202,34.102
2413,exp-perf5000-002413-114eb23a,1777537101540,1777537101572,202,31.387
2414,exp-perf5000-002414-da3648ac,1777537101541,1777537101573,202,31.958
2415,exp-perf5000-002415-23bc83a1,1777537101541,1777537101573,202,32.463
2416,exp-perf5000-002416-9e776eca,1777537101541,1777537101574,202,32.977
2417,exp-perf5000-002417-82270f2f,1777537101541,1777537101574,202,33.527
2418,exp-perf5000-002418-17bcc68d,1777537101541,1777537101575,202,34.165
2419,exp-perf5000-002419-82392ea2,1777537101541,1777537101575,202,33.107
2420,exp-perf5000-002420-46afae44,1777537101542,1777537101576,202,34.450
2421,exp-perf5000-002421-7f78a56e,1777537101542,1777537101575,202,33.452
2422,exp-perf5000-002422-f278f4ef,1777537101542,1777537101577,202,34.981
2423,exp-perf5000-002423-cd89020c,1777537101542,1777537101576,202,33.827
2424,exp-perf5000-002424-be6de137,1777537101543,1777537101577,202,34.484
2425,exp-perf5000-002425-ba7c80fc,1777537101544,1777537101579,202,34.993
2426,exp-perf5000-002426-e5589534,1777537101544,1777537101578,202,33.830
2427,exp-perf5000-002427-a15fffc2,1777537101544,1777537101579,202,34.751
2428,exp-perf5000-002428-1ce39d30,1777537101544,1777537101579,202,34.623
2429,exp-perf5000-002429-77bd9848,1777537101545,1777537101579,202,34.374
2430,exp-perf5000-002430-ae5ae525,1777537101545,1777537101579,202,34.251
2431,exp-perf5000-002431-ca07dc40,1777537101545,1777537101580,202,34.144
2432,exp-perf5000-002432-cfa28f28,1777537101546,1777537101580,202,34.030
2433,exp-perf5000-002433-91efb501,1777537101546,1777537101580,202,34.231
2434,exp-perf5000-002434-d1f52c94,1777537101546,1777537101580,202,33.928
2435,exp-perf5000-002435-d6fb5372,1777537101547,1777537101581,202,34.253
2436,exp-perf5000-002436-a9909882,1777537101547,1777537101581,202,33.916
2437,exp-perf5000-002437-4db0e114,1777537101547,1777537101582,202,34.474
2438,exp-perf5000-002438-8e3daace,1777537101548,1777537101582,202,33.886
2439,exp-perf5000-002439-e460ebf5,1777537101548,1777537101583,202,34.554
2440,exp-perf5000-002440-47fdbed3,1777537101548,1777537101583,202,34.721
2441,exp-perf5000-002441-bf7883ae,1777537101549,1777537101583,202,34.586
2442,exp-perf5000-002442-eef96e65,1777537101549,1777537101583,202,34.381
2443,exp-perf5000-002443-9f028cde,1777537101549,1777537101584,202,34.514
2444,exp-perf5000-002444-db022f62,1777537101550,1777537101584,202,34.501
2445,exp-perf5000-002445-30bde6f8,1777537101550,1777537101585,202,34.471
2446,exp-perf5000-002446-a0f5f6da,1777537101551,1777537101585,202,34.287
2447,exp-perf5000-002447-b83f8576,1777537101551,1777537101585,202,34.398
2448,exp-perf5000-002448-f9b97077,1777537101551,1777537101586,202,34.155
2449,exp-perf5000-002449-af81f2c3,1777537101551,1777537101586,202,34.321
2450,exp-perf5000-002450-70862da3,1777537101552,1777537101586,202,34.438
2451,exp-perf5000-002451-7a37d5af,1777537101552,1777537101587,202,34.511
2452,exp-perf5000-002452-2f99da2b,1777537101553,1777537101587,202,34.236
2453,exp-perf5000-002453-ad92d74f,1777537101553,1777537101587,202,34.143
2454,exp-perf5000-002454-9e86212f,1777537101553,1777537101588,202,34.179
2455,exp-perf5000-002455-958d3eea,1777537101554,1777537101588,202,34.381
2456,exp-perf5000-002456-ec484314,1777537101554,1777537101588,202,34.156
2457,exp-perf5000-002457-1f10db5d,1777537101554,1777537101589,202,34.138
2458,exp-perf5000-002458-0dc3847e,1777537101555,1777537101589,202,34.082
2459,exp-perf5000-002459-1b80ca98,1777537101555,1777537101589,202,34.150
2460,exp-perf5000-002460-47830cca,1777537101556,1777537101590,202,34.032
2461,exp-perf5000-002461-74e139b7,1777537101556,1777537101590,202,34.100
2462,exp-perf5000-002462-074c86bd,1777537101556,1777537101590,202,34.084
2463,exp-perf5000-002463-81ab1cc5,1777537101556,1777537101591,202,34.098
2464,exp-perf5000-002464-81666648,1777537101557,1777537101591,202,34.239
2465,exp-perf5000-002465-9f5bf360,1777537101557,1777537101591,202,33.934
2466,exp-perf5000-002466-83ab3fa9,1777537101558,1777537101592,202,34.333
2467,exp-perf5000-002467-bd473393,1777537101558,1777537101592,202,33.895
2468,exp-perf5000-002468-98a01ee0,1777537101558,1777537101593,202,34.224
2469,exp-perf5000-002469-646b4c61,1777537101559,1777537101592,202,33.822
2470,exp-perf5000-002470-9dd32436,1777537101559,1777537101593,202,34.208
2471,exp-perf5000-002471-98e317a9,1777537101559,1777537101593,202,33.733
2472,exp-perf5000-002472-2aae1acf,1777537101560,1777537101594,202,34.250
2473,exp-perf5000-002473-3ac2ca24,1777537101560,1777537101594,202,33.779
2474,exp-perf5000-002474-0a155c79,1777537101560,1777537101595,202,34.386
2475,exp-perf5000-002475-e347971f,1777537101561,1777537101594,202,33.913
2476,exp-perf5000-002476-a418ce9d,1777537101561,1777537101595,202,34.322
2477,exp-perf5000-002477-b5c89c8b,1777537101561,1777537101595,202,33.843
2478,exp-perf5000-002478-09a41368,1777537101562,1777537101596,202,34.283
2479,exp-perf5000-002479-290d99e7,1777537101562,1777537101596,202,33.501
2480,exp-perf5000-002480-8f49e5f4,1777537101563,1777537101597,202,34.181
2481,exp-perf5000-002481-4cb03a3e,1777537101563,1777537101597,202,34.477
2482,exp-perf5000-002482-2c089f10,1777537101563,1777537101596,202,33.371
2483,exp-perf5000-002483-56d670df,1777537101564,1777537101597,202,33.528
2484,exp-perf5000-002484-b6b11f14,1777537101564,1777537101598,202,34.396
2485,exp-perf5000-002485-c5bb2e28,1777537101564,1777537101598,202,33.449
2486,exp-perf5000-002486-3a889590,1777537101564,1777537101599,202,34.334
2487,exp-perf5000-002487-6bac01cc,1777537101565,1777537101600,202,34.545
2488,exp-perf5000-002488-ac6269ef,1777537101565,1777537101598,202,33.241
2489,exp-perf5000-002489-c9350ec3,1777537101566,1777537101600,202,34.660
2490,exp-perf5000-002490-2392df64,1777537101566,1777537101599,202,33.799
2491,exp-perf5000-002491-4df9c5d2,1777537101566,1777537101600,202,33.680
2492,exp-perf5000-002492-9ee29995,1777537101566,1777537101601,202,34.737
2493,exp-perf5000-002493-68f0c1fc,1777537101567,1777537101602,202,34.925
2494,exp-perf5000-002494-7c191fa4,1777537101567,1777537101601,202,33.763
2495,exp-perf5000-002495-9ea98bc9,1777537101568,1777537101602,202,34.818
2496,exp-perf5000-002496-6ce912d9,1777537101568,1777537101601,202,33.893
2497,exp-perf5000-002497-ad98dfd0,1777537101568,1777537101603,202,34.931
2498,exp-perf5000-002498-8de4b053,1777537101568,1777537101602,202,33.960
2499,exp-perf5000-002499-328d7a4c,1777537101569,1777537101603,202,34.188
2500,exp-perf5000-002500-fd5f1153,1777537101569,1777537101604,202,34.952
2501,exp-perf5000-002501-eef81f53,1777537101569,1777537101603,202,34.073
2502,exp-perf5000-002502-c1a38da7,1777537101569,1777537101604,202,34.948
2503,exp-perf5000-002503-531ad0f2,1777537101570,1777537101605,202,35.065
2504,exp-perf5000-002504-43692050,1777537101570,1777537101604,202,34.057
2505,exp-perf5000-002505-03e60c88,1777537101571,1777537101606,202,35.159
2506,exp-perf5000-002506-c5f733ed,1777537101571,1777537101605,202,34.064
2507,exp-perf5000-002507-b971059e,1777537101571,1777537101606,202,34.316
2508,exp-perf5000-002508-f6a90f01,1777537101571,1777537101606,202,35.082
2509,exp-perf5000-002509-cb368e59,1777537101572,1777537101607,202,35.323
2510,exp-perf5000-002510-da2b661a,1777537101572,1777537101606,202,34.197
2511,exp-perf5000-002511-6362ce37,1777537101573,1777537101608,202,35.260
2512,exp-perf5000-002512-e1d13ab6,1777537101573,1777537101607,202,34.305
2513,exp-perf5000-002513-cca95fbb,1777537101573,1777537101609,202,35.521
2514,exp-perf5000-002514-3820d221,1777537101573,1777537101608,202,34.293
2515,exp-perf5000-002515-4952d42a,1777537101574,1777537101609,202,35.670
2516,exp-perf5000-002516-c682c8d7,1777537101574,1777537101608,202,34.370
2517,exp-perf5000-002517-e300f7fe,1777537101574,1777537101610,202,35.935
2518,exp-perf5000-002518-fb265a55,1777537101575,1777537101609,202,34.503
2519,exp-perf5000-002519-8959f40a,1777537101575,1777537101610,202,34.627
2520,exp-perf5000-002520-dd204e32,1777537101576,1777537101611,202,35.111
2521,exp-perf5000-002521-9b04a9d7,1777537101576,1777537101611,202,35.258
2522,exp-perf5000-002522-c470a739,1777537101576,1777537101610,202,34.248
2523,exp-perf5000-002523-8a748761,1777537101577,1777537101612,202,34.917
2524,exp-perf5000-002524-830e0d72,1777537101577,1777537101611,202,33.558
2525,exp-perf5000-002525-5652517c,1777537101578,1777537101613,202,35.117
2526,exp-perf5000-002526-1dec1ce5,1777537101579,1777537101612,202,33.022
2527,exp-perf5000-002527-764e388b,1777537101579,1777537101612,202,33.113
2528,exp-perf5000-002528-ff06155e,1777537101579,1777537101614,202,34.295
2529,exp-perf5000-002529-2fac6f98,1777537101579,1777537101613,202,33.704
2530,exp-perf5000-002530-74a9466f,1777537101579,1777537101614,202,34.813
2531,exp-perf5000-002531-9f92883d,1777537101580,1777537101614,202,34.073
2532,exp-perf5000-002532-03b030e3,1777537101580,1777537101615,202,34.976
2533,exp-perf5000-002533-e685dd3c,1777537101580,1777537101616,202,35.460
2534,exp-perf5000-002534-64f8c9d3,1777537101581,1777537101614,202,33.887
2535,exp-perf5000-002535-b6f9b3a9,1777537101581,1777537101615,202,33.871
2536,exp-perf5000-002536-58e2895b,1777537101581,1777537101616,202,35.249
2537,exp-perf5000-002537-d575e5be,1777537101582,1777537101617,202,35.033
2538,exp-perf5000-002538-3b869c78,1777537101582,1777537101616,202,33.614
2539,exp-perf5000-002539-8650c4f6,1777537101583,1777537101616,202,33.479
2540,exp-perf5000-002540-52c60f8c,1777537101583,1777537101618,202,34.616
2541,exp-perf5000-002541-b5a50e4f,1777537101583,1777537101617,202,33.556
2542,exp-perf5000-002542-3d6159f8,1777537101584,1777537101619,202,35.161
2543,exp-perf5000-002543-ccf77aee,1777537101584,1777537101618,202,33.538
2544,exp-perf5000-002544-42f78cf7,1777537101584,1777537101619,202,35.151
2545,exp-perf5000-002545-74f0d491,1777537101585,1777537101618,202,33.811
2546,exp-perf5000-002546-82949330,1777537101585,1777537101620,202,35.387
2547,exp-perf5000-002547-ac5eb81e,1777537101585,1777537101619,202,33.923
2548,exp-perf5000-002548-860f6593,1777537101586,1777537101621,202,35.337
2549,exp-perf5000-002549-d041607a,1777537101586,1777537101620,202,34.066
2550,exp-perf5000-002550-e8e3b4f9,1777537101586,1777537101622,202,35.380
2551,exp-perf5000-002551-c9aaa668,1777537101587,1777537101621,202,34.126
2552,exp-perf5000-002552-f386cc7a,1777537101587,1777537101622,202,35.439
2553,exp-perf5000-002553-3aa9ea5c,1777537101587,1777537101621,202,34.030
2554,exp-perf5000-002554-1dfb89ab,1777537101588,1777537101623,202,35.476
2555,exp-perf5000-002555-a142e53e,1777537101588,1777537101622,202,33.923
2556,exp-perf5000-002556-8a82d987,1777537101588,1777537101624,202,35.451
2557,exp-perf5000-002557-8c56c5b4,1777537101589,1777537101623,202,34.045
2558,exp-perf5000-002558-9118425d,1777537101589,1777537101625,202,35.558
2559,exp-perf5000-002559-8138c759,1777537101589,1777537101623,202,34.050
2560,exp-perf5000-002560-17cfa690,1777537101590,1777537101625,202,35.522
2561,exp-perf5000-002561-a0f4d6e9,1777537101590,1777537101624,202,34.075
2562,exp-perf5000-002562-ddcf6a2e,1777537101590,1777537101626,202,35.248
2563,exp-perf5000-002563-d04f118c,1777537101591,1777537101624,202,33.792
2564,exp-perf5000-002564-dde6fafa,1777537101591,1777537101625,202,33.913
2565,exp-perf5000-002565-d302946d,1777537101591,1777537101626,202,35.056
2566,exp-perf5000-002566-0035b5bd,1777537101592,1777537101626,202,34.067
2567,exp-perf5000-002567-c15a70e1,1777537101592,1777537101627,202,35.010
2568,exp-perf5000-002568-be84094b,1777537101592,1777537101626,202,33.983
2569,exp-perf5000-002569-3e367e42,1777537101593,1777537101628,202,35.032
2570,exp-perf5000-002570-e3efb890,1777537101593,1777537101627,202,34.193
2571,exp-perf5000-002571-b6b6eea9,1777537101593,1777537101628,202,34.966
2572,exp-perf5000-002572-baecfc04,1777537101594,1777537101628,202,33.949
2573,exp-perf5000-002573-d5831a43,1777537101594,1777537101629,202,34.822
2574,exp-perf5000-002574-27a066d7,1777537101595,1777537101629,202,34.001
2575,exp-perf5000-002575-197b2bf2,1777537101595,1777537101630,202,34.841
2576,exp-perf5000-002576-73cb4773,1777537101595,1777537101629,202,33.747
2577,exp-perf5000-002577-8442ef9b,1777537101596,1777537101630,202,34.917
2578,exp-perf5000-002578-6da250d0,1777537101596,1777537101630,202,33.818
2579,exp-perf5000-002579-ad6ab519,1777537101596,1777537101632,202,35.557
2580,exp-perf5000-002580-17d3e105,1777537101596,1777537101630,202,33.767
2581,exp-perf5000-002581-da66b848,1777537101597,1777537101632,202,35.193
2582,exp-perf5000-002582-5a579808,1777537101597,1777537101631,202,33.798
2583,exp-perf5000-002583-b156159a,1777537101597,1777537101632,202,34.845
2584,exp-perf5000-002584-e01f9e03,1777537101598,1777537101632,202,33.905
2585,exp-perf5000-002585-815ed417,1777537101598,1777537101633,202,35.245
2586,exp-perf5000-002586-ba6d95e9,1777537101598,1777537101633,202,34.180
2587,exp-perf5000-002587-a8152586,1777537101599,1777537101634,202,34.905
2588,exp-perf5000-002588-22b61617,1777537101599,1777537101633,202,33.622
2589,exp-perf5000-002589-29350d63,1777537101600,1777537101634,202,34.775
2590,exp-perf5000-002590-2202a9d2,1777537101600,1777537101634,202,34.073
2591,exp-perf5000-002591-639eee95,1777537101600,1777537101636,202,35.366
2592,exp-perf5000-002592-93308ff9,1777537101601,1777537101635,202,33.748
2593,exp-perf5000-002593-88d70068,1777537101601,1777537101636,202,34.777
2594,exp-perf5000-002594-ea9de39d,1777537101602,1777537101635,202,33.673
2595,exp-perf5000-002595-403bbe65,1777537101602,1777537101637,202,34.779
2596,exp-perf5000-002596-15d5ca73,1777537101602,1777537101636,202,33.660
2597,exp-perf5000-002597-dfead776,1777537101602,1777537101637,202,34.556
2598,exp-perf5000-002598-8c0c1f14,1777537101603,1777537101636,202,33.516
2599,exp-perf5000-002599-cd33df95,1777537101603,1777537101638,202,34.519
2600,exp-perf5000-002600-94ccd97e,1777537101604,1777537101637,202,33.429
2601,exp-perf5000-002601-a49e769b,1777537101604,1777537101638,202,34.605
2602,exp-perf5000-002602-26e9106a,1777537101604,1777537101638,202,33.757
2603,exp-perf5000-002603-67a4b4ad,1777537101604,1777537101639,202,34.509
2604,exp-perf5000-002604-3dcb876a,1777537101605,1777537101641,202,36.053
2605,exp-perf5000-002605-b0215954,1777537101605,1777537101640,202,34.643
2606,exp-perf5000-002606-a0870ae5,1777537101606,1777537101641,202,35.274
2607,exp-perf5000-002607-30368d71,1777537101606,1777537101640,202,34.541
2608,exp-perf5000-002608-daa2a4bd,1777537101606,1777537101641,202,34.651
2609,exp-perf5000-002609-c2057f3c,1777537101607,1777537101642,202,35.305
2610,exp-perf5000-002610-61937a70,1777537101607,1777537101641,202,33.622
2611,exp-perf5000-002611-8599f70d,1777537101607,1777537101642,202,34.711
2612,exp-perf5000-002612-14918140,1777537101608,1777537101641,202,33.508
2613,exp-perf5000-002613-9630aecf,1777537101608,1777537101643,202,34.716
2614,exp-perf5000-002614-a351efa6,1777537101608,1777537101642,202,33.200
2615,exp-perf5000-002615-16b3d944,1777537101609,1777537101643,202,34.614
2616,exp-perf5000-002616-8149b19e,1777537101609,1777537101642,202,33.111
2617,exp-perf5000-002617-3783e64b,1777537101610,1777537101644,202,34.569
2618,exp-perf5000-002618-be6592b9,1777537101610,1777537101643,202,32.804
2619,exp-perf5000-002619-d6b9b2d7,1777537101611,1777537101645,202,34.270
2620,exp-perf5000-002620-57c869cf,1777537101611,1777537101644,202,32.994
2621,exp-perf5000-002621-b1f22ce6,1777537101611,1777537101645,202,34.635
2622,exp-perf5000-002622-442dd2d0,1777537101611,1777537101644,202,33.247
2623,exp-perf5000-002623-7d47a7e6,1777537101611,1777537101646,202,35.044
2624,exp-perf5000-002624-6a42d9f5,1777537101612,1777537101645,202,33.239
2625,exp-perf5000-002625-9d3a98d5,1777537101612,1777537101647,202,35.045
2626,exp-perf5000-002626-26fb1c0f,1777537101612,1777537101646,202,33.248
2627,exp-perf5000-002627-cc1124fe,1777537101613,1777537101648,202,34.983
2628,exp-perf5000-002628-7bb52c03,1777537101613,1777537101646,202,33.196
2629,exp-perf5000-002629-8b4b6257,1777537101614,1777537101648,202,34.921
2630,exp-perf5000-002630-a87f44b1,1777537101614,1777537101647,202,33.138
2631,exp-perf5000-002631-f9fe379e,1777537101614,1777537101649,202,34.995
2632,exp-perf5000-002632-38a22f9d,1777537101615,1777537101648,202,33.020
2633,exp-perf5000-002633-d5f27a63,1777537101615,1777537101650,202,35.063
2634,exp-perf5000-002634-46d51b71,1777537101615,1777537101648,202,33.214
2635,exp-perf5000-002635-849490f6,1777537101616,1777537101649,202,33.206
2636,exp-perf5000-002636-97bd95a6,1777537101616,1777537101651,202,34.617
2637,exp-perf5000-002637-47f49e9c,1777537101616,1777537101650,202,33.191
2638,exp-perf5000-002638-6234696c,1777537101616,1777537101651,202,34.869
2639,exp-perf5000-002639-13d78901,1777537101617,1777537101652,202,35.165
2640,exp-perf5000-002640-4dc9959d,1777537101617,1777537101650,202,33.229
2641,exp-perf5000-002641-042a9e3b,1777537101618,1777537101651,202,33.318
2642,exp-perf5000-002642-b814d6d6,1777537101618,1777537101653,202,34.914
2643,exp-perf5000-002643-236cb3bf,1777537101618,1777537101652,202,33.034
2644,exp-perf5000-002644-b7f34259,1777537101619,1777537101653,202,34.641
2645,exp-perf5000-002645-dfb14026,1777537101619,1777537101652,202,32.979
2646,exp-perf5000-002646-b2c46428,1777537101620,1777537101654,202,34.707
2647,exp-perf5000-002647-e70aec31,1777537101620,1777537101653,202,32.829
2648,exp-perf5000-002648-0d0f0a61,1777537101620,1777537101655,202,34.559
2649,exp-perf5000-002649-155ba366,1777537101621,1777537101655,202,34.416
2650,exp-perf5000-002650-03115625,1777537101621,1777537101654,202,32.392
2651,exp-perf5000-002651-117d43c9,1777537101621,1777537101655,202,33.113
2652,exp-perf5000-002652-fdbc35be,1777537101622,1777537101656,202,34.349
2653,exp-perf5000-002653-3946b94d,1777537101622,1777537101655,202,33.096
2654,exp-perf5000-002654-b27b8198,1777537101623,1777537101657,202,34.236
2655,exp-perf5000-002655-0983f25f,1777537101623,1777537101656,202,32.804
2656,exp-perf5000-002656-df4a5452,1777537101623,1777537101657,202,34.264
2657,exp-perf5000-002657-edeb40f2,1777537101623,1777537101656,202,32.620
2658,exp-perf5000-002658-895ca066,1777537101624,1777537101658,202,34.180
2659,exp-perf5000-002659-d77d8a29,1777537101624,1777537101657,202,32.507
2660,exp-perf5000-002660-1be21f76,1777537101625,1777537101657,202,32.799
2661,exp-perf5000-002661-49a1c87a,1777537101625,1777537101659,202,33.989
2662,exp-perf5000-002662-4c338d7a,1777537101625,1777537101658,202,32.771
2663,exp-perf5000-002663-6e31eaf5,1777537101625,1777537101659,202,34.072
2664,exp-perf5000-002664-7626c4a9,1777537101626,1777537101660,202,34.402
2665,exp-perf5000-002665-693f584c,1777537101626,1777537101659,202,32.565
2666,exp-perf5000-002666-068547a8,1777537101627,1777537101661,202,34.349
2667,exp-perf5000-002667-80b26692,1777537101627,1777537101659,202,32.599
2668,exp-perf5000-002668-35d5f5ec,1777537101627,1777537101662,202,34.396
2669,exp-perf5000-002669-4d7f592b,1777537101627,1777537101660,202,32.548
2670,exp-perf5000-002670-2f5f9d77,1777537101628,1777537101662,202,34.499
2671,exp-perf5000-002671-f0978dba,1777537101628,1777537101661,202,32.756
2672,exp-perf5000-002672-5fd51070,1777537101628,1777537101663,202,34.449
2673,exp-perf5000-002673-7957c05c,1777537101629,1777537101661,202,32.704
2674,exp-perf5000-002674-2465f2ba,1777537101629,1777537101664,202,34.617
2675,exp-perf5000-002675-1cecd23e,1777537101629,1777537101662,202,32.886
2676,exp-perf5000-002676-c0aa2623,1777537101630,1777537101664,202,34.658
2677,exp-perf5000-002677-6e9b3b93,1777537101630,1777537101663,202,32.690
2678,exp-perf5000-002678-101df0c6,1777537101630,1777537101663,202,33.092
2679,exp-perf5000-002679-3195162c,1777537101631,1777537101665,202,34.552
2680,exp-perf5000-002680-99eb2474,1777537101631,1777537101664,202,33.191
2681,exp-perf5000-002681-7460c12a,1777537101632,1777537101666,202,33.984
2682,exp-perf5000-002682-23f40a0d,1777537101632,1777537101665,202,33.078
2683,exp-perf5000-002683-ac56f83d,1777537101632,1777537101667,202,34.562
2684,exp-perf5000-002684-61e18b5e,1777537101632,1777537101667,202,34.921
2685,exp-perf5000-002685-7525b375,1777537101633,1777537101666,202,32.972
2686,exp-perf5000-002686-5f22a246,1777537101633,1777537101666,202,33.202
2687,exp-perf5000-002687-917f0086,1777537101633,1777537101668,202,34.639
2688,exp-perf5000-002688-5586568a,1777537101634,1777537101669,202,34.853
2689,exp-perf5000-002689-2ced2111,1777537101634,1777537101667,202,33.070
2690,exp-perf5000-002690-3f261d64,1777537101634,1777537101669,202,34.957
2691,exp-perf5000-002691-a704a820,1777537101635,1777537101668,202,33.285
2692,exp-perf5000-002692-2e35b8ad,1777537101635,1777537101669,202,33.323
2693,exp-perf5000-002693-605ee262,1777537101636,1777537101670,202,34.678
2694,exp-perf5000-002694-5e62a863,1777537101636,1777537101669,202,33.460
2695,exp-perf5000-002695-3d0c3664,1777537101636,1777537101671,202,34.969
2696,exp-perf5000-002696-6dc8ef0b,1777537101637,1777537101670,202,33.623
2697,exp-perf5000-002697-0312ad37,1777537101637,1777537101672,202,35.171
2698,exp-perf5000-002698-41a050cc,1777537101637,1777537101673,202,35.540
2699,exp-perf5000-002699-46f61688,1777537101637,1777537101671,202,33.761
2700,exp-perf5000-002700-0c280120,1777537101638,1777537101673,202,35.577
2701,exp-perf5000-002701-cf56df18,1777537101638,1777537101672,202,33.502
2702,exp-perf5000-002702-faa5058d,1777537101638,1777537101674,202,35.943
2703,exp-perf5000-002703-f3871ef9,1777537101639,1777537101676,202,36.986
2704,exp-perf5000-002704-c3cc3e00,1777537101640,1777537101677,202,36.949
2705,exp-perf5000-002705-8af4344f,1777537101640,1777537101678,202,37.333
2706,exp-perf5000-002706-ce3f2f1f,1777537101641,1777537101672,202,31.427
2707,exp-perf5000-002707-a02b222f,1777537101641,1777537101673,202,31.898
2708,exp-perf5000-002708-ff1013af,1777537101641,1777537101674,202,32.955
2709,exp-perf5000-002709-e5578ac0,1777537101641,1777537101675,202,33.626
2710,exp-perf5000-002710-6790eaf6,1777537101641,1777537101676,202,34.844
2711,exp-perf5000-002711-b0b197bb,1777537101642,1777537101677,202,35.641
2712,exp-perf5000-002712-50298e0f,1777537101642,1777537101679,202,36.848
2713,exp-perf5000-002713-b6e0b32d,1777537101642,1777537101680,202,37.662
2714,exp-perf5000-002714-058e8608,1777537101642,1777537101678,202,35.707
2715,exp-perf5000-002715-0b976f15,1777537101643,1777537101681,202,37.988
2716,exp-perf5000-002716-15764323,1777537101643,1777537101679,202,35.932
2717,exp-perf5000-002717-c04acc3d,1777537101643,1777537101682,202,38.182
2718,exp-perf5000-002718-1fdfa4b0,1777537101644,1777537101680,202,36.031
2719,exp-perf5000-002719-47e676b4,1777537101644,1777537101683,202,38.329
2720,exp-perf5000-002720-1d3315b4,1777537101644,1777537101681,202,36.334
2721,exp-perf5000-002721-c9f330ac,1777537101645,1777537101684,202,38.897
2722,exp-perf5000-002722-415358a1,1777537101645,1777537101682,202,36.617
2723,exp-perf5000-002723-1bdb97d1,1777537101645,1777537101684,202,38.942
2724,exp-perf5000-002724-a9767d3e,1777537101646,1777537101682,202,36.761
2725,exp-perf5000-002725-6690a8a4,1777537101646,1777537101684,202,37.230
2726,exp-perf5000-002726-edefc723,1777537101646,1777537101686,202,39.849
2727,exp-perf5000-002727-3a1af974,1777537101647,1777537101684,202,37.331
2728,exp-perf5000-002728-d7d52c0d,1777537101647,1777537101688,202,40.943
2729,exp-perf5000-002729-3f92eb96,1777537101648,1777537101686,202,37.999
2730,exp-perf5000-002730-47502c5e,1777537101648,1777537101688,202,40.334
2731,exp-perf5000-002731-c345c659,1777537101648,1777537101687,202,38.810
2732,exp-perf5000-002732-78727fd4,1777537101648,1777537101689,202,40.701
2733,exp-perf5000-002733-fc4ff7ce,1777537101649,1777537101688,202,39.170
2734,exp-perf5000-002734-12d12f1a,1777537101649,1777537101690,202,41.129
2735,exp-perf5000-002735-3ce2e0ca,1777537101650,1777537101689,202,39.592
2736,exp-perf5000-002736-0b8ef819,1777537101650,1777537101690,202,40.495
2737,exp-perf5000-002737-fa889f96,1777537101650,1777537101690,202,39.455
2738,exp-perf5000-002738-69a95be4,1777537101651,1777537101691,202,40.528
2739,exp-perf5000-002739-6d62e073,1777537101651,1777537101690,202,39.408
2740,exp-perf5000-002740-50bad4d5,1777537101651,1777537101692,202,40.315
2741,exp-perf5000-002741-5d55da29,1777537101652,1777537101691,202,39.443
2742,exp-perf5000-002742-cf657e2a,1777537101652,1777537101692,202,40.451
2743,exp-perf5000-002743-c7861077,1777537101652,1777537101691,202,39.201
2744,exp-perf5000-002744-9528898f,1777537101653,1777537101693,202,40.402
2745,exp-perf5000-002745-4920a3e4,1777537101653,1777537101692,202,39.398
2746,exp-perf5000-002746-389c1803,1777537101653,1777537101694,202,40.309
2747,exp-perf5000-002747-7c79198e,1777537101654,1777537101693,202,39.801
2748,exp-perf5000-002748-9a9e5ef0,1777537101654,1777537101695,202,40.301
2749,exp-perf5000-002749-fc3f0ee1,1777537101655,1777537101694,202,39.237
2750,exp-perf5000-002750-ca04abb6,1777537101655,1777537101695,202,40.220
2751,exp-perf5000-002751-c4e98e3f,1777537101655,1777537101695,202,39.346
2752,exp-perf5000-002752-a2989efd,1777537101655,1777537101696,202,40.757
2753,exp-perf5000-002753-d8ab7a0f,1777537101656,1777537101696,202,40.192
2754,exp-perf5000-002754-9e70e8ff,1777537101656,1777537101696,202,40.260
2755,exp-perf5000-002755-7d4df78c,1777537101656,1777537101697,202,40.776
2756,exp-perf5000-002756-e7614f8e,1777537101657,1777537101697,202,40.459
2757,exp-perf5000-002757-2d4fccee,1777537101657,1777537101698,202,40.718
2758,exp-perf5000-002758-95d9be55,1777537101657,1777537101698,202,40.380
2759,exp-perf5000-002759-aa05a04b,1777537101657,1777537101698,202,40.674
2760,exp-perf5000-002760-e61f6963,1777537101658,1777537101699,202,40.653
2761,exp-perf5000-002761-01ef0f74,1777537101658,1777537101699,202,40.759
2762,exp-perf5000-002762-373f7f18,1777537101659,1777537101699,202,40.546
2763,exp-perf5000-002763-56c479b6,1777537101659,1777537101700,202,40.789
2764,exp-perf5000-002764-a077f430,1777537101659,1777537101700,202,40.567
2765,exp-perf5000-002765-94f476ef,1777537101659,1777537101700,202,40.690
2766,exp-perf5000-002766-181134fe,1777537101660,1777537101700,202,40.610
2767,exp-perf5000-002767-a038bbe6,1777537101660,1777537101701,202,40.598
2768,exp-perf5000-002768-ae968d66,1777537101661,1777537101701,202,40.518
2769,exp-perf5000-002769-478f0ec8,1777537101661,1777537101701,202,40.571
2770,exp-perf5000-002770-a27feb27,1777537101661,1777537101702,202,40.569
2771,exp-perf5000-002771-d8e6be97,1777537101662,1777537101702,202,40.707
2772,exp-perf5000-002772-d43fc047,1777537101662,1777537101703,202,40.517
2773,exp-perf5000-002773-17286566,1777537101662,1777537101703,202,40.629
2774,exp-perf5000-002774-2f756e10,1777537101663,1777537101703,202,40.769
2775,exp-perf5000-002775-f5e0793f,1777537101663,1777537101703,202,40.584
2776,exp-perf5000-002776-4ac4f0d7,1777537101663,1777537101704,202,40.594
2777,exp-perf5000-002777-9432e258,1777537101664,1777537101704,202,40.685
2778,exp-perf5000-002778-dbbac8c8,1777537101664,1777537101705,202,40.520
2779,exp-perf5000-002779-210a01ba,1777537101664,1777537101705,202,40.470
2780,exp-perf5000-002780-c2774798,1777537101665,1777537101705,202,40.465
2781,exp-perf5000-002781-b6da859e,1777537101665,1777537101706,202,40.453
2782,exp-perf5000-002782-b16e46f1,1777537101666,1777537101706,202,40.600
2783,exp-perf5000-002783-66065dfe,1777537101666,1777537101706,202,40.365
2784,exp-perf5000-002784-1e6acbf6,1777537101666,1777537101707,202,40.522
2785,exp-perf5000-002785-65aaf4ef,1777537101667,1777537101707,202,40.222
2786,exp-perf5000-002786-dc36cd08,1777537101667,1777537101708,202,40.426
2787,exp-perf5000-002787-66f338e5,1777537101667,1777537101707,202,40.045
2788,exp-perf5000-002788-c28405dd,1777537101668,1777537101708,202,40.525
2789,exp-perf5000-002789-6c4d4448,1777537101668,1777537101708,202,40.045
2790,exp-perf5000-002790-10c2f803,1777537101669,1777537101709,202,40.509
2791,exp-perf5000-002791-98a6cdbb,1777537101669,1777537101709,202,40.053
2792,exp-perf5000-002792-5463455e,1777537101669,1777537101709,202,40.088
2793,exp-perf5000-002793-5e19ffa9,1777537101669,1777537101710,202,40.358
2794,exp-perf5000-002794-b65a8957,1777537101670,1777537101711,202,40.328
2795,exp-perf5000-002795-db8d8be5,1777537101670,1777537101710,202,39.755
2796,exp-perf5000-002796-de16bad0,1777537101671,1777537101711,202,40.349
2797,exp-perf5000-002797-6882fed1,1777537101671,1777537101711,202,39.686
2798,exp-perf5000-002798-1689990a,1777537101672,1777537101712,202,40.288
2799,exp-perf5000-002799-7d38dd1f,1777537101672,1777537101711,202,39.664
2800,exp-perf5000-002800-5ab84739,1777537101672,1777537101713,202,40.207
2801,exp-perf5000-002801-682499d3,1777537101673,1777537101712,202,39.601
2802,exp-perf5000-002802-8463754c,1777537101673,1777537101713,202,40.287
2803,exp-perf5000-002803-8d371122,1777537101673,1777537101713,202,39.425
2804,exp-perf5000-002804-ba877e9b,1777537101674,1777537101714,202,39.803
2805,exp-perf5000-002805-6ed6a919,1777537101674,1777537101713,202,38.962
2806,exp-perf5000-002806-69e11085,1777537101675,1777537101715,202,39.643
2807,exp-perf5000-002807-32f7c5d8,1777537101676,1777537101714,202,38.222
2808,exp-perf5000-002808-757b24fe,1777537101676,1777537101715,202,39.161
2809,exp-perf5000-002809-fbd3ff69,1777537101677,1777537101715,202,37.909
2810,exp-perf5000-002810-fd94c744,1777537101677,1777537101716,202,38.500
2811,exp-perf5000-002811-0b1c091a,1777537101678,1777537101715,202,37.618
2812,exp-perf5000-002812-a5e917d7,1777537101678,1777537101717,202,38.492
2813,exp-perf5000-002813-8e26d6f3,1777537101679,1777537101716,202,37.288
2814,exp-perf5000-002814-ed808379,1777537101679,1777537101717,202,38.204
2815,exp-perf5000-002815-3a547222,1777537101680,1777537101718,202,38.003
2816,exp-perf5000-002816-45f2d44a,1777537101680,1777537101717,202,36.853
2817,exp-perf5000-002817-b4484ea7,1777537101681,1777537101717,202,36.581
2818,exp-perf5000-002818-1a505b07,1777537101681,1777537101718,202,37.664
2819,exp-perf5000-002819-da8486bd,1777537101682,1777537101718,202,36.190
2820,exp-perf5000-002820-114e52a2,1777537101682,1777537101719,202,37.331
2821,exp-perf5000-002821-7a86f63f,1777537101682,1777537101720,202,37.297
2822,exp-perf5000-002822-498d503f,1777537101683,1777537101719,202,35.950
2823,exp-perf5000-002823-786bab2b,1777537101684,1777537101720,202,36.750
2824,exp-perf5000-002824-024cd4c7,1777537101684,1777537101719,202,35.393
2825,exp-perf5000-002825-8beed105,1777537101684,1777537101721,202,36.690
2826,exp-perf5000-002826-ce1e7a13,1777537101684,1777537101720,202,35.446
2827,exp-perf5000-002827-8b4b6ba7,1777537101686,1777537101722,202,35.812
2828,exp-perf5000-002828-bf3dedf2,1777537101686,1777537101721,202,34.145
2829,exp-perf5000-002829-2bdbcb58,1777537101687,1777537101722,202,35.071
2830,exp-perf5000-002830-62748334,1777537101688,1777537101723,202,34.627
2831,exp-perf5000-002831-639e136d,1777537101688,1777537101721,202,32.837
2832,exp-perf5000-002832-577b65ce,1777537101688,1777537101722,202,33.360
2833,exp-perf5000-002833-aec6fc82,1777537101689,1777537101724,202,34.247
2834,exp-perf5000-002834-3b21588e,1777537101689,1777537101722,202,32.949
2835,exp-perf5000-002835-d2fdc306,1777537101690,1777537101724,202,34.672
2836,exp-perf5000-002836-acb1b63d,1777537101690,1777537101725,202,34.448
2837,exp-perf5000-002837-9b985581,1777537101691,1777537101724,202,33.124
2838,exp-perf5000-002838-dbaa70e1,1777537101691,1777537101723,202,32.459
2839,exp-perf5000-002839-ab28f8e5,1777537101691,1777537101725,202,34.464
2840,exp-perf5000-002840-56bdc483,1777537101691,1777537101724,202,33.111
2841,exp-perf5000-002841-42838ba2,1777537101691,1777537101726,202,34.575
2842,exp-perf5000-002842-cbdf15c1,1777537101692,1777537101725,202,33.092
2843,exp-perf5000-002843-9289a0ce,1777537101692,1777537101727,202,34.562
2844,exp-perf5000-002844-3512f341,1777537101693,1777537101725,202,32.936
2845,exp-perf5000-002845-5e3c5b7e,1777537101693,1777537101726,202,32.897
2846,exp-perf5000-002846-bae87b8a,1777537101693,1777537101727,202,33.967
2847,exp-perf5000-002847-bab3c22d,1777537101694,1777537101727,202,32.883
2848,exp-perf5000-002848-ed78e784,1777537101694,1777537101728,202,34.075
2849,exp-perf5000-002849-cace83f8,1777537101695,1777537101729,202,34.064
2850,exp-perf5000-002850-dc4fd7bd,1777537101695,1777537101728,202,32.901
2851,exp-perf5000-002851-fdaf6b31,1777537101695,1777537101728,202,32.981
2852,exp-perf5000-002852-e3fb4086,1777537101696,1777537101729,202,33.545
2853,exp-perf5000-002853-543a3d75,1777537101696,1777537101729,202,32.774
2854,exp-perf5000-002854-9dbbed53,1777537101696,1777537101730,202,33.614
2855,exp-perf5000-002855-d0e9e1ee,1777537101697,1777537101730,202,32.816
2856,exp-perf5000-002856-b5824c4b,1777537101697,1777537101731,202,33.720
2857,exp-perf5000-002857-50f4e62b,1777537101698,1777537101731,202,33.026
2858,exp-perf5000-002858-50751a4d,1777537101698,1777537101732,202,33.804
2859,exp-perf5000-002859-66c28aad,1777537101698,1777537101731,202,33.198
2860,exp-perf5000-002860-4151b0a1,1777537101699,1777537101732,202,33.588
2861,exp-perf5000-002861-7e8e7dab,1777537101699,1777537101732,202,33.274
2862,exp-perf5000-002862-7e0589b7,1777537101699,1777537101733,202,33.784
2863,exp-perf5000-002863-8b2a5b73,1777537101700,1777537101733,202,33.297
2864,exp-perf5000-002864-20e0f40d,1777537101700,1777537101734,202,33.781
2865,exp-perf5000-002865-96779178,1777537101700,1777537101734,202,33.350
2866,exp-perf5000-002866-e4b349e6,1777537101701,1777537101734,202,33.835
2867,exp-perf5000-002867-c2f5da66,1777537101701,1777537101734,202,33.467
2868,exp-perf5000-002868-92595e6a,1777537101701,1777537101735,202,34.000
2869,exp-perf5000-002869-f31c9a22,1777537101701,1777537101735,202,33.529
2870,exp-perf5000-002870-6eecad5b,1777537101702,1777537101736,202,33.775
2871,exp-perf5000-002871-698fee74,1777537101702,1777537101736,202,33.512
2872,exp-perf5000-002872-74cbff26,1777537101703,1777537101737,202,33.947
2873,exp-perf5000-002873-40a44b8a,1777537101703,1777537101736,202,33.537
2874,exp-perf5000-002874-d707e1a5,1777537101703,1777537101737,202,33.789
2875,exp-perf5000-002875-aa4d6b0d,1777537101704,1777537101737,202,33.754
2876,exp-perf5000-002876-dd03aa95,1777537101704,1777537101738,202,33.915
2877,exp-perf5000-002877-695ad524,1777537101704,1777537101738,202,33.611
2878,exp-perf5000-002878-93988761,1777537101705,1777537101739,202,33.834
2879,exp-perf5000-002879-39469688,1777537101705,1777537101739,202,34.063
2880,exp-perf5000-002880-bd85480d,1777537101705,1777537101739,202,33.867
2881,exp-perf5000-002881-6351231a,1777537101706,1777537101740,202,34.220
2882,exp-perf5000-002882-f647758f,1777537101706,1777537101741,202,34.384
2883,exp-perf5000-002883-a1042682,1777537101706,1777537101740,202,33.834
2884,exp-perf5000-002884-b9ea7e47,1777537101707,1777537101741,202,34.316
2885,exp-perf5000-002885-323a3025,1777537101707,1777537101741,202,33.748
2886,exp-perf5000-002886-0931da9d,1777537101707,1777537101742,202,34.492
2887,exp-perf5000-002887-cbac7cf5,1777537101708,1777537101741,202,33.638
2888,exp-perf5000-002888-182a97a7,1777537101708,1777537101743,202,34.643
2889,exp-perf5000-002889-02f4e3df,1777537101708,1777537101742,202,33.649
2890,exp-perf5000-002890-d8c4f93a,1777537101709,1777537101744,202,34.699
2891,exp-perf5000-002891-60252d4c,1777537101709,1777537101743,202,33.503
2892,exp-perf5000-002892-a5b1f6d0,1777537101709,1777537101744,202,34.674
2893,exp-perf5000-002893-05a61ba0,1777537101710,1777537101743,202,33.366
2894,exp-perf5000-002894-852a1c4e,1777537101710,1777537101745,202,34.983
2895,exp-perf5000-002895-26103245,1777537101711,1777537101744,202,33.392
2896,exp-perf5000-002896-c647faa0,1777537101711,1777537101746,202,34.747
2897,exp-perf5000-002897-cfd71474,1777537101711,1777537101745,202,33.488
2898,exp-perf5000-002898-110a0400,1777537101711,1777537101746,202,34.649
2899,exp-perf5000-002899-66cb13a6,1777537101712,1777537101746,202,33.864
2900,exp-perf5000-002900-72ca2f18,1777537101712,1777537101747,202,34.705
2901,exp-perf5000-002901-d94a60c5,1777537101713,1777537101746,202,33.796
2902,exp-perf5000-002902-c2918455,1777537101713,1777537101748,202,34.868
2903,exp-perf5000-002903-53d1d49f,1777537101713,1777537101747,202,33.794
2904,exp-perf5000-002904-41e88ba4,1777537101713,1777537101748,202,34.956
2905,exp-perf5000-002905-226db948,1777537101714,1777537101748,202,33.965
2906,exp-perf5000-002906-a99958f5,1777537101714,1777537101749,202,34.930
2907,exp-perf5000-002907-4f8b0012,1777537101715,1777537101748,202,33.681
2908,exp-perf5000-002908-a1d76f9f,1777537101715,1777537101750,202,35.055
2909,exp-perf5000-002909-a8d29c34,1777537101715,1777537101749,202,33.548
2910,exp-perf5000-002910-5fd2046f,1777537101715,1777537101750,202,34.948
2911,exp-perf5000-002911-fcc41464,1777537101716,1777537101750,202,33.588
2912,exp-perf5000-002912-f5dd896b,1777537101716,1777537101751,202,34.959
2913,exp-perf5000-002913-5d8a3a80,1777537101717,1777537101750,202,33.591
2914,exp-perf5000-002914-779a0ea9,1777537101717,1777537101752,202,35.072
2915,exp-perf5000-002915-490134a1,1777537101717,1777537101751,202,33.601
2916,exp-perf5000-002916-d5ac53a6,1777537101717,1777537101752,202,35.032
2917,exp-perf5000-002917-29879fd1,1777537101718,1777537101751,202,33.602
2918,exp-perf5000-002918-87d17ba4,1777537101718,1777537101753,202,35.158
2919,exp-perf5000-002919-2cfa6add,1777537101718,1777537101752,202,33.589
2920,exp-perf5000-002920-68144aa3,1777537101719,1777537101754,202,35.194
2921,exp-perf5000-002921-340f7f76,1777537101719,1777537101753,202,33.665
2922,exp-perf5000-002922-f00f7194,1777537101719,1777537101754,202,35.158
2923,exp-perf5000-002923-06e7cf3e,1777537101720,1777537101753,202,33.685
2924,exp-perf5000-002924-40d85a63,1777537101720,1777537101755,202,35.254
2925,exp-perf5000-002925-0c3983d0,1777537101720,1777537101754,202,33.725
2926,exp-perf5000-002926-00da4566,1777537101721,1777537101756,202,35.312
2927,exp-perf5000-002927-d4b32418,1777537101721,1777537101755,202,33.641
2928,exp-perf5000-002928-0c63e48e,1777537101721,1777537101757,202,35.343
2929,exp-perf5000-002929-dbbca3d5,1777537101722,1777537101755,202,33.789
2930,exp-perf5000-002930-f7cafc04,1777537101722,1777537101757,202,35.457
2931,exp-perf5000-002931-daccfc77,1777537101722,1777537101756,202,33.859
2932,exp-perf5000-002932-ca001ada,1777537101722,1777537101758,202,35.549
2933,exp-perf5000-002933-96b3ba54,1777537101723,1777537101757,202,33.900
2934,exp-perf5000-002934-23e57bf0,1777537101723,1777537101759,202,35.523
2935,exp-perf5000-002935-f8dc5d6d,1777537101724,1777537101758,202,34.034
2936,exp-perf5000-002936-957bfd25,1777537101724,1777537101759,202,35.590
2937,exp-perf5000-002937-4b0a87c6,1777537101724,1777537101760,202,35.593
2938,exp-perf5000-002938-d3786eab,1777537101724,1777537101758,202,33.952
2939,exp-perf5000-002939-a3706a23,1777537101725,1777537101761,202,35.780
2940,exp-perf5000-002940-246b46f7,1777537101725,1777537101759,202,34.188
2941,exp-perf5000-002941-071aa54d,1777537101725,1777537101761,202,35.739
2942,exp-perf5000-002942-f3bf780f,1777537101726,1777537101760,202,34.178
2943,exp-perf5000-002943-69d3f71f,1777537101726,1777537101760,202,34.368
2944,exp-perf5000-002944-228aad0e,1777537101726,1777537101762,202,35.584
2945,exp-perf5000-002945-13fbbff9,1777537101727,1777537101762,202,35.705
2946,exp-perf5000-002946-e16f9ba6,1777537101727,1777537101761,202,34.205
2947,exp-perf5000-002947-754fd91d,1777537101727,1777537101762,202,34.441
2948,exp-perf5000-002948-d491327b,1777537101728,1777537101763,202,35.545
2949,exp-perf5000-002949-bc00714b,1777537101728,1777537101762,202,34.438
2950,exp-perf5000-002950-f12c0056,1777537101728,1777537101764,202,35.318
2951,exp-perf5000-002951-fbf8cb01,1777537101729,1777537101763,202,34.436
2952,exp-perf5000-002952-3ea77464,1777537101729,1777537101764,202,35.397
2953,exp-perf5000-002953-7579f409,1777537101729,1777537101764,202,34.401
2954,exp-perf5000-002954-d1a40039,1777537101730,1777537101765,202,35.084
2955,exp-perf5000-002955-2b714e2d,1777537101730,1777537101765,202,34.402
2956,exp-perf5000-002956-1e7c838f,1777537101731,1777537101766,202,34.989
2957,exp-perf5000-002957-2ed469bc,1777537101731,1777537101765,202,34.271
2958,exp-perf5000-002958-9af7a2bb,1777537101731,1777537101766,202,34.847
2959,exp-perf5000-002959-9649abb9,1777537101732,1777537101766,202,34.203
2960,exp-perf5000-002960-b5568928,1777537101732,1777537101767,202,34.719
2961,exp-perf5000-002961-ee951d29,1777537101732,1777537101767,202,34.321
2962,exp-perf5000-002962-b81d6040,1777537101733,1777537101768,202,34.677
2963,exp-perf5000-002963-bfef154d,1777537101733,1777537101767,202,34.256
2964,exp-perf5000-002964-cdc54e13,1777537101734,1777537101768,202,34.578
2965,exp-perf5000-002965-781fdd8d,1777537101734,1777537101768,202,34.188
2966,exp-perf5000-002966-1918ff54,1777537101734,1777537101769,202,34.448
2967,exp-perf5000-002967-53855ead,1777537101734,1777537101769,202,34.036
2968,exp-perf5000-002968-db28ea6e,1777537101735,1777537101769,202,34.383
2969,exp-perf5000-002969-13dd60b3,1777537101735,1777537101769,202,33.952
2970,exp-perf5000-002970-edcb1827,1777537101736,1777537101770,202,34.011
2971,exp-perf5000-002971-1c8c5bbc,1777537101736,1777537101770,202,34.207
2972,exp-perf5000-002972-a664719c,1777537101736,1777537101771,202,34.254
2973,exp-perf5000-002973-0de95ee6,1777537101737,1777537101770,202,33.918
2974,exp-perf5000-002974-f8102509,1777537101737,1777537101771,202,33.955
2975,exp-perf5000-002975-d160f3e7,1777537101737,1777537101771,202,34.018
2976,exp-perf5000-002976-7958f66a,1777537101738,1777537101772,202,34.197
2977,exp-perf5000-002977-e4e2ef2a,1777537101738,1777537101772,202,33.783
2978,exp-perf5000-002978-a00d96fd,1777537101739,1777537101772,202,33.740
2979,exp-perf5000-002979-accfae86,1777537101739,1777537101773,202,33.638
2980,exp-perf5000-002980-41388b5d,1777537101739,1777537101773,202,33.789
2981,exp-perf5000-002981-38b74db2,1777537101740,1777537101773,202,33.516
2982,exp-perf5000-002982-154b67a4,1777537101740,1777537101774,202,33.479
2983,exp-perf5000-002983-61ed3587,1777537101741,1777537101774,202,33.291
2984,exp-perf5000-002984-59ae950c,1777537101741,1777537101775,202,33.750
2985,exp-perf5000-002985-21ce4e93,1777537101741,1777537101774,202,33.297
2986,exp-perf5000-002986-14065422,1777537101741,1777537101775,202,33.821
2987,exp-perf5000-002987-f0536aa3,1777537101742,1777537101775,202,33.141
2988,exp-perf5000-002988-4163393e,1777537101742,1777537101776,202,33.731
2989,exp-perf5000-002989-5ffae995,1777537101743,1777537101777,202,34.064
2990,exp-perf5000-002990-ac0f31fa,1777537101743,1777537101776,202,33.143
2991,exp-perf5000-002991-fe563daf,1777537101743,1777537101778,202,34.524
2992,exp-perf5000-002992-cbca2fd0,1777537101744,1777537101777,202,33.468
2993,exp-perf5000-002993-cdf03813,1777537101744,1777537101779,202,34.597
2994,exp-perf5000-002994-16697b39,1777537101744,1777537101778,202,33.400
2995,exp-perf5000-002995-8150117c,1777537101745,1777537101779,202,34.562
2996,exp-perf5000-002996-989ee2fa,1777537101745,1777537101778,202,33.168
2997,exp-perf5000-002997-65926fc2,1777537101746,1777537101779,202,33.558
2998,exp-perf5000-002998-82cd3ba8,1777537101746,1777537101780,202,34.482
2999,exp-perf5000-002999-b0e3cb0d,1777537101746,1777537101780,202,33.636
3000,exp-perf5000-003000-0209129c,1777537101746,1777537101781,202,34.696
3001,exp-perf5000-003001-c9ea25c4,1777537101747,1777537101781,202,33.601
3002,exp-perf5000-003002-8bd37c92,1777537101747,1777537101782,202,34.725
3003,exp-perf5000-003003-4f8bc0e0,1777537101748,1777537101781,202,33.636
3004,exp-perf5000-003004-58178de5,1777537101748,1777537101783,202,34.799
3005,exp-perf5000-003005-7aef38ed,1777537101748,1777537101784,202,35.406
3006,exp-perf5000-003006-e717bb26,1777537101748,1777537101782,202,33.843
3007,exp-perf5000-003007-f3e02853,1777537101749,1777537101784,202,35.383
3008,exp-perf5000-003008-90fc750e,1777537101749,1777537101783,202,33.968
3009,exp-perf5000-003009-a7c619cd,1777537101750,1777537101785,202,35.563
3010,exp-perf5000-003010-78f6209e,1777537101750,1777537101784,202,34.075
3011,exp-perf5000-003011-bbfd8a0b,1777537101750,1777537101786,202,35.838
3012,exp-perf5000-003012-a74649ec,1777537101750,1777537101785,202,34.068
3013,exp-perf5000-003013-2594e931,1777537101751,1777537101787,202,35.713
3014,exp-perf5000-003014-2642ea02,1777537101751,1777537101785,202,34.164
3015,exp-perf5000-003015-a158febf,1777537101751,1777537101787,202,35.971
3016,exp-perf5000-003016-516cdad1,1777537101752,1777537101786,202,34.331
3017,exp-perf5000-003017-a80a1b17,1777537101752,1777537101788,202,36.069
3018,exp-perf5000-003018-a627d32f,1777537101752,1777537101787,202,34.333
3019,exp-perf5000-003019-df46f88e,1777537101753,1777537101789,202,35.961
3020,exp-perf5000-003020-fd06d87a,1777537101753,1777537101787,202,34.163
3021,exp-perf5000-003021-c7749028,1777537101753,1777537101789,202,35.987
3022,exp-perf5000-003022-1b0813fe,1777537101754,1777537101788,202,34.059
3023,exp-perf5000-003023-065be4d4,1777537101754,1777537101790,202,35.812
3024,exp-perf5000-003024-3062db23,1777537101755,1777537101789,202,34.405
3025,exp-perf5000-003025-b52f3a26,1777537101755,1777537101791,202,35.984
3026,exp-perf5000-003026-a40eb4e0,1777537101755,1777537101789,202,34.163
3027,exp-perf5000-003027-7de92136,1777537101755,1777537101792,202,36.192
3028,exp-perf5000-003028-f3c1c4e8,1777537101756,1777537101790,202,34.454
3029,exp-perf5000-003029-bbda7801,1777537101756,1777537101793,202,36.573
3030,exp-perf5000-003030-29872cc1,1777537101757,1777537101791,202,34.567
3031,exp-perf5000-003031-559f9d2d,1777537101757,1777537101794,202,37.003
3032,exp-perf5000-003032-a2077a57,1777537101757,1777537101792,202,34.913
3033,exp-perf5000-003033-536d56a5,1777537101758,1777537101795,202,37.336
3034,exp-perf5000-003034-7f9af250,1777537101758,1777537101793,202,34.968
3035,exp-perf5000-003035-4c719a76,1777537101758,1777537101796,202,37.579
3036,exp-perf5000-003036-863970f2,1777537101759,1777537101794,202,35.299
3037,exp-perf5000-003037-43f42a4a,1777537101759,1777537101797,202,38.094
3038,exp-perf5000-003038-90fd3119,1777537101759,1777537101795,202,35.621
3039,exp-perf5000-003039-bd1dc24c,1777537101760,1777537101798,202,38.148
3040,exp-perf5000-003040-f720d0fd,1777537101760,1777537101796,202,35.880
3041,exp-perf5000-003041-4e9db2f4,1777537101760,1777537101799,202,38.122
3042,exp-perf5000-003042-85276eaa,1777537101761,1777537101797,202,36.279
3043,exp-perf5000-003043-e80adaed,1777537101761,1777537101799,202,38.097
3044,exp-perf5000-003044-a2e632ec,1777537101761,1777537101798,202,36.506
3045,exp-perf5000-003045-79cb1212,1777537101762,1777537101798,202,36.510
3046,exp-perf5000-003046-bc625c10,1777537101762,1777537101800,202,38.002
3047,exp-perf5000-003047-7f01f32e,1777537101762,1777537101799,202,36.606
3048,exp-perf5000-003048-0b46d5db,1777537101763,1777537101801,202,38.173
3049,exp-perf5000-003049-30cdd056,1777537101763,1777537101801,202,38.165
3050,exp-perf5000-003050-946b9eba,1777537101763,1777537101800,202,36.489
3051,exp-perf5000-003051-9c057239,1777537101764,1777537101800,202,36.730
3052,exp-perf5000-003052-11ebd1c9,1777537101764,1777537101802,202,38.384
3053,exp-perf5000-003053-9408bb29,1777537101764,1777537101801,202,36.712
3054,exp-perf5000-003054-fbfad394,1777537101765,1777537101803,202,38.262
3055,exp-perf5000-003055-694519fe,1777537101765,1777537101802,202,36.865
3056,exp-perf5000-003056-7550befc,1777537101765,1777537101803,202,38.264
3057,exp-perf5000-003057-1f219dd3,1777537101766,1777537101803,202,36.973
3058,exp-perf5000-003058-d1e0f67c,1777537101766,1777537101804,202,38.261
3059,exp-perf5000-003059-e6793c39,1777537101766,1777537101803,202,36.898
3060,exp-perf5000-003060-be177a42,1777537101767,1777537101805,202,38.105
3061,exp-perf5000-003061-155a4434,1777537101767,1777537101804,202,36.844
3062,exp-perf5000-003062-852976b4,1777537101767,1777537101805,202,38.202
3063,exp-perf5000-003063-2e084d03,1777537101768,1777537101805,202,36.987
3064,exp-perf5000-003064-c79eb02b,1777537101768,1777537101806,202,38.043
3065,exp-perf5000-003065-0498a8bf,1777537101768,1777537101805,202,37.191
3066,exp-perf5000-003066-666d8925,1777537101769,1777537101807,202,38.110
3067,exp-perf5000-003067-9a8adaee,1777537101769,1777537101806,202,37.328
3068,exp-perf5000-003068-46bd00b8,1777537101769,1777537101807,202,38.154
3069,exp-perf5000-003069-4ab588cf,1777537101770,1777537101807,202,37.227
3070,exp-perf5000-003070-5f52cc2b,1777537101770,1777537101808,202,38.259
3071,exp-perf5000-003071-aff04534,1777537101770,1777537101807,202,37.308
3072,exp-perf5000-003072-5ff74002,1777537101771,1777537101809,202,38.153
3073,exp-perf5000-003073-babc047e,1777537101771,1777537101808,202,37.208
3074,exp-perf5000-003074-5af0ae84,1777537101771,1777537101809,202,38.111
3075,exp-perf5000-003075-c88f7a9c,1777537101771,1777537101809,202,37.344
3076,exp-perf5000-003076-f965696e,1777537101772,1777537101810,202,38.056
3077,exp-perf5000-003077-d8ca788c,1777537101772,1777537101809,202,37.152
3078,exp-perf5000-003078-35954a00,1777537101772,1777537101811,202,38.292
3079,exp-perf5000-003079-27d1ace7,1777537101773,1777537101810,202,37.386
3080,exp-perf5000-003080-7a6f88c3,1777537101773,1777537101811,202,38.038
3081,exp-perf5000-003081-14ecebdb,1777537101773,1777537101811,202,37.188
3082,exp-perf5000-003082-39ed8227,1777537101774,1777537101812,202,38.427
3083,exp-perf5000-003083-5acfc047,1777537101774,1777537101811,202,37.453
3084,exp-perf5000-003084-21863871,1777537101775,1777537101812,202,37.448
3085,exp-perf5000-003085-02a1afcb,1777537101775,1777537101813,202,38.128
3086,exp-perf5000-003086-06eebea5,1777537101775,1777537101813,202,37.464
3087,exp-perf5000-003087-66ee4867,1777537101775,1777537101813,202,38.113
3088,exp-perf5000-003088-a2ac52d9,1777537101776,1777537101814,202,38.129
3089,exp-perf5000-003089-1bac83ad,1777537101776,1777537101813,202,37.171
3090,exp-perf5000-003090-636ebde6,1777537101777,1777537101815,202,37.797
3091,exp-perf5000-003091-be821cec,1777537101777,1777537101814,202,36.732
3092,exp-perf5000-003092-161e5efa,1777537101778,1777537101814,202,36.801
3093,exp-perf5000-003093-cf1d3137,1777537101778,1777537101818,202,40.516
3094,exp-perf5000-003094-519ac1e5,1777537101778,1777537101818,202,39.937
3095,exp-perf5000-003095-2cf843a4,1777537101779,1777537101818,202,39.184
3096,exp-perf5000-003096-24a5cbc0,1777537101779,1777537101818,202,39.122
3097,exp-perf5000-003097-f0b29953,1777537101779,1777537101819,202,39.643
3098,exp-perf5000-003098-a3bc2355,1777537101780,1777537101819,202,39.255
3099,exp-perf5000-003099-cd6d1eff,1777537101780,1777537101820,202,39.411
3100,exp-perf5000-003100-84f9d40f,1777537101781,1777537101820,202,39.180
3101,exp-perf5000-003101-ded67948,1777537101781,1777537101821,202,39.305
3102,exp-perf5000-003102-f355a117,1777537101781,1777537101820,202,38.854
3103,exp-perf5000-003103-763bda89,1777537101782,1777537101821,202,39.430
3104,exp-perf5000-003104-04b7503a,1777537101782,1777537101821,202,38.735
3105,exp-perf5000-003105-620cd19b,1777537101783,1777537101823,202,40.039
3106,exp-perf5000-003106-20b8e248,1777537101783,1777537101822,202,38.626
3107,exp-perf5000-003107-00500f85,1777537101784,1777537101823,202,39.732
3108,exp-perf5000-003108-1134fd3e,1777537101784,1777537101823,202,39.056
3109,exp-perf5000-003109-fbe7ad1f,1777537101784,1777537101825,202,40.914
3110,exp-perf5000-003110-a4dc1a67,1777537101785,1777537101823,202,38.821
3111,exp-perf5000-003111-485f6561,1777537101785,1777537101826,202,40.875
3112,exp-perf5000-003112-2db77b41,1777537101785,1777537101825,202,39.446
3113,exp-perf5000-003113-80b5188f,1777537101786,1777537101828,202,41.705
3114,exp-perf5000-003114-8ef27c77,1777537101786,1777537101827,202,40.462
3115,exp-perf5000-003115-a9ae2cc3,1777537101787,1777537101828,202,41.260
3116,exp-perf5000-003116-5076b362,1777537101787,1777537101828,202,41.470
3117,exp-perf5000-003117-e80364c3,1777537101787,1777537101828,202,40.901
3118,exp-perf5000-003118-8921b37c,1777537101787,1777537101829,202,41.304
3119,exp-perf5000-003119-dde0ef20,1777537101788,1777537101829,202,40.932
3120,exp-perf5000-003120-f9e98289,1777537101788,1777537101829,202,40.567
3121,exp-perf5000-003121-a80bc82f,1777537101789,1777537101829,202,40.537
3122,exp-perf5000-003122-456ff7cc,1777537101789,1777537101830,202,40.788
3123,exp-perf5000-003123-c3810772,1777537101789,1777537101830,202,40.792
3124,exp-perf5000-003124-fde1b953,1777537101790,1777537101830,202,40.718
3125,exp-perf5000-003125-aeac905f,1777537101790,1777537101831,202,41.512
3126,exp-perf5000-003126-d29b6f1f,1777537101790,1777537101831,202,40.504
3127,exp-perf5000-003127-09b07813,1777537101791,1777537101833,202,41.753
3128,exp-perf5000-003128-c9a8b450,1777537101791,1777537101832,202,40.458
3129,exp-perf5000-003129-47450829,1777537101792,1777537101834,202,41.897
3130,exp-perf5000-003130-398e098a,1777537101792,1777537101833,202,40.778
3131,exp-perf5000-003131-93198995,1777537101793,1777537101836,202,42.925
3132,exp-perf5000-003132-0ac88f30,1777537101793,1777537101835,202,41.650
3133,exp-perf5000-003133-44e18be4,1777537101794,1777537101839,202,45.622
3134,exp-perf5000-003134-3943975b,1777537101794,1777537101839,202,44.870
3135,exp-perf5000-003135-695b21b0,1777537101795,1777537101840,202,45.531
3136,exp-perf5000-003136-bb181de8,1777537101795,1777537101841,202,45.819
3137,exp-perf5000-003137-2dfd9a0e,1777537101796,1777537101843,202,47.206
3138,exp-perf5000-003138-5a469886,1777537101796,1777537101845,202,48.488
3139,exp-perf5000-003139-2bd34e72,1777537101797,1777537101845,202,48.145
3140,exp-perf5000-003140-150c83b3,1777537101797,1777537101847,202,50.145
3141,exp-perf5000-003141-8ac1e684,1777537101798,1777537101847,202,49.284
3142,exp-perf5000-003142-e76a94d3,1777537101798,1777537101849,202,50.762
3143,exp-perf5000-003143-2620175f,1777537101798,1777537101850,202,51.281
3144,exp-perf5000-003144-3d3b8bd6,1777537101799,1777537101850,202,51.025
3145,exp-perf5000-003145-2e5a9be7,1777537101799,1777537101850,202,50.998
3146,exp-perf5000-003146-02bf5064,1777537101799,1777537101850,202,51.111
3147,exp-perf5000-003147-6da9d973,1777537101800,1777537101851,202,51.452
3148,exp-perf5000-003148-d6543270,1777537101800,1777537101851,202,50.921
3149,exp-perf5000-003149-b91bb89b,1777537101801,1777537101852,202,51.460
3150,exp-perf5000-003150-58c702c0,1777537101801,1777537101852,202,50.866
3151,exp-perf5000-003151-f02066a5,1777537101801,1777537101853,202,51.452
3152,exp-perf5000-003152-63996b89,1777537101801,1777537101852,202,50.932
3153,exp-perf5000-003153-38427f11,1777537101802,1777537101854,202,51.691
3154,exp-perf5000-003154-b52814d9,1777537101802,1777537101853,202,50.668
3155,exp-perf5000-003155-730479c3,1777537101803,1777537101855,202,52.129
3156,exp-perf5000-003156-ccf9f0e1,1777537101803,1777537101854,202,51.398
3157,exp-perf5000-003157-07b24ca2,1777537101803,1777537101856,202,52.396
3158,exp-perf5000-003158-f0b99893,1777537101803,1777537101855,202,51.598
3159,exp-perf5000-003159-cd3a5321,1777537101804,1777537101857,202,52.740
3160,exp-perf5000-003160-0dab38ec,1777537101804,1777537101856,202,51.964
3161,exp-perf5000-003161-dfbd2639,1777537101805,1777537101857,202,52.826
3162,exp-perf5000-003162-1eb562a0,1777537101805,1777537101857,202,52.143
3163,exp-perf5000-003163-d20baf72,1777537101805,1777537101858,202,52.853
3164,exp-perf5000-003164-2623b85d,1777537101805,1777537101858,202,52.239
3165,exp-perf5000-003165-4be9879d,1777537101806,1777537101859,202,52.511
3166,exp-perf5000-003166-4c34eafe,1777537101806,1777537101859,202,52.842
3167,exp-perf5000-003167-d995e0f2,1777537101807,1777537101859,202,52.730
3168,exp-perf5000-003168-508fe319,1777537101807,1777537101860,202,53.108
3169,exp-perf5000-003169-8b67c08f,1777537101807,1777537101860,202,53.065
3170,exp-perf5000-003170-95cdc250,1777537101807,1777537101861,202,53.662
3171,exp-perf5000-003171-9078be1e,1777537101808,1777537101862,202,54.306
3172,exp-perf5000-003172-43b293ee,1777537101808,1777537101862,202,53.628
3173,exp-perf5000-003173-a095f9b4,1777537101809,1777537101863,202,54.173
3174,exp-perf5000-003174-961004e2,1777537101809,1777537101863,202,54.676
3175,exp-perf5000-003175-96c7ab7e,1777537101809,1777537101865,202,55.761
3176,exp-perf5000-003176-aea27c13,1777537101809,1777537101864,202,54.991
3177,exp-perf5000-003177-0ceca22a,1777537101810,1777537101866,202,55.688
3178,exp-perf5000-003178-76fccfcb,1777537101810,1777537101866,202,56.043
3179,exp-perf5000-003179-46cc675b,1777537101811,1777537101867,202,56.369
3180,exp-perf5000-003180-67d372a3,1777537101811,1777537101866,202,55.530
3181,exp-perf5000-003181-3f5848ea,1777537101811,1777537101867,202,55.782
3182,exp-perf5000-003182-17d9a6f4,1777537101811,1777537101868,202,56.291
3183,exp-perf5000-003183-7740dfeb,1777537101812,1777537101869,202,56.748
3184,exp-perf5000-003184-ca4872d4,1777537101812,1777537101868,202,55.688
3185,exp-perf5000-003185-e355acee,1777537101813,1777537101869,202,56.771
3186,exp-perf5000-003186-6e06b1f5,1777537101813,1777537101869,202,55.983
3187,exp-perf5000-003187-8b97a303,1777537101813,1777537101870,202,57.020
3188,exp-perf5000-003188-0dd1511a,1777537101813,1777537101870,202,56.313
3189,exp-perf5000-003189-492d0ed4,1777537101814,1777537101871,202,57.131
3190,exp-perf5000-003190-5d6ccac3,1777537101814,1777537101871,202,56.440
3191,exp-perf5000-003191-4f1de451,1777537101815,1777537101872,202,57.178
3192,exp-perf5000-003192-8891e953,1777537101815,1777537101871,202,56.565
3193,exp-perf5000-003193-1ac4d6cf,1777537101818,1777537101872,202,54.030
3194,exp-perf5000-003194-40b8c76d,1777537101818,1777537101873,202,54.370
3195,exp-perf5000-003195-50003af4,1777537101819,1777537101873,202,53.757
3196,exp-perf5000-003196-66d29982,1777537101819,1777537101873,202,54.461
3197,exp-perf5000-003197-481b4b19,1777537101819,1777537101874,202,54.399
3198,exp-perf5000-003198-7a26423f,1777537101819,1777537101875,202,56.062
3199,exp-perf5000-003199-4f9e656a,1777537101820,1777537101875,202,54.886
3200,exp-perf5000-003200-6f0072dc,1777537101820,1777537101876,202,55.988
3201,exp-perf5000-003201-43817c8b,1777537101820,1777537101877,202,57.137
3202,exp-perf5000-003202-237be8b1,1777537101821,1777537101875,202,54.889
3203,exp-perf5000-003203-c4d92d2e,1777537101821,1777537101878,202,57.310
3204,exp-perf5000-003204-c71aa340,1777537101821,1777537101876,202,54.885
3205,exp-perf5000-003205-4b6ae85f,1777537101822,1777537101879,202,57.401
3206,exp-perf5000-003206-eeab119b,1777537101823,1777537101877,202,54.336
3207,exp-perf5000-003207-b54e4ee7,1777537101823,1777537101881,202,57.502
3208,exp-perf5000-003208-65a9f9cb,1777537101824,1777537101881,202,57.761
3209,exp-perf5000-003209-80190361,1777537101824,1777537101878,202,54.520
3210,exp-perf5000-003210-d1ac322f,1777537101825,1777537101883,202,58.428
3211,exp-perf5000-003211-a4103c5c,1777537101825,1777537101880,202,54.169
3212,exp-perf5000-003212-cbc4d76f,1777537101826,1777537101880,202,54.169
3213,exp-perf5000-003213-f2e03edf,1777537101827,1777537101884,202,57.429
3214,exp-perf5000-003214-2a2e372f,1777537101828,1777537101882,202,53.909
3215,exp-perf5000-003215-8b8ad8df,1777537101828,1777537101881,202,52.933
3216,exp-perf5000-003216-d6bb3b8e,1777537101828,1777537101886,202,57.383
3217,exp-perf5000-003217-b70faf44,1777537101828,1777537101885,202,56.429
3218,exp-perf5000-003218-7cfdbb12,1777537101829,1777537101883,202,54.677
3219,exp-perf5000-003219-9e9c3e65,1777537101829,1777537101884,202,55.111
3220,exp-perf5000-003220-2ed58132,1777537101829,1777537101887,202,57.792
3221,exp-perf5000-003221-8eabd1c8,1777537101829,1777537101885,202,55.497
3222,exp-perf5000-003222-f19575fc,1777537101830,1777537101888,202,57.914
3223,exp-perf5000-003223-03a9215e,1777537101830,1777537101886,202,55.395
3224,exp-perf5000-003224-6c4d7cf9,1777537101830,1777537101889,202,58.135
3225,exp-perf5000-003225-32f6e9dc,1777537101831,1777537101889,202,58.417
3226,exp-perf5000-003226-9afd6085,1777537101832,1777537101887,202,54.979
3227,exp-perf5000-003227-ccfe292d,1777537101832,1777537101890,202,58.277
3228,exp-perf5000-003228-da609789,1777537101833,1777537101887,202,54.854
3229,exp-perf5000-003229-7b185840,1777537101833,1777537101891,202,57.948
3230,exp-perf5000-003230-f9ea458f,1777537101834,1777537101888,202,54.476
3231,exp-perf5000-003231-f6af621b,1777537101835,1777537101892,202,57.033
3232,exp-perf5000-003232-d31ae9b2,1777537101836,1777537101889,202,53.195
3233,exp-perf5000-003233-3fc62b63,1777537101839,1777537101893,202,53.623
3234,exp-perf5000-003234-cd4c58ec,1777537101840,1777537101890,202,50.128
3235,exp-perf5000-003235-11cad2aa,1777537101841,1777537101893,202,52.735
3236,exp-perf5000-003236-e1bd2b7a,1777537101841,1777537101890,202,49.475
3237,exp-perf5000-003237-22fab1f8,1777537101843,1777537101894,202,51.041
3238,exp-perf5000-003238-9f75e4fc,1777537101845,1777537101891,202,46.494
3239,exp-perf5000-003239-b2230098,1777537101845,1777537101896,202,50.408
3240,exp-perf5000-003240-d6f2909a,1777537101847,1777537101896,202,49.075
3241,exp-perf5000-003241-f5d5dacc,1777537101847,1777537101892,202,44.288
3242,exp-perf5000-003242-06891888,1777537101849,1777537101893,202,43.838
3243,exp-perf5000-003243-952b4a8f,1777537101850,1777537101893,202,43.310
3244,exp-perf5000-003244-22ef2a69,1777537101850,1777537101897,202,47.480
3245,exp-perf5000-003245-7d4aedfd,1777537101850,1777537101898,202,48.147
3246,exp-perf5000-003246-8d3e0d28,1777537101850,1777537101894,202,43.364
3247,exp-perf5000-003247-b4299fd1,1777537101851,1777537101895,202,43.698
3248,exp-perf5000-003248-a896efa5,1777537101851,1777537101899,202,48.190
3249,exp-perf5000-003249-d6e95436,1777537101852,1777537101896,202,43.878
3250,exp-perf5000-003250-a6d64e44,1777537101852,1777537101900,202,48.468
3251,exp-perf5000-003251-fcd3feff,1777537101852,1777537101896,202,44.039
3252,exp-perf5000-003252-47dcbed7,1777537101853,1777537101902,202,48.804
3253,exp-perf5000-003253-eb2d8751,1777537101853,1777537101897,202,44.139
3254,exp-perf5000-003254-7efc0db4,1777537101854,1777537101903,202,49.008
3255,exp-perf5000-003255-403365b2,1777537101854,1777537101898,202,43.906
3256,exp-perf5000-003256-b9b94561,1777537101855,1777537101903,202,48.724
3257,exp-perf5000-003257-c4bfa0af,1777537101855,1777537101899,202,44.115
3258,exp-perf5000-003258-7bf63c7e,1777537101856,1777537101904,202,48.770
3259,exp-perf5000-003259-0b91e944,1777537101856,1777537101900,202,43.842
3260,exp-perf5000-003260-7a0a71db,1777537101857,1777537101905,202,48.757
3261,exp-perf5000-003261-ed53bb41,1777537101857,1777537101901,202,43.809
3262,exp-perf5000-003262-dc1d2916,1777537101857,1777537101908,202,50.412
3263,exp-perf5000-003263-46c9034a,1777537101858,1777537101902,202,43.944
3264,exp-perf5000-003264-8528424f,1777537101858,1777537101909,202,50.561
3265,exp-perf5000-003265-8175999e,1777537101859,1777537101905,202,46.386
3266,exp-perf5000-003266-58dcf175,1777537101859,1777537101910,202,50.810
3267,exp-perf5000-003267-8dab5d93,1777537101859,1777537101905,202,45.637
3268,exp-perf5000-003268-b450e353,1777537101860,1777537101911,202,51.104
3269,exp-perf5000-003269-a98c6979,1777537101861,1777537101905,202,44.565
3270,exp-perf5000-003270-0f894fd0,1777537101861,1777537101912,202,50.563
3271,exp-perf5000-003271-693f8b4c,1777537101862,1777537101905,202,43.536
3272,exp-perf5000-003272-e0272c19,1777537101862,1777537101913,202,50.504
3273,exp-perf5000-003273-93c5694d,1777537101863,1777537101906,202,42.955
3274,exp-perf5000-003274-b35657d8,1777537101863,1777537101913,202,50.011
3275,exp-perf5000-003275-e90d3134,1777537101864,1777537101908,202,43.446
3276,exp-perf5000-003276-80838528,1777537101865,1777537101914,202,49.071
3277,exp-perf5000-003277-19ec6178,1777537101866,1777537101909,202,42.966
3278,exp-perf5000-003278-e45b183b,1777537101866,1777537101915,202,48.810
3279,exp-perf5000-003279-5b564cde,1777537101866,1777537101909,202,42.918
3280,exp-perf5000-003280-d5c68a21,1777537101867,1777537101916,202,48.749
3281,exp-perf5000-003281-a1f8cae5,1777537101867,1777537101910,202,43.117
3282,exp-perf5000-003282-2a2b6987,1777537101868,1777537101917,202,49.221
3283,exp-perf5000-003283-5139efbc,1777537101868,1777537101911,202,43.250
3284,exp-perf5000-003284-82d1d2ba,1777537101869,1777537101912,202,43.215
3285,exp-perf5000-003285-cdd39e01,1777537101869,1777537101918,202,48.960
3286,exp-perf5000-003286-59d16af1,1777537101869,1777537101919,202,49.528
3287,exp-perf5000-003287-347bed10,1777537101870,1777537101913,202,43.232
3288,exp-perf5000-003288-6055ece6,1777537101870,1777537101920,202,49.682
3289,exp-perf5000-003289-832cf851,1777537101871,1777537101914,202,43.241
3290,exp-perf5000-003290-df7cb75b,1777537101871,1777537101921,202,49.761
3291,exp-perf5000-003291-1185ad8a,1777537101871,1777537101915,202,43.217
3292,exp-perf5000-003292-c39f70b5,1777537101872,1777537101922,202,49.872
3293,exp-perf5000-003293-9117c4bb,1777537101872,1777537101915,202,43.223
3294,exp-perf5000-003294-2a5c9361,1777537101873,1777537101922,202,49.768
3295,exp-perf5000-003295-aac7bdf7,1777537101873,1777537101917,202,43.610
3296,exp-perf5000-003296-5bd6f7b2,1777537101873,1777537101923,202,49.513
3297,exp-perf5000-003297-963ab07c,1777537101874,1777537101918,202,44.440
3298,exp-perf5000-003298-0d98a043,1777537101875,1777537101919,202,44.633
3299,exp-perf5000-003299-8ed2cbc4,1777537101875,1777537101924,202,48.349
3300,exp-perf5000-003300-d677e099,1777537101876,1777537101920,202,44.898
3301,exp-perf5000-003301-9f4da772,1777537101876,1777537101925,202,48.667
3302,exp-perf5000-003302-8663e1a1,1777537101876,1777537101921,202,45.104
3303,exp-perf5000-003303-72720d09,1777537101877,1777537101922,202,45.045
3304,exp-perf5000-003304-0430120d,1777537101877,1777537101926,202,48.214
3305,exp-perf5000-003305-660ec9a6,1777537101878,1777537101923,202,44.638
3306,exp-perf5000-003306-635e9af2,1777537101879,1777537101927,202,48.079
3307,exp-perf5000-003307-d96079c6,1777537101879,1777537101928,202,48.213
3308,exp-perf5000-003308-db2fe6bf,1777537101880,1777537101924,202,44.229
3309,exp-perf5000-003309-272a2754,1777537101880,1777537101925,202,44.808
3310,exp-perf5000-003310-bbdfebc4,1777537101881,1777537101929,202,47.973
3311,exp-perf5000-003311-d2277e5d,1777537101881,1777537101926,202,45.034
3312,exp-perf5000-003312-f652cc7d,1777537101881,1777537101931,202,49.208
3313,exp-perf5000-003313-3152fa7a,1777537101882,1777537101927,202,45.401
3314,exp-perf5000-003314-d669621c,1777537101883,1777537101931,202,48.148
3315,exp-perf5000-003315-1025f55c,1777537101883,1777537101928,202,44.981
3316,exp-perf5000-003316-68bff9e7,1777537101884,1777537101930,202,46.202
3317,exp-perf5000-003317-f140bbf8,1777537101884,1777537101932,202,47.868
3318,exp-perf5000-003318-aa4531c6,1777537101885,1777537101933,202,48.068
3319,exp-perf5000-003319-4eb3b6cd,1777537101885,1777537101931,202,46.460
3320,exp-perf5000-003320-eef77307,1777537101886,1777537101934,202,48.167
3321,exp-perf5000-003321-090e1e0d,1777537101886,1777537101932,202,46.560
3322,exp-perf5000-003322-32432708,1777537101887,1777537101933,202,46.651
3323,exp-perf5000-003323-5fc20237,1777537101887,1777537101935,202,48.026
3324,exp-perf5000-003324-84870bb8,1777537101888,1777537101934,202,46.642
3325,exp-perf5000-003325-47555e32,1777537101888,1777537101935,202,47.682
3326,exp-perf5000-003326-76c25642,1777537101888,1777537101935,202,46.756
3327,exp-perf5000-003327-88de822f,1777537101889,1777537101936,202,47.748
3328,exp-perf5000-003328-771170ac,1777537101889,1777537101936,202,46.875
3329,exp-perf5000-003329-872135e4,1777537101889,1777537101938,202,48.229
3330,exp-perf5000-003330-fd397fcb,1777537101890,1777537101937,202,46.968
3331,exp-perf5000-003331-228c7894,1777537101890,1777537101939,202,48.806
3332,exp-perf5000-003332-bd9450b5,1777537101890,1777537101940,202,50.045
3333,exp-perf5000-003333-17716bb9,1777537101891,1777537101940,202,48.686
3334,exp-perf5000-003334-51b19d21,1777537101891,1777537101940,202,48.965
3335,exp-perf5000-003335-c8b58114,1777537101892,1777537101941,202,49.206
3336,exp-perf5000-003336-5bf6d7ab,1777537101892,1777537101940,202,48.312
3337,exp-perf5000-003337-fa680987,1777537101893,1777537101942,202,49.387
3338,exp-perf5000-003338-dc081237,1777537101893,1777537101941,202,48.409
3339,exp-perf5000-003339-66622cc3,1777537101893,1777537101942,202,48.702
3340,exp-perf5000-003340-83e4a59c,1777537101893,1777537101943,202,49.303
3341,exp-perf5000-003341-bf65d8f9,1777537101894,1777537101943,202,49.081
3342,exp-perf5000-003342-e961f24a,1777537101894,1777537101943,202,49.008
3343,exp-perf5000-003343-3d75e341,1777537101895,1777537101944,202,48.896
3344,exp-perf5000-003344-7e5b4239,1777537101896,1777537101944,202,48.657
3345,exp-perf5000-003345-9b0ee602,1777537101896,1777537101944,202,48.334
3346,exp-perf5000-003346-9888fb3c,1777537101896,1777537101945,202,48.447
3347,exp-perf5000-003347-1bf1e219,1777537101896,1777537101945,202,48.610
3348,exp-perf5000-003348-fbe9107a,1777537101897,1777537101946,202,48.580
3349,exp-perf5000-003349-26afe366,1777537101897,1777537101945,202,48.011
3350,exp-perf5000-003350-fd7abc89,1777537101898,1777537101946,202,48.281
3351,exp-perf5000-003351-c05ad358,1777537101898,1777537101946,202,47.834
3352,exp-perf5000-003352-6204e681,1777537101899,1777537101947,202,47.890
3353,exp-perf5000-003353-f1ac31a1,1777537101899,1777537101947,202,47.371
3354,exp-perf5000-003354-d9d81ee7,1777537101900,1777537101948,202,47.889
3355,exp-perf5000-003355-8a7a611e,1777537101901,1777537101948,202,47.053
3356,exp-perf5000-003356-8c73ee9b,1777537101901,1777537101949,202,47.668
3357,exp-perf5000-003357-e0024a9e,1777537101902,1777537101948,202,46.715
3358,exp-perf5000-003358-6bd60280,1777537101902,1777537101949,202,47.394
3359,exp-perf5000-003359-49a13c5f,1777537101903,1777537101949,202,46.265
3360,exp-perf5000-003360-2ba7f8a3,1777537101904,1777537101950,202,46.007
3361,exp-perf5000-003361-3e91838a,1777537101905,1777537101950,202,45.712
3362,exp-perf5000-003362-71ca19cc,1777537101905,1777537101950,202,44.863
3363,exp-perf5000-003363-8793845f,1777537101905,1777537101951,202,45.441
3364,exp-perf5000-003364-a64483c8,1777537101905,1777537101951,202,46.056
3365,exp-perf5000-003365-b546552a,1777537101905,1777537101952,202,46.952
3366,exp-perf5000-003366-81f8a661,1777537101905,1777537101951,202,45.465
3367,exp-perf5000-003367-8fad73bc,1777537101906,1777537101953,202,47.159
3368,exp-perf5000-003368-bd87900d,1777537101908,1777537101952,202,43.665
3369,exp-perf5000-003369-2ad02786,1777537101908,1777537101954,202,46.191
3370,exp-perf5000-003370-93187ca9,1777537101909,1777537101955,202,46.620
3371,exp-perf5000-003371-30857106,1777537101909,1777537101953,202,43.710
3372,exp-perf5000-003372-b7797603,1777537101909,1777537101956,202,46.776
3373,exp-perf5000-003373-6ccebc6a,1777537101910,1777537101954,202,43.727
3374,exp-perf5000-003374-2cd47162,1777537101910,1777537101957,202,46.714
3375,exp-perf5000-003375-127c8ec0,1777537101911,1777537101954,202,43.416
3376,exp-perf5000-003376-37753ed7,1777537101911,1777537101958,202,46.923
3377,exp-perf5000-003377-ad9ed16a,1777537101912,1777537101955,202,43.432
3378,exp-perf5000-003378-8ef0917d,1777537101912,1777537101959,202,46.650
3379,exp-perf5000-003379-e78b731d,1777537101913,1777537101956,202,43.246
3380,exp-perf5000-003380-f3c1d49d,1777537101913,1777537101959,202,46.340
3381,exp-perf5000-003381-96e1b0aa,1777537101914,1777537101957,202,43.657
3382,exp-perf5000-003382-701954ef,1777537101914,1777537101960,202,46.140
3383,exp-perf5000-003383-57bada36,1777537101914,1777537101958,202,43.825
3384,exp-perf5000-003384-84f33bbd,1777537101915,1777537101961,202,46.301
3385,exp-perf5000-003385-bc0251f2,1777537101915,1777537101959,202,43.655
3386,exp-perf5000-003386-c912538c,1777537101915,1777537101962,202,46.213
3387,exp-perf5000-003387-606a52fa,1777537101916,1777537101959,202,43.550
3388,exp-perf5000-003388-4eea61c3,1777537101917,1777537101965,202,48.883
3389,exp-perf5000-003389-324a9d76,1777537101917,1777537101960,202,43.090
3390,exp-perf5000-003390-f41df411,1777537101918,1777537101961,202,43.019
3391,exp-perf5000-003391-302252ab,1777537101918,1777537101966,202,47.521
3392,exp-perf5000-003392-fd1c229b,1777537101919,1777537101962,202,42.574
3393,exp-perf5000-003393-937e116b,1777537101919,1777537101965,202,45.931
3394,exp-perf5000-003394-2050a229,1777537101920,1777537101964,202,44.001
3395,exp-perf5000-003395-9b2cd44a,1777537101920,1777537101967,202,46.673
3396,exp-perf5000-003396-d0e7e601,1777537101921,1777537101967,202,46.460
3397,exp-perf5000-003397-c6194dde,1777537101921,1777537101967,202,45.672
3398,exp-perf5000-003398-4361fe7c,1777537101922,1777537101967,202,45.600
3399,exp-perf5000-003399-b25c5c8a,1777537101922,1777537101967,202,44.792
3400,exp-perf5000-003400-5fd36eb7,1777537101922,1777537101967,202,44.658
3401,exp-perf5000-003401-2b3a7f8a,1777537101923,1777537101967,202,44.132
3402,exp-perf5000-003402-de9d07f3,1777537101923,1777537101968,202,44.669
3403,exp-perf5000-003403-b77b13c3,1777537101924,1777537101968,202,44.053
3404,exp-perf5000-003404-077a959a,1777537101924,1777537101968,202,44.161
3405,exp-perf5000-003405-c8473f1d,1777537101925,1777537101968,202,43.038
3406,exp-perf5000-003406-9f5e43a1,1777537101925,1777537101969,202,43.556
3407,exp-perf5000-003407-b4a9fd2e,1777537101926,1777537101970,202,43.788
3408,exp-perf5000-003408-1163579e,1777537101926,1777537101969,202,43.272
3409,exp-perf5000-003409-99b8c4db,1777537101927,1777537101969,202,42.797
3410,exp-perf5000-003410-a65014f6,1777537101927,1777537101970,202,42.470
3411,exp-perf5000-003411-dd7f5b47,1777537101928,1777537101970,202,42.372
3412,exp-perf5000-003412-3fd73f5e,1777537101929,1777537101971,202,42.022
3413,exp-perf5000-003413-e29dbf88,1777537101929,1777537101971,202,42.056
3414,exp-perf5000-003414-078904da,1777537101930,1777537101971,202,40.855
3415,exp-perf5000-003415-a4cbe145,1777537101931,1777537101971,202,40.757
3416,exp-perf5000-003416-4fd426dd,1777537101931,1777537101972,202,40.498
3417,exp-perf5000-003417-9b4ebaa0,1777537101932,1777537101972,202,40.099
3418,exp-perf5000-003418-a4b7a4f2,1777537101932,1777537101973,202,40.411
3419,exp-perf5000-003419-f60f4dc2,1777537101932,1777537101972,202,39.935
3420,exp-perf5000-003420-ceed0bc2,1777537101933,1777537101973,202,40.267
3421,exp-perf5000-003421-e6660c99,1777537101933,1777537101973,202,39.770
3422,exp-perf5000-003422-54542357,1777537101934,1777537101974,202,40.141
3423,exp-perf5000-003423-c640eea1,1777537101934,1777537101974,202,39.407
3424,exp-perf5000-003424-72ef654d,1777537101935,1777537101975,202,39.844
3425,exp-perf5000-003425-9a154f3e,1777537101935,1777537101974,202,39.336
3426,exp-perf5000-003426-38ff0290,1777537101935,1777537101975,202,39.795
3427,exp-perf5000-003427-64134c9c,1777537101936,1777537101975,202,39.021
3428,exp-perf5000-003428-43b77a8e,1777537101936,1777537101976,202,39.618
3429,exp-perf5000-003429-17aae987,1777537101937,1777537101976,202,39.024
3430,exp-perf5000-003430-7e2e8bd7,1777537101938,1777537101977,202,39.313
3431,exp-perf5000-003431-e716e298,1777537101939,1777537101978,202,38.670
3432,exp-perf5000-003432-afff6113,1777537101940,1777537101978,202,38.619
3433,exp-perf5000-003433-97c95f8b,1777537101940,1777537101976,202,36.221
3434,exp-perf5000-003434-91b4866f,1777537101940,1777537101977,202,36.926
3435,exp-perf5000-003435-6ff1cebe,1777537101940,1777537101978,202,37.481
3436,exp-perf5000-003436-21096052,1777537101941,1777537101979,202,37.986
3437,exp-perf5000-003437-f118488d,1777537101941,1777537101979,202,37.718
3438,exp-perf5000-003438-2a3c987b,1777537101942,1777537101980,202,37.736
3439,exp-perf5000-003439-ec2bf31d,1777537101942,1777537101980,202,38.040
3440,exp-perf5000-003440-155ed4c3,1777537101943,1777537101981,202,37.944
3441,exp-perf5000-003441-1bd205d6,1777537101943,1777537101980,202,37.421
3442,exp-perf5000-003442-4389af86,1777537101943,1777537101981,202,37.852
3443,exp-perf5000-003443-e63db6e5,1777537101944,1777537101982,202,38.101
3444,exp-perf5000-003444-9f3e6a5a,1777537101944,1777537101982,202,37.787
3445,exp-perf5000-003445-39b231db,1777537101944,1777537101982,202,37.637
3446,exp-perf5000-003446-82a96978,1777537101945,1777537101982,202,37.706
3447,exp-perf5000-003447-df8f078f,1777537101945,1777537101982,202,37.246
3448,exp-perf5000-003448-3989b5b6,1777537101946,1777537101983,202,37.670
3449,exp-perf5000-003449-91ac80df,1777537101946,1777537101983,202,37.193
3450,exp-perf5000-003450-0e44c615,1777537101946,1777537101984,202,37.681
3451,exp-perf5000-003451-e2e76382,1777537101947,1777537101984,202,37.557
3452,exp-perf5000-003452-815eb463,1777537101947,1777537101985,202,37.688
3453,exp-perf5000-003453-d2213b93,1777537101947,1777537101985,202,37.939
3454,exp-perf5000-003454-4cf44e4a,1777537101948,1777537101985,202,37.450
3455,exp-perf5000-003455-881f281d,1777537101948,1777537101986,202,37.645
3456,exp-perf5000-003456-0b6ab12d,1777537101948,1777537101986,202,38.005
3457,exp-perf5000-003457-2a9910c2,1777537101949,1777537101986,202,37.621
3458,exp-perf5000-003458-0b5e9c32,1777537101949,1777537101987,202,38.173
3459,exp-perf5000-003459-a6f0cf11,1777537101949,1777537101987,202,37.674
3460,exp-perf5000-003460-f179a69a,1777537101950,1777537101987,202,37.830
3461,exp-perf5000-003461-115dc8b4,1777537101950,1777537101988,202,37.809
3462,exp-perf5000-003462-eae64e5a,1777537101950,1777537101988,202,37.880
3463,exp-perf5000-003463-4b2099d4,1777537101951,1777537101989,202,37.887
3464,exp-perf5000-003464-1cf55bd5,1777537101951,1777537101989,202,37.928
3465,exp-perf5000-003465-7bac6611,1777537101951,1777537101989,202,37.880
3466,exp-perf5000-003466-7866e01a,1777537101952,1777537101989,202,37.873
3467,exp-perf5000-003467-63e27681,1777537101952,1777537101990,202,37.546
3468,exp-perf5000-003468-a1bb7d10,1777537101953,1777537101990,202,37.589
3469,exp-perf5000-003469-a16fe29d,1777537101953,1777537101991,202,37.573
3470,exp-perf5000-003470-ad580567,1777537101954,1777537101991,202,37.459
3471,exp-perf5000-003471-2972c099,1777537101954,1777537101992,202,37.389
3472,exp-perf5000-003472-9e717b2b,1777537101955,1777537101992,202,37.368
3473,exp-perf5000-003473-08a7b2b6,1777537101955,1777537101993,202,37.345
3474,exp-perf5000-003474-ed896671,1777537101955,1777537101992,202,36.918
3475,exp-perf5000-003475-7b55e72f,1777537101956,1777537101993,202,36.749
3476,exp-perf5000-003476-70e128b9,1777537101956,1777537101993,202,37.068
3477,exp-perf5000-003477-37599538,1777537101957,1777537101994,202,36.488
3478,exp-perf5000-003478-49851c2d,1777537101957,1777537101994,202,36.711
3479,exp-perf5000-003479-28e91714,1777537101958,1777537101994,202,36.050
3480,exp-perf5000-003480-940f81a3,1777537101958,1777537101995,202,36.437
3481,exp-perf5000-003481-beedefe7,1777537101959,1777537101995,202,36.135
3482,exp-perf5000-003482-9e90733d,1777537101959,1777537101995,202,36.530
3483,exp-perf5000-003483-ab879a16,1777537101959,1777537101996,202,36.721
3484,exp-perf5000-003484-d0b00f0e,1777537101959,1777537101996,202,36.180
3485,exp-perf5000-003485-f41ba864,1777537101960,1777537101996,202,36.205
3486,exp-perf5000-003486-3ae7a8cf,1777537101960,1777537101997,202,36.657
3487,exp-perf5000-003487-668ab35c,1777537101961,1777537101997,202,35.866
3488,exp-perf5000-003488-bfa3f6e4,1777537101961,1777537101998,202,36.628
3489,exp-perf5000-003489-74f4dcac,1777537101962,1777537101997,202,35.894
3490,exp-perf5000-003490-34115946,1777537101962,1777537101998,202,36.608
3491,exp-perf5000-003491-909301a3,1777537101964,1777537101999,202,34.738
3492,exp-perf5000-003492-bcc50c5f,1777537101965,1777537101999,202,33.275
3493,exp-perf5000-003493-46bdd1ba,1777537101966,1777537101999,202,33.912
3494,exp-perf5000-003494-0d1d3a2e,1777537101966,1777537101998,202,32.474
3495,exp-perf5000-003495-946ff06f,1777537101967,1777537102000,202,32.250
3496,exp-perf5000-003496-de795070,1777537101967,1777537102002,202,34.250
3497,exp-perf5000-003497-77b86402,1777537101967,1777537102001,202,33.426
3498,exp-perf5000-003498-2cd74eb1,1777537101967,1777537102000,202,32.701
3499,exp-perf5000-003499-75c6d899,1777537101967,1777537102001,202,34.000
3500,exp-perf5000-003500-21725c49,1777537101968,1777537102001,202,33.333
3501,exp-perf5000-003501-365d1514,1777537101968,1777537102000,202,32.684
3502,exp-perf5000-003502-3cfee277,1777537101968,1777537102002,202,34.527
3503,exp-perf5000-003503-ed45c323,1777537101968,1777537102002,202,34.364
3504,exp-perf5000-003504-b238399b,1777537101968,1777537102003,202,34.660
3505,exp-perf5000-003505-204d8713,1777537101968,1777537102003,202,34.638
3506,exp-perf5000-003506-60c7f67a,1777537101969,1777537102004,202,34.750
3507,exp-perf5000-003507-7fe51886,1777537101970,1777537102004,202,34.639
3508,exp-perf5000-003508-f6f2c2a7,1777537101970,1777537102003,202,33.761
3509,exp-perf5000-003509-46fc2ac0,1777537101970,1777537102004,202,34.385
3510,exp-perf5000-003510-f3fa1fb8,1777537101970,1777537102005,202,35.050
3511,exp-perf5000-003511-593b3b94,1777537101970,1777537102005,202,34.534
3512,exp-perf5000-003512-dfa7e145,1777537101971,1777537102006,202,34.943
3513,exp-perf5000-003513-a8f88223,1777537101971,1777537102005,202,34.623
3514,exp-perf5000-003514-4e0d65d2,1777537101971,1777537102006,202,35.054
3515,exp-perf5000-003515-c7813e1f,1777537101971,1777537102006,202,34.579
3516,exp-perf5000-003516-bedb97a7,1777537101972,1777537102007,202,35.071
3517,exp-perf5000-003517-60e27240,1777537101972,1777537102007,202,34.562
3518,exp-perf5000-003518-74a1b646,1777537101972,1777537102007,202,35.117
3519,exp-perf5000-003519-4a3f1426,1777537101973,1777537102007,202,34.553
3520,exp-perf5000-003520-659cc9ba,1777537101973,1777537102008,202,35.263
3521,exp-perf5000-003521-fd8c1936,1777537101973,1777537102008,202,34.531
3522,exp-perf5000-003522-52fcf6cd,1777537101974,1777537102009,202,35.119
3523,exp-perf5000-003523-c55dcbdf,1777537101974,1777537102009,202,34.471
3524,exp-perf5000-003524-0c40e14a,1777537101974,1777537102010,202,35.245
3525,exp-perf5000-003525-50cce0cb,1777537101975,1777537102009,202,34.624
3526,exp-perf5000-003526-0fd0dd67,1777537101975,1777537102010,202,35.252
3527,exp-perf5000-003527-528891bf,1777537101975,1777537102010,202,34.635
3528,exp-perf5000-003528-1ec4a544,1777537101976,1777537102011,202,35.091
3529,exp-perf5000-003529-a4532bb4,1777537101976,1777537102011,202,34.554
3530,exp-perf5000-003530-1bea9eca,1777537101976,1777537102011,202,35.070
3531,exp-perf5000-003531-7f0b6d66,1777537101977,1777537102011,202,34.177
3532,exp-perf5000-003532-76ef1499,1777537101977,1777537102012,202,34.926
3533,exp-perf5000-003533-d6a1c356,1777537101978,1777537102012,202,34.323
3534,exp-perf5000-003534-a1ea94f8,1777537101978,1777537102013,202,34.817
3535,exp-perf5000-003535-d63630e0,1777537101978,1777537102013,202,34.222
3536,exp-perf5000-003536-5d4d2e5e,1777537101979,1777537102014,202,34.684
3537,exp-perf5000-003537-d2eedba9,1777537101979,1777537102013,202,34.282
3538,exp-perf5000-003538-2a0e4bd2,1777537101980,1777537102014,202,34.529
3539,exp-perf5000-003539-f28ef655,1777537101980,1777537102014,202,33.805
3540,exp-perf5000-003540-ea297476,1777537101980,1777537102015,202,34.351
3541,exp-perf5000-003541-71532a8f,1777537101981,1777537102015,202,33.929
3542,exp-perf5000-003542-339850df,1777537101981,1777537102015,202,33.993
3543,exp-perf5000-003543-5f851f6e,1777537101982,1777537102015,202,33.667
3544,exp-perf5000-003544-bd408958,1777537101982,1777537102016,202,34.004
3545,exp-perf5000-003545-764ddf70,1777537101982,1777537102016,202,34.075
3546,exp-perf5000-003546-8ab87a46,1777537101982,1777537102017,202,34.295
3547,exp-perf5000-003547-234118f6,1777537101983,1777537102017,202,34.396
3548,exp-perf5000-003548-9483dbe6,1777537101983,1777537102017,202,34.291
3549,exp-perf5000-003549-f4205f12,1777537101983,1777537102017,202,34.005
3550,exp-perf5000-003550-e5839e2e,1777537101984,1777537102018,202,33.978
3551,exp-perf5000-003551-923da962,1777537101984,1777537102018,202,33.897
3552,exp-perf5000-003552-d549fc95,1777537101985,1777537102019,202,33.911
3553,exp-perf5000-003553-94cbfa2b,1777537101985,1777537102019,202,34.107
3554,exp-perf5000-003554-e7e03bab,1777537101985,1777537102019,202,33.484
3555,exp-perf5000-003555-6514c2f2,1777537101986,1777537102019,202,33.757
3556,exp-perf5000-003556-54377529,1777537101986,1777537102020,202,33.721
3557,exp-perf5000-003557-9d40445b,1777537101986,1777537102020,202,33.471
3558,exp-perf5000-003558-d6f51cc5,1777537101987,1777537102021,202,33.716
3559,exp-perf5000-003559-02ad8ae5,1777537101987,1777537102021,202,33.475
3560,exp-perf5000-003560-ad866e7c,1777537101987,1777537102021,202,33.830
3561,exp-perf5000-003561-49e7a777,1777537101988,1777537102021,202,33.438
3562,exp-perf5000-003562-7f6b0857,1777537101988,1777537102022,202,33.757
3563,exp-perf5000-003563-e1a0feb1,1777537101989,1777537102022,202,33.554
3564,exp-perf5000-003564-c96c7b65,1777537101989,1777537102023,202,33.669
3565,exp-perf5000-003565-b176ea21,1777537101989,1777537102023,202,33.392
3566,exp-perf5000-003566-026ece4f,1777537101990,1777537102023,202,33.783
3567,exp-perf5000-003567-48c11987,1777537101990,1777537102023,202,33.604
3568,exp-perf5000-003568-03d08618,1777537101990,1777537102024,202,33.780
3569,exp-perf5000-003569-2d15a553,1777537101991,1777537102024,202,33.556
3570,exp-perf5000-003570-37949a05,1777537101991,1777537102025,202,33.487
3571,exp-perf5000-003571-3167b626,1777537101992,1777537102025,202,33.101
3572,exp-perf5000-003572-4d705f9b,1777537101992,1777537102025,202,33.270
3573,exp-perf5000-003573-e8f41e5d,1777537101992,1777537102025,202,33.200
3574,exp-perf5000-003574-78ac663d,1777537101993,1777537102026,202,33.206
3575,exp-perf5000-003575-6b6cf738,1777537101993,1777537102026,202,33.154
3576,exp-perf5000-003576-b71c3ba6,1777537101993,1777537102027,202,33.231
3577,exp-perf5000-003577-f95338be,1777537101994,1777537102027,202,33.386
3578,exp-perf5000-003578-241f3dad,1777537101994,1777537102027,202,33.397
3579,exp-perf5000-003579-033defec,1777537101994,1777537102028,202,33.365
3580,exp-perf5000-003580-a9d67503,1777537101995,1777537102028,202,33.110
3581,exp-perf5000-003581-f3280169,1777537101995,1777537102028,202,33.446
3582,exp-perf5000-003582-688089a0,1777537101995,1777537102028,202,33.118
3583,exp-perf5000-003583-cb2c9383,1777537101996,1777537102029,202,33.269
3584,exp-perf5000-003584-facfb4ea,1777537101996,1777537102029,202,33.042
3585,exp-perf5000-003585-6c39c277,1777537101996,1777537102030,202,33.673
3586,exp-perf5000-003586-7235f488,1777537101997,1777537102030,202,33.696
3587,exp-perf5000-003587-c2a00821,1777537101997,1777537102030,202,33.173
3588,exp-perf5000-003588-9174f364,1777537101998,1777537102031,202,33.709
3589,exp-perf5000-003589-12609e29,1777537101998,1777537102031,202,33.042
3590,exp-perf5000-003590-fddd5f53,1777537101998,1777537102032,202,33.640
3591,exp-perf5000-003591-475e86d3,1777537101998,1777537102031,202,33.121
3592,exp-perf5000-003592-54200dd0,1777537101999,1777537102033,202,33.806
3593,exp-perf5000-003593-92ac69d4,1777537101999,1777537102032,202,33.353
3594,exp-perf5000-003594-318489e0,1777537101999,1777537102033,202,33.871
3595,exp-perf5000-003595-99c58cf1,1777537102000,1777537102033,202,33.414
3596,exp-perf5000-003596-3f9ec140,1777537102000,1777537102034,202,34.008
3597,exp-perf5000-003597-94574fd1,1777537102000,1777537102034,202,33.337
3598,exp-perf5000-003598-5f0005a6,1777537102001,1777537102035,202,33.804
3599,exp-perf5000-003599-8f90b361,1777537102001,1777537102034,202,33.210
3600,exp-perf5000-003600-83cfe6de,1777537102001,1777537102035,202,33.369
3601,exp-perf5000-003601-7e55dda1,1777537102002,1777537102035,202,33.716
3602,exp-perf5000-003602-cd3ed850,1777537102002,1777537102036,202,33.375
3603,exp-perf5000-003603-76b07786,1777537102002,1777537102036,202,33.662
3604,exp-perf5000-003604-8ac5d21c,1777537102003,1777537102036,202,33.431
3605,exp-perf5000-003605-03e3f677,1777537102003,1777537102037,202,33.728
3606,exp-perf5000-003606-920059ed,1777537102003,1777537102037,202,33.377
3607,exp-perf5000-003607-c0a22a0a,1777537102004,1777537102037,202,33.790
3608,exp-perf5000-003608-1dc268b3,1777537102004,1777537102038,202,33.428
3609,exp-perf5000-003609-5091f4be,1777537102004,1777537102038,202,33.797
3610,exp-perf5000-003610-c20a1fb2,1777537102005,1777537102038,202,33.551
3611,exp-perf5000-003611-0a8e995d,1777537102005,1777537102039,202,33.786
3612,exp-perf5000-003612-d67deb03,1777537102005,1777537102039,202,33.528
3613,exp-perf5000-003613-5e013cb5,1777537102006,1777537102039,202,33.859
3614,exp-perf5000-003614-8a563f68,1777537102006,1777537102040,202,33.545
3615,exp-perf5000-003615-fe357490,1777537102006,1777537102040,202,34.078
3616,exp-perf5000-003616-833cdb9f,1777537102007,1777537102040,202,33.842
3617,exp-perf5000-003617-d2372ede,1777537102007,1777537102041,202,34.103
3618,exp-perf5000-003618-a4f30715,1777537102007,1777537102041,202,33.942
3619,exp-perf5000-003619-056cfda3,1777537102008,1777537102042,202,34.075
3620,exp-perf5000-003620-bf66478d,1777537102008,1777537102042,202,33.935
3621,exp-perf5000-003621-f643823c,1777537102008,1777537102042,202,33.994
3622,exp-perf5000-003622-882e05aa,1777537102009,1777537102043,202,33.984
3623,exp-perf5000-003623-d456c51c,1777537102009,1777537102043,202,34.195
3624,exp-perf5000-003624-db608393,1777537102009,1777537102043,202,33.853
3625,exp-perf5000-003625-e9bce8ee,1777537102010,1777537102044,202,34.098
3626,exp-perf5000-003626-f17494a2,1777537102010,1777537102044,202,33.978
3627,exp-perf5000-003627-52fd5bb7,1777537102010,1777537102044,202,34.129
3628,exp-perf5000-003628-347496e2,1777537102011,1777537102045,202,34.079
3629,exp-perf5000-003629-e5035b9f,1777537102011,1777537102045,202,34.341
3630,exp-perf5000-003630-a2367e68,1777537102011,1777537102045,202,34.122
3631,exp-perf5000-003631-d49cdcbb,1777537102012,1777537102046,202,34.278
3632,exp-perf5000-003632-ddf2c59b,1777537102012,1777537102046,202,34.122
3633,exp-perf5000-003633-36a6a0fb,1777537102012,1777537102047,202,34.262
3634,exp-perf5000-003634-cd9037cb,1777537102013,1777537102047,202,34.063
3635,exp-perf5000-003635-58ccdfba,1777537102013,1777537102047,202,34.287
3636,exp-perf5000-003636-f88b78d1,1777537102013,1777537102047,202,34.035
3637,exp-perf5000-003637-53311045,1777537102014,1777537102048,202,34.256
3638,exp-perf5000-003638-50b510b2,1777537102014,1777537102048,202,34.165
3639,exp-perf5000-003639-dc2034a7,1777537102014,1777537102048,202,34.350
3640,exp-perf5000-003640-5ae07241,1777537102015,1777537102049,202,34.089
3641,exp-perf5000-003641-8e960135,1777537102015,1777537102049,202,34.378
3642,exp-perf5000-003642-24a8423a,1777537102015,1777537102049,202,34.105
3643,exp-perf5000-003643-ebe67ab9,1777537102015,1777537102050,202,34.450
3644,exp-perf5000-003644-a6408b18,1777537102016,1777537102050,202,34.166
3645,exp-perf5000-003645-7800dd39,1777537102016,1777537102051,202,34.470
3646,exp-perf5000-003646-15c54631,1777537102017,1777537102051,202,34.555
3647,exp-perf5000-003647-26d72ead,1777537102017,1777537102051,202,33.936
3648,exp-perf5000-003648-6bbc5841,1777537102017,1777537102052,202,34.349
3649,exp-perf5000-003649-13bd34d8,1777537102017,1777537102052,202,34.511
3650,exp-perf5000-003650-cec9b344,1777537102018,1777537102052,202,34.338
3651,exp-perf5000-003651-299a933e,1777537102018,1777537102053,202,34.507
3652,exp-perf5000-003652-7e0f8eac,1777537102019,1777537102053,202,34.372
3653,exp-perf5000-003653-7e2ab207,1777537102019,1777537102053,202,34.482
3654,exp-perf5000-003654-644488c3,1777537102019,1777537102054,202,34.334
3655,exp-perf5000-003655-07adda56,1777537102019,1777537102054,202,34.434
3656,exp-perf5000-003656-95ff1412,1777537102020,1777537102054,202,34.387
3657,exp-perf5000-003657-0e5fa20e,1777537102020,1777537102054,202,34.487
3658,exp-perf5000-003658-1de52e68,1777537102021,1777537102055,202,34.408
3659,exp-perf5000-003659-e208d505,1777537102021,1777537102055,202,34.205
3660,exp-perf5000-003660-d90178a6,1777537102021,1777537102056,202,34.550
3661,exp-perf5000-003661-e032a13d,1777537102021,1777537102056,202,34.229
3662,exp-perf5000-003662-d192a0c6,1777537102022,1777537102056,202,34.278
3663,exp-perf5000-003663-b74211f6,1777537102022,1777537102056,202,34.276
3664,exp-perf5000-003664-3d44294e,1777537102023,1777537102057,202,34.323
3665,exp-perf5000-003665-775e2413,1777537102023,1777537102057,202,34.380
3666,exp-perf5000-003666-4a80bec5,1777537102023,1777537102058,202,34.187
3667,exp-perf5000-003667-183cd1dd,1777537102024,1777537102058,202,34.104
3668,exp-perf5000-003668-ccbc36ab,1777537102024,1777537102058,202,34.180
3669,exp-perf5000-003669-83d30105,1777537102024,1777537102058,202,33.949
3670,exp-perf5000-003670-7fd05ae6,1777537102025,1777537102059,202,34.350
3671,exp-perf5000-003671-b7cd0abd,1777537102025,1777537102059,202,34.148
3672,exp-perf5000-003672-2fb0c25a,1777537102025,1777537102060,202,34.335
3673,exp-perf5000-003673-6528ab90,1777537102026,1777537102060,202,34.316
3674,exp-perf5000-003674-975c7565,1777537102026,1777537102060,202,34.509
3675,exp-perf5000-003675-95237fce,1777537102026,1777537102061,202,34.372
3676,exp-perf5000-003676-b4a56acb,1777537102027,1777537102061,202,34.613
3677,exp-perf5000-003677-989f05ac,1777537102027,1777537102061,202,34.359
3678,exp-perf5000-003678-38fc4e92,1777537102027,1777537102062,202,34.696
3679,exp-perf5000-003679-d5bc562a,1777537102028,1777537102062,202,34.431
3680,exp-perf5000-003680-2546e28e,1777537102028,1777537102063,202,34.838
3681,exp-perf5000-003681-ddc3fa67,1777537102028,1777537102063,202,34.154
3682,exp-perf5000-003682-444b67fd,1777537102029,1777537102063,202,34.857
3683,exp-perf5000-003683-a4e19b66,1777537102029,1777537102064,202,34.651
3684,exp-perf5000-003684-eb1fd1ad,1777537102029,1777537102064,202,34.773
3685,exp-perf5000-003685-dd970294,1777537102030,1777537102064,202,34.165
3686,exp-perf5000-003686-79c561aa,1777537102030,1777537102065,202,34.453
3687,exp-perf5000-003687-28ed8c2b,1777537102031,1777537102065,202,34.244
3688,exp-perf5000-003688-d222f037,1777537102031,1777537102065,202,34.581
3689,exp-perf5000-003689-ac7d8057,1777537102031,1777537102065,202,34.146
3690,exp-perf5000-003690-36687fe8,1777537102031,1777537102066,202,34.564
3691,exp-perf5000-003691-cac2a277,1777537102032,1777537102066,202,34.184
3692,exp-perf5000-003692-d79ae2f5,1777537102032,1777537102067,202,34.364
3693,exp-perf5000-003693-e68cc080,1777537102033,1777537102067,202,34.108
3694,exp-perf5000-003694-118cbc6a,1777537102033,1777537102067,202,34.419
3695,exp-perf5000-003695-b156be8b,1777537102033,1777537102068,202,34.152
3696,exp-perf5000-003696-b109854d,1777537102034,1777537102068,202,34.383
3697,exp-perf5000-003697-811333d0,1777537102034,1777537102068,202,33.904
3698,exp-perf5000-003698-850217bd,1777537102034,1777537102069,202,34.395
3699,exp-perf5000-003699-1be1726d,1777537102035,1777537102069,202,33.879
3700,exp-perf5000-003700-06c2d5bc,1777537102035,1777537102069,202,34.418
3701,exp-perf5000-003701-b877c9aa,1777537102035,1777537102069,202,34.031
3702,exp-perf5000-003702-a877382d,1777537102036,1777537102070,202,34.344
3703,exp-perf5000-003703-bc345783,1777537102036,1777537102070,202,34.121
3704,exp-perf5000-003704-7532e33b,1777537102036,1777537102071,202,34.434
3705,exp-perf5000-003705-328f6be4,1777537102037,1777537102071,202,34.206
3706,exp-perf5000-003706-e9ee3f41,1777537102037,1777537102071,202,34.351
3707,exp-perf5000-003707-cea4032c,1777537102037,1777537102072,202,34.124
3708,exp-perf5000-003708-81349fbc,1777537102038,1777537102072,202,34.403
3709,exp-perf5000-003709-3c159744,1777537102038,1777537102072,202,34.131
3710,exp-perf5000-003710-b589a616,1777537102038,1777537102073,202,34.318
3711,exp-perf5000-003711-d90d1829,1777537102039,1777537102073,202,34.112
3712,exp-perf5000-003712-48f1db42,1777537102039,1777537102073,202,34.382
3713,exp-perf5000-003713-14cd0e5a,1777537102039,1777537102074,202,34.084
3714,exp-perf5000-003714-0aedfd82,1777537102040,1777537102074,202,34.413
3715,exp-perf5000-003715-8e1b6aef,1777537102040,1777537102074,202,33.864
3716,exp-perf5000-003716-b9c00149,1777537102040,1777537102075,202,34.351
3717,exp-perf5000-003717-8c545c2f,1777537102041,1777537102075,202,34.136
3718,exp-perf5000-003718-e52c9204,1777537102041,1777537102075,202,34.248
3719,exp-perf5000-003719-432e8510,1777537102042,1777537102076,202,33.998
3720,exp-perf5000-003720-c746170f,1777537102042,1777537102076,202,34.233
3721,exp-perf5000-003721-fd2c16b1,1777537102042,1777537102076,202,33.979
3722,exp-perf5000-003722-3584c268,1777537102043,1777537102077,202,34.079
3723,exp-perf5000-003723-60397652,1777537102043,1777537102077,202,33.852
3724,exp-perf5000-003724-a258139c,1777537102043,1777537102077,202,34.055
3725,exp-perf5000-003725-0af28d90,1777537102044,1777537102078,202,33.825
3726,exp-perf5000-003726-6d88cc6e,1777537102044,1777537102078,202,33.969
3727,exp-perf5000-003727-fbcd9a80,1777537102044,1777537102078,202,33.765
3728,exp-perf5000-003728-83220453,1777537102045,1777537102079,202,33.882
3729,exp-perf5000-003729-05a74d31,1777537102045,1777537102079,202,33.468
3730,exp-perf5000-003730-4aa84e7e,1777537102045,1777537102079,202,33.730
3731,exp-perf5000-003731-1b038849,1777537102046,1777537102079,202,33.571
3732,exp-perf5000-003732-cf59972a,1777537102046,1777537102080,202,33.712
3733,exp-perf5000-003733-a286b15b,1777537102047,1777537102080,202,33.567
3734,exp-perf5000-003734-559fa926,1777537102047,1777537102080,202,33.651
3735,exp-perf5000-003735-7483b570,1777537102047,1777537102081,202,33.578
3736,exp-perf5000-003736-49d8b5b6,1777537102047,1777537102081,202,33.648
3737,exp-perf5000-003737-a6fccd89,1777537102048,1777537102081,202,33.604
3738,exp-perf5000-003738-0ba1ddc9,1777537102048,1777537102082,202,33.562
3739,exp-perf5000-003739-89df46da,1777537102049,1777537102082,202,33.565
3740,exp-perf5000-003740-f1539587,1777537102049,1777537102082,202,33.576
3741,exp-perf5000-003741-03c2cfcf,1777537102049,1777537102083,202,33.612
3742,exp-perf5000-003742-e3372bbf,1777537102049,1777537102083,202,33.617
3743,exp-perf5000-003743-9f6ea0e1,1777537102050,1777537102083,202,33.461
3744,exp-perf5000-003744-d5c71a5c,1777537102050,1777537102084,202,33.543
3745,exp-perf5000-003745-2f9affd4,1777537102051,1777537102084,202,33.491
3746,exp-perf5000-003746-96f5bad2,1777537102051,1777537102084,202,33.456
3747,exp-perf5000-003747-15d1edf9,1777537102051,1777537102085,202,33.347
3748,exp-perf5000-003748-a8b665d7,1777537102052,1777537102085,202,33.373
3749,exp-perf5000-003749-4df62a61,1777537102052,1777537102085,202,33.414
3750,exp-perf5000-003750-878a0ca6,1777537102052,1777537102086,202,33.405
3751,exp-perf5000-003751-18847978,1777537102053,1777537102086,202,33.408
3752,exp-perf5000-003752-3088afec,1777537102053,1777537102086,202,33.384
3753,exp-perf5000-003753-2913be65,1777537102053,1777537102087,202,33.601
3754,exp-perf5000-003754-f78adf33,1777537102054,1777537102087,202,33.521
3755,exp-perf5000-003755-6e88a47a,1777537102054,1777537102087,202,33.572
3756,exp-perf5000-003756-229e7b14,1777537102054,1777537102088,202,33.389
3757,exp-perf5000-003757-2befbc73,1777537102055,1777537102088,202,33.639
3758,exp-perf5000-003758-f103fe9d,1777537102055,1777537102088,202,33.465
3759,exp-perf5000-003759-dc499244,1777537102055,1777537102089,202,33.685
3760,exp-perf5000-003760-96bc2d0f,1777537102056,1777537102089,202,33.535
3761,exp-perf5000-003761-119b8926,1777537102056,1777537102089,202,33.651
3762,exp-perf5000-003762-2f4dfa59,1777537102056,1777537102090,202,33.352
3763,exp-perf5000-003763-972ea60a,1777537102056,1777537102090,202,33.725
3764,exp-perf5000-003764-e5d8e0ad,1777537102057,1777537102090,202,33.463
3765,exp-perf5000-003765-f7022ebe,1777537102057,1777537102091,202,34.163
3766,exp-perf5000-003766-dfc92fe7,1777537102058,1777537102092,202,34.232
3767,exp-perf5000-003767-632c0532,1777537102058,1777537102092,202,34.339
3768,exp-perf5000-003768-464d91e3,1777537102058,1777537102092,202,34.058
3769,exp-perf5000-003769-31733f56,1777537102058,1777537102092,202,33.452
3770,exp-perf5000-003770-14de7b7e,1777537102059,1777537102093,202,34.031
3771,exp-perf5000-003771-290bf19f,1777537102059,1777537102093,202,33.547
3772,exp-perf5000-003772-acbae040,1777537102060,1777537102093,202,33.647
3773,exp-perf5000-003773-c8121686,1777537102060,1777537102094,202,34.052
3774,exp-perf5000-003774-8e96d86f,1777537102060,1777537102094,202,33.495
3775,exp-perf5000-003775-bdafa54a,1777537102061,1777537102094,202,33.853
3776,exp-perf5000-003776-70c4d15a,1777537102061,1777537102095,202,33.495
3777,exp-perf5000-003777-6eb94bce,1777537102061,1777537102095,202,33.746
3778,exp-perf5000-003778-a75ad0df,1777537102062,1777537102096,202,33.626
3779,exp-perf5000-003779-1ddb2b42,1777537102062,1777537102095,202,33.206
3780,exp-perf5000-003780-7acc2ddc,1777537102063,1777537102096,202,33.797
3781,exp-perf5000-003781-06aee651,1777537102063,1777537102096,202,33.318
3782,exp-perf5000-003782-9860fc54,1777537102063,1777537102097,202,33.250
3783,exp-perf5000-003783-8c589c06,1777537102064,1777537102097,202,33.423
3784,exp-perf5000-003784-101dd6b0,1777537102064,1777537102098,202,33.485
3785,exp-perf5000-003785-912d2480,1777537102064,1777537102098,202,33.641
3786,exp-perf5000-003786-bbbb9162,1777537102065,1777537102098,202,33.586
3787,exp-perf5000-003787-b1b43bc2,1777537102065,1777537102099,202,33.793
3788,exp-perf5000-003788-9d2b4545,1777537102065,1777537102099,202,33.494
3789,exp-perf5000-003789-f790ea79,1777537102065,1777537102099,202,33.800
3790,exp-perf5000-003790-f741e1bf,1777537102066,1777537102099,202,33.324
3791,exp-perf5000-003791-b3c92ac4,1777537102066,1777537102100,202,33.554
3792,exp-perf5000-003792-824e80cf,1777537102067,1777537102100,202,33.399
3793,exp-perf5000-003793-56e2dd32,1777537102067,1777537102100,202,33.682
3794,exp-perf5000-003794-903c2100,1777537102067,1777537102101,202,33.352
3795,exp-perf5000-003795-39e86295,1777537102068,1777537102101,202,33.652
3796,exp-perf5000-003796-e6b546d9,1777537102068,1777537102101,202,33.335
3797,exp-perf5000-003797-b0863d17,1777537102068,1777537102102,202,33.593
3798,exp-perf5000-003798-93d193e4,1777537102069,1777537102102,202,33.754
3799,exp-perf5000-003799-04985ccd,1777537102069,1777537102102,202,33.316
3800,exp-perf5000-003800-4ab1372c,1777537102069,1777537102103,202,33.427
3801,exp-perf5000-003801-1531b378,1777537102069,1777537102103,202,33.721
3802,exp-perf5000-003802-6c955c3f,1777537102070,1777537102103,202,33.415
3803,exp-perf5000-003803-a8c2601d,1777537102070,1777537102104,202,33.553
3804,exp-perf5000-003804-d5815774,1777537102071,1777537102104,202,33.409
3805,exp-perf5000-003805-fa3055f9,1777537102071,1777537102104,202,33.463
3806,exp-perf5000-003806-d912ebb8,1777537102071,1777537102105,202,33.576
3807,exp-perf5000-003807-7f18b38c,1777537102072,1777537102105,202,33.531
3808,exp-perf5000-003808-bcd1cfde,1777537102072,1777537102105,202,33.499
3809,exp-perf5000-003809-0b7721ea,1777537102072,1777537102106,202,33.454
3810,exp-perf5000-003810-be1cca03,1777537102073,1777537102106,202,33.535
3811,exp-perf5000-003811-8472a276,1777537102073,1777537102106,202,33.499
3812,exp-perf5000-003812-6678227c,1777537102073,1777537102107,202,33.423
3813,exp-perf5000-003813-9a262489,1777537102074,1777537102107,202,33.428
3814,exp-perf5000-003814-79a74deb,1777537102074,1777537102107,202,33.372
3815,exp-perf5000-003815-f4d47e9c,1777537102074,1777537102108,202,33.443
3816,exp-perf5000-003816-a42f3d44,1777537102075,1777537102108,202,33.236
3817,exp-perf5000-003817-966ce1de,1777537102075,1777537102108,202,33.337
3818,exp-perf5000-003818-a48ecc77,1777537102076,1777537102109,202,33.361
3819,exp-perf5000-003819-1b97f585,1777537102076,1777537102109,202,33.355
3820,exp-perf5000-003820-67e291ae,1777537102076,1777537102109,202,33.254
3821,exp-perf5000-003821-69183570,1777537102076,1777537102110,202,33.166
3822,exp-perf5000-003822-a067822f,1777537102077,1777537102110,202,33.462
3823,exp-perf5000-003823-5cf592d1,1777537102077,1777537102110,202,33.377
3824,exp-perf5000-003824-d38ed807,1777537102077,1777537102111,202,33.329
3825,exp-perf5000-003825-44216b19,1777537102078,1777537102111,202,33.367
3826,exp-perf5000-003826-1cf44aab,1777537102078,1777537102111,202,33.374
3827,exp-perf5000-003827-13f60ff1,1777537102078,1777537102112,202,33.376
3828,exp-perf5000-003828-9d277721,1777537102079,1777537102112,202,33.404
3829,exp-perf5000-003829-38454ecc,1777537102079,1777537102112,202,33.526
3830,exp-perf5000-003830-13badfb7,1777537102079,1777537102113,202,33.493
3831,exp-perf5000-003831-fcd2ea14,1777537102079,1777537102113,202,33.582
3832,exp-perf5000-003832-bc2de665,1777537102080,1777537102113,202,33.556
3833,exp-perf5000-003833-4e5fd73f,1777537102080,1777537102114,202,33.548
3834,exp-perf5000-003834-4c683774,1777537102080,1777537102114,202,33.806
3835,exp-perf5000-003835-49077093,1777537102081,1777537102115,202,33.892
3836,exp-perf5000-003836-24747f14,1777537102081,1777537102115,202,33.868
3837,exp-perf5000-003837-432da6da,1777537102081,1777537102115,202,33.895
3838,exp-perf5000-003838-32b799e0,1777537102082,1777537102116,202,34.041
3839,exp-perf5000-003839-78846c01,1777537102082,1777537102116,202,33.939
3840,exp-perf5000-003840-bf534b2d,1777537102082,1777537102116,202,33.986
3841,exp-perf5000-003841-2a07cfd8,1777537102083,1777537102117,202,33.800
3842,exp-perf5000-003842-81a1ee91,1777537102083,1777537102117,202,33.829
3843,exp-perf5000-003843-e7f798b4,1777537102083,1777537102117,202,33.808
3844,exp-perf5000-003844-ccfff761,1777537102084,1777537102118,202,33.874
3845,exp-perf5000-003845-aae3ca09,1777537102084,1777537102118,202,33.899
3846,exp-perf5000-003846-40a06d06,1777537102084,1777537102119,202,34.075
3847,exp-perf5000-003847-b6316a7c,1777537102085,1777537102119,202,34.148
3848,exp-perf5000-003848-b2b495e1,1777537102085,1777537102119,202,34.129
3849,exp-perf5000-003849-ed82d4be,1777537102085,1777537102119,202,33.914
3850,exp-perf5000-003850-341092bd,1777537102086,1777537102120,202,33.932
3851,exp-perf5000-003851-3b74bc0d,1777537102086,1777537102120,202,33.950
3852,exp-perf5000-003852-46b63248,1777537102086,1777537102120,202,33.955
3853,exp-perf5000-003853-de2cf10b,1777537102087,1777537102121,202,33.781
3854,exp-perf5000-003854-9f1fcd19,1777537102087,1777537102121,202,33.940
3855,exp-perf5000-003855-163cc51e,1777537102087,1777537102121,202,33.904
3856,exp-perf5000-003856-64ab6646,1777537102088,1777537102122,202,33.911
3857,exp-perf5000-003857-b058bef3,1777537102088,1777537102122,202,33.728
3858,exp-perf5000-003858-91cfe7b2,1777537102089,1777537102122,202,33.805
3859,exp-perf5000-003859-0db246f1,1777537102089,1777537102123,202,33.757
3860,exp-perf5000-003860-7bdaa30d,1777537102089,1777537102123,202,33.885
3861,exp-perf5000-003861-c2355e7f,1777537102090,1777537102123,202,33.739
3862,exp-perf5000-003862-ca6a9bc9,1777537102090,1777537102124,202,33.967
3863,exp-perf5000-003863-4d4883cc,1777537102090,1777537102124,202,33.914
3864,exp-perf5000-003864-9f03421d,1777537102090,1777537102124,202,33.963
3865,exp-perf5000-003865-0647b496,1777537102091,1777537102125,202,33.307
3866,exp-perf5000-003866-f02f946e,1777537102092,1777537102125,202,33.108
3867,exp-perf5000-003867-eb847594,1777537102092,1777537102126,202,33.618
3868,exp-perf5000-003868-80ac09df,1777537102092,1777537102125,202,33.212
3869,exp-perf5000-003869-2fefe455,1777537102092,1777537102126,202,33.503
3870,exp-perf5000-003870-e7d3da8a,1777537102093,1777537102126,202,33.400
3871,exp-perf5000-003871-9c8206ec,1777537102093,1777537102127,202,33.413
3872,exp-perf5000-003872-45d73222,1777537102093,1777537102127,202,33.558
3873,exp-perf5000-003873-79ffff0c,1777537102094,1777537102128,202,33.558
3874,exp-perf5000-003874-9f06e76c,1777537102094,1777537102127,202,33.202
3875,exp-perf5000-003875-e8027199,1777537102095,1777537102128,202,33.520
3876,exp-perf5000-003876-e5f81844,1777537102095,1777537102128,202,33.461
3877,exp-perf5000-003877-6e925535,1777537102095,1777537102129,202,33.343
3878,exp-perf5000-003878-3db698a9,1777537102095,1777537102129,202,33.540
3879,exp-perf5000-003879-0589d0c1,1777537102096,1777537102129,202,33.568
3880,exp-perf5000-003880-4878ee52,1777537102096,1777537102130,202,33.483
3881,exp-perf5000-003881-8d586165,1777537102096,1777537102130,202,33.458
3882,exp-perf5000-003882-8e6402b3,1777537102097,1777537102130,202,33.429
3883,exp-perf5000-003883-3d62d251,1777537102097,1777537102131,202,33.377
3884,exp-perf5000-003884-5106bf6b,1777537102098,1777537102131,202,33.238
3885,exp-perf5000-003885-2f52e905,1777537102098,1777537102131,202,33.214
3886,exp-perf5000-003886-08324096,1777537102098,1777537102132,202,33.429
3887,exp-perf5000-003887-ae661beb,1777537102099,1777537102132,202,33.406
3888,exp-perf5000-003888-7780c1f8,1777537102099,1777537102132,202,33.521
3889,exp-perf5000-003889-c7d24c80,1777537102099,1777537102133,202,33.662
3890,exp-perf5000-003890-a354c953,1777537102099,1777537102133,202,33.641
3891,exp-perf5000-003891-2fee16ac,1777537102100,1777537102134,202,34.190
3892,exp-perf5000-003892-f861247f,1777537102100,1777537102134,202,33.574
3893,exp-perf5000-003893-31fdc621,1777537102101,1777537102135,202,34.126
3894,exp-perf5000-003894-b60bd452,1777537102101,1777537102134,202,33.591
3895,exp-perf5000-003895-edf68519,1777537102101,1777537102135,202,34.113
3896,exp-perf5000-003896-f7455d84,1777537102101,1777537102135,202,33.692
3897,exp-perf5000-003897-b8aaa95c,1777537102102,1777537102136,202,34.579
3898,exp-perf5000-003898-7f3c756a,1777537102102,1777537102136,202,34.328
3899,exp-perf5000-003899-e18b9e5c,1777537102102,1777537102137,202,34.454
3900,exp-perf5000-003900-298cdbe6,1777537102103,1777537102137,202,33.799
3901,exp-perf5000-003901-8c55f07f,1777537102103,1777537102138,202,34.370
3902,exp-perf5000-003902-9e89a05a,1777537102103,1777537102137,202,33.715
3903,exp-perf5000-003903-1fe5d979,1777537102104,1777537102138,202,34.399
3904,exp-perf5000-003904-c8d455ef,1777537102104,1777537102138,202,33.559
3905,exp-perf5000-003905-cf6cf36a,1777537102104,1777537102139,202,34.457
3906,exp-perf5000-003906-8a7ab3d0,1777537102105,1777537102138,202,33.588
3907,exp-perf5000-003907-61f8c72d,1777537102105,1777537102140,202,34.539
3908,exp-perf5000-003908-696ad842,1777537102106,1777537102139,202,33.559
3909,exp-perf5000-003909-bbd0f92f,1777537102106,1777537102140,202,34.523
3910,exp-perf5000-003910-c330f95d,1777537102106,1777537102140,202,33.630
3911,exp-perf5000-003911-c69d9b9b,1777537102106,1777537102141,202,34.459
3912,exp-perf5000-003912-d7c917aa,1777537102107,1777537102140,202,33.629
3913,exp-perf5000-003913-e215212b,1777537102107,1777537102142,202,34.561
3914,exp-perf5000-003914-e7f4b77a,1777537102107,1777537102141,202,33.560
3915,exp-perf5000-003915-6b0f5245,1777537102108,1777537102142,202,34.470
3916,exp-perf5000-003916-84f1bb4e,1777537102108,1777537102142,202,33.443
3917,exp-perf5000-003917-559fa52b,1777537102108,1777537102143,202,34.307
3918,exp-perf5000-003918-5991bac2,1777537102109,1777537102142,202,33.426
3919,exp-perf5000-003919-caf0d55f,1777537102109,1777537102143,202,34.441
3920,exp-perf5000-003920-388ac375,1777537102109,1777537102143,202,33.467
3921,exp-perf5000-003921-c319ae39,1777537102110,1777537102145,202,35.024
3922,exp-perf5000-003922-e02de0e3,1777537102110,1777537102144,202,33.459
3923,exp-perf5000-003923-4128ae67,1777537102110,1777537102146,202,35.281
3924,exp-perf5000-003924-42e290b5,1777537102111,1777537102145,202,33.870
3925,exp-perf5000-003925-8407d6a1,1777537102111,1777537102146,202,35.490
3926,exp-perf5000-003926-c176ce4b,1777537102111,1777537102145,202,34.097
3927,exp-perf5000-003927-b2817001,1777537102112,1777537102147,202,35.680
3928,exp-perf5000-003928-62c75de5,1777537102112,1777537102146,202,34.266
3929,exp-perf5000-003929-3250bbae,1777537102112,1777537102148,202,35.742
3930,exp-perf5000-003930-c24ebe39,1777537102113,1777537102147,202,34.505
3931,exp-perf5000-003931-005210f9,1777537102113,1777537102149,202,35.856
3932,exp-perf5000-003932-c7005a5d,1777537102113,1777537102148,202,34.513
3933,exp-perf5000-003933-8d355a32,1777537102114,1777537102150,202,35.866
3934,exp-perf5000-003934-fe2bccc3,1777537102114,1777537102149,202,34.523
3935,exp-perf5000-003935-b1d94334,1777537102115,1777537102150,202,35.624
3936,exp-perf5000-003936-d003e080,1777537102115,1777537102149,202,34.487
3937,exp-perf5000-003937-ba59c5aa,1777537102115,1777537102151,202,35.667
3938,exp-perf5000-003938-86bdd447,1777537102116,1777537102150,202,34.408
3939,exp-perf5000-003939-3e92f77b,1777537102116,1777537102152,202,35.642
3940,exp-perf5000-003940-e052c14a,1777537102116,1777537102151,202,34.437
3941,exp-perf5000-003941-fab4c313,1777537102117,1777537102152,202,35.783
3942,exp-perf5000-003942-89a6c794,1777537102117,1777537102152,202,34.572
3943,exp-perf5000-003943-7a6c7ef9,1777537102117,1777537102153,202,35.990
3944,exp-perf5000-003944-a79d3e81,1777537102118,1777537102152,202,34.642
3945,exp-perf5000-003945-97235b33,1777537102118,1777537102154,202,35.891
3946,exp-perf5000-003946-ae53680f,1777537102119,1777537102153,202,34.651
3947,exp-perf5000-003947-cbd8e09d,1777537102119,1777537102155,202,35.789
3948,exp-perf5000-003948-6be726a0,1777537102119,1777537102154,202,34.630
3949,exp-perf5000-003949-dd85ba51,1777537102119,1777537102156,202,36.226
3950,exp-perf5000-003950-3d65a96e,1777537102120,1777537102155,202,35.237
3951,exp-perf5000-003951-62cb822e,1777537102120,1777537102156,202,35.997
3952,exp-perf5000-003952-f729d44e,1777537102120,1777537102155,202,34.935
3953,exp-perf5000-003953-79590d49,1777537102121,1777537102157,202,36.184
3954,exp-perf5000-003954-cadc97ad,1777537102121,1777537102156,202,34.962
3955,exp-perf5000-003955-fccf757e,1777537102121,1777537102158,202,36.141
3956,exp-perf5000-003956-b8727207,1777537102122,1777537102157,202,35.018
3957,exp-perf5000-003957-7918713f,1777537102122,1777537102158,202,36.288
3958,exp-perf5000-003958-becda51a,1777537102122,1777537102157,202,34.990
3959,exp-perf5000-003959-64bff4f6,1777537102123,1777537102159,202,36.190
3960,exp-perf5000-003960-69456c53,1777537102123,1777537102158,202,34.912
3961,exp-perf5000-003961-cac38d12,1777537102123,1777537102160,202,36.205
3962,exp-perf5000-003962-36b2805a,1777537102124,1777537102159,202,34.929
3963,exp-perf5000-003963-e26e1f8c,1777537102124,1777537102160,202,36.188
3964,exp-perf5000-003964-e3f65ae6,1777537102125,1777537102159,202,34.798
3965,exp-perf5000-003965-f0a23067,1777537102125,1777537102161,202,36.204
3966,exp-perf5000-003966-1601c189,1777537102125,1777537102160,202,34.983
3967,exp-perf5000-003967-60a01f09,1777537102125,1777537102162,202,36.266
3968,exp-perf5000-003968-d6ba478f,1777537102126,1777537102161,202,35.012
3969,exp-perf5000-003969-8c771b59,1777537102126,1777537102162,202,36.323
3970,exp-perf5000-003970-6f815bd8,1777537102126,1777537102161,202,35.157
3971,exp-perf5000-003971-03bc9408,1777537102127,1777537102163,202,36.349
3972,exp-perf5000-003972-1dd6c8f2,1777537102127,1777537102162,202,35.305
3973,exp-perf5000-003973-95549837,1777537102127,1777537102164,202,36.279
3974,exp-perf5000-003974-e5b3e018,1777537102128,1777537102163,202,34.968
3975,exp-perf5000-003975-b3ef876f,1777537102128,1777537102164,202,36.378
3976,exp-perf5000-003976-d7472724,1777537102128,1777537102163,202,35.009
3977,exp-perf5000-003977-78c1cb46,1777537102129,1777537102165,202,36.162
3978,exp-perf5000-003978-6023abe0,1777537102129,1777537102164,202,34.790
3979,exp-perf5000-003979-135acf97,1777537102129,1777537102166,202,36.162
3980,exp-perf5000-003980-ef5e5ddf,1777537102130,1777537102165,202,35.066
3981,exp-perf5000-003981-8383eb03,1777537102130,1777537102166,202,36.186
3982,exp-perf5000-003982-843e60c4,1777537102130,1777537102165,202,35.019
3983,exp-perf5000-003983-94578ca4,1777537102131,1777537102167,202,36.296
3984,exp-perf5000-003984-95e85f91,1777537102131,1777537102166,202,34.973
3985,exp-perf5000-003985-f7ec06c1,1777537102131,1777537102168,202,36.361
3986,exp-perf5000-003986-5d2f4727,1777537102132,1777537102167,202,34.847
3987,exp-perf5000-003987-9acbd9ef,1777537102132,1777537102168,202,36.346
3988,exp-perf5000-003988-cf484eac,1777537102133,1777537102167,202,34.756
3989,exp-perf5000-003989-2a9186a1,1777537102133,1777537102169,202,35.980
3990,exp-perf5000-003990-c0d83110,1777537102133,1777537102168,202,34.771
3991,exp-perf5000-003991-49fff6c2,1777537102134,1777537102169,202,34.940
3992,exp-perf5000-003992-dc92f3c4,1777537102134,1777537102169,202,35.401
3993,exp-perf5000-003993-fc359f01,1777537102134,1777537102169,202,34.749
3994,exp-perf5000-003994-b3dfd23e,1777537102135,1777537102170,202,35.574
3995,exp-perf5000-003995-00c007e4,1777537102135,1777537102170,202,34.748
3996,exp-perf5000-003996-973d63a4,1777537102135,1777537102171,202,35.324
3997,exp-perf5000-003997-659a5f78,1777537102136,1777537102171,202,35.035
3998,exp-perf5000-003998-6b805cfa,1777537102136,1777537102171,202,34.141
3999,exp-perf5000-003999-083b3eeb,1777537102137,1777537102171,202,34.668
4000,exp-perf5000-004000-aa79422b,1777537102137,1777537102172,202,34.899
4001,exp-perf5000-004001-a65131fe,1777537102137,1777537102172,202,34.797
4002,exp-perf5000-004002-0700d1b6,1777537102138,1777537102173,202,35.016
4003,exp-perf5000-004003-914b101d,1777537102138,1777537102173,202,34.756
4004,exp-perf5000-004004-6b6101b7,1777537102138,1777537102173,202,35.096
4005,exp-perf5000-004005-e8278f43,1777537102138,1777537102173,202,34.710
4006,exp-perf5000-004006-7c386ae2,1777537102139,1777537102174,202,34.789
4007,exp-perf5000-004007-72e31896,1777537102139,1777537102174,202,34.726
4008,exp-perf5000-004008-9b7e7ca7,1777537102140,1777537102174,202,34.626
4009,exp-perf5000-004009-c5d1c441,1777537102140,1777537102175,202,34.632
4010,exp-perf5000-004010-6f4a7ae4,1777537102140,1777537102175,202,34.657
4011,exp-perf5000-004011-1c552b00,1777537102140,1777537102175,202,34.707
4012,exp-perf5000-004012-fc020203,1777537102141,1777537102176,202,34.810
4013,exp-perf5000-004013-7ac4fb1b,1777537102141,1777537102176,202,34.908
4014,exp-perf5000-004014-b8adf43a,1777537102142,1777537102177,202,35.142
4015,exp-perf5000-004015-8e97bbd8,1777537102142,1777537102177,202,35.110
4016,exp-perf5000-004016-8892008c,1777537102142,1777537102177,202,35.110
4017,exp-perf5000-004017-1c1efa7d,1777537102142,1777537102177,202,34.937
4018,exp-perf5000-004018-77ee390d,1777537102143,1777537102178,202,35.073
4019,exp-perf5000-004019-1c4ab94b,1777537102143,1777537102178,202,34.801
4020,exp-perf5000-004020-36b9694e,1777537102144,1777537102179,202,35.086
4021,exp-perf5000-004021-d5db13a1,1777537102144,1777537102179,202,34.952
4022,exp-perf5000-004022-c873b6b2,1777537102145,1777537102179,202,34.709
4023,exp-perf5000-004023-bcfbb8f1,1777537102145,1777537102179,202,34.536
4024,exp-perf5000-004024-a8ae6dcc,1777537102145,1777537102180,202,34.491
4025,exp-perf5000-004025-d3fececc,1777537102146,1777537102180,202,34.207
4026,exp-perf5000-004026-8b89fa6a,1777537102146,1777537102181,202,34.568
4027,exp-perf5000-004027-f5269e24,1777537102147,1777537102181,202,34.105
4028,exp-perf5000-004028-4cd15e23,1777537102147,1777537102181,202,34.220
4029,exp-perf5000-004029-50002196,1777537102147,1777537102181,202,33.757
4030,exp-perf5000-004030-b2668f5b,1777537102148,1777537102182,202,34.118
4031,exp-perf5000-004031-97bd37dd,1777537102148,1777537102182,202,33.599
4032,exp-perf5000-004032-b3e718da,1777537102149,1777537102183,202,33.941
4033,exp-perf5000-004033-21043747,1777537102149,1777537102182,202,33.493
4034,exp-perf5000-004034-7366e5d3,1777537102150,1777537102186,202,36.457
4035,exp-perf5000-004035-ca63e0c4,1777537102150,1777537102186,202,36.024
4036,exp-perf5000-004036-0d3373d5,1777537102150,1777537102186,202,35.506
4037,exp-perf5000-004037-ceb95a3e,1777537102150,1777537102186,202,35.809
4038,exp-perf5000-004038-e89b3b2a,1777537102151,1777537102186,202,35.034
4039,exp-perf5000-004039-fed1d0de,1777537102151,1777537102186,202,35.084
4040,exp-perf5000-004040-a5696e46,1777537102152,1777537102186,202,34.316
4041,exp-perf5000-004041-385f197c,1777537102152,1777537102186,202,34.335
4042,exp-perf5000-004042-d9252e48,1777537102152,1777537102187,202,34.206
4043,exp-perf5000-004043-2a10c54d,1777537102153,1777537102186,202,33.668
4044,exp-perf5000-004044-b6467850,1777537102153,1777537102187,202,33.559
4045,exp-perf5000-004045-6eb205aa,1777537102153,1777537102187,202,33.413
4046,exp-perf5000-004046-ce26efb3,1777537102154,1777537102187,202,33.491
4047,exp-perf5000-004047-9e962fb6,1777537102154,1777537102187,202,33.332
4048,exp-perf5000-004048-832eed5f,1777537102155,1777537102188,202,33.274
4049,exp-perf5000-004049-b95e1ec1,1777537102155,1777537102188,202,33.019
4050,exp-perf5000-004050-021ce471,1777537102155,1777537102189,202,33.301
4051,exp-perf5000-004051-7058a70a,1777537102156,1777537102189,202,32.955
4052,exp-perf5000-004052-8808d486,1777537102156,1777537102189,202,33.157
4053,exp-perf5000-004053-33fcbf13,1777537102156,1777537102189,202,33.153
4054,exp-perf5000-004054-3ed3e89e,1777537102157,1777537102190,202,33.243
4055,exp-perf5000-004055-57f70910,1777537102157,1777537102190,202,33.102
4056,exp-perf5000-004056-99e5c5eb,1777537102157,1777537102190,202,33.057
4057,exp-perf5000-004057-6b216744,1777537102158,1777537102191,202,33.031
4058,exp-perf5000-004058-3590bc0a,1777537102158,1777537102191,202,33.163
4059,exp-perf5000-004059-1dbbc530,1777537102158,1777537102191,202,33.094
4060,exp-perf5000-004060-ce71b4d8,1777537102159,1777537102192,202,33.482
4061,exp-perf5000-004061-33c8c6e7,1777537102159,1777537102192,202,32.913
4062,exp-perf5000-004062-79544169,1777537102159,1777537102192,202,33.098
4063,exp-perf5000-004063-d3637fb2,1777537102160,1777537102193,202,32.982
4064,exp-perf5000-004064-76024e92,1777537102160,1777537102193,202,33.022
4065,exp-perf5000-004065-988a90e7,1777537102160,1777537102193,202,32.915
4066,exp-perf5000-004066-9e00d06e,1777537102161,1777537102194,202,32.943
4067,exp-perf5000-004067-7e7478cd,1777537102161,1777537102194,202,32.878
4068,exp-perf5000-004068-faedfd83,1777537102161,1777537102194,202,32.951
4069,exp-perf5000-004069-b5a5a6f8,1777537102162,1777537102195,202,32.936
4070,exp-perf5000-004070-6fd23e53,1777537102162,1777537102195,202,32.843
4071,exp-perf5000-004071-0c8a02b8,1777537102162,1777537102195,202,32.567
4072,exp-perf5000-004072-9f99b425,1777537102163,1777537102196,202,32.985
4073,exp-perf5000-004073-7ef59cf5,1777537102163,1777537102196,202,32.849
4074,exp-perf5000-004074-f88b9e9b,1777537102163,1777537102196,202,32.866
4075,exp-perf5000-004075-a3278140,1777537102164,1777537102197,202,32.888
4076,exp-perf5000-004076-82b39e97,1777537102164,1777537102197,202,32.906
4077,exp-perf5000-004077-979e0005,1777537102165,1777537102197,202,32.744
4078,exp-perf5000-004078-7a67235b,1777537102165,1777537102198,202,32.960
4079,exp-perf5000-004079-14927061,1777537102165,1777537102198,202,32.916
4080,exp-perf5000-004080-f5b359ed,1777537102165,1777537102198,202,33.227
4081,exp-perf5000-004081-ae59fc0a,1777537102166,1777537102199,202,33.111
4082,exp-perf5000-004082-7cef7849,1777537102166,1777537102199,202,33.422
4083,exp-perf5000-004083-909ce73e,1777537102166,1777537102199,202,33.151
4084,exp-perf5000-004084-4fad82f1,1777537102167,1777537102200,202,33.376
4085,exp-perf5000-004085-f77554ec,1777537102167,1777537102200,202,32.996
4086,exp-perf5000-004086-92d8f517,1777537102167,1777537102201,202,33.301
4087,exp-perf5000-004087-8398564f,1777537102168,1777537102201,202,33.048
4088,exp-perf5000-004088-3c369878,1777537102168,1777537102201,202,33.327
4089,exp-perf5000-004089-a65c55ae,1777537102168,1777537102201,202,32.829
4090,exp-perf5000-004090-6291f982,1777537102169,1777537102202,202,33.309
4091,exp-perf5000-004091-a1963b84,1777537102169,1777537102202,202,32.938
4092,exp-perf5000-004092-eb92bc3f,1777537102169,1777537102203,202,33.421
4093,exp-perf5000-004093-5e12c301,1777537102169,1777537102202,202,33.080
4094,exp-perf5000-004094-8d9e9c3d,1777537102170,1777537102203,202,33.420
4095,exp-perf5000-004095-9815bc48,1777537102170,1777537102203,202,32.920
4096,exp-perf5000-004096-bbc4fe87,1777537102171,1777537102204,202,33.289
4097,exp-perf5000-004097-581160cd,1777537102171,1777537102204,202,33.050
4098,exp-perf5000-004098-626959bb,1777537102171,1777537102205,202,33.154
4099,exp-perf5000-004099-6a3284e2,1777537102171,1777537102204,202,33.022
4100,exp-perf5000-004100-541e7ab1,1777537102172,1777537102205,202,33.290
4101,exp-perf5000-004101-a9562aaf,1777537102172,1777537102205,202,33.431
4102,exp-perf5000-004102-a77d8465,1777537102173,1777537102206,202,33.619
4103,exp-perf5000-004103-a4b6b331,1777537102173,1777537102206,202,33.715
4104,exp-perf5000-004104-7d64921a,1777537102173,1777537102207,202,33.732
4105,exp-perf5000-004105-7b8339ac,1777537102173,1777537102207,202,33.797
4106,exp-perf5000-004106-2df18308,1777537102174,1777537102208,202,34.155
4107,exp-perf5000-004107-afaf9656,1777537102174,1777537102208,202,33.748
4108,exp-perf5000-004108-fe75ddcd,1777537102174,1777537102209,202,34.558
4109,exp-perf5000-004109-51488ad1,1777537102175,1777537102209,202,34.118
4110,exp-perf5000-004110-97c6cd70,1777537102175,1777537102209,202,34.421
4111,exp-perf5000-004111-8de02211,1777537102175,1777537102209,202,34.053
4112,exp-perf5000-004112-883a175f,1777537102176,1777537102210,202,34.330
4113,exp-perf5000-004113-318a797d,1777537102176,1777537102210,202,33.830
4114,exp-perf5000-004114-b1a49d5b,1777537102177,1777537102211,202,33.746
4115,exp-perf5000-004115-66d676b5,1777537102177,1777537102211,202,33.860
4116,exp-perf5000-004116-08ed40b1,1777537102177,1777537102211,202,33.908
4117,exp-perf5000-004117-d0b980c7,1777537102177,1777537102211,202,33.982
4118,exp-perf5000-004118-f54fe33d,1777537102178,1777537102212,202,33.998
4119,exp-perf5000-004119-8a90cb9c,1777537102178,1777537102212,202,34.093
4120,exp-perf5000-004120-03f34f13,1777537102179,1777537102213,202,33.775
4121,exp-perf5000-004121-403aafce,1777537102179,1777537102213,202,33.822
4122,exp-perf5000-004122-405fa64f,1777537102179,1777537102213,202,34.104
4123,exp-perf5000-004123-4b94fd1f,1777537102179,1777537102213,202,33.827
4124,exp-perf5000-004124-cf110189,1777537102180,1777537102214,202,34.023
4125,exp-perf5000-004125-2833f5ca,1777537102180,1777537102214,202,33.707
4126,exp-perf5000-004126-30b0f985,1777537102181,1777537102215,202,33.891
4127,exp-perf5000-004127-47a41e48,1777537102181,1777537102215,202,33.535
4128,exp-perf5000-004128-5a09c267,1777537102181,1777537102215,202,34.076
4129,exp-perf5000-004129-c66a5ccb,1777537102181,1777537102215,202,33.682
4130,exp-perf5000-004130-899585da,1777537102182,1777537102216,202,34.188
4131,exp-perf5000-004131-5e140846,1777537102182,1777537102216,202,33.578
4132,exp-perf5000-004132-8f1c9d61,1777537102182,1777537102217,202,34.033
4133,exp-perf5000-004133-d42f4bae,1777537102183,1777537102216,202,33.581
4134,exp-perf5000-004134-cb62107d,1777537102186,1777537102217,202,31.336
4135,exp-perf5000-004135-680f251a,1777537102186,1777537102217,202,31.012
4136,exp-perf5000-004136-b1f35a75,1777537102186,1777537102218,202,31.562
4137,exp-perf5000-004137-e11c97aa,1777537102186,1777537102218,202,32.135
4138,exp-perf5000-004138-9902aacb,1777537102186,1777537102219,202,32.669
4139,exp-perf5000-004139-07fa397d,1777537102186,1777537102218,202,31.603
4140,exp-perf5000-004140-3916b8dc,1777537102186,1777537102218,202,31.981
4141,exp-perf5000-004141-c5a87221,1777537102187,1777537102219,202,32.603
4142,exp-perf5000-004142-8f10e57d,1777537102187,1777537102220,202,33.238
4143,exp-perf5000-004143-fd0b80c0,1777537102187,1777537102219,202,32.892
4144,exp-perf5000-004144-469be314,1777537102187,1777537102220,202,33.481
4145,exp-perf5000-004145-16b57d93,1777537102187,1777537102220,202,33.093
4146,exp-perf5000-004146-26a60fb1,1777537102187,1777537102221,202,33.635
4147,exp-perf5000-004147-9cb9909a,1777537102187,1777537102221,202,33.273
4148,exp-perf5000-004148-fd467f5e,1777537102188,1777537102221,202,33.304
4149,exp-perf5000-004149-abe42a62,1777537102188,1777537102222,202,33.466
4150,exp-perf5000-004150-095bfb62,1777537102189,1777537102222,202,33.719
4151,exp-perf5000-004151-2030bba1,1777537102189,1777537102222,202,33.277
4152,exp-perf5000-004152-4acd8096,1777537102189,1777537102223,202,33.784
4153,exp-perf5000-004153-b1ca407a,1777537102189,1777537102223,202,33.287
4154,exp-perf5000-004154-0fd2c801,1777537102190,1777537102224,202,33.548
4155,exp-perf5000-004155-6643253c,1777537102190,1777537102223,202,33.188
4156,exp-perf5000-004156-88e8a95c,1777537102191,1777537102224,202,33.441
4157,exp-perf5000-004157-e05e60db,1777537102191,1777537102224,202,33.688
4158,exp-perf5000-004158-a0388441,1777537102191,1777537102225,202,33.407
4159,exp-perf5000-004159-ccb86adb,1777537102191,1777537102225,202,33.425
4160,exp-perf5000-004160-72a8833d,1777537102192,1777537102226,202,33.757
4161,exp-perf5000-004161-c270992f,1777537102192,1777537102225,202,33.184
4162,exp-perf5000-004162-9c6cac55,1777537102192,1777537102226,202,33.569
4163,exp-perf5000-004163-5ac29291,1777537102193,1777537102226,202,33.754
4164,exp-perf5000-004164-7d10de99,1777537102193,1777537102227,202,33.579
4165,exp-perf5000-004165-3232b7fe,1777537102193,1777537102227,202,33.714
4166,exp-perf5000-004166-448f5c44,1777537102194,1777537102227,202,33.765
4167,exp-perf5000-004167-a4ac56b3,1777537102194,1777537102228,202,33.724
4168,exp-perf5000-004168-d5bbb7c0,1777537102194,1777537102228,202,33.509
4169,exp-perf5000-004169-96bcdee9,1777537102195,1777537102228,202,33.638
4170,exp-perf5000-004170-739fc1da,1777537102195,1777537102229,202,33.558
4171,exp-perf5000-004171-9335ed53,1777537102195,1777537102229,202,33.675
4172,exp-perf5000-004172-4b5e7db2,1777537102196,1777537102229,202,33.652
4173,exp-perf5000-004173-de321069,1777537102196,1777537102230,202,33.684
4174,exp-perf5000-004174-db3cd084,1777537102196,1777537102230,202,33.775
4175,exp-perf5000-004175-0e5b4ff3,1777537102197,1777537102230,202,33.794
4176,exp-perf5000-004176-dbff5cd5,1777537102197,1777537102231,202,33.655
4177,exp-perf5000-004177-08411d8b,1777537102197,1777537102231,202,33.669
4178,exp-perf5000-004178-cd0fc113,1777537102198,1777537102231,202,33.475
4179,exp-perf5000-004179-5278f148,1777537102198,1777537102232,202,33.645
4180,exp-perf5000-004180-fe6c4c24,1777537102199,1777537102232,202,33.289
4181,exp-perf5000-004181-91976423,1777537102199,1777537102232,202,33.553
4182,exp-perf5000-004182-9d7a92a5,1777537102199,1777537102233,202,33.304
4183,exp-perf5000-004183-d6c28383,1777537102199,1777537102233,202,33.535
4184,exp-perf5000-004184-4a7cf89c,1777537102200,1777537102234,202,33.725
4185,exp-perf5000-004185-6bfb1e1c,1777537102200,1777537102233,202,33.241
4186,exp-perf5000-004186-51cf996b,1777537102201,1777537102234,202,33.289
4187,exp-perf5000-004187-54ca7b00,1777537102201,1777537102234,202,33.756
4188,exp-perf5000-004188-01bc1b62,1777537102201,1777537102235,202,33.346
4189,exp-perf5000-004189-582a3598,1777537102201,1777537102235,202,33.566
4190,exp-perf5000-004190-84944cff,1777537102202,1777537102236,202,33.807
4191,exp-perf5000-004191-85d73efd,1777537102202,1777537102235,202,33.143
4192,exp-perf5000-004192-2f32c6e6,1777537102203,1777537102236,202,33.683
4193,exp-perf5000-004193-658012d9,1777537102203,1777537102236,202,33.230
4194,exp-perf5000-004194-83932076,1777537102203,1777537102237,202,33.595
4195,exp-perf5000-004195-49b2f1b4,1777537102203,1777537102236,202,33.122
4196,exp-perf5000-004196-8e50fefb,1777537102204,1777537102237,202,33.608
4197,exp-perf5000-004197-12749ce2,1777537102204,1777537102237,202,33.199
4198,exp-perf5000-004198-a64d4a0a,1777537102205,1777537102238,202,33.586
4199,exp-perf5000-004199-3fde8a23,1777537102205,1777537102238,202,33.138
4200,exp-perf5000-004200-efa011a7,1777537102205,1777537102239,202,33.429
4201,exp-perf5000-004201-05fe0b78,1777537102206,1777537102238,202,32.853
4202,exp-perf5000-004202-e26d95d4,1777537102206,1777537102239,202,32.808
4203,exp-perf5000-004203-a838951c,1777537102206,1777537102239,202,32.957
4204,exp-perf5000-004204-5cc3748c,1777537102207,1777537102240,202,32.629
4205,exp-perf5000-004205-81e226e0,1777537102207,1777537102240,202,32.831
4206,exp-perf5000-004206-68fcdbf1,1777537102208,1777537102240,202,32.614
4207,exp-perf5000-004207-764ee78e,1777537102208,1777537102241,202,32.657
4208,exp-perf5000-004208-94015fc0,1777537102209,1777537102241,202,32.309
4209,exp-perf5000-004209-0e3e0e85,1777537102209,1777537102241,202,32.335
4210,exp-perf5000-004210-005b4943,1777537102209,1777537102242,202,32.359
4211,exp-perf5000-004211-d718beea,1777537102209,1777537102242,202,32.493
4212,exp-perf5000-004212-3a78aea4,1777537102210,1777537102242,202,32.374
4213,exp-perf5000-004213-66a09982,1777537102210,1777537102243,202,32.459
4214,exp-perf5000-004214-f4974141,1777537102211,1777537102243,202,32.269
4215,exp-perf5000-004215-6f6f187c,1777537102211,1777537102243,202,32.487
4216,exp-perf5000-004216-43e52da6,1777537102211,1777537102244,202,32.288
4217,exp-perf5000-004217-ee9ac9fe,1777537102211,1777537102244,202,32.509
4218,exp-perf5000-004218-c2d968f3,1777537102212,1777537102244,202,32.449
4219,exp-perf5000-004219-2884368b,1777537102212,1777537102245,202,32.623
4220,exp-perf5000-004220-e89acdbb,1777537102213,1777537102245,202,32.456
4221,exp-perf5000-004221-c4fc8526,1777537102213,1777537102245,202,32.688
4222,exp-perf5000-004222-97399baa,1777537102213,1777537102246,202,32.428
4223,exp-perf5000-004223-2d742b6a,1777537102213,1777537102246,202,32.688
4224,exp-perf5000-004224-5bd80234,1777537102214,1777537102246,202,32.492
4225,exp-perf5000-004225-acb86e2b,1777537102214,1777537102247,202,32.786
4226,exp-perf5000-004226-9f0279cc,1777537102215,1777537102247,202,32.386
4227,exp-perf5000-004227-1529bba7,1777537102215,1777537102247,202,32.787
4228,exp-perf5000-004228-822203e1,1777537102215,1777537102248,202,32.491
4229,exp-perf5000-004229-2c6382a9,1777537102215,1777537102248,202,32.825
4230,exp-perf5000-004230-36dea010,1777537102216,1777537102248,202,32.566
4231,exp-perf5000-004231-b4f41ece,1777537102216,1777537102249,202,32.844
4232,exp-perf5000-004232-c6a232bb,1777537102216,1777537102249,202,32.605
4233,exp-perf5000-004233-2d2c6716,1777537102217,1777537102249,202,32.886
4234,exp-perf5000-004234-fedd8a3b,1777537102217,1777537102250,202,32.684
4235,exp-perf5000-004235-e2b8eb16,1777537102217,1777537102250,202,33.001
4236,exp-perf5000-004236-98a6bc2c,1777537102218,1777537102250,202,32.744
4237,exp-perf5000-004237-f266a614,1777537102218,1777537102251,202,32.874
4238,exp-perf5000-004238-d41568ed,1777537102218,1777537102251,202,32.746
4239,exp-perf5000-004239-da052037,1777537102218,1777537102252,202,33.238
4240,exp-perf5000-004240-23751ecf,1777537102219,1777537102252,202,32.747
4241,exp-perf5000-004241-b01987cd,1777537102219,1777537102252,202,33.258
4242,exp-perf5000-004242-fd627e7d,1777537102220,1777537102252,202,32.736
4243,exp-perf5000-004243-7375db9f,1777537102220,1777537102253,202,33.325
4244,exp-perf5000-004244-9dbd774f,1777537102220,1777537102253,202,32.761
4245,exp-perf5000-004245-1c68266d,1777537102220,1777537102254,202,33.447
4246,exp-perf5000-004246-ec85aea6,1777537102221,1777537102254,202,32.823
4247,exp-perf5000-004247-23498103,1777537102221,1777537102254,202,33.387
4248,exp-perf5000-004248-86321fb8,1777537102221,1777537102254,202,32.866
4249,exp-perf5000-004249-d9a77bc5,1777537102222,1777537102255,202,33.476
4250,exp-perf5000-004250-d7d362d6,1777537102222,1777537102255,202,32.749
4251,exp-perf5000-004251-e3901548,1777537102222,1777537102256,202,33.227
4252,exp-perf5000-004252-d6d5c632,1777537102223,1777537102255,202,32.778
4253,exp-perf5000-004253-65fdecdd,1777537102223,1777537102256,202,33.213
4254,exp-perf5000-004254-cd335caa,1777537102223,1777537102256,202,32.708
4255,exp-perf5000-004255-2149dd46,1777537102224,1777537102257,202,33.246
4256,exp-perf5000-004256-7984691c,1777537102224,1777537102257,202,32.546
4257,exp-perf5000-004257-b5e17229,1777537102224,1777537102258,202,33.286
4258,exp-perf5000-004258-fa20f37a,1777537102225,1777537102257,202,32.491
4259,exp-perf5000-004259-3a30bfbd,1777537102225,1777537102258,202,33.577
4260,exp-perf5000-004260-53cc45cd,1777537102225,1777537102258,202,32.457
4261,exp-perf5000-004261-25ea3123,1777537102226,1777537102259,202,33.486
4262,exp-perf5000-004262-04b0432d,1777537102226,1777537102258,202,32.350
4263,exp-perf5000-004263-2820fcf3,1777537102226,1777537102260,202,33.342
4264,exp-perf5000-004264-619859fc,1777537102227,1777537102259,202,32.367
4265,exp-perf5000-004265-1fd8ab16,1777537102227,1777537102260,202,33.356
4266,exp-perf5000-004266-f5ba2644,1777537102227,1777537102260,202,32.362
4267,exp-perf5000-004267-2182e04a,1777537102228,1777537102261,202,33.513
4268,exp-perf5000-004268-6b572bd2,1777537102228,1777537102260,202,32.419
4269,exp-perf5000-004269-b0a1cda8,1777537102228,1777537102262,202,33.579
4270,exp-perf5000-004270-7da9dd54,1777537102229,1777537102261,202,32.405
4271,exp-perf5000-004271-32cd7096,1777537102229,1777537102263,202,33.650
4272,exp-perf5000-004272-bf174cb1,1777537102229,1777537102262,202,32.253
4273,exp-perf5000-004273-451b3e3d,1777537102230,1777537102263,202,33.476
4274,exp-perf5000-004274-7dfe8b44,1777537102230,1777537102262,202,32.040
4275,exp-perf5000-004275-0abe2477,1777537102230,1777537102264,202,33.330
4276,exp-perf5000-004276-7011f69a,1777537102231,1777537102263,202,32.309
4277,exp-perf5000-004277-21f937a0,1777537102231,1777537102264,202,33.309
4278,exp-perf5000-004278-a5757322,1777537102231,1777537102264,202,32.291
4279,exp-perf5000-004279-60d67829,1777537102232,1777537102265,202,33.403
4280,exp-perf5000-004280-9b91768a,1777537102232,1777537102264,202,32.233
4281,exp-perf5000-004281-561961eb,1777537102232,1777537102266,202,33.290
4282,exp-perf5000-004282-a91194df,1777537102233,1777537102265,202,32.067
4283,exp-perf5000-004283-f1771a0b,1777537102233,1777537102266,202,33.361
4284,exp-perf5000-004284-d331cb1b,1777537102233,1777537102265,202,32.182
4285,exp-perf5000-004285-c85b9953,1777537102234,1777537102267,202,33.320
4286,exp-perf5000-004286-e137b3fe,1777537102234,1777537102266,202,32.031
4287,exp-perf5000-004287-fabb2089,1777537102235,1777537102268,202,33.123
4288,exp-perf5000-004288-c12a51c1,1777537102235,1777537102267,202,31.970
4289,exp-perf5000-004289-944f9f93,1777537102235,1777537102268,202,33.353
4290,exp-perf5000-004290-6cee8731,1777537102235,1777537102267,202,32.127
4291,exp-perf5000-004291-3b6892df,1777537102236,1777537102269,202,33.194
4292,exp-perf5000-004292-4e4a29b9,1777537102236,1777537102268,202,32.076
4293,exp-perf5000-004293-2c90558e,1777537102236,1777537102270,202,33.382
4294,exp-perf5000-004294-e1831bce,1777537102237,1777537102269,202,32.194
4295,exp-perf5000-004295-6b037018,1777537102237,1777537102270,202,33.453
4296,exp-perf5000-004296-0cee2bf4,1777537102237,1777537102269,202,32.181
4297,exp-perf5000-004297-74abcfe3,1777537102238,1777537102271,202,33.537
4298,exp-perf5000-004298-b35d7585,1777537102238,1777537102270,202,32.379
4299,exp-perf5000-004299-b221c715,1777537102238,1777537102272,202,33.496
4300,exp-perf5000-004300-0a59cc74,1777537102238,1777537102271,202,32.340
4301,exp-perf5000-004301-541adc1b,1777537102239,1777537102272,202,33.605
4302,exp-perf5000-004302-c3a0ed8f,1777537102239,1777537102271,202,32.392
4303,exp-perf5000-004303-41482d79,1777537102239,1777537102273,202,33.587
4304,exp-perf5000-004304-73733b0a,1777537102240,1777537102272,202,32.496
4305,exp-perf5000-004305-51c9e771,1777537102240,1777537102274,202,33.552
4306,exp-perf5000-004306-0ed59f5f,1777537102240,1777537102273,202,32.534
4307,exp-perf5000-004307-73e7af5d,1777537102241,1777537102274,202,33.540
4308,exp-perf5000-004308-2c31ce06,1777537102241,1777537102273,202,32.350
4309,exp-perf5000-004309-3a0d61c7,1777537102241,1777537102275,202,33.540
4310,exp-perf5000-004310-2b683ab3,1777537102242,1777537102274,202,32.448
4311,exp-perf5000-004311-5344b3ec,1777537102242,1777537102275,202,33.483
4312,exp-perf5000-004312-43e8a3b6,1777537102242,1777537102275,202,32.485
4313,exp-perf5000-004313-01f800a1,1777537102243,1777537102276,202,33.472
4314,exp-perf5000-004314-151e86ec,1777537102243,1777537102276,202,32.572
4315,exp-perf5000-004315-da3c3df5,1777537102243,1777537102278,202,34.289
4316,exp-perf5000-004316-e08a91d7,1777537102244,1777537102276,202,32.683
4317,exp-perf5000-004317-798b0377,1777537102244,1777537102277,202,33.503
4318,exp-perf5000-004318-67abf471,1777537102244,1777537102278,202,33.364
4319,exp-perf5000-004319-4d575ed0,1777537102245,1777537102278,202,33.232
4320,exp-perf5000-004320-2cf3634c,1777537102245,1777537102278,202,32.691
4321,exp-perf5000-004321-7839f147,1777537102245,1777537102279,202,33.141
4322,exp-perf5000-004322-969f41ed,1777537102246,1777537102278,202,32.529
4323,exp-perf5000-004323-02478cb7,1777537102246,1777537102279,202,33.079
4324,exp-perf5000-004324-51b74c57,1777537102246,1777537102279,202,32.453
4325,exp-perf5000-004325-e9c3efb9,1777537102247,1777537102280,202,32.937
4326,exp-perf5000-004326-7d396227,1777537102247,1777537102279,202,32.468
4327,exp-perf5000-004327-ec2e7e34,1777537102248,1777537102280,202,32.877
4328,exp-perf5000-004328-490d48bc,1777537102248,1777537102280,202,32.442
4329,exp-perf5000-004329-83b84fc4,1777537102248,1777537102281,202,32.879
4330,exp-perf5000-004330-3cb413c3,1777537102248,1777537102281,202,32.436
4331,exp-perf5000-004331-7cecef79,1777537102249,1777537102282,202,32.804
4332,exp-perf5000-004332-3434ed18,1777537102249,1777537102281,202,32.393
4333,exp-perf5000-004333-23aad5ee,1777537102249,1777537102282,202,32.845
4334,exp-perf5000-004334-e235c92b,1777537102250,1777537102282,202,32.362
4335,exp-perf5000-004335-368d1aed,1777537102250,1777537102283,202,32.733
4336,exp-perf5000-004336-fac43ca7,1777537102250,1777537102283,202,32.276
4337,exp-perf5000-004337-cacf331f,1777537102251,1777537102284,202,32.846
4338,exp-perf5000-004338-40f61a65,1777537102251,1777537102283,202,32.374
4339,exp-perf5000-004339-73c8e4d0,1777537102252,1777537102284,202,32.477
4340,exp-perf5000-004340-640b4165,1777537102252,1777537102284,202,32.690
4341,exp-perf5000-004341-845059d8,1777537102252,1777537102285,202,32.512
4342,exp-perf5000-004342-a43b762c,1777537102252,1777537102285,202,32.621
4343,exp-perf5000-004343-6e8a133a,1777537102253,1777537102285,202,32.489
4344,exp-perf5000-004344-be4b8355,1777537102253,1777537102286,202,32.589
4345,exp-perf5000-004345-fd0261c4,1777537102254,1777537102286,202,32.503
4346,exp-perf5000-004346-20faa80f,1777537102254,1777537102286,202,32.499
4347,exp-perf5000-004347-f14eb69e,1777537102254,1777537102287,202,32.420
4348,exp-perf5000-004348-1c6426fd,1777537102254,1777537102287,202,32.560
4349,exp-perf5000-004349-a033c962,1777537102255,1777537102287,202,32.507
4350,exp-perf5000-004350-0146a8a7,1777537102255,1777537102288,202,32.658
4351,exp-perf5000-004351-d2d5a05a,1777537102255,1777537102288,202,32.674
4352,exp-perf5000-004352-70677028,1777537102256,1777537102289,202,32.880
4353,exp-perf5000-004353-71596eb2,1777537102256,1777537102289,202,32.811
4354,exp-perf5000-004354-67db33db,1777537102256,1777537102289,202,32.826
4355,exp-perf5000-004355-7b487445,1777537102257,1777537102289,202,32.874
4356,exp-perf5000-004356-b44b0612,1777537102257,1777537102290,202,32.844
4357,exp-perf5000-004357-cb36a0c6,1777537102257,1777537102290,202,32.927
4358,exp-perf5000-004358-0fda1917,1777537102258,1777537102290,202,32.786
4359,exp-perf5000-004359-3168277c,1777537102258,1777537102296,202,37.853
4360,exp-perf5000-004360-72f08326,1777537102259,1777537102296,202,37.224
4361,exp-perf5000-004361-9e18fd84,1777537102259,1777537102291,202,32.880
4362,exp-perf5000-004362-e0856322,1777537102259,1777537102292,202,32.884
4363,exp-perf5000-004363-2dffa9f1,1777537102259,1777537102296,202,36.528
4364,exp-perf5000-004364-a4f14f29,1777537102260,1777537102293,202,32.970
4365,exp-perf5000-004365-acb793f5,1777537102260,1777537102296,202,35.855
4366,exp-perf5000-004366-0ba31bcd,1777537102260,1777537102296,202,35.290
4367,exp-perf5000-004367-249b59fe,1777537102260,1777537102293,202,32.842
4368,exp-perf5000-004368-c8ea7cab,1777537102261,1777537102296,202,34.650
4369,exp-perf5000-004369-8e2e1521,1777537102261,1777537102294,202,32.956
4370,exp-perf5000-004370-05c68e85,1777537102262,1777537102296,202,34.706
4371,exp-perf5000-004371-14a35152,1777537102262,1777537102295,202,32.848
4372,exp-perf5000-004372-468e1df5,1777537102262,1777537102296,202,34.270
4373,exp-perf5000-004373-f14496af,1777537102263,1777537102296,202,33.109
4374,exp-perf5000-004374-7f289489,1777537102263,1777537102297,202,34.046
4375,exp-perf5000-004375-978ca8ea,1777537102263,1777537102300,202,36.983
4376,exp-perf5000-004376-b4c4e352,1777537102264,1777537102298,202,34.143
4377,exp-perf5000-004377-667aa820,1777537102264,1777537102300,202,35.910
4378,exp-perf5000-004378-487a190e,1777537102264,1777537102298,202,34.086
4379,exp-perf5000-004379-3c01276d,1777537102264,1777537102300,202,35.689
4380,exp-perf5000-004380-f99cd46b,1777537102265,1777537102300,202,35.243
4381,exp-perf5000-004381-c10d7446,1777537102265,1777537102299,202,34.315
4382,exp-perf5000-004382-f17a395c,1777537102266,1777537102301,202,34.939
4383,exp-perf5000-004383-7f0ab453,1777537102266,1777537102301,202,34.752
4384,exp-perf5000-004384-3f337824,1777537102266,1777537102301,202,34.685
4385,exp-perf5000-004385-370b1af4,1777537102266,1777537102301,202,34.424
4386,exp-perf5000-004386-9efc9b72,1777537102267,1777537102301,202,34.613
4387,exp-perf5000-004387-b78037de,1777537102267,1777537102301,202,34.278
4388,exp-perf5000-004388-c21df1f2,1777537102267,1777537102303,202,35.255
4389,exp-perf5000-004389-9020b19c,1777537102268,1777537102302,202,34.618
4390,exp-perf5000-004390-ca328169,1777537102268,1777537102303,202,34.795
4391,exp-perf5000-004391-dfb0f08e,1777537102268,1777537102303,202,34.680
4392,exp-perf5000-004392-586b979f,1777537102269,1777537102303,202,34.774
4393,exp-perf5000-004393-adbc8e71,1777537102269,1777537102304,202,34.731
4394,exp-perf5000-004394-c151870d,1777537102269,1777537102304,202,34.917
4395,exp-perf5000-004395-a1c9d99a,1777537102270,1777537102305,202,34.875
4396,exp-perf5000-004396-603c6721,1777537102270,1777537102306,202,35.416
4397,exp-perf5000-004397-0b6f3bef,1777537102270,1777537102305,202,34.968
4398,exp-perf5000-004398-16583208,1777537102271,1777537102306,202,35.149
4399,exp-perf5000-004399-14593e2d,1777537102271,1777537102306,202,34.711
4400,exp-perf5000-004400-9fc929c8,1777537102272,1777537102307,202,35.402
4401,exp-perf5000-004401-98b080ff,1777537102272,1777537102307,202,34.944
4402,exp-perf5000-004402-f2a91c75,1777537102272,1777537102308,202,35.598
4403,exp-perf5000-004403-6a9f3c50,1777537102272,1777537102307,202,34.996
4404,exp-perf5000-004404-05595e7e,1777537102273,1777537102309,202,35.958
4405,exp-perf5000-004405-b2959037,1777537102273,1777537102309,202,35.553
4406,exp-perf5000-004406-09ce74f6,1777537102273,1777537102310,202,36.767
4407,exp-perf5000-004407-d26cfa09,1777537102274,1777537102310,202,36.236
4408,exp-perf5000-004408-6719d899,1777537102274,1777537102311,202,36.452
4409,exp-perf5000-004409-182941fa,1777537102274,1777537102312,202,37.925
4410,exp-perf5000-004410-d2b9c66a,1777537102275,1777537102312,202,37.247
4411,exp-perf5000-004411-aca1bff1,1777537102275,1777537102312,202,37.230
4412,exp-perf5000-004412-a350dab4,1777537102275,1777537102313,202,37.695
4413,exp-perf5000-004413-e5dd160d,1777537102276,1777537102316,202,40.038
4414,exp-perf5000-004414-e2b69bc0,1777537102276,1777537102316,202,39.490
4415,exp-perf5000-004415-f09df347,1777537102276,1777537102316,202,39.829
4416,exp-perf5000-004416-e7c6a401,1777537102278,1777537102316,202,38.595
4417,exp-perf5000-004417-1cafc77a,1777537102278,1777537102316,202,38.425
4418,exp-perf5000-004418-d70a1641,1777537102278,1777537102330,202,51.823
4419,exp-perf5000-004419-cf461c8b,1777537102278,1777537102316,202,37.746
4420,exp-perf5000-004420-c1339745,1777537102278,1777537102319,202,40.815
4421,exp-perf5000-004421-66cfe6c8,1777537102278,1777537102330,202,51.769
4422,exp-perf5000-004422-2bad929f,1777537102279,1777537102320,202,41.064
4423,exp-perf5000-004423-8ecbfc46,1777537102279,1777537102330,202,51.460
4424,exp-perf5000-004424-98ad8a38,1777537102279,1777537102319,202,40.104
4425,exp-perf5000-004425-a1a2faee,1777537102279,1777537102331,202,51.516
4426,exp-perf5000-004426-fc43cffe,1777537102280,1777537102320,202,40.359
4427,exp-perf5000-004427-2fa54c61,1777537102280,1777537102331,202,50.902
4428,exp-perf5000-004428-de377bdb,1777537102280,1777537102325,202,44.107
4429,exp-perf5000-004429-83ab1af0,1777537102281,1777537102331,202,50.233
4430,exp-perf5000-004430-4b7a70f5,1777537102281,1777537102326,202,44.466
4431,exp-perf5000-004431-d51c4eb9,1777537102281,1777537102331,202,49.224
4432,exp-perf5000-004432-d525eb19,1777537102282,1777537102331,202,49.284
4433,exp-perf5000-004433-b4f9dbfe,1777537102282,1777537102340,202,57.926
4434,exp-perf5000-004434-250c6d32,1777537102282,1777537102333,202,50.804
4435,exp-perf5000-004435-6f11b943,1777537102283,1777537102339,202,56.598
4436,exp-perf5000-004436-60c98b3a,1777537102283,1777537102334,202,50.916
4437,exp-perf5000-004437-3a0e62ef,1777537102283,1777537102340,202,56.853
4438,exp-perf5000-004438-2035efb0,1777537102284,1777537102336,202,52.572
4439,exp-perf5000-004439-65462204,1777537102284,1777537102340,202,56.087
4440,exp-perf5000-004440-d67b2154,1777537102285,1777537102337,202,52.340
4441,exp-perf5000-004441-0a2800b6,1777537102285,1777537102339,202,54.112
4442,exp-perf5000-004442-77160cc4,1777537102285,1777537102338,202,52.826
4443,exp-perf5000-004443-d1221a92,1777537102285,1777537102340,202,54.812
4444,exp-perf5000-004444-e495a87c,1777537102286,1777537102339,202,53.603
4445,exp-perf5000-004445-071305bf,1777537102286,1777537102341,202,54.375
4446,exp-perf5000-004446-2a323c26,1777537102286,1777537102341,202,54.119
4447,exp-perf5000-004447-e5938c5b,1777537102287,1777537102341,202,53.729
4448,exp-perf5000-004448-87eaa410,1777537102287,1777537102341,202,53.932
4449,exp-perf5000-004449-f5e5fb25,1777537102288,1777537102341,202,53.758
4450,exp-perf5000-004450-ac87de7c,1777537102288,1777537102342,202,53.693
4451,exp-perf5000-004451-ba459069,1777537102288,1777537102342,202,53.702
4452,exp-perf5000-004452-2f4da1db,1777537102289,1777537102342,202,53.426
4453,exp-perf5000-004453-a89c930d,1777537102289,1777537102342,202,53.517
4454,exp-perf5000-004454-2d549abc,1777537102289,1777537102343,202,53.598
4455,exp-perf5000-004455-1c58b9ea,1777537102289,1777537102343,202,53.843
4456,exp-perf5000-004456-8b72e9a2,1777537102290,1777537102344,202,53.807
4457,exp-perf5000-004457-408de1c9,1777537102290,1777537102344,202,53.781
4458,exp-perf5000-004458-9e815f9a,1777537102291,1777537102344,202,53.801
4459,exp-perf5000-004459-b9581d00,1777537102291,1777537102346,202,54.229
4460,exp-perf5000-004460-325e7f69,1777537102292,1777537102346,202,54.134
4461,exp-perf5000-004461-651cd217,1777537102293,1777537102347,202,54.570
4462,exp-perf5000-004462-066c74f4,1777537102293,1777537102348,202,54.268
4463,exp-perf5000-004463-f15a3326,1777537102294,1777537102348,202,54.143
4464,exp-perf5000-004464-5432d28f,1777537102295,1777537102349,202,54.421
4465,exp-perf5000-004465-5365b573,1777537102296,1777537102345,202,49.646
4466,exp-perf5000-004466-e641b4d4,1777537102296,1777537102347,202,50.968
4467,exp-perf5000-004467-209a6ade,1777537102296,1777537102346,202,50.146
4468,exp-perf5000-004468-4c32aa17,1777537102296,1777537102348,202,51.864
4469,exp-perf5000-004469-e371c6e8,1777537102296,1777537102350,202,53.602
4470,exp-perf5000-004470-a663d5bf,1777537102296,1777537102349,202,52.713
4471,exp-perf5000-004471-08358418,1777537102296,1777537102350,202,53.781
4472,exp-perf5000-004472-9b801e76,1777537102296,1777537102351,202,54.290
4473,exp-perf5000-004473-e5105a11,1777537102297,1777537102351,202,54.883
4474,exp-perf5000-004474-b46cbbd6,1777537102297,1777537102352,202,55.238
4475,exp-perf5000-004475-a2e18147,1777537102298,1777537102353,202,55.333
4476,exp-perf5000-004476-515956f1,1777537102298,1777537102355,202,56.899
4477,exp-perf5000-004477-a20f7af0,1777537102300,1777537102351,202,51.696
4478,exp-perf5000-004478-1a512292,1777537102300,1777537102351,202,50.967
4479,exp-perf5000-004479-14a175f6,1777537102300,1777537102357,202,56.453
4480,exp-perf5000-004480-2e266cc7,1777537102300,1777537102352,202,51.668
4481,exp-perf5000-004481-ef0b7cf0,1777537102300,1777537102353,202,52.549
4482,exp-perf5000-004482-a9c8eb0e,1777537102301,1777537102353,202,52.871
4483,exp-perf5000-004483-16ceb07d,1777537102301,1777537102358,202,56.887
4484,exp-perf5000-004484-d23fcc02,1777537102301,1777537102358,202,57.629
4485,exp-perf5000-004485-6001df20,1777537102301,1777537102354,202,53.339
4486,exp-perf5000-004486-ec7e5177,1777537102301,1777537102355,202,53.495
4487,exp-perf5000-004487-18e74c0e,1777537102302,1777537102359,202,57.621
4488,exp-perf5000-004488-c04afb68,1777537102302,1777537102356,202,53.254
4489,exp-perf5000-004489-7ac1dba1,1777537102303,1777537102360,202,57.495
4490,exp-perf5000-004490-500c817e,1777537102303,1777537102361,202,57.758
4491,exp-perf5000-004491-3a01db53,1777537102303,1777537102356,202,53.302
4492,exp-perf5000-004492-1ab3a279,1777537102304,1777537102361,202,57.831
4493,exp-perf5000-004493-3f17ce5a,1777537102304,1777537102357,202,53.346
4494,exp-perf5000-004494-462075dd,1777537102304,1777537102362,202,57.658
4495,exp-perf5000-004495-c729f43d,1777537102305,1777537102358,202,53.415
4496,exp-perf5000-004496-b8bb4f66,1777537102305,1777537102359,202,53.359
4497,exp-perf5000-004497-22d199e9,1777537102306,1777537102363,202,57.057
4498,exp-perf5000-004498-4449b55d,1777537102306,1777537102360,202,54.149
4499,exp-perf5000-004499-36625bbc,1777537102306,1777537102363,202,57.409
4500,exp-perf5000-004500-9f2f569c,1777537102307,1777537102361,202,54.140
4501,exp-perf5000-004501-a89ca1cd,1777537102307,1777537102364,202,57.190
4502,exp-perf5000-004502-8f7d2053,1777537102307,1777537102362,202,54.160
4503,exp-perf5000-004503-9511cc14,1777537102308,1777537102365,202,56.930
4504,exp-perf5000-004504-b31964e1,1777537102309,1777537102362,202,53.606
4505,exp-perf5000-004505-4c11646d,1777537102309,1777537102365,202,56.549
4506,exp-perf5000-004506-b4795c32,1777537102310,1777537102363,202,52.931
4507,exp-perf5000-004507-b874eff2,1777537102310,1777537102367,202,56.507
4508,exp-perf5000-004508-595a96bc,1777537102311,1777537102367,202,56.231
4509,exp-perf5000-004509-b5b8590f,1777537102313,1777537102368,202,54.540
4510,exp-perf5000-004510-211d7c1d,1777537102313,1777537102365,202,51.544
4511,exp-perf5000-004511-741054bc,1777537102313,1777537102364,202,50.921
4512,exp-perf5000-004512-3617fa2c,1777537102313,1777537102363,202,50.169
4513,exp-perf5000-004513-72db0a52,1777537102316,1777537102369,202,53.769
4514,exp-perf5000-004514-7f9d45ec,1777537102316,1777537102367,202,50.781
4515,exp-perf5000-004515-ae62ec96,1777537102316,1777537102369,202,52.942
4516,exp-perf5000-004516-6e69bf3d,1777537102316,1777537102366,202,49.679
4517,exp-perf5000-004517-fca3e381,1777537102316,1777537102365,202,48.957
4518,exp-perf5000-004518-8d603bba,1777537102316,1777537102368,202,51.614
4519,exp-perf5000-004519-7f7d3b02,1777537102319,1777537102367,202,48.488
4520,exp-perf5000-004520-f3102700,1777537102319,1777537102369,202,49.361
4521,exp-perf5000-004521-ba146e3f,1777537102320,1777537102368,202,48.494
4522,exp-perf5000-004522-a9facbdf,1777537102320,1777537102369,202,49.230
4523,exp-perf5000-004523-b4946ad4,1777537102325,1777537102370,202,45.529
4524,exp-perf5000-004524-44f3ef01,1777537102326,1777537102371,202,45.215
4525,exp-perf5000-004525-976e01ac,1777537102330,1777537102370,202,40.389
4526,exp-perf5000-004526-edb58b0c,1777537102330,1777537102372,202,41.669
4527,exp-perf5000-004527-a3c7246b,1777537102330,1777537102371,202,40.428
4528,exp-perf5000-004528-9a6bad91,1777537102331,1777537102373,202,41.901
4529,exp-perf5000-004529-2e0ba7ed,1777537102331,1777537102373,202,42.292
4530,exp-perf5000-004530-8e2eae89,1777537102331,1777537102371,202,40.246
4531,exp-perf5000-004531-4f2194d3,1777537102331,1777537102374,202,42.940
4532,exp-perf5000-004532-4e800b5a,1777537102331,1777537102375,202,43.660
4533,exp-perf5000-004533-2cf8ed2d,1777537102333,1777537102372,202,39.292
4534,exp-perf5000-004534-8ee56d9e,1777537102334,1777537102373,202,39.125
4535,exp-perf5000-004535-b18de579,1777537102336,1777537102374,202,37.830
4536,exp-perf5000-004536-ee5f8a8e,1777537102337,1777537102375,202,37.858
4537,exp-perf5000-004537-9c2d0502,1777537102338,1777537102377,202,38.632
4538,exp-perf5000-004538-2674e1cc,1777537102339,1777537102377,202,37.671
4539,exp-perf5000-004539-5bc1d85a,1777537102340,1777537102378,202,38.057
4540,exp-perf5000-004540-76a16013,1777537102340,1777537102377,202,37.512
4541,exp-perf5000-004541-e8f80931,1777537102340,1777537102378,202,38.149
4542,exp-perf5000-004542-ad543724,1777537102340,1777537102380,202,39.149
4543,exp-perf5000-004543-56c7909f,1777537102340,1777537102380,202,39.898
4544,exp-perf5000-004544-b3f9fce2,1777537102340,1777537102382,202,41.252
4545,exp-perf5000-004545-3bb7dcee,1777537102341,1777537102383,202,41.869
4546,exp-perf5000-004546-aa879d1a,1777537102341,1777537102378,202,37.247
4547,exp-perf5000-004547-750bb176,1777537102341,1777537102383,202,42.381
4548,exp-perf5000-004548-96125a1b,1777537102341,1777537102379,202,37.853
4549,exp-perf5000-004549-a101a3b2,1777537102341,1777537102384,202,42.735
4550,exp-perf5000-004550-9e07cce6,1777537102342,1777537102380,202,38.340
4551,exp-perf5000-004551-69a7e9e7,1777537102342,1777537102385,202,42.678
4552,exp-perf5000-004552-5c0632bb,1777537102342,1777537102381,202,38.831
4553,exp-perf5000-004553-02696697,1777537102343,1777537102386,202,42.980
4554,exp-perf5000-004554-5ea67bac,1777537102343,1777537102382,202,39.191
4555,exp-perf5000-004555-f3980957,1777537102343,1777537102386,202,42.910
4556,exp-perf5000-004556-c669d77a,1777537102344,1777537102383,202,39.009
4557,exp-perf5000-004557-c0c3190a,1777537102344,1777537102387,202,42.999
4558,exp-perf5000-004558-e6e3b21d,1777537102344,1777537102383,202,39.087
4559,exp-perf5000-004559-72ad96db,1777537102346,1777537102388,202,42.633
4560,exp-perf5000-004560-556e520d,1777537102346,1777537102384,202,38.537
4561,exp-perf5000-004561-6baacba8,1777537102346,1777537102385,202,38.568
4562,exp-perf5000-004562-9b9b5da0,1777537102346,1777537102389,202,42.676
4563,exp-perf5000-004563-28f58436,1777537102347,1777537102390,202,42.764
4564,exp-perf5000-004564-0be1cc49,1777537102347,1777537102386,202,38.404
4565,exp-perf5000-004565-4f2311d2,1777537102348,1777537102386,202,38.779
4566,exp-perf5000-004566-8ef0f1f9,1777537102348,1777537102391,202,42.511
4567,exp-perf5000-004567-fccfabfe,1777537102348,1777537102387,202,38.755
4568,exp-perf5000-004568-bdda1561,1777537102349,1777537102391,202,42.433
4569,exp-perf5000-004569-c8e63999,1777537102349,1777537102388,202,38.630
4570,exp-perf5000-004570-3621131d,1777537102350,1777537102389,202,38.832
4571,exp-perf5000-004571-9d74c7c4,1777537102350,1777537102393,202,42.579
4572,exp-perf5000-004572-e45a1c94,1777537102351,1777537102394,202,43.104
4573,exp-perf5000-004573-e7a16e6f,1777537102351,1777537102389,202,38.559
4574,exp-perf5000-004574-05ce184a,1777537102351,1777537102390,202,38.897
4575,exp-perf5000-004575-7ad27b16,1777537102352,1777537102395,202,43.366
4576,exp-perf5000-004576-27b82f23,1777537102352,1777537102391,202,38.825
4577,exp-perf5000-004577-272718b3,1777537102352,1777537102396,202,43.784
4578,exp-perf5000-004578-6ed1f1eb,1777537102353,1777537102392,202,38.650
4579,exp-perf5000-004579-8b235ad2,1777537102353,1777537102397,202,43.991
4580,exp-perf5000-004580-94c5798b,1777537102354,1777537102392,202,38.898
4581,exp-perf5000-004581-97b977b4,1777537102354,1777537102393,202,39.069
4582,exp-perf5000-004582-ea6b163e,1777537102355,1777537102394,202,39.146
4583,exp-perf5000-004583-eced3d8e,1777537102355,1777537102398,202,42.529
4584,exp-perf5000-004584-d5ba5517,1777537102356,1777537102395,202,39.412
4585,exp-perf5000-004585-72a6b097,1777537102356,1777537102396,202,39.421
4586,exp-perf5000-004586-c2c04a10,1777537102357,1777537102399,202,41.990
4587,exp-perf5000-004587-a9010543,1777537102357,1777537102397,202,39.615
4588,exp-perf5000-004588-518c8770,1777537102358,1777537102401,202,43.106
4589,exp-perf5000-004589-e7471c4a,1777537102358,1777537102397,202,39.463
4590,exp-perf5000-004590-94f8589a,1777537102359,1777537102402,202,43.365
4591,exp-perf5000-004591-e3c0d7ae,1777537102359,1777537102398,202,39.309
4592,exp-perf5000-004592-3e9f0b80,1777537102359,1777537102403,202,43.674
4593,exp-perf5000-004593-c771abfb,1777537102360,1777537102399,202,38.881
4594,exp-perf5000-004594-0ba1a98f,1777537102360,1777537102404,202,43.786
4595,exp-perf5000-004595-9685b7b1,1777537102361,1777537102405,202,44.385
4596,exp-perf5000-004596-85844d3a,1777537102361,1777537102401,202,39.870
4597,exp-perf5000-004597-eba399a0,1777537102362,1777537102406,202,44.685
4598,exp-perf5000-004598-1670966a,1777537102362,1777537102402,202,40.671
4599,exp-perf5000-004599-04a8dfd1,1777537102362,1777537102407,202,45.227
4600,exp-perf5000-004600-c2d07e67,1777537102362,1777537102404,202,41.341
4601,exp-perf5000-004601-cd45399f,1777537102363,1777537102408,202,45.664
4602,exp-perf5000-004602-c655a16b,1777537102363,1777537102405,202,41.640
4603,exp-perf5000-004603-669160c5,1777537102363,1777537102410,202,46.170
4604,exp-perf5000-004604-df8abbb7,1777537102363,1777537102406,202,42.211
4605,exp-perf5000-004605-74862a46,1777537102364,1777537102407,202,42.728
4606,exp-perf5000-004606-d2fa6728,1777537102364,1777537102410,202,46.251
4607,exp-perf5000-004607-0e908d91,1777537102365,1777537102408,202,43.215
4608,exp-perf5000-004608-41e0874d,1777537102365,1777537102412,202,46.751
4609,exp-perf5000-004609-bb09174f,1777537102365,1777537102409,202,43.642
4610,exp-perf5000-004610-802f140c,1777537102365,1777537102412,202,46.930
4611,exp-perf5000-004611-85adb4da,1777537102366,1777537102410,202,44.311
4612,exp-perf5000-004612-d05ac1e9,1777537102367,1777537102411,202,44.411
4613,exp-perf5000-004613-1f359dbb,1777537102367,1777537102413,202,46.492
4614,exp-perf5000-004614-82fdd072,1777537102367,1777537102414,202,47.140
4615,exp-perf5000-004615-34ba501c,1777537102367,1777537102412,202,44.737
4616,exp-perf5000-004616-c1168db5,1777537102368,1777537102416,202,48.756
4617,exp-perf5000-004617-210fa0a7,1777537102368,1777537102417,202,49.057
4618,exp-perf5000-004618-cc934956,1777537102368,1777537102413,202,44.714
4619,exp-perf5000-004619-4d1fc791,1777537102369,1777537102414,202,45.129
4620,exp-perf5000-004620-2772c461,1777537102369,1777537102418,202,49.290
4621,exp-perf5000-004621-5f1c830d,1777537102370,1777537102420,202,50.127
4622,exp-perf5000-004622-08683a64,1777537102370,1777537102416,202,46.605
4623,exp-perf5000-004623-7880330e,1777537102370,1777537102421,202,50.624
4624,exp-perf5000-004624-c43427ae,1777537102370,1777537102417,202,47.204
4625,exp-perf5000-004625-3c25e38b,1777537102371,1777537102422,202,51.153
4626,exp-perf5000-004626-c632d847,1777537102371,1777537102419,202,48.275
4627,exp-perf5000-004627-ddbc69f6,1777537102371,1777537102421,202,49.590
4628,exp-perf5000-004628-b44512fa,1777537102372,1777537102423,202,51.629
4629,exp-perf5000-004629-a90ccbc3,1777537102373,1777537102422,202,49.681
4630,exp-perf5000-004630-236694a3,1777537102373,1777537102424,202,51.689
4631,exp-perf5000-004631-7e144db5,1777537102373,1777537102423,202,50.085
4632,exp-perf5000-004632-dcdf54c5,1777537102373,1777537102425,202,51.501
4633,exp-perf5000-004633-eabb251d,1777537102374,1777537102424,202,49.810
4634,exp-perf5000-004634-4296b77b,1777537102374,1777537102426,202,51.967
4635,exp-perf5000-004635-a4c00033,1777537102375,1777537102425,202,50.139
4636,exp-perf5000-004636-0d081f4a,1777537102375,1777537102427,202,51.745
4637,exp-perf5000-004637-5889d068,1777537102377,1777537102426,202,49.753
4638,exp-perf5000-004638-ff46e119,1777537102377,1777537102429,202,51.840
4639,exp-perf5000-004639-150d93e1,1777537102377,1777537102427,202,49.894
4640,exp-perf5000-004640-45ea97e3,1777537102378,1777537102430,202,51.889
4641,exp-perf5000-004641-7ab8f479,1777537102378,1777537102429,202,50.619
4642,exp-perf5000-004642-703dcd1f,1777537102378,1777537102430,202,51.981
4643,exp-perf5000-004643-8df9fffb,1777537102379,1777537102429,202,50.296
4644,exp-perf5000-004644-294dcf9d,1777537102380,1777537102432,202,52.146
4645,exp-perf5000-004645-0a839e80,1777537102380,1777537102430,202,50.018
4646,exp-perf5000-004646-c5c9f9d0,1777537102380,1777537102432,202,51.865
4647,exp-perf5000-004647-8907343d,1777537102381,1777537102432,202,50.880
4648,exp-perf5000-004648-2f0290b4,1777537102382,1777537102435,202,52.843
4649,exp-perf5000-004649-d24f95f4,1777537102382,1777537102433,202,50.610
4650,exp-perf5000-004650-db8ef555,1777537102383,1777537102440,202,57.153
4651,exp-perf5000-004651-35ca5a6f,1777537102383,1777537102434,202,51.632
4652,exp-perf5000-004652-d05dcdca,1777537102383,1777537102440,202,56.205
4653,exp-perf5000-004653-aae24cb5,1777537102384,1777537102435,202,51.576
4654,exp-perf5000-004654-2d6c2ff2,1777537102384,1777537102440,202,55.431
4655,exp-perf5000-004655-a546531f,1777537102384,1777537102436,202,51.796
4656,exp-perf5000-004656-35403c6b,1777537102385,1777537102440,202,55.069
4657,exp-perf5000-004657-25cb4ddf,1777537102385,1777537102436,202,51.409
4658,exp-perf5000-004658-4fe2b35d,1777537102386,1777537102440,202,54.272
4659,exp-perf5000-004659-1d347fc8,1777537102386,1777537102437,202,51.103
4660,exp-perf5000-004660-01e6f92b,1777537102386,1777537102440,202,53.593
4661,exp-perf5000-004661-42cd00ea,1777537102386,1777537102438,202,51.054
4662,exp-perf5000-004662-75b63dbb,1777537102387,1777537102440,202,52.776
4663,exp-perf5000-004663-67a15bf7,1777537102387,1777537102438,202,51.075
4664,exp-perf5000-004664-c5c2664e,1777537102388,1777537102441,202,53.410
4665,exp-perf5000-004665-e5c3ca3c,1777537102388,1777537102441,202,52.502
4666,exp-perf5000-004666-349e78cf,1777537102389,1777537102445,202,56.427
4667,exp-perf5000-004667-51d0d224,1777537102389,1777537102442,202,52.587
4668,exp-perf5000-004668-7d328ab8,1777537102389,1777537102446,202,56.251
4669,exp-perf5000-004669-7fdbb319,1777537102390,1777537102442,202,52.595
4670,exp-perf5000-004670-65b1cfc0,1777537102390,1777537102446,202,56.228
4671,exp-perf5000-004671-3ac920b0,1777537102391,1777537102443,202,52.629
4672,exp-perf5000-004672-0293e9d8,1777537102391,1777537102447,202,56.048
4673,exp-perf5000-004673-69b6ce38,1777537102391,1777537102445,202,53.388
4674,exp-perf5000-004674-c3bac644,1777537102392,1777537102448,202,56.154
4675,exp-perf5000-004675-753084b4,1777537102392,1777537102448,202,55.998
4676,exp-perf5000-004676-10434fd8,1777537102393,1777537102445,202,52.660
4677,exp-perf5000-004677-d468e762,1777537102393,1777537102449,202,55.838
4678,exp-perf5000-004678-985a6b1e,1777537102394,1777537102446,202,52.160
4679,exp-perf5000-004679-22ab1f84,1777537102394,1777537102450,202,56.063
4680,exp-perf5000-004680-29ce7ddb,1777537102395,1777537102447,202,51.780
4681,exp-perf5000-004681-7528b65f,1777537102395,1777537102451,202,55.733
4682,exp-perf5000-004682-f41d3e48,1777537102396,1777537102452,202,55.686
4683,exp-perf5000-004683-5fb74071,1777537102396,1777537102447,202,51.121
4684,exp-perf5000-004684-87609af3,1777537102397,1777537102452,202,55.500
4685,exp-perf5000-004685-fdb6418f,1777537102397,1777537102448,202,50.879
4686,exp-perf5000-004686-ad99d119,1777537102398,1777537102453,202,55.368
4687,exp-perf5000-004687-809a7d67,1777537102398,1777537102449,202,50.773
4688,exp-perf5000-004688-d4366023,1777537102398,1777537102454,202,55.434
4689,exp-perf5000-004689-3f81792b,1777537102399,1777537102449,202,50.514
4690,exp-perf5000-004690-3aacd009,1777537102399,1777537102454,202,55.379
4691,exp-perf5000-004691-0191444d,1777537102401,1777537102450,202,49.068
4692,exp-perf5000-004692-d6c8b4ea,1777537102401,1777537102455,202,53.937
4693,exp-perf5000-004693-ab3a51ea,1777537102402,1777537102451,202,48.749
4694,exp-perf5000-004694-4f5faf43,1777537102402,1777537102456,202,53.385
4695,exp-perf5000-004695-5bce0c7d,1777537102403,1777537102451,202,48.296
4696,exp-perf5000-004696-5076f772,1777537102404,1777537102456,202,52.698
4697,exp-perf5000-004697-2cfc7005,1777537102404,1777537102452,202,47.937
4698,exp-perf5000-004698-c0f2fa10,1777537102405,1777537102457,202,52.470
4699,exp-perf5000-004699-6680d2ba,1777537102405,1777537102453,202,47.429
4700,exp-perf5000-004700-40e4c1a3,1777537102406,1777537102458,202,52.060
4701,exp-perf5000-004701-e57f8f31,1777537102406,1777537102453,202,47.070
4702,exp-perf5000-004702-eb2cf8ed,1777537102407,1777537102459,202,51.666
4703,exp-perf5000-004703-953060bc,1777537102407,1777537102454,202,46.539
4704,exp-perf5000-004704-6cf675ba,1777537102408,1777537102459,202,51.358
4705,exp-perf5000-004705-bccba816,1777537102408,1777537102455,202,46.264
4706,exp-perf5000-004706-0b891ba7,1777537102409,1777537102460,202,50.778
4707,exp-perf5000-004707-0f53637f,1777537102410,1777537102455,202,45.738
4708,exp-perf5000-004708-13d25813,1777537102410,1777537102460,202,50.173
4709,exp-perf5000-004709-ac5100d9,1777537102411,1777537102456,202,45.645
4710,exp-perf5000-004710-01977ea2,1777537102411,1777537102461,202,50.115
4711,exp-perf5000-004711-e2b99047,1777537102412,1777537102457,202,45.123
4712,exp-perf5000-004712-d04736f0,1777537102412,1777537102462,202,49.692
4713,exp-perf5000-004713-d36eb96a,1777537102412,1777537102457,202,44.888
4714,exp-perf5000-004714-cfd9f492,1777537102413,1777537102463,202,49.653
4715,exp-perf5000-004715-0aa52721,1777537102413,1777537102458,202,44.778
4716,exp-perf5000-004716-89c468c6,1777537102414,1777537102463,202,49.326
4717,exp-perf5000-004717-044e1273,1777537102414,1777537102459,202,44.720
4718,exp-perf5000-004718-deaa7a3d,1777537102416,1777537102464,202,47.716
4719,exp-perf5000-004719-d1fbf8ae,1777537102416,1777537102459,202,43.097
4720,exp-perf5000-004720-1a929802,1777537102417,1777537102460,202,42.876
4721,exp-perf5000-004721-69eb656b,1777537102417,1777537102465,202,47.389
4722,exp-perf5000-004722-2ca26b2c,1777537102418,1777537102461,202,42.487
4723,exp-perf5000-004723-100e5119,1777537102419,1777537102465,202,46.274
4724,exp-perf5000-004724-2f858794,1777537102420,1777537102461,202,41.782
4725,exp-perf5000-004725-87779b0a,1777537102421,1777537102462,202,41.179
4726,exp-perf5000-004726-7828a5cf,1777537102421,1777537102466,202,44.985
4727,exp-perf5000-004727-3ccb80bd,1777537102422,1777537102463,202,40.899
4728,exp-perf5000-004728-7f834ab9,1777537102422,1777537102467,202,44.487
4729,exp-perf5000-004729-a91f8280,1777537102423,1777537102467,202,43.947
4730,exp-perf5000-004730-d4d66ab3,1777537102423,1777537102463,202,40.008
4731,exp-perf5000-004731-b1cb9a10,1777537102424,1777537102468,202,44.007
4732,exp-perf5000-004732-3d5bb377,1777537102424,1777537102464,202,39.731
4733,exp-perf5000-004733-b1d22613,1777537102425,1777537102465,202,39.700
4734,exp-perf5000-004734-066450b2,1777537102425,1777537102469,202,43.657
4735,exp-perf5000-004735-d2001a63,1777537102426,1777537102466,202,39.126
4736,exp-perf5000-004736-a578d4c6,1777537102426,1777537102469,202,42.958
4737,exp-perf5000-004737-6352897e,1777537102427,1777537102466,202,39.125
4738,exp-perf5000-004738-2adc83b0,1777537102427,1777537102470,202,42.993
4739,exp-perf5000-004739-a97fb517,1777537102429,1777537102467,202,37.860
4740,exp-perf5000-004740-3cfb1e24,1777537102429,1777537102471,202,42.029
4741,exp-perf5000-004741-44beb097,1777537102429,1777537102471,202,42.159
4742,exp-perf5000-004742-f2733ac4,1777537102430,1777537102467,202,37.902
4743,exp-perf5000-004743-00a92bc2,1777537102430,1777537102472,202,41.988
4744,exp-perf5000-004744-29129a32,1777537102430,1777537102468,202,37.361
4745,exp-perf5000-004745-131794fe,1777537102432,1777537102469,202,36.830
4746,exp-perf5000-004746-5f47d594,1777537102432,1777537102473,202,40.813
4747,exp-perf5000-004747-5b319813,1777537102432,1777537102469,202,36.927
4748,exp-perf5000-004748-62e2f5db,1777537102433,1777537102474,202,40.852
4749,exp-perf5000-004749-c82fcf6d,1777537102434,1777537102478,202,44.031
4750,exp-perf5000-004750-ca544e82,1777537102435,1777537102470,202,35.169
4751,exp-perf5000-004751-166c7485,1777537102435,1777537102478,202,43.235
4752,exp-perf5000-004752-5b032c70,1777537102436,1777537102478,202,41.998
4753,exp-perf5000-004753-5eefbff3,1777537102436,1777537102478,202,42.046
4754,exp-perf5000-004754-f9e92627,1777537102437,1777537102478,202,41.523
4755,exp-perf5000-004755-fa68c8c2,1777537102438,1777537102478,202,40.626
4756,exp-perf5000-004756-0c4d847e,1777537102438,1777537102478,202,40.125
4757,exp-perf5000-004757-30992e3d,1777537102440,1777537102471,202,30.967
4758,exp-perf5000-004758-adbbe395,1777537102440,1777537102471,202,31.616
4759,exp-perf5000-004759-30376f7d,1777537102440,1777537102472,202,32.063
4760,exp-perf5000-004760-b60f5c05,1777537102440,1777537102473,202,32.505
4761,exp-perf5000-004761-08e62781,1777537102440,1777537102473,202,32.999
4762,exp-perf5000-004762-ec68badc,1777537102440,1777537102474,202,33.569
4763,exp-perf5000-004763-c7f9afe0,1777537102440,1777537102474,202,34.057
4764,exp-perf5000-004764-9e83808a,1777537102441,1777537102475,202,34.367
4765,exp-perf5000-004765-5dde286c,1777537102441,1777537102479,202,37.469
4766,exp-perf5000-004766-0df7f103,1777537102442,1777537102476,202,34.106
4767,exp-perf5000-004767-d0d2b72e,1777537102442,1777537102476,202,33.922
4768,exp-perf5000-004768-be63e191,1777537102443,1777537102477,202,33.726
4769,exp-perf5000-004769-a2ee9465,1777537102445,1777537102478,202,32.727
4770,exp-perf5000-004770-027e5ccc,1777537102445,1777537102480,202,34.511
4771,exp-perf5000-004771-2c61cdc4,1777537102445,1777537102479,202,33.291
4772,exp-perf5000-004772-acb8799c,1777537102446,1777537102480,202,34.622
4773,exp-perf5000-004773-80b6b15b,1777537102446,1777537102479,202,33.127
4774,exp-perf5000-004774-38ede4d1,1777537102446,1777537102481,202,34.569
4775,exp-perf5000-004775-be2369cf,1777537102447,1777537102480,202,33.244
4776,exp-perf5000-004776-e723e99f,1777537102447,1777537102482,202,34.660
4777,exp-perf5000-004777-2e53c093,1777537102447,1777537102481,202,33.177
4778,exp-perf5000-004778-0c08d378,1777537102448,1777537102483,202,34.660
4779,exp-perf5000-004779-9e99b069,1777537102448,1777537102481,202,33.117
4780,exp-perf5000-004780-3d8edd85,1777537102449,1777537102483,202,34.959
4781,exp-perf5000-004781-20f87e36,1777537102449,1777537102482,202,32.986
4782,exp-perf5000-004782-886f6982,1777537102449,1777537102484,202,35.215
4783,exp-perf5000-004783-3ebcd8d4,1777537102449,1777537102482,202,33.094
4784,exp-perf5000-004784-d7199a41,1777537102450,1777537102483,202,33.165
4785,exp-perf5000-004785-a1344bda,1777537102450,1777537102485,202,34.810
4786,exp-perf5000-004786-ea5d80c7,1777537102451,1777537102484,202,33.365
4787,exp-perf5000-004787-a52e01a7,1777537102451,1777537102486,202,34.823
4788,exp-perf5000-004788-46bdadb6,1777537102451,1777537102485,202,33.498
4789,exp-perf5000-004789-886fd9c8,1777537102452,1777537102486,202,34.753
4790,exp-perf5000-004790-13b0fe12,1777537102452,1777537102485,202,33.411
4791,exp-perf5000-004791-98f7bddc,1777537102452,1777537102487,202,34.648
4792,exp-perf5000-004792-f82c385b,1777537102453,1777537102486,202,33.407
4793,exp-perf5000-004793-3d6922c0,1777537102453,1777537102488,202,34.961
4794,exp-perf5000-004794-5bcc5aef,1777537102453,1777537102487,202,33.402
4795,exp-perf5000-004795-d9b28968,1777537102454,1777537102489,202,34.968
4796,exp-perf5000-004796-f2d9c1c8,1777537102454,1777537102488,202,33.548
4797,exp-perf5000-004797-ec13d2f3,1777537102454,1777537102489,202,34.840
4798,exp-perf5000-004798-1144bcd5,1777537102455,1777537102488,202,33.337
4799,exp-perf5000-004799-6aadda48,1777537102455,1777537102490,202,34.752
4800,exp-perf5000-004800-8725882d,1777537102455,1777537102489,202,33.480
4801,exp-perf5000-004801-e5d30bed,1777537102456,1777537102492,202,36.223
4802,exp-perf5000-004802-b04ba79e,1777537102456,1777537102489,202,33.224
4803,exp-perf5000-004803-4d0878d5,1777537102456,1777537102492,202,35.171
4804,exp-perf5000-004804-a27b896e,1777537102457,1777537102490,202,33.449
4805,exp-perf5000-004805-1dfa821a,1777537102457,1777537102492,202,35.132
4806,exp-perf5000-004806-6d81a8e9,1777537102457,1777537102491,202,33.348
4807,exp-perf5000-004807-7b1bb965,1777537102458,1777537102493,202,35.152
4808,exp-perf5000-004808-56ac2829,1777537102458,1777537102492,202,33.383
4809,exp-perf5000-004809-b87696b8,1777537102459,1777537102493,202,34.834
4810,exp-perf5000-004810-3278f166,1777537102459,1777537102493,202,33.733
4811,exp-perf5000-004811-c6af162c,1777537102459,1777537102494,202,34.867
4812,exp-perf5000-004812-6cc32e9e,1777537102459,1777537102493,202,33.379
4813,exp-perf5000-004813-5459090b,1777537102460,1777537102495,202,34.958
4814,exp-perf5000-004814-9b1771e8,1777537102460,1777537102494,202,33.532
4815,exp-perf5000-004815-79128c0e,1777537102461,1777537102496,202,35.112
4816,exp-perf5000-004816-e31dc33e,1777537102461,1777537102494,202,33.541
4817,exp-perf5000-004817-01c49554,1777537102461,1777537102497,202,35.861
4818,exp-perf5000-004818-53582ac7,1777537102462,1777537102495,202,33.573
4819,exp-perf5000-004819-699190f1,1777537102462,1777537102498,202,36.299
4820,exp-perf5000-004820-1ff4f2ec,1777537102462,1777537102496,202,33.878
4821,exp-perf5000-004821-03b49f6c,1777537102463,1777537102499,202,36.064
4822,exp-perf5000-004822-dc92db83,1777537102463,1777537102497,202,33.629
4823,exp-perf5000-004823-33f5b316,1777537102463,1777537102499,202,36.018
4824,exp-perf5000-004824-e61db255,1777537102464,1777537102498,202,34.022
4825,exp-perf5000-004825-a6e546ef,1777537102464,1777537102500,202,36.021
4826,exp-perf5000-004826-9aefd699,1777537102464,1777537102499,202,35.268
4827,exp-perf5000-004827-018b1d35,1777537102465,1777537102501,202,35.895
4828,exp-perf5000-004828-712162fb,1777537102465,1777537102501,202,35.986
4829,exp-perf5000-004829-903749e6,1777537102466,1777537102501,202,35.817
4830,exp-perf5000-004830-df203fa0,1777537102466,1777537102501,202,35.636
4831,exp-perf5000-004831-0a71cd42,1777537102466,1777537102502,202,35.920
4832,exp-perf5000-004832-50ef60e3,1777537102466,1777537102502,202,36.103
4833,exp-perf5000-004833-53104a1f,1777537102467,1777537102503,202,36.026
4834,exp-perf5000-004834-9dc92c7c,1777537102467,1777537102503,202,36.131
4835,exp-perf5000-004835-754dd894,1777537102467,1777537102503,202,36.120
4836,exp-perf5000-004836-bf8c7d06,1777537102468,1777537102503,202,35.659
4837,exp-perf5000-004837-44ae0496,1777537102468,1777537102504,202,35.961
4838,exp-perf5000-004838-90627ee7,1777537102468,1777537102504,202,36.027
4839,exp-perf5000-004839-09c3d73d,1777537102469,1777537102504,202,35.757
4840,exp-perf5000-004840-9b481ba1,1777537102469,1777537102505,202,35.948
4841,exp-perf5000-004841-6f8c584d,1777537102469,1777537102505,202,35.829
4842,exp-perf5000-004842-d4688cc7,1777537102469,1777537102505,202,35.981
4843,exp-perf5000-004843-e37460df,1777537102470,1777537102506,202,35.801
4844,exp-perf5000-004844-d9d5824b,1777537102470,1777537102506,202,35.843
4845,exp-perf5000-004845-271e9864,1777537102471,1777537102507,202,35.920
4846,exp-perf5000-004846-5bce2f5d,1777537102471,1777537102507,202,35.944
4847,exp-perf5000-004847-ad434aa0,1777537102471,1777537102507,202,35.774
4848,exp-perf5000-004848-0f03ac96,1777537102472,1777537102508,202,36.020
4849,exp-perf5000-004849-d8f2051d,1777537102472,1777537102508,202,35.863
4850,exp-perf5000-004850-37151d34,1777537102472,1777537102508,202,36.232
4851,exp-perf5000-004851-3a3ff17f,1777537102473,1777537102508,202,35.684
4852,exp-perf5000-004852-b2b425ac,1777537102473,1777537102509,202,36.302
4853,exp-perf5000-004853-85615925,1777537102473,1777537102509,202,35.695
4854,exp-perf5000-004854-0b7506c4,1777537102474,1777537102510,202,36.167
4855,exp-perf5000-004855-bef70991,1777537102474,1777537102510,202,35.794
4856,exp-perf5000-004856-306f9a0d,1777537102475,1777537102510,202,35.778
4857,exp-perf5000-004857-b39b8e60,1777537102475,1777537102511,202,35.755
4858,exp-perf5000-004858-ee4f8145,1777537102476,1777537102512,202,35.682
4859,exp-perf5000-004859-40e4bd84,1777537102476,1777537102512,202,35.772
4860,exp-perf5000-004860-249d856f,1777537102477,1777537102513,202,35.703
4861,exp-perf5000-004861-b09fccca,1777537102478,1777537102514,202,35.850
4862,exp-perf5000-004862-c04a85e2,1777537102478,1777537102511,202,32.242
4863,exp-perf5000-004863-ab8d2b8b,1777537102478,1777537102511,202,32.772
4864,exp-perf5000-004864-be83665b,1777537102478,1777537102512,202,33.280
4865,exp-perf5000-004865-ee37bf34,1777537102478,1777537102513,202,34.077
4866,exp-perf5000-004866-13cc5c74,1777537102479,1777537102513,202,34.752
4867,exp-perf5000-004867-20492ad0,1777537102479,1777537102514,202,35.467
4868,exp-perf5000-004868-e2389082,1777537102479,1777537102515,202,36.259
4869,exp-perf5000-004869-3fee97a2,1777537102479,1777537102514,202,35.471
4870,exp-perf5000-004870-1d8ab902,1777537102479,1777537102516,202,36.596
4871,exp-perf5000-004871-9ffb5e42,1777537102479,1777537102515,202,35.742
4872,exp-perf5000-004872-15148bf5,1777537102480,1777537102516,202,36.587
4873,exp-perf5000-004873-6d3ee8dd,1777537102480,1777537102516,202,35.628
4874,exp-perf5000-004874-cd78d547,1777537102480,1777537102517,202,36.668
4875,exp-perf5000-004875-7a9653f7,1777537102481,1777537102516,202,35.659
4876,exp-perf5000-004876-3eec26ce,1777537102481,1777537102518,202,36.498
4877,exp-perf5000-004877-b74b21ad,1777537102481,1777537102517,202,35.649
4878,exp-perf5000-004878-1d415d14,1777537102482,1777537102518,202,36.682
4879,exp-perf5000-004879-21aac86f,1777537102482,1777537102518,202,35.848
4880,exp-perf5000-004880-acf09b63,1777537102483,1777537102518,202,35.714
4881,exp-perf5000-004881-774b2092,1777537102483,1777537102520,202,37.241
4882,exp-perf5000-004882-0462121a,1777537102483,1777537102519,202,35.647
4883,exp-perf5000-004883-3831033b,1777537102484,1777537102520,202,36.622
4884,exp-perf5000-004884-b9b719dc,1777537102484,1777537102520,202,35.502
4885,exp-perf5000-004885-b5ec2e34,1777537102485,1777537102521,202,36.093
4886,exp-perf5000-004886-5103fb34,1777537102485,1777537102520,202,35.545
4887,exp-perf5000-004887-416eb541,1777537102485,1777537102521,202,36.124
4888,exp-perf5000-004888-a61ecd72,1777537102485,1777537102521,202,35.587
4889,exp-perf5000-004889-c11b15ee,1777537102486,1777537102522,202,36.327
4890,exp-perf5000-004890-58e41ac3,1777537102486,1777537102522,202,35.637
4891,exp-perf5000-004891-a70e20bd,1777537102486,1777537102523,202,36.349
4892,exp-perf5000-004892-9f373746,1777537102487,1777537102523,202,35.798
4893,exp-perf5000-004893-e235a384,1777537102487,1777537102523,202,36.312
4894,exp-perf5000-004894-019a5ce3,1777537102488,1777537102523,202,35.682
4895,exp-perf5000-004895-b8698da0,1777537102488,1777537102524,202,36.190
4896,exp-perf5000-004896-e0fc976f,1777537102488,1777537102524,202,35.752
4897,exp-perf5000-004897-3d0a4d3c,1777537102489,1777537102525,202,36.234
4898,exp-perf5000-004898-d4d1c929,1777537102489,1777537102525,202,35.600
4899,exp-perf5000-004899-00e2a395,1777537102489,1777537102526,202,36.293
4900,exp-perf5000-004900-b98b8e79,1777537102489,1777537102525,202,35.843
4901,exp-perf5000-004901-6b8bf4c8,1777537102490,1777537102526,202,36.343
4902,exp-perf5000-004902-15d10639,1777537102490,1777537102526,202,35.831
4903,exp-perf5000-004903-03065077,1777537102491,1777537102527,202,36.225
4904,exp-perf5000-004904-bc19cb45,1777537102492,1777537102528,202,36.030
4905,exp-perf5000-004905-a660a2fc,1777537102492,1777537102527,202,35.154
4906,exp-perf5000-004906-a0f2823c,1777537102492,1777537102528,202,35.640
4907,exp-perf5000-004907-6d9095d3,1777537102492,1777537102528,202,36.154
4908,exp-perf5000-004908-d839477d,1777537102493,1777537102528,202,35.655
4909,exp-perf5000-004909-6e08407d,1777537102493,1777537102533,202,40.258
4910,exp-perf5000-004910-5aa36fd1,1777537102493,1777537102529,202,36.117
4911,exp-perf5000-004911-d9c1c1eb,1777537102493,1777537102530,202,36.392
4912,exp-perf5000-004912-cf97266d,1777537102494,1777537102533,202,39.570
4913,exp-perf5000-004913-a6431983,1777537102494,1777537102534,202,40.004
4914,exp-perf5000-004914-d04bf4dc,1777537102494,1777537102533,202,38.750
4915,exp-perf5000-004915-e8adff91,1777537102495,1777537102534,202,39.366
4916,exp-perf5000-004916-58677f78,1777537102495,1777537102533,202,38.219
4917,exp-perf5000-004917-ea658ac0,1777537102496,1777537102534,202,38.674
4918,exp-perf5000-004918-35d03d5c,1777537102496,1777537102533,202,37.342
4919,exp-perf5000-004919-500f33ab,1777537102497,1777537102533,202,36.871
4920,exp-perf5000-004920-668173a9,1777537102497,1777537102534,202,37.222
4921,exp-perf5000-004921-3df058a2,1777537102498,1777537102533,202,35.879
4922,exp-perf5000-004922-5d402f3e,1777537102498,1777537102534,202,35.809
4923,exp-perf5000-004923-9da1e9d3,1777537102499,1777537102534,202,35.329
4924,exp-perf5000-004924-6a39b82c,1777537102499,1777537102535,202,35.101
4925,exp-perf5000-004925-264e9ddb,1777537102500,1777537102534,202,33.982
4926,exp-perf5000-004926-4f809f6d,1777537102500,1777537102535,202,34.901
4927,exp-perf5000-004927-7c753e51,1777537102501,1777537102534,202,33.803
4928,exp-perf5000-004928-50f48d0a,1777537102501,1777537102536,202,34.613
4929,exp-perf5000-004929-f2767dc4,1777537102501,1777537102536,202,34.957
4930,exp-perf5000-004930-0d4e1917,1777537102502,1777537102535,202,33.118
4931,exp-perf5000-004931-de583d08,1777537102502,1777537102535,202,33.279
4932,exp-perf5000-004932-c0d95323,1777537102502,1777537102537,202,34.592
4933,exp-perf5000-004933-ea46f63c,1777537102503,1777537102536,202,33.356
4934,exp-perf5000-004934-dd326251,1777537102503,1777537102538,202,34.722
4935,exp-perf5000-004935-fa078b17,1777537102503,1777537102537,202,33.473
4936,exp-perf5000-004936-1daf7c30,1777537102503,1777537102538,202,34.816
4937,exp-perf5000-004937-516c4d93,1777537102504,1777537102537,202,33.442
4938,exp-perf5000-004938-21293428,1777537102504,1777537102539,202,35.256
4939,exp-perf5000-004939-6e3c1dba,1777537102504,1777537102538,202,33.605
4940,exp-perf5000-004940-9a6b0527,1777537102505,1777537102542,202,37.317
4941,exp-perf5000-004941-26f95db0,1777537102505,1777537102539,202,33.520
4942,exp-perf5000-004942-e71e75c6,1777537102506,1777537102542,202,36.562
4943,exp-perf5000-004943-e168c5d7,1777537102506,1777537102539,202,33.501
4944,exp-perf5000-004944-5f0d5996,1777537102506,1777537102542,202,35.926
4945,exp-perf5000-004945-7619776e,1777537102507,1777537102540,202,33.418
4946,exp-perf5000-004946-d28a5cad,1777537102507,1777537102542,202,35.189
4947,exp-perf5000-004947-7630c206,1777537102507,1777537102541,202,33.404
4948,exp-perf5000-004948-e905ae79,1777537102508,1777537102542,202,34.626
4949,exp-perf5000-004949-819ef4ba,1777537102508,1777537102541,202,33.385
4950,exp-perf5000-004950-ad5a271d,1777537102508,1777537102542,202,33.507
4951,exp-perf5000-004951-7a676b69,1777537102508,1777537102543,202,34.309
4952,exp-perf5000-004952-f391567e,1777537102509,1777537102543,202,34.461
4953,exp-perf5000-004953-b9dcc719,1777537102509,1777537102543,202,34.259
4954,exp-perf5000-004954-432e7b15,1777537102510,1777537102544,202,34.346
4955,exp-perf5000-004955-d80e09e8,1777537102510,1777537102543,202,33.522
4956,exp-perf5000-004956-2845237b,1777537102510,1777537102544,202,33.321
4957,exp-perf5000-004957-deffeb8a,1777537102511,1777537102545,202,34.163
4958,exp-perf5000-004958-5e3edffe,1777537102511,1777537102544,202,33.405
4959,exp-perf5000-004959-562fc208,1777537102511,1777537102545,202,34.201
4960,exp-perf5000-004960-3fdf4695,1777537102512,1777537102545,202,33.382
4961,exp-perf5000-004961-0dd265b2,1777537102512,1777537102546,202,34.215
4962,exp-perf5000-004962-2cce61a9,1777537102512,1777537102546,202,33.353
4963,exp-perf5000-004963-3510df3f,1777537102513,1777537102547,202,34.109
4964,exp-perf5000-004964-0983a5b6,1777537102513,1777537102546,202,33.352
4965,exp-perf5000-004965-a70915aa,1777537102513,1777537102547,202,33.957
4966,exp-perf5000-004966-c81c1979,1777537102514,1777537102547,202,33.222
4967,exp-perf5000-004967-5cebe1b1,1777537102514,1777537102548,202,33.831
4968,exp-perf5000-004968-9d971fb6,1777537102514,1777537102547,202,33.206
4969,exp-perf5000-004969-f1a95056,1777537102515,1777537102549,202,33.666
4970,exp-perf5000-004970-e42572be,1777537102515,1777537102548,202,33.174
4971,exp-perf5000-004971-61d30f08,1777537102516,1777537102549,202,33.749
4972,exp-perf5000-004972-b5e31fa2,1777537102516,1777537102549,202,33.112
4973,exp-perf5000-004973-56610823,1777537102516,1777537102549,202,33.182
4974,exp-perf5000-004974-ded22819,1777537102516,1777537102550,202,33.471
4975,exp-perf5000-004975-8959b6af,1777537102517,1777537102550,202,33.101
4976,exp-perf5000-004976-7d0e80ce,1777537102517,1777537102551,202,33.470
4977,exp-perf5000-004977-66b96f38,1777537102518,1777537102551,202,33.706
4978,exp-perf5000-004978-5d62b8be,1777537102518,1777537102551,202,32.954
4979,exp-perf5000-004979-85fe6830,1777537102518,1777537102551,202,33.041
4980,exp-perf5000-004980-303a4e24,1777537102518,1777537102552,202,33.483
4981,exp-perf5000-004981-8b25e76e,1777537102519,1777537102552,202,33.015
4982,exp-perf5000-004982-9b0866d3,1777537102520,1777537102553,202,32.976
4983,exp-perf5000-004983-81481445,1777537102520,1777537102553,202,32.587
4984,exp-perf5000-004984-da322150,1777537102520,1777537102553,202,33.097
4985,exp-perf5000-004985-88782705,1777537102521,1777537102553,202,32.852
4986,exp-perf5000-004986-1f71b79e,1777537102521,1777537102554,202,33.080
4987,exp-perf5000-004987-d0f28963,1777537102521,1777537102554,202,32.848
4988,exp-perf5000-004988-0abc801f,1777537102521,1777537102555,202,33.194
4989,exp-perf5000-004989-02f3d47f,1777537102522,1777537102555,202,32.821
4990,exp-perf5000-004990-a0ff2cca,1777537102522,1777537102555,202,33.086
4991,exp-perf5000-004991-fdbc9540,1777537102523,1777537102555,202,32.587
4992,exp-perf5000-004992-537450f3,1777537102523,1777537102556,202,32.926
4993,exp-perf5000-004993-230461d4,1777537102523,1777537102556,202,32.548
4994,exp-perf5000-004994-891854d5,1777537102523,1777537102556,202,32.967
4995,exp-perf5000-004995-37b9745d,1777537102524,1777537102556,202,32.495
4996,exp-perf5000-004996-b3ed6a9e,1777537102524,1777537102557,202,32.822
4997,exp-perf5000-004997-ef70c573,1777537102525,1777537102557,202,32.493
4998,exp-perf5000-004998-e4d6cf85,1777537102525,1777537102558,202,32.755
4999,exp-perf5000-004999-087df7ac,1777537102525,1777537102558,202,32.315
