zt-php-worker  | [perf-saga-step1] ts=1777537100.760407 orderId=48673a07-884c-40bd-9cf3-5d73a1059120 traceId=exp-perf5000-000022-e2ca784f
zt-php-worker  | [perf-saga-step1] ts=1777537100.879191 orderId=effd03f5-eee0-46ba-9ad0-7c1239956900 traceId=exp-perf5000-000000-e7be3d15
zt-php-worker  | [perf-saga-step1] ts=1777537101.011621 orderId=f5032dd1-fd18-4639-b016-da70dd11cde9 traceId=exp-perf5000-000036-a730ada2
zt-php-worker  | [perf-saga-step1] ts=1777537101.174277 orderId=198f0e70-6ccb-496d-95e7-1a28a57b5c94 traceId=exp-perf5000-000018-ddb74a66
zt-php-worker  | [perf-saga-complete] ts=1777537101.394054 orderId=48673a07-884c-40bd-9cf3-5d73a1059120
zt-php-worker  | [perf-saga-step1] ts=1777537101.427708 orderId=2075ac2e-6dc2-4165-9c0e-2557026193d4 traceId=exp-perf5000-000021-87494fa5
zt-php-worker  | [perf-saga-complete] ts=1777537101.576632 orderId=effd03f5-eee0-46ba-9ad0-7c1239956900
zt-php-worker  | [perf-saga-step1] ts=1777537101.637925 orderId=5b49ad67-ab57-4f85-bc02-354389a8c000 traceId=exp-perf5000-000017-c6c4e19b
zt-php-worker  | [perf-saga-complete] ts=1777537101.837326 orderId=f5032dd1-fd18-4639-b016-da70dd11cde9
zt-php-worker  | [perf-saga-step1] ts=1777537101.873895 orderId=b7270725-31f2-469f-9a21-d83301e08643 traceId=exp-perf5000-000033-6de72f9b
zt-php-worker  | [perf-saga-complete] ts=1777537102.023324 orderId=198f0e70-6ccb-496d-95e7-1a28a57b5c94
zt-php-worker  | [perf-saga-step1] ts=1777537102.061356 orderId=0b4d2f01-e21f-4181-a8d3-aa45f951924b traceId=exp-perf5000-000016-e8f8b86e
zt-php-worker  | [perf-saga-complete] ts=1777537102.226320 orderId=2075ac2e-6dc2-4165-9c0e-2557026193d4
zt-php-worker  | [perf-saga-step1] ts=1777537102.262384 orderId=e593b2f5-89bb-48c8-84f2-de20c37039f7 traceId=exp-perf5000-000035-8ce6a30c
zt-php-worker  | [perf-saga-complete] ts=1777537102.490773 orderId=5b49ad67-ab57-4f85-bc02-354389a8c000
zt-php-worker  | [perf-saga-step1] ts=1777537102.539542 orderId=aa27cd3a-0634-4be2-be5b-cccaf72cb874 traceId=exp-perf5000-000041-6af82c55
zt-php-worker  | [perf-saga-complete] ts=1777537102.650643 orderId=b7270725-31f2-469f-9a21-d83301e08643
zt-php-worker  | [perf-saga-step1] ts=1777537102.673525 orderId=dfeebb09-1223-4437-9011-ae041884d6f4 traceId=exp-perf5000-000042-f7424605
zt-php-worker  | [perf-saga-complete] ts=1777537102.762655 orderId=0b4d2f01-e21f-4181-a8d3-aa45f951924b
zt-php-worker  | [perf-saga-step1] ts=1777537102.783442 orderId=ab53287b-a933-4e51-ada5-73bad29cd3ac traceId=exp-perf5000-000039-ebe73665
zt-php-worker  | [perf-saga-complete] ts=1777537102.873823 orderId=e593b2f5-89bb-48c8-84f2-de20c37039f7
zt-php-worker  | [perf-saga-step1] ts=1777537102.898717 orderId=a99f5ad4-5205-4f68-a92f-145bc2b795f4 traceId=exp-perf5000-000040-ba1e21da
zt-php-worker  | [perf-saga-complete] ts=1777537102.992557 orderId=aa27cd3a-0634-4be2-be5b-cccaf72cb874
zt-php-worker  | [perf-saga-step1] ts=1777537103.017063 orderId=2602b449-51d5-4431-bee7-9e211bc9a3ab traceId=exp-perf5000-000032-292e8469
zt-php-worker  | [perf-saga-complete] ts=1777537103.112127 orderId=dfeebb09-1223-4437-9011-ae041884d6f4
zt-php-worker  | [perf-saga-step1] ts=1777537103.135280 orderId=03e44e82-3833-4683-90a5-115177c52f6b traceId=exp-perf5000-000038-065727b5
zt-php-worker  | [perf-saga-complete] ts=1777537103.244541 orderId=ab53287b-a933-4e51-ada5-73bad29cd3ac
zt-php-worker  | [perf-saga-step1] ts=1777537103.267268 orderId=a723c80d-5548-490c-a3b5-422bad0c53ad traceId=exp-perf5000-000019-0a89d2f4
zt-php-worker  | [perf-saga-complete] ts=1777537103.360403 orderId=a99f5ad4-5205-4f68-a92f-145bc2b795f4
zt-php-worker  | [perf-saga-step1] ts=1777537103.384218 orderId=314672f0-6824-4540-9901-953a5e1baa4d traceId=exp-perf5000-000020-979bfb62
zt-php-worker  | [perf-saga-complete] ts=1777537103.475879 orderId=2602b449-51d5-4431-bee7-9e211bc9a3ab
zt-php-worker  | [perf-saga-step1] ts=1777537103.503841 orderId=28c3f4a0-4fe4-410c-900e-59e933daaf00 traceId=exp-perf5000-000034-caa69800
zt-php-worker  | [perf-saga-complete] ts=1777537103.603456 orderId=03e44e82-3833-4683-90a5-115177c52f6b
zt-php-worker  | [perf-saga-step1] ts=1777537103.626687 orderId=e5a4d910-cfd0-4447-96c7-30ba7c11cd81 traceId=exp-perf5000-000015-35287f05
zt-php-worker  | [perf-saga-complete] ts=1777537103.714895 orderId=a723c80d-5548-490c-a3b5-422bad0c53ad
zt-php-worker  | [perf-saga-step1] ts=1777537103.736408 orderId=dc184b14-28d0-4a3f-92b7-6a6af5849a27 traceId=exp-perf5000-000014-d6a60b06
zt-php-worker  | [perf-saga-complete] ts=1777537103.872890 orderId=314672f0-6824-4540-9901-953a5e1baa4d
zt-php-worker  | [perf-saga-step1] ts=1777537103.895137 orderId=0811ffe6-5af6-4914-a623-50b6b7d53825 traceId=exp-perf5000-000031-a7ecacdc
zt-php-worker  | [perf-saga-complete] ts=1777537103.986680 orderId=28c3f4a0-4fe4-410c-900e-59e933daaf00
zt-php-worker  | [perf-saga-step1] ts=1777537104.008699 orderId=785903c5-8c60-49d0-9cf0-3ec7e215a842 traceId=exp-perf5000-000037-999ddfd1
zt-php-worker  | [perf-saga-complete] ts=1777537104.109301 orderId=e5a4d910-cfd0-4447-96c7-30ba7c11cd81
zt-php-worker  | [perf-saga-step1] ts=1777537104.131365 orderId=42139d25-1c3c-454e-b2f8-5e93fd3d32bb traceId=exp-perf5000-000030-449961f1
zt-php-worker  | [perf-saga-complete] ts=1777537104.222398 orderId=dc184b14-28d0-4a3f-92b7-6a6af5849a27
zt-php-worker  | [perf-saga-step1] ts=1777537104.242948 orderId=a66508b8-7ada-4a5a-9f1e-e6cb1ebbf2d8 traceId=exp-perf5000-000013-95af5a3d
zt-php-worker  | [perf-saga-complete] ts=1777537104.364975 orderId=0811ffe6-5af6-4914-a623-50b6b7d53825
zt-php-worker  | [perf-saga-step1] ts=1777537104.389941 orderId=5841c8c7-80ac-4f56-bff6-02daf53fd445 traceId=exp-perf5000-000012-2667be6c
zt-php-worker  | [perf-saga-complete] ts=1777537104.479172 orderId=785903c5-8c60-49d0-9cf0-3ec7e215a842
zt-php-worker  | [perf-saga-step1] ts=1777537104.502505 orderId=a82b1ebe-0441-48c7-88cd-23d7a2ae5329 traceId=exp-perf5000-000029-2e8a6810
zt-php-worker  | [perf-saga-complete] ts=1777537104.597259 orderId=42139d25-1c3c-454e-b2f8-5e93fd3d32bb
zt-php-worker  | [perf-saga-step1] ts=1777537104.621650 orderId=ad1476be-fb8d-4108-b177-a41f6366c638 traceId=exp-perf5000-000048-ee8dd075
zt-php-worker  | [perf-saga-complete] ts=1777537104.716644 orderId=a66508b8-7ada-4a5a-9f1e-e6cb1ebbf2d8
zt-php-worker  | [perf-saga-step1] ts=1777537104.740683 orderId=c459981e-b232-4938-90dc-38edd742091e traceId=exp-perf5000-000028-0ade9dfa
zt-php-worker  | [perf-saga-complete] ts=1777537104.834060 orderId=5841c8c7-80ac-4f56-bff6-02daf53fd445
zt-php-worker  | [perf-saga-step1] ts=1777537104.860738 orderId=33370364-908a-4aa8-a65e-bc7a2ec42d91 traceId=exp-perf5000-000027-85aa09e0
zt-php-worker  | [perf-saga-complete] ts=1777537104.968986 orderId=a82b1ebe-0441-48c7-88cd-23d7a2ae5329
zt-php-worker  | [perf-saga-step1] ts=1777537104.998991 orderId=3dd1f38a-3408-4ed0-a2d9-70f5de694a4b traceId=exp-perf5000-000011-f567d617
zt-php-worker  | [perf-saga-complete] ts=1777537105.133900 orderId=ad1476be-fb8d-4108-b177-a41f6366c638
zt-php-worker  | [perf-saga-step1] ts=1777537105.161352 orderId=d84926ae-c56b-493a-a5e9-3d39efc2d35f traceId=exp-perf5000-000024-f7a6395e
zt-php-worker  | [perf-saga-complete] ts=1777537105.300636 orderId=c459981e-b232-4938-90dc-38edd742091e
zt-php-worker  | [perf-saga-step1] ts=1777537105.324649 orderId=32d48caa-11cf-42e0-8094-d59239381b3f traceId=exp-perf5000-000047-d489e061
zt-php-worker  | [perf-saga-complete] ts=1777537105.413906 orderId=33370364-908a-4aa8-a65e-bc7a2ec42d91
zt-php-worker  | [perf-saga-step1] ts=1777537105.436528 orderId=138ca56c-446b-473d-8c73-e2f146feaad3 traceId=exp-perf5000-000023-4fb891b2
zt-php-worker  | [perf-saga-complete] ts=1777537105.526556 orderId=3dd1f38a-3408-4ed0-a2d9-70f5de694a4b
zt-php-worker  | [perf-saga-step1] ts=1777537105.549045 orderId=148f86da-280c-4e0b-ab65-599bbf266063 traceId=exp-perf5000-000026-e8abbb68
zt-php-worker  | [perf-saga-complete] ts=1777537105.635657 orderId=d84926ae-c56b-493a-a5e9-3d39efc2d35f
zt-php-worker  | [perf-saga-step1] ts=1777537105.662194 orderId=0e97592c-cbd6-4c40-99e0-f7fc0538bf6f traceId=exp-perf5000-000046-1aa05f6e
zt-php-worker  | [perf-saga-complete] ts=1777537105.749719 orderId=32d48caa-11cf-42e0-8094-d59239381b3f
zt-php-worker  | [perf-saga-step1] ts=1777537105.782743 orderId=83162de2-73e6-4b78-918d-ef3a2fbdbddd traceId=exp-perf5000-000025-0a55fa4a
zt-php-worker  | [perf-saga-complete] ts=1777537105.875163 orderId=138ca56c-446b-473d-8c73-e2f146feaad3
zt-php-worker  | [perf-saga-step1] ts=1777537105.900393 orderId=249337c0-ed17-4a7a-90c2-d684fa9afea2 traceId=exp-perf5000-000010-3b89955d
zt-php-worker  | [perf-saga-complete] ts=1777537106.006905 orderId=148f86da-280c-4e0b-ab65-599bbf266063
zt-php-worker  | [perf-saga-step1] ts=1777537106.031615 orderId=d170ea0a-5dbc-4110-ade6-04a9fce5b0b4 traceId=exp-perf5000-000067-c2af8b3e
zt-php-worker  | [perf-saga-complete] ts=1777537106.119630 orderId=0e97592c-cbd6-4c40-99e0-f7fc0538bf6f
zt-php-worker  | [perf-saga-step1] ts=1777537106.143141 orderId=a69cd5e3-9434-498a-b3c4-f049f996ffc4 traceId=exp-perf5000-000009-70a4a9a7
zt-php-worker  | [perf-saga-complete] ts=1777537106.235394 orderId=83162de2-73e6-4b78-918d-ef3a2fbdbddd
zt-php-worker  | [perf-saga-step1] ts=1777537106.257860 orderId=2a2cb467-a383-4162-8b80-6ac69e5b6be5 traceId=exp-perf5000-000064-e91baa6e
zt-php-worker  | [perf-saga-complete] ts=1777537106.357738 orderId=249337c0-ed17-4a7a-90c2-d684fa9afea2
zt-php-worker  | [perf-saga-step1] ts=1777537106.383006 orderId=40d10729-4f18-4cd3-8bca-383a814f1339 traceId=exp-perf5000-000007-754926e9
zt-php-worker  | [perf-saga-complete] ts=1777537106.469275 orderId=d170ea0a-5dbc-4110-ade6-04a9fce5b0b4
zt-php-worker  | [perf-saga-step1] ts=1777537106.491328 orderId=21333836-c9cd-4114-89aa-03299762304c traceId=exp-perf5000-000061-90ed6bf4
zt-php-worker  | [perf-saga-complete] ts=1777537106.576231 orderId=a69cd5e3-9434-498a-b3c4-f049f996ffc4
zt-php-worker  | [perf-saga-step1] ts=1777537106.598860 orderId=b65b641c-e77e-42fc-9b13-4ab5ea6cbd10 traceId=exp-perf5000-000006-84dc50fb
zt-php-worker  | [perf-saga-complete] ts=1777537106.688310 orderId=2a2cb467-a383-4162-8b80-6ac69e5b6be5
zt-php-worker  | [perf-saga-step1] ts=1777537106.712695 orderId=49716351-dbc9-4ed9-b212-ea7c21f580f8 traceId=exp-perf5000-000099-c4399509
zt-php-worker  | [perf-saga-complete] ts=1777537106.799816 orderId=40d10729-4f18-4cd3-8bca-383a814f1339
zt-php-worker  | [perf-saga-step1] ts=1777537106.821826 orderId=0e44c97d-1d76-4ed8-8b50-ff91d3c95065 traceId=exp-perf5000-000004-fa595dfb
zt-php-worker  | [perf-saga-complete] ts=1777537106.906646 orderId=21333836-c9cd-4114-89aa-03299762304c
zt-php-worker  | [perf-saga-step1] ts=1777537106.928949 orderId=020d122d-e8b2-4f1c-9eb5-246d0efa9122 traceId=exp-perf5000-000068-ca09cb0c
zt-php-worker  | [perf-saga-complete] ts=1777537107.017637 orderId=b65b641c-e77e-42fc-9b13-4ab5ea6cbd10
zt-php-worker  | [perf-saga-step1] ts=1777537107.041212 orderId=a34786c6-a975-4e8f-bc79-8fad795c0f46 traceId=exp-perf5000-000045-5c8267e7
zt-php-worker  | [perf-saga-complete] ts=1777537107.130550 orderId=49716351-dbc9-4ed9-b212-ea7c21f580f8
zt-php-worker  | [perf-saga-step1] ts=1777537107.153904 orderId=cbe84c5e-82f9-42fb-aaae-e123141a31ff traceId=exp-perf5000-000081-d58297bc
zt-php-worker  | [perf-saga-complete] ts=1777537107.248051 orderId=0e44c97d-1d76-4ed8-8b50-ff91d3c95065
zt-php-worker  | [perf-saga-step1] ts=1777537107.270505 orderId=b51bc4e8-a1a1-4b19-adcc-73262c5c21ee traceId=exp-perf5000-000043-5b02d0c1
zt-php-worker  | [perf-saga-complete] ts=1777537107.357641 orderId=020d122d-e8b2-4f1c-9eb5-246d0efa9122
zt-php-worker  | [perf-saga-step1] ts=1777537107.401454 orderId=a4ab6502-ebf3-402c-b44a-3afabd135c5d traceId=exp-perf5000-000080-87fb49e5
zt-php-worker  | [perf-saga-complete] ts=1777537107.499182 orderId=a34786c6-a975-4e8f-bc79-8fad795c0f46
zt-php-worker  | [perf-saga-step1] ts=1777537107.535657 orderId=fa553384-9899-4bd3-b4cc-ff62a707e8b0 traceId=exp-perf5000-000057-95286157
zt-php-worker  | [perf-saga-complete] ts=1777537107.641709 orderId=cbe84c5e-82f9-42fb-aaae-e123141a31ff
zt-php-worker  | [perf-saga-step1] ts=1777537107.671990 orderId=dacf9a75-094a-44fb-8d59-0542993aa239 traceId=exp-perf5000-000079-cf57be82
zt-php-worker  | [perf-saga-complete] ts=1777537107.772582 orderId=b51bc4e8-a1a1-4b19-adcc-73262c5c21ee
zt-php-worker  | [perf-saga-step1] ts=1777537107.797108 orderId=0c2377a4-f15f-46bd-a204-801af8fa0f85 traceId=exp-perf5000-000056-0e28f731
zt-php-worker  | [perf-saga-complete] ts=1777537107.942462 orderId=a4ab6502-ebf3-402c-b44a-3afabd135c5d
zt-php-worker  | [perf-saga-step1] ts=1777537107.972364 orderId=af9ba616-0f64-4be7-be2a-226f72ea18e6 traceId=exp-perf5000-000078-f17e46ed
zt-php-worker  | [perf-saga-complete] ts=1777537108.065356 orderId=fa553384-9899-4bd3-b4cc-ff62a707e8b0
zt-php-worker  | [perf-saga-step1] ts=1777537108.087991 orderId=bb4cb556-67ac-45b9-a34b-bee7d804344c traceId=exp-perf5000-000051-92396b44
zt-php-worker  | [perf-saga-complete] ts=1777537108.173336 orderId=dacf9a75-094a-44fb-8d59-0542993aa239
zt-php-worker  | [perf-saga-step1] ts=1777537108.196002 orderId=2fe1b7cc-38d9-4114-b285-c435528f8676 traceId=exp-perf5000-000059-d2434f51
zt-php-worker  | [perf-saga-complete] ts=1777537108.282110 orderId=0c2377a4-f15f-46bd-a204-801af8fa0f85
zt-php-worker  | [perf-saga-step1] ts=1777537108.304918 orderId=199e93ef-9d9e-4850-8f85-b5cd52366cb6 traceId=exp-perf5000-000052-c46b0401
zt-php-worker  | [perf-saga-complete] ts=1777537108.391516 orderId=af9ba616-0f64-4be7-be2a-226f72ea18e6
zt-php-worker  | [perf-saga-step1] ts=1777537108.421644 orderId=8b700800-9fd8-4dbb-ad58-47747b5a5548 traceId=exp-perf5000-000058-d78afda0
zt-php-worker  | [perf-saga-complete] ts=1777537108.513263 orderId=bb4cb556-67ac-45b9-a34b-bee7d804344c
zt-php-worker  | [perf-saga-step1] ts=1777537108.537376 orderId=a1674db9-1ebc-4db2-b30c-eea6d63acc6b traceId=exp-perf5000-000066-dd4aeca5
zt-php-worker  | [perf-saga-complete] ts=1777537108.625576 orderId=2fe1b7cc-38d9-4114-b285-c435528f8676
zt-php-worker  | [perf-saga-step1] ts=1777537108.648112 orderId=462407dd-9939-4f77-8aba-367672480515 traceId=exp-perf5000-000093-2a1efe5d
zt-php-worker  | [perf-saga-complete] ts=1777537108.737300 orderId=199e93ef-9d9e-4850-8f85-b5cd52366cb6
zt-php-worker  | [perf-saga-step1] ts=1777537108.760175 orderId=d7e93543-98b5-43fd-9379-2ae2d894d549 traceId=exp-perf5000-000076-efc764a0
zt-php-worker  | [perf-saga-complete] ts=1777537108.874939 orderId=8b700800-9fd8-4dbb-ad58-47747b5a5548
zt-php-worker  | [perf-saga-step1] ts=1777537108.899621 orderId=a6100948-6418-49cd-97ce-0ef1fd2b2b0e traceId=exp-perf5000-000092-93b955ec
zt-php-worker  | [perf-saga-complete] ts=1777537108.985352 orderId=a1674db9-1ebc-4db2-b30c-eea6d63acc6b
zt-php-worker  | [perf-saga-step1] ts=1777537109.007861 orderId=5006818e-7925-4b20-bbd9-6305d92e6793 traceId=exp-perf5000-000070-990dc016
zt-php-worker  | [perf-saga-complete] ts=1777537109.092931 orderId=462407dd-9939-4f77-8aba-367672480515
zt-php-worker  | [perf-saga-step1] ts=1777537109.117428 orderId=7556a013-7ea1-458b-a019-769def964e7e traceId=exp-perf5000-000090-c0e94be1
zt-php-worker  | [perf-saga-complete] ts=1777537109.208898 orderId=d7e93543-98b5-43fd-9379-2ae2d894d549
zt-php-worker  | [perf-saga-step1] ts=1777537109.236113 orderId=1cf81d11-d145-4551-a7b9-f8d259e08abe traceId=exp-perf5000-000096-8fe7428d
zt-php-worker  | [perf-saga-complete] ts=1777537109.326696 orderId=a6100948-6418-49cd-97ce-0ef1fd2b2b0e
zt-php-worker  | [perf-saga-step1] ts=1777537109.351317 orderId=bd0e69b5-ea1d-4050-9df8-267f7902898f traceId=exp-perf5000-000088-dba12168
zt-php-worker  | [perf-saga-complete] ts=1777537109.444799 orderId=5006818e-7925-4b20-bbd9-6305d92e6793
zt-php-worker  | [perf-saga-step1] ts=1777537109.469729 orderId=acfb16e9-65e0-4714-8262-9e4bd350079d traceId=exp-perf5000-000086-b9b59b1d
zt-php-worker  | [perf-saga-complete] ts=1777537109.556159 orderId=7556a013-7ea1-458b-a019-769def964e7e
zt-php-worker  | [perf-saga-step1] ts=1777537109.579034 orderId=7a84a807-6a0f-48a9-8961-a712179bc974 traceId=exp-perf5000-000085-b0628296
zt-php-worker  | [perf-saga-complete] ts=1777537109.666874 orderId=1cf81d11-d145-4551-a7b9-f8d259e08abe
zt-php-worker  | [perf-saga-step1] ts=1777537109.688625 orderId=8e466f18-0ed2-4d8d-87f5-33f415edd4a9 traceId=exp-perf5000-000084-3cf80b4f
zt-php-worker  | [perf-saga-complete] ts=1777537109.780564 orderId=bd0e69b5-ea1d-4050-9df8-267f7902898f
zt-php-worker  | [perf-saga-step1] ts=1777537109.803760 orderId=b967f437-9de6-46e9-bd35-d7536d91b047 traceId=exp-perf5000-000008-c1927c80
zt-php-worker  | [perf-saga-complete] ts=1777537109.895793 orderId=acfb16e9-65e0-4714-8262-9e4bd350079d
zt-php-worker  | [perf-saga-step1] ts=1777537109.918485 orderId=2320b143-3672-4f04-8296-c5acf9fd71a7 traceId=exp-perf5000-000005-68f8588e
zt-php-worker  | [perf-saga-complete] ts=1777537110.034707 orderId=7a84a807-6a0f-48a9-8961-a712179bc974
zt-php-worker  | [perf-saga-step1] ts=1777537110.057683 orderId=740c0301-823f-48ce-a959-f498361cb37e traceId=exp-perf5000-000077-4f6d1d4b
zt-php-worker  | [perf-saga-complete] ts=1777537110.144723 orderId=8e466f18-0ed2-4d8d-87f5-33f415edd4a9
zt-php-worker  | [perf-saga-step1] ts=1777537110.168814 orderId=027f64f1-2433-4122-8ab2-6f5bceef4091 traceId=exp-perf5000-000071-3a1b7bd0
zt-php-worker  | [perf-saga-complete] ts=1777537110.256285 orderId=b967f437-9de6-46e9-bd35-d7536d91b047
zt-php-worker  | [perf-saga-step1] ts=1777537110.280559 orderId=9fc52035-cd7c-457b-9477-7be8d801bd4d traceId=exp-perf5000-000069-00486ee3
zt-php-worker  | [perf-saga-complete] ts=1777537110.378267 orderId=2320b143-3672-4f04-8296-c5acf9fd71a7
zt-php-worker  | [perf-saga-step1] ts=1777537110.407676 orderId=b32775d4-dc5a-426b-a2c5-82bbecfd36b6 traceId=exp-perf5000-000091-11206157
zt-php-worker  | [perf-saga-complete] ts=1777537110.510239 orderId=740c0301-823f-48ce-a959-f498361cb37e
zt-php-worker  | [perf-saga-step1] ts=1777537110.535895 orderId=1bfcdac2-b8ea-4212-97c3-f5cfe293ec66 traceId=exp-perf5000-000075-e0174b7b
zt-php-worker  | [perf-saga-complete] ts=1777537110.632238 orderId=027f64f1-2433-4122-8ab2-6f5bceef4091
zt-php-worker  | [perf-saga-step1] ts=1777537110.654856 orderId=a49e0cc5-5ea9-443b-a914-7210349ba62c traceId=exp-perf5000-000003-93ad8f60
zt-php-worker  | [perf-saga-complete] ts=1777537110.740578 orderId=9fc52035-cd7c-457b-9477-7be8d801bd4d
zt-php-worker  | [perf-saga-step1] ts=1777537110.763240 orderId=5d12f924-4e2e-408a-ba02-d4c017121ddb traceId=exp-perf5000-000083-a0c74588
zt-php-worker  | [perf-saga-complete] ts=1777537110.848762 orderId=b32775d4-dc5a-426b-a2c5-82bbecfd36b6
zt-php-worker  | [perf-saga-step1] ts=1777537110.871411 orderId=2df62717-169e-4489-9d25-974957ff29d7 traceId=exp-perf5000-000002-68624ffe
zt-php-worker  | [perf-saga-complete] ts=1777537110.956471 orderId=1bfcdac2-b8ea-4212-97c3-f5cfe293ec66
zt-php-worker  | [perf-saga-step1] ts=1777537110.982400 orderId=b3c51575-b6fd-4b8a-8b46-94b28ace8ce8 traceId=exp-perf5000-000065-89fd354d
zt-php-worker  | [perf-saga-complete] ts=1777537111.068613 orderId=a49e0cc5-5ea9-443b-a914-7210349ba62c
zt-php-worker  | [perf-saga-step1] ts=1777537111.090730 orderId=5a145d73-8cdc-4dbe-a52b-8921f3302f48 traceId=exp-perf5000-000001-631b0987
zt-php-worker  | [perf-saga-complete] ts=1777537111.177572 orderId=5d12f924-4e2e-408a-ba02-d4c017121ddb
zt-php-worker  | [perf-saga-step1] ts=1777537111.204210 orderId=0bf7ca1e-6f11-432a-8692-dffbdfb49b93 traceId=exp-perf5000-000062-ba4dcd10
zt-php-worker  | [perf-saga-complete] ts=1777537111.293834 orderId=2df62717-169e-4489-9d25-974957ff29d7
zt-php-worker  | [perf-saga-step1] ts=1777537111.317603 orderId=cc8973ad-7dfd-4bdd-b764-3cdd6168dc26 traceId=exp-perf5000-000050-f4cc08d6
zt-php-worker  | [perf-saga-complete] ts=1777537111.406184 orderId=b3c51575-b6fd-4b8a-8b46-94b28ace8ce8
zt-php-worker  | [perf-saga-step1] ts=1777537111.428709 orderId=b8ebabd4-eedb-44f4-9173-7d2831d8b3bf traceId=exp-perf5000-000049-f3c662b0
zt-php-worker  | [perf-saga-complete] ts=1777537111.520490 orderId=5a145d73-8cdc-4dbe-a52b-8921f3302f48
zt-php-worker  | [perf-saga-step1] ts=1777537111.544344 orderId=410c043f-d69b-423e-ab35-a6be86d5fa85 traceId=exp-perf5000-000063-824a2c3d
zt-php-worker  | [perf-saga-complete] ts=1777537111.631254 orderId=0bf7ca1e-6f11-432a-8692-dffbdfb49b93
zt-php-worker  | [perf-saga-step1] ts=1777537111.654337 orderId=28b0572a-d0e1-4d63-b8aa-cfaadb6595fe traceId=exp-perf5000-000087-adbda0a5
zt-php-worker  | [perf-saga-complete] ts=1777537111.741156 orderId=cc8973ad-7dfd-4bdd-b764-3cdd6168dc26
zt-php-worker  | [perf-saga-step1] ts=1777537111.763064 orderId=9a3436cf-bb52-43d6-8f4d-67fb130dd48c traceId=exp-perf5000-000044-c6d7ad4b
zt-php-worker  | [perf-saga-complete] ts=1777537111.856569 orderId=b8ebabd4-eedb-44f4-9173-7d2831d8b3bf
zt-php-worker  | [perf-saga-step1] ts=1777537111.880289 orderId=4ae8ecbf-fab1-4e79-a4b9-e224ef314124 traceId=exp-perf5000-000094-794b9097
zt-php-worker  | [perf-saga-complete] ts=1777537111.972126 orderId=410c043f-d69b-423e-ab35-a6be86d5fa85
zt-php-worker  | [perf-saga-step1] ts=1777537111.996852 orderId=4613e7c2-7497-4b65-b101-725ce969b671 traceId=exp-perf5000-000054-8ce5f4ca
zt-php-worker  | [perf-saga-complete] ts=1777537112.084278 orderId=28b0572a-d0e1-4d63-b8aa-cfaadb6595fe
zt-php-worker  | [perf-saga-step1] ts=1777537112.107094 orderId=063dc9ae-887a-4306-a617-4257bccb0352 traceId=exp-perf5000-000098-3d06b226
zt-php-worker  | [perf-saga-complete] ts=1777537112.196458 orderId=9a3436cf-bb52-43d6-8f4d-67fb130dd48c
zt-php-worker  | [perf-saga-step1] ts=1777537112.219141 orderId=8366a8b2-7c03-44e5-a8f9-a6e8608e43c5 traceId=exp-perf5000-000053-1b6cf7db
zt-php-worker  | [perf-saga-complete] ts=1777537112.303801 orderId=4ae8ecbf-fab1-4e79-a4b9-e224ef314124
zt-php-worker  | [perf-saga-step1] ts=1777537112.327350 orderId=e65059b6-3f39-46bc-a824-6ad9e32631cb traceId=exp-perf5000-000060-84613304
zt-php-worker  | [perf-saga-complete] ts=1777537112.415443 orderId=4613e7c2-7497-4b65-b101-725ce969b671
zt-php-worker  | [perf-saga-step1] ts=1777537112.438958 orderId=ff586473-d0f5-4201-b8cf-23fba0215f86 traceId=exp-perf5000-000073-390990c0
zt-php-worker  | [perf-saga-complete] ts=1777537112.528075 orderId=063dc9ae-887a-4306-a617-4257bccb0352
zt-php-worker  | [perf-saga-step1] ts=1777537112.550023 orderId=2131288c-b04f-424d-9cd2-655eb45f7219 traceId=exp-perf5000-000082-60e7a6cc
zt-php-worker  | [perf-saga-complete] ts=1777537112.641254 orderId=8366a8b2-7c03-44e5-a8f9-a6e8608e43c5
zt-php-worker  | [perf-saga-step1] ts=1777537112.664348 orderId=9bebc499-c27d-46c8-ab97-81e28916c62d traceId=exp-perf5000-000072-9cc6a3bb
zt-php-worker  | [perf-saga-complete] ts=1777537112.754182 orderId=e65059b6-3f39-46bc-a824-6ad9e32631cb
zt-php-worker  | [perf-saga-step1] ts=1777537112.786919 orderId=8c87bf9f-7354-42f4-be70-9b06e0574e22 traceId=exp-perf5000-000095-2934b860
zt-php-worker  | [perf-saga-complete] ts=1777537112.880339 orderId=ff586473-d0f5-4201-b8cf-23fba0215f86
zt-php-worker  | [perf-saga-step1] ts=1777537112.902392 orderId=08f32ccc-fc54-46e0-91a7-f2b6f1e0e61d traceId=exp-perf5000-000074-99c194f7
zt-php-worker  | [perf-saga-complete] ts=1777537112.991370 orderId=2131288c-b04f-424d-9cd2-655eb45f7219
zt-php-worker  | [perf-saga-step1] ts=1777537113.019324 orderId=c4ce1ed1-8d1b-4707-9901-30c0be3d14c8 traceId=exp-perf5000-000089-331edbd8
zt-php-worker  | [perf-saga-complete] ts=1777537113.105296 orderId=9bebc499-c27d-46c8-ab97-81e28916c62d
zt-php-worker  | [perf-saga-step1] ts=1777537113.128391 orderId=4260c842-6256-4d98-9315-52b603ccd42c traceId=exp-perf5000-000055-bc90a546
zt-php-worker  | [perf-saga-complete] ts=1777537113.215053 orderId=8c87bf9f-7354-42f4-be70-9b06e0574e22
zt-php-worker  | [perf-saga-step1] ts=1777537113.238805 orderId=8e486e1c-4e30-4bdf-8cd0-fe80228fa7ad traceId=exp-perf5000-000097-784e3eba
zt-php-worker  | [perf-saga-complete] ts=1777537113.327245 orderId=08f32ccc-fc54-46e0-91a7-f2b6f1e0e61d
zt-php-worker  | [perf-saga-step1] ts=1777537113.349977 orderId=ce0460a3-b63c-4d1d-ba63-1e2d9b5dd359 traceId=exp-perf5000-000101-2488bf32
zt-php-worker  | [perf-saga-complete] ts=1777537113.436183 orderId=c4ce1ed1-8d1b-4707-9901-30c0be3d14c8
zt-php-worker  | [perf-saga-step1] ts=1777537113.459528 orderId=a28c53ad-8113-4285-b147-481f6084d94a traceId=exp-perf5000-000100-408396ab
zt-php-worker  | [perf-saga-complete] ts=1777537113.544501 orderId=4260c842-6256-4d98-9315-52b603ccd42c
zt-php-worker  | [perf-saga-step1] ts=1777537113.569037 orderId=3a74bd2a-98b4-4a6e-9221-df8614a24566 traceId=exp-perf5000-000102-851488ce
zt-php-worker  | [perf-saga-complete] ts=1777537113.653076 orderId=8e486e1c-4e30-4bdf-8cd0-fe80228fa7ad
zt-php-worker  | [perf-saga-step1] ts=1777537113.675187 orderId=836848a9-7993-45b8-b191-064e8b5d6af0 traceId=exp-perf5000-000103-b2e30b44
zt-php-worker  | [perf-saga-complete] ts=1777537113.760357 orderId=ce0460a3-b63c-4d1d-ba63-1e2d9b5dd359
zt-php-worker  | [perf-saga-step1] ts=1777537113.782228 orderId=93746cbd-0ff3-4fc5-b5d6-a7151f2e4bc4 traceId=exp-perf5000-000105-870fa76a
zt-php-worker  | [perf-saga-complete] ts=1777537113.879045 orderId=a28c53ad-8113-4285-b147-481f6084d94a
zt-php-worker  | [perf-saga-step1] ts=1777537113.908418 orderId=25616c7e-956b-432f-972d-b6294e2d09af traceId=exp-perf5000-000104-5234e390
zt-php-worker  | [perf-saga-complete] ts=1777537113.995313 orderId=3a74bd2a-98b4-4a6e-9221-df8614a24566
zt-php-worker  | [perf-saga-step1] ts=1777537114.018621 orderId=cf3cecf1-34ac-47cb-b01a-1d862a42af45 traceId=exp-perf5000-000107-8c5683fd
zt-php-worker  | [perf-saga-complete] ts=1777537114.104364 orderId=836848a9-7993-45b8-b191-064e8b5d6af0
zt-php-worker  | [perf-saga-step1] ts=1777537114.126646 orderId=cda1e00f-4a23-4701-a8f8-aac57cac558f traceId=exp-perf5000-000106-eea3c933
zt-php-worker  | [perf-saga-complete] ts=1777537114.213757 orderId=93746cbd-0ff3-4fc5-b5d6-a7151f2e4bc4
zt-php-worker  | [perf-saga-step1] ts=1777537114.235984 orderId=1d99cf99-3d6d-47fc-aa96-05733e15fc67 traceId=exp-perf5000-000109-97f9691d
zt-php-worker  | [perf-saga-complete] ts=1777537114.322503 orderId=25616c7e-956b-432f-972d-b6294e2d09af
zt-php-worker  | [perf-saga-step1] ts=1777537114.346316 orderId=d7bbe54c-aa3b-4c09-9876-769827189834 traceId=exp-perf5000-000108-6a911c23
zt-php-worker  | [perf-saga-complete] ts=1777537114.442757 orderId=cf3cecf1-34ac-47cb-b01a-1d862a42af45
zt-php-worker  | [perf-saga-step1] ts=1777537114.467131 orderId=67d04b3c-8b01-4aee-90d6-6548c1766086 traceId=exp-perf5000-000111-66111cd2
zt-php-worker  | [perf-saga-complete] ts=1777537114.554891 orderId=cda1e00f-4a23-4701-a8f8-aac57cac558f
zt-php-worker  | [perf-saga-step1] ts=1777537114.580026 orderId=bb1a927b-3137-4dab-a6f1-da25fedc636f traceId=exp-perf5000-000110-b4aa233d
zt-php-worker  | [perf-saga-complete] ts=1777537114.666069 orderId=1d99cf99-3d6d-47fc-aa96-05733e15fc67
zt-php-worker  | [perf-saga-step1] ts=1777537114.688692 orderId=7aeb1643-c761-4ebb-977b-d84d8aee02a2 traceId=exp-perf5000-000113-3b442ba8
zt-php-worker  | [perf-saga-complete] ts=1777537114.775652 orderId=d7bbe54c-aa3b-4c09-9876-769827189834
zt-php-worker  | [perf-saga-step1] ts=1777537114.798642 orderId=30ca7eb2-6fc7-44aa-8443-bc75055b6930 traceId=exp-perf5000-000112-6784a5d8
zt-php-worker  | [perf-saga-complete] ts=1777537114.887867 orderId=67d04b3c-8b01-4aee-90d6-6548c1766086
zt-php-worker  | [perf-saga-step1] ts=1777537114.910570 orderId=c739aa6e-1d9d-4f5b-9f61-e83a746897df traceId=exp-perf5000-000115-5191f01d
zt-php-worker  | [perf-saga-complete] ts=1777537114.996769 orderId=bb1a927b-3137-4dab-a6f1-da25fedc636f
zt-php-worker  | [perf-saga-step1] ts=1777537115.019441 orderId=073e4b38-da16-4514-8fc9-2996a66a5029 traceId=exp-perf5000-000114-dc0ffd9b
zt-php-worker  | [perf-saga-complete] ts=1777537115.107413 orderId=7aeb1643-c761-4ebb-977b-d84d8aee02a2
zt-php-worker  | [perf-saga-step1] ts=1777537115.130735 orderId=b52768d5-5325-40d5-80d4-a4988fb7b707 traceId=exp-perf5000-000117-da834cf8
zt-php-worker  | [perf-saga-complete] ts=1777537115.241023 orderId=30ca7eb2-6fc7-44aa-8443-bc75055b6930
zt-php-worker  | [perf-saga-step1] ts=1777537115.265387 orderId=64d323cc-69d0-42a1-9285-9b7d16774b22 traceId=exp-perf5000-000119-a338bfbb
zt-php-worker  | [perf-saga-complete] ts=1777537115.352989 orderId=c739aa6e-1d9d-4f5b-9f61-e83a746897df
zt-php-worker  | [perf-saga-step1] ts=1777537115.376752 orderId=962697fd-3b57-4d95-9d05-59e3f819ff0d traceId=exp-perf5000-000121-4076a087
zt-php-worker  | [perf-saga-complete] ts=1777537115.463865 orderId=073e4b38-da16-4514-8fc9-2996a66a5029
zt-php-worker  | [perf-saga-step1] ts=1777537115.491531 orderId=6bd5b622-48e7-417d-bfbc-0adc83bf767c traceId=exp-perf5000-000123-627919fc
zt-php-worker  | [perf-saga-complete] ts=1777537115.588405 orderId=b52768d5-5325-40d5-80d4-a4988fb7b707
zt-php-worker  | [perf-saga-step1] ts=1777537115.614424 orderId=f90b397c-31ca-4fce-9d96-6721211af05c traceId=exp-perf5000-000125-c09792e8
zt-php-worker  | [perf-saga-complete] ts=1777537115.723975 orderId=64d323cc-69d0-42a1-9285-9b7d16774b22
zt-php-worker  | [perf-saga-step1] ts=1777537115.751569 orderId=e4d1db04-e227-4b0b-ac37-21c2a7dfa476 traceId=exp-perf5000-000116-9732666b
zt-php-worker  | [perf-saga-complete] ts=1777537115.861737 orderId=962697fd-3b57-4d95-9d05-59e3f819ff0d
zt-php-worker  | [perf-saga-step1] ts=1777537115.889788 orderId=d26f7f3d-ea62-4c23-bdfb-5d5b7f100b4a traceId=exp-perf5000-000118-55adc7f1
zt-php-worker  | [perf-saga-complete] ts=1777537115.984886 orderId=6bd5b622-48e7-417d-bfbc-0adc83bf767c
zt-php-worker  | [perf-saga-step1] ts=1777537116.011432 orderId=6bbe3ca9-c9b1-4b6c-8c7b-7483c1afd7e4 traceId=exp-perf5000-000120-ef69d8e0
zt-php-worker  | [perf-saga-complete] ts=1777537116.097226 orderId=f90b397c-31ca-4fce-9d96-6721211af05c
zt-php-worker  | [perf-saga-step1] ts=1777537116.119612 orderId=2fac28f6-90b1-420e-8de3-2ad5cbb3bcc1 traceId=exp-perf5000-000122-294aef6a
zt-php-worker  | [perf-saga-complete] ts=1777537116.212356 orderId=e4d1db04-e227-4b0b-ac37-21c2a7dfa476
zt-php-worker  | [perf-saga-step1] ts=1777537116.235238 orderId=9c81a4ea-e920-4b97-b6ed-a11e9055764c traceId=exp-perf5000-000124-6f1ea6c6
zt-php-worker  | [perf-saga-complete] ts=1777537116.328077 orderId=d26f7f3d-ea62-4c23-bdfb-5d5b7f100b4a
zt-php-worker  | [perf-saga-step1] ts=1777537116.352232 orderId=e6f2d493-4aa6-4277-b113-c24c167da23a traceId=exp-perf5000-000126-44734c6e
zt-php-worker  | [perf-saga-complete] ts=1777537116.452205 orderId=6bbe3ca9-c9b1-4b6c-8c7b-7483c1afd7e4
zt-php-worker  | [perf-saga-step1] ts=1777537116.474649 orderId=ee697b18-8b05-43f3-ab3b-7bd52728abcd traceId=exp-perf5000-000127-21066f56
zt-php-worker  | [perf-saga-complete] ts=1777537116.561409 orderId=2fac28f6-90b1-420e-8de3-2ad5cbb3bcc1
zt-php-worker  | [perf-saga-step1] ts=1777537116.585187 orderId=94c4ba83-6dd9-4c12-9a21-c2398b845bdb traceId=exp-perf5000-000128-c74c4325
zt-php-worker  | [perf-saga-complete] ts=1777537116.672081 orderId=9c81a4ea-e920-4b97-b6ed-a11e9055764c
zt-php-worker  | [perf-saga-step1] ts=1777537116.696295 orderId=170d5a09-1b93-4b94-836a-ee3427dd79d4 traceId=exp-perf5000-000129-a6d760ba
zt-php-worker  | [perf-saga-complete] ts=1777537116.787394 orderId=e6f2d493-4aa6-4277-b113-c24c167da23a
zt-php-worker  | [perf-saga-step1] ts=1777537116.812710 orderId=d5689cd4-4050-4266-88c4-9d12ee4696e6 traceId=exp-perf5000-000131-0dd87627
zt-php-worker  | [perf-saga-complete] ts=1777537116.899244 orderId=ee697b18-8b05-43f3-ab3b-7bd52728abcd
zt-php-worker  | [perf-saga-step1] ts=1777537116.922987 orderId=d5360b6d-ecc5-4927-a226-1479c77b7e6f traceId=exp-perf5000-000130-64f78456
zt-php-worker  | [perf-saga-complete] ts=1777537117.012289 orderId=94c4ba83-6dd9-4c12-9a21-c2398b845bdb
zt-php-worker  | [perf-saga-step1] ts=1777537117.034917 orderId=e3aa6fa1-c71c-4fcb-976a-e7fd25f88602 traceId=exp-perf5000-000133-735de9a9
zt-php-worker  | [perf-saga-complete] ts=1777537117.121274 orderId=170d5a09-1b93-4b94-836a-ee3427dd79d4
zt-php-worker  | [perf-saga-step1] ts=1777537117.143793 orderId=9c1cb22c-faaf-4b3a-8442-7613ac31009a traceId=exp-perf5000-000132-564d9077
zt-php-worker  | [perf-saga-complete] ts=1777537117.230817 orderId=d5689cd4-4050-4266-88c4-9d12ee4696e6
zt-php-worker  | [perf-saga-step1] ts=1777537117.253273 orderId=61d9cf8b-7a15-4891-90fb-818b68ab0c91 traceId=exp-perf5000-000134-236753c6
zt-php-worker  | [perf-saga-complete] ts=1777537117.338285 orderId=d5360b6d-ecc5-4927-a226-1479c77b7e6f
zt-php-worker  | [perf-saga-step1] ts=1777537117.362756 orderId=63cc692d-3e6c-4efd-b359-5e2c932ad663 traceId=exp-perf5000-000135-95b4531c
zt-php-worker  | [perf-saga-complete] ts=1777537117.469365 orderId=e3aa6fa1-c71c-4fcb-976a-e7fd25f88602
zt-php-worker  | [perf-saga-step1] ts=1777537117.491613 orderId=47cad11a-d0f9-4728-988f-6c97074820e1 traceId=exp-perf5000-000136-7b48099a
zt-php-worker  | [perf-saga-complete] ts=1777537117.583454 orderId=9c1cb22c-faaf-4b3a-8442-7613ac31009a
zt-php-worker  | [perf-saga-step1] ts=1777537117.606496 orderId=a7feb8ff-4468-4293-92fc-9640f11e72cb traceId=exp-perf5000-000137-7baf1ce1
zt-php-worker  | [perf-saga-complete] ts=1777537117.699936 orderId=61d9cf8b-7a15-4891-90fb-818b68ab0c91
zt-php-worker  | [perf-saga-step1] ts=1777537117.726049 orderId=b2dd707a-d9f1-491d-a06a-811ad44eaa34 traceId=exp-perf5000-000138-5357385b
zt-php-worker  | [perf-saga-complete] ts=1777537117.815502 orderId=63cc692d-3e6c-4efd-b359-5e2c932ad663
zt-php-worker  | [perf-saga-step1] ts=1777537117.839901 orderId=25b97c60-bf00-44cc-8379-e8d22c17c802 traceId=exp-perf5000-000139-73490cb8
zt-php-worker  | [perf-saga-complete] ts=1777537117.975128 orderId=47cad11a-d0f9-4728-988f-6c97074820e1
zt-php-worker  | [perf-saga-step1] ts=1777537118.042054 orderId=d310b794-e6b9-414e-a8b8-3bdf2d6642ed traceId=exp-perf5000-000140-44c4d56d
zt-php-worker  | [perf-saga-complete] ts=1777537118.175159 orderId=a7feb8ff-4468-4293-92fc-9640f11e72cb
zt-php-worker  | [perf-saga-step1] ts=1777537118.199009 orderId=2560e3ce-8239-410b-a679-41af729b3821 traceId=exp-perf5000-000141-285c5532
zt-php-worker  | [perf-saga-complete] ts=1777537118.284081 orderId=b2dd707a-d9f1-491d-a06a-811ad44eaa34
zt-php-worker  | [perf-saga-step1] ts=1777537118.308720 orderId=caa35a78-8bd3-4fec-a364-cabc32144947 traceId=exp-perf5000-000143-c6261738
zt-php-worker  | [perf-saga-complete] ts=1777537118.400640 orderId=25b97c60-bf00-44cc-8379-e8d22c17c802
zt-php-worker  | [perf-saga-step1] ts=1777537118.427852 orderId=1452ea18-4603-4ca0-9dd8-cd0cc622dce2 traceId=exp-perf5000-000142-6c5590f8
zt-php-worker  | [perf-saga-complete] ts=1777537118.515992 orderId=d310b794-e6b9-414e-a8b8-3bdf2d6642ed
zt-php-worker  | [perf-saga-step1] ts=1777537118.538454 orderId=f384d229-1e40-42f3-9b25-fc5ba77e20cb traceId=exp-perf5000-000145-5fe1d26f
zt-php-worker  | [perf-saga-complete] ts=1777537118.629690 orderId=2560e3ce-8239-410b-a679-41af729b3821
zt-php-worker  | [perf-saga-step1] ts=1777537118.652215 orderId=74def5c7-4c93-42f1-b018-a7c52894b8b1 traceId=exp-perf5000-000144-1bb1d235
zt-php-worker  | [perf-saga-complete] ts=1777537118.738428 orderId=caa35a78-8bd3-4fec-a364-cabc32144947
zt-php-worker  | [perf-saga-step1] ts=1777537118.761617 orderId=bf800a6b-202e-4f3e-8b51-4d1ba53698cc traceId=exp-perf5000-000147-f273d29c
zt-php-worker  | [perf-saga-complete] ts=1777537118.848735 orderId=1452ea18-4603-4ca0-9dd8-cd0cc622dce2
zt-php-worker  | [perf-saga-step1] ts=1777537118.870588 orderId=23d9c005-0b6e-4d7a-8bd2-e78df54ae70d traceId=exp-perf5000-000146-759df097
zt-php-worker  | [perf-saga-complete] ts=1777537118.988006 orderId=f384d229-1e40-42f3-9b25-fc5ba77e20cb
zt-php-worker  | [perf-saga-step1] ts=1777537119.013267 orderId=1c48b4fe-289a-41d7-85d9-5521ae985ce3 traceId=exp-perf5000-000149-f6d7f338
zt-php-worker  | [perf-saga-complete] ts=1777537119.100791 orderId=74def5c7-4c93-42f1-b018-a7c52894b8b1
zt-php-worker  | [perf-saga-step1] ts=1777537119.124653 orderId=01304049-9d9e-4306-b38c-4bc8f8d18eec traceId=exp-perf5000-000148-5868bffe
zt-php-worker  | [perf-saga-complete] ts=1777537119.215268 orderId=bf800a6b-202e-4f3e-8b51-4d1ba53698cc
zt-php-worker  | [perf-saga-step1] ts=1777537119.238565 orderId=2b5b8b98-18c1-4023-a37b-edd1fe3faff2 traceId=exp-perf5000-000151-e29a6f46
zt-php-worker  | [perf-saga-complete] ts=1777537119.326540 orderId=23d9c005-0b6e-4d7a-8bd2-e78df54ae70d
zt-php-worker  | [perf-saga-step1] ts=1777537119.349873 orderId=3ea27550-d5d4-4072-9b46-6a504167a5e4 traceId=exp-perf5000-000153-a543d49f
zt-php-worker  | [perf-saga-complete] ts=1777537119.447967 orderId=1c48b4fe-289a-41d7-85d9-5521ae985ce3
zt-php-worker  | [perf-saga-step1] ts=1777537119.471081 orderId=4aed53d4-052a-4229-92da-be5ab74a33e7 traceId=exp-perf5000-000150-2c7e176f
zt-php-worker  | [perf-saga-complete] ts=1777537119.564557 orderId=01304049-9d9e-4306-b38c-4bc8f8d18eec
zt-php-worker  | [perf-saga-step1] ts=1777537119.590486 orderId=d0edd155-ecb2-4165-b07b-ed80aff3d4e0 traceId=exp-perf5000-000152-1ced80d7
zt-php-worker  | [perf-saga-complete] ts=1777537119.682568 orderId=2b5b8b98-18c1-4023-a37b-edd1fe3faff2
zt-php-worker  | [perf-saga-step1] ts=1777537119.705487 orderId=7eb63f01-852b-4129-ad66-555bbf5c33ba traceId=exp-perf5000-000155-b2a648b8
zt-php-worker  | [perf-saga-complete] ts=1777537119.794463 orderId=3ea27550-d5d4-4072-9b46-6a504167a5e4
zt-php-worker  | [perf-saga-step1] ts=1777537119.827315 orderId=f280440c-c6be-456a-8490-5d9d9f86a196 traceId=exp-perf5000-000154-6502a52c
zt-php-worker  | [perf-saga-complete] ts=1777537119.920295 orderId=4aed53d4-052a-4229-92da-be5ab74a33e7
zt-php-worker  | [perf-saga-step1] ts=1777537119.946077 orderId=9a284a27-318a-4709-b504-c0080a3593bc traceId=exp-perf5000-000157-655a2fac
zt-php-worker  | [perf-saga-complete] ts=1777537120.057446 orderId=d0edd155-ecb2-4165-b07b-ed80aff3d4e0
zt-php-worker  | [perf-saga-step1] ts=1777537120.082526 orderId=2f0e70d7-f3b5-4465-bb1a-4e2b6f2cc741 traceId=exp-perf5000-000156-844eaace
zt-php-worker  | [perf-saga-complete] ts=1777537120.171039 orderId=7eb63f01-852b-4129-ad66-555bbf5c33ba
zt-php-worker  | [perf-saga-step1] ts=1777537120.193556 orderId=8b537e22-409f-463e-8fc8-53e2f929d23e traceId=exp-perf5000-000159-d97e6bdf
zt-php-worker  | [perf-saga-complete] ts=1777537120.282629 orderId=f280440c-c6be-456a-8490-5d9d9f86a196
zt-php-worker  | [perf-saga-step1] ts=1777537120.305373 orderId=5bf1d3ed-8efe-436f-9c50-94bd808743bf traceId=exp-perf5000-000158-68db0581
zt-php-worker  | [perf-saga-complete] ts=1777537120.394481 orderId=9a284a27-318a-4709-b504-c0080a3593bc
zt-php-worker  | [perf-saga-step1] ts=1777537120.420836 orderId=00d75681-5168-4b1f-abe2-3d88e3613364 traceId=exp-perf5000-000161-7f6ba94d
zt-php-worker  | [perf-saga-complete] ts=1777537120.509924 orderId=2f0e70d7-f3b5-4465-bb1a-4e2b6f2cc741
zt-php-worker  | [perf-saga-step1] ts=1777537120.532873 orderId=eb6426b5-f17f-44e3-8c41-c0c5b88c6879 traceId=exp-perf5000-000160-b2ded84b
zt-php-worker  | [perf-saga-complete] ts=1777537120.628363 orderId=8b537e22-409f-463e-8fc8-53e2f929d23e
zt-php-worker  | [perf-saga-step1] ts=1777537120.651758 orderId=5a1ff7af-6951-4134-a5c3-c138842b4430 traceId=exp-perf5000-000163-96f51823
zt-php-worker  | [perf-saga-complete] ts=1777537120.739163 orderId=5bf1d3ed-8efe-436f-9c50-94bd808743bf
zt-php-worker  | [perf-saga-step1] ts=1777537120.764132 orderId=8c236846-c0ac-4f0c-93bb-1ba2914bf3c2 traceId=exp-perf5000-000162-ecd92bda
zt-php-worker  | [perf-saga-complete] ts=1777537120.850332 orderId=00d75681-5168-4b1f-abe2-3d88e3613364
zt-php-worker  | [perf-saga-step1] ts=1777537120.874285 orderId=e9060b5d-2430-48ae-8aa9-1bcecaae4127 traceId=exp-perf5000-000164-b98bf0cd
zt-php-worker  | [perf-saga-complete] ts=1777537120.970661 orderId=eb6426b5-f17f-44e3-8c41-c0c5b88c6879
zt-php-worker  | [perf-saga-step1] ts=1777537120.997415 orderId=d5d0b90a-3427-4e00-a78b-2943918f430a traceId=exp-perf5000-000165-7b1266e2
zt-php-worker  | [perf-saga-complete] ts=1777537121.097430 orderId=5a1ff7af-6951-4134-a5c3-c138842b4430
zt-php-worker  | [perf-saga-step1] ts=1777537121.143499 orderId=971fb9a4-7b53-4f63-8e79-8dfb90b01faa traceId=exp-perf5000-000166-f3208035
zt-php-worker  | [perf-saga-complete] ts=1777537121.259696 orderId=8c236846-c0ac-4f0c-93bb-1ba2914bf3c2
zt-php-worker  | [perf-saga-step1] ts=1777537121.283500 orderId=ff23bb33-c71e-470d-8a8e-85b61b094cd1 traceId=exp-perf5000-000167-e6e1a940
zt-php-worker  | [perf-saga-complete] ts=1777537121.371756 orderId=e9060b5d-2430-48ae-8aa9-1bcecaae4127
zt-php-worker  | [perf-saga-step1] ts=1777537121.394436 orderId=ade3c020-0bce-47a4-ba97-bbe1ca114e7a traceId=exp-perf5000-000168-afd72ab4
zt-php-worker  | [perf-saga-complete] ts=1777537121.483584 orderId=d5d0b90a-3427-4e00-a78b-2943918f430a
zt-php-worker  | [perf-saga-step1] ts=1777537121.507360 orderId=eadce286-1a53-4897-9c30-77be49824baa traceId=exp-perf5000-000169-66a41f8e
zt-php-worker  | [perf-saga-complete] ts=1777537121.595208 orderId=971fb9a4-7b53-4f63-8e79-8dfb90b01faa
zt-php-worker  | [perf-saga-step1] ts=1777537121.617478 orderId=3cc816e2-4ca0-416b-a04f-b65ee6954a0a traceId=exp-perf5000-000171-a87c41e4
zt-php-worker  | [perf-saga-complete] ts=1777537121.703497 orderId=ff23bb33-c71e-470d-8a8e-85b61b094cd1
zt-php-worker  | [perf-saga-step1] ts=1777537121.725583 orderId=ee556a85-0a75-404b-aa7e-d72bdb17753d traceId=exp-perf5000-000170-c2bae1f5
zt-php-worker  | [perf-saga-complete] ts=1777537121.815950 orderId=ade3c020-0bce-47a4-ba97-bbe1ca114e7a
zt-php-worker  | [perf-saga-step1] ts=1777537121.840303 orderId=109f2d23-7593-4099-92fe-b45eb7c1b706 traceId=exp-perf5000-000172-ca1c6417
zt-php-worker  | [perf-saga-complete] ts=1777537121.928559 orderId=eadce286-1a53-4897-9c30-77be49824baa
zt-php-worker  | [perf-saga-step1] ts=1777537121.953258 orderId=c0049c3b-4056-4e5b-bb51-9f996ac0901e traceId=exp-perf5000-000173-e39f3ea8
zt-php-worker  | [perf-saga-complete] ts=1777537122.043066 orderId=3cc816e2-4ca0-416b-a04f-b65ee6954a0a
zt-php-worker  | [perf-saga-step1] ts=1777537122.066317 orderId=6fb13528-857b-487d-a651-1e34646d5cbd traceId=exp-perf5000-000174-8a475b1c
zt-php-worker  | [perf-saga-complete] ts=1777537122.151497 orderId=ee556a85-0a75-404b-aa7e-d72bdb17753d
zt-php-worker  | [perf-saga-step1] ts=1777537122.175223 orderId=7cff3365-f9c7-4678-8e7a-19e51c4f5042 traceId=exp-perf5000-000175-79179795
zt-php-worker  | [perf-saga-complete] ts=1777537122.262938 orderId=109f2d23-7593-4099-92fe-b45eb7c1b706
zt-php-worker  | [perf-saga-step1] ts=1777537122.286390 orderId=598188e7-b884-4ac6-b8a0-1da2938105af traceId=exp-perf5000-000176-2f2dc769
zt-php-worker  | [perf-saga-complete] ts=1777537122.373814 orderId=c0049c3b-4056-4e5b-bb51-9f996ac0901e
zt-php-worker  | [perf-saga-step1] ts=1777537122.397874 orderId=65f2b37f-b835-4668-b659-f58b6ee49fb3 traceId=exp-perf5000-000177-c2180301
zt-php-worker  | [perf-saga-complete] ts=1777537122.489789 orderId=6fb13528-857b-487d-a651-1e34646d5cbd
zt-php-worker  | [perf-saga-step1] ts=1777537122.513083 orderId=c0c82b74-cff4-4cdf-bd67-dca82320275f traceId=exp-perf5000-000179-61be17e0
zt-php-worker  | [perf-saga-complete] ts=1777537122.603492 orderId=7cff3365-f9c7-4678-8e7a-19e51c4f5042
zt-php-worker  | [perf-saga-step1] ts=1777537122.630037 orderId=59d16205-5996-43e8-a07d-240d1d717772 traceId=exp-perf5000-000181-f883b752
zt-php-worker  | [perf-saga-complete] ts=1777537122.719366 orderId=598188e7-b884-4ac6-b8a0-1da2938105af
zt-php-worker  | [perf-saga-step1] ts=1777537122.745115 orderId=91789ad4-7519-4b52-8ada-8e78ba560c23 traceId=exp-perf5000-000183-5b2e8deb
zt-php-worker  | [perf-saga-complete] ts=1777537122.834775 orderId=65f2b37f-b835-4668-b659-f58b6ee49fb3
zt-php-worker  | [perf-saga-step1] ts=1777537122.858631 orderId=eed6c49a-3ecc-4f3a-8149-553c101c8122 traceId=exp-perf5000-000185-fba483ae
zt-php-worker  | [perf-saga-complete] ts=1777537122.947309 orderId=c0c82b74-cff4-4cdf-bd67-dca82320275f
zt-php-worker  | [perf-saga-step1] ts=1777537122.971331 orderId=5a713766-95f5-4f5e-bf11-d272b2604c4c traceId=exp-perf5000-000187-754cefd0
zt-php-worker  | [perf-saga-complete] ts=1777537123.059876 orderId=59d16205-5996-43e8-a07d-240d1d717772
zt-php-worker  | [perf-saga-step1] ts=1777537123.089942 orderId=a95fbf29-c161-4f58-88e1-18835361dfbf traceId=exp-perf5000-000178-b1aa2ac8
zt-php-worker  | [perf-saga-complete] ts=1777537123.191579 orderId=91789ad4-7519-4b52-8ada-8e78ba560c23
zt-php-worker  | [perf-saga-step1] ts=1777537123.219925 orderId=0609ccbf-d9dd-4676-a533-499a6b6e6a49 traceId=exp-perf5000-000180-9c792655
zt-php-worker  | [perf-saga-complete] ts=1777537123.311168 orderId=eed6c49a-3ecc-4f3a-8149-553c101c8122
zt-php-worker  | [perf-saga-step1] ts=1777537123.336532 orderId=322c1f75-71ca-4016-889d-1b3fe002e003 traceId=exp-perf5000-000182-afbc05bf
zt-php-worker  | [perf-saga-complete] ts=1777537123.425150 orderId=5a713766-95f5-4f5e-bf11-d272b2604c4c
zt-php-worker  | [perf-saga-step1] ts=1777537123.449632 orderId=0543f053-1244-4c65-a529-8e16aa32e3f4 traceId=exp-perf5000-000184-0c539502
zt-php-worker  | [perf-saga-complete] ts=1777537123.537813 orderId=a95fbf29-c161-4f58-88e1-18835361dfbf
zt-php-worker  | [perf-saga-step1] ts=1777537123.561319 orderId=80dab100-8e23-455c-8ff4-eef17cfec0bd traceId=exp-perf5000-000186-9457f8d6
zt-php-worker  | [perf-saga-complete] ts=1777537123.655883 orderId=0609ccbf-d9dd-4676-a533-499a6b6e6a49
zt-php-worker  | [perf-saga-step1] ts=1777537123.679903 orderId=72a6f40a-656e-4531-aa93-cc745a92e005 traceId=exp-perf5000-000188-0beab80d
zt-php-worker  | [perf-saga-complete] ts=1777537123.768964 orderId=322c1f75-71ca-4016-889d-1b3fe002e003
zt-php-worker  | [perf-saga-step1] ts=1777537123.792223 orderId=c98ed8c5-d665-4ad9-b658-fb0a36928960 traceId=exp-perf5000-000189-295d2e0d
zt-php-worker  | [perf-saga-complete] ts=1777537123.880543 orderId=0543f053-1244-4c65-a529-8e16aa32e3f4
zt-php-worker  | [perf-saga-step1] ts=1777537123.904301 orderId=32a61224-b7f3-48ca-a301-4e060cdd5ff7 traceId=exp-perf5000-000190-ec93b8bc
zt-php-worker  | [perf-saga-complete] ts=1777537124.018695 orderId=80dab100-8e23-455c-8ff4-eef17cfec0bd
zt-php-worker  | [perf-saga-step1] ts=1777537124.046024 orderId=8bb1f0a5-486f-4ac1-a318-687877ba0e9d traceId=exp-perf5000-000191-50bcacab
zt-php-worker  | [perf-saga-complete] ts=1777537124.156337 orderId=72a6f40a-656e-4531-aa93-cc745a92e005
zt-php-worker  | [perf-saga-step1] ts=1777537124.180691 orderId=09c9bb5b-dee5-4829-8fa1-b11cd685adce traceId=exp-perf5000-000192-e3783472
zt-php-worker  | [perf-saga-complete] ts=1777537124.270591 orderId=c98ed8c5-d665-4ad9-b658-fb0a36928960
zt-php-worker  | [perf-saga-step1] ts=1777537124.294568 orderId=0a79cd6c-add7-4ba9-9282-ef20ca59489a traceId=exp-perf5000-000193-356f1bbf
zt-php-worker  | [perf-saga-complete] ts=1777537124.381842 orderId=32a61224-b7f3-48ca-a301-4e060cdd5ff7
zt-php-worker  | [perf-saga-step1] ts=1777537124.405572 orderId=6c48e0e7-cc73-4a30-9e3d-2467a2223b8c traceId=exp-perf5000-000194-401a3f5d
zt-php-worker  | [perf-saga-complete] ts=1777537124.496285 orderId=8bb1f0a5-486f-4ac1-a318-687877ba0e9d
zt-php-worker  | [perf-saga-step1] ts=1777537124.520228 orderId=c8a7c8fb-926d-439e-a49b-99ee15996746 traceId=exp-perf5000-000195-6ef038d3
zt-php-worker  | [perf-saga-complete] ts=1777537124.608455 orderId=09c9bb5b-dee5-4829-8fa1-b11cd685adce
zt-php-worker  | [perf-saga-step1] ts=1777537124.631954 orderId=58f0ce00-e35f-430f-b1ea-4dfbee8f9cbf traceId=exp-perf5000-000196-b3704461
zt-php-worker  | [perf-saga-complete] ts=1777537124.719587 orderId=0a79cd6c-add7-4ba9-9282-ef20ca59489a
zt-php-worker  | [perf-saga-step1] ts=1777537124.744316 orderId=735f6e1d-e9b7-47f9-9353-31fa218ebf84 traceId=exp-perf5000-000197-27cfa207
zt-php-worker  | [perf-saga-complete] ts=1777537124.831711 orderId=6c48e0e7-cc73-4a30-9e3d-2467a2223b8c
zt-php-worker  | [perf-saga-step1] ts=1777537124.855507 orderId=70e3bc78-0949-41cf-8417-b98b09a16c74 traceId=exp-perf5000-000198-49bb4d18
zt-php-worker  | [perf-saga-complete] ts=1777537124.946110 orderId=c8a7c8fb-926d-439e-a49b-99ee15996746
zt-php-worker  | [perf-saga-step1] ts=1777537124.970193 orderId=1d901783-6ada-40d2-b8f7-5c8dcdfd0678 traceId=exp-perf5000-000199-88f1488a
zt-php-worker  | [perf-saga-complete] ts=1777537125.065333 orderId=58f0ce00-e35f-430f-b1ea-4dfbee8f9cbf
zt-php-worker  | [perf-saga-step1] ts=1777537125.089516 orderId=f7b6b6fb-888b-4525-86a3-3887e6403464 traceId=exp-perf5000-000200-7d9fc887
zt-php-worker  | [perf-saga-complete] ts=1777537125.179970 orderId=735f6e1d-e9b7-47f9-9353-31fa218ebf84
zt-php-worker  | [perf-saga-step1] ts=1777537125.208562 orderId=00efe6f2-2948-4f40-823c-cddfe787908a traceId=exp-perf5000-000201-432a3423
zt-php-worker  | [perf-saga-complete] ts=1777537125.297903 orderId=70e3bc78-0949-41cf-8417-b98b09a16c74
zt-php-worker  | [perf-saga-step1] ts=1777537125.321176 orderId=625dd409-59ec-440c-b874-cff2ce98c69b traceId=exp-perf5000-000202-ce1c2e05
zt-php-worker  | [perf-saga-complete] ts=1777537125.409539 orderId=1d901783-6ada-40d2-b8f7-5c8dcdfd0678
zt-php-worker  | [perf-saga-step1] ts=1777537125.434546 orderId=cfcb3544-5ef2-455a-a09b-91bb33349076 traceId=exp-perf5000-000203-9b4d3c02
zt-php-worker  | [perf-saga-complete] ts=1777537125.524366 orderId=f7b6b6fb-888b-4525-86a3-3887e6403464
zt-php-worker  | [perf-saga-step1] ts=1777537125.547513 orderId=2033fe40-b40d-40e2-b0d2-85e6060d6194 traceId=exp-perf5000-000204-2e3cf6da
zt-php-worker  | [perf-saga-complete] ts=1777537125.636722 orderId=00efe6f2-2948-4f40-823c-cddfe787908a
zt-php-worker  | [perf-saga-step1] ts=1777537125.661292 orderId=cdebbb31-6bc0-48cf-966f-09137485ded6 traceId=exp-perf5000-000205-761da036
zt-php-worker  | [perf-saga-complete] ts=1777537125.749714 orderId=625dd409-59ec-440c-b874-cff2ce98c69b
zt-php-worker  | [perf-saga-step1] ts=1777537125.773358 orderId=cbea6cb2-f199-4d81-acb7-d312dd8ecd46 traceId=exp-perf5000-000206-1f0fac87
zt-php-worker  | [perf-saga-complete] ts=1777537125.864020 orderId=cfcb3544-5ef2-455a-a09b-91bb33349076
zt-php-worker  | [perf-saga-step1] ts=1777537125.887481 orderId=a2e44993-61a8-4541-8e45-05587a51bde9 traceId=exp-perf5000-000207-bd3355d8
zt-php-worker  | [perf-saga-complete] ts=1777537125.973911 orderId=2033fe40-b40d-40e2-b0d2-85e6060d6194
zt-php-worker  | [perf-saga-step1] ts=1777537125.998054 orderId=5fe83013-a055-4a8e-a0ff-d3ed10376018 traceId=exp-perf5000-000208-f86f155c
zt-php-worker  | [perf-saga-complete] ts=1777537126.094208 orderId=cdebbb31-6bc0-48cf-966f-09137485ded6
zt-php-worker  | [perf-saga-step1] ts=1777537126.122188 orderId=67027090-194c-4841-9e0a-d5a42db85182 traceId=exp-perf5000-000209-12954349
zt-php-worker  | [perf-saga-complete] ts=1777537126.215322 orderId=cbea6cb2-f199-4d81-acb7-d312dd8ecd46
zt-php-worker  | [perf-saga-step1] ts=1777537126.239033 orderId=08b8fd09-0003-4569-acce-ee13180927ed traceId=exp-perf5000-000210-116f20d8
zt-php-worker  | [perf-saga-complete] ts=1777537126.343914 orderId=a2e44993-61a8-4541-8e45-05587a51bde9
zt-php-worker  | [perf-saga-step1] ts=1777537126.371895 orderId=e0b4e493-ccc8-43a9-8d83-7b63f7331dd7 traceId=exp-perf5000-000211-dba26fb5
zt-php-worker  | [perf-saga-complete] ts=1777537126.485967 orderId=5fe83013-a055-4a8e-a0ff-d3ed10376018
zt-php-worker  | [perf-saga-step1] ts=1777537126.513818 orderId=2a5850b8-d7d6-489d-b2e7-822f703a7103 traceId=exp-perf5000-000212-d78fcf74
zt-php-worker  | [perf-saga-complete] ts=1777537126.610939 orderId=67027090-194c-4841-9e0a-d5a42db85182
zt-php-worker  | [perf-saga-step1] ts=1777537126.635754 orderId=a42e6bce-dfb3-4e0d-ab7c-51e65b80a2a8 traceId=exp-perf5000-000213-1139c6ce
zt-php-worker  | [perf-saga-complete] ts=1777537126.727277 orderId=08b8fd09-0003-4569-acce-ee13180927ed
zt-php-worker  | [perf-saga-step1] ts=1777537126.751089 orderId=74db9fa1-5c7c-4e5c-8a5c-cfe22d0fefca traceId=exp-perf5000-000214-66f949f6
zt-php-worker  | [perf-saga-complete] ts=1777537126.842159 orderId=e0b4e493-ccc8-43a9-8d83-7b63f7331dd7
zt-php-worker  | [perf-saga-step1] ts=1777537126.865317 orderId=77ef4195-4973-4926-aa9d-a90b66817916 traceId=exp-perf5000-000215-9c8ee7e2
zt-php-worker  | [perf-saga-complete] ts=1777537126.954131 orderId=2a5850b8-d7d6-489d-b2e7-822f703a7103
zt-php-worker  | [perf-saga-step1] ts=1777537126.982845 orderId=902d5ce9-632a-4b55-8c3d-ee353247675e traceId=exp-perf5000-000217-ce9fc3e5
zt-php-worker  | [perf-saga-complete] ts=1777537127.069154 orderId=a42e6bce-dfb3-4e0d-ab7c-51e65b80a2a8
zt-php-worker  | [perf-saga-step1] ts=1777537127.092792 orderId=8b8618ea-e370-4033-9d8f-ba1c01fa6fb7 traceId=exp-perf5000-000216-fc5a7d5d
zt-php-worker  | [perf-saga-complete] ts=1777537127.185198 orderId=74db9fa1-5c7c-4e5c-8a5c-cfe22d0fefca
zt-php-worker  | [perf-saga-step1] ts=1777537127.208525 orderId=ce669fd2-ae63-4db5-9fce-2bc952843fd4 traceId=exp-perf5000-000218-6fac051f
zt-php-worker  | [perf-saga-complete] ts=1777537127.297537 orderId=77ef4195-4973-4926-aa9d-a90b66817916
zt-php-worker  | [perf-saga-step1] ts=1777537127.320976 orderId=96213106-6364-4d9d-8bdd-c2cbb9601d16 traceId=exp-perf5000-000219-d42ebe6e
zt-php-worker  | [perf-saga-complete] ts=1777537127.429149 orderId=902d5ce9-632a-4b55-8c3d-ee353247675e
zt-php-worker  | [perf-saga-step1] ts=1777537127.454853 orderId=b5f808d3-e780-4698-9419-988cd2986907 traceId=exp-perf5000-000221-bccbef77
zt-php-worker  | [perf-saga-complete] ts=1777537127.546930 orderId=8b8618ea-e370-4033-9d8f-ba1c01fa6fb7
zt-php-worker  | [perf-saga-step1] ts=1777537127.570741 orderId=5042fe73-97b1-45c6-8be6-c3dfb3ba517e traceId=exp-perf5000-000220-76a3fddc
zt-php-worker  | [perf-saga-complete] ts=1777537127.658939 orderId=ce669fd2-ae63-4db5-9fce-2bc952843fd4
zt-php-worker  | [perf-saga-step1] ts=1777537127.681952 orderId=e93ccbf3-9c92-47c3-af6c-acae05b759f4 traceId=exp-perf5000-000222-2ae24176
zt-php-worker  | [perf-saga-complete] ts=1777537127.771344 orderId=96213106-6364-4d9d-8bdd-c2cbb9601d16
zt-php-worker  | [perf-saga-step1] ts=1777537127.794584 orderId=6228896c-5c89-4d9a-b8fe-bee5d4401b1d traceId=exp-perf5000-000223-f5493bd7
zt-php-worker  | [perf-saga-complete] ts=1777537127.882326 orderId=b5f808d3-e780-4698-9419-988cd2986907
zt-php-worker  | [perf-saga-step1] ts=1777537127.905882 orderId=56c057a0-b54b-4d38-89fa-8f9ca6d06169 traceId=exp-perf5000-000225-a7fb7f1a
zt-php-worker  | [perf-saga-complete] ts=1777537127.994060 orderId=5042fe73-97b1-45c6-8be6-c3dfb3ba517e
zt-php-worker  | [perf-saga-step1] ts=1777537128.017833 orderId=03a2c324-a02b-434e-b7b6-da25fe57a2da traceId=exp-perf5000-000224-2586a08a
zt-php-worker  | [perf-saga-complete] ts=1777537128.164329 orderId=e93ccbf3-9c92-47c3-af6c-acae05b759f4
zt-php-worker  | [perf-saga-step1] ts=1777537128.190553 orderId=3161a597-071d-47be-aaeb-d5ce61b48fb4 traceId=exp-perf5000-000227-1f0a05ba
zt-php-worker  | [perf-saga-complete] ts=1777537128.292118 orderId=6228896c-5c89-4d9a-b8fe-bee5d4401b1d
zt-php-worker  | [perf-saga-step1] ts=1777537128.316525 orderId=20341bf3-a4cb-4ae3-ac8f-3b62b31861d9 traceId=exp-perf5000-000226-eea23307
zt-php-worker  | [perf-saga-complete] ts=1777537128.410814 orderId=56c057a0-b54b-4d38-89fa-8f9ca6d06169
zt-php-worker  | [perf-saga-step1] ts=1777537128.434968 orderId=adc54507-2702-4d76-bdd4-1fab9c1edeca traceId=exp-perf5000-000229-72496521
zt-php-worker  | [perf-saga-complete] ts=1777537128.526273 orderId=03a2c324-a02b-434e-b7b6-da25fe57a2da
zt-php-worker  | [perf-saga-step1] ts=1777537128.549541 orderId=979a37e5-32da-4196-8197-db91bcb85db8 traceId=exp-perf5000-000228-a719571b
zt-php-worker  | [perf-saga-complete] ts=1777537128.641515 orderId=3161a597-071d-47be-aaeb-d5ce61b48fb4
zt-php-worker  | [perf-saga-step1] ts=1777537128.665992 orderId=b5f087e1-4a01-4738-8dab-d9783cb18f99 traceId=exp-perf5000-000231-277dbc62
zt-php-worker  | [perf-saga-complete] ts=1777537128.756610 orderId=20341bf3-a4cb-4ae3-ac8f-3b62b31861d9
zt-php-worker  | [perf-saga-step1] ts=1777537128.780092 orderId=b6ad5473-d368-4584-8f33-c25eb9f1f33c traceId=exp-perf5000-000230-75609df4
zt-php-worker  | [perf-saga-complete] ts=1777537128.868462 orderId=adc54507-2702-4d76-bdd4-1fab9c1edeca
zt-php-worker  | [perf-saga-step1] ts=1777537128.892539 orderId=cd7911db-d37a-4b50-98d0-da3a8babea35 traceId=exp-perf5000-000232-84a14897
zt-php-worker  | [perf-saga-complete] ts=1777537128.991076 orderId=979a37e5-32da-4196-8197-db91bcb85db8
zt-php-worker  | [perf-saga-step1] ts=1777537129.036091 orderId=884437ba-017f-4a4c-870a-599f8ffc56fb traceId=exp-perf5000-000234-56c30aeb
zt-php-worker  | [perf-saga-complete] ts=1777537129.127077 orderId=b5f087e1-4a01-4738-8dab-d9783cb18f99
zt-php-worker  | [perf-saga-step1] ts=1777537129.151290 orderId=e23577db-7ad1-465d-9ab4-9ce148a9664b traceId=exp-perf5000-000237-c75e13b2
zt-php-worker  | [perf-saga-complete] ts=1777537129.253062 orderId=b6ad5473-d368-4584-8f33-c25eb9f1f33c
zt-php-worker  | [perf-saga-step1] ts=1777537129.277525 orderId=44245e08-12b3-45ae-9b6f-ce264e95dc16 traceId=exp-perf5000-000239-d64a0439
zt-php-worker  | [perf-saga-complete] ts=1777537129.368535 orderId=cd7911db-d37a-4b50-98d0-da3a8babea35
zt-php-worker  | [perf-saga-step1] ts=1777537129.391619 orderId=85fa38c6-d315-4396-92a9-fa9b85deeefb traceId=exp-perf5000-000240-7b9632a9
zt-php-worker  | [perf-saga-complete] ts=1777537129.494791 orderId=884437ba-017f-4a4c-870a-599f8ffc56fb
zt-php-worker  | [perf-saga-step1] ts=1777537129.518435 orderId=86cc6d50-d289-4e9d-8b1c-75732f8e726e traceId=exp-perf5000-000233-d9d7626a
zt-php-worker  | [perf-saga-complete] ts=1777537129.607272 orderId=e23577db-7ad1-465d-9ab4-9ce148a9664b
zt-php-worker  | [perf-saga-step1] ts=1777537129.631266 orderId=37f18304-1eb5-43d7-9861-3e208a633fd9 traceId=exp-perf5000-000235-c2fd9492
zt-php-worker  | [perf-saga-complete] ts=1777537129.726705 orderId=44245e08-12b3-45ae-9b6f-ce264e95dc16
zt-php-worker  | [perf-saga-step1] ts=1777537129.751166 orderId=501f328b-646f-4466-ab5e-fd686be91745 traceId=exp-perf5000-000236-bb47993e
zt-php-worker  | [perf-saga-complete] ts=1777537129.841385 orderId=85fa38c6-d315-4396-92a9-fa9b85deeefb
zt-php-worker  | [perf-saga-step1] ts=1777537129.864839 orderId=a09b00c1-8413-4bd8-9ea2-d792ef39556e traceId=exp-perf5000-000238-eedd9e37
zt-php-worker  | [perf-saga-complete] ts=1777537129.972615 orderId=86cc6d50-d289-4e9d-8b1c-75732f8e726e
zt-php-worker  | [perf-saga-step1] ts=1777537129.996833 orderId=9fca2e5e-d07d-47b3-89f6-783c28a22141 traceId=exp-perf5000-000241-6aea6f2c
zt-php-worker  | [perf-saga-complete] ts=1777537130.085837 orderId=37f18304-1eb5-43d7-9861-3e208a633fd9
zt-php-worker  | [perf-saga-step1] ts=1777537130.109968 orderId=c16a5e55-9fe5-4717-8560-fc78d3389ce5 traceId=exp-perf5000-000242-ca01259f
zt-php-worker  | [perf-saga-complete] ts=1777537130.198360 orderId=501f328b-646f-4466-ab5e-fd686be91745
zt-php-worker  | [perf-saga-step1] ts=1777537130.221548 orderId=2063ad1e-3222-4109-91d6-699e448ad766 traceId=exp-perf5000-000243-61d88b4c
zt-php-worker  | [perf-saga-complete] ts=1777537130.310333 orderId=a09b00c1-8413-4bd8-9ea2-d792ef39556e
zt-php-worker  | [perf-saga-step1] ts=1777537130.333598 orderId=08403126-b8b8-4eef-9948-d79b9c1e0062 traceId=exp-perf5000-000245-adb1e30c
zt-php-worker  | [perf-saga-complete] ts=1777537130.421126 orderId=9fca2e5e-d07d-47b3-89f6-783c28a22141
zt-php-worker  | [perf-saga-step1] ts=1777537130.446535 orderId=15bdea4d-d341-437c-aaa6-e3911f0326f4 traceId=exp-perf5000-000244-291a5efa
zt-php-worker  | [perf-saga-complete] ts=1777537130.536324 orderId=c16a5e55-9fe5-4717-8560-fc78d3389ce5
zt-php-worker  | [perf-saga-step1] ts=1777537130.561061 orderId=afb864e9-75ee-42fe-99d5-3a10c54d3c14 traceId=exp-perf5000-000247-7509dbc5
zt-php-worker  | [perf-saga-complete] ts=1777537130.655212 orderId=2063ad1e-3222-4109-91d6-699e448ad766
zt-php-worker  | [perf-saga-step1] ts=1777537130.686485 orderId=2b5222a4-b0d7-4f3b-834e-5238972bff96 traceId=exp-perf5000-000246-e5215f5d
zt-php-worker  | [perf-saga-complete] ts=1777537130.778615 orderId=08403126-b8b8-4eef-9948-d79b9c1e0062
zt-php-worker  | [perf-saga-step1] ts=1777537130.802511 orderId=ed73cf14-0e7b-460a-859b-306edd0a6321 traceId=exp-perf5000-000249-632f97c2
zt-php-worker  | [perf-saga-complete] ts=1777537130.891865 orderId=15bdea4d-d341-437c-aaa6-e3911f0326f4
zt-php-worker  | [perf-saga-step1] ts=1777537130.915195 orderId=97d89cc0-1de6-4fd9-8d96-866b3e116a91 traceId=exp-perf5000-000248-696bb0be
zt-php-worker  | [perf-saga-complete] ts=1777537131.010108 orderId=afb864e9-75ee-42fe-99d5-3a10c54d3c14
zt-php-worker  | [perf-saga-step1] ts=1777537131.034765 orderId=0d1cbfbd-b27e-4c9a-b791-1525cb5181eb traceId=exp-perf5000-000251-0a34a3fb
zt-php-worker  | [perf-saga-complete] ts=1777537131.125769 orderId=2b5222a4-b0d7-4f3b-834e-5238972bff96
zt-php-worker  | [perf-saga-step1] ts=1777537131.149688 orderId=75d8d47b-e4c0-4522-8661-d07363b8d456 traceId=exp-perf5000-000250-3677a997
zt-php-worker  | [perf-saga-complete] ts=1777537131.250019 orderId=ed73cf14-0e7b-460a-859b-306edd0a6321
zt-php-worker  | [perf-saga-step1] ts=1777537131.274466 orderId=d5cfc058-c276-446d-aec5-f7b9dad6537a traceId=exp-perf5000-000253-dedb991c
zt-php-worker  | [perf-saga-complete] ts=1777537131.363688 orderId=97d89cc0-1de6-4fd9-8d96-866b3e116a91
zt-php-worker  | [perf-saga-step1] ts=1777537131.388794 orderId=9118632a-79c4-4be1-81e2-9d48214da8b4 traceId=exp-perf5000-000252-76fdef95
zt-php-worker  | [perf-saga-complete] ts=1777537131.477957 orderId=0d1cbfbd-b27e-4c9a-b791-1525cb5181eb
zt-php-worker  | [perf-saga-step1] ts=1777537131.501667 orderId=1aa87729-904c-412b-91ba-dcfc4260dbdc traceId=exp-perf5000-000255-3e69e7a8
zt-php-worker  | [perf-saga-complete] ts=1777537131.604628 orderId=75d8d47b-e4c0-4522-8661-d07363b8d456
zt-php-worker  | [perf-saga-step1] ts=1777537131.632294 orderId=b4c1077a-1054-403c-84e1-0b05346d438c traceId=exp-perf5000-000254-bc6ec41d
zt-php-worker  | [perf-saga-complete] ts=1777537131.741091 orderId=d5cfc058-c276-446d-aec5-f7b9dad6537a
zt-php-worker  | [perf-saga-step1] ts=1777537131.770208 orderId=061bd0f7-1864-4f67-9dd1-60452737d240 traceId=exp-perf5000-000257-9cc3dd00
zt-php-worker  | [perf-saga-complete] ts=1777537131.873184 orderId=9118632a-79c4-4be1-81e2-9d48214da8b4
zt-php-worker  | [perf-saga-step1] ts=1777537131.898771 orderId=2959f107-3d83-487a-b4df-8b63e21db15f traceId=exp-perf5000-000256-5c0a3568
zt-php-worker  | [perf-saga-complete] ts=1777537131.990966 orderId=1aa87729-904c-412b-91ba-dcfc4260dbdc
zt-php-worker  | [perf-saga-step1] ts=1777537132.017625 orderId=9fb36de0-ebfa-4262-b592-6d291ac879ba traceId=exp-perf5000-000259-291a425a
zt-php-worker  | [perf-saga-complete] ts=1777537132.108426 orderId=b4c1077a-1054-403c-84e1-0b05346d438c
zt-php-worker  | [perf-saga-step1] ts=1777537132.132803 orderId=45718a85-ccc1-4ad9-a8e5-d9f723293bb3 traceId=exp-perf5000-000258-7852c464
zt-php-worker  | [perf-saga-complete] ts=1777537132.225519 orderId=061bd0f7-1864-4f67-9dd1-60452737d240
zt-php-worker  | [perf-saga-step1] ts=1777537132.248761 orderId=da8d0f84-6e79-494c-b4db-a91d9b461e7c traceId=exp-perf5000-000261-54651eff
zt-php-worker  | [perf-saga-complete] ts=1777537132.335643 orderId=2959f107-3d83-487a-b4df-8b63e21db15f
zt-php-worker  | [perf-saga-step1] ts=1777537132.359910 orderId=66f3a305-55f9-4d50-ab6b-0f9272d24990 traceId=exp-perf5000-000260-67e750fd
zt-php-worker  | [perf-saga-complete] ts=1777537132.449381 orderId=9fb36de0-ebfa-4262-b592-6d291ac879ba
zt-php-worker  | [perf-saga-step1] ts=1777537132.476343 orderId=61a355ef-335c-4b19-9773-36705a5bab52 traceId=exp-perf5000-000263-bf00871e
zt-php-worker  | [perf-saga-complete] ts=1777537132.567328 orderId=45718a85-ccc1-4ad9-a8e5-d9f723293bb3
zt-php-worker  | [perf-saga-step1] ts=1777537132.605154 orderId=3fe48a41-83a9-4e6a-bfcd-a572169fe76e traceId=exp-perf5000-000262-7b551342
zt-php-worker  | [perf-saga-complete] ts=1777537132.704673 orderId=da8d0f84-6e79-494c-b4db-a91d9b461e7c
zt-php-worker  | [perf-saga-step1] ts=1777537132.731741 orderId=1dc86a02-609c-460a-b281-b1761858a62d traceId=exp-perf5000-000264-4ae87c0f
zt-php-worker  | [perf-saga-complete] ts=1777537132.825175 orderId=66f3a305-55f9-4d50-ab6b-0f9272d24990
zt-php-worker  | [perf-saga-step1] ts=1777537132.849291 orderId=08b4ea5e-6717-4a09-bf36-4f75fc12322f traceId=exp-perf5000-000265-7f0f466a
zt-php-worker  | [perf-saga-complete] ts=1777537132.939506 orderId=61a355ef-335c-4b19-9773-36705a5bab52
zt-php-worker  | [perf-saga-step1] ts=1777537132.963533 orderId=29b9d569-d8d4-428a-b9e0-b365dab9233f traceId=exp-perf5000-000267-65f24935
zt-php-worker  | [perf-saga-complete] ts=1777537133.057206 orderId=3fe48a41-83a9-4e6a-bfcd-a572169fe76e
zt-php-worker  | [perf-saga-step1] ts=1777537133.080072 orderId=c5c95dd4-28d3-4dcf-8c36-e7db39d8f0ef traceId=exp-perf5000-000266-7c5d053c
zt-php-worker  | [perf-saga-complete] ts=1777537133.171086 orderId=1dc86a02-609c-460a-b281-b1761858a62d
zt-php-worker  | [perf-saga-step1] ts=1777537133.205273 orderId=0ca5343a-68b4-488d-b7c9-4ef5f8176311 traceId=exp-perf5000-000269-f94a02fc
zt-php-worker  | [perf-saga-complete] ts=1777537133.303309 orderId=08b4ea5e-6717-4a09-bf36-4f75fc12322f
zt-php-worker  | [perf-saga-step1] ts=1777537133.329404 orderId=8e072a30-1dbc-4c72-a479-aba3cb73c25c traceId=exp-perf5000-000268-e1f5d6a3
zt-php-worker  | [perf-saga-complete] ts=1777537133.423288 orderId=29b9d569-d8d4-428a-b9e0-b365dab9233f
zt-php-worker  | [perf-saga-step1] ts=1777537133.448987 orderId=13980783-691b-4baa-8995-39e85c516539 traceId=exp-perf5000-000271-d671eb69
zt-php-worker  | [perf-saga-complete] ts=1777537133.538823 orderId=c5c95dd4-28d3-4dcf-8c36-e7db39d8f0ef
zt-php-worker  | [perf-saga-step1] ts=1777537133.562230 orderId=f3564d35-c6ed-4ce5-84a4-a9d373d38877 traceId=exp-perf5000-000270-0aa1f3ff
zt-php-worker  | [perf-saga-complete] ts=1777537133.653152 orderId=0ca5343a-68b4-488d-b7c9-4ef5f8176311
zt-php-worker  | [perf-saga-step1] ts=1777537133.676745 orderId=b205f5f0-adb7-4405-b7f0-085426b301e3 traceId=exp-perf5000-000272-8c1debaa
zt-php-worker  | [perf-saga-complete] ts=1777537133.766038 orderId=8e072a30-1dbc-4c72-a479-aba3cb73c25c
zt-php-worker  | [perf-saga-step1] ts=1777537133.789909 orderId=7233814a-80c8-4df8-9291-b5fcb02b204b traceId=exp-perf5000-000273-59b16b46
zt-php-worker  | [perf-saga-complete] ts=1777537133.877806 orderId=13980783-691b-4baa-8995-39e85c516539
zt-php-worker  | [perf-saga-step1] ts=1777537133.903496 orderId=ac4d1d18-a729-4ed9-bb9c-d7adea9e7499 traceId=exp-perf5000-000274-ee59ef6c
zt-php-worker  | [perf-saga-complete] ts=1777537133.992786 orderId=f3564d35-c6ed-4ce5-84a4-a9d373d38877
zt-php-worker  | [perf-saga-step1] ts=1777537134.179901 orderId=6a0b3f35-f4b7-413f-b474-a1c356a68716 traceId=exp-perf5000-000275-62f96ef7
zt-php-worker  | [perf-saga-complete] ts=1777537134.342531 orderId=b205f5f0-adb7-4405-b7f0-085426b301e3
zt-php-worker  | [perf-saga-step1] ts=1777537135.050451 orderId=aa7d193a-0e0f-4395-9142-b4e3b00d818d traceId=exp-perf5000-000276-925555a7
zt-php-worker  | [perf-saga-complete] ts=1777537135.322830 orderId=7233814a-80c8-4df8-9291-b5fcb02b204b
zt-php-worker  | [perf-saga-step1] ts=1777537135.355355 orderId=ea3b50a7-3032-45dc-b196-7927697a1c84 traceId=exp-perf5000-000277-63ce835d
zt-php-worker  | [perf-saga-complete] ts=1777537135.453840 orderId=ac4d1d18-a729-4ed9-bb9c-d7adea9e7499
zt-php-worker  | [perf-saga-step1] ts=1777537135.478233 orderId=132b1b9d-be38-4e4c-8842-88136b4dfc5b traceId=exp-perf5000-000278-eec27471
zt-php-worker  | [perf-saga-complete] ts=1777537135.566812 orderId=6a0b3f35-f4b7-413f-b474-a1c356a68716
zt-php-worker  | [perf-saga-step1] ts=1777537135.592941 orderId=06282493-9df9-47e6-90f5-ef3988484ec3 traceId=exp-perf5000-000279-f8fa77f7
zt-php-worker  | [perf-saga-complete] ts=1777537135.685862 orderId=aa7d193a-0e0f-4395-9142-b4e3b00d818d
zt-php-worker  | [perf-saga-step1] ts=1777537135.708284 orderId=6b74a07c-14a9-4750-9497-8d87dfbb447e traceId=exp-perf5000-000280-60cdc6cf
zt-php-worker  | [perf-saga-complete] ts=1777537135.801008 orderId=ea3b50a7-3032-45dc-b196-7927697a1c84
zt-php-worker  | [perf-saga-step1] ts=1777537135.824628 orderId=f0097dc5-294b-4b4e-947b-670ca8b3cd45 traceId=exp-perf5000-000281-185e9d27
zt-php-worker  | [perf-saga-complete] ts=1777537135.914635 orderId=132b1b9d-be38-4e4c-8842-88136b4dfc5b
zt-php-worker  | [perf-saga-step1] ts=1777537135.937187 orderId=97876f31-0870-402a-bcf0-ac94e00660d5 traceId=exp-perf5000-000282-58bdbb43
zt-php-worker  | [perf-saga-complete] ts=1777537136.039189 orderId=06282493-9df9-47e6-90f5-ef3988484ec3
zt-php-worker  | [perf-saga-step1] ts=1777537136.066920 orderId=6190cd62-75af-409e-86fd-80bc77f47c74 traceId=exp-perf5000-000283-0f67b608
zt-php-worker  | [perf-saga-complete] ts=1777537136.167169 orderId=6b74a07c-14a9-4750-9497-8d87dfbb447e
zt-php-worker  | [perf-saga-step1] ts=1777537136.191242 orderId=8ebbb6ad-f65a-4240-bffd-ecbd5698d10a traceId=exp-perf5000-000284-24b77c46
zt-php-worker  | [perf-saga-complete] ts=1777537136.276832 orderId=f0097dc5-294b-4b4e-947b-670ca8b3cd45
zt-php-worker  | [perf-saga-step1] ts=1777537136.299706 orderId=0fb1b70c-4b84-47bd-b8c0-cdc573a5b2a8 traceId=exp-perf5000-000285-aa73beb7
zt-php-worker  | [perf-saga-complete] ts=1777537136.386150 orderId=97876f31-0870-402a-bcf0-ac94e00660d5
zt-php-worker  | [perf-saga-step1] ts=1777537136.408648 orderId=0308e04c-2c75-4265-a69f-4149a161d071 traceId=exp-perf5000-000286-b7d5667d
zt-php-worker  | [perf-saga-complete] ts=1777537136.518548 orderId=6190cd62-75af-409e-86fd-80bc77f47c74
zt-php-worker  | [perf-saga-step1] ts=1777537136.547261 orderId=6b322d5e-4537-4f32-a079-73a042ba2654 traceId=exp-perf5000-000287-c1ba4870
zt-php-worker  | [perf-saga-complete] ts=1777537136.656892 orderId=8ebbb6ad-f65a-4240-bffd-ecbd5698d10a
zt-php-worker  | [perf-saga-step1] ts=1777537136.681738 orderId=5f1536a0-bf67-4140-993e-ad7bd14dcf87 traceId=exp-perf5000-000288-fcb5c21a
zt-php-worker  | [perf-saga-complete] ts=1777537136.772567 orderId=0fb1b70c-4b84-47bd-b8c0-cdc573a5b2a8
zt-php-worker  | [perf-saga-step1] ts=1777537136.796118 orderId=be086b4a-8fe5-4811-9de3-a4e5cd9fa2bd traceId=exp-perf5000-000289-7c31a625
zt-php-worker  | [perf-saga-complete] ts=1777537136.884723 orderId=0308e04c-2c75-4265-a69f-4149a161d071
zt-php-worker  | [perf-saga-step1] ts=1777537136.912480 orderId=3af1e5b7-2f53-47f6-911a-82d4e0f2a5d0 traceId=exp-perf5000-000291-50101bfc
zt-php-worker  | [perf-saga-complete] ts=1777537137.026859 orderId=6b322d5e-4537-4f32-a079-73a042ba2654
zt-php-worker  | [perf-saga-step1] ts=1777537137.057518 orderId=3768bba6-a110-4b26-830e-1eede4e2232e traceId=exp-perf5000-000290-c27769e9
zt-php-worker  | [perf-saga-complete] ts=1777537137.165656 orderId=5f1536a0-bf67-4140-993e-ad7bd14dcf87
zt-php-worker  | [perf-saga-step1] ts=1777537137.201351 orderId=6a015fed-70e7-4756-b84e-4593f9d47594 traceId=exp-perf5000-000293-c45b806e
zt-php-worker  | [perf-saga-complete] ts=1777537137.339303 orderId=be086b4a-8fe5-4811-9de3-a4e5cd9fa2bd
zt-php-worker  | [perf-saga-step1] ts=1777537137.361944 orderId=9788b53e-dcb7-4583-a1b4-b159b4b68b12 traceId=exp-perf5000-000292-6e190ac2
zt-php-worker  | [perf-saga-complete] ts=1777537137.478835 orderId=3af1e5b7-2f53-47f6-911a-82d4e0f2a5d0
zt-php-worker  | [perf-saga-step1] ts=1777537137.506342 orderId=ecd9a368-b057-4335-ad92-5488653c80fb traceId=exp-perf5000-000295-335969b1
zt-php-worker  | [perf-saga-complete] ts=1777537137.597604 orderId=3768bba6-a110-4b26-830e-1eede4e2232e
zt-php-worker  | [perf-saga-step1] ts=1777537137.621563 orderId=c25cc39f-6f07-4142-ba44-e5d2e79ee970 traceId=exp-perf5000-000294-8a39c3be
zt-php-worker  | [perf-saga-complete] ts=1777537137.711498 orderId=6a015fed-70e7-4756-b84e-4593f9d47594
zt-php-worker  | [perf-saga-step1] ts=1777537137.735521 orderId=1c38cc14-a72b-45ed-8524-b1ebae7d7259 traceId=exp-perf5000-000297-3c8576b7
zt-php-worker  | [perf-saga-complete] ts=1777537137.822356 orderId=9788b53e-dcb7-4583-a1b4-b159b4b68b12
zt-php-worker  | [perf-saga-step1] ts=1777537137.847479 orderId=db00a238-e9c3-4f86-8662-f0d1502f2405 traceId=exp-perf5000-000296-687af85d
zt-php-worker  | [perf-saga-complete] ts=1777537137.934809 orderId=ecd9a368-b057-4335-ad92-5488653c80fb
zt-php-worker  | [perf-saga-step1] ts=1777537137.957324 orderId=80c78c89-6829-4bb3-ba02-3bb5be7ca3ee traceId=exp-perf5000-000298-d5edd3e6
zt-php-worker  | [perf-saga-complete] ts=1777537138.046992 orderId=c25cc39f-6f07-4142-ba44-e5d2e79ee970
zt-php-worker  | [perf-saga-step1] ts=1777537138.069412 orderId=b9cfb956-6b57-4552-97fc-3db19af5a763 traceId=exp-perf5000-000299-c1351b42
zt-php-worker  | [perf-saga-complete] ts=1777537138.204638 orderId=1c38cc14-a72b-45ed-8524-b1ebae7d7259
zt-php-worker  | [perf-saga-step1] ts=1777537138.274184 orderId=da871366-44c9-4154-b26d-0f64b2bd7e5f traceId=exp-perf5000-000300-9304e173
zt-php-worker  | [perf-saga-complete] ts=1777537138.457048 orderId=db00a238-e9c3-4f86-8662-f0d1502f2405
zt-php-worker  | [perf-saga-step1] ts=1777537138.495370 orderId=cbe47377-8138-44e4-b91a-50a3d393a447 traceId=exp-perf5000-000301-6f181529
zt-php-worker  | [perf-saga-complete] ts=1777537138.642494 orderId=80c78c89-6829-4bb3-ba02-3bb5be7ca3ee
zt-php-worker  | [perf-saga-step1] ts=1777537138.678076 orderId=04b74afc-00d9-4345-8126-435ec9d35154 traceId=exp-perf5000-000303-d279cafd
zt-php-worker  | [perf-saga-complete] ts=1777537139.366159 orderId=b9cfb956-6b57-4552-97fc-3db19af5a763
zt-php-worker  | [perf-saga-step1] ts=1777537139.390456 orderId=0a3692ff-2967-41ac-9ca5-f7aa9ab8ae60 traceId=exp-perf5000-000302-0625e72e
zt-php-worker  | [perf-saga-complete] ts=1777537139.616385 orderId=da871366-44c9-4154-b26d-0f64b2bd7e5f
zt-php-worker  | [perf-saga-step1] ts=1777537139.639263 orderId=b3b5cb75-9c7e-4890-9486-ef04b5ccef29 traceId=exp-perf5000-000304-088b1d2b
zt-php-worker  | [perf-saga-complete] ts=1777537139.725421 orderId=cbe47377-8138-44e4-b91a-50a3d393a447
zt-php-worker  | [perf-saga-step1] ts=1777537139.748812 orderId=b90ad774-106c-43c5-9d85-bc5b910895dd traceId=exp-perf5000-000305-15dc2ee8
zt-php-worker  | [perf-saga-complete] ts=1777537139.846155 orderId=04b74afc-00d9-4345-8126-435ec9d35154
zt-php-worker  | [perf-saga-step1] ts=1777537139.870052 orderId=3f1f0547-813a-42b2-b8f0-0cd26c6e285e traceId=exp-perf5000-000307-80979019
zt-php-worker  | [perf-saga-complete] ts=1777537139.980653 orderId=0a3692ff-2967-41ac-9ca5-f7aa9ab8ae60
zt-php-worker  | [perf-saga-step1] ts=1777537140.034580 orderId=45d222f3-0a33-48a6-a25c-3896b2fc3f28 traceId=exp-perf5000-000306-33c8690d
zt-php-worker  | [perf-saga-complete] ts=1777537140.130076 orderId=b3b5cb75-9c7e-4890-9486-ef04b5ccef29
zt-php-worker  | [perf-saga-step1] ts=1777537140.156872 orderId=4971eda5-6b99-434c-a5b8-0847ececd049 traceId=exp-perf5000-000308-df60da52
zt-php-worker  | [perf-saga-complete] ts=1777537140.252904 orderId=b90ad774-106c-43c5-9d85-bc5b910895dd
zt-php-worker  | [perf-saga-step1] ts=1777537140.275548 orderId=83494c2d-7ffd-4f3d-8d94-dc5fad018801 traceId=exp-perf5000-000309-d8d6b52f
zt-php-worker  | [perf-saga-complete] ts=1777537140.366062 orderId=3f1f0547-813a-42b2-b8f0-0cd26c6e285e
zt-php-worker  | [perf-saga-step1] ts=1777537140.390201 orderId=0eb39106-9781-421f-b531-07a0baa4b1ff traceId=exp-perf5000-000311-9635ff9f
zt-php-worker  | [perf-saga-complete] ts=1777537140.479542 orderId=45d222f3-0a33-48a6-a25c-3896b2fc3f28
zt-php-worker  | [perf-saga-step1] ts=1777537140.502005 orderId=61cbcd89-570e-4897-b6ea-c9c0267b3c5a traceId=exp-perf5000-000310-463193f0
zt-php-worker  | [perf-saga-complete] ts=1777537140.594435 orderId=4971eda5-6b99-434c-a5b8-0847ececd049
zt-php-worker  | [perf-saga-step1] ts=1777537140.619252 orderId=52c6d19e-a5ba-4df6-a83b-7bc7e6f20fa1 traceId=exp-perf5000-000313-c6f21ae1
zt-php-worker  | [perf-saga-complete] ts=1777537140.708967 orderId=83494c2d-7ffd-4f3d-8d94-dc5fad018801
zt-php-worker  | [perf-saga-step1] ts=1777537140.731432 orderId=77645c5a-ca6a-40f4-be96-abcbce679c7e traceId=exp-perf5000-000312-888b677d
zt-php-worker  | [perf-saga-complete] ts=1777537140.823872 orderId=0eb39106-9781-421f-b531-07a0baa4b1ff
zt-php-worker  | [perf-saga-step1] ts=1777537140.847902 orderId=85d9178c-b59f-4453-b00f-1cb4d5c59988 traceId=exp-perf5000-000315-922c05d1
zt-php-worker  | [perf-saga-complete] ts=1777537140.936183 orderId=61cbcd89-570e-4897-b6ea-c9c0267b3c5a
zt-php-worker  | [perf-saga-step1] ts=1777537140.958813 orderId=b483b34b-3e4a-4c8a-9e96-64e7dfbc6b87 traceId=exp-perf5000-000314-46df80d7
zt-php-worker  | [perf-saga-complete] ts=1777537141.050388 orderId=52c6d19e-a5ba-4df6-a83b-7bc7e6f20fa1
zt-php-worker  | [perf-saga-step1] ts=1777537141.072553 orderId=d66e467d-653f-40bf-9e8f-f0ef305328d4 traceId=exp-perf5000-000317-593aecda
zt-php-worker  | [perf-saga-complete] ts=1777537141.162388 orderId=77645c5a-ca6a-40f4-be96-abcbce679c7e
zt-php-worker  | [perf-saga-step1] ts=1777537141.186916 orderId=90584b82-ad0c-44c4-82f4-08d4bec501b0 traceId=exp-perf5000-000316-71308a1d
zt-php-worker  | [perf-saga-complete] ts=1777537141.277337 orderId=85d9178c-b59f-4453-b00f-1cb4d5c59988
zt-php-worker  | [perf-saga-step1] ts=1777537141.300360 orderId=a9c6e150-c5ae-4332-ab49-364de0eac741 traceId=exp-perf5000-000319-951aa45f
zt-php-worker  | [perf-saga-complete] ts=1777537141.391344 orderId=b483b34b-3e4a-4c8a-9e96-64e7dfbc6b87
zt-php-worker  | [perf-saga-step1] ts=1777537141.416567 orderId=9dc0bd88-eb72-47d6-a970-19ea1dc3a9f9 traceId=exp-perf5000-000318-dbf2381c
zt-php-worker  | [perf-saga-complete] ts=1777537141.504592 orderId=d66e467d-653f-40bf-9e8f-f0ef305328d4
zt-php-worker  | [perf-saga-step1] ts=1777537141.528341 orderId=af43fc8f-4843-4ce7-9e76-9dbfaca2e27f traceId=exp-perf5000-000321-fa8e6147
zt-php-worker  | [perf-saga-complete] ts=1777537141.618779 orderId=90584b82-ad0c-44c4-82f4-08d4bec501b0
zt-php-worker  | [perf-saga-step1] ts=1777537141.641449 orderId=7de95e9f-0ad2-4c19-97e3-08fd6ea7667a traceId=exp-perf5000-000320-a280de0a
zt-php-worker  | [perf-saga-complete] ts=1777537141.727894 orderId=a9c6e150-c5ae-4332-ab49-364de0eac741
zt-php-worker  | [perf-saga-step1] ts=1777537141.749827 orderId=f73c02bd-a9bb-46e1-b0c9-114e466060c1 traceId=exp-perf5000-000322-2badf633
zt-php-worker  | [perf-saga-complete] ts=1777537141.844046 orderId=9dc0bd88-eb72-47d6-a970-19ea1dc3a9f9
zt-php-worker  | [perf-saga-step1] ts=1777537141.866692 orderId=7448f967-d6f0-42e6-8037-5be7d0c14b2b traceId=exp-perf5000-000323-eae71761
zt-php-worker  | [perf-saga-complete] ts=1777537141.952900 orderId=af43fc8f-4843-4ce7-9e76-9dbfaca2e27f
zt-php-worker  | [perf-saga-step1] ts=1777537141.977086 orderId=6b8dc321-5c2d-4aba-82c7-37bb0c3c0171 traceId=exp-perf5000-000324-c1c9fb23
zt-php-worker  | [perf-saga-complete] ts=1777537142.073581 orderId=7de95e9f-0ad2-4c19-97e3-08fd6ea7667a
zt-php-worker  | [perf-saga-step1] ts=1777537142.096321 orderId=6b2a5771-df56-4e75-985e-b60a66ce111d traceId=exp-perf5000-000325-2fa8c631
zt-php-worker  | [perf-saga-complete] ts=1777537142.183077 orderId=f73c02bd-a9bb-46e1-b0c9-114e466060c1
zt-php-worker  | [perf-saga-step1] ts=1777537142.205566 orderId=2466e28b-d58f-4c4c-a2de-30bc890ae633 traceId=exp-perf5000-000327-b42e7b8b
zt-php-worker  | [perf-saga-complete] ts=1777537142.298921 orderId=7448f967-d6f0-42e6-8037-5be7d0c14b2b
zt-php-worker  | [perf-saga-step1] ts=1777537142.324830 orderId=0817e0e3-23b4-4112-a7d8-b75692e90df7 traceId=exp-perf5000-000326-a38e4039
zt-php-worker  | [perf-saga-complete] ts=1777537142.422675 orderId=6b8dc321-5c2d-4aba-82c7-37bb0c3c0171
zt-php-worker  | [perf-saga-step1] ts=1777537142.453291 orderId=51a01c39-791e-4ea3-ba2a-ee46d0e77e6a traceId=exp-perf5000-000328-0b829b38
zt-php-worker  | [perf-saga-complete] ts=1777537142.552016 orderId=6b2a5771-df56-4e75-985e-b60a66ce111d
zt-php-worker  | [perf-saga-step1] ts=1777537142.575651 orderId=4eabcd63-c8b7-42d0-83c9-084d77eb6f5d traceId=exp-perf5000-000329-ed345a42
zt-php-worker  | [perf-saga-complete] ts=1777537142.670262 orderId=2466e28b-d58f-4c4c-a2de-30bc890ae633
zt-php-worker  | [perf-saga-step1] ts=1777537142.698742 orderId=89a78ce0-e663-459a-b1eb-6d81fe57d28b traceId=exp-perf5000-000330-f58688fc
zt-php-worker  | [perf-saga-complete] ts=1777537142.788686 orderId=0817e0e3-23b4-4112-a7d8-b75692e90df7
zt-php-worker  | [perf-saga-step1] ts=1777537142.812984 orderId=2248d9ed-2d4b-4451-806d-3a3cf18b0a6c traceId=exp-perf5000-000336-96242303
zt-php-worker  | [perf-saga-complete] ts=1777537142.899039 orderId=51a01c39-791e-4ea3-ba2a-ee46d0e77e6a
zt-php-worker  | [perf-saga-step1] ts=1777537142.922175 orderId=2c557499-8301-4804-81bd-59d7f65185bb traceId=exp-perf5000-000331-79350998
zt-php-worker  | [perf-saga-complete] ts=1777537143.008769 orderId=4eabcd63-c8b7-42d0-83c9-084d77eb6f5d
zt-php-worker  | [perf-saga-step1] ts=1777537143.032313 orderId=38e659a9-da1b-4ce0-84d8-cc6c931f3270 traceId=exp-perf5000-000337-52e9efbb
zt-php-worker  | [perf-saga-complete] ts=1777537143.119930 orderId=89a78ce0-e663-459a-b1eb-6d81fe57d28b
zt-php-worker  | [perf-saga-step1] ts=1777537143.143741 orderId=cd6da1f7-bae9-4ff8-90e9-83f9f7746c37 traceId=exp-perf5000-000332-0b64c7de
zt-php-worker  | [perf-saga-complete] ts=1777537143.233295 orderId=2248d9ed-2d4b-4451-806d-3a3cf18b0a6c
zt-php-worker  | [perf-saga-step1] ts=1777537143.256715 orderId=4eec690a-6d19-459e-b90d-e29e0905d8d6 traceId=exp-perf5000-000338-d54a2c8f
zt-php-worker  | [perf-saga-complete] ts=1777537143.349699 orderId=2c557499-8301-4804-81bd-59d7f65185bb
zt-php-worker  | [perf-saga-step1] ts=1777537143.374920 orderId=d176a4a5-69d3-4293-b9f8-fd75363b3ba2 traceId=exp-perf5000-000333-39f6feb4
zt-php-worker  | [perf-saga-complete] ts=1777537143.462148 orderId=38e659a9-da1b-4ce0-84d8-cc6c931f3270
zt-php-worker  | [perf-saga-step1] ts=1777537143.486216 orderId=45a837d9-001c-4792-8bb5-7c3fa35ba70b traceId=exp-perf5000-000339-4a428616
zt-php-worker  | [perf-saga-complete] ts=1777537143.572920 orderId=cd6da1f7-bae9-4ff8-90e9-83f9f7746c37
zt-php-worker  | [perf-saga-step1] ts=1777537143.596510 orderId=8bf0d611-b50f-4238-bbe0-808293745735 traceId=exp-perf5000-000334-52193fb3
zt-php-worker  | [perf-saga-complete] ts=1777537143.703146 orderId=4eec690a-6d19-459e-b90d-e29e0905d8d6
zt-php-worker  | [perf-saga-step1] ts=1777537143.729442 orderId=ebacbadd-dc14-44f5-8e82-656bd9fe8c21 traceId=exp-perf5000-000340-26f46ede
zt-php-worker  | [perf-saga-complete] ts=1777537143.815335 orderId=d176a4a5-69d3-4293-b9f8-fd75363b3ba2
zt-php-worker  | [perf-saga-step1] ts=1777537143.838741 orderId=000e6a18-e19b-4a40-8592-e1fe2b55628a traceId=exp-perf5000-000335-1217f881
zt-php-worker  | [perf-saga-complete] ts=1777537143.927462 orderId=45a837d9-001c-4792-8bb5-7c3fa35ba70b
zt-php-worker  | [perf-saga-step1] ts=1777537143.951973 orderId=a6504e15-d7ea-4f09-941d-52d35063d944 traceId=exp-perf5000-000341-e67de333
zt-php-worker  | [perf-saga-complete] ts=1777537144.039063 orderId=8bf0d611-b50f-4238-bbe0-808293745735
zt-php-worker  | [perf-saga-step1] ts=1777537144.061754 orderId=0fdaf59a-f2c2-4bf2-8b56-a1db1077becf traceId=exp-perf5000-000342-cd7ddb0e
zt-php-worker  | [perf-saga-complete] ts=1777537144.163037 orderId=ebacbadd-dc14-44f5-8e82-656bd9fe8c21
zt-php-worker  | [perf-saga-step1] ts=1777537144.190366 orderId=9d8a3958-cc20-4913-a389-dadd047185d3 traceId=exp-perf5000-000343-d187fdd3
zt-php-worker  | [perf-saga-complete] ts=1777537144.277245 orderId=000e6a18-e19b-4a40-8592-e1fe2b55628a
zt-php-worker  | [perf-saga-step1] ts=1777537144.306752 orderId=2442bdab-0c75-4135-b03e-abb1be14c211 traceId=exp-perf5000-000344-314b78dd
zt-php-worker  | [perf-saga-complete] ts=1777537144.399391 orderId=a6504e15-d7ea-4f09-941d-52d35063d944
zt-php-worker  | [perf-saga-step1] ts=1777537144.423294 orderId=ae904841-5ce6-4f5d-8fa4-f10ef335be9d traceId=exp-perf5000-000345-31ee2508
zt-php-worker  | [perf-saga-complete] ts=1777537144.510995 orderId=0fdaf59a-f2c2-4bf2-8b56-a1db1077becf
zt-php-worker  | [perf-saga-step1] ts=1777537144.535409 orderId=ac2c4e20-8954-4181-8df3-8b5c4fde0186 traceId=exp-perf5000-000347-db666769
zt-php-worker  | [perf-saga-complete] ts=1777537144.624878 orderId=9d8a3958-cc20-4913-a389-dadd047185d3
zt-php-worker  | [perf-saga-step1] ts=1777537144.648446 orderId=30362957-c560-4061-9367-81c6302ef4ff traceId=exp-perf5000-000346-6dc5d330
zt-php-worker  | [perf-saga-complete] ts=1777537144.735320 orderId=2442bdab-0c75-4135-b03e-abb1be14c211
zt-php-worker  | [perf-saga-step1] ts=1777537144.758864 orderId=4f12bccf-1934-4a22-b612-d3e9449e3360 traceId=exp-perf5000-000349-8c8ee703
zt-php-worker  | [perf-saga-complete] ts=1777537144.853715 orderId=ae904841-5ce6-4f5d-8fa4-f10ef335be9d
zt-php-worker  | [perf-saga-step1] ts=1777537144.876393 orderId=ba2d149b-b241-4c16-b35d-d7937a9918f8 traceId=exp-perf5000-000348-f275b50e
zt-php-worker  | [perf-saga-complete] ts=1777537144.961865 orderId=ac2c4e20-8954-4181-8df3-8b5c4fde0186
zt-php-worker  | [perf-saga-step1] ts=1777537144.985736 orderId=4f712651-031e-491d-b1c0-37a7df44c362 traceId=exp-perf5000-000351-75174302
zt-php-worker  | [perf-saga-complete] ts=1777537145.072996 orderId=30362957-c560-4061-9367-81c6302ef4ff
zt-php-worker  | [perf-saga-step1] ts=1777537145.097421 orderId=b6e30700-1fe4-4deb-80dc-59e231ab97a2 traceId=exp-perf5000-000350-898b5269
zt-php-worker  | [perf-saga-complete] ts=1777537145.186752 orderId=4f12bccf-1934-4a22-b612-d3e9449e3360
zt-php-worker  | [perf-saga-step1] ts=1777537145.209050 orderId=6be60235-62a7-4ecf-8416-8ad260ad85c8 traceId=exp-perf5000-000352-0ba9daac
zt-php-worker  | [perf-saga-complete] ts=1777537145.301246 orderId=ba2d149b-b241-4c16-b35d-d7937a9918f8
zt-php-worker  | [perf-saga-step1] ts=1777537145.323920 orderId=7533a786-ddfb-4cc9-8086-81fb96dbe9a9 traceId=exp-perf5000-000353-304479cb
zt-php-worker  | [perf-saga-complete] ts=1777537145.410274 orderId=4f712651-031e-491d-b1c0-37a7df44c362
zt-php-worker  | [perf-saga-step1] ts=1777537145.432316 orderId=738bec54-5d85-446a-a77b-e7f176cc02a3 traceId=exp-perf5000-000354-0c4fbd69
zt-php-worker  | [perf-saga-complete] ts=1777537145.518200 orderId=b6e30700-1fe4-4deb-80dc-59e231ab97a2
zt-php-worker  | [perf-saga-step1] ts=1777537145.542471 orderId=8fc44a90-5b84-4c0a-9dbe-380695e5811b traceId=exp-perf5000-000355-094a5a8c
zt-php-worker  | [perf-saga-complete] ts=1777537145.630452 orderId=6be60235-62a7-4ecf-8416-8ad260ad85c8
zt-php-worker  | [perf-saga-step1] ts=1777537145.652867 orderId=96ec27a4-f615-47ee-8dcd-1b5a6f4eadb7 traceId=exp-perf5000-000357-37bb342a
zt-php-worker  | [perf-saga-complete] ts=1777537145.739907 orderId=7533a786-ddfb-4cc9-8086-81fb96dbe9a9
zt-php-worker  | [perf-saga-step1] ts=1777537145.762268 orderId=1964071c-5d6a-492d-910f-ca57305aeb13 traceId=exp-perf5000-000356-dfe696cd
zt-php-worker  | [perf-saga-complete] ts=1777537145.850353 orderId=738bec54-5d85-446a-a77b-e7f176cc02a3
zt-php-worker  | [perf-saga-step1] ts=1777537145.872334 orderId=f48e6903-4835-4479-972d-9427eef6d80f traceId=exp-perf5000-000358-c263386c
zt-php-worker  | [perf-saga-complete] ts=1777537145.957825 orderId=8fc44a90-5b84-4c0a-9dbe-380695e5811b
zt-php-worker  | [perf-saga-step1] ts=1777537145.980801 orderId=69c1add9-fde5-4228-9bd2-dad61e15fdfe traceId=exp-perf5000-000359-39666d4a
zt-php-worker  | [perf-saga-complete] ts=1777537146.070418 orderId=96ec27a4-f615-47ee-8dcd-1b5a6f4eadb7
zt-php-worker  | [perf-saga-step1] ts=1777537146.094116 orderId=f3f17e1f-9e37-4483-b78c-ddfa4ce3c5b8 traceId=exp-perf5000-000361-15ed15f7
zt-php-worker  | [perf-saga-complete] ts=1777537146.182036 orderId=1964071c-5d6a-492d-910f-ca57305aeb13
zt-php-worker  | [perf-saga-step1] ts=1777537146.204764 orderId=2b3d20e3-eb36-43a1-a6f8-e87549ef4ef1 traceId=exp-perf5000-000360-5c58f440
zt-php-worker  | [perf-saga-complete] ts=1777537146.289811 orderId=f48e6903-4835-4479-972d-9427eef6d80f
zt-php-worker  | [perf-saga-step1] ts=1777537146.312580 orderId=ad0d00e5-ede2-4bf9-b299-489a7f9560f4 traceId=exp-perf5000-000362-d7cb9b6d
zt-php-worker  | [perf-saga-complete] ts=1777537146.403312 orderId=69c1add9-fde5-4228-9bd2-dad61e15fdfe
zt-php-worker  | [perf-saga-step1] ts=1777537146.425391 orderId=3371b465-9e1d-4f4c-b854-4d4c2a456bd7 traceId=exp-perf5000-000363-1bcfd004
zt-php-worker  | [perf-saga-complete] ts=1777537146.523270 orderId=f3f17e1f-9e37-4483-b78c-ddfa4ce3c5b8
zt-php-worker  | [perf-saga-step1] ts=1777537146.549070 orderId=1916385e-7980-48e3-874a-5cfce833f98d traceId=exp-perf5000-000364-c21cc6af
zt-php-worker  | [perf-saga-complete] ts=1777537146.638571 orderId=2b3d20e3-eb36-43a1-a6f8-e87549ef4ef1
zt-php-worker  | [perf-saga-step1] ts=1777537146.662520 orderId=ec559c1f-8fb4-4523-86e7-bc58d6cec301 traceId=exp-perf5000-000365-d210cf69
zt-php-worker  | [perf-saga-complete] ts=1777537146.749558 orderId=ad0d00e5-ede2-4bf9-b299-489a7f9560f4
zt-php-worker  | [perf-saga-step1] ts=1777537146.773670 orderId=9cf44746-a651-4310-802a-e995652cbe6b traceId=exp-perf5000-000366-7b5198af
zt-php-worker  | [perf-saga-complete] ts=1777537146.858243 orderId=3371b465-9e1d-4f4c-b854-4d4c2a456bd7
zt-php-worker  | [perf-saga-step1] ts=1777537146.880351 orderId=5157c1cf-ffea-4278-8d6b-304c36e49656 traceId=exp-perf5000-000367-aabb1979
zt-php-worker  | [perf-saga-complete] ts=1777537146.968539 orderId=1916385e-7980-48e3-874a-5cfce833f98d
zt-php-worker  | [perf-saga-step1] ts=1777537146.992003 orderId=661bd481-9365-4953-ae76-b59aac6c662a traceId=exp-perf5000-000369-72efef5c
zt-php-worker  | [perf-saga-complete] ts=1777537147.059146 orderId=ec559c1f-8fb4-4523-86e7-bc58d6cec301
zt-php-worker  | [perf-saga-step1] ts=1777537147.076159 orderId=3e1e9457-3377-460a-aae6-0bfb2a3f161e traceId=exp-perf5000-000368-6517944c
zt-php-worker  | [perf-saga-step1] ts=1777537147.100218 orderId=99d8791b-9bff-4aa1-840f-2c62382d9911 traceId=exp-perf5000-000371-19387bb6
zt-gateway  | [perf-request-in] ts_in=1777537100.680216 ts_out=1777537100.701128 gw_proc_ms=20.912 traceId=exp-perf5000-000000-e7be3d15
zt-gateway  | [perf-request-in] ts_in=1777537100.678541 ts_out=1777537100.701128 gw_proc_ms=22.587 traceId=exp-perf5000-000022-e2ca784f
zt-gateway  | [perf-request-in] ts_in=1777537100.701330 ts_out=1777537100.702284 gw_proc_ms=0.954 traceId=exp-perf5000-000018-ddb74a66
zt-gateway  | [perf-request-in] ts_in=1777537100.701288 ts_out=1777537100.702284 gw_proc_ms=0.996 traceId=exp-perf5000-000036-a730ada2
zt-gateway  | [perf-request-in] ts_in=1777537100.702342 ts_out=1777537100.703134 gw_proc_ms=0.792 traceId=exp-perf5000-000021-87494fa5
zt-gateway  | [perf-request-in] ts_in=1777537100.702343 ts_out=1777537100.703134 gw_proc_ms=0.791 traceId=exp-perf5000-000017-c6c4e19b
zt-gateway  | [perf-request-in] ts_in=1777537100.703200 ts_out=1777537100.703966 gw_proc_ms=0.766 traceId=exp-perf5000-000033-6de72f9b
zt-gateway  | [perf-request-in] ts_in=1777537100.703370 ts_out=1777537100.704323 gw_proc_ms=0.953 traceId=exp-perf5000-000016-e8f8b86e
zt-gateway  | [perf-request-in] ts_in=1777537100.704016 ts_out=1777537100.704687 gw_proc_ms=0.671 traceId=exp-perf5000-000035-8ce6a30c
zt-gateway  | [perf-request-in] ts_in=1777537100.704378 ts_out=1777537100.705138 gw_proc_ms=0.760 traceId=exp-perf5000-000041-6af82c55
zt-gateway  | [perf-request-in] ts_in=1777537100.704723 ts_out=1777537100.705408 gw_proc_ms=0.685 traceId=exp-perf5000-000042-f7424605
zt-gateway  | [perf-request-in] ts_in=1777537100.705201 ts_out=1777537100.705876 gw_proc_ms=0.675 traceId=exp-perf5000-000039-ebe73665
zt-gateway  | [perf-request-in] ts_in=1777537100.705445 ts_out=1777537100.706097 gw_proc_ms=0.652 traceId=exp-perf5000-000040-ba1e21da
zt-gateway  | [perf-request-in] ts_in=1777537100.705922 ts_out=1777537100.706564 gw_proc_ms=0.642 traceId=exp-perf5000-000032-292e8469
zt-gateway  | [perf-request-in] ts_in=1777537100.706137 ts_out=1777537100.706878 gw_proc_ms=0.741 traceId=exp-perf5000-000038-065727b5
zt-gateway  | [perf-request-in] ts_in=1777537100.706599 ts_out=1777537100.707282 gw_proc_ms=0.683 traceId=exp-perf5000-000019-0a89d2f4
zt-gateway  | [perf-request-in] ts_in=1777537100.707031 ts_out=1777537100.707669 gw_proc_ms=0.638 traceId=exp-perf5000-000020-979bfb62
zt-gateway  | [perf-request-in] ts_in=1777537100.707319 ts_out=1777537100.707939 gw_proc_ms=0.620 traceId=exp-perf5000-000034-caa69800
zt-gateway  | [perf-request-in] ts_in=1777537100.707708 ts_out=1777537100.708351 gw_proc_ms=0.643 traceId=exp-perf5000-000015-35287f05
zt-gateway  | [perf-request-in] ts_in=1777537100.707975 ts_out=1777537100.708599 gw_proc_ms=0.624 traceId=exp-perf5000-000014-d6a60b06
zt-gateway  | [perf-request-in] ts_in=1777537100.708392 ts_out=1777537100.709083 gw_proc_ms=0.691 traceId=exp-perf5000-000031-a7ecacdc
zt-gateway  | [perf-request-in] ts_in=1777537100.708633 ts_out=1777537100.709299 gw_proc_ms=0.666 traceId=exp-perf5000-000037-999ddfd1
zt-gateway  | [perf-request-in] ts_in=1777537100.709121 ts_out=1777537100.709819 gw_proc_ms=0.698 traceId=exp-perf5000-000030-449961f1
zt-gateway  | [perf-request-in] ts_in=1777537100.709337 ts_out=1777537100.709986 gw_proc_ms=0.649 traceId=exp-perf5000-000013-95af5a3d
zt-gateway  | [perf-request-in] ts_in=1777537100.709854 ts_out=1777537100.710478 gw_proc_ms=0.624 traceId=exp-perf5000-000012-2667be6c
zt-gateway  | [perf-request-in] ts_in=1777537100.710018 ts_out=1777537100.710613 gw_proc_ms=0.595 traceId=exp-perf5000-000029-2e8a6810
zt-gateway  | [perf-request-in] ts_in=1777537100.710516 ts_out=1777537100.711153 gw_proc_ms=0.637 traceId=exp-perf5000-000048-ee8dd075
zt-gateway  | [perf-request-in] ts_in=1777537100.710642 ts_out=1777537100.711242 gw_proc_ms=0.600 traceId=exp-perf5000-000028-0ade9dfa
zt-gateway  | [perf-request-in] ts_in=1777537100.711184 ts_out=1777537100.711799 gw_proc_ms=0.615 traceId=exp-perf5000-000027-85aa09e0
zt-gateway  | [perf-request-in] ts_in=1777537100.711276 ts_out=1777537100.711866 gw_proc_ms=0.590 traceId=exp-perf5000-000011-f567d617
zt-gateway  | [perf-request-in] ts_in=1777537100.711832 ts_out=1777537100.712439 gw_proc_ms=0.607 traceId=exp-perf5000-000024-f7a6395e
zt-gateway  | [perf-request-in] ts_in=1777537100.711896 ts_out=1777537100.712487 gw_proc_ms=0.591 traceId=exp-perf5000-000047-d489e061
zt-gateway  | [perf-request-in] ts_in=1777537100.712467 ts_out=1777537100.713121 gw_proc_ms=0.654 traceId=exp-perf5000-000023-4fb891b2
zt-gateway  | [perf-request-in] ts_in=1777537100.712511 ts_out=1777537100.713130 gw_proc_ms=0.619 traceId=exp-perf5000-000026-e8abbb68
zt-gateway  | [perf-request-in] ts_in=1777537100.713158 ts_out=1777537100.713791 gw_proc_ms=0.633 traceId=exp-perf5000-000046-1aa05f6e
zt-gateway  | [perf-request-in] ts_in=1777537100.713161 ts_out=1777537100.713883 gw_proc_ms=0.722 traceId=exp-perf5000-000025-0a55fa4a
zt-gateway  | [perf-request-in] ts_in=1777537100.713824 ts_out=1777537100.714529 gw_proc_ms=0.705 traceId=exp-perf5000-000010-3b89955d
zt-gateway  | [perf-request-in] ts_in=1777537100.713929 ts_out=1777537100.714669 gw_proc_ms=0.740 traceId=exp-perf5000-000067-c2af8b3e
zt-gateway  | [perf-request-in] ts_in=1777537100.714568 ts_out=1777537100.715239 gw_proc_ms=0.671 traceId=exp-perf5000-000009-70a4a9a7
zt-gateway  | [perf-request-in] ts_in=1777537100.714717 ts_out=1777537100.715381 gw_proc_ms=0.664 traceId=exp-perf5000-000064-e91baa6e
zt-gateway  | [perf-request-in] ts_in=1777537100.715267 ts_out=1777537100.715919 gw_proc_ms=0.652 traceId=exp-perf5000-000007-754926e9
zt-gateway  | [perf-request-in] ts_in=1777537100.715425 ts_out=1777537100.716156 gw_proc_ms=0.731 traceId=exp-perf5000-000061-90ed6bf4
zt-gateway  | [perf-request-in] ts_in=1777537100.715959 ts_out=1777537100.716647 gw_proc_ms=0.688 traceId=exp-perf5000-000006-84dc50fb
zt-gateway  | [perf-request-in] ts_in=1777537100.716223 ts_out=1777537100.716936 gw_proc_ms=0.713 traceId=exp-perf5000-000099-c4399509
zt-gateway  | [perf-request-in] ts_in=1777537100.716676 ts_out=1777537100.717330 gw_proc_ms=0.654 traceId=exp-perf5000-000004-fa595dfb
zt-gateway  | [perf-request-in] ts_in=1777537100.716978 ts_out=1777537100.717631 gw_proc_ms=0.653 traceId=exp-perf5000-000068-ca09cb0c
zt-gateway  | [perf-request-in] ts_in=1777537100.717366 ts_out=1777537100.717990 gw_proc_ms=0.624 traceId=exp-perf5000-000045-5c8267e7
zt-gateway  | [perf-request-in] ts_in=1777537100.717669 ts_out=1777537100.718326 gw_proc_ms=0.657 traceId=exp-perf5000-000081-d58297bc
zt-gateway  | [perf-request-in] ts_in=1777537100.718027 ts_out=1777537100.718660 gw_proc_ms=0.633 traceId=exp-perf5000-000043-5b02d0c1
zt-gateway  | [perf-request-in] ts_in=1777537100.718363 ts_out=1777537100.719030 gw_proc_ms=0.667 traceId=exp-perf5000-000080-87fb49e5
zt-gateway  | [perf-request-in] ts_in=1777537100.718690 ts_out=1777537100.719349 gw_proc_ms=0.659 traceId=exp-perf5000-000057-95286157
zt-gateway  | [perf-request-in] ts_in=1777537100.719063 ts_out=1777537100.719690 gw_proc_ms=0.627 traceId=exp-perf5000-000079-cf57be82
zt-gateway  | [perf-request-in] ts_in=1777537100.719386 ts_out=1777537100.720103 gw_proc_ms=0.717 traceId=exp-perf5000-000056-0e28f731
zt-gateway  | [perf-request-in] ts_in=1777537100.719726 ts_out=1777537100.720386 gw_proc_ms=0.660 traceId=exp-perf5000-000078-f17e46ed
zt-gateway  | [perf-request-in] ts_in=1777537100.720145 ts_out=1777537100.720861 gw_proc_ms=0.716 traceId=exp-perf5000-000051-92396b44
zt-gateway  | [perf-request-in] ts_in=1777537100.720417 ts_out=1777537100.721069 gw_proc_ms=0.652 traceId=exp-perf5000-000059-d2434f51
zt-gateway  | [perf-request-in] ts_in=1777537100.720898 ts_out=1777537100.721560 gw_proc_ms=0.662 traceId=exp-perf5000-000052-c46b0401
zt-gateway  | [perf-request-in] ts_in=1777537100.721100 ts_out=1777537100.721726 gw_proc_ms=0.626 traceId=exp-perf5000-000058-d78afda0
zt-gateway  | [perf-request-in] ts_in=1777537100.721608 ts_out=1777537100.722271 gw_proc_ms=0.663 traceId=exp-perf5000-000066-dd4aeca5
zt-gateway  | [perf-request-in] ts_in=1777537100.721769 ts_out=1777537100.722418 gw_proc_ms=0.649 traceId=exp-perf5000-000093-2a1efe5d
zt-gateway  | [perf-request-in] ts_in=1777537100.722308 ts_out=1777537100.723004 gw_proc_ms=0.696 traceId=exp-perf5000-000076-efc764a0
zt-gateway  | [perf-request-in] ts_in=1777537100.722452 ts_out=1777537100.723121 gw_proc_ms=0.669 traceId=exp-perf5000-000092-93b955ec
zt-gateway  | [perf-request-in] ts_in=1777537100.723055 ts_out=1777537100.723765 gw_proc_ms=0.710 traceId=exp-perf5000-000070-990dc016
zt-gateway  | [perf-request-in] ts_in=1777537100.723165 ts_out=1777537100.723859 gw_proc_ms=0.694 traceId=exp-perf5000-000090-c0e94be1
zt-gateway  | [perf-request-in] ts_in=1777537100.723814 ts_out=1777537100.724484 gw_proc_ms=0.670 traceId=exp-perf5000-000096-8fe7428d
zt-gateway  | [perf-request-in] ts_in=1777537100.723888 ts_out=1777537100.724517 gw_proc_ms=0.629 traceId=exp-perf5000-000088-dba12168
zt-gateway  | [perf-request-in] ts_in=1777537100.724546 ts_out=1777537100.725318 gw_proc_ms=0.772 traceId=exp-perf5000-000086-b9b59b1d
zt-gateway  | [perf-request-in] ts_in=1777537100.724527 ts_out=1777537100.725318 gw_proc_ms=0.791 traceId=exp-perf5000-000077-4f6d1d4b
zt-gateway  | [perf-request-in] ts_in=1777537100.725357 ts_out=1777537100.726088 gw_proc_ms=0.731 traceId=exp-perf5000-000085-b0628296
zt-gateway  | [perf-request-in] ts_in=1777537100.725359 ts_out=1777537100.726105 gw_proc_ms=0.746 traceId=exp-perf5000-000071-3a1b7bd0
zt-gateway  | [perf-request-in] ts_in=1777537100.726127 ts_out=1777537100.726858 gw_proc_ms=0.731 traceId=exp-perf5000-000084-3cf80b4f
zt-gateway  | [perf-request-in] ts_in=1777537100.726142 ts_out=1777537100.726878 gw_proc_ms=0.736 traceId=exp-perf5000-000069-00486ee3
zt-gateway  | [perf-request-in] ts_in=1777537100.726896 ts_out=1777537100.727612 gw_proc_ms=0.716 traceId=exp-perf5000-000008-c1927c80
zt-gateway  | [perf-request-in] ts_in=1777537100.726912 ts_out=1777537100.727714 gw_proc_ms=0.802 traceId=exp-perf5000-000091-11206157
zt-gateway  | [perf-request-in] ts_in=1777537100.727651 ts_out=1777537100.728356 gw_proc_ms=0.705 traceId=exp-perf5000-000005-68f8588e
zt-gateway  | [perf-request-in] ts_in=1777537100.727765 ts_out=1777537100.728513 gw_proc_ms=0.748 traceId=exp-perf5000-000075-e0174b7b
zt-gateway  | [perf-request-in] ts_in=1777537100.728391 ts_out=1777537100.729071 gw_proc_ms=0.680 traceId=exp-perf5000-000003-93ad8f60
zt-gateway  | [perf-request-in] ts_in=1777537100.728556 ts_out=1777537100.729255 gw_proc_ms=0.699 traceId=exp-perf5000-000083-a0c74588
zt-gateway  | [perf-request-in] ts_in=1777537100.729103 ts_out=1777537100.729759 gw_proc_ms=0.656 traceId=exp-perf5000-000002-68624ffe
zt-gateway  | [perf-request-in] ts_in=1777537100.729296 ts_out=1777537100.729966 gw_proc_ms=0.670 traceId=exp-perf5000-000065-89fd354d
zt-gateway  | [perf-request-in] ts_in=1777537100.729797 ts_out=1777537100.730484 gw_proc_ms=0.687 traceId=exp-perf5000-000001-631b0987
zt-gateway  | [perf-request-in] ts_in=1777537100.730001 ts_out=1777537100.730736 gw_proc_ms=0.735 traceId=exp-perf5000-000062-ba4dcd10
zt-gateway  | [perf-request-in] ts_in=1777537100.730517 ts_out=1777537100.731238 gw_proc_ms=0.721 traceId=exp-perf5000-000050-f4cc08d6
zt-gateway  | [perf-request-in] ts_in=1777537100.730776 ts_out=1777537100.731535 gw_proc_ms=0.759 traceId=exp-perf5000-000063-824a2c3d
zt-gateway  | [perf-request-in] ts_in=1777537100.731272 ts_out=1777537100.732003 gw_proc_ms=0.731 traceId=exp-perf5000-000049-f3c662b0
zt-gateway  | [perf-request-in] ts_in=1777537100.731576 ts_out=1777537100.732277 gw_proc_ms=0.701 traceId=exp-perf5000-000087-adbda0a5
zt-gateway  | [perf-request-in] ts_in=1777537100.732039 ts_out=1777537100.732703 gw_proc_ms=0.664 traceId=exp-perf5000-000044-c6d7ad4b
zt-gateway  | [perf-request-in] ts_in=1777537100.732317 ts_out=1777537100.733022 gw_proc_ms=0.705 traceId=exp-perf5000-000094-794b9097
zt-gateway  | [perf-request-in] ts_in=1777537100.732740 ts_out=1777537100.733437 gw_proc_ms=0.697 traceId=exp-perf5000-000054-8ce5f4ca
zt-gateway  | [perf-request-in] ts_in=1777537100.733064 ts_out=1777537100.733755 gw_proc_ms=0.691 traceId=exp-perf5000-000098-3d06b226
zt-gateway  | [perf-request-in] ts_in=1777537100.733468 ts_out=1777537100.734147 gw_proc_ms=0.679 traceId=exp-perf5000-000053-1b6cf7db
zt-gateway  | [perf-request-in] ts_in=1777537100.733797 ts_out=1777537100.734457 gw_proc_ms=0.660 traceId=exp-perf5000-000060-84613304
zt-gateway  | [perf-request-in] ts_in=1777537100.734180 ts_out=1777537100.734872 gw_proc_ms=0.692 traceId=exp-perf5000-000073-390990c0
zt-gateway  | [perf-request-in] ts_in=1777537100.734489 ts_out=1777537100.735129 gw_proc_ms=0.640 traceId=exp-perf5000-000082-60e7a6cc
zt-gateway  | [perf-request-in] ts_in=1777537100.734922 ts_out=1777537100.735574 gw_proc_ms=0.652 traceId=exp-perf5000-000072-9cc6a3bb
zt-gateway  | [perf-request-in] ts_in=1777537100.735160 ts_out=1777537100.735775 gw_proc_ms=0.615 traceId=exp-perf5000-000095-2934b860
zt-gateway  | [perf-request-in] ts_in=1777537100.735615 ts_out=1777537100.736248 gw_proc_ms=0.633 traceId=exp-perf5000-000074-99c194f7
zt-gateway  | [perf-request-in] ts_in=1777537100.735812 ts_out=1777537100.736418 gw_proc_ms=0.606 traceId=exp-perf5000-000089-331edbd8
zt-gateway  | [perf-request-in] ts_in=1777537100.736284 ts_out=1777537100.736975 gw_proc_ms=0.691 traceId=exp-perf5000-000055-bc90a546
zt-gateway  | [perf-request-in] ts_in=1777537100.736453 ts_out=1777537100.737200 gw_proc_ms=0.747 traceId=exp-perf5000-000097-784e3eba
zt-gateway  | [perf-request-in] ts_in=1777537100.737013 ts_out=1777537100.737687 gw_proc_ms=0.674 traceId=exp-perf5000-000101-2488bf32
zt-gateway  | [perf-request-in] ts_in=1777537100.737239 ts_out=1777537100.737914 gw_proc_ms=0.675 traceId=exp-perf5000-000100-408396ab
zt-gateway  | [perf-request-in] ts_in=1777537100.737725 ts_out=1777537100.738396 gw_proc_ms=0.671 traceId=exp-perf5000-000102-851488ce
zt-gateway  | [perf-request-in] ts_in=1777537100.737944 ts_out=1777537100.738590 gw_proc_ms=0.646 traceId=exp-perf5000-000103-b2e30b44
zt-gateway  | [perf-request-in] ts_in=1777537100.738433 ts_out=1777537100.739118 gw_proc_ms=0.685 traceId=exp-perf5000-000105-870fa76a
zt-gateway  | [perf-request-in] ts_in=1777537100.738628 ts_out=1777537100.739298 gw_proc_ms=0.670 traceId=exp-perf5000-000104-5234e390
zt-gateway  | [perf-request-in] ts_in=1777537100.739156 ts_out=1777537100.739814 gw_proc_ms=0.658 traceId=exp-perf5000-000107-8c5683fd
zt-gateway  | [perf-request-in] ts_in=1777537100.739335 ts_out=1777537100.739983 gw_proc_ms=0.648 traceId=exp-perf5000-000106-eea3c933
zt-gateway  | [perf-request-in] ts_in=1777537100.739850 ts_out=1777537100.740491 gw_proc_ms=0.641 traceId=exp-perf5000-000109-97f9691d
zt-gateway  | [perf-request-in] ts_in=1777537100.740016 ts_out=1777537100.740631 gw_proc_ms=0.615 traceId=exp-perf5000-000108-6a911c23
zt-gateway  | [perf-request-in] ts_in=1777537100.740526 ts_out=1777537100.741190 gw_proc_ms=0.664 traceId=exp-perf5000-000111-66111cd2
zt-gateway  | [perf-request-in] ts_in=1777537100.740663 ts_out=1777537100.741327 gw_proc_ms=0.664 traceId=exp-perf5000-000110-b4aa233d
zt-gateway  | [perf-request-in] ts_in=1777537100.741226 ts_out=1777537100.741886 gw_proc_ms=0.660 traceId=exp-perf5000-000113-3b442ba8
zt-gateway  | [perf-request-in] ts_in=1777537100.741360 ts_out=1777537100.742033 gw_proc_ms=0.673 traceId=exp-perf5000-000112-6784a5d8
zt-gateway  | [perf-request-in] ts_in=1777537100.741925 ts_out=1777537100.742556 gw_proc_ms=0.631 traceId=exp-perf5000-000115-5191f01d
zt-gateway  | [perf-request-in] ts_in=1777537100.742068 ts_out=1777537100.742677 gw_proc_ms=0.609 traceId=exp-perf5000-000114-dc0ffd9b
zt-gateway  | [perf-request-in] ts_in=1777537100.742594 ts_out=1777537100.743250 gw_proc_ms=0.656 traceId=exp-perf5000-000117-da834cf8
zt-gateway  | [perf-request-in] ts_in=1777537100.742705 ts_out=1777537100.743347 gw_proc_ms=0.642 traceId=exp-perf5000-000116-9732666b
zt-gateway  | [perf-request-in] ts_in=1777537100.743387 ts_out=1777537100.744069 gw_proc_ms=0.682 traceId=exp-perf5000-000118-55adc7f1
zt-gateway  | [perf-request-in] ts_in=1777537100.743405 ts_out=1777537100.744116 gw_proc_ms=0.711 traceId=exp-perf5000-000119-a338bfbb
zt-gateway  | [perf-request-in] ts_in=1777537100.744111 ts_out=1777537100.744836 gw_proc_ms=0.725 traceId=exp-perf5000-000120-ef69d8e0
zt-gateway  | [perf-request-in] ts_in=1777537100.744159 ts_out=1777537100.744882 gw_proc_ms=0.723 traceId=exp-perf5000-000121-4076a087
zt-gateway  | [perf-request-in] ts_in=1777537100.744875 ts_out=1777537100.745507 gw_proc_ms=0.632 traceId=exp-perf5000-000122-294aef6a
zt-gateway  | [perf-request-in] ts_in=1777537100.744920 ts_out=1777537100.745565 gw_proc_ms=0.645 traceId=exp-perf5000-000123-627919fc
zt-gateway  | [perf-request-in] ts_in=1777537100.745543 ts_out=1777537100.746159 gw_proc_ms=0.616 traceId=exp-perf5000-000124-6f1ea6c6
zt-gateway  | [perf-request-in] ts_in=1777537100.745611 ts_out=1777537100.746232 gw_proc_ms=0.621 traceId=exp-perf5000-000125-c09792e8
zt-gateway  | [perf-request-in] ts_in=1777537100.746193 ts_out=1777537100.746777 gw_proc_ms=0.584 traceId=exp-perf5000-000126-44734c6e
zt-gateway  | [perf-request-in] ts_in=1777537100.746276 ts_out=1777537100.746905 gw_proc_ms=0.629 traceId=exp-perf5000-000127-21066f56
zt-gateway  | [perf-request-in] ts_in=1777537100.746814 ts_out=1777537100.747458 gw_proc_ms=0.644 traceId=exp-perf5000-000128-c74c4325
zt-gateway  | [perf-request-in] ts_in=1777537100.746945 ts_out=1777537100.747599 gw_proc_ms=0.654 traceId=exp-perf5000-000129-a6d760ba
zt-gateway  | [perf-request-in] ts_in=1777537100.747495 ts_out=1777537100.748128 gw_proc_ms=0.633 traceId=exp-perf5000-000131-0dd87627
zt-gateway  | [perf-request-in] ts_in=1777537100.747634 ts_out=1777537100.748269 gw_proc_ms=0.635 traceId=exp-perf5000-000130-64f78456
zt-gateway  | [perf-request-in] ts_in=1777537100.748161 ts_out=1777537100.748754 gw_proc_ms=0.593 traceId=exp-perf5000-000133-735de9a9
zt-gateway  | [perf-request-in] ts_in=1777537100.748310 ts_out=1777537100.748928 gw_proc_ms=0.618 traceId=exp-perf5000-000132-564d9077
zt-gateway  | [perf-request-in] ts_in=1777537100.748794 ts_out=1777537100.749381 gw_proc_ms=0.587 traceId=exp-perf5000-000134-236753c6
zt-gateway  | [perf-request-in] ts_in=1777537100.748957 ts_out=1777537100.749551 gw_proc_ms=0.594 traceId=exp-perf5000-000135-95b4531c
zt-gateway  | [perf-request-in] ts_in=1777537100.749414 ts_out=1777537100.750105 gw_proc_ms=0.691 traceId=exp-perf5000-000136-7b48099a
zt-gateway  | [perf-request-in] ts_in=1777537100.749586 ts_out=1777537100.750203 gw_proc_ms=0.617 traceId=exp-perf5000-000137-7baf1ce1
zt-gateway  | [perf-request-in] ts_in=1777537100.750153 ts_out=1777537100.750790 gw_proc_ms=0.637 traceId=exp-perf5000-000138-5357385b
zt-gateway  | [perf-request-in] ts_in=1777537100.750243 ts_out=1777537100.750838 gw_proc_ms=0.595 traceId=exp-perf5000-000139-73490cb8
zt-gateway  | [perf-request-in] ts_in=1777537100.750866 ts_out=1777537100.751429 gw_proc_ms=0.563 traceId=exp-perf5000-000141-285c5532
zt-gateway  | [perf-request-in] ts_in=1777537100.750828 ts_out=1777537100.751429 gw_proc_ms=0.601 traceId=exp-perf5000-000140-44c4d56d
zt-gateway  | [perf-request-in] ts_in=1777537100.751465 ts_out=1777537100.752091 gw_proc_ms=0.626 traceId=exp-perf5000-000143-c6261738
zt-gateway  | [perf-request-in] ts_in=1777537100.751465 ts_out=1777537100.752195 gw_proc_ms=0.730 traceId=exp-perf5000-000142-6c5590f8
zt-gateway  | [perf-request-in] ts_in=1777537100.752125 ts_out=1777537100.752719 gw_proc_ms=0.594 traceId=exp-perf5000-000145-5fe1d26f
zt-gateway  | [perf-request-in] ts_in=1777537100.752248 ts_out=1777537100.752895 gw_proc_ms=0.647 traceId=exp-perf5000-000144-1bb1d235
zt-gateway  | [perf-request-in] ts_in=1777537100.752754 ts_out=1777537100.753372 gw_proc_ms=0.618 traceId=exp-perf5000-000147-f273d29c
zt-gateway  | [perf-request-in] ts_in=1777537100.752931 ts_out=1777537100.753552 gw_proc_ms=0.621 traceId=exp-perf5000-000146-759df097
zt-gateway  | [perf-request-in] ts_in=1777537100.753410 ts_out=1777537100.754046 gw_proc_ms=0.636 traceId=exp-perf5000-000149-f6d7f338
zt-gateway  | [perf-request-in] ts_in=1777537100.753587 ts_out=1777537100.754216 gw_proc_ms=0.629 traceId=exp-perf5000-000148-5868bffe
zt-gateway  | [perf-request-in] ts_in=1777537100.754078 ts_out=1777537100.754680 gw_proc_ms=0.602 traceId=exp-perf5000-000151-e29a6f46
zt-gateway  | [perf-request-in] ts_in=1777537100.754247 ts_out=1777537100.754879 gw_proc_ms=0.632 traceId=exp-perf5000-000150-2c7e176f
zt-gateway  | [perf-request-in] ts_in=1777537100.754713 ts_out=1777537100.755361 gw_proc_ms=0.648 traceId=exp-perf5000-000153-a543d49f
zt-gateway  | [perf-request-in] ts_in=1777537100.754917 ts_out=1777537100.755636 gw_proc_ms=0.719 traceId=exp-perf5000-000152-1ced80d7
zt-gateway  | [perf-request-in] ts_in=1777537100.755394 ts_out=1777537100.756221 gw_proc_ms=0.827 traceId=exp-perf5000-000155-b2a648b8
zt-gateway  | [perf-request-in] ts_in=1777537100.755687 ts_out=1777537100.756436 gw_proc_ms=0.749 traceId=exp-perf5000-000154-6502a52c
zt-gateway  | [perf-request-in] ts_in=1777537100.756271 ts_out=1777537100.756911 gw_proc_ms=0.640 traceId=exp-perf5000-000157-655a2fac
zt-gateway  | [perf-request-in] ts_in=1777537100.756471 ts_out=1777537100.757150 gw_proc_ms=0.679 traceId=exp-perf5000-000156-844eaace
zt-gateway  | [perf-request-in] ts_in=1777537100.756947 ts_out=1777537100.757634 gw_proc_ms=0.687 traceId=exp-perf5000-000159-d97e6bdf
zt-gateway  | [perf-request-in] ts_in=1777537100.757197 ts_out=1777537100.757906 gw_proc_ms=0.709 traceId=exp-perf5000-000158-68db0581
zt-gateway  | [perf-request-in] ts_in=1777537100.757677 ts_out=1777537100.758299 gw_proc_ms=0.622 traceId=exp-perf5000-000161-7f6ba94d
zt-gateway  | [perf-request-in] ts_in=1777537100.757948 ts_out=1777537100.758609 gw_proc_ms=0.661 traceId=exp-perf5000-000160-b2ded84b
zt-gateway  | [perf-request-in] ts_in=1777537100.758336 ts_out=1777537100.759162 gw_proc_ms=0.826 traceId=exp-perf5000-000163-96f51823
zt-gateway  | [perf-request-in] ts_in=1777537100.758662 ts_out=1777537100.759296 gw_proc_ms=0.634 traceId=exp-perf5000-000162-ecd92bda
zt-gateway  | [perf-request-in] ts_in=1777537100.759206 ts_out=1777537100.759843 gw_proc_ms=0.637 traceId=exp-perf5000-000164-b98bf0cd
zt-gateway  | [perf-request-in] ts_in=1777537100.759331 ts_out=1777537100.759967 gw_proc_ms=0.636 traceId=exp-perf5000-000165-7b1266e2
zt-gateway  | [perf-request-in] ts_in=1777537100.759882 ts_out=1777537100.760494 gw_proc_ms=0.612 traceId=exp-perf5000-000166-f3208035
zt-gateway  | [perf-request-in] ts_in=1777537100.760004 ts_out=1777537100.760677 gw_proc_ms=0.673 traceId=exp-perf5000-000167-e6e1a940
zt-gateway  | [perf-request-in] ts_in=1777537100.760526 ts_out=1777537100.761129 gw_proc_ms=0.603 traceId=exp-perf5000-000168-afd72ab4
zt-gateway  | [perf-request-in] ts_in=1777537100.760714 ts_out=1777537100.761345 gw_proc_ms=0.631 traceId=exp-perf5000-000169-66a41f8e
zt-gateway  | [perf-request-in] ts_in=1777537100.761155 ts_out=1777537100.761747 gw_proc_ms=0.592 traceId=exp-perf5000-000171-a87c41e4
zt-gateway  | [perf-request-in] ts_in=1777537100.761380 ts_out=1777537100.761996 gw_proc_ms=0.616 traceId=exp-perf5000-000170-c2bae1f5
zt-gateway  | [perf-request-in] ts_in=1777537100.761772 ts_out=1777537100.762367 gw_proc_ms=0.595 traceId=exp-perf5000-000172-ca1c6417
zt-gateway  | [perf-request-in] ts_in=1777537100.762030 ts_out=1777537100.762632 gw_proc_ms=0.602 traceId=exp-perf5000-000173-e39f3ea8
zt-gateway  | [perf-request-in] ts_in=1777537100.762391 ts_out=1777537100.762985 gw_proc_ms=0.594 traceId=exp-perf5000-000174-8a475b1c
zt-gateway  | [perf-request-in] ts_in=1777537100.762658 ts_out=1777537100.763286 gw_proc_ms=0.628 traceId=exp-perf5000-000175-79179795
zt-gateway  | [perf-request-in] ts_in=1777537100.763012 ts_out=1777537100.763667 gw_proc_ms=0.655 traceId=exp-perf5000-000176-2f2dc769
zt-gateway  | [perf-request-in] ts_in=1777537100.763329 ts_out=1777537100.764093 gw_proc_ms=0.764 traceId=exp-perf5000-000177-c2180301
zt-gateway  | [perf-request-in] ts_in=1777537100.763704 ts_out=1777537100.764465 gw_proc_ms=0.761 traceId=exp-perf5000-000178-b1aa2ac8
zt-gateway  | [perf-request-in] ts_in=1777537100.764129 ts_out=1777537100.764798 gw_proc_ms=0.669 traceId=exp-perf5000-000179-61be17e0
zt-gateway  | [perf-request-in] ts_in=1777537100.764511 ts_out=1777537100.765206 gw_proc_ms=0.695 traceId=exp-perf5000-000180-9c792655
zt-gateway  | [perf-request-in] ts_in=1777537100.764831 ts_out=1777537100.765502 gw_proc_ms=0.671 traceId=exp-perf5000-000181-f883b752
zt-gateway  | [perf-request-in] ts_in=1777537100.765243 ts_out=1777537100.765932 gw_proc_ms=0.689 traceId=exp-perf5000-000182-afbc05bf
zt-gateway  | [perf-request-in] ts_in=1777537100.765534 ts_out=1777537100.766193 gw_proc_ms=0.659 traceId=exp-perf5000-000183-5b2e8deb
zt-gateway  | [perf-request-in] ts_in=1777537100.765969 ts_out=1777537100.766652 gw_proc_ms=0.683 traceId=exp-perf5000-000184-0c539502
zt-gateway  | [perf-request-in] ts_in=1777537100.766230 ts_out=1777537100.766915 gw_proc_ms=0.685 traceId=exp-perf5000-000185-fba483ae
zt-gateway  | [perf-request-in] ts_in=1777537100.766687 ts_out=1777537100.767346 gw_proc_ms=0.659 traceId=exp-perf5000-000186-9457f8d6
zt-gateway  | [perf-request-in] ts_in=1777537100.766944 ts_out=1777537100.767605 gw_proc_ms=0.661 traceId=exp-perf5000-000187-754cefd0
zt-gateway  | [perf-request-in] ts_in=1777537100.767382 ts_out=1777537100.768038 gw_proc_ms=0.656 traceId=exp-perf5000-000188-0beab80d
zt-gateway  | [perf-request-in] ts_in=1777537100.767643 ts_out=1777537100.768267 gw_proc_ms=0.624 traceId=exp-perf5000-000189-295d2e0d
zt-gateway  | [perf-request-in] ts_in=1777537100.768070 ts_out=1777537100.768688 gw_proc_ms=0.618 traceId=exp-perf5000-000190-ec93b8bc
zt-gateway  | [perf-request-in] ts_in=1777537100.768292 ts_out=1777537100.768937 gw_proc_ms=0.645 traceId=exp-perf5000-000191-50bcacab
zt-gateway  | [perf-request-in] ts_in=1777537100.768721 ts_out=1777537100.769371 gw_proc_ms=0.650 traceId=exp-perf5000-000192-e3783472
zt-gateway  | [perf-request-in] ts_in=1777537100.768962 ts_out=1777537100.769601 gw_proc_ms=0.639 traceId=exp-perf5000-000193-356f1bbf
zt-gateway  | [perf-request-in] ts_in=1777537100.769399 ts_out=1777537100.770070 gw_proc_ms=0.671 traceId=exp-perf5000-000194-401a3f5d
zt-gateway  | [perf-request-in] ts_in=1777537100.769630 ts_out=1777537100.770300 gw_proc_ms=0.670 traceId=exp-perf5000-000195-6ef038d3
zt-gateway  | [perf-request-in] ts_in=1777537100.770101 ts_out=1777537100.770824 gw_proc_ms=0.723 traceId=exp-perf5000-000196-b3704461
zt-gateway  | [perf-request-in] ts_in=1777537100.770326 ts_out=1777537100.771054 gw_proc_ms=0.728 traceId=exp-perf5000-000197-27cfa207
zt-gateway  | [perf-request-in] ts_in=1777537100.770854 ts_out=1777537100.771505 gw_proc_ms=0.651 traceId=exp-perf5000-000198-49bb4d18
zt-gateway  | [perf-request-in] ts_in=1777537100.771085 ts_out=1777537100.771706 gw_proc_ms=0.621 traceId=exp-perf5000-000199-88f1488a
zt-gateway  | [perf-request-in] ts_in=1777537100.771537 ts_out=1777537100.772190 gw_proc_ms=0.653 traceId=exp-perf5000-000200-7d9fc887
zt-gateway  | [perf-request-in] ts_in=1777537100.771735 ts_out=1777537100.772361 gw_proc_ms=0.626 traceId=exp-perf5000-000201-432a3423
zt-gateway  | [perf-request-in] ts_in=1777537100.772217 ts_out=1777537100.772860 gw_proc_ms=0.643 traceId=exp-perf5000-000202-ce1c2e05
zt-gateway  | [perf-request-in] ts_in=1777537100.772394 ts_out=1777537100.773047 gw_proc_ms=0.653 traceId=exp-perf5000-000203-9b4d3c02
zt-gateway  | [perf-request-in] ts_in=1777537100.772890 ts_out=1777537100.773537 gw_proc_ms=0.647 traceId=exp-perf5000-000204-2e3cf6da
zt-gateway  | [perf-request-in] ts_in=1777537100.773080 ts_out=1777537100.773721 gw_proc_ms=0.641 traceId=exp-perf5000-000205-761da036
zt-gateway  | [perf-request-in] ts_in=1777537100.773572 ts_out=1777537100.774328 gw_proc_ms=0.756 traceId=exp-perf5000-000206-1f0fac87
zt-gateway  | [perf-request-in] ts_in=1777537100.773752 ts_out=1777537100.774449 gw_proc_ms=0.697 traceId=exp-perf5000-000207-bd3355d8
zt-gateway  | [perf-request-in] ts_in=1777537100.774381 ts_out=1777537100.775032 gw_proc_ms=0.651 traceId=exp-perf5000-000208-f86f155c
zt-gateway  | [perf-request-in] ts_in=1777537100.774499 ts_out=1777537100.775139 gw_proc_ms=0.640 traceId=exp-perf5000-000209-12954349
zt-gateway  | [perf-request-in] ts_in=1777537100.775074 ts_out=1777537100.775685 gw_proc_ms=0.611 traceId=exp-perf5000-000210-116f20d8
zt-gateway  | [perf-request-in] ts_in=1777537100.775180 ts_out=1777537100.775792 gw_proc_ms=0.612 traceId=exp-perf5000-000211-dba26fb5
zt-gateway  | [perf-request-in] ts_in=1777537100.775722 ts_out=1777537100.776362 gw_proc_ms=0.640 traceId=exp-perf5000-000212-d78fcf74
zt-gateway  | [perf-request-in] ts_in=1777537100.775823 ts_out=1777537100.776421 gw_proc_ms=0.598 traceId=exp-perf5000-000213-1139c6ce
zt-gateway  | [perf-request-in] ts_in=1777537100.776402 ts_out=1777537100.777033 gw_proc_ms=0.631 traceId=exp-perf5000-000214-66f949f6
zt-gateway  | [perf-request-in] ts_in=1777537100.776458 ts_out=1777537100.777063 gw_proc_ms=0.605 traceId=exp-perf5000-000215-9c8ee7e2
zt-gateway  | [perf-request-in] ts_in=1777537100.777072 ts_out=1777537100.777688 gw_proc_ms=0.616 traceId=exp-perf5000-000217-ce9fc3e5
zt-gateway  | [perf-request-in] ts_in=1777537100.777096 ts_out=1777537100.777716 gw_proc_ms=0.620 traceId=exp-perf5000-000216-fc5a7d5d
zt-gateway  | [perf-request-in] ts_in=1777537100.777726 ts_out=1777537100.778333 gw_proc_ms=0.607 traceId=exp-perf5000-000218-6fac051f
zt-gateway  | [perf-request-in] ts_in=1777537100.777748 ts_out=1777537100.778378 gw_proc_ms=0.630 traceId=exp-perf5000-000219-d42ebe6e
zt-gateway  | [perf-request-in] ts_in=1777537100.778369 ts_out=1777537100.778975 gw_proc_ms=0.606 traceId=exp-perf5000-000221-bccbef77
zt-gateway  | [perf-request-in] ts_in=1777537100.778412 ts_out=1777537100.779027 gw_proc_ms=0.615 traceId=exp-perf5000-000220-76a3fddc
zt-gateway  | [perf-request-in] ts_in=1777537100.779013 ts_out=1777537100.779602 gw_proc_ms=0.589 traceId=exp-perf5000-000222-2ae24176
zt-gateway  | [perf-request-in] ts_in=1777537100.779062 ts_out=1777537100.779679 gw_proc_ms=0.617 traceId=exp-perf5000-000223-f5493bd7
zt-gateway  | [perf-request-in] ts_in=1777537100.779635 ts_out=1777537100.780246 gw_proc_ms=0.611 traceId=exp-perf5000-000225-a7fb7f1a
zt-gateway  | [perf-request-in] ts_in=1777537100.779713 ts_out=1777537100.780334 gw_proc_ms=0.621 traceId=exp-perf5000-000224-2586a08a
zt-gateway  | [perf-request-in] ts_in=1777537100.780281 ts_out=1777537100.780896 gw_proc_ms=0.615 traceId=exp-perf5000-000227-1f0a05ba
zt-gateway  | [perf-request-in] ts_in=1777537100.780369 ts_out=1777537100.780979 gw_proc_ms=0.610 traceId=exp-perf5000-000226-eea23307
zt-gateway  | [perf-request-in] ts_in=1777537100.780933 ts_out=1777537100.781538 gw_proc_ms=0.605 traceId=exp-perf5000-000229-72496521
zt-gateway  | [perf-request-in] ts_in=1777537100.781008 ts_out=1777537100.781626 gw_proc_ms=0.618 traceId=exp-perf5000-000228-a719571b
zt-gateway  | [perf-request-in] ts_in=1777537100.781573 ts_out=1777537100.782214 gw_proc_ms=0.641 traceId=exp-perf5000-000231-277dbc62
zt-gateway  | [perf-request-in] ts_in=1777537100.781660 ts_out=1777537100.782298 gw_proc_ms=0.638 traceId=exp-perf5000-000230-75609df4
zt-gateway  | [perf-request-in] ts_in=1777537100.782256 ts_out=1777537100.782966 gw_proc_ms=0.710 traceId=exp-perf5000-000233-d9d7626a
zt-gateway  | [perf-request-in] ts_in=1777537100.782336 ts_out=1777537100.783066 gw_proc_ms=0.730 traceId=exp-perf5000-000232-84a14897
zt-gateway  | [perf-request-in] ts_in=1777537100.783005 ts_out=1777537100.783662 gw_proc_ms=0.657 traceId=exp-perf5000-000235-c2fd9492
zt-gateway  | [perf-request-in] ts_in=1777537100.783098 ts_out=1777537100.783730 gw_proc_ms=0.632 traceId=exp-perf5000-000234-56c30aeb
zt-gateway  | [perf-request-in] ts_in=1777537100.783698 ts_out=1777537100.784378 gw_proc_ms=0.680 traceId=exp-perf5000-000236-bb47993e
zt-gateway  | [perf-request-in] ts_in=1777537100.783762 ts_out=1777537100.784418 gw_proc_ms=0.656 traceId=exp-perf5000-000237-c75e13b2
zt-gateway  | [perf-request-in] ts_in=1777537100.784415 ts_out=1777537100.785013 gw_proc_ms=0.598 traceId=exp-perf5000-000238-eedd9e37
zt-gateway  | [perf-request-in] ts_in=1777537100.784453 ts_out=1777537100.785056 gw_proc_ms=0.603 traceId=exp-perf5000-000239-d64a0439
zt-gateway  | [perf-request-in] ts_in=1777537100.785047 ts_out=1777537100.785649 gw_proc_ms=0.602 traceId=exp-perf5000-000241-6aea6f2c
zt-gateway  | [perf-request-in] ts_in=1777537100.785087 ts_out=1777537100.785678 gw_proc_ms=0.591 traceId=exp-perf5000-000240-7b9632a9
zt-gateway  | [perf-request-in] ts_in=1777537100.785683 ts_out=1777537100.786293 gw_proc_ms=0.610 traceId=exp-perf5000-000242-ca01259f
zt-gateway  | [perf-request-in] ts_in=1777537100.785706 ts_out=1777537100.786297 gw_proc_ms=0.591 traceId=exp-perf5000-000243-61d88b4c
zt-gateway  | [perf-request-in] ts_in=1777537100.786330 ts_out=1777537100.786943 gw_proc_ms=0.613 traceId=exp-perf5000-000245-adb1e30c
zt-gateway  | [perf-request-in] ts_in=1777537100.786332 ts_out=1777537100.786950 gw_proc_ms=0.618 traceId=exp-perf5000-000244-291a5efa
zt-gateway  | [perf-request-in] ts_in=1777537100.786974 ts_out=1777537100.787559 gw_proc_ms=0.585 traceId=exp-perf5000-000247-7509dbc5
zt-gateway  | [perf-request-in] ts_in=1777537100.786982 ts_out=1777537100.787570 gw_proc_ms=0.588 traceId=exp-perf5000-000246-e5215f5d
zt-gateway  | [perf-request-in] ts_in=1777537100.787591 ts_out=1777537100.788181 gw_proc_ms=0.590 traceId=exp-perf5000-000249-632f97c2
zt-gateway  | [perf-request-in] ts_in=1777537100.787602 ts_out=1777537100.788201 gw_proc_ms=0.599 traceId=exp-perf5000-000248-696bb0be
zt-gateway  | [perf-request-in] ts_in=1777537100.788214 ts_out=1777537100.788791 gw_proc_ms=0.577 traceId=exp-perf5000-000251-0a34a3fb
zt-gateway  | [perf-request-in] ts_in=1777537100.788235 ts_out=1777537100.788838 gw_proc_ms=0.603 traceId=exp-perf5000-000250-3677a997
zt-gateway  | [perf-request-in] ts_in=1777537100.788823 ts_out=1777537100.789409 gw_proc_ms=0.586 traceId=exp-perf5000-000253-dedb991c
zt-gateway  | [perf-request-in] ts_in=1777537100.788877 ts_out=1777537100.789468 gw_proc_ms=0.591 traceId=exp-perf5000-000252-76fdef95
zt-gateway  | [perf-request-in] ts_in=1777537100.789442 ts_out=1777537100.790068 gw_proc_ms=0.626 traceId=exp-perf5000-000255-3e69e7a8
zt-gateway  | [perf-request-in] ts_in=1777537100.789494 ts_out=1777537100.790099 gw_proc_ms=0.605 traceId=exp-perf5000-000254-bc6ec41d
zt-gateway  | [perf-request-in] ts_in=1777537100.790095 ts_out=1777537100.790667 gw_proc_ms=0.572 traceId=exp-perf5000-000257-9cc3dd00
zt-gateway  | [perf-request-in] ts_in=1777537100.790127 ts_out=1777537100.790699 gw_proc_ms=0.572 traceId=exp-perf5000-000256-5c0a3568
zt-gateway  | [perf-request-in] ts_in=1777537100.790695 ts_out=1777537100.791278 gw_proc_ms=0.583 traceId=exp-perf5000-000259-291a425a
zt-gateway  | [perf-request-in] ts_in=1777537100.790725 ts_out=1777537100.791340 gw_proc_ms=0.615 traceId=exp-perf5000-000258-7852c464
zt-gateway  | [perf-request-in] ts_in=1777537100.791311 ts_out=1777537100.791931 gw_proc_ms=0.620 traceId=exp-perf5000-000261-54651eff
zt-gateway  | [perf-request-in] ts_in=1777537100.791366 ts_out=1777537100.791956 gw_proc_ms=0.590 traceId=exp-perf5000-000260-67e750fd
zt-gateway  | [perf-request-in] ts_in=1777537100.791963 ts_out=1777537100.792560 gw_proc_ms=0.597 traceId=exp-perf5000-000263-bf00871e
zt-gateway  | [perf-request-in] ts_in=1777537100.791982 ts_out=1777537100.792560 gw_proc_ms=0.578 traceId=exp-perf5000-000262-7b551342
zt-gateway  | [perf-request-in] ts_in=1777537100.792592 ts_out=1777537100.793212 gw_proc_ms=0.620 traceId=exp-perf5000-000264-4ae87c0f
zt-gateway  | [perf-request-in] ts_in=1777537100.792590 ts_out=1777537100.793215 gw_proc_ms=0.625 traceId=exp-perf5000-000265-7f0f466a
zt-gateway  | [perf-request-in] ts_in=1777537100.793243 ts_out=1777537100.793837 gw_proc_ms=0.594 traceId=exp-perf5000-000267-65f24935
zt-gateway  | [perf-request-in] ts_in=1777537100.793246 ts_out=1777537100.793856 gw_proc_ms=0.610 traceId=exp-perf5000-000266-7c5d053c
zt-gateway  | [perf-request-in] ts_in=1777537100.793865 ts_out=1777537100.794522 gw_proc_ms=0.657 traceId=exp-perf5000-000269-f94a02fc
zt-gateway  | [perf-request-in] ts_in=1777537100.793904 ts_out=1777537100.794523 gw_proc_ms=0.619 traceId=exp-perf5000-000268-e1f5d6a3
zt-gateway  | [perf-request-in] ts_in=1777537100.794556 ts_out=1777537100.795213 gw_proc_ms=0.657 traceId=exp-perf5000-000270-0aa1f3ff
zt-gateway  | [perf-request-in] ts_in=1777537100.794560 ts_out=1777537100.795215 gw_proc_ms=0.655 traceId=exp-perf5000-000271-d671eb69
zt-gateway  | [perf-request-in] ts_in=1777537100.795250 ts_out=1777537100.795891 gw_proc_ms=0.641 traceId=exp-perf5000-000272-8c1debaa
zt-gateway  | [perf-request-in] ts_in=1777537100.795253 ts_out=1777537100.795903 gw_proc_ms=0.650 traceId=exp-perf5000-000273-59b16b46
zt-gateway  | [perf-request-in] ts_in=1777537100.795930 ts_out=1777537100.796539 gw_proc_ms=0.609 traceId=exp-perf5000-000274-ee59ef6c
zt-gateway  | [perf-request-in] ts_in=1777537100.795941 ts_out=1777537100.796543 gw_proc_ms=0.602 traceId=exp-perf5000-000275-62f96ef7
zt-gateway  | [perf-request-in] ts_in=1777537100.796577 ts_out=1777537100.797275 gw_proc_ms=0.698 traceId=exp-perf5000-000276-925555a7
zt-gateway  | [perf-request-in] ts_in=1777537100.796582 ts_out=1777537100.797279 gw_proc_ms=0.697 traceId=exp-perf5000-000277-63ce835d
zt-gateway  | [perf-request-in] ts_in=1777537100.797307 ts_out=1777537100.797920 gw_proc_ms=0.613 traceId=exp-perf5000-000278-eec27471
zt-gateway  | [perf-request-in] ts_in=1777537100.797311 ts_out=1777537100.797938 gw_proc_ms=0.627 traceId=exp-perf5000-000279-f8fa77f7
zt-gateway  | [perf-request-in] ts_in=1777537100.797964 ts_out=1777537100.798557 gw_proc_ms=0.593 traceId=exp-perf5000-000281-185e9d27
zt-gateway  | [perf-request-in] ts_in=1777537100.797951 ts_out=1777537100.798557 gw_proc_ms=0.606 traceId=exp-perf5000-000280-60cdc6cf
zt-gateway  | [perf-request-in] ts_in=1777537100.798592 ts_out=1777537100.799215 gw_proc_ms=0.623 traceId=exp-perf5000-000283-0f67b608
zt-gateway  | [perf-request-in] ts_in=1777537100.798589 ts_out=1777537100.799215 gw_proc_ms=0.626 traceId=exp-perf5000-000282-58bdbb43
zt-gateway  | [perf-request-in] ts_in=1777537100.799246 ts_out=1777537100.799870 gw_proc_ms=0.624 traceId=exp-perf5000-000284-24b77c46
zt-gateway  | [perf-request-in] ts_in=1777537100.799246 ts_out=1777537100.799873 gw_proc_ms=0.627 traceId=exp-perf5000-000285-aa73beb7
zt-gateway  | [perf-request-in] ts_in=1777537100.799904 ts_out=1777537100.800524 gw_proc_ms=0.620 traceId=exp-perf5000-000286-b7d5667d
zt-gateway  | [perf-request-in] ts_in=1777537100.799908 ts_out=1777537100.800526 gw_proc_ms=0.618 traceId=exp-perf5000-000287-c1ba4870
zt-gateway  | [perf-request-in] ts_in=1777537100.800556 ts_out=1777537100.801182 gw_proc_ms=0.626 traceId=exp-perf5000-000289-7c31a625
zt-gateway  | [perf-request-in] ts_in=1777537100.800552 ts_out=1777537100.801183 gw_proc_ms=0.631 traceId=exp-perf5000-000288-fcb5c21a
zt-gateway  | [perf-request-in] ts_in=1777537100.801215 ts_out=1777537100.801851 gw_proc_ms=0.636 traceId=exp-perf5000-000291-50101bfc
zt-gateway  | [perf-request-in] ts_in=1777537100.801215 ts_out=1777537100.801942 gw_proc_ms=0.727 traceId=exp-perf5000-000290-c27769e9
zt-gateway  | [perf-request-in] ts_in=1777537100.801891 ts_out=1777537100.802506 gw_proc_ms=0.615 traceId=exp-perf5000-000293-c45b806e
zt-gateway  | [perf-request-in] ts_in=1777537100.801991 ts_out=1777537100.802666 gw_proc_ms=0.675 traceId=exp-perf5000-000292-6e190ac2
zt-gateway  | [perf-request-in] ts_in=1777537100.802536 ts_out=1777537100.803202 gw_proc_ms=0.666 traceId=exp-perf5000-000295-335969b1
zt-gateway  | [perf-request-in] ts_in=1777537100.802717 ts_out=1777537100.803406 gw_proc_ms=0.689 traceId=exp-perf5000-000294-8a39c3be
zt-gateway  | [perf-request-in] ts_in=1777537100.803237 ts_out=1777537100.803875 gw_proc_ms=0.638 traceId=exp-perf5000-000297-3c8576b7
zt-gateway  | [perf-request-in] ts_in=1777537100.803439 ts_out=1777537100.804143 gw_proc_ms=0.704 traceId=exp-perf5000-000296-687af85d
zt-gateway  | [perf-request-in] ts_in=1777537100.804189 ts_out=1777537100.804866 gw_proc_ms=0.677 traceId=exp-perf5000-000298-d5edd3e6
zt-gateway  | [perf-request-in] ts_in=1777537100.804054 ts_out=1777537100.805123 gw_proc_ms=1.069 traceId=exp-perf5000-000299-c1351b42
zt-gateway  | [perf-request-in] ts_in=1777537100.804905 ts_out=1777537100.805542 gw_proc_ms=0.637 traceId=exp-perf5000-000300-9304e173
zt-gateway  | [perf-request-in] ts_in=1777537100.805170 ts_out=1777537100.805802 gw_proc_ms=0.632 traceId=exp-perf5000-000301-6f181529
zt-gateway  | [perf-request-in] ts_in=1777537100.805575 ts_out=1777537100.806219 gw_proc_ms=0.644 traceId=exp-perf5000-000302-0625e72e
zt-gateway  | [perf-request-in] ts_in=1777537100.805836 ts_out=1777537100.806456 gw_proc_ms=0.620 traceId=exp-perf5000-000303-d279cafd
zt-gateway  | [perf-request-in] ts_in=1777537100.806255 ts_out=1777537100.806887 gw_proc_ms=0.632 traceId=exp-perf5000-000304-088b1d2b
zt-gateway  | [perf-request-in] ts_in=1777537100.806498 ts_out=1777537100.807104 gw_proc_ms=0.606 traceId=exp-perf5000-000305-15dc2ee8
zt-gateway  | [perf-request-in] ts_in=1777537100.806919 ts_out=1777537100.807516 gw_proc_ms=0.597 traceId=exp-perf5000-000307-80979019
zt-gateway  | [perf-request-in] ts_in=1777537100.807132 ts_out=1777537100.807731 gw_proc_ms=0.599 traceId=exp-perf5000-000306-33c8690d
zt-gateway  | [perf-request-in] ts_in=1777537100.807763 ts_out=1777537100.808389 gw_proc_ms=0.626 traceId=exp-perf5000-000308-df60da52
zt-gateway  | [perf-request-in] ts_in=1777537100.807552 ts_out=1777537100.808477 gw_proc_ms=0.925 traceId=exp-perf5000-000309-d8d6b52f
zt-gateway  | [perf-request-in] ts_in=1777537100.808431 ts_out=1777537100.809088 gw_proc_ms=0.657 traceId=exp-perf5000-000311-9635ff9f
zt-gateway  | [perf-request-in] ts_in=1777537100.808511 ts_out=1777537100.809183 gw_proc_ms=0.672 traceId=exp-perf5000-000310-463193f0
zt-gateway  | [perf-request-in] ts_in=1777537100.809127 ts_out=1777537100.809744 gw_proc_ms=0.617 traceId=exp-perf5000-000313-c6f21ae1
zt-gateway  | [perf-request-in] ts_in=1777537100.809220 ts_out=1777537100.810079 gw_proc_ms=0.859 traceId=exp-perf5000-000312-888b677d
zt-gateway  | [perf-request-in] ts_in=1777537100.809802 ts_out=1777537100.810568 gw_proc_ms=0.766 traceId=exp-perf5000-000315-922c05d1
zt-gateway  | [perf-request-in] ts_in=1777537100.810136 ts_out=1777537100.810825 gw_proc_ms=0.689 traceId=exp-perf5000-000314-46df80d7
zt-gateway  | [perf-request-in] ts_in=1777537100.810871 ts_out=1777537100.811538 gw_proc_ms=0.667 traceId=exp-perf5000-000317-593aecda
zt-gateway  | [perf-request-in] ts_in=1777537100.810612 ts_out=1777537100.811590 gw_proc_ms=0.978 traceId=exp-perf5000-000316-71308a1d
zt-gateway  | [perf-request-in] ts_in=1777537100.811588 ts_out=1777537100.812281 gw_proc_ms=0.693 traceId=exp-perf5000-000319-951aa45f
zt-gateway  | [perf-request-in] ts_in=1777537100.811631 ts_out=1777537100.812555 gw_proc_ms=0.924 traceId=exp-perf5000-000318-dbf2381c
zt-gateway  | [perf-request-in] ts_in=1777537100.812316 ts_out=1777537100.812980 gw_proc_ms=0.664 traceId=exp-perf5000-000321-fa8e6147
zt-gateway  | [perf-request-in] ts_in=1777537100.812609 ts_out=1777537100.813285 gw_proc_ms=0.676 traceId=exp-perf5000-000320-a280de0a
zt-gateway  | [perf-request-in] ts_in=1777537100.813019 ts_out=1777537100.813643 gw_proc_ms=0.624 traceId=exp-perf5000-000322-2badf633
zt-gateway  | [perf-request-in] ts_in=1777537100.813327 ts_out=1777537100.813979 gw_proc_ms=0.652 traceId=exp-perf5000-000323-eae71761
zt-gateway  | [perf-request-in] ts_in=1777537100.813684 ts_out=1777537100.814353 gw_proc_ms=0.669 traceId=exp-perf5000-000324-c1c9fb23
zt-gateway  | [perf-request-in] ts_in=1777537100.814019 ts_out=1777537100.814654 gw_proc_ms=0.635 traceId=exp-perf5000-000325-2fa8c631
zt-gateway  | [perf-request-in] ts_in=1777537100.814394 ts_out=1777537100.815044 gw_proc_ms=0.650 traceId=exp-perf5000-000327-b42e7b8b
zt-gateway  | [perf-request-in] ts_in=1777537100.814688 ts_out=1777537100.815345 gw_proc_ms=0.657 traceId=exp-perf5000-000326-a38e4039
zt-gateway  | [perf-request-in] ts_in=1777537100.815081 ts_out=1777537100.815725 gw_proc_ms=0.644 traceId=exp-perf5000-000328-0b829b38
zt-gateway  | [perf-request-in] ts_in=1777537100.815379 ts_out=1777537100.816018 gw_proc_ms=0.639 traceId=exp-perf5000-000329-ed345a42
zt-gateway  | [perf-request-in] ts_in=1777537100.815762 ts_out=1777537100.816426 gw_proc_ms=0.664 traceId=exp-perf5000-000330-f58688fc
zt-gateway  | [perf-request-in] ts_in=1777537100.816050 ts_out=1777537100.816688 gw_proc_ms=0.638 traceId=exp-perf5000-000336-96242303
zt-gateway  | [perf-request-in] ts_in=1777537100.816463 ts_out=1777537100.817074 gw_proc_ms=0.611 traceId=exp-perf5000-000331-79350998
zt-gateway  | [perf-request-in] ts_in=1777537100.816723 ts_out=1777537100.817360 gw_proc_ms=0.637 traceId=exp-perf5000-000337-52e9efbb
zt-gateway  | [perf-request-in] ts_in=1777537100.817107 ts_out=1777537100.817719 gw_proc_ms=0.612 traceId=exp-perf5000-000332-0b64c7de
zt-gateway  | [perf-request-in] ts_in=1777537100.817386 ts_out=1777537100.818008 gw_proc_ms=0.622 traceId=exp-perf5000-000338-d54a2c8f
zt-gateway  | [perf-request-in] ts_in=1777537100.817753 ts_out=1777537100.818409 gw_proc_ms=0.656 traceId=exp-perf5000-000333-39f6feb4
zt-gateway  | [perf-request-in] ts_in=1777537100.818038 ts_out=1777537100.818688 gw_proc_ms=0.650 traceId=exp-perf5000-000339-4a428616
zt-gateway  | [perf-request-in] ts_in=1777537100.818439 ts_out=1777537100.819138 gw_proc_ms=0.699 traceId=exp-perf5000-000334-52193fb3
zt-gateway  | [perf-request-in] ts_in=1777537100.818719 ts_out=1777537100.819394 gw_proc_ms=0.675 traceId=exp-perf5000-000340-26f46ede
zt-gateway  | [perf-request-in] ts_in=1777537100.819166 ts_out=1777537100.819926 gw_proc_ms=0.760 traceId=exp-perf5000-000335-1217f881
zt-gateway  | [perf-request-in] ts_in=1777537100.819422 ts_out=1777537100.820154 gw_proc_ms=0.732 traceId=exp-perf5000-000341-e67de333
zt-gateway  | [perf-request-in] ts_in=1777537100.819971 ts_out=1777537100.820670 gw_proc_ms=0.699 traceId=exp-perf5000-000342-cd7ddb0e
zt-gateway  | [perf-request-in] ts_in=1777537100.820186 ts_out=1777537100.820908 gw_proc_ms=0.722 traceId=exp-perf5000-000343-d187fdd3
zt-gateway  | [perf-request-in] ts_in=1777537100.820706 ts_out=1777537100.821410 gw_proc_ms=0.704 traceId=exp-perf5000-000344-314b78dd
zt-gateway  | [perf-request-in] ts_in=1777537100.820940 ts_out=1777537100.821613 gw_proc_ms=0.673 traceId=exp-perf5000-000345-31ee2508
zt-gateway  | [perf-request-in] ts_in=1777537100.821449 ts_out=1777537100.822143 gw_proc_ms=0.694 traceId=exp-perf5000-000347-db666769
zt-gateway  | [perf-request-in] ts_in=1777537100.821646 ts_out=1777537100.822356 gw_proc_ms=0.710 traceId=exp-perf5000-000346-6dc5d330
zt-gateway  | [perf-request-in] ts_in=1777537100.822181 ts_out=1777537100.822877 gw_proc_ms=0.696 traceId=exp-perf5000-000349-8c8ee703
zt-gateway  | [perf-request-in] ts_in=1777537100.822389 ts_out=1777537100.823097 gw_proc_ms=0.708 traceId=exp-perf5000-000348-f275b50e
zt-gateway  | [perf-request-in] ts_in=1777537100.822907 ts_out=1777537100.823564 gw_proc_ms=0.657 traceId=exp-perf5000-000351-75174302
zt-gateway  | [perf-request-in] ts_in=1777537100.823133 ts_out=1777537100.823810 gw_proc_ms=0.677 traceId=exp-perf5000-000350-898b5269
zt-gateway  | [perf-request-in] ts_in=1777537100.823600 ts_out=1777537100.824224 gw_proc_ms=0.624 traceId=exp-perf5000-000352-0ba9daac
zt-gateway  | [perf-request-in] ts_in=1777537100.823844 ts_out=1777537100.824536 gw_proc_ms=0.692 traceId=exp-perf5000-000353-304479cb
zt-gateway  | [perf-request-in] ts_in=1777537100.824261 ts_out=1777537100.824883 gw_proc_ms=0.622 traceId=exp-perf5000-000354-0c4fbd69
zt-gateway  | [perf-request-in] ts_in=1777537100.824587 ts_out=1777537100.825234 gw_proc_ms=0.647 traceId=exp-perf5000-000355-094a5a8c
zt-gateway  | [perf-request-in] ts_in=1777537100.824918 ts_out=1777537100.825536 gw_proc_ms=0.618 traceId=exp-perf5000-000357-37bb342a
zt-gateway  | [perf-request-in] ts_in=1777537100.825274 ts_out=1777537100.825952 gw_proc_ms=0.678 traceId=exp-perf5000-000356-dfe696cd
zt-gateway  | [perf-request-in] ts_in=1777537100.825575 ts_out=1777537100.826233 gw_proc_ms=0.658 traceId=exp-perf5000-000358-c263386c
zt-gateway  | [perf-request-in] ts_in=1777537100.825990 ts_out=1777537100.826683 gw_proc_ms=0.693 traceId=exp-perf5000-000359-39666d4a
zt-gateway  | [perf-request-in] ts_in=1777537100.826278 ts_out=1777537100.826974 gw_proc_ms=0.696 traceId=exp-perf5000-000361-15ed15f7
zt-gateway  | [perf-request-in] ts_in=1777537100.826723 ts_out=1777537100.827524 gw_proc_ms=0.801 traceId=exp-perf5000-000360-5c58f440
zt-gateway  | [perf-request-in] ts_in=1777537100.827012 ts_out=1777537100.827753 gw_proc_ms=0.741 traceId=exp-perf5000-000362-d7cb9b6d
zt-gateway  | [perf-request-in] ts_in=1777537100.827557 ts_out=1777537100.828271 gw_proc_ms=0.714 traceId=exp-perf5000-000363-1bcfd004
zt-gateway  | [perf-request-in] ts_in=1777537100.827797 ts_out=1777537100.828546 gw_proc_ms=0.749 traceId=exp-perf5000-000364-c21cc6af
zt-gateway  | [perf-request-in] ts_in=1777537100.828304 ts_out=1777537100.828928 gw_proc_ms=0.624 traceId=exp-perf5000-000365-d210cf69
zt-gateway  | [perf-request-in] ts_in=1777537100.828584 ts_out=1777537100.829242 gw_proc_ms=0.658 traceId=exp-perf5000-000366-7b5198af
zt-gateway  | [perf-request-in] ts_in=1777537100.828959 ts_out=1777537100.829556 gw_proc_ms=0.597 traceId=exp-perf5000-000367-aabb1979
zt-gateway  | [perf-request-in] ts_in=1777537100.829273 ts_out=1777537100.829907 gw_proc_ms=0.634 traceId=exp-perf5000-000369-72efef5c
zt-gateway  | [perf-request-in] ts_in=1777537100.829587 ts_out=1777537100.830220 gw_proc_ms=0.633 traceId=exp-perf5000-000368-6517944c
zt-gateway  | [perf-request-in] ts_in=1777537100.829942 ts_out=1777537100.830656 gw_proc_ms=0.714 traceId=exp-perf5000-000371-19387bb6
zt-gateway  | [perf-request-in] ts_in=1777537100.830252 ts_out=1777537100.830915 gw_proc_ms=0.663 traceId=exp-perf5000-000370-5c230ffa
zt-gateway  | [perf-request-in] ts_in=1777537100.830687 ts_out=1777537100.831428 gw_proc_ms=0.741 traceId=exp-perf5000-000373-84e77b5a
zt-gateway  | [perf-request-in] ts_in=1777537100.830940 ts_out=1777537100.831585 gw_proc_ms=0.645 traceId=exp-perf5000-000372-6dfa38ad
zt-gateway  | [perf-request-in] ts_in=1777537100.831468 ts_out=1777537100.832141 gw_proc_ms=0.673 traceId=exp-perf5000-000375-434745d2
zt-gateway  | [perf-request-in] ts_in=1777537100.831612 ts_out=1777537100.832238 gw_proc_ms=0.626 traceId=exp-perf5000-000374-3795384c
zt-gateway  | [perf-request-in] ts_in=1777537100.832180 ts_out=1777537100.832824 gw_proc_ms=0.644 traceId=exp-perf5000-000377-ce73b7a8
zt-gateway  | [perf-request-in] ts_in=1777537100.832263 ts_out=1777537100.832893 gw_proc_ms=0.630 traceId=exp-perf5000-000376-b6fa0720
zt-gateway  | [perf-request-in] ts_in=1777537100.832855 ts_out=1777537100.833507 gw_proc_ms=0.652 traceId=exp-perf5000-000379-e2643b49
zt-gateway  | [perf-request-in] ts_in=1777537100.832916 ts_out=1777537100.833529 gw_proc_ms=0.613 traceId=exp-perf5000-000378-b123c0ad
zt-gateway  | [perf-request-in] ts_in=1777537100.833550 ts_out=1777537100.834216 gw_proc_ms=0.666 traceId=exp-perf5000-000380-6aeff20c
zt-gateway  | [perf-request-in] ts_in=1777537100.833537 ts_out=1777537100.834492 gw_proc_ms=0.955 traceId=exp-perf5000-000381-e2cc8cbc
zt-gateway  | [perf-request-in] ts_in=1777537100.834252 ts_out=1777537100.834868 gw_proc_ms=0.616 traceId=exp-perf5000-000382-126c65b2
zt-gateway  | [perf-request-in] ts_in=1777537100.834524 ts_out=1777537100.835207 gw_proc_ms=0.683 traceId=exp-perf5000-000383-877990fe
zt-gateway  | [perf-request-in] ts_in=1777537100.834895 ts_out=1777537100.835675 gw_proc_ms=0.780 traceId=exp-perf5000-000384-dae63f5e
zt-gateway  | [perf-request-in] ts_in=1777537100.835246 ts_out=1777537100.836095 gw_proc_ms=0.849 traceId=exp-perf5000-000385-1dede34c
zt-gateway  | [perf-request-in] ts_in=1777537100.836141 ts_out=1777537100.837259 gw_proc_ms=1.118 traceId=exp-perf5000-000387-9fbfc8ac
zt-gateway  | [perf-request-in] ts_in=1777537100.835936 ts_out=1777537100.837435 gw_proc_ms=1.499 traceId=exp-perf5000-000386-ffccf318
zt-gateway  | [perf-request-in] ts_in=1777537100.837485 ts_out=1777537100.838208 gw_proc_ms=0.723 traceId=exp-perf5000-000389-c684b77b
zt-gateway  | [perf-request-in] ts_in=1777537100.837328 ts_out=1777537100.838335 gw_proc_ms=1.007 traceId=exp-perf5000-000388-415728d9
zt-gateway  | [perf-request-in] ts_in=1777537100.838244 ts_out=1777537100.838981 gw_proc_ms=0.737 traceId=exp-perf5000-000391-e136c73c
zt-gateway  | [perf-request-in] ts_in=1777537100.838377 ts_out=1777537100.839533 gw_proc_ms=1.156 traceId=exp-perf5000-000390-f5f9609a
zt-gateway  | [perf-request-in] ts_in=1777537100.839016 ts_out=1777537100.839627 gw_proc_ms=0.611 traceId=exp-perf5000-000392-b17f509c
zt-gateway  | [perf-request-in] ts_in=1777537100.839572 ts_out=1777537100.840218 gw_proc_ms=0.646 traceId=exp-perf5000-000393-5a281bcf
zt-gateway  | [perf-request-in] ts_in=1777537100.839658 ts_out=1777537100.840303 gw_proc_ms=0.645 traceId=exp-perf5000-000395-39f816ad
zt-gateway  | [perf-request-in] ts_in=1777537100.840256 ts_out=1777537100.840923 gw_proc_ms=0.667 traceId=exp-perf5000-000394-7b5c9383
zt-gateway  | [perf-request-in] ts_in=1777537100.840332 ts_out=1777537100.840999 gw_proc_ms=0.667 traceId=exp-perf5000-000396-5ebee6ee
zt-gateway  | [perf-request-in] ts_in=1777537100.840952 ts_out=1777537100.841575 gw_proc_ms=0.623 traceId=exp-perf5000-000397-87098b5a
zt-gateway  | [perf-request-in] ts_in=1777537100.841031 ts_out=1777537100.841639 gw_proc_ms=0.608 traceId=exp-perf5000-000399-a40e692d
zt-gateway  | [perf-request-in] ts_in=1777537100.841607 ts_out=1777537100.842238 gw_proc_ms=0.631 traceId=exp-perf5000-000398-a6b8e124
zt-gateway  | [perf-request-in] ts_in=1777537100.841668 ts_out=1777537100.842530 gw_proc_ms=0.862 traceId=exp-perf5000-000401-f18cd82c
zt-gateway  | [perf-request-in] ts_in=1777537100.842265 ts_out=1777537100.842894 gw_proc_ms=0.629 traceId=exp-perf5000-000400-60e93d74
zt-gateway  | [perf-request-in] ts_in=1777537100.842573 ts_out=1777537100.843246 gw_proc_ms=0.673 traceId=exp-perf5000-000403-412281fa
zt-gateway  | [perf-request-in] ts_in=1777537100.842921 ts_out=1777537100.843524 gw_proc_ms=0.603 traceId=exp-perf5000-000402-b727a3b7
zt-gateway  | [perf-request-in] ts_in=1777537100.843289 ts_out=1777537100.843935 gw_proc_ms=0.646 traceId=exp-perf5000-000405-4a126200
zt-gateway  | [perf-request-in] ts_in=1777537100.843553 ts_out=1777537100.844190 gw_proc_ms=0.637 traceId=exp-perf5000-000404-198948e7
zt-gateway  | [perf-request-in] ts_in=1777537100.843968 ts_out=1777537100.844600 gw_proc_ms=0.632 traceId=exp-perf5000-000407-77f9ebb2
zt-gateway  | [perf-request-in] ts_in=1777537100.844231 ts_out=1777537100.844872 gw_proc_ms=0.641 traceId=exp-perf5000-000406-8d3ffd2a
zt-gateway  | [perf-request-in] ts_in=1777537100.844640 ts_out=1777537100.845274 gw_proc_ms=0.634 traceId=exp-perf5000-000409-df44d787
zt-gateway  | [perf-request-in] ts_in=1777537100.844910 ts_out=1777537100.845543 gw_proc_ms=0.633 traceId=exp-perf5000-000408-66503739
zt-gateway  | [perf-request-in] ts_in=1777537100.845306 ts_out=1777537100.845955 gw_proc_ms=0.649 traceId=exp-perf5000-000410-560be42b
zt-gateway  | [perf-request-in] ts_in=1777537100.845576 ts_out=1777537100.846284 gw_proc_ms=0.708 traceId=exp-perf5000-000411-f0cf3004
zt-gateway  | [perf-request-in] ts_in=1777537100.845991 ts_out=1777537100.846852 gw_proc_ms=0.861 traceId=exp-perf5000-000412-2f634287
zt-gateway  | [perf-request-in] ts_in=1777537100.846327 ts_out=1777537100.846953 gw_proc_ms=0.626 traceId=exp-perf5000-000413-392c5651
zt-gateway  | [perf-request-in] ts_in=1777537100.846884 ts_out=1777537100.847481 gw_proc_ms=0.597 traceId=exp-perf5000-000414-5b1495d6
zt-gateway  | [perf-request-in] ts_in=1777537100.846982 ts_out=1777537100.847573 gw_proc_ms=0.591 traceId=exp-perf5000-000415-11eaf045
zt-gateway  | [perf-request-in] ts_in=1777537100.847514 ts_out=1777537100.848122 gw_proc_ms=0.608 traceId=exp-perf5000-000417-2cfb83de
zt-gateway  | [perf-request-in] ts_in=1777537100.847599 ts_out=1777537100.848186 gw_proc_ms=0.587 traceId=exp-perf5000-000416-251485e0
zt-gateway  | [perf-request-in] ts_in=1777537100.848148 ts_out=1777537100.848716 gw_proc_ms=0.568 traceId=exp-perf5000-000419-845b99ae
zt-gateway  | [perf-request-in] ts_in=1777537100.848212 ts_out=1777537100.848774 gw_proc_ms=0.562 traceId=exp-perf5000-000418-272fedd1
zt-gateway  | [perf-request-in] ts_in=1777537100.848742 ts_out=1777537100.849362 gw_proc_ms=0.620 traceId=exp-perf5000-000421-a9df04a1
zt-gateway  | [perf-request-in] ts_in=1777537100.848806 ts_out=1777537100.849401 gw_proc_ms=0.595 traceId=exp-perf5000-000420-b2d2ccb3
zt-gateway  | [perf-request-in] ts_in=1777537100.849387 ts_out=1777537100.850011 gw_proc_ms=0.624 traceId=exp-perf5000-000423-4ce3eb96
zt-gateway  | [perf-request-in] ts_in=1777537100.849431 ts_out=1777537100.850040 gw_proc_ms=0.609 traceId=exp-perf5000-000422-1a357ca2
zt-gateway  | [perf-request-in] ts_in=1777537100.850049 ts_out=1777537100.850710 gw_proc_ms=0.661 traceId=exp-perf5000-000425-1e952e7e
zt-gateway  | [perf-request-in] ts_in=1777537100.850065 ts_out=1777537100.850720 gw_proc_ms=0.655 traceId=exp-perf5000-000424-2739a87e
zt-gateway  | [perf-request-in] ts_in=1777537100.850753 ts_out=1777537100.851383 gw_proc_ms=0.630 traceId=exp-perf5000-000427-4d1edccc
zt-gateway  | [perf-request-in] ts_in=1777537100.850758 ts_out=1777537100.851383 gw_proc_ms=0.625 traceId=exp-perf5000-000426-87b6ff2e
zt-gateway  | [perf-request-in] ts_in=1777537100.851420 ts_out=1777537100.852024 gw_proc_ms=0.604 traceId=exp-perf5000-000428-23e8efda
zt-gateway  | [perf-request-in] ts_in=1777537100.851420 ts_out=1777537100.852043 gw_proc_ms=0.623 traceId=exp-perf5000-000429-2c7cabc5
zt-gateway  | [perf-request-in] ts_in=1777537100.852068 ts_out=1777537100.852666 gw_proc_ms=0.598 traceId=exp-perf5000-000431-81c9fecf
zt-gateway  | [perf-request-in] ts_in=1777537100.852060 ts_out=1777537100.852667 gw_proc_ms=0.607 traceId=exp-perf5000-000430-914c0b42
zt-gateway  | [perf-request-in] ts_in=1777537100.852706 ts_out=1777537100.853341 gw_proc_ms=0.635 traceId=exp-perf5000-000433-3081b305
zt-gateway  | [perf-request-in] ts_in=1777537100.852708 ts_out=1777537100.853353 gw_proc_ms=0.645 traceId=exp-perf5000-000432-d5f4542e
zt-gateway  | [perf-request-in] ts_in=1777537100.853379 ts_out=1777537100.854035 gw_proc_ms=0.656 traceId=exp-perf5000-000435-f0888de9
zt-gateway  | [perf-request-in] ts_in=1777537100.853389 ts_out=1777537100.854036 gw_proc_ms=0.647 traceId=exp-perf5000-000434-65081537
zt-gateway  | [perf-request-in] ts_in=1777537100.854068 ts_out=1777537100.854692 gw_proc_ms=0.624 traceId=exp-perf5000-000437-eb959fbc
zt-gateway  | [perf-request-in] ts_in=1777537100.854074 ts_out=1777537100.854703 gw_proc_ms=0.629 traceId=exp-perf5000-000436-c4bad550
zt-gateway  | [perf-request-in] ts_in=1777537100.854720 ts_out=1777537100.855350 gw_proc_ms=0.630 traceId=exp-perf5000-000438-7cab3d38
zt-gateway  | [perf-request-in] ts_in=1777537100.854730 ts_out=1777537100.855381 gw_proc_ms=0.651 traceId=exp-perf5000-000439-df9c6269
zt-gateway  | [perf-request-in] ts_in=1777537100.855385 ts_out=1777537100.856015 gw_proc_ms=0.630 traceId=exp-perf5000-000441-b4f0d3cf
zt-gateway  | [perf-request-in] ts_in=1777537100.855406 ts_out=1777537100.856048 gw_proc_ms=0.642 traceId=exp-perf5000-000440-b6b77568
zt-gateway  | [perf-request-in] ts_in=1777537100.856052 ts_out=1777537100.856663 gw_proc_ms=0.611 traceId=exp-perf5000-000443-f68d9c30
zt-gateway  | [perf-request-in] ts_in=1777537100.856075 ts_out=1777537100.856684 gw_proc_ms=0.609 traceId=exp-perf5000-000442-6818eac5
zt-gateway  | [perf-request-in] ts_in=1777537100.856711 ts_out=1777537100.857381 gw_proc_ms=0.670 traceId=exp-perf5000-000444-a28f4e12
zt-gateway  | [perf-request-in] ts_in=1777537100.856695 ts_out=1777537100.857396 gw_proc_ms=0.701 traceId=exp-perf5000-000445-d62f6bba
zt-gateway  | [perf-request-in] ts_in=1777537100.857427 ts_out=1777537100.858034 gw_proc_ms=0.607 traceId=exp-perf5000-000447-b929503c
zt-gateway  | [perf-request-in] ts_in=1777537100.857414 ts_out=1777537100.858034 gw_proc_ms=0.620 traceId=exp-perf5000-000446-0f3c1a25
zt-gateway  | [perf-request-in] ts_in=1777537100.858063 ts_out=1777537100.858664 gw_proc_ms=0.601 traceId=exp-perf5000-000449-7e3f3b62
zt-gateway  | [perf-request-in] ts_in=1777537100.858061 ts_out=1777537100.858671 gw_proc_ms=0.610 traceId=exp-perf5000-000448-1ce80f25
zt-gateway  | [perf-request-in] ts_in=1777537100.858692 ts_out=1777537100.859315 gw_proc_ms=0.623 traceId=exp-perf5000-000450-a6bb9bec
zt-gateway  | [perf-request-in] ts_in=1777537100.858693 ts_out=1777537100.859334 gw_proc_ms=0.641 traceId=exp-perf5000-000451-0106fee3
zt-gateway  | [perf-request-in] ts_in=1777537100.859349 ts_out=1777537100.859957 gw_proc_ms=0.608 traceId=exp-perf5000-000452-882fd046
zt-gateway  | [perf-request-in] ts_in=1777537100.859362 ts_out=1777537100.860003 gw_proc_ms=0.641 traceId=exp-perf5000-000453-abe2528c
zt-gateway  | [perf-request-in] ts_in=1777537100.859989 ts_out=1777537100.860622 gw_proc_ms=0.633 traceId=exp-perf5000-000454-f82f7cb0
zt-gateway  | [perf-request-in] ts_in=1777537100.860035 ts_out=1777537100.860645 gw_proc_ms=0.610 traceId=exp-perf5000-000455-77d136de
zt-gateway  | [perf-request-in] ts_in=1777537100.860653 ts_out=1777537100.861269 gw_proc_ms=0.616 traceId=exp-perf5000-000456-239874db
zt-gateway  | [perf-request-in] ts_in=1777537100.860671 ts_out=1777537100.861333 gw_proc_ms=0.662 traceId=exp-perf5000-000457-728933f9
zt-gateway  | [perf-request-in] ts_in=1777537100.861298 ts_out=1777537100.861926 gw_proc_ms=0.628 traceId=exp-perf5000-000458-95717750
zt-gateway  | [perf-request-in] ts_in=1777537100.861392 ts_out=1777537100.862033 gw_proc_ms=0.641 traceId=exp-perf5000-000459-190aad8c
zt-gateway  | [perf-request-in] ts_in=1777537100.861957 ts_out=1777537100.862577 gw_proc_ms=0.620 traceId=exp-perf5000-000465-4062636e
zt-gateway  | [perf-request-in] ts_in=1777537100.862062 ts_out=1777537100.862693 gw_proc_ms=0.631 traceId=exp-perf5000-000460-3cf935cf
zt-gateway  | [perf-request-in] ts_in=1777537100.862609 ts_out=1777537100.863220 gw_proc_ms=0.611 traceId=exp-perf5000-000466-ae4235fe
zt-gateway  | [perf-request-in] ts_in=1777537100.862728 ts_out=1777537100.863379 gw_proc_ms=0.651 traceId=exp-perf5000-000461-ce739b86
zt-gateway  | [perf-request-in] ts_in=1777537100.863247 ts_out=1777537100.863869 gw_proc_ms=0.622 traceId=exp-perf5000-000467-fec706c7
zt-gateway  | [perf-request-in] ts_in=1777537100.863411 ts_out=1777537100.864046 gw_proc_ms=0.635 traceId=exp-perf5000-000462-5c0cc0f3
zt-gateway  | [perf-request-in] ts_in=1777537100.863901 ts_out=1777537100.864508 gw_proc_ms=0.607 traceId=exp-perf5000-000468-ee2f15df
zt-gateway  | [perf-request-in] ts_in=1777537100.864083 ts_out=1777537100.864684 gw_proc_ms=0.601 traceId=exp-perf5000-000463-0ab5623a
zt-gateway  | [perf-request-in] ts_in=1777537100.864541 ts_out=1777537100.865175 gw_proc_ms=0.634 traceId=exp-perf5000-000469-3f2f8903
zt-gateway  | [perf-request-in] ts_in=1777537100.864716 ts_out=1777537100.865365 gw_proc_ms=0.649 traceId=exp-perf5000-000464-4e6cf0f4
zt-gateway  | [perf-request-in] ts_in=1777537100.865200 ts_out=1777537100.865870 gw_proc_ms=0.670 traceId=exp-perf5000-000470-3ce246b0
zt-gateway  | [perf-request-in] ts_in=1777537100.865396 ts_out=1777537100.866070 gw_proc_ms=0.674 traceId=exp-perf5000-000471-b22273f3
zt-gateway  | [perf-request-in] ts_in=1777537100.865891 ts_out=1777537100.866489 gw_proc_ms=0.598 traceId=exp-perf5000-000472-62823e4b
zt-gateway  | [perf-request-in] ts_in=1777537100.866093 ts_out=1777537100.866690 gw_proc_ms=0.597 traceId=exp-perf5000-000473-9414aa0c
zt-gateway  | [perf-request-in] ts_in=1777537100.866509 ts_out=1777537100.867252 gw_proc_ms=0.743 traceId=exp-perf5000-000474-d9bd9de3
zt-gateway  | [perf-request-in] ts_in=1777537100.866710 ts_out=1777537100.867884 gw_proc_ms=1.174 traceId=exp-perf5000-000475-18744d7d
zt-gateway  | [perf-request-in] ts_in=1777537100.867288 ts_out=1777537100.867902 gw_proc_ms=0.614 traceId=exp-perf5000-000479-d1c6293d
zt-gateway  | [perf-request-in] ts_in=1777537100.867928 ts_out=1777537100.868538 gw_proc_ms=0.610 traceId=exp-perf5000-000481-4473ff1f
zt-gateway  | [perf-request-in] ts_in=1777537100.867940 ts_out=1777537100.868590 gw_proc_ms=0.650 traceId=exp-perf5000-000476-f0657533
zt-gateway  | [perf-request-in] ts_in=1777537100.868574 ts_out=1777537100.869206 gw_proc_ms=0.632 traceId=exp-perf5000-000480-5627d038
zt-gateway  | [perf-request-in] ts_in=1777537100.868624 ts_out=1777537100.869294 gw_proc_ms=0.670 traceId=exp-perf5000-000477-a4a03f11
zt-gateway  | [perf-request-in] ts_in=1777537100.869242 ts_out=1777537100.869845 gw_proc_ms=0.603 traceId=exp-perf5000-000483-85c352b3
zt-gateway  | [perf-request-in] ts_in=1777537100.869336 ts_out=1777537100.869977 gw_proc_ms=0.641 traceId=exp-perf5000-000478-538a4c3c
zt-gateway  | [perf-request-in] ts_in=1777537100.869878 ts_out=1777537100.870473 gw_proc_ms=0.595 traceId=exp-perf5000-000485-65fe08b6
zt-gateway  | [perf-request-in] ts_in=1777537100.870017 ts_out=1777537100.870648 gw_proc_ms=0.631 traceId=exp-perf5000-000482-a728a933
zt-gateway  | [perf-request-in] ts_in=1777537100.870511 ts_out=1777537100.871121 gw_proc_ms=0.610 traceId=exp-perf5000-000486-3894886c
zt-gateway  | [perf-request-in] ts_in=1777537100.870694 ts_out=1777537100.871355 gw_proc_ms=0.661 traceId=exp-perf5000-000484-21f43764
zt-gateway  | [perf-request-in] ts_in=1777537100.871158 ts_out=1777537100.871773 gw_proc_ms=0.615 traceId=exp-perf5000-000490-a0f0ed93
zt-gateway  | [perf-request-in] ts_in=1777537100.871398 ts_out=1777537100.872002 gw_proc_ms=0.604 traceId=exp-perf5000-000487-2fcb6088
zt-gateway  | [perf-request-in] ts_in=1777537100.871814 ts_out=1777537100.872409 gw_proc_ms=0.595 traceId=exp-perf5000-000491-d96aeec2
zt-gateway  | [perf-request-in] ts_in=1777537100.872045 ts_out=1777537100.872669 gw_proc_ms=0.624 traceId=exp-perf5000-000488-1f7eb06f
zt-gateway  | [perf-request-in] ts_in=1777537100.872447 ts_out=1777537100.873050 gw_proc_ms=0.603 traceId=exp-perf5000-000493-551a7a8e
zt-gateway  | [perf-request-in] ts_in=1777537100.872710 ts_out=1777537100.873331 gw_proc_ms=0.621 traceId=exp-perf5000-000489-5d93b176
zt-gateway  | [perf-request-in] ts_in=1777537100.873081 ts_out=1777537100.873664 gw_proc_ms=0.583 traceId=exp-perf5000-000495-26c7e1aa
zt-gateway  | [perf-request-in] ts_in=1777537100.873374 ts_out=1777537100.874045 gw_proc_ms=0.671 traceId=exp-perf5000-000492-82b41b18
zt-gateway  | [perf-request-in] ts_in=1777537100.873704 ts_out=1777537100.874373 gw_proc_ms=0.669 traceId=exp-perf5000-000498-1d7c14e3
zt-gateway  | [perf-request-in] ts_in=1777537100.874089 ts_out=1777537100.874734 gw_proc_ms=0.645 traceId=exp-perf5000-000494-cd237cc5
zt-gateway  | [perf-request-in] ts_in=1777537100.874411 ts_out=1777537100.875033 gw_proc_ms=0.622 traceId=exp-perf5000-000499-ebdff926
zt-gateway  | [perf-request-in] ts_in=1777537100.874775 ts_out=1777537100.875418 gw_proc_ms=0.643 traceId=exp-perf5000-000496-4c64a706
zt-gateway  | [perf-request-in] ts_in=1777537100.875064 ts_out=1777537100.875704 gw_proc_ms=0.640 traceId=exp-perf5000-000501-fa35074e
zt-gateway  | [perf-request-in] ts_in=1777537100.875458 ts_out=1777537100.876124 gw_proc_ms=0.666 traceId=exp-perf5000-000497-c9cfde5d
zt-gateway  | [perf-request-in] ts_in=1777537100.875740 ts_out=1777537100.876402 gw_proc_ms=0.662 traceId=exp-perf5000-000503-0d7bea85
zt-gateway  | [perf-request-in] ts_in=1777537100.876167 ts_out=1777537100.876873 gw_proc_ms=0.706 traceId=exp-perf5000-000500-eedf2bc4
zt-gateway  | [perf-request-in] ts_in=1777537100.876439 ts_out=1777537100.877109 gw_proc_ms=0.670 traceId=exp-perf5000-000505-dcc91a19
zt-gateway  | [perf-request-in] ts_in=1777537100.876907 ts_out=1777537100.877618 gw_proc_ms=0.711 traceId=exp-perf5000-000502-0f0158c6
zt-gateway  | [perf-request-in] ts_in=1777537100.877147 ts_out=1777537100.877821 gw_proc_ms=0.674 traceId=exp-perf5000-000507-57165065
zt-gateway  | [perf-request-in] ts_in=1777537100.877656 ts_out=1777537100.878346 gw_proc_ms=0.690 traceId=exp-perf5000-000504-6d068c0b
zt-gateway  | [perf-request-in] ts_in=1777537100.877859 ts_out=1777537100.878510 gw_proc_ms=0.651 traceId=exp-perf5000-000509-58c8e7f8
zt-gateway  | [perf-request-in] ts_in=1777537100.878383 ts_out=1777537100.879067 gw_proc_ms=0.684 traceId=exp-perf5000-000506-9ee8a292
zt-gateway  | [perf-request-in] ts_in=1777537100.878545 ts_out=1777537100.879192 gw_proc_ms=0.647 traceId=exp-perf5000-000511-cfd5b6c8
zt-gateway  | [perf-request-in] ts_in=1777537100.879106 ts_out=1777537100.879766 gw_proc_ms=0.660 traceId=exp-perf5000-000508-ec624da4
zt-gateway  | [perf-request-in] ts_in=1777537100.879228 ts_out=1777537100.879877 gw_proc_ms=0.649 traceId=exp-perf5000-000513-af73796b
zt-gateway  | [perf-request-in] ts_in=1777537100.879808 ts_out=1777537100.880435 gw_proc_ms=0.627 traceId=exp-perf5000-000510-f4d2dc00
zt-gateway  | [perf-request-in] ts_in=1777537100.879910 ts_out=1777537100.880523 gw_proc_ms=0.613 traceId=exp-perf5000-000514-df54a179
zt-gateway  | [perf-request-in] ts_in=1777537100.880477 ts_out=1777537100.881119 gw_proc_ms=0.642 traceId=exp-perf5000-000512-685cbe70
zt-gateway  | [perf-request-in] ts_in=1777537100.880551 ts_out=1777537100.881147 gw_proc_ms=0.596 traceId=exp-perf5000-000517-befbe7ef
zt-gateway  | [perf-request-in] ts_in=1777537100.881158 ts_out=1777537100.881845 gw_proc_ms=0.687 traceId=exp-perf5000-000515-09298cf2
zt-gateway  | [perf-request-in] ts_in=1777537100.881169 ts_out=1777537100.882274 gw_proc_ms=1.105 traceId=exp-perf5000-000518-d70531f0
zt-gateway  | [perf-request-in] ts_in=1777537100.881895 ts_out=1777537100.882626 gw_proc_ms=0.731 traceId=exp-perf5000-000516-51cdb4e1
zt-gateway  | [perf-request-in] ts_in=1777537100.882319 ts_out=1777537100.883006 gw_proc_ms=0.687 traceId=exp-perf5000-000519-013fa3c7
zt-gateway  | [perf-request-in] ts_in=1777537100.882668 ts_out=1777537100.883366 gw_proc_ms=0.698 traceId=exp-perf5000-000520-29d1bfd4
zt-gateway  | [perf-request-in] ts_in=1777537100.883053 ts_out=1777537100.883719 gw_proc_ms=0.666 traceId=exp-perf5000-000522-efa48e83
zt-gateway  | [perf-request-in] ts_in=1777537100.883404 ts_out=1777537100.884054 gw_proc_ms=0.650 traceId=exp-perf5000-000521-ba98d6ff
zt-gateway  | [perf-request-in] ts_in=1777537100.883760 ts_out=1777537100.884401 gw_proc_ms=0.641 traceId=exp-perf5000-000524-228b0b5e
zt-gateway  | [perf-request-in] ts_in=1777537100.884094 ts_out=1777537100.884729 gw_proc_ms=0.635 traceId=exp-perf5000-000523-b2e852ed
zt-gateway  | [perf-request-in] ts_in=1777537100.884528 ts_out=1777537100.885165 gw_proc_ms=0.637 traceId=exp-perf5000-000527-8a0c145e
zt-gateway  | [perf-request-in] ts_in=1777537100.884764 ts_out=1777537100.885411 gw_proc_ms=0.647 traceId=exp-perf5000-000525-ffa474b9
zt-gateway  | [perf-request-in] ts_in=1777537100.885204 ts_out=1777537100.885859 gw_proc_ms=0.655 traceId=exp-perf5000-000529-ecc76b54
zt-gateway  | [perf-request-in] ts_in=1777537100.885441 ts_out=1777537100.886116 gw_proc_ms=0.675 traceId=exp-perf5000-000526-e50228c8
zt-gateway  | [perf-request-in] ts_in=1777537100.885902 ts_out=1777537100.886548 gw_proc_ms=0.646 traceId=exp-perf5000-000530-51f328d9
zt-gateway  | [perf-request-in] ts_in=1777537100.886148 ts_out=1777537100.886750 gw_proc_ms=0.602 traceId=exp-perf5000-000528-e05acc9d
zt-gateway  | [perf-request-in] ts_in=1777537100.886581 ts_out=1777537100.887222 gw_proc_ms=0.641 traceId=exp-perf5000-000533-45d306e8
zt-gateway  | [perf-request-in] ts_in=1777537100.886790 ts_out=1777537100.887438 gw_proc_ms=0.648 traceId=exp-perf5000-000531-381acb67
zt-gateway  | [perf-request-in] ts_in=1777537100.887260 ts_out=1777537100.887877 gw_proc_ms=0.617 traceId=exp-perf5000-000535-3781abf1
zt-gateway  | [perf-request-in] ts_in=1777537100.887474 ts_out=1777537100.888092 gw_proc_ms=0.618 traceId=exp-perf5000-000532-7d055bd3
zt-gateway  | [perf-request-in] ts_in=1777537100.887991 ts_out=1777537100.888710 gw_proc_ms=0.719 traceId=exp-perf5000-000536-49e429a6
zt-gateway  | [perf-request-in] ts_in=1777537100.888127 ts_out=1777537100.888747 gw_proc_ms=0.620 traceId=exp-perf5000-000534-b72572fc
zt-gateway  | [perf-request-in] ts_in=1777537100.888773 ts_out=1777537100.889412 gw_proc_ms=0.639 traceId=exp-perf5000-000537-84e9bc6b
zt-gateway  | [perf-request-in] ts_in=1777537100.888812 ts_out=1777537100.889486 gw_proc_ms=0.674 traceId=exp-perf5000-000539-b83142b5
zt-gateway  | [perf-request-in] ts_in=1777537100.889447 ts_out=1777537100.890070 gw_proc_ms=0.623 traceId=exp-perf5000-000538-75b6faf0
zt-gateway  | [perf-request-in] ts_in=1777537100.889527 ts_out=1777537100.890196 gw_proc_ms=0.669 traceId=exp-perf5000-000541-18e0a114
zt-gateway  | [perf-request-in] ts_in=1777537100.890101 ts_out=1777537100.890715 gw_proc_ms=0.614 traceId=exp-perf5000-000540-1ac15ab7
zt-gateway  | [perf-request-in] ts_in=1777537100.890241 ts_out=1777537100.890920 gw_proc_ms=0.679 traceId=exp-perf5000-000542-3eb238a0
zt-gateway  | [perf-request-in] ts_in=1777537100.890748 ts_out=1777537100.891389 gw_proc_ms=0.641 traceId=exp-perf5000-000543-3165753f
zt-gateway  | [perf-request-in] ts_in=1777537100.890965 ts_out=1777537100.891628 gw_proc_ms=0.663 traceId=exp-perf5000-000545-73363614
zt-gateway  | [perf-request-in] ts_in=1777537100.891424 ts_out=1777537100.892051 gw_proc_ms=0.627 traceId=exp-perf5000-000544-a17bec16
zt-gateway  | [perf-request-in] ts_in=1777537100.891670 ts_out=1777537100.892332 gw_proc_ms=0.662 traceId=exp-perf5000-000547-bae44c98
zt-gateway  | [perf-request-in] ts_in=1777537100.892087 ts_out=1777537100.892697 gw_proc_ms=0.610 traceId=exp-perf5000-000546-4509ceb1
zt-gateway  | [perf-request-in] ts_in=1777537100.892370 ts_out=1777537100.893051 gw_proc_ms=0.681 traceId=exp-perf5000-000548-6faadbb2
zt-gateway  | [perf-request-in] ts_in=1777537100.892734 ts_out=1777537100.893370 gw_proc_ms=0.636 traceId=exp-perf5000-000549-7130e48f
zt-gateway  | [perf-request-in] ts_in=1777537100.893093 ts_out=1777537100.893758 gw_proc_ms=0.665 traceId=exp-perf5000-000550-6fa2319c
zt-gateway  | [perf-request-in] ts_in=1777537100.893408 ts_out=1777537100.894076 gw_proc_ms=0.668 traceId=exp-perf5000-000553-8d9e70be
zt-gateway  | [perf-request-in] ts_in=1777537100.893808 ts_out=1777537100.894571 gw_proc_ms=0.763 traceId=exp-perf5000-000551-1ecd8b79
zt-gateway  | [perf-request-in] ts_in=1777537100.894112 ts_out=1777537100.894791 gw_proc_ms=0.679 traceId=exp-perf5000-000554-b4dd512d
zt-gateway  | [perf-request-in] ts_in=1777537100.894612 ts_out=1777537100.895277 gw_proc_ms=0.665 traceId=exp-perf5000-000552-06dc0b2f
zt-gateway  | [perf-request-in] ts_in=1777537100.894821 ts_out=1777537100.895465 gw_proc_ms=0.644 traceId=exp-perf5000-000555-47840653
zt-gateway  | [perf-request-in] ts_in=1777537100.895318 ts_out=1777537100.895973 gw_proc_ms=0.655 traceId=exp-perf5000-000557-b600960b
zt-gateway  | [perf-request-in] ts_in=1777537100.895501 ts_out=1777537100.896138 gw_proc_ms=0.637 traceId=exp-perf5000-000556-e74399ae
zt-gateway  | [perf-request-in] ts_in=1777537100.896004 ts_out=1777537100.896625 gw_proc_ms=0.621 traceId=exp-perf5000-000558-0748c2b8
zt-gateway  | [perf-request-in] ts_in=1777537100.896210 ts_out=1777537100.896846 gw_proc_ms=0.636 traceId=exp-perf5000-000559-aadc0c4c
zt-gateway  | [perf-request-in] ts_in=1777537100.896657 ts_out=1777537100.897308 gw_proc_ms=0.651 traceId=exp-perf5000-000560-97200930
zt-gateway  | [perf-request-in] ts_in=1777537100.896873 ts_out=1777537100.897488 gw_proc_ms=0.615 traceId=exp-perf5000-000561-41fa5bdc
zt-gateway  | [perf-request-in] ts_in=1777537100.897344 ts_out=1777537100.897980 gw_proc_ms=0.636 traceId=exp-perf5000-000562-17bc696e
zt-gateway  | [perf-request-in] ts_in=1777537100.897525 ts_out=1777537100.898134 gw_proc_ms=0.609 traceId=exp-perf5000-000563-00b3e41f
zt-gateway  | [perf-request-in] ts_in=1777537100.898015 ts_out=1777537100.898609 gw_proc_ms=0.594 traceId=exp-perf5000-000564-e23e05d6
zt-gateway  | [perf-request-in] ts_in=1777537100.898169 ts_out=1777537100.898739 gw_proc_ms=0.570 traceId=exp-perf5000-000565-75b66b48
zt-gateway  | [perf-request-in] ts_in=1777537100.898644 ts_out=1777537100.899273 gw_proc_ms=0.629 traceId=exp-perf5000-000566-e6d26fbb
zt-gateway  | [perf-request-in] ts_in=1777537100.898771 ts_out=1777537100.899354 gw_proc_ms=0.583 traceId=exp-perf5000-000567-82b9c582
zt-gateway  | [perf-request-in] ts_in=1777537100.899307 ts_out=1777537100.899972 gw_proc_ms=0.665 traceId=exp-perf5000-000568-8ffb4a5a
zt-gateway  | [perf-request-in] ts_in=1777537100.899382 ts_out=1777537100.899999 gw_proc_ms=0.617 traceId=exp-perf5000-000569-764169c2
zt-gateway  | [perf-request-in] ts_in=1777537100.900023 ts_out=1777537100.900612 gw_proc_ms=0.589 traceId=exp-perf5000-000571-c6cdf0a1
zt-gateway  | [perf-request-in] ts_in=1777537100.900009 ts_out=1777537100.900612 gw_proc_ms=0.603 traceId=exp-perf5000-000570-334aedf6
zt-gateway  | [perf-request-in] ts_in=1777537100.900643 ts_out=1777537100.901255 gw_proc_ms=0.612 traceId=exp-perf5000-000572-828921f5
zt-gateway  | [perf-request-in] ts_in=1777537100.900640 ts_out=1777537100.901262 gw_proc_ms=0.622 traceId=exp-perf5000-000573-62d682ac
zt-gateway  | [perf-request-in] ts_in=1777537100.901290 ts_out=1777537100.901933 gw_proc_ms=0.643 traceId=exp-perf5000-000576-f2972860
zt-gateway  | [perf-request-in] ts_in=1777537100.901292 ts_out=1777537100.901966 gw_proc_ms=0.674 traceId=exp-perf5000-000574-dbb72703
zt-gateway  | [perf-request-in] ts_in=1777537100.901970 ts_out=1777537100.902630 gw_proc_ms=0.660 traceId=exp-perf5000-000578-a3ef3f41
zt-gateway  | [perf-request-in] ts_in=1777537100.901995 ts_out=1777537100.902692 gw_proc_ms=0.697 traceId=exp-perf5000-000575-a13396e6
zt-gateway  | [perf-request-in] ts_in=1777537100.902662 ts_out=1777537100.903305 gw_proc_ms=0.643 traceId=exp-perf5000-000580-eb3bfcf5
zt-gateway  | [perf-request-in] ts_in=1777537100.902720 ts_out=1777537100.903409 gw_proc_ms=0.689 traceId=exp-perf5000-000577-b016491c
zt-gateway  | [perf-request-in] ts_in=1777537100.903340 ts_out=1777537100.903974 gw_proc_ms=0.634 traceId=exp-perf5000-000582-10b521e2
zt-gateway  | [perf-request-in] ts_in=1777537100.903439 ts_out=1777537100.904116 gw_proc_ms=0.677 traceId=exp-perf5000-000579-946c5f38
zt-gateway  | [perf-request-in] ts_in=1777537100.904008 ts_out=1777537100.904610 gw_proc_ms=0.602 traceId=exp-perf5000-000584-0434c681
zt-gateway  | [perf-request-in] ts_in=1777537100.904152 ts_out=1777537100.904800 gw_proc_ms=0.648 traceId=exp-perf5000-000581-800b803f
zt-gateway  | [perf-request-in] ts_in=1777537100.904642 ts_out=1777537100.905260 gw_proc_ms=0.618 traceId=exp-perf5000-000586-92c4be25
zt-gateway  | [perf-request-in] ts_in=1777537100.904830 ts_out=1777537100.905486 gw_proc_ms=0.656 traceId=exp-perf5000-000583-97a437f2
zt-gateway  | [perf-request-in] ts_in=1777537100.905290 ts_out=1777537100.905948 gw_proc_ms=0.658 traceId=exp-perf5000-000588-15e5176f
zt-gateway  | [perf-request-in] ts_in=1777537100.905524 ts_out=1777537100.906196 gw_proc_ms=0.672 traceId=exp-perf5000-000585-89760384
zt-gateway  | [perf-request-in] ts_in=1777537100.905979 ts_out=1777537100.906764 gw_proc_ms=0.785 traceId=exp-perf5000-000590-7d65983c
zt-gateway  | [perf-request-in] ts_in=1777537100.906225 ts_out=1777537100.906838 gw_proc_ms=0.613 traceId=exp-perf5000-000587-4c0de26f
zt-gateway  | [perf-request-in] ts_in=1777537100.906820 ts_out=1777537100.907477 gw_proc_ms=0.657 traceId=exp-perf5000-000591-461b7f65
zt-gateway  | [perf-request-in] ts_in=1777537100.906872 ts_out=1777537100.907490 gw_proc_ms=0.618 traceId=exp-perf5000-000589-2414b3ab
zt-gateway  | [perf-request-in] ts_in=1777537100.907517 ts_out=1777537100.908232 gw_proc_ms=0.715 traceId=exp-perf5000-000594-b68b6eb4
zt-gateway  | [perf-request-in] ts_in=1777537100.907520 ts_out=1777537100.908233 gw_proc_ms=0.713 traceId=exp-perf5000-000592-0fca8d0d
zt-gateway  | [perf-request-in] ts_in=1777537100.908277 ts_out=1777537100.908982 gw_proc_ms=0.705 traceId=exp-perf5000-000596-660c8540
zt-gateway  | [perf-request-in] ts_in=1777537100.908274 ts_out=1777537100.908989 gw_proc_ms=0.715 traceId=exp-perf5000-000593-fea30711
zt-gateway  | [perf-request-in] ts_in=1777537100.909019 ts_out=1777537100.909652 gw_proc_ms=0.633 traceId=exp-perf5000-000595-58db29c5
zt-gateway  | [perf-request-in] ts_in=1777537100.909022 ts_out=1777537100.909719 gw_proc_ms=0.697 traceId=exp-perf5000-000598-3a76e912
zt-gateway  | [perf-request-in] ts_in=1777537100.909692 ts_out=1777537100.910350 gw_proc_ms=0.658 traceId=exp-perf5000-000597-174f5363
zt-gateway  | [perf-request-in] ts_in=1777537100.909794 ts_out=1777537100.910459 gw_proc_ms=0.665 traceId=exp-perf5000-000600-13f42441
zt-gateway  | [perf-request-in] ts_in=1777537100.910384 ts_out=1777537100.911192 gw_proc_ms=0.808 traceId=exp-perf5000-000599-aa82deec
zt-gateway  | [perf-request-in] ts_in=1777537100.910490 ts_out=1777537100.911590 gw_proc_ms=1.100 traceId=exp-perf5000-000602-d66e8485
zt-gateway  | [perf-request-in] ts_in=1777537100.911227 ts_out=1777537100.911896 gw_proc_ms=0.669 traceId=exp-perf5000-000601-ad274486
zt-gateway  | [perf-request-in] ts_in=1777537100.911669 ts_out=1777537100.912345 gw_proc_ms=0.676 traceId=exp-perf5000-000604-0bab5eed
zt-gateway  | [perf-request-in] ts_in=1777537100.911944 ts_out=1777537100.912681 gw_proc_ms=0.737 traceId=exp-perf5000-000603-f879808a
zt-gateway  | [perf-request-in] ts_in=1777537100.912386 ts_out=1777537100.913061 gw_proc_ms=0.675 traceId=exp-perf5000-000606-4e25cb5d
zt-gateway  | [perf-request-in] ts_in=1777537100.912719 ts_out=1777537100.913387 gw_proc_ms=0.668 traceId=exp-perf5000-000605-939565c0
zt-gateway  | [perf-request-in] ts_in=1777537100.913430 ts_out=1777537100.914126 gw_proc_ms=0.696 traceId=exp-perf5000-000607-e7183dd4
zt-gateway  | [perf-request-in] ts_in=1777537100.913244 ts_out=1777537100.914256 gw_proc_ms=1.012 traceId=exp-perf5000-000608-0011ffc8
zt-gateway  | [perf-request-in] ts_in=1777537100.914171 ts_out=1777537100.914800 gw_proc_ms=0.629 traceId=exp-perf5000-000609-1e842708
zt-gateway  | [perf-request-in] ts_in=1777537100.914297 ts_out=1777537100.914906 gw_proc_ms=0.609 traceId=exp-perf5000-000610-58a93723
zt-gateway  | [perf-request-in] ts_in=1777537100.914838 ts_out=1777537100.915466 gw_proc_ms=0.628 traceId=exp-perf5000-000611-c944d09f
zt-gateway  | [perf-request-in] ts_in=1777537100.914940 ts_out=1777537100.915528 gw_proc_ms=0.588 traceId=exp-perf5000-000613-f0c7f22c
zt-gateway  | [perf-request-in] ts_in=1777537100.915501 ts_out=1777537100.916200 gw_proc_ms=0.699 traceId=exp-perf5000-000612-27bebc5a
zt-gateway  | [perf-request-in] ts_in=1777537100.915566 ts_out=1777537100.916246 gw_proc_ms=0.680 traceId=exp-perf5000-000615-6be1faef
zt-gateway  | [perf-request-in] ts_in=1777537100.916234 ts_out=1777537100.916877 gw_proc_ms=0.643 traceId=exp-perf5000-000614-672da099
zt-gateway  | [perf-request-in] ts_in=1777537100.916270 ts_out=1777537100.916892 gw_proc_ms=0.622 traceId=exp-perf5000-000616-7fa4fe87
zt-gateway  | [perf-request-in] ts_in=1777537100.916911 ts_out=1777537100.917498 gw_proc_ms=0.587 traceId=exp-perf5000-000617-701d8b24
zt-gateway  | [perf-request-in] ts_in=1777537100.916923 ts_out=1777537100.917522 gw_proc_ms=0.599 traceId=exp-perf5000-000618-c9ab9ca3
zt-gateway  | [perf-request-in] ts_in=1777537100.917531 ts_out=1777537100.918124 gw_proc_ms=0.593 traceId=exp-perf5000-000619-bd51d203
zt-gateway  | [perf-request-in] ts_in=1777537100.917549 ts_out=1777537100.918138 gw_proc_ms=0.589 traceId=exp-perf5000-000620-c88d7629
zt-gateway  | [perf-request-in] ts_in=1777537100.918168 ts_out=1777537100.918732 gw_proc_ms=0.564 traceId=exp-perf5000-000622-2556a877
zt-gateway  | [perf-request-in] ts_in=1777537100.918157 ts_out=1777537100.918733 gw_proc_ms=0.576 traceId=exp-perf5000-000621-822c9782
zt-gateway  | [perf-request-in] ts_in=1777537100.918766 ts_out=1777537100.919453 gw_proc_ms=0.687 traceId=exp-perf5000-000624-0ad330b3
zt-gateway  | [perf-request-in] ts_in=1777537100.918767 ts_out=1777537100.919456 gw_proc_ms=0.689 traceId=exp-perf5000-000623-72aa804c
zt-gateway  | [perf-request-in] ts_in=1777537100.919480 ts_out=1777537100.920169 gw_proc_ms=0.689 traceId=exp-perf5000-000626-53e422b1
zt-gateway  | [perf-request-in] ts_in=1777537100.919483 ts_out=1777537100.920175 gw_proc_ms=0.692 traceId=exp-perf5000-000625-693fb6fa
zt-gateway  | [perf-request-in] ts_in=1777537100.920207 ts_out=1777537100.920815 gw_proc_ms=0.608 traceId=exp-perf5000-000628-6c4d9f9f
zt-gateway  | [perf-request-in] ts_in=1777537100.920208 ts_out=1777537100.920819 gw_proc_ms=0.611 traceId=exp-perf5000-000627-086639ab
zt-gateway  | [perf-request-in] ts_in=1777537100.920849 ts_out=1777537100.921572 gw_proc_ms=0.723 traceId=exp-perf5000-000630-776f49ca
zt-gateway  | [perf-request-in] ts_in=1777537100.920849 ts_out=1777537100.921596 gw_proc_ms=0.747 traceId=exp-perf5000-000629-934d3872
zt-gateway  | [perf-request-in] ts_in=1777537100.921640 ts_out=1777537100.922286 gw_proc_ms=0.646 traceId=exp-perf5000-000632-d1350646
zt-gateway  | [perf-request-in] ts_in=1777537100.921637 ts_out=1777537100.922302 gw_proc_ms=0.665 traceId=exp-perf5000-000631-209d1ae5
zt-gateway  | [perf-request-in] ts_in=1777537100.922330 ts_out=1777537100.922940 gw_proc_ms=0.610 traceId=exp-perf5000-000634-1b0c4a8a
zt-gateway  | [perf-request-in] ts_in=1777537100.922338 ts_out=1777537100.922968 gw_proc_ms=0.630 traceId=exp-perf5000-000633-5806d9ac
zt-gateway  | [perf-request-in] ts_in=1777537100.922982 ts_out=1777537100.923595 gw_proc_ms=0.613 traceId=exp-perf5000-000636-18985f51
zt-gateway  | [perf-request-in] ts_in=1777537100.923007 ts_out=1777537100.923625 gw_proc_ms=0.618 traceId=exp-perf5000-000635-56e03299
zt-gateway  | [perf-request-in] ts_in=1777537100.923633 ts_out=1777537100.924245 gw_proc_ms=0.612 traceId=exp-perf5000-000637-5602032f
zt-gateway  | [perf-request-in] ts_in=1777537100.923667 ts_out=1777537100.924310 gw_proc_ms=0.643 traceId=exp-perf5000-000638-8889163a
zt-gateway  | [perf-request-in] ts_in=1777537100.924279 ts_out=1777537100.924898 gw_proc_ms=0.619 traceId=exp-perf5000-000639-d40b90db
zt-gateway  | [perf-request-in] ts_in=1777537100.924349 ts_out=1777537100.925027 gw_proc_ms=0.678 traceId=exp-perf5000-000640-fa266005
zt-gateway  | [perf-request-in] ts_in=1777537100.924934 ts_out=1777537100.925541 gw_proc_ms=0.607 traceId=exp-perf5000-000641-db941c63
zt-gateway  | [perf-request-in] ts_in=1777537100.925063 ts_out=1777537100.925702 gw_proc_ms=0.639 traceId=exp-perf5000-000642-6a8f7092
zt-gateway  | [perf-request-in] ts_in=1777537100.925574 ts_out=1777537100.926191 gw_proc_ms=0.617 traceId=exp-perf5000-000643-7d695af9
zt-gateway  | [perf-request-in] ts_in=1777537100.925739 ts_out=1777537100.926354 gw_proc_ms=0.615 traceId=exp-perf5000-000644-a2bb15fa
zt-gateway  | [perf-request-in] ts_in=1777537100.926224 ts_out=1777537100.926835 gw_proc_ms=0.611 traceId=exp-perf5000-000645-b661f400
zt-gateway  | [perf-request-in] ts_in=1777537100.926391 ts_out=1777537100.927025 gw_proc_ms=0.634 traceId=exp-perf5000-000646-9cbfc5cf
zt-gateway  | [perf-request-in] ts_in=1777537100.926866 ts_out=1777537100.927503 gw_proc_ms=0.637 traceId=exp-perf5000-000647-7db6426c
zt-gateway  | [perf-request-in] ts_in=1777537100.927062 ts_out=1777537100.927718 gw_proc_ms=0.656 traceId=exp-perf5000-000648-647faafb
zt-gateway  | [perf-request-in] ts_in=1777537100.927535 ts_out=1777537100.928181 gw_proc_ms=0.646 traceId=exp-perf5000-000649-f78324fe
zt-gateway  | [perf-request-in] ts_in=1777537100.927753 ts_out=1777537100.928409 gw_proc_ms=0.656 traceId=exp-perf5000-000650-da5ef59a
zt-gateway  | [perf-request-in] ts_in=1777537100.928212 ts_out=1777537100.928845 gw_proc_ms=0.633 traceId=exp-perf5000-000651-fb51e120
zt-gateway  | [perf-request-in] ts_in=1777537100.928445 ts_out=1777537100.929088 gw_proc_ms=0.643 traceId=exp-perf5000-000652-978596ce
zt-gateway  | [perf-request-in] ts_in=1777537100.928877 ts_out=1777537100.929497 gw_proc_ms=0.620 traceId=exp-perf5000-000653-f9ca5cc6
zt-gateway  | [perf-request-in] ts_in=1777537100.929123 ts_out=1777537100.929747 gw_proc_ms=0.624 traceId=exp-perf5000-000654-a86e7772
zt-gateway  | [perf-request-in] ts_in=1777537100.929530 ts_out=1777537100.930171 gw_proc_ms=0.641 traceId=exp-perf5000-000655-31b02849
zt-gateway  | [perf-request-in] ts_in=1777537100.929797 ts_out=1777537100.930449 gw_proc_ms=0.652 traceId=exp-perf5000-000656-3db068aa
zt-gateway  | [perf-request-in] ts_in=1777537100.930203 ts_out=1777537100.930845 gw_proc_ms=0.642 traceId=exp-perf5000-000657-7361bdad
zt-gateway  | [perf-request-in] ts_in=1777537100.930500 ts_out=1777537100.931154 gw_proc_ms=0.654 traceId=exp-perf5000-000658-e588f928
zt-gateway  | [perf-request-in] ts_in=1777537100.930878 ts_out=1777537100.931518 gw_proc_ms=0.640 traceId=exp-perf5000-000659-37d597e9
zt-gateway  | [perf-request-in] ts_in=1777537100.931182 ts_out=1777537100.931851 gw_proc_ms=0.669 traceId=exp-perf5000-000660-ec37e041
zt-gateway  | [perf-request-in] ts_in=1777537100.931551 ts_out=1777537100.932141 gw_proc_ms=0.590 traceId=exp-perf5000-000661-1e05f5f8
zt-gateway  | [perf-request-in] ts_in=1777537100.931884 ts_out=1777537100.932495 gw_proc_ms=0.611 traceId=exp-perf5000-000662-40b36fd7
zt-gateway  | [perf-request-in] ts_in=1777537100.932170 ts_out=1777537100.932745 gw_proc_ms=0.575 traceId=exp-perf5000-000663-7260e09b
zt-gateway  | [perf-request-in] ts_in=1777537100.932531 ts_out=1777537100.933142 gw_proc_ms=0.611 traceId=exp-perf5000-000664-425a6109
zt-gateway  | [perf-request-in] ts_in=1777537100.932775 ts_out=1777537100.933362 gw_proc_ms=0.587 traceId=exp-perf5000-000665-6467bc83
zt-gateway  | [perf-request-in] ts_in=1777537100.933178 ts_out=1777537100.933788 gw_proc_ms=0.610 traceId=exp-perf5000-000666-848292f3
zt-gateway  | [perf-request-in] ts_in=1777537100.933390 ts_out=1777537100.934048 gw_proc_ms=0.658 traceId=exp-perf5000-000667-8f0fce87
zt-gateway  | [perf-request-in] ts_in=1777537100.933820 ts_out=1777537100.934452 gw_proc_ms=0.632 traceId=exp-perf5000-000668-ae7107fc
zt-gateway  | [perf-request-in] ts_in=1777537100.934083 ts_out=1777537100.934715 gw_proc_ms=0.632 traceId=exp-perf5000-000669-382c894d
zt-gateway  | [perf-request-in] ts_in=1777537100.934488 ts_out=1777537100.935103 gw_proc_ms=0.615 traceId=exp-perf5000-000670-7970e15c
zt-gateway  | [perf-request-in] ts_in=1777537100.934754 ts_out=1777537100.935366 gw_proc_ms=0.612 traceId=exp-perf5000-000671-031dcb6d
zt-gateway  | [perf-request-in] ts_in=1777537100.935136 ts_out=1777537100.935730 gw_proc_ms=0.594 traceId=exp-perf5000-000673-fd5be17b
zt-gateway  | [perf-request-in] ts_in=1777537100.935399 ts_out=1777537100.936035 gw_proc_ms=0.636 traceId=exp-perf5000-000672-8dd4117b
zt-gateway  | [perf-request-in] ts_in=1777537100.935765 ts_out=1777537100.936397 gw_proc_ms=0.632 traceId=exp-perf5000-000675-77f7fd4c
zt-gateway  | [perf-request-in] ts_in=1777537100.936069 ts_out=1777537100.936677 gw_proc_ms=0.608 traceId=exp-perf5000-000674-147d279e
zt-gateway  | [perf-request-in] ts_in=1777537100.936431 ts_out=1777537100.937057 gw_proc_ms=0.626 traceId=exp-perf5000-000676-8ad1e01e
zt-gateway  | [perf-request-in] ts_in=1777537100.936703 ts_out=1777537100.937333 gw_proc_ms=0.630 traceId=exp-perf5000-000677-6d874fcf
zt-gateway  | [perf-request-in] ts_in=1777537100.937090 ts_out=1777537100.937682 gw_proc_ms=0.592 traceId=exp-perf5000-000679-5352222d
zt-gateway  | [perf-request-in] ts_in=1777537100.937370 ts_out=1777537100.937980 gw_proc_ms=0.610 traceId=exp-perf5000-000678-fa7b2bf4
zt-gateway  | [perf-request-in] ts_in=1777537100.937715 ts_out=1777537100.938318 gw_proc_ms=0.603 traceId=exp-perf5000-000681-b6666a67
zt-gateway  | [perf-request-in] ts_in=1777537100.938013 ts_out=1777537100.938628 gw_proc_ms=0.615 traceId=exp-perf5000-000680-19ba20bd
zt-gateway  | [perf-request-in] ts_in=1777537100.938343 ts_out=1777537100.938975 gw_proc_ms=0.632 traceId=exp-perf5000-000683-2019f7bd
zt-gateway  | [perf-request-in] ts_in=1777537100.938662 ts_out=1777537100.939291 gw_proc_ms=0.629 traceId=exp-perf5000-000682-98fb29aa
zt-gateway  | [perf-request-in] ts_in=1777537100.939002 ts_out=1777537100.939588 gw_proc_ms=0.586 traceId=exp-perf5000-000685-c542745a
zt-gateway  | [perf-request-in] ts_in=1777537100.939324 ts_out=1777537100.940069 gw_proc_ms=0.745 traceId=exp-perf5000-000684-03610796
zt-gateway  | [perf-request-in] ts_in=1777537100.939848 ts_out=1777537100.940477 gw_proc_ms=0.629 traceId=exp-perf5000-000687-0cdb5190
zt-gateway  | [perf-request-in] ts_in=1777537100.940128 ts_out=1777537100.940839 gw_proc_ms=0.711 traceId=exp-perf5000-000686-93303bbd
zt-gateway  | [perf-request-in] ts_in=1777537100.940513 ts_out=1777537100.941155 gw_proc_ms=0.642 traceId=exp-perf5000-000689-77e2ca0b
zt-gateway  | [perf-request-in] ts_in=1777537100.940882 ts_out=1777537100.941523 gw_proc_ms=0.641 traceId=exp-perf5000-000688-6ce9a3a2
zt-gateway  | [perf-request-in] ts_in=1777537100.941185 ts_out=1777537100.941837 gw_proc_ms=0.652 traceId=exp-perf5000-000690-7d60d57f
zt-gateway  | [perf-request-in] ts_in=1777537100.941562 ts_out=1777537100.942221 gw_proc_ms=0.659 traceId=exp-perf5000-000691-24d0141b
zt-gateway  | [perf-request-in] ts_in=1777537100.941880 ts_out=1777537100.942558 gw_proc_ms=0.678 traceId=exp-perf5000-000693-343f806d
zt-gateway  | [perf-request-in] ts_in=1777537100.942269 ts_out=1777537100.942983 gw_proc_ms=0.714 traceId=exp-perf5000-000692-4d2c7548
zt-gateway  | [perf-request-in] ts_in=1777537100.942593 ts_out=1777537100.943254 gw_proc_ms=0.661 traceId=exp-perf5000-000695-a4de58de
zt-gateway  | [perf-request-in] ts_in=1777537100.943022 ts_out=1777537100.943626 gw_proc_ms=0.604 traceId=exp-perf5000-000694-db9181a6
zt-gateway  | [perf-request-in] ts_in=1777537100.943287 ts_out=1777537100.943915 gw_proc_ms=0.628 traceId=exp-perf5000-000696-122bdcb4
zt-gateway  | [perf-request-in] ts_in=1777537100.943663 ts_out=1777537100.944337 gw_proc_ms=0.674 traceId=exp-perf5000-000697-118c830c
zt-gateway  | [perf-request-in] ts_in=1777537100.943949 ts_out=1777537100.944597 gw_proc_ms=0.648 traceId=exp-perf5000-000699-3ba15d36
zt-gateway  | [perf-request-in] ts_in=1777537100.944381 ts_out=1777537100.945061 gw_proc_ms=0.680 traceId=exp-perf5000-000698-9085d9b7
zt-gateway  | [perf-request-in] ts_in=1777537100.944632 ts_out=1777537100.945290 gw_proc_ms=0.658 traceId=exp-perf5000-000700-060d99b9
zt-gateway  | [perf-request-in] ts_in=1777537100.945093 ts_out=1777537100.945706 gw_proc_ms=0.613 traceId=exp-perf5000-000701-28c00c50
zt-gateway  | [perf-request-in] ts_in=1777537100.945329 ts_out=1777537100.945995 gw_proc_ms=0.666 traceId=exp-perf5000-000702-8e353f63
zt-gateway  | [perf-request-in] ts_in=1777537100.945741 ts_out=1777537100.946392 gw_proc_ms=0.651 traceId=exp-perf5000-000703-9a18f727
zt-gateway  | [perf-request-in] ts_in=1777537100.946033 ts_out=1777537100.946681 gw_proc_ms=0.648 traceId=exp-perf5000-000704-7e484b92
zt-gateway  | [perf-request-in] ts_in=1777537100.946423 ts_out=1777537100.947126 gw_proc_ms=0.703 traceId=exp-perf5000-000705-97cab8d7
zt-gateway  | [perf-request-in] ts_in=1777537100.946708 ts_out=1777537100.947371 gw_proc_ms=0.663 traceId=exp-perf5000-000706-e4d7db79
zt-gateway  | [perf-request-in] ts_in=1777537100.947156 ts_out=1777537100.947771 gw_proc_ms=0.615 traceId=exp-perf5000-000708-632f36df
zt-gateway  | [perf-request-in] ts_in=1777537100.947410 ts_out=1777537100.948054 gw_proc_ms=0.644 traceId=exp-perf5000-000707-e488926d
zt-gateway  | [perf-request-in] ts_in=1777537100.947823 ts_out=1777537100.948441 gw_proc_ms=0.618 traceId=exp-perf5000-000710-01e25e82
zt-gateway  | [perf-request-in] ts_in=1777537100.948091 ts_out=1777537100.948704 gw_proc_ms=0.613 traceId=exp-perf5000-000709-5ad9f88e
zt-gateway  | [perf-request-in] ts_in=1777537100.948471 ts_out=1777537100.949110 gw_proc_ms=0.639 traceId=exp-perf5000-000712-3cc563f1
zt-gateway  | [perf-request-in] ts_in=1777537100.948739 ts_out=1777537100.949460 gw_proc_ms=0.721 traceId=exp-perf5000-000711-9e0d934e
zt-gateway  | [perf-request-in] ts_in=1777537100.949147 ts_out=1777537100.949746 gw_proc_ms=0.599 traceId=exp-perf5000-000713-652e25fd
zt-gateway  | [perf-request-in] ts_in=1777537100.949510 ts_out=1777537100.950222 gw_proc_ms=0.712 traceId=exp-perf5000-000714-508e65e0
zt-gateway  | [perf-request-in] ts_in=1777537100.949905 ts_out=1777537100.950596 gw_proc_ms=0.691 traceId=exp-perf5000-000715-70193e46
zt-gateway  | [perf-request-in] ts_in=1777537100.950266 ts_out=1777537100.950960 gw_proc_ms=0.694 traceId=exp-perf5000-000716-65e447a2
zt-gateway  | [perf-request-in] ts_in=1777537100.950636 ts_out=1777537100.951298 gw_proc_ms=0.662 traceId=exp-perf5000-000718-73ce84bd
zt-gateway  | [perf-request-in] ts_in=1777537100.950994 ts_out=1777537100.951631 gw_proc_ms=0.637 traceId=exp-perf5000-000717-2a080e2f
zt-gateway  | [perf-request-in] ts_in=1777537100.951350 ts_out=1777537100.952004 gw_proc_ms=0.654 traceId=exp-perf5000-000719-87acdecc
zt-gateway  | [perf-request-in] ts_in=1777537100.951666 ts_out=1777537100.952311 gw_proc_ms=0.645 traceId=exp-perf5000-000720-ea57a636
zt-gateway  | [perf-request-in] ts_in=1777537100.952083 ts_out=1777537100.952682 gw_proc_ms=0.599 traceId=exp-perf5000-000722-5216038c
zt-gateway  | [perf-request-in] ts_in=1777537100.952346 ts_out=1777537100.953034 gw_proc_ms=0.688 traceId=exp-perf5000-000721-22b046fc
zt-gateway  | [perf-request-in] ts_in=1777537100.952718 ts_out=1777537100.953355 gw_proc_ms=0.637 traceId=exp-perf5000-000724-e5a0fca8
zt-gateway  | [perf-request-in] ts_in=1777537100.953076 ts_out=1777537100.953902 gw_proc_ms=0.826 traceId=exp-perf5000-000723-a97825bd
zt-gateway  | [perf-request-in] ts_in=1777537100.953393 ts_out=1777537100.954226 gw_proc_ms=0.833 traceId=exp-perf5000-000726-0b6ce952
zt-gateway  | [perf-request-in] ts_in=1777537100.953935 ts_out=1777537100.954623 gw_proc_ms=0.688 traceId=exp-perf5000-000725-24ed320e
zt-gateway  | [perf-request-in] ts_in=1777537100.954268 ts_out=1777537100.955173 gw_proc_ms=0.905 traceId=exp-perf5000-000727-7ef51689
zt-gateway  | [perf-request-in] ts_in=1777537100.954659 ts_out=1777537100.955513 gw_proc_ms=0.854 traceId=exp-perf5000-000728-e281fd12
zt-gateway  | [perf-request-in] ts_in=1777537100.955203 ts_out=1777537100.955891 gw_proc_ms=0.688 traceId=exp-perf5000-000729-243fec9d
zt-gateway  | [perf-request-in] ts_in=1777537100.955552 ts_out=1777537100.956285 gw_proc_ms=0.733 traceId=exp-perf5000-000730-4ef61977
zt-gateway  | [perf-request-in] ts_in=1777537100.955928 ts_out=1777537100.956625 gw_proc_ms=0.697 traceId=exp-perf5000-000732-0edd295f
zt-gateway  | [perf-request-in] ts_in=1777537100.956320 ts_out=1777537100.957019 gw_proc_ms=0.699 traceId=exp-perf5000-000731-8588922a
zt-gateway  | [perf-request-in] ts_in=1777537100.956661 ts_out=1777537100.957382 gw_proc_ms=0.721 traceId=exp-perf5000-000734-f07c4721
zt-gateway  | [perf-request-in] ts_in=1777537100.957059 ts_out=1777537100.957770 gw_proc_ms=0.711 traceId=exp-perf5000-000733-a9673292
zt-gateway  | [perf-request-in] ts_in=1777537100.957422 ts_out=1777537100.958179 gw_proc_ms=0.757 traceId=exp-perf5000-000735-80aef10d
zt-gateway  | [perf-request-in] ts_in=1777537100.957823 ts_out=1777537100.958591 gw_proc_ms=0.768 traceId=exp-perf5000-000736-a2c1976e
zt-gateway  | [perf-request-in] ts_in=1777537100.958222 ts_out=1777537100.958930 gw_proc_ms=0.708 traceId=exp-perf5000-000737-b1125aaf
zt-gateway  | [perf-request-in] ts_in=1777537100.958634 ts_out=1777537100.959349 gw_proc_ms=0.715 traceId=exp-perf5000-000738-adc65263
zt-gateway  | [perf-request-in] ts_in=1777537100.958968 ts_out=1777537100.959669 gw_proc_ms=0.701 traceId=exp-perf5000-000739-7205401f
zt-gateway  | [perf-request-in] ts_in=1777537100.959383 ts_out=1777537100.960076 gw_proc_ms=0.693 traceId=exp-perf5000-000740-1f4ef22a
zt-gateway  | [perf-request-in] ts_in=1777537100.959711 ts_out=1777537100.960375 gw_proc_ms=0.664 traceId=exp-perf5000-000741-3ba77e7b
zt-gateway  | [perf-request-in] ts_in=1777537100.960118 ts_out=1777537100.960795 gw_proc_ms=0.677 traceId=exp-perf5000-000742-c2de7d05
zt-gateway  | [perf-request-in] ts_in=1777537100.960412 ts_out=1777537100.961118 gw_proc_ms=0.706 traceId=exp-perf5000-000743-5595c5c4
zt-gateway  | [perf-request-in] ts_in=1777537100.960832 ts_out=1777537100.961464 gw_proc_ms=0.632 traceId=exp-perf5000-000744-e6eb58e2
zt-gateway  | [perf-request-in] ts_in=1777537100.961154 ts_out=1777537100.961773 gw_proc_ms=0.619 traceId=exp-perf5000-000745-04bba69b
zt-gateway  | [perf-request-in] ts_in=1777537100.961501 ts_out=1777537100.962130 gw_proc_ms=0.629 traceId=exp-perf5000-000746-af25187c
zt-gateway  | [perf-request-in] ts_in=1777537100.961814 ts_out=1777537100.962434 gw_proc_ms=0.620 traceId=exp-perf5000-000747-c5a479b1
zt-gateway  | [perf-request-in] ts_in=1777537100.962170 ts_out=1777537100.962791 gw_proc_ms=0.621 traceId=exp-perf5000-000748-96fabad6
zt-gateway  | [perf-request-in] ts_in=1777537100.962465 ts_out=1777537100.963091 gw_proc_ms=0.626 traceId=exp-perf5000-000749-d80914c3
zt-gateway  | [perf-request-in] ts_in=1777537100.962826 ts_out=1777537100.963461 gw_proc_ms=0.635 traceId=exp-perf5000-000750-6b442e74
zt-gateway  | [perf-request-in] ts_in=1777537100.963123 ts_out=1777537100.963747 gw_proc_ms=0.624 traceId=exp-perf5000-000751-261b0995
zt-gateway  | [perf-request-in] ts_in=1777537100.963494 ts_out=1777537100.964124 gw_proc_ms=0.630 traceId=exp-perf5000-000752-6b33c96d
zt-gateway  | [perf-request-in] ts_in=1777537100.963776 ts_out=1777537100.964378 gw_proc_ms=0.602 traceId=exp-perf5000-000753-ba566f82
zt-gateway  | [perf-request-in] ts_in=1777537100.964154 ts_out=1777537100.964803 gw_proc_ms=0.649 traceId=exp-perf5000-000754-56605c03
zt-gateway  | [perf-request-in] ts_in=1777537100.964413 ts_out=1777537100.965039 gw_proc_ms=0.626 traceId=exp-perf5000-000755-aff0caa1
zt-gateway  | [perf-request-in] ts_in=1777537100.964833 ts_out=1777537100.965460 gw_proc_ms=0.627 traceId=exp-perf5000-000756-1bdfe2fc
zt-gateway  | [perf-request-in] ts_in=1777537100.965069 ts_out=1777537100.965673 gw_proc_ms=0.604 traceId=exp-perf5000-000757-6c7ec295
zt-gateway  | [perf-request-in] ts_in=1777537100.965491 ts_out=1777537100.966099 gw_proc_ms=0.608 traceId=exp-perf5000-000758-5a6ba3dc
zt-gateway  | [perf-request-in] ts_in=1777537100.965703 ts_out=1777537100.966317 gw_proc_ms=0.614 traceId=exp-perf5000-000759-901aac96
zt-gateway  | [perf-request-in] ts_in=1777537100.966130 ts_out=1777537100.966733 gw_proc_ms=0.603 traceId=exp-perf5000-000760-bfb512d2
zt-gateway  | [perf-request-in] ts_in=1777537100.966347 ts_out=1777537100.967018 gw_proc_ms=0.671 traceId=exp-perf5000-000761-80001992
zt-gateway  | [perf-request-in] ts_in=1777537100.966763 ts_out=1777537100.967425 gw_proc_ms=0.662 traceId=exp-perf5000-000762-5e91a313
zt-gateway  | [perf-request-in] ts_in=1777537100.967061 ts_out=1777537100.967746 gw_proc_ms=0.685 traceId=exp-perf5000-000763-b5d61a92
zt-gateway  | [perf-request-in] ts_in=1777537100.967450 ts_out=1777537100.969765 gw_proc_ms=2.315 traceId=exp-perf5000-000764-63a45615
zt-gateway  | [perf-request-in] ts_in=1777537100.967787 ts_out=1777537100.970215 gw_proc_ms=2.428 traceId=exp-perf5000-000765-2231e591
zt-gateway  | [perf-request-in] ts_in=1777537100.970050 ts_out=1777537100.971947 gw_proc_ms=1.897 traceId=exp-perf5000-000766-690a75f0
zt-gateway  | [perf-request-in] ts_in=1777537100.970415 ts_out=1777537100.972121 gw_proc_ms=1.706 traceId=exp-perf5000-000767-6791eb1a
zt-gateway  | [perf-request-in] ts_in=1777537100.972032 ts_out=1777537100.972894 gw_proc_ms=0.862 traceId=exp-perf5000-000768-3770163b
zt-gateway  | [perf-request-in] ts_in=1777537100.972181 ts_out=1777537100.972902 gw_proc_ms=0.721 traceId=exp-perf5000-000769-ca79e64b
zt-gateway  | [perf-request-in] ts_in=1777537100.972930 ts_out=1777537100.973543 gw_proc_ms=0.613 traceId=exp-perf5000-000771-e9f3ebf8
zt-gateway  | [perf-request-in] ts_in=1777537100.972927 ts_out=1777537100.973632 gw_proc_ms=0.705 traceId=exp-perf5000-000770-5dc4ada7
zt-gateway  | [perf-request-in] ts_in=1777537100.973599 ts_out=1777537100.974457 gw_proc_ms=0.858 traceId=exp-perf5000-000773-cdc5dea8
zt-gateway  | [perf-request-in] ts_in=1777537100.973676 ts_out=1777537100.974458 gw_proc_ms=0.782 traceId=exp-perf5000-000772-23136141
zt-gateway  | [perf-request-in] ts_in=1777537100.974496 ts_out=1777537100.975123 gw_proc_ms=0.627 traceId=exp-perf5000-000775-e3d36b15
zt-gateway  | [perf-request-in] ts_in=1777537100.974498 ts_out=1777537100.975164 gw_proc_ms=0.666 traceId=exp-perf5000-000774-df2d8e6e
zt-gateway  | [perf-request-in] ts_in=1777537100.975162 ts_out=1777537100.976015 gw_proc_ms=0.853 traceId=exp-perf5000-000777-ffa01380
zt-gateway  | [perf-request-in] ts_in=1777537100.975221 ts_out=1777537100.976229 gw_proc_ms=1.008 traceId=exp-perf5000-000776-2a988188
zt-gateway  | [perf-request-in] ts_in=1777537100.976053 ts_out=1777537100.977124 gw_proc_ms=1.071 traceId=exp-perf5000-000779-ce2a4fa1
zt-gateway  | [perf-request-in] ts_in=1777537100.976282 ts_out=1777537100.977135 gw_proc_ms=0.853 traceId=exp-perf5000-000778-77d4cc5e
zt-gateway  | [perf-request-in] ts_in=1777537100.977163 ts_out=1777537100.977885 gw_proc_ms=0.722 traceId=exp-perf5000-000780-e232a190
zt-gateway  | [perf-request-in] ts_in=1777537100.977263 ts_out=1777537100.978069 gw_proc_ms=0.806 traceId=exp-perf5000-000781-e6006587
zt-gateway  | [perf-request-in] ts_in=1777537100.977924 ts_out=1777537100.978545 gw_proc_ms=0.621 traceId=exp-perf5000-000782-53b77745
zt-gateway  | [perf-request-in] ts_in=1777537100.978576 ts_out=1777537100.979893 gw_proc_ms=1.317 traceId=exp-perf5000-000784-ced36a58
zt-gateway  | [perf-request-in] ts_in=1777537100.978106 ts_out=1777537100.980016 gw_proc_ms=1.910 traceId=exp-perf5000-000783-a57e3843
zt-gateway  | [perf-request-in] ts_in=1777537100.979935 ts_out=1777537100.980664 gw_proc_ms=0.729 traceId=exp-perf5000-000786-19103275
zt-gateway  | [perf-request-in] ts_in=1777537100.980059 ts_out=1777537100.981113 gw_proc_ms=1.054 traceId=exp-perf5000-000785-7afdfee8
zt-gateway  | [perf-request-in] ts_in=1777537100.980731 ts_out=1777537100.981687 gw_proc_ms=0.956 traceId=exp-perf5000-000788-35747172
zt-gateway  | [perf-request-in] ts_in=1777537100.981170 ts_out=1777537100.982030 gw_proc_ms=0.860 traceId=exp-perf5000-000787-4bea9b4a
zt-gateway  | [perf-request-in] ts_in=1777537100.981744 ts_out=1777537100.982506 gw_proc_ms=0.762 traceId=exp-perf5000-000790-23a2683c
zt-gateway  | [perf-request-in] ts_in=1777537100.982086 ts_out=1777537100.982892 gw_proc_ms=0.806 traceId=exp-perf5000-000789-379a5901
zt-gateway  | [perf-request-in] ts_in=1777537100.982552 ts_out=1777537100.983358 gw_proc_ms=0.806 traceId=exp-perf5000-000792-76ead106
zt-gateway  | [perf-request-in] ts_in=1777537100.982932 ts_out=1777537100.983557 gw_proc_ms=0.625 traceId=exp-perf5000-000791-026302aa
zt-gateway  | [perf-request-in] ts_in=1777537100.983385 ts_out=1777537100.984215 gw_proc_ms=0.830 traceId=exp-perf5000-000794-2b7b59f2
zt-gateway  | [perf-request-in] ts_in=1777537100.983594 ts_out=1777537100.984407 gw_proc_ms=0.813 traceId=exp-perf5000-000793-30766c38
zt-gateway  | [perf-request-in] ts_in=1777537100.984273 ts_out=1777537100.985147 gw_proc_ms=0.874 traceId=exp-perf5000-000796-b49b0cf9
zt-gateway  | [perf-request-in] ts_in=1777537100.985209 ts_out=1777537100.985867 gw_proc_ms=0.658 traceId=exp-perf5000-000798-42492e38
zt-gateway  | [perf-request-in] ts_in=1777537100.984458 ts_out=1777537100.986083 gw_proc_ms=1.625 traceId=exp-perf5000-000795-e26f1fcf
zt-gateway  | [perf-request-in] ts_in=1777537100.985901 ts_out=1777537100.986546 gw_proc_ms=0.645 traceId=exp-perf5000-000800-d8dc93dc
zt-gateway  | [perf-request-in] ts_in=1777537100.986138 ts_out=1777537100.986791 gw_proc_ms=0.653 traceId=exp-perf5000-000797-c3013810
zt-gateway  | [perf-request-in] ts_in=1777537100.986590 ts_out=1777537100.987235 gw_proc_ms=0.645 traceId=exp-perf5000-000802-d1710f4c
zt-gateway  | [perf-request-in] ts_in=1777537100.986825 ts_out=1777537100.987430 gw_proc_ms=0.605 traceId=exp-perf5000-000799-ae70efd2
zt-gateway  | [perf-request-in] ts_in=1777537100.987265 ts_out=1777537100.987882 gw_proc_ms=0.617 traceId=exp-perf5000-000804-c5035184
zt-gateway  | [perf-request-in] ts_in=1777537100.987460 ts_out=1777537100.988076 gw_proc_ms=0.616 traceId=exp-perf5000-000801-799a2d70
zt-gateway  | [perf-request-in] ts_in=1777537100.987912 ts_out=1777537100.988516 gw_proc_ms=0.604 traceId=exp-perf5000-000806-4e32163c
zt-gateway  | [perf-request-in] ts_in=1777537100.988099 ts_out=1777537100.988673 gw_proc_ms=0.574 traceId=exp-perf5000-000803-cf097dfa
zt-gateway  | [perf-request-in] ts_in=1777537100.988555 ts_out=1777537100.989154 gw_proc_ms=0.599 traceId=exp-perf5000-000808-ba9eb5c0
zt-gateway  | [perf-request-in] ts_in=1777537100.988699 ts_out=1777537100.989322 gw_proc_ms=0.623 traceId=exp-perf5000-000805-645cb584
zt-gateway  | [perf-request-in] ts_in=1777537100.989360 ts_out=1777537100.990066 gw_proc_ms=0.706 traceId=exp-perf5000-000807-455acee6
zt-gateway  | [perf-request-in] ts_in=1777537100.989325 ts_out=1777537100.990066 gw_proc_ms=0.741 traceId=exp-perf5000-000810-391abecf
zt-gateway  | [perf-request-in] ts_in=1777537100.990113 ts_out=1777537100.990740 gw_proc_ms=0.627 traceId=exp-perf5000-000812-13774cfb
zt-gateway  | [perf-request-in] ts_in=1777537100.990103 ts_out=1777537100.990741 gw_proc_ms=0.638 traceId=exp-perf5000-000809-dc944aa6
zt-gateway  | [perf-request-in] ts_in=1777537100.990793 ts_out=1777537100.991468 gw_proc_ms=0.675 traceId=exp-perf5000-000811-c41111d5
zt-gateway  | [perf-request-in] ts_in=1777537100.990797 ts_out=1777537100.991504 gw_proc_ms=0.707 traceId=exp-perf5000-000814-5798eabf
zt-gateway  | [perf-request-in] ts_in=1777537100.991506 ts_out=1777537100.992138 gw_proc_ms=0.632 traceId=exp-perf5000-000813-22f804fa
zt-gateway  | [perf-request-in] ts_in=1777537100.991534 ts_out=1777537100.992171 gw_proc_ms=0.637 traceId=exp-perf5000-000816-acf20422
zt-gateway  | [perf-request-in] ts_in=1777537100.992169 ts_out=1777537100.992836 gw_proc_ms=0.667 traceId=exp-perf5000-000815-664869c7
zt-gateway  | [perf-request-in] ts_in=1777537100.992194 ts_out=1777537100.993481 gw_proc_ms=1.287 traceId=exp-perf5000-000818-d57c952c
zt-gateway  | [perf-request-in] ts_in=1777537100.992881 ts_out=1777537100.993539 gw_proc_ms=0.658 traceId=exp-perf5000-000817-c0cf04fb
zt-gateway  | [perf-request-in] ts_in=1777537100.993579 ts_out=1777537100.994206 gw_proc_ms=0.627 traceId=exp-perf5000-000819-84a79771
zt-gateway  | [perf-request-in] ts_in=1777537100.993546 ts_out=1777537100.994225 gw_proc_ms=0.679 traceId=exp-perf5000-000820-7011179f
zt-gateway  | [perf-request-in] ts_in=1777537100.994248 ts_out=1777537100.994914 gw_proc_ms=0.666 traceId=exp-perf5000-000821-63a97696
zt-gateway  | [perf-request-in] ts_in=1777537100.994258 ts_out=1777537100.994939 gw_proc_ms=0.681 traceId=exp-perf5000-000822-39d281cf
zt-gateway  | [perf-request-in] ts_in=1777537100.994955 ts_out=1777537100.995624 gw_proc_ms=0.669 traceId=exp-perf5000-000823-bd5a84d6
zt-gateway  | [perf-request-in] ts_in=1777537100.994981 ts_out=1777537100.995625 gw_proc_ms=0.644 traceId=exp-perf5000-000824-6c5b9d29
zt-gateway  | [perf-request-in] ts_in=1777537100.995695 ts_out=1777537100.996381 gw_proc_ms=0.686 traceId=exp-perf5000-000826-84712182
zt-gateway  | [perf-request-in] ts_in=1777537100.995720 ts_out=1777537100.996383 gw_proc_ms=0.663 traceId=exp-perf5000-000825-f543f894
zt-gateway  | [perf-request-in] ts_in=1777537100.996421 ts_out=1777537100.997078 gw_proc_ms=0.657 traceId=exp-perf5000-000827-ea749b72
zt-gateway  | [perf-request-in] ts_in=1777537100.996427 ts_out=1777537100.997108 gw_proc_ms=0.681 traceId=exp-perf5000-000828-69265bc3
zt-gateway  | [perf-request-in] ts_in=1777537100.997120 ts_out=1777537100.997742 gw_proc_ms=0.622 traceId=exp-perf5000-000829-e2845283
zt-gateway  | [perf-request-in] ts_in=1777537100.997272 ts_out=1777537100.997928 gw_proc_ms=0.656 traceId=exp-perf5000-000830-acbfe657
zt-gateway  | [perf-request-in] ts_in=1777537100.997794 ts_out=1777537100.998442 gw_proc_ms=0.648 traceId=exp-perf5000-000831-0634b005
zt-gateway  | [perf-request-in] ts_in=1777537100.997973 ts_out=1777537100.998842 gw_proc_ms=0.869 traceId=exp-perf5000-000832-cb3659f5
zt-gateway  | [perf-request-in] ts_in=1777537100.998485 ts_out=1777537100.999169 gw_proc_ms=0.684 traceId=exp-perf5000-000833-9fc331a4
zt-gateway  | [perf-request-in] ts_in=1777537100.998889 ts_out=1777537100.999547 gw_proc_ms=0.658 traceId=exp-perf5000-000834-3686ccfb
zt-gateway  | [perf-request-in] ts_in=1777537100.999207 ts_out=1777537100.999873 gw_proc_ms=0.666 traceId=exp-perf5000-000835-bb5d78ce
zt-gateway  | [perf-request-in] ts_in=1777537100.999590 ts_out=1777537101.000262 gw_proc_ms=0.672 traceId=exp-perf5000-000836-c0d03140
zt-gateway  | [perf-request-in] ts_in=1777537100.999912 ts_out=1777537101.000554 gw_proc_ms=0.642 traceId=exp-perf5000-000837-ff1c9c9d
zt-gateway  | [perf-request-in] ts_in=1777537101.000305 ts_out=1777537101.000973 gw_proc_ms=0.668 traceId=exp-perf5000-000838-2fc66a6f
zt-gateway  | [perf-request-in] ts_in=1777537101.000592 ts_out=1777537101.001228 gw_proc_ms=0.636 traceId=exp-perf5000-000839-765484f2
zt-gateway  | [perf-request-in] ts_in=1777537101.001015 ts_out=1777537101.001639 gw_proc_ms=0.624 traceId=exp-perf5000-000840-b4721eed
zt-gateway  | [perf-request-in] ts_in=1777537101.001263 ts_out=1777537101.001892 gw_proc_ms=0.629 traceId=exp-perf5000-000841-53cff496
zt-gateway  | [perf-request-in] ts_in=1777537101.001678 ts_out=1777537101.002319 gw_proc_ms=0.641 traceId=exp-perf5000-000842-3796df81
zt-gateway  | [perf-request-in] ts_in=1777537101.001949 ts_out=1777537101.002548 gw_proc_ms=0.599 traceId=exp-perf5000-000844-d2c1e886
zt-gateway  | [perf-request-in] ts_in=1777537101.002361 ts_out=1777537101.002995 gw_proc_ms=0.634 traceId=exp-perf5000-000843-f99cd309
zt-gateway  | [perf-request-in] ts_in=1777537101.002585 ts_out=1777537101.003204 gw_proc_ms=0.619 traceId=exp-perf5000-000845-ca059bc2
zt-gateway  | [perf-request-in] ts_in=1777537101.003035 ts_out=1777537101.003659 gw_proc_ms=0.624 traceId=exp-perf5000-000846-ab24be88
zt-gateway  | [perf-request-in] ts_in=1777537101.003369 ts_out=1777537101.004028 gw_proc_ms=0.659 traceId=exp-perf5000-000847-8df9af9f
zt-gateway  | [perf-request-in] ts_in=1777537101.003701 ts_out=1777537101.004379 gw_proc_ms=0.678 traceId=exp-perf5000-000848-465bd175
zt-gateway  | [perf-request-in] ts_in=1777537101.004067 ts_out=1777537101.004683 gw_proc_ms=0.616 traceId=exp-perf5000-000849-05bc9ba0
zt-gateway  | [perf-request-in] ts_in=1777537101.004416 ts_out=1777537101.005065 gw_proc_ms=0.649 traceId=exp-perf5000-000850-890c954c
zt-gateway  | [perf-request-in] ts_in=1777537101.004716 ts_out=1777537101.005357 gw_proc_ms=0.641 traceId=exp-perf5000-000851-5fac450e
zt-gateway  | [perf-request-in] ts_in=1777537101.005106 ts_out=1777537101.005731 gw_proc_ms=0.625 traceId=exp-perf5000-000852-4e0c90bc
zt-gateway  | [perf-request-in] ts_in=1777537101.005397 ts_out=1777537101.006038 gw_proc_ms=0.641 traceId=exp-perf5000-000853-0b10a014
zt-gateway  | [perf-request-in] ts_in=1777537101.005769 ts_out=1777537101.006422 gw_proc_ms=0.653 traceId=exp-perf5000-000854-3c6134f0
zt-gateway  | [perf-request-in] ts_in=1777537101.006077 ts_out=1777537101.006683 gw_proc_ms=0.606 traceId=exp-perf5000-000855-b41cc488
zt-gateway  | [perf-request-in] ts_in=1777537101.006457 ts_out=1777537101.007094 gw_proc_ms=0.637 traceId=exp-perf5000-000856-08d845c4
zt-gateway  | [perf-request-in] ts_in=1777537101.006723 ts_out=1777537101.007365 gw_proc_ms=0.642 traceId=exp-perf5000-000857-509dadea
zt-gateway  | [perf-request-in] ts_in=1777537101.007134 ts_out=1777537101.007816 gw_proc_ms=0.682 traceId=exp-perf5000-000858-b53d68f6
zt-gateway  | [perf-request-in] ts_in=1777537101.007402 ts_out=1777537101.008041 gw_proc_ms=0.639 traceId=exp-perf5000-000859-374cc465
zt-gateway  | [perf-request-in] ts_in=1777537101.007863 ts_out=1777537101.008533 gw_proc_ms=0.670 traceId=exp-perf5000-000860-e83199bb
zt-gateway  | [perf-request-in] ts_in=1777537101.008080 ts_out=1777537101.008688 gw_proc_ms=0.608 traceId=exp-perf5000-000861-aa74f2b2
zt-gateway  | [perf-request-in] ts_in=1777537101.008577 ts_out=1777537101.009199 gw_proc_ms=0.622 traceId=exp-perf5000-000862-ea7d56bf
zt-gateway  | [perf-request-in] ts_in=1777537101.008727 ts_out=1777537101.009343 gw_proc_ms=0.616 traceId=exp-perf5000-000863-1e006282
zt-gateway  | [perf-request-in] ts_in=1777537101.009239 ts_out=1777537101.009936 gw_proc_ms=0.697 traceId=exp-perf5000-000864-46d2ffff
zt-gateway  | [perf-request-in] ts_in=1777537101.009378 ts_out=1777537101.010036 gw_proc_ms=0.658 traceId=exp-perf5000-000865-244dcde8
zt-gateway  | [perf-request-in] ts_in=1777537101.009980 ts_out=1777537101.010643 gw_proc_ms=0.663 traceId=exp-perf5000-000867-b1564594
zt-gateway  | [perf-request-in] ts_in=1777537101.010076 ts_out=1777537101.010692 gw_proc_ms=0.616 traceId=exp-perf5000-000868-20d79241
zt-gateway  | [perf-request-in] ts_in=1777537101.010733 ts_out=1777537101.011457 gw_proc_ms=0.724 traceId=exp-perf5000-000866-2bb38cb9
zt-gateway  | [perf-request-in] ts_in=1777537101.010689 ts_out=1777537101.011479 gw_proc_ms=0.790 traceId=exp-perf5000-000869-6ac7ecba
zt-gateway  | [perf-request-in] ts_in=1777537101.011500 ts_out=1777537101.012200 gw_proc_ms=0.700 traceId=exp-perf5000-000871-a5617294
zt-gateway  | [perf-request-in] ts_in=1777537101.011522 ts_out=1777537101.012236 gw_proc_ms=0.714 traceId=exp-perf5000-000870-cf5c667f
zt-gateway  | [perf-request-in] ts_in=1777537101.012236 ts_out=1777537101.012841 gw_proc_ms=0.605 traceId=exp-perf5000-000873-560f17de
zt-gateway  | [perf-request-in] ts_in=1777537101.012265 ts_out=1777537101.012919 gw_proc_ms=0.654 traceId=exp-perf5000-000872-c27b9167
zt-gateway  | [perf-request-in] ts_in=1777537101.012872 ts_out=1777537101.013480 gw_proc_ms=0.608 traceId=exp-perf5000-000875-798e1c79
zt-gateway  | [perf-request-in] ts_in=1777537101.012943 ts_out=1777537101.013565 gw_proc_ms=0.622 traceId=exp-perf5000-000874-78f742ac
zt-gateway  | [perf-request-in] ts_in=1777537101.013517 ts_out=1777537101.014127 gw_proc_ms=0.610 traceId=exp-perf5000-000876-214e202e
zt-gateway  | [perf-request-in] ts_in=1777537101.013589 ts_out=1777537101.014257 gw_proc_ms=0.668 traceId=exp-perf5000-000877-4c4d98bb
zt-gateway  | [perf-request-in] ts_in=1777537101.014169 ts_out=1777537101.014881 gw_proc_ms=0.712 traceId=exp-perf5000-000879-b9c70fa3
zt-gateway  | [perf-request-in] ts_in=1777537101.014288 ts_out=1777537101.015026 gw_proc_ms=0.738 traceId=exp-perf5000-000878-304e2e0d
zt-gateway  | [perf-request-in] ts_in=1777537101.014912 ts_out=1777537101.015602 gw_proc_ms=0.690 traceId=exp-perf5000-000881-63fa8644
zt-gateway  | [perf-request-in] ts_in=1777537101.015062 ts_out=1777537101.015742 gw_proc_ms=0.680 traceId=exp-perf5000-000880-e75b1fef
zt-gateway  | [perf-request-in] ts_in=1777537101.015644 ts_out=1777537101.016273 gw_proc_ms=0.629 traceId=exp-perf5000-000884-780a41aa
zt-gateway  | [perf-request-in] ts_in=1777537101.015793 ts_out=1777537101.016453 gw_proc_ms=0.660 traceId=exp-perf5000-000882-7fe6725b
zt-gateway  | [perf-request-in] ts_in=1777537101.016310 ts_out=1777537101.016956 gw_proc_ms=0.646 traceId=exp-perf5000-000886-916ac0d2
zt-gateway  | [perf-request-in] ts_in=1777537101.016481 ts_out=1777537101.017212 gw_proc_ms=0.731 traceId=exp-perf5000-000883-57be57cc
zt-gateway  | [perf-request-in] ts_in=1777537101.016990 ts_out=1777537101.017640 gw_proc_ms=0.650 traceId=exp-perf5000-000887-06fcbf5d
zt-gateway  | [perf-request-in] ts_in=1777537101.017270 ts_out=1777537101.018035 gw_proc_ms=0.765 traceId=exp-perf5000-000885-3a362e54
zt-gateway  | [perf-request-in] ts_in=1777537101.017672 ts_out=1777537101.018316 gw_proc_ms=0.644 traceId=exp-perf5000-000890-017349b9
zt-gateway  | [perf-request-in] ts_in=1777537101.018090 ts_out=1777537101.018797 gw_proc_ms=0.707 traceId=exp-perf5000-000888-28a9f3a2
zt-gateway  | [perf-request-in] ts_in=1777537101.018348 ts_out=1777537101.018985 gw_proc_ms=0.637 traceId=exp-perf5000-000892-8b44f6cf
zt-gateway  | [perf-request-in] ts_in=1777537101.018846 ts_out=1777537101.019517 gw_proc_ms=0.671 traceId=exp-perf5000-000889-d6d8e14d
zt-gateway  | [perf-request-in] ts_in=1777537101.019020 ts_out=1777537101.019621 gw_proc_ms=0.601 traceId=exp-perf5000-000895-eec07234
zt-gateway  | [perf-request-in] ts_in=1777537101.019564 ts_out=1777537101.020228 gw_proc_ms=0.664 traceId=exp-perf5000-000891-dee22231
zt-gateway  | [perf-request-in] ts_in=1777537101.019659 ts_out=1777537101.020260 gw_proc_ms=0.601 traceId=exp-perf5000-000897-a8d27992
zt-gateway  | [perf-request-in] ts_in=1777537101.020292 ts_out=1777537101.020892 gw_proc_ms=0.600 traceId=exp-perf5000-000899-fb934620
zt-gateway  | [perf-request-in] ts_in=1777537101.020273 ts_out=1777537101.020895 gw_proc_ms=0.622 traceId=exp-perf5000-000893-ffc24c4e
zt-gateway  | [perf-request-in] ts_in=1777537101.020969 ts_out=1777537101.021539 gw_proc_ms=0.570 traceId=exp-perf5000-000894-c52b0908
zt-gateway  | [perf-request-in] ts_in=1777537101.020958 ts_out=1777537101.021572 gw_proc_ms=0.614 traceId=exp-perf5000-000901-71551a0a
zt-gateway  | [perf-request-in] ts_in=1777537101.021566 ts_out=1777537101.022175 gw_proc_ms=0.609 traceId=exp-perf5000-000896-6ea1349d
zt-gateway  | [perf-request-in] ts_in=1777537101.021616 ts_out=1777537101.022265 gw_proc_ms=0.649 traceId=exp-perf5000-000903-3c9e0c30
zt-gateway  | [perf-request-in] ts_in=1777537101.022206 ts_out=1777537101.022836 gw_proc_ms=0.630 traceId=exp-perf5000-000898-37347f72
zt-gateway  | [perf-request-in] ts_in=1777537101.022309 ts_out=1777537101.022945 gw_proc_ms=0.636 traceId=exp-perf5000-000905-c6e2c296
zt-gateway  | [perf-request-in] ts_in=1777537101.022870 ts_out=1777537101.023491 gw_proc_ms=0.621 traceId=exp-perf5000-000900-9e03cebc
zt-gateway  | [perf-request-in] ts_in=1777537101.022990 ts_out=1777537101.023608 gw_proc_ms=0.618 traceId=exp-perf5000-000907-a3268037
zt-gateway  | [perf-request-in] ts_in=1777537101.023522 ts_out=1777537101.024149 gw_proc_ms=0.627 traceId=exp-perf5000-000902-1632b3d7
zt-gateway  | [perf-request-in] ts_in=1777537101.023648 ts_out=1777537101.024309 gw_proc_ms=0.661 traceId=exp-perf5000-000909-518f1388
zt-gateway  | [perf-request-in] ts_in=1777537101.024182 ts_out=1777537101.024789 gw_proc_ms=0.607 traceId=exp-perf5000-000904-39c8e716
zt-gateway  | [perf-request-in] ts_in=1777537101.024347 ts_out=1777537101.024972 gw_proc_ms=0.625 traceId=exp-perf5000-000910-a19933ed
zt-gateway  | [perf-request-in] ts_in=1777537101.024820 ts_out=1777537101.025417 gw_proc_ms=0.597 traceId=exp-perf5000-000906-5a3a7c85
zt-gateway  | [perf-request-in] ts_in=1777537101.025014 ts_out=1777537101.025680 gw_proc_ms=0.666 traceId=exp-perf5000-000913-5ec2cf93
zt-gateway  | [perf-request-in] ts_in=1777537101.025450 ts_out=1777537101.026093 gw_proc_ms=0.643 traceId=exp-perf5000-000908-fde6b35a
zt-gateway  | [perf-request-in] ts_in=1777537101.025724 ts_out=1777537101.026395 gw_proc_ms=0.671 traceId=exp-perf5000-000914-5e06c8b9
zt-gateway  | [perf-request-in] ts_in=1777537101.026125 ts_out=1777537101.026724 gw_proc_ms=0.599 traceId=exp-perf5000-000911-f20dc5ca
zt-gateway  | [perf-request-in] ts_in=1777537101.026435 ts_out=1777537101.027085 gw_proc_ms=0.650 traceId=exp-perf5000-000916-56461046
zt-gateway  | [perf-request-in] ts_in=1777537101.026757 ts_out=1777537101.027402 gw_proc_ms=0.645 traceId=exp-perf5000-000912-3f92b0d9
zt-gateway  | [perf-request-in] ts_in=1777537101.027128 ts_out=1777537101.027743 gw_proc_ms=0.615 traceId=exp-perf5000-000918-d27a68b0
zt-gateway  | [perf-request-in] ts_in=1777537101.027436 ts_out=1777537101.028038 gw_proc_ms=0.602 traceId=exp-perf5000-000915-20a69279
zt-gateway  | [perf-request-in] ts_in=1777537101.027786 ts_out=1777537101.028449 gw_proc_ms=0.663 traceId=exp-perf5000-000920-db425e00
zt-gateway  | [perf-request-in] ts_in=1777537101.028068 ts_out=1777537101.028706 gw_proc_ms=0.638 traceId=exp-perf5000-000917-d9eb5bf6
zt-gateway  | [perf-request-in] ts_in=1777537101.028486 ts_out=1777537101.029115 gw_proc_ms=0.629 traceId=exp-perf5000-000921-3ffcc90f
zt-gateway  | [perf-request-in] ts_in=1777537101.028741 ts_out=1777537101.029375 gw_proc_ms=0.634 traceId=exp-perf5000-000919-c1cd6bbd
zt-gateway  | [perf-request-in] ts_in=1777537101.029150 ts_out=1777537101.029746 gw_proc_ms=0.596 traceId=exp-perf5000-000924-bd0002da
zt-gateway  | [perf-request-in] ts_in=1777537101.029407 ts_out=1777537101.030025 gw_proc_ms=0.618 traceId=exp-perf5000-000922-3ef5a984
zt-gateway  | [perf-request-in] ts_in=1777537101.029791 ts_out=1777537101.030405 gw_proc_ms=0.614 traceId=exp-perf5000-000925-463f17ec
zt-gateway  | [perf-request-in] ts_in=1777537101.030059 ts_out=1777537101.030681 gw_proc_ms=0.622 traceId=exp-perf5000-000923-9090cd74
zt-gateway  | [perf-request-in] ts_in=1777537101.030439 ts_out=1777537101.031041 gw_proc_ms=0.602 traceId=exp-perf5000-000927-dc51b71c
zt-gateway  | [perf-request-in] ts_in=1777537101.030712 ts_out=1777537101.031332 gw_proc_ms=0.620 traceId=exp-perf5000-000926-7a54fb23
zt-gateway  | [perf-request-in] ts_in=1777537101.031073 ts_out=1777537101.031664 gw_proc_ms=0.591 traceId=exp-perf5000-000929-a073a43b
zt-gateway  | [perf-request-in] ts_in=1777537101.031367 ts_out=1777537101.031991 gw_proc_ms=0.624 traceId=exp-perf5000-000928-393026bd
zt-gateway  | [perf-request-in] ts_in=1777537101.031699 ts_out=1777537101.032325 gw_proc_ms=0.626 traceId=exp-perf5000-000931-5b4f48a8
zt-gateway  | [perf-request-in] ts_in=1777537101.032027 ts_out=1777537101.032642 gw_proc_ms=0.615 traceId=exp-perf5000-000930-4257ae13
zt-gateway  | [perf-request-in] ts_in=1777537101.032359 ts_out=1777537101.032958 gw_proc_ms=0.599 traceId=exp-perf5000-000933-b272f79c
zt-gateway  | [perf-request-in] ts_in=1777537101.032677 ts_out=1777537101.033278 gw_proc_ms=0.601 traceId=exp-perf5000-000932-a9165609
zt-gateway  | [perf-request-in] ts_in=1777537101.032991 ts_out=1777537101.033599 gw_proc_ms=0.608 traceId=exp-perf5000-000935-c454e192
zt-gateway  | [perf-request-in] ts_in=1777537101.033312 ts_out=1777537101.033907 gw_proc_ms=0.595 traceId=exp-perf5000-000934-ff1f5a68
zt-gateway  | [perf-request-in] ts_in=1777537101.033633 ts_out=1777537101.034253 gw_proc_ms=0.620 traceId=exp-perf5000-000937-676c7888
zt-gateway  | [perf-request-in] ts_in=1777537101.033940 ts_out=1777537101.034539 gw_proc_ms=0.599 traceId=exp-perf5000-000936-bc8a7165
zt-gateway  | [perf-request-in] ts_in=1777537101.034286 ts_out=1777537101.034906 gw_proc_ms=0.620 traceId=exp-perf5000-000939-79ecb7cb
zt-gateway  | [perf-request-in] ts_in=1777537101.034573 ts_out=1777537101.035210 gw_proc_ms=0.637 traceId=exp-perf5000-000938-bb7ee5f1
zt-gateway  | [perf-request-in] ts_in=1777537101.034941 ts_out=1777537101.035554 gw_proc_ms=0.613 traceId=exp-perf5000-000941-57da5a09
zt-gateway  | [perf-request-in] ts_in=1777537101.035241 ts_out=1777537101.035829 gw_proc_ms=0.588 traceId=exp-perf5000-000940-0bb22443
zt-gateway  | [perf-request-in] ts_in=1777537101.035582 ts_out=1777537101.036218 gw_proc_ms=0.636 traceId=exp-perf5000-000943-1483fa24
zt-gateway  | [perf-request-in] ts_in=1777537101.035851 ts_out=1777537101.036577 gw_proc_ms=0.726 traceId=exp-perf5000-000942-6429b275
zt-gateway  | [perf-request-in] ts_in=1777537101.036251 ts_out=1777537101.036879 gw_proc_ms=0.628 traceId=exp-perf5000-000945-eef3be92
zt-gateway  | [perf-request-in] ts_in=1777537101.036612 ts_out=1777537101.037250 gw_proc_ms=0.638 traceId=exp-perf5000-000944-2922837e
zt-gateway  | [perf-request-in] ts_in=1777537101.036913 ts_out=1777537101.037529 gw_proc_ms=0.616 traceId=exp-perf5000-000947-eb3c4dd2
zt-gateway  | [perf-request-in] ts_in=1777537101.037283 ts_out=1777537101.037926 gw_proc_ms=0.643 traceId=exp-perf5000-000946-64f3e7f3
zt-gateway  | [perf-request-in] ts_in=1777537101.037563 ts_out=1777537101.038197 gw_proc_ms=0.634 traceId=exp-perf5000-000949-67ee60cb
zt-gateway  | [perf-request-in] ts_in=1777537101.037959 ts_out=1777537101.038575 gw_proc_ms=0.616 traceId=exp-perf5000-000948-408d3e0a
zt-gateway  | [perf-request-in] ts_in=1777537101.038225 ts_out=1777537101.038863 gw_proc_ms=0.638 traceId=exp-perf5000-000951-0b218fb9
zt-gateway  | [perf-request-in] ts_in=1777537101.038606 ts_out=1777537101.039220 gw_proc_ms=0.614 traceId=exp-perf5000-000950-6ec22b30
zt-gateway  | [perf-request-in] ts_in=1777537101.038896 ts_out=1777537101.039499 gw_proc_ms=0.603 traceId=exp-perf5000-000953-a1199563
zt-gateway  | [perf-request-in] ts_in=1777537101.039251 ts_out=1777537101.039868 gw_proc_ms=0.617 traceId=exp-perf5000-000952-151f2bd9
zt-gateway  | [perf-request-in] ts_in=1777537101.039530 ts_out=1777537101.040173 gw_proc_ms=0.643 traceId=exp-perf5000-000955-ea37a57d
zt-gateway  | [perf-request-in] ts_in=1777537101.039904 ts_out=1777537101.040557 gw_proc_ms=0.653 traceId=exp-perf5000-000954-005752ae
zt-gateway  | [perf-request-in] ts_in=1777537101.040204 ts_out=1777537101.040889 gw_proc_ms=0.685 traceId=exp-perf5000-000957-2d3e49ed
zt-gateway  | [perf-request-in] ts_in=1777537101.040592 ts_out=1777537101.041275 gw_proc_ms=0.683 traceId=exp-perf5000-000956-1ad52748
zt-gateway  | [perf-request-in] ts_in=1777537101.040921 ts_out=1777537101.041576 gw_proc_ms=0.655 traceId=exp-perf5000-000959-a565a8e3
zt-gateway  | [perf-request-in] ts_in=1777537101.041305 ts_out=1777537101.041910 gw_proc_ms=0.605 traceId=exp-perf5000-000958-048018f9
zt-gateway  | [perf-request-in] ts_in=1777537101.041600 ts_out=1777537101.042328 gw_proc_ms=0.728 traceId=exp-perf5000-000960-1d95d768
zt-gateway  | [perf-request-in] ts_in=1777537101.041947 ts_out=1777537101.042560 gw_proc_ms=0.613 traceId=exp-perf5000-000961-0fa3371c
zt-gateway  | [perf-request-in] ts_in=1777537101.042381 ts_out=1777537101.043085 gw_proc_ms=0.704 traceId=exp-perf5000-000962-83d91d6c
zt-gateway  | [perf-request-in] ts_in=1777537101.042590 ts_out=1777537101.043240 gw_proc_ms=0.650 traceId=exp-perf5000-000963-5cbb2ea2
zt-gateway  | [perf-request-in] ts_in=1777537101.043132 ts_out=1777537101.043838 gw_proc_ms=0.706 traceId=exp-perf5000-000965-c195d32d
zt-gateway  | [perf-request-in] ts_in=1777537101.043273 ts_out=1777537101.043965 gw_proc_ms=0.692 traceId=exp-perf5000-000964-2431f06a
zt-gateway  | [perf-request-in] ts_in=1777537101.043874 ts_out=1777537101.044513 gw_proc_ms=0.639 traceId=exp-perf5000-000966-f7884e4f
zt-gateway  | [perf-request-in] ts_in=1777537101.043986 ts_out=1777537101.044720 gw_proc_ms=0.734 traceId=exp-perf5000-000967-0363728f
zt-gateway  | [perf-request-in] ts_in=1777537101.044548 ts_out=1777537101.045248 gw_proc_ms=0.700 traceId=exp-perf5000-000969-dea1da1c
zt-gateway  | [perf-request-in] ts_in=1777537101.044757 ts_out=1777537101.045409 gw_proc_ms=0.652 traceId=exp-perf5000-000968-72846295
zt-gateway  | [perf-request-in] ts_in=1777537101.045445 ts_out=1777537101.046066 gw_proc_ms=0.621 traceId=exp-perf5000-000970-288d2c52
zt-gateway  | [perf-request-in] ts_in=1777537101.045414 ts_out=1777537101.046253 gw_proc_ms=0.839 traceId=exp-perf5000-000971-4f641da0
zt-gateway  | [perf-request-in] ts_in=1777537101.046097 ts_out=1777537101.047077 gw_proc_ms=0.980 traceId=exp-perf5000-000972-b63f631f
zt-gateway  | [perf-request-in] ts_in=1777537101.046402 ts_out=1777537101.047135 gw_proc_ms=0.733 traceId=exp-perf5000-000973-386a8ad2
zt-gateway  | [perf-request-in] ts_in=1777537101.047114 ts_out=1777537101.047698 gw_proc_ms=0.584 traceId=exp-perf5000-000974-685a7bb4
zt-gateway  | [perf-request-in] ts_in=1777537101.047196 ts_out=1777537101.047837 gw_proc_ms=0.641 traceId=exp-perf5000-000975-dcbad1df
zt-gateway  | [perf-request-in] ts_in=1777537101.047731 ts_out=1777537101.048347 gw_proc_ms=0.616 traceId=exp-perf5000-000976-9c4a0027
zt-gateway  | [perf-request-in] ts_in=1777537101.047878 ts_out=1777537101.048508 gw_proc_ms=0.630 traceId=exp-perf5000-000977-91049193
zt-gateway  | [perf-request-in] ts_in=1777537101.048379 ts_out=1777537101.048992 gw_proc_ms=0.613 traceId=exp-perf5000-000979-085a7016
zt-gateway  | [perf-request-in] ts_in=1777537101.048541 ts_out=1777537101.049150 gw_proc_ms=0.609 traceId=exp-perf5000-000978-988ec511
zt-gateway  | [perf-request-in] ts_in=1777537101.049015 ts_out=1777537101.049608 gw_proc_ms=0.593 traceId=exp-perf5000-000981-1af16bfa
zt-gateway  | [perf-request-in] ts_in=1777537101.049179 ts_out=1777537101.049848 gw_proc_ms=0.669 traceId=exp-perf5000-000980-25f06fb9
zt-gateway  | [perf-request-in] ts_in=1777537101.049647 ts_out=1777537101.050266 gw_proc_ms=0.619 traceId=exp-perf5000-000983-3a8835a0
zt-gateway  | [perf-request-in] ts_in=1777537101.049878 ts_out=1777537101.050509 gw_proc_ms=0.631 traceId=exp-perf5000-000982-20d08d46
zt-gateway  | [perf-request-in] ts_in=1777537101.050296 ts_out=1777537101.050905 gw_proc_ms=0.609 traceId=exp-perf5000-000985-13ed5668
zt-gateway  | [perf-request-in] ts_in=1777537101.050544 ts_out=1777537101.051174 gw_proc_ms=0.630 traceId=exp-perf5000-000984-21f879fc
zt-gateway  | [perf-request-in] ts_in=1777537101.050937 ts_out=1777537101.051521 gw_proc_ms=0.584 traceId=exp-perf5000-000987-53b6721f
zt-gateway  | [perf-request-in] ts_in=1777537101.051201 ts_out=1777537101.051807 gw_proc_ms=0.606 traceId=exp-perf5000-000986-1c507756
zt-gateway  | [perf-request-in] ts_in=1777537101.051548 ts_out=1777537101.052139 gw_proc_ms=0.591 traceId=exp-perf5000-000989-4eb018cb
zt-gateway  | [perf-request-in] ts_in=1777537101.051847 ts_out=1777537101.052479 gw_proc_ms=0.632 traceId=exp-perf5000-000988-80ee37bd
zt-gateway  | [perf-request-in] ts_in=1777537101.052172 ts_out=1777537101.052843 gw_proc_ms=0.671 traceId=exp-perf5000-000992-c1f1956f
zt-gateway  | [perf-request-in] ts_in=1777537101.052515 ts_out=1777537101.053225 gw_proc_ms=0.710 traceId=exp-perf5000-000990-f9a9ed2d
zt-gateway  | [perf-request-in] ts_in=1777537101.052875 ts_out=1777537101.053479 gw_proc_ms=0.604 traceId=exp-perf5000-000994-219528b6
zt-gateway  | [perf-request-in] ts_in=1777537101.053262 ts_out=1777537101.053914 gw_proc_ms=0.652 traceId=exp-perf5000-000991-30f8256e
zt-gateway  | [perf-request-in] ts_in=1777537101.053506 ts_out=1777537101.054143 gw_proc_ms=0.637 traceId=exp-perf5000-000995-895fda45
zt-gateway  | [perf-request-in] ts_in=1777537101.053953 ts_out=1777537101.054583 gw_proc_ms=0.630 traceId=exp-perf5000-000993-3a8f497e
zt-gateway  | [perf-request-in] ts_in=1777537101.054171 ts_out=1777537101.054797 gw_proc_ms=0.626 traceId=exp-perf5000-000998-01152402
zt-gateway  | [perf-request-in] ts_in=1777537101.054618 ts_out=1777537101.055246 gw_proc_ms=0.628 traceId=exp-perf5000-000996-33d4c431
zt-gateway  | [perf-request-in] ts_in=1777537101.054834 ts_out=1777537101.055457 gw_proc_ms=0.623 traceId=exp-perf5000-001000-4a3c93bc
zt-gateway  | [perf-request-in] ts_in=1777537101.055279 ts_out=1777537101.055956 gw_proc_ms=0.677 traceId=exp-perf5000-000997-1eb26812
zt-gateway  | [perf-request-in] ts_in=1777537101.055493 ts_out=1777537101.056129 gw_proc_ms=0.636 traceId=exp-perf5000-001001-226a3952
zt-gateway  | [perf-request-in] ts_in=1777537101.055998 ts_out=1777537101.056717 gw_proc_ms=0.719 traceId=exp-perf5000-000999-47acf88c
zt-gateway  | [perf-request-in] ts_in=1777537101.056159 ts_out=1777537101.056774 gw_proc_ms=0.615 traceId=exp-perf5000-001003-47dc68bf
zt-gateway  | [perf-request-in] ts_in=1777537101.056810 ts_out=1777537101.057472 gw_proc_ms=0.662 traceId=exp-perf5000-001005-ada0af6a
zt-gateway  | [perf-request-in] ts_in=1777537101.056765 ts_out=1777537101.057550 gw_proc_ms=0.785 traceId=exp-perf5000-001002-5c848d57
zt-gateway  | [perf-request-in] ts_in=1777537101.057512 ts_out=1777537101.058163 gw_proc_ms=0.651 traceId=exp-perf5000-001007-2223089d
zt-gateway  | [perf-request-in] ts_in=1777537101.057592 ts_out=1777537101.058308 gw_proc_ms=0.716 traceId=exp-perf5000-001004-f19e3f45
zt-gateway  | [perf-request-in] ts_in=1777537101.058192 ts_out=1777537101.058886 gw_proc_ms=0.694 traceId=exp-perf5000-001009-7fc49b54
zt-gateway  | [perf-request-in] ts_in=1777537101.058356 ts_out=1777537101.059085 gw_proc_ms=0.729 traceId=exp-perf5000-001006-0bd38b1f
zt-gateway  | [perf-request-in] ts_in=1777537101.058945 ts_out=1777537101.059565 gw_proc_ms=0.620 traceId=exp-perf5000-001011-ba3bab80
zt-gateway  | [perf-request-in] ts_in=1777537101.059124 ts_out=1777537101.059760 gw_proc_ms=0.636 traceId=exp-perf5000-001008-9f0c1fbd
zt-gateway  | [perf-request-in] ts_in=1777537101.059593 ts_out=1777537101.060202 gw_proc_ms=0.609 traceId=exp-perf5000-001013-dfb15b97
zt-gateway  | [perf-request-in] ts_in=1777537101.059809 ts_out=1777537101.060465 gw_proc_ms=0.656 traceId=exp-perf5000-001010-d0abe966
zt-gateway  | [perf-request-in] ts_in=1777537101.060230 ts_out=1777537101.060871 gw_proc_ms=0.641 traceId=exp-perf5000-001015-818b0764
zt-gateway  | [perf-request-in] ts_in=1777537101.060531 ts_out=1777537101.061216 gw_proc_ms=0.685 traceId=exp-perf5000-001012-4c323014
zt-gateway  | [perf-request-in] ts_in=1777537101.060900 ts_out=1777537101.061532 gw_proc_ms=0.632 traceId=exp-perf5000-001017-a123ec2e
zt-gateway  | [perf-request-in] ts_in=1777537101.061256 ts_out=1777537101.061904 gw_proc_ms=0.648 traceId=exp-perf5000-001014-38d9452b
zt-gateway  | [perf-request-in] ts_in=1777537101.061568 ts_out=1777537101.062211 gw_proc_ms=0.643 traceId=exp-perf5000-001019-d0d80273
zt-gateway  | [perf-request-in] ts_in=1777537101.061941 ts_out=1777537101.062558 gw_proc_ms=0.617 traceId=exp-perf5000-001016-b42acb6f
zt-gateway  | [perf-request-in] ts_in=1777537101.062243 ts_out=1777537101.062858 gw_proc_ms=0.615 traceId=exp-perf5000-001021-6213e35f
zt-gateway  | [perf-request-in] ts_in=1777537101.062594 ts_out=1777537101.063213 gw_proc_ms=0.619 traceId=exp-perf5000-001018-f5ed486b
zt-gateway  | [perf-request-in] ts_in=1777537101.062892 ts_out=1777537101.063498 gw_proc_ms=0.606 traceId=exp-perf5000-001023-6689d635
zt-gateway  | [perf-request-in] ts_in=1777537101.063247 ts_out=1777537101.063891 gw_proc_ms=0.644 traceId=exp-perf5000-001020-df9f9f61
zt-gateway  | [perf-request-in] ts_in=1777537101.063553 ts_out=1777537101.064234 gw_proc_ms=0.681 traceId=exp-perf5000-001025-cd183bf6
zt-gateway  | [perf-request-in] ts_in=1777537101.063929 ts_out=1777537101.064539 gw_proc_ms=0.610 traceId=exp-perf5000-001022-4613dc6a
zt-gateway  | [perf-request-in] ts_in=1777537101.064278 ts_out=1777537101.064972 gw_proc_ms=0.694 traceId=exp-perf5000-001027-5bfa7935
zt-gateway  | [perf-request-in] ts_in=1777537101.064572 ts_out=1777537101.065218 gw_proc_ms=0.646 traceId=exp-perf5000-001024-e6c536d1
zt-gateway  | [perf-request-in] ts_in=1777537101.065011 ts_out=1777537101.065667 gw_proc_ms=0.656 traceId=exp-perf5000-001029-5a12aacd
zt-gateway  | [perf-request-in] ts_in=1777537101.065251 ts_out=1777537101.065879 gw_proc_ms=0.628 traceId=exp-perf5000-001026-58c78449
zt-gateway  | [perf-request-in] ts_in=1777537101.065703 ts_out=1777537101.066373 gw_proc_ms=0.670 traceId=exp-perf5000-001031-f410ecd0
zt-gateway  | [perf-request-in] ts_in=1777537101.065924 ts_out=1777537101.066583 gw_proc_ms=0.659 traceId=exp-perf5000-001028-02530afa
zt-gateway  | [perf-request-in] ts_in=1777537101.066412 ts_out=1777537101.067059 gw_proc_ms=0.647 traceId=exp-perf5000-001033-80faf834
zt-gateway  | [perf-request-in] ts_in=1777537101.066622 ts_out=1777537101.067270 gw_proc_ms=0.648 traceId=exp-perf5000-001030-9b552b46
zt-gateway  | [perf-request-in] ts_in=1777537101.067102 ts_out=1777537101.067759 gw_proc_ms=0.657 traceId=exp-perf5000-001035-b2f72d25
zt-gateway  | [perf-request-in] ts_in=1777537101.067306 ts_out=1777537101.067945 gw_proc_ms=0.639 traceId=exp-perf5000-001032-a3b974b1
zt-gateway  | [perf-request-in] ts_in=1777537101.067801 ts_out=1777537101.068454 gw_proc_ms=0.653 traceId=exp-perf5000-001037-2ba3948b
zt-gateway  | [perf-request-in] ts_in=1777537101.067984 ts_out=1777537101.068616 gw_proc_ms=0.632 traceId=exp-perf5000-001034-0183c7d2
zt-gateway  | [perf-request-in] ts_in=1777537101.068489 ts_out=1777537101.069143 gw_proc_ms=0.654 traceId=exp-perf5000-001039-a622535d
zt-gateway  | [perf-request-in] ts_in=1777537101.068651 ts_out=1777537101.069310 gw_proc_ms=0.659 traceId=exp-perf5000-001036-1f657ec4
zt-gateway  | [perf-request-in] ts_in=1777537101.069174 ts_out=1777537101.069768 gw_proc_ms=0.594 traceId=exp-perf5000-001041-9a8992da
zt-gateway  | [perf-request-in] ts_in=1777537101.069340 ts_out=1777537101.069967 gw_proc_ms=0.627 traceId=exp-perf5000-001038-b253a244
zt-gateway  | [perf-request-in] ts_in=1777537101.069805 ts_out=1777537101.070393 gw_proc_ms=0.588 traceId=exp-perf5000-001043-62bbbecd
zt-gateway  | [perf-request-in] ts_in=1777537101.069998 ts_out=1777537101.070599 gw_proc_ms=0.601 traceId=exp-perf5000-001040-53344cc1
zt-gateway  | [perf-request-in] ts_in=1777537101.070426 ts_out=1777537101.071016 gw_proc_ms=0.590 traceId=exp-perf5000-001045-5d38c29a
zt-gateway  | [perf-request-in] ts_in=1777537101.070649 ts_out=1777537101.071267 gw_proc_ms=0.618 traceId=exp-perf5000-001042-b7249eb4
zt-gateway  | [perf-request-in] ts_in=1777537101.071046 ts_out=1777537101.071625 gw_proc_ms=0.579 traceId=exp-perf5000-001047-2e1ab6c0
zt-gateway  | [perf-request-in] ts_in=1777537101.071301 ts_out=1777537101.071904 gw_proc_ms=0.603 traceId=exp-perf5000-001044-9802f41c
zt-gateway  | [perf-request-in] ts_in=1777537101.071664 ts_out=1777537101.072288 gw_proc_ms=0.624 traceId=exp-perf5000-001049-ab979f3a
zt-gateway  | [perf-request-in] ts_in=1777537101.071940 ts_out=1777537101.072523 gw_proc_ms=0.583 traceId=exp-perf5000-001046-1fa18034
zt-gateway  | [perf-request-in] ts_in=1777537101.072321 ts_out=1777537101.072947 gw_proc_ms=0.626 traceId=exp-perf5000-001051-9a9d6982
zt-gateway  | [perf-request-in] ts_in=1777537101.072558 ts_out=1777537101.073173 gw_proc_ms=0.615 traceId=exp-perf5000-001048-48574591
zt-gateway  | [perf-request-in] ts_in=1777537101.072984 ts_out=1777537101.073579 gw_proc_ms=0.595 traceId=exp-perf5000-001053-82af9a2e
zt-gateway  | [perf-request-in] ts_in=1777537101.073198 ts_out=1777537101.073792 gw_proc_ms=0.594 traceId=exp-perf5000-001050-84ca01bf
zt-gateway  | [perf-request-in] ts_in=1777537101.073612 ts_out=1777537101.074260 gw_proc_ms=0.648 traceId=exp-perf5000-001055-e66b9deb
zt-gateway  | [perf-request-in] ts_in=1777537101.073815 ts_out=1777537101.074434 gw_proc_ms=0.619 traceId=exp-perf5000-001052-20a1f800
zt-gateway  | [perf-request-in] ts_in=1777537101.074296 ts_out=1777537101.074942 gw_proc_ms=0.646 traceId=exp-perf5000-001057-5d06b206
zt-gateway  | [perf-request-in] ts_in=1777537101.074467 ts_out=1777537101.075068 gw_proc_ms=0.601 traceId=exp-perf5000-001054-27f4fd22
zt-gateway  | [perf-request-in] ts_in=1777537101.074971 ts_out=1777537101.075595 gw_proc_ms=0.624 traceId=exp-perf5000-001059-5cc66b28
zt-gateway  | [perf-request-in] ts_in=1777537101.075105 ts_out=1777537101.075686 gw_proc_ms=0.581 traceId=exp-perf5000-001056-e492719f
zt-gateway  | [perf-request-in] ts_in=1777537101.075632 ts_out=1777537101.076233 gw_proc_ms=0.601 traceId=exp-perf5000-001061-a179a317
zt-gateway  | [perf-request-in] ts_in=1777537101.075715 ts_out=1777537101.076322 gw_proc_ms=0.607 traceId=exp-perf5000-001058-5ed4d223
zt-gateway  | [perf-request-in] ts_in=1777537101.076268 ts_out=1777537101.076885 gw_proc_ms=0.617 traceId=exp-perf5000-001063-43fc694d
zt-gateway  | [perf-request-in] ts_in=1777537101.076351 ts_out=1777537101.076961 gw_proc_ms=0.610 traceId=exp-perf5000-001060-5078e7a6
zt-gateway  | [perf-request-in] ts_in=1777537101.076922 ts_out=1777537101.077529 gw_proc_ms=0.607 traceId=exp-perf5000-001064-32eff7a0
zt-gateway  | [perf-request-in] ts_in=1777537101.076998 ts_out=1777537101.077577 gw_proc_ms=0.579 traceId=exp-perf5000-001062-f5df7178
zt-gateway  | [perf-request-in] ts_in=1777537101.077561 ts_out=1777537101.078182 gw_proc_ms=0.621 traceId=exp-perf5000-001067-f246c226
zt-gateway  | [perf-request-in] ts_in=1777537101.077609 ts_out=1777537101.078197 gw_proc_ms=0.588 traceId=exp-perf5000-001065-5d543a98
zt-gateway  | [perf-request-in] ts_in=1777537101.078229 ts_out=1777537101.078832 gw_proc_ms=0.603 traceId=exp-perf5000-001066-33113f52
zt-gateway  | [perf-request-in] ts_in=1777537101.078221 ts_out=1777537101.078832 gw_proc_ms=0.611 traceId=exp-perf5000-001069-31ca2719
zt-gateway  | [perf-request-in] ts_in=1777537101.078860 ts_out=1777537101.079469 gw_proc_ms=0.609 traceId=exp-perf5000-001068-728f1cae
zt-gateway  | [perf-request-in] ts_in=1777537101.078862 ts_out=1777537101.079481 gw_proc_ms=0.619 traceId=exp-perf5000-001070-827bbb50
zt-gateway  | [perf-request-in] ts_in=1777537101.079499 ts_out=1777537101.080102 gw_proc_ms=0.603 traceId=exp-perf5000-001071-02da0eda
zt-gateway  | [perf-request-in] ts_in=1777537101.079512 ts_out=1777537101.080116 gw_proc_ms=0.604 traceId=exp-perf5000-001072-6218d49e
zt-gateway  | [perf-request-in] ts_in=1777537101.080133 ts_out=1777537101.080754 gw_proc_ms=0.621 traceId=exp-perf5000-001073-1e769018
zt-gateway  | [perf-request-in] ts_in=1777537101.080147 ts_out=1777537101.080768 gw_proc_ms=0.621 traceId=exp-perf5000-001074-96be972a
zt-gateway  | [perf-request-in] ts_in=1777537101.080800 ts_out=1777537101.081428 gw_proc_ms=0.628 traceId=exp-perf5000-001076-f2eb9a53
zt-gateway  | [perf-request-in] ts_in=1777537101.080796 ts_out=1777537101.081518 gw_proc_ms=0.722 traceId=exp-perf5000-001075-34518864
zt-gateway  | [perf-request-in] ts_in=1777537101.081463 ts_out=1777537101.082111 gw_proc_ms=0.648 traceId=exp-perf5000-001079-058e1820
zt-gateway  | [perf-request-in] ts_in=1777537101.081563 ts_out=1777537101.082241 gw_proc_ms=0.678 traceId=exp-perf5000-001077-d46e2ad5
zt-gateway  | [perf-request-in] ts_in=1777537101.082154 ts_out=1777537101.082801 gw_proc_ms=0.647 traceId=exp-perf5000-001080-aab442e6
zt-gateway  | [perf-request-in] ts_in=1777537101.082289 ts_out=1777537101.082964 gw_proc_ms=0.675 traceId=exp-perf5000-001078-5792abaf
zt-gateway  | [perf-request-in] ts_in=1777537101.082832 ts_out=1777537101.083473 gw_proc_ms=0.641 traceId=exp-perf5000-001082-0a383b68
zt-gateway  | [perf-request-in] ts_in=1777537101.083005 ts_out=1777537101.083622 gw_proc_ms=0.617 traceId=exp-perf5000-001081-2ce5ab4e
zt-gateway  | [perf-request-in] ts_in=1777537101.083505 ts_out=1777537101.084119 gw_proc_ms=0.614 traceId=exp-perf5000-001084-df420b7a
zt-gateway  | [perf-request-in] ts_in=1777537101.083657 ts_out=1777537101.084264 gw_proc_ms=0.607 traceId=exp-perf5000-001083-f8035b10
zt-gateway  | [perf-request-in] ts_in=1777537101.084148 ts_out=1777537101.084772 gw_proc_ms=0.624 traceId=exp-perf5000-001086-3f5b97b6
zt-gateway  | [perf-request-in] ts_in=1777537101.084296 ts_out=1777537101.084937 gw_proc_ms=0.641 traceId=exp-perf5000-001085-e69920c0
zt-gateway  | [perf-request-in] ts_in=1777537101.084813 ts_out=1777537101.085425 gw_proc_ms=0.612 traceId=exp-perf5000-001088-55820653
zt-gateway  | [perf-request-in] ts_in=1777537101.084965 ts_out=1777537101.085591 gw_proc_ms=0.626 traceId=exp-perf5000-001087-c922791c
zt-gateway  | [perf-request-in] ts_in=1777537101.085457 ts_out=1777537101.086079 gw_proc_ms=0.622 traceId=exp-perf5000-001090-b09ea2f1
zt-gateway  | [perf-request-in] ts_in=1777537101.085619 ts_out=1777537101.086228 gw_proc_ms=0.609 traceId=exp-perf5000-001089-f7644ad5
zt-gateway  | [perf-request-in] ts_in=1777537101.086107 ts_out=1777537101.086704 gw_proc_ms=0.597 traceId=exp-perf5000-001092-657dbb9a
zt-gateway  | [perf-request-in] ts_in=1777537101.086254 ts_out=1777537101.086877 gw_proc_ms=0.623 traceId=exp-perf5000-001091-f0a6738b
zt-gateway  | [perf-request-in] ts_in=1777537101.086729 ts_out=1777537101.087364 gw_proc_ms=0.635 traceId=exp-perf5000-001094-767245ac
zt-gateway  | [perf-request-in] ts_in=1777537101.086919 ts_out=1777537101.087567 gw_proc_ms=0.648 traceId=exp-perf5000-001093-170e26d9
zt-gateway  | [perf-request-in] ts_in=1777537101.087399 ts_out=1777537101.088058 gw_proc_ms=0.659 traceId=exp-perf5000-001096-89588a58
zt-gateway  | [perf-request-in] ts_in=1777537101.087605 ts_out=1777537101.088277 gw_proc_ms=0.672 traceId=exp-perf5000-001095-1af9695a
zt-gateway  | [perf-request-in] ts_in=1777537101.088095 ts_out=1777537101.088858 gw_proc_ms=0.763 traceId=exp-perf5000-001098-80d1c3f0
zt-gateway  | [perf-request-in] ts_in=1777537101.088322 ts_out=1777537101.088972 gw_proc_ms=0.650 traceId=exp-perf5000-001097-16258fdf
zt-gateway  | [perf-request-in] ts_in=1777537101.089007 ts_out=1777537101.089643 gw_proc_ms=0.636 traceId=exp-perf5000-001099-eca5d096
zt-gateway  | [perf-request-in] ts_in=1777537101.089070 ts_out=1777537101.089835 gw_proc_ms=0.765 traceId=exp-perf5000-001100-8dd57104
zt-gateway  | [perf-request-in] ts_in=1777537101.089680 ts_out=1777537101.090314 gw_proc_ms=0.634 traceId=exp-perf5000-001101-fc31ee51
zt-gateway  | [perf-request-in] ts_in=1777537101.089911 ts_out=1777537101.090574 gw_proc_ms=0.663 traceId=exp-perf5000-001102-c0702956
zt-gateway  | [perf-request-in] ts_in=1777537101.090344 ts_out=1777537101.091140 gw_proc_ms=0.796 traceId=exp-perf5000-001104-6ac66ebf
zt-gateway  | [perf-request-in] ts_in=1777537101.090604 ts_out=1777537101.091248 gw_proc_ms=0.644 traceId=exp-perf5000-001103-4770d006
zt-gateway  | [perf-request-in] ts_in=1777537101.091176 ts_out=1777537101.091928 gw_proc_ms=0.752 traceId=exp-perf5000-001106-daa40a1b
zt-gateway  | [perf-request-in] ts_in=1777537101.091282 ts_out=1777537101.091937 gw_proc_ms=0.655 traceId=exp-perf5000-001105-531f3f36
zt-gateway  | [perf-request-in] ts_in=1777537101.091956 ts_out=1777537101.092576 gw_proc_ms=0.620 traceId=exp-perf5000-001108-9ba19e9c
zt-gateway  | [perf-request-in] ts_in=1777537101.091964 ts_out=1777537101.092582 gw_proc_ms=0.618 traceId=exp-perf5000-001107-62ddd89c
zt-gateway  | [perf-request-in] ts_in=1777537101.092616 ts_out=1777537101.093294 gw_proc_ms=0.678 traceId=exp-perf5000-001109-5433253f
zt-gateway  | [perf-request-in] ts_in=1777537101.092616 ts_out=1777537101.093295 gw_proc_ms=0.679 traceId=exp-perf5000-001110-93a20872
zt-gateway  | [perf-request-in] ts_in=1777537101.093330 ts_out=1777537101.093925 gw_proc_ms=0.595 traceId=exp-perf5000-001111-0a692f0c
zt-gateway  | [perf-request-in] ts_in=1777537101.093336 ts_out=1777537101.093969 gw_proc_ms=0.633 traceId=exp-perf5000-001112-a885c9b1
zt-gateway  | [perf-request-in] ts_in=1777537101.093964 ts_out=1777537101.094564 gw_proc_ms=0.600 traceId=exp-perf5000-001113-985f4c68
zt-gateway  | [perf-request-in] ts_in=1777537101.094008 ts_out=1777537101.094601 gw_proc_ms=0.593 traceId=exp-perf5000-001114-f85be8a2
zt-gateway  | [perf-request-in] ts_in=1777537101.094598 ts_out=1777537101.095224 gw_proc_ms=0.626 traceId=exp-perf5000-001115-efd7cd44
zt-gateway  | [perf-request-in] ts_in=1777537101.094638 ts_out=1777537101.095255 gw_proc_ms=0.617 traceId=exp-perf5000-001116-e34c9fd6
zt-gateway  | [perf-request-in] ts_in=1777537101.095258 ts_out=1777537101.095873 gw_proc_ms=0.615 traceId=exp-perf5000-001117-b1793585
zt-gateway  | [perf-request-in] ts_in=1777537101.095288 ts_out=1777537101.095916 gw_proc_ms=0.628 traceId=exp-perf5000-001118-bff9fbb4
zt-gateway  | [perf-request-in] ts_in=1777537101.095911 ts_out=1777537101.096485 gw_proc_ms=0.574 traceId=exp-perf5000-001119-857af4f0
zt-gateway  | [perf-request-in] ts_in=1777537101.095943 ts_out=1777537101.096586 gw_proc_ms=0.643 traceId=exp-perf5000-001120-f508eadd
zt-gateway  | [perf-request-in] ts_in=1777537101.096521 ts_out=1777537101.097211 gw_proc_ms=0.690 traceId=exp-perf5000-001121-47b51739
zt-gateway  | [perf-request-in] ts_in=1777537101.096628 ts_out=1777537101.097306 gw_proc_ms=0.678 traceId=exp-perf5000-001122-8465dff4
zt-gateway  | [perf-request-in] ts_in=1777537101.097242 ts_out=1777537101.097941 gw_proc_ms=0.699 traceId=exp-perf5000-001123-132703d0
zt-gateway  | [perf-request-in] ts_in=1777537101.097332 ts_out=1777537101.098142 gw_proc_ms=0.810 traceId=exp-perf5000-001124-637bf991
zt-gateway  | [perf-request-in] ts_in=1777537101.097979 ts_out=1777537101.098685 gw_proc_ms=0.706 traceId=exp-perf5000-001125-af6c3f6b
zt-gateway  | [perf-request-in] ts_in=1777537101.098196 ts_out=1777537101.098963 gw_proc_ms=0.767 traceId=exp-perf5000-001126-1d5a6419
zt-gateway  | [perf-request-in] ts_in=1777537101.098720 ts_out=1777537101.099415 gw_proc_ms=0.695 traceId=exp-perf5000-001127-122fc4b0
zt-gateway  | [perf-request-in] ts_in=1777537101.099010 ts_out=1777537101.099725 gw_proc_ms=0.715 traceId=exp-perf5000-001128-21e02026
zt-gateway  | [perf-request-in] ts_in=1777537101.099451 ts_out=1777537101.100110 gw_proc_ms=0.659 traceId=exp-perf5000-001129-c1fcc224
zt-gateway  | [perf-request-in] ts_in=1777537101.099768 ts_out=1777537101.100470 gw_proc_ms=0.702 traceId=exp-perf5000-001130-227b0ae2
zt-gateway  | [perf-request-in] ts_in=1777537101.100149 ts_out=1777537101.100828 gw_proc_ms=0.679 traceId=exp-perf5000-001131-45ebdbdc
zt-gateway  | [perf-request-in] ts_in=1777537101.100512 ts_out=1777537101.101203 gw_proc_ms=0.691 traceId=exp-perf5000-001132-43df64e9
zt-gateway  | [perf-request-in] ts_in=1777537101.100863 ts_out=1777537101.101522 gw_proc_ms=0.659 traceId=exp-perf5000-001133-1c1f861a
zt-gateway  | [perf-request-in] ts_in=1777537101.101248 ts_out=1777537101.101922 gw_proc_ms=0.674 traceId=exp-perf5000-001134-0edbdfd8
zt-gateway  | [perf-request-in] ts_in=1777537101.101552 ts_out=1777537101.102208 gw_proc_ms=0.656 traceId=exp-perf5000-001135-5a75cc14
zt-gateway  | [perf-request-in] ts_in=1777537101.101955 ts_out=1777537101.102623 gw_proc_ms=0.668 traceId=exp-perf5000-001136-72ea31ea
zt-gateway  | [perf-request-in] ts_in=1777537101.102234 ts_out=1777537101.102923 gw_proc_ms=0.689 traceId=exp-perf5000-001137-99c3032c
zt-gateway  | [perf-request-in] ts_in=1777537101.102663 ts_out=1777537101.103353 gw_proc_ms=0.690 traceId=exp-perf5000-001138-1c9d71e8
zt-gateway  | [perf-request-in] ts_in=1777537101.102956 ts_out=1777537101.103749 gw_proc_ms=0.793 traceId=exp-perf5000-001139-df0b0946
zt-gateway  | [perf-request-in] ts_in=1777537101.103402 ts_out=1777537101.104152 gw_proc_ms=0.750 traceId=exp-perf5000-001140-5105370c
zt-gateway  | [perf-request-in] ts_in=1777537101.103809 ts_out=1777537101.104562 gw_proc_ms=0.753 traceId=exp-perf5000-001141-839328f7
zt-gateway  | [perf-request-in] ts_in=1777537101.104200 ts_out=1777537101.104918 gw_proc_ms=0.718 traceId=exp-perf5000-001142-f656f36d
zt-gateway  | [perf-request-in] ts_in=1777537101.104605 ts_out=1777537101.105318 gw_proc_ms=0.713 traceId=exp-perf5000-001143-797b9db6
zt-gateway  | [perf-request-in] ts_in=1777537101.104953 ts_out=1777537101.105624 gw_proc_ms=0.671 traceId=exp-perf5000-001144-8b4854b1
zt-gateway  | [perf-request-in] ts_in=1777537101.105359 ts_out=1777537101.106037 gw_proc_ms=0.678 traceId=exp-perf5000-001145-2e4945ce
zt-gateway  | [perf-request-in] ts_in=1777537101.105660 ts_out=1777537101.106365 gw_proc_ms=0.705 traceId=exp-perf5000-001146-9d03b410
zt-gateway  | [perf-request-in] ts_in=1777537101.106073 ts_out=1777537101.106763 gw_proc_ms=0.690 traceId=exp-perf5000-001147-9ea54f71
zt-gateway  | [perf-request-in] ts_in=1777537101.106401 ts_out=1777537101.107106 gw_proc_ms=0.705 traceId=exp-perf5000-001148-3bed41e0
zt-gateway  | [perf-request-in] ts_in=1777537101.106805 ts_out=1777537101.107454 gw_proc_ms=0.649 traceId=exp-perf5000-001149-3c9455a4
zt-gateway  | [perf-request-in] ts_in=1777537101.107140 ts_out=1777537101.107796 gw_proc_ms=0.656 traceId=exp-perf5000-001150-75c864fd
zt-gateway  | [perf-request-in] ts_in=1777537101.107489 ts_out=1777537101.108143 gw_proc_ms=0.654 traceId=exp-perf5000-001151-97488846
zt-gateway  | [perf-request-in] ts_in=1777537101.107833 ts_out=1777537101.108487 gw_proc_ms=0.654 traceId=exp-perf5000-001152-2783bc7c
zt-gateway  | [perf-request-in] ts_in=1777537101.108175 ts_out=1777537101.108826 gw_proc_ms=0.651 traceId=exp-perf5000-001153-472ef1a7
zt-gateway  | [perf-request-in] ts_in=1777537101.108525 ts_out=1777537101.109180 gw_proc_ms=0.655 traceId=exp-perf5000-001154-3da13f55
zt-gateway  | [perf-request-in] ts_in=1777537101.108875 ts_out=1777537101.109579 gw_proc_ms=0.704 traceId=exp-perf5000-001155-c125bf91
zt-gateway  | [perf-request-in] ts_in=1777537101.109216 ts_out=1777537101.109832 gw_proc_ms=0.616 traceId=exp-perf5000-001156-9a3b649b
zt-gateway  | [perf-request-in] ts_in=1777537101.109618 ts_out=1777537101.110314 gw_proc_ms=0.696 traceId=exp-perf5000-001157-c7e54566
zt-gateway  | [perf-request-in] ts_in=1777537101.109869 ts_out=1777537101.110539 gw_proc_ms=0.670 traceId=exp-perf5000-001158-efca73bc
zt-gateway  | [perf-request-in] ts_in=1777537101.110351 ts_out=1777537101.111112 gw_proc_ms=0.761 traceId=exp-perf5000-001159-9a784afb
zt-gateway  | [perf-request-in] ts_in=1777537101.110584 ts_out=1777537101.111322 gw_proc_ms=0.738 traceId=exp-perf5000-001160-83f17d56
zt-gateway  | [perf-request-in] ts_in=1777537101.111157 ts_out=1777537101.111928 gw_proc_ms=0.771 traceId=exp-perf5000-001161-0ce738a4
zt-gateway  | [perf-request-in] ts_in=1777537101.111350 ts_out=1777537101.112065 gw_proc_ms=0.715 traceId=exp-perf5000-001162-f2a2b305
zt-gateway  | [perf-request-in] ts_in=1777537101.111969 ts_out=1777537101.112612 gw_proc_ms=0.643 traceId=exp-perf5000-001163-72f72f9d
zt-gateway  | [perf-request-in] ts_in=1777537101.112102 ts_out=1777537101.112750 gw_proc_ms=0.648 traceId=exp-perf5000-001164-09352bf7
zt-gateway  | [perf-request-in] ts_in=1777537101.112649 ts_out=1777537101.113345 gw_proc_ms=0.696 traceId=exp-perf5000-001165-d4291082
zt-gateway  | [perf-request-in] ts_in=1777537101.112802 ts_out=1777537101.113475 gw_proc_ms=0.673 traceId=exp-perf5000-001166-1ee10e20
zt-gateway  | [perf-request-in] ts_in=1777537101.113382 ts_out=1777537101.114043 gw_proc_ms=0.661 traceId=exp-perf5000-001167-ada60749
zt-gateway  | [perf-request-in] ts_in=1777537101.113516 ts_out=1777537101.114171 gw_proc_ms=0.655 traceId=exp-perf5000-001168-4196c18d
zt-gateway  | [perf-request-in] ts_in=1777537101.114074 ts_out=1777537101.114770 gw_proc_ms=0.696 traceId=exp-perf5000-001169-f56496fa
zt-gateway  | [perf-request-in] ts_in=1777537101.114207 ts_out=1777537101.114884 gw_proc_ms=0.677 traceId=exp-perf5000-001170-c818d8e1
zt-gateway  | [perf-request-in] ts_in=1777537101.114810 ts_out=1777537101.115459 gw_proc_ms=0.649 traceId=exp-perf5000-001172-70464a65
zt-gateway  | [perf-request-in] ts_in=1777537101.114921 ts_out=1777537101.115526 gw_proc_ms=0.605 traceId=exp-perf5000-001171-77400e97
zt-gateway  | [perf-request-in] ts_in=1777537101.115492 ts_out=1777537101.116126 gw_proc_ms=0.634 traceId=exp-perf5000-001174-2836a4c4
zt-gateway  | [perf-request-in] ts_in=1777537101.115556 ts_out=1777537101.116178 gw_proc_ms=0.622 traceId=exp-perf5000-001173-d8fef685
zt-gateway  | [perf-request-in] ts_in=1777537101.116160 ts_out=1777537101.116773 gw_proc_ms=0.613 traceId=exp-perf5000-001175-6e78d692
zt-gateway  | [perf-request-in] ts_in=1777537101.116207 ts_out=1777537101.116821 gw_proc_ms=0.614 traceId=exp-perf5000-001176-b76de765
zt-gateway  | [perf-request-in] ts_in=1777537101.116846 ts_out=1777537101.117474 gw_proc_ms=0.628 traceId=exp-perf5000-001177-a6c9d588
zt-gateway  | [perf-request-in] ts_in=1777537101.116860 ts_out=1777537101.117476 gw_proc_ms=0.616 traceId=exp-perf5000-001178-6ea1f814
zt-gateway  | [perf-request-in] ts_in=1777537101.117508 ts_out=1777537101.118151 gw_proc_ms=0.643 traceId=exp-perf5000-001179-bee7d600
zt-gateway  | [perf-request-in] ts_in=1777537101.117515 ts_out=1777537101.118156 gw_proc_ms=0.641 traceId=exp-perf5000-001180-1b0767e9
zt-gateway  | [perf-request-in] ts_in=1777537101.118194 ts_out=1777537101.118823 gw_proc_ms=0.629 traceId=exp-perf5000-001182-9fe7122e
zt-gateway  | [perf-request-in] ts_in=1777537101.118185 ts_out=1777537101.118828 gw_proc_ms=0.643 traceId=exp-perf5000-001181-6234b179
zt-gateway  | [perf-request-in] ts_in=1777537101.118861 ts_out=1777537101.119503 gw_proc_ms=0.642 traceId=exp-perf5000-001183-70c99ace
zt-gateway  | [perf-request-in] ts_in=1777537101.118861 ts_out=1777537101.119535 gw_proc_ms=0.674 traceId=exp-perf5000-001184-927a971a
zt-gateway  | [perf-request-in] ts_in=1777537101.119577 ts_out=1777537101.120200 gw_proc_ms=0.623 traceId=exp-perf5000-001186-f8b78c8a
zt-gateway  | [perf-request-in] ts_in=1777537101.119540 ts_out=1777537101.120202 gw_proc_ms=0.662 traceId=exp-perf5000-001185-c15e8da0
zt-gateway  | [perf-request-in] ts_in=1777537101.120240 ts_out=1777537101.120846 gw_proc_ms=0.606 traceId=exp-perf5000-001187-0c0a27a7
zt-gateway  | [perf-request-in] ts_in=1777537101.120239 ts_out=1777537101.120887 gw_proc_ms=0.648 traceId=exp-perf5000-001188-de929054
zt-gateway  | [perf-request-in] ts_in=1777537101.120878 ts_out=1777537101.121560 gw_proc_ms=0.682 traceId=exp-perf5000-001189-c9753408
zt-gateway  | [perf-request-in] ts_in=1777537101.120918 ts_out=1777537101.121595 gw_proc_ms=0.677 traceId=exp-perf5000-001190-2d2c7a36
zt-gateway  | [perf-request-in] ts_in=1777537101.121622 ts_out=1777537101.122311 gw_proc_ms=0.689 traceId=exp-perf5000-001192-9939f531
zt-gateway  | [perf-request-in] ts_in=1777537101.121606 ts_out=1777537101.122329 gw_proc_ms=0.723 traceId=exp-perf5000-001191-8f4f1e5b
zt-gateway  | [perf-request-in] ts_in=1777537101.122343 ts_out=1777537101.123024 gw_proc_ms=0.681 traceId=exp-perf5000-001194-e1b2b716
zt-gateway  | [perf-request-in] ts_in=1777537101.122363 ts_out=1777537101.123074 gw_proc_ms=0.711 traceId=exp-perf5000-001193-2792c4b3
zt-gateway  | [perf-request-in] ts_in=1777537101.123066 ts_out=1777537101.123679 gw_proc_ms=0.613 traceId=exp-perf5000-001196-6fcc8be2
zt-gateway  | [perf-request-in] ts_in=1777537101.123115 ts_out=1777537101.123703 gw_proc_ms=0.588 traceId=exp-perf5000-001195-db9f89ec
zt-gateway  | [perf-request-in] ts_in=1777537101.123710 ts_out=1777537101.124292 gw_proc_ms=0.582 traceId=exp-perf5000-001198-c0e098e9
zt-gateway  | [perf-request-in] ts_in=1777537101.123736 ts_out=1777537101.124351 gw_proc_ms=0.615 traceId=exp-perf5000-001197-5d930650
zt-gateway  | [perf-request-in] ts_in=1777537101.124321 ts_out=1777537101.124924 gw_proc_ms=0.603 traceId=exp-perf5000-001199-0a1438ca
zt-gateway  | [perf-request-in] ts_in=1777537101.124388 ts_out=1777537101.125050 gw_proc_ms=0.662 traceId=exp-perf5000-001200-c6798453
zt-gateway  | [perf-request-in] ts_in=1777537101.124959 ts_out=1777537101.125571 gw_proc_ms=0.612 traceId=exp-perf5000-001201-36eec3e7
zt-gateway  | [perf-request-in] ts_in=1777537101.125096 ts_out=1777537101.125724 gw_proc_ms=0.628 traceId=exp-perf5000-001202-b72f74e7
zt-gateway  | [perf-request-in] ts_in=1777537101.125599 ts_out=1777537101.126208 gw_proc_ms=0.609 traceId=exp-perf5000-001204-70624101
zt-gateway  | [perf-request-in] ts_in=1777537101.125760 ts_out=1777537101.126371 gw_proc_ms=0.611 traceId=exp-perf5000-001203-c46c54e2
zt-gateway  | [perf-request-in] ts_in=1777537101.126238 ts_out=1777537101.126853 gw_proc_ms=0.615 traceId=exp-perf5000-001206-9083cb9a
zt-gateway  | [perf-request-in] ts_in=1777537101.126406 ts_out=1777537101.127042 gw_proc_ms=0.636 traceId=exp-perf5000-001205-a8232250
zt-gateway  | [perf-request-in] ts_in=1777537101.126878 ts_out=1777537101.127480 gw_proc_ms=0.602 traceId=exp-perf5000-001208-23869442
zt-gateway  | [perf-request-in] ts_in=1777537101.127082 ts_out=1777537101.127699 gw_proc_ms=0.617 traceId=exp-perf5000-001207-cc6a0d31
zt-gateway  | [perf-request-in] ts_in=1777537101.127511 ts_out=1777537101.128103 gw_proc_ms=0.592 traceId=exp-perf5000-001209-635027c3
zt-gateway  | [perf-request-in] ts_in=1777537101.127729 ts_out=1777537101.128347 gw_proc_ms=0.618 traceId=exp-perf5000-001210-0fdaff81
zt-gateway  | [perf-request-in] ts_in=1777537101.128131 ts_out=1777537101.128726 gw_proc_ms=0.595 traceId=exp-perf5000-001211-d98cdb5a
zt-gateway  | [perf-request-in] ts_in=1777537101.128380 ts_out=1777537101.128995 gw_proc_ms=0.615 traceId=exp-perf5000-001212-c09a53e4
zt-gateway  | [perf-request-in] ts_in=1777537101.128752 ts_out=1777537101.129361 gw_proc_ms=0.609 traceId=exp-perf5000-001213-cf5749f4
zt-gateway  | [perf-request-in] ts_in=1777537101.129025 ts_out=1777537101.129641 gw_proc_ms=0.616 traceId=exp-perf5000-001214-3cc7949f
zt-gateway  | [perf-request-in] ts_in=1777537101.129393 ts_out=1777537101.130010 gw_proc_ms=0.617 traceId=exp-perf5000-001215-050a345a
zt-gateway  | [perf-request-in] ts_in=1777537101.129678 ts_out=1777537101.130303 gw_proc_ms=0.625 traceId=exp-perf5000-001216-7e4f869f
zt-gateway  | [perf-request-in] ts_in=1777537101.130041 ts_out=1777537101.130613 gw_proc_ms=0.572 traceId=exp-perf5000-001218-9a9d640a
zt-gateway  | [perf-request-in] ts_in=1777537101.130335 ts_out=1777537101.130951 gw_proc_ms=0.616 traceId=exp-perf5000-001217-9ef812a0
zt-gateway  | [perf-request-in] ts_in=1777537101.130643 ts_out=1777537101.131273 gw_proc_ms=0.630 traceId=exp-perf5000-001220-e8eca866
zt-gateway  | [perf-request-in] ts_in=1777537101.130975 ts_out=1777537101.131553 gw_proc_ms=0.578 traceId=exp-perf5000-001219-21ef403e
zt-gateway  | [perf-request-in] ts_in=1777537101.131301 ts_out=1777537101.131949 gw_proc_ms=0.648 traceId=exp-perf5000-001222-485071b6
zt-gateway  | [perf-request-in] ts_in=1777537101.131590 ts_out=1777537101.132238 gw_proc_ms=0.648 traceId=exp-perf5000-001221-0cfb4065
zt-gateway  | [perf-request-in] ts_in=1777537101.131976 ts_out=1777537101.132594 gw_proc_ms=0.618 traceId=exp-perf5000-001224-b7a66348
zt-gateway  | [perf-request-in] ts_in=1777537101.132269 ts_out=1777537101.132903 gw_proc_ms=0.634 traceId=exp-perf5000-001223-65eee4e0
zt-gateway  | [perf-request-in] ts_in=1777537101.132627 ts_out=1777537101.133222 gw_proc_ms=0.595 traceId=exp-perf5000-001226-1360e384
zt-gateway  | [perf-request-in] ts_in=1777537101.132937 ts_out=1777537101.133539 gw_proc_ms=0.602 traceId=exp-perf5000-001225-27541f52
zt-gateway  | [perf-request-in] ts_in=1777537101.133254 ts_out=1777537101.133858 gw_proc_ms=0.604 traceId=exp-perf5000-001228-bf67f7d9
zt-gateway  | [perf-request-in] ts_in=1777537101.133570 ts_out=1777537101.134188 gw_proc_ms=0.618 traceId=exp-perf5000-001227-ac3d9d43
zt-gateway  | [perf-request-in] ts_in=1777537101.133893 ts_out=1777537101.134479 gw_proc_ms=0.586 traceId=exp-perf5000-001230-c0dc7db8
zt-gateway  | [perf-request-in] ts_in=1777537101.134221 ts_out=1777537101.134879 gw_proc_ms=0.658 traceId=exp-perf5000-001229-8c1dddd1
zt-gateway  | [perf-request-in] ts_in=1777537101.134509 ts_out=1777537101.135135 gw_proc_ms=0.626 traceId=exp-perf5000-001232-6613aca8
zt-gateway  | [perf-request-in] ts_in=1777537101.134907 ts_out=1777537101.135537 gw_proc_ms=0.630 traceId=exp-perf5000-001231-7a4d833a
zt-gateway  | [perf-request-in] ts_in=1777537101.135171 ts_out=1777537101.135759 gw_proc_ms=0.588 traceId=exp-perf5000-001234-a098e0ab
zt-gateway  | [perf-request-in] ts_in=1777537101.135570 ts_out=1777537101.136164 gw_proc_ms=0.594 traceId=exp-perf5000-001233-21d111b1
zt-gateway  | [perf-request-in] ts_in=1777537101.135798 ts_out=1777537101.136409 gw_proc_ms=0.611 traceId=exp-perf5000-001236-cd518cc4
zt-gateway  | [perf-request-in] ts_in=1777537101.136197 ts_out=1777537101.136859 gw_proc_ms=0.662 traceId=exp-perf5000-001235-f74d2ddb
zt-gateway  | [perf-request-in] ts_in=1777537101.136444 ts_out=1777537101.137097 gw_proc_ms=0.653 traceId=exp-perf5000-001238-00d3815e
zt-gateway  | [perf-request-in] ts_in=1777537101.136894 ts_out=1777537101.137611 gw_proc_ms=0.717 traceId=exp-perf5000-001237-dfd55bdf
zt-gateway  | [perf-request-in] ts_in=1777537101.137135 ts_out=1777537101.137800 gw_proc_ms=0.665 traceId=exp-perf5000-001240-5f970e8c
zt-gateway  | [perf-request-in] ts_in=1777537101.137642 ts_out=1777537101.138416 gw_proc_ms=0.774 traceId=exp-perf5000-001239-77ede764
zt-gateway  | [perf-request-in] ts_in=1777537101.137830 ts_out=1777537101.138465 gw_proc_ms=0.635 traceId=exp-perf5000-001242-8ea44a78
zt-gateway  | [perf-request-in] ts_in=1777537101.138495 ts_out=1777537101.139143 gw_proc_ms=0.648 traceId=exp-perf5000-001244-df854c68
zt-gateway  | [perf-request-in] ts_in=1777537101.138470 ts_out=1777537101.139223 gw_proc_ms=0.753 traceId=exp-perf5000-001241-88f66dc0
zt-gateway  | [perf-request-in] ts_in=1777537101.139175 ts_out=1777537101.139802 gw_proc_ms=0.627 traceId=exp-perf5000-001246-fdd608a4
zt-gateway  | [perf-request-in] ts_in=1777537101.139271 ts_out=1777537101.139979 gw_proc_ms=0.708 traceId=exp-perf5000-001243-cdd341f7
zt-gateway  | [perf-request-in] ts_in=1777537101.139829 ts_out=1777537101.140480 gw_proc_ms=0.651 traceId=exp-perf5000-001248-18b43f8e
zt-gateway  | [perf-request-in] ts_in=1777537101.140031 ts_out=1777537101.140789 gw_proc_ms=0.758 traceId=exp-perf5000-001245-cb07780b
zt-gateway  | [perf-request-in] ts_in=1777537101.140509 ts_out=1777537101.141159 gw_proc_ms=0.650 traceId=exp-perf5000-001250-dbada82c
zt-gateway  | [perf-request-in] ts_in=1777537101.140838 ts_out=1777537101.141560 gw_proc_ms=0.722 traceId=exp-perf5000-001247-e6c80b11
zt-gateway  | [perf-request-in] ts_in=1777537101.141193 ts_out=1777537101.141946 gw_proc_ms=0.753 traceId=exp-perf5000-001252-6be764c9
zt-gateway  | [perf-request-in] ts_in=1777537101.141608 ts_out=1777537101.142308 gw_proc_ms=0.700 traceId=exp-perf5000-001249-f31b269a
zt-gateway  | [perf-request-in] ts_in=1777537101.141993 ts_out=1777537101.142644 gw_proc_ms=0.651 traceId=exp-perf5000-001254-fc697970
zt-gateway  | [perf-request-in] ts_in=1777537101.142344 ts_out=1777537101.143061 gw_proc_ms=0.717 traceId=exp-perf5000-001251-5c208a42
zt-gateway  | [perf-request-in] ts_in=1777537101.142686 ts_out=1777537101.143386 gw_proc_ms=0.700 traceId=exp-perf5000-001256-1a41d4e3
zt-gateway  | [perf-request-in] ts_in=1777537101.143104 ts_out=1777537101.143765 gw_proc_ms=0.661 traceId=exp-perf5000-001253-f7f6476b
zt-gateway  | [perf-request-in] ts_in=1777537101.143417 ts_out=1777537101.144113 gw_proc_ms=0.696 traceId=exp-perf5000-001258-32a4f55f
zt-gateway  | [perf-request-in] ts_in=1777537101.143810 ts_out=1777537101.144484 gw_proc_ms=0.674 traceId=exp-perf5000-001255-e5586eb9
zt-gateway  | [perf-request-in] ts_in=1777537101.144159 ts_out=1777537101.144863 gw_proc_ms=0.704 traceId=exp-perf5000-001260-93ac4e79
zt-gateway  | [perf-request-in] ts_in=1777537101.144524 ts_out=1777537101.145182 gw_proc_ms=0.658 traceId=exp-perf5000-001257-a1c5b075
zt-gateway  | [perf-request-in] ts_in=1777537101.144906 ts_out=1777537101.145558 gw_proc_ms=0.652 traceId=exp-perf5000-001262-9cabd5f9
zt-gateway  | [perf-request-in] ts_in=1777537101.145218 ts_out=1777537101.145893 gw_proc_ms=0.675 traceId=exp-perf5000-001259-f4a8fdad
zt-gateway  | [perf-request-in] ts_in=1777537101.145588 ts_out=1777537101.146259 gw_proc_ms=0.671 traceId=exp-perf5000-001264-c8424bb1
zt-gateway  | [perf-request-in] ts_in=1777537101.145944 ts_out=1777537101.146735 gw_proc_ms=0.791 traceId=exp-perf5000-001261-34288788
zt-gateway  | [perf-request-in] ts_in=1777537101.146288 ts_out=1777537101.146996 gw_proc_ms=0.708 traceId=exp-perf5000-001266-1c3858f2
zt-gateway  | [perf-request-in] ts_in=1777537101.147042 ts_out=1777537101.147797 gw_proc_ms=0.755 traceId=exp-perf5000-001268-68329539
zt-gateway  | [perf-request-in] ts_in=1777537101.147002 ts_out=1777537101.147907 gw_proc_ms=0.905 traceId=exp-perf5000-001263-b4dbc83c
zt-gateway  | [perf-request-in] ts_in=1777537101.147828 ts_out=1777537101.148474 gw_proc_ms=0.646 traceId=exp-perf5000-001270-ffecf01c
zt-gateway  | [perf-request-in] ts_in=1777537101.147952 ts_out=1777537101.148575 gw_proc_ms=0.623 traceId=exp-perf5000-001265-90d8376e
zt-gateway  | [perf-request-in] ts_in=1777537101.148606 ts_out=1777537101.149249 gw_proc_ms=0.643 traceId=exp-perf5000-001267-adbbf42c
zt-gateway  | [perf-request-in] ts_in=1777537101.148513 ts_out=1777537101.149444 gw_proc_ms=0.931 traceId=exp-perf5000-001272-1c306d79
zt-gateway  | [perf-request-in] ts_in=1777537101.149280 ts_out=1777537101.149927 gw_proc_ms=0.647 traceId=exp-perf5000-001269-fb7d19f4
zt-gateway  | [perf-request-in] ts_in=1777537101.149485 ts_out=1777537101.150149 gw_proc_ms=0.664 traceId=exp-perf5000-001274-96c79d4a
zt-gateway  | [perf-request-in] ts_in=1777537101.149962 ts_out=1777537101.150574 gw_proc_ms=0.612 traceId=exp-perf5000-001271-55a5a7c4
zt-gateway  | [perf-request-in] ts_in=1777537101.150183 ts_out=1777537101.150817 gw_proc_ms=0.634 traceId=exp-perf5000-001276-078f2d29
zt-gateway  | [perf-request-in] ts_in=1777537101.150601 ts_out=1777537101.151239 gw_proc_ms=0.638 traceId=exp-perf5000-001273-1e26465f
zt-gateway  | [perf-request-in] ts_in=1777537101.150848 ts_out=1777537101.151531 gw_proc_ms=0.683 traceId=exp-perf5000-001278-52038cdf
zt-gateway  | [perf-request-in] ts_in=1777537101.151279 ts_out=1777537101.151933 gw_proc_ms=0.654 traceId=exp-perf5000-001275-a9f87aef
zt-gateway  | [perf-request-in] ts_in=1777537101.151572 ts_out=1777537101.152239 gw_proc_ms=0.667 traceId=exp-perf5000-001279-188fc643
zt-gateway  | [perf-request-in] ts_in=1777537101.151973 ts_out=1777537101.152602 gw_proc_ms=0.629 traceId=exp-perf5000-001277-a85c03cd
zt-gateway  | [perf-request-in] ts_in=1777537101.152275 ts_out=1777537101.152915 gw_proc_ms=0.640 traceId=exp-perf5000-001281-fc07be9d
zt-gateway  | [perf-request-in] ts_in=1777537101.152630 ts_out=1777537101.153265 gw_proc_ms=0.635 traceId=exp-perf5000-001280-b1e4fca7
zt-gateway  | [perf-request-in] ts_in=1777537101.152960 ts_out=1777537101.153581 gw_proc_ms=0.621 traceId=exp-perf5000-001283-39d450fe
zt-gateway  | [perf-request-in] ts_in=1777537101.153303 ts_out=1777537101.153912 gw_proc_ms=0.609 traceId=exp-perf5000-001282-27693202
zt-gateway  | [perf-request-in] ts_in=1777537101.153754 ts_out=1777537101.154441 gw_proc_ms=0.687 traceId=exp-perf5000-001286-d114b310
zt-gateway  | [perf-request-in] ts_in=1777537101.153970 ts_out=1777537101.154616 gw_proc_ms=0.646 traceId=exp-perf5000-001284-c84a3c90
zt-gateway  | [perf-request-in] ts_in=1777537101.154485 ts_out=1777537101.155198 gw_proc_ms=0.713 traceId=exp-perf5000-001287-fd6effcf
zt-gateway  | [perf-request-in] ts_in=1777537101.154655 ts_out=1777537101.155379 gw_proc_ms=0.724 traceId=exp-perf5000-001285-68215c91
zt-gateway  | [perf-request-in] ts_in=1777537101.155244 ts_out=1777537101.155904 gw_proc_ms=0.660 traceId=exp-perf5000-001290-3af52c73
zt-gateway  | [perf-request-in] ts_in=1777537101.155421 ts_out=1777537101.156061 gw_proc_ms=0.640 traceId=exp-perf5000-001288-d7713740
zt-gateway  | [perf-request-in] ts_in=1777537101.155942 ts_out=1777537101.156586 gw_proc_ms=0.644 traceId=exp-perf5000-001291-6b1388a5
zt-gateway  | [perf-request-in] ts_in=1777537101.156102 ts_out=1777537101.156735 gw_proc_ms=0.633 traceId=exp-perf5000-001289-3d276888
zt-gateway  | [perf-request-in] ts_in=1777537101.156625 ts_out=1777537101.157323 gw_proc_ms=0.698 traceId=exp-perf5000-001293-dcd6b216
zt-gateway  | [perf-request-in] ts_in=1777537101.156770 ts_out=1777537101.157475 gw_proc_ms=0.705 traceId=exp-perf5000-001292-8d1f961d
zt-gateway  | [perf-request-in] ts_in=1777537101.157364 ts_out=1777537101.158045 gw_proc_ms=0.681 traceId=exp-perf5000-001295-3e93aef4
zt-gateway  | [perf-request-in] ts_in=1777537101.157512 ts_out=1777537101.158179 gw_proc_ms=0.667 traceId=exp-perf5000-001294-3c916fa8
zt-gateway  | [perf-request-in] ts_in=1777537101.158083 ts_out=1777537101.158764 gw_proc_ms=0.681 traceId=exp-perf5000-001297-55f1e372
zt-gateway  | [perf-request-in] ts_in=1777537101.158212 ts_out=1777537101.158902 gw_proc_ms=0.690 traceId=exp-perf5000-001296-a259d832
zt-gateway  | [perf-request-in] ts_in=1777537101.158810 ts_out=1777537101.159468 gw_proc_ms=0.658 traceId=exp-perf5000-001299-ac11e7c1
zt-gateway  | [perf-request-in] ts_in=1777537101.158942 ts_out=1777537101.159605 gw_proc_ms=0.663 traceId=exp-perf5000-001298-b89bb009
zt-gateway  | [perf-request-in] ts_in=1777537101.159508 ts_out=1777537101.160162 gw_proc_ms=0.654 traceId=exp-perf5000-001301-f7480807
zt-gateway  | [perf-request-in] ts_in=1777537101.159642 ts_out=1777537101.160300 gw_proc_ms=0.658 traceId=exp-perf5000-001300-d70d588d
zt-gateway  | [perf-request-in] ts_in=1777537101.160197 ts_out=1777537101.160838 gw_proc_ms=0.641 traceId=exp-perf5000-001303-e9b891b7
zt-gateway  | [perf-request-in] ts_in=1777537101.160332 ts_out=1777537101.160975 gw_proc_ms=0.643 traceId=exp-perf5000-001302-e5e84b14
zt-gateway  | [perf-request-in] ts_in=1777537101.160873 ts_out=1777537101.161480 gw_proc_ms=0.607 traceId=exp-perf5000-001305-53b530a6
zt-gateway  | [perf-request-in] ts_in=1777537101.161009 ts_out=1777537101.161629 gw_proc_ms=0.620 traceId=exp-perf5000-001304-0cef4b30
zt-gateway  | [perf-request-in] ts_in=1777537101.161517 ts_out=1777537101.162158 gw_proc_ms=0.641 traceId=exp-perf5000-001307-17358609
zt-gateway  | [perf-request-in] ts_in=1777537101.161662 ts_out=1777537101.162318 gw_proc_ms=0.656 traceId=exp-perf5000-001306-17a2fa81
zt-gateway  | [perf-request-in] ts_in=1777537101.162193 ts_out=1777537101.162818 gw_proc_ms=0.625 traceId=exp-perf5000-001309-f7686ac8
zt-gateway  | [perf-request-in] ts_in=1777537101.162349 ts_out=1777537101.162985 gw_proc_ms=0.636 traceId=exp-perf5000-001308-91c9c960
zt-gateway  | [perf-request-in] ts_in=1777537101.162852 ts_out=1777537101.163488 gw_proc_ms=0.636 traceId=exp-perf5000-001311-1ba32aad
zt-gateway  | [perf-request-in] ts_in=1777537101.163018 ts_out=1777537101.163644 gw_proc_ms=0.626 traceId=exp-perf5000-001310-3fd3d7a4
zt-gateway  | [perf-request-in] ts_in=1777537101.163523 ts_out=1777537101.164300 gw_proc_ms=0.777 traceId=exp-perf5000-001313-3506a908
zt-gateway  | [perf-request-in] ts_in=1777537101.163674 ts_out=1777537101.164307 gw_proc_ms=0.633 traceId=exp-perf5000-001312-43f12e36
zt-gateway  | [perf-request-in] ts_in=1777537101.164343 ts_out=1777537101.165008 gw_proc_ms=0.665 traceId=exp-perf5000-001315-b30663b7
zt-gateway  | [perf-request-in] ts_in=1777537101.164336 ts_out=1777537101.165037 gw_proc_ms=0.701 traceId=exp-perf5000-001314-e9e5f08c
zt-gateway  | [perf-request-in] ts_in=1777537101.165047 ts_out=1777537101.165680 gw_proc_ms=0.633 traceId=exp-perf5000-001317-615c495b
zt-gateway  | [perf-request-in] ts_in=1777537101.165083 ts_out=1777537101.165697 gw_proc_ms=0.614 traceId=exp-perf5000-001316-78694b7b
zt-gateway  | [perf-request-in] ts_in=1777537101.165717 ts_out=1777537101.166325 gw_proc_ms=0.608 traceId=exp-perf5000-001319-a431e15d
zt-gateway  | [perf-request-in] ts_in=1777537101.165731 ts_out=1777537101.166326 gw_proc_ms=0.595 traceId=exp-perf5000-001318-b522c3e2
zt-gateway  | [perf-request-in] ts_in=1777537101.166360 ts_out=1777537101.166973 gw_proc_ms=0.613 traceId=exp-perf5000-001320-a93fd7b8
zt-gateway  | [perf-request-in] ts_in=1777537101.166359 ts_out=1777537101.166979 gw_proc_ms=0.620 traceId=exp-perf5000-001321-ab68ed2f
zt-gateway  | [perf-request-in] ts_in=1777537101.167008 ts_out=1777537101.167604 gw_proc_ms=0.596 traceId=exp-perf5000-001323-e03e832d
zt-gateway  | [perf-request-in] ts_in=1777537101.167005 ts_out=1777537101.167604 gw_proc_ms=0.599 traceId=exp-perf5000-001322-aebbeae0
zt-gateway  | [perf-request-in] ts_in=1777537101.167640 ts_out=1777537101.168285 gw_proc_ms=0.645 traceId=exp-perf5000-001324-32a3ac65
zt-gateway  | [perf-request-in] ts_in=1777537101.167640 ts_out=1777537101.168285 gw_proc_ms=0.645 traceId=exp-perf5000-001325-847f66c3
zt-gateway  | [perf-request-in] ts_in=1777537101.168319 ts_out=1777537101.168898 gw_proc_ms=0.579 traceId=exp-perf5000-001327-37dc74b6
zt-gateway  | [perf-request-in] ts_in=1777537101.168319 ts_out=1777537101.168898 gw_proc_ms=0.579 traceId=exp-perf5000-001326-59be40db
zt-gateway  | [perf-request-in] ts_in=1777537101.168927 ts_out=1777537101.169503 gw_proc_ms=0.576 traceId=exp-perf5000-001328-d8b8b2d5
zt-gateway  | [perf-request-in] ts_in=1777537101.168929 ts_out=1777537101.169535 gw_proc_ms=0.606 traceId=exp-perf5000-001329-df28b6c6
zt-gateway  | [perf-request-in] ts_in=1777537101.169534 ts_out=1777537101.170135 gw_proc_ms=0.601 traceId=exp-perf5000-001330-0b4cd2b9
zt-gateway  | [perf-request-in] ts_in=1777537101.169563 ts_out=1777537101.170173 gw_proc_ms=0.610 traceId=exp-perf5000-001331-65cbd112
zt-gateway  | [perf-request-in] ts_in=1777537101.170167 ts_out=1777537101.170750 gw_proc_ms=0.583 traceId=exp-perf5000-001332-b2f6c9a4
zt-gateway  | [perf-request-in] ts_in=1777537101.170196 ts_out=1777537101.170793 gw_proc_ms=0.597 traceId=exp-perf5000-001333-d344985a
zt-gateway  | [perf-request-in] ts_in=1777537101.170787 ts_out=1777537101.171387 gw_proc_ms=0.600 traceId=exp-perf5000-001334-a1988e37
zt-gateway  | [perf-request-in] ts_in=1777537101.170822 ts_out=1777537101.171419 gw_proc_ms=0.597 traceId=exp-perf5000-001335-c7189cac
zt-gateway  | [perf-request-in] ts_in=1777537101.171418 ts_out=1777537101.172020 gw_proc_ms=0.602 traceId=exp-perf5000-001336-3f9edadc
zt-gateway  | [perf-request-in] ts_in=1777537101.171450 ts_out=1777537101.172080 gw_proc_ms=0.630 traceId=exp-perf5000-001337-766367fb
zt-gateway  | [perf-request-in] ts_in=1777537101.172051 ts_out=1777537101.172644 gw_proc_ms=0.593 traceId=exp-perf5000-001338-fe55256b
zt-gateway  | [perf-request-in] ts_in=1777537101.172105 ts_out=1777537101.172683 gw_proc_ms=0.578 traceId=exp-perf5000-001339-f78d4555
zt-gateway  | [perf-request-in] ts_in=1777537101.172676 ts_out=1777537101.173383 gw_proc_ms=0.707 traceId=exp-perf5000-001341-1e95efb9
zt-gateway  | [perf-request-in] ts_in=1777537101.172709 ts_out=1777537101.173423 gw_proc_ms=0.714 traceId=exp-perf5000-001340-e59b262d
zt-gateway  | [perf-request-in] ts_in=1777537101.173423 ts_out=1777537101.174166 gw_proc_ms=0.743 traceId=exp-perf5000-001343-34739ae1
zt-gateway  | [perf-request-in] ts_in=1777537101.173464 ts_out=1777537101.174321 gw_proc_ms=0.857 traceId=exp-perf5000-001342-3ff44668
zt-gateway  | [perf-request-in] ts_in=1777537101.174190 ts_out=1777537101.175218 gw_proc_ms=1.028 traceId=exp-perf5000-001345-ef9b63d5
zt-gateway  | [perf-request-in] ts_in=1777537101.174365 ts_out=1777537101.175305 gw_proc_ms=0.940 traceId=exp-perf5000-001344-63be7ea3
zt-gateway  | [perf-request-in] ts_in=1777537101.175270 ts_out=1777537101.176111 gw_proc_ms=0.841 traceId=exp-perf5000-001347-0967141b
zt-gateway  | [perf-request-in] ts_in=1777537101.175350 ts_out=1777537101.176122 gw_proc_ms=0.772 traceId=exp-perf5000-001346-1f89a915
zt-gateway  | [perf-request-in] ts_in=1777537101.176151 ts_out=1777537101.176886 gw_proc_ms=0.735 traceId=exp-perf5000-001348-860ba1b1
zt-gateway  | [perf-request-in] ts_in=1777537101.176151 ts_out=1777537101.176897 gw_proc_ms=0.746 traceId=exp-perf5000-001349-d86b6bda
zt-gateway  | [perf-request-in] ts_in=1777537101.176938 ts_out=1777537101.177766 gw_proc_ms=0.828 traceId=exp-perf5000-001350-9cbe83aa
zt-gateway  | [perf-request-in] ts_in=1777537101.176949 ts_out=1777537101.177791 gw_proc_ms=0.842 traceId=exp-perf5000-001351-eaad6695
zt-gateway  | [perf-request-in] ts_in=1777537101.177820 ts_out=1777537101.178540 gw_proc_ms=0.720 traceId=exp-perf5000-001352-7b4e9511
zt-gateway  | [perf-request-in] ts_in=1777537101.177831 ts_out=1777537101.178542 gw_proc_ms=0.711 traceId=exp-perf5000-001353-63be4227
zt-gateway  | [perf-request-in] ts_in=1777537101.178570 ts_out=1777537101.179199 gw_proc_ms=0.629 traceId=exp-perf5000-001355-6031fcc6
zt-gateway  | [perf-request-in] ts_in=1777537101.178572 ts_out=1777537101.179200 gw_proc_ms=0.628 traceId=exp-perf5000-001354-c1d5d84e
zt-gateway  | [perf-request-in] ts_in=1777537101.179223 ts_out=1777537101.179884 gw_proc_ms=0.661 traceId=exp-perf5000-001357-5c9d9da4
zt-gateway  | [perf-request-in] ts_in=1777537101.179223 ts_out=1777537101.179884 gw_proc_ms=0.661 traceId=exp-perf5000-001356-24270b06
zt-gateway  | [perf-request-in] ts_in=1777537101.179932 ts_out=1777537101.180718 gw_proc_ms=0.786 traceId=exp-perf5000-001359-19e771e5
zt-gateway  | [perf-request-in] ts_in=1777537101.179937 ts_out=1777537101.180725 gw_proc_ms=0.788 traceId=exp-perf5000-001358-2ba5c92b
zt-gateway  | [perf-request-in] ts_in=1777537101.180802 ts_out=1777537101.181562 gw_proc_ms=0.760 traceId=exp-perf5000-001360-bb525764
zt-gateway  | [perf-request-in] ts_in=1777537101.180802 ts_out=1777537101.181562 gw_proc_ms=0.760 traceId=exp-perf5000-001361-a18a0e60
zt-gateway  | [perf-request-in] ts_in=1777537101.181627 ts_out=1777537101.182240 gw_proc_ms=0.613 traceId=exp-perf5000-001362-31193ab7
zt-gateway  | [perf-request-in] ts_in=1777537101.181628 ts_out=1777537101.182274 gw_proc_ms=0.646 traceId=exp-perf5000-001363-bbd29411
zt-gateway  | [perf-request-in] ts_in=1777537101.182278 ts_out=1777537101.182939 gw_proc_ms=0.661 traceId=exp-perf5000-001364-05e9eaf8
zt-gateway  | [perf-request-in] ts_in=1777537101.182313 ts_out=1777537101.182955 gw_proc_ms=0.642 traceId=exp-perf5000-001366-0a34c728
zt-gateway  | [perf-request-in] ts_in=1777537101.182981 ts_out=1777537101.183577 gw_proc_ms=0.596 traceId=exp-perf5000-001365-c2c96ee5
zt-gateway  | [perf-request-in] ts_in=1777537101.182989 ts_out=1777537101.183577 gw_proc_ms=0.588 traceId=exp-perf5000-001368-c79efae0
zt-gateway  | [perf-request-in] ts_in=1777537101.183606 ts_out=1777537101.184229 gw_proc_ms=0.623 traceId=exp-perf5000-001369-6cb95693
zt-gateway  | [perf-request-in] ts_in=1777537101.183605 ts_out=1777537101.184317 gw_proc_ms=0.712 traceId=exp-perf5000-001367-5059d82d
zt-gateway  | [perf-request-in] ts_in=1777537101.184264 ts_out=1777537101.184911 gw_proc_ms=0.647 traceId=exp-perf5000-001371-2d62d019
zt-gateway  | [perf-request-in] ts_in=1777537101.184357 ts_out=1777537101.185002 gw_proc_ms=0.645 traceId=exp-perf5000-001370-a11787a1
zt-gateway  | [perf-request-in] ts_in=1777537101.184945 ts_out=1777537101.185631 gw_proc_ms=0.686 traceId=exp-perf5000-001373-e0871d37
zt-gateway  | [perf-request-in] ts_in=1777537101.185031 ts_out=1777537101.185709 gw_proc_ms=0.678 traceId=exp-perf5000-001372-578b2d9e
zt-gateway  | [perf-request-in] ts_in=1777537101.185666 ts_out=1777537101.186356 gw_proc_ms=0.690 traceId=exp-perf5000-001375-ae699c4d
zt-gateway  | [perf-request-in] ts_in=1777537101.185742 ts_out=1777537101.186431 gw_proc_ms=0.689 traceId=exp-perf5000-001374-c208e024
zt-gateway  | [perf-request-in] ts_in=1777537101.186393 ts_out=1777537101.187096 gw_proc_ms=0.703 traceId=exp-perf5000-001377-eb87d47f
zt-gateway  | [perf-request-in] ts_in=1777537101.186472 ts_out=1777537101.187123 gw_proc_ms=0.651 traceId=exp-perf5000-001376-da2557d1
zt-gateway  | [perf-request-in] ts_in=1777537101.187153 ts_out=1777537101.187791 gw_proc_ms=0.638 traceId=exp-perf5000-001378-5fbebbcb
zt-gateway  | [perf-request-in] ts_in=1777537101.187137 ts_out=1777537101.187859 gw_proc_ms=0.722 traceId=exp-perf5000-001379-3f10203d
zt-gateway  | [perf-request-in] ts_in=1777537101.187831 ts_out=1777537101.188446 gw_proc_ms=0.615 traceId=exp-perf5000-001380-68b920c6
zt-gateway  | [perf-request-in] ts_in=1777537101.187899 ts_out=1777537101.188536 gw_proc_ms=0.637 traceId=exp-perf5000-001381-ad883fcf
zt-gateway  | [perf-request-in] ts_in=1777537101.188479 ts_out=1777537101.189127 gw_proc_ms=0.648 traceId=exp-perf5000-001382-dfd263ab
zt-gateway  | [perf-request-in] ts_in=1777537101.188568 ts_out=1777537101.189234 gw_proc_ms=0.666 traceId=exp-perf5000-001383-0e5382c8
zt-gateway  | [perf-request-in] ts_in=1777537101.189155 ts_out=1777537101.189818 gw_proc_ms=0.663 traceId=exp-perf5000-001384-2ae257e6
zt-gateway  | [perf-request-in] ts_in=1777537101.189263 ts_out=1777537101.189943 gw_proc_ms=0.680 traceId=exp-perf5000-001385-1524c047
zt-gateway  | [perf-request-in] ts_in=1777537101.189851 ts_out=1777537101.190564 gw_proc_ms=0.713 traceId=exp-perf5000-001386-d390fa50
zt-gateway  | [perf-request-in] ts_in=1777537101.189981 ts_out=1777537101.190673 gw_proc_ms=0.692 traceId=exp-perf5000-001387-1f3722ad
zt-gateway  | [perf-request-in] ts_in=1777537101.190614 ts_out=1777537101.191289 gw_proc_ms=0.675 traceId=exp-perf5000-001388-0040183d
zt-gateway  | [perf-request-in] ts_in=1777537101.190710 ts_out=1777537101.191489 gw_proc_ms=0.779 traceId=exp-perf5000-001389-e667f9c4
zt-gateway  | [perf-request-in] ts_in=1777537101.191341 ts_out=1777537101.192154 gw_proc_ms=0.813 traceId=exp-perf5000-001390-8a760ea7
zt-gateway  | [perf-request-in] ts_in=1777537101.191545 ts_out=1777537101.192403 gw_proc_ms=0.858 traceId=exp-perf5000-001391-e968bbd4
zt-gateway  | [perf-request-in] ts_in=1777537101.192206 ts_out=1777537101.193017 gw_proc_ms=0.811 traceId=exp-perf5000-001392-26a66c55
zt-gateway  | [perf-request-in] ts_in=1777537101.192451 ts_out=1777537101.193264 gw_proc_ms=0.813 traceId=exp-perf5000-001393-106ec747
zt-gateway  | [perf-request-in] ts_in=1777537101.193068 ts_out=1777537101.193827 gw_proc_ms=0.759 traceId=exp-perf5000-001394-4d9cf669
zt-gateway  | [perf-request-in] ts_in=1777537101.193312 ts_out=1777537101.194027 gw_proc_ms=0.715 traceId=exp-perf5000-001395-6c4f0b54
zt-gateway  | [perf-request-in] ts_in=1777537101.193865 ts_out=1777537101.194601 gw_proc_ms=0.736 traceId=exp-perf5000-001396-6a46380a
zt-gateway  | [perf-request-in] ts_in=1777537101.194062 ts_out=1777537101.194768 gw_proc_ms=0.706 traceId=exp-perf5000-001397-e617da14
zt-gateway  | [perf-request-in] ts_in=1777537101.194650 ts_out=1777537101.195546 gw_proc_ms=0.896 traceId=exp-perf5000-001398-cf28cf4c
zt-gateway  | [perf-request-in] ts_in=1777537101.194818 ts_out=1777537101.195745 gw_proc_ms=0.927 traceId=exp-perf5000-001399-e5cc0644
zt-gateway  | [perf-request-in] ts_in=1777537101.195805 ts_out=1777537101.196788 gw_proc_ms=0.983 traceId=exp-perf5000-001401-1d8987f6
zt-gateway  | [perf-request-in] ts_in=1777537101.195705 ts_out=1777537101.197034 gw_proc_ms=1.329 traceId=exp-perf5000-001400-8545768e
zt-gateway  | [perf-request-in] ts_in=1777537101.196829 ts_out=1777537101.197666 gw_proc_ms=0.837 traceId=exp-perf5000-001403-b141041e
zt-gateway  | [perf-request-in] ts_in=1777537101.197110 ts_out=1777537101.198456 gw_proc_ms=1.346 traceId=exp-perf5000-001402-fd2240b0
zt-gateway  | [perf-request-in] ts_in=1777537101.197715 ts_out=1777537101.198843 gw_proc_ms=1.128 traceId=exp-perf5000-001405-d7f85538
zt-gateway  | [perf-request-in] ts_in=1777537101.198535 ts_out=1777537101.200220 gw_proc_ms=1.685 traceId=exp-perf5000-001404-6e0e2a5d
zt-gateway  | [perf-request-in] ts_in=1777537101.198899 ts_out=1777537101.200850 gw_proc_ms=1.951 traceId=exp-perf5000-001407-f936bba0
zt-gateway  | [perf-request-in] ts_in=1777537101.200431 ts_out=1777537101.201342 gw_proc_ms=0.911 traceId=exp-perf5000-001406-6d676ad2
zt-gateway  | [perf-request-in] ts_in=1777537101.200913 ts_out=1777537101.201811 gw_proc_ms=0.898 traceId=exp-perf5000-001409-169ac4dc
zt-gateway  | [perf-request-in] ts_in=1777537101.201399 ts_out=1777537101.202606 gw_proc_ms=1.207 traceId=exp-perf5000-001408-98a71a57
zt-gateway  | [perf-request-in] ts_in=1777537101.201854 ts_out=1777537101.202749 gw_proc_ms=0.895 traceId=exp-perf5000-001411-3fd81113
zt-gateway  | [perf-request-in] ts_in=1777537101.202799 ts_out=1777537101.203624 gw_proc_ms=0.825 traceId=exp-perf5000-001413-95b63a03
zt-gateway  | [perf-request-in] ts_in=1777537101.202654 ts_out=1777537101.204095 gw_proc_ms=1.441 traceId=exp-perf5000-001410-b2e5a310
zt-gateway  | [perf-request-in] ts_in=1777537101.203685 ts_out=1777537101.204669 gw_proc_ms=0.984 traceId=exp-perf5000-001414-ad5d7cd7
zt-gateway  | [perf-request-in] ts_in=1777537101.204154 ts_out=1777537101.205177 gw_proc_ms=1.023 traceId=exp-perf5000-001412-b35bee4d
zt-gateway  | [perf-request-in] ts_in=1777537101.204731 ts_out=1777537101.205482 gw_proc_ms=0.751 traceId=exp-perf5000-001416-7594145d
zt-gateway  | [perf-request-in] ts_in=1777537101.205230 ts_out=1777537101.205990 gw_proc_ms=0.760 traceId=exp-perf5000-001415-d04ea0cb
zt-gateway  | [perf-request-in] ts_in=1777537101.205543 ts_out=1777537101.206570 gw_proc_ms=1.027 traceId=exp-perf5000-001418-721dd0d9
zt-gateway  | [perf-request-in] ts_in=1777537101.206087 ts_out=1777537101.207385 gw_proc_ms=1.298 traceId=exp-perf5000-001417-509f1797
zt-gateway  | [perf-request-in] ts_in=1777537101.206634 ts_out=1777537101.208009 gw_proc_ms=1.375 traceId=exp-perf5000-001421-c3eecb3b
zt-gateway  | [perf-request-in] ts_in=1777537101.207458 ts_out=1777537101.208962 gw_proc_ms=1.504 traceId=exp-perf5000-001419-3d069cb6
zt-gateway  | [perf-request-in] ts_in=1777537101.208084 ts_out=1777537101.209315 gw_proc_ms=1.231 traceId=exp-perf5000-001423-7b9451a9
zt-gateway  | [perf-request-in] ts_in=1777537101.209024 ts_out=1777537101.210075 gw_proc_ms=1.051 traceId=exp-perf5000-001420-56b5612b
zt-gateway  | [perf-request-in] ts_in=1777537101.209367 ts_out=1777537101.210454 gw_proc_ms=1.087 traceId=exp-perf5000-001424-de5171e5
zt-gateway  | [perf-request-in] ts_in=1777537101.210122 ts_out=1777537101.210954 gw_proc_ms=0.832 traceId=exp-perf5000-001422-7946c906
zt-gateway  | [perf-request-in] ts_in=1777537101.211306 ts_out=1777537101.212309 gw_proc_ms=1.003 traceId=exp-perf5000-001425-57197d0c
zt-gateway  | [perf-request-in] ts_in=1777537101.210498 ts_out=1777537101.212332 gw_proc_ms=1.834 traceId=exp-perf5000-001427-2acc86c8
zt-gateway  | [perf-request-in] ts_in=1777537101.212395 ts_out=1777537101.213727 gw_proc_ms=1.332 traceId=exp-perf5000-001428-e8445da3
zt-gateway  | [perf-request-in] ts_in=1777537101.212388 ts_out=1777537101.214209 gw_proc_ms=1.821 traceId=exp-perf5000-001426-05b63eb9
zt-gateway  | [perf-request-in] ts_in=1777537101.214270 ts_out=1777537101.215303 gw_proc_ms=1.033 traceId=exp-perf5000-001429-93017f46
zt-gateway  | [perf-request-in] ts_in=1777537101.213939 ts_out=1777537101.215366 gw_proc_ms=1.427 traceId=exp-perf5000-001431-b2675d26
zt-gateway  | [perf-request-in] ts_in=1777537101.215344 ts_out=1777537101.217032 gw_proc_ms=1.688 traceId=exp-perf5000-001430-aa4b8e97
zt-gateway  | [perf-request-in] ts_in=1777537101.215402 ts_out=1777537101.217041 gw_proc_ms=1.639 traceId=exp-perf5000-001433-5f1443ec
zt-gateway  | [perf-request-in] ts_in=1777537101.217159 ts_out=1777537101.218884 gw_proc_ms=1.725 traceId=exp-perf5000-001435-80adcbdc
zt-gateway  | [perf-request-in] ts_in=1777537101.217198 ts_out=1777537101.219061 gw_proc_ms=1.863 traceId=exp-perf5000-001432-fee5bb43
zt-gateway  | [perf-request-in] ts_in=1777537101.219421 ts_out=1777537101.221595 gw_proc_ms=2.174 traceId=exp-perf5000-001434-d27b29c9
zt-gateway  | [perf-request-in] ts_in=1777537101.219290 ts_out=1777537101.221619 gw_proc_ms=2.329 traceId=exp-perf5000-001437-58e49285
zt-gateway  | [perf-request-in] ts_in=1777537101.221912 ts_out=1777537101.223538 gw_proc_ms=1.626 traceId=exp-perf5000-001439-2cb2abe5
zt-gateway  | [perf-request-in] ts_in=1777537101.221804 ts_out=1777537101.223585 gw_proc_ms=1.781 traceId=exp-perf5000-001436-42e6561e
zt-gateway  | [perf-request-in] ts_in=1777537101.223644 ts_out=1777537101.224423 gw_proc_ms=0.779 traceId=exp-perf5000-001438-70b81a1a
zt-gateway  | [perf-request-in] ts_in=1777537101.223592 ts_out=1777537101.224510 gw_proc_ms=0.918 traceId=exp-perf5000-001441-5d207cc7
zt-gateway  | [perf-request-in] ts_in=1777537101.224556 ts_out=1777537101.225854 gw_proc_ms=1.298 traceId=exp-perf5000-001442-cf0c02f2
zt-gateway  | [perf-request-in] ts_in=1777537101.224456 ts_out=1777537101.225882 gw_proc_ms=1.426 traceId=exp-perf5000-001440-1ca248ae
zt-gateway  | [perf-request-in] ts_in=1777537101.226044 ts_out=1777537101.227547 gw_proc_ms=1.503 traceId=exp-perf5000-001443-b11ef4fc
zt-gateway  | [perf-request-in] ts_in=1777537101.226044 ts_out=1777537101.227673 gw_proc_ms=1.629 traceId=exp-perf5000-001445-616292ac
zt-gateway  | [perf-request-in] ts_in=1777537101.227622 ts_out=1777537101.229145 gw_proc_ms=1.523 traceId=exp-perf5000-001444-5ff3e05d
zt-gateway  | [perf-request-in] ts_in=1777537101.227989 ts_out=1777537101.229144 gw_proc_ms=1.155 traceId=exp-perf5000-001447-2cc31a06
zt-gateway  | [perf-request-in] ts_in=1777537101.229190 ts_out=1777537101.229964 gw_proc_ms=0.774 traceId=exp-perf5000-001446-d3d60e4d
zt-gateway  | [perf-request-in] ts_in=1777537101.229193 ts_out=1777537101.230041 gw_proc_ms=0.848 traceId=exp-perf5000-001449-bc639647
zt-gateway  | [perf-request-in] ts_in=1777537101.230073 ts_out=1777537101.230800 gw_proc_ms=0.727 traceId=exp-perf5000-001451-75c50f19
zt-gateway  | [perf-request-in] ts_in=1777537101.230051 ts_out=1777537101.230803 gw_proc_ms=0.752 traceId=exp-perf5000-001448-3c0bf94d
zt-gateway  | [perf-request-in] ts_in=1777537101.230835 ts_out=1777537101.231522 gw_proc_ms=0.687 traceId=exp-perf5000-001453-dcf53f0d
zt-gateway  | [perf-request-in] ts_in=1777537101.230841 ts_out=1777537101.231531 gw_proc_ms=0.690 traceId=exp-perf5000-001450-232b611b
zt-gateway  | [perf-request-in] ts_in=1777537101.231548 ts_out=1777537101.232163 gw_proc_ms=0.615 traceId=exp-perf5000-001454-f8a488e1
zt-gateway  | [perf-request-in] ts_in=1777537101.231566 ts_out=1777537101.232190 gw_proc_ms=0.624 traceId=exp-perf5000-001452-4e8cbcac
zt-gateway  | [perf-request-in] ts_in=1777537101.232229 ts_out=1777537101.233029 gw_proc_ms=0.800 traceId=exp-perf5000-001455-9d30c356
zt-gateway  | [perf-request-in] ts_in=1777537101.232190 ts_out=1777537101.233214 gw_proc_ms=1.024 traceId=exp-perf5000-001456-f94bad38
zt-gateway  | [perf-request-in] ts_in=1777537101.233275 ts_out=1777537101.234692 gw_proc_ms=1.417 traceId=exp-perf5000-001458-ce163496
zt-gateway  | [perf-request-in] ts_in=1777537101.233080 ts_out=1777537101.234700 gw_proc_ms=1.620 traceId=exp-perf5000-001457-29bce008
zt-gateway  | [perf-request-in] ts_in=1777537101.234741 ts_out=1777537101.235466 gw_proc_ms=0.725 traceId=exp-perf5000-001459-9f084e28
zt-gateway  | [perf-request-in] ts_in=1777537101.234749 ts_out=1777537101.235500 gw_proc_ms=0.751 traceId=exp-perf5000-001461-0142f572
zt-gateway  | [perf-request-in] ts_in=1777537101.235497 ts_out=1777537101.236204 gw_proc_ms=0.707 traceId=exp-perf5000-001460-7a057c0f
zt-gateway  | [perf-request-in] ts_in=1777537101.235540 ts_out=1777537101.236286 gw_proc_ms=0.746 traceId=exp-perf5000-001463-28790e09
zt-gateway  | [perf-request-in] ts_in=1777537101.236239 ts_out=1777537101.236926 gw_proc_ms=0.687 traceId=exp-perf5000-001462-269631ed
zt-gateway  | [perf-request-in] ts_in=1777537101.236321 ts_out=1777537101.237021 gw_proc_ms=0.700 traceId=exp-perf5000-001464-02e0c92b
zt-gateway  | [perf-request-in] ts_in=1777537101.236952 ts_out=1777537101.237710 gw_proc_ms=0.758 traceId=exp-perf5000-001465-77607aed
zt-gateway  | [perf-request-in] ts_in=1777537101.237055 ts_out=1777537101.237855 gw_proc_ms=0.800 traceId=exp-perf5000-001467-6cfa52e6
zt-gateway  | [perf-request-in] ts_in=1777537101.237747 ts_out=1777537101.238459 gw_proc_ms=0.712 traceId=exp-perf5000-001466-70fe3cb7
zt-gateway  | [perf-request-in] ts_in=1777537101.237890 ts_out=1777537101.238609 gw_proc_ms=0.719 traceId=exp-perf5000-001468-aa1fde93
zt-gateway  | [perf-request-in] ts_in=1777537101.238486 ts_out=1777537101.239136 gw_proc_ms=0.650 traceId=exp-perf5000-001469-93f58468
zt-gateway  | [perf-request-in] ts_in=1777537101.238636 ts_out=1777537101.239315 gw_proc_ms=0.679 traceId=exp-perf5000-001470-cb2159f0
zt-gateway  | [perf-request-in] ts_in=1777537101.239175 ts_out=1777537101.239871 gw_proc_ms=0.696 traceId=exp-perf5000-001471-028b722b
zt-gateway  | [perf-request-in] ts_in=1777537101.239352 ts_out=1777537101.240493 gw_proc_ms=1.141 traceId=exp-perf5000-001473-48033836
zt-gateway  | [perf-request-in] ts_in=1777537101.239918 ts_out=1777537101.240681 gw_proc_ms=0.763 traceId=exp-perf5000-001472-e93f23ec
zt-gateway  | [perf-request-in] ts_in=1777537101.240720 ts_out=1777537101.241392 gw_proc_ms=0.672 traceId=exp-perf5000-001474-984b0b35
zt-gateway  | [perf-request-in] ts_in=1777537101.240543 ts_out=1777537101.241463 gw_proc_ms=0.920 traceId=exp-perf5000-001475-11b145bc
zt-gateway  | [perf-request-in] ts_in=1777537101.241435 ts_out=1777537101.242122 gw_proc_ms=0.687 traceId=exp-perf5000-001476-18746803
zt-gateway  | [perf-request-in] ts_in=1777537101.241505 ts_out=1777537101.242360 gw_proc_ms=0.855 traceId=exp-perf5000-001477-16221fb3
zt-gateway  | [perf-request-in] ts_in=1777537101.242158 ts_out=1777537101.242841 gw_proc_ms=0.683 traceId=exp-perf5000-001479-8b769cc3
zt-gateway  | [perf-request-in] ts_in=1777537101.242417 ts_out=1777537101.243250 gw_proc_ms=0.833 traceId=exp-perf5000-001478-ec233b78
zt-gateway  | [perf-request-in] ts_in=1777537101.242881 ts_out=1777537101.243594 gw_proc_ms=0.713 traceId=exp-perf5000-001480-8ad08dbf
zt-gateway  | [perf-request-in] ts_in=1777537101.243291 ts_out=1777537101.244063 gw_proc_ms=0.772 traceId=exp-perf5000-001481-5c36811e
zt-gateway  | [perf-request-in] ts_in=1777537101.243628 ts_out=1777537101.244644 gw_proc_ms=1.016 traceId=exp-perf5000-001482-e804d173
zt-gateway  | [perf-request-in] ts_in=1777537101.244097 ts_out=1777537101.244820 gw_proc_ms=0.723 traceId=exp-perf5000-001483-f2b73661
zt-gateway  | [perf-request-in] ts_in=1777537101.244676 ts_out=1777537101.245381 gw_proc_ms=0.705 traceId=exp-perf5000-001484-9d2ff3ec
zt-gateway  | [perf-request-in] ts_in=1777537101.244851 ts_out=1777537101.245519 gw_proc_ms=0.668 traceId=exp-perf5000-001485-f4cfe1e3
zt-gateway  | [perf-request-in] ts_in=1777537101.245439 ts_out=1777537101.246139 gw_proc_ms=0.700 traceId=exp-perf5000-001486-2c6ecd05
zt-gateway  | [perf-request-in] ts_in=1777537101.245552 ts_out=1777537101.246219 gw_proc_ms=0.667 traceId=exp-perf5000-001487-7257cd3b
zt-gateway  | [perf-request-in] ts_in=1777537101.246175 ts_out=1777537101.246821 gw_proc_ms=0.646 traceId=exp-perf5000-001488-fb4f1dfc
zt-gateway  | [perf-request-in] ts_in=1777537101.246255 ts_out=1777537101.246894 gw_proc_ms=0.639 traceId=exp-perf5000-001489-3516129f
zt-gateway  | [perf-request-in] ts_in=1777537101.246858 ts_out=1777537101.247565 gw_proc_ms=0.707 traceId=exp-perf5000-001490-5896d9f3
zt-gateway  | [perf-request-in] ts_in=1777537101.246922 ts_out=1777537101.247610 gw_proc_ms=0.688 traceId=exp-perf5000-001491-7e425781
zt-gateway  | [perf-request-in] ts_in=1777537101.247648 ts_out=1777537101.248394 gw_proc_ms=0.746 traceId=exp-perf5000-001493-cdb71840
zt-gateway  | [perf-request-in] ts_in=1777537101.247610 ts_out=1777537101.248451 gw_proc_ms=0.841 traceId=exp-perf5000-001492-02a1d372
zt-gateway  | [perf-request-in] ts_in=1777537101.248449 ts_out=1777537101.249098 gw_proc_ms=0.649 traceId=exp-perf5000-001494-cb50df25
zt-gateway  | [perf-request-in] ts_in=1777537101.248489 ts_out=1777537101.249139 gw_proc_ms=0.650 traceId=exp-perf5000-001495-b73ea1a1
zt-gateway  | [perf-request-in] ts_in=1777537101.249172 ts_out=1777537101.249822 gw_proc_ms=0.650 traceId=exp-perf5000-001496-bd0c0447
zt-gateway  | [perf-request-in] ts_in=1777537101.249136 ts_out=1777537101.249822 gw_proc_ms=0.686 traceId=exp-perf5000-001499-4fc5effe
zt-gateway  | [perf-request-in] ts_in=1777537101.249860 ts_out=1777537101.250518 gw_proc_ms=0.658 traceId=exp-perf5000-001498-42b40e42
zt-gateway  | [perf-request-in] ts_in=1777537101.249850 ts_out=1777537101.250590 gw_proc_ms=0.740 traceId=exp-perf5000-001497-9e802087
zt-gateway  | [perf-request-in] ts_in=1777537101.250565 ts_out=1777537101.251240 gw_proc_ms=0.675 traceId=exp-perf5000-001500-1063c8c2
zt-gateway  | [perf-request-in] ts_in=1777537101.250632 ts_out=1777537101.251286 gw_proc_ms=0.654 traceId=exp-perf5000-001501-441a8307
zt-gateway  | [perf-request-in] ts_in=1777537101.251278 ts_out=1777537101.251925 gw_proc_ms=0.647 traceId=exp-perf5000-001502-4884865b
zt-gateway  | [perf-request-in] ts_in=1777537101.251331 ts_out=1777537101.252121 gw_proc_ms=0.790 traceId=exp-perf5000-001503-d826af29
zt-gateway  | [perf-request-in] ts_in=1777537101.252036 ts_out=1777537101.252733 gw_proc_ms=0.697 traceId=exp-perf5000-001504-5db99063
zt-gateway  | [perf-request-in] ts_in=1777537101.252157 ts_out=1777537101.252845 gw_proc_ms=0.688 traceId=exp-perf5000-001505-f5248000
zt-gateway  | [perf-request-in] ts_in=1777537101.252773 ts_out=1777537101.253466 gw_proc_ms=0.693 traceId=exp-perf5000-001506-1e81d365
zt-gateway  | [perf-request-in] ts_in=1777537101.252890 ts_out=1777537101.253560 gw_proc_ms=0.670 traceId=exp-perf5000-001507-0d8f8b56
zt-gateway  | [perf-request-in] ts_in=1777537101.253505 ts_out=1777537101.254188 gw_proc_ms=0.683 traceId=exp-perf5000-001508-90c32d8e
zt-gateway  | [perf-request-in] ts_in=1777537101.253602 ts_out=1777537101.254284 gw_proc_ms=0.682 traceId=exp-perf5000-001510-68e76f4b
zt-gateway  | [perf-request-in] ts_in=1777537101.254224 ts_out=1777537101.254920 gw_proc_ms=0.696 traceId=exp-perf5000-001509-ce87ac93
zt-gateway  | [perf-request-in] ts_in=1777537101.254323 ts_out=1777537101.254987 gw_proc_ms=0.664 traceId=exp-perf5000-001512-7634539d
zt-gateway  | [perf-request-in] ts_in=1777537101.254958 ts_out=1777537101.255572 gw_proc_ms=0.614 traceId=exp-perf5000-001511-13b068e9
zt-gateway  | [perf-request-in] ts_in=1777537101.255019 ts_out=1777537101.255596 gw_proc_ms=0.577 traceId=exp-perf5000-001514-45ab313b
zt-gateway  | [perf-request-in] ts_in=1777537101.255621 ts_out=1777537101.256259 gw_proc_ms=0.638 traceId=exp-perf5000-001516-2a2edb7e
zt-gateway  | [perf-request-in] ts_in=1777537101.255604 ts_out=1777537101.256281 gw_proc_ms=0.677 traceId=exp-perf5000-001513-52be1a1e
zt-gateway  | [perf-request-in] ts_in=1777537101.256299 ts_out=1777537101.256939 gw_proc_ms=0.640 traceId=exp-perf5000-001518-e8aeca3d
zt-gateway  | [perf-request-in] ts_in=1777537101.256326 ts_out=1777537101.256985 gw_proc_ms=0.659 traceId=exp-perf5000-001515-f64e6090
zt-gateway  | [perf-request-in] ts_in=1777537101.256984 ts_out=1777537101.257596 gw_proc_ms=0.612 traceId=exp-perf5000-001520-5324d33c
zt-gateway  | [perf-request-in] ts_in=1777537101.257015 ts_out=1777537101.257628 gw_proc_ms=0.613 traceId=exp-perf5000-001517-e940bbfe
zt-gateway  | [perf-request-in] ts_in=1777537101.257635 ts_out=1777537101.258275 gw_proc_ms=0.640 traceId=exp-perf5000-001522-36d17a6f
zt-gateway  | [perf-request-in] ts_in=1777537101.257667 ts_out=1777537101.258311 gw_proc_ms=0.644 traceId=exp-perf5000-001519-df536c4e
zt-gateway  | [perf-request-in] ts_in=1777537101.258314 ts_out=1777537101.258953 gw_proc_ms=0.639 traceId=exp-perf5000-001524-963555fc
zt-gateway  | [perf-request-in] ts_in=1777537101.258350 ts_out=1777537101.258994 gw_proc_ms=0.644 traceId=exp-perf5000-001521-343c5d64
zt-gateway  | [perf-request-in] ts_in=1777537101.258984 ts_out=1777537101.259587 gw_proc_ms=0.603 traceId=exp-perf5000-001526-497d0086
zt-gateway  | [perf-request-in] ts_in=1777537101.259022 ts_out=1777537101.259656 gw_proc_ms=0.634 traceId=exp-perf5000-001523-a868aa75
zt-gateway  | [perf-request-in] ts_in=1777537101.259621 ts_out=1777537101.260254 gw_proc_ms=0.633 traceId=exp-perf5000-001528-4eb6595f
zt-gateway  | [perf-request-in] ts_in=1777537101.259695 ts_out=1777537101.260332 gw_proc_ms=0.637 traceId=exp-perf5000-001525-456ff7f7
zt-gateway  | [perf-request-in] ts_in=1777537101.260369 ts_out=1777537101.261004 gw_proc_ms=0.635 traceId=exp-perf5000-001527-b090b1bf
zt-gateway  | [perf-request-in] ts_in=1777537101.260288 ts_out=1777537101.261020 gw_proc_ms=0.732 traceId=exp-perf5000-001530-c1a3815b
zt-gateway  | [perf-request-in] ts_in=1777537101.261047 ts_out=1777537101.261646 gw_proc_ms=0.599 traceId=exp-perf5000-001531-eb89d8ea
zt-gateway  | [perf-request-in] ts_in=1777537101.261034 ts_out=1777537101.261647 gw_proc_ms=0.613 traceId=exp-perf5000-001529-4f29e4bd
zt-gateway  | [perf-request-in] ts_in=1777537101.261679 ts_out=1777537101.262308 gw_proc_ms=0.629 traceId=exp-perf5000-001533-4d1650f2
zt-gateway  | [perf-request-in] ts_in=1777537101.261679 ts_out=1777537101.262329 gw_proc_ms=0.650 traceId=exp-perf5000-001532-e72e42f4
zt-gateway  | [perf-request-in] ts_in=1777537101.262339 ts_out=1777537101.262969 gw_proc_ms=0.630 traceId=exp-perf5000-001535-2953ff95
zt-gateway  | [perf-request-in] ts_in=1777537101.262355 ts_out=1777537101.263005 gw_proc_ms=0.650 traceId=exp-perf5000-001534-c6d9fe0a
zt-gateway  | [perf-request-in] ts_in=1777537101.263001 ts_out=1777537101.263610 gw_proc_ms=0.609 traceId=exp-perf5000-001538-1724de00
zt-gateway  | [perf-request-in] ts_in=1777537101.263028 ts_out=1777537101.263639 gw_proc_ms=0.611 traceId=exp-perf5000-001536-ca616707
zt-gateway  | [perf-request-in] ts_in=1777537101.263640 ts_out=1777537101.264242 gw_proc_ms=0.602 traceId=exp-perf5000-001539-7d0f880c
zt-gateway  | [perf-request-in] ts_in=1777537101.263671 ts_out=1777537101.264311 gw_proc_ms=0.640 traceId=exp-perf5000-001537-3cfb5c9b
zt-gateway  | [perf-request-in] ts_in=1777537101.264272 ts_out=1777537101.264915 gw_proc_ms=0.643 traceId=exp-perf5000-001542-cf61f51d
zt-gateway  | [perf-request-in] ts_in=1777537101.264342 ts_out=1777537101.264994 gw_proc_ms=0.652 traceId=exp-perf5000-001540-73ee6efd
zt-gateway  | [perf-request-in] ts_in=1777537101.264944 ts_out=1777537101.265531 gw_proc_ms=0.587 traceId=exp-perf5000-001543-d030c8fd
zt-gateway  | [perf-request-in] ts_in=1777537101.265022 ts_out=1777537101.265609 gw_proc_ms=0.587 traceId=exp-perf5000-001541-3db823f4
zt-gateway  | [perf-request-in] ts_in=1777537101.265560 ts_out=1777537101.266163 gw_proc_ms=0.603 traceId=exp-perf5000-001545-9e3cfd50
zt-gateway  | [perf-request-in] ts_in=1777537101.265639 ts_out=1777537101.266315 gw_proc_ms=0.676 traceId=exp-perf5000-001544-40aa655e
zt-gateway  | [perf-request-in] ts_in=1777537101.266192 ts_out=1777537101.266775 gw_proc_ms=0.583 traceId=exp-perf5000-001547-a570255c
zt-gateway  | [perf-request-in] ts_in=1777537101.266358 ts_out=1777537101.267029 gw_proc_ms=0.671 traceId=exp-perf5000-001546-37d2ae64
zt-gateway  | [perf-request-in] ts_in=1777537101.266810 ts_out=1777537101.267401 gw_proc_ms=0.591 traceId=exp-perf5000-001548-a4850d11
zt-gateway  | [perf-request-in] ts_in=1777537101.267064 ts_out=1777537101.267658 gw_proc_ms=0.594 traceId=exp-perf5000-001555-d9df14a6
zt-gateway  | [perf-request-in] ts_in=1777537101.267435 ts_out=1777537101.268087 gw_proc_ms=0.652 traceId=exp-perf5000-001549-c9b0f30d
zt-gateway  | [perf-request-in] ts_in=1777537101.267690 ts_out=1777537101.268374 gw_proc_ms=0.684 traceId=exp-perf5000-001554-8671ef6f
zt-gateway  | [perf-request-in] ts_in=1777537101.268123 ts_out=1777537101.268707 gw_proc_ms=0.584 traceId=exp-perf5000-001550-459242d1
zt-gateway  | [perf-request-in] ts_in=1777537101.268406 ts_out=1777537101.269086 gw_proc_ms=0.680 traceId=exp-perf5000-001553-7fa3df81
zt-gateway  | [perf-request-in] ts_in=1777537101.268740 ts_out=1777537101.269405 gw_proc_ms=0.665 traceId=exp-perf5000-001552-efdeedcc
zt-gateway  | [perf-request-in] ts_in=1777537101.269115 ts_out=1777537101.269728 gw_proc_ms=0.613 traceId=exp-perf5000-001551-78d1cba9
zt-gateway  | [perf-request-in] ts_in=1777537101.269436 ts_out=1777537101.270048 gw_proc_ms=0.612 traceId=exp-perf5000-001557-40b8c05a
zt-gateway  | [perf-request-in] ts_in=1777537101.269763 ts_out=1777537101.270409 gw_proc_ms=0.646 traceId=exp-perf5000-001556-e6370c54
zt-gateway  | [perf-request-in] ts_in=1777537101.270081 ts_out=1777537101.270705 gw_proc_ms=0.624 traceId=exp-perf5000-001558-d41a57eb
zt-gateway  | [perf-request-in] ts_in=1777537101.270443 ts_out=1777537101.271034 gw_proc_ms=0.591 traceId=exp-perf5000-001559-cc869271
zt-gateway  | [perf-request-in] ts_in=1777537101.270738 ts_out=1777537101.271354 gw_proc_ms=0.616 traceId=exp-perf5000-001562-11f11f6f
zt-gateway  | [perf-request-in] ts_in=1777537101.271070 ts_out=1777537101.271675 gw_proc_ms=0.605 traceId=exp-perf5000-001561-2cc5f45a
zt-gateway  | [perf-request-in] ts_in=1777537101.271387 ts_out=1777537101.271965 gw_proc_ms=0.578 traceId=exp-perf5000-001563-583a129f
zt-gateway  | [perf-request-in] ts_in=1777537101.271707 ts_out=1777537101.272310 gw_proc_ms=0.603 traceId=exp-perf5000-001560-ecf00d24
zt-gateway  | [perf-request-in] ts_in=1777537101.271993 ts_out=1777537101.272567 gw_proc_ms=0.574 traceId=exp-perf5000-001566-0034bac1
zt-gateway  | [perf-request-in] ts_in=1777537101.272341 ts_out=1777537101.272953 gw_proc_ms=0.612 traceId=exp-perf5000-001564-e4e74b07
zt-gateway  | [perf-request-in] ts_in=1777537101.272596 ts_out=1777537101.273201 gw_proc_ms=0.605 traceId=exp-perf5000-001567-77b46da4
zt-gateway  | [perf-request-in] ts_in=1777537101.272984 ts_out=1777537101.273599 gw_proc_ms=0.615 traceId=exp-perf5000-001565-554f663a
zt-gateway  | [perf-request-in] ts_in=1777537101.273228 ts_out=1777537101.273836 gw_proc_ms=0.608 traceId=exp-perf5000-001569-7930393f
zt-gateway  | [perf-request-in] ts_in=1777537101.273630 ts_out=1777537101.274251 gw_proc_ms=0.621 traceId=exp-perf5000-001568-fb2ef9e7
zt-gateway  | [perf-request-in] ts_in=1777537101.273866 ts_out=1777537101.274479 gw_proc_ms=0.613 traceId=exp-perf5000-001571-3420525e
zt-gateway  | [perf-request-in] ts_in=1777537101.274285 ts_out=1777537101.274944 gw_proc_ms=0.659 traceId=exp-perf5000-001570-82409751
zt-gateway  | [perf-request-in] ts_in=1777537101.274508 ts_out=1777537101.275169 gw_proc_ms=0.661 traceId=exp-perf5000-001573-029b902b
zt-gateway  | [perf-request-in] ts_in=1777537101.274980 ts_out=1777537101.275743 gw_proc_ms=0.763 traceId=exp-perf5000-001572-88d3a950
zt-gateway  | [perf-request-in] ts_in=1777537101.275195 ts_out=1777537101.275948 gw_proc_ms=0.753 traceId=exp-perf5000-001574-82d392c7
zt-gateway  | [perf-request-in] ts_in=1777537101.275789 ts_out=1777537101.276535 gw_proc_ms=0.746 traceId=exp-perf5000-001575-aed393a3
zt-gateway  | [perf-request-in] ts_in=1777537101.275978 ts_out=1777537101.276654 gw_proc_ms=0.676 traceId=exp-perf5000-001576-61c28f44
zt-gateway  | [perf-request-in] ts_in=1777537101.276569 ts_out=1777537101.277307 gw_proc_ms=0.738 traceId=exp-perf5000-001577-c75d4b83
zt-gateway  | [perf-request-in] ts_in=1777537101.276678 ts_out=1777537101.277425 gw_proc_ms=0.747 traceId=exp-perf5000-001578-80feeeea
zt-gateway  | [perf-request-in] ts_in=1777537101.277343 ts_out=1777537101.278137 gw_proc_ms=0.794 traceId=exp-perf5000-001579-affd632b
zt-gateway  | [perf-request-in] ts_in=1777537101.277462 ts_out=1777537101.278243 gw_proc_ms=0.781 traceId=exp-perf5000-001580-a73a4867
zt-gateway  | [perf-request-in] ts_in=1777537101.278173 ts_out=1777537101.278987 gw_proc_ms=0.814 traceId=exp-perf5000-001581-dce0ed91
zt-gateway  | [perf-request-in] ts_in=1777537101.278277 ts_out=1777537101.279258 gw_proc_ms=0.981 traceId=exp-perf5000-001582-e5334cb3
zt-gateway  | [perf-request-in] ts_in=1777537101.279023 ts_out=1777537101.279761 gw_proc_ms=0.738 traceId=exp-perf5000-001583-6f16f811
zt-gateway  | [perf-request-in] ts_in=1777537101.279300 ts_out=1777537101.280018 gw_proc_ms=0.718 traceId=exp-perf5000-001584-7e026091
zt-gateway  | [perf-request-in] ts_in=1777537101.279809 ts_out=1777537101.280497 gw_proc_ms=0.688 traceId=exp-perf5000-001585-1caf10b9
zt-gateway  | [perf-request-in] ts_in=1777537101.280053 ts_out=1777537101.280753 gw_proc_ms=0.700 traceId=exp-perf5000-001586-41bed3be
zt-gateway  | [perf-request-in] ts_in=1777537101.280532 ts_out=1777537101.281226 gw_proc_ms=0.694 traceId=exp-perf5000-001587-95d82a1b
zt-gateway  | [perf-request-in] ts_in=1777537101.280790 ts_out=1777537101.281434 gw_proc_ms=0.644 traceId=exp-perf5000-001588-e976b84f
zt-gateway  | [perf-request-in] ts_in=1777537101.281254 ts_out=1777537101.281898 gw_proc_ms=0.644 traceId=exp-perf5000-001589-a71c1fe5
zt-gateway  | [perf-request-in] ts_in=1777537101.281465 ts_out=1777537101.282094 gw_proc_ms=0.629 traceId=exp-perf5000-001590-bfe68d09
zt-gateway  | [perf-request-in] ts_in=1777537101.281926 ts_out=1777537101.282589 gw_proc_ms=0.663 traceId=exp-perf5000-001591-a912997e
zt-gateway  | [perf-request-in] ts_in=1777537101.282124 ts_out=1777537101.282803 gw_proc_ms=0.679 traceId=exp-perf5000-001592-4660331b
zt-gateway  | [perf-request-in] ts_in=1777537101.282616 ts_out=1777537101.283300 gw_proc_ms=0.684 traceId=exp-perf5000-001593-d9e146a7
zt-gateway  | [perf-request-in] ts_in=1777537101.282830 ts_out=1777537101.283486 gw_proc_ms=0.656 traceId=exp-perf5000-001594-f0c9bf17
zt-gateway  | [perf-request-in] ts_in=1777537101.283330 ts_out=1777537101.284079 gw_proc_ms=0.749 traceId=exp-perf5000-001595-a979b699
zt-gateway  | [perf-request-in] ts_in=1777537101.283515 ts_out=1777537101.284129 gw_proc_ms=0.614 traceId=exp-perf5000-001597-d03c747f
zt-gateway  | [perf-request-in] ts_in=1777537101.284157 ts_out=1777537101.284795 gw_proc_ms=0.638 traceId=exp-perf5000-001599-416aaec6
zt-gateway  | [perf-request-in] ts_in=1777537101.284140 ts_out=1777537101.284883 gw_proc_ms=0.743 traceId=exp-perf5000-001596-7e8ce9d9
zt-gateway  | [perf-request-in] ts_in=1777537101.284827 ts_out=1777537101.285540 gw_proc_ms=0.713 traceId=exp-perf5000-001601-32aaef5c
zt-gateway  | [perf-request-in] ts_in=1777537101.284923 ts_out=1777537101.285666 gw_proc_ms=0.743 traceId=exp-perf5000-001598-a0ccccc4
zt-gateway  | [perf-request-in] ts_in=1777537101.285568 ts_out=1777537101.286480 gw_proc_ms=0.912 traceId=exp-perf5000-001603-d478dd6e
zt-gateway  | [perf-request-in] ts_in=1777537101.285704 ts_out=1777537101.286671 gw_proc_ms=0.967 traceId=exp-perf5000-001600-23116f06
zt-gateway  | [perf-request-in] ts_in=1777537101.286551 ts_out=1777537101.287614 gw_proc_ms=1.063 traceId=exp-perf5000-001605-20e6185e
zt-gateway  | [perf-request-in] ts_in=1777537101.286713 ts_out=1777537101.287681 gw_proc_ms=0.968 traceId=exp-perf5000-001602-6ebe031a
zt-gateway  | [perf-request-in] ts_in=1777537101.287667 ts_out=1777537101.288539 gw_proc_ms=0.872 traceId=exp-perf5000-001607-d5999eac
zt-gateway  | [perf-request-in] ts_in=1777537101.287728 ts_out=1777537101.288543 gw_proc_ms=0.815 traceId=exp-perf5000-001604-0572443c
zt-gateway  | [perf-request-in] ts_in=1777537101.288568 ts_out=1777537101.289477 gw_proc_ms=0.909 traceId=exp-perf5000-001606-32d92df3
zt-gateway  | [perf-request-in] ts_in=1777537101.288566 ts_out=1777537101.289550 gw_proc_ms=0.984 traceId=exp-perf5000-001609-8b502818
zt-gateway  | [perf-request-in] ts_in=1777537101.289627 ts_out=1777537101.291284 gw_proc_ms=1.657 traceId=exp-perf5000-001611-7302612d
zt-gateway  | [perf-request-in] ts_in=1777537101.289526 ts_out=1777537101.291853 gw_proc_ms=2.327 traceId=exp-perf5000-001608-0fd0eb56
zt-gateway  | [perf-request-in] ts_in=1777537101.291339 ts_out=1777537101.292514 gw_proc_ms=1.175 traceId=exp-perf5000-001613-0e1802d2
zt-gateway  | [perf-request-in] ts_in=1777537101.291932 ts_out=1777537101.292939 gw_proc_ms=1.007 traceId=exp-perf5000-001610-acbe635d
zt-gateway  | [perf-request-in] ts_in=1777537101.292550 ts_out=1777537101.293255 gw_proc_ms=0.705 traceId=exp-perf5000-001615-74d2dd0a
zt-gateway  | [perf-request-in] ts_in=1777537101.292967 ts_out=1777537101.293634 gw_proc_ms=0.667 traceId=exp-perf5000-001612-e972edcb
zt-gateway  | [perf-request-in] ts_in=1777537101.293280 ts_out=1777537101.294006 gw_proc_ms=0.726 traceId=exp-perf5000-001617-40928f6e
zt-gateway  | [perf-request-in] ts_in=1777537101.293670 ts_out=1777537101.294442 gw_proc_ms=0.772 traceId=exp-perf5000-001614-88041049
zt-gateway  | [perf-request-in] ts_in=1777537101.294035 ts_out=1777537101.294693 gw_proc_ms=0.658 traceId=exp-perf5000-001618-1abf3109
zt-gateway  | [perf-request-in] ts_in=1777537101.294469 ts_out=1777537101.295290 gw_proc_ms=0.821 traceId=exp-perf5000-001616-1ae71271
zt-gateway  | [perf-request-in] ts_in=1777537101.294722 ts_out=1777537101.295648 gw_proc_ms=0.926 traceId=exp-perf5000-001620-567cbec6
zt-gateway  | [perf-request-in] ts_in=1777537101.295347 ts_out=1777537101.296207 gw_proc_ms=0.860 traceId=exp-perf5000-001619-1ab70b02
zt-gateway  | [perf-request-in] ts_in=1777537101.295696 ts_out=1777537101.296468 gw_proc_ms=0.772 traceId=exp-perf5000-001622-065ebd18
zt-gateway  | [perf-request-in] ts_in=1777537101.296245 ts_out=1777537101.296929 gw_proc_ms=0.684 traceId=exp-perf5000-001621-28addef4
zt-gateway  | [perf-request-in] ts_in=1777537101.296505 ts_out=1777537101.297139 gw_proc_ms=0.634 traceId=exp-perf5000-001624-2e94bea0
zt-gateway  | [perf-request-in] ts_in=1777537101.296969 ts_out=1777537101.297638 gw_proc_ms=0.669 traceId=exp-perf5000-001623-02de97c4
zt-gateway  | [perf-request-in] ts_in=1777537101.297168 ts_out=1777537101.297827 gw_proc_ms=0.659 traceId=exp-perf5000-001626-1dc99a28
zt-gateway  | [perf-request-in] ts_in=1777537101.297674 ts_out=1777537101.298467 gw_proc_ms=0.793 traceId=exp-perf5000-001625-48b6c5ca
zt-gateway  | [perf-request-in] ts_in=1777537101.297864 ts_out=1777537101.298650 gw_proc_ms=0.786 traceId=exp-perf5000-001629-b245a44e
zt-gateway  | [perf-request-in] ts_in=1777537101.298509 ts_out=1777537101.299232 gw_proc_ms=0.723 traceId=exp-perf5000-001627-908a9b3b
zt-gateway  | [perf-request-in] ts_in=1777537101.298688 ts_out=1777537101.299378 gw_proc_ms=0.690 traceId=exp-perf5000-001630-5a57a0bf
zt-gateway  | [perf-request-in] ts_in=1777537101.299263 ts_out=1777537101.299955 gw_proc_ms=0.692 traceId=exp-perf5000-001628-16c9a991
zt-gateway  | [perf-request-in] ts_in=1777537101.299408 ts_out=1777537101.300170 gw_proc_ms=0.762 traceId=exp-perf5000-001633-01e4df7c
zt-gateway  | [perf-request-in] ts_in=1777537101.300033 ts_out=1777537101.300759 gw_proc_ms=0.726 traceId=exp-perf5000-001631-2c40a47b
zt-gateway  | [perf-request-in] ts_in=1777537101.300219 ts_out=1777537101.300989 gw_proc_ms=0.770 traceId=exp-perf5000-001635-d8f9e98b
zt-gateway  | [perf-request-in] ts_in=1777537101.300872 ts_out=1777537101.301563 gw_proc_ms=0.691 traceId=exp-perf5000-001632-325b6a1a
zt-gateway  | [perf-request-in] ts_in=1777537101.301034 ts_out=1777537101.302031 gw_proc_ms=0.997 traceId=exp-perf5000-001636-0ddb4ae9
zt-gateway  | [perf-request-in] ts_in=1777537101.301604 ts_out=1777537101.302253 gw_proc_ms=0.649 traceId=exp-perf5000-001634-92f03543
zt-gateway  | [perf-request-in] ts_in=1777537101.302072 ts_out=1777537101.302723 gw_proc_ms=0.651 traceId=exp-perf5000-001639-a206f894
zt-gateway  | [perf-request-in] ts_in=1777537101.302285 ts_out=1777537101.302903 gw_proc_ms=0.618 traceId=exp-perf5000-001637-84216d37
zt-gateway  | [perf-request-in] ts_in=1777537101.302752 ts_out=1777537101.303405 gw_proc_ms=0.653 traceId=exp-perf5000-001640-b59a1703
zt-gateway  | [perf-request-in] ts_in=1777537101.302934 ts_out=1777537101.303614 gw_proc_ms=0.680 traceId=exp-perf5000-001638-0af1abbd
zt-gateway  | [perf-request-in] ts_in=1777537101.303438 ts_out=1777537101.304089 gw_proc_ms=0.651 traceId=exp-perf5000-001642-d144e0d2
zt-gateway  | [perf-request-in] ts_in=1777537101.303642 ts_out=1777537101.304279 gw_proc_ms=0.637 traceId=exp-perf5000-001641-dd068e2b
zt-gateway  | [perf-request-in] ts_in=1777537101.304117 ts_out=1777537101.304739 gw_proc_ms=0.622 traceId=exp-perf5000-001644-68146bb4
zt-gateway  | [perf-request-in] ts_in=1777537101.304308 ts_out=1777537101.304988 gw_proc_ms=0.680 traceId=exp-perf5000-001643-8fd14c52
zt-gateway  | [perf-request-in] ts_in=1777537101.304768 ts_out=1777537101.305459 gw_proc_ms=0.691 traceId=exp-perf5000-001646-29899554
zt-gateway  | [perf-request-in] ts_in=1777537101.305017 ts_out=1777537101.305657 gw_proc_ms=0.640 traceId=exp-perf5000-001645-536b5b55
zt-gateway  | [perf-request-in] ts_in=1777537101.305497 ts_out=1777537101.306179 gw_proc_ms=0.682 traceId=exp-perf5000-001648-66f58ac4
zt-gateway  | [perf-request-in] ts_in=1777537101.305691 ts_out=1777537101.306296 gw_proc_ms=0.605 traceId=exp-perf5000-001647-4581600d
zt-gateway  | [perf-request-in] ts_in=1777537101.306213 ts_out=1777537101.306873 gw_proc_ms=0.660 traceId=exp-perf5000-001650-87812473
zt-gateway  | [perf-request-in] ts_in=1777537101.306324 ts_out=1777537101.306967 gw_proc_ms=0.643 traceId=exp-perf5000-001649-7adbb433
zt-gateway  | [perf-request-in] ts_in=1777537101.306946 ts_out=1777537101.307539 gw_proc_ms=0.593 traceId=exp-perf5000-001652-f925f60f
zt-gateway  | [perf-request-in] ts_in=1777537101.306995 ts_out=1777537101.307620 gw_proc_ms=0.625 traceId=exp-perf5000-001651-5c9b152d
zt-gateway  | [perf-request-in] ts_in=1777537101.307574 ts_out=1777537101.308171 gw_proc_ms=0.597 traceId=exp-perf5000-001654-f27a3a22
zt-gateway  | [perf-request-in] ts_in=1777537101.307642 ts_out=1777537101.308266 gw_proc_ms=0.624 traceId=exp-perf5000-001653-cb93de2f
zt-gateway  | [perf-request-in] ts_in=1777537101.308206 ts_out=1777537101.308836 gw_proc_ms=0.630 traceId=exp-perf5000-001656-d3f6cd80
zt-gateway  | [perf-request-in] ts_in=1777537101.308292 ts_out=1777537101.308915 gw_proc_ms=0.623 traceId=exp-perf5000-001655-dd2a84b3
zt-gateway  | [perf-request-in] ts_in=1777537101.308867 ts_out=1777537101.309480 gw_proc_ms=0.613 traceId=exp-perf5000-001658-e2cbd8a8
zt-gateway  | [perf-request-in] ts_in=1777537101.308945 ts_out=1777537101.309551 gw_proc_ms=0.606 traceId=exp-perf5000-001657-6e860649
zt-gateway  | [perf-request-in] ts_in=1777537101.309506 ts_out=1777537101.310108 gw_proc_ms=0.602 traceId=exp-perf5000-001660-5317fe9b
zt-gateway  | [perf-request-in] ts_in=1777537101.309584 ts_out=1777537101.310233 gw_proc_ms=0.649 traceId=exp-perf5000-001659-04d4fb83
zt-gateway  | [perf-request-in] ts_in=1777537101.310139 ts_out=1777537101.310741 gw_proc_ms=0.602 traceId=exp-perf5000-001662-33523036
zt-gateway  | [perf-request-in] ts_in=1777537101.310260 ts_out=1777537101.310960 gw_proc_ms=0.700 traceId=exp-perf5000-001661-a10e0410
zt-gateway  | [perf-request-in] ts_in=1777537101.310772 ts_out=1777537101.311433 gw_proc_ms=0.661 traceId=exp-perf5000-001664-6123e3ee
zt-gateway  | [perf-request-in] ts_in=1777537101.311047 ts_out=1777537101.311665 gw_proc_ms=0.618 traceId=exp-perf5000-001663-64a5a0c9
zt-gateway  | [perf-request-in] ts_in=1777537101.311468 ts_out=1777537101.312213 gw_proc_ms=0.745 traceId=exp-perf5000-001666-02ae7ebb
zt-gateway  | [perf-request-in] ts_in=1777537101.311702 ts_out=1777537101.312372 gw_proc_ms=0.670 traceId=exp-perf5000-001665-8ac4fc28
zt-gateway  | [perf-request-in] ts_in=1777537101.312264 ts_out=1777537101.313060 gw_proc_ms=0.796 traceId=exp-perf5000-001668-7ea1f302
zt-gateway  | [perf-request-in] ts_in=1777537101.312449 ts_out=1777537101.313168 gw_proc_ms=0.719 traceId=exp-perf5000-001667-2e372bf9
zt-gateway  | [perf-request-in] ts_in=1777537101.313113 ts_out=1777537101.313801 gw_proc_ms=0.688 traceId=exp-perf5000-001670-aec605d0
zt-gateway  | [perf-request-in] ts_in=1777537101.313208 ts_out=1777537101.313843 gw_proc_ms=0.635 traceId=exp-perf5000-001669-f5b465b6
zt-gateway  | [perf-request-in] ts_in=1777537101.313834 ts_out=1777537101.314509 gw_proc_ms=0.675 traceId=exp-perf5000-001672-6a5f7c36
zt-gateway  | [perf-request-in] ts_in=1777537101.313886 ts_out=1777537101.314569 gw_proc_ms=0.683 traceId=exp-perf5000-001671-909f3222
zt-gateway  | [perf-request-in] ts_in=1777537101.314548 ts_out=1777537101.315239 gw_proc_ms=0.691 traceId=exp-perf5000-001673-0a92b028
zt-gateway  | [perf-request-in] ts_in=1777537101.314606 ts_out=1777537101.315253 gw_proc_ms=0.647 traceId=exp-perf5000-001674-096745a8
zt-gateway  | [perf-request-in] ts_in=1777537101.315280 ts_out=1777537101.315926 gw_proc_ms=0.646 traceId=exp-perf5000-001675-e4256d95
zt-gateway  | [perf-request-in] ts_in=1777537101.315289 ts_out=1777537101.315927 gw_proc_ms=0.638 traceId=exp-perf5000-001676-f4f9bfbd
zt-gateway  | [perf-request-in] ts_in=1777537101.315964 ts_out=1777537101.316611 gw_proc_ms=0.647 traceId=exp-perf5000-001678-67e414e3
zt-gateway  | [perf-request-in] ts_in=1777537101.315964 ts_out=1777537101.316615 gw_proc_ms=0.651 traceId=exp-perf5000-001677-a15b25d5
zt-gateway  | [perf-request-in] ts_in=1777537101.316645 ts_out=1777537101.317319 gw_proc_ms=0.674 traceId=exp-perf5000-001680-ea3aeefa
zt-gateway  | [perf-request-in] ts_in=1777537101.316646 ts_out=1777537101.317512 gw_proc_ms=0.866 traceId=exp-perf5000-001679-a87cdc45
zt-gateway  | [perf-request-in] ts_in=1777537101.317353 ts_out=1777537101.318042 gw_proc_ms=0.689 traceId=exp-perf5000-001681-38702bb2
zt-gateway  | [perf-request-in] ts_in=1777537101.317556 ts_out=1777537101.318236 gw_proc_ms=0.680 traceId=exp-perf5000-001682-2fe91e28
zt-gateway  | [perf-request-in] ts_in=1777537101.318081 ts_out=1777537101.318739 gw_proc_ms=0.658 traceId=exp-perf5000-001684-84cdcd28
zt-gateway  | [perf-request-in] ts_in=1777537101.318277 ts_out=1777537101.318924 gw_proc_ms=0.647 traceId=exp-perf5000-001683-655e8c81
zt-gateway  | [perf-request-in] ts_in=1777537101.318777 ts_out=1777537101.319442 gw_proc_ms=0.665 traceId=exp-perf5000-001685-1c04962c
zt-gateway  | [perf-request-in] ts_in=1777537101.318970 ts_out=1777537101.319622 gw_proc_ms=0.652 traceId=exp-perf5000-001687-4f851911
zt-gateway  | [perf-request-in] ts_in=1777537101.319480 ts_out=1777537101.320130 gw_proc_ms=0.650 traceId=exp-perf5000-001686-7d330f89
zt-gateway  | [perf-request-in] ts_in=1777537101.319663 ts_out=1777537101.320315 gw_proc_ms=0.652 traceId=exp-perf5000-001688-3a83fb74
zt-gateway  | [perf-request-in] ts_in=1777537101.320168 ts_out=1777537101.320766 gw_proc_ms=0.598 traceId=exp-perf5000-001689-3f66ab82
zt-gateway  | [perf-request-in] ts_in=1777537101.320349 ts_out=1777537101.320992 gw_proc_ms=0.643 traceId=exp-perf5000-001691-35889ac5
zt-gateway  | [perf-request-in] ts_in=1777537101.320808 ts_out=1777537101.321426 gw_proc_ms=0.618 traceId=exp-perf5000-001690-6bd875f8
zt-gateway  | [perf-request-in] ts_in=1777537101.321031 ts_out=1777537101.321669 gw_proc_ms=0.638 traceId=exp-perf5000-001693-7014276e
zt-gateway  | [perf-request-in] ts_in=1777537101.321465 ts_out=1777537101.322113 gw_proc_ms=0.648 traceId=exp-perf5000-001694-8c5deafa
zt-gateway  | [perf-request-in] ts_in=1777537101.321710 ts_out=1777537101.322369 gw_proc_ms=0.659 traceId=exp-perf5000-001692-6e5531b6
zt-gateway  | [perf-request-in] ts_in=1777537101.322148 ts_out=1777537101.322816 gw_proc_ms=0.668 traceId=exp-perf5000-001702-905d50c6
zt-gateway  | [perf-request-in] ts_in=1777537101.322415 ts_out=1777537101.323062 gw_proc_ms=0.647 traceId=exp-perf5000-001695-226cd9d4
zt-gateway  | [perf-request-in] ts_in=1777537101.322848 ts_out=1777537101.323486 gw_proc_ms=0.638 traceId=exp-perf5000-001701-100539c8
zt-gateway  | [perf-request-in] ts_in=1777537101.323102 ts_out=1777537101.323728 gw_proc_ms=0.626 traceId=exp-perf5000-001696-82ace5a9
zt-gateway  | [perf-request-in] ts_in=1777537101.323521 ts_out=1777537101.324160 gw_proc_ms=0.639 traceId=exp-perf5000-001700-acfd594d
zt-gateway  | [perf-request-in] ts_in=1777537101.323768 ts_out=1777537101.324391 gw_proc_ms=0.623 traceId=exp-perf5000-001697-cac08ba5
zt-gateway  | [perf-request-in] ts_in=1777537101.324193 ts_out=1777537101.324824 gw_proc_ms=0.631 traceId=exp-perf5000-001698-83e87210
zt-gateway  | [perf-request-in] ts_in=1777537101.324426 ts_out=1777537101.325077 gw_proc_ms=0.651 traceId=exp-perf5000-001699-e7d59b04
zt-gateway  | [perf-request-in] ts_in=1777537101.324859 ts_out=1777537101.325467 gw_proc_ms=0.608 traceId=exp-perf5000-001703-1084d4bd
zt-gateway  | [perf-request-in] ts_in=1777537101.325111 ts_out=1777537101.325759 gw_proc_ms=0.648 traceId=exp-perf5000-001705-91ec68ae
zt-gateway  | [perf-request-in] ts_in=1777537101.325572 ts_out=1777537101.326215 gw_proc_ms=0.643 traceId=exp-perf5000-001707-c2670094
zt-gateway  | [perf-request-in] ts_in=1777537101.325806 ts_out=1777537101.326471 gw_proc_ms=0.665 traceId=exp-perf5000-001704-f5c9518c
zt-gateway  | [perf-request-in] ts_in=1777537101.326252 ts_out=1777537101.326927 gw_proc_ms=0.675 traceId=exp-perf5000-001708-c20ee205
zt-gateway  | [perf-request-in] ts_in=1777537101.326504 ts_out=1777537101.327174 gw_proc_ms=0.670 traceId=exp-perf5000-001706-d3993218
zt-gateway  | [perf-request-in] ts_in=1777537101.326964 ts_out=1777537101.327602 gw_proc_ms=0.638 traceId=exp-perf5000-001711-b0443d7b
zt-gateway  | [perf-request-in] ts_in=1777537101.327208 ts_out=1777537101.327881 gw_proc_ms=0.673 traceId=exp-perf5000-001709-ecce70eb
zt-gateway  | [perf-request-in] ts_in=1777537101.327634 ts_out=1777537101.328243 gw_proc_ms=0.609 traceId=exp-perf5000-001714-982b9bdb
zt-gateway  | [perf-request-in] ts_in=1777537101.327929 ts_out=1777537101.328597 gw_proc_ms=0.668 traceId=exp-perf5000-001710-c0245f91
zt-gateway  | [perf-request-in] ts_in=1777537101.328279 ts_out=1777537101.328913 gw_proc_ms=0.634 traceId=exp-perf5000-001716-04c56c8a
zt-gateway  | [perf-request-in] ts_in=1777537101.328638 ts_out=1777537101.329376 gw_proc_ms=0.738 traceId=exp-perf5000-001713-f828b219
zt-gateway  | [perf-request-in] ts_in=1777537101.328952 ts_out=1777537101.329668 gw_proc_ms=0.716 traceId=exp-perf5000-001715-51f29b6f
zt-gateway  | [perf-request-in] ts_in=1777537101.329425 ts_out=1777537101.330234 gw_proc_ms=0.809 traceId=exp-perf5000-001712-d62f5732
zt-gateway  | [perf-request-in] ts_in=1777537101.329706 ts_out=1777537101.330411 gw_proc_ms=0.705 traceId=exp-perf5000-001719-0d48ea18
zt-gateway  | [perf-request-in] ts_in=1777537101.330273 ts_out=1777537101.331002 gw_proc_ms=0.729 traceId=exp-perf5000-001717-83f00868
zt-gateway  | [perf-request-in] ts_in=1777537101.330445 ts_out=1777537101.331136 gw_proc_ms=0.691 traceId=exp-perf5000-001721-8c15dcd2
zt-gateway  | [perf-request-in] ts_in=1777537101.331053 ts_out=1777537101.331663 gw_proc_ms=0.610 traceId=exp-perf5000-001718-f87020b1
zt-gateway  | [perf-request-in] ts_in=1777537101.331174 ts_out=1777537101.331772 gw_proc_ms=0.598 traceId=exp-perf5000-001722-b0bdda1f
zt-gateway  | [perf-request-in] ts_in=1777537101.331698 ts_out=1777537101.332302 gw_proc_ms=0.604 traceId=exp-perf5000-001720-7b93844c
zt-gateway  | [perf-request-in] ts_in=1777537101.331806 ts_out=1777537101.332410 gw_proc_ms=0.604 traceId=exp-perf5000-001723-fcd05666
zt-gateway  | [perf-request-in] ts_in=1777537101.332336 ts_out=1777537101.332990 gw_proc_ms=0.654 traceId=exp-perf5000-001724-16eb8176
zt-gateway  | [perf-request-in] ts_in=1777537101.332440 ts_out=1777537101.333182 gw_proc_ms=0.742 traceId=exp-perf5000-001726-dd688a85
zt-gateway  | [perf-request-in] ts_in=1777537101.333023 ts_out=1777537101.333638 gw_proc_ms=0.615 traceId=exp-perf5000-001725-8593bad4
zt-gateway  | [perf-request-in] ts_in=1777537101.333223 ts_out=1777537101.333851 gw_proc_ms=0.628 traceId=exp-perf5000-001729-52cd6db8
zt-gateway  | [perf-request-in] ts_in=1777537101.333672 ts_out=1777537101.334289 gw_proc_ms=0.617 traceId=exp-perf5000-001727-be56ebab
zt-gateway  | [perf-request-in] ts_in=1777537101.333886 ts_out=1777537101.334520 gw_proc_ms=0.634 traceId=exp-perf5000-001730-654e7478
zt-gateway  | [perf-request-in] ts_in=1777537101.334326 ts_out=1777537101.334969 gw_proc_ms=0.643 traceId=exp-perf5000-001728-ca34ccd1
zt-gateway  | [perf-request-in] ts_in=1777537101.334554 ts_out=1777537101.335243 gw_proc_ms=0.689 traceId=exp-perf5000-001732-2f71e767
zt-gateway  | [perf-request-in] ts_in=1777537101.335004 ts_out=1777537101.335621 gw_proc_ms=0.617 traceId=exp-perf5000-001731-29502208
zt-gateway  | [perf-request-in] ts_in=1777537101.335278 ts_out=1777537101.335892 gw_proc_ms=0.614 traceId=exp-perf5000-001734-16457758
zt-gateway  | [perf-request-in] ts_in=1777537101.335651 ts_out=1777537101.336258 gw_proc_ms=0.607 traceId=exp-perf5000-001733-ba3eadbe
zt-gateway  | [perf-request-in] ts_in=1777537101.335926 ts_out=1777537101.336534 gw_proc_ms=0.608 traceId=exp-perf5000-001736-eb1217e4
zt-gateway  | [perf-request-in] ts_in=1777537101.336292 ts_out=1777537101.336892 gw_proc_ms=0.600 traceId=exp-perf5000-001735-0162fee9
zt-gateway  | [perf-request-in] ts_in=1777537101.336573 ts_out=1777537101.337177 gw_proc_ms=0.604 traceId=exp-perf5000-001738-2d0b5069
zt-gateway  | [perf-request-in] ts_in=1777537101.336921 ts_out=1777537101.337504 gw_proc_ms=0.583 traceId=exp-perf5000-001737-01a4817b
zt-gateway  | [perf-request-in] ts_in=1777537101.337209 ts_out=1777537101.337889 gw_proc_ms=0.680 traceId=exp-perf5000-001739-e6c3603a
zt-gateway  | [perf-request-in] ts_in=1777537101.337533 ts_out=1777537101.338153 gw_proc_ms=0.620 traceId=exp-perf5000-001740-e8dc4677
zt-gateway  | [perf-request-in] ts_in=1777537101.337934 ts_out=1777537101.338605 gw_proc_ms=0.671 traceId=exp-perf5000-001741-6d51798b
zt-gateway  | [perf-request-in] ts_in=1777537101.338180 ts_out=1777537101.338818 gw_proc_ms=0.638 traceId=exp-perf5000-001742-675bf1ea
zt-gateway  | [perf-request-in] ts_in=1777537101.338647 ts_out=1777537101.339319 gw_proc_ms=0.672 traceId=exp-perf5000-001744-cbb6c068
zt-gateway  | [perf-request-in] ts_in=1777537101.338856 ts_out=1777537101.339442 gw_proc_ms=0.586 traceId=exp-perf5000-001743-60191152
zt-gateway  | [perf-request-in] ts_in=1777537101.339355 ts_out=1777537101.339998 gw_proc_ms=0.643 traceId=exp-perf5000-001746-b6a2177d
zt-gateway  | [perf-request-in] ts_in=1777537101.339472 ts_out=1777537101.340088 gw_proc_ms=0.616 traceId=exp-perf5000-001745-2639d632
zt-gateway  | [perf-request-in] ts_in=1777537101.340041 ts_out=1777537101.340677 gw_proc_ms=0.636 traceId=exp-perf5000-001748-b8c00e7b
zt-gateway  | [perf-request-in] ts_in=1777537101.340121 ts_out=1777537101.340710 gw_proc_ms=0.589 traceId=exp-perf5000-001747-bfc5c896
zt-gateway  | [perf-request-in] ts_in=1777537101.340736 ts_out=1777537101.341363 gw_proc_ms=0.627 traceId=exp-perf5000-001749-feea37a6
zt-gateway  | [perf-request-in] ts_in=1777537101.340715 ts_out=1777537101.341371 gw_proc_ms=0.656 traceId=exp-perf5000-001750-6d663729
zt-gateway  | [perf-request-in] ts_in=1777537101.341399 ts_out=1777537101.342055 gw_proc_ms=0.656 traceId=exp-perf5000-001751-0c70f252
zt-gateway  | [perf-request-in] ts_in=1777537101.341461 ts_out=1777537101.342133 gw_proc_ms=0.672 traceId=exp-perf5000-001752-ee9ccd5b
zt-gateway  | [perf-request-in] ts_in=1777537101.342090 ts_out=1777537101.342789 gw_proc_ms=0.699 traceId=exp-perf5000-001754-199b32ec
zt-gateway  | [perf-request-in] ts_in=1777537101.342165 ts_out=1777537101.342876 gw_proc_ms=0.711 traceId=exp-perf5000-001753-30412fd4
zt-gateway  | [perf-request-in] ts_in=1777537101.342819 ts_out=1777537101.343489 gw_proc_ms=0.670 traceId=exp-perf5000-001756-b6969817
zt-gateway  | [perf-request-in] ts_in=1777537101.342916 ts_out=1777537101.343603 gw_proc_ms=0.687 traceId=exp-perf5000-001755-becd2168
zt-gateway  | [perf-request-in] ts_in=1777537101.343522 ts_out=1777537101.344160 gw_proc_ms=0.638 traceId=exp-perf5000-001757-69c0ff5d
zt-gateway  | [perf-request-in] ts_in=1777537101.343639 ts_out=1777537101.344310 gw_proc_ms=0.671 traceId=exp-perf5000-001758-822cbab5
zt-gateway  | [perf-request-in] ts_in=1777537101.344195 ts_out=1777537101.344801 gw_proc_ms=0.606 traceId=exp-perf5000-001760-73a01fe2
zt-gateway  | [perf-request-in] ts_in=1777537101.344350 ts_out=1777537101.345013 gw_proc_ms=0.663 traceId=exp-perf5000-001759-b21763b9
zt-gateway  | [perf-request-in] ts_in=1777537101.344829 ts_out=1777537101.345458 gw_proc_ms=0.629 traceId=exp-perf5000-001761-94edaba9
zt-gateway  | [perf-request-in] ts_in=1777537101.345051 ts_out=1777537101.345708 gw_proc_ms=0.657 traceId=exp-perf5000-001762-3afdfa18
zt-gateway  | [perf-request-in] ts_in=1777537101.345488 ts_out=1777537101.346156 gw_proc_ms=0.668 traceId=exp-perf5000-001763-51e740c5
zt-gateway  | [perf-request-in] ts_in=1777537101.345748 ts_out=1777537101.346420 gw_proc_ms=0.672 traceId=exp-perf5000-001764-fe04912b
zt-gateway  | [perf-request-in] ts_in=1777537101.346201 ts_out=1777537101.346957 gw_proc_ms=0.756 traceId=exp-perf5000-001765-9e39e1cc
zt-gateway  | [perf-request-in] ts_in=1777537101.346453 ts_out=1777537101.347165 gw_proc_ms=0.712 traceId=exp-perf5000-001766-d076759f
zt-gateway  | [perf-request-in] ts_in=1777537101.347003 ts_out=1777537101.347719 gw_proc_ms=0.716 traceId=exp-perf5000-001767-0a18ce7a
zt-gateway  | [perf-request-in] ts_in=1777537101.347200 ts_out=1777537101.347933 gw_proc_ms=0.733 traceId=exp-perf5000-001768-51a61da4
zt-gateway  | [perf-request-in] ts_in=1777537101.347767 ts_out=1777537101.348495 gw_proc_ms=0.728 traceId=exp-perf5000-001770-c6e74134
zt-gateway  | [perf-request-in] ts_in=1777537101.347980 ts_out=1777537101.348672 gw_proc_ms=0.692 traceId=exp-perf5000-001769-c18e4cc7
zt-gateway  | [perf-request-in] ts_in=1777537101.348534 ts_out=1777537101.349211 gw_proc_ms=0.677 traceId=exp-perf5000-001771-171f1a09
zt-gateway  | [perf-request-in] ts_in=1777537101.348716 ts_out=1777537101.349374 gw_proc_ms=0.658 traceId=exp-perf5000-001772-3693ed76
zt-gateway  | [perf-request-in] ts_in=1777537101.349272 ts_out=1777537101.349935 gw_proc_ms=0.663 traceId=exp-perf5000-001773-e295958b
zt-gateway  | [perf-request-in] ts_in=1777537101.349414 ts_out=1777537101.350097 gw_proc_ms=0.683 traceId=exp-perf5000-001774-1d128385
zt-gateway  | [perf-request-in] ts_in=1777537101.349978 ts_out=1777537101.350591 gw_proc_ms=0.613 traceId=exp-perf5000-001775-a23985cd
zt-gateway  | [perf-request-in] ts_in=1777537101.350145 ts_out=1777537101.350791 gw_proc_ms=0.646 traceId=exp-perf5000-001776-69fc93a5
zt-gateway  | [perf-request-in] ts_in=1777537101.350834 ts_out=1777537101.351470 gw_proc_ms=0.636 traceId=exp-perf5000-001778-8f3f9d95
zt-gateway  | [perf-request-in] ts_in=1777537101.350638 ts_out=1777537101.351528 gw_proc_ms=0.890 traceId=exp-perf5000-001777-283173a4
zt-gateway  | [perf-request-in] ts_in=1777537101.351570 ts_out=1777537101.352330 gw_proc_ms=0.760 traceId=exp-perf5000-001780-fb5ea5eb
zt-gateway  | [perf-request-in] ts_in=1777537101.351505 ts_out=1777537101.352357 gw_proc_ms=0.852 traceId=exp-perf5000-001779-bc0356a1
zt-gateway  | [perf-request-in] ts_in=1777537101.352391 ts_out=1777537101.353050 gw_proc_ms=0.659 traceId=exp-perf5000-001781-e06cb1ce
zt-gateway  | [perf-request-in] ts_in=1777537101.352362 ts_out=1777537101.353372 gw_proc_ms=1.010 traceId=exp-perf5000-001782-6fb8fe5c
zt-gateway  | [perf-request-in] ts_in=1777537101.353087 ts_out=1777537101.353748 gw_proc_ms=0.661 traceId=exp-perf5000-001783-95353d8c
zt-gateway  | [perf-request-in] ts_in=1777537101.353416 ts_out=1777537101.354117 gw_proc_ms=0.701 traceId=exp-perf5000-001784-7bf13b99
zt-gateway  | [perf-request-in] ts_in=1777537101.353795 ts_out=1777537101.354472 gw_proc_ms=0.677 traceId=exp-perf5000-001785-f4ca7277
zt-gateway  | [perf-request-in] ts_in=1777537101.354181 ts_out=1777537101.354823 gw_proc_ms=0.642 traceId=exp-perf5000-001786-8bcea88f
zt-gateway  | [perf-request-in] ts_in=1777537101.354502 ts_out=1777537101.355211 gw_proc_ms=0.709 traceId=exp-perf5000-001787-fd6ccaf3
zt-gateway  | [perf-request-in] ts_in=1777537101.354863 ts_out=1777537101.355507 gw_proc_ms=0.644 traceId=exp-perf5000-001788-0f232275
zt-gateway  | [perf-request-in] ts_in=1777537101.355267 ts_out=1777537101.356164 gw_proc_ms=0.897 traceId=exp-perf5000-001789-50b29ddb
zt-gateway  | [perf-request-in] ts_in=1777537101.355545 ts_out=1777537101.356175 gw_proc_ms=0.630 traceId=exp-perf5000-001790-15831997
zt-gateway  | [perf-request-in] ts_in=1777537101.356206 ts_out=1777537101.356811 gw_proc_ms=0.605 traceId=exp-perf5000-001791-ed9cdf24
zt-gateway  | [perf-request-in] ts_in=1777537101.356211 ts_out=1777537101.356845 gw_proc_ms=0.634 traceId=exp-perf5000-001792-7e739659
zt-gateway  | [perf-request-in] ts_in=1777537101.356841 ts_out=1777537101.357429 gw_proc_ms=0.588 traceId=exp-perf5000-001793-45fcd662
zt-gateway  | [perf-request-in] ts_in=1777537101.356869 ts_out=1777537101.357479 gw_proc_ms=0.610 traceId=exp-perf5000-001794-1d5e3a0c
zt-gateway  | [perf-request-in] ts_in=1777537101.357460 ts_out=1777537101.358122 gw_proc_ms=0.662 traceId=exp-perf5000-001795-96327df0
zt-gateway  | [perf-request-in] ts_in=1777537101.357512 ts_out=1777537101.358201 gw_proc_ms=0.689 traceId=exp-perf5000-001796-1a41f8a3
zt-gateway  | [perf-request-in] ts_in=1777537101.358168 ts_out=1777537101.358804 gw_proc_ms=0.636 traceId=exp-perf5000-001797-62bad008
zt-gateway  | [perf-request-in] ts_in=1777537101.358236 ts_out=1777537101.358852 gw_proc_ms=0.616 traceId=exp-perf5000-001798-09a7503d
zt-gateway  | [perf-request-in] ts_in=1777537101.358832 ts_out=1777537101.359431 gw_proc_ms=0.599 traceId=exp-perf5000-001799-0cecfa79
zt-gateway  | [perf-request-in] ts_in=1777537101.358884 ts_out=1777537101.359479 gw_proc_ms=0.595 traceId=exp-perf5000-001800-3eeed3ca
zt-gateway  | [perf-request-in] ts_in=1777537101.359463 ts_out=1777537101.360078 gw_proc_ms=0.615 traceId=exp-perf5000-001801-2cd6ded8
zt-gateway  | [perf-request-in] ts_in=1777537101.359510 ts_out=1777537101.360181 gw_proc_ms=0.671 traceId=exp-perf5000-001802-e82a6260
zt-gateway  | [perf-request-in] ts_in=1777537101.360111 ts_out=1777537101.360697 gw_proc_ms=0.586 traceId=exp-perf5000-001803-9c9ef565
zt-gateway  | [perf-request-in] ts_in=1777537101.360211 ts_out=1777537101.360862 gw_proc_ms=0.651 traceId=exp-perf5000-001804-1cb3fbbf
zt-gateway  | [perf-request-in] ts_in=1777537101.360729 ts_out=1777537101.361369 gw_proc_ms=0.640 traceId=exp-perf5000-001805-e83df281
zt-gateway  | [perf-request-in] ts_in=1777537101.360899 ts_out=1777537101.361547 gw_proc_ms=0.648 traceId=exp-perf5000-001806-90f3fdb3
zt-gateway  | [perf-request-in] ts_in=1777537101.361407 ts_out=1777537101.362040 gw_proc_ms=0.633 traceId=exp-perf5000-001807-ae870e73
zt-gateway  | [perf-request-in] ts_in=1777537101.361585 ts_out=1777537101.362246 gw_proc_ms=0.661 traceId=exp-perf5000-001808-a7a9795d
zt-gateway  | [perf-request-in] ts_in=1777537101.362074 ts_out=1777537101.362744 gw_proc_ms=0.670 traceId=exp-perf5000-001809-bb119221
zt-gateway  | [perf-request-in] ts_in=1777537101.362285 ts_out=1777537101.362984 gw_proc_ms=0.699 traceId=exp-perf5000-001810-45caf261
zt-gateway  | [perf-request-in] ts_in=1777537101.362792 ts_out=1777537101.363533 gw_proc_ms=0.741 traceId=exp-perf5000-001811-a2829269
zt-gateway  | [perf-request-in] ts_in=1777537101.363018 ts_out=1777537101.363769 gw_proc_ms=0.751 traceId=exp-perf5000-001812-fb62a978
zt-gateway  | [perf-request-in] ts_in=1777537101.363569 ts_out=1777537101.364209 gw_proc_ms=0.640 traceId=exp-perf5000-001813-de6e3d38
zt-gateway  | [perf-request-in] ts_in=1777537101.363816 ts_out=1777537101.364506 gw_proc_ms=0.690 traceId=exp-perf5000-001814-87a2ff83
zt-gateway  | [perf-request-in] ts_in=1777537101.364243 ts_out=1777537101.364941 gw_proc_ms=0.698 traceId=exp-perf5000-001815-81750888
zt-gateway  | [perf-request-in] ts_in=1777537101.364544 ts_out=1777537101.365268 gw_proc_ms=0.724 traceId=exp-perf5000-001816-e60fc266
zt-gateway  | [perf-request-in] ts_in=1777537101.364973 ts_out=1777537101.365628 gw_proc_ms=0.655 traceId=exp-perf5000-001817-8ffd48de
zt-gateway  | [perf-request-in] ts_in=1777537101.365313 ts_out=1777537101.365997 gw_proc_ms=0.684 traceId=exp-perf5000-001818-8af7e7ab
zt-gateway  | [perf-request-in] ts_in=1777537101.365663 ts_out=1777537101.366354 gw_proc_ms=0.691 traceId=exp-perf5000-001819-f903e70b
zt-gateway  | [perf-request-in] ts_in=1777537101.366036 ts_out=1777537101.366876 gw_proc_ms=0.840 traceId=exp-perf5000-001820-bd7aa41a
zt-gateway  | [perf-request-in] ts_in=1777537101.366392 ts_out=1777537101.367128 gw_proc_ms=0.736 traceId=exp-perf5000-001821-daa80722
zt-gateway  | [perf-request-in] ts_in=1777537101.366927 ts_out=1777537101.367592 gw_proc_ms=0.665 traceId=exp-perf5000-001823-cba2d4cd
zt-gateway  | [perf-request-in] ts_in=1777537101.367163 ts_out=1777537101.367802 gw_proc_ms=0.639 traceId=exp-perf5000-001822-0af216e4
zt-gateway  | [perf-request-in] ts_in=1777537101.367628 ts_out=1777537101.368261 gw_proc_ms=0.633 traceId=exp-perf5000-001824-72909ded
zt-gateway  | [perf-request-in] ts_in=1777537101.367838 ts_out=1777537101.368504 gw_proc_ms=0.666 traceId=exp-perf5000-001825-ddeda03c
zt-gateway  | [perf-request-in] ts_in=1777537101.368297 ts_out=1777537101.368966 gw_proc_ms=0.669 traceId=exp-perf5000-001826-f0f30e4d
zt-gateway  | [perf-request-in] ts_in=1777537101.368539 ts_out=1777537101.369204 gw_proc_ms=0.665 traceId=exp-perf5000-001827-9aeddac6
zt-gateway  | [perf-request-in] ts_in=1777537101.369000 ts_out=1777537101.369635 gw_proc_ms=0.635 traceId=exp-perf5000-001828-8b93d355
zt-gateway  | [perf-request-in] ts_in=1777537101.369234 ts_out=1777537101.369895 gw_proc_ms=0.661 traceId=exp-perf5000-001829-6ed08e41
zt-gateway  | [perf-request-in] ts_in=1777537101.369667 ts_out=1777537101.370313 gw_proc_ms=0.646 traceId=exp-perf5000-001830-c0efcaf0
zt-gateway  | [perf-request-in] ts_in=1777537101.369925 ts_out=1777537101.370561 gw_proc_ms=0.636 traceId=exp-perf5000-001831-552ef09f
zt-gateway  | [perf-request-in] ts_in=1777537101.370346 ts_out=1777537101.371003 gw_proc_ms=0.657 traceId=exp-perf5000-001832-46aa619b
zt-gateway  | [perf-request-in] ts_in=1777537101.370674 ts_out=1777537101.371458 gw_proc_ms=0.784 traceId=exp-perf5000-001833-37cb21c7
zt-gateway  | [perf-request-in] ts_in=1777537101.371039 ts_out=1777537101.371712 gw_proc_ms=0.673 traceId=exp-perf5000-001834-b498851d
zt-gateway  | [perf-request-in] ts_in=1777537101.371501 ts_out=1777537101.372210 gw_proc_ms=0.709 traceId=exp-perf5000-001835-91d9f3ed
zt-gateway  | [perf-request-in] ts_in=1777537101.371744 ts_out=1777537101.372402 gw_proc_ms=0.658 traceId=exp-perf5000-001836-90646a90
zt-gateway  | [perf-request-in] ts_in=1777537101.372247 ts_out=1777537101.372902 gw_proc_ms=0.655 traceId=exp-perf5000-001837-878ff3fb
zt-gateway  | [perf-request-in] ts_in=1777537101.372432 ts_out=1777537101.373070 gw_proc_ms=0.638 traceId=exp-perf5000-001838-d14b1e4b
zt-gateway  | [perf-request-in] ts_in=1777537101.372936 ts_out=1777537101.373558 gw_proc_ms=0.622 traceId=exp-perf5000-001839-d35e1f55
zt-gateway  | [perf-request-in] ts_in=1777537101.373101 ts_out=1777537101.373697 gw_proc_ms=0.596 traceId=exp-perf5000-001840-770a1c88
zt-gateway  | [perf-request-in] ts_in=1777537101.373591 ts_out=1777537101.374231 gw_proc_ms=0.640 traceId=exp-perf5000-001841-a32c6687
zt-gateway  | [perf-request-in] ts_in=1777537101.373730 ts_out=1777537101.374338 gw_proc_ms=0.608 traceId=exp-perf5000-001842-dac50e28
zt-gateway  | [perf-request-in] ts_in=1777537101.374265 ts_out=1777537101.374906 gw_proc_ms=0.641 traceId=exp-perf5000-001844-59d1a5c3
zt-gateway  | [perf-request-in] ts_in=1777537101.374366 ts_out=1777537101.375025 gw_proc_ms=0.659 traceId=exp-perf5000-001843-adef9ae3
zt-gateway  | [perf-request-in] ts_in=1777537101.374943 ts_out=1777537101.375618 gw_proc_ms=0.675 traceId=exp-perf5000-001845-70d28405
zt-gateway  | [perf-request-in] ts_in=1777537101.375221 ts_out=1777537101.375898 gw_proc_ms=0.677 traceId=exp-perf5000-001846-6389df24
zt-gateway  | [perf-request-in] ts_in=1777537101.375655 ts_out=1777537101.376306 gw_proc_ms=0.651 traceId=exp-perf5000-001848-070f5544
zt-gateway  | [perf-request-in] ts_in=1777537101.375941 ts_out=1777537101.376574 gw_proc_ms=0.633 traceId=exp-perf5000-001847-9ea15bcc
zt-gateway  | [perf-request-in] ts_in=1777537101.376336 ts_out=1777537101.377007 gw_proc_ms=0.671 traceId=exp-perf5000-001850-1861dfd6
zt-gateway  | [perf-request-in] ts_in=1777537101.376615 ts_out=1777537101.377365 gw_proc_ms=0.750 traceId=exp-perf5000-001849-58934d0c
zt-gateway  | [perf-request-in] ts_in=1777537101.377042 ts_out=1777537101.377679 gw_proc_ms=0.637 traceId=exp-perf5000-001851-a20cb926
zt-gateway  | [perf-request-in] ts_in=1777537101.377412 ts_out=1777537101.378087 gw_proc_ms=0.675 traceId=exp-perf5000-001852-a9fcd76e
zt-gateway  | [perf-request-in] ts_in=1777537101.377714 ts_out=1777537101.378400 gw_proc_ms=0.686 traceId=exp-perf5000-001853-4889fc21
zt-gateway  | [perf-request-in] ts_in=1777537101.378130 ts_out=1777537101.378822 gw_proc_ms=0.692 traceId=exp-perf5000-001854-0a07a952
zt-gateway  | [perf-request-in] ts_in=1777537101.378434 ts_out=1777537101.379093 gw_proc_ms=0.659 traceId=exp-perf5000-001856-0b9c64c9
zt-gateway  | [perf-request-in] ts_in=1777537101.378858 ts_out=1777537101.379554 gw_proc_ms=0.696 traceId=exp-perf5000-001855-c19334d5
zt-gateway  | [perf-request-in] ts_in=1777537101.379123 ts_out=1777537101.379741 gw_proc_ms=0.618 traceId=exp-perf5000-001858-42cdf7d6
zt-gateway  | [perf-request-in] ts_in=1777537101.379591 ts_out=1777537101.380215 gw_proc_ms=0.624 traceId=exp-perf5000-001857-55e99942
zt-gateway  | [perf-request-in] ts_in=1777537101.379773 ts_out=1777537101.380394 gw_proc_ms=0.621 traceId=exp-perf5000-001860-8218c175
zt-gateway  | [perf-request-in] ts_in=1777537101.380252 ts_out=1777537101.380875 gw_proc_ms=0.623 traceId=exp-perf5000-001859-2f6aadf3
zt-gateway  | [perf-request-in] ts_in=1777537101.380432 ts_out=1777537101.381068 gw_proc_ms=0.636 traceId=exp-perf5000-001862-0359fe8c
zt-gateway  | [perf-request-in] ts_in=1777537101.380909 ts_out=1777537101.381528 gw_proc_ms=0.619 traceId=exp-perf5000-001861-c13e2ee2
zt-gateway  | [perf-request-in] ts_in=1777537101.381104 ts_out=1777537101.381722 gw_proc_ms=0.618 traceId=exp-perf5000-001864-b464ad08
zt-gateway  | [perf-request-in] ts_in=1777537101.381563 ts_out=1777537101.382188 gw_proc_ms=0.625 traceId=exp-perf5000-001863-36e5b5e1
zt-gateway  | [perf-request-in] ts_in=1777537101.381751 ts_out=1777537101.382359 gw_proc_ms=0.608 traceId=exp-perf5000-001866-962ffd42
zt-gateway  | [perf-request-in] ts_in=1777537101.382223 ts_out=1777537101.382860 gw_proc_ms=0.637 traceId=exp-perf5000-001865-b6bb7232
zt-gateway  | [perf-request-in] ts_in=1777537101.382394 ts_out=1777537101.382990 gw_proc_ms=0.596 traceId=exp-perf5000-001868-e95da9ca
zt-gateway  | [perf-request-in] ts_in=1777537101.382893 ts_out=1777537101.383515 gw_proc_ms=0.622 traceId=exp-perf5000-001867-a2b409a2
zt-gateway  | [perf-request-in] ts_in=1777537101.383030 ts_out=1777537101.383614 gw_proc_ms=0.584 traceId=exp-perf5000-001870-3712b163
zt-gateway  | [perf-request-in] ts_in=1777537101.383549 ts_out=1777537101.384170 gw_proc_ms=0.621 traceId=exp-perf5000-001869-b482f3b3
zt-gateway  | [perf-request-in] ts_in=1777537101.383643 ts_out=1777537101.384267 gw_proc_ms=0.624 traceId=exp-perf5000-001872-052ba124
zt-gateway  | [perf-request-in] ts_in=1777537101.384205 ts_out=1777537101.384813 gw_proc_ms=0.608 traceId=exp-perf5000-001871-068319c3
zt-gateway  | [perf-request-in] ts_in=1777537101.384300 ts_out=1777537101.384901 gw_proc_ms=0.601 traceId=exp-perf5000-001874-db90e57f
zt-gateway  | [perf-request-in] ts_in=1777537101.384846 ts_out=1777537101.385451 gw_proc_ms=0.605 traceId=exp-perf5000-001873-0e11b504
zt-gateway  | [perf-request-in] ts_in=1777537101.384935 ts_out=1777537101.385538 gw_proc_ms=0.603 traceId=exp-perf5000-001876-246bea4e
zt-gateway  | [perf-request-in] ts_in=1777537101.385484 ts_out=1777537101.386114 gw_proc_ms=0.630 traceId=exp-perf5000-001875-c1c825ec
zt-gateway  | [perf-request-in] ts_in=1777537101.385574 ts_out=1777537101.386169 gw_proc_ms=0.595 traceId=exp-perf5000-001877-aff8face
zt-gateway  | [perf-request-in] ts_in=1777537101.386147 ts_out=1777537101.386745 gw_proc_ms=0.598 traceId=exp-perf5000-001878-c8a21191
zt-gateway  | [perf-request-in] ts_in=1777537101.386193 ts_out=1777537101.386791 gw_proc_ms=0.598 traceId=exp-perf5000-001879-761fdb6f
zt-gateway  | [perf-request-in] ts_in=1777537101.386786 ts_out=1777537101.387415 gw_proc_ms=0.629 traceId=exp-perf5000-001880-a75fcff6
zt-gateway  | [perf-request-in] ts_in=1777537101.386817 ts_out=1777537101.387419 gw_proc_ms=0.602 traceId=exp-perf5000-001881-a6d618b7
zt-gateway  | [perf-request-in] ts_in=1777537101.387451 ts_out=1777537101.388117 gw_proc_ms=0.666 traceId=exp-perf5000-001883-db86b79e
zt-gateway  | [perf-request-in] ts_in=1777537101.387453 ts_out=1777537101.388129 gw_proc_ms=0.676 traceId=exp-perf5000-001882-5be97733
zt-gateway  | [perf-request-in] ts_in=1777537101.388170 ts_out=1777537101.388788 gw_proc_ms=0.618 traceId=exp-perf5000-001884-9320a3bd
zt-gateway  | [perf-request-in] ts_in=1777537101.388153 ts_out=1777537101.388790 gw_proc_ms=0.637 traceId=exp-perf5000-001885-d8e39711
zt-gateway  | [perf-request-in] ts_in=1777537101.388831 ts_out=1777537101.389486 gw_proc_ms=0.655 traceId=exp-perf5000-001887-7b6b68d1
zt-gateway  | [perf-request-in] ts_in=1777537101.388831 ts_out=1777537101.389486 gw_proc_ms=0.655 traceId=exp-perf5000-001886-154bf97a
zt-gateway  | [perf-request-in] ts_in=1777537101.389526 ts_out=1777537101.390250 gw_proc_ms=0.724 traceId=exp-perf5000-001890-bef8ee34
zt-gateway  | [perf-request-in] ts_in=1777537101.389531 ts_out=1777537101.390257 gw_proc_ms=0.726 traceId=exp-perf5000-001888-424c6c79
zt-gateway  | [perf-request-in] ts_in=1777537101.390296 ts_out=1777537101.390927 gw_proc_ms=0.631 traceId=exp-perf5000-001889-5b2eeb10
zt-gateway  | [perf-request-in] ts_in=1777537101.390313 ts_out=1777537101.391010 gw_proc_ms=0.697 traceId=exp-perf5000-001891-23c54f15
zt-gateway  | [perf-request-in] ts_in=1777537101.390964 ts_out=1777537101.391580 gw_proc_ms=0.616 traceId=exp-perf5000-001892-7aa892bb
zt-gateway  | [perf-request-in] ts_in=1777537101.391056 ts_out=1777537101.391682 gw_proc_ms=0.626 traceId=exp-perf5000-001893-dabe8eb6
zt-gateway  | [perf-request-in] ts_in=1777537101.391612 ts_out=1777537101.392281 gw_proc_ms=0.669 traceId=exp-perf5000-001894-5fc663fe
zt-gateway  | [perf-request-in] ts_in=1777537101.391717 ts_out=1777537101.392395 gw_proc_ms=0.678 traceId=exp-perf5000-001896-b0a7b01b
zt-gateway  | [perf-request-in] ts_in=1777537101.392320 ts_out=1777537101.392975 gw_proc_ms=0.655 traceId=exp-perf5000-001895-ae8aa560
zt-gateway  | [perf-request-in] ts_in=1777537101.392436 ts_out=1777537101.393169 gw_proc_ms=0.733 traceId=exp-perf5000-001898-391f8945
zt-gateway  | [perf-request-in] ts_in=1777537101.393006 ts_out=1777537101.393623 gw_proc_ms=0.617 traceId=exp-perf5000-001897-0ad342f4
zt-gateway  | [perf-request-in] ts_in=1777537101.393208 ts_out=1777537101.393848 gw_proc_ms=0.640 traceId=exp-perf5000-001899-6e67e625
zt-gateway  | [perf-request-in] ts_in=1777537101.393650 ts_out=1777537101.394307 gw_proc_ms=0.657 traceId=exp-perf5000-001900-6a19eb89
zt-gateway  | [perf-request-in] ts_in=1777537101.393886 ts_out=1777537101.394521 gw_proc_ms=0.635 traceId=exp-perf5000-001901-068cb88f
zt-gateway  | [perf-request-in] ts_in=1777537101.394342 ts_out=1777537101.395006 gw_proc_ms=0.664 traceId=exp-perf5000-001902-44d4bcad
zt-gateway  | [perf-request-in] ts_in=1777537101.394548 ts_out=1777537101.395176 gw_proc_ms=0.628 traceId=exp-perf5000-001903-b1924418
zt-gateway  | [perf-request-in] ts_in=1777537101.395048 ts_out=1777537101.395702 gw_proc_ms=0.654 traceId=exp-perf5000-001904-78fa52de
zt-gateway  | [perf-request-in] ts_in=1777537101.395206 ts_out=1777537101.395847 gw_proc_ms=0.641 traceId=exp-perf5000-001905-33cec9be
zt-gateway  | [perf-request-in] ts_in=1777537101.395730 ts_out=1777537101.396367 gw_proc_ms=0.637 traceId=exp-perf5000-001906-44712471
zt-gateway  | [perf-request-in] ts_in=1777537101.395875 ts_out=1777537101.396482 gw_proc_ms=0.607 traceId=exp-perf5000-001907-fe8ef3bf
zt-gateway  | [perf-request-in] ts_in=1777537101.396405 ts_out=1777537101.397041 gw_proc_ms=0.636 traceId=exp-perf5000-001908-8325f48c
zt-gateway  | [perf-request-in] ts_in=1777537101.396516 ts_out=1777537101.397202 gw_proc_ms=0.686 traceId=exp-perf5000-001909-b1015384
zt-gateway  | [perf-request-in] ts_in=1777537101.397077 ts_out=1777537101.397836 gw_proc_ms=0.759 traceId=exp-perf5000-001910-e6cf9ff0
zt-gateway  | [perf-request-in] ts_in=1777537101.397245 ts_out=1777537101.397930 gw_proc_ms=0.685 traceId=exp-perf5000-001911-49e39112
zt-gateway  | [perf-request-in] ts_in=1777537101.397869 ts_out=1777537101.398525 gw_proc_ms=0.656 traceId=exp-perf5000-001912-7d84eb03
zt-gateway  | [perf-request-in] ts_in=1777537101.397962 ts_out=1777537101.398629 gw_proc_ms=0.667 traceId=exp-perf5000-001913-f5ac0444
zt-gateway  | [perf-request-in] ts_in=1777537101.398561 ts_out=1777537101.399177 gw_proc_ms=0.616 traceId=exp-perf5000-001914-9fc348c1
zt-gateway  | [perf-request-in] ts_in=1777537101.398662 ts_out=1777537101.399246 gw_proc_ms=0.584 traceId=exp-perf5000-001915-698cc158
zt-gateway  | [perf-request-in] ts_in=1777537101.399206 ts_out=1777537101.399897 gw_proc_ms=0.691 traceId=exp-perf5000-001916-d9e0ea8e
zt-gateway  | [perf-request-in] ts_in=1777537101.399272 ts_out=1777537101.399964 gw_proc_ms=0.692 traceId=exp-perf5000-001917-bf717b41
zt-gateway  | [perf-request-in] ts_in=1777537101.399998 ts_out=1777537101.400669 gw_proc_ms=0.671 traceId=exp-perf5000-001919-cdab8b09
zt-gateway  | [perf-request-in] ts_in=1777537101.399937 ts_out=1777537101.400670 gw_proc_ms=0.733 traceId=exp-perf5000-001918-b43e1389
zt-gateway  | [perf-request-in] ts_in=1777537101.400695 ts_out=1777537101.401374 gw_proc_ms=0.679 traceId=exp-perf5000-001921-5b5ccf27
zt-gateway  | [perf-request-in] ts_in=1777537101.400702 ts_out=1777537101.401429 gw_proc_ms=0.727 traceId=exp-perf5000-001920-ae055a9e
zt-gateway  | [perf-request-in] ts_in=1777537101.401413 ts_out=1777537101.402074 gw_proc_ms=0.661 traceId=exp-perf5000-001923-5313f745
zt-gateway  | [perf-request-in] ts_in=1777537101.401468 ts_out=1777537101.402181 gw_proc_ms=0.713 traceId=exp-perf5000-001922-d1d7bf5c
zt-gateway  | [perf-request-in] ts_in=1777537101.402106 ts_out=1777537101.402758 gw_proc_ms=0.652 traceId=exp-perf5000-001925-d99e2021
zt-gateway  | [perf-request-in] ts_in=1777537101.402228 ts_out=1777537101.402863 gw_proc_ms=0.635 traceId=exp-perf5000-001924-cc279857
zt-gateway  | [perf-request-in] ts_in=1777537101.402793 ts_out=1777537101.403413 gw_proc_ms=0.620 traceId=exp-perf5000-001927-a66feadf
zt-gateway  | [perf-request-in] ts_in=1777537101.402887 ts_out=1777537101.403686 gw_proc_ms=0.799 traceId=exp-perf5000-001926-c77cd4de
zt-gateway  | [perf-request-in] ts_in=1777537101.403443 ts_out=1777537101.404043 gw_proc_ms=0.600 traceId=exp-perf5000-001929-8a2d94b6
zt-gateway  | [perf-request-in] ts_in=1777537101.403724 ts_out=1777537101.404381 gw_proc_ms=0.657 traceId=exp-perf5000-001928-c14c4a62
zt-gateway  | [perf-request-in] ts_in=1777537101.404078 ts_out=1777537101.404709 gw_proc_ms=0.631 traceId=exp-perf5000-001931-09e5e3ca
zt-gateway  | [perf-request-in] ts_in=1777537101.404420 ts_out=1777537101.405108 gw_proc_ms=0.688 traceId=exp-perf5000-001930-27e9febe
zt-gateway  | [perf-request-in] ts_in=1777537101.404751 ts_out=1777537101.405384 gw_proc_ms=0.633 traceId=exp-perf5000-001933-0874b865
zt-gateway  | [perf-request-in] ts_in=1777537101.405140 ts_out=1777537101.405831 gw_proc_ms=0.691 traceId=exp-perf5000-001932-38cf0bd6
zt-gateway  | [perf-request-in] ts_in=1777537101.405417 ts_out=1777537101.406068 gw_proc_ms=0.651 traceId=exp-perf5000-001935-6664b8c9
zt-gateway  | [perf-request-in] ts_in=1777537101.405871 ts_out=1777537101.406525 gw_proc_ms=0.654 traceId=exp-perf5000-001934-1256f629
zt-gateway  | [perf-request-in] ts_in=1777537101.406105 ts_out=1777537101.406739 gw_proc_ms=0.634 traceId=exp-perf5000-001937-cc64b703
zt-gateway  | [perf-request-in] ts_in=1777537101.406561 ts_out=1777537101.407215 gw_proc_ms=0.654 traceId=exp-perf5000-001936-8ea97397
zt-gateway  | [perf-request-in] ts_in=1777537101.406773 ts_out=1777537101.407418 gw_proc_ms=0.645 traceId=exp-perf5000-001939-599925f9
zt-gateway  | [perf-request-in] ts_in=1777537101.407253 ts_out=1777537101.407923 gw_proc_ms=0.670 traceId=exp-perf5000-001938-7fd7e8f9
zt-gateway  | [perf-request-in] ts_in=1777537101.407457 ts_out=1777537101.408086 gw_proc_ms=0.629 traceId=exp-perf5000-001941-45693e62
zt-gateway  | [perf-request-in] ts_in=1777537101.408123 ts_out=1777537101.408745 gw_proc_ms=0.622 traceId=exp-perf5000-001943-3bb9556c
zt-gateway  | [perf-request-in] ts_in=1777537101.407957 ts_out=1777537101.408856 gw_proc_ms=0.899 traceId=exp-perf5000-001940-5177ee1f
zt-gateway  | [perf-request-in] ts_in=1777537101.408790 ts_out=1777537101.409448 gw_proc_ms=0.658 traceId=exp-perf5000-001945-6b651777
zt-gateway  | [perf-request-in] ts_in=1777537101.408901 ts_out=1777537101.409567 gw_proc_ms=0.666 traceId=exp-perf5000-001942-ede11a0d
zt-gateway  | [perf-request-in] ts_in=1777537101.409484 ts_out=1777537101.410108 gw_proc_ms=0.624 traceId=exp-perf5000-001947-b13f8253
zt-gateway  | [perf-request-in] ts_in=1777537101.409613 ts_out=1777537101.410285 gw_proc_ms=0.672 traceId=exp-perf5000-001944-a208978f
zt-gateway  | [perf-request-in] ts_in=1777537101.410140 ts_out=1777537101.410749 gw_proc_ms=0.609 traceId=exp-perf5000-001949-b477c6f8
zt-gateway  | [perf-request-in] ts_in=1777537101.410329 ts_out=1777537101.411021 gw_proc_ms=0.692 traceId=exp-perf5000-001946-740696e4
zt-gateway  | [perf-request-in] ts_in=1777537101.410792 ts_out=1777537101.411406 gw_proc_ms=0.614 traceId=exp-perf5000-001951-f6c7f025
zt-gateway  | [perf-request-in] ts_in=1777537101.411058 ts_out=1777537101.411721 gw_proc_ms=0.663 traceId=exp-perf5000-001948-878e36c5
zt-gateway  | [perf-request-in] ts_in=1777537101.411437 ts_out=1777537101.412055 gw_proc_ms=0.618 traceId=exp-perf5000-001953-9586eb64
zt-gateway  | [perf-request-in] ts_in=1777537101.411760 ts_out=1777537101.412449 gw_proc_ms=0.689 traceId=exp-perf5000-001950-f35275d5
zt-gateway  | [perf-request-in] ts_in=1777537101.412086 ts_out=1777537101.412723 gw_proc_ms=0.637 traceId=exp-perf5000-001955-0a6ded19
zt-gateway  | [perf-request-in] ts_in=1777537101.412489 ts_out=1777537101.413192 gw_proc_ms=0.703 traceId=exp-perf5000-001952-9bbe1c61
zt-gateway  | [perf-request-in] ts_in=1777537101.412757 ts_out=1777537101.413439 gw_proc_ms=0.682 traceId=exp-perf5000-001957-51b6058c
zt-gateway  | [perf-request-in] ts_in=1777537101.413236 ts_out=1777537101.413951 gw_proc_ms=0.715 traceId=exp-perf5000-001954-52c84332
zt-gateway  | [perf-request-in] ts_in=1777537101.413477 ts_out=1777537101.414122 gw_proc_ms=0.645 traceId=exp-perf5000-001959-12f91f18
zt-gateway  | [perf-request-in] ts_in=1777537101.413987 ts_out=1777537101.414636 gw_proc_ms=0.649 traceId=exp-perf5000-001956-438132e0
zt-gateway  | [perf-request-in] ts_in=1777537101.414155 ts_out=1777537101.414766 gw_proc_ms=0.611 traceId=exp-perf5000-001961-a310faee
zt-gateway  | [perf-request-in] ts_in=1777537101.414673 ts_out=1777537101.415303 gw_proc_ms=0.630 traceId=exp-perf5000-001958-5abcd52a
zt-gateway  | [perf-request-in] ts_in=1777537101.414807 ts_out=1777537101.415436 gw_proc_ms=0.629 traceId=exp-perf5000-001963-378f4b3d
zt-gateway  | [perf-request-in] ts_in=1777537101.415338 ts_out=1777537101.415982 gw_proc_ms=0.644 traceId=exp-perf5000-001960-008936a1
zt-gateway  | [perf-request-in] ts_in=1777537101.415473 ts_out=1777537101.416119 gw_proc_ms=0.646 traceId=exp-perf5000-001965-f2144490
zt-gateway  | [perf-request-in] ts_in=1777537101.416025 ts_out=1777537101.416672 gw_proc_ms=0.647 traceId=exp-perf5000-001962-67749033
zt-gateway  | [perf-request-in] ts_in=1777537101.416152 ts_out=1777537101.416757 gw_proc_ms=0.605 traceId=exp-perf5000-001967-4bd77fb3
zt-gateway  | [perf-request-in] ts_in=1777537101.416709 ts_out=1777537101.417336 gw_proc_ms=0.627 traceId=exp-perf5000-001964-d10e1da0
zt-gateway  | [perf-request-in] ts_in=1777537101.416797 ts_out=1777537101.417380 gw_proc_ms=0.583 traceId=exp-perf5000-001968-5bd8ae64
zt-gateway  | [perf-request-in] ts_in=1777537101.417406 ts_out=1777537101.417997 gw_proc_ms=0.591 traceId=exp-perf5000-001971-4b7c719a
zt-gateway  | [perf-request-in] ts_in=1777537101.417371 ts_out=1777537101.417998 gw_proc_ms=0.627 traceId=exp-perf5000-001966-0bb92bab
zt-gateway  | [perf-request-in] ts_in=1777537101.418033 ts_out=1777537101.418640 gw_proc_ms=0.607 traceId=exp-perf5000-001973-dc42011b
zt-gateway  | [perf-request-in] ts_in=1777537101.418034 ts_out=1777537101.418652 gw_proc_ms=0.618 traceId=exp-perf5000-001969-958c96f9
zt-gateway  | [perf-request-in] ts_in=1777537101.418679 ts_out=1777537101.419273 gw_proc_ms=0.594 traceId=exp-perf5000-001970-157feeb9
zt-gateway  | [perf-request-in] ts_in=1777537101.418668 ts_out=1777537101.419321 gw_proc_ms=0.653 traceId=exp-perf5000-001975-f9f29d87
zt-gateway  | [perf-request-in] ts_in=1777537101.419317 ts_out=1777537101.419905 gw_proc_ms=0.588 traceId=exp-perf5000-001972-500b7d12
zt-gateway  | [perf-request-in] ts_in=1777537101.419360 ts_out=1777537101.419965 gw_proc_ms=0.605 traceId=exp-perf5000-001976-d402875c
zt-gateway  | [perf-request-in] ts_in=1777537101.419938 ts_out=1777537101.420519 gw_proc_ms=0.581 traceId=exp-perf5000-001974-fb9dde7f
zt-gateway  | [perf-request-in] ts_in=1777537101.420004 ts_out=1777537101.420601 gw_proc_ms=0.597 traceId=exp-perf5000-001978-619e77dd
zt-gateway  | [perf-request-in] ts_in=1777537101.420553 ts_out=1777537101.421260 gw_proc_ms=0.707 traceId=exp-perf5000-001977-e84a002d
zt-gateway  | [perf-request-in] ts_in=1777537101.420635 ts_out=1777537101.421360 gw_proc_ms=0.725 traceId=exp-perf5000-001981-19e5a578
zt-gateway  | [perf-request-in] ts_in=1777537101.421289 ts_out=1777537101.421900 gw_proc_ms=0.611 traceId=exp-perf5000-001979-6d025bdf
zt-gateway  | [perf-request-in] ts_in=1777537101.421390 ts_out=1777537101.422012 gw_proc_ms=0.622 traceId=exp-perf5000-001983-52069f13
zt-gateway  | [perf-request-in] ts_in=1777537101.421934 ts_out=1777537101.422541 gw_proc_ms=0.607 traceId=exp-perf5000-001980-f2cbce19
zt-gateway  | [perf-request-in] ts_in=1777537101.422050 ts_out=1777537101.422663 gw_proc_ms=0.613 traceId=exp-perf5000-001985-0e8dfa20
zt-gateway  | [perf-request-in] ts_in=1777537101.422570 ts_out=1777537101.423203 gw_proc_ms=0.633 traceId=exp-perf5000-001982-99a898bf
zt-gateway  | [perf-request-in] ts_in=1777537101.422703 ts_out=1777537101.423344 gw_proc_ms=0.641 traceId=exp-perf5000-001987-d475a6cb
zt-gateway  | [perf-request-in] ts_in=1777537101.423241 ts_out=1777537101.423865 gw_proc_ms=0.624 traceId=exp-perf5000-001984-c87b0cf9
zt-gateway  | [perf-request-in] ts_in=1777537101.423384 ts_out=1777537101.424006 gw_proc_ms=0.622 traceId=exp-perf5000-001988-a738807b
zt-gateway  | [perf-request-in] ts_in=1777537101.423897 ts_out=1777537101.424487 gw_proc_ms=0.590 traceId=exp-perf5000-001986-4db5aa43
zt-gateway  | [perf-request-in] ts_in=1777537101.424043 ts_out=1777537101.424671 gw_proc_ms=0.628 traceId=exp-perf5000-001991-8ba435ff
zt-gateway  | [perf-request-in] ts_in=1777537101.424520 ts_out=1777537101.425144 gw_proc_ms=0.624 traceId=exp-perf5000-001989-91b815c9
zt-gateway  | [perf-request-in] ts_in=1777537101.424705 ts_out=1777537101.425371 gw_proc_ms=0.666 traceId=exp-perf5000-001993-29f68212
zt-gateway  | [perf-request-in] ts_in=1777537101.425179 ts_out=1777537101.425817 gw_proc_ms=0.638 traceId=exp-perf5000-001990-c94aeb22
zt-gateway  | [perf-request-in] ts_in=1777537101.425406 ts_out=1777537101.426035 gw_proc_ms=0.629 traceId=exp-perf5000-001995-140398a5
zt-gateway  | [perf-request-in] ts_in=1777537101.425849 ts_out=1777537101.426496 gw_proc_ms=0.647 traceId=exp-perf5000-001992-bda6a565
zt-gateway  | [perf-request-in] ts_in=1777537101.426070 ts_out=1777537101.426712 gw_proc_ms=0.642 traceId=exp-perf5000-001997-466e038f
zt-gateway  | [perf-request-in] ts_in=1777537101.426531 ts_out=1777537101.427179 gw_proc_ms=0.648 traceId=exp-perf5000-001994-98f7f3c6
zt-gateway  | [perf-request-in] ts_in=1777537101.426750 ts_out=1777537101.427407 gw_proc_ms=0.657 traceId=exp-perf5000-001999-8fdb50f4
zt-gateway  | [perf-request-in] ts_in=1777537101.427212 ts_out=1777537101.427884 gw_proc_ms=0.672 traceId=exp-perf5000-001996-b97e279b
zt-gateway  | [perf-request-in] ts_in=1777537101.427509 ts_out=1777537101.428189 gw_proc_ms=0.680 traceId=exp-perf5000-002001-95b3fc50
zt-gateway  | [perf-request-in] ts_in=1777537101.427922 ts_out=1777537101.428539 gw_proc_ms=0.617 traceId=exp-perf5000-001998-d2b89e77
zt-gateway  | [perf-request-in] ts_in=1777537101.428224 ts_out=1777537101.428880 gw_proc_ms=0.656 traceId=exp-perf5000-002003-93d6c999
zt-gateway  | [perf-request-in] ts_in=1777537101.428569 ts_out=1777537101.429186 gw_proc_ms=0.617 traceId=exp-perf5000-002000-3cb1ffa7
zt-gateway  | [perf-request-in] ts_in=1777537101.428912 ts_out=1777537101.429556 gw_proc_ms=0.644 traceId=exp-perf5000-002005-370ba1e7
zt-gateway  | [perf-request-in] ts_in=1777537101.429224 ts_out=1777537101.429857 gw_proc_ms=0.633 traceId=exp-perf5000-002002-885b12ac
zt-gateway  | [perf-request-in] ts_in=1777537101.429590 ts_out=1777537101.430200 gw_proc_ms=0.610 traceId=exp-perf5000-002007-f45decbe
zt-gateway  | [perf-request-in] ts_in=1777537101.429893 ts_out=1777537101.430538 gw_proc_ms=0.645 traceId=exp-perf5000-002004-6631df3c
zt-gateway  | [perf-request-in] ts_in=1777537101.430243 ts_out=1777537101.430860 gw_proc_ms=0.617 traceId=exp-perf5000-002009-959a566f
zt-gateway  | [perf-request-in] ts_in=1777537101.430574 ts_out=1777537101.431180 gw_proc_ms=0.606 traceId=exp-perf5000-002006-722f15c8
zt-gateway  | [perf-request-in] ts_in=1777537101.430895 ts_out=1777537101.431493 gw_proc_ms=0.598 traceId=exp-perf5000-002010-72296b97
zt-gateway  | [perf-request-in] ts_in=1777537101.431215 ts_out=1777537101.431863 gw_proc_ms=0.648 traceId=exp-perf5000-002008-90b914bb
zt-gateway  | [perf-request-in] ts_in=1777537101.431530 ts_out=1777537101.432174 gw_proc_ms=0.644 traceId=exp-perf5000-002013-831c2523
zt-gateway  | [perf-request-in] ts_in=1777537101.431902 ts_out=1777537101.432532 gw_proc_ms=0.630 traceId=exp-perf5000-002011-29f38075
zt-gateway  | [perf-request-in] ts_in=1777537101.432205 ts_out=1777537101.432838 gw_proc_ms=0.633 traceId=exp-perf5000-002015-09fc1622
zt-gateway  | [perf-request-in] ts_in=1777537101.432563 ts_out=1777537101.433205 gw_proc_ms=0.642 traceId=exp-perf5000-002012-7cc090a5
zt-gateway  | [perf-request-in] ts_in=1777537101.432869 ts_out=1777537101.433509 gw_proc_ms=0.640 traceId=exp-perf5000-002017-a8c9d39e
zt-gateway  | [perf-request-in] ts_in=1777537101.433241 ts_out=1777537101.433882 gw_proc_ms=0.641 traceId=exp-perf5000-002014-00f6ae96
zt-gateway  | [perf-request-in] ts_in=1777537101.433543 ts_out=1777537101.434153 gw_proc_ms=0.610 traceId=exp-perf5000-002018-a0b04911
zt-gateway  | [perf-request-in] ts_in=1777537101.433943 ts_out=1777537101.434604 gw_proc_ms=0.661 traceId=exp-perf5000-002016-13859d5e
zt-gateway  | [perf-request-in] ts_in=1777537101.434191 ts_out=1777537101.434812 gw_proc_ms=0.621 traceId=exp-perf5000-002020-6fe5d22d
zt-gateway  | [perf-request-in] ts_in=1777537101.434649 ts_out=1777537101.435307 gw_proc_ms=0.658 traceId=exp-perf5000-002019-d8b03ddc
zt-gateway  | [perf-request-in] ts_in=1777537101.434846 ts_out=1777537101.435469 gw_proc_ms=0.623 traceId=exp-perf5000-002022-afdf09d7
zt-gateway  | [perf-request-in] ts_in=1777537101.435343 ts_out=1777537101.435975 gw_proc_ms=0.632 traceId=exp-perf5000-002021-fd93c3dd
zt-gateway  | [perf-request-in] ts_in=1777537101.435537 ts_out=1777537101.436168 gw_proc_ms=0.631 traceId=exp-perf5000-002024-b9484c46
zt-gateway  | [perf-request-in] ts_in=1777537101.436012 ts_out=1777537101.436643 gw_proc_ms=0.631 traceId=exp-perf5000-002023-8a45b533
zt-gateway  | [perf-request-in] ts_in=1777537101.436200 ts_out=1777537101.436844 gw_proc_ms=0.644 traceId=exp-perf5000-002026-449569f7
zt-gateway  | [perf-request-in] ts_in=1777537101.436678 ts_out=1777537101.437329 gw_proc_ms=0.651 traceId=exp-perf5000-002025-6c82c11f
zt-gateway  | [perf-request-in] ts_in=1777537101.436877 ts_out=1777537101.437460 gw_proc_ms=0.583 traceId=exp-perf5000-002028-9e7a5abf
zt-gateway  | [perf-request-in] ts_in=1777537101.437363 ts_out=1777537101.438000 gw_proc_ms=0.637 traceId=exp-perf5000-002027-9bee8a39
zt-gateway  | [perf-request-in] ts_in=1777537101.437494 ts_out=1777537101.438144 gw_proc_ms=0.650 traceId=exp-perf5000-002030-3968c9dc
zt-gateway  | [perf-request-in] ts_in=1777537101.438033 ts_out=1777537101.438653 gw_proc_ms=0.620 traceId=exp-perf5000-002029-59559857
zt-gateway  | [perf-request-in] ts_in=1777537101.438180 ts_out=1777537101.438788 gw_proc_ms=0.608 traceId=exp-perf5000-002032-9955bddc
zt-gateway  | [perf-request-in] ts_in=1777537101.438748 ts_out=1777537101.439386 gw_proc_ms=0.638 traceId=exp-perf5000-002031-02f6c7e9
zt-gateway  | [perf-request-in] ts_in=1777537101.438822 ts_out=1777537101.439441 gw_proc_ms=0.619 traceId=exp-perf5000-002034-741762bc
zt-gateway  | [perf-request-in] ts_in=1777537101.439425 ts_out=1777537101.440054 gw_proc_ms=0.629 traceId=exp-perf5000-002033-a6074b24
zt-gateway  | [perf-request-in] ts_in=1777537101.439478 ts_out=1777537101.440092 gw_proc_ms=0.614 traceId=exp-perf5000-002036-a8b9c689
zt-gateway  | [perf-request-in] ts_in=1777537101.440125 ts_out=1777537101.440697 gw_proc_ms=0.572 traceId=exp-perf5000-002038-fedc8705
zt-gateway  | [perf-request-in] ts_in=1777537101.440094 ts_out=1777537101.440721 gw_proc_ms=0.627 traceId=exp-perf5000-002035-47d3ecc6
zt-gateway  | [perf-request-in] ts_in=1777537101.440727 ts_out=1777537101.441375 gw_proc_ms=0.648 traceId=exp-perf5000-002040-ad04da99
zt-gateway  | [perf-request-in] ts_in=1777537101.440749 ts_out=1777537101.441448 gw_proc_ms=0.699 traceId=exp-perf5000-002037-bdee1a46
zt-gateway  | [perf-request-in] ts_in=1777537101.441409 ts_out=1777537101.442031 gw_proc_ms=0.622 traceId=exp-perf5000-002041-29ed0596
zt-gateway  | [perf-request-in] ts_in=1777537101.441484 ts_out=1777537101.442105 gw_proc_ms=0.621 traceId=exp-perf5000-002039-565cc921
zt-gateway  | [perf-request-in] ts_in=1777537101.442065 ts_out=1777537101.442658 gw_proc_ms=0.593 traceId=exp-perf5000-002043-47db9eca
zt-gateway  | [perf-request-in] ts_in=1777537101.442141 ts_out=1777537101.442749 gw_proc_ms=0.608 traceId=exp-perf5000-002042-c3233ea5
zt-gateway  | [perf-request-in] ts_in=1777537101.442688 ts_out=1777537101.443274 gw_proc_ms=0.586 traceId=exp-perf5000-002045-7d150caa
zt-gateway  | [perf-request-in] ts_in=1777537101.442797 ts_out=1777537101.443397 gw_proc_ms=0.600 traceId=exp-perf5000-002044-e1618777
zt-gateway  | [perf-request-in] ts_in=1777537101.443302 ts_out=1777537101.443896 gw_proc_ms=0.594 traceId=exp-perf5000-002047-8de2620b
zt-gateway  | [perf-request-in] ts_in=1777537101.443434 ts_out=1777537101.444114 gw_proc_ms=0.680 traceId=exp-perf5000-002046-b812c1a7
zt-gateway  | [perf-request-in] ts_in=1777537101.443924 ts_out=1777537101.444541 gw_proc_ms=0.617 traceId=exp-perf5000-002049-21ec108f
zt-gateway  | [perf-request-in] ts_in=1777537101.444159 ts_out=1777537101.444829 gw_proc_ms=0.670 traceId=exp-perf5000-002048-1be50aee
zt-gateway  | [perf-request-in] ts_in=1777537101.444571 ts_out=1777537101.445202 gw_proc_ms=0.631 traceId=exp-perf5000-002051-1675571c
zt-gateway  | [perf-request-in] ts_in=1777537101.444872 ts_out=1777537101.445531 gw_proc_ms=0.659 traceId=exp-perf5000-002050-0ae59784
zt-gateway  | [perf-request-in] ts_in=1777537101.445233 ts_out=1777537101.445817 gw_proc_ms=0.584 traceId=exp-perf5000-002053-2e8b8278
zt-gateway  | [perf-request-in] ts_in=1777537101.445570 ts_out=1777537101.446318 gw_proc_ms=0.748 traceId=exp-perf5000-002052-76982cf8
zt-gateway  | [perf-request-in] ts_in=1777537101.445853 ts_out=1777537101.446437 gw_proc_ms=0.584 traceId=exp-perf5000-002055-bfb396a6
zt-gateway  | [perf-request-in] ts_in=1777537101.446357 ts_out=1777537101.447017 gw_proc_ms=0.660 traceId=exp-perf5000-002054-91a8ce4d
zt-gateway  | [perf-request-in] ts_in=1777537101.446469 ts_out=1777537101.447077 gw_proc_ms=0.608 traceId=exp-perf5000-002057-1dfa0d92
zt-gateway  | [perf-request-in] ts_in=1777537101.447102 ts_out=1777537101.447719 gw_proc_ms=0.617 traceId=exp-perf5000-002059-19e80c11
zt-gateway  | [perf-request-in] ts_in=1777537101.447052 ts_out=1777537101.447726 gw_proc_ms=0.674 traceId=exp-perf5000-002056-e21bfa20
zt-gateway  | [perf-request-in] ts_in=1777537101.447750 ts_out=1777537101.448367 gw_proc_ms=0.617 traceId=exp-perf5000-002061-c8d9ada8
zt-gateway  | [perf-request-in] ts_in=1777537101.447761 ts_out=1777537101.448401 gw_proc_ms=0.640 traceId=exp-perf5000-002058-15a0e038
zt-gateway  | [perf-request-in] ts_in=1777537101.448397 ts_out=1777537101.449023 gw_proc_ms=0.626 traceId=exp-perf5000-002063-364124f1
zt-gateway  | [perf-request-in] ts_in=1777537101.448430 ts_out=1777537101.449054 gw_proc_ms=0.624 traceId=exp-perf5000-002060-5afaad10
zt-gateway  | [perf-request-in] ts_in=1777537101.449055 ts_out=1777537101.449690 gw_proc_ms=0.635 traceId=exp-perf5000-002065-6398332f
zt-gateway  | [perf-request-in] ts_in=1777537101.449082 ts_out=1777537101.449745 gw_proc_ms=0.663 traceId=exp-perf5000-002062-0af1befd
zt-gateway  | [perf-request-in] ts_in=1777537101.449721 ts_out=1777537101.450359 gw_proc_ms=0.638 traceId=exp-perf5000-002067-4a4ee921
zt-gateway  | [perf-request-in] ts_in=1777537101.449796 ts_out=1777537101.450434 gw_proc_ms=0.638 traceId=exp-perf5000-002064-eb4d299e
zt-gateway  | [perf-request-in] ts_in=1777537101.450395 ts_out=1777537101.451038 gw_proc_ms=0.643 traceId=exp-perf5000-002068-74c93253
zt-gateway  | [perf-request-in] ts_in=1777537101.450478 ts_out=1777537101.451122 gw_proc_ms=0.644 traceId=exp-perf5000-002066-ac806c2d
zt-gateway  | [perf-request-in] ts_in=1777537101.451067 ts_out=1777537101.451670 gw_proc_ms=0.603 traceId=exp-perf5000-002070-702e053b
zt-gateway  | [perf-request-in] ts_in=1777537101.451153 ts_out=1777537101.451808 gw_proc_ms=0.655 traceId=exp-perf5000-002069-85053b4b
zt-gateway  | [perf-request-in] ts_in=1777537101.451700 ts_out=1777537101.452291 gw_proc_ms=0.591 traceId=exp-perf5000-002072-7e17a3f3
zt-gateway  | [perf-request-in] ts_in=1777537101.451866 ts_out=1777537101.452483 gw_proc_ms=0.617 traceId=exp-perf5000-002071-d74f7626
zt-gateway  | [perf-request-in] ts_in=1777537101.452321 ts_out=1777537101.452952 gw_proc_ms=0.631 traceId=exp-perf5000-002075-9cdcc674
zt-gateway  | [perf-request-in] ts_in=1777537101.452517 ts_out=1777537101.453163 gw_proc_ms=0.646 traceId=exp-perf5000-002073-3e9fd17a
zt-gateway  | [perf-request-in] ts_in=1777537101.452982 ts_out=1777537101.453584 gw_proc_ms=0.602 traceId=exp-perf5000-002076-0c4052d6
zt-gateway  | [perf-request-in] ts_in=1777537101.453203 ts_out=1777537101.453855 gw_proc_ms=0.652 traceId=exp-perf5000-002074-4d001016
zt-gateway  | [perf-request-in] ts_in=1777537101.453611 ts_out=1777537101.454482 gw_proc_ms=0.871 traceId=exp-perf5000-002079-b00d1a23
zt-gateway  | [perf-request-in] ts_in=1777537101.453902 ts_out=1777537101.454593 gw_proc_ms=0.691 traceId=exp-perf5000-002077-23558e89
zt-gateway  | [perf-request-in] ts_in=1777537101.454520 ts_out=1777537101.455204 gw_proc_ms=0.684 traceId=exp-perf5000-002081-ba230412
zt-gateway  | [perf-request-in] ts_in=1777537101.454636 ts_out=1777537101.455310 gw_proc_ms=0.674 traceId=exp-perf5000-002078-c2a9896c
zt-gateway  | [perf-request-in] ts_in=1777537101.455243 ts_out=1777537101.455905 gw_proc_ms=0.662 traceId=exp-perf5000-002083-b787b6cc
zt-gateway  | [perf-request-in] ts_in=1777537101.455341 ts_out=1777537101.456278 gw_proc_ms=0.937 traceId=exp-perf5000-002080-27e97043
zt-gateway  | [perf-request-in] ts_in=1777537101.455943 ts_out=1777537101.456567 gw_proc_ms=0.624 traceId=exp-perf5000-002085-b92b8650
zt-gateway  | [perf-request-in] ts_in=1777537101.456328 ts_out=1777537101.457015 gw_proc_ms=0.687 traceId=exp-perf5000-002082-aa50ff8e
zt-gateway  | [perf-request-in] ts_in=1777537101.456595 ts_out=1777537101.457255 gw_proc_ms=0.660 traceId=exp-perf5000-002087-e00d6baf
zt-gateway  | [perf-request-in] ts_in=1777537101.457049 ts_out=1777537101.457733 gw_proc_ms=0.684 traceId=exp-perf5000-002084-05e3f460
zt-gateway  | [perf-request-in] ts_in=1777537101.457293 ts_out=1777537101.457994 gw_proc_ms=0.701 traceId=exp-perf5000-002089-1f8c4edb
zt-gateway  | [perf-request-in] ts_in=1777537101.457773 ts_out=1777537101.458441 gw_proc_ms=0.668 traceId=exp-perf5000-002086-48dea9fa
zt-gateway  | [perf-request-in] ts_in=1777537101.458026 ts_out=1777537101.458645 gw_proc_ms=0.619 traceId=exp-perf5000-002091-f47b0794
zt-gateway  | [perf-request-in] ts_in=1777537101.458476 ts_out=1777537101.459133 gw_proc_ms=0.657 traceId=exp-perf5000-002088-9b5ad951
zt-gateway  | [perf-request-in] ts_in=1777537101.458689 ts_out=1777537101.459328 gw_proc_ms=0.639 traceId=exp-perf5000-002093-5d2b1eef
zt-gateway  | [perf-request-in] ts_in=1777537101.459166 ts_out=1777537101.459820 gw_proc_ms=0.654 traceId=exp-perf5000-002090-ff810196
zt-gateway  | [perf-request-in] ts_in=1777537101.459371 ts_out=1777537101.460001 gw_proc_ms=0.630 traceId=exp-perf5000-002095-0fb77473
zt-gateway  | [perf-request-in] ts_in=1777537101.459852 ts_out=1777537101.460470 gw_proc_ms=0.618 traceId=exp-perf5000-002092-eff210d4
zt-gateway  | [perf-request-in] ts_in=1777537101.460035 ts_out=1777537101.460667 gw_proc_ms=0.632 traceId=exp-perf5000-002097-19f3c54a
zt-gateway  | [perf-request-in] ts_in=1777537101.460503 ts_out=1777537101.461129 gw_proc_ms=0.626 traceId=exp-perf5000-002094-94c69d66
zt-gateway  | [perf-request-in] ts_in=1777537101.460698 ts_out=1777537101.461337 gw_proc_ms=0.639 traceId=exp-perf5000-002099-f4a30811
zt-gateway  | [perf-request-in] ts_in=1777537101.461160 ts_out=1777537101.461768 gw_proc_ms=0.608 traceId=exp-perf5000-002096-8fe94562
zt-gateway  | [perf-request-in] ts_in=1777537101.461370 ts_out=1777537101.462016 gw_proc_ms=0.646 traceId=exp-perf5000-002101-35a308dc
zt-gateway  | [perf-request-in] ts_in=1777537101.461803 ts_out=1777537101.462416 gw_proc_ms=0.613 traceId=exp-perf5000-002098-f3244259
zt-gateway  | [perf-request-in] ts_in=1777537101.462049 ts_out=1777537101.462686 gw_proc_ms=0.637 traceId=exp-perf5000-002103-79269c09
zt-gateway  | [perf-request-in] ts_in=1777537101.462448 ts_out=1777537101.463139 gw_proc_ms=0.691 traceId=exp-perf5000-002100-3a761ea9
zt-gateway  | [perf-request-in] ts_in=1777537101.462721 ts_out=1777537101.463405 gw_proc_ms=0.684 traceId=exp-perf5000-002105-dc5f58cb
zt-gateway  | [perf-request-in] ts_in=1777537101.463167 ts_out=1777537101.463813 gw_proc_ms=0.646 traceId=exp-perf5000-002102-e90a6cfc
zt-gateway  | [perf-request-in] ts_in=1777537101.463442 ts_out=1777537101.464072 gw_proc_ms=0.630 traceId=exp-perf5000-002107-53436820
zt-gateway  | [perf-request-in] ts_in=1777537101.463843 ts_out=1777537101.464677 gw_proc_ms=0.834 traceId=exp-perf5000-002104-4b6851f6
zt-gateway  | [perf-request-in] ts_in=1777537101.464110 ts_out=1777537101.464741 gw_proc_ms=0.631 traceId=exp-perf5000-002109-9a38bc5f
zt-gateway  | [perf-request-in] ts_in=1777537101.464714 ts_out=1777537101.465357 gw_proc_ms=0.643 traceId=exp-perf5000-002106-16836a9d
zt-gateway  | [perf-request-in] ts_in=1777537101.464789 ts_out=1777537101.465601 gw_proc_ms=0.812 traceId=exp-perf5000-002111-57e4b045
zt-gateway  | [perf-request-in] ts_in=1777537101.465387 ts_out=1777537101.466068 gw_proc_ms=0.681 traceId=exp-perf5000-002108-520d2006
zt-gateway  | [perf-request-in] ts_in=1777537101.465650 ts_out=1777537101.466314 gw_proc_ms=0.664 traceId=exp-perf5000-002113-ed92e466
zt-gateway  | [perf-request-in] ts_in=1777537101.466104 ts_out=1777537101.466746 gw_proc_ms=0.642 traceId=exp-perf5000-002110-43b1d4b2
zt-gateway  | [perf-request-in] ts_in=1777537101.466354 ts_out=1777537101.467007 gw_proc_ms=0.653 traceId=exp-perf5000-002115-d4b1cdce
zt-gateway  | [perf-request-in] ts_in=1777537101.466776 ts_out=1777537101.467412 gw_proc_ms=0.636 traceId=exp-perf5000-002112-2890fa8a
zt-gateway  | [perf-request-in] ts_in=1777537101.467037 ts_out=1777537101.467679 gw_proc_ms=0.642 traceId=exp-perf5000-002117-7f259b82
zt-gateway  | [perf-request-in] ts_in=1777537101.467444 ts_out=1777537101.468057 gw_proc_ms=0.613 traceId=exp-perf5000-002114-e0412dc4
zt-gateway  | [perf-request-in] ts_in=1777537101.467710 ts_out=1777537101.468350 gw_proc_ms=0.640 traceId=exp-perf5000-002119-0eec6182
zt-gateway  | [perf-request-in] ts_in=1777537101.468085 ts_out=1777537101.468710 gw_proc_ms=0.625 traceId=exp-perf5000-002116-82ba0b4b
zt-gateway  | [perf-request-in] ts_in=1777537101.468452 ts_out=1777537101.469165 gw_proc_ms=0.713 traceId=exp-perf5000-002121-a8ef8a23
zt-gateway  | [perf-request-in] ts_in=1777537101.468741 ts_out=1777537101.469377 gw_proc_ms=0.636 traceId=exp-perf5000-002118-aa300dd4
zt-gateway  | [perf-request-in] ts_in=1777537101.469209 ts_out=1777537101.469870 gw_proc_ms=0.661 traceId=exp-perf5000-002123-0aacab32
zt-gateway  | [perf-request-in] ts_in=1777537101.469405 ts_out=1777537101.470034 gw_proc_ms=0.629 traceId=exp-perf5000-002120-341309fb
zt-gateway  | [perf-request-in] ts_in=1777537101.469910 ts_out=1777537101.470542 gw_proc_ms=0.632 traceId=exp-perf5000-002125-265b0ace
zt-gateway  | [perf-request-in] ts_in=1777537101.470063 ts_out=1777537101.470672 gw_proc_ms=0.609 traceId=exp-perf5000-002122-ecc17e9e
zt-gateway  | [perf-request-in] ts_in=1777537101.470575 ts_out=1777537101.471213 gw_proc_ms=0.638 traceId=exp-perf5000-002127-5f856778
zt-gateway  | [perf-request-in] ts_in=1777537101.470703 ts_out=1777537101.471326 gw_proc_ms=0.623 traceId=exp-perf5000-002124-8ead9169
zt-gateway  | [perf-request-in] ts_in=1777537101.471249 ts_out=1777537101.471875 gw_proc_ms=0.626 traceId=exp-perf5000-002129-8bbb70a5
zt-gateway  | [perf-request-in] ts_in=1777537101.471356 ts_out=1777537101.471977 gw_proc_ms=0.621 traceId=exp-perf5000-002126-80a6d885
zt-gateway  | [perf-request-in] ts_in=1777537101.471907 ts_out=1777537101.472513 gw_proc_ms=0.606 traceId=exp-perf5000-002131-03eaba2f
zt-gateway  | [perf-request-in] ts_in=1777537101.472003 ts_out=1777537101.472598 gw_proc_ms=0.595 traceId=exp-perf5000-002128-513ed599
zt-gateway  | [perf-request-in] ts_in=1777537101.472547 ts_out=1777537101.473186 gw_proc_ms=0.639 traceId=exp-perf5000-002132-af24d722
zt-gateway  | [perf-request-in] ts_in=1777537101.472631 ts_out=1777537101.473239 gw_proc_ms=0.608 traceId=exp-perf5000-002130-f78d6f77
zt-gateway  | [perf-request-in] ts_in=1777537101.473220 ts_out=1777537101.473888 gw_proc_ms=0.668 traceId=exp-perf5000-002134-f3343c03
zt-gateway  | [perf-request-in] ts_in=1777537101.473266 ts_out=1777537101.473898 gw_proc_ms=0.632 traceId=exp-perf5000-002133-0efc5b8c
zt-gateway  | [perf-request-in] ts_in=1777537101.473924 ts_out=1777537101.474545 gw_proc_ms=0.621 traceId=exp-perf5000-002135-6e284c20
zt-gateway  | [perf-request-in] ts_in=1777537101.473922 ts_out=1777537101.474551 gw_proc_ms=0.629 traceId=exp-perf5000-002136-3c0bc4d4
zt-gateway  | [perf-request-in] ts_in=1777537101.474576 ts_out=1777537101.475291 gw_proc_ms=0.715 traceId=exp-perf5000-002137-dfc1a6e8
zt-gateway  | [perf-request-in] ts_in=1777537101.474583 ts_out=1777537101.475323 gw_proc_ms=0.740 traceId=exp-perf5000-002139-25c6b061
zt-gateway  | [perf-request-in] ts_in=1777537101.475325 ts_out=1777537101.476027 gw_proc_ms=0.702 traceId=exp-perf5000-002138-231f3a59
zt-gateway  | [perf-request-in] ts_in=1777537101.475370 ts_out=1777537101.476087 gw_proc_ms=0.717 traceId=exp-perf5000-002140-d749486e
zt-gateway  | [perf-request-in] ts_in=1777537101.476068 ts_out=1777537101.476710 gw_proc_ms=0.642 traceId=exp-perf5000-002141-0c58a56e
zt-gateway  | [perf-request-in] ts_in=1777537101.476119 ts_out=1777537101.476750 gw_proc_ms=0.631 traceId=exp-perf5000-002142-6d43903c
zt-gateway  | [perf-request-in] ts_in=1777537101.476748 ts_out=1777537101.477343 gw_proc_ms=0.595 traceId=exp-perf5000-002143-363d3149
zt-gateway  | [perf-request-in] ts_in=1777537101.476778 ts_out=1777537101.477382 gw_proc_ms=0.604 traceId=exp-perf5000-002144-09fde0b1
zt-gateway  | [perf-request-in] ts_in=1777537101.477376 ts_out=1777537101.477980 gw_proc_ms=0.604 traceId=exp-perf5000-002145-ef367065
zt-gateway  | [perf-request-in] ts_in=1777537101.477410 ts_out=1777537101.478011 gw_proc_ms=0.601 traceId=exp-perf5000-002146-4884a7a9
zt-gateway  | [perf-request-in] ts_in=1777537101.478015 ts_out=1777537101.478618 gw_proc_ms=0.603 traceId=exp-perf5000-002147-6f5f521a
zt-gateway  | [perf-request-in] ts_in=1777537101.478042 ts_out=1777537101.478643 gw_proc_ms=0.601 traceId=exp-perf5000-002148-8197b60e
zt-gateway  | [perf-request-in] ts_in=1777537101.478652 ts_out=1777537101.479269 gw_proc_ms=0.617 traceId=exp-perf5000-002149-0f04bd83
zt-gateway  | [perf-request-in] ts_in=1777537101.478673 ts_out=1777537101.479278 gw_proc_ms=0.605 traceId=exp-perf5000-002150-66217141
zt-gateway  | [perf-request-in] ts_in=1777537101.479310 ts_out=1777537101.479900 gw_proc_ms=0.590 traceId=exp-perf5000-002152-56394778
zt-gateway  | [perf-request-in] ts_in=1777537101.479301 ts_out=1777537101.479900 gw_proc_ms=0.599 traceId=exp-perf5000-002151-0b52968c
zt-gateway  | [perf-request-in] ts_in=1777537101.479933 ts_out=1777537101.480521 gw_proc_ms=0.588 traceId=exp-perf5000-002153-89f2eb99
zt-gateway  | [perf-request-in] ts_in=1777537101.479935 ts_out=1777537101.480529 gw_proc_ms=0.594 traceId=exp-perf5000-002154-fe69f5ec
zt-gateway  | [perf-request-in] ts_in=1777537101.480561 ts_out=1777537101.481167 gw_proc_ms=0.606 traceId=exp-perf5000-002156-a2c48596
zt-gateway  | [perf-request-in] ts_in=1777537101.480555 ts_out=1777537101.481171 gw_proc_ms=0.616 traceId=exp-perf5000-002155-ac3995c3
zt-gateway  | [perf-request-in] ts_in=1777537101.481199 ts_out=1777537101.481791 gw_proc_ms=0.592 traceId=exp-perf5000-002157-942d40c6
zt-gateway  | [perf-request-in] ts_in=1777537101.481201 ts_out=1777537101.481798 gw_proc_ms=0.597 traceId=exp-perf5000-002158-82905e2c
zt-gateway  | [perf-request-in] ts_in=1777537101.481824 ts_out=1777537101.482416 gw_proc_ms=0.592 traceId=exp-perf5000-002159-f8f35667
zt-gateway  | [perf-request-in] ts_in=1777537101.481827 ts_out=1777537101.482425 gw_proc_ms=0.598 traceId=exp-perf5000-002160-ad857339
zt-gateway  | [perf-request-in] ts_in=1777537101.482449 ts_out=1777537101.483120 gw_proc_ms=0.671 traceId=exp-perf5000-002161-facbb497
zt-gateway  | [perf-request-in] ts_in=1777537101.482457 ts_out=1777537101.483123 gw_proc_ms=0.666 traceId=exp-perf5000-002162-e5a91bc0
zt-gateway  | [perf-request-in] ts_in=1777537101.483145 ts_out=1777537101.483746 gw_proc_ms=0.601 traceId=exp-perf5000-002163-10a91c82
zt-gateway  | [perf-request-in] ts_in=1777537101.483145 ts_out=1777537101.483747 gw_proc_ms=0.602 traceId=exp-perf5000-002164-6ea5a0c5
zt-gateway  | [perf-request-in] ts_in=1777537101.483798 ts_out=1777537101.484451 gw_proc_ms=0.653 traceId=exp-perf5000-002165-f93be1d5
zt-gateway  | [perf-request-in] ts_in=1777537101.483800 ts_out=1777537101.484458 gw_proc_ms=0.658 traceId=exp-perf5000-002166-c58d0644
zt-gateway  | [perf-request-in] ts_in=1777537101.484495 ts_out=1777537101.485167 gw_proc_ms=0.672 traceId=exp-perf5000-002167-096670ea
zt-gateway  | [perf-request-in] ts_in=1777537101.484498 ts_out=1777537101.485274 gw_proc_ms=0.776 traceId=exp-perf5000-002168-347cb3f0
zt-gateway  | [perf-request-in] ts_in=1777537101.485211 ts_out=1777537101.485820 gw_proc_ms=0.609 traceId=exp-perf5000-002169-2f3a1407
zt-gateway  | [perf-request-in] ts_in=1777537101.485316 ts_out=1777537101.485981 gw_proc_ms=0.665 traceId=exp-perf5000-002170-2eea93af
zt-gateway  | [perf-request-in] ts_in=1777537101.485864 ts_out=1777537101.486479 gw_proc_ms=0.615 traceId=exp-perf5000-002171-16f3abd6
zt-gateway  | [perf-request-in] ts_in=1777537101.486020 ts_out=1777537101.486634 gw_proc_ms=0.614 traceId=exp-perf5000-002172-ea0eebb6
zt-gateway  | [perf-request-in] ts_in=1777537101.486510 ts_out=1777537101.487230 gw_proc_ms=0.720 traceId=exp-perf5000-002173-f190b7b1
zt-gateway  | [perf-request-in] ts_in=1777537101.486673 ts_out=1777537101.487314 gw_proc_ms=0.641 traceId=exp-perf5000-002174-948663e2
zt-gateway  | [perf-request-in] ts_in=1777537101.487260 ts_out=1777537101.487932 gw_proc_ms=0.672 traceId=exp-perf5000-002175-ce35e49a
zt-gateway  | [perf-request-in] ts_in=1777537101.487345 ts_out=1777537101.487986 gw_proc_ms=0.641 traceId=exp-perf5000-002176-74c9dbbc
zt-gateway  | [perf-request-in] ts_in=1777537101.488018 ts_out=1777537101.488635 gw_proc_ms=0.617 traceId=exp-perf5000-002178-2e20178c
zt-gateway  | [perf-request-in] ts_in=1777537101.487980 ts_out=1777537101.488660 gw_proc_ms=0.680 traceId=exp-perf5000-002177-c9ca58a7
zt-gateway  | [perf-request-in] ts_in=1777537101.488706 ts_out=1777537101.489361 gw_proc_ms=0.655 traceId=exp-perf5000-002179-e4633e16
zt-gateway  | [perf-request-in] ts_in=1777537101.488683 ts_out=1777537101.489371 gw_proc_ms=0.688 traceId=exp-perf5000-002180-5ffa5f49
zt-gateway  | [perf-request-in] ts_in=1777537101.489403 ts_out=1777537101.490058 gw_proc_ms=0.655 traceId=exp-perf5000-002182-f7bcffcd
zt-gateway  | [perf-request-in] ts_in=1777537101.489402 ts_out=1777537101.490059 gw_proc_ms=0.657 traceId=exp-perf5000-002181-c92f3bd7
zt-gateway  | [perf-request-in] ts_in=1777537101.490097 ts_out=1777537101.490748 gw_proc_ms=0.651 traceId=exp-perf5000-002184-43f9d2a3
zt-gateway  | [perf-request-in] ts_in=1777537101.490101 ts_out=1777537101.490769 gw_proc_ms=0.668 traceId=exp-perf5000-002183-c0a9e2dc
zt-gateway  | [perf-request-in] ts_in=1777537101.490793 ts_out=1777537101.491526 gw_proc_ms=0.733 traceId=exp-perf5000-002186-db9b6fb4
zt-gateway  | [perf-request-in] ts_in=1777537101.490817 ts_out=1777537101.491665 gw_proc_ms=0.848 traceId=exp-perf5000-002185-d1109a4a
zt-gateway  | [perf-request-in] ts_in=1777537101.491581 ts_out=1777537101.492431 gw_proc_ms=0.850 traceId=exp-perf5000-002188-06e3031d
zt-gateway  | [perf-request-in] ts_in=1777537101.491722 ts_out=1777537101.492510 gw_proc_ms=0.788 traceId=exp-perf5000-002187-3e68bca7
zt-gateway  | [perf-request-in] ts_in=1777537101.492477 ts_out=1777537101.493405 gw_proc_ms=0.928 traceId=exp-perf5000-002190-500ad669
zt-gateway  | [perf-request-in] ts_in=1777537101.492560 ts_out=1777537101.493569 gw_proc_ms=1.009 traceId=exp-perf5000-002189-8efe8e47
zt-gateway  | [perf-request-in] ts_in=1777537101.493450 ts_out=1777537101.494266 gw_proc_ms=0.816 traceId=exp-perf5000-002192-d55450ff
zt-gateway  | [perf-request-in] ts_in=1777537101.493617 ts_out=1777537101.494403 gw_proc_ms=0.786 traceId=exp-perf5000-002191-c6193211
zt-gateway  | [perf-request-in] ts_in=1777537101.494307 ts_out=1777537101.494944 gw_proc_ms=0.637 traceId=exp-perf5000-002194-61672af8
zt-gateway  | [perf-request-in] ts_in=1777537101.494429 ts_out=1777537101.495346 gw_proc_ms=0.917 traceId=exp-perf5000-002193-dfcff02a
zt-gateway  | [perf-request-in] ts_in=1777537101.494987 ts_out=1777537101.495938 gw_proc_ms=0.951 traceId=exp-perf5000-002196-dad69685
zt-gateway  | [perf-request-in] ts_in=1777537101.495400 ts_out=1777537101.496465 gw_proc_ms=1.065 traceId=exp-perf5000-002195-3ed08a02
zt-gateway  | [perf-request-in] ts_in=1777537101.496001 ts_out=1777537101.496996 gw_proc_ms=0.995 traceId=exp-perf5000-002198-24fe7bd2
zt-gateway  | [perf-request-in] ts_in=1777537101.496528 ts_out=1777537101.497598 gw_proc_ms=1.070 traceId=exp-perf5000-002197-eeaff81c
zt-gateway  | [perf-request-in] ts_in=1777537101.497051 ts_out=1777537101.497743 gw_proc_ms=0.692 traceId=exp-perf5000-002200-081f1afb
zt-gateway  | [perf-request-in] ts_in=1777537101.497646 ts_out=1777537101.498319 gw_proc_ms=0.673 traceId=exp-perf5000-002199-28e29b14
zt-gateway  | [perf-request-in] ts_in=1777537101.497805 ts_out=1777537101.498594 gw_proc_ms=0.789 traceId=exp-perf5000-002202-c23c2af4
zt-gateway  | [perf-request-in] ts_in=1777537101.498362 ts_out=1777537101.499049 gw_proc_ms=0.687 traceId=exp-perf5000-002201-5c592658
zt-gateway  | [perf-request-in] ts_in=1777537101.498635 ts_out=1777537101.499295 gw_proc_ms=0.660 traceId=exp-perf5000-002204-1456d6e0
zt-gateway  | [perf-request-in] ts_in=1777537101.499087 ts_out=1777537101.499710 gw_proc_ms=0.623 traceId=exp-perf5000-002203-f94116fa
zt-gateway  | [perf-request-in] ts_in=1777537101.499332 ts_out=1777537101.500130 gw_proc_ms=0.798 traceId=exp-perf5000-002207-31594a13
zt-gateway  | [perf-request-in] ts_in=1777537101.499755 ts_out=1777537101.500387 gw_proc_ms=0.632 traceId=exp-perf5000-002205-bf96e9a9
zt-gateway  | [perf-request-in] ts_in=1777537101.500166 ts_out=1777537101.500777 gw_proc_ms=0.611 traceId=exp-perf5000-002208-301ce633
zt-gateway  | [perf-request-in] ts_in=1777537101.500425 ts_out=1777537101.501075 gw_proc_ms=0.650 traceId=exp-perf5000-002206-1b69658b
zt-gateway  | [perf-request-in] ts_in=1777537101.500821 ts_out=1777537101.501424 gw_proc_ms=0.603 traceId=exp-perf5000-002210-7a161b69
zt-gateway  | [perf-request-in] ts_in=1777537101.501103 ts_out=1777537101.501737 gw_proc_ms=0.634 traceId=exp-perf5000-002209-7b0e6de8
zt-gateway  | [perf-request-in] ts_in=1777537101.501464 ts_out=1777537101.502090 gw_proc_ms=0.626 traceId=exp-perf5000-002212-b776bb6e
zt-gateway  | [perf-request-in] ts_in=1777537101.501772 ts_out=1777537101.502439 gw_proc_ms=0.667 traceId=exp-perf5000-002211-5a783600
zt-gateway  | [perf-request-in] ts_in=1777537101.502122 ts_out=1777537101.502743 gw_proc_ms=0.621 traceId=exp-perf5000-002214-d52f96f8
zt-gateway  | [perf-request-in] ts_in=1777537101.502476 ts_out=1777537101.503121 gw_proc_ms=0.645 traceId=exp-perf5000-002213-ff0c101f
zt-gateway  | [perf-request-in] ts_in=1777537101.502790 ts_out=1777537101.503475 gw_proc_ms=0.685 traceId=exp-perf5000-002216-981141e6
zt-gateway  | [perf-request-in] ts_in=1777537101.503167 ts_out=1777537101.503926 gw_proc_ms=0.759 traceId=exp-perf5000-002215-6d7d4091
zt-gateway  | [perf-request-in] ts_in=1777537101.503512 ts_out=1777537101.504185 gw_proc_ms=0.673 traceId=exp-perf5000-002218-cf01967b
zt-gateway  | [perf-request-in] ts_in=1777537101.503968 ts_out=1777537101.504643 gw_proc_ms=0.675 traceId=exp-perf5000-002217-01f2a268
zt-gateway  | [perf-request-in] ts_in=1777537101.504214 ts_out=1777537101.504901 gw_proc_ms=0.687 traceId=exp-perf5000-002220-6841a688
zt-gateway  | [perf-request-in] ts_in=1777537101.504684 ts_out=1777537101.505406 gw_proc_ms=0.722 traceId=exp-perf5000-002219-37af61cb
zt-gateway  | [perf-request-in] ts_in=1777537101.504937 ts_out=1777537101.505597 gw_proc_ms=0.660 traceId=exp-perf5000-002222-2534d320
zt-gateway  | [perf-request-in] ts_in=1777537101.505441 ts_out=1777537101.506117 gw_proc_ms=0.676 traceId=exp-perf5000-002221-f77b10c2
zt-gateway  | [perf-request-in] ts_in=1777537101.505636 ts_out=1777537101.506290 gw_proc_ms=0.654 traceId=exp-perf5000-002224-f091f96f
zt-gateway  | [perf-request-in] ts_in=1777537101.506154 ts_out=1777537101.506823 gw_proc_ms=0.669 traceId=exp-perf5000-002223-0845bb39
zt-gateway  | [perf-request-in] ts_in=1777537101.506329 ts_out=1777537101.506981 gw_proc_ms=0.652 traceId=exp-perf5000-002226-cceb4adb
zt-gateway  | [perf-request-in] ts_in=1777537101.506864 ts_out=1777537101.507506 gw_proc_ms=0.642 traceId=exp-perf5000-002225-4acd4bfc
zt-gateway  | [perf-request-in] ts_in=1777537101.507013 ts_out=1777537101.507732 gw_proc_ms=0.719 traceId=exp-perf5000-002227-fd655383
zt-gateway  | [perf-request-in] ts_in=1777537101.507546 ts_out=1777537101.508203 gw_proc_ms=0.657 traceId=exp-perf5000-002228-e34608dd
zt-gateway  | [perf-request-in] ts_in=1777537101.507794 ts_out=1777537101.508470 gw_proc_ms=0.676 traceId=exp-perf5000-002230-cea88d35
zt-gateway  | [perf-request-in] ts_in=1777537101.508239 ts_out=1777537101.508915 gw_proc_ms=0.676 traceId=exp-perf5000-002229-41e5b014
zt-gateway  | [perf-request-in] ts_in=1777537101.508508 ts_out=1777537101.509191 gw_proc_ms=0.683 traceId=exp-perf5000-002231-66cafdba
zt-gateway  | [perf-request-in] ts_in=1777537101.508954 ts_out=1777537101.509629 gw_proc_ms=0.675 traceId=exp-perf5000-002232-4de1b9d8
zt-gateway  | [perf-request-in] ts_in=1777537101.509233 ts_out=1777537101.509897 gw_proc_ms=0.664 traceId=exp-perf5000-002233-893c4bda
zt-gateway  | [perf-request-in] ts_in=1777537101.509660 ts_out=1777537101.510330 gw_proc_ms=0.670 traceId=exp-perf5000-002234-b8bb7d82
zt-gateway  | [perf-request-in] ts_in=1777537101.509982 ts_out=1777537101.510650 gw_proc_ms=0.668 traceId=exp-perf5000-002236-958dc72c
zt-gateway  | [perf-request-in] ts_in=1777537101.510366 ts_out=1777537101.511075 gw_proc_ms=0.709 traceId=exp-perf5000-002235-7b659f58
zt-gateway  | [perf-request-in] ts_in=1777537101.510687 ts_out=1777537101.511344 gw_proc_ms=0.657 traceId=exp-perf5000-002237-36023cc1
zt-gateway  | [perf-request-in] ts_in=1777537101.511173 ts_out=1777537101.511892 gw_proc_ms=0.719 traceId=exp-perf5000-002238-eaab6ec1
zt-gateway  | [perf-request-in] ts_in=1777537101.511376 ts_out=1777537101.512026 gw_proc_ms=0.650 traceId=exp-perf5000-002239-0ce3febe
zt-gateway  | [perf-request-in] ts_in=1777537101.511933 ts_out=1777537101.512603 gw_proc_ms=0.670 traceId=exp-perf5000-002240-4897fea3
zt-gateway  | [perf-request-in] ts_in=1777537101.512062 ts_out=1777537101.512674 gw_proc_ms=0.612 traceId=exp-perf5000-002241-665216cf
zt-gateway  | [perf-request-in] ts_in=1777537101.512642 ts_out=1777537101.513304 gw_proc_ms=0.662 traceId=exp-perf5000-002242-b76fe59d
zt-gateway  | [perf-request-in] ts_in=1777537101.512712 ts_out=1777537101.513332 gw_proc_ms=0.620 traceId=exp-perf5000-002244-81fe7272
zt-gateway  | [perf-request-in] ts_in=1777537101.513340 ts_out=1777537101.513969 gw_proc_ms=0.629 traceId=exp-perf5000-002243-d4041b73
zt-gateway  | [perf-request-in] ts_in=1777537101.513357 ts_out=1777537101.513972 gw_proc_ms=0.615 traceId=exp-perf5000-002246-71778f39
zt-gateway  | [perf-request-in] ts_in=1777537101.514003 ts_out=1777537101.514602 gw_proc_ms=0.599 traceId=exp-perf5000-002248-42788439
zt-gateway  | [perf-request-in] ts_in=1777537101.514006 ts_out=1777537101.514607 gw_proc_ms=0.601 traceId=exp-perf5000-002245-087d3fe3
zt-gateway  | [perf-request-in] ts_in=1777537101.514631 ts_out=1777537101.515248 gw_proc_ms=0.617 traceId=exp-perf5000-002250-089a4c90
zt-gateway  | [perf-request-in] ts_in=1777537101.514640 ts_out=1777537101.515266 gw_proc_ms=0.626 traceId=exp-perf5000-002247-ffe0ccf2
zt-gateway  | [perf-request-in] ts_in=1777537101.515276 ts_out=1777537101.515877 gw_proc_ms=0.601 traceId=exp-perf5000-002251-41967865
zt-gateway  | [perf-request-in] ts_in=1777537101.515297 ts_out=1777537101.515967 gw_proc_ms=0.670 traceId=exp-perf5000-002249-53aaedf5
zt-gateway  | [perf-request-in] ts_in=1777537101.515907 ts_out=1777537101.516492 gw_proc_ms=0.585 traceId=exp-perf5000-002253-ac821023
zt-gateway  | [perf-request-in] ts_in=1777537101.515995 ts_out=1777537101.516662 gw_proc_ms=0.667 traceId=exp-perf5000-002252-f939a283
zt-gateway  | [perf-request-in] ts_in=1777537101.516524 ts_out=1777537101.517247 gw_proc_ms=0.723 traceId=exp-perf5000-002256-4dc2afa0
zt-gateway  | [perf-request-in] ts_in=1777537101.516697 ts_out=1777537101.517375 gw_proc_ms=0.678 traceId=exp-perf5000-002254-259ee819
zt-gateway  | [perf-request-in] ts_in=1777537101.517292 ts_out=1777537101.517939 gw_proc_ms=0.647 traceId=exp-perf5000-002258-072b07e8
zt-gateway  | [perf-request-in] ts_in=1777537101.517417 ts_out=1777537101.518016 gw_proc_ms=0.599 traceId=exp-perf5000-002255-2fa42b41
zt-gateway  | [perf-request-in] ts_in=1777537101.517971 ts_out=1777537101.518568 gw_proc_ms=0.597 traceId=exp-perf5000-002260-ced61bf6
zt-gateway  | [perf-request-in] ts_in=1777537101.518045 ts_out=1777537101.518631 gw_proc_ms=0.586 traceId=exp-perf5000-002257-95c0a025
zt-gateway  | [perf-request-in] ts_in=1777537101.518609 ts_out=1777537101.519265 gw_proc_ms=0.656 traceId=exp-perf5000-002261-ba3cc4e3
zt-gateway  | [perf-request-in] ts_in=1777537101.518672 ts_out=1777537101.519311 gw_proc_ms=0.639 traceId=exp-perf5000-002259-29e6f942
zt-gateway  | [perf-request-in] ts_in=1777537101.519309 ts_out=1777537101.519934 gw_proc_ms=0.625 traceId=exp-perf5000-002263-1cc59926
zt-gateway  | [perf-request-in] ts_in=1777537101.519344 ts_out=1777537101.519938 gw_proc_ms=0.594 traceId=exp-perf5000-002262-d246d7ac
zt-gateway  | [perf-request-in] ts_in=1777537101.519972 ts_out=1777537101.520620 gw_proc_ms=0.648 traceId=exp-perf5000-002266-fda03f4f
zt-gateway  | [perf-request-in] ts_in=1777537101.520174 ts_out=1777537101.520897 gw_proc_ms=0.723 traceId=exp-perf5000-002264-efa0c6cd
zt-gateway  | [perf-request-in] ts_in=1777537101.520661 ts_out=1777537101.521285 gw_proc_ms=0.624 traceId=exp-perf5000-002267-c9934428
zt-gateway  | [perf-request-in] ts_in=1777537101.520945 ts_out=1777537101.521594 gw_proc_ms=0.649 traceId=exp-perf5000-002265-dbdc6e19
zt-gateway  | [perf-request-in] ts_in=1777537101.521323 ts_out=1777537101.521993 gw_proc_ms=0.670 traceId=exp-perf5000-002270-62c42d6c
zt-gateway  | [perf-request-in] ts_in=1777537101.521634 ts_out=1777537101.522323 gw_proc_ms=0.689 traceId=exp-perf5000-002268-9d93036c
zt-gateway  | [perf-request-in] ts_in=1777537101.522035 ts_out=1777537101.522647 gw_proc_ms=0.612 traceId=exp-perf5000-002272-b68e777a
zt-gateway  | [perf-request-in] ts_in=1777537101.522366 ts_out=1777537101.522996 gw_proc_ms=0.630 traceId=exp-perf5000-002269-48feb721
zt-gateway  | [perf-request-in] ts_in=1777537101.522679 ts_out=1777537101.523324 gw_proc_ms=0.645 traceId=exp-perf5000-002273-2918e083
zt-gateway  | [perf-request-in] ts_in=1777537101.523038 ts_out=1777537101.523664 gw_proc_ms=0.626 traceId=exp-perf5000-002271-9c7a7dbf
zt-gateway  | [perf-request-in] ts_in=1777537101.523361 ts_out=1777537101.523988 gw_proc_ms=0.627 traceId=exp-perf5000-002276-b7d1c714
zt-gateway  | [perf-request-in] ts_in=1777537101.523706 ts_out=1777537101.524340 gw_proc_ms=0.634 traceId=exp-perf5000-002274-7d314d34
zt-gateway  | [perf-request-in] ts_in=1777537101.524022 ts_out=1777537101.524623 gw_proc_ms=0.601 traceId=exp-perf5000-002278-eef1c461
zt-gateway  | [perf-request-in] ts_in=1777537101.524383 ts_out=1777537101.525003 gw_proc_ms=0.620 traceId=exp-perf5000-002275-1c131d27
zt-gateway  | [perf-request-in] ts_in=1777537101.524660 ts_out=1777537101.525282 gw_proc_ms=0.622 traceId=exp-perf5000-002279-1c3edc4e
zt-gateway  | [perf-request-in] ts_in=1777537101.525044 ts_out=1777537101.525666 gw_proc_ms=0.622 traceId=exp-perf5000-002277-50571e01
zt-gateway  | [perf-request-in] ts_in=1777537101.525318 ts_out=1777537101.525954 gw_proc_ms=0.636 traceId=exp-perf5000-002282-c30c983e
zt-gateway  | [perf-request-in] ts_in=1777537101.525709 ts_out=1777537101.526375 gw_proc_ms=0.666 traceId=exp-perf5000-002280-2f9c64eb
zt-gateway  | [perf-request-in] ts_in=1777537101.525987 ts_out=1777537101.526638 gw_proc_ms=0.651 traceId=exp-perf5000-002283-935a175c
zt-gateway  | [perf-request-in] ts_in=1777537101.526418 ts_out=1777537101.527080 gw_proc_ms=0.662 traceId=exp-perf5000-002281-155b59fa
zt-gateway  | [perf-request-in] ts_in=1777537101.526680 ts_out=1777537101.527330 gw_proc_ms=0.650 traceId=exp-perf5000-002286-6524accb
zt-gateway  | [perf-request-in] ts_in=1777537101.527123 ts_out=1777537101.527746 gw_proc_ms=0.623 traceId=exp-perf5000-002284-1bb288a7
zt-gateway  | [perf-request-in] ts_in=1777537101.527369 ts_out=1777537101.527988 gw_proc_ms=0.619 traceId=exp-perf5000-002287-e02aa93f
zt-gateway  | [perf-request-in] ts_in=1777537101.527791 ts_out=1777537101.528404 gw_proc_ms=0.613 traceId=exp-perf5000-002285-3fc51fcd
zt-gateway  | [perf-request-in] ts_in=1777537101.528028 ts_out=1777537101.528650 gw_proc_ms=0.622 traceId=exp-perf5000-002290-c5c16cf3
zt-gateway  | [perf-request-in] ts_in=1777537101.528428 ts_out=1777537101.529149 gw_proc_ms=0.721 traceId=exp-perf5000-002288-14c59635
zt-gateway  | [perf-request-in] ts_in=1777537101.528683 ts_out=1777537101.529411 gw_proc_ms=0.728 traceId=exp-perf5000-002289-95b6e122
zt-gateway  | [perf-request-in] ts_in=1777537101.529195 ts_out=1777537101.529880 gw_proc_ms=0.685 traceId=exp-perf5000-002293-3dcdea98
zt-gateway  | [perf-request-in] ts_in=1777537101.529453 ts_out=1777537101.530115 gw_proc_ms=0.662 traceId=exp-perf5000-002291-91a38909
zt-gateway  | [perf-request-in] ts_in=1777537101.529925 ts_out=1777537101.530576 gw_proc_ms=0.651 traceId=exp-perf5000-002294-d41e1ef4
zt-gateway  | [perf-request-in] ts_in=1777537101.530151 ts_out=1777537101.530848 gw_proc_ms=0.697 traceId=exp-perf5000-002292-992b745d
zt-gateway  | [perf-request-in] ts_in=1777537101.530616 ts_out=1777537101.531349 gw_proc_ms=0.733 traceId=exp-perf5000-002296-8c356b0b
zt-gateway  | [perf-request-in] ts_in=1777537101.530885 ts_out=1777537101.531542 gw_proc_ms=0.657 traceId=exp-perf5000-002295-3d5eef80
zt-gateway  | [perf-request-in] ts_in=1777537101.531404 ts_out=1777537101.532100 gw_proc_ms=0.696 traceId=exp-perf5000-002297-2cfb3b0f
zt-gateway  | [perf-request-in] ts_in=1777537101.531578 ts_out=1777537101.532246 gw_proc_ms=0.668 traceId=exp-perf5000-002299-992d1ccc
zt-gateway  | [perf-request-in] ts_in=1777537101.532146 ts_out=1777537101.532837 gw_proc_ms=0.691 traceId=exp-perf5000-002298-e565743f
zt-gateway  | [perf-request-in] ts_in=1777537101.532278 ts_out=1777537101.532943 gw_proc_ms=0.665 traceId=exp-perf5000-002301-0a5596e3
zt-gateway  | [perf-request-in] ts_in=1777537101.532874 ts_out=1777537101.533564 gw_proc_ms=0.690 traceId=exp-perf5000-002300-005f5158
zt-gateway  | [perf-request-in] ts_in=1777537101.533023 ts_out=1777537101.533705 gw_proc_ms=0.682 traceId=exp-perf5000-002303-7f180c51
zt-gateway  | [perf-request-in] ts_in=1777537101.533604 ts_out=1777537101.534330 gw_proc_ms=0.726 traceId=exp-perf5000-002302-d557d292
zt-gateway  | [perf-request-in] ts_in=1777537101.533750 ts_out=1777537101.534392 gw_proc_ms=0.642 traceId=exp-perf5000-002305-83687b5b
zt-gateway  | [perf-request-in] ts_in=1777537101.534370 ts_out=1777537101.535029 gw_proc_ms=0.659 traceId=exp-perf5000-002304-73c9491e
zt-gateway  | [perf-request-in] ts_in=1777537101.534436 ts_out=1777537101.535099 gw_proc_ms=0.663 traceId=exp-perf5000-002307-2c178ea4
zt-gateway  | [perf-request-in] ts_in=1777537101.535138 ts_out=1777537101.535830 gw_proc_ms=0.692 traceId=exp-perf5000-002309-c28881b2
zt-gateway  | [perf-request-in] ts_in=1777537101.535067 ts_out=1777537101.535867 gw_proc_ms=0.800 traceId=exp-perf5000-002306-69413aaa
zt-gateway  | [perf-request-in] ts_in=1777537101.535873 ts_out=1777537101.536574 gw_proc_ms=0.701 traceId=exp-perf5000-002311-ec086f5b
zt-gateway  | [perf-request-in] ts_in=1777537101.536073 ts_out=1777537101.537279 gw_proc_ms=1.206 traceId=exp-perf5000-002308-1b2eeb34
zt-gateway  | [perf-request-in] ts_in=1777537101.536615 ts_out=1777537101.537312 gw_proc_ms=0.697 traceId=exp-perf5000-002313-7a28db78
zt-gateway  | [perf-request-in] ts_in=1777537101.537319 ts_out=1777537101.538070 gw_proc_ms=0.751 traceId=exp-perf5000-002310-67d563ed
zt-gateway  | [perf-request-in] ts_in=1777537101.537355 ts_out=1777537101.538090 gw_proc_ms=0.735 traceId=exp-perf5000-002315-64a8de08
zt-gateway  | [perf-request-in] ts_in=1777537101.538107 ts_out=1777537101.538723 gw_proc_ms=0.616 traceId=exp-perf5000-002312-144d1534
zt-gateway  | [perf-request-in] ts_in=1777537101.538129 ts_out=1777537101.538754 gw_proc_ms=0.625 traceId=exp-perf5000-002317-6ad5b2ae
zt-gateway  | [perf-request-in] ts_in=1777537101.538755 ts_out=1777537101.539399 gw_proc_ms=0.644 traceId=exp-perf5000-002314-b4ae8ff5
zt-gateway  | [perf-request-in] ts_in=1777537101.538794 ts_out=1777537101.539556 gw_proc_ms=0.762 traceId=exp-perf5000-002319-1ce052ce
zt-gateway  | [perf-request-in] ts_in=1777537101.539430 ts_out=1777537101.540052 gw_proc_ms=0.622 traceId=exp-perf5000-002316-91e10ef1
zt-gateway  | [perf-request-in] ts_in=1777537101.539602 ts_out=1777537101.540248 gw_proc_ms=0.646 traceId=exp-perf5000-002321-abdc6277
zt-gateway  | [perf-request-in] ts_in=1777537101.540092 ts_out=1777537101.540718 gw_proc_ms=0.626 traceId=exp-perf5000-002318-31597842
zt-gateway  | [perf-request-in] ts_in=1777537101.540288 ts_out=1777537101.540930 gw_proc_ms=0.642 traceId=exp-perf5000-002323-001d509b
zt-gateway  | [perf-request-in] ts_in=1777537101.540756 ts_out=1777537101.541453 gw_proc_ms=0.697 traceId=exp-perf5000-002320-8eacb8a4
zt-gateway  | [perf-request-in] ts_in=1777537101.540968 ts_out=1777537101.541677 gw_proc_ms=0.709 traceId=exp-perf5000-002325-8b688917
zt-gateway  | [perf-request-in] ts_in=1777537101.541721 ts_out=1777537101.542455 gw_proc_ms=0.734 traceId=exp-perf5000-002327-5af41e24
zt-gateway  | [perf-request-in] ts_in=1777537101.542501 ts_out=1777537101.543196 gw_proc_ms=0.695 traceId=exp-perf5000-002329-f4ace80a
zt-gateway  | [perf-request-in] ts_in=1777537101.541496 ts_out=1777537101.543249 gw_proc_ms=1.753 traceId=exp-perf5000-002322-931a4dfb
zt-gateway  | [perf-request-in] ts_in=1777537101.543235 ts_out=1777537101.543886 gw_proc_ms=0.651 traceId=exp-perf5000-002331-150060c2
zt-gateway  | [perf-request-in] ts_in=1777537101.543298 ts_out=1777537101.544045 gw_proc_ms=0.747 traceId=exp-perf5000-002324-47b9b554
zt-gateway  | [perf-request-in] ts_in=1777537101.543925 ts_out=1777537101.544541 gw_proc_ms=0.616 traceId=exp-perf5000-002333-e55d8beb
zt-gateway  | [perf-request-in] ts_in=1777537101.544092 ts_out=1777537101.544722 gw_proc_ms=0.630 traceId=exp-perf5000-002326-fcdf94a8
zt-gateway  | [perf-request-in] ts_in=1777537101.544574 ts_out=1777537101.545191 gw_proc_ms=0.617 traceId=exp-perf5000-002335-ecbfad15
zt-gateway  | [perf-request-in] ts_in=1777537101.544753 ts_out=1777537101.545388 gw_proc_ms=0.635 traceId=exp-perf5000-002328-edfb6f11
zt-gateway  | [perf-request-in] ts_in=1777537101.545222 ts_out=1777537101.545843 gw_proc_ms=0.621 traceId=exp-perf5000-002337-c324445d
zt-gateway  | [perf-request-in] ts_in=1777537101.545423 ts_out=1777537101.546109 gw_proc_ms=0.686 traceId=exp-perf5000-002330-098d31cd
zt-gateway  | [perf-request-in] ts_in=1777537101.545878 ts_out=1777537101.546526 gw_proc_ms=0.648 traceId=exp-perf5000-002339-31674e38
zt-gateway  | [perf-request-in] ts_in=1777537101.546150 ts_out=1777537101.546805 gw_proc_ms=0.655 traceId=exp-perf5000-002332-dc73d4f9
zt-gateway  | [perf-request-in] ts_in=1777537101.546553 ts_out=1777537101.547175 gw_proc_ms=0.622 traceId=exp-perf5000-002341-0010425e
zt-gateway  | [perf-request-in] ts_in=1777537101.546844 ts_out=1777537101.547510 gw_proc_ms=0.666 traceId=exp-perf5000-002334-5dfa25cc
zt-gateway  | [perf-request-in] ts_in=1777537101.547214 ts_out=1777537101.547853 gw_proc_ms=0.639 traceId=exp-perf5000-002342-8d75c816
zt-gateway  | [perf-request-in] ts_in=1777537101.547546 ts_out=1777537101.548159 gw_proc_ms=0.613 traceId=exp-perf5000-002336-41cae737
zt-gateway  | [perf-request-in] ts_in=1777537101.547895 ts_out=1777537101.548479 gw_proc_ms=0.584 traceId=exp-perf5000-002344-35787a4d
zt-gateway  | [perf-request-in] ts_in=1777537101.548193 ts_out=1777537101.548830 gw_proc_ms=0.637 traceId=exp-perf5000-002338-49a469b3
zt-gateway  | [perf-request-in] ts_in=1777537101.548511 ts_out=1777537101.549137 gw_proc_ms=0.626 traceId=exp-perf5000-002347-56cd4f68
zt-gateway  | [perf-request-in] ts_in=1777537101.548865 ts_out=1777537101.549498 gw_proc_ms=0.633 traceId=exp-perf5000-002340-a930f16f
zt-gateway  | [perf-request-in] ts_in=1777537101.549171 ts_out=1777537101.549806 gw_proc_ms=0.635 traceId=exp-perf5000-002348-771b5a86
zt-gateway  | [perf-request-in] ts_in=1777537101.549535 ts_out=1777537101.550218 gw_proc_ms=0.683 traceId=exp-perf5000-002343-9e0fe2e8
zt-gateway  | [perf-request-in] ts_in=1777537101.549839 ts_out=1777537101.550473 gw_proc_ms=0.634 traceId=exp-perf5000-002351-34801dfa
zt-gateway  | [perf-request-in] ts_in=1777537101.550258 ts_out=1777537101.550953 gw_proc_ms=0.695 traceId=exp-perf5000-002345-175f36f3
zt-gateway  | [perf-request-in] ts_in=1777537101.550508 ts_out=1777537101.551159 gw_proc_ms=0.651 traceId=exp-perf5000-002352-3d8d0d12
zt-gateway  | [perf-request-in] ts_in=1777537101.550990 ts_out=1777537101.551609 gw_proc_ms=0.619 traceId=exp-perf5000-002346-90b045d8
zt-gateway  | [perf-request-in] ts_in=1777537101.551192 ts_out=1777537101.551938 gw_proc_ms=0.746 traceId=exp-perf5000-002354-2aa67e32
zt-gateway  | [perf-request-in] ts_in=1777537101.551646 ts_out=1777537101.552337 gw_proc_ms=0.691 traceId=exp-perf5000-002349-241ec5cf
zt-gateway  | [perf-request-in] ts_in=1777537101.551989 ts_out=1777537101.552691 gw_proc_ms=0.702 traceId=exp-perf5000-002357-8ce05594
zt-gateway  | [perf-request-in] ts_in=1777537101.552373 ts_out=1777537101.553093 gw_proc_ms=0.720 traceId=exp-perf5000-002350-3f0aea42
zt-gateway  | [perf-request-in] ts_in=1777537101.552727 ts_out=1777537101.553388 gw_proc_ms=0.661 traceId=exp-perf5000-002358-c645e0e7
zt-gateway  | [perf-request-in] ts_in=1777537101.553125 ts_out=1777537101.553802 gw_proc_ms=0.677 traceId=exp-perf5000-002353-6dc95aca
zt-gateway  | [perf-request-in] ts_in=1777537101.553419 ts_out=1777537101.554103 gw_proc_ms=0.684 traceId=exp-perf5000-002361-aa1de3b6
zt-gateway  | [perf-request-in] ts_in=1777537101.553941 ts_out=1777537101.554637 gw_proc_ms=0.696 traceId=exp-perf5000-002355-4124f9e8
zt-gateway  | [perf-request-in] ts_in=1777537101.554139 ts_out=1777537101.554796 gw_proc_ms=0.657 traceId=exp-perf5000-002362-b5276829
zt-gateway  | [perf-request-in] ts_in=1777537101.554680 ts_out=1777537101.555332 gw_proc_ms=0.652 traceId=exp-perf5000-002356-d92e1683
zt-gateway  | [perf-request-in] ts_in=1777537101.554839 ts_out=1777537101.555491 gw_proc_ms=0.652 traceId=exp-perf5000-002364-3c4addae
zt-gateway  | [perf-request-in] ts_in=1777537101.555369 ts_out=1777537101.556046 gw_proc_ms=0.677 traceId=exp-perf5000-002359-d7014a49
zt-gateway  | [perf-request-in] ts_in=1777537101.555531 ts_out=1777537101.556180 gw_proc_ms=0.649 traceId=exp-perf5000-002366-e8678429
zt-gateway  | [perf-request-in] ts_in=1777537101.556082 ts_out=1777537101.556739 gw_proc_ms=0.657 traceId=exp-perf5000-002360-2f4e2b9a
zt-gateway  | [perf-request-in] ts_in=1777537101.556221 ts_out=1777537101.556872 gw_proc_ms=0.651 traceId=exp-perf5000-002368-93dc858d
zt-gateway  | [perf-request-in] ts_in=1777537101.556778 ts_out=1777537101.557433 gw_proc_ms=0.655 traceId=exp-perf5000-002363-a1c5905c
zt-gateway  | [perf-request-in] ts_in=1777537101.556911 ts_out=1777537101.557566 gw_proc_ms=0.655 traceId=exp-perf5000-002370-ca40c88c
zt-gateway  | [perf-request-in] ts_in=1777537101.557467 ts_out=1777537101.558083 gw_proc_ms=0.616 traceId=exp-perf5000-002365-81452de9
zt-gateway  | [perf-request-in] ts_in=1777537101.557602 ts_out=1777537101.558248 gw_proc_ms=0.646 traceId=exp-perf5000-002372-27c7b48c
zt-gateway  | [perf-request-in] ts_in=1777537101.558117 ts_out=1777537101.558734 gw_proc_ms=0.617 traceId=exp-perf5000-002367-9a14af28
zt-gateway  | [perf-request-in] ts_in=1777537101.558284 ts_out=1777537101.558946 gw_proc_ms=0.662 traceId=exp-perf5000-002374-32b0f2d6
zt-gateway  | [perf-request-in] ts_in=1777537101.558798 ts_out=1777537101.559436 gw_proc_ms=0.638 traceId=exp-perf5000-002369-b30e1319
zt-gateway  | [perf-request-in] ts_in=1777537101.558986 ts_out=1777537101.559632 gw_proc_ms=0.646 traceId=exp-perf5000-002376-dc3f3120
zt-gateway  | [perf-request-in] ts_in=1777537101.559471 ts_out=1777537101.560114 gw_proc_ms=0.643 traceId=exp-perf5000-002371-067151fe
zt-gateway  | [perf-request-in] ts_in=1777537101.559669 ts_out=1777537101.560302 gw_proc_ms=0.633 traceId=exp-perf5000-002378-71c77216
zt-gateway  | [perf-request-in] ts_in=1777537101.560146 ts_out=1777537101.560735 gw_proc_ms=0.589 traceId=exp-perf5000-002373-55792662
zt-gateway  | [perf-request-in] ts_in=1777537101.560340 ts_out=1777537101.560948 gw_proc_ms=0.608 traceId=exp-perf5000-002380-dda1d239
zt-gateway  | [perf-request-in] ts_in=1777537101.560766 ts_out=1777537101.561384 gw_proc_ms=0.618 traceId=exp-perf5000-002375-2501cfdc
zt-gateway  | [perf-request-in] ts_in=1777537101.560984 ts_out=1777537101.561940 gw_proc_ms=0.956 traceId=exp-perf5000-002382-7a97d08a
zt-gateway  | [perf-request-in] ts_in=1777537101.561411 ts_out=1777537101.562025 gw_proc_ms=0.614 traceId=exp-perf5000-002377-8318a489
zt-gateway  | [perf-request-in] ts_in=1777537101.562056 ts_out=1777537101.562645 gw_proc_ms=0.589 traceId=exp-perf5000-002379-19e9a608
zt-gateway  | [perf-request-in] ts_in=1777537101.562021 ts_out=1777537101.562654 gw_proc_ms=0.633 traceId=exp-perf5000-002384-7e37a51f
zt-gateway  | [perf-request-in] ts_in=1777537101.562675 ts_out=1777537101.563275 gw_proc_ms=0.600 traceId=exp-perf5000-002381-f4a65829
zt-gateway  | [perf-request-in] ts_in=1777537101.562689 ts_out=1777537101.563318 gw_proc_ms=0.629 traceId=exp-perf5000-002387-bb4c57d7
zt-gateway  | [perf-request-in] ts_in=1777537101.563306 ts_out=1777537101.563904 gw_proc_ms=0.598 traceId=exp-perf5000-002383-c99d3daa
zt-gateway  | [perf-request-in] ts_in=1777537101.563351 ts_out=1777537101.563969 gw_proc_ms=0.618 traceId=exp-perf5000-002386-9fc15273
zt-gateway  | [perf-request-in] ts_in=1777537101.563962 ts_out=1777537101.564588 gw_proc_ms=0.626 traceId=exp-perf5000-002385-5add1730
zt-gateway  | [perf-request-in] ts_in=1777537101.564002 ts_out=1777537101.564599 gw_proc_ms=0.597 traceId=exp-perf5000-002390-70734fb5
zt-gateway  | [perf-request-in] ts_in=1777537101.564635 ts_out=1777537101.565265 gw_proc_ms=0.630 traceId=exp-perf5000-002392-d40bdb30
zt-gateway  | [perf-request-in] ts_in=1777537101.564629 ts_out=1777537101.565265 gw_proc_ms=0.636 traceId=exp-perf5000-002388-85cfa19f
zt-gateway  | [perf-request-in] ts_in=1777537101.565304 ts_out=1777537101.565915 gw_proc_ms=0.611 traceId=exp-perf5000-002394-79622e2e
zt-gateway  | [perf-request-in] ts_in=1777537101.565304 ts_out=1777537101.565924 gw_proc_ms=0.620 traceId=exp-perf5000-002389-da8f3e62
zt-gateway  | [perf-request-in] ts_in=1777537101.565947 ts_out=1777537101.566533 gw_proc_ms=0.586 traceId=exp-perf5000-002396-7f949260
zt-gateway  | [perf-request-in] ts_in=1777537101.565954 ts_out=1777537101.566539 gw_proc_ms=0.585 traceId=exp-perf5000-002391-6ed84d5d
zt-gateway  | [perf-request-in] ts_in=1777537101.566569 ts_out=1777537101.567155 gw_proc_ms=0.586 traceId=exp-perf5000-002393-3639ae90
zt-gateway  | [perf-request-in] ts_in=1777537101.566567 ts_out=1777537101.567173 gw_proc_ms=0.606 traceId=exp-perf5000-002397-cbfa45e6
zt-gateway  | [perf-request-in] ts_in=1777537101.567186 ts_out=1777537101.567776 gw_proc_ms=0.590 traceId=exp-perf5000-002395-304b73c4
zt-gateway  | [perf-request-in] ts_in=1777537101.567202 ts_out=1777537101.567809 gw_proc_ms=0.607 traceId=exp-perf5000-002400-6456ada4
zt-gateway  | [perf-request-in] ts_in=1777537101.567811 ts_out=1777537101.568421 gw_proc_ms=0.610 traceId=exp-perf5000-002398-bb862e40
zt-gateway  | [perf-request-in] ts_in=1777537101.567836 ts_out=1777537101.568472 gw_proc_ms=0.636 traceId=exp-perf5000-002402-c2b7daa4
zt-gateway  | [perf-request-in] ts_in=1777537101.568451 ts_out=1777537101.569085 gw_proc_ms=0.634 traceId=exp-perf5000-002399-38652ec0
zt-gateway  | [perf-request-in] ts_in=1777537101.568505 ts_out=1777537101.569149 gw_proc_ms=0.644 traceId=exp-perf5000-002404-b5761d65
zt-gateway  | [perf-request-in] ts_in=1777537101.569112 ts_out=1777537101.569699 gw_proc_ms=0.587 traceId=exp-perf5000-002401-8f2dfc59
zt-gateway  | [perf-request-in] ts_in=1777537101.569187 ts_out=1777537101.569771 gw_proc_ms=0.584 traceId=exp-perf5000-002406-463e004b
zt-gateway  | [perf-request-in] ts_in=1777537101.569736 ts_out=1777537101.570338 gw_proc_ms=0.602 traceId=exp-perf5000-002403-0ec8370a
zt-gateway  | [perf-request-in] ts_in=1777537101.569818 ts_out=1777537101.570397 gw_proc_ms=0.579 traceId=exp-perf5000-002407-9561e59a
zt-gateway  | [perf-request-in] ts_in=1777537101.570369 ts_out=1777537101.570968 gw_proc_ms=0.599 traceId=exp-perf5000-002405-5b73becc
zt-gateway  | [perf-request-in] ts_in=1777537101.570424 ts_out=1777537101.571070 gw_proc_ms=0.646 traceId=exp-perf5000-002408-893e5079
zt-gateway  | [perf-request-in] ts_in=1777537101.571007 ts_out=1777537101.571599 gw_proc_ms=0.592 traceId=exp-perf5000-002413-114eb23a
zt-gateway  | [perf-request-in] ts_in=1777537101.571129 ts_out=1777537101.571738 gw_proc_ms=0.609 traceId=exp-perf5000-002409-b22f48e0
zt-gateway  | [perf-request-in] ts_in=1777537101.571634 ts_out=1777537101.572255 gw_proc_ms=0.621 traceId=exp-perf5000-002414-da3648ac
zt-gateway  | [perf-request-in] ts_in=1777537101.571777 ts_out=1777537101.572440 gw_proc_ms=0.663 traceId=exp-perf5000-002410-12b9457b
zt-gateway  | [perf-request-in] ts_in=1777537101.572286 ts_out=1777537101.572903 gw_proc_ms=0.617 traceId=exp-perf5000-002415-23bc83a1
zt-gateway  | [perf-request-in] ts_in=1777537101.572478 ts_out=1777537101.573084 gw_proc_ms=0.606 traceId=exp-perf5000-002411-a3f8696e
zt-gateway  | [perf-request-in] ts_in=1777537101.572932 ts_out=1777537101.573530 gw_proc_ms=0.598 traceId=exp-perf5000-002416-9e776eca
zt-gateway  | [perf-request-in] ts_in=1777537101.573120 ts_out=1777537101.573712 gw_proc_ms=0.592 traceId=exp-perf5000-002412-afa1c0dc
zt-gateway  | [perf-request-in] ts_in=1777537101.573563 ts_out=1777537101.574165 gw_proc_ms=0.602 traceId=exp-perf5000-002417-82270f2f
zt-gateway  | [perf-request-in] ts_in=1777537101.573748 ts_out=1777537101.574367 gw_proc_ms=0.619 traceId=exp-perf5000-002419-82392ea2
zt-gateway  | [perf-request-in] ts_in=1777537101.574195 ts_out=1777537101.574914 gw_proc_ms=0.719 traceId=exp-perf5000-002418-17bcc68d
zt-gateway  | [perf-request-in] ts_in=1777537101.574401 ts_out=1777537101.575042 gw_proc_ms=0.641 traceId=exp-perf5000-002421-7f78a56e
zt-gateway  | [perf-request-in] ts_in=1777537101.574943 ts_out=1777537101.575715 gw_proc_ms=0.772 traceId=exp-perf5000-002420-46afae44
zt-gateway  | [perf-request-in] ts_in=1777537101.575077 ts_out=1777537101.575903 gw_proc_ms=0.826 traceId=exp-perf5000-002423-cd89020c
zt-gateway  | [perf-request-in] ts_in=1777537101.575758 ts_out=1777537101.576463 gw_proc_ms=0.705 traceId=exp-perf5000-002422-f278f4ef
zt-gateway  | [perf-request-in] ts_in=1777537101.575929 ts_out=1777537101.576574 gw_proc_ms=0.645 traceId=exp-perf5000-002424-be6de137
zt-gateway  | [perf-request-in] ts_in=1777537101.576495 ts_out=1777537101.577197 gw_proc_ms=0.702 traceId=exp-perf5000-002426-e5589534
zt-gateway  | [perf-request-in] ts_in=1777537101.576603 ts_out=1777537101.577260 gw_proc_ms=0.657 traceId=exp-perf5000-002425-ba7c80fc
zt-gateway  | [perf-request-in] ts_in=1777537101.577232 ts_out=1777537101.577883 gw_proc_ms=0.651 traceId=exp-perf5000-002428-1ce39d30
zt-gateway  | [perf-request-in] ts_in=1777537101.577293 ts_out=1777537101.577914 gw_proc_ms=0.621 traceId=exp-perf5000-002427-a15fffc2
zt-gateway  | [perf-request-in] ts_in=1777537101.577943 ts_out=1777537101.578617 gw_proc_ms=0.674 traceId=exp-perf5000-002429-77bd9848
zt-gateway  | [perf-request-in] ts_in=1777537101.577961 ts_out=1777537101.578637 gw_proc_ms=0.676 traceId=exp-perf5000-002430-ae5ae525
zt-gateway  | [perf-request-in] ts_in=1777537101.578644 ts_out=1777537101.579320 gw_proc_ms=0.676 traceId=exp-perf5000-002431-ca07dc40
zt-gateway  | [perf-request-in] ts_in=1777537101.578663 ts_out=1777537101.579329 gw_proc_ms=0.666 traceId=exp-perf5000-002432-cfa28f28
zt-gateway  | [perf-request-in] ts_in=1777537101.579365 ts_out=1777537101.579997 gw_proc_ms=0.632 traceId=exp-perf5000-002433-91efb501
zt-gateway  | [perf-request-in] ts_in=1777537101.579366 ts_out=1777537101.579997 gw_proc_ms=0.631 traceId=exp-perf5000-002434-d1f52c94
zt-gateway  | [perf-request-in] ts_in=1777537101.580029 ts_out=1777537101.580673 gw_proc_ms=0.644 traceId=exp-perf5000-002435-d6fb5372
zt-gateway  | [perf-request-in] ts_in=1777537101.580031 ts_out=1777537101.580793 gw_proc_ms=0.762 traceId=exp-perf5000-002436-a9909882
zt-gateway  | [perf-request-in] ts_in=1777537101.580712 ts_out=1777537101.581342 gw_proc_ms=0.630 traceId=exp-perf5000-002437-4db0e114
zt-gateway  | [perf-request-in] ts_in=1777537101.580839 ts_out=1777537101.581457 gw_proc_ms=0.618 traceId=exp-perf5000-002438-8e3daace
zt-gateway  | [perf-request-in] ts_in=1777537101.581369 ts_out=1777537101.582044 gw_proc_ms=0.675 traceId=exp-perf5000-002439-e460ebf5
zt-gateway  | [perf-request-in] ts_in=1777537101.581516 ts_out=1777537101.582211 gw_proc_ms=0.695 traceId=exp-perf5000-002440-47fdbed3
zt-gateway  | [perf-request-in] ts_in=1777537101.582077 ts_out=1777537101.582719 gw_proc_ms=0.642 traceId=exp-perf5000-002441-bf7883ae
zt-gateway  | [perf-request-in] ts_in=1777537101.582252 ts_out=1777537101.583035 gw_proc_ms=0.783 traceId=exp-perf5000-002442-eef96e65
zt-gateway  | [perf-request-in] ts_in=1777537101.582767 ts_out=1777537101.583484 gw_proc_ms=0.717 traceId=exp-perf5000-002443-9f028cde
zt-gateway  | [perf-request-in] ts_in=1777537101.583080 ts_out=1777537101.583795 gw_proc_ms=0.715 traceId=exp-perf5000-002444-db022f62
zt-gateway  | [perf-request-in] ts_in=1777537101.583515 ts_out=1777537101.584225 gw_proc_ms=0.710 traceId=exp-perf5000-002445-30bde6f8
zt-gateway  | [perf-request-in] ts_in=1777537101.583841 ts_out=1777537101.584542 gw_proc_ms=0.701 traceId=exp-perf5000-002446-a0f5f6da
zt-gateway  | [perf-request-in] ts_in=1777537101.584258 ts_out=1777537101.584871 gw_proc_ms=0.613 traceId=exp-perf5000-002447-b83f8576
zt-gateway  | [perf-request-in] ts_in=1777537101.584576 ts_out=1777537101.585230 gw_proc_ms=0.654 traceId=exp-perf5000-002448-f9b97077
zt-gateway  | [perf-request-in] ts_in=1777537101.584898 ts_out=1777537101.585566 gw_proc_ms=0.668 traceId=exp-perf5000-002449-af81f2c3
zt-gateway  | [perf-request-in] ts_in=1777537101.585271 ts_out=1777537101.585965 gw_proc_ms=0.694 traceId=exp-perf5000-002450-70862da3
zt-gateway  | [perf-request-in] ts_in=1777537101.585598 ts_out=1777537101.586238 gw_proc_ms=0.640 traceId=exp-perf5000-002451-7a37d5af
zt-gateway  | [perf-request-in] ts_in=1777537101.586007 ts_out=1777537101.586652 gw_proc_ms=0.645 traceId=exp-perf5000-002452-2f99da2b
zt-gateway  | [perf-request-in] ts_in=1777537101.586273 ts_out=1777537101.586957 gw_proc_ms=0.684 traceId=exp-perf5000-002453-ad92d74f
zt-gateway  | [perf-request-in] ts_in=1777537101.586687 ts_out=1777537101.587346 gw_proc_ms=0.659 traceId=exp-perf5000-002454-9e86212f
zt-gateway  | [perf-request-in] ts_in=1777537101.586993 ts_out=1777537101.587620 gw_proc_ms=0.627 traceId=exp-perf5000-002455-958d3eea
zt-gateway  | [perf-request-in] ts_in=1777537101.587384 ts_out=1777537101.588050 gw_proc_ms=0.666 traceId=exp-perf5000-002456-ec484314
zt-gateway  | [perf-request-in] ts_in=1777537101.587669 ts_out=1777537101.588292 gw_proc_ms=0.623 traceId=exp-perf5000-002457-1f10db5d
zt-gateway  | [perf-request-in] ts_in=1777537101.588086 ts_out=1777537101.588719 gw_proc_ms=0.633 traceId=exp-perf5000-002458-0dc3847e
zt-gateway  | [perf-request-in] ts_in=1777537101.588327 ts_out=1777537101.588948 gw_proc_ms=0.621 traceId=exp-perf5000-002459-1b80ca98
zt-gateway  | [perf-request-in] ts_in=1777537101.588757 ts_out=1777537101.589393 gw_proc_ms=0.636 traceId=exp-perf5000-002460-47830cca
zt-gateway  | [perf-request-in] ts_in=1777537101.588981 ts_out=1777537101.589574 gw_proc_ms=0.593 traceId=exp-perf5000-002461-74e139b7
zt-gateway  | [perf-request-in] ts_in=1777537101.589430 ts_out=1777537101.590193 gw_proc_ms=0.763 traceId=exp-perf5000-002462-074c86bd
zt-gateway  | [perf-request-in] ts_in=1777537101.589608 ts_out=1777537101.590200 gw_proc_ms=0.592 traceId=exp-perf5000-002463-81ab1cc5
zt-gateway  | [perf-request-in] ts_in=1777537101.590231 ts_out=1777537101.590858 gw_proc_ms=0.627 traceId=exp-perf5000-002465-9f5bf360
zt-gateway  | [perf-request-in] ts_in=1777537101.590230 ts_out=1777537101.590898 gw_proc_ms=0.668 traceId=exp-perf5000-002464-81666648
zt-gateway  | [perf-request-in] ts_in=1777537101.590894 ts_out=1777537101.591464 gw_proc_ms=0.570 traceId=exp-perf5000-002467-bd473393
zt-gateway  | [perf-request-in] ts_in=1777537101.590931 ts_out=1777537101.591552 gw_proc_ms=0.621 traceId=exp-perf5000-002466-83ab3fa9
zt-gateway  | [perf-request-in] ts_in=1777537101.591493 ts_out=1777537101.592091 gw_proc_ms=0.598 traceId=exp-perf5000-002469-646b4c61
zt-gateway  | [perf-request-in] ts_in=1777537101.591584 ts_out=1777537101.592208 gw_proc_ms=0.624 traceId=exp-perf5000-002468-98a01ee0
zt-gateway  | [perf-request-in] ts_in=1777537101.592120 ts_out=1777537101.592694 gw_proc_ms=0.574 traceId=exp-perf5000-002471-98e317a9
zt-gateway  | [perf-request-in] ts_in=1777537101.592240 ts_out=1777537101.592877 gw_proc_ms=0.637 traceId=exp-perf5000-002470-9dd32436
zt-gateway  | [perf-request-in] ts_in=1777537101.592725 ts_out=1777537101.593392 gw_proc_ms=0.667 traceId=exp-perf5000-002473-3ac2ca24
zt-gateway  | [perf-request-in] ts_in=1777537101.592910 ts_out=1777537101.593607 gw_proc_ms=0.697 traceId=exp-perf5000-002472-2aae1acf
zt-gateway  | [perf-request-in] ts_in=1777537101.593423 ts_out=1777537101.594075 gw_proc_ms=0.652 traceId=exp-perf5000-002475-e347971f
zt-gateway  | [perf-request-in] ts_in=1777537101.593638 ts_out=1777537101.594328 gw_proc_ms=0.690 traceId=exp-perf5000-002474-0a155c79
zt-gateway  | [perf-request-in] ts_in=1777537101.594112 ts_out=1777537101.594741 gw_proc_ms=0.629 traceId=exp-perf5000-002477-b5c89c8b
zt-gateway  | [perf-request-in] ts_in=1777537101.594370 ts_out=1777537101.595004 gw_proc_ms=0.634 traceId=exp-perf5000-002476-a418ce9d
zt-gateway  | [perf-request-in] ts_in=1777537101.594787 ts_out=1777537101.595420 gw_proc_ms=0.633 traceId=exp-perf5000-002479-290d99e7
zt-gateway  | [perf-request-in] ts_in=1777537101.595042 ts_out=1777537101.595701 gw_proc_ms=0.659 traceId=exp-perf5000-002478-09a41368
zt-gateway  | [perf-request-in] ts_in=1777537101.595452 ts_out=1777537101.596112 gw_proc_ms=0.660 traceId=exp-perf5000-002482-2c089f10
zt-gateway  | [perf-request-in] ts_in=1777537101.595741 ts_out=1777537101.596382 gw_proc_ms=0.641 traceId=exp-perf5000-002480-8f49e5f4
zt-gateway  | [perf-request-in] ts_in=1777537101.596151 ts_out=1777537101.596764 gw_proc_ms=0.613 traceId=exp-perf5000-002483-56d670df
zt-gateway  | [perf-request-in] ts_in=1777537101.596416 ts_out=1777537101.597090 gw_proc_ms=0.674 traceId=exp-perf5000-002481-4cb03a3e
zt-gateway  | [perf-request-in] ts_in=1777537101.596815 ts_out=1777537101.597447 gw_proc_ms=0.632 traceId=exp-perf5000-002485-c5bb2e28
zt-gateway  | [perf-request-in] ts_in=1777537101.597129 ts_out=1777537101.597772 gw_proc_ms=0.643 traceId=exp-perf5000-002484-b6b11f14
zt-gateway  | [perf-request-in] ts_in=1777537101.597484 ts_out=1777537101.598108 gw_proc_ms=0.624 traceId=exp-perf5000-002488-ac6269ef
zt-gateway  | [perf-request-in] ts_in=1777537101.597824 ts_out=1777537101.598469 gw_proc_ms=0.645 traceId=exp-perf5000-002486-3a889590
zt-gateway  | [perf-request-in] ts_in=1777537101.598146 ts_out=1777537101.598904 gw_proc_ms=0.758 traceId=exp-perf5000-002490-2392df64
zt-gateway  | [perf-request-in] ts_in=1777537101.598513 ts_out=1777537101.599156 gw_proc_ms=0.643 traceId=exp-perf5000-002487-6bac01cc
zt-gateway  | [perf-request-in] ts_in=1777537101.598960 ts_out=1777537101.599632 gw_proc_ms=0.672 traceId=exp-perf5000-002491-4df9c5d2
zt-gateway  | [perf-request-in] ts_in=1777537101.599196 ts_out=1777537101.599864 gw_proc_ms=0.668 traceId=exp-perf5000-002489-c9350ec3
zt-gateway  | [perf-request-in] ts_in=1777537101.599681 ts_out=1777537101.600362 gw_proc_ms=0.681 traceId=exp-perf5000-002494-7c191fa4
zt-gateway  | [perf-request-in] ts_in=1777537101.599904 ts_out=1777537101.600614 gw_proc_ms=0.710 traceId=exp-perf5000-002492-9ee29995
zt-gateway  | [perf-request-in] ts_in=1777537101.600406 ts_out=1777537101.601086 gw_proc_ms=0.680 traceId=exp-perf5000-002496-6ce912d9
zt-gateway  | [perf-request-in] ts_in=1777537101.600654 ts_out=1777537101.601317 gw_proc_ms=0.663 traceId=exp-perf5000-002493-68f0c1fc
zt-gateway  | [perf-request-in] ts_in=1777537101.601131 ts_out=1777537101.601776 gw_proc_ms=0.645 traceId=exp-perf5000-002498-8de4b053
zt-gateway  | [perf-request-in] ts_in=1777537101.601356 ts_out=1777537101.602001 gw_proc_ms=0.645 traceId=exp-perf5000-002495-9ea98bc9
zt-gateway  | [perf-request-in] ts_in=1777537101.601828 ts_out=1777537101.602484 gw_proc_ms=0.656 traceId=exp-perf5000-002499-328d7a4c
zt-gateway  | [perf-request-in] ts_in=1777537101.602030 ts_out=1777537101.602664 gw_proc_ms=0.634 traceId=exp-perf5000-002497-ad98dfd0
zt-gateway  | [perf-request-in] ts_in=1777537101.602520 ts_out=1777537101.603172 gw_proc_ms=0.652 traceId=exp-perf5000-002501-eef81f53
zt-gateway  | [perf-request-in] ts_in=1777537101.602699 ts_out=1777537101.603336 gw_proc_ms=0.637 traceId=exp-perf5000-002500-fd5f1153
zt-gateway  | [perf-request-in] ts_in=1777537101.603210 ts_out=1777537101.603869 gw_proc_ms=0.659 traceId=exp-perf5000-002504-43692050
zt-gateway  | [perf-request-in] ts_in=1777537101.603372 ts_out=1777537101.603993 gw_proc_ms=0.621 traceId=exp-perf5000-002502-c1a38da7
zt-gateway  | [perf-request-in] ts_in=1777537101.603910 ts_out=1777537101.604549 gw_proc_ms=0.639 traceId=exp-perf5000-002506-c5f733ed
zt-gateway  | [perf-request-in] ts_in=1777537101.604026 ts_out=1777537101.604654 gw_proc_ms=0.628 traceId=exp-perf5000-002503-531ad0f2
zt-gateway  | [perf-request-in] ts_in=1777537101.604587 ts_out=1777537101.605252 gw_proc_ms=0.665 traceId=exp-perf5000-002507-b971059e
zt-gateway  | [perf-request-in] ts_in=1777537101.604691 ts_out=1777537101.605335 gw_proc_ms=0.644 traceId=exp-perf5000-002505-03e60c88
zt-gateway  | [perf-request-in] ts_in=1777537101.605294 ts_out=1777537101.605954 gw_proc_ms=0.660 traceId=exp-perf5000-002510-da2b661a
zt-gateway  | [perf-request-in] ts_in=1777537101.605438 ts_out=1777537101.606112 gw_proc_ms=0.674 traceId=exp-perf5000-002508-f6a90f01
zt-gateway  | [perf-request-in] ts_in=1777537101.605997 ts_out=1777537101.606658 gw_proc_ms=0.661 traceId=exp-perf5000-002512-e1d13ab6
zt-gateway  | [perf-request-in] ts_in=1777537101.606158 ts_out=1777537101.606812 gw_proc_ms=0.654 traceId=exp-perf5000-002509-cb368e59
zt-gateway  | [perf-request-in] ts_in=1777537101.606701 ts_out=1777537101.607341 gw_proc_ms=0.640 traceId=exp-perf5000-002514-3820d221
zt-gateway  | [perf-request-in] ts_in=1777537101.606844 ts_out=1777537101.607497 gw_proc_ms=0.653 traceId=exp-perf5000-002511-6362ce37
zt-gateway  | [perf-request-in] ts_in=1777537101.607377 ts_out=1777537101.608058 gw_proc_ms=0.681 traceId=exp-perf5000-002516-c682c8d7
zt-gateway  | [perf-request-in] ts_in=1777537101.607546 ts_out=1777537101.608343 gw_proc_ms=0.797 traceId=exp-perf5000-002513-cca95fbb
zt-gateway  | [perf-request-in] ts_in=1777537101.608105 ts_out=1777537101.608720 gw_proc_ms=0.615 traceId=exp-perf5000-002518-fb265a55
zt-gateway  | [perf-request-in] ts_in=1777537101.608385 ts_out=1777537101.609040 gw_proc_ms=0.655 traceId=exp-perf5000-002515-4952d42a
zt-gateway  | [perf-request-in] ts_in=1777537101.608753 ts_out=1777537101.609386 gw_proc_ms=0.633 traceId=exp-perf5000-002519-8959f40a
zt-gateway  | [perf-request-in] ts_in=1777537101.609072 ts_out=1777537101.609677 gw_proc_ms=0.605 traceId=exp-perf5000-002517-e300f7fe
zt-gateway  | [perf-request-in] ts_in=1777537101.609419 ts_out=1777537101.610034 gw_proc_ms=0.615 traceId=exp-perf5000-002522-c470a739
zt-gateway  | [perf-request-in] ts_in=1777537101.609709 ts_out=1777537101.610348 gw_proc_ms=0.639 traceId=exp-perf5000-002520-dd204e32
zt-gateway  | [perf-request-in] ts_in=1777537101.610068 ts_out=1777537101.610699 gw_proc_ms=0.631 traceId=exp-perf5000-002524-830e0d72
zt-gateway  | [perf-request-in] ts_in=1777537101.610387 ts_out=1777537101.611033 gw_proc_ms=0.646 traceId=exp-perf5000-002521-9b04a9d7
zt-gateway  | [perf-request-in] ts_in=1777537101.610737 ts_out=1777537101.611370 gw_proc_ms=0.633 traceId=exp-perf5000-002526-1dec1ce5
zt-gateway  | [perf-request-in] ts_in=1777537101.611063 ts_out=1777537101.611710 gw_proc_ms=0.647 traceId=exp-perf5000-002523-8a748761
zt-gateway  | [perf-request-in] ts_in=1777537101.611409 ts_out=1777537101.612045 gw_proc_ms=0.636 traceId=exp-perf5000-002527-764e388b
zt-gateway  | [perf-request-in] ts_in=1777537101.611744 ts_out=1777537101.612393 gw_proc_ms=0.649 traceId=exp-perf5000-002525-5652517c
zt-gateway  | [perf-request-in] ts_in=1777537101.612078 ts_out=1777537101.612665 gw_proc_ms=0.587 traceId=exp-perf5000-002529-2fac6f98
zt-gateway  | [perf-request-in] ts_in=1777537101.612429 ts_out=1777537101.613086 gw_proc_ms=0.657 traceId=exp-perf5000-002528-ff06155e
zt-gateway  | [perf-request-in] ts_in=1777537101.612700 ts_out=1777537101.613303 gw_proc_ms=0.603 traceId=exp-perf5000-002531-9f92883d
zt-gateway  | [perf-request-in] ts_in=1777537101.613118 ts_out=1777537101.613735 gw_proc_ms=0.617 traceId=exp-perf5000-002530-74a9466f
zt-gateway  | [perf-request-in] ts_in=1777537101.613341 ts_out=1777537101.613951 gw_proc_ms=0.610 traceId=exp-perf5000-002534-64f8c9d3
zt-gateway  | [perf-request-in] ts_in=1777537101.613768 ts_out=1777537101.614426 gw_proc_ms=0.658 traceId=exp-perf5000-002532-03b030e3
zt-gateway  | [perf-request-in] ts_in=1777537101.613982 ts_out=1777537101.614599 gw_proc_ms=0.617 traceId=exp-perf5000-002535-b6f9b3a9
zt-gateway  | [perf-request-in] ts_in=1777537101.614463 ts_out=1777537101.615111 gw_proc_ms=0.648 traceId=exp-perf5000-002533-e685dd3c
zt-gateway  | [perf-request-in] ts_in=1777537101.614627 ts_out=1777537101.615263 gw_proc_ms=0.636 traceId=exp-perf5000-002538-3b869c78
zt-gateway  | [perf-request-in] ts_in=1777537101.615150 ts_out=1777537101.615751 gw_proc_ms=0.601 traceId=exp-perf5000-002536-58e2895b
zt-gateway  | [perf-request-in] ts_in=1777537101.615298 ts_out=1777537101.615890 gw_proc_ms=0.592 traceId=exp-perf5000-002539-8650c4f6
zt-gateway  | [perf-request-in] ts_in=1777537101.615798 ts_out=1777537101.616430 gw_proc_ms=0.632 traceId=exp-perf5000-002537-d575e5be
zt-gateway  | [perf-request-in] ts_in=1777537101.615918 ts_out=1777537101.616538 gw_proc_ms=0.620 traceId=exp-perf5000-002541-b5a50e4f
zt-gateway  | [perf-request-in] ts_in=1777537101.616574 ts_out=1777537101.617204 gw_proc_ms=0.630 traceId=exp-perf5000-002543-ccf77aee
zt-gateway  | [perf-request-in] ts_in=1777537101.616500 ts_out=1777537101.617344 gw_proc_ms=0.844 traceId=exp-perf5000-002540-52c60f8c
zt-gateway  | [perf-request-in] ts_in=1777537101.617234 ts_out=1777537101.618107 gw_proc_ms=0.873 traceId=exp-perf5000-002545-74f0d491
zt-gateway  | [perf-request-in] ts_in=1777537101.617415 ts_out=1777537101.618290 gw_proc_ms=0.875 traceId=exp-perf5000-002542-3d6159f8
zt-gateway  | [perf-request-in] ts_in=1777537101.618156 ts_out=1777537101.618820 gw_proc_ms=0.664 traceId=exp-perf5000-002547-ac5eb81e
zt-gateway  | [perf-request-in] ts_in=1777537101.618345 ts_out=1777537101.619083 gw_proc_ms=0.738 traceId=exp-perf5000-002544-42f78cf7
zt-gateway  | [perf-request-in] ts_in=1777537101.618858 ts_out=1777537101.619479 gw_proc_ms=0.621 traceId=exp-perf5000-002549-d041607a
zt-gateway  | [perf-request-in] ts_in=1777537101.619126 ts_out=1777537101.619803 gw_proc_ms=0.677 traceId=exp-perf5000-002546-82949330
zt-gateway  | [perf-request-in] ts_in=1777537101.619519 ts_out=1777537101.620166 gw_proc_ms=0.647 traceId=exp-perf5000-002551-c9aaa668
zt-gateway  | [perf-request-in] ts_in=1777537101.619829 ts_out=1777537101.620568 gw_proc_ms=0.739 traceId=exp-perf5000-002548-860f6593
zt-gateway  | [perf-request-in] ts_in=1777537101.620202 ts_out=1777537101.621005 gw_proc_ms=0.803 traceId=exp-perf5000-002553-3aa9ea5c
zt-gateway  | [perf-request-in] ts_in=1777537101.620615 ts_out=1777537101.621502 gw_proc_ms=0.887 traceId=exp-perf5000-002550-e8e3b4f9
zt-gateway  | [perf-request-in] ts_in=1777537101.621041 ts_out=1777537101.621707 gw_proc_ms=0.666 traceId=exp-perf5000-002555-a142e53e
zt-gateway  | [perf-request-in] ts_in=1777537101.621542 ts_out=1777537101.622195 gw_proc_ms=0.653 traceId=exp-perf5000-002552-f386cc7a
zt-gateway  | [perf-request-in] ts_in=1777537101.621735 ts_out=1777537101.622340 gw_proc_ms=0.605 traceId=exp-perf5000-002557-8c56c5b4
zt-gateway  | [perf-request-in] ts_in=1777537101.622233 ts_out=1777537101.622867 gw_proc_ms=0.634 traceId=exp-perf5000-002554-1dfb89ab
zt-gateway  | [perf-request-in] ts_in=1777537101.622378 ts_out=1777537101.622961 gw_proc_ms=0.583 traceId=exp-perf5000-002559-8138c759
zt-gateway  | [perf-request-in] ts_in=1777537101.622908 ts_out=1777537101.623495 gw_proc_ms=0.587 traceId=exp-perf5000-002556-8a82d987
zt-gateway  | [perf-request-in] ts_in=1777537101.622992 ts_out=1777537101.623556 gw_proc_ms=0.564 traceId=exp-perf5000-002561-a0f4d6e9
zt-gateway  | [perf-request-in] ts_in=1777537101.623534 ts_out=1777537101.624130 gw_proc_ms=0.596 traceId=exp-perf5000-002558-9118425d
zt-gateway  | [perf-request-in] ts_in=1777537101.623594 ts_out=1777537101.624173 gw_proc_ms=0.579 traceId=exp-perf5000-002563-d04f118c
zt-gateway  | [perf-request-in] ts_in=1777537101.624168 ts_out=1777537101.624760 gw_proc_ms=0.592 traceId=exp-perf5000-002560-17cfa690
zt-gateway  | [perf-request-in] ts_in=1777537101.624206 ts_out=1777537101.624806 gw_proc_ms=0.600 traceId=exp-perf5000-002564-dde6fafa
zt-gateway  | [perf-request-in] ts_in=1777537101.624807 ts_out=1777537101.625466 gw_proc_ms=0.659 traceId=exp-perf5000-002562-ddcf6a2e
zt-gateway  | [perf-request-in] ts_in=1777537101.624832 ts_out=1777537101.625466 gw_proc_ms=0.634 traceId=exp-perf5000-002566-0035b5bd
zt-gateway  | [perf-request-in] ts_in=1777537101.625500 ts_out=1777537101.626115 gw_proc_ms=0.615 traceId=exp-perf5000-002568-be84094b
zt-gateway  | [perf-request-in] ts_in=1777537101.625503 ts_out=1777537101.626116 gw_proc_ms=0.613 traceId=exp-perf5000-002565-d302946d
zt-gateway  | [perf-request-in] ts_in=1777537101.626151 ts_out=1777537101.626740 gw_proc_ms=0.589 traceId=exp-perf5000-002570-e3efb890
zt-gateway  | [perf-request-in] ts_in=1777537101.626156 ts_out=1777537101.626758 gw_proc_ms=0.602 traceId=exp-perf5000-002567-c15a70e1
zt-gateway  | [perf-request-in] ts_in=1777537101.626774 ts_out=1777537101.627373 gw_proc_ms=0.599 traceId=exp-perf5000-002572-baecfc04
zt-gateway  | [perf-request-in] ts_in=1777537101.626804 ts_out=1777537101.627414 gw_proc_ms=0.610 traceId=exp-perf5000-002569-3e367e42
zt-gateway  | [perf-request-in] ts_in=1777537101.627403 ts_out=1777537101.628017 gw_proc_ms=0.614 traceId=exp-perf5000-002574-27a066d7
zt-gateway  | [perf-request-in] ts_in=1777537101.627453 ts_out=1777537101.628076 gw_proc_ms=0.623 traceId=exp-perf5000-002571-b6b6eea9
zt-gateway  | [perf-request-in] ts_in=1777537101.628053 ts_out=1777537101.628640 gw_proc_ms=0.587 traceId=exp-perf5000-002576-73cb4773
zt-gateway  | [perf-request-in] ts_in=1777537101.628108 ts_out=1777537101.628674 gw_proc_ms=0.566 traceId=exp-perf5000-002573-d5831a43
zt-gateway  | [perf-request-in] ts_in=1777537101.628670 ts_out=1777537101.629281 gw_proc_ms=0.611 traceId=exp-perf5000-002578-6da250d0
zt-gateway  | [perf-request-in] ts_in=1777537101.628705 ts_out=1777537101.629359 gw_proc_ms=0.654 traceId=exp-perf5000-002575-197b2bf2
zt-gateway  | [perf-request-in] ts_in=1777537101.629319 ts_out=1777537101.629914 gw_proc_ms=0.595 traceId=exp-perf5000-002580-17d3e105
zt-gateway  | [perf-request-in] ts_in=1777537101.629401 ts_out=1777537101.630051 gw_proc_ms=0.650 traceId=exp-perf5000-002577-8442ef9b
zt-gateway  | [perf-request-in] ts_in=1777537101.629951 ts_out=1777537101.630552 gw_proc_ms=0.601 traceId=exp-perf5000-002582-5a579808
zt-gateway  | [perf-request-in] ts_in=1777537101.630093 ts_out=1777537101.630693 gw_proc_ms=0.600 traceId=exp-perf5000-002579-ad6ab519
zt-gateway  | [perf-request-in] ts_in=1777537101.630588 ts_out=1777537101.631194 gw_proc_ms=0.606 traceId=exp-perf5000-002584-e01f9e03
zt-gateway  | [perf-request-in] ts_in=1777537101.630736 ts_out=1777537101.631358 gw_proc_ms=0.622 traceId=exp-perf5000-002581-da66b848
zt-gateway  | [perf-request-in] ts_in=1777537101.631399 ts_out=1777537101.632048 gw_proc_ms=0.649 traceId=exp-perf5000-002583-b156159a
zt-gateway  | [perf-request-in] ts_in=1777537101.631231 ts_out=1777537101.632103 gw_proc_ms=0.872 traceId=exp-perf5000-002586-ba6d95e9
zt-gateway  | [perf-request-in] ts_in=1777537101.632093 ts_out=1777537101.632714 gw_proc_ms=0.621 traceId=exp-perf5000-002585-815ed417
zt-gateway  | [perf-request-in] ts_in=1777537101.632140 ts_out=1777537101.632727 gw_proc_ms=0.587 traceId=exp-perf5000-002588-22b61617
zt-gateway  | [perf-request-in] ts_in=1777537101.632759 ts_out=1777537101.633379 gw_proc_ms=0.620 traceId=exp-perf5000-002590-2202a9d2
zt-gateway  | [perf-request-in] ts_in=1777537101.632756 ts_out=1777537101.633380 gw_proc_ms=0.624 traceId=exp-perf5000-002587-a8152586
zt-gateway  | [perf-request-in] ts_in=1777537101.633418 ts_out=1777537101.634068 gw_proc_ms=0.650 traceId=exp-perf5000-002592-93308ff9
zt-gateway  | [perf-request-in] ts_in=1777537101.633419 ts_out=1777537101.634068 gw_proc_ms=0.649 traceId=exp-perf5000-002589-29350d63
zt-gateway  | [perf-request-in] ts_in=1777537101.634110 ts_out=1777537101.634712 gw_proc_ms=0.602 traceId=exp-perf5000-002594-ea9de39d
zt-gateway  | [perf-request-in] ts_in=1777537101.634109 ts_out=1777537101.634737 gw_proc_ms=0.628 traceId=exp-perf5000-002591-639eee95
zt-gateway  | [perf-request-in] ts_in=1777537101.634750 ts_out=1777537101.635372 gw_proc_ms=0.622 traceId=exp-perf5000-002596-15d5ca73
zt-gateway  | [perf-request-in] ts_in=1777537101.634771 ts_out=1777537101.635392 gw_proc_ms=0.621 traceId=exp-perf5000-002593-88d70068
zt-gateway  | [perf-request-in] ts_in=1777537101.635407 ts_out=1777537101.636045 gw_proc_ms=0.638 traceId=exp-perf5000-002598-8c0c1f14
zt-gateway  | [perf-request-in] ts_in=1777537101.635420 ts_out=1777537101.636059 gw_proc_ms=0.639 traceId=exp-perf5000-002595-403bbe65
zt-gateway  | [perf-request-in] ts_in=1777537101.636071 ts_out=1777537101.636648 gw_proc_ms=0.577 traceId=exp-perf5000-002600-94ccd97e
zt-gateway  | [perf-request-in] ts_in=1777537101.636081 ts_out=1777537101.636649 gw_proc_ms=0.568 traceId=exp-perf5000-002597-dfead776
zt-gateway  | [perf-request-in] ts_in=1777537101.636685 ts_out=1777537101.637286 gw_proc_ms=0.601 traceId=exp-perf5000-002599-cd33df95
zt-gateway  | [perf-request-in] ts_in=1777537101.636685 ts_out=1777537101.637295 gw_proc_ms=0.610 traceId=exp-perf5000-002602-26e9106a
zt-gateway  | [perf-request-in] ts_in=1777537101.637327 ts_out=1777537101.637955 gw_proc_ms=0.628 traceId=exp-perf5000-002604-3dcb876a
zt-gateway  | [perf-request-in] ts_in=1777537101.637327 ts_out=1777537101.637985 gw_proc_ms=0.658 traceId=exp-perf5000-002601-a49e769b
zt-gateway  | [perf-request-in] ts_in=1777537101.637987 ts_out=1777537101.638580 gw_proc_ms=0.593 traceId=exp-perf5000-002606-a0870ae5
zt-gateway  | [perf-request-in] ts_in=1777537101.638014 ts_out=1777537101.638647 gw_proc_ms=0.633 traceId=exp-perf5000-002603-67a4b4ad
zt-gateway  | [perf-request-in] ts_in=1777537101.638611 ts_out=1777537101.639203 gw_proc_ms=0.592 traceId=exp-perf5000-002608-daa2a4bd
zt-gateway  | [perf-request-in] ts_in=1777537101.638673 ts_out=1777537101.639352 gw_proc_ms=0.679 traceId=exp-perf5000-002605-b0215954
zt-gateway  | [perf-request-in] ts_in=1777537101.639230 ts_out=1777537101.639864 gw_proc_ms=0.634 traceId=exp-perf5000-002610-61937a70
zt-gateway  | [perf-request-in] ts_in=1777537101.639389 ts_out=1777537101.640041 gw_proc_ms=0.652 traceId=exp-perf5000-002607-30368d71
zt-gateway  | [perf-request-in] ts_in=1777537101.639885 ts_out=1777537101.640601 gw_proc_ms=0.716 traceId=exp-perf5000-002612-14918140
zt-gateway  | [perf-request-in] ts_in=1777537101.640072 ts_out=1777537101.640899 gw_proc_ms=0.827 traceId=exp-perf5000-002609-c2057f3c
zt-gateway  | [perf-request-in] ts_in=1777537101.640636 ts_out=1777537101.641311 gw_proc_ms=0.675 traceId=exp-perf5000-002614-a351efa6
zt-gateway  | [perf-request-in] ts_in=1777537101.640951 ts_out=1777537101.641656 gw_proc_ms=0.705 traceId=exp-perf5000-002611-8599f70d
zt-gateway  | [perf-request-in] ts_in=1777537101.641349 ts_out=1777537101.642011 gw_proc_ms=0.662 traceId=exp-perf5000-002616-8149b19e
zt-gateway  | [perf-request-in] ts_in=1777537101.641707 ts_out=1777537101.642397 gw_proc_ms=0.690 traceId=exp-perf5000-002613-9630aecf
zt-gateway  | [perf-request-in] ts_in=1777537101.642051 ts_out=1777537101.642671 gw_proc_ms=0.620 traceId=exp-perf5000-002618-be6592b9
zt-gateway  | [perf-request-in] ts_in=1777537101.642438 ts_out=1777537101.643127 gw_proc_ms=0.689 traceId=exp-perf5000-002615-16b3d944
zt-gateway  | [perf-request-in] ts_in=1777537101.642707 ts_out=1777537101.643353 gw_proc_ms=0.646 traceId=exp-perf5000-002620-57c869cf
zt-gateway  | [perf-request-in] ts_in=1777537101.643167 ts_out=1777537101.643834 gw_proc_ms=0.667 traceId=exp-perf5000-002617-3783e64b
zt-gateway  | [perf-request-in] ts_in=1777537101.643385 ts_out=1777537101.644014 gw_proc_ms=0.629 traceId=exp-perf5000-002622-442dd2d0
zt-gateway  | [perf-request-in] ts_in=1777537101.643881 ts_out=1777537101.644526 gw_proc_ms=0.645 traceId=exp-perf5000-002619-d6b9b2d7
zt-gateway  | [perf-request-in] ts_in=1777537101.644048 ts_out=1777537101.644668 gw_proc_ms=0.620 traceId=exp-perf5000-002624-6a42d9f5
zt-gateway  | [perf-request-in] ts_in=1777537101.644562 ts_out=1777537101.645239 gw_proc_ms=0.677 traceId=exp-perf5000-002621-b1f22ce6
zt-gateway  | [perf-request-in] ts_in=1777537101.644699 ts_out=1777537101.645349 gw_proc_ms=0.650 traceId=exp-perf5000-002626-26fb1c0f
zt-gateway  | [perf-request-in] ts_in=1777537101.645383 ts_out=1777537101.645984 gw_proc_ms=0.601 traceId=exp-perf5000-002628-7bb52c03
zt-gateway  | [perf-request-in] ts_in=1777537101.645322 ts_out=1777537101.646096 gw_proc_ms=0.774 traceId=exp-perf5000-002623-7d47a7e6
zt-gateway  | [perf-request-in] ts_in=1777537101.646014 ts_out=1777537101.646630 gw_proc_ms=0.616 traceId=exp-perf5000-002630-a87f44b1
zt-gateway  | [perf-request-in] ts_in=1777537101.646165 ts_out=1777537101.646848 gw_proc_ms=0.683 traceId=exp-perf5000-002625-9d3a98d5
zt-gateway  | [perf-request-in] ts_in=1777537101.646661 ts_out=1777537101.647299 gw_proc_ms=0.638 traceId=exp-perf5000-002632-38a22f9d
zt-gateway  | [perf-request-in] ts_in=1777537101.646890 ts_out=1777537101.647539 gw_proc_ms=0.649 traceId=exp-perf5000-002627-cc1124fe
zt-gateway  | [perf-request-in] ts_in=1777537101.647334 ts_out=1777537101.647977 gw_proc_ms=0.643 traceId=exp-perf5000-002634-46d51b71
zt-gateway  | [perf-request-in] ts_in=1777537101.647580 ts_out=1777537101.648237 gw_proc_ms=0.657 traceId=exp-perf5000-002629-8b4b6257
zt-gateway  | [perf-request-in] ts_in=1777537101.648011 ts_out=1777537101.648633 gw_proc_ms=0.622 traceId=exp-perf5000-002635-849490f6
zt-gateway  | [perf-request-in] ts_in=1777537101.648274 ts_out=1777537101.648956 gw_proc_ms=0.682 traceId=exp-perf5000-002631-f9fe379e
zt-gateway  | [perf-request-in] ts_in=1777537101.648667 ts_out=1777537101.649310 gw_proc_ms=0.643 traceId=exp-perf5000-002637-47f49e9c
zt-gateway  | [perf-request-in] ts_in=1777537101.648995 ts_out=1777537101.649644 gw_proc_ms=0.649 traceId=exp-perf5000-002633-d5f27a63
zt-gateway  | [perf-request-in] ts_in=1777537101.649340 ts_out=1777537101.649966 gw_proc_ms=0.626 traceId=exp-perf5000-002640-4dc9959d
zt-gateway  | [perf-request-in] ts_in=1777537101.649679 ts_out=1777537101.650333 gw_proc_ms=0.654 traceId=exp-perf5000-002636-97bd95a6
zt-gateway  | [perf-request-in] ts_in=1777537101.649996 ts_out=1777537101.650604 gw_proc_ms=0.608 traceId=exp-perf5000-002641-042a9e3b
zt-gateway  | [perf-request-in] ts_in=1777537101.650367 ts_out=1777537101.651034 gw_proc_ms=0.667 traceId=exp-perf5000-002638-6234696c
zt-gateway  | [perf-request-in] ts_in=1777537101.650634 ts_out=1777537101.651271 gw_proc_ms=0.637 traceId=exp-perf5000-002643-236cb3bf
zt-gateway  | [perf-request-in] ts_in=1777537101.651072 ts_out=1777537101.651717 gw_proc_ms=0.645 traceId=exp-perf5000-002639-13d78901
zt-gateway  | [perf-request-in] ts_in=1777537101.651305 ts_out=1777537101.651912 gw_proc_ms=0.607 traceId=exp-perf5000-002645-dfb14026
zt-gateway  | [perf-request-in] ts_in=1777537101.651754 ts_out=1777537101.652404 gw_proc_ms=0.650 traceId=exp-perf5000-002642-b814d6d6
zt-gateway  | [perf-request-in] ts_in=1777537101.651937 ts_out=1777537101.652546 gw_proc_ms=0.609 traceId=exp-perf5000-002647-e70aec31
zt-gateway  | [perf-request-in] ts_in=1777537101.652436 ts_out=1777537101.653074 gw_proc_ms=0.638 traceId=exp-perf5000-002644-b7f34259
zt-gateway  | [perf-request-in] ts_in=1777537101.652579 ts_out=1777537101.653212 gw_proc_ms=0.633 traceId=exp-perf5000-002650-03115625
zt-gateway  | [perf-request-in] ts_in=1777537101.653106 ts_out=1777537101.653717 gw_proc_ms=0.611 traceId=exp-perf5000-002646-b2c46428
zt-gateway  | [perf-request-in] ts_in=1777537101.653239 ts_out=1777537101.653838 gw_proc_ms=0.599 traceId=exp-perf5000-002651-117d43c9
zt-gateway  | [perf-request-in] ts_in=1777537101.653749 ts_out=1777537101.654378 gw_proc_ms=0.629 traceId=exp-perf5000-002648-0d0f0a61
zt-gateway  | [perf-request-in] ts_in=1777537101.653867 ts_out=1777537101.654447 gw_proc_ms=0.580 traceId=exp-perf5000-002653-3946b94d
zt-gateway  | [perf-request-in] ts_in=1777537101.654414 ts_out=1777537101.655031 gw_proc_ms=0.617 traceId=exp-perf5000-002649-155ba366
zt-gateway  | [perf-request-in] ts_in=1777537101.654478 ts_out=1777537101.655072 gw_proc_ms=0.594 traceId=exp-perf5000-002655-0983f25f
zt-gateway  | [perf-request-in] ts_in=1777537101.655097 ts_out=1777537101.655684 gw_proc_ms=0.587 traceId=exp-perf5000-002657-edeb40f2
zt-gateway  | [perf-request-in] ts_in=1777537101.655065 ts_out=1777537101.655693 gw_proc_ms=0.628 traceId=exp-perf5000-002652-fdbc35be
zt-gateway  | [perf-request-in] ts_in=1777537101.655721 ts_out=1777537101.656353 gw_proc_ms=0.632 traceId=exp-perf5000-002659-d77d8a29
zt-gateway  | [perf-request-in] ts_in=1777537101.655731 ts_out=1777537101.656412 gw_proc_ms=0.681 traceId=exp-perf5000-002654-b27b8198
zt-gateway  | [perf-request-in] ts_in=1777537101.656386 ts_out=1777537101.657013 gw_proc_ms=0.627 traceId=exp-perf5000-002660-1be21f76
zt-gateway  | [perf-request-in] ts_in=1777537101.656453 ts_out=1777537101.657118 gw_proc_ms=0.665 traceId=exp-perf5000-002656-df4a5452
zt-gateway  | [perf-request-in] ts_in=1777537101.657048 ts_out=1777537101.657645 gw_proc_ms=0.597 traceId=exp-perf5000-002662-4c338d7a
zt-gateway  | [perf-request-in] ts_in=1777537101.657159 ts_out=1777537101.657772 gw_proc_ms=0.613 traceId=exp-perf5000-002658-895ca066
zt-gateway  | [perf-request-in] ts_in=1777537101.657674 ts_out=1777537101.658275 gw_proc_ms=0.601 traceId=exp-perf5000-002665-693f584c
zt-gateway  | [perf-request-in] ts_in=1777537101.657812 ts_out=1777537101.658446 gw_proc_ms=0.634 traceId=exp-perf5000-002661-49a1c87a
zt-gateway  | [perf-request-in] ts_in=1777537101.658304 ts_out=1777537101.658909 gw_proc_ms=0.605 traceId=exp-perf5000-002667-80b26692
zt-gateway  | [perf-request-in] ts_in=1777537101.658479 ts_out=1777537101.659123 gw_proc_ms=0.644 traceId=exp-perf5000-002663-6e31eaf5
zt-gateway  | [perf-request-in] ts_in=1777537101.658939 ts_out=1777537101.659543 gw_proc_ms=0.604 traceId=exp-perf5000-002669-4d7f592b
zt-gateway  | [perf-request-in] ts_in=1777537101.659156 ts_out=1777537101.659791 gw_proc_ms=0.635 traceId=exp-perf5000-002664-7626c4a9
zt-gateway  | [perf-request-in] ts_in=1777537101.659575 ts_out=1777537101.660351 gw_proc_ms=0.776 traceId=exp-perf5000-002671-f0978dba
zt-gateway  | [perf-request-in] ts_in=1777537101.659960 ts_out=1777537101.660566 gw_proc_ms=0.606 traceId=exp-perf5000-002666-068547a8
zt-gateway  | [perf-request-in] ts_in=1777537101.660392 ts_out=1777537101.661038 gw_proc_ms=0.646 traceId=exp-perf5000-002673-7957c05c
zt-gateway  | [perf-request-in] ts_in=1777537101.660598 ts_out=1777537101.661225 gw_proc_ms=0.627 traceId=exp-perf5000-002668-35d5f5ec
zt-gateway  | [perf-request-in] ts_in=1777537101.661076 ts_out=1777537101.661701 gw_proc_ms=0.625 traceId=exp-perf5000-002675-1cecd23e
zt-gateway  | [perf-request-in] ts_in=1777537101.661260 ts_out=1777537101.661936 gw_proc_ms=0.676 traceId=exp-perf5000-002670-2f5f9d77
zt-gateway  | [perf-request-in] ts_in=1777537101.661729 ts_out=1777537101.662357 gw_proc_ms=0.628 traceId=exp-perf5000-002677-6e9b3b93
zt-gateway  | [perf-request-in] ts_in=1777537101.661977 ts_out=1777537101.662596 gw_proc_ms=0.619 traceId=exp-perf5000-002672-5fd51070
zt-gateway  | [perf-request-in] ts_in=1777537101.662387 ts_out=1777537101.663100 gw_proc_ms=0.713 traceId=exp-perf5000-002678-101df0c6
zt-gateway  | [perf-request-in] ts_in=1777537101.662637 ts_out=1777537101.663281 gw_proc_ms=0.644 traceId=exp-perf5000-002674-2465f2ba
zt-gateway  | [perf-request-in] ts_in=1777537101.663158 ts_out=1777537101.663931 gw_proc_ms=0.773 traceId=exp-perf5000-002680-99eb2474
zt-gateway  | [perf-request-in] ts_in=1777537101.663343 ts_out=1777537101.664053 gw_proc_ms=0.710 traceId=exp-perf5000-002676-c0aa2623
zt-gateway  | [perf-request-in] ts_in=1777537101.663978 ts_out=1777537101.664650 gw_proc_ms=0.672 traceId=exp-perf5000-002682-23f40a0d
zt-gateway  | [perf-request-in] ts_in=1777537101.664090 ts_out=1777537101.664770 gw_proc_ms=0.680 traceId=exp-perf5000-002679-3195162c
zt-gateway  | [perf-request-in] ts_in=1777537101.664691 ts_out=1777537101.665368 gw_proc_ms=0.677 traceId=exp-perf5000-002685-7525b375
zt-gateway  | [perf-request-in] ts_in=1777537101.664817 ts_out=1777537101.665483 gw_proc_ms=0.666 traceId=exp-perf5000-002681-7460c12a
zt-gateway  | [perf-request-in] ts_in=1777537101.665408 ts_out=1777537101.666149 gw_proc_ms=0.741 traceId=exp-perf5000-002686-5f22a246
zt-gateway  | [perf-request-in] ts_in=1777537101.665519 ts_out=1777537101.666283 gw_proc_ms=0.764 traceId=exp-perf5000-002683-ac56f83d
zt-gateway  | [perf-request-in] ts_in=1777537101.666188 ts_out=1777537101.666896 gw_proc_ms=0.708 traceId=exp-perf5000-002689-2ced2111
zt-gateway  | [perf-request-in] ts_in=1777537101.666325 ts_out=1777537101.666998 gw_proc_ms=0.673 traceId=exp-perf5000-002684-61e18b5e
zt-gateway  | [perf-request-in] ts_in=1777537101.666938 ts_out=1777537101.667586 gw_proc_ms=0.648 traceId=exp-perf5000-002691-a704a820
zt-gateway  | [perf-request-in] ts_in=1777537101.667040 ts_out=1777537101.667683 gw_proc_ms=0.643 traceId=exp-perf5000-002687-917f0086
zt-gateway  | [perf-request-in] ts_in=1777537101.667625 ts_out=1777537101.668320 gw_proc_ms=0.695 traceId=exp-perf5000-002692-2e35b8ad
zt-gateway  | [perf-request-in] ts_in=1777537101.667716 ts_out=1777537101.668407 gw_proc_ms=0.691 traceId=exp-perf5000-002688-5586568a
zt-gateway  | [perf-request-in] ts_in=1777537101.668358 ts_out=1777537101.669061 gw_proc_ms=0.703 traceId=exp-perf5000-002694-5e62a863
zt-gateway  | [perf-request-in] ts_in=1777537101.668441 ts_out=1777537101.669122 gw_proc_ms=0.681 traceId=exp-perf5000-002690-3f261d64
zt-gateway  | [perf-request-in] ts_in=1777537101.669096 ts_out=1777537101.669803 gw_proc_ms=0.707 traceId=exp-perf5000-002696-6dc8ef0b
zt-gateway  | [perf-request-in] ts_in=1777537101.669156 ts_out=1777537101.669991 gw_proc_ms=0.835 traceId=exp-perf5000-002693-605ee262
zt-gateway  | [perf-request-in] ts_in=1777537101.669837 ts_out=1777537101.670571 gw_proc_ms=0.734 traceId=exp-perf5000-002699-46f61688
zt-gateway  | [perf-request-in] ts_in=1777537101.670038 ts_out=1777537101.670764 gw_proc_ms=0.726 traceId=exp-perf5000-002695-3d0c3664
zt-gateway  | [perf-request-in] ts_in=1777537101.670607 ts_out=1777537101.671300 gw_proc_ms=0.693 traceId=exp-perf5000-002701-cf56df18
zt-gateway  | [perf-request-in] ts_in=1777537101.670810 ts_out=1777537101.671496 gw_proc_ms=0.686 traceId=exp-perf5000-002697-0312ad37
zt-gateway  | [perf-request-in] ts_in=1777537101.671335 ts_out=1777537101.672024 gw_proc_ms=0.689 traceId=exp-perf5000-002706-ce3f2f1f
zt-gateway  | [perf-request-in] ts_in=1777537101.671530 ts_out=1777537101.672257 gw_proc_ms=0.727 traceId=exp-perf5000-002698-41a050cc
zt-gateway  | [perf-request-in] ts_in=1777537101.672057 ts_out=1777537101.672702 gw_proc_ms=0.645 traceId=exp-perf5000-002707-a02b222f
zt-gateway  | [perf-request-in] ts_in=1777537101.672294 ts_out=1777537101.672981 gw_proc_ms=0.687 traceId=exp-perf5000-002700-0c280120
zt-gateway  | [perf-request-in] ts_in=1777537101.672738 ts_out=1777537101.673642 gw_proc_ms=0.904 traceId=exp-perf5000-002708-ff1013af
zt-gateway  | [perf-request-in] ts_in=1777537101.673027 ts_out=1777537101.673932 gw_proc_ms=0.905 traceId=exp-perf5000-002702-faa5058d
zt-gateway  | [perf-request-in] ts_in=1777537101.673697 ts_out=1777537101.674573 gw_proc_ms=0.876 traceId=exp-perf5000-002709-e5578ac0
zt-gateway  | [perf-request-in] ts_in=1777537101.673978 ts_out=1777537101.674987 gw_proc_ms=1.009 traceId=exp-perf5000-002703-f3871ef9
zt-gateway  | [perf-request-in] ts_in=1777537101.674622 ts_out=1777537101.675510 gw_proc_ms=0.888 traceId=exp-perf5000-002710-6790eaf6
zt-gateway  | [perf-request-in] ts_in=1777537101.675038 ts_out=1777537101.676033 gw_proc_ms=0.995 traceId=exp-perf5000-002704-c3cc3e00
zt-gateway  | [perf-request-in] ts_in=1777537101.675552 ts_out=1777537101.676503 gw_proc_ms=0.951 traceId=exp-perf5000-002711-b0b197bb
zt-gateway  | [perf-request-in] ts_in=1777537101.676093 ts_out=1777537101.677203 gw_proc_ms=1.110 traceId=exp-perf5000-002705-8af4344f
zt-gateway  | [perf-request-in] ts_in=1777537101.676552 ts_out=1777537101.677516 gw_proc_ms=0.964 traceId=exp-perf5000-002714-058e8608
zt-gateway  | [perf-request-in] ts_in=1777537101.677259 ts_out=1777537101.678340 gw_proc_ms=1.081 traceId=exp-perf5000-002712-50298e0f
zt-gateway  | [perf-request-in] ts_in=1777537101.677562 ts_out=1777537101.678528 gw_proc_ms=0.966 traceId=exp-perf5000-002716-15764323
zt-gateway  | [perf-request-in] ts_in=1777537101.678390 ts_out=1777537101.679321 gw_proc_ms=0.931 traceId=exp-perf5000-002713-b6e0b32d
zt-gateway  | [perf-request-in] ts_in=1777537101.678571 ts_out=1777537101.679432 gw_proc_ms=0.861 traceId=exp-perf5000-002718-1fdfa4b0
zt-gateway  | [perf-request-in] ts_in=1777537101.679371 ts_out=1777537101.680329 gw_proc_ms=0.958 traceId=exp-perf5000-002715-0b976f15
zt-gateway  | [perf-request-in] ts_in=1777537101.679470 ts_out=1777537101.680340 gw_proc_ms=0.870 traceId=exp-perf5000-002720-1d3315b4
zt-gateway  | [perf-request-in] ts_in=1777537101.680385 ts_out=1777537101.681261 gw_proc_ms=0.876 traceId=exp-perf5000-002722-415358a1
zt-gateway  | [perf-request-in] ts_in=1777537101.680382 ts_out=1777537101.681314 gw_proc_ms=0.932 traceId=exp-perf5000-002717-c04acc3d
zt-gateway  | [perf-request-in] ts_in=1777537101.681290 ts_out=1777537101.682098 gw_proc_ms=0.808 traceId=exp-perf5000-002724-a9767d3e
zt-gateway  | [perf-request-in] ts_in=1777537101.681362 ts_out=1777537101.682186 gw_proc_ms=0.824 traceId=exp-perf5000-002719-47e676b4
zt-gateway  | [perf-request-in] ts_in=1777537101.682143 ts_out=1777537101.683020 gw_proc_ms=0.877 traceId=exp-perf5000-002725-6690a8a4
zt-gateway  | [perf-request-in] ts_in=1777537101.682226 ts_out=1777537101.683169 gw_proc_ms=0.943 traceId=exp-perf5000-002721-c9f330ac
zt-gateway  | [perf-request-in] ts_in=1777537101.683057 ts_out=1777537101.683965 gw_proc_ms=0.908 traceId=exp-perf5000-002727-3a1af974
zt-gateway  | [perf-request-in] ts_in=1777537101.683219 ts_out=1777537101.684156 gw_proc_ms=0.937 traceId=exp-perf5000-002723-1bdb97d1
zt-gateway  | [perf-request-in] ts_in=1777537101.684013 ts_out=1777537101.685150 gw_proc_ms=1.137 traceId=exp-perf5000-002729-3f92eb96
zt-gateway  | [perf-request-in] ts_in=1777537101.684227 ts_out=1777537101.685572 gw_proc_ms=1.345 traceId=exp-perf5000-002726-edefc723
zt-gateway  | [perf-request-in] ts_in=1777537101.685204 ts_out=1777537101.686504 gw_proc_ms=1.300 traceId=exp-perf5000-002731-c345c659
zt-gateway  | [perf-request-in] ts_in=1777537101.685635 ts_out=1777537101.686878 gw_proc_ms=1.243 traceId=exp-perf5000-002728-d7d52c0d
zt-gateway  | [perf-request-in] ts_in=1777537101.686563 ts_out=1777537101.687363 gw_proc_ms=0.800 traceId=exp-perf5000-002733-fc4ff7ce
zt-gateway  | [perf-request-in] ts_in=1777537101.686922 ts_out=1777537101.687628 gw_proc_ms=0.706 traceId=exp-perf5000-002730-47502c5e
zt-gateway  | [perf-request-in] ts_in=1777537101.687404 ts_out=1777537101.688136 gw_proc_ms=0.732 traceId=exp-perf5000-002735-3ce2e0ca
zt-gateway  | [perf-request-in] ts_in=1777537101.687654 ts_out=1777537101.688406 gw_proc_ms=0.752 traceId=exp-perf5000-002732-78727fd4
zt-gateway  | [perf-request-in] ts_in=1777537101.688179 ts_out=1777537101.688882 gw_proc_ms=0.703 traceId=exp-perf5000-002737-fa889f96
zt-gateway  | [perf-request-in] ts_in=1777537101.688436 ts_out=1777537101.689194 gw_proc_ms=0.758 traceId=exp-perf5000-002734-12d12f1a
zt-gateway  | [perf-request-in] ts_in=1777537101.688924 ts_out=1777537101.689679 gw_proc_ms=0.755 traceId=exp-perf5000-002739-6d62e073
zt-gateway  | [perf-request-in] ts_in=1777537101.689221 ts_out=1777537101.689901 gw_proc_ms=0.680 traceId=exp-perf5000-002736-0b8ef819
zt-gateway  | [perf-request-in] ts_in=1777537101.689713 ts_out=1777537101.690452 gw_proc_ms=0.739 traceId=exp-perf5000-002741-5d55da29
zt-gateway  | [perf-request-in] ts_in=1777537101.689934 ts_out=1777537101.690744 gw_proc_ms=0.810 traceId=exp-perf5000-002738-69a95be4
zt-gateway  | [perf-request-in] ts_in=1777537101.690494 ts_out=1777537101.691181 gw_proc_ms=0.687 traceId=exp-perf5000-002743-c7861077
zt-gateway  | [perf-request-in] ts_in=1777537101.690788 ts_out=1777537101.691418 gw_proc_ms=0.630 traceId=exp-perf5000-002740-50bad4d5
zt-gateway  | [perf-request-in] ts_in=1777537101.691211 ts_out=1777537101.691968 gw_proc_ms=0.757 traceId=exp-perf5000-002745-4920a3e4
zt-gateway  | [perf-request-in] ts_in=1777537101.691448 ts_out=1777537101.692116 gw_proc_ms=0.668 traceId=exp-perf5000-002742-cf657e2a
zt-gateway  | [perf-request-in] ts_in=1777537101.692002 ts_out=1777537101.692708 gw_proc_ms=0.706 traceId=exp-perf5000-002747-7c79198e
zt-gateway  | [perf-request-in] ts_in=1777537101.692154 ts_out=1777537101.692826 gw_proc_ms=0.672 traceId=exp-perf5000-002744-9528898f
zt-gateway  | [perf-request-in] ts_in=1777537101.692737 ts_out=1777537101.693411 gw_proc_ms=0.674 traceId=exp-perf5000-002749-fc3f0ee1
zt-gateway  | [perf-request-in] ts_in=1777537101.692855 ts_out=1777537101.693476 gw_proc_ms=0.621 traceId=exp-perf5000-002746-389c1803
zt-gateway  | [perf-request-in] ts_in=1777537101.693500 ts_out=1777537101.694143 gw_proc_ms=0.643 traceId=exp-perf5000-002748-9a9e5ef0
zt-gateway  | [perf-request-in] ts_in=1777537101.693459 ts_out=1777537101.694248 gw_proc_ms=0.789 traceId=exp-perf5000-002751-c4e98e3f
zt-gateway  | [perf-request-in] ts_in=1777537101.694197 ts_out=1777537101.694866 gw_proc_ms=0.669 traceId=exp-perf5000-002750-ca04abb6
zt-gateway  | [perf-request-in] ts_in=1777537101.694289 ts_out=1777537101.695276 gw_proc_ms=0.987 traceId=exp-perf5000-002753-d8ab7a0f
zt-gateway  | [perf-request-in] ts_in=1777537101.694914 ts_out=1777537101.695537 gw_proc_ms=0.623 traceId=exp-perf5000-002752-a2989efd
zt-gateway  | [perf-request-in] ts_in=1777537101.695323 ts_out=1777537101.695972 gw_proc_ms=0.649 traceId=exp-perf5000-002754-9e70e8ff
zt-gateway  | [perf-request-in] ts_in=1777537101.695562 ts_out=1777537101.696611 gw_proc_ms=1.049 traceId=exp-perf5000-002755-7d4df78c
zt-gateway  | [perf-request-in] ts_in=1777537101.696005 ts_out=1777537101.696751 gw_proc_ms=0.746 traceId=exp-perf5000-002756-e7614f8e
zt-gateway  | [perf-request-in] ts_in=1777537101.696648 ts_out=1777537101.697256 gw_proc_ms=0.608 traceId=exp-perf5000-002757-2d4fccee
zt-gateway  | [perf-request-in] ts_in=1777537101.696808 ts_out=1777537101.697465 gw_proc_ms=0.657 traceId=exp-perf5000-002758-95d9be55
zt-gateway  | [perf-request-in] ts_in=1777537101.697286 ts_out=1777537101.697917 gw_proc_ms=0.631 traceId=exp-perf5000-002759-aa05a04b
zt-gateway  | [perf-request-in] ts_in=1777537101.697504 ts_out=1777537101.698159 gw_proc_ms=0.655 traceId=exp-perf5000-002760-e61f6963
zt-gateway  | [perf-request-in] ts_in=1777537101.697946 ts_out=1777537101.698571 gw_proc_ms=0.625 traceId=exp-perf5000-002761-01ef0f74
zt-gateway  | [perf-request-in] ts_in=1777537101.698200 ts_out=1777537101.698846 gw_proc_ms=0.646 traceId=exp-perf5000-002762-373f7f18
zt-gateway  | [perf-request-in] ts_in=1777537101.698606 ts_out=1777537101.699243 gw_proc_ms=0.637 traceId=exp-perf5000-002763-56c479b6
zt-gateway  | [perf-request-in] ts_in=1777537101.698875 ts_out=1777537101.699489 gw_proc_ms=0.614 traceId=exp-perf5000-002764-a077f430
zt-gateway  | [perf-request-in] ts_in=1777537101.699275 ts_out=1777537101.699905 gw_proc_ms=0.630 traceId=exp-perf5000-002765-94f476ef
zt-gateway  | [perf-request-in] ts_in=1777537101.699532 ts_out=1777537101.700193 gw_proc_ms=0.661 traceId=exp-perf5000-002766-181134fe
zt-gateway  | [perf-request-in] ts_in=1777537101.699942 ts_out=1777537101.700549 gw_proc_ms=0.607 traceId=exp-perf5000-002767-a038bbe6
zt-gateway  | [perf-request-in] ts_in=1777537101.700234 ts_out=1777537101.700881 gw_proc_ms=0.647 traceId=exp-perf5000-002768-ae968d66
zt-gateway  | [perf-request-in] ts_in=1777537101.700582 ts_out=1777537101.701246 gw_proc_ms=0.664 traceId=exp-perf5000-002769-478f0ec8
zt-gateway  | [perf-request-in] ts_in=1777537101.700927 ts_out=1777537101.701626 gw_proc_ms=0.699 traceId=exp-perf5000-002770-a27feb27
zt-gateway  | [perf-request-in] ts_in=1777537101.701285 ts_out=1777537101.701938 gw_proc_ms=0.653 traceId=exp-perf5000-002771-d8e6be97
zt-gateway  | [perf-request-in] ts_in=1777537101.701667 ts_out=1777537101.702322 gw_proc_ms=0.655 traceId=exp-perf5000-002772-d43fc047
zt-gateway  | [perf-request-in] ts_in=1777537101.701972 ts_out=1777537101.702604 gw_proc_ms=0.632 traceId=exp-perf5000-002773-17286566
zt-gateway  | [perf-request-in] ts_in=1777537101.702363 ts_out=1777537101.703092 gw_proc_ms=0.729 traceId=exp-perf5000-002774-2f756e10
zt-gateway  | [perf-request-in] ts_in=1777537101.702641 ts_out=1777537101.703266 gw_proc_ms=0.625 traceId=exp-perf5000-002775-f5e0793f
zt-gateway  | [perf-request-in] ts_in=1777537101.703135 ts_out=1777537101.703769 gw_proc_ms=0.634 traceId=exp-perf5000-002776-4ac4f0d7
zt-gateway  | [perf-request-in] ts_in=1777537101.703296 ts_out=1777537101.703929 gw_proc_ms=0.633 traceId=exp-perf5000-002777-9432e258
zt-gateway  | [perf-request-in] ts_in=1777537101.703816 ts_out=1777537101.704501 gw_proc_ms=0.685 traceId=exp-perf5000-002778-dbbac8c8
zt-gateway  | [perf-request-in] ts_in=1777537101.703957 ts_out=1777537101.704587 gw_proc_ms=0.630 traceId=exp-perf5000-002779-210a01ba
zt-gateway  | [perf-request-in] ts_in=1777537101.704547 ts_out=1777537101.705223 gw_proc_ms=0.676 traceId=exp-perf5000-002780-c2774798
zt-gateway  | [perf-request-in] ts_in=1777537101.704619 ts_out=1777537101.705263 gw_proc_ms=0.644 traceId=exp-perf5000-002781-b6da859e
zt-gateway  | [perf-request-in] ts_in=1777537101.705293 ts_out=1777537101.705906 gw_proc_ms=0.613 traceId=exp-perf5000-002783-66065dfe
zt-gateway  | [perf-request-in] ts_in=1777537101.705267 ts_out=1777537101.705963 gw_proc_ms=0.696 traceId=exp-perf5000-002782-b16e46f1
zt-gateway  | [perf-request-in] ts_in=1777537101.705940 ts_out=1777537101.706556 gw_proc_ms=0.616 traceId=exp-perf5000-002785-65aaf4ef
zt-gateway  | [perf-request-in] ts_in=1777537101.706002 ts_out=1777537101.706663 gw_proc_ms=0.661 traceId=exp-perf5000-002784-1e6acbf6
zt-gateway  | [perf-request-in] ts_in=1777537101.706590 ts_out=1777537101.707205 gw_proc_ms=0.615 traceId=exp-perf5000-002787-66f338e5
zt-gateway  | [perf-request-in] ts_in=1777537101.706700 ts_out=1777537101.707396 gw_proc_ms=0.696 traceId=exp-perf5000-002786-dc36cd08
zt-gateway  | [perf-request-in] ts_in=1777537101.707237 ts_out=1777537101.707905 gw_proc_ms=0.668 traceId=exp-perf5000-002789-6c4d4448
zt-gateway  | [perf-request-in] ts_in=1777537101.707505 ts_out=1777537101.708190 gw_proc_ms=0.685 traceId=exp-perf5000-002788-c28405dd
zt-gateway  | [perf-request-in] ts_in=1777537101.707939 ts_out=1777537101.708567 gw_proc_ms=0.628 traceId=exp-perf5000-002791-98a6cdbb
zt-gateway  | [perf-request-in] ts_in=1777537101.708227 ts_out=1777537101.708914 gw_proc_ms=0.687 traceId=exp-perf5000-002790-10c2f803
zt-gateway  | [perf-request-in] ts_in=1777537101.708600 ts_out=1777537101.709220 gw_proc_ms=0.620 traceId=exp-perf5000-002792-5463455e
zt-gateway  | [perf-request-in] ts_in=1777537101.708949 ts_out=1777537101.709596 gw_proc_ms=0.647 traceId=exp-perf5000-002793-5e19ffa9
zt-gateway  | [perf-request-in] ts_in=1777537101.709254 ts_out=1777537101.709902 gw_proc_ms=0.648 traceId=exp-perf5000-002795-db8d8be5
zt-gateway  | [perf-request-in] ts_in=1777537101.709631 ts_out=1777537101.710284 gw_proc_ms=0.653 traceId=exp-perf5000-002794-b65a8957
zt-gateway  | [perf-request-in] ts_in=1777537101.709932 ts_out=1777537101.710553 gw_proc_ms=0.621 traceId=exp-perf5000-002797-6882fed1
zt-gateway  | [perf-request-in] ts_in=1777537101.710321 ts_out=1777537101.710980 gw_proc_ms=0.659 traceId=exp-perf5000-002796-de16bad0
zt-gateway  | [perf-request-in] ts_in=1777537101.710585 ts_out=1777537101.711214 gw_proc_ms=0.629 traceId=exp-perf5000-002799-7d38dd1f
zt-gateway  | [perf-request-in] ts_in=1777537101.711014 ts_out=1777537101.711650 gw_proc_ms=0.636 traceId=exp-perf5000-002798-1689990a
zt-gateway  | [perf-request-in] ts_in=1777537101.711244 ts_out=1777537101.711882 gw_proc_ms=0.638 traceId=exp-perf5000-002801-682499d3
zt-gateway  | [perf-request-in] ts_in=1777537101.711685 ts_out=1777537101.712341 gw_proc_ms=0.656 traceId=exp-perf5000-002800-5ab84739
zt-gateway  | [perf-request-in] ts_in=1777537101.711910 ts_out=1777537101.712533 gw_proc_ms=0.623 traceId=exp-perf5000-002803-8d371122
zt-gateway  | [perf-request-in] ts_in=1777537101.712377 ts_out=1777537101.713025 gw_proc_ms=0.648 traceId=exp-perf5000-002802-8463754c
zt-gateway  | [perf-request-in] ts_in=1777537101.712560 ts_out=1777537101.713189 gw_proc_ms=0.629 traceId=exp-perf5000-002805-6ed6a919
zt-gateway  | [perf-request-in] ts_in=1777537101.713057 ts_out=1777537101.713660 gw_proc_ms=0.603 traceId=exp-perf5000-002804-ba877e9b
zt-gateway  | [perf-request-in] ts_in=1777537101.713215 ts_out=1777537101.713823 gw_proc_ms=0.608 traceId=exp-perf5000-002807-32f7c5d8
zt-gateway  | [perf-request-in] ts_in=1777537101.713693 ts_out=1777537101.714289 gw_proc_ms=0.596 traceId=exp-perf5000-002806-69e11085
zt-gateway  | [perf-request-in] ts_in=1777537101.713845 ts_out=1777537101.714441 gw_proc_ms=0.596 traceId=exp-perf5000-002809-fbd3ff69
zt-gateway  | [perf-request-in] ts_in=1777537101.714321 ts_out=1777537101.714995 gw_proc_ms=0.674 traceId=exp-perf5000-002808-757b24fe
zt-gateway  | [perf-request-in] ts_in=1777537101.714465 ts_out=1777537101.715079 gw_proc_ms=0.614 traceId=exp-perf5000-002811-0b1c091a
zt-gateway  | [perf-request-in] ts_in=1777537101.715027 ts_out=1777537101.715621 gw_proc_ms=0.594 traceId=exp-perf5000-002810-fd94c744
zt-gateway  | [perf-request-in] ts_in=1777537101.715109 ts_out=1777537101.715692 gw_proc_ms=0.583 traceId=exp-perf5000-002813-8e26d6f3
zt-gateway  | [perf-request-in] ts_in=1777537101.715647 ts_out=1777537101.716220 gw_proc_ms=0.573 traceId=exp-perf5000-002812-a5e917d7
zt-gateway  | [perf-request-in] ts_in=1777537101.715724 ts_out=1777537101.716330 gw_proc_ms=0.606 traceId=exp-perf5000-002816-45f2d44a
zt-gateway  | [perf-request-in] ts_in=1777537101.716250 ts_out=1777537101.716860 gw_proc_ms=0.610 traceId=exp-perf5000-002814-ed808379
zt-gateway  | [perf-request-in] ts_in=1777537101.716365 ts_out=1777537101.716957 gw_proc_ms=0.592 traceId=exp-perf5000-002817-b4484ea7
zt-gateway  | [perf-request-in] ts_in=1777537101.716890 ts_out=1777537101.717481 gw_proc_ms=0.591 traceId=exp-perf5000-002815-3a547222
zt-gateway  | [perf-request-in] ts_in=1777537101.716990 ts_out=1777537101.717583 gw_proc_ms=0.593 traceId=exp-perf5000-002819-da8486bd
zt-gateway  | [perf-request-in] ts_in=1777537101.717514 ts_out=1777537101.718108 gw_proc_ms=0.594 traceId=exp-perf5000-002818-1a505b07
zt-gateway  | [perf-request-in] ts_in=1777537101.717616 ts_out=1777537101.718226 gw_proc_ms=0.610 traceId=exp-perf5000-002822-498d503f
zt-gateway  | [perf-request-in] ts_in=1777537101.718139 ts_out=1777537101.718724 gw_proc_ms=0.585 traceId=exp-perf5000-002820-114e52a2
zt-gateway  | [perf-request-in] ts_in=1777537101.718260 ts_out=1777537101.718856 gw_proc_ms=0.596 traceId=exp-perf5000-002824-024cd4c7
zt-gateway  | [perf-request-in] ts_in=1777537101.718755 ts_out=1777537101.719419 gw_proc_ms=0.664 traceId=exp-perf5000-002821-7a86f63f
zt-gateway  | [perf-request-in] ts_in=1777537101.718893 ts_out=1777537101.719539 gw_proc_ms=0.646 traceId=exp-perf5000-002826-ce1e7a13
zt-gateway  | [perf-request-in] ts_in=1777537101.719455 ts_out=1777537101.720058 gw_proc_ms=0.603 traceId=exp-perf5000-002823-786bab2b
zt-gateway  | [perf-request-in] ts_in=1777537101.719574 ts_out=1777537101.720158 gw_proc_ms=0.584 traceId=exp-perf5000-002828-bf3dedf2
zt-gateway  | [perf-request-in] ts_in=1777537101.720090 ts_out=1777537101.720731 gw_proc_ms=0.641 traceId=exp-perf5000-002825-8beed105
zt-gateway  | [perf-request-in] ts_in=1777537101.720189 ts_out=1777537101.720800 gw_proc_ms=0.611 traceId=exp-perf5000-002831-639e136d
zt-gateway  | [perf-request-in] ts_in=1777537101.720761 ts_out=1777537101.721370 gw_proc_ms=0.609 traceId=exp-perf5000-002827-8b4b6ba7
zt-gateway  | [perf-request-in] ts_in=1777537101.720831 ts_out=1777537101.721420 gw_proc_ms=0.589 traceId=exp-perf5000-002832-577b65ce
zt-gateway  | [perf-request-in] ts_in=1777537101.721402 ts_out=1777537101.721997 gw_proc_ms=0.595 traceId=exp-perf5000-002829-2bdbcb58
zt-gateway  | [perf-request-in] ts_in=1777537101.721454 ts_out=1777537101.722053 gw_proc_ms=0.599 traceId=exp-perf5000-002834-3b21588e
zt-gateway  | [perf-request-in] ts_in=1777537101.722028 ts_out=1777537101.722607 gw_proc_ms=0.579 traceId=exp-perf5000-002830-62748334
zt-gateway  | [perf-request-in] ts_in=1777537101.722078 ts_out=1777537101.722677 gw_proc_ms=0.599 traceId=exp-perf5000-002838-dbaa70e1
zt-gateway  | [perf-request-in] ts_in=1777537101.722636 ts_out=1777537101.723264 gw_proc_ms=0.628 traceId=exp-perf5000-002833-aec6fc82
zt-gateway  | [perf-request-in] ts_in=1777537101.722709 ts_out=1777537101.723333 gw_proc_ms=0.624 traceId=exp-perf5000-002837-9b985581
zt-gateway  | [perf-request-in] ts_in=1777537101.723302 ts_out=1777537101.723920 gw_proc_ms=0.618 traceId=exp-perf5000-002835-d2fdc306
zt-gateway  | [perf-request-in] ts_in=1777537101.723372 ts_out=1777537101.723947 gw_proc_ms=0.575 traceId=exp-perf5000-002840-56bdc483
zt-gateway  | [perf-request-in] ts_in=1777537101.723953 ts_out=1777537101.724538 gw_proc_ms=0.585 traceId=exp-perf5000-002836-acb1b63d
zt-gateway  | [perf-request-in] ts_in=1777537101.723980 ts_out=1777537101.724541 gw_proc_ms=0.561 traceId=exp-perf5000-002842-cbdf15c1
zt-gateway  | [perf-request-in] ts_in=1777537101.724572 ts_out=1777537101.725186 gw_proc_ms=0.614 traceId=exp-perf5000-002839-ab28f8e5
zt-gateway  | [perf-request-in] ts_in=1777537101.724570 ts_out=1777537101.725186 gw_proc_ms=0.616 traceId=exp-perf5000-002844-3512f341
zt-gateway  | [perf-request-in] ts_in=1777537101.725222 ts_out=1777537101.725812 gw_proc_ms=0.590 traceId=exp-perf5000-002841-42838ba2
zt-gateway  | [perf-request-in] ts_in=1777537101.725222 ts_out=1777537101.725825 gw_proc_ms=0.603 traceId=exp-perf5000-002845-5e3c5b7e
zt-gateway  | [perf-request-in] ts_in=1777537101.725854 ts_out=1777537101.726451 gw_proc_ms=0.597 traceId=exp-perf5000-002847-bab3c22d
zt-gateway  | [perf-request-in] ts_in=1777537101.725874 ts_out=1777537101.726467 gw_proc_ms=0.593 traceId=exp-perf5000-002843-9289a0ce
zt-gateway  | [perf-request-in] ts_in=1777537101.726494 ts_out=1777537101.727108 gw_proc_ms=0.614 traceId=exp-perf5000-002846-bae87b8a
zt-gateway  | [perf-request-in] ts_in=1777537101.726480 ts_out=1777537101.727252 gw_proc_ms=0.772 traceId=exp-perf5000-002850-dc4fd7bd
zt-gateway  | [perf-request-in] ts_in=1777537101.727139 ts_out=1777537101.727763 gw_proc_ms=0.624 traceId=exp-perf5000-002848-ed78e784
zt-gateway  | [perf-request-in] ts_in=1777537101.727310 ts_out=1777537101.728037 gw_proc_ms=0.727 traceId=exp-perf5000-002851-fdaf6b31
zt-gateway  | [perf-request-in] ts_in=1777537101.727804 ts_out=1777537101.728427 gw_proc_ms=0.623 traceId=exp-perf5000-002849-cace83f8
zt-gateway  | [perf-request-in] ts_in=1777537101.728080 ts_out=1777537101.728757 gw_proc_ms=0.677 traceId=exp-perf5000-002853-543a3d75
zt-gateway  | [perf-request-in] ts_in=1777537101.728457 ts_out=1777537101.729138 gw_proc_ms=0.681 traceId=exp-perf5000-002852-e3fb4086
zt-gateway  | [perf-request-in] ts_in=1777537101.728806 ts_out=1777537101.729558 gw_proc_ms=0.752 traceId=exp-perf5000-002855-d0e9e1ee
zt-gateway  | [perf-request-in] ts_in=1777537101.729174 ts_out=1777537101.729864 gw_proc_ms=0.690 traceId=exp-perf5000-002854-9dbbed53
zt-gateway  | [perf-request-in] ts_in=1777537101.729600 ts_out=1777537101.730325 gw_proc_ms=0.725 traceId=exp-perf5000-002857-50f4e62b
zt-gateway  | [perf-request-in] ts_in=1777537101.729895 ts_out=1777537101.730560 gw_proc_ms=0.665 traceId=exp-perf5000-002856-b5824c4b
zt-gateway  | [perf-request-in] ts_in=1777537101.730363 ts_out=1777537101.731096 gw_proc_ms=0.733 traceId=exp-perf5000-002859-66c28aad
zt-gateway  | [perf-request-in] ts_in=1777537101.730592 ts_out=1777537101.731282 gw_proc_ms=0.690 traceId=exp-perf5000-002858-50751a4d
zt-gateway  | [perf-request-in] ts_in=1777537101.731135 ts_out=1777537101.731855 gw_proc_ms=0.720 traceId=exp-perf5000-002861-7e8e7dab
zt-gateway  | [perf-request-in] ts_in=1777537101.731315 ts_out=1777537101.731989 gw_proc_ms=0.674 traceId=exp-perf5000-002860-4151b0a1
zt-gateway  | [perf-request-in] ts_in=1777537101.731892 ts_out=1777537101.732587 gw_proc_ms=0.695 traceId=exp-perf5000-002863-8b2a5b73
zt-gateway  | [perf-request-in] ts_in=1777537101.732023 ts_out=1777537101.732684 gw_proc_ms=0.661 traceId=exp-perf5000-002862-7e0589b7
zt-gateway  | [perf-request-in] ts_in=1777537101.732625 ts_out=1777537101.733291 gw_proc_ms=0.666 traceId=exp-perf5000-002865-96779178
zt-gateway  | [perf-request-in] ts_in=1777537101.732718 ts_out=1777537101.733389 gw_proc_ms=0.671 traceId=exp-perf5000-002864-20e0f40d
zt-gateway  | [perf-request-in] ts_in=1777537101.733327 ts_out=1777537101.734014 gw_proc_ms=0.687 traceId=exp-perf5000-002867-c2f5da66
zt-gateway  | [perf-request-in] ts_in=1777537101.733422 ts_out=1777537101.734093 gw_proc_ms=0.671 traceId=exp-perf5000-002866-e4b349e6
zt-gateway  | [perf-request-in] ts_in=1777537101.734049 ts_out=1777537101.734709 gw_proc_ms=0.660 traceId=exp-perf5000-002869-f31c9a22
zt-gateway  | [perf-request-in] ts_in=1777537101.734126 ts_out=1777537101.734803 gw_proc_ms=0.677 traceId=exp-perf5000-002868-92595e6a
zt-gateway  | [perf-request-in] ts_in=1777537101.734744 ts_out=1777537101.735456 gw_proc_ms=0.712 traceId=exp-perf5000-002871-698fee74
zt-gateway  | [perf-request-in] ts_in=1777537101.734834 ts_out=1777537101.735504 gw_proc_ms=0.670 traceId=exp-perf5000-002870-6eecad5b
zt-gateway  | [perf-request-in] ts_in=1777537101.735490 ts_out=1777537101.736205 gw_proc_ms=0.715 traceId=exp-perf5000-002873-40a44b8a
zt-gateway  | [perf-request-in] ts_in=1777537101.735538 ts_out=1777537101.736247 gw_proc_ms=0.709 traceId=exp-perf5000-002872-74cbff26
zt-gateway  | [perf-request-in] ts_in=1777537101.736276 ts_out=1777537101.736933 gw_proc_ms=0.657 traceId=exp-perf5000-002874-d707e1a5
zt-gateway  | [perf-request-in] ts_in=1777537101.736242 ts_out=1777537101.736955 gw_proc_ms=0.713 traceId=exp-perf5000-002875-aa4d6b0d
zt-gateway  | [perf-request-in] ts_in=1777537101.736967 ts_out=1777537101.737635 gw_proc_ms=0.668 traceId=exp-perf5000-002876-dd03aa95
zt-gateway  | [perf-request-in] ts_in=1777537101.736990 ts_out=1777537101.737700 gw_proc_ms=0.710 traceId=exp-perf5000-002877-695ad524
zt-gateway  | [perf-request-in] ts_in=1777537101.737664 ts_out=1777537101.738345 gw_proc_ms=0.681 traceId=exp-perf5000-002878-93988761
zt-gateway  | [perf-request-in] ts_in=1777537101.737735 ts_out=1777537101.738558 gw_proc_ms=0.823 traceId=exp-perf5000-002879-39469688
zt-gateway  | [perf-request-in] ts_in=1777537101.738375 ts_out=1777537101.739052 gw_proc_ms=0.677 traceId=exp-perf5000-002880-bd85480d
zt-gateway  | [perf-request-in] ts_in=1777537101.738610 ts_out=1777537101.739490 gw_proc_ms=0.880 traceId=exp-perf5000-002881-6351231a
zt-gateway  | [perf-request-in] ts_in=1777537101.739083 ts_out=1777537101.739728 gw_proc_ms=0.645 traceId=exp-perf5000-002883-a1042682
zt-gateway  | [perf-request-in] ts_in=1777537101.739538 ts_out=1777537101.740197 gw_proc_ms=0.659 traceId=exp-perf5000-002882-f647758f
zt-gateway  | [perf-request-in] ts_in=1777537101.739764 ts_out=1777537101.740366 gw_proc_ms=0.602 traceId=exp-perf5000-002885-323a3025
zt-gateway  | [perf-request-in] ts_in=1777537101.740232 ts_out=1777537101.740872 gw_proc_ms=0.640 traceId=exp-perf5000-002884-b9ea7e47
zt-gateway  | [perf-request-in] ts_in=1777537101.740400 ts_out=1777537101.741045 gw_proc_ms=0.645 traceId=exp-perf5000-002887-cbac7cf5
zt-gateway  | [perf-request-in] ts_in=1777537101.740906 ts_out=1777537101.741554 gw_proc_ms=0.648 traceId=exp-perf5000-002886-0931da9d
zt-gateway  | [perf-request-in] ts_in=1777537101.741076 ts_out=1777537101.741678 gw_proc_ms=0.602 traceId=exp-perf5000-002889-02f4e3df
zt-gateway  | [perf-request-in] ts_in=1777537101.741714 ts_out=1777537101.742335 gw_proc_ms=0.621 traceId=exp-perf5000-002891-60252d4c
zt-gateway  | [perf-request-in] ts_in=1777537101.741586 ts_out=1777537101.742539 gw_proc_ms=0.953 traceId=exp-perf5000-002888-182a97a7
zt-gateway  | [perf-request-in] ts_in=1777537101.742365 ts_out=1777537101.742983 gw_proc_ms=0.618 traceId=exp-perf5000-002893-05a61ba0
zt-gateway  | [perf-request-in] ts_in=1777537101.742592 ts_out=1777537101.743237 gw_proc_ms=0.645 traceId=exp-perf5000-002890-d8c4f93a
zt-gateway  | [perf-request-in] ts_in=1777537101.743016 ts_out=1777537101.743674 gw_proc_ms=0.658 traceId=exp-perf5000-002895-26103245
zt-gateway  | [perf-request-in] ts_in=1777537101.743274 ts_out=1777537101.743893 gw_proc_ms=0.619 traceId=exp-perf5000-002892-a5b1f6d0
zt-gateway  | [perf-request-in] ts_in=1777537101.743716 ts_out=1777537101.744412 gw_proc_ms=0.696 traceId=exp-perf5000-002897-cfd71474
zt-gateway  | [perf-request-in] ts_in=1777537101.743928 ts_out=1777537101.744558 gw_proc_ms=0.630 traceId=exp-perf5000-002894-852a1c4e
zt-gateway  | [perf-request-in] ts_in=1777537101.744452 ts_out=1777537101.745209 gw_proc_ms=0.757 traceId=exp-perf5000-002899-66cb13a6
zt-gateway  | [perf-request-in] ts_in=1777537101.744586 ts_out=1777537101.745232 gw_proc_ms=0.646 traceId=exp-perf5000-002896-c647faa0
zt-gateway  | [perf-request-in] ts_in=1777537101.745264 ts_out=1777537101.745875 gw_proc_ms=0.611 traceId=exp-perf5000-002898-110a0400
zt-gateway  | [perf-request-in] ts_in=1777537101.745248 ts_out=1777537101.745944 gw_proc_ms=0.696 traceId=exp-perf5000-002901-d94a60c5
zt-gateway  | [perf-request-in] ts_in=1777537101.745905 ts_out=1777537101.746495 gw_proc_ms=0.590 traceId=exp-perf5000-002900-72ca2f18
zt-gateway  | [perf-request-in] ts_in=1777537101.745987 ts_out=1777537101.746664 gw_proc_ms=0.677 traceId=exp-perf5000-002903-53d1d49f
zt-gateway  | [perf-request-in] ts_in=1777537101.746702 ts_out=1777537101.747316 gw_proc_ms=0.614 traceId=exp-perf5000-002905-226db948
zt-gateway  | [perf-request-in] ts_in=1777537101.746620 ts_out=1777537101.747362 gw_proc_ms=0.742 traceId=exp-perf5000-002902-c2918455
zt-gateway  | [perf-request-in] ts_in=1777537101.747348 ts_out=1777537101.747948 gw_proc_ms=0.600 traceId=exp-perf5000-002907-4f8b0012
zt-gateway  | [perf-request-in] ts_in=1777537101.747396 ts_out=1777537101.748091 gw_proc_ms=0.695 traceId=exp-perf5000-002904-41e88ba4
zt-gateway  | [perf-request-in] ts_in=1777537101.747975 ts_out=1777537101.748579 gw_proc_ms=0.604 traceId=exp-perf5000-002909-a8d29c34
zt-gateway  | [perf-request-in] ts_in=1777537101.748124 ts_out=1777537101.748754 gw_proc_ms=0.630 traceId=exp-perf5000-002906-a99958f5
zt-gateway  | [perf-request-in] ts_in=1777537101.748610 ts_out=1777537101.749210 gw_proc_ms=0.600 traceId=exp-perf5000-002911-fcc41464
zt-gateway  | [perf-request-in] ts_in=1777537101.748794 ts_out=1777537101.749414 gw_proc_ms=0.620 traceId=exp-perf5000-002908-a1d76f9f
zt-gateway  | [perf-request-in] ts_in=1777537101.749236 ts_out=1777537101.749849 gw_proc_ms=0.613 traceId=exp-perf5000-002913-5d8a3a80
zt-gateway  | [perf-request-in] ts_in=1777537101.749449 ts_out=1777537101.750083 gw_proc_ms=0.634 traceId=exp-perf5000-002910-5fd2046f
zt-gateway  | [perf-request-in] ts_in=1777537101.749883 ts_out=1777537101.750461 gw_proc_ms=0.578 traceId=exp-perf5000-002915-490134a1
zt-gateway  | [perf-request-in] ts_in=1777537101.750119 ts_out=1777537101.750746 gw_proc_ms=0.627 traceId=exp-perf5000-002912-f5dd896b
zt-gateway  | [perf-request-in] ts_in=1777537101.750487 ts_out=1777537101.751101 gw_proc_ms=0.614 traceId=exp-perf5000-002917-29879fd1
zt-gateway  | [perf-request-in] ts_in=1777537101.750791 ts_out=1777537101.751440 gw_proc_ms=0.649 traceId=exp-perf5000-002914-779a0ea9
zt-gateway  | [perf-request-in] ts_in=1777537101.751134 ts_out=1777537101.751751 gw_proc_ms=0.617 traceId=exp-perf5000-002919-2cfa6add
zt-gateway  | [perf-request-in] ts_in=1777537101.751480 ts_out=1777537101.752110 gw_proc_ms=0.630 traceId=exp-perf5000-002916-d5ac53a6
zt-gateway  | [perf-request-in] ts_in=1777537101.751797 ts_out=1777537101.752416 gw_proc_ms=0.619 traceId=exp-perf5000-002921-340f7f76
zt-gateway  | [perf-request-in] ts_in=1777537101.752149 ts_out=1777537101.752811 gw_proc_ms=0.662 traceId=exp-perf5000-002918-87d17ba4
zt-gateway  | [perf-request-in] ts_in=1777537101.752452 ts_out=1777537101.753108 gw_proc_ms=0.656 traceId=exp-perf5000-002923-06e7cf3e
zt-gateway  | [perf-request-in] ts_in=1777537101.752848 ts_out=1777537101.753502 gw_proc_ms=0.654 traceId=exp-perf5000-002920-68144aa3
zt-gateway  | [perf-request-in] ts_in=1777537101.753141 ts_out=1777537101.753730 gw_proc_ms=0.589 traceId=exp-perf5000-002925-0c3983d0
zt-gateway  | [perf-request-in] ts_in=1777537101.753544 ts_out=1777537101.754204 gw_proc_ms=0.660 traceId=exp-perf5000-002922-f00f7194
zt-gateway  | [perf-request-in] ts_in=1777537101.753763 ts_out=1777537101.754425 gw_proc_ms=0.662 traceId=exp-perf5000-002927-d4b32418
zt-gateway  | [perf-request-in] ts_in=1777537101.754246 ts_out=1777537101.754915 gw_proc_ms=0.669 traceId=exp-perf5000-002924-40d85a63
zt-gateway  | [perf-request-in] ts_in=1777537101.754460 ts_out=1777537101.755112 gw_proc_ms=0.652 traceId=exp-perf5000-002929-dbbca3d5
zt-gateway  | [perf-request-in] ts_in=1777537101.754957 ts_out=1777537101.755591 gw_proc_ms=0.634 traceId=exp-perf5000-002926-00da4566
zt-gateway  | [perf-request-in] ts_in=1777537101.755166 ts_out=1777537101.755840 gw_proc_ms=0.674 traceId=exp-perf5000-002931-daccfc77
zt-gateway  | [perf-request-in] ts_in=1777537101.755630 ts_out=1777537101.756274 gw_proc_ms=0.644 traceId=exp-perf5000-002928-0c63e48e
zt-gateway  | [perf-request-in] ts_in=1777537101.755882 ts_out=1777537101.756526 gw_proc_ms=0.644 traceId=exp-perf5000-002933-96b3ba54
zt-gateway  | [perf-request-in] ts_in=1777537101.756314 ts_out=1777537101.756989 gw_proc_ms=0.675 traceId=exp-perf5000-002930-f7cafc04
zt-gateway  | [perf-request-in] ts_in=1777537101.756563 ts_out=1777537101.757356 gw_proc_ms=0.793 traceId=exp-perf5000-002935-f8dc5d6d
zt-gateway  | [perf-request-in] ts_in=1777537101.757021 ts_out=1777537101.757669 gw_proc_ms=0.648 traceId=exp-perf5000-002932-ca001ada
zt-gateway  | [perf-request-in] ts_in=1777537101.757403 ts_out=1777537101.758117 gw_proc_ms=0.714 traceId=exp-perf5000-002938-d3786eab
zt-gateway  | [perf-request-in] ts_in=1777537101.757709 ts_out=1777537101.758374 gw_proc_ms=0.665 traceId=exp-perf5000-002934-23e57bf0
zt-gateway  | [perf-request-in] ts_in=1777537101.758158 ts_out=1777537101.758828 gw_proc_ms=0.670 traceId=exp-perf5000-002940-246b46f7
zt-gateway  | [perf-request-in] ts_in=1777537101.758411 ts_out=1777537101.759030 gw_proc_ms=0.619 traceId=exp-perf5000-002936-957bfd25
zt-gateway  | [perf-request-in] ts_in=1777537101.758862 ts_out=1777537101.759502 gw_proc_ms=0.640 traceId=exp-perf5000-002942-f3bf780f
zt-gateway  | [perf-request-in] ts_in=1777537101.759071 ts_out=1777537101.759675 gw_proc_ms=0.604 traceId=exp-perf5000-002937-4b0a87c6
zt-gateway  | [perf-request-in] ts_in=1777537101.759541 ts_out=1777537101.760186 gw_proc_ms=0.645 traceId=exp-perf5000-002943-69d3f71f
zt-gateway  | [perf-request-in] ts_in=1777537101.759705 ts_out=1777537101.760304 gw_proc_ms=0.599 traceId=exp-perf5000-002939-a3706a23
zt-gateway  | [perf-request-in] ts_in=1777537101.760224 ts_out=1777537101.760870 gw_proc_ms=0.646 traceId=exp-perf5000-002946-e16f9ba6
zt-gateway  | [perf-request-in] ts_in=1777537101.760335 ts_out=1777537101.760942 gw_proc_ms=0.607 traceId=exp-perf5000-002941-071aa54d
zt-gateway  | [perf-request-in] ts_in=1777537101.760904 ts_out=1777537101.761524 gw_proc_ms=0.620 traceId=exp-perf5000-002947-754fd91d
zt-gateway  | [perf-request-in] ts_in=1777537101.760968 ts_out=1777537101.761535 gw_proc_ms=0.567 traceId=exp-perf5000-002944-228aad0e
zt-gateway  | [perf-request-in] ts_in=1777537101.761563 ts_out=1777537101.762176 gw_proc_ms=0.613 traceId=exp-perf5000-002945-13fbbff9
zt-gateway  | [perf-request-in] ts_in=1777537101.761560 ts_out=1777537101.762200 gw_proc_ms=0.640 traceId=exp-perf5000-002949-bc00714b
zt-gateway  | [perf-request-in] ts_in=1777537101.762205 ts_out=1777537101.762813 gw_proc_ms=0.608 traceId=exp-perf5000-002948-d491327b
zt-gateway  | [perf-request-in] ts_in=1777537101.762227 ts_out=1777537101.762860 gw_proc_ms=0.633 traceId=exp-perf5000-002951-fbf8cb01
zt-gateway  | [perf-request-in] ts_in=1777537101.762838 ts_out=1777537101.763435 gw_proc_ms=0.597 traceId=exp-perf5000-002950-f12c0056
zt-gateway  | [perf-request-in] ts_in=1777537101.762887 ts_out=1777537101.763522 gw_proc_ms=0.635 traceId=exp-perf5000-002953-7579f409
zt-gateway  | [perf-request-in] ts_in=1777537101.763466 ts_out=1777537101.764092 gw_proc_ms=0.626 traceId=exp-perf5000-002952-3ea77464
zt-gateway  | [perf-request-in] ts_in=1777537101.763555 ts_out=1777537101.764239 gw_proc_ms=0.684 traceId=exp-perf5000-002955-2b714e2d
zt-gateway  | [perf-request-in] ts_in=1777537101.764130 ts_out=1777537101.764734 gw_proc_ms=0.604 traceId=exp-perf5000-002954-d1a40039
zt-gateway  | [perf-request-in] ts_in=1777537101.764271 ts_out=1777537101.764908 gw_proc_ms=0.637 traceId=exp-perf5000-002957-2ed469bc
zt-gateway  | [perf-request-in] ts_in=1777537101.764765 ts_out=1777537101.765360 gw_proc_ms=0.595 traceId=exp-perf5000-002956-1e7c838f
zt-gateway  | [perf-request-in] ts_in=1777537101.764939 ts_out=1777537101.765560 gw_proc_ms=0.621 traceId=exp-perf5000-002959-9649abb9
zt-gateway  | [perf-request-in] ts_in=1777537101.765390 ts_out=1777537101.766016 gw_proc_ms=0.626 traceId=exp-perf5000-002958-9af7a2bb
zt-gateway  | [perf-request-in] ts_in=1777537101.765592 ts_out=1777537101.766226 gw_proc_ms=0.634 traceId=exp-perf5000-002961-ee951d29
zt-gateway  | [perf-request-in] ts_in=1777537101.766045 ts_out=1777537101.766628 gw_proc_ms=0.583 traceId=exp-perf5000-002960-b5568928
zt-gateway  | [perf-request-in] ts_in=1777537101.766260 ts_out=1777537101.766913 gw_proc_ms=0.653 traceId=exp-perf5000-002963-bfef154d
zt-gateway  | [perf-request-in] ts_in=1777537101.766653 ts_out=1777537101.767226 gw_proc_ms=0.573 traceId=exp-perf5000-002962-b81d6040
zt-gateway  | [perf-request-in] ts_in=1777537101.766941 ts_out=1777537101.767555 gw_proc_ms=0.614 traceId=exp-perf5000-002965-781fdd8d
zt-gateway  | [perf-request-in] ts_in=1777537101.767247 ts_out=1777537101.767919 gw_proc_ms=0.672 traceId=exp-perf5000-002964-cdc54e13
zt-gateway  | [perf-request-in] ts_in=1777537101.767583 ts_out=1777537101.768222 gw_proc_ms=0.639 traceId=exp-perf5000-002967-53855ead
zt-gateway  | [perf-request-in] ts_in=1777537101.767952 ts_out=1777537101.768547 gw_proc_ms=0.595 traceId=exp-perf5000-002966-1918ff54
zt-gateway  | [perf-request-in] ts_in=1777537101.768254 ts_out=1777537101.768907 gw_proc_ms=0.653 traceId=exp-perf5000-002969-13dd60b3
zt-gateway  | [perf-request-in] ts_in=1777537101.768573 ts_out=1777537101.769199 gw_proc_ms=0.626 traceId=exp-perf5000-002968-db28ea6e
zt-gateway  | [perf-request-in] ts_in=1777537101.768944 ts_out=1777537101.769549 gw_proc_ms=0.605 traceId=exp-perf5000-002970-edcb1827
zt-gateway  | [perf-request-in] ts_in=1777537101.769231 ts_out=1777537101.769837 gw_proc_ms=0.606 traceId=exp-perf5000-002971-1c8c5bbc
zt-gateway  | [perf-request-in] ts_in=1777537101.769583 ts_out=1777537101.770210 gw_proc_ms=0.627 traceId=exp-perf5000-002973-0de95ee6
zt-gateway  | [perf-request-in] ts_in=1777537101.769865 ts_out=1777537101.770461 gw_proc_ms=0.596 traceId=exp-perf5000-002972-a664719c
zt-gateway  | [perf-request-in] ts_in=1777537101.770243 ts_out=1777537101.770874 gw_proc_ms=0.631 traceId=exp-perf5000-002974-f8102509
zt-gateway  | [perf-request-in] ts_in=1777537101.770486 ts_out=1777537101.771099 gw_proc_ms=0.613 traceId=exp-perf5000-002975-d160f3e7
zt-gateway  | [perf-request-in] ts_in=1777537101.770915 ts_out=1777537101.771516 gw_proc_ms=0.601 traceId=exp-perf5000-002977-e4e2ef2a
zt-gateway  | [perf-request-in] ts_in=1777537101.771130 ts_out=1777537101.771705 gw_proc_ms=0.575 traceId=exp-perf5000-002976-7958f66a
zt-gateway  | [perf-request-in] ts_in=1777537101.771548 ts_out=1777537101.772155 gw_proc_ms=0.607 traceId=exp-perf5000-002978-a00d96fd
zt-gateway  | [perf-request-in] ts_in=1777537101.771733 ts_out=1777537101.772312 gw_proc_ms=0.579 traceId=exp-perf5000-002979-accfae86
zt-gateway  | [perf-request-in] ts_in=1777537101.772180 ts_out=1777537101.772791 gw_proc_ms=0.611 traceId=exp-perf5000-002980-41388b5d
zt-gateway  | [perf-request-in] ts_in=1777537101.772340 ts_out=1777537101.772916 gw_proc_ms=0.576 traceId=exp-perf5000-002981-38b74db2
zt-gateway  | [perf-request-in] ts_in=1777537101.772819 ts_out=1777537101.773414 gw_proc_ms=0.595 traceId=exp-perf5000-002982-154b67a4
zt-gateway  | [perf-request-in] ts_in=1777537101.772937 ts_out=1777537101.773531 gw_proc_ms=0.594 traceId=exp-perf5000-002983-61ed3587
zt-gateway  | [perf-request-in] ts_in=1777537101.773439 ts_out=1777537101.774056 gw_proc_ms=0.617 traceId=exp-perf5000-002984-59ae950c
zt-gateway  | [perf-request-in] ts_in=1777537101.773556 ts_out=1777537101.774158 gw_proc_ms=0.602 traceId=exp-perf5000-002985-21ce4e93
zt-gateway  | [perf-request-in] ts_in=1777537101.774085 ts_out=1777537101.774680 gw_proc_ms=0.595 traceId=exp-perf5000-002986-14065422
zt-gateway  | [perf-request-in] ts_in=1777537101.774179 ts_out=1777537101.774768 gw_proc_ms=0.589 traceId=exp-perf5000-002987-f0536aa3
zt-gateway  | [perf-request-in] ts_in=1777537101.774713 ts_out=1777537101.775526 gw_proc_ms=0.813 traceId=exp-perf5000-002988-4163393e
zt-gateway  | [perf-request-in] ts_in=1777537101.774810 ts_out=1777537101.775560 gw_proc_ms=0.750 traceId=exp-perf5000-002990-ac0f31fa
zt-gateway  | [perf-request-in] ts_in=1777537101.775598 ts_out=1777537101.776443 gw_proc_ms=0.845 traceId=exp-perf5000-002992-cbca2fd0
zt-gateway  | [perf-request-in] ts_in=1777537101.775571 ts_out=1777537101.776475 gw_proc_ms=0.904 traceId=exp-perf5000-002989-5ffae995
zt-gateway  | [perf-request-in] ts_in=1777537101.776481 ts_out=1777537101.777315 gw_proc_ms=0.834 traceId=exp-perf5000-002994-16697b39
zt-gateway  | [perf-request-in] ts_in=1777537101.776515 ts_out=1777537101.777401 gw_proc_ms=0.886 traceId=exp-perf5000-002991-fe563daf
zt-gateway  | [perf-request-in] ts_in=1777537101.777343 ts_out=1777537101.778025 gw_proc_ms=0.682 traceId=exp-perf5000-002996-989ee2fa
zt-gateway  | [perf-request-in] ts_in=1777537101.777447 ts_out=1777537101.778175 gw_proc_ms=0.728 traceId=exp-perf5000-002993-cdf03813
zt-gateway  | [perf-request-in] ts_in=1777537101.778059 ts_out=1777537101.778797 gw_proc_ms=0.738 traceId=exp-perf5000-002997-65926fc2
zt-gateway  | [perf-request-in] ts_in=1777537101.778217 ts_out=1777537101.778978 gw_proc_ms=0.761 traceId=exp-perf5000-002995-8150117c
zt-gateway  | [perf-request-in] ts_in=1777537101.778833 ts_out=1777537101.779476 gw_proc_ms=0.643 traceId=exp-perf5000-002999-b0e3cb0d
zt-gateway  | [perf-request-in] ts_in=1777537101.779019 ts_out=1777537101.779920 gw_proc_ms=0.901 traceId=exp-perf5000-002998-82cd3ba8
zt-gateway  | [perf-request-in] ts_in=1777537101.779511 ts_out=1777537101.780201 gw_proc_ms=0.690 traceId=exp-perf5000-003001-c9ea25c4
zt-gateway  | [perf-request-in] ts_in=1777537101.779961 ts_out=1777537101.780692 gw_proc_ms=0.731 traceId=exp-perf5000-003000-0209129c
zt-gateway  | [perf-request-in] ts_in=1777537101.780241 ts_out=1777537101.780941 gw_proc_ms=0.700 traceId=exp-perf5000-003003-4f8bc0e0
zt-gateway  | [perf-request-in] ts_in=1777537101.780736 ts_out=1777537101.781423 gw_proc_ms=0.687 traceId=exp-perf5000-003002-8bd37c92
zt-gateway  | [perf-request-in] ts_in=1777537101.780977 ts_out=1777537101.781988 gw_proc_ms=1.011 traceId=exp-perf5000-003006-e717bb26
zt-gateway  | [perf-request-in] ts_in=1777537101.781470 ts_out=1777537101.782260 gw_proc_ms=0.790 traceId=exp-perf5000-003004-58178de5
zt-gateway  | [perf-request-in] ts_in=1777537101.782049 ts_out=1777537101.782806 gw_proc_ms=0.757 traceId=exp-perf5000-003008-90fc750e
zt-gateway  | [perf-request-in] ts_in=1777537101.782482 ts_out=1777537101.783405 gw_proc_ms=0.923 traceId=exp-perf5000-003005-7aef38ed
zt-gateway  | [perf-request-in] ts_in=1777537101.782842 ts_out=1777537101.783555 gw_proc_ms=0.713 traceId=exp-perf5000-003010-78f6209e
zt-gateway  | [perf-request-in] ts_in=1777537101.783447 ts_out=1777537101.784080 gw_proc_ms=0.633 traceId=exp-perf5000-003007-f3e02853
zt-gateway  | [perf-request-in] ts_in=1777537101.783585 ts_out=1777537101.784250 gw_proc_ms=0.665 traceId=exp-perf5000-003012-a74649ec
zt-gateway  | [perf-request-in] ts_in=1777537101.784114 ts_out=1777537101.784812 gw_proc_ms=0.698 traceId=exp-perf5000-003009-a7c619cd
zt-gateway  | [perf-request-in] ts_in=1777537101.784295 ts_out=1777537101.784951 gw_proc_ms=0.656 traceId=exp-perf5000-003014-2642ea02
zt-gateway  | [perf-request-in] ts_in=1777537101.784873 ts_out=1777537101.785590 gw_proc_ms=0.717 traceId=exp-perf5000-003011-bbfd8a0b
zt-gateway  | [perf-request-in] ts_in=1777537101.784995 ts_out=1777537101.785654 gw_proc_ms=0.659 traceId=exp-perf5000-003016-516cdad1
zt-gateway  | [perf-request-in] ts_in=1777537101.785623 ts_out=1777537101.786262 gw_proc_ms=0.639 traceId=exp-perf5000-003013-2594e931
zt-gateway  | [perf-request-in] ts_in=1777537101.785691 ts_out=1777537101.786323 gw_proc_ms=0.632 traceId=exp-perf5000-003018-a627d32f
zt-gateway  | [perf-request-in] ts_in=1777537101.786298 ts_out=1777537101.786959 gw_proc_ms=0.661 traceId=exp-perf5000-003015-a158febf
zt-gateway  | [perf-request-in] ts_in=1777537101.786359 ts_out=1777537101.787003 gw_proc_ms=0.644 traceId=exp-perf5000-003020-fd06d87a
zt-gateway  | [perf-request-in] ts_in=1777537101.786999 ts_out=1777537101.787666 gw_proc_ms=0.667 traceId=exp-perf5000-003017-a80a1b17
zt-gateway  | [perf-request-in] ts_in=1777537101.787039 ts_out=1777537101.787666 gw_proc_ms=0.627 traceId=exp-perf5000-003022-1b0813fe
zt-gateway  | [perf-request-in] ts_in=1777537101.787703 ts_out=1777537101.788366 gw_proc_ms=0.663 traceId=exp-perf5000-003019-df46f88e
zt-gateway  | [perf-request-in] ts_in=1777537101.787704 ts_out=1777537101.788400 gw_proc_ms=0.696 traceId=exp-perf5000-003024-3062db23
zt-gateway  | [perf-request-in] ts_in=1777537101.788398 ts_out=1777537101.789041 gw_proc_ms=0.643 traceId=exp-perf5000-003021-c7749028
zt-gateway  | [perf-request-in] ts_in=1777537101.788438 ts_out=1777537101.789128 gw_proc_ms=0.690 traceId=exp-perf5000-003026-a40eb4e0
zt-gateway  | [perf-request-in] ts_in=1777537101.789075 ts_out=1777537101.789682 gw_proc_ms=0.607 traceId=exp-perf5000-003023-065be4d4
zt-gateway  | [perf-request-in] ts_in=1777537101.789171 ts_out=1777537101.790014 gw_proc_ms=0.843 traceId=exp-perf5000-003028-f3c1c4e8
zt-gateway  | [perf-request-in] ts_in=1777537101.789712 ts_out=1777537101.790403 gw_proc_ms=0.691 traceId=exp-perf5000-003025-b52f3a26
zt-gateway  | [perf-request-in] ts_in=1777537101.790051 ts_out=1777537101.790699 gw_proc_ms=0.648 traceId=exp-perf5000-003030-29872cc1
zt-gateway  | [perf-request-in] ts_in=1777537101.790438 ts_out=1777537101.791218 gw_proc_ms=0.780 traceId=exp-perf5000-003027-7de92136
zt-gateway  | [perf-request-in] ts_in=1777537101.790740 ts_out=1777537101.791599 gw_proc_ms=0.859 traceId=exp-perf5000-003032-a2077a57
zt-gateway  | [perf-request-in] ts_in=1777537101.791270 ts_out=1777537101.792185 gw_proc_ms=0.915 traceId=exp-perf5000-003029-bbda7801
zt-gateway  | [perf-request-in] ts_in=1777537101.791649 ts_out=1777537101.792450 gw_proc_ms=0.801 traceId=exp-perf5000-003034-7f9af250
zt-gateway  | [perf-request-in] ts_in=1777537101.792241 ts_out=1777537101.793261 gw_proc_ms=1.020 traceId=exp-perf5000-003031-559f9d2d
zt-gateway  | [perf-request-in] ts_in=1777537101.792484 ts_out=1777537101.793402 gw_proc_ms=0.918 traceId=exp-perf5000-003036-863970f2
zt-gateway  | [perf-request-in] ts_in=1777537101.793308 ts_out=1777537101.794389 gw_proc_ms=1.081 traceId=exp-perf5000-003033-536d56a5
zt-gateway  | [perf-request-in] ts_in=1777537101.793437 ts_out=1777537101.794421 gw_proc_ms=0.984 traceId=exp-perf5000-003038-90fd3119
zt-gateway  | [perf-request-in] ts_in=1777537101.794464 ts_out=1777537101.795420 gw_proc_ms=0.956 traceId=exp-perf5000-003040-f720d0fd
zt-gateway  | [perf-request-in] ts_in=1777537101.794443 ts_out=1777537101.795491 gw_proc_ms=1.048 traceId=exp-perf5000-003035-4c719a76
zt-gateway  | [perf-request-in] ts_in=1777537101.795457 ts_out=1777537101.796601 gw_proc_ms=1.144 traceId=exp-perf5000-003042-85276eaa
zt-gateway  | [perf-request-in] ts_in=1777537101.795540 ts_out=1777537101.796809 gw_proc_ms=1.269 traceId=exp-perf5000-003037-43f42a4a
zt-gateway  | [perf-request-in] ts_in=1777537101.796654 ts_out=1777537101.797427 gw_proc_ms=0.773 traceId=exp-perf5000-003044-a2e632ec
zt-gateway  | [perf-request-in] ts_in=1777537101.796857 ts_out=1777537101.797580 gw_proc_ms=0.723 traceId=exp-perf5000-003039-bd1dc24c
zt-gateway  | [perf-request-in] ts_in=1777537101.797457 ts_out=1777537101.798102 gw_proc_ms=0.645 traceId=exp-perf5000-003045-79cb1212
zt-gateway  | [perf-request-in] ts_in=1777537101.797622 ts_out=1777537101.798295 gw_proc_ms=0.673 traceId=exp-perf5000-003041-4e9db2f4
zt-gateway  | [perf-request-in] ts_in=1777537101.798136 ts_out=1777537101.798719 gw_proc_ms=0.583 traceId=exp-perf5000-003047-7f01f32e
zt-gateway  | [perf-request-in] ts_in=1777537101.798328 ts_out=1777537101.798962 gw_proc_ms=0.634 traceId=exp-perf5000-003043-e80adaed
zt-gateway  | [perf-request-in] ts_in=1777537101.798751 ts_out=1777537101.799400 gw_proc_ms=0.649 traceId=exp-perf5000-003050-946b9eba
zt-gateway  | [perf-request-in] ts_in=1777537101.799021 ts_out=1777537101.799662 gw_proc_ms=0.641 traceId=exp-perf5000-003046-bc625c10
zt-gateway  | [perf-request-in] ts_in=1777537101.799433 ts_out=1777537101.800138 gw_proc_ms=0.705 traceId=exp-perf5000-003051-9c057239
zt-gateway  | [perf-request-in] ts_in=1777537101.799696 ts_out=1777537101.800394 gw_proc_ms=0.698 traceId=exp-perf5000-003048-0b46d5db
zt-gateway  | [perf-request-in] ts_in=1777537101.800186 ts_out=1777537101.800870 gw_proc_ms=0.684 traceId=exp-perf5000-003053-9408bb29
zt-gateway  | [perf-request-in] ts_in=1777537101.800433 ts_out=1777537101.801114 gw_proc_ms=0.681 traceId=exp-perf5000-003049-30cdd056
zt-gateway  | [perf-request-in] ts_in=1777537101.800909 ts_out=1777537101.801572 gw_proc_ms=0.663 traceId=exp-perf5000-003055-694519fe
zt-gateway  | [perf-request-in] ts_in=1777537101.801152 ts_out=1777537101.801813 gw_proc_ms=0.661 traceId=exp-perf5000-003052-11ebd1c9
zt-gateway  | [perf-request-in] ts_in=1777537101.801609 ts_out=1777537101.802294 gw_proc_ms=0.685 traceId=exp-perf5000-003057-1f219dd3
zt-gateway  | [perf-request-in] ts_in=1777537101.801850 ts_out=1777537101.802495 gw_proc_ms=0.645 traceId=exp-perf5000-003054-fbfad394
zt-gateway  | [perf-request-in] ts_in=1777537101.802338 ts_out=1777537101.802988 gw_proc_ms=0.650 traceId=exp-perf5000-003059-e6793c39
zt-gateway  | [perf-request-in] ts_in=1777537101.802524 ts_out=1777537101.803200 gw_proc_ms=0.676 traceId=exp-perf5000-003056-7550befc
zt-gateway  | [perf-request-in] ts_in=1777537101.803024 ts_out=1777537101.803662 gw_proc_ms=0.638 traceId=exp-perf5000-003061-155a4434
zt-gateway  | [perf-request-in] ts_in=1777537101.803237 ts_out=1777537101.803843 gw_proc_ms=0.606 traceId=exp-perf5000-003058-d1e0f67c
zt-gateway  | [perf-request-in] ts_in=1777537101.803695 ts_out=1777537101.804345 gw_proc_ms=0.650 traceId=exp-perf5000-003063-2e084d03
zt-gateway  | [perf-request-in] ts_in=1777537101.803873 ts_out=1777537101.804483 gw_proc_ms=0.610 traceId=exp-perf5000-003060-be177a42
zt-gateway  | [perf-request-in] ts_in=1777537101.804374 ts_out=1777537101.805036 gw_proc_ms=0.662 traceId=exp-perf5000-003065-0498a8bf
zt-gateway  | [perf-request-in] ts_in=1777537101.804517 ts_out=1777537101.805152 gw_proc_ms=0.635 traceId=exp-perf5000-003062-852976b4
zt-gateway  | [perf-request-in] ts_in=1777537101.805074 ts_out=1777537101.805698 gw_proc_ms=0.624 traceId=exp-perf5000-003067-9a8adaee
zt-gateway  | [perf-request-in] ts_in=1777537101.805184 ts_out=1777537101.805797 gw_proc_ms=0.613 traceId=exp-perf5000-003064-c79eb02b
zt-gateway  | [perf-request-in] ts_in=1777537101.805732 ts_out=1777537101.806362 gw_proc_ms=0.630 traceId=exp-perf5000-003069-4ab588cf
zt-gateway  | [perf-request-in] ts_in=1777537101.805824 ts_out=1777537101.806463 gw_proc_ms=0.639 traceId=exp-perf5000-003066-666d8925
zt-gateway  | [perf-request-in] ts_in=1777537101.806397 ts_out=1777537101.807058 gw_proc_ms=0.661 traceId=exp-perf5000-003071-aff04534
zt-gateway  | [perf-request-in] ts_in=1777537101.806491 ts_out=1777537101.807118 gw_proc_ms=0.627 traceId=exp-perf5000-003068-46bd00b8
zt-gateway  | [perf-request-in] ts_in=1777537101.807089 ts_out=1777537101.807695 gw_proc_ms=0.606 traceId=exp-perf5000-003073-babc047e
zt-gateway  | [perf-request-in] ts_in=1777537101.807147 ts_out=1777537101.807759 gw_proc_ms=0.612 traceId=exp-perf5000-003070-5f52cc2b
zt-gateway  | [perf-request-in] ts_in=1777537101.807731 ts_out=1777537101.808327 gw_proc_ms=0.596 traceId=exp-perf5000-003075-c88f7a9c
zt-gateway  | [perf-request-in] ts_in=1777537101.807790 ts_out=1777537101.808379 gw_proc_ms=0.589 traceId=exp-perf5000-003072-5ff74002
zt-gateway  | [perf-request-in] ts_in=1777537101.808381 ts_out=1777537101.809038 gw_proc_ms=0.657 traceId=exp-perf5000-003077-d8ca788c
zt-gateway  | [perf-request-in] ts_in=1777537101.808409 ts_out=1777537101.809040 gw_proc_ms=0.631 traceId=exp-perf5000-003074-5af0ae84
zt-gateway  | [perf-request-in] ts_in=1777537101.809068 ts_out=1777537101.809677 gw_proc_ms=0.609 traceId=exp-perf5000-003076-f965696e
zt-gateway  | [perf-request-in] ts_in=1777537101.809074 ts_out=1777537101.809712 gw_proc_ms=0.638 traceId=exp-perf5000-003079-27d1ace7
zt-gateway  | [perf-request-in] ts_in=1777537101.809703 ts_out=1777537101.810388 gw_proc_ms=0.685 traceId=exp-perf5000-003078-35954a00
zt-gateway  | [perf-request-in] ts_in=1777537101.809742 ts_out=1777537101.810394 gw_proc_ms=0.652 traceId=exp-perf5000-003081-14ecebdb
zt-gateway  | [perf-request-in] ts_in=1777537101.810425 ts_out=1777537101.811035 gw_proc_ms=0.610 traceId=exp-perf5000-003083-5acfc047
zt-gateway  | [perf-request-in] ts_in=1777537101.810427 ts_out=1777537101.811057 gw_proc_ms=0.630 traceId=exp-perf5000-003080-7a6f88c3
zt-gateway  | [perf-request-in] ts_in=1777537101.811066 ts_out=1777537101.811674 gw_proc_ms=0.608 traceId=exp-perf5000-003084-21863871
zt-gateway  | [perf-request-in] ts_in=1777537101.811088 ts_out=1777537101.811722 gw_proc_ms=0.634 traceId=exp-perf5000-003082-39ed8227
zt-gateway  | [perf-request-in] ts_in=1777537101.811709 ts_out=1777537101.812326 gw_proc_ms=0.617 traceId=exp-perf5000-003086-06eebea5
zt-gateway  | [perf-request-in] ts_in=1777537101.811762 ts_out=1777537101.812388 gw_proc_ms=0.626 traceId=exp-perf5000-003085-02a1afcb
zt-gateway  | [perf-request-in] ts_in=1777537101.812352 ts_out=1777537101.812949 gw_proc_ms=0.597 traceId=exp-perf5000-003089-1bac83ad
zt-gateway  | [perf-request-in] ts_in=1777537101.812420 ts_out=1777537101.813040 gw_proc_ms=0.620 traceId=exp-perf5000-003087-66ee4867
zt-gateway  | [perf-request-in] ts_in=1777537101.812978 ts_out=1777537101.813571 gw_proc_ms=0.593 traceId=exp-perf5000-003091-be821cec
zt-gateway  | [perf-request-in] ts_in=1777537101.813075 ts_out=1777537101.813671 gw_proc_ms=0.596 traceId=exp-perf5000-003088-a2ac52d9
zt-gateway  | [perf-request-in] ts_in=1777537101.813602 ts_out=1777537101.814207 gw_proc_ms=0.605 traceId=exp-perf5000-003092-161e5efa
zt-gateway  | [perf-request-in] ts_in=1777537101.813703 ts_out=1777537101.814296 gw_proc_ms=0.593 traceId=exp-perf5000-003090-636ebde6
zt-gateway  | [perf-request-in] ts_in=1777537101.814237 ts_out=1777537101.814915 gw_proc_ms=0.678 traceId=exp-perf5000-003094-519ac1e5
zt-gateway  | [perf-request-in] ts_in=1777537101.814329 ts_out=1777537101.815061 gw_proc_ms=0.732 traceId=exp-perf5000-003093-cf1d3137
zt-gateway  | [perf-request-in] ts_in=1777537101.814949 ts_out=1777537101.815714 gw_proc_ms=0.765 traceId=exp-perf5000-003096-24a5cbc0
zt-gateway  | [perf-request-in] ts_in=1777537101.815112 ts_out=1777537101.815891 gw_proc_ms=0.779 traceId=exp-perf5000-003095-2cf843a4
zt-gateway  | [perf-request-in] ts_in=1777537101.815750 ts_out=1777537101.816769 gw_proc_ms=1.019 traceId=exp-perf5000-003098-a3bc2355
zt-gateway  | [perf-request-in] ts_in=1777537101.815935 ts_out=1777537101.817269 gw_proc_ms=1.334 traceId=exp-perf5000-003097-f0b29953
zt-gateway  | [perf-request-in] ts_in=1777537101.816825 ts_out=1777537101.817564 gw_proc_ms=0.739 traceId=exp-perf5000-003100-84f9d40f
zt-gateway  | [perf-request-in] ts_in=1777537101.817312 ts_out=1777537101.818355 gw_proc_ms=1.043 traceId=exp-perf5000-003099-cd6d1eff
zt-gateway  | [perf-request-in] ts_in=1777537101.817606 ts_out=1777537101.818778 gw_proc_ms=1.172 traceId=exp-perf5000-003102-f355a117
zt-gateway  | [perf-request-in] ts_in=1777537101.818401 ts_out=1777537101.819327 gw_proc_ms=0.926 traceId=exp-perf5000-003101-ded67948
zt-gateway  | [perf-request-in] ts_in=1777537101.818835 ts_out=1777537101.819676 gw_proc_ms=0.841 traceId=exp-perf5000-003104-04b7503a
zt-gateway  | [perf-request-in] ts_in=1777537101.819374 ts_out=1777537101.820227 gw_proc_ms=0.853 traceId=exp-perf5000-003103-763bda89
zt-gateway  | [perf-request-in] ts_in=1777537101.819710 ts_out=1777537101.820856 gw_proc_ms=1.146 traceId=exp-perf5000-003106-20b8e248
zt-gateway  | [perf-request-in] ts_in=1777537101.820547 ts_out=1777537101.821609 gw_proc_ms=1.062 traceId=exp-perf5000-003105-620cd19b
zt-gateway  | [perf-request-in] ts_in=1777537101.820897 ts_out=1777537101.821722 gw_proc_ms=0.825 traceId=exp-perf5000-003108-1134fd3e
zt-gateway  | [perf-request-in] ts_in=1777537101.821755 ts_out=1777537101.822529 gw_proc_ms=0.774 traceId=exp-perf5000-003110-a4dc1a67
zt-gateway  | [perf-request-in] ts_in=1777537101.821675 ts_out=1777537101.822534 gw_proc_ms=0.859 traceId=exp-perf5000-003107-00500f85
zt-gateway  | [perf-request-in] ts_in=1777537101.822561 ts_out=1777537101.823706 gw_proc_ms=1.145 traceId=exp-perf5000-003112-2db77b41
zt-gateway  | [perf-request-in] ts_in=1777537101.822582 ts_out=1777537101.823757 gw_proc_ms=1.175 traceId=exp-perf5000-003109-fbe7ad1f
zt-gateway  | [perf-request-in] ts_in=1777537101.823763 ts_out=1777537101.824771 gw_proc_ms=1.008 traceId=exp-perf5000-003114-8ef27c77
zt-gateway  | [perf-request-in] ts_in=1777537101.824007 ts_out=1777537101.824814 gw_proc_ms=0.807 traceId=exp-perf5000-003111-485f6561
zt-gateway  | [perf-request-in] ts_in=1777537101.824820 ts_out=1777537101.825741 gw_proc_ms=0.921 traceId=exp-perf5000-003116-5076b362
zt-gateway  | [perf-request-in] ts_in=1777537101.824849 ts_out=1777537101.825745 gw_proc_ms=0.896 traceId=exp-perf5000-003113-80b5188f
zt-gateway  | [perf-request-in] ts_in=1777537101.825805 ts_out=1777537101.826618 gw_proc_ms=0.813 traceId=exp-perf5000-003115-a9ae2cc3
zt-gateway  | [perf-request-in] ts_in=1777537101.825793 ts_out=1777537101.826831 gw_proc_ms=1.038 traceId=exp-perf5000-003117-e80364c3
zt-gateway  | [perf-request-in] ts_in=1777537101.826660 ts_out=1777537101.827478 gw_proc_ms=0.818 traceId=exp-perf5000-003118-8921b37c
zt-gateway  | [perf-request-in] ts_in=1777537101.826861 ts_out=1777537101.828140 gw_proc_ms=1.279 traceId=exp-perf5000-003119-dde0ef20
zt-gateway  | [perf-request-in] ts_in=1777537101.827516 ts_out=1777537101.828297 gw_proc_ms=0.781 traceId=exp-perf5000-003120-f9e98289
zt-gateway  | [perf-request-in] ts_in=1777537101.828336 ts_out=1777537101.829073 gw_proc_ms=0.737 traceId=exp-perf5000-003121-a80bc82f
zt-gateway  | [perf-request-in] ts_in=1777537101.828417 ts_out=1777537101.829167 gw_proc_ms=0.750 traceId=exp-perf5000-003122-456ff7cc
zt-gateway  | [perf-request-in] ts_in=1777537101.829204 ts_out=1777537101.829921 gw_proc_ms=0.717 traceId=exp-perf5000-003123-c3810772
zt-gateway  | [perf-request-in] ts_in=1777537101.829114 ts_out=1777537101.829969 gw_proc_ms=0.855 traceId=exp-perf5000-003124-fde1b953
zt-gateway  | [perf-request-in] ts_in=1777537101.829960 ts_out=1777537101.830600 gw_proc_ms=0.640 traceId=exp-perf5000-003126-d29b6f1f
zt-gateway  | [perf-request-in] ts_in=1777537101.830011 ts_out=1777537101.830723 gw_proc_ms=0.712 traceId=exp-perf5000-003125-aeac905f
zt-gateway  | [perf-request-in] ts_in=1777537101.830635 ts_out=1777537101.831318 gw_proc_ms=0.683 traceId=exp-perf5000-003128-c9a8b450
zt-gateway  | [perf-request-in] ts_in=1777537101.830759 ts_out=1777537101.832240 gw_proc_ms=1.481 traceId=exp-perf5000-003127-09b07813
zt-gateway  | [perf-request-in] ts_in=1777537101.831360 ts_out=1777537101.832663 gw_proc_ms=1.303 traceId=exp-perf5000-003130-398e098a
zt-gateway  | [perf-request-in] ts_in=1777537101.832420 ts_out=1777537101.833309 gw_proc_ms=0.889 traceId=exp-perf5000-003129-47450829
zt-gateway  | [perf-request-in] ts_in=1777537101.832757 ts_out=1777537101.834346 gw_proc_ms=1.589 traceId=exp-perf5000-003132-0ac88f30
zt-gateway  | [perf-request-in] ts_in=1777537101.833580 ts_out=1777537101.835297 gw_proc_ms=1.717 traceId=exp-perf5000-003131-93198995
zt-gateway  | [perf-request-in] ts_in=1777537101.834511 ts_out=1777537101.838316 gw_proc_ms=3.805 traceId=exp-perf5000-003134-3943975b
zt-gateway  | [perf-request-in] ts_in=1777537101.835711 ts_out=1777537101.839051 gw_proc_ms=3.340 traceId=exp-perf5000-003133-44e18be4
zt-gateway  | [perf-request-in] ts_in=1777537101.838756 ts_out=1777537101.840152 gw_proc_ms=1.396 traceId=exp-perf5000-003135-695b21b0
zt-gateway  | [perf-request-in] ts_in=1777537101.839322 ts_out=1777537101.840539 gw_proc_ms=1.217 traceId=exp-perf5000-003136-bb181de8
zt-gateway  | [perf-request-in] ts_in=1777537101.840413 ts_out=1777537101.842489 gw_proc_ms=2.076 traceId=exp-perf5000-003137-2dfd9a0e
zt-gateway  | [perf-request-in] ts_in=1777537101.840810 ts_out=1777537101.843906 gw_proc_ms=3.096 traceId=exp-perf5000-003138-5a469886
zt-gateway  | [perf-request-in] ts_in=1777537101.842668 ts_out=1777537101.844777 gw_proc_ms=2.109 traceId=exp-perf5000-003139-2bd34e72
zt-gateway  | [perf-request-in] ts_in=1777537101.844297 ts_out=1777537101.846099 gw_proc_ms=1.802 traceId=exp-perf5000-003140-150c83b3
zt-gateway  | [perf-request-in] ts_in=1777537101.844939 ts_out=1777537101.846199 gw_proc_ms=1.260 traceId=exp-perf5000-003141-8ac1e684
zt-gateway  | [perf-request-in] ts_in=1777537101.846230 ts_out=1777537101.848290 gw_proc_ms=2.060 traceId=exp-perf5000-003142-e76a94d3
zt-gateway  | [perf-request-in] ts_in=1777537101.846294 ts_out=1777537101.848677 gw_proc_ms=2.383 traceId=exp-perf5000-003143-2620175f
zt-gateway  | [perf-request-in] ts_in=1777537101.848380 ts_out=1777537101.849161 gw_proc_ms=0.781 traceId=exp-perf5000-003144-3d3b8bd6
zt-gateway  | [perf-request-in] ts_in=1777537101.848733 ts_out=1777537101.849478 gw_proc_ms=0.745 traceId=exp-perf5000-003145-2e5a9be7
zt-gateway  | [perf-request-in] ts_in=1777537101.849211 ts_out=1777537101.849972 gw_proc_ms=0.761 traceId=exp-perf5000-003146-02bf5064
zt-gateway  | [perf-request-in] ts_in=1777537101.850014 ts_out=1777537101.850662 gw_proc_ms=0.648 traceId=exp-perf5000-003148-d6543270
zt-gateway  | [perf-request-in] ts_in=1777537101.850231 ts_out=1777537101.850940 gw_proc_ms=0.709 traceId=exp-perf5000-003147-6da9d973
zt-gateway  | [perf-request-in] ts_in=1777537101.850698 ts_out=1777537101.851347 gw_proc_ms=0.649 traceId=exp-perf5000-003150-58c702c0
zt-gateway  | [perf-request-in] ts_in=1777537101.851001 ts_out=1777537101.851685 gw_proc_ms=0.684 traceId=exp-perf5000-003149-b91bb89b
zt-gateway  | [perf-request-in] ts_in=1777537101.851386 ts_out=1777537101.852025 gw_proc_ms=0.639 traceId=exp-perf5000-003152-63996b89
zt-gateway  | [perf-request-in] ts_in=1777537101.851734 ts_out=1777537101.852383 gw_proc_ms=0.649 traceId=exp-perf5000-003151-f02066a5
zt-gateway  | [perf-request-in] ts_in=1777537101.852068 ts_out=1777537101.852683 gw_proc_ms=0.615 traceId=exp-perf5000-003154-b52814d9
zt-gateway  | [perf-request-in] ts_in=1777537101.852425 ts_out=1777537101.853332 gw_proc_ms=0.907 traceId=exp-perf5000-003153-38427f11
zt-gateway  | [perf-request-in] ts_in=1777537101.852732 ts_out=1777537101.853971 gw_proc_ms=1.239 traceId=exp-perf5000-003156-ccf9f0e1
zt-gateway  | [perf-request-in] ts_in=1777537101.853402 ts_out=1777537101.854530 gw_proc_ms=1.128 traceId=exp-perf5000-003155-730479c3
zt-gateway  | [perf-request-in] ts_in=1777537101.854032 ts_out=1777537101.854867 gw_proc_ms=0.835 traceId=exp-perf5000-003158-f0b99893
zt-gateway  | [perf-request-in] ts_in=1777537101.854583 ts_out=1777537101.855428 gw_proc_ms=0.845 traceId=exp-perf5000-003157-07b24ca2
zt-gateway  | [perf-request-in] ts_in=1777537101.854907 ts_out=1777537101.855808 gw_proc_ms=0.901 traceId=exp-perf5000-003160-0dab38ec
zt-gateway  | [perf-request-in] ts_in=1777537101.855484 ts_out=1777537101.856423 gw_proc_ms=0.939 traceId=exp-perf5000-003159-cd3a5321
zt-gateway  | [perf-request-in] ts_in=1777537101.855850 ts_out=1777537101.856704 gw_proc_ms=0.854 traceId=exp-perf5000-003162-1eb562a0
zt-gateway  | [perf-request-in] ts_in=1777537101.856473 ts_out=1777537101.857171 gw_proc_ms=0.698 traceId=exp-perf5000-003161-dfbd2639
zt-gateway  | [perf-request-in] ts_in=1777537101.856744 ts_out=1777537101.857476 gw_proc_ms=0.732 traceId=exp-perf5000-003164-2623b85d
zt-gateway  | [perf-request-in] ts_in=1777537101.857206 ts_out=1777537101.857963 gw_proc_ms=0.757 traceId=exp-perf5000-003163-d20baf72
zt-gateway  | [perf-request-in] ts_in=1777537101.857560 ts_out=1777537101.858349 gw_proc_ms=0.789 traceId=exp-perf5000-003165-4be9879d
zt-gateway  | [perf-request-in] ts_in=1777537101.858009 ts_out=1777537101.858740 gw_proc_ms=0.731 traceId=exp-perf5000-003166-4c34eafe
zt-gateway  | [perf-request-in] ts_in=1777537101.858461 ts_out=1777537101.859160 gw_proc_ms=0.699 traceId=exp-perf5000-003167-d995e0f2
zt-gateway  | [perf-request-in] ts_in=1777537101.858787 ts_out=1777537101.859601 gw_proc_ms=0.814 traceId=exp-perf5000-003168-508fe319
zt-gateway  | [perf-request-in] ts_in=1777537101.859206 ts_out=1777537101.860269 gw_proc_ms=1.063 traceId=exp-perf5000-003169-8b67c08f
zt-gateway  | [perf-request-in] ts_in=1777537101.859848 ts_out=1777537101.860896 gw_proc_ms=1.048 traceId=exp-perf5000-003170-95cdc250
zt-gateway  | [perf-request-in] ts_in=1777537101.860421 ts_out=1777537101.861458 gw_proc_ms=1.037 traceId=exp-perf5000-003172-43b293ee
zt-gateway  | [perf-request-in] ts_in=1777537101.861047 ts_out=1777537101.862074 gw_proc_ms=1.027 traceId=exp-perf5000-003171-9078be1e
zt-gateway  | [perf-request-in] ts_in=1777537101.861604 ts_out=1777537101.862624 gw_proc_ms=1.020 traceId=exp-perf5000-003173-a095f9b4
zt-gateway  | [perf-request-in] ts_in=1777537101.862225 ts_out=1777537101.863191 gw_proc_ms=0.966 traceId=exp-perf5000-003174-961004e2
zt-gateway  | [perf-request-in] ts_in=1777537101.862902 ts_out=1777537101.863969 gw_proc_ms=1.067 traceId=exp-perf5000-003176-aea27c13
zt-gateway  | [perf-request-in] ts_in=1777537101.863355 ts_out=1777537101.864838 gw_proc_ms=1.483 traceId=exp-perf5000-003175-96c7ab7e
zt-gateway  | [perf-request-in] ts_in=1777537101.864239 ts_out=1777537101.865237 gw_proc_ms=0.998 traceId=exp-perf5000-003177-0ceca22a
zt-gateway  | [perf-request-in] ts_in=1777537101.865114 ts_out=1777537101.865844 gw_proc_ms=0.730 traceId=exp-perf5000-003178-76fccfcb
zt-gateway  | [perf-request-in] ts_in=1777537101.865280 ts_out=1777537101.866047 gw_proc_ms=0.767 traceId=exp-perf5000-003180-67d372a3
zt-gateway  | [perf-request-in] ts_in=1777537101.865890 ts_out=1777537101.866607 gw_proc_ms=0.717 traceId=exp-perf5000-003179-46cc675b
zt-gateway  | [perf-request-in] ts_in=1777537101.866084 ts_out=1777537101.866727 gw_proc_ms=0.643 traceId=exp-perf5000-003181-3f5848ea
zt-gateway  | [perf-request-in] ts_in=1777537101.866745 ts_out=1777537101.867457 gw_proc_ms=0.712 traceId=exp-perf5000-003182-17d9a6f4
zt-gateway  | [perf-request-in] ts_in=1777537101.866770 ts_out=1777537101.867523 gw_proc_ms=0.753 traceId=exp-perf5000-003184-ca4872d4
zt-gateway  | [perf-request-in] ts_in=1777537101.867501 ts_out=1777537101.868274 gw_proc_ms=0.773 traceId=exp-perf5000-003183-7740dfeb
zt-gateway  | [perf-request-in] ts_in=1777537101.867600 ts_out=1777537101.868420 gw_proc_ms=0.820 traceId=exp-perf5000-003186-6e06b1f5
zt-gateway  | [perf-request-in] ts_in=1777537101.868315 ts_out=1777537101.869152 gw_proc_ms=0.837 traceId=exp-perf5000-003185-e355acee
zt-gateway  | [perf-request-in] ts_in=1777537101.868454 ts_out=1777537101.869470 gw_proc_ms=1.016 traceId=exp-perf5000-003188-0dd1511a
zt-gateway  | [perf-request-in] ts_in=1777537101.869228 ts_out=1777537101.869966 gw_proc_ms=0.738 traceId=exp-perf5000-003187-8b97a303
zt-gateway  | [perf-request-in] ts_in=1777537101.869518 ts_out=1777537101.870192 gw_proc_ms=0.674 traceId=exp-perf5000-003190-5d6ccac3
zt-gateway  | [perf-request-in] ts_in=1777537101.870000 ts_out=1777537101.870640 gw_proc_ms=0.640 traceId=exp-perf5000-003189-492d0ed4
zt-gateway  | [perf-request-in] ts_in=1777537101.870226 ts_out=1777537101.871011 gw_proc_ms=0.785 traceId=exp-perf5000-003192-8891e953
zt-gateway  | [perf-request-in] ts_in=1777537101.870673 ts_out=1777537101.871444 gw_proc_ms=0.771 traceId=exp-perf5000-003191-4f1de451
zt-gateway  | [perf-request-in] ts_in=1777537101.871152 ts_out=1777537101.871770 gw_proc_ms=0.618 traceId=exp-perf5000-003193-1ac4d6cf
zt-gateway  | [perf-request-in] ts_in=1777537101.871485 ts_out=1777537101.872256 gw_proc_ms=0.771 traceId=exp-perf5000-003195-50003af4
zt-gateway  | [perf-request-in] ts_in=1777537101.871815 ts_out=1777537101.872542 gw_proc_ms=0.727 traceId=exp-perf5000-003194-40b8c76d
zt-gateway  | [perf-request-in] ts_in=1777537101.872294 ts_out=1777537101.873089 gw_proc_ms=0.795 traceId=exp-perf5000-003196-66d29982
zt-gateway  | [perf-request-in] ts_in=1777537101.872579 ts_out=1777537101.873327 gw_proc_ms=0.748 traceId=exp-perf5000-003197-481b4b19
zt-gateway  | [perf-request-in] ts_in=1777537101.873359 ts_out=1777537101.874420 gw_proc_ms=1.061 traceId=exp-perf5000-003199-4f9e656a
zt-gateway  | [perf-request-in] ts_in=1777537101.873239 ts_out=1777537101.875053 gw_proc_ms=1.814 traceId=exp-perf5000-003198-7a26423f
zt-gateway  | [perf-request-in] ts_in=1777537101.874539 ts_out=1777537101.875193 gw_proc_ms=0.654 traceId=exp-perf5000-003202-237be8b1
zt-gateway  | [perf-request-in] ts_in=1777537101.875093 ts_out=1777537101.875884 gw_proc_ms=0.791 traceId=exp-perf5000-003200-6f0072dc
zt-gateway  | [perf-request-in] ts_in=1777537101.875274 ts_out=1777537101.875986 gw_proc_ms=0.712 traceId=exp-perf5000-003204-c71aa340
zt-gateway  | [perf-request-in] ts_in=1777537101.876058 ts_out=1777537101.877006 gw_proc_ms=0.948 traceId=exp-perf5000-003206-eeab119b
zt-gateway  | [perf-request-in] ts_in=1777537101.875926 ts_out=1777537101.877104 gw_proc_ms=1.178 traceId=exp-perf5000-003201-43817c8b
zt-gateway  | [perf-request-in] ts_in=1777537101.877056 ts_out=1777537101.878079 gw_proc_ms=1.023 traceId=exp-perf5000-003209-80190361
zt-gateway  | [perf-request-in] ts_in=1777537101.877263 ts_out=1777537101.878206 gw_proc_ms=0.943 traceId=exp-perf5000-003203-c4d92d2e
zt-gateway  | [perf-request-in] ts_in=1777537101.878123 ts_out=1777537101.879151 gw_proc_ms=1.028 traceId=exp-perf5000-003211-a4103c5c
zt-gateway  | [perf-request-in] ts_in=1777537101.878282 ts_out=1777537101.879172 gw_proc_ms=0.890 traceId=exp-perf5000-003205-4b6ae85f
zt-gateway  | [perf-request-in] ts_in=1777537101.879205 ts_out=1777537101.880064 gw_proc_ms=0.859 traceId=exp-perf5000-003212-cbc4d76f
zt-gateway  | [perf-request-in] ts_in=1777537101.879213 ts_out=1777537101.880312 gw_proc_ms=1.099 traceId=exp-perf5000-003207-b54e4ee7
zt-gateway  | [perf-request-in] ts_in=1777537101.880117 ts_out=1777537101.880881 gw_proc_ms=0.764 traceId=exp-perf5000-003215-8b8ad8df
zt-gateway  | [perf-request-in] ts_in=1777537101.880345 ts_out=1777537101.881132 gw_proc_ms=0.787 traceId=exp-perf5000-003208-65a9f9cb
zt-gateway  | [perf-request-in] ts_in=1777537101.880923 ts_out=1777537101.881639 gw_proc_ms=0.716 traceId=exp-perf5000-003214-2a2e372f
zt-gateway  | [perf-request-in] ts_in=1777537101.881190 ts_out=1777537101.882942 gw_proc_ms=1.752 traceId=exp-perf5000-003210-d1ac322f
zt-gateway  | [perf-request-in] ts_in=1777537101.881771 ts_out=1777537101.883011 gw_proc_ms=1.240 traceId=exp-perf5000-003218-7cfdbb12
zt-gateway  | [perf-request-in] ts_in=1777537101.883049 ts_out=1777537101.883714 gw_proc_ms=0.665 traceId=exp-perf5000-003219-9e9c3e65
zt-gateway  | [perf-request-in] ts_in=1777537101.882994 ts_out=1777537101.883886 gw_proc_ms=0.892 traceId=exp-perf5000-003213-f2e03edf
zt-gateway  | [perf-request-in] ts_in=1777537101.883935 ts_out=1777537101.884636 gw_proc_ms=0.701 traceId=exp-perf5000-003221-8eabd1c8
zt-gateway  | [perf-request-in] ts_in=1777537101.884026 ts_out=1777537101.884659 gw_proc_ms=0.633 traceId=exp-perf5000-003217-b70faf44
zt-gateway  | [perf-request-in] ts_in=1777537101.884698 ts_out=1777537101.885430 gw_proc_ms=0.732 traceId=exp-perf5000-003216-d6bb3b8e
zt-gateway  | [perf-request-in] ts_in=1777537101.884687 ts_out=1777537101.885452 gw_proc_ms=0.765 traceId=exp-perf5000-003223-03a9215e
zt-gateway  | [perf-request-in] ts_in=1777537101.885483 ts_out=1777537101.886258 gw_proc_ms=0.775 traceId=exp-perf5000-003226-9afd6085
zt-gateway  | [perf-request-in] ts_in=1777537101.885468 ts_out=1777537101.886441 gw_proc_ms=0.973 traceId=exp-perf5000-003220-2ed58132
zt-gateway  | [perf-request-in] ts_in=1777537101.886443 ts_out=1777537101.887213 gw_proc_ms=0.770 traceId=exp-perf5000-003228-da609789
zt-gateway  | [perf-request-in] ts_in=1777537101.886643 ts_out=1777537101.887460 gw_proc_ms=0.817 traceId=exp-perf5000-003222-f19575fc
zt-gateway  | [perf-request-in] ts_in=1777537101.887249 ts_out=1777537101.887905 gw_proc_ms=0.656 traceId=exp-perf5000-003230-f9ea458f
zt-gateway  | [perf-request-in] ts_in=1777537101.887491 ts_out=1777537101.888235 gw_proc_ms=0.744 traceId=exp-perf5000-003224-6c4d7cf9
zt-gateway  | [perf-request-in] ts_in=1777537101.887942 ts_out=1777537101.888621 gw_proc_ms=0.679 traceId=exp-perf5000-003232-d31ae9b2
zt-gateway  | [perf-request-in] ts_in=1777537101.888268 ts_out=1777537101.889056 gw_proc_ms=0.788 traceId=exp-perf5000-003225-32f6e9dc
zt-gateway  | [perf-request-in] ts_in=1777537101.888656 ts_out=1777537101.889388 gw_proc_ms=0.732 traceId=exp-perf5000-003234-cd4c58ec
zt-gateway  | [perf-request-in] ts_in=1777537101.889102 ts_out=1777537101.889734 gw_proc_ms=0.632 traceId=exp-perf5000-003227-ccfe292d
zt-gateway  | [perf-request-in] ts_in=1777537101.889428 ts_out=1777537101.890169 gw_proc_ms=0.741 traceId=exp-perf5000-003236-e1bd2b7a
zt-gateway  | [perf-request-in] ts_in=1777537101.889859 ts_out=1777537101.890597 gw_proc_ms=0.738 traceId=exp-perf5000-003229-7b185840
zt-gateway  | [perf-request-in] ts_in=1777537101.890205 ts_out=1777537101.890809 gw_proc_ms=0.604 traceId=exp-perf5000-003238-9f75e4fc
zt-gateway  | [perf-request-in] ts_in=1777537101.890682 ts_out=1777537101.891406 gw_proc_ms=0.724 traceId=exp-perf5000-003231-f6af621b
zt-gateway  | [perf-request-in] ts_in=1777537101.890891 ts_out=1777537101.891473 gw_proc_ms=0.582 traceId=exp-perf5000-003241-f5d5dacc
zt-gateway  | [perf-request-in] ts_in=1777537101.891502 ts_out=1777537101.892193 gw_proc_ms=0.691 traceId=exp-perf5000-003242-06891888
zt-gateway  | [perf-request-in] ts_in=1777537101.891579 ts_out=1777537101.892294 gw_proc_ms=0.715 traceId=exp-perf5000-003233-3fc62b63
zt-gateway  | [perf-request-in] ts_in=1777537101.892224 ts_out=1777537101.892832 gw_proc_ms=0.608 traceId=exp-perf5000-003243-952b4a8f
zt-gateway  | [perf-request-in] ts_in=1777537101.892354 ts_out=1777537101.893041 gw_proc_ms=0.687 traceId=exp-perf5000-003235-11cad2aa
zt-gateway  | [perf-request-in] ts_in=1777537101.892865 ts_out=1777537101.893570 gw_proc_ms=0.705 traceId=exp-perf5000-003246-8d3e0d28
zt-gateway  | [perf-request-in] ts_in=1777537101.893068 ts_out=1777537101.893948 gw_proc_ms=0.880 traceId=exp-perf5000-003237-22fab1f8
zt-gateway  | [perf-request-in] ts_in=1777537101.893611 ts_out=1777537101.894385 gw_proc_ms=0.774 traceId=exp-perf5000-003247-b4299fd1
zt-gateway  | [perf-request-in] ts_in=1777537101.894039 ts_out=1777537101.894887 gw_proc_ms=0.848 traceId=exp-perf5000-003239-b2230098
zt-gateway  | [perf-request-in] ts_in=1777537101.894430 ts_out=1777537101.895240 gw_proc_ms=0.810 traceId=exp-perf5000-003249-d6e95436
zt-gateway  | [perf-request-in] ts_in=1777537101.895291 ts_out=1777537101.896061 gw_proc_ms=0.770 traceId=exp-perf5000-003240-d6f2909a
zt-gateway  | [perf-request-in] ts_in=1777537101.895403 ts_out=1777537101.896156 gw_proc_ms=0.753 traceId=exp-perf5000-003251-fcd3feff
zt-gateway  | [perf-request-in] ts_in=1777537101.896280 ts_out=1777537101.896928 gw_proc_ms=0.648 traceId=exp-perf5000-003253-eb2d8751
zt-gateway  | [perf-request-in] ts_in=1777537101.896102 ts_out=1777537101.897114 gw_proc_ms=1.012 traceId=exp-perf5000-003244-22ef2a69
zt-gateway  | [perf-request-in] ts_in=1777537101.897017 ts_out=1777537101.897923 gw_proc_ms=0.906 traceId=exp-perf5000-003255-403365b2
zt-gateway  | [perf-request-in] ts_in=1777537101.897249 ts_out=1777537101.898121 gw_proc_ms=0.872 traceId=exp-perf5000-003245-7d4aedfd
zt-gateway  | [perf-request-in] ts_in=1777537101.897967 ts_out=1777537101.898902 gw_proc_ms=0.935 traceId=exp-perf5000-003257-c4bfa0af
zt-gateway  | [perf-request-in] ts_in=1777537101.898292 ts_out=1777537101.899213 gw_proc_ms=0.921 traceId=exp-perf5000-003248-a896efa5
zt-gateway  | [perf-request-in] ts_in=1777537101.898951 ts_out=1777537101.899633 gw_proc_ms=0.682 traceId=exp-perf5000-003259-0b91e944
zt-gateway  | [perf-request-in] ts_in=1777537101.899247 ts_out=1777537101.900213 gw_proc_ms=0.966 traceId=exp-perf5000-003250-a6d64e44
zt-gateway  | [perf-request-in] ts_in=1777537101.899742 ts_out=1777537101.900538 gw_proc_ms=0.796 traceId=exp-perf5000-003261-ed53bb41
zt-gateway  | [perf-request-in] ts_in=1777537101.900329 ts_out=1777537101.901234 gw_proc_ms=0.905 traceId=exp-perf5000-003252-47dcbed7
zt-gateway  | [perf-request-in] ts_in=1777537101.900617 ts_out=1777537101.901335 gw_proc_ms=0.718 traceId=exp-perf5000-003263-46c9034a
zt-gateway  | [perf-request-in] ts_in=1777537101.901415 ts_out=1777537101.902326 gw_proc_ms=0.911 traceId=exp-perf5000-003265-8175999e
zt-gateway  | [perf-request-in] ts_in=1777537101.901269 ts_out=1777537101.902405 gw_proc_ms=1.136 traceId=exp-perf5000-003254-7efc0db4
zt-gateway  | [perf-request-in] ts_in=1777537101.902356 ts_out=1777537101.903197 gw_proc_ms=0.841 traceId=exp-perf5000-003267-8dab5d93
zt-gateway  | [perf-request-in] ts_in=1777537101.902444 ts_out=1777537101.903269 gw_proc_ms=0.825 traceId=exp-perf5000-003256-b9b94561
zt-gateway  | [perf-request-in] ts_in=1777537101.903231 ts_out=1777537101.904097 gw_proc_ms=0.866 traceId=exp-perf5000-003269-a98c6979
zt-gateway  | [perf-request-in] ts_in=1777537101.903300 ts_out=1777537101.904220 gw_proc_ms=0.920 traceId=exp-perf5000-003258-7bf63c7e
zt-gateway  | [perf-request-in] ts_in=1777537101.904127 ts_out=1777537101.904733 gw_proc_ms=0.606 traceId=exp-perf5000-003271-693f8b4c
zt-gateway  | [perf-request-in] ts_in=1777537101.904256 ts_out=1777537101.905077 gw_proc_ms=0.821 traceId=exp-perf5000-003260-7a0a71db
zt-gateway  | [perf-request-in] ts_in=1777537101.904759 ts_out=1777537101.905650 gw_proc_ms=0.891 traceId=exp-perf5000-003273-93c5694d
zt-gateway  | [perf-request-in] ts_in=1777537101.905831 ts_out=1777537101.907495 gw_proc_ms=1.664 traceId=exp-perf5000-003275-e90d3134
zt-gateway  | [perf-request-in] ts_in=1777537101.905123 ts_out=1777537101.907535 gw_proc_ms=2.412 traceId=exp-perf5000-003262-dc1d2916
zt-gateway  | [perf-request-in] ts_in=1777537101.907577 ts_out=1777537101.908318 gw_proc_ms=0.741 traceId=exp-perf5000-003277-19ec6178
zt-gateway  | [perf-request-in] ts_in=1777537101.907706 ts_out=1777537101.908483 gw_proc_ms=0.777 traceId=exp-perf5000-003264-8528424f
zt-gateway  | [perf-request-in] ts_in=1777537101.908357 ts_out=1777537101.909071 gw_proc_ms=0.714 traceId=exp-perf5000-003279-5b564cde
zt-gateway  | [perf-request-in] ts_in=1777537101.908630 ts_out=1777537101.909586 gw_proc_ms=0.956 traceId=exp-perf5000-003266-58dcf175
zt-gateway  | [perf-request-in] ts_in=1777537101.909211 ts_out=1777537101.910030 gw_proc_ms=0.819 traceId=exp-perf5000-003281-a1f8cae5
zt-gateway  | [perf-request-in] ts_in=1777537101.909630 ts_out=1777537101.910610 gw_proc_ms=0.980 traceId=exp-perf5000-003268-b450e353
zt-gateway  | [perf-request-in] ts_in=1777537101.910172 ts_out=1777537101.910835 gw_proc_ms=0.663 traceId=exp-perf5000-003283-5139efbc
zt-gateway  | [perf-request-in] ts_in=1777537101.910770 ts_out=1777537101.911487 gw_proc_ms=0.717 traceId=exp-perf5000-003270-0f894fd0
zt-gateway  | [perf-request-in] ts_in=1777537101.911059 ts_out=1777537101.911769 gw_proc_ms=0.710 traceId=exp-perf5000-003284-82d1d2ba
zt-gateway  | [perf-request-in] ts_in=1777537101.911526 ts_out=1777537101.912480 gw_proc_ms=0.954 traceId=exp-perf5000-003272-e0272c19
zt-gateway  | [perf-request-in] ts_in=1777537101.911828 ts_out=1777537101.912650 gw_proc_ms=0.822 traceId=exp-perf5000-003287-347bed10
zt-gateway  | [perf-request-in] ts_in=1777537101.912520 ts_out=1777537101.913238 gw_proc_ms=0.718 traceId=exp-perf5000-003274-b35657d8
zt-gateway  | [perf-request-in] ts_in=1777537101.912696 ts_out=1777537101.913495 gw_proc_ms=0.799 traceId=exp-perf5000-003289-832cf851
zt-gateway  | [perf-request-in] ts_in=1777537101.913272 ts_out=1777537101.914040 gw_proc_ms=0.768 traceId=exp-perf5000-003276-80838528
zt-gateway  | [perf-request-in] ts_in=1777537101.913535 ts_out=1777537101.914242 gw_proc_ms=0.707 traceId=exp-perf5000-003291-1185ad8a
zt-gateway  | [perf-request-in] ts_in=1777537101.914085 ts_out=1777537101.914797 gw_proc_ms=0.712 traceId=exp-perf5000-003278-e45b183b
zt-gateway  | [perf-request-in] ts_in=1777537101.914277 ts_out=1777537101.915072 gw_proc_ms=0.795 traceId=exp-perf5000-003293-9117c4bb
zt-gateway  | [perf-request-in] ts_in=1777537101.914833 ts_out=1777537101.915582 gw_proc_ms=0.749 traceId=exp-perf5000-003280-d5c68a21
zt-gateway  | [perf-request-in] ts_in=1777537101.915204 ts_out=1777537101.916217 gw_proc_ms=1.013 traceId=exp-perf5000-003295-aac7bdf7
zt-gateway  | [perf-request-in] ts_in=1777537101.915729 ts_out=1777537101.916699 gw_proc_ms=0.970 traceId=exp-perf5000-003282-2a2b6987
zt-gateway  | [perf-request-in] ts_in=1777537101.916444 ts_out=1777537101.917582 gw_proc_ms=1.138 traceId=exp-perf5000-003297-963ab07c
zt-gateway  | [perf-request-in] ts_in=1777537101.916903 ts_out=1777537101.917699 gw_proc_ms=0.796 traceId=exp-perf5000-003285-cdd39e01
zt-gateway  | [perf-request-in] ts_in=1777537101.917871 ts_out=1777537101.918728 gw_proc_ms=0.857 traceId=exp-perf5000-003286-59d16af1
zt-gateway  | [perf-request-in] ts_in=1777537101.918041 ts_out=1777537101.919148 gw_proc_ms=1.107 traceId=exp-perf5000-003298-0d98a043
zt-gateway  | [perf-request-in] ts_in=1777537101.918963 ts_out=1777537101.919746 gw_proc_ms=0.783 traceId=exp-perf5000-003288-6055ece6
zt-gateway  | [perf-request-in] ts_in=1777537101.919376 ts_out=1777537101.920131 gw_proc_ms=0.755 traceId=exp-perf5000-003300-d677e099
zt-gateway  | [perf-request-in] ts_in=1777537101.919791 ts_out=1777537101.920523 gw_proc_ms=0.732 traceId=exp-perf5000-003290-df7cb75b
zt-gateway  | [perf-request-in] ts_in=1777537101.920369 ts_out=1777537101.921197 gw_proc_ms=0.828 traceId=exp-perf5000-003302-8663e1a1
zt-gateway  | [perf-request-in] ts_in=1777537101.920635 ts_out=1777537101.921332 gw_proc_ms=0.697 traceId=exp-perf5000-003292-c39f70b5
zt-gateway  | [perf-request-in] ts_in=1777537101.921419 ts_out=1777537101.922077 gw_proc_ms=0.658 traceId=exp-perf5000-003294-2a5c9361
zt-gateway  | [perf-request-in] ts_in=1777537101.921267 ts_out=1777537101.922092 gw_proc_ms=0.825 traceId=exp-perf5000-003303-72720d09
zt-gateway  | [perf-request-in] ts_in=1777537101.922112 ts_out=1777537101.922684 gw_proc_ms=0.572 traceId=exp-perf5000-003296-5bd6f7b2
zt-gateway  | [perf-request-in] ts_in=1777537101.922125 ts_out=1777537101.922737 gw_proc_ms=0.612 traceId=exp-perf5000-003305-660ec9a6
zt-gateway  | [perf-request-in] ts_in=1777537101.922713 ts_out=1777537101.923469 gw_proc_ms=0.756 traceId=exp-perf5000-003299-8ed2cbc4
zt-gateway  | [perf-request-in] ts_in=1777537101.922945 ts_out=1777537101.923532 gw_proc_ms=0.587 traceId=exp-perf5000-003308-db2fe6bf
zt-gateway  | [perf-request-in] ts_in=1777537101.923505 ts_out=1777537101.924438 gw_proc_ms=0.933 traceId=exp-perf5000-003301-9f4da772
zt-gateway  | [perf-request-in] ts_in=1777537101.923731 ts_out=1777537101.924689 gw_proc_ms=0.958 traceId=exp-perf5000-003309-272a2754
zt-gateway  | [perf-request-in] ts_in=1777537101.924474 ts_out=1777537101.925384 gw_proc_ms=0.910 traceId=exp-perf5000-003304-0430120d
zt-gateway  | [perf-request-in] ts_in=1777537101.924945 ts_out=1777537101.925866 gw_proc_ms=0.921 traceId=exp-perf5000-003311-d2277e5d
zt-gateway  | [perf-request-in] ts_in=1777537101.925422 ts_out=1777537101.926297 gw_proc_ms=0.875 traceId=exp-perf5000-003306-635e9af2
zt-gateway  | [perf-request-in] ts_in=1777537101.926053 ts_out=1777537101.927029 gw_proc_ms=0.976 traceId=exp-perf5000-003313-3152fa7a
zt-gateway  | [perf-request-in] ts_in=1777537101.926338 ts_out=1777537101.927305 gw_proc_ms=0.967 traceId=exp-perf5000-003307-d96079c6
zt-gateway  | [perf-request-in] ts_in=1777537101.927079 ts_out=1777537101.928082 gw_proc_ms=1.003 traceId=exp-perf5000-003315-1025f55c
zt-gateway  | [perf-request-in] ts_in=1777537101.927435 ts_out=1777537101.928229 gw_proc_ms=0.794 traceId=exp-perf5000-003310-bbdfebc4
zt-gateway  | [perf-request-in] ts_in=1777537101.928208 ts_out=1777537101.929666 gw_proc_ms=1.458 traceId=exp-perf5000-003316-68bff9e7
zt-gateway  | [perf-request-in] ts_in=1777537101.928294 ts_out=1777537101.930168 gw_proc_ms=1.874 traceId=exp-perf5000-003312-f652cc7d
zt-gateway  | [perf-request-in] ts_in=1777537101.930205 ts_out=1777537101.931126 gw_proc_ms=0.921 traceId=exp-perf5000-003319-4eb3b6cd
zt-gateway  | [perf-request-in] ts_in=1777537101.930430 ts_out=1777537101.931127 gw_proc_ms=0.697 traceId=exp-perf5000-003314-d669621c
zt-gateway  | [perf-request-in] ts_in=1777537101.931173 ts_out=1777537101.931918 gw_proc_ms=0.745 traceId=exp-perf5000-003317-f140bbf8
zt-gateway  | [perf-request-in] ts_in=1777537101.931177 ts_out=1777537101.931954 gw_proc_ms=0.777 traceId=exp-perf5000-003321-090e1e0d
zt-gateway  | [perf-request-in] ts_in=1777537101.931954 ts_out=1777537101.932656 gw_proc_ms=0.702 traceId=exp-perf5000-003318-aa4531c6
zt-gateway  | [perf-request-in] ts_in=1777537101.932070 ts_out=1777537101.932757 gw_proc_ms=0.687 traceId=exp-perf5000-003322-32432708
zt-gateway  | [perf-request-in] ts_in=1777537101.932698 ts_out=1777537101.933584 gw_proc_ms=0.886 traceId=exp-perf5000-003320-eef77307
zt-gateway  | [perf-request-in] ts_in=1777537101.932934 ts_out=1777537101.933773 gw_proc_ms=0.839 traceId=exp-perf5000-003324-84870bb8
zt-gateway  | [perf-request-in] ts_in=1777537101.933623 ts_out=1777537101.934508 gw_proc_ms=0.885 traceId=exp-perf5000-003323-5fc20237
zt-gateway  | [perf-request-in] ts_in=1777537101.933955 ts_out=1777537101.934601 gw_proc_ms=0.646 traceId=exp-perf5000-003326-76c25642
zt-gateway  | [perf-request-in] ts_in=1777537101.934543 ts_out=1777537101.935270 gw_proc_ms=0.727 traceId=exp-perf5000-003325-47555e32
zt-gateway  | [perf-request-in] ts_in=1777537101.934829 ts_out=1777537101.935605 gw_proc_ms=0.776 traceId=exp-perf5000-003328-771170ac
zt-gateway  | [perf-request-in] ts_in=1777537101.935391 ts_out=1777537101.936097 gw_proc_ms=0.706 traceId=exp-perf5000-003327-88de822f
zt-gateway  | [perf-request-in] ts_in=1777537101.935655 ts_out=1777537101.936435 gw_proc_ms=0.780 traceId=exp-perf5000-003330-fd397fcb
zt-gateway  | [perf-request-in] ts_in=1777537101.936137 ts_out=1777537101.937356 gw_proc_ms=1.219 traceId=exp-perf5000-003329-872135e4
zt-gateway  | [perf-request-in] ts_in=1777537101.936596 ts_out=1777537101.937522 gw_proc_ms=0.926 traceId=exp-perf5000-003332-bd9450b5
zt-gateway  | [perf-request-in] ts_in=1777537101.937563 ts_out=1777537101.938349 gw_proc_ms=0.786 traceId=exp-perf5000-003334-51b19d21
zt-gateway  | [perf-request-in] ts_in=1777537101.937397 ts_out=1777537101.938469 gw_proc_ms=1.072 traceId=exp-perf5000-003331-228c7894
zt-gateway  | [perf-request-in] ts_in=1777537101.938509 ts_out=1777537101.939289 gw_proc_ms=0.780 traceId=exp-perf5000-003333-17716bb9
zt-gateway  | [perf-request-in] ts_in=1777537101.938384 ts_out=1777537101.939291 gw_proc_ms=0.907 traceId=exp-perf5000-003336-5bf6d7ab
zt-gateway  | [perf-request-in] ts_in=1777537101.939331 ts_out=1777537101.940563 gw_proc_ms=1.232 traceId=exp-perf5000-003335-c8b58114
zt-gateway  | [perf-request-in] ts_in=1777537101.939334 ts_out=1777537101.940750 gw_proc_ms=1.416 traceId=exp-perf5000-003338-dc081237
zt-gateway  | [perf-request-in] ts_in=1777537101.940909 ts_out=1777537101.941544 gw_proc_ms=0.635 traceId=exp-perf5000-003339-66622cc3
zt-gateway  | [perf-request-in] ts_in=1777537101.940619 ts_out=1777537101.941547 gw_proc_ms=0.928 traceId=exp-perf5000-003337-fa680987
zt-gateway  | [perf-request-in] ts_in=1777537101.941591 ts_out=1777537101.942360 gw_proc_ms=0.769 traceId=exp-perf5000-003340-83e4a59c
zt-gateway  | [perf-request-in] ts_in=1777537101.941770 ts_out=1777537101.942608 gw_proc_ms=0.838 traceId=exp-perf5000-003341-bf65d8f9
zt-gateway  | [perf-request-in] ts_in=1777537101.942399 ts_out=1777537101.943044 gw_proc_ms=0.645 traceId=exp-perf5000-003342-e961f24a
zt-gateway  | [perf-request-in] ts_in=1777537101.942640 ts_out=1777537101.943272 gw_proc_ms=0.632 traceId=exp-perf5000-003343-3d75e341
zt-gateway  | [perf-request-in] ts_in=1777537101.943086 ts_out=1777537101.943722 gw_proc_ms=0.636 traceId=exp-perf5000-003345-9b0ee602
zt-gateway  | [perf-request-in] ts_in=1777537101.943304 ts_out=1777537101.943961 gw_proc_ms=0.657 traceId=exp-perf5000-003344-7e5b4239
zt-gateway  | [perf-request-in] ts_in=1777537101.943760 ts_out=1777537101.944406 gw_proc_ms=0.646 traceId=exp-perf5000-003346-9888fb3c
zt-gateway  | [perf-request-in] ts_in=1777537101.944000 ts_out=1777537101.944690 gw_proc_ms=0.690 traceId=exp-perf5000-003347-1bf1e219
zt-gateway  | [perf-request-in] ts_in=1777537101.944439 ts_out=1777537101.945240 gw_proc_ms=0.801 traceId=exp-perf5000-003349-26afe366
zt-gateway  | [perf-request-in] ts_in=1777537101.944726 ts_out=1777537101.945535 gw_proc_ms=0.809 traceId=exp-perf5000-003348-fbe9107a
zt-gateway  | [perf-request-in] ts_in=1777537101.945276 ts_out=1777537101.945926 gw_proc_ms=0.650 traceId=exp-perf5000-003351-c05ad358
zt-gateway  | [perf-request-in] ts_in=1777537101.945576 ts_out=1777537101.946205 gw_proc_ms=0.629 traceId=exp-perf5000-003350-fd7abc89
zt-gateway  | [perf-request-in] ts_in=1777537101.945965 ts_out=1777537101.946625 gw_proc_ms=0.660 traceId=exp-perf5000-003353-f1ac31a1
zt-gateway  | [perf-request-in] ts_in=1777537101.946247 ts_out=1777537101.946958 gw_proc_ms=0.711 traceId=exp-perf5000-003352-6204e681
zt-gateway  | [perf-request-in] ts_in=1777537101.946657 ts_out=1777537101.947350 gw_proc_ms=0.693 traceId=exp-perf5000-003355-8a7a611e
zt-gateway  | [perf-request-in] ts_in=1777537101.946994 ts_out=1777537101.947609 gw_proc_ms=0.615 traceId=exp-perf5000-003354-d9d81ee7
zt-gateway  | [perf-request-in] ts_in=1777537101.947384 ts_out=1777537101.948017 gw_proc_ms=0.633 traceId=exp-perf5000-003357-e0024a9e
zt-gateway  | [perf-request-in] ts_in=1777537101.947641 ts_out=1777537101.948270 gw_proc_ms=0.629 traceId=exp-perf5000-003356-8c73ee9b
zt-gateway  | [perf-request-in] ts_in=1777537101.948052 ts_out=1777537101.948686 gw_proc_ms=0.634 traceId=exp-perf5000-003359-49a13c5f
zt-gateway  | [perf-request-in] ts_in=1777537101.948304 ts_out=1777537101.948919 gw_proc_ms=0.615 traceId=exp-perf5000-003358-6bd60280
zt-gateway  | [perf-request-in] ts_in=1777537101.948716 ts_out=1777537101.949350 gw_proc_ms=0.634 traceId=exp-perf5000-003360-2ba7f8a3
zt-gateway  | [perf-request-in] ts_in=1777537101.948954 ts_out=1777537101.949630 gw_proc_ms=0.676 traceId=exp-perf5000-003362-71ca19cc
zt-gateway  | [perf-request-in] ts_in=1777537101.949379 ts_out=1777537101.949988 gw_proc_ms=0.609 traceId=exp-perf5000-003361-3e91838a
zt-gateway  | [perf-request-in] ts_in=1777537101.949671 ts_out=1777537101.950336 gw_proc_ms=0.665 traceId=exp-perf5000-003363-8793845f
zt-gateway  | [perf-request-in] ts_in=1777537101.950024 ts_out=1777537101.950640 gw_proc_ms=0.616 traceId=exp-perf5000-003366-81f8a661
zt-gateway  | [perf-request-in] ts_in=1777537101.950374 ts_out=1777537101.951010 gw_proc_ms=0.636 traceId=exp-perf5000-003364-a64483c8
zt-gateway  | [perf-request-in] ts_in=1777537101.950670 ts_out=1777537101.951299 gw_proc_ms=0.629 traceId=exp-perf5000-003368-bd87900d
zt-gateway  | [perf-request-in] ts_in=1777537101.951046 ts_out=1777537101.951647 gw_proc_ms=0.601 traceId=exp-perf5000-003365-b546552a
zt-gateway  | [perf-request-in] ts_in=1777537101.951329 ts_out=1777537101.951954 gw_proc_ms=0.625 traceId=exp-perf5000-003371-30857106
zt-gateway  | [perf-request-in] ts_in=1777537101.951673 ts_out=1777537101.952534 gw_proc_ms=0.861 traceId=exp-perf5000-003367-8fad73bc
zt-gateway  | [perf-request-in] ts_in=1777537101.951982 ts_out=1777537101.952936 gw_proc_ms=0.954 traceId=exp-perf5000-003373-6ccebc6a
zt-gateway  | [perf-request-in] ts_in=1777537101.952597 ts_out=1777537101.953721 gw_proc_ms=1.124 traceId=exp-perf5000-003369-2ad02786
zt-gateway  | [perf-request-in] ts_in=1777537101.952982 ts_out=1777537101.953890 gw_proc_ms=0.908 traceId=exp-perf5000-003375-127c8ec0
zt-gateway  | [perf-request-in] ts_in=1777537101.953791 ts_out=1777537101.954807 gw_proc_ms=1.016 traceId=exp-perf5000-003370-93187ca9
zt-gateway  | [perf-request-in] ts_in=1777537101.953918 ts_out=1777537101.954852 gw_proc_ms=0.934 traceId=exp-perf5000-003377-ad9ed16a
zt-gateway  | [perf-request-in] ts_in=1777537101.954892 ts_out=1777537101.955515 gw_proc_ms=0.623 traceId=exp-perf5000-003379-e78b731d
zt-gateway  | [perf-request-in] ts_in=1777537101.954858 ts_out=1777537101.955519 gw_proc_ms=0.661 traceId=exp-perf5000-003372-b7797603
zt-gateway  | [perf-request-in] ts_in=1777537101.955546 ts_out=1777537101.956280 gw_proc_ms=0.734 traceId=exp-perf5000-003381-96e1b0aa
zt-gateway  | [perf-request-in] ts_in=1777537101.955554 ts_out=1777537101.956351 gw_proc_ms=0.797 traceId=exp-perf5000-003374-2cd47162
zt-gateway  | [perf-request-in] ts_in=1777537101.956322 ts_out=1777537101.957446 gw_proc_ms=1.124 traceId=exp-perf5000-003383-57bada36
zt-gateway  | [perf-request-in] ts_in=1777537101.956396 ts_out=1777537101.957514 gw_proc_ms=1.118 traceId=exp-perf5000-003376-37753ed7
zt-gateway  | [perf-request-in] ts_in=1777537101.957517 ts_out=1777537101.958378 gw_proc_ms=0.861 traceId=exp-perf5000-003385-bc0251f2
zt-gateway  | [perf-request-in] ts_in=1777537101.957565 ts_out=1777537101.958386 gw_proc_ms=0.821 traceId=exp-perf5000-003378-8ef0917d
zt-gateway  | [perf-request-in] ts_in=1777537101.958420 ts_out=1777537101.959049 gw_proc_ms=0.629 traceId=exp-perf5000-003380-f3c1d49d
zt-gateway  | [perf-request-in] ts_in=1777537101.958422 ts_out=1777537101.959060 gw_proc_ms=0.638 traceId=exp-perf5000-003387-606a52fa
zt-gateway  | [perf-request-in] ts_in=1777537101.959087 ts_out=1777537101.959708 gw_proc_ms=0.621 traceId=exp-perf5000-003382-701954ef
zt-gateway  | [perf-request-in] ts_in=1777537101.959098 ts_out=1777537101.959715 gw_proc_ms=0.617 traceId=exp-perf5000-003389-324a9d76
zt-gateway  | [perf-request-in] ts_in=1777537101.959750 ts_out=1777537101.960594 gw_proc_ms=0.844 traceId=exp-perf5000-003390-f41df411
zt-gateway  | [perf-request-in] ts_in=1777537101.959744 ts_out=1777537101.960610 gw_proc_ms=0.866 traceId=exp-perf5000-003384-84f33bbd
zt-gateway  | [perf-request-in] ts_in=1777537101.960629 ts_out=1777537101.961231 gw_proc_ms=0.602 traceId=exp-perf5000-003392-fd1c229b
zt-gateway  | [perf-request-in] ts_in=1777537101.960638 ts_out=1777537101.961259 gw_proc_ms=0.621 traceId=exp-perf5000-003386-c912538c
zt-gateway  | [perf-request-in] ts_in=1777537101.961263 ts_out=1777537101.962009 gw_proc_ms=0.746 traceId=exp-perf5000-003394-2050a229
zt-gateway  | [perf-request-in] ts_in=1777537101.961289 ts_out=1777537101.962052 gw_proc_ms=0.763 traceId=exp-perf5000-003388-4eea61c3
zt-gateway  | [perf-request-in] ts_in=1777537101.962095 ts_out=1777537101.962860 gw_proc_ms=0.765 traceId=exp-perf5000-003391-302252ab
zt-gateway  | [perf-request-in] ts_in=1777537101.962051 ts_out=1777537101.963328 gw_proc_ms=1.277 traceId=exp-perf5000-003396-d0e7e601
zt-gateway  | [perf-request-in] ts_in=1777537101.962888 ts_out=1777537101.963778 gw_proc_ms=0.890 traceId=exp-perf5000-003393-937e116b
zt-gateway  | [perf-request-in] ts_in=1777537101.963374 ts_out=1777537101.964456 gw_proc_ms=1.082 traceId=exp-perf5000-003398-4361fe7c
zt-gateway  | [perf-request-in] ts_in=1777537101.963824 ts_out=1777537101.964564 gw_proc_ms=0.740 traceId=exp-perf5000-003395-9b2cd44a
zt-gateway  | [perf-request-in] ts_in=1777537101.964500 ts_out=1777537101.965327 gw_proc_ms=0.827 traceId=exp-perf5000-003399-b25c5c8a
zt-gateway  | [perf-request-in] ts_in=1777537101.964599 ts_out=1777537101.965333 gw_proc_ms=0.734 traceId=exp-perf5000-003397-c6194dde
zt-gateway  | [perf-request-in] ts_in=1777537101.965359 ts_out=1777537101.966034 gw_proc_ms=0.675 traceId=exp-perf5000-003400-5fd36eb7
zt-gateway  | [perf-request-in] ts_in=1777537101.965360 ts_out=1777537101.966076 gw_proc_ms=0.716 traceId=exp-perf5000-003401-2b3a7f8a
zt-gateway  | [perf-request-in] ts_in=1777537101.966063 ts_out=1777537101.966671 gw_proc_ms=0.608 traceId=exp-perf5000-003402-de9d07f3
zt-gateway  | [perf-request-in] ts_in=1777537101.966100 ts_out=1777537101.966718 gw_proc_ms=0.618 traceId=exp-perf5000-003403-b77b13c3
zt-gateway  | [perf-request-in] ts_in=1777537101.966696 ts_out=1777537101.967314 gw_proc_ms=0.618 traceId=exp-perf5000-003404-077a959a
zt-gateway  | [perf-request-in] ts_in=1777537101.966749 ts_out=1777537101.967386 gw_proc_ms=0.637 traceId=exp-perf5000-003405-c8473f1d
zt-gateway  | [perf-request-in] ts_in=1777537101.967346 ts_out=1777537101.968018 gw_proc_ms=0.672 traceId=exp-perf5000-003406-9f5e43a1
zt-gateway  | [perf-request-in] ts_in=1777537101.967424 ts_out=1777537101.968358 gw_proc_ms=0.934 traceId=exp-perf5000-003407-b4a9fd2e
zt-gateway  | [perf-request-in] ts_in=1777537101.968051 ts_out=1777537101.968684 gw_proc_ms=0.633 traceId=exp-perf5000-003408-1163579e
zt-gateway  | [perf-request-in] ts_in=1777537101.968388 ts_out=1777537101.969033 gw_proc_ms=0.645 traceId=exp-perf5000-003409-99b8c4db
zt-gateway  | [perf-request-in] ts_in=1777537101.968720 ts_out=1777537101.969355 gw_proc_ms=0.635 traceId=exp-perf5000-003410-a65014f6
zt-gateway  | [perf-request-in] ts_in=1777537101.969066 ts_out=1777537101.969712 gw_proc_ms=0.646 traceId=exp-perf5000-003411-dd7f5b47
zt-gateway  | [perf-request-in] ts_in=1777537101.969379 ts_out=1777537101.970096 gw_proc_ms=0.717 traceId=exp-perf5000-003412-3fd73f5e
zt-gateway  | [perf-request-in] ts_in=1777537101.969747 ts_out=1777537101.970389 gw_proc_ms=0.642 traceId=exp-perf5000-003413-e29dbf88
zt-gateway  | [perf-request-in] ts_in=1777537101.970136 ts_out=1777537101.970789 gw_proc_ms=0.653 traceId=exp-perf5000-003414-078904da
zt-gateway  | [perf-request-in] ts_in=1777537101.970424 ts_out=1777537101.971062 gw_proc_ms=0.638 traceId=exp-perf5000-003415-a4cbe145
zt-gateway  | [perf-request-in] ts_in=1777537101.970828 ts_out=1777537101.971443 gw_proc_ms=0.615 traceId=exp-perf5000-003417-9b4ebaa0
zt-gateway  | [perf-request-in] ts_in=1777537101.971091 ts_out=1777537101.971715 gw_proc_ms=0.624 traceId=exp-perf5000-003416-4fd426dd
zt-gateway  | [perf-request-in] ts_in=1777537101.971477 ts_out=1777537101.972088 gw_proc_ms=0.611 traceId=exp-perf5000-003419-f60f4dc2
zt-gateway  | [perf-request-in] ts_in=1777537101.971750 ts_out=1777537101.972386 gw_proc_ms=0.636 traceId=exp-perf5000-003418-a4b7a4f2
zt-gateway  | [perf-request-in] ts_in=1777537101.972122 ts_out=1777537101.972727 gw_proc_ms=0.605 traceId=exp-perf5000-003421-e6660c99
zt-gateway  | [perf-request-in] ts_in=1777537101.972421 ts_out=1777537101.973067 gw_proc_ms=0.646 traceId=exp-perf5000-003420-ceed0bc2
zt-gateway  | [perf-request-in] ts_in=1777537101.972760 ts_out=1777537101.973383 gw_proc_ms=0.623 traceId=exp-perf5000-003423-c640eea1
zt-gateway  | [perf-request-in] ts_in=1777537101.973106 ts_out=1777537101.973730 gw_proc_ms=0.624 traceId=exp-perf5000-003422-54542357
zt-gateway  | [perf-request-in] ts_in=1777537101.973418 ts_out=1777537101.974044 gw_proc_ms=0.626 traceId=exp-perf5000-003425-9a154f3e
zt-gateway  | [perf-request-in] ts_in=1777537101.973762 ts_out=1777537101.974382 gw_proc_ms=0.620 traceId=exp-perf5000-003424-72ef654d
zt-gateway  | [perf-request-in] ts_in=1777537101.974071 ts_out=1777537101.974700 gw_proc_ms=0.629 traceId=exp-perf5000-003427-64134c9c
zt-gateway  | [perf-request-in] ts_in=1777537101.974418 ts_out=1777537101.975063 gw_proc_ms=0.645 traceId=exp-perf5000-003426-38ff0290
zt-gateway  | [perf-request-in] ts_in=1777537101.974765 ts_out=1777537101.975484 gw_proc_ms=0.719 traceId=exp-perf5000-003429-17aae987
zt-gateway  | [perf-request-in] ts_in=1777537101.975103 ts_out=1777537101.975740 gw_proc_ms=0.637 traceId=exp-perf5000-003428-43b77a8e
zt-gateway  | [perf-request-in] ts_in=1777537101.975526 ts_out=1777537101.976152 gw_proc_ms=0.626 traceId=exp-perf5000-003433-97c95f8b
zt-gateway  | [perf-request-in] ts_in=1777537101.975774 ts_out=1777537101.976439 gw_proc_ms=0.665 traceId=exp-perf5000-003430-7e2e8bd7
zt-gateway  | [perf-request-in] ts_in=1777537101.976189 ts_out=1777537101.976885 gw_proc_ms=0.696 traceId=exp-perf5000-003434-91b4866f
zt-gateway  | [perf-request-in] ts_in=1777537101.976472 ts_out=1777537101.977136 gw_proc_ms=0.664 traceId=exp-perf5000-003431-e716e298
zt-gateway  | [perf-request-in] ts_in=1777537101.976920 ts_out=1777537101.977696 gw_proc_ms=0.776 traceId=exp-perf5000-003435-6ff1cebe
zt-gateway  | [perf-request-in] ts_in=1777537101.977172 ts_out=1777537101.977982 gw_proc_ms=0.810 traceId=exp-perf5000-003432-afff6113
zt-gateway  | [perf-request-in] ts_in=1777537101.977745 ts_out=1777537101.978439 gw_proc_ms=0.694 traceId=exp-perf5000-003437-f118488d
zt-gateway  | [perf-request-in] ts_in=1777537101.978024 ts_out=1777537101.978695 gw_proc_ms=0.671 traceId=exp-perf5000-003436-21096052
zt-gateway  | [perf-request-in] ts_in=1777537101.978482 ts_out=1777537101.979228 gw_proc_ms=0.746 traceId=exp-perf5000-003438-2a3c987b
zt-gateway  | [perf-request-in] ts_in=1777537101.978730 ts_out=1777537101.979433 gw_proc_ms=0.703 traceId=exp-perf5000-003439-ec2bf31d
zt-gateway  | [perf-request-in] ts_in=1777537101.979274 ts_out=1777537101.980074 gw_proc_ms=0.800 traceId=exp-perf5000-003441-1bd205d6
zt-gateway  | [perf-request-in] ts_in=1777537101.979478 ts_out=1777537101.980229 gw_proc_ms=0.751 traceId=exp-perf5000-003440-155ed4c3
zt-gateway  | [perf-request-in] ts_in=1777537101.980110 ts_out=1777537101.980746 gw_proc_ms=0.636 traceId=exp-perf5000-003443-e63db6e5
zt-gateway  | [perf-request-in] ts_in=1777537101.980266 ts_out=1777537101.980906 gw_proc_ms=0.640 traceId=exp-perf5000-003442-4389af86
zt-gateway  | [perf-request-in] ts_in=1777537101.980777 ts_out=1777537101.981400 gw_proc_ms=0.623 traceId=exp-perf5000-003445-39b231db
zt-gateway  | [perf-request-in] ts_in=1777537101.980942 ts_out=1777537101.981550 gw_proc_ms=0.608 traceId=exp-perf5000-003444-9f3e6a5a
zt-gateway  | [perf-request-in] ts_in=1777537101.981437 ts_out=1777537101.982064 gw_proc_ms=0.627 traceId=exp-perf5000-003447-df8f078f
zt-gateway  | [perf-request-in] ts_in=1777537101.981585 ts_out=1777537101.982191 gw_proc_ms=0.606 traceId=exp-perf5000-003446-82a96978
zt-gateway  | [perf-request-in] ts_in=1777537101.982093 ts_out=1777537101.982715 gw_proc_ms=0.622 traceId=exp-perf5000-003449-91ac80df
zt-gateway  | [perf-request-in] ts_in=1777537101.982228 ts_out=1777537101.982856 gw_proc_ms=0.628 traceId=exp-perf5000-003448-3989b5b6
zt-gateway  | [perf-request-in] ts_in=1777537101.982748 ts_out=1777537101.983468 gw_proc_ms=0.720 traceId=exp-perf5000-003451-e2e76382
zt-gateway  | [perf-request-in] ts_in=1777537101.982896 ts_out=1777537101.983545 gw_proc_ms=0.649 traceId=exp-perf5000-003450-0e44c615
zt-gateway  | [perf-request-in] ts_in=1777537101.983575 ts_out=1777537101.984219 gw_proc_ms=0.644 traceId=exp-perf5000-003452-815eb463
zt-gateway  | [perf-request-in] ts_in=1777537101.983513 ts_out=1777537101.984517 gw_proc_ms=1.004 traceId=exp-perf5000-003453-d2213b93
zt-gateway  | [perf-request-in] ts_in=1777537101.984247 ts_out=1777537101.984822 gw_proc_ms=0.575 traceId=exp-perf5000-003454-4cf44e4a
zt-gateway  | [perf-request-in] ts_in=1777537101.984555 ts_out=1777537101.985183 gw_proc_ms=0.628 traceId=exp-perf5000-003455-881f281d
zt-gateway  | [perf-request-in] ts_in=1777537101.984849 ts_out=1777537101.985834 gw_proc_ms=0.985 traceId=exp-perf5000-003456-0b6ab12d
zt-gateway  | [perf-request-in] ts_in=1777537101.985218 ts_out=1777537101.985870 gw_proc_ms=0.652 traceId=exp-perf5000-003457-2a9910c2
zt-gateway  | [perf-request-in] ts_in=1777537101.985878 ts_out=1777537101.986531 gw_proc_ms=0.653 traceId=exp-perf5000-003458-0b5e9c32
zt-gateway  | [perf-request-in] ts_in=1777537101.985908 ts_out=1777537101.986579 gw_proc_ms=0.671 traceId=exp-perf5000-003459-a6f0cf11
zt-gateway  | [perf-request-in] ts_in=1777537101.986555 ts_out=1777537101.987176 gw_proc_ms=0.621 traceId=exp-perf5000-003460-f179a69a
zt-gateway  | [perf-request-in] ts_in=1777537101.986617 ts_out=1777537101.987284 gw_proc_ms=0.667 traceId=exp-perf5000-003461-115dc8b4
zt-gateway  | [perf-request-in] ts_in=1777537101.987212 ts_out=1777537101.987812 gw_proc_ms=0.600 traceId=exp-perf5000-003462-eae64e5a
zt-gateway  | [perf-request-in] ts_in=1777537101.987380 ts_out=1777537101.988179 gw_proc_ms=0.799 traceId=exp-perf5000-003463-4b2099d4
zt-gateway  | [perf-request-in] ts_in=1777537101.987902 ts_out=1777537101.988532 gw_proc_ms=0.630 traceId=exp-perf5000-003464-1cf55bd5
zt-gateway  | [perf-request-in] ts_in=1777537101.988223 ts_out=1777537101.988895 gw_proc_ms=0.672 traceId=exp-perf5000-003465-7bac6611
zt-gateway  | [perf-request-in] ts_in=1777537101.988566 ts_out=1777537101.989209 gw_proc_ms=0.643 traceId=exp-perf5000-003466-7866e01a
zt-gateway  | [perf-request-in] ts_in=1777537101.989003 ts_out=1777537101.989637 gw_proc_ms=0.634 traceId=exp-perf5000-003467-63e27681
zt-gateway  | [perf-request-in] ts_in=1777537101.989250 ts_out=1777537101.989907 gw_proc_ms=0.657 traceId=exp-perf5000-003468-a1bb7d10
zt-gateway  | [perf-request-in] ts_in=1777537101.989673 ts_out=1777537101.990344 gw_proc_ms=0.671 traceId=exp-perf5000-003469-a16fe29d
zt-gateway  | [perf-request-in] ts_in=1777537101.989945 ts_out=1777537101.990668 gw_proc_ms=0.723 traceId=exp-perf5000-003470-ad580567
zt-gateway  | [perf-request-in] ts_in=1777537101.990377 ts_out=1777537101.991129 gw_proc_ms=0.752 traceId=exp-perf5000-003471-2972c099
zt-gateway  | [perf-request-in] ts_in=1777537101.990708 ts_out=1777537101.991641 gw_proc_ms=0.933 traceId=exp-perf5000-003472-9e717b2b
zt-gateway  | [perf-request-in] ts_in=1777537101.991165 ts_out=1777537101.991964 gw_proc_ms=0.799 traceId=exp-perf5000-003474-ed896671
zt-gateway  | [perf-request-in] ts_in=1777537101.991674 ts_out=1777537101.992319 gw_proc_ms=0.645 traceId=exp-perf5000-003473-08a7b2b6
zt-gateway  | [perf-request-in] ts_in=1777537101.991995 ts_out=1777537101.992587 gw_proc_ms=0.592 traceId=exp-perf5000-003475-7b55e72f
zt-gateway  | [perf-request-in] ts_in=1777537101.992356 ts_out=1777537101.992973 gw_proc_ms=0.617 traceId=exp-perf5000-003476-70e128b9
zt-gateway  | [perf-request-in] ts_in=1777537101.992613 ts_out=1777537101.993226 gw_proc_ms=0.613 traceId=exp-perf5000-003477-37599538
zt-gateway  | [perf-request-in] ts_in=1777537101.993012 ts_out=1777537101.993603 gw_proc_ms=0.591 traceId=exp-perf5000-003478-49851c2d
zt-gateway  | [perf-request-in] ts_in=1777537101.993252 ts_out=1777537101.993889 gw_proc_ms=0.637 traceId=exp-perf5000-003479-28e91714
zt-gateway  | [perf-request-in] ts_in=1777537101.993638 ts_out=1777537101.994353 gw_proc_ms=0.715 traceId=exp-perf5000-003480-940f81a3
zt-gateway  | [perf-request-in] ts_in=1777537101.993930 ts_out=1777537101.994561 gw_proc_ms=0.631 traceId=exp-perf5000-003481-beedefe7
zt-gateway  | [perf-request-in] ts_in=1777537101.994386 ts_out=1777537101.995063 gw_proc_ms=0.677 traceId=exp-perf5000-003482-9e90733d
zt-gateway  | [perf-request-in] ts_in=1777537101.994594 ts_out=1777537101.995250 gw_proc_ms=0.656 traceId=exp-perf5000-003484-d0b00f0e
zt-gateway  | [perf-request-in] ts_in=1777537101.995103 ts_out=1777537101.995765 gw_proc_ms=0.662 traceId=exp-perf5000-003483-ab879a16
zt-gateway  | [perf-request-in] ts_in=1777537101.995289 ts_out=1777537101.995890 gw_proc_ms=0.601 traceId=exp-perf5000-003485-f41ba864
zt-gateway  | [perf-request-in] ts_in=1777537101.995800 ts_out=1777537101.996415 gw_proc_ms=0.615 traceId=exp-perf5000-003486-3ae7a8cf
zt-gateway  | [perf-request-in] ts_in=1777537101.995923 ts_out=1777537101.996510 gw_proc_ms=0.587 traceId=exp-perf5000-003487-668ab35c
zt-gateway  | [perf-request-in] ts_in=1777537101.996444 ts_out=1777537101.997103 gw_proc_ms=0.659 traceId=exp-perf5000-003488-bfa3f6e4
zt-gateway  | [perf-request-in] ts_in=1777537101.996541 ts_out=1777537101.997176 gw_proc_ms=0.635 traceId=exp-perf5000-003489-74f4dcac
zt-gateway  | [perf-request-in] ts_in=1777537101.997141 ts_out=1777537101.997841 gw_proc_ms=0.700 traceId=exp-perf5000-003490-34115946
zt-gateway  | [perf-request-in] ts_in=1777537101.997210 ts_out=1777537101.997871 gw_proc_ms=0.661 traceId=exp-perf5000-003494-0d1d3a2e
zt-gateway  | [perf-request-in] ts_in=1777537101.997895 ts_out=1777537101.998503 gw_proc_ms=0.608 traceId=exp-perf5000-003492-bcc50c5f
zt-gateway  | [perf-request-in] ts_in=1777537101.997880 ts_out=1777537101.998504 gw_proc_ms=0.624 traceId=exp-perf5000-003491-909301a3
zt-gateway  | [perf-request-in] ts_in=1777537101.998537 ts_out=1777537101.999211 gw_proc_ms=0.674 traceId=exp-perf5000-003493-46bdd1ba
zt-gateway  | [perf-request-in] ts_in=1777537101.998543 ts_out=1777537101.999275 gw_proc_ms=0.732 traceId=exp-perf5000-003495-946ff06f
zt-gateway  | [perf-request-in] ts_in=1777537101.999253 ts_out=1777537101.999910 gw_proc_ms=0.657 traceId=exp-perf5000-003498-2cd74eb1
zt-gateway  | [perf-request-in] ts_in=1777537101.999313 ts_out=1777537101.999922 gw_proc_ms=0.609 traceId=exp-perf5000-003501-365d1514
zt-gateway  | [perf-request-in] ts_in=1777537101.999959 ts_out=1777537102.000552 gw_proc_ms=0.593 traceId=exp-perf5000-003500-21725c49
zt-gateway  | [perf-request-in] ts_in=1777537101.999955 ts_out=1777537102.000580 gw_proc_ms=0.625 traceId=exp-perf5000-003497-77b86402
zt-gateway  | [perf-request-in] ts_in=1777537102.000583 ts_out=1777537102.001215 gw_proc_ms=0.632 traceId=exp-perf5000-003499-75c6d899
zt-gateway  | [perf-request-in] ts_in=1777537102.000616 ts_out=1777537102.001265 gw_proc_ms=0.649 traceId=exp-perf5000-003496-de795070
zt-gateway  | [perf-request-in] ts_in=1777537102.001249 ts_out=1777537102.001873 gw_proc_ms=0.624 traceId=exp-perf5000-003503-ed45c323
zt-gateway  | [perf-request-in] ts_in=1777537102.001308 ts_out=1777537102.001961 gw_proc_ms=0.653 traceId=exp-perf5000-003502-3cfee277
zt-gateway  | [perf-request-in] ts_in=1777537102.001904 ts_out=1777537102.002520 gw_proc_ms=0.616 traceId=exp-perf5000-003504-b238399b
zt-gateway  | [perf-request-in] ts_in=1777537102.001999 ts_out=1777537102.002636 gw_proc_ms=0.637 traceId=exp-perf5000-003505-204d8713
zt-gateway  | [perf-request-in] ts_in=1777537102.002550 ts_out=1777537102.003175 gw_proc_ms=0.625 traceId=exp-perf5000-003508-f6f2c2a7
zt-gateway  | [perf-request-in] ts_in=1777537102.002671 ts_out=1777537102.003286 gw_proc_ms=0.615 traceId=exp-perf5000-003506-60c7f67a
zt-gateway  | [perf-request-in] ts_in=1777537102.003206 ts_out=1777537102.003799 gw_proc_ms=0.593 traceId=exp-perf5000-003509-46fc2ac0
zt-gateway  | [perf-request-in] ts_in=1777537102.003321 ts_out=1777537102.003943 gw_proc_ms=0.622 traceId=exp-perf5000-003507-7fe51886
zt-gateway  | [perf-request-in] ts_in=1777537102.003828 ts_out=1777537102.004442 gw_proc_ms=0.614 traceId=exp-perf5000-003511-593b3b94
zt-gateway  | [perf-request-in] ts_in=1777537102.003979 ts_out=1777537102.004620 gw_proc_ms=0.641 traceId=exp-perf5000-003510-f3fa1fb8
zt-gateway  | [perf-request-in] ts_in=1777537102.004471 ts_out=1777537102.005092 gw_proc_ms=0.621 traceId=exp-perf5000-003513-a8f88223
zt-gateway  | [perf-request-in] ts_in=1777537102.004652 ts_out=1777537102.005257 gw_proc_ms=0.605 traceId=exp-perf5000-003512-dfa7e145
zt-gateway  | [perf-request-in] ts_in=1777537102.005124 ts_out=1777537102.005721 gw_proc_ms=0.597 traceId=exp-perf5000-003515-c7813e1f
zt-gateway  | [perf-request-in] ts_in=1777537102.005286 ts_out=1777537102.005906 gw_proc_ms=0.620 traceId=exp-perf5000-003514-4e0d65d2
zt-gateway  | [perf-request-in] ts_in=1777537102.005753 ts_out=1777537102.006352 gw_proc_ms=0.599 traceId=exp-perf5000-003517-60e27240
zt-gateway  | [perf-request-in] ts_in=1777537102.005937 ts_out=1777537102.006567 gw_proc_ms=0.630 traceId=exp-perf5000-003516-bedb97a7
zt-gateway  | [perf-request-in] ts_in=1777537102.006382 ts_out=1777537102.006995 gw_proc_ms=0.613 traceId=exp-perf5000-003519-4a3f1426
zt-gateway  | [perf-request-in] ts_in=1777537102.006601 ts_out=1777537102.007239 gw_proc_ms=0.638 traceId=exp-perf5000-003518-74a1b646
zt-gateway  | [perf-request-in] ts_in=1777537102.007024 ts_out=1777537102.007638 gw_proc_ms=0.614 traceId=exp-perf5000-003521-fd8c1936
zt-gateway  | [perf-request-in] ts_in=1777537102.007274 ts_out=1777537102.007917 gw_proc_ms=0.643 traceId=exp-perf5000-003520-659cc9ba
zt-gateway  | [perf-request-in] ts_in=1777537102.007667 ts_out=1777537102.008303 gw_proc_ms=0.636 traceId=exp-perf5000-003523-c55dcbdf
zt-gateway  | [perf-request-in] ts_in=1777537102.007947 ts_out=1777537102.008554 gw_proc_ms=0.607 traceId=exp-perf5000-003522-52fcf6cd
zt-gateway  | [perf-request-in] ts_in=1777537102.008333 ts_out=1777537102.009037 gw_proc_ms=0.704 traceId=exp-perf5000-003525-50cce0cb
zt-gateway  | [perf-request-in] ts_in=1777537102.008590 ts_out=1777537102.009320 gw_proc_ms=0.730 traceId=exp-perf5000-003524-0c40e14a
zt-gateway  | [perf-request-in] ts_in=1777537102.009080 ts_out=1777537102.009692 gw_proc_ms=0.612 traceId=exp-perf5000-003527-528891bf
zt-gateway  | [perf-request-in] ts_in=1777537102.009354 ts_out=1777537102.009971 gw_proc_ms=0.617 traceId=exp-perf5000-003526-0fd0dd67
zt-gateway  | [perf-request-in] ts_in=1777537102.009728 ts_out=1777537102.010337 gw_proc_ms=0.609 traceId=exp-perf5000-003529-a4532bb4
zt-gateway  | [perf-request-in] ts_in=1777537102.010003 ts_out=1777537102.010607 gw_proc_ms=0.604 traceId=exp-perf5000-003528-1ec4a544
zt-gateway  | [perf-request-in] ts_in=1777537102.010372 ts_out=1777537102.010987 gw_proc_ms=0.615 traceId=exp-perf5000-003531-7f0b6d66
zt-gateway  | [perf-request-in] ts_in=1777537102.010643 ts_out=1777537102.011255 gw_proc_ms=0.612 traceId=exp-perf5000-003530-1bea9eca
zt-gateway  | [perf-request-in] ts_in=1777537102.011026 ts_out=1777537102.011645 gw_proc_ms=0.619 traceId=exp-perf5000-003533-d6a1c356
zt-gateway  | [perf-request-in] ts_in=1777537102.011289 ts_out=1777537102.011897 gw_proc_ms=0.608 traceId=exp-perf5000-003532-76ef1499
zt-gateway  | [perf-request-in] ts_in=1777537102.011680 ts_out=1777537102.012330 gw_proc_ms=0.650 traceId=exp-perf5000-003535-d63630e0
zt-gateway  | [perf-request-in] ts_in=1777537102.011932 ts_out=1777537102.012568 gw_proc_ms=0.636 traceId=exp-perf5000-003534-a1ea94f8
zt-gateway  | [perf-request-in] ts_in=1777537102.012365 ts_out=1777537102.013004 gw_proc_ms=0.639 traceId=exp-perf5000-003537-d2eedba9
zt-gateway  | [perf-request-in] ts_in=1777537102.012594 ts_out=1777537102.013219 gw_proc_ms=0.625 traceId=exp-perf5000-003536-5d4d2e5e
zt-gateway  | [perf-request-in] ts_in=1777537102.013039 ts_out=1777537102.013654 gw_proc_ms=0.615 traceId=exp-perf5000-003539-f28ef655
zt-gateway  | [perf-request-in] ts_in=1777537102.013245 ts_out=1777537102.013832 gw_proc_ms=0.587 traceId=exp-perf5000-003538-2a0e4bd2
zt-gateway  | [perf-request-in] ts_in=1777537102.013687 ts_out=1777537102.014311 gw_proc_ms=0.624 traceId=exp-perf5000-003541-71532a8f
zt-gateway  | [perf-request-in] ts_in=1777537102.013858 ts_out=1777537102.014472 gw_proc_ms=0.614 traceId=exp-perf5000-003540-ea297476
zt-gateway  | [perf-request-in] ts_in=1777537102.014346 ts_out=1777537102.014973 gw_proc_ms=0.627 traceId=exp-perf5000-003542-339850df
zt-gateway  | [perf-request-in] ts_in=1777537102.014507 ts_out=1777537102.015113 gw_proc_ms=0.606 traceId=exp-perf5000-003543-5f851f6e
zt-gateway  | [perf-request-in] ts_in=1777537102.015007 ts_out=1777537102.015619 gw_proc_ms=0.612 traceId=exp-perf5000-003544-bd408958
zt-gateway  | [perf-request-in] ts_in=1777537102.015148 ts_out=1777537102.015758 gw_proc_ms=0.610 traceId=exp-perf5000-003545-764ddf70
zt-gateway  | [perf-request-in] ts_in=1777537102.015653 ts_out=1777537102.016279 gw_proc_ms=0.626 traceId=exp-perf5000-003547-234118f6
zt-gateway  | [perf-request-in] ts_in=1777537102.015798 ts_out=1777537102.016407 gw_proc_ms=0.609 traceId=exp-perf5000-003546-8ab87a46
zt-gateway  | [perf-request-in] ts_in=1777537102.016305 ts_out=1777537102.016925 gw_proc_ms=0.620 traceId=exp-perf5000-003549-f4205f12
zt-gateway  | [perf-request-in] ts_in=1777537102.016445 ts_out=1777537102.017055 gw_proc_ms=0.610 traceId=exp-perf5000-003548-9483dbe6
zt-gateway  | [perf-request-in] ts_in=1777537102.016966 ts_out=1777537102.017586 gw_proc_ms=0.620 traceId=exp-perf5000-003550-e5839e2e
zt-gateway  | [perf-request-in] ts_in=1777537102.017090 ts_out=1777537102.017683 gw_proc_ms=0.593 traceId=exp-perf5000-003551-923da962
zt-gateway  | [perf-request-in] ts_in=1777537102.017624 ts_out=1777537102.018272 gw_proc_ms=0.648 traceId=exp-perf5000-003552-d549fc95
zt-gateway  | [perf-request-in] ts_in=1777537102.017723 ts_out=1777537102.018366 gw_proc_ms=0.643 traceId=exp-perf5000-003554-e7e03bab
zt-gateway  | [perf-request-in] ts_in=1777537102.018307 ts_out=1777537102.018952 gw_proc_ms=0.645 traceId=exp-perf5000-003553-94cbfa2b
zt-gateway  | [perf-request-in] ts_in=1777537102.018408 ts_out=1777537102.019050 gw_proc_ms=0.642 traceId=exp-perf5000-003555-6514c2f2
zt-gateway  | [perf-request-in] ts_in=1777537102.018985 ts_out=1777537102.019594 gw_proc_ms=0.609 traceId=exp-perf5000-003557-9d40445b
zt-gateway  | [perf-request-in] ts_in=1777537102.019088 ts_out=1777537102.019703 gw_proc_ms=0.615 traceId=exp-perf5000-003556-54377529
zt-gateway  | [perf-request-in] ts_in=1777537102.019629 ts_out=1777537102.020341 gw_proc_ms=0.712 traceId=exp-perf5000-003559-02ad8ae5
zt-gateway  | [perf-request-in] ts_in=1777537102.019745 ts_out=1777537102.020394 gw_proc_ms=0.649 traceId=exp-perf5000-003558-d6f51cc5
zt-gateway  | [perf-request-in] ts_in=1777537102.020381 ts_out=1777537102.021013 gw_proc_ms=0.632 traceId=exp-perf5000-003560-ad866e7c
zt-gateway  | [perf-request-in] ts_in=1777537102.020433 ts_out=1777537102.021041 gw_proc_ms=0.608 traceId=exp-perf5000-003561-49e7a777
zt-gateway  | [perf-request-in] ts_in=1777537102.021046 ts_out=1777537102.021628 gw_proc_ms=0.582 traceId=exp-perf5000-003562-7f6b0857
zt-gateway  | [perf-request-in] ts_in=1777537102.021073 ts_out=1777537102.021688 gw_proc_ms=0.615 traceId=exp-perf5000-003563-e1a0feb1
zt-gateway  | [perf-request-in] ts_in=1777537102.021662 ts_out=1777537102.022312 gw_proc_ms=0.650 traceId=exp-perf5000-003564-c96c7b65
zt-gateway  | [perf-request-in] ts_in=1777537102.021725 ts_out=1777537102.022372 gw_proc_ms=0.647 traceId=exp-perf5000-003565-b176ea21
zt-gateway  | [perf-request-in] ts_in=1777537102.022361 ts_out=1777537102.023031 gw_proc_ms=0.670 traceId=exp-perf5000-003566-026ece4f
zt-gateway  | [perf-request-in] ts_in=1777537102.022411 ts_out=1777537102.023123 gw_proc_ms=0.712 traceId=exp-perf5000-003567-48c11987
zt-gateway  | [perf-request-in] ts_in=1777537102.023073 ts_out=1777537102.023684 gw_proc_ms=0.611 traceId=exp-perf5000-003568-03d08618
zt-gateway  | [perf-request-in] ts_in=1777537102.023151 ts_out=1777537102.023801 gw_proc_ms=0.650 traceId=exp-perf5000-003569-2d15a553
zt-gateway  | [perf-request-in] ts_in=1777537102.023722 ts_out=1777537102.024309 gw_proc_ms=0.587 traceId=exp-perf5000-003570-37949a05
zt-gateway  | [perf-request-in] ts_in=1777537102.023836 ts_out=1777537102.024441 gw_proc_ms=0.605 traceId=exp-perf5000-003571-3167b626
zt-gateway  | [perf-request-in] ts_in=1777537102.024341 ts_out=1777537102.024986 gw_proc_ms=0.645 traceId=exp-perf5000-003572-4d705f9b
zt-gateway  | [perf-request-in] ts_in=1777537102.024486 ts_out=1777537102.025160 gw_proc_ms=0.674 traceId=exp-perf5000-003573-e8f41e5d
zt-gateway  | [perf-request-in] ts_in=1777537102.025019 ts_out=1777537102.025614 gw_proc_ms=0.595 traceId=exp-perf5000-003574-78ac663d
zt-gateway  | [perf-request-in] ts_in=1777537102.025196 ts_out=1777537102.025839 gw_proc_ms=0.643 traceId=exp-perf5000-003575-6b6cf738
zt-gateway  | [perf-request-in] ts_in=1777537102.025646 ts_out=1777537102.026285 gw_proc_ms=0.639 traceId=exp-perf5000-003576-b71c3ba6
zt-gateway  | [perf-request-in] ts_in=1777537102.025875 ts_out=1777537102.026576 gw_proc_ms=0.701 traceId=exp-perf5000-003577-f95338be
zt-gateway  | [perf-request-in] ts_in=1777537102.026320 ts_out=1777537102.026940 gw_proc_ms=0.620 traceId=exp-perf5000-003578-241f3dad
zt-gateway  | [perf-request-in] ts_in=1777537102.026629 ts_out=1777537102.027322 gw_proc_ms=0.693 traceId=exp-perf5000-003579-033defec
zt-gateway  | [perf-request-in] ts_in=1777537102.026963 ts_out=1777537102.027546 gw_proc_ms=0.583 traceId=exp-perf5000-003580-a9d67503
zt-gateway  | [perf-request-in] ts_in=1777537102.027361 ts_out=1777537102.027984 gw_proc_ms=0.623 traceId=exp-perf5000-003581-f3280169
zt-gateway  | [perf-request-in] ts_in=1777537102.027573 ts_out=1777537102.028149 gw_proc_ms=0.576 traceId=exp-perf5000-003582-688089a0
zt-gateway  | [perf-request-in] ts_in=1777537102.028016 ts_out=1777537102.028661 gw_proc_ms=0.645 traceId=exp-perf5000-003583-cb2c9383
zt-gateway  | [perf-request-in] ts_in=1777537102.028176 ts_out=1777537102.028843 gw_proc_ms=0.667 traceId=exp-perf5000-003584-facfb4ea
zt-gateway  | [perf-request-in] ts_in=1777537102.028880 ts_out=1777537102.029473 gw_proc_ms=0.593 traceId=exp-perf5000-003587-c2a00821
zt-gateway  | [perf-request-in] ts_in=1777537102.028690 ts_out=1777537102.029514 gw_proc_ms=0.824 traceId=exp-perf5000-003585-6c39c277
zt-gateway  | [perf-request-in] ts_in=1777537102.029545 ts_out=1777537102.030181 gw_proc_ms=0.636 traceId=exp-perf5000-003586-7235f488
zt-gateway  | [perf-request-in] ts_in=1777537102.029502 ts_out=1777537102.030320 gw_proc_ms=0.818 traceId=exp-perf5000-003589-12609e29
zt-gateway  | [perf-request-in] ts_in=1777537102.030213 ts_out=1777537102.030920 gw_proc_ms=0.707 traceId=exp-perf5000-003588-9174f364
zt-gateway  | [perf-request-in] ts_in=1777537102.030371 ts_out=1777537102.031127 gw_proc_ms=0.756 traceId=exp-perf5000-003591-475e86d3
zt-gateway  | [perf-request-in] ts_in=1777537102.030968 ts_out=1777537102.031635 gw_proc_ms=0.667 traceId=exp-perf5000-003590-fddd5f53
zt-gateway  | [perf-request-in] ts_in=1777537102.031242 ts_out=1777537102.031907 gw_proc_ms=0.665 traceId=exp-perf5000-003593-92ac69d4
zt-gateway  | [perf-request-in] ts_in=1777537102.031680 ts_out=1777537102.032329 gw_proc_ms=0.649 traceId=exp-perf5000-003592-54200dd0
zt-gateway  | [perf-request-in] ts_in=1777537102.031948 ts_out=1777537102.032587 gw_proc_ms=0.639 traceId=exp-perf5000-003595-99c58cf1
zt-gateway  | [perf-request-in] ts_in=1777537102.032370 ts_out=1777537102.033034 gw_proc_ms=0.664 traceId=exp-perf5000-003594-318489e0
zt-gateway  | [perf-request-in] ts_in=1777537102.032629 ts_out=1777537102.033268 gw_proc_ms=0.639 traceId=exp-perf5000-003597-94574fd1
zt-gateway  | [perf-request-in] ts_in=1777537102.033071 ts_out=1777537102.033699 gw_proc_ms=0.628 traceId=exp-perf5000-003596-3f9ec140
zt-gateway  | [perf-request-in] ts_in=1777537102.033305 ts_out=1777537102.033922 gw_proc_ms=0.617 traceId=exp-perf5000-003599-8f90b361
zt-gateway  | [perf-request-in] ts_in=1777537102.033740 ts_out=1777537102.034363 gw_proc_ms=0.623 traceId=exp-perf5000-003598-5f0005a6
zt-gateway  | [perf-request-in] ts_in=1777537102.033954 ts_out=1777537102.034563 gw_proc_ms=0.609 traceId=exp-perf5000-003600-83cfe6de
zt-gateway  | [perf-request-in] ts_in=1777537102.034400 ts_out=1777537102.035060 gw_proc_ms=0.660 traceId=exp-perf5000-003601-7e55dda1
zt-gateway  | [perf-request-in] ts_in=1777537102.034598 ts_out=1777537102.035262 gw_proc_ms=0.664 traceId=exp-perf5000-003602-cd3ed850
zt-gateway  | [perf-request-in] ts_in=1777537102.035096 ts_out=1777537102.035714 gw_proc_ms=0.618 traceId=exp-perf5000-003603-76b07786
zt-gateway  | [perf-request-in] ts_in=1777537102.035302 ts_out=1777537102.035919 gw_proc_ms=0.617 traceId=exp-perf5000-003604-8ac5d21c
zt-gateway  | [perf-request-in] ts_in=1777537102.035747 ts_out=1777537102.036380 gw_proc_ms=0.633 traceId=exp-perf5000-003605-03e3f677
zt-gateway  | [perf-request-in] ts_in=1777537102.035948 ts_out=1777537102.036575 gw_proc_ms=0.627 traceId=exp-perf5000-003606-920059ed
zt-gateway  | [perf-request-in] ts_in=1777537102.036417 ts_out=1777537102.037076 gw_proc_ms=0.659 traceId=exp-perf5000-003607-c0a22a0a
zt-gateway  | [perf-request-in] ts_in=1777537102.036611 ts_out=1777537102.037247 gw_proc_ms=0.636 traceId=exp-perf5000-003608-1dc268b3
zt-gateway  | [perf-request-in] ts_in=1777537102.037108 ts_out=1777537102.037715 gw_proc_ms=0.607 traceId=exp-perf5000-003609-5091f4be
zt-gateway  | [perf-request-in] ts_in=1777537102.037283 ts_out=1777537102.037893 gw_proc_ms=0.610 traceId=exp-perf5000-003610-c20a1fb2
zt-gateway  | [perf-request-in] ts_in=1777537102.037749 ts_out=1777537102.038389 gw_proc_ms=0.640 traceId=exp-perf5000-003611-0a8e995d
zt-gateway  | [perf-request-in] ts_in=1777537102.037923 ts_out=1777537102.038588 gw_proc_ms=0.665 traceId=exp-perf5000-003612-d67deb03
zt-gateway  | [perf-request-in] ts_in=1777537102.038426 ts_out=1777537102.039140 gw_proc_ms=0.714 traceId=exp-perf5000-003613-5e013cb5
zt-gateway  | [perf-request-in] ts_in=1777537102.038623 ts_out=1777537102.039289 gw_proc_ms=0.666 traceId=exp-perf5000-003614-8a563f68
zt-gateway  | [perf-request-in] ts_in=1777537102.039174 ts_out=1777537102.039964 gw_proc_ms=0.790 traceId=exp-perf5000-003615-fe357490
zt-gateway  | [perf-request-in] ts_in=1777537102.039327 ts_out=1777537102.040161 gw_proc_ms=0.834 traceId=exp-perf5000-003616-833cdb9f
zt-gateway  | [perf-request-in] ts_in=1777537102.040011 ts_out=1777537102.040665 gw_proc_ms=0.654 traceId=exp-perf5000-003617-d2372ede
zt-gateway  | [perf-request-in] ts_in=1777537102.040203 ts_out=1777537102.040926 gw_proc_ms=0.723 traceId=exp-perf5000-003618-a4f30715
zt-gateway  | [perf-request-in] ts_in=1777537102.040702 ts_out=1777537102.041375 gw_proc_ms=0.673 traceId=exp-perf5000-003619-056cfda3
zt-gateway  | [perf-request-in] ts_in=1777537102.040964 ts_out=1777537102.041614 gw_proc_ms=0.650 traceId=exp-perf5000-003620-bf66478d
zt-gateway  | [perf-request-in] ts_in=1777537102.041412 ts_out=1777537102.042094 gw_proc_ms=0.682 traceId=exp-perf5000-003621-f643823c
zt-gateway  | [perf-request-in] ts_in=1777537102.041654 ts_out=1777537102.042311 gw_proc_ms=0.657 traceId=exp-perf5000-003622-882e05aa
zt-gateway  | [perf-request-in] ts_in=1777537102.042130 ts_out=1777537102.042773 gw_proc_ms=0.643 traceId=exp-perf5000-003623-d456c51c
zt-gateway  | [perf-request-in] ts_in=1777537102.042346 ts_out=1777537102.042973 gw_proc_ms=0.627 traceId=exp-perf5000-003624-db608393
zt-gateway  | [perf-request-in] ts_in=1777537102.042816 ts_out=1777537102.043459 gw_proc_ms=0.643 traceId=exp-perf5000-003625-e9bce8ee
zt-gateway  | [perf-request-in] ts_in=1777537102.043006 ts_out=1777537102.043658 gw_proc_ms=0.652 traceId=exp-perf5000-003626-f17494a2
zt-gateway  | [perf-request-in] ts_in=1777537102.043493 ts_out=1777537102.044155 gw_proc_ms=0.662 traceId=exp-perf5000-003627-52fd5bb7
zt-gateway  | [perf-request-in] ts_in=1777537102.043697 ts_out=1777537102.044365 gw_proc_ms=0.668 traceId=exp-perf5000-003628-347496e2
zt-gateway  | [perf-request-in] ts_in=1777537102.044204 ts_out=1777537102.044924 gw_proc_ms=0.720 traceId=exp-perf5000-003629-e5035b9f
zt-gateway  | [perf-request-in] ts_in=1777537102.044402 ts_out=1777537102.045076 gw_proc_ms=0.674 traceId=exp-perf5000-003630-a2367e68
zt-gateway  | [perf-request-in] ts_in=1777537102.044963 ts_out=1777537102.045586 gw_proc_ms=0.623 traceId=exp-perf5000-003631-d49cdcbb
zt-gateway  | [perf-request-in] ts_in=1777537102.045109 ts_out=1777537102.045726 gw_proc_ms=0.617 traceId=exp-perf5000-003632-ddf2c59b
zt-gateway  | [perf-request-in] ts_in=1777537102.045622 ts_out=1777537102.046245 gw_proc_ms=0.623 traceId=exp-perf5000-003633-36a6a0fb
zt-gateway  | [perf-request-in] ts_in=1777537102.045763 ts_out=1777537102.046432 gw_proc_ms=0.669 traceId=exp-perf5000-003634-cd9037cb
zt-gateway  | [perf-request-in] ts_in=1777537102.046279 ts_out=1777537102.046907 gw_proc_ms=0.628 traceId=exp-perf5000-003635-58ccdfba
zt-gateway  | [perf-request-in] ts_in=1777537102.046468 ts_out=1777537102.047125 gw_proc_ms=0.657 traceId=exp-perf5000-003636-f88b78d1
zt-gateway  | [perf-request-in] ts_in=1777537102.046939 ts_out=1777537102.047566 gw_proc_ms=0.627 traceId=exp-perf5000-003637-53311045
zt-gateway  | [perf-request-in] ts_in=1777537102.047159 ts_out=1777537102.047809 gw_proc_ms=0.650 traceId=exp-perf5000-003638-50b510b2
zt-gateway  | [perf-request-in] ts_in=1777537102.047598 ts_out=1777537102.048244 gw_proc_ms=0.646 traceId=exp-perf5000-003639-dc2034a7
zt-gateway  | [perf-request-in] ts_in=1777537102.047842 ts_out=1777537102.048478 gw_proc_ms=0.636 traceId=exp-perf5000-003640-5ae07241
zt-gateway  | [perf-request-in] ts_in=1777537102.048277 ts_out=1777537102.048941 gw_proc_ms=0.664 traceId=exp-perf5000-003641-8e960135
zt-gateway  | [perf-request-in] ts_in=1777537102.048506 ts_out=1777537102.049190 gw_proc_ms=0.684 traceId=exp-perf5000-003642-24a8423a
zt-gateway  | [perf-request-in] ts_in=1777537102.048973 ts_out=1777537102.049638 gw_proc_ms=0.665 traceId=exp-perf5000-003643-ebe67ab9
zt-gateway  | [perf-request-in] ts_in=1777537102.049224 ts_out=1777537102.049883 gw_proc_ms=0.659 traceId=exp-perf5000-003644-a6408b18
zt-gateway  | [perf-request-in] ts_in=1777537102.049687 ts_out=1777537102.050349 gw_proc_ms=0.662 traceId=exp-perf5000-003645-7800dd39
zt-gateway  | [perf-request-in] ts_in=1777537102.049922 ts_out=1777537102.050608 gw_proc_ms=0.686 traceId=exp-perf5000-003647-26d72ead
zt-gateway  | [perf-request-in] ts_in=1777537102.050387 ts_out=1777537102.051035 gw_proc_ms=0.648 traceId=exp-perf5000-003646-15c54631
zt-gateway  | [perf-request-in] ts_in=1777537102.050638 ts_out=1777537102.051330 gw_proc_ms=0.692 traceId=exp-perf5000-003648-6bbc5841
zt-gateway  | [perf-request-in] ts_in=1777537102.051069 ts_out=1777537102.051685 gw_proc_ms=0.616 traceId=exp-perf5000-003649-13bd34d8
zt-gateway  | [perf-request-in] ts_in=1777537102.051375 ts_out=1777537102.052030 gw_proc_ms=0.655 traceId=exp-perf5000-003650-cec9b344
zt-gateway  | [perf-request-in] ts_in=1777537102.051722 ts_out=1777537102.052330 gw_proc_ms=0.608 traceId=exp-perf5000-003651-299a933e
zt-gateway  | [perf-request-in] ts_in=1777537102.052069 ts_out=1777537102.052676 gw_proc_ms=0.607 traceId=exp-perf5000-003652-7e0f8eac
zt-gateway  | [perf-request-in] ts_in=1777537102.052363 ts_out=1777537102.052972 gw_proc_ms=0.609 traceId=exp-perf5000-003653-7e2ab207
zt-gateway  | [perf-request-in] ts_in=1777537102.052711 ts_out=1777537102.053341 gw_proc_ms=0.630 traceId=exp-perf5000-003654-644488c3
zt-gateway  | [perf-request-in] ts_in=1777537102.053005 ts_out=1777537102.053588 gw_proc_ms=0.583 traceId=exp-perf5000-003655-07adda56
zt-gateway  | [perf-request-in] ts_in=1777537102.053378 ts_out=1777537102.054013 gw_proc_ms=0.635 traceId=exp-perf5000-003656-95ff1412
zt-gateway  | [perf-request-in] ts_in=1777537102.053617 ts_out=1777537102.054227 gw_proc_ms=0.610 traceId=exp-perf5000-003657-0e5fa20e
zt-gateway  | [perf-request-in] ts_in=1777537102.054050 ts_out=1777537102.054661 gw_proc_ms=0.611 traceId=exp-perf5000-003659-e208d505
zt-gateway  | [perf-request-in] ts_in=1777537102.054259 ts_out=1777537102.054862 gw_proc_ms=0.603 traceId=exp-perf5000-003658-1de52e68
zt-gateway  | [perf-request-in] ts_in=1777537102.054696 ts_out=1777537102.055314 gw_proc_ms=0.618 traceId=exp-perf5000-003661-e032a13d
zt-gateway  | [perf-request-in] ts_in=1777537102.054896 ts_out=1777537102.055473 gw_proc_ms=0.577 traceId=exp-perf5000-003660-d90178a6
zt-gateway  | [perf-request-in] ts_in=1777537102.055348 ts_out=1777537102.055970 gw_proc_ms=0.622 traceId=exp-perf5000-003662-d192a0c6
zt-gateway  | [perf-request-in] ts_in=1777537102.055502 ts_out=1777537102.056114 gw_proc_ms=0.612 traceId=exp-perf5000-003663-b74211f6
zt-gateway  | [perf-request-in] ts_in=1777537102.056003 ts_out=1777537102.056604 gw_proc_ms=0.601 traceId=exp-perf5000-003664-3d44294e
zt-gateway  | [perf-request-in] ts_in=1777537102.056146 ts_out=1777537102.056728 gw_proc_ms=0.582 traceId=exp-perf5000-003665-775e2413
zt-gateway  | [perf-request-in] ts_in=1777537102.056635 ts_out=1777537102.057277 gw_proc_ms=0.642 traceId=exp-perf5000-003666-4a80bec5
zt-gateway  | [perf-request-in] ts_in=1777537102.056759 ts_out=1777537102.057379 gw_proc_ms=0.620 traceId=exp-perf5000-003667-183cd1dd
zt-gateway  | [perf-request-in] ts_in=1777537102.057306 ts_out=1777537102.057988 gw_proc_ms=0.682 traceId=exp-perf5000-003668-ccbc36ab
zt-gateway  | [perf-request-in] ts_in=1777537102.057413 ts_out=1777537102.058036 gw_proc_ms=0.623 traceId=exp-perf5000-003669-83d30105
zt-gateway  | [perf-request-in] ts_in=1777537102.058021 ts_out=1777537102.058638 gw_proc_ms=0.617 traceId=exp-perf5000-003670-7fd05ae6
zt-gateway  | [perf-request-in] ts_in=1777537102.058072 ts_out=1777537102.058664 gw_proc_ms=0.592 traceId=exp-perf5000-003671-b7cd0abd
zt-gateway  | [perf-request-in] ts_in=1777537102.058689 ts_out=1777537102.059367 gw_proc_ms=0.678 traceId=exp-perf5000-003672-2fb0c25a
zt-gateway  | [perf-request-in] ts_in=1777537102.058691 ts_out=1777537102.059440 gw_proc_ms=0.749 traceId=exp-perf5000-003673-6528ab90
zt-gateway  | [perf-request-in] ts_in=1777537102.059411 ts_out=1777537102.060112 gw_proc_ms=0.701 traceId=exp-perf5000-003674-975c7565
zt-gateway  | [perf-request-in] ts_in=1777537102.059483 ts_out=1777537102.060192 gw_proc_ms=0.709 traceId=exp-perf5000-003675-95237fce
zt-gateway  | [perf-request-in] ts_in=1777537102.060145 ts_out=1777537102.060891 gw_proc_ms=0.746 traceId=exp-perf5000-003676-b4a56acb
zt-gateway  | [perf-request-in] ts_in=1777537102.060234 ts_out=1777537102.061028 gw_proc_ms=0.794 traceId=exp-perf5000-003677-989f05ac
zt-gateway  | [perf-request-in] ts_in=1777537102.060943 ts_out=1777537102.061711 gw_proc_ms=0.768 traceId=exp-perf5000-003678-38fc4e92
zt-gateway  | [perf-request-in] ts_in=1777537102.061074 ts_out=1777537102.061725 gw_proc_ms=0.651 traceId=exp-perf5000-003679-d5bc562a
zt-gateway  | [perf-request-in] ts_in=1777537102.061752 ts_out=1777537102.062346 gw_proc_ms=0.594 traceId=exp-perf5000-003681-ddc3fa67
zt-gateway  | [perf-request-in] ts_in=1777537102.061742 ts_out=1777537102.062350 gw_proc_ms=0.608 traceId=exp-perf5000-003680-2546e28e
zt-gateway  | [perf-request-in] ts_in=1777537102.062382 ts_out=1777537102.063020 gw_proc_ms=0.638 traceId=exp-perf5000-003682-444b67fd
zt-gateway  | [perf-request-in] ts_in=1777537102.062381 ts_out=1777537102.063020 gw_proc_ms=0.639 traceId=exp-perf5000-003683-a4e19b66
zt-gateway  | [perf-request-in] ts_in=1777537102.063055 ts_out=1777537102.063693 gw_proc_ms=0.638 traceId=exp-perf5000-003684-eb1fd1ad
zt-gateway  | [perf-request-in] ts_in=1777537102.063057 ts_out=1777537102.063736 gw_proc_ms=0.679 traceId=exp-perf5000-003685-dd970294
zt-gateway  | [perf-request-in] ts_in=1777537102.063726 ts_out=1777537102.064365 gw_proc_ms=0.639 traceId=exp-perf5000-003686-79c561aa
zt-gateway  | [perf-request-in] ts_in=1777537102.063762 ts_out=1777537102.064432 gw_proc_ms=0.670 traceId=exp-perf5000-003687-28ed8c2b
zt-gateway  | [perf-request-in] ts_in=1777537102.064406 ts_out=1777537102.065053 gw_proc_ms=0.647 traceId=exp-perf5000-003688-d222f037
zt-gateway  | [perf-request-in] ts_in=1777537102.064476 ts_out=1777537102.065114 gw_proc_ms=0.638 traceId=exp-perf5000-003689-ac7d8057
zt-gateway  | [perf-request-in] ts_in=1777537102.065090 ts_out=1777537102.065732 gw_proc_ms=0.642 traceId=exp-perf5000-003690-36687fe8
zt-gateway  | [perf-request-in] ts_in=1777537102.065156 ts_out=1777537102.065778 gw_proc_ms=0.622 traceId=exp-perf5000-003691-cac2a277
zt-gateway  | [perf-request-in] ts_in=1777537102.065768 ts_out=1777537102.066392 gw_proc_ms=0.624 traceId=exp-perf5000-003692-d79ae2f5
zt-gateway  | [perf-request-in] ts_in=1777537102.065814 ts_out=1777537102.066429 gw_proc_ms=0.615 traceId=exp-perf5000-003693-e68cc080
zt-gateway  | [perf-request-in] ts_in=1777537102.066425 ts_out=1777537102.067117 gw_proc_ms=0.692 traceId=exp-perf5000-003694-118cbc6a
zt-gateway  | [perf-request-in] ts_in=1777537102.066477 ts_out=1777537102.067174 gw_proc_ms=0.697 traceId=exp-perf5000-003695-b156be8b
zt-gateway  | [perf-request-in] ts_in=1777537102.067150 ts_out=1777537102.067758 gw_proc_ms=0.608 traceId=exp-perf5000-003696-b109854d
zt-gateway  | [perf-request-in] ts_in=1777537102.067215 ts_out=1777537102.067827 gw_proc_ms=0.612 traceId=exp-perf5000-003697-811333d0
zt-gateway  | [perf-request-in] ts_in=1777537102.067805 ts_out=1777537102.068404 gw_proc_ms=0.599 traceId=exp-perf5000-003698-850217bd
zt-gateway  | [perf-request-in] ts_in=1777537102.067862 ts_out=1777537102.068446 gw_proc_ms=0.584 traceId=exp-perf5000-003699-1be1726d
zt-gateway  | [perf-request-in] ts_in=1777537102.068431 ts_out=1777537102.069036 gw_proc_ms=0.605 traceId=exp-perf5000-003700-06c2d5bc
zt-gateway  | [perf-request-in] ts_in=1777537102.068477 ts_out=1777537102.069115 gw_proc_ms=0.638 traceId=exp-perf5000-003701-b877c9aa
zt-gateway  | [perf-request-in] ts_in=1777537102.069065 ts_out=1777537102.069663 gw_proc_ms=0.598 traceId=exp-perf5000-003702-a877382d
zt-gateway  | [perf-request-in] ts_in=1777537102.069150 ts_out=1777537102.069827 gw_proc_ms=0.677 traceId=exp-perf5000-003703-bc345783
zt-gateway  | [perf-request-in] ts_in=1777537102.069693 ts_out=1777537102.070307 gw_proc_ms=0.614 traceId=exp-perf5000-003704-7532e33b
zt-gateway  | [perf-request-in] ts_in=1777537102.069874 ts_out=1777537102.070530 gw_proc_ms=0.656 traceId=exp-perf5000-003705-328f6be4
zt-gateway  | [perf-request-in] ts_in=1777537102.070337 ts_out=1777537102.070982 gw_proc_ms=0.645 traceId=exp-perf5000-003706-e9ee3f41
zt-gateway  | [perf-request-in] ts_in=1777537102.070665 ts_out=1777537102.071321 gw_proc_ms=0.656 traceId=exp-perf5000-003707-cea4032c
zt-gateway  | [perf-request-in] ts_in=1777537102.071044 ts_out=1777537102.071716 gw_proc_ms=0.672 traceId=exp-perf5000-003708-81349fbc
zt-gateway  | [perf-request-in] ts_in=1777537102.071359 ts_out=1777537102.071991 gw_proc_ms=0.632 traceId=exp-perf5000-003709-3c159744
zt-gateway  | [perf-request-in] ts_in=1777537102.071761 ts_out=1777537102.072404 gw_proc_ms=0.643 traceId=exp-perf5000-003710-b589a616
zt-gateway  | [perf-request-in] ts_in=1777537102.072023 ts_out=1777537102.072641 gw_proc_ms=0.618 traceId=exp-perf5000-003711-d90d1829
zt-gateway  | [perf-request-in] ts_in=1777537102.072439 ts_out=1777537102.073086 gw_proc_ms=0.647 traceId=exp-perf5000-003712-48f1db42
zt-gateway  | [perf-request-in] ts_in=1777537102.072671 ts_out=1777537102.073300 gw_proc_ms=0.629 traceId=exp-perf5000-003713-14cd0e5a
zt-gateway  | [perf-request-in] ts_in=1777537102.073123 ts_out=1777537102.073739 gw_proc_ms=0.616 traceId=exp-perf5000-003714-0aedfd82
zt-gateway  | [perf-request-in] ts_in=1777537102.073331 ts_out=1777537102.073969 gw_proc_ms=0.638 traceId=exp-perf5000-003715-8e1b6aef
zt-gateway  | [perf-request-in] ts_in=1777537102.073773 ts_out=1777537102.074466 gw_proc_ms=0.693 traceId=exp-perf5000-003716-b9c00149
zt-gateway  | [perf-request-in] ts_in=1777537102.074003 ts_out=1777537102.074627 gw_proc_ms=0.624 traceId=exp-perf5000-003717-8c545c2f
zt-gateway  | [perf-request-in] ts_in=1777537102.074501 ts_out=1777537102.075141 gw_proc_ms=0.640 traceId=exp-perf5000-003718-e52c9204
zt-gateway  | [perf-request-in] ts_in=1777537102.074664 ts_out=1777537102.075327 gw_proc_ms=0.663 traceId=exp-perf5000-003719-432e8510
zt-gateway  | [perf-request-in] ts_in=1777537102.075177 ts_out=1777537102.075768 gw_proc_ms=0.591 traceId=exp-perf5000-003720-c746170f
zt-gateway  | [perf-request-in] ts_in=1777537102.075366 ts_out=1777537102.075984 gw_proc_ms=0.618 traceId=exp-perf5000-003721-fd2c16b1
zt-gateway  | [perf-request-in] ts_in=1777537102.075807 ts_out=1777537102.076406 gw_proc_ms=0.599 traceId=exp-perf5000-003722-3584c268
zt-gateway  | [perf-request-in] ts_in=1777537102.076017 ts_out=1777537102.076597 gw_proc_ms=0.580 traceId=exp-perf5000-003723-60397652
zt-gateway  | [perf-request-in] ts_in=1777537102.076439 ts_out=1777537102.077041 gw_proc_ms=0.602 traceId=exp-perf5000-003724-a258139c
zt-gateway  | [perf-request-in] ts_in=1777537102.076629 ts_out=1777537102.077256 gw_proc_ms=0.627 traceId=exp-perf5000-003725-0af28d90
zt-gateway  | [perf-request-in] ts_in=1777537102.077071 ts_out=1777537102.077656 gw_proc_ms=0.585 traceId=exp-perf5000-003726-6d88cc6e
zt-gateway  | [perf-request-in] ts_in=1777537102.077287 ts_out=1777537102.077909 gw_proc_ms=0.622 traceId=exp-perf5000-003727-fbcd9a80
zt-gateway  | [perf-request-in] ts_in=1777537102.077688 ts_out=1777537102.078315 gw_proc_ms=0.627 traceId=exp-perf5000-003728-83220453
zt-gateway  | [perf-request-in] ts_in=1777537102.077937 ts_out=1777537102.078537 gw_proc_ms=0.600 traceId=exp-perf5000-003729-05a74d31
zt-gateway  | [perf-request-in] ts_in=1777537102.078345 ts_out=1777537102.078931 gw_proc_ms=0.586 traceId=exp-perf5000-003730-4aa84e7e
zt-gateway  | [perf-request-in] ts_in=1777537102.078566 ts_out=1777537102.079181 gw_proc_ms=0.615 traceId=exp-perf5000-003731-1b038849
zt-gateway  | [perf-request-in] ts_in=1777537102.078961 ts_out=1777537102.079550 gw_proc_ms=0.589 traceId=exp-perf5000-003732-cf59972a
zt-gateway  | [perf-request-in] ts_in=1777537102.079215 ts_out=1777537102.079870 gw_proc_ms=0.655 traceId=exp-perf5000-003733-a286b15b
zt-gateway  | [perf-request-in] ts_in=1777537102.079580 ts_out=1777537102.080161 gw_proc_ms=0.581 traceId=exp-perf5000-003734-559fa926
zt-gateway  | [perf-request-in] ts_in=1777537102.079910 ts_out=1777537102.080509 gw_proc_ms=0.599 traceId=exp-perf5000-003735-7483b570
zt-gateway  | [perf-request-in] ts_in=1777537102.080190 ts_out=1777537102.080778 gw_proc_ms=0.588 traceId=exp-perf5000-003736-49d8b5b6
zt-gateway  | [perf-request-in] ts_in=1777537102.080547 ts_out=1777537102.081152 gw_proc_ms=0.605 traceId=exp-perf5000-003737-a6fccd89
zt-gateway  | [perf-request-in] ts_in=1777537102.080815 ts_out=1777537102.081380 gw_proc_ms=0.565 traceId=exp-perf5000-003738-0ba1ddc9
zt-gateway  | [perf-request-in] ts_in=1777537102.081189 ts_out=1777537102.081788 gw_proc_ms=0.599 traceId=exp-perf5000-003739-89df46da
zt-gateway  | [perf-request-in] ts_in=1777537102.081404 ts_out=1777537102.082059 gw_proc_ms=0.655 traceId=exp-perf5000-003740-f1539587
zt-gateway  | [perf-request-in] ts_in=1777537102.081816 ts_out=1777537102.082423 gw_proc_ms=0.607 traceId=exp-perf5000-003741-03c2cfcf
zt-gateway  | [perf-request-in] ts_in=1777537102.082099 ts_out=1777537102.082724 gw_proc_ms=0.625 traceId=exp-perf5000-003742-e3372bbf
zt-gateway  | [perf-request-in] ts_in=1777537102.082452 ts_out=1777537102.083098 gw_proc_ms=0.646 traceId=exp-perf5000-003743-9f6ea0e1
zt-gateway  | [perf-request-in] ts_in=1777537102.082755 ts_out=1777537102.083390 gw_proc_ms=0.635 traceId=exp-perf5000-003744-d5c71a5c
zt-gateway  | [perf-request-in] ts_in=1777537102.083130 ts_out=1777537102.083729 gw_proc_ms=0.599 traceId=exp-perf5000-003745-2f9affd4
zt-gateway  | [perf-request-in] ts_in=1777537102.083424 ts_out=1777537102.084037 gw_proc_ms=0.613 traceId=exp-perf5000-003746-96f5bad2
zt-gateway  | [perf-request-in] ts_in=1777537102.083757 ts_out=1777537102.084400 gw_proc_ms=0.643 traceId=exp-perf5000-003747-15d1edf9
zt-gateway  | [perf-request-in] ts_in=1777537102.084069 ts_out=1777537102.084694 gw_proc_ms=0.625 traceId=exp-perf5000-003748-a8b665d7
zt-gateway  | [perf-request-in] ts_in=1777537102.084431 ts_out=1777537102.085062 gw_proc_ms=0.631 traceId=exp-perf5000-003749-4df62a61
zt-gateway  | [perf-request-in] ts_in=1777537102.084726 ts_out=1777537102.085361 gw_proc_ms=0.635 traceId=exp-perf5000-003750-878a0ca6
zt-gateway  | [perf-request-in] ts_in=1777537102.085098 ts_out=1777537102.085736 gw_proc_ms=0.638 traceId=exp-perf5000-003751-18847978
zt-gateway  | [perf-request-in] ts_in=1777537102.085393 ts_out=1777537102.086009 gw_proc_ms=0.616 traceId=exp-perf5000-003752-3088afec
zt-gateway  | [perf-request-in] ts_in=1777537102.085769 ts_out=1777537102.086414 gw_proc_ms=0.645 traceId=exp-perf5000-003753-2913be65
zt-gateway  | [perf-request-in] ts_in=1777537102.086045 ts_out=1777537102.086667 gw_proc_ms=0.622 traceId=exp-perf5000-003754-f78adf33
zt-gateway  | [perf-request-in] ts_in=1777537102.086447 ts_out=1777537102.087108 gw_proc_ms=0.661 traceId=exp-perf5000-003755-6e88a47a
zt-gateway  | [perf-request-in] ts_in=1777537102.086704 ts_out=1777537102.087393 gw_proc_ms=0.689 traceId=exp-perf5000-003756-229e7b14
zt-gateway  | [perf-request-in] ts_in=1777537102.087141 ts_out=1777537102.087766 gw_proc_ms=0.625 traceId=exp-perf5000-003757-2befbc73
zt-gateway  | [perf-request-in] ts_in=1777537102.087427 ts_out=1777537102.088063 gw_proc_ms=0.636 traceId=exp-perf5000-003758-f103fe9d
zt-gateway  | [perf-request-in] ts_in=1777537102.087807 ts_out=1777537102.088435 gw_proc_ms=0.628 traceId=exp-perf5000-003759-dc499244
zt-gateway  | [perf-request-in] ts_in=1777537102.088092 ts_out=1777537102.088749 gw_proc_ms=0.657 traceId=exp-perf5000-003760-96bc2d0f
zt-gateway  | [perf-request-in] ts_in=1777537102.088461 ts_out=1777537102.089121 gw_proc_ms=0.660 traceId=exp-perf5000-003761-119b8926
zt-gateway  | [perf-request-in] ts_in=1777537102.088794 ts_out=1777537102.089412 gw_proc_ms=0.618 traceId=exp-perf5000-003762-2f4dfa59
zt-gateway  | [perf-request-in] ts_in=1777537102.089152 ts_out=1777537102.089866 gw_proc_ms=0.714 traceId=exp-perf5000-003763-972ea60a
zt-gateway  | [perf-request-in] ts_in=1777537102.089442 ts_out=1777537102.090087 gw_proc_ms=0.645 traceId=exp-perf5000-003764-e5d8e0ad
zt-gateway  | [perf-request-in] ts_in=1777537102.089917 ts_out=1777537102.090632 gw_proc_ms=0.715 traceId=exp-perf5000-003765-f7022ebe
zt-gateway  | [perf-request-in] ts_in=1777537102.090122 ts_out=1777537102.090755 gw_proc_ms=0.633 traceId=exp-perf5000-003766-dfc92fe7
zt-gateway  | [perf-request-in] ts_in=1777537102.090672 ts_out=1777537102.091325 gw_proc_ms=0.653 traceId=exp-perf5000-003767-632c0532
zt-gateway  | [perf-request-in] ts_in=1777537102.090792 ts_out=1777537102.091447 gw_proc_ms=0.655 traceId=exp-perf5000-003769-31733f56
zt-gateway  | [perf-request-in] ts_in=1777537102.091367 ts_out=1777537102.092047 gw_proc_ms=0.680 traceId=exp-perf5000-003768-464d91e3
zt-gateway  | [perf-request-in] ts_in=1777537102.091500 ts_out=1777537102.092188 gw_proc_ms=0.688 traceId=exp-perf5000-003771-290bf19f
zt-gateway  | [perf-request-in] ts_in=1777537102.092087 ts_out=1777537102.092752 gw_proc_ms=0.665 traceId=exp-perf5000-003770-14de7b7e
zt-gateway  | [perf-request-in] ts_in=1777537102.092217 ts_out=1777537102.092851 gw_proc_ms=0.634 traceId=exp-perf5000-003772-acbae040
zt-gateway  | [perf-request-in] ts_in=1777537102.092798 ts_out=1777537102.093444 gw_proc_ms=0.646 traceId=exp-perf5000-003773-c8121686
zt-gateway  | [perf-request-in] ts_in=1777537102.092877 ts_out=1777537102.093500 gw_proc_ms=0.623 traceId=exp-perf5000-003774-8e96d86f
zt-gateway  | [perf-request-in] ts_in=1777537102.093475 ts_out=1777537102.094173 gw_proc_ms=0.698 traceId=exp-perf5000-003775-bdafa54a
zt-gateway  | [perf-request-in] ts_in=1777537102.093524 ts_out=1777537102.094204 gw_proc_ms=0.680 traceId=exp-perf5000-003776-70c4d15a
zt-gateway  | [perf-request-in] ts_in=1777537102.094214 ts_out=1777537102.094874 gw_proc_ms=0.660 traceId=exp-perf5000-003777-6eb94bce
zt-gateway  | [perf-request-in] ts_in=1777537102.094415 ts_out=1777537102.095092 gw_proc_ms=0.677 traceId=exp-perf5000-003779-1ddb2b42
zt-gateway  | [perf-request-in] ts_in=1777537102.094906 ts_out=1777537102.095512 gw_proc_ms=0.606 traceId=exp-perf5000-003778-a75ad0df
zt-gateway  | [perf-request-in] ts_in=1777537102.095139 ts_out=1777537102.095746 gw_proc_ms=0.607 traceId=exp-perf5000-003781-06aee651
zt-gateway  | [perf-request-in] ts_in=1777537102.095545 ts_out=1777537102.096161 gw_proc_ms=0.616 traceId=exp-perf5000-003780-7acc2ddc
zt-gateway  | [perf-request-in] ts_in=1777537102.095786 ts_out=1777537102.096403 gw_proc_ms=0.617 traceId=exp-perf5000-003782-9860fc54
zt-gateway  | [perf-request-in] ts_in=1777537102.096202 ts_out=1777537102.096821 gw_proc_ms=0.619 traceId=exp-perf5000-003783-8c589c06
zt-gateway  | [perf-request-in] ts_in=1777537102.096437 ts_out=1777537102.097076 gw_proc_ms=0.639 traceId=exp-perf5000-003784-101dd6b0
zt-gateway  | [perf-request-in] ts_in=1777537102.096857 ts_out=1777537102.097479 gw_proc_ms=0.622 traceId=exp-perf5000-003785-912d2480
zt-gateway  | [perf-request-in] ts_in=1777537102.097111 ts_out=1777537102.097734 gw_proc_ms=0.623 traceId=exp-perf5000-003786-bbbb9162
zt-gateway  | [perf-request-in] ts_in=1777537102.097511 ts_out=1777537102.098145 gw_proc_ms=0.634 traceId=exp-perf5000-003787-b1b43bc2
zt-gateway  | [perf-request-in] ts_in=1777537102.097769 ts_out=1777537102.098392 gw_proc_ms=0.623 traceId=exp-perf5000-003788-9d2b4545
zt-gateway  | [perf-request-in] ts_in=1777537102.098173 ts_out=1777537102.098792 gw_proc_ms=0.619 traceId=exp-perf5000-003789-f790ea79
zt-gateway  | [perf-request-in] ts_in=1777537102.098424 ts_out=1777537102.099048 gw_proc_ms=0.624 traceId=exp-perf5000-003790-f741e1bf
zt-gateway  | [perf-request-in] ts_in=1777537102.098818 ts_out=1777537102.099438 gw_proc_ms=0.620 traceId=exp-perf5000-003791-b3c92ac4
zt-gateway  | [perf-request-in] ts_in=1777537102.099080 ts_out=1777537102.099734 gw_proc_ms=0.654 traceId=exp-perf5000-003792-824e80cf
zt-gateway  | [perf-request-in] ts_in=1777537102.099480 ts_out=1777537102.100166 gw_proc_ms=0.686 traceId=exp-perf5000-003793-56e2dd32
zt-gateway  | [perf-request-in] ts_in=1777537102.099764 ts_out=1777537102.100406 gw_proc_ms=0.642 traceId=exp-perf5000-003794-903c2100
zt-gateway  | [perf-request-in] ts_in=1777537102.100208 ts_out=1777537102.100864 gw_proc_ms=0.656 traceId=exp-perf5000-003795-39e86295
zt-gateway  | [perf-request-in] ts_in=1777537102.100442 ts_out=1777537102.101089 gw_proc_ms=0.647 traceId=exp-perf5000-003796-e6b546d9
zt-gateway  | [perf-request-in] ts_in=1777537102.100899 ts_out=1777537102.101530 gw_proc_ms=0.631 traceId=exp-perf5000-003797-b0863d17
zt-gateway  | [perf-request-in] ts_in=1777537102.101117 ts_out=1777537102.101755 gw_proc_ms=0.638 traceId=exp-perf5000-003799-04985ccd
zt-gateway  | [perf-request-in] ts_in=1777537102.101564 ts_out=1777537102.102193 gw_proc_ms=0.629 traceId=exp-perf5000-003798-93d193e4
zt-gateway  | [perf-request-in] ts_in=1777537102.101799 ts_out=1777537102.102507 gw_proc_ms=0.708 traceId=exp-perf5000-003800-4ab1372c
zt-gateway  | [perf-request-in] ts_in=1777537102.102223 ts_out=1777537102.102866 gw_proc_ms=0.643 traceId=exp-perf5000-003801-1531b378
zt-gateway  | [perf-request-in] ts_in=1777537102.102550 ts_out=1777537102.103215 gw_proc_ms=0.665 traceId=exp-perf5000-003802-6c955c3f
zt-gateway  | [perf-request-in] ts_in=1777537102.102903 ts_out=1777537102.103522 gw_proc_ms=0.619 traceId=exp-perf5000-003803-a8c2601d
zt-gateway  | [perf-request-in] ts_in=1777537102.103251 ts_out=1777537102.103901 gw_proc_ms=0.650 traceId=exp-perf5000-003804-d5815774
zt-gateway  | [perf-request-in] ts_in=1777537102.103557 ts_out=1777537102.104180 gw_proc_ms=0.623 traceId=exp-perf5000-003805-fa3055f9
zt-gateway  | [perf-request-in] ts_in=1777537102.103934 ts_out=1777537102.104573 gw_proc_ms=0.639 traceId=exp-perf5000-003806-d912ebb8
zt-gateway  | [perf-request-in] ts_in=1777537102.104217 ts_out=1777537102.104846 gw_proc_ms=0.629 traceId=exp-perf5000-003807-7f18b38c
zt-gateway  | [perf-request-in] ts_in=1777537102.104604 ts_out=1777537102.105263 gw_proc_ms=0.659 traceId=exp-perf5000-003808-bcd1cfde
zt-gateway  | [perf-request-in] ts_in=1777537102.104874 ts_out=1777537102.105478 gw_proc_ms=0.604 traceId=exp-perf5000-003809-0b7721ea
zt-gateway  | [perf-request-in] ts_in=1777537102.105293 ts_out=1777537102.105931 gw_proc_ms=0.638 traceId=exp-perf5000-003810-be1cca03
zt-gateway  | [perf-request-in] ts_in=1777537102.105504 ts_out=1777537102.106119 gw_proc_ms=0.615 traceId=exp-perf5000-003811-8472a276
zt-gateway  | [perf-request-in] ts_in=1777537102.105960 ts_out=1777537102.106548 gw_proc_ms=0.588 traceId=exp-perf5000-003812-6678227c
zt-gateway  | [perf-request-in] ts_in=1777537102.106148 ts_out=1777537102.106734 gw_proc_ms=0.586 traceId=exp-perf5000-003813-9a262489
zt-gateway  | [perf-request-in] ts_in=1777537102.106577 ts_out=1777537102.107173 gw_proc_ms=0.596 traceId=exp-perf5000-003814-79a74deb
zt-gateway  | [perf-request-in] ts_in=1777537102.106759 ts_out=1777537102.107355 gw_proc_ms=0.596 traceId=exp-perf5000-003815-f4d47e9c
zt-gateway  | [perf-request-in] ts_in=1777537102.107202 ts_out=1777537102.107823 gw_proc_ms=0.621 traceId=exp-perf5000-003816-a42f3d44
zt-gateway  | [perf-request-in] ts_in=1777537102.107380 ts_out=1777537102.107997 gw_proc_ms=0.617 traceId=exp-perf5000-003817-966ce1de
zt-gateway  | [perf-request-in] ts_in=1777537102.107853 ts_out=1777537102.108459 gw_proc_ms=0.606 traceId=exp-perf5000-003818-a48ecc77
zt-gateway  | [perf-request-in] ts_in=1777537102.108023 ts_out=1777537102.108622 gw_proc_ms=0.599 traceId=exp-perf5000-003819-1b97f585
zt-gateway  | [perf-request-in] ts_in=1777537102.108489 ts_out=1777537102.109086 gw_proc_ms=0.597 traceId=exp-perf5000-003820-67e291ae
zt-gateway  | [perf-request-in] ts_in=1777537102.108652 ts_out=1777537102.109249 gw_proc_ms=0.597 traceId=exp-perf5000-003821-69183570
zt-gateway  | [perf-request-in] ts_in=1777537102.109120 ts_out=1777537102.109725 gw_proc_ms=0.605 traceId=exp-perf5000-003822-a067822f
zt-gateway  | [perf-request-in] ts_in=1777537102.109275 ts_out=1777537102.109879 gw_proc_ms=0.604 traceId=exp-perf5000-003823-5cf592d1
zt-gateway  | [perf-request-in] ts_in=1777537102.109753 ts_out=1777537102.110406 gw_proc_ms=0.653 traceId=exp-perf5000-003824-d38ed807
zt-gateway  | [perf-request-in] ts_in=1777537102.109998 ts_out=1777537102.110671 gw_proc_ms=0.673 traceId=exp-perf5000-003825-44216b19
zt-gateway  | [perf-request-in] ts_in=1777537102.110437 ts_out=1777537102.111081 gw_proc_ms=0.644 traceId=exp-perf5000-003826-1cf44aab
zt-gateway  | [perf-request-in] ts_in=1777537102.110712 ts_out=1777537102.111372 gw_proc_ms=0.660 traceId=exp-perf5000-003827-13f60ff1
zt-gateway  | [perf-request-in] ts_in=1777537102.111116 ts_out=1777537102.111726 gw_proc_ms=0.610 traceId=exp-perf5000-003828-9d277721
zt-gateway  | [perf-request-in] ts_in=1777537102.111411 ts_out=1777537102.112044 gw_proc_ms=0.633 traceId=exp-perf5000-003829-38454ecc
zt-gateway  | [perf-request-in] ts_in=1777537102.111756 ts_out=1777537102.112424 gw_proc_ms=0.668 traceId=exp-perf5000-003830-13badfb7
zt-gateway  | [perf-request-in] ts_in=1777537102.112083 ts_out=1777537102.112739 gw_proc_ms=0.656 traceId=exp-perf5000-003831-fcd2ea14
zt-gateway  | [perf-request-in] ts_in=1777537102.112472 ts_out=1777537102.113128 gw_proc_ms=0.656 traceId=exp-perf5000-003832-bc2de665
zt-gateway  | [perf-request-in] ts_in=1777537102.112789 ts_out=1777537102.113455 gw_proc_ms=0.666 traceId=exp-perf5000-003833-4e5fd73f
zt-gateway  | [perf-request-in] ts_in=1777537102.113169 ts_out=1777537102.113820 gw_proc_ms=0.651 traceId=exp-perf5000-003834-4c683774
zt-gateway  | [perf-request-in] ts_in=1777537102.113491 ts_out=1777537102.114181 gw_proc_ms=0.690 traceId=exp-perf5000-003835-49077093
zt-gateway  | [perf-request-in] ts_in=1777537102.113855 ts_out=1777537102.114601 gw_proc_ms=0.746 traceId=exp-perf5000-003836-24747f14
zt-gateway  | [perf-request-in] ts_in=1777537102.114217 ts_out=1777537102.114912 gw_proc_ms=0.695 traceId=exp-perf5000-003837-432da6da
zt-gateway  | [perf-request-in] ts_in=1777537102.114634 ts_out=1777537102.115277 gw_proc_ms=0.643 traceId=exp-perf5000-003838-32b799e0
zt-gateway  | [perf-request-in] ts_in=1777537102.114949 ts_out=1777537102.115571 gw_proc_ms=0.622 traceId=exp-perf5000-003839-78846c01
zt-gateway  | [perf-request-in] ts_in=1777537102.115311 ts_out=1777537102.115951 gw_proc_ms=0.640 traceId=exp-perf5000-003840-bf534b2d
zt-gateway  | [perf-request-in] ts_in=1777537102.115600 ts_out=1777537102.116267 gw_proc_ms=0.667 traceId=exp-perf5000-003841-2a07cfd8
zt-gateway  | [perf-request-in] ts_in=1777537102.115988 ts_out=1777537102.116659 gw_proc_ms=0.671 traceId=exp-perf5000-003842-81a1ee91
zt-gateway  | [perf-request-in] ts_in=1777537102.116300 ts_out=1777537102.116942 gw_proc_ms=0.642 traceId=exp-perf5000-003843-e7f798b4
zt-gateway  | [perf-request-in] ts_in=1777537102.116690 ts_out=1777537102.117329 gw_proc_ms=0.639 traceId=exp-perf5000-003844-ccfff761
zt-gateway  | [perf-request-in] ts_in=1777537102.116976 ts_out=1777537102.117639 gw_proc_ms=0.663 traceId=exp-perf5000-003845-aae3ca09
zt-gateway  | [perf-request-in] ts_in=1777537102.117366 ts_out=1777537102.118025 gw_proc_ms=0.659 traceId=exp-perf5000-003846-40a06d06
zt-gateway  | [perf-request-in] ts_in=1777537102.117677 ts_out=1777537102.118370 gw_proc_ms=0.693 traceId=exp-perf5000-003847-b6316a7c
zt-gateway  | [perf-request-in] ts_in=1777537102.118055 ts_out=1777537102.118774 gw_proc_ms=0.719 traceId=exp-perf5000-003848-b2b495e1
zt-gateway  | [perf-request-in] ts_in=1777537102.118404 ts_out=1777537102.119051 gw_proc_ms=0.647 traceId=exp-perf5000-003849-ed82d4be
zt-gateway  | [perf-request-in] ts_in=1777537102.118808 ts_out=1777537102.119435 gw_proc_ms=0.627 traceId=exp-perf5000-003850-341092bd
zt-gateway  | [perf-request-in] ts_in=1777537102.119086 ts_out=1777537102.119671 gw_proc_ms=0.585 traceId=exp-perf5000-003851-3b74bc0d
zt-gateway  | [perf-request-in] ts_in=1777537102.119469 ts_out=1777537102.120091 gw_proc_ms=0.622 traceId=exp-perf5000-003852-46b63248
zt-gateway  | [perf-request-in] ts_in=1777537102.119697 ts_out=1777537102.120363 gw_proc_ms=0.666 traceId=exp-perf5000-003853-de2cf10b
zt-gateway  | [perf-request-in] ts_in=1777537102.120126 ts_out=1777537102.120765 gw_proc_ms=0.639 traceId=exp-perf5000-003854-9f1fcd19
zt-gateway  | [perf-request-in] ts_in=1777537102.120394 ts_out=1777537102.121003 gw_proc_ms=0.609 traceId=exp-perf5000-003855-163cc51e
zt-gateway  | [perf-request-in] ts_in=1777537102.120804 ts_out=1777537102.121424 gw_proc_ms=0.620 traceId=exp-perf5000-003856-64ab6646
zt-gateway  | [perf-request-in] ts_in=1777537102.121035 ts_out=1777537102.121688 gw_proc_ms=0.653 traceId=exp-perf5000-003857-b058bef3
zt-gateway  | [perf-request-in] ts_in=1777537102.121460 ts_out=1777537102.122124 gw_proc_ms=0.664 traceId=exp-perf5000-003858-91cfe7b2
zt-gateway  | [perf-request-in] ts_in=1777537102.121727 ts_out=1777537102.122357 gw_proc_ms=0.630 traceId=exp-perf5000-003859-0db246f1
zt-gateway  | [perf-request-in] ts_in=1777537102.122160 ts_out=1777537102.122771 gw_proc_ms=0.611 traceId=exp-perf5000-003860-7bdaa30d
zt-gateway  | [perf-request-in] ts_in=1777537102.122386 ts_out=1777537102.123020 gw_proc_ms=0.634 traceId=exp-perf5000-003861-c2355e7f
zt-gateway  | [perf-request-in] ts_in=1777537102.122812 ts_out=1777537102.123427 gw_proc_ms=0.615 traceId=exp-perf5000-003862-ca6a9bc9
zt-gateway  | [perf-request-in] ts_in=1777537102.123055 ts_out=1777537102.123660 gw_proc_ms=0.605 traceId=exp-perf5000-003863-4d4883cc
zt-gateway  | [perf-request-in] ts_in=1777537102.123459 ts_out=1777537102.124064 gw_proc_ms=0.605 traceId=exp-perf5000-003864-9f03421d
zt-gateway  | [perf-request-in] ts_in=1777537102.123693 ts_out=1777537102.124322 gw_proc_ms=0.629 traceId=exp-perf5000-003865-0647b496
zt-gateway  | [perf-request-in] ts_in=1777537102.124094 ts_out=1777537102.124696 gw_proc_ms=0.602 traceId=exp-perf5000-003866-f02f946e
zt-gateway  | [perf-request-in] ts_in=1777537102.124358 ts_out=1777537102.124987 gw_proc_ms=0.629 traceId=exp-perf5000-003868-80ac09df
zt-gateway  | [perf-request-in] ts_in=1777537102.124729 ts_out=1777537102.125345 gw_proc_ms=0.616 traceId=exp-perf5000-003867-eb847594
zt-gateway  | [perf-request-in] ts_in=1777537102.125021 ts_out=1777537102.125635 gw_proc_ms=0.614 traceId=exp-perf5000-003869-2fefe455
zt-gateway  | [perf-request-in] ts_in=1777537102.125382 ts_out=1777537102.125975 gw_proc_ms=0.593 traceId=exp-perf5000-003870-e7d3da8a
zt-gateway  | [perf-request-in] ts_in=1777537102.125675 ts_out=1777537102.126315 gw_proc_ms=0.640 traceId=exp-perf5000-003871-9c8206ec
zt-gateway  | [perf-request-in] ts_in=1777537102.126006 ts_out=1777537102.126598 gw_proc_ms=0.592 traceId=exp-perf5000-003872-45d73222
zt-gateway  | [perf-request-in] ts_in=1777537102.126352 ts_out=1777537102.126978 gw_proc_ms=0.626 traceId=exp-perf5000-003874-9f06e76c
zt-gateway  | [perf-request-in] ts_in=1777537102.126629 ts_out=1777537102.127272 gw_proc_ms=0.643 traceId=exp-perf5000-003873-79ffff0c
zt-gateway  | [perf-request-in] ts_in=1777537102.127014 ts_out=1777537102.127603 gw_proc_ms=0.589 traceId=exp-perf5000-003875-e8027199
zt-gateway  | [perf-request-in] ts_in=1777537102.127302 ts_out=1777537102.127936 gw_proc_ms=0.634 traceId=exp-perf5000-003876-e5f81844
zt-gateway  | [perf-request-in] ts_in=1777537102.127630 ts_out=1777537102.128265 gw_proc_ms=0.635 traceId=exp-perf5000-003877-6e925535
zt-gateway  | [perf-request-in] ts_in=1777537102.127965 ts_out=1777537102.128581 gw_proc_ms=0.616 traceId=exp-perf5000-003878-3db698a9
zt-gateway  | [perf-request-in] ts_in=1777537102.128295 ts_out=1777537102.128925 gw_proc_ms=0.630 traceId=exp-perf5000-003879-0589d0c1
zt-gateway  | [perf-request-in] ts_in=1777537102.128608 ts_out=1777537102.129237 gw_proc_ms=0.629 traceId=exp-perf5000-003880-4878ee52
zt-gateway  | [perf-request-in] ts_in=1777537102.128963 ts_out=1777537102.129593 gw_proc_ms=0.630 traceId=exp-perf5000-003881-8d586165
zt-gateway  | [perf-request-in] ts_in=1777537102.129273 ts_out=1777537102.129911 gw_proc_ms=0.638 traceId=exp-perf5000-003882-8e6402b3
zt-gateway  | [perf-request-in] ts_in=1777537102.129625 ts_out=1777537102.130267 gw_proc_ms=0.642 traceId=exp-perf5000-003883-3d62d251
zt-gateway  | [perf-request-in] ts_in=1777537102.129944 ts_out=1777537102.130574 gw_proc_ms=0.630 traceId=exp-perf5000-003884-5106bf6b
zt-gateway  | [perf-request-in] ts_in=1777537102.130305 ts_out=1777537102.130942 gw_proc_ms=0.637 traceId=exp-perf5000-003885-2f52e905
zt-gateway  | [perf-request-in] ts_in=1777537102.130622 ts_out=1777537102.131343 gw_proc_ms=0.721 traceId=exp-perf5000-003886-08324096
zt-gateway  | [perf-request-in] ts_in=1777537102.130983 ts_out=1777537102.131699 gw_proc_ms=0.716 traceId=exp-perf5000-003887-ae661beb
zt-gateway  | [perf-request-in] ts_in=1777537102.131382 ts_out=1777537102.132075 gw_proc_ms=0.693 traceId=exp-perf5000-003888-7780c1f8
zt-gateway  | [perf-request-in] ts_in=1777537102.131741 ts_out=1777537102.132449 gw_proc_ms=0.708 traceId=exp-perf5000-003889-c7d24c80
zt-gateway  | [perf-request-in] ts_in=1777537102.132111 ts_out=1777537102.132767 gw_proc_ms=0.656 traceId=exp-perf5000-003890-a354c953
zt-gateway  | [perf-request-in] ts_in=1777537102.132810 ts_out=1777537102.133454 gw_proc_ms=0.644 traceId=exp-perf5000-003892-f861247f
zt-gateway  | [perf-request-in] ts_in=1777537102.132712 ts_out=1777537102.133646 gw_proc_ms=0.934 traceId=exp-perf5000-003891-2fee16ac
zt-gateway  | [perf-request-in] ts_in=1777537102.133491 ts_out=1777537102.134138 gw_proc_ms=0.647 traceId=exp-perf5000-003894-b60bd452
zt-gateway  | [perf-request-in] ts_in=1777537102.133689 ts_out=1777537102.134363 gw_proc_ms=0.674 traceId=exp-perf5000-003893-31fdc621
zt-gateway  | [perf-request-in] ts_in=1777537102.134173 ts_out=1777537102.134818 gw_proc_ms=0.645 traceId=exp-perf5000-003896-f7455d84
zt-gateway  | [perf-request-in] ts_in=1777537102.134407 ts_out=1777537102.135100 gw_proc_ms=0.693 traceId=exp-perf5000-003895-edf68519
zt-gateway  | [perf-request-in] ts_in=1777537102.134847 ts_out=1777537102.135499 gw_proc_ms=0.652 traceId=exp-perf5000-003898-7f3c756a
zt-gateway  | [perf-request-in] ts_in=1777537102.135148 ts_out=1777537102.135816 gw_proc_ms=0.668 traceId=exp-perf5000-003897-b8aaa95c
zt-gateway  | [perf-request-in] ts_in=1777537102.135531 ts_out=1777537102.136134 gw_proc_ms=0.603 traceId=exp-perf5000-003900-298cdbe6
zt-gateway  | [perf-request-in] ts_in=1777537102.135847 ts_out=1777537102.136608 gw_proc_ms=0.761 traceId=exp-perf5000-003899-e18b9e5c
zt-gateway  | [perf-request-in] ts_in=1777537102.136166 ts_out=1777537102.136795 gw_proc_ms=0.629 traceId=exp-perf5000-003902-9e89a05a
zt-gateway  | [perf-request-in] ts_in=1777537102.136637 ts_out=1777537102.137302 gw_proc_ms=0.665 traceId=exp-perf5000-003901-8c55f07f
zt-gateway  | [perf-request-in] ts_in=1777537102.136826 ts_out=1777537102.137459 gw_proc_ms=0.633 traceId=exp-perf5000-003904-c8d455ef
zt-gateway  | [perf-request-in] ts_in=1777537102.137332 ts_out=1777537102.137968 gw_proc_ms=0.636 traceId=exp-perf5000-003903-1fe5d979
zt-gateway  | [perf-request-in] ts_in=1777537102.137489 ts_out=1777537102.138111 gw_proc_ms=0.622 traceId=exp-perf5000-003906-8a7ab3d0
zt-gateway  | [perf-request-in] ts_in=1777537102.138001 ts_out=1777537102.138631 gw_proc_ms=0.630 traceId=exp-perf5000-003905-cf6cf36a
zt-gateway  | [perf-request-in] ts_in=1777537102.138143 ts_out=1777537102.138754 gw_proc_ms=0.611 traceId=exp-perf5000-003908-696ad842
zt-gateway  | [perf-request-in] ts_in=1777537102.138661 ts_out=1777537102.139298 gw_proc_ms=0.637 traceId=exp-perf5000-003907-61f8c72d
zt-gateway  | [perf-request-in] ts_in=1777537102.138796 ts_out=1777537102.139405 gw_proc_ms=0.609 traceId=exp-perf5000-003910-c330f95d
zt-gateway  | [perf-request-in] ts_in=1777537102.139324 ts_out=1777537102.139970 gw_proc_ms=0.646 traceId=exp-perf5000-003909-bbd0f92f
zt-gateway  | [perf-request-in] ts_in=1777537102.139427 ts_out=1777537102.140046 gw_proc_ms=0.619 traceId=exp-perf5000-003912-d7c917aa
zt-gateway  | [perf-request-in] ts_in=1777537102.140008 ts_out=1777537102.140611 gw_proc_ms=0.603 traceId=exp-perf5000-003911-c69d9b9b
zt-gateway  | [perf-request-in] ts_in=1777537102.140077 ts_out=1777537102.140691 gw_proc_ms=0.614 traceId=exp-perf5000-003914-e7f4b77a
zt-gateway  | [perf-request-in] ts_in=1777537102.140639 ts_out=1777537102.141260 gw_proc_ms=0.621 traceId=exp-perf5000-003913-e215212b
zt-gateway  | [perf-request-in] ts_in=1777537102.140723 ts_out=1777537102.141356 gw_proc_ms=0.633 traceId=exp-perf5000-003916-84f1bb4e
zt-gateway  | [perf-request-in] ts_in=1777537102.141290 ts_out=1777537102.141891 gw_proc_ms=0.601 traceId=exp-perf5000-003915-6b0f5245
zt-gateway  | [perf-request-in] ts_in=1777537102.141391 ts_out=1777537102.142021 gw_proc_ms=0.630 traceId=exp-perf5000-003918-5991bac2
zt-gateway  | [perf-request-in] ts_in=1777537102.141921 ts_out=1777537102.142493 gw_proc_ms=0.572 traceId=exp-perf5000-003917-559fa52b
zt-gateway  | [perf-request-in] ts_in=1777537102.142058 ts_out=1777537102.142649 gw_proc_ms=0.591 traceId=exp-perf5000-003920-388ac375
zt-gateway  | [perf-request-in] ts_in=1777537102.142521 ts_out=1777537102.143195 gw_proc_ms=0.674 traceId=exp-perf5000-003919-caf0d55f
zt-gateway  | [perf-request-in] ts_in=1777537102.142679 ts_out=1777537102.143290 gw_proc_ms=0.611 traceId=exp-perf5000-003922-e02de0e3
zt-gateway  | [perf-request-in] ts_in=1777537102.143242 ts_out=1777537102.144145 gw_proc_ms=0.903 traceId=exp-perf5000-003921-c319ae39
zt-gateway  | [perf-request-in] ts_in=1777537102.143333 ts_out=1777537102.144190 gw_proc_ms=0.857 traceId=exp-perf5000-003924-42e290b5
zt-gateway  | [perf-request-in] ts_in=1777537102.144238 ts_out=1777537102.145235 gw_proc_ms=0.997 traceId=exp-perf5000-003926-c176ce4b
zt-gateway  | [perf-request-in] ts_in=1777537102.144199 ts_out=1777537102.145260 gw_proc_ms=1.061 traceId=exp-perf5000-003923-4128ae67
zt-gateway  | [perf-request-in] ts_in=1777537102.145280 ts_out=1777537102.145994 gw_proc_ms=0.714 traceId=exp-perf5000-003928-62c75de5
zt-gateway  | [perf-request-in] ts_in=1777537102.145305 ts_out=1777537102.146092 gw_proc_ms=0.787 traceId=exp-perf5000-003925-8407d6a1
zt-gateway  | [perf-request-in] ts_in=1777537102.146045 ts_out=1777537102.146849 gw_proc_ms=0.804 traceId=exp-perf5000-003930-c24ebe39
zt-gateway  | [perf-request-in] ts_in=1777537102.146131 ts_out=1777537102.146971 gw_proc_ms=0.840 traceId=exp-perf5000-003927-b2817001
zt-gateway  | [perf-request-in] ts_in=1777537102.146902 ts_out=1777537102.147674 gw_proc_ms=0.772 traceId=exp-perf5000-003932-c7005a5d
zt-gateway  | [perf-request-in] ts_in=1777537102.147018 ts_out=1777537102.147767 gw_proc_ms=0.749 traceId=exp-perf5000-003929-3250bbae
zt-gateway  | [perf-request-in] ts_in=1777537102.147713 ts_out=1777537102.148444 gw_proc_ms=0.731 traceId=exp-perf5000-003934-fe2bccc3
zt-gateway  | [perf-request-in] ts_in=1777537102.147810 ts_out=1777537102.148614 gw_proc_ms=0.804 traceId=exp-perf5000-003931-005210f9
zt-gateway  | [perf-request-in] ts_in=1777537102.148492 ts_out=1777537102.149206 gw_proc_ms=0.714 traceId=exp-perf5000-003936-d003e080
zt-gateway  | [perf-request-in] ts_in=1777537102.148650 ts_out=1777537102.149325 gw_proc_ms=0.675 traceId=exp-perf5000-003933-8d355a32
zt-gateway  | [perf-request-in] ts_in=1777537102.149240 ts_out=1777537102.149902 gw_proc_ms=0.662 traceId=exp-perf5000-003938-86bdd447
zt-gateway  | [perf-request-in] ts_in=1777537102.149364 ts_out=1777537102.150029 gw_proc_ms=0.665 traceId=exp-perf5000-003935-b1d94334
zt-gateway  | [perf-request-in] ts_in=1777537102.149937 ts_out=1777537102.150558 gw_proc_ms=0.621 traceId=exp-perf5000-003940-e052c14a
zt-gateway  | [perf-request-in] ts_in=1777537102.150071 ts_out=1777537102.150729 gw_proc_ms=0.658 traceId=exp-perf5000-003937-ba59c5aa
zt-gateway  | [perf-request-in] ts_in=1777537102.150608 ts_out=1777537102.151309 gw_proc_ms=0.701 traceId=exp-perf5000-003942-89a6c794
zt-gateway  | [perf-request-in] ts_in=1777537102.150763 ts_out=1777537102.151419 gw_proc_ms=0.656 traceId=exp-perf5000-003939-3e92f77b
zt-gateway  | [perf-request-in] ts_in=1777537102.151351 ts_out=1777537102.152018 gw_proc_ms=0.667 traceId=exp-perf5000-003944-a79d3e81
zt-gateway  | [perf-request-in] ts_in=1777537102.151554 ts_out=1777537102.152228 gw_proc_ms=0.674 traceId=exp-perf5000-003941-fab4c313
zt-gateway  | [perf-request-in] ts_in=1777537102.152147 ts_out=1777537102.152919 gw_proc_ms=0.772 traceId=exp-perf5000-003946-ae53680f
zt-gateway  | [perf-request-in] ts_in=1777537102.152269 ts_out=1777537102.152944 gw_proc_ms=0.675 traceId=exp-perf5000-003943-7a6c7ef9
zt-gateway  | [perf-request-in] ts_in=1777537102.152958 ts_out=1777537102.153564 gw_proc_ms=0.606 traceId=exp-perf5000-003948-6be726a0
zt-gateway  | [perf-request-in] ts_in=1777537102.152976 ts_out=1777537102.153590 gw_proc_ms=0.614 traceId=exp-perf5000-003945-97235b33
zt-gateway  | [perf-request-in] ts_in=1777537102.153600 ts_out=1777537102.154319 gw_proc_ms=0.719 traceId=exp-perf5000-003950-3d65a96e
zt-gateway  | [perf-request-in] ts_in=1777537102.153628 ts_out=1777537102.154383 gw_proc_ms=0.755 traceId=exp-perf5000-003947-cbd8e09d
zt-gateway  | [perf-request-in] ts_in=1777537102.154351 ts_out=1777537102.155022 gw_proc_ms=0.671 traceId=exp-perf5000-003952-f729d44e
zt-gateway  | [perf-request-in] ts_in=1777537102.154433 ts_out=1777537102.155095 gw_proc_ms=0.662 traceId=exp-perf5000-003949-dd85ba51
zt-gateway  | [perf-request-in] ts_in=1777537102.155046 ts_out=1777537102.155664 gw_proc_ms=0.618 traceId=exp-perf5000-003954-cadc97ad
zt-gateway  | [perf-request-in] ts_in=1777537102.155124 ts_out=1777537102.155723 gw_proc_ms=0.599 traceId=exp-perf5000-003951-62cb822e
zt-gateway  | [perf-request-in] ts_in=1777537102.155694 ts_out=1777537102.156343 gw_proc_ms=0.649 traceId=exp-perf5000-003956-b8727207
zt-gateway  | [perf-request-in] ts_in=1777537102.155749 ts_out=1777537102.156420 gw_proc_ms=0.671 traceId=exp-perf5000-003953-79590d49
zt-gateway  | [perf-request-in] ts_in=1777537102.156378 ts_out=1777537102.157083 gw_proc_ms=0.705 traceId=exp-perf5000-003958-becda51a
zt-gateway  | [perf-request-in] ts_in=1777537102.156443 ts_out=1777537102.157245 gw_proc_ms=0.802 traceId=exp-perf5000-003955-fccf757e
zt-gateway  | [perf-request-in] ts_in=1777537102.157117 ts_out=1777537102.157732 gw_proc_ms=0.615 traceId=exp-perf5000-003960-69456c53
zt-gateway  | [perf-request-in] ts_in=1777537102.157290 ts_out=1777537102.157932 gw_proc_ms=0.642 traceId=exp-perf5000-003957-7918713f
zt-gateway  | [perf-request-in] ts_in=1777537102.157764 ts_out=1777537102.158379 gw_proc_ms=0.615 traceId=exp-perf5000-003962-36b2805a
zt-gateway  | [perf-request-in] ts_in=1777537102.157967 ts_out=1777537102.158591 gw_proc_ms=0.624 traceId=exp-perf5000-003959-64bff4f6
zt-gateway  | [perf-request-in] ts_in=1777537102.158411 ts_out=1777537102.159048 gw_proc_ms=0.637 traceId=exp-perf5000-003964-e3f65ae6
zt-gateway  | [perf-request-in] ts_in=1777537102.158622 ts_out=1777537102.159282 gw_proc_ms=0.660 traceId=exp-perf5000-003961-cac38d12
zt-gateway  | [perf-request-in] ts_in=1777537102.159080 ts_out=1777537102.159701 gw_proc_ms=0.621 traceId=exp-perf5000-003966-1601c189
zt-gateway  | [perf-request-in] ts_in=1777537102.159316 ts_out=1777537102.159958 gw_proc_ms=0.642 traceId=exp-perf5000-003963-e26e1f8c
zt-gateway  | [perf-request-in] ts_in=1777537102.159734 ts_out=1777537102.160357 gw_proc_ms=0.623 traceId=exp-perf5000-003968-d6ba478f
zt-gateway  | [perf-request-in] ts_in=1777537102.159995 ts_out=1777537102.160628 gw_proc_ms=0.633 traceId=exp-perf5000-003965-f0a23067
zt-gateway  | [perf-request-in] ts_in=1777537102.160389 ts_out=1777537102.161023 gw_proc_ms=0.634 traceId=exp-perf5000-003970-6f815bd8
zt-gateway  | [perf-request-in] ts_in=1777537102.160663 ts_out=1777537102.161279 gw_proc_ms=0.616 traceId=exp-perf5000-003967-60a01f09
zt-gateway  | [perf-request-in] ts_in=1777537102.161058 ts_out=1777537102.161696 gw_proc_ms=0.638 traceId=exp-perf5000-003972-1dd6c8f2
zt-gateway  | [perf-request-in] ts_in=1777537102.161312 ts_out=1777537102.161988 gw_proc_ms=0.676 traceId=exp-perf5000-003969-8c771b59
zt-gateway  | [perf-request-in] ts_in=1777537102.161727 ts_out=1777537102.162384 gw_proc_ms=0.657 traceId=exp-perf5000-003974-e5b3e018
zt-gateway  | [perf-request-in] ts_in=1777537102.162026 ts_out=1777537102.162679 gw_proc_ms=0.653 traceId=exp-perf5000-003971-03bc9408
zt-gateway  | [perf-request-in] ts_in=1777537102.162411 ts_out=1777537102.163039 gw_proc_ms=0.628 traceId=exp-perf5000-003976-d7472724
zt-gateway  | [perf-request-in] ts_in=1777537102.162710 ts_out=1777537102.163342 gw_proc_ms=0.632 traceId=exp-perf5000-003973-95549837
zt-gateway  | [perf-request-in] ts_in=1777537102.163060 ts_out=1777537102.163674 gw_proc_ms=0.614 traceId=exp-perf5000-003978-6023abe0
zt-gateway  | [perf-request-in] ts_in=1777537102.163370 ts_out=1777537102.163974 gw_proc_ms=0.604 traceId=exp-perf5000-003975-b3ef876f
zt-gateway  | [perf-request-in] ts_in=1777537102.163705 ts_out=1777537102.164328 gw_proc_ms=0.623 traceId=exp-perf5000-003980-ef5e5ddf
zt-gateway  | [perf-request-in] ts_in=1777537102.163999 ts_out=1777537102.164603 gw_proc_ms=0.604 traceId=exp-perf5000-003977-78c1cb46
zt-gateway  | [perf-request-in] ts_in=1777537102.164353 ts_out=1777537102.164938 gw_proc_ms=0.585 traceId=exp-perf5000-003982-843e60c4
zt-gateway  | [perf-request-in] ts_in=1777537102.164628 ts_out=1777537102.165219 gw_proc_ms=0.591 traceId=exp-perf5000-003979-135acf97
zt-gateway  | [perf-request-in] ts_in=1777537102.164964 ts_out=1777537102.165566 gw_proc_ms=0.602 traceId=exp-perf5000-003984-95e85f91
zt-gateway  | [perf-request-in] ts_in=1777537102.165244 ts_out=1777537102.165865 gw_proc_ms=0.621 traceId=exp-perf5000-003981-8383eb03
zt-gateway  | [perf-request-in] ts_in=1777537102.165590 ts_out=1777537102.166205 gw_proc_ms=0.615 traceId=exp-perf5000-003986-5d2f4727
zt-gateway  | [perf-request-in] ts_in=1777537102.165892 ts_out=1777537102.166518 gw_proc_ms=0.626 traceId=exp-perf5000-003983-94578ca4
zt-gateway  | [perf-request-in] ts_in=1777537102.166227 ts_out=1777537102.166974 gw_proc_ms=0.747 traceId=exp-perf5000-003988-cf484eac
zt-gateway  | [perf-request-in] ts_in=1777537102.166546 ts_out=1777537102.167253 gw_proc_ms=0.707 traceId=exp-perf5000-003985-f7ec06c1
zt-gateway  | [perf-request-in] ts_in=1777537102.167016 ts_out=1777537102.167639 gw_proc_ms=0.623 traceId=exp-perf5000-003990-c0d83110
zt-gateway  | [perf-request-in] ts_in=1777537102.167284 ts_out=1777537102.167873 gw_proc_ms=0.589 traceId=exp-perf5000-003987-9acbd9ef
zt-gateway  | [perf-request-in] ts_in=1777537102.167674 ts_out=1777537102.168303 gw_proc_ms=0.629 traceId=exp-perf5000-003991-49fff6c2
zt-gateway  | [perf-request-in] ts_in=1777537102.167900 ts_out=1777537102.168466 gw_proc_ms=0.566 traceId=exp-perf5000-003989-2a9186a1
zt-gateway  | [perf-request-in] ts_in=1777537102.168332 ts_out=1777537102.168955 gw_proc_ms=0.623 traceId=exp-perf5000-003993-fc359f01
zt-gateway  | [perf-request-in] ts_in=1777537102.168491 ts_out=1777537102.169078 gw_proc_ms=0.587 traceId=exp-perf5000-003992-dc92f3c4
zt-gateway  | [perf-request-in] ts_in=1777537102.168985 ts_out=1777537102.169570 gw_proc_ms=0.585 traceId=exp-perf5000-003995-00c007e4
zt-gateway  | [perf-request-in] ts_in=1777537102.169112 ts_out=1777537102.169711 gw_proc_ms=0.599 traceId=exp-perf5000-003994-b3dfd23e
zt-gateway  | [perf-request-in] ts_in=1777537102.169603 ts_out=1777537102.170287 gw_proc_ms=0.684 traceId=exp-perf5000-003998-6b805cfa
zt-gateway  | [perf-request-in] ts_in=1777537102.169743 ts_out=1777537102.170357 gw_proc_ms=0.614 traceId=exp-perf5000-003996-973d63a4
zt-gateway  | [perf-request-in] ts_in=1777537102.170324 ts_out=1777537102.170958 gw_proc_ms=0.634 traceId=exp-perf5000-003999-083b3eeb
zt-gateway  | [perf-request-in] ts_in=1777537102.170384 ts_out=1777537102.170983 gw_proc_ms=0.599 traceId=exp-perf5000-003997-659a5f78
zt-gateway  | [perf-request-in] ts_in=1777537102.170991 ts_out=1777537102.171588 gw_proc_ms=0.597 traceId=exp-perf5000-004001-a65131fe
zt-gateway  | [perf-request-in] ts_in=1777537102.171006 ts_out=1777537102.171590 gw_proc_ms=0.584 traceId=exp-perf5000-004000-aa79422b
zt-gateway  | [perf-request-in] ts_in=1777537102.171620 ts_out=1777537102.172223 gw_proc_ms=0.603 traceId=exp-perf5000-004002-0700d1b6
zt-gateway  | [perf-request-in] ts_in=1777537102.171620 ts_out=1777537102.172242 gw_proc_ms=0.622 traceId=exp-perf5000-004003-914b101d
zt-gateway  | [perf-request-in] ts_in=1777537102.172252 ts_out=1777537102.172857 gw_proc_ms=0.605 traceId=exp-perf5000-004004-6b6101b7
zt-gateway  | [perf-request-in] ts_in=1777537102.172270 ts_out=1777537102.172877 gw_proc_ms=0.607 traceId=exp-perf5000-004005-e8278f43
zt-gateway  | [perf-request-in] ts_in=1777537102.172884 ts_out=1777537102.173457 gw_proc_ms=0.573 traceId=exp-perf5000-004006-7c386ae2
zt-gateway  | [perf-request-in] ts_in=1777537102.172899 ts_out=1777537102.173534 gw_proc_ms=0.635 traceId=exp-perf5000-004007-72e31896
zt-gateway  | [perf-request-in] ts_in=1777537102.173494 ts_out=1777537102.174096 gw_proc_ms=0.602 traceId=exp-perf5000-004008-9b7e7ca7
zt-gateway  | [perf-request-in] ts_in=1777537102.173569 ts_out=1777537102.174204 gw_proc_ms=0.635 traceId=exp-perf5000-004009-c5d1c441
zt-gateway  | [perf-request-in] ts_in=1777537102.174130 ts_out=1777537102.174700 gw_proc_ms=0.570 traceId=exp-perf5000-004010-6f4a7ae4
zt-gateway  | [perf-request-in] ts_in=1777537102.174230 ts_out=1777537102.174817 gw_proc_ms=0.587 traceId=exp-perf5000-004011-1c552b00
zt-gateway  | [perf-request-in] ts_in=1777537102.174729 ts_out=1777537102.175358 gw_proc_ms=0.629 traceId=exp-perf5000-004012-fc020203
zt-gateway  | [perf-request-in] ts_in=1777537102.174848 ts_out=1777537102.175453 gw_proc_ms=0.605 traceId=exp-perf5000-004013-7ac4fb1b
zt-gateway  | [perf-request-in] ts_in=1777537102.175386 ts_out=1777537102.175996 gw_proc_ms=0.610 traceId=exp-perf5000-004015-8e97bbd8
zt-gateway  | [perf-request-in] ts_in=1777537102.175486 ts_out=1777537102.176100 gw_proc_ms=0.614 traceId=exp-perf5000-004014-b8adf43a
zt-gateway  | [perf-request-in] ts_in=1777537102.176023 ts_out=1777537102.176617 gw_proc_ms=0.594 traceId=exp-perf5000-004016-8892008c
zt-gateway  | [perf-request-in] ts_in=1777537102.176121 ts_out=1777537102.176717 gw_proc_ms=0.596 traceId=exp-perf5000-004017-1c1efa7d
zt-gateway  | [perf-request-in] ts_in=1777537102.176641 ts_out=1777537102.177516 gw_proc_ms=0.875 traceId=exp-perf5000-004018-77ee390d
zt-gateway  | [perf-request-in] ts_in=1777537102.176741 ts_out=1777537102.177517 gw_proc_ms=0.776 traceId=exp-perf5000-004019-1c4ab94b
zt-gateway  | [perf-request-in] ts_in=1777537102.177551 ts_out=1777537102.178158 gw_proc_ms=0.607 traceId=exp-perf5000-004020-36b9694e
zt-gateway  | [perf-request-in] ts_in=1777537102.177568 ts_out=1777537102.178249 gw_proc_ms=0.681 traceId=exp-perf5000-004021-d5db13a1
zt-gateway  | [perf-request-in] ts_in=1777537102.178185 ts_out=1777537102.178815 gw_proc_ms=0.630 traceId=exp-perf5000-004023-bcfbb8f1
zt-gateway  | [perf-request-in] ts_in=1777537102.178293 ts_out=1777537102.178969 gw_proc_ms=0.676 traceId=exp-perf5000-004022-c873b6b2
zt-gateway  | [perf-request-in] ts_in=1777537102.178844 ts_out=1777537102.179475 gw_proc_ms=0.631 traceId=exp-perf5000-004025-d3fececc
zt-gateway  | [perf-request-in] ts_in=1777537102.179008 ts_out=1777537102.179650 gw_proc_ms=0.642 traceId=exp-perf5000-004024-a8ae6dcc
zt-gateway  | [perf-request-in] ts_in=1777537102.179504 ts_out=1777537102.180160 gw_proc_ms=0.656 traceId=exp-perf5000-004027-f5269e24
zt-gateway  | [perf-request-in] ts_in=1777537102.179689 ts_out=1777537102.180518 gw_proc_ms=0.829 traceId=exp-perf5000-004026-8b89fa6a
zt-gateway  | [perf-request-in] ts_in=1777537102.180196 ts_out=1777537102.180863 gw_proc_ms=0.667 traceId=exp-perf5000-004029-50002196
zt-gateway  | [perf-request-in] ts_in=1777537102.180559 ts_out=1777537102.181213 gw_proc_ms=0.654 traceId=exp-perf5000-004028-4cd15e23
zt-gateway  | [perf-request-in] ts_in=1777537102.180895 ts_out=1777537102.181515 gw_proc_ms=0.620 traceId=exp-perf5000-004031-97bd37dd
zt-gateway  | [perf-request-in] ts_in=1777537102.181247 ts_out=1777537102.181868 gw_proc_ms=0.621 traceId=exp-perf5000-004030-b2668f5b
zt-gateway  | [perf-request-in] ts_in=1777537102.181561 ts_out=1777537102.182233 gw_proc_ms=0.672 traceId=exp-perf5000-004033-21043747
zt-gateway  | [perf-request-in] ts_in=1777537102.181897 ts_out=1777537102.182516 gw_proc_ms=0.619 traceId=exp-perf5000-004032-b3e718da
zt-gateway  | [perf-request-in] ts_in=1777537102.182276 ts_out=1777537102.182908 gw_proc_ms=0.632 traceId=exp-perf5000-004035-ca63e0c4
zt-gateway  | [perf-request-in] ts_in=1777537102.182548 ts_out=1777537102.183158 gw_proc_ms=0.610 traceId=exp-perf5000-004034-7366e5d3
zt-gateway  | [perf-request-in] ts_in=1777537102.182944 ts_out=1777537102.183552 gw_proc_ms=0.608 traceId=exp-perf5000-004037-ceb95a3e
zt-gateway  | [perf-request-in] ts_in=1777537102.183183 ts_out=1777537102.183757 gw_proc_ms=0.574 traceId=exp-perf5000-004036-0d3373d5
zt-gateway  | [perf-request-in] ts_in=1777537102.183575 ts_out=1777537102.184226 gw_proc_ms=0.651 traceId=exp-perf5000-004039-fed1d0de
zt-gateway  | [perf-request-in] ts_in=1777537102.183786 ts_out=1777537102.184385 gw_proc_ms=0.599 traceId=exp-perf5000-004038-e89b3b2a
zt-gateway  | [perf-request-in] ts_in=1777537102.184253 ts_out=1777537102.184843 gw_proc_ms=0.590 traceId=exp-perf5000-004041-385f197c
zt-gateway  | [perf-request-in] ts_in=1777537102.184404 ts_out=1777537102.184987 gw_proc_ms=0.583 traceId=exp-perf5000-004040-a5696e46
zt-gateway  | [perf-request-in] ts_in=1777537102.184870 ts_out=1777537102.185485 gw_proc_ms=0.615 traceId=exp-perf5000-004043-2a10c54d
zt-gateway  | [perf-request-in] ts_in=1777537102.185009 ts_out=1777537102.185613 gw_proc_ms=0.604 traceId=exp-perf5000-004042-d9252e48
zt-gateway  | [perf-request-in] ts_in=1777537102.185515 ts_out=1777537102.186183 gw_proc_ms=0.668 traceId=exp-perf5000-004045-6eb205aa
zt-gateway  | [perf-request-in] ts_in=1777537102.185646 ts_out=1777537102.186297 gw_proc_ms=0.651 traceId=exp-perf5000-004044-b6467850
zt-gateway  | [perf-request-in] ts_in=1777537102.186225 ts_out=1777537102.186913 gw_proc_ms=0.688 traceId=exp-perf5000-004047-9e962fb6
zt-gateway  | [perf-request-in] ts_in=1777537102.186337 ts_out=1777537102.187014 gw_proc_ms=0.677 traceId=exp-perf5000-004046-ce26efb3
zt-gateway  | [perf-request-in] ts_in=1777537102.186952 ts_out=1777537102.187612 gw_proc_ms=0.660 traceId=exp-perf5000-004048-832eed5f
zt-gateway  | [perf-request-in] ts_in=1777537102.187047 ts_out=1777537102.187679 gw_proc_ms=0.632 traceId=exp-perf5000-004049-b95e1ec1
zt-gateway  | [perf-request-in] ts_in=1777537102.187647 ts_out=1777537102.188257 gw_proc_ms=0.610 traceId=exp-perf5000-004051-7058a70a
zt-gateway  | [perf-request-in] ts_in=1777537102.187702 ts_out=1777537102.188340 gw_proc_ms=0.638 traceId=exp-perf5000-004050-021ce471
zt-gateway  | [perf-request-in] ts_in=1777537102.188293 ts_out=1777537102.188925 gw_proc_ms=0.632 traceId=exp-perf5000-004052-8808d486
zt-gateway  | [perf-request-in] ts_in=1777537102.188378 ts_out=1777537102.189028 gw_proc_ms=0.650 traceId=exp-perf5000-004053-33fcbf13
zt-gateway  | [perf-request-in] ts_in=1777537102.188966 ts_out=1777537102.189595 gw_proc_ms=0.629 traceId=exp-perf5000-004055-57f70910
zt-gateway  | [perf-request-in] ts_in=1777537102.189057 ts_out=1777537102.189641 gw_proc_ms=0.584 traceId=exp-perf5000-004054-3ed3e89e
zt-gateway  | [perf-request-in] ts_in=1777537102.189641 ts_out=1777537102.190260 gw_proc_ms=0.619 traceId=exp-perf5000-004057-6b216744
zt-gateway  | [perf-request-in] ts_in=1777537102.189668 ts_out=1777537102.190268 gw_proc_ms=0.600 traceId=exp-perf5000-004056-99e5c5eb
zt-gateway  | [perf-request-in] ts_in=1777537102.190298 ts_out=1777537102.190925 gw_proc_ms=0.627 traceId=exp-perf5000-004059-1dbbc530
zt-gateway  | [perf-request-in] ts_in=1777537102.190299 ts_out=1777537102.190935 gw_proc_ms=0.636 traceId=exp-perf5000-004058-3590bc0a
zt-gateway  | [perf-request-in] ts_in=1777537102.190960 ts_out=1777537102.191530 gw_proc_ms=0.570 traceId=exp-perf5000-004060-ce71b4d8
zt-gateway  | [perf-request-in] ts_in=1777537102.190958 ts_out=1777537102.191542 gw_proc_ms=0.584 traceId=exp-perf5000-004061-33c8c6e7
zt-gateway  | [perf-request-in] ts_in=1777537102.191565 ts_out=1777537102.192152 gw_proc_ms=0.587 traceId=exp-perf5000-004062-79544169
zt-gateway  | [perf-request-in] ts_in=1777537102.191575 ts_out=1777537102.192201 gw_proc_ms=0.626 traceId=exp-perf5000-004063-d3637fb2
zt-gateway  | [perf-request-in] ts_in=1777537102.192190 ts_out=1777537102.192771 gw_proc_ms=0.581 traceId=exp-perf5000-004064-76024e92
zt-gateway  | [perf-request-in] ts_in=1777537102.192242 ts_out=1777537102.192877 gw_proc_ms=0.635 traceId=exp-perf5000-004065-988a90e7
zt-gateway  | [perf-request-in] ts_in=1777537102.192814 ts_out=1777537102.193396 gw_proc_ms=0.582 traceId=exp-perf5000-004066-9e00d06e
zt-gateway  | [perf-request-in] ts_in=1777537102.192912 ts_out=1777537102.193528 gw_proc_ms=0.616 traceId=exp-perf5000-004067-7e7478cd
zt-gateway  | [perf-request-in] ts_in=1777537102.193425 ts_out=1777537102.194065 gw_proc_ms=0.640 traceId=exp-perf5000-004068-faedfd83
zt-gateway  | [perf-request-in] ts_in=1777537102.193570 ts_out=1777537102.194251 gw_proc_ms=0.681 traceId=exp-perf5000-004069-b5a5a6f8
zt-gateway  | [perf-request-in] ts_in=1777537102.194103 ts_out=1777537102.194704 gw_proc_ms=0.601 traceId=exp-perf5000-004071-0c8a02b8
zt-gateway  | [perf-request-in] ts_in=1777537102.194291 ts_out=1777537102.194910 gw_proc_ms=0.619 traceId=exp-perf5000-004070-6fd23e53
zt-gateway  | [perf-request-in] ts_in=1777537102.194738 ts_out=1777537102.195354 gw_proc_ms=0.616 traceId=exp-perf5000-004072-9f99b425
zt-gateway  | [perf-request-in] ts_in=1777537102.194944 ts_out=1777537102.195606 gw_proc_ms=0.662 traceId=exp-perf5000-004073-7ef59cf5
zt-gateway  | [perf-request-in] ts_in=1777537102.195387 ts_out=1777537102.196004 gw_proc_ms=0.617 traceId=exp-perf5000-004074-f88b9e9b
zt-gateway  | [perf-request-in] ts_in=1777537102.195648 ts_out=1777537102.196305 gw_proc_ms=0.657 traceId=exp-perf5000-004075-a3278140
zt-gateway  | [perf-request-in] ts_in=1777537102.196037 ts_out=1777537102.196660 gw_proc_ms=0.623 traceId=exp-perf5000-004076-82b39e97
zt-gateway  | [perf-request-in] ts_in=1777537102.196344 ts_out=1777537102.196990 gw_proc_ms=0.646 traceId=exp-perf5000-004077-979e0005
zt-gateway  | [perf-request-in] ts_in=1777537102.196691 ts_out=1777537102.197418 gw_proc_ms=0.727 traceId=exp-perf5000-004078-7a67235b
zt-gateway  | [perf-request-in] ts_in=1777537102.197026 ts_out=1777537102.197670 gw_proc_ms=0.644 traceId=exp-perf5000-004079-14927061
zt-gateway  | [perf-request-in] ts_in=1777537102.197479 ts_out=1777537102.198227 gw_proc_ms=0.748 traceId=exp-perf5000-004080-f5b359ed
zt-gateway  | [perf-request-in] ts_in=1777537102.197711 ts_out=1777537102.198360 gw_proc_ms=0.649 traceId=exp-perf5000-004081-ae59fc0a
zt-gateway  | [perf-request-in] ts_in=1777537102.198269 ts_out=1777537102.198950 gw_proc_ms=0.681 traceId=exp-perf5000-004082-7cef7849
zt-gateway  | [perf-request-in] ts_in=1777537102.198394 ts_out=1777537102.199024 gw_proc_ms=0.630 traceId=exp-perf5000-004083-909ce73e
zt-gateway  | [perf-request-in] ts_in=1777537102.199058 ts_out=1777537102.199662 gw_proc_ms=0.604 traceId=exp-perf5000-004085-f77554ec
zt-gateway  | [perf-request-in] ts_in=1777537102.198997 ts_out=1777537102.199699 gw_proc_ms=0.702 traceId=exp-perf5000-004084-4fad82f1
zt-gateway  | [perf-request-in] ts_in=1777537102.199697 ts_out=1777537102.200312 gw_proc_ms=0.615 traceId=exp-perf5000-004087-8398564f
zt-gateway  | [perf-request-in] ts_in=1777537102.199730 ts_out=1777537102.200350 gw_proc_ms=0.620 traceId=exp-perf5000-004086-92d8f517
zt-gateway  | [perf-request-in] ts_in=1777537102.200348 ts_out=1777537102.200958 gw_proc_ms=0.610 traceId=exp-perf5000-004089-a65c55ae
zt-gateway  | [perf-request-in] ts_in=1777537102.200380 ts_out=1777537102.201027 gw_proc_ms=0.647 traceId=exp-perf5000-004088-3c369878
zt-gateway  | [perf-request-in] ts_in=1777537102.200988 ts_out=1777537102.201589 gw_proc_ms=0.601 traceId=exp-perf5000-004091-a1963b84
zt-gateway  | [perf-request-in] ts_in=1777537102.201056 ts_out=1777537102.201688 gw_proc_ms=0.632 traceId=exp-perf5000-004090-6291f982
zt-gateway  | [perf-request-in] ts_in=1777537102.201620 ts_out=1777537102.202251 gw_proc_ms=0.631 traceId=exp-perf5000-004093-5e12c301
zt-gateway  | [perf-request-in] ts_in=1777537102.201713 ts_out=1777537102.202354 gw_proc_ms=0.641 traceId=exp-perf5000-004092-eb92bc3f
zt-gateway  | [perf-request-in] ts_in=1777537102.202283 ts_out=1777537102.202910 gw_proc_ms=0.627 traceId=exp-perf5000-004095-9815bc48
zt-gateway  | [perf-request-in] ts_in=1777537102.202385 ts_out=1777537102.203004 gw_proc_ms=0.619 traceId=exp-perf5000-004094-8d9e9c3d
zt-gateway  | [perf-request-in] ts_in=1777537102.202942 ts_out=1777537102.203546 gw_proc_ms=0.604 traceId=exp-perf5000-004097-581160cd
zt-gateway  | [perf-request-in] ts_in=1777537102.203035 ts_out=1777537102.203632 gw_proc_ms=0.597 traceId=exp-perf5000-004096-bbc4fe87
zt-gateway  | [perf-request-in] ts_in=1777537102.203579 ts_out=1777537102.204205 gw_proc_ms=0.626 traceId=exp-perf5000-004099-6a3284e2
zt-gateway  | [perf-request-in] ts_in=1777537102.203664 ts_out=1777537102.204281 gw_proc_ms=0.617 traceId=exp-perf5000-004098-626959bb
zt-gateway  | [perf-request-in] ts_in=1777537102.204237 ts_out=1777537102.204891 gw_proc_ms=0.654 traceId=exp-perf5000-004100-541e7ab1
zt-gateway  | [perf-request-in] ts_in=1777537102.204309 ts_out=1777537102.204973 gw_proc_ms=0.664 traceId=exp-perf5000-004101-a9562aaf
zt-gateway  | [perf-request-in] ts_in=1777537102.205010 ts_out=1777537102.205948 gw_proc_ms=0.938 traceId=exp-perf5000-004102-a77d8465
zt-gateway  | [perf-request-in] ts_in=1777537102.204931 ts_out=1777537102.206049 gw_proc_ms=1.118 traceId=exp-perf5000-004103-a4b6b331
zt-gateway  | [perf-request-in] ts_in=1777537102.205984 ts_out=1777537102.206666 gw_proc_ms=0.682 traceId=exp-perf5000-004104-7d64921a
zt-gateway  | [perf-request-in] ts_in=1777537102.206097 ts_out=1777537102.206767 gw_proc_ms=0.670 traceId=exp-perf5000-004105-7b8339ac
zt-gateway  | [perf-request-in] ts_in=1777537102.206694 ts_out=1777537102.207423 gw_proc_ms=0.729 traceId=exp-perf5000-004107-afaf9656
zt-gateway  | [perf-request-in] ts_in=1777537102.206807 ts_out=1777537102.207614 gw_proc_ms=0.807 traceId=exp-perf5000-004106-2df18308
zt-gateway  | [perf-request-in] ts_in=1777537102.207461 ts_out=1777537102.208314 gw_proc_ms=0.853 traceId=exp-perf5000-004109-51488ad1
zt-gateway  | [perf-request-in] ts_in=1777537102.207653 ts_out=1777537102.208441 gw_proc_ms=0.788 traceId=exp-perf5000-004108-fe75ddcd
zt-gateway  | [perf-request-in] ts_in=1777537102.208342 ts_out=1777537102.208961 gw_proc_ms=0.619 traceId=exp-perf5000-004111-8de02211
zt-gateway  | [perf-request-in] ts_in=1777537102.208479 ts_out=1777537102.209102 gw_proc_ms=0.623 traceId=exp-perf5000-004110-97c6cd70
zt-gateway  | [perf-request-in] ts_in=1777537102.208998 ts_out=1777537102.209578 gw_proc_ms=0.580 traceId=exp-perf5000-004113-318a797d
zt-gateway  | [perf-request-in] ts_in=1777537102.209140 ts_out=1777537102.209724 gw_proc_ms=0.584 traceId=exp-perf5000-004112-883a175f
zt-gateway  | [perf-request-in] ts_in=1777537102.209609 ts_out=1777537102.210332 gw_proc_ms=0.723 traceId=exp-perf5000-004114-b1a49d5b
zt-gateway  | [perf-request-in] ts_in=1777537102.209757 ts_out=1777537102.210443 gw_proc_ms=0.686 traceId=exp-perf5000-004115-66d676b5
zt-gateway  | [perf-request-in] ts_in=1777537102.210369 ts_out=1777537102.210972 gw_proc_ms=0.603 traceId=exp-perf5000-004116-08ed40b1
zt-gateway  | [perf-request-in] ts_in=1777537102.210480 ts_out=1777537102.211109 gw_proc_ms=0.629 traceId=exp-perf5000-004117-d0b980c7
zt-gateway  | [perf-request-in] ts_in=1777537102.211001 ts_out=1777537102.211607 gw_proc_ms=0.606 traceId=exp-perf5000-004118-f54fe33d
zt-gateway  | [perf-request-in] ts_in=1777537102.211154 ts_out=1777537102.211730 gw_proc_ms=0.576 traceId=exp-perf5000-004119-8a90cb9c
zt-gateway  | [perf-request-in] ts_in=1777537102.211637 ts_out=1777537102.212243 gw_proc_ms=0.606 traceId=exp-perf5000-004120-03f34f13
zt-gateway  | [perf-request-in] ts_in=1777537102.211763 ts_out=1777537102.212387 gw_proc_ms=0.624 traceId=exp-perf5000-004121-403aafce
zt-gateway  | [perf-request-in] ts_in=1777537102.212276 ts_out=1777537102.212883 gw_proc_ms=0.607 traceId=exp-perf5000-004123-4b94fd1f
zt-gateway  | [perf-request-in] ts_in=1777537102.212422 ts_out=1777537102.213032 gw_proc_ms=0.610 traceId=exp-perf5000-004122-405fa64f
zt-gateway  | [perf-request-in] ts_in=1777537102.212919 ts_out=1777537102.213536 gw_proc_ms=0.617 traceId=exp-perf5000-004125-2833f5ca
zt-gateway  | [perf-request-in] ts_in=1777537102.213065 ts_out=1777537102.213648 gw_proc_ms=0.583 traceId=exp-perf5000-004124-cf110189
zt-gateway  | [perf-request-in] ts_in=1777537102.213570 ts_out=1777537102.214190 gw_proc_ms=0.620 traceId=exp-perf5000-004127-47a41e48
zt-gateway  | [perf-request-in] ts_in=1777537102.213680 ts_out=1777537102.214295 gw_proc_ms=0.615 traceId=exp-perf5000-004126-30b0f985
zt-gateway  | [perf-request-in] ts_in=1777537102.214221 ts_out=1777537102.214823 gw_proc_ms=0.602 traceId=exp-perf5000-004129-c66a5ccb
zt-gateway  | [perf-request-in] ts_in=1777537102.214334 ts_out=1777537102.214957 gw_proc_ms=0.623 traceId=exp-perf5000-004128-5a09c267
zt-gateway  | [perf-request-in] ts_in=1777537102.214851 ts_out=1777537102.215430 gw_proc_ms=0.579 traceId=exp-perf5000-004131-5e140846
zt-gateway  | [perf-request-in] ts_in=1777537102.214988 ts_out=1777537102.215607 gw_proc_ms=0.619 traceId=exp-perf5000-004130-899585da
zt-gateway  | [perf-request-in] ts_in=1777537102.215459 ts_out=1777537102.216055 gw_proc_ms=0.596 traceId=exp-perf5000-004133-d42f4bae
zt-gateway  | [perf-request-in] ts_in=1777537102.215637 ts_out=1777537102.216245 gw_proc_ms=0.608 traceId=exp-perf5000-004132-8f1c9d61
zt-gateway  | [perf-request-in] ts_in=1777537102.216084 ts_out=1777537102.216665 gw_proc_ms=0.581 traceId=exp-perf5000-004135-680f251a
zt-gateway  | [perf-request-in] ts_in=1777537102.216275 ts_out=1777537102.216905 gw_proc_ms=0.630 traceId=exp-perf5000-004134-cb62107d
zt-gateway  | [perf-request-in] ts_in=1777537102.216694 ts_out=1777537102.217301 gw_proc_ms=0.607 traceId=exp-perf5000-004136-b1f35a75
zt-gateway  | [perf-request-in] ts_in=1777537102.216931 ts_out=1777537102.217551 gw_proc_ms=0.620 traceId=exp-perf5000-004139-07fa397d
zt-gateway  | [perf-request-in] ts_in=1777537102.217331 ts_out=1777537102.217943 gw_proc_ms=0.612 traceId=exp-perf5000-004137-e11c97aa
zt-gateway  | [perf-request-in] ts_in=1777537102.217577 ts_out=1777537102.218172 gw_proc_ms=0.595 traceId=exp-perf5000-004140-3916b8dc
zt-gateway  | [perf-request-in] ts_in=1777537102.217976 ts_out=1777537102.218573 gw_proc_ms=0.597 traceId=exp-perf5000-004138-9902aacb
zt-gateway  | [perf-request-in] ts_in=1777537102.218209 ts_out=1777537102.218769 gw_proc_ms=0.560 traceId=exp-perf5000-004141-c5a87221
zt-gateway  | [perf-request-in] ts_in=1777537102.218606 ts_out=1777537102.219186 gw_proc_ms=0.580 traceId=exp-perf5000-004143-fd0b80c0
zt-gateway  | [perf-request-in] ts_in=1777537102.218811 ts_out=1777537102.219449 gw_proc_ms=0.638 traceId=exp-perf5000-004142-8f10e57d
zt-gateway  | [perf-request-in] ts_in=1777537102.219221 ts_out=1777537102.219833 gw_proc_ms=0.612 traceId=exp-perf5000-004145-16b57d93
zt-gateway  | [perf-request-in] ts_in=1777537102.219477 ts_out=1777537102.220113 gw_proc_ms=0.636 traceId=exp-perf5000-004144-469be314
zt-gateway  | [perf-request-in] ts_in=1777537102.219864 ts_out=1777537102.220493 gw_proc_ms=0.629 traceId=exp-perf5000-004147-9cb9909a
zt-gateway  | [perf-request-in] ts_in=1777537102.220148 ts_out=1777537102.220794 gw_proc_ms=0.646 traceId=exp-perf5000-004146-26a60fb1
zt-gateway  | [perf-request-in] ts_in=1777537102.220527 ts_out=1777537102.221150 gw_proc_ms=0.623 traceId=exp-perf5000-004148-fd467f5e
zt-gateway  | [perf-request-in] ts_in=1777537102.220828 ts_out=1777537102.221429 gw_proc_ms=0.601 traceId=exp-perf5000-004149-abe42a62
zt-gateway  | [perf-request-in] ts_in=1777537102.221182 ts_out=1777537102.221777 gw_proc_ms=0.595 traceId=exp-perf5000-004151-2030bba1
zt-gateway  | [perf-request-in] ts_in=1777537102.221462 ts_out=1777537102.222084 gw_proc_ms=0.622 traceId=exp-perf5000-004150-095bfb62
zt-gateway  | [perf-request-in] ts_in=1777537102.221816 ts_out=1777537102.222408 gw_proc_ms=0.592 traceId=exp-perf5000-004153-b1ca407a
zt-gateway  | [perf-request-in] ts_in=1777537102.222121 ts_out=1777537102.222727 gw_proc_ms=0.606 traceId=exp-perf5000-004152-4acd8096
zt-gateway  | [perf-request-in] ts_in=1777537102.222443 ts_out=1777537102.223040 gw_proc_ms=0.597 traceId=exp-perf5000-004155-6643253c
zt-gateway  | [perf-request-in] ts_in=1777537102.222762 ts_out=1777537102.223359 gw_proc_ms=0.597 traceId=exp-perf5000-004154-0fd2c801
zt-gateway  | [perf-request-in] ts_in=1777537102.223071 ts_out=1777537102.223711 gw_proc_ms=0.640 traceId=exp-perf5000-004156-88e8a95c
zt-gateway  | [perf-request-in] ts_in=1777537102.223396 ts_out=1777537102.223996 gw_proc_ms=0.600 traceId=exp-perf5000-004157-e05e60db
zt-gateway  | [perf-request-in] ts_in=1777537102.223750 ts_out=1777537102.224387 gw_proc_ms=0.637 traceId=exp-perf5000-004158-a0388441
zt-gateway  | [perf-request-in] ts_in=1777537102.224027 ts_out=1777537102.224633 gw_proc_ms=0.606 traceId=exp-perf5000-004159-ccb86adb
zt-gateway  | [perf-request-in] ts_in=1777537102.224427 ts_out=1777537102.225077 gw_proc_ms=0.650 traceId=exp-perf5000-004161-c270992f
zt-gateway  | [perf-request-in] ts_in=1777537102.224666 ts_out=1777537102.225323 gw_proc_ms=0.657 traceId=exp-perf5000-004160-72a8833d
zt-gateway  | [perf-request-in] ts_in=1777537102.225112 ts_out=1777537102.225742 gw_proc_ms=0.630 traceId=exp-perf5000-004162-9c6cac55
zt-gateway  | [perf-request-in] ts_in=1777537102.225355 ts_out=1777537102.226005 gw_proc_ms=0.650 traceId=exp-perf5000-004163-5ac29291
zt-gateway  | [perf-request-in] ts_in=1777537102.225773 ts_out=1777537102.226393 gw_proc_ms=0.620 traceId=exp-perf5000-004164-7d10de99
zt-gateway  | [perf-request-in] ts_in=1777537102.226036 ts_out=1777537102.226662 gw_proc_ms=0.626 traceId=exp-perf5000-004165-3232b7fe
zt-gateway  | [perf-request-in] ts_in=1777537102.226428 ts_out=1777537102.227071 gw_proc_ms=0.643 traceId=exp-perf5000-004166-448f5c44
zt-gateway  | [perf-request-in] ts_in=1777537102.226690 ts_out=1777537102.227309 gw_proc_ms=0.619 traceId=exp-perf5000-004167-a4ac56b3
zt-gateway  | [perf-request-in] ts_in=1777537102.227097 ts_out=1777537102.227705 gw_proc_ms=0.608 traceId=exp-perf5000-004168-d5bbb7c0
zt-gateway  | [perf-request-in] ts_in=1777537102.227338 ts_out=1777537102.227964 gw_proc_ms=0.626 traceId=exp-perf5000-004169-96bcdee9
zt-gateway  | [perf-request-in] ts_in=1777537102.227729 ts_out=1777537102.228331 gw_proc_ms=0.602 traceId=exp-perf5000-004170-739fc1da
zt-gateway  | [perf-request-in] ts_in=1777537102.227992 ts_out=1777537102.228638 gw_proc_ms=0.646 traceId=exp-perf5000-004171-9335ed53
zt-gateway  | [perf-request-in] ts_in=1777537102.228362 ts_out=1777537102.228965 gw_proc_ms=0.603 traceId=exp-perf5000-004172-4b5e7db2
zt-gateway  | [perf-request-in] ts_in=1777537102.228672 ts_out=1777537102.229311 gw_proc_ms=0.639 traceId=exp-perf5000-004173-de321069
zt-gateway  | [perf-request-in] ts_in=1777537102.228994 ts_out=1777537102.229619 gw_proc_ms=0.625 traceId=exp-perf5000-004174-db3cd084
zt-gateway  | [perf-request-in] ts_in=1777537102.229343 ts_out=1777537102.230000 gw_proc_ms=0.657 traceId=exp-perf5000-004175-0e5b4ff3
zt-gateway  | [perf-request-in] ts_in=1777537102.229644 ts_out=1777537102.230242 gw_proc_ms=0.598 traceId=exp-perf5000-004176-dbff5cd5
zt-gateway  | [perf-request-in] ts_in=1777537102.230048 ts_out=1777537102.230649 gw_proc_ms=0.601 traceId=exp-perf5000-004177-08411d8b
zt-gateway  | [perf-request-in] ts_in=1777537102.230273 ts_out=1777537102.230873 gw_proc_ms=0.600 traceId=exp-perf5000-004178-cd0fc113
zt-gateway  | [perf-request-in] ts_in=1777537102.230676 ts_out=1777537102.231335 gw_proc_ms=0.659 traceId=exp-perf5000-004179-5278f148
zt-gateway  | [perf-request-in] ts_in=1777537102.230908 ts_out=1777537102.231550 gw_proc_ms=0.642 traceId=exp-perf5000-004180-fe6c4c24
zt-gateway  | [perf-request-in] ts_in=1777537102.231370 ts_out=1777537102.232009 gw_proc_ms=0.639 traceId=exp-perf5000-004181-91976423
zt-gateway  | [perf-request-in] ts_in=1777537102.231579 ts_out=1777537102.232259 gw_proc_ms=0.680 traceId=exp-perf5000-004182-9d7a92a5
zt-gateway  | [perf-request-in] ts_in=1777537102.232046 ts_out=1777537102.232671 gw_proc_ms=0.625 traceId=exp-perf5000-004183-d6c28383
zt-gateway  | [perf-request-in] ts_in=1777537102.232287 ts_out=1777537102.232954 gw_proc_ms=0.667 traceId=exp-perf5000-004185-6bfb1e1c
zt-gateway  | [perf-request-in] ts_in=1777537102.232714 ts_out=1777537102.233406 gw_proc_ms=0.692 traceId=exp-perf5000-004184-4a7cf89c
zt-gateway  | [perf-request-in] ts_in=1777537102.232991 ts_out=1777537102.233636 gw_proc_ms=0.645 traceId=exp-perf5000-004186-51cf996b
zt-gateway  | [perf-request-in] ts_in=1777537102.233440 ts_out=1777537102.234071 gw_proc_ms=0.631 traceId=exp-perf5000-004187-54ca7b00
zt-gateway  | [perf-request-in] ts_in=1777537102.233667 ts_out=1777537102.234284 gw_proc_ms=0.617 traceId=exp-perf5000-004188-01bc1b62
zt-gateway  | [perf-request-in] ts_in=1777537102.234103 ts_out=1777537102.234717 gw_proc_ms=0.614 traceId=exp-perf5000-004189-582a3598
zt-gateway  | [perf-request-in] ts_in=1777537102.234308 ts_out=1777537102.234934 gw_proc_ms=0.626 traceId=exp-perf5000-004191-85d73efd
zt-gateway  | [perf-request-in] ts_in=1777537102.234745 ts_out=1777537102.235343 gw_proc_ms=0.598 traceId=exp-perf5000-004190-84944cff
zt-gateway  | [perf-request-in] ts_in=1777537102.234962 ts_out=1777537102.235570 gw_proc_ms=0.608 traceId=exp-perf5000-004193-658012d9
zt-gateway  | [perf-request-in] ts_in=1777537102.235367 ts_out=1777537102.235975 gw_proc_ms=0.608 traceId=exp-perf5000-004192-2f32c6e6
zt-gateway  | [perf-request-in] ts_in=1777537102.235600 ts_out=1777537102.236226 gw_proc_ms=0.626 traceId=exp-perf5000-004195-49b2f1b4
zt-gateway  | [perf-request-in] ts_in=1777537102.236008 ts_out=1777537102.236588 gw_proc_ms=0.580 traceId=exp-perf5000-004194-83932076
zt-gateway  | [perf-request-in] ts_in=1777537102.236257 ts_out=1777537102.236863 gw_proc_ms=0.606 traceId=exp-perf5000-004197-12749ce2
zt-gateway  | [perf-request-in] ts_in=1777537102.236621 ts_out=1777537102.237208 gw_proc_ms=0.587 traceId=exp-perf5000-004196-8e50fefb
zt-gateway  | [perf-request-in] ts_in=1777537102.236890 ts_out=1777537102.237491 gw_proc_ms=0.601 traceId=exp-perf5000-004199-3fde8a23
zt-gateway  | [perf-request-in] ts_in=1777537102.237237 ts_out=1777537102.237835 gw_proc_ms=0.598 traceId=exp-perf5000-004198-a64d4a0a
zt-gateway  | [perf-request-in] ts_in=1777537102.237523 ts_out=1777537102.238131 gw_proc_ms=0.608 traceId=exp-perf5000-004201-05fe0b78
zt-gateway  | [perf-request-in] ts_in=1777537102.237866 ts_out=1777537102.238449 gw_proc_ms=0.583 traceId=exp-perf5000-004200-efa011a7
zt-gateway  | [perf-request-in] ts_in=1777537102.238160 ts_out=1777537102.238744 gw_proc_ms=0.584 traceId=exp-perf5000-004202-e26d95d4
zt-gateway  | [perf-request-in] ts_in=1777537102.238475 ts_out=1777537102.239101 gw_proc_ms=0.626 traceId=exp-perf5000-004203-a838951c
zt-gateway  | [perf-request-in] ts_in=1777537102.238772 ts_out=1777537102.239386 gw_proc_ms=0.614 traceId=exp-perf5000-004204-5cc3748c
zt-gateway  | [perf-request-in] ts_in=1777537102.239128 ts_out=1777537102.239741 gw_proc_ms=0.613 traceId=exp-perf5000-004205-81e226e0
zt-gateway  | [perf-request-in] ts_in=1777537102.239418 ts_out=1777537102.240056 gw_proc_ms=0.638 traceId=exp-perf5000-004206-68fcdbf1
zt-gateway  | [perf-request-in] ts_in=1777537102.239771 ts_out=1777537102.240408 gw_proc_ms=0.637 traceId=exp-perf5000-004207-764ee78e
zt-gateway  | [perf-request-in] ts_in=1777537102.240090 ts_out=1777537102.240690 gw_proc_ms=0.600 traceId=exp-perf5000-004208-94015fc0
zt-gateway  | [perf-request-in] ts_in=1777537102.240439 ts_out=1777537102.241063 gw_proc_ms=0.624 traceId=exp-perf5000-004209-0e3e0e85
zt-gateway  | [perf-request-in] ts_in=1777537102.240720 ts_out=1777537102.241366 gw_proc_ms=0.646 traceId=exp-perf5000-004210-005b4943
zt-gateway  | [perf-request-in] ts_in=1777537102.241092 ts_out=1777537102.241708 gw_proc_ms=0.616 traceId=exp-perf5000-004211-d718beea
zt-gateway  | [perf-request-in] ts_in=1777537102.241403 ts_out=1777537102.242026 gw_proc_ms=0.623 traceId=exp-perf5000-004212-3a78aea4
zt-gateway  | [perf-request-in] ts_in=1777537102.241739 ts_out=1777537102.242364 gw_proc_ms=0.625 traceId=exp-perf5000-004213-66a09982
zt-gateway  | [perf-request-in] ts_in=1777537102.242056 ts_out=1777537102.242672 gw_proc_ms=0.616 traceId=exp-perf5000-004214-f4974141
zt-gateway  | [perf-request-in] ts_in=1777537102.242393 ts_out=1777537102.243055 gw_proc_ms=0.662 traceId=exp-perf5000-004215-6f6f187c
zt-gateway  | [perf-request-in] ts_in=1777537102.242701 ts_out=1777537102.243351 gw_proc_ms=0.650 traceId=exp-perf5000-004216-43e52da6
zt-gateway  | [perf-request-in] ts_in=1777537102.243085 ts_out=1777537102.243697 gw_proc_ms=0.612 traceId=exp-perf5000-004217-ee9ac9fe
zt-gateway  | [perf-request-in] ts_in=1777537102.243387 ts_out=1777537102.244070 gw_proc_ms=0.683 traceId=exp-perf5000-004218-c2d968f3
zt-gateway  | [perf-request-in] ts_in=1777537102.243731 ts_out=1777537102.244401 gw_proc_ms=0.670 traceId=exp-perf5000-004219-2884368b
zt-gateway  | [perf-request-in] ts_in=1777537102.244106 ts_out=1777537102.244752 gw_proc_ms=0.646 traceId=exp-perf5000-004220-e89acdbb
zt-gateway  | [perf-request-in] ts_in=1777537102.244446 ts_out=1777537102.245138 gw_proc_ms=0.692 traceId=exp-perf5000-004221-c4fc8526
zt-gateway  | [perf-request-in] ts_in=1777537102.244787 ts_out=1777537102.245394 gw_proc_ms=0.607 traceId=exp-perf5000-004222-97399baa
zt-gateway  | [perf-request-in] ts_in=1777537102.245179 ts_out=1777537102.245832 gw_proc_ms=0.653 traceId=exp-perf5000-004223-2d742b6a
zt-gateway  | [perf-request-in] ts_in=1777537102.245425 ts_out=1777537102.246036 gw_proc_ms=0.611 traceId=exp-perf5000-004224-5bd80234
zt-gateway  | [perf-request-in] ts_in=1777537102.245871 ts_out=1777537102.246522 gw_proc_ms=0.651 traceId=exp-perf5000-004225-acb86e2b
zt-gateway  | [perf-request-in] ts_in=1777537102.246069 ts_out=1777537102.246694 gw_proc_ms=0.625 traceId=exp-perf5000-004226-9f0279cc
zt-gateway  | [perf-request-in] ts_in=1777537102.246559 ts_out=1777537102.247211 gw_proc_ms=0.652 traceId=exp-perf5000-004227-1529bba7
zt-gateway  | [perf-request-in] ts_in=1777537102.246727 ts_out=1777537102.247371 gw_proc_ms=0.644 traceId=exp-perf5000-004228-822203e1
zt-gateway  | [perf-request-in] ts_in=1777537102.247250 ts_out=1777537102.247892 gw_proc_ms=0.642 traceId=exp-perf5000-004229-2c6382a9
zt-gateway  | [perf-request-in] ts_in=1777537102.247412 ts_out=1777537102.248064 gw_proc_ms=0.652 traceId=exp-perf5000-004230-36dea010
zt-gateway  | [perf-request-in] ts_in=1777537102.247927 ts_out=1777537102.248562 gw_proc_ms=0.635 traceId=exp-perf5000-004231-b4f41ece
zt-gateway  | [perf-request-in] ts_in=1777537102.248105 ts_out=1777537102.248715 gw_proc_ms=0.610 traceId=exp-perf5000-004232-c6a232bb
zt-gateway  | [perf-request-in] ts_in=1777537102.248601 ts_out=1777537102.249236 gw_proc_ms=0.635 traceId=exp-perf5000-004233-2d2c6716
zt-gateway  | [perf-request-in] ts_in=1777537102.248745 ts_out=1777537102.249391 gw_proc_ms=0.646 traceId=exp-perf5000-004234-fedd8a3b
zt-gateway  | [perf-request-in] ts_in=1777537102.249275 ts_out=1777537102.249928 gw_proc_ms=0.653 traceId=exp-perf5000-004235-e2b8eb16
zt-gateway  | [perf-request-in] ts_in=1777537102.249424 ts_out=1777537102.250065 gw_proc_ms=0.641 traceId=exp-perf5000-004236-98a6bc2c
zt-gateway  | [perf-request-in] ts_in=1777537102.249965 ts_out=1777537102.250618 gw_proc_ms=0.653 traceId=exp-perf5000-004237-f266a614
zt-gateway  | [perf-request-in] ts_in=1777537102.250095 ts_out=1777537102.250726 gw_proc_ms=0.631 traceId=exp-perf5000-004238-d41568ed
zt-gateway  | [perf-request-in] ts_in=1777537102.250762 ts_out=1777537102.251352 gw_proc_ms=0.590 traceId=exp-perf5000-004240-23751ecf
zt-gateway  | [perf-request-in] ts_in=1777537102.250654 ts_out=1777537102.251425 gw_proc_ms=0.771 traceId=exp-perf5000-004239-da052037
zt-gateway  | [perf-request-in] ts_in=1777537102.251382 ts_out=1777537102.252006 gw_proc_ms=0.624 traceId=exp-perf5000-004242-fd627e7d
zt-gateway  | [perf-request-in] ts_in=1777537102.251470 ts_out=1777537102.252123 gw_proc_ms=0.653 traceId=exp-perf5000-004241-b01987cd
zt-gateway  | [perf-request-in] ts_in=1777537102.252034 ts_out=1777537102.252621 gw_proc_ms=0.587 traceId=exp-perf5000-004244-9dbd774f
zt-gateway  | [perf-request-in] ts_in=1777537102.252182 ts_out=1777537102.252767 gw_proc_ms=0.585 traceId=exp-perf5000-004243-7375db9f
zt-gateway  | [perf-request-in] ts_in=1777537102.252647 ts_out=1777537102.253257 gw_proc_ms=0.610 traceId=exp-perf5000-004246-ec85aea6
zt-gateway  | [perf-request-in] ts_in=1777537102.252814 ts_out=1777537102.253415 gw_proc_ms=0.601 traceId=exp-perf5000-004245-1c68266d
zt-gateway  | [perf-request-in] ts_in=1777537102.253286 ts_out=1777537102.253882 gw_proc_ms=0.596 traceId=exp-perf5000-004248-86321fb8
zt-gateway  | [perf-request-in] ts_in=1777537102.253453 ts_out=1777537102.254067 gw_proc_ms=0.614 traceId=exp-perf5000-004247-23498103
zt-gateway  | [perf-request-in] ts_in=1777537102.253912 ts_out=1777537102.254499 gw_proc_ms=0.587 traceId=exp-perf5000-004250-d7d362d6
zt-gateway  | [perf-request-in] ts_in=1777537102.254106 ts_out=1777537102.254674 gw_proc_ms=0.568 traceId=exp-perf5000-004249-d9a77bc5
zt-gateway  | [perf-request-in] ts_in=1777537102.254527 ts_out=1777537102.255101 gw_proc_ms=0.574 traceId=exp-perf5000-004252-d6d5c632
zt-gateway  | [perf-request-in] ts_in=1777537102.254711 ts_out=1777537102.255310 gw_proc_ms=0.599 traceId=exp-perf5000-004251-e3901548
zt-gateway  | [perf-request-in] ts_in=1777537102.255131 ts_out=1777537102.255702 gw_proc_ms=0.571 traceId=exp-perf5000-004254-cd335caa
zt-gateway  | [perf-request-in] ts_in=1777537102.255353 ts_out=1777537102.255964 gw_proc_ms=0.611 traceId=exp-perf5000-004253-65fdecdd
zt-gateway  | [perf-request-in] ts_in=1777537102.255731 ts_out=1777537102.256329 gw_proc_ms=0.598 traceId=exp-perf5000-004256-7984691c
zt-gateway  | [perf-request-in] ts_in=1777537102.255994 ts_out=1777537102.256609 gw_proc_ms=0.615 traceId=exp-perf5000-004255-2149dd46
zt-gateway  | [perf-request-in] ts_in=1777537102.256362 ts_out=1777537102.256969 gw_proc_ms=0.607 traceId=exp-perf5000-004258-fa20f37a
zt-gateway  | [perf-request-in] ts_in=1777537102.256672 ts_out=1777537102.257412 gw_proc_ms=0.740 traceId=exp-perf5000-004257-b5e17229
zt-gateway  | [perf-request-in] ts_in=1777537102.257000 ts_out=1777537102.257581 gw_proc_ms=0.581 traceId=exp-perf5000-004260-53cc45cd
zt-gateway  | [perf-request-in] ts_in=1777537102.257463 ts_out=1777537102.258132 gw_proc_ms=0.669 traceId=exp-perf5000-004259-3a30bfbd
zt-gateway  | [perf-request-in] ts_in=1777537102.257608 ts_out=1777537102.258268 gw_proc_ms=0.660 traceId=exp-perf5000-004262-04b0432d
zt-gateway  | [perf-request-in] ts_in=1777537102.258175 ts_out=1777537102.258795 gw_proc_ms=0.620 traceId=exp-perf5000-004261-25ea3123
zt-gateway  | [perf-request-in] ts_in=1777537102.258295 ts_out=1777537102.258866 gw_proc_ms=0.571 traceId=exp-perf5000-004264-619859fc
zt-gateway  | [perf-request-in] ts_in=1777537102.258841 ts_out=1777537102.259455 gw_proc_ms=0.614 traceId=exp-perf5000-004263-2820fcf3
zt-gateway  | [perf-request-in] ts_in=1777537102.258898 ts_out=1777537102.259478 gw_proc_ms=0.580 traceId=exp-perf5000-004266-f5ba2644
zt-gateway  | [perf-request-in] ts_in=1777537102.259504 ts_out=1777537102.260106 gw_proc_ms=0.602 traceId=exp-perf5000-004268-6b572bd2
zt-gateway  | [perf-request-in] ts_in=1777537102.259490 ts_out=1777537102.260169 gw_proc_ms=0.679 traceId=exp-perf5000-004265-1fd8ab16
zt-gateway  | [perf-request-in] ts_in=1777537102.260135 ts_out=1777537102.260690 gw_proc_ms=0.555 traceId=exp-perf5000-004270-7da9dd54
zt-gateway  | [perf-request-in] ts_in=1777537102.260212 ts_out=1777537102.260835 gw_proc_ms=0.623 traceId=exp-perf5000-004267-2182e04a
zt-gateway  | [perf-request-in] ts_in=1777537102.260719 ts_out=1777537102.261301 gw_proc_ms=0.582 traceId=exp-perf5000-004272-bf174cb1
zt-gateway  | [perf-request-in] ts_in=1777537102.260873 ts_out=1777537102.261479 gw_proc_ms=0.606 traceId=exp-perf5000-004269-b0a1cda8
zt-gateway  | [perf-request-in] ts_in=1777537102.261330 ts_out=1777537102.261931 gw_proc_ms=0.601 traceId=exp-perf5000-004274-7dfe8b44
zt-gateway  | [perf-request-in] ts_in=1777537102.261516 ts_out=1777537102.262142 gw_proc_ms=0.626 traceId=exp-perf5000-004271-32cd7096
zt-gateway  | [perf-request-in] ts_in=1777537102.261960 ts_out=1777537102.262585 gw_proc_ms=0.625 traceId=exp-perf5000-004276-7011f69a
zt-gateway  | [perf-request-in] ts_in=1777537102.262179 ts_out=1777537102.262796 gw_proc_ms=0.617 traceId=exp-perf5000-004273-451b3e3d
zt-gateway  | [perf-request-in] ts_in=1777537102.262614 ts_out=1777537102.263220 gw_proc_ms=0.606 traceId=exp-perf5000-004278-a5757322
zt-gateway  | [perf-request-in] ts_in=1777537102.262828 ts_out=1777537102.263420 gw_proc_ms=0.592 traceId=exp-perf5000-004275-0abe2477
zt-gateway  | [perf-request-in] ts_in=1777537102.263246 ts_out=1777537102.263842 gw_proc_ms=0.596 traceId=exp-perf5000-004280-9b91768a
zt-gateway  | [perf-request-in] ts_in=1777537102.263454 ts_out=1777537102.264053 gw_proc_ms=0.599 traceId=exp-perf5000-004277-21f937a0
zt-gateway  | [perf-request-in] ts_in=1777537102.263873 ts_out=1777537102.264457 gw_proc_ms=0.584 traceId=exp-perf5000-004282-a91194df
zt-gateway  | [perf-request-in] ts_in=1777537102.264088 ts_out=1777537102.264700 gw_proc_ms=0.612 traceId=exp-perf5000-004279-60d67829
zt-gateway  | [perf-request-in] ts_in=1777537102.264500 ts_out=1777537102.265140 gw_proc_ms=0.640 traceId=exp-perf5000-004284-d331cb1b
zt-gateway  | [perf-request-in] ts_in=1777537102.264729 ts_out=1777537102.265402 gw_proc_ms=0.673 traceId=exp-perf5000-004281-561961eb
zt-gateway  | [perf-request-in] ts_in=1777537102.265171 ts_out=1777537102.265758 gw_proc_ms=0.587 traceId=exp-perf5000-004286-e137b3fe
zt-gateway  | [perf-request-in] ts_in=1777537102.265438 ts_out=1777537102.266073 gw_proc_ms=0.635 traceId=exp-perf5000-004283-f1771a0b
zt-gateway  | [perf-request-in] ts_in=1777537102.265793 ts_out=1777537102.266409 gw_proc_ms=0.616 traceId=exp-perf5000-004288-c12a51c1
zt-gateway  | [perf-request-in] ts_in=1777537102.266107 ts_out=1777537102.266729 gw_proc_ms=0.622 traceId=exp-perf5000-004285-c85b9953
zt-gateway  | [perf-request-in] ts_in=1777537102.266440 ts_out=1777537102.267085 gw_proc_ms=0.645 traceId=exp-perf5000-004290-6cee8731
zt-gateway  | [perf-request-in] ts_in=1777537102.266769 ts_out=1777537102.267403 gw_proc_ms=0.634 traceId=exp-perf5000-004287-fabb2089
zt-gateway  | [perf-request-in] ts_in=1777537102.267118 ts_out=1777537102.267722 gw_proc_ms=0.604 traceId=exp-perf5000-004292-4e4a29b9
zt-gateway  | [perf-request-in] ts_in=1777537102.267438 ts_out=1777537102.268052 gw_proc_ms=0.614 traceId=exp-perf5000-004289-944f9f93
zt-gateway  | [perf-request-in] ts_in=1777537102.267752 ts_out=1777537102.268435 gw_proc_ms=0.683 traceId=exp-perf5000-004294-e1831bce
zt-gateway  | [perf-request-in] ts_in=1777537102.268083 ts_out=1777537102.268705 gw_proc_ms=0.622 traceId=exp-perf5000-004291-3b6892df
zt-gateway  | [perf-request-in] ts_in=1777537102.268484 ts_out=1777537102.269165 gw_proc_ms=0.681 traceId=exp-perf5000-004296-0cee2bf4
zt-gateway  | [perf-request-in] ts_in=1777537102.268738 ts_out=1777537102.269375 gw_proc_ms=0.637 traceId=exp-perf5000-004293-2c90558e
zt-gateway  | [perf-request-in] ts_in=1777537102.269200 ts_out=1777537102.269880 gw_proc_ms=0.680 traceId=exp-perf5000-004298-b35d7585
zt-gateway  | [perf-request-in] ts_in=1777537102.269409 ts_out=1777537102.270053 gw_proc_ms=0.644 traceId=exp-perf5000-004295-6b037018
zt-gateway  | [perf-request-in] ts_in=1777537102.269917 ts_out=1777537102.270540 gw_proc_ms=0.623 traceId=exp-perf5000-004300-0a59cc74
zt-gateway  | [perf-request-in] ts_in=1777537102.270129 ts_out=1777537102.270725 gw_proc_ms=0.596 traceId=exp-perf5000-004297-74abcfe3
zt-gateway  | [perf-request-in] ts_in=1777537102.270583 ts_out=1777537102.271203 gw_proc_ms=0.620 traceId=exp-perf5000-004302-c3a0ed8f
zt-gateway  | [perf-request-in] ts_in=1777537102.270756 ts_out=1777537102.271380 gw_proc_ms=0.624 traceId=exp-perf5000-004299-b221c715
zt-gateway  | [perf-request-in] ts_in=1777537102.271239 ts_out=1777537102.271869 gw_proc_ms=0.630 traceId=exp-perf5000-004304-73733b0a
zt-gateway  | [perf-request-in] ts_in=1777537102.271410 ts_out=1777537102.272052 gw_proc_ms=0.642 traceId=exp-perf5000-004301-541adc1b
zt-gateway  | [perf-request-in] ts_in=1777537102.271907 ts_out=1777537102.272521 gw_proc_ms=0.614 traceId=exp-perf5000-004306-0ed59f5f
zt-gateway  | [perf-request-in] ts_in=1777537102.272082 ts_out=1777537102.272665 gw_proc_ms=0.583 traceId=exp-perf5000-004303-41482d79
zt-gateway  | [perf-request-in] ts_in=1777537102.272558 ts_out=1777537102.273185 gw_proc_ms=0.627 traceId=exp-perf5000-004308-2c31ce06
zt-gateway  | [perf-request-in] ts_in=1777537102.272699 ts_out=1777537102.273309 gw_proc_ms=0.610 traceId=exp-perf5000-004305-51c9e771
zt-gateway  | [perf-request-in] ts_in=1777537102.273227 ts_out=1777537102.273883 gw_proc_ms=0.656 traceId=exp-perf5000-004310-2b683ab3
zt-gateway  | [perf-request-in] ts_in=1777537102.273340 ts_out=1777537102.273931 gw_proc_ms=0.591 traceId=exp-perf5000-004307-73e7af5d
zt-gateway  | [perf-request-in] ts_in=1777537102.273955 ts_out=1777537102.274550 gw_proc_ms=0.595 traceId=exp-perf5000-004309-3a0d61c7
zt-gateway  | [perf-request-in] ts_in=1777537102.273917 ts_out=1777537102.274551 gw_proc_ms=0.634 traceId=exp-perf5000-004312-43e8a3b6
zt-gateway  | [perf-request-in] ts_in=1777537102.274580 ts_out=1777537102.275186 gw_proc_ms=0.606 traceId=exp-perf5000-004311-5344b3ec
zt-gateway  | [perf-request-in] ts_in=1777537102.274585 ts_out=1777537102.275202 gw_proc_ms=0.617 traceId=exp-perf5000-004314-151e86ec
zt-gateway  | [perf-request-in] ts_in=1777537102.275215 ts_out=1777537102.275806 gw_proc_ms=0.591 traceId=exp-perf5000-004313-01f800a1
zt-gateway  | [perf-request-in] ts_in=1777537102.275234 ts_out=1777537102.275858 gw_proc_ms=0.624 traceId=exp-perf5000-004316-e08a91d7
zt-gateway  | [perf-request-in] ts_in=1777537102.275831 ts_out=1777537102.276426 gw_proc_ms=0.595 traceId=exp-perf5000-004315-da3c3df5
zt-gateway  | [perf-request-in] ts_in=1777537102.275892 ts_out=1777537102.276523 gw_proc_ms=0.631 traceId=exp-perf5000-004318-67abf471
zt-gateway  | [perf-request-in] ts_in=1777537102.276453 ts_out=1777537102.277006 gw_proc_ms=0.553 traceId=exp-perf5000-004317-798b0377
zt-gateway  | [perf-request-in] ts_in=1777537102.276549 ts_out=1777537102.277153 gw_proc_ms=0.604 traceId=exp-perf5000-004320-2cf3634c
zt-gateway  | [perf-request-in] ts_in=1777537102.277036 ts_out=1777537102.277616 gw_proc_ms=0.580 traceId=exp-perf5000-004319-4d575ed0
zt-gateway  | [perf-request-in] ts_in=1777537102.277183 ts_out=1777537102.277790 gw_proc_ms=0.607 traceId=exp-perf5000-004322-969f41ed
zt-gateway  | [perf-request-in] ts_in=1777537102.277644 ts_out=1777537102.278265 gw_proc_ms=0.621 traceId=exp-perf5000-004321-7839f147
zt-gateway  | [perf-request-in] ts_in=1777537102.277819 ts_out=1777537102.278500 gw_proc_ms=0.681 traceId=exp-perf5000-004324-51b74c57
zt-gateway  | [perf-request-in] ts_in=1777537102.278293 ts_out=1777537102.278901 gw_proc_ms=0.608 traceId=exp-perf5000-004323-02478cb7
zt-gateway  | [perf-request-in] ts_in=1777537102.278538 ts_out=1777537102.279178 gw_proc_ms=0.640 traceId=exp-perf5000-004326-7d396227
zt-gateway  | [perf-request-in] ts_in=1777537102.278934 ts_out=1777537102.279506 gw_proc_ms=0.572 traceId=exp-perf5000-004325-e9c3efb9
zt-gateway  | [perf-request-in] ts_in=1777537102.279215 ts_out=1777537102.279848 gw_proc_ms=0.633 traceId=exp-perf5000-004328-490d48bc
zt-gateway  | [perf-request-in] ts_in=1777537102.279536 ts_out=1777537102.280131 gw_proc_ms=0.595 traceId=exp-perf5000-004327-ec2e7e34
zt-gateway  | [perf-request-in] ts_in=1777537102.279886 ts_out=1777537102.280507 gw_proc_ms=0.621 traceId=exp-perf5000-004330-3cb413c3
zt-gateway  | [perf-request-in] ts_in=1777537102.280160 ts_out=1777537102.280763 gw_proc_ms=0.603 traceId=exp-perf5000-004329-83b84fc4
zt-gateway  | [perf-request-in] ts_in=1777537102.280543 ts_out=1777537102.281150 gw_proc_ms=0.607 traceId=exp-perf5000-004332-3434ed18
zt-gateway  | [perf-request-in] ts_in=1777537102.280813 ts_out=1777537102.281431 gw_proc_ms=0.618 traceId=exp-perf5000-004331-7cecef79
zt-gateway  | [perf-request-in] ts_in=1777537102.281185 ts_out=1777537102.281809 gw_proc_ms=0.624 traceId=exp-perf5000-004334-e235c92b
zt-gateway  | [perf-request-in] ts_in=1777537102.281468 ts_out=1777537102.282092 gw_proc_ms=0.624 traceId=exp-perf5000-004333-23aad5ee
zt-gateway  | [perf-request-in] ts_in=1777537102.281846 ts_out=1777537102.282458 gw_proc_ms=0.612 traceId=exp-perf5000-004336-fac43ca7
zt-gateway  | [perf-request-in] ts_in=1777537102.282132 ts_out=1777537102.282726 gw_proc_ms=0.594 traceId=exp-perf5000-004335-368d1aed
zt-gateway  | [perf-request-in] ts_in=1777537102.282493 ts_out=1777537102.283115 gw_proc_ms=0.622 traceId=exp-perf5000-004338-40f61a65
zt-gateway  | [perf-request-in] ts_in=1777537102.282764 ts_out=1777537102.283412 gw_proc_ms=0.648 traceId=exp-perf5000-004337-cacf331f
zt-gateway  | [perf-request-in] ts_in=1777537102.283150 ts_out=1777537102.283755 gw_proc_ms=0.605 traceId=exp-perf5000-004339-73c8e4d0
zt-gateway  | [perf-request-in] ts_in=1777537102.283446 ts_out=1777537102.284072 gw_proc_ms=0.626 traceId=exp-perf5000-004340-640b4165
zt-gateway  | [perf-request-in] ts_in=1777537102.283793 ts_out=1777537102.284415 gw_proc_ms=0.622 traceId=exp-perf5000-004341-845059d8
zt-gateway  | [perf-request-in] ts_in=1777537102.284103 ts_out=1777537102.284719 gw_proc_ms=0.616 traceId=exp-perf5000-004342-a43b762c
zt-gateway  | [perf-request-in] ts_in=1777537102.284445 ts_out=1777537102.285097 gw_proc_ms=0.652 traceId=exp-perf5000-004343-6e8a133a
zt-gateway  | [perf-request-in] ts_in=1777537102.284750 ts_out=1777537102.285429 gw_proc_ms=0.679 traceId=exp-perf5000-004344-be4b8355
zt-gateway  | [perf-request-in] ts_in=1777537102.285128 ts_out=1777537102.285775 gw_proc_ms=0.647 traceId=exp-perf5000-004345-fd0261c4
zt-gateway  | [perf-request-in] ts_in=1777537102.285460 ts_out=1777537102.286108 gw_proc_ms=0.648 traceId=exp-perf5000-004346-20faa80f
zt-gateway  | [perf-request-in] ts_in=1777537102.285845 ts_out=1777537102.286494 gw_proc_ms=0.649 traceId=exp-perf5000-004347-f14eb69e
zt-gateway  | [perf-request-in] ts_in=1777537102.286143 ts_out=1777537102.286765 gw_proc_ms=0.622 traceId=exp-perf5000-004348-1c6426fd
zt-gateway  | [perf-request-in] ts_in=1777537102.286536 ts_out=1777537102.287157 gw_proc_ms=0.621 traceId=exp-perf5000-004349-a033c962
zt-gateway  | [perf-request-in] ts_in=1777537102.286806 ts_out=1777537102.287472 gw_proc_ms=0.666 traceId=exp-perf5000-004350-0146a8a7
zt-gateway  | [perf-request-in] ts_in=1777537102.287195 ts_out=1777537102.287800 gw_proc_ms=0.605 traceId=exp-perf5000-004351-d2d5a05a
zt-gateway  | [perf-request-in] ts_in=1777537102.287499 ts_out=1777537102.288143 gw_proc_ms=0.644 traceId=exp-perf5000-004352-70677028
zt-gateway  | [perf-request-in] ts_in=1777537102.287831 ts_out=1777537102.288543 gw_proc_ms=0.712 traceId=exp-perf5000-004353-71596eb2
zt-gateway  | [perf-request-in] ts_in=1777537102.288171 ts_out=1777537102.288839 gw_proc_ms=0.668 traceId=exp-perf5000-004354-67db33db
zt-gateway  | [perf-request-in] ts_in=1777537102.288580 ts_out=1777537102.289227 gw_proc_ms=0.647 traceId=exp-perf5000-004355-7b487445
zt-gateway  | [perf-request-in] ts_in=1777537102.288869 ts_out=1777537102.289520 gw_proc_ms=0.651 traceId=exp-perf5000-004356-b44b0612
zt-gateway  | [perf-request-in] ts_in=1777537102.289267 ts_out=1777537102.289895 gw_proc_ms=0.628 traceId=exp-perf5000-004357-cb36a0c6
zt-gateway  | [perf-request-in] ts_in=1777537102.289553 ts_out=1777537102.290217 gw_proc_ms=0.664 traceId=exp-perf5000-004358-0fda1917
zt-gateway  | [perf-request-in] ts_in=1777537102.289934 ts_out=1777537102.290558 gw_proc_ms=0.624 traceId=exp-perf5000-004359-3168277c
zt-gateway  | [perf-request-in] ts_in=1777537102.290258 ts_out=1777537102.291042 gw_proc_ms=0.784 traceId=exp-perf5000-004361-9e18fd84
zt-gateway  | [perf-request-in] ts_in=1777537102.290585 ts_out=1777537102.291237 gw_proc_ms=0.652 traceId=exp-perf5000-004360-72f08326
zt-gateway  | [perf-request-in] ts_in=1777537102.291078 ts_out=1777537102.291692 gw_proc_ms=0.614 traceId=exp-perf5000-004362-e0856322
zt-gateway  | [perf-request-in] ts_in=1777537102.291278 ts_out=1777537102.291940 gw_proc_ms=0.662 traceId=exp-perf5000-004363-2dffa9f1
zt-gateway  | [perf-request-in] ts_in=1777537102.291736 ts_out=1777537102.292356 gw_proc_ms=0.620 traceId=exp-perf5000-004364-a4f14f29
zt-gateway  | [perf-request-in] ts_in=1777537102.291979 ts_out=1777537102.292756 gw_proc_ms=0.777 traceId=exp-perf5000-004365-acb793f5
zt-gateway  | [perf-request-in] ts_in=1777537102.292390 ts_out=1777537102.293024 gw_proc_ms=0.634 traceId=exp-perf5000-004367-249b59fe
zt-gateway  | [perf-request-in] ts_in=1777537102.292836 ts_out=1777537102.293549 gw_proc_ms=0.713 traceId=exp-perf5000-004366-0ba31bcd
zt-gateway  | [perf-request-in] ts_in=1777537102.293059 ts_out=1777537102.293850 gw_proc_ms=0.791 traceId=exp-perf5000-004369-8e2e1521
zt-gateway  | [perf-request-in] ts_in=1777537102.293594 ts_out=1777537102.294257 gw_proc_ms=0.663 traceId=exp-perf5000-004368-c8ea7cab
zt-gateway  | [perf-request-in] ts_in=1777537102.293885 ts_out=1777537102.294487 gw_proc_ms=0.602 traceId=exp-perf5000-004371-14a35152
zt-gateway  | [perf-request-in] ts_in=1777537102.294290 ts_out=1777537102.294915 gw_proc_ms=0.625 traceId=exp-perf5000-004370-05c68e85
zt-gateway  | [perf-request-in] ts_in=1777537102.294521 ts_out=1777537102.295158 gw_proc_ms=0.637 traceId=exp-perf5000-004373-f14496af
zt-gateway  | [perf-request-in] ts_in=1777537102.294947 ts_out=1777537102.295581 gw_proc_ms=0.634 traceId=exp-perf5000-004372-468e1df5
zt-gateway  | [perf-request-in] ts_in=1777537102.295191 ts_out=1777537102.295877 gw_proc_ms=0.686 traceId=exp-perf5000-004375-978ca8ea
zt-gateway  | [perf-request-in] ts_in=1777537102.295614 ts_out=1777537102.296404 gw_proc_ms=0.790 traceId=exp-perf5000-004374-7f289489
zt-gateway  | [perf-request-in] ts_in=1777537102.295914 ts_out=1777537102.296657 gw_proc_ms=0.743 traceId=exp-perf5000-004377-667aa820
zt-gateway  | [perf-request-in] ts_in=1777537102.296432 ts_out=1777537102.297113 gw_proc_ms=0.681 traceId=exp-perf5000-004376-b4c4e352
zt-gateway  | [perf-request-in] ts_in=1777537102.297148 ts_out=1777537102.297877 gw_proc_ms=0.729 traceId=exp-perf5000-004378-487a190e
zt-gateway  | [perf-request-in] ts_in=1777537102.296688 ts_out=1777537102.298174 gw_proc_ms=1.486 traceId=exp-perf5000-004379-3c01276d
zt-gateway  | [perf-request-in] ts_in=1777537102.297921 ts_out=1777537102.298856 gw_proc_ms=0.935 traceId=exp-perf5000-004380-f99cd46b
zt-gateway  | [perf-request-in] ts_in=1777537102.298207 ts_out=1777537102.298875 gw_proc_ms=0.668 traceId=exp-perf5000-004381-c10d7446
zt-gateway  | [perf-request-in] ts_in=1777537102.298900 ts_out=1777537102.299535 gw_proc_ms=0.635 traceId=exp-perf5000-004383-7f0ab453
zt-gateway  | [perf-request-in] ts_in=1777537102.298903 ts_out=1777537102.299548 gw_proc_ms=0.645 traceId=exp-perf5000-004382-f17a395c
zt-gateway  | [perf-request-in] ts_in=1777537102.299566 ts_out=1777537102.300254 gw_proc_ms=0.688 traceId=exp-perf5000-004385-370b1af4
zt-gateway  | [perf-request-in] ts_in=1777537102.299576 ts_out=1777537102.300254 gw_proc_ms=0.678 traceId=exp-perf5000-004384-3f337824
zt-gateway  | [perf-request-in] ts_in=1777537102.300287 ts_out=1777537102.300968 gw_proc_ms=0.681 traceId=exp-perf5000-004386-9efc9b72
zt-gateway  | [perf-request-in] ts_in=1777537102.300290 ts_out=1777537102.300982 gw_proc_ms=0.692 traceId=exp-perf5000-004387-b78037de
zt-gateway  | [perf-request-in] ts_in=1777537102.301005 ts_out=1777537102.301878 gw_proc_ms=0.873 traceId=exp-perf5000-004388-c21df1f2
zt-gateway  | [perf-request-in] ts_in=1777537102.301016 ts_out=1777537102.301890 gw_proc_ms=0.874 traceId=exp-perf5000-004389-9020b19c
zt-gateway  | [perf-request-in] ts_in=1777537102.301919 ts_out=1777537102.302550 gw_proc_ms=0.631 traceId=exp-perf5000-004391-dfb0f08e
zt-gateway  | [perf-request-in] ts_in=1777537102.301911 ts_out=1777537102.302557 gw_proc_ms=0.646 traceId=exp-perf5000-004390-ca328169
zt-gateway  | [perf-request-in] ts_in=1777537102.302578 ts_out=1777537102.303208 gw_proc_ms=0.630 traceId=exp-perf5000-004393-adbc8e71
zt-gateway  | [perf-request-in] ts_in=1777537102.302582 ts_out=1777537102.303232 gw_proc_ms=0.650 traceId=exp-perf5000-004392-586b979f
zt-gateway  | [perf-request-in] ts_in=1777537102.303245 ts_out=1777537102.303940 gw_proc_ms=0.695 traceId=exp-perf5000-004395-a1c9d99a
zt-gateway  | [perf-request-in] ts_in=1777537102.303259 ts_out=1777537102.303981 gw_proc_ms=0.722 traceId=exp-perf5000-004394-c151870d
zt-gateway  | [perf-request-in] ts_in=1777537102.303977 ts_out=1777537102.304678 gw_proc_ms=0.701 traceId=exp-perf5000-004397-0b6f3bef
zt-gateway  | [perf-request-in] ts_in=1777537102.304012 ts_out=1777537102.304685 gw_proc_ms=0.673 traceId=exp-perf5000-004396-603c6721
zt-gateway  | [perf-request-in] ts_in=1777537102.304722 ts_out=1777537102.305420 gw_proc_ms=0.698 traceId=exp-perf5000-004399-14593e2d
zt-gateway  | [perf-request-in] ts_in=1777537102.304724 ts_out=1777537102.305429 gw_proc_ms=0.705 traceId=exp-perf5000-004398-16583208
zt-gateway  | [perf-request-in] ts_in=1777537102.305467 ts_out=1777537102.306276 gw_proc_ms=0.809 traceId=exp-perf5000-004401-98b080ff
zt-gateway  | [perf-request-in] ts_in=1777537102.305473 ts_out=1777537102.306278 gw_proc_ms=0.805 traceId=exp-perf5000-004400-9fc929c8
zt-gateway  | [perf-request-in] ts_in=1777537102.306305 ts_out=1777537102.307024 gw_proc_ms=0.719 traceId=exp-perf5000-004402-f2a91c75
zt-gateway  | [perf-request-in] ts_in=1777537102.306307 ts_out=1777537102.307025 gw_proc_ms=0.718 traceId=exp-perf5000-004403-6a9f3c50
zt-gateway  | [perf-request-in] ts_in=1777537102.307071 ts_out=1777537102.307911 gw_proc_ms=0.840 traceId=exp-perf5000-004405-b2959037
zt-gateway  | [perf-request-in] ts_in=1777537102.307072 ts_out=1777537102.307934 gw_proc_ms=0.862 traceId=exp-perf5000-004404-05595e7e
zt-gateway  | [perf-request-in] ts_in=1777537102.307972 ts_out=1777537102.308905 gw_proc_ms=0.933 traceId=exp-perf5000-004406-09ce74f6
zt-gateway  | [perf-request-in] ts_in=1777537102.307943 ts_out=1777537102.309109 gw_proc_ms=1.166 traceId=exp-perf5000-004407-d26cfa09
zt-gateway  | [perf-request-in] ts_in=1777537102.308945 ts_out=1777537102.309941 gw_proc_ms=0.996 traceId=exp-perf5000-004408-6719d899
zt-gateway  | [perf-request-in] ts_in=1777537102.309153 ts_out=1777537102.310031 gw_proc_ms=0.878 traceId=exp-perf5000-004409-182941fa
zt-gateway  | [perf-request-in] ts_in=1777537102.309972 ts_out=1777537102.310731 gw_proc_ms=0.759 traceId=exp-perf5000-004410-d2b9c66a
zt-gateway  | [perf-request-in] ts_in=1777537102.310064 ts_out=1777537102.310819 gw_proc_ms=0.755 traceId=exp-perf5000-004411-aca1bff1
zt-gateway  | [perf-request-in] ts_in=1777537102.310763 ts_out=1777537102.311582 gw_proc_ms=0.819 traceId=exp-perf5000-004413-e5dd160d
zt-gateway  | [perf-request-in] ts_in=1777537102.310850 ts_out=1777537102.311655 gw_proc_ms=0.805 traceId=exp-perf5000-004412-a350dab4
zt-gateway  | [perf-request-in] ts_in=1777537102.311691 ts_out=1777537102.312568 gw_proc_ms=0.877 traceId=exp-perf5000-004414-e2b69bc0
zt-gateway  | [perf-request-in] ts_in=1777537102.312613 ts_out=1777537102.313391 gw_proc_ms=0.778 traceId=exp-perf5000-004416-e7c6a401
zt-gateway  | [perf-request-in] ts_in=1777537102.311615 ts_out=1777537102.313599 gw_proc_ms=1.984 traceId=exp-perf5000-004415-f09df347
zt-gateway  | [perf-request-in] ts_in=1777537102.313427 ts_out=1777537102.314171 gw_proc_ms=0.744 traceId=exp-perf5000-004417-1cafc77a
zt-gateway  | [perf-request-in] ts_in=1777537102.313665 ts_out=1777537102.314533 gw_proc_ms=0.868 traceId=exp-perf5000-004419-cf461c8b
zt-gateway  | [perf-request-in] ts_in=1777537102.314201 ts_out=1777537102.314877 gw_proc_ms=0.676 traceId=exp-perf5000-004420-c1339745
zt-gateway  | [perf-request-in] ts_in=1777537102.314578 ts_out=1777537102.315338 gw_proc_ms=0.760 traceId=exp-perf5000-004418-d70a1641
zt-gateway  | [perf-request-in] ts_in=1777537102.314901 ts_out=1777537102.315608 gw_proc_ms=0.707 traceId=exp-perf5000-004422-2bad929f
zt-gateway  | [perf-request-in] ts_in=1777537102.315389 ts_out=1777537102.316159 gw_proc_ms=0.770 traceId=exp-perf5000-004421-66cfe6c8
zt-gateway  | [perf-request-in] ts_in=1777537102.315645 ts_out=1777537102.316365 gw_proc_ms=0.720 traceId=exp-perf5000-004424-98ad8a38
zt-gateway  | [perf-request-in] ts_in=1777537102.316210 ts_out=1777537102.316998 gw_proc_ms=0.788 traceId=exp-perf5000-004423-8ecbfc46
zt-gateway  | [perf-request-in] ts_in=1777537102.317043 ts_out=1777537102.317850 gw_proc_ms=0.807 traceId=exp-perf5000-004425-a1a2faee
zt-gateway  | [perf-request-in] ts_in=1777537102.316405 ts_out=1777537102.318958 gw_proc_ms=2.553 traceId=exp-perf5000-004426-fc43cffe
zt-gateway  | [perf-request-in] ts_in=1777537102.317906 ts_out=1777537102.320817 gw_proc_ms=2.911 traceId=exp-perf5000-004427-2fa54c61
zt-gateway  | [perf-request-in] ts_in=1777537102.319007 ts_out=1777537102.322336 gw_proc_ms=3.329 traceId=exp-perf5000-004428-de377bdb
zt-gateway  | [perf-request-in] ts_in=1777537102.322505 ts_out=1777537102.325032 gw_proc_ms=2.527 traceId=exp-perf5000-004430-4b7a70f5
zt-gateway  | [perf-request-in] ts_in=1777537102.321029 ts_out=1777537102.327311 gw_proc_ms=6.282 traceId=exp-perf5000-004429-83ab1af0
zt-gateway  | [perf-request-in] ts_in=1777537102.327418 ts_out=1777537102.328181 gw_proc_ms=0.763 traceId=exp-perf5000-004431-d51c4eb9
zt-gateway  | [perf-request-in] ts_in=1777537102.325354 ts_out=1777537102.329228 gw_proc_ms=3.874 traceId=exp-perf5000-004432-d525eb19
zt-gateway  | [perf-request-in] ts_in=1777537102.329308 ts_out=1777537102.332626 gw_proc_ms=3.318 traceId=exp-perf5000-004434-250c6d32
zt-gateway  | [perf-request-in] ts_in=1777537102.328231 ts_out=1777537102.333490 gw_proc_ms=5.259 traceId=exp-perf5000-004433-b4f9dbfe
zt-gateway  | [perf-request-in] ts_in=1777537102.332722 ts_out=1777537102.333566 gw_proc_ms=0.844 traceId=exp-perf5000-004436-60c98b3a
zt-gateway  | [perf-request-in] ts_in=1777537102.333859 ts_out=1777537102.334695 gw_proc_ms=0.836 traceId=exp-perf5000-004435-6f11b943
zt-gateway  | [perf-request-in] ts_in=1777537102.333617 ts_out=1777537102.335227 gw_proc_ms=1.610 traceId=exp-perf5000-004438-2035efb0
zt-gateway  | [perf-request-in] ts_in=1777537102.334758 ts_out=1777537102.335452 gw_proc_ms=0.694 traceId=exp-perf5000-004437-3a0e62ef
zt-gateway  | [perf-request-in] ts_in=1777537102.335493 ts_out=1777537102.336111 gw_proc_ms=0.618 traceId=exp-perf5000-004439-65462204
zt-gateway  | [perf-request-in] ts_in=1777537102.335369 ts_out=1777537102.336582 gw_proc_ms=1.213 traceId=exp-perf5000-004440-d67b2154
zt-gateway  | [perf-request-in] ts_in=1777537102.336146 ts_out=1777537102.337140 gw_proc_ms=0.994 traceId=exp-perf5000-004441-0a2800b6
zt-gateway  | [perf-request-in] ts_in=1777537102.336645 ts_out=1777537102.337559 gw_proc_ms=0.914 traceId=exp-perf5000-004442-77160cc4
zt-gateway  | [perf-request-in] ts_in=1777537102.337192 ts_out=1777537102.338193 gw_proc_ms=1.001 traceId=exp-perf5000-004443-d1221a92
zt-gateway  | [perf-request-in] ts_in=1777537102.337612 ts_out=1777537102.338491 gw_proc_ms=0.879 traceId=exp-perf5000-004444-e495a87c
zt-gateway  | [perf-request-in] ts_in=1777537102.338240 ts_out=1777537102.339187 gw_proc_ms=0.947 traceId=exp-perf5000-004445-071305bf
zt-gateway  | [perf-request-in] ts_in=1777537102.338523 ts_out=1777537102.339373 gw_proc_ms=0.850 traceId=exp-perf5000-004446-2a323c26
zt-gateway  | [perf-request-in] ts_in=1777537102.339240 ts_out=1777537102.340069 gw_proc_ms=0.829 traceId=exp-perf5000-004447-e5938c5b
zt-gateway  | [perf-request-in] ts_in=1777537102.339412 ts_out=1777537102.340143 gw_proc_ms=0.731 traceId=exp-perf5000-004448-87eaa410
zt-gateway  | [perf-request-in] ts_in=1777537102.340112 ts_out=1777537102.340787 gw_proc_ms=0.675 traceId=exp-perf5000-004449-f5e5fb25
zt-gateway  | [perf-request-in] ts_in=1777537102.340243 ts_out=1777537102.340932 gw_proc_ms=0.689 traceId=exp-perf5000-004450-ac87de7c
zt-gateway  | [perf-request-in] ts_in=1777537102.340821 ts_out=1777537102.341486 gw_proc_ms=0.665 traceId=exp-perf5000-004451-ba459069
zt-gateway  | [perf-request-in] ts_in=1777537102.340965 ts_out=1777537102.341611 gw_proc_ms=0.646 traceId=exp-perf5000-004452-2f4da1db
zt-gateway  | [perf-request-in] ts_in=1777537102.341522 ts_out=1777537102.342199 gw_proc_ms=0.677 traceId=exp-perf5000-004453-a89c930d
zt-gateway  | [perf-request-in] ts_in=1777537102.341640 ts_out=1777537102.342291 gw_proc_ms=0.651 traceId=exp-perf5000-004454-2d549abc
zt-gateway  | [perf-request-in] ts_in=1777537102.342239 ts_out=1777537102.342948 gw_proc_ms=0.709 traceId=exp-perf5000-004455-1c58b9ea
zt-gateway  | [perf-request-in] ts_in=1777537102.342332 ts_out=1777537102.343041 gw_proc_ms=0.709 traceId=exp-perf5000-004456-8b72e9a2
zt-gateway  | [perf-request-in] ts_in=1777537102.342988 ts_out=1777537102.343631 gw_proc_ms=0.643 traceId=exp-perf5000-004457-408de1c9
zt-gateway  | [perf-request-in] ts_in=1777537102.343074 ts_out=1777537102.343725 gw_proc_ms=0.651 traceId=exp-perf5000-004458-9e815f9a
zt-gateway  | [perf-request-in] ts_in=1777537102.344108 ts_out=1777537102.345089 gw_proc_ms=0.981 traceId=exp-perf5000-004465-5365b573
zt-gateway  | [perf-request-in] ts_in=1777537102.344044 ts_out=1777537102.345094 gw_proc_ms=1.050 traceId=exp-perf5000-004459-b9581d00
zt-gateway  | [perf-request-in] ts_in=1777537102.345153 ts_out=1777537102.345801 gw_proc_ms=0.648 traceId=exp-perf5000-004460-325e7f69
zt-gateway  | [perf-request-in] ts_in=1777537102.345153 ts_out=1777537102.345823 gw_proc_ms=0.670 traceId=exp-perf5000-004467-209a6ade
zt-gateway  | [perf-request-in] ts_in=1777537102.345841 ts_out=1777537102.346500 gw_proc_ms=0.659 traceId=exp-perf5000-004461-651cd217
zt-gateway  | [perf-request-in] ts_in=1777537102.345851 ts_out=1777537102.346617 gw_proc_ms=0.766 traceId=exp-perf5000-004466-e641b4d4
zt-gateway  | [perf-request-in] ts_in=1777537102.346536 ts_out=1777537102.347235 gw_proc_ms=0.699 traceId=exp-perf5000-004462-066c74f4
zt-gateway  | [perf-request-in] ts_in=1777537102.346660 ts_out=1777537102.347700 gw_proc_ms=1.040 traceId=exp-perf5000-004468-4c32aa17
zt-gateway  | [perf-request-in] ts_in=1777537102.347280 ts_out=1777537102.348017 gw_proc_ms=0.737 traceId=exp-perf5000-004463-f15a3326
zt-gateway  | [perf-request-in] ts_in=1777537102.347747 ts_out=1777537102.348585 gw_proc_ms=0.838 traceId=exp-perf5000-004470-a663d5bf
zt-gateway  | [perf-request-in] ts_in=1777537102.348067 ts_out=1777537102.348732 gw_proc_ms=0.665 traceId=exp-perf5000-004464-5432d28f
zt-gateway  | [perf-request-in] ts_in=1777537102.348788 ts_out=1777537102.349463 gw_proc_ms=0.675 traceId=exp-perf5000-004469-e371c6e8
zt-gateway  | [perf-request-in] ts_in=1777537102.348627 ts_out=1777537102.349580 gw_proc_ms=0.953 traceId=exp-perf5000-004471-08358418
zt-gateway  | [perf-request-in] ts_in=1777537102.349511 ts_out=1777537102.350208 gw_proc_ms=0.697 traceId=exp-perf5000-004478-1a512292
zt-gateway  | [perf-request-in] ts_in=1777537102.349627 ts_out=1777537102.350330 gw_proc_ms=0.703 traceId=exp-perf5000-004472-9b801e76
zt-gateway  | [perf-request-in] ts_in=1777537102.350254 ts_out=1777537102.350961 gw_proc_ms=0.707 traceId=exp-perf5000-004477-a20f7af0
zt-gateway  | [perf-request-in] ts_in=1777537102.350368 ts_out=1777537102.351122 gw_proc_ms=0.754 traceId=exp-perf5000-004473-e5105a11
zt-gateway  | [perf-request-in] ts_in=1777537102.350999 ts_out=1777537102.351681 gw_proc_ms=0.682 traceId=exp-perf5000-004480-2e266cc7
zt-gateway  | [perf-request-in] ts_in=1777537102.351163 ts_out=1777537102.351989 gw_proc_ms=0.826 traceId=exp-perf5000-004474-b46cbbd6
zt-gateway  | [perf-request-in] ts_in=1777537102.351720 ts_out=1777537102.352403 gw_proc_ms=0.683 traceId=exp-perf5000-004481-ef0b7cf0
zt-gateway  | [perf-request-in] ts_in=1777537102.352033 ts_out=1777537102.352672 gw_proc_ms=0.639 traceId=exp-perf5000-004475-a2e18147
zt-gateway  | [perf-request-in] ts_in=1777537102.352440 ts_out=1777537102.353105 gw_proc_ms=0.665 traceId=exp-perf5000-004482-a9c8eb0e
zt-gateway  | [perf-request-in] ts_in=1777537102.353146 ts_out=1777537102.353864 gw_proc_ms=0.718 traceId=exp-perf5000-004485-6001df20
zt-gateway  | [perf-request-in] ts_in=1777537102.353917 ts_out=1777537102.354566 gw_proc_ms=0.649 traceId=exp-perf5000-004486-ec7e5177
zt-gateway  | [perf-request-in] ts_in=1777537102.353014 ts_out=1777537102.354803 gw_proc_ms=1.789 traceId=exp-perf5000-004476-515956f1
zt-gateway  | [perf-request-in] ts_in=1777537102.354612 ts_out=1777537102.355301 gw_proc_ms=0.689 traceId=exp-perf5000-004488-c04afb68
zt-gateway  | [perf-request-in] ts_in=1777537102.355343 ts_out=1777537102.356050 gw_proc_ms=0.707 traceId=exp-perf5000-004491-3a01db53
zt-gateway  | [perf-request-in] ts_in=1777537102.355151 ts_out=1777537102.356379 gw_proc_ms=1.228 traceId=exp-perf5000-004479-14a175f6
zt-gateway  | [perf-request-in] ts_in=1777537102.356095 ts_out=1777537102.356774 gw_proc_ms=0.679 traceId=exp-perf5000-004493-3f17ce5a
zt-gateway  | [perf-request-in] ts_in=1777537102.356444 ts_out=1777537102.357234 gw_proc_ms=0.790 traceId=exp-perf5000-004483-16ceb07d
zt-gateway  | [perf-request-in] ts_in=1777537102.356828 ts_out=1777537102.357523 gw_proc_ms=0.695 traceId=exp-perf5000-004495-c729f43d
zt-gateway  | [perf-request-in] ts_in=1777537102.357283 ts_out=1777537102.358081 gw_proc_ms=0.798 traceId=exp-perf5000-004484-d23fcc02
zt-gateway  | [perf-request-in] ts_in=1777537102.357564 ts_out=1777537102.358431 gw_proc_ms=0.867 traceId=exp-perf5000-004496-b8bb4f66
zt-gateway  | [perf-request-in] ts_in=1777537102.358134 ts_out=1777537102.358842 gw_proc_ms=0.708 traceId=exp-perf5000-004487-18e74c0e
zt-gateway  | [perf-request-in] ts_in=1777537102.358476 ts_out=1777537102.359736 gw_proc_ms=1.260 traceId=exp-perf5000-004498-4449b55d
zt-gateway  | [perf-request-in] ts_in=1777537102.358883 ts_out=1777537102.359773 gw_proc_ms=0.890 traceId=exp-perf5000-004489-7ac1dba1
zt-gateway  | [perf-request-in] ts_in=1777537102.359806 ts_out=1777537102.360474 gw_proc_ms=0.668 traceId=exp-perf5000-004500-9f2f569c
zt-gateway  | [perf-request-in] ts_in=1777537102.359829 ts_out=1777537102.360480 gw_proc_ms=0.651 traceId=exp-perf5000-004490-500c817e
zt-gateway  | [perf-request-in] ts_in=1777537102.360522 ts_out=1777537102.361153 gw_proc_ms=0.631 traceId=exp-perf5000-004492-1ab3a279
zt-gateway  | [perf-request-in] ts_in=1777537102.360565 ts_out=1777537102.361225 gw_proc_ms=0.660 traceId=exp-perf5000-004502-8f7d2053
zt-gateway  | [perf-request-in] ts_in=1777537102.361192 ts_out=1777537102.361804 gw_proc_ms=0.612 traceId=exp-perf5000-004494-462075dd
zt-gateway  | [perf-request-in] ts_in=1777537102.361265 ts_out=1777537102.361876 gw_proc_ms=0.611 traceId=exp-perf5000-004504-b31964e1
zt-gateway  | [perf-request-in] ts_in=1777537102.361839 ts_out=1777537102.362450 gw_proc_ms=0.611 traceId=exp-perf5000-004497-22d199e9
zt-gateway  | [perf-request-in] ts_in=1777537102.361910 ts_out=1777537102.362487 gw_proc_ms=0.577 traceId=exp-perf5000-004506-b4795c32
zt-gateway  | [perf-request-in] ts_in=1777537102.362524 ts_out=1777537102.363113 gw_proc_ms=0.589 traceId=exp-perf5000-004512-3617fa2c
zt-gateway  | [perf-request-in] ts_in=1777537102.362488 ts_out=1777537102.363126 gw_proc_ms=0.638 traceId=exp-perf5000-004499-36625bbc
zt-gateway  | [perf-request-in] ts_in=1777537102.363146 ts_out=1777537102.363724 gw_proc_ms=0.578 traceId=exp-perf5000-004511-741054bc
zt-gateway  | [perf-request-in] ts_in=1777537102.363161 ts_out=1777537102.363794 gw_proc_ms=0.633 traceId=exp-perf5000-004501-a89ca1cd
zt-gateway  | [perf-request-in] ts_in=1777537102.363755 ts_out=1777537102.364378 gw_proc_ms=0.623 traceId=exp-perf5000-004510-211d7c1d
zt-gateway  | [perf-request-in] ts_in=1777537102.363833 ts_out=1777537102.364443 gw_proc_ms=0.610 traceId=exp-perf5000-004503-9511cc14
zt-gateway  | [perf-request-in] ts_in=1777537102.364410 ts_out=1777537102.365039 gw_proc_ms=0.629 traceId=exp-perf5000-004517-fca3e381
zt-gateway  | [perf-request-in] ts_in=1777537102.364487 ts_out=1777537102.365151 gw_proc_ms=0.664 traceId=exp-perf5000-004505-4c11646d
zt-gateway  | [perf-request-in] ts_in=1777537102.365072 ts_out=1777537102.365688 gw_proc_ms=0.616 traceId=exp-perf5000-004516-6e69bf3d
zt-gateway  | [perf-request-in] ts_in=1777537102.365196 ts_out=1777537102.365855 gw_proc_ms=0.659 traceId=exp-perf5000-004507-b874eff2
zt-gateway  | [perf-request-in] ts_in=1777537102.365720 ts_out=1777537102.366343 gw_proc_ms=0.623 traceId=exp-perf5000-004514-7f9d45ec
zt-gateway  | [perf-request-in] ts_in=1777537102.365882 ts_out=1777537102.366500 gw_proc_ms=0.618 traceId=exp-perf5000-004508-595a96bc
zt-gateway  | [perf-request-in] ts_in=1777537102.366378 ts_out=1777537102.367094 gw_proc_ms=0.716 traceId=exp-perf5000-004519-7f7d3b02
zt-gateway  | [perf-request-in] ts_in=1777537102.366537 ts_out=1777537102.367262 gw_proc_ms=0.725 traceId=exp-perf5000-004509-b5b8590f
zt-gateway  | [perf-request-in] ts_in=1777537102.367165 ts_out=1777537102.367794 gw_proc_ms=0.629 traceId=exp-perf5000-004521-ba146e3f
zt-gateway  | [perf-request-in] ts_in=1777537102.367299 ts_out=1777537102.367915 gw_proc_ms=0.616 traceId=exp-perf5000-004518-8d603bba
zt-gateway  | [perf-request-in] ts_in=1777537102.367827 ts_out=1777537102.368474 gw_proc_ms=0.647 traceId=exp-perf5000-004520-f3102700
zt-gateway  | [perf-request-in] ts_in=1777537102.367943 ts_out=1777537102.368559 gw_proc_ms=0.616 traceId=exp-perf5000-004515-ae62ec96
zt-gateway  | [perf-request-in] ts_in=1777537102.368521 ts_out=1777537102.369174 gw_proc_ms=0.653 traceId=exp-perf5000-004522-a9facbdf
zt-gateway  | [perf-request-in] ts_in=1777537102.368597 ts_out=1777537102.369237 gw_proc_ms=0.640 traceId=exp-perf5000-004513-72db0a52
zt-gateway  | [perf-request-in] ts_in=1777537102.369209 ts_out=1777537102.369794 gw_proc_ms=0.585 traceId=exp-perf5000-004523-b4946ad4
zt-gateway  | [perf-request-in] ts_in=1777537102.369264 ts_out=1777537102.369841 gw_proc_ms=0.577 traceId=exp-perf5000-004525-976e01ac
zt-gateway  | [perf-request-in] ts_in=1777537102.369826 ts_out=1777537102.370403 gw_proc_ms=0.577 traceId=exp-perf5000-004524-44f3ef01
zt-gateway  | [perf-request-in] ts_in=1777537102.369867 ts_out=1777537102.370528 gw_proc_ms=0.661 traceId=exp-perf5000-004527-a3c7246b
zt-gateway  | [perf-request-in] ts_in=1777537102.370433 ts_out=1777537102.371263 gw_proc_ms=0.830 traceId=exp-perf5000-004530-8e2eae89
zt-gateway  | [perf-request-in] ts_in=1777537102.370563 ts_out=1777537102.371586 gw_proc_ms=1.023 traceId=exp-perf5000-004526-edb58b0c
zt-gateway  | [perf-request-in] ts_in=1777537102.371363 ts_out=1777537102.372214 gw_proc_ms=0.851 traceId=exp-perf5000-004533-2cf8ed2d
zt-gateway  | [perf-request-in] ts_in=1777537102.371684 ts_out=1777537102.372413 gw_proc_ms=0.729 traceId=exp-perf5000-004528-9a6bad91
zt-gateway  | [perf-request-in] ts_in=1777537102.372248 ts_out=1777537102.372910 gw_proc_ms=0.662 traceId=exp-perf5000-004534-8ee56d9e
zt-gateway  | [perf-request-in] ts_in=1777537102.372453 ts_out=1777537102.373176 gw_proc_ms=0.723 traceId=exp-perf5000-004529-2e0ba7ed
zt-gateway  | [perf-request-in] ts_in=1777537102.373075 ts_out=1777537102.373867 gw_proc_ms=0.792 traceId=exp-perf5000-004535-b18de579
zt-gateway  | [perf-request-in] ts_in=1777537102.373285 ts_out=1777537102.374044 gw_proc_ms=0.759 traceId=exp-perf5000-004531-4f2194d3
zt-gateway  | [perf-request-in] ts_in=1777537102.373904 ts_out=1777537102.374690 gw_proc_ms=0.786 traceId=exp-perf5000-004536-ee5f8a8e
zt-gateway  | [perf-request-in] ts_in=1777537102.374121 ts_out=1777537102.374966 gw_proc_ms=0.845 traceId=exp-perf5000-004532-4e800b5a
zt-gateway  | [perf-request-in] ts_in=1777537102.374777 ts_out=1777537102.376136 gw_proc_ms=1.359 traceId=exp-perf5000-004537-9c2d0502
zt-gateway  | [perf-request-in] ts_in=1777537102.375132 ts_out=1777537102.376327 gw_proc_ms=1.195 traceId=exp-perf5000-004538-2674e1cc
zt-gateway  | [perf-request-in] ts_in=1777537102.376319 ts_out=1777537102.377102 gw_proc_ms=0.783 traceId=exp-perf5000-004540-76a16013
zt-gateway  | [perf-request-in] ts_in=1777537102.376609 ts_out=1777537102.377405 gw_proc_ms=0.796 traceId=exp-perf5000-004539-5bc1d85a
zt-gateway  | [perf-request-in] ts_in=1777537102.377141 ts_out=1777537102.377847 gw_proc_ms=0.706 traceId=exp-perf5000-004546-aa879d1a
zt-gateway  | [perf-request-in] ts_in=1777537102.377446 ts_out=1777537102.378207 gw_proc_ms=0.761 traceId=exp-perf5000-004541-e8f80931
zt-gateway  | [perf-request-in] ts_in=1777537102.377883 ts_out=1777537102.378688 gw_proc_ms=0.805 traceId=exp-perf5000-004548-96125a1b
zt-gateway  | [perf-request-in] ts_in=1777537102.378248 ts_out=1777537102.379227 gw_proc_ms=0.979 traceId=exp-perf5000-004542-ad543724
zt-gateway  | [perf-request-in] ts_in=1777537102.378742 ts_out=1777537102.379793 gw_proc_ms=1.051 traceId=exp-perf5000-004550-9e07cce6
zt-gateway  | [perf-request-in] ts_in=1777537102.379267 ts_out=1777537102.380105 gw_proc_ms=0.838 traceId=exp-perf5000-004543-56c7909f
zt-gateway  | [perf-request-in] ts_in=1777537102.379829 ts_out=1777537102.380684 gw_proc_ms=0.855 traceId=exp-perf5000-004552-5c0632bb
zt-gateway  | [perf-request-in] ts_in=1777537102.380202 ts_out=1777537102.381382 gw_proc_ms=1.180 traceId=exp-perf5000-004544-b3f9fce2
zt-gateway  | [perf-request-in] ts_in=1777537102.380718 ts_out=1777537102.381612 gw_proc_ms=0.894 traceId=exp-perf5000-004554-5ea67bac
zt-gateway  | [perf-request-in] ts_in=1777537102.381559 ts_out=1777537102.382244 gw_proc_ms=0.685 traceId=exp-perf5000-004545-3bb7dcee
zt-gateway  | [perf-request-in] ts_in=1777537102.381651 ts_out=1777537102.382361 gw_proc_ms=0.710 traceId=exp-perf5000-004556-c669d77a
zt-gateway  | [perf-request-in] ts_in=1777537102.382282 ts_out=1777537102.383004 gw_proc_ms=0.722 traceId=exp-perf5000-004547-750bb176
zt-gateway  | [perf-request-in] ts_in=1777537102.382534 ts_out=1777537102.383195 gw_proc_ms=0.661 traceId=exp-perf5000-004558-e6e3b21d
zt-gateway  | [perf-request-in] ts_in=1777537102.383039 ts_out=1777537102.383765 gw_proc_ms=0.726 traceId=exp-perf5000-004549-a101a3b2
zt-gateway  | [perf-request-in] ts_in=1777537102.383233 ts_out=1777537102.383908 gw_proc_ms=0.675 traceId=exp-perf5000-004560-556e520d
zt-gateway  | [perf-request-in] ts_in=1777537102.383802 ts_out=1777537102.384500 gw_proc_ms=0.698 traceId=exp-perf5000-004551-69a7e9e7
zt-gateway  | [perf-request-in] ts_in=1777537102.383957 ts_out=1777537102.384615 gw_proc_ms=0.658 traceId=exp-perf5000-004561-6baacba8
zt-gateway  | [perf-request-in] ts_in=1777537102.384535 ts_out=1777537102.385313 gw_proc_ms=0.778 traceId=exp-perf5000-004553-02696697
zt-gateway  | [perf-request-in] ts_in=1777537102.384658 ts_out=1777537102.385482 gw_proc_ms=0.824 traceId=exp-perf5000-004564-0be1cc49
zt-gateway  | [perf-request-in] ts_in=1777537102.385348 ts_out=1777537102.386064 gw_proc_ms=0.716 traceId=exp-perf5000-004555-f3980957
zt-gateway  | [perf-request-in] ts_in=1777537102.385516 ts_out=1777537102.386143 gw_proc_ms=0.627 traceId=exp-perf5000-004565-4f2311d2
zt-gateway  | [perf-request-in] ts_in=1777537102.386099 ts_out=1777537102.386862 gw_proc_ms=0.763 traceId=exp-perf5000-004557-c0c3190a
zt-gateway  | [perf-request-in] ts_in=1777537102.386277 ts_out=1777537102.386891 gw_proc_ms=0.614 traceId=exp-perf5000-004567-fccfabfe
zt-gateway  | [perf-request-in] ts_in=1777537102.386934 ts_out=1777537102.387625 gw_proc_ms=0.691 traceId=exp-perf5000-004569-c8e63999
zt-gateway  | [perf-request-in] ts_in=1777537102.386897 ts_out=1777537102.387844 gw_proc_ms=0.947 traceId=exp-perf5000-004559-72ad96db
zt-gateway  | [perf-request-in] ts_in=1777537102.387664 ts_out=1777537102.388481 gw_proc_ms=0.817 traceId=exp-perf5000-004570-3621131d
zt-gateway  | [perf-request-in] ts_in=1777537102.387898 ts_out=1777537102.388744 gw_proc_ms=0.846 traceId=exp-perf5000-004562-9b9b5da0
zt-gateway  | [perf-request-in] ts_in=1777537102.388516 ts_out=1777537102.389164 gw_proc_ms=0.648 traceId=exp-perf5000-004573-e7a16e6f
zt-gateway  | [perf-request-in] ts_in=1777537102.388903 ts_out=1777537102.389572 gw_proc_ms=0.669 traceId=exp-perf5000-004563-28f58436
zt-gateway  | [perf-request-in] ts_in=1777537102.389206 ts_out=1777537102.389887 gw_proc_ms=0.681 traceId=exp-perf5000-004574-05ce184a
zt-gateway  | [perf-request-in] ts_in=1777537102.389610 ts_out=1777537102.390383 gw_proc_ms=0.773 traceId=exp-perf5000-004566-8ef0f1f9
zt-gateway  | [perf-request-in] ts_in=1777537102.389938 ts_out=1777537102.390598 gw_proc_ms=0.660 traceId=exp-perf5000-004576-27b82f23
zt-gateway  | [perf-request-in] ts_in=1777537102.390423 ts_out=1777537102.391241 gw_proc_ms=0.818 traceId=exp-perf5000-004568-bdda1561
zt-gateway  | [perf-request-in] ts_in=1777537102.390633 ts_out=1777537102.391454 gw_proc_ms=0.821 traceId=exp-perf5000-004578-6ed1f1eb
zt-gateway  | [perf-request-in] ts_in=1777537102.391598 ts_out=1777537102.392267 gw_proc_ms=0.669 traceId=exp-perf5000-004580-94c5798b
zt-gateway  | [perf-request-in] ts_in=1777537102.391386 ts_out=1777537102.392486 gw_proc_ms=1.100 traceId=exp-perf5000-004571-9d74c7c4
zt-gateway  | [perf-request-in] ts_in=1777537102.392365 ts_out=1777537102.393148 gw_proc_ms=0.783 traceId=exp-perf5000-004581-97b977b4
zt-gateway  | [perf-request-in] ts_in=1777537102.392605 ts_out=1777537102.393602 gw_proc_ms=0.997 traceId=exp-perf5000-004572-e45a1c94
zt-gateway  | [perf-request-in] ts_in=1777537102.393248 ts_out=1777537102.394022 gw_proc_ms=0.774 traceId=exp-perf5000-004582-ea6b163e
zt-gateway  | [perf-request-in] ts_in=1777537102.393760 ts_out=1777537102.394691 gw_proc_ms=0.931 traceId=exp-perf5000-004575-7ad27b16
zt-gateway  | [perf-request-in] ts_in=1777537102.394141 ts_out=1777537102.394860 gw_proc_ms=0.719 traceId=exp-perf5000-004584-d5ba5517
zt-gateway  | [perf-request-in] ts_in=1777537102.395059 ts_out=1777537102.395695 gw_proc_ms=0.636 traceId=exp-perf5000-004585-72a6b097
zt-gateway  | [perf-request-in] ts_in=1777537102.395044 ts_out=1777537102.395944 gw_proc_ms=0.900 traceId=exp-perf5000-004577-272718b3
zt-gateway  | [perf-request-in] ts_in=1777537102.395770 ts_out=1777537102.396580 gw_proc_ms=0.810 traceId=exp-perf5000-004587-a9010543
zt-gateway  | [perf-request-in] ts_in=1777537102.396130 ts_out=1777537102.396922 gw_proc_ms=0.792 traceId=exp-perf5000-004579-8b235ad2
zt-gateway  | [perf-request-in] ts_in=1777537102.396617 ts_out=1777537102.397210 gw_proc_ms=0.593 traceId=exp-perf5000-004589-e7471c4a
zt-gateway  | [perf-request-in] ts_in=1777537102.396958 ts_out=1777537102.397620 gw_proc_ms=0.662 traceId=exp-perf5000-004583-eced3d8e
zt-gateway  | [perf-request-in] ts_in=1777537102.397238 ts_out=1777537102.397827 gw_proc_ms=0.589 traceId=exp-perf5000-004591-e3c0d7ae
zt-gateway  | [perf-request-in] ts_in=1777537102.397658 ts_out=1777537102.398344 gw_proc_ms=0.686 traceId=exp-perf5000-004586-c2c04a10
zt-gateway  | [perf-request-in] ts_in=1777537102.397860 ts_out=1777537102.398516 gw_proc_ms=0.656 traceId=exp-perf5000-004593-c771abfb
zt-gateway  | [perf-request-in] ts_in=1777537102.398377 ts_out=1777537102.400299 gw_proc_ms=1.922 traceId=exp-perf5000-004588-518c8770
zt-gateway  | [perf-request-in] ts_in=1777537102.398674 ts_out=1777537102.400307 gw_proc_ms=1.633 traceId=exp-perf5000-004596-85844d3a
zt-gateway  | [perf-request-in] ts_in=1777537102.400596 ts_out=1777537102.401547 gw_proc_ms=0.951 traceId=exp-perf5000-004590-94f8589a
zt-gateway  | [perf-request-in] ts_in=1777537102.400672 ts_out=1777537102.401969 gw_proc_ms=1.297 traceId=exp-perf5000-004598-1670966a
zt-gateway  | [perf-request-in] ts_in=1777537102.401601 ts_out=1777537102.402643 gw_proc_ms=1.042 traceId=exp-perf5000-004592-3e9f0b80
zt-gateway  | [perf-request-in] ts_in=1777537102.402017 ts_out=1777537102.403212 gw_proc_ms=1.195 traceId=exp-perf5000-004600-c2d07e67
zt-gateway  | [perf-request-in] ts_in=1777537102.402689 ts_out=1777537102.403687 gw_proc_ms=0.998 traceId=exp-perf5000-004594-0ba1a98f
zt-gateway  | [perf-request-in] ts_in=1777537102.403254 ts_out=1777537102.404245 gw_proc_ms=0.991 traceId=exp-perf5000-004602-c655a16b
zt-gateway  | [perf-request-in] ts_in=1777537102.403752 ts_out=1777537102.404790 gw_proc_ms=1.038 traceId=exp-perf5000-004595-9685b7b1
zt-gateway  | [perf-request-in] ts_in=1777537102.404291 ts_out=1777537102.405339 gw_proc_ms=1.048 traceId=exp-perf5000-004604-df8abbb7
zt-gateway  | [perf-request-in] ts_in=1777537102.404870 ts_out=1777537102.405869 gw_proc_ms=0.999 traceId=exp-perf5000-004597-eba399a0
zt-gateway  | [perf-request-in] ts_in=1777537102.405424 ts_out=1777537102.406483 gw_proc_ms=1.059 traceId=exp-perf5000-004605-74862a46
zt-gateway  | [perf-request-in] ts_in=1777537102.405922 ts_out=1777537102.407075 gw_proc_ms=1.153 traceId=exp-perf5000-004599-04a8dfd1
zt-gateway  | [perf-request-in] ts_in=1777537102.406527 ts_out=1777537102.407571 gw_proc_ms=1.044 traceId=exp-perf5000-004607-0e908d91
zt-gateway  | [perf-request-in] ts_in=1777537102.407135 ts_out=1777537102.408104 gw_proc_ms=0.969 traceId=exp-perf5000-004601-cd45399f
zt-gateway  | [perf-request-in] ts_in=1777537102.407754 ts_out=1777537102.408732 gw_proc_ms=0.978 traceId=exp-perf5000-004609-bb09174f
zt-gateway  | [perf-request-in] ts_in=1777537102.408158 ts_out=1777537102.409198 gw_proc_ms=1.040 traceId=exp-perf5000-004603-669160c5
zt-gateway  | [perf-request-in] ts_in=1777537102.408774 ts_out=1777537102.409969 gw_proc_ms=1.195 traceId=exp-perf5000-004611-85adb4da
zt-gateway  | [perf-request-in] ts_in=1777537102.409256 ts_out=1777537102.410139 gw_proc_ms=0.883 traceId=exp-perf5000-004606-d2fa6728
zt-gateway  | [perf-request-in] ts_in=1777537102.410023 ts_out=1777537102.410855 gw_proc_ms=0.832 traceId=exp-perf5000-004612-d05ac1e9
zt-gateway  | [perf-request-in] ts_in=1777537102.410191 ts_out=1777537102.411260 gw_proc_ms=1.069 traceId=exp-perf5000-004608-41e0874d
zt-gateway  | [perf-request-in] ts_in=1777537102.410954 ts_out=1777537102.411874 gw_proc_ms=0.920 traceId=exp-perf5000-004615-34ba501c
zt-gateway  | [perf-request-in] ts_in=1777537102.411427 ts_out=1777537102.412135 gw_proc_ms=0.708 traceId=exp-perf5000-004610-802f140c
zt-gateway  | [perf-request-in] ts_in=1777537102.411928 ts_out=1777537102.412721 gw_proc_ms=0.793 traceId=exp-perf5000-004618-cc934956
zt-gateway  | [perf-request-in] ts_in=1777537102.412178 ts_out=1777537102.413010 gw_proc_ms=0.832 traceId=exp-perf5000-004613-1f359dbb
zt-gateway  | [perf-request-in] ts_in=1777537102.412761 ts_out=1777537102.413606 gw_proc_ms=0.845 traceId=exp-perf5000-004619-4d1fc791
zt-gateway  | [perf-request-in] ts_in=1777537102.413049 ts_out=1777537102.413774 gw_proc_ms=0.725 traceId=exp-perf5000-004614-82fdd072
zt-gateway  | [perf-request-in] ts_in=1777537102.414010 ts_out=1777537102.415612 gw_proc_ms=1.602 traceId=exp-perf5000-004616-c1168db5
zt-gateway  | [perf-request-in] ts_in=1777537102.413641 ts_out=1777537102.415846 gw_proc_ms=2.205 traceId=exp-perf5000-004622-08683a64
zt-gateway  | [perf-request-in] ts_in=1777537102.416080 ts_out=1777537102.416851 gw_proc_ms=0.771 traceId=exp-perf5000-004617-210fa0a7
zt-gateway  | [perf-request-in] ts_in=1777537102.416086 ts_out=1777537102.417072 gw_proc_ms=0.986 traceId=exp-perf5000-004624-c43427ae
zt-gateway  | [perf-request-in] ts_in=1777537102.416904 ts_out=1777537102.417878 gw_proc_ms=0.974 traceId=exp-perf5000-004620-2772c461
zt-gateway  | [perf-request-in] ts_in=1777537102.417124 ts_out=1777537102.418866 gw_proc_ms=1.742 traceId=exp-perf5000-004626-c632d847
zt-gateway  | [perf-request-in] ts_in=1777537102.417923 ts_out=1777537102.419024 gw_proc_ms=1.101 traceId=exp-perf5000-004621-5f1c830d
zt-gateway  | [perf-request-in] ts_in=1777537102.419101 ts_out=1777537102.420416 gw_proc_ms=1.315 traceId=exp-perf5000-004623-7880330e
zt-gateway  | [perf-request-in] ts_in=1777537102.419060 ts_out=1777537102.420491 gw_proc_ms=1.431 traceId=exp-perf5000-004627-ddbc69f6
zt-gateway  | [perf-request-in] ts_in=1777537102.420483 ts_out=1777537102.421616 gw_proc_ms=1.133 traceId=exp-perf5000-004625-3c25e38b
zt-gateway  | [perf-request-in] ts_in=1777537102.420561 ts_out=1777537102.421698 gw_proc_ms=1.137 traceId=exp-perf5000-004629-a90ccbc3
zt-gateway  | [perf-request-in] ts_in=1777537102.422033 ts_out=1777537102.422833 gw_proc_ms=0.800 traceId=exp-perf5000-004631-7e144db5
zt-gateway  | [perf-request-in] ts_in=1777537102.421677 ts_out=1777537102.422999 gw_proc_ms=1.322 traceId=exp-perf5000-004628-b44512fa
zt-gateway  | [perf-request-in] ts_in=1777537102.422882 ts_out=1777537102.423725 gw_proc_ms=0.843 traceId=exp-perf5000-004633-eabb251d
zt-gateway  | [perf-request-in] ts_in=1777537102.423074 ts_out=1777537102.423900 gw_proc_ms=0.826 traceId=exp-perf5000-004630-236694a3
zt-gateway  | [perf-request-in] ts_in=1777537102.423968 ts_out=1777537102.424698 gw_proc_ms=0.730 traceId=exp-perf5000-004632-dcdf54c5
zt-gateway  | [perf-request-in] ts_in=1777537102.423772 ts_out=1777537102.424725 gw_proc_ms=0.953 traceId=exp-perf5000-004635-a4c00033
zt-gateway  | [perf-request-in] ts_in=1777537102.424801 ts_out=1777537102.425798 gw_proc_ms=0.997 traceId=exp-perf5000-004634-4296b77b
zt-gateway  | [perf-request-in] ts_in=1777537102.424874 ts_out=1777537102.425817 gw_proc_ms=0.943 traceId=exp-perf5000-004637-5889d068
zt-gateway  | [perf-request-in] ts_in=1777537102.425860 ts_out=1777537102.426591 gw_proc_ms=0.731 traceId=exp-perf5000-004636-0d081f4a
zt-gateway  | [perf-request-in] ts_in=1777537102.425853 ts_out=1777537102.426878 gw_proc_ms=1.025 traceId=exp-perf5000-004639-150d93e1
zt-gateway  | [perf-request-in] ts_in=1777537102.426652 ts_out=1777537102.428012 gw_proc_ms=1.360 traceId=exp-perf5000-004638-ff46e119
zt-gateway  | [perf-request-in] ts_in=1777537102.427011 ts_out=1777537102.428017 gw_proc_ms=1.006 traceId=exp-perf5000-004641-7ab8f479
zt-gateway  | [perf-request-in] ts_in=1777537102.428054 ts_out=1777537102.428803 gw_proc_ms=0.749 traceId=exp-perf5000-004643-8df9fffb
zt-gateway  | [perf-request-in] ts_in=1777537102.428071 ts_out=1777537102.428927 gw_proc_ms=0.856 traceId=exp-perf5000-004640-45ea97e3
zt-gateway  | [perf-request-in] ts_in=1777537102.428870 ts_out=1777537102.429734 gw_proc_ms=0.864 traceId=exp-perf5000-004645-0a839e80
zt-gateway  | [perf-request-in] ts_in=1777537102.428982 ts_out=1777537102.430047 gw_proc_ms=1.065 traceId=exp-perf5000-004642-703dcd1f
zt-gateway  | [perf-request-in] ts_in=1777537102.429800 ts_out=1777537102.430886 gw_proc_ms=1.086 traceId=exp-perf5000-004647-8907343d
zt-gateway  | [perf-request-in] ts_in=1777537102.430157 ts_out=1777537102.430948 gw_proc_ms=0.791 traceId=exp-perf5000-004644-294dcf9d
zt-gateway  | [perf-request-in] ts_in=1777537102.430985 ts_out=1777537102.431801 gw_proc_ms=0.816 traceId=exp-perf5000-004646-c5c9f9d0
zt-gateway  | [perf-request-in] ts_in=1777537102.430973 ts_out=1777537102.432385 gw_proc_ms=1.412 traceId=exp-perf5000-004649-d24f95f4
zt-gateway  | [perf-request-in] ts_in=1777537102.432532 ts_out=1777537102.433616 gw_proc_ms=1.084 traceId=exp-perf5000-004651-35ca5a6f
zt-gateway  | [perf-request-in] ts_in=1777537102.431851 ts_out=1777537102.434278 gw_proc_ms=2.427 traceId=exp-perf5000-004648-2f0290b4
zt-gateway  | [perf-request-in] ts_in=1777537102.433685 ts_out=1777537102.434429 gw_proc_ms=0.744 traceId=exp-perf5000-004653-aae24cb5
zt-gateway  | [perf-request-in] ts_in=1777537102.434330 ts_out=1777537102.435025 gw_proc_ms=0.695 traceId=exp-perf5000-004650-db8ef555
zt-gateway  | [perf-request-in] ts_in=1777537102.434497 ts_out=1777537102.435189 gw_proc_ms=0.692 traceId=exp-perf5000-004655-a546531f
zt-gateway  | [perf-request-in] ts_in=1777537102.435067 ts_out=1777537102.435799 gw_proc_ms=0.732 traceId=exp-perf5000-004652-d05dcdca
zt-gateway  | [perf-request-in] ts_in=1777537102.435236 ts_out=1777537102.435976 gw_proc_ms=0.740 traceId=exp-perf5000-004657-25cb4ddf
zt-gateway  | [perf-request-in] ts_in=1777537102.435832 ts_out=1777537102.436468 gw_proc_ms=0.636 traceId=exp-perf5000-004654-2d6c2ff2
zt-gateway  | [perf-request-in] ts_in=1777537102.436016 ts_out=1777537102.436633 gw_proc_ms=0.617 traceId=exp-perf5000-004659-1d347fc8
zt-gateway  | [perf-request-in] ts_in=1777537102.436502 ts_out=1777537102.437158 gw_proc_ms=0.656 traceId=exp-perf5000-004656-35403c6b
zt-gateway  | [perf-request-in] ts_in=1777537102.436671 ts_out=1777537102.437286 gw_proc_ms=0.615 traceId=exp-perf5000-004661-42cd00ea
zt-gateway  | [perf-request-in] ts_in=1777537102.437190 ts_out=1777537102.437827 gw_proc_ms=0.637 traceId=exp-perf5000-004658-4fe2b35d
zt-gateway  | [perf-request-in] ts_in=1777537102.437323 ts_out=1777537102.437927 gw_proc_ms=0.604 traceId=exp-perf5000-004663-67a15bf7
zt-gateway  | [perf-request-in] ts_in=1777537102.437860 ts_out=1777537102.438526 gw_proc_ms=0.666 traceId=exp-perf5000-004660-01e6f92b
zt-gateway  | [perf-request-in] ts_in=1777537102.438559 ts_out=1777537102.439264 gw_proc_ms=0.705 traceId=exp-perf5000-004662-75b63dbb
zt-gateway  | [perf-request-in] ts_in=1777537102.439301 ts_out=1777537102.440395 gw_proc_ms=1.094 traceId=exp-perf5000-004665-e5c3ca3c
zt-gateway  | [perf-request-in] ts_in=1777537102.437959 ts_out=1777537102.440600 gw_proc_ms=2.641 traceId=exp-perf5000-004664-c5c2664e
zt-gateway  | [perf-request-in] ts_in=1777537102.440450 ts_out=1777537102.441284 gw_proc_ms=0.834 traceId=exp-perf5000-004667-51d0d224
zt-gateway  | [perf-request-in] ts_in=1777537102.441331 ts_out=1777537102.442023 gw_proc_ms=0.692 traceId=exp-perf5000-004669-7fdbb319
zt-gateway  | [perf-request-in] ts_in=1777537102.442062 ts_out=1777537102.442760 gw_proc_ms=0.698 traceId=exp-perf5000-004671-3ac920b0
zt-gateway  | [perf-request-in] ts_in=1777537102.442815 ts_out=1777537102.443507 gw_proc_ms=0.692 traceId=exp-perf5000-004673-69b6ce38
zt-gateway  | [perf-request-in] ts_in=1777537102.441010 ts_out=1777537102.444100 gw_proc_ms=3.090 traceId=exp-perf5000-004666-349e78cf
zt-gateway  | [perf-request-in] ts_in=1777537102.443537 ts_out=1777537102.444762 gw_proc_ms=1.225 traceId=exp-perf5000-004676-10434fd8
zt-gateway  | [perf-request-in] ts_in=1777537102.444176 ts_out=1777537102.445197 gw_proc_ms=1.021 traceId=exp-perf5000-004668-7d328ab8
zt-gateway  | [perf-request-in] ts_in=1777537102.444821 ts_out=1777537102.445496 gw_proc_ms=0.675 traceId=exp-perf5000-004678-985a6b1e
zt-gateway  | [perf-request-in] ts_in=1777537102.445239 ts_out=1777537102.446003 gw_proc_ms=0.764 traceId=exp-perf5000-004670-65b1cfc0
zt-gateway  | [perf-request-in] ts_in=1777537102.445535 ts_out=1777537102.446243 gw_proc_ms=0.708 traceId=exp-perf5000-004680-29ce7ddb
zt-gateway  | [perf-request-in] ts_in=1777537102.446048 ts_out=1777537102.446695 gw_proc_ms=0.647 traceId=exp-perf5000-004672-0293e9d8
zt-gateway  | [perf-request-in] ts_in=1777537102.446283 ts_out=1777537102.446960 gw_proc_ms=0.677 traceId=exp-perf5000-004683-5fb74071
zt-gateway  | [perf-request-in] ts_in=1777537102.446738 ts_out=1777537102.447491 gw_proc_ms=0.753 traceId=exp-perf5000-004674-c3bac644
zt-gateway  | [perf-request-in] ts_in=1777537102.446987 ts_out=1777537102.447622 gw_proc_ms=0.635 traceId=exp-perf5000-004685-fdb6418f
zt-gateway  | [perf-request-in] ts_in=1777537102.447535 ts_out=1777537102.448163 gw_proc_ms=0.628 traceId=exp-perf5000-004675-753084b4
zt-gateway  | [perf-request-in] ts_in=1777537102.447664 ts_out=1777537102.448315 gw_proc_ms=0.651 traceId=exp-perf5000-004687-809a7d67
zt-gateway  | [perf-request-in] ts_in=1777537102.448208 ts_out=1777537102.448921 gw_proc_ms=0.713 traceId=exp-perf5000-004677-d468e762
zt-gateway  | [perf-request-in] ts_in=1777537102.448356 ts_out=1777537102.448993 gw_proc_ms=0.637 traceId=exp-perf5000-004689-3f81792b
zt-gateway  | [perf-request-in] ts_in=1777537102.449033 ts_out=1777537102.449626 gw_proc_ms=0.593 traceId=exp-perf5000-004691-0191444d
zt-gateway  | [perf-request-in] ts_in=1777537102.448981 ts_out=1777537102.449666 gw_proc_ms=0.685 traceId=exp-perf5000-004679-22ab1f84
zt-gateway  | [perf-request-in] ts_in=1777537102.449663 ts_out=1777537102.450282 gw_proc_ms=0.619 traceId=exp-perf5000-004693-ab3a51ea
zt-gateway  | [perf-request-in] ts_in=1777537102.449719 ts_out=1777537102.450383 gw_proc_ms=0.664 traceId=exp-perf5000-004681-7528b65f
zt-gateway  | [perf-request-in] ts_in=1777537102.450314 ts_out=1777537102.450982 gw_proc_ms=0.668 traceId=exp-perf5000-004695-5bce0c7d
zt-gateway  | [perf-request-in] ts_in=1777537102.450435 ts_out=1777537102.451156 gw_proc_ms=0.721 traceId=exp-perf5000-004682-f41d3e48
zt-gateway  | [perf-request-in] ts_in=1777537102.451020 ts_out=1777537102.451622 gw_proc_ms=0.602 traceId=exp-perf5000-004697-2cfc7005
zt-gateway  | [perf-request-in] ts_in=1777537102.451206 ts_out=1777537102.451866 gw_proc_ms=0.660 traceId=exp-perf5000-004684-87609af3
zt-gateway  | [perf-request-in] ts_in=1777537102.451658 ts_out=1777537102.452275 gw_proc_ms=0.617 traceId=exp-perf5000-004699-6680d2ba
zt-gateway  | [perf-request-in] ts_in=1777537102.451916 ts_out=1777537102.452571 gw_proc_ms=0.655 traceId=exp-perf5000-004686-ad99d119
zt-gateway  | [perf-request-in] ts_in=1777537102.452314 ts_out=1777537102.452935 gw_proc_ms=0.621 traceId=exp-perf5000-004701-e57f8f31
zt-gateway  | [perf-request-in] ts_in=1777537102.452611 ts_out=1777537102.453275 gw_proc_ms=0.664 traceId=exp-perf5000-004688-d4366023
zt-gateway  | [perf-request-in] ts_in=1777537102.452972 ts_out=1777537102.453581 gw_proc_ms=0.609 traceId=exp-perf5000-004703-953060bc
zt-gateway  | [perf-request-in] ts_in=1777537102.453323 ts_out=1777537102.453988 gw_proc_ms=0.665 traceId=exp-perf5000-004690-3aacd009
zt-gateway  | [perf-request-in] ts_in=1777537102.453711 ts_out=1777537102.454369 gw_proc_ms=0.658 traceId=exp-perf5000-004705-bccba816
zt-gateway  | [perf-request-in] ts_in=1777537102.454029 ts_out=1777537102.454670 gw_proc_ms=0.641 traceId=exp-perf5000-004692-d6c8b4ea
zt-gateway  | [perf-request-in] ts_in=1777537102.454410 ts_out=1777537102.455059 gw_proc_ms=0.649 traceId=exp-perf5000-004707-0f53637f
zt-gateway  | [perf-request-in] ts_in=1777537102.454715 ts_out=1777537102.455375 gw_proc_ms=0.660 traceId=exp-perf5000-004694-4f5faf43
zt-gateway  | [perf-request-in] ts_in=1777537102.455095 ts_out=1777537102.455720 gw_proc_ms=0.625 traceId=exp-perf5000-004709-ac5100d9
zt-gateway  | [perf-request-in] ts_in=1777537102.455412 ts_out=1777537102.456071 gw_proc_ms=0.659 traceId=exp-perf5000-004696-5076f772
zt-gateway  | [perf-request-in] ts_in=1777537102.455759 ts_out=1777537102.456402 gw_proc_ms=0.643 traceId=exp-perf5000-004711-e2b99047
zt-gateway  | [perf-request-in] ts_in=1777537102.456119 ts_out=1777537102.456746 gw_proc_ms=0.627 traceId=exp-perf5000-004698-c0f2fa10
zt-gateway  | [perf-request-in] ts_in=1777537102.456436 ts_out=1777537102.457070 gw_proc_ms=0.634 traceId=exp-perf5000-004713-d36eb96a
zt-gateway  | [perf-request-in] ts_in=1777537102.456797 ts_out=1777537102.457452 gw_proc_ms=0.655 traceId=exp-perf5000-004700-40e4c1a3
zt-gateway  | [perf-request-in] ts_in=1777537102.457107 ts_out=1777537102.457742 gw_proc_ms=0.635 traceId=exp-perf5000-004715-0aa52721
zt-gateway  | [perf-request-in] ts_in=1777537102.457496 ts_out=1777537102.458164 gw_proc_ms=0.668 traceId=exp-perf5000-004702-eb2cf8ed
zt-gateway  | [perf-request-in] ts_in=1777537102.457788 ts_out=1777537102.458409 gw_proc_ms=0.621 traceId=exp-perf5000-004717-044e1273
zt-gateway  | [perf-request-in] ts_in=1777537102.458202 ts_out=1777537102.458837 gw_proc_ms=0.635 traceId=exp-perf5000-004704-6cf675ba
zt-gateway  | [perf-request-in] ts_in=1777537102.458440 ts_out=1777537102.459088 gw_proc_ms=0.648 traceId=exp-perf5000-004719-d1fbf8ae
zt-gateway  | [perf-request-in] ts_in=1777537102.458873 ts_out=1777537102.459506 gw_proc_ms=0.633 traceId=exp-perf5000-004706-0b891ba7
zt-gateway  | [perf-request-in] ts_in=1777537102.459125 ts_out=1777537102.459731 gw_proc_ms=0.606 traceId=exp-perf5000-004720-1a929802
zt-gateway  | [perf-request-in] ts_in=1777537102.459545 ts_out=1777537102.460202 gw_proc_ms=0.657 traceId=exp-perf5000-004708-13d25813
zt-gateway  | [perf-request-in] ts_in=1777537102.459761 ts_out=1777537102.460403 gw_proc_ms=0.642 traceId=exp-perf5000-004722-2ca26b2c
zt-gateway  | [perf-request-in] ts_in=1777537102.460246 ts_out=1777537102.460893 gw_proc_ms=0.647 traceId=exp-perf5000-004710-01977ea2
zt-gateway  | [perf-request-in] ts_in=1777537102.460431 ts_out=1777537102.461074 gw_proc_ms=0.643 traceId=exp-perf5000-004724-2f858794
zt-gateway  | [perf-request-in] ts_in=1777537102.460938 ts_out=1777537102.461582 gw_proc_ms=0.644 traceId=exp-perf5000-004712-d04736f0
zt-gateway  | [perf-request-in] ts_in=1777537102.461106 ts_out=1777537102.461728 gw_proc_ms=0.622 traceId=exp-perf5000-004725-87779b0a
zt-gateway  | [perf-request-in] ts_in=1777537102.461623 ts_out=1777537102.462287 gw_proc_ms=0.664 traceId=exp-perf5000-004714-cfd9f492
zt-gateway  | [perf-request-in] ts_in=1777537102.461775 ts_out=1777537102.462413 gw_proc_ms=0.638 traceId=exp-perf5000-004727-3ccb80bd
zt-gateway  | [perf-request-in] ts_in=1777537102.462332 ts_out=1777537102.462966 gw_proc_ms=0.634 traceId=exp-perf5000-004716-89c468c6
zt-gateway  | [perf-request-in] ts_in=1777537102.462450 ts_out=1777537102.463092 gw_proc_ms=0.642 traceId=exp-perf5000-004730-d4d66ab3
zt-gateway  | [perf-request-in] ts_in=1777537102.463015 ts_out=1777537102.463648 gw_proc_ms=0.633 traceId=exp-perf5000-004718-deaa7a3d
zt-gateway  | [perf-request-in] ts_in=1777537102.463128 ts_out=1777537102.463710 gw_proc_ms=0.582 traceId=exp-perf5000-004732-3d5bb377
zt-gateway  | [perf-request-in] ts_in=1777537102.463689 ts_out=1777537102.464333 gw_proc_ms=0.644 traceId=exp-perf5000-004721-69eb656b
zt-gateway  | [perf-request-in] ts_in=1777537102.463745 ts_out=1777537102.464349 gw_proc_ms=0.604 traceId=exp-perf5000-004733-b1d22613
zt-gateway  | [perf-request-in] ts_in=1777537102.464377 ts_out=1777537102.464993 gw_proc_ms=0.616 traceId=exp-perf5000-004735-d2001a63
zt-gateway  | [perf-request-in] ts_in=1777537102.464371 ts_out=1777537102.465021 gw_proc_ms=0.650 traceId=exp-perf5000-004723-100e5119
zt-gateway  | [perf-request-in] ts_in=1777537102.465028 ts_out=1777537102.465625 gw_proc_ms=0.597 traceId=exp-perf5000-004737-6352897e
zt-gateway  | [perf-request-in] ts_in=1777537102.465050 ts_out=1777537102.465638 gw_proc_ms=0.588 traceId=exp-perf5000-004726-7828a5cf
zt-gateway  | [perf-request-in] ts_in=1777537102.465661 ts_out=1777537102.466268 gw_proc_ms=0.607 traceId=exp-perf5000-004739-a97fb517
zt-gateway  | [perf-request-in] ts_in=1777537102.465674 ts_out=1777537102.466306 gw_proc_ms=0.632 traceId=exp-perf5000-004728-7f834ab9
zt-gateway  | [perf-request-in] ts_in=1777537102.466305 ts_out=1777537102.466902 gw_proc_ms=0.597 traceId=exp-perf5000-004742-f2733ac4
zt-gateway  | [perf-request-in] ts_in=1777537102.466339 ts_out=1777537102.466968 gw_proc_ms=0.629 traceId=exp-perf5000-004729-a91f8280
zt-gateway  | [perf-request-in] ts_in=1777537102.466937 ts_out=1777537102.467554 gw_proc_ms=0.617 traceId=exp-perf5000-004744-29129a32
zt-gateway  | [perf-request-in] ts_in=1777537102.467004 ts_out=1777537102.467636 gw_proc_ms=0.632 traceId=exp-perf5000-004731-b1cb9a10
zt-gateway  | [perf-request-in] ts_in=1777537102.467594 ts_out=1777537102.468240 gw_proc_ms=0.646 traceId=exp-perf5000-004745-131794fe
zt-gateway  | [perf-request-in] ts_in=1777537102.467678 ts_out=1777537102.468329 gw_proc_ms=0.651 traceId=exp-perf5000-004734-066450b2
zt-gateway  | [perf-request-in] ts_in=1777537102.468276 ts_out=1777537102.468905 gw_proc_ms=0.629 traceId=exp-perf5000-004747-5b319813
zt-gateway  | [perf-request-in] ts_in=1777537102.468370 ts_out=1777537102.469001 gw_proc_ms=0.631 traceId=exp-perf5000-004736-a578d4c6
zt-gateway  | [perf-request-in] ts_in=1777537102.468944 ts_out=1777537102.469595 gw_proc_ms=0.651 traceId=exp-perf5000-004750-ca544e82
zt-gateway  | [perf-request-in] ts_in=1777537102.469046 ts_out=1777537102.469828 gw_proc_ms=0.782 traceId=exp-perf5000-004738-2adc83b0
zt-gateway  | [perf-request-in] ts_in=1777537102.469632 ts_out=1777537102.470249 gw_proc_ms=0.617 traceId=exp-perf5000-004757-30992e3d
zt-gateway  | [perf-request-in] ts_in=1777537102.469882 ts_out=1777537102.470524 gw_proc_ms=0.642 traceId=exp-perf5000-004740-3cfb1e24
zt-gateway  | [perf-request-in] ts_in=1777537102.470284 ts_out=1777537102.470906 gw_proc_ms=0.622 traceId=exp-perf5000-004758-adbbe395
zt-gateway  | [perf-request-in] ts_in=1777537102.470566 ts_out=1777537102.471200 gw_proc_ms=0.634 traceId=exp-perf5000-004741-44beb097
zt-gateway  | [perf-request-in] ts_in=1777537102.470941 ts_out=1777537102.471543 gw_proc_ms=0.602 traceId=exp-perf5000-004759-30376f7d
zt-gateway  | [perf-request-in] ts_in=1777537102.471240 ts_out=1777537102.471873 gw_proc_ms=0.633 traceId=exp-perf5000-004743-00a92bc2
zt-gateway  | [perf-request-in] ts_in=1777537102.471577 ts_out=1777537102.472228 gw_proc_ms=0.651 traceId=exp-perf5000-004760-b60f5c05
zt-gateway  | [perf-request-in] ts_in=1777537102.471912 ts_out=1777537102.472543 gw_proc_ms=0.631 traceId=exp-perf5000-004746-5f47d594
zt-gateway  | [perf-request-in] ts_in=1777537102.472262 ts_out=1777537102.472889 gw_proc_ms=0.627 traceId=exp-perf5000-004761-08e62781
zt-gateway  | [perf-request-in] ts_in=1777537102.472588 ts_out=1777537102.473235 gw_proc_ms=0.647 traceId=exp-perf5000-004748-62e2f5db
zt-gateway  | [perf-request-in] ts_in=1777537102.472926 ts_out=1777537102.473566 gw_proc_ms=0.640 traceId=exp-perf5000-004762-ec68badc
zt-gateway  | [perf-request-in] ts_in=1777537102.473277 ts_out=1777537102.473919 gw_proc_ms=0.642 traceId=exp-perf5000-004749-c82fcf6d
zt-gateway  | [perf-request-in] ts_in=1777537102.473604 ts_out=1777537102.474206 gw_proc_ms=0.602 traceId=exp-perf5000-004763-c7f9afe0
zt-gateway  | [perf-request-in] ts_in=1777537102.473956 ts_out=1777537102.474573 gw_proc_ms=0.617 traceId=exp-perf5000-004751-166c7485
zt-gateway  | [perf-request-in] ts_in=1777537102.474239 ts_out=1777537102.474819 gw_proc_ms=0.580 traceId=exp-perf5000-004764-9e83808a
zt-gateway  | [perf-request-in] ts_in=1777537102.474605 ts_out=1777537102.475208 gw_proc_ms=0.603 traceId=exp-perf5000-004752-5b032c70
zt-gateway  | [perf-request-in] ts_in=1777537102.474853 ts_out=1777537102.475469 gw_proc_ms=0.616 traceId=exp-perf5000-004766-0df7f103
zt-gateway  | [perf-request-in] ts_in=1777537102.475241 ts_out=1777537102.475838 gw_proc_ms=0.597 traceId=exp-perf5000-004753-5eefbff3
zt-gateway  | [perf-request-in] ts_in=1777537102.475501 ts_out=1777537102.476111 gw_proc_ms=0.610 traceId=exp-perf5000-004767-d0d2b72e
zt-gateway  | [perf-request-in] ts_in=1777537102.475869 ts_out=1777537102.476491 gw_proc_ms=0.622 traceId=exp-perf5000-004754-f9e92627
zt-gateway  | [perf-request-in] ts_in=1777537102.476143 ts_out=1777537102.476747 gw_proc_ms=0.604 traceId=exp-perf5000-004768-be63e191
zt-gateway  | [perf-request-in] ts_in=1777537102.476524 ts_out=1777537102.477156 gw_proc_ms=0.632 traceId=exp-perf5000-004755-fa68c8c2
zt-gateway  | [perf-request-in] ts_in=1777537102.476792 ts_out=1777537102.477384 gw_proc_ms=0.592 traceId=exp-perf5000-004769-a2ee9465
zt-gateway  | [perf-request-in] ts_in=1777537102.477188 ts_out=1777537102.477850 gw_proc_ms=0.662 traceId=exp-perf5000-004756-0c4d847e
zt-gateway  | [perf-request-in] ts_in=1777537102.477415 ts_out=1777537102.478044 gw_proc_ms=0.629 traceId=exp-perf5000-004771-2c61cdc4
zt-gateway  | [perf-request-in] ts_in=1777537102.477892 ts_out=1777537102.478637 gw_proc_ms=0.745 traceId=exp-perf5000-004765-5dde286c
zt-gateway  | [perf-request-in] ts_in=1777537102.478084 ts_out=1777537102.478795 gw_proc_ms=0.711 traceId=exp-perf5000-004773-80b6b15b
zt-gateway  | [perf-request-in] ts_in=1777537102.478678 ts_out=1777537102.479418 gw_proc_ms=0.740 traceId=exp-perf5000-004770-027e5ccc
zt-gateway  | [perf-request-in] ts_in=1777537102.478828 ts_out=1777537102.479518 gw_proc_ms=0.690 traceId=exp-perf5000-004775-be2369cf
zt-gateway  | [perf-request-in] ts_in=1777537102.479458 ts_out=1777537102.480104 gw_proc_ms=0.646 traceId=exp-perf5000-004772-acb8799c
zt-gateway  | [perf-request-in] ts_in=1777537102.479544 ts_out=1777537102.480138 gw_proc_ms=0.594 traceId=exp-perf5000-004777-2e53c093
zt-gateway  | [perf-request-in] ts_in=1777537102.480141 ts_out=1777537102.480741 gw_proc_ms=0.600 traceId=exp-perf5000-004774-38ede4d1
zt-gateway  | [perf-request-in] ts_in=1777537102.480161 ts_out=1777537102.480749 gw_proc_ms=0.588 traceId=exp-perf5000-004779-9e99b069
zt-gateway  | [perf-request-in] ts_in=1777537102.480774 ts_out=1777537102.481356 gw_proc_ms=0.582 traceId=exp-perf5000-004781-20f87e36
zt-gateway  | [perf-request-in] ts_in=1777537102.480775 ts_out=1777537102.481382 gw_proc_ms=0.607 traceId=exp-perf5000-004776-e723e99f
zt-gateway  | [perf-request-in] ts_in=1777537102.481384 ts_out=1777537102.482125 gw_proc_ms=0.741 traceId=exp-perf5000-004783-3ebcd8d4
zt-gateway  | [perf-request-in] ts_in=1777537102.481415 ts_out=1777537102.482182 gw_proc_ms=0.767 traceId=exp-perf5000-004778-0c08d378
zt-gateway  | [perf-request-in] ts_in=1777537102.482165 ts_out=1777537102.482917 gw_proc_ms=0.752 traceId=exp-perf5000-004784-d7199a41
zt-gateway  | [perf-request-in] ts_in=1777537102.482220 ts_out=1777537102.483045 gw_proc_ms=0.825 traceId=exp-perf5000-004780-3d8edd85
zt-gateway  | [perf-request-in] ts_in=1777537102.482952 ts_out=1777537102.483749 gw_proc_ms=0.797 traceId=exp-perf5000-004786-ea5d80c7
zt-gateway  | [perf-request-in] ts_in=1777537102.483100 ts_out=1777537102.483944 gw_proc_ms=0.844 traceId=exp-perf5000-004782-886f6982
zt-gateway  | [perf-request-in] ts_in=1777537102.483792 ts_out=1777537102.484432 gw_proc_ms=0.640 traceId=exp-perf5000-004788-46bdadb6
zt-gateway  | [perf-request-in] ts_in=1777537102.483987 ts_out=1777537102.484630 gw_proc_ms=0.643 traceId=exp-perf5000-004785-a1344bda
zt-gateway  | [perf-request-in] ts_in=1777537102.484456 ts_out=1777537102.485084 gw_proc_ms=0.628 traceId=exp-perf5000-004790-13b0fe12
zt-gateway  | [perf-request-in] ts_in=1777537102.484670 ts_out=1777537102.485324 gw_proc_ms=0.654 traceId=exp-perf5000-004787-a52e01a7
zt-gateway  | [perf-request-in] ts_in=1777537102.485109 ts_out=1777537102.485699 gw_proc_ms=0.590 traceId=exp-perf5000-004792-f82c385b
zt-gateway  | [perf-request-in] ts_in=1777537102.485355 ts_out=1777537102.486005 gw_proc_ms=0.650 traceId=exp-perf5000-004789-886fd9c8
zt-gateway  | [perf-request-in] ts_in=1777537102.485730 ts_out=1777537102.486398 gw_proc_ms=0.668 traceId=exp-perf5000-004794-5bcc5aef
zt-gateway  | [perf-request-in] ts_in=1777537102.486047 ts_out=1777537102.486724 gw_proc_ms=0.677 traceId=exp-perf5000-004791-98f7bddc
zt-gateway  | [perf-request-in] ts_in=1777537102.486429 ts_out=1777537102.487072 gw_proc_ms=0.643 traceId=exp-perf5000-004796-f2d9c1c8
zt-gateway  | [perf-request-in] ts_in=1777537102.486764 ts_out=1777537102.487468 gw_proc_ms=0.704 traceId=exp-perf5000-004793-3d6922c0
zt-gateway  | [perf-request-in] ts_in=1777537102.487101 ts_out=1777537102.487737 gw_proc_ms=0.636 traceId=exp-perf5000-004798-1144bcd5
zt-gateway  | [perf-request-in] ts_in=1777537102.487511 ts_out=1777537102.488179 gw_proc_ms=0.668 traceId=exp-perf5000-004795-d9b28968
zt-gateway  | [perf-request-in] ts_in=1777537102.487771 ts_out=1777537102.488415 gw_proc_ms=0.644 traceId=exp-perf5000-004800-8725882d
zt-gateway  | [perf-request-in] ts_in=1777537102.488218 ts_out=1777537102.488883 gw_proc_ms=0.665 traceId=exp-perf5000-004797-ec13d2f3
zt-gateway  | [perf-request-in] ts_in=1777537102.488450 ts_out=1777537102.489116 gw_proc_ms=0.666 traceId=exp-perf5000-004802-b04ba79e
zt-gateway  | [perf-request-in] ts_in=1777537102.488917 ts_out=1777537102.489561 gw_proc_ms=0.644 traceId=exp-perf5000-004799-6aadda48
zt-gateway  | [perf-request-in] ts_in=1777537102.489149 ts_out=1777537102.489791 gw_proc_ms=0.642 traceId=exp-perf5000-004804-a27b896e
zt-gateway  | [perf-request-in] ts_in=1777537102.489605 ts_out=1777537102.490285 gw_proc_ms=0.680 traceId=exp-perf5000-004801-e5d30bed
zt-gateway  | [perf-request-in] ts_in=1777537102.489828 ts_out=1777537102.490454 gw_proc_ms=0.626 traceId=exp-perf5000-004806-6d81a8e9
zt-gateway  | [perf-request-in] ts_in=1777537102.490320 ts_out=1777537102.491020 gw_proc_ms=0.700 traceId=exp-perf5000-004803-4d0878d5
zt-gateway  | [perf-request-in] ts_in=1777537102.490487 ts_out=1777537102.491147 gw_proc_ms=0.660 traceId=exp-perf5000-004808-56ac2829
zt-gateway  | [perf-request-in] ts_in=1777537102.491052 ts_out=1777537102.491690 gw_proc_ms=0.638 traceId=exp-perf5000-004805-1dfa821a
zt-gateway  | [perf-request-in] ts_in=1777537102.491180 ts_out=1777537102.491837 gw_proc_ms=0.657 traceId=exp-perf5000-004810-3278f166
zt-gateway  | [perf-request-in] ts_in=1777537102.491724 ts_out=1777537102.492381 gw_proc_ms=0.657 traceId=exp-perf5000-004807-7b1bb965
zt-gateway  | [perf-request-in] ts_in=1777537102.491866 ts_out=1777537102.492507 gw_proc_ms=0.641 traceId=exp-perf5000-004812-6cc32e9e
zt-gateway  | [perf-request-in] ts_in=1777537102.492419 ts_out=1777537102.493078 gw_proc_ms=0.659 traceId=exp-perf5000-004809-b87696b8
zt-gateway  | [perf-request-in] ts_in=1777537102.492536 ts_out=1777537102.493391 gw_proc_ms=0.855 traceId=exp-perf5000-004814-9b1771e8
zt-gateway  | [perf-request-in] ts_in=1777537102.493116 ts_out=1777537102.493764 gw_proc_ms=0.648 traceId=exp-perf5000-004811-c6af162c
zt-gateway  | [perf-request-in] ts_in=1777537102.493431 ts_out=1777537102.494121 gw_proc_ms=0.690 traceId=exp-perf5000-004816-e31dc33e
zt-gateway  | [perf-request-in] ts_in=1777537102.493819 ts_out=1777537102.494492 gw_proc_ms=0.673 traceId=exp-perf5000-004813-5459090b
zt-gateway  | [perf-request-in] ts_in=1777537102.494157 ts_out=1777537102.494798 gw_proc_ms=0.641 traceId=exp-perf5000-004818-53582ac7
zt-gateway  | [perf-request-in] ts_in=1777537102.494525 ts_out=1777537102.495190 gw_proc_ms=0.665 traceId=exp-perf5000-004815-79128c0e
zt-gateway  | [perf-request-in] ts_in=1777537102.494832 ts_out=1777537102.495504 gw_proc_ms=0.672 traceId=exp-perf5000-004820-1ff4f2ec
zt-gateway  | [perf-request-in] ts_in=1777537102.495531 ts_out=1777537102.496180 gw_proc_ms=0.649 traceId=exp-perf5000-004822-dc92db83
zt-gateway  | [perf-request-in] ts_in=1777537102.495221 ts_out=1777537102.496742 gw_proc_ms=1.521 traceId=exp-perf5000-004817-01c49554
zt-gateway  | [perf-request-in] ts_in=1777537102.496210 ts_out=1777537102.497171 gw_proc_ms=0.961 traceId=exp-perf5000-004824-e61db255
zt-gateway  | [perf-request-in] ts_in=1777537102.496867 ts_out=1777537102.497675 gw_proc_ms=0.808 traceId=exp-perf5000-004819-699190f1
zt-gateway  | [perf-request-in] ts_in=1777537102.497706 ts_out=1777537102.498334 gw_proc_ms=0.628 traceId=exp-perf5000-004821-03b49f6c
zt-gateway  | [perf-request-in] ts_in=1777537102.497206 ts_out=1777537102.498938 gw_proc_ms=1.732 traceId=exp-perf5000-004826-9aefd699
zt-gateway  | [perf-request-in] ts_in=1777537102.498369 ts_out=1777537102.498994 gw_proc_ms=0.625 traceId=exp-perf5000-004823-33f5b316
zt-gateway  | [perf-request-in] ts_in=1777537102.499023 ts_out=1777537102.499669 gw_proc_ms=0.646 traceId=exp-perf5000-004825-a6e546ef
zt-gateway  | [perf-request-in] ts_in=1777537102.499076 ts_out=1777537102.500197 gw_proc_ms=1.121 traceId=exp-perf5000-004827-018b1d35
zt-gateway  | [perf-request-in] ts_in=1777537102.499708 ts_out=1777537102.500372 gw_proc_ms=0.664 traceId=exp-perf5000-004828-712162fb
zt-gateway  | [perf-request-in] ts_in=1777537102.500232 ts_out=1777537102.500873 gw_proc_ms=0.641 traceId=exp-perf5000-004830-df203fa0
zt-gateway  | [perf-request-in] ts_in=1777537102.500409 ts_out=1777537102.501051 gw_proc_ms=0.642 traceId=exp-perf5000-004829-903749e6
zt-gateway  | [perf-request-in] ts_in=1777537102.500899 ts_out=1777537102.501507 gw_proc_ms=0.608 traceId=exp-perf5000-004831-0a71cd42
zt-gateway  | [perf-request-in] ts_in=1777537102.501083 ts_out=1777537102.501728 gw_proc_ms=0.645 traceId=exp-perf5000-004832-50ef60e3
zt-gateway  | [perf-request-in] ts_in=1777537102.501541 ts_out=1777537102.502183 gw_proc_ms=0.642 traceId=exp-perf5000-004833-53104a1f
zt-gateway  | [perf-request-in] ts_in=1777537102.501757 ts_out=1777537102.502430 gw_proc_ms=0.673 traceId=exp-perf5000-004834-9dc92c7c
zt-gateway  | [perf-request-in] ts_in=1777537102.502218 ts_out=1777537102.502835 gw_proc_ms=0.617 traceId=exp-perf5000-004836-bf8c7d06
zt-gateway  | [perf-request-in] ts_in=1777537102.502464 ts_out=1777537102.503113 gw_proc_ms=0.649 traceId=exp-perf5000-004835-754dd894
zt-gateway  | [perf-request-in] ts_in=1777537102.502863 ts_out=1777537102.503460 gw_proc_ms=0.597 traceId=exp-perf5000-004837-44ae0496
zt-gateway  | [perf-request-in] ts_in=1777537102.503147 ts_out=1777537102.503764 gw_proc_ms=0.617 traceId=exp-perf5000-004838-90627ee7
zt-gateway  | [perf-request-in] ts_in=1777537102.503494 ts_out=1777537102.504099 gw_proc_ms=0.605 traceId=exp-perf5000-004839-09c3d73d
zt-gateway  | [perf-request-in] ts_in=1777537102.503807 ts_out=1777537102.504442 gw_proc_ms=0.635 traceId=exp-perf5000-004840-9b481ba1
zt-gateway  | [perf-request-in] ts_in=1777537102.504126 ts_out=1777537102.504750 gw_proc_ms=0.624 traceId=exp-perf5000-004841-6f8c584d
zt-gateway  | [perf-request-in] ts_in=1777537102.504481 ts_out=1777537102.505145 gw_proc_ms=0.664 traceId=exp-perf5000-004842-d4688cc7
zt-gateway  | [perf-request-in] ts_in=1777537102.504794 ts_out=1777537102.505427 gw_proc_ms=0.633 traceId=exp-perf5000-004843-e37460df
zt-gateway  | [perf-request-in] ts_in=1777537102.505181 ts_out=1777537102.505845 gw_proc_ms=0.664 traceId=exp-perf5000-004844-d9d5824b
zt-gateway  | [perf-request-in] ts_in=1777537102.505464 ts_out=1777537102.506115 gw_proc_ms=0.651 traceId=exp-perf5000-004845-271e9864
zt-gateway  | [perf-request-in] ts_in=1777537102.505877 ts_out=1777537102.506522 gw_proc_ms=0.645 traceId=exp-perf5000-004846-5bce2f5d
zt-gateway  | [perf-request-in] ts_in=1777537102.506145 ts_out=1777537102.506724 gw_proc_ms=0.579 traceId=exp-perf5000-004847-ad434aa0
zt-gateway  | [perf-request-in] ts_in=1777537102.506555 ts_out=1777537102.507169 gw_proc_ms=0.614 traceId=exp-perf5000-004848-0f03ac96
zt-gateway  | [perf-request-in] ts_in=1777537102.506751 ts_out=1777537102.507329 gw_proc_ms=0.578 traceId=exp-perf5000-004849-d8f2051d
zt-gateway  | [perf-request-in] ts_in=1777537102.507364 ts_out=1777537102.507978 gw_proc_ms=0.614 traceId=exp-perf5000-004851-3a3ff17f
zt-gateway  | [perf-request-in] ts_in=1777537102.507206 ts_out=1777537102.507982 gw_proc_ms=0.776 traceId=exp-perf5000-004850-37151d34
zt-gateway  | [perf-request-in] ts_in=1777537102.508011 ts_out=1777537102.508684 gw_proc_ms=0.673 traceId=exp-perf5000-004853-85615925
zt-gateway  | [perf-request-in] ts_in=1777537102.508013 ts_out=1777537102.508690 gw_proc_ms=0.677 traceId=exp-perf5000-004852-b2b425ac
zt-gateway  | [perf-request-in] ts_in=1777537102.508716 ts_out=1777537102.509347 gw_proc_ms=0.631 traceId=exp-perf5000-004855-bef70991
zt-gateway  | [perf-request-in] ts_in=1777537102.508720 ts_out=1777537102.509391 gw_proc_ms=0.671 traceId=exp-perf5000-004854-0b7506c4
zt-gateway  | [perf-request-in] ts_in=1777537102.509383 ts_out=1777537102.510012 gw_proc_ms=0.629 traceId=exp-perf5000-004856-306f9a0d
zt-gateway  | [perf-request-in] ts_in=1777537102.509427 ts_out=1777537102.510071 gw_proc_ms=0.644 traceId=exp-perf5000-004862-c04a85e2
zt-gateway  | [perf-request-in] ts_in=1777537102.510038 ts_out=1777537102.510611 gw_proc_ms=0.573 traceId=exp-perf5000-004857-b39b8e60
zt-gateway  | [perf-request-in] ts_in=1777537102.510107 ts_out=1777537102.510730 gw_proc_ms=0.623 traceId=exp-perf5000-004863-ab8d2b8b
zt-gateway  | [perf-request-in] ts_in=1777537102.510646 ts_out=1777537102.511258 gw_proc_ms=0.612 traceId=exp-perf5000-004858-ee4f8145
zt-gateway  | [perf-request-in] ts_in=1777537102.510770 ts_out=1777537102.511409 gw_proc_ms=0.639 traceId=exp-perf5000-004864-be83665b
zt-gateway  | [perf-request-in] ts_in=1777537102.511290 ts_out=1777537102.511909 gw_proc_ms=0.619 traceId=exp-perf5000-004859-40e4bd84
zt-gateway  | [perf-request-in] ts_in=1777537102.511452 ts_out=1777537102.512205 gw_proc_ms=0.753 traceId=exp-perf5000-004865-ee37bf34
zt-gateway  | [perf-request-in] ts_in=1777537102.511950 ts_out=1777537102.512576 gw_proc_ms=0.626 traceId=exp-perf5000-004860-249d856f
zt-gateway  | [perf-request-in] ts_in=1777537102.512273 ts_out=1777537102.513004 gw_proc_ms=0.731 traceId=exp-perf5000-004866-13cc5c74
zt-gateway  | [perf-request-in] ts_in=1777537102.512613 ts_out=1777537102.513261 gw_proc_ms=0.648 traceId=exp-perf5000-004861-b09fccca
zt-gateway  | [perf-request-in] ts_in=1777537102.513054 ts_out=1777537102.513746 gw_proc_ms=0.692 traceId=exp-perf5000-004867-20492ad0
zt-gateway  | [perf-request-in] ts_in=1777537102.513298 ts_out=1777537102.513937 gw_proc_ms=0.639 traceId=exp-perf5000-004869-3fee97a2
zt-gateway  | [perf-request-in] ts_in=1777537102.513800 ts_out=1777537102.514496 gw_proc_ms=0.696 traceId=exp-perf5000-004868-e2389082
zt-gateway  | [perf-request-in] ts_in=1777537102.513972 ts_out=1777537102.514626 gw_proc_ms=0.654 traceId=exp-perf5000-004871-9ffb5e42
zt-gateway  | [perf-request-in] ts_in=1777537102.514542 ts_out=1777537102.515263 gw_proc_ms=0.721 traceId=exp-perf5000-004870-1d8ab902
zt-gateway  | [perf-request-in] ts_in=1777537102.514663 ts_out=1777537102.515318 gw_proc_ms=0.655 traceId=exp-perf5000-004873-6d3ee8dd
zt-gateway  | [perf-request-in] ts_in=1777537102.515346 ts_out=1777537102.515980 gw_proc_ms=0.634 traceId=exp-perf5000-004875-7a9653f7
zt-gateway  | [perf-request-in] ts_in=1777537102.515312 ts_out=1777537102.515980 gw_proc_ms=0.668 traceId=exp-perf5000-004872-15148bf5
zt-gateway  | [perf-request-in] ts_in=1777537102.516012 ts_out=1777537102.516631 gw_proc_ms=0.619 traceId=exp-perf5000-004877-b74b21ad
zt-gateway  | [perf-request-in] ts_in=1777537102.516021 ts_out=1777537102.516643 gw_proc_ms=0.622 traceId=exp-perf5000-004874-cd78d547
zt-gateway  | [perf-request-in] ts_in=1777537102.516668 ts_out=1777537102.517304 gw_proc_ms=0.636 traceId=exp-perf5000-004879-21aac86f
zt-gateway  | [perf-request-in] ts_in=1777537102.516678 ts_out=1777537102.517362 gw_proc_ms=0.684 traceId=exp-perf5000-004876-3eec26ce
zt-gateway  | [perf-request-in] ts_in=1777537102.517342 ts_out=1777537102.517983 gw_proc_ms=0.641 traceId=exp-perf5000-004880-acf09b63
zt-gateway  | [perf-request-in] ts_in=1777537102.517399 ts_out=1777537102.518116 gw_proc_ms=0.717 traceId=exp-perf5000-004878-1d415d14
zt-gateway  | [perf-request-in] ts_in=1777537102.518022 ts_out=1777537102.518657 gw_proc_ms=0.635 traceId=exp-perf5000-004882-0462121a
zt-gateway  | [perf-request-in] ts_in=1777537102.518158 ts_out=1777537102.518845 gw_proc_ms=0.687 traceId=exp-perf5000-004881-774b2092
zt-gateway  | [perf-request-in] ts_in=1777537102.518691 ts_out=1777537102.519305 gw_proc_ms=0.614 traceId=exp-perf5000-004884-b9b719dc
zt-gateway  | [perf-request-in] ts_in=1777537102.518882 ts_out=1777537102.519537 gw_proc_ms=0.655 traceId=exp-perf5000-004883-3831033b
zt-gateway  | [perf-request-in] ts_in=1777537102.519343 ts_out=1777537102.520012 gw_proc_ms=0.669 traceId=exp-perf5000-004886-5103fb34
zt-gateway  | [perf-request-in] ts_in=1777537102.519567 ts_out=1777537102.520232 gw_proc_ms=0.665 traceId=exp-perf5000-004885-b5ec2e34
zt-gateway  | [perf-request-in] ts_in=1777537102.520046 ts_out=1777537102.520731 gw_proc_ms=0.685 traceId=exp-perf5000-004888-a61ecd72
zt-gateway  | [perf-request-in] ts_in=1777537102.520263 ts_out=1777537102.520951 gw_proc_ms=0.688 traceId=exp-perf5000-004887-416eb541
zt-gateway  | [perf-request-in] ts_in=1777537102.520791 ts_out=1777537102.521446 gw_proc_ms=0.655 traceId=exp-perf5000-004890-58e41ac3
zt-gateway  | [perf-request-in] ts_in=1777537102.520994 ts_out=1777537102.521642 gw_proc_ms=0.648 traceId=exp-perf5000-004889-c11b15ee
zt-gateway  | [perf-request-in] ts_in=1777537102.521484 ts_out=1777537102.522186 gw_proc_ms=0.702 traceId=exp-perf5000-004892-9f373746
zt-gateway  | [perf-request-in] ts_in=1777537102.521689 ts_out=1777537102.522381 gw_proc_ms=0.692 traceId=exp-perf5000-004891-a70e20bd
zt-gateway  | [perf-request-in] ts_in=1777537102.522224 ts_out=1777537102.522920 gw_proc_ms=0.696 traceId=exp-perf5000-004894-019a5ce3
zt-gateway  | [perf-request-in] ts_in=1777537102.522419 ts_out=1777537102.523088 gw_proc_ms=0.669 traceId=exp-perf5000-004893-e235a384
zt-gateway  | [perf-request-in] ts_in=1777537102.522957 ts_out=1777537102.523609 gw_proc_ms=0.652 traceId=exp-perf5000-004896-e0fc976f
zt-gateway  | [perf-request-in] ts_in=1777537102.523132 ts_out=1777537102.523809 gw_proc_ms=0.677 traceId=exp-perf5000-004895-b8698da0
zt-gateway  | [perf-request-in] ts_in=1777537102.523650 ts_out=1777537102.524301 gw_proc_ms=0.651 traceId=exp-perf5000-004898-d4d1c929
zt-gateway  | [perf-request-in] ts_in=1777537102.523853 ts_out=1777537102.524508 gw_proc_ms=0.655 traceId=exp-perf5000-004897-3d0a4d3c
zt-gateway  | [perf-request-in] ts_in=1777537102.524340 ts_out=1777537102.524986 gw_proc_ms=0.646 traceId=exp-perf5000-004900-b98b8e79
zt-gateway  | [perf-request-in] ts_in=1777537102.524546 ts_out=1777537102.525204 gw_proc_ms=0.658 traceId=exp-perf5000-004899-00e2a395
zt-gateway  | [perf-request-in] ts_in=1777537102.525030 ts_out=1777537102.525693 gw_proc_ms=0.663 traceId=exp-perf5000-004902-15d10639
zt-gateway  | [perf-request-in] ts_in=1777537102.525246 ts_out=1777537102.525951 gw_proc_ms=0.705 traceId=exp-perf5000-004901-6b8bf4c8
zt-gateway  | [perf-request-in] ts_in=1777537102.525735 ts_out=1777537102.526537 gw_proc_ms=0.802 traceId=exp-perf5000-004903-03065077
zt-gateway  | [perf-request-in] ts_in=1777537102.525993 ts_out=1777537102.526663 gw_proc_ms=0.670 traceId=exp-perf5000-004905-a660a2fc
zt-gateway  | [perf-request-in] ts_in=1777537102.526578 ts_out=1777537102.527240 gw_proc_ms=0.662 traceId=exp-perf5000-004904-bc19cb45
zt-gateway  | [perf-request-in] ts_in=1777537102.526701 ts_out=1777537102.527355 gw_proc_ms=0.654 traceId=exp-perf5000-004906-a0f2823c
zt-gateway  | [perf-request-in] ts_in=1777537102.527277 ts_out=1777537102.527920 gw_proc_ms=0.643 traceId=exp-perf5000-004908-d839477d
zt-gateway  | [perf-request-in] ts_in=1777537102.527392 ts_out=1777537102.528054 gw_proc_ms=0.662 traceId=exp-perf5000-004907-6d9095d3
zt-gateway  | [perf-request-in] ts_in=1777537102.527988 ts_out=1777537102.528614 gw_proc_ms=0.626 traceId=exp-perf5000-004909-6e08407d
zt-gateway  | [perf-request-in] ts_in=1777537102.528092 ts_out=1777537102.528714 gw_proc_ms=0.622 traceId=exp-perf5000-004910-5aa36fd1
zt-gateway  | [perf-request-in] ts_in=1777537102.528654 ts_out=1777537102.529342 gw_proc_ms=0.688 traceId=exp-perf5000-004912-cf97266d
zt-gateway  | [perf-request-in] ts_in=1777537102.528749 ts_out=1777537102.529497 gw_proc_ms=0.748 traceId=exp-perf5000-004911-d9c1c1eb
zt-gateway  | [perf-request-in] ts_in=1777537102.529380 ts_out=1777537102.530154 gw_proc_ms=0.774 traceId=exp-perf5000-004914-d04bf4dc
zt-gateway  | [perf-request-in] ts_in=1777537102.529548 ts_out=1777537102.530305 gw_proc_ms=0.757 traceId=exp-perf5000-004913-a6431983
zt-gateway  | [perf-request-in] ts_in=1777537102.530186 ts_out=1777537102.530789 gw_proc_ms=0.603 traceId=exp-perf5000-004916-58677f78
zt-gateway  | [perf-request-in] ts_in=1777537102.530346 ts_out=1777537102.530944 gw_proc_ms=0.598 traceId=exp-perf5000-004915-e8adff91
zt-gateway  | [perf-request-in] ts_in=1777537102.530822 ts_out=1777537102.531381 gw_proc_ms=0.559 traceId=exp-perf5000-004918-35d03d5c
zt-gateway  | [perf-request-in] ts_in=1777537102.530973 ts_out=1777537102.531534 gw_proc_ms=0.561 traceId=exp-perf5000-004917-ea658ac0
zt-gateway  | [perf-request-in] ts_in=1777537102.531405 ts_out=1777537102.532016 gw_proc_ms=0.611 traceId=exp-perf5000-004919-500f33ab
zt-gateway  | [perf-request-in] ts_in=1777537102.531564 ts_out=1777537102.532164 gw_proc_ms=0.600 traceId=exp-perf5000-004920-668173a9
zt-gateway  | [perf-request-in] ts_in=1777537102.532045 ts_out=1777537102.532632 gw_proc_ms=0.587 traceId=exp-perf5000-004921-3df058a2
zt-gateway  | [perf-request-in] ts_in=1777537102.532195 ts_out=1777537102.532794 gw_proc_ms=0.599 traceId=exp-perf5000-004922-5d402f3e
zt-gateway  | [perf-request-in] ts_in=1777537102.532662 ts_out=1777537102.533258 gw_proc_ms=0.596 traceId=exp-perf5000-004925-264e9ddb
zt-gateway  | [perf-request-in] ts_in=1777537102.532830 ts_out=1777537102.533459 gw_proc_ms=0.629 traceId=exp-perf5000-004923-9da1e9d3
zt-gateway  | [perf-request-in] ts_in=1777537102.533295 ts_out=1777537102.533885 gw_proc_ms=0.590 traceId=exp-perf5000-004927-7c753e51
zt-gateway  | [perf-request-in] ts_in=1777537102.533488 ts_out=1777537102.534113 gw_proc_ms=0.625 traceId=exp-perf5000-004924-6a39b82c
zt-gateway  | [perf-request-in] ts_in=1777537102.533924 ts_out=1777537102.534518 gw_proc_ms=0.594 traceId=exp-perf5000-004930-0d4e1917
zt-gateway  | [perf-request-in] ts_in=1777537102.534154 ts_out=1777537102.534761 gw_proc_ms=0.607 traceId=exp-perf5000-004926-4f809f6d
zt-gateway  | [perf-request-in] ts_in=1777537102.534553 ts_out=1777537102.535166 gw_proc_ms=0.613 traceId=exp-perf5000-004931-de583d08
zt-gateway  | [perf-request-in] ts_in=1777537102.534806 ts_out=1777537102.535422 gw_proc_ms=0.616 traceId=exp-perf5000-004928-50f48d0a
zt-gateway  | [perf-request-in] ts_in=1777537102.535204 ts_out=1777537102.535791 gw_proc_ms=0.587 traceId=exp-perf5000-004933-ea46f63c
zt-gateway  | [perf-request-in] ts_in=1777537102.535457 ts_out=1777537102.536083 gw_proc_ms=0.626 traceId=exp-perf5000-004929-f2767dc4
zt-gateway  | [perf-request-in] ts_in=1777537102.535823 ts_out=1777537102.536435 gw_proc_ms=0.612 traceId=exp-perf5000-004935-fa078b17
zt-gateway  | [perf-request-in] ts_in=1777537102.536120 ts_out=1777537102.536742 gw_proc_ms=0.622 traceId=exp-perf5000-004932-c0d95323
zt-gateway  | [perf-request-in] ts_in=1777537102.536472 ts_out=1777537102.537098 gw_proc_ms=0.626 traceId=exp-perf5000-004937-516c4d93
zt-gateway  | [perf-request-in] ts_in=1777537102.536777 ts_out=1777537102.537393 gw_proc_ms=0.616 traceId=exp-perf5000-004934-dd326251
zt-gateway  | [perf-request-in] ts_in=1777537102.537130 ts_out=1777537102.537762 gw_proc_ms=0.632 traceId=exp-perf5000-004939-6e3c1dba
zt-gateway  | [perf-request-in] ts_in=1777537102.537437 ts_out=1777537102.538096 gw_proc_ms=0.659 traceId=exp-perf5000-004936-1daf7c30
zt-gateway  | [perf-request-in] ts_in=1777537102.537806 ts_out=1777537102.538392 gw_proc_ms=0.586 traceId=exp-perf5000-004941-26f95db0
zt-gateway  | [perf-request-in] ts_in=1777537102.538126 ts_out=1777537102.538771 gw_proc_ms=0.645 traceId=exp-perf5000-004938-21293428
zt-gateway  | [perf-request-in] ts_in=1777537102.538430 ts_out=1777537102.539049 gw_proc_ms=0.619 traceId=exp-perf5000-004943-e168c5d7
zt-gateway  | [perf-request-in] ts_in=1777537102.538815 ts_out=1777537102.539419 gw_proc_ms=0.604 traceId=exp-perf5000-004940-9a6b0527
zt-gateway  | [perf-request-in] ts_in=1777537102.539083 ts_out=1777537102.539685 gw_proc_ms=0.602 traceId=exp-perf5000-004945-7619776e
zt-gateway  | [perf-request-in] ts_in=1777537102.539464 ts_out=1777537102.540063 gw_proc_ms=0.599 traceId=exp-perf5000-004942-e71e75c6
zt-gateway  | [perf-request-in] ts_in=1777537102.539719 ts_out=1777537102.540318 gw_proc_ms=0.599 traceId=exp-perf5000-004947-7630c206
zt-gateway  | [perf-request-in] ts_in=1777537102.540092 ts_out=1777537102.540682 gw_proc_ms=0.590 traceId=exp-perf5000-004944-5f0d5996
zt-gateway  | [perf-request-in] ts_in=1777537102.540352 ts_out=1777537102.540944 gw_proc_ms=0.592 traceId=exp-perf5000-004949-819ef4ba
zt-gateway  | [perf-request-in] ts_in=1777537102.540710 ts_out=1777537102.541302 gw_proc_ms=0.592 traceId=exp-perf5000-004946-d28a5cad
zt-gateway  | [perf-request-in] ts_in=1777537102.540971 ts_out=1777537102.541530 gw_proc_ms=0.559 traceId=exp-perf5000-004950-ad5a271d
zt-gateway  | [perf-request-in] ts_in=1777537102.541330 ts_out=1777537102.541897 gw_proc_ms=0.567 traceId=exp-perf5000-004948-e905ae79
zt-gateway  | [perf-request-in] ts_in=1777537102.541563 ts_out=1777537102.542192 gw_proc_ms=0.629 traceId=exp-perf5000-004952-f391567e
zt-gateway  | [perf-request-in] ts_in=1777537102.541929 ts_out=1777537102.542545 gw_proc_ms=0.616 traceId=exp-perf5000-004951-7a676b69
zt-gateway  | [perf-request-in] ts_in=1777537102.542224 ts_out=1777537102.542831 gw_proc_ms=0.607 traceId=exp-perf5000-004955-d80e09e8
zt-gateway  | [perf-request-in] ts_in=1777537102.542583 ts_out=1777537102.543163 gw_proc_ms=0.580 traceId=exp-perf5000-004953-b9dcc719
zt-gateway  | [perf-request-in] ts_in=1777537102.542854 ts_out=1777537102.543460 gw_proc_ms=0.606 traceId=exp-perf5000-004956-2845237b
zt-gateway  | [perf-request-in] ts_in=1777537102.543202 ts_out=1777537102.543809 gw_proc_ms=0.607 traceId=exp-perf5000-004954-432e7b15
zt-gateway  | [perf-request-in] ts_in=1777537102.543492 ts_out=1777537102.544119 gw_proc_ms=0.627 traceId=exp-perf5000-004958-5e3edffe
zt-gateway  | [perf-request-in] ts_in=1777537102.543847 ts_out=1777537102.544461 gw_proc_ms=0.614 traceId=exp-perf5000-004957-deffeb8a
zt-gateway  | [perf-request-in] ts_in=1777537102.544149 ts_out=1777537102.544713 gw_proc_ms=0.564 traceId=exp-perf5000-004960-3fdf4695
zt-gateway  | [perf-request-in] ts_in=1777537102.544497 ts_out=1777537102.545106 gw_proc_ms=0.609 traceId=exp-perf5000-004959-562fc208
zt-gateway  | [perf-request-in] ts_in=1777537102.544745 ts_out=1777537102.545370 gw_proc_ms=0.625 traceId=exp-perf5000-004962-2cce61a9
zt-gateway  | [perf-request-in] ts_in=1777537102.545144 ts_out=1777537102.545742 gw_proc_ms=0.598 traceId=exp-perf5000-004961-0dd265b2
zt-gateway  | [perf-request-in] ts_in=1777537102.545404 ts_out=1777537102.545994 gw_proc_ms=0.590 traceId=exp-perf5000-004964-0983a5b6
zt-gateway  | [perf-request-in] ts_in=1777537102.545776 ts_out=1777537102.546401 gw_proc_ms=0.625 traceId=exp-perf5000-004963-3510df3f
zt-gateway  | [perf-request-in] ts_in=1777537102.546030 ts_out=1777537102.546608 gw_proc_ms=0.578 traceId=exp-perf5000-004966-c81c1979
zt-gateway  | [perf-request-in] ts_in=1777537102.546434 ts_out=1777537102.547051 gw_proc_ms=0.617 traceId=exp-perf5000-004965-a70915aa
zt-gateway  | [perf-request-in] ts_in=1777537102.546642 ts_out=1777537102.547248 gw_proc_ms=0.606 traceId=exp-perf5000-004968-9d971fb6
zt-gateway  | [perf-request-in] ts_in=1777537102.547088 ts_out=1777537102.547677 gw_proc_ms=0.589 traceId=exp-perf5000-004967-5cebe1b1
zt-gateway  | [perf-request-in] ts_in=1777537102.547284 ts_out=1777537102.547912 gw_proc_ms=0.628 traceId=exp-perf5000-004970-e42572be
zt-gateway  | [perf-request-in] ts_in=1777537102.547715 ts_out=1777537102.548332 gw_proc_ms=0.617 traceId=exp-perf5000-004969-f1a95056
zt-gateway  | [perf-request-in] ts_in=1777537102.547950 ts_out=1777537102.548567 gw_proc_ms=0.617 traceId=exp-perf5000-004972-b5e31fa2
zt-gateway  | [perf-request-in] ts_in=1777537102.548370 ts_out=1777537102.549001 gw_proc_ms=0.631 traceId=exp-perf5000-004971-61d30f08
zt-gateway  | [perf-request-in] ts_in=1777537102.548603 ts_out=1777537102.549206 gw_proc_ms=0.603 traceId=exp-perf5000-004973-56610823
zt-gateway  | [perf-request-in] ts_in=1777537102.549034 ts_out=1777537102.549648 gw_proc_ms=0.614 traceId=exp-perf5000-004974-ded22819
zt-gateway  | [perf-request-in] ts_in=1777537102.549242 ts_out=1777537102.549831 gw_proc_ms=0.589 traceId=exp-perf5000-004975-8959b6af
zt-gateway  | [perf-request-in] ts_in=1777537102.549685 ts_out=1777537102.550319 gw_proc_ms=0.634 traceId=exp-perf5000-004976-7d0e80ce
zt-gateway  | [perf-request-in] ts_in=1777537102.549876 ts_out=1777537102.550467 gw_proc_ms=0.591 traceId=exp-perf5000-004978-5d62b8be
zt-gateway  | [perf-request-in] ts_in=1777537102.550356 ts_out=1777537102.551004 gw_proc_ms=0.648 traceId=exp-perf5000-004977-66b96f38
zt-gateway  | [perf-request-in] ts_in=1777537102.550502 ts_out=1777537102.551112 gw_proc_ms=0.610 traceId=exp-perf5000-004979-85fe6830
zt-gateway  | [perf-request-in] ts_in=1777537102.551044 ts_out=1777537102.551661 gw_proc_ms=0.617 traceId=exp-perf5000-004980-303a4e24
zt-gateway  | [perf-request-in] ts_in=1777537102.551147 ts_out=1777537102.551742 gw_proc_ms=0.595 traceId=exp-perf5000-004981-8b25e76e
zt-gateway  | [perf-request-in] ts_in=1777537102.551704 ts_out=1777537102.552299 gw_proc_ms=0.595 traceId=exp-perf5000-004983-81481445
zt-gateway  | [perf-request-in] ts_in=1777537102.551802 ts_out=1777537102.552398 gw_proc_ms=0.596 traceId=exp-perf5000-004982-9b0866d3
zt-gateway  | [perf-request-in] ts_in=1777537102.552338 ts_out=1777537102.552948 gw_proc_ms=0.610 traceId=exp-perf5000-004984-da322150
zt-gateway  | [perf-request-in] ts_in=1777537102.552433 ts_out=1777537102.553037 gw_proc_ms=0.604 traceId=exp-perf5000-004985-88782705
zt-gateway  | [perf-request-in] ts_in=1777537102.552987 ts_out=1777537102.553563 gw_proc_ms=0.576 traceId=exp-perf5000-004986-1f71b79e
zt-gateway  | [perf-request-in] ts_in=1777537102.553076 ts_out=1777537102.553663 gw_proc_ms=0.587 traceId=exp-perf5000-004987-d0f28963
zt-gateway  | [perf-request-in] ts_in=1777537102.553596 ts_out=1777537102.554195 gw_proc_ms=0.599 traceId=exp-perf5000-004988-0abc801f
zt-gateway  | [perf-request-in] ts_in=1777537102.553699 ts_out=1777537102.554290 gw_proc_ms=0.591 traceId=exp-perf5000-004989-02f3d47f
zt-gateway  | [perf-request-in] ts_in=1777537102.554232 ts_out=1777537102.554852 gw_proc_ms=0.620 traceId=exp-perf5000-004990-a0ff2cca
zt-gateway  | [perf-request-in] ts_in=1777537102.554331 ts_out=1777537102.554954 gw_proc_ms=0.623 traceId=exp-perf5000-004991-fdbc9540
zt-gateway  | [perf-request-in] ts_in=1777537102.554889 ts_out=1777537102.555488 gw_proc_ms=0.599 traceId=exp-perf5000-004992-537450f3
zt-gateway  | [perf-request-in] ts_in=1777537102.554987 ts_out=1777537102.555581 gw_proc_ms=0.594 traceId=exp-perf5000-004993-230461d4
zt-gateway  | [perf-request-in] ts_in=1777537102.555525 ts_out=1777537102.556135 gw_proc_ms=0.610 traceId=exp-perf5000-004994-891854d5
zt-gateway  | [perf-request-in] ts_in=1777537102.555618 ts_out=1777537102.556193 gw_proc_ms=0.575 traceId=exp-perf5000-004995-37b9745d
zt-gateway  | [perf-request-in] ts_in=1777537102.556171 ts_out=1777537102.556732 gw_proc_ms=0.561 traceId=exp-perf5000-004996-b3ed6a9e
zt-gateway  | [perf-request-in] ts_in=1777537102.556221 ts_out=1777537102.556769 gw_proc_ms=0.548 traceId=exp-perf5000-004997-ef70c573
zt-gateway  | [perf-request-in] ts_in=1777537102.556768 ts_out=1777537102.557353 gw_proc_ms=0.585 traceId=exp-perf5000-004998-e4d6cf85
zt-gateway  | [perf-request-in] ts_in=1777537102.556809 ts_out=1777537102.557386 gw_proc_ms=0.577 traceId=exp-perf5000-004999-087df7ac
[perf-mtls] handshake_ms=3.414 connect_ms=0.127 total_ms=4.520 url=https://localhost:18443/
[perf-mtls] handshake_ms=3.164 connect_ms=0.069 total_ms=4.149 url=https://localhost:18443/
[perf-mtls] handshake_ms=2.704 connect_ms=0.047 total_ms=3.561 url=https://localhost:18443/
[perf-mtls] handshake_ms=2.566 connect_ms=0.062 total_ms=3.328 url=https://localhost:18443/
[perf-mtls] handshake_ms=2.582 connect_ms=0.044 total_ms=3.353 url=https://localhost:18443/
[perf-mtls] handshake_ms=2.459 connect_ms=0.081 total_ms=3.153 url=https://localhost:18443/
[perf-mtls] handshake_ms=2.338 connect_ms=0.044 total_ms=3.088 url=https://localhost:18443/
[perf-mtls] handshake_ms=2.343 connect_ms=0.064 total_ms=3.038 url=https://localhost:18443/
[perf-mtls] handshake_ms=2.100 connect_ms=0.056 total_ms=2.765 url=https://localhost:18443/
[perf-mtls] handshake_ms=1.982 connect_ms=0.037 total_ms=2.611 url=https://localhost:18443/
[perf-mtls] handshake_ms=2.176 connect_ms=0.051 total_ms=2.828 url=https://localhost:18443/
[perf-mtls] handshake_ms=1.957 connect_ms=0.049 total_ms=2.593 url=https://localhost:18443/
[perf-mtls] handshake_ms=2.032 connect_ms=0.038 total_ms=2.740 url=https://localhost:18443/
[perf-mtls] handshake_ms=2.056 connect_ms=0.063 total_ms=2.696 url=https://localhost:18443/
[perf-mtls] handshake_ms=1.870 connect_ms=0.037 total_ms=2.468 url=https://localhost:18443/
[perf-mtls] handshake_ms=2.080 connect_ms=0.049 total_ms=2.736 url=https://localhost:18443/
[perf-mtls] handshake_ms=2.046 connect_ms=0.062 total_ms=2.729 url=https://localhost:18443/
[perf-mtls] handshake_ms=2.046 connect_ms=0.039 total_ms=2.650 url=https://localhost:18443/
[perf-mtls] handshake_ms=2.202 connect_ms=0.035 total_ms=2.858 url=https://localhost:18443/
[perf-mtls] handshake_ms=1.988 connect_ms=0.038 total_ms=2.688 url=https://localhost:18443/
[perf-mtls] handshake_ms=2.455 connect_ms=0.056 total_ms=3.126 url=https://localhost:18443/
[perf-mtls] handshake_ms=2.551 connect_ms=0.072 total_ms=3.319 url=https://localhost:18443/
[perf-mtls] handshake_ms=2.110 connect_ms=0.050 total_ms=2.831 url=https://localhost:18443/
[perf-mtls] handshake_ms=2.058 connect_ms=0.042 total_ms=2.768 url=https://localhost:18443/
[perf-mtls] handshake_ms=2.082 connect_ms=0.064 total_ms=2.775 url=https://localhost:18443/
[perf-mtls] handshake_ms=2.049 connect_ms=0.036 total_ms=2.720 url=https://localhost:18443/
[perf-mtls] handshake_ms=2.247 connect_ms=0.058 total_ms=2.875 url=https://localhost:18443/
[perf-mtls] handshake_ms=1.918 connect_ms=0.040 total_ms=2.531 url=https://localhost:18443/
[perf-mtls] handshake_ms=1.966 connect_ms=0.032 total_ms=2.552 url=https://localhost:18443/
[perf-mtls] handshake_ms=1.913 connect_ms=0.034 total_ms=2.518 url=https://localhost:18443/
[perf-mtls] handshake_ms=2.042 connect_ms=0.033 total_ms=2.647 url=https://localhost:18443/
[perf-mtls] handshake_ms=1.950 connect_ms=0.032 total_ms=2.520 url=https://localhost:18443/
[perf-mtls] handshake_ms=1.961 connect_ms=0.040 total_ms=2.643 url=https://localhost:18443/
[perf-mtls] handshake_ms=2.019 connect_ms=0.034 total_ms=2.603 url=https://localhost:18443/
[perf-mtls] handshake_ms=1.924 connect_ms=0.037 total_ms=2.552 url=https://localhost:18443/
[perf-mtls] handshake_ms=1.899 connect_ms=0.031 total_ms=2.493 url=https://localhost:18443/
[perf-mtls] handshake_ms=2.309 connect_ms=0.037 total_ms=3.083 url=https://localhost:18443/
[perf-mtls] handshake_ms=2.112 connect_ms=0.052 total_ms=2.808 url=https://localhost:18443/
[perf-mtls] handshake_ms=2.091 connect_ms=0.041 total_ms=2.710 url=https://localhost:18443/
[perf-mtls] handshake_ms=1.987 connect_ms=0.032 total_ms=2.653 url=https://localhost:18443/
[perf-mtls] handshake_ms=1.985 connect_ms=0.034 total_ms=2.645 url=https://localhost:18443/
[perf-mtls] handshake_ms=2.146 connect_ms=0.030 total_ms=2.797 url=https://localhost:18443/
[perf-mtls] handshake_ms=2.029 connect_ms=0.033 total_ms=2.675 url=https://localhost:18443/
[perf-mtls] handshake_ms=2.083 connect_ms=0.035 total_ms=2.739 url=https://localhost:18443/
[perf-mtls] handshake_ms=2.148 connect_ms=0.033 total_ms=2.780 url=https://localhost:18443/
[perf-mtls] handshake_ms=1.906 connect_ms=0.030 total_ms=2.471 url=https://localhost:18443/
[perf-mtls] handshake_ms=2.081 connect_ms=0.033 total_ms=2.713 url=https://localhost:18443/
[perf-mtls] handshake_ms=1.961 connect_ms=0.038 total_ms=2.510 url=https://localhost:18443/
[perf-mtls] handshake_ms=2.180 connect_ms=0.055 total_ms=2.801 url=https://localhost:18443/
[perf-mtls] handshake_ms=1.934 connect_ms=0.037 total_ms=2.579 url=https://localhost:18443/
[perf-mtls] handshake_ms=2.101 connect_ms=0.046 total_ms=2.798 url=https://localhost:18443/
[perf-mtls] handshake_ms=1.992 connect_ms=0.031 total_ms=2.587 url=https://localhost:18443/
[perf-mtls] handshake_ms=2.312 connect_ms=0.038 total_ms=2.905 url=https://localhost:18443/
[perf-mtls] handshake_ms=2.065 connect_ms=0.033 total_ms=2.651 url=https://localhost:18443/
[perf-mtls] handshake_ms=2.068 connect_ms=0.030 total_ms=2.791 url=https://localhost:18443/
[perf-mtls] handshake_ms=2.028 connect_ms=0.030 total_ms=2.737 url=https://localhost:18443/
[perf-mtls] handshake_ms=1.957 connect_ms=0.035 total_ms=2.523 url=https://localhost:18443/
[perf-mtls] handshake_ms=1.967 connect_ms=0.033 total_ms=2.602 url=https://localhost:18443/
[perf-mtls] handshake_ms=2.106 connect_ms=0.034 total_ms=2.758 url=https://localhost:18443/
[perf-mtls] handshake_ms=2.175 connect_ms=0.033 total_ms=2.795 url=https://localhost:18443/
[perf-mtls] handshake_ms=1.968 connect_ms=0.046 total_ms=2.592 url=https://localhost:18443/
[perf-mtls] handshake_ms=1.962 connect_ms=0.031 total_ms=2.630 url=https://localhost:18443/
[perf-mtls] handshake_ms=1.959 connect_ms=0.038 total_ms=2.548 url=https://localhost:18443/
[perf-mtls] handshake_ms=2.057 connect_ms=0.029 total_ms=2.702 url=https://localhost:18443/
[perf-mtls] handshake_ms=2.102 connect_ms=0.034 total_ms=2.717 url=https://localhost:18443/
[perf-mtls] handshake_ms=1.996 connect_ms=0.035 total_ms=2.585 url=https://localhost:18443/
[perf-mtls] handshake_ms=1.943 connect_ms=0.031 total_ms=2.596 url=https://localhost:18443/
[perf-mtls] handshake_ms=1.962 connect_ms=0.035 total_ms=2.556 url=https://localhost:18443/
[perf-mtls] handshake_ms=1.890 connect_ms=0.034 total_ms=2.469 url=https://localhost:18443/
[perf-mtls] handshake_ms=1.921 connect_ms=0.029 total_ms=2.546 url=https://localhost:18443/
[perf-mtls] handshake_ms=2.035 connect_ms=0.032 total_ms=2.694 url=https://localhost:18443/
[perf-mtls] handshake_ms=2.030 connect_ms=0.033 total_ms=2.684 url=https://localhost:18443/
[perf-mtls] handshake_ms=2.006 connect_ms=0.030 total_ms=2.625 url=https://localhost:18443/
[perf-mtls] handshake_ms=2.054 connect_ms=0.031 total_ms=2.691 url=https://localhost:18443/
[perf-mtls] handshake_ms=1.866 connect_ms=0.031 total_ms=2.511 url=https://localhost:18443/
[perf-mtls] handshake_ms=1.929 connect_ms=0.028 total_ms=2.529 url=https://localhost:18443/
[perf-mtls] handshake_ms=1.987 connect_ms=0.033 total_ms=2.609 url=https://localhost:18443/
[perf-mtls] handshake_ms=2.193 connect_ms=0.040 total_ms=2.940 url=https://localhost:18443/
[perf-mtls] handshake_ms=2.102 connect_ms=0.042 total_ms=2.740 url=https://localhost:18443/
[perf-mtls] handshake_ms=1.970 connect_ms=0.036 total_ms=2.591 url=https://localhost:18443/
[perf-mtls] handshake_ms=1.995 connect_ms=0.040 total_ms=2.645 url=https://localhost:18443/
[perf-mtls] handshake_ms=2.098 connect_ms=0.038 total_ms=2.763 url=https://localhost:18443/
[perf-mtls] handshake_ms=1.975 connect_ms=0.036 total_ms=2.616 url=https://localhost:18443/
[perf-mtls] handshake_ms=1.997 connect_ms=0.031 total_ms=2.624 url=https://localhost:18443/
[perf-mtls] handshake_ms=1.978 connect_ms=0.031 total_ms=2.591 url=https://localhost:18443/
[perf-mtls] handshake_ms=2.015 connect_ms=0.033 total_ms=2.661 url=https://localhost:18443/
[perf-mtls] handshake_ms=2.113 connect_ms=0.033 total_ms=2.772 url=https://localhost:18443/
[perf-mtls] handshake_ms=1.958 connect_ms=0.031 total_ms=2.542 url=https://localhost:18443/
[perf-mtls] handshake_ms=1.994 connect_ms=0.037 total_ms=2.609 url=https://localhost:18443/
[perf-mtls] handshake_ms=1.954 connect_ms=0.028 total_ms=2.583 url=https://localhost:18443/
[perf-mtls] handshake_ms=2.114 connect_ms=0.033 total_ms=2.769 url=https://localhost:18443/
[perf-mtls] handshake_ms=1.969 connect_ms=0.035 total_ms=2.600 url=https://localhost:18443/
[perf-mtls] handshake_ms=1.970 connect_ms=0.037 total_ms=2.633 url=https://localhost:18443/
[perf-mtls] handshake_ms=1.997 connect_ms=0.035 total_ms=2.621 url=https://localhost:18443/
[perf-mtls] handshake_ms=1.936 connect_ms=0.028 total_ms=2.519 url=https://localhost:18443/
[perf-mtls] handshake_ms=2.023 connect_ms=0.036 total_ms=2.675 url=https://localhost:18443/
[perf-mtls] handshake_ms=1.960 connect_ms=0.027 total_ms=2.578 url=https://localhost:18443/
[perf-mtls] handshake_ms=1.979 connect_ms=0.028 total_ms=2.651 url=https://localhost:18443/
[perf-mtls] handshake_ms=2.031 connect_ms=0.035 total_ms=2.660 url=https://localhost:18443/
[perf-mtls] handshake_ms=1.931 connect_ms=0.033 total_ms=2.509 url=https://localhost:18443/
[perf-mtls] handshake_ms=2.021 connect_ms=0.031 total_ms=2.621 url=https://localhost:18443/
[perf-mtls] handshake_ms=1.958 connect_ms=0.032 total_ms=2.581 url=https://localhost:18443/
[perf-mtls] handshake_ms=1.842 connect_ms=0.027 total_ms=2.389 url=https://localhost:18443/
[perf-mtls] handshake_ms=2.048 connect_ms=0.029 total_ms=2.762 url=https://localhost:18443/
[perf-mtls] handshake_ms=2.060 connect_ms=0.032 total_ms=2.690 url=https://localhost:18443/
[perf-mtls] handshake_ms=1.903 connect_ms=0.027 total_ms=2.538 url=https://localhost:18443/
[perf-mtls] handshake_ms=2.072 connect_ms=0.034 total_ms=2.785 url=https://localhost:18443/
[perf-mtls] handshake_ms=2.023 connect_ms=0.031 total_ms=2.660 url=https://localhost:18443/
[perf-mtls] handshake_ms=2.088 connect_ms=0.030 total_ms=2.715 url=https://localhost:18443/
[perf-mtls] handshake_ms=2.083 connect_ms=0.032 total_ms=2.728 url=https://localhost:18443/
[perf-mtls] handshake_ms=2.005 connect_ms=0.035 total_ms=2.644 url=https://localhost:18443/
[perf-mtls] handshake_ms=2.089 connect_ms=0.044 total_ms=2.730 url=https://localhost:18443/
[perf-mtls] handshake_ms=2.016 connect_ms=0.031 total_ms=2.723 url=https://localhost:18443/
[perf-mtls] handshake_ms=2.073 connect_ms=0.030 total_ms=2.769 url=https://localhost:18443/
[perf-mtls] handshake_ms=1.890 connect_ms=0.029 total_ms=2.457 url=https://localhost:18443/
[perf-mtls] handshake_ms=1.983 connect_ms=0.027 total_ms=2.649 url=https://localhost:18443/
[perf-mtls] handshake_ms=1.952 connect_ms=0.031 total_ms=2.545 url=https://localhost:18443/
[perf-mtls] handshake_ms=1.958 connect_ms=0.040 total_ms=2.554 url=https://localhost:18443/
[perf-mtls] handshake_ms=2.013 connect_ms=0.028 total_ms=2.632 url=https://localhost:18443/
[perf-mtls] handshake_ms=2.031 connect_ms=0.030 total_ms=2.658 url=https://localhost:18443/
[perf-mtls] handshake_ms=2.041 connect_ms=0.028 total_ms=2.838 url=https://localhost:18443/
[perf-mtls] handshake_ms=1.965 connect_ms=0.029 total_ms=2.600 url=https://localhost:18443/
[perf-mtls] handshake_ms=2.042 connect_ms=0.029 total_ms=2.667 url=https://localhost:18443/
[perf-mtls] handshake_ms=2.002 connect_ms=0.028 total_ms=2.674 url=https://localhost:18443/
[perf-mtls] handshake_ms=1.910 connect_ms=0.029 total_ms=2.498 url=https://localhost:18443/
[perf-mtls] handshake_ms=2.309 connect_ms=0.055 total_ms=2.994 url=https://localhost:18443/
[perf-mtls] handshake_ms=2.122 connect_ms=0.052 total_ms=2.775 url=https://localhost:18443/
[perf-mtls] handshake_ms=2.061 connect_ms=0.030 total_ms=2.724 url=https://localhost:18443/
[perf-mtls] handshake_ms=2.163 connect_ms=0.037 total_ms=2.828 url=https://localhost:18443/
[perf-mtls] handshake_ms=1.974 connect_ms=0.052 total_ms=2.593 url=https://localhost:18443/
[perf-mtls] handshake_ms=2.032 connect_ms=0.034 total_ms=2.678 url=https://localhost:18443/
[perf-mtls] handshake_ms=1.970 connect_ms=0.030 total_ms=2.650 url=https://localhost:18443/
[perf-mtls] handshake_ms=2.034 connect_ms=0.030 total_ms=2.656 url=https://localhost:18443/
[perf-mtls] handshake_ms=2.228 connect_ms=0.032 total_ms=2.873 url=https://localhost:18443/
[perf-mtls] handshake_ms=2.047 connect_ms=0.029 total_ms=2.686 url=https://localhost:18443/
[perf-mtls] handshake_ms=1.971 connect_ms=0.032 total_ms=2.559 url=https://localhost:18443/
[perf-mtls] handshake_ms=2.036 connect_ms=0.032 total_ms=2.766 url=https://localhost:18443/
[perf-mtls] handshake_ms=2.253 connect_ms=0.037 total_ms=2.947 url=https://localhost:18443/
[perf-mtls] handshake_ms=2.029 connect_ms=0.034 total_ms=2.684 url=https://localhost:18443/
[perf-mtls] handshake_ms=2.164 connect_ms=0.031 total_ms=2.969 url=https://localhost:18443/
[perf-mtls] handshake_ms=2.223 connect_ms=0.040 total_ms=2.892 url=https://localhost:18443/
[perf-mtls] handshake_ms=2.131 connect_ms=0.031 total_ms=2.786 url=https://localhost:18443/
[perf-mtls] handshake_ms=2.173 connect_ms=0.046 total_ms=2.845 url=https://localhost:18443/
[perf-mtls] handshake_ms=2.066 connect_ms=0.032 total_ms=2.745 url=https://localhost:18443/
[perf-mtls] handshake_ms=2.030 connect_ms=0.033 total_ms=2.676 url=https://localhost:18443/
[perf-mtls] handshake_ms=2.102 connect_ms=0.034 total_ms=2.870 url=https://localhost:18443/
[perf-mtls] handshake_ms=2.103 connect_ms=0.038 total_ms=2.796 url=https://localhost:18443/
[perf-mtls] handshake_ms=2.009 connect_ms=0.031 total_ms=2.637 url=https://localhost:18443/
[perf-mtls] handshake_ms=2.233 connect_ms=0.046 total_ms=2.901 url=https://localhost:18443/
[perf-mtls] handshake_ms=2.040 connect_ms=0.030 total_ms=2.679 url=https://localhost:18443/
[perf-mtls] handshake_ms=2.032 connect_ms=0.036 total_ms=2.649 url=https://localhost:18443/
[perf-mtls] handshake_ms=2.078 connect_ms=0.041 total_ms=2.757 url=https://localhost:18443/
[perf-mtls] handshake_ms=1.995 connect_ms=0.029 total_ms=2.605 url=https://localhost:18443/
[perf-mtls] handshake_ms=2.010 connect_ms=0.033 total_ms=2.614 url=https://localhost:18443/
[perf-mtls] handshake_ms=2.024 connect_ms=0.029 total_ms=2.663 url=https://localhost:18443/
[perf-mtls] handshake_ms=2.025 connect_ms=0.033 total_ms=2.622 url=https://localhost:18443/
[perf-mtls] handshake_ms=1.872 connect_ms=0.029 total_ms=2.441 url=https://localhost:18443/
[perf-mtls] handshake_ms=2.038 connect_ms=0.030 total_ms=2.626 url=https://localhost:18443/
[perf-mtls] handshake_ms=2.031 connect_ms=0.031 total_ms=2.685 url=https://localhost:18443/
[perf-mtls] handshake_ms=1.934 connect_ms=0.029 total_ms=2.502 url=https://localhost:18443/
[perf-mtls] handshake_ms=2.254 connect_ms=0.039 total_ms=2.919 url=https://localhost:18443/
[perf-mtls] handshake_ms=1.996 connect_ms=0.030 total_ms=2.596 url=https://localhost:18443/
[perf-mtls] handshake_ms=1.956 connect_ms=0.027 total_ms=2.608 url=https://localhost:18443/
[perf-mtls] handshake_ms=2.027 connect_ms=0.028 total_ms=2.661 url=https://localhost:18443/
[perf-mtls] handshake_ms=1.938 connect_ms=0.036 total_ms=2.516 url=https://localhost:18443/
[perf-mtls] handshake_ms=1.974 connect_ms=0.028 total_ms=2.572 url=https://localhost:18443/
[perf-mtls] handshake_ms=2.021 connect_ms=0.029 total_ms=2.681 url=https://localhost:18443/
[perf-mtls] handshake_ms=1.923 connect_ms=0.031 total_ms=2.564 url=https://localhost:18443/
[perf-mtls] handshake_ms=2.034 connect_ms=0.029 total_ms=2.648 url=https://localhost:18443/
[perf-mtls] handshake_ms=2.050 connect_ms=0.029 total_ms=2.658 url=https://localhost:18443/
[perf-mtls] handshake_ms=1.985 connect_ms=0.026 total_ms=2.615 url=https://localhost:18443/
[perf-mtls] handshake_ms=1.984 connect_ms=0.028 total_ms=2.585 url=https://localhost:18443/
[perf-mtls] handshake_ms=2.160 connect_ms=0.029 total_ms=2.882 url=https://localhost:18443/
[perf-mtls] handshake_ms=2.148 connect_ms=0.028 total_ms=2.884 url=https://localhost:18443/
[perf-mtls] handshake_ms=2.370 connect_ms=0.049 total_ms=3.015 url=https://localhost:18443/
[perf-mtls] handshake_ms=2.058 connect_ms=0.028 total_ms=2.818 url=https://localhost:18443/
[perf-mtls] handshake_ms=2.102 connect_ms=0.032 total_ms=2.741 url=https://localhost:18443/
[perf-mtls] handshake_ms=2.029 connect_ms=0.031 total_ms=2.686 url=https://localhost:18443/
[perf-mtls] handshake_ms=2.028 connect_ms=0.028 total_ms=2.710 url=https://localhost:18443/
[perf-mtls] handshake_ms=2.113 connect_ms=0.036 total_ms=2.781 url=https://localhost:18443/
[perf-mtls] handshake_ms=2.021 connect_ms=0.033 total_ms=2.624 url=https://localhost:18443/
[perf-mtls] handshake_ms=2.013 connect_ms=0.030 total_ms=2.661 url=https://localhost:18443/
[perf-mtls] handshake_ms=2.043 connect_ms=0.030 total_ms=2.733 url=https://localhost:18443/
[perf-mtls] handshake_ms=1.977 connect_ms=0.028 total_ms=2.576 url=https://localhost:18443/
[perf-mtls] handshake_ms=2.015 connect_ms=0.030 total_ms=2.659 url=https://localhost:18443/
[perf-mtls] handshake_ms=2.068 connect_ms=0.031 total_ms=2.706 url=https://localhost:18443/
[perf-mtls] handshake_ms=2.001 connect_ms=0.030 total_ms=2.634 url=https://localhost:18443/
[perf-mtls] handshake_ms=1.969 connect_ms=0.031 total_ms=2.611 url=https://localhost:18443/
[perf-mtls] handshake_ms=2.011 connect_ms=0.028 total_ms=2.622 url=https://localhost:18443/
[perf-mtls] handshake_ms=2.004 connect_ms=0.029 total_ms=2.642 url=https://localhost:18443/
[perf-mtls] handshake_ms=1.995 connect_ms=0.031 total_ms=2.649 url=https://localhost:18443/
[perf-mtls] handshake_ms=1.987 connect_ms=0.030 total_ms=2.619 url=https://localhost:18443/
[perf-mtls] handshake_ms=1.994 connect_ms=0.029 total_ms=2.646 url=https://localhost:18443/
[perf-mtls] handshake_ms=2.091 connect_ms=0.032 total_ms=2.754 url=https://localhost:18443/
[perf-mtls] handshake_ms=1.998 connect_ms=0.029 total_ms=2.651 url=https://localhost:18443/
[perf-mtls] handshake_ms=2.092 connect_ms=0.030 total_ms=2.700 url=https://localhost:18443/
[perf-mtls] handshake_ms=1.989 connect_ms=0.031 total_ms=2.588 url=https://localhost:18443/
[perf-mtls] handshake_ms=2.044 connect_ms=0.031 total_ms=2.688 url=https://localhost:18443/
[perf-mtls] handshake_ms=2.004 connect_ms=0.026 total_ms=2.653 url=https://localhost:18443/
[perf-mtls] handshake_ms=1.987 connect_ms=0.031 total_ms=2.628 url=https://localhost:18443/
