seq,trace_id,t_req_ms,t_resp_ms,http_code,gateway_latency_ms,round
0,exp-warm-10000-000308-bda08c2b,1784798824479,1784798824599,202,120.000,warm
1,exp-warm-10000-000113-c1f88956,1784798824490,1784798824598,202,108.000,warm
2,exp-warm-10000-000127-96e5feb0,1784798824492,1784798824596,202,104.000,warm
3,exp-warm-10000-000262-af87419b,1784798824492,1784798824598,202,106.000,warm
4,exp-warm-10000-000099-e2aa55ea,1784798824492,1784798824599,202,107.000,warm
5,exp-warm-10000-000020-eb77adfb,1784798824494,1784798824600,202,106.000,warm
6,exp-warm-10000-000183-5623aacc,1784798824496,1784798824596,202,100.000,warm
7,exp-warm-10000-000327-42ca3165,1784798824496,1784798824599,202,103.000,warm
8,exp-warm-10000-000159-43242ba3,1784798824496,1784798824601,202,105.000,warm
9,exp-warm-10000-000155-45b9ae9b,1784798824497,1784798824597,202,100.000,warm
10,exp-warm-10000-000169-f25f9cf2,1784798824497,1784798824600,202,103.000,warm
11,exp-warm-10000-000215-52c9dc10,1784798824497,1784798824599,202,102.000,warm
12,exp-warm-10000-000303-2fefe0ab,1784798824498,1784798824597,202,99.000,warm
13,exp-warm-10000-000060-9426c981,1784798824498,1784798824600,202,102.000,warm
14,exp-warm-10000-000043-bd2796d9,1784798824499,1784798824600,202,101.000,warm
15,exp-warm-10000-000209-286df333,1784798824500,1784798824600,202,100.000,warm
16,exp-warm-10000-000098-87d9a86e,1784798824500,1784798824600,202,100.000,warm
17,exp-warm-10000-000291-8205f747,1784798824500,1784798824600,202,100.000,warm
18,exp-warm-10000-000154-95aa940f,1784798824500,1784798824598,202,98.000,warm
19,exp-warm-10000-000097-3c45489a,1784798824501,1784798824597,202,96.000,warm
20,exp-warm-10000-000292-0f3dd7e5,1784798824501,1784798824600,202,99.000,warm
21,exp-warm-10000-000175-5227e9c9,1784798824501,1784798824601,202,100.000,warm
22,exp-warm-10000-000101-e8fea6a7,1784798824501,1784798824598,202,97.000,warm
23,exp-warm-10000-000306-c500eeab,1784798824501,1784798824598,202,97.000,warm
24,exp-warm-10000-000231-9ced5714,1784798824501,1784798824598,202,97.000,warm
25,exp-warm-10000-000010-74faeb3d,1784798824503,1784798824596,202,93.000,warm
26,exp-warm-10000-000058-8f65a02a,1784798824503,1784798824598,202,95.000,warm
27,exp-warm-10000-000119-4e6061ca,1784798824503,1784798824598,202,95.000,warm
28,exp-warm-10000-000236-ad7e6808,1784798824503,1784798824596,202,93.000,warm
29,exp-warm-10000-000025-ea919964,1784798824504,1784798824596,202,92.000,warm
30,exp-warm-10000-000161-2841bd5f,1784798824504,1784798824596,202,92.000,warm
31,exp-warm-10000-000163-38f9f9f8,1784798824504,1784798824600,202,96.000,warm
32,exp-warm-10000-000115-0b42a221,1784798824504,1784798824600,202,96.000,warm
33,exp-warm-10000-000149-5acc0c30,1784798824504,1784798824598,202,94.000,warm
34,exp-warm-10000-000141-a85ef4e5,1784798824504,1784798824597,202,93.000,warm
35,exp-warm-10000-000224-d37c36b0,1784798824504,1784798824597,202,93.000,warm
36,exp-warm-10000-000003-2cb938df,1784798824505,1784798824599,202,94.000,warm
37,exp-warm-10000-000002-c026801e,1784798824505,1784798824599,202,94.000,warm
38,exp-warm-10000-000190-2249436d,1784798824505,1784798824599,202,94.000,warm
39,exp-warm-10000-000192-a7bd1c6f,1784798824505,1784798824600,202,95.000,warm
40,exp-warm-10000-000022-3e3a9a36,1784798824505,1784798824599,202,94.000,warm
41,exp-warm-10000-000111-96bc7633,1784798824505,1784798824598,202,93.000,warm
42,exp-warm-10000-000102-141d6ba8,1784798824505,1784798824598,202,93.000,warm
43,exp-warm-10000-000254-874cc0b3,1784798824506,1784798824598,202,92.000,warm
44,exp-warm-10000-000281-6173aec3,1784798824506,1784798824604,202,98.000,warm
45,exp-warm-10000-000142-ce839bda,1784798824506,1784798824597,202,91.000,warm
46,exp-warm-10000-000304-00efb6ea,1784798824506,1784798824598,202,92.000,warm
47,exp-warm-10000-000320-e1a0756a,1784798824506,1784798824599,202,93.000,warm
48,exp-warm-10000-000289-e098d1ed,1784798824506,1784798824597,202,91.000,warm
49,exp-warm-10000-000176-375762e8,1784798824507,1784798824599,202,92.000,warm
50,exp-warm-10000-000117-6af7b81f,1784798824507,1784798824599,202,92.000,warm
51,exp-warm-10000-000031-95675d5b,1784798824507,1784798824600,202,93.000,warm
52,exp-warm-10000-000048-63630b43,1784798824507,1784798824604,202,97.000,warm
53,exp-warm-10000-000053-dc248eda,1784798824507,1784798824598,202,91.000,warm
54,exp-warm-10000-000275-0ecb4e93,1784798824507,1784798824601,202,94.000,warm
55,exp-warm-10000-000184-474f6e55,1784798824507,1784798824598,202,91.000,warm
56,exp-warm-10000-000307-f49b574a,1784798824507,1784798824598,202,91.000,warm
57,exp-warm-10000-000133-7a16556c,1784798824507,1784798824598,202,91.000,warm
58,exp-warm-10000-000271-071627f2,1784798824507,1784798824600,202,93.000,warm
59,exp-warm-10000-000079-e724c514,1784798824507,1784798824599,202,92.000,warm
60,exp-warm-10000-000234-43794315,1784798824507,1784798824599,202,92.000,warm
61,exp-warm-10000-000137-b34a2b52,1784798824507,1784798824599,202,92.000,warm
62,exp-warm-10000-000310-79ebd131,1784798824507,1784798824599,202,92.000,warm
63,exp-warm-10000-000033-d84dcac6,1784798824507,1784798824599,202,92.000,warm
64,exp-warm-10000-000312-f815613b,1784798824507,1784798824599,202,92.000,warm
65,exp-warm-10000-000195-faa43ca1,1784798824507,1784798824599,202,92.000,warm
66,exp-warm-10000-000069-def4b04a,1784798824508,1784798824596,202,88.000,warm
67,exp-warm-10000-000186-11be18b8,1784798824508,1784798824599,202,91.000,warm
68,exp-warm-10000-000242-47450997,1784798824508,1784798824599,202,91.000,warm
69,exp-warm-10000-000068-489ced36,1784798824508,1784798824599,202,91.000,warm
70,exp-warm-10000-000146-0cfdc9c9,1784798824508,1784798824599,202,91.000,warm
71,exp-warm-10000-000222-ec282d39,1784798824508,1784798824599,202,91.000,warm
72,exp-warm-10000-000105-cb3e1362,1784798824508,1784798824599,202,91.000,warm
73,exp-warm-10000-000233-4a3d4496,1784798824508,1784798824599,202,91.000,warm
74,exp-warm-10000-000114-efc488f8,1784798824508,1784798824599,202,91.000,warm
75,exp-warm-10000-000152-56cc9726,1784798824508,1784798824598,202,90.000,warm
76,exp-warm-10000-000014-5e2c0ae9,1784798824509,1784798824598,202,89.000,warm
77,exp-warm-10000-000019-7a1e65ff,1784798824509,1784798824603,202,94.000,warm
78,exp-warm-10000-000030-99a9cbbf,1784798824509,1784798824599,202,90.000,warm
79,exp-warm-10000-000177-350c6713,1784798824509,1784798824599,202,90.000,warm
80,exp-warm-10000-000041-4193909c,1784798824509,1784798824596,202,87.000,warm
81,exp-warm-10000-000013-2b416fa5,1784798824509,1784798824605,202,96.000,warm
82,exp-warm-10000-000247-6ec2d8d8,1784798824509,1784798824605,202,96.000,warm
83,exp-warm-10000-000118-8abcb414,1784798824509,1784798824605,202,96.000,warm
84,exp-warm-10000-000138-d633fe66,1784798824509,1784798824601,202,92.000,warm
85,exp-warm-10000-000107-05593ffc,1784798824509,1784798824599,202,90.000,warm
86,exp-warm-10000-000213-8863b868,1784798824509,1784798824597,202,88.000,warm
87,exp-warm-10000-000174-292bd5e6,1784798824509,1784798824598,202,89.000,warm
88,exp-warm-10000-000093-9bfb7f9d,1784798824510,1784798824599,202,89.000,warm
89,exp-warm-10000-000005-4e9c584a,1784798824510,1784798824596,202,86.000,warm
90,exp-warm-10000-000083-e173a185,1784798824510,1784798824603,202,93.000,warm
91,exp-warm-10000-000203-f70046c7,1784798824510,1784798824603,202,93.000,warm
92,exp-warm-10000-000253-59854500,1784798824510,1784798824597,202,87.000,warm
93,exp-warm-10000-000263-e6094958,1784798824510,1784798824596,202,86.000,warm
94,exp-warm-10000-000052-0868ac70,1784798824510,1784798824600,202,90.000,warm
95,exp-warm-10000-000016-7e352334,1784798824510,1784798824600,202,90.000,warm
96,exp-warm-10000-000200-318e8c01,1784798824510,1784798824600,202,90.000,warm
97,exp-warm-10000-000201-e30eae8a,1784798824510,1784798824600,202,90.000,warm
98,exp-warm-10000-000189-148bfbd7,1784798824510,1784798824600,202,90.000,warm
99,exp-warm-10000-000276-c06e8b71,1784798824510,1784798824600,202,90.000,warm
100,exp-warm-10000-000130-7b9ff327,1784798824510,1784798824600,202,90.000,warm
101,exp-warm-10000-000178-aef97137,1784798824510,1784798824596,202,86.000,warm
102,exp-warm-10000-000086-629554c4,1784798824511,1784798824601,202,90.000,warm
103,exp-warm-10000-000196-597b639d,1784798824511,1784798824596,202,85.000,warm
104,exp-warm-10000-000148-e31b21f9,1784798824511,1784798824600,202,89.000,warm
105,exp-warm-10000-000274-655dc79c,1784798824511,1784798824600,202,89.000,warm
106,exp-warm-10000-000120-c038e3ab,1784798824511,1784798824600,202,89.000,warm
107,exp-warm-10000-000314-dfc876ee,1784798824511,1784798824600,202,89.000,warm
108,exp-warm-10000-000315-ae2417dc,1784798824511,1784798824600,202,89.000,warm
109,exp-warm-10000-000285-be7532e6,1784798824511,1784798824600,202,89.000,warm
110,exp-warm-10000-000072-b6fb977f,1784798824511,1784798824598,202,87.000,warm
111,exp-warm-10000-000160-4d2a7e49,1784798824511,1784798824596,202,85.000,warm
112,exp-warm-10000-000293-c03bf619,1784798824511,1784798824599,202,88.000,warm
113,exp-warm-10000-000198-b8f35aa4,1784798824512,1784798824600,202,88.000,warm
114,exp-warm-10000-000205-55a517c9,1784798824512,1784798824605,202,93.000,warm
115,exp-warm-10000-000188-55b469da,1784798824512,1784798824596,202,84.000,warm
116,exp-warm-10000-000027-e09d5e5d,1784798824512,1784798824601,202,89.000,warm
117,exp-warm-10000-000272-f0d22bf4,1784798824512,1784798824601,202,89.000,warm
118,exp-warm-10000-000229-e33d7a27,1784798824512,1784798824597,202,85.000,warm
119,exp-warm-10000-000023-809094a3,1784798824513,1784798824600,202,87.000,warm
120,exp-warm-10000-000268-5eef55c6,1784798824513,1784798824601,202,88.000,warm
121,exp-warm-10000-000024-978678fb,1784798824513,1784798824596,202,83.000,warm
122,exp-warm-10000-000265-b09d60ec,1784798824513,1784798824601,202,88.000,warm
123,exp-warm-10000-000057-c1949af0,1784798824513,1784798824599,202,86.000,warm
124,exp-warm-10000-000216-27113cd8,1784798824513,1784798824600,202,87.000,warm
125,exp-warm-10000-000264-dc1455cb,1784798824513,1784798824600,202,87.000,warm
126,exp-warm-10000-000230-a61a906c,1784798824514,1784798824598,202,84.000,warm
127,exp-warm-10000-000038-ec81c0c4,1784798824514,1784798824598,202,84.000,warm
128,exp-warm-10000-000277-449b6803,1784798824514,1784798824596,202,82.000,warm
129,exp-warm-10000-000153-4a6d8d4f,1784798824514,1784798824599,202,85.000,warm
130,exp-warm-10000-000081-ad1e045d,1784798824514,1784798824600,202,86.000,warm
131,exp-warm-10000-000123-bf19d149,1784798824514,1784798824598,202,84.000,warm
132,exp-warm-10000-000217-24fe3fbc,1784798824514,1784798824600,202,86.000,warm
133,exp-warm-10000-000212-448216e1,1784798824515,1784798824603,202,88.000,warm
134,exp-warm-10000-000259-2424a31b,1784798824515,1784798824598,202,83.000,warm
135,exp-warm-10000-000018-e14872c3,1784798824515,1784798824598,202,83.000,warm
136,exp-warm-10000-000309-66f8c2cd,1784798824515,1784798824598,202,83.000,warm
137,exp-warm-10000-000084-ba4395a5,1784798824515,1784798824600,202,85.000,warm
138,exp-warm-10000-000208-915f9ba3,1784798824515,1784798824598,202,83.000,warm
139,exp-warm-10000-000270-4c16de61,1784798824515,1784798824601,202,86.000,warm
140,exp-warm-10000-000180-5ef7f6f3,1784798824515,1784798824601,202,86.000,warm
141,exp-warm-10000-000106-86db92bd,1784798824516,1784798824605,202,89.000,warm
142,exp-warm-10000-000103-e9140148,1784798824516,1784798824606,202,90.000,warm
143,exp-warm-10000-000059-5dba8c78,1784798824516,1784798824606,202,90.000,warm
144,exp-warm-10000-000228-dea84fdc,1784798824516,1784798824598,202,82.000,warm
145,exp-warm-10000-000126-4d8c89b5,1784798824516,1784798824598,202,82.000,warm
146,exp-warm-10000-000296-8b26bb99,1784798824516,1784798824597,202,81.000,warm
147,exp-warm-10000-000015-64e5eaa2,1784798824516,1784798824601,202,85.000,warm
148,exp-warm-10000-000109-d6529c40,1784798824516,1784798824596,202,80.000,warm
149,exp-warm-10000-000147-ae7369ca,1784798824516,1784798824600,202,84.000,warm
150,exp-warm-10000-000225-bf0d8116,1784798824516,1784798824596,202,80.000,warm
151,exp-warm-10000-000235-1e97b5d3,1784798824516,1784798824603,202,87.000,warm
152,exp-warm-10000-000223-15102483,1784798824516,1784798824599,202,83.000,warm
153,exp-warm-10000-000197-f4ee9cef,1784798824516,1784798824600,202,84.000,warm
154,exp-warm-10000-000326-efee7601,1784798824517,1784798824599,202,82.000,warm
155,exp-warm-10000-000257-41596c67,1784798824517,1784798824599,202,82.000,warm
156,exp-warm-10000-000006-e1eec686,1784798824517,1784798824599,202,82.000,warm
157,exp-warm-10000-000214-5d1bb44e,1784798824517,1784798824598,202,81.000,warm
158,exp-warm-10000-000050-c4242c1a,1784798824517,1784798824598,202,81.000,warm
159,exp-warm-10000-000134-c302909f,1784798824517,1784798824606,202,89.000,warm
160,exp-warm-10000-000066-0ba2617f,1784798824517,1784798824603,202,86.000,warm
161,exp-warm-10000-000074-bda41fff,1784798824517,1784798824598,202,81.000,warm
162,exp-warm-10000-000144-b778c26c,1784798824517,1784798824598,202,81.000,warm
163,exp-warm-10000-000199-db0b4021,1784798824517,1784798824601,202,84.000,warm
164,exp-warm-10000-000187-7b2466fc,1784798824517,1784798824601,202,84.000,warm
165,exp-warm-10000-000182-d6deb12f,1784798824517,1784798824601,202,84.000,warm
166,exp-warm-10000-000279-667414e5,1784798824517,1784798824604,202,87.000,warm
167,exp-warm-10000-000284-5b2d69a7,1784798824518,1784798824605,202,87.000,warm
168,exp-warm-10000-000065-80e20c96,1784798824518,1784798824599,202,81.000,warm
169,exp-warm-10000-000245-99fd3221,1784798824518,1784798824599,202,81.000,warm
170,exp-warm-10000-000070-dbb0e101,1784798824518,1784798824598,202,80.000,warm
171,exp-warm-10000-000244-67a1c456,1784798824518,1784798824598,202,80.000,warm
172,exp-warm-10000-000305-6f2a8928,1784798824518,1784798824598,202,80.000,warm
173,exp-warm-10000-000100-f83fe478,1784798824518,1784798824600,202,82.000,warm
174,exp-warm-10000-000206-ccc51ddc,1784798824518,1784798824599,202,81.000,warm
175,exp-warm-10000-000073-a09abe78,1784798824518,1784798824600,202,82.000,warm
176,exp-warm-10000-000249-54af0849,1784798824518,1784798824596,202,78.000,warm
177,exp-warm-10000-000269-5dcf4f06,1784798824518,1784798824600,202,82.000,warm
178,exp-warm-10000-000313-03d50c75,1784798824518,1784798824600,202,82.000,warm
179,exp-warm-10000-000288-c3c27262,1784798824518,1784798824600,202,82.000,warm
180,exp-warm-10000-000091-d725e8c0,1784798824519,1784798824605,202,86.000,warm
181,exp-warm-10000-000108-29bdb045,1784798824519,1784798824600,202,81.000,warm
182,exp-warm-10000-000143-eaab433f,1784798824519,1784798824599,202,80.000,warm
183,exp-warm-10000-000139-a3a0f1e9,1784798824519,1784798824610,202,91.000,warm
184,exp-warm-10000-000042-d1f971b0,1784798824519,1784798824599,202,80.000,warm
185,exp-warm-10000-000311-8a02a102,1784798824519,1784798824599,202,80.000,warm
186,exp-warm-10000-000051-4e6a6aa3,1784798824519,1784798824598,202,79.000,warm
187,exp-warm-10000-000036-fd694d40,1784798824519,1784798824598,202,79.000,warm
188,exp-warm-10000-000239-349fccd1,1784798824519,1784798824598,202,79.000,warm
189,exp-warm-10000-000211-f7a27576,1784798824519,1784798824597,202,78.000,warm
190,exp-warm-10000-000129-a9a09cd6,1784798824520,1784798824601,202,81.000,warm
191,exp-warm-10000-000191-3d46aa75,1784798824520,1784798824601,202,81.000,warm
192,exp-warm-10000-000290-2490bf84,1784798824520,1784798824600,202,80.000,warm
193,exp-warm-10000-000089-db418fe4,1784798824520,1784798824600,202,80.000,warm
194,exp-warm-10000-000121-0b454d9f,1784798824520,1784798824599,202,79.000,warm
195,exp-warm-10000-000273-18c3bfed,1784798824520,1784798824605,202,85.000,warm
196,exp-warm-10000-000075-8aa3bda9,1784798824520,1784798824597,202,77.000,warm
197,exp-warm-10000-000012-f901cbbf,1784798824520,1784798824600,202,80.000,warm
198,exp-warm-10000-000207-e078c57d,1784798824520,1784798824605,202,85.000,warm
199,exp-warm-10000-000008-1294d406,1784798824520,1784798824598,202,78.000,warm
200,exp-warm-10000-000294-d43106c6,1784798824520,1784798824598,202,78.000,warm
201,exp-warm-10000-000034-aaba703a,1784798824520,1784798824599,202,79.000,warm
202,exp-warm-10000-000132-02a410ff,1784798824520,1784798824598,202,78.000,warm
203,exp-warm-10000-000054-44fe64b0,1784798824520,1784798824597,202,77.000,warm
204,exp-warm-10000-000179-da761367,1784798824521,1784798824606,202,85.000,warm
205,exp-warm-10000-000250-2d399f89,1784798824521,1784798824605,202,84.000,warm
206,exp-warm-10000-000046-ee6967d0,1784798824521,1784798824600,202,79.000,warm
207,exp-warm-10000-000261-996893ac,1784798824521,1784798824600,202,79.000,warm
208,exp-warm-10000-000011-0db15d1d,1784798824521,1784798824600,202,79.000,warm
209,exp-warm-10000-000112-d7b196f9,1784798824521,1784798824598,202,77.000,warm
210,exp-warm-10000-000001-843482d5,1784798824521,1784798824604,202,83.000,warm
211,exp-warm-10000-000145-54a10679,1784798824522,1784798824601,202,79.000,warm
212,exp-warm-10000-000151-fd0b2f06,1784798824522,1784798824601,202,79.000,warm
213,exp-warm-10000-000047-40b22813,1784798824522,1784798824612,202,90.000,warm
214,exp-warm-10000-000076-5110624a,1784798824522,1784798824600,202,78.000,warm
215,exp-warm-10000-000045-5952a13f,1784798824522,1784798824600,202,78.000,warm
216,exp-warm-10000-000104-2f779857,1784798824522,1784798824600,202,78.000,warm
217,exp-warm-10000-000193-eae6f959,1784798824522,1784798824599,202,77.000,warm
218,exp-warm-10000-000135-a6bc792d,1784798824522,1784798824599,202,77.000,warm
219,exp-warm-10000-000194-fa777e93,1784798824523,1784798824606,202,83.000,warm
220,exp-warm-10000-000039-0dbadfcf,1784798824523,1784798824605,202,82.000,warm
221,exp-warm-10000-000319-23233b32,1784798824523,1784798824610,202,87.000,warm
222,exp-warm-10000-000267-0e968785,1784798824523,1784798824601,202,78.000,warm
223,exp-warm-10000-000056-f8de66d4,1784798824523,1784798824612,202,89.000,warm
224,exp-warm-10000-000082-163a0db9,1784798824523,1784798824601,202,78.000,warm
225,exp-warm-10000-000140-4cf1c4ba,1784798824523,1784798824606,202,83.000,warm
226,exp-warm-10000-000295-8adfb13e,1784798824523,1784798824600,202,77.000,warm
227,exp-warm-10000-000316-da05dac4,1784798824523,1784798824600,202,77.000,warm
228,exp-warm-10000-000241-53d24dd3,1784798824523,1784798824605,202,82.000,warm
229,exp-warm-10000-000297-19a16c30,1784798824524,1784798824606,202,82.000,warm
230,exp-warm-10000-000328-79ab1f27,1784798824524,1784798824600,202,76.000,warm
231,exp-warm-10000-000317-26550903,1784798824524,1784798824600,202,76.000,warm
232,exp-warm-10000-000026-34cd20e6,1784798824524,1784798824599,202,75.000,warm
233,exp-warm-10000-000028-ef8a6563,1784798824524,1784798824599,202,75.000,warm
234,exp-warm-10000-000219-fffbf6a7,1784798824524,1784798824604,202,80.000,warm
235,exp-warm-10000-000278-f2153e0d,1784798824524,1784798824604,202,80.000,warm
236,exp-warm-10000-000063-8a6e1bb4,1784798824524,1784798824605,202,81.000,warm
237,exp-warm-10000-000157-8b182210,1784798824524,1784798824605,202,81.000,warm
238,exp-warm-10000-000282-346fa25c,1784798824524,1784798824604,202,80.000,warm
239,exp-warm-10000-000156-524fd168,1784798824525,1784798824603,202,78.000,warm
240,exp-warm-10000-000087-d84c1e5d,1784798824525,1784798824601,202,76.000,warm
241,exp-warm-10000-000302-f420c047,1784798824525,1784798824605,202,80.000,warm
242,exp-warm-10000-000232-e1634363,1784798824525,1784798824605,202,80.000,warm
243,exp-warm-10000-000116-60139119,1784798824525,1784798824606,202,81.000,warm
244,exp-warm-10000-000000-49c1495c,1784798824525,1784798824600,202,75.000,warm
245,exp-warm-10000-000061-40bde746,1784798824525,1784798824600,202,75.000,warm
246,exp-warm-10000-000248-55d857d8,1784798824526,1784798824610,202,84.000,warm
247,exp-warm-10000-000227-be12b582,1784798824526,1784798824604,202,78.000,warm
248,exp-warm-10000-000321-0ea9edb5,1784798824526,1784798824613,202,87.000,warm
249,exp-warm-10000-000095-1471e1f2,1784798824526,1784798824601,202,75.000,warm
250,exp-warm-10000-000168-9e478ce6,1784798824526,1784798824601,202,75.000,warm
251,exp-warm-10000-000243-47cacbef,1784798824526,1784798824601,202,75.000,warm
252,exp-warm-10000-000318-8ada6906,1784798824526,1784798824600,202,74.000,warm
253,exp-warm-10000-000240-e7743e39,1784798824526,1784798824600,202,74.000,warm
254,exp-warm-10000-000040-761a0d45,1784798824526,1784798824605,202,79.000,warm
255,exp-warm-10000-000325-5ab82f46,1784798824527,1784798824604,202,77.000,warm
256,exp-warm-10000-000280-2ed2333f,1784798824527,1784798824605,202,78.000,warm
257,exp-warm-10000-000299-654a5c32,1784798824527,1784798824606,202,79.000,warm
258,exp-warm-10000-000258-70569a76,1784798824528,1784798824601,202,73.000,warm
259,exp-warm-10000-000286-48bca9b4,1784798824529,1784798824605,202,76.000,warm
260,exp-warm-10000-000062-d72a4c71,1784798824530,1784798824613,202,83.000,warm
261,exp-warm-10000-000035-aef996fb,1784798824530,1784798824606,202,76.000,warm
262,exp-warm-10000-000122-b3e2f7dd,1784798824530,1784798824606,202,76.000,warm
263,exp-warm-10000-000125-30e53889,1784798824530,1784798824610,202,80.000,warm
264,exp-warm-10000-000064-e5ffbc27,1784798824530,1784798824610,202,80.000,warm
265,exp-warm-10000-000162-5c260996,1784798824531,1784798824612,202,81.000,warm
266,exp-warm-10000-000324-d4caddbf,1784798824531,1784798824610,202,79.000,warm
267,exp-warm-10000-000131-91acba22,1784798824531,1784798824605,202,74.000,warm
268,exp-warm-10000-000172-7b776c4a,1784798824531,1784798824606,202,75.000,warm
269,exp-warm-10000-000164-096c18ae,1784798824531,1784798824604,202,73.000,warm
270,exp-warm-10000-000255-e60cf528,1784798824532,1784798824605,202,73.000,warm
271,exp-warm-10000-000080-5e8ead67,1784798824532,1784798824606,202,74.000,warm
272,exp-warm-10000-000185-05dffcb2,1784798824532,1784798824604,202,72.000,warm
273,exp-warm-10000-000017-270e2b36,1784798824533,1784798824605,202,72.000,warm
274,exp-warm-10000-000150-082a0e0a,1784798824533,1784798824610,202,77.000,warm
275,exp-warm-10000-000251-990a8381,1784798824534,1784798824610,202,76.000,warm
276,exp-warm-10000-000128-a980f592,1784798824534,1784798824606,202,72.000,warm
277,exp-warm-10000-000158-efc99707,1784798824534,1784798824610,202,76.000,warm
278,exp-warm-10000-000283-9c191305,1784798824534,1784798824605,202,71.000,warm
279,exp-warm-10000-000256-37f4a90d,1784798824535,1784798824612,202,77.000,warm
280,exp-warm-10000-000136-c1fbefd8,1784798824535,1784798824605,202,70.000,warm
281,exp-warm-10000-000085-c9299ac0,1784798824536,1784798824610,202,74.000,warm
282,exp-warm-10000-000266-a0089ef9,1784798824536,1784798824610,202,74.000,warm
283,exp-warm-10000-000333-7364a92b,1784798824536,1784798824616,202,80.000,warm
284,exp-warm-10000-000204-462ad1b4,1784798824536,1784798824605,202,69.000,warm
285,exp-warm-10000-000004-d9716609,1784798824536,1784798824606,202,70.000,warm
286,exp-warm-10000-000049-dfc13dd4,1784798824536,1784798824610,202,74.000,warm
287,exp-warm-10000-000171-734716c8,1784798824536,1784798824610,202,74.000,warm
288,exp-warm-10000-000220-0db3ec4c,1784798824537,1784798824610,202,73.000,warm
289,exp-warm-10000-000221-103eaa2e,1784798824537,1784798824611,202,74.000,warm
290,exp-warm-10000-000237-0c216c47,1784798824537,1784798824606,202,69.000,warm
291,exp-warm-10000-000007-69fa3299,1784798824537,1784798824611,202,74.000,warm
292,exp-warm-10000-000332-9eb34e3c,1784798824538,1784798824611,202,73.000,warm
293,exp-warm-10000-000067-76fd9d97,1784798824538,1784798824610,202,72.000,warm
294,exp-warm-10000-000202-955ffbf1,1784798824538,1784798824612,202,74.000,warm
295,exp-warm-10000-000044-fc6fcbfd,1784798824538,1784798824612,202,74.000,warm
296,exp-warm-10000-000124-b9cdb392,1784798824539,1784798824611,202,72.000,warm
297,exp-warm-10000-000110-13744342,1784798824539,1784798824610,202,71.000,warm
298,exp-warm-10000-000287-ff69644a,1784798824539,1784798824611,202,72.000,warm
299,exp-warm-10000-000226-7b72a915,1784798824539,1784798824613,202,74.000,warm
300,exp-warm-10000-000252-58b5198e,1784798824539,1784798824612,202,73.000,warm
301,exp-warm-10000-000090-b8a44340,1784798824540,1784798824613,202,73.000,warm
302,exp-warm-10000-000096-159ba2b8,1784798824540,1784798824613,202,73.000,warm
303,exp-warm-10000-000021-b9d03ebb,1784798824540,1784798824613,202,73.000,warm
304,exp-warm-10000-000071-5062c38e,1784798824541,1784798824610,202,69.000,warm
305,exp-warm-10000-000166-3341a898,1784798824541,1784798824613,202,72.000,warm
306,exp-warm-10000-000078-201dfcbc,1784798824541,1784798824613,202,72.000,warm
307,exp-warm-10000-000210-a8943fea,1784798824541,1784798824613,202,72.000,warm
308,exp-warm-10000-000092-005891e5,1784798824542,1784798824612,202,70.000,warm
309,exp-warm-10000-000330-36dbe560,1784798824542,1784798824616,202,74.000,warm
310,exp-warm-10000-000260-db780416,1784798824542,1784798824612,202,70.000,warm
311,exp-warm-10000-000218-b6e4ceb6,1784798824542,1784798824612,202,70.000,warm
312,exp-warm-10000-000009-fcdb885c,1784798824542,1784798824612,202,70.000,warm
313,exp-warm-10000-000167-e6e909aa,1784798824543,1784798824613,202,70.000,warm
314,exp-warm-10000-000322-ddcfd9c8,1784798824543,1784798824611,202,68.000,warm
315,exp-warm-10000-000301-a3300e9d,1784798824543,1784798824610,202,67.000,warm
316,exp-warm-10000-000181-1afca0d7,1784798824543,1784798824612,202,69.000,warm
317,exp-warm-10000-000238-3d69bf5b,1784798824543,1784798824610,202,67.000,warm
318,exp-warm-10000-000341-5ea973e5,1784798824544,1784798824618,202,74.000,warm
319,exp-warm-10000-000246-a5e25c7b,1784798824544,1784798824612,202,68.000,warm
320,exp-warm-10000-000077-b7aa1caa,1784798824545,1784798824610,202,65.000,warm
321,exp-warm-10000-000088-82377527,1784798824545,1784798824613,202,68.000,warm
322,exp-warm-10000-000173-2b2d5fcb,1784798824545,1784798824610,202,65.000,warm
323,exp-warm-10000-000032-68b3cc92,1784798824545,1784798824610,202,65.000,warm
324,exp-warm-10000-000300-029a0b45,1784798824545,1784798824610,202,65.000,warm
325,exp-warm-10000-000337-ab45a4e1,1784798824545,1784798824616,202,71.000,warm
326,exp-warm-10000-000298-1a2cec97,1784798824546,1784798824610,202,64.000,warm
327,exp-warm-10000-000334-e9ea8c3c,1784798824546,1784798824616,202,70.000,warm
328,exp-warm-10000-000331-186abe80,1784798824546,1784798824611,202,65.000,warm
329,exp-warm-10000-000029-f01dffe3,1784798824547,1784798824613,202,66.000,warm
330,exp-warm-10000-000329-a812608a,1784798824548,1784798824624,202,76.000,warm
331,exp-warm-10000-000165-f3bf6f85,1784798824548,1784798824613,202,65.000,warm
332,exp-warm-10000-000323-b3a4e1ea,1784798824549,1784798824614,202,65.000,warm
333,exp-warm-10000-000170-b43acf1c,1784798824549,1784798824613,202,64.000,warm
334,exp-warm-10000-000055-992b751a,1784798824549,1784798824613,202,64.000,warm
335,exp-warm-10000-000037-46904fc4,1784798824549,1784798824612,202,63.000,warm
336,exp-warm-10000-000094-b2524ec5,1784798824549,1784798824612,202,63.000,warm
337,exp-warm-10000-000344-3fde6999,1784798824552,1784798824622,202,70.000,warm
338,exp-warm-10000-000348-46d9a432,1784798824553,1784798824624,202,71.000,warm
339,exp-warm-10000-000346-5df72b16,1784798824554,1784798824622,202,68.000,warm
340,exp-warm-10000-000345-a2018a24,1784798824554,1784798824622,202,68.000,warm
341,exp-warm-10000-000347-847758ed,1784798824561,1784798824623,202,62.000,warm
342,exp-warm-10000-000351-172da3b8,1784798824563,1784798824626,202,63.000,warm
343,exp-warm-10000-000360-8b903348,1784798824564,1784798824631,202,67.000,warm
344,exp-warm-10000-000353-e543ef7e,1784798824565,1784798824628,202,63.000,warm
345,exp-warm-10000-000358-e89b0c38,1784798824565,1784798824630,202,65.000,warm
346,exp-warm-10000-000356-92f168af,1784798824567,1784798824629,202,62.000,warm
347,exp-warm-10000-000349-5304a7ca,1784798824569,1784798824624,202,55.000,warm
348,exp-warm-10000-000350-2e461495,1784798824570,1784798824625,202,55.000,warm
349,exp-warm-10000-000352-76e6193f,1784798824570,1784798824628,202,58.000,warm
350,exp-warm-10000-000354-71ad761d,1784798824572,1784798824629,202,57.000,warm
351,exp-warm-10000-000342-5d16aa63,1784798824573,1784798824630,202,57.000,warm
352,exp-warm-10000-000357-cf6a2d40,1784798824574,1784798824630,202,56.000,warm
353,exp-warm-10000-000361-39cfff85,1784798824576,1784798824633,202,57.000,warm
354,exp-warm-10000-000362-a3c3a0ac,1784798824576,1784798824633,202,57.000,warm
355,exp-warm-10000-000363-aae82406,1784798824577,1784798824633,202,56.000,warm
356,exp-warm-10000-000364-348276a0,1784798824578,1784798824633,202,55.000,warm
357,exp-warm-10000-000367-46444d42,1784798824580,1784798824635,202,55.000,warm
358,exp-warm-10000-000359-795c4a3a,1784798824580,1784798824631,202,51.000,warm
359,exp-warm-10000-000336-81c07b67,1784798824581,1784798824633,202,52.000,warm
360,exp-warm-10000-000343-c0816303,1784798824582,1784798824629,202,47.000,warm
361,exp-warm-10000-000355-058fa771,1784798824583,1784798824629,202,46.000,warm
362,exp-warm-10000-000338-c5f12511,1784798824583,1784798824633,202,50.000,warm
363,exp-warm-10000-000340-e0223d22,1784798824585,1784798824633,202,48.000,warm
364,exp-warm-10000-000339-f1f27d5a,1784798824585,1784798824633,202,48.000,warm
365,exp-warm-10000-000368-0629f54f,1784798824585,1784798824637,202,52.000,warm
366,exp-warm-10000-000370-a525af98,1784798824585,1784798824638,202,53.000,warm
367,exp-warm-10000-000366-752f03c7,1784798824588,1784798824635,202,47.000,warm
368,exp-warm-10000-000371-0177d0b8,1784798824589,1784798824640,202,51.000,warm
369,exp-warm-10000-000335-b729bd24,1784798824591,1784798824633,202,42.000,warm
370,exp-warm-10000-000365-a517d1c6,1784798824591,1784798824633,202,42.000,warm
371,exp-warm-10000-000373-391feced,1784798824592,1784798824641,202,49.000,warm
372,exp-warm-10000-000378-c0942599,1784798824593,1784798824646,202,53.000,warm
373,exp-warm-10000-000372-61b28ccd,1784798824600,1784798824641,202,41.000,warm
374,exp-warm-10000-000369-fb50fbba,1784798824600,1784798824638,202,38.000,warm
375,exp-warm-10000-000374-aa0e6fca,1784798824603,1784798824642,202,39.000,warm
376,exp-warm-10000-000379-b6146de9,1784798824605,1784798824647,202,42.000,warm
377,exp-warm-10000-000376-1d0913d5,1784798824606,1784798824644,202,38.000,warm
378,exp-warm-10000-000375-ed917889,1784798824607,1784798824644,202,37.000,warm
379,exp-warm-10000-000385-47583e19,1784798824608,1784798824656,202,48.000,warm
380,exp-warm-10000-000377-ce8d9f83,1784798824608,1784798824645,202,37.000,warm
381,exp-warm-10000-000382-653871fb,1784798824613,1784798824651,202,38.000,warm
382,exp-warm-10000-000388-a0b8c694,1784798824615,1784798824657,202,42.000,warm
383,exp-warm-10000-000387-a0741c3f,1784798824616,1784798824657,202,41.000,warm
384,exp-warm-10000-000383-1f2943c6,1784798824618,1784798824653,202,35.000,warm
385,exp-warm-10000-000384-71dccf2d,1784798824618,1784798824653,202,35.000,warm
386,exp-warm-10000-000380-5d10fd1c,1784798824620,1784798824648,202,28.000,warm
387,exp-warm-10000-000386-289ac0bd,1784798824623,1784798824657,202,34.000,warm
388,exp-warm-10000-000381-6b58b708,1784798824624,1784798824649,202,25.000,warm
389,exp-warm-10000-000389-86b0860e,1784798824638,1784798824658,202,20.000,warm
390,exp-warm-10000-000393-c74d240e,1784798824672,1784798824674,202,2.000,warm
391,exp-warm-10000-000396-6934e701,1784798824672,1784798824678,202,6.000,warm
392,exp-warm-10000-000394-410c716d,1784798824673,1784798824675,202,2.000,warm
393,exp-warm-10000-000397-1e8e278c,1784798824677,1784798824681,202,4.000,warm
394,exp-warm-10000-000400-7f309e74,1784798824680,1784798824683,202,3.000,warm
395,exp-warm-10000-000401-158fddb6,1784798824681,1784798824685,202,4.000,warm
396,exp-warm-10000-000399-79a6c56e,1784798824682,1784798824683,202,1.000,warm
397,exp-warm-10000-000408-03ece0a3,1784798824683,1784798824689,202,6.000,warm
398,exp-warm-10000-000501-fa33ca09,1784798824683,1784798824701,202,18.000,warm
399,exp-warm-10000-000398-fa9a2ddf,1784798824684,1784798824685,202,1.000,warm
400,exp-warm-10000-000395-d5e4c524,1784798824685,1784798824686,202,1.000,warm
401,exp-warm-10000-000403-40d6267d,1784798824685,1784798824687,202,2.000,warm
402,exp-warm-10000-000402-81fa68b3,1784798824685,1784798824687,202,2.000,warm
403,exp-warm-10000-000432-82add699,1784798824686,1784798824694,202,8.000,warm
404,exp-warm-10000-000434-dd106cb1,1784798824686,1784798824694,202,8.000,warm
405,exp-warm-10000-000406-24014e59,1784798824686,1784798824688,202,2.000,warm
406,exp-warm-10000-000404-286620c9,1784798824687,1784798824688,202,1.000,warm
407,exp-warm-10000-000405-02ab8a37,1784798824687,1784798824688,202,1.000,warm
408,exp-warm-10000-000412-5fd736ee,1784798824688,1784798824690,202,2.000,warm
409,exp-warm-10000-000410-44545e45,1784798824688,1784798824689,202,1.000,warm
410,exp-warm-10000-000392-242225e0,1784798824688,1784798824689,202,1.000,warm
411,exp-warm-10000-000411-42aa8190,1784798824688,1784798824689,202,1.000,warm
412,exp-warm-10000-000458-21c839e0,1784798824688,1784798824697,202,9.000,warm
413,exp-warm-10000-000533-7ffe524d,1784798824689,1784798824704,202,15.000,warm
414,exp-warm-10000-000407-aa40e23b,1784798824689,1784798824689,202,0.000,warm
415,exp-warm-10000-000415-9369a228,1784798824690,1784798824691,202,1.000,warm
416,exp-warm-10000-000420-a59bbbae,1784798824690,1784798824692,202,2.000,warm
417,exp-warm-10000-000439-a837234d,1784798824690,1784798824695,202,5.000,warm
418,exp-warm-10000-000435-6e1900a9,1784798824690,1784798824695,202,5.000,warm
419,exp-warm-10000-000453-1a5fc126,1784798824690,1784798824696,202,6.000,warm
420,exp-warm-10000-000418-24f861a6,1784798824690,1784798824691,202,1.000,warm
421,exp-warm-10000-000416-afbe6a96,1784798824690,1784798824691,202,1.000,warm
422,exp-warm-10000-000390-94d92425,1784798824690,1784798824691,202,1.000,warm
423,exp-warm-10000-000413-f2623262,1784798824690,1784798824690,202,0.000,warm
424,exp-warm-10000-000391-84585e72,1784798824690,1784798824690,202,0.000,warm
425,exp-warm-10000-000421-af7b4420,1784798824691,1784798824692,202,1.000,warm
426,exp-warm-10000-000436-91d30660,1784798824691,1784798824695,202,4.000,warm
427,exp-warm-10000-000438-cdde12de,1784798824691,1784798824695,202,4.000,warm
428,exp-warm-10000-000424-3e81d866,1784798824691,1784798824693,202,2.000,warm
429,exp-warm-10000-000419-39edce5a,1784798824691,1784798824692,202,1.000,warm
430,exp-warm-10000-000417-d0fd431d,1784798824691,1784798824692,202,1.000,warm
431,exp-warm-10000-000523-52e18b48,1784798824691,1784798824706,202,15.000,warm
432,exp-warm-10000-000429-dcf28294,1784798824692,1784798824694,202,2.000,warm
433,exp-warm-10000-000409-d9c08e30,1784798824692,1784798824696,202,4.000,warm
434,exp-warm-10000-000422-fa5fe176,1784798824693,1784798824693,202,0.000,warm
435,exp-warm-10000-000448-57971677,1784798824693,1784798824695,202,2.000,warm
436,exp-warm-10000-000437-7b4d9744,1784798824693,1784798824695,202,2.000,warm
437,exp-warm-10000-000433-b7380e38,1784798824693,1784798824694,202,1.000,warm
438,exp-warm-10000-000430-b7448404,1784798824693,1784798824694,202,1.000,warm
439,exp-warm-10000-000431-62ff0f14,1784798824693,1784798824694,202,1.000,warm
440,exp-warm-10000-000426-ac684f23,1784798824693,1784798824694,202,1.000,warm
441,exp-warm-10000-000532-36786493,1784798824693,1784798824704,202,11.000,warm
442,exp-warm-10000-000457-d821aa20,1784798824693,1784798824697,202,4.000,warm
443,exp-warm-10000-000516-4e8e7d49,1784798824693,1784798824706,202,13.000,warm
444,exp-warm-10000-000521-c19c2f82,1784798824693,1784798824706,202,13.000,warm
445,exp-warm-10000-000428-b2da3ad8,1784798824694,1784798824694,202,0.000,warm
446,exp-warm-10000-000441-b2500fcc,1784798824694,1784798824695,202,1.000,warm
447,exp-warm-10000-000447-7776ff56,1784798824694,1784798824695,202,1.000,warm
448,exp-warm-10000-000443-bb0fd94f,1784798824694,1784798824695,202,1.000,warm
449,exp-warm-10000-000427-eaa631fb,1784798824694,1784798824695,202,1.000,warm
450,exp-warm-10000-000446-e8078f3c,1784798824694,1784798824695,202,1.000,warm
451,exp-warm-10000-000444-192234e9,1784798824694,1784798824695,202,1.000,warm
452,exp-warm-10000-000425-02b7138f,1784798824694,1784798824695,202,1.000,warm
453,exp-warm-10000-000478-559215a4,1784798824694,1784798824699,202,5.000,warm
454,exp-warm-10000-000445-c584aadf,1784798824694,1784798824695,202,1.000,warm
455,exp-warm-10000-000464-d0a6619b,1784798824694,1784798824698,202,4.000,warm
456,exp-warm-10000-000517-2ec792d1,1784798824694,1784798824703,202,9.000,warm
457,exp-warm-10000-000528-bc6eb970,1784798824694,1784798824704,202,10.000,warm
458,exp-warm-10000-000534-07ecda8b,1784798824694,1784798824706,202,12.000,warm
459,exp-warm-10000-000535-4908c611,1784798824694,1784798824706,202,12.000,warm
460,exp-warm-10000-000450-34029dc2,1784798824695,1784798824696,202,1.000,warm
461,exp-warm-10000-000451-8a51a179,1784798824695,1784798824696,202,1.000,warm
462,exp-warm-10000-000452-64540525,1784798824695,1784798824696,202,1.000,warm
463,exp-warm-10000-000449-eb81f450,1784798824695,1784798824696,202,1.000,warm
464,exp-warm-10000-000456-5c67e508,1784798824695,1784798824697,202,2.000,warm
465,exp-warm-10000-000480-a0725d4d,1784798824695,1784798824699,202,4.000,warm
466,exp-warm-10000-000483-a96c08da,1784798824695,1784798824699,202,4.000,warm
467,exp-warm-10000-000442-2c667cf0,1784798824695,1784798824695,202,0.000,warm
468,exp-warm-10000-000440-45f0a424,1784798824695,1784798824695,202,0.000,warm
469,exp-warm-10000-000470-55a169d7,1784798824695,1784798824698,202,3.000,warm
470,exp-warm-10000-000455-64219c9e,1784798824696,1784798824697,202,1.000,warm
471,exp-warm-10000-000454-1e0be783,1784798824696,1784798824697,202,1.000,warm
472,exp-warm-10000-000459-65cd6168,1784798824696,1784798824697,202,1.000,warm
473,exp-warm-10000-000461-b7d060fb,1784798824696,1784798824698,202,2.000,warm
474,exp-warm-10000-000460-0e7f2e27,1784798824696,1784798824698,202,2.000,warm
475,exp-warm-10000-000463-fdaddaee,1784798824696,1784798824698,202,2.000,warm
476,exp-warm-10000-000466-e018b5d7,1784798824696,1784798824698,202,2.000,warm
477,exp-warm-10000-000493-1af62dd1,1784798824696,1784798824700,202,4.000,warm
478,exp-warm-10000-000538-048cfd31,1784798824696,1784798824707,202,11.000,warm
479,exp-warm-10000-000548-89963acf,1784798824696,1784798824707,202,11.000,warm
480,exp-warm-10000-000542-5b34a3ad,1784798824696,1784798824707,202,11.000,warm
481,exp-warm-10000-000546-fe096164,1784798824696,1784798824707,202,11.000,warm
482,exp-warm-10000-000544-76045ef6,1784798824696,1784798824707,202,11.000,warm
483,exp-warm-10000-000468-ea2b1e31,1784798824697,1784798824698,202,1.000,warm
484,exp-warm-10000-000469-9c74b08e,1784798824697,1784798824698,202,1.000,warm
485,exp-warm-10000-000471-7240ac81,1784798824697,1784798824698,202,1.000,warm
486,exp-warm-10000-000473-94347e2b,1784798824697,1784798824698,202,1.000,warm
487,exp-warm-10000-000474-02aab15c,1784798824697,1784798824698,202,1.000,warm
488,exp-warm-10000-000472-03a84eba,1784798824697,1784798824698,202,1.000,warm
489,exp-warm-10000-000482-bae490b7,1784798824697,1784798824699,202,2.000,warm
490,exp-warm-10000-000499-ee9c2b90,1784798824697,1784798824700,202,3.000,warm
491,exp-warm-10000-000524-c990d346,1784798824697,1784798824703,202,6.000,warm
492,exp-warm-10000-000477-0dfac908,1784798824697,1784798824699,202,2.000,warm
493,exp-warm-10000-000484-9b4156aa,1784798824697,1784798824699,202,2.000,warm
494,exp-warm-10000-000547-9624c609,1784798824697,1784798824707,202,10.000,warm
495,exp-warm-10000-000479-c0b8e364,1784798824697,1784798824699,202,2.000,warm
496,exp-warm-10000-000462-a3b18bc0,1784798824698,1784798824698,202,0.000,warm
497,exp-warm-10000-000467-0cf02557,1784798824698,1784798824698,202,0.000,warm
498,exp-warm-10000-000465-60991fc2,1784798824698,1784798824698,202,0.000,warm
499,exp-warm-10000-000481-94589e05,1784798824698,1784798824699,202,1.000,warm
500,exp-warm-10000-000485-b87e113e,1784798824698,1784798824699,202,1.000,warm
501,exp-warm-10000-000491-bba6da03,1784798824698,1784798824700,202,2.000,warm
502,exp-warm-10000-000492-ae52b06f,1784798824698,1784798824700,202,2.000,warm
503,exp-warm-10000-000486-49a3c983,1784798824698,1784798824700,202,2.000,warm
504,exp-warm-10000-000497-54046da8,1784798824698,1784798824700,202,2.000,warm
505,exp-warm-10000-000487-5f50f6ab,1784798824698,1784798824699,202,1.000,warm
506,exp-warm-10000-000500-3ea1541d,1784798824698,1784798824700,202,2.000,warm
507,exp-warm-10000-000490-4505468f,1784798824698,1784798824700,202,2.000,warm
508,exp-warm-10000-000549-b2dff920,1784798824698,1784798824707,202,9.000,warm
509,exp-warm-10000-000512-7d5ef1e0,1784798824698,1784798824702,202,4.000,warm
510,exp-warm-10000-000475-eb0d4769,1784798824699,1784798824699,202,0.000,warm
511,exp-warm-10000-000476-9f97c49c,1784798824699,1784798824699,202,0.000,warm
512,exp-warm-10000-000489-702f4f18,1784798824699,1784798824700,202,1.000,warm
513,exp-warm-10000-000495-9e251c83,1784798824699,1784798824700,202,1.000,warm
514,exp-warm-10000-000496-095e9b63,1784798824699,1784798824700,202,1.000,warm
515,exp-warm-10000-000494-5dd9d337,1784798824699,1784798824700,202,1.000,warm
516,exp-warm-10000-000488-5583c50c,1784798824699,1784798824700,202,1.000,warm
517,exp-warm-10000-000509-824d31ff,1784798824700,1784798824701,202,1.000,warm
518,exp-warm-10000-000511-a6c37afc,1784798824700,1784798824701,202,1.000,warm
519,exp-warm-10000-000507-8c51ce2b,1784798824700,1784798824701,202,1.000,warm
520,exp-warm-10000-000504-b7be014c,1784798824700,1784798824701,202,1.000,warm
521,exp-warm-10000-000510-4ef54344,1784798824700,1784798824701,202,1.000,warm
522,exp-warm-10000-000537-aa0186dc,1784798824700,1784798824707,202,7.000,warm
523,exp-warm-10000-000529-eb9b60f2,1784798824700,1784798824708,202,8.000,warm
524,exp-warm-10000-000498-d3f693b8,1784798824700,1784798824701,202,1.000,warm
525,exp-warm-10000-000520-c688613f,1784798824700,1784798824703,202,3.000,warm
526,exp-warm-10000-000508-6fc85a79,1784798824701,1784798824701,202,0.000,warm
527,exp-warm-10000-000502-f94f0987,1784798824701,1784798824701,202,0.000,warm
528,exp-warm-10000-000545-f2b86503,1784798824701,1784798824707,202,6.000,warm
529,exp-warm-10000-000543-436cc80c,1784798824701,1784798824707,202,6.000,warm
530,exp-warm-10000-000505-f1fa912f,1784798824701,1784798824701,202,0.000,warm
531,exp-warm-10000-000550-cf6a790b,1784798824701,1784798824708,202,7.000,warm
532,exp-warm-10000-000503-f3383c75,1784798824701,1784798824701,202,0.000,warm
533,exp-warm-10000-000519-7a96cc4e,1784798824702,1784798824703,202,1.000,warm
534,exp-warm-10000-000531-1f300ffe,1784798824702,1784798824708,202,6.000,warm
535,exp-warm-10000-000530-9f8dcd63,1784798824702,1784798824708,202,6.000,warm
536,exp-warm-10000-000513-23e50fc9,1784798824702,1784798824716,202,14.000,warm
537,exp-warm-10000-000506-a2cc96f2,1784798824702,1784798824704,202,2.000,warm
538,exp-warm-10000-000553-fcd4568f,1784798824703,1784798824708,202,5.000,warm
539,exp-warm-10000-000527-b391a024,1784798824703,1784798824708,202,5.000,warm
540,exp-warm-10000-000626-23aedd74,1784798824703,1784798824717,202,14.000,warm
541,exp-warm-10000-000557-44d75f6e,1784798824705,1784798824708,202,3.000,warm
542,exp-warm-10000-000555-6f7a8016,1784798824705,1784798824708,202,3.000,warm
543,exp-warm-10000-000518-829cddbc,1784798824705,1784798824717,202,12.000,warm
544,exp-warm-10000-000551-e6018570,1784798824706,1784798824707,202,1.000,warm
545,exp-warm-10000-000522-8000cfa5,1784798824706,1784798824708,202,2.000,warm
546,exp-warm-10000-000525-6f4c1ec6,1784798824706,1784798824709,202,3.000,warm
547,exp-warm-10000-000554-a90d62b7,1784798824707,1784798824708,202,1.000,warm
548,exp-warm-10000-000556-f382627b,1784798824707,1784798824708,202,1.000,warm
549,exp-warm-10000-000552-6e21c3df,1784798824707,1784798824708,202,1.000,warm
550,exp-warm-10000-000526-64699a1c,1784798824707,1784798824709,202,2.000,warm
551,exp-warm-10000-000561-9707f3fe,1784798824707,1784798824709,202,2.000,warm
552,exp-warm-10000-000566-8c1f3bea,1784798824707,1784798824709,202,2.000,warm
553,exp-warm-10000-000568-aa4ed3f4,1784798824707,1784798824710,202,3.000,warm
554,exp-warm-10000-000572-77b2f2a9,1784798824707,1784798824710,202,3.000,warm
555,exp-warm-10000-000573-73972928,1784798824707,1784798824710,202,3.000,warm
556,exp-warm-10000-000560-8d324000,1784798824708,1784798824709,202,1.000,warm
557,exp-warm-10000-000564-1ee95d0d,1784798824708,1784798824709,202,1.000,warm
558,exp-warm-10000-000563-2f75aa30,1784798824708,1784798824709,202,1.000,warm
559,exp-warm-10000-000565-4a0c44df,1784798824708,1784798824709,202,1.000,warm
560,exp-warm-10000-000558-a60db26d,1784798824708,1784798824709,202,1.000,warm
561,exp-warm-10000-000570-c59896e3,1784798824708,1784798824710,202,2.000,warm
562,exp-warm-10000-000574-f7fc902f,1784798824708,1784798824711,202,3.000,warm
563,exp-warm-10000-000591-9f6b24e8,1784798824708,1784798824712,202,4.000,warm
564,exp-warm-10000-000589-dcb7bd88,1784798824708,1784798824712,202,4.000,warm
565,exp-warm-10000-000559-e71a68c4,1784798824709,1784798824709,202,0.000,warm
566,exp-warm-10000-000562-cc25a905,1784798824709,1784798824709,202,0.000,warm
567,exp-warm-10000-000571-6b696070,1784798824709,1784798824710,202,1.000,warm
568,exp-warm-10000-000569-aaaa10b1,1784798824709,1784798824710,202,1.000,warm
569,exp-warm-10000-000515-98e3fb20,1784798824709,1784798824710,202,1.000,warm
570,exp-warm-10000-000576-bad0dcd4,1784798824709,1784798824711,202,2.000,warm
571,exp-warm-10000-000581-6181d96f,1784798824709,1784798824711,202,2.000,warm
572,exp-warm-10000-000578-4c01e67b,1784798824709,1784798824711,202,2.000,warm
573,exp-warm-10000-000592-bfd22036,1784798824709,1784798824713,202,4.000,warm
574,exp-warm-10000-000598-02148e1b,1784798824709,1784798824713,202,4.000,warm
575,exp-warm-10000-000567-921ec137,1784798824710,1784798824710,202,0.000,warm
576,exp-warm-10000-000580-8d9075cf,1784798824710,1784798824711,202,1.000,warm
577,exp-warm-10000-000575-12ddffc3,1784798824710,1784798824711,202,1.000,warm
578,exp-warm-10000-000582-9da6f53d,1784798824710,1784798824711,202,1.000,warm
579,exp-warm-10000-000594-7d62f026,1784798824710,1784798824713,202,3.000,warm
580,exp-warm-10000-000603-a67d6732,1784798824710,1784798824714,202,4.000,warm
581,exp-warm-10000-000414-257d5f3e,1784798824710,1784798824720,202,10.000,warm
582,exp-warm-10000-000577-ca1036a7,1784798824711,1784798824711,202,0.000,warm
583,exp-warm-10000-000579-b94a6e68,1784798824711,1784798824711,202,0.000,warm
584,exp-warm-10000-000587-175d97b6,1784798824711,1784798824712,202,1.000,warm
585,exp-warm-10000-000590-34d033c8,1784798824711,1784798824712,202,1.000,warm
586,exp-warm-10000-000588-c8e2a997,1784798824711,1784798824713,202,2.000,warm
587,exp-warm-10000-000597-975cc502,1784798824711,1784798824713,202,2.000,warm
588,exp-warm-10000-000645-3f09aa32,1784798824711,1784798824720,202,9.000,warm
589,exp-warm-10000-000423-71a40da3,1784798824711,1784798824721,202,10.000,warm
590,exp-warm-10000-000586-e6264f2d,1784798824712,1784798824712,202,0.000,warm
591,exp-warm-10000-000583-b518907c,1784798824712,1784798824712,202,0.000,warm
592,exp-warm-10000-000585-cfa83600,1784798824712,1784798824712,202,0.000,warm
593,exp-warm-10000-000599-6720aa0f,1784798824712,1784798824713,202,1.000,warm
594,exp-warm-10000-000600-de409368,1784798824712,1784798824713,202,1.000,warm
595,exp-warm-10000-000584-6f6604de,1784798824712,1784798824713,202,1.000,warm
596,exp-warm-10000-000596-039c2084,1784798824712,1784798824713,202,1.000,warm
597,exp-warm-10000-000595-9af51199,1784798824712,1784798824713,202,1.000,warm
598,exp-warm-10000-000607-4a4c6f8f,1784798824712,1784798824714,202,2.000,warm
599,exp-warm-10000-000605-3aaf2042,1784798824712,1784798824714,202,2.000,warm
600,exp-warm-10000-000604-6dcfbc09,1784798824712,1784798824714,202,2.000,warm
601,exp-warm-10000-000593-a802bc86,1784798824713,1784798824713,202,0.000,warm
602,exp-warm-10000-000606-b99946d3,1784798824713,1784798824714,202,1.000,warm
603,exp-warm-10000-000609-a850ee89,1784798824713,1784798824714,202,1.000,warm
604,exp-warm-10000-000608-dec5d87b,1784798824713,1784798824714,202,1.000,warm
605,exp-warm-10000-000616-2b615d2e,1784798824713,1784798824715,202,2.000,warm
606,exp-warm-10000-000614-cdfd38ba,1784798824713,1784798824715,202,2.000,warm
607,exp-warm-10000-000617-962b4a25,1784798824713,1784798824715,202,2.000,warm
608,exp-warm-10000-000625-8b595958,1784798824713,1784798824716,202,3.000,warm
609,exp-warm-10000-000653-5af82d97,1784798824713,1784798824721,202,8.000,warm
610,exp-warm-10000-000651-7e197cb0,1784798824713,1784798824721,202,8.000,warm
611,exp-warm-10000-000602-d0ce7f87,1784798824714,1784798824714,202,0.000,warm
612,exp-warm-10000-000601-ba229921,1784798824714,1784798824714,202,0.000,warm
613,exp-warm-10000-000610-6c3bb411,1784798824714,1784798824715,202,1.000,warm
614,exp-warm-10000-000615-13873bd4,1784798824714,1784798824715,202,1.000,warm
615,exp-warm-10000-000620-9b3cbbd3,1784798824714,1784798824715,202,1.000,warm
616,exp-warm-10000-000619-bb196fa9,1784798824714,1784798824715,202,1.000,warm
617,exp-warm-10000-000612-dae97252,1784798824714,1784798824715,202,1.000,warm
618,exp-warm-10000-000514-f60f9276,1784798824714,1784798824716,202,2.000,warm
619,exp-warm-10000-000618-1540c27b,1784798824714,1784798824716,202,2.000,warm
620,exp-warm-10000-000638-24b6540e,1784798824714,1784798824718,202,4.000,warm
621,exp-warm-10000-000611-312e3a07,1784798824715,1784798824715,202,0.000,warm
622,exp-warm-10000-000613-aa3eb1f0,1784798824715,1784798824715,202,0.000,warm
623,exp-warm-10000-000627-99ca144b,1784798824715,1784798824716,202,1.000,warm
624,exp-warm-10000-000630-217d42cf,1784798824715,1784798824717,202,2.000,warm
625,exp-warm-10000-000644-c9775a11,1784798824715,1784798824719,202,4.000,warm
626,exp-warm-10000-000622-91b0f8c9,1784798824716,1784798824716,202,0.000,warm
627,exp-warm-10000-000621-9746b08a,1784798824716,1784798824716,202,0.000,warm
628,exp-warm-10000-000624-f98dc597,1784798824716,1784798824716,202,0.000,warm
629,exp-warm-10000-000634-d21437a6,1784798824716,1784798824717,202,1.000,warm
630,exp-warm-10000-000633-df628524,1784798824716,1784798824717,202,1.000,warm
631,exp-warm-10000-000637-2e9bcb23,1784798824716,1784798824717,202,1.000,warm
632,exp-warm-10000-000635-a3b72956,1784798824716,1784798824717,202,1.000,warm
633,exp-warm-10000-000628-c96df70d,1784798824716,1784798824717,202,1.000,warm
634,exp-warm-10000-000632-24f13512,1784798824716,1784798824717,202,1.000,warm
635,exp-warm-10000-000636-d59fcd35,1784798824716,1784798824718,202,2.000,warm
636,exp-warm-10000-000629-5b5a94d1,1784798824717,1784798824717,202,0.000,warm
637,exp-warm-10000-000631-ce62b052,1784798824717,1784798824717,202,0.000,warm
638,exp-warm-10000-000641-e3f17c14,1784798824717,1784798824719,202,2.000,warm
639,exp-warm-10000-000642-f68f53f2,1784798824717,1784798824719,202,2.000,warm
640,exp-warm-10000-000536-1a419897,1784798824718,1784798824718,202,0.000,warm
641,exp-warm-10000-000643-829ebee0,1784798824718,1784798824719,202,1.000,warm
642,exp-warm-10000-000646-c99ac569,1784798824718,1784798824719,202,1.000,warm
643,exp-warm-10000-000623-839476ca,1784798824718,1784798824719,202,1.000,warm
644,exp-warm-10000-000640-bf0318dc,1784798824718,1784798824719,202,1.000,warm
645,exp-warm-10000-000639-e4989c22,1784798824718,1784798824719,202,1.000,warm
646,exp-warm-10000-000650-9e5c95a4,1784798824718,1784798824720,202,2.000,warm
647,exp-warm-10000-000649-2d0929fe,1784798824718,1784798824720,202,2.000,warm
648,exp-warm-10000-000647-7f7124b6,1784798824719,1784798824720,202,1.000,warm
649,exp-warm-10000-000652-6048b8af,1784798824719,1784798824720,202,1.000,warm
650,exp-warm-10000-000659-63e03ed8,1784798824719,1784798824721,202,2.000,warm
651,exp-warm-10000-000687-278525b3,1784798824719,1784798824724,202,5.000,warm
652,exp-warm-10000-000656-6c771b37,1784798824720,1784798824721,202,1.000,warm
653,exp-warm-10000-000661-d82123f2,1784798824720,1784798824721,202,1.000,warm
654,exp-warm-10000-000662-d3da368d,1784798824720,1784798824722,202,2.000,warm
655,exp-warm-10000-000660-8fe28f29,1784798824720,1784798824721,202,1.000,warm
656,exp-warm-10000-000658-84f4abd1,1784798824720,1784798824721,202,1.000,warm
657,exp-warm-10000-000681-589ed311,1784798824720,1784798824724,202,4.000,warm
658,exp-warm-10000-000654-5d7cd1c1,1784798824721,1784798824721,202,0.000,warm
659,exp-warm-10000-000655-c61f7444,1784798824721,1784798824721,202,0.000,warm
660,exp-warm-10000-000657-ab765af6,1784798824721,1784798824721,202,0.000,warm
661,exp-warm-10000-000668-83fb1087,1784798824721,1784798824722,202,1.000,warm
662,exp-warm-10000-000670-354a105d,1784798824721,1784798824722,202,1.000,warm
663,exp-warm-10000-000671-95168a0c,1784798824721,1784798824722,202,1.000,warm
664,exp-warm-10000-000680-3059f819,1784798824721,1784798824723,202,2.000,warm
665,exp-warm-10000-000676-8f92a80a,1784798824721,1784798824723,202,2.000,warm
666,exp-warm-10000-000669-82c6ae95,1784798824721,1784798824722,202,1.000,warm
667,exp-warm-10000-000690-5ef593bd,1784798824721,1784798824725,202,4.000,warm
668,exp-warm-10000-000694-ffd2ba2c,1784798824721,1784798824725,202,4.000,warm
669,exp-warm-10000-000695-f4e59136,1784798824721,1784798824726,202,5.000,warm
670,exp-warm-10000-000664-88db713e,1784798824722,1784798824722,202,0.000,warm
671,exp-warm-10000-000667-360b7832,1784798824722,1784798824722,202,0.000,warm
672,exp-warm-10000-000666-62c4b3f1,1784798824722,1784798824722,202,0.000,warm
673,exp-warm-10000-000665-8eaae1c0,1784798824722,1784798824722,202,0.000,warm
674,exp-warm-10000-000675-6d8a68c8,1784798824722,1784798824723,202,1.000,warm
675,exp-warm-10000-000677-77633221,1784798824722,1784798824723,202,1.000,warm
676,exp-warm-10000-000678-0a7f7786,1784798824722,1784798824723,202,1.000,warm
677,exp-warm-10000-000679-25ac9187,1784798824722,1784798824723,202,1.000,warm
678,exp-warm-10000-000672-89581a5c,1784798824722,1784798824723,202,1.000,warm
679,exp-warm-10000-000663-ac1f29cc,1784798824722,1784798824722,202,0.000,warm
680,exp-warm-10000-000689-8b780e06,1784798824722,1784798824724,202,2.000,warm
681,exp-warm-10000-000673-6e4f3ff1,1784798824722,1784798824724,202,2.000,warm
682,exp-warm-10000-000698-a77a451d,1784798824722,1784798824725,202,3.000,warm
683,exp-warm-10000-000703-be9b5f6f,1784798824722,1784798824726,202,4.000,warm
684,exp-warm-10000-000682-7da84ea1,1784798824723,1784798824724,202,1.000,warm
685,exp-warm-10000-000688-f38de232,1784798824723,1784798824724,202,1.000,warm
686,exp-warm-10000-000674-05607117,1784798824723,1784798824724,202,1.000,warm
687,exp-warm-10000-000686-edcb368d,1784798824723,1784798824724,202,1.000,warm
688,exp-warm-10000-000693-4e930e95,1784798824723,1784798824725,202,2.000,warm
689,exp-warm-10000-000712-b75e8240,1784798824723,1784798824727,202,4.000,warm
690,exp-warm-10000-000714-14c3ea8a,1784798824723,1784798824727,202,4.000,warm
691,exp-warm-10000-000685-a4fbb4d2,1784798824724,1784798824724,202,0.000,warm
692,exp-warm-10000-000684-0bd00b6e,1784798824724,1784798824724,202,0.000,warm
693,exp-warm-10000-000697-465f5bd1,1784798824724,1784798824725,202,1.000,warm
694,exp-warm-10000-000704-71bc16e8,1784798824724,1784798824726,202,2.000,warm
695,exp-warm-10000-000701-e89aecbb,1784798824724,1784798824726,202,2.000,warm
696,exp-warm-10000-000691-8b574ab8,1784798824724,1784798824725,202,1.000,warm
697,exp-warm-10000-000721-5414ef30,1784798824724,1784798824728,202,4.000,warm
698,exp-warm-10000-000733-335e4045,1784798824724,1784798824731,202,7.000,warm
699,exp-warm-10000-000692-7b7f0e34,1784798824725,1784798824725,202,0.000,warm
700,exp-warm-10000-000700-e8339a89,1784798824725,1784798824726,202,1.000,warm
701,exp-warm-10000-000705-15e7936a,1784798824725,1784798824726,202,1.000,warm
702,exp-warm-10000-000706-09d3b690,1784798824725,1784798824726,202,1.000,warm
703,exp-warm-10000-000702-57e67720,1784798824725,1784798824726,202,1.000,warm
704,exp-warm-10000-000707-cd065724,1784798824725,1784798824727,202,2.000,warm
705,exp-warm-10000-000711-79c71dcc,1784798824725,1784798824727,202,2.000,warm
706,exp-warm-10000-000708-201241fd,1784798824725,1784798824727,202,2.000,warm
707,exp-warm-10000-000699-9699b9d5,1784798824726,1784798824726,202,0.000,warm
708,exp-warm-10000-000696-d00b5bb4,1784798824726,1784798824726,202,0.000,warm
709,exp-warm-10000-000683-dac13d31,1784798824726,1784798824726,202,0.000,warm
710,exp-warm-10000-000710-60754a15,1784798824726,1784798824727,202,1.000,warm
711,exp-warm-10000-000715-7653a40d,1784798824726,1784798824727,202,1.000,warm
712,exp-warm-10000-000717-39fe736e,1784798824726,1784798824728,202,2.000,warm
713,exp-warm-10000-000722-cec30816,1784798824726,1784798824729,202,3.000,warm
714,exp-warm-10000-000732-e56c16c3,1784798824726,1784798824731,202,5.000,warm
715,exp-warm-10000-000713-38c73a88,1784798824727,1784798824727,202,0.000,warm
716,exp-warm-10000-000709-3a096393,1784798824727,1784798824727,202,0.000,warm
717,exp-warm-10000-000719-e9750b7c,1784798824727,1784798824728,202,1.000,warm
718,exp-warm-10000-000728-eeca585a,1784798824727,1784798824730,202,3.000,warm
719,exp-warm-10000-000729-15c0c3b5,1784798824727,1784798824730,202,3.000,warm
720,exp-warm-10000-000716-2a79059f,1784798824727,1784798824728,202,1.000,warm
721,exp-warm-10000-000720-97a61329,1784798824727,1784798824728,202,1.000,warm
722,exp-warm-10000-000718-2746f59d,1784798824728,1784798824728,202,0.000,warm
723,exp-warm-10000-000726-0991a3ad,1784798824728,1784798824729,202,1.000,warm
724,exp-warm-10000-000724-a94cffa7,1784798824729,1784798824729,202,0.000,warm
725,exp-warm-10000-000730-e108db02,1784798824729,1784798824730,202,1.000,warm
726,exp-warm-10000-000731-73d3516f,1784798824729,1784798824730,202,1.000,warm
727,exp-warm-10000-000738-23ed2376,1784798824729,1784798824732,202,3.000,warm
728,exp-warm-10000-000723-301efddb,1784798824729,1784798824729,202,0.000,warm
729,exp-warm-10000-000725-08ae9453,1784798824730,1784798824730,202,0.000,warm
730,exp-warm-10000-000727-8e8f163f,1784798824730,1784798824730,202,0.000,warm
731,exp-warm-10000-000736-fb4b7678,1784798824730,1784798824731,202,1.000,warm
732,exp-warm-10000-000734-63af5dbc,1784798824730,1784798824731,202,1.000,warm
733,exp-warm-10000-000740-4b96b665,1784798824730,1784798824732,202,2.000,warm
734,exp-warm-10000-000744-35923d8f,1784798824730,1784798824733,202,3.000,warm
735,exp-warm-10000-000735-246d33fd,1784798824731,1784798824731,202,0.000,warm
736,exp-warm-10000-000741-b6ba22b9,1784798824731,1784798824732,202,1.000,warm
737,exp-warm-10000-000737-c154a62e,1784798824731,1784798824732,202,1.000,warm
738,exp-warm-10000-000739-c6ec08dd,1784798824731,1784798824732,202,1.000,warm
739,exp-warm-10000-000751-38075fb9,1784798824731,1784798824734,202,3.000,warm
740,exp-warm-10000-000753-c9d31773,1784798824731,1784798824734,202,3.000,warm
741,exp-warm-10000-000748-c76bdea4,1784798824732,1784798824733,202,1.000,warm
742,exp-warm-10000-000747-9b72a759,1784798824732,1784798824733,202,1.000,warm
743,exp-warm-10000-000743-7c6d7e58,1784798824732,1784798824733,202,1.000,warm
744,exp-warm-10000-000746-4a5c5802,1784798824732,1784798824733,202,1.000,warm
745,exp-warm-10000-000756-a2ae977b,1784798824732,1784798824734,202,2.000,warm
746,exp-warm-10000-000757-6a47b474,1784798824732,1784798824735,202,3.000,warm
747,exp-warm-10000-000745-d02dbd1e,1784798824733,1784798824733,202,0.000,warm
748,exp-warm-10000-000742-a64917f0,1784798824733,1784798824733,202,0.000,warm
749,exp-warm-10000-000750-2d74e5f9,1784798824733,1784798824734,202,1.000,warm
750,exp-warm-10000-000752-f6851366,1784798824733,1784798824734,202,1.000,warm
751,exp-warm-10000-000755-e1ae4c39,1784798824733,1784798824734,202,1.000,warm
752,exp-warm-10000-000749-0d0d57ef,1784798824733,1784798824734,202,1.000,warm
753,exp-warm-10000-000754-042e6c60,1784798824733,1784798824734,202,1.000,warm
754,exp-warm-10000-000759-b5210d00,1784798824733,1784798824735,202,2.000,warm
755,exp-warm-10000-000764-cf3401cd,1784798824733,1784798824735,202,2.000,warm
756,exp-warm-10000-000763-b9777a7a,1784798824733,1784798824736,202,3.000,warm
757,exp-warm-10000-000765-5ca05f8e,1784798824734,1784798824735,202,1.000,warm
758,exp-warm-10000-000769-64e1a734,1784798824734,1784798824735,202,1.000,warm
759,exp-warm-10000-000760-1abad01c,1784798824734,1784798824735,202,1.000,warm
760,exp-warm-10000-000766-64bccb60,1784798824734,1784798824735,202,1.000,warm
761,exp-warm-10000-000767-65d12dd4,1784798824734,1784798824735,202,1.000,warm
762,exp-warm-10000-000768-e15e0372,1784798824734,1784798824735,202,1.000,warm
763,exp-warm-10000-000762-4dcc003f,1784798824734,1784798824735,202,1.000,warm
764,exp-warm-10000-000772-8051fa44,1784798824734,1784798824736,202,2.000,warm
765,exp-warm-10000-000758-b605dda1,1784798824735,1784798824735,202,0.000,warm
766,exp-warm-10000-000761-02dea23c,1784798824735,1784798824735,202,0.000,warm
767,exp-warm-10000-000775-ba5e3a5d,1784798824735,1784798824736,202,1.000,warm
768,exp-warm-10000-000777-84ec1f72,1784798824735,1784798824736,202,1.000,warm
769,exp-warm-10000-000779-d88d3cc1,1784798824735,1784798824737,202,2.000,warm
770,exp-warm-10000-000789-b7c04dc4,1784798824735,1784798824737,202,2.000,warm
771,exp-warm-10000-000778-53ba3584,1784798824735,1784798824737,202,2.000,warm
772,exp-warm-10000-000787-cd85fd57,1784798824735,1784798824738,202,3.000,warm
773,exp-warm-10000-000796-719533d1,1784798824735,1784798824738,202,3.000,warm
774,exp-warm-10000-000770-4a271fd2,1784798824736,1784798824736,202,0.000,warm
775,exp-warm-10000-000773-5cd2dcd2,1784798824736,1784798824736,202,0.000,warm
776,exp-warm-10000-000786-70d0644a,1784798824736,1784798824737,202,1.000,warm
777,exp-warm-10000-000774-4a2c9523,1784798824736,1784798824737,202,1.000,warm
778,exp-warm-10000-000783-3e480419,1784798824736,1784798824737,202,1.000,warm
779,exp-warm-10000-000771-a378c06b,1784798824736,1784798824737,202,1.000,warm
780,exp-warm-10000-000782-de92492c,1784798824736,1784798824737,202,1.000,warm
781,exp-warm-10000-000804-65b63cb5,1784798824736,1784798824738,202,2.000,warm
782,exp-warm-10000-000805-b4d368db,1784798824736,1784798824738,202,2.000,warm
783,exp-warm-10000-000797-a3a0157e,1784798824736,1784798824738,202,2.000,warm
784,exp-warm-10000-000814-e70382ed,1784798824736,1784798824739,202,3.000,warm
785,exp-warm-10000-000812-71d8b351,1784798824736,1784798824739,202,3.000,warm
786,exp-warm-10000-000781-f54e6d7f,1784798824737,1784798824737,202,0.000,warm
787,exp-warm-10000-000780-74e86d53,1784798824737,1784798824737,202,0.000,warm
788,exp-warm-10000-000784-ff98d071,1784798824737,1784798824737,202,0.000,warm
789,exp-warm-10000-000800-d0ee60d0,1784798824737,1784798824738,202,1.000,warm
790,exp-warm-10000-000799-ef72cf16,1784798824737,1784798824738,202,1.000,warm
791,exp-warm-10000-000801-0c0f0b61,1784798824737,1784798824738,202,1.000,warm
792,exp-warm-10000-000803-50e33a58,1784798824737,1784798824738,202,1.000,warm
793,exp-warm-10000-000793-b722b6cb,1784798824737,1784798824738,202,1.000,warm
794,exp-warm-10000-000798-d3ea6a68,1784798824737,1784798824738,202,1.000,warm
795,exp-warm-10000-000776-d0df6dcf,1784798824737,1784798824738,202,1.000,warm
796,exp-warm-10000-000802-563f5881,1784798824737,1784798824738,202,1.000,warm
797,exp-warm-10000-000819-7e9e6ab1,1784798824737,1784798824739,202,2.000,warm
798,exp-warm-10000-000823-f7fc7883,1784798824737,1784798824740,202,3.000,warm
799,exp-warm-10000-000792-5165c22c,1784798824738,1784798824738,202,0.000,warm
800,exp-warm-10000-000790-7493a668,1784798824738,1784798824738,202,0.000,warm
801,exp-warm-10000-000795-d5c3182f,1784798824738,1784798824738,202,0.000,warm
802,exp-warm-10000-000794-4aab30a4,1784798824738,1784798824738,202,0.000,warm
803,exp-warm-10000-000791-a0270a74,1784798824738,1784798824738,202,0.000,warm
804,exp-warm-10000-000813-9eac906a,1784798824738,1784798824739,202,1.000,warm
805,exp-warm-10000-000815-1fc2c25e,1784798824738,1784798824739,202,1.000,warm
806,exp-warm-10000-000811-4f1f396c,1784798824738,1784798824739,202,1.000,warm
807,exp-warm-10000-000818-cb845535,1784798824738,1784798824739,202,1.000,warm
808,exp-warm-10000-000785-f74592f1,1784798824738,1784798824739,202,1.000,warm
809,exp-warm-10000-000808-c352581f,1784798824738,1784798824739,202,1.000,warm
810,exp-warm-10000-000827-435dc741,1784798824738,1784798824740,202,2.000,warm
811,exp-warm-10000-000807-c3e1cdb6,1784798824739,1784798824739,202,0.000,warm
812,exp-warm-10000-000806-bc18c497,1784798824739,1784798824739,202,0.000,warm
813,exp-warm-10000-000810-d27269ab,1784798824739,1784798824739,202,0.000,warm
814,exp-warm-10000-000809-7f4c9585,1784798824739,1784798824739,202,0.000,warm
815,exp-warm-10000-000822-7acad42e,1784798824739,1784798824740,202,1.000,warm
816,exp-warm-10000-000825-b4198682,1784798824739,1784798824740,202,1.000,warm
817,exp-warm-10000-000816-3bf41012,1784798824739,1784798824740,202,1.000,warm
818,exp-warm-10000-000824-d8020c5f,1784798824739,1784798824740,202,1.000,warm
819,exp-warm-10000-000826-101e5f21,1784798824739,1784798824740,202,1.000,warm
820,exp-warm-10000-000817-6ac1d913,1784798824739,1784798824740,202,1.000,warm
821,exp-warm-10000-000839-987cffa3,1784798824739,1784798824741,202,2.000,warm
822,exp-warm-10000-000836-e1648a31,1784798824739,1784798824741,202,2.000,warm
823,exp-warm-10000-000821-c82b3232,1784798824740,1784798824740,202,0.000,warm
824,exp-warm-10000-000788-36f63fc5,1784798824740,1784798824740,202,0.000,warm
825,exp-warm-10000-000833-047514a9,1784798824740,1784798824741,202,1.000,warm
826,exp-warm-10000-000838-877a1e74,1784798824740,1784798824741,202,1.000,warm
827,exp-warm-10000-000829-282c5af0,1784798824740,1784798824741,202,1.000,warm
828,exp-warm-10000-000840-714c43f0,1784798824740,1784798824741,202,1.000,warm
829,exp-warm-10000-000832-3b4ae9ef,1784798824740,1784798824741,202,1.000,warm
830,exp-warm-10000-000837-729ccdcc,1784798824740,1784798824741,202,1.000,warm
831,exp-warm-10000-000828-ec6bba03,1784798824740,1784798824741,202,1.000,warm
832,exp-warm-10000-000835-19cf5b1f,1784798824740,1784798824741,202,1.000,warm
833,exp-warm-10000-000841-efe925cc,1784798824740,1784798824742,202,2.000,warm
834,exp-warm-10000-000849-975b3d9b,1784798824740,1784798824742,202,2.000,warm
835,exp-warm-10000-000830-987d9fc6,1784798824741,1784798824741,202,0.000,warm
836,exp-warm-10000-000831-44df2810,1784798824741,1784798824741,202,0.000,warm
837,exp-warm-10000-000834-bdb4f899,1784798824741,1784798824741,202,0.000,warm
838,exp-warm-10000-000847-8da2ce97,1784798824741,1784798824742,202,1.000,warm
839,exp-warm-10000-000843-5fa007b9,1784798824741,1784798824742,202,1.000,warm
840,exp-warm-10000-000820-d12f8291,1784798824741,1784798824742,202,1.000,warm
841,exp-warm-10000-000846-a22b2a24,1784798824741,1784798824742,202,1.000,warm
842,exp-warm-10000-000853-721bd751,1784798824741,1784798824742,202,1.000,warm
843,exp-warm-10000-000854-0e09bcbb,1784798824741,1784798824742,202,1.000,warm
844,exp-warm-10000-000852-27a6a841,1784798824741,1784798824742,202,1.000,warm
845,exp-warm-10000-000850-3b94bfed,1784798824741,1784798824742,202,1.000,warm
846,exp-warm-10000-000851-e921f3c6,1784798824741,1784798824742,202,1.000,warm
847,exp-warm-10000-000864-03ed4655,1784798824741,1784798824743,202,2.000,warm
848,exp-warm-10000-000863-d2a1706d,1784798824741,1784798824743,202,2.000,warm
849,exp-warm-10000-000862-a9967f8e,1784798824741,1784798824743,202,2.000,warm
850,exp-warm-10000-000842-23e69b50,1784798824742,1784798824742,202,0.000,warm
851,exp-warm-10000-000845-0ca1911a,1784798824742,1784798824742,202,0.000,warm
852,exp-warm-10000-000848-25d0f3d6,1784798824742,1784798824742,202,0.000,warm
853,exp-warm-10000-000859-793593da,1784798824742,1784798824743,202,1.000,warm
854,exp-warm-10000-000857-6c26c6bf,1784798824742,1784798824743,202,1.000,warm
855,exp-warm-10000-000865-3c87e403,1784798824742,1784798824743,202,1.000,warm
856,exp-warm-10000-000855-26514c63,1784798824742,1784798824743,202,1.000,warm
857,exp-warm-10000-000867-28c46ba4,1784798824742,1784798824743,202,1.000,warm
858,exp-warm-10000-000861-439b0861,1784798824742,1784798824743,202,1.000,warm
859,exp-warm-10000-000866-cd17926e,1784798824742,1784798824743,202,1.000,warm
860,exp-warm-10000-000876-4dfabdc6,1784798824742,1784798824744,202,2.000,warm
861,exp-warm-10000-000856-d1d9a6bb,1784798824743,1784798824743,202,0.000,warm
862,exp-warm-10000-000858-c10a3f27,1784798824743,1784798824743,202,0.000,warm
863,exp-warm-10000-000860-9ae0d044,1784798824743,1784798824743,202,0.000,warm
864,exp-warm-10000-000875-67e7bd69,1784798824743,1784798824744,202,1.000,warm
865,exp-warm-10000-000872-a81487f0,1784798824743,1784798824744,202,1.000,warm
866,exp-warm-10000-000877-e5adc774,1784798824743,1784798824744,202,1.000,warm
867,exp-warm-10000-000886-9b2fbf77,1784798824743,1784798824745,202,2.000,warm
868,exp-warm-10000-000888-0fcf7daa,1784798824743,1784798824745,202,2.000,warm
869,exp-warm-10000-000879-8d3ff1dd,1784798824743,1784798824745,202,2.000,warm
870,exp-warm-10000-000878-96f14bda,1784798824743,1784798824745,202,2.000,warm
871,exp-warm-10000-000844-3763b22a,1784798824744,1784798824744,202,0.000,warm
872,exp-warm-10000-000869-0ca7f6b6,1784798824744,1784798824744,202,0.000,warm
873,exp-warm-10000-000874-c5a44dd3,1784798824744,1784798824744,202,0.000,warm
874,exp-warm-10000-000870-5c24881f,1784798824744,1784798824744,202,0.000,warm
875,exp-warm-10000-000868-8c195af2,1784798824744,1784798824744,202,0.000,warm
876,exp-warm-10000-000871-8c7f2d60,1784798824744,1784798824744,202,0.000,warm
877,exp-warm-10000-000873-fed238c8,1784798824744,1784798824744,202,0.000,warm
878,exp-warm-10000-000882-07817a91,1784798824744,1784798824745,202,1.000,warm
879,exp-warm-10000-000881-056c7912,1784798824744,1784798824745,202,1.000,warm
880,exp-warm-10000-000883-a53c140b,1784798824744,1784798824745,202,1.000,warm
881,exp-warm-10000-000884-5e035537,1784798824744,1784798824745,202,1.000,warm
882,exp-warm-10000-000885-13aa7181,1784798824744,1784798824745,202,1.000,warm
883,exp-warm-10000-000892-5edb8ff9,1784798824744,1784798824746,202,2.000,warm
884,exp-warm-10000-000897-632faff7,1784798824744,1784798824746,202,2.000,warm
885,exp-warm-10000-000901-823f8a05,1784798824744,1784798824747,202,3.000,warm
886,exp-warm-10000-000915-57aa072c,1784798824744,1784798824748,202,4.000,warm
887,exp-warm-10000-000914-adcce4f8,1784798824744,1784798824748,202,4.000,warm
888,exp-warm-10000-000880-45d6ad13,1784798824745,1784798824745,202,0.000,warm
889,exp-warm-10000-000895-eaaf9c34,1784798824745,1784798824746,202,1.000,warm
890,exp-warm-10000-000894-403dbe51,1784798824745,1784798824746,202,1.000,warm
891,exp-warm-10000-000896-6cf21289,1784798824745,1784798824746,202,1.000,warm
892,exp-warm-10000-000893-2d0ae172,1784798824745,1784798824746,202,1.000,warm
893,exp-warm-10000-000887-be78ca3f,1784798824745,1784798824746,202,1.000,warm
894,exp-warm-10000-000890-736c8b6f,1784798824745,1784798824746,202,1.000,warm
895,exp-warm-10000-000891-19cddd73,1784798824745,1784798824746,202,1.000,warm
896,exp-warm-10000-000905-6cd42317,1784798824745,1784798824749,202,4.000,warm
897,exp-warm-10000-000924-16e7795e,1784798824745,1784798824750,202,5.000,warm
898,exp-warm-10000-000889-e6d8cdb4,1784798824746,1784798824746,202,0.000,warm
899,exp-warm-10000-000899-3a5c8e5a,1784798824746,1784798824747,202,1.000,warm
900,exp-warm-10000-000902-40b64d4b,1784798824746,1784798824747,202,1.000,warm
901,exp-warm-10000-000923-cfe41f02,1784798824746,1784798824749,202,3.000,warm
902,exp-warm-10000-000898-783dac05,1784798824747,1784798824747,202,0.000,warm
903,exp-warm-10000-000913-99def1ea,1784798824747,1784798824748,202,1.000,warm
904,exp-warm-10000-000916-2407f5c7,1784798824747,1784798824748,202,1.000,warm
905,exp-warm-10000-000911-cbc248a8,1784798824747,1784798824748,202,1.000,warm
906,exp-warm-10000-000918-dccc39bc,1784798824747,1784798824748,202,1.000,warm
907,exp-warm-10000-000919-e8bf3471,1784798824747,1784798824748,202,1.000,warm
908,exp-warm-10000-000920-227eef53,1784798824747,1784798824748,202,1.000,warm
909,exp-warm-10000-000917-6f6054d1,1784798824747,1784798824748,202,1.000,warm
910,exp-warm-10000-000904-0f909638,1784798824748,1784798824749,202,1.000,warm
911,exp-warm-10000-000926-81cda28c,1784798824748,1784798824749,202,1.000,warm
912,exp-warm-10000-000912-eb438b69,1784798824748,1784798824749,202,1.000,warm
913,exp-warm-10000-000925-fb004451,1784798824748,1784798824749,202,1.000,warm
914,exp-warm-10000-000921-5f3ee02d,1784798824748,1784798824749,202,1.000,warm
915,exp-warm-10000-000922-f8d21a42,1784798824748,1784798824749,202,1.000,warm
916,exp-warm-10000-000927-47e335cb,1784798824748,1784798824749,202,1.000,warm
917,exp-warm-10000-000903-c9f02858,1784798824748,1784798824749,202,1.000,warm
918,exp-warm-10000-000906-60f1b6a4,1784798824748,1784798824749,202,1.000,warm
919,exp-warm-10000-000928-742e9d61,1784798824748,1784798824750,202,2.000,warm
920,exp-warm-10000-000929-de774a09,1784798824748,1784798824750,202,2.000,warm
921,exp-warm-10000-000908-3dbf0a3d,1784798824749,1784798824749,202,0.000,warm
922,exp-warm-10000-000910-7a22b340,1784798824749,1784798824749,202,0.000,warm
923,exp-warm-10000-000907-55d586b2,1784798824749,1784798824749,202,0.000,warm
924,exp-warm-10000-000909-68016d14,1784798824749,1784798824749,202,0.000,warm
925,exp-warm-10000-000941-81ccacd8,1784798824750,1784798824753,202,3.000,warm
926,exp-warm-10000-000932-bf724780,1784798824751,1784798824752,202,1.000,warm
927,exp-warm-10000-000900-b63be6fe,1784798824751,1784798824752,202,1.000,warm
928,exp-warm-10000-000933-79fdbb85,1784798824751,1784798824752,202,1.000,warm
929,exp-warm-10000-000930-313b8ef8,1784798824752,1784798824752,202,0.000,warm
930,exp-warm-10000-000931-599d3ed0,1784798824752,1784798824752,202,0.000,warm
931,exp-warm-10000-000934-314d67f7,1784798824752,1784798824752,202,0.000,warm
932,exp-warm-10000-000648-0c3ae85a,1784798824752,1784798824753,202,1.000,warm
933,exp-warm-10000-000940-63c4ca62,1784798824752,1784798824753,202,1.000,warm
934,exp-warm-10000-000541-5f3cdc26,1784798824752,1784798824753,202,1.000,warm
935,exp-warm-10000-000539-e108c682,1784798824752,1784798824753,202,1.000,warm
936,exp-warm-10000-000540-0c15c19f,1784798824752,1784798824753,202,1.000,warm
937,exp-warm-10000-000942-00b5ed96,1784798824752,1784798824753,202,1.000,warm
938,exp-warm-10000-000937-7604e6d6,1784798824752,1784798824754,202,2.000,warm
939,exp-warm-10000-000952-60fb51b2,1784798824752,1784798824756,202,4.000,warm
940,exp-warm-10000-000939-970d0a2e,1784798824753,1784798824753,202,0.000,warm
941,exp-warm-10000-000943-ab128b48,1784798824753,1784798824754,202,1.000,warm
942,exp-warm-10000-000935-11d07900,1784798824753,1784798824754,202,1.000,warm
943,exp-warm-10000-000950-9a1f330b,1784798824753,1784798824755,202,2.000,warm
944,exp-warm-10000-000948-4da2d945,1784798824754,1784798824755,202,1.000,warm
945,exp-warm-10000-000947-1d324bf8,1784798824754,1784798824755,202,1.000,warm
946,exp-warm-10000-000949-519c5a72,1784798824754,1784798824755,202,1.000,warm
947,exp-warm-10000-000951-a88c3659,1784798824754,1784798824755,202,1.000,warm
948,exp-warm-10000-000944-c9281343,1784798824755,1784798824755,202,0.000,warm
949,exp-warm-10000-000945-d58ba8ee,1784798824755,1784798824755,202,0.000,warm
950,exp-warm-10000-000960-64318be6,1784798824755,1784798824756,202,1.000,warm
951,exp-warm-10000-000959-e99605e0,1784798824755,1784798824756,202,1.000,warm
952,exp-warm-10000-000962-7169d8f1,1784798824755,1784798824756,202,1.000,warm
953,exp-warm-10000-000946-4cfda829,1784798824755,1784798824756,202,1.000,warm
954,exp-warm-10000-000954-5f2f334e,1784798824755,1784798824756,202,1.000,warm
955,exp-warm-10000-000961-6730080d,1784798824755,1784798824756,202,1.000,warm
956,exp-warm-10000-000975-9bd7452c,1784798824755,1784798824758,202,3.000,warm
957,exp-warm-10000-000953-12f01e59,1784798824756,1784798824756,202,0.000,warm
958,exp-warm-10000-000955-6b60a1c0,1784798824756,1784798824756,202,0.000,warm
959,exp-warm-10000-000957-b5651db3,1784798824756,1784798824756,202,0.000,warm
960,exp-warm-10000-000956-35dec2b0,1784798824756,1784798824756,202,0.000,warm
961,exp-warm-10000-000958-452eaad6,1784798824756,1784798824756,202,0.000,warm
962,exp-warm-10000-000964-d18dba0b,1784798824756,1784798824757,202,1.000,warm
963,exp-warm-10000-000971-33cf0ec0,1784798824756,1784798824757,202,1.000,warm
964,exp-warm-10000-000970-78cd9bac,1784798824756,1784798824757,202,1.000,warm
965,exp-warm-10000-000973-358d5ae5,1784798824756,1784798824757,202,1.000,warm
966,exp-warm-10000-000938-c04f3e6e,1784798824756,1784798824757,202,1.000,warm
967,exp-warm-10000-000972-1ee7bb04,1784798824756,1784798824757,202,1.000,warm
968,exp-warm-10000-000963-105f064a,1784798824756,1784798824757,202,1.000,warm
969,exp-warm-10000-000936-d8cbadb7,1784798824756,1784798824758,202,2.000,warm
970,exp-warm-10000-000966-9ae35a5c,1784798824757,1784798824757,202,0.000,warm
971,exp-warm-10000-000968-9df4c189,1784798824757,1784798824757,202,0.000,warm
972,exp-warm-10000-000969-cc59cbeb,1784798824757,1784798824757,202,0.000,warm
973,exp-warm-10000-000965-171febe0,1784798824757,1784798824757,202,0.000,warm
974,exp-warm-10000-000967-eb0af3ee,1784798824757,1784798824757,202,0.000,warm
975,exp-warm-10000-000978-1303300c,1784798824757,1784798824758,202,1.000,warm
976,exp-warm-10000-000981-7d225459,1784798824757,1784798824758,202,1.000,warm
977,exp-warm-10000-000974-98a91e68,1784798824757,1784798824758,202,1.000,warm
978,exp-warm-10000-000976-d9f13dfe,1784798824757,1784798824758,202,1.000,warm
979,exp-warm-10000-000979-29a8c1ac,1784798824757,1784798824758,202,1.000,warm
980,exp-warm-10000-000980-7e2d7486,1784798824757,1784798824758,202,1.000,warm
981,exp-warm-10000-000989-ebeaaff3,1784798824757,1784798824759,202,2.000,warm
982,exp-warm-10000-000977-5ab7e3d8,1784798824758,1784798824758,202,0.000,warm
983,exp-warm-10000-000988-309f32f3,1784798824758,1784798824759,202,1.000,warm
984,exp-warm-10000-000983-30d3b5c4,1784798824758,1784798824759,202,1.000,warm
985,exp-warm-10000-000990-f32d6353,1784798824758,1784798824759,202,1.000,warm
986,exp-warm-10000-000987-4e4e90ff,1784798824758,1784798824759,202,1.000,warm
987,exp-warm-10000-000999-97df0229,1784798824758,1784798824760,202,2.000,warm
988,exp-warm-10000-001000-2da6b861,1784798824758,1784798824760,202,2.000,warm
989,exp-warm-10000-000984-b243dedc,1784798824759,1784798824759,202,0.000,warm
990,exp-warm-10000-000986-70545888,1784798824759,1784798824759,202,0.000,warm
991,exp-warm-10000-000982-92553b33,1784798824759,1784798824759,202,0.000,warm
992,exp-warm-10000-000997-cbddc5df,1784798824759,1784798824760,202,1.000,warm
993,exp-warm-10000-000996-99a0bdae,1784798824759,1784798824760,202,1.000,warm
994,exp-warm-10000-001002-2a7c061b,1784798824759,1784798824760,202,1.000,warm
995,exp-warm-10000-001001-02db8a9b,1784798824759,1784798824760,202,1.000,warm
996,exp-warm-10000-000993-4c0bf985,1784798824759,1784798824760,202,1.000,warm
997,exp-warm-10000-000991-81a0085e,1784798824759,1784798824760,202,1.000,warm
998,exp-warm-10000-000992-10eacff4,1784798824759,1784798824760,202,1.000,warm
999,exp-warm-10000-000995-a539a8ec,1784798824759,1784798824760,202,1.000,warm
1000,exp-warm-10000-001008-d73282f0,1784798824759,1784798824761,202,2.000,warm
1001,exp-warm-10000-001003-6aecd748,1784798824759,1784798824761,202,2.000,warm
1002,exp-warm-10000-001009-4cf2a770,1784798824759,1784798824761,202,2.000,warm
1003,exp-warm-10000-001015-f4d6d5bb,1784798824759,1784798824762,202,3.000,warm
1004,exp-warm-10000-001031-2fc77527,1784798824759,1784798824764,202,5.000,warm
1005,exp-warm-10000-000985-4ea8d0a4,1784798824760,1784798824760,202,0.000,warm
1006,exp-warm-10000-000998-35c18505,1784798824760,1784798824760,202,0.000,warm
1007,exp-warm-10000-001005-a0b84ad8,1784798824760,1784798824761,202,1.000,warm
1008,exp-warm-10000-000994-c6388d02,1784798824760,1784798824761,202,1.000,warm
1009,exp-warm-10000-001007-f2b8957c,1784798824760,1784798824761,202,1.000,warm
1010,exp-warm-10000-001016-cf656797,1784798824760,1784798824762,202,2.000,warm
1011,exp-warm-10000-001006-3c509b6c,1784798824760,1784798824762,202,2.000,warm
1012,exp-warm-10000-001020-87edf12b,1784798824760,1784798824763,202,3.000,warm
1013,exp-warm-10000-001004-c26a0678,1784798824761,1784798824761,202,0.000,warm
1014,exp-warm-10000-001011-227562c7,1784798824761,1784798824762,202,1.000,warm
1015,exp-warm-10000-001013-d5ebbec4,1784798824761,1784798824762,202,1.000,warm
1016,exp-warm-10000-001026-211afa43,1784798824761,1784798824766,202,5.000,warm
1017,exp-warm-10000-001050-b61b2f49,1784798824761,1784798824767,202,6.000,warm
1018,exp-warm-10000-001012-169f72b2,1784798824762,1784798824762,202,0.000,warm
1019,exp-warm-10000-001010-daab78d8,1784798824762,1784798824762,202,0.000,warm
1020,exp-warm-10000-001014-9f647908,1784798824762,1784798824762,202,0.000,warm
1021,exp-warm-10000-001019-db91b091,1784798824762,1784798824763,202,1.000,warm
1022,exp-warm-10000-001022-ea60cd03,1784798824762,1784798824763,202,1.000,warm
1023,exp-warm-10000-001021-7774b795,1784798824762,1784798824763,202,1.000,warm
1024,exp-warm-10000-001030-4d67a5c9,1784798824762,1784798824764,202,2.000,warm
1025,exp-warm-10000-001025-6a5617ac,1784798824762,1784798824764,202,2.000,warm
1026,exp-warm-10000-001035-25cf9771,1784798824762,1784798824765,202,3.000,warm
1027,exp-warm-10000-001040-5bdaecd0,1784798824762,1784798824767,202,5.000,warm
1028,exp-warm-10000-001017-ef492fda,1784798824763,1784798824763,202,0.000,warm
1029,exp-warm-10000-001018-8216bb15,1784798824763,1784798824763,202,0.000,warm
1030,exp-warm-10000-001028-fa814223,1784798824763,1784798824764,202,1.000,warm
1031,exp-warm-10000-001032-1a7db3f6,1784798824763,1784798824764,202,1.000,warm
1032,exp-warm-10000-001023-e4967594,1784798824763,1784798824764,202,1.000,warm
1033,exp-warm-10000-001036-486f77e4,1784798824763,1784798824765,202,2.000,warm
1034,exp-warm-10000-001034-24a27d3f,1784798824763,1784798824765,202,2.000,warm
1035,exp-warm-10000-001033-6f0e5c14,1784798824763,1784798824765,202,2.000,warm
1036,exp-warm-10000-001067-fc4220da,1784798824763,1784798824768,202,5.000,warm
1037,exp-warm-10000-001024-456a262a,1784798824764,1784798824764,202,0.000,warm
1038,exp-warm-10000-001038-0d584ec6,1784798824764,1784798824765,202,1.000,warm
1039,exp-warm-10000-001037-3da518da,1784798824764,1784798824765,202,1.000,warm
1040,exp-warm-10000-001039-5632b71a,1784798824764,1784798824765,202,1.000,warm
1041,exp-warm-10000-001047-5d3a0806,1784798824764,1784798824766,202,2.000,warm
1042,exp-warm-10000-001044-0e58d2e0,1784798824764,1784798824766,202,2.000,warm
1043,exp-warm-10000-001049-391f23c1,1784798824764,1784798824766,202,2.000,warm
1044,exp-warm-10000-001054-1088d88a,1784798824764,1784798824767,202,3.000,warm
1045,exp-warm-10000-001043-7629836f,1784798824765,1784798824766,202,1.000,warm
1046,exp-warm-10000-001046-c4b108a7,1784798824765,1784798824766,202,1.000,warm
1047,exp-warm-10000-001045-891a6d33,1784798824765,1784798824766,202,1.000,warm
1048,exp-warm-10000-001042-ad2c9535,1784798824765,1784798824766,202,1.000,warm
1049,exp-warm-10000-001077-7b37c927,1784798824765,1784798824769,202,4.000,warm
1050,exp-warm-10000-001078-4bf7c27f,1784798824765,1784798824769,202,4.000,warm
1051,exp-warm-10000-001041-373c1e46,1784798824766,1784798824766,202,0.000,warm
1052,exp-warm-10000-001029-fefacaea,1784798824766,1784798824766,202,0.000,warm
1053,exp-warm-10000-001027-6f59ab8a,1784798824766,1784798824766,202,0.000,warm
1054,exp-warm-10000-001056-4211ce0e,1784798824766,1784798824767,202,1.000,warm
1055,exp-warm-10000-001052-977a5cf7,1784798824766,1784798824767,202,1.000,warm
1056,exp-warm-10000-001057-bf0a5885,1784798824766,1784798824767,202,1.000,warm
1057,exp-warm-10000-001058-c9b5c339,1784798824766,1784798824767,202,1.000,warm
1058,exp-warm-10000-001055-bfb6349e,1784798824766,1784798824767,202,1.000,warm
1059,exp-warm-10000-001048-56bb017d,1784798824766,1784798824768,202,2.000,warm
1060,exp-warm-10000-001073-a9c69941,1784798824766,1784798824769,202,3.000,warm
1061,exp-warm-10000-001051-f827541a,1784798824767,1784798824767,202,0.000,warm
1062,exp-warm-10000-001061-eedf8cee,1784798824767,1784798824768,202,1.000,warm
1063,exp-warm-10000-001064-e5ac9ee5,1784798824767,1784798824768,202,1.000,warm
1064,exp-warm-10000-001066-8794f65e,1784798824767,1784798824768,202,1.000,warm
1065,exp-warm-10000-001068-5ddced9f,1784798824767,1784798824768,202,1.000,warm
1066,exp-warm-10000-001069-c865fdc1,1784798824767,1784798824768,202,1.000,warm
1067,exp-warm-10000-001065-553fe3e8,1784798824767,1784798824768,202,1.000,warm
1068,exp-warm-10000-001059-3b7c07af,1784798824767,1784798824768,202,1.000,warm
1069,exp-warm-10000-001060-7907096e,1784798824767,1784798824768,202,1.000,warm
1070,exp-warm-10000-001062-f0efa2f6,1784798824767,1784798824768,202,1.000,warm
1071,exp-warm-10000-001074-d42bce99,1784798824767,1784798824769,202,2.000,warm
1072,exp-warm-10000-001063-4f80317e,1784798824768,1784798824768,202,0.000,warm
1073,exp-warm-10000-001076-9c155252,1784798824768,1784798824769,202,1.000,warm
1074,exp-warm-10000-001075-975f13c9,1784798824768,1784798824769,202,1.000,warm
1075,exp-warm-10000-001084-61e12375,1784798824768,1784798824770,202,2.000,warm
1076,exp-warm-10000-001080-068322bd,1784798824768,1784798824770,202,2.000,warm
1077,exp-warm-10000-001081-eb01f707,1784798824768,1784798824770,202,2.000,warm
1078,exp-warm-10000-001085-2c502cf4,1784798824768,1784798824770,202,2.000,warm
1079,exp-warm-10000-001071-c95e8084,1784798824769,1784798824769,202,0.000,warm
1080,exp-warm-10000-001070-2cd69f3e,1784798824769,1784798824769,202,0.000,warm
1081,exp-warm-10000-001072-380aa7b5,1784798824769,1784798824769,202,0.000,warm
1082,exp-warm-10000-001079-9d84cec3,1784798824769,1784798824770,202,1.000,warm
1083,exp-warm-10000-001083-3c87e92d,1784798824769,1784798824770,202,1.000,warm
1084,exp-warm-10000-001087-4afa05a0,1784798824769,1784798824770,202,1.000,warm
1085,exp-warm-10000-001086-45bc8a36,1784798824769,1784798824770,202,1.000,warm
1086,exp-warm-10000-001094-06e53e46,1784798824769,1784798824771,202,2.000,warm
1087,exp-warm-10000-001097-26a0ea85,1784798824769,1784798824771,202,2.000,warm
1088,exp-warm-10000-001053-bb64eb17,1784798824770,1784798824770,202,0.000,warm
1089,exp-warm-10000-001082-846970ca,1784798824770,1784798824770,202,0.000,warm
1090,exp-warm-10000-001088-f51d2f64,1784798824770,1784798824771,202,1.000,warm
1091,exp-warm-10000-001092-ed2e45b0,1784798824770,1784798824771,202,1.000,warm
1092,exp-warm-10000-001089-993c4c28,1784798824770,1784798824771,202,1.000,warm
1093,exp-warm-10000-001098-e1fcd004,1784798824770,1784798824771,202,1.000,warm
1094,exp-warm-10000-001093-b6c915f3,1784798824770,1784798824771,202,1.000,warm
1095,exp-warm-10000-001095-e89bd294,1784798824770,1784798824771,202,1.000,warm
1096,exp-warm-10000-001096-80d5e7a8,1784798824770,1784798824771,202,1.000,warm
1097,exp-warm-10000-001103-17800fac,1784798824770,1784798824772,202,2.000,warm
1098,exp-warm-10000-001091-0e4e0b7e,1784798824771,1784798824771,202,0.000,warm
1099,exp-warm-10000-001090-ae9afbfd,1784798824771,1784798824771,202,0.000,warm
1100,exp-warm-10000-001104-0fc36cc2,1784798824771,1784798824772,202,1.000,warm
1101,exp-warm-10000-001101-2b9750b5,1784798824771,1784798824772,202,1.000,warm
1102,exp-warm-10000-001100-1c5ebc1d,1784798824771,1784798824772,202,1.000,warm
1103,exp-warm-10000-001102-a430754a,1784798824771,1784798824772,202,1.000,warm
1104,exp-warm-10000-001113-66042d1b,1784798824771,1784798824773,202,2.000,warm
1105,exp-warm-10000-001127-5c72012f,1784798824771,1784798824776,202,5.000,warm
1106,exp-warm-10000-001099-0dbf53fb,1784798824772,1784798824772,202,0.000,warm
1107,exp-warm-10000-001109-4ea51594,1784798824772,1784798824773,202,1.000,warm
1108,exp-warm-10000-001111-afe6cfc6,1784798824772,1784798824773,202,1.000,warm
1109,exp-warm-10000-001105-db30e236,1784798824772,1784798824773,202,1.000,warm
1110,exp-warm-10000-001110-142e999d,1784798824772,1784798824773,202,1.000,warm
1111,exp-warm-10000-001108-f3cdac9d,1784798824772,1784798824773,202,1.000,warm
1112,exp-warm-10000-001106-0ba897ca,1784798824773,1784798824773,202,0.000,warm
1113,exp-warm-10000-001107-989b994a,1784798824773,1784798824773,202,0.000,warm
1114,exp-warm-10000-001120-4328a572,1784798824773,1784798824774,202,1.000,warm
1115,exp-warm-10000-001121-bf4887c3,1784798824773,1784798824774,202,1.000,warm
1116,exp-warm-10000-001122-275bb6f4,1784798824773,1784798824774,202,1.000,warm
1117,exp-warm-10000-001112-16f12d34,1784798824773,1784798824774,202,1.000,warm
1118,exp-warm-10000-001117-3d80b682,1784798824773,1784798824774,202,1.000,warm
1119,exp-warm-10000-001114-731cc8f6,1784798824774,1784798824774,202,0.000,warm
1120,exp-warm-10000-001118-34df8f85,1784798824774,1784798824774,202,0.000,warm
1121,exp-warm-10000-001116-bc301ab9,1784798824774,1784798824774,202,0.000,warm
1122,exp-warm-10000-001119-6b355e0c,1784798824774,1784798824774,202,0.000,warm
1123,exp-warm-10000-001115-34791ece,1784798824774,1784798824774,202,0.000,warm
1124,exp-warm-10000-001125-c67e49e2,1784798824774,1784798824775,202,1.000,warm
1125,exp-warm-10000-001126-41776696,1784798824774,1784798824775,202,1.000,warm
1126,exp-warm-10000-001129-327bf8d4,1784798824774,1784798824775,202,1.000,warm
1127,exp-warm-10000-001128-139a43c2,1784798824774,1784798824775,202,1.000,warm
1128,exp-warm-10000-001150-54213219,1784798824774,1784798824778,202,4.000,warm
1129,exp-warm-10000-001147-40f2375a,1784798824774,1784798824778,202,4.000,warm
1130,exp-warm-10000-001123-7ad0f4db,1784798824775,1784798824775,202,0.000,warm
1131,exp-warm-10000-001124-883e89a5,1784798824775,1784798824775,202,0.000,warm
1132,exp-warm-10000-001135-abd47abd,1784798824775,1784798824776,202,1.000,warm
1133,exp-warm-10000-001131-dab55e6c,1784798824775,1784798824776,202,1.000,warm
1134,exp-warm-10000-001133-3251af1c,1784798824775,1784798824776,202,1.000,warm
1135,exp-warm-10000-001144-d5009efa,1784798824775,1784798824777,202,2.000,warm
1136,exp-warm-10000-001141-71c611f9,1784798824775,1784798824777,202,2.000,warm
1137,exp-warm-10000-001130-27ea23e6,1784798824776,1784798824776,202,0.000,warm
1138,exp-warm-10000-001132-b683a714,1784798824776,1784798824776,202,0.000,warm
1139,exp-warm-10000-001134-34324a70,1784798824776,1784798824776,202,0.000,warm
1140,exp-warm-10000-001140-67a929dd,1784798824776,1784798824777,202,1.000,warm
1141,exp-warm-10000-001138-9bc2dc22,1784798824776,1784798824777,202,1.000,warm
1142,exp-warm-10000-001137-5f8bf60e,1784798824776,1784798824777,202,1.000,warm
1143,exp-warm-10000-001143-a9de5b26,1784798824776,1784798824777,202,1.000,warm
1144,exp-warm-10000-001139-303a500a,1784798824776,1784798824777,202,1.000,warm
1145,exp-warm-10000-001142-cbd24b59,1784798824776,1784798824777,202,1.000,warm
1146,exp-warm-10000-001145-bbc83a57,1784798824776,1784798824777,202,1.000,warm
1147,exp-warm-10000-001151-8ee3ac91,1784798824776,1784798824778,202,2.000,warm
1148,exp-warm-10000-001161-cdbd2584,1784798824776,1784798824779,202,3.000,warm
1149,exp-warm-10000-001158-13693733,1784798824776,1784798824779,202,3.000,warm
1150,exp-warm-10000-001159-be51a656,1784798824776,1784798824779,202,3.000,warm
1151,exp-warm-10000-001136-9a8434c6,1784798824777,1784798824777,202,0.000,warm
1152,exp-warm-10000-001148-4e56be30,1784798824777,1784798824778,202,1.000,warm
1153,exp-warm-10000-001149-20d6f931,1784798824777,1784798824778,202,1.000,warm
1154,exp-warm-10000-001152-07fe57fe,1784798824777,1784798824778,202,1.000,warm
1155,exp-warm-10000-001153-2c222fc1,1784798824777,1784798824778,202,1.000,warm
1156,exp-warm-10000-001157-56ed6ff6,1784798824777,1784798824779,202,2.000,warm
1157,exp-warm-10000-001156-f5482a2d,1784798824777,1784798824779,202,2.000,warm
1158,exp-warm-10000-001163-245e5ba9,1784798824777,1784798824780,202,3.000,warm
1159,exp-warm-10000-001146-7cf1880a,1784798824778,1784798824778,202,0.000,warm
1160,exp-warm-10000-001154-821743df,1784798824778,1784798824779,202,1.000,warm
1161,exp-warm-10000-001165-9adf12f3,1784798824778,1784798824780,202,2.000,warm
1162,exp-warm-10000-001167-fd64ab97,1784798824778,1784798824780,202,2.000,warm
1163,exp-warm-10000-001164-89a6cdd3,1784798824778,1784798824780,202,2.000,warm
1164,exp-warm-10000-001155-389d27f3,1784798824779,1784798824779,202,0.000,warm
1165,exp-warm-10000-001169-b6905d68,1784798824779,1784798824780,202,1.000,warm
1166,exp-warm-10000-001168-c63d79aa,1784798824779,1784798824780,202,1.000,warm
1167,exp-warm-10000-001170-192965dd,1784798824779,1784798824780,202,1.000,warm
1168,exp-warm-10000-001178-ba3f28f1,1784798824779,1784798824781,202,2.000,warm
1169,exp-warm-10000-001162-e66dc758,1784798824780,1784798824781,202,1.000,warm
1170,exp-warm-10000-001173-0965ca72,1784798824780,1784798824781,202,1.000,warm
1171,exp-warm-10000-001177-327d3c1c,1784798824780,1784798824781,202,1.000,warm
1172,exp-warm-10000-001179-83e1565b,1784798824780,1784798824781,202,1.000,warm
1173,exp-warm-10000-001176-bf151cd7,1784798824780,1784798824781,202,1.000,warm
1174,exp-warm-10000-001181-ecd74059,1784798824780,1784798824782,202,2.000,warm
1175,exp-warm-10000-001174-a83e7cee,1784798824781,1784798824781,202,0.000,warm
1176,exp-warm-10000-001160-ef7723d4,1784798824781,1784798824781,202,0.000,warm
1177,exp-warm-10000-001175-ad8c621c,1784798824781,1784798824781,202,0.000,warm
1178,exp-warm-10000-001182-e93a1cef,1784798824781,1784798824782,202,1.000,warm
1179,exp-warm-10000-001180-f83c392a,1784798824782,1784798824782,202,0.000,warm
1180,exp-warm-10000-001171-71b97637,1784798824782,1784798824782,202,0.000,warm
1181,exp-warm-10000-001166-1cc333c7,1784798824782,1784798824782,202,0.000,warm
1182,exp-warm-10000-001172-dcc160c2,1784798824782,1784798824782,202,0.000,warm
1183,exp-warm-10000-001184-2f01b8a5,1784798824782,1784798824784,202,2.000,warm
1184,exp-warm-10000-001190-e0de5056,1784798824783,1784798824784,202,1.000,warm
1185,exp-warm-10000-001191-a22d705c,1784798824783,1784798824784,202,1.000,warm
1186,exp-warm-10000-001192-7e28aa03,1784798824783,1784798824784,202,1.000,warm
1187,exp-warm-10000-001189-8c14204f,1784798824783,1784798824784,202,1.000,warm
1188,exp-warm-10000-001183-e30cf463,1784798824783,1784798824783,202,0.000,warm
1189,exp-warm-10000-001188-547b20ae,1784798824783,1784798824784,202,1.000,warm
1190,exp-warm-10000-001202-91473b41,1784798824784,1784798824786,202,2.000,warm
1191,exp-warm-10000-001204-1a57b158,1784798824784,1784798824786,202,2.000,warm
1192,exp-warm-10000-001205-bfac7c07,1784798824784,1784798824786,202,2.000,warm
1193,exp-warm-10000-001199-99d661d9,1784798824784,1784798824786,202,2.000,warm
1194,exp-warm-10000-001200-050d83f8,1784798824784,1784798824787,202,3.000,warm
1195,exp-warm-10000-001194-9e7d3184,1784798824785,1784798824785,202,0.000,warm
1196,exp-warm-10000-001193-57312381,1784798824785,1784798824785,202,0.000,warm
1197,exp-warm-10000-001203-e8a70a92,1784798824785,1784798824786,202,1.000,warm
1198,exp-warm-10000-001196-0e503f53,1784798824785,1784798824786,202,1.000,warm
1199,exp-warm-10000-001201-9b78f277,1784798824785,1784798824786,202,1.000,warm
1200,exp-warm-10000-001207-3595468a,1784798824785,1784798824787,202,2.000,warm
1201,exp-warm-10000-001198-c3ae135a,1784798824786,1784798824786,202,0.000,warm
1202,exp-warm-10000-001197-ac28515c,1784798824786,1784798824786,202,0.000,warm
1203,exp-warm-10000-001212-49c5b8e3,1784798824786,1784798824787,202,1.000,warm
1204,exp-warm-10000-001206-25c4bba1,1784798824786,1784798824787,202,1.000,warm
1205,exp-warm-10000-001210-1a11d49b,1784798824786,1784798824787,202,1.000,warm
1206,exp-warm-10000-001195-853a8c63,1784798824786,1784798824787,202,1.000,warm
1207,exp-warm-10000-001213-8a428278,1784798824786,1784798824787,202,1.000,warm
1208,exp-warm-10000-001225-27ca0991,1784798824786,1784798824789,202,3.000,warm
1209,exp-warm-10000-001227-fcc511b9,1784798824786,1784798824789,202,3.000,warm
1210,exp-warm-10000-001211-f86f4345,1784798824787,1784798824787,202,0.000,warm
1211,exp-warm-10000-001208-e57a4042,1784798824787,1784798824787,202,0.000,warm
1212,exp-warm-10000-001209-1d726137,1784798824787,1784798824787,202,0.000,warm
1213,exp-warm-10000-001219-502479d9,1784798824787,1784798824788,202,1.000,warm
1214,exp-warm-10000-001216-046bdf54,1784798824787,1784798824788,202,1.000,warm
1215,exp-warm-10000-001218-1db4bbe9,1784798824787,1784798824788,202,1.000,warm
1216,exp-warm-10000-001217-7b956cc1,1784798824787,1784798824788,202,1.000,warm
1217,exp-warm-10000-001220-4501e8ec,1784798824787,1784798824788,202,1.000,warm
1218,exp-warm-10000-001230-b4a65553,1784798824787,1784798824789,202,2.000,warm
1219,exp-warm-10000-001235-96f86fea,1784798824787,1784798824789,202,2.000,warm
1220,exp-warm-10000-001273-6c59044a,1784798824787,1784798824794,202,7.000,warm
1221,exp-warm-10000-001214-b896440b,1784798824788,1784798824788,202,0.000,warm
1222,exp-warm-10000-001215-711939f1,1784798824788,1784798824788,202,0.000,warm
1223,exp-warm-10000-001231-7f8d7005,1784798824788,1784798824789,202,1.000,warm
1224,exp-warm-10000-001229-c84f166e,1784798824788,1784798824789,202,1.000,warm
1225,exp-warm-10000-001226-828b3ea4,1784798824788,1784798824789,202,1.000,warm
1226,exp-warm-10000-001233-530a467f,1784798824788,1784798824789,202,1.000,warm
1227,exp-warm-10000-001232-a497557d,1784798824788,1784798824789,202,1.000,warm
1228,exp-warm-10000-001221-3b8c6f45,1784798824788,1784798824789,202,1.000,warm
1229,exp-warm-10000-001236-6eb60707,1784798824788,1784798824790,202,2.000,warm
1230,exp-warm-10000-001185-d09775b6,1784798824788,1784798824790,202,2.000,warm
1231,exp-warm-10000-001240-feb75aa0,1784798824788,1784798824790,202,2.000,warm
1232,exp-warm-10000-001290-69a715ad,1784798824788,1784798824796,202,8.000,warm
1233,exp-warm-10000-001223-ce7dc259,1784798824789,1784798824789,202,0.000,warm
1234,exp-warm-10000-001224-d81bd44b,1784798824789,1784798824789,202,0.000,warm
1235,exp-warm-10000-001222-d1fc9d2b,1784798824789,1784798824789,202,0.000,warm
1236,exp-warm-10000-001228-2197fe84,1784798824789,1784798824789,202,0.000,warm
1237,exp-warm-10000-001241-eb31ef76,1784798824789,1784798824790,202,1.000,warm
1238,exp-warm-10000-001234-866eee70,1784798824789,1784798824790,202,1.000,warm
1239,exp-warm-10000-001242-e228daa0,1784798824789,1784798824790,202,1.000,warm
1240,exp-warm-10000-001238-e67c80d9,1784798824789,1784798824790,202,1.000,warm
1241,exp-warm-10000-001244-b2e0edfa,1784798824789,1784798824790,202,1.000,warm
1242,exp-warm-10000-001186-fa4efdcb,1784798824789,1784798824790,202,1.000,warm
1243,exp-warm-10000-001187-7e01b1a8,1784798824789,1784798824790,202,1.000,warm
1244,exp-warm-10000-001243-9cf5c922,1784798824789,1784798824790,202,1.000,warm
1245,exp-warm-10000-001246-de4784e5,1784798824789,1784798824791,202,2.000,warm
1246,exp-warm-10000-001237-baf54770,1784798824790,1784798824790,202,0.000,warm
1247,exp-warm-10000-001250-102d2b83,1784798824790,1784798824791,202,1.000,warm
1248,exp-warm-10000-001252-53030c04,1784798824790,1784798824791,202,1.000,warm
1249,exp-warm-10000-001251-d7b82c34,1784798824790,1784798824791,202,1.000,warm
1250,exp-warm-10000-001247-ebf24ab7,1784798824790,1784798824791,202,1.000,warm
1251,exp-warm-10000-001260-39491066,1784798824790,1784798824792,202,2.000,warm
1252,exp-warm-10000-001283-1fee4ff7,1784798824790,1784798824795,202,5.000,warm
1253,exp-warm-10000-001245-7612b2f2,1784798824791,1784798824791,202,0.000,warm
1254,exp-warm-10000-001239-bc94d33e,1784798824791,1784798824791,202,0.000,warm
1255,exp-warm-10000-001248-4a0d9f82,1784798824791,1784798824791,202,0.000,warm
1256,exp-warm-10000-001249-da408547,1784798824791,1784798824791,202,0.000,warm
1257,exp-warm-10000-001257-b767cb7f,1784798824791,1784798824792,202,1.000,warm
1258,exp-warm-10000-001258-e0fe86d4,1784798824791,1784798824792,202,1.000,warm
1259,exp-warm-10000-001254-d36eaa78,1784798824791,1784798824792,202,1.000,warm
1260,exp-warm-10000-001261-375b1e98,1784798824791,1784798824792,202,1.000,warm
1261,exp-warm-10000-001262-137de5f0,1784798824791,1784798824792,202,1.000,warm
1262,exp-warm-10000-001259-6cf52935,1784798824791,1784798824792,202,1.000,warm
1263,exp-warm-10000-001268-24f17732,1784798824791,1784798824793,202,2.000,warm
1264,exp-warm-10000-001270-17440590,1784798824791,1784798824793,202,2.000,warm
1265,exp-warm-10000-001291-2f61a1d6,1784798824791,1784798824796,202,5.000,warm
1266,exp-warm-10000-001292-ec518c8b,1784798824791,1784798824796,202,5.000,warm
1267,exp-warm-10000-001253-172c7652,1784798824792,1784798824792,202,0.000,warm
1268,exp-warm-10000-001256-75c241ea,1784798824792,1784798824792,202,0.000,warm
1269,exp-warm-10000-001255-c8b65076,1784798824792,1784798824792,202,0.000,warm
1270,exp-warm-10000-001269-1be24232,1784798824792,1784798824793,202,1.000,warm
1271,exp-warm-10000-001278-8e7d1028,1784798824792,1784798824794,202,2.000,warm
1272,exp-warm-10000-001288-e076716a,1784798824792,1784798824796,202,4.000,warm
1273,exp-warm-10000-001296-cb530d3e,1784798824792,1784798824797,202,5.000,warm
1274,exp-warm-10000-001263-3795246f,1784798824793,1784798824793,202,0.000,warm
1275,exp-warm-10000-001265-830471df,1784798824793,1784798824793,202,0.000,warm
1276,exp-warm-10000-001264-99854ec3,1784798824793,1784798824793,202,0.000,warm
1277,exp-warm-10000-001266-844f31aa,1784798824793,1784798824793,202,0.000,warm
1278,exp-warm-10000-001267-9ef19c95,1784798824793,1784798824793,202,0.000,warm
1279,exp-warm-10000-001275-2263ee2e,1784798824793,1784798824794,202,1.000,warm
1280,exp-warm-10000-001271-d44b46ee,1784798824793,1784798824794,202,1.000,warm
1281,exp-warm-10000-001277-6b7f61ee,1784798824793,1784798824794,202,1.000,warm
1282,exp-warm-10000-001276-4eda3d2b,1784798824793,1784798824794,202,1.000,warm
1283,exp-warm-10000-001281-a8c71c11,1784798824793,1784798824795,202,2.000,warm
1284,exp-warm-10000-001280-1e222426,1784798824793,1784798824795,202,2.000,warm
1285,exp-warm-10000-001274-9b9862fe,1784798824794,1784798824794,202,0.000,warm
1286,exp-warm-10000-001272-bcf5243f,1784798824794,1784798824794,202,0.000,warm
1287,exp-warm-10000-001284-70db4df3,1784798824794,1784798824795,202,1.000,warm
1288,exp-warm-10000-001285-a042589d,1784798824794,1784798824795,202,1.000,warm
1289,exp-warm-10000-001287-650fd90b,1784798824794,1784798824796,202,2.000,warm
1290,exp-warm-10000-001286-c5b5bde3,1784798824794,1784798824796,202,2.000,warm
1291,exp-warm-10000-001289-8292d2a8,1784798824794,1784798824796,202,2.000,warm
1292,exp-warm-10000-001299-00d9abb5,1784798824794,1784798824797,202,3.000,warm
1293,exp-warm-10000-001305-5f1d94e8,1784798824794,1784798824797,202,3.000,warm
1294,exp-warm-10000-001303-d59f5094,1784798824794,1784798824797,202,3.000,warm
1295,exp-warm-10000-001298-0a46ff5d,1784798824794,1784798824797,202,3.000,warm
1296,exp-warm-10000-001297-f58b7ca6,1784798824794,1784798824797,202,3.000,warm
1297,exp-warm-10000-001294-87d56612,1784798824794,1784798824797,202,3.000,warm
1298,exp-warm-10000-001293-a6a077a8,1784798824794,1784798824797,202,3.000,warm
1299,exp-warm-10000-001279-cb18db97,1784798824795,1784798824795,202,0.000,warm
1300,exp-warm-10000-001282-7636c840,1784798824795,1784798824795,202,0.000,warm
1301,exp-warm-10000-001302-e36cfc3a,1784798824796,1784798824797,202,1.000,warm
1302,exp-warm-10000-001304-a9f547b3,1784798824796,1784798824797,202,1.000,warm
1303,exp-warm-10000-001306-86b294ce,1784798824796,1784798824797,202,1.000,warm
1304,exp-warm-10000-001301-46a518d4,1784798824796,1784798824798,202,2.000,warm
1305,exp-warm-10000-001310-50993b75,1784798824796,1784798824798,202,2.000,warm
1306,exp-warm-10000-001308-0882a76e,1784798824796,1784798824798,202,2.000,warm
1307,exp-warm-10000-001307-960912c9,1784798824796,1784798824798,202,2.000,warm
1308,exp-warm-10000-001300-3e643a1f,1784798824797,1784798824797,202,0.000,warm
1309,exp-warm-10000-001309-ed06d306,1784798824797,1784798824798,202,1.000,warm
1310,exp-warm-10000-001316-c92b33d9,1784798824797,1784798824800,202,3.000,warm
1311,exp-warm-10000-001324-fa897c11,1784798824797,1784798824801,202,4.000,warm
1312,exp-warm-10000-001315-d2c6505e,1784798824798,1784798824800,202,2.000,warm
1313,exp-warm-10000-001314-193aba64,1784798824798,1784798824800,202,2.000,warm
1314,exp-warm-10000-001318-fa65e5ef,1784798824798,1784798824801,202,3.000,warm
1315,exp-warm-10000-001326-f569e759,1784798824798,1784798824801,202,3.000,warm
1316,exp-warm-10000-001295-0219fa06,1784798824799,1784798824800,202,1.000,warm
1317,exp-warm-10000-001313-bed4c090,1784798824799,1784798824800,202,1.000,warm
1318,exp-warm-10000-001312-a60e0792,1784798824799,1784798824800,202,1.000,warm
1319,exp-warm-10000-001317-0c73a63e,1784798824799,1784798824800,202,1.000,warm
1320,exp-warm-10000-001319-7cf4ee20,1784798824799,1784798824800,202,1.000,warm
1321,exp-warm-10000-001328-397514f8,1784798824799,1784798824802,202,3.000,warm
1322,exp-warm-10000-001331-ecca285f,1784798824799,1784798824802,202,3.000,warm
1323,exp-warm-10000-001337-2c75baca,1784798824799,1784798824802,202,3.000,warm
1324,exp-warm-10000-001311-76258478,1784798824799,1784798824802,202,3.000,warm
1325,exp-warm-10000-001330-652ee2a8,1784798824799,1784798824802,202,3.000,warm
1326,exp-warm-10000-001333-c113ec75,1784798824799,1784798824802,202,3.000,warm
1327,exp-warm-10000-001323-8336f884,1784798824800,1784798824801,202,1.000,warm
1328,exp-warm-10000-001327-79e20dd5,1784798824800,1784798824801,202,1.000,warm
1329,exp-warm-10000-001336-629654e0,1784798824800,1784798824802,202,2.000,warm
1330,exp-warm-10000-001335-e57e5d7f,1784798824800,1784798824802,202,2.000,warm
1331,exp-warm-10000-001346-6a5a9179,1784798824800,1784798824803,202,3.000,warm
1332,exp-warm-10000-001320-64f7830c,1784798824801,1784798824801,202,0.000,warm
1333,exp-warm-10000-001321-22080f6b,1784798824801,1784798824801,202,0.000,warm
1334,exp-warm-10000-001322-e55935b7,1784798824801,1784798824801,202,0.000,warm
1335,exp-warm-10000-001325-552267be,1784798824801,1784798824801,202,0.000,warm
1336,exp-warm-10000-001334-149ab9bf,1784798824801,1784798824802,202,1.000,warm
1337,exp-warm-10000-001342-6a00da98,1784798824801,1784798824803,202,2.000,warm
1338,exp-warm-10000-001338-e5eca41a,1784798824801,1784798824803,202,2.000,warm
1339,exp-warm-10000-001348-90477b3f,1784798824801,1784798824804,202,3.000,warm
1340,exp-warm-10000-001332-2de47bc6,1784798824802,1784798824802,202,0.000,warm
1341,exp-warm-10000-001329-fbc956f5,1784798824802,1784798824802,202,0.000,warm
1342,exp-warm-10000-001340-e32cb7ba,1784798824802,1784798824803,202,1.000,warm
1343,exp-warm-10000-001347-e0b62382,1784798824802,1784798824803,202,1.000,warm
1344,exp-warm-10000-001339-e6dd8cd6,1784798824802,1784798824803,202,1.000,warm
1345,exp-warm-10000-001345-7be31e64,1784798824802,1784798824803,202,1.000,warm
1346,exp-warm-10000-001354-903ec9b3,1784798824802,1784798824804,202,2.000,warm
1347,exp-warm-10000-001358-b434c8cd,1784798824802,1784798824805,202,3.000,warm
1348,exp-warm-10000-001343-43b8e9b1,1784798824803,1784798824803,202,0.000,warm
1349,exp-warm-10000-001344-6fd3df8f,1784798824803,1784798824803,202,0.000,warm
1350,exp-warm-10000-001349-89286dce,1784798824803,1784798824804,202,1.000,warm
1351,exp-warm-10000-001353-e8970594,1784798824803,1784798824804,202,1.000,warm
1352,exp-warm-10000-001356-1fec5c5e,1784798824803,1784798824804,202,1.000,warm
1353,exp-warm-10000-001355-c9d7095c,1784798824803,1784798824805,202,2.000,warm
1354,exp-warm-10000-001361-4c39f42e,1784798824803,1784798824805,202,2.000,warm
1355,exp-warm-10000-001373-81d1abe9,1784798824803,1784798824806,202,3.000,warm
1356,exp-warm-10000-001341-45d25fbf,1784798824804,1784798824804,202,0.000,warm
1357,exp-warm-10000-001352-0edfb86b,1784798824804,1784798824804,202,0.000,warm
1358,exp-warm-10000-001350-7d9fd632,1784798824804,1784798824804,202,0.000,warm
1359,exp-warm-10000-001351-d5bd1605,1784798824804,1784798824804,202,0.000,warm
1360,exp-warm-10000-001362-e51a3c68,1784798824804,1784798824805,202,1.000,warm
1361,exp-warm-10000-001364-bb2db2e8,1784798824804,1784798824805,202,1.000,warm
1362,exp-warm-10000-001360-afb1b085,1784798824804,1784798824805,202,1.000,warm
1363,exp-warm-10000-001359-d0c55bc9,1784798824804,1784798824805,202,1.000,warm
1364,exp-warm-10000-001363-f7a4321b,1784798824804,1784798824805,202,1.000,warm
1365,exp-warm-10000-001365-d81815d9,1784798824804,1784798824805,202,1.000,warm
1366,exp-warm-10000-001369-033d1fff,1784798824804,1784798824806,202,2.000,warm
1367,exp-warm-10000-001370-c4a0e615,1784798824804,1784798824806,202,2.000,warm
1368,exp-warm-10000-001382-a658ab79,1784798824804,1784798824807,202,3.000,warm
1369,exp-warm-10000-001357-9c7f577e,1784798824805,1784798824805,202,0.000,warm
1370,exp-warm-10000-001372-36349777,1784798824805,1784798824806,202,1.000,warm
1371,exp-warm-10000-001374-20db580e,1784798824805,1784798824806,202,1.000,warm
1372,exp-warm-10000-001368-7551387d,1784798824805,1784798824806,202,1.000,warm
1373,exp-warm-10000-001371-8c39ae00,1784798824805,1784798824806,202,1.000,warm
1374,exp-warm-10000-001384-0eb90d26,1784798824805,1784798824807,202,2.000,warm
1375,exp-warm-10000-001380-bb752831,1784798824805,1784798824807,202,2.000,warm
1376,exp-warm-10000-001378-26b5c4fa,1784798824805,1784798824807,202,2.000,warm
1377,exp-warm-10000-001366-1dc1dbf5,1784798824806,1784798824806,202,0.000,warm
1378,exp-warm-10000-001367-a3eb2215,1784798824806,1784798824806,202,0.000,warm
1379,exp-warm-10000-001376-22da7ede,1784798824806,1784798824807,202,1.000,warm
1380,exp-warm-10000-001377-5df37fd4,1784798824806,1784798824807,202,1.000,warm
1381,exp-warm-10000-001386-aa1a3f9f,1784798824806,1784798824807,202,1.000,warm
1382,exp-warm-10000-001385-8035760d,1784798824806,1784798824807,202,1.000,warm
1383,exp-warm-10000-001375-9497b00f,1784798824806,1784798824807,202,1.000,warm
1384,exp-warm-10000-001383-175ea854,1784798824806,1784798824807,202,1.000,warm
1385,exp-warm-10000-001390-44a3a1ea,1784798824806,1784798824808,202,2.000,warm
1386,exp-warm-10000-001379-8fb72c76,1784798824807,1784798824807,202,0.000,warm
1387,exp-warm-10000-001389-4f29abd6,1784798824807,1784798824808,202,1.000,warm
1388,exp-warm-10000-001392-7e022e50,1784798824807,1784798824808,202,1.000,warm
1389,exp-warm-10000-001394-5533fa56,1784798824807,1784798824808,202,1.000,warm
1390,exp-warm-10000-001387-006a0629,1784798824807,1784798824808,202,1.000,warm
1391,exp-warm-10000-001391-27719d74,1784798824807,1784798824808,202,1.000,warm
1392,exp-warm-10000-001393-52c48b3e,1784798824807,1784798824808,202,1.000,warm
1393,exp-warm-10000-001381-62a8474a,1784798824808,1784798824808,202,0.000,warm
1394,exp-warm-10000-001388-fff3cfdb,1784798824808,1784798824808,202,0.000,warm
1395,exp-warm-10000-001398-6a927d93,1784798824808,1784798824809,202,1.000,warm
1396,exp-warm-10000-001397-ff3f0a94,1784798824808,1784798824809,202,1.000,warm
1397,exp-warm-10000-001399-20e51037,1784798824808,1784798824809,202,1.000,warm
1398,exp-warm-10000-001400-de25e919,1784798824808,1784798824809,202,1.000,warm
1399,exp-warm-10000-001396-f2bbc931,1784798824808,1784798824809,202,1.000,warm
1400,exp-warm-10000-001395-78ded7b4,1784798824809,1784798824809,202,0.000,warm
1401,exp-warm-10000-001407-9d7319fa,1784798824809,1784798824810,202,1.000,warm
1402,exp-warm-10000-001406-1212c4da,1784798824809,1784798824810,202,1.000,warm
1403,exp-warm-10000-001410-ca73b599,1784798824809,1784798824810,202,1.000,warm
1404,exp-warm-10000-001409-44a59f04,1784798824809,1784798824810,202,1.000,warm
1405,exp-warm-10000-001414-08e7a1ad,1784798824809,1784798824811,202,2.000,warm
1406,exp-warm-10000-001422-f5d12521,1784798824809,1784798824811,202,2.000,warm
1407,exp-warm-10000-001401-cc8c69b7,1784798824810,1784798824810,202,0.000,warm
1408,exp-warm-10000-001421-dcd692a4,1784798824810,1784798824811,202,1.000,warm
1409,exp-warm-10000-001420-5624dbe4,1784798824810,1784798824811,202,1.000,warm
1410,exp-warm-10000-001418-a31a5882,1784798824810,1784798824811,202,1.000,warm
1411,exp-warm-10000-001419-0f2e4c70,1784798824810,1784798824811,202,1.000,warm
1412,exp-warm-10000-001402-636b876d,1784798824810,1784798824811,202,1.000,warm
1413,exp-warm-10000-001405-19b49fd5,1784798824810,1784798824811,202,1.000,warm
1414,exp-warm-10000-001412-9d149791,1784798824811,1784798824811,202,0.000,warm
1415,exp-warm-10000-001403-94e5f043,1784798824811,1784798824811,202,0.000,warm
1416,exp-warm-10000-001404-183f1e8a,1784798824811,1784798824811,202,0.000,warm
1417,exp-warm-10000-001411-fd99e200,1784798824811,1784798824811,202,0.000,warm
1418,exp-warm-10000-001416-5c3eef79,1784798824811,1784798824811,202,0.000,warm
1419,exp-warm-10000-001415-b4b7b28f,1784798824811,1784798824811,202,0.000,warm
1420,exp-warm-10000-001413-512daa9d,1784798824811,1784798824811,202,0.000,warm
1421,exp-warm-10000-001417-fe0d415b,1784798824811,1784798824811,202,0.000,warm
1422,exp-warm-10000-001426-ed47876b,1784798824811,1784798824812,202,1.000,warm
1423,exp-warm-10000-001425-3e48ccca,1784798824811,1784798824812,202,1.000,warm
1424,exp-warm-10000-001423-fab97b8f,1784798824811,1784798824812,202,1.000,warm
1425,exp-warm-10000-001408-e7fa5f88,1784798824811,1784798824812,202,1.000,warm
1426,exp-warm-10000-001433-21b06d42,1784798824811,1784798824813,202,2.000,warm
1427,exp-warm-10000-001424-39f95ea2,1784798824812,1784798824812,202,0.000,warm
1428,exp-warm-10000-001427-bdd002db,1784798824812,1784798824812,202,0.000,warm
1429,exp-warm-10000-001434-bad42ae8,1784798824812,1784798824813,202,1.000,warm
1430,exp-warm-10000-001428-0d289b35,1784798824812,1784798824813,202,1.000,warm
1431,exp-warm-10000-001435-541dbdd5,1784798824812,1784798824813,202,1.000,warm
1432,exp-warm-10000-001429-97652189,1784798824812,1784798824813,202,1.000,warm
1433,exp-warm-10000-001436-b548e332,1784798824812,1784798824813,202,1.000,warm
1434,exp-warm-10000-001446-4c44ef08,1784798824812,1784798824814,202,2.000,warm
1435,exp-warm-10000-001442-da794c65,1784798824812,1784798824814,202,2.000,warm
1436,exp-warm-10000-001430-53c26686,1784798824813,1784798824813,202,0.000,warm
1437,exp-warm-10000-001431-74626be1,1784798824813,1784798824813,202,0.000,warm
1438,exp-warm-10000-001432-ec748a1d,1784798824813,1784798824813,202,0.000,warm
1439,exp-warm-10000-001444-1a3b7cc8,1784798824813,1784798824814,202,1.000,warm
1440,exp-warm-10000-001445-1fbe7d48,1784798824813,1784798824814,202,1.000,warm
1441,exp-warm-10000-001443-eb131d97,1784798824813,1784798824814,202,1.000,warm
1442,exp-warm-10000-001441-ccea3315,1784798824813,1784798824814,202,1.000,warm
1443,exp-warm-10000-001451-3b44141e,1784798824813,1784798824815,202,2.000,warm
1444,exp-warm-10000-001456-45c35837,1784798824813,1784798824815,202,2.000,warm
1445,exp-warm-10000-001452-87743ffd,1784798824813,1784798824815,202,2.000,warm
1446,exp-warm-10000-001464-56864c49,1784798824813,1784798824816,202,3.000,warm
1447,exp-warm-10000-001439-2f01ba37,1784798824814,1784798824814,202,0.000,warm
1448,exp-warm-10000-001438-b39fa83b,1784798824814,1784798824814,202,0.000,warm
1449,exp-warm-10000-001437-b71228d6,1784798824814,1784798824814,202,0.000,warm
1450,exp-warm-10000-001440-eab8a198,1784798824814,1784798824814,202,0.000,warm
1451,exp-warm-10000-001450-1e4f76d7,1784798824814,1784798824815,202,1.000,warm
1452,exp-warm-10000-001458-fd0a2bd1,1784798824814,1784798824815,202,1.000,warm
1453,exp-warm-10000-001457-6f672163,1784798824814,1784798824815,202,1.000,warm
1454,exp-warm-10000-001455-e6e358fb,1784798824814,1784798824815,202,1.000,warm
1455,exp-warm-10000-001453-63db85d2,1784798824814,1784798824815,202,1.000,warm
1456,exp-warm-10000-001463-f6bfbe90,1784798824814,1784798824816,202,2.000,warm
1457,exp-warm-10000-001448-b1c740bf,1784798824815,1784798824815,202,0.000,warm
1458,exp-warm-10000-001449-4c183ba1,1784798824815,1784798824815,202,0.000,warm
1459,exp-warm-10000-001447-ddecb8c5,1784798824815,1784798824815,202,0.000,warm
1460,exp-warm-10000-001465-185d262f,1784798824815,1784798824816,202,1.000,warm
1461,exp-warm-10000-001461-7d75f0bc,1784798824815,1784798824816,202,1.000,warm
1462,exp-warm-10000-001462-218f9f91,1784798824815,1784798824816,202,1.000,warm
1463,exp-warm-10000-001460-0a665737,1784798824815,1784798824816,202,1.000,warm
1464,exp-warm-10000-001473-f75b3e2d,1784798824815,1784798824817,202,2.000,warm
1465,exp-warm-10000-001454-fc08351e,1784798824815,1784798824818,202,3.000,warm
1466,exp-warm-10000-001459-f158de73,1784798824816,1784798824816,202,0.000,warm
1467,exp-warm-10000-001469-8f8a3364,1784798824816,1784798824817,202,1.000,warm
1468,exp-warm-10000-001468-9223fca5,1784798824816,1784798824817,202,1.000,warm
1469,exp-warm-10000-001474-e6516f9f,1784798824816,1784798824817,202,1.000,warm
1470,exp-warm-10000-001471-4b0a3958,1784798824816,1784798824817,202,1.000,warm
1471,exp-warm-10000-001476-537d7fb2,1784798824816,1784798824817,202,1.000,warm
1472,exp-warm-10000-001475-a1d37565,1784798824816,1784798824817,202,1.000,warm
1473,exp-warm-10000-001466-c8ba95c6,1784798824816,1784798824817,202,1.000,warm
1474,exp-warm-10000-001467-cfb302bc,1784798824816,1784798824817,202,1.000,warm
1475,exp-warm-10000-001472-4786c76e,1784798824816,1784798824817,202,1.000,warm
1476,exp-warm-10000-001484-9b5a7faf,1784798824816,1784798824818,202,2.000,warm
1477,exp-warm-10000-001482-9fbe8824,1784798824816,1784798824818,202,2.000,warm
1478,exp-warm-10000-001470-e3e0b2bc,1784798824817,1784798824817,202,0.000,warm
1479,exp-warm-10000-001480-efbcef37,1784798824817,1784798824818,202,1.000,warm
1480,exp-warm-10000-001477-680763ec,1784798824817,1784798824818,202,1.000,warm
1481,exp-warm-10000-001481-d915193e,1784798824817,1784798824818,202,1.000,warm
1482,exp-warm-10000-001483-8669403d,1784798824817,1784798824818,202,1.000,warm
1483,exp-warm-10000-001490-c7a957f0,1784798824817,1784798824819,202,2.000,warm
1484,exp-warm-10000-001485-e29f155f,1784798824817,1784798824819,202,2.000,warm
1485,exp-warm-10000-001488-ded53ac5,1784798824817,1784798824819,202,2.000,warm
1486,exp-warm-10000-001479-61e909d0,1784798824818,1784798824818,202,0.000,warm
1487,exp-warm-10000-001478-35205149,1784798824818,1784798824818,202,0.000,warm
1488,exp-warm-10000-001486-51f5a7b8,1784798824818,1784798824819,202,1.000,warm
1489,exp-warm-10000-001489-bb874b16,1784798824818,1784798824819,202,1.000,warm
1490,exp-warm-10000-001495-2e1c8364,1784798824818,1784798824820,202,2.000,warm
1491,exp-warm-10000-001492-3f450a5a,1784798824818,1784798824820,202,2.000,warm
1492,exp-warm-10000-001487-eb0e85c1,1784798824819,1784798824819,202,0.000,warm
1493,exp-warm-10000-001494-fe473294,1784798824819,1784798824820,202,1.000,warm
1494,exp-warm-10000-001496-c5c94a92,1784798824819,1784798824820,202,1.000,warm
1495,exp-warm-10000-001493-aa9f3b59,1784798824820,1784798824820,202,0.000,warm
1496,exp-warm-10000-001491-972b40f9,1784798824820,1784798824820,202,0.000,warm
1497,exp-warm-10000-001500-fa4f5a7a,1784798824820,1784798824821,202,1.000,warm
1498,exp-warm-10000-001499-4901e046,1784798824820,1784798824821,202,1.000,warm
1499,exp-warm-10000-001498-48c891a3,1784798824820,1784798824821,202,1.000,warm
1500,exp-warm-10000-001503-492d5bd3,1784798824820,1784798824821,202,1.000,warm
1501,exp-warm-10000-001502-d8ee2363,1784798824820,1784798824821,202,1.000,warm
1502,exp-warm-10000-001507-fb161d79,1784798824821,1784798824822,202,1.000,warm
1503,exp-warm-10000-001506-67b84e3b,1784798824821,1784798824822,202,1.000,warm
1504,exp-warm-10000-001509-24f137dd,1784798824821,1784798824822,202,1.000,warm
1505,exp-warm-10000-001510-c9e32814,1784798824821,1784798824822,202,1.000,warm
1506,exp-warm-10000-001508-eab21404,1784798824821,1784798824822,202,1.000,warm
1507,exp-warm-10000-001512-2fdbb4f3,1784798824821,1784798824823,202,2.000,warm
1508,exp-warm-10000-001517-7359ad89,1784798824821,1784798824823,202,2.000,warm
1509,exp-warm-10000-001514-aeeac83d,1784798824821,1784798824823,202,2.000,warm
1510,exp-warm-10000-001505-6fd117e3,1784798824822,1784798824822,202,0.000,warm
1511,exp-warm-10000-001497-39a63ce1,1784798824822,1784798824822,202,0.000,warm
1512,exp-warm-10000-001504-2faece80,1784798824822,1784798824822,202,0.000,warm
1513,exp-warm-10000-001515-e710d9d0,1784798824822,1784798824823,202,1.000,warm
1514,exp-warm-10000-001513-c51368b2,1784798824822,1784798824823,202,1.000,warm
1515,exp-warm-10000-001501-da6928ed,1784798824822,1784798824823,202,1.000,warm
1516,exp-warm-10000-001516-aa8bbf6b,1784798824822,1784798824823,202,1.000,warm
1517,exp-warm-10000-001518-167236b8,1784798824822,1784798824824,202,2.000,warm
1518,exp-warm-10000-001519-6f8f936f,1784798824822,1784798824824,202,2.000,warm
1519,exp-warm-10000-001511-ad3b9453,1784798824823,1784798824823,202,0.000,warm
1520,exp-warm-10000-001521-b865bf2d,1784798824823,1784798824824,202,1.000,warm
1521,exp-warm-10000-001526-807ae91c,1784798824823,1784798824824,202,1.000,warm
1522,exp-warm-10000-001524-1b4d7f99,1784798824823,1784798824824,202,1.000,warm
1523,exp-warm-10000-001525-c9bc5879,1784798824823,1784798824824,202,1.000,warm
1524,exp-warm-10000-001520-572574f2,1784798824824,1784798824824,202,0.000,warm
1525,exp-warm-10000-001522-72cfb5a1,1784798824824,1784798824824,202,0.000,warm
1526,exp-warm-10000-001534-bbaf321d,1784798824824,1784798824825,202,1.000,warm
1527,exp-warm-10000-001536-c41227cf,1784798824824,1784798824825,202,1.000,warm
1528,exp-warm-10000-001530-7a38092f,1784798824824,1784798824825,202,1.000,warm
1529,exp-warm-10000-001528-a3c4f989,1784798824824,1784798824825,202,1.000,warm
1530,exp-warm-10000-001539-22e65bee,1784798824824,1784798824825,202,1.000,warm
1531,exp-warm-10000-001538-014a60cf,1784798824824,1784798824825,202,1.000,warm
1532,exp-warm-10000-001537-21e4bc9e,1784798824824,1784798824825,202,1.000,warm
1533,exp-warm-10000-001523-6bcd24c1,1784798824824,1784798824825,202,1.000,warm
1534,exp-warm-10000-001540-943c2637,1784798824824,1784798824825,202,1.000,warm
1535,exp-warm-10000-001535-a3d8ac94,1784798824824,1784798824825,202,1.000,warm
1536,exp-warm-10000-001531-da534042,1784798824824,1784798824825,202,1.000,warm
1537,exp-warm-10000-001532-8c601dea,1784798824824,1784798824825,202,1.000,warm
1538,exp-warm-10000-001529-e3adf006,1784798824825,1784798824825,202,0.000,warm
1539,exp-warm-10000-001527-c6d25d47,1784798824825,1784798824825,202,0.000,warm
1540,exp-warm-10000-001533-d34f170b,1784798824825,1784798824825,202,0.000,warm
1541,exp-warm-10000-001548-66c5778a,1784798824825,1784798824826,202,1.000,warm
1542,exp-warm-10000-001542-e45eb2ff,1784798824825,1784798824826,202,1.000,warm
1543,exp-warm-10000-001541-0deb7124,1784798824826,1784798824826,202,0.000,warm
1544,exp-warm-10000-001543-db170096,1784798824826,1784798824826,202,0.000,warm
1545,exp-warm-10000-001544-336b164d,1784798824826,1784798824826,202,0.000,warm
1546,exp-warm-10000-001545-eb302f93,1784798824826,1784798824826,202,0.000,warm
1547,exp-warm-10000-001546-4405a63d,1784798824826,1784798824826,202,0.000,warm
1548,exp-warm-10000-001547-c01febd0,1784798824826,1784798824826,202,0.000,warm
1549,exp-warm-10000-001555-4ea52340,1784798824826,1784798824827,202,1.000,warm
1550,exp-warm-10000-001554-629041a9,1784798824826,1784798824827,202,1.000,warm
1551,exp-warm-10000-001550-62aa015f,1784798824826,1784798824827,202,1.000,warm
1552,exp-warm-10000-001556-03ec7e14,1784798824826,1784798824827,202,1.000,warm
1553,exp-warm-10000-001551-aea0c62c,1784798824826,1784798824827,202,1.000,warm
1554,exp-warm-10000-001557-abe4df5b,1784798824826,1784798824827,202,1.000,warm
1555,exp-warm-10000-001561-b5bef006,1784798824826,1784798824828,202,2.000,warm
1556,exp-warm-10000-001566-7c0faeee,1784798824826,1784798824828,202,2.000,warm
1557,exp-warm-10000-001572-8cd31669,1784798824826,1784798824829,202,3.000,warm
1558,exp-warm-10000-001549-da556742,1784798824827,1784798824827,202,0.000,warm
1559,exp-warm-10000-001552-cb857c43,1784798824827,1784798824827,202,0.000,warm
1560,exp-warm-10000-001553-660dbca4,1784798824827,1784798824827,202,0.000,warm
1561,exp-warm-10000-001565-603c1635,1784798824827,1784798824828,202,1.000,warm
1562,exp-warm-10000-001559-2b00c638,1784798824827,1784798824828,202,1.000,warm
1563,exp-warm-10000-001558-bddef81a,1784798824827,1784798824828,202,1.000,warm
1564,exp-warm-10000-001564-10bf5646,1784798824827,1784798824828,202,1.000,warm
1565,exp-warm-10000-001560-bf46ab06,1784798824827,1784798824828,202,1.000,warm
1566,exp-warm-10000-001582-22b6092b,1784798824827,1784798824831,202,4.000,warm
1567,exp-warm-10000-001562-cb1775b7,1784798824828,1784798824828,202,0.000,warm
1568,exp-warm-10000-001563-9039fb53,1784798824828,1784798824828,202,0.000,warm
1569,exp-warm-10000-001567-fef7c32e,1784798824828,1784798824829,202,1.000,warm
1570,exp-warm-10000-001573-5759ec35,1784798824828,1784798824829,202,1.000,warm
1571,exp-warm-10000-001571-258b1fd7,1784798824828,1784798824829,202,1.000,warm
1572,exp-warm-10000-001585-6ab0e781,1784798824828,1784798824831,202,3.000,warm
1573,exp-warm-10000-001569-817065c0,1784798824829,1784798824829,202,0.000,warm
1574,exp-warm-10000-001568-e04c95cf,1784798824829,1784798824829,202,0.000,warm
1575,exp-warm-10000-001570-576d68d4,1784798824829,1784798824829,202,0.000,warm
1576,exp-warm-10000-001579-311fe668,1784798824829,1784798824830,202,1.000,warm
1577,exp-warm-10000-001580-a8a5df9c,1784798824829,1784798824830,202,1.000,warm
1578,exp-warm-10000-001581-bc545223,1784798824829,1784798824830,202,1.000,warm
1579,exp-warm-10000-001578-453efca7,1784798824829,1784798824830,202,1.000,warm
1580,exp-warm-10000-001583-949590b8,1784798824829,1784798824830,202,1.000,warm
1581,exp-warm-10000-001576-e8765ede,1784798824829,1784798824830,202,1.000,warm
1582,exp-warm-10000-001588-56ddb982,1784798824829,1784798824831,202,2.000,warm
1583,exp-warm-10000-001574-41a6c30f,1784798824830,1784798824830,202,0.000,warm
1584,exp-warm-10000-001575-5d1878bf,1784798824830,1784798824830,202,0.000,warm
1585,exp-warm-10000-001577-1a8b8444,1784798824830,1784798824830,202,0.000,warm
1586,exp-warm-10000-001587-ed655df9,1784798824830,1784798824831,202,1.000,warm
1587,exp-warm-10000-001589-1382e4d6,1784798824830,1784798824831,202,1.000,warm
1588,exp-warm-10000-001596-2f6da2b6,1784798824830,1784798824832,202,2.000,warm
1589,exp-warm-10000-001592-4b5e50bf,1784798824830,1784798824832,202,2.000,warm
1590,exp-warm-10000-001600-f74dd0ed,1784798824830,1784798824833,202,3.000,warm
1591,exp-warm-10000-001605-9bee65c9,1784798824830,1784798824833,202,3.000,warm
1592,exp-warm-10000-001584-67f3856b,1784798824831,1784798824831,202,0.000,warm
1593,exp-warm-10000-001586-4b41a5df,1784798824831,1784798824831,202,0.000,warm
1594,exp-warm-10000-001594-53f3ba89,1784798824831,1784798824832,202,1.000,warm
1595,exp-warm-10000-001595-5296c8bc,1784798824831,1784798824832,202,1.000,warm
1596,exp-warm-10000-001597-fb920e09,1784798824831,1784798824832,202,1.000,warm
1597,exp-warm-10000-001590-08406e04,1784798824831,1784798824832,202,1.000,warm
1598,exp-warm-10000-001598-03ac5169,1784798824831,1784798824832,202,1.000,warm
1599,exp-warm-10000-001599-26a43c5e,1784798824831,1784798824833,202,2.000,warm
1600,exp-warm-10000-001591-6f13b382,1784798824832,1784798824832,202,0.000,warm
1601,exp-warm-10000-001593-f93f87cc,1784798824832,1784798824832,202,0.000,warm
1602,exp-warm-10000-001603-47bfb96d,1784798824832,1784798824833,202,1.000,warm
1603,exp-warm-10000-001602-2c8813cb,1784798824832,1784798824833,202,1.000,warm
1604,exp-warm-10000-001604-853b0c3a,1784798824832,1784798824833,202,1.000,warm
1605,exp-warm-10000-001610-742991fc,1784798824832,1784798824834,202,2.000,warm
1606,exp-warm-10000-001601-11454c14,1784798824833,1784798824833,202,0.000,warm
1607,exp-warm-10000-001609-7de412bf,1784798824833,1784798824834,202,1.000,warm
1608,exp-warm-10000-001611-7893b91b,1784798824833,1784798824834,202,1.000,warm
1609,exp-warm-10000-001618-91bc6961,1784798824833,1784798824835,202,2.000,warm
1610,exp-warm-10000-001606-a96c869d,1784798824834,1784798824834,202,0.000,warm
1611,exp-warm-10000-001607-06271e78,1784798824834,1784798824834,202,0.000,warm
1612,exp-warm-10000-001608-29afd90c,1784798824834,1784798824834,202,0.000,warm
1613,exp-warm-10000-001620-20639f90,1784798824834,1784798824835,202,1.000,warm
1614,exp-warm-10000-001619-8ebe4dd4,1784798824834,1784798824835,202,1.000,warm
1615,exp-warm-10000-001617-12224dc3,1784798824834,1784798824835,202,1.000,warm
1616,exp-warm-10000-001616-60c52813,1784798824834,1784798824835,202,1.000,warm
1617,exp-warm-10000-001614-b6360a9f,1784798824834,1784798824835,202,1.000,warm
1618,exp-warm-10000-001621-7564bbce,1784798824834,1784798824835,202,1.000,warm
1619,exp-warm-10000-001612-e4acce83,1784798824834,1784798824835,202,1.000,warm
1620,exp-warm-10000-001615-e0e65883,1784798824835,1784798824835,202,0.000,warm
1621,exp-warm-10000-001613-ad7998c1,1784798824835,1784798824835,202,0.000,warm
1622,exp-warm-10000-001626-55c4ac7e,1784798824835,1784798824836,202,1.000,warm
1623,exp-warm-10000-001623-dcf94a83,1784798824835,1784798824836,202,1.000,warm
1624,exp-warm-10000-001628-b3345e73,1784798824835,1784798824836,202,1.000,warm
1625,exp-warm-10000-001627-33f603d6,1784798824835,1784798824836,202,1.000,warm
1626,exp-warm-10000-001636-0cecf130,1784798824835,1784798824837,202,2.000,warm
1627,exp-warm-10000-001622-6492adf7,1784798824836,1784798824836,202,0.000,warm
1628,exp-warm-10000-001637-d0cf7d87,1784798824836,1784798824837,202,1.000,warm
1629,exp-warm-10000-001638-484d8de0,1784798824836,1784798824837,202,1.000,warm
1630,exp-warm-10000-001630-8f2871b5,1784798824836,1784798824837,202,1.000,warm
1631,exp-warm-10000-001634-67f27303,1784798824836,1784798824837,202,1.000,warm
1632,exp-warm-10000-001635-0e6b22ee,1784798824836,1784798824837,202,1.000,warm
1633,exp-warm-10000-001625-1af8afc9,1784798824836,1784798824837,202,1.000,warm
1634,exp-warm-10000-001631-f09512a6,1784798824837,1784798824837,202,0.000,warm
1635,exp-warm-10000-001632-234b9c97,1784798824837,1784798824837,202,0.000,warm
1636,exp-warm-10000-001629-aba8981b,1784798824837,1784798824837,202,0.000,warm
1637,exp-warm-10000-001633-dd536531,1784798824837,1784798824837,202,0.000,warm
1638,exp-warm-10000-001645-ac6ea304,1784798824837,1784798824838,202,1.000,warm
1639,exp-warm-10000-001646-a131fd4f,1784798824837,1784798824838,202,1.000,warm
1640,exp-warm-10000-001647-407c8b81,1784798824837,1784798824838,202,1.000,warm
1641,exp-warm-10000-001640-30cc3f1b,1784798824837,1784798824838,202,1.000,warm
1642,exp-warm-10000-001639-3472f96a,1784798824837,1784798824838,202,1.000,warm
1643,exp-warm-10000-001651-b41c7d7e,1784798824837,1784798824839,202,2.000,warm
1644,exp-warm-10000-001655-6d2429e6,1784798824837,1784798824839,202,2.000,warm
1645,exp-warm-10000-001624-1c632ce1,1784798824838,1784798824838,202,0.000,warm
1646,exp-warm-10000-001642-42df7baa,1784798824838,1784798824838,202,0.000,warm
1647,exp-warm-10000-001644-2434ccf1,1784798824838,1784798824838,202,0.000,warm
1648,exp-warm-10000-001641-3884700f,1784798824838,1784798824838,202,0.000,warm
1649,exp-warm-10000-001643-76efe89f,1784798824838,1784798824838,202,0.000,warm
1650,exp-warm-10000-001657-82f9db74,1784798824838,1784798824839,202,1.000,warm
1651,exp-warm-10000-001656-55f82084,1784798824838,1784798824839,202,1.000,warm
1652,exp-warm-10000-001658-0fac1bc6,1784798824838,1784798824839,202,1.000,warm
1653,exp-warm-10000-001652-8a8c023c,1784798824838,1784798824839,202,1.000,warm
1654,exp-warm-10000-001650-3b524d0f,1784798824838,1784798824839,202,1.000,warm
1655,exp-warm-10000-001649-f15c062a,1784798824839,1784798824839,202,0.000,warm
1656,exp-warm-10000-001648-be6df17e,1784798824839,1784798824839,202,0.000,warm
1657,exp-warm-10000-001653-87a304f8,1784798824839,1784798824839,202,0.000,warm
1658,exp-warm-10000-001654-4f5608de,1784798824839,1784798824839,202,0.000,warm
1659,exp-warm-10000-001661-d9ad7421,1784798824839,1784798824840,202,1.000,warm
1660,exp-warm-10000-001667-0b2fce5b,1784798824839,1784798824840,202,1.000,warm
1661,exp-warm-10000-001660-24ae8246,1784798824839,1784798824840,202,1.000,warm
1662,exp-warm-10000-001665-107560dc,1784798824839,1784798824840,202,1.000,warm
1663,exp-warm-10000-001666-b1417d1a,1784798824839,1784798824840,202,1.000,warm
1664,exp-warm-10000-001664-a360aa42,1784798824839,1784798824840,202,1.000,warm
1665,exp-warm-10000-001659-431e86e2,1784798824840,1784798824840,202,0.000,warm
1666,exp-warm-10000-001663-f710af33,1784798824840,1784798824840,202,0.000,warm
1667,exp-warm-10000-001662-fe6926ed,1784798824840,1784798824840,202,0.000,warm
1668,exp-warm-10000-001672-fb51a6ef,1784798824840,1784798824841,202,1.000,warm
1669,exp-warm-10000-001675-25dfa333,1784798824840,1784798824841,202,1.000,warm
1670,exp-warm-10000-001669-554b0ddb,1784798824841,1784798824841,202,0.000,warm
1671,exp-warm-10000-001668-92e9c33d,1784798824841,1784798824841,202,0.000,warm
1672,exp-warm-10000-001671-a28cf28d,1784798824841,1784798824841,202,0.000,warm
1673,exp-warm-10000-001670-65dac218,1784798824841,1784798824841,202,0.000,warm
1674,exp-warm-10000-001673-fad235c4,1784798824841,1784798824841,202,0.000,warm
1675,exp-warm-10000-001681-4b275bc4,1784798824841,1784798824842,202,1.000,warm
1676,exp-warm-10000-001683-7c785735,1784798824841,1784798824842,202,1.000,warm
1677,exp-warm-10000-001676-c8dc6add,1784798824842,1784798824842,202,0.000,warm
1678,exp-warm-10000-001678-63539be4,1784798824842,1784798824842,202,0.000,warm
1679,exp-warm-10000-001677-47b80b82,1784798824842,1784798824842,202,0.000,warm
1680,exp-warm-10000-001680-c3a07fdb,1784798824842,1784798824842,202,0.000,warm
1681,exp-warm-10000-001679-dac795cf,1784798824842,1784798824842,202,0.000,warm
1682,exp-warm-10000-001691-64f4b0b6,1784798824842,1784798824843,202,1.000,warm
1683,exp-warm-10000-001690-0108fda3,1784798824842,1784798824843,202,1.000,warm
1684,exp-warm-10000-001689-4a1d5f63,1784798824842,1784798824843,202,1.000,warm
1685,exp-warm-10000-001693-6b4bbf91,1784798824842,1784798824843,202,1.000,warm
1686,exp-warm-10000-001694-36b60e96,1784798824842,1784798824843,202,1.000,warm
1687,exp-warm-10000-001692-82bb64a9,1784798824842,1784798824843,202,1.000,warm
1688,exp-warm-10000-001684-e31aa95f,1784798824843,1784798824843,202,0.000,warm
1689,exp-warm-10000-001685-9908be6f,1784798824843,1784798824843,202,0.000,warm
1690,exp-warm-10000-001686-965bde75,1784798824843,1784798824843,202,0.000,warm
1691,exp-warm-10000-001682-9c27fb4a,1784798824843,1784798824843,202,0.000,warm
1692,exp-warm-10000-001687-b22f1c6a,1784798824843,1784798824843,202,0.000,warm
1693,exp-warm-10000-001688-04a16a0f,1784798824843,1784798824843,202,0.000,warm
1694,exp-warm-10000-001706-bb4e9330,1784798824843,1784798824844,202,1.000,warm
1695,exp-warm-10000-001705-da5368e4,1784798824843,1784798824844,202,1.000,warm
1696,exp-warm-10000-001704-e7f82dde,1784798824843,1784798824844,202,1.000,warm
1697,exp-warm-10000-001702-f51ccc27,1784798824843,1784798824844,202,1.000,warm
1698,exp-warm-10000-001708-71c3a3f9,1784798824843,1784798824844,202,1.000,warm
1699,exp-warm-10000-001700-ea7a9ec5,1784798824843,1784798824844,202,1.000,warm
1700,exp-warm-10000-001695-b823e30b,1784798824844,1784798824844,202,0.000,warm
1701,exp-warm-10000-001697-58292d04,1784798824844,1784798824844,202,0.000,warm
1702,exp-warm-10000-001698-13a04dfb,1784798824844,1784798824844,202,0.000,warm
1703,exp-warm-10000-001701-e00c7e03,1784798824844,1784798824844,202,0.000,warm
1704,exp-warm-10000-001696-bf313e6a,1784798824844,1784798824844,202,0.000,warm
1705,exp-warm-10000-001703-9dfa9183,1784798824844,1784798824844,202,0.000,warm
1706,exp-warm-10000-001699-79187da7,1784798824844,1784798824844,202,0.000,warm
1707,exp-warm-10000-001717-05680d5b,1784798824844,1784798824845,202,1.000,warm
1708,exp-warm-10000-001715-c41e13db,1784798824844,1784798824845,202,1.000,warm
1709,exp-warm-10000-001719-4019740b,1784798824844,1784798824845,202,1.000,warm
1710,exp-warm-10000-001716-fa6c7208,1784798824844,1784798824845,202,1.000,warm
1711,exp-warm-10000-001714-4d879e15,1784798824844,1784798824845,202,1.000,warm
1712,exp-warm-10000-001709-9cb1bad1,1784798824845,1784798824845,202,0.000,warm
1713,exp-warm-10000-001707-081afcc7,1784798824845,1784798824845,202,0.000,warm
1714,exp-warm-10000-001710-3764b7a7,1784798824845,1784798824845,202,0.000,warm
1715,exp-warm-10000-001712-fdaf4370,1784798824845,1784798824845,202,0.000,warm
1716,exp-warm-10000-001711-11942028,1784798824845,1784798824845,202,0.000,warm
1717,exp-warm-10000-001713-b1db79c9,1784798824845,1784798824845,202,0.000,warm
1718,exp-warm-10000-001718-ebebabec,1784798824845,1784798824846,202,1.000,warm
1719,exp-warm-10000-001726-efa410b6,1784798824845,1784798824846,202,1.000,warm
1720,exp-warm-10000-001674-186704c4,1784798824845,1784798824846,202,1.000,warm
1721,exp-warm-10000-001727-6871613d,1784798824845,1784798824846,202,1.000,warm
1722,exp-warm-10000-001720-e9b3fe38,1784798824845,1784798824846,202,1.000,warm
1723,exp-warm-10000-001725-0682669e,1784798824845,1784798824846,202,1.000,warm
1724,exp-warm-10000-001721-5114133c,1784798824846,1784798824846,202,0.000,warm
1725,exp-warm-10000-001723-ae312f15,1784798824846,1784798824846,202,0.000,warm
1726,exp-warm-10000-001722-676834ee,1784798824846,1784798824846,202,0.000,warm
1727,exp-warm-10000-001724-8516b70e,1784798824846,1784798824846,202,0.000,warm
1728,exp-warm-10000-001732-0cfb1c0e,1784798824846,1784798824847,202,1.000,warm
1729,exp-warm-10000-001737-1e50b12b,1784798824846,1784798824847,202,1.000,warm
1730,exp-warm-10000-001729-14d8facc,1784798824846,1784798824847,202,1.000,warm
1731,exp-warm-10000-001738-b36374cf,1784798824846,1784798824847,202,1.000,warm
1732,exp-warm-10000-001740-e69b3547,1784798824846,1784798824847,202,1.000,warm
1733,exp-warm-10000-001728-affc2a36,1784798824847,1784798824847,202,0.000,warm
1734,exp-warm-10000-001733-c4381ae6,1784798824847,1784798824847,202,0.000,warm
1735,exp-warm-10000-001730-c2916cb1,1784798824847,1784798824847,202,0.000,warm
1736,exp-warm-10000-001735-cfb2b923,1784798824847,1784798824847,202,0.000,warm
1737,exp-warm-10000-001734-b8fdb2f7,1784798824847,1784798824847,202,0.000,warm
1738,exp-warm-10000-001731-7918e8d4,1784798824847,1784798824847,202,0.000,warm
1739,exp-warm-10000-001747-952c82bc,1784798824847,1784798824848,202,1.000,warm
1740,exp-warm-10000-001741-e47738cd,1784798824847,1784798824848,202,1.000,warm
1741,exp-warm-10000-001745-38b4096d,1784798824847,1784798824848,202,1.000,warm
1742,exp-warm-10000-001746-49360465,1784798824847,1784798824848,202,1.000,warm
1743,exp-warm-10000-001750-de73dd56,1784798824847,1784798824848,202,1.000,warm
1744,exp-warm-10000-001744-cf234409,1784798824847,1784798824848,202,1.000,warm
1745,exp-warm-10000-001736-7e3dc937,1784798824847,1784798824848,202,1.000,warm
1746,exp-warm-10000-001742-6c45f67a,1784798824848,1784798824848,202,0.000,warm
1747,exp-warm-10000-001743-3ef19196,1784798824848,1784798824848,202,0.000,warm
1748,exp-warm-10000-001739-61829b6a,1784798824848,1784798824848,202,0.000,warm
1749,exp-warm-10000-001753-788b5aad,1784798824848,1784798824849,202,1.000,warm
1750,exp-warm-10000-001757-c6e5d40b,1784798824848,1784798824849,202,1.000,warm
1751,exp-warm-10000-001760-d726ff0d,1784798824848,1784798824849,202,1.000,warm
1752,exp-warm-10000-001774-6492b25c,1784798824848,1784798824851,202,3.000,warm
1753,exp-warm-10000-001751-1809b94f,1784798824849,1784798824849,202,0.000,warm
1754,exp-warm-10000-001754-72a735b2,1784798824849,1784798824849,202,0.000,warm
1755,exp-warm-10000-001755-cb77a593,1784798824849,1784798824849,202,0.000,warm
1756,exp-warm-10000-001752-b54e7c61,1784798824849,1784798824849,202,0.000,warm
1757,exp-warm-10000-001758-69be7f71,1784798824849,1784798824849,202,0.000,warm
1758,exp-warm-10000-001756-8908a104,1784798824849,1784798824849,202,0.000,warm
1759,exp-warm-10000-001749-b8de4aa5,1784798824849,1784798824849,202,0.000,warm
1760,exp-warm-10000-001748-49cfd776,1784798824849,1784798824849,202,0.000,warm
1761,exp-warm-10000-001759-79db03ff,1784798824849,1784798824849,202,0.000,warm
1762,exp-warm-10000-001770-4a546d18,1784798824849,1784798824850,202,1.000,warm
1763,exp-warm-10000-001771-9185f1aa,1784798824849,1784798824850,202,1.000,warm
1764,exp-warm-10000-001764-6ebb30ea,1784798824850,1784798824850,202,0.000,warm
1765,exp-warm-10000-001766-765b05e6,1784798824850,1784798824850,202,0.000,warm
1766,exp-warm-10000-001767-ccbf8d3e,1784798824850,1784798824850,202,0.000,warm
1767,exp-warm-10000-001762-78542fe0,1784798824850,1784798824850,202,0.000,warm
1768,exp-warm-10000-001763-1123fe86,1784798824850,1784798824850,202,0.000,warm
1769,exp-warm-10000-001761-2b3f5a26,1784798824850,1784798824850,202,0.000,warm
1770,exp-warm-10000-001765-5b62ce70,1784798824850,1784798824850,202,0.000,warm
1771,exp-warm-10000-001777-3abebf5c,1784798824850,1784798824851,202,1.000,warm
1772,exp-warm-10000-001775-010645b8,1784798824850,1784798824851,202,1.000,warm
1773,exp-warm-10000-001778-dce204d3,1784798824850,1784798824851,202,1.000,warm
1774,exp-warm-10000-001779-860add01,1784798824850,1784798824851,202,1.000,warm
1775,exp-warm-10000-001776-24d60150,1784798824850,1784798824851,202,1.000,warm
1776,exp-warm-10000-001772-69784e14,1784798824851,1784798824851,202,0.000,warm
1777,exp-warm-10000-001769-294ab2d6,1784798824851,1784798824851,202,0.000,warm
1778,exp-warm-10000-001768-3d61b291,1784798824851,1784798824851,202,0.000,warm
1779,exp-warm-10000-001773-ad024a0f,1784798824851,1784798824851,202,0.000,warm
1780,exp-warm-10000-001785-280477a8,1784798824851,1784798824852,202,1.000,warm
1781,exp-warm-10000-001782-1397eb37,1784798824851,1784798824852,202,1.000,warm
1782,exp-warm-10000-001784-af07863a,1784798824851,1784798824852,202,1.000,warm
1783,exp-warm-10000-001780-065ddb67,1784798824852,1784798824852,202,0.000,warm
1784,exp-warm-10000-001781-d99d0c05,1784798824852,1784798824852,202,0.000,warm
1785,exp-warm-10000-001783-4beeeba9,1784798824852,1784798824852,202,0.000,warm
1786,exp-warm-10000-001790-8d7716be,1784798824852,1784798824853,202,1.000,warm
1787,exp-warm-10000-001791-35961fc7,1784798824852,1784798824853,202,1.000,warm
1788,exp-warm-10000-001793-0867ce50,1784798824852,1784798824853,202,1.000,warm
1789,exp-warm-10000-001797-6da64953,1784798824852,1784798824853,202,1.000,warm
1790,exp-warm-10000-001798-d5fd8af5,1784798824852,1784798824853,202,1.000,warm
1791,exp-warm-10000-001796-343528f6,1784798824852,1784798824853,202,1.000,warm
1792,exp-warm-10000-001795-eaea052e,1784798824852,1784798824853,202,1.000,warm
1793,exp-warm-10000-001794-4d31661f,1784798824852,1784798824853,202,1.000,warm
1794,exp-warm-10000-001807-e77975c4,1784798824852,1784798824854,202,2.000,warm
1795,exp-warm-10000-001808-40d2cfc1,1784798824852,1784798824854,202,2.000,warm
1796,exp-warm-10000-001787-07f1a8bd,1784798824853,1784798824853,202,0.000,warm
1797,exp-warm-10000-001788-1832d00b,1784798824853,1784798824853,202,0.000,warm
1798,exp-warm-10000-001789-8e6f2e24,1784798824853,1784798824853,202,0.000,warm
1799,exp-warm-10000-001792-c8472846,1784798824853,1784798824853,202,0.000,warm
1800,exp-warm-10000-001786-59504fae,1784798824853,1784798824853,202,0.000,warm
1801,exp-warm-10000-001802-899ba49d,1784798824853,1784798824854,202,1.000,warm
1802,exp-warm-10000-001806-22404492,1784798824853,1784798824854,202,1.000,warm
1803,exp-warm-10000-001811-dcd4fc93,1784798824853,1784798824854,202,1.000,warm
1804,exp-warm-10000-001810-0bf0196f,1784798824853,1784798824854,202,1.000,warm
1805,exp-warm-10000-001809-d7225106,1784798824853,1784798824854,202,1.000,warm
1806,exp-warm-10000-001813-83607626,1784798824853,1784798824854,202,1.000,warm
1807,exp-warm-10000-001814-1042cb0c,1784798824853,1784798824854,202,1.000,warm
1808,exp-warm-10000-001799-5fa43938,1784798824854,1784798824854,202,0.000,warm
1809,exp-warm-10000-001800-2f371748,1784798824854,1784798824854,202,0.000,warm
1810,exp-warm-10000-001801-f87498fc,1784798824854,1784798824854,202,0.000,warm
1811,exp-warm-10000-001803-e74e308d,1784798824854,1784798824854,202,0.000,warm
1812,exp-warm-10000-001804-5e4d28dd,1784798824854,1784798824854,202,0.000,warm
1813,exp-warm-10000-001805-f7623ba0,1784798824854,1784798824854,202,0.000,warm
1814,exp-warm-10000-001823-73b40d22,1784798824854,1784798824855,202,1.000,warm
1815,exp-warm-10000-001822-1c290596,1784798824854,1784798824855,202,1.000,warm
1816,exp-warm-10000-001824-480963ed,1784798824854,1784798824855,202,1.000,warm
1817,exp-warm-10000-001815-52e6a16f,1784798824855,1784798824855,202,0.000,warm
1818,exp-warm-10000-001812-2efc275e,1784798824855,1784798824855,202,0.000,warm
1819,exp-warm-10000-001816-f692efe8,1784798824855,1784798824855,202,0.000,warm
1820,exp-warm-10000-001817-6a2b0758,1784798824855,1784798824855,202,0.000,warm
1821,exp-warm-10000-001819-50806960,1784798824855,1784798824855,202,0.000,warm
1822,exp-warm-10000-001818-27ec5658,1784798824855,1784798824855,202,0.000,warm
1823,exp-warm-10000-001820-2911b199,1784798824855,1784798824855,202,0.000,warm
1824,exp-warm-10000-001821-70941688,1784798824855,1784798824855,202,0.000,warm
1825,exp-warm-10000-001825-a03a84eb,1784798824855,1784798824856,202,1.000,warm
1826,exp-warm-10000-001834-eea589d8,1784798824855,1784798824856,202,1.000,warm
1827,exp-warm-10000-001839-76419008,1784798824855,1784798824856,202,1.000,warm
1828,exp-warm-10000-001837-61c2f110,1784798824855,1784798824856,202,1.000,warm
1829,exp-warm-10000-001838-72af8b98,1784798824855,1784798824856,202,1.000,warm
1830,exp-warm-10000-001826-4159e1ad,1784798824855,1784798824856,202,1.000,warm
1831,exp-warm-10000-001836-8035acdb,1784798824855,1784798824857,202,2.000,warm
1832,exp-warm-10000-001870-c4d1c14a,1784798824855,1784798824859,202,4.000,warm
1833,exp-warm-10000-001829-85cb18e7,1784798824856,1784798824856,202,0.000,warm
1834,exp-warm-10000-001827-7cd42877,1784798824856,1784798824856,202,0.000,warm
1835,exp-warm-10000-001828-c74f6474,1784798824856,1784798824856,202,0.000,warm
1836,exp-warm-10000-001830-5b80384d,1784798824856,1784798824856,202,0.000,warm
1837,exp-warm-10000-001833-1da4ee4f,1784798824856,1784798824856,202,0.000,warm
1838,exp-warm-10000-001832-3ea21a09,1784798824856,1784798824856,202,0.000,warm
1839,exp-warm-10000-001835-0d8598c6,1784798824856,1784798824856,202,0.000,warm
1840,exp-warm-10000-001831-58595624,1784798824856,1784798824856,202,0.000,warm
1841,exp-warm-10000-001845-ce8b7a0b,1784798824856,1784798824857,202,1.000,warm
1842,exp-warm-10000-001844-458748e6,1784798824856,1784798824857,202,1.000,warm
1843,exp-warm-10000-001847-37e8de38,1784798824856,1784798824857,202,1.000,warm
1844,exp-warm-10000-001846-237fe0b6,1784798824856,1784798824857,202,1.000,warm
1845,exp-warm-10000-001869-56ccfcc3,1784798824856,1784798824860,202,4.000,warm
1846,exp-warm-10000-001840-9bc23f52,1784798824857,1784798824857,202,0.000,warm
1847,exp-warm-10000-001841-3c75ea85,1784798824857,1784798824857,202,0.000,warm
1848,exp-warm-10000-001842-c9bcc7e7,1784798824857,1784798824857,202,0.000,warm
1849,exp-warm-10000-001843-0404956f,1784798824857,1784798824857,202,0.000,warm
1850,exp-warm-10000-001857-196ca7cb,1784798824857,1784798824858,202,1.000,warm
1851,exp-warm-10000-001854-aa7cd682,1784798824857,1784798824858,202,1.000,warm
1852,exp-warm-10000-001859-26e452b0,1784798824857,1784798824858,202,1.000,warm
1853,exp-warm-10000-001848-c223a7be,1784798824857,1784798824858,202,1.000,warm
1854,exp-warm-10000-001860-cc157ad8,1784798824857,1784798824858,202,1.000,warm
1855,exp-warm-10000-001850-4892cb8f,1784798824857,1784798824858,202,1.000,warm
1856,exp-warm-10000-001849-1a4f865e,1784798824857,1784798824858,202,1.000,warm
1857,exp-warm-10000-001858-5ea02de1,1784798824857,1784798824858,202,1.000,warm
1858,exp-warm-10000-001856-c292021b,1784798824857,1784798824858,202,1.000,warm
1859,exp-warm-10000-001851-83a96e95,1784798824857,1784798824858,202,1.000,warm
1860,exp-warm-10000-001865-1773eeee,1784798824857,1784798824859,202,2.000,warm
1861,exp-warm-10000-001852-12678b57,1784798824858,1784798824858,202,0.000,warm
1862,exp-warm-10000-001853-5a580369,1784798824858,1784798824858,202,0.000,warm
1863,exp-warm-10000-001855-0e5c59ad,1784798824858,1784798824858,202,0.000,warm
1864,exp-warm-10000-001868-a36560d0,1784798824858,1784798824859,202,1.000,warm
1865,exp-warm-10000-001867-ac01857e,1784798824858,1784798824859,202,1.000,warm
1866,exp-warm-10000-001873-6a9d4e86,1784798824858,1784798824859,202,1.000,warm
1867,exp-warm-10000-001871-992066d2,1784798824858,1784798824859,202,1.000,warm
1868,exp-warm-10000-001861-4112c2a8,1784798824858,1784798824859,202,1.000,warm
1869,exp-warm-10000-001863-60f54294,1784798824858,1784798824859,202,1.000,warm
1870,exp-warm-10000-001879-0eb4103f,1784798824858,1784798824860,202,2.000,warm
1871,exp-warm-10000-001882-ac5774ea,1784798824858,1784798824860,202,2.000,warm
1872,exp-warm-10000-001862-3c390eee,1784798824859,1784798824859,202,0.000,warm
1873,exp-warm-10000-001864-1fe397c1,1784798824859,1784798824859,202,0.000,warm
1874,exp-warm-10000-001866-77c6dd71,1784798824859,1784798824859,202,0.000,warm
1875,exp-warm-10000-001883-0dbb6ec4,1784798824859,1784798824860,202,1.000,warm
1876,exp-warm-10000-001886-14ac94ee,1784798824859,1784798824860,202,1.000,warm
1877,exp-warm-10000-001881-6a1f7ebf,1784798824859,1784798824860,202,1.000,warm
1878,exp-warm-10000-001885-9cfed901,1784798824859,1784798824860,202,1.000,warm
1879,exp-warm-10000-001884-380a1b77,1784798824859,1784798824860,202,1.000,warm
1880,exp-warm-10000-001874-4288819c,1784798824860,1784798824860,202,0.000,warm
1881,exp-warm-10000-001875-f776835f,1784798824860,1784798824860,202,0.000,warm
1882,exp-warm-10000-001876-a62f02cc,1784798824860,1784798824860,202,0.000,warm
1883,exp-warm-10000-001877-90159ca0,1784798824860,1784798824860,202,0.000,warm
1884,exp-warm-10000-001878-46a97087,1784798824860,1784798824860,202,0.000,warm
1885,exp-warm-10000-001880-e33e4647,1784798824860,1784798824860,202,0.000,warm
1886,exp-warm-10000-001872-9790988a,1784798824860,1784798824860,202,0.000,warm
1887,exp-warm-10000-001890-82999a11,1784798824860,1784798824861,202,1.000,warm
1888,exp-warm-10000-001892-b5fa563a,1784798824860,1784798824861,202,1.000,warm
1889,exp-warm-10000-001894-e04b0a50,1784798824860,1784798824861,202,1.000,warm
1890,exp-warm-10000-001893-f9522f06,1784798824860,1784798824861,202,1.000,warm
1891,exp-warm-10000-001891-d4b734a8,1784798824860,1784798824861,202,1.000,warm
1892,exp-warm-10000-001887-1c86ff8a,1784798824860,1784798824861,202,1.000,warm
1893,exp-warm-10000-001895-2c8bc3fc,1784798824860,1784798824861,202,1.000,warm
1894,exp-warm-10000-001888-f3db43ec,1784798824861,1784798824861,202,0.000,warm
1895,exp-warm-10000-001889-e7c970a6,1784798824861,1784798824861,202,0.000,warm
1896,exp-warm-10000-001903-c7358087,1784798824861,1784798824862,202,1.000,warm
1897,exp-warm-10000-001905-69e3eec7,1784798824861,1784798824862,202,1.000,warm
1898,exp-warm-10000-001906-5ae3722b,1784798824861,1784798824862,202,1.000,warm
1899,exp-warm-10000-001902-5b72c898,1784798824861,1784798824862,202,1.000,warm
1900,exp-warm-10000-001904-453e8ab4,1784798824861,1784798824862,202,1.000,warm
1901,exp-warm-10000-001897-d98ebc1b,1784798824862,1784798824862,202,0.000,warm
1902,exp-warm-10000-001896-72e86948,1784798824862,1784798824862,202,0.000,warm
1903,exp-warm-10000-001898-f72ae7a5,1784798824862,1784798824862,202,0.000,warm
1904,exp-warm-10000-001900-acaef301,1784798824862,1784798824862,202,0.000,warm
1905,exp-warm-10000-001899-8db13527,1784798824862,1784798824862,202,0.000,warm
1906,exp-warm-10000-001901-4403e2cb,1784798824862,1784798824862,202,0.000,warm
1907,exp-warm-10000-001913-4151340f,1784798824862,1784798824863,202,1.000,warm
1908,exp-warm-10000-001908-470b1dfe,1784798824862,1784798824863,202,1.000,warm
1909,exp-warm-10000-001917-5077c65d,1784798824862,1784798824863,202,1.000,warm
1910,exp-warm-10000-001916-49228f3e,1784798824862,1784798824863,202,1.000,warm
1911,exp-warm-10000-001911-cdc157ea,1784798824862,1784798824863,202,1.000,warm
1912,exp-warm-10000-001915-c7939238,1784798824862,1784798824863,202,1.000,warm
1913,exp-warm-10000-001914-4203b544,1784798824862,1784798824863,202,1.000,warm
1914,exp-warm-10000-001907-158716f9,1784798824863,1784798824863,202,0.000,warm
1915,exp-warm-10000-001910-597f1e18,1784798824863,1784798824863,202,0.000,warm
1916,exp-warm-10000-001909-7dbdc9bf,1784798824863,1784798824863,202,0.000,warm
1917,exp-warm-10000-001912-b10294c7,1784798824863,1784798824863,202,0.000,warm
1918,exp-warm-10000-001927-eac7c0fb,1784798824863,1784798824864,202,1.000,warm
1919,exp-warm-10000-001929-45ddc00f,1784798824863,1784798824864,202,1.000,warm
1920,exp-warm-10000-001922-e2265b58,1784798824863,1784798824864,202,1.000,warm
1921,exp-warm-10000-001928-9ae24d31,1784798824863,1784798824864,202,1.000,warm
1922,exp-warm-10000-001923-a5cf2167,1784798824863,1784798824864,202,1.000,warm
1923,exp-warm-10000-001925-dd0c6d69,1784798824863,1784798824864,202,1.000,warm
1924,exp-warm-10000-001920-8201f1e0,1784798824864,1784798824864,202,0.000,warm
1925,exp-warm-10000-001921-adb374d5,1784798824864,1784798824864,202,0.000,warm
1926,exp-warm-10000-001919-465d9311,1784798824864,1784798824864,202,0.000,warm
1927,exp-warm-10000-001924-26acfa43,1784798824864,1784798824864,202,0.000,warm
1928,exp-warm-10000-001918-9b933faf,1784798824864,1784798824864,202,0.000,warm
1929,exp-warm-10000-001926-495b42bd,1784798824864,1784798824864,202,0.000,warm
1930,exp-warm-10000-001940-3d71c1ca,1784798824864,1784798824865,202,1.000,warm
1931,exp-warm-10000-001939-1a85cbd3,1784798824864,1784798824865,202,1.000,warm
1932,exp-warm-10000-001938-8928bd57,1784798824864,1784798824865,202,1.000,warm
1933,exp-warm-10000-001948-67b0d2ae,1784798824864,1784798824866,202,2.000,warm
1934,exp-warm-10000-001930-30d4dab4,1784798824865,1784798824865,202,0.000,warm
1935,exp-warm-10000-001931-7cd9de55,1784798824865,1784798824865,202,0.000,warm
1936,exp-warm-10000-001933-33c32a3e,1784798824865,1784798824865,202,0.000,warm
1937,exp-warm-10000-001932-aabdc24d,1784798824865,1784798824865,202,0.000,warm
1938,exp-warm-10000-001934-7ace31f7,1784798824865,1784798824865,202,0.000,warm
1939,exp-warm-10000-001935-2d8fdb7b,1784798824865,1784798824865,202,0.000,warm
1940,exp-warm-10000-001937-72485f1e,1784798824865,1784798824865,202,0.000,warm
1941,exp-warm-10000-001936-fe2ba09e,1784798824865,1784798824865,202,0.000,warm
1942,exp-warm-10000-001947-40dc854b,1784798824865,1784798824866,202,1.000,warm
1943,exp-warm-10000-001946-37ea0131,1784798824865,1784798824866,202,1.000,warm
1944,exp-warm-10000-001943-344c06b0,1784798824865,1784798824866,202,1.000,warm
1945,exp-warm-10000-001945-9f0a9292,1784798824865,1784798824866,202,1.000,warm
1946,exp-warm-10000-001970-bd1e5f33,1784798824865,1784798824868,202,3.000,warm
1947,exp-warm-10000-001941-22c01089,1784798824866,1784798824866,202,0.000,warm
1948,exp-warm-10000-001942-a3dfc2f8,1784798824866,1784798824866,202,0.000,warm
1949,exp-warm-10000-001944-124fdd5b,1784798824866,1784798824866,202,0.000,warm
1950,exp-warm-10000-001955-7cc404be,1784798824866,1784798824867,202,1.000,warm
1951,exp-warm-10000-001956-b4759814,1784798824866,1784798824867,202,1.000,warm
1952,exp-warm-10000-001959-34777a9c,1784798824866,1784798824867,202,1.000,warm
1953,exp-warm-10000-001960-23d912a6,1784798824866,1784798824867,202,1.000,warm
1954,exp-warm-10000-001957-80a8a311,1784798824866,1784798824867,202,1.000,warm
1955,exp-warm-10000-001958-e2a50315,1784798824866,1784798824867,202,1.000,warm
1956,exp-warm-10000-001965-57713d4b,1784798824866,1784798824868,202,2.000,warm
1957,exp-warm-10000-001966-a545d283,1784798824866,1784798824868,202,2.000,warm
1958,exp-warm-10000-001975-3881f710,1784798824866,1784798824869,202,3.000,warm
1959,exp-warm-10000-001950-220034c5,1784798824867,1784798824867,202,0.000,warm
1960,exp-warm-10000-001951-a4710317,1784798824867,1784798824867,202,0.000,warm
1961,exp-warm-10000-001952-8c66754d,1784798824867,1784798824867,202,0.000,warm
1962,exp-warm-10000-001953-fd47288e,1784798824867,1784798824867,202,0.000,warm
1963,exp-warm-10000-001954-ae689804,1784798824867,1784798824867,202,0.000,warm
1964,exp-warm-10000-001949-d37c6e33,1784798824867,1784798824867,202,0.000,warm
1965,exp-warm-10000-001963-a2c2bab6,1784798824867,1784798824868,202,1.000,warm
1966,exp-warm-10000-001968-c8f06848,1784798824867,1784798824868,202,1.000,warm
1967,exp-warm-10000-001971-11478c0d,1784798824867,1784798824868,202,1.000,warm
1968,exp-warm-10000-001967-11348772,1784798824867,1784798824868,202,1.000,warm
1969,exp-warm-10000-001969-47e0687b,1784798824867,1784798824868,202,1.000,warm
1970,exp-warm-10000-001962-89befd7e,1784798824868,1784798824868,202,0.000,warm
1971,exp-warm-10000-001961-29c4be68,1784798824868,1784798824868,202,0.000,warm
1972,exp-warm-10000-001964-de510248,1784798824868,1784798824868,202,0.000,warm
1973,exp-warm-10000-001979-24c7d95a,1784798824868,1784798824869,202,1.000,warm
1974,exp-warm-10000-001980-c0d9b07d,1784798824868,1784798824869,202,1.000,warm
1975,exp-warm-10000-001978-7a4b52d3,1784798824868,1784798824869,202,1.000,warm
1976,exp-warm-10000-001976-5840e9b3,1784798824868,1784798824869,202,1.000,warm
1977,exp-warm-10000-001981-2a50f5be,1784798824868,1784798824869,202,1.000,warm
1978,exp-warm-10000-001987-9d572790,1784798824868,1784798824870,202,2.000,warm
1979,exp-warm-10000-001973-8a95e686,1784798824869,1784798824869,202,0.000,warm
1980,exp-warm-10000-001972-39ba5d95,1784798824869,1784798824869,202,0.000,warm
1981,exp-warm-10000-001977-0208478a,1784798824869,1784798824869,202,0.000,warm
1982,exp-warm-10000-001974-d1cf0c0c,1784798824869,1784798824869,202,0.000,warm
1983,exp-warm-10000-001992-7a80aeb6,1784798824869,1784798824870,202,1.000,warm
1984,exp-warm-10000-001988-6efc7614,1784798824869,1784798824870,202,1.000,warm
1985,exp-warm-10000-001991-5d18134b,1784798824869,1784798824870,202,1.000,warm
1986,exp-warm-10000-001990-fc7818d7,1784798824869,1784798824870,202,1.000,warm
1987,exp-warm-10000-001989-1c06f712,1784798824869,1784798824870,202,1.000,warm
1988,exp-warm-10000-001993-97301fbd,1784798824869,1784798824870,202,1.000,warm
1989,exp-warm-10000-001982-65f970dc,1784798824869,1784798824870,202,1.000,warm
1990,exp-warm-10000-001984-9954c9c8,1784798824870,1784798824870,202,0.000,warm
1991,exp-warm-10000-001985-db5aea0c,1784798824870,1784798824870,202,0.000,warm
1992,exp-warm-10000-001986-891c4226,1784798824870,1784798824870,202,0.000,warm
1993,exp-warm-10000-001983-7410cfba,1784798824870,1784798824870,202,0.000,warm
1994,exp-warm-10000-001999-36542baa,1784798824870,1784798824871,202,1.000,warm
1995,exp-warm-10000-001996-b28ae264,1784798824870,1784798824871,202,1.000,warm
1996,exp-warm-10000-002002-6f99e064,1784798824870,1784798824871,202,1.000,warm
1997,exp-warm-10000-001994-a072da53,1784798824870,1784798824871,202,1.000,warm
1998,exp-warm-10000-002003-8487f03b,1784798824870,1784798824871,202,1.000,warm
1999,exp-warm-10000-002001-af2514e5,1784798824870,1784798824871,202,1.000,warm
2000,exp-warm-10000-002000-def2feee,1784798824870,1784798824871,202,1.000,warm
2001,exp-warm-10000-002008-b561f5c3,1784798824870,1784798824872,202,2.000,warm
2002,exp-warm-10000-001995-7a1212e4,1784798824871,1784798824871,202,0.000,warm
2003,exp-warm-10000-001997-fcdbbb98,1784798824871,1784798824871,202,0.000,warm
2004,exp-warm-10000-001998-10920cff,1784798824871,1784798824871,202,0.000,warm
2005,exp-warm-10000-002011-60f0562b,1784798824871,1784798824872,202,1.000,warm
2006,exp-warm-10000-002015-739c8414,1784798824871,1784798824872,202,1.000,warm
2007,exp-warm-10000-002014-c2748e1d,1784798824871,1784798824872,202,1.000,warm
2008,exp-warm-10000-002005-d28cd7c8,1784798824872,1784798824872,202,0.000,warm
2009,exp-warm-10000-002007-0ddbfb61,1784798824872,1784798824872,202,0.000,warm
2010,exp-warm-10000-002009-3d4f7578,1784798824872,1784798824872,202,0.000,warm
2011,exp-warm-10000-002004-3d223d24,1784798824872,1784798824872,202,0.000,warm
2012,exp-warm-10000-002012-f0410a51,1784798824872,1784798824872,202,0.000,warm
2013,exp-warm-10000-002010-618a0f65,1784798824872,1784798824872,202,0.000,warm
2014,exp-warm-10000-002006-5c96e933,1784798824872,1784798824872,202,0.000,warm
2015,exp-warm-10000-002013-e090ffbd,1784798824872,1784798824873,202,1.000,warm
2016,exp-warm-10000-002022-794d5562,1784798824872,1784798824873,202,1.000,warm
2017,exp-warm-10000-002024-270e68ba,1784798824872,1784798824873,202,1.000,warm
2018,exp-warm-10000-002026-13e00988,1784798824872,1784798824873,202,1.000,warm
2019,exp-warm-10000-002023-d734e3dd,1784798824872,1784798824873,202,1.000,warm
2020,exp-warm-10000-002020-30652d1e,1784798824872,1784798824873,202,1.000,warm
2021,exp-warm-10000-002018-d9949a20,1784798824872,1784798824873,202,1.000,warm
2022,exp-warm-10000-002016-d68a9e9f,1784798824873,1784798824873,202,0.000,warm
2023,exp-warm-10000-002017-20e26492,1784798824873,1784798824873,202,0.000,warm
2024,exp-warm-10000-002021-36fbeea2,1784798824873,1784798824873,202,0.000,warm
2025,exp-warm-10000-002019-7e29b84c,1784798824873,1784798824873,202,0.000,warm
2026,exp-warm-10000-002027-1f3c00c9,1784798824873,1784798824874,202,1.000,warm
2027,exp-warm-10000-002033-bd5a3429,1784798824873,1784798824874,202,1.000,warm
2028,exp-warm-10000-002045-4cd554df,1784798824873,1784798824875,202,2.000,warm
2029,exp-warm-10000-002060-3d984cdc,1784798824873,1784798824876,202,3.000,warm
2030,exp-warm-10000-002028-12f36094,1784798824874,1784798824874,202,0.000,warm
2031,exp-warm-10000-002025-df42603b,1784798824874,1784798824874,202,0.000,warm
2032,exp-warm-10000-002030-74ba1c98,1784798824874,1784798824874,202,0.000,warm
2033,exp-warm-10000-002031-1f21015c,1784798824874,1784798824874,202,0.000,warm
2034,exp-warm-10000-002029-1d60e2c1,1784798824874,1784798824874,202,0.000,warm
2035,exp-warm-10000-002032-a6699e54,1784798824874,1784798824874,202,0.000,warm
2036,exp-warm-10000-002047-7110286c,1784798824874,1784798824875,202,1.000,warm
2037,exp-warm-10000-002046-d7037fa7,1784798824874,1784798824875,202,1.000,warm
2038,exp-warm-10000-002037-853b9e7c,1784798824874,1784798824875,202,1.000,warm
2039,exp-warm-10000-002050-04d42cf9,1784798824874,1784798824875,202,1.000,warm
2040,exp-warm-10000-002041-fd3b03e5,1784798824874,1784798824875,202,1.000,warm
2041,exp-warm-10000-002049-c3b65214,1784798824874,1784798824875,202,1.000,warm
2042,exp-warm-10000-002040-71bba33b,1784798824874,1784798824875,202,1.000,warm
2043,exp-warm-10000-002048-b057c3b8,1784798824874,1784798824875,202,1.000,warm
2044,exp-warm-10000-002052-f4185a43,1784798824874,1784798824876,202,2.000,warm
2045,exp-warm-10000-002035-7f04b31f,1784798824875,1784798824875,202,0.000,warm
2046,exp-warm-10000-002038-6a3baffb,1784798824875,1784798824875,202,0.000,warm
2047,exp-warm-10000-002039-0cd069c0,1784798824875,1784798824875,202,0.000,warm
2048,exp-warm-10000-002043-d97f631e,1784798824875,1784798824875,202,0.000,warm
2049,exp-warm-10000-002042-95bd180a,1784798824875,1784798824875,202,0.000,warm
2050,exp-warm-10000-002044-9e1a104a,1784798824875,1784798824875,202,0.000,warm
2051,exp-warm-10000-002036-b263a0f8,1784798824875,1784798824875,202,0.000,warm
2052,exp-warm-10000-002034-eceb4319,1784798824875,1784798824875,202,0.000,warm
2053,exp-warm-10000-002062-97527e33,1784798824875,1784798824876,202,1.000,warm
2054,exp-warm-10000-002061-f5a84087,1784798824875,1784798824876,202,1.000,warm
2055,exp-warm-10000-002054-6f5ea255,1784798824875,1784798824876,202,1.000,warm
2056,exp-warm-10000-002063-8a3fa73d,1784798824875,1784798824876,202,1.000,warm
2057,exp-warm-10000-002057-e8ae0f98,1784798824875,1784798824876,202,1.000,warm
2058,exp-warm-10000-002059-17e1c417,1784798824875,1784798824876,202,1.000,warm
2059,exp-warm-10000-002074-2fd8eacf,1784798824875,1784798824877,202,2.000,warm
2060,exp-warm-10000-002053-2e035716,1784798824876,1784798824876,202,0.000,warm
2061,exp-warm-10000-002051-4ad75597,1784798824876,1784798824876,202,0.000,warm
2062,exp-warm-10000-002055-52a74a17,1784798824876,1784798824876,202,0.000,warm
2063,exp-warm-10000-002056-6f989852,1784798824876,1784798824876,202,0.000,warm
2064,exp-warm-10000-002058-a17f3af4,1784798824876,1784798824876,202,0.000,warm
2065,exp-warm-10000-002075-93b9ecfa,1784798824876,1784798824877,202,1.000,warm
2066,exp-warm-10000-002073-7260a577,1784798824876,1784798824877,202,1.000,warm
2067,exp-warm-10000-002071-6b5090ac,1784798824876,1784798824877,202,1.000,warm
2068,exp-warm-10000-002077-d0822fcd,1784798824876,1784798824877,202,1.000,warm
2069,exp-warm-10000-002076-d34a08d4,1784798824876,1784798824877,202,1.000,warm
2070,exp-warm-10000-002087-15a6b950,1784798824876,1784798824878,202,2.000,warm
2071,exp-warm-10000-002064-c9c68f50,1784798824877,1784798824877,202,0.000,warm
2072,exp-warm-10000-002066-67aeecbc,1784798824877,1784798824877,202,0.000,warm
2073,exp-warm-10000-002067-78922966,1784798824877,1784798824877,202,0.000,warm
2074,exp-warm-10000-002068-c26012ba,1784798824877,1784798824877,202,0.000,warm
2075,exp-warm-10000-002070-a797927c,1784798824877,1784798824877,202,0.000,warm
2076,exp-warm-10000-002069-6a5255bd,1784798824877,1784798824877,202,0.000,warm
2077,exp-warm-10000-002065-87d3eff4,1784798824877,1784798824877,202,0.000,warm
2078,exp-warm-10000-002072-098ac0e9,1784798824877,1784798824877,202,0.000,warm
2079,exp-warm-10000-002084-76768a51,1784798824877,1784798824878,202,1.000,warm
2080,exp-warm-10000-002081-1340664a,1784798824877,1784798824878,202,1.000,warm
2081,exp-warm-10000-002085-00801629,1784798824877,1784798824878,202,1.000,warm
2082,exp-warm-10000-002078-36296de4,1784798824877,1784798824878,202,1.000,warm
2083,exp-warm-10000-002086-4773c56e,1784798824877,1784798824878,202,1.000,warm
2084,exp-warm-10000-002088-3e1eca33,1784798824877,1784798824878,202,1.000,warm
2085,exp-warm-10000-002079-1adbfdfc,1784798824878,1784798824878,202,0.000,warm
2086,exp-warm-10000-002082-2d47958f,1784798824878,1784798824878,202,0.000,warm
2087,exp-warm-10000-002080-57b0c66a,1784798824878,1784798824878,202,0.000,warm
2088,exp-warm-10000-002083-cbf0871b,1784798824878,1784798824878,202,0.000,warm
2089,exp-warm-10000-002096-98ee7d38,1784798824878,1784798824879,202,1.000,warm
2090,exp-warm-10000-002089-32333526,1784798824879,1784798824879,202,0.000,warm
2091,exp-warm-10000-002090-931c2846,1784798824879,1784798824879,202,0.000,warm
2092,exp-warm-10000-002093-e487a536,1784798824879,1784798824879,202,0.000,warm
2093,exp-warm-10000-002092-f2555944,1784798824879,1784798824879,202,0.000,warm
2094,exp-warm-10000-002094-3dfa4fbc,1784798824879,1784798824879,202,0.000,warm
2095,exp-warm-10000-002095-ff9f8900,1784798824879,1784798824879,202,0.000,warm
2096,exp-warm-10000-002091-3430f2e2,1784798824879,1784798824879,202,0.000,warm
2097,exp-warm-10000-002109-7b66132c,1784798824879,1784798824880,202,1.000,warm
2098,exp-warm-10000-002108-ba4903c6,1784798824879,1784798824880,202,1.000,warm
2099,exp-warm-10000-002107-3289779a,1784798824879,1784798824880,202,1.000,warm
2100,exp-warm-10000-002104-7bbc88e3,1784798824879,1784798824880,202,1.000,warm
2101,exp-warm-10000-002113-a307c1b5,1784798824879,1784798824880,202,1.000,warm
2102,exp-warm-10000-002102-f6479411,1784798824879,1784798824880,202,1.000,warm
2103,exp-warm-10000-002110-ba691e98,1784798824879,1784798824880,202,1.000,warm
2104,exp-warm-10000-002111-e1972a80,1784798824879,1784798824880,202,1.000,warm
2105,exp-warm-10000-002100-f684ac22,1784798824879,1784798824880,202,1.000,warm
2106,exp-warm-10000-002115-5f70d9ad,1784798824879,1784798824881,202,2.000,warm
2107,exp-warm-10000-002098-43ddd48c,1784798824880,1784798824880,202,0.000,warm
2108,exp-warm-10000-002097-ae15ca62,1784798824880,1784798824880,202,0.000,warm
2109,exp-warm-10000-002101-b77285da,1784798824880,1784798824880,202,0.000,warm
2110,exp-warm-10000-002099-dde3f83a,1784798824880,1784798824880,202,0.000,warm
2111,exp-warm-10000-002103-8be15899,1784798824880,1784798824880,202,0.000,warm
2112,exp-warm-10000-002105-6b5f6d14,1784798824880,1784798824880,202,0.000,warm
2113,exp-warm-10000-002117-87b16211,1784798824880,1784798824881,202,1.000,warm
2114,exp-warm-10000-002123-af30deaa,1784798824880,1784798824881,202,1.000,warm
2115,exp-warm-10000-002122-f0655a22,1784798824880,1784798824881,202,1.000,warm
2116,exp-warm-10000-002106-c069c088,1784798824880,1784798824881,202,1.000,warm
2117,exp-warm-10000-002125-4dc6cbe3,1784798824880,1784798824881,202,1.000,warm
2118,exp-warm-10000-002124-282fdff4,1784798824880,1784798824881,202,1.000,warm
2119,exp-warm-10000-002112-8a9787e6,1784798824880,1784798824881,202,1.000,warm
2120,exp-warm-10000-002116-7ab9ba77,1784798824881,1784798824881,202,0.000,warm
2121,exp-warm-10000-002114-271fa2dc,1784798824881,1784798824881,202,0.000,warm
2122,exp-warm-10000-002120-64fd663e,1784798824881,1784798824881,202,0.000,warm
2123,exp-warm-10000-002119-5717685c,1784798824881,1784798824881,202,0.000,warm
2124,exp-warm-10000-002121-307497ab,1784798824881,1784798824881,202,0.000,warm
2125,exp-warm-10000-002118-170eb197,1784798824881,1784798824881,202,0.000,warm
2126,exp-warm-10000-002131-0c75dbae,1784798824881,1784798824882,202,1.000,warm
2127,exp-warm-10000-002132-fc801582,1784798824881,1784798824882,202,1.000,warm
2128,exp-warm-10000-002127-eb6ee1ab,1784798824881,1784798824882,202,1.000,warm
2129,exp-warm-10000-002130-37a2f6dd,1784798824881,1784798824882,202,1.000,warm
2130,exp-warm-10000-002126-f5b0d330,1784798824882,1784798824882,202,0.000,warm
2131,exp-warm-10000-002128-3758c452,1784798824882,1784798824882,202,0.000,warm
2132,exp-warm-10000-002129-8635e66a,1784798824882,1784798824882,202,0.000,warm
2133,exp-warm-10000-002141-bce6202f,1784798824882,1784798824883,202,1.000,warm
2134,exp-warm-10000-002137-7143824e,1784798824882,1784798824883,202,1.000,warm
2135,exp-warm-10000-002143-f2131cb5,1784798824882,1784798824883,202,1.000,warm
2136,exp-warm-10000-002145-77ca8b5b,1784798824882,1784798824883,202,1.000,warm
2137,exp-warm-10000-002142-ed48f7f3,1784798824882,1784798824883,202,1.000,warm
2138,exp-warm-10000-002138-4d9f462f,1784798824882,1784798824883,202,1.000,warm
2139,exp-warm-10000-002146-aebfa88d,1784798824882,1784798824883,202,1.000,warm
2140,exp-warm-10000-002144-806ee425,1784798824882,1784798824883,202,1.000,warm
2141,exp-warm-10000-002140-be181024,1784798824882,1784798824883,202,1.000,warm
2142,exp-warm-10000-002135-2766098e,1784798824883,1784798824883,202,0.000,warm
2143,exp-warm-10000-002136-f53a69b6,1784798824883,1784798824883,202,0.000,warm
2144,exp-warm-10000-002139-3dafcfbb,1784798824883,1784798824883,202,0.000,warm
2145,exp-warm-10000-002133-3ba14a37,1784798824883,1784798824883,202,0.000,warm
2146,exp-warm-10000-002134-835cee56,1784798824883,1784798824883,202,0.000,warm
2147,exp-warm-10000-002152-03ff6833,1784798824883,1784798824884,202,1.000,warm
2148,exp-warm-10000-002154-1d4efe90,1784798824883,1784798824884,202,1.000,warm
2149,exp-warm-10000-002155-cf625206,1784798824883,1784798824884,202,1.000,warm
2150,exp-warm-10000-002147-3763771c,1784798824883,1784798824884,202,1.000,warm
2151,exp-warm-10000-002156-06ee50f6,1784798824883,1784798824884,202,1.000,warm
2152,exp-warm-10000-002159-3b675c41,1784798824883,1784798824884,202,1.000,warm
2153,exp-warm-10000-002160-14f100d3,1784798824883,1784798824884,202,1.000,warm
2154,exp-warm-10000-002153-347da456,1784798824883,1784798824884,202,1.000,warm
2155,exp-warm-10000-002158-61561f3a,1784798824883,1784798824884,202,1.000,warm
2156,exp-warm-10000-002157-c7f169ba,1784798824883,1784798824884,202,1.000,warm
2157,exp-warm-10000-002151-09b524b6,1784798824883,1784798824884,202,1.000,warm
2158,exp-warm-10000-002148-25fea3ca,1784798824884,1784798824884,202,0.000,warm
2159,exp-warm-10000-002149-dd9c2354,1784798824884,1784798824884,202,0.000,warm
2160,exp-warm-10000-002150-27099967,1784798824884,1784798824884,202,0.000,warm
2161,exp-warm-10000-002167-c121e20c,1784798824884,1784798824885,202,1.000,warm
2162,exp-warm-10000-002168-1a12aab8,1784798824884,1784798824885,202,1.000,warm
2163,exp-warm-10000-002172-6bab052b,1784798824884,1784798824885,202,1.000,warm
2164,exp-warm-10000-002170-370061cd,1784798824884,1784798824885,202,1.000,warm
2165,exp-warm-10000-002169-3cf1688f,1784798824884,1784798824885,202,1.000,warm
2166,exp-warm-10000-002161-4237aa7d,1784798824885,1784798824885,202,0.000,warm
2167,exp-warm-10000-002162-9c19609a,1784798824885,1784798824885,202,0.000,warm
2168,exp-warm-10000-002163-46eb6538,1784798824885,1784798824885,202,0.000,warm
2169,exp-warm-10000-002166-ed41ff1c,1784798824885,1784798824885,202,0.000,warm
2170,exp-warm-10000-002164-2070fdcf,1784798824885,1784798824885,202,0.000,warm
2171,exp-warm-10000-002165-0a8fa934,1784798824885,1784798824885,202,0.000,warm
2172,exp-warm-10000-002180-9d9af048,1784798824885,1784798824886,202,1.000,warm
2173,exp-warm-10000-002183-2697a685,1784798824885,1784798824886,202,1.000,warm
2174,exp-warm-10000-002182-b049c844,1784798824885,1784798824886,202,1.000,warm
2175,exp-warm-10000-002179-5f0b1313,1784798824885,1784798824886,202,1.000,warm
2176,exp-warm-10000-002184-97fc2295,1784798824885,1784798824886,202,1.000,warm
2177,exp-warm-10000-002181-00b47bd2,1784798824885,1784798824886,202,1.000,warm
2178,exp-warm-10000-002174-39c8e9cb,1784798824886,1784798824886,202,0.000,warm
2179,exp-warm-10000-002173-cff7a40b,1784798824886,1784798824886,202,0.000,warm
2180,exp-warm-10000-002171-1302a9ce,1784798824886,1784798824886,202,0.000,warm
2181,exp-warm-10000-002175-af1fbf1d,1784798824886,1784798824886,202,0.000,warm
2182,exp-warm-10000-002177-157658e1,1784798824886,1784798824886,202,0.000,warm
2183,exp-warm-10000-002176-36fa6bad,1784798824886,1784798824886,202,0.000,warm
2184,exp-warm-10000-002178-b26495d8,1784798824886,1784798824886,202,0.000,warm
2185,exp-warm-10000-002190-6cf6fb01,1784798824886,1784798824887,202,1.000,warm
2186,exp-warm-10000-002192-2f204a84,1784798824886,1784798824887,202,1.000,warm
2187,exp-warm-10000-002195-2d0487ec,1784798824886,1784798824887,202,1.000,warm
2188,exp-warm-10000-002215-22292097,1784798824886,1784798824889,202,3.000,warm
2189,exp-warm-10000-002186-4c7bbf08,1784798824887,1784798824887,202,0.000,warm
2190,exp-warm-10000-002187-ee30c5fe,1784798824887,1784798824887,202,0.000,warm
2191,exp-warm-10000-002185-9e48e464,1784798824887,1784798824887,202,0.000,warm
2192,exp-warm-10000-002189-78a43721,1784798824887,1784798824887,202,0.000,warm
2193,exp-warm-10000-002188-0126fd71,1784798824887,1784798824887,202,0.000,warm
2194,exp-warm-10000-002193-36c4f951,1784798824887,1784798824887,202,0.000,warm
2195,exp-warm-10000-002191-7a489df3,1784798824887,1784798824887,202,0.000,warm
2196,exp-warm-10000-002199-947e9ac5,1784798824887,1784798824888,202,1.000,warm
2197,exp-warm-10000-002203-9189605d,1784798824887,1784798824888,202,1.000,warm
2198,exp-warm-10000-002194-8256185c,1784798824887,1784798824888,202,1.000,warm
2199,exp-warm-10000-002198-f3559b3f,1784798824887,1784798824888,202,1.000,warm
2200,exp-warm-10000-002204-0f2ad960,1784798824887,1784798824888,202,1.000,warm
2201,exp-warm-10000-002209-847f3606,1784798824887,1784798824888,202,1.000,warm
2202,exp-warm-10000-002196-530a9a55,1784798824887,1784798824888,202,1.000,warm
2203,exp-warm-10000-002201-42b917f4,1784798824887,1784798824888,202,1.000,warm
2204,exp-warm-10000-002205-f786c25c,1784798824887,1784798824888,202,1.000,warm
2205,exp-warm-10000-002210-cb6b58f5,1784798824887,1784798824888,202,1.000,warm
2206,exp-warm-10000-002206-2a6fdf0a,1784798824887,1784798824888,202,1.000,warm
2207,exp-warm-10000-002208-f8bf8406,1784798824887,1784798824888,202,1.000,warm
2208,exp-warm-10000-002207-5c70abb6,1784798824887,1784798824888,202,1.000,warm
2209,exp-warm-10000-002216-6344f758,1784798824887,1784798824889,202,2.000,warm
2210,exp-warm-10000-002197-93d5a9a9,1784798824888,1784798824888,202,0.000,warm
2211,exp-warm-10000-002200-09c2c418,1784798824888,1784798824888,202,0.000,warm
2212,exp-warm-10000-002202-d3df65c0,1784798824888,1784798824888,202,0.000,warm
2213,exp-warm-10000-002225-ffd3a803,1784798824888,1784798824890,202,2.000,warm
2214,exp-warm-10000-002224-3b160263,1784798824888,1784798824890,202,2.000,warm
2215,exp-warm-10000-002211-ee56f46f,1784798824889,1784798824889,202,0.000,warm
2216,exp-warm-10000-002212-a881381a,1784798824889,1784798824889,202,0.000,warm
2217,exp-warm-10000-002213-e30b9505,1784798824889,1784798824889,202,0.000,warm
2218,exp-warm-10000-002220-1604e665,1784798824889,1784798824890,202,1.000,warm
2219,exp-warm-10000-002229-eaa617b4,1784798824889,1784798824890,202,1.000,warm
2220,exp-warm-10000-002228-d1318b3c,1784798824889,1784798824890,202,1.000,warm
2221,exp-warm-10000-002232-ef55b4f1,1784798824889,1784798824890,202,1.000,warm
2222,exp-warm-10000-002226-42057291,1784798824889,1784798824890,202,1.000,warm
2223,exp-warm-10000-002221-402b948e,1784798824889,1784798824890,202,1.000,warm
2224,exp-warm-10000-002233-f56ec308,1784798824889,1784798824890,202,1.000,warm
2225,exp-warm-10000-002227-1d53e07f,1784798824889,1784798824890,202,1.000,warm
2226,exp-warm-10000-002214-15699bb1,1784798824889,1784798824890,202,1.000,warm
2227,exp-warm-10000-002223-55df2b0b,1784798824889,1784798824890,202,1.000,warm
2228,exp-warm-10000-002231-3c027a34,1784798824889,1784798824890,202,1.000,warm
2229,exp-warm-10000-002240-8f4a12c4,1784798824889,1784798824891,202,2.000,warm
2230,exp-warm-10000-002218-cdb85b99,1784798824890,1784798824890,202,0.000,warm
2231,exp-warm-10000-002219-c4a8afaf,1784798824890,1784798824890,202,0.000,warm
2232,exp-warm-10000-002222-e3613eb3,1784798824890,1784798824890,202,0.000,warm
2233,exp-warm-10000-002217-5f18904d,1784798824890,1784798824890,202,0.000,warm
2234,exp-warm-10000-002235-4c0f8a83,1784798824890,1784798824891,202,1.000,warm
2235,exp-warm-10000-002238-22c60d0b,1784798824890,1784798824891,202,1.000,warm
2236,exp-warm-10000-002239-d5ebddab,1784798824890,1784798824891,202,1.000,warm
2237,exp-warm-10000-002243-21e48ff1,1784798824890,1784798824891,202,1.000,warm
2238,exp-warm-10000-002242-a39e98af,1784798824890,1784798824891,202,1.000,warm
2239,exp-warm-10000-002241-a9999e99,1784798824890,1784798824891,202,1.000,warm
2240,exp-warm-10000-002234-fc33e6d8,1784798824891,1784798824891,202,0.000,warm
2241,exp-warm-10000-002236-7b419b0d,1784798824891,1784798824891,202,0.000,warm
2242,exp-warm-10000-002237-cd24c648,1784798824891,1784798824891,202,0.000,warm
2243,exp-warm-10000-002230-dc5555b1,1784798824891,1784798824891,202,0.000,warm
2244,exp-warm-10000-002253-8799b581,1784798824891,1784798824892,202,1.000,warm
2245,exp-warm-10000-002252-67b813c1,1784798824891,1784798824892,202,1.000,warm
2246,exp-warm-10000-002249-a43667b0,1784798824891,1784798824892,202,1.000,warm
2247,exp-warm-10000-002254-10e4a35a,1784798824891,1784798824892,202,1.000,warm
2248,exp-warm-10000-002244-2eab1ef6,1784798824891,1784798824892,202,1.000,warm
2249,exp-warm-10000-002246-7e5f4fd4,1784798824891,1784798824892,202,1.000,warm
2250,exp-warm-10000-002262-ad534c7a,1784798824891,1784798824893,202,2.000,warm
2251,exp-warm-10000-002255-1d27d9ea,1784798824891,1784798824893,202,2.000,warm
2252,exp-warm-10000-002247-885e17a7,1784798824892,1784798824892,202,0.000,warm
2253,exp-warm-10000-002245-751f2ea5,1784798824892,1784798824892,202,0.000,warm
2254,exp-warm-10000-002248-6fa044bc,1784798824892,1784798824892,202,0.000,warm
2255,exp-warm-10000-002251-aecc0ddb,1784798824892,1784798824892,202,0.000,warm
2256,exp-warm-10000-002250-4986d700,1784798824892,1784798824892,202,0.000,warm
2257,exp-warm-10000-002261-84c5ace5,1784798824892,1784798824893,202,1.000,warm
2258,exp-warm-10000-002266-911048e3,1784798824892,1784798824893,202,1.000,warm
2259,exp-warm-10000-002260-974169f0,1784798824892,1784798824893,202,1.000,warm
2260,exp-warm-10000-002263-8e577709,1784798824892,1784798824893,202,1.000,warm
2261,exp-warm-10000-002265-4f9d13e1,1784798824892,1784798824893,202,1.000,warm
2262,exp-warm-10000-002267-c51c5012,1784798824892,1784798824893,202,1.000,warm
2263,exp-warm-10000-002256-971bf520,1784798824892,1784798824893,202,1.000,warm
2264,exp-warm-10000-002257-85d61e5b,1784798824892,1784798824893,202,1.000,warm
2265,exp-warm-10000-002280-fa823c76,1784798824892,1784798824894,202,2.000,warm
2266,exp-warm-10000-002258-19bd7d9b,1784798824893,1784798824893,202,0.000,warm
2267,exp-warm-10000-002259-527c988f,1784798824893,1784798824893,202,0.000,warm
2268,exp-warm-10000-002264-c0bae893,1784798824893,1784798824893,202,0.000,warm
2269,exp-warm-10000-002274-274b7a29,1784798824893,1784798824894,202,1.000,warm
2270,exp-warm-10000-002273-b3e7e521,1784798824893,1784798824894,202,1.000,warm
2271,exp-warm-10000-002268-f7704131,1784798824893,1784798824894,202,1.000,warm
2272,exp-warm-10000-002275-f0ff5dbe,1784798824893,1784798824894,202,1.000,warm
2273,exp-warm-10000-002278-021d001d,1784798824893,1784798824894,202,1.000,warm
2274,exp-warm-10000-002277-8e0965ac,1784798824893,1784798824894,202,1.000,warm
2275,exp-warm-10000-002269-d5465370,1784798824893,1784798824894,202,1.000,warm
2276,exp-warm-10000-002276-987dcda3,1784798824893,1784798824894,202,1.000,warm
2277,exp-warm-10000-002291-7c2698bd,1784798824893,1784798824895,202,2.000,warm
2278,exp-warm-10000-002270-01a59e3f,1784798824894,1784798824894,202,0.000,warm
2279,exp-warm-10000-002272-047e444d,1784798824894,1784798824894,202,0.000,warm
2280,exp-warm-10000-002271-61a9ad41,1784798824894,1784798824894,202,0.000,warm
2281,exp-warm-10000-002289-47e6eb81,1784798824894,1784798824895,202,1.000,warm
2282,exp-warm-10000-002290-0812c1e0,1784798824894,1784798824895,202,1.000,warm
2283,exp-warm-10000-002287-004cf5b1,1784798824894,1784798824895,202,1.000,warm
2284,exp-warm-10000-002288-db99d39d,1784798824894,1784798824895,202,1.000,warm
2285,exp-warm-10000-002292-4d7ab5bc,1784798824894,1784798824895,202,1.000,warm
2286,exp-warm-10000-002284-010973ac,1784798824894,1784798824895,202,1.000,warm
2287,exp-warm-10000-002281-78f624b1,1784798824894,1784798824895,202,1.000,warm
2288,exp-warm-10000-002279-b74a3c64,1784798824894,1784798824895,202,1.000,warm
2289,exp-warm-10000-002282-0e824515,1784798824895,1784798824895,202,0.000,warm
2290,exp-warm-10000-002285-cfeab98e,1784798824895,1784798824895,202,0.000,warm
2291,exp-warm-10000-002286-aca39e62,1784798824895,1784798824895,202,0.000,warm
2292,exp-warm-10000-002283-48c29d36,1784798824895,1784798824895,202,0.000,warm
2293,exp-warm-10000-002295-18e2039b,1784798824895,1784798824896,202,1.000,warm
2294,exp-warm-10000-002301-cc05b44a,1784798824895,1784798824896,202,1.000,warm
2295,exp-warm-10000-002297-08c67356,1784798824895,1784798824896,202,1.000,warm
2296,exp-warm-10000-002298-b9d873ae,1784798824895,1784798824896,202,1.000,warm
2297,exp-warm-10000-002302-6ad42fb3,1784798824895,1784798824896,202,1.000,warm
2298,exp-warm-10000-002300-7fc41104,1784798824895,1784798824896,202,1.000,warm
2299,exp-warm-10000-002303-ea566319,1784798824895,1784798824896,202,1.000,warm
2300,exp-warm-10000-002293-69e823be,1784798824896,1784798824896,202,0.000,warm
2301,exp-warm-10000-002294-1170e1cc,1784798824896,1784798824896,202,0.000,warm
2302,exp-warm-10000-002296-aaee1f4e,1784798824896,1784798824896,202,0.000,warm
2303,exp-warm-10000-002299-7b7a5b59,1784798824896,1784798824896,202,0.000,warm
2304,exp-warm-10000-002308-03c975d3,1784798824896,1784798824897,202,1.000,warm
2305,exp-warm-10000-002307-7d1c4c13,1784798824896,1784798824897,202,1.000,warm
2306,exp-warm-10000-002310-b97da5b2,1784798824896,1784798824897,202,1.000,warm
2307,exp-warm-10000-002309-5bc69939,1784798824896,1784798824897,202,1.000,warm
2308,exp-warm-10000-002315-7e4d9d57,1784798824896,1784798824898,202,2.000,warm
2309,exp-warm-10000-002317-4e8e400a,1784798824896,1784798824898,202,2.000,warm
2310,exp-warm-10000-002304-46dab4d8,1784798824897,1784798824897,202,0.000,warm
2311,exp-warm-10000-002305-87691f7d,1784798824897,1784798824897,202,0.000,warm
2312,exp-warm-10000-002321-0d698b30,1784798824897,1784798824898,202,1.000,warm
2313,exp-warm-10000-002322-d30e890f,1784798824897,1784798824898,202,1.000,warm
2314,exp-warm-10000-002306-e1074e88,1784798824897,1784798824898,202,1.000,warm
2315,exp-warm-10000-002313-f9f682c7,1784798824897,1784798824898,202,1.000,warm
2316,exp-warm-10000-002338-84a220c1,1784798824897,1784798824900,202,3.000,warm
2317,exp-warm-10000-002311-abd33607,1784798824898,1784798824898,202,0.000,warm
2318,exp-warm-10000-002312-51ec5819,1784798824898,1784798824898,202,0.000,warm
2319,exp-warm-10000-002314-7cb74d7e,1784798824898,1784798824898,202,0.000,warm
2320,exp-warm-10000-002316-9d30a40e,1784798824898,1784798824898,202,0.000,warm
2321,exp-warm-10000-002318-d2c2e9b1,1784798824898,1784798824898,202,0.000,warm
2322,exp-warm-10000-002329-28030684,1784798824898,1784798824899,202,1.000,warm
2323,exp-warm-10000-002330-0ba61352,1784798824898,1784798824899,202,1.000,warm
2324,exp-warm-10000-002331-43554838,1784798824898,1784798824899,202,1.000,warm
2325,exp-warm-10000-002327-a4549d2f,1784798824898,1784798824899,202,1.000,warm
2326,exp-warm-10000-002328-f5e36daf,1784798824898,1784798824899,202,1.000,warm
2327,exp-warm-10000-002324-01d3512f,1784798824898,1784798824899,202,1.000,warm
2328,exp-warm-10000-002320-09dcc0c0,1784798824899,1784798824899,202,0.000,warm
2329,exp-warm-10000-002323-df698934,1784798824899,1784798824899,202,0.000,warm
2330,exp-warm-10000-002319-7c3c713d,1784798824899,1784798824899,202,0.000,warm
2331,exp-warm-10000-002325-6ce967f2,1784798824899,1784798824899,202,0.000,warm
2332,exp-warm-10000-002326-55dac676,1784798824899,1784798824899,202,0.000,warm
2333,exp-warm-10000-002337-cb7130b3,1784798824899,1784798824900,202,1.000,warm
2334,exp-warm-10000-002339-37ef6a3c,1784798824899,1784798824900,202,1.000,warm
2335,exp-warm-10000-002341-bab2a53e,1784798824899,1784798824900,202,1.000,warm
2336,exp-warm-10000-002340-5ebb1a07,1784798824899,1784798824900,202,1.000,warm
2337,exp-warm-10000-002342-d869f8b8,1784798824899,1784798824900,202,1.000,warm
2338,exp-warm-10000-002335-62750a00,1784798824899,1784798824900,202,1.000,warm
2339,exp-warm-10000-002345-45ebcb81,1784798824899,1784798824901,202,2.000,warm
2340,exp-warm-10000-002346-590de331,1784798824899,1784798824901,202,2.000,warm
2341,exp-warm-10000-002347-4ffc6fb2,1784798824899,1784798824901,202,2.000,warm
2342,exp-warm-10000-002344-b976afda,1784798824899,1784798824901,202,2.000,warm
2343,exp-warm-10000-002343-0aa41a30,1784798824899,1784798824901,202,2.000,warm
2344,exp-warm-10000-002348-6479b79b,1784798824899,1784798824901,202,2.000,warm
2345,exp-warm-10000-002349-b254ce28,1784798824899,1784798824901,202,2.000,warm
2346,exp-warm-10000-002350-fbfb1d6a,1784798824899,1784798824901,202,2.000,warm
2347,exp-warm-10000-002332-e62b294c,1784798824900,1784798824900,202,0.000,warm
2348,exp-warm-10000-002334-f6db8d9f,1784798824900,1784798824900,202,0.000,warm
2349,exp-warm-10000-002333-7bea45d4,1784798824900,1784798824900,202,0.000,warm
2350,exp-warm-10000-002336-d18911fd,1784798824900,1784798824900,202,0.000,warm
2351,exp-warm-10000-002352-98c35f10,1784798824901,1784798824903,202,2.000,warm
2352,exp-warm-10000-002369-b8e440e7,1784798824901,1784798824904,202,3.000,warm
2353,exp-warm-10000-002357-acaeb77f,1784798824901,1784798824904,202,3.000,warm
2354,exp-warm-10000-002351-eadbde10,1784798824902,1784798824903,202,1.000,warm
2355,exp-warm-10000-002353-5dc076aa,1784798824902,1784798824903,202,1.000,warm
2356,exp-warm-10000-002355-24b6e981,1784798824902,1784798824903,202,1.000,warm
2357,exp-warm-10000-002358-b39096f0,1784798824902,1784798824903,202,1.000,warm
2358,exp-warm-10000-002356-34982390,1784798824902,1784798824903,202,1.000,warm
2359,exp-warm-10000-002354-f99d8cbe,1784798824902,1784798824903,202,1.000,warm
2360,exp-warm-10000-002363-e27864b0,1784798824902,1784798824904,202,2.000,warm
2361,exp-warm-10000-002380-65462d85,1784798824902,1784798824905,202,3.000,warm
2362,exp-warm-10000-002368-8be5fb08,1784798824903,1784798824904,202,1.000,warm
2363,exp-warm-10000-002359-b2416db0,1784798824903,1784798824904,202,1.000,warm
2364,exp-warm-10000-002366-053c1d06,1784798824903,1784798824904,202,1.000,warm
2365,exp-warm-10000-002360-78b4010e,1784798824903,1784798824904,202,1.000,warm
2366,exp-warm-10000-002365-18b9720a,1784798824903,1784798824904,202,1.000,warm
2367,exp-warm-10000-002370-2a75565e,1784798824903,1784798824904,202,1.000,warm
2368,exp-warm-10000-002371-2a327905,1784798824903,1784798824904,202,1.000,warm
2369,exp-warm-10000-002372-f7e64db5,1784798824903,1784798824904,202,1.000,warm
2370,exp-warm-10000-002373-b0ec467d,1784798824903,1784798824904,202,1.000,warm
2371,exp-warm-10000-002361-990e4308,1784798824904,1784798824904,202,0.000,warm
2372,exp-warm-10000-002362-93b5f5ea,1784798824904,1784798824904,202,0.000,warm
2373,exp-warm-10000-002364-795011d2,1784798824904,1784798824904,202,0.000,warm
2374,exp-warm-10000-002367-2424ec03,1784798824904,1784798824904,202,0.000,warm
2375,exp-warm-10000-002383-52b6eb0d,1784798824904,1784798824905,202,1.000,warm
2376,exp-warm-10000-002382-5e74fe6c,1784798824904,1784798824905,202,1.000,warm
2377,exp-warm-10000-002384-45db011e,1784798824904,1784798824905,202,1.000,warm
2378,exp-warm-10000-002385-fbdb23f6,1784798824904,1784798824905,202,1.000,warm
2379,exp-warm-10000-002381-1bfbcf62,1784798824904,1784798824905,202,1.000,warm
2380,exp-warm-10000-002413-a06605e7,1784798824904,1784798824908,202,4.000,warm
2381,exp-warm-10000-002375-26e830ec,1784798824905,1784798824905,202,0.000,warm
2382,exp-warm-10000-002374-ec8b87d8,1784798824905,1784798824905,202,0.000,warm
2383,exp-warm-10000-002377-de41d400,1784798824905,1784798824905,202,0.000,warm
2384,exp-warm-10000-002378-54bf6dbd,1784798824905,1784798824905,202,0.000,warm
2385,exp-warm-10000-002376-630eac5e,1784798824905,1784798824905,202,0.000,warm
2386,exp-warm-10000-002379-23499d2a,1784798824905,1784798824905,202,0.000,warm
2387,exp-warm-10000-002392-97fda220,1784798824905,1784798824906,202,1.000,warm
2388,exp-warm-10000-002388-c51a9155,1784798824905,1784798824906,202,1.000,warm
2389,exp-warm-10000-002387-fb40987a,1784798824905,1784798824906,202,1.000,warm
2390,exp-warm-10000-002391-f89bf876,1784798824905,1784798824906,202,1.000,warm
2391,exp-warm-10000-002393-8d77b371,1784798824905,1784798824906,202,1.000,warm
2392,exp-warm-10000-002394-81ec7fb2,1784798824905,1784798824906,202,1.000,warm
2393,exp-warm-10000-002389-60daf676,1784798824905,1784798824906,202,1.000,warm
2394,exp-warm-10000-002398-e0134cb4,1784798824905,1784798824907,202,2.000,warm
2395,exp-warm-10000-002386-ced06544,1784798824906,1784798824906,202,0.000,warm
2396,exp-warm-10000-002390-5d2263be,1784798824906,1784798824906,202,0.000,warm
2397,exp-warm-10000-002395-5729c984,1784798824906,1784798824907,202,1.000,warm
2398,exp-warm-10000-002400-b10ddaec,1784798824906,1784798824907,202,1.000,warm
2399,exp-warm-10000-002404-e87cacdb,1784798824906,1784798824907,202,1.000,warm
2400,exp-warm-10000-002403-7ee6f51e,1784798824906,1784798824907,202,1.000,warm
2401,exp-warm-10000-002405-b6db9124,1784798824906,1784798824907,202,1.000,warm
2402,exp-warm-10000-002406-671a3476,1784798824906,1784798824907,202,1.000,warm
2403,exp-warm-10000-002401-3dda646f,1784798824906,1784798824907,202,1.000,warm
2404,exp-warm-10000-002396-5507b245,1784798824906,1784798824907,202,1.000,warm
2405,exp-warm-10000-002410-9f7996ad,1784798824906,1784798824908,202,2.000,warm
2406,exp-warm-10000-002397-98a5e58a,1784798824907,1784798824907,202,0.000,warm
2407,exp-warm-10000-002399-6a6c67ba,1784798824907,1784798824907,202,0.000,warm
2408,exp-warm-10000-002415-4d34c268,1784798824907,1784798824908,202,1.000,warm
2409,exp-warm-10000-002414-da0ec525,1784798824907,1784798824908,202,1.000,warm
2410,exp-warm-10000-002417-9d544511,1784798824907,1784798824908,202,1.000,warm
2411,exp-warm-10000-002416-bda25afe,1784798824907,1784798824908,202,1.000,warm
2412,exp-warm-10000-002418-62f2dff8,1784798824907,1784798824908,202,1.000,warm
2413,exp-warm-10000-002402-5cfd240f,1784798824907,1784798824908,202,1.000,warm
2414,exp-warm-10000-002429-8dc2bf5f,1784798824907,1784798824909,202,2.000,warm
2415,exp-warm-10000-002422-d5fedc0b,1784798824907,1784798824909,202,2.000,warm
2416,exp-warm-10000-002438-bbc54044,1784798824907,1784798824910,202,3.000,warm
2417,exp-warm-10000-002443-af26485b,1784798824907,1784798824910,202,3.000,warm
2418,exp-warm-10000-002408-2eda128d,1784798824908,1784798824908,202,0.000,warm
2419,exp-warm-10000-002409-0c13f298,1784798824908,1784798824908,202,0.000,warm
2420,exp-warm-10000-002407-d3520ee8,1784798824908,1784798824908,202,0.000,warm
2421,exp-warm-10000-002411-ee85d562,1784798824908,1784798824908,202,0.000,warm
2422,exp-warm-10000-002412-d0bd3b54,1784798824908,1784798824908,202,0.000,warm
2423,exp-warm-10000-002428-a0d6cf28,1784798824908,1784798824909,202,1.000,warm
2424,exp-warm-10000-002426-1a5dc074,1784798824908,1784798824909,202,1.000,warm
2425,exp-warm-10000-002430-681d5640,1784798824908,1784798824909,202,1.000,warm
2426,exp-warm-10000-002442-9c9d8a1e,1784798824908,1784798824910,202,2.000,warm
2427,exp-warm-10000-002431-21ee66ce,1784798824908,1784798824910,202,2.000,warm
2428,exp-warm-10000-002449-83158837,1784798824908,1784798824911,202,3.000,warm
2429,exp-warm-10000-002419-8df25720,1784798824909,1784798824909,202,0.000,warm
2430,exp-warm-10000-002420-3ef371ca,1784798824909,1784798824909,202,0.000,warm
2431,exp-warm-10000-002421-98562b6c,1784798824909,1784798824909,202,0.000,warm
2432,exp-warm-10000-002423-0b42a285,1784798824909,1784798824909,202,0.000,warm
2433,exp-warm-10000-002424-fa2a86b3,1784798824909,1784798824909,202,0.000,warm
2434,exp-warm-10000-002435-ff2f38dd,1784798824909,1784798824910,202,1.000,warm
2435,exp-warm-10000-002439-ab619d3d,1784798824909,1784798824910,202,1.000,warm
2436,exp-warm-10000-002432-7a99285e,1784798824909,1784798824910,202,1.000,warm
2437,exp-warm-10000-002437-47654e22,1784798824909,1784798824910,202,1.000,warm
2438,exp-warm-10000-002440-12a4fe0c,1784798824909,1784798824910,202,1.000,warm
2439,exp-warm-10000-002441-a921992c,1784798824909,1784798824910,202,1.000,warm
2440,exp-warm-10000-002427-46df9714,1784798824909,1784798824910,202,1.000,warm
2441,exp-warm-10000-002452-bd2badb5,1784798824909,1784798824911,202,2.000,warm
2442,exp-warm-10000-002425-58928ad8,1784798824910,1784798824910,202,0.000,warm
2443,exp-warm-10000-002433-a003f8e3,1784798824910,1784798824910,202,0.000,warm
2444,exp-warm-10000-002434-66c78df6,1784798824910,1784798824910,202,0.000,warm
2445,exp-warm-10000-002436-1dd3f731,1784798824910,1784798824910,202,0.000,warm
2446,exp-warm-10000-002450-048be43e,1784798824910,1784798824911,202,1.000,warm
2447,exp-warm-10000-002451-0563eabe,1784798824910,1784798824911,202,1.000,warm
2448,exp-warm-10000-002448-445bdace,1784798824910,1784798824911,202,1.000,warm
2449,exp-warm-10000-002453-5bdb976b,1784798824910,1784798824911,202,1.000,warm
2450,exp-warm-10000-002447-0d7f5137,1784798824910,1784798824911,202,1.000,warm
2451,exp-warm-10000-002456-d8293535,1784798824910,1784798824911,202,1.000,warm
2452,exp-warm-10000-002455-c00d1528,1784798824910,1784798824911,202,1.000,warm
2453,exp-warm-10000-002454-162d90c9,1784798824910,1784798824911,202,1.000,warm
2454,exp-warm-10000-002464-50fae9ea,1784798824910,1784798824912,202,2.000,warm
2455,exp-warm-10000-002445-7d40484a,1784798824911,1784798824911,202,0.000,warm
2456,exp-warm-10000-002444-dbe78c1e,1784798824911,1784798824911,202,0.000,warm
2457,exp-warm-10000-002446-d085e092,1784798824911,1784798824911,202,0.000,warm
2458,exp-warm-10000-002463-de4fbaa4,1784798824911,1784798824912,202,1.000,warm
2459,exp-warm-10000-002466-babcde3d,1784798824911,1784798824912,202,1.000,warm
2460,exp-warm-10000-002467-fc93a9c7,1784798824911,1784798824912,202,1.000,warm
2461,exp-warm-10000-002465-c7495c01,1784798824911,1784798824912,202,1.000,warm
2462,exp-warm-10000-002457-a75d1a97,1784798824912,1784798824912,202,0.000,warm
2463,exp-warm-10000-002458-934698bb,1784798824912,1784798824912,202,0.000,warm
2464,exp-warm-10000-002459-18aa5f06,1784798824912,1784798824912,202,0.000,warm
2465,exp-warm-10000-002460-03f95ae3,1784798824912,1784798824912,202,0.000,warm
2466,exp-warm-10000-002462-ecb5614c,1784798824912,1784798824912,202,0.000,warm
2467,exp-warm-10000-002461-18e45e43,1784798824912,1784798824912,202,0.000,warm
2468,exp-warm-10000-002474-d848fb10,1784798824912,1784798824913,202,1.000,warm
2469,exp-warm-10000-002478-a76aa9e8,1784798824912,1784798824913,202,1.000,warm
2470,exp-warm-10000-002475-02c38f48,1784798824912,1784798824913,202,1.000,warm
2471,exp-warm-10000-002472-93cdfc91,1784798824912,1784798824913,202,1.000,warm
2472,exp-warm-10000-002468-11d166d7,1784798824913,1784798824913,202,0.000,warm
2473,exp-warm-10000-002470-959292d6,1784798824913,1784798824913,202,0.000,warm
2474,exp-warm-10000-002469-ef9b81c2,1784798824913,1784798824913,202,0.000,warm
2475,exp-warm-10000-002471-0c01f776,1784798824913,1784798824913,202,0.000,warm
2476,exp-warm-10000-002473-c3dba08f,1784798824913,1784798824913,202,0.000,warm
2477,exp-warm-10000-002488-fc3e0237,1784798824913,1784798824914,202,1.000,warm
2478,exp-warm-10000-002487-c3422477,1784798824913,1784798824914,202,1.000,warm
2479,exp-warm-10000-002485-103b4d25,1784798824913,1784798824914,202,1.000,warm
2480,exp-warm-10000-002480-97a7a4ff,1784798824914,1784798824914,202,0.000,warm
2481,exp-warm-10000-002477-652d1962,1784798824914,1784798824914,202,0.000,warm
2482,exp-warm-10000-002482-52d870f7,1784798824914,1784798824914,202,0.000,warm
2483,exp-warm-10000-002476-f3c57c46,1784798824914,1784798824914,202,0.000,warm
2484,exp-warm-10000-002484-717ab844,1784798824914,1784798824914,202,0.000,warm
2485,exp-warm-10000-002479-416e18fd,1784798824914,1784798824914,202,0.000,warm
2486,exp-warm-10000-002483-0166c1b2,1784798824914,1784798824914,202,0.000,warm
2487,exp-warm-10000-002481-eba4ba6a,1784798824914,1784798824914,202,0.000,warm
2488,exp-warm-10000-002486-90cc8dfd,1784798824914,1784798824914,202,0.000,warm
2489,exp-warm-10000-002499-81038ca2,1784798824914,1784798824915,202,1.000,warm
2490,exp-warm-10000-002491-99bdb579,1784798824914,1784798824915,202,1.000,warm
2491,exp-warm-10000-002500-00cb035a,1784798824914,1784798824915,202,1.000,warm
2492,exp-warm-10000-002501-6b3b4d0d,1784798824914,1784798824915,202,1.000,warm
2493,exp-warm-10000-002497-a5eca404,1784798824914,1784798824915,202,1.000,warm
2494,exp-warm-10000-002498-60afd7f1,1784798824914,1784798824915,202,1.000,warm
2495,exp-warm-10000-002492-b1a723eb,1784798824914,1784798824915,202,1.000,warm
2496,exp-warm-10000-002510-2c728b75,1784798824914,1784798824916,202,2.000,warm
2497,exp-warm-10000-002490-796321c9,1784798824915,1784798824915,202,0.000,warm
2498,exp-warm-10000-002489-fd201ab1,1784798824915,1784798824915,202,0.000,warm
2499,exp-warm-10000-002493-82c9dacf,1784798824915,1784798824915,202,0.000,warm
2500,exp-warm-10000-002494-79b988ad,1784798824915,1784798824915,202,0.000,warm
2501,exp-warm-10000-002496-9132460e,1784798824915,1784798824915,202,0.000,warm
2502,exp-warm-10000-002495-8af8d672,1784798824915,1784798824915,202,0.000,warm
2503,exp-warm-10000-002507-d6b32feb,1784798824915,1784798824916,202,1.000,warm
2504,exp-warm-10000-002503-d02a3c4b,1784798824915,1784798824916,202,1.000,warm
2505,exp-warm-10000-002508-6b4676a2,1784798824915,1784798824916,202,1.000,warm
2506,exp-warm-10000-002513-233461d5,1784798824915,1784798824916,202,1.000,warm
2507,exp-warm-10000-002509-349f92ec,1784798824915,1784798824916,202,1.000,warm
2508,exp-warm-10000-002512-4efc16ce,1784798824915,1784798824916,202,1.000,warm
2509,exp-warm-10000-002511-a008aa47,1784798824915,1784798824916,202,1.000,warm
2510,exp-warm-10000-002502-a3d56fa1,1784798824916,1784798824916,202,0.000,warm
2511,exp-warm-10000-002504-9b3091ca,1784798824916,1784798824916,202,0.000,warm
2512,exp-warm-10000-002506-1696da29,1784798824916,1784798824916,202,0.000,warm
2513,exp-warm-10000-002505-fd833957,1784798824916,1784798824916,202,0.000,warm
2514,exp-warm-10000-002523-2194faad,1784798824916,1784798824917,202,1.000,warm
2515,exp-warm-10000-002517-f3578c09,1784798824916,1784798824917,202,1.000,warm
2516,exp-warm-10000-002525-56e4fa64,1784798824916,1784798824917,202,1.000,warm
2517,exp-warm-10000-002522-68346863,1784798824916,1784798824917,202,1.000,warm
2518,exp-warm-10000-002521-34583d02,1784798824916,1784798824917,202,1.000,warm
2519,exp-warm-10000-002524-ca52290f,1784798824916,1784798824917,202,1.000,warm
2520,exp-warm-10000-002531-1e11c2fb,1784798824916,1784798824918,202,2.000,warm
2521,exp-warm-10000-002514-b7c24a02,1784798824917,1784798824917,202,0.000,warm
2522,exp-warm-10000-002515-b87e4abc,1784798824917,1784798824917,202,0.000,warm
2523,exp-warm-10000-002516-55c9a088,1784798824917,1784798824917,202,0.000,warm
2524,exp-warm-10000-002519-1860cd12,1784798824917,1784798824917,202,0.000,warm
2525,exp-warm-10000-002520-4f9b8e27,1784798824917,1784798824917,202,0.000,warm
2526,exp-warm-10000-002518-25bc12ba,1784798824917,1784798824917,202,0.000,warm
2527,exp-warm-10000-002534-de45249c,1784798824917,1784798824918,202,1.000,warm
2528,exp-warm-10000-002536-52374eb1,1784798824917,1784798824918,202,1.000,warm
2529,exp-warm-10000-002533-f37de99b,1784798824917,1784798824918,202,1.000,warm
2530,exp-warm-10000-002535-9c538520,1784798824917,1784798824918,202,1.000,warm
2531,exp-warm-10000-002526-c31a5dee,1784798824917,1784798824918,202,1.000,warm
2532,exp-warm-10000-002528-977934a7,1784798824918,1784798824918,202,0.000,warm
2533,exp-warm-10000-002527-17dbf0d6,1784798824918,1784798824918,202,0.000,warm
2534,exp-warm-10000-002530-85604025,1784798824918,1784798824918,202,0.000,warm
2535,exp-warm-10000-002529-4b75e1c9,1784798824918,1784798824918,202,0.000,warm
2536,exp-warm-10000-002532-c6cc6a46,1784798824918,1784798824918,202,0.000,warm
2537,exp-warm-10000-002547-0563b6fa,1784798824918,1784798824919,202,1.000,warm
2538,exp-warm-10000-002544-a466afe7,1784798824918,1784798824919,202,1.000,warm
2539,exp-warm-10000-002539-f670ed69,1784798824918,1784798824919,202,1.000,warm
2540,exp-warm-10000-002549-ffe47410,1784798824918,1784798824919,202,1.000,warm
2541,exp-warm-10000-002548-a7f3ef12,1784798824918,1784798824919,202,1.000,warm
2542,exp-warm-10000-002546-3411a28c,1784798824918,1784798824919,202,1.000,warm
2543,exp-warm-10000-002538-21f04529,1784798824919,1784798824919,202,0.000,warm
2544,exp-warm-10000-002537-30ac29b9,1784798824919,1784798824919,202,0.000,warm
2545,exp-warm-10000-002540-b0577d3c,1784798824919,1784798824919,202,0.000,warm
2546,exp-warm-10000-002543-70936c92,1784798824919,1784798824919,202,0.000,warm
2547,exp-warm-10000-002542-2577bb19,1784798824919,1784798824919,202,0.000,warm
2548,exp-warm-10000-002541-3638850a,1784798824919,1784798824919,202,0.000,warm
2549,exp-warm-10000-002554-a47579ec,1784798824919,1784798824920,202,1.000,warm
2550,exp-warm-10000-002553-7e5ba65b,1784798824919,1784798824920,202,1.000,warm
2551,exp-warm-10000-002557-210d2e22,1784798824919,1784798824920,202,1.000,warm
2552,exp-warm-10000-002555-56466eb9,1784798824919,1784798824920,202,1.000,warm
2553,exp-warm-10000-002556-846ef3dd,1784798824919,1784798824920,202,1.000,warm
2554,exp-warm-10000-002558-4bb1e2d0,1784798824919,1784798824920,202,1.000,warm
2555,exp-warm-10000-002550-9afa6753,1784798824920,1784798824920,202,0.000,warm
2556,exp-warm-10000-002551-04817850,1784798824920,1784798824920,202,0.000,warm
2557,exp-warm-10000-002545-ca1a5d07,1784798824920,1784798824920,202,0.000,warm
2558,exp-warm-10000-002552-a1c0cebc,1784798824920,1784798824920,202,0.000,warm
2559,exp-warm-10000-002565-ed2dbf38,1784798824920,1784798824921,202,1.000,warm
2560,exp-warm-10000-002560-d464b7fc,1784798824920,1784798824921,202,1.000,warm
2561,exp-warm-10000-002561-931359b0,1784798824921,1784798824921,202,0.000,warm
2562,exp-warm-10000-002564-9f5cc681,1784798824921,1784798824921,202,0.000,warm
2563,exp-warm-10000-002559-87d4d591,1784798824921,1784798824921,202,0.000,warm
2564,exp-warm-10000-002562-e64d66fd,1784798824921,1784798824921,202,0.000,warm
2565,exp-warm-10000-002563-2a23b564,1784798824921,1784798824921,202,0.000,warm
2566,exp-warm-10000-002572-85c9e900,1784798824921,1784798824922,202,1.000,warm
2567,exp-warm-10000-002574-4689aa05,1784798824921,1784798824922,202,1.000,warm
2568,exp-warm-10000-002570-3479a0be,1784798824921,1784798824922,202,1.000,warm
2569,exp-warm-10000-002566-edf5a50f,1784798824922,1784798824922,202,0.000,warm
2570,exp-warm-10000-002567-253a9a5b,1784798824922,1784798824922,202,0.000,warm
2571,exp-warm-10000-002569-69fd42c8,1784798824922,1784798824922,202,0.000,warm
2572,exp-warm-10000-002571-225c56ec,1784798824922,1784798824922,202,0.000,warm
2573,exp-warm-10000-002568-a44ad399,1784798824922,1784798824922,202,0.000,warm
2574,exp-warm-10000-002573-f5d3d07b,1784798824922,1784798824922,202,0.000,warm
2575,exp-warm-10000-002583-8b741c2e,1784798824922,1784798824923,202,1.000,warm
2576,exp-warm-10000-002586-fb2a7070,1784798824922,1784798824923,202,1.000,warm
2577,exp-warm-10000-002579-da874932,1784798824922,1784798824923,202,1.000,warm
2578,exp-warm-10000-002587-c49c2e96,1784798824922,1784798824923,202,1.000,warm
2579,exp-warm-10000-002584-a027276b,1784798824922,1784798824923,202,1.000,warm
2580,exp-warm-10000-002580-44ff16ac,1784798824922,1784798824923,202,1.000,warm
2581,exp-warm-10000-002588-b73e66e0,1784798824922,1784798824923,202,1.000,warm
2582,exp-warm-10000-002581-7003dc18,1784798824922,1784798824923,202,1.000,warm
2583,exp-warm-10000-002585-11dc4b60,1784798824922,1784798824923,202,1.000,warm
2584,exp-warm-10000-002600-b156647f,1784798824922,1784798824924,202,2.000,warm
2585,exp-warm-10000-002575-7fd08442,1784798824923,1784798824923,202,0.000,warm
2586,exp-warm-10000-002576-f768c19c,1784798824923,1784798824923,202,0.000,warm
2587,exp-warm-10000-002577-d68e2ed7,1784798824923,1784798824923,202,0.000,warm
2588,exp-warm-10000-002578-c7cddc4f,1784798824923,1784798824923,202,0.000,warm
2589,exp-warm-10000-002582-29a5f44a,1784798824923,1784798824923,202,0.000,warm
2590,exp-warm-10000-002595-6a47b123,1784798824923,1784798824924,202,1.000,warm
2591,exp-warm-10000-002593-d9678824,1784798824923,1784798824924,202,1.000,warm
2592,exp-warm-10000-002591-4c4fd8fa,1784798824923,1784798824924,202,1.000,warm
2593,exp-warm-10000-002598-9f31ee56,1784798824923,1784798824924,202,1.000,warm
2594,exp-warm-10000-002599-54e4ff67,1784798824923,1784798824924,202,1.000,warm
2595,exp-warm-10000-002601-4c67393f,1784798824923,1784798824924,202,1.000,warm
2596,exp-warm-10000-002594-dfb008b9,1784798824923,1784798824924,202,1.000,warm
2597,exp-warm-10000-002597-e58e834d,1784798824923,1784798824924,202,1.000,warm
2598,exp-warm-10000-002608-0bacfddc,1784798824923,1784798824925,202,2.000,warm
2599,exp-warm-10000-002590-49e5a73e,1784798824924,1784798824924,202,0.000,warm
2600,exp-warm-10000-002589-9896a478,1784798824924,1784798824924,202,0.000,warm
2601,exp-warm-10000-002592-58819202,1784798824924,1784798824924,202,0.000,warm
2602,exp-warm-10000-002596-7b828b49,1784798824924,1784798824924,202,0.000,warm
2603,exp-warm-10000-002610-d2f169a4,1784798824924,1784798824925,202,1.000,warm
2604,exp-warm-10000-002611-3aae9d1a,1784798824924,1784798824925,202,1.000,warm
2605,exp-warm-10000-002603-95b629da,1784798824924,1784798824925,202,1.000,warm
2606,exp-warm-10000-002604-fbade3d8,1784798824924,1784798824925,202,1.000,warm
2607,exp-warm-10000-002609-63946a66,1784798824924,1784798824925,202,1.000,warm
2608,exp-warm-10000-002612-d47a2ada,1784798824924,1784798824926,202,2.000,warm
2609,exp-warm-10000-002602-b0162d94,1784798824925,1784798824925,202,0.000,warm
2610,exp-warm-10000-002605-b05699bb,1784798824925,1784798824925,202,0.000,warm
2611,exp-warm-10000-002606-7ad290d1,1784798824925,1784798824925,202,0.000,warm
2612,exp-warm-10000-002607-268271bf,1784798824925,1784798824925,202,0.000,warm
2613,exp-warm-10000-002614-92949d65,1784798824925,1784798824926,202,1.000,warm
2614,exp-warm-10000-002613-8b13b9ef,1784798824925,1784798824926,202,1.000,warm
2615,exp-warm-10000-002620-c41a6a5c,1784798824925,1784798824926,202,1.000,warm
2616,exp-warm-10000-002622-4c7d21bc,1784798824925,1784798824926,202,1.000,warm
2617,exp-warm-10000-002623-87df0fa2,1784798824925,1784798824926,202,1.000,warm
2618,exp-warm-10000-002615-f0ec1f25,1784798824925,1784798824926,202,1.000,warm
2619,exp-warm-10000-002616-8e95c25f,1784798824925,1784798824926,202,1.000,warm
2620,exp-warm-10000-002619-8ec4d01c,1784798824925,1784798824926,202,1.000,warm
2621,exp-warm-10000-002621-555188da,1784798824925,1784798824926,202,1.000,warm
2622,exp-warm-10000-002618-8c9e2dba,1784798824925,1784798824926,202,1.000,warm
2623,exp-warm-10000-002624-a97fa813,1784798824925,1784798824926,202,1.000,warm
2624,exp-warm-10000-002617-5c24d9b2,1784798824926,1784798824926,202,0.000,warm
2625,exp-warm-10000-002630-a582231d,1784798824926,1784798824927,202,1.000,warm
2626,exp-warm-10000-002625-5a18c131,1784798824926,1784798824927,202,1.000,warm
2627,exp-warm-10000-002631-7b451af2,1784798824926,1784798824927,202,1.000,warm
2628,exp-warm-10000-002633-0ff38a87,1784798824926,1784798824927,202,1.000,warm
2629,exp-warm-10000-002629-06a16c2e,1784798824926,1784798824927,202,1.000,warm
2630,exp-warm-10000-002632-a1985dc0,1784798824926,1784798824927,202,1.000,warm
2631,exp-warm-10000-002628-fc637f29,1784798824926,1784798824927,202,1.000,warm
2632,exp-warm-10000-002638-08071d8d,1784798824926,1784798824928,202,2.000,warm
2633,exp-warm-10000-002626-41a74d5e,1784798824927,1784798824927,202,0.000,warm
2634,exp-warm-10000-002627-dbd6f91b,1784798824927,1784798824927,202,0.000,warm
2635,exp-warm-10000-002639-ec8b8389,1784798824927,1784798824928,202,1.000,warm
2636,exp-warm-10000-002637-c7b424e9,1784798824927,1784798824928,202,1.000,warm
2637,exp-warm-10000-002640-b88573c5,1784798824927,1784798824928,202,1.000,warm
2638,exp-warm-10000-002641-a815d2b9,1784798824927,1784798824928,202,1.000,warm
2639,exp-warm-10000-002642-af13e367,1784798824927,1784798824928,202,1.000,warm
2640,exp-warm-10000-002634-3711b7a0,1784798824927,1784798824928,202,1.000,warm
2641,exp-warm-10000-002636-7a13ac45,1784798824927,1784798824928,202,1.000,warm
2642,exp-warm-10000-002647-33c3a440,1784798824927,1784798824929,202,2.000,warm
2643,exp-warm-10000-002654-4fe388ce,1784798824927,1784798824930,202,3.000,warm
2644,exp-warm-10000-002635-4f2e93c6,1784798824928,1784798824928,202,0.000,warm
2645,exp-warm-10000-002651-d640985c,1784798824928,1784798824929,202,1.000,warm
2646,exp-warm-10000-002645-ca4c75c6,1784798824928,1784798824929,202,1.000,warm
2647,exp-warm-10000-002653-4124f209,1784798824928,1784798824929,202,1.000,warm
2648,exp-warm-10000-002648-17a61657,1784798824928,1784798824929,202,1.000,warm
2649,exp-warm-10000-002661-fb69e292,1784798824928,1784798824931,202,3.000,warm
2650,exp-warm-10000-002643-3b626931,1784798824929,1784798824929,202,0.000,warm
2651,exp-warm-10000-002644-55503131,1784798824929,1784798824929,202,0.000,warm
2652,exp-warm-10000-002646-3ba8b5ff,1784798824929,1784798824929,202,0.000,warm
2653,exp-warm-10000-002649-3f357b91,1784798824929,1784798824929,202,0.000,warm
2654,exp-warm-10000-002650-df99c12f,1784798824929,1784798824929,202,0.000,warm
2655,exp-warm-10000-002652-a52c8d73,1784798824929,1784798824930,202,1.000,warm
2656,exp-warm-10000-002655-40150230,1784798824930,1784798824930,202,0.000,warm
2657,exp-warm-10000-002656-58493cae,1784798824930,1784798824930,202,0.000,warm
2658,exp-warm-10000-002657-3113987f,1784798824930,1784798824930,202,0.000,warm
2659,exp-warm-10000-002658-d0d020d9,1784798824930,1784798824930,202,0.000,warm
2660,exp-warm-10000-002667-7ef9ad50,1784798824930,1784798824931,202,1.000,warm
2661,exp-warm-10000-002672-88f8f9c7,1784798824930,1784798824932,202,2.000,warm
2662,exp-warm-10000-002662-0ee3ec26,1784798824931,1784798824931,202,0.000,warm
2663,exp-warm-10000-002660-247fbf36,1784798824931,1784798824931,202,0.000,warm
2664,exp-warm-10000-002664-54f03915,1784798824931,1784798824931,202,0.000,warm
2665,exp-warm-10000-002663-b8c0d74d,1784798824931,1784798824931,202,0.000,warm
2666,exp-warm-10000-002665-9529b61c,1784798824931,1784798824931,202,0.000,warm
2667,exp-warm-10000-002659-1d845ce8,1784798824931,1784798824931,202,0.000,warm
2668,exp-warm-10000-002666-c91ac8a3,1784798824931,1784798824931,202,0.000,warm
2669,exp-warm-10000-002673-7e0ea636,1784798824931,1784798824932,202,1.000,warm
2670,exp-warm-10000-002683-1d070e80,1784798824931,1784798824933,202,2.000,warm
2671,exp-warm-10000-002669-5bd82737,1784798824932,1784798824932,202,0.000,warm
2672,exp-warm-10000-002671-16447b39,1784798824932,1784798824932,202,0.000,warm
2673,exp-warm-10000-002670-60c775a8,1784798824932,1784798824932,202,0.000,warm
2674,exp-warm-10000-002668-0c99e445,1784798824932,1784798824932,202,0.000,warm
2675,exp-warm-10000-002682-93efd877,1784798824932,1784798824933,202,1.000,warm
2676,exp-warm-10000-002685-d0f28205,1784798824932,1784798824933,202,1.000,warm
2677,exp-warm-10000-002684-9773c89c,1784798824932,1784798824933,202,1.000,warm
2678,exp-warm-10000-002681-8372ae0f,1784798824932,1784798824933,202,1.000,warm
2679,exp-warm-10000-002675-8009061e,1784798824932,1784798824933,202,1.000,warm
2680,exp-warm-10000-002677-889c5345,1784798824933,1784798824933,202,0.000,warm
2681,exp-warm-10000-002676-e3309233,1784798824933,1784798824933,202,0.000,warm
2682,exp-warm-10000-002674-60112d72,1784798824933,1784798824933,202,0.000,warm
2683,exp-warm-10000-002680-bedef1a7,1784798824933,1784798824933,202,0.000,warm
2684,exp-warm-10000-002678-0d13255b,1784798824933,1784798824933,202,0.000,warm
2685,exp-warm-10000-002679-1e8df54b,1784798824933,1784798824933,202,0.000,warm
2686,exp-warm-10000-002692-97d80ae9,1784798824933,1784798824934,202,1.000,warm
2687,exp-warm-10000-002690-f342b262,1784798824933,1784798824934,202,1.000,warm
2688,exp-warm-10000-002693-493a8124,1784798824933,1784798824934,202,1.000,warm
2689,exp-warm-10000-002691-a658b3c3,1784798824933,1784798824934,202,1.000,warm
2690,exp-warm-10000-002694-bb693da3,1784798824933,1784798824934,202,1.000,warm
2691,exp-warm-10000-002687-f0f8c5cf,1784798824933,1784798824934,202,1.000,warm
2692,exp-warm-10000-002686-64c43a1d,1784798824934,1784798824934,202,0.000,warm
2693,exp-warm-10000-002688-f98af795,1784798824934,1784798824934,202,0.000,warm
2694,exp-warm-10000-002689-0f8b46cd,1784798824934,1784798824934,202,0.000,warm
2695,exp-warm-10000-002701-aa2c4cd7,1784798824934,1784798824935,202,1.000,warm
2696,exp-warm-10000-002698-d043c5c4,1784798824934,1784798824935,202,1.000,warm
2697,exp-warm-10000-002696-65d221bc,1784798824935,1784798824935,202,0.000,warm
2698,exp-warm-10000-002699-3689082b,1784798824935,1784798824935,202,0.000,warm
2699,exp-warm-10000-002700-203dfb08,1784798824935,1784798824935,202,0.000,warm
2700,exp-warm-10000-002697-8d59a9e3,1784798824935,1784798824935,202,0.000,warm
2701,exp-warm-10000-002695-ea38f383,1784798824935,1784798824935,202,0.000,warm
2702,exp-warm-10000-002706-c3f668ac,1784798824935,1784798824936,202,1.000,warm
2703,exp-warm-10000-002708-708fde96,1784798824935,1784798824936,202,1.000,warm
2704,exp-warm-10000-002705-0ed9ac92,1784798824935,1784798824936,202,1.000,warm
2705,exp-warm-10000-002710-091ff090,1784798824935,1784798824936,202,1.000,warm
2706,exp-warm-10000-002709-379d8e2a,1784798824935,1784798824936,202,1.000,warm
2707,exp-warm-10000-002703-b5b38460,1784798824935,1784798824936,202,1.000,warm
2708,exp-warm-10000-002711-6920e113,1784798824935,1784798824936,202,1.000,warm
2709,exp-warm-10000-002707-28bb56b5,1784798824935,1784798824936,202,1.000,warm
2710,exp-warm-10000-002751-9543dd61,1784798824935,1784798824939,202,4.000,warm
2711,exp-warm-10000-002702-f1fc97ae,1784798824936,1784798824936,202,0.000,warm
2712,exp-warm-10000-002704-50640142,1784798824936,1784798824936,202,0.000,warm
2713,exp-warm-10000-002715-7fdd6e1b,1784798824936,1784798824937,202,1.000,warm
2714,exp-warm-10000-002723-1b4788bb,1784798824936,1784798824937,202,1.000,warm
2715,exp-warm-10000-002719-f1322a76,1784798824936,1784798824937,202,1.000,warm
2716,exp-warm-10000-002722-1d61cb6e,1784798824936,1784798824937,202,1.000,warm
2717,exp-warm-10000-002721-316e5a49,1784798824936,1784798824937,202,1.000,warm
2718,exp-warm-10000-002716-743587ff,1784798824936,1784798824937,202,1.000,warm
2719,exp-warm-10000-002727-998b11d9,1784798824936,1784798824937,202,1.000,warm
2720,exp-warm-10000-002726-99343a11,1784798824936,1784798824937,202,1.000,warm
2721,exp-warm-10000-002724-1ac65d43,1784798824936,1784798824937,202,1.000,warm
2722,exp-warm-10000-002718-8761d016,1784798824936,1784798824937,202,1.000,warm
2723,exp-warm-10000-002725-9709cc0f,1784798824936,1784798824937,202,1.000,warm
2724,exp-warm-10000-002713-1c051314,1784798824937,1784798824937,202,0.000,warm
2725,exp-warm-10000-002714-d23f8263,1784798824937,1784798824937,202,0.000,warm
2726,exp-warm-10000-002717-1d26aeb6,1784798824937,1784798824937,202,0.000,warm
2727,exp-warm-10000-002712-07aea26d,1784798824937,1784798824937,202,0.000,warm
2728,exp-warm-10000-002720-26646d57,1784798824937,1784798824937,202,0.000,warm
2729,exp-warm-10000-002735-127ec980,1784798824937,1784798824938,202,1.000,warm
2730,exp-warm-10000-002737-b1d42c67,1784798824937,1784798824938,202,1.000,warm
2731,exp-warm-10000-002736-f457762b,1784798824937,1784798824938,202,1.000,warm
2732,exp-warm-10000-002758-99e4828a,1784798824937,1784798824940,202,3.000,warm
2733,exp-warm-10000-002728-547fdb26,1784798824938,1784798824938,202,0.000,warm
2734,exp-warm-10000-002729-5210f874,1784798824938,1784798824938,202,0.000,warm
2735,exp-warm-10000-002730-4e359056,1784798824938,1784798824938,202,0.000,warm
2736,exp-warm-10000-002732-b7581bea,1784798824938,1784798824938,202,0.000,warm
2737,exp-warm-10000-002731-6f968e99,1784798824938,1784798824938,202,0.000,warm
2738,exp-warm-10000-002733-a99ceed3,1784798824938,1784798824938,202,0.000,warm
2739,exp-warm-10000-002734-b9481440,1784798824938,1784798824938,202,0.000,warm
2740,exp-warm-10000-002747-f12e2163,1784798824938,1784798824939,202,1.000,warm
2741,exp-warm-10000-002749-6b2570a5,1784798824938,1784798824939,202,1.000,warm
2742,exp-warm-10000-002752-60b7f108,1784798824938,1784798824939,202,1.000,warm
2743,exp-warm-10000-002744-e7269fb0,1784798824938,1784798824939,202,1.000,warm
2744,exp-warm-10000-002748-5f2ce32e,1784798824938,1784798824939,202,1.000,warm
2745,exp-warm-10000-002750-cc6c21c7,1784798824938,1784798824939,202,1.000,warm
2746,exp-warm-10000-002738-509cade7,1784798824939,1784798824939,202,0.000,warm
2747,exp-warm-10000-002741-9877f223,1784798824939,1784798824939,202,0.000,warm
2748,exp-warm-10000-002739-e9ab0376,1784798824939,1784798824939,202,0.000,warm
2749,exp-warm-10000-002743-c2e68449,1784798824939,1784798824939,202,0.000,warm
2750,exp-warm-10000-002745-9bfe3f49,1784798824939,1784798824939,202,0.000,warm
2751,exp-warm-10000-002746-d06366f6,1784798824939,1784798824939,202,0.000,warm
2752,exp-warm-10000-002740-24c61bbb,1784798824939,1784798824939,202,0.000,warm
2753,exp-warm-10000-002742-27de69b1,1784798824939,1784798824939,202,0.000,warm
2754,exp-warm-10000-002757-059393b6,1784798824939,1784798824940,202,1.000,warm
2755,exp-warm-10000-002764-cbe28a17,1784798824939,1784798824940,202,1.000,warm
2756,exp-warm-10000-002765-7fedad3b,1784798824939,1784798824940,202,1.000,warm
2757,exp-warm-10000-002763-2c7999a8,1784798824939,1784798824940,202,1.000,warm
2758,exp-warm-10000-002753-b8e8150c,1784798824940,1784798824940,202,0.000,warm
2759,exp-warm-10000-002755-7e54e421,1784798824940,1784798824940,202,0.000,warm
2760,exp-warm-10000-002754-16e9e1fa,1784798824940,1784798824940,202,0.000,warm
2761,exp-warm-10000-002756-be8aa15f,1784798824940,1784798824940,202,0.000,warm
2762,exp-warm-10000-002759-e74484c7,1784798824940,1784798824940,202,0.000,warm
2763,exp-warm-10000-002760-0a63b409,1784798824940,1784798824940,202,0.000,warm
2764,exp-warm-10000-002761-9df53ae7,1784798824940,1784798824940,202,0.000,warm
2765,exp-warm-10000-002762-b0ad555b,1784798824940,1784798824940,202,0.000,warm
2766,exp-warm-10000-002774-3c12e27a,1784798824940,1784798824941,202,1.000,warm
2767,exp-warm-10000-002770-5fec70d8,1784798824940,1784798824941,202,1.000,warm
2768,exp-warm-10000-002773-6295710b,1784798824940,1784798824941,202,1.000,warm
2769,exp-warm-10000-002793-49246ef6,1784798824940,1784798824943,202,3.000,warm
2770,exp-warm-10000-002767-ed065844,1784798824941,1784798824941,202,0.000,warm
2771,exp-warm-10000-002768-e5c6ac98,1784798824941,1784798824941,202,0.000,warm
2772,exp-warm-10000-002769-2ba3a64c,1784798824941,1784798824941,202,0.000,warm
2773,exp-warm-10000-002766-0b4483f3,1784798824941,1784798824941,202,0.000,warm
2774,exp-warm-10000-002771-4398c8ff,1784798824941,1784798824941,202,0.000,warm
2775,exp-warm-10000-002772-722bce96,1784798824941,1784798824941,202,0.000,warm
2776,exp-warm-10000-002781-a3d26750,1784798824941,1784798824942,202,1.000,warm
2777,exp-warm-10000-002782-eaddfb64,1784798824941,1784798824942,202,1.000,warm
2778,exp-warm-10000-002775-63585505,1784798824942,1784798824942,202,0.000,warm
2779,exp-warm-10000-002777-551042f7,1784798824942,1784798824942,202,0.000,warm
2780,exp-warm-10000-002779-1bb33a59,1784798824942,1784798824942,202,0.000,warm
2781,exp-warm-10000-002776-1a33395b,1784798824942,1784798824942,202,0.000,warm
2782,exp-warm-10000-002778-066eb90d,1784798824942,1784798824942,202,0.000,warm
2783,exp-warm-10000-002780-8ffc20ed,1784798824942,1784798824942,202,0.000,warm
2784,exp-warm-10000-002786-d304fa0f,1784798824942,1784798824943,202,1.000,warm
2785,exp-warm-10000-002792-475b08f5,1784798824942,1784798824943,202,1.000,warm
2786,exp-warm-10000-002796-00dd7d63,1784798824942,1784798824943,202,1.000,warm
2787,exp-warm-10000-002797-23347613,1784798824942,1784798824943,202,1.000,warm
2788,exp-warm-10000-002795-c391ea1e,1784798824942,1784798824943,202,1.000,warm
2789,exp-warm-10000-002798-c8beb519,1784798824942,1784798824943,202,1.000,warm
2790,exp-warm-10000-002787-797b5573,1784798824942,1784798824943,202,1.000,warm
2791,exp-warm-10000-002814-6f5c883a,1784798824942,1784798824945,202,3.000,warm
2792,exp-warm-10000-002784-652bf3db,1784798824943,1784798824943,202,0.000,warm
2793,exp-warm-10000-002785-34dd5271,1784798824943,1784798824943,202,0.000,warm
2794,exp-warm-10000-002783-302b2ffb,1784798824943,1784798824943,202,0.000,warm
2795,exp-warm-10000-002805-804dee27,1784798824943,1784798824944,202,1.000,warm
2796,exp-warm-10000-002794-42f77f1b,1784798824943,1784798824944,202,1.000,warm
2797,exp-warm-10000-002806-d9c8a83f,1784798824943,1784798824944,202,1.000,warm
2798,exp-warm-10000-002804-7dacf344,1784798824943,1784798824944,202,1.000,warm
2799,exp-warm-10000-002807-c467630b,1784798824943,1784798824944,202,1.000,warm
2800,exp-warm-10000-002808-485a148d,1784798824943,1784798824944,202,1.000,warm
2801,exp-warm-10000-002802-fa076d28,1784798824943,1784798824944,202,1.000,warm
2802,exp-warm-10000-002788-51525cd1,1784798824943,1784798824943,202,0.000,warm
2803,exp-warm-10000-002816-43593f72,1784798824943,1784798824945,202,2.000,warm
2804,exp-warm-10000-002822-4e567cda,1784798824943,1784798824946,202,3.000,warm
2805,exp-warm-10000-002799-04474ffa,1784798824944,1784798824944,202,0.000,warm
2806,exp-warm-10000-002801-6cb187a4,1784798824944,1784798824944,202,0.000,warm
2807,exp-warm-10000-002789-4085f53c,1784798824944,1784798824944,202,0.000,warm
2808,exp-warm-10000-002803-7a465523,1784798824944,1784798824944,202,0.000,warm
2809,exp-warm-10000-002800-e6fd1ddf,1784798824944,1784798824944,202,0.000,warm
2810,exp-warm-10000-002791-3d4da488,1784798824944,1784798824944,202,0.000,warm
2811,exp-warm-10000-002790-353c19e2,1784798824944,1784798824944,202,0.000,warm
2812,exp-warm-10000-002817-58576d05,1784798824944,1784798824945,202,1.000,warm
2813,exp-warm-10000-002819-faafcb8a,1784798824944,1784798824945,202,1.000,warm
2814,exp-warm-10000-002818-ec61a44f,1784798824944,1784798824945,202,1.000,warm
2815,exp-warm-10000-002820-99a14f7b,1784798824944,1784798824945,202,1.000,warm
2816,exp-warm-10000-002821-c9754c0a,1784798824944,1784798824945,202,1.000,warm
2817,exp-warm-10000-002811-ab5c9e69,1784798824944,1784798824945,202,1.000,warm
2818,exp-warm-10000-002810-b7963355,1784798824945,1784798824945,202,0.000,warm
2819,exp-warm-10000-002812-4f3804cb,1784798824945,1784798824945,202,0.000,warm
2820,exp-warm-10000-002813-61830e12,1784798824945,1784798824945,202,0.000,warm
2821,exp-warm-10000-002809-5aeaf37b,1784798824945,1784798824945,202,0.000,warm
2822,exp-warm-10000-002825-bbf5435d,1784798824945,1784798824946,202,1.000,warm
2823,exp-warm-10000-002829-a67a3c15,1784798824945,1784798824946,202,1.000,warm
2824,exp-warm-10000-002823-fbf0cb7c,1784798824945,1784798824946,202,1.000,warm
2825,exp-warm-10000-002830-fd2a7f46,1784798824945,1784798824946,202,1.000,warm
2826,exp-warm-10000-002831-4c235090,1784798824945,1784798824946,202,1.000,warm
2827,exp-warm-10000-002843-05fb7b5e,1784798824945,1784798824947,202,2.000,warm
2828,exp-warm-10000-002841-4cdb41ee,1784798824945,1784798824947,202,2.000,warm
2829,exp-warm-10000-002815-8bb37ed4,1784798824946,1784798824946,202,0.000,warm
2830,exp-warm-10000-002826-88755966,1784798824946,1784798824946,202,0.000,warm
2831,exp-warm-10000-002827-811acbaf,1784798824946,1784798824946,202,0.000,warm
2832,exp-warm-10000-002824-3a57e74e,1784798824946,1784798824946,202,0.000,warm
2833,exp-warm-10000-002828-e20906df,1784798824946,1784798824946,202,0.000,warm
2834,exp-warm-10000-002840-4a26ded0,1784798824946,1784798824947,202,1.000,warm
2835,exp-warm-10000-002842-9ea37f16,1784798824946,1784798824947,202,1.000,warm
2836,exp-warm-10000-002834-3886fc37,1784798824946,1784798824947,202,1.000,warm
2837,exp-warm-10000-002832-390134fd,1784798824946,1784798824947,202,1.000,warm
2838,exp-warm-10000-002835-3d28409a,1784798824946,1784798824947,202,1.000,warm
2839,exp-warm-10000-002851-5173c631,1784798824946,1784798824948,202,2.000,warm
2840,exp-warm-10000-002865-c1f63e04,1784798824946,1784798824949,202,3.000,warm
2841,exp-warm-10000-002876-bbdd2370,1784798824946,1784798824950,202,4.000,warm
2842,exp-warm-10000-002836-ec6b6ef3,1784798824947,1784798824947,202,0.000,warm
2843,exp-warm-10000-002837-8d1fcda4,1784798824947,1784798824947,202,0.000,warm
2844,exp-warm-10000-002839-251f5e53,1784798824947,1784798824947,202,0.000,warm
2845,exp-warm-10000-002833-56e2b05f,1784798824947,1784798824947,202,0.000,warm
2846,exp-warm-10000-002838-6a3eca10,1784798824947,1784798824947,202,0.000,warm
2847,exp-warm-10000-002850-4f67dce8,1784798824947,1784798824948,202,1.000,warm
2848,exp-warm-10000-002849-6f875782,1784798824947,1784798824948,202,1.000,warm
2849,exp-warm-10000-002848-52c3e8cd,1784798824947,1784798824948,202,1.000,warm
2850,exp-warm-10000-002852-adfb6240,1784798824947,1784798824948,202,1.000,warm
2851,exp-warm-10000-002854-3c36cb48,1784798824947,1784798824948,202,1.000,warm
2852,exp-warm-10000-002845-c167edcc,1784798824947,1784798824948,202,1.000,warm
2853,exp-warm-10000-002853-fc303d0d,1784798824947,1784798824948,202,1.000,warm
2854,exp-warm-10000-002863-c89fdb5a,1784798824947,1784798824949,202,2.000,warm
2855,exp-warm-10000-002847-5b5bb025,1784798824948,1784798824948,202,0.000,warm
2856,exp-warm-10000-002846-25d958c9,1784798824948,1784798824948,202,0.000,warm
2857,exp-warm-10000-002844-f8548f46,1784798824948,1784798824948,202,0.000,warm
2858,exp-warm-10000-002858-4eb9ffc8,1784798824948,1784798824949,202,1.000,warm
2859,exp-warm-10000-002862-53897d59,1784798824948,1784798824949,202,1.000,warm
2860,exp-warm-10000-002861-05c280c8,1784798824948,1784798824949,202,1.000,warm
2861,exp-warm-10000-002864-14e49ef3,1784798824948,1784798824949,202,1.000,warm
2862,exp-warm-10000-002859-ad3dce55,1784798824948,1784798824949,202,1.000,warm
2863,exp-warm-10000-002860-bfd3f63a,1784798824948,1784798824949,202,1.000,warm
2864,exp-warm-10000-002866-c7acf1d6,1784798824948,1784798824949,202,1.000,warm
2865,exp-warm-10000-002867-49463e28,1784798824948,1784798824949,202,1.000,warm
2866,exp-warm-10000-002877-b2fb7881,1784798824948,1784798824950,202,2.000,warm
2867,exp-warm-10000-002856-2b4dc7c5,1784798824949,1784798824949,202,0.000,warm
2868,exp-warm-10000-002857-813d8776,1784798824949,1784798824949,202,0.000,warm
2869,exp-warm-10000-002855-adc55843,1784798824949,1784798824949,202,0.000,warm
2870,exp-warm-10000-002878-bec09ae4,1784798824949,1784798824950,202,1.000,warm
2871,exp-warm-10000-002873-b0511639,1784798824949,1784798824950,202,1.000,warm
2872,exp-warm-10000-002872-23f53904,1784798824949,1784798824950,202,1.000,warm
2873,exp-warm-10000-002875-a9f68046,1784798824949,1784798824950,202,1.000,warm
2874,exp-warm-10000-002869-05648453,1784798824949,1784798824950,202,1.000,warm
2875,exp-warm-10000-002886-d486d4bc,1784798824949,1784798824951,202,2.000,warm
2876,exp-warm-10000-002868-aa6ca27d,1784798824950,1784798824950,202,0.000,warm
2877,exp-warm-10000-002870-f38b67eb,1784798824950,1784798824950,202,0.000,warm
2878,exp-warm-10000-002871-44d46bb9,1784798824950,1784798824950,202,0.000,warm
2879,exp-warm-10000-002874-f6b22ceb,1784798824950,1784798824950,202,0.000,warm
2880,exp-warm-10000-002887-27d7351c,1784798824950,1784798824951,202,1.000,warm
2881,exp-warm-10000-002888-98ebe73b,1784798824950,1784798824951,202,1.000,warm
2882,exp-warm-10000-002889-dc93c7b2,1784798824950,1784798824951,202,1.000,warm
2883,exp-warm-10000-002884-617677cf,1784798824950,1784798824951,202,1.000,warm
2884,exp-warm-10000-002880-06cf44b7,1784798824951,1784798824951,202,0.000,warm
2885,exp-warm-10000-002882-d162c198,1784798824951,1784798824951,202,0.000,warm
2886,exp-warm-10000-002881-1390758a,1784798824951,1784798824951,202,0.000,warm
2887,exp-warm-10000-002879-63fbb9e9,1784798824951,1784798824951,202,0.000,warm
2888,exp-warm-10000-002885-1932437b,1784798824951,1784798824951,202,0.000,warm
2889,exp-warm-10000-002883-b9588a89,1784798824951,1784798824951,202,0.000,warm
2890,exp-warm-10000-002894-3cca2f29,1784798824951,1784798824952,202,1.000,warm
2891,exp-warm-10000-002901-794621ea,1784798824951,1784798824952,202,1.000,warm
2892,exp-warm-10000-002898-79b4d3aa,1784798824951,1784798824952,202,1.000,warm
2893,exp-warm-10000-002890-c0a4f4e5,1784798824951,1784798824952,202,1.000,warm
2894,exp-warm-10000-002893-aa633b70,1784798824951,1784798824952,202,1.000,warm
2895,exp-warm-10000-002904-a8ff1aeb,1784798824951,1784798824952,202,1.000,warm
2896,exp-warm-10000-002905-138a28c9,1784798824951,1784798824952,202,1.000,warm
2897,exp-warm-10000-002897-e1afa995,1784798824951,1784798824952,202,1.000,warm
2898,exp-warm-10000-002900-1608868f,1784798824951,1784798824952,202,1.000,warm
2899,exp-warm-10000-002902-fd7cd90e,1784798824951,1784798824952,202,1.000,warm
2900,exp-warm-10000-002895-22333d1d,1784798824951,1784798824952,202,1.000,warm
2901,exp-warm-10000-002914-b4990c35,1784798824951,1784798824953,202,2.000,warm
2902,exp-warm-10000-002903-86ae0b10,1784798824951,1784798824953,202,2.000,warm
2903,exp-warm-10000-002920-71694273,1784798824951,1784798824954,202,3.000,warm
2904,exp-warm-10000-002892-3e8dd604,1784798824952,1784798824952,202,0.000,warm
2905,exp-warm-10000-002899-dfe5524a,1784798824952,1784798824952,202,0.000,warm
2906,exp-warm-10000-002891-6788041b,1784798824952,1784798824952,202,0.000,warm
2907,exp-warm-10000-002896-0d5e1c37,1784798824952,1784798824952,202,0.000,warm
2908,exp-warm-10000-002910-46a2f2bf,1784798824952,1784798824953,202,1.000,warm
2909,exp-warm-10000-002908-e61317c2,1784798824952,1784798824953,202,1.000,warm
2910,exp-warm-10000-002911-953b6c5e,1784798824952,1784798824953,202,1.000,warm
2911,exp-warm-10000-002912-2b681859,1784798824952,1784798824953,202,1.000,warm
2912,exp-warm-10000-002913-b38d39f2,1784798824952,1784798824953,202,1.000,warm
2913,exp-warm-10000-002915-e3fac6da,1784798824952,1784798824953,202,1.000,warm
2914,exp-warm-10000-002907-79923b51,1784798824952,1784798824953,202,1.000,warm
2915,exp-warm-10000-002926-a4fc6136,1784798824952,1784798824954,202,2.000,warm
2916,exp-warm-10000-002906-ed148ced,1784798824953,1784798824953,202,0.000,warm
2917,exp-warm-10000-002909-2773eba2,1784798824953,1784798824953,202,0.000,warm
2918,exp-warm-10000-002925-ad850626,1784798824953,1784798824954,202,1.000,warm
2919,exp-warm-10000-002922-fa55c559,1784798824953,1784798824954,202,1.000,warm
2920,exp-warm-10000-002921-7fe1cc7e,1784798824953,1784798824954,202,1.000,warm
2921,exp-warm-10000-002919-e1b900dd,1784798824953,1784798824954,202,1.000,warm
2922,exp-warm-10000-002916-2c9e509b,1784798824953,1784798824954,202,1.000,warm
2923,exp-warm-10000-002924-e89ce1b0,1784798824953,1784798824954,202,1.000,warm
2924,exp-warm-10000-002917-1e326149,1784798824954,1784798824954,202,0.000,warm
2925,exp-warm-10000-002918-b1fa5925,1784798824954,1784798824954,202,0.000,warm
2926,exp-warm-10000-002932-c682a746,1784798824954,1784798824955,202,1.000,warm
2927,exp-warm-10000-002934-944a1b4f,1784798824954,1784798824955,202,1.000,warm
2928,exp-warm-10000-002930-bde7f4c3,1784798824954,1784798824955,202,1.000,warm
2929,exp-warm-10000-002929-fc1c5ca1,1784798824954,1784798824955,202,1.000,warm
2930,exp-warm-10000-002933-11783add,1784798824954,1784798824955,202,1.000,warm
2931,exp-warm-10000-002942-ec6e18b3,1784798824954,1784798824956,202,2.000,warm
2932,exp-warm-10000-002928-e6db4ce0,1784798824955,1784798824955,202,0.000,warm
2933,exp-warm-10000-002927-e9e4f058,1784798824955,1784798824955,202,0.000,warm
2934,exp-warm-10000-002923-d7e85e2b,1784798824955,1784798824955,202,0.000,warm
2935,exp-warm-10000-002931-6b1dd273,1784798824955,1784798824955,202,0.000,warm
2936,exp-warm-10000-002941-9006b8f9,1784798824955,1784798824956,202,1.000,warm
2937,exp-warm-10000-002936-dc43fcb6,1784798824955,1784798824956,202,1.000,warm
2938,exp-warm-10000-002944-718c196e,1784798824955,1784798824956,202,1.000,warm
2939,exp-warm-10000-002943-ef95dab1,1784798824955,1784798824956,202,1.000,warm
2940,exp-warm-10000-002935-33531bf6,1784798824955,1784798824956,202,1.000,warm
2941,exp-warm-10000-002952-254ddf91,1784798824955,1784798824957,202,2.000,warm
2942,exp-warm-10000-002938-2b70be6d,1784798824956,1784798824956,202,0.000,warm
2943,exp-warm-10000-002937-044d4d29,1784798824956,1784798824956,202,0.000,warm
2944,exp-warm-10000-002939-9b66d2fd,1784798824956,1784798824956,202,0.000,warm
2945,exp-warm-10000-002940-626bbbe5,1784798824956,1784798824956,202,0.000,warm
2946,exp-warm-10000-002947-883a200a,1784798824956,1784798824957,202,1.000,warm
2947,exp-warm-10000-002953-7a38f85a,1784798824956,1784798824957,202,1.000,warm
2948,exp-warm-10000-002962-cd040d75,1784798824956,1784798824958,202,2.000,warm
2949,exp-warm-10000-002946-e5effa9d,1784798824957,1784798824957,202,0.000,warm
2950,exp-warm-10000-002945-718607d0,1784798824957,1784798824957,202,0.000,warm
2951,exp-warm-10000-002949-01c5aeda,1784798824957,1784798824957,202,0.000,warm
2952,exp-warm-10000-002950-af2117a7,1784798824957,1784798824957,202,0.000,warm
2953,exp-warm-10000-002948-b792c171,1784798824957,1784798824957,202,0.000,warm
2954,exp-warm-10000-002951-8e929a3c,1784798824957,1784798824957,202,0.000,warm
2955,exp-warm-10000-002956-e1cf724c,1784798824957,1784798824958,202,1.000,warm
2956,exp-warm-10000-002961-0794fb62,1784798824957,1784798824958,202,1.000,warm
2957,exp-warm-10000-002954-d495915d,1784798824957,1784798824958,202,1.000,warm
2958,exp-warm-10000-002963-489717ac,1784798824957,1784798824958,202,1.000,warm
2959,exp-warm-10000-002964-dede2812,1784798824957,1784798824958,202,1.000,warm
2960,exp-warm-10000-002955-8681ff3e,1784798824958,1784798824958,202,0.000,warm
2961,exp-warm-10000-002957-751c0452,1784798824958,1784798824958,202,0.000,warm
2962,exp-warm-10000-002959-66b77bb3,1784798824958,1784798824958,202,0.000,warm
2963,exp-warm-10000-002958-e76e0482,1784798824958,1784798824958,202,0.000,warm
2964,exp-warm-10000-002960-6d1241a5,1784798824958,1784798824958,202,0.000,warm
2965,exp-warm-10000-002969-8c4f659d,1784798824958,1784798824959,202,1.000,warm
2966,exp-warm-10000-002975-1517f4b1,1784798824958,1784798824959,202,1.000,warm
2967,exp-warm-10000-002973-956b74ac,1784798824958,1784798824959,202,1.000,warm
2968,exp-warm-10000-002974-9dd9718a,1784798824958,1784798824959,202,1.000,warm
2969,exp-warm-10000-002970-0616455f,1784798824958,1784798824959,202,1.000,warm
2970,exp-warm-10000-002965-b5e4fc0e,1784798824959,1784798824959,202,0.000,warm
2971,exp-warm-10000-002968-af90363f,1784798824959,1784798824959,202,0.000,warm
2972,exp-warm-10000-002967-c27766ef,1784798824959,1784798824959,202,0.000,warm
2973,exp-warm-10000-002971-82dc6aae,1784798824959,1784798824959,202,0.000,warm
2974,exp-warm-10000-002972-8d860642,1784798824959,1784798824959,202,0.000,warm
2975,exp-warm-10000-002983-267b9ab7,1784798824959,1784798824960,202,1.000,warm
2976,exp-warm-10000-002982-dc6b59ec,1784798824959,1784798824960,202,1.000,warm
2977,exp-warm-10000-002980-75df52ec,1784798824959,1784798824960,202,1.000,warm
2978,exp-warm-10000-002985-d7ad47ac,1784798824959,1784798824960,202,1.000,warm
2979,exp-warm-10000-002984-432d3eb5,1784798824959,1784798824960,202,1.000,warm
2980,exp-warm-10000-003002-4cde12ba,1784798824959,1784798824961,202,2.000,warm
2981,exp-warm-10000-002998-904427c2,1784798824959,1784798824961,202,2.000,warm
2982,exp-warm-10000-003006-843ad7b4,1784798824959,1784798824962,202,3.000,warm
2983,exp-warm-10000-002976-a3db3e5d,1784798824960,1784798824960,202,0.000,warm
2984,exp-warm-10000-002966-6b9ec757,1784798824960,1784798824960,202,0.000,warm
2985,exp-warm-10000-002978-7d3fe816,1784798824960,1784798824960,202,0.000,warm
2986,exp-warm-10000-002977-7f29e4b8,1784798824960,1784798824960,202,0.000,warm
2987,exp-warm-10000-002979-b86d6345,1784798824960,1784798824960,202,0.000,warm
2988,exp-warm-10000-002981-4870fc8e,1784798824960,1784798824960,202,0.000,warm
2989,exp-warm-10000-002991-df2210db,1784798824960,1784798824961,202,1.000,warm
2990,exp-warm-10000-002997-d51ddd15,1784798824960,1784798824961,202,1.000,warm
2991,exp-warm-10000-002987-eadbf230,1784798824960,1784798824961,202,1.000,warm
2992,exp-warm-10000-002993-d10967f4,1784798824960,1784798824961,202,1.000,warm
2993,exp-warm-10000-003000-9e609559,1784798824960,1784798824961,202,1.000,warm
2994,exp-warm-10000-003001-8af78032,1784798824960,1784798824961,202,1.000,warm
2995,exp-warm-10000-002999-a3d3e8f3,1784798824960,1784798824961,202,1.000,warm
2996,exp-warm-10000-002990-633a06d6,1784798824960,1784798824961,202,1.000,warm
2997,exp-warm-10000-003003-aef8e9df,1784798824960,1784798824961,202,1.000,warm
2998,exp-warm-10000-002988-62d7a424,1784798824960,1784798824961,202,1.000,warm
2999,exp-warm-10000-003012-410bea9d,1784798824960,1784798824962,202,2.000,warm
3000,exp-warm-10000-002986-15069e56,1784798824961,1784798824961,202,0.000,warm
3001,exp-warm-10000-002992-a07eedf3,1784798824961,1784798824961,202,0.000,warm
3002,exp-warm-10000-002989-9688de12,1784798824961,1784798824961,202,0.000,warm
3003,exp-warm-10000-002994-4a3edb24,1784798824961,1784798824961,202,0.000,warm
3004,exp-warm-10000-002996-1a614706,1784798824961,1784798824961,202,0.000,warm
3005,exp-warm-10000-002995-734ea33a,1784798824961,1784798824961,202,0.000,warm
3006,exp-warm-10000-003008-a77d57a7,1784798824961,1784798824962,202,1.000,warm
3007,exp-warm-10000-003013-c06e976e,1784798824961,1784798824962,202,1.000,warm
3008,exp-warm-10000-003004-2b264dec,1784798824962,1784798824962,202,0.000,warm
3009,exp-warm-10000-003005-af02b21e,1784798824962,1784798824962,202,0.000,warm
3010,exp-warm-10000-003007-a3f85305,1784798824962,1784798824962,202,0.000,warm
3011,exp-warm-10000-003009-3446c31b,1784798824962,1784798824962,202,0.000,warm
3012,exp-warm-10000-003010-dd10034e,1784798824962,1784798824962,202,0.000,warm
3013,exp-warm-10000-003020-cc905524,1784798824962,1784798824963,202,1.000,warm
3014,exp-warm-10000-003022-a6780696,1784798824962,1784798824963,202,1.000,warm
3015,exp-warm-10000-003018-dbe77d67,1784798824962,1784798824963,202,1.000,warm
3016,exp-warm-10000-003014-68d8a9e9,1784798824963,1784798824963,202,0.000,warm
3017,exp-warm-10000-003015-433da9b8,1784798824963,1784798824963,202,0.000,warm
3018,exp-warm-10000-003016-fd01346a,1784798824963,1784798824963,202,0.000,warm
3019,exp-warm-10000-003017-40c152ca,1784798824963,1784798824963,202,0.000,warm
3020,exp-warm-10000-003011-a2e7d0e7,1784798824963,1784798824963,202,0.000,warm
3021,exp-warm-10000-003019-798f3a89,1784798824963,1784798824963,202,0.000,warm
3022,exp-warm-10000-003028-e71df9b4,1784798824963,1784798824964,202,1.000,warm
3023,exp-warm-10000-003029-0e6b3390,1784798824963,1784798824964,202,1.000,warm
3024,exp-warm-10000-003023-f8f67267,1784798824964,1784798824964,202,0.000,warm
3025,exp-warm-10000-003025-7b9765b4,1784798824964,1784798824964,202,0.000,warm
3026,exp-warm-10000-003024-786c7ffb,1784798824964,1784798824964,202,0.000,warm
3027,exp-warm-10000-003026-84e5e4b1,1784798824964,1784798824964,202,0.000,warm
3028,exp-warm-10000-003027-72d8f11b,1784798824964,1784798824964,202,0.000,warm
3029,exp-warm-10000-003021-1d564ae5,1784798824964,1784798824964,202,0.000,warm
3030,exp-warm-10000-003033-48385454,1784798824964,1784798824965,202,1.000,warm
3031,exp-warm-10000-003038-a2b62e5c,1784798824964,1784798824965,202,1.000,warm
3032,exp-warm-10000-003039-60df6c04,1784798824964,1784798824965,202,1.000,warm
3033,exp-warm-10000-003031-a510feb5,1784798824965,1784798824965,202,0.000,warm
3034,exp-warm-10000-003032-a0582f83,1784798824965,1784798824965,202,0.000,warm
3035,exp-warm-10000-003034-91f335ba,1784798824965,1784798824965,202,0.000,warm
3036,exp-warm-10000-003035-6e8c3a59,1784798824965,1784798824965,202,0.000,warm
3037,exp-warm-10000-003030-56554926,1784798824965,1784798824965,202,0.000,warm
3038,exp-warm-10000-003037-7427d1b2,1784798824965,1784798824965,202,0.000,warm
3039,exp-warm-10000-003036-ba93f7ba,1784798824965,1784798824965,202,0.000,warm
3040,exp-warm-10000-003046-20c90afb,1784798824965,1784798824966,202,1.000,warm
3041,exp-warm-10000-003040-82d9445e,1784798824965,1784798824966,202,1.000,warm
3042,exp-warm-10000-003047-1c06a4dd,1784798824965,1784798824966,202,1.000,warm
3043,exp-warm-10000-003041-a5c8a115,1784798824966,1784798824966,202,0.000,warm
3044,exp-warm-10000-003044-f7d413f9,1784798824966,1784798824966,202,0.000,warm
3045,exp-warm-10000-003042-5cf21b49,1784798824966,1784798824966,202,0.000,warm
3046,exp-warm-10000-003043-ca370987,1784798824966,1784798824966,202,0.000,warm
3047,exp-warm-10000-003045-739d4c29,1784798824966,1784798824966,202,0.000,warm
3048,exp-warm-10000-003052-c2d78c0f,1784798824966,1784798824967,202,1.000,warm
3049,exp-warm-10000-003053-050391ed,1784798824966,1784798824967,202,1.000,warm
3050,exp-warm-10000-003048-beb5d185,1784798824967,1784798824967,202,0.000,warm
3051,exp-warm-10000-003050-bcdedec7,1784798824967,1784798824967,202,0.000,warm
3052,exp-warm-10000-003051-dbb64011,1784798824967,1784798824967,202,0.000,warm
3053,exp-warm-10000-003049-0e434911,1784798824967,1784798824967,202,0.000,warm
3054,exp-warm-10000-003057-1dbf948e,1784798824967,1784798824968,202,1.000,warm
3055,exp-warm-10000-003059-f9fbdba5,1784798824967,1784798824968,202,1.000,warm
3056,exp-warm-10000-003061-a482daec,1784798824967,1784798824968,202,1.000,warm
3057,exp-warm-10000-003060-7ae6f1ea,1784798824967,1784798824968,202,1.000,warm
3058,exp-warm-10000-003062-055238dc,1784798824967,1784798824968,202,1.000,warm
3059,exp-warm-10000-003063-e21d600d,1784798824967,1784798824968,202,1.000,warm
3060,exp-warm-10000-003054-0093f160,1784798824967,1784798824968,202,1.000,warm
3061,exp-warm-10000-003066-5e41fcd1,1784798824967,1784798824969,202,2.000,warm
3062,exp-warm-10000-003056-317685ea,1784798824968,1784798824968,202,0.000,warm
3063,exp-warm-10000-003055-c5146e72,1784798824968,1784798824968,202,0.000,warm
3064,exp-warm-10000-003058-9bb6d05d,1784798824968,1784798824968,202,0.000,warm
3065,exp-warm-10000-003070-fcbe9659,1784798824968,1784798824969,202,1.000,warm
3066,exp-warm-10000-003068-3d63faef,1784798824968,1784798824969,202,1.000,warm
3067,exp-warm-10000-003069-c6669db1,1784798824968,1784798824969,202,1.000,warm
3068,exp-warm-10000-003071-c7c3d75a,1784798824968,1784798824969,202,1.000,warm
3069,exp-warm-10000-003067-ec546663,1784798824969,1784798824969,202,0.000,warm
3070,exp-warm-10000-003064-badb7cbb,1784798824969,1784798824969,202,0.000,warm
3071,exp-warm-10000-003077-aed6fb70,1784798824969,1784798824970,202,1.000,warm
3072,exp-warm-10000-003080-f91db05a,1784798824969,1784798824970,202,1.000,warm
3073,exp-warm-10000-003073-49740620,1784798824969,1784798824970,202,1.000,warm
3074,exp-warm-10000-003082-8b0877d2,1784798824969,1784798824970,202,1.000,warm
3075,exp-warm-10000-003079-c9b5ebf9,1784798824969,1784798824970,202,1.000,warm
3076,exp-warm-10000-003084-674eb403,1784798824969,1784798824970,202,1.000,warm
3077,exp-warm-10000-003081-f0aecb5b,1784798824969,1784798824970,202,1.000,warm
3078,exp-warm-10000-003078-70613f52,1784798824969,1784798824970,202,1.000,warm
3079,exp-warm-10000-003074-a2676974,1784798824969,1784798824970,202,1.000,warm
3080,exp-warm-10000-003083-f59b6e1e,1784798824969,1784798824970,202,1.000,warm
3081,exp-warm-10000-003075-3af05a99,1784798824969,1784798824970,202,1.000,warm
3082,exp-warm-10000-003092-188caa21,1784798824969,1784798824971,202,2.000,warm
3083,exp-warm-10000-003090-3c6107ef,1784798824969,1784798824971,202,2.000,warm
3084,exp-warm-10000-003072-5731832d,1784798824970,1784798824970,202,0.000,warm
3085,exp-warm-10000-003076-566797ff,1784798824970,1784798824970,202,0.000,warm
3086,exp-warm-10000-003091-3d4ab4f5,1784798824970,1784798824971,202,1.000,warm
3087,exp-warm-10000-003088-e14aa4c2,1784798824970,1784798824971,202,1.000,warm
3088,exp-warm-10000-003093-c85baff5,1784798824970,1784798824971,202,1.000,warm
3089,exp-warm-10000-003094-0e483441,1784798824970,1784798824971,202,1.000,warm
3090,exp-warm-10000-003085-86da863c,1784798824970,1784798824971,202,1.000,warm
3091,exp-warm-10000-003089-018dd6c6,1784798824970,1784798824971,202,1.000,warm
3092,exp-warm-10000-003095-dbbcdc45,1784798824970,1784798824971,202,1.000,warm
3093,exp-warm-10000-003086-1323d4f9,1784798824970,1784798824971,202,1.000,warm
3094,exp-warm-10000-003108-eb49b34b,1784798824970,1784798824972,202,2.000,warm
3095,exp-warm-10000-003087-dcbd44b4,1784798824971,1784798824971,202,0.000,warm
3096,exp-warm-10000-003106-d66a4ea1,1784798824971,1784798824972,202,1.000,warm
3097,exp-warm-10000-003104-6cef2b58,1784798824971,1784798824972,202,1.000,warm
3098,exp-warm-10000-003097-24fd2bd7,1784798824971,1784798824972,202,1.000,warm
3099,exp-warm-10000-003105-dd509114,1784798824971,1784798824972,202,1.000,warm
3100,exp-warm-10000-003107-1b11177e,1784798824971,1784798824972,202,1.000,warm
3101,exp-warm-10000-003101-a2e3c389,1784798824971,1784798824972,202,1.000,warm
3102,exp-warm-10000-003111-cedf3eb1,1784798824971,1784798824973,202,2.000,warm
3103,exp-warm-10000-003100-c5194332,1784798824971,1784798824975,202,4.000,warm
3104,exp-warm-10000-003096-c81deb67,1784798824972,1784798824972,202,0.000,warm
3105,exp-warm-10000-003102-37e1c82f,1784798824972,1784798824972,202,0.000,warm
3106,exp-warm-10000-003099-9116c422,1784798824972,1784798824972,202,0.000,warm
3107,exp-warm-10000-003098-e046711a,1784798824972,1784798824972,202,0.000,warm
3108,exp-warm-10000-003065-012f2bd8,1784798824972,1784798824972,202,0.000,warm
3109,exp-warm-10000-003103-8bbfa60c,1784798824972,1784798824972,202,0.000,warm
3110,exp-warm-10000-003112-1c719739,1784798824972,1784798824973,202,1.000,warm
3111,exp-warm-10000-003115-061950e5,1784798824972,1784798824973,202,1.000,warm
3112,exp-warm-10000-003114-71a95727,1784798824972,1784798824973,202,1.000,warm
3113,exp-warm-10000-003113-6d539bf3,1784798824972,1784798824974,202,2.000,warm
3114,exp-warm-10000-003119-764e1653,1784798824972,1784798824975,202,3.000,warm
3115,exp-warm-10000-003109-d3b1a30d,1784798824973,1784798824973,202,0.000,warm
3116,exp-warm-10000-003110-c9896752,1784798824973,1784798824973,202,0.000,warm
3117,exp-warm-10000-003116-8411aeb2,1784798824973,1784798824974,202,1.000,warm
3118,exp-warm-10000-003122-8d6f05f9,1784798824973,1784798824974,202,1.000,warm
3119,exp-warm-10000-003120-4c998c28,1784798824973,1784798824974,202,1.000,warm
3120,exp-warm-10000-003121-fc701082,1784798824973,1784798824975,202,2.000,warm
3121,exp-warm-10000-003117-7da12c9a,1784798824974,1784798824974,202,0.000,warm
3122,exp-warm-10000-003118-3f94e30b,1784798824974,1784798824974,202,0.000,warm
3123,exp-warm-10000-003127-02ea664a,1784798824974,1784798824975,202,1.000,warm
3124,exp-warm-10000-003128-0c8bcca9,1784798824974,1784798824975,202,1.000,warm
3125,exp-warm-10000-003126-7588cbef,1784798824974,1784798824975,202,1.000,warm
3126,exp-warm-10000-003134-3c1141e2,1784798824974,1784798824976,202,2.000,warm
3127,exp-warm-10000-003125-f7fad3f6,1784798824975,1784798824975,202,0.000,warm
3128,exp-warm-10000-003124-468e4277,1784798824975,1784798824975,202,0.000,warm
3129,exp-warm-10000-003129-c6ac09cb,1784798824975,1784798824975,202,0.000,warm
3130,exp-warm-10000-003123-b2e69c46,1784798824975,1784798824975,202,0.000,warm
3131,exp-warm-10000-003133-a863afd8,1784798824975,1784798824976,202,1.000,warm
3132,exp-warm-10000-003135-d9f80ee0,1784798824975,1784798824977,202,2.000,warm
3133,exp-warm-10000-003132-0554d0b5,1784798824976,1784798824976,202,0.000,warm
3134,exp-warm-10000-003130-74f523ce,1784798824976,1784798824976,202,0.000,warm
3135,exp-warm-10000-003131-33ee3e59,1784798824976,1784798824976,202,0.000,warm
3136,exp-warm-10000-003138-f9932bf9,1784798824976,1784798824977,202,1.000,warm
3137,exp-warm-10000-003136-44e7b588,1784798824977,1784798824977,202,0.000,warm
3138,exp-warm-10000-003137-1ec567fc,1784798824977,1784798824977,202,0.000,warm
3139,exp-warm-10000-003147-b01d8b3d,1784798824977,1784798824978,202,1.000,warm
3140,exp-warm-10000-003146-1a06d070,1784798824977,1784798824978,202,1.000,warm
3141,exp-warm-10000-003148-96a7c1d8,1784798824977,1784798824978,202,1.000,warm
3142,exp-warm-10000-003141-38067d59,1784798824977,1784798824978,202,1.000,warm
3143,exp-warm-10000-003144-18e99372,1784798824977,1784798824978,202,1.000,warm
3144,exp-warm-10000-003142-e3c4a4db,1784798824977,1784798824978,202,1.000,warm
3145,exp-warm-10000-003145-708a1304,1784798824977,1784798824978,202,1.000,warm
3146,exp-warm-10000-003152-2f3deb22,1784798824977,1784798824979,202,2.000,warm
3147,exp-warm-10000-003165-964194d2,1784798824977,1784798824981,202,4.000,warm
3148,exp-warm-10000-003140-474db624,1784798824978,1784798824978,202,0.000,warm
3149,exp-warm-10000-003143-e7c9f424,1784798824978,1784798824978,202,0.000,warm
3150,exp-warm-10000-003139-ee4fb514,1784798824978,1784798824978,202,0.000,warm
3151,exp-warm-10000-003155-3807240c,1784798824978,1784798824979,202,1.000,warm
3152,exp-warm-10000-003154-a004517d,1784798824978,1784798824979,202,1.000,warm
3153,exp-warm-10000-003153-fdbb9af3,1784798824978,1784798824979,202,1.000,warm
3154,exp-warm-10000-003149-a4a31375,1784798824978,1784798824979,202,1.000,warm
3155,exp-warm-10000-003157-838b53a6,1784798824978,1784798824979,202,1.000,warm
3156,exp-warm-10000-003156-da6e05c6,1784798824978,1784798824979,202,1.000,warm
3157,exp-warm-10000-003161-851ea857,1784798824978,1784798824980,202,2.000,warm
3158,exp-warm-10000-003151-ffefc788,1784798824979,1784798824979,202,0.000,warm
3159,exp-warm-10000-003158-388a2746,1784798824979,1784798824980,202,1.000,warm
3160,exp-warm-10000-003163-8dffacb7,1784798824979,1784798824980,202,1.000,warm
3161,exp-warm-10000-003162-83f22dfb,1784798824979,1784798824980,202,1.000,warm
3162,exp-warm-10000-003160-53eb0cd8,1784798824979,1784798824980,202,1.000,warm
3163,exp-warm-10000-003159-778e26fb,1784798824980,1784798824980,202,0.000,warm
3164,exp-warm-10000-003169-5b8bed25,1784798824980,1784798824981,202,1.000,warm
3165,exp-warm-10000-003167-bcc50517,1784798824980,1784798824981,202,1.000,warm
3166,exp-warm-10000-003171-2fcf41ee,1784798824980,1784798824981,202,1.000,warm
3167,exp-warm-10000-003173-4d41f789,1784798824980,1784798824981,202,1.000,warm
3168,exp-warm-10000-003172-4fc07eaa,1784798824980,1784798824981,202,1.000,warm
3169,exp-warm-10000-003179-ec0b81d2,1784798824980,1784798824982,202,2.000,warm
3170,exp-warm-10000-003168-ab75c15f,1784798824980,1784798824981,202,1.000,warm
3171,exp-warm-10000-003164-9fe29e0e,1784798824981,1784798824981,202,0.000,warm
3172,exp-warm-10000-003150-d6aae924,1784798824981,1784798824981,202,0.000,warm
3173,exp-warm-10000-003170-137fd415,1784798824981,1784798824981,202,0.000,warm
3174,exp-warm-10000-003178-11bf4993,1784798824981,1784798824982,202,1.000,warm
3175,exp-warm-10000-003177-814d5263,1784798824981,1784798824982,202,1.000,warm
3176,exp-warm-10000-003180-0fe05085,1784798824981,1784798824982,202,1.000,warm
3177,exp-warm-10000-003174-03b8f59b,1784798824981,1784798824982,202,1.000,warm
3178,exp-warm-10000-003176-2d1bcd15,1784798824981,1784798824982,202,1.000,warm
3179,exp-warm-10000-003181-13c65038,1784798824981,1784798824982,202,1.000,warm
3180,exp-warm-10000-003166-d99469d2,1784798824981,1784798824981,202,0.000,warm
3181,exp-warm-10000-003187-b7e65e8e,1784798824982,1784798824983,202,1.000,warm
3182,exp-warm-10000-003183-7ba1ffb0,1784798824982,1784798824983,202,1.000,warm
3183,exp-warm-10000-003203-e59317e2,1784798824982,1784798824984,202,2.000,warm
3184,exp-warm-10000-003202-ae5e9208,1784798824982,1784798824984,202,2.000,warm
3185,exp-warm-10000-003200-9d82dc14,1784798824982,1784798824985,202,3.000,warm
3186,exp-warm-10000-003184-bfdc14fa,1784798824983,1784798824983,202,0.000,warm
3187,exp-warm-10000-003186-e546a892,1784798824983,1784798824983,202,0.000,warm
3188,exp-warm-10000-003188-7d488df8,1784798824983,1784798824983,202,0.000,warm
3189,exp-warm-10000-003185-1fc9226d,1784798824983,1784798824983,202,0.000,warm
3190,exp-warm-10000-003198-590afdc1,1784798824983,1784798824984,202,1.000,warm
3191,exp-warm-10000-003197-f416cc0b,1784798824983,1784798824984,202,1.000,warm
3192,exp-warm-10000-003201-b912b8e4,1784798824983,1784798824984,202,1.000,warm
3193,exp-warm-10000-003190-6f4053c3,1784798824983,1784798824984,202,1.000,warm
3194,exp-warm-10000-003199-90470f7d,1784798824983,1784798824984,202,1.000,warm
3195,exp-warm-10000-003196-9916ab27,1784798824983,1784798824984,202,1.000,warm
3196,exp-warm-10000-003194-391a5392,1784798824983,1784798824984,202,1.000,warm
3197,exp-warm-10000-003195-1179376d,1784798824983,1784798824984,202,1.000,warm
3198,exp-warm-10000-003192-2eed5311,1784798824983,1784798824984,202,1.000,warm
3199,exp-warm-10000-003211-18745ccd,1784798824983,1784798824985,202,2.000,warm
3200,exp-warm-10000-003182-9d6df947,1784798824984,1784798824984,202,0.000,warm
3201,exp-warm-10000-003193-12461491,1784798824984,1784798824984,202,0.000,warm
3202,exp-warm-10000-003189-a0af73ed,1784798824984,1784798824984,202,0.000,warm
3203,exp-warm-10000-003208-acffea29,1784798824984,1784798824985,202,1.000,warm
3204,exp-warm-10000-003209-e0a6b110,1784798824984,1784798824985,202,1.000,warm
3205,exp-warm-10000-003175-40429270,1784798824984,1784798824985,202,1.000,warm
3206,exp-warm-10000-003205-1e68a7f0,1784798824984,1784798824985,202,1.000,warm
3207,exp-warm-10000-003204-e0c28202,1784798824984,1784798824985,202,1.000,warm
3208,exp-warm-10000-003225-5b36d06d,1784798824984,1784798824986,202,2.000,warm
3209,exp-warm-10000-003215-37a781f3,1784798824984,1784798824986,202,2.000,warm
3210,exp-warm-10000-003222-9721ab7b,1784798824984,1784798824986,202,2.000,warm
3211,exp-warm-10000-003191-03c50193,1784798824985,1784798824985,202,0.000,warm
3212,exp-warm-10000-003207-db267709,1784798824985,1784798824985,202,0.000,warm
3213,exp-warm-10000-003206-0857b7a9,1784798824985,1784798824985,202,0.000,warm
3214,exp-warm-10000-003219-37df0e17,1784798824985,1784798824986,202,1.000,warm
3215,exp-warm-10000-003217-bab261f4,1784798824985,1784798824986,202,1.000,warm
3216,exp-warm-10000-003220-28ea07fd,1784798824985,1784798824986,202,1.000,warm
3217,exp-warm-10000-003224-b41bc712,1784798824985,1784798824986,202,1.000,warm
3218,exp-warm-10000-003223-610d429e,1784798824985,1784798824986,202,1.000,warm
3219,exp-warm-10000-003221-49271479,1784798824985,1784798824986,202,1.000,warm
3220,exp-warm-10000-003228-0f076817,1784798824985,1784798824987,202,2.000,warm
3221,exp-warm-10000-003230-78a543ff,1784798824985,1784798824987,202,2.000,warm
3222,exp-warm-10000-003227-1bcb8e73,1784798824985,1784798824987,202,2.000,warm
3223,exp-warm-10000-003212-8e9bcfb2,1784798824986,1784798824986,202,0.000,warm
3224,exp-warm-10000-003216-3b4418f8,1784798824986,1784798824986,202,0.000,warm
3225,exp-warm-10000-003214-449e0e3c,1784798824986,1784798824986,202,0.000,warm
3226,exp-warm-10000-003218-39645a46,1784798824986,1784798824986,202,0.000,warm
3227,exp-warm-10000-003231-e2a3eae9,1784798824986,1784798824987,202,1.000,warm
3228,exp-warm-10000-003213-48778f31,1784798824986,1784798824987,202,1.000,warm
3229,exp-warm-10000-003226-95cb585a,1784798824986,1784798824987,202,1.000,warm
3230,exp-warm-10000-003232-40c2228c,1784798824986,1784798824987,202,1.000,warm
3231,exp-warm-10000-003241-34ea181f,1784798824986,1784798824988,202,2.000,warm
3232,exp-warm-10000-003234-686a2d25,1784798824986,1784798824988,202,2.000,warm
3233,exp-warm-10000-003229-69ed29a7,1784798824987,1784798824987,202,0.000,warm
3234,exp-warm-10000-003210-df58a6e1,1784798824987,1784798824987,202,0.000,warm
3235,exp-warm-10000-003240-94ccb733,1784798824987,1784798824988,202,1.000,warm
3236,exp-warm-10000-003235-6bfbf8d2,1784798824987,1784798824988,202,1.000,warm
3237,exp-warm-10000-003238-6decf12a,1784798824987,1784798824988,202,1.000,warm
3238,exp-warm-10000-003245-8d6c3714,1784798824987,1784798824989,202,2.000,warm
3239,exp-warm-10000-003247-417a9d29,1784798824987,1784798824989,202,2.000,warm
3240,exp-warm-10000-003236-f1ce5978,1784798824988,1784798824988,202,0.000,warm
3241,exp-warm-10000-003237-5ab5df30,1784798824988,1784798824988,202,0.000,warm
3242,exp-warm-10000-003233-e48c4ce6,1784798824988,1784798824988,202,0.000,warm
3243,exp-warm-10000-003242-126fa9ef,1784798824988,1784798824989,202,1.000,warm
3244,exp-warm-10000-003244-70db6084,1784798824988,1784798824989,202,1.000,warm
3245,exp-warm-10000-003239-0b20f131,1784798824988,1784798824988,202,0.000,warm
3246,exp-warm-10000-003246-e3111eff,1784798824988,1784798824989,202,1.000,warm
3247,exp-warm-10000-003243-8195957a,1784798824988,1784798824989,202,1.000,warm
3248,exp-warm-10000-003254-a4956ba0,1784798824988,1784798824990,202,2.000,warm
3249,exp-warm-10000-003253-1a70f7b8,1784798824989,1784798824990,202,1.000,warm
3250,exp-warm-10000-003252-c82a6708,1784798824989,1784798824990,202,1.000,warm
3251,exp-warm-10000-003249-87758326,1784798824989,1784798824990,202,1.000,warm
3252,exp-warm-10000-003250-b7426a48,1784798824989,1784798824990,202,1.000,warm
3253,exp-warm-10000-003251-c9407dbd,1784798824989,1784798824990,202,1.000,warm
3254,exp-warm-10000-003258-aa0c79c4,1784798824989,1784798824991,202,2.000,warm
3255,exp-warm-10000-003263-77df23ac,1784798824989,1784798824991,202,2.000,warm
3256,exp-warm-10000-003259-999e6f11,1784798824989,1784798824991,202,2.000,warm
3257,exp-warm-10000-003248-87fe125d,1784798824990,1784798824990,202,0.000,warm
3258,exp-warm-10000-003261-51a284f1,1784798824990,1784798824991,202,1.000,warm
3259,exp-warm-10000-003255-1b4cb6ed,1784798824990,1784798824991,202,1.000,warm
3260,exp-warm-10000-003264-01075edc,1784798824990,1784798824991,202,1.000,warm
3261,exp-warm-10000-003262-76940942,1784798824990,1784798824991,202,1.000,warm
3262,exp-warm-10000-003270-80b85bdf,1784798824990,1784798824992,202,2.000,warm
3263,exp-warm-10000-003257-234d9c54,1784798824991,1784798824991,202,0.000,warm
3264,exp-warm-10000-003256-36f9796f,1784798824991,1784798824991,202,0.000,warm
3265,exp-warm-10000-003260-04267d10,1784798824991,1784798824991,202,0.000,warm
3266,exp-warm-10000-003269-85bbe635,1784798824991,1784798824992,202,1.000,warm
3267,exp-warm-10000-003268-72e27b7c,1784798824991,1784798824992,202,1.000,warm
3268,exp-warm-10000-003267-e82a38d8,1784798824991,1784798824992,202,1.000,warm
3269,exp-warm-10000-003271-322288d0,1784798824991,1784798824992,202,1.000,warm
3270,exp-warm-10000-003265-84c7dbf9,1784798824991,1784798824992,202,1.000,warm
3271,exp-warm-10000-003266-0536d927,1784798824992,1784798824992,202,0.000,warm
3272,exp-warm-10000-003276-29f29bb9,1784798824992,1784798824993,202,1.000,warm
3273,exp-warm-10000-003279-09bfffe4,1784798824992,1784798824993,202,1.000,warm
3274,exp-warm-10000-003275-ebe28413,1784798824992,1784798824993,202,1.000,warm
3275,exp-warm-10000-003277-841d549f,1784798824992,1784798824993,202,1.000,warm
3276,exp-warm-10000-003281-c0d8954a,1784798824992,1784798824993,202,1.000,warm
3277,exp-warm-10000-003274-f0c76b9d,1784798824992,1784798824993,202,1.000,warm
3278,exp-warm-10000-003280-f3cf75cd,1784798824992,1784798824993,202,1.000,warm
3279,exp-warm-10000-003278-287dc54d,1784798824992,1784798824993,202,1.000,warm
3280,exp-warm-10000-003292-7dff0ddb,1784798824992,1784798824994,202,2.000,warm
3281,exp-warm-10000-003282-10c04253,1784798824992,1784798824994,202,2.000,warm
3282,exp-warm-10000-003298-10d70674,1784798824992,1784798824995,202,3.000,warm
3283,exp-warm-10000-003309-46135377,1784798824992,1784798824995,202,3.000,warm
3284,exp-warm-10000-003307-b719cc49,1784798824992,1784798824995,202,3.000,warm
3285,exp-warm-10000-003272-c7a4f049,1784798824993,1784798824993,202,0.000,warm
3286,exp-warm-10000-003273-d7b4a02f,1784798824993,1784798824993,202,0.000,warm
3287,exp-warm-10000-003291-327c2aa4,1784798824993,1784798824994,202,1.000,warm
3288,exp-warm-10000-003289-df030f72,1784798824993,1784798824994,202,1.000,warm
3289,exp-warm-10000-003296-7a9e4f86,1784798824993,1784798824994,202,1.000,warm
3290,exp-warm-10000-003284-9cba74ed,1784798824993,1784798824994,202,1.000,warm
3291,exp-warm-10000-003295-b9422dca,1784798824993,1784798824994,202,1.000,warm
3292,exp-warm-10000-003290-3d0bed0d,1784798824993,1784798824994,202,1.000,warm
3293,exp-warm-10000-003302-cce1817b,1784798824993,1784798824995,202,2.000,warm
3294,exp-warm-10000-003283-d0d6b072,1784798824994,1784798824994,202,0.000,warm
3295,exp-warm-10000-003286-e6056225,1784798824994,1784798824994,202,0.000,warm
3296,exp-warm-10000-003285-0f472aeb,1784798824994,1784798824994,202,0.000,warm
3297,exp-warm-10000-003288-f64bf52a,1784798824994,1784798824994,202,0.000,warm
3298,exp-warm-10000-003301-4df3a71b,1784798824994,1784798824995,202,1.000,warm
3299,exp-warm-10000-003308-c0c22fd0,1784798824994,1784798824995,202,1.000,warm
3300,exp-warm-10000-003305-78362a61,1784798824994,1784798824995,202,1.000,warm
3301,exp-warm-10000-003300-313097dd,1784798824994,1784798824995,202,1.000,warm
3302,exp-warm-10000-003303-18633b56,1784798824994,1784798824995,202,1.000,warm
3303,exp-warm-10000-003306-26d6acdc,1784798824994,1784798824995,202,1.000,warm
3304,exp-warm-10000-003287-6296f9a2,1784798824994,1784798824995,202,1.000,warm
3305,exp-warm-10000-003319-cbd9197f,1784798824994,1784798824996,202,2.000,warm
3306,exp-warm-10000-003316-8e4a3a0e,1784798824994,1784798824996,202,2.000,warm
3307,exp-warm-10000-003297-a262982d,1784798824995,1784798824995,202,0.000,warm
3308,exp-warm-10000-003294-e7b40d75,1784798824995,1784798824995,202,0.000,warm
3309,exp-warm-10000-003299-07bec502,1784798824995,1784798824995,202,0.000,warm
3310,exp-warm-10000-003293-69900b0f,1784798824995,1784798824995,202,0.000,warm
3311,exp-warm-10000-003304-d10f19a6,1784798824995,1784798824995,202,0.000,warm
3312,exp-warm-10000-003317-c580d80f,1784798824995,1784798824996,202,1.000,warm
3313,exp-warm-10000-003311-679378a0,1784798824995,1784798824996,202,1.000,warm
3314,exp-warm-10000-003318-497cd696,1784798824995,1784798824996,202,1.000,warm
3315,exp-warm-10000-003327-2f8d3b94,1784798824995,1784798824997,202,2.000,warm
3316,exp-warm-10000-003310-7ec3a7c6,1784798824996,1784798824996,202,0.000,warm
3317,exp-warm-10000-003313-ee850234,1784798824996,1784798824996,202,0.000,warm
3318,exp-warm-10000-003312-b8ffe44f,1784798824996,1784798824996,202,0.000,warm
3319,exp-warm-10000-003315-8e87a32b,1784798824996,1784798824996,202,0.000,warm
3320,exp-warm-10000-003314-76af4f59,1784798824996,1784798824996,202,0.000,warm
3321,exp-warm-10000-003326-fb81adac,1784798824996,1784798824997,202,1.000,warm
3322,exp-warm-10000-003328-6b714e3e,1784798824996,1784798824997,202,1.000,warm
3323,exp-warm-10000-003325-69087853,1784798824996,1784798824997,202,1.000,warm
3324,exp-warm-10000-003321-dd23ed62,1784798824996,1784798824997,202,1.000,warm
3325,exp-warm-10000-003320-6fde7cb6,1784798824997,1784798824997,202,0.000,warm
3326,exp-warm-10000-003323-27cbeac8,1784798824997,1784798824997,202,0.000,warm
3327,exp-warm-10000-003322-d808b149,1784798824997,1784798824997,202,0.000,warm
3328,exp-warm-10000-003324-d3a167fe,1784798824997,1784798824997,202,0.000,warm
3329,exp-warm-10000-003335-13f8511d,1784798824997,1784798824998,202,1.000,warm
3330,exp-warm-10000-003336-ea1d45ae,1784798824997,1784798824998,202,1.000,warm
3331,exp-warm-10000-003337-5b9aae62,1784798824997,1784798824998,202,1.000,warm
3332,exp-warm-10000-003329-e8524715,1784798824998,1784798824998,202,0.000,warm
3333,exp-warm-10000-003330-227e7137,1784798824998,1784798824998,202,0.000,warm
3334,exp-warm-10000-003332-094b08d3,1784798824998,1784798824998,202,0.000,warm
3335,exp-warm-10000-003333-8903e154,1784798824998,1784798824998,202,0.000,warm
3336,exp-warm-10000-003331-fb4d0d6b,1784798824998,1784798824998,202,0.000,warm
3337,exp-warm-10000-003334-d83904c5,1784798824998,1784798824998,202,0.000,warm
3338,exp-warm-10000-003345-92ffad41,1784798824998,1784798824999,202,1.000,warm
3339,exp-warm-10000-003344-526893a1,1784798824998,1784798824999,202,1.000,warm
3340,exp-warm-10000-003346-cf73aab1,1784798824998,1784798824999,202,1.000,warm
3341,exp-warm-10000-003343-c6da1a02,1784798824998,1784798824999,202,1.000,warm
3342,exp-warm-10000-003339-b8188803,1784798824998,1784798824999,202,1.000,warm
3343,exp-warm-10000-003349-f2773197,1784798824998,1784798824999,202,1.000,warm
3344,exp-warm-10000-003347-ba09bb3f,1784798824998,1784798824999,202,1.000,warm
3345,exp-warm-10000-003338-2108fe77,1784798824998,1784798824999,202,1.000,warm
3346,exp-warm-10000-003348-fe8547db,1784798824998,1784798824999,202,1.000,warm
3347,exp-warm-10000-003342-e27c4ba2,1784798824999,1784798824999,202,0.000,warm
3348,exp-warm-10000-003341-1dca3579,1784798824999,1784798824999,202,0.000,warm
3349,exp-warm-10000-003340-ab754b19,1784798824999,1784798824999,202,0.000,warm
3350,exp-warm-10000-003355-b2270bc7,1784798824999,1784798825000,202,1.000,warm
3351,exp-warm-10000-003350-bd7a11eb,1784798824999,1784798825000,202,1.000,warm
3352,exp-warm-10000-003358-13d34367,1784798824999,1784798825000,202,1.000,warm
3353,exp-warm-10000-003359-207697f7,1784798824999,1784798825000,202,1.000,warm
3354,exp-warm-10000-003357-7d5cb814,1784798824999,1784798825000,202,1.000,warm
3355,exp-warm-10000-003351-3aa94b6d,1784798824999,1784798825000,202,1.000,warm
3356,exp-warm-10000-003354-287bb5eb,1784798824999,1784798825000,202,1.000,warm
3357,exp-warm-10000-003361-9e34cc98,1784798824999,1784798825001,202,2.000,warm
3358,exp-warm-10000-003352-19f5ad17,1784798825000,1784798825000,202,0.000,warm
3359,exp-warm-10000-003353-3f668eeb,1784798825000,1784798825000,202,0.000,warm
3360,exp-warm-10000-003356-b8afc62c,1784798825000,1784798825000,202,0.000,warm
3361,exp-warm-10000-003363-4a6e2ec3,1784798825000,1784798825001,202,1.000,warm
3362,exp-warm-10000-003365-62ecdc6f,1784798825000,1784798825001,202,1.000,warm
3363,exp-warm-10000-003369-bd275af1,1784798825000,1784798825001,202,1.000,warm
3364,exp-warm-10000-003367-75893212,1784798825000,1784798825001,202,1.000,warm
3365,exp-warm-10000-003366-e8d29c8a,1784798825000,1784798825001,202,1.000,warm
3366,exp-warm-10000-003360-1d8c658e,1784798825001,1784798825001,202,0.000,warm
3367,exp-warm-10000-003362-65751687,1784798825001,1784798825001,202,0.000,warm
3368,exp-warm-10000-003364-a41b7889,1784798825001,1784798825001,202,0.000,warm
3369,exp-warm-10000-003377-515ce243,1784798825001,1784798825002,202,1.000,warm
3370,exp-warm-10000-003376-06797473,1784798825001,1784798825002,202,1.000,warm
3371,exp-warm-10000-003374-4b079fba,1784798825001,1784798825002,202,1.000,warm
3372,exp-warm-10000-003372-4fb02fe3,1784798825001,1784798825002,202,1.000,warm
3373,exp-warm-10000-003379-46a101dc,1784798825001,1784798825002,202,1.000,warm
3374,exp-warm-10000-003380-fe070a9b,1784798825001,1784798825002,202,1.000,warm
3375,exp-warm-10000-003381-e546b7fd,1784798825001,1784798825002,202,1.000,warm
3376,exp-warm-10000-003368-843ad1c3,1784798825001,1784798825002,202,1.000,warm
3377,exp-warm-10000-003378-e8500107,1784798825001,1784798825002,202,1.000,warm
3378,exp-warm-10000-003370-ad0dd6a5,1784798825001,1784798825002,202,1.000,warm
3379,exp-warm-10000-003386-4271e40b,1784798825001,1784798825003,202,2.000,warm
3380,exp-warm-10000-003397-d758d25a,1784798825001,1784798825005,202,4.000,warm
3381,exp-warm-10000-003371-22712b74,1784798825002,1784798825002,202,0.000,warm
3382,exp-warm-10000-003375-97c23e48,1784798825002,1784798825002,202,0.000,warm
3383,exp-warm-10000-003373-d2f9f4fa,1784798825002,1784798825002,202,0.000,warm
3384,exp-warm-10000-003384-d5bcbc6e,1784798825002,1784798825003,202,1.000,warm
3385,exp-warm-10000-003387-bce6dd56,1784798825002,1784798825003,202,1.000,warm
3386,exp-warm-10000-003382-681174d4,1784798825002,1784798825003,202,1.000,warm
3387,exp-warm-10000-003392-1dfc60db,1784798825002,1784798825004,202,2.000,warm
3388,exp-warm-10000-003385-f07380b4,1784798825002,1784798825004,202,2.000,warm
3389,exp-warm-10000-003424-daa9d081,1784798825002,1784798825007,202,5.000,warm
3390,exp-warm-10000-003383-b88321b2,1784798825003,1784798825003,202,0.000,warm
3391,exp-warm-10000-003391-3d2c4ed0,1784798825003,1784798825004,202,1.000,warm
3392,exp-warm-10000-003396-ce3ffdf3,1784798825003,1784798825004,202,1.000,warm
3393,exp-warm-10000-003394-f9fa829f,1784798825003,1784798825004,202,1.000,warm
3394,exp-warm-10000-003389-1d3a573a,1784798825003,1784798825004,202,1.000,warm
3395,exp-warm-10000-003406-b7f1082f,1784798825003,1784798825005,202,2.000,warm
3396,exp-warm-10000-003388-9e535e56,1784798825004,1784798825004,202,0.000,warm
3397,exp-warm-10000-003393-48b30d7f,1784798825004,1784798825004,202,0.000,warm
3398,exp-warm-10000-003395-693b8315,1784798825004,1784798825004,202,0.000,warm
3399,exp-warm-10000-003401-ab49e288,1784798825004,1784798825005,202,1.000,warm
3400,exp-warm-10000-003398-1f02021e,1784798825004,1784798825005,202,1.000,warm
3401,exp-warm-10000-003405-888fa9b7,1784798825004,1784798825005,202,1.000,warm
3402,exp-warm-10000-003403-98585a92,1784798825004,1784798825005,202,1.000,warm
3403,exp-warm-10000-003402-7102c76f,1784798825004,1784798825005,202,1.000,warm
3404,exp-warm-10000-003404-343d220a,1784798825004,1784798825005,202,1.000,warm
3405,exp-warm-10000-003411-8caac059,1784798825004,1784798825006,202,2.000,warm
3406,exp-warm-10000-003399-f3430b2f,1784798825005,1784798825005,202,0.000,warm
3407,exp-warm-10000-003400-1a0f53fe,1784798825005,1784798825005,202,0.000,warm
3408,exp-warm-10000-003408-a20bb324,1784798825005,1784798825006,202,1.000,warm
3409,exp-warm-10000-003412-0036208f,1784798825005,1784798825006,202,1.000,warm
3410,exp-warm-10000-003410-9f7e7b59,1784798825005,1784798825006,202,1.000,warm
3411,exp-warm-10000-003390-cbc0a5e3,1784798825005,1784798825006,202,1.000,warm
3412,exp-warm-10000-003425-ea842f2c,1784798825005,1784798825007,202,2.000,warm
3413,exp-warm-10000-003407-ef7a12dd,1784798825006,1784798825006,202,0.000,warm
3414,exp-warm-10000-003409-80a1fa62,1784798825006,1784798825006,202,0.000,warm
3415,exp-warm-10000-003417-93e62f7b,1784798825006,1784798825007,202,1.000,warm
3416,exp-warm-10000-003422-8ccc79bc,1784798825006,1784798825007,202,1.000,warm
3417,exp-warm-10000-003420-8a9249f0,1784798825006,1784798825007,202,1.000,warm
3418,exp-warm-10000-003423-6a328867,1784798825006,1784798825007,202,1.000,warm
3419,exp-warm-10000-003416-ad564c7e,1784798825006,1784798825007,202,1.000,warm
3420,exp-warm-10000-003419-5dcfae72,1784798825006,1784798825007,202,1.000,warm
3421,exp-warm-10000-003414-5f9d323b,1784798825006,1784798825007,202,1.000,warm
3422,exp-warm-10000-003434-6bb968fb,1784798825006,1784798825008,202,2.000,warm
3423,exp-warm-10000-003427-166d56cd,1784798825006,1784798825008,202,2.000,warm
3424,exp-warm-10000-003428-35476e8a,1784798825006,1784798825008,202,2.000,warm
3425,exp-warm-10000-003415-b0a45e55,1784798825007,1784798825007,202,0.000,warm
3426,exp-warm-10000-003413-1b3d1ba5,1784798825007,1784798825007,202,0.000,warm
3427,exp-warm-10000-003433-8161cb85,1784798825007,1784798825008,202,1.000,warm
3428,exp-warm-10000-003435-f3acc520,1784798825007,1784798825008,202,1.000,warm
3429,exp-warm-10000-003432-67b0c101,1784798825007,1784798825008,202,1.000,warm
3430,exp-warm-10000-003418-e1f2686c,1784798825007,1784798825008,202,1.000,warm
3431,exp-warm-10000-003421-2b18de44,1784798825007,1784798825008,202,1.000,warm
3432,exp-warm-10000-003440-3de3c920,1784798825007,1784798825009,202,2.000,warm
3433,exp-warm-10000-003454-d0169c70,1784798825007,1784798825010,202,3.000,warm
3434,exp-warm-10000-003426-de002bdb,1784798825008,1784798825008,202,0.000,warm
3435,exp-warm-10000-003430-b8e2e353,1784798825008,1784798825008,202,0.000,warm
3436,exp-warm-10000-003429-29a028d6,1784798825008,1784798825008,202,0.000,warm
3437,exp-warm-10000-003431-1f325ef8,1784798825008,1784798825008,202,0.000,warm
3438,exp-warm-10000-003442-a09677ba,1784798825008,1784798825009,202,1.000,warm
3439,exp-warm-10000-003441-e24affda,1784798825008,1784798825009,202,1.000,warm
3440,exp-warm-10000-003443-9fca7dd2,1784798825008,1784798825009,202,1.000,warm
3441,exp-warm-10000-003439-887677a0,1784798825008,1784798825009,202,1.000,warm
3442,exp-warm-10000-003444-7232a689,1784798825008,1784798825009,202,1.000,warm
3443,exp-warm-10000-003445-d6322de4,1784798825008,1784798825009,202,1.000,warm
3444,exp-warm-10000-003438-19a3de99,1784798825009,1784798825009,202,0.000,warm
3445,exp-warm-10000-003437-98faa9df,1784798825009,1784798825009,202,0.000,warm
3446,exp-warm-10000-003436-e025a584,1784798825009,1784798825009,202,0.000,warm
3447,exp-warm-10000-003452-0a738e8b,1784798825009,1784798825010,202,1.000,warm
3448,exp-warm-10000-003453-abbd060e,1784798825009,1784798825010,202,1.000,warm
3449,exp-warm-10000-003446-8bf3e7ea,1784798825009,1784798825010,202,1.000,warm
3450,exp-warm-10000-003451-52904ca1,1784798825009,1784798825010,202,1.000,warm
3451,exp-warm-10000-003447-24e26f64,1784798825009,1784798825010,202,1.000,warm
3452,exp-warm-10000-003461-b1a88d9f,1784798825009,1784798825011,202,2.000,warm
3453,exp-warm-10000-003449-dd2b838d,1784798825010,1784798825010,202,0.000,warm
3454,exp-warm-10000-003450-f7dc8482,1784798825010,1784798825010,202,0.000,warm
3455,exp-warm-10000-003448-d540f73b,1784798825010,1784798825010,202,0.000,warm
3456,exp-warm-10000-003459-8f724f1f,1784798825010,1784798825011,202,1.000,warm
3457,exp-warm-10000-003462-22a4b463,1784798825010,1784798825011,202,1.000,warm
3458,exp-warm-10000-003456-dac7e5ef,1784798825011,1784798825011,202,0.000,warm
3459,exp-warm-10000-003457-2cf16d1e,1784798825011,1784798825011,202,0.000,warm
3460,exp-warm-10000-003458-857a0925,1784798825011,1784798825011,202,0.000,warm
3461,exp-warm-10000-003455-33e3d321,1784798825011,1784798825011,202,0.000,warm
3462,exp-warm-10000-003460-623559ca,1784798825011,1784798825011,202,0.000,warm
3463,exp-warm-10000-003464-d9955b95,1784798825012,1784798825012,202,0.000,warm
3464,exp-warm-10000-003466-c8e6c0d5,1784798825012,1784798825012,202,0.000,warm
3465,exp-warm-10000-003463-55caa1a4,1784798825012,1784798825012,202,0.000,warm
3466,exp-warm-10000-003467-ea6dd3fa,1784798825012,1784798825012,202,0.000,warm
3467,exp-warm-10000-003468-ec06a641,1784798825012,1784798825012,202,0.000,warm
3468,exp-warm-10000-003465-c5596f9c,1784798825012,1784798825012,202,0.000,warm
3469,exp-warm-10000-003479-a3c51d41,1784798825012,1784798825013,202,1.000,warm
3470,exp-warm-10000-003476-7388fde8,1784798825012,1784798825013,202,1.000,warm
3471,exp-warm-10000-003477-25b3da6a,1784798825012,1784798825013,202,1.000,warm
3472,exp-warm-10000-003481-75e98785,1784798825012,1784798825013,202,1.000,warm
3473,exp-warm-10000-003474-816dd856,1784798825012,1784798825013,202,1.000,warm
3474,exp-warm-10000-003478-13adc76b,1784798825012,1784798825013,202,1.000,warm
3475,exp-warm-10000-003470-fd2def0a,1784798825012,1784798825013,202,1.000,warm
3476,exp-warm-10000-003475-e1192cda,1784798825012,1784798825013,202,1.000,warm
3477,exp-warm-10000-003485-02aef84e,1784798825012,1784798825014,202,2.000,warm
3478,exp-warm-10000-003469-550b21e4,1784798825013,1784798825013,202,0.000,warm
3479,exp-warm-10000-003471-ac5538d6,1784798825013,1784798825013,202,0.000,warm
3480,exp-warm-10000-003472-4ae95a85,1784798825013,1784798825013,202,0.000,warm
3481,exp-warm-10000-003486-6aea147e,1784798825013,1784798825014,202,1.000,warm
3482,exp-warm-10000-003487-086c2b25,1784798825013,1784798825014,202,1.000,warm
3483,exp-warm-10000-003488-983a96dc,1784798825013,1784798825014,202,1.000,warm
3484,exp-warm-10000-003473-dcf7a178,1784798825013,1784798825014,202,1.000,warm
3485,exp-warm-10000-003482-318c5ab6,1784798825013,1784798825014,202,1.000,warm
3486,exp-warm-10000-003484-fb487ef0,1784798825014,1784798825014,202,0.000,warm
3487,exp-warm-10000-003480-b8a8db1a,1784798825014,1784798825014,202,0.000,warm
3488,exp-warm-10000-003483-9e4a5e53,1784798825014,1784798825014,202,0.000,warm
3489,exp-warm-10000-003495-2dca9072,1784798825014,1784798825015,202,1.000,warm
3490,exp-warm-10000-003493-344b10ec,1784798825014,1784798825015,202,1.000,warm
3491,exp-warm-10000-003494-c6fb35c6,1784798825014,1784798825015,202,1.000,warm
3492,exp-warm-10000-003489-c0571daa,1784798825014,1784798825015,202,1.000,warm
3493,exp-warm-10000-003496-af9ca2c8,1784798825014,1784798825015,202,1.000,warm
3494,exp-warm-10000-003490-6b630856,1784798825015,1784798825015,202,0.000,warm
3495,exp-warm-10000-003492-58e56119,1784798825015,1784798825015,202,0.000,warm
3496,exp-warm-10000-003491-84b6af9a,1784798825015,1784798825015,202,0.000,warm
3497,exp-warm-10000-003499-e151829d,1784798825015,1784798825016,202,1.000,warm
3498,exp-warm-10000-003503-d78127ee,1784798825015,1784798825016,202,1.000,warm
3499,exp-warm-10000-003497-0e2afc47,1784798825015,1784798825016,202,1.000,warm
3500,exp-warm-10000-003505-6797d228,1784798825015,1784798825016,202,1.000,warm
3501,exp-warm-10000-003500-bb98473b,1784798825015,1784798825016,202,1.000,warm
3502,exp-warm-10000-003504-295d5594,1784798825015,1784798825016,202,1.000,warm
3503,exp-warm-10000-003502-b32187c3,1784798825015,1784798825016,202,1.000,warm
3504,exp-warm-10000-003498-5a7c6181,1784798825016,1784798825016,202,0.000,warm
3505,exp-warm-10000-003512-2548f537,1784798825016,1784798825017,202,1.000,warm
3506,exp-warm-10000-003510-d15acf7b,1784798825016,1784798825017,202,1.000,warm
3507,exp-warm-10000-003515-163c21e2,1784798825016,1784798825018,202,2.000,warm
3508,exp-warm-10000-003507-ae67c1a7,1784798825017,1784798825017,202,0.000,warm
3509,exp-warm-10000-003508-d889d214,1784798825017,1784798825017,202,0.000,warm
3510,exp-warm-10000-003509-65342c85,1784798825017,1784798825017,202,0.000,warm
3511,exp-warm-10000-003506-5ae4384d,1784798825017,1784798825017,202,0.000,warm
3512,exp-warm-10000-003501-14743c90,1784798825017,1784798825017,202,0.000,warm
3513,exp-warm-10000-003511-e0f194c2,1784798825017,1784798825017,202,0.000,warm
3514,exp-warm-10000-003517-c91524f7,1784798825017,1784798825018,202,1.000,warm
3515,exp-warm-10000-003516-a92a4155,1784798825017,1784798825018,202,1.000,warm
3516,exp-warm-10000-003514-4e523f10,1784798825018,1784798825018,202,0.000,warm
3517,exp-warm-10000-003513-93ebb0b3,1784798825018,1784798825018,202,0.000,warm
3518,exp-warm-10000-003523-445c4b36,1784798825018,1784798825019,202,1.000,warm
3519,exp-warm-10000-003520-8c38cf36,1784798825018,1784798825019,202,1.000,warm
3520,exp-warm-10000-003525-017d4f9c,1784798825018,1784798825019,202,1.000,warm
3521,exp-warm-10000-003524-75dcb644,1784798825018,1784798825019,202,1.000,warm
3522,exp-warm-10000-003518-edbd6004,1784798825018,1784798825019,202,1.000,warm
3523,exp-warm-10000-003528-8dca471b,1784798825018,1784798825020,202,2.000,warm
3524,exp-warm-10000-003521-2821ed35,1784798825019,1784798825019,202,0.000,warm
3525,exp-warm-10000-003522-b4923d02,1784798825019,1784798825019,202,0.000,warm
3526,exp-warm-10000-003519-332645b9,1784798825019,1784798825019,202,0.000,warm
3527,exp-warm-10000-003526-a79ce187,1784798825019,1784798825019,202,0.000,warm
3528,exp-warm-10000-003534-4b16a433,1784798825019,1784798825020,202,1.000,warm
3529,exp-warm-10000-003532-d5f07d4c,1784798825019,1784798825020,202,1.000,warm
3530,exp-warm-10000-003533-291492e7,1784798825019,1784798825020,202,1.000,warm
3531,exp-warm-10000-003537-b7120f9a,1784798825019,1784798825020,202,1.000,warm
3532,exp-warm-10000-003527-89cb3ea2,1784798825019,1784798825020,202,1.000,warm
3533,exp-warm-10000-003535-4c97a602,1784798825019,1784798825020,202,1.000,warm
3534,exp-warm-10000-003546-65ec9ab1,1784798825019,1784798825021,202,2.000,warm
3535,exp-warm-10000-003530-2eb46782,1784798825020,1784798825020,202,0.000,warm
3536,exp-warm-10000-003529-74f8fa18,1784798825020,1784798825020,202,0.000,warm
3537,exp-warm-10000-003531-cc992e6a,1784798825020,1784798825020,202,0.000,warm
3538,exp-warm-10000-003543-8d4219b0,1784798825020,1784798825021,202,1.000,warm
3539,exp-warm-10000-003542-6ad20cf9,1784798825020,1784798825021,202,1.000,warm
3540,exp-warm-10000-003545-7e638041,1784798825020,1784798825021,202,1.000,warm
3541,exp-warm-10000-003541-14765921,1784798825020,1784798825021,202,1.000,warm
3542,exp-warm-10000-003538-3d2086d0,1784798825021,1784798825021,202,0.000,warm
3543,exp-warm-10000-003540-b55d62a7,1784798825021,1784798825021,202,0.000,warm
3544,exp-warm-10000-003536-53fd33e0,1784798825021,1784798825021,202,0.000,warm
3545,exp-warm-10000-003539-3a82f08e,1784798825021,1784798825021,202,0.000,warm
3546,exp-warm-10000-003550-9e7950e2,1784798825021,1784798825022,202,1.000,warm
3547,exp-warm-10000-003553-59cfaa0c,1784798825021,1784798825022,202,1.000,warm
3548,exp-warm-10000-003554-c06b6a45,1784798825021,1784798825022,202,1.000,warm
3549,exp-warm-10000-003552-025eb909,1784798825021,1784798825022,202,1.000,warm
3550,exp-warm-10000-003547-9b23162d,1784798825022,1784798825022,202,0.000,warm
3551,exp-warm-10000-003544-1b71f104,1784798825022,1784798825022,202,0.000,warm
3552,exp-warm-10000-003549-d5a3e271,1784798825022,1784798825022,202,0.000,warm
3553,exp-warm-10000-003548-9b247267,1784798825022,1784798825022,202,0.000,warm
3554,exp-warm-10000-003551-5f29237c,1784798825022,1784798825022,202,0.000,warm
3555,exp-warm-10000-003562-f40bbdd3,1784798825022,1784798825023,202,1.000,warm
3556,exp-warm-10000-003561-3e054366,1784798825022,1784798825023,202,1.000,warm
3557,exp-warm-10000-003564-8025b37c,1784798825022,1784798825023,202,1.000,warm
3558,exp-warm-10000-003559-c4da5fc5,1784798825022,1784798825023,202,1.000,warm
3559,exp-warm-10000-003558-b9f6850e,1784798825022,1784798825023,202,1.000,warm
3560,exp-warm-10000-003567-a24de7ee,1784798825022,1784798825023,202,1.000,warm
3561,exp-warm-10000-003560-fa4825ad,1784798825022,1784798825023,202,1.000,warm
3562,exp-warm-10000-003565-e00e8c88,1784798825022,1784798825023,202,1.000,warm
3563,exp-warm-10000-003573-42de6fe7,1784798825022,1784798825024,202,2.000,warm
3564,exp-warm-10000-003566-95c1dcbe,1784798825022,1784798825024,202,2.000,warm
3565,exp-warm-10000-003576-f3503fa9,1784798825022,1784798825024,202,2.000,warm
3566,exp-warm-10000-003555-7e12af66,1784798825023,1784798825023,202,0.000,warm
3567,exp-warm-10000-003556-d5d6102f,1784798825023,1784798825023,202,0.000,warm
3568,exp-warm-10000-003557-cdcff48e,1784798825023,1784798825023,202,0.000,warm
3569,exp-warm-10000-003574-8a39e16e,1784798825023,1784798825024,202,1.000,warm
3570,exp-warm-10000-003563-1398e44a,1784798825023,1784798825024,202,1.000,warm
3571,exp-warm-10000-003575-9998b8c0,1784798825023,1784798825024,202,1.000,warm
3572,exp-warm-10000-003571-eff2c286,1784798825023,1784798825024,202,1.000,warm
3573,exp-warm-10000-003570-29295d9a,1784798825023,1784798825024,202,1.000,warm
3574,exp-warm-10000-003568-90aad56e,1784798825023,1784798825024,202,1.000,warm
3575,exp-warm-10000-003569-f3571318,1784798825024,1784798825024,202,0.000,warm
3576,exp-warm-10000-003572-4ec5c616,1784798825024,1784798825024,202,0.000,warm
3577,exp-warm-10000-003581-9baf7d25,1784798825024,1784798825025,202,1.000,warm
3578,exp-warm-10000-003584-151b5355,1784798825024,1784798825025,202,1.000,warm
3579,exp-warm-10000-003585-f2c2c9ba,1784798825024,1784798825025,202,1.000,warm
3580,exp-warm-10000-003582-fd45ca1e,1784798825024,1784798825025,202,1.000,warm
3581,exp-warm-10000-003579-87db11dc,1784798825024,1784798825025,202,1.000,warm
3582,exp-warm-10000-003580-d87a232a,1784798825025,1784798825025,202,0.000,warm
3583,exp-warm-10000-003583-3a0fcd31,1784798825025,1784798825025,202,0.000,warm
3584,exp-warm-10000-003578-4e8084a6,1784798825025,1784798825025,202,0.000,warm
3585,exp-warm-10000-003577-a77f215a,1784798825025,1784798825025,202,0.000,warm
3586,exp-warm-10000-003588-03c4c085,1784798825025,1784798825026,202,1.000,warm
3587,exp-warm-10000-003590-549d2463,1784798825025,1784798825026,202,1.000,warm
3588,exp-warm-10000-003594-c9f42a87,1784798825025,1784798825026,202,1.000,warm
3589,exp-warm-10000-003591-ca9059de,1784798825025,1784798825026,202,1.000,warm
3590,exp-warm-10000-003595-bb2a5699,1784798825025,1784798825026,202,1.000,warm
3591,exp-warm-10000-003593-ae5e7a9c,1784798825025,1784798825026,202,1.000,warm
3592,exp-warm-10000-003589-c26d8a47,1784798825025,1784798825026,202,1.000,warm
3593,exp-warm-10000-003592-de527a0c,1784798825025,1784798825026,202,1.000,warm
3594,exp-warm-10000-003606-852b1173,1784798825025,1784798825027,202,2.000,warm
3595,exp-warm-10000-003587-ee3ebcda,1784798825026,1784798825026,202,0.000,warm
3596,exp-warm-10000-003586-216478ac,1784798825026,1784798825026,202,0.000,warm
3597,exp-warm-10000-003599-966b8407,1784798825026,1784798825027,202,1.000,warm
3598,exp-warm-10000-003604-57df3fd7,1784798825026,1784798825027,202,1.000,warm
3599,exp-warm-10000-003605-1a792639,1784798825026,1784798825027,202,1.000,warm
3600,exp-warm-10000-003619-3006f359,1784798825026,1784798825028,202,2.000,warm
3601,exp-warm-10000-003620-4efa618f,1784798825026,1784798825028,202,2.000,warm
3602,exp-warm-10000-003597-5d3cf8a0,1784798825027,1784798825027,202,0.000,warm
3603,exp-warm-10000-003601-639211ed,1784798825027,1784798825027,202,0.000,warm
3604,exp-warm-10000-003598-664e4ede,1784798825027,1784798825027,202,0.000,warm
3605,exp-warm-10000-003602-c19e2dd0,1784798825027,1784798825027,202,0.000,warm
3606,exp-warm-10000-003600-684da97b,1784798825027,1784798825027,202,0.000,warm
3607,exp-warm-10000-003607-d3c97d8d,1784798825027,1784798825028,202,1.000,warm
3608,exp-warm-10000-003614-12a638d1,1784798825027,1784798825028,202,1.000,warm
3609,exp-warm-10000-003616-4f9729b4,1784798825027,1784798825028,202,1.000,warm
3610,exp-warm-10000-003618-39d1b28f,1784798825027,1784798825028,202,1.000,warm
3611,exp-warm-10000-003596-7585f207,1784798825027,1784798825028,202,1.000,warm
3612,exp-warm-10000-003617-94125714,1784798825027,1784798825028,202,1.000,warm
3613,exp-warm-10000-003611-583eeee6,1784798825027,1784798825028,202,1.000,warm
3614,exp-warm-10000-003610-8917d141,1784798825027,1784798825028,202,1.000,warm
3615,exp-warm-10000-003630-54803d9b,1784798825027,1784798825029,202,2.000,warm
3616,exp-warm-10000-003629-8d912d58,1784798825027,1784798825029,202,2.000,warm
3617,exp-warm-10000-003608-5a2e5b54,1784798825028,1784798825028,202,0.000,warm
3618,exp-warm-10000-003609-41ae49fe,1784798825028,1784798825028,202,0.000,warm
3619,exp-warm-10000-003612-890902f8,1784798825028,1784798825028,202,0.000,warm
3620,exp-warm-10000-003613-33f84d6b,1784798825028,1784798825028,202,0.000,warm
3621,exp-warm-10000-003615-82fa806c,1784798825028,1784798825028,202,0.000,warm
3622,exp-warm-10000-003603-9e26231d,1784798825028,1784798825029,202,1.000,warm
3623,exp-warm-10000-003633-6566b0f1,1784798825028,1784798825029,202,1.000,warm
3624,exp-warm-10000-003627-252e3397,1784798825028,1784798825029,202,1.000,warm
3625,exp-warm-10000-003625-6f2573e8,1784798825028,1784798825029,202,1.000,warm
3626,exp-warm-10000-003626-42464a20,1784798825028,1784798825029,202,1.000,warm
3627,exp-warm-10000-003632-0847ca92,1784798825028,1784798825029,202,1.000,warm
3628,exp-warm-10000-003643-6e319457,1784798825028,1784798825030,202,2.000,warm
3629,exp-warm-10000-003624-e96544ac,1784798825029,1784798825029,202,0.000,warm
3630,exp-warm-10000-003623-b2f4bbd0,1784798825029,1784798825029,202,0.000,warm
3631,exp-warm-10000-003622-58f09d9b,1784798825029,1784798825029,202,0.000,warm
3632,exp-warm-10000-003621-43d2bea2,1784798825029,1784798825029,202,0.000,warm
3633,exp-warm-10000-003628-0f374af0,1784798825029,1784798825029,202,0.000,warm
3634,exp-warm-10000-003639-be9db7d5,1784798825029,1784798825030,202,1.000,warm
3635,exp-warm-10000-003644-ce523411,1784798825029,1784798825030,202,1.000,warm
3636,exp-warm-10000-003636-88a36fef,1784798825029,1784798825030,202,1.000,warm
3637,exp-warm-10000-003635-c6554dda,1784798825029,1784798825030,202,1.000,warm
3638,exp-warm-10000-003646-07bfdbf8,1784798825029,1784798825030,202,1.000,warm
3639,exp-warm-10000-003638-4a5ba0d1,1784798825029,1784798825030,202,1.000,warm
3640,exp-warm-10000-003642-9c959242,1784798825029,1784798825030,202,1.000,warm
3641,exp-warm-10000-003631-ef66c8e2,1784798825029,1784798825030,202,1.000,warm
3642,exp-warm-10000-003641-4d9dd18f,1784798825029,1784798825030,202,1.000,warm
3643,exp-warm-10000-003656-425b928c,1784798825029,1784798825031,202,2.000,warm
3644,exp-warm-10000-003634-2cf88d90,1784798825030,1784798825030,202,0.000,warm
3645,exp-warm-10000-003637-23dabeaf,1784798825030,1784798825030,202,0.000,warm
3646,exp-warm-10000-003652-2cab09f1,1784798825030,1784798825031,202,1.000,warm
3647,exp-warm-10000-003655-1f421d6e,1784798825030,1784798825031,202,1.000,warm
3648,exp-warm-10000-003650-5f015712,1784798825030,1784798825031,202,1.000,warm
3649,exp-warm-10000-003653-55f3155f,1784798825030,1784798825031,202,1.000,warm
3650,exp-warm-10000-003654-38ff7849,1784798825030,1784798825031,202,1.000,warm
3651,exp-warm-10000-003647-b236a509,1784798825031,1784798825031,202,0.000,warm
3652,exp-warm-10000-003645-6a5f7932,1784798825031,1784798825031,202,0.000,warm
3653,exp-warm-10000-003648-185855b5,1784798825031,1784798825031,202,0.000,warm
3654,exp-warm-10000-003640-d8c6d2a8,1784798825031,1784798825031,202,0.000,warm
3655,exp-warm-10000-003649-ba9ab4db,1784798825031,1784798825031,202,0.000,warm
3656,exp-warm-10000-003651-955bd623,1784798825031,1784798825031,202,0.000,warm
3657,exp-warm-10000-003657-f8b2f93d,1784798825031,1784798825032,202,1.000,warm
3658,exp-warm-10000-003661-40d88bfe,1784798825031,1784798825032,202,1.000,warm
3659,exp-warm-10000-003664-b16a6b42,1784798825031,1784798825032,202,1.000,warm
3660,exp-warm-10000-003663-2a652886,1784798825031,1784798825032,202,1.000,warm
3661,exp-warm-10000-003660-c13e827e,1784798825031,1784798825032,202,1.000,warm
3662,exp-warm-10000-003669-0c545c69,1784798825031,1784798825032,202,1.000,warm
3663,exp-warm-10000-003667-3aad62f2,1784798825031,1784798825032,202,1.000,warm
3664,exp-warm-10000-003666-d8f6f3ea,1784798825031,1784798825032,202,1.000,warm
3665,exp-warm-10000-003665-b6fab6d5,1784798825031,1784798825032,202,1.000,warm
3666,exp-warm-10000-003668-75e202e7,1784798825031,1784798825032,202,1.000,warm
3667,exp-warm-10000-003659-0b3ac097,1784798825032,1784798825032,202,0.000,warm
3668,exp-warm-10000-003658-5e57b799,1784798825032,1784798825032,202,0.000,warm
3669,exp-warm-10000-003662-867c067e,1784798825032,1784798825032,202,0.000,warm
3670,exp-warm-10000-003674-68b9ab70,1784798825032,1784798825033,202,1.000,warm
3671,exp-warm-10000-003678-beff9268,1784798825032,1784798825033,202,1.000,warm
3672,exp-warm-10000-003672-b7193eee,1784798825032,1784798825033,202,1.000,warm
3673,exp-warm-10000-003676-7e6bf098,1784798825032,1784798825033,202,1.000,warm
3674,exp-warm-10000-003679-396cc9ab,1784798825032,1784798825033,202,1.000,warm
3675,exp-warm-10000-003673-b9e41045,1784798825032,1784798825033,202,1.000,warm
3676,exp-warm-10000-003675-8cd15267,1784798825032,1784798825033,202,1.000,warm
3677,exp-warm-10000-003677-d5b141d0,1784798825032,1784798825033,202,1.000,warm
3678,exp-warm-10000-003671-46a61c35,1784798825033,1784798825033,202,0.000,warm
3679,exp-warm-10000-003670-8b443372,1784798825033,1784798825033,202,0.000,warm
3680,exp-warm-10000-003687-b4556f95,1784798825033,1784798825034,202,1.000,warm
3681,exp-warm-10000-003682-0df84e65,1784798825033,1784798825034,202,1.000,warm
3682,exp-warm-10000-003689-874e584a,1784798825033,1784798825034,202,1.000,warm
3683,exp-warm-10000-003685-2bca6dbd,1784798825033,1784798825034,202,1.000,warm
3684,exp-warm-10000-003688-f61687af,1784798825033,1784798825034,202,1.000,warm
3685,exp-warm-10000-003686-d8cc668f,1784798825033,1784798825034,202,1.000,warm
3686,exp-warm-10000-003691-dc1e7dcb,1784798825033,1784798825034,202,1.000,warm
3687,exp-warm-10000-003684-d92f66e1,1784798825033,1784798825034,202,1.000,warm
3688,exp-warm-10000-003690-df478bd3,1784798825033,1784798825034,202,1.000,warm
3689,exp-warm-10000-003680-d827fc31,1784798825033,1784798825034,202,1.000,warm
3690,exp-warm-10000-003699-678ce02c,1784798825033,1784798825035,202,2.000,warm
3691,exp-warm-10000-003681-ba811429,1784798825034,1784798825034,202,0.000,warm
3692,exp-warm-10000-003683-426c3005,1784798825034,1784798825034,202,0.000,warm
3693,exp-warm-10000-003694-26f016b1,1784798825034,1784798825035,202,1.000,warm
3694,exp-warm-10000-003696-dfc61ed4,1784798825034,1784798825035,202,1.000,warm
3695,exp-warm-10000-003698-1e1ac42f,1784798825034,1784798825035,202,1.000,warm
3696,exp-warm-10000-003697-2627c268,1784798825034,1784798825035,202,1.000,warm
3697,exp-warm-10000-003693-dafed605,1784798825034,1784798825035,202,1.000,warm
3698,exp-warm-10000-003692-788dde74,1784798825035,1784798825035,202,0.000,warm
3699,exp-warm-10000-003695-9d4952d6,1784798825035,1784798825035,202,0.000,warm
3700,exp-warm-10000-003707-f16e58b4,1784798825035,1784798825036,202,1.000,warm
3701,exp-warm-10000-003702-e324ae70,1784798825035,1784798825036,202,1.000,warm
3702,exp-warm-10000-003706-340e1bdc,1784798825035,1784798825036,202,1.000,warm
3703,exp-warm-10000-003708-921eac5a,1784798825035,1784798825036,202,1.000,warm
3704,exp-warm-10000-003710-81feedb1,1784798825035,1784798825036,202,1.000,warm
3705,exp-warm-10000-003700-82506b93,1784798825036,1784798825036,202,0.000,warm
3706,exp-warm-10000-003701-d302ac8c,1784798825036,1784798825036,202,0.000,warm
3707,exp-warm-10000-003703-2808b064,1784798825036,1784798825036,202,0.000,warm
3708,exp-warm-10000-003705-2430a633,1784798825036,1784798825036,202,0.000,warm
3709,exp-warm-10000-003704-55e9d85b,1784798825036,1784798825036,202,0.000,warm
3710,exp-warm-10000-003719-3cc109ad,1784798825036,1784798825037,202,1.000,warm
3711,exp-warm-10000-003718-1c5b23f3,1784798825036,1784798825037,202,1.000,warm
3712,exp-warm-10000-003721-fdad0f52,1784798825036,1784798825037,202,1.000,warm
3713,exp-warm-10000-003720-3fc16cad,1784798825036,1784798825037,202,1.000,warm
3714,exp-warm-10000-003729-efe8a04a,1784798825036,1784798825038,202,2.000,warm
3715,exp-warm-10000-003713-66f372df,1784798825037,1784798825037,202,0.000,warm
3716,exp-warm-10000-003711-1a56462a,1784798825037,1784798825037,202,0.000,warm
3717,exp-warm-10000-003714-7b66e5bb,1784798825037,1784798825037,202,0.000,warm
3718,exp-warm-10000-003712-76c0af4a,1784798825037,1784798825037,202,0.000,warm
3719,exp-warm-10000-003709-1f9214a7,1784798825037,1784798825037,202,0.000,warm
3720,exp-warm-10000-003716-4c2773d1,1784798825037,1784798825037,202,0.000,warm
3721,exp-warm-10000-003717-845c619f,1784798825037,1784798825037,202,0.000,warm
3722,exp-warm-10000-003715-73520349,1784798825037,1784798825037,202,0.000,warm
3723,exp-warm-10000-003725-9ca0f3ac,1784798825037,1784798825038,202,1.000,warm
3724,exp-warm-10000-003733-8bf3a9ff,1784798825037,1784798825038,202,1.000,warm
3725,exp-warm-10000-003731-ddf5bd6e,1784798825037,1784798825038,202,1.000,warm
3726,exp-warm-10000-003734-ae711ca5,1784798825037,1784798825038,202,1.000,warm
3727,exp-warm-10000-003735-6e8534e3,1784798825037,1784798825038,202,1.000,warm
3728,exp-warm-10000-003732-43f441aa,1784798825037,1784798825038,202,1.000,warm
3729,exp-warm-10000-003744-7be2103e,1784798825037,1784798825039,202,2.000,warm
3730,exp-warm-10000-003722-a7ffdcf5,1784798825038,1784798825038,202,0.000,warm
3731,exp-warm-10000-003724-ca8acaec,1784798825038,1784798825038,202,0.000,warm
3732,exp-warm-10000-003726-12fc8f18,1784798825038,1784798825038,202,0.000,warm
3733,exp-warm-10000-003723-15cba09f,1784798825038,1784798825038,202,0.000,warm
3734,exp-warm-10000-003727-bf547549,1784798825038,1784798825038,202,0.000,warm
3735,exp-warm-10000-003728-aab1ed11,1784798825038,1784798825038,202,0.000,warm
3736,exp-warm-10000-003730-fd921cc2,1784798825038,1784798825038,202,0.000,warm
3737,exp-warm-10000-003742-b2064ab8,1784798825038,1784798825039,202,1.000,warm
3738,exp-warm-10000-003736-6e523f3c,1784798825038,1784798825039,202,1.000,warm
3739,exp-warm-10000-003741-c046f81f,1784798825038,1784798825039,202,1.000,warm
3740,exp-warm-10000-003745-24f8fc50,1784798825038,1784798825039,202,1.000,warm
3741,exp-warm-10000-003737-8eb120f4,1784798825038,1784798825039,202,1.000,warm
3742,exp-warm-10000-003738-fdaa6882,1784798825039,1784798825039,202,0.000,warm
3743,exp-warm-10000-003740-3c6670fd,1784798825039,1784798825039,202,0.000,warm
3744,exp-warm-10000-003739-31a37929,1784798825039,1784798825039,202,0.000,warm
3745,exp-warm-10000-003743-cfed027d,1784798825039,1784798825039,202,0.000,warm
3746,exp-warm-10000-003754-36240eea,1784798825039,1784798825040,202,1.000,warm
3747,exp-warm-10000-003753-0fa62316,1784798825039,1784798825040,202,1.000,warm
3748,exp-warm-10000-003757-6b60900c,1784798825039,1784798825040,202,1.000,warm
3749,exp-warm-10000-003755-d2c1c3fa,1784798825039,1784798825040,202,1.000,warm
3750,exp-warm-10000-003760-39cf1b20,1784798825039,1784798825040,202,1.000,warm
3751,exp-warm-10000-003759-aef92e99,1784798825039,1784798825040,202,1.000,warm
3752,exp-warm-10000-003761-8563045a,1784798825039,1784798825040,202,1.000,warm
3753,exp-warm-10000-003758-4c0e059c,1784798825039,1784798825040,202,1.000,warm
3754,exp-warm-10000-003748-34cd99c8,1784798825040,1784798825040,202,0.000,warm
3755,exp-warm-10000-003750-172821b6,1784798825040,1784798825040,202,0.000,warm
3756,exp-warm-10000-003746-cbde5d5a,1784798825040,1784798825040,202,0.000,warm
3757,exp-warm-10000-003747-cb49ecd7,1784798825040,1784798825040,202,0.000,warm
3758,exp-warm-10000-003751-22950a68,1784798825040,1784798825040,202,0.000,warm
3759,exp-warm-10000-003752-5e64c30b,1784798825040,1784798825040,202,0.000,warm
3760,exp-warm-10000-003749-6993dfb6,1784798825040,1784798825040,202,0.000,warm
3761,exp-warm-10000-003763-92febb25,1784798825040,1784798825041,202,1.000,warm
3762,exp-warm-10000-003766-1bcc2a1a,1784798825040,1784798825041,202,1.000,warm
3763,exp-warm-10000-003768-1a81c0c7,1784798825040,1784798825041,202,1.000,warm
3764,exp-warm-10000-003769-ccda682d,1784798825040,1784798825041,202,1.000,warm
3765,exp-warm-10000-003770-00bbff35,1784798825040,1784798825041,202,1.000,warm
3766,exp-warm-10000-003765-05e5c7f4,1784798825040,1784798825041,202,1.000,warm
3767,exp-warm-10000-003756-cb7e2cca,1784798825040,1784798825041,202,1.000,warm
3768,exp-warm-10000-003764-bb36708a,1784798825041,1784798825041,202,0.000,warm
3769,exp-warm-10000-003762-b0d30403,1784798825041,1784798825041,202,0.000,warm
3770,exp-warm-10000-003774-68315f6c,1784798825041,1784798825042,202,1.000,warm
3771,exp-warm-10000-003775-43f11e64,1784798825041,1784798825042,202,1.000,warm
3772,exp-warm-10000-003777-d2a54f15,1784798825041,1784798825042,202,1.000,warm
3773,exp-warm-10000-003771-17df75a9,1784798825041,1784798825042,202,1.000,warm
3774,exp-warm-10000-003778-c96d16b9,1784798825041,1784798825042,202,1.000,warm
3775,exp-warm-10000-003767-89336683,1784798825041,1784798825042,202,1.000,warm
3776,exp-warm-10000-003776-456a3312,1784798825041,1784798825042,202,1.000,warm
3777,exp-warm-10000-003789-32331268,1784798825041,1784798825043,202,2.000,warm
3778,exp-warm-10000-003772-d3e2a2e7,1784798825042,1784798825042,202,0.000,warm
3779,exp-warm-10000-003773-6e6733ed,1784798825042,1784798825042,202,0.000,warm
3780,exp-warm-10000-003785-ec75a77c,1784798825042,1784798825043,202,1.000,warm
3781,exp-warm-10000-003784-fb126783,1784798825042,1784798825043,202,1.000,warm
3782,exp-warm-10000-003791-7074a6d3,1784798825042,1784798825043,202,1.000,warm
3783,exp-warm-10000-003788-e40cc169,1784798825042,1784798825043,202,1.000,warm
3784,exp-warm-10000-003786-4a445856,1784798825042,1784798825043,202,1.000,warm
3785,exp-warm-10000-003790-9db18042,1784798825042,1784798825043,202,1.000,warm
3786,exp-warm-10000-003787-c4dacdc2,1784798825042,1784798825043,202,1.000,warm
3787,exp-warm-10000-003803-e1df53b9,1784798825042,1784798825044,202,2.000,warm
3788,exp-warm-10000-003781-64170bd5,1784798825043,1784798825043,202,0.000,warm
3789,exp-warm-10000-003782-d16b272d,1784798825043,1784798825043,202,0.000,warm
3790,exp-warm-10000-003779-c0a4d36c,1784798825043,1784798825043,202,0.000,warm
3791,exp-warm-10000-003780-9c0dae2c,1784798825043,1784798825043,202,0.000,warm
3792,exp-warm-10000-003783-ace48470,1784798825043,1784798825043,202,0.000,warm
3793,exp-warm-10000-003797-04036ab9,1784798825043,1784798825044,202,1.000,warm
3794,exp-warm-10000-003792-c165b365,1784798825043,1784798825044,202,1.000,warm
3795,exp-warm-10000-003794-5bc72271,1784798825043,1784798825044,202,1.000,warm
3796,exp-warm-10000-003801-20854f22,1784798825043,1784798825044,202,1.000,warm
3797,exp-warm-10000-003800-42c222c2,1784798825043,1784798825044,202,1.000,warm
3798,exp-warm-10000-003799-e103ceaa,1784798825043,1784798825044,202,1.000,warm
3799,exp-warm-10000-003793-dee66565,1784798825044,1784798825044,202,0.000,warm
3800,exp-warm-10000-003796-48d0fba3,1784798825044,1784798825044,202,0.000,warm
3801,exp-warm-10000-003795-dbf59c39,1784798825044,1784798825044,202,0.000,warm
3802,exp-warm-10000-003798-d5c9199d,1784798825044,1784798825044,202,0.000,warm
3803,exp-warm-10000-003808-ac82e7c9,1784798825044,1784798825045,202,1.000,warm
3804,exp-warm-10000-003810-a158dc43,1784798825044,1784798825045,202,1.000,warm
3805,exp-warm-10000-003805-9df778a9,1784798825044,1784798825045,202,1.000,warm
3806,exp-warm-10000-003813-a589cdec,1784798825044,1784798825045,202,1.000,warm
3807,exp-warm-10000-003811-52bbb821,1784798825044,1784798825045,202,1.000,warm
3808,exp-warm-10000-003815-cc1b6845,1784798825044,1784798825045,202,1.000,warm
3809,exp-warm-10000-003812-bd22b645,1784798825044,1784798825045,202,1.000,warm
3810,exp-warm-10000-003819-51cbce68,1784798825044,1784798825046,202,2.000,warm
3811,exp-warm-10000-003807-bffde28d,1784798825045,1784798825045,202,0.000,warm
3812,exp-warm-10000-003806-2bef1d45,1784798825045,1784798825045,202,0.000,warm
3813,exp-warm-10000-003804-9036f69f,1784798825045,1784798825045,202,0.000,warm
3814,exp-warm-10000-003809-29d49ecf,1784798825045,1784798825045,202,0.000,warm
3815,exp-warm-10000-003802-86993bd3,1784798825045,1784798825045,202,0.000,warm
3816,exp-warm-10000-003818-7a6dad0d,1784798825045,1784798825046,202,1.000,warm
3817,exp-warm-10000-003814-8486225c,1784798825045,1784798825046,202,1.000,warm
3818,exp-warm-10000-003828-940c4e40,1784798825045,1784798825046,202,1.000,warm
3819,exp-warm-10000-003827-7462cb03,1784798825045,1784798825046,202,1.000,warm
3820,exp-warm-10000-003826-7c419935,1784798825045,1784798825046,202,1.000,warm
3821,exp-warm-10000-003829-33054d18,1784798825045,1784798825046,202,1.000,warm
3822,exp-warm-10000-003830-06c26125,1784798825045,1784798825046,202,1.000,warm
3823,exp-warm-10000-003831-208786b2,1784798825045,1784798825047,202,2.000,warm
3824,exp-warm-10000-003816-51d498f6,1784798825046,1784798825046,202,0.000,warm
3825,exp-warm-10000-003817-c26b60e2,1784798825046,1784798825046,202,0.000,warm
3826,exp-warm-10000-003820-bc050e18,1784798825046,1784798825046,202,0.000,warm
3827,exp-warm-10000-003823-6005b2f6,1784798825046,1784798825046,202,0.000,warm
3828,exp-warm-10000-003824-f96e5655,1784798825046,1784798825046,202,0.000,warm
3829,exp-warm-10000-003822-2e23edbf,1784798825046,1784798825046,202,0.000,warm
3830,exp-warm-10000-003825-1e04d9c0,1784798825046,1784798825046,202,0.000,warm
3831,exp-warm-10000-003821-fbb4b2fe,1784798825046,1784798825046,202,0.000,warm
3832,exp-warm-10000-003836-8dc25a19,1784798825046,1784798825047,202,1.000,warm
3833,exp-warm-10000-003840-af44efcd,1784798825046,1784798825047,202,1.000,warm
3834,exp-warm-10000-003838-d73a0f6e,1784798825046,1784798825047,202,1.000,warm
3835,exp-warm-10000-003843-76511e85,1784798825046,1784798825047,202,1.000,warm
3836,exp-warm-10000-003839-ea2734f6,1784798825046,1784798825047,202,1.000,warm
3837,exp-warm-10000-003842-deadc487,1784798825046,1784798825047,202,1.000,warm
3838,exp-warm-10000-003844-ef4172a9,1784798825046,1784798825047,202,1.000,warm
3839,exp-warm-10000-003845-6db83276,1784798825046,1784798825047,202,1.000,warm
3840,exp-warm-10000-003846-61cc5a6a,1784798825046,1784798825047,202,1.000,warm
3841,exp-warm-10000-003841-23ea4b98,1784798825046,1784798825047,202,1.000,warm
3842,exp-warm-10000-003855-fc3fd58a,1784798825046,1784798825048,202,2.000,warm
3843,exp-warm-10000-003835-6e9f3c7a,1784798825047,1784798825047,202,0.000,warm
3844,exp-warm-10000-003833-2c857993,1784798825047,1784798825047,202,0.000,warm
3845,exp-warm-10000-003832-8c77ed0c,1784798825047,1784798825047,202,0.000,warm
3846,exp-warm-10000-003834-0fcc5714,1784798825047,1784798825047,202,0.000,warm
3847,exp-warm-10000-003837-62a8132a,1784798825047,1784798825047,202,0.000,warm
3848,exp-warm-10000-003856-acbd9d8a,1784798825047,1784798825048,202,1.000,warm
3849,exp-warm-10000-003857-e3081d21,1784798825047,1784798825048,202,1.000,warm
3850,exp-warm-10000-003854-9cf079e0,1784798825047,1784798825048,202,1.000,warm
3851,exp-warm-10000-003850-0dd9a3e6,1784798825047,1784798825048,202,1.000,warm
3852,exp-warm-10000-003853-482a059f,1784798825047,1784798825048,202,1.000,warm
3853,exp-warm-10000-003879-9e4e26d7,1784798825047,1784798825050,202,3.000,warm
3854,exp-warm-10000-003848-4ac4a216,1784798825048,1784798825048,202,0.000,warm
3855,exp-warm-10000-003849-642ea13a,1784798825048,1784798825048,202,0.000,warm
3856,exp-warm-10000-003851-c6151a50,1784798825048,1784798825048,202,0.000,warm
3857,exp-warm-10000-003847-ecdc39d3,1784798825048,1784798825048,202,0.000,warm
3858,exp-warm-10000-003852-43530ddb,1784798825048,1784798825048,202,0.000,warm
3859,exp-warm-10000-003866-cecc867f,1784798825048,1784798825049,202,1.000,warm
3860,exp-warm-10000-003865-c10f8e91,1784798825048,1784798825049,202,1.000,warm
3861,exp-warm-10000-003868-4bd403a6,1784798825048,1784798825049,202,1.000,warm
3862,exp-warm-10000-003864-25c4c3db,1784798825048,1784798825049,202,1.000,warm
3863,exp-warm-10000-003859-f2aae488,1784798825048,1784798825049,202,1.000,warm
3864,exp-warm-10000-003860-1c2e1f9f,1784798825048,1784798825049,202,1.000,warm
3865,exp-warm-10000-003858-57525a7f,1784798825048,1784798825049,202,1.000,warm
3866,exp-warm-10000-003867-ddc9d999,1784798825048,1784798825049,202,1.000,warm
3867,exp-warm-10000-003877-86b63b72,1784798825048,1784798825050,202,2.000,warm
3868,exp-warm-10000-003898-a9b17c01,1784798825048,1784798825052,202,4.000,warm
3869,exp-warm-10000-003861-7ad33139,1784798825049,1784798825049,202,0.000,warm
3870,exp-warm-10000-003862-2febc76e,1784798825049,1784798825049,202,0.000,warm
3871,exp-warm-10000-003863-8d49c1ad,1784798825049,1784798825049,202,0.000,warm
3872,exp-warm-10000-003875-8a64b623,1784798825049,1784798825050,202,1.000,warm
3873,exp-warm-10000-003881-bedcaa45,1784798825049,1784798825050,202,1.000,warm
3874,exp-warm-10000-003878-a492f427,1784798825049,1784798825050,202,1.000,warm
3875,exp-warm-10000-003876-cdc129cd,1784798825049,1784798825050,202,1.000,warm
3876,exp-warm-10000-003882-797076a8,1784798825049,1784798825050,202,1.000,warm
3877,exp-warm-10000-003880-aa834446,1784798825049,1784798825050,202,1.000,warm
3878,exp-warm-10000-003886-b73d78bc,1784798825049,1784798825051,202,2.000,warm
3879,exp-warm-10000-003871-58ddc28b,1784798825050,1784798825050,202,0.000,warm
3880,exp-warm-10000-003872-a2c81923,1784798825050,1784798825050,202,0.000,warm
3881,exp-warm-10000-003869-3096f573,1784798825050,1784798825050,202,0.000,warm
3882,exp-warm-10000-003870-94edda3f,1784798825050,1784798825050,202,0.000,warm
3883,exp-warm-10000-003873-73b56968,1784798825050,1784798825050,202,0.000,warm
3884,exp-warm-10000-003874-7b276ec1,1784798825050,1784798825050,202,0.000,warm
3885,exp-warm-10000-003889-60e5c3c1,1784798825050,1784798825051,202,1.000,warm
3886,exp-warm-10000-003891-14059e3a,1784798825050,1784798825051,202,1.000,warm
3887,exp-warm-10000-003887-934e5681,1784798825050,1784798825051,202,1.000,warm
3888,exp-warm-10000-003892-ef5b8e34,1784798825050,1784798825051,202,1.000,warm
3889,exp-warm-10000-003893-403d7bcc,1784798825050,1784798825051,202,1.000,warm
3890,exp-warm-10000-003883-c7166fd8,1784798825050,1784798825051,202,1.000,warm
3891,exp-warm-10000-003885-55cfafd3,1784798825050,1784798825051,202,1.000,warm
3892,exp-warm-10000-003894-cc038f37,1784798825050,1784798825052,202,2.000,warm
3893,exp-warm-10000-003884-57116c3c,1784798825051,1784798825051,202,0.000,warm
3894,exp-warm-10000-003890-f0118ce9,1784798825051,1784798825051,202,0.000,warm
3895,exp-warm-10000-003900-97a7a45e,1784798825051,1784798825052,202,1.000,warm
3896,exp-warm-10000-003904-ee400d36,1784798825051,1784798825052,202,1.000,warm
3897,exp-warm-10000-003902-b0ef13b4,1784798825051,1784798825052,202,1.000,warm
3898,exp-warm-10000-003897-9c104b51,1784798825051,1784798825052,202,1.000,warm
3899,exp-warm-10000-003903-fb8e88b1,1784798825051,1784798825052,202,1.000,warm
3900,exp-warm-10000-003912-50adaa65,1784798825051,1784798825053,202,2.000,warm
3901,exp-warm-10000-003896-cd8dc5d7,1784798825052,1784798825052,202,0.000,warm
3902,exp-warm-10000-003895-9b937a16,1784798825052,1784798825052,202,0.000,warm
3903,exp-warm-10000-003888-d90b9f5c,1784798825052,1784798825052,202,0.000,warm
3904,exp-warm-10000-003899-12f5edb8,1784798825052,1784798825052,202,0.000,warm
3905,exp-warm-10000-003901-0ad313c5,1784798825052,1784798825052,202,0.000,warm
3906,exp-warm-10000-003913-270cfbf7,1784798825052,1784798825053,202,1.000,warm
3907,exp-warm-10000-003909-238de9fe,1784798825052,1784798825053,202,1.000,warm
3908,exp-warm-10000-003915-de1bf87f,1784798825052,1784798825053,202,1.000,warm
3909,exp-warm-10000-003918-bb600a8e,1784798825052,1784798825053,202,1.000,warm
3910,exp-warm-10000-003917-6734faf4,1784798825052,1784798825053,202,1.000,warm
3911,exp-warm-10000-003914-1844ef24,1784798825052,1784798825053,202,1.000,warm
3912,exp-warm-10000-003916-fc890b15,1784798825052,1784798825053,202,1.000,warm
3913,exp-warm-10000-003925-f4275851,1784798825052,1784798825054,202,2.000,warm
3914,exp-warm-10000-003908-d34b69d7,1784798825053,1784798825053,202,0.000,warm
3915,exp-warm-10000-003906-3b816786,1784798825053,1784798825053,202,0.000,warm
3916,exp-warm-10000-003907-a7d026db,1784798825053,1784798825053,202,0.000,warm
3917,exp-warm-10000-003911-70e62dcf,1784798825053,1784798825053,202,0.000,warm
3918,exp-warm-10000-003905-40ac5d25,1784798825053,1784798825053,202,0.000,warm
3919,exp-warm-10000-003910-6ebf18ac,1784798825053,1784798825053,202,0.000,warm
3920,exp-warm-10000-003926-ceaa21cc,1784798825053,1784798825054,202,1.000,warm
3921,exp-warm-10000-003927-4b01b9bb,1784798825053,1784798825054,202,1.000,warm
3922,exp-warm-10000-003931-4732c68e,1784798825053,1784798825054,202,1.000,warm
3923,exp-warm-10000-003929-3d4d1e67,1784798825053,1784798825054,202,1.000,warm
3924,exp-warm-10000-003928-189cace9,1784798825053,1784798825054,202,1.000,warm
3925,exp-warm-10000-003933-936f4c69,1784798825053,1784798825054,202,1.000,warm
3926,exp-warm-10000-003930-56d8586d,1784798825053,1784798825054,202,1.000,warm
3927,exp-warm-10000-003921-e893cdc4,1784798825053,1784798825054,202,1.000,warm
3928,exp-warm-10000-003920-4a1b6e0b,1784798825054,1784798825054,202,0.000,warm
3929,exp-warm-10000-003922-4868584b,1784798825054,1784798825054,202,0.000,warm
3930,exp-warm-10000-003919-8539fa8b,1784798825054,1784798825054,202,0.000,warm
3931,exp-warm-10000-003924-2c7662a5,1784798825054,1784798825054,202,0.000,warm
3932,exp-warm-10000-003923-30dbe7bb,1784798825054,1784798825054,202,0.000,warm
3933,exp-warm-10000-003940-2e2d71b8,1784798825054,1784798825055,202,1.000,warm
3934,exp-warm-10000-003935-1df769d1,1784798825054,1784798825055,202,1.000,warm
3935,exp-warm-10000-003943-66b205d0,1784798825054,1784798825055,202,1.000,warm
3936,exp-warm-10000-003934-386c17fe,1784798825054,1784798825055,202,1.000,warm
3937,exp-warm-10000-003941-c1dbd2d5,1784798825054,1784798825055,202,1.000,warm
3938,exp-warm-10000-003939-12fa7100,1784798825054,1784798825055,202,1.000,warm
3939,exp-warm-10000-003938-812d2182,1784798825054,1784798825055,202,1.000,warm
3940,exp-warm-10000-003932-615c0224,1784798825055,1784798825055,202,0.000,warm
3941,exp-warm-10000-003936-a2ca3fb3,1784798825055,1784798825055,202,0.000,warm
3942,exp-warm-10000-003937-bfd0569b,1784798825055,1784798825056,202,1.000,warm
3943,exp-warm-10000-003952-c818da4b,1784798825055,1784798825056,202,1.000,warm
3944,exp-warm-10000-003949-655e9c63,1784798825055,1784798825056,202,1.000,warm
3945,exp-warm-10000-003950-0ec6ef82,1784798825055,1784798825056,202,1.000,warm
3946,exp-warm-10000-003944-b2571952,1784798825055,1784798825056,202,1.000,warm
3947,exp-warm-10000-003946-0716acb6,1784798825056,1784798825056,202,0.000,warm
3948,exp-warm-10000-003948-80b19ac3,1784798825056,1784798825056,202,0.000,warm
3949,exp-warm-10000-003945-ab6e9c2b,1784798825056,1784798825056,202,0.000,warm
3950,exp-warm-10000-003947-fa6fdbd1,1784798825056,1784798825056,202,0.000,warm
3951,exp-warm-10000-003942-88ad0c44,1784798825056,1784798825056,202,0.000,warm
3952,exp-warm-10000-003963-3fb03dd8,1784798825056,1784798825057,202,1.000,warm
3953,exp-warm-10000-003962-70ac44a6,1784798825056,1784798825057,202,1.000,warm
3954,exp-warm-10000-003956-b7a419f9,1784798825056,1784798825057,202,1.000,warm
3955,exp-warm-10000-003961-d0b82ca5,1784798825056,1784798825057,202,1.000,warm
3956,exp-warm-10000-003954-bb1ce5b9,1784798825056,1784798825057,202,1.000,warm
3957,exp-warm-10000-003964-75552d8f,1784798825056,1784798825057,202,1.000,warm
3958,exp-warm-10000-003965-54925260,1784798825056,1784798825057,202,1.000,warm
3959,exp-warm-10000-003953-da4eca30,1784798825057,1784798825057,202,0.000,warm
3960,exp-warm-10000-003955-1ac2d25b,1784798825057,1784798825057,202,0.000,warm
3961,exp-warm-10000-003958-f8216b30,1784798825057,1784798825057,202,0.000,warm
3962,exp-warm-10000-003957-cc81c2e8,1784798825057,1784798825057,202,0.000,warm
3963,exp-warm-10000-003951-b86770bc,1784798825057,1784798825057,202,0.000,warm
3964,exp-warm-10000-003959-6ce24591,1784798825057,1784798825057,202,0.000,warm
3965,exp-warm-10000-003960-07d09995,1784798825057,1784798825057,202,0.000,warm
3966,exp-warm-10000-003971-e7bfe7a5,1784798825057,1784798825058,202,1.000,warm
3967,exp-warm-10000-003967-8465408f,1784798825057,1784798825058,202,1.000,warm
3968,exp-warm-10000-003966-d1370f7d,1784798825057,1784798825058,202,1.000,warm
3969,exp-warm-10000-003973-0ae164df,1784798825057,1784798825058,202,1.000,warm
3970,exp-warm-10000-003972-fd32c222,1784798825057,1784798825058,202,1.000,warm
3971,exp-warm-10000-003978-e7725e47,1784798825057,1784798825059,202,2.000,warm
3972,exp-warm-10000-003986-fb2ea25d,1784798825057,1784798825059,202,2.000,warm
3973,exp-warm-10000-003970-6d6c1a70,1784798825058,1784798825058,202,0.000,warm
3974,exp-warm-10000-003968-b2c1f303,1784798825058,1784798825058,202,0.000,warm
3975,exp-warm-10000-003969-37b53b6a,1784798825058,1784798825058,202,0.000,warm
3976,exp-warm-10000-003975-f453f73a,1784798825058,1784798825059,202,1.000,warm
3977,exp-warm-10000-003984-5b8be702,1784798825058,1784798825059,202,1.000,warm
3978,exp-warm-10000-003985-b1cf8353,1784798825058,1784798825059,202,1.000,warm
3979,exp-warm-10000-003983-9e8071d6,1784798825058,1784798825059,202,1.000,warm
3980,exp-warm-10000-003974-a2a66971,1784798825058,1784798825059,202,1.000,warm
3981,exp-warm-10000-003977-90f5cab2,1784798825058,1784798825059,202,1.000,warm
3982,exp-warm-10000-003989-9e608948,1784798825058,1784798825059,202,1.000,warm
3983,exp-warm-10000-003988-32300afc,1784798825058,1784798825060,202,2.000,warm
3984,exp-warm-10000-003976-c47b8487,1784798825059,1784798825059,202,0.000,warm
3985,exp-warm-10000-003979-513beef7,1784798825059,1784798825059,202,0.000,warm
3986,exp-warm-10000-003980-9305e805,1784798825059,1784798825059,202,0.000,warm
3987,exp-warm-10000-003981-0cea2d1d,1784798825059,1784798825059,202,0.000,warm
3988,exp-warm-10000-003994-36622b2c,1784798825059,1784798825060,202,1.000,warm
3989,exp-warm-10000-003998-1d3c822c,1784798825059,1784798825060,202,1.000,warm
3990,exp-warm-10000-003999-4d3de782,1784798825059,1784798825060,202,1.000,warm
3991,exp-warm-10000-003996-b0880efe,1784798825059,1784798825060,202,1.000,warm
3992,exp-warm-10000-003995-8eda4a85,1784798825059,1784798825060,202,1.000,warm
3993,exp-warm-10000-003990-db83598b,1784798825060,1784798825060,202,0.000,warm
3994,exp-warm-10000-003991-c6f76c2c,1784798825060,1784798825060,202,0.000,warm
3995,exp-warm-10000-003987-20a04c69,1784798825060,1784798825060,202,0.000,warm
3996,exp-warm-10000-003982-6b37b8de,1784798825060,1784798825060,202,0.000,warm
3997,exp-warm-10000-003992-beb11e11,1784798825060,1784798825060,202,0.000,warm
3998,exp-warm-10000-003993-8ff714e3,1784798825060,1784798825060,202,0.000,warm
3999,exp-warm-10000-004009-4b8c320d,1784798825060,1784798825061,202,1.000,warm
4000,exp-warm-10000-004004-403b0ce7,1784798825060,1784798825061,202,1.000,warm
4001,exp-warm-10000-004012-a9d6a6e0,1784798825060,1784798825061,202,1.000,warm
4002,exp-warm-10000-004010-dce26a06,1784798825060,1784798825061,202,1.000,warm
4003,exp-warm-10000-004013-0ce3491f,1784798825060,1784798825061,202,1.000,warm
4004,exp-warm-10000-004011-8c5b835b,1784798825060,1784798825061,202,1.000,warm
4005,exp-warm-10000-004005-502f8bfa,1784798825060,1784798825061,202,1.000,warm
4006,exp-warm-10000-004007-936d2b8b,1784798825060,1784798825061,202,1.000,warm
4007,exp-warm-10000-004014-fb7b8688,1784798825060,1784798825061,202,1.000,warm
4008,exp-warm-10000-004008-51e7be62,1784798825060,1784798825061,202,1.000,warm
4009,exp-warm-10000-004015-b95a5868,1784798825060,1784798825061,202,1.000,warm
4010,exp-warm-10000-004002-c44dcdb4,1784798825061,1784798825061,202,0.000,warm
4011,exp-warm-10000-004006-b9bce9b7,1784798825061,1784798825061,202,0.000,warm
4012,exp-warm-10000-004003-31790a3b,1784798825061,1784798825061,202,0.000,warm
4013,exp-warm-10000-004001-b78af9cd,1784798825061,1784798825061,202,0.000,warm
4014,exp-warm-10000-004000-6c598a44,1784798825061,1784798825061,202,0.000,warm
4015,exp-warm-10000-003997-e63924af,1784798825061,1784798825061,202,0.000,warm
4016,exp-warm-10000-004016-f39bd2ed,1784798825061,1784798825062,202,1.000,warm
4017,exp-warm-10000-004022-ff06ff31,1784798825061,1784798825062,202,1.000,warm
4018,exp-warm-10000-004024-47ea2308,1784798825061,1784798825062,202,1.000,warm
4019,exp-warm-10000-004025-723f9919,1784798825061,1784798825062,202,1.000,warm
4020,exp-warm-10000-004023-897d7b9a,1784798825061,1784798825062,202,1.000,warm
4021,exp-warm-10000-004021-d1285bae,1784798825061,1784798825062,202,1.000,warm
4022,exp-warm-10000-004026-b7d9336e,1784798825061,1784798825062,202,1.000,warm
4023,exp-warm-10000-004019-64a6f10b,1784798825061,1784798825062,202,1.000,warm
4024,exp-warm-10000-004017-1853500f,1784798825062,1784798825062,202,0.000,warm
4025,exp-warm-10000-004018-fd57c22a,1784798825062,1784798825062,202,0.000,warm
4026,exp-warm-10000-004020-9ca7dded,1784798825062,1784798825062,202,0.000,warm
4027,exp-warm-10000-004033-16204972,1784798825062,1784798825063,202,1.000,warm
4028,exp-warm-10000-004029-44229f37,1784798825062,1784798825063,202,1.000,warm
4029,exp-warm-10000-004034-f233dfd5,1784798825062,1784798825063,202,1.000,warm
4030,exp-warm-10000-004036-bcec139c,1784798825062,1784798825063,202,1.000,warm
4031,exp-warm-10000-004035-4932bd82,1784798825062,1784798825063,202,1.000,warm
4032,exp-warm-10000-004038-16397a40,1784798825062,1784798825063,202,1.000,warm
4033,exp-warm-10000-004037-91877285,1784798825062,1784798825063,202,1.000,warm
4034,exp-warm-10000-004027-4b3412d8,1784798825063,1784798825063,202,0.000,warm
4035,exp-warm-10000-004028-8b79a8d1,1784798825063,1784798825063,202,0.000,warm
4036,exp-warm-10000-004032-4a8746fb,1784798825063,1784798825063,202,0.000,warm
4037,exp-warm-10000-004030-cad0be72,1784798825063,1784798825063,202,0.000,warm
4038,exp-warm-10000-004031-c81fea98,1784798825063,1784798825063,202,0.000,warm
4039,exp-warm-10000-004047-b695639d,1784798825063,1784798825064,202,1.000,warm
4040,exp-warm-10000-004048-6b94610f,1784798825063,1784798825064,202,1.000,warm
4041,exp-warm-10000-004049-9c55205e,1784798825063,1784798825064,202,1.000,warm
4042,exp-warm-10000-004039-639d10fd,1784798825063,1784798825064,202,1.000,warm
4043,exp-warm-10000-004046-55c28079,1784798825063,1784798825064,202,1.000,warm
4044,exp-warm-10000-004057-e7897ff3,1784798825063,1784798825065,202,2.000,warm
4045,exp-warm-10000-004058-f62bcbf3,1784798825063,1784798825065,202,2.000,warm
4046,exp-warm-10000-004071-1cc1b937,1784798825063,1784798825066,202,3.000,warm
4047,exp-warm-10000-004074-65478f34,1784798825063,1784798825066,202,3.000,warm
4048,exp-warm-10000-004067-949f6269,1784798825063,1784798825066,202,3.000,warm
4049,exp-warm-10000-004041-4727087c,1784798825064,1784798825064,202,0.000,warm
4050,exp-warm-10000-004040-39dcf584,1784798825064,1784798825064,202,0.000,warm
4051,exp-warm-10000-004042-968a6cec,1784798825064,1784798825064,202,0.000,warm
4052,exp-warm-10000-004043-df2775c6,1784798825064,1784798825064,202,0.000,warm
4053,exp-warm-10000-004044-c8af6f1e,1784798825064,1784798825064,202,0.000,warm
4054,exp-warm-10000-004045-424a77ce,1784798825064,1784798825064,202,0.000,warm
4055,exp-warm-10000-004056-b637aa44,1784798825064,1784798825065,202,1.000,warm
4056,exp-warm-10000-004059-a8963f8b,1784798825064,1784798825065,202,1.000,warm
4057,exp-warm-10000-004052-ba3db068,1784798825064,1784798825065,202,1.000,warm
4058,exp-warm-10000-004060-30ab50b5,1784798825064,1784798825065,202,1.000,warm
4059,exp-warm-10000-004055-e49e257c,1784798825064,1784798825065,202,1.000,warm
4060,exp-warm-10000-004061-a0f713e3,1784798825064,1784798825065,202,1.000,warm
4061,exp-warm-10000-004081-fb1fde6b,1784798825064,1784798825067,202,3.000,warm
4062,exp-warm-10000-004079-0c420aed,1784798825064,1784798825067,202,3.000,warm
4063,exp-warm-10000-004078-6a454812,1784798825064,1784798825067,202,3.000,warm
4064,exp-warm-10000-004051-2bd8172a,1784798825065,1784798825065,202,0.000,warm
4065,exp-warm-10000-004050-e63d920f,1784798825065,1784798825065,202,0.000,warm
4066,exp-warm-10000-004054-efcaf21d,1784798825065,1784798825065,202,0.000,warm
4067,exp-warm-10000-004053-b02c3425,1784798825065,1784798825065,202,0.000,warm
4068,exp-warm-10000-004066-3ba0cef7,1784798825065,1784798825066,202,1.000,warm
4069,exp-warm-10000-004072-c1e31b8e,1784798825065,1784798825066,202,1.000,warm
4070,exp-warm-10000-004075-81d70336,1784798825065,1784798825066,202,1.000,warm
4071,exp-warm-10000-004068-4b64f008,1784798825065,1784798825066,202,1.000,warm
4072,exp-warm-10000-004073-09415c17,1784798825065,1784798825066,202,1.000,warm
4073,exp-warm-10000-004084-af4861cd,1784798825065,1784798825067,202,2.000,warm
4074,exp-warm-10000-004083-63139ba3,1784798825065,1784798825067,202,2.000,warm
4075,exp-warm-10000-004082-80e276f8,1784798825065,1784798825067,202,2.000,warm
4076,exp-warm-10000-004080-73ca1400,1784798825065,1784798825067,202,2.000,warm
4077,exp-warm-10000-004063-db059bf1,1784798825066,1784798825066,202,0.000,warm
4078,exp-warm-10000-004062-e1c9fdfb,1784798825066,1784798825066,202,0.000,warm
4079,exp-warm-10000-004070-724d94df,1784798825066,1784798825066,202,0.000,warm
4080,exp-warm-10000-004064-4bf08831,1784798825066,1784798825066,202,0.000,warm
4081,exp-warm-10000-004069-8cff15c3,1784798825066,1784798825066,202,0.000,warm
4082,exp-warm-10000-004065-57d199dd,1784798825066,1784798825066,202,0.000,warm
4083,exp-warm-10000-004076-2654c205,1784798825067,1784798825067,202,0.000,warm
4084,exp-warm-10000-004077-d66a5950,1784798825067,1784798825067,202,0.000,warm
4085,exp-warm-10000-004085-103ee5a7,1784798825068,1784798825069,202,1.000,warm
4086,exp-warm-10000-004095-836e09ff,1784798825068,1784798825070,202,2.000,warm
4087,exp-warm-10000-004090-47318d21,1784798825068,1784798825070,202,2.000,warm
4088,exp-warm-10000-004093-6a2a78a1,1784798825068,1784798825070,202,2.000,warm
4089,exp-warm-10000-004088-3b970077,1784798825068,1784798825070,202,2.000,warm
4090,exp-warm-10000-004092-5dcc4769,1784798825069,1784798825070,202,1.000,warm
4091,exp-warm-10000-004089-560de8cf,1784798825069,1784798825070,202,1.000,warm
4092,exp-warm-10000-004091-cc3018e7,1784798825069,1784798825070,202,1.000,warm
4093,exp-warm-10000-004086-14313286,1784798825069,1784798825070,202,1.000,warm
4094,exp-warm-10000-004094-adb53323,1784798825069,1784798825070,202,1.000,warm
4095,exp-warm-10000-004109-8c741be8,1784798825069,1784798825071,202,2.000,warm
4096,exp-warm-10000-004106-13737117,1784798825069,1784798825071,202,2.000,warm
4097,exp-warm-10000-004087-5ed3766e,1784798825070,1784798825070,202,0.000,warm
4098,exp-warm-10000-004104-3535bb19,1784798825070,1784798825071,202,1.000,warm
4099,exp-warm-10000-004107-0be0bd73,1784798825070,1784798825071,202,1.000,warm
4100,exp-warm-10000-004110-e0e0a38c,1784798825070,1784798825071,202,1.000,warm
4101,exp-warm-10000-004099-1ee68524,1784798825070,1784798825071,202,1.000,warm
4102,exp-warm-10000-004115-ee46a4c4,1784798825070,1784798825072,202,2.000,warm
4103,exp-warm-10000-004134-fada4680,1784798825070,1784798825073,202,3.000,warm
4104,exp-warm-10000-004097-3909f9b0,1784798825071,1784798825071,202,0.000,warm
4105,exp-warm-10000-004100-f9aebeb4,1784798825071,1784798825071,202,0.000,warm
4106,exp-warm-10000-004096-d32aaec2,1784798825071,1784798825071,202,0.000,warm
4107,exp-warm-10000-004101-9dafaf05,1784798825071,1784798825071,202,0.000,warm
4108,exp-warm-10000-004102-1aea8c8e,1784798825071,1784798825071,202,0.000,warm
4109,exp-warm-10000-004103-007a7280,1784798825071,1784798825071,202,0.000,warm
4110,exp-warm-10000-004098-a04212b2,1784798825071,1784798825071,202,0.000,warm
4111,exp-warm-10000-004105-6d60f92a,1784798825071,1784798825071,202,0.000,warm
4112,exp-warm-10000-004120-d887fb4a,1784798825071,1784798825072,202,1.000,warm
4113,exp-warm-10000-004121-115d35c9,1784798825071,1784798825072,202,1.000,warm
4114,exp-warm-10000-004114-05a4b974,1784798825071,1784798825072,202,1.000,warm
4115,exp-warm-10000-004113-6945d0b9,1784798825071,1784798825072,202,1.000,warm
4116,exp-warm-10000-004108-470c85dc,1784798825071,1784798825072,202,1.000,warm
4117,exp-warm-10000-004123-adfbb83f,1784798825071,1784798825072,202,1.000,warm
4118,exp-warm-10000-004122-72d48f5f,1784798825071,1784798825072,202,1.000,warm
4119,exp-warm-10000-004119-9888d595,1784798825071,1784798825072,202,1.000,warm
4120,exp-warm-10000-004116-85385a41,1784798825071,1784798825072,202,1.000,warm
4121,exp-warm-10000-004149-189c3028,1784798825071,1784798825074,202,3.000,warm
4122,exp-warm-10000-004111-b39320a8,1784798825072,1784798825072,202,0.000,warm
4123,exp-warm-10000-004118-0b4e8e73,1784798825072,1784798825072,202,0.000,warm
4124,exp-warm-10000-004117-9b52421a,1784798825072,1784798825072,202,0.000,warm
4125,exp-warm-10000-004128-6f0ea7e9,1784798825072,1784798825073,202,1.000,warm
4126,exp-warm-10000-004124-95a2e8b4,1784798825072,1784798825073,202,1.000,warm
4127,exp-warm-10000-004137-0df9c937,1784798825072,1784798825073,202,1.000,warm
4128,exp-warm-10000-004136-c361d3c0,1784798825072,1784798825073,202,1.000,warm
4129,exp-warm-10000-004133-72461c53,1784798825072,1784798825073,202,1.000,warm
4130,exp-warm-10000-004135-a134a2b2,1784798825072,1784798825073,202,1.000,warm
4131,exp-warm-10000-004129-603bdb7b,1784798825072,1784798825073,202,1.000,warm
4132,exp-warm-10000-004140-08b7cd56,1784798825072,1784798825074,202,2.000,warm
4133,exp-warm-10000-004147-ea3ae887,1784798825072,1784798825074,202,2.000,warm
4134,exp-warm-10000-004158-c5991387,1784798825072,1784798825075,202,3.000,warm
4135,exp-warm-10000-004126-22f85c7d,1784798825073,1784798825073,202,0.000,warm
4136,exp-warm-10000-004127-15d41af9,1784798825073,1784798825073,202,0.000,warm
4137,exp-warm-10000-004125-fb4fd702,1784798825073,1784798825073,202,0.000,warm
4138,exp-warm-10000-004112-181e55a1,1784798825073,1784798825073,202,0.000,warm
4139,exp-warm-10000-004130-7d478ee1,1784798825073,1784798825073,202,0.000,warm
4140,exp-warm-10000-004131-ea542495,1784798825073,1784798825073,202,0.000,warm
4141,exp-warm-10000-004132-b0758acd,1784798825073,1784798825073,202,0.000,warm
4142,exp-warm-10000-004150-50a4de8f,1784798825073,1784798825074,202,1.000,warm
4143,exp-warm-10000-004148-344ea71d,1784798825073,1784798825074,202,1.000,warm
4144,exp-warm-10000-004153-7f12c4d1,1784798825073,1784798825074,202,1.000,warm
4145,exp-warm-10000-004151-4b5a446f,1784798825073,1784798825074,202,1.000,warm
4146,exp-warm-10000-004138-7178e65e,1784798825073,1784798825074,202,1.000,warm
4147,exp-warm-10000-004139-3c7ea89b,1784798825074,1784798825074,202,0.000,warm
4148,exp-warm-10000-004142-22752679,1784798825074,1784798825074,202,0.000,warm
4149,exp-warm-10000-004143-a3f1fdf2,1784798825074,1784798825074,202,0.000,warm
4150,exp-warm-10000-004145-c4e018a8,1784798825074,1784798825074,202,0.000,warm
4151,exp-warm-10000-004144-3a3625b1,1784798825074,1784798825074,202,0.000,warm
4152,exp-warm-10000-004146-21be6cde,1784798825074,1784798825074,202,0.000,warm
4153,exp-warm-10000-004141-9b8f9d13,1784798825074,1784798825074,202,0.000,warm
4154,exp-warm-10000-004159-115883b4,1784798825074,1784798825075,202,1.000,warm
4155,exp-warm-10000-004161-31b5987b,1784798825074,1784798825075,202,1.000,warm
4156,exp-warm-10000-004164-17643f0e,1784798825074,1784798825075,202,1.000,warm
4157,exp-warm-10000-004160-4b80d6a6,1784798825074,1784798825075,202,1.000,warm
4158,exp-warm-10000-004163-2de72b41,1784798825074,1784798825075,202,1.000,warm
4159,exp-warm-10000-004165-39d58e4a,1784798825074,1784798825075,202,1.000,warm
4160,exp-warm-10000-004162-f57aeb00,1784798825074,1784798825075,202,1.000,warm
4161,exp-warm-10000-004169-8e6a19a4,1784798825074,1784798825076,202,2.000,warm
4162,exp-warm-10000-004154-94b96680,1784798825075,1784798825075,202,0.000,warm
4163,exp-warm-10000-004156-6dc12d28,1784798825075,1784798825075,202,0.000,warm
4164,exp-warm-10000-004152-09218c5e,1784798825075,1784798825075,202,0.000,warm
4165,exp-warm-10000-004157-c4575f67,1784798825075,1784798825075,202,0.000,warm
4166,exp-warm-10000-004155-cc7f4bb3,1784798825075,1784798825075,202,0.000,warm
4167,exp-warm-10000-004173-3ea09840,1784798825075,1784798825076,202,1.000,warm
4168,exp-warm-10000-004175-6f9c5f5d,1784798825075,1784798825076,202,1.000,warm
4169,exp-warm-10000-004176-a3295088,1784798825075,1784798825076,202,1.000,warm
4170,exp-warm-10000-004177-7d038aa4,1784798825075,1784798825076,202,1.000,warm
4171,exp-warm-10000-004171-87dd0f68,1784798825075,1784798825076,202,1.000,warm
4172,exp-warm-10000-004168-4017a34a,1784798825076,1784798825076,202,0.000,warm
4173,exp-warm-10000-004167-fedcd8a0,1784798825076,1784798825076,202,0.000,warm
4174,exp-warm-10000-004166-03277a9b,1784798825076,1784798825076,202,0.000,warm
4175,exp-warm-10000-004170-68ba70ec,1784798825076,1784798825076,202,0.000,warm
4176,exp-warm-10000-004174-f4a7537a,1784798825076,1784798825076,202,0.000,warm
4177,exp-warm-10000-004172-6b085a1a,1784798825076,1784798825076,202,0.000,warm
4178,exp-warm-10000-004188-12ad4547,1784798825076,1784798825077,202,1.000,warm
4179,exp-warm-10000-004186-099ab0fc,1784798825076,1784798825077,202,1.000,warm
4180,exp-warm-10000-004179-a5ffc230,1784798825076,1784798825077,202,1.000,warm
4181,exp-warm-10000-004187-e1914389,1784798825076,1784798825077,202,1.000,warm
4182,exp-warm-10000-004189-a6a47a7b,1784798825076,1784798825077,202,1.000,warm
4183,exp-warm-10000-004182-adac3de1,1784798825076,1784798825077,202,1.000,warm
4184,exp-warm-10000-004190-1279b6b8,1784798825076,1784798825077,202,1.000,warm
4185,exp-warm-10000-004180-f8a7378a,1784798825077,1784798825077,202,0.000,warm
4186,exp-warm-10000-004183-99073fac,1784798825077,1784798825077,202,0.000,warm
4187,exp-warm-10000-004181-e70d742a,1784798825077,1784798825077,202,0.000,warm
4188,exp-warm-10000-004184-9c2d99f2,1784798825077,1784798825077,202,0.000,warm
4189,exp-warm-10000-004178-4398d259,1784798825077,1784798825077,202,0.000,warm
4190,exp-warm-10000-004185-6cbfca07,1784798825077,1784798825077,202,0.000,warm
4191,exp-warm-10000-004200-754b1610,1784798825077,1784798825078,202,1.000,warm
4192,exp-warm-10000-004201-c08fed6b,1784798825077,1784798825078,202,1.000,warm
4193,exp-warm-10000-004199-5efce471,1784798825077,1784798825078,202,1.000,warm
4194,exp-warm-10000-004198-6a1bc573,1784798825077,1784798825078,202,1.000,warm
4195,exp-warm-10000-004203-1e08746a,1784798825077,1784798825079,202,2.000,warm
4196,exp-warm-10000-004219-10458af5,1784798825077,1784798825080,202,3.000,warm
4197,exp-warm-10000-004193-8f6786ce,1784798825078,1784798825078,202,0.000,warm
4198,exp-warm-10000-004194-81a1e87a,1784798825078,1784798825078,202,0.000,warm
4199,exp-warm-10000-004192-fedcd1d3,1784798825078,1784798825078,202,0.000,warm
4200,exp-warm-10000-004197-dcfa757b,1784798825078,1784798825078,202,0.000,warm
4201,exp-warm-10000-004191-26cf1d9e,1784798825078,1784798825078,202,0.000,warm
4202,exp-warm-10000-004196-bf8b0f09,1784798825078,1784798825078,202,0.000,warm
4203,exp-warm-10000-004195-56f925cb,1784798825078,1784798825078,202,0.000,warm
4204,exp-warm-10000-004207-dc1fbced,1784798825078,1784798825079,202,1.000,warm
4205,exp-warm-10000-004211-8129a6ec,1784798825078,1784798825079,202,1.000,warm
4206,exp-warm-10000-004210-a2c177e3,1784798825078,1784798825079,202,1.000,warm
4207,exp-warm-10000-004212-720876b5,1784798825078,1784798825079,202,1.000,warm
4208,exp-warm-10000-004214-9516c106,1784798825078,1784798825079,202,1.000,warm
4209,exp-warm-10000-004215-d101bc61,1784798825078,1784798825079,202,1.000,warm
4210,exp-warm-10000-004213-38595a9c,1784798825078,1784798825079,202,1.000,warm
4211,exp-warm-10000-004216-51b861bc,1784798825078,1784798825079,202,1.000,warm
4212,exp-warm-10000-004205-30c1c480,1784798825078,1784798825079,202,1.000,warm
4213,exp-warm-10000-004208-83d66052,1784798825078,1784798825079,202,1.000,warm
4214,exp-warm-10000-004221-4d1f2d38,1784798825078,1784798825080,202,2.000,warm
4215,exp-warm-10000-004206-785836da,1784798825079,1784798825079,202,0.000,warm
4216,exp-warm-10000-004204-4b1f01bb,1784798825079,1784798825079,202,0.000,warm
4217,exp-warm-10000-004209-67603f23,1784798825079,1784798825079,202,0.000,warm
4218,exp-warm-10000-004202-55b5ce87,1784798825079,1784798825079,202,0.000,warm
4219,exp-warm-10000-004224-03b0ff2a,1784798825079,1784798825080,202,1.000,warm
4220,exp-warm-10000-004226-a3d751aa,1784798825079,1784798825080,202,1.000,warm
4221,exp-warm-10000-004222-82e8f016,1784798825079,1784798825080,202,1.000,warm
4222,exp-warm-10000-004228-2027ce67,1784798825079,1784798825080,202,1.000,warm
4223,exp-warm-10000-004225-e88cf1a0,1784798825079,1784798825080,202,1.000,warm
4224,exp-warm-10000-004227-01fec66e,1784798825079,1784798825080,202,1.000,warm
4225,exp-warm-10000-004229-1a19d171,1784798825079,1784798825080,202,1.000,warm
4226,exp-warm-10000-004220-7cd2cd15,1784798825080,1784798825080,202,0.000,warm
4227,exp-warm-10000-004217-2f877193,1784798825080,1784798825080,202,0.000,warm
4228,exp-warm-10000-004218-78fe7978,1784798825080,1784798825080,202,0.000,warm
4229,exp-warm-10000-004223-b375ffaf,1784798825080,1784798825080,202,0.000,warm
4230,exp-warm-10000-004235-44168e1f,1784798825080,1784798825081,202,1.000,warm
4231,exp-warm-10000-004236-fae9bca9,1784798825080,1784798825081,202,1.000,warm
4232,exp-warm-10000-004234-a5ce159e,1784798825080,1784798825081,202,1.000,warm
4233,exp-warm-10000-004237-275c9842,1784798825080,1784798825081,202,1.000,warm
4234,exp-warm-10000-004231-165c42ba,1784798825080,1784798825081,202,1.000,warm
4235,exp-warm-10000-004259-68ae20e0,1784798825080,1784798825083,202,3.000,warm
4236,exp-warm-10000-004230-173fbfb5,1784798825081,1784798825081,202,0.000,warm
4237,exp-warm-10000-004232-c152e56d,1784798825081,1784798825081,202,0.000,warm
4238,exp-warm-10000-004233-36642971,1784798825081,1784798825081,202,0.000,warm
4239,exp-warm-10000-004244-3e68bd26,1784798825081,1784798825082,202,1.000,warm
4240,exp-warm-10000-004245-474875de,1784798825081,1784798825082,202,1.000,warm
4241,exp-warm-10000-004247-09964136,1784798825081,1784798825082,202,1.000,warm
4242,exp-warm-10000-004246-c13358f1,1784798825081,1784798825082,202,1.000,warm
4243,exp-warm-10000-004243-23b1e160,1784798825081,1784798825082,202,1.000,warm
4244,exp-warm-10000-004263-2cfbafcf,1784798825081,1784798825083,202,2.000,warm
4245,exp-warm-10000-004238-f51ff68e,1784798825082,1784798825082,202,0.000,warm
4246,exp-warm-10000-004239-9e3d6be1,1784798825082,1784798825082,202,0.000,warm
4247,exp-warm-10000-004240-9ecdf331,1784798825082,1784798825082,202,0.000,warm
4248,exp-warm-10000-004242-dfb45a10,1784798825082,1784798825082,202,0.000,warm
4249,exp-warm-10000-004241-b43ddb98,1784798825082,1784798825082,202,0.000,warm
4250,exp-warm-10000-004249-6da4fbfc,1784798825082,1784798825083,202,1.000,warm
4251,exp-warm-10000-004260-37ec6d3c,1784798825082,1784798825083,202,1.000,warm
4252,exp-warm-10000-004256-5cf73e24,1784798825082,1784798825083,202,1.000,warm
4253,exp-warm-10000-004248-ba8af0c9,1784798825082,1784798825083,202,1.000,warm
4254,exp-warm-10000-004262-0d8ad0bb,1784798825082,1784798825083,202,1.000,warm
4255,exp-warm-10000-004255-f71a980b,1784798825082,1784798825083,202,1.000,warm
4256,exp-warm-10000-004258-2534941e,1784798825082,1784798825083,202,1.000,warm
4257,exp-warm-10000-004261-eaf4be7a,1784798825082,1784798825083,202,1.000,warm
4258,exp-warm-10000-004271-75e77b11,1784798825082,1784798825084,202,2.000,warm
4259,exp-warm-10000-004267-90015bfb,1784798825082,1784798825084,202,2.000,warm
4260,exp-warm-10000-004250-51713a07,1784798825083,1784798825083,202,0.000,warm
4261,exp-warm-10000-004251-298c7e05,1784798825083,1784798825083,202,0.000,warm
4262,exp-warm-10000-004253-b8e40827,1784798825083,1784798825083,202,0.000,warm
4263,exp-warm-10000-004252-401b0ff0,1784798825083,1784798825083,202,0.000,warm
4264,exp-warm-10000-004257-1182c8a2,1784798825083,1784798825083,202,0.000,warm
4265,exp-warm-10000-004254-ab6b9aaa,1784798825083,1784798825083,202,0.000,warm
4266,exp-warm-10000-004269-5f76a5a4,1784798825083,1784798825084,202,1.000,warm
4267,exp-warm-10000-004272-24e58ece,1784798825083,1784798825084,202,1.000,warm
4268,exp-warm-10000-004270-7321c522,1784798825083,1784798825084,202,1.000,warm
4269,exp-warm-10000-004273-4930ea9f,1784798825083,1784798825084,202,1.000,warm
4270,exp-warm-10000-004266-27d44254,1784798825083,1784798825084,202,1.000,warm
4271,exp-warm-10000-004265-6befac85,1784798825083,1784798825084,202,1.000,warm
4272,exp-warm-10000-004275-eaa3d3b3,1784798825083,1784798825084,202,1.000,warm
4273,exp-warm-10000-004274-01a203e5,1784798825083,1784798825084,202,1.000,warm
4274,exp-warm-10000-004311-7731c8f8,1784798825083,1784798825087,202,4.000,warm
4275,exp-warm-10000-004264-2e5eeeae,1784798825084,1784798825084,202,0.000,warm
4276,exp-warm-10000-004268-37d21a45,1784798825084,1784798825084,202,0.000,warm
4277,exp-warm-10000-004283-f19e3f4f,1784798825084,1784798825085,202,1.000,warm
4278,exp-warm-10000-004280-f3317320,1784798825084,1784798825085,202,1.000,warm
4279,exp-warm-10000-004276-d466b317,1784798825084,1784798825085,202,1.000,warm
4280,exp-warm-10000-004284-acb80228,1784798825084,1784798825085,202,1.000,warm
4281,exp-warm-10000-004281-5982f574,1784798825084,1784798825085,202,1.000,warm
4282,exp-warm-10000-004285-5468eb5d,1784798825084,1784798825085,202,1.000,warm
4283,exp-warm-10000-004282-3b7a70c8,1784798825084,1784798825085,202,1.000,warm
4284,exp-warm-10000-004277-237332e4,1784798825085,1784798825085,202,0.000,warm
4285,exp-warm-10000-004279-9fcb6f7c,1784798825085,1784798825085,202,0.000,warm
4286,exp-warm-10000-004278-fc0c3168,1784798825085,1784798825085,202,0.000,warm
4287,exp-warm-10000-004297-40fadb3c,1784798825085,1784798825086,202,1.000,warm
4288,exp-warm-10000-004294-0722dfc6,1784798825085,1784798825086,202,1.000,warm
4289,exp-warm-10000-004295-fdd63bf1,1784798825085,1784798825086,202,1.000,warm
4290,exp-warm-10000-004296-f7b3f13b,1784798825085,1784798825086,202,1.000,warm
4291,exp-warm-10000-004298-bd707304,1784798825085,1784798825086,202,1.000,warm
4292,exp-warm-10000-004300-67d087c2,1784798825085,1784798825086,202,1.000,warm
4293,exp-warm-10000-004287-c706de8b,1784798825085,1784798825086,202,1.000,warm
4294,exp-warm-10000-004299-25bdb632,1784798825085,1784798825086,202,1.000,warm
4295,exp-warm-10000-004288-47f2f9e8,1784798825086,1784798825086,202,0.000,warm
4296,exp-warm-10000-004289-350b5315,1784798825086,1784798825086,202,0.000,warm
4297,exp-warm-10000-004291-973a4765,1784798825086,1784798825086,202,0.000,warm
4298,exp-warm-10000-004293-4e75ef36,1784798825086,1784798825086,202,0.000,warm
4299,exp-warm-10000-004286-fbaa7997,1784798825086,1784798825086,202,0.000,warm
4300,exp-warm-10000-004290-e56d93de,1784798825086,1784798825086,202,0.000,warm
4301,exp-warm-10000-004292-2df97c34,1784798825086,1784798825086,202,0.000,warm
4302,exp-warm-10000-004308-3fda9b5c,1784798825086,1784798825087,202,1.000,warm
4303,exp-warm-10000-004314-b2021f81,1784798825086,1784798825087,202,1.000,warm
4304,exp-warm-10000-004306-98812b6e,1784798825086,1784798825087,202,1.000,warm
4305,exp-warm-10000-004310-c004a1d4,1784798825086,1784798825087,202,1.000,warm
4306,exp-warm-10000-004313-cdc742dd,1784798825086,1784798825087,202,1.000,warm
4307,exp-warm-10000-004312-8d34c013,1784798825086,1784798825087,202,1.000,warm
4308,exp-warm-10000-004315-5626f101,1784798825086,1784798825087,202,1.000,warm
4309,exp-warm-10000-004302-2f81c52f,1784798825087,1784798825087,202,0.000,warm
4310,exp-warm-10000-004304-124a8c99,1784798825087,1784798825087,202,0.000,warm
4311,exp-warm-10000-004301-50c69aad,1784798825087,1784798825087,202,0.000,warm
4312,exp-warm-10000-004303-79ca01bc,1784798825087,1784798825087,202,0.000,warm
4313,exp-warm-10000-004307-db1f7b4b,1784798825087,1784798825087,202,0.000,warm
4314,exp-warm-10000-004309-392d4fc7,1784798825087,1784798825087,202,0.000,warm
4315,exp-warm-10000-004305-67c9a03e,1784798825087,1784798825087,202,0.000,warm
4316,exp-warm-10000-004325-24f68e3d,1784798825087,1784798825088,202,1.000,warm
4317,exp-warm-10000-004324-c4f64381,1784798825087,1784798825088,202,1.000,warm
4318,exp-warm-10000-004318-4cc5c2ab,1784798825087,1784798825088,202,1.000,warm
4319,exp-warm-10000-004320-e759f864,1784798825087,1784798825088,202,1.000,warm
4320,exp-warm-10000-004328-fc31d4e5,1784798825087,1784798825088,202,1.000,warm
4321,exp-warm-10000-004322-d4652c81,1784798825087,1784798825088,202,1.000,warm
4322,exp-warm-10000-004327-a4dcb13b,1784798825087,1784798825088,202,1.000,warm
4323,exp-warm-10000-004326-39b82542,1784798825087,1784798825088,202,1.000,warm
4324,exp-warm-10000-004329-0c8c6752,1784798825087,1784798825088,202,1.000,warm
4325,exp-warm-10000-004330-2471da0e,1784798825087,1784798825088,202,1.000,warm
4326,exp-warm-10000-004337-c76f9782,1784798825087,1784798825089,202,2.000,warm
4327,exp-warm-10000-004375-28183f48,1784798825087,1784798825091,202,4.000,warm
4328,exp-warm-10000-004316-13c7842f,1784798825088,1784798825088,202,0.000,warm
4329,exp-warm-10000-004317-3190dae7,1784798825088,1784798825088,202,0.000,warm
4330,exp-warm-10000-004321-5959215b,1784798825088,1784798825088,202,0.000,warm
4331,exp-warm-10000-004319-55f3d12f,1784798825088,1784798825088,202,0.000,warm
4332,exp-warm-10000-004323-cd4f7db1,1784798825088,1784798825088,202,0.000,warm
4333,exp-warm-10000-004334-17b3a745,1784798825088,1784798825089,202,1.000,warm
4334,exp-warm-10000-004342-00f55e60,1784798825088,1784798825089,202,1.000,warm
4335,exp-warm-10000-004339-641e29e3,1784798825088,1784798825089,202,1.000,warm
4336,exp-warm-10000-004340-40b82ad4,1784798825088,1784798825089,202,1.000,warm
4337,exp-warm-10000-004338-8e1ee5d6,1784798825088,1784798825089,202,1.000,warm
4338,exp-warm-10000-004345-2a3dbecf,1784798825088,1784798825089,202,1.000,warm
4339,exp-warm-10000-004333-aa360ba6,1784798825089,1784798825089,202,0.000,warm
4340,exp-warm-10000-004331-77ff0f87,1784798825089,1784798825089,202,0.000,warm
4341,exp-warm-10000-004332-580bc6d4,1784798825089,1784798825089,202,0.000,warm
4342,exp-warm-10000-004335-746e806d,1784798825089,1784798825089,202,0.000,warm
4343,exp-warm-10000-004336-d7a94f5e,1784798825089,1784798825089,202,0.000,warm
4344,exp-warm-10000-004354-8411f8eb,1784798825089,1784798825090,202,1.000,warm
4345,exp-warm-10000-004357-02cf9b9a,1784798825089,1784798825090,202,1.000,warm
4346,exp-warm-10000-004351-35da536b,1784798825089,1784798825090,202,1.000,warm
4347,exp-warm-10000-004359-9f2fae60,1784798825089,1784798825090,202,1.000,warm
4348,exp-warm-10000-004355-3f009e76,1784798825089,1784798825090,202,1.000,warm
4349,exp-warm-10000-004356-58f1c9c9,1784798825089,1784798825090,202,1.000,warm
4350,exp-warm-10000-004344-d85ae50c,1784798825090,1784798825090,202,0.000,warm
4351,exp-warm-10000-004346-74bdd352,1784798825090,1784798825090,202,0.000,warm
4352,exp-warm-10000-004343-b61ffe24,1784798825090,1784798825090,202,0.000,warm
4353,exp-warm-10000-004341-a43981c1,1784798825090,1784798825090,202,0.000,warm
4354,exp-warm-10000-004348-f9260a68,1784798825090,1784798825090,202,0.000,warm
4355,exp-warm-10000-004347-1199977d,1784798825090,1784798825090,202,0.000,warm
4356,exp-warm-10000-004349-c63fe48b,1784798825090,1784798825090,202,0.000,warm
4357,exp-warm-10000-004353-c8c533dd,1784798825090,1784798825090,202,0.000,warm
4358,exp-warm-10000-004352-7643bacc,1784798825090,1784798825090,202,0.000,warm
4359,exp-warm-10000-004350-2150e279,1784798825090,1784798825090,202,0.000,warm
4360,exp-warm-10000-004370-116fef42,1784798825090,1784798825091,202,1.000,warm
4361,exp-warm-10000-004363-a831db0d,1784798825090,1784798825091,202,1.000,warm
4362,exp-warm-10000-004369-c0d91604,1784798825090,1784798825091,202,1.000,warm
4363,exp-warm-10000-004371-a457179a,1784798825090,1784798825091,202,1.000,warm
4364,exp-warm-10000-004372-17afc2e1,1784798825090,1784798825091,202,1.000,warm
4365,exp-warm-10000-004373-ee876dfc,1784798825090,1784798825091,202,1.000,warm
4366,exp-warm-10000-004368-c47ab41b,1784798825090,1784798825091,202,1.000,warm
4367,exp-warm-10000-004374-89340ec6,1784798825090,1784798825091,202,1.000,warm
4368,exp-warm-10000-004358-4ddf7905,1784798825091,1784798825091,202,0.000,warm
4369,exp-warm-10000-004360-bd5942c5,1784798825091,1784798825091,202,0.000,warm
4370,exp-warm-10000-004362-8c0f756a,1784798825091,1784798825091,202,0.000,warm
4371,exp-warm-10000-004361-e0ec2736,1784798825091,1784798825091,202,0.000,warm
4372,exp-warm-10000-004366-c9beeaac,1784798825091,1784798825091,202,0.000,warm
4373,exp-warm-10000-004364-57d75178,1784798825091,1784798825091,202,0.000,warm
4374,exp-warm-10000-004365-06300158,1784798825091,1784798825091,202,0.000,warm
4375,exp-warm-10000-004383-a787dd88,1784798825091,1784798825092,202,1.000,warm
4376,exp-warm-10000-004382-52207d5b,1784798825091,1784798825092,202,1.000,warm
4377,exp-warm-10000-004384-b9e428a3,1784798825091,1784798825092,202,1.000,warm
4378,exp-warm-10000-004386-672c1e11,1784798825091,1784798825092,202,1.000,warm
4379,exp-warm-10000-004385-365acb89,1784798825091,1784798825092,202,1.000,warm
4380,exp-warm-10000-004387-17b131a8,1784798825091,1784798825092,202,1.000,warm
4381,exp-warm-10000-004376-cd6c71e2,1784798825092,1784798825092,202,0.000,warm
4382,exp-warm-10000-004367-5f487ef5,1784798825092,1784798825092,202,0.000,warm
4383,exp-warm-10000-004377-00557354,1784798825092,1784798825092,202,0.000,warm
4384,exp-warm-10000-004380-f0778a64,1784798825092,1784798825092,202,0.000,warm
4385,exp-warm-10000-004378-6d95fca6,1784798825092,1784798825092,202,0.000,warm
4386,exp-warm-10000-004379-89595467,1784798825092,1784798825092,202,0.000,warm
4387,exp-warm-10000-004381-7029d121,1784798825092,1784798825092,202,0.000,warm
4388,exp-warm-10000-004399-f7a90e08,1784798825092,1784798825093,202,1.000,warm
4389,exp-warm-10000-004394-f2c4b5f0,1784798825092,1784798825093,202,1.000,warm
4390,exp-warm-10000-004400-d2fee70a,1784798825092,1784798825093,202,1.000,warm
4391,exp-warm-10000-004401-b8d23a2f,1784798825092,1784798825093,202,1.000,warm
4392,exp-warm-10000-004395-3e5b3264,1784798825092,1784798825093,202,1.000,warm
4393,exp-warm-10000-004397-47b0a187,1784798825092,1784798825093,202,1.000,warm
4394,exp-warm-10000-004411-87b7cfb2,1784798825092,1784798825094,202,2.000,warm
4395,exp-warm-10000-004427-8c2b81e4,1784798825092,1784798825095,202,3.000,warm
4396,exp-warm-10000-004389-e6c495ab,1784798825093,1784798825093,202,0.000,warm
4397,exp-warm-10000-004390-ab1d8da2,1784798825093,1784798825093,202,0.000,warm
4398,exp-warm-10000-004391-d3f8e712,1784798825093,1784798825093,202,0.000,warm
4399,exp-warm-10000-004392-e6dffc1f,1784798825093,1784798825093,202,0.000,warm
4400,exp-warm-10000-004393-f9b7a2c7,1784798825093,1784798825093,202,0.000,warm
4401,exp-warm-10000-004388-cb1b00ef,1784798825093,1784798825093,202,0.000,warm
4402,exp-warm-10000-004396-6936f269,1784798825093,1784798825093,202,0.000,warm
4403,exp-warm-10000-004398-69452f76,1784798825093,1784798825094,202,1.000,warm
4404,exp-warm-10000-004408-b733b1e7,1784798825093,1784798825094,202,1.000,warm
4405,exp-warm-10000-004409-f901b741,1784798825093,1784798825094,202,1.000,warm
4406,exp-warm-10000-004413-0902486a,1784798825093,1784798825094,202,1.000,warm
4407,exp-warm-10000-004415-8ca09a4d,1784798825093,1784798825094,202,1.000,warm
4408,exp-warm-10000-004414-63bdc18b,1784798825093,1784798825094,202,1.000,warm
4409,exp-warm-10000-004412-056db4da,1784798825093,1784798825094,202,1.000,warm
4410,exp-warm-10000-004406-e5973936,1784798825093,1784798825094,202,1.000,warm
4411,exp-warm-10000-004403-842b34df,1784798825094,1784798825094,202,0.000,warm
4412,exp-warm-10000-004402-cc9e246d,1784798825094,1784798825094,202,0.000,warm
4413,exp-warm-10000-004405-42ed986d,1784798825094,1784798825094,202,0.000,warm
4414,exp-warm-10000-004407-5d97fe87,1784798825094,1784798825094,202,0.000,warm
4415,exp-warm-10000-004410-f34af2ee,1784798825094,1784798825094,202,0.000,warm
4416,exp-warm-10000-004404-8366d983,1784798825094,1784798825094,202,0.000,warm
4417,exp-warm-10000-004422-6ce030c4,1784798825094,1784798825095,202,1.000,warm
4418,exp-warm-10000-004426-48732875,1784798825094,1784798825095,202,1.000,warm
4419,exp-warm-10000-004425-e272ca9a,1784798825094,1784798825095,202,1.000,warm
4420,exp-warm-10000-004424-032e396f,1784798825094,1784798825095,202,1.000,warm
4421,exp-warm-10000-004423-0f6b8d42,1784798825094,1784798825095,202,1.000,warm
4422,exp-warm-10000-004428-d8f1f907,1784798825094,1784798825095,202,1.000,warm
4423,exp-warm-10000-004419-c06bb132,1784798825094,1784798825095,202,1.000,warm
4424,exp-warm-10000-004432-bec7d816,1784798825094,1784798825096,202,2.000,warm
4425,exp-warm-10000-004416-c0cd01aa,1784798825095,1784798825095,202,0.000,warm
4426,exp-warm-10000-004418-937038ac,1784798825095,1784798825095,202,0.000,warm
4427,exp-warm-10000-004417-b132a6b0,1784798825095,1784798825095,202,0.000,warm
4428,exp-warm-10000-004421-36c8b85c,1784798825095,1784798825095,202,0.000,warm
4429,exp-warm-10000-004420-efa5fe27,1784798825095,1784798825095,202,0.000,warm
4430,exp-warm-10000-004443-11079198,1784798825095,1784798825096,202,1.000,warm
4431,exp-warm-10000-004444-f9c6e915,1784798825095,1784798825096,202,1.000,warm
4432,exp-warm-10000-004446-9a5d1305,1784798825095,1784798825096,202,1.000,warm
4433,exp-warm-10000-004447-534c683f,1784798825095,1784798825096,202,1.000,warm
4434,exp-warm-10000-004449-b0fe8277,1784798825095,1784798825096,202,1.000,warm
4435,exp-warm-10000-004445-05f0de7a,1784798825095,1784798825096,202,1.000,warm
4436,exp-warm-10000-004438-b23243ab,1784798825095,1784798825097,202,2.000,warm
4437,exp-warm-10000-004429-0e194ac8,1784798825096,1784798825096,202,0.000,warm
4438,exp-warm-10000-004430-590fe3f3,1784798825096,1784798825096,202,0.000,warm
4439,exp-warm-10000-004431-48d09b66,1784798825096,1784798825096,202,0.000,warm
4440,exp-warm-10000-004452-2d41e350,1784798825096,1784798825097,202,1.000,warm
4441,exp-warm-10000-004439-ac8fb1e3,1784798825096,1784798825097,202,1.000,warm
4442,exp-warm-10000-004433-a45b9ddb,1784798825096,1784798825097,202,1.000,warm
4443,exp-warm-10000-004442-6fb34b50,1784798825096,1784798825097,202,1.000,warm
4444,exp-warm-10000-004454-3c14c5f9,1784798825096,1784798825097,202,1.000,warm
4445,exp-warm-10000-004437-3aab705f,1784798825096,1784798825097,202,1.000,warm
4446,exp-warm-10000-004440-bedc405b,1784798825096,1784798825097,202,1.000,warm
4447,exp-warm-10000-004435-191e7ded,1784798825096,1784798825097,202,1.000,warm
4448,exp-warm-10000-004458-8b60dea4,1784798825096,1784798825097,202,1.000,warm
4449,exp-warm-10000-004455-f8bf03ec,1784798825096,1784798825097,202,1.000,warm
4450,exp-warm-10000-004456-f76ea614,1784798825096,1784798825097,202,1.000,warm
4451,exp-warm-10000-004448-4cb238b0,1784798825096,1784798825097,202,1.000,warm
4452,exp-warm-10000-004459-23157cbf,1784798825096,1784798825097,202,1.000,warm
4453,exp-warm-10000-004450-effc9187,1784798825096,1784798825097,202,1.000,warm
4454,exp-warm-10000-004436-e1a399cd,1784798825096,1784798825097,202,1.000,warm
4455,exp-warm-10000-004472-eea8833e,1784798825096,1784798825098,202,2.000,warm
4456,exp-warm-10000-004451-87cc6e4b,1784798825097,1784798825097,202,0.000,warm
4457,exp-warm-10000-004453-84de21cf,1784798825097,1784798825097,202,0.000,warm
4458,exp-warm-10000-004441-e933c185,1784798825097,1784798825097,202,0.000,warm
4459,exp-warm-10000-004467-033cdebc,1784798825097,1784798825098,202,1.000,warm
4460,exp-warm-10000-004457-a17d883e,1784798825097,1784798825098,202,1.000,warm
4461,exp-warm-10000-004464-9f93d3b7,1784798825097,1784798825098,202,1.000,warm
4462,exp-warm-10000-004466-395b1e64,1784798825097,1784798825098,202,1.000,warm
4463,exp-warm-10000-004468-a10ba723,1784798825097,1784798825098,202,1.000,warm
4464,exp-warm-10000-004469-5a833ac4,1784798825097,1784798825098,202,1.000,warm
4465,exp-warm-10000-004470-1af3a07f,1784798825097,1784798825098,202,1.000,warm
4466,exp-warm-10000-004460-8437be27,1784798825097,1784798825098,202,1.000,warm
4467,exp-warm-10000-004471-9116eb37,1784798825097,1784798825098,202,1.000,warm
4468,exp-warm-10000-004465-599536a2,1784798825097,1784798825098,202,1.000,warm
4469,exp-warm-10000-004493-0be6778c,1784798825097,1784798825100,202,3.000,warm
4470,exp-warm-10000-004461-bb9580e1,1784798825098,1784798825098,202,0.000,warm
4471,exp-warm-10000-004462-dd5cdf2c,1784798825098,1784798825098,202,0.000,warm
4472,exp-warm-10000-004463-e112f66a,1784798825098,1784798825098,202,0.000,warm
4473,exp-warm-10000-004434-1642acb5,1784798825098,1784798825098,202,0.000,warm
4474,exp-warm-10000-004479-607aa46d,1784798825098,1784798825099,202,1.000,warm
4475,exp-warm-10000-004480-1fc4df28,1784798825098,1784798825099,202,1.000,warm
4476,exp-warm-10000-004481-5c765ba5,1784798825098,1784798825099,202,1.000,warm
4477,exp-warm-10000-004482-9e8a0c7c,1784798825098,1784798825100,202,2.000,warm
4478,exp-warm-10000-004473-bd88851b,1784798825099,1784798825099,202,0.000,warm
4479,exp-warm-10000-004474-d736d9b2,1784798825099,1784798825099,202,0.000,warm
4480,exp-warm-10000-004476-51f3f2dc,1784798825099,1784798825099,202,0.000,warm
4481,exp-warm-10000-004475-339813e3,1784798825099,1784798825099,202,0.000,warm
4482,exp-warm-10000-004477-ca677880,1784798825099,1784798825099,202,0.000,warm
4483,exp-warm-10000-004478-5629bdbe,1784798825099,1784798825099,202,0.000,warm
4484,exp-warm-10000-004486-a71b9646,1784798825099,1784798825100,202,1.000,warm
4485,exp-warm-10000-004492-c3da9806,1784798825099,1784798825100,202,1.000,warm
4486,exp-warm-10000-004491-4c9f1053,1784798825099,1784798825100,202,1.000,warm
4487,exp-warm-10000-004488-75ec2936,1784798825099,1784798825100,202,1.000,warm
4488,exp-warm-10000-004495-6f72df28,1784798825099,1784798825100,202,1.000,warm
4489,exp-warm-10000-004490-ca06e1a3,1784798825099,1784798825100,202,1.000,warm
4490,exp-warm-10000-004496-e8594fed,1784798825099,1784798825100,202,1.000,warm
4491,exp-warm-10000-004494-0c5808da,1784798825099,1784798825100,202,1.000,warm
4492,exp-warm-10000-004484-7812e14b,1784798825100,1784798825100,202,0.000,warm
4493,exp-warm-10000-004483-818325ed,1784798825100,1784798825100,202,0.000,warm
4494,exp-warm-10000-004489-547266d0,1784798825100,1784798825100,202,0.000,warm
4495,exp-warm-10000-004485-e0dc7c07,1784798825100,1784798825100,202,0.000,warm
4496,exp-warm-10000-004487-ddcddca8,1784798825100,1784798825100,202,0.000,warm
4497,exp-warm-10000-004504-147f09af,1784798825100,1784798825101,202,1.000,warm
4498,exp-warm-10000-004506-7ea3ef2e,1784798825100,1784798825101,202,1.000,warm
4499,exp-warm-10000-004501-cad0493a,1784798825100,1784798825101,202,1.000,warm
4500,exp-warm-10000-004508-d6a1c9cf,1784798825100,1784798825101,202,1.000,warm
4501,exp-warm-10000-004509-17609439,1784798825100,1784798825101,202,1.000,warm
4502,exp-warm-10000-004507-76a9f2bd,1784798825100,1784798825101,202,1.000,warm
4503,exp-warm-10000-004505-2ff6e701,1784798825100,1784798825101,202,1.000,warm
4504,exp-warm-10000-004522-ed213154,1784798825100,1784798825103,202,3.000,warm
4505,exp-warm-10000-004735-d2cc3082,1784798825100,1784798825118,202,18.000,warm
4506,exp-warm-10000-004499-140306ab,1784798825101,1784798825101,202,0.000,warm
4507,exp-warm-10000-004497-6e3310f0,1784798825101,1784798825101,202,0.000,warm
4508,exp-warm-10000-004498-6ccb12d1,1784798825101,1784798825101,202,0.000,warm
4509,exp-warm-10000-004500-94ace6e2,1784798825101,1784798825101,202,0.000,warm
4510,exp-warm-10000-004503-d38b5972,1784798825101,1784798825101,202,0.000,warm
4511,exp-warm-10000-004502-c641cde1,1784798825101,1784798825101,202,0.000,warm
4512,exp-warm-10000-004515-20641620,1784798825101,1784798825102,202,1.000,warm
4513,exp-warm-10000-004517-bc263256,1784798825101,1784798825102,202,1.000,warm
4514,exp-warm-10000-004518-ee3e22d4,1784798825101,1784798825102,202,1.000,warm
4515,exp-warm-10000-004513-c301efb8,1784798825101,1784798825102,202,1.000,warm
4516,exp-warm-10000-004529-8911c596,1784798825101,1784798825103,202,2.000,warm
4517,exp-warm-10000-004561-af0e34d2,1784798825101,1784798825105,202,4.000,warm
4518,exp-warm-10000-004510-208a9a7e,1784798825102,1784798825102,202,0.000,warm
4519,exp-warm-10000-004511-d1e29c6f,1784798825102,1784798825102,202,0.000,warm
4520,exp-warm-10000-004514-75682ba7,1784798825102,1784798825102,202,0.000,warm
4521,exp-warm-10000-004512-d996543f,1784798825102,1784798825102,202,0.000,warm
4522,exp-warm-10000-004516-c24bec4b,1784798825102,1784798825102,202,0.000,warm
4523,exp-warm-10000-004527-21f95634,1784798825102,1784798825103,202,1.000,warm
4524,exp-warm-10000-004526-e7fe8e9f,1784798825102,1784798825103,202,1.000,warm
4525,exp-warm-10000-004523-3a49c78e,1784798825102,1784798825103,202,1.000,warm
4526,exp-warm-10000-004531-1a5a6621,1784798825102,1784798825103,202,1.000,warm
4527,exp-warm-10000-004532-39bea470,1784798825102,1784798825103,202,1.000,warm
4528,exp-warm-10000-004533-809db813,1784798825102,1784798825103,202,1.000,warm
4529,exp-warm-10000-004534-2ec86190,1784798825102,1784798825103,202,1.000,warm
4530,exp-warm-10000-004530-2834ae09,1784798825102,1784798825103,202,1.000,warm
4531,exp-warm-10000-004770-663de669,1784798825102,1784798825120,202,18.000,warm
4532,exp-warm-10000-004520-b4e480d7,1784798825103,1784798825103,202,0.000,warm
4533,exp-warm-10000-004521-0234209b,1784798825103,1784798825103,202,0.000,warm
4534,exp-warm-10000-004524-3ea31caa,1784798825103,1784798825103,202,0.000,warm
4535,exp-warm-10000-004525-2973e68a,1784798825103,1784798825103,202,0.000,warm
4536,exp-warm-10000-004519-334f5fda,1784798825103,1784798825103,202,0.000,warm
4537,exp-warm-10000-004528-9eb9f68f,1784798825103,1784798825103,202,0.000,warm
4538,exp-warm-10000-004540-8fb8f401,1784798825103,1784798825104,202,1.000,warm
4539,exp-warm-10000-004541-4489c3ec,1784798825103,1784798825104,202,1.000,warm
4540,exp-warm-10000-004544-9dcfe629,1784798825103,1784798825104,202,1.000,warm
4541,exp-warm-10000-004546-efe3fdcd,1784798825103,1784798825104,202,1.000,warm
4542,exp-warm-10000-004549-ccb549b2,1784798825103,1784798825104,202,1.000,warm
4543,exp-warm-10000-004547-87aa37ea,1784798825103,1784798825104,202,1.000,warm
4544,exp-warm-10000-004548-a271e446,1784798825103,1784798825104,202,1.000,warm
4545,exp-warm-10000-004542-b0d19eb7,1784798825103,1784798825104,202,1.000,warm
4546,exp-warm-10000-004543-a83eac61,1784798825103,1784798825105,202,2.000,warm
4547,exp-warm-10000-004752-2b3d00a4,1784798825103,1784798825119,202,16.000,warm
4548,exp-warm-10000-004536-6584f9aa,1784798825104,1784798825104,202,0.000,warm
4549,exp-warm-10000-004535-ac0d97ab,1784798825104,1784798825104,202,0.000,warm
4550,exp-warm-10000-004537-832f4e6a,1784798825104,1784798825104,202,0.000,warm
4551,exp-warm-10000-004539-48f292b9,1784798825104,1784798825104,202,0.000,warm
4552,exp-warm-10000-004538-ccca2cba,1784798825104,1784798825104,202,0.000,warm
4553,exp-warm-10000-004555-2ec1b5cd,1784798825104,1784798825105,202,1.000,warm
4554,exp-warm-10000-004557-7b989933,1784798825104,1784798825105,202,1.000,warm
4555,exp-warm-10000-004556-e7af926d,1784798825104,1784798825105,202,1.000,warm
4556,exp-warm-10000-004558-e462e0e9,1784798825104,1784798825105,202,1.000,warm
4557,exp-warm-10000-004560-d05f1573,1784798825104,1784798825105,202,1.000,warm
4558,exp-warm-10000-004559-5f6b4df8,1784798825104,1784798825105,202,1.000,warm
4559,exp-warm-10000-004563-fec233cc,1784798825104,1784798825105,202,1.000,warm
4560,exp-warm-10000-004545-b40f4b4d,1784798825104,1784798825105,202,1.000,warm
4561,exp-warm-10000-004571-164ffa77,1784798825104,1784798825106,202,2.000,warm
4562,exp-warm-10000-004585-d66028b5,1784798825104,1784798825107,202,3.000,warm
4563,exp-warm-10000-004581-edb95915,1784798825104,1784798825107,202,3.000,warm
4564,exp-warm-10000-004771-64738cf9,1784798825104,1784798825120,202,16.000,warm
4565,exp-warm-10000-004772-37d3e40c,1784798825104,1784798825120,202,16.000,warm
4566,exp-warm-10000-004773-6101a793,1784798825104,1784798825120,202,16.000,warm
4567,exp-warm-10000-004552-ae1affb4,1784798825105,1784798825105,202,0.000,warm
4568,exp-warm-10000-004551-47acbee4,1784798825105,1784798825105,202,0.000,warm
4569,exp-warm-10000-004553-60a32034,1784798825105,1784798825105,202,0.000,warm
4570,exp-warm-10000-004554-e0bd5258,1784798825105,1784798825105,202,0.000,warm
4571,exp-warm-10000-004550-24f3f2df,1784798825105,1784798825105,202,0.000,warm
4572,exp-warm-10000-004569-2f365d41,1784798825105,1784798825106,202,1.000,warm
4573,exp-warm-10000-004570-c08a914a,1784798825105,1784798825106,202,1.000,warm
4574,exp-warm-10000-004565-f3a49394,1784798825105,1784798825106,202,1.000,warm
4575,exp-warm-10000-004573-2de4f921,1784798825105,1784798825106,202,1.000,warm
4576,exp-warm-10000-004567-214629ba,1784798825105,1784798825106,202,1.000,warm
4577,exp-warm-10000-004572-43e70a28,1784798825105,1784798825106,202,1.000,warm
4578,exp-warm-10000-004587-55914611,1784798825105,1784798825107,202,2.000,warm
4579,exp-warm-10000-004768-f6d2903d,1784798825105,1784798825120,202,15.000,warm
4580,exp-warm-10000-004564-a0cba271,1784798825106,1784798825106,202,0.000,warm
4581,exp-warm-10000-004566-cc507a82,1784798825106,1784798825106,202,0.000,warm
4582,exp-warm-10000-004562-420ef0a6,1784798825106,1784798825106,202,0.000,warm
4583,exp-warm-10000-004568-827ae6b3,1784798825106,1784798825106,202,0.000,warm
4584,exp-warm-10000-004582-fd7adcd7,1784798825106,1784798825107,202,1.000,warm
4585,exp-warm-10000-004583-ad51eb62,1784798825106,1784798825107,202,1.000,warm
4586,exp-warm-10000-004580-70deab93,1784798825106,1784798825107,202,1.000,warm
4587,exp-warm-10000-004574-aa03e3fc,1784798825106,1784798825107,202,1.000,warm
4588,exp-warm-10000-004586-edaf30d6,1784798825106,1784798825107,202,1.000,warm
4589,exp-warm-10000-004589-8aca2221,1784798825106,1784798825107,202,1.000,warm
4590,exp-warm-10000-004588-86016186,1784798825106,1784798825107,202,1.000,warm
4591,exp-warm-10000-004591-996c74e8,1784798825106,1784798825107,202,1.000,warm
4592,exp-warm-10000-004577-7cf87f79,1784798825106,1784798825107,202,1.000,warm
4593,exp-warm-10000-004584-e4deed20,1784798825106,1784798825107,202,1.000,warm
4594,exp-warm-10000-004590-0a4413b7,1784798825106,1784798825108,202,2.000,warm
4595,exp-warm-10000-004576-00141b3f,1784798825107,1784798825107,202,0.000,warm
4596,exp-warm-10000-004575-081388b9,1784798825107,1784798825107,202,0.000,warm
4597,exp-warm-10000-004579-24e82023,1784798825107,1784798825107,202,0.000,warm
4598,exp-warm-10000-004578-1f527e3f,1784798825107,1784798825107,202,0.000,warm
4599,exp-warm-10000-004602-deca0d07,1784798825107,1784798825108,202,1.000,warm
4600,exp-warm-10000-004599-ebd0a5f4,1784798825107,1784798825108,202,1.000,warm
4601,exp-warm-10000-004596-3f05a28e,1784798825107,1784798825108,202,1.000,warm
4602,exp-warm-10000-004605-e1ae6d09,1784798825107,1784798825108,202,1.000,warm
4603,exp-warm-10000-004606-6d34e8c7,1784798825107,1784798825108,202,1.000,warm
4604,exp-warm-10000-004603-31d1d267,1784798825107,1784798825108,202,1.000,warm
4605,exp-warm-10000-004604-c5600289,1784798825107,1784798825108,202,1.000,warm
4606,exp-warm-10000-004601-7e6f3003,1784798825107,1784798825108,202,1.000,warm
4607,exp-warm-10000-004592-00523652,1784798825108,1784798825108,202,0.000,warm
4608,exp-warm-10000-004594-7d538d4e,1784798825108,1784798825108,202,0.000,warm
4609,exp-warm-10000-004598-65648293,1784798825108,1784798825108,202,0.000,warm
4610,exp-warm-10000-004595-75ac8764,1784798825108,1784798825108,202,0.000,warm
4611,exp-warm-10000-004597-1fd1ed14,1784798825108,1784798825108,202,0.000,warm
4612,exp-warm-10000-004593-d0a5a310,1784798825108,1784798825108,202,0.000,warm
4613,exp-warm-10000-004600-408e0f28,1784798825108,1784798825108,202,0.000,warm
4614,exp-warm-10000-004614-f13b1282,1784798825108,1784798825109,202,1.000,warm
4615,exp-warm-10000-004616-e314c83c,1784798825108,1784798825109,202,1.000,warm
4616,exp-warm-10000-004608-48437af4,1784798825108,1784798825109,202,1.000,warm
4617,exp-warm-10000-004613-0b83b4c6,1784798825108,1784798825109,202,1.000,warm
4618,exp-warm-10000-004618-38fe9a53,1784798825108,1784798825109,202,1.000,warm
4619,exp-warm-10000-004615-8e403cd3,1784798825108,1784798825109,202,1.000,warm
4620,exp-warm-10000-004617-88a1e280,1784798825108,1784798825109,202,1.000,warm
4621,exp-warm-10000-004641-4f2d3091,1784798825108,1784798825111,202,3.000,warm
4622,exp-warm-10000-004607-8336bb83,1784798825109,1784798825109,202,0.000,warm
4623,exp-warm-10000-004611-13e2a9c6,1784798825109,1784798825109,202,0.000,warm
4624,exp-warm-10000-004612-84d7c202,1784798825109,1784798825109,202,0.000,warm
4625,exp-warm-10000-004610-de0f3a05,1784798825109,1784798825109,202,0.000,warm
4626,exp-warm-10000-004609-26e40761,1784798825109,1784798825109,202,0.000,warm
4627,exp-warm-10000-004627-ee2ea67c,1784798825109,1784798825110,202,1.000,warm
4628,exp-warm-10000-004626-a9b776a8,1784798825109,1784798825110,202,1.000,warm
4629,exp-warm-10000-004621-dcfaad4d,1784798825109,1784798825110,202,1.000,warm
4630,exp-warm-10000-004629-b57bea13,1784798825109,1784798825110,202,1.000,warm
4631,exp-warm-10000-004628-1196ff05,1784798825109,1784798825110,202,1.000,warm
4632,exp-warm-10000-004630-ce46fc24,1784798825109,1784798825110,202,1.000,warm
4633,exp-warm-10000-004633-58ef41ea,1784798825109,1784798825110,202,1.000,warm
4634,exp-warm-10000-004625-0741a404,1784798825109,1784798825110,202,1.000,warm
4635,exp-warm-10000-004620-c2ff1a42,1784798825110,1784798825110,202,0.000,warm
4636,exp-warm-10000-004619-89c86dcd,1784798825110,1784798825110,202,0.000,warm
4637,exp-warm-10000-004622-85abb526,1784798825110,1784798825110,202,0.000,warm
4638,exp-warm-10000-004623-acf50db9,1784798825110,1784798825110,202,0.000,warm
4639,exp-warm-10000-004624-dddd6fe2,1784798825110,1784798825110,202,0.000,warm
4640,exp-warm-10000-004632-c5e20d13,1784798825110,1784798825111,202,1.000,warm
4641,exp-warm-10000-004642-68737c0b,1784798825110,1784798825111,202,1.000,warm
4642,exp-warm-10000-004643-a629453c,1784798825110,1784798825111,202,1.000,warm
4643,exp-warm-10000-004644-42b5f166,1784798825110,1784798825111,202,1.000,warm
4644,exp-warm-10000-004645-9f572614,1784798825110,1784798825111,202,1.000,warm
4645,exp-warm-10000-004649-f914dc5c,1784798825110,1784798825111,202,1.000,warm
4646,exp-warm-10000-004647-fc47e362,1784798825110,1784798825111,202,1.000,warm
4647,exp-warm-10000-004655-ae9679d9,1784798825110,1784798825112,202,2.000,warm
4648,exp-warm-10000-004631-14e43619,1784798825111,1784798825111,202,0.000,warm
4649,exp-warm-10000-004636-17adb81a,1784798825111,1784798825111,202,0.000,warm
4650,exp-warm-10000-004635-45eae4e3,1784798825111,1784798825111,202,0.000,warm
4651,exp-warm-10000-004638-2bdca93e,1784798825111,1784798825111,202,0.000,warm
4652,exp-warm-10000-004634-52a94756,1784798825111,1784798825111,202,0.000,warm
4653,exp-warm-10000-004639-afe8b535,1784798825111,1784798825111,202,0.000,warm
4654,exp-warm-10000-004637-050e412e,1784798825111,1784798825111,202,0.000,warm
4655,exp-warm-10000-004640-738acc88,1784798825111,1784798825111,202,0.000,warm
4656,exp-warm-10000-004646-a917bb05,1784798825111,1784798825112,202,1.000,warm
4657,exp-warm-10000-004654-b940b442,1784798825111,1784798825112,202,1.000,warm
4658,exp-warm-10000-004657-e3ff1c76,1784798825111,1784798825112,202,1.000,warm
4659,exp-warm-10000-004656-07c2eeb8,1784798825111,1784798825112,202,1.000,warm
4660,exp-warm-10000-004652-4bf2b136,1784798825111,1784798825112,202,1.000,warm
4661,exp-warm-10000-004659-fcb14631,1784798825111,1784798825112,202,1.000,warm
4662,exp-warm-10000-004660-181d8705,1784798825111,1784798825112,202,1.000,warm
4663,exp-warm-10000-004661-383cdb77,1784798825111,1784798825112,202,1.000,warm
4664,exp-warm-10000-004658-ee77fca9,1784798825111,1784798825112,202,1.000,warm
4665,exp-warm-10000-004662-65256340,1784798825111,1784798825112,202,1.000,warm
4666,exp-warm-10000-004648-cda48b08,1784798825112,1784798825112,202,0.000,warm
4667,exp-warm-10000-004650-fc18952e,1784798825112,1784798825112,202,0.000,warm
4668,exp-warm-10000-004653-95c8e1e7,1784798825112,1784798825112,202,0.000,warm
4669,exp-warm-10000-004651-75d51ae0,1784798825112,1784798825112,202,0.000,warm
4670,exp-warm-10000-004673-d3716d1d,1784798825112,1784798825113,202,1.000,warm
4671,exp-warm-10000-004670-ddb2acbf,1784798825112,1784798825113,202,1.000,warm
4672,exp-warm-10000-004676-b568dac9,1784798825112,1784798825113,202,1.000,warm
4673,exp-warm-10000-004672-a1fc1379,1784798825112,1784798825113,202,1.000,warm
4674,exp-warm-10000-004674-1caec35a,1784798825112,1784798825113,202,1.000,warm
4675,exp-warm-10000-004677-4fb4a33a,1784798825112,1784798825113,202,1.000,warm
4676,exp-warm-10000-004675-a38f97ca,1784798825112,1784798825113,202,1.000,warm
4677,exp-warm-10000-004678-94023808,1784798825112,1784798825113,202,1.000,warm
4678,exp-warm-10000-004679-85f5e9e5,1784798825112,1784798825113,202,1.000,warm
4679,exp-warm-10000-004671-23a1f1b4,1784798825112,1784798825113,202,1.000,warm
4680,exp-warm-10000-004700-21da87fb,1784798825112,1784798825115,202,3.000,warm
4681,exp-warm-10000-004664-0c48f277,1784798825113,1784798825113,202,0.000,warm
4682,exp-warm-10000-004663-b4e7d9d2,1784798825113,1784798825113,202,0.000,warm
4683,exp-warm-10000-004666-fc413014,1784798825113,1784798825113,202,0.000,warm
4684,exp-warm-10000-004668-bdb42d2e,1784798825113,1784798825113,202,0.000,warm
4685,exp-warm-10000-004667-3399a40d,1784798825113,1784798825113,202,0.000,warm
4686,exp-warm-10000-004665-ac64c4c1,1784798825113,1784798825113,202,0.000,warm
4687,exp-warm-10000-004669-67a476e1,1784798825113,1784798825113,202,0.000,warm
4688,exp-warm-10000-004687-63f9f825,1784798825113,1784798825114,202,1.000,warm
4689,exp-warm-10000-004691-87fb8c6d,1784798825113,1784798825114,202,1.000,warm
4690,exp-warm-10000-004688-9dd93f29,1784798825113,1784798825114,202,1.000,warm
4691,exp-warm-10000-004686-36826e5d,1784798825113,1784798825114,202,1.000,warm
4692,exp-warm-10000-004690-346d515b,1784798825113,1784798825114,202,1.000,warm
4693,exp-warm-10000-004689-0ac6b97b,1784798825113,1784798825114,202,1.000,warm
4694,exp-warm-10000-004692-342c8877,1784798825113,1784798825114,202,1.000,warm
4695,exp-warm-10000-004681-85c78bd0,1784798825114,1784798825114,202,0.000,warm
4696,exp-warm-10000-004680-5a8d7e01,1784798825114,1784798825114,202,0.000,warm
4697,exp-warm-10000-004682-be8a5655,1784798825114,1784798825114,202,0.000,warm
4698,exp-warm-10000-004683-6479586b,1784798825114,1784798825114,202,0.000,warm
4699,exp-warm-10000-004685-87bb5137,1784798825114,1784798825114,202,0.000,warm
4700,exp-warm-10000-004684-9e7a6406,1784798825114,1784798825114,202,0.000,warm
4701,exp-warm-10000-004701-0d28bb28,1784798825114,1784798825115,202,1.000,warm
4702,exp-warm-10000-004702-ae413dfb,1784798825114,1784798825115,202,1.000,warm
4703,exp-warm-10000-004704-0cb4669a,1784798825114,1784798825115,202,1.000,warm
4704,exp-warm-10000-004703-62ea109b,1784798825114,1784798825115,202,1.000,warm
4705,exp-warm-10000-004707-a2842eda,1784798825114,1784798825115,202,1.000,warm
4706,exp-warm-10000-004708-3bf1066f,1784798825114,1784798825115,202,1.000,warm
4707,exp-warm-10000-004699-70d3cac5,1784798825114,1784798825115,202,1.000,warm
4708,exp-warm-10000-004706-278cc7ac,1784798825114,1784798825115,202,1.000,warm
4709,exp-warm-10000-004705-0682bcb2,1784798825114,1784798825115,202,1.000,warm
4710,exp-warm-10000-004711-0baf446e,1784798825114,1784798825116,202,2.000,warm
4711,exp-warm-10000-004717-6d66b069,1784798825114,1784798825116,202,2.000,warm
4712,exp-warm-10000-004693-49b3e348,1784798825115,1784798825115,202,0.000,warm
4713,exp-warm-10000-004694-2e8863da,1784798825115,1784798825115,202,0.000,warm
4714,exp-warm-10000-004696-a74dfb92,1784798825115,1784798825115,202,0.000,warm
4715,exp-warm-10000-004698-61d6caca,1784798825115,1784798825115,202,0.000,warm
4716,exp-warm-10000-004695-badd9e2c,1784798825115,1784798825115,202,0.000,warm
4717,exp-warm-10000-004697-955d8785,1784798825115,1784798825115,202,0.000,warm
4718,exp-warm-10000-004716-f33b2d5c,1784798825115,1784798825116,202,1.000,warm
4719,exp-warm-10000-004718-3e80770b,1784798825115,1784798825116,202,1.000,warm
4720,exp-warm-10000-004710-6c8be474,1784798825116,1784798825116,202,0.000,warm
4721,exp-warm-10000-004714-fbec990c,1784798825116,1784798825116,202,0.000,warm
4722,exp-warm-10000-004709-07beb74f,1784798825116,1784798825116,202,0.000,warm
4723,exp-warm-10000-004715-1b9edd6c,1784798825116,1784798825116,202,0.000,warm
4724,exp-warm-10000-004712-43276d27,1784798825116,1784798825116,202,0.000,warm
4725,exp-warm-10000-004713-194c7af3,1784798825116,1784798825116,202,0.000,warm
4726,exp-warm-10000-004728-0b2ae2ff,1784798825116,1784798825117,202,1.000,warm
4727,exp-warm-10000-004727-064ea485,1784798825116,1784798825117,202,1.000,warm
4728,exp-warm-10000-004729-fc6d56b8,1784798825116,1784798825117,202,1.000,warm
4729,exp-warm-10000-004730-e42d932b,1784798825116,1784798825117,202,1.000,warm
4730,exp-warm-10000-004731-aad0308a,1784798825116,1784798825117,202,1.000,warm
4731,exp-warm-10000-004734-a105a41e,1784798825116,1784798825117,202,1.000,warm
4732,exp-warm-10000-004733-2dc5ac01,1784798825116,1784798825117,202,1.000,warm
4733,exp-warm-10000-004732-88619adc,1784798825116,1784798825117,202,1.000,warm
4734,exp-warm-10000-004726-7c8a1991,1784798825116,1784798825117,202,1.000,warm
4735,exp-warm-10000-004722-5305de70,1784798825117,1784798825117,202,0.000,warm
4736,exp-warm-10000-004721-7250b315,1784798825117,1784798825117,202,0.000,warm
4737,exp-warm-10000-004719-8d22aa06,1784798825117,1784798825117,202,0.000,warm
4738,exp-warm-10000-004720-74f50445,1784798825117,1784798825117,202,0.000,warm
4739,exp-warm-10000-004723-8798789b,1784798825117,1784798825117,202,0.000,warm
4740,exp-warm-10000-004724-a825a0f5,1784798825117,1784798825117,202,0.000,warm
4741,exp-warm-10000-004725-0edcf200,1784798825117,1784798825117,202,0.000,warm
4742,exp-warm-10000-004742-63c662b3,1784798825117,1784798825118,202,1.000,warm
4743,exp-warm-10000-004745-20f907e8,1784798825117,1784798825118,202,1.000,warm
4744,exp-warm-10000-004746-c3b3249b,1784798825117,1784798825118,202,1.000,warm
4745,exp-warm-10000-004750-7df256ba,1784798825117,1784798825118,202,1.000,warm
4746,exp-warm-10000-004749-794331f6,1784798825117,1784798825118,202,1.000,warm
4747,exp-warm-10000-004741-5768b478,1784798825117,1784798825118,202,1.000,warm
4748,exp-warm-10000-004747-cedcaaea,1784798825117,1784798825118,202,1.000,warm
4749,exp-warm-10000-004751-6fa1e8f4,1784798825117,1784798825118,202,1.000,warm
4750,exp-warm-10000-004744-1959e347,1784798825117,1784798825118,202,1.000,warm
4751,exp-warm-10000-004748-25267824,1784798825117,1784798825118,202,1.000,warm
4752,exp-warm-10000-004737-02db67d4,1784798825118,1784798825118,202,0.000,warm
4753,exp-warm-10000-004736-cb822f48,1784798825118,1784798825118,202,0.000,warm
4754,exp-warm-10000-004739-23c39daa,1784798825118,1784798825118,202,0.000,warm
4755,exp-warm-10000-004738-a98fe26d,1784798825118,1784798825118,202,0.000,warm
4756,exp-warm-10000-004743-554e10a8,1784798825118,1784798825118,202,0.000,warm
4757,exp-warm-10000-004740-e166eac0,1784798825118,1784798825118,202,0.000,warm
4758,exp-warm-10000-004754-211a3ece,1784798825118,1784798825119,202,1.000,warm
4759,exp-warm-10000-004757-5bd212e0,1784798825118,1784798825119,202,1.000,warm
4760,exp-warm-10000-004763-b996b373,1784798825118,1784798825119,202,1.000,warm
4761,exp-warm-10000-004762-2995dfce,1784798825118,1784798825119,202,1.000,warm
4762,exp-warm-10000-004765-ace66785,1784798825118,1784798825119,202,1.000,warm
4763,exp-warm-10000-004766-d8363b22,1784798825118,1784798825119,202,1.000,warm
4764,exp-warm-10000-004761-427a8e48,1784798825118,1784798825119,202,1.000,warm
4765,exp-warm-10000-004764-20a9002f,1784798825118,1784798825119,202,1.000,warm
4766,exp-warm-10000-004753-79eecd99,1784798825118,1784798825119,202,1.000,warm
4767,exp-warm-10000-004755-40592cd2,1784798825118,1784798825119,202,1.000,warm
4768,exp-warm-10000-004758-b1674069,1784798825119,1784798825119,202,0.000,warm
4769,exp-warm-10000-004756-d4ae5bd7,1784798825119,1784798825119,202,0.000,warm
4770,exp-warm-10000-004759-f3e93518,1784798825119,1784798825119,202,0.000,warm
4771,exp-warm-10000-004760-7a869206,1784798825119,1784798825119,202,0.000,warm
4772,exp-warm-10000-004767-ffbf63a8,1784798825120,1784798825120,202,0.000,warm
4773,exp-warm-10000-004851-dd167c5c,1784798825130,1784798825139,202,9.000,warm
4774,exp-warm-10000-005078-e747f3f3,1784798825130,1784798825150,202,20.000,warm
4775,exp-warm-10000-004995-cacf3b31,1784798825131,1784798825146,202,15.000,warm
4776,exp-warm-10000-004776-76c2c6ed,1784798825132,1784798825135,202,3.000,warm
4777,exp-warm-10000-004831-69e9ff9f,1784798825132,1784798825138,202,6.000,warm
4778,exp-warm-10000-004846-151a2c6d,1784798825132,1784798825138,202,6.000,warm
4779,exp-warm-10000-004845-77680e37,1784798825132,1784798825138,202,6.000,warm
4780,exp-warm-10000-004842-2b03996f,1784798825132,1784798825138,202,6.000,warm
4781,exp-warm-10000-004838-5ff41ceb,1784798825132,1784798825138,202,6.000,warm
4782,exp-warm-10000-004876-dbbe0594,1784798825132,1784798825140,202,8.000,warm
4783,exp-warm-10000-005283-499725b1,1784798825132,1784798825160,202,28.000,warm
4784,exp-warm-10000-004814-c64913de,1784798825133,1784798825137,202,4.000,warm
4785,exp-warm-10000-004827-4fb53c48,1784798825133,1784798825138,202,5.000,warm
4786,exp-warm-10000-004829-1a7c1bd2,1784798825133,1784798825138,202,5.000,warm
4787,exp-warm-10000-004828-d2dd4dba,1784798825133,1784798825138,202,5.000,warm
4788,exp-warm-10000-004837-4997b9f5,1784798825133,1784798825138,202,5.000,warm
4789,exp-warm-10000-004840-bd0e2683,1784798825133,1784798825138,202,5.000,warm
4790,exp-warm-10000-004836-d387bc3b,1784798825133,1784798825138,202,5.000,warm
4791,exp-warm-10000-004832-a506b73b,1784798825133,1784798825138,202,5.000,warm
4792,exp-warm-10000-004826-eb578b23,1784798825133,1784798825138,202,5.000,warm
4793,exp-warm-10000-004858-9d6406e8,1784798825133,1784798825139,202,6.000,warm
4794,exp-warm-10000-004872-a284e629,1784798825133,1784798825139,202,6.000,warm
4795,exp-warm-10000-004854-56aaf4dc,1784798825133,1784798825139,202,6.000,warm
4796,exp-warm-10000-004997-c832eff1,1784798825133,1784798825146,202,13.000,warm
4797,exp-warm-10000-004775-4b6d0c92,1784798825134,1784798825135,202,1.000,warm
4798,exp-warm-10000-004777-8ace9b79,1784798825134,1784798825135,202,1.000,warm
4799,exp-warm-10000-004769-3c650e32,1784798825134,1784798825135,202,1.000,warm
4800,exp-warm-10000-004779-67dc0928,1784798825134,1784798825135,202,1.000,warm
4801,exp-warm-10000-004778-153f4f96,1784798825134,1784798825135,202,1.000,warm
4802,exp-warm-10000-004802-4c2b3784,1784798825134,1784798825136,202,2.000,warm
4803,exp-warm-10000-004804-0a589847,1784798825134,1784798825136,202,2.000,warm
4804,exp-warm-10000-004792-c18fd4de,1784798825134,1784798825136,202,2.000,warm
4805,exp-warm-10000-004781-04c517ee,1784798825134,1784798825136,202,2.000,warm
4806,exp-warm-10000-004853-af3b5d5b,1784798825134,1784798825139,202,5.000,warm
4807,exp-warm-10000-004873-dd619a64,1784798825134,1784798825139,202,5.000,warm
4808,exp-warm-10000-004866-2e569d31,1784798825134,1784798825139,202,5.000,warm
4809,exp-warm-10000-004859-8ea9536e,1784798825134,1784798825139,202,5.000,warm
4810,exp-warm-10000-004870-1a4194db,1784798825134,1784798825139,202,5.000,warm
4811,exp-warm-10000-004868-1208a309,1784798825134,1784798825139,202,5.000,warm
4812,exp-warm-10000-004903-75092804,1784798825134,1784798825141,202,7.000,warm
4813,exp-warm-10000-005063-0b86db66,1784798825134,1784798825149,202,15.000,warm
4814,exp-warm-10000-005287-a8bd45c9,1784798825134,1784798825161,202,27.000,warm
4815,exp-warm-10000-004783-d77bd577,1784798825135,1784798825136,202,1.000,warm
4816,exp-warm-10000-004784-df50fe4f,1784798825135,1784798825136,202,1.000,warm
4817,exp-warm-10000-004786-d652d8e6,1784798825135,1784798825136,202,1.000,warm
4818,exp-warm-10000-004787-479f74c2,1784798825135,1784798825136,202,1.000,warm
4819,exp-warm-10000-004791-39ec99d9,1784798825135,1784798825136,202,1.000,warm
4820,exp-warm-10000-004788-d2d0dc43,1784798825135,1784798825136,202,1.000,warm
4821,exp-warm-10000-004794-1981db6a,1784798825135,1784798825136,202,1.000,warm
4822,exp-warm-10000-004796-fb5fc400,1784798825135,1784798825136,202,1.000,warm
4823,exp-warm-10000-004795-5ed925f7,1784798825135,1784798825136,202,1.000,warm
4824,exp-warm-10000-004797-317a1134,1784798825135,1784798825136,202,1.000,warm
4825,exp-warm-10000-004801-0b84461d,1784798825135,1784798825136,202,1.000,warm
4826,exp-warm-10000-004798-b7d6b1bf,1784798825135,1784798825136,202,1.000,warm
4827,exp-warm-10000-004774-5ccee950,1784798825135,1784798825136,202,1.000,warm
4828,exp-warm-10000-004800-d73223d4,1784798825135,1784798825136,202,1.000,warm
4829,exp-warm-10000-004793-62ec3e13,1784798825135,1784798825136,202,1.000,warm
4830,exp-warm-10000-004789-6b4c9c1f,1784798825135,1784798825136,202,1.000,warm
4831,exp-warm-10000-004799-2348ecf0,1784798825135,1784798825136,202,1.000,warm
4832,exp-warm-10000-004809-2c529103,1784798825135,1784798825137,202,2.000,warm
4833,exp-warm-10000-004822-bf91d1ba,1784798825135,1784798825137,202,2.000,warm
4834,exp-warm-10000-004843-21cb63e7,1784798825135,1784798825138,202,3.000,warm
4835,exp-warm-10000-004862-b78a28bb,1784798825135,1784798825139,202,4.000,warm
4836,exp-warm-10000-004867-e5cd74fb,1784798825135,1784798825139,202,4.000,warm
4837,exp-warm-10000-004848-b3296a68,1784798825135,1784798825139,202,4.000,warm
4838,exp-warm-10000-004852-7e973d83,1784798825135,1784798825139,202,4.000,warm
4839,exp-warm-10000-004882-bbf5cfdc,1784798825135,1784798825140,202,5.000,warm
4840,exp-warm-10000-004885-ccdb253e,1784798825135,1784798825140,202,5.000,warm
4841,exp-warm-10000-004888-8fbf0823,1784798825135,1784798825140,202,5.000,warm
4842,exp-warm-10000-005196-b0924525,1784798825135,1784798825155,202,20.000,warm
4843,exp-warm-10000-004782-3fdabf47,1784798825136,1784798825136,202,0.000,warm
4844,exp-warm-10000-004780-3fc4bd6b,1784798825136,1784798825136,202,0.000,warm
4845,exp-warm-10000-004785-44262d84,1784798825136,1784798825136,202,0.000,warm
4846,exp-warm-10000-004806-e38042d9,1784798825136,1784798825137,202,1.000,warm
4847,exp-warm-10000-004803-f28a7cf5,1784798825136,1784798825137,202,1.000,warm
4848,exp-warm-10000-004807-7defdf11,1784798825136,1784798825137,202,1.000,warm
4849,exp-warm-10000-004808-bef84b1c,1784798825136,1784798825137,202,1.000,warm
4850,exp-warm-10000-004813-1037b311,1784798825136,1784798825137,202,1.000,warm
4851,exp-warm-10000-004815-2aa8fb23,1784798825136,1784798825137,202,1.000,warm
4852,exp-warm-10000-004810-6b53897a,1784798825136,1784798825137,202,1.000,warm
4853,exp-warm-10000-004817-5b034c26,1784798825136,1784798825137,202,1.000,warm
4854,exp-warm-10000-004811-86ff91f4,1784798825136,1784798825137,202,1.000,warm
4855,exp-warm-10000-004820-96c64226,1784798825136,1784798825137,202,1.000,warm
4856,exp-warm-10000-004821-78516a62,1784798825136,1784798825137,202,1.000,warm
4857,exp-warm-10000-004819-60aa8842,1784798825136,1784798825137,202,1.000,warm
4858,exp-warm-10000-004812-6bc0c4d5,1784798825136,1784798825137,202,1.000,warm
4859,exp-warm-10000-004818-0c0bb042,1784798825136,1784798825137,202,1.000,warm
4860,exp-warm-10000-004790-d72146eb,1784798825136,1784798825137,202,1.000,warm
4861,exp-warm-10000-004823-02ea7394,1784798825136,1784798825137,202,1.000,warm
4862,exp-warm-10000-004816-1a560476,1784798825136,1784798825137,202,1.000,warm
4863,exp-warm-10000-004841-a9109e35,1784798825136,1784798825138,202,2.000,warm
4864,exp-warm-10000-004844-641c5787,1784798825136,1784798825138,202,2.000,warm
4865,exp-warm-10000-004850-7d15eac6,1784798825136,1784798825139,202,3.000,warm
4866,exp-warm-10000-004864-a40ca2d7,1784798825136,1784798825139,202,3.000,warm
4867,exp-warm-10000-004879-ff2e86e9,1784798825136,1784798825140,202,4.000,warm
4868,exp-warm-10000-004874-203aaa87,1784798825136,1784798825140,202,4.000,warm
4869,exp-warm-10000-004878-d81b325a,1784798825136,1784798825140,202,4.000,warm
4870,exp-warm-10000-004887-9aaaa7d8,1784798825136,1784798825140,202,4.000,warm
4871,exp-warm-10000-004805-e3f78798,1784798825137,1784798825137,202,0.000,warm
4872,exp-warm-10000-004825-0e4b6346,1784798825137,1784798825138,202,1.000,warm
4873,exp-warm-10000-004824-2db5cfe5,1784798825137,1784798825138,202,1.000,warm
4874,exp-warm-10000-004830-0cbdbec6,1784798825137,1784798825138,202,1.000,warm
4875,exp-warm-10000-004833-d1991945,1784798825137,1784798825138,202,1.000,warm
4876,exp-warm-10000-004835-a471e954,1784798825137,1784798825138,202,1.000,warm
4877,exp-warm-10000-004834-6518587b,1784798825137,1784798825138,202,1.000,warm
4878,exp-warm-10000-004839-52befb07,1784798825137,1784798825138,202,1.000,warm
4879,exp-warm-10000-004871-ea713e23,1784798825137,1784798825139,202,2.000,warm
4880,exp-warm-10000-004865-32a0df5e,1784798825137,1784798825139,202,2.000,warm
4881,exp-warm-10000-004883-77f4d009,1784798825137,1784798825140,202,3.000,warm
4882,exp-warm-10000-004849-449f8186,1784798825138,1784798825139,202,1.000,warm
4883,exp-warm-10000-004847-1dd950bb,1784798825138,1784798825139,202,1.000,warm
4884,exp-warm-10000-004855-d03bc1a1,1784798825138,1784798825139,202,1.000,warm
4885,exp-warm-10000-004857-a66c5c49,1784798825138,1784798825139,202,1.000,warm
4886,exp-warm-10000-004856-9f64de60,1784798825138,1784798825139,202,1.000,warm
4887,exp-warm-10000-004863-1334d776,1784798825138,1784798825139,202,1.000,warm
4888,exp-warm-10000-004861-5864b9b5,1784798825138,1784798825139,202,1.000,warm
4889,exp-warm-10000-004860-f9368a9d,1784798825138,1784798825139,202,1.000,warm
4890,exp-warm-10000-004869-80a89d62,1784798825138,1784798825139,202,1.000,warm
4891,exp-warm-10000-004900-a9e5a97e,1784798825138,1784798825141,202,3.000,warm
4892,exp-warm-10000-004895-d008b9a9,1784798825138,1784798825141,202,3.000,warm
4893,exp-warm-10000-004904-fe98d35b,1784798825138,1784798825141,202,3.000,warm
4894,exp-warm-10000-004910-8c2a5415,1784798825138,1784798825141,202,3.000,warm
4895,exp-warm-10000-004894-361199f0,1784798825138,1784798825141,202,3.000,warm
4896,exp-warm-10000-004919-cd1a187b,1784798825138,1784798825142,202,4.000,warm
4897,exp-warm-10000-004928-2e9d6d74,1784798825138,1784798825142,202,4.000,warm
4898,exp-warm-10000-004909-7a69c3b7,1784798825138,1784798825142,202,4.000,warm
4899,exp-warm-10000-004920-94c2bc32,1784798825138,1784798825142,202,4.000,warm
4900,exp-warm-10000-004899-b1ed85f7,1784798825138,1784798825141,202,3.000,warm
4901,exp-warm-10000-005027-d4602748,1784798825138,1784798825147,202,9.000,warm
4902,exp-warm-10000-005047-07114ddc,1784798825138,1784798825148,202,10.000,warm
4903,exp-warm-10000-005061-674e2d15,1784798825138,1784798825149,202,11.000,warm
4904,exp-warm-10000-005079-0d5343d7,1784798825138,1784798825150,202,12.000,warm
4905,exp-warm-10000-005129-994223ae,1784798825138,1784798825152,202,14.000,warm
4906,exp-warm-10000-005296-9b6546e4,1784798825138,1784798825161,202,23.000,warm
4907,exp-warm-10000-005335-be45cf9b,1784798825138,1784798825163,202,25.000,warm
4908,exp-warm-10000-004877-53435a04,1784798825139,1784798825140,202,1.000,warm
4909,exp-warm-10000-004881-cb4a5d15,1784798825139,1784798825140,202,1.000,warm
4910,exp-warm-10000-004880-0c22ed49,1784798825139,1784798825140,202,1.000,warm
4911,exp-warm-10000-004884-811295f3,1784798825139,1784798825140,202,1.000,warm
4912,exp-warm-10000-004889-e703cdeb,1784798825139,1784798825140,202,1.000,warm
4913,exp-warm-10000-004875-dc6e9d01,1784798825139,1784798825140,202,1.000,warm
4914,exp-warm-10000-004886-96daa455,1784798825139,1784798825140,202,1.000,warm
4915,exp-warm-10000-004896-b8eb8e03,1784798825139,1784798825141,202,2.000,warm
4916,exp-warm-10000-004907-5b8fcb6b,1784798825139,1784798825141,202,2.000,warm
4917,exp-warm-10000-004906-4f9b6c8d,1784798825139,1784798825141,202,2.000,warm
4918,exp-warm-10000-004913-1afd7cf1,1784798825139,1784798825142,202,3.000,warm
4919,exp-warm-10000-004921-ab663e59,1784798825139,1784798825142,202,3.000,warm
4920,exp-warm-10000-004926-884116be,1784798825139,1784798825142,202,3.000,warm
4921,exp-warm-10000-004916-7b24054f,1784798825139,1784798825142,202,3.000,warm
4922,exp-warm-10000-004956-d209cd91,1784798825139,1784798825144,202,5.000,warm
4923,exp-warm-10000-005036-b666f944,1784798825139,1784798825148,202,9.000,warm
4924,exp-warm-10000-005089-18ff5e90,1784798825139,1784798825150,202,11.000,warm
4925,exp-warm-10000-005103-d11352ba,1784798825139,1784798825151,202,12.000,warm
4926,exp-warm-10000-005292-4bd21f8b,1784798825139,1784798825161,202,22.000,warm
4927,exp-warm-10000-005305-06eaadca,1784798825139,1784798825162,202,23.000,warm
4928,exp-warm-10000-004890-614ab94d,1784798825140,1784798825141,202,1.000,warm
4929,exp-warm-10000-004892-1ea2b11d,1784798825140,1784798825141,202,1.000,warm
4930,exp-warm-10000-004891-1e9bcc33,1784798825140,1784798825141,202,1.000,warm
4931,exp-warm-10000-004893-d59e2577,1784798825140,1784798825141,202,1.000,warm
4932,exp-warm-10000-004897-47bb043e,1784798825140,1784798825141,202,1.000,warm
4933,exp-warm-10000-004898-c5d8a838,1784798825140,1784798825141,202,1.000,warm
4934,exp-warm-10000-004902-9b41076b,1784798825140,1784798825141,202,1.000,warm
4935,exp-warm-10000-004901-eecffea3,1784798825140,1784798825141,202,1.000,warm
4936,exp-warm-10000-004905-095ed128,1784798825140,1784798825141,202,1.000,warm
4937,exp-warm-10000-004908-5cf88c6f,1784798825140,1784798825141,202,1.000,warm
4938,exp-warm-10000-004911-ffd994b5,1784798825140,1784798825142,202,2.000,warm
4939,exp-warm-10000-004922-794561e7,1784798825140,1784798825142,202,2.000,warm
4940,exp-warm-10000-004929-aae7ff0e,1784798825140,1784798825142,202,2.000,warm
4941,exp-warm-10000-004927-48fb089d,1784798825140,1784798825142,202,2.000,warm
4942,exp-warm-10000-004912-652a3933,1784798825140,1784798825142,202,2.000,warm
4943,exp-warm-10000-004923-c269a51e,1784798825140,1784798825142,202,2.000,warm
4944,exp-warm-10000-004939-b5b722de,1784798825140,1784798825143,202,3.000,warm
4945,exp-warm-10000-004932-2e43041b,1784798825140,1784798825143,202,3.000,warm
4946,exp-warm-10000-004937-4eb16404,1784798825140,1784798825143,202,3.000,warm
4947,exp-warm-10000-004935-87402943,1784798825140,1784798825143,202,3.000,warm
4948,exp-warm-10000-005028-3745dc9a,1784798825140,1784798825148,202,8.000,warm
4949,exp-warm-10000-005038-52b151de,1784798825140,1784798825148,202,8.000,warm
4950,exp-warm-10000-005032-fb35f1d7,1784798825140,1784798825148,202,8.000,warm
4951,exp-warm-10000-005045-27c590be,1784798825140,1784798825148,202,8.000,warm
4952,exp-warm-10000-005037-124b0894,1784798825140,1784798825148,202,8.000,warm
4953,exp-warm-10000-005041-eae792bb,1784798825140,1784798825148,202,8.000,warm
4954,exp-warm-10000-005044-4b856e69,1784798825140,1784798825148,202,8.000,warm
4955,exp-warm-10000-005059-9b83b09d,1784798825140,1784798825149,202,9.000,warm
4956,exp-warm-10000-005088-1123bb66,1784798825140,1784798825150,202,10.000,warm
4957,exp-warm-10000-005099-58a08679,1784798825140,1784798825151,202,11.000,warm
4958,exp-warm-10000-005116-bb11b2f1,1784798825140,1784798825151,202,11.000,warm
4959,exp-warm-10000-005108-fbdbac1e,1784798825140,1784798825151,202,11.000,warm
4960,exp-warm-10000-004915-9631e49d,1784798825141,1784798825142,202,1.000,warm
4961,exp-warm-10000-004914-9afa7ccf,1784798825141,1784798825142,202,1.000,warm
4962,exp-warm-10000-004917-4e8db694,1784798825141,1784798825142,202,1.000,warm
4963,exp-warm-10000-004918-7b6ee911,1784798825141,1784798825142,202,1.000,warm
4964,exp-warm-10000-004930-2db4b0f4,1784798825141,1784798825142,202,1.000,warm
4965,exp-warm-10000-004944-ae63735e,1784798825141,1784798825143,202,2.000,warm
4966,exp-warm-10000-004947-9555c7ef,1784798825141,1784798825143,202,2.000,warm
4967,exp-warm-10000-004949-88d26c9e,1784798825141,1784798825143,202,2.000,warm
4968,exp-warm-10000-004936-0ecb2d6c,1784798825141,1784798825143,202,2.000,warm
4969,exp-warm-10000-004942-9574e274,1784798825141,1784798825143,202,2.000,warm
4970,exp-warm-10000-004933-e993b143,1784798825141,1784798825143,202,2.000,warm
4971,exp-warm-10000-004925-1737baa6,1784798825141,1784798825143,202,2.000,warm
4972,exp-warm-10000-004934-ecd61da5,1784798825141,1784798825143,202,2.000,warm
4973,exp-warm-10000-004948-db508fc4,1784798825141,1784798825143,202,2.000,warm
4974,exp-warm-10000-004963-a9b11243,1784798825141,1784798825144,202,3.000,warm
4975,exp-warm-10000-004952-e75bc21c,1784798825141,1784798825144,202,3.000,warm
4976,exp-warm-10000-004938-ddd81b85,1784798825141,1784798825144,202,3.000,warm
4977,exp-warm-10000-004977-05bc05ef,1784798825141,1784798825145,202,4.000,warm
4978,exp-warm-10000-004982-aac92539,1784798825141,1784798825145,202,4.000,warm
4979,exp-warm-10000-004931-16f15673,1784798825141,1784798825143,202,2.000,warm
4980,exp-warm-10000-005015-d6e392d0,1784798825141,1784798825147,202,6.000,warm
4981,exp-warm-10000-005018-f23867e0,1784798825141,1784798825147,202,6.000,warm
4982,exp-warm-10000-005022-1921f455,1784798825141,1784798825147,202,6.000,warm
4983,exp-warm-10000-005048-4f087c1a,1784798825141,1784798825148,202,7.000,warm
4984,exp-warm-10000-005065-6acbf174,1784798825141,1784798825149,202,8.000,warm
4985,exp-warm-10000-005069-476bc6fa,1784798825141,1784798825149,202,8.000,warm
4986,exp-warm-10000-005067-94d8ab5d,1784798825141,1784798825149,202,8.000,warm
4987,exp-warm-10000-005072-54fcbe5f,1784798825141,1784798825149,202,8.000,warm
4988,exp-warm-10000-004941-741e8e57,1784798825142,1784798825143,202,1.000,warm
4989,exp-warm-10000-004940-e6abf92e,1784798825142,1784798825143,202,1.000,warm
4990,exp-warm-10000-004946-e184f55c,1784798825142,1784798825143,202,1.000,warm
4991,exp-warm-10000-004945-683896b1,1784798825142,1784798825143,202,1.000,warm
4992,exp-warm-10000-004924-3704be32,1784798825142,1784798825143,202,1.000,warm
4993,exp-warm-10000-004943-be4bd50c,1784798825142,1784798825143,202,1.000,warm
4994,exp-warm-10000-004957-e7c33ee8,1784798825142,1784798825144,202,2.000,warm
4995,exp-warm-10000-004962-90bb902e,1784798825142,1784798825144,202,2.000,warm
4996,exp-warm-10000-004967-181b1a48,1784798825142,1784798825144,202,2.000,warm
4997,exp-warm-10000-004960-486fe75d,1784798825142,1784798825144,202,2.000,warm
4998,exp-warm-10000-004959-62475183,1784798825142,1784798825144,202,2.000,warm
4999,exp-warm-10000-004961-142ec6ee,1784798825142,1784798825144,202,2.000,warm
5000,exp-warm-10000-004966-6d4c5b00,1784798825142,1784798825144,202,2.000,warm
5001,exp-warm-10000-004964-c9f95303,1784798825142,1784798825144,202,2.000,warm
5002,exp-warm-10000-004968-cdea0bc6,1784798825142,1784798825144,202,2.000,warm
5003,exp-warm-10000-004965-c9e52473,1784798825142,1784798825144,202,2.000,warm
5004,exp-warm-10000-004985-e1a79366,1784798825142,1784798825146,202,4.000,warm
5005,exp-warm-10000-004988-e128579c,1784798825142,1784798825146,202,4.000,warm
5006,exp-warm-10000-005006-fb513074,1784798825142,1784798825146,202,4.000,warm
5007,exp-warm-10000-005004-3dd9c97f,1784798825142,1784798825146,202,4.000,warm
5008,exp-warm-10000-004989-4180574c,1784798825142,1784798825146,202,4.000,warm
5009,exp-warm-10000-004996-b263f3da,1784798825142,1784798825146,202,4.000,warm
5010,exp-warm-10000-005021-0065e747,1784798825142,1784798825147,202,5.000,warm
5011,exp-warm-10000-005035-d8043556,1784798825142,1784798825148,202,6.000,warm
5012,exp-warm-10000-005052-1e6d07cf,1784798825142,1784798825149,202,7.000,warm
5013,exp-warm-10000-005060-6ff7235c,1784798825142,1784798825149,202,7.000,warm
5014,exp-warm-10000-005054-38e7c93a,1784798825142,1784798825149,202,7.000,warm
5015,exp-warm-10000-005087-4be3b4f9,1784798825142,1784798825150,202,8.000,warm
5016,exp-warm-10000-005179-fe384741,1784798825142,1784798825154,202,12.000,warm
5017,exp-warm-10000-004951-6f93dec2,1784798825143,1784798825144,202,1.000,warm
5018,exp-warm-10000-004954-06622e4f,1784798825143,1784798825144,202,1.000,warm
5019,exp-warm-10000-004958-a8d203fb,1784798825143,1784798825144,202,1.000,warm
5020,exp-warm-10000-004953-16c6a6a2,1784798825143,1784798825144,202,1.000,warm
5021,exp-warm-10000-004979-dac65cf0,1784798825143,1784798825145,202,2.000,warm
5022,exp-warm-10000-004980-75fe3f40,1784798825143,1784798825145,202,2.000,warm
5023,exp-warm-10000-004975-bc061ed9,1784798825143,1784798825145,202,2.000,warm
5024,exp-warm-10000-004981-c02d946d,1784798825143,1784798825145,202,2.000,warm
5025,exp-warm-10000-004950-847a40f6,1784798825143,1784798825144,202,1.000,warm
5026,exp-warm-10000-004991-c6ada42a,1784798825143,1784798825146,202,3.000,warm
5027,exp-warm-10000-004993-1949a665,1784798825143,1784798825146,202,3.000,warm
5028,exp-warm-10000-005073-639be0b0,1784798825143,1784798825150,202,7.000,warm
5029,exp-warm-10000-005074-7d034979,1784798825143,1784798825150,202,7.000,warm
5030,exp-warm-10000-005077-05f4ed16,1784798825143,1784798825150,202,7.000,warm
5031,exp-warm-10000-005090-728fe38f,1784798825143,1784798825150,202,7.000,warm
5032,exp-warm-10000-005082-b2ffa3a2,1784798825143,1784798825150,202,7.000,warm
5033,exp-warm-10000-005094-7885918c,1784798825143,1784798825150,202,7.000,warm
5034,exp-warm-10000-005095-2e655472,1784798825143,1784798825150,202,7.000,warm
5035,exp-warm-10000-004969-8bf42c4e,1784798825143,1784798825150,202,7.000,warm
5036,exp-warm-10000-005086-07ed9f3c,1784798825143,1784798825150,202,7.000,warm
5037,exp-warm-10000-005131-ebb48a82,1784798825143,1784798825152,202,9.000,warm
5038,exp-warm-10000-005181-bd5dcbaf,1784798825143,1784798825154,202,11.000,warm
5039,exp-warm-10000-004972-a2d611ac,1784798825144,1784798825145,202,1.000,warm
5040,exp-warm-10000-004974-b661aad3,1784798825144,1784798825145,202,1.000,warm
5041,exp-warm-10000-004976-e0ea9344,1784798825144,1784798825145,202,1.000,warm
5042,exp-warm-10000-004978-13cc2be5,1784798825144,1784798825145,202,1.000,warm
5043,exp-warm-10000-004973-9e60fb0d,1784798825144,1784798825145,202,1.000,warm
5044,exp-warm-10000-005005-8383b7c4,1784798825144,1784798825146,202,2.000,warm
5045,exp-warm-10000-004955-c5738866,1784798825144,1784798825146,202,2.000,warm
5046,exp-warm-10000-004987-e8f52b6f,1784798825144,1784798825146,202,2.000,warm
5047,exp-warm-10000-004990-835f2262,1784798825144,1784798825146,202,2.000,warm
5048,exp-warm-10000-005010-9b43490d,1784798825144,1784798825147,202,3.000,warm
5049,exp-warm-10000-005017-5d9db432,1784798825144,1784798825147,202,3.000,warm
5050,exp-warm-10000-005016-160e15d8,1784798825144,1784798825147,202,3.000,warm
5051,exp-warm-10000-005033-5099160c,1784798825144,1784798825148,202,4.000,warm
5052,exp-warm-10000-005107-4f9665fa,1784798825144,1784798825151,202,7.000,warm
5053,exp-warm-10000-005100-689c8631,1784798825144,1784798825151,202,7.000,warm
5054,exp-warm-10000-005117-ff246757,1784798825144,1784798825151,202,7.000,warm
5055,exp-warm-10000-005096-6982eb53,1784798825144,1784798825151,202,7.000,warm
5056,exp-warm-10000-005186-693b31ef,1784798825144,1784798825155,202,11.000,warm
5057,exp-warm-10000-005248-a3658833,1784798825144,1784798825158,202,14.000,warm
5058,exp-warm-10000-004994-268a55a6,1784798825145,1784798825146,202,1.000,warm
5059,exp-warm-10000-004983-88ca6c62,1784798825145,1784798825146,202,1.000,warm
5060,exp-warm-10000-004998-06a430b5,1784798825145,1784798825146,202,1.000,warm
5061,exp-warm-10000-004986-32fa85ce,1784798825145,1784798825146,202,1.000,warm
5062,exp-warm-10000-004999-4f7cb153,1784798825145,1784798825146,202,1.000,warm
5063,exp-warm-10000-005000-1bfc8464,1784798825145,1784798825146,202,1.000,warm
5064,exp-warm-10000-005001-e799eca7,1784798825145,1784798825146,202,1.000,warm
5065,exp-warm-10000-005002-d815cdb5,1784798825145,1784798825146,202,1.000,warm
5066,exp-warm-10000-005003-4d5a1037,1784798825145,1784798825146,202,1.000,warm
5067,exp-warm-10000-004992-a20a07c9,1784798825145,1784798825146,202,1.000,warm
5068,exp-warm-10000-005023-e8aea29f,1784798825145,1784798825147,202,2.000,warm
5069,exp-warm-10000-005056-e981a533,1784798825145,1784798825149,202,4.000,warm
5070,exp-warm-10000-005062-01cfdc66,1784798825145,1784798825149,202,4.000,warm
5071,exp-warm-10000-005070-b2e28b09,1784798825145,1784798825149,202,4.000,warm
5072,exp-warm-10000-005085-2bd4dd77,1784798825145,1784798825150,202,5.000,warm
5073,exp-warm-10000-005093-485abc29,1784798825145,1784798825150,202,5.000,warm
5074,exp-warm-10000-005105-5e6e7900,1784798825145,1784798825151,202,6.000,warm
5075,exp-warm-10000-005114-322d911a,1784798825145,1784798825151,202,6.000,warm
5076,exp-warm-10000-005110-10959e83,1784798825145,1784798825151,202,6.000,warm
5077,exp-warm-10000-005133-e60eba84,1784798825145,1784798825152,202,7.000,warm
5078,exp-warm-10000-005125-be020095,1784798825145,1784798825152,202,7.000,warm
5079,exp-warm-10000-005127-28085a32,1784798825145,1784798825152,202,7.000,warm
5080,exp-warm-10000-005144-e6e4d19f,1784798825145,1784798825153,202,8.000,warm
5081,exp-warm-10000-005151-a202644e,1784798825145,1784798825153,202,8.000,warm
5082,exp-warm-10000-005152-d53c72dc,1784798825145,1784798825153,202,8.000,warm
5083,exp-warm-10000-005155-7537449f,1784798825145,1784798825153,202,8.000,warm
5084,exp-warm-10000-005159-42f17940,1784798825145,1784798825153,202,8.000,warm
5085,exp-warm-10000-005173-4615795b,1784798825145,1784798825154,202,9.000,warm
5086,exp-warm-10000-005177-a595951e,1784798825145,1784798825154,202,9.000,warm
5087,exp-warm-10000-005228-ab2c1bf1,1784798825145,1784798825157,202,12.000,warm
5088,exp-warm-10000-004984-7eac3231,1784798825146,1784798825146,202,0.000,warm
5089,exp-warm-10000-005007-3434b520,1784798825146,1784798825147,202,1.000,warm
5090,exp-warm-10000-005008-8c471ea2,1784798825146,1784798825147,202,1.000,warm
5091,exp-warm-10000-005009-ca41fd1f,1784798825146,1784798825147,202,1.000,warm
5092,exp-warm-10000-005011-bbd0f709,1784798825146,1784798825147,202,1.000,warm
5093,exp-warm-10000-005012-9972a23d,1784798825146,1784798825147,202,1.000,warm
5094,exp-warm-10000-005013-15a97318,1784798825146,1784798825147,202,1.000,warm
5095,exp-warm-10000-005014-d529b91a,1784798825146,1784798825147,202,1.000,warm
5096,exp-warm-10000-005024-de527ca1,1784798825146,1784798825147,202,1.000,warm
5097,exp-warm-10000-005019-92d65cfa,1784798825146,1784798825147,202,1.000,warm
5098,exp-warm-10000-005020-fe084cc5,1784798825146,1784798825147,202,1.000,warm
5099,exp-warm-10000-005026-d886b004,1784798825146,1784798825147,202,1.000,warm
5100,exp-warm-10000-005049-5e4cd85d,1784798825146,1784798825148,202,2.000,warm
5101,exp-warm-10000-005055-ed03c33a,1784798825146,1784798825149,202,3.000,warm
5102,exp-warm-10000-005053-13e7be61,1784798825146,1784798825149,202,3.000,warm
5103,exp-warm-10000-005123-19af3aa0,1784798825146,1784798825152,202,6.000,warm
5104,exp-warm-10000-005121-3a82ad49,1784798825146,1784798825152,202,6.000,warm
5105,exp-warm-10000-005122-0b6d46ea,1784798825146,1784798825152,202,6.000,warm
5106,exp-warm-10000-005156-ab76098c,1784798825146,1784798825153,202,7.000,warm
5107,exp-warm-10000-005172-019fd53c,1784798825146,1784798825154,202,8.000,warm
5108,exp-warm-10000-005178-997e6bbe,1784798825146,1784798825154,202,8.000,warm
5109,exp-warm-10000-005204-aa6c1d23,1784798825146,1784798825156,202,10.000,warm
5110,exp-warm-10000-005219-304a8fd3,1784798825146,1784798825156,202,10.000,warm
5111,exp-warm-10000-005025-2c3a888e,1784798825147,1784798825148,202,1.000,warm
5112,exp-warm-10000-005030-242bec13,1784798825147,1784798825148,202,1.000,warm
5113,exp-warm-10000-005031-abbac147,1784798825147,1784798825148,202,1.000,warm
5114,exp-warm-10000-005034-c853480c,1784798825147,1784798825148,202,1.000,warm
5115,exp-warm-10000-005029-f8a735e4,1784798825147,1784798825148,202,1.000,warm
5116,exp-warm-10000-005039-5c454d02,1784798825147,1784798825148,202,1.000,warm
5117,exp-warm-10000-005040-2d9d7fa5,1784798825147,1784798825148,202,1.000,warm
5118,exp-warm-10000-005042-3e049818,1784798825147,1784798825148,202,1.000,warm
5119,exp-warm-10000-005043-7537ae8a,1784798825147,1784798825148,202,1.000,warm
5120,exp-warm-10000-005046-64c17687,1784798825147,1784798825148,202,1.000,warm
5121,exp-warm-10000-004971-381f5918,1784798825147,1784798825149,202,2.000,warm
5122,exp-warm-10000-005071-b305734f,1784798825147,1784798825149,202,2.000,warm
5123,exp-warm-10000-005058-0e16379c,1784798825147,1784798825149,202,2.000,warm
5124,exp-warm-10000-005076-9a5db543,1784798825147,1784798825150,202,3.000,warm
5125,exp-warm-10000-005158-5b5e31f2,1784798825147,1784798825153,202,6.000,warm
5126,exp-warm-10000-005167-d6102f28,1784798825147,1784798825154,202,7.000,warm
5127,exp-warm-10000-005165-a56b9edf,1784798825147,1784798825154,202,7.000,warm
5128,exp-warm-10000-005171-a51f2e1b,1784798825147,1784798825154,202,7.000,warm
5129,exp-warm-10000-005222-e7369389,1784798825147,1784798825157,202,10.000,warm
5130,exp-warm-10000-005395-860c528e,1784798825147,1784798825167,202,20.000,warm
5131,exp-warm-10000-005051-2fbf0fb9,1784798825148,1784798825149,202,1.000,warm
5132,exp-warm-10000-005050-ab93e85a,1784798825148,1784798825149,202,1.000,warm
5133,exp-warm-10000-005057-2746f8c3,1784798825148,1784798825149,202,1.000,warm
5134,exp-warm-10000-005064-16fc47b6,1784798825148,1784798825149,202,1.000,warm
5135,exp-warm-10000-005066-2e220540,1784798825148,1784798825149,202,1.000,warm
5136,exp-warm-10000-005068-1041c56e,1784798825148,1784798825149,202,1.000,warm
5137,exp-warm-10000-004970-b0bc8950,1784798825148,1784798825149,202,1.000,warm
5138,exp-warm-10000-005091-ac6ce191,1784798825148,1784798825150,202,2.000,warm
5139,exp-warm-10000-005092-23e02bc5,1784798825148,1784798825150,202,2.000,warm
5140,exp-warm-10000-005102-3e670358,1784798825148,1784798825151,202,3.000,warm
5141,exp-warm-10000-005101-231f5206,1784798825148,1784798825151,202,3.000,warm
5142,exp-warm-10000-005135-b0f99047,1784798825148,1784798825152,202,4.000,warm
5143,exp-warm-10000-005134-cbb8c476,1784798825148,1784798825152,202,4.000,warm
5144,exp-warm-10000-005170-0edfc137,1784798825148,1784798825154,202,6.000,warm
5145,exp-warm-10000-005188-d1c116ae,1784798825148,1784798825155,202,7.000,warm
5146,exp-warm-10000-005189-f183a057,1784798825148,1784798825155,202,7.000,warm
5147,exp-warm-10000-005193-780bc762,1784798825148,1784798825155,202,7.000,warm
5148,exp-warm-10000-005200-d1a5588b,1784798825148,1784798825155,202,7.000,warm
5149,exp-warm-10000-005203-3888110c,1784798825148,1784798825155,202,7.000,warm
5150,exp-warm-10000-005227-b24c5ab5,1784798825148,1784798825157,202,9.000,warm
5151,exp-warm-10000-005235-6a7bbe3f,1784798825148,1784798825157,202,9.000,warm
5152,exp-warm-10000-005260-a44b565c,1784798825148,1784798825159,202,11.000,warm
5153,exp-warm-10000-005075-310274bb,1784798825149,1784798825150,202,1.000,warm
5154,exp-warm-10000-005080-a45c4932,1784798825149,1784798825150,202,1.000,warm
5155,exp-warm-10000-005081-6b21163a,1784798825149,1784798825150,202,1.000,warm
5156,exp-warm-10000-005083-653a5229,1784798825149,1784798825150,202,1.000,warm
5157,exp-warm-10000-005084-e7ceb64b,1784798825149,1784798825150,202,1.000,warm
5158,exp-warm-10000-005113-8565e2c3,1784798825149,1784798825151,202,2.000,warm
5159,exp-warm-10000-005097-a5ad570a,1784798825149,1784798825151,202,2.000,warm
5160,exp-warm-10000-005111-40900f41,1784798825149,1784798825151,202,2.000,warm
5161,exp-warm-10000-005115-09382c99,1784798825149,1784798825151,202,2.000,warm
5162,exp-warm-10000-005216-8025e9f8,1784798825149,1784798825156,202,7.000,warm
5163,exp-warm-10000-005221-f87e94a6,1784798825149,1784798825156,202,7.000,warm
5164,exp-warm-10000-005207-794545b8,1784798825149,1784798825156,202,7.000,warm
5165,exp-warm-10000-005215-97038f0a,1784798825149,1784798825156,202,7.000,warm
5166,exp-warm-10000-005208-a183a578,1784798825149,1784798825156,202,7.000,warm
5167,exp-warm-10000-005245-ee78ec71,1784798825149,1784798825158,202,9.000,warm
5168,exp-warm-10000-005285-c9aaac3b,1784798825149,1784798825160,202,11.000,warm
5169,exp-warm-10000-005299-e3108bb8,1784798825149,1784798825161,202,12.000,warm
5170,exp-warm-10000-005298-f2291fe7,1784798825149,1784798825161,202,12.000,warm
5171,exp-warm-10000-005300-ae4bb601,1784798825149,1784798825161,202,12.000,warm
5172,exp-warm-10000-005314-be76ee76,1784798825149,1784798825162,202,13.000,warm
5173,exp-warm-10000-005098-c00dbe00,1784798825150,1784798825151,202,1.000,warm
5174,exp-warm-10000-005104-6052cdf5,1784798825150,1784798825151,202,1.000,warm
5175,exp-warm-10000-005106-6f37cef1,1784798825150,1784798825151,202,1.000,warm
5176,exp-warm-10000-005109-c02d2655,1784798825150,1784798825151,202,1.000,warm
5177,exp-warm-10000-005112-4d803c25,1784798825150,1784798825151,202,1.000,warm
5178,exp-warm-10000-005118-ba5e50ab,1784798825150,1784798825151,202,1.000,warm
5179,exp-warm-10000-005120-4d024c9f,1784798825150,1784798825151,202,1.000,warm
5180,exp-warm-10000-005119-3f1859ff,1784798825150,1784798825151,202,1.000,warm
5181,exp-warm-10000-005136-33c55ecf,1784798825150,1784798825152,202,2.000,warm
5182,exp-warm-10000-005138-4b1296e8,1784798825150,1784798825152,202,2.000,warm
5183,exp-warm-10000-005126-304a22be,1784798825150,1784798825152,202,2.000,warm
5184,exp-warm-10000-005139-dacf0824,1784798825150,1784798825152,202,2.000,warm
5185,exp-warm-10000-005137-b8ead4e9,1784798825150,1784798825152,202,2.000,warm
5186,exp-warm-10000-005128-490886a5,1784798825150,1784798825152,202,2.000,warm
5187,exp-warm-10000-005124-cde8644f,1784798825150,1784798825152,202,2.000,warm
5188,exp-warm-10000-005132-a60cb1b6,1784798825150,1784798825152,202,2.000,warm
5189,exp-warm-10000-005161-655dfc76,1784798825150,1784798825153,202,3.000,warm
5190,exp-warm-10000-005147-2ac7c716,1784798825150,1784798825153,202,3.000,warm
5191,exp-warm-10000-005169-f876f9fe,1784798825150,1784798825154,202,4.000,warm
5192,exp-warm-10000-005199-687eb7dd,1784798825150,1784798825155,202,5.000,warm
5193,exp-warm-10000-005238-ac84c1cf,1784798825150,1784798825157,202,7.000,warm
5194,exp-warm-10000-005226-e134d9cc,1784798825150,1784798825157,202,7.000,warm
5195,exp-warm-10000-005233-27dfc6a7,1784798825150,1784798825157,202,7.000,warm
5196,exp-warm-10000-005234-bf227c4a,1784798825150,1784798825157,202,7.000,warm
5197,exp-warm-10000-005254-fb40f635,1784798825150,1784798825158,202,8.000,warm
5198,exp-warm-10000-005239-264b9088,1784798825150,1784798825158,202,8.000,warm
5199,exp-warm-10000-005281-316b4662,1784798825150,1784798825160,202,10.000,warm
5200,exp-warm-10000-005318-4b2c6b6e,1784798825150,1784798825162,202,12.000,warm
5201,exp-warm-10000-005130-29981ac9,1784798825151,1784798825152,202,1.000,warm
5202,exp-warm-10000-005150-32e53044,1784798825151,1784798825153,202,2.000,warm
5203,exp-warm-10000-005143-762cc2cf,1784798825151,1784798825153,202,2.000,warm
5204,exp-warm-10000-005157-6ccb047b,1784798825151,1784798825153,202,2.000,warm
5205,exp-warm-10000-005153-206eebec,1784798825151,1784798825153,202,2.000,warm
5206,exp-warm-10000-005160-6ff9ec3c,1784798825151,1784798825153,202,2.000,warm
5207,exp-warm-10000-005140-20727360,1784798825151,1784798825153,202,2.000,warm
5208,exp-warm-10000-005168-a65fa4c4,1784798825151,1784798825154,202,3.000,warm
5209,exp-warm-10000-005175-1d6a93f1,1784798825151,1784798825154,202,3.000,warm
5210,exp-warm-10000-005192-35b9734d,1784798825151,1784798825155,202,4.000,warm
5211,exp-warm-10000-005223-3c0666d4,1784798825151,1784798825157,202,6.000,warm
5212,exp-warm-10000-005224-a6dc151f,1784798825151,1784798825157,202,6.000,warm
5213,exp-warm-10000-005255-c169e7f2,1784798825151,1784798825158,202,7.000,warm
5214,exp-warm-10000-005259-c634e3ee,1784798825151,1784798825158,202,7.000,warm
5215,exp-warm-10000-005240-2ea79be6,1784798825151,1784798825158,202,7.000,warm
5216,exp-warm-10000-005253-a87bbbec,1784798825151,1784798825158,202,7.000,warm
5217,exp-warm-10000-005297-d2afff0d,1784798825151,1784798825161,202,10.000,warm
5218,exp-warm-10000-005141-25ec5f9a,1784798825152,1784798825153,202,1.000,warm
5219,exp-warm-10000-005145-8bc2454e,1784798825152,1784798825153,202,1.000,warm
5220,exp-warm-10000-005142-2c430e99,1784798825152,1784798825153,202,1.000,warm
5221,exp-warm-10000-005149-63d08e04,1784798825152,1784798825153,202,1.000,warm
5222,exp-warm-10000-005148-be5cf458,1784798825152,1784798825153,202,1.000,warm
5223,exp-warm-10000-005146-f0d72530,1784798825152,1784798825153,202,1.000,warm
5224,exp-warm-10000-005154-9641ddb7,1784798825152,1784798825153,202,1.000,warm
5225,exp-warm-10000-005180-b52ba2fd,1784798825152,1784798825154,202,2.000,warm
5226,exp-warm-10000-005164-a4463584,1784798825152,1784798825154,202,2.000,warm
5227,exp-warm-10000-005174-2d3c9b02,1784798825152,1784798825154,202,2.000,warm
5228,exp-warm-10000-005163-45be96d1,1784798825152,1784798825154,202,2.000,warm
5229,exp-warm-10000-005185-fa89817a,1784798825152,1784798825154,202,2.000,warm
5230,exp-warm-10000-005166-503100a6,1784798825152,1784798825154,202,2.000,warm
5231,exp-warm-10000-005195-319f916f,1784798825152,1784798825155,202,3.000,warm
5232,exp-warm-10000-005217-6ad7aa72,1784798825152,1784798825156,202,4.000,warm
5233,exp-warm-10000-005237-8f87ca10,1784798825152,1784798825157,202,5.000,warm
5234,exp-warm-10000-005236-597fcbeb,1784798825152,1784798825158,202,6.000,warm
5235,exp-warm-10000-005250-656b7d05,1784798825152,1784798825158,202,6.000,warm
5236,exp-warm-10000-005242-5d23606f,1784798825152,1784798825158,202,6.000,warm
5237,exp-warm-10000-005249-ded09405,1784798825152,1784798825158,202,6.000,warm
5238,exp-warm-10000-005247-5a8b751c,1784798825152,1784798825158,202,6.000,warm
5239,exp-warm-10000-005241-5825c115,1784798825152,1784798825158,202,6.000,warm
5240,exp-warm-10000-005246-19b2326f,1784798825152,1784798825158,202,6.000,warm
5241,exp-warm-10000-005271-550cbc88,1784798825152,1784798825159,202,7.000,warm
5242,exp-warm-10000-005273-462db67f,1784798825152,1784798825159,202,7.000,warm
5243,exp-warm-10000-005263-ca8c004c,1784798825152,1784798825159,202,7.000,warm
5244,exp-warm-10000-005294-3925a00f,1784798825152,1784798825161,202,9.000,warm
5245,exp-warm-10000-005302-ed8c73b5,1784798825152,1784798825161,202,9.000,warm
5246,exp-warm-10000-005317-a5ed0142,1784798825152,1784798825162,202,10.000,warm
5247,exp-warm-10000-005310-72d316a5,1784798825152,1784798825162,202,10.000,warm
5248,exp-warm-10000-005345-2012ae0c,1784798825152,1784798825164,202,12.000,warm
5249,exp-warm-10000-005362-aee4d45b,1784798825152,1784798825165,202,13.000,warm
5250,exp-warm-10000-005363-3ddfcdc5,1784798825152,1784798825165,202,13.000,warm
5251,exp-warm-10000-005176-f59c2a86,1784798825153,1784798825154,202,1.000,warm
5252,exp-warm-10000-005183-cc174e5f,1784798825153,1784798825154,202,1.000,warm
5253,exp-warm-10000-005184-ad001ac9,1784798825153,1784798825154,202,1.000,warm
5254,exp-warm-10000-005194-28533bd0,1784798825153,1784798825155,202,2.000,warm
5255,exp-warm-10000-005198-3fb3bb5a,1784798825153,1784798825155,202,2.000,warm
5256,exp-warm-10000-005162-3a432b69,1784798825153,1784798825155,202,2.000,warm
5257,exp-warm-10000-005182-27f8ede6,1784798825153,1784798825155,202,2.000,warm
5258,exp-warm-10000-005191-bfdc5d06,1784798825153,1784798825155,202,2.000,warm
5259,exp-warm-10000-005190-d7585ead,1784798825153,1784798825155,202,2.000,warm
5260,exp-warm-10000-005218-74e45238,1784798825153,1784798825156,202,3.000,warm
5261,exp-warm-10000-005214-90a54a31,1784798825153,1784798825156,202,3.000,warm
5262,exp-warm-10000-005230-62f997ec,1784798825153,1784798825157,202,4.000,warm
5263,exp-warm-10000-005272-09fdd55d,1784798825153,1784798825159,202,6.000,warm
5264,exp-warm-10000-005261-4514dbfa,1784798825153,1784798825159,202,6.000,warm
5265,exp-warm-10000-005266-d5af200d,1784798825153,1784798825159,202,6.000,warm
5266,exp-warm-10000-005265-24d1a29b,1784798825153,1784798825159,202,6.000,warm
5267,exp-warm-10000-005307-417733f2,1784798825153,1784798825162,202,9.000,warm
5268,exp-warm-10000-005309-0bf21076,1784798825153,1784798825162,202,9.000,warm
5269,exp-warm-10000-005319-77f0bcdd,1784798825153,1784798825162,202,9.000,warm
5270,exp-warm-10000-005320-d26159bb,1784798825153,1784798825162,202,9.000,warm
5271,exp-warm-10000-005313-81d81910,1784798825153,1784798825162,202,9.000,warm
5272,exp-warm-10000-005316-5750dd25,1784798825153,1784798825162,202,9.000,warm
5273,exp-warm-10000-005315-c5add658,1784798825153,1784798825162,202,9.000,warm
5274,exp-warm-10000-005312-dc1548c3,1784798825153,1784798825162,202,9.000,warm
5275,exp-warm-10000-005323-138a36cc,1784798825153,1784798825163,202,10.000,warm
5276,exp-warm-10000-005337-2a9de949,1784798825153,1784798825163,202,10.000,warm
5277,exp-warm-10000-005385-33eba1bf,1784798825153,1784798825166,202,13.000,warm
5278,exp-warm-10000-005473-00f27dc9,1784798825153,1784798825171,202,18.000,warm
5279,exp-warm-10000-005554-003259ad,1784798825153,1784798825175,202,22.000,warm
5280,exp-warm-10000-005187-cc9a68b3,1784798825154,1784798825155,202,1.000,warm
5281,exp-warm-10000-005197-618951e8,1784798825154,1784798825155,202,1.000,warm
5282,exp-warm-10000-005201-b8015879,1784798825154,1784798825155,202,1.000,warm
5283,exp-warm-10000-005202-4a8836fb,1784798825154,1784798825155,202,1.000,warm
5284,exp-warm-10000-005213-7a4be503,1784798825154,1784798825156,202,2.000,warm
5285,exp-warm-10000-005220-10f6df60,1784798825154,1784798825156,202,2.000,warm
5286,exp-warm-10000-005205-49b85d45,1784798825154,1784798825156,202,2.000,warm
5287,exp-warm-10000-005206-e613b8cf,1784798825154,1784798825156,202,2.000,warm
5288,exp-warm-10000-005231-c271d6d4,1784798825154,1784798825157,202,3.000,warm
5289,exp-warm-10000-005269-cc1a755a,1784798825154,1784798825159,202,5.000,warm
5290,exp-warm-10000-005282-35564a84,1784798825154,1784798825160,202,6.000,warm
5291,exp-warm-10000-005275-c86d25c0,1784798825154,1784798825160,202,6.000,warm
5292,exp-warm-10000-005306-9bb150da,1784798825154,1784798825162,202,8.000,warm
5293,exp-warm-10000-005308-ecc6f81a,1784798825154,1784798825162,202,8.000,warm
5294,exp-warm-10000-005332-f3030f0c,1784798825154,1784798825163,202,9.000,warm
5295,exp-warm-10000-005333-b3a05f3e,1784798825154,1784798825163,202,9.000,warm
5296,exp-warm-10000-005328-dbb9b2f4,1784798825154,1784798825163,202,9.000,warm
5297,exp-warm-10000-005330-f56eaed5,1784798825154,1784798825163,202,9.000,warm
5298,exp-warm-10000-005334-a1399abf,1784798825154,1784798825163,202,9.000,warm
5299,exp-warm-10000-005409-fe34b313,1784798825154,1784798825167,202,13.000,warm
5300,exp-warm-10000-005419-6efd2885,1784798825154,1784798825168,202,14.000,warm
5301,exp-warm-10000-005420-234a0d47,1784798825154,1784798825168,202,14.000,warm
5302,exp-warm-10000-005422-80c8240a,1784798825154,1784798825168,202,14.000,warm
5303,exp-warm-10000-005210-6a97e19c,1784798825155,1784798825156,202,1.000,warm
5304,exp-warm-10000-005212-cf1a3819,1784798825155,1784798825156,202,1.000,warm
5305,exp-warm-10000-005211-a70f87b3,1784798825155,1784798825156,202,1.000,warm
5306,exp-warm-10000-005209-b3171825,1784798825155,1784798825156,202,1.000,warm
5307,exp-warm-10000-005252-93240d52,1784798825155,1784798825158,202,3.000,warm
5308,exp-warm-10000-005244-45334120,1784798825155,1784798825158,202,3.000,warm
5309,exp-warm-10000-005257-7d6491e9,1784798825155,1784798825158,202,3.000,warm
5310,exp-warm-10000-005251-8c9e7213,1784798825155,1784798825158,202,3.000,warm
5311,exp-warm-10000-005256-ee71c8fe,1784798825155,1784798825158,202,3.000,warm
5312,exp-warm-10000-005331-d64f4dfd,1784798825155,1784798825163,202,8.000,warm
5313,exp-warm-10000-005336-4cafbdc1,1784798825155,1784798825163,202,8.000,warm
5314,exp-warm-10000-005342-42e418c3,1784798825155,1784798825163,202,8.000,warm
5315,exp-warm-10000-005353-0c21ff9b,1784798825155,1784798825164,202,9.000,warm
5316,exp-warm-10000-005356-f88a5d0c,1784798825155,1784798825164,202,9.000,warm
5317,exp-warm-10000-005352-2e47d402,1784798825155,1784798825164,202,9.000,warm
5318,exp-warm-10000-005355-2c0b70be,1784798825155,1784798825164,202,9.000,warm
5319,exp-warm-10000-005360-e8d7e57c,1784798825155,1784798825164,202,9.000,warm
5320,exp-warm-10000-005357-ba3dbe9a,1784798825155,1784798825164,202,9.000,warm
5321,exp-warm-10000-005370-390d0415,1784798825155,1784798825165,202,10.000,warm
5322,exp-warm-10000-005441-a91feada,1784798825155,1784798825169,202,14.000,warm
5323,exp-warm-10000-005229-0f8d42cd,1784798825156,1784798825157,202,1.000,warm
5324,exp-warm-10000-005232-3b3b1044,1784798825156,1784798825157,202,1.000,warm
5325,exp-warm-10000-005225-1f3ba941,1784798825156,1784798825157,202,1.000,warm
5326,exp-warm-10000-005258-1134e621,1784798825156,1784798825158,202,2.000,warm
5327,exp-warm-10000-005262-6fb96d59,1784798825156,1784798825159,202,3.000,warm
5328,exp-warm-10000-005293-663ba2c8,1784798825156,1784798825161,202,5.000,warm
5329,exp-warm-10000-005324-55e1f59c,1784798825156,1784798825162,202,6.000,warm
5330,exp-warm-10000-005358-a154574c,1784798825156,1784798825164,202,8.000,warm
5331,exp-warm-10000-005368-d9ed6cba,1784798825156,1784798825165,202,9.000,warm
5332,exp-warm-10000-005371-de5de58b,1784798825156,1784798825165,202,9.000,warm
5333,exp-warm-10000-005459-85245dd6,1784798825156,1784798825170,202,14.000,warm
5334,exp-warm-10000-005524-b6fb0016,1784798825156,1784798825174,202,18.000,warm
5335,exp-warm-10000-005243-fd892af6,1784798825157,1784798825158,202,1.000,warm
5336,exp-warm-10000-005274-cb0d9c11,1784798825157,1784798825159,202,2.000,warm
5337,exp-warm-10000-005268-402445d2,1784798825157,1784798825159,202,2.000,warm
5338,exp-warm-10000-005284-52cb62c1,1784798825157,1784798825160,202,3.000,warm
5339,exp-warm-10000-005289-e874703e,1784798825157,1784798825161,202,4.000,warm
5340,exp-warm-10000-005326-0a5cf3bf,1784798825157,1784798825163,202,6.000,warm
5341,exp-warm-10000-005339-66f9e194,1784798825157,1784798825163,202,6.000,warm
5342,exp-warm-10000-005341-c26bc6a4,1784798825157,1784798825164,202,7.000,warm
5343,exp-warm-10000-005348-b04de6b6,1784798825157,1784798825164,202,7.000,warm
5344,exp-warm-10000-005347-8059685d,1784798825157,1784798825164,202,7.000,warm
5345,exp-warm-10000-005367-a464a1c7,1784798825157,1784798825165,202,8.000,warm
5346,exp-warm-10000-005369-e1330427,1784798825157,1784798825165,202,8.000,warm
5347,exp-warm-10000-005377-ad978580,1784798825157,1784798825166,202,9.000,warm
5348,exp-warm-10000-005384-4213e73d,1784798825157,1784798825166,202,9.000,warm
5349,exp-warm-10000-005389-018e0882,1784798825157,1784798825166,202,9.000,warm
5350,exp-warm-10000-005397-de9a8a08,1784798825157,1784798825167,202,10.000,warm
5351,exp-warm-10000-005437-b60ad3f5,1784798825157,1784798825169,202,12.000,warm
5352,exp-warm-10000-005457-6a5338ed,1784798825157,1784798825170,202,13.000,warm
5353,exp-warm-10000-005494-a60908f5,1784798825157,1784798825172,202,15.000,warm
5354,exp-warm-10000-005502-26ecb1c7,1784798825157,1784798825173,202,16.000,warm
5355,exp-warm-10000-005264-8abea5f3,1784798825158,1784798825159,202,1.000,warm
5356,exp-warm-10000-005267-bb687c47,1784798825158,1784798825159,202,1.000,warm
5357,exp-warm-10000-005270-243da0c8,1784798825158,1784798825159,202,1.000,warm
5358,exp-warm-10000-005278-c4cf0e78,1784798825158,1784798825160,202,2.000,warm
5359,exp-warm-10000-005280-e5bb6a88,1784798825158,1784798825160,202,2.000,warm
5360,exp-warm-10000-005286-3081f328,1784798825158,1784798825160,202,2.000,warm
5361,exp-warm-10000-005301-bcf1d0f5,1784798825158,1784798825161,202,3.000,warm
5362,exp-warm-10000-005304-219b746c,1784798825158,1784798825161,202,3.000,warm
5363,exp-warm-10000-005325-43d51695,1784798825158,1784798825163,202,5.000,warm
5364,exp-warm-10000-005351-fd4768a3,1784798825158,1784798825164,202,6.000,warm
5365,exp-warm-10000-005354-c1dbd975,1784798825158,1784798825164,202,6.000,warm
5366,exp-warm-10000-005373-aab757e8,1784798825158,1784798825166,202,8.000,warm
5367,exp-warm-10000-005386-a97bedb8,1784798825158,1784798825166,202,8.000,warm
5368,exp-warm-10000-005381-ad4c2f02,1784798825158,1784798825166,202,8.000,warm
5369,exp-warm-10000-005379-97c24584,1784798825158,1784798825166,202,8.000,warm
5370,exp-warm-10000-005374-6768c6c7,1784798825158,1784798825166,202,8.000,warm
5371,exp-warm-10000-005391-fc786ab2,1784798825158,1784798825166,202,8.000,warm
5372,exp-warm-10000-005553-dbf1003b,1784798825158,1784798825175,202,17.000,warm
5373,exp-warm-10000-005277-eb1ddb8d,1784798825159,1784798825160,202,1.000,warm
5374,exp-warm-10000-005279-5e5bd180,1784798825159,1784798825160,202,1.000,warm
5375,exp-warm-10000-005276-1e338709,1784798825159,1784798825160,202,1.000,warm
5376,exp-warm-10000-005290-4d7ed8ab,1784798825159,1784798825161,202,2.000,warm
5377,exp-warm-10000-005303-bf7ee6ab,1784798825159,1784798825162,202,3.000,warm
5378,exp-warm-10000-005349-08ac9bf8,1784798825159,1784798825164,202,5.000,warm
5379,exp-warm-10000-005398-5889cbb3,1784798825159,1784798825167,202,8.000,warm
5380,exp-warm-10000-005406-2c81ae70,1784798825159,1784798825167,202,8.000,warm
5381,exp-warm-10000-005411-77b949fb,1784798825159,1784798825167,202,8.000,warm
5382,exp-warm-10000-005413-f2362197,1784798825159,1784798825167,202,8.000,warm
5383,exp-warm-10000-005418-292f98fe,1784798825159,1784798825168,202,9.000,warm
5384,exp-warm-10000-005440-730a1ae9,1784798825159,1784798825169,202,10.000,warm
5385,exp-warm-10000-005455-063848f2,1784798825159,1784798825170,202,11.000,warm
5386,exp-warm-10000-005544-e9f08e37,1784798825159,1784798825175,202,16.000,warm
5387,exp-warm-10000-005679-108da030,1784798825159,1784798825182,202,23.000,warm
5388,exp-warm-10000-005295-1864329a,1784798825160,1784798825161,202,1.000,warm
5389,exp-warm-10000-005291-dbf5f26a,1784798825160,1784798825161,202,1.000,warm
5390,exp-warm-10000-005288-915d2e5b,1784798825160,1784798825161,202,1.000,warm
5391,exp-warm-10000-005311-fda7d8d0,1784798825160,1784798825162,202,2.000,warm
5392,exp-warm-10000-005327-3c2a40c7,1784798825160,1784798825163,202,3.000,warm
5393,exp-warm-10000-005322-62d373e0,1784798825160,1784798825163,202,3.000,warm
5394,exp-warm-10000-005329-5e7b56a8,1784798825160,1784798825163,202,3.000,warm
5395,exp-warm-10000-005364-5ea403c3,1784798825160,1784798825165,202,5.000,warm
5396,exp-warm-10000-005392-93742b89,1784798825160,1784798825167,202,7.000,warm
5397,exp-warm-10000-005401-7b43d15c,1784798825160,1784798825167,202,7.000,warm
5398,exp-warm-10000-005402-a0cde12c,1784798825160,1784798825167,202,7.000,warm
5399,exp-warm-10000-005435-7b383944,1784798825160,1784798825169,202,9.000,warm
5400,exp-warm-10000-005451-6f393670,1784798825160,1784798825170,202,10.000,warm
5401,exp-warm-10000-005497-94fb3d51,1784798825160,1784798825173,202,13.000,warm
5402,exp-warm-10000-005539-6e59e37d,1784798825160,1784798825175,202,15.000,warm
5403,exp-warm-10000-005321-af314634,1784798825161,1784798825162,202,1.000,warm
5404,exp-warm-10000-005350-bd7ed78b,1784798825161,1784798825164,202,3.000,warm
5405,exp-warm-10000-005343-92eccad1,1784798825161,1784798825164,202,3.000,warm
5406,exp-warm-10000-005416-d766a5c0,1784798825161,1784798825168,202,7.000,warm
5407,exp-warm-10000-005431-e81fb7dd,1784798825161,1784798825169,202,8.000,warm
5408,exp-warm-10000-005424-e307081f,1784798825161,1784798825169,202,8.000,warm
5409,exp-warm-10000-005452-d26d2bcc,1784798825161,1784798825170,202,9.000,warm
5410,exp-warm-10000-005449-4a533ef1,1784798825161,1784798825170,202,9.000,warm
5411,exp-warm-10000-005458-f80630be,1784798825161,1784798825170,202,9.000,warm
5412,exp-warm-10000-005474-ed439991,1784798825161,1784798825171,202,10.000,warm
5413,exp-warm-10000-005472-728dfb40,1784798825161,1784798825171,202,10.000,warm
5414,exp-warm-10000-005493-b994e235,1784798825161,1784798825172,202,11.000,warm
5415,exp-warm-10000-005566-d42b46a9,1784798825161,1784798825176,202,15.000,warm
5416,exp-warm-10000-005338-6882c6c6,1784798825162,1784798825163,202,1.000,warm
5417,exp-warm-10000-005340-002777cb,1784798825162,1784798825163,202,1.000,warm
5418,exp-warm-10000-005359-66ac15c0,1784798825162,1784798825164,202,2.000,warm
5419,exp-warm-10000-005383-7853ee83,1784798825162,1784798825166,202,4.000,warm
5420,exp-warm-10000-005425-a4975383,1784798825162,1784798825169,202,7.000,warm
5421,exp-warm-10000-005426-6ca606a9,1784798825162,1784798825169,202,7.000,warm
5422,exp-warm-10000-005429-95cd6afc,1784798825162,1784798825169,202,7.000,warm
5423,exp-warm-10000-005464-201aea3d,1784798825162,1784798825171,202,9.000,warm
5424,exp-warm-10000-005469-2829e915,1784798825162,1784798825171,202,9.000,warm
5425,exp-warm-10000-005470-c9f22fac,1784798825162,1784798825171,202,9.000,warm
5426,exp-warm-10000-005465-26783c98,1784798825162,1784798825171,202,9.000,warm
5427,exp-warm-10000-005478-ffb90332,1784798825162,1784798825171,202,9.000,warm
5428,exp-warm-10000-005512-9b064b70,1784798825162,1784798825173,202,11.000,warm
5429,exp-warm-10000-005574-d2b3772a,1784798825162,1784798825176,202,14.000,warm
5430,exp-warm-10000-005643-a744c7e2,1784798825162,1784798825180,202,18.000,warm
5431,exp-warm-10000-005681-b6a55895,1784798825162,1784798825182,202,20.000,warm
5432,exp-warm-10000-005344-912c18f4,1784798825163,1784798825164,202,1.000,warm
5433,exp-warm-10000-005346-879bfb9c,1784798825163,1784798825164,202,1.000,warm
5434,exp-warm-10000-005361-d6903f5e,1784798825163,1784798825165,202,2.000,warm
5435,exp-warm-10000-005365-83aef898,1784798825163,1784798825165,202,2.000,warm
5436,exp-warm-10000-005372-abd700c2,1784798825163,1784798825166,202,3.000,warm
5437,exp-warm-10000-005382-c5d6e4e5,1784798825163,1784798825166,202,3.000,warm
5438,exp-warm-10000-005390-3f828a29,1784798825163,1784798825166,202,3.000,warm
5439,exp-warm-10000-005380-01f56a3a,1784798825163,1784798825166,202,3.000,warm
5440,exp-warm-10000-005407-96a87eed,1784798825163,1784798825167,202,4.000,warm
5441,exp-warm-10000-005486-1e104f69,1784798825163,1784798825172,202,9.000,warm
5442,exp-warm-10000-005514-88814479,1784798825163,1784798825173,202,10.000,warm
5443,exp-warm-10000-005521-f27485cf,1784798825163,1784798825174,202,11.000,warm
5444,exp-warm-10000-005547-bf260b3e,1784798825163,1784798825175,202,12.000,warm
5445,exp-warm-10000-005558-c0c0663e,1784798825163,1784798825176,202,13.000,warm
5446,exp-warm-10000-005366-f294898c,1784798825164,1784798825165,202,1.000,warm
5447,exp-warm-10000-005394-cc80545f,1784798825164,1784798825167,202,3.000,warm
5448,exp-warm-10000-005387-f2c02476,1784798825164,1784798825167,202,3.000,warm
5449,exp-warm-10000-005399-46cabe50,1784798825164,1784798825167,202,3.000,warm
5450,exp-warm-10000-005483-080afd3d,1784798825164,1784798825172,202,8.000,warm
5451,exp-warm-10000-005482-7ae5c8eb,1784798825164,1784798825172,202,8.000,warm
5452,exp-warm-10000-005484-8acc171d,1784798825164,1784798825172,202,8.000,warm
5453,exp-warm-10000-005488-0c51016b,1784798825164,1784798825172,202,8.000,warm
5454,exp-warm-10000-005487-0a4268d4,1784798825164,1784798825172,202,8.000,warm
5455,exp-warm-10000-005506-3d167df2,1784798825164,1784798825173,202,9.000,warm
5456,exp-warm-10000-005515-5b3e2803,1784798825164,1784798825173,202,9.000,warm
5457,exp-warm-10000-005528-7d7fa954,1784798825164,1784798825174,202,10.000,warm
5458,exp-warm-10000-005519-a73d6480,1784798825164,1784798825174,202,10.000,warm
5459,exp-warm-10000-005523-99072716,1784798825164,1784798825174,202,10.000,warm
5460,exp-warm-10000-005550-f2d226c9,1784798825164,1784798825175,202,11.000,warm
5461,exp-warm-10000-005590-b1809c3f,1784798825164,1784798825177,202,13.000,warm
5462,exp-warm-10000-005620-105463de,1784798825164,1784798825179,202,15.000,warm
5463,exp-warm-10000-005376-2d037e87,1784798825165,1784798825166,202,1.000,warm
5464,exp-warm-10000-005378-2194d18a,1784798825165,1784798825166,202,1.000,warm
5465,exp-warm-10000-005375-4cb70eaf,1784798825165,1784798825166,202,1.000,warm
5466,exp-warm-10000-005388-890450be,1784798825165,1784798825166,202,1.000,warm
5467,exp-warm-10000-005404-7aa9cdc2,1784798825165,1784798825167,202,2.000,warm
5468,exp-warm-10000-005500-ace9d70d,1784798825165,1784798825173,202,8.000,warm
5469,exp-warm-10000-005504-6aa5d961,1784798825165,1784798825173,202,8.000,warm
5470,exp-warm-10000-005522-bfc48188,1784798825165,1784798825174,202,9.000,warm
5471,exp-warm-10000-005520-6b99a5b7,1784798825165,1784798825174,202,9.000,warm
5472,exp-warm-10000-005517-f5e3737a,1784798825165,1784798825174,202,9.000,warm
5473,exp-warm-10000-005527-61949395,1784798825165,1784798825174,202,9.000,warm
5474,exp-warm-10000-005530-864e68c5,1784798825165,1784798825174,202,9.000,warm
5475,exp-warm-10000-005526-90d4e366,1784798825165,1784798825174,202,9.000,warm
5476,exp-warm-10000-005630-732242ae,1784798825165,1784798825179,202,14.000,warm
5477,exp-warm-10000-005668-3768a861,1784798825165,1784798825181,202,16.000,warm
5478,exp-warm-10000-005710-239d4fc3,1784798825165,1784798825183,202,18.000,warm
5479,exp-warm-10000-005393-13537eec,1784798825166,1784798825167,202,1.000,warm
5480,exp-warm-10000-005400-f4817700,1784798825166,1784798825167,202,1.000,warm
5481,exp-warm-10000-005403-6fdcc1e9,1784798825166,1784798825167,202,1.000,warm
5482,exp-warm-10000-005396-e5c4eca0,1784798825166,1784798825167,202,1.000,warm
5483,exp-warm-10000-005405-be2c0b56,1784798825166,1784798825167,202,1.000,warm
5484,exp-warm-10000-005408-a1fbbd3f,1784798825166,1784798825167,202,1.000,warm
5485,exp-warm-10000-005412-bb4c1230,1784798825166,1784798825167,202,1.000,warm
5486,exp-warm-10000-005414-7b9930b6,1784798825166,1784798825167,202,1.000,warm
5487,exp-warm-10000-005410-b5141bef,1784798825166,1784798825167,202,1.000,warm
5488,exp-warm-10000-005421-1669239b,1784798825166,1784798825168,202,2.000,warm
5489,exp-warm-10000-005415-2e72dedd,1784798825166,1784798825168,202,2.000,warm
5490,exp-warm-10000-005423-e62dbc59,1784798825166,1784798825168,202,2.000,warm
5491,exp-warm-10000-005442-4773e74d,1784798825166,1784798825169,202,3.000,warm
5492,exp-warm-10000-005433-a62f53b6,1784798825166,1784798825169,202,3.000,warm
5493,exp-warm-10000-005427-a7824c17,1784798825166,1784798825169,202,3.000,warm
5494,exp-warm-10000-005434-0798d3ff,1784798825166,1784798825169,202,3.000,warm
5495,exp-warm-10000-005443-c8cb413c,1784798825166,1784798825170,202,4.000,warm
5496,exp-warm-10000-005462-77298ce7,1784798825166,1784798825170,202,4.000,warm
5497,exp-warm-10000-005444-29ead1d2,1784798825166,1784798825170,202,4.000,warm
5498,exp-warm-10000-005492-df4c0de6,1784798825166,1784798825172,202,6.000,warm
5499,exp-warm-10000-005552-795ecae3,1784798825166,1784798825175,202,9.000,warm
5500,exp-warm-10000-005537-6dc6df3c,1784798825166,1784798825175,202,9.000,warm
5501,exp-warm-10000-005541-06fa8bc0,1784798825166,1784798825175,202,9.000,warm
5502,exp-warm-10000-005542-89bda652,1784798825166,1784798825175,202,9.000,warm
5503,exp-warm-10000-005562-17a32fa4,1784798825166,1784798825176,202,10.000,warm
5504,exp-warm-10000-005584-5e466573,1784798825166,1784798825177,202,11.000,warm
5505,exp-warm-10000-005635-a13e1519,1784798825166,1784798825179,202,13.000,warm
5506,exp-warm-10000-005417-d7d1fef3,1784798825167,1784798825168,202,1.000,warm
5507,exp-warm-10000-005432-af8fa99e,1784798825167,1784798825169,202,2.000,warm
5508,exp-warm-10000-005481-2290afaf,1784798825167,1784798825172,202,5.000,warm
5509,exp-warm-10000-005508-d3d1f7be,1784798825167,1784798825173,202,6.000,warm
5510,exp-warm-10000-005513-635d01b2,1784798825167,1784798825173,202,6.000,warm
5511,exp-warm-10000-005543-fbc21e70,1784798825167,1784798825175,202,8.000,warm
5512,exp-warm-10000-005559-f7ea2cbf,1784798825167,1784798825176,202,9.000,warm
5513,exp-warm-10000-005577-c80e6ac9,1784798825167,1784798825177,202,10.000,warm
5514,exp-warm-10000-005587-f53a6b57,1784798825167,1784798825177,202,10.000,warm
5515,exp-warm-10000-005430-7d9b9681,1784798825168,1784798825169,202,1.000,warm
5516,exp-warm-10000-005428-8802e8fd,1784798825168,1784798825169,202,1.000,warm
5517,exp-warm-10000-005439-f4f55c00,1784798825168,1784798825169,202,1.000,warm
5518,exp-warm-10000-005438-6e52e6ea,1784798825168,1784798825169,202,1.000,warm
5519,exp-warm-10000-005453-6d0e6324,1784798825168,1784798825170,202,2.000,warm
5520,exp-warm-10000-005436-cbae42ca,1784798825168,1784798825170,202,2.000,warm
5521,exp-warm-10000-005448-b8d4892a,1784798825168,1784798825170,202,2.000,warm
5522,exp-warm-10000-005466-805e9db7,1784798825168,1784798825171,202,3.000,warm
5523,exp-warm-10000-005489-2bf80b64,1784798825168,1784798825172,202,4.000,warm
5524,exp-warm-10000-005496-a194faec,1784798825168,1784798825172,202,4.000,warm
5525,exp-warm-10000-005509-6f1b5d87,1784798825168,1784798825173,202,5.000,warm
5526,exp-warm-10000-005499-62798ec9,1784798825168,1784798825173,202,5.000,warm
5527,exp-warm-10000-005511-8ed05596,1784798825168,1784798825173,202,5.000,warm
5528,exp-warm-10000-005556-e1179464,1784798825168,1784798825176,202,8.000,warm
5529,exp-warm-10000-005557-8d3b3d43,1784798825168,1784798825176,202,8.000,warm
5530,exp-warm-10000-005582-e3de343b,1784798825168,1784798825177,202,9.000,warm
5531,exp-warm-10000-005597-42173869,1784798825168,1784798825177,202,9.000,warm
5532,exp-warm-10000-005621-a60902c5,1784798825168,1784798825179,202,11.000,warm
5533,exp-warm-10000-005691-a7ee6ab1,1784798825168,1784798825182,202,14.000,warm
5534,exp-warm-10000-005690-3cebff7b,1784798825168,1784798825182,202,14.000,warm
5535,exp-warm-10000-005678-5cfcbda9,1784798825168,1784798825182,202,14.000,warm
5536,exp-warm-10000-005708-3c3c25b0,1784798825168,1784798825183,202,15.000,warm
5537,exp-warm-10000-005709-619d9a6a,1784798825168,1784798825183,202,15.000,warm
5538,exp-warm-10000-005445-fefa8391,1784798825169,1784798825170,202,1.000,warm
5539,exp-warm-10000-005447-11a8cad9,1784798825169,1784798825170,202,1.000,warm
5540,exp-warm-10000-005450-ba6fd724,1784798825169,1784798825170,202,1.000,warm
5541,exp-warm-10000-005456-7f4de8d0,1784798825169,1784798825170,202,1.000,warm
5542,exp-warm-10000-005460-7dbb4dc1,1784798825169,1784798825170,202,1.000,warm
5543,exp-warm-10000-005461-9f7866f6,1784798825169,1784798825170,202,1.000,warm
5544,exp-warm-10000-005454-a702dffb,1784798825169,1784798825170,202,1.000,warm
5545,exp-warm-10000-005446-07342722,1784798825169,1784798825170,202,1.000,warm
5546,exp-warm-10000-005477-936a151c,1784798825169,1784798825171,202,2.000,warm
5547,exp-warm-10000-005468-9a052718,1784798825169,1784798825171,202,2.000,warm
5548,exp-warm-10000-005467-9e58f861,1784798825169,1784798825171,202,2.000,warm
5549,exp-warm-10000-005490-6a4e029d,1784798825169,1784798825172,202,3.000,warm
5550,exp-warm-10000-005495-c175af3a,1784798825169,1784798825172,202,3.000,warm
5551,exp-warm-10000-005505-958c355a,1784798825169,1784798825173,202,4.000,warm
5552,exp-warm-10000-005538-a86caf41,1784798825169,1784798825175,202,6.000,warm
5553,exp-warm-10000-005579-2727a245,1784798825169,1784798825177,202,8.000,warm
5554,exp-warm-10000-005589-9feac079,1784798825169,1784798825177,202,8.000,warm
5555,exp-warm-10000-005592-8a60da5b,1784798825169,1784798825177,202,8.000,warm
5556,exp-warm-10000-005636-a9880020,1784798825169,1784798825179,202,10.000,warm
5557,exp-warm-10000-005720-101c3d06,1784798825169,1784798825184,202,15.000,warm
5558,exp-warm-10000-005471-206afac6,1784798825170,1784798825171,202,1.000,warm
5559,exp-warm-10000-005475-0f23850d,1784798825170,1784798825171,202,1.000,warm
5560,exp-warm-10000-005476-22c7cb10,1784798825170,1784798825171,202,1.000,warm
5561,exp-warm-10000-005463-01ae6c74,1784798825170,1784798825171,202,1.000,warm
5562,exp-warm-10000-005507-b82fdea0,1784798825170,1784798825173,202,3.000,warm
5563,exp-warm-10000-005555-ee772960,1784798825170,1784798825175,202,5.000,warm
5564,exp-warm-10000-005572-7b453b7c,1784798825170,1784798825176,202,6.000,warm
5565,exp-warm-10000-005602-5325b22d,1784798825170,1784798825178,202,8.000,warm
5566,exp-warm-10000-005604-ed63b5d8,1784798825170,1784798825178,202,8.000,warm
5567,exp-warm-10000-005613-6a1e8692,1784798825170,1784798825178,202,8.000,warm
5568,exp-warm-10000-005624-2894aa21,1784798825170,1784798825179,202,9.000,warm
5569,exp-warm-10000-005651-464087ce,1784798825170,1784798825180,202,10.000,warm
5570,exp-warm-10000-005645-2f2b345d,1784798825170,1784798825180,202,10.000,warm
5571,exp-warm-10000-005680-5b6ba294,1784798825170,1784798825182,202,12.000,warm
5572,exp-warm-10000-005701-cf9cbedd,1784798825170,1784798825183,202,13.000,warm
5573,exp-warm-10000-005480-0ddc609e,1784798825171,1784798825172,202,1.000,warm
5574,exp-warm-10000-005485-58c5c40c,1784798825171,1784798825172,202,1.000,warm
5575,exp-warm-10000-005479-a5a9a3a8,1784798825171,1784798825172,202,1.000,warm
5576,exp-warm-10000-005491-ff0c5298,1784798825171,1784798825172,202,1.000,warm
5577,exp-warm-10000-005503-faadf47c,1784798825171,1784798825173,202,2.000,warm
5578,exp-warm-10000-005510-dba28ea2,1784798825171,1784798825173,202,2.000,warm
5579,exp-warm-10000-005576-dc2d7318,1784798825171,1784798825176,202,5.000,warm
5580,exp-warm-10000-005573-db08adba,1784798825171,1784798825176,202,5.000,warm
5581,exp-warm-10000-005575-4a25662f,1784798825171,1784798825176,202,5.000,warm
5582,exp-warm-10000-005644-d64ea561,1784798825171,1784798825180,202,9.000,warm
5583,exp-warm-10000-005646-e28aba43,1784798825171,1784798825180,202,9.000,warm
5584,exp-warm-10000-005656-74e3aa0f,1784798825171,1784798825181,202,10.000,warm
5585,exp-warm-10000-005657-f61eb3b6,1784798825171,1784798825181,202,10.000,warm
5586,exp-warm-10000-005723-aeb75a95,1784798825171,1784798825184,202,13.000,warm
5587,exp-warm-10000-005501-2ca5faf9,1784798825172,1784798825173,202,1.000,warm
5588,exp-warm-10000-005498-c37f181d,1784798825172,1784798825173,202,1.000,warm
5589,exp-warm-10000-005535-97338388,1784798825172,1784798825174,202,2.000,warm
5590,exp-warm-10000-005532-98eb7345,1784798825172,1784798825174,202,2.000,warm
5591,exp-warm-10000-005525-c74b4560,1784798825172,1784798825174,202,2.000,warm
5592,exp-warm-10000-005533-7676bef0,1784798825172,1784798825175,202,3.000,warm
5593,exp-warm-10000-005529-7859e48a,1784798825172,1784798825175,202,3.000,warm
5594,exp-warm-10000-005580-e4950902,1784798825172,1784798825177,202,5.000,warm
5595,exp-warm-10000-005648-bf7582b0,1784798825172,1784798825181,202,9.000,warm
5596,exp-warm-10000-005658-41920ac3,1784798825172,1784798825181,202,9.000,warm
5597,exp-warm-10000-005664-dbeb2b22,1784798825172,1784798825181,202,9.000,warm
5598,exp-warm-10000-005661-b3cab990,1784798825172,1784798825181,202,9.000,warm
5599,exp-warm-10000-005676-82b7a405,1784798825172,1784798825182,202,10.000,warm
5600,exp-warm-10000-005674-5bfc4844,1784798825172,1784798825182,202,10.000,warm
5601,exp-warm-10000-005702-5205bba2,1784798825172,1784798825183,202,11.000,warm
5602,exp-warm-10000-005719-390446a8,1784798825172,1784798825184,202,12.000,warm
5603,exp-warm-10000-005518-50d61cdb,1784798825173,1784798825174,202,1.000,warm
5604,exp-warm-10000-005516-16cac0ca,1784798825173,1784798825174,202,1.000,warm
5605,exp-warm-10000-005531-2520051f,1784798825173,1784798825174,202,1.000,warm
5606,exp-warm-10000-005545-a1b28d4b,1784798825173,1784798825175,202,2.000,warm
5607,exp-warm-10000-005570-8c6de982,1784798825173,1784798825176,202,3.000,warm
5608,exp-warm-10000-005568-8abe0588,1784798825173,1784798825176,202,3.000,warm
5609,exp-warm-10000-005561-e5f84d0f,1784798825173,1784798825176,202,3.000,warm
5610,exp-warm-10000-005614-cd1125d5,1784798825173,1784798825178,202,5.000,warm
5611,exp-warm-10000-005634-9b4ae2eb,1784798825173,1784798825179,202,6.000,warm
5612,exp-warm-10000-005671-352e4ac8,1784798825173,1784798825182,202,9.000,warm
5613,exp-warm-10000-005688-dacb4faa,1784798825173,1784798825182,202,9.000,warm
5614,exp-warm-10000-005677-14544ac7,1784798825173,1784798825182,202,9.000,warm
5615,exp-warm-10000-005685-a1d18e6a,1784798825173,1784798825182,202,9.000,warm
5616,exp-warm-10000-005707-ed8e7b5f,1784798825173,1784798825183,202,10.000,warm
5617,exp-warm-10000-005790-c8e56ecd,1784798825173,1784798825188,202,15.000,warm
5618,exp-warm-10000-005536-553c2e45,1784798825174,1784798825175,202,1.000,warm
5619,exp-warm-10000-005534-844de10b,1784798825174,1784798825175,202,1.000,warm
5620,exp-warm-10000-005546-4d982232,1784798825174,1784798825175,202,1.000,warm
5621,exp-warm-10000-005540-06496783,1784798825174,1784798825175,202,1.000,warm
5622,exp-warm-10000-005548-d919c5c9,1784798825174,1784798825175,202,1.000,warm
5623,exp-warm-10000-005551-ad520044,1784798825174,1784798825175,202,1.000,warm
5624,exp-warm-10000-005549-0553fab4,1784798825174,1784798825175,202,1.000,warm
5625,exp-warm-10000-005571-d08f9d78,1784798825174,1784798825176,202,2.000,warm
5626,exp-warm-10000-005565-965a1beb,1784798825174,1784798825176,202,2.000,warm
5627,exp-warm-10000-005563-64c779d7,1784798825174,1784798825176,202,2.000,warm
5628,exp-warm-10000-005594-5a208877,1784798825174,1784798825177,202,3.000,warm
5629,exp-warm-10000-005595-596fea97,1784798825174,1784798825177,202,3.000,warm
5630,exp-warm-10000-005610-c8d47029,1784798825174,1784798825178,202,4.000,warm
5631,exp-warm-10000-005612-b0e4d531,1784798825174,1784798825178,202,4.000,warm
5632,exp-warm-10000-005638-5b4edafe,1784798825174,1784798825179,202,5.000,warm
5633,exp-warm-10000-005619-a837582f,1784798825174,1784798825179,202,5.000,warm
5634,exp-warm-10000-005639-5931ec74,1784798825174,1784798825180,202,6.000,warm
5635,exp-warm-10000-005673-18d9223c,1784798825174,1784798825182,202,8.000,warm
5636,exp-warm-10000-005705-3c9622da,1784798825174,1784798825183,202,9.000,warm
5637,exp-warm-10000-005729-86daf12f,1784798825174,1784798825184,202,10.000,warm
5638,exp-warm-10000-005716-88ba7247,1784798825174,1784798825184,202,10.000,warm
5639,exp-warm-10000-005722-1401fd59,1784798825174,1784798825184,202,10.000,warm
5640,exp-warm-10000-005745-dedac23b,1784798825174,1784798825185,202,11.000,warm
5641,exp-warm-10000-005786-ce92cc2a,1784798825174,1784798825187,202,13.000,warm
5642,exp-warm-10000-005560-87de72e9,1784798825175,1784798825176,202,1.000,warm
5643,exp-warm-10000-005564-499da1fd,1784798825175,1784798825176,202,1.000,warm
5644,exp-warm-10000-005567-4241f8c8,1784798825175,1784798825176,202,1.000,warm
5645,exp-warm-10000-005569-b050037f,1784798825175,1784798825176,202,1.000,warm
5646,exp-warm-10000-005583-ef709156,1784798825175,1784798825177,202,2.000,warm
5647,exp-warm-10000-005607-d932a000,1784798825175,1784798825178,202,3.000,warm
5648,exp-warm-10000-005596-3ade08ab,1784798825175,1784798825178,202,3.000,warm
5649,exp-warm-10000-005632-7262ed23,1784798825175,1784798825179,202,4.000,warm
5650,exp-warm-10000-005654-061cb438,1784798825175,1784798825180,202,5.000,warm
5651,exp-warm-10000-005666-cca8f388,1784798825175,1784798825181,202,6.000,warm
5652,exp-warm-10000-005659-29b9872f,1784798825175,1784798825181,202,6.000,warm
5653,exp-warm-10000-005683-a220f0d4,1784798825175,1784798825182,202,7.000,warm
5654,exp-warm-10000-005687-c32f1894,1784798825175,1784798825182,202,7.000,warm
5655,exp-warm-10000-005696-ba26f64a,1784798825175,1784798825183,202,8.000,warm
5656,exp-warm-10000-005711-261d43bc,1784798825175,1784798825184,202,9.000,warm
5657,exp-warm-10000-005724-43b0c4c0,1784798825175,1784798825184,202,9.000,warm
5658,exp-warm-10000-005718-dd6504b5,1784798825175,1784798825184,202,9.000,warm
5659,exp-warm-10000-005728-0c3acbdf,1784798825175,1784798825184,202,9.000,warm
5660,exp-warm-10000-005727-e88d2be3,1784798825175,1784798825184,202,9.000,warm
5661,exp-warm-10000-005733-1597234a,1784798825175,1784798825185,202,10.000,warm
5662,exp-warm-10000-005782-2b3a0286,1784798825175,1784798825187,202,12.000,warm
5663,exp-warm-10000-005824-00eca1aa,1784798825175,1784798825190,202,15.000,warm
5664,exp-warm-10000-009478-4f125325,1784798825175,1784798825417,202,242.000,warm
5665,exp-warm-10000-005578-fc5e8f70,1784798825176,1784798825177,202,1.000,warm
5666,exp-warm-10000-005586-7ef571ed,1784798825176,1784798825177,202,1.000,warm
5667,exp-warm-10000-005585-992446eb,1784798825176,1784798825177,202,1.000,warm
5668,exp-warm-10000-005591-f740cb2f,1784798825176,1784798825177,202,1.000,warm
5669,exp-warm-10000-005593-b57ac113,1784798825176,1784798825177,202,1.000,warm
5670,exp-warm-10000-005581-770d0f45,1784798825176,1784798825177,202,1.000,warm
5671,exp-warm-10000-005588-42e3aea2,1784798825176,1784798825177,202,1.000,warm
5672,exp-warm-10000-005618-36c860ba,1784798825176,1784798825178,202,2.000,warm
5673,exp-warm-10000-005616-a4fc78ab,1784798825176,1784798825178,202,2.000,warm
5674,exp-warm-10000-005609-56f2c8c1,1784798825176,1784798825178,202,2.000,warm
5675,exp-warm-10000-005625-9dc158ba,1784798825176,1784798825179,202,3.000,warm
5676,exp-warm-10000-005628-93f896b1,1784798825176,1784798825179,202,3.000,warm
5677,exp-warm-10000-005631-cfc9396c,1784798825176,1784798825179,202,3.000,warm
5678,exp-warm-10000-005734-11c44595,1784798825176,1784798825185,202,9.000,warm
5679,exp-warm-10000-005755-3498c32a,1784798825176,1784798825186,202,10.000,warm
5680,exp-warm-10000-005756-e19828e9,1784798825176,1784798825186,202,10.000,warm
5681,exp-warm-10000-005754-7ae497f3,1784798825176,1784798825186,202,10.000,warm
5682,exp-warm-10000-005802-c9fdd24d,1784798825176,1784798825189,202,13.000,warm
5683,exp-warm-10000-005828-5e83fa06,1784798825176,1784798825190,202,14.000,warm
5684,exp-warm-10000-005599-25c4d09d,1784798825177,1784798825178,202,1.000,warm
5685,exp-warm-10000-005600-86185fed,1784798825177,1784798825178,202,1.000,warm
5686,exp-warm-10000-005601-015a2293,1784798825177,1784798825178,202,1.000,warm
5687,exp-warm-10000-005603-5347fe2e,1784798825177,1784798825178,202,1.000,warm
5688,exp-warm-10000-005606-d0113b70,1784798825177,1784798825178,202,1.000,warm
5689,exp-warm-10000-005605-43cf11ff,1784798825177,1784798825178,202,1.000,warm
5690,exp-warm-10000-005615-1c611ce3,1784798825177,1784798825178,202,1.000,warm
5691,exp-warm-10000-005608-3985d157,1784798825177,1784798825178,202,1.000,warm
5692,exp-warm-10000-005611-d32b2b25,1784798825177,1784798825178,202,1.000,warm
5693,exp-warm-10000-005617-ce67745e,1784798825177,1784798825179,202,2.000,warm
5694,exp-warm-10000-005623-64136b31,1784798825177,1784798825179,202,2.000,warm
5695,exp-warm-10000-005629-4d85e1e4,1784798825177,1784798825179,202,2.000,warm
5696,exp-warm-10000-005626-a851bd8d,1784798825177,1784798825179,202,2.000,warm
5697,exp-warm-10000-005650-36e731f4,1784798825177,1784798825180,202,3.000,warm
5698,exp-warm-10000-005640-acf14c22,1784798825177,1784798825180,202,3.000,warm
5699,exp-warm-10000-005647-5076c022,1784798825177,1784798825180,202,3.000,warm
5700,exp-warm-10000-005697-57156d77,1784798825177,1784798825183,202,6.000,warm
5701,exp-warm-10000-005699-6224bf5c,1784798825177,1784798825183,202,6.000,warm
5702,exp-warm-10000-005730-9c404b25,1784798825177,1784798825185,202,8.000,warm
5703,exp-warm-10000-005732-f3767a4b,1784798825177,1784798825185,202,8.000,warm
5704,exp-warm-10000-005741-1834701c,1784798825177,1784798825185,202,8.000,warm
5705,exp-warm-10000-005736-6dbda134,1784798825177,1784798825185,202,8.000,warm
5706,exp-warm-10000-005765-cabfaa58,1784798825177,1784798825186,202,9.000,warm
5707,exp-warm-10000-005785-de82f64b,1784798825177,1784798825187,202,10.000,warm
5708,exp-warm-10000-005788-f2547366,1784798825177,1784798825188,202,11.000,warm
5709,exp-warm-10000-005791-98084188,1784798825177,1784798825188,202,11.000,warm
5710,exp-warm-10000-005598-0a3a88eb,1784798825178,1784798825178,202,0.000,warm
5711,exp-warm-10000-005622-19a0f4b1,1784798825178,1784798825179,202,1.000,warm
5712,exp-warm-10000-005627-8ad61759,1784798825178,1784798825179,202,1.000,warm
5713,exp-warm-10000-005633-1e49cde5,1784798825178,1784798825179,202,1.000,warm
5714,exp-warm-10000-005641-01ae2c41,1784798825178,1784798825180,202,2.000,warm
5715,exp-warm-10000-005637-a656d3e4,1784798825178,1784798825180,202,2.000,warm
5716,exp-warm-10000-005667-fe2cf56e,1784798825178,1784798825181,202,3.000,warm
5717,exp-warm-10000-005686-409461b6,1784798825178,1784798825182,202,4.000,warm
5718,exp-warm-10000-005744-809ec1ae,1784798825178,1784798825185,202,7.000,warm
5719,exp-warm-10000-005758-5bc4414d,1784798825178,1784798825186,202,8.000,warm
5720,exp-warm-10000-005760-11e77dc4,1784798825178,1784798825186,202,8.000,warm
5721,exp-warm-10000-005762-c68d7103,1784798825178,1784798825186,202,8.000,warm
5722,exp-warm-10000-005753-15497482,1784798825178,1784798825186,202,8.000,warm
5723,exp-warm-10000-005757-7804935e,1784798825178,1784798825186,202,8.000,warm
5724,exp-warm-10000-005750-24268bdb,1784798825178,1784798825186,202,8.000,warm
5725,exp-warm-10000-005774-d0857271,1784798825178,1784798825187,202,9.000,warm
5726,exp-warm-10000-005787-3302627d,1784798825178,1784798825188,202,10.000,warm
5727,exp-warm-10000-005808-7ab35d61,1784798825178,1784798825189,202,11.000,warm
5728,exp-warm-10000-005822-df543703,1784798825178,1784798825190,202,12.000,warm
5729,exp-warm-10000-005809-1f9d277f,1784798825178,1784798825190,202,12.000,warm
5730,exp-warm-10000-005642-36b7b89e,1784798825179,1784798825180,202,1.000,warm
5731,exp-warm-10000-005649-2bdaf7a3,1784798825179,1784798825180,202,1.000,warm
5732,exp-warm-10000-005652-d3a9795e,1784798825179,1784798825180,202,1.000,warm
5733,exp-warm-10000-005653-1b241d0a,1784798825179,1784798825180,202,1.000,warm
5734,exp-warm-10000-005663-08f172b6,1784798825179,1784798825181,202,2.000,warm
5735,exp-warm-10000-005672-a4a05f32,1784798825179,1784798825181,202,2.000,warm
5736,exp-warm-10000-005670-ed2ed6ed,1784798825179,1784798825181,202,2.000,warm
5737,exp-warm-10000-005655-bcbb074b,1784798825179,1784798825181,202,2.000,warm
5738,exp-warm-10000-005675-76adf5bf,1784798825179,1784798825182,202,3.000,warm
5739,exp-warm-10000-005692-d1dffcae,1784798825179,1784798825183,202,4.000,warm
5740,exp-warm-10000-005700-a782d1e8,1784798825179,1784798825183,202,4.000,warm
5741,exp-warm-10000-005717-7119d837,1784798825179,1784798825184,202,5.000,warm
5742,exp-warm-10000-005714-a2670dda,1784798825179,1784798825184,202,5.000,warm
5743,exp-warm-10000-005752-9ceea524,1784798825179,1784798825186,202,7.000,warm
5744,exp-warm-10000-005775-1967a779,1784798825179,1784798825187,202,8.000,warm
5745,exp-warm-10000-005771-f51cddbc,1784798825179,1784798825187,202,8.000,warm
5746,exp-warm-10000-005784-ad7b3e58,1784798825179,1784798825187,202,8.000,warm
5747,exp-warm-10000-005773-a15c19ac,1784798825179,1784798825187,202,8.000,warm
5748,exp-warm-10000-005806-aaab41eb,1784798825179,1784798825189,202,10.000,warm
5749,exp-warm-10000-005662-76993632,1784798825180,1784798825181,202,1.000,warm
5750,exp-warm-10000-005665-d19f6868,1784798825180,1784798825181,202,1.000,warm
5751,exp-warm-10000-005660-a1f50e89,1784798825180,1784798825181,202,1.000,warm
5752,exp-warm-10000-005669-dff521b9,1784798825180,1784798825181,202,1.000,warm
5753,exp-warm-10000-005689-8248b5be,1784798825180,1784798825182,202,2.000,warm
5754,exp-warm-10000-005703-502eca4c,1784798825180,1784798825184,202,4.000,warm
5755,exp-warm-10000-005748-4efab407,1784798825180,1784798825185,202,5.000,warm
5756,exp-warm-10000-005779-c6aee9af,1784798825180,1784798825187,202,7.000,warm
5757,exp-warm-10000-005804-d689ba75,1784798825180,1784798825189,202,9.000,warm
5758,exp-warm-10000-005805-967f3905,1784798825180,1784798825189,202,9.000,warm
5759,exp-warm-10000-005829-13269356,1784798825180,1784798825190,202,10.000,warm
5760,exp-warm-10000-005838-d8e293bf,1784798825180,1784798825191,202,11.000,warm
5761,exp-warm-10000-005836-ac8f5f52,1784798825180,1784798825191,202,11.000,warm
5762,exp-warm-10000-005859-e5e1ceee,1784798825180,1784798825192,202,12.000,warm
5763,exp-warm-10000-005854-2022b74a,1784798825180,1784798825192,202,12.000,warm
5764,exp-warm-10000-005846-3c1da7aa,1784798825180,1784798825192,202,12.000,warm
5765,exp-warm-10000-005857-0926fcbd,1784798825180,1784798825192,202,12.000,warm
5766,exp-warm-10000-005682-f4c9b811,1784798825181,1784798825182,202,1.000,warm
5767,exp-warm-10000-005684-d6a29618,1784798825181,1784798825182,202,1.000,warm
5768,exp-warm-10000-005731-eeb0d9af,1784798825181,1784798825185,202,4.000,warm
5769,exp-warm-10000-005796-faf6590b,1784798825181,1784798825189,202,8.000,warm
5770,exp-warm-10000-005801-d9e74f61,1784798825181,1784798825189,202,8.000,warm
5771,exp-warm-10000-005877-de20d0df,1784798825181,1784798825193,202,12.000,warm
5772,exp-warm-10000-005693-936aaf25,1784798825182,1784798825183,202,1.000,warm
5773,exp-warm-10000-005695-ef34bfb6,1784798825182,1784798825183,202,1.000,warm
5774,exp-warm-10000-005698-79839a0e,1784798825182,1784798825183,202,1.000,warm
5775,exp-warm-10000-005694-8601214a,1784798825182,1784798825183,202,1.000,warm
5776,exp-warm-10000-005704-125c226d,1784798825182,1784798825183,202,1.000,warm
5777,exp-warm-10000-005706-2871e446,1784798825182,1784798825183,202,1.000,warm
5778,exp-warm-10000-005815-d8b1bb09,1784798825182,1784798825190,202,8.000,warm
5779,exp-warm-10000-005816-26632505,1784798825182,1784798825190,202,8.000,warm
5780,exp-warm-10000-005817-4fc65c27,1784798825182,1784798825190,202,8.000,warm
5781,exp-warm-10000-005819-5abe7a66,1784798825182,1784798825190,202,8.000,warm
5782,exp-warm-10000-005839-d44086c1,1784798825182,1784798825191,202,9.000,warm
5783,exp-warm-10000-005826-56653898,1784798825182,1784798825191,202,9.000,warm
5784,exp-warm-10000-005847-c2a1715a,1784798825182,1784798825192,202,10.000,warm
5785,exp-warm-10000-005862-1182a1d1,1784798825182,1784798825192,202,10.000,warm
5786,exp-warm-10000-005882-3b10ee3a,1784798825182,1784798825193,202,11.000,warm
5787,exp-warm-10000-005712-50c4a898,1784798825183,1784798825184,202,1.000,warm
5788,exp-warm-10000-005715-0d32baff,1784798825183,1784798825184,202,1.000,warm
5789,exp-warm-10000-005713-62c21877,1784798825183,1784798825184,202,1.000,warm
5790,exp-warm-10000-005726-f715dd0b,1784798825183,1784798825184,202,1.000,warm
5791,exp-warm-10000-005725-bdc90eb8,1784798825183,1784798825184,202,1.000,warm
5792,exp-warm-10000-005743-0a3f5abf,1784798825183,1784798825185,202,2.000,warm
5793,exp-warm-10000-005746-5d96b062,1784798825183,1784798825185,202,2.000,warm
5794,exp-warm-10000-005738-7dbc82ca,1784798825183,1784798825186,202,3.000,warm
5795,exp-warm-10000-005763-a15acee9,1784798825183,1784798825186,202,3.000,warm
5796,exp-warm-10000-005766-a8df65fd,1784798825183,1784798825186,202,3.000,warm
5797,exp-warm-10000-005768-de166fa0,1784798825183,1784798825187,202,4.000,warm
5798,exp-warm-10000-005767-d15c6634,1784798825183,1784798825187,202,4.000,warm
5799,exp-warm-10000-005781-5287ca86,1784798825183,1784798825187,202,4.000,warm
5800,exp-warm-10000-005832-72fa789a,1784798825183,1784798825191,202,8.000,warm
5801,exp-warm-10000-005833-74c912bf,1784798825183,1784798825191,202,8.000,warm
5802,exp-warm-10000-005842-b91984ee,1784798825183,1784798825191,202,8.000,warm
5803,exp-warm-10000-005845-3a185b6e,1784798825183,1784798825191,202,8.000,warm
5804,exp-warm-10000-005879-d82014ad,1784798825183,1784798825193,202,10.000,warm
5805,exp-warm-10000-005721-f4501212,1784798825184,1784798825185,202,1.000,warm
5806,exp-warm-10000-005735-d423f43e,1784798825184,1784798825185,202,1.000,warm
5807,exp-warm-10000-005740-3f3ed2d9,1784798825184,1784798825185,202,1.000,warm
5808,exp-warm-10000-005739-28253210,1784798825184,1784798825185,202,1.000,warm
5809,exp-warm-10000-005737-1c1ab09d,1784798825184,1784798825185,202,1.000,warm
5810,exp-warm-10000-005747-e39ea7de,1784798825184,1784798825185,202,1.000,warm
5811,exp-warm-10000-005742-cd6e7cbc,1784798825184,1784798825185,202,1.000,warm
5812,exp-warm-10000-005764-6263d643,1784798825184,1784798825186,202,2.000,warm
5813,exp-warm-10000-005789-549119e4,1784798825184,1784798825187,202,3.000,warm
5814,exp-warm-10000-005795-e21a3008,1784798825184,1784798825188,202,4.000,warm
5815,exp-warm-10000-005797-cbd87a80,1784798825184,1784798825189,202,5.000,warm
5816,exp-warm-10000-005860-81c53788,1784798825184,1784798825192,202,8.000,warm
5817,exp-warm-10000-005866-b5bc0cdc,1784798825184,1784798825192,202,8.000,warm
5818,exp-warm-10000-005865-25a9ecf5,1784798825184,1784798825192,202,8.000,warm
5819,exp-warm-10000-005855-07e59d47,1784798825184,1784798825192,202,8.000,warm
5820,exp-warm-10000-005874-57ee4b52,1784798825184,1784798825193,202,9.000,warm
5821,exp-warm-10000-005878-7a5e0c03,1784798825184,1784798825193,202,9.000,warm
5822,exp-warm-10000-006200-dce2e108,1784798825184,1784798825212,202,28.000,warm
5823,exp-warm-10000-005759-5708a180,1784798825185,1784798825186,202,1.000,warm
5824,exp-warm-10000-005751-1ffd8c6c,1784798825185,1784798825186,202,1.000,warm
5825,exp-warm-10000-005761-0f148cd2,1784798825185,1784798825186,202,1.000,warm
5826,exp-warm-10000-005769-576159fd,1784798825185,1784798825187,202,2.000,warm
5827,exp-warm-10000-005783-bd1fc169,1784798825185,1784798825187,202,2.000,warm
5828,exp-warm-10000-005793-9794fdc4,1784798825185,1784798825188,202,3.000,warm
5829,exp-warm-10000-005803-85ed7747,1784798825185,1784798825189,202,4.000,warm
5830,exp-warm-10000-005880-527d20a5,1784798825185,1784798825193,202,8.000,warm
5831,exp-warm-10000-005887-31eb708b,1784798825185,1784798825194,202,9.000,warm
5832,exp-warm-10000-005889-e990c9ae,1784798825185,1784798825194,202,9.000,warm
5833,exp-warm-10000-005890-2916efe3,1784798825185,1784798825194,202,9.000,warm
5834,exp-warm-10000-005749-8d6264a2,1784798825186,1784798825186,202,0.000,warm
5835,exp-warm-10000-005770-1e164891,1784798825186,1784798825187,202,1.000,warm
5836,exp-warm-10000-005772-a91c570d,1784798825186,1784798825187,202,1.000,warm
5837,exp-warm-10000-005777-3bad01dc,1784798825186,1784798825187,202,1.000,warm
5838,exp-warm-10000-005778-78d5e290,1784798825186,1784798825187,202,1.000,warm
5839,exp-warm-10000-005776-1bd0dc8f,1784798825186,1784798825187,202,1.000,warm
5840,exp-warm-10000-005780-ad559ec0,1784798825186,1784798825187,202,1.000,warm
5841,exp-warm-10000-005792-2c311608,1784798825186,1784798825188,202,2.000,warm
5842,exp-warm-10000-005798-ca12e365,1784798825186,1784798825189,202,3.000,warm
5843,exp-warm-10000-005820-e9c4c3d7,1784798825186,1784798825190,202,4.000,warm
5844,exp-warm-10000-005827-38c956c2,1784798825186,1784798825190,202,4.000,warm
5845,exp-warm-10000-005870-bae595c3,1784798825186,1784798825193,202,7.000,warm
5846,exp-warm-10000-005875-bcb8fb01,1784798825186,1784798825193,202,7.000,warm
5847,exp-warm-10000-005873-4c65428f,1784798825186,1784798825193,202,7.000,warm
5848,exp-warm-10000-005886-cee00970,1784798825186,1784798825193,202,7.000,warm
5849,exp-warm-10000-005903-9846d022,1784798825186,1784798825194,202,8.000,warm
5850,exp-warm-10000-005901-d2bb63b0,1784798825186,1784798825194,202,8.000,warm
5851,exp-warm-10000-005928-c0ec892d,1784798825186,1784798825196,202,10.000,warm
5852,exp-warm-10000-005794-9ca442c7,1784798825187,1784798825189,202,2.000,warm
5853,exp-warm-10000-005810-02d698cc,1784798825187,1784798825190,202,3.000,warm
5854,exp-warm-10000-005837-30d9a2e6,1784798825187,1784798825191,202,4.000,warm
5855,exp-warm-10000-005835-d1c1536b,1784798825187,1784798825191,202,4.000,warm
5856,exp-warm-10000-005858-592eed16,1784798825187,1784798825192,202,5.000,warm
5857,exp-warm-10000-005864-5cbb12fd,1784798825187,1784798825192,202,5.000,warm
5858,exp-warm-10000-005881-1481250d,1784798825187,1784798825193,202,6.000,warm
5859,exp-warm-10000-005894-c6dfa8e4,1784798825187,1784798825194,202,7.000,warm
5860,exp-warm-10000-005902-10443439,1784798825187,1784798825194,202,7.000,warm
5861,exp-warm-10000-005898-1f7a6d85,1784798825187,1784798825194,202,7.000,warm
5862,exp-warm-10000-005899-8a7dab96,1784798825187,1784798825194,202,7.000,warm
5863,exp-warm-10000-005895-39dda310,1784798825187,1784798825194,202,7.000,warm
5864,exp-warm-10000-005885-b4bc32ca,1784798825187,1784798825194,202,7.000,warm
5865,exp-warm-10000-005910-0cefbb5f,1784798825187,1784798825195,202,8.000,warm
5866,exp-warm-10000-005906-e7df03a3,1784798825187,1784798825195,202,8.000,warm
5867,exp-warm-10000-005800-4f31aa43,1784798825188,1784798825189,202,1.000,warm
5868,exp-warm-10000-005799-2a565bac,1784798825188,1784798825189,202,1.000,warm
5869,exp-warm-10000-005821-2c985e79,1784798825188,1784798825190,202,2.000,warm
5870,exp-warm-10000-005811-49c53711,1784798825188,1784798825190,202,2.000,warm
5871,exp-warm-10000-005807-e7d133f3,1784798825188,1784798825190,202,2.000,warm
5872,exp-warm-10000-005830-96bafa0f,1784798825188,1784798825191,202,3.000,warm
5873,exp-warm-10000-005856-3599e411,1784798825188,1784798825192,202,4.000,warm
5874,exp-warm-10000-005850-07d5c9e5,1784798825188,1784798825192,202,4.000,warm
5875,exp-warm-10000-005883-877092bf,1784798825188,1784798825193,202,5.000,warm
5876,exp-warm-10000-005884-ca99ea61,1784798825188,1784798825193,202,5.000,warm
5877,exp-warm-10000-005892-9fffcb5c,1784798825188,1784798825194,202,6.000,warm
5878,exp-warm-10000-005893-3d142ec2,1784798825188,1784798825194,202,6.000,warm
5879,exp-warm-10000-005888-5ac012ff,1784798825188,1784798825194,202,6.000,warm
5880,exp-warm-10000-005907-0184a8b2,1784798825188,1784798825195,202,7.000,warm
5881,exp-warm-10000-005913-2bcaa8d4,1784798825188,1784798825195,202,7.000,warm
5882,exp-warm-10000-005909-3e162a2d,1784798825188,1784798825195,202,7.000,warm
5883,exp-warm-10000-005905-b1df68b1,1784798825188,1784798825195,202,7.000,warm
5884,exp-warm-10000-005941-eb74c36b,1784798825188,1784798825197,202,9.000,warm
5885,exp-warm-10000-006041-53b7b164,1784798825188,1784798825204,202,16.000,warm
5886,exp-warm-10000-006090-f058242d,1784798825188,1784798825207,202,19.000,warm
5887,exp-warm-10000-005813-7db268a4,1784798825189,1784798825190,202,1.000,warm
5888,exp-warm-10000-005814-61b76d31,1784798825189,1784798825190,202,1.000,warm
5889,exp-warm-10000-005818-63af9e22,1784798825189,1784798825190,202,1.000,warm
5890,exp-warm-10000-005812-49e314d3,1784798825189,1784798825190,202,1.000,warm
5891,exp-warm-10000-005823-2928329a,1784798825189,1784798825190,202,1.000,warm
5892,exp-warm-10000-005825-c0bf757a,1784798825189,1784798825190,202,1.000,warm
5893,exp-warm-10000-005843-d8daee37,1784798825189,1784798825191,202,2.000,warm
5894,exp-warm-10000-005834-4ad4379d,1784798825189,1784798825191,202,2.000,warm
5895,exp-warm-10000-005831-8a8ee187,1784798825189,1784798825191,202,2.000,warm
5896,exp-warm-10000-005853-71034546,1784798825189,1784798825192,202,3.000,warm
5897,exp-warm-10000-005852-538aa66d,1784798825189,1784798825192,202,3.000,warm
5898,exp-warm-10000-005871-b2632fe9,1784798825189,1784798825193,202,4.000,warm
5899,exp-warm-10000-005912-274e2068,1784798825189,1784798825195,202,6.000,warm
5900,exp-warm-10000-005908-68846d4c,1784798825189,1784798825195,202,6.000,warm
5901,exp-warm-10000-005917-216585fb,1784798825189,1784798825195,202,6.000,warm
5902,exp-warm-10000-005929-5de9b16f,1784798825189,1784798825196,202,7.000,warm
5903,exp-warm-10000-005949-a8103141,1784798825189,1784798825198,202,9.000,warm
5904,exp-warm-10000-005991-d9ae3be8,1784798825189,1784798825201,202,12.000,warm
5905,exp-warm-10000-005840-0849440e,1784798825190,1784798825191,202,1.000,warm
5906,exp-warm-10000-005841-ead77662,1784798825190,1784798825191,202,1.000,warm
5907,exp-warm-10000-005844-4d41c395,1784798825190,1784798825191,202,1.000,warm
5908,exp-warm-10000-005868-3e052fee,1784798825190,1784798825193,202,3.000,warm
5909,exp-warm-10000-005869-d84afd63,1784798825190,1784798825193,202,3.000,warm
5910,exp-warm-10000-005919-947cde15,1784798825190,1784798825195,202,5.000,warm
5911,exp-warm-10000-005915-96264013,1784798825190,1784798825195,202,5.000,warm
5912,exp-warm-10000-005927-c1789955,1784798825190,1784798825196,202,6.000,warm
5913,exp-warm-10000-005920-916b79d0,1784798825190,1784798825196,202,6.000,warm
5914,exp-warm-10000-005926-53eb5526,1784798825190,1784798825196,202,6.000,warm
5915,exp-warm-10000-005924-49d84722,1784798825190,1784798825196,202,6.000,warm
5916,exp-warm-10000-005935-dcfee4f0,1784798825190,1784798825197,202,7.000,warm
5917,exp-warm-10000-005982-6aafb93e,1784798825190,1784798825200,202,10.000,warm
5918,exp-warm-10000-006107-70ead7b6,1784798825190,1784798825208,202,18.000,warm
5919,exp-warm-10000-005848-38250f28,1784798825191,1784798825192,202,1.000,warm
5920,exp-warm-10000-005861-3c9039d1,1784798825191,1784798825192,202,1.000,warm
5921,exp-warm-10000-005863-06a07425,1784798825191,1784798825192,202,1.000,warm
5922,exp-warm-10000-005851-7ad449cd,1784798825191,1784798825192,202,1.000,warm
5923,exp-warm-10000-005849-92ceb06c,1784798825191,1784798825192,202,1.000,warm
5924,exp-warm-10000-005872-7627912d,1784798825191,1784798825193,202,2.000,warm
5925,exp-warm-10000-005918-5f884dde,1784798825191,1784798825195,202,4.000,warm
5926,exp-warm-10000-005904-8aac7c47,1784798825191,1784798825195,202,4.000,warm
5927,exp-warm-10000-005921-b4f233fe,1784798825191,1784798825196,202,5.000,warm
5928,exp-warm-10000-005938-4a779995,1784798825191,1784798825197,202,6.000,warm
5929,exp-warm-10000-005939-c65bf464,1784798825191,1784798825197,202,6.000,warm
5930,exp-warm-10000-005940-77798eb9,1784798825191,1784798825197,202,6.000,warm
5931,exp-warm-10000-005947-23363b10,1784798825191,1784798825198,202,7.000,warm
5932,exp-warm-10000-005957-ff9ac1a9,1784798825191,1784798825198,202,7.000,warm
5933,exp-warm-10000-005971-302dfc37,1784798825191,1784798825199,202,8.000,warm
5934,exp-warm-10000-006055-d78265b5,1784798825191,1784798825205,202,14.000,warm
5935,exp-warm-10000-006049-bde4ffa6,1784798825191,1784798825205,202,14.000,warm
5936,exp-warm-10000-005867-fd513f38,1784798825192,1784798825193,202,1.000,warm
5937,exp-warm-10000-005876-73713d60,1784798825192,1784798825193,202,1.000,warm
5938,exp-warm-10000-005900-2e0438aa,1784798825192,1784798825194,202,2.000,warm
5939,exp-warm-10000-005936-8880fe67,1784798825192,1784798825197,202,5.000,warm
5940,exp-warm-10000-005931-92d6ba89,1784798825192,1784798825197,202,5.000,warm
5941,exp-warm-10000-005952-51a86de0,1784798825192,1784798825198,202,6.000,warm
5942,exp-warm-10000-005953-aa414dbd,1784798825192,1784798825198,202,6.000,warm
5943,exp-warm-10000-005959-d52e82fe,1784798825192,1784798825198,202,6.000,warm
5944,exp-warm-10000-005968-e8d7a95e,1784798825192,1784798825199,202,7.000,warm
5945,exp-warm-10000-006144-3108d128,1784798825192,1784798825210,202,18.000,warm
5946,exp-warm-10000-006154-d6a296c9,1784798825192,1784798825210,202,18.000,warm
5947,exp-warm-10000-005891-0af72ed6,1784798825193,1784798825194,202,1.000,warm
5948,exp-warm-10000-005896-070e2fbc,1784798825193,1784798825194,202,1.000,warm
5949,exp-warm-10000-005897-064c1c6e,1784798825193,1784798825194,202,1.000,warm
5950,exp-warm-10000-005914-8379dc04,1784798825193,1784798825195,202,2.000,warm
5951,exp-warm-10000-005911-50125faa,1784798825193,1784798825195,202,2.000,warm
5952,exp-warm-10000-005916-b2aa5a8d,1784798825193,1784798825196,202,3.000,warm
5953,exp-warm-10000-005922-e684d287,1784798825193,1784798825196,202,3.000,warm
5954,exp-warm-10000-005930-c9dc661d,1784798825193,1784798825196,202,3.000,warm
5955,exp-warm-10000-005950-68fab075,1784798825193,1784798825198,202,5.000,warm
5956,exp-warm-10000-005946-d0002a7f,1784798825193,1784798825198,202,5.000,warm
5957,exp-warm-10000-005963-23ca4b92,1784798825193,1784798825199,202,6.000,warm
5958,exp-warm-10000-005974-9ebeaa4d,1784798825193,1784798825200,202,7.000,warm
5959,exp-warm-10000-005981-9d9acee5,1784798825193,1784798825200,202,7.000,warm
5960,exp-warm-10000-005978-393614e7,1784798825193,1784798825200,202,7.000,warm
5961,exp-warm-10000-005979-287f132d,1784798825193,1784798825200,202,7.000,warm
5962,exp-warm-10000-006000-46f3d250,1784798825193,1784798825201,202,8.000,warm
5963,exp-warm-10000-005925-f3d5c6aa,1784798825194,1784798825196,202,2.000,warm
5964,exp-warm-10000-005937-a4a72579,1784798825194,1784798825197,202,3.000,warm
5965,exp-warm-10000-005966-dee30130,1784798825194,1784798825199,202,5.000,warm
5966,exp-warm-10000-005958-2d793583,1784798825194,1784798825199,202,5.000,warm
5967,exp-warm-10000-005960-ba39a371,1784798825194,1784798825199,202,5.000,warm
5968,exp-warm-10000-005965-f0bda8ed,1784798825194,1784798825199,202,5.000,warm
5969,exp-warm-10000-005980-b036caba,1784798825194,1784798825200,202,6.000,warm
5970,exp-warm-10000-006008-cd76047f,1784798825194,1784798825202,202,8.000,warm
5971,exp-warm-10000-006027-15a51d1d,1784798825194,1784798825203,202,9.000,warm
5972,exp-warm-10000-005923-1655c223,1784798825195,1784798825196,202,1.000,warm
5973,exp-warm-10000-005932-b57c48e3,1784798825195,1784798825196,202,1.000,warm
5974,exp-warm-10000-005942-8bd9269c,1784798825195,1784798825197,202,2.000,warm
5975,exp-warm-10000-005933-2b8e978d,1784798825195,1784798825197,202,2.000,warm
5976,exp-warm-10000-005954-6bf82551,1784798825195,1784798825198,202,3.000,warm
5977,exp-warm-10000-005972-5380fe46,1784798825195,1784798825199,202,4.000,warm
5978,exp-warm-10000-005975-95b88b82,1784798825195,1784798825200,202,5.000,warm
5979,exp-warm-10000-006005-a572f48b,1784798825195,1784798825201,202,6.000,warm
5980,exp-warm-10000-005987-f9d15333,1784798825195,1784798825201,202,6.000,warm
5981,exp-warm-10000-006014-1a641d56,1784798825195,1784798825202,202,7.000,warm
5982,exp-warm-10000-006063-0a718183,1784798825195,1784798825205,202,10.000,warm
5983,exp-warm-10000-006158-371943fa,1784798825195,1784798825210,202,15.000,warm
5984,exp-warm-10000-005934-cc57d2af,1784798825196,1784798825197,202,1.000,warm
5985,exp-warm-10000-005943-6b2a54d5,1784798825196,1784798825197,202,1.000,warm
5986,exp-warm-10000-005977-6673d135,1784798825196,1784798825200,202,4.000,warm
5987,exp-warm-10000-005984-f3abe9c7,1784798825196,1784798825200,202,4.000,warm
5988,exp-warm-10000-005983-7dcc80cd,1784798825196,1784798825200,202,4.000,warm
5989,exp-warm-10000-005986-07338c16,1784798825196,1784798825200,202,4.000,warm
5990,exp-warm-10000-005996-9c361c83,1784798825196,1784798825201,202,5.000,warm
5991,exp-warm-10000-006001-4e1de0f2,1784798825196,1784798825201,202,5.000,warm
5992,exp-warm-10000-006011-fab2b1fd,1784798825196,1784798825202,202,6.000,warm
5993,exp-warm-10000-006029-a31779ae,1784798825196,1784798825203,202,7.000,warm
5994,exp-warm-10000-006095-d4e39a60,1784798825196,1784798825207,202,11.000,warm
5995,exp-warm-10000-006142-51268957,1784798825196,1784798825210,202,14.000,warm
5996,exp-warm-10000-006164-7f22af93,1784798825196,1784798825211,202,15.000,warm
5997,exp-warm-10000-009669-aaf84107,1784798825196,1784798825435,202,239.000,warm
5998,exp-warm-10000-005944-d515dafe,1784798825197,1784798825198,202,1.000,warm
5999,exp-warm-10000-005948-c1113505,1784798825197,1784798825198,202,1.000,warm
6000,exp-warm-10000-005945-15ed5626,1784798825197,1784798825198,202,1.000,warm
6001,exp-warm-10000-005951-b3596a43,1784798825197,1784798825198,202,1.000,warm
6002,exp-warm-10000-005955-ca39f8bf,1784798825197,1784798825198,202,1.000,warm
6003,exp-warm-10000-005962-3512cead,1784798825197,1784798825199,202,2.000,warm
6004,exp-warm-10000-005967-d1b125a0,1784798825197,1784798825199,202,2.000,warm
6005,exp-warm-10000-005956-8ec9b18c,1784798825197,1784798825199,202,2.000,warm
6006,exp-warm-10000-005969-7a84f67a,1784798825197,1784798825199,202,2.000,warm
6007,exp-warm-10000-005961-0eed3242,1784798825197,1784798825199,202,2.000,warm
6008,exp-warm-10000-005970-a7ca2801,1784798825197,1784798825200,202,3.000,warm
6009,exp-warm-10000-005993-4535940f,1784798825197,1784798825201,202,4.000,warm
6010,exp-warm-10000-005992-3b70d290,1784798825197,1784798825201,202,4.000,warm
6011,exp-warm-10000-006012-826edab0,1784798825197,1784798825202,202,5.000,warm
6012,exp-warm-10000-006016-ac57cc07,1784798825197,1784798825203,202,6.000,warm
6013,exp-warm-10000-006028-48514f74,1784798825197,1784798825203,202,6.000,warm
6014,exp-warm-10000-006022-7b70840c,1784798825197,1784798825204,202,7.000,warm
6015,exp-warm-10000-006188-7d03c5d3,1784798825197,1784798825212,202,15.000,warm
6016,exp-warm-10000-006264-9b40c83d,1784798825197,1784798825215,202,18.000,warm
6017,exp-warm-10000-005964-d8210c8b,1784798825198,1784798825199,202,1.000,warm
6018,exp-warm-10000-005985-ef0fe4f9,1784798825198,1784798825200,202,2.000,warm
6019,exp-warm-10000-005988-03d2e683,1784798825198,1784798825200,202,2.000,warm
6020,exp-warm-10000-005990-53019e03,1784798825198,1784798825200,202,2.000,warm
6021,exp-warm-10000-005989-0cdf6adc,1784798825198,1784798825201,202,3.000,warm
6022,exp-warm-10000-005999-b9125766,1784798825198,1784798825201,202,3.000,warm
6023,exp-warm-10000-006007-7615e2ad,1784798825198,1784798825202,202,4.000,warm
6024,exp-warm-10000-006015-d25c264b,1784798825198,1784798825202,202,4.000,warm
6025,exp-warm-10000-006006-f4967f45,1784798825198,1784798825202,202,4.000,warm
6026,exp-warm-10000-006026-02af8ab4,1784798825198,1784798825203,202,5.000,warm
6027,exp-warm-10000-006025-ab7be5fd,1784798825198,1784798825203,202,5.000,warm
6028,exp-warm-10000-006030-f6c15dcd,1784798825198,1784798825203,202,5.000,warm
6029,exp-warm-10000-006013-f9a2c244,1784798825198,1784798825204,202,6.000,warm
6030,exp-warm-10000-006064-941269fd,1784798825198,1784798825206,202,8.000,warm
6031,exp-warm-10000-006190-d37a2a48,1784798825198,1784798825212,202,14.000,warm
6032,exp-warm-10000-005973-6e660360,1784798825199,1784798825200,202,1.000,warm
6033,exp-warm-10000-005976-d63d8d2b,1784798825199,1784798825200,202,1.000,warm
6034,exp-warm-10000-005997-5febc6b7,1784798825199,1784798825201,202,2.000,warm
6035,exp-warm-10000-005998-a2f05413,1784798825199,1784798825201,202,2.000,warm
6036,exp-warm-10000-005995-50b97198,1784798825199,1784798825201,202,2.000,warm
6037,exp-warm-10000-006031-e6eb42d7,1784798825199,1784798825203,202,4.000,warm
6038,exp-warm-10000-006019-a2f80e27,1784798825199,1784798825204,202,5.000,warm
6039,exp-warm-10000-006040-4c4382a9,1784798825199,1784798825204,202,5.000,warm
6040,exp-warm-10000-006038-1a34ea63,1784798825199,1784798825204,202,5.000,warm
6041,exp-warm-10000-006035-dfb41cdd,1784798825199,1784798825204,202,5.000,warm
6042,exp-warm-10000-006043-b95ebd58,1784798825199,1784798825204,202,5.000,warm
6043,exp-warm-10000-006039-d2140404,1784798825199,1784798825204,202,5.000,warm
6044,exp-warm-10000-006032-86ec33b9,1784798825199,1784798825204,202,5.000,warm
6045,exp-warm-10000-006062-cae2294c,1784798825199,1784798825205,202,6.000,warm
6046,exp-warm-10000-006075-174e02f7,1784798825199,1784798825206,202,7.000,warm
6047,exp-warm-10000-006079-b7c07691,1784798825199,1784798825206,202,7.000,warm
6048,exp-warm-10000-006088-a1faf576,1784798825199,1784798825207,202,8.000,warm
6049,exp-warm-10000-006087-dbd3fee8,1784798825199,1784798825207,202,8.000,warm
6050,exp-warm-10000-006089-bc320c7f,1784798825199,1784798825207,202,8.000,warm
6051,exp-warm-10000-006085-57fe024c,1784798825199,1784798825207,202,8.000,warm
6052,exp-warm-10000-006102-a6794bf0,1784798825199,1784798825208,202,9.000,warm
6053,exp-warm-10000-006101-ab628a0a,1784798825199,1784798825208,202,9.000,warm
6054,exp-warm-10000-006141-cc4fd276,1784798825199,1784798825210,202,11.000,warm
6055,exp-warm-10000-006004-07ae6106,1784798825200,1784798825201,202,1.000,warm
6056,exp-warm-10000-005994-6e8ab767,1784798825200,1784798825201,202,1.000,warm
6057,exp-warm-10000-006009-1a8e84c4,1784798825200,1784798825202,202,2.000,warm
6058,exp-warm-10000-006003-d7a0d1e1,1784798825200,1784798825202,202,2.000,warm
6059,exp-warm-10000-006002-6ba7c10f,1784798825200,1784798825202,202,2.000,warm
6060,exp-warm-10000-006054-ec32f278,1784798825200,1784798825205,202,5.000,warm
6061,exp-warm-10000-006046-dc103fda,1784798825200,1784798825205,202,5.000,warm
6062,exp-warm-10000-006047-bd9383c7,1784798825200,1784798825205,202,5.000,warm
6063,exp-warm-10000-006058-41ba84ba,1784798825200,1784798825205,202,5.000,warm
6064,exp-warm-10000-006068-f1b2e299,1784798825200,1784798825206,202,6.000,warm
6065,exp-warm-10000-006081-4e91f655,1784798825200,1784798825207,202,7.000,warm
6066,exp-warm-10000-006082-71e0c3d1,1784798825200,1784798825207,202,7.000,warm
6067,exp-warm-10000-006103-f5e95ec0,1784798825200,1784798825208,202,8.000,warm
6068,exp-warm-10000-006105-172ee8b8,1784798825200,1784798825208,202,8.000,warm
6069,exp-warm-10000-006112-3cd2d7dd,1784798825200,1784798825208,202,8.000,warm
6070,exp-warm-10000-006109-02d3ac5e,1784798825200,1784798825208,202,8.000,warm
6071,exp-warm-10000-006094-e60944d9,1784798825200,1784798825208,202,8.000,warm
6072,exp-warm-10000-006104-b3abfd89,1784798825200,1784798825208,202,8.000,warm
6073,exp-warm-10000-006125-c6bd4bde,1784798825200,1784798825209,202,9.000,warm
6074,exp-warm-10000-006126-15deac39,1784798825200,1784798825209,202,9.000,warm
6075,exp-warm-10000-006161-72d925f9,1784798825200,1784798825210,202,10.000,warm
6076,exp-warm-10000-006159-0cbc5ad1,1784798825200,1784798825210,202,10.000,warm
6077,exp-warm-10000-006010-4144bdf1,1784798825201,1784798825202,202,1.000,warm
6078,exp-warm-10000-006024-99877f22,1784798825201,1784798825203,202,2.000,warm
6079,exp-warm-10000-006034-561ee207,1784798825201,1784798825204,202,3.000,warm
6080,exp-warm-10000-006044-8d5cb23c,1784798825201,1784798825204,202,3.000,warm
6081,exp-warm-10000-006033-77bdba73,1784798825201,1784798825204,202,3.000,warm
6082,exp-warm-10000-006051-d974005e,1784798825201,1784798825205,202,4.000,warm
6083,exp-warm-10000-006050-ffdafbe9,1784798825201,1784798825205,202,4.000,warm
6084,exp-warm-10000-006056-835976ec,1784798825201,1784798825205,202,4.000,warm
6085,exp-warm-10000-006057-ac38ac16,1784798825201,1784798825205,202,4.000,warm
6086,exp-warm-10000-006060-619f25b5,1784798825201,1784798825205,202,4.000,warm
6087,exp-warm-10000-006053-15fefc04,1784798825201,1784798825205,202,4.000,warm
6088,exp-warm-10000-006059-f8ae984e,1784798825201,1784798825205,202,4.000,warm
6089,exp-warm-10000-006052-2bef89fe,1784798825201,1784798825205,202,4.000,warm
6090,exp-warm-10000-006048-c64ad202,1784798825201,1784798825205,202,4.000,warm
6091,exp-warm-10000-006128-31e93abb,1784798825201,1784798825209,202,8.000,warm
6092,exp-warm-10000-006134-0df08a60,1784798825201,1784798825209,202,8.000,warm
6093,exp-warm-10000-006133-5b69c110,1784798825201,1784798825209,202,8.000,warm
6094,exp-warm-10000-006127-b8b8b5a1,1784798825201,1784798825209,202,8.000,warm
6095,exp-warm-10000-006132-249054b4,1784798825201,1784798825209,202,8.000,warm
6096,exp-warm-10000-006135-04eaf505,1784798825201,1784798825209,202,8.000,warm
6097,exp-warm-10000-006121-ffcc3508,1784798825201,1784798825209,202,8.000,warm
6098,exp-warm-10000-006212-f930dc40,1784798825201,1784798825213,202,12.000,warm
6099,exp-warm-10000-006447-bbc268cd,1784798825201,1784798825228,202,27.000,warm
6100,exp-warm-10000-006017-13ca50ab,1784798825202,1784798825203,202,1.000,warm
6101,exp-warm-10000-006042-3deb1144,1784798825202,1784798825204,202,2.000,warm
6102,exp-warm-10000-006061-94d0f8b8,1784798825202,1784798825205,202,3.000,warm
6103,exp-warm-10000-006066-e6ede2c6,1784798825202,1784798825206,202,4.000,warm
6104,exp-warm-10000-006123-9b45bdd7,1784798825202,1784798825209,202,7.000,warm
6105,exp-warm-10000-006129-19a782d6,1784798825202,1784798825209,202,7.000,warm
6106,exp-warm-10000-006145-694aab13,1784798825202,1784798825210,202,8.000,warm
6107,exp-warm-10000-006245-dd68bd7d,1784798825202,1784798825214,202,12.000,warm
6108,exp-warm-10000-006234-5c29fb6b,1784798825202,1784798825214,202,12.000,warm
6109,exp-warm-10000-006300-550c668d,1784798825202,1784798825218,202,16.000,warm
6110,exp-warm-10000-006021-d4808774,1784798825203,1784798825204,202,1.000,warm
6111,exp-warm-10000-006020-f7747d82,1784798825203,1784798825204,202,1.000,warm
6112,exp-warm-10000-006018-69050617,1784798825203,1784798825204,202,1.000,warm
6113,exp-warm-10000-006037-73976254,1784798825203,1784798825204,202,1.000,warm
6114,exp-warm-10000-006036-a67d6075,1784798825203,1784798825204,202,1.000,warm
6115,exp-warm-10000-006023-79cae370,1784798825203,1784798825204,202,1.000,warm
6116,exp-warm-10000-006045-4550f585,1784798825203,1784798825204,202,1.000,warm
6117,exp-warm-10000-006111-718328eb,1784798825203,1784798825208,202,5.000,warm
6118,exp-warm-10000-006136-ed542f9b,1784798825203,1784798825210,202,7.000,warm
6119,exp-warm-10000-006138-461c3d2b,1784798825203,1784798825210,202,7.000,warm
6120,exp-warm-10000-006137-12c4c2dd,1784798825203,1784798825210,202,7.000,warm
6121,exp-warm-10000-006155-e47b3e5d,1784798825203,1784798825210,202,7.000,warm
6122,exp-warm-10000-006167-118839d4,1784798825203,1784798825211,202,8.000,warm
6123,exp-warm-10000-006172-511e63f0,1784798825203,1784798825211,202,8.000,warm
6124,exp-warm-10000-006169-414aea1e,1784798825203,1784798825211,202,8.000,warm
6125,exp-warm-10000-006170-0b073260,1784798825203,1784798825211,202,8.000,warm
6126,exp-warm-10000-006179-6ecc5488,1784798825203,1784798825211,202,8.000,warm
6127,exp-warm-10000-006185-33583bb1,1784798825203,1784798825211,202,8.000,warm
6128,exp-warm-10000-006183-5dd48ed6,1784798825203,1784798825211,202,8.000,warm
6129,exp-warm-10000-006223-e03b97cf,1784798825203,1784798825213,202,10.000,warm
6130,exp-warm-10000-006230-df7759f1,1784798825203,1784798825214,202,11.000,warm
6131,exp-warm-10000-006097-1aa2d517,1784798825204,1784798825207,202,3.000,warm
6132,exp-warm-10000-006074-e29002c8,1784798825204,1784798825207,202,3.000,warm
6133,exp-warm-10000-006078-481ec707,1784798825204,1784798825207,202,3.000,warm
6134,exp-warm-10000-006110-4ad861ba,1784798825204,1784798825208,202,4.000,warm
6135,exp-warm-10000-006163-932d10f3,1784798825204,1784798825211,202,7.000,warm
6136,exp-warm-10000-006195-32da1721,1784798825204,1784798825212,202,8.000,warm
6137,exp-warm-10000-006196-ea67fba3,1784798825204,1784798825212,202,8.000,warm
6138,exp-warm-10000-006198-917c19e0,1784798825204,1784798825212,202,8.000,warm
6139,exp-warm-10000-006237-70681aad,1784798825204,1784798825214,202,10.000,warm
6140,exp-warm-10000-006065-01432ea0,1784798825205,1784798825206,202,1.000,warm
6141,exp-warm-10000-006067-2affb7f6,1784798825205,1784798825206,202,1.000,warm
6142,exp-warm-10000-006069-1e13229a,1784798825205,1784798825206,202,1.000,warm
6143,exp-warm-10000-006071-1b4e622b,1784798825205,1784798825206,202,1.000,warm
6144,exp-warm-10000-006070-e2e061b0,1784798825205,1784798825206,202,1.000,warm
6145,exp-warm-10000-006072-5be47f07,1784798825205,1784798825206,202,1.000,warm
6146,exp-warm-10000-006073-e0596e18,1784798825205,1784798825206,202,1.000,warm
6147,exp-warm-10000-006076-fafcd06c,1784798825205,1784798825206,202,1.000,warm
6148,exp-warm-10000-006077-97fe736e,1784798825205,1784798825206,202,1.000,warm
6149,exp-warm-10000-006093-015dd930,1784798825205,1784798825207,202,2.000,warm
6150,exp-warm-10000-006113-8eeb7c14,1784798825205,1784798825208,202,3.000,warm
6151,exp-warm-10000-006120-f7a1d83c,1784798825205,1784798825209,202,4.000,warm
6152,exp-warm-10000-006122-4789ba0f,1784798825205,1784798825209,202,4.000,warm
6153,exp-warm-10000-006150-ab81f86b,1784798825205,1784798825210,202,5.000,warm
6154,exp-warm-10000-006189-a540f8db,1784798825205,1784798825212,202,7.000,warm
6155,exp-warm-10000-006186-b27b8f0a,1784798825205,1784798825212,202,7.000,warm
6156,exp-warm-10000-006222-97c8fd49,1784798825205,1784798825213,202,8.000,warm
6157,exp-warm-10000-006217-6059b7fd,1784798825205,1784798825213,202,8.000,warm
6158,exp-warm-10000-006254-807692cf,1784798825205,1784798825215,202,10.000,warm
6159,exp-warm-10000-006292-3bba75f2,1784798825205,1784798825217,202,12.000,warm
6160,exp-warm-10000-006325-c67b283d,1784798825205,1784798825220,202,15.000,warm
6161,exp-warm-10000-006080-327c6b86,1784798825206,1784798825207,202,1.000,warm
6162,exp-warm-10000-006083-88336f17,1784798825206,1784798825207,202,1.000,warm
6163,exp-warm-10000-006084-6bcc0540,1784798825206,1784798825207,202,1.000,warm
6164,exp-warm-10000-006086-f4fce962,1784798825206,1784798825207,202,1.000,warm
6165,exp-warm-10000-006092-8d8aa0f7,1784798825206,1784798825207,202,1.000,warm
6166,exp-warm-10000-006091-21089c0a,1784798825206,1784798825207,202,1.000,warm
6167,exp-warm-10000-006098-42013d9f,1784798825206,1784798825208,202,2.000,warm
6168,exp-warm-10000-006096-1032ab62,1784798825206,1784798825208,202,2.000,warm
6169,exp-warm-10000-006099-d53bb56c,1784798825206,1784798825208,202,2.000,warm
6170,exp-warm-10000-006116-100960b9,1784798825206,1784798825208,202,2.000,warm
6171,exp-warm-10000-006100-2dcc7f71,1784798825206,1784798825208,202,2.000,warm
6172,exp-warm-10000-006108-695b5bfd,1784798825206,1784798825208,202,2.000,warm
6173,exp-warm-10000-006117-d9eab741,1784798825206,1784798825209,202,3.000,warm
6174,exp-warm-10000-006152-94590364,1784798825206,1784798825210,202,4.000,warm
6175,exp-warm-10000-006143-f640052b,1784798825206,1784798825210,202,4.000,warm
6176,exp-warm-10000-006184-f03d31b8,1784798825206,1784798825211,202,5.000,warm
6177,exp-warm-10000-006165-7c50da86,1784798825206,1784798825211,202,5.000,warm
6178,exp-warm-10000-006203-7ad165d4,1784798825206,1784798825213,202,7.000,warm
6179,exp-warm-10000-006210-fc1f48fc,1784798825206,1784798825213,202,7.000,warm
6180,exp-warm-10000-006218-eda1f84e,1784798825206,1784798825213,202,7.000,warm
6181,exp-warm-10000-006224-9aafa39b,1784798825206,1784798825213,202,7.000,warm
6182,exp-warm-10000-006225-748369b1,1784798825206,1784798825213,202,7.000,warm
6183,exp-warm-10000-006220-d00b8c6d,1784798825206,1784798825213,202,7.000,warm
6184,exp-warm-10000-006246-4bd34f69,1784798825206,1784798825214,202,8.000,warm
6185,exp-warm-10000-006274-635cdab1,1784798825206,1784798825216,202,10.000,warm
6186,exp-warm-10000-006269-d4c881f8,1784798825206,1784798825216,202,10.000,warm
6187,exp-warm-10000-006106-c0d3a933,1784798825207,1784798825208,202,1.000,warm
6188,exp-warm-10000-006115-f0e0a4c1,1784798825207,1784798825208,202,1.000,warm
6189,exp-warm-10000-006114-6833c83e,1784798825207,1784798825208,202,1.000,warm
6190,exp-warm-10000-006146-5048ea7d,1784798825207,1784798825210,202,3.000,warm
6191,exp-warm-10000-006148-2309583e,1784798825207,1784798825210,202,3.000,warm
6192,exp-warm-10000-006202-7fb59618,1784798825207,1784798825212,202,5.000,warm
6193,exp-warm-10000-006243-9d1bf7d7,1784798825207,1784798825214,202,7.000,warm
6194,exp-warm-10000-006229-8ca5e298,1784798825207,1784798825214,202,7.000,warm
6195,exp-warm-10000-006242-2e747b97,1784798825207,1784798825214,202,7.000,warm
6196,exp-warm-10000-006297-609b684e,1784798825207,1784798825218,202,11.000,warm
6197,exp-warm-10000-006119-8ccdec6a,1784798825208,1784798825209,202,1.000,warm
6198,exp-warm-10000-006118-87a8ad6f,1784798825208,1784798825209,202,1.000,warm
6199,exp-warm-10000-006124-d84721eb,1784798825208,1784798825209,202,1.000,warm
6200,exp-warm-10000-006131-5099f827,1784798825208,1784798825209,202,1.000,warm
6201,exp-warm-10000-006130-afa8e071,1784798825208,1784798825209,202,1.000,warm
6202,exp-warm-10000-006160-7e313782,1784798825208,1784798825210,202,2.000,warm
6203,exp-warm-10000-006151-1ccfe519,1784798825208,1784798825210,202,2.000,warm
6204,exp-warm-10000-006156-32e2fe29,1784798825208,1784798825210,202,2.000,warm
6205,exp-warm-10000-006140-3d513e2b,1784798825208,1784798825210,202,2.000,warm
6206,exp-warm-10000-006153-2963800c,1784798825208,1784798825210,202,2.000,warm
6207,exp-warm-10000-006162-93e6b272,1784798825208,1784798825211,202,3.000,warm
6208,exp-warm-10000-006178-24ee802d,1784798825208,1784798825211,202,3.000,warm
6209,exp-warm-10000-006213-fc3ec6de,1784798825208,1784798825213,202,5.000,warm
6210,exp-warm-10000-006257-5d88a2c6,1784798825208,1784798825215,202,7.000,warm
6211,exp-warm-10000-006256-0678903c,1784798825208,1784798825215,202,7.000,warm
6212,exp-warm-10000-006261-a7207524,1784798825208,1784798825215,202,7.000,warm
6213,exp-warm-10000-006263-d03aff6a,1784798825208,1784798825215,202,7.000,warm
6214,exp-warm-10000-006265-d1b72795,1784798825208,1784798825215,202,7.000,warm
6215,exp-warm-10000-006277-fd982906,1784798825208,1784798825216,202,8.000,warm
6216,exp-warm-10000-006298-5751f11d,1784798825208,1784798825218,202,10.000,warm
6217,exp-warm-10000-006317-fae1ee57,1784798825208,1784798825220,202,12.000,warm
6218,exp-warm-10000-006139-3946b662,1784798825209,1784798825210,202,1.000,warm
6219,exp-warm-10000-006149-b54b319a,1784798825209,1784798825210,202,1.000,warm
6220,exp-warm-10000-006157-b40d34b9,1784798825209,1784798825210,202,1.000,warm
6221,exp-warm-10000-006147-8537672c,1784798825209,1784798825210,202,1.000,warm
6222,exp-warm-10000-006166-dee66975,1784798825209,1784798825211,202,2.000,warm
6223,exp-warm-10000-006171-9c83aa19,1784798825209,1784798825211,202,2.000,warm
6224,exp-warm-10000-006177-574509a1,1784798825209,1784798825211,202,2.000,warm
6225,exp-warm-10000-006180-a8a463f3,1784798825209,1784798825211,202,2.000,warm
6226,exp-warm-10000-006194-f50b6ad0,1784798825209,1784798825212,202,3.000,warm
6227,exp-warm-10000-006201-b746b976,1784798825209,1784798825212,202,3.000,warm
6228,exp-warm-10000-006192-24e90d4f,1784798825209,1784798825212,202,3.000,warm
6229,exp-warm-10000-006216-6ee7364a,1784798825209,1784798825213,202,4.000,warm
6230,exp-warm-10000-006233-de4d7e8d,1784798825209,1784798825214,202,5.000,warm
6231,exp-warm-10000-006244-0c0ce069,1784798825209,1784798825214,202,5.000,warm
6232,exp-warm-10000-006250-8aae9b55,1784798825209,1784798825215,202,6.000,warm
6233,exp-warm-10000-006276-7aeb241b,1784798825209,1784798825216,202,7.000,warm
6234,exp-warm-10000-006278-7aa8db16,1784798825209,1784798825216,202,7.000,warm
6235,exp-warm-10000-006270-d49f3cb0,1784798825209,1784798825216,202,7.000,warm
6236,exp-warm-10000-006286-e8c61223,1784798825209,1784798825217,202,8.000,warm
6237,exp-warm-10000-006291-7ad9bfb5,1784798825209,1784798825217,202,8.000,warm
6238,exp-warm-10000-006296-830de61f,1784798825209,1784798825218,202,9.000,warm
6239,exp-warm-10000-006313-63bc7fe6,1784798825209,1784798825219,202,10.000,warm
6240,exp-warm-10000-006309-6289543f,1784798825209,1784798825219,202,10.000,warm
6241,exp-warm-10000-006321-7f5c321a,1784798825209,1784798825220,202,11.000,warm
6242,exp-warm-10000-006572-271acad5,1784798825209,1784798825235,202,26.000,warm
6243,exp-warm-10000-006168-f1b5f8a0,1784798825210,1784798825211,202,1.000,warm
6244,exp-warm-10000-006173-f5ea6a12,1784798825210,1784798825211,202,1.000,warm
6245,exp-warm-10000-006174-7d672687,1784798825210,1784798825211,202,1.000,warm
6246,exp-warm-10000-006175-ff3b4347,1784798825210,1784798825211,202,1.000,warm
6247,exp-warm-10000-006176-1f0b7470,1784798825210,1784798825211,202,1.000,warm
6248,exp-warm-10000-006181-9a6f084f,1784798825210,1784798825211,202,1.000,warm
6249,exp-warm-10000-006182-36aac45f,1784798825210,1784798825211,202,1.000,warm
6250,exp-warm-10000-006209-be2424c1,1784798825210,1784798825213,202,3.000,warm
6251,exp-warm-10000-006241-55bf1a61,1784798825210,1784798825214,202,4.000,warm
6252,exp-warm-10000-006235-a85ca626,1784798825210,1784798825214,202,4.000,warm
6253,exp-warm-10000-006255-e07a3231,1784798825210,1784798825215,202,5.000,warm
6254,exp-warm-10000-006267-c748fc88,1784798825210,1784798825216,202,6.000,warm
6255,exp-warm-10000-006266-8c788616,1784798825210,1784798825216,202,6.000,warm
6256,exp-warm-10000-006281-77d6a157,1784798825210,1784798825217,202,7.000,warm
6257,exp-warm-10000-006282-3b941c77,1784798825210,1784798825217,202,7.000,warm
6258,exp-warm-10000-006287-180076f5,1784798825210,1784798825217,202,7.000,warm
6259,exp-warm-10000-006295-ed371bea,1784798825210,1784798825217,202,7.000,warm
6260,exp-warm-10000-006294-2e027a42,1784798825210,1784798825217,202,7.000,warm
6261,exp-warm-10000-006290-b5fbd21b,1784798825210,1784798825217,202,7.000,warm
6262,exp-warm-10000-006316-fbc23dc2,1784798825210,1784798825219,202,9.000,warm
6263,exp-warm-10000-006187-259acec7,1784798825211,1784798825212,202,1.000,warm
6264,exp-warm-10000-006193-3ff552e9,1784798825211,1784798825212,202,1.000,warm
6265,exp-warm-10000-006191-89b8f1e1,1784798825211,1784798825212,202,1.000,warm
6266,exp-warm-10000-006197-9620abf8,1784798825211,1784798825212,202,1.000,warm
6267,exp-warm-10000-006199-83927097,1784798825211,1784798825212,202,1.000,warm
6268,exp-warm-10000-006215-c4b1e6f4,1784798825211,1784798825213,202,2.000,warm
6269,exp-warm-10000-006226-d6b72e62,1784798825211,1784798825213,202,2.000,warm
6270,exp-warm-10000-006232-8661fd9b,1784798825211,1784798825214,202,3.000,warm
6271,exp-warm-10000-006238-e884433a,1784798825211,1784798825214,202,3.000,warm
6272,exp-warm-10000-006240-1ba04350,1784798825211,1784798825214,202,3.000,warm
6273,exp-warm-10000-006262-0b01f83b,1784798825211,1784798825215,202,4.000,warm
6274,exp-warm-10000-006283-0994a721,1784798825211,1784798825217,202,6.000,warm
6275,exp-warm-10000-006299-d8f6266d,1784798825211,1784798825218,202,7.000,warm
6276,exp-warm-10000-006303-8ea90c91,1784798825211,1784798825218,202,7.000,warm
6277,exp-warm-10000-006312-5d308317,1784798825211,1784798825219,202,8.000,warm
6278,exp-warm-10000-006508-69d76dd8,1784798825211,1784798825232,202,21.000,warm
6279,exp-warm-10000-006506-bd4a9191,1784798825211,1784798825232,202,21.000,warm
6280,exp-warm-10000-006550-a4651f5a,1784798825211,1784798825234,202,23.000,warm
6281,exp-warm-10000-006566-a55916b6,1784798825211,1784798825235,202,24.000,warm
6282,exp-warm-10000-006207-07d7d922,1784798825212,1784798825213,202,1.000,warm
6283,exp-warm-10000-006204-29e49f9c,1784798825212,1784798825213,202,1.000,warm
6284,exp-warm-10000-006205-69401cda,1784798825212,1784798825213,202,1.000,warm
6285,exp-warm-10000-006211-1c3d50da,1784798825212,1784798825213,202,1.000,warm
6286,exp-warm-10000-006208-f6d9d5d7,1784798825212,1784798825213,202,1.000,warm
6287,exp-warm-10000-006206-06e41190,1784798825212,1784798825213,202,1.000,warm
6288,exp-warm-10000-006214-c2af2038,1784798825212,1784798825213,202,1.000,warm
6289,exp-warm-10000-006221-6eec915c,1784798825212,1784798825213,202,1.000,warm
6290,exp-warm-10000-006219-482bb319,1784798825212,1784798825213,202,1.000,warm
6291,exp-warm-10000-006239-315f0d50,1784798825212,1784798825214,202,2.000,warm
6292,exp-warm-10000-006253-ebfa4cdd,1784798825212,1784798825215,202,3.000,warm
6293,exp-warm-10000-006259-db47c77c,1784798825212,1784798825215,202,3.000,warm
6294,exp-warm-10000-006260-7e69611c,1784798825212,1784798825215,202,3.000,warm
6295,exp-warm-10000-006252-00621478,1784798825212,1784798825215,202,3.000,warm
6296,exp-warm-10000-006280-c1e0128c,1784798825212,1784798825216,202,4.000,warm
6297,exp-warm-10000-006305-5ce8e696,1784798825212,1784798825219,202,7.000,warm
6298,exp-warm-10000-006306-9ca0f338,1784798825212,1784798825219,202,7.000,warm
6299,exp-warm-10000-006324-3e3293d5,1784798825212,1784798825220,202,8.000,warm
6300,exp-warm-10000-006351-f758be75,1784798825212,1784798825221,202,9.000,warm
6301,exp-warm-10000-006336-8d106036,1784798825212,1784798825221,202,9.000,warm
6302,exp-warm-10000-006369-79219ca7,1784798825212,1784798825222,202,10.000,warm
6303,exp-warm-10000-006618-590920ed,1784798825212,1784798825237,202,25.000,warm
6304,exp-warm-10000-006228-2cf49546,1784798825213,1784798825214,202,1.000,warm
6305,exp-warm-10000-006227-ecefac7f,1784798825213,1784798825214,202,1.000,warm
6306,exp-warm-10000-006231-9ad620d7,1784798825213,1784798825214,202,1.000,warm
6307,exp-warm-10000-006236-696e5a4f,1784798825213,1784798825214,202,1.000,warm
6308,exp-warm-10000-006249-a474a73b,1784798825213,1784798825215,202,2.000,warm
6309,exp-warm-10000-006275-a4a3cda0,1784798825213,1784798825216,202,3.000,warm
6310,exp-warm-10000-006272-83e4b3ab,1784798825213,1784798825216,202,3.000,warm
6311,exp-warm-10000-006271-4edd5622,1784798825213,1784798825216,202,3.000,warm
6312,exp-warm-10000-006273-a8565dda,1784798825213,1784798825216,202,3.000,warm
6313,exp-warm-10000-006285-34924514,1784798825213,1784798825217,202,4.000,warm
6314,exp-warm-10000-006293-e5b64f46,1784798825213,1784798825217,202,4.000,warm
6315,exp-warm-10000-006329-088dc39a,1784798825213,1784798825220,202,7.000,warm
6316,exp-warm-10000-006319-10683a88,1784798825213,1784798825220,202,7.000,warm
6317,exp-warm-10000-006320-5c375d88,1784798825213,1784798825220,202,7.000,warm
6318,exp-warm-10000-006327-2a46ee27,1784798825213,1784798825220,202,7.000,warm
6319,exp-warm-10000-006330-2bd7a906,1784798825213,1784798825220,202,7.000,warm
6320,exp-warm-10000-006333-7de6f623,1784798825213,1784798825220,202,7.000,warm
6321,exp-warm-10000-006340-ac00503e,1784798825213,1784798825221,202,8.000,warm
6322,exp-warm-10000-006505-4893d53d,1784798825213,1784798825232,202,19.000,warm
6323,exp-warm-10000-006247-05901e63,1784798825214,1784798825215,202,1.000,warm
6324,exp-warm-10000-006251-1c6e8ed4,1784798825214,1784798825215,202,1.000,warm
6325,exp-warm-10000-006248-4e5072cc,1784798825214,1784798825215,202,1.000,warm
6326,exp-warm-10000-006258-845e4015,1784798825214,1784798825215,202,1.000,warm
6327,exp-warm-10000-006268-d80a9e83,1784798825214,1784798825216,202,2.000,warm
6328,exp-warm-10000-006284-d75d9072,1784798825214,1784798825217,202,3.000,warm
6329,exp-warm-10000-006288-38128e9e,1784798825214,1784798825217,202,3.000,warm
6330,exp-warm-10000-006289-f066c994,1784798825214,1784798825217,202,3.000,warm
6331,exp-warm-10000-006301-2c9ff3d0,1784798825214,1784798825218,202,4.000,warm
6332,exp-warm-10000-006332-e712e7d0,1784798825214,1784798825220,202,6.000,warm
6333,exp-warm-10000-006315-e50a2a90,1784798825214,1784798825220,202,6.000,warm
6334,exp-warm-10000-006343-ca5710da,1784798825214,1784798825221,202,7.000,warm
6335,exp-warm-10000-006345-23a472ae,1784798825214,1784798825221,202,7.000,warm
6336,exp-warm-10000-006355-18c54149,1784798825214,1784798825221,202,7.000,warm
6337,exp-warm-10000-006356-8a6bda67,1784798825214,1784798825222,202,8.000,warm
6338,exp-warm-10000-006357-afa81d56,1784798825214,1784798825222,202,8.000,warm
6339,exp-warm-10000-006279-5668339e,1784798825215,1784798825216,202,1.000,warm
6340,exp-warm-10000-006314-71a929e1,1784798825215,1784798825219,202,4.000,warm
6341,exp-warm-10000-006331-c98b168a,1784798825215,1784798825220,202,5.000,warm
6342,exp-warm-10000-006341-ec56621b,1784798825215,1784798825221,202,6.000,warm
6343,exp-warm-10000-006342-38ade61a,1784798825215,1784798825221,202,6.000,warm
6344,exp-warm-10000-006367-e8e64884,1784798825215,1784798825222,202,7.000,warm
6345,exp-warm-10000-006366-15132ced,1784798825215,1784798825222,202,7.000,warm
6346,exp-warm-10000-006371-6cc4f09b,1784798825215,1784798825222,202,7.000,warm
6347,exp-warm-10000-006362-705a24c8,1784798825215,1784798825222,202,7.000,warm
6348,exp-warm-10000-006385-e0702c7d,1784798825215,1784798825223,202,8.000,warm
6349,exp-warm-10000-006308-6dec4355,1784798825216,1784798825219,202,3.000,warm
6350,exp-warm-10000-006304-d46d35a2,1784798825216,1784798825219,202,3.000,warm
6351,exp-warm-10000-006354-c3538174,1784798825216,1784798825222,202,6.000,warm
6352,exp-warm-10000-006361-1da5c37a,1784798825216,1784798825222,202,6.000,warm
6353,exp-warm-10000-006359-c776cc8a,1784798825216,1784798825222,202,6.000,warm
6354,exp-warm-10000-006360-50cfeca0,1784798825216,1784798825222,202,6.000,warm
6355,exp-warm-10000-006365-012607e6,1784798825216,1784798825222,202,6.000,warm
6356,exp-warm-10000-006364-b6816141,1784798825216,1784798825222,202,6.000,warm
6357,exp-warm-10000-006310-acdf6eb2,1784798825217,1784798825219,202,2.000,warm
6358,exp-warm-10000-006311-a270fa4a,1784798825217,1784798825219,202,2.000,warm
6359,exp-warm-10000-006302-24814b9a,1784798825217,1784798825219,202,2.000,warm
6360,exp-warm-10000-006334-141fa0ff,1784798825217,1784798825221,202,4.000,warm
6361,exp-warm-10000-006352-9456e38e,1784798825217,1784798825221,202,4.000,warm
6362,exp-warm-10000-006370-876f3c78,1784798825217,1784798825222,202,5.000,warm
6363,exp-warm-10000-006382-3ef187fd,1784798825217,1784798825223,202,6.000,warm
6364,exp-warm-10000-006375-ee90e019,1784798825217,1784798825223,202,6.000,warm
6365,exp-warm-10000-006380-3d328a95,1784798825217,1784798825223,202,6.000,warm
6366,exp-warm-10000-006384-5b863394,1784798825217,1784798825223,202,6.000,warm
6367,exp-warm-10000-006383-0607f654,1784798825217,1784798825223,202,6.000,warm
6368,exp-warm-10000-006307-dcb0e7fe,1784798825218,1784798825219,202,1.000,warm
6369,exp-warm-10000-006328-55bf03b8,1784798825218,1784798825220,202,2.000,warm
6370,exp-warm-10000-006337-142a8a84,1784798825218,1784798825221,202,3.000,warm
6371,exp-warm-10000-006349-acf64268,1784798825218,1784798825221,202,3.000,warm
6372,exp-warm-10000-006378-57604ee8,1784798825218,1784798825223,202,5.000,warm
6373,exp-warm-10000-006374-025eec82,1784798825218,1784798825223,202,5.000,warm
6374,exp-warm-10000-006386-5fc1fa08,1784798825218,1784798825224,202,6.000,warm
6375,exp-warm-10000-006392-26bb9142,1784798825218,1784798825224,202,6.000,warm
6376,exp-warm-10000-006404-f487e6f3,1784798825218,1784798825225,202,7.000,warm
6377,exp-warm-10000-006397-b64fa860,1784798825218,1784798825225,202,7.000,warm
6378,exp-warm-10000-006402-882c086a,1784798825218,1784798825225,202,7.000,warm
6379,exp-warm-10000-006420-a422219a,1784798825218,1784798825226,202,8.000,warm
6380,exp-warm-10000-006415-6168e5be,1784798825218,1784798825226,202,8.000,warm
6381,exp-warm-10000-006322-cde7f783,1784798825219,1784798825220,202,1.000,warm
6382,exp-warm-10000-006323-b6e25eb6,1784798825219,1784798825220,202,1.000,warm
6383,exp-warm-10000-006326-07140c5b,1784798825219,1784798825220,202,1.000,warm
6384,exp-warm-10000-006318-ce4d298a,1784798825219,1784798825220,202,1.000,warm
6385,exp-warm-10000-006353-40eb6ef8,1784798825219,1784798825221,202,2.000,warm
6386,exp-warm-10000-006368-f62e9633,1784798825219,1784798825222,202,3.000,warm
6387,exp-warm-10000-006339-4bc65641,1784798825219,1784798825222,202,3.000,warm
6388,exp-warm-10000-006372-bee715ba,1784798825219,1784798825222,202,3.000,warm
6389,exp-warm-10000-006381-93cefb68,1784798825219,1784798825223,202,4.000,warm
6390,exp-warm-10000-006389-bea26ddd,1784798825219,1784798825224,202,5.000,warm
6391,exp-warm-10000-006388-6a221ca9,1784798825219,1784798825224,202,5.000,warm
6392,exp-warm-10000-006391-cfeb410f,1784798825219,1784798825224,202,5.000,warm
6393,exp-warm-10000-006395-0468e6f8,1784798825219,1784798825224,202,5.000,warm
6394,exp-warm-10000-006416-f3b7a2ed,1784798825219,1784798825226,202,7.000,warm
6395,exp-warm-10000-006495-10349114,1784798825219,1784798825231,202,12.000,warm
6396,exp-warm-10000-006344-dc710081,1784798825220,1784798825221,202,1.000,warm
6397,exp-warm-10000-006335-a9cb5fbf,1784798825220,1784798825221,202,1.000,warm
6398,exp-warm-10000-006347-0faa94dc,1784798825220,1784798825221,202,1.000,warm
6399,exp-warm-10000-006350-12bde263,1784798825220,1784798825221,202,1.000,warm
6400,exp-warm-10000-006348-971d080a,1784798825220,1784798825221,202,1.000,warm
6401,exp-warm-10000-006338-a13be354,1784798825220,1784798825221,202,1.000,warm
6402,exp-warm-10000-006398-73f08b89,1784798825220,1784798825225,202,5.000,warm
6403,exp-warm-10000-006401-fe4562e4,1784798825220,1784798825225,202,5.000,warm
6404,exp-warm-10000-006425-fba5c6fe,1784798825220,1784798825226,202,6.000,warm
6405,exp-warm-10000-006418-8d323026,1784798825220,1784798825226,202,6.000,warm
6406,exp-warm-10000-006514-bfbe99c8,1784798825220,1784798825232,202,12.000,warm
6407,exp-warm-10000-006615-7a99fbab,1784798825220,1784798825237,202,17.000,warm
6408,exp-warm-10000-006358-649d88b4,1784798825221,1784798825222,202,1.000,warm
6409,exp-warm-10000-006346-ab40b286,1784798825221,1784798825223,202,2.000,warm
6410,exp-warm-10000-006376-5173acc2,1784798825221,1784798825223,202,2.000,warm
6411,exp-warm-10000-006396-5658cae8,1784798825221,1784798825224,202,3.000,warm
6412,exp-warm-10000-006414-3b139614,1784798825221,1784798825226,202,5.000,warm
6413,exp-warm-10000-006408-ad3c889f,1784798825221,1784798825226,202,5.000,warm
6414,exp-warm-10000-006413-80f378bf,1784798825221,1784798825226,202,5.000,warm
6415,exp-warm-10000-006412-5ae75bf9,1784798825221,1784798825226,202,5.000,warm
6416,exp-warm-10000-006410-f01575e5,1784798825221,1784798825226,202,5.000,warm
6417,exp-warm-10000-006417-0c552b8f,1784798825221,1784798825226,202,5.000,warm
6418,exp-warm-10000-006419-f1198661,1784798825221,1784798825226,202,5.000,warm
6419,exp-warm-10000-006424-95c09fd1,1784798825221,1784798825227,202,6.000,warm
6420,exp-warm-10000-006433-4e7554a2,1784798825221,1784798825227,202,6.000,warm
6421,exp-warm-10000-006437-9df46614,1784798825221,1784798825227,202,6.000,warm
6422,exp-warm-10000-006432-58667d34,1784798825221,1784798825227,202,6.000,warm
6423,exp-warm-10000-006434-58c50413,1784798825221,1784798825227,202,6.000,warm
6424,exp-warm-10000-006445-638c1703,1784798825221,1784798825228,202,7.000,warm
6425,exp-warm-10000-006654-8e123e4e,1784798825221,1784798825239,202,18.000,warm
6426,exp-warm-10000-006703-984a2037,1784798825221,1784798825242,202,21.000,warm
6427,exp-warm-10000-006373-496e8bd6,1784798825222,1784798825223,202,1.000,warm
6428,exp-warm-10000-006379-a5043dba,1784798825222,1784798825223,202,1.000,warm
6429,exp-warm-10000-006377-41f3be95,1784798825222,1784798825223,202,1.000,warm
6430,exp-warm-10000-006363-a0a5ac4d,1784798825222,1784798825224,202,2.000,warm
6431,exp-warm-10000-006387-b8722190,1784798825222,1784798825224,202,2.000,warm
6432,exp-warm-10000-006393-a21abba5,1784798825222,1784798825224,202,2.000,warm
6433,exp-warm-10000-006403-c039d4b8,1784798825222,1784798825225,202,3.000,warm
6434,exp-warm-10000-006409-4ba743f9,1784798825222,1784798825226,202,4.000,warm
6435,exp-warm-10000-006430-5f57faa2,1784798825222,1784798825227,202,5.000,warm
6436,exp-warm-10000-006431-71543dad,1784798825222,1784798825227,202,5.000,warm
6437,exp-warm-10000-006426-4b9254f1,1784798825222,1784798825227,202,5.000,warm
6438,exp-warm-10000-006427-e4091778,1784798825222,1784798825227,202,5.000,warm
6439,exp-warm-10000-006422-5f0850e9,1784798825222,1784798825227,202,5.000,warm
6440,exp-warm-10000-006451-478500d7,1784798825222,1784798825228,202,6.000,warm
6441,exp-warm-10000-006446-87930e73,1784798825222,1784798825228,202,6.000,warm
6442,exp-warm-10000-006439-d152f09c,1784798825222,1784798825228,202,6.000,warm
6443,exp-warm-10000-006450-593ccaea,1784798825222,1784798825228,202,6.000,warm
6444,exp-warm-10000-006503-e86f745d,1784798825222,1784798825231,202,9.000,warm
6445,exp-warm-10000-006500-e2b056a6,1784798825222,1784798825231,202,9.000,warm
6446,exp-warm-10000-006491-15188195,1784798825222,1784798825231,202,9.000,warm
6447,exp-warm-10000-006511-15228202,1784798825222,1784798825232,202,10.000,warm
6448,exp-warm-10000-006515-5566ed01,1784798825222,1784798825232,202,10.000,warm
6449,exp-warm-10000-006529-f4c187fe,1784798825222,1784798825233,202,11.000,warm
6450,exp-warm-10000-006532-9fc65409,1784798825222,1784798825233,202,11.000,warm
6451,exp-warm-10000-006616-4a44f76b,1784798825222,1784798825237,202,15.000,warm
6452,exp-warm-10000-006634-63056f05,1784798825222,1784798825238,202,16.000,warm
6453,exp-warm-10000-006390-9fb12060,1784798825223,1784798825224,202,1.000,warm
6454,exp-warm-10000-006394-0d30f818,1784798825223,1784798825224,202,1.000,warm
6455,exp-warm-10000-006405-5f868ab4,1784798825223,1784798825225,202,2.000,warm
6456,exp-warm-10000-006406-3df0c5b5,1784798825223,1784798825225,202,2.000,warm
6457,exp-warm-10000-006400-7f685373,1784798825223,1784798825225,202,2.000,warm
6458,exp-warm-10000-006438-8f408731,1784798825223,1784798825228,202,5.000,warm
6459,exp-warm-10000-006448-2097d312,1784798825223,1784798825228,202,5.000,warm
6460,exp-warm-10000-006443-3ded65dc,1784798825223,1784798825228,202,5.000,warm
6461,exp-warm-10000-006455-68347680,1784798825223,1784798825229,202,6.000,warm
6462,exp-warm-10000-006490-f38607b3,1784798825223,1784798825231,202,8.000,warm
6463,exp-warm-10000-006504-0731daa2,1784798825223,1784798825232,202,9.000,warm
6464,exp-warm-10000-006684-479c99a8,1784798825223,1784798825241,202,18.000,warm
6465,exp-warm-10000-006695-1f5a2d6a,1784798825223,1784798825242,202,19.000,warm
6466,exp-warm-10000-006399-b48bae89,1784798825224,1784798825225,202,1.000,warm
6467,exp-warm-10000-006411-16ea0804,1784798825224,1784798825226,202,2.000,warm
6468,exp-warm-10000-006440-437c9d5b,1784798825224,1784798825228,202,4.000,warm
6469,exp-warm-10000-006444-e5ec54cf,1784798825224,1784798825228,202,4.000,warm
6470,exp-warm-10000-006460-2baff810,1784798825224,1784798825229,202,5.000,warm
6471,exp-warm-10000-006464-486cd2b6,1784798825224,1784798825229,202,5.000,warm
6472,exp-warm-10000-006457-9a6bbab3,1784798825224,1784798825229,202,5.000,warm
6473,exp-warm-10000-006458-9b89ebfd,1784798825224,1784798825229,202,5.000,warm
6474,exp-warm-10000-006468-0f731b7f,1784798825224,1784798825230,202,6.000,warm
6475,exp-warm-10000-006509-5be09283,1784798825224,1784798825232,202,8.000,warm
6476,exp-warm-10000-006517-ebe605db,1784798825224,1784798825232,202,8.000,warm
6477,exp-warm-10000-006518-69e53bb4,1784798825224,1784798825232,202,8.000,warm
6478,exp-warm-10000-006519-61c93888,1784798825224,1784798825232,202,8.000,warm
6479,exp-warm-10000-006510-edbd8f3d,1784798825224,1784798825232,202,8.000,warm
6480,exp-warm-10000-006507-4a37e79e,1784798825224,1784798825232,202,8.000,warm
6481,exp-warm-10000-006531-b078bbd8,1784798825224,1784798825233,202,9.000,warm
6482,exp-warm-10000-006523-13d76997,1784798825224,1784798825233,202,9.000,warm
6483,exp-warm-10000-006548-85b6903e,1784798825224,1784798825234,202,10.000,warm
6484,exp-warm-10000-006670-7737d13c,1784798825224,1784798825240,202,16.000,warm
6485,exp-warm-10000-006680-47f7da9a,1784798825224,1784798825241,202,17.000,warm
6486,exp-warm-10000-006705-3892272f,1784798825224,1784798825242,202,18.000,warm
6487,exp-warm-10000-006407-e22fd366,1784798825225,1784798825226,202,1.000,warm
6488,exp-warm-10000-006421-d6cadc41,1784798825225,1784798825226,202,1.000,warm
6489,exp-warm-10000-006423-2ba62b7b,1784798825225,1784798825226,202,1.000,warm
6490,exp-warm-10000-006429-9710d019,1784798825225,1784798825227,202,2.000,warm
6491,exp-warm-10000-006436-ce42adb0,1784798825225,1784798825228,202,3.000,warm
6492,exp-warm-10000-006452-875d7307,1784798825225,1784798825228,202,3.000,warm
6493,exp-warm-10000-006456-5b481dad,1784798825225,1784798825229,202,4.000,warm
6494,exp-warm-10000-006463-5cf51dfd,1784798825225,1784798825229,202,4.000,warm
6495,exp-warm-10000-006462-fea266b7,1784798825225,1784798825229,202,4.000,warm
6496,exp-warm-10000-006461-f4aa4f1b,1784798825225,1784798825229,202,4.000,warm
6497,exp-warm-10000-006527-ac63473d,1784798825225,1784798825233,202,8.000,warm
6498,exp-warm-10000-006533-87bab494,1784798825225,1784798825233,202,8.000,warm
6499,exp-warm-10000-006552-4eedc058,1784798825225,1784798825234,202,9.000,warm
6500,exp-warm-10000-006547-d138566f,1784798825225,1784798825234,202,9.000,warm
6501,exp-warm-10000-006549-14be1492,1784798825225,1784798825234,202,9.000,warm
6502,exp-warm-10000-006557-f194b76a,1784798825225,1784798825234,202,9.000,warm
6503,exp-warm-10000-006551-fab5333b,1784798825225,1784798825234,202,9.000,warm
6504,exp-warm-10000-006556-713e6887,1784798825225,1784798825235,202,10.000,warm
6505,exp-warm-10000-006560-78eac638,1784798825225,1784798825235,202,10.000,warm
6506,exp-warm-10000-006573-b21ba6bf,1784798825225,1784798825235,202,10.000,warm
6507,exp-warm-10000-006649-ad996f6c,1784798825225,1784798825239,202,14.000,warm
6508,exp-warm-10000-006648-bbcc4839,1784798825225,1784798825239,202,14.000,warm
6509,exp-warm-10000-006685-dd295660,1784798825225,1784798825241,202,16.000,warm
6510,exp-warm-10000-006435-d1f47161,1784798825226,1784798825227,202,1.000,warm
6511,exp-warm-10000-006428-eccbd900,1784798825226,1784798825227,202,1.000,warm
6512,exp-warm-10000-006449-415b773b,1784798825226,1784798825228,202,2.000,warm
6513,exp-warm-10000-006441-0c7c0956,1784798825226,1784798825228,202,2.000,warm
6514,exp-warm-10000-006442-55cdf48c,1784798825226,1784798825228,202,2.000,warm
6515,exp-warm-10000-006502-4e91354e,1784798825226,1784798825231,202,5.000,warm
6516,exp-warm-10000-006484-8e68a87b,1784798825226,1784798825231,202,5.000,warm
6517,exp-warm-10000-006525-04c44e83,1784798825226,1784798825233,202,7.000,warm
6518,exp-warm-10000-006524-12eb9a54,1784798825226,1784798825233,202,7.000,warm
6519,exp-warm-10000-006543-6c3a8e8f,1784798825226,1784798825234,202,8.000,warm
6520,exp-warm-10000-006544-ccab833d,1784798825226,1784798825234,202,8.000,warm
6521,exp-warm-10000-006611-42ec1cc9,1784798825226,1784798825236,202,10.000,warm
6522,exp-warm-10000-006647-8dec877f,1784798825226,1784798825239,202,13.000,warm
6523,exp-warm-10000-006675-926d0d73,1784798825226,1784798825240,202,14.000,warm
6524,exp-warm-10000-006661-80afb8ee,1784798825226,1784798825240,202,14.000,warm
6525,exp-warm-10000-006454-902dc900,1784798825227,1784798825229,202,2.000,warm
6526,exp-warm-10000-006466-7f199b01,1784798825227,1784798825229,202,2.000,warm
6527,exp-warm-10000-006459-10c25412,1784798825227,1784798825229,202,2.000,warm
6528,exp-warm-10000-006472-a661ed26,1784798825227,1784798825230,202,3.000,warm
6529,exp-warm-10000-006481-35f8305e,1784798825227,1784798825230,202,3.000,warm
6530,exp-warm-10000-006476-3ab468f3,1784798825227,1784798825230,202,3.000,warm
6531,exp-warm-10000-006480-d3a648fc,1784798825227,1784798825230,202,3.000,warm
6532,exp-warm-10000-006478-bb1a158e,1784798825227,1784798825230,202,3.000,warm
6533,exp-warm-10000-006483-8a115447,1784798825227,1784798825231,202,4.000,warm
6534,exp-warm-10000-006482-8f4dec3d,1784798825227,1784798825231,202,4.000,warm
6535,exp-warm-10000-006538-7b67a235,1784798825227,1784798825234,202,7.000,warm
6536,exp-warm-10000-006542-53521117,1784798825227,1784798825234,202,7.000,warm
6537,exp-warm-10000-006537-adb1ae19,1784798825227,1784798825234,202,7.000,warm
6538,exp-warm-10000-006539-b8e881bb,1784798825227,1784798825234,202,7.000,warm
6539,exp-warm-10000-006540-407c9c85,1784798825227,1784798825234,202,7.000,warm
6540,exp-warm-10000-006536-8ac3add5,1784798825227,1784798825234,202,7.000,warm
6541,exp-warm-10000-006579-2bb9ab70,1784798825227,1784798825235,202,8.000,warm
6542,exp-warm-10000-006564-42c07085,1784798825227,1784798825235,202,8.000,warm
6543,exp-warm-10000-006570-97210720,1784798825227,1784798825235,202,8.000,warm
6544,exp-warm-10000-006571-058fd793,1784798825227,1784798825235,202,8.000,warm
6545,exp-warm-10000-006563-5977ab0d,1784798825227,1784798825235,202,8.000,warm
6546,exp-warm-10000-006582-e454f577,1784798825227,1784798825235,202,8.000,warm
6547,exp-warm-10000-006561-a3771bac,1784798825227,1784798825235,202,8.000,warm
6548,exp-warm-10000-006581-a392130e,1784798825227,1784798825235,202,8.000,warm
6549,exp-warm-10000-006603-05fb6ce4,1784798825227,1784798825236,202,9.000,warm
6550,exp-warm-10000-006662-038a9927,1784798825227,1784798825240,202,13.000,warm
6551,exp-warm-10000-006672-80cb01b4,1784798825227,1784798825240,202,13.000,warm
6552,exp-warm-10000-006671-daeaffcd,1784798825227,1784798825240,202,13.000,warm
6553,exp-warm-10000-006666-142508d3,1784798825227,1784798825240,202,13.000,warm
6554,exp-warm-10000-006687-77be17b7,1784798825227,1784798825241,202,14.000,warm
6555,exp-warm-10000-006706-a2588fed,1784798825227,1784798825242,202,15.000,warm
6556,exp-warm-10000-006750-08563ae9,1784798825227,1784798825245,202,18.000,warm
6557,exp-warm-10000-006453-1762e353,1784798825228,1784798825229,202,1.000,warm
6558,exp-warm-10000-006465-bb10abe4,1784798825228,1784798825229,202,1.000,warm
6559,exp-warm-10000-006467-e2709097,1784798825228,1784798825229,202,1.000,warm
6560,exp-warm-10000-006485-b42896c9,1784798825228,1784798825230,202,2.000,warm
6561,exp-warm-10000-006475-5724f7d2,1784798825228,1784798825230,202,2.000,warm
6562,exp-warm-10000-006486-fcc238ae,1784798825228,1784798825230,202,2.000,warm
6563,exp-warm-10000-006474-81b2f2ba,1784798825228,1784798825230,202,2.000,warm
6564,exp-warm-10000-006479-e4566955,1784798825228,1784798825230,202,2.000,warm
6565,exp-warm-10000-006492-2672c92e,1784798825228,1784798825231,202,3.000,warm
6566,exp-warm-10000-006555-d763e50c,1784798825228,1784798825234,202,6.000,warm
6567,exp-warm-10000-006558-92377ab4,1784798825228,1784798825235,202,7.000,warm
6568,exp-warm-10000-006598-185b239c,1784798825228,1784798825236,202,8.000,warm
6569,exp-warm-10000-006588-fbcafb99,1784798825228,1784798825236,202,8.000,warm
6570,exp-warm-10000-006587-eeb1d358,1784798825228,1784798825236,202,8.000,warm
6571,exp-warm-10000-006607-4bbe7eb6,1784798825228,1784798825236,202,8.000,warm
6572,exp-warm-10000-006600-21f0ef91,1784798825228,1784798825236,202,8.000,warm
6573,exp-warm-10000-006608-41791cf1,1784798825228,1784798825236,202,8.000,warm
6574,exp-warm-10000-006610-57d007a9,1784798825228,1784798825236,202,8.000,warm
6575,exp-warm-10000-006665-94f29de0,1784798825228,1784798825240,202,12.000,warm
6576,exp-warm-10000-006673-e19d6a12,1784798825228,1784798825240,202,12.000,warm
6577,exp-warm-10000-006674-b77a1136,1784798825228,1784798825240,202,12.000,warm
6578,exp-warm-10000-006469-8d772f5a,1784798825229,1784798825230,202,1.000,warm
6579,exp-warm-10000-006471-ab18654f,1784798825229,1784798825230,202,1.000,warm
6580,exp-warm-10000-006473-f6ba7d74,1784798825229,1784798825230,202,1.000,warm
6581,exp-warm-10000-006470-36e811c1,1784798825229,1784798825230,202,1.000,warm
6582,exp-warm-10000-006477-a339dcf8,1784798825229,1784798825230,202,1.000,warm
6583,exp-warm-10000-006498-54086f13,1784798825229,1784798825231,202,2.000,warm
6584,exp-warm-10000-006501-f858e528,1784798825229,1784798825231,202,2.000,warm
6585,exp-warm-10000-006545-571999db,1784798825229,1784798825234,202,5.000,warm
6586,exp-warm-10000-006597-e6ccf8d7,1784798825229,1784798825236,202,7.000,warm
6587,exp-warm-10000-006586-1e046a2d,1784798825229,1784798825236,202,7.000,warm
6588,exp-warm-10000-006595-80431102,1784798825229,1784798825236,202,7.000,warm
6589,exp-warm-10000-006604-756477b2,1784798825229,1784798825236,202,7.000,warm
6590,exp-warm-10000-006605-f33073a4,1784798825229,1784798825236,202,7.000,warm
6591,exp-warm-10000-006609-b49a8b02,1784798825229,1784798825236,202,7.000,warm
6592,exp-warm-10000-006664-e32d0a3c,1784798825229,1784798825240,202,11.000,warm
6593,exp-warm-10000-006682-0ac599e3,1784798825229,1784798825241,202,12.000,warm
6594,exp-warm-10000-006690-353190e0,1784798825229,1784798825241,202,12.000,warm
6595,exp-warm-10000-006689-a7ab950b,1784798825229,1784798825241,202,12.000,warm
6596,exp-warm-10000-006763-2ab75103,1784798825229,1784798825245,202,16.000,warm
6597,exp-warm-10000-006487-266da8ee,1784798825230,1784798825231,202,1.000,warm
6598,exp-warm-10000-006488-6840fbd9,1784798825230,1784798825231,202,1.000,warm
6599,exp-warm-10000-006489-a1e2897d,1784798825230,1784798825231,202,1.000,warm
6600,exp-warm-10000-006496-526791e6,1784798825230,1784798825231,202,1.000,warm
6601,exp-warm-10000-006494-45fea66d,1784798825230,1784798825231,202,1.000,warm
6602,exp-warm-10000-006497-8742fbb2,1784798825230,1784798825231,202,1.000,warm
6603,exp-warm-10000-006493-a4e7cc78,1784798825230,1784798825231,202,1.000,warm
6604,exp-warm-10000-006520-8a5ee916,1784798825230,1784798825232,202,2.000,warm
6605,exp-warm-10000-006499-a82c91ef,1784798825230,1784798825232,202,2.000,warm
6606,exp-warm-10000-006569-611e5aa9,1784798825230,1784798825235,202,5.000,warm
6607,exp-warm-10000-006589-468405b8,1784798825230,1784798825236,202,6.000,warm
6608,exp-warm-10000-006698-c9b01e94,1784798825230,1784798825242,202,12.000,warm
6609,exp-warm-10000-006708-2f1ac34c,1784798825230,1784798825242,202,12.000,warm
6610,exp-warm-10000-006709-574aad25,1784798825230,1784798825242,202,12.000,warm
6611,exp-warm-10000-006722-7841c2a1,1784798825230,1784798825243,202,13.000,warm
6612,exp-warm-10000-006720-1ee1f05a,1784798825230,1784798825243,202,13.000,warm
6613,exp-warm-10000-006721-c4b4b37f,1784798825230,1784798825243,202,13.000,warm
6614,exp-warm-10000-006740-27c90a9a,1784798825230,1784798825244,202,14.000,warm
6615,exp-warm-10000-006791-ff44537b,1784798825230,1784798825247,202,17.000,warm
6616,exp-warm-10000-006792-69072868,1784798825230,1784798825247,202,17.000,warm
6617,exp-warm-10000-006516-be117a66,1784798825231,1784798825232,202,1.000,warm
6618,exp-warm-10000-006513-986ecb2e,1784798825231,1784798825232,202,1.000,warm
6619,exp-warm-10000-006512-f6c8f98c,1784798825231,1784798825232,202,1.000,warm
6620,exp-warm-10000-006535-9d6400df,1784798825231,1784798825233,202,2.000,warm
6621,exp-warm-10000-006528-5f13c831,1784798825231,1784798825233,202,2.000,warm
6622,exp-warm-10000-006562-737a3324,1784798825231,1784798825235,202,4.000,warm
6623,exp-warm-10000-006601-b42f2959,1784798825231,1784798825236,202,5.000,warm
6624,exp-warm-10000-006620-b6b51903,1784798825231,1784798825237,202,6.000,warm
6625,exp-warm-10000-006617-277d912f,1784798825231,1784798825237,202,6.000,warm
6626,exp-warm-10000-006630-51430676,1784798825231,1784798825238,202,7.000,warm
6627,exp-warm-10000-006696-2acfd175,1784798825231,1784798825242,202,11.000,warm
6628,exp-warm-10000-006714-873e8611,1784798825231,1784798825243,202,12.000,warm
6629,exp-warm-10000-006715-2b558d71,1784798825231,1784798825243,202,12.000,warm
6630,exp-warm-10000-006712-17705a75,1784798825231,1784798825243,202,12.000,warm
6631,exp-warm-10000-006718-552d5a5a,1784798825231,1784798825243,202,12.000,warm
6632,exp-warm-10000-006716-f32e0dd4,1784798825231,1784798825243,202,12.000,warm
6633,exp-warm-10000-006745-07ec020a,1784798825231,1784798825245,202,14.000,warm
6634,exp-warm-10000-006758-ba4a543d,1784798825231,1784798825245,202,14.000,warm
6635,exp-warm-10000-006794-3268a4fa,1784798825231,1784798825247,202,16.000,warm
6636,exp-warm-10000-006522-77e8d9d2,1784798825232,1784798825233,202,1.000,warm
6637,exp-warm-10000-006521-867319f2,1784798825232,1784798825233,202,1.000,warm
6638,exp-warm-10000-006526-5055bf57,1784798825232,1784798825233,202,1.000,warm
6639,exp-warm-10000-006530-bcb8a91a,1784798825232,1784798825233,202,1.000,warm
6640,exp-warm-10000-006534-278b694f,1784798825232,1784798825233,202,1.000,warm
6641,exp-warm-10000-006553-be9962ac,1784798825232,1784798825234,202,2.000,warm
6642,exp-warm-10000-006554-0591a3f3,1784798825232,1784798825234,202,2.000,warm
6643,exp-warm-10000-006574-f4e31acc,1784798825232,1784798825235,202,3.000,warm
6644,exp-warm-10000-006596-a50d031b,1784798825232,1784798825236,202,4.000,warm
6645,exp-warm-10000-006584-ed2cb01e,1784798825232,1784798825236,202,4.000,warm
6646,exp-warm-10000-006585-e0993032,1784798825232,1784798825236,202,4.000,warm
6647,exp-warm-10000-006622-3a38e01b,1784798825232,1784798825237,202,5.000,warm
6648,exp-warm-10000-006625-51383c6e,1784798825232,1784798825238,202,6.000,warm
6649,exp-warm-10000-006638-c30de8cb,1784798825232,1784798825239,202,7.000,warm
6650,exp-warm-10000-006726-7db0ff34,1784798825232,1784798825244,202,12.000,warm
6651,exp-warm-10000-006724-b17c20f4,1784798825232,1784798825244,202,12.000,warm
6652,exp-warm-10000-006733-e3a284c9,1784798825232,1784798825244,202,12.000,warm
6653,exp-warm-10000-006727-bf527aaf,1784798825232,1784798825244,202,12.000,warm
6654,exp-warm-10000-006737-43e2e160,1784798825232,1784798825244,202,12.000,warm
6655,exp-warm-10000-006732-aa8426dc,1784798825232,1784798825244,202,12.000,warm
6656,exp-warm-10000-006736-8c754df1,1784798825232,1784798825244,202,12.000,warm
6657,exp-warm-10000-006738-a3fa1597,1784798825232,1784798825244,202,12.000,warm
6658,exp-warm-10000-006739-2853cba5,1784798825232,1784798825244,202,12.000,warm
6659,exp-warm-10000-006729-04707571,1784798825232,1784798825244,202,12.000,warm
6660,exp-warm-10000-006762-fc7ecf33,1784798825232,1784798825245,202,13.000,warm
6661,exp-warm-10000-006761-77411a68,1784798825232,1784798825245,202,13.000,warm
6662,exp-warm-10000-006795-d3878059,1784798825232,1784798825247,202,15.000,warm
6663,exp-warm-10000-006820-b65781dc,1784798825232,1784798825248,202,16.000,warm
6664,exp-warm-10000-006822-1051149c,1784798825232,1784798825248,202,16.000,warm
6665,exp-warm-10000-006541-2da5d040,1784798825233,1784798825234,202,1.000,warm
6666,exp-warm-10000-006546-ed9288cd,1784798825233,1784798825234,202,1.000,warm
6667,exp-warm-10000-006576-3abcffea,1784798825233,1784798825235,202,2.000,warm
6668,exp-warm-10000-006580-a5fac9eb,1784798825233,1784798825235,202,2.000,warm
6669,exp-warm-10000-006575-c01cd8f9,1784798825233,1784798825235,202,2.000,warm
6670,exp-warm-10000-006578-24911789,1784798825233,1784798825235,202,2.000,warm
6671,exp-warm-10000-006577-e54e605c,1784798825233,1784798825235,202,2.000,warm
6672,exp-warm-10000-006621-37563bc1,1784798825233,1784798825237,202,4.000,warm
6673,exp-warm-10000-006636-30d5836a,1784798825233,1784798825238,202,5.000,warm
6674,exp-warm-10000-006748-63b62bb0,1784798825233,1784798825245,202,12.000,warm
6675,exp-warm-10000-006752-3436b43b,1784798825233,1784798825245,202,12.000,warm
6676,exp-warm-10000-006753-5d4c1563,1784798825233,1784798825245,202,12.000,warm
6677,exp-warm-10000-006760-9d01665d,1784798825233,1784798825245,202,12.000,warm
6678,exp-warm-10000-006766-730b4b37,1784798825233,1784798825245,202,12.000,warm
6679,exp-warm-10000-006770-fa307252,1784798825233,1784798825246,202,13.000,warm
6680,exp-warm-10000-006806-6e370f31,1784798825233,1784798825247,202,14.000,warm
6681,exp-warm-10000-006559-ce27b7bf,1784798825234,1784798825235,202,1.000,warm
6682,exp-warm-10000-006565-197f341d,1784798825234,1784798825235,202,1.000,warm
6683,exp-warm-10000-006567-38ac5ff6,1784798825234,1784798825235,202,1.000,warm
6684,exp-warm-10000-006568-11a673c7,1784798825234,1784798825235,202,1.000,warm
6685,exp-warm-10000-006594-c69ce3e0,1784798825234,1784798825236,202,2.000,warm
6686,exp-warm-10000-006599-cb85ac74,1784798825234,1784798825236,202,2.000,warm
6687,exp-warm-10000-006606-ded445ff,1784798825234,1784798825236,202,2.000,warm
6688,exp-warm-10000-006612-56c8c6cd,1784798825234,1784798825237,202,3.000,warm
6689,exp-warm-10000-006624-f434f756,1784798825234,1784798825237,202,3.000,warm
6690,exp-warm-10000-006623-e3b377ba,1784798825234,1784798825237,202,3.000,warm
6691,exp-warm-10000-006645-6d746d23,1784798825234,1784798825239,202,5.000,warm
6692,exp-warm-10000-006744-276f2fc8,1784798825234,1784798825245,202,11.000,warm
6693,exp-warm-10000-006784-d596508b,1784798825234,1784798825246,202,12.000,warm
6694,exp-warm-10000-006772-bb6ea6eb,1784798825234,1784798825246,202,12.000,warm
6695,exp-warm-10000-006782-cfeaffe0,1784798825234,1784798825246,202,12.000,warm
6696,exp-warm-10000-006787-e0fe807c,1784798825234,1784798825247,202,13.000,warm
6697,exp-warm-10000-006797-57119694,1784798825234,1784798825247,202,13.000,warm
6698,exp-warm-10000-006799-b051d0ad,1784798825234,1784798825247,202,13.000,warm
6699,exp-warm-10000-006802-5be2cddb,1784798825234,1784798825247,202,13.000,warm
6700,exp-warm-10000-006793-bbe06f27,1784798825234,1784798825247,202,13.000,warm
6701,exp-warm-10000-006808-40998fcb,1784798825234,1784798825247,202,13.000,warm
6702,exp-warm-10000-006813-de00d397,1784798825234,1784798825248,202,14.000,warm
6703,exp-warm-10000-006583-10f76482,1784798825235,1784798825236,202,1.000,warm
6704,exp-warm-10000-006591-d7d62dc3,1784798825235,1784798825236,202,1.000,warm
6705,exp-warm-10000-006590-8f269540,1784798825235,1784798825236,202,1.000,warm
6706,exp-warm-10000-006602-4d2a329e,1784798825235,1784798825236,202,1.000,warm
6707,exp-warm-10000-006593-395a8135,1784798825235,1784798825236,202,1.000,warm
6708,exp-warm-10000-006592-a8e6333e,1784798825235,1784798825236,202,1.000,warm
6709,exp-warm-10000-006614-83ef7833,1784798825235,1784798825237,202,2.000,warm
6710,exp-warm-10000-006619-f5ec8f04,1784798825235,1784798825237,202,2.000,warm
6711,exp-warm-10000-006639-b02d8cb7,1784798825235,1784798825238,202,3.000,warm
6712,exp-warm-10000-006769-67573837,1784798825235,1784798825246,202,11.000,warm
6713,exp-warm-10000-006774-9aa7eadb,1784798825235,1784798825246,202,11.000,warm
6714,exp-warm-10000-006781-d2c26c57,1784798825235,1784798825246,202,11.000,warm
6715,exp-warm-10000-006775-4868f884,1784798825235,1784798825246,202,11.000,warm
6716,exp-warm-10000-006767-7dc3ed19,1784798825235,1784798825246,202,11.000,warm
6717,exp-warm-10000-006807-2b04fa19,1784798825235,1784798825247,202,12.000,warm
6718,exp-warm-10000-006805-fa0bdd3c,1784798825235,1784798825247,202,12.000,warm
6719,exp-warm-10000-006824-efd7a46e,1784798825235,1784798825248,202,13.000,warm
6720,exp-warm-10000-006840-fb9d0ad4,1784798825235,1784798825249,202,14.000,warm
6721,exp-warm-10000-006613-344195d7,1784798825236,1784798825237,202,1.000,warm
6722,exp-warm-10000-006626-4af1f019,1784798825236,1784798825238,202,2.000,warm
6723,exp-warm-10000-006635-ac491585,1784798825236,1784798825238,202,2.000,warm
6724,exp-warm-10000-006628-900a87db,1784798825236,1784798825238,202,2.000,warm
6725,exp-warm-10000-006632-4ffdb6f4,1784798825236,1784798825238,202,2.000,warm
6726,exp-warm-10000-006644-d69b2f33,1784798825236,1784798825239,202,3.000,warm
6727,exp-warm-10000-006653-7f37eb92,1784798825236,1784798825239,202,3.000,warm
6728,exp-warm-10000-006657-d1c96b45,1784798825236,1784798825239,202,3.000,warm
6729,exp-warm-10000-006660-fcaa45a6,1784798825236,1784798825239,202,3.000,warm
6730,exp-warm-10000-006650-48d08354,1784798825236,1784798825240,202,4.000,warm
6731,exp-warm-10000-006659-4adbe35f,1784798825236,1784798825240,202,4.000,warm
6732,exp-warm-10000-006704-f459bf86,1784798825236,1784798825242,202,6.000,warm
6733,exp-warm-10000-006731-02a1c182,1784798825236,1784798825244,202,8.000,warm
6734,exp-warm-10000-006759-d14dbf01,1784798825236,1784798825245,202,9.000,warm
6735,exp-warm-10000-006798-b3812ae6,1784798825236,1784798825247,202,11.000,warm
6736,exp-warm-10000-006796-85c85e08,1784798825236,1784798825247,202,11.000,warm
6737,exp-warm-10000-006801-dba15f96,1784798825236,1784798825247,202,11.000,warm
6738,exp-warm-10000-006809-7663bb97,1784798825236,1784798825247,202,11.000,warm
6739,exp-warm-10000-006789-c41d45af,1784798825236,1784798825247,202,11.000,warm
6740,exp-warm-10000-006804-6be36205,1784798825236,1784798825247,202,11.000,warm
6741,exp-warm-10000-006803-2a0fe69a,1784798825236,1784798825247,202,11.000,warm
6742,exp-warm-10000-006821-b6011514,1784798825236,1784798825248,202,12.000,warm
6743,exp-warm-10000-006827-3d4c7f65,1784798825236,1784798825248,202,12.000,warm
6744,exp-warm-10000-006627-78d5a2ee,1784798825237,1784798825238,202,1.000,warm
6745,exp-warm-10000-006631-fa4ffc56,1784798825237,1784798825238,202,1.000,warm
6746,exp-warm-10000-006629-a7e0aec9,1784798825237,1784798825238,202,1.000,warm
6747,exp-warm-10000-006633-3a77e68a,1784798825237,1784798825238,202,1.000,warm
6748,exp-warm-10000-006641-c466532e,1784798825237,1784798825238,202,1.000,warm
6749,exp-warm-10000-006640-816cf1de,1784798825237,1784798825238,202,1.000,warm
6750,exp-warm-10000-006642-75629e45,1784798825237,1784798825238,202,1.000,warm
6751,exp-warm-10000-006651-b1317614,1784798825237,1784798825239,202,2.000,warm
6752,exp-warm-10000-006646-19b06bd9,1784798825237,1784798825239,202,2.000,warm
6753,exp-warm-10000-006637-329861d4,1784798825237,1784798825239,202,2.000,warm
6754,exp-warm-10000-006658-ac8c70d3,1784798825237,1784798825239,202,2.000,warm
6755,exp-warm-10000-006668-94bc7422,1784798825237,1784798825240,202,3.000,warm
6756,exp-warm-10000-006678-13433811,1784798825237,1784798825241,202,4.000,warm
6757,exp-warm-10000-006681-21d11732,1784798825237,1784798825241,202,4.000,warm
6758,exp-warm-10000-006725-dff3ef63,1784798825237,1784798825244,202,7.000,warm
6759,exp-warm-10000-006746-913fbced,1784798825237,1784798825245,202,8.000,warm
6760,exp-warm-10000-006837-5f63c40b,1784798825237,1784798825249,202,12.000,warm
6761,exp-warm-10000-006848-077469d4,1784798825237,1784798825249,202,12.000,warm
6762,exp-warm-10000-006842-be179b3d,1784798825237,1784798825249,202,12.000,warm
6763,exp-warm-10000-006643-749c897b,1784798825238,1784798825239,202,1.000,warm
6764,exp-warm-10000-006656-1a12f03a,1784798825238,1784798825239,202,1.000,warm
6765,exp-warm-10000-006655-222dacaa,1784798825238,1784798825239,202,1.000,warm
6766,exp-warm-10000-006652-e2bfbf8c,1784798825238,1784798825239,202,1.000,warm
6767,exp-warm-10000-006667-92ed06df,1784798825238,1784798825240,202,2.000,warm
6768,exp-warm-10000-006686-058ff7d8,1784798825238,1784798825241,202,3.000,warm
6769,exp-warm-10000-006688-fa942485,1784798825238,1784798825241,202,3.000,warm
6770,exp-warm-10000-006683-f6699536,1784798825238,1784798825241,202,3.000,warm
6771,exp-warm-10000-006719-913d2db9,1784798825238,1784798825243,202,5.000,warm
6772,exp-warm-10000-006757-f8e298f3,1784798825238,1784798825245,202,7.000,warm
6773,exp-warm-10000-006777-3306eb13,1784798825238,1784798825246,202,8.000,warm
6774,exp-warm-10000-006780-0aadad04,1784798825238,1784798825246,202,8.000,warm
6775,exp-warm-10000-006817-3e560284,1784798825238,1784798825248,202,10.000,warm
6776,exp-warm-10000-006810-c3e9b542,1784798825238,1784798825248,202,10.000,warm
6777,exp-warm-10000-006812-a35e4b43,1784798825238,1784798825248,202,10.000,warm
6778,exp-warm-10000-006859-70b37e6d,1784798825238,1784798825250,202,12.000,warm
6779,exp-warm-10000-006855-07faad78,1784798825238,1784798825250,202,12.000,warm
6780,exp-warm-10000-006663-c04eb1f5,1784798825239,1784798825240,202,1.000,warm
6781,exp-warm-10000-006669-a22864b5,1784798825239,1784798825240,202,1.000,warm
6782,exp-warm-10000-006691-0d37ffd4,1784798825239,1784798825241,202,2.000,warm
6783,exp-warm-10000-006692-df8c7d8c,1784798825239,1784798825242,202,3.000,warm
6784,exp-warm-10000-006743-5bf06c0f,1784798825239,1784798825245,202,6.000,warm
6785,exp-warm-10000-006749-e6978ece,1784798825239,1784798825245,202,6.000,warm
6786,exp-warm-10000-006785-0c4c5465,1784798825239,1784798825246,202,7.000,warm
6787,exp-warm-10000-006823-d784ab0f,1784798825239,1784798825248,202,9.000,warm
6788,exp-warm-10000-006847-776a8c61,1784798825239,1784798825249,202,10.000,warm
6789,exp-warm-10000-006834-51ac7bdd,1784798825239,1784798825249,202,10.000,warm
6790,exp-warm-10000-006838-e6183744,1784798825239,1784798825249,202,10.000,warm
6791,exp-warm-10000-006870-5e83b1dd,1784798825239,1784798825250,202,11.000,warm
6792,exp-warm-10000-006676-472486fc,1784798825240,1784798825241,202,1.000,warm
6793,exp-warm-10000-006679-6f26e6e3,1784798825240,1784798825241,202,1.000,warm
6794,exp-warm-10000-006677-ccb7b643,1784798825240,1784798825241,202,1.000,warm
6795,exp-warm-10000-006700-e9fea176,1784798825240,1784798825242,202,2.000,warm
6796,exp-warm-10000-006693-afc9a0f6,1784798825240,1784798825242,202,2.000,warm
6797,exp-warm-10000-006697-2a32c389,1784798825240,1784798825242,202,2.000,warm
6798,exp-warm-10000-006702-dc284d26,1784798825240,1784798825242,202,2.000,warm
6799,exp-warm-10000-006707-9117c5d3,1784798825240,1784798825243,202,3.000,warm
6800,exp-warm-10000-006713-ac274fdf,1784798825240,1784798825243,202,3.000,warm
6801,exp-warm-10000-006735-760994b0,1784798825240,1784798825244,202,4.000,warm
6802,exp-warm-10000-006754-5f73c412,1784798825240,1784798825245,202,5.000,warm
6803,exp-warm-10000-006771-23c24729,1784798825240,1784798825246,202,6.000,warm
6804,exp-warm-10000-006773-fcdda960,1784798825240,1784798825246,202,6.000,warm
6805,exp-warm-10000-006851-854c9c30,1784798825240,1784798825249,202,9.000,warm
6806,exp-warm-10000-006836-80676a04,1784798825240,1784798825249,202,9.000,warm
6807,exp-warm-10000-006833-88489ad3,1784798825240,1784798825249,202,9.000,warm
6808,exp-warm-10000-006873-04314cfb,1784798825240,1784798825250,202,10.000,warm
6809,exp-warm-10000-006876-5db78cc4,1784798825240,1784798825251,202,11.000,warm
6810,exp-warm-10000-006889-00ff0379,1784798825240,1784798825251,202,11.000,warm
6811,exp-warm-10000-006904-29d258b9,1784798825240,1784798825252,202,12.000,warm
6812,exp-warm-10000-006694-28dd753b,1784798825241,1784798825242,202,1.000,warm
6813,exp-warm-10000-006699-259ff45b,1784798825241,1784798825242,202,1.000,warm
6814,exp-warm-10000-006701-b87d673c,1784798825241,1784798825242,202,1.000,warm
6815,exp-warm-10000-006711-8264819c,1784798825241,1784798825243,202,2.000,warm
6816,exp-warm-10000-006717-eec84c55,1784798825241,1784798825243,202,2.000,warm
6817,exp-warm-10000-006710-b9920e8c,1784798825241,1784798825244,202,3.000,warm
6818,exp-warm-10000-006776-e82307c0,1784798825241,1784798825246,202,5.000,warm
6819,exp-warm-10000-006778-c2d82c91,1784798825241,1784798825246,202,5.000,warm
6820,exp-warm-10000-006783-60a9d13f,1784798825241,1784798825247,202,6.000,warm
6821,exp-warm-10000-006865-2902c304,1784798825241,1784798825250,202,9.000,warm
6822,exp-warm-10000-006862-5364178d,1784798825241,1784798825250,202,9.000,warm
6823,exp-warm-10000-006872-7289a4c7,1784798825241,1784798825250,202,9.000,warm
6824,exp-warm-10000-006874-ccf56d25,1784798825241,1784798825250,202,9.000,warm
6825,exp-warm-10000-006902-9bfac7f9,1784798825241,1784798825252,202,11.000,warm
6826,exp-warm-10000-006730-3e2b5dcf,1784798825242,1784798825244,202,2.000,warm
6827,exp-warm-10000-006728-113ae1ef,1784798825242,1784798825244,202,2.000,warm
6828,exp-warm-10000-006742-01e48b88,1784798825242,1784798825244,202,2.000,warm
6829,exp-warm-10000-006852-aba9f82e,1784798825242,1784798825249,202,7.000,warm
6830,exp-warm-10000-006832-746a27f3,1784798825242,1784798825249,202,7.000,warm
6831,exp-warm-10000-006856-18af966c,1784798825242,1784798825250,202,8.000,warm
6832,exp-warm-10000-006860-5f1a4d09,1784798825242,1784798825250,202,8.000,warm
6833,exp-warm-10000-006867-0d6eba2a,1784798825242,1784798825250,202,8.000,warm
6834,exp-warm-10000-006891-53d19f99,1784798825242,1784798825251,202,9.000,warm
6835,exp-warm-10000-006923-09ff9acf,1784798825242,1784798825253,202,11.000,warm
6836,exp-warm-10000-006734-b055ef87,1784798825243,1784798825244,202,1.000,warm
6837,exp-warm-10000-006741-479b5963,1784798825243,1784798825244,202,1.000,warm
6838,exp-warm-10000-006723-ba3b094b,1784798825243,1784798825244,202,1.000,warm
6839,exp-warm-10000-006765-1dbff2f7,1784798825243,1784798825245,202,2.000,warm
6840,exp-warm-10000-006825-6222a018,1784798825243,1784798825248,202,5.000,warm
6841,exp-warm-10000-006853-82e7a93e,1784798825243,1784798825249,202,6.000,warm
6842,exp-warm-10000-006835-c2e0b506,1784798825243,1784798825249,202,6.000,warm
6843,exp-warm-10000-006878-e8d38d8f,1784798825243,1784798825251,202,8.000,warm
6844,exp-warm-10000-006882-d0bd2d9d,1784798825243,1784798825251,202,8.000,warm
6845,exp-warm-10000-006880-c696bdd3,1784798825243,1784798825251,202,8.000,warm
6846,exp-warm-10000-006877-3deb175d,1784798825243,1784798825251,202,8.000,warm
6847,exp-warm-10000-006879-68465299,1784798825243,1784798825251,202,8.000,warm
6848,exp-warm-10000-006895-a0ca9912,1784798825243,1784798825252,202,9.000,warm
6849,exp-warm-10000-006903-37e3abf9,1784798825243,1784798825252,202,9.000,warm
6850,exp-warm-10000-006916-7ff4af2a,1784798825243,1784798825253,202,10.000,warm
6851,exp-warm-10000-006915-1ea3f3d9,1784798825243,1784798825253,202,10.000,warm
6852,exp-warm-10000-006747-2afead25,1784798825244,1784798825245,202,1.000,warm
6853,exp-warm-10000-006751-5047da26,1784798825244,1784798825245,202,1.000,warm
6854,exp-warm-10000-006756-7fc658cb,1784798825244,1784798825245,202,1.000,warm
6855,exp-warm-10000-006755-693a6dca,1784798825244,1784798825245,202,1.000,warm
6856,exp-warm-10000-006764-c5cb324b,1784798825244,1784798825245,202,1.000,warm
6857,exp-warm-10000-006846-b845b1e1,1784798825244,1784798825249,202,5.000,warm
6858,exp-warm-10000-006866-5a3141c4,1784798825244,1784798825250,202,6.000,warm
6859,exp-warm-10000-006906-e9152a44,1784798825244,1784798825252,202,8.000,warm
6860,exp-warm-10000-006896-a8d8add4,1784798825244,1784798825252,202,8.000,warm
6861,exp-warm-10000-006918-48aac265,1784798825244,1784798825253,202,9.000,warm
6862,exp-warm-10000-006912-fc4d941b,1784798825244,1784798825253,202,9.000,warm
6863,exp-warm-10000-006947-9978415f,1784798825244,1784798825255,202,11.000,warm
6864,exp-warm-10000-006768-9ce22c79,1784798825245,1784798825246,202,1.000,warm
6865,exp-warm-10000-006779-224249f4,1784798825245,1784798825246,202,1.000,warm
6866,exp-warm-10000-006786-93d5af55,1784798825245,1784798825246,202,1.000,warm
6867,exp-warm-10000-006869-49a0e81c,1784798825245,1784798825250,202,5.000,warm
6868,exp-warm-10000-006884-6f22ebc7,1784798825245,1784798825251,202,6.000,warm
6869,exp-warm-10000-006913-d6806b6a,1784798825245,1784798825253,202,8.000,warm
6870,exp-warm-10000-006921-832c96e7,1784798825245,1784798825253,202,8.000,warm
6871,exp-warm-10000-006917-cd87f889,1784798825245,1784798825253,202,8.000,warm
6872,exp-warm-10000-006939-14195a08,1784798825245,1784798825254,202,9.000,warm
6873,exp-warm-10000-006788-9076bde1,1784798825246,1784798825247,202,1.000,warm
6874,exp-warm-10000-006790-0a4ca40a,1784798825246,1784798825247,202,1.000,warm
6875,exp-warm-10000-006800-2404a604,1784798825246,1784798825247,202,1.000,warm
6876,exp-warm-10000-006826-da9fd778,1784798825246,1784798825248,202,2.000,warm
6877,exp-warm-10000-006843-1e4cdb47,1784798825246,1784798825249,202,3.000,warm
6878,exp-warm-10000-006871-6b1ea161,1784798825246,1784798825250,202,4.000,warm
6879,exp-warm-10000-006858-133ddbcd,1784798825246,1784798825250,202,4.000,warm
6880,exp-warm-10000-006885-806695cd,1784798825246,1784798825251,202,5.000,warm
6881,exp-warm-10000-006930-23c56d89,1784798825246,1784798825254,202,8.000,warm
6882,exp-warm-10000-006811-f4a2711b,1784798825247,1784798825248,202,1.000,warm
6883,exp-warm-10000-006814-18bdf1eb,1784798825247,1784798825248,202,1.000,warm
6884,exp-warm-10000-006816-a4d274d3,1784798825247,1784798825248,202,1.000,warm
6885,exp-warm-10000-006815-b6a2b64e,1784798825247,1784798825248,202,1.000,warm
6886,exp-warm-10000-006819-89567440,1784798825247,1784798825248,202,1.000,warm
6887,exp-warm-10000-006828-67147324,1784798825247,1784798825248,202,1.000,warm
6888,exp-warm-10000-006818-c196403d,1784798825247,1784798825248,202,1.000,warm
6889,exp-warm-10000-006883-6f8f0073,1784798825247,1784798825251,202,4.000,warm
6890,exp-warm-10000-006934-f2153717,1784798825247,1784798825254,202,7.000,warm
6891,exp-warm-10000-006932-b6f3c39f,1784798825247,1784798825254,202,7.000,warm
6892,exp-warm-10000-006936-ad7ecc69,1784798825247,1784798825254,202,7.000,warm
6893,exp-warm-10000-006940-b154ba57,1784798825247,1784798825254,202,7.000,warm
6894,exp-warm-10000-006950-4679adbd,1784798825247,1784798825255,202,8.000,warm
6895,exp-warm-10000-006830-b3b11941,1784798825248,1784798825249,202,1.000,warm
6896,exp-warm-10000-006829-ed9416eb,1784798825248,1784798825249,202,1.000,warm
6897,exp-warm-10000-006839-4e873027,1784798825248,1784798825249,202,1.000,warm
6898,exp-warm-10000-006841-d9aee9ce,1784798825248,1784798825249,202,1.000,warm
6899,exp-warm-10000-006831-d3b03972,1784798825248,1784798825249,202,1.000,warm
6900,exp-warm-10000-006845-7992c2a3,1784798825248,1784798825249,202,1.000,warm
6901,exp-warm-10000-006849-c94d7be3,1784798825248,1784798825249,202,1.000,warm
6902,exp-warm-10000-006844-d8856cab,1784798825248,1784798825249,202,1.000,warm
6903,exp-warm-10000-006850-88b5c7cf,1784798825248,1784798825249,202,1.000,warm
6904,exp-warm-10000-006875-c07646d3,1784798825248,1784798825250,202,2.000,warm
6905,exp-warm-10000-006868-1b0c1e28,1784798825248,1784798825250,202,2.000,warm
6906,exp-warm-10000-006887-f3a819d9,1784798825248,1784798825251,202,3.000,warm
6907,exp-warm-10000-006890-234e3902,1784798825248,1784798825251,202,3.000,warm
6908,exp-warm-10000-006888-e608672c,1784798825248,1784798825251,202,3.000,warm
6909,exp-warm-10000-006908-b3885759,1784798825248,1784798825252,202,4.000,warm
6910,exp-warm-10000-006925-192cbb02,1784798825248,1784798825253,202,5.000,warm
6911,exp-warm-10000-006911-b4d5d4ed,1784798825248,1784798825253,202,5.000,warm
6912,exp-warm-10000-006949-6d8578e0,1784798825248,1784798825255,202,7.000,warm
6913,exp-warm-10000-006943-7eb59c32,1784798825248,1784798825255,202,7.000,warm
6914,exp-warm-10000-006944-89af0e4b,1784798825248,1784798825255,202,7.000,warm
6915,exp-warm-10000-006941-285c33cf,1784798825248,1784798825255,202,7.000,warm
6916,exp-warm-10000-006952-a2b29f30,1784798825248,1784798825255,202,7.000,warm
6917,exp-warm-10000-006964-f1728c24,1784798825248,1784798825257,202,9.000,warm
6918,exp-warm-10000-006986-be2734e9,1784798825248,1784798825259,202,11.000,warm
6919,exp-warm-10000-006854-f7c4fbf1,1784798825249,1784798825250,202,1.000,warm
6920,exp-warm-10000-006857-4adf21bf,1784798825249,1784798825250,202,1.000,warm
6921,exp-warm-10000-006861-bc0a3c12,1784798825249,1784798825250,202,1.000,warm
6922,exp-warm-10000-006863-62eb623e,1784798825249,1784798825250,202,1.000,warm
6923,exp-warm-10000-006864-e9e4a6fc,1784798825249,1784798825250,202,1.000,warm
6924,exp-warm-10000-006886-da46043e,1784798825249,1784798825251,202,2.000,warm
6925,exp-warm-10000-006905-841c662c,1784798825249,1784798825252,202,3.000,warm
6926,exp-warm-10000-006919-28339989,1784798825249,1784798825253,202,4.000,warm
6927,exp-warm-10000-006924-0fb98df4,1784798825249,1784798825253,202,4.000,warm
6928,exp-warm-10000-006922-73c4661d,1784798825249,1784798825253,202,4.000,warm
6929,exp-warm-10000-006937-8cd180cc,1784798825249,1784798825254,202,5.000,warm
6930,exp-warm-10000-006928-815c2b3b,1784798825249,1784798825254,202,5.000,warm
6931,exp-warm-10000-006948-dd4f7da1,1784798825249,1784798825255,202,6.000,warm
6932,exp-warm-10000-006942-108a289a,1784798825249,1784798825255,202,6.000,warm
6933,exp-warm-10000-006961-bfe2c993,1784798825249,1784798825257,202,8.000,warm
6934,exp-warm-10000-006968-8b094f68,1784798825249,1784798825258,202,9.000,warm
6935,exp-warm-10000-006881-705ddc77,1784798825250,1784798825251,202,1.000,warm
6936,exp-warm-10000-006910-f47f06ec,1784798825250,1784798825253,202,3.000,warm
6937,exp-warm-10000-006907-8adad9cc,1784798825250,1784798825253,202,3.000,warm
6938,exp-warm-10000-006909-8ec5dfc9,1784798825250,1784798825253,202,3.000,warm
6939,exp-warm-10000-006931-122d8294,1784798825250,1784798825254,202,4.000,warm
6940,exp-warm-10000-006933-42fd5fbd,1784798825250,1784798825254,202,4.000,warm
6941,exp-warm-10000-006935-e2f7632b,1784798825250,1784798825254,202,4.000,warm
6942,exp-warm-10000-006946-c1b1e56f,1784798825250,1784798825255,202,5.000,warm
6943,exp-warm-10000-006959-b18176bd,1784798825250,1784798825257,202,7.000,warm
6944,exp-warm-10000-006982-ef8a3e64,1784798825250,1784798825259,202,9.000,warm
6945,exp-warm-10000-006892-c6770798,1784798825251,1784798825252,202,1.000,warm
6946,exp-warm-10000-006893-bb44beb9,1784798825251,1784798825252,202,1.000,warm
6947,exp-warm-10000-006897-0fdfbc24,1784798825251,1784798825252,202,1.000,warm
6948,exp-warm-10000-006899-77bb6bcd,1784798825251,1784798825252,202,1.000,warm
6949,exp-warm-10000-006894-c3543818,1784798825251,1784798825252,202,1.000,warm
6950,exp-warm-10000-006900-19c467e2,1784798825251,1784798825252,202,1.000,warm
6951,exp-warm-10000-006898-2856ac2c,1784798825251,1784798825252,202,1.000,warm
6952,exp-warm-10000-006901-1bd9ce02,1784798825251,1784798825252,202,1.000,warm
6953,exp-warm-10000-006920-21cea438,1784798825251,1784798825253,202,2.000,warm
6954,exp-warm-10000-006929-0fe13ad6,1784798825251,1784798825254,202,3.000,warm
6955,exp-warm-10000-006953-c2726c0d,1784798825251,1784798825256,202,5.000,warm
6956,exp-warm-10000-006957-c2413af1,1784798825251,1784798825257,202,6.000,warm
6957,exp-warm-10000-006954-d451b78b,1784798825251,1784798825257,202,6.000,warm
6958,exp-warm-10000-006963-10c2af2d,1784798825251,1784798825257,202,6.000,warm
6959,exp-warm-10000-006971-ac8587f1,1784798825251,1784798825258,202,7.000,warm
6960,exp-warm-10000-006914-bf0c118b,1784798825252,1784798825253,202,1.000,warm
6961,exp-warm-10000-006927-acd4ccc4,1784798825252,1784798825254,202,2.000,warm
6962,exp-warm-10000-006945-17dd0aea,1784798825252,1784798825255,202,3.000,warm
6963,exp-warm-10000-006967-5ee8351b,1784798825252,1784798825258,202,6.000,warm
6964,exp-warm-10000-006978-34549b3d,1784798825252,1784798825258,202,6.000,warm
6965,exp-warm-10000-006969-9e0c767e,1784798825252,1784798825258,202,6.000,warm
6966,exp-warm-10000-006974-2f03ebc1,1784798825252,1784798825258,202,6.000,warm
6967,exp-warm-10000-006988-50b06028,1784798825252,1784798825259,202,7.000,warm
6968,exp-warm-10000-006987-49b4fddd,1784798825252,1784798825259,202,7.000,warm
6969,exp-warm-10000-006926-9f0bc78a,1784798825253,1784798825254,202,1.000,warm
6970,exp-warm-10000-006938-458a2246,1784798825253,1784798825254,202,1.000,warm
6971,exp-warm-10000-006951-8cf8b252,1784798825253,1784798825255,202,2.000,warm
6972,exp-warm-10000-006955-12ad74e4,1784798825253,1784798825257,202,4.000,warm
6973,exp-warm-10000-006962-a985a6f6,1784798825253,1784798825257,202,4.000,warm
6974,exp-warm-10000-006975-313c4c99,1784798825253,1784798825258,202,5.000,warm
6975,exp-warm-10000-006965-0b73dd49,1784798825253,1784798825258,202,5.000,warm
6976,exp-warm-10000-006976-93bc3902,1784798825253,1784798825258,202,5.000,warm
6977,exp-warm-10000-006970-7f535f3c,1784798825253,1784798825258,202,5.000,warm
6978,exp-warm-10000-006984-e7f0ea67,1784798825253,1784798825259,202,6.000,warm
6979,exp-warm-10000-006958-ad08e11e,1784798825254,1784798825257,202,3.000,warm
6980,exp-warm-10000-006966-a44cc6a1,1784798825254,1784798825258,202,4.000,warm
6981,exp-warm-10000-006983-e107249b,1784798825254,1784798825259,202,5.000,warm
6982,exp-warm-10000-006985-63bb7e76,1784798825254,1784798825259,202,5.000,warm
6983,exp-warm-10000-006979-068c9add,1784798825254,1784798825259,202,5.000,warm
6984,exp-warm-10000-006977-120ea05c,1784798825254,1784798825259,202,5.000,warm
6985,exp-warm-10000-006980-2484d228,1784798825254,1784798825259,202,5.000,warm
6986,exp-warm-10000-006998-f2604ebf,1784798825254,1784798825260,202,6.000,warm
6987,exp-warm-10000-007002-c2c54f9b,1784798825254,1784798825260,202,6.000,warm
6988,exp-warm-10000-006973-6b3f0c2e,1784798825255,1784798825258,202,3.000,warm
6989,exp-warm-10000-006972-21221d62,1784798825255,1784798825259,202,4.000,warm
6990,exp-warm-10000-006994-f5691ff5,1784798825255,1784798825260,202,5.000,warm
6991,exp-warm-10000-006992-9c5af59c,1784798825255,1784798825260,202,5.000,warm
6992,exp-warm-10000-006996-777c66ad,1784798825255,1784798825260,202,5.000,warm
6993,exp-warm-10000-007010-c0a0825b,1784798825255,1784798825261,202,6.000,warm
6994,exp-warm-10000-007004-cf1d5a90,1784798825255,1784798825261,202,6.000,warm
6995,exp-warm-10000-007005-861b398a,1784798825255,1784798825261,202,6.000,warm
6996,exp-warm-10000-007026-b328c309,1784798825255,1784798825262,202,7.000,warm
6997,exp-warm-10000-007014-dd81d877,1784798825255,1784798825262,202,7.000,warm
6998,exp-warm-10000-006956-ed5d4090,1784798825256,1784798825257,202,1.000,warm
6999,exp-warm-10000-006960-c0671ce7,1784798825256,1784798825257,202,1.000,warm
7000,exp-warm-10000-006990-b14e6697,1784798825256,1784798825260,202,4.000,warm
7001,exp-warm-10000-007003-fe78c28d,1784798825256,1784798825261,202,5.000,warm
7002,exp-warm-10000-007001-1c215a56,1784798825256,1784798825261,202,5.000,warm
7003,exp-warm-10000-007006-9cf54cea,1784798825256,1784798825261,202,5.000,warm
7004,exp-warm-10000-007007-15173343,1784798825256,1784798825261,202,5.000,warm
7005,exp-warm-10000-007008-32295de8,1784798825256,1784798825261,202,5.000,warm
7006,exp-warm-10000-007033-41249b75,1784798825256,1784798825263,202,7.000,warm
7007,exp-warm-10000-007044-d76c8831,1784798825256,1784798825263,202,7.000,warm
7008,exp-warm-10000-006981-5f0fe45a,1784798825257,1784798825259,202,2.000,warm
7009,exp-warm-10000-006991-cf103df6,1784798825257,1784798825260,202,3.000,warm
7010,exp-warm-10000-007016-10a75fef,1784798825257,1784798825262,202,5.000,warm
7011,exp-warm-10000-007021-7fd69d47,1784798825257,1784798825262,202,5.000,warm
7012,exp-warm-10000-007015-c5848f18,1784798825257,1784798825262,202,5.000,warm
7013,exp-warm-10000-006995-af206987,1784798825258,1784798825260,202,2.000,warm
7014,exp-warm-10000-006997-dd77ad6b,1784798825258,1784798825260,202,2.000,warm
7015,exp-warm-10000-006999-d08c336e,1784798825258,1784798825261,202,3.000,warm
7016,exp-warm-10000-007012-a404c966,1784798825258,1784798825262,202,4.000,warm
7017,exp-warm-10000-007013-65d23c2a,1784798825258,1784798825262,202,4.000,warm
7018,exp-warm-10000-007028-d3ef78b3,1784798825258,1784798825262,202,4.000,warm
7019,exp-warm-10000-007024-70827973,1784798825258,1784798825262,202,4.000,warm
7020,exp-warm-10000-007030-bdc97ece,1784798825258,1784798825262,202,4.000,warm
7021,exp-warm-10000-007031-49050cb5,1784798825258,1784798825263,202,5.000,warm
7022,exp-warm-10000-007041-15c2acff,1784798825258,1784798825263,202,5.000,warm
7023,exp-warm-10000-007055-acb39ba1,1784798825258,1784798825264,202,6.000,warm
7024,exp-warm-10000-006993-ecc9c71a,1784798825259,1784798825260,202,1.000,warm
7025,exp-warm-10000-006989-72f718ba,1784798825259,1784798825260,202,1.000,warm
7026,exp-warm-10000-007000-d657ce73,1784798825259,1784798825260,202,1.000,warm
7027,exp-warm-10000-007009-a7a8de30,1784798825259,1784798825261,202,2.000,warm
7028,exp-warm-10000-007023-d6420caa,1784798825259,1784798825262,202,3.000,warm
7029,exp-warm-10000-007018-97123650,1784798825259,1784798825262,202,3.000,warm
7030,exp-warm-10000-007027-44ab952f,1784798825259,1784798825262,202,3.000,warm
7031,exp-warm-10000-007038-09ce3f63,1784798825259,1784798825263,202,4.000,warm
7032,exp-warm-10000-007042-73fbc6b2,1784798825259,1784798825263,202,4.000,warm
7033,exp-warm-10000-007043-ac17acfc,1784798825259,1784798825263,202,4.000,warm
7034,exp-warm-10000-007040-b41a319c,1784798825259,1784798825263,202,4.000,warm
7035,exp-warm-10000-007034-631cb643,1784798825259,1784798825263,202,4.000,warm
7036,exp-warm-10000-007045-4e07b4c5,1784798825259,1784798825263,202,4.000,warm
7037,exp-warm-10000-007036-cb0235f2,1784798825259,1784798825263,202,4.000,warm
7038,exp-warm-10000-007020-561dcbda,1784798825260,1784798825262,202,2.000,warm
7039,exp-warm-10000-007022-f637bb43,1784798825260,1784798825263,202,3.000,warm
7040,exp-warm-10000-007029-a954b462,1784798825260,1784798825263,202,3.000,warm
7041,exp-warm-10000-007035-3c4006bb,1784798825260,1784798825263,202,3.000,warm
7042,exp-warm-10000-007058-43dcc719,1784798825260,1784798825264,202,4.000,warm
7043,exp-warm-10000-007019-e464b350,1784798825261,1784798825262,202,1.000,warm
7044,exp-warm-10000-007025-8c648099,1784798825261,1784798825262,202,1.000,warm
7045,exp-warm-10000-007017-bb5c4878,1784798825261,1784798825262,202,1.000,warm
7046,exp-warm-10000-007011-36fc7f7c,1784798825261,1784798825262,202,1.000,warm
7047,exp-warm-10000-007032-7ff1c5aa,1784798825261,1784798825263,202,2.000,warm
7048,exp-warm-10000-007046-205f222d,1784798825261,1784798825264,202,3.000,warm
7049,exp-warm-10000-007047-1d6c146d,1784798825261,1784798825264,202,3.000,warm
7050,exp-warm-10000-007048-dc57cb4c,1784798825261,1784798825264,202,3.000,warm
7051,exp-warm-10000-007057-f763d698,1784798825261,1784798825264,202,3.000,warm
7052,exp-warm-10000-007059-d8d0d765,1784798825261,1784798825265,202,4.000,warm
7053,exp-warm-10000-007039-a564d98e,1784798825262,1784798825263,202,1.000,warm
7054,exp-warm-10000-007037-f1b88cd6,1784798825262,1784798825263,202,1.000,warm
7055,exp-warm-10000-007050-2cfc0089,1784798825262,1784798825264,202,2.000,warm
7056,exp-warm-10000-007068-f521da12,1784798825262,1784798825265,202,3.000,warm
7057,exp-warm-10000-007070-06bab44a,1784798825262,1784798825265,202,3.000,warm
7058,exp-warm-10000-007051-479ce4c8,1784798825263,1784798825264,202,1.000,warm
7059,exp-warm-10000-007049-3bfe3622,1784798825263,1784798825264,202,1.000,warm
7060,exp-warm-10000-007052-12956836,1784798825263,1784798825264,202,1.000,warm
7061,exp-warm-10000-007054-cf40e3e8,1784798825263,1784798825264,202,1.000,warm
7062,exp-warm-10000-007053-28d1f9eb,1784798825263,1784798825264,202,1.000,warm
7063,exp-warm-10000-007067-7534a35b,1784798825263,1784798825265,202,2.000,warm
7064,exp-warm-10000-007061-5461ed6a,1784798825263,1784798825265,202,2.000,warm
7065,exp-warm-10000-007056-69e32f79,1784798825263,1784798825265,202,2.000,warm
7066,exp-warm-10000-007065-0a8f8523,1784798825263,1784798825265,202,2.000,warm
7067,exp-warm-10000-007066-b27d145e,1784798825263,1784798825265,202,2.000,warm
7068,exp-warm-10000-007069-5d206487,1784798825263,1784798825265,202,2.000,warm
7069,exp-warm-10000-007063-fc4eeb30,1784798825263,1784798825265,202,2.000,warm
7070,exp-warm-10000-007089-a7bfafd6,1784798825263,1784798825267,202,4.000,warm
7071,exp-warm-10000-007060-ee49ec5e,1784798825264,1784798825265,202,1.000,warm
7072,exp-warm-10000-007062-d7fa6da6,1784798825264,1784798825265,202,1.000,warm
7073,exp-warm-10000-007064-fb04b919,1784798825264,1784798825265,202,1.000,warm
7074,exp-warm-10000-007076-465c6ea9,1784798825264,1784798825266,202,2.000,warm
7075,exp-warm-10000-007075-7c4227e9,1784798825264,1784798825266,202,2.000,warm
7076,exp-warm-10000-007078-4182bae8,1784798825264,1784798825266,202,2.000,warm
7077,exp-warm-10000-007071-f2b9112a,1784798825264,1784798825266,202,2.000,warm
7078,exp-warm-10000-007073-0a21dcda,1784798825264,1784798825266,202,2.000,warm
7079,exp-warm-10000-007102-4794e1aa,1784798825264,1784798825268,202,4.000,warm
7080,exp-warm-10000-007074-49677b61,1784798825265,1784798825266,202,1.000,warm
7081,exp-warm-10000-007072-c52584f1,1784798825265,1784798825266,202,1.000,warm
7082,exp-warm-10000-007088-550b664e,1784798825265,1784798825267,202,2.000,warm
7083,exp-warm-10000-007090-52710006,1784798825265,1784798825267,202,2.000,warm
7084,exp-warm-10000-007081-cca739cf,1784798825266,1784798825267,202,1.000,warm
7085,exp-warm-10000-007079-780f5cac,1784798825266,1784798825267,202,1.000,warm
7086,exp-warm-10000-007086-e7377077,1784798825266,1784798825267,202,1.000,warm
7087,exp-warm-10000-007077-8ef48669,1784798825266,1784798825267,202,1.000,warm
7088,exp-warm-10000-007087-7e5196b9,1784798825266,1784798825267,202,1.000,warm
7089,exp-warm-10000-007083-82bd5f4f,1784798825266,1784798825267,202,1.000,warm
7090,exp-warm-10000-007084-8a6f6d21,1784798825266,1784798825267,202,1.000,warm
7091,exp-warm-10000-007085-c5c64a3e,1784798825266,1784798825267,202,1.000,warm
7092,exp-warm-10000-007082-0cd2d8c8,1784798825266,1784798825267,202,1.000,warm
7093,exp-warm-10000-007080-6810d4d3,1784798825267,1784798825267,202,0.000,warm
7094,exp-warm-10000-007094-ea89294d,1784798825267,1784798825268,202,1.000,warm
7095,exp-warm-10000-007095-4796a6a0,1784798825267,1784798825268,202,1.000,warm
7096,exp-warm-10000-007093-2bff94f6,1784798825267,1784798825268,202,1.000,warm
7097,exp-warm-10000-007100-cd092637,1784798825267,1784798825268,202,1.000,warm
7098,exp-warm-10000-007092-d89299b1,1784798825267,1784798825268,202,1.000,warm
7099,exp-warm-10000-007101-ef00f253,1784798825267,1784798825268,202,1.000,warm
7100,exp-warm-10000-007096-9f045b02,1784798825267,1784798825268,202,1.000,warm
7101,exp-warm-10000-007097-d0ccc3d8,1784798825267,1784798825268,202,1.000,warm
7102,exp-warm-10000-007098-5459df18,1784798825267,1784798825268,202,1.000,warm
7103,exp-warm-10000-007105-0f9cf4b7,1784798825267,1784798825268,202,1.000,warm
7104,exp-warm-10000-007091-ef119145,1784798825267,1784798825268,202,1.000,warm
7105,exp-warm-10000-007099-574e5374,1784798825267,1784798825268,202,1.000,warm
7106,exp-warm-10000-007103-4e27b6a0,1784798825267,1784798825268,202,1.000,warm
7107,exp-warm-10000-007104-2c3b33ce,1784798825267,1784798825268,202,1.000,warm
7108,exp-warm-10000-007107-c5d355c7,1784798825267,1784798825268,202,1.000,warm
7109,exp-warm-10000-007122-e1a80cc8,1784798825267,1784798825269,202,2.000,warm
7110,exp-warm-10000-007115-a02a0963,1784798825267,1784798825269,202,2.000,warm
7111,exp-warm-10000-007110-821e5769,1784798825268,1784798825269,202,1.000,warm
7112,exp-warm-10000-007108-e932593c,1784798825268,1784798825269,202,1.000,warm
7113,exp-warm-10000-007117-c4a9c7f3,1784798825268,1784798825269,202,1.000,warm
7114,exp-warm-10000-007114-28975c7d,1784798825268,1784798825269,202,1.000,warm
7115,exp-warm-10000-007116-8ab1b769,1784798825268,1784798825269,202,1.000,warm
7116,exp-warm-10000-007113-120928cd,1784798825268,1784798825269,202,1.000,warm
7117,exp-warm-10000-007112-7b730ae7,1784798825268,1784798825269,202,1.000,warm
7118,exp-warm-10000-007118-bc6aadb1,1784798825268,1784798825269,202,1.000,warm
7119,exp-warm-10000-007119-69f25c45,1784798825268,1784798825269,202,1.000,warm
7120,exp-warm-10000-007121-d3616cde,1784798825268,1784798825269,202,1.000,warm
7121,exp-warm-10000-007120-95020d51,1784798825268,1784798825269,202,1.000,warm
7122,exp-warm-10000-007111-57b706c8,1784798825268,1784798825269,202,1.000,warm
7123,exp-warm-10000-007127-1004b85f,1784798825268,1784798825270,202,2.000,warm
7124,exp-warm-10000-007109-0299fb32,1784798825269,1784798825269,202,0.000,warm
7125,exp-warm-10000-007106-f6115fbc,1784798825269,1784798825269,202,0.000,warm
7126,exp-warm-10000-007126-771c6542,1784798825269,1784798825270,202,1.000,warm
7127,exp-warm-10000-007124-0990521e,1784798825269,1784798825270,202,1.000,warm
7128,exp-warm-10000-007128-dbfc03b6,1784798825269,1784798825270,202,1.000,warm
7129,exp-warm-10000-007131-4d09200a,1784798825269,1784798825270,202,1.000,warm
7130,exp-warm-10000-007129-86b0cf03,1784798825269,1784798825270,202,1.000,warm
7131,exp-warm-10000-007130-b8b8c08a,1784798825269,1784798825270,202,1.000,warm
7132,exp-warm-10000-007132-b6c9b8b3,1784798825269,1784798825270,202,1.000,warm
7133,exp-warm-10000-007123-01f72044,1784798825269,1784798825270,202,1.000,warm
7134,exp-warm-10000-007125-738f46fa,1784798825270,1784798825270,202,0.000,warm
7135,exp-warm-10000-007138-14d20051,1784798825270,1784798825271,202,1.000,warm
7136,exp-warm-10000-007136-41345eab,1784798825270,1784798825271,202,1.000,warm
7137,exp-warm-10000-007139-ba8137d6,1784798825270,1784798825271,202,1.000,warm
7138,exp-warm-10000-007140-5694260d,1784798825270,1784798825271,202,1.000,warm
7139,exp-warm-10000-007141-94aa9198,1784798825270,1784798825271,202,1.000,warm
7140,exp-warm-10000-007142-df4cea41,1784798825270,1784798825271,202,1.000,warm
7141,exp-warm-10000-007133-f0b61363,1784798825270,1784798825271,202,1.000,warm
7142,exp-warm-10000-007143-7cbc812f,1784798825270,1784798825271,202,1.000,warm
7143,exp-warm-10000-007145-152c0897,1784798825270,1784798825271,202,1.000,warm
7144,exp-warm-10000-007146-16112328,1784798825270,1784798825271,202,1.000,warm
7145,exp-warm-10000-007144-2c9a22cf,1784798825270,1784798825271,202,1.000,warm
7146,exp-warm-10000-007134-14c5a5c9,1784798825271,1784798825271,202,0.000,warm
7147,exp-warm-10000-007135-ed8e9b90,1784798825271,1784798825271,202,0.000,warm
7148,exp-warm-10000-007137-9e91be9f,1784798825271,1784798825271,202,0.000,warm
7149,exp-warm-10000-007152-18256909,1784798825271,1784798825272,202,1.000,warm
7150,exp-warm-10000-007173-6935d427,1784798825271,1784798825273,202,2.000,warm
7151,exp-warm-10000-007174-39d362e2,1784798825271,1784798825273,202,2.000,warm
7152,exp-warm-10000-007147-22953122,1784798825272,1784798825272,202,0.000,warm
7153,exp-warm-10000-007148-81ae5abb,1784798825272,1784798825272,202,0.000,warm
7154,exp-warm-10000-007151-64210ea1,1784798825272,1784798825272,202,0.000,warm
7155,exp-warm-10000-007149-5140f31b,1784798825272,1784798825272,202,0.000,warm
7156,exp-warm-10000-007150-cecfe815,1784798825272,1784798825272,202,0.000,warm
7157,exp-warm-10000-007161-773fa752,1784798825272,1784798825273,202,1.000,warm
7158,exp-warm-10000-007162-fd79a1f5,1784798825272,1784798825273,202,1.000,warm
7159,exp-warm-10000-007164-4768f967,1784798825272,1784798825273,202,1.000,warm
7160,exp-warm-10000-007160-586186d5,1784798825272,1784798825273,202,1.000,warm
7161,exp-warm-10000-007154-12d27202,1784798825272,1784798825273,202,1.000,warm
7162,exp-warm-10000-007163-9de46e50,1784798825272,1784798825273,202,1.000,warm
7163,exp-warm-10000-007166-c940e4af,1784798825272,1784798825273,202,1.000,warm
7164,exp-warm-10000-007167-84682f92,1784798825272,1784798825273,202,1.000,warm
7165,exp-warm-10000-007172-3d6e63b3,1784798825272,1784798825273,202,1.000,warm
7166,exp-warm-10000-007165-a648a0cc,1784798825272,1784798825273,202,1.000,warm
7167,exp-warm-10000-007170-7b44fd57,1784798825272,1784798825273,202,1.000,warm
7168,exp-warm-10000-007168-4fd26d84,1784798825272,1784798825273,202,1.000,warm
7169,exp-warm-10000-007171-3f8892c2,1784798825272,1784798825273,202,1.000,warm
7170,exp-warm-10000-007169-5364fb27,1784798825272,1784798825273,202,1.000,warm
7171,exp-warm-10000-007191-87f847ba,1784798825272,1784798825274,202,2.000,warm
7172,exp-warm-10000-007181-152f97f9,1784798825272,1784798825274,202,2.000,warm
7173,exp-warm-10000-007184-eae21e92,1784798825272,1784798825274,202,2.000,warm
7174,exp-warm-10000-007153-02bd0357,1784798825273,1784798825273,202,0.000,warm
7175,exp-warm-10000-007156-be0732a2,1784798825273,1784798825273,202,0.000,warm
7176,exp-warm-10000-007157-9e2c0c1b,1784798825273,1784798825273,202,0.000,warm
7177,exp-warm-10000-007158-877cf44f,1784798825273,1784798825273,202,0.000,warm
7178,exp-warm-10000-007159-8745d7b6,1784798825273,1784798825273,202,0.000,warm
7179,exp-warm-10000-007155-ee8e0442,1784798825273,1784798825273,202,0.000,warm
7180,exp-warm-10000-007175-33945cb9,1784798825273,1784798825274,202,1.000,warm
7181,exp-warm-10000-007179-32c2a88c,1784798825273,1784798825274,202,1.000,warm
7182,exp-warm-10000-007177-ba7aeb7e,1784798825273,1784798825274,202,1.000,warm
7183,exp-warm-10000-007183-ec76db70,1784798825273,1784798825274,202,1.000,warm
7184,exp-warm-10000-007187-1a907642,1784798825273,1784798825274,202,1.000,warm
7185,exp-warm-10000-007186-a6a9af76,1784798825273,1784798825274,202,1.000,warm
7186,exp-warm-10000-007182-300ee397,1784798825273,1784798825274,202,1.000,warm
7187,exp-warm-10000-007180-4afec29c,1784798825273,1784798825274,202,1.000,warm
7188,exp-warm-10000-007188-077ec8fa,1784798825273,1784798825274,202,1.000,warm
7189,exp-warm-10000-007178-c236be71,1784798825273,1784798825274,202,1.000,warm
7190,exp-warm-10000-007189-cd765b41,1784798825273,1784798825274,202,1.000,warm
7191,exp-warm-10000-007190-b0412033,1784798825273,1784798825274,202,1.000,warm
7192,exp-warm-10000-007195-214c95d3,1784798825273,1784798825275,202,2.000,warm
7193,exp-warm-10000-007207-cc98e283,1784798825273,1784798825275,202,2.000,warm
7194,exp-warm-10000-007200-50ebe071,1784798825273,1784798825275,202,2.000,warm
7195,exp-warm-10000-007176-3a360792,1784798825274,1784798825274,202,0.000,warm
7196,exp-warm-10000-007193-1f19ffac,1784798825274,1784798825275,202,1.000,warm
7197,exp-warm-10000-007192-bfaf6dc5,1784798825274,1784798825275,202,1.000,warm
7198,exp-warm-10000-007199-4a538605,1784798825274,1784798825275,202,1.000,warm
7199,exp-warm-10000-007196-c07bc052,1784798825274,1784798825275,202,1.000,warm
7200,exp-warm-10000-007198-48157880,1784798825274,1784798825275,202,1.000,warm
7201,exp-warm-10000-007204-61999b6a,1784798825274,1784798825275,202,1.000,warm
7202,exp-warm-10000-007202-a581e396,1784798825274,1784798825275,202,1.000,warm
7203,exp-warm-10000-007203-d7138d86,1784798825274,1784798825275,202,1.000,warm
7204,exp-warm-10000-007185-bf8ce9dc,1784798825274,1784798825275,202,1.000,warm
7205,exp-warm-10000-007205-e2cb8f81,1784798825274,1784798825275,202,1.000,warm
7206,exp-warm-10000-007201-75b8256d,1784798825274,1784798825275,202,1.000,warm
7207,exp-warm-10000-007216-129d47d9,1784798825274,1784798825276,202,2.000,warm
7208,exp-warm-10000-007240-b8b55590,1784798825274,1784798825278,202,4.000,warm
7209,exp-warm-10000-007194-e748cc61,1784798825275,1784798825275,202,0.000,warm
7210,exp-warm-10000-007197-c62f047a,1784798825275,1784798825276,202,1.000,warm
7211,exp-warm-10000-007206-db193487,1784798825275,1784798825276,202,1.000,warm
7212,exp-warm-10000-007211-ee7bd236,1784798825275,1784798825276,202,1.000,warm
7213,exp-warm-10000-007215-e386b6ea,1784798825275,1784798825276,202,1.000,warm
7214,exp-warm-10000-007212-b19381f2,1784798825275,1784798825276,202,1.000,warm
7215,exp-warm-10000-007214-fce560a7,1784798825275,1784798825276,202,1.000,warm
7216,exp-warm-10000-007210-d0a6dff5,1784798825275,1784798825276,202,1.000,warm
7217,exp-warm-10000-007208-634a4680,1784798825275,1784798825276,202,1.000,warm
7218,exp-warm-10000-007218-5f653b0c,1784798825275,1784798825276,202,1.000,warm
7219,exp-warm-10000-007226-2a3cda57,1784798825275,1784798825277,202,2.000,warm
7220,exp-warm-10000-007209-28edcad9,1784798825276,1784798825276,202,0.000,warm
7221,exp-warm-10000-007223-147ed50d,1784798825276,1784798825277,202,1.000,warm
7222,exp-warm-10000-007224-21a30c44,1784798825276,1784798825277,202,1.000,warm
7223,exp-warm-10000-007225-b484102f,1784798825276,1784798825277,202,1.000,warm
7224,exp-warm-10000-007220-64049929,1784798825276,1784798825277,202,1.000,warm
7225,exp-warm-10000-007229-5469c90a,1784798825276,1784798825277,202,1.000,warm
7226,exp-warm-10000-007228-f6e61dc4,1784798825276,1784798825277,202,1.000,warm
7227,exp-warm-10000-007227-e3e5a0e8,1784798825276,1784798825277,202,1.000,warm
7228,exp-warm-10000-007231-d6de449e,1784798825276,1784798825277,202,1.000,warm
7229,exp-warm-10000-007230-57f28021,1784798825276,1784798825277,202,1.000,warm
7230,exp-warm-10000-007233-448181fa,1784798825276,1784798825277,202,1.000,warm
7231,exp-warm-10000-007222-3b71ecd7,1784798825276,1784798825277,202,1.000,warm
7232,exp-warm-10000-007213-987fefdf,1784798825276,1784798825277,202,1.000,warm
7233,exp-warm-10000-007251-b3b1f797,1784798825276,1784798825278,202,2.000,warm
7234,exp-warm-10000-007236-8af4e0e3,1784798825276,1784798825278,202,2.000,warm
7235,exp-warm-10000-007241-e3f05bbe,1784798825276,1784798825278,202,2.000,warm
7236,exp-warm-10000-007245-e9e9c3b1,1784798825276,1784798825278,202,2.000,warm
7237,exp-warm-10000-007269-ede66627,1784798825276,1784798825279,202,3.000,warm
7238,exp-warm-10000-007217-f057f92d,1784798825277,1784798825277,202,0.000,warm
7239,exp-warm-10000-007221-4bc052b6,1784798825277,1784798825277,202,0.000,warm
7240,exp-warm-10000-007219-edbeca21,1784798825277,1784798825277,202,0.000,warm
7241,exp-warm-10000-007237-e526e1e9,1784798825277,1784798825278,202,1.000,warm
7242,exp-warm-10000-007238-3e24d62b,1784798825277,1784798825278,202,1.000,warm
7243,exp-warm-10000-007239-c2d335ae,1784798825277,1784798825278,202,1.000,warm
7244,exp-warm-10000-007242-61c4d5e6,1784798825277,1784798825278,202,1.000,warm
7245,exp-warm-10000-007243-752e56d5,1784798825277,1784798825278,202,1.000,warm
7246,exp-warm-10000-007232-c4fd3794,1784798825277,1784798825278,202,1.000,warm
7247,exp-warm-10000-007252-0a1a33a4,1784798825277,1784798825278,202,1.000,warm
7248,exp-warm-10000-007248-8d49da58,1784798825277,1784798825278,202,1.000,warm
7249,exp-warm-10000-007253-c83b31d6,1784798825277,1784798825278,202,1.000,warm
7250,exp-warm-10000-007246-3d903a82,1784798825277,1784798825278,202,1.000,warm
7251,exp-warm-10000-007244-c52d2cc1,1784798825277,1784798825278,202,1.000,warm
7252,exp-warm-10000-007250-ed355e21,1784798825277,1784798825278,202,1.000,warm
7253,exp-warm-10000-007264-4e75aa56,1784798825277,1784798825279,202,2.000,warm
7254,exp-warm-10000-007263-a2445721,1784798825277,1784798825279,202,2.000,warm
7255,exp-warm-10000-007249-59b33dc2,1784798825277,1784798825279,202,2.000,warm
7256,exp-warm-10000-007257-36557366,1784798825277,1784798825279,202,2.000,warm
7257,exp-warm-10000-007262-2f87b1c6,1784798825277,1784798825279,202,2.000,warm
7258,exp-warm-10000-007268-e36d497e,1784798825277,1784798825279,202,2.000,warm
7259,exp-warm-10000-007272-464f538b,1784798825277,1784798825280,202,3.000,warm
7260,exp-warm-10000-007275-9f86aa2f,1784798825277,1784798825280,202,3.000,warm
7261,exp-warm-10000-007234-a96687b5,1784798825278,1784798825278,202,0.000,warm
7262,exp-warm-10000-007235-1f7ad687,1784798825278,1784798825278,202,0.000,warm
7263,exp-warm-10000-007254-42d7dc39,1784798825278,1784798825279,202,1.000,warm
7264,exp-warm-10000-007258-1eeef4ca,1784798825278,1784798825279,202,1.000,warm
7265,exp-warm-10000-007256-fb9f6bce,1784798825278,1784798825279,202,1.000,warm
7266,exp-warm-10000-007255-81a9b2d7,1784798825278,1784798825279,202,1.000,warm
7267,exp-warm-10000-007247-41b6d0d2,1784798825278,1784798825279,202,1.000,warm
7268,exp-warm-10000-007260-6fd12c21,1784798825278,1784798825279,202,1.000,warm
7269,exp-warm-10000-007265-eb47b6c3,1784798825278,1784798825279,202,1.000,warm
7270,exp-warm-10000-007266-c312aac8,1784798825278,1784798825279,202,1.000,warm
7271,exp-warm-10000-007259-a937a7e7,1784798825278,1784798825279,202,1.000,warm
7272,exp-warm-10000-007261-ca0b5a50,1784798825278,1784798825279,202,1.000,warm
7273,exp-warm-10000-007267-f20a84b8,1784798825278,1784798825280,202,2.000,warm
7274,exp-warm-10000-007276-52f215f9,1784798825278,1784798825280,202,2.000,warm
7275,exp-warm-10000-007274-2ecb8090,1784798825278,1784798825280,202,2.000,warm
7276,exp-warm-10000-007287-f587f708,1784798825278,1784798825280,202,2.000,warm
7277,exp-warm-10000-007283-293690b2,1784798825278,1784798825280,202,2.000,warm
7278,exp-warm-10000-007286-0c34d1ac,1784798825278,1784798825280,202,2.000,warm
7279,exp-warm-10000-007281-b5b2e879,1784798825278,1784798825280,202,2.000,warm
7280,exp-warm-10000-007270-f8c63545,1784798825279,1784798825280,202,1.000,warm
7281,exp-warm-10000-007277-cacc74d1,1784798825279,1784798825280,202,1.000,warm
7282,exp-warm-10000-007273-b39d90d5,1784798825279,1784798825280,202,1.000,warm
7283,exp-warm-10000-007278-711640fa,1784798825279,1784798825280,202,1.000,warm
7284,exp-warm-10000-007279-1ce00f23,1784798825279,1784798825280,202,1.000,warm
7285,exp-warm-10000-007280-7114f7c4,1784798825279,1784798825280,202,1.000,warm
7286,exp-warm-10000-007271-77a2ce62,1784798825279,1784798825280,202,1.000,warm
7287,exp-warm-10000-007284-be05d607,1784798825279,1784798825280,202,1.000,warm
7288,exp-warm-10000-007282-dbeaaaec,1784798825279,1784798825280,202,1.000,warm
7289,exp-warm-10000-007285-a825cfaf,1784798825279,1784798825280,202,1.000,warm
7290,exp-warm-10000-007293-cd29ea35,1784798825279,1784798825281,202,2.000,warm
7291,exp-warm-10000-007288-e4d31f9d,1784798825279,1784798825281,202,2.000,warm
7292,exp-warm-10000-007310-c9c50a86,1784798825279,1784798825282,202,3.000,warm
7293,exp-warm-10000-007324-2dc1c278,1784798825279,1784798825283,202,4.000,warm
7294,exp-warm-10000-007317-88399a90,1784798825279,1784798825283,202,4.000,warm
7295,exp-warm-10000-007292-215dfb25,1784798825280,1784798825281,202,1.000,warm
7296,exp-warm-10000-007289-c2a31925,1784798825280,1784798825281,202,1.000,warm
7297,exp-warm-10000-007290-3f2879cc,1784798825280,1784798825281,202,1.000,warm
7298,exp-warm-10000-007295-dc765015,1784798825280,1784798825281,202,1.000,warm
7299,exp-warm-10000-007291-eef2667d,1784798825280,1784798825281,202,1.000,warm
7300,exp-warm-10000-007294-2fd67911,1784798825280,1784798825281,202,1.000,warm
7301,exp-warm-10000-007314-772d74e9,1784798825280,1784798825283,202,3.000,warm
7302,exp-warm-10000-007332-2f3baccd,1784798825280,1784798825284,202,4.000,warm
7303,exp-warm-10000-007298-3728aff2,1784798825281,1784798825282,202,1.000,warm
7304,exp-warm-10000-007296-26498ebe,1784798825281,1784798825282,202,1.000,warm
7305,exp-warm-10000-007303-bc7f3f70,1784798825281,1784798825282,202,1.000,warm
7306,exp-warm-10000-007304-f7fc4f04,1784798825281,1784798825282,202,1.000,warm
7307,exp-warm-10000-007305-e0c14a41,1784798825281,1784798825282,202,1.000,warm
7308,exp-warm-10000-007301-68aaee9a,1784798825281,1784798825282,202,1.000,warm
7309,exp-warm-10000-007307-7815c094,1784798825281,1784798825282,202,1.000,warm
7310,exp-warm-10000-007309-48ef4464,1784798825281,1784798825282,202,1.000,warm
7311,exp-warm-10000-007306-0ebd29f8,1784798825281,1784798825282,202,1.000,warm
7312,exp-warm-10000-007311-1ce93984,1784798825281,1784798825282,202,1.000,warm
7313,exp-warm-10000-007297-e0598678,1784798825281,1784798825282,202,1.000,warm
7314,exp-warm-10000-007313-1915801a,1784798825281,1784798825282,202,1.000,warm
7315,exp-warm-10000-007312-d4fffb57,1784798825281,1784798825282,202,1.000,warm
7316,exp-warm-10000-007338-0f3bf59c,1784798825281,1784798825284,202,3.000,warm
7317,exp-warm-10000-007351-927fa3e1,1784798825281,1784798825285,202,4.000,warm
7318,exp-warm-10000-007299-7ac9833a,1784798825282,1784798825282,202,0.000,warm
7319,exp-warm-10000-007302-0f6a140a,1784798825282,1784798825282,202,0.000,warm
7320,exp-warm-10000-007300-ed1341b0,1784798825282,1784798825282,202,0.000,warm
7321,exp-warm-10000-007316-c1f22ba2,1784798825282,1784798825283,202,1.000,warm
7322,exp-warm-10000-007320-ed9750a5,1784798825282,1784798825283,202,1.000,warm
7323,exp-warm-10000-007318-ccb44746,1784798825282,1784798825283,202,1.000,warm
7324,exp-warm-10000-007321-abdd899d,1784798825282,1784798825283,202,1.000,warm
7325,exp-warm-10000-007323-cc972eca,1784798825282,1784798825283,202,1.000,warm
7326,exp-warm-10000-007308-4664484a,1784798825282,1784798825283,202,1.000,warm
7327,exp-warm-10000-007315-346c705a,1784798825282,1784798825283,202,1.000,warm
7328,exp-warm-10000-007322-23863358,1784798825282,1784798825283,202,1.000,warm
7329,exp-warm-10000-007327-e5eae037,1784798825282,1784798825284,202,2.000,warm
7330,exp-warm-10000-007340-4202e697,1784798825282,1784798825285,202,3.000,warm
7331,exp-warm-10000-007352-0a260025,1784798825282,1784798825285,202,3.000,warm
7332,exp-warm-10000-007319-b9f89706,1784798825283,1784798825283,202,0.000,warm
7333,exp-warm-10000-007326-d76c82c3,1784798825283,1784798825284,202,1.000,warm
7334,exp-warm-10000-007331-2cc586b1,1784798825283,1784798825284,202,1.000,warm
7335,exp-warm-10000-007337-96eb8914,1784798825283,1784798825284,202,1.000,warm
7336,exp-warm-10000-007339-c2aa9fc1,1784798825283,1784798825284,202,1.000,warm
7337,exp-warm-10000-007335-86de8ae4,1784798825283,1784798825284,202,1.000,warm
7338,exp-warm-10000-007325-70c3e95a,1784798825283,1784798825284,202,1.000,warm
7339,exp-warm-10000-007336-ce3bdacc,1784798825283,1784798825284,202,1.000,warm
7340,exp-warm-10000-007366-d847cc65,1784798825283,1784798825286,202,3.000,warm
7341,exp-warm-10000-007381-746e2c29,1784798825283,1784798825287,202,4.000,warm
7342,exp-warm-10000-007329-70b64a4e,1784798825284,1784798825284,202,0.000,warm
7343,exp-warm-10000-007328-2570b27d,1784798825284,1784798825284,202,0.000,warm
7344,exp-warm-10000-007330-70cb35a9,1784798825284,1784798825284,202,0.000,warm
7345,exp-warm-10000-007334-e483e089,1784798825284,1784798825284,202,0.000,warm
7346,exp-warm-10000-007333-66058c13,1784798825284,1784798825284,202,0.000,warm
7347,exp-warm-10000-007345-6be516d4,1784798825284,1784798825285,202,1.000,warm
7348,exp-warm-10000-007347-d3df2244,1784798825284,1784798825285,202,1.000,warm
7349,exp-warm-10000-007350-9405e5e6,1784798825284,1784798825285,202,1.000,warm
7350,exp-warm-10000-007353-be7ec82e,1784798825284,1784798825285,202,1.000,warm
7351,exp-warm-10000-007355-1ecc163f,1784798825284,1784798825285,202,1.000,warm
7352,exp-warm-10000-007346-8d2052e3,1784798825284,1784798825285,202,1.000,warm
7353,exp-warm-10000-007354-fa66ce40,1784798825284,1784798825285,202,1.000,warm
7354,exp-warm-10000-007363-5193b8f2,1784798825284,1784798825286,202,2.000,warm
7355,exp-warm-10000-007374-a93d29c3,1784798825284,1784798825287,202,3.000,warm
7356,exp-warm-10000-007380-4225617c,1784798825284,1784798825287,202,3.000,warm
7357,exp-warm-10000-007342-1722f3ea,1784798825285,1784798825285,202,0.000,warm
7358,exp-warm-10000-007341-f3d582e2,1784798825285,1784798825285,202,0.000,warm
7359,exp-warm-10000-007343-766965de,1784798825285,1784798825285,202,0.000,warm
7360,exp-warm-10000-007348-5ca04189,1784798825285,1784798825285,202,0.000,warm
7361,exp-warm-10000-007344-67828620,1784798825285,1784798825285,202,0.000,warm
7362,exp-warm-10000-007349-4904f6e6,1784798825285,1784798825285,202,0.000,warm
7363,exp-warm-10000-007364-9a69d353,1784798825285,1784798825286,202,1.000,warm
7364,exp-warm-10000-007365-52ceb32e,1784798825285,1784798825286,202,1.000,warm
7365,exp-warm-10000-007357-26f5df08,1784798825285,1784798825286,202,1.000,warm
7366,exp-warm-10000-007367-304e25fd,1784798825285,1784798825286,202,1.000,warm
7367,exp-warm-10000-007370-dc7e8553,1784798825285,1784798825286,202,1.000,warm
7368,exp-warm-10000-007358-3a0c4507,1784798825285,1784798825286,202,1.000,warm
7369,exp-warm-10000-007371-d0a90178,1784798825285,1784798825286,202,1.000,warm
7370,exp-warm-10000-007369-68c6605e,1784798825285,1784798825286,202,1.000,warm
7371,exp-warm-10000-007368-36a5b355,1784798825285,1784798825286,202,1.000,warm
7372,exp-warm-10000-007372-86cb0c96,1784798825285,1784798825286,202,1.000,warm
7373,exp-warm-10000-007387-99fe5ee1,1784798825285,1784798825287,202,2.000,warm
7374,exp-warm-10000-007386-fe284b43,1784798825285,1784798825287,202,2.000,warm
7375,exp-warm-10000-007395-e8474194,1784798825285,1784798825288,202,3.000,warm
7376,exp-warm-10000-007400-bef4d890,1784798825285,1784798825288,202,3.000,warm
7377,exp-warm-10000-007356-b14abed0,1784798825286,1784798825286,202,0.000,warm
7378,exp-warm-10000-007359-fd17c538,1784798825286,1784798825286,202,0.000,warm
7379,exp-warm-10000-007360-d9235c1a,1784798825286,1784798825286,202,0.000,warm
7380,exp-warm-10000-007361-260441ba,1784798825286,1784798825286,202,0.000,warm
7381,exp-warm-10000-007362-da9a712b,1784798825286,1784798825286,202,0.000,warm
7382,exp-warm-10000-007375-77f0f54f,1784798825286,1784798825287,202,1.000,warm
7383,exp-warm-10000-007376-ef808b47,1784798825286,1784798825287,202,1.000,warm
7384,exp-warm-10000-007377-eab63ca7,1784798825286,1784798825287,202,1.000,warm
7385,exp-warm-10000-007378-6a8233f6,1784798825286,1784798825287,202,1.000,warm
7386,exp-warm-10000-007379-ffcc05e2,1784798825286,1784798825287,202,1.000,warm
7387,exp-warm-10000-007383-dfbfa45f,1784798825286,1784798825287,202,1.000,warm
7388,exp-warm-10000-007382-99863a4e,1784798825286,1784798825287,202,1.000,warm
7389,exp-warm-10000-007384-f36dfaed,1784798825286,1784798825287,202,1.000,warm
7390,exp-warm-10000-007388-59bfb744,1784798825286,1784798825287,202,1.000,warm
7391,exp-warm-10000-007385-50b55b76,1784798825286,1784798825287,202,1.000,warm
7392,exp-warm-10000-007373-6c145f71,1784798825287,1784798825287,202,0.000,warm
7393,exp-warm-10000-007394-9afaac9c,1784798825287,1784798825288,202,1.000,warm
7394,exp-warm-10000-007391-09879f8b,1784798825287,1784798825288,202,1.000,warm
7395,exp-warm-10000-007399-130132d9,1784798825287,1784798825288,202,1.000,warm
7396,exp-warm-10000-007392-0bef7f45,1784798825287,1784798825288,202,1.000,warm
7397,exp-warm-10000-007396-5a1a1098,1784798825287,1784798825288,202,1.000,warm
7398,exp-warm-10000-007401-7ba714b5,1784798825287,1784798825288,202,1.000,warm
7399,exp-warm-10000-007402-c5e931a9,1784798825287,1784798825288,202,1.000,warm
7400,exp-warm-10000-007393-4510b693,1784798825287,1784798825288,202,1.000,warm
7401,exp-warm-10000-007397-7ec4b552,1784798825287,1784798825288,202,1.000,warm
7402,exp-warm-10000-007398-439bac75,1784798825287,1784798825288,202,1.000,warm
7403,exp-warm-10000-007412-01ef4c2e,1784798825287,1784798825289,202,2.000,warm
7404,exp-warm-10000-007418-38f7adaa,1784798825287,1784798825289,202,2.000,warm
7405,exp-warm-10000-007389-a66e2125,1784798825288,1784798825288,202,0.000,warm
7406,exp-warm-10000-007390-c4dbcfdb,1784798825288,1784798825288,202,0.000,warm
7407,exp-warm-10000-007410-d7733564,1784798825288,1784798825289,202,1.000,warm
7408,exp-warm-10000-007411-a44d974e,1784798825288,1784798825289,202,1.000,warm
7409,exp-warm-10000-007405-aba9fc98,1784798825288,1784798825289,202,1.000,warm
7410,exp-warm-10000-007413-d1b5dc96,1784798825288,1784798825289,202,1.000,warm
7411,exp-warm-10000-007414-289148e9,1784798825288,1784798825289,202,1.000,warm
7412,exp-warm-10000-007409-fd2821f9,1784798825288,1784798825289,202,1.000,warm
7413,exp-warm-10000-007417-faff8906,1784798825288,1784798825289,202,1.000,warm
7414,exp-warm-10000-007415-8925cf07,1784798825288,1784798825289,202,1.000,warm
7415,exp-warm-10000-007421-530361ab,1784798825288,1784798825289,202,1.000,warm
7416,exp-warm-10000-007419-48b0c306,1784798825288,1784798825289,202,1.000,warm
7417,exp-warm-10000-007420-d778735e,1784798825288,1784798825289,202,1.000,warm
7418,exp-warm-10000-007435-2c5290bc,1784798825288,1784798825290,202,2.000,warm
7419,exp-warm-10000-007427-27850afe,1784798825288,1784798825290,202,2.000,warm
7420,exp-warm-10000-007404-fdf7a093,1784798825289,1784798825289,202,0.000,warm
7421,exp-warm-10000-007403-0ea8e144,1784798825289,1784798825289,202,0.000,warm
7422,exp-warm-10000-007407-075d03ce,1784798825289,1784798825289,202,0.000,warm
7423,exp-warm-10000-007406-3fa3a8aa,1784798825289,1784798825289,202,0.000,warm
7424,exp-warm-10000-007408-845f9089,1784798825289,1784798825289,202,0.000,warm
7425,exp-warm-10000-007428-2534f2d3,1784798825289,1784798825290,202,1.000,warm
7426,exp-warm-10000-007434-4f79a816,1784798825289,1784798825290,202,1.000,warm
7427,exp-warm-10000-007436-2e7e37f6,1784798825289,1784798825290,202,1.000,warm
7428,exp-warm-10000-007431-0ddd91fc,1784798825289,1784798825290,202,1.000,warm
7429,exp-warm-10000-007437-81caee3c,1784798825289,1784798825290,202,1.000,warm
7430,exp-warm-10000-007433-70f1387a,1784798825289,1784798825290,202,1.000,warm
7431,exp-warm-10000-007425-4ceac14e,1784798825289,1784798825290,202,1.000,warm
7432,exp-warm-10000-007432-33593dc4,1784798825289,1784798825290,202,1.000,warm
7433,exp-warm-10000-007422-91b84d59,1784798825290,1784798825290,202,0.000,warm
7434,exp-warm-10000-007416-16d3c739,1784798825290,1784798825290,202,0.000,warm
7435,exp-warm-10000-007423-c2a87f23,1784798825290,1784798825290,202,0.000,warm
7436,exp-warm-10000-007424-5e22c7e2,1784798825290,1784798825290,202,0.000,warm
7437,exp-warm-10000-007426-c603fded,1784798825290,1784798825290,202,0.000,warm
7438,exp-warm-10000-007429-f02dbd02,1784798825290,1784798825290,202,0.000,warm
7439,exp-warm-10000-007430-81d6cba2,1784798825290,1784798825290,202,0.000,warm
7440,exp-warm-10000-007449-4109e47d,1784798825290,1784798825291,202,1.000,warm
7441,exp-warm-10000-007447-ddd341f5,1784798825290,1784798825291,202,1.000,warm
7442,exp-warm-10000-007448-05519e07,1784798825290,1784798825291,202,1.000,warm
7443,exp-warm-10000-007445-18e53e9b,1784798825290,1784798825291,202,1.000,warm
7444,exp-warm-10000-007443-24b0b0e6,1784798825290,1784798825291,202,1.000,warm
7445,exp-warm-10000-007446-7f338306,1784798825290,1784798825291,202,1.000,warm
7446,exp-warm-10000-007505-f77e63ac,1784798825290,1784798825294,202,4.000,warm
7447,exp-warm-10000-007439-7f7f3918,1784798825291,1784798825291,202,0.000,warm
7448,exp-warm-10000-007440-55908214,1784798825291,1784798825291,202,0.000,warm
7449,exp-warm-10000-007438-83d115a3,1784798825291,1784798825291,202,0.000,warm
7450,exp-warm-10000-007442-8059ef72,1784798825291,1784798825291,202,0.000,warm
7451,exp-warm-10000-007441-fa06f01a,1784798825291,1784798825291,202,0.000,warm
7452,exp-warm-10000-007457-99dab3ca,1784798825291,1784798825292,202,1.000,warm
7453,exp-warm-10000-007452-03a56fb9,1784798825291,1784798825292,202,1.000,warm
7454,exp-warm-10000-007454-b6cbeb2f,1784798825291,1784798825292,202,1.000,warm
7455,exp-warm-10000-007456-e4bab871,1784798825291,1784798825292,202,1.000,warm
7456,exp-warm-10000-007458-f04c0071,1784798825291,1784798825292,202,1.000,warm
7457,exp-warm-10000-007455-bf78b1fb,1784798825291,1784798825292,202,1.000,warm
7458,exp-warm-10000-007459-fc1f77de,1784798825291,1784798825292,202,1.000,warm
7459,exp-warm-10000-007464-43bf4b76,1784798825291,1784798825292,202,1.000,warm
7460,exp-warm-10000-007460-72388a7e,1784798825291,1784798825292,202,1.000,warm
7461,exp-warm-10000-007463-f9dbe54c,1784798825291,1784798825292,202,1.000,warm
7462,exp-warm-10000-007466-ae312fa8,1784798825291,1784798825292,202,1.000,warm
7463,exp-warm-10000-007465-a26ca304,1784798825291,1784798825292,202,1.000,warm
7464,exp-warm-10000-007461-fa99112b,1784798825291,1784798825292,202,1.000,warm
7465,exp-warm-10000-007462-2bc97f2c,1784798825291,1784798825292,202,1.000,warm
7466,exp-warm-10000-007501-1b9c2e5e,1784798825291,1784798825294,202,3.000,warm
7467,exp-warm-10000-007444-a2c0c9cf,1784798825292,1784798825292,202,0.000,warm
7468,exp-warm-10000-007450-e259ffcb,1784798825292,1784798825292,202,0.000,warm
7469,exp-warm-10000-007453-af774985,1784798825292,1784798825292,202,0.000,warm
7470,exp-warm-10000-007472-69ca80c2,1784798825292,1784798825293,202,1.000,warm
7471,exp-warm-10000-007473-4e7aeb75,1784798825292,1784798825293,202,1.000,warm
7472,exp-warm-10000-007476-ff08e7c1,1784798825292,1784798825293,202,1.000,warm
7473,exp-warm-10000-007477-85809cc0,1784798825292,1784798825293,202,1.000,warm
7474,exp-warm-10000-007475-df00afd3,1784798825292,1784798825293,202,1.000,warm
7475,exp-warm-10000-007474-43fdb69e,1784798825292,1784798825293,202,1.000,warm
7476,exp-warm-10000-007479-d5058a6c,1784798825292,1784798825293,202,1.000,warm
7477,exp-warm-10000-007482-2e2ee502,1784798825292,1784798825293,202,1.000,warm
7478,exp-warm-10000-007480-fed046a6,1784798825292,1784798825293,202,1.000,warm
7479,exp-warm-10000-007471-565be7e1,1784798825292,1784798825293,202,1.000,warm
7480,exp-warm-10000-007478-332bf2ad,1784798825292,1784798825293,202,1.000,warm
7481,exp-warm-10000-007504-a1acad63,1784798825292,1784798825294,202,2.000,warm
7482,exp-warm-10000-007496-ba5b416c,1784798825292,1784798825294,202,2.000,warm
7483,exp-warm-10000-007515-f5ba81ba,1784798825292,1784798825295,202,3.000,warm
7484,exp-warm-10000-007469-b98a8d43,1784798825293,1784798825293,202,0.000,warm
7485,exp-warm-10000-007468-0a7529f0,1784798825293,1784798825293,202,0.000,warm
7486,exp-warm-10000-007451-01478924,1784798825293,1784798825293,202,0.000,warm
7487,exp-warm-10000-007467-b415211b,1784798825293,1784798825293,202,0.000,warm
7488,exp-warm-10000-007470-a4f41dbc,1784798825293,1784798825293,202,0.000,warm
7489,exp-warm-10000-007487-041e3176,1784798825293,1784798825294,202,1.000,warm
7490,exp-warm-10000-007493-760edd37,1784798825293,1784798825294,202,1.000,warm
7491,exp-warm-10000-007492-e1a8bed8,1784798825293,1784798825294,202,1.000,warm
7492,exp-warm-10000-007488-71cdfc56,1784798825293,1784798825294,202,1.000,warm
7493,exp-warm-10000-007497-57e1bcc4,1784798825293,1784798825294,202,1.000,warm
7494,exp-warm-10000-007499-63230a1b,1784798825293,1784798825294,202,1.000,warm
7495,exp-warm-10000-007489-8d5b9b58,1784798825293,1784798825294,202,1.000,warm
7496,exp-warm-10000-007502-e8d044eb,1784798825293,1784798825294,202,1.000,warm
7497,exp-warm-10000-007495-1a697f9f,1784798825293,1784798825294,202,1.000,warm
7498,exp-warm-10000-007503-0f97af8d,1784798825293,1784798825294,202,1.000,warm
7499,exp-warm-10000-007494-bd3e3624,1784798825293,1784798825294,202,1.000,warm
7500,exp-warm-10000-007498-08815dec,1784798825293,1784798825294,202,1.000,warm
7501,exp-warm-10000-007516-d7782371,1784798825293,1784798825295,202,2.000,warm
7502,exp-warm-10000-007539-0cfc4b8e,1784798825293,1784798825296,202,3.000,warm
7503,exp-warm-10000-007484-61f301d3,1784798825294,1784798825294,202,0.000,warm
7504,exp-warm-10000-007485-c73f6beb,1784798825294,1784798825294,202,0.000,warm
7505,exp-warm-10000-007483-17f42942,1784798825294,1784798825294,202,0.000,warm
7506,exp-warm-10000-007486-6d88d154,1784798825294,1784798825294,202,0.000,warm
7507,exp-warm-10000-007481-417075b4,1784798825294,1784798825294,202,0.000,warm
7508,exp-warm-10000-007490-09ded909,1784798825294,1784798825294,202,0.000,warm
7509,exp-warm-10000-007491-78b2a744,1784798825294,1784798825294,202,0.000,warm
7510,exp-warm-10000-007509-49b23d6c,1784798825294,1784798825295,202,1.000,warm
7511,exp-warm-10000-007507-dd44c399,1784798825294,1784798825295,202,1.000,warm
7512,exp-warm-10000-007510-cba59f73,1784798825294,1784798825295,202,1.000,warm
7513,exp-warm-10000-007511-5dbde066,1784798825294,1784798825295,202,1.000,warm
7514,exp-warm-10000-007508-4ac9b723,1784798825294,1784798825295,202,1.000,warm
7515,exp-warm-10000-007513-191effa0,1784798825294,1784798825295,202,1.000,warm
7516,exp-warm-10000-007517-44a8cd88,1784798825294,1784798825295,202,1.000,warm
7517,exp-warm-10000-007518-089e623d,1784798825294,1784798825295,202,1.000,warm
7518,exp-warm-10000-007519-3d99f18a,1784798825294,1784798825295,202,1.000,warm
7519,exp-warm-10000-007523-e612bdf0,1784798825294,1784798825295,202,1.000,warm
7520,exp-warm-10000-007520-73f1fbde,1784798825294,1784798825295,202,1.000,warm
7521,exp-warm-10000-007514-247a013a,1784798825294,1784798825295,202,1.000,warm
7522,exp-warm-10000-007522-49f3fa05,1784798825294,1784798825295,202,1.000,warm
7523,exp-warm-10000-007512-ae2e6975,1784798825294,1784798825295,202,1.000,warm
7524,exp-warm-10000-007524-24381050,1784798825294,1784798825295,202,1.000,warm
7525,exp-warm-10000-007545-588a3379,1784798825294,1784798825296,202,2.000,warm
7526,exp-warm-10000-007540-a360f650,1784798825294,1784798825296,202,2.000,warm
7527,exp-warm-10000-007534-92b51a6d,1784798825294,1784798825296,202,2.000,warm
7528,exp-warm-10000-007543-c6e018e2,1784798825294,1784798825296,202,2.000,warm
7529,exp-warm-10000-007528-22acc153,1784798825294,1784798825296,202,2.000,warm
7530,exp-warm-10000-007533-0c0cbed3,1784798825294,1784798825296,202,2.000,warm
7531,exp-warm-10000-007544-6f29b917,1784798825294,1784798825296,202,2.000,warm
7532,exp-warm-10000-007556-7fc47f01,1784798825294,1784798825297,202,3.000,warm
7533,exp-warm-10000-007550-60a95d1f,1784798825294,1784798825297,202,3.000,warm
7534,exp-warm-10000-007548-e0ad42e6,1784798825294,1784798825297,202,3.000,warm
7535,exp-warm-10000-007500-bcead71e,1784798825295,1784798825295,202,0.000,warm
7536,exp-warm-10000-007506-893c309e,1784798825295,1784798825295,202,0.000,warm
7537,exp-warm-10000-007525-14a15ef4,1784798825295,1784798825296,202,1.000,warm
7538,exp-warm-10000-007527-05069a37,1784798825295,1784798825296,202,1.000,warm
7539,exp-warm-10000-007529-0cefca3c,1784798825295,1784798825296,202,1.000,warm
7540,exp-warm-10000-007531-fc0acb4b,1784798825295,1784798825296,202,1.000,warm
7541,exp-warm-10000-007532-b8f20f63,1784798825295,1784798825296,202,1.000,warm
7542,exp-warm-10000-007521-f2d54654,1784798825295,1784798825296,202,1.000,warm
7543,exp-warm-10000-007535-ac2cd4b4,1784798825295,1784798825296,202,1.000,warm
7544,exp-warm-10000-007538-66b80b1e,1784798825295,1784798825296,202,1.000,warm
7545,exp-warm-10000-007536-caaa3a6a,1784798825295,1784798825296,202,1.000,warm
7546,exp-warm-10000-007537-6068b6ba,1784798825295,1784798825296,202,1.000,warm
7547,exp-warm-10000-007541-e8faa1a5,1784798825295,1784798825296,202,1.000,warm
7548,exp-warm-10000-007542-413adeb8,1784798825295,1784798825296,202,1.000,warm
7549,exp-warm-10000-007530-b083f5ef,1784798825295,1784798825296,202,1.000,warm
7550,exp-warm-10000-007557-d359c755,1784798825295,1784798825297,202,2.000,warm
7551,exp-warm-10000-007549-19ff8614,1784798825295,1784798825297,202,2.000,warm
7552,exp-warm-10000-007526-41671b36,1784798825296,1784798825296,202,0.000,warm
7553,exp-warm-10000-007547-9c295876,1784798825296,1784798825297,202,1.000,warm
7554,exp-warm-10000-007555-b495cb14,1784798825296,1784798825297,202,1.000,warm
7555,exp-warm-10000-007551-afcf4bb5,1784798825296,1784798825297,202,1.000,warm
7556,exp-warm-10000-007553-0f97c881,1784798825296,1784798825297,202,1.000,warm
7557,exp-warm-10000-007552-48edf303,1784798825296,1784798825297,202,1.000,warm
7558,exp-warm-10000-007554-73689108,1784798825296,1784798825297,202,1.000,warm
7559,exp-warm-10000-007546-67818fbc,1784798825296,1784798825297,202,1.000,warm
7560,exp-warm-10000-007573-794e4bec,1784798825296,1784798825298,202,2.000,warm
7561,exp-warm-10000-007562-2d38dbc1,1784798825296,1784798825298,202,2.000,warm
7562,exp-warm-10000-007577-56d89aa9,1784798825296,1784798825298,202,2.000,warm
7563,exp-warm-10000-007576-6e9381b2,1784798825296,1784798825298,202,2.000,warm
7564,exp-warm-10000-007569-b55e5d36,1784798825296,1784798825298,202,2.000,warm
7565,exp-warm-10000-007561-275b5047,1784798825297,1784798825298,202,1.000,warm
7566,exp-warm-10000-007564-f5617458,1784798825297,1784798825298,202,1.000,warm
7567,exp-warm-10000-007563-a55b5241,1784798825297,1784798825298,202,1.000,warm
7568,exp-warm-10000-007566-e0db66c7,1784798825297,1784798825298,202,1.000,warm
7569,exp-warm-10000-007567-de71de7c,1784798825297,1784798825298,202,1.000,warm
7570,exp-warm-10000-007560-f71bb362,1784798825297,1784798825298,202,1.000,warm
7571,exp-warm-10000-007571-6c3419a4,1784798825297,1784798825298,202,1.000,warm
7572,exp-warm-10000-007565-7dbdfda9,1784798825297,1784798825298,202,1.000,warm
7573,exp-warm-10000-007568-ecb443a1,1784798825297,1784798825298,202,1.000,warm
7574,exp-warm-10000-007570-2058beff,1784798825297,1784798825298,202,1.000,warm
7575,exp-warm-10000-007575-9b2eead6,1784798825297,1784798825298,202,1.000,warm
7576,exp-warm-10000-007574-59af36b6,1784798825297,1784798825298,202,1.000,warm
7577,exp-warm-10000-007589-8cd0eb1b,1784798825297,1784798825299,202,2.000,warm
7578,exp-warm-10000-007634-acab989e,1784798825297,1784798825302,202,5.000,warm
7579,exp-warm-10000-007639-54971a1d,1784798825297,1784798825302,202,5.000,warm
7580,exp-warm-10000-007558-eef7408a,1784798825298,1784798825298,202,0.000,warm
7581,exp-warm-10000-007559-e3a505b7,1784798825298,1784798825298,202,0.000,warm
7582,exp-warm-10000-007582-9beb5cae,1784798825298,1784798825299,202,1.000,warm
7583,exp-warm-10000-007584-7840d76f,1784798825298,1784798825299,202,1.000,warm
7584,exp-warm-10000-007579-ed0a75a3,1784798825298,1784798825299,202,1.000,warm
7585,exp-warm-10000-007583-ea810564,1784798825298,1784798825299,202,1.000,warm
7586,exp-warm-10000-007581-1c636741,1784798825298,1784798825299,202,1.000,warm
7587,exp-warm-10000-007585-464a49bb,1784798825298,1784798825299,202,1.000,warm
7588,exp-warm-10000-007580-f00b655b,1784798825298,1784798825299,202,1.000,warm
7589,exp-warm-10000-007588-80926c13,1784798825298,1784798825299,202,1.000,warm
7590,exp-warm-10000-007586-066ee95c,1784798825298,1784798825299,202,1.000,warm
7591,exp-warm-10000-007587-7e124870,1784798825298,1784798825299,202,1.000,warm
7592,exp-warm-10000-007578-6445cb2e,1784798825299,1784798825299,202,0.000,warm
7593,exp-warm-10000-007572-99d4b087,1784798825299,1784798825299,202,0.000,warm
7594,exp-warm-10000-007592-97f240d7,1784798825299,1784798825300,202,1.000,warm
7595,exp-warm-10000-007593-8b052d03,1784798825299,1784798825300,202,1.000,warm
7596,exp-warm-10000-007594-d73ac2ae,1784798825299,1784798825300,202,1.000,warm
7597,exp-warm-10000-007596-610d1ffe,1784798825299,1784798825300,202,1.000,warm
7598,exp-warm-10000-007599-38d1b8d9,1784798825299,1784798825300,202,1.000,warm
7599,exp-warm-10000-007602-f1e9aef3,1784798825299,1784798825300,202,1.000,warm
7600,exp-warm-10000-007598-216b2a44,1784798825299,1784798825300,202,1.000,warm
7601,exp-warm-10000-007600-46f93065,1784798825299,1784798825300,202,1.000,warm
7602,exp-warm-10000-007597-0a5a4e09,1784798825299,1784798825300,202,1.000,warm
7603,exp-warm-10000-007604-3afe110b,1784798825299,1784798825300,202,1.000,warm
7604,exp-warm-10000-007595-647ec1d3,1784798825299,1784798825300,202,1.000,warm
7605,exp-warm-10000-007612-c5844863,1784798825299,1784798825301,202,2.000,warm
7606,exp-warm-10000-007621-c6e7157e,1784798825299,1784798825301,202,2.000,warm
7607,exp-warm-10000-007616-32fcdef0,1784798825299,1784798825301,202,2.000,warm
7608,exp-warm-10000-007620-7dd3aaf3,1784798825299,1784798825301,202,2.000,warm
7609,exp-warm-10000-007624-81346476,1784798825299,1784798825302,202,3.000,warm
7610,exp-warm-10000-007591-b44fcf9a,1784798825300,1784798825300,202,0.000,warm
7611,exp-warm-10000-007590-ce3a2cd8,1784798825300,1784798825300,202,0.000,warm
7612,exp-warm-10000-007608-7366fd7f,1784798825300,1784798825301,202,1.000,warm
7613,exp-warm-10000-007609-c29fbc46,1784798825300,1784798825301,202,1.000,warm
7614,exp-warm-10000-007607-19f1d031,1784798825300,1784798825301,202,1.000,warm
7615,exp-warm-10000-007613-d6309497,1784798825300,1784798825301,202,1.000,warm
7616,exp-warm-10000-007617-c8201b1d,1784798825300,1784798825301,202,1.000,warm
7617,exp-warm-10000-007610-4c3e050d,1784798825300,1784798825301,202,1.000,warm
7618,exp-warm-10000-007611-e1d31005,1784798825300,1784798825301,202,1.000,warm
7619,exp-warm-10000-007619-438028d7,1784798825300,1784798825301,202,1.000,warm
7620,exp-warm-10000-007618-ed0a0440,1784798825300,1784798825301,202,1.000,warm
7621,exp-warm-10000-007601-15a051aa,1784798825300,1784798825301,202,1.000,warm
7622,exp-warm-10000-007615-b0989c87,1784798825300,1784798825301,202,1.000,warm
7623,exp-warm-10000-007623-e7615bc4,1784798825300,1784798825301,202,1.000,warm
7624,exp-warm-10000-007606-44c26976,1784798825300,1784798825301,202,1.000,warm
7625,exp-warm-10000-007614-99e886ce,1784798825300,1784798825301,202,1.000,warm
7626,exp-warm-10000-007622-586f2b8d,1784798825300,1784798825301,202,1.000,warm
7627,exp-warm-10000-007640-23241a4f,1784798825300,1784798825302,202,2.000,warm
7628,exp-warm-10000-007629-56de83d4,1784798825300,1784798825302,202,2.000,warm
7629,exp-warm-10000-007626-957ee476,1784798825300,1784798825302,202,2.000,warm
7630,exp-warm-10000-007633-047cac74,1784798825300,1784798825302,202,2.000,warm
7631,exp-warm-10000-007646-99f90521,1784798825300,1784798825303,202,3.000,warm
7632,exp-warm-10000-007603-2f0a0cb7,1784798825301,1784798825301,202,0.000,warm
7633,exp-warm-10000-007605-a4d4600e,1784798825301,1784798825301,202,0.000,warm
7634,exp-warm-10000-007627-eeef5a9f,1784798825301,1784798825302,202,1.000,warm
7635,exp-warm-10000-007628-15a80ed9,1784798825301,1784798825302,202,1.000,warm
7636,exp-warm-10000-007625-8d82ab05,1784798825301,1784798825302,202,1.000,warm
7637,exp-warm-10000-007631-907cbfd3,1784798825301,1784798825302,202,1.000,warm
7638,exp-warm-10000-007635-dc334acc,1784798825301,1784798825302,202,1.000,warm
7639,exp-warm-10000-007630-aba8b841,1784798825301,1784798825302,202,1.000,warm
7640,exp-warm-10000-007632-33f10239,1784798825301,1784798825302,202,1.000,warm
7641,exp-warm-10000-007636-f2c4bb4a,1784798825301,1784798825302,202,1.000,warm
7642,exp-warm-10000-007644-fbf2169c,1784798825302,1784798825303,202,1.000,warm
7643,exp-warm-10000-007642-c76bfa3e,1784798825302,1784798825303,202,1.000,warm
7644,exp-warm-10000-007643-8ccb7d20,1784798825302,1784798825303,202,1.000,warm
7645,exp-warm-10000-007648-40398046,1784798825302,1784798825303,202,1.000,warm
7646,exp-warm-10000-007645-4b299bb7,1784798825302,1784798825303,202,1.000,warm
7647,exp-warm-10000-007651-1b899b25,1784798825302,1784798825303,202,1.000,warm
7648,exp-warm-10000-007649-b78473ac,1784798825302,1784798825303,202,1.000,warm
7649,exp-warm-10000-007650-dac20c70,1784798825302,1784798825303,202,1.000,warm
7650,exp-warm-10000-007647-0a6f113c,1784798825302,1784798825303,202,1.000,warm
7651,exp-warm-10000-007673-4053e011,1784798825302,1784798825305,202,3.000,warm
7652,exp-warm-10000-007638-706af2d0,1784798825303,1784798825303,202,0.000,warm
7653,exp-warm-10000-007637-ddd8f4a8,1784798825303,1784798825303,202,0.000,warm
7654,exp-warm-10000-007641-c72f9265,1784798825303,1784798825303,202,0.000,warm
7655,exp-warm-10000-007654-89442203,1784798825303,1784798825304,202,1.000,warm
7656,exp-warm-10000-007659-37faba75,1784798825303,1784798825304,202,1.000,warm
7657,exp-warm-10000-007657-d0e8d9b9,1784798825303,1784798825304,202,1.000,warm
7658,exp-warm-10000-007658-f8c3fd9f,1784798825303,1784798825304,202,1.000,warm
7659,exp-warm-10000-007661-0ed50c41,1784798825303,1784798825304,202,1.000,warm
7660,exp-warm-10000-007662-e8fef69b,1784798825303,1784798825304,202,1.000,warm
7661,exp-warm-10000-007660-de4832c5,1784798825303,1784798825304,202,1.000,warm
7662,exp-warm-10000-007655-3d91b6c3,1784798825303,1784798825304,202,1.000,warm
7663,exp-warm-10000-007652-0bde8b27,1784798825304,1784798825304,202,0.000,warm
7664,exp-warm-10000-007653-4c1abda8,1784798825304,1784798825304,202,0.000,warm
7665,exp-warm-10000-007656-9d2c5957,1784798825304,1784798825304,202,0.000,warm
7666,exp-warm-10000-007669-ce6493ad,1784798825304,1784798825305,202,1.000,warm
7667,exp-warm-10000-007671-3a29de69,1784798825304,1784798825305,202,1.000,warm
7668,exp-warm-10000-007668-a1830ed5,1784798825304,1784798825305,202,1.000,warm
7669,exp-warm-10000-007672-efca9415,1784798825304,1784798825305,202,1.000,warm
7670,exp-warm-10000-007674-5ce6625b,1784798825304,1784798825305,202,1.000,warm
7671,exp-warm-10000-007675-b0138dc2,1784798825304,1784798825305,202,1.000,warm
7672,exp-warm-10000-007677-6835f02c,1784798825304,1784798825305,202,1.000,warm
7673,exp-warm-10000-007678-f68f580c,1784798825304,1784798825305,202,1.000,warm
7674,exp-warm-10000-007676-f51fdd1c,1784798825304,1784798825305,202,1.000,warm
7675,exp-warm-10000-007679-fc478908,1784798825304,1784798825305,202,1.000,warm
7676,exp-warm-10000-007680-222c5cc7,1784798825304,1784798825305,202,1.000,warm
7677,exp-warm-10000-007687-2e7d7ca0,1784798825304,1784798825306,202,2.000,warm
7678,exp-warm-10000-007714-6339f7b9,1784798825304,1784798825307,202,3.000,warm
7679,exp-warm-10000-007693-dba4b34c,1784798825304,1784798825306,202,2.000,warm
7680,exp-warm-10000-007663-b40a77be,1784798825305,1784798825305,202,0.000,warm
7681,exp-warm-10000-007667-15919291,1784798825305,1784798825305,202,0.000,warm
7682,exp-warm-10000-007664-4de5fb05,1784798825305,1784798825305,202,0.000,warm
7683,exp-warm-10000-007665-e2558702,1784798825305,1784798825305,202,0.000,warm
7684,exp-warm-10000-007670-42a2411b,1784798825305,1784798825305,202,0.000,warm
7685,exp-warm-10000-007666-411717bd,1784798825305,1784798825305,202,0.000,warm
7686,exp-warm-10000-007686-84fac5c0,1784798825305,1784798825306,202,1.000,warm
7687,exp-warm-10000-007688-b9a5d767,1784798825305,1784798825306,202,1.000,warm
7688,exp-warm-10000-007689-972cbdd6,1784798825305,1784798825306,202,1.000,warm
7689,exp-warm-10000-007690-0343ea65,1784798825305,1784798825306,202,1.000,warm
7690,exp-warm-10000-007692-4db66a63,1784798825305,1784798825306,202,1.000,warm
7691,exp-warm-10000-007691-95a39a2f,1784798825305,1784798825306,202,1.000,warm
7692,exp-warm-10000-007694-cbb220af,1784798825305,1784798825306,202,1.000,warm
7693,exp-warm-10000-007703-69c6ac51,1784798825305,1784798825307,202,2.000,warm
7694,exp-warm-10000-007715-ceee0295,1784798825305,1784798825307,202,2.000,warm
7695,exp-warm-10000-007710-9b9dbe94,1784798825305,1784798825307,202,2.000,warm
7696,exp-warm-10000-007696-3ef66f2c,1784798825305,1784798825307,202,2.000,warm
7697,exp-warm-10000-007713-67258ace,1784798825305,1784798825307,202,2.000,warm
7698,exp-warm-10000-007726-80bb069f,1784798825305,1784798825308,202,3.000,warm
7699,exp-warm-10000-008475-e3422b75,1784798825305,1784798825356,202,51.000,warm
7700,exp-warm-10000-007681-082d9ac1,1784798825306,1784798825306,202,0.000,warm
7701,exp-warm-10000-007682-3d54d725,1784798825306,1784798825306,202,0.000,warm
7702,exp-warm-10000-007684-92ae0546,1784798825306,1784798825306,202,0.000,warm
7703,exp-warm-10000-007685-69e449a7,1784798825306,1784798825306,202,0.000,warm
7704,exp-warm-10000-007683-e929533e,1784798825306,1784798825306,202,0.000,warm
7705,exp-warm-10000-007701-269cc7fd,1784798825306,1784798825307,202,1.000,warm
7706,exp-warm-10000-007705-c5cbf502,1784798825306,1784798825307,202,1.000,warm
7707,exp-warm-10000-007698-4775f883,1784798825306,1784798825307,202,1.000,warm
7708,exp-warm-10000-007706-c0e0066c,1784798825306,1784798825307,202,1.000,warm
7709,exp-warm-10000-007708-f72b2097,1784798825306,1784798825307,202,1.000,warm
7710,exp-warm-10000-007704-4b39ef27,1784798825306,1784798825307,202,1.000,warm
7711,exp-warm-10000-007709-7b1c3125,1784798825306,1784798825307,202,1.000,warm
7712,exp-warm-10000-007707-bcc5ad48,1784798825306,1784798825307,202,1.000,warm
7713,exp-warm-10000-007711-08bf4bdb,1784798825306,1784798825307,202,1.000,warm
7714,exp-warm-10000-007716-59669b1b,1784798825306,1784798825307,202,1.000,warm
7715,exp-warm-10000-007712-cee3ff7f,1784798825306,1784798825307,202,1.000,warm
7716,exp-warm-10000-007729-f55d662e,1784798825306,1784798825308,202,2.000,warm
7717,exp-warm-10000-007731-140d0bb6,1784798825306,1784798825308,202,2.000,warm
7718,exp-warm-10000-007725-efc3c957,1784798825306,1784798825308,202,2.000,warm
7719,exp-warm-10000-007699-b957838a,1784798825307,1784798825307,202,0.000,warm
7720,exp-warm-10000-007697-eb24e1be,1784798825307,1784798825307,202,0.000,warm
7721,exp-warm-10000-007700-510d9319,1784798825307,1784798825307,202,0.000,warm
7722,exp-warm-10000-007717-9dac740c,1784798825307,1784798825308,202,1.000,warm
7723,exp-warm-10000-007721-56812929,1784798825307,1784798825308,202,1.000,warm
7724,exp-warm-10000-007702-38138904,1784798825307,1784798825308,202,1.000,warm
7725,exp-warm-10000-007720-0501afaf,1784798825307,1784798825308,202,1.000,warm
7726,exp-warm-10000-007718-4d9dc180,1784798825307,1784798825308,202,1.000,warm
7727,exp-warm-10000-007695-3e8ee9fc,1784798825307,1784798825308,202,1.000,warm
7728,exp-warm-10000-007719-4c48f414,1784798825307,1784798825308,202,1.000,warm
7729,exp-warm-10000-007727-b906dec7,1784798825307,1784798825308,202,1.000,warm
7730,exp-warm-10000-007724-8d0e131b,1784798825307,1784798825308,202,1.000,warm
7731,exp-warm-10000-007722-dded3509,1784798825307,1784798825308,202,1.000,warm
7732,exp-warm-10000-007723-c85b6c66,1784798825307,1784798825308,202,1.000,warm
7733,exp-warm-10000-007728-4b2872f7,1784798825307,1784798825308,202,1.000,warm
7734,exp-warm-10000-007730-3dd208da,1784798825307,1784798825308,202,1.000,warm
7735,exp-warm-10000-007741-8a1f5eb4,1784798825307,1784798825309,202,2.000,warm
7736,exp-warm-10000-007743-375fdd32,1784798825307,1784798825309,202,2.000,warm
7737,exp-warm-10000-007744-7b89a8af,1784798825307,1784798825309,202,2.000,warm
7738,exp-warm-10000-008052-cdab4a6b,1784798825307,1784798825330,202,23.000,warm
7739,exp-warm-10000-007735-bb8405dd,1784798825308,1784798825309,202,1.000,warm
7740,exp-warm-10000-007736-f090934a,1784798825308,1784798825309,202,1.000,warm
7741,exp-warm-10000-007734-f598b940,1784798825308,1784798825309,202,1.000,warm
7742,exp-warm-10000-007733-1b41d293,1784798825308,1784798825309,202,1.000,warm
7743,exp-warm-10000-007739-a4d73caf,1784798825308,1784798825309,202,1.000,warm
7744,exp-warm-10000-007738-e6bfc2ed,1784798825308,1784798825309,202,1.000,warm
7745,exp-warm-10000-007737-c874aa29,1784798825308,1784798825309,202,1.000,warm
7746,exp-warm-10000-007740-a514f7f1,1784798825308,1784798825309,202,1.000,warm
7747,exp-warm-10000-007742-d1b0690d,1784798825308,1784798825309,202,1.000,warm
7748,exp-warm-10000-007745-4611bb26,1784798825308,1784798825309,202,1.000,warm
7749,exp-warm-10000-007732-431f5af9,1784798825308,1784798825309,202,1.000,warm
7750,exp-warm-10000-007757-9787f33a,1784798825308,1784798825311,202,3.000,warm
7751,exp-warm-10000-007759-b540febd,1784798825308,1784798825311,202,3.000,warm
7752,exp-warm-10000-007749-5b84eb71,1784798825309,1784798825310,202,1.000,warm
7753,exp-warm-10000-007747-d9f3b48b,1784798825309,1784798825310,202,1.000,warm
7754,exp-warm-10000-007751-0d34fa6e,1784798825309,1784798825310,202,1.000,warm
7755,exp-warm-10000-007750-c0a795d6,1784798825309,1784798825310,202,1.000,warm
7756,exp-warm-10000-007752-5ec77db8,1784798825309,1784798825310,202,1.000,warm
7757,exp-warm-10000-007746-2ac55b2e,1784798825309,1784798825310,202,1.000,warm
7758,exp-warm-10000-007748-d41a7a29,1784798825309,1784798825310,202,1.000,warm
7759,exp-warm-10000-007755-3fb01a30,1784798825309,1784798825311,202,2.000,warm
7760,exp-warm-10000-007761-9b77d67a,1784798825309,1784798825311,202,2.000,warm
7761,exp-warm-10000-007763-2c261ce8,1784798825309,1784798825312,202,3.000,warm
7762,exp-warm-10000-007777-81672c2d,1784798825309,1784798825312,202,3.000,warm
7763,exp-warm-10000-008730-e410b1ea,1784798825309,1784798825369,202,60.000,warm
7764,exp-warm-10000-007754-239f8568,1784798825310,1784798825311,202,1.000,warm
7765,exp-warm-10000-007760-02d40120,1784798825310,1784798825311,202,1.000,warm
7766,exp-warm-10000-007762-a2a5048c,1784798825310,1784798825311,202,1.000,warm
7767,exp-warm-10000-007758-1038c20e,1784798825310,1784798825311,202,1.000,warm
7768,exp-warm-10000-007753-76c12d6b,1784798825310,1784798825311,202,1.000,warm
7769,exp-warm-10000-007792-b6432cf1,1784798825310,1784798825313,202,3.000,warm
7770,exp-warm-10000-008090-81851fab,1784798825310,1784798825332,202,22.000,warm
7771,exp-warm-10000-008967-e2236d48,1784798825310,1784798825382,202,72.000,warm
7772,exp-warm-10000-007756-752a4c4e,1784798825311,1784798825311,202,0.000,warm
7773,exp-warm-10000-007768-1d9d877d,1784798825311,1784798825312,202,1.000,warm
7774,exp-warm-10000-007774-a2e70d49,1784798825311,1784798825312,202,1.000,warm
7775,exp-warm-10000-007771-08148d66,1784798825311,1784798825312,202,1.000,warm
7776,exp-warm-10000-007772-e946dd8e,1784798825311,1784798825312,202,1.000,warm
7777,exp-warm-10000-007776-b3786dc7,1784798825311,1784798825312,202,1.000,warm
7778,exp-warm-10000-007769-6bf866be,1784798825311,1784798825312,202,1.000,warm
7779,exp-warm-10000-007773-e33883ba,1784798825311,1784798825312,202,1.000,warm
7780,exp-warm-10000-007770-4679762a,1784798825311,1784798825312,202,1.000,warm
7781,exp-warm-10000-007775-af4e258b,1784798825311,1784798825312,202,1.000,warm
7782,exp-warm-10000-007808-f4ff406f,1784798825311,1784798825314,202,3.000,warm
7783,exp-warm-10000-007810-b9815b3b,1784798825311,1784798825314,202,3.000,warm
7784,exp-warm-10000-007767-b6db1d09,1784798825312,1784798825312,202,0.000,warm
7785,exp-warm-10000-007765-fdd92448,1784798825312,1784798825312,202,0.000,warm
7786,exp-warm-10000-007764-52c0ef87,1784798825312,1784798825312,202,0.000,warm
7787,exp-warm-10000-007766-c813abfa,1784798825312,1784798825312,202,0.000,warm
7788,exp-warm-10000-007781-dc6a8122,1784798825312,1784798825313,202,1.000,warm
7789,exp-warm-10000-007787-a20f88bd,1784798825312,1784798825313,202,1.000,warm
7790,exp-warm-10000-007782-8f956307,1784798825312,1784798825313,202,1.000,warm
7791,exp-warm-10000-007786-ca7a23c3,1784798825312,1784798825313,202,1.000,warm
7792,exp-warm-10000-007785-c9539fbf,1784798825312,1784798825313,202,1.000,warm
7793,exp-warm-10000-007790-27fb11fd,1784798825312,1784798825313,202,1.000,warm
7794,exp-warm-10000-007783-adbad273,1784798825312,1784798825313,202,1.000,warm
7795,exp-warm-10000-007791-69381c0c,1784798825312,1784798825313,202,1.000,warm
7796,exp-warm-10000-007788-cb0de129,1784798825312,1784798825313,202,1.000,warm
7797,exp-warm-10000-007794-9e087dd7,1784798825312,1784798825313,202,1.000,warm
7798,exp-warm-10000-007793-38182676,1784798825312,1784798825313,202,1.000,warm
7799,exp-warm-10000-007789-89eaf484,1784798825312,1784798825313,202,1.000,warm
7800,exp-warm-10000-007802-32e28d7e,1784798825312,1784798825314,202,2.000,warm
7801,exp-warm-10000-007780-efa465de,1784798825313,1784798825313,202,0.000,warm
7802,exp-warm-10000-007778-f7bb27d1,1784798825313,1784798825313,202,0.000,warm
7803,exp-warm-10000-007784-8c1fa89a,1784798825313,1784798825313,202,0.000,warm
7804,exp-warm-10000-007779-9e57a378,1784798825313,1784798825313,202,0.000,warm
7805,exp-warm-10000-007801-1c5b27ea,1784798825313,1784798825314,202,1.000,warm
7806,exp-warm-10000-007798-3ad489a5,1784798825313,1784798825314,202,1.000,warm
7807,exp-warm-10000-007800-1d205b4a,1784798825313,1784798825314,202,1.000,warm
7808,exp-warm-10000-007806-d0a0b7a4,1784798825313,1784798825314,202,1.000,warm
7809,exp-warm-10000-007803-5489e8b6,1784798825313,1784798825314,202,1.000,warm
7810,exp-warm-10000-007799-e6b7db23,1784798825313,1784798825314,202,1.000,warm
7811,exp-warm-10000-007809-473d966c,1784798825313,1784798825314,202,1.000,warm
7812,exp-warm-10000-007804-13d36ea0,1784798825313,1784798825314,202,1.000,warm
7813,exp-warm-10000-007807-1efbef14,1784798825313,1784798825314,202,1.000,warm
7814,exp-warm-10000-007805-9e0f96a9,1784798825313,1784798825314,202,1.000,warm
7815,exp-warm-10000-007815-2f1fded6,1784798825313,1784798825315,202,2.000,warm
7816,exp-warm-10000-007819-da05764f,1784798825313,1784798825315,202,2.000,warm
7817,exp-warm-10000-008105-e91c84f6,1784798825313,1784798825333,202,20.000,warm
7818,exp-warm-10000-008364-3abe854b,1784798825313,1784798825349,202,36.000,warm
7819,exp-warm-10000-008758-958c3f34,1784798825313,1784798825371,202,58.000,warm
7820,exp-warm-10000-007797-898c6558,1784798825314,1784798825314,202,0.000,warm
7821,exp-warm-10000-007795-a585ccbd,1784798825314,1784798825314,202,0.000,warm
7822,exp-warm-10000-007796-dcb814a8,1784798825314,1784798825314,202,0.000,warm
7823,exp-warm-10000-007816-e43d72a2,1784798825314,1784798825315,202,1.000,warm
7824,exp-warm-10000-007812-1a32f10d,1784798825314,1784798825315,202,1.000,warm
7825,exp-warm-10000-007818-11651040,1784798825314,1784798825315,202,1.000,warm
7826,exp-warm-10000-007823-13f9d6ca,1784798825314,1784798825315,202,1.000,warm
7827,exp-warm-10000-007822-fe0b580e,1784798825314,1784798825315,202,1.000,warm
7828,exp-warm-10000-007821-a20a0df8,1784798825314,1784798825315,202,1.000,warm
7829,exp-warm-10000-007820-e3804c7f,1784798825314,1784798825315,202,1.000,warm
7830,exp-warm-10000-007814-04b346ca,1784798825315,1784798825315,202,0.000,warm
7831,exp-warm-10000-007813-9120d727,1784798825315,1784798825315,202,0.000,warm
7832,exp-warm-10000-007811-c85bcf09,1784798825315,1784798825315,202,0.000,warm
7833,exp-warm-10000-007817-7f370e81,1784798825315,1784798825315,202,0.000,warm
7834,exp-warm-10000-007834-c3c59766,1784798825315,1784798825316,202,1.000,warm
7835,exp-warm-10000-007829-eef8a27e,1784798825315,1784798825316,202,1.000,warm
7836,exp-warm-10000-007830-43bcb61e,1784798825315,1784798825316,202,1.000,warm
7837,exp-warm-10000-007832-004d4048,1784798825315,1784798825316,202,1.000,warm
7838,exp-warm-10000-007833-0f29da42,1784798825315,1784798825316,202,1.000,warm
7839,exp-warm-10000-007836-cc38c260,1784798825315,1784798825316,202,1.000,warm
7840,exp-warm-10000-007837-491c6acb,1784798825315,1784798825316,202,1.000,warm
7841,exp-warm-10000-007838-9766bb92,1784798825315,1784798825316,202,1.000,warm
7842,exp-warm-10000-007835-43707c0c,1784798825315,1784798825316,202,1.000,warm
7843,exp-warm-10000-007840-08f5a7e6,1784798825315,1784798825316,202,1.000,warm
7844,exp-warm-10000-007839-6d5f73f8,1784798825315,1784798825316,202,1.000,warm
7845,exp-warm-10000-008071-32ba4a80,1784798825315,1784798825331,202,16.000,warm
7846,exp-warm-10000-008251-5790e13c,1784798825315,1784798825342,202,27.000,warm
7847,exp-warm-10000-008698-cf4e4aa7,1784798825315,1784798825367,202,52.000,warm
7848,exp-warm-10000-007824-231d57d7,1784798825316,1784798825316,202,0.000,warm
7849,exp-warm-10000-007825-7de8e63e,1784798825316,1784798825316,202,0.000,warm
7850,exp-warm-10000-007826-88b6c308,1784798825316,1784798825316,202,0.000,warm
7851,exp-warm-10000-007828-150033e8,1784798825316,1784798825316,202,0.000,warm
7852,exp-warm-10000-007831-67792958,1784798825316,1784798825316,202,0.000,warm
7853,exp-warm-10000-007827-1760ec3e,1784798825316,1784798825316,202,0.000,warm
7854,exp-warm-10000-007846-0f2b6f51,1784798825316,1784798825317,202,1.000,warm
7855,exp-warm-10000-007849-4fe34218,1784798825316,1784798825317,202,1.000,warm
7856,exp-warm-10000-007850-0923bd21,1784798825316,1784798825317,202,1.000,warm
7857,exp-warm-10000-007847-072f5bdd,1784798825316,1784798825317,202,1.000,warm
7858,exp-warm-10000-007848-9224bebb,1784798825316,1784798825317,202,1.000,warm
7859,exp-warm-10000-007851-f32a4efb,1784798825316,1784798825317,202,1.000,warm
7860,exp-warm-10000-007853-4720cd34,1784798825316,1784798825317,202,1.000,warm
7861,exp-warm-10000-007852-6dad87b9,1784798825316,1784798825317,202,1.000,warm
7862,exp-warm-10000-008100-c9544cf2,1784798825316,1784798825333,202,17.000,warm
7863,exp-warm-10000-008154-8c71fc81,1784798825316,1784798825336,202,20.000,warm
7864,exp-warm-10000-008547-793aaf2b,1784798825316,1784798825360,202,44.000,warm
7865,exp-warm-10000-007844-3fb9d4a7,1784798825317,1784798825317,202,0.000,warm
7866,exp-warm-10000-007842-dbbafbe1,1784798825317,1784798825317,202,0.000,warm
7867,exp-warm-10000-007843-3988f321,1784798825317,1784798825317,202,0.000,warm
7868,exp-warm-10000-007841-a9772dd6,1784798825317,1784798825317,202,0.000,warm
7869,exp-warm-10000-007845-ebaccce4,1784798825317,1784798825317,202,0.000,warm
7870,exp-warm-10000-007858-3ed14c62,1784798825317,1784798825318,202,1.000,warm
7871,exp-warm-10000-007860-77eff5a7,1784798825317,1784798825318,202,1.000,warm
7872,exp-warm-10000-007857-3900b9d1,1784798825317,1784798825318,202,1.000,warm
7873,exp-warm-10000-007863-32927722,1784798825317,1784798825318,202,1.000,warm
7874,exp-warm-10000-007862-541f2cd1,1784798825317,1784798825318,202,1.000,warm
7875,exp-warm-10000-007864-fa642f77,1784798825317,1784798825318,202,1.000,warm
7876,exp-warm-10000-007861-c716cd7f,1784798825317,1784798825318,202,1.000,warm
7877,exp-warm-10000-007884-702eda7c,1784798825317,1784798825319,202,2.000,warm
7878,exp-warm-10000-008043-5b23c1f2,1784798825317,1784798825329,202,12.000,warm
7879,exp-warm-10000-008045-d57c7c29,1784798825317,1784798825329,202,12.000,warm
7880,exp-warm-10000-008060-9098598e,1784798825317,1784798825330,202,13.000,warm
7881,exp-warm-10000-008083-797ba470,1784798825317,1784798825331,202,14.000,warm
7882,exp-warm-10000-008080-61e244ab,1784798825317,1784798825331,202,14.000,warm
7883,exp-warm-10000-008117-3787a138,1784798825317,1784798825333,202,16.000,warm
7884,exp-warm-10000-008961-c48d2930,1784798825317,1784798825381,202,64.000,warm
7885,exp-warm-10000-007854-c85d192b,1784798825318,1784798825318,202,0.000,warm
7886,exp-warm-10000-007855-fa4ea76b,1784798825318,1784798825318,202,0.000,warm
7887,exp-warm-10000-007856-93934093,1784798825318,1784798825318,202,0.000,warm
7888,exp-warm-10000-007859-fa1dd0fc,1784798825318,1784798825318,202,0.000,warm
7889,exp-warm-10000-007874-4d9544d9,1784798825318,1784798825319,202,1.000,warm
7890,exp-warm-10000-007876-48463b58,1784798825318,1784798825319,202,1.000,warm
7891,exp-warm-10000-007875-f419bab2,1784798825318,1784798825319,202,1.000,warm
7892,exp-warm-10000-007878-999dbd7c,1784798825318,1784798825319,202,1.000,warm
7893,exp-warm-10000-007877-2df98856,1784798825318,1784798825319,202,1.000,warm
7894,exp-warm-10000-007869-db323d77,1784798825318,1784798825319,202,1.000,warm
7895,exp-warm-10000-007879-d092fe9d,1784798825318,1784798825319,202,1.000,warm
7896,exp-warm-10000-007882-f1500b07,1784798825318,1784798825319,202,1.000,warm
7897,exp-warm-10000-007881-b0b6680d,1784798825318,1784798825319,202,1.000,warm
7898,exp-warm-10000-007883-13e2136b,1784798825318,1784798825319,202,1.000,warm
7899,exp-warm-10000-007880-47767377,1784798825318,1784798825319,202,1.000,warm
7900,exp-warm-10000-007873-df438f2d,1784798825318,1784798825319,202,1.000,warm
7901,exp-warm-10000-007902-8a6dc022,1784798825318,1784798825320,202,2.000,warm
7902,exp-warm-10000-007901-c6bf0342,1784798825318,1784798825320,202,2.000,warm
7903,exp-warm-10000-007933-210027ab,1784798825318,1784798825322,202,4.000,warm
7904,exp-warm-10000-007923-4d7b2baf,1784798825318,1784798825322,202,4.000,warm
7905,exp-warm-10000-007931-b0207059,1784798825318,1784798825322,202,4.000,warm
7906,exp-warm-10000-007935-f5991c37,1784798825318,1784798825322,202,4.000,warm
7907,exp-warm-10000-007937-ac80f785,1784798825318,1784798825322,202,4.000,warm
7908,exp-warm-10000-007927-c719b20b,1784798825318,1784798825322,202,4.000,warm
7909,exp-warm-10000-007934-58e319ae,1784798825318,1784798825322,202,4.000,warm
7910,exp-warm-10000-007938-f85765b6,1784798825318,1784798825322,202,4.000,warm
7911,exp-warm-10000-007946-87f2fdc1,1784798825318,1784798825323,202,5.000,warm
7912,exp-warm-10000-007953-64d7c747,1784798825318,1784798825323,202,5.000,warm
7913,exp-warm-10000-008002-14710105,1784798825318,1784798825327,202,9.000,warm
7914,exp-warm-10000-008010-01c484e3,1784798825318,1784798825327,202,9.000,warm
7915,exp-warm-10000-008001-8e01c2d3,1784798825318,1784798825327,202,9.000,warm
7916,exp-warm-10000-008047-86c308c1,1784798825318,1784798825330,202,12.000,warm
7917,exp-warm-10000-008064-4e55bf3d,1784798825318,1784798825330,202,12.000,warm
7918,exp-warm-10000-008053-681fa00a,1784798825318,1784798825330,202,12.000,warm
7919,exp-warm-10000-008088-90eb054a,1784798825318,1784798825332,202,14.000,warm
7920,exp-warm-10000-008111-473406e9,1784798825318,1784798825333,202,15.000,warm
7921,exp-warm-10000-008113-57296ff2,1784798825318,1784798825333,202,15.000,warm
7922,exp-warm-10000-008775-1da12303,1784798825318,1784798825372,202,54.000,warm
7923,exp-warm-10000-008783-e29a551a,1784798825318,1784798825372,202,54.000,warm
7924,exp-warm-10000-008949-67c595a5,1784798825318,1784798825381,202,63.000,warm
7925,exp-warm-10000-007866-84ca4a02,1784798825319,1784798825319,202,0.000,warm
7926,exp-warm-10000-007867-d9685d3d,1784798825319,1784798825319,202,0.000,warm
7927,exp-warm-10000-007868-c4917b77,1784798825319,1784798825319,202,0.000,warm
7928,exp-warm-10000-007865-bb4ac8f0,1784798825319,1784798825319,202,0.000,warm
7929,exp-warm-10000-007871-c20ffb8d,1784798825319,1784798825319,202,0.000,warm
7930,exp-warm-10000-007870-1a8b6abd,1784798825319,1784798825319,202,0.000,warm
7931,exp-warm-10000-007872-cc7023f4,1784798825319,1784798825319,202,0.000,warm
7932,exp-warm-10000-007888-aeab1685,1784798825319,1784798825320,202,1.000,warm
7933,exp-warm-10000-007890-17c4ca7d,1784798825319,1784798825320,202,1.000,warm
7934,exp-warm-10000-007887-76d1b7f1,1784798825319,1784798825320,202,1.000,warm
7935,exp-warm-10000-007891-5b5d961e,1784798825319,1784798825320,202,1.000,warm
7936,exp-warm-10000-007889-c62f922b,1784798825319,1784798825320,202,1.000,warm
7937,exp-warm-10000-007893-400b3bbb,1784798825319,1784798825320,202,1.000,warm
7938,exp-warm-10000-007894-ff99c127,1784798825319,1784798825320,202,1.000,warm
7939,exp-warm-10000-007892-28294153,1784798825319,1784798825320,202,1.000,warm
7940,exp-warm-10000-007896-e30cc619,1784798825319,1784798825320,202,1.000,warm
7941,exp-warm-10000-007900-6272b459,1784798825319,1784798825320,202,1.000,warm
7942,exp-warm-10000-007895-e72a930c,1784798825319,1784798825320,202,1.000,warm
7943,exp-warm-10000-007897-d409076b,1784798825319,1784798825320,202,1.000,warm
7944,exp-warm-10000-007898-4299df2e,1784798825319,1784798825320,202,1.000,warm
7945,exp-warm-10000-007899-2b18755d,1784798825319,1784798825320,202,1.000,warm
7946,exp-warm-10000-007918-54dae9ea,1784798825319,1784798825321,202,2.000,warm
7947,exp-warm-10000-007949-5977619a,1784798825319,1784798825323,202,4.000,warm
7948,exp-warm-10000-007940-6f78c725,1784798825319,1784798825323,202,4.000,warm
7949,exp-warm-10000-007998-9722d6d7,1784798825319,1784798825326,202,7.000,warm
7950,exp-warm-10000-007999-92c7aa1a,1784798825319,1784798825326,202,7.000,warm
7951,exp-warm-10000-007988-ba64e028,1784798825319,1784798825326,202,7.000,warm
7952,exp-warm-10000-007994-329503c3,1784798825319,1784798825326,202,7.000,warm
7953,exp-warm-10000-007993-e95032d9,1784798825319,1784798825326,202,7.000,warm
7954,exp-warm-10000-007995-0692f1a5,1784798825319,1784798825326,202,7.000,warm
7955,exp-warm-10000-008018-2e3530a6,1784798825319,1784798825327,202,8.000,warm
7956,exp-warm-10000-008016-629c7329,1784798825319,1784798825327,202,8.000,warm
7957,exp-warm-10000-008008-b7e92ea6,1784798825319,1784798825327,202,8.000,warm
7958,exp-warm-10000-008019-c694d94b,1784798825319,1784798825327,202,8.000,warm
7959,exp-warm-10000-008004-d7bad95e,1784798825319,1784798825327,202,8.000,warm
7960,exp-warm-10000-008037-becccbfc,1784798825319,1784798825329,202,10.000,warm
7961,exp-warm-10000-008038-4267ea9c,1784798825319,1784798825329,202,10.000,warm
7962,exp-warm-10000-008044-2fc3ad59,1784798825319,1784798825329,202,10.000,warm
7963,exp-warm-10000-008046-0b2d9d2a,1784798825319,1784798825329,202,10.000,warm
7964,exp-warm-10000-008039-fa9b708c,1784798825319,1784798825329,202,10.000,warm
7965,exp-warm-10000-008069-cbebbf4d,1784798825319,1784798825331,202,12.000,warm
7966,exp-warm-10000-008103-350298c9,1784798825319,1784798825333,202,14.000,warm
7967,exp-warm-10000-008108-44192375,1784798825319,1784798825333,202,14.000,warm
7968,exp-warm-10000-008116-22e493a0,1784798825319,1784798825333,202,14.000,warm
7969,exp-warm-10000-008136-5b5b0c0e,1784798825319,1784798825334,202,15.000,warm
7970,exp-warm-10000-008122-c75986d5,1784798825319,1784798825334,202,15.000,warm
7971,exp-warm-10000-008814-9e0bc98b,1784798825319,1784798825373,202,54.000,warm
7972,exp-warm-10000-008945-de4817eb,1784798825319,1784798825380,202,61.000,warm
7973,exp-warm-10000-009088-6c57c28a,1784798825319,1784798825387,202,68.000,warm
7974,exp-warm-10000-007886-b71ae3b9,1784798825320,1784798825320,202,0.000,warm
7975,exp-warm-10000-007885-cc6b8b5e,1784798825320,1784798825320,202,0.000,warm
7976,exp-warm-10000-007906-796c7800,1784798825320,1784798825321,202,1.000,warm
7977,exp-warm-10000-007905-0c37617d,1784798825320,1784798825321,202,1.000,warm
7978,exp-warm-10000-007904-594514e9,1784798825320,1784798825321,202,1.000,warm
7979,exp-warm-10000-007907-3ba5fc23,1784798825320,1784798825321,202,1.000,warm
7980,exp-warm-10000-007908-9a507467,1784798825320,1784798825321,202,1.000,warm
7981,exp-warm-10000-007909-bb6cce68,1784798825320,1784798825321,202,1.000,warm
7982,exp-warm-10000-007910-842d22d2,1784798825320,1784798825321,202,1.000,warm
7983,exp-warm-10000-007916-2d2f7ce6,1784798825320,1784798825321,202,1.000,warm
7984,exp-warm-10000-007913-5f80819b,1784798825320,1784798825321,202,1.000,warm
7985,exp-warm-10000-007912-7a0c04ea,1784798825320,1784798825321,202,1.000,warm
7986,exp-warm-10000-007914-7ecafc03,1784798825320,1784798825321,202,1.000,warm
7987,exp-warm-10000-007915-798627fa,1784798825320,1784798825321,202,1.000,warm
7988,exp-warm-10000-007911-56c20fc6,1784798825320,1784798825321,202,1.000,warm
7989,exp-warm-10000-007936-e99cfe31,1784798825320,1784798825322,202,2.000,warm
7990,exp-warm-10000-007932-d89bf770,1784798825320,1784798825322,202,2.000,warm
7991,exp-warm-10000-007945-64100492,1784798825320,1784798825323,202,3.000,warm
7992,exp-warm-10000-007941-f73356a4,1784798825320,1784798825323,202,3.000,warm
7993,exp-warm-10000-007942-023d7e09,1784798825320,1784798825323,202,3.000,warm
7994,exp-warm-10000-007954-843a0710,1784798825320,1784798825323,202,3.000,warm
7995,exp-warm-10000-007950-7aaf0e81,1784798825320,1784798825323,202,3.000,warm
7996,exp-warm-10000-007951-841858e6,1784798825320,1784798825323,202,3.000,warm
7997,exp-warm-10000-007968-15de3d6f,1784798825320,1784798825324,202,4.000,warm
7998,exp-warm-10000-007973-70f93350,1784798825320,1784798825325,202,5.000,warm
7999,exp-warm-10000-007969-c1bb9115,1784798825320,1784798825325,202,5.000,warm
8000,exp-warm-10000-007975-c77fa55b,1784798825320,1784798825325,202,5.000,warm
8001,exp-warm-10000-007974-6294c3e8,1784798825320,1784798825325,202,5.000,warm
8002,exp-warm-10000-007980-f7c49491,1784798825320,1784798825325,202,5.000,warm
8003,exp-warm-10000-007978-460a3f12,1784798825320,1784798825325,202,5.000,warm
8004,exp-warm-10000-007985-0b6e86f7,1784798825320,1784798825326,202,6.000,warm
8005,exp-warm-10000-007983-16965246,1784798825320,1784798825326,202,6.000,warm
8006,exp-warm-10000-007990-0502466b,1784798825320,1784798825326,202,6.000,warm
8007,exp-warm-10000-007991-e0586785,1784798825320,1784798825326,202,6.000,warm
8008,exp-warm-10000-007989-199fecfb,1784798825320,1784798825326,202,6.000,warm
8009,exp-warm-10000-007996-f9a447d7,1784798825320,1784798825326,202,6.000,warm
8010,exp-warm-10000-007992-c59a0832,1784798825320,1784798825326,202,6.000,warm
8011,exp-warm-10000-008015-23149b30,1784798825320,1784798825327,202,7.000,warm
8012,exp-warm-10000-008014-af89bfcb,1784798825320,1784798825327,202,7.000,warm
8013,exp-warm-10000-008005-257b478d,1784798825320,1784798825327,202,7.000,warm
8014,exp-warm-10000-008009-6534c2c4,1784798825320,1784798825327,202,7.000,warm
8015,exp-warm-10000-008012-91ec9371,1784798825320,1784798825327,202,7.000,warm
8016,exp-warm-10000-008030-62e46a83,1784798825320,1784798825328,202,8.000,warm
8017,exp-warm-10000-008025-f56f3ec3,1784798825320,1784798825328,202,8.000,warm
8018,exp-warm-10000-008031-ee611cac,1784798825320,1784798825328,202,8.000,warm
8019,exp-warm-10000-008065-3fc6f988,1784798825320,1784798825330,202,10.000,warm
8020,exp-warm-10000-008059-5dca6533,1784798825320,1784798825330,202,10.000,warm
8021,exp-warm-10000-008106-a4767e36,1784798825320,1784798825333,202,13.000,warm
8022,exp-warm-10000-008138-1717a8d9,1784798825320,1784798825335,202,15.000,warm
8023,exp-warm-10000-007903-84059fbd,1784798825321,1784798825321,202,0.000,warm
8024,exp-warm-10000-007921-b6cf8d89,1784798825321,1784798825322,202,1.000,warm
8025,exp-warm-10000-007917-3b6fd498,1784798825321,1784798825322,202,1.000,warm
8026,exp-warm-10000-007920-40276a78,1784798825321,1784798825322,202,1.000,warm
8027,exp-warm-10000-007919-1b16360e,1784798825321,1784798825322,202,1.000,warm
8028,exp-warm-10000-007926-96b4eeb4,1784798825321,1784798825322,202,1.000,warm
8029,exp-warm-10000-007922-0da0690d,1784798825321,1784798825322,202,1.000,warm
8030,exp-warm-10000-007928-01b32a37,1784798825321,1784798825322,202,1.000,warm
8031,exp-warm-10000-007930-d2e5d426,1784798825321,1784798825322,202,1.000,warm
8032,exp-warm-10000-007925-24f5bd87,1784798825321,1784798825322,202,1.000,warm
8033,exp-warm-10000-007929-97f5c1df,1784798825321,1784798825322,202,1.000,warm
8034,exp-warm-10000-007924-18acdf2f,1784798825321,1784798825322,202,1.000,warm
8035,exp-warm-10000-007948-bb6b9f3e,1784798825321,1784798825323,202,2.000,warm
8036,exp-warm-10000-007947-56c647b1,1784798825321,1784798825323,202,2.000,warm
8037,exp-warm-10000-007959-5e8fbf00,1784798825321,1784798825324,202,3.000,warm
8038,exp-warm-10000-007962-6e478ec2,1784798825321,1784798825324,202,3.000,warm
8039,exp-warm-10000-007960-1670f121,1784798825321,1784798825324,202,3.000,warm
8040,exp-warm-10000-007965-52241a22,1784798825321,1784798825324,202,3.000,warm
8041,exp-warm-10000-007963-15ded608,1784798825321,1784798825324,202,3.000,warm
8042,exp-warm-10000-007966-d89d071b,1784798825321,1784798825324,202,3.000,warm
8043,exp-warm-10000-007958-37b37a80,1784798825321,1784798825324,202,3.000,warm
8044,exp-warm-10000-008006-f673adc5,1784798825321,1784798825327,202,6.000,warm
8045,exp-warm-10000-008026-3e4b6fc6,1784798825321,1784798825328,202,7.000,warm
8046,exp-warm-10000-008027-0bd8ab97,1784798825321,1784798825328,202,7.000,warm
8047,exp-warm-10000-008023-47e4ace5,1784798825321,1784798825328,202,7.000,warm
8048,exp-warm-10000-008021-31009946,1784798825321,1784798825328,202,7.000,warm
8049,exp-warm-10000-008024-82bd34d2,1784798825321,1784798825328,202,7.000,warm
8050,exp-warm-10000-008035-031c78f0,1784798825321,1784798825329,202,8.000,warm
8051,exp-warm-10000-008048-47d7c171,1784798825321,1784798825330,202,9.000,warm
8052,exp-warm-10000-008051-95356e93,1784798825321,1784798825330,202,9.000,warm
8053,exp-warm-10000-008055-9f34cb7e,1784798825321,1784798825330,202,9.000,warm
8054,exp-warm-10000-008063-58d67619,1784798825321,1784798825330,202,9.000,warm
8055,exp-warm-10000-008058-579c4cfc,1784798825321,1784798825330,202,9.000,warm
8056,exp-warm-10000-008061-c0cbc7bc,1784798825321,1784798825330,202,9.000,warm
8057,exp-warm-10000-008050-6169a74c,1784798825321,1784798825330,202,9.000,warm
8058,exp-warm-10000-008054-381cc303,1784798825321,1784798825330,202,9.000,warm
8059,exp-warm-10000-008075-b08828e9,1784798825321,1784798825331,202,10.000,warm
8060,exp-warm-10000-008076-e6419bf8,1784798825321,1784798825331,202,10.000,warm
8061,exp-warm-10000-008085-a795af1a,1784798825321,1784798825331,202,10.000,warm
8062,exp-warm-10000-008081-7edda91b,1784798825321,1784798825331,202,10.000,warm
8063,exp-warm-10000-008093-011f2ae6,1784798825321,1784798825332,202,11.000,warm
8064,exp-warm-10000-008131-8bb5dc65,1784798825321,1784798825334,202,13.000,warm
8065,exp-warm-10000-008517-2decb415,1784798825321,1784798825358,202,37.000,warm
8066,exp-warm-10000-007939-67c55014,1784798825322,1784798825323,202,1.000,warm
8067,exp-warm-10000-007944-633a68db,1784798825322,1784798825323,202,1.000,warm
8068,exp-warm-10000-007943-62ac37d8,1784798825322,1784798825323,202,1.000,warm
8069,exp-warm-10000-007952-d7986ad7,1784798825322,1784798825323,202,1.000,warm
8070,exp-warm-10000-008032-c863f557,1784798825322,1784798825328,202,6.000,warm
8071,exp-warm-10000-008033-f8a80a8e,1784798825322,1784798825329,202,7.000,warm
8072,exp-warm-10000-008070-883ca0ef,1784798825322,1784798825331,202,9.000,warm
8073,exp-warm-10000-008073-7c2123d7,1784798825322,1784798825331,202,9.000,warm
8074,exp-warm-10000-008072-9d587864,1784798825322,1784798825331,202,9.000,warm
8075,exp-warm-10000-008095-9df2ba5a,1784798825322,1784798825332,202,10.000,warm
8076,exp-warm-10000-008087-fabb5ad1,1784798825322,1784798825332,202,10.000,warm
8077,exp-warm-10000-008084-92ed61e9,1784798825322,1784798825332,202,10.000,warm
8078,exp-warm-10000-008098-22246a2e,1784798825322,1784798825332,202,10.000,warm
8079,exp-warm-10000-008096-de6bca40,1784798825322,1784798825332,202,10.000,warm
8080,exp-warm-10000-008148-249b5cff,1784798825322,1784798825335,202,13.000,warm
8081,exp-warm-10000-008213-c9eeac28,1784798825322,1784798825339,202,17.000,warm
8082,exp-warm-10000-008500-2007fd40,1784798825322,1784798825357,202,35.000,warm
8083,exp-warm-10000-008636-a0c2c848,1784798825322,1784798825364,202,42.000,warm
8084,exp-warm-10000-007957-326f3c53,1784798825323,1784798825324,202,1.000,warm
8085,exp-warm-10000-007956-346dd93c,1784798825323,1784798825324,202,1.000,warm
8086,exp-warm-10000-007955-fdfe7b04,1784798825323,1784798825324,202,1.000,warm
8087,exp-warm-10000-007961-f115ac2f,1784798825323,1784798825324,202,1.000,warm
8088,exp-warm-10000-007964-82895d67,1784798825323,1784798825324,202,1.000,warm
8089,exp-warm-10000-007967-327e47d2,1784798825323,1784798825324,202,1.000,warm
8090,exp-warm-10000-007971-c9569af6,1784798825323,1784798825325,202,2.000,warm
8091,exp-warm-10000-007972-0ea7edba,1784798825323,1784798825325,202,2.000,warm
8092,exp-warm-10000-007981-476b6921,1784798825323,1784798825325,202,2.000,warm
8093,exp-warm-10000-008067-8fb85285,1784798825323,1784798825331,202,8.000,warm
8094,exp-warm-10000-008094-ff7f9874,1784798825323,1784798825332,202,9.000,warm
8095,exp-warm-10000-008109-175a519d,1784798825323,1784798825333,202,10.000,warm
8096,exp-warm-10000-008115-c79cd881,1784798825323,1784798825333,202,10.000,warm
8097,exp-warm-10000-008114-2f0df132,1784798825323,1784798825333,202,10.000,warm
8098,exp-warm-10000-008107-be4b3069,1784798825323,1784798825333,202,10.000,warm
8099,exp-warm-10000-008130-9e993e79,1784798825323,1784798825334,202,11.000,warm
8100,exp-warm-10000-008135-10c0bcdd,1784798825323,1784798825334,202,11.000,warm
8101,exp-warm-10000-008622-fee86e51,1784798825323,1784798825364,202,41.000,warm
8102,exp-warm-10000-008920-7ed91903,1784798825323,1784798825379,202,56.000,warm
8103,exp-warm-10000-007976-813c47f2,1784798825324,1784798825325,202,1.000,warm
8104,exp-warm-10000-007970-c3654920,1784798825324,1784798825325,202,1.000,warm
8105,exp-warm-10000-007977-2db017f3,1784798825324,1784798825325,202,1.000,warm
8106,exp-warm-10000-007979-fd422f09,1784798825324,1784798825325,202,1.000,warm
8107,exp-warm-10000-007982-ce8cf0b3,1784798825324,1784798825325,202,1.000,warm
8108,exp-warm-10000-008066-4cf36ddf,1784798825324,1784798825330,202,6.000,warm
8109,exp-warm-10000-008101-25216343,1784798825324,1784798825333,202,9.000,warm
8110,exp-warm-10000-008102-94f08eb4,1784798825324,1784798825333,202,9.000,warm
8111,exp-warm-10000-008110-d9f06508,1784798825324,1784798825333,202,9.000,warm
8112,exp-warm-10000-008112-e806f9cd,1784798825324,1784798825333,202,9.000,warm
8113,exp-warm-10000-008124-59609582,1784798825324,1784798825334,202,10.000,warm
8114,exp-warm-10000-008127-aa0193a1,1784798825324,1784798825334,202,10.000,warm
8115,exp-warm-10000-008134-2ea49396,1784798825324,1784798825334,202,10.000,warm
8116,exp-warm-10000-008150-d4dcb043,1784798825324,1784798825335,202,11.000,warm
8117,exp-warm-10000-008233-70bac56c,1784798825324,1784798825340,202,16.000,warm
8118,exp-warm-10000-008631-551d25bf,1784798825324,1784798825364,202,40.000,warm
8119,exp-warm-10000-007986-e7edafa8,1784798825325,1784798825326,202,1.000,warm
8120,exp-warm-10000-007987-4762fadb,1784798825325,1784798825326,202,1.000,warm
8121,exp-warm-10000-007984-a627fd25,1784798825325,1784798825326,202,1.000,warm
8122,exp-warm-10000-007997-ba996ca0,1784798825325,1784798825326,202,1.000,warm
8123,exp-warm-10000-008000-98540fb7,1784798825325,1784798825326,202,1.000,warm
8124,exp-warm-10000-008017-5269e59a,1784798825325,1784798825327,202,2.000,warm
8125,exp-warm-10000-008013-1fc7305e,1784798825325,1784798825327,202,2.000,warm
8126,exp-warm-10000-008007-3802c602,1784798825325,1784798825327,202,2.000,warm
8127,exp-warm-10000-008123-e8866556,1784798825325,1784798825334,202,9.000,warm
8128,exp-warm-10000-008129-9a1f3c8f,1784798825325,1784798825334,202,9.000,warm
8129,exp-warm-10000-008120-285629e2,1784798825325,1784798825334,202,9.000,warm
8130,exp-warm-10000-008119-e8ffff7e,1784798825325,1784798825334,202,9.000,warm
8131,exp-warm-10000-008128-d9e90655,1784798825325,1784798825334,202,9.000,warm
8132,exp-warm-10000-008125-aa01ed67,1784798825325,1784798825334,202,9.000,warm
8133,exp-warm-10000-008121-d0a6f5d6,1784798825325,1784798825334,202,9.000,warm
8134,exp-warm-10000-008144-59adc360,1784798825325,1784798825335,202,10.000,warm
8135,exp-warm-10000-008143-6f747aad,1784798825325,1784798825335,202,10.000,warm
8136,exp-warm-10000-008133-baf871f9,1784798825325,1784798825335,202,10.000,warm
8137,exp-warm-10000-008182-7e77903d,1784798825325,1784798825337,202,12.000,warm
8138,exp-warm-10000-008173-8ed80060,1784798825325,1784798825337,202,12.000,warm
8139,exp-warm-10000-008691-210ef1c3,1784798825325,1784798825367,202,42.000,warm
8140,exp-warm-10000-008003-8dbbaaf4,1784798825326,1784798825327,202,1.000,warm
8141,exp-warm-10000-008011-427826ff,1784798825326,1784798825327,202,1.000,warm
8142,exp-warm-10000-008062-341ee71d,1784798825326,1784798825330,202,4.000,warm
8143,exp-warm-10000-008068-ff0e901b,1784798825326,1784798825331,202,5.000,warm
8144,exp-warm-10000-008132-2756a336,1784798825326,1784798825335,202,9.000,warm
8145,exp-warm-10000-008146-46c38ba2,1784798825326,1784798825335,202,9.000,warm
8146,exp-warm-10000-008147-735d6f39,1784798825326,1784798825335,202,9.000,warm
8147,exp-warm-10000-008162-e951b6e0,1784798825326,1784798825336,202,10.000,warm
8148,exp-warm-10000-008434-57938507,1784798825326,1784798825353,202,27.000,warm
8149,exp-warm-10000-008770-3da838e4,1784798825326,1784798825372,202,46.000,warm
8150,exp-warm-10000-008020-805a47d1,1784798825327,1784798825328,202,1.000,warm
8151,exp-warm-10000-008022-2e46486e,1784798825327,1784798825328,202,1.000,warm
8152,exp-warm-10000-008029-5ff66136,1784798825327,1784798825328,202,1.000,warm
8153,exp-warm-10000-008028-3c2dd4f0,1784798825327,1784798825328,202,1.000,warm
8154,exp-warm-10000-008041-417dcc82,1784798825327,1784798825329,202,2.000,warm
8155,exp-warm-10000-008137-f65c3506,1784798825327,1784798825335,202,8.000,warm
8156,exp-warm-10000-008140-79389b02,1784798825327,1784798825335,202,8.000,warm
8157,exp-warm-10000-008141-3a433290,1784798825327,1784798825335,202,8.000,warm
8158,exp-warm-10000-008139-83b02093,1784798825327,1784798825335,202,8.000,warm
8159,exp-warm-10000-008142-c2284462,1784798825327,1784798825335,202,8.000,warm
8160,exp-warm-10000-008161-b3de5591,1784798825327,1784798825336,202,9.000,warm
8161,exp-warm-10000-008170-fe130c25,1784798825327,1784798825336,202,9.000,warm
8162,exp-warm-10000-008195-30ad993d,1784798825327,1784798825338,202,11.000,warm
8163,exp-warm-10000-008193-4360dacd,1784798825327,1784798825338,202,11.000,warm
8164,exp-warm-10000-008183-975902dc,1784798825327,1784798825338,202,11.000,warm
8165,exp-warm-10000-008221-73936e9b,1784798825327,1784798825340,202,13.000,warm
8166,exp-warm-10000-008647-319e1a2a,1784798825327,1784798825365,202,38.000,warm
8167,exp-warm-10000-008702-83aef9cb,1784798825327,1784798825367,202,40.000,warm
8168,exp-warm-10000-008036-cb25042c,1784798825328,1784798825329,202,1.000,warm
8169,exp-warm-10000-008040-0033fbbe,1784798825328,1784798825329,202,1.000,warm
8170,exp-warm-10000-008042-0d276d24,1784798825328,1784798825329,202,1.000,warm
8171,exp-warm-10000-008078-8d083d50,1784798825328,1784798825331,202,3.000,warm
8172,exp-warm-10000-008074-8cd94578,1784798825328,1784798825331,202,3.000,warm
8173,exp-warm-10000-008097-94596fdd,1784798825328,1784798825332,202,4.000,warm
8174,exp-warm-10000-008153-28238436,1784798825328,1784798825336,202,8.000,warm
8175,exp-warm-10000-008155-ba8aa93a,1784798825328,1784798825336,202,8.000,warm
8176,exp-warm-10000-008159-ac5e8ce8,1784798825328,1784798825336,202,8.000,warm
8177,exp-warm-10000-008163-6b132994,1784798825328,1784798825336,202,8.000,warm
8178,exp-warm-10000-008160-1703a6d2,1784798825328,1784798825336,202,8.000,warm
8179,exp-warm-10000-008165-81c0c54d,1784798825328,1784798825336,202,8.000,warm
8180,exp-warm-10000-008157-fdfb0596,1784798825328,1784798825336,202,8.000,warm
8181,exp-warm-10000-008156-50f75053,1784798825328,1784798825336,202,8.000,warm
8182,exp-warm-10000-008158-f581b24a,1784798825328,1784798825336,202,8.000,warm
8183,exp-warm-10000-008167-170b0d05,1784798825328,1784798825336,202,8.000,warm
8184,exp-warm-10000-008169-825206b8,1784798825328,1784798825336,202,8.000,warm
8185,exp-warm-10000-008178-cd64d299,1784798825328,1784798825337,202,9.000,warm
8186,exp-warm-10000-008857-48804f7d,1784798825328,1784798825375,202,47.000,warm
8187,exp-warm-10000-008034-6821755a,1784798825329,1784798825329,202,0.000,warm
8188,exp-warm-10000-008049-01b744f1,1784798825329,1784798825330,202,1.000,warm
8189,exp-warm-10000-008057-9e7dff25,1784798825329,1784798825330,202,1.000,warm
8190,exp-warm-10000-008056-3a1bd7b4,1784798825329,1784798825330,202,1.000,warm
8191,exp-warm-10000-008149-9fd623ef,1784798825329,1784798825335,202,6.000,warm
8192,exp-warm-10000-008181-25624d53,1784798825329,1784798825337,202,8.000,warm
8193,exp-warm-10000-008187-5a12e6da,1784798825329,1784798825338,202,9.000,warm
8194,exp-warm-10000-008198-2e864278,1784798825329,1784798825338,202,9.000,warm
8195,exp-warm-10000-008212-94543598,1784798825329,1784798825339,202,10.000,warm
8196,exp-warm-10000-008615-d7cc543f,1784798825329,1784798825363,202,34.000,warm
8197,exp-warm-10000-008903-be8ca6d7,1784798825329,1784798825378,202,49.000,warm
8198,exp-warm-10000-008963-3db733a1,1784798825329,1784798825381,202,52.000,warm
8199,exp-warm-10000-009155-f2a42319,1784798825329,1784798825390,202,61.000,warm
8200,exp-warm-10000-008077-35a1b855,1784798825330,1784798825331,202,1.000,warm
8201,exp-warm-10000-008082-2e532e44,1784798825330,1784798825331,202,1.000,warm
8202,exp-warm-10000-008079-5b7c493e,1784798825330,1784798825331,202,1.000,warm
8203,exp-warm-10000-008092-9419459d,1784798825330,1784798825332,202,2.000,warm
8204,exp-warm-10000-008104-b1438095,1784798825330,1784798825333,202,3.000,warm
8205,exp-warm-10000-008176-f583425f,1784798825330,1784798825337,202,7.000,warm
8206,exp-warm-10000-008179-881259d5,1784798825330,1784798825337,202,7.000,warm
8207,exp-warm-10000-008180-5c12fb05,1784798825330,1784798825337,202,7.000,warm
8208,exp-warm-10000-008177-201d3307,1784798825330,1784798825337,202,7.000,warm
8209,exp-warm-10000-008200-ce14f4e6,1784798825330,1784798825338,202,8.000,warm
8210,exp-warm-10000-008188-51e0cb79,1784798825330,1784798825338,202,8.000,warm
8211,exp-warm-10000-008201-263fc9d6,1784798825330,1784798825339,202,9.000,warm
8212,exp-warm-10000-008210-30efea6a,1784798825330,1784798825339,202,9.000,warm
8213,exp-warm-10000-008211-d33d8726,1784798825330,1784798825339,202,9.000,warm
8214,exp-warm-10000-008229-1476806e,1784798825330,1784798825340,202,10.000,warm
8215,exp-warm-10000-008468-15561a63,1784798825330,1784798825356,202,26.000,warm
8216,exp-warm-10000-008086-1c7092ca,1784798825331,1784798825332,202,1.000,warm
8217,exp-warm-10000-008089-a8bfb6cd,1784798825331,1784798825332,202,1.000,warm
8218,exp-warm-10000-008091-11374489,1784798825331,1784798825332,202,1.000,warm
8219,exp-warm-10000-008171-23c4c4f5,1784798825331,1784798825337,202,6.000,warm
8220,exp-warm-10000-008186-d5d95efb,1784798825331,1784798825338,202,7.000,warm
8221,exp-warm-10000-008192-ef97be0f,1784798825331,1784798825338,202,7.000,warm
8222,exp-warm-10000-008196-b281ce3e,1784798825331,1784798825338,202,7.000,warm
8223,exp-warm-10000-008215-be3bdc93,1784798825331,1784798825339,202,8.000,warm
8224,exp-warm-10000-008206-1f13c86c,1784798825331,1784798825339,202,8.000,warm
8225,exp-warm-10000-008260-705e8d7a,1784798825331,1784798825343,202,12.000,warm
8226,exp-warm-10000-008552-40d69a17,1784798825331,1784798825360,202,29.000,warm
8227,exp-warm-10000-008923-322f1b4d,1784798825331,1784798825379,202,48.000,warm
8228,exp-warm-10000-008099-054855f4,1784798825332,1784798825333,202,1.000,warm
8229,exp-warm-10000-008152-8b86824f,1784798825332,1784798825335,202,3.000,warm
8230,exp-warm-10000-008145-c168130a,1784798825332,1784798825335,202,3.000,warm
8231,exp-warm-10000-008175-6722bd5a,1784798825332,1784798825337,202,5.000,warm
8232,exp-warm-10000-008205-908d1881,1784798825332,1784798825339,202,7.000,warm
8233,exp-warm-10000-008209-6ec16668,1784798825332,1784798825339,202,7.000,warm
8234,exp-warm-10000-008204-9da2bb86,1784798825332,1784798825339,202,7.000,warm
8235,exp-warm-10000-008217-5b3a363f,1784798825332,1784798825340,202,8.000,warm
8236,exp-warm-10000-008218-cf7baf36,1784798825332,1784798825340,202,8.000,warm
8237,exp-warm-10000-008235-bde62bd4,1784798825332,1784798825340,202,8.000,warm
8238,exp-warm-10000-008275-d1064ff0,1784798825332,1784798825344,202,12.000,warm
8239,exp-warm-10000-008363-51cbef1c,1784798825332,1784798825349,202,17.000,warm
8240,exp-warm-10000-008637-d38c1ff0,1784798825332,1784798825364,202,32.000,warm
8241,exp-warm-10000-008727-1ee01e0e,1784798825332,1784798825369,202,37.000,warm
8242,exp-warm-10000-008118-581d5c29,1784798825333,1784798825334,202,1.000,warm
8243,exp-warm-10000-008126-f14b5398,1784798825333,1784798825334,202,1.000,warm
8244,exp-warm-10000-008220-ae0460d0,1784798825333,1784798825340,202,7.000,warm
8245,exp-warm-10000-008227-c50dff41,1784798825333,1784798825340,202,7.000,warm
8246,exp-warm-10000-008226-7b76babe,1784798825333,1784798825340,202,7.000,warm
8247,exp-warm-10000-008241-35ad61c0,1784798825333,1784798825341,202,8.000,warm
8248,exp-warm-10000-008296-083b9d05,1784798825333,1784798825345,202,12.000,warm
8249,exp-warm-10000-008321-47130fbd,1784798825333,1784798825347,202,14.000,warm
8250,exp-warm-10000-008590-731e5892,1784798825333,1784798825362,202,29.000,warm
8251,exp-warm-10000-008874-2c423ffe,1784798825333,1784798825376,202,43.000,warm
8252,exp-warm-10000-009086-f068cd8e,1784798825333,1784798825387,202,54.000,warm
8253,exp-warm-10000-008151-2a643247,1784798825334,1784798825335,202,1.000,warm
8254,exp-warm-10000-008168-8ef0e3a9,1784798825334,1784798825336,202,2.000,warm
8255,exp-warm-10000-008232-89ac4fbd,1784798825334,1784798825340,202,6.000,warm
8256,exp-warm-10000-008240-590b9316,1784798825334,1784798825341,202,7.000,warm
8257,exp-warm-10000-008239-46c427e4,1784798825334,1784798825341,202,7.000,warm
8258,exp-warm-10000-008256-0a67ee45,1784798825334,1784798825342,202,8.000,warm
8259,exp-warm-10000-008268-8773121f,1784798825334,1784798825343,202,9.000,warm
8260,exp-warm-10000-008258-0f1bc1ad,1784798825334,1784798825344,202,10.000,warm
8261,exp-warm-10000-008278-5fa8161a,1784798825334,1784798825344,202,10.000,warm
8262,exp-warm-10000-008274-51bfb8b7,1784798825334,1784798825344,202,10.000,warm
8263,exp-warm-10000-008284-adab2c75,1784798825334,1784798825345,202,11.000,warm
8264,exp-warm-10000-008499-9c036ce6,1784798825334,1784798825357,202,23.000,warm
8265,exp-warm-10000-008164-d9b0c2af,1784798825335,1784798825336,202,1.000,warm
8266,exp-warm-10000-008166-06923dea,1784798825335,1784798825336,202,1.000,warm
8267,exp-warm-10000-008214-b04eab16,1784798825335,1784798825339,202,4.000,warm
8268,exp-warm-10000-008252-54cdb445,1784798825335,1784798825342,202,7.000,warm
8269,exp-warm-10000-008250-6c7666fd,1784798825335,1784798825342,202,7.000,warm
8270,exp-warm-10000-008254-5c47c5c5,1784798825335,1784798825342,202,7.000,warm
8271,exp-warm-10000-008266-b417de51,1784798825335,1784798825343,202,8.000,warm
8272,exp-warm-10000-008281-2fe6300e,1784798825335,1784798825344,202,9.000,warm
8273,exp-warm-10000-008300-bb5344d8,1784798825335,1784798825345,202,10.000,warm
8274,exp-warm-10000-008430-70d3634a,1784798825335,1784798825353,202,18.000,warm
8275,exp-warm-10000-008677-83ccb0b0,1784798825335,1784798825366,202,31.000,warm
8276,exp-warm-10000-008172-9f3aa643,1784798825336,1784798825337,202,1.000,warm
8277,exp-warm-10000-008174-96606423,1784798825336,1784798825337,202,1.000,warm
8278,exp-warm-10000-008190-7ec49638,1784798825336,1784798825338,202,2.000,warm
8279,exp-warm-10000-008184-1750bade,1784798825336,1784798825338,202,2.000,warm
8280,exp-warm-10000-008202-842f2171,1784798825336,1784798825339,202,3.000,warm
8281,exp-warm-10000-008237-20f15e89,1784798825336,1784798825341,202,5.000,warm
8282,exp-warm-10000-008267-431d34c0,1784798825336,1784798825343,202,7.000,warm
8283,exp-warm-10000-008261-b4e2ff2a,1784798825336,1784798825343,202,7.000,warm
8284,exp-warm-10000-008270-98f43f52,1784798825336,1784798825343,202,7.000,warm
8285,exp-warm-10000-008269-76a4f28e,1784798825336,1784798825343,202,7.000,warm
8286,exp-warm-10000-008282-d56b817d,1784798825336,1784798825344,202,8.000,warm
8287,exp-warm-10000-008536-4c1ff204,1784798825336,1784798825359,202,23.000,warm
8288,exp-warm-10000-008741-66418485,1784798825336,1784798825369,202,33.000,warm
8289,exp-warm-10000-008185-e842bb98,1784798825337,1784798825338,202,1.000,warm
8290,exp-warm-10000-008191-73979dcf,1784798825337,1784798825338,202,1.000,warm
8291,exp-warm-10000-008197-88e4154b,1784798825337,1784798825338,202,1.000,warm
8292,exp-warm-10000-008189-65cfc463,1784798825337,1784798825338,202,1.000,warm
8293,exp-warm-10000-008207-7594dced,1784798825337,1784798825339,202,2.000,warm
8294,exp-warm-10000-008194-bb7e3664,1784798825337,1784798825339,202,2.000,warm
8295,exp-warm-10000-008228-6218f1fa,1784798825337,1784798825340,202,3.000,warm
8296,exp-warm-10000-008223-66e902ee,1784798825337,1784798825340,202,3.000,warm
8297,exp-warm-10000-008248-c9e1de62,1784798825337,1784798825342,202,5.000,warm
8298,exp-warm-10000-008276-5f2a8f46,1784798825337,1784798825344,202,7.000,warm
8299,exp-warm-10000-008277-764ab674,1784798825337,1784798825344,202,7.000,warm
8300,exp-warm-10000-008286-350cd4cb,1784798825337,1784798825345,202,8.000,warm
8301,exp-warm-10000-008302-f5f62e83,1784798825337,1784798825346,202,9.000,warm
8302,exp-warm-10000-008310-a834ad4b,1784798825337,1784798825346,202,9.000,warm
8303,exp-warm-10000-008316-e4bf2258,1784798825337,1784798825346,202,9.000,warm
8304,exp-warm-10000-008324-6dda0c95,1784798825337,1784798825347,202,10.000,warm
8305,exp-warm-10000-008366-b799a5de,1784798825337,1784798825349,202,12.000,warm
8306,exp-warm-10000-008371-35561e35,1784798825337,1784798825350,202,13.000,warm
8307,exp-warm-10000-008520-0f642843,1784798825337,1784798825359,202,22.000,warm
8308,exp-warm-10000-008579-e90879a6,1784798825337,1784798825362,202,25.000,warm
8309,exp-warm-10000-008581-1aef1a79,1784798825337,1784798825362,202,25.000,warm
8310,exp-warm-10000-008692-ca912b78,1784798825337,1784798825367,202,30.000,warm
8311,exp-warm-10000-008694-99ee1041,1784798825337,1784798825367,202,30.000,warm
8312,exp-warm-10000-008828-4bbd74a6,1784798825337,1784798825374,202,37.000,warm
8313,exp-warm-10000-008900-1241223f,1784798825337,1784798825378,202,41.000,warm
8314,exp-warm-10000-008199-26e98703,1784798825338,1784798825339,202,1.000,warm
8315,exp-warm-10000-008203-a4e1d876,1784798825338,1784798825339,202,1.000,warm
8316,exp-warm-10000-008208-5a7a0471,1784798825338,1784798825339,202,1.000,warm
8317,exp-warm-10000-008234-55854c2c,1784798825338,1784798825340,202,2.000,warm
8318,exp-warm-10000-008224-ba8ee118,1784798825338,1784798825340,202,2.000,warm
8319,exp-warm-10000-008246-d4ef6839,1784798825338,1784798825341,202,3.000,warm
8320,exp-warm-10000-008242-11d42d15,1784798825338,1784798825341,202,3.000,warm
8321,exp-warm-10000-008245-f161d226,1784798825338,1784798825341,202,3.000,warm
8322,exp-warm-10000-008257-41fe6909,1784798825338,1784798825342,202,4.000,warm
8323,exp-warm-10000-008264-3966e98c,1784798825338,1784798825343,202,5.000,warm
8324,exp-warm-10000-008273-5b4ba97b,1784798825338,1784798825344,202,6.000,warm
8325,exp-warm-10000-008272-73ae6bf2,1784798825338,1784798825344,202,6.000,warm
8326,exp-warm-10000-008271-9c02b6b4,1784798825338,1784798825344,202,6.000,warm
8327,exp-warm-10000-008297-616a0e1d,1784798825338,1784798825345,202,7.000,warm
8328,exp-warm-10000-008290-6820f27e,1784798825338,1784798825345,202,7.000,warm
8329,exp-warm-10000-008716-c07e551a,1784798825338,1784798825368,202,30.000,warm
8330,exp-warm-10000-008795-d9919659,1784798825338,1784798825373,202,35.000,warm
8331,exp-warm-10000-008818-92fd8b98,1784798825338,1784798825374,202,36.000,warm
8332,exp-warm-10000-008836-caa21696,1784798825338,1784798825374,202,36.000,warm
8333,exp-warm-10000-008858-914abfcc,1784798825338,1784798825376,202,38.000,warm
8334,exp-warm-10000-008980-4d38650a,1784798825338,1784798825383,202,45.000,warm
8335,exp-warm-10000-008219-5257b04e,1784798825339,1784798825340,202,1.000,warm
8336,exp-warm-10000-008225-79580344,1784798825339,1784798825340,202,1.000,warm
8337,exp-warm-10000-008222-f095a941,1784798825339,1784798825340,202,1.000,warm
8338,exp-warm-10000-008216-fb7bedde,1784798825339,1784798825340,202,1.000,warm
8339,exp-warm-10000-008230-22d94026,1784798825339,1784798825340,202,1.000,warm
8340,exp-warm-10000-008231-3a087cb3,1784798825339,1784798825340,202,1.000,warm
8341,exp-warm-10000-008253-4bd8d2c6,1784798825339,1784798825342,202,3.000,warm
8342,exp-warm-10000-008249-b0251736,1784798825339,1784798825342,202,3.000,warm
8343,exp-warm-10000-008287-fb3ed483,1784798825339,1784798825345,202,6.000,warm
8344,exp-warm-10000-008292-20094653,1784798825339,1784798825345,202,6.000,warm
8345,exp-warm-10000-008283-012b42fa,1784798825339,1784798825345,202,6.000,warm
8346,exp-warm-10000-008285-1a8d540e,1784798825339,1784798825345,202,6.000,warm
8347,exp-warm-10000-008313-714d2a7d,1784798825339,1784798825346,202,7.000,warm
8348,exp-warm-10000-008322-b789b235,1784798825339,1784798825347,202,8.000,warm
8349,exp-warm-10000-008325-9d81e849,1784798825339,1784798825347,202,8.000,warm
8350,exp-warm-10000-008318-5092354c,1784798825339,1784798825347,202,8.000,warm
8351,exp-warm-10000-008345-0953d389,1784798825339,1784798825348,202,9.000,warm
8352,exp-warm-10000-008330-006ef211,1784798825339,1784798825348,202,9.000,warm
8353,exp-warm-10000-008350-204a1a09,1784798825339,1784798825349,202,10.000,warm
8354,exp-warm-10000-008451-7242be4a,1784798825339,1784798825354,202,15.000,warm
8355,exp-warm-10000-008528-35e5a44f,1784798825339,1784798825359,202,20.000,warm
8356,exp-warm-10000-008820-3be7b562,1784798825339,1784798825374,202,35.000,warm
8357,exp-warm-10000-009029-37c54363,1784798825339,1784798825385,202,46.000,warm
8358,exp-warm-10000-009083-ec7f8f8e,1784798825339,1784798825387,202,48.000,warm
8359,exp-warm-10000-009095-ec60dd6f,1784798825339,1784798825388,202,49.000,warm
8360,exp-warm-10000-009096-36dc51ab,1784798825339,1784798825388,202,49.000,warm
8361,exp-warm-10000-008236-2d4cac05,1784798825340,1784798825341,202,1.000,warm
8362,exp-warm-10000-008238-c00d7709,1784798825340,1784798825341,202,1.000,warm
8363,exp-warm-10000-008243-a3887603,1784798825340,1784798825341,202,1.000,warm
8364,exp-warm-10000-008244-f8af1318,1784798825340,1784798825341,202,1.000,warm
8365,exp-warm-10000-008247-ba7ef53f,1784798825340,1784798825341,202,1.000,warm
8366,exp-warm-10000-008255-dc5d69e8,1784798825340,1784798825342,202,2.000,warm
8367,exp-warm-10000-008259-3c98a37c,1784798825340,1784798825343,202,3.000,warm
8368,exp-warm-10000-008303-250f9579,1784798825340,1784798825346,202,6.000,warm
8369,exp-warm-10000-008311-cd6bcf2b,1784798825340,1784798825346,202,6.000,warm
8370,exp-warm-10000-008334-defa9f6b,1784798825340,1784798825348,202,8.000,warm
8371,exp-warm-10000-008344-ff3413ca,1784798825340,1784798825348,202,8.000,warm
8372,exp-warm-10000-008336-01ad5133,1784798825340,1784798825348,202,8.000,warm
8373,exp-warm-10000-008331-ffad37c7,1784798825340,1784798825348,202,8.000,warm
8374,exp-warm-10000-008467-9a90d0a9,1784798825340,1784798825356,202,16.000,warm
8375,exp-warm-10000-008533-c2a6f5b1,1784798825340,1784798825359,202,19.000,warm
8376,exp-warm-10000-008537-c974fa07,1784798825340,1784798825360,202,20.000,warm
8377,exp-warm-10000-008762-a1c48fc4,1784798825340,1784798825371,202,31.000,warm
8378,exp-warm-10000-008784-b11698ac,1784798825340,1784798825372,202,32.000,warm
8379,exp-warm-10000-008960-c2880eb8,1784798825340,1784798825381,202,41.000,warm
8380,exp-warm-10000-008265-d9faa953,1784798825341,1784798825343,202,2.000,warm
8381,exp-warm-10000-008293-1fb91c57,1784798825341,1784798825345,202,4.000,warm
8382,exp-warm-10000-008306-f205bf14,1784798825341,1784798825346,202,5.000,warm
8383,exp-warm-10000-008319-b97677bf,1784798825341,1784798825347,202,6.000,warm
8384,exp-warm-10000-008367-f6dbe031,1784798825341,1784798825349,202,8.000,warm
8385,exp-warm-10000-008357-00548ab3,1784798825341,1784798825349,202,8.000,warm
8386,exp-warm-10000-008385-f49bf9e2,1784798825341,1784798825351,202,10.000,warm
8387,exp-warm-10000-008457-96b51a05,1784798825341,1784798825355,202,14.000,warm
8388,exp-warm-10000-008479-730f8789,1784798825341,1784798825356,202,15.000,warm
8389,exp-warm-10000-008546-b5170166,1784798825341,1784798825360,202,19.000,warm
8390,exp-warm-10000-008573-f200b900,1784798825341,1784798825361,202,20.000,warm
8391,exp-warm-10000-008634-88378890,1784798825341,1784798825364,202,23.000,warm
8392,exp-warm-10000-008777-539d8a76,1784798825341,1784798825372,202,31.000,warm
8393,exp-warm-10000-008785-ea32e246,1784798825341,1784798825372,202,31.000,warm
8394,exp-warm-10000-008846-865a0d39,1784798825341,1784798825375,202,34.000,warm
8395,exp-warm-10000-008958-affd84a0,1784798825341,1784798825381,202,40.000,warm
8396,exp-warm-10000-008262-ebc4ced8,1784798825342,1784798825343,202,1.000,warm
8397,exp-warm-10000-008280-525e7834,1784798825342,1784798825344,202,2.000,warm
8398,exp-warm-10000-008279-cc9b95c8,1784798825342,1784798825344,202,2.000,warm
8399,exp-warm-10000-008346-c7239f72,1784798825342,1784798825349,202,7.000,warm
8400,exp-warm-10000-008351-fd844715,1784798825342,1784798825349,202,7.000,warm
8401,exp-warm-10000-008360-f6ca44f9,1784798825342,1784798825349,202,7.000,warm
8402,exp-warm-10000-008349-c777af83,1784798825342,1784798825349,202,7.000,warm
8403,exp-warm-10000-008356-d483efd7,1784798825342,1784798825349,202,7.000,warm
8404,exp-warm-10000-008404-d49ff694,1784798825342,1784798825351,202,9.000,warm
8405,exp-warm-10000-008401-9573f4da,1784798825342,1784798825351,202,9.000,warm
8406,exp-warm-10000-008384-e06e5cb8,1784798825342,1784798825351,202,9.000,warm
8407,exp-warm-10000-008456-585474f4,1784798825342,1784798825355,202,13.000,warm
8408,exp-warm-10000-008461-76f40f1e,1784798825342,1784798825355,202,13.000,warm
8409,exp-warm-10000-008481-0e705f1d,1784798825342,1784798825356,202,14.000,warm
8410,exp-warm-10000-008491-7264c3df,1784798825342,1784798825357,202,15.000,warm
8411,exp-warm-10000-008755-0b319266,1784798825342,1784798825370,202,28.000,warm
8412,exp-warm-10000-008895-a09fc21e,1784798825342,1784798825377,202,35.000,warm
8413,exp-warm-10000-008936-72aa13c7,1784798825342,1784798825380,202,38.000,warm
8414,exp-warm-10000-009172-6f9e8a33,1784798825342,1784798825391,202,49.000,warm
8415,exp-warm-10000-008263-e56c004f,1784798825343,1784798825344,202,1.000,warm
8416,exp-warm-10000-008295-5e4e9f91,1784798825343,1784798825345,202,2.000,warm
8417,exp-warm-10000-008304-945f6c41,1784798825343,1784798825346,202,3.000,warm
8418,exp-warm-10000-008294-950a6c26,1784798825343,1784798825346,202,3.000,warm
8419,exp-warm-10000-008365-36229a50,1784798825343,1784798825349,202,6.000,warm
8420,exp-warm-10000-008361-48badaff,1784798825343,1784798825349,202,6.000,warm
8421,exp-warm-10000-008374-1ec932aa,1784798825343,1784798825350,202,7.000,warm
8422,exp-warm-10000-008376-13b71d1a,1784798825343,1784798825350,202,7.000,warm
8423,exp-warm-10000-008379-d2759310,1784798825343,1784798825350,202,7.000,warm
8424,exp-warm-10000-008380-74195962,1784798825343,1784798825350,202,7.000,warm
8425,exp-warm-10000-008375-ec431b39,1784798825343,1784798825350,202,7.000,warm
8426,exp-warm-10000-008381-21e38b4b,1784798825343,1784798825350,202,7.000,warm
8427,exp-warm-10000-008400-cbdf8afd,1784798825343,1784798825351,202,8.000,warm
8428,exp-warm-10000-008403-984f6344,1784798825343,1784798825351,202,8.000,warm
8429,exp-warm-10000-008472-299648a1,1784798825343,1784798825356,202,13.000,warm
8430,exp-warm-10000-008466-06b916f4,1784798825343,1784798825356,202,13.000,warm
8431,exp-warm-10000-008494-a5a9094d,1784798825343,1784798825357,202,14.000,warm
8432,exp-warm-10000-008519-2924b04c,1784798825343,1784798825358,202,15.000,warm
8433,exp-warm-10000-008570-89374bc6,1784798825343,1784798825361,202,18.000,warm
8434,exp-warm-10000-008591-9ca15c4e,1784798825343,1784798825362,202,19.000,warm
8435,exp-warm-10000-008609-949782e9,1784798825343,1784798825363,202,20.000,warm
8436,exp-warm-10000-008606-5272d0e9,1784798825343,1784798825363,202,20.000,warm
8437,exp-warm-10000-008839-de6f92b0,1784798825343,1784798825374,202,31.000,warm
8438,exp-warm-10000-008878-c3a18a3e,1784798825343,1784798825377,202,34.000,warm
8439,exp-warm-10000-008901-2c1b1c75,1784798825343,1784798825378,202,35.000,warm
8440,exp-warm-10000-009115-df061ad0,1784798825343,1784798825388,202,45.000,warm
8441,exp-warm-10000-008289-630c6c60,1784798825344,1784798825345,202,1.000,warm
8442,exp-warm-10000-008288-81316929,1784798825344,1784798825345,202,1.000,warm
8443,exp-warm-10000-008291-70599c05,1784798825344,1784798825345,202,1.000,warm
8444,exp-warm-10000-008298-f2bc28f6,1784798825344,1784798825345,202,1.000,warm
8445,exp-warm-10000-008314-3148657a,1784798825344,1784798825346,202,2.000,warm
8446,exp-warm-10000-008317-b295994f,1784798825344,1784798825347,202,3.000,warm
8447,exp-warm-10000-008358-213bc815,1784798825344,1784798825349,202,5.000,warm
8448,exp-warm-10000-008388-da61bd04,1784798825344,1784798825351,202,7.000,warm
8449,exp-warm-10000-008397-27533cf6,1784798825344,1784798825351,202,7.000,warm
8450,exp-warm-10000-008399-1004f496,1784798825344,1784798825351,202,7.000,warm
8451,exp-warm-10000-008396-59f8a6bd,1784798825344,1784798825351,202,7.000,warm
8452,exp-warm-10000-008395-dec203d5,1784798825344,1784798825351,202,7.000,warm
8453,exp-warm-10000-008402-ad18cbf4,1784798825344,1784798825351,202,7.000,warm
8454,exp-warm-10000-008398-8d7f099d,1784798825344,1784798825351,202,7.000,warm
8455,exp-warm-10000-008408-81c008f6,1784798825344,1784798825352,202,8.000,warm
8456,exp-warm-10000-008407-0b97573c,1784798825344,1784798825352,202,8.000,warm
8457,exp-warm-10000-008405-09ce4bfe,1784798825344,1784798825352,202,8.000,warm
8458,exp-warm-10000-008426-64bf680b,1784798825344,1784798825353,202,9.000,warm
8459,exp-warm-10000-008484-8b174031,1784798825344,1784798825356,202,12.000,warm
8460,exp-warm-10000-008482-3ab2eeb7,1784798825344,1784798825356,202,12.000,warm
8461,exp-warm-10000-008498-22501dc7,1784798825344,1784798825357,202,13.000,warm
8462,exp-warm-10000-008497-08b1ef28,1784798825344,1784798825357,202,13.000,warm
8463,exp-warm-10000-008602-23c13977,1784798825344,1784798825363,202,19.000,warm
8464,exp-warm-10000-008610-7e777f4f,1784798825344,1784798825363,202,19.000,warm
8465,exp-warm-10000-008652-8fa9b7ce,1784798825344,1784798825365,202,21.000,warm
8466,exp-warm-10000-008720-5a73ab0a,1784798825344,1784798825368,202,24.000,warm
8467,exp-warm-10000-008773-5739ee0d,1784798825344,1784798825371,202,27.000,warm
8468,exp-warm-10000-008772-b2f238f8,1784798825344,1784798825371,202,27.000,warm
8469,exp-warm-10000-009016-d11aee4a,1784798825344,1784798825384,202,40.000,warm
8470,exp-warm-10000-009046-5818aee2,1784798825344,1784798825386,202,42.000,warm
8471,exp-warm-10000-009111-353ab9c3,1784798825344,1784798825388,202,44.000,warm
8472,exp-warm-10000-009215-4b2c5344,1784798825344,1784798825393,202,49.000,warm
8473,exp-warm-10000-008301-d3719fc5,1784798825345,1784798825346,202,1.000,warm
8474,exp-warm-10000-008305-6689f35a,1784798825345,1784798825346,202,1.000,warm
8475,exp-warm-10000-008307-1f4162b3,1784798825345,1784798825346,202,1.000,warm
8476,exp-warm-10000-008308-62187ee1,1784798825345,1784798825346,202,1.000,warm
8477,exp-warm-10000-008312-2d4e1f8d,1784798825345,1784798825346,202,1.000,warm
8478,exp-warm-10000-008309-5e45da4f,1784798825345,1784798825346,202,1.000,warm
8479,exp-warm-10000-008326-675065d2,1784798825345,1784798825347,202,2.000,warm
8480,exp-warm-10000-008328-f9fd72e5,1784798825345,1784798825347,202,2.000,warm
8481,exp-warm-10000-008327-e5ea7a89,1784798825345,1784798825347,202,2.000,warm
8482,exp-warm-10000-008320-bf69451d,1784798825345,1784798825347,202,2.000,warm
8483,exp-warm-10000-008329-8356b233,1784798825345,1784798825347,202,2.000,warm
8484,exp-warm-10000-008315-c2bb374d,1784798825345,1784798825347,202,2.000,warm
8485,exp-warm-10000-008335-add0d95d,1784798825345,1784798825348,202,3.000,warm
8486,exp-warm-10000-008343-d29ac4c7,1784798825345,1784798825348,202,3.000,warm
8487,exp-warm-10000-008362-45264c21,1784798825345,1784798825349,202,4.000,warm
8488,exp-warm-10000-008382-9637dd1e,1784798825345,1784798825350,202,5.000,warm
8489,exp-warm-10000-008387-aa1919c4,1784798825345,1784798825351,202,6.000,warm
8490,exp-warm-10000-008390-172d3853,1784798825345,1784798825351,202,6.000,warm
8491,exp-warm-10000-008392-0934dab6,1784798825345,1784798825351,202,6.000,warm
8492,exp-warm-10000-008386-78c73bc4,1784798825345,1784798825351,202,6.000,warm
8493,exp-warm-10000-008412-04b8c09d,1784798825345,1784798825352,202,7.000,warm
8494,exp-warm-10000-008415-84437cd9,1784798825345,1784798825352,202,7.000,warm
8495,exp-warm-10000-008413-3446e16d,1784798825345,1784798825352,202,7.000,warm
8496,exp-warm-10000-008411-51f2ea7a,1784798825345,1784798825352,202,7.000,warm
8497,exp-warm-10000-008421-726fff4f,1784798825345,1784798825352,202,7.000,warm
8498,exp-warm-10000-008431-6cd5bffb,1784798825345,1784798825353,202,8.000,warm
8499,exp-warm-10000-008433-7e8d2a29,1784798825345,1784798825353,202,8.000,warm
8500,exp-warm-10000-008595-b56224fb,1784798825345,1784798825363,202,18.000,warm
8501,exp-warm-10000-008593-2e1b0642,1784798825345,1784798825363,202,18.000,warm
8502,exp-warm-10000-008601-b66b60f9,1784798825345,1784798825363,202,18.000,warm
8503,exp-warm-10000-008594-9002a72c,1784798825345,1784798825363,202,18.000,warm
8504,exp-warm-10000-008603-5e5ce2b3,1784798825345,1784798825363,202,18.000,warm
8505,exp-warm-10000-008614-811e0ead,1784798825345,1784798825363,202,18.000,warm
8506,exp-warm-10000-008604-8c3dc86f,1784798825345,1784798825363,202,18.000,warm
8507,exp-warm-10000-008605-5f726976,1784798825345,1784798825363,202,18.000,warm
8508,exp-warm-10000-008616-ca369c6e,1784798825345,1784798825364,202,19.000,warm
8509,exp-warm-10000-008653-4acde251,1784798825345,1784798825365,202,20.000,warm
8510,exp-warm-10000-008752-ca23fb51,1784798825345,1784798825370,202,25.000,warm
8511,exp-warm-10000-008748-13e613ba,1784798825345,1784798825370,202,25.000,warm
8512,exp-warm-10000-008851-a5c1456f,1784798825345,1784798825375,202,30.000,warm
8513,exp-warm-10000-008897-928bbaa5,1784798825345,1784798825378,202,33.000,warm
8514,exp-warm-10000-008922-e82f4649,1784798825345,1784798825379,202,34.000,warm
8515,exp-warm-10000-009003-9af97511,1784798825345,1784798825384,202,39.000,warm
8516,exp-warm-10000-009031-2c026647,1784798825345,1784798825385,202,40.000,warm
8517,exp-warm-10000-009109-d4bbd58e,1784798825345,1784798825388,202,43.000,warm
8518,exp-warm-10000-008299-89fc6b02,1784798825346,1784798825346,202,0.000,warm
8519,exp-warm-10000-008323-861ecf77,1784798825346,1784798825347,202,1.000,warm
8520,exp-warm-10000-008370-c1e043db,1784798825346,1784798825350,202,4.000,warm
8521,exp-warm-10000-008409-869aefda,1784798825346,1784798825352,202,6.000,warm
8522,exp-warm-10000-008406-6ba3dc0d,1784798825346,1784798825352,202,6.000,warm
8523,exp-warm-10000-008414-93efe228,1784798825346,1784798825352,202,6.000,warm
8524,exp-warm-10000-008470-7884d7ed,1784798825346,1784798825356,202,10.000,warm
8525,exp-warm-10000-008490-464205bf,1784798825346,1784798825357,202,11.000,warm
8526,exp-warm-10000-008483-ff68831e,1784798825346,1784798825357,202,11.000,warm
8527,exp-warm-10000-008518-b553bb5a,1784798825346,1784798825358,202,12.000,warm
8528,exp-warm-10000-008511-895fabc9,1784798825346,1784798825358,202,12.000,warm
8529,exp-warm-10000-008553-eb6b6017,1784798825346,1784798825360,202,14.000,warm
8530,exp-warm-10000-008557-c4d4992c,1784798825346,1784798825361,202,15.000,warm
8531,exp-warm-10000-008568-d3c4237f,1784798825346,1784798825361,202,15.000,warm
8532,exp-warm-10000-008563-fe7a802d,1784798825346,1784798825361,202,15.000,warm
8533,exp-warm-10000-008564-a7e478fc,1784798825346,1784798825361,202,15.000,warm
8534,exp-warm-10000-008559-30ef8c01,1784798825346,1784798825361,202,15.000,warm
8535,exp-warm-10000-008571-aa6eec9a,1784798825346,1784798825361,202,15.000,warm
8536,exp-warm-10000-008569-ed3c58be,1784798825346,1784798825361,202,15.000,warm
8537,exp-warm-10000-008580-794417ea,1784798825346,1784798825362,202,16.000,warm
8538,exp-warm-10000-008576-64a80f6b,1784798825346,1784798825362,202,16.000,warm
8539,exp-warm-10000-008854-3d81d03b,1784798825346,1784798825375,202,29.000,warm
8540,exp-warm-10000-008875-f9d5be2a,1784798825346,1784798825376,202,30.000,warm
8541,exp-warm-10000-008868-d7e8ecc6,1784798825346,1784798825376,202,30.000,warm
8542,exp-warm-10000-008942-3539b32c,1784798825346,1784798825380,202,34.000,warm
8543,exp-warm-10000-009039-9195d35f,1784798825346,1784798825385,202,39.000,warm
8544,exp-warm-10000-009040-ed778097,1784798825346,1784798825385,202,39.000,warm
8545,exp-warm-10000-009084-586fb715,1784798825346,1784798825387,202,41.000,warm
8546,exp-warm-10000-009205-08a57fdc,1784798825346,1784798825392,202,46.000,warm
8547,exp-warm-10000-008332-6510c6f8,1784798825347,1784798825348,202,1.000,warm
8548,exp-warm-10000-008337-8bb58077,1784798825347,1784798825348,202,1.000,warm
8549,exp-warm-10000-008339-a973d246,1784798825347,1784798825348,202,1.000,warm
8550,exp-warm-10000-008338-002147de,1784798825347,1784798825348,202,1.000,warm
8551,exp-warm-10000-008340-fd9540d3,1784798825347,1784798825348,202,1.000,warm
8552,exp-warm-10000-008341-3a37c654,1784798825347,1784798825348,202,1.000,warm
8553,exp-warm-10000-008333-4cf417c6,1784798825347,1784798825348,202,1.000,warm
8554,exp-warm-10000-008342-ef87a7e6,1784798825347,1784798825348,202,1.000,warm
8555,exp-warm-10000-008359-1008d175,1784798825347,1784798825349,202,2.000,warm
8556,exp-warm-10000-008354-52ee3729,1784798825347,1784798825349,202,2.000,warm
8557,exp-warm-10000-008352-0d9a5cb8,1784798825347,1784798825349,202,2.000,warm
8558,exp-warm-10000-008394-b2fdf88c,1784798825347,1784798825351,202,4.000,warm
8559,exp-warm-10000-008410-7331b4f2,1784798825347,1784798825352,202,5.000,warm
8560,exp-warm-10000-008424-6466d131,1784798825347,1784798825353,202,6.000,warm
8561,exp-warm-10000-008427-bab04517,1784798825347,1784798825353,202,6.000,warm
8562,exp-warm-10000-008425-518ee423,1784798825347,1784798825353,202,6.000,warm
8563,exp-warm-10000-008428-b05dd94e,1784798825347,1784798825353,202,6.000,warm
8564,exp-warm-10000-008462-41208278,1784798825347,1784798825355,202,8.000,warm
8565,exp-warm-10000-008454-d7a78d8f,1784798825347,1784798825355,202,8.000,warm
8566,exp-warm-10000-008505-da1c3000,1784798825347,1784798825358,202,11.000,warm
8567,exp-warm-10000-008503-a592489d,1784798825347,1784798825358,202,11.000,warm
8568,exp-warm-10000-008512-9e52b30e,1784798825347,1784798825358,202,11.000,warm
8569,exp-warm-10000-008531-6fcf9f7e,1784798825347,1784798825359,202,12.000,warm
8570,exp-warm-10000-008526-c0eca625,1784798825347,1784798825359,202,12.000,warm
8571,exp-warm-10000-008529-d1bd21f0,1784798825347,1784798825359,202,12.000,warm
8572,exp-warm-10000-008534-3ebde478,1784798825347,1784798825359,202,12.000,warm
8573,exp-warm-10000-008618-0a357db2,1784798825347,1784798825364,202,17.000,warm
8574,exp-warm-10000-008617-e67ef55d,1784798825347,1784798825364,202,17.000,warm
8575,exp-warm-10000-008621-cd64a144,1784798825347,1784798825364,202,17.000,warm
8576,exp-warm-10000-008635-615e7554,1784798825347,1784798825364,202,17.000,warm
8577,exp-warm-10000-008623-f90e8a27,1784798825347,1784798825364,202,17.000,warm
8578,exp-warm-10000-008629-6baf7c5c,1784798825347,1784798825364,202,17.000,warm
8579,exp-warm-10000-008682-868a6fa4,1784798825347,1784798825366,202,19.000,warm
8580,exp-warm-10000-008925-4773dd2b,1784798825347,1784798825379,202,32.000,warm
8581,exp-warm-10000-008926-3b1adf78,1784798825347,1784798825379,202,32.000,warm
8582,exp-warm-10000-008966-2e3afd78,1784798825347,1784798825382,202,35.000,warm
8583,exp-warm-10000-008968-d2add11e,1784798825347,1784798825382,202,35.000,warm
8584,exp-warm-10000-009070-6d608583,1784798825347,1784798825386,202,39.000,warm
8585,exp-warm-10000-009169-b3a67934,1784798825347,1784798825391,202,44.000,warm
8586,exp-warm-10000-008348-40447cf1,1784798825348,1784798825349,202,1.000,warm
8587,exp-warm-10000-008347-76328c54,1784798825348,1784798825349,202,1.000,warm
8588,exp-warm-10000-008353-b1cd5210,1784798825348,1784798825349,202,1.000,warm
8589,exp-warm-10000-008355-9c5b77cb,1784798825348,1784798825349,202,1.000,warm
8590,exp-warm-10000-008368-26ad35ce,1784798825348,1784798825349,202,1.000,warm
8591,exp-warm-10000-008369-111acaf1,1784798825348,1784798825350,202,2.000,warm
8592,exp-warm-10000-008372-6bc424fb,1784798825348,1784798825350,202,2.000,warm
8593,exp-warm-10000-008393-d23fb0c3,1784798825348,1784798825351,202,3.000,warm
8594,exp-warm-10000-008442-41371cdc,1784798825348,1784798825354,202,6.000,warm
8595,exp-warm-10000-008522-f8917879,1784798825348,1784798825359,202,11.000,warm
8596,exp-warm-10000-008514-5244c24b,1784798825348,1784798825359,202,11.000,warm
8597,exp-warm-10000-008525-0e31a8c6,1784798825348,1784798825359,202,11.000,warm
8598,exp-warm-10000-008545-9ea63165,1784798825348,1784798825360,202,12.000,warm
8599,exp-warm-10000-008549-b3d419df,1784798825348,1784798825360,202,12.000,warm
8600,exp-warm-10000-008548-60b77173,1784798825348,1784798825360,202,12.000,warm
8601,exp-warm-10000-008555-74ee5e16,1784798825348,1784798825361,202,13.000,warm
8602,exp-warm-10000-008574-94b77505,1784798825348,1784798825362,202,14.000,warm
8603,exp-warm-10000-008651-55ff4c04,1784798825348,1784798825365,202,17.000,warm
8604,exp-warm-10000-008642-42d7c439,1784798825348,1784798825365,202,17.000,warm
8605,exp-warm-10000-008639-1cd183d6,1784798825348,1784798825365,202,17.000,warm
8606,exp-warm-10000-008641-5eeaf990,1784798825348,1784798825365,202,17.000,warm
8607,exp-warm-10000-008669-aea670a9,1784798825348,1784798825366,202,18.000,warm
8608,exp-warm-10000-008756-f1950f4b,1784798825348,1784798825370,202,22.000,warm
8609,exp-warm-10000-008746-56188c67,1784798825348,1784798825370,202,22.000,warm
8610,exp-warm-10000-008749-7d4783ee,1784798825348,1784798825370,202,22.000,warm
8611,exp-warm-10000-008955-69ebdde8,1784798825348,1784798825381,202,33.000,warm
8612,exp-warm-10000-008993-bad7b3e4,1784798825348,1784798825383,202,35.000,warm
8613,exp-warm-10000-009035-28fd9472,1784798825348,1784798825385,202,37.000,warm
8614,exp-warm-10000-009078-457b4dd5,1784798825348,1784798825387,202,39.000,warm
8615,exp-warm-10000-009196-063647a4,1784798825348,1784798825392,202,44.000,warm
8616,exp-warm-10000-008373-04d56050,1784798825349,1784798825350,202,1.000,warm
8617,exp-warm-10000-008377-8d2e6d54,1784798825349,1784798825350,202,1.000,warm
8618,exp-warm-10000-008378-d1b0479c,1784798825349,1784798825350,202,1.000,warm
8619,exp-warm-10000-008383-2822e147,1784798825349,1784798825350,202,1.000,warm
8620,exp-warm-10000-008538-f8c5541b,1784798825349,1784798825360,202,11.000,warm
8621,exp-warm-10000-008542-e95345dc,1784798825349,1784798825360,202,11.000,warm
8622,exp-warm-10000-008544-5f9c548b,1784798825349,1784798825360,202,11.000,warm
8623,exp-warm-10000-008539-cfb7c10f,1784798825349,1784798825360,202,11.000,warm
8624,exp-warm-10000-008654-f7d42823,1784798825349,1784798825365,202,16.000,warm
8625,exp-warm-10000-008649-c7e0c98f,1784798825349,1784798825365,202,16.000,warm
8626,exp-warm-10000-008675-2a8875ae,1784798825349,1784798825366,202,17.000,warm
8627,exp-warm-10000-008685-f42d5fe7,1784798825349,1784798825366,202,17.000,warm
8628,exp-warm-10000-008674-65701afd,1784798825349,1784798825366,202,17.000,warm
8629,exp-warm-10000-008722-e825bb0a,1784798825349,1784798825368,202,19.000,warm
8630,exp-warm-10000-008737-e77841b4,1784798825349,1784798825369,202,20.000,warm
8631,exp-warm-10000-008753-47865772,1784798825349,1784798825370,202,21.000,warm
8632,exp-warm-10000-008760-976d8572,1784798825349,1784798825371,202,22.000,warm
8633,exp-warm-10000-008776-a46c8967,1784798825349,1784798825372,202,23.000,warm
8634,exp-warm-10000-008781-c8024569,1784798825349,1784798825372,202,23.000,warm
8635,exp-warm-10000-008788-d11e81a7,1784798825349,1784798825372,202,23.000,warm
8636,exp-warm-10000-008838-e6169b6d,1784798825349,1784798825374,202,25.000,warm
8637,exp-warm-10000-008931-3fc44b0a,1784798825349,1784798825380,202,31.000,warm
8638,exp-warm-10000-009198-344a9614,1784798825349,1784798825392,202,43.000,warm
8639,exp-warm-10000-009199-7484d829,1784798825349,1784798825392,202,43.000,warm
8640,exp-warm-10000-008389-79b6eb26,1784798825350,1784798825351,202,1.000,warm
8641,exp-warm-10000-008391-4b43b397,1784798825350,1784798825351,202,1.000,warm
8642,exp-warm-10000-008419-e5bd9f04,1784798825350,1784798825352,202,2.000,warm
8643,exp-warm-10000-008420-3de969c3,1784798825350,1784798825352,202,2.000,warm
8644,exp-warm-10000-008416-0709759e,1784798825350,1784798825353,202,3.000,warm
8645,exp-warm-10000-008436-c5ef6ea1,1784798825350,1784798825354,202,4.000,warm
8646,exp-warm-10000-008666-51a5afcb,1784798825350,1784798825366,202,16.000,warm
8647,exp-warm-10000-008670-31e19e30,1784798825350,1784798825366,202,16.000,warm
8648,exp-warm-10000-008673-9b35743a,1784798825350,1784798825366,202,16.000,warm
8649,exp-warm-10000-008676-151c47c1,1784798825350,1784798825366,202,16.000,warm
8650,exp-warm-10000-008678-7b60f195,1784798825350,1784798825366,202,16.000,warm
8651,exp-warm-10000-008672-29585830,1784798825350,1784798825366,202,16.000,warm
8652,exp-warm-10000-008681-0a6ee0ed,1784798825350,1784798825366,202,16.000,warm
8653,exp-warm-10000-008679-df75e66d,1784798825350,1784798825366,202,16.000,warm
8654,exp-warm-10000-008704-e021a499,1784798825350,1784798825367,202,17.000,warm
8655,exp-warm-10000-008705-22904cac,1784798825350,1784798825367,202,17.000,warm
8656,exp-warm-10000-008759-31a8ecd6,1784798825350,1784798825371,202,21.000,warm
8657,exp-warm-10000-008763-18b85b87,1784798825350,1784798825371,202,21.000,warm
8658,exp-warm-10000-008766-8644affa,1784798825350,1784798825371,202,21.000,warm
8659,exp-warm-10000-008761-62dc4f41,1784798825350,1784798825371,202,21.000,warm
8660,exp-warm-10000-008764-3332c3a1,1784798825350,1784798825371,202,21.000,warm
8661,exp-warm-10000-008769-d3155bfa,1784798825350,1784798825371,202,21.000,warm
8662,exp-warm-10000-008771-1a2539b9,1784798825350,1784798825371,202,21.000,warm
8663,exp-warm-10000-008998-5da90dbd,1784798825350,1784798825384,202,34.000,warm
8664,exp-warm-10000-009007-1342cf9b,1784798825350,1784798825384,202,34.000,warm
8665,exp-warm-10000-009058-7c6ac589,1784798825350,1784798825386,202,36.000,warm
8666,exp-warm-10000-009069-754d40a7,1784798825350,1784798825386,202,36.000,warm
8667,exp-warm-10000-009192-fc782ad4,1784798825350,1784798825392,202,42.000,warm
8668,exp-warm-10000-009248-5cc355b3,1784798825350,1784798825396,202,46.000,warm
8669,exp-warm-10000-008417-063379f1,1784798825351,1784798825352,202,1.000,warm
8670,exp-warm-10000-008418-b5463731,1784798825351,1784798825352,202,1.000,warm
8671,exp-warm-10000-008435-6c6362b0,1784798825351,1784798825354,202,3.000,warm
8672,exp-warm-10000-008495-e4441f87,1784798825351,1784798825357,202,6.000,warm
8673,exp-warm-10000-008620-0e37038f,1784798825351,1784798825364,202,13.000,warm
8674,exp-warm-10000-008697-f773c431,1784798825351,1784798825367,202,16.000,warm
8675,exp-warm-10000-008699-f5cb31d4,1784798825351,1784798825367,202,16.000,warm
8676,exp-warm-10000-008700-a9674c4e,1784798825351,1784798825367,202,16.000,warm
8677,exp-warm-10000-008703-77342dd6,1784798825351,1784798825367,202,16.000,warm
8678,exp-warm-10000-008719-53b036bb,1784798825351,1784798825368,202,17.000,warm
8679,exp-warm-10000-008725-4a6e1fb3,1784798825351,1784798825368,202,17.000,warm
8680,exp-warm-10000-008729-9b7745bf,1784798825351,1784798825369,202,18.000,warm
8681,exp-warm-10000-008726-61751acf,1784798825351,1784798825369,202,18.000,warm
8682,exp-warm-10000-008732-3ea0cc6a,1784798825351,1784798825369,202,18.000,warm
8683,exp-warm-10000-008734-a8703914,1784798825351,1784798825369,202,18.000,warm
8684,exp-warm-10000-008728-86d4449d,1784798825351,1784798825369,202,18.000,warm
8685,exp-warm-10000-008740-206e772f,1784798825351,1784798825369,202,18.000,warm
8686,exp-warm-10000-008747-47566294,1784798825351,1784798825370,202,19.000,warm
8687,exp-warm-10000-008782-d6e5cf4f,1784798825351,1784798825372,202,21.000,warm
8688,exp-warm-10000-008790-8ab5d41f,1784798825351,1784798825372,202,21.000,warm
8689,exp-warm-10000-008786-3f393035,1784798825351,1784798825372,202,21.000,warm
8690,exp-warm-10000-008423-9efea257,1784798825352,1784798825353,202,1.000,warm
8691,exp-warm-10000-008422-b7e0cf9d,1784798825352,1784798825353,202,1.000,warm
8692,exp-warm-10000-008429-7c4806a4,1784798825352,1784798825353,202,1.000,warm
8693,exp-warm-10000-008432-824dd318,1784798825352,1784798825353,202,1.000,warm
8694,exp-warm-10000-008439-9c1a1361,1784798825352,1784798825354,202,2.000,warm
8695,exp-warm-10000-008450-3e8d2c4a,1784798825352,1784798825354,202,2.000,warm
8696,exp-warm-10000-008444-8607e987,1784798825352,1784798825354,202,2.000,warm
8697,exp-warm-10000-008445-348808e3,1784798825352,1784798825354,202,2.000,warm
8698,exp-warm-10000-008447-41e966e4,1784798825352,1784798825354,202,2.000,warm
8699,exp-warm-10000-008464-53b01746,1784798825352,1784798825355,202,3.000,warm
8700,exp-warm-10000-008489-995e7a6d,1784798825352,1784798825357,202,5.000,warm
8701,exp-warm-10000-008496-16bc53d7,1784798825352,1784798825357,202,5.000,warm
8702,exp-warm-10000-008608-b46837ed,1784798825352,1784798825363,202,11.000,warm
8703,exp-warm-10000-008688-2709c7a2,1784798825352,1784798825367,202,15.000,warm
8704,exp-warm-10000-008708-7102b525,1784798825352,1784798825368,202,16.000,warm
8705,exp-warm-10000-008710-0e3f33a3,1784798825352,1784798825368,202,16.000,warm
8706,exp-warm-10000-008707-3b55714a,1784798825352,1784798825368,202,16.000,warm
8707,exp-warm-10000-008706-e250dd2a,1784798825352,1784798825368,202,16.000,warm
8708,exp-warm-10000-008712-aaa16d5e,1784798825352,1784798825368,202,16.000,warm
8709,exp-warm-10000-008714-ee98641b,1784798825352,1784798825368,202,16.000,warm
8710,exp-warm-10000-008778-1031fddc,1784798825352,1784798825372,202,20.000,warm
8711,exp-warm-10000-008774-fcb31b0e,1784798825352,1784798825372,202,20.000,warm
8712,exp-warm-10000-008780-5ab4784d,1784798825352,1784798825372,202,20.000,warm
8713,exp-warm-10000-008806-ff5a10d2,1784798825352,1784798825373,202,21.000,warm
8714,exp-warm-10000-008809-05bb5921,1784798825352,1784798825373,202,21.000,warm
8715,exp-warm-10000-009171-09356b2e,1784798825352,1784798825390,202,38.000,warm
8716,exp-warm-10000-009246-2e8f4196,1784798825352,1784798825395,202,43.000,warm
8717,exp-warm-10000-008437-53f7d319,1784798825353,1784798825354,202,1.000,warm
8718,exp-warm-10000-008441-3e4c60eb,1784798825353,1784798825354,202,1.000,warm
8719,exp-warm-10000-008438-8ec5db9a,1784798825353,1784798825354,202,1.000,warm
8720,exp-warm-10000-008440-2f7448d4,1784798825353,1784798825354,202,1.000,warm
8721,exp-warm-10000-008446-c5e5152b,1784798825353,1784798825354,202,1.000,warm
8722,exp-warm-10000-008443-0781fb8d,1784798825353,1784798825354,202,1.000,warm
8723,exp-warm-10000-008448-221294a8,1784798825353,1784798825354,202,1.000,warm
8724,exp-warm-10000-008449-d7e2e769,1784798825353,1784798825354,202,1.000,warm
8725,exp-warm-10000-008460-654522b1,1784798825353,1784798825355,202,2.000,warm
8726,exp-warm-10000-008453-effb062a,1784798825353,1784798825355,202,2.000,warm
8727,exp-warm-10000-008469-e8f76922,1784798825353,1784798825356,202,3.000,warm
8728,exp-warm-10000-008501-7cee61ba,1784798825353,1784798825358,202,5.000,warm
8729,exp-warm-10000-008584-ac9da48d,1784798825353,1784798825362,202,9.000,warm
8730,exp-warm-10000-008668-da719310,1784798825353,1784798825366,202,13.000,warm
8731,exp-warm-10000-008724-d6b7ca49,1784798825353,1784798825369,202,16.000,warm
8732,exp-warm-10000-008744-6aa70277,1784798825353,1784798825370,202,17.000,warm
8733,exp-warm-10000-008794-3a1bdf58,1784798825353,1784798825373,202,20.000,warm
8734,exp-warm-10000-008791-2b2bb465,1784798825353,1784798825373,202,20.000,warm
8735,exp-warm-10000-008797-4a8f235a,1784798825353,1784798825373,202,20.000,warm
8736,exp-warm-10000-008796-9bf2e048,1784798825353,1784798825373,202,20.000,warm
8737,exp-warm-10000-008799-89375401,1784798825353,1784798825373,202,20.000,warm
8738,exp-warm-10000-008798-140ded29,1784798825353,1784798825373,202,20.000,warm
8739,exp-warm-10000-008812-3f0ea5f5,1784798825353,1784798825373,202,20.000,warm
8740,exp-warm-10000-008808-fb593ca0,1784798825353,1784798825373,202,20.000,warm
8741,exp-warm-10000-008805-e9e5ec2b,1784798825353,1784798825373,202,20.000,warm
8742,exp-warm-10000-008813-ae80baa8,1784798825353,1784798825373,202,20.000,warm
8743,exp-warm-10000-008815-a9379966,1784798825353,1784798825373,202,20.000,warm
8744,exp-warm-10000-008910-2f7abc8f,1784798825353,1784798825378,202,25.000,warm
8745,exp-warm-10000-009008-2e954512,1784798825353,1784798825384,202,31.000,warm
8746,exp-warm-10000-009049-9b45b415,1784798825353,1784798825386,202,33.000,warm
8747,exp-warm-10000-009197-6b8b4dab,1784798825353,1784798825392,202,39.000,warm
8748,exp-warm-10000-009253-69282891,1784798825353,1784798825397,202,44.000,warm
8749,exp-warm-10000-008455-809563fe,1784798825354,1784798825355,202,1.000,warm
8750,exp-warm-10000-008458-71f3d80c,1784798825354,1784798825355,202,1.000,warm
8751,exp-warm-10000-008452-a37753f4,1784798825354,1784798825355,202,1.000,warm
8752,exp-warm-10000-008459-acf428a3,1784798825354,1784798825355,202,1.000,warm
8753,exp-warm-10000-008465-e1fe30f5,1784798825354,1784798825355,202,1.000,warm
8754,exp-warm-10000-008463-88015dcc,1784798825354,1784798825355,202,1.000,warm
8755,exp-warm-10000-008488-6121e530,1784798825354,1784798825357,202,3.000,warm
8756,exp-warm-10000-008487-33f9110f,1784798825354,1784798825357,202,3.000,warm
8757,exp-warm-10000-008493-03cc16db,1784798825354,1784798825357,202,3.000,warm
8758,exp-warm-10000-008659-2229064a,1784798825354,1784798825365,202,11.000,warm
8759,exp-warm-10000-008835-55805199,1784798825354,1784798825374,202,20.000,warm
8760,exp-warm-10000-008816-9e894b71,1784798825354,1784798825374,202,20.000,warm
8761,exp-warm-10000-008873-721c77d9,1784798825354,1784798825376,202,22.000,warm
8762,exp-warm-10000-008871-e0634929,1784798825354,1784798825376,202,22.000,warm
8763,exp-warm-10000-009027-eeac1b2c,1784798825354,1784798825385,202,31.000,warm
8764,exp-warm-10000-008474-ac299822,1784798825355,1784798825356,202,1.000,warm
8765,exp-warm-10000-008471-55a716c1,1784798825355,1784798825356,202,1.000,warm
8766,exp-warm-10000-008476-821f6e55,1784798825355,1784798825356,202,1.000,warm
8767,exp-warm-10000-008478-660d6465,1784798825355,1784798825356,202,1.000,warm
8768,exp-warm-10000-008477-c6245943,1784798825355,1784798825356,202,1.000,warm
8769,exp-warm-10000-008473-7ef7787a,1784798825355,1784798825356,202,1.000,warm
8770,exp-warm-10000-008480-7711f15f,1784798825355,1784798825356,202,1.000,warm
8771,exp-warm-10000-008485-a8b0b919,1784798825355,1784798825357,202,2.000,warm
8772,exp-warm-10000-008492-e9daffc0,1784798825355,1784798825357,202,2.000,warm
8773,exp-warm-10000-008523-5dfc6de9,1784798825355,1784798825359,202,4.000,warm
8774,exp-warm-10000-008527-edd424b2,1784798825355,1784798825359,202,4.000,warm
8775,exp-warm-10000-008586-c3893637,1784798825355,1784798825362,202,7.000,warm
8776,exp-warm-10000-008684-f2071ef2,1784798825355,1784798825366,202,11.000,warm
8777,exp-warm-10000-008821-36f7ed11,1784798825355,1784798825374,202,19.000,warm
8778,exp-warm-10000-008834-3f7661f6,1784798825355,1784798825374,202,19.000,warm
8779,exp-warm-10000-008833-047fac14,1784798825355,1784798825374,202,19.000,warm
8780,exp-warm-10000-008832-579f10b8,1784798825355,1784798825374,202,19.000,warm
8781,exp-warm-10000-008829-ff2fb9e4,1784798825355,1784798825374,202,19.000,warm
8782,exp-warm-10000-008959-69e1f66e,1784798825355,1784798825381,202,26.000,warm
8783,exp-warm-10000-008486-5eac5f5c,1784798825356,1784798825357,202,1.000,warm
8784,exp-warm-10000-008524-3bc82869,1784798825356,1784798825359,202,3.000,warm
8785,exp-warm-10000-008560-7df9564b,1784798825356,1784798825361,202,5.000,warm
8786,exp-warm-10000-008583-93d2a7b9,1784798825356,1784798825362,202,6.000,warm
8787,exp-warm-10000-008599-a06dcb04,1784798825356,1784798825363,202,7.000,warm
8788,exp-warm-10000-008626-d79eed8f,1784798825356,1784798825364,202,8.000,warm
8789,exp-warm-10000-008619-eadb5f68,1784798825356,1784798825364,202,8.000,warm
8790,exp-warm-10000-008665-42349091,1784798825356,1784798825366,202,10.000,warm
8791,exp-warm-10000-008701-6790c603,1784798825356,1784798825367,202,11.000,warm
8792,exp-warm-10000-008844-1adb0654,1784798825356,1784798825375,202,19.000,warm
8793,exp-warm-10000-008840-87525734,1784798825356,1784798825375,202,19.000,warm
8794,exp-warm-10000-008849-35b2f7ad,1784798825356,1784798825375,202,19.000,warm
8795,exp-warm-10000-008850-b7fe0771,1784798825356,1784798825375,202,19.000,warm
8796,exp-warm-10000-008852-01b217c2,1784798825356,1784798825375,202,19.000,warm
8797,exp-warm-10000-008948-a46141d7,1784798825356,1784798825380,202,24.000,warm
8798,exp-warm-10000-008997-776afc13,1784798825356,1784798825383,202,27.000,warm
8799,exp-warm-10000-008502-63f12615,1784798825357,1784798825358,202,1.000,warm
8800,exp-warm-10000-008506-5abea946,1784798825357,1784798825358,202,1.000,warm
8801,exp-warm-10000-008508-ed970235,1784798825357,1784798825358,202,1.000,warm
8802,exp-warm-10000-008507-1a4ba4ba,1784798825357,1784798825358,202,1.000,warm
8803,exp-warm-10000-008504-477ea621,1784798825357,1784798825358,202,1.000,warm
8804,exp-warm-10000-008510-51e4da78,1784798825357,1784798825358,202,1.000,warm
8805,exp-warm-10000-008513-bdff6028,1784798825357,1784798825358,202,1.000,warm
8806,exp-warm-10000-008509-aaec55ca,1784798825357,1784798825358,202,1.000,warm
8807,exp-warm-10000-008530-8b461fc6,1784798825357,1784798825359,202,2.000,warm
8808,exp-warm-10000-008521-e5976eb9,1784798825357,1784798825359,202,2.000,warm
8809,exp-warm-10000-008554-a3158b07,1784798825357,1784798825360,202,3.000,warm
8810,exp-warm-10000-008543-ca297b5c,1784798825357,1784798825360,202,3.000,warm
8811,exp-warm-10000-008582-53f2d080,1784798825357,1784798825362,202,5.000,warm
8812,exp-warm-10000-008643-ec345450,1784798825357,1784798825365,202,8.000,warm
8813,exp-warm-10000-008657-1022703b,1784798825357,1784798825365,202,8.000,warm
8814,exp-warm-10000-008661-4dc00aba,1784798825357,1784798825365,202,8.000,warm
8815,exp-warm-10000-008663-85c54a8f,1784798825357,1784798825365,202,8.000,warm
8816,exp-warm-10000-008953-583d5e75,1784798825357,1784798825381,202,24.000,warm
8817,exp-warm-10000-008995-03a52c64,1784798825357,1784798825383,202,26.000,warm
8818,exp-warm-10000-009012-b85bdafb,1784798825357,1784798825384,202,27.000,warm
8819,exp-warm-10000-009017-91234c30,1784798825357,1784798825384,202,27.000,warm
8820,exp-warm-10000-009130-3ac3efb0,1784798825357,1784798825389,202,32.000,warm
8821,exp-warm-10000-009121-dac6ba4c,1784798825357,1784798825389,202,32.000,warm
8822,exp-warm-10000-009282-50eb575d,1784798825357,1784798825399,202,42.000,warm
8823,exp-warm-10000-008516-d43e08a0,1784798825358,1784798825359,202,1.000,warm
8824,exp-warm-10000-008515-381f3561,1784798825358,1784798825359,202,1.000,warm
8825,exp-warm-10000-008532-2509adf6,1784798825358,1784798825359,202,1.000,warm
8826,exp-warm-10000-008535-99baf4fa,1784798825358,1784798825359,202,1.000,warm
8827,exp-warm-10000-008566-d039b06d,1784798825358,1784798825361,202,3.000,warm
8828,exp-warm-10000-008585-87016e66,1784798825358,1784798825362,202,4.000,warm
8829,exp-warm-10000-008632-acf8a75c,1784798825358,1784798825364,202,6.000,warm
8830,exp-warm-10000-008630-d4eebc1e,1784798825358,1784798825364,202,6.000,warm
8831,exp-warm-10000-008695-47061fea,1784798825358,1784798825367,202,9.000,warm
8832,exp-warm-10000-008711-4f472a6c,1784798825358,1784798825368,202,10.000,warm
8833,exp-warm-10000-008739-48d8d8a4,1784798825358,1784798825369,202,11.000,warm
8834,exp-warm-10000-008742-1241d1e0,1784798825358,1784798825369,202,11.000,warm
8835,exp-warm-10000-008750-55456329,1784798825358,1784798825370,202,12.000,warm
8836,exp-warm-10000-008860-67915d33,1784798825358,1784798825376,202,18.000,warm
8837,exp-warm-10000-008863-d955c443,1784798825358,1784798825376,202,18.000,warm
8838,exp-warm-10000-008861-9c7a5efc,1784798825358,1784798825376,202,18.000,warm
8839,exp-warm-10000-008859-9223bfc9,1784798825358,1784798825376,202,18.000,warm
8840,exp-warm-10000-008870-20ec0cc5,1784798825358,1784798825376,202,18.000,warm
8841,exp-warm-10000-008872-67615ebc,1784798825358,1784798825376,202,18.000,warm
8842,exp-warm-10000-008879-781805b5,1784798825358,1784798825377,202,19.000,warm
8843,exp-warm-10000-008880-3c360d23,1784798825358,1784798825377,202,19.000,warm
8844,exp-warm-10000-008884-7e54d4a3,1784798825358,1784798825377,202,19.000,warm
8845,exp-warm-10000-008883-045a61cd,1784798825358,1784798825377,202,19.000,warm
8846,exp-warm-10000-008888-0ff449b2,1784798825358,1784798825377,202,19.000,warm
8847,exp-warm-10000-008891-24388b2d,1784798825358,1784798825377,202,19.000,warm
8848,exp-warm-10000-008885-6a1ecd8f,1784798825358,1784798825377,202,19.000,warm
8849,exp-warm-10000-008894-db624f25,1784798825358,1784798825377,202,19.000,warm
8850,exp-warm-10000-008956-2e84ed28,1784798825358,1784798825381,202,23.000,warm
8851,exp-warm-10000-008979-738aba70,1784798825358,1784798825383,202,25.000,warm
8852,exp-warm-10000-009011-1e5ae198,1784798825358,1784798825384,202,26.000,warm
8853,exp-warm-10000-009025-56679cb2,1784798825358,1784798825385,202,27.000,warm
8854,exp-warm-10000-009108-e207f464,1784798825358,1784798825388,202,30.000,warm
8855,exp-warm-10000-009128-f331f978,1784798825358,1784798825389,202,31.000,warm
8856,exp-warm-10000-009207-9b2456b3,1784798825358,1784798825393,202,35.000,warm
8857,exp-warm-10000-009261-9956fd2a,1784798825358,1784798825397,202,39.000,warm
8858,exp-warm-10000-009324-1a1d2672,1784798825358,1784798825403,202,45.000,warm
8859,exp-warm-10000-009339-0a2ed992,1784798825358,1784798825404,202,46.000,warm
8860,exp-warm-10000-008541-80655f8c,1784798825359,1784798825360,202,1.000,warm
8861,exp-warm-10000-008540-efccd6ed,1784798825359,1784798825360,202,1.000,warm
8862,exp-warm-10000-008551-3b209101,1784798825359,1784798825360,202,1.000,warm
8863,exp-warm-10000-008550-48ed73f0,1784798825359,1784798825360,202,1.000,warm
8864,exp-warm-10000-008572-b628a92b,1784798825359,1784798825361,202,2.000,warm
8865,exp-warm-10000-008588-523f26c4,1784798825359,1784798825362,202,3.000,warm
8866,exp-warm-10000-008592-ce70b729,1784798825359,1784798825362,202,3.000,warm
8867,exp-warm-10000-008587-883e1500,1784798825359,1784798825362,202,3.000,warm
8868,exp-warm-10000-008645-5dcf73e9,1784798825359,1784798825365,202,6.000,warm
8869,exp-warm-10000-008723-2913b176,1784798825359,1784798825368,202,9.000,warm
8870,exp-warm-10000-008713-73f0a711,1784798825359,1784798825368,202,9.000,warm
8871,exp-warm-10000-008735-582aae2c,1784798825359,1784798825369,202,10.000,warm
8872,exp-warm-10000-008751-a4a74aaf,1784798825359,1784798825370,202,11.000,warm
8873,exp-warm-10000-008899-1e00c564,1784798825359,1784798825378,202,19.000,warm
8874,exp-warm-10000-008907-ab77655f,1784798825359,1784798825378,202,19.000,warm
8875,exp-warm-10000-008904-051ad9ae,1784798825359,1784798825378,202,19.000,warm
8876,exp-warm-10000-008908-b25375f6,1784798825359,1784798825378,202,19.000,warm
8877,exp-warm-10000-008911-971f314a,1784798825359,1784798825378,202,19.000,warm
8878,exp-warm-10000-008905-669e1dcc,1784798825359,1784798825378,202,19.000,warm
8879,exp-warm-10000-008912-03231280,1784798825359,1784798825378,202,19.000,warm
8880,exp-warm-10000-008909-5ecdbe2f,1784798825359,1784798825378,202,19.000,warm
8881,exp-warm-10000-008933-714bbd41,1784798825359,1784798825380,202,21.000,warm
8882,exp-warm-10000-008930-4d2b4eec,1784798825359,1784798825380,202,21.000,warm
8883,exp-warm-10000-008939-c49b01a1,1784798825359,1784798825380,202,21.000,warm
8884,exp-warm-10000-008937-c384c596,1784798825359,1784798825380,202,21.000,warm
8885,exp-warm-10000-008935-7890cdd9,1784798825359,1784798825380,202,21.000,warm
8886,exp-warm-10000-008940-49591799,1784798825359,1784798825380,202,21.000,warm
8887,exp-warm-10000-008943-33143dd7,1784798825359,1784798825380,202,21.000,warm
8888,exp-warm-10000-008946-3d0f93b7,1784798825359,1784798825380,202,21.000,warm
8889,exp-warm-10000-008944-a16e3564,1784798825359,1784798825380,202,21.000,warm
8890,exp-warm-10000-008938-46e6e18f,1784798825359,1784798825380,202,21.000,warm
8891,exp-warm-10000-009082-7dd6949e,1784798825359,1784798825387,202,28.000,warm
8892,exp-warm-10000-009120-da83953c,1784798825359,1784798825389,202,30.000,warm
8893,exp-warm-10000-009314-42c5d44a,1784798825359,1784798825402,202,43.000,warm
8894,exp-warm-10000-009343-aa3bb103,1784798825359,1784798825404,202,45.000,warm
8895,exp-warm-10000-008556-6f764fe7,1784798825360,1784798825361,202,1.000,warm
8896,exp-warm-10000-008561-eb8fc515,1784798825360,1784798825361,202,1.000,warm
8897,exp-warm-10000-008562-c8cb31b9,1784798825360,1784798825361,202,1.000,warm
8898,exp-warm-10000-008558-91a0e35c,1784798825360,1784798825361,202,1.000,warm
8899,exp-warm-10000-008567-262ed189,1784798825360,1784798825361,202,1.000,warm
8900,exp-warm-10000-008565-5e5b0851,1784798825360,1784798825361,202,1.000,warm
8901,exp-warm-10000-008589-b69d20e3,1784798825360,1784798825362,202,2.000,warm
8902,exp-warm-10000-008624-06868e2a,1784798825360,1784798825364,202,4.000,warm
8903,exp-warm-10000-008745-934ea383,1784798825360,1784798825370,202,10.000,warm
8904,exp-warm-10000-008866-d0345e0d,1784798825360,1784798825376,202,16.000,warm
8905,exp-warm-10000-008957-d51d883d,1784798825360,1784798825381,202,21.000,warm
8906,exp-warm-10000-009064-a5ee4d36,1784798825360,1784798825386,202,26.000,warm
8907,exp-warm-10000-009238-35bbaaef,1784798825360,1784798825395,202,35.000,warm
8908,exp-warm-10000-009279-8bdf2f04,1784798825360,1784798825399,202,39.000,warm
8909,exp-warm-10000-008575-f061ce9f,1784798825361,1784798825362,202,1.000,warm
8910,exp-warm-10000-008577-80db5199,1784798825361,1784798825362,202,1.000,warm
8911,exp-warm-10000-008578-e5520688,1784798825361,1784798825362,202,1.000,warm
8912,exp-warm-10000-008612-7e9416a1,1784798825361,1784798825363,202,2.000,warm
8913,exp-warm-10000-008613-2878d3f0,1784798825361,1784798825363,202,2.000,warm
8914,exp-warm-10000-008876-26d18b67,1784798825361,1784798825376,202,15.000,warm
8915,exp-warm-10000-008918-dbd7c1de,1784798825361,1784798825379,202,18.000,warm
8916,exp-warm-10000-008919-b55f7595,1784798825361,1784798825379,202,18.000,warm
8917,exp-warm-10000-008950-27f54367,1784798825361,1784798825381,202,20.000,warm
8918,exp-warm-10000-009010-629b9135,1784798825361,1784798825384,202,23.000,warm
8919,exp-warm-10000-009055-68d9ff69,1784798825361,1784798825386,202,25.000,warm
8920,exp-warm-10000-009116-fefe2f9a,1784798825361,1784798825388,202,27.000,warm
8921,exp-warm-10000-009188-0debadb3,1784798825361,1784798825391,202,30.000,warm
8922,exp-warm-10000-009187-d18b00b3,1784798825361,1784798825391,202,30.000,warm
8923,exp-warm-10000-008596-68e0130d,1784798825362,1784798825363,202,1.000,warm
8924,exp-warm-10000-008597-9ef7633c,1784798825362,1784798825363,202,1.000,warm
8925,exp-warm-10000-008600-d9f25f37,1784798825362,1784798825363,202,1.000,warm
8926,exp-warm-10000-008598-7964f135,1784798825362,1784798825363,202,1.000,warm
8927,exp-warm-10000-008607-2447d2be,1784798825362,1784798825363,202,1.000,warm
8928,exp-warm-10000-008611-920660cf,1784798825362,1784798825363,202,1.000,warm
8929,exp-warm-10000-008655-545fe21a,1784798825362,1784798825365,202,3.000,warm
8930,exp-warm-10000-008715-b2b5293f,1784798825362,1784798825368,202,6.000,warm
8931,exp-warm-10000-008738-aaf209c7,1784798825362,1784798825369,202,7.000,warm
8932,exp-warm-10000-008974-c1c30a13,1784798825362,1784798825382,202,20.000,warm
8933,exp-warm-10000-008971-96d10418,1784798825362,1784798825382,202,20.000,warm
8934,exp-warm-10000-008975-9d09ec57,1784798825362,1784798825382,202,20.000,warm
8935,exp-warm-10000-008977-9a54cf11,1784798825362,1784798825382,202,20.000,warm
8936,exp-warm-10000-008972-89cb0c61,1784798825362,1784798825382,202,20.000,warm
8937,exp-warm-10000-009018-237bc6c2,1784798825362,1784798825384,202,22.000,warm
8938,exp-warm-10000-009047-b5f6f772,1784798825362,1784798825385,202,23.000,warm
8939,exp-warm-10000-009059-84559ca8,1784798825362,1784798825386,202,24.000,warm
8940,exp-warm-10000-009057-80c361a4,1784798825362,1784798825386,202,24.000,warm
8941,exp-warm-10000-009148-2779c6ff,1784798825362,1784798825390,202,28.000,warm
8942,exp-warm-10000-009166-f8d0ca5d,1784798825362,1784798825390,202,28.000,warm
8943,exp-warm-10000-009159-14307e70,1784798825362,1784798825390,202,28.000,warm
8944,exp-warm-10000-009157-38874c6f,1784798825362,1784798825390,202,28.000,warm
8945,exp-warm-10000-009164-3efd7f91,1784798825362,1784798825390,202,28.000,warm
8946,exp-warm-10000-009224-b551bae9,1784798825362,1784798825394,202,32.000,warm
8947,exp-warm-10000-009380-89d546ce,1784798825362,1784798825406,202,44.000,warm
8948,exp-warm-10000-008625-9dc680bb,1784798825363,1784798825364,202,1.000,warm
8949,exp-warm-10000-008627-a3296ad6,1784798825363,1784798825364,202,1.000,warm
8950,exp-warm-10000-008628-08b2334e,1784798825363,1784798825364,202,1.000,warm
8951,exp-warm-10000-008633-ee379cee,1784798825363,1784798825364,202,1.000,warm
8952,exp-warm-10000-008664-c1334b50,1784798825363,1784798825365,202,2.000,warm
8953,exp-warm-10000-008662-615e36c9,1784798825363,1784798825365,202,2.000,warm
8954,exp-warm-10000-008693-26a216c2,1784798825363,1784798825367,202,4.000,warm
8955,exp-warm-10000-008721-dbf8cc39,1784798825363,1784798825368,202,5.000,warm
8956,exp-warm-10000-008810-a449bd96,1784798825363,1784798825373,202,10.000,warm
8957,exp-warm-10000-008801-e18e9480,1784798825363,1784798825373,202,10.000,warm
8958,exp-warm-10000-008877-6748aa23,1784798825363,1784798825377,202,14.000,warm
8959,exp-warm-10000-008990-adffb8d4,1784798825363,1784798825383,202,20.000,warm
8960,exp-warm-10000-008982-a97fa076,1784798825363,1784798825383,202,20.000,warm
8961,exp-warm-10000-008978-45377377,1784798825363,1784798825383,202,20.000,warm
8962,exp-warm-10000-009009-dddc4084,1784798825363,1784798825384,202,21.000,warm
8963,exp-warm-10000-009037-b200443d,1784798825363,1784798825385,202,22.000,warm
8964,exp-warm-10000-009081-86177e1b,1784798825363,1784798825387,202,24.000,warm
8965,exp-warm-10000-009178-68b7ad9f,1784798825363,1784798825391,202,28.000,warm
8966,exp-warm-10000-009190-fbc2ba80,1784798825363,1784798825391,202,28.000,warm
8967,exp-warm-10000-009208-30d37b10,1784798825363,1784798825393,202,30.000,warm
8968,exp-warm-10000-009259-90fc582a,1784798825363,1784798825397,202,34.000,warm
8969,exp-warm-10000-008638-818ee7eb,1784798825364,1784798825365,202,1.000,warm
8970,exp-warm-10000-008640-52ea5fed,1784798825364,1784798825365,202,1.000,warm
8971,exp-warm-10000-008644-34652a6d,1784798825364,1784798825365,202,1.000,warm
8972,exp-warm-10000-008648-6f098f6e,1784798825364,1784798825365,202,1.000,warm
8973,exp-warm-10000-008650-fd17e942,1784798825364,1784798825365,202,1.000,warm
8974,exp-warm-10000-008646-59c50319,1784798825364,1784798825365,202,1.000,warm
8975,exp-warm-10000-008656-d5fe9c34,1784798825364,1784798825365,202,1.000,warm
8976,exp-warm-10000-008658-16d09c25,1784798825364,1784798825365,202,1.000,warm
8977,exp-warm-10000-008660-5a640c0c,1784798825364,1784798825365,202,1.000,warm
8978,exp-warm-10000-008687-bb0c6702,1784798825364,1784798825366,202,2.000,warm
8979,exp-warm-10000-008680-8ee4702c,1784798825364,1784798825366,202,2.000,warm
8980,exp-warm-10000-008898-9f4f460b,1784798825364,1784798825378,202,14.000,warm
8981,exp-warm-10000-008976-a39f57ee,1784798825364,1784798825383,202,19.000,warm
8982,exp-warm-10000-008983-eb7757f3,1784798825364,1784798825383,202,19.000,warm
8983,exp-warm-10000-008986-98909f66,1784798825364,1784798825383,202,19.000,warm
8984,exp-warm-10000-009022-7ae92669,1784798825364,1784798825384,202,20.000,warm
8985,exp-warm-10000-009006-754bc84c,1784798825364,1784798825384,202,20.000,warm
8986,exp-warm-10000-009042-a355cd24,1784798825364,1784798825385,202,21.000,warm
8987,exp-warm-10000-009106-88f6f06a,1784798825364,1784798825388,202,24.000,warm
8988,exp-warm-10000-009180-13df8c62,1784798825364,1784798825391,202,27.000,warm
8989,exp-warm-10000-009194-ea8ba97e,1784798825364,1784798825392,202,28.000,warm
8990,exp-warm-10000-009229-ffb29d6e,1784798825364,1784798825394,202,30.000,warm
8991,exp-warm-10000-009274-55526da2,1784798825364,1784798825398,202,34.000,warm
8992,exp-warm-10000-009301-3a221454,1784798825364,1784798825401,202,37.000,warm
8993,exp-warm-10000-008667-32cfb249,1784798825365,1784798825366,202,1.000,warm
8994,exp-warm-10000-008671-1016036e,1784798825365,1784798825366,202,1.000,warm
8995,exp-warm-10000-008683-4c72b58b,1784798825365,1784798825366,202,1.000,warm
8996,exp-warm-10000-008686-36270acf,1784798825365,1784798825366,202,1.000,warm
8997,exp-warm-10000-008690-54316fe3,1784798825365,1784798825367,202,2.000,warm
8998,exp-warm-10000-008855-9655a0f5,1784798825365,1784798825375,202,10.000,warm
8999,exp-warm-10000-008896-b8d28304,1784798825365,1784798825378,202,13.000,warm
9000,exp-warm-10000-008932-3eb914a0,1784798825365,1784798825380,202,15.000,warm
9001,exp-warm-10000-008999-b13d6f02,1784798825365,1784798825384,202,19.000,warm
9002,exp-warm-10000-009001-82945a72,1784798825365,1784798825384,202,19.000,warm
9003,exp-warm-10000-009002-0be1f1fb,1784798825365,1784798825384,202,19.000,warm
9004,exp-warm-10000-009005-35c263dc,1784798825365,1784798825384,202,19.000,warm
9005,exp-warm-10000-009013-757183fe,1784798825365,1784798825384,202,19.000,warm
9006,exp-warm-10000-009043-bcabc70c,1784798825365,1784798825385,202,20.000,warm
9007,exp-warm-10000-009041-802b1abc,1784798825365,1784798825385,202,20.000,warm
9008,exp-warm-10000-009202-1251cfea,1784798825365,1784798825392,202,27.000,warm
9009,exp-warm-10000-009244-4ac6ead3,1784798825365,1784798825395,202,30.000,warm
9010,exp-warm-10000-008689-eadae2f3,1784798825366,1784798825367,202,1.000,warm
9011,exp-warm-10000-008696-b79026ab,1784798825366,1784798825367,202,1.000,warm
9012,exp-warm-10000-008757-964e6f10,1784798825366,1784798825370,202,4.000,warm
9013,exp-warm-10000-008793-c21d1639,1784798825366,1784798825373,202,7.000,warm
9014,exp-warm-10000-008824-d18b7fcc,1784798825366,1784798825374,202,8.000,warm
9015,exp-warm-10000-009030-a2d237b3,1784798825366,1784798825385,202,19.000,warm
9016,exp-warm-10000-009024-5d96ac0c,1784798825366,1784798825385,202,19.000,warm
9017,exp-warm-10000-009033-035c7f05,1784798825366,1784798825385,202,19.000,warm
9018,exp-warm-10000-009044-af9d20c5,1784798825366,1784798825385,202,19.000,warm
9019,exp-warm-10000-009026-93f884cb,1784798825366,1784798825385,202,19.000,warm
9020,exp-warm-10000-009038-dc69443f,1784798825366,1784798825385,202,19.000,warm
9021,exp-warm-10000-009045-2c1becf9,1784798825366,1784798825385,202,19.000,warm
9022,exp-warm-10000-009036-dc502443,1784798825366,1784798825385,202,19.000,warm
9023,exp-warm-10000-009232-ecc653db,1784798825366,1784798825395,202,29.000,warm
9024,exp-warm-10000-008709-9384e42a,1784798825367,1784798825368,202,1.000,warm
9025,exp-warm-10000-008718-5c1b52bd,1784798825367,1784798825368,202,1.000,warm
9026,exp-warm-10000-008717-d4b2b356,1784798825367,1784798825368,202,1.000,warm
9027,exp-warm-10000-008789-271a4c9c,1784798825367,1784798825372,202,5.000,warm
9028,exp-warm-10000-008847-a27b09e3,1784798825367,1784798825375,202,8.000,warm
9029,exp-warm-10000-008856-87b868a3,1784798825367,1784798825375,202,8.000,warm
9030,exp-warm-10000-008853-5f16e134,1784798825367,1784798825375,202,8.000,warm
9031,exp-warm-10000-008848-49bbe5d0,1784798825367,1784798825375,202,8.000,warm
9032,exp-warm-10000-008924-40a8fedd,1784798825367,1784798825379,202,12.000,warm
9033,exp-warm-10000-009023-45a5082d,1784798825367,1784798825384,202,17.000,warm
9034,exp-warm-10000-009054-fa847eed,1784798825367,1784798825386,202,19.000,warm
9035,exp-warm-10000-009068-62f496f7,1784798825367,1784798825386,202,19.000,warm
9036,exp-warm-10000-009071-36d4d439,1784798825367,1784798825386,202,19.000,warm
9037,exp-warm-10000-009073-3740c36f,1784798825367,1784798825386,202,19.000,warm
9038,exp-warm-10000-009201-6852a567,1784798825367,1784798825392,202,25.000,warm
9039,exp-warm-10000-009262-d301cacb,1784798825367,1784798825397,202,30.000,warm
9040,exp-warm-10000-008731-086a08a4,1784798825368,1784798825369,202,1.000,warm
9041,exp-warm-10000-008733-f8e294e1,1784798825368,1784798825369,202,1.000,warm
9042,exp-warm-10000-008736-307be4a0,1784798825368,1784798825369,202,1.000,warm
9043,exp-warm-10000-008804-ff56206c,1784798825368,1784798825373,202,5.000,warm
9044,exp-warm-10000-008837-9b990d75,1784798825368,1784798825374,202,6.000,warm
9045,exp-warm-10000-008867-c5c90906,1784798825368,1784798825376,202,8.000,warm
9046,exp-warm-10000-008869-77d28f11,1784798825368,1784798825376,202,8.000,warm
9047,exp-warm-10000-008962-b96c05aa,1784798825368,1784798825381,202,13.000,warm
9048,exp-warm-10000-008952-6bbb2d6a,1784798825368,1784798825381,202,13.000,warm
9049,exp-warm-10000-008989-2e6e1dc3,1784798825368,1784798825383,202,15.000,warm
9050,exp-warm-10000-009061-2075f549,1784798825368,1784798825386,202,18.000,warm
9051,exp-warm-10000-009060-fa65a659,1784798825368,1784798825386,202,18.000,warm
9052,exp-warm-10000-009051-8b8705b8,1784798825368,1784798825386,202,18.000,warm
9053,exp-warm-10000-009093-cbbaddd8,1784798825368,1784798825388,202,20.000,warm
9054,exp-warm-10000-009129-e80ea191,1784798825368,1784798825389,202,21.000,warm
9055,exp-warm-10000-009138-23540ec5,1784798825368,1784798825389,202,21.000,warm
9056,exp-warm-10000-009174-c6d88530,1784798825368,1784798825391,202,23.000,warm
9057,exp-warm-10000-009227-3d43d209,1784798825368,1784798825394,202,26.000,warm
9058,exp-warm-10000-009294-1f83aa74,1784798825368,1784798825400,202,32.000,warm
9059,exp-warm-10000-009290-30e6b20f,1784798825368,1784798825400,202,32.000,warm
9060,exp-warm-10000-009385-6a27c89d,1784798825368,1784798825407,202,39.000,warm
9061,exp-warm-10000-008743-754bf35d,1784798825369,1784798825370,202,1.000,warm
9062,exp-warm-10000-008754-061026e2,1784798825369,1784798825370,202,1.000,warm
9063,exp-warm-10000-008921-f16f412a,1784798825369,1784798825379,202,10.000,warm
9064,exp-warm-10000-008927-b90e3fdb,1784798825369,1784798825380,202,11.000,warm
9065,exp-warm-10000-008928-b76bd1c7,1784798825369,1784798825380,202,11.000,warm
9066,exp-warm-10000-008973-f6a86fcd,1784798825369,1784798825382,202,13.000,warm
9067,exp-warm-10000-009004-efc61348,1784798825369,1784798825384,202,15.000,warm
9068,exp-warm-10000-009020-50ab50d9,1784798825369,1784798825384,202,15.000,warm
9069,exp-warm-10000-009021-4f789f01,1784798825369,1784798825384,202,15.000,warm
9070,exp-warm-10000-009299-98eb2f1b,1784798825369,1784798825401,202,32.000,warm
9071,exp-warm-10000-009404-3f1f55b9,1784798825369,1784798825410,202,41.000,warm
9072,exp-warm-10000-008765-01417af8,1784798825370,1784798825371,202,1.000,warm
9073,exp-warm-10000-008767-17fc3836,1784798825370,1784798825371,202,1.000,warm
9074,exp-warm-10000-008768-78628862,1784798825370,1784798825371,202,1.000,warm
9075,exp-warm-10000-008887-265d0e09,1784798825370,1784798825377,202,7.000,warm
9076,exp-warm-10000-008917-cfb1c87b,1784798825370,1784798825379,202,9.000,warm
9077,exp-warm-10000-008965-7bfcbd2a,1784798825370,1784798825382,202,12.000,warm
9078,exp-warm-10000-008969-dc227d2b,1784798825370,1784798825382,202,12.000,warm
9079,exp-warm-10000-008970-eb0d7280,1784798825370,1784798825382,202,12.000,warm
9080,exp-warm-10000-008988-5fad6054,1784798825370,1784798825383,202,13.000,warm
9081,exp-warm-10000-008992-5ccf10b3,1784798825370,1784798825383,202,13.000,warm
9082,exp-warm-10000-009077-7156f52a,1784798825370,1784798825387,202,17.000,warm
9083,exp-warm-10000-009079-9fe66126,1784798825370,1784798825387,202,17.000,warm
9084,exp-warm-10000-009099-450e076d,1784798825370,1784798825388,202,18.000,warm
9085,exp-warm-10000-009103-baeff200,1784798825370,1784798825388,202,18.000,warm
9086,exp-warm-10000-009113-95b56907,1784798825370,1784798825388,202,18.000,warm
9087,exp-warm-10000-009107-4b9b92a2,1784798825370,1784798825388,202,18.000,warm
9088,exp-warm-10000-009117-58294619,1784798825370,1784798825388,202,18.000,warm
9089,exp-warm-10000-009114-40af1f15,1784798825370,1784798825388,202,18.000,warm
9090,exp-warm-10000-009151-8fa6a060,1784798825370,1784798825390,202,20.000,warm
9091,exp-warm-10000-009193-62d4c93b,1784798825370,1784798825392,202,22.000,warm
9092,exp-warm-10000-009200-8135c49d,1784798825370,1784798825392,202,22.000,warm
9093,exp-warm-10000-009204-16b63ede,1784798825370,1784798825392,202,22.000,warm
9094,exp-warm-10000-009214-bd616a9d,1784798825370,1784798825393,202,23.000,warm
9095,exp-warm-10000-009231-213b6bf5,1784798825370,1784798825394,202,24.000,warm
9096,exp-warm-10000-009276-af5685ef,1784798825370,1784798825399,202,29.000,warm
9097,exp-warm-10000-009280-4ccd5598,1784798825370,1784798825399,202,29.000,warm
9098,exp-warm-10000-009281-914baa1f,1784798825370,1784798825399,202,29.000,warm
9099,exp-warm-10000-009297-35808fd3,1784798825370,1784798825400,202,30.000,warm
9100,exp-warm-10000-009287-1f5f4504,1784798825370,1784798825400,202,30.000,warm
9101,exp-warm-10000-009363-111b2def,1784798825370,1784798825406,202,36.000,warm
9102,exp-warm-10000-008779-fc18f841,1784798825371,1784798825372,202,1.000,warm
9103,exp-warm-10000-008787-20665171,1784798825371,1784798825372,202,1.000,warm
9104,exp-warm-10000-008792-74d4c218,1784798825371,1784798825372,202,1.000,warm
9105,exp-warm-10000-008802-9487675f,1784798825371,1784798825373,202,2.000,warm
9106,exp-warm-10000-008964-1989b9f2,1784798825371,1784798825382,202,11.000,warm
9107,exp-warm-10000-009019-baf57d4a,1784798825371,1784798825384,202,13.000,warm
9108,exp-warm-10000-009014-9e7300ed,1784798825371,1784798825384,202,13.000,warm
9109,exp-warm-10000-009028-928555e6,1784798825371,1784798825385,202,14.000,warm
9110,exp-warm-10000-009098-8d1201e3,1784798825371,1784798825388,202,17.000,warm
9111,exp-warm-10000-009102-6a3d4fc3,1784798825371,1784798825388,202,17.000,warm
9112,exp-warm-10000-009112-108c1861,1784798825371,1784798825388,202,17.000,warm
9113,exp-warm-10000-009110-bf350455,1784798825371,1784798825388,202,17.000,warm
9114,exp-warm-10000-009139-1305c460,1784798825371,1784798825389,202,18.000,warm
9115,exp-warm-10000-009168-965d5678,1784798825371,1784798825390,202,19.000,warm
9116,exp-warm-10000-009173-985d8cd9,1784798825371,1784798825391,202,20.000,warm
9117,exp-warm-10000-009212-a29bb5da,1784798825371,1784798825393,202,22.000,warm
9118,exp-warm-10000-009216-81660b11,1784798825371,1784798825393,202,22.000,warm
9119,exp-warm-10000-009275-7e1c3476,1784798825371,1784798825398,202,27.000,warm
9120,exp-warm-10000-009292-1cab6b1b,1784798825371,1784798825400,202,29.000,warm
9121,exp-warm-10000-009291-f4f721bb,1784798825371,1784798825400,202,29.000,warm
9122,exp-warm-10000-009288-99752943,1784798825371,1784798825400,202,29.000,warm
9123,exp-warm-10000-009302-04bd485b,1784798825371,1784798825401,202,30.000,warm
9124,exp-warm-10000-009335-59cce737,1784798825371,1784798825404,202,33.000,warm
9125,exp-warm-10000-009347-909a0174,1784798825371,1784798825404,202,33.000,warm
9126,exp-warm-10000-009386-00de40f6,1784798825371,1784798825407,202,36.000,warm
9127,exp-warm-10000-008800-18f2d44e,1784798825372,1784798825373,202,1.000,warm
9128,exp-warm-10000-008803-0b1f9176,1784798825372,1784798825373,202,1.000,warm
9129,exp-warm-10000-008807-2ab19f0b,1784798825372,1784798825373,202,1.000,warm
9130,exp-warm-10000-008811-31becd63,1784798825372,1784798825373,202,1.000,warm
9131,exp-warm-10000-008882-28a595ed,1784798825372,1784798825377,202,5.000,warm
9132,exp-warm-10000-009135-f27b78be,1784798825372,1784798825389,202,17.000,warm
9133,exp-warm-10000-009142-196c232c,1784798825372,1784798825389,202,17.000,warm
9134,exp-warm-10000-009127-3f4454fb,1784798825372,1784798825389,202,17.000,warm
9135,exp-warm-10000-009137-7a4bc16f,1784798825372,1784798825389,202,17.000,warm
9136,exp-warm-10000-009146-60c07cc9,1784798825372,1784798825390,202,18.000,warm
9137,exp-warm-10000-009203-760ebbef,1784798825372,1784798825392,202,20.000,warm
9138,exp-warm-10000-009206-254fbedf,1784798825372,1784798825392,202,20.000,warm
9139,exp-warm-10000-009210-9c071264,1784798825372,1784798825393,202,21.000,warm
9140,exp-warm-10000-009218-e56bb4a0,1784798825372,1784798825393,202,21.000,warm
9141,exp-warm-10000-009397-9afc31c9,1784798825372,1784798825409,202,37.000,warm
9142,exp-warm-10000-008817-1b9f4866,1784798825373,1784798825374,202,1.000,warm
9143,exp-warm-10000-008819-a713e639,1784798825373,1784798825374,202,1.000,warm
9144,exp-warm-10000-008825-9d236e1b,1784798825373,1784798825374,202,1.000,warm
9145,exp-warm-10000-008823-44f40239,1784798825373,1784798825374,202,1.000,warm
9146,exp-warm-10000-008826-718abca0,1784798825373,1784798825374,202,1.000,warm
9147,exp-warm-10000-008822-877764c1,1784798825373,1784798825374,202,1.000,warm
9148,exp-warm-10000-008830-0f0d802b,1784798825373,1784798825374,202,1.000,warm
9149,exp-warm-10000-008827-ece69982,1784798825373,1784798825374,202,1.000,warm
9150,exp-warm-10000-008831-01568eb7,1784798825373,1784798825374,202,1.000,warm
9151,exp-warm-10000-008843-7473f088,1784798825373,1784798825375,202,2.000,warm
9152,exp-warm-10000-008915-bee30ac7,1784798825373,1784798825378,202,5.000,warm
9153,exp-warm-10000-008994-54c1953b,1784798825373,1784798825383,202,10.000,warm
9154,exp-warm-10000-009032-ae28c25f,1784798825373,1784798825385,202,12.000,warm
9155,exp-warm-10000-009034-f96dbc07,1784798825373,1784798825385,202,12.000,warm
9156,exp-warm-10000-009189-c3ec3658,1784798825373,1784798825391,202,18.000,warm
9157,exp-warm-10000-009185-34656ec9,1784798825373,1784798825391,202,18.000,warm
9158,exp-warm-10000-009217-4b2128ea,1784798825373,1784798825393,202,20.000,warm
9159,exp-warm-10000-009219-7840a2f3,1784798825373,1784798825393,202,20.000,warm
9160,exp-warm-10000-009221-4a9cd065,1784798825373,1784798825394,202,21.000,warm
9161,exp-warm-10000-009236-720592fd,1784798825373,1784798825395,202,22.000,warm
9162,exp-warm-10000-009237-2dfad027,1784798825373,1784798825395,202,22.000,warm
9163,exp-warm-10000-009239-67109a97,1784798825373,1784798825395,202,22.000,warm
9164,exp-warm-10000-009242-47725dc9,1784798825373,1784798825395,202,22.000,warm
9165,exp-warm-10000-009286-f7f286b0,1784798825373,1784798825400,202,27.000,warm
9166,exp-warm-10000-009285-7a478621,1784798825373,1784798825400,202,27.000,warm
9167,exp-warm-10000-009303-84f4e76f,1784798825373,1784798825401,202,28.000,warm
9168,exp-warm-10000-009387-8fe3788b,1784798825373,1784798825407,202,34.000,warm
9169,exp-warm-10000-008845-61175e61,1784798825374,1784798825375,202,1.000,warm
9170,exp-warm-10000-008842-92d5d320,1784798825374,1784798825375,202,1.000,warm
9171,exp-warm-10000-008841-cc885aec,1784798825374,1784798825375,202,1.000,warm
9172,exp-warm-10000-009015-f176731b,1784798825374,1784798825384,202,10.000,warm
9173,exp-warm-10000-009100-cfdf1f17,1784798825374,1784798825388,202,14.000,warm
9174,exp-warm-10000-009152-0e34e5db,1784798825374,1784798825390,202,16.000,warm
9175,exp-warm-10000-009177-a326bef5,1784798825374,1784798825391,202,17.000,warm
9176,exp-warm-10000-009209-97a8a824,1784798825374,1784798825393,202,19.000,warm
9177,exp-warm-10000-009226-5941a969,1784798825374,1784798825394,202,20.000,warm
9178,exp-warm-10000-009220-1c8ed3fd,1784798825374,1784798825394,202,20.000,warm
9179,exp-warm-10000-009230-309fa54d,1784798825374,1784798825394,202,20.000,warm
9180,exp-warm-10000-009234-acbcae1d,1784798825374,1784798825395,202,21.000,warm
9181,exp-warm-10000-009333-b668b5bc,1784798825374,1784798825404,202,30.000,warm
9182,exp-warm-10000-008862-b92cd470,1784798825375,1784798825376,202,1.000,warm
9183,exp-warm-10000-008864-1b4a4a2d,1784798825375,1784798825376,202,1.000,warm
9184,exp-warm-10000-008865-7fb44894,1784798825375,1784798825376,202,1.000,warm
9185,exp-warm-10000-008892-43e9f1f4,1784798825375,1784798825377,202,2.000,warm
9186,exp-warm-10000-008954-d1cba489,1784798825375,1784798825381,202,6.000,warm
9187,exp-warm-10000-009087-b5859d61,1784798825375,1784798825387,202,12.000,warm
9188,exp-warm-10000-009090-78854b0b,1784798825375,1784798825387,202,12.000,warm
9189,exp-warm-10000-009091-3589008e,1784798825375,1784798825387,202,12.000,warm
9190,exp-warm-10000-009211-63d68de7,1784798825375,1784798825393,202,18.000,warm
9191,exp-warm-10000-009213-427868fe,1784798825375,1784798825393,202,18.000,warm
9192,exp-warm-10000-009222-f197bcef,1784798825375,1784798825394,202,19.000,warm
9193,exp-warm-10000-009240-089cc72a,1784798825375,1784798825395,202,20.000,warm
9194,exp-warm-10000-009277-0a9af969,1784798825375,1784798825399,202,24.000,warm
9195,exp-warm-10000-009300-5c3d0512,1784798825375,1784798825401,202,26.000,warm
9196,exp-warm-10000-009315-dcf9b099,1784798825375,1784798825402,202,27.000,warm
9197,exp-warm-10000-009326-6be6392b,1784798825375,1784798825403,202,28.000,warm
9198,exp-warm-10000-009401-b9b1239a,1784798825375,1784798825409,202,34.000,warm
9199,exp-warm-10000-008881-e6265c86,1784798825376,1784798825377,202,1.000,warm
9200,exp-warm-10000-008886-36a0ba71,1784798825376,1784798825377,202,1.000,warm
9201,exp-warm-10000-008889-47abadf7,1784798825376,1784798825377,202,1.000,warm
9202,exp-warm-10000-008890-5c033a23,1784798825376,1784798825377,202,1.000,warm
9203,exp-warm-10000-008893-16cec0c2,1784798825376,1784798825377,202,1.000,warm
9204,exp-warm-10000-009233-a3629e8e,1784798825376,1784798825395,202,19.000,warm
9205,exp-warm-10000-009235-c07c13cd,1784798825376,1784798825395,202,19.000,warm
9206,exp-warm-10000-009241-93fe0988,1784798825376,1784798825395,202,19.000,warm
9207,exp-warm-10000-009252-30b684b9,1784798825376,1784798825396,202,20.000,warm
9208,exp-warm-10000-009250-87224dcf,1784798825376,1784798825396,202,20.000,warm
9209,exp-warm-10000-009251-70b603b3,1784798825376,1784798825396,202,20.000,warm
9210,exp-warm-10000-009336-d2bed4a4,1784798825376,1784798825404,202,28.000,warm
9211,exp-warm-10000-009338-281dfcb0,1784798825376,1784798825404,202,28.000,warm
9212,exp-warm-10000-009417-4c1fec3e,1784798825376,1784798825411,202,35.000,warm
9213,exp-warm-10000-008902-d2fcf4a7,1784798825377,1784798825378,202,1.000,warm
9214,exp-warm-10000-008906-e44e8c15,1784798825377,1784798825378,202,1.000,warm
9215,exp-warm-10000-008914-58718363,1784798825377,1784798825378,202,1.000,warm
9216,exp-warm-10000-008913-165f724d,1784798825377,1784798825378,202,1.000,warm
9217,exp-warm-10000-009048-858f1157,1784798825377,1784798825386,202,9.000,warm
9218,exp-warm-10000-009092-48f03467,1784798825377,1784798825388,202,11.000,warm
9219,exp-warm-10000-009141-f66a6285,1784798825377,1784798825389,202,12.000,warm
9220,exp-warm-10000-009243-b7bb86a5,1784798825377,1784798825395,202,18.000,warm
9221,exp-warm-10000-009258-df6e7423,1784798825377,1784798825397,202,20.000,warm
9222,exp-warm-10000-009269-295392ca,1784798825377,1784798825398,202,21.000,warm
9223,exp-warm-10000-009272-9ff1ed7a,1784798825377,1784798825398,202,21.000,warm
9224,exp-warm-10000-009402-d85d993e,1784798825377,1784798825410,202,33.000,warm
9225,exp-warm-10000-008916-090b8949,1784798825378,1784798825379,202,1.000,warm
9226,exp-warm-10000-009053-6cf792bf,1784798825378,1784798825386,202,8.000,warm
9227,exp-warm-10000-009143-065c0c5a,1784798825378,1784798825389,202,11.000,warm
9228,exp-warm-10000-009145-6e2df8d1,1784798825378,1784798825389,202,11.000,warm
9229,exp-warm-10000-009158-7932146a,1784798825378,1784798825390,202,12.000,warm
9230,exp-warm-10000-009342-404e2e7d,1784798825378,1784798825404,202,26.000,warm
9231,exp-warm-10000-009345-7d102a18,1784798825378,1784798825404,202,26.000,warm
9232,exp-warm-10000-009381-4734a2b2,1784798825378,1784798825406,202,28.000,warm
9233,exp-warm-10000-009400-0c819aa4,1784798825378,1784798825409,202,31.000,warm
9234,exp-warm-10000-008934-015b937d,1784798825379,1784798825380,202,1.000,warm
9235,exp-warm-10000-008929-a5ed8574,1784798825379,1784798825380,202,1.000,warm
9236,exp-warm-10000-008941-db1bbbb0,1784798825379,1784798825380,202,1.000,warm
9237,exp-warm-10000-009133-fa743fc3,1784798825379,1784798825389,202,10.000,warm
9238,exp-warm-10000-009186-486054e3,1784798825379,1784798825391,202,12.000,warm
9239,exp-warm-10000-009191-a1327f57,1784798825379,1784798825391,202,12.000,warm
9240,exp-warm-10000-009247-b4cc7e2e,1784798825379,1784798825396,202,17.000,warm
9241,exp-warm-10000-009264-14e14bce,1784798825379,1784798825398,202,19.000,warm
9242,exp-warm-10000-009271-4ed6e9ad,1784798825379,1784798825398,202,19.000,warm
9243,exp-warm-10000-009273-da9d1ea1,1784798825379,1784798825398,202,19.000,warm
9244,exp-warm-10000-009408-249b8ae0,1784798825379,1784798825410,202,31.000,warm
9245,exp-warm-10000-009423-83e81406,1784798825379,1784798825412,202,33.000,warm
9246,exp-warm-10000-009426-9b5ddda0,1784798825379,1784798825412,202,33.000,warm
9247,exp-warm-10000-009451-5f036830,1784798825379,1784798825414,202,35.000,warm
9248,exp-warm-10000-008947-afa936e4,1784798825380,1784798825381,202,1.000,warm
9249,exp-warm-10000-008951-64d5bc93,1784798825380,1784798825381,202,1.000,warm
9250,exp-warm-10000-009050-b6c33cc6,1784798825380,1784798825386,202,6.000,warm
9251,exp-warm-10000-009154-6ee2d948,1784798825380,1784798825390,202,10.000,warm
9252,exp-warm-10000-009153-9b549f48,1784798825380,1784798825390,202,10.000,warm
9253,exp-warm-10000-009162-960fd417,1784798825380,1784798825390,202,10.000,warm
9254,exp-warm-10000-009161-0fc6d80d,1784798825380,1784798825390,202,10.000,warm
9255,exp-warm-10000-009160-47d651a7,1784798825380,1784798825390,202,10.000,warm
9256,exp-warm-10000-009163-35874c82,1784798825380,1784798825390,202,10.000,warm
9257,exp-warm-10000-009170-3dc916ec,1784798825380,1784798825390,202,10.000,warm
9258,exp-warm-10000-009195-b5d7d57b,1784798825380,1784798825392,202,12.000,warm
9259,exp-warm-10000-009265-9f19736b,1784798825380,1784798825397,202,17.000,warm
9260,exp-warm-10000-009270-efac87c6,1784798825380,1784798825398,202,18.000,warm
9261,exp-warm-10000-009263-5a9a503f,1784798825380,1784798825398,202,18.000,warm
9262,exp-warm-10000-009316-cd7f62e2,1784798825380,1784798825402,202,22.000,warm
9263,exp-warm-10000-009052-28c79fa1,1784798825381,1784798825386,202,5.000,warm
9264,exp-warm-10000-009122-747c9567,1784798825381,1784798825389,202,8.000,warm
9265,exp-warm-10000-009167-3e6b4ec3,1784798825381,1784798825390,202,9.000,warm
9266,exp-warm-10000-009165-553c9b8a,1784798825381,1784798825390,202,9.000,warm
9267,exp-warm-10000-009305-52522e16,1784798825381,1784798825401,202,20.000,warm
9268,exp-warm-10000-009310-83a241c2,1784798825381,1784798825402,202,21.000,warm
9269,exp-warm-10000-009306-44230519,1784798825381,1784798825402,202,21.000,warm
9270,exp-warm-10000-009318-e8a39e70,1784798825381,1784798825402,202,21.000,warm
9271,exp-warm-10000-009319-0273204f,1784798825381,1784798825402,202,21.000,warm
9272,exp-warm-10000-009535-7eb0b253,1784798825381,1784798825422,202,41.000,warm
9273,exp-warm-10000-008981-cb6b67e7,1784798825382,1784798825383,202,1.000,warm
9274,exp-warm-10000-008984-3b38c0dd,1784798825382,1784798825383,202,1.000,warm
9275,exp-warm-10000-008987-afad4e12,1784798825382,1784798825383,202,1.000,warm
9276,exp-warm-10000-008985-006680b8,1784798825382,1784798825383,202,1.000,warm
9277,exp-warm-10000-008991-df4f9d2a,1784798825382,1784798825383,202,1.000,warm
9278,exp-warm-10000-008996-d5aa4ea1,1784798825382,1784798825383,202,1.000,warm
9279,exp-warm-10000-009182-99bf4bc6,1784798825382,1784798825391,202,9.000,warm
9280,exp-warm-10000-009179-2aac5526,1784798825382,1784798825391,202,9.000,warm
9281,exp-warm-10000-009184-1188a1c5,1784798825382,1784798825391,202,9.000,warm
9282,exp-warm-10000-009175-25b88ea6,1784798825382,1784798825391,202,9.000,warm
9283,exp-warm-10000-009183-b3c600d4,1784798825382,1784798825391,202,9.000,warm
9284,exp-warm-10000-009181-884beedf,1784798825382,1784798825391,202,9.000,warm
9285,exp-warm-10000-009225-6da645e1,1784798825382,1784798825394,202,12.000,warm
9286,exp-warm-10000-009228-f54b8c50,1784798825382,1784798825394,202,12.000,warm
9287,exp-warm-10000-009249-f48ff045,1784798825382,1784798825396,202,14.000,warm
9288,exp-warm-10000-009267-2e7f2de0,1784798825382,1784798825398,202,16.000,warm
9289,exp-warm-10000-009268-10be05a1,1784798825382,1784798825398,202,16.000,warm
9290,exp-warm-10000-009304-4940c87c,1784798825382,1784798825401,202,19.000,warm
9291,exp-warm-10000-009325-621c0cb9,1784798825382,1784798825403,202,21.000,warm
9292,exp-warm-10000-009323-856f8deb,1784798825382,1784798825403,202,21.000,warm
9293,exp-warm-10000-009328-0076ad1e,1784798825382,1784798825403,202,21.000,warm
9294,exp-warm-10000-009349-9d6f56a5,1784798825382,1784798825404,202,22.000,warm
9295,exp-warm-10000-009367-dd7993e1,1784798825382,1784798825406,202,24.000,warm
9296,exp-warm-10000-009395-291e3260,1784798825382,1784798825408,202,26.000,warm
9297,exp-warm-10000-009000-3f47be21,1784798825383,1784798825384,202,1.000,warm
9298,exp-warm-10000-009245-2775f38c,1784798825383,1784798825395,202,12.000,warm
9299,exp-warm-10000-009257-044a580b,1784798825383,1784798825397,202,14.000,warm
9300,exp-warm-10000-009321-904dbfb1,1784798825383,1784798825403,202,20.000,warm
9301,exp-warm-10000-009337-e1247004,1784798825383,1784798825404,202,21.000,warm
9302,exp-warm-10000-009340-c28c923d,1784798825383,1784798825404,202,21.000,warm
9303,exp-warm-10000-009346-965afccc,1784798825383,1784798825404,202,21.000,warm
9304,exp-warm-10000-009341-8711313f,1784798825383,1784798825404,202,21.000,warm
9305,exp-warm-10000-009352-7ea4f060,1784798825383,1784798825405,202,22.000,warm
9306,exp-warm-10000-009389-2e073560,1784798825383,1784798825407,202,24.000,warm
9307,exp-warm-10000-009382-3f2c408f,1784798825383,1784798825407,202,24.000,warm
9308,exp-warm-10000-009434-049fe50a,1784798825383,1784798825413,202,30.000,warm
9309,exp-warm-10000-009062-bb03931b,1784798825384,1784798825386,202,2.000,warm
9310,exp-warm-10000-009063-8a6b1046,1784798825384,1784798825386,202,2.000,warm
9311,exp-warm-10000-009156-66d5bc94,1784798825384,1784798825390,202,6.000,warm
9312,exp-warm-10000-009312-e5149240,1784798825384,1784798825402,202,18.000,warm
9313,exp-warm-10000-009317-a9a05724,1784798825384,1784798825402,202,18.000,warm
9314,exp-warm-10000-009329-91e8cb76,1784798825384,1784798825403,202,19.000,warm
9315,exp-warm-10000-009330-38cf8006,1784798825384,1784798825403,202,19.000,warm
9316,exp-warm-10000-009361-d83db0ee,1784798825384,1784798825405,202,21.000,warm
9317,exp-warm-10000-009350-434dd44b,1784798825384,1784798825405,202,21.000,warm
9318,exp-warm-10000-009356-13da0623,1784798825384,1784798825405,202,21.000,warm
9319,exp-warm-10000-009056-3c0fb566,1784798825385,1784798825386,202,1.000,warm
9320,exp-warm-10000-009065-4e930c4f,1784798825385,1784798825386,202,1.000,warm
9321,exp-warm-10000-009067-5132d765,1784798825385,1784798825386,202,1.000,warm
9322,exp-warm-10000-009066-24177f9c,1784798825385,1784798825386,202,1.000,warm
9323,exp-warm-10000-009072-06a3fcad,1784798825385,1784798825386,202,1.000,warm
9324,exp-warm-10000-009074-d6f6f382,1784798825385,1784798825386,202,1.000,warm
9325,exp-warm-10000-009075-6517e5a9,1784798825385,1784798825386,202,1.000,warm
9326,exp-warm-10000-009176-1d55fc64,1784798825385,1784798825391,202,6.000,warm
9327,exp-warm-10000-009223-a7df6a76,1784798825385,1784798825394,202,9.000,warm
9328,exp-warm-10000-009260-1b180145,1784798825385,1784798825398,202,13.000,warm
9329,exp-warm-10000-009266-7d0593c5,1784798825385,1784798825398,202,13.000,warm
9330,exp-warm-10000-009307-31506b22,1784798825385,1784798825402,202,17.000,warm
9331,exp-warm-10000-009308-4df08383,1784798825385,1784798825402,202,17.000,warm
9332,exp-warm-10000-009309-f6d2a42f,1784798825385,1784798825402,202,17.000,warm
9333,exp-warm-10000-009313-16aeb669,1784798825385,1784798825402,202,17.000,warm
9334,exp-warm-10000-009311-069b69da,1784798825385,1784798825402,202,17.000,warm
9335,exp-warm-10000-009327-fe88268d,1784798825385,1784798825403,202,18.000,warm
9336,exp-warm-10000-009353-a0721858,1784798825385,1784798825405,202,20.000,warm
9337,exp-warm-10000-009370-167a16ad,1784798825385,1784798825406,202,21.000,warm
9338,exp-warm-10000-009376-3264a6b4,1784798825385,1784798825406,202,21.000,warm
9339,exp-warm-10000-009375-40a2f8e6,1784798825385,1784798825406,202,21.000,warm
9340,exp-warm-10000-009409-4e36b9c7,1784798825385,1784798825410,202,25.000,warm
9341,exp-warm-10000-009418-f3b532f2,1784798825385,1784798825411,202,26.000,warm
9342,exp-warm-10000-009452-959fd1ff,1784798825385,1784798825414,202,29.000,warm
9343,exp-warm-10000-009530-8b496119,1784798825385,1784798825422,202,37.000,warm
9344,exp-warm-10000-009076-a24d3f34,1784798825386,1784798825387,202,1.000,warm
9345,exp-warm-10000-009080-7b83b279,1784798825386,1784798825387,202,1.000,warm
9346,exp-warm-10000-009085-bca6e8cb,1784798825386,1784798825387,202,1.000,warm
9347,exp-warm-10000-009089-d7ed04b1,1784798825386,1784798825387,202,1.000,warm
9348,exp-warm-10000-009118-89252dcf,1784798825386,1784798825388,202,2.000,warm
9349,exp-warm-10000-009278-290304f6,1784798825386,1784798825399,202,13.000,warm
9350,exp-warm-10000-009332-ee4034bd,1784798825386,1784798825403,202,17.000,warm
9351,exp-warm-10000-009320-937dfb05,1784798825386,1784798825403,202,17.000,warm
9352,exp-warm-10000-009322-9d632be9,1784798825386,1784798825403,202,17.000,warm
9353,exp-warm-10000-009348-bf1d8d5c,1784798825386,1784798825404,202,18.000,warm
9354,exp-warm-10000-009420-97e5be0a,1784798825386,1784798825411,202,25.000,warm
9355,exp-warm-10000-009493-365062d2,1784798825386,1784798825419,202,33.000,warm
9356,exp-warm-10000-009094-2e6ff37d,1784798825387,1784798825388,202,1.000,warm
9357,exp-warm-10000-009097-7dfac74a,1784798825387,1784798825388,202,1.000,warm
9358,exp-warm-10000-009104-63dc9102,1784798825387,1784798825388,202,1.000,warm
9359,exp-warm-10000-009105-69c30535,1784798825387,1784798825388,202,1.000,warm
9360,exp-warm-10000-009101-f8890fe7,1784798825387,1784798825388,202,1.000,warm
9361,exp-warm-10000-009147-f7f5cc59,1784798825387,1784798825389,202,2.000,warm
9362,exp-warm-10000-009144-06dd68bb,1784798825387,1784798825389,202,2.000,warm
9363,exp-warm-10000-009126-7ec71b1c,1784798825387,1784798825389,202,2.000,warm
9364,exp-warm-10000-009284-4589819b,1784798825387,1784798825400,202,13.000,warm
9365,exp-warm-10000-009289-9dc2bf8a,1784798825387,1784798825400,202,13.000,warm
9366,exp-warm-10000-009293-be25f8e1,1784798825387,1784798825400,202,13.000,warm
9367,exp-warm-10000-009295-e5d4b5f0,1784798825387,1784798825400,202,13.000,warm
9368,exp-warm-10000-009296-ad8a449a,1784798825387,1784798825400,202,13.000,warm
9369,exp-warm-10000-009334-b98eeea2,1784798825387,1784798825404,202,17.000,warm
9370,exp-warm-10000-009351-021f2ab6,1784798825387,1784798825405,202,18.000,warm
9371,exp-warm-10000-009412-d8b9d86f,1784798825387,1784798825410,202,23.000,warm
9372,exp-warm-10000-009470-1b303238,1784798825387,1784798825416,202,29.000,warm
9373,exp-warm-10000-009509-82ffcdb7,1784798825387,1784798825420,202,33.000,warm
9374,exp-warm-10000-009124-2778531a,1784798825388,1784798825389,202,1.000,warm
9375,exp-warm-10000-009123-a66157a7,1784798825388,1784798825389,202,1.000,warm
9376,exp-warm-10000-009125-432945ae,1784798825388,1784798825389,202,1.000,warm
9377,exp-warm-10000-009119-fcc867ed,1784798825388,1784798825389,202,1.000,warm
9378,exp-warm-10000-009131-a71686c4,1784798825388,1784798825389,202,1.000,warm
9379,exp-warm-10000-009132-18e38de4,1784798825388,1784798825389,202,1.000,warm
9380,exp-warm-10000-009134-aa66bc9c,1784798825388,1784798825389,202,1.000,warm
9381,exp-warm-10000-009136-9595715b,1784798825388,1784798825389,202,1.000,warm
9382,exp-warm-10000-009140-b2c9a3f2,1784798825388,1784798825389,202,1.000,warm
9383,exp-warm-10000-009256-83eb77a6,1784798825388,1784798825397,202,9.000,warm
9384,exp-warm-10000-009283-20757809,1784798825388,1784798825400,202,12.000,warm
9385,exp-warm-10000-009344-530a6013,1784798825388,1784798825404,202,16.000,warm
9386,exp-warm-10000-009355-2268fe8c,1784798825388,1784798825405,202,17.000,warm
9387,exp-warm-10000-009359-893a19ad,1784798825388,1784798825405,202,17.000,warm
9388,exp-warm-10000-009436-c1bb625c,1784798825388,1784798825413,202,25.000,warm
9389,exp-warm-10000-009495-71291bc0,1784798825388,1784798825419,202,31.000,warm
9390,exp-warm-10000-009149-79b4734c,1784798825389,1784798825390,202,1.000,warm
9391,exp-warm-10000-009150-4ceea704,1784798825389,1784798825390,202,1.000,warm
9392,exp-warm-10000-009254-d9a4f91f,1784798825389,1784798825397,202,8.000,warm
9393,exp-warm-10000-009255-9f5d3f57,1784798825389,1784798825397,202,8.000,warm
9394,exp-warm-10000-009298-0a7df7aa,1784798825389,1784798825401,202,12.000,warm
9395,exp-warm-10000-009358-5cce7224,1784798825389,1784798825405,202,16.000,warm
9396,exp-warm-10000-009357-e2b9ad08,1784798825389,1784798825405,202,16.000,warm
9397,exp-warm-10000-009360-e66d43da,1784798825389,1784798825405,202,16.000,warm
9398,exp-warm-10000-009354-35f175e5,1784798825389,1784798825405,202,16.000,warm
9399,exp-warm-10000-009362-7286eb60,1784798825389,1784798825405,202,16.000,warm
9400,exp-warm-10000-009379-d3a65268,1784798825389,1784798825406,202,17.000,warm
9401,exp-warm-10000-009368-cb37a5f6,1784798825389,1784798825406,202,17.000,warm
9402,exp-warm-10000-009414-fda57227,1784798825389,1784798825410,202,21.000,warm
9403,exp-warm-10000-009415-ed31f88a,1784798825389,1784798825411,202,22.000,warm
9404,exp-warm-10000-009432-99c958e5,1784798825389,1784798825412,202,23.000,warm
9405,exp-warm-10000-009430-97c35281,1784798825389,1784798825412,202,23.000,warm
9406,exp-warm-10000-009431-92480937,1784798825389,1784798825412,202,23.000,warm
9407,exp-warm-10000-009522-b70c0a28,1784798825389,1784798825421,202,32.000,warm
9408,exp-warm-10000-009378-9204db59,1784798825390,1784798825406,202,16.000,warm
9409,exp-warm-10000-009371-cbee33e2,1784798825390,1784798825406,202,16.000,warm
9410,exp-warm-10000-009369-994788fd,1784798825390,1784798825406,202,16.000,warm
9411,exp-warm-10000-009394-953fdc7d,1784798825390,1784798825407,202,17.000,warm
9412,exp-warm-10000-009403-c897cb02,1784798825390,1784798825409,202,19.000,warm
9413,exp-warm-10000-009508-29d3aac4,1784798825390,1784798825420,202,30.000,warm
9414,exp-warm-10000-009577-4c9dd095,1784798825390,1784798825427,202,37.000,warm
9415,exp-warm-10000-009366-110df088,1784798825391,1784798825406,202,15.000,warm
9416,exp-warm-10000-009374-2d3e1cca,1784798825391,1784798825406,202,15.000,warm
9417,exp-warm-10000-009373-16cb82d2,1784798825391,1784798825406,202,15.000,warm
9418,exp-warm-10000-009377-9927a9bb,1784798825391,1784798825406,202,15.000,warm
9419,exp-warm-10000-009392-45ca4130,1784798825391,1784798825407,202,16.000,warm
9420,exp-warm-10000-009391-7d43c11f,1784798825391,1784798825407,202,16.000,warm
9421,exp-warm-10000-009390-34e3b856,1784798825391,1784798825407,202,16.000,warm
9422,exp-warm-10000-009406-62093727,1784798825391,1784798825410,202,19.000,warm
9423,exp-warm-10000-009413-d60c992e,1784798825391,1784798825410,202,19.000,warm
9424,exp-warm-10000-009444-25df36d2,1784798825391,1784798825414,202,23.000,warm
9425,exp-warm-10000-009515-3a3b28cb,1784798825391,1784798825421,202,30.000,warm
9426,exp-warm-10000-009576-72e640d5,1784798825391,1784798825427,202,36.000,warm
9427,exp-warm-10000-009331-1efd65cd,1784798825392,1784798825404,202,12.000,warm
9428,exp-warm-10000-009372-ecbc8b27,1784798825392,1784798825406,202,14.000,warm
9429,exp-warm-10000-009383-7387c7bd,1784798825392,1784798825407,202,15.000,warm
9430,exp-warm-10000-009388-720898bf,1784798825392,1784798825407,202,15.000,warm
9431,exp-warm-10000-009393-a52f168c,1784798825392,1784798825407,202,15.000,warm
9432,exp-warm-10000-009384-a1c222ce,1784798825392,1784798825407,202,15.000,warm
9433,exp-warm-10000-009455-4564528f,1784798825392,1784798825414,202,22.000,warm
9434,exp-warm-10000-009460-708a6135,1784798825392,1784798825415,202,23.000,warm
9435,exp-warm-10000-009581-4c818be1,1784798825392,1784798825427,202,35.000,warm
9436,exp-warm-10000-009398-07864e15,1784798825393,1784798825409,202,16.000,warm
9437,exp-warm-10000-009405-b161da1b,1784798825393,1784798825410,202,17.000,warm
9438,exp-warm-10000-009428-82b50040,1784798825393,1784798825412,202,19.000,warm
9439,exp-warm-10000-009438-421721ee,1784798825393,1784798825413,202,20.000,warm
9440,exp-warm-10000-009453-4ab4d476,1784798825393,1784798825414,202,21.000,warm
9441,exp-warm-10000-009442-5f7c65ad,1784798825393,1784798825414,202,21.000,warm
9442,exp-warm-10000-009446-fc310458,1784798825393,1784798825414,202,21.000,warm
9443,exp-warm-10000-009443-cb41299a,1784798825393,1784798825414,202,21.000,warm
9444,exp-warm-10000-009445-7e25ec1e,1784798825393,1784798825414,202,21.000,warm
9445,exp-warm-10000-009540-bfa9f397,1784798825393,1784798825423,202,30.000,warm
9446,exp-warm-10000-009586-08114795,1784798825393,1784798825427,202,34.000,warm
9447,exp-warm-10000-009365-6c30aa58,1784798825394,1784798825406,202,12.000,warm
9448,exp-warm-10000-009364-471e187f,1784798825394,1784798825406,202,12.000,warm
9449,exp-warm-10000-009396-d93eb0e0,1784798825394,1784798825408,202,14.000,warm
9450,exp-warm-10000-009399-c76dea1e,1784798825394,1784798825409,202,15.000,warm
9451,exp-warm-10000-009410-19c4b5bc,1784798825394,1784798825410,202,16.000,warm
9452,exp-warm-10000-009407-e04b3942,1784798825394,1784798825410,202,16.000,warm
9453,exp-warm-10000-009427-b05e9132,1784798825394,1784798825412,202,18.000,warm
9454,exp-warm-10000-009437-08018764,1784798825394,1784798825413,202,19.000,warm
9455,exp-warm-10000-009421-f650c7a4,1784798825395,1784798825411,202,16.000,warm
9456,exp-warm-10000-009419-d6fd1aab,1784798825395,1784798825411,202,16.000,warm
9457,exp-warm-10000-009439-ee81c231,1784798825395,1784798825413,202,18.000,warm
9458,exp-warm-10000-009435-7eb5193f,1784798825395,1784798825413,202,18.000,warm
9459,exp-warm-10000-009454-0fcc86a7,1784798825395,1784798825414,202,19.000,warm
9460,exp-warm-10000-009501-f27166d0,1784798825395,1784798825419,202,24.000,warm
9461,exp-warm-10000-009411-5f8ea4c4,1784798825396,1784798825410,202,14.000,warm
9462,exp-warm-10000-009416-e1cbbd3e,1784798825396,1784798825411,202,15.000,warm
9463,exp-warm-10000-009422-10edc259,1784798825396,1784798825412,202,16.000,warm
9464,exp-warm-10000-009424-900456e4,1784798825396,1784798825412,202,16.000,warm
9465,exp-warm-10000-009440-5fbd1259,1784798825396,1784798825413,202,17.000,warm
9466,exp-warm-10000-009449-93104516,1784798825396,1784798825414,202,18.000,warm
9467,exp-warm-10000-009448-c2c95c00,1784798825396,1784798825414,202,18.000,warm
9468,exp-warm-10000-009456-441d7c25,1784798825396,1784798825415,202,19.000,warm
9469,exp-warm-10000-009465-0bfa521b,1784798825396,1784798825416,202,20.000,warm
9470,exp-warm-10000-009488-fa3ad1ff,1784798825396,1784798825419,202,23.000,warm
9471,exp-warm-10000-009491-9bd255c1,1784798825396,1784798825419,202,23.000,warm
9472,exp-warm-10000-009547-f5c5de6f,1784798825396,1784798825423,202,27.000,warm
9473,exp-warm-10000-009555-2dab2e66,1784798825396,1784798825424,202,28.000,warm
9474,exp-warm-10000-009556-531cbb91,1784798825396,1784798825424,202,28.000,warm
9475,exp-warm-10000-009564-329dd8a9,1784798825396,1784798825425,202,29.000,warm
9476,exp-warm-10000-009429-36e4fc26,1784798825397,1784798825412,202,15.000,warm
9477,exp-warm-10000-009425-d2cbee49,1784798825397,1784798825412,202,15.000,warm
9478,exp-warm-10000-009462-c74df922,1784798825397,1784798825415,202,18.000,warm
9479,exp-warm-10000-009504-343da522,1784798825397,1784798825420,202,23.000,warm
9480,exp-warm-10000-009433-50dcdffb,1784798825398,1784798825413,202,15.000,warm
9481,exp-warm-10000-009441-f1f1afc6,1784798825398,1784798825413,202,15.000,warm
9482,exp-warm-10000-009450-48f2cf75,1784798825398,1784798825414,202,16.000,warm
9483,exp-warm-10000-009447-17884d1d,1784798825398,1784798825414,202,16.000,warm
9484,exp-warm-10000-009459-f9a84d95,1784798825398,1784798825415,202,17.000,warm
9485,exp-warm-10000-009457-107a2222,1784798825398,1784798825415,202,17.000,warm
9486,exp-warm-10000-009458-d21904d5,1784798825399,1784798825415,202,16.000,warm
9487,exp-warm-10000-009476-66c2400c,1784798825399,1784798825417,202,18.000,warm
9488,exp-warm-10000-009480-66932179,1784798825399,1784798825418,202,19.000,warm
9489,exp-warm-10000-009538-e67c29a4,1784798825399,1784798825422,202,23.000,warm
9490,exp-warm-10000-009461-2a10e22f,1784798825400,1784798825415,202,15.000,warm
9491,exp-warm-10000-009464-88cc70c1,1784798825400,1784798825415,202,15.000,warm
9492,exp-warm-10000-009472-dc212128,1784798825400,1784798825417,202,17.000,warm
9493,exp-warm-10000-009477-44332d19,1784798825400,1784798825417,202,17.000,warm
9494,exp-warm-10000-009485-04b557ba,1784798825400,1784798825418,202,18.000,warm
9495,exp-warm-10000-009574-c790f1fb,1784798825400,1784798825426,202,26.000,warm
9496,exp-warm-10000-009467-e4289756,1784798825401,1784798825416,202,15.000,warm
9497,exp-warm-10000-009469-050ad0ca,1784798825401,1784798825416,202,15.000,warm
9498,exp-warm-10000-009475-f719e1e6,1784798825401,1784798825417,202,16.000,warm
9499,exp-warm-10000-009473-dccf0705,1784798825401,1784798825417,202,16.000,warm
9500,exp-warm-10000-009482-00dcd506,1784798825401,1784798825418,202,17.000,warm
9501,exp-warm-10000-009570-fa1d3521,1784798825401,1784798825426,202,25.000,warm
9502,exp-warm-10000-009468-3566b14d,1784798825402,1784798825416,202,14.000,warm
9503,exp-warm-10000-009466-0d8ee87e,1784798825402,1784798825416,202,14.000,warm
9504,exp-warm-10000-009497-0af4d1fb,1784798825402,1784798825419,202,17.000,warm
9505,exp-warm-10000-009490-650f177f,1784798825402,1784798825419,202,17.000,warm
9506,exp-warm-10000-009496-65cb1a50,1784798825402,1784798825419,202,17.000,warm
9507,exp-warm-10000-009498-942d7608,1784798825402,1784798825419,202,17.000,warm
9508,exp-warm-10000-009511-613e17a5,1784798825402,1784798825420,202,18.000,warm
9509,exp-warm-10000-009568-8a925ec8,1784798825402,1784798825425,202,23.000,warm
9510,exp-warm-10000-009616-f00cfc81,1784798825402,1784798825431,202,29.000,warm
9511,exp-warm-10000-009471-611b98e9,1784798825403,1784798825417,202,14.000,warm
9512,exp-warm-10000-009481-a402f18d,1784798825403,1784798825418,202,15.000,warm
9513,exp-warm-10000-009553-bf42677c,1784798825403,1784798825424,202,21.000,warm
9514,exp-warm-10000-009595-f2a91917,1784798825403,1784798825428,202,25.000,warm
9515,exp-warm-10000-009463-c6aea9f3,1784798825404,1784798825415,202,11.000,warm
9516,exp-warm-10000-009474-92193b8e,1784798825404,1784798825417,202,13.000,warm
9517,exp-warm-10000-009484-8163ecde,1784798825404,1784798825418,202,14.000,warm
9518,exp-warm-10000-009486-0236f2ee,1784798825404,1784798825418,202,14.000,warm
9519,exp-warm-10000-009487-068705c7,1784798825404,1784798825418,202,14.000,warm
9520,exp-warm-10000-009483-fd400adb,1784798825404,1784798825418,202,14.000,warm
9521,exp-warm-10000-009500-c27b0e30,1784798825404,1784798825419,202,15.000,warm
9522,exp-warm-10000-009503-87c40202,1784798825404,1784798825420,202,16.000,warm
9523,exp-warm-10000-009512-37a30497,1784798825404,1784798825421,202,17.000,warm
9524,exp-warm-10000-009523-99dfe412,1784798825404,1784798825422,202,18.000,warm
9525,exp-warm-10000-009537-b9895450,1784798825404,1784798825422,202,18.000,warm
9526,exp-warm-10000-009539-b85c38b2,1784798825404,1784798825422,202,18.000,warm
9527,exp-warm-10000-009550-bbcad903,1784798825404,1784798825423,202,19.000,warm
9528,exp-warm-10000-009567-9d84ecf2,1784798825404,1784798825425,202,21.000,warm
9529,exp-warm-10000-009594-ff6a77e1,1784798825404,1784798825428,202,24.000,warm
9530,exp-warm-10000-009479-69f66c01,1784798825405,1784798825418,202,13.000,warm
9531,exp-warm-10000-009492-286d09b9,1784798825405,1784798825419,202,14.000,warm
9532,exp-warm-10000-009499-d714d60e,1784798825405,1784798825419,202,14.000,warm
9533,exp-warm-10000-009494-6cd80e01,1784798825405,1784798825419,202,14.000,warm
9534,exp-warm-10000-009507-0d56cf74,1784798825405,1784798825420,202,15.000,warm
9535,exp-warm-10000-009506-0bb9a81d,1784798825405,1784798825420,202,15.000,warm
9536,exp-warm-10000-009510-8d4f70e7,1784798825405,1784798825420,202,15.000,warm
9537,exp-warm-10000-009526-b1f28405,1784798825405,1784798825422,202,17.000,warm
9538,exp-warm-10000-009541-5c3c719e,1784798825405,1784798825423,202,18.000,warm
9539,exp-warm-10000-009551-e0abffd1,1784798825405,1784798825423,202,18.000,warm
9540,exp-warm-10000-009505-88e66c2d,1784798825406,1784798825420,202,14.000,warm
9541,exp-warm-10000-009489-dce2c138,1784798825406,1784798825420,202,14.000,warm
9542,exp-warm-10000-009517-10652b52,1784798825406,1784798825421,202,15.000,warm
9543,exp-warm-10000-009516-ef4182b6,1784798825406,1784798825421,202,15.000,warm
9544,exp-warm-10000-009519-6d806191,1784798825406,1784798825421,202,15.000,warm
9545,exp-warm-10000-009543-369de066,1784798825406,1784798825423,202,17.000,warm
9546,exp-warm-10000-009563-802aa1a1,1784798825406,1784798825425,202,19.000,warm
9547,exp-warm-10000-009600-8caed032,1784798825406,1784798825429,202,23.000,warm
9548,exp-warm-10000-009597-d6bb20b8,1784798825406,1784798825429,202,23.000,warm
9549,exp-warm-10000-009502-d3c621df,1784798825407,1784798825420,202,13.000,warm
9550,exp-warm-10000-009514-dcf36c47,1784798825407,1784798825421,202,14.000,warm
9551,exp-warm-10000-009513-922ccb92,1784798825407,1784798825421,202,14.000,warm
9552,exp-warm-10000-009521-d2d79279,1784798825407,1784798825421,202,14.000,warm
9553,exp-warm-10000-009520-811dce18,1784798825407,1784798825421,202,14.000,warm
9554,exp-warm-10000-009525-a072b187,1784798825407,1784798825422,202,15.000,warm
9555,exp-warm-10000-009534-bccc3388,1784798825407,1784798825422,202,15.000,warm
9556,exp-warm-10000-009528-724d4856,1784798825407,1784798825422,202,15.000,warm
9557,exp-warm-10000-009531-36c5af9b,1784798825407,1784798825422,202,15.000,warm
9558,exp-warm-10000-009536-97356614,1784798825407,1784798825422,202,15.000,warm
9559,exp-warm-10000-009532-c71ee0ea,1784798825407,1784798825422,202,15.000,warm
9560,exp-warm-10000-009575-87e09626,1784798825407,1784798825426,202,19.000,warm
9561,exp-warm-10000-009630-1be76e2a,1784798825407,1784798825432,202,25.000,warm
9562,exp-warm-10000-009518-5b245968,1784798825408,1784798825421,202,13.000,warm
9563,exp-warm-10000-009527-92703af6,1784798825408,1784798825422,202,14.000,warm
9564,exp-warm-10000-009524-f71317f7,1784798825408,1784798825422,202,14.000,warm
9565,exp-warm-10000-009533-757014eb,1784798825408,1784798825422,202,14.000,warm
9566,exp-warm-10000-009529-5182303c,1784798825408,1784798825422,202,14.000,warm
9567,exp-warm-10000-009557-02383340,1784798825408,1784798825424,202,16.000,warm
9568,exp-warm-10000-009566-050b4755,1784798825408,1784798825425,202,17.000,warm
9569,exp-warm-10000-009640-1ff9c0d9,1784798825408,1784798825433,202,25.000,warm
9570,exp-warm-10000-009545-560b19cb,1784798825409,1784798825423,202,14.000,warm
9571,exp-warm-10000-009548-f0689285,1784798825409,1784798825423,202,14.000,warm
9572,exp-warm-10000-009542-27baed2e,1784798825409,1784798825423,202,14.000,warm
9573,exp-warm-10000-009561-84fec196,1784798825409,1784798825425,202,16.000,warm
9574,exp-warm-10000-009617-92e57443,1784798825409,1784798825431,202,22.000,warm
9575,exp-warm-10000-009638-f3cd8203,1784798825409,1784798825433,202,24.000,warm
9576,exp-warm-10000-009544-c1059b8b,1784798825410,1784798825423,202,13.000,warm
9577,exp-warm-10000-009546-b3276408,1784798825410,1784798825423,202,13.000,warm
9578,exp-warm-10000-009549-e9451032,1784798825410,1784798825423,202,13.000,warm
9579,exp-warm-10000-009571-bcb798f1,1784798825410,1784798825426,202,16.000,warm
9580,exp-warm-10000-009587-51164b13,1784798825410,1784798825427,202,17.000,warm
9581,exp-warm-10000-009585-8f9add70,1784798825410,1784798825427,202,17.000,warm
9582,exp-warm-10000-009619-e6a81202,1784798825410,1784798825431,202,21.000,warm
9583,exp-warm-10000-009629-82f4166e,1784798825410,1784798825432,202,22.000,warm
9584,exp-warm-10000-009554-bfe38dba,1784798825411,1784798825424,202,13.000,warm
9585,exp-warm-10000-009560-6426af77,1784798825411,1784798825425,202,14.000,warm
9586,exp-warm-10000-009579-551fd703,1784798825411,1784798825427,202,16.000,warm
9587,exp-warm-10000-009659-1f5ec0e7,1784798825411,1784798825434,202,23.000,warm
9588,exp-warm-10000-009668-e12d7d98,1784798825411,1784798825435,202,24.000,warm
9589,exp-warm-10000-009562-cd4ebfbc,1784798825412,1784798825425,202,13.000,warm
9590,exp-warm-10000-009559-66bfb796,1784798825412,1784798825425,202,13.000,warm
9591,exp-warm-10000-009565-9608565a,1784798825412,1784798825425,202,13.000,warm
9592,exp-warm-10000-009582-7118bb97,1784798825412,1784798825427,202,15.000,warm
9593,exp-warm-10000-009670-7d78a9b1,1784798825412,1784798825435,202,23.000,warm
9594,exp-warm-10000-009718-8eea1df1,1784798825412,1784798825439,202,27.000,warm
9595,exp-warm-10000-009558-00c16aad,1784798825413,1784798825425,202,12.000,warm
9596,exp-warm-10000-009552-677477fe,1784798825413,1784798825425,202,12.000,warm
9597,exp-warm-10000-009572-b7e34f59,1784798825413,1784798825426,202,13.000,warm
9598,exp-warm-10000-009573-f94d99e4,1784798825413,1784798825426,202,13.000,warm
9599,exp-warm-10000-009580-026dabb9,1784798825413,1784798825427,202,14.000,warm
9600,exp-warm-10000-009588-eafb7971,1784798825413,1784798825427,202,14.000,warm
9601,exp-warm-10000-009583-41072025,1784798825413,1784798825427,202,14.000,warm
9602,exp-warm-10000-009584-981e91a1,1784798825413,1784798825427,202,14.000,warm
9603,exp-warm-10000-009592-27b8f81a,1784798825413,1784798825428,202,15.000,warm
9604,exp-warm-10000-009593-c9c9479d,1784798825413,1784798825428,202,15.000,warm
9605,exp-warm-10000-009578-db60cb3d,1784798825414,1784798825427,202,13.000,warm
9606,exp-warm-10000-009596-50a48b28,1784798825414,1784798825428,202,14.000,warm
9607,exp-warm-10000-009591-b8e19621,1784798825414,1784798825428,202,14.000,warm
9608,exp-warm-10000-009666-701d519a,1784798825414,1784798825435,202,21.000,warm
9609,exp-warm-10000-009589-d8cb2e5e,1784798825415,1784798825428,202,13.000,warm
9610,exp-warm-10000-009590-f225c30a,1784798825415,1784798825428,202,13.000,warm
9611,exp-warm-10000-009606-f1d86f0a,1784798825415,1784798825430,202,15.000,warm
9612,exp-warm-10000-009645-e5f4a1e5,1784798825415,1784798825433,202,18.000,warm
9613,exp-warm-10000-009643-1b762f25,1784798825415,1784798825433,202,18.000,warm
9614,exp-warm-10000-009712-be886861,1784798825415,1784798825438,202,23.000,warm
9615,exp-warm-10000-009599-811f9208,1784798825416,1784798825429,202,13.000,warm
9616,exp-warm-10000-009598-75179cc6,1784798825416,1784798825429,202,13.000,warm
9617,exp-warm-10000-009609-8117a12f,1784798825416,1784798825430,202,14.000,warm
9618,exp-warm-10000-009605-ef3b2bc5,1784798825416,1784798825430,202,14.000,warm
9619,exp-warm-10000-009657-d2054bd3,1784798825416,1784798825434,202,18.000,warm
9620,exp-warm-10000-009703-7f88555a,1784798825416,1784798825437,202,21.000,warm
9621,exp-warm-10000-009701-3e8b7676,1784798825416,1784798825437,202,21.000,warm
9622,exp-warm-10000-009601-61c38a46,1784798825417,1784798825430,202,13.000,warm
9623,exp-warm-10000-009607-58c882bf,1784798825417,1784798825430,202,13.000,warm
9624,exp-warm-10000-009610-2ee74722,1784798825417,1784798825430,202,13.000,warm
9625,exp-warm-10000-009614-3cab5984,1784798825417,1784798825430,202,13.000,warm
9626,exp-warm-10000-009613-61add678,1784798825417,1784798825430,202,13.000,warm
9627,exp-warm-10000-009611-f1f96258,1784798825417,1784798825430,202,13.000,warm
9628,exp-warm-10000-009612-20d74b22,1784798825417,1784798825430,202,13.000,warm
9629,exp-warm-10000-009615-9ec13763,1784798825417,1784798825431,202,14.000,warm
9630,exp-warm-10000-009622-d8cb14c2,1784798825417,1784798825431,202,14.000,warm
9631,exp-warm-10000-009620-a04e3cf8,1784798825417,1784798825431,202,14.000,warm
9632,exp-warm-10000-009623-42c95774,1784798825417,1784798825432,202,15.000,warm
9633,exp-warm-10000-009634-370bdfdc,1784798825417,1784798825432,202,15.000,warm
9634,exp-warm-10000-009714-330d627b,1784798825417,1784798825438,202,21.000,warm
9635,exp-warm-10000-009604-edc7e031,1784798825418,1784798825430,202,12.000,warm
9636,exp-warm-10000-009608-c4211283,1784798825418,1784798825430,202,12.000,warm
9637,exp-warm-10000-009602-699d1db0,1784798825418,1784798825430,202,12.000,warm
9638,exp-warm-10000-009649-54e21279,1784798825418,1784798825433,202,15.000,warm
9639,exp-warm-10000-009636-c52491fa,1784798825418,1784798825433,202,15.000,warm
9640,exp-warm-10000-009723-3fe99202,1784798825418,1784798825440,202,22.000,warm
9641,exp-warm-10000-009730-3c0d8941,1784798825418,1784798825441,202,23.000,warm
9642,exp-warm-10000-009621-277fd6c5,1784798825419,1784798825431,202,12.000,warm
9643,exp-warm-10000-009618-26676aa2,1784798825419,1784798825431,202,12.000,warm
9644,exp-warm-10000-009637-224e438b,1784798825419,1784798825432,202,13.000,warm
9645,exp-warm-10000-009639-c98ef3fe,1784798825419,1784798825433,202,14.000,warm
9646,exp-warm-10000-009652-7da0330c,1784798825419,1784798825434,202,15.000,warm
9647,exp-warm-10000-009660-ba0add11,1784798825419,1784798825434,202,15.000,warm
9648,exp-warm-10000-009569-0a0d7dbb,1784798825420,1784798825426,202,6.000,warm
9649,exp-warm-10000-009626-91291686,1784798825420,1784798825432,202,12.000,warm
9650,exp-warm-10000-009632-ef28a8e8,1784798825420,1784798825432,202,12.000,warm
9651,exp-warm-10000-009627-7ce23312,1784798825420,1784798825432,202,12.000,warm
9652,exp-warm-10000-009628-b9cb24e9,1784798825420,1784798825432,202,12.000,warm
9653,exp-warm-10000-009635-66eb9531,1784798825420,1784798825432,202,12.000,warm
9654,exp-warm-10000-009631-bd3e4f9f,1784798825420,1784798825432,202,12.000,warm
9655,exp-warm-10000-009625-a5f0fda0,1784798825420,1784798825432,202,12.000,warm
9656,exp-warm-10000-009624-08a29d46,1784798825420,1784798825432,202,12.000,warm
9657,exp-warm-10000-009633-9cd44983,1784798825420,1784798825432,202,12.000,warm
9658,exp-warm-10000-009655-1014e695,1784798825420,1784798825434,202,14.000,warm
9659,exp-warm-10000-009656-448d9ea7,1784798825420,1784798825434,202,14.000,warm
9660,exp-warm-10000-009667-c0b6c722,1784798825420,1784798825435,202,15.000,warm
9661,exp-warm-10000-009673-0850be6d,1784798825420,1784798825435,202,15.000,warm
9662,exp-warm-10000-009719-9db01123,1784798825420,1784798825439,202,19.000,warm
9663,exp-warm-10000-009729-81e1c905,1784798825420,1784798825441,202,21.000,warm
9664,exp-warm-10000-009644-397a68bd,1784798825421,1784798825433,202,12.000,warm
9665,exp-warm-10000-009647-61f8c2bd,1784798825421,1784798825433,202,12.000,warm
9666,exp-warm-10000-009650-06488952,1784798825421,1784798825433,202,12.000,warm
9667,exp-warm-10000-009665-9eb84be1,1784798825421,1784798825435,202,14.000,warm
9668,exp-warm-10000-009672-7c6f1904,1784798825421,1784798825435,202,14.000,warm
9669,exp-warm-10000-009702-d073855c,1784798825421,1784798825437,202,16.000,warm
9670,exp-warm-10000-009731-a24b98a0,1784798825421,1784798825442,202,21.000,warm
9671,exp-warm-10000-009739-6962acbb,1784798825421,1784798825443,202,22.000,warm
9672,exp-warm-10000-009641-0aa84773,1784798825422,1784798825433,202,11.000,warm
9673,exp-warm-10000-009646-5c585558,1784798825422,1784798825433,202,11.000,warm
9674,exp-warm-10000-009648-534ecaf7,1784798825422,1784798825433,202,11.000,warm
9675,exp-warm-10000-009642-ff9d4538,1784798825422,1784798825433,202,11.000,warm
9676,exp-warm-10000-009661-93fb554f,1784798825422,1784798825434,202,12.000,warm
9677,exp-warm-10000-009671-c7471691,1784798825422,1784798825435,202,13.000,warm
9678,exp-warm-10000-009680-6a66df26,1784798825422,1784798825436,202,14.000,warm
9679,exp-warm-10000-009683-c3cbb40c,1784798825422,1784798825436,202,14.000,warm
9680,exp-warm-10000-009676-63a52d8d,1784798825422,1784798825436,202,14.000,warm
9681,exp-warm-10000-009684-09f949e8,1784798825422,1784798825436,202,14.000,warm
9682,exp-warm-10000-009686-0d061cb3,1784798825422,1784798825436,202,14.000,warm
9683,exp-warm-10000-009688-d6d954d1,1784798825422,1784798825436,202,14.000,warm
9684,exp-warm-10000-009693-20a09b78,1784798825422,1784798825437,202,15.000,warm
9685,exp-warm-10000-009687-ae33880d,1784798825422,1784798825437,202,15.000,warm
9686,exp-warm-10000-009716-851f552b,1784798825422,1784798825438,202,16.000,warm
9687,exp-warm-10000-009603-fd92585c,1784798825423,1784798825430,202,7.000,warm
9688,exp-warm-10000-009658-e49244cf,1784798825423,1784798825434,202,11.000,warm
9689,exp-warm-10000-009651-bd87d3c7,1784798825423,1784798825434,202,11.000,warm
9690,exp-warm-10000-009654-a90e48a7,1784798825423,1784798825434,202,11.000,warm
9691,exp-warm-10000-009682-5aa02f89,1784798825423,1784798825436,202,13.000,warm
9692,exp-warm-10000-009692-8badfd5e,1784798825423,1784798825437,202,14.000,warm
9693,exp-warm-10000-009695-9ac7be74,1784798825423,1784798825437,202,14.000,warm
9694,exp-warm-10000-009691-971dc66b,1784798825423,1784798825437,202,14.000,warm
9695,exp-warm-10000-009690-af4b764c,1784798825423,1784798825437,202,14.000,warm
9696,exp-warm-10000-009697-4de3989d,1784798825423,1784798825437,202,14.000,warm
9697,exp-warm-10000-009704-acc0f530,1784798825423,1784798825438,202,15.000,warm
9698,exp-warm-10000-009706-7ce1b38e,1784798825423,1784798825438,202,15.000,warm
9699,exp-warm-10000-009708-81887e00,1784798825423,1784798825438,202,15.000,warm
9700,exp-warm-10000-009728-bc14a7ed,1784798825423,1784798825441,202,18.000,warm
9701,exp-warm-10000-009664-2db3dcb9,1784798825424,1784798825435,202,11.000,warm
9702,exp-warm-10000-009663-2c7076db,1784798825424,1784798825435,202,11.000,warm
9703,exp-warm-10000-009696-0376834f,1784798825424,1784798825437,202,13.000,warm
9704,exp-warm-10000-009699-8eb0d71f,1784798825424,1784798825437,202,13.000,warm
9705,exp-warm-10000-009707-e9150607,1784798825424,1784798825438,202,14.000,warm
9706,exp-warm-10000-009653-d8692eed,1784798825425,1784798825434,202,9.000,warm
9707,exp-warm-10000-009662-4a3d9506,1784798825425,1784798825435,202,10.000,warm
9708,exp-warm-10000-009685-59f9d96d,1784798825425,1784798825436,202,11.000,warm
9709,exp-warm-10000-009674-d0a599b8,1784798825425,1784798825436,202,11.000,warm
9710,exp-warm-10000-009713-f5ea556f,1784798825425,1784798825438,202,13.000,warm
9711,exp-warm-10000-009710-33623a72,1784798825425,1784798825438,202,13.000,warm
9712,exp-warm-10000-009711-b7f0eee1,1784798825425,1784798825438,202,13.000,warm
9713,exp-warm-10000-009675-e558152f,1784798825426,1784798825436,202,10.000,warm
9714,exp-warm-10000-009679-bbb1d25c,1784798825426,1784798825436,202,10.000,warm
9715,exp-warm-10000-009677-b2cba93b,1784798825426,1784798825436,202,10.000,warm
9716,exp-warm-10000-009678-ea3539af,1784798825426,1784798825436,202,10.000,warm
9717,exp-warm-10000-009681-59701802,1784798825426,1784798825436,202,10.000,warm
9718,exp-warm-10000-009694-78c206f1,1784798825426,1784798825437,202,11.000,warm
9719,exp-warm-10000-009698-db292b10,1784798825426,1784798825437,202,11.000,warm
9720,exp-warm-10000-009700-b80d0ac0,1784798825426,1784798825437,202,11.000,warm
9721,exp-warm-10000-009705-b3b83ad0,1784798825426,1784798825438,202,12.000,warm
9722,exp-warm-10000-009689-a0ff5c13,1784798825427,1784798825437,202,10.000,warm
9723,exp-warm-10000-009715-f600f252,1784798825427,1784798825438,202,11.000,warm
9724,exp-warm-10000-009722-d1308b87,1784798825427,1784798825439,202,12.000,warm
9725,exp-warm-10000-009720-aeabe313,1784798825427,1784798825439,202,12.000,warm
9726,exp-warm-10000-009721-2656f462,1784798825427,1784798825439,202,12.000,warm
9727,exp-warm-10000-009738-cec10627,1784798825427,1784798825443,202,16.000,warm
9728,exp-warm-10000-009753-40fd03bb,1784798825427,1784798825444,202,17.000,warm
9729,exp-warm-10000-009717-c9260f3d,1784798825428,1784798825438,202,10.000,warm
9730,exp-warm-10000-009709-12023825,1784798825428,1784798825438,202,10.000,warm
9731,exp-warm-10000-009777-ab369934,1784798825428,1784798825446,202,18.000,warm
9732,exp-warm-10000-009783-2832df9f,1784798825428,1784798825446,202,18.000,warm
9733,exp-warm-10000-009725-3f3b5140,1784798825429,1784798825441,202,12.000,warm
9734,exp-warm-10000-009752-37a6718c,1784798825429,1784798825444,202,15.000,warm
9735,exp-warm-10000-009724-8ca8c2f0,1784798825430,1784798825440,202,10.000,warm
9736,exp-warm-10000-009768-8254a6eb,1784798825430,1784798825445,202,15.000,warm
9737,exp-warm-10000-009727-6a16bf6f,1784798825431,1784798825441,202,10.000,warm
9738,exp-warm-10000-009726-027cba50,1784798825431,1784798825441,202,10.000,warm
9739,exp-warm-10000-009735-1dae6802,1784798825431,1784798825442,202,11.000,warm
9740,exp-warm-10000-009749-ea3cae16,1784798825431,1784798825443,202,12.000,warm
9741,exp-warm-10000-009736-ee87361a,1784798825432,1784798825442,202,10.000,warm
9742,exp-warm-10000-009740-03f37537,1784798825432,1784798825442,202,10.000,warm
9743,exp-warm-10000-009737-366cb6a7,1784798825432,1784798825442,202,10.000,warm
9744,exp-warm-10000-009776-7822dcc5,1784798825432,1784798825446,202,14.000,warm
9745,exp-warm-10000-009732-40a34fc4,1784798825433,1784798825442,202,9.000,warm
9746,exp-warm-10000-009734-2f06550f,1784798825433,1784798825442,202,9.000,warm
9747,exp-warm-10000-009733-66d87806,1784798825433,1784798825442,202,9.000,warm
9748,exp-warm-10000-009770-835d2b82,1784798825433,1784798825446,202,13.000,warm
9749,exp-warm-10000-009786-b7f51656,1784798825433,1784798825446,202,13.000,warm
9750,exp-warm-10000-009741-a8e5d136,1784798825434,1784798825443,202,9.000,warm
9751,exp-warm-10000-009745-5ba323da,1784798825434,1784798825443,202,9.000,warm
9752,exp-warm-10000-009746-40f2351c,1784798825434,1784798825443,202,9.000,warm
9753,exp-warm-10000-009744-b28acfc0,1784798825434,1784798825443,202,9.000,warm
9754,exp-warm-10000-009748-0f68771f,1784798825434,1784798825443,202,9.000,warm
9755,exp-warm-10000-009747-b4c144fa,1784798825434,1784798825443,202,9.000,warm
9756,exp-warm-10000-009743-bf47f956,1784798825434,1784798825443,202,9.000,warm
9757,exp-warm-10000-009756-950c2f19,1784798825434,1784798825444,202,10.000,warm
9758,exp-warm-10000-009794-7f740a3f,1784798825434,1784798825447,202,13.000,warm
9759,exp-warm-10000-009755-757969b9,1784798825435,1784798825444,202,9.000,warm
9760,exp-warm-10000-009750-15296081,1784798825435,1784798825444,202,9.000,warm
9761,exp-warm-10000-009757-10210508,1784798825435,1784798825444,202,9.000,warm
9762,exp-warm-10000-009769-a6800a78,1784798825435,1784798825445,202,10.000,warm
9763,exp-warm-10000-009760-08f57a84,1784798825435,1784798825445,202,10.000,warm
9764,exp-warm-10000-009764-9a86b4c0,1784798825435,1784798825445,202,10.000,warm
9765,exp-warm-10000-009765-d5f67d31,1784798825435,1784798825445,202,10.000,warm
9766,exp-warm-10000-009742-016b0430,1784798825436,1784798825443,202,7.000,warm
9767,exp-warm-10000-009754-06884c8d,1784798825436,1784798825444,202,8.000,warm
9768,exp-warm-10000-009751-5fa7c3db,1784798825436,1784798825444,202,8.000,warm
9769,exp-warm-10000-009767-492f3736,1784798825436,1784798825445,202,9.000,warm
9770,exp-warm-10000-009762-61e8ddf3,1784798825436,1784798825445,202,9.000,warm
9771,exp-warm-10000-009763-5908ea2a,1784798825436,1784798825445,202,9.000,warm
9772,exp-warm-10000-009784-0c421b07,1784798825436,1784798825446,202,10.000,warm
9773,exp-warm-10000-009791-1ae874d3,1784798825436,1784798825447,202,11.000,warm
9774,exp-warm-10000-009827-fe0e99b0,1784798825436,1784798825451,202,15.000,warm
9775,exp-warm-10000-009766-c1e573ed,1784798825437,1784798825445,202,8.000,warm
9776,exp-warm-10000-009759-53041e1f,1784798825437,1784798825445,202,8.000,warm
9777,exp-warm-10000-009758-6f6ba6d8,1784798825437,1784798825445,202,8.000,warm
9778,exp-warm-10000-009761-c22a086a,1784798825437,1784798825445,202,8.000,warm
9779,exp-warm-10000-009782-0ccb0654,1784798825437,1784798825446,202,9.000,warm
9780,exp-warm-10000-009781-36a25265,1784798825437,1784798825446,202,9.000,warm
9781,exp-warm-10000-009775-e993bfcc,1784798825437,1784798825446,202,9.000,warm
9782,exp-warm-10000-009779-15621333,1784798825437,1784798825446,202,9.000,warm
9783,exp-warm-10000-009792-8c3e03d8,1784798825437,1784798825447,202,10.000,warm
9784,exp-warm-10000-009790-b920ddba,1784798825437,1784798825447,202,10.000,warm
9785,exp-warm-10000-009808-a5763637,1784798825437,1784798825448,202,11.000,warm
9786,exp-warm-10000-009813-45cc00bc,1784798825437,1784798825449,202,12.000,warm
9787,exp-warm-10000-009785-33e19b52,1784798825438,1784798825446,202,8.000,warm
9788,exp-warm-10000-009772-c80baa73,1784798825438,1784798825446,202,8.000,warm
9789,exp-warm-10000-009780-08d22855,1784798825438,1784798825446,202,8.000,warm
9790,exp-warm-10000-009788-058b403a,1784798825438,1784798825446,202,8.000,warm
9791,exp-warm-10000-009787-3796a40d,1784798825438,1784798825446,202,8.000,warm
9792,exp-warm-10000-009771-840f13c0,1784798825438,1784798825446,202,8.000,warm
9793,exp-warm-10000-009793-63513b51,1784798825438,1784798825447,202,9.000,warm
9794,exp-warm-10000-009797-06d1a6a9,1784798825438,1784798825447,202,9.000,warm
9795,exp-warm-10000-009814-7023dd70,1784798825438,1784798825449,202,11.000,warm
9796,exp-warm-10000-009826-9c869d42,1784798825438,1784798825451,202,13.000,warm
9797,exp-warm-10000-009778-ac032963,1784798825439,1784798825446,202,7.000,warm
9798,exp-warm-10000-009774-b06011ba,1784798825439,1784798825446,202,7.000,warm
9799,exp-warm-10000-009773-fbf01b3e,1784798825439,1784798825446,202,7.000,warm
9800,exp-warm-10000-009798-ffe6e7bb,1784798825439,1784798825447,202,8.000,warm
9801,exp-warm-10000-009796-f4c2a618,1784798825439,1784798825447,202,8.000,warm
9802,exp-warm-10000-009795-3dfabddd,1784798825439,1784798825447,202,8.000,warm
9803,exp-warm-10000-009810-1df56340,1784798825439,1784798825448,202,9.000,warm
9804,exp-warm-10000-009807-bbb7134c,1784798825439,1784798825448,202,9.000,warm
9805,exp-warm-10000-009821-62fc90ef,1784798825439,1784798825450,202,11.000,warm
9806,exp-warm-10000-009823-db408999,1784798825439,1784798825450,202,11.000,warm
9807,exp-warm-10000-009820-8b199385,1784798825439,1784798825450,202,11.000,warm
9808,exp-warm-10000-009825-b8da87ea,1784798825439,1784798825451,202,12.000,warm
9809,exp-warm-10000-009789-0fe7f638,1784798825440,1784798825447,202,7.000,warm
9810,exp-warm-10000-009802-a51aee09,1784798825440,1784798825448,202,8.000,warm
9811,exp-warm-10000-009809-b5d14b2e,1784798825440,1784798825448,202,8.000,warm
9812,exp-warm-10000-009806-2d9d835b,1784798825440,1784798825448,202,8.000,warm
9813,exp-warm-10000-009812-58c992ed,1784798825440,1784798825449,202,9.000,warm
9814,exp-warm-10000-009818-63e49d96,1784798825440,1784798825449,202,9.000,warm
9815,exp-warm-10000-009854-e5653f04,1784798825440,1784798825453,202,13.000,warm
9816,exp-warm-10000-009803-5e119750,1784798825441,1784798825448,202,7.000,warm
9817,exp-warm-10000-009804-aae76ebe,1784798825441,1784798825448,202,7.000,warm
9818,exp-warm-10000-009800-5fc8dd60,1784798825441,1784798825448,202,7.000,warm
9819,exp-warm-10000-009805-46a6f6b0,1784798825441,1784798825448,202,7.000,warm
9820,exp-warm-10000-009801-ca85aa90,1784798825441,1784798825448,202,7.000,warm
9821,exp-warm-10000-009811-ca6520e3,1784798825441,1784798825449,202,8.000,warm
9822,exp-warm-10000-009816-9b70a459,1784798825441,1784798825449,202,8.000,warm
9823,exp-warm-10000-009815-4346146c,1784798825441,1784798825449,202,8.000,warm
9824,exp-warm-10000-009817-90f4b3b8,1784798825441,1784798825449,202,8.000,warm
9825,exp-warm-10000-009835-7fff5e03,1784798825441,1784798825452,202,11.000,warm
9826,exp-warm-10000-009841-89c55668,1784798825441,1784798825452,202,11.000,warm
9827,exp-warm-10000-009836-931aefd8,1784798825441,1784798825452,202,11.000,warm
9828,exp-warm-10000-009862-8e341556,1784798825441,1784798825454,202,13.000,warm
9829,exp-warm-10000-009799-39c8299d,1784798825442,1784798825447,202,5.000,warm
9830,exp-warm-10000-009822-c6318bb9,1784798825442,1784798825450,202,8.000,warm
9831,exp-warm-10000-009819-90fb03d7,1784798825442,1784798825450,202,8.000,warm
9832,exp-warm-10000-009832-1154aa50,1784798825442,1784798825452,202,10.000,warm
9833,exp-warm-10000-009833-6b7a0961,1784798825442,1784798825452,202,10.000,warm
9834,exp-warm-10000-009852-bcfb8b0c,1784798825442,1784798825453,202,11.000,warm
9835,exp-warm-10000-009849-51c66404,1784798825442,1784798825453,202,11.000,warm
9836,exp-warm-10000-009828-b0681cbc,1784798825443,1784798825451,202,8.000,warm
9837,exp-warm-10000-009829-6c8ff8f4,1784798825443,1784798825451,202,8.000,warm
9838,exp-warm-10000-009824-e5207bf8,1784798825443,1784798825451,202,8.000,warm
9839,exp-warm-10000-009837-c1c60069,1784798825443,1784798825452,202,9.000,warm
9840,exp-warm-10000-009860-e4c71517,1784798825443,1784798825454,202,11.000,warm
9841,exp-warm-10000-009878-cfb57db6,1784798825443,1784798825455,202,12.000,warm
9842,exp-warm-10000-009831-f552998d,1784798825444,1784798825452,202,8.000,warm
9843,exp-warm-10000-009856-2d11e3bc,1784798825444,1784798825453,202,9.000,warm
9844,exp-warm-10000-009850-6a5bf570,1784798825444,1784798825453,202,9.000,warm
9845,exp-warm-10000-009858-4034d5ca,1784798825444,1784798825453,202,9.000,warm
9846,exp-warm-10000-009863-ed80e774,1784798825444,1784798825454,202,10.000,warm
9847,exp-warm-10000-009830-eef3e812,1784798825445,1784798825452,202,7.000,warm
9848,exp-warm-10000-009838-28cc31f0,1784798825445,1784798825452,202,7.000,warm
9849,exp-warm-10000-009839-2300cb4e,1784798825445,1784798825452,202,7.000,warm
9850,exp-warm-10000-009840-2128b269,1784798825445,1784798825452,202,7.000,warm
9851,exp-warm-10000-009834-58bd7112,1784798825445,1784798825452,202,7.000,warm
9852,exp-warm-10000-009853-bf1bff12,1784798825445,1784798825453,202,8.000,warm
9853,exp-warm-10000-009855-bbaa2b2b,1784798825445,1784798825453,202,8.000,warm
9854,exp-warm-10000-009851-883c02a3,1784798825445,1784798825453,202,8.000,warm
9855,exp-warm-10000-009857-7f7a25a5,1784798825445,1784798825453,202,8.000,warm
9856,exp-warm-10000-009864-8ec76283,1784798825445,1784798825454,202,9.000,warm
9857,exp-warm-10000-009842-8c1f5584,1784798825446,1784798825452,202,6.000,warm
9858,exp-warm-10000-009846-8a9a8e86,1784798825446,1784798825453,202,7.000,warm
9859,exp-warm-10000-009844-e3857105,1784798825447,1784798825453,202,6.000,warm
9860,exp-warm-10000-009845-fd1a6c61,1784798825447,1784798825453,202,6.000,warm
9861,exp-warm-10000-009847-55bf0d5a,1784798825447,1784798825453,202,6.000,warm
9862,exp-warm-10000-009843-f4521494,1784798825447,1784798825453,202,6.000,warm
9863,exp-warm-10000-009865-fcd90471,1784798825447,1784798825454,202,7.000,warm
9864,exp-warm-10000-009848-17e60c79,1784798825448,1784798825453,202,5.000,warm
9865,exp-warm-10000-009859-7392f8c2,1784798825448,1784798825454,202,6.000,warm
9866,exp-warm-10000-009861-9dde3af5,1784798825448,1784798825454,202,6.000,warm
9867,exp-warm-10000-009869-92318bfc,1784798825448,1784798825455,202,7.000,warm
9868,exp-warm-10000-009876-08b394d1,1784798825448,1784798825455,202,7.000,warm
9869,exp-warm-10000-009877-a0778e86,1784798825448,1784798825455,202,7.000,warm
9870,exp-warm-10000-009871-011dfaba,1784798825448,1784798825455,202,7.000,warm
9871,exp-warm-10000-009879-d89119fa,1784798825449,1784798825455,202,6.000,warm
9872,exp-warm-10000-009868-d5670030,1784798825449,1784798825455,202,6.000,warm
9873,exp-warm-10000-009866-37b24b48,1784798825449,1784798825455,202,6.000,warm
9874,exp-warm-10000-009872-98182a50,1784798825449,1784798825455,202,6.000,warm
9875,exp-warm-10000-009867-2593803d,1784798825449,1784798825455,202,6.000,warm
9876,exp-warm-10000-009875-915e35ea,1784798825449,1784798825455,202,6.000,warm
9877,exp-warm-10000-009892-1d78811d,1784798825449,1784798825458,202,9.000,warm
9878,exp-warm-10000-009873-fdd26fe1,1784798825450,1784798825455,202,5.000,warm
9879,exp-warm-10000-009874-175b9603,1784798825450,1784798825455,202,5.000,warm
9880,exp-warm-10000-009870-86c9d1eb,1784798825450,1784798825455,202,5.000,warm
9881,exp-warm-10000-009883-dd029e84,1784798825450,1784798825456,202,6.000,warm
9882,exp-warm-10000-009882-a93e12b8,1784798825450,1784798825456,202,6.000,warm
9883,exp-warm-10000-009897-71acf727,1784798825450,1784798825458,202,8.000,warm
9884,exp-warm-10000-009884-ec3199f6,1784798825451,1784798825456,202,5.000,warm
9885,exp-warm-10000-009881-1721d40c,1784798825451,1784798825456,202,5.000,warm
9886,exp-warm-10000-009880-989c3aee,1784798825451,1784798825456,202,5.000,warm
9887,exp-warm-10000-009886-73026382,1784798825451,1784798825457,202,6.000,warm
9888,exp-warm-10000-009896-91106b02,1784798825451,1784798825458,202,7.000,warm
9889,exp-warm-10000-009885-9acc6e8d,1784798825452,1784798825457,202,5.000,warm
9890,exp-warm-10000-009893-f7d31ab1,1784798825452,1784798825458,202,6.000,warm
9891,exp-warm-10000-009894-c98e2721,1784798825452,1784798825458,202,6.000,warm
9892,exp-warm-10000-009891-31480956,1784798825452,1784798825458,202,6.000,warm
9893,exp-warm-10000-009901-7fd97e5d,1784798825452,1784798825459,202,7.000,warm
9894,exp-warm-10000-009887-4ea4364f,1784798825453,1784798825457,202,4.000,warm
9895,exp-warm-10000-009898-169490cb,1784798825453,1784798825458,202,5.000,warm
9896,exp-warm-10000-009900-a28d9621,1784798825453,1784798825458,202,5.000,warm
9897,exp-warm-10000-009899-f68fab06,1784798825453,1784798825458,202,5.000,warm
9898,exp-warm-10000-009906-aac9a5a7,1784798825453,1784798825459,202,6.000,warm
9899,exp-warm-10000-009903-c95f7601,1784798825453,1784798825459,202,6.000,warm
9900,exp-warm-10000-009905-1b9342b2,1784798825453,1784798825459,202,6.000,warm
9901,exp-warm-10000-009919-8e7111f8,1784798825453,1784798825461,202,8.000,warm
9902,exp-warm-10000-009888-343a67f9,1784798825454,1784798825458,202,4.000,warm
9903,exp-warm-10000-009890-d8707f89,1784798825454,1784798825458,202,4.000,warm
9904,exp-warm-10000-009889-68ea9cc0,1784798825454,1784798825458,202,4.000,warm
9905,exp-warm-10000-009904-521d32b7,1784798825454,1784798825459,202,5.000,warm
9906,exp-warm-10000-009895-104a8989,1784798825455,1784798825458,202,3.000,warm
9907,exp-warm-10000-009909-2f8d7ef9,1784798825455,1784798825459,202,4.000,warm
9908,exp-warm-10000-009907-73606e14,1784798825455,1784798825459,202,4.000,warm
9909,exp-warm-10000-009902-18b0f6d8,1784798825455,1784798825459,202,4.000,warm
9910,exp-warm-10000-009908-3e88a8c6,1784798825455,1784798825459,202,4.000,warm
9911,exp-warm-10000-009910-1e9a975e,1784798825455,1784798825459,202,4.000,warm
9912,exp-warm-10000-009911-6fb3572d,1784798825455,1784798825460,202,5.000,warm
9913,exp-warm-10000-009913-71b74aec,1784798825457,1784798825460,202,3.000,warm
9914,exp-warm-10000-009912-f691d2bc,1784798825457,1784798825460,202,3.000,warm
9915,exp-warm-10000-009916-9448e0b0,1784798825457,1784798825460,202,3.000,warm
9916,exp-warm-10000-009920-08a40715,1784798825457,1784798825461,202,4.000,warm
9917,exp-warm-10000-009922-c53ec831,1784798825457,1784798825461,202,4.000,warm
9918,exp-warm-10000-009927-2f26040a,1784798825457,1784798825463,202,6.000,warm
9919,exp-warm-10000-009921-7cb8289d,1784798825458,1784798825461,202,3.000,warm
9920,exp-warm-10000-009917-2de08059,1784798825458,1784798825461,202,3.000,warm
9921,exp-warm-10000-009923-1b4d03fe,1784798825458,1784798825462,202,4.000,warm
9922,exp-warm-10000-009935-aa6a8958,1784798825458,1784798825463,202,5.000,warm
9923,exp-warm-10000-009914-49dba0c5,1784798825459,1784798825461,202,2.000,warm
9924,exp-warm-10000-009918-73d0bdc1,1784798825459,1784798825461,202,2.000,warm
9925,exp-warm-10000-009915-acabfda7,1784798825459,1784798825461,202,2.000,warm
9926,exp-warm-10000-009924-d6264eee,1784798825459,1784798825462,202,3.000,warm
9927,exp-warm-10000-009934-a3a047e4,1784798825459,1784798825463,202,4.000,warm
9928,exp-warm-10000-009929-c5e5be84,1784798825459,1784798825463,202,4.000,warm
9929,exp-warm-10000-009933-a59f296b,1784798825459,1784798825463,202,4.000,warm
9930,exp-warm-10000-009937-d88123de,1784798825459,1784798825464,202,5.000,warm
9931,exp-warm-10000-009943-4a96a783,1784798825459,1784798825464,202,5.000,warm
9932,exp-warm-10000-009925-89ed6048,1784798825460,1784798825462,202,2.000,warm
9933,exp-warm-10000-009926-e9c15925,1784798825460,1784798825463,202,3.000,warm
9934,exp-warm-10000-009931-bfff2fd9,1784798825460,1784798825463,202,3.000,warm
9935,exp-warm-10000-009928-1cbc4eef,1784798825461,1784798825463,202,2.000,warm
9936,exp-warm-10000-009932-ff3cd12c,1784798825461,1784798825463,202,2.000,warm
9937,exp-warm-10000-009930-e9d6a203,1784798825461,1784798825463,202,2.000,warm
9938,exp-warm-10000-009936-c960ca36,1784798825461,1784798825463,202,2.000,warm
9939,exp-warm-10000-009941-2220e8be,1784798825461,1784798825464,202,3.000,warm
9940,exp-warm-10000-009940-aada33a1,1784798825461,1784798825464,202,3.000,warm
9941,exp-warm-10000-009945-afe4dbe1,1784798825461,1784798825464,202,3.000,warm
9942,exp-warm-10000-009955-4cdc8454,1784798825461,1784798825465,202,4.000,warm
9943,exp-warm-10000-009942-01137ee3,1784798825462,1784798825464,202,2.000,warm
9944,exp-warm-10000-009946-a130fd3d,1784798825462,1784798825464,202,2.000,warm
9945,exp-warm-10000-009944-c875885d,1784798825462,1784798825464,202,2.000,warm
9946,exp-warm-10000-009954-b4190259,1784798825462,1784798825465,202,3.000,warm
9947,exp-warm-10000-009961-c1c9a185,1784798825462,1784798825466,202,4.000,warm
9948,exp-warm-10000-009958-3e0e7a25,1784798825462,1784798825466,202,4.000,warm
9949,exp-warm-10000-009938-19c02a74,1784798825463,1784798825464,202,1.000,warm
9950,exp-warm-10000-009939-bc61a437,1784798825463,1784798825464,202,1.000,warm
9951,exp-warm-10000-009952-21e534be,1784798825463,1784798825465,202,2.000,warm
9952,exp-warm-10000-009948-261edcfc,1784798825463,1784798825465,202,2.000,warm
9953,exp-warm-10000-009953-3331989c,1784798825463,1784798825465,202,2.000,warm
9954,exp-warm-10000-009956-7313188c,1784798825463,1784798825465,202,2.000,warm
9955,exp-warm-10000-009950-ca7fb808,1784798825463,1784798825465,202,2.000,warm
9956,exp-warm-10000-009951-a2e8cecf,1784798825463,1784798825465,202,2.000,warm
9957,exp-warm-10000-009949-d29adf0b,1784798825463,1784798825465,202,2.000,warm
9958,exp-warm-10000-009963-80f07383,1784798825463,1784798825466,202,3.000,warm
9959,exp-warm-10000-009947-6a82d9a3,1784798825464,1784798825465,202,1.000,warm
9960,exp-warm-10000-009960-b0833ad1,1784798825464,1784798825466,202,2.000,warm
9961,exp-warm-10000-009970-aa5c8d5a,1784798825464,1784798825467,202,3.000,warm
9962,exp-warm-10000-009959-77f3c2f8,1784798825465,1784798825466,202,1.000,warm
9963,exp-warm-10000-009957-a2b6180c,1784798825465,1784798825466,202,1.000,warm
9964,exp-warm-10000-009964-8f477fd8,1784798825465,1784798825466,202,1.000,warm
9965,exp-warm-10000-009962-96b80b8b,1784798825465,1784798825466,202,1.000,warm
9966,exp-warm-10000-009974-ee9e6512,1784798825465,1784798825468,202,3.000,warm
9967,exp-warm-10000-009969-b47b04c2,1784798825466,1784798825467,202,1.000,warm
9968,exp-warm-10000-009967-608af9d1,1784798825466,1784798825467,202,1.000,warm
9969,exp-warm-10000-009968-0764f936,1784798825466,1784798825467,202,1.000,warm
9970,exp-warm-10000-009971-341ac846,1784798825466,1784798825467,202,1.000,warm
9971,exp-warm-10000-009965-c44f7744,1784798825466,1784798825467,202,1.000,warm
9972,exp-warm-10000-009966-2edd2af5,1784798825466,1784798825467,202,1.000,warm
9973,exp-warm-10000-009977-e76ca97c,1784798825466,1784798825468,202,2.000,warm
9974,exp-warm-10000-009976-e8a19fd3,1784798825467,1784798825468,202,1.000,warm
9975,exp-warm-10000-009978-a7ce98bd,1784798825467,1784798825468,202,1.000,warm
9976,exp-warm-10000-009973-1de76276,1784798825467,1784798825468,202,1.000,warm
9977,exp-warm-10000-009972-ea11d6ee,1784798825468,1784798825468,202,0.000,warm
9978,exp-warm-10000-009975-042b5a6c,1784798825468,1784798825468,202,0.000,warm
9979,exp-warm-10000-009982-9bc5f1e3,1784798825468,1784798825469,202,1.000,warm
9980,exp-warm-10000-009980-fa5e1f4b,1784798825468,1784798825469,202,1.000,warm
9981,exp-warm-10000-009984-9d2bb20e,1784798825468,1784798825469,202,1.000,warm
9982,exp-warm-10000-009985-f1eec600,1784798825468,1784798825469,202,1.000,warm
9983,exp-warm-10000-009981-5f656b33,1784798825468,1784798825469,202,1.000,warm
9984,exp-warm-10000-009983-f55db2d9,1784798825468,1784798825469,202,1.000,warm
9985,exp-warm-10000-009979-3f1f9421,1784798825469,1784798825469,202,0.000,warm
9986,exp-warm-10000-009986-87685de5,1784798825469,1784798825470,202,1.000,warm
9987,exp-warm-10000-009989-5f7d47ff,1784798825469,1784798825470,202,1.000,warm
9988,exp-warm-10000-009988-a6004553,1784798825469,1784798825470,202,1.000,warm
9989,exp-warm-10000-009990-2d7b6001,1784798825469,1784798825470,202,1.000,warm
9990,exp-warm-10000-009987-32195cf3,1784798825470,1784798825470,202,0.000,warm
9991,exp-warm-10000-009993-cf23692e,1784798825470,1784798825471,202,1.000,warm
9992,exp-warm-10000-009992-aea421f2,1784798825471,1784798825471,202,0.000,warm
9993,exp-warm-10000-009991-a1ef0a56,1784798825471,1784798825471,202,0.000,warm
9994,exp-warm-10000-009994-f6c54813,1784798825472,1784798825472,202,0.000,warm
9995,exp-warm-10000-009995-239f980a,1784798825659,1784798825660,202,1.000,warm
9996,exp-warm-10000-009996-5606d705,1784798825660,1784798825661,202,1.000,warm
9997,exp-warm-10000-009997-27b6a18b,1784798825661,1784798825662,202,1.000,warm
9998,exp-warm-10000-009998-74c9c9f7,1784798825673,1784798825674,202,1.000,warm
9999,exp-warm-10000-009999-54d11351,1784798825675,1784798825675,202,0.000,warm
