seq,trace_id,t_req_ms,t_resp_ms,http_code,gateway_latency_ms,round
0,exp-cold-5000-000299-8eeb51e7,1784799971168,1784799971320,202,152.000,cold
1,exp-cold-5000-000130-70708eaa,1784799971168,1784799971320,202,152.000,cold
2,exp-cold-5000-000167-1ff6f846,1784799971171,1784799971320,202,149.000,cold
3,exp-cold-5000-000141-fa7ec151,1784799971171,1784799971321,202,150.000,cold
4,exp-cold-5000-000166-1e5ec2ed,1784799971172,1784799971321,202,149.000,cold
5,exp-cold-5000-000238-870748a9,1784799971173,1784799971318,202,145.000,cold
6,exp-cold-5000-000279-f24c475c,1784799971173,1784799971321,202,148.000,cold
7,exp-cold-5000-000051-946589ad,1784799971174,1784799971322,202,148.000,cold
8,exp-cold-5000-000191-1767c0d4,1784799971175,1784799971318,202,143.000,cold
9,exp-cold-5000-000123-50886463,1784799971175,1784799971324,202,149.000,cold
10,exp-cold-5000-000276-8642ee0b,1784799971176,1784799971320,202,144.000,cold
11,exp-cold-5000-000067-f9aa8f3a,1784799971177,1784799971324,202,147.000,cold
12,exp-cold-5000-000028-e044adaf,1784799971177,1784799971325,202,148.000,cold
13,exp-cold-5000-000155-16da5d3e,1784799971178,1784799971325,202,147.000,cold
14,exp-cold-5000-000162-7a850b83,1784799971179,1784799971322,202,143.000,cold
15,exp-cold-5000-000286-6d59ffe0,1784799971180,1784799971318,202,138.000,cold
16,exp-cold-5000-000216-27d6d6f3,1784799971180,1784799971319,202,139.000,cold
17,exp-cold-5000-000264-08aef003,1784799971181,1784799971326,202,145.000,cold
18,exp-cold-5000-000100-0d3ff240,1784799971184,1784799971320,202,136.000,cold
19,exp-cold-5000-000193-e01087e1,1784799971184,1784799971320,202,136.000,cold
20,exp-cold-5000-000070-d061ac99,1784799971184,1784799971320,202,136.000,cold
21,exp-cold-5000-000225-0a113a1c,1784799971185,1784799971329,202,144.000,cold
22,exp-cold-5000-000236-b203467f,1784799971186,1784799971321,202,135.000,cold
23,exp-cold-5000-000145-8c3a671f,1784799971186,1784799971321,202,135.000,cold
24,exp-cold-5000-000033-3c3441e9,1784799971188,1784799971327,202,139.000,cold
25,exp-cold-5000-000052-5dec7732,1784799971189,1784799971321,202,132.000,cold
26,exp-cold-5000-000128-8c8dd567,1784799971189,1784799971325,202,136.000,cold
27,exp-cold-5000-000007-bbde09a2,1784799971189,1784799971325,202,136.000,cold
28,exp-cold-5000-000150-b35107c5,1784799971190,1784799971319,202,129.000,cold
29,exp-cold-5000-000219-c61f86ab,1784799971190,1784799971321,202,131.000,cold
30,exp-cold-5000-000086-4ed964ca,1784799971190,1784799971322,202,132.000,cold
31,exp-cold-5000-000085-a65368b4,1784799971190,1784799971322,202,132.000,cold
32,exp-cold-5000-000060-e026eeab,1784799971190,1784799971323,202,133.000,cold
33,exp-cold-5000-000295-7b02bae5,1784799971191,1784799971326,202,135.000,cold
34,exp-cold-5000-000240-29ba3bbb,1784799971191,1784799971332,202,141.000,cold
35,exp-cold-5000-000244-ce146186,1784799971192,1784799971320,202,128.000,cold
36,exp-cold-5000-000075-50520ff3,1784799971192,1784799971323,202,131.000,cold
37,exp-cold-5000-000185-d93005b5,1784799971192,1784799971324,202,132.000,cold
38,exp-cold-5000-000093-5694acf5,1784799971193,1784799971319,202,126.000,cold
39,exp-cold-5000-000001-b646c31e,1784799971193,1784799971321,202,128.000,cold
40,exp-cold-5000-000267-649f29a4,1784799971194,1784799971321,202,127.000,cold
41,exp-cold-5000-000110-baff2521,1784799971194,1784799971322,202,128.000,cold
42,exp-cold-5000-000308-0a7cad67,1784799971194,1784799971325,202,131.000,cold
43,exp-cold-5000-000077-13bbec3b,1784799971195,1784799971322,202,127.000,cold
44,exp-cold-5000-000174-bc464ab2,1784799971195,1784799971322,202,127.000,cold
45,exp-cold-5000-000000-609da5ea,1784799971196,1784799971334,202,138.000,cold
46,exp-cold-5000-000176-e96295f0,1784799971198,1784799971318,202,120.000,cold
47,exp-cold-5000-000039-46af85d6,1784799971198,1784799971327,202,129.000,cold
48,exp-cold-5000-000144-460dfd64,1784799971198,1784799971327,202,129.000,cold
49,exp-cold-5000-000109-2cfea028,1784799971199,1784799971327,202,128.000,cold
50,exp-cold-5000-000278-65c54584,1784799971199,1784799971333,202,134.000,cold
51,exp-cold-5000-000259-d4b76aba,1784799971199,1784799971336,202,137.000,cold
52,exp-cold-5000-000248-59acc4ae,1784799971200,1784799971318,202,118.000,cold
53,exp-cold-5000-000202-f2491b1d,1784799971200,1784799971335,202,135.000,cold
54,exp-cold-5000-000011-8c0303b7,1784799971201,1784799971319,202,118.000,cold
55,exp-cold-5000-000194-eb4b341b,1784799971202,1784799971318,202,116.000,cold
56,exp-cold-5000-000280-84afd3bf,1784799971204,1784799971326,202,122.000,cold
57,exp-cold-5000-000058-2d18f36d,1784799971204,1784799971320,202,116.000,cold
58,exp-cold-5000-000208-01f85693,1784799971204,1784799971320,202,116.000,cold
59,exp-cold-5000-000187-604ea073,1784799971204,1784799971320,202,116.000,cold
60,exp-cold-5000-000173-44fe2a37,1784799971204,1784799971320,202,116.000,cold
61,exp-cold-5000-000198-d7eebcf7,1784799971205,1784799971321,202,116.000,cold
62,exp-cold-5000-000275-50a6fb37,1784799971205,1784799971321,202,116.000,cold
63,exp-cold-5000-000314-a8f88e41,1784799971205,1784799971330,202,125.000,cold
64,exp-cold-5000-000319-d26cb7da,1784799971205,1784799971335,202,130.000,cold
65,exp-cold-5000-000040-a126bcaf,1784799971206,1784799971320,202,114.000,cold
66,exp-cold-5000-000135-a1dbf983,1784799971206,1784799971339,202,133.000,cold
67,exp-cold-5000-000269-d4481b72,1784799971208,1784799971318,202,110.000,cold
68,exp-cold-5000-000159-abdd24ec,1784799971209,1784799971320,202,111.000,cold
69,exp-cold-5000-000024-f3df9bb9,1784799971210,1784799971323,202,113.000,cold
70,exp-cold-5000-000022-6a89b96c,1784799971210,1784799971330,202,120.000,cold
71,exp-cold-5000-000234-d03a6c10,1784799971210,1784799971320,202,110.000,cold
72,exp-cold-5000-000112-de5f49c4,1784799971210,1784799971340,202,130.000,cold
73,exp-cold-5000-000080-055ff968,1784799971211,1784799971324,202,113.000,cold
74,exp-cold-5000-000021-cf8f2608,1784799971211,1784799971323,202,112.000,cold
75,exp-cold-5000-000318-03557d29,1784799971211,1784799971332,202,121.000,cold
76,exp-cold-5000-000175-ff360732,1784799971211,1784799971333,202,122.000,cold
77,exp-cold-5000-000063-839243b7,1784799971213,1784799971320,202,107.000,cold
78,exp-cold-5000-000230-8de2b9b5,1784799971213,1784799971320,202,107.000,cold
79,exp-cold-5000-000228-69209318,1784799971214,1784799971322,202,108.000,cold
80,exp-cold-5000-000004-a49de297,1784799971214,1784799971327,202,113.000,cold
81,exp-cold-5000-000009-c5913ca0,1784799971214,1784799971322,202,108.000,cold
82,exp-cold-5000-000317-273a58c2,1784799971214,1784799971342,202,128.000,cold
83,exp-cold-5000-000003-cf2a2e4f,1784799971215,1784799971326,202,111.000,cold
84,exp-cold-5000-000180-58ee825a,1784799971216,1784799971327,202,111.000,cold
85,exp-cold-5000-000103-6f74e143,1784799971216,1784799971326,202,110.000,cold
86,exp-cold-5000-000158-28dd40cb,1784799971216,1784799971326,202,110.000,cold
87,exp-cold-5000-000076-584eebb3,1784799971216,1784799971323,202,107.000,cold
88,exp-cold-5000-000258-2dbad86f,1784799971216,1784799971336,202,120.000,cold
89,exp-cold-5000-000107-98dbf906,1784799971217,1784799971335,202,118.000,cold
90,exp-cold-5000-000169-1dc11563,1784799971218,1784799971324,202,106.000,cold
91,exp-cold-5000-000138-4c3dad93,1784799971218,1784799971327,202,109.000,cold
92,exp-cold-5000-000126-6a2ae7ea,1784799971220,1784799971338,202,118.000,cold
93,exp-cold-5000-000094-52e0b0a9,1784799971220,1784799971324,202,104.000,cold
94,exp-cold-5000-000224-f62d025e,1784799971221,1784799971326,202,105.000,cold
95,exp-cold-5000-000142-84bd14bd,1784799971221,1784799971335,202,114.000,cold
96,exp-cold-5000-000042-10a034d7,1784799971221,1784799971337,202,116.000,cold
97,exp-cold-5000-000305-223711a1,1784799971221,1784799971347,202,126.000,cold
98,exp-cold-5000-000227-7d10baea,1784799971222,1784799971329,202,107.000,cold
99,exp-cold-5000-000272-23663e2a,1784799971222,1784799971339,202,117.000,cold
100,exp-cold-5000-000027-af131e59,1784799971223,1784799971336,202,113.000,cold
101,exp-cold-5000-000114-9615675d,1784799971223,1784799971330,202,107.000,cold
102,exp-cold-5000-000247-40f72cd5,1784799971223,1784799971330,202,107.000,cold
103,exp-cold-5000-000210-d0cb1c5c,1784799971223,1784799971336,202,113.000,cold
104,exp-cold-5000-000261-43894d98,1784799971224,1784799971340,202,116.000,cold
105,exp-cold-5000-000073-752bef4d,1784799971226,1784799971330,202,104.000,cold
106,exp-cold-5000-000045-6095ea02,1784799971226,1784799971319,202,93.000,cold
107,exp-cold-5000-000087-326144f2,1784799971226,1784799971331,202,105.000,cold
108,exp-cold-5000-000179-4cae6d96,1784799971226,1784799971319,202,93.000,cold
109,exp-cold-5000-000235-6f59c591,1784799971226,1784799971349,202,123.000,cold
110,exp-cold-5000-000006-6841110c,1784799971227,1784799971331,202,104.000,cold
111,exp-cold-5000-000332-489a19d6,1784799971227,1784799971349,202,122.000,cold
112,exp-cold-5000-000336-d7b52b98,1784799971227,1784799971350,202,123.000,cold
113,exp-cold-5000-000337-23d2643d,1784799971227,1784799971350,202,123.000,cold
114,exp-cold-5000-000050-f0f8cf5d,1784799971228,1784799971320,202,92.000,cold
115,exp-cold-5000-000083-c38e0710,1784799971228,1784799971350,202,122.000,cold
116,exp-cold-5000-000285-3ad8e73b,1784799971229,1784799971318,202,89.000,cold
117,exp-cold-5000-000195-7fe2c200,1784799971229,1784799971320,202,91.000,cold
118,exp-cold-5000-000232-31389cf0,1784799971229,1784799971320,202,91.000,cold
119,exp-cold-5000-000008-29ba75e4,1784799971229,1784799971332,202,103.000,cold
120,exp-cold-5000-000206-ddf32590,1784799971229,1784799971333,202,104.000,cold
121,exp-cold-5000-000217-7c753478,1784799971230,1784799971321,202,91.000,cold
122,exp-cold-5000-000089-dd2e2b43,1784799971230,1784799971332,202,102.000,cold
123,exp-cold-5000-000338-40cbe65d,1784799971230,1784799971351,202,121.000,cold
124,exp-cold-5000-000154-fc999afc,1784799971231,1784799971319,202,88.000,cold
125,exp-cold-5000-000098-edaa8389,1784799971231,1784799971320,202,89.000,cold
126,exp-cold-5000-000300-824619f4,1784799971231,1784799971320,202,89.000,cold
127,exp-cold-5000-000121-1c4488ee,1784799971231,1784799971320,202,89.000,cold
128,exp-cold-5000-000250-32a837dc,1784799971231,1784799971321,202,90.000,cold
129,exp-cold-5000-000092-260f1536,1784799971231,1784799971321,202,90.000,cold
130,exp-cold-5000-000066-c01a9d85,1784799971231,1784799971350,202,119.000,cold
131,exp-cold-5000-000104-352d6486,1784799971231,1784799971319,202,88.000,cold
132,exp-cold-5000-000005-100794f8,1784799971232,1784799971319,202,87.000,cold
133,exp-cold-5000-000253-a373c511,1784799971232,1784799971335,202,103.000,cold
134,exp-cold-5000-000312-234f1961,1784799971232,1784799971330,202,98.000,cold
135,exp-cold-5000-000309-56762eb5,1784799971232,1784799971344,202,112.000,cold
136,exp-cold-5000-000037-12f2c237,1784799971232,1784799971350,202,118.000,cold
137,exp-cold-5000-000105-95498b08,1784799971233,1784799971321,202,88.000,cold
138,exp-cold-5000-000118-51afd7be,1784799971233,1784799971334,202,101.000,cold
139,exp-cold-5000-000291-fdbaad62,1784799971233,1784799971349,202,116.000,cold
140,exp-cold-5000-000331-959bebff,1784799971233,1784799971352,202,119.000,cold
141,exp-cold-5000-000211-c9f40c1c,1784799971234,1784799971321,202,87.000,cold
142,exp-cold-5000-000203-c526340a,1784799971234,1784799971318,202,84.000,cold
143,exp-cold-5000-000170-3af3d501,1784799971234,1784799971335,202,101.000,cold
144,exp-cold-5000-000113-37906a9d,1784799971234,1784799971350,202,116.000,cold
145,exp-cold-5000-000041-b2b276a4,1784799971235,1784799971321,202,86.000,cold
146,exp-cold-5000-000020-98a6f428,1784799971235,1784799971331,202,96.000,cold
147,exp-cold-5000-000149-b75e2c0c,1784799971235,1784799971322,202,87.000,cold
148,exp-cold-5000-000177-e039d522,1784799971235,1784799971323,202,88.000,cold
149,exp-cold-5000-000117-8e3d220d,1784799971235,1784799971323,202,88.000,cold
150,exp-cold-5000-000016-762d3f6e,1784799971235,1784799971323,202,88.000,cold
151,exp-cold-5000-000184-85b4852c,1784799971235,1784799971335,202,100.000,cold
152,exp-cold-5000-000290-b79faf01,1784799971235,1784799971318,202,83.000,cold
153,exp-cold-5000-000125-803a33a8,1784799971235,1784799971335,202,100.000,cold
154,exp-cold-5000-000168-9a994e32,1784799971235,1784799971321,202,86.000,cold
155,exp-cold-5000-000048-19f151cf,1784799971236,1784799971330,202,94.000,cold
156,exp-cold-5000-000237-ba86f5b1,1784799971236,1784799971324,202,88.000,cold
157,exp-cold-5000-000156-8565cc19,1784799971236,1784799971324,202,88.000,cold
158,exp-cold-5000-000153-b54a0b0f,1784799971236,1784799971337,202,101.000,cold
159,exp-cold-5000-000172-109943ed,1784799971237,1784799971322,202,85.000,cold
160,exp-cold-5000-000143-42caecc3,1784799971237,1784799971322,202,85.000,cold
161,exp-cold-5000-000079-eee53fac,1784799971237,1784799971320,202,83.000,cold
162,exp-cold-5000-000201-b35a2a1f,1784799971237,1784799971324,202,87.000,cold
163,exp-cold-5000-000321-6629426d,1784799971237,1784799971337,202,100.000,cold
164,exp-cold-5000-000090-9d5d1b2b,1784799971237,1784799971324,202,87.000,cold
165,exp-cold-5000-000049-e73f4692,1784799971237,1784799971323,202,86.000,cold
166,exp-cold-5000-000147-1386d3da,1784799971237,1784799971324,202,87.000,cold
167,exp-cold-5000-000288-b8f6d45d,1784799971237,1784799971350,202,113.000,cold
168,exp-cold-5000-000032-99a24e5d,1784799971238,1784799971319,202,81.000,cold
169,exp-cold-5000-000056-da860ca0,1784799971238,1784799971325,202,87.000,cold
170,exp-cold-5000-000151-bb27825b,1784799971238,1784799971336,202,98.000,cold
171,exp-cold-5000-000043-cba92f80,1784799971238,1784799971320,202,82.000,cold
172,exp-cold-5000-000084-1deb7d86,1784799971238,1784799971325,202,87.000,cold
173,exp-cold-5000-000013-759d2ab7,1784799971238,1784799971325,202,87.000,cold
174,exp-cold-5000-000057-a4e1a6c2,1784799971239,1784799971321,202,82.000,cold
175,exp-cold-5000-000233-b1a44aa1,1784799971239,1784799971325,202,86.000,cold
176,exp-cold-5000-000030-df77615e,1784799971239,1784799971325,202,86.000,cold
177,exp-cold-5000-000271-28d918a4,1784799971239,1784799971320,202,81.000,cold
178,exp-cold-5000-000019-42aa6d30,1784799971239,1784799971325,202,86.000,cold
179,exp-cold-5000-000034-67938c8e,1784799971239,1784799971324,202,85.000,cold
180,exp-cold-5000-000140-6a2d1aa7,1784799971239,1784799971325,202,86.000,cold
181,exp-cold-5000-000241-0a482d00,1784799971240,1784799971324,202,84.000,cold
182,exp-cold-5000-000062-882d9640,1784799971240,1784799971324,202,84.000,cold
183,exp-cold-5000-000281-2c8d37e4,1784799971240,1784799971338,202,98.000,cold
184,exp-cold-5000-000322-cb26a610,1784799971240,1784799971338,202,98.000,cold
185,exp-cold-5000-000074-8cf75ae5,1784799971240,1784799971326,202,86.000,cold
186,exp-cold-5000-000069-e8a33006,1784799971241,1784799971329,202,88.000,cold
187,exp-cold-5000-000302-33e33a98,1784799971241,1784799971322,202,81.000,cold
188,exp-cold-5000-000226-70494e9e,1784799971241,1784799971324,202,83.000,cold
189,exp-cold-5000-000207-1466298a,1784799971241,1784799971321,202,80.000,cold
190,exp-cold-5000-000095-9b56f6c4,1784799971242,1784799971321,202,79.000,cold
191,exp-cold-5000-000122-b3ffc8f4,1784799971242,1784799971339,202,97.000,cold
192,exp-cold-5000-000044-3cbddfc6,1784799971242,1784799971322,202,80.000,cold
193,exp-cold-5000-000196-ab52b532,1784799971242,1784799971339,202,97.000,cold
194,exp-cold-5000-000188-84855f06,1784799971242,1784799971323,202,81.000,cold
195,exp-cold-5000-000035-2b4b9e41,1784799971243,1784799971325,202,82.000,cold
196,exp-cold-5000-000096-45cbb34c,1784799971243,1784799971335,202,92.000,cold
197,exp-cold-5000-000183-40bf757f,1784799971243,1784799971327,202,84.000,cold
198,exp-cold-5000-000223-a19392b3,1784799971243,1784799971325,202,82.000,cold
199,exp-cold-5000-000082-d8f2dce4,1784799971243,1784799971326,202,83.000,cold
200,exp-cold-5000-000260-c9acf6af,1784799971243,1784799971339,202,96.000,cold
201,exp-cold-5000-000245-e40772e1,1784799971243,1784799971327,202,84.000,cold
202,exp-cold-5000-000124-ec1f26e1,1784799971244,1784799971337,202,93.000,cold
203,exp-cold-5000-000292-9f418a55,1784799971244,1784799971323,202,79.000,cold
204,exp-cold-5000-000119-9593be91,1784799971244,1784799971350,202,106.000,cold
205,exp-cold-5000-000178-39a978db,1784799971244,1784799971350,202,106.000,cold
206,exp-cold-5000-000088-b42fe1a5,1784799971244,1784799971350,202,106.000,cold
207,exp-cold-5000-000055-5d769114,1784799971245,1784799971326,202,81.000,cold
208,exp-cold-5000-000161-7814fdf3,1784799971245,1784799971331,202,86.000,cold
209,exp-cold-5000-000012-eedcb00f,1784799971245,1784799971327,202,82.000,cold
210,exp-cold-5000-000277-268bfd1c,1784799971245,1784799971323,202,78.000,cold
211,exp-cold-5000-000252-26b6f457,1784799971245,1784799971324,202,79.000,cold
212,exp-cold-5000-000212-9061106e,1784799971246,1784799971332,202,86.000,cold
213,exp-cold-5000-000229-f4b94da3,1784799971246,1784799971324,202,78.000,cold
214,exp-cold-5000-000137-7af40fb5,1784799971246,1784799971324,202,78.000,cold
215,exp-cold-5000-000152-13dbb656,1784799971246,1784799971323,202,77.000,cold
216,exp-cold-5000-000146-6c9fc469,1784799971247,1784799971350,202,103.000,cold
217,exp-cold-5000-000111-cef67ef4,1784799971247,1784799971327,202,80.000,cold
218,exp-cold-5000-000002-1810ac39,1784799971248,1784799971326,202,78.000,cold
219,exp-cold-5000-000072-727a63d5,1784799971248,1784799971326,202,78.000,cold
220,exp-cold-5000-000254-ff25a641,1784799971248,1784799971330,202,82.000,cold
221,exp-cold-5000-000064-a1ba9f75,1784799971248,1784799971330,202,82.000,cold
222,exp-cold-5000-000132-5887b854,1784799971248,1784799971325,202,77.000,cold
223,exp-cold-5000-000071-c58132e6,1784799971248,1784799971325,202,77.000,cold
224,exp-cold-5000-000129-5cefd2e2,1784799971248,1784799971324,202,76.000,cold
225,exp-cold-5000-000214-306c53f0,1784799971249,1784799971326,202,77.000,cold
226,exp-cold-5000-000294-152fea80,1784799971249,1784799971330,202,81.000,cold
227,exp-cold-5000-000263-04e1b64a,1784799971249,1784799971326,202,77.000,cold
228,exp-cold-5000-000148-d8e836b3,1784799971250,1784799971326,202,76.000,cold
229,exp-cold-5000-000265-c800041a,1784799971251,1784799971329,202,78.000,cold
230,exp-cold-5000-000189-aa0e5941,1784799971251,1784799971338,202,87.000,cold
231,exp-cold-5000-000023-8602d887,1784799971251,1784799971326,202,75.000,cold
232,exp-cold-5000-000347-cf298471,1784799971251,1784799971358,202,107.000,cold
233,exp-cold-5000-000197-d5fcd0e5,1784799971252,1784799971330,202,78.000,cold
234,exp-cold-5000-000182-f0be8bf8,1784799971252,1784799971327,202,75.000,cold
235,exp-cold-5000-000038-0fe693e9,1784799971252,1784799971351,202,99.000,cold
236,exp-cold-5000-000231-5cb6d8ec,1784799971252,1784799971327,202,75.000,cold
237,exp-cold-5000-000266-aa4b2324,1784799971253,1784799971336,202,83.000,cold
238,exp-cold-5000-000316-157eee91,1784799971253,1784799971332,202,79.000,cold
239,exp-cold-5000-000270-3353a231,1784799971253,1784799971327,202,74.000,cold
240,exp-cold-5000-000344-aea2100b,1784799971253,1784799971357,202,104.000,cold
241,exp-cold-5000-000081-15bff80e,1784799971254,1784799971331,202,77.000,cold
242,exp-cold-5000-000133-6bb58491,1784799971254,1784799971330,202,76.000,cold
243,exp-cold-5000-000053-4e01ea8d,1784799971254,1784799971327,202,73.000,cold
244,exp-cold-5000-000296-deb5f0e1,1784799971254,1784799971351,202,97.000,cold
245,exp-cold-5000-000213-e3243df4,1784799971255,1784799971332,202,77.000,cold
246,exp-cold-5000-000163-1de2eb80,1784799971255,1784799971333,202,78.000,cold
247,exp-cold-5000-000326-27badedf,1784799971256,1784799971342,202,86.000,cold
248,exp-cold-5000-000018-c7477a92,1784799971257,1784799971332,202,75.000,cold
249,exp-cold-5000-000257-6581c345,1784799971257,1784799971332,202,75.000,cold
250,exp-cold-5000-000106-b35e6c30,1784799971257,1784799971334,202,77.000,cold
251,exp-cold-5000-000304-46a8c8f9,1784799971257,1784799971347,202,90.000,cold
252,exp-cold-5000-000120-c3cc5119,1784799971258,1784799971333,202,75.000,cold
253,exp-cold-5000-000091-3f28b201,1784799971258,1784799971335,202,77.000,cold
254,exp-cold-5000-000239-ea9b45bb,1784799971258,1784799971335,202,77.000,cold
255,exp-cold-5000-000065-ffc42f62,1784799971258,1784799971335,202,77.000,cold
256,exp-cold-5000-000315-d38241c2,1784799971258,1784799971330,202,72.000,cold
257,exp-cold-5000-000293-3044aab1,1784799971258,1784799971330,202,72.000,cold
258,exp-cold-5000-000186-0feb839e,1784799971258,1784799971330,202,72.000,cold
259,exp-cold-5000-000328-8a50f51f,1784799971258,1784799971343,202,85.000,cold
260,exp-cold-5000-000345-a220348f,1784799971258,1784799971357,202,99.000,cold
261,exp-cold-5000-000190-2c7ea0eb,1784799971258,1784799971329,202,71.000,cold
262,exp-cold-5000-000157-49ad64c4,1784799971259,1784799971331,202,72.000,cold
263,exp-cold-5000-000160-c89b3e86,1784799971259,1784799971331,202,72.000,cold
264,exp-cold-5000-000031-6ff2954c,1784799971259,1784799971335,202,76.000,cold
265,exp-cold-5000-000313-f56f88b2,1784799971259,1784799971330,202,71.000,cold
266,exp-cold-5000-000171-adb94ab4,1784799971259,1784799971334,202,75.000,cold
267,exp-cold-5000-000078-d723da9e,1784799971259,1784799971333,202,74.000,cold
268,exp-cold-5000-000222-4d981e42,1784799971260,1784799971334,202,74.000,cold
269,exp-cold-5000-000010-91f69c94,1784799971260,1784799971331,202,71.000,cold
270,exp-cold-5000-000243-81079ccf,1784799971260,1784799971332,202,72.000,cold
271,exp-cold-5000-000251-83690c33,1784799971261,1784799971336,202,75.000,cold
272,exp-cold-5000-000320-c2e9c083,1784799971261,1784799971336,202,75.000,cold
273,exp-cold-5000-000116-77fc8d39,1784799971262,1784799971335,202,73.000,cold
274,exp-cold-5000-000262-7d2ff73e,1784799971262,1784799971337,202,75.000,cold
275,exp-cold-5000-000334-764cbc6e,1784799971262,1784799971349,202,87.000,cold
276,exp-cold-5000-000287-777b665c,1784799971262,1784799971349,202,87.000,cold
277,exp-cold-5000-000220-eae063ae,1784799971262,1784799971337,202,75.000,cold
278,exp-cold-5000-000329-f1917aec,1784799971262,1784799971358,202,96.000,cold
279,exp-cold-5000-000349-ca379674,1784799971262,1784799971358,202,96.000,cold
280,exp-cold-5000-000353-c4930274,1784799971262,1784799971359,202,97.000,cold
281,exp-cold-5000-000354-c02da7d8,1784799971262,1784799971360,202,98.000,cold
282,exp-cold-5000-000108-f56217d2,1784799971263,1784799971333,202,70.000,cold
283,exp-cold-5000-000102-11dcdaf6,1784799971263,1784799971332,202,69.000,cold
284,exp-cold-5000-000015-a7284afd,1784799971264,1784799971338,202,74.000,cold
285,exp-cold-5000-000221-e2de8275,1784799971264,1784799971338,202,74.000,cold
286,exp-cold-5000-000283-1e08728c,1784799971264,1784799971350,202,86.000,cold
287,exp-cold-5000-000165-c95cb59a,1784799971264,1784799971332,202,68.000,cold
288,exp-cold-5000-000256-63dffa3f,1784799971264,1784799971333,202,69.000,cold
289,exp-cold-5000-000218-09c9360b,1784799971264,1784799971350,202,86.000,cold
290,exp-cold-5000-000054-0782c97f,1784799971264,1784799971350,202,86.000,cold
291,exp-cold-5000-000127-dca5d1f0,1784799971264,1784799971350,202,86.000,cold
292,exp-cold-5000-000209-e3ccfe1f,1784799971265,1784799971350,202,85.000,cold
293,exp-cold-5000-000249-1f8f969b,1784799971265,1784799971350,202,85.000,cold
294,exp-cold-5000-000061-46ce5229,1784799971266,1784799971337,202,71.000,cold
295,exp-cold-5000-000101-78bedfa7,1784799971266,1784799971335,202,69.000,cold
296,exp-cold-5000-000255-b933930f,1784799971266,1784799971335,202,69.000,cold
297,exp-cold-5000-000282-c693a731,1784799971266,1784799971339,202,73.000,cold
298,exp-cold-5000-000136-9e1dec97,1784799971266,1784799971334,202,68.000,cold
299,exp-cold-5000-000029-0b614e6e,1784799971266,1784799971339,202,73.000,cold
300,exp-cold-5000-000099-12bad033,1784799971267,1784799971339,202,72.000,cold
301,exp-cold-5000-000192-fb0c61b9,1784799971267,1784799971339,202,72.000,cold
302,exp-cold-5000-000068-f7b14b54,1784799971267,1784799971334,202,67.000,cold
303,exp-cold-5000-000204-e37cc5a8,1784799971267,1784799971334,202,67.000,cold
304,exp-cold-5000-000181-ccfb7753,1784799971267,1784799971334,202,67.000,cold
305,exp-cold-5000-000059-75b01c75,1784799971267,1784799971351,202,84.000,cold
306,exp-cold-5000-000215-aa6026cf,1784799971268,1784799971337,202,69.000,cold
307,exp-cold-5000-000026-0ebaacee,1784799971269,1784799971335,202,66.000,cold
308,exp-cold-5000-000242-76f7339d,1784799971269,1784799971339,202,70.000,cold
309,exp-cold-5000-000324-7ce1d1ba,1784799971269,1784799971339,202,70.000,cold
310,exp-cold-5000-000340-69fd1dff,1784799971269,1784799971352,202,83.000,cold
311,exp-cold-5000-000017-212724e4,1784799971270,1784799971350,202,80.000,cold
312,exp-cold-5000-000273-0c782576,1784799971270,1784799971335,202,65.000,cold
313,exp-cold-5000-000330-076af948,1784799971271,1784799971356,202,85.000,cold
314,exp-cold-5000-000274-4ada5da1,1784799971273,1784799971340,202,67.000,cold
315,exp-cold-5000-000358-6eae8b91,1784799971274,1784799971365,202,91.000,cold
316,exp-cold-5000-000097-2307a861,1784799971274,1784799971337,202,63.000,cold
317,exp-cold-5000-000046-c7599198,1784799971275,1784799971339,202,64.000,cold
318,exp-cold-5000-000200-63f0cb74,1784799971276,1784799971339,202,63.000,cold
319,exp-cold-5000-000205-439a6684,1784799971276,1784799971338,202,62.000,cold
320,exp-cold-5000-000164-66e19422,1784799971276,1784799971339,202,63.000,cold
321,exp-cold-5000-000357-4f0a355c,1784799971276,1784799971363,202,87.000,cold
322,exp-cold-5000-000139-cece6d98,1784799971277,1784799971340,202,63.000,cold
323,exp-cold-5000-000323-1ad14ff9,1784799971277,1784799971339,202,62.000,cold
324,exp-cold-5000-000327-ec6a6412,1784799971278,1784799971342,202,64.000,cold
325,exp-cold-5000-000311-bafdb8bb,1784799971282,1784799971344,202,62.000,cold
326,exp-cold-5000-000343-d4a91dbf,1784799971282,1784799971359,202,77.000,cold
327,exp-cold-5000-000306-8d741e77,1784799971283,1784799971346,202,63.000,cold
328,exp-cold-5000-000307-db590f41,1784799971284,1784799971346,202,62.000,cold
329,exp-cold-5000-000364-bc151a89,1784799971286,1784799971374,202,88.000,cold
330,exp-cold-5000-000303-1b8b4387,1784799971287,1784799971348,202,61.000,cold
331,exp-cold-5000-000310-52fe8d73,1784799971287,1784799971344,202,57.000,cold
332,exp-cold-5000-000297-ab272cb8,1784799971288,1784799971350,202,62.000,cold
333,exp-cold-5000-000131-314b9ff1,1784799971288,1784799971350,202,62.000,cold
334,exp-cold-5000-000301-b45e9711,1784799971289,1784799971349,202,60.000,cold
335,exp-cold-5000-000335-8f987b7f,1784799971289,1784799971350,202,61.000,cold
336,exp-cold-5000-000298-e7ff6cbb,1784799971289,1784799971349,202,60.000,cold
337,exp-cold-5000-000268-c18573c4,1784799971291,1784799971349,202,58.000,cold
338,exp-cold-5000-000360-74ad99ff,1784799971292,1784799971370,202,78.000,cold
339,exp-cold-5000-000199-cc3a5226,1784799971295,1784799971351,202,56.000,cold
340,exp-cold-5000-000025-e2fb5cf2,1784799971295,1784799971349,202,54.000,cold
341,exp-cold-5000-000333-f3ec46b5,1784799971295,1784799971349,202,54.000,cold
342,exp-cold-5000-000284-18afa341,1784799971297,1784799971350,202,53.000,cold
343,exp-cold-5000-000289-6e6deb86,1784799971298,1784799971350,202,52.000,cold
344,exp-cold-5000-000134-31e375e2,1784799971298,1784799971350,202,52.000,cold
345,exp-cold-5000-000115-b1a1e39d,1784799971299,1784799971350,202,51.000,cold
346,exp-cold-5000-000363-f825a011,1784799971299,1784799971376,202,77.000,cold
347,exp-cold-5000-000014-8347d8e9,1784799971300,1784799971350,202,50.000,cold
348,exp-cold-5000-000047-139fc81a,1784799971300,1784799971350,202,50.000,cold
349,exp-cold-5000-000339-9ed23597,1784799971300,1784799971351,202,51.000,cold
350,exp-cold-5000-000246-bb40ddd5,1784799971300,1784799971351,202,51.000,cold
351,exp-cold-5000-000036-ffe17d93,1784799971301,1784799971351,202,50.000,cold
352,exp-cold-5000-000365-2b723e4a,1784799971302,1784799971375,202,73.000,cold
353,exp-cold-5000-000368-f3a64dd3,1784799971303,1784799971379,202,76.000,cold
354,exp-cold-5000-000325-3efb23db,1784799971304,1784799971358,202,54.000,cold
355,exp-cold-5000-000342-9cad7461,1784799971305,1784799971356,202,51.000,cold
356,exp-cold-5000-000350-156ebe00,1784799971305,1784799971358,202,53.000,cold
357,exp-cold-5000-000346-adbec50a,1784799971305,1784799971358,202,53.000,cold
358,exp-cold-5000-000362-9055c351,1784799971309,1784799971373,202,64.000,cold
359,exp-cold-5000-000351-e488e2c1,1784799971313,1784799971358,202,45.000,cold
360,exp-cold-5000-000355-d4ac468f,1784799971313,1784799971361,202,48.000,cold
361,exp-cold-5000-000352-c01b8ffd,1784799971315,1784799971358,202,43.000,cold
362,exp-cold-5000-000348-af29d148,1784799971315,1784799971358,202,43.000,cold
363,exp-cold-5000-000366-6e7b7876,1784799971317,1784799971376,202,59.000,cold
364,exp-cold-5000-000356-63866293,1784799971322,1784799971362,202,40.000,cold
365,exp-cold-5000-000367-6880803f,1784799971324,1784799971377,202,53.000,cold
366,exp-cold-5000-000361-67a91154,1784799971335,1784799971371,202,36.000,cold
367,exp-cold-5000-000359-940738fb,1784799971335,1784799971369,202,34.000,cold
368,exp-cold-5000-000341-42b90b40,1784799971344,1784799971390,202,46.000,cold
369,exp-cold-5000-000370-59e21c63,1784799971350,1784799971393,202,43.000,cold
370,exp-cold-5000-000369-09cab6ec,1784799971352,1784799971394,202,42.000,cold
371,exp-cold-5000-000374-8ad14d65,1784799971360,1784799971394,202,34.000,cold
372,exp-cold-5000-000379-73dde692,1784799971399,1784799971401,202,2.000,cold
373,exp-cold-5000-000380-998d7a6d,1784799971399,1784799971402,202,3.000,cold
374,exp-cold-5000-000384-fcc3b3d5,1784799971407,1784799971408,202,1.000,cold
375,exp-cold-5000-000421-0c497f81,1784799971407,1784799971419,202,12.000,cold
376,exp-cold-5000-000386-602cdfb9,1784799971407,1784799971408,202,1.000,cold
377,exp-cold-5000-000385-f5996069,1784799971407,1784799971408,202,1.000,cold
378,exp-cold-5000-000383-6f986388,1784799971407,1784799971408,202,1.000,cold
379,exp-cold-5000-000388-d668c6a6,1784799971408,1784799971409,202,1.000,cold
380,exp-cold-5000-000389-f86b2771,1784799971408,1784799971409,202,1.000,cold
381,exp-cold-5000-000387-3d40c0a9,1784799971409,1784799971409,202,0.000,cold
382,exp-cold-5000-000399-9ed8320d,1784799971410,1784799971415,202,5.000,cold
383,exp-cold-5000-000391-efefcce4,1784799971410,1784799971412,202,2.000,cold
384,exp-cold-5000-000396-86c05687,1784799971411,1784799971413,202,2.000,cold
385,exp-cold-5000-000390-a0414aec,1784799971411,1784799971412,202,1.000,cold
386,exp-cold-5000-000376-54284433,1784799971412,1784799971432,202,20.000,cold
387,exp-cold-5000-000397-eacccb72,1784799971412,1784799971413,202,1.000,cold
388,exp-cold-5000-000393-24fe37d7,1784799971412,1784799971413,202,1.000,cold
389,exp-cold-5000-000392-bad73fb7,1784799971412,1784799971413,202,1.000,cold
390,exp-cold-5000-000381-ac099e2b,1784799971412,1784799971414,202,2.000,cold
391,exp-cold-5000-000395-826b82b0,1784799971412,1784799971413,202,1.000,cold
392,exp-cold-5000-000394-5c5db833,1784799971412,1784799971413,202,1.000,cold
393,exp-cold-5000-000408-8e76cd44,1784799971413,1784799971418,202,5.000,cold
394,exp-cold-5000-000402-62083bf1,1784799971413,1784799971417,202,4.000,cold
395,exp-cold-5000-000527-77667294,1784799971413,1784799971434,202,21.000,cold
396,exp-cold-5000-000382-0b2a7203,1784799971413,1784799971414,202,1.000,cold
397,exp-cold-5000-000410-44ab9f45,1784799971414,1784799971418,202,4.000,cold
398,exp-cold-5000-000415-52461a98,1784799971414,1784799971419,202,5.000,cold
399,exp-cold-5000-000407-e7f81c89,1784799971415,1784799971418,202,3.000,cold
400,exp-cold-5000-000434-b0c4a37c,1784799971415,1784799971420,202,5.000,cold
401,exp-cold-5000-000519-f6f24367,1784799971415,1784799971434,202,19.000,cold
402,exp-cold-5000-000403-1e1f0ba6,1784799971416,1784799971417,202,1.000,cold
403,exp-cold-5000-000401-c45e533c,1784799971416,1784799971417,202,1.000,cold
404,exp-cold-5000-000378-0e0d2cb0,1784799971416,1784799971417,202,1.000,cold
405,exp-cold-5000-000404-5c34ab27,1784799971416,1784799971417,202,1.000,cold
406,exp-cold-5000-000405-86af5cb2,1784799971417,1784799971418,202,1.000,cold
407,exp-cold-5000-000412-37866385,1784799971417,1784799971418,202,1.000,cold
408,exp-cold-5000-000406-2e04ef95,1784799971417,1784799971418,202,1.000,cold
409,exp-cold-5000-000413-8d906223,1784799971417,1784799971418,202,1.000,cold
410,exp-cold-5000-000409-38da0074,1784799971417,1784799971418,202,1.000,cold
411,exp-cold-5000-000419-d96a61e3,1784799971417,1784799971419,202,2.000,cold
412,exp-cold-5000-000418-9aca9327,1784799971417,1784799971419,202,2.000,cold
413,exp-cold-5000-000422-3e828685,1784799971417,1784799971419,202,2.000,cold
414,exp-cold-5000-000425-a597b6c7,1784799971417,1784799971420,202,3.000,cold
415,exp-cold-5000-000436-b9a7bd02,1784799971417,1784799971420,202,3.000,cold
416,exp-cold-5000-000420-29a894fc,1784799971418,1784799971419,202,1.000,cold
417,exp-cold-5000-000423-c5feccb0,1784799971418,1784799971419,202,1.000,cold
418,exp-cold-5000-000417-4e4aa40e,1784799971418,1784799971419,202,1.000,cold
419,exp-cold-5000-000437-25114d7b,1784799971418,1784799971420,202,2.000,cold
420,exp-cold-5000-000533-b4cd9d48,1784799971418,1784799971435,202,17.000,cold
421,exp-cold-5000-000532-c21ecb35,1784799971418,1784799971435,202,17.000,cold
422,exp-cold-5000-000534-66646aa1,1784799971418,1784799971435,202,17.000,cold
423,exp-cold-5000-000528-14c33e68,1784799971418,1784799971435,202,17.000,cold
424,exp-cold-5000-000530-41f1fa89,1784799971418,1784799971435,202,17.000,cold
425,exp-cold-5000-000531-485899a6,1784799971418,1784799971435,202,17.000,cold
426,exp-cold-5000-000455-d1b48a56,1784799971418,1784799971422,202,4.000,cold
427,exp-cold-5000-000416-5d21807f,1784799971419,1784799971419,202,0.000,cold
428,exp-cold-5000-000432-b3e3f419,1784799971419,1784799971420,202,1.000,cold
429,exp-cold-5000-000435-af85430d,1784799971419,1784799971420,202,1.000,cold
430,exp-cold-5000-000428-e7cd0f77,1784799971419,1784799971420,202,1.000,cold
431,exp-cold-5000-000431-6f86d7ad,1784799971419,1784799971420,202,1.000,cold
432,exp-cold-5000-000429-3f9a2bc2,1784799971419,1784799971420,202,1.000,cold
433,exp-cold-5000-000452-3a423c21,1784799971419,1784799971422,202,3.000,cold
434,exp-cold-5000-000441-086276ef,1784799971419,1784799971422,202,3.000,cold
435,exp-cold-5000-000451-db03c9ec,1784799971419,1784799971422,202,3.000,cold
436,exp-cold-5000-000447-e6f8f925,1784799971419,1784799971422,202,3.000,cold
437,exp-cold-5000-000535-e8633597,1784799971419,1784799971435,202,16.000,cold
438,exp-cold-5000-000536-62e940ee,1784799971419,1784799971435,202,16.000,cold
439,exp-cold-5000-000426-d9ce54d8,1784799971420,1784799971420,202,0.000,cold
440,exp-cold-5000-000424-1a930549,1784799971420,1784799971420,202,0.000,cold
441,exp-cold-5000-000427-0dc71478,1784799971420,1784799971420,202,0.000,cold
442,exp-cold-5000-000430-d963ac61,1784799971420,1784799971420,202,0.000,cold
443,exp-cold-5000-000439-569f623d,1784799971420,1784799971421,202,1.000,cold
444,exp-cold-5000-000440-bbdffeb8,1784799971420,1784799971421,202,1.000,cold
445,exp-cold-5000-000443-589c9f8b,1784799971420,1784799971421,202,1.000,cold
446,exp-cold-5000-000438-598d7b10,1784799971420,1784799971421,202,1.000,cold
447,exp-cold-5000-000444-5be52755,1784799971420,1784799971421,202,1.000,cold
448,exp-cold-5000-000442-363129ec,1784799971420,1784799971421,202,1.000,cold
449,exp-cold-5000-000454-db320c78,1784799971420,1784799971422,202,2.000,cold
450,exp-cold-5000-000456-20af1818,1784799971420,1784799971423,202,3.000,cold
451,exp-cold-5000-000433-d47f3fa8,1784799971421,1784799971421,202,0.000,cold
452,exp-cold-5000-000450-476567e3,1784799971421,1784799971422,202,1.000,cold
453,exp-cold-5000-000453-c61712c6,1784799971421,1784799971422,202,1.000,cold
454,exp-cold-5000-000445-99c6a3de,1784799971421,1784799971422,202,1.000,cold
455,exp-cold-5000-000449-9114b12b,1784799971421,1784799971422,202,1.000,cold
456,exp-cold-5000-000539-97e5cb60,1784799971421,1784799971436,202,15.000,cold
457,exp-cold-5000-000538-db29d503,1784799971421,1784799971436,202,15.000,cold
458,exp-cold-5000-000537-cf6c3cd4,1784799971421,1784799971436,202,15.000,cold
459,exp-cold-5000-000458-00f131ef,1784799971422,1784799971423,202,1.000,cold
460,exp-cold-5000-000460-25a4256b,1784799971422,1784799971423,202,1.000,cold
461,exp-cold-5000-000414-8e15328d,1784799971422,1784799971423,202,1.000,cold
462,exp-cold-5000-000448-f4ce3d1b,1784799971422,1784799971424,202,2.000,cold
463,exp-cold-5000-000469-64f971a5,1784799971422,1784799971424,202,2.000,cold
464,exp-cold-5000-000541-0c8ca962,1784799971422,1784799971436,202,14.000,cold
465,exp-cold-5000-000468-d73434b4,1784799971422,1784799971424,202,2.000,cold
466,exp-cold-5000-000465-8ee7ce5a,1784799971422,1784799971424,202,2.000,cold
467,exp-cold-5000-000470-06a3ce9d,1784799971422,1784799971424,202,2.000,cold
468,exp-cold-5000-000446-860cfa0b,1784799971423,1784799971423,202,0.000,cold
469,exp-cold-5000-000457-5cddaf08,1784799971423,1784799971423,202,0.000,cold
470,exp-cold-5000-000459-6bbfc7f0,1784799971423,1784799971424,202,1.000,cold
471,exp-cold-5000-000461-75f22c84,1784799971423,1784799971424,202,1.000,cold
472,exp-cold-5000-000463-c0436186,1784799971423,1784799971424,202,1.000,cold
473,exp-cold-5000-000464-8e41c1f8,1784799971423,1784799971424,202,1.000,cold
474,exp-cold-5000-000466-5a137899,1784799971423,1784799971424,202,1.000,cold
475,exp-cold-5000-000467-5236dab6,1784799971423,1784799971424,202,1.000,cold
476,exp-cold-5000-000478-31a171ed,1784799971423,1784799971425,202,2.000,cold
477,exp-cold-5000-000462-6fd250be,1784799971424,1784799971424,202,0.000,cold
478,exp-cold-5000-000475-dbcf8881,1784799971424,1784799971425,202,1.000,cold
479,exp-cold-5000-000473-09a4f4f2,1784799971424,1784799971425,202,1.000,cold
480,exp-cold-5000-000471-453d976b,1784799971424,1784799971425,202,1.000,cold
481,exp-cold-5000-000472-8119361d,1784799971424,1784799971425,202,1.000,cold
482,exp-cold-5000-000474-2abe9797,1784799971424,1784799971425,202,1.000,cold
483,exp-cold-5000-000476-2be54593,1784799971424,1784799971425,202,1.000,cold
484,exp-cold-5000-000477-b5ca4930,1784799971424,1784799971425,202,1.000,cold
485,exp-cold-5000-000400-d4314662,1784799971425,1784799971426,202,1.000,cold
486,exp-cold-5000-000480-9c9560e9,1784799971425,1784799971426,202,1.000,cold
487,exp-cold-5000-000491-da90ebb2,1784799971426,1784799971428,202,2.000,cold
488,exp-cold-5000-000482-1645e25f,1784799971426,1784799971427,202,1.000,cold
489,exp-cold-5000-000485-96de2843,1784799971426,1784799971427,202,1.000,cold
490,exp-cold-5000-000483-e0bd9217,1784799971426,1784799971427,202,1.000,cold
491,exp-cold-5000-000481-657a09a1,1784799971426,1784799971426,202,0.000,cold
492,exp-cold-5000-000479-dd367dfc,1784799971426,1784799971426,202,0.000,cold
493,exp-cold-5000-000498-487a7cf1,1784799971427,1784799971429,202,2.000,cold
494,exp-cold-5000-000511-b79359b1,1784799971427,1784799971432,202,5.000,cold
495,exp-cold-5000-000494-7f30bd1e,1784799971427,1784799971428,202,1.000,cold
496,exp-cold-5000-000495-9d7f222e,1784799971427,1784799971428,202,1.000,cold
497,exp-cold-5000-000493-0b896104,1784799971428,1784799971428,202,0.000,cold
498,exp-cold-5000-000487-2cee90c6,1784799971428,1784799971428,202,0.000,cold
499,exp-cold-5000-000492-381be15e,1784799971428,1784799971428,202,0.000,cold
500,exp-cold-5000-000496-a4064b4b,1784799971428,1784799971429,202,1.000,cold
501,exp-cold-5000-000490-2ffed18b,1784799971428,1784799971428,202,0.000,cold
502,exp-cold-5000-000489-2b50ac4b,1784799971428,1784799971428,202,0.000,cold
503,exp-cold-5000-000488-79d1bc12,1784799971428,1784799971428,202,0.000,cold
504,exp-cold-5000-000500-d879982e,1784799971429,1784799971430,202,1.000,cold
505,exp-cold-5000-000502-68c36646,1784799971429,1784799971430,202,1.000,cold
506,exp-cold-5000-000506-ebea87ce,1784799971429,1784799971431,202,2.000,cold
507,exp-cold-5000-000509-876d63fa,1784799971430,1784799971431,202,1.000,cold
508,exp-cold-5000-000510-2c80d9c7,1784799971430,1784799971431,202,1.000,cold
509,exp-cold-5000-000411-745a9b4c,1784799971430,1784799971431,202,1.000,cold
510,exp-cold-5000-000486-e6b79c19,1784799971430,1784799971431,202,1.000,cold
511,exp-cold-5000-000377-d0e203d0,1784799971430,1784799971432,202,2.000,cold
512,exp-cold-5000-000518-1685fd91,1784799971430,1784799971434,202,4.000,cold
513,exp-cold-5000-000504-9dc006a7,1784799971431,1784799971431,202,0.000,cold
514,exp-cold-5000-000503-407f6b70,1784799971431,1784799971431,202,0.000,cold
515,exp-cold-5000-000501-eefcf95c,1784799971431,1784799971431,202,0.000,cold
516,exp-cold-5000-000505-53487eda,1784799971431,1784799971431,202,0.000,cold
517,exp-cold-5000-000499-e1067123,1784799971431,1784799971432,202,1.000,cold
518,exp-cold-5000-000497-258d705e,1784799971431,1784799971432,202,1.000,cold
519,exp-cold-5000-000516-b31858b6,1784799971431,1784799971433,202,2.000,cold
520,exp-cold-5000-000515-6640e579,1784799971431,1784799971433,202,2.000,cold
521,exp-cold-5000-000512-ce68e33e,1784799971431,1784799971433,202,2.000,cold
522,exp-cold-5000-000517-e834479a,1784799971431,1784799971433,202,2.000,cold
523,exp-cold-5000-000508-f6f7378a,1784799971432,1784799971432,202,0.000,cold
524,exp-cold-5000-000507-26d4845a,1784799971432,1784799971432,202,0.000,cold
525,exp-cold-5000-000514-4b21e34b,1784799971432,1784799971433,202,1.000,cold
526,exp-cold-5000-000513-a20e7238,1784799971432,1784799971433,202,1.000,cold
527,exp-cold-5000-000525-980c8d16,1784799971432,1784799971434,202,2.000,cold
528,exp-cold-5000-000601-10ae741c,1784799971432,1784799971444,202,12.000,cold
529,exp-cold-5000-000618-5c79a538,1784799971432,1784799971445,202,13.000,cold
530,exp-cold-5000-000599-e954a276,1784799971433,1784799971444,202,11.000,cold
531,exp-cold-5000-000545-78b52189,1784799971434,1784799971437,202,3.000,cold
532,exp-cold-5000-000546-8887c764,1784799971434,1784799971437,202,3.000,cold
533,exp-cold-5000-000543-1be5682a,1784799971434,1784799971437,202,3.000,cold
534,exp-cold-5000-000550-aeea5680,1784799971434,1784799971438,202,4.000,cold
535,exp-cold-5000-000558-7e86a6e8,1784799971434,1784799971438,202,4.000,cold
536,exp-cold-5000-000578-7391dfa8,1784799971434,1784799971441,202,7.000,cold
537,exp-cold-5000-000521-afc8be3b,1784799971434,1784799971445,202,11.000,cold
538,exp-cold-5000-000540-df52bd5b,1784799971435,1784799971436,202,1.000,cold
539,exp-cold-5000-000547-0c00527d,1784799971435,1784799971437,202,2.000,cold
540,exp-cold-5000-000549-a656766b,1784799971435,1784799971438,202,3.000,cold
541,exp-cold-5000-000562-07bb36d4,1784799971435,1784799971439,202,4.000,cold
542,exp-cold-5000-000523-616b9831,1784799971436,1784799971436,202,0.000,cold
543,exp-cold-5000-000542-d224b5f5,1784799971436,1784799971437,202,1.000,cold
544,exp-cold-5000-000544-bf5c060e,1784799971436,1784799971437,202,1.000,cold
545,exp-cold-5000-000556-394d3691,1784799971436,1784799971438,202,2.000,cold
546,exp-cold-5000-000588-73edafa3,1784799971436,1784799971442,202,6.000,cold
547,exp-cold-5000-000555-00738c07,1784799971437,1784799971438,202,1.000,cold
548,exp-cold-5000-000553-cb72bc8c,1784799971437,1784799971438,202,1.000,cold
549,exp-cold-5000-000557-42176532,1784799971437,1784799971438,202,1.000,cold
550,exp-cold-5000-000566-5fd69418,1784799971437,1784799971439,202,2.000,cold
551,exp-cold-5000-000548-6aaf9803,1784799971437,1784799971438,202,1.000,cold
552,exp-cold-5000-000552-f93b008e,1784799971438,1784799971438,202,0.000,cold
553,exp-cold-5000-000554-a0646e97,1784799971438,1784799971438,202,0.000,cold
554,exp-cold-5000-000551-4a62df1e,1784799971438,1784799971438,202,0.000,cold
555,exp-cold-5000-000564-1d21bc50,1784799971438,1784799971439,202,1.000,cold
556,exp-cold-5000-000565-816cee9d,1784799971438,1784799971439,202,1.000,cold
557,exp-cold-5000-000597-7314d58a,1784799971438,1784799971443,202,5.000,cold
558,exp-cold-5000-000560-900ca692,1784799971439,1784799971439,202,0.000,cold
559,exp-cold-5000-000559-72155ded,1784799971439,1784799971439,202,0.000,cold
560,exp-cold-5000-000561-b16e4137,1784799971439,1784799971439,202,0.000,cold
561,exp-cold-5000-000563-3efa8a97,1784799971439,1784799971439,202,0.000,cold
562,exp-cold-5000-000570-00662ea6,1784799971439,1784799971440,202,1.000,cold
563,exp-cold-5000-000567-83e81ac5,1784799971439,1784799971440,202,1.000,cold
564,exp-cold-5000-000571-18edd88a,1784799971439,1784799971440,202,1.000,cold
565,exp-cold-5000-000572-1a9804c6,1784799971439,1784799971440,202,1.000,cold
566,exp-cold-5000-000573-026657f1,1784799971439,1784799971440,202,1.000,cold
567,exp-cold-5000-000583-3727f1e6,1784799971439,1784799971442,202,3.000,cold
568,exp-cold-5000-000600-888e5970,1784799971439,1784799971444,202,5.000,cold
569,exp-cold-5000-000621-981925f0,1784799971439,1784799971445,202,6.000,cold
570,exp-cold-5000-000568-61bbf4af,1784799971440,1784799971440,202,0.000,cold
571,exp-cold-5000-000569-85b29201,1784799971440,1784799971440,202,0.000,cold
572,exp-cold-5000-000522-f4a15b24,1784799971440,1784799971440,202,0.000,cold
573,exp-cold-5000-000581-1f63e9d3,1784799971440,1784799971441,202,1.000,cold
574,exp-cold-5000-000582-58df8f11,1784799971440,1784799971441,202,1.000,cold
575,exp-cold-5000-000580-216e8594,1784799971440,1784799971441,202,1.000,cold
576,exp-cold-5000-000579-d7efca7e,1784799971440,1784799971441,202,1.000,cold
577,exp-cold-5000-000609-f56cc501,1784799971440,1784799971444,202,4.000,cold
578,exp-cold-5000-000586-df966d6c,1784799971440,1784799971442,202,2.000,cold
579,exp-cold-5000-000627-a1ce2624,1784799971440,1784799971448,202,8.000,cold
580,exp-cold-5000-000574-672cc4c1,1784799971441,1784799971441,202,0.000,cold
581,exp-cold-5000-000575-9d3aa810,1784799971441,1784799971441,202,0.000,cold
582,exp-cold-5000-000577-768e58c9,1784799971441,1784799971441,202,0.000,cold
583,exp-cold-5000-000576-112cdf9e,1784799971441,1784799971441,202,0.000,cold
584,exp-cold-5000-000589-29a87803,1784799971441,1784799971442,202,1.000,cold
585,exp-cold-5000-000591-1201e117,1784799971441,1784799971442,202,1.000,cold
586,exp-cold-5000-000596-f09ffdf8,1784799971441,1784799971443,202,2.000,cold
587,exp-cold-5000-000590-81c107a2,1784799971441,1784799971443,202,2.000,cold
588,exp-cold-5000-000616-f3382b43,1784799971441,1784799971445,202,4.000,cold
589,exp-cold-5000-000584-99cd4160,1784799971442,1784799971442,202,0.000,cold
590,exp-cold-5000-000585-9858ea78,1784799971442,1784799971442,202,0.000,cold
591,exp-cold-5000-000587-2da603cb,1784799971442,1784799971442,202,0.000,cold
592,exp-cold-5000-000598-7cfb2a9b,1784799971442,1784799971443,202,1.000,cold
593,exp-cold-5000-000593-b3185126,1784799971442,1784799971443,202,1.000,cold
594,exp-cold-5000-000619-f8b50c63,1784799971442,1784799971445,202,3.000,cold
595,exp-cold-5000-000622-396aba78,1784799971442,1784799971445,202,3.000,cold
596,exp-cold-5000-000620-ea5fc33e,1784799971442,1784799971445,202,3.000,cold
597,exp-cold-5000-000592-6375441d,1784799971443,1784799971443,202,0.000,cold
598,exp-cold-5000-000594-947b0a6a,1784799971443,1784799971443,202,0.000,cold
599,exp-cold-5000-000595-5af416a9,1784799971443,1784799971443,202,0.000,cold
600,exp-cold-5000-000606-bf60cb7c,1784799971443,1784799971444,202,1.000,cold
601,exp-cold-5000-000607-2b63f50b,1784799971443,1784799971444,202,1.000,cold
602,exp-cold-5000-000608-48a25acb,1784799971443,1784799971444,202,1.000,cold
603,exp-cold-5000-000611-9f6ce47f,1784799971443,1784799971444,202,1.000,cold
604,exp-cold-5000-000610-35702477,1784799971443,1784799971444,202,1.000,cold
605,exp-cold-5000-000613-367538a0,1784799971443,1784799971444,202,1.000,cold
606,exp-cold-5000-000612-7d770c04,1784799971443,1784799971444,202,1.000,cold
607,exp-cold-5000-000631-9d436318,1784799971443,1784799971449,202,6.000,cold
608,exp-cold-5000-000602-f81ddf66,1784799971444,1784799971444,202,0.000,cold
609,exp-cold-5000-000603-62822562,1784799971444,1784799971444,202,0.000,cold
610,exp-cold-5000-000604-8203ea7f,1784799971444,1784799971444,202,0.000,cold
611,exp-cold-5000-000605-f809218d,1784799971444,1784799971444,202,0.000,cold
612,exp-cold-5000-000638-7e24e663,1784799971444,1784799971449,202,5.000,cold
613,exp-cold-5000-000614-e2664b79,1784799971445,1784799971445,202,0.000,cold
614,exp-cold-5000-000637-60b3febc,1784799971446,1784799971450,202,4.000,cold
615,exp-cold-5000-000625-5975defe,1784799971447,1784799971448,202,1.000,cold
616,exp-cold-5000-000623-4307e314,1784799971447,1784799971448,202,1.000,cold
617,exp-cold-5000-000629-ef1a5a41,1784799971447,1784799971448,202,1.000,cold
618,exp-cold-5000-000626-9058633a,1784799971447,1784799971448,202,1.000,cold
619,exp-cold-5000-000636-7478bca0,1784799971448,1784799971449,202,1.000,cold
620,exp-cold-5000-000634-2e059eb9,1784799971449,1784799971449,202,0.000,cold
621,exp-cold-5000-000628-6ede70c3,1784799971449,1784799971449,202,0.000,cold
622,exp-cold-5000-000632-3d86697a,1784799971449,1784799971449,202,0.000,cold
623,exp-cold-5000-000633-38714acf,1784799971449,1784799971449,202,0.000,cold
624,exp-cold-5000-000375-745c2532,1784799971449,1784799971450,202,1.000,cold
625,exp-cold-5000-000615-88ed4fe3,1784799971450,1784799971451,202,1.000,cold
626,exp-cold-5000-000520-d3955cc7,1784799971451,1784799971453,202,2.000,cold
627,exp-cold-5000-000524-7a7077af,1784799971452,1784799971453,202,1.000,cold
628,exp-cold-5000-000526-6d386b92,1784799971452,1784799971453,202,1.000,cold
629,exp-cold-5000-000529-77190cab,1784799971453,1784799971453,202,0.000,cold
630,exp-cold-5000-000373-d7d763f5,1784799971453,1784799971454,202,1.000,cold
631,exp-cold-5000-000746-7bda170f,1784799971454,1784799971457,202,3.000,cold
632,exp-cold-5000-000740-5f358ef8,1784799971454,1784799971457,202,3.000,cold
633,exp-cold-5000-000630-e8136880,1784799971455,1784799971457,202,2.000,cold
634,exp-cold-5000-000749-5f33e28e,1784799971455,1784799971457,202,2.000,cold
635,exp-cold-5000-000639-36625ef7,1784799971455,1784799971457,202,2.000,cold
636,exp-cold-5000-000753-b5292531,1784799971455,1784799971458,202,3.000,cold
637,exp-cold-5000-000761-fbd194a8,1784799971455,1784799971459,202,4.000,cold
638,exp-cold-5000-000755-04558646,1784799971455,1784799971459,202,4.000,cold
639,exp-cold-5000-000736-7f32491e,1784799971456,1784799971457,202,1.000,cold
640,exp-cold-5000-000745-60e0cca2,1784799971456,1784799971457,202,1.000,cold
641,exp-cold-5000-000737-7bf2c89c,1784799971456,1784799971457,202,1.000,cold
642,exp-cold-5000-000739-7aa72d68,1784799971456,1784799971457,202,1.000,cold
643,exp-cold-5000-000748-e99de8db,1784799971456,1784799971457,202,1.000,cold
644,exp-cold-5000-000747-48bc1875,1784799971456,1784799971457,202,1.000,cold
645,exp-cold-5000-000738-3e59d036,1784799971456,1784799971458,202,2.000,cold
646,exp-cold-5000-000751-11649857,1784799971456,1784799971458,202,2.000,cold
647,exp-cold-5000-000735-5a183d57,1784799971456,1784799971458,202,2.000,cold
648,exp-cold-5000-000742-ba3d3a98,1784799971457,1784799971457,202,0.000,cold
649,exp-cold-5000-000743-ffafbcf5,1784799971457,1784799971457,202,0.000,cold
650,exp-cold-5000-000744-39120e5c,1784799971457,1784799971457,202,0.000,cold
651,exp-cold-5000-000754-dd6d8fae,1784799971457,1784799971458,202,1.000,cold
652,exp-cold-5000-000759-11edcaf1,1784799971457,1784799971459,202,2.000,cold
653,exp-cold-5000-000765-8fa8678b,1784799971457,1784799971460,202,3.000,cold
654,exp-cold-5000-000768-51360956,1784799971457,1784799971460,202,3.000,cold
655,exp-cold-5000-000635-99cca64d,1784799971458,1784799971458,202,0.000,cold
656,exp-cold-5000-000733-f7ebb5b4,1784799971458,1784799971458,202,0.000,cold
657,exp-cold-5000-000732-cdee4c50,1784799971458,1784799971458,202,0.000,cold
658,exp-cold-5000-000734-e354a1d2,1784799971458,1784799971458,202,0.000,cold
659,exp-cold-5000-000731-69cbafd5,1784799971458,1784799971458,202,0.000,cold
660,exp-cold-5000-000752-08902321,1784799971458,1784799971458,202,0.000,cold
661,exp-cold-5000-000750-9aba040e,1784799971458,1784799971458,202,0.000,cold
662,exp-cold-5000-000762-dceb0def,1784799971458,1784799971459,202,1.000,cold
663,exp-cold-5000-000763-0c5ccc0a,1784799971458,1784799971460,202,2.000,cold
664,exp-cold-5000-000777-7eff9534,1784799971458,1784799971461,202,3.000,cold
665,exp-cold-5000-000757-d6d929fc,1784799971459,1784799971459,202,0.000,cold
666,exp-cold-5000-000758-593945d7,1784799971459,1784799971459,202,0.000,cold
667,exp-cold-5000-000760-0d006c7a,1784799971459,1784799971459,202,0.000,cold
668,exp-cold-5000-000756-4d9ee8c7,1784799971459,1784799971459,202,0.000,cold
669,exp-cold-5000-000770-d177c797,1784799971459,1784799971460,202,1.000,cold
670,exp-cold-5000-000769-52b58f74,1784799971459,1784799971460,202,1.000,cold
671,exp-cold-5000-000372-1d32e690,1784799971459,1784799971461,202,2.000,cold
672,exp-cold-5000-000780-b4f867b5,1784799971459,1784799971461,202,2.000,cold
673,exp-cold-5000-000774-903dc6e3,1784799971459,1784799971461,202,2.000,cold
674,exp-cold-5000-000782-48ad76c0,1784799971459,1784799971462,202,3.000,cold
675,exp-cold-5000-000729-646e3b8a,1784799971459,1784799971461,202,2.000,cold
676,exp-cold-5000-000790-6b4e9f16,1784799971459,1784799971463,202,4.000,cold
677,exp-cold-5000-000764-a0d660e9,1784799971460,1784799971460,202,0.000,cold
678,exp-cold-5000-000640-e70d6021,1784799971460,1784799971460,202,0.000,cold
679,exp-cold-5000-000767-ee65b974,1784799971460,1784799971460,202,0.000,cold
680,exp-cold-5000-000766-0ca1bdbf,1784799971460,1784799971460,202,0.000,cold
681,exp-cold-5000-000773-22243599,1784799971460,1784799971461,202,1.000,cold
682,exp-cold-5000-000775-fe764013,1784799971460,1784799971461,202,1.000,cold
683,exp-cold-5000-000772-ab4c6848,1784799971460,1784799971461,202,1.000,cold
684,exp-cold-5000-000778-8c2a46ad,1784799971460,1784799971461,202,1.000,cold
685,exp-cold-5000-000730-c01faf0b,1784799971460,1784799971461,202,1.000,cold
686,exp-cold-5000-000728-77061cc0,1784799971460,1784799971461,202,1.000,cold
687,exp-cold-5000-000771-a071ffd6,1784799971460,1784799971461,202,1.000,cold
688,exp-cold-5000-000726-6916af74,1784799971460,1784799971461,202,1.000,cold
689,exp-cold-5000-000776-762482f4,1784799971460,1784799971461,202,1.000,cold
690,exp-cold-5000-000788-1a2a7d68,1784799971460,1784799971462,202,2.000,cold
691,exp-cold-5000-000727-e8559047,1784799971460,1784799971461,202,1.000,cold
692,exp-cold-5000-000779-20bf887f,1784799971460,1784799971461,202,1.000,cold
693,exp-cold-5000-000708-7b5bf2cb,1784799971460,1784799971464,202,4.000,cold
694,exp-cold-5000-000787-4278b990,1784799971461,1784799971462,202,1.000,cold
695,exp-cold-5000-000720-5a474375,1784799971461,1784799971462,202,1.000,cold
696,exp-cold-5000-000725-4b4e38c0,1784799971461,1784799971462,202,1.000,cold
697,exp-cold-5000-000722-a1bef807,1784799971461,1784799971462,202,1.000,cold
698,exp-cold-5000-000785-bf671563,1784799971461,1784799971462,202,1.000,cold
699,exp-cold-5000-000719-6824b845,1784799971461,1784799971462,202,1.000,cold
700,exp-cold-5000-000786-78374b23,1784799971461,1784799971462,202,1.000,cold
701,exp-cold-5000-000792-24bd0b3d,1784799971461,1784799971463,202,2.000,cold
702,exp-cold-5000-000721-8185c0cd,1784799971461,1784799971462,202,1.000,cold
703,exp-cold-5000-000713-3817fad2,1784799971461,1784799971464,202,3.000,cold
704,exp-cold-5000-000808-002dbfea,1784799971461,1784799971464,202,3.000,cold
705,exp-cold-5000-000806-1532080e,1784799971461,1784799971464,202,3.000,cold
706,exp-cold-5000-000723-a56d88b4,1784799971462,1784799971462,202,0.000,cold
707,exp-cold-5000-000784-7585259d,1784799971462,1784799971462,202,0.000,cold
708,exp-cold-5000-000724-8bec52be,1784799971462,1784799971462,202,0.000,cold
709,exp-cold-5000-000781-38f3baa2,1784799971462,1784799971462,202,0.000,cold
710,exp-cold-5000-000794-d6b7c942,1784799971462,1784799971463,202,1.000,cold
711,exp-cold-5000-000796-bc867cec,1784799971462,1784799971463,202,1.000,cold
712,exp-cold-5000-000791-83235e93,1784799971462,1784799971463,202,1.000,cold
713,exp-cold-5000-000793-1c6aa862,1784799971462,1784799971463,202,1.000,cold
714,exp-cold-5000-000716-faecd891,1784799971462,1784799971463,202,1.000,cold
715,exp-cold-5000-000718-e717a766,1784799971462,1784799971463,202,1.000,cold
716,exp-cold-5000-000797-fe86b5f0,1784799971462,1784799971463,202,1.000,cold
717,exp-cold-5000-000799-f7e4bed8,1784799971462,1784799971463,202,1.000,cold
718,exp-cold-5000-000717-9d9d82c6,1784799971462,1784799971463,202,1.000,cold
719,exp-cold-5000-000783-224f86f9,1784799971462,1784799971462,202,0.000,cold
720,exp-cold-5000-000714-5fc9f9ac,1784799971462,1784799971464,202,2.000,cold
721,exp-cold-5000-000798-72ed52b9,1784799971462,1784799971464,202,2.000,cold
722,exp-cold-5000-000824-01ba0701,1784799971462,1784799971466,202,4.000,cold
723,exp-cold-5000-000830-854d703f,1784799971462,1784799971466,202,4.000,cold
724,exp-cold-5000-000789-56e04a81,1784799971463,1784799971463,202,0.000,cold
725,exp-cold-5000-000710-33adbe5c,1784799971463,1784799971464,202,1.000,cold
726,exp-cold-5000-000709-35a276a4,1784799971463,1784799971464,202,1.000,cold
727,exp-cold-5000-000712-957cc2c9,1784799971463,1784799971464,202,1.000,cold
728,exp-cold-5000-000807-867333bb,1784799971463,1784799971464,202,1.000,cold
729,exp-cold-5000-000802-84a03161,1784799971463,1784799971464,202,1.000,cold
730,exp-cold-5000-000715-19bf5c61,1784799971463,1784799971464,202,1.000,cold
731,exp-cold-5000-000711-7385636d,1784799971463,1784799971464,202,1.000,cold
732,exp-cold-5000-000805-6af3e6d6,1784799971463,1784799971464,202,1.000,cold
733,exp-cold-5000-000801-082d964e,1784799971463,1784799971464,202,1.000,cold
734,exp-cold-5000-000818-5d4a0b7e,1784799971463,1784799971465,202,2.000,cold
735,exp-cold-5000-000811-374abf5d,1784799971463,1784799971465,202,2.000,cold
736,exp-cold-5000-000812-0e40d3d6,1784799971463,1784799971465,202,2.000,cold
737,exp-cold-5000-000809-c111fd55,1784799971463,1784799971465,202,2.000,cold
738,exp-cold-5000-000800-3a64953b,1784799971464,1784799971464,202,0.000,cold
739,exp-cold-5000-000804-b5fb3893,1784799971464,1784799971464,202,0.000,cold
740,exp-cold-5000-000803-ffac801b,1784799971464,1784799971464,202,0.000,cold
741,exp-cold-5000-000816-8efc7731,1784799971464,1784799971465,202,1.000,cold
742,exp-cold-5000-000819-c66089b0,1784799971464,1784799971465,202,1.000,cold
743,exp-cold-5000-000817-573e7744,1784799971464,1784799971465,202,1.000,cold
744,exp-cold-5000-000820-34a64d38,1784799971464,1784799971465,202,1.000,cold
745,exp-cold-5000-000707-8e726d14,1784799971464,1784799971466,202,2.000,cold
746,exp-cold-5000-000833-46d26bce,1784799971464,1784799971466,202,2.000,cold
747,exp-cold-5000-000704-b3421bf1,1784799971464,1784799971466,202,2.000,cold
748,exp-cold-5000-000831-e95634e4,1784799971464,1784799971466,202,2.000,cold
749,exp-cold-5000-000832-6906df6d,1784799971464,1784799971466,202,2.000,cold
750,exp-cold-5000-000702-0fc7997c,1784799971464,1784799971466,202,2.000,cold
751,exp-cold-5000-000841-c991c8e2,1784799971464,1784799971467,202,3.000,cold
752,exp-cold-5000-000810-7db464c4,1784799971465,1784799971465,202,0.000,cold
753,exp-cold-5000-000813-12d469e8,1784799971465,1784799971465,202,0.000,cold
754,exp-cold-5000-000814-58b35b78,1784799971465,1784799971465,202,0.000,cold
755,exp-cold-5000-000815-6d98cf77,1784799971465,1784799971465,202,0.000,cold
756,exp-cold-5000-000821-fb4c7f96,1784799971465,1784799971466,202,1.000,cold
757,exp-cold-5000-000705-fc65835c,1784799971465,1784799971466,202,1.000,cold
758,exp-cold-5000-000827-abf1c2ed,1784799971465,1784799971466,202,1.000,cold
759,exp-cold-5000-000703-e25ff68e,1784799971465,1784799971466,202,1.000,cold
760,exp-cold-5000-000825-d4dd3eb7,1784799971465,1784799971466,202,1.000,cold
761,exp-cold-5000-000822-41c5c673,1784799971465,1784799971466,202,1.000,cold
762,exp-cold-5000-000828-71d3183b,1784799971465,1784799971466,202,1.000,cold
763,exp-cold-5000-000829-c7fc1e25,1784799971465,1784799971466,202,1.000,cold
764,exp-cold-5000-000836-02189357,1784799971465,1784799971467,202,2.000,cold
765,exp-cold-5000-000843-87ae452b,1784799971465,1784799971467,202,2.000,cold
766,exp-cold-5000-000706-0b3a801e,1784799971466,1784799971466,202,0.000,cold
767,exp-cold-5000-000826-cb908768,1784799971466,1784799971466,202,0.000,cold
768,exp-cold-5000-000837-ea16336d,1784799971466,1784799971467,202,1.000,cold
769,exp-cold-5000-000839-6b6b8049,1784799971466,1784799971467,202,1.000,cold
770,exp-cold-5000-000844-cb718f3a,1784799971466,1784799971467,202,1.000,cold
771,exp-cold-5000-000838-e67b28b5,1784799971466,1784799971467,202,1.000,cold
772,exp-cold-5000-000840-fc05f65f,1784799971466,1784799971467,202,1.000,cold
773,exp-cold-5000-000835-2c72a88a,1784799971466,1784799971467,202,1.000,cold
774,exp-cold-5000-000842-5d19418f,1784799971466,1784799971467,202,1.000,cold
775,exp-cold-5000-000854-6a927388,1784799971466,1784799971468,202,2.000,cold
776,exp-cold-5000-000852-a804487f,1784799971466,1784799971468,202,2.000,cold
777,exp-cold-5000-000834-1dc2a6cb,1784799971467,1784799971467,202,0.000,cold
778,exp-cold-5000-000823-5b5316fd,1784799971467,1784799971467,202,0.000,cold
779,exp-cold-5000-000701-f93fb4aa,1784799971467,1784799971467,202,0.000,cold
780,exp-cold-5000-000851-6b907294,1784799971467,1784799971468,202,1.000,cold
781,exp-cold-5000-000849-ac049aee,1784799971467,1784799971468,202,1.000,cold
782,exp-cold-5000-000699-c6a1a41a,1784799971467,1784799971468,202,1.000,cold
783,exp-cold-5000-000700-1d9aef31,1784799971467,1784799971468,202,1.000,cold
784,exp-cold-5000-000853-c0f33e72,1784799971467,1784799971468,202,1.000,cold
785,exp-cold-5000-000845-a818555b,1784799971467,1784799971468,202,1.000,cold
786,exp-cold-5000-000855-8ae17d14,1784799971467,1784799971468,202,1.000,cold
787,exp-cold-5000-000847-486ca9ae,1784799971467,1784799971468,202,1.000,cold
788,exp-cold-5000-000856-b6f0a3e5,1784799971467,1784799971469,202,2.000,cold
789,exp-cold-5000-000863-d6015f57,1784799971467,1784799971470,202,3.000,cold
790,exp-cold-5000-000870-1e15fdb3,1784799971467,1784799971470,202,3.000,cold
791,exp-cold-5000-000846-deae9974,1784799971468,1784799971468,202,0.000,cold
792,exp-cold-5000-000850-108c8fbe,1784799971468,1784799971468,202,0.000,cold
793,exp-cold-5000-000848-56340fda,1784799971468,1784799971468,202,0.000,cold
794,exp-cold-5000-000857-2d490468,1784799971468,1784799971469,202,1.000,cold
795,exp-cold-5000-000696-2ce3a406,1784799971468,1784799971469,202,1.000,cold
796,exp-cold-5000-000861-21f60be6,1784799971468,1784799971469,202,1.000,cold
797,exp-cold-5000-000697-6fcb1403,1784799971468,1784799971469,202,1.000,cold
798,exp-cold-5000-000862-be562189,1784799971468,1784799971469,202,1.000,cold
799,exp-cold-5000-000694-84716126,1784799971468,1784799971469,202,1.000,cold
800,exp-cold-5000-000859-468bccaf,1784799971468,1784799971469,202,1.000,cold
801,exp-cold-5000-000872-66eb0d22,1784799971468,1784799971470,202,2.000,cold
802,exp-cold-5000-000884-65bd6744,1784799971468,1784799971471,202,3.000,cold
803,exp-cold-5000-000688-d7547c4a,1784799971468,1784799971471,202,3.000,cold
804,exp-cold-5000-000698-c5ec8364,1784799971469,1784799971469,202,0.000,cold
805,exp-cold-5000-000858-af1a901c,1784799971469,1784799971469,202,0.000,cold
806,exp-cold-5000-000866-fb869e65,1784799971469,1784799971470,202,1.000,cold
807,exp-cold-5000-000692-e04cfc29,1784799971469,1784799971470,202,1.000,cold
808,exp-cold-5000-000873-76ba5a6c,1784799971469,1784799971470,202,1.000,cold
809,exp-cold-5000-000860-b2feeacf,1784799971469,1784799971470,202,1.000,cold
810,exp-cold-5000-000867-f792abb8,1784799971469,1784799971470,202,1.000,cold
811,exp-cold-5000-000865-c6647492,1784799971469,1784799971470,202,1.000,cold
812,exp-cold-5000-000880-0713e245,1784799971469,1784799971471,202,2.000,cold
813,exp-cold-5000-000882-b553e772,1784799971469,1784799971471,202,2.000,cold
814,exp-cold-5000-000871-d3a43789,1784799971469,1784799971471,202,2.000,cold
815,exp-cold-5000-000879-39380a50,1784799971469,1784799971471,202,2.000,cold
816,exp-cold-5000-000892-cdb9a40d,1784799971469,1784799971472,202,3.000,cold
817,exp-cold-5000-000864-9219e4b4,1784799971470,1784799971470,202,0.000,cold
818,exp-cold-5000-000695-fe366263,1784799971470,1784799971470,202,0.000,cold
819,exp-cold-5000-000693-1002f00f,1784799971470,1784799971470,202,0.000,cold
820,exp-cold-5000-000869-d179e82b,1784799971470,1784799971470,202,0.000,cold
821,exp-cold-5000-000868-ea71a2fa,1784799971470,1784799971470,202,0.000,cold
822,exp-cold-5000-000881-0a59faf0,1784799971470,1784799971471,202,1.000,cold
823,exp-cold-5000-000689-393d1949,1784799971470,1784799971471,202,1.000,cold
824,exp-cold-5000-000883-314682ee,1784799971470,1784799971471,202,1.000,cold
825,exp-cold-5000-000874-537e2638,1784799971470,1784799971471,202,1.000,cold
826,exp-cold-5000-000690-3d3221d0,1784799971470,1784799971471,202,1.000,cold
827,exp-cold-5000-000886-95bfb892,1784799971470,1784799971471,202,1.000,cold
828,exp-cold-5000-000686-7ecde5b1,1784799971470,1784799971471,202,1.000,cold
829,exp-cold-5000-000687-48a2d2d9,1784799971470,1784799971471,202,1.000,cold
830,exp-cold-5000-000885-632d1d5b,1784799971470,1784799971471,202,1.000,cold
831,exp-cold-5000-000878-15a967e1,1784799971470,1784799971471,202,1.000,cold
832,exp-cold-5000-000894-4ad4742d,1784799971470,1784799971472,202,2.000,cold
833,exp-cold-5000-000890-b6725290,1784799971470,1784799971472,202,2.000,cold
834,exp-cold-5000-000895-6d5eb5da,1784799971470,1784799971472,202,2.000,cold
835,exp-cold-5000-000691-c70db4bb,1784799971471,1784799971471,202,0.000,cold
836,exp-cold-5000-000877-40696d70,1784799971471,1784799971471,202,0.000,cold
837,exp-cold-5000-000876-0055150b,1784799971471,1784799971471,202,0.000,cold
838,exp-cold-5000-000875-b1fb9359,1784799971471,1784799971471,202,0.000,cold
839,exp-cold-5000-000891-7ddbe03b,1784799971471,1784799971472,202,1.000,cold
840,exp-cold-5000-000685-86837151,1784799971471,1784799971472,202,1.000,cold
841,exp-cold-5000-000683-501ff325,1784799971471,1784799971472,202,1.000,cold
842,exp-cold-5000-000897-ea20ebc5,1784799971471,1784799971472,202,1.000,cold
843,exp-cold-5000-000906-f5dde171,1784799971471,1784799971473,202,2.000,cold
844,exp-cold-5000-000924-c24f1b80,1784799971471,1784799971474,202,3.000,cold
845,exp-cold-5000-000888-1dad6979,1784799971472,1784799971472,202,0.000,cold
846,exp-cold-5000-000684-b3d1bc6e,1784799971472,1784799971472,202,0.000,cold
847,exp-cold-5000-000889-4709d6f0,1784799971472,1784799971472,202,0.000,cold
848,exp-cold-5000-000903-62da2c93,1784799971472,1784799971473,202,1.000,cold
849,exp-cold-5000-000909-ac65663d,1784799971472,1784799971473,202,1.000,cold
850,exp-cold-5000-000907-171091c3,1784799971472,1784799971473,202,1.000,cold
851,exp-cold-5000-000893-b7ac30fa,1784799971472,1784799971473,202,1.000,cold
852,exp-cold-5000-000682-281cd513,1784799971472,1784799971473,202,1.000,cold
853,exp-cold-5000-000918-dee120d7,1784799971472,1784799971474,202,2.000,cold
854,exp-cold-5000-000914-0fe21a70,1784799971472,1784799971474,202,2.000,cold
855,exp-cold-5000-000915-7e9ce9b2,1784799971472,1784799971474,202,2.000,cold
856,exp-cold-5000-000916-ec2cc764,1784799971472,1784799971474,202,2.000,cold
857,exp-cold-5000-000965-6a277969,1784799971472,1784799971477,202,5.000,cold
858,exp-cold-5000-000964-8686775b,1784799971472,1784799971477,202,5.000,cold
859,exp-cold-5000-000899-e4a8200f,1784799971473,1784799971473,202,0.000,cold
860,exp-cold-5000-000898-e2473e62,1784799971473,1784799971473,202,0.000,cold
861,exp-cold-5000-000900-b966075e,1784799971473,1784799971473,202,0.000,cold
862,exp-cold-5000-000901-76a73ceb,1784799971473,1784799971473,202,0.000,cold
863,exp-cold-5000-000902-901e9109,1784799971473,1784799971473,202,0.000,cold
864,exp-cold-5000-000904-dfdf4537,1784799971473,1784799971473,202,0.000,cold
865,exp-cold-5000-000905-e854a762,1784799971473,1784799971473,202,0.000,cold
866,exp-cold-5000-000920-6ea2e09f,1784799971473,1784799971474,202,1.000,cold
867,exp-cold-5000-000913-14b5c884,1784799971473,1784799971474,202,1.000,cold
868,exp-cold-5000-000887-3dccc849,1784799971473,1784799971474,202,1.000,cold
869,exp-cold-5000-000919-810902bf,1784799971473,1784799971474,202,1.000,cold
870,exp-cold-5000-000896-bd7161ce,1784799971473,1784799971474,202,1.000,cold
871,exp-cold-5000-000923-873b895a,1784799971473,1784799971474,202,1.000,cold
872,exp-cold-5000-000925-abaf84f5,1784799971473,1784799971474,202,1.000,cold
873,exp-cold-5000-000926-4bda5c47,1784799971473,1784799971474,202,1.000,cold
874,exp-cold-5000-000917-4a53162b,1784799971473,1784799971474,202,1.000,cold
875,exp-cold-5000-000922-79c94883,1784799971473,1784799971474,202,1.000,cold
876,exp-cold-5000-000912-3dc6d9db,1784799971473,1784799971474,202,1.000,cold
877,exp-cold-5000-000911-6625b640,1784799971473,1784799971474,202,1.000,cold
878,exp-cold-5000-000921-0e517608,1784799971473,1784799971474,202,1.000,cold
879,exp-cold-5000-000935-f3f2254d,1784799971473,1784799971475,202,2.000,cold
880,exp-cold-5000-000931-f7c3c27e,1784799971473,1784799971475,202,2.000,cold
881,exp-cold-5000-000933-d0b8761e,1784799971473,1784799971475,202,2.000,cold
882,exp-cold-5000-000932-7a7d1eb9,1784799971473,1784799971475,202,2.000,cold
883,exp-cold-5000-000946-442c089f,1784799971473,1784799971476,202,3.000,cold
884,exp-cold-5000-000949-6e3e41da,1784799971473,1784799971476,202,3.000,cold
885,exp-cold-5000-000910-6de13b09,1784799971474,1784799971474,202,0.000,cold
886,exp-cold-5000-000908-884863a1,1784799971474,1784799971474,202,0.000,cold
887,exp-cold-5000-000936-3baeb307,1784799971474,1784799971475,202,1.000,cold
888,exp-cold-5000-000939-fd0b6154,1784799971474,1784799971475,202,1.000,cold
889,exp-cold-5000-000930-36581b18,1784799971474,1784799971475,202,1.000,cold
890,exp-cold-5000-000938-91efcf5f,1784799971474,1784799971475,202,1.000,cold
891,exp-cold-5000-000937-7533a827,1784799971474,1784799971475,202,1.000,cold
892,exp-cold-5000-000951-504ee79e,1784799971474,1784799971476,202,2.000,cold
893,exp-cold-5000-000940-431228ad,1784799971474,1784799971476,202,2.000,cold
894,exp-cold-5000-000945-354abaaa,1784799971474,1784799971476,202,2.000,cold
895,exp-cold-5000-000927-dcb3867f,1784799971475,1784799971475,202,0.000,cold
896,exp-cold-5000-000928-e15e56bd,1784799971475,1784799971475,202,0.000,cold
897,exp-cold-5000-000929-dcce7129,1784799971475,1784799971475,202,0.000,cold
898,exp-cold-5000-000934-ff75af95,1784799971475,1784799971475,202,0.000,cold
899,exp-cold-5000-000681-ddbb1ce8,1784799971475,1784799971475,202,0.000,cold
900,exp-cold-5000-000941-33d88555,1784799971475,1784799971476,202,1.000,cold
901,exp-cold-5000-000952-ab76594d,1784799971475,1784799971476,202,1.000,cold
902,exp-cold-5000-000954-110384bf,1784799971475,1784799971476,202,1.000,cold
903,exp-cold-5000-000950-d86f20cb,1784799971475,1784799971476,202,1.000,cold
904,exp-cold-5000-000947-539c7f91,1784799971475,1784799971476,202,1.000,cold
905,exp-cold-5000-000953-0b6fe9ed,1784799971475,1784799971476,202,1.000,cold
906,exp-cold-5000-000624-9250a920,1784799971475,1784799971476,202,1.000,cold
907,exp-cold-5000-000617-26d7965f,1784799971475,1784799971476,202,1.000,cold
908,exp-cold-5000-000956-476aa0d3,1784799971475,1784799971477,202,2.000,cold
909,exp-cold-5000-000673-71d3f0c5,1784799971475,1784799971478,202,3.000,cold
910,exp-cold-5000-001000-b2025d8d,1784799971475,1784799971480,202,5.000,cold
911,exp-cold-5000-000944-bf60d7e6,1784799971476,1784799971476,202,0.000,cold
912,exp-cold-5000-000942-0482ab2b,1784799971476,1784799971476,202,0.000,cold
913,exp-cold-5000-000948-003e87ec,1784799971476,1784799971476,202,0.000,cold
914,exp-cold-5000-000943-1a7943d4,1784799971476,1784799971476,202,0.000,cold
915,exp-cold-5000-000678-8a74f933,1784799971476,1784799971477,202,1.000,cold
916,exp-cold-5000-000679-dad21103,1784799971476,1784799971477,202,1.000,cold
917,exp-cold-5000-000484-8eaf1153,1784799971476,1784799971477,202,1.000,cold
918,exp-cold-5000-000962-6ea94ec8,1784799971476,1784799971477,202,1.000,cold
919,exp-cold-5000-000680-f8135a85,1784799971476,1784799971477,202,1.000,cold
920,exp-cold-5000-000371-83e6119d,1784799971476,1784799971477,202,1.000,cold
921,exp-cold-5000-000958-659cbc11,1784799971476,1784799971477,202,1.000,cold
922,exp-cold-5000-000676-44d8b96b,1784799971476,1784799971477,202,1.000,cold
923,exp-cold-5000-000960-0bf513a1,1784799971476,1784799971477,202,1.000,cold
924,exp-cold-5000-000677-082b89f2,1784799971476,1784799971477,202,1.000,cold
925,exp-cold-5000-000971-285d263a,1784799971476,1784799971478,202,2.000,cold
926,exp-cold-5000-000674-68748eb0,1784799971476,1784799971478,202,2.000,cold
927,exp-cold-5000-000970-909aec0b,1784799971476,1784799971478,202,2.000,cold
928,exp-cold-5000-000992-d0900cae,1784799971476,1784799971479,202,3.000,cold
929,exp-cold-5000-000978-b00f8338,1784799971476,1784799971479,202,3.000,cold
930,exp-cold-5000-000981-83fb54ef,1784799971476,1784799971479,202,3.000,cold
931,exp-cold-5000-000955-9dbaa02c,1784799971477,1784799971477,202,0.000,cold
932,exp-cold-5000-000957-b9d7ef52,1784799971477,1784799971477,202,0.000,cold
933,exp-cold-5000-000959-12836db3,1784799971477,1784799971477,202,0.000,cold
934,exp-cold-5000-000961-61c0ecac,1784799971477,1784799971477,202,0.000,cold
935,exp-cold-5000-000974-647457c6,1784799971477,1784799971478,202,1.000,cold
936,exp-cold-5000-000977-473a207c,1784799971477,1784799971478,202,1.000,cold
937,exp-cold-5000-000973-84221e7f,1784799971477,1784799971478,202,1.000,cold
938,exp-cold-5000-000976-ce86c3ef,1784799971477,1784799971478,202,1.000,cold
939,exp-cold-5000-000671-43e5c2e1,1784799971477,1784799971478,202,1.000,cold
940,exp-cold-5000-000966-a538f6db,1784799971477,1784799971478,202,1.000,cold
941,exp-cold-5000-000672-9bee88e1,1784799971477,1784799971478,202,1.000,cold
942,exp-cold-5000-000670-1f9be738,1784799971477,1784799971479,202,2.000,cold
943,exp-cold-5000-000990-03a36ea5,1784799971477,1784799971479,202,2.000,cold
944,exp-cold-5000-000994-25cb468f,1784799971477,1784799971480,202,3.000,cold
945,exp-cold-5000-001051-bcb41262,1784799971477,1784799971485,202,8.000,cold
946,exp-cold-5000-000675-94ea7c3d,1784799971478,1784799971478,202,0.000,cold
947,exp-cold-5000-000967-cf7ddbe9,1784799971478,1784799971478,202,0.000,cold
948,exp-cold-5000-000968-eba8772f,1784799971478,1784799971478,202,0.000,cold
949,exp-cold-5000-000972-afb12f12,1784799971478,1784799971478,202,0.000,cold
950,exp-cold-5000-000969-653904fe,1784799971478,1784799971478,202,0.000,cold
951,exp-cold-5000-000986-d78481f1,1784799971478,1784799971479,202,1.000,cold
952,exp-cold-5000-000987-0b0cb276,1784799971478,1784799971479,202,1.000,cold
953,exp-cold-5000-000669-bcff61a8,1784799971478,1784799971479,202,1.000,cold
954,exp-cold-5000-000980-b0f8db67,1784799971478,1784799971479,202,1.000,cold
955,exp-cold-5000-000982-6586b37a,1784799971478,1784799971479,202,1.000,cold
956,exp-cold-5000-000988-1b4dad50,1784799971478,1784799971479,202,1.000,cold
957,exp-cold-5000-000985-3a32c738,1784799971478,1784799971479,202,1.000,cold
958,exp-cold-5000-000989-02c47cd0,1784799971478,1784799971479,202,1.000,cold
959,exp-cold-5000-000996-d58ebbd8,1784799971478,1784799971480,202,2.000,cold
960,exp-cold-5000-000993-33d1ba68,1784799971478,1784799971480,202,2.000,cold
961,exp-cold-5000-000666-9ac8ee85,1784799971478,1784799971480,202,2.000,cold
962,exp-cold-5000-000663-4cb511d6,1784799971478,1784799971480,202,2.000,cold
963,exp-cold-5000-001001-f2053fcb,1784799971478,1784799971480,202,2.000,cold
964,exp-cold-5000-001009-be221ebf,1784799971478,1784799971481,202,3.000,cold
965,exp-cold-5000-000983-598934a1,1784799971479,1784799971479,202,0.000,cold
966,exp-cold-5000-000984-03d6c3a3,1784799971479,1784799971479,202,0.000,cold
967,exp-cold-5000-000975-7ea5cd38,1784799971479,1784799971479,202,0.000,cold
968,exp-cold-5000-000963-5dd0e62b,1784799971479,1784799971479,202,0.000,cold
969,exp-cold-5000-000667-fef4790b,1784799971479,1784799971480,202,1.000,cold
970,exp-cold-5000-000668-bdb165a6,1784799971479,1784799971480,202,1.000,cold
971,exp-cold-5000-001002-87646ab1,1784799971479,1784799971480,202,1.000,cold
972,exp-cold-5000-000662-e4b2ca66,1784799971479,1784799971480,202,1.000,cold
973,exp-cold-5000-000665-7f4b20b3,1784799971479,1784799971480,202,1.000,cold
974,exp-cold-5000-000999-6be825a5,1784799971479,1784799971480,202,1.000,cold
975,exp-cold-5000-000998-9496894f,1784799971479,1784799971480,202,1.000,cold
976,exp-cold-5000-000997-2d665dee,1784799971479,1784799971480,202,1.000,cold
977,exp-cold-5000-000995-5d5eb49b,1784799971479,1784799971480,202,1.000,cold
978,exp-cold-5000-001003-4c55c1a4,1784799971479,1784799971481,202,2.000,cold
979,exp-cold-5000-001010-e4b165cf,1784799971479,1784799971481,202,2.000,cold
980,exp-cold-5000-000661-69d0fe1a,1784799971479,1784799971481,202,2.000,cold
981,exp-cold-5000-000664-03dda2f4,1784799971479,1784799971480,202,1.000,cold
982,exp-cold-5000-001029-54be4a9e,1784799971479,1784799971483,202,4.000,cold
983,exp-cold-5000-001006-da94185a,1784799971480,1784799971481,202,1.000,cold
984,exp-cold-5000-001012-fb50f85e,1784799971480,1784799971481,202,1.000,cold
985,exp-cold-5000-001007-97981ebe,1784799971480,1784799971481,202,1.000,cold
986,exp-cold-5000-001011-34252680,1784799971480,1784799971481,202,1.000,cold
987,exp-cold-5000-001004-656cabf0,1784799971480,1784799971481,202,1.000,cold
988,exp-cold-5000-001008-7f927737,1784799971480,1784799971481,202,1.000,cold
989,exp-cold-5000-000659-af787349,1784799971480,1784799971482,202,2.000,cold
990,exp-cold-5000-001020-0d18cf9b,1784799971480,1784799971483,202,3.000,cold
991,exp-cold-5000-001005-c6099ce5,1784799971481,1784799971481,202,0.000,cold
992,exp-cold-5000-001014-ef364396,1784799971481,1784799971482,202,1.000,cold
993,exp-cold-5000-001019-766c4e42,1784799971481,1784799971482,202,1.000,cold
994,exp-cold-5000-001018-945e1f0c,1784799971481,1784799971482,202,1.000,cold
995,exp-cold-5000-001021-0c156e8c,1784799971481,1784799971482,202,1.000,cold
996,exp-cold-5000-001023-9b6d2234,1784799971481,1784799971482,202,1.000,cold
997,exp-cold-5000-001022-2810cad0,1784799971481,1784799971482,202,1.000,cold
998,exp-cold-5000-001024-72b72087,1784799971481,1784799971482,202,1.000,cold
999,exp-cold-5000-001017-43fa4b14,1784799971481,1784799971482,202,1.000,cold
1000,exp-cold-5000-000656-d277b6d5,1784799971481,1784799971483,202,2.000,cold
1001,exp-cold-5000-001030-8f0d102b,1784799971481,1784799971483,202,2.000,cold
1002,exp-cold-5000-001028-3caf4d00,1784799971481,1784799971483,202,2.000,cold
1003,exp-cold-5000-001013-a064ff59,1784799971482,1784799971482,202,0.000,cold
1004,exp-cold-5000-000991-bffa12c7,1784799971482,1784799971482,202,0.000,cold
1005,exp-cold-5000-001015-582bade7,1784799971482,1784799971482,202,0.000,cold
1006,exp-cold-5000-000979-a150f81a,1784799971482,1784799971482,202,0.000,cold
1007,exp-cold-5000-000660-e6ae49a5,1784799971482,1784799971482,202,0.000,cold
1008,exp-cold-5000-001026-4f4b1b30,1784799971482,1784799971483,202,1.000,cold
1009,exp-cold-5000-001032-6964e998,1784799971482,1784799971483,202,1.000,cold
1010,exp-cold-5000-001025-40f1da79,1784799971482,1784799971483,202,1.000,cold
1011,exp-cold-5000-001036-067ff617,1784799971482,1784799971483,202,1.000,cold
1012,exp-cold-5000-001016-c066f75b,1784799971482,1784799971483,202,1.000,cold
1013,exp-cold-5000-001037-bf1449cb,1784799971482,1784799971483,202,1.000,cold
1014,exp-cold-5000-001033-2cc300c1,1784799971482,1784799971483,202,1.000,cold
1015,exp-cold-5000-001027-0b5141a7,1784799971482,1784799971483,202,1.000,cold
1016,exp-cold-5000-001035-2bb9643c,1784799971482,1784799971483,202,1.000,cold
1017,exp-cold-5000-001040-bbf2b3ff,1784799971482,1784799971484,202,2.000,cold
1018,exp-cold-5000-001052-d2df8fda,1784799971482,1784799971485,202,3.000,cold
1019,exp-cold-5000-000658-33686668,1784799971483,1784799971483,202,0.000,cold
1020,exp-cold-5000-000657-cd20271b,1784799971483,1784799971483,202,0.000,cold
1021,exp-cold-5000-001034-33bb55c5,1784799971483,1784799971484,202,1.000,cold
1022,exp-cold-5000-001043-c39bfa31,1784799971483,1784799971484,202,1.000,cold
1023,exp-cold-5000-000654-47f9aba5,1784799971483,1784799971484,202,1.000,cold
1024,exp-cold-5000-001038-77a1f79b,1784799971483,1784799971484,202,1.000,cold
1025,exp-cold-5000-001042-b285a489,1784799971483,1784799971484,202,1.000,cold
1026,exp-cold-5000-000655-6d792352,1784799971483,1784799971484,202,1.000,cold
1027,exp-cold-5000-001044-e997a981,1784799971483,1784799971484,202,1.000,cold
1028,exp-cold-5000-001045-0ae99987,1784799971483,1784799971485,202,2.000,cold
1029,exp-cold-5000-001048-8263fec7,1784799971483,1784799971485,202,2.000,cold
1030,exp-cold-5000-001039-7338b2f2,1784799971484,1784799971484,202,0.000,cold
1031,exp-cold-5000-001041-d2d915ee,1784799971484,1784799971484,202,0.000,cold
1032,exp-cold-5000-000653-407df41a,1784799971484,1784799971485,202,1.000,cold
1033,exp-cold-5000-001055-341711a2,1784799971484,1784799971485,202,1.000,cold
1034,exp-cold-5000-001054-69fccfa9,1784799971484,1784799971485,202,1.000,cold
1035,exp-cold-5000-000652-13010b64,1784799971484,1784799971485,202,1.000,cold
1036,exp-cold-5000-001057-4cbc05a1,1784799971484,1784799971485,202,1.000,cold
1037,exp-cold-5000-001047-d3880a69,1784799971484,1784799971485,202,1.000,cold
1038,exp-cold-5000-001053-94566154,1784799971484,1784799971485,202,1.000,cold
1039,exp-cold-5000-000647-3efe6b94,1784799971484,1784799971486,202,2.000,cold
1040,exp-cold-5000-001060-a12f9e2c,1784799971484,1784799971486,202,2.000,cold
1041,exp-cold-5000-001046-0c4a1749,1784799971485,1784799971485,202,0.000,cold
1042,exp-cold-5000-001050-b7fdcb87,1784799971485,1784799971485,202,0.000,cold
1043,exp-cold-5000-001049-8e329b8f,1784799971485,1784799971485,202,0.000,cold
1044,exp-cold-5000-001062-e93fb01d,1784799971485,1784799971486,202,1.000,cold
1045,exp-cold-5000-000649-0ccf9a50,1784799971485,1784799971486,202,1.000,cold
1046,exp-cold-5000-001063-e8d58bb4,1784799971485,1784799971486,202,1.000,cold
1047,exp-cold-5000-000646-b3f25a42,1784799971485,1784799971486,202,1.000,cold
1048,exp-cold-5000-000645-f15898c9,1784799971485,1784799971486,202,1.000,cold
1049,exp-cold-5000-001061-bd811f89,1784799971485,1784799971486,202,1.000,cold
1050,exp-cold-5000-001064-7a7b4f4e,1784799971485,1784799971486,202,1.000,cold
1051,exp-cold-5000-000648-a0c9f6ef,1784799971485,1784799971486,202,1.000,cold
1052,exp-cold-5000-001058-87d30782,1784799971485,1784799971486,202,1.000,cold
1053,exp-cold-5000-000650-9904f8f7,1784799971486,1784799971486,202,0.000,cold
1054,exp-cold-5000-000651-86914b4b,1784799971486,1784799971486,202,0.000,cold
1055,exp-cold-5000-001059-3b9b7e8a,1784799971486,1784799971486,202,0.000,cold
1056,exp-cold-5000-001031-26dc2e8d,1784799971486,1784799971487,202,1.000,cold
1057,exp-cold-5000-001073-12992805,1784799971486,1784799971487,202,1.000,cold
1058,exp-cold-5000-000641-9f2fe338,1784799971486,1784799971487,202,1.000,cold
1059,exp-cold-5000-000795-a444210e,1784799971486,1784799971487,202,1.000,cold
1060,exp-cold-5000-000741-5b6d80a7,1784799971486,1784799971487,202,1.000,cold
1061,exp-cold-5000-001074-01890c53,1784799971486,1784799971487,202,1.000,cold
1062,exp-cold-5000-001075-8a3a0dc3,1784799971486,1784799971487,202,1.000,cold
1063,exp-cold-5000-001076-c3c2c749,1784799971486,1784799971487,202,1.000,cold
1064,exp-cold-5000-000642-94504f30,1784799971486,1784799971487,202,1.000,cold
1065,exp-cold-5000-001066-fbfbd0a7,1784799971486,1784799971487,202,1.000,cold
1066,exp-cold-5000-001070-d70736f2,1784799971486,1784799971487,202,1.000,cold
1067,exp-cold-5000-001072-72981595,1784799971486,1784799971487,202,1.000,cold
1068,exp-cold-5000-001077-6248018b,1784799971486,1784799971488,202,2.000,cold
1069,exp-cold-5000-001084-65fd896a,1784799971486,1784799971488,202,2.000,cold
1070,exp-cold-5000-001069-dd7c176d,1784799971487,1784799971487,202,0.000,cold
1071,exp-cold-5000-000644-66ac434c,1784799971487,1784799971487,202,0.000,cold
1072,exp-cold-5000-001065-3d156475,1784799971487,1784799971487,202,0.000,cold
1073,exp-cold-5000-001067-97c05230,1784799971487,1784799971487,202,0.000,cold
1074,exp-cold-5000-001071-44b76eca,1784799971487,1784799971487,202,0.000,cold
1075,exp-cold-5000-000643-9dd2c13f,1784799971487,1784799971487,202,0.000,cold
1076,exp-cold-5000-001068-993d7885,1784799971487,1784799971487,202,0.000,cold
1077,exp-cold-5000-001085-3374d5a9,1784799971487,1784799971488,202,1.000,cold
1078,exp-cold-5000-001083-caa6edda,1784799971487,1784799971488,202,1.000,cold
1079,exp-cold-5000-001087-8086e551,1784799971487,1784799971488,202,1.000,cold
1080,exp-cold-5000-001080-52165fb1,1784799971487,1784799971488,202,1.000,cold
1081,exp-cold-5000-001078-e66d3964,1784799971487,1784799971488,202,1.000,cold
1082,exp-cold-5000-001089-12484522,1784799971487,1784799971488,202,1.000,cold
1083,exp-cold-5000-001086-17abb59d,1784799971487,1784799971488,202,1.000,cold
1084,exp-cold-5000-001088-a167b139,1784799971487,1784799971488,202,1.000,cold
1085,exp-cold-5000-001102-aafbff39,1784799971487,1784799971489,202,2.000,cold
1086,exp-cold-5000-001082-5de061fd,1784799971488,1784799971488,202,0.000,cold
1087,exp-cold-5000-001081-24f95cd0,1784799971488,1784799971488,202,0.000,cold
1088,exp-cold-5000-001079-208c18ff,1784799971488,1784799971488,202,0.000,cold
1089,exp-cold-5000-001100-ba0968d8,1784799971488,1784799971489,202,1.000,cold
1090,exp-cold-5000-001099-80e851ce,1784799971488,1784799971489,202,1.000,cold
1091,exp-cold-5000-001103-c629d9b1,1784799971488,1784799971489,202,1.000,cold
1092,exp-cold-5000-001101-f4bcf556,1784799971488,1784799971489,202,1.000,cold
1093,exp-cold-5000-001096-b9a85bf0,1784799971488,1784799971489,202,1.000,cold
1094,exp-cold-5000-000398-cc4ab0c7,1784799971488,1784799971489,202,1.000,cold
1095,exp-cold-5000-001095-6c7dfbf3,1784799971488,1784799971489,202,1.000,cold
1096,exp-cold-5000-001111-2fdadc41,1784799971488,1784799971490,202,2.000,cold
1097,exp-cold-5000-001090-6a818dac,1784799971489,1784799971489,202,0.000,cold
1098,exp-cold-5000-001094-7780a86c,1784799971489,1784799971489,202,0.000,cold
1099,exp-cold-5000-001093-fcdb3d53,1784799971489,1784799971489,202,0.000,cold
1100,exp-cold-5000-001091-c56a453c,1784799971489,1784799971489,202,0.000,cold
1101,exp-cold-5000-001092-d289188c,1784799971489,1784799971489,202,0.000,cold
1102,exp-cold-5000-001097-66e3443a,1784799971489,1784799971489,202,0.000,cold
1103,exp-cold-5000-001098-baca8a61,1784799971489,1784799971489,202,0.000,cold
1104,exp-cold-5000-001112-a250e3f0,1784799971489,1784799971490,202,1.000,cold
1105,exp-cold-5000-001110-64428660,1784799971489,1784799971490,202,1.000,cold
1106,exp-cold-5000-001113-770ee451,1784799971489,1784799971490,202,1.000,cold
1107,exp-cold-5000-001114-7bea4827,1784799971489,1784799971490,202,1.000,cold
1108,exp-cold-5000-001109-74357d79,1784799971489,1784799971490,202,1.000,cold
1109,exp-cold-5000-001105-c0668689,1784799971489,1784799971490,202,1.000,cold
1110,exp-cold-5000-001121-b4b3ddda,1784799971489,1784799971491,202,2.000,cold
1111,exp-cold-5000-001104-49d56073,1784799971490,1784799971490,202,0.000,cold
1112,exp-cold-5000-001106-5d7acdda,1784799971490,1784799971490,202,0.000,cold
1113,exp-cold-5000-001107-aa518b68,1784799971490,1784799971490,202,0.000,cold
1114,exp-cold-5000-001108-cdfbf4b4,1784799971490,1784799971490,202,0.000,cold
1115,exp-cold-5000-001118-eb5b26d4,1784799971490,1784799971491,202,1.000,cold
1116,exp-cold-5000-001119-76971c26,1784799971490,1784799971491,202,1.000,cold
1117,exp-cold-5000-001125-f881e94c,1784799971490,1784799971492,202,2.000,cold
1118,exp-cold-5000-001120-a86f28c3,1784799971490,1784799971491,202,1.000,cold
1119,exp-cold-5000-001115-e43b4db7,1784799971491,1784799971491,202,0.000,cold
1120,exp-cold-5000-001117-7f5cdf67,1784799971491,1784799971491,202,0.000,cold
1121,exp-cold-5000-001116-c425d419,1784799971491,1784799971491,202,0.000,cold
1122,exp-cold-5000-001122-2470a934,1784799971491,1784799971492,202,1.000,cold
1123,exp-cold-5000-001123-e3df1721,1784799971491,1784799971492,202,1.000,cold
1124,exp-cold-5000-001126-ff4d0e3b,1784799971491,1784799971492,202,1.000,cold
1125,exp-cold-5000-001129-0c880a93,1784799971491,1784799971492,202,1.000,cold
1126,exp-cold-5000-001124-a69faeb0,1784799971491,1784799971492,202,1.000,cold
1127,exp-cold-5000-001056-97690f9a,1784799971491,1784799971492,202,1.000,cold
1128,exp-cold-5000-001133-c3692b9d,1784799971491,1784799971493,202,2.000,cold
1129,exp-cold-5000-001131-8038bdfc,1784799971491,1784799971493,202,2.000,cold
1130,exp-cold-5000-001128-5ddad23b,1784799971492,1784799971492,202,0.000,cold
1131,exp-cold-5000-001127-eb6d37fd,1784799971492,1784799971492,202,0.000,cold
1132,exp-cold-5000-001134-6f02802b,1784799971492,1784799971493,202,1.000,cold
1133,exp-cold-5000-001130-d6dd9263,1784799971492,1784799971493,202,1.000,cold
1134,exp-cold-5000-001135-df43db84,1784799971492,1784799971493,202,1.000,cold
1135,exp-cold-5000-001136-c461ef53,1784799971492,1784799971493,202,1.000,cold
1136,exp-cold-5000-001141-18d98a54,1784799971492,1784799971494,202,2.000,cold
1137,exp-cold-5000-001156-4ec30fbf,1784799971492,1784799971496,202,4.000,cold
1138,exp-cold-5000-001132-fb84e310,1784799971493,1784799971493,202,0.000,cold
1139,exp-cold-5000-001137-2c78aee6,1784799971493,1784799971494,202,1.000,cold
1140,exp-cold-5000-001139-b96406e8,1784799971493,1784799971494,202,1.000,cold
1141,exp-cold-5000-001138-952f3ee7,1784799971493,1784799971494,202,1.000,cold
1142,exp-cold-5000-001140-db87d224,1784799971493,1784799971494,202,1.000,cold
1143,exp-cold-5000-001143-903c71c0,1784799971493,1784799971494,202,1.000,cold
1144,exp-cold-5000-001150-62e0565d,1784799971493,1784799971495,202,2.000,cold
1145,exp-cold-5000-001148-b8472b94,1784799971494,1784799971495,202,1.000,cold
1146,exp-cold-5000-001145-03207197,1784799971494,1784799971495,202,1.000,cold
1147,exp-cold-5000-001147-6cee3d88,1784799971494,1784799971495,202,1.000,cold
1148,exp-cold-5000-001144-e003eb59,1784799971494,1784799971495,202,1.000,cold
1149,exp-cold-5000-001157-4902a580,1784799971494,1784799971496,202,2.000,cold
1150,exp-cold-5000-001142-d3de3344,1784799971495,1784799971495,202,0.000,cold
1151,exp-cold-5000-001146-35eec379,1784799971495,1784799971495,202,0.000,cold
1152,exp-cold-5000-001152-965695db,1784799971495,1784799971496,202,1.000,cold
1153,exp-cold-5000-001153-5ccc4362,1784799971495,1784799971496,202,1.000,cold
1154,exp-cold-5000-001155-c8738508,1784799971495,1784799971496,202,1.000,cold
1155,exp-cold-5000-001162-0da9b5de,1784799971495,1784799971497,202,2.000,cold
1156,exp-cold-5000-001149-889e09f7,1784799971496,1784799971496,202,0.000,cold
1157,exp-cold-5000-001154-80a0121d,1784799971496,1784799971496,202,0.000,cold
1158,exp-cold-5000-001151-ee5ff70e,1784799971496,1784799971496,202,0.000,cold
1159,exp-cold-5000-001158-25091bb9,1784799971496,1784799971497,202,1.000,cold
1160,exp-cold-5000-001163-6bf63728,1784799971496,1784799971497,202,1.000,cold
1161,exp-cold-5000-001164-736fb810,1784799971496,1784799971497,202,1.000,cold
1162,exp-cold-5000-001160-2e1d6b12,1784799971496,1784799971497,202,1.000,cold
1163,exp-cold-5000-001159-8abb725f,1784799971497,1784799971497,202,0.000,cold
1164,exp-cold-5000-001161-0d3ceaea,1784799971497,1784799971497,202,0.000,cold
1165,exp-cold-5000-001169-22b2a4a1,1784799971497,1784799971498,202,1.000,cold
1166,exp-cold-5000-001168-8427703a,1784799971497,1784799971498,202,1.000,cold
1167,exp-cold-5000-001171-45ed8da5,1784799971497,1784799971498,202,1.000,cold
1168,exp-cold-5000-001172-3a63634a,1784799971497,1784799971498,202,1.000,cold
1169,exp-cold-5000-001170-1a430b30,1784799971497,1784799971498,202,1.000,cold
1170,exp-cold-5000-001173-f3b9ecd7,1784799971497,1784799971498,202,1.000,cold
1171,exp-cold-5000-001165-640deb38,1784799971498,1784799971498,202,0.000,cold
1172,exp-cold-5000-001166-01408533,1784799971498,1784799971498,202,0.000,cold
1173,exp-cold-5000-001175-f2fb7cf5,1784799971498,1784799971499,202,1.000,cold
1174,exp-cold-5000-001181-4bf69ec2,1784799971498,1784799971499,202,1.000,cold
1175,exp-cold-5000-001183-f7060fe0,1784799971498,1784799971500,202,2.000,cold
1176,exp-cold-5000-001179-b2bfeeb9,1784799971498,1784799971499,202,1.000,cold
1177,exp-cold-5000-001180-399f77f5,1784799971498,1784799971499,202,1.000,cold
1178,exp-cold-5000-001174-a318f740,1784799971499,1784799971499,202,0.000,cold
1179,exp-cold-5000-001177-17a5f3d3,1784799971499,1784799971499,202,0.000,cold
1180,exp-cold-5000-001176-dc5d48fe,1784799971499,1784799971499,202,0.000,cold
1181,exp-cold-5000-001178-740774ea,1784799971499,1784799971499,202,0.000,cold
1182,exp-cold-5000-001186-39da704a,1784799971499,1784799971500,202,1.000,cold
1183,exp-cold-5000-001167-b8ff3ad2,1784799971499,1784799971500,202,1.000,cold
1184,exp-cold-5000-001191-7526e33e,1784799971499,1784799971500,202,1.000,cold
1185,exp-cold-5000-001185-2f9c9901,1784799971499,1784799971500,202,1.000,cold
1186,exp-cold-5000-001187-ae729c77,1784799971499,1784799971500,202,1.000,cold
1187,exp-cold-5000-001188-11571abe,1784799971499,1784799971500,202,1.000,cold
1188,exp-cold-5000-001190-efdaa9bd,1784799971499,1784799971500,202,1.000,cold
1189,exp-cold-5000-001184-c8cb9ee6,1784799971499,1784799971500,202,1.000,cold
1190,exp-cold-5000-001198-e516c6b9,1784799971499,1784799971501,202,2.000,cold
1191,exp-cold-5000-001203-41d40bce,1784799971499,1784799971502,202,3.000,cold
1192,exp-cold-5000-001182-4cf2bd37,1784799971500,1784799971500,202,0.000,cold
1193,exp-cold-5000-001199-c11167b7,1784799971500,1784799971501,202,1.000,cold
1194,exp-cold-5000-001194-5208315d,1784799971500,1784799971501,202,1.000,cold
1195,exp-cold-5000-001196-70ca6312,1784799971500,1784799971501,202,1.000,cold
1196,exp-cold-5000-001192-f2a71e40,1784799971500,1784799971501,202,1.000,cold
1197,exp-cold-5000-001195-22ebedeb,1784799971500,1784799971501,202,1.000,cold
1198,exp-cold-5000-001197-4049f159,1784799971500,1784799971501,202,1.000,cold
1199,exp-cold-5000-001206-3b7f96b4,1784799971500,1784799971502,202,2.000,cold
1200,exp-cold-5000-001193-7629f76c,1784799971501,1784799971501,202,0.000,cold
1201,exp-cold-5000-001189-a5a9852b,1784799971501,1784799971501,202,0.000,cold
1202,exp-cold-5000-001207-15218dcc,1784799971501,1784799971502,202,1.000,cold
1203,exp-cold-5000-001208-6c3b0dee,1784799971501,1784799971502,202,1.000,cold
1204,exp-cold-5000-001200-66ea24c1,1784799971502,1784799971502,202,0.000,cold
1205,exp-cold-5000-001201-541fcab1,1784799971502,1784799971502,202,0.000,cold
1206,exp-cold-5000-001204-2db3382d,1784799971502,1784799971502,202,0.000,cold
1207,exp-cold-5000-001205-9cda454b,1784799971502,1784799971502,202,0.000,cold
1208,exp-cold-5000-001202-81fd7792,1784799971502,1784799971502,202,0.000,cold
1209,exp-cold-5000-001213-88646b18,1784799971502,1784799971503,202,1.000,cold
1210,exp-cold-5000-001214-0e5dcff3,1784799971502,1784799971503,202,1.000,cold
1211,exp-cold-5000-001211-ce61733d,1784799971502,1784799971503,202,1.000,cold
1212,exp-cold-5000-001216-270d4b44,1784799971502,1784799971503,202,1.000,cold
1213,exp-cold-5000-001212-28c8afe6,1784799971502,1784799971503,202,1.000,cold
1214,exp-cold-5000-001215-32d95c73,1784799971502,1784799971503,202,1.000,cold
1215,exp-cold-5000-001209-64c7b84e,1784799971503,1784799971503,202,0.000,cold
1216,exp-cold-5000-001221-85614af0,1784799971503,1784799971504,202,1.000,cold
1217,exp-cold-5000-001220-66f532be,1784799971503,1784799971504,202,1.000,cold
1218,exp-cold-5000-001210-d918c03a,1784799971503,1784799971504,202,1.000,cold
1219,exp-cold-5000-001219-11e72089,1784799971503,1784799971504,202,1.000,cold
1220,exp-cold-5000-001227-5204738d,1784799971503,1784799971505,202,2.000,cold
1221,exp-cold-5000-001225-504a7489,1784799971503,1784799971505,202,2.000,cold
1222,exp-cold-5000-001228-7c3e2c1e,1784799971503,1784799971505,202,2.000,cold
1223,exp-cold-5000-001268-4fac3c1e,1784799971503,1784799971510,202,7.000,cold
1224,exp-cold-5000-001217-eb9a55af,1784799971504,1784799971504,202,0.000,cold
1225,exp-cold-5000-001218-35ecff9c,1784799971504,1784799971504,202,0.000,cold
1226,exp-cold-5000-001230-3c85cb38,1784799971504,1784799971505,202,1.000,cold
1227,exp-cold-5000-001226-564dcd6d,1784799971504,1784799971505,202,1.000,cold
1228,exp-cold-5000-001229-42343ab6,1784799971504,1784799971505,202,1.000,cold
1229,exp-cold-5000-001222-9e5b0de2,1784799971504,1784799971505,202,1.000,cold
1230,exp-cold-5000-001232-0c40c82b,1784799971504,1784799971506,202,2.000,cold
1231,exp-cold-5000-001240-b325b213,1784799971504,1784799971506,202,2.000,cold
1232,exp-cold-5000-001223-11a63eb9,1784799971505,1784799971505,202,0.000,cold
1233,exp-cold-5000-001224-290f0ef8,1784799971505,1784799971505,202,0.000,cold
1234,exp-cold-5000-001238-0a2d0ec8,1784799971505,1784799971506,202,1.000,cold
1235,exp-cold-5000-001237-8566e0ff,1784799971505,1784799971506,202,1.000,cold
1236,exp-cold-5000-001239-ce961fef,1784799971505,1784799971507,202,2.000,cold
1237,exp-cold-5000-001236-4cfbbbb0,1784799971505,1784799971507,202,2.000,cold
1238,exp-cold-5000-001273-0cee3844,1784799971505,1784799971511,202,6.000,cold
1239,exp-cold-5000-001298-57b19d0f,1784799971505,1784799971513,202,8.000,cold
1240,exp-cold-5000-001231-805dfdd6,1784799971506,1784799971506,202,0.000,cold
1241,exp-cold-5000-001233-2e5eefaa,1784799971506,1784799971506,202,0.000,cold
1242,exp-cold-5000-001235-1eebcef0,1784799971506,1784799971506,202,0.000,cold
1243,exp-cold-5000-001234-9f214552,1784799971506,1784799971506,202,0.000,cold
1244,exp-cold-5000-001246-235a2980,1784799971506,1784799971507,202,1.000,cold
1245,exp-cold-5000-001243-5fb63203,1784799971506,1784799971507,202,1.000,cold
1246,exp-cold-5000-001245-49c15050,1784799971506,1784799971507,202,1.000,cold
1247,exp-cold-5000-001241-a41c28c6,1784799971506,1784799971507,202,1.000,cold
1248,exp-cold-5000-001244-f0dd924c,1784799971506,1784799971507,202,1.000,cold
1249,exp-cold-5000-001247-56ae88ee,1784799971506,1784799971507,202,1.000,cold
1250,exp-cold-5000-001248-ce09ea90,1784799971506,1784799971507,202,1.000,cold
1251,exp-cold-5000-001242-97c13bfb,1784799971506,1784799971507,202,1.000,cold
1252,exp-cold-5000-001280-fa758b1a,1784799971506,1784799971512,202,6.000,cold
1253,exp-cold-5000-001283-e34cfc7b,1784799971506,1784799971512,202,6.000,cold
1254,exp-cold-5000-001255-2ff7a9de,1784799971507,1784799971508,202,1.000,cold
1255,exp-cold-5000-001249-d7bb6c20,1784799971507,1784799971508,202,1.000,cold
1256,exp-cold-5000-001252-8c9dd1be,1784799971507,1784799971508,202,1.000,cold
1257,exp-cold-5000-001250-6bd79a1f,1784799971507,1784799971508,202,1.000,cold
1258,exp-cold-5000-001253-7492b338,1784799971507,1784799971508,202,1.000,cold
1259,exp-cold-5000-001251-d367ced5,1784799971508,1784799971508,202,0.000,cold
1260,exp-cold-5000-001254-d52b9f76,1784799971508,1784799971508,202,0.000,cold
1261,exp-cold-5000-001260-c6a9f6ed,1784799971508,1784799971509,202,1.000,cold
1262,exp-cold-5000-001259-bdde12c0,1784799971508,1784799971509,202,1.000,cold
1263,exp-cold-5000-001256-3f370680,1784799971508,1784799971509,202,1.000,cold
1264,exp-cold-5000-001261-b4c165d7,1784799971508,1784799971509,202,1.000,cold
1265,exp-cold-5000-001258-73cbc878,1784799971508,1784799971509,202,1.000,cold
1266,exp-cold-5000-001262-56c4baf2,1784799971508,1784799971510,202,2.000,cold
1267,exp-cold-5000-001263-d9a11df7,1784799971508,1784799971510,202,2.000,cold
1268,exp-cold-5000-001278-1ed8b083,1784799971508,1784799971511,202,3.000,cold
1269,exp-cold-5000-001257-f482e2c1,1784799971509,1784799971509,202,0.000,cold
1270,exp-cold-5000-001266-8326721b,1784799971509,1784799971510,202,1.000,cold
1271,exp-cold-5000-001265-5879a9bb,1784799971509,1784799971510,202,1.000,cold
1272,exp-cold-5000-001270-afb9f359,1784799971509,1784799971510,202,1.000,cold
1273,exp-cold-5000-001267-ee5bc401,1784799971509,1784799971510,202,1.000,cold
1274,exp-cold-5000-001264-ecd70fc4,1784799971509,1784799971510,202,1.000,cold
1275,exp-cold-5000-001277-e2c4264f,1784799971510,1784799971511,202,1.000,cold
1276,exp-cold-5000-001276-7d22f44d,1784799971510,1784799971511,202,1.000,cold
1277,exp-cold-5000-001275-30897700,1784799971510,1784799971511,202,1.000,cold
1278,exp-cold-5000-001279-81055d37,1784799971510,1784799971511,202,1.000,cold
1279,exp-cold-5000-001269-6cf92135,1784799971510,1784799971511,202,1.000,cold
1280,exp-cold-5000-001297-b925ef6f,1784799971510,1784799971513,202,3.000,cold
1281,exp-cold-5000-001307-f56adbbd,1784799971510,1784799971514,202,4.000,cold
1282,exp-cold-5000-001272-9d318f17,1784799971511,1784799971511,202,0.000,cold
1283,exp-cold-5000-001271-0ef1b459,1784799971511,1784799971511,202,0.000,cold
1284,exp-cold-5000-001274-52b46b5f,1784799971511,1784799971511,202,0.000,cold
1285,exp-cold-5000-001285-411600fc,1784799971511,1784799971512,202,1.000,cold
1286,exp-cold-5000-001292-f6feafc9,1784799971511,1784799971512,202,1.000,cold
1287,exp-cold-5000-001290-6be782cc,1784799971511,1784799971512,202,1.000,cold
1288,exp-cold-5000-001286-26984e56,1784799971511,1784799971512,202,1.000,cold
1289,exp-cold-5000-001281-67770f24,1784799971512,1784799971512,202,0.000,cold
1290,exp-cold-5000-001282-0746ce78,1784799971512,1784799971512,202,0.000,cold
1291,exp-cold-5000-001284-ef2ec819,1784799971512,1784799971512,202,0.000,cold
1292,exp-cold-5000-001299-bc7bb265,1784799971512,1784799971513,202,1.000,cold
1293,exp-cold-5000-001295-6f2c2522,1784799971512,1784799971513,202,1.000,cold
1294,exp-cold-5000-001291-566d30ad,1784799971512,1784799971513,202,1.000,cold
1295,exp-cold-5000-001306-9866176e,1784799971512,1784799971514,202,2.000,cold
1296,exp-cold-5000-001304-77c992b6,1784799971512,1784799971514,202,2.000,cold
1297,exp-cold-5000-001303-5ab2f2aa,1784799971512,1784799971514,202,2.000,cold
1298,exp-cold-5000-001305-3eaef56e,1784799971512,1784799971514,202,2.000,cold
1299,exp-cold-5000-001294-147b51ea,1784799971512,1784799971513,202,1.000,cold
1300,exp-cold-5000-001293-0216ff9e,1784799971513,1784799971513,202,0.000,cold
1301,exp-cold-5000-001289-ee527390,1784799971513,1784799971513,202,0.000,cold
1302,exp-cold-5000-001296-de2a479d,1784799971513,1784799971513,202,0.000,cold
1303,exp-cold-5000-001287-c4ba1176,1784799971513,1784799971513,202,0.000,cold
1304,exp-cold-5000-001300-52d00d72,1784799971514,1784799971514,202,0.000,cold
1305,exp-cold-5000-001301-8f0ad194,1784799971514,1784799971514,202,0.000,cold
1306,exp-cold-5000-001302-dce6dd79,1784799971514,1784799971514,202,0.000,cold
1307,exp-cold-5000-001308-1046e012,1784799971515,1784799971516,202,1.000,cold
1308,exp-cold-5000-001316-5288e529,1784799971515,1784799971518,202,3.000,cold
1309,exp-cold-5000-001288-89baded9,1784799971516,1784799971517,202,1.000,cold
1310,exp-cold-5000-001310-bbd07ae5,1784799971516,1784799971518,202,2.000,cold
1311,exp-cold-5000-001311-8dfc3a65,1784799971517,1784799971517,202,0.000,cold
1312,exp-cold-5000-001309-f80c117d,1784799971517,1784799971518,202,1.000,cold
1313,exp-cold-5000-001312-a49a87ac,1784799971517,1784799971518,202,1.000,cold
1314,exp-cold-5000-001317-457f5c7c,1784799971517,1784799971518,202,1.000,cold
1315,exp-cold-5000-001314-17a821c5,1784799971517,1784799971518,202,1.000,cold
1316,exp-cold-5000-001315-a9d4fda5,1784799971517,1784799971518,202,1.000,cold
1317,exp-cold-5000-001318-61efdc77,1784799971517,1784799971519,202,2.000,cold
1318,exp-cold-5000-001322-347dcf77,1784799971517,1784799971519,202,2.000,cold
1319,exp-cold-5000-001327-737bc0c1,1784799971517,1784799971519,202,2.000,cold
1320,exp-cold-5000-001335-077e8e0d,1784799971517,1784799971520,202,3.000,cold
1321,exp-cold-5000-001313-b050fea5,1784799971518,1784799971518,202,0.000,cold
1322,exp-cold-5000-001324-b65404f0,1784799971518,1784799971519,202,1.000,cold
1323,exp-cold-5000-001326-42a21ee2,1784799971518,1784799971519,202,1.000,cold
1324,exp-cold-5000-001325-3bd9a9b6,1784799971518,1784799971519,202,1.000,cold
1325,exp-cold-5000-001323-74901715,1784799971518,1784799971519,202,1.000,cold
1326,exp-cold-5000-001319-ebdc5883,1784799971519,1784799971519,202,0.000,cold
1327,exp-cold-5000-001320-907495a9,1784799971519,1784799971519,202,0.000,cold
1328,exp-cold-5000-001321-22bd2535,1784799971519,1784799971519,202,0.000,cold
1329,exp-cold-5000-001332-e1241e7a,1784799971519,1784799971520,202,1.000,cold
1330,exp-cold-5000-001334-12e6815f,1784799971519,1784799971520,202,1.000,cold
1331,exp-cold-5000-001333-b514421c,1784799971519,1784799971520,202,1.000,cold
1332,exp-cold-5000-001336-94ba5e07,1784799971519,1784799971520,202,1.000,cold
1333,exp-cold-5000-001344-e8c85bd0,1784799971519,1784799971521,202,2.000,cold
1334,exp-cold-5000-001337-fa85f2f3,1784799971519,1784799971521,202,2.000,cold
1335,exp-cold-5000-001338-331d303d,1784799971519,1784799971521,202,2.000,cold
1336,exp-cold-5000-001354-9596e6fd,1784799971519,1784799971522,202,3.000,cold
1337,exp-cold-5000-001328-2927103f,1784799971520,1784799971520,202,0.000,cold
1338,exp-cold-5000-001329-e87f3b69,1784799971520,1784799971520,202,0.000,cold
1339,exp-cold-5000-001330-d0325449,1784799971520,1784799971520,202,0.000,cold
1340,exp-cold-5000-001331-71a8f529,1784799971520,1784799971520,202,0.000,cold
1341,exp-cold-5000-001343-51d071ff,1784799971520,1784799971521,202,1.000,cold
1342,exp-cold-5000-001345-817fede8,1784799971520,1784799971521,202,1.000,cold
1343,exp-cold-5000-001339-2b1cd63a,1784799971520,1784799971521,202,1.000,cold
1344,exp-cold-5000-001341-033b3e4b,1784799971520,1784799971521,202,1.000,cold
1345,exp-cold-5000-001346-8b3f3086,1784799971520,1784799971521,202,1.000,cold
1346,exp-cold-5000-001340-827ed679,1784799971520,1784799971521,202,1.000,cold
1347,exp-cold-5000-001351-68bce187,1784799971520,1784799971522,202,2.000,cold
1348,exp-cold-5000-001355-f72d4f53,1784799971520,1784799971522,202,2.000,cold
1349,exp-cold-5000-001342-8401bd24,1784799971521,1784799971521,202,0.000,cold
1350,exp-cold-5000-001356-ff2234a4,1784799971521,1784799971522,202,1.000,cold
1351,exp-cold-5000-001353-0f6c6168,1784799971521,1784799971522,202,1.000,cold
1352,exp-cold-5000-001352-cbe4e1e7,1784799971521,1784799971522,202,1.000,cold
1353,exp-cold-5000-001350-9162fd62,1784799971521,1784799971522,202,1.000,cold
1354,exp-cold-5000-001349-da87c5b0,1784799971522,1784799971522,202,0.000,cold
1355,exp-cold-5000-001347-9c855f02,1784799971522,1784799971522,202,0.000,cold
1356,exp-cold-5000-001348-6f0797ca,1784799971522,1784799971522,202,0.000,cold
1357,exp-cold-5000-001360-a1aa6419,1784799971522,1784799971523,202,1.000,cold
1358,exp-cold-5000-001359-e40ad32a,1784799971522,1784799971523,202,1.000,cold
1359,exp-cold-5000-001357-524072d4,1784799971522,1784799971523,202,1.000,cold
1360,exp-cold-5000-001364-1cdce8fd,1784799971522,1784799971524,202,2.000,cold
1361,exp-cold-5000-001358-7168ba68,1784799971522,1784799971524,202,2.000,cold
1362,exp-cold-5000-001363-713e4d8d,1784799971523,1784799971524,202,1.000,cold
1363,exp-cold-5000-001362-81747406,1784799971523,1784799971524,202,1.000,cold
1364,exp-cold-5000-001366-3c520dcf,1784799971523,1784799971525,202,2.000,cold
1365,exp-cold-5000-001373-f150ff98,1784799971523,1784799971526,202,3.000,cold
1366,exp-cold-5000-001361-8d33ef86,1784799971524,1784799971524,202,0.000,cold
1367,exp-cold-5000-001369-0a60ee12,1784799971524,1784799971525,202,1.000,cold
1368,exp-cold-5000-001370-82151602,1784799971524,1784799971525,202,1.000,cold
1369,exp-cold-5000-001368-66784da0,1784799971524,1784799971525,202,1.000,cold
1370,exp-cold-5000-001371-5ba5005c,1784799971524,1784799971525,202,1.000,cold
1371,exp-cold-5000-001380-ffbab17e,1784799971524,1784799971526,202,2.000,cold
1372,exp-cold-5000-001387-7e68f9fc,1784799971524,1784799971527,202,3.000,cold
1373,exp-cold-5000-001367-50d5bed6,1784799971525,1784799971525,202,0.000,cold
1374,exp-cold-5000-001365-8924de9d,1784799971525,1784799971525,202,0.000,cold
1375,exp-cold-5000-001379-26e583bd,1784799971525,1784799971526,202,1.000,cold
1376,exp-cold-5000-001374-b54f98b0,1784799971525,1784799971526,202,1.000,cold
1377,exp-cold-5000-001381-7372bd8c,1784799971525,1784799971526,202,1.000,cold
1378,exp-cold-5000-001377-8f609893,1784799971525,1784799971526,202,1.000,cold
1379,exp-cold-5000-001383-a59a4922,1784799971525,1784799971527,202,2.000,cold
1380,exp-cold-5000-001372-7c343fee,1784799971525,1784799971527,202,2.000,cold
1381,exp-cold-5000-001397-5fbea428,1784799971525,1784799971528,202,3.000,cold
1382,exp-cold-5000-001375-a268e6d0,1784799971526,1784799971526,202,0.000,cold
1383,exp-cold-5000-001376-e7058727,1784799971526,1784799971526,202,0.000,cold
1384,exp-cold-5000-001378-cfff49a1,1784799971526,1784799971526,202,0.000,cold
1385,exp-cold-5000-001388-787345ec,1784799971526,1784799971527,202,1.000,cold
1386,exp-cold-5000-001389-8be90ff7,1784799971526,1784799971527,202,1.000,cold
1387,exp-cold-5000-001390-81cab16b,1784799971526,1784799971527,202,1.000,cold
1388,exp-cold-5000-001396-5572d15c,1784799971526,1784799971528,202,2.000,cold
1389,exp-cold-5000-001394-ba473a43,1784799971526,1784799971528,202,2.000,cold
1390,exp-cold-5000-001386-6efa19a7,1784799971527,1784799971527,202,0.000,cold
1391,exp-cold-5000-001385-0840b3a5,1784799971527,1784799971527,202,0.000,cold
1392,exp-cold-5000-001382-bb355b83,1784799971527,1784799971528,202,1.000,cold
1393,exp-cold-5000-001384-96af5ad0,1784799971527,1784799971528,202,1.000,cold
1394,exp-cold-5000-001398-f6ea8485,1784799971527,1784799971528,202,1.000,cold
1395,exp-cold-5000-001399-5cbd6862,1784799971527,1784799971528,202,1.000,cold
1396,exp-cold-5000-001395-bc34557a,1784799971527,1784799971528,202,1.000,cold
1397,exp-cold-5000-001403-9abb4182,1784799971527,1784799971529,202,2.000,cold
1398,exp-cold-5000-001392-57e6712a,1784799971528,1784799971528,202,0.000,cold
1399,exp-cold-5000-001391-5086ff03,1784799971528,1784799971528,202,0.000,cold
1400,exp-cold-5000-001393-2557af05,1784799971528,1784799971528,202,0.000,cold
1401,exp-cold-5000-001402-fdf48797,1784799971528,1784799971529,202,1.000,cold
1402,exp-cold-5000-001404-3ad49637,1784799971528,1784799971529,202,1.000,cold
1403,exp-cold-5000-001401-8c971389,1784799971528,1784799971529,202,1.000,cold
1404,exp-cold-5000-001407-d8dd3aa3,1784799971528,1784799971529,202,1.000,cold
1405,exp-cold-5000-001408-8a131dd4,1784799971528,1784799971529,202,1.000,cold
1406,exp-cold-5000-001400-7c831c57,1784799971529,1784799971529,202,0.000,cold
1407,exp-cold-5000-001413-ee8a709e,1784799971529,1784799971530,202,1.000,cold
1408,exp-cold-5000-001409-ffb6bcb3,1784799971529,1784799971530,202,1.000,cold
1409,exp-cold-5000-001412-342cfa7d,1784799971529,1784799971530,202,1.000,cold
1410,exp-cold-5000-001414-51c3f119,1784799971529,1784799971530,202,1.000,cold
1411,exp-cold-5000-001416-2df561fb,1784799971529,1784799971531,202,2.000,cold
1412,exp-cold-5000-001419-700f18e9,1784799971529,1784799971531,202,2.000,cold
1413,exp-cold-5000-001417-5ffb4be8,1784799971529,1784799971531,202,2.000,cold
1414,exp-cold-5000-001406-e440923a,1784799971530,1784799971530,202,0.000,cold
1415,exp-cold-5000-001410-71d2b8c6,1784799971530,1784799971530,202,0.000,cold
1416,exp-cold-5000-001411-9440cd20,1784799971530,1784799971530,202,0.000,cold
1417,exp-cold-5000-001405-7db744c9,1784799971530,1784799971530,202,0.000,cold
1418,exp-cold-5000-001415-3560d085,1784799971530,1784799971531,202,1.000,cold
1419,exp-cold-5000-001418-056b99f2,1784799971530,1784799971531,202,1.000,cold
1420,exp-cold-5000-001421-7da6b18e,1784799971530,1784799971531,202,1.000,cold
1421,exp-cold-5000-001428-682d4d1a,1784799971530,1784799971533,202,3.000,cold
1422,exp-cold-5000-001444-5e56277e,1784799971530,1784799971534,202,4.000,cold
1423,exp-cold-5000-001445-061393f1,1784799971530,1784799971534,202,4.000,cold
1424,exp-cold-5000-001423-24d568c7,1784799971531,1784799971532,202,1.000,cold
1425,exp-cold-5000-001424-e7d9adb2,1784799971531,1784799971532,202,1.000,cold
1426,exp-cold-5000-001426-d95f0daf,1784799971531,1784799971532,202,1.000,cold
1427,exp-cold-5000-001422-17220c08,1784799971531,1784799971532,202,1.000,cold
1428,exp-cold-5000-001429-8df7ef35,1784799971531,1784799971532,202,1.000,cold
1429,exp-cold-5000-001430-ef4563ef,1784799971531,1784799971532,202,1.000,cold
1430,exp-cold-5000-001439-1d7575b7,1784799971531,1784799971534,202,3.000,cold
1431,exp-cold-5000-001425-a7e93a0b,1784799971532,1784799971532,202,0.000,cold
1432,exp-cold-5000-001427-b00859f6,1784799971532,1784799971533,202,1.000,cold
1433,exp-cold-5000-001433-fc6eab6f,1784799971532,1784799971533,202,1.000,cold
1434,exp-cold-5000-001443-7117d0df,1784799971532,1784799971534,202,2.000,cold
1435,exp-cold-5000-001437-8ab0e370,1784799971532,1784799971534,202,2.000,cold
1436,exp-cold-5000-001449-c1558841,1784799971532,1784799971535,202,3.000,cold
1437,exp-cold-5000-001432-d692152e,1784799971533,1784799971533,202,0.000,cold
1438,exp-cold-5000-001431-cd4f08d7,1784799971533,1784799971533,202,0.000,cold
1439,exp-cold-5000-001434-2fb992cc,1784799971533,1784799971533,202,0.000,cold
1440,exp-cold-5000-001420-8a34496b,1784799971533,1784799971534,202,1.000,cold
1441,exp-cold-5000-001442-c7cf92b5,1784799971533,1784799971534,202,1.000,cold
1442,exp-cold-5000-001441-7b9c1aca,1784799971533,1784799971534,202,1.000,cold
1443,exp-cold-5000-001447-c6073fff,1784799971533,1784799971534,202,1.000,cold
1444,exp-cold-5000-001446-6f0058c9,1784799971533,1784799971534,202,1.000,cold
1445,exp-cold-5000-001436-c0abca94,1784799971533,1784799971534,202,1.000,cold
1446,exp-cold-5000-001438-171a1918,1784799971533,1784799971534,202,1.000,cold
1447,exp-cold-5000-001462-940361c0,1784799971533,1784799971536,202,3.000,cold
1448,exp-cold-5000-001440-76525a59,1784799971534,1784799971534,202,0.000,cold
1449,exp-cold-5000-001451-39920068,1784799971534,1784799971535,202,1.000,cold
1450,exp-cold-5000-001435-8816c399,1784799971534,1784799971535,202,1.000,cold
1451,exp-cold-5000-001457-b422c4c7,1784799971534,1784799971535,202,1.000,cold
1452,exp-cold-5000-001453-df11a801,1784799971534,1784799971535,202,1.000,cold
1453,exp-cold-5000-001452-4506e530,1784799971534,1784799971535,202,1.000,cold
1454,exp-cold-5000-001455-31139c57,1784799971534,1784799971535,202,1.000,cold
1455,exp-cold-5000-001459-ade9e740,1784799971534,1784799971536,202,2.000,cold
1456,exp-cold-5000-001469-91a65072,1784799971534,1784799971537,202,3.000,cold
1457,exp-cold-5000-001448-7e1acca7,1784799971535,1784799971535,202,0.000,cold
1458,exp-cold-5000-001450-04e33e39,1784799971535,1784799971535,202,0.000,cold
1459,exp-cold-5000-001458-ae8412c8,1784799971535,1784799971536,202,1.000,cold
1460,exp-cold-5000-001463-7852ad51,1784799971535,1784799971536,202,1.000,cold
1461,exp-cold-5000-001460-12a32e2c,1784799971535,1784799971536,202,1.000,cold
1462,exp-cold-5000-001461-d836a718,1784799971535,1784799971536,202,1.000,cold
1463,exp-cold-5000-001473-19a96e86,1784799971535,1784799971538,202,3.000,cold
1464,exp-cold-5000-001456-da3bcac1,1784799971536,1784799971536,202,0.000,cold
1465,exp-cold-5000-001454-310f30c8,1784799971536,1784799971536,202,0.000,cold
1466,exp-cold-5000-001467-46c82843,1784799971536,1784799971537,202,1.000,cold
1467,exp-cold-5000-001468-d51d5612,1784799971536,1784799971537,202,1.000,cold
1468,exp-cold-5000-001481-114e7066,1784799971536,1784799971539,202,3.000,cold
1469,exp-cold-5000-001482-56e696b1,1784799971536,1784799971539,202,3.000,cold
1470,exp-cold-5000-001484-75f2d03c,1784799971536,1784799971540,202,4.000,cold
1471,exp-cold-5000-001466-7eedf597,1784799971537,1784799971537,202,0.000,cold
1472,exp-cold-5000-001464-7ba60fd0,1784799971537,1784799971537,202,0.000,cold
1473,exp-cold-5000-001465-ae82bc0c,1784799971537,1784799971537,202,0.000,cold
1474,exp-cold-5000-001470-2e4be4f1,1784799971537,1784799971538,202,1.000,cold
1475,exp-cold-5000-001472-5c47ef89,1784799971537,1784799971538,202,1.000,cold
1476,exp-cold-5000-001471-f5a74751,1784799971537,1784799971538,202,1.000,cold
1477,exp-cold-5000-001475-1c9a606c,1784799971537,1784799971539,202,2.000,cold
1478,exp-cold-5000-001474-01052467,1784799971537,1784799971539,202,2.000,cold
1479,exp-cold-5000-001489-9787234c,1784799971537,1784799971540,202,3.000,cold
1480,exp-cold-5000-001479-0a2cf992,1784799971537,1784799971540,202,3.000,cold
1481,exp-cold-5000-001478-9df5436c,1784799971538,1784799971539,202,1.000,cold
1482,exp-cold-5000-001480-e886e272,1784799971538,1784799971539,202,1.000,cold
1483,exp-cold-5000-001487-6de202aa,1784799971538,1784799971540,202,2.000,cold
1484,exp-cold-5000-001490-415bbc98,1784799971538,1784799971541,202,3.000,cold
1485,exp-cold-5000-001476-b5d7036a,1784799971539,1784799971539,202,0.000,cold
1486,exp-cold-5000-001477-ca721dff,1784799971539,1784799971539,202,0.000,cold
1487,exp-cold-5000-001488-e509980b,1784799971539,1784799971540,202,1.000,cold
1488,exp-cold-5000-001483-1af1d418,1784799971539,1784799971540,202,1.000,cold
1489,exp-cold-5000-001498-f9af23f8,1784799971539,1784799971541,202,2.000,cold
1490,exp-cold-5000-001500-40c8b8b6,1784799971539,1784799971542,202,3.000,cold
1491,exp-cold-5000-001485-252b1597,1784799971540,1784799971540,202,0.000,cold
1492,exp-cold-5000-001486-a7c54086,1784799971540,1784799971540,202,0.000,cold
1493,exp-cold-5000-001496-29f726f0,1784799971540,1784799971541,202,1.000,cold
1494,exp-cold-5000-001493-a14a2877,1784799971540,1784799971541,202,1.000,cold
1495,exp-cold-5000-001491-12beb158,1784799971540,1784799971541,202,1.000,cold
1496,exp-cold-5000-001492-5f375271,1784799971540,1784799971541,202,1.000,cold
1497,exp-cold-5000-001497-5ac17d14,1784799971540,1784799971541,202,1.000,cold
1498,exp-cold-5000-001495-e9bf3f77,1784799971540,1784799971541,202,1.000,cold
1499,exp-cold-5000-001503-858746b6,1784799971540,1784799971542,202,2.000,cold
1500,exp-cold-5000-001541-09e16d6c,1784799971540,1784799971546,202,6.000,cold
1501,exp-cold-5000-001494-dad917b1,1784799971541,1784799971541,202,0.000,cold
1502,exp-cold-5000-001501-235dc8bf,1784799971541,1784799971542,202,1.000,cold
1503,exp-cold-5000-001502-38d34b12,1784799971541,1784799971542,202,1.000,cold
1504,exp-cold-5000-001505-1b612f72,1784799971541,1784799971543,202,2.000,cold
1505,exp-cold-5000-001553-850680b3,1784799971541,1784799971548,202,7.000,cold
1506,exp-cold-5000-001554-be58e4cf,1784799971541,1784799971548,202,7.000,cold
1507,exp-cold-5000-001556-6797802f,1784799971541,1784799971548,202,7.000,cold
1508,exp-cold-5000-001499-1044a3b2,1784799971542,1784799971542,202,0.000,cold
1509,exp-cold-5000-001512-e3221ce4,1784799971542,1784799971543,202,1.000,cold
1510,exp-cold-5000-001511-be901558,1784799971542,1784799971543,202,1.000,cold
1511,exp-cold-5000-001510-d1479585,1784799971542,1784799971543,202,1.000,cold
1512,exp-cold-5000-001509-7db0f142,1784799971542,1784799971543,202,1.000,cold
1513,exp-cold-5000-001506-4947abf9,1784799971542,1784799971543,202,1.000,cold
1514,exp-cold-5000-001537-997cd04c,1784799971542,1784799971546,202,4.000,cold
1515,exp-cold-5000-001538-31fc82b7,1784799971542,1784799971546,202,4.000,cold
1516,exp-cold-5000-001546-7295c0dd,1784799971542,1784799971547,202,5.000,cold
1517,exp-cold-5000-001559-5811f69d,1784799971542,1784799971548,202,6.000,cold
1518,exp-cold-5000-001555-d003aa9c,1784799971542,1784799971548,202,6.000,cold
1519,exp-cold-5000-001552-762b499e,1784799971542,1784799971548,202,6.000,cold
1520,exp-cold-5000-001508-79f0c516,1784799971543,1784799971543,202,0.000,cold
1521,exp-cold-5000-001504-52be8516,1784799971543,1784799971543,202,0.000,cold
1522,exp-cold-5000-001507-658180fb,1784799971543,1784799971543,202,0.000,cold
1523,exp-cold-5000-001519-68898c12,1784799971543,1784799971544,202,1.000,cold
1524,exp-cold-5000-001514-07508686,1784799971543,1784799971544,202,1.000,cold
1525,exp-cold-5000-001521-8a76148d,1784799971543,1784799971544,202,1.000,cold
1526,exp-cold-5000-001522-a51d915a,1784799971543,1784799971544,202,1.000,cold
1527,exp-cold-5000-001520-72c57120,1784799971543,1784799971544,202,1.000,cold
1528,exp-cold-5000-001517-69dff344,1784799971543,1784799971544,202,1.000,cold
1529,exp-cold-5000-001518-c77152c4,1784799971543,1784799971544,202,1.000,cold
1530,exp-cold-5000-001524-cb64b796,1784799971543,1784799971545,202,2.000,cold
1531,exp-cold-5000-001527-0fc48efd,1784799971543,1784799971545,202,2.000,cold
1532,exp-cold-5000-001531-53e4945b,1784799971543,1784799971546,202,3.000,cold
1533,exp-cold-5000-001547-a3d00ba4,1784799971543,1784799971547,202,4.000,cold
1534,exp-cold-5000-001549-3157062f,1784799971543,1784799971547,202,4.000,cold
1535,exp-cold-5000-001544-a96649a5,1784799971543,1784799971547,202,4.000,cold
1536,exp-cold-5000-001563-cd639409,1784799971543,1784799971548,202,5.000,cold
1537,exp-cold-5000-001516-1e5e25ea,1784799971544,1784799971544,202,0.000,cold
1538,exp-cold-5000-001515-79043c1d,1784799971544,1784799971544,202,0.000,cold
1539,exp-cold-5000-001513-019d1a92,1784799971544,1784799971544,202,0.000,cold
1540,exp-cold-5000-001525-4e8e0d1c,1784799971544,1784799971545,202,1.000,cold
1541,exp-cold-5000-001526-d387348e,1784799971544,1784799971545,202,1.000,cold
1542,exp-cold-5000-001532-4c0db7c1,1784799971544,1784799971546,202,2.000,cold
1543,exp-cold-5000-001536-3a4a7dc2,1784799971544,1784799971546,202,2.000,cold
1544,exp-cold-5000-001548-9c047bfb,1784799971544,1784799971547,202,3.000,cold
1545,exp-cold-5000-001545-ca4ba575,1784799971544,1784799971547,202,3.000,cold
1546,exp-cold-5000-001523-cbb8a8a7,1784799971545,1784799971545,202,0.000,cold
1547,exp-cold-5000-001530-9012d742,1784799971545,1784799971546,202,1.000,cold
1548,exp-cold-5000-001534-da375e79,1784799971545,1784799971546,202,1.000,cold
1549,exp-cold-5000-001535-a67a8ebe,1784799971545,1784799971546,202,1.000,cold
1550,exp-cold-5000-001540-e2f5a6e8,1784799971545,1784799971546,202,1.000,cold
1551,exp-cold-5000-001539-2191b8d4,1784799971545,1784799971546,202,1.000,cold
1552,exp-cold-5000-001533-42666387,1784799971545,1784799971546,202,1.000,cold
1553,exp-cold-5000-001551-7db5cbb4,1784799971545,1784799971548,202,3.000,cold
1554,exp-cold-5000-001558-2945c73e,1784799971545,1784799971548,202,3.000,cold
1555,exp-cold-5000-001529-1e370db7,1784799971546,1784799971546,202,0.000,cold
1556,exp-cold-5000-001528-af8f027c,1784799971546,1784799971546,202,0.000,cold
1557,exp-cold-5000-001564-8aa838e2,1784799971546,1784799971548,202,2.000,cold
1558,exp-cold-5000-001577-1cf473b9,1784799971546,1784799971550,202,4.000,cold
1559,exp-cold-5000-001543-a04bf263,1784799971547,1784799971547,202,0.000,cold
1560,exp-cold-5000-001542-0a8667e0,1784799971547,1784799971547,202,0.000,cold
1561,exp-cold-5000-001560-8ecaa1c0,1784799971547,1784799971548,202,1.000,cold
1562,exp-cold-5000-001562-752c47ad,1784799971547,1784799971548,202,1.000,cold
1563,exp-cold-5000-001557-d737e1f3,1784799971547,1784799971548,202,1.000,cold
1564,exp-cold-5000-001561-cb0b4fdc,1784799971547,1784799971548,202,1.000,cold
1565,exp-cold-5000-001578-ab0accbc,1784799971547,1784799971550,202,3.000,cold
1566,exp-cold-5000-001565-c6099fe8,1784799971548,1784799971549,202,1.000,cold
1567,exp-cold-5000-001572-fab1e7e6,1784799971548,1784799971549,202,1.000,cold
1568,exp-cold-5000-001571-fc982657,1784799971548,1784799971549,202,1.000,cold
1569,exp-cold-5000-001574-37119005,1784799971548,1784799971549,202,1.000,cold
1570,exp-cold-5000-001573-1f41aa58,1784799971548,1784799971549,202,1.000,cold
1571,exp-cold-5000-001566-b57ba00e,1784799971548,1784799971549,202,1.000,cold
1572,exp-cold-5000-001570-88cef4be,1784799971548,1784799971549,202,1.000,cold
1573,exp-cold-5000-001587-f424f3d9,1784799971548,1784799971551,202,3.000,cold
1574,exp-cold-5000-001569-9f04ddbf,1784799971549,1784799971549,202,0.000,cold
1575,exp-cold-5000-001568-bf496fbc,1784799971549,1784799971549,202,0.000,cold
1576,exp-cold-5000-001567-1d46e743,1784799971549,1784799971549,202,0.000,cold
1577,exp-cold-5000-001575-df00ecef,1784799971549,1784799971550,202,1.000,cold
1578,exp-cold-5000-001550-4dd242d7,1784799971549,1784799971550,202,1.000,cold
1579,exp-cold-5000-001583-6636870f,1784799971549,1784799971551,202,2.000,cold
1580,exp-cold-5000-001576-c14b33ab,1784799971550,1784799971550,202,0.000,cold
1581,exp-cold-5000-001585-0659edc0,1784799971550,1784799971551,202,1.000,cold
1582,exp-cold-5000-001582-88a8edb8,1784799971550,1784799971551,202,1.000,cold
1583,exp-cold-5000-001586-3faab3c1,1784799971550,1784799971551,202,1.000,cold
1584,exp-cold-5000-001604-716b5a90,1784799971550,1784799971553,202,3.000,cold
1585,exp-cold-5000-001623-9f1fb6df,1784799971550,1784799971555,202,5.000,cold
1586,exp-cold-5000-001579-4f5a0cbb,1784799971551,1784799971551,202,0.000,cold
1587,exp-cold-5000-001580-76b52bc2,1784799971551,1784799971551,202,0.000,cold
1588,exp-cold-5000-001584-86bcf195,1784799971551,1784799971551,202,0.000,cold
1589,exp-cold-5000-001592-cc5afbd5,1784799971551,1784799971552,202,1.000,cold
1590,exp-cold-5000-001593-79ea06fe,1784799971551,1784799971552,202,1.000,cold
1591,exp-cold-5000-001597-cd284b8c,1784799971551,1784799971552,202,1.000,cold
1592,exp-cold-5000-001595-74671e91,1784799971551,1784799971552,202,1.000,cold
1593,exp-cold-5000-001599-aae83020,1784799971551,1784799971553,202,2.000,cold
1594,exp-cold-5000-001581-6c67a921,1784799971552,1784799971552,202,0.000,cold
1595,exp-cold-5000-001590-1125921d,1784799971552,1784799971552,202,0.000,cold
1596,exp-cold-5000-001589-ab9ac33e,1784799971552,1784799971552,202,0.000,cold
1597,exp-cold-5000-001588-3c49201d,1784799971552,1784799971552,202,0.000,cold
1598,exp-cold-5000-001591-484ecaef,1784799971552,1784799971552,202,0.000,cold
1599,exp-cold-5000-001605-27ad1c42,1784799971552,1784799971553,202,1.000,cold
1600,exp-cold-5000-001602-85d8afd5,1784799971552,1784799971553,202,1.000,cold
1601,exp-cold-5000-001594-5bf6fd1d,1784799971552,1784799971553,202,1.000,cold
1602,exp-cold-5000-001596-528b764e,1784799971552,1784799971553,202,1.000,cold
1603,exp-cold-5000-001603-bbe5fe52,1784799971552,1784799971553,202,1.000,cold
1604,exp-cold-5000-001601-331449b2,1784799971552,1784799971554,202,2.000,cold
1605,exp-cold-5000-001612-d0e43981,1784799971552,1784799971554,202,2.000,cold
1606,exp-cold-5000-001622-c7d336a6,1784799971552,1784799971555,202,3.000,cold
1607,exp-cold-5000-001641-8dca18f5,1784799971552,1784799971557,202,5.000,cold
1608,exp-cold-5000-001598-2aa05df1,1784799971553,1784799971553,202,0.000,cold
1609,exp-cold-5000-001600-c8806687,1784799971553,1784799971553,202,0.000,cold
1610,exp-cold-5000-001609-96c4602e,1784799971553,1784799971554,202,1.000,cold
1611,exp-cold-5000-001608-597bdd61,1784799971553,1784799971554,202,1.000,cold
1612,exp-cold-5000-001611-b37467f2,1784799971553,1784799971554,202,1.000,cold
1613,exp-cold-5000-001610-704ef7c2,1784799971553,1784799971554,202,1.000,cold
1614,exp-cold-5000-001607-ea2bb0b4,1784799971553,1784799971554,202,1.000,cold
1615,exp-cold-5000-001614-2f900ee7,1784799971553,1784799971554,202,1.000,cold
1616,exp-cold-5000-001616-49a13a0d,1784799971553,1784799971555,202,2.000,cold
1617,exp-cold-5000-001621-c8956288,1784799971553,1784799971555,202,2.000,cold
1618,exp-cold-5000-001625-56d220f5,1784799971553,1784799971555,202,2.000,cold
1619,exp-cold-5000-001631-451e1a8b,1784799971553,1784799971556,202,3.000,cold
1620,exp-cold-5000-001633-76827671,1784799971553,1784799971556,202,3.000,cold
1621,exp-cold-5000-001642-d5870c7c,1784799971553,1784799971558,202,5.000,cold
1622,exp-cold-5000-001650-16d1cde7,1784799971553,1784799971558,202,5.000,cold
1623,exp-cold-5000-001606-888ad7c9,1784799971554,1784799971554,202,0.000,cold
1624,exp-cold-5000-001620-ef964640,1784799971554,1784799971555,202,1.000,cold
1625,exp-cold-5000-001618-d1a70eb8,1784799971554,1784799971555,202,1.000,cold
1626,exp-cold-5000-001613-d17fc938,1784799971554,1784799971555,202,1.000,cold
1627,exp-cold-5000-001615-3eceb716,1784799971554,1784799971555,202,1.000,cold
1628,exp-cold-5000-001619-a9250243,1784799971554,1784799971555,202,1.000,cold
1629,exp-cold-5000-001630-fe101380,1784799971554,1784799971556,202,2.000,cold
1630,exp-cold-5000-001628-ef49914a,1784799971554,1784799971556,202,2.000,cold
1631,exp-cold-5000-001627-9893c336,1784799971554,1784799971556,202,2.000,cold
1632,exp-cold-5000-001624-21fa2f39,1784799971555,1784799971556,202,1.000,cold
1633,exp-cold-5000-001629-ef426e0c,1784799971555,1784799971556,202,1.000,cold
1634,exp-cold-5000-001626-dad7e132,1784799971555,1784799971556,202,1.000,cold
1635,exp-cold-5000-001632-a41145fd,1784799971555,1784799971556,202,1.000,cold
1636,exp-cold-5000-001634-f140f26b,1784799971555,1784799971556,202,1.000,cold
1637,exp-cold-5000-001658-2136ce65,1784799971555,1784799971559,202,4.000,cold
1638,exp-cold-5000-001617-9de9d497,1784799971556,1784799971556,202,0.000,cold
1639,exp-cold-5000-001637-56fbf194,1784799971556,1784799971557,202,1.000,cold
1640,exp-cold-5000-001640-b5f4e28f,1784799971556,1784799971557,202,1.000,cold
1641,exp-cold-5000-001636-472d43a0,1784799971556,1784799971557,202,1.000,cold
1642,exp-cold-5000-001639-0f131213,1784799971556,1784799971557,202,1.000,cold
1643,exp-cold-5000-001643-8b780c4f,1784799971556,1784799971557,202,1.000,cold
1644,exp-cold-5000-001638-49398868,1784799971556,1784799971557,202,1.000,cold
1645,exp-cold-5000-001635-1258adfb,1784799971557,1784799971557,202,0.000,cold
1646,exp-cold-5000-001648-246e5c82,1784799971557,1784799971558,202,1.000,cold
1647,exp-cold-5000-001646-3aa2643b,1784799971557,1784799971558,202,1.000,cold
1648,exp-cold-5000-001649-45915b50,1784799971557,1784799971558,202,1.000,cold
1649,exp-cold-5000-001673-47e0a14a,1784799971557,1784799971560,202,3.000,cold
1650,exp-cold-5000-001672-7efe4c1c,1784799971557,1784799971560,202,3.000,cold
1651,exp-cold-5000-001667-12341c7a,1784799971557,1784799971560,202,3.000,cold
1652,exp-cold-5000-001671-7a1dc0bf,1784799971557,1784799971560,202,3.000,cold
1653,exp-cold-5000-001682-0706a2cb,1784799971557,1784799971561,202,4.000,cold
1654,exp-cold-5000-001644-7b075023,1784799971558,1784799971558,202,0.000,cold
1655,exp-cold-5000-001647-5d6af9fa,1784799971558,1784799971558,202,0.000,cold
1656,exp-cold-5000-001645-5e0187a0,1784799971558,1784799971558,202,0.000,cold
1657,exp-cold-5000-001656-c4b8ae41,1784799971558,1784799971559,202,1.000,cold
1658,exp-cold-5000-001659-48dd2cbd,1784799971558,1784799971559,202,1.000,cold
1659,exp-cold-5000-001661-54e73def,1784799971558,1784799971559,202,1.000,cold
1660,exp-cold-5000-001662-e3ec4fc0,1784799971558,1784799971559,202,1.000,cold
1661,exp-cold-5000-001657-11a6ef26,1784799971558,1784799971559,202,1.000,cold
1662,exp-cold-5000-001660-c0f32865,1784799971558,1784799971559,202,1.000,cold
1663,exp-cold-5000-001663-e6bcb661,1784799971558,1784799971559,202,1.000,cold
1664,exp-cold-5000-001669-6b13b276,1784799971558,1784799971560,202,2.000,cold
1665,exp-cold-5000-001666-0606e3d2,1784799971558,1784799971560,202,2.000,cold
1666,exp-cold-5000-001668-2e9265a7,1784799971558,1784799971560,202,2.000,cold
1667,exp-cold-5000-001670-bcc1f949,1784799971558,1784799971560,202,2.000,cold
1668,exp-cold-5000-001652-62327180,1784799971559,1784799971559,202,0.000,cold
1669,exp-cold-5000-001651-3ffe2289,1784799971559,1784799971559,202,0.000,cold
1670,exp-cold-5000-001653-d21d4d7f,1784799971559,1784799971559,202,0.000,cold
1671,exp-cold-5000-001655-bdb25191,1784799971559,1784799971559,202,0.000,cold
1672,exp-cold-5000-001654-4daeb1c4,1784799971559,1784799971559,202,0.000,cold
1673,exp-cold-5000-001679-98230221,1784799971559,1784799971561,202,2.000,cold
1674,exp-cold-5000-001681-33dd8cc0,1784799971559,1784799971561,202,2.000,cold
1675,exp-cold-5000-001680-6bdc1ed1,1784799971559,1784799971561,202,2.000,cold
1676,exp-cold-5000-001665-72b5a3d5,1784799971560,1784799971560,202,0.000,cold
1677,exp-cold-5000-001664-31a1a11f,1784799971560,1784799971560,202,0.000,cold
1678,exp-cold-5000-001677-e12b16a1,1784799971560,1784799971561,202,1.000,cold
1679,exp-cold-5000-001676-62e77778,1784799971560,1784799971561,202,1.000,cold
1680,exp-cold-5000-001675-037883d5,1784799971560,1784799971561,202,1.000,cold
1681,exp-cold-5000-001678-11c2bbd9,1784799971560,1784799971561,202,1.000,cold
1682,exp-cold-5000-001674-fbb7bedf,1784799971560,1784799971561,202,1.000,cold
1683,exp-cold-5000-001691-1546bd22,1784799971560,1784799971563,202,3.000,cold
1684,exp-cold-5000-001692-1347cf61,1784799971560,1784799971563,202,3.000,cold
1685,exp-cold-5000-001693-9230d96b,1784799971560,1784799971563,202,3.000,cold
1686,exp-cold-5000-001687-60824b4b,1784799971560,1784799971563,202,3.000,cold
1687,exp-cold-5000-001684-080ba988,1784799971562,1784799971563,202,1.000,cold
1688,exp-cold-5000-001685-f309fef4,1784799971562,1784799971563,202,1.000,cold
1689,exp-cold-5000-001688-572155c7,1784799971562,1784799971563,202,1.000,cold
1690,exp-cold-5000-001689-b3a91680,1784799971562,1784799971563,202,1.000,cold
1691,exp-cold-5000-001695-9309c0a7,1784799971562,1784799971563,202,1.000,cold
1692,exp-cold-5000-001690-c2989552,1784799971562,1784799971563,202,1.000,cold
1693,exp-cold-5000-001706-ee466718,1784799971562,1784799971564,202,2.000,cold
1694,exp-cold-5000-001686-c828549d,1784799971563,1784799971563,202,0.000,cold
1695,exp-cold-5000-001683-23064143,1784799971563,1784799971563,202,0.000,cold
1696,exp-cold-5000-001697-8eef5996,1784799971563,1784799971564,202,1.000,cold
1697,exp-cold-5000-001696-681bcc9b,1784799971563,1784799971564,202,1.000,cold
1698,exp-cold-5000-001701-35da2c2a,1784799971563,1784799971564,202,1.000,cold
1699,exp-cold-5000-001704-0d57aff2,1784799971563,1784799971564,202,1.000,cold
1700,exp-cold-5000-001700-d281231c,1784799971563,1784799971564,202,1.000,cold
1701,exp-cold-5000-001703-8fba3878,1784799971563,1784799971564,202,1.000,cold
1702,exp-cold-5000-001716-0946f338,1784799971563,1784799971565,202,2.000,cold
1703,exp-cold-5000-001698-e3caef51,1784799971564,1784799971564,202,0.000,cold
1704,exp-cold-5000-001694-ae9a3dc1,1784799971564,1784799971564,202,0.000,cold
1705,exp-cold-5000-001702-bb641a33,1784799971564,1784799971564,202,0.000,cold
1706,exp-cold-5000-001699-9f69d973,1784799971564,1784799971564,202,0.000,cold
1707,exp-cold-5000-001705-df502be7,1784799971564,1784799971565,202,1.000,cold
1708,exp-cold-5000-001717-7907332d,1784799971564,1784799971565,202,1.000,cold
1709,exp-cold-5000-001718-4873a61f,1784799971564,1784799971565,202,1.000,cold
1710,exp-cold-5000-001724-2fa31174,1784799971564,1784799971566,202,2.000,cold
1711,exp-cold-5000-001708-fb25a75c,1784799971565,1784799971565,202,0.000,cold
1712,exp-cold-5000-001709-d63d3009,1784799971565,1784799971565,202,0.000,cold
1713,exp-cold-5000-001710-f34c6e1f,1784799971565,1784799971565,202,0.000,cold
1714,exp-cold-5000-001715-1df4e0ad,1784799971565,1784799971565,202,0.000,cold
1715,exp-cold-5000-001712-1554b101,1784799971565,1784799971565,202,0.000,cold
1716,exp-cold-5000-001714-b6bbfdf2,1784799971565,1784799971565,202,0.000,cold
1717,exp-cold-5000-001707-de825d16,1784799971565,1784799971565,202,0.000,cold
1718,exp-cold-5000-001713-34fc387f,1784799971565,1784799971565,202,0.000,cold
1719,exp-cold-5000-001711-0ec39a6e,1784799971565,1784799971565,202,0.000,cold
1720,exp-cold-5000-001725-96aa6291,1784799971565,1784799971566,202,1.000,cold
1721,exp-cold-5000-001726-f52c8dff,1784799971565,1784799971566,202,1.000,cold
1722,exp-cold-5000-001723-de978f7b,1784799971565,1784799971566,202,1.000,cold
1723,exp-cold-5000-001719-8a077222,1784799971566,1784799971566,202,0.000,cold
1724,exp-cold-5000-001720-7ce1ef6d,1784799971566,1784799971566,202,0.000,cold
1725,exp-cold-5000-001722-f8f7cd32,1784799971566,1784799971566,202,0.000,cold
1726,exp-cold-5000-001721-14224cc1,1784799971566,1784799971566,202,0.000,cold
1727,exp-cold-5000-001733-baa46815,1784799971566,1784799971567,202,1.000,cold
1728,exp-cold-5000-001742-11051d08,1784799971566,1784799971568,202,2.000,cold
1729,exp-cold-5000-001730-3ff36bec,1784799971567,1784799971567,202,0.000,cold
1730,exp-cold-5000-001727-5acbb893,1784799971567,1784799971567,202,0.000,cold
1731,exp-cold-5000-001731-c1302b35,1784799971567,1784799971567,202,0.000,cold
1732,exp-cold-5000-001728-18cb0a2b,1784799971567,1784799971567,202,0.000,cold
1733,exp-cold-5000-001729-918af2e4,1784799971567,1784799971567,202,0.000,cold
1734,exp-cold-5000-001732-2f764a15,1784799971567,1784799971567,202,0.000,cold
1735,exp-cold-5000-001735-866f9efe,1784799971567,1784799971567,202,0.000,cold
1736,exp-cold-5000-001734-a49451cb,1784799971567,1784799971567,202,0.000,cold
1737,exp-cold-5000-001746-76c1ee13,1784799971567,1784799971568,202,1.000,cold
1738,exp-cold-5000-001737-2ba195d4,1784799971567,1784799971568,202,1.000,cold
1739,exp-cold-5000-001745-219044cc,1784799971567,1784799971568,202,1.000,cold
1740,exp-cold-5000-001747-ce90246a,1784799971567,1784799971568,202,1.000,cold
1741,exp-cold-5000-001741-8ee607d6,1784799971567,1784799971568,202,1.000,cold
1742,exp-cold-5000-001760-43998f20,1784799971567,1784799971569,202,2.000,cold
1743,exp-cold-5000-001757-feca0f6d,1784799971567,1784799971569,202,2.000,cold
1744,exp-cold-5000-001736-3d64c171,1784799971568,1784799971568,202,0.000,cold
1745,exp-cold-5000-001739-17dae0cd,1784799971568,1784799971568,202,0.000,cold
1746,exp-cold-5000-001740-acee0131,1784799971568,1784799971568,202,0.000,cold
1747,exp-cold-5000-001738-cd95da10,1784799971568,1784799971568,202,0.000,cold
1748,exp-cold-5000-001744-94c414ea,1784799971568,1784799971568,202,0.000,cold
1749,exp-cold-5000-001743-7b64600b,1784799971568,1784799971568,202,0.000,cold
1750,exp-cold-5000-001758-237cd734,1784799971568,1784799971569,202,1.000,cold
1751,exp-cold-5000-001755-fd44dc83,1784799971568,1784799971569,202,1.000,cold
1752,exp-cold-5000-001754-8ce5560d,1784799971568,1784799971569,202,1.000,cold
1753,exp-cold-5000-001756-7a5e254c,1784799971568,1784799971569,202,1.000,cold
1754,exp-cold-5000-001759-d2a4e7ac,1784799971568,1784799971569,202,1.000,cold
1755,exp-cold-5000-001752-6032d128,1784799971569,1784799971569,202,0.000,cold
1756,exp-cold-5000-001748-75493a52,1784799971569,1784799971569,202,0.000,cold
1757,exp-cold-5000-001749-fe0909a7,1784799971569,1784799971569,202,0.000,cold
1758,exp-cold-5000-001750-ce119943,1784799971569,1784799971569,202,0.000,cold
1759,exp-cold-5000-001751-acb3143e,1784799971569,1784799971569,202,0.000,cold
1760,exp-cold-5000-001753-2560745d,1784799971569,1784799971569,202,0.000,cold
1761,exp-cold-5000-001767-a8c26c52,1784799971569,1784799971570,202,1.000,cold
1762,exp-cold-5000-001768-76642153,1784799971569,1784799971570,202,1.000,cold
1763,exp-cold-5000-001770-77c439e7,1784799971569,1784799971570,202,1.000,cold
1764,exp-cold-5000-001766-811a130e,1784799971569,1784799971570,202,1.000,cold
1765,exp-cold-5000-001772-662f02a3,1784799971569,1784799971570,202,1.000,cold
1766,exp-cold-5000-001769-62f77ac3,1784799971569,1784799971570,202,1.000,cold
1767,exp-cold-5000-001771-bfbc52ff,1784799971569,1784799971570,202,1.000,cold
1768,exp-cold-5000-001761-e55264a1,1784799971570,1784799971570,202,0.000,cold
1769,exp-cold-5000-001765-41c9c9ae,1784799971570,1784799971570,202,0.000,cold
1770,exp-cold-5000-001762-bfd0f6ff,1784799971570,1784799971570,202,0.000,cold
1771,exp-cold-5000-001764-cd1b4f01,1784799971570,1784799971570,202,0.000,cold
1772,exp-cold-5000-001763-1471527e,1784799971570,1784799971570,202,0.000,cold
1773,exp-cold-5000-001777-475acb84,1784799971570,1784799971571,202,1.000,cold
1774,exp-cold-5000-001779-94e29f9d,1784799971570,1784799971571,202,1.000,cold
1775,exp-cold-5000-001778-31f06a1b,1784799971570,1784799971571,202,1.000,cold
1776,exp-cold-5000-001774-69b55b6b,1784799971571,1784799971571,202,0.000,cold
1777,exp-cold-5000-001775-bdf635b8,1784799971571,1784799971571,202,0.000,cold
1778,exp-cold-5000-001776-f014e17a,1784799971571,1784799971571,202,0.000,cold
1779,exp-cold-5000-001773-08ab8e9e,1784799971571,1784799971571,202,0.000,cold
1780,exp-cold-5000-001786-f2743b42,1784799971571,1784799971572,202,1.000,cold
1781,exp-cold-5000-001788-bc6c852a,1784799971571,1784799971572,202,1.000,cold
1782,exp-cold-5000-001783-47c861b4,1784799971571,1784799971572,202,1.000,cold
1783,exp-cold-5000-001791-df6f5083,1784799971571,1784799971572,202,1.000,cold
1784,exp-cold-5000-001785-c39ef6af,1784799971571,1784799971572,202,1.000,cold
1785,exp-cold-5000-001780-d8323c99,1784799971571,1784799971572,202,1.000,cold
1786,exp-cold-5000-001789-4f269101,1784799971571,1784799971572,202,1.000,cold
1787,exp-cold-5000-001784-57b28d47,1784799971571,1784799971572,202,1.000,cold
1788,exp-cold-5000-001781-e5cf0a74,1784799971572,1784799971572,202,0.000,cold
1789,exp-cold-5000-001782-f17069d1,1784799971572,1784799971572,202,0.000,cold
1790,exp-cold-5000-001794-275218fd,1784799971572,1784799971573,202,1.000,cold
1791,exp-cold-5000-001787-44e80810,1784799971572,1784799971573,202,1.000,cold
1792,exp-cold-5000-001799-61d51c17,1784799971572,1784799971573,202,1.000,cold
1793,exp-cold-5000-001801-863f220f,1784799971572,1784799971573,202,1.000,cold
1794,exp-cold-5000-001797-ccf63b6a,1784799971572,1784799971573,202,1.000,cold
1795,exp-cold-5000-001793-f6956492,1784799971572,1784799971573,202,1.000,cold
1796,exp-cold-5000-001812-3d0a76b4,1784799971572,1784799971575,202,3.000,cold
1797,exp-cold-5000-001792-cae857d7,1784799971573,1784799971573,202,0.000,cold
1798,exp-cold-5000-001795-c3c70fdb,1784799971573,1784799971573,202,0.000,cold
1799,exp-cold-5000-001796-e0e64450,1784799971573,1784799971573,202,0.000,cold
1800,exp-cold-5000-001790-71983db0,1784799971573,1784799971573,202,0.000,cold
1801,exp-cold-5000-001807-8468f546,1784799971573,1784799971574,202,1.000,cold
1802,exp-cold-5000-001800-0231e281,1784799971573,1784799971574,202,1.000,cold
1803,exp-cold-5000-001805-a4b00a60,1784799971573,1784799971574,202,1.000,cold
1804,exp-cold-5000-001806-5c34f3e2,1784799971573,1784799971574,202,1.000,cold
1805,exp-cold-5000-001817-d8c36c2b,1784799971573,1784799971575,202,2.000,cold
1806,exp-cold-5000-001816-07365a5c,1784799971573,1784799971575,202,2.000,cold
1807,exp-cold-5000-001798-a363fc02,1784799971574,1784799971574,202,0.000,cold
1808,exp-cold-5000-001803-0cadee77,1784799971574,1784799971574,202,0.000,cold
1809,exp-cold-5000-001802-f237440d,1784799971574,1784799971574,202,0.000,cold
1810,exp-cold-5000-001804-94cf976e,1784799971574,1784799971574,202,0.000,cold
1811,exp-cold-5000-001811-a8cc1d4e,1784799971574,1784799971575,202,1.000,cold
1812,exp-cold-5000-001813-d634d62f,1784799971574,1784799971575,202,1.000,cold
1813,exp-cold-5000-001808-e2d3f37c,1784799971574,1784799971575,202,1.000,cold
1814,exp-cold-5000-001814-d8212bd7,1784799971574,1784799971575,202,1.000,cold
1815,exp-cold-5000-001810-d980503c,1784799971574,1784799971575,202,1.000,cold
1816,exp-cold-5000-001815-05591e2c,1784799971574,1784799971575,202,1.000,cold
1817,exp-cold-5000-001821-97ffcffd,1784799971575,1784799971576,202,1.000,cold
1818,exp-cold-5000-001824-530cb35a,1784799971575,1784799971576,202,1.000,cold
1819,exp-cold-5000-001820-47519c8b,1784799971575,1784799971576,202,1.000,cold
1820,exp-cold-5000-001823-07a3bc39,1784799971575,1784799971576,202,1.000,cold
1821,exp-cold-5000-001819-67e042da,1784799971575,1784799971576,202,1.000,cold
1822,exp-cold-5000-001834-b172f090,1784799971575,1784799971577,202,2.000,cold
1823,exp-cold-5000-001818-c7bbb1fa,1784799971576,1784799971576,202,0.000,cold
1824,exp-cold-5000-001822-07c6f90e,1784799971576,1784799971576,202,0.000,cold
1825,exp-cold-5000-001830-fd3794a1,1784799971576,1784799971577,202,1.000,cold
1826,exp-cold-5000-001829-4a51098f,1784799971576,1784799971577,202,1.000,cold
1827,exp-cold-5000-001832-e13424d6,1784799971576,1784799971577,202,1.000,cold
1828,exp-cold-5000-001826-d8313324,1784799971576,1784799971577,202,1.000,cold
1829,exp-cold-5000-001831-ec0b3a95,1784799971576,1784799971577,202,1.000,cold
1830,exp-cold-5000-001833-f1ac0c16,1784799971576,1784799971577,202,1.000,cold
1831,exp-cold-5000-001836-014c766d,1784799971576,1784799971577,202,1.000,cold
1832,exp-cold-5000-001825-57e4e380,1784799971576,1784799971577,202,1.000,cold
1833,exp-cold-5000-001839-22024996,1784799971576,1784799971578,202,2.000,cold
1834,exp-cold-5000-001827-232b92e4,1784799971577,1784799971577,202,0.000,cold
1835,exp-cold-5000-001828-584947e3,1784799971577,1784799971577,202,0.000,cold
1836,exp-cold-5000-001809-a2b5ea82,1784799971577,1784799971577,202,0.000,cold
1837,exp-cold-5000-001838-535afaf9,1784799971577,1784799971578,202,1.000,cold
1838,exp-cold-5000-001840-566c833b,1784799971577,1784799971578,202,1.000,cold
1839,exp-cold-5000-001843-a7a3182d,1784799971577,1784799971578,202,1.000,cold
1840,exp-cold-5000-001842-46292e5b,1784799971577,1784799971578,202,1.000,cold
1841,exp-cold-5000-001844-34cd2405,1784799971577,1784799971578,202,1.000,cold
1842,exp-cold-5000-001841-aacedad5,1784799971577,1784799971578,202,1.000,cold
1843,exp-cold-5000-001837-8bed01cf,1784799971577,1784799971578,202,1.000,cold
1844,exp-cold-5000-001835-16249729,1784799971578,1784799971578,202,0.000,cold
1845,exp-cold-5000-001848-dcd38752,1784799971578,1784799971579,202,1.000,cold
1846,exp-cold-5000-001850-c1637cc6,1784799971578,1784799971579,202,1.000,cold
1847,exp-cold-5000-001846-7ffe9c64,1784799971578,1784799971579,202,1.000,cold
1848,exp-cold-5000-001845-19b43ed8,1784799971578,1784799971579,202,1.000,cold
1849,exp-cold-5000-001849-7f42927b,1784799971578,1784799971579,202,1.000,cold
1850,exp-cold-5000-001847-eb5e399f,1784799971578,1784799971579,202,1.000,cold
1851,exp-cold-5000-001857-a08f056e,1784799971579,1784799971580,202,1.000,cold
1852,exp-cold-5000-001855-9a4d03b2,1784799971579,1784799971580,202,1.000,cold
1853,exp-cold-5000-001854-eb581da5,1784799971579,1784799971580,202,1.000,cold
1854,exp-cold-5000-001852-72e9f038,1784799971580,1784799971580,202,0.000,cold
1855,exp-cold-5000-001853-a453117d,1784799971580,1784799971580,202,0.000,cold
1856,exp-cold-5000-001851-ab6beb0a,1784799971580,1784799971580,202,0.000,cold
1857,exp-cold-5000-001856-eefabb74,1784799971580,1784799971580,202,0.000,cold
1858,exp-cold-5000-001864-3bf1e4ce,1784799971580,1784799971581,202,1.000,cold
1859,exp-cold-5000-001865-18393258,1784799971580,1784799971581,202,1.000,cold
1860,exp-cold-5000-001866-5b19d49f,1784799971580,1784799971581,202,1.000,cold
1861,exp-cold-5000-001861-df73f216,1784799971580,1784799971581,202,1.000,cold
1862,exp-cold-5000-001863-70115f07,1784799971580,1784799971581,202,1.000,cold
1863,exp-cold-5000-001871-135e2cbb,1784799971580,1784799971582,202,2.000,cold
1864,exp-cold-5000-001880-b9bfdaf9,1784799971580,1784799971583,202,3.000,cold
1865,exp-cold-5000-001859-095cf3b1,1784799971581,1784799971581,202,0.000,cold
1866,exp-cold-5000-001858-40ef582c,1784799971581,1784799971581,202,0.000,cold
1867,exp-cold-5000-001862-f8dd2075,1784799971581,1784799971581,202,0.000,cold
1868,exp-cold-5000-001860-defd20e2,1784799971581,1784799971581,202,0.000,cold
1869,exp-cold-5000-001876-6948a980,1784799971581,1784799971582,202,1.000,cold
1870,exp-cold-5000-001877-7879e68d,1784799971581,1784799971582,202,1.000,cold
1871,exp-cold-5000-001875-3cbf0e41,1784799971581,1784799971582,202,1.000,cold
1872,exp-cold-5000-001874-42e34e9c,1784799971581,1784799971582,202,1.000,cold
1873,exp-cold-5000-001867-8560433f,1784799971582,1784799971582,202,0.000,cold
1874,exp-cold-5000-001868-4df955a4,1784799971582,1784799971582,202,0.000,cold
1875,exp-cold-5000-001869-daa94fa5,1784799971582,1784799971582,202,0.000,cold
1876,exp-cold-5000-001873-149e1d06,1784799971582,1784799971582,202,0.000,cold
1877,exp-cold-5000-001872-93228a33,1784799971582,1784799971582,202,0.000,cold
1878,exp-cold-5000-001870-f22f4aa4,1784799971582,1784799971582,202,0.000,cold
1879,exp-cold-5000-001883-21a097d5,1784799971582,1784799971583,202,1.000,cold
1880,exp-cold-5000-001884-8cc56731,1784799971582,1784799971583,202,1.000,cold
1881,exp-cold-5000-001885-93427a0f,1784799971582,1784799971583,202,1.000,cold
1882,exp-cold-5000-001882-736e36e8,1784799971582,1784799971583,202,1.000,cold
1883,exp-cold-5000-001881-aaa1694d,1784799971582,1784799971583,202,1.000,cold
1884,exp-cold-5000-001886-aef44538,1784799971582,1784799971584,202,2.000,cold
1885,exp-cold-5000-001878-4676740e,1784799971583,1784799971583,202,0.000,cold
1886,exp-cold-5000-001879-e4ef0a52,1784799971583,1784799971583,202,0.000,cold
1887,exp-cold-5000-001891-b003faf4,1784799971583,1784799971584,202,1.000,cold
1888,exp-cold-5000-001889-54f9242c,1784799971583,1784799971584,202,1.000,cold
1889,exp-cold-5000-001890-cf6e55d3,1784799971583,1784799971584,202,1.000,cold
1890,exp-cold-5000-001888-1beccdf3,1784799971583,1784799971584,202,1.000,cold
1891,exp-cold-5000-001896-fbc5c9fa,1784799971583,1784799971585,202,2.000,cold
1892,exp-cold-5000-001887-cc4e0194,1784799971584,1784799971584,202,0.000,cold
1893,exp-cold-5000-001898-4ba19c8c,1784799971584,1784799971585,202,1.000,cold
1894,exp-cold-5000-001892-7e51ed87,1784799971584,1784799971585,202,1.000,cold
1895,exp-cold-5000-001903-820cfd2d,1784799971584,1784799971586,202,2.000,cold
1896,exp-cold-5000-001895-9fecffa4,1784799971585,1784799971585,202,0.000,cold
1897,exp-cold-5000-001893-2d2c6365,1784799971585,1784799971585,202,0.000,cold
1898,exp-cold-5000-001894-6697147e,1784799971585,1784799971585,202,0.000,cold
1899,exp-cold-5000-001902-07c5cb6d,1784799971585,1784799971586,202,1.000,cold
1900,exp-cold-5000-001904-46e5df2e,1784799971585,1784799971586,202,1.000,cold
1901,exp-cold-5000-001905-78cfb0ba,1784799971585,1784799971586,202,1.000,cold
1902,exp-cold-5000-001899-d1d56113,1784799971585,1784799971586,202,1.000,cold
1903,exp-cold-5000-001897-1f4a23a3,1784799971586,1784799971586,202,0.000,cold
1904,exp-cold-5000-001901-436b6f8c,1784799971586,1784799971586,202,0.000,cold
1905,exp-cold-5000-001913-5325c663,1784799971586,1784799971587,202,1.000,cold
1906,exp-cold-5000-001909-0d8ab50d,1784799971586,1784799971587,202,1.000,cold
1907,exp-cold-5000-001910-da342c6d,1784799971586,1784799971587,202,1.000,cold
1908,exp-cold-5000-001914-0f728d31,1784799971586,1784799971587,202,1.000,cold
1909,exp-cold-5000-001906-84edb443,1784799971587,1784799971587,202,0.000,cold
1910,exp-cold-5000-001908-95bc458e,1784799971587,1784799971587,202,0.000,cold
1911,exp-cold-5000-001907-70bb7dfa,1784799971587,1784799971587,202,0.000,cold
1912,exp-cold-5000-001912-b04a5a43,1784799971587,1784799971587,202,0.000,cold
1913,exp-cold-5000-001911-346bfe2f,1784799971587,1784799971587,202,0.000,cold
1914,exp-cold-5000-001919-d1b31eb9,1784799971587,1784799971588,202,1.000,cold
1915,exp-cold-5000-001922-10b96194,1784799971587,1784799971588,202,1.000,cold
1916,exp-cold-5000-001920-4d03fe71,1784799971587,1784799971588,202,1.000,cold
1917,exp-cold-5000-001921-6cd343a9,1784799971587,1784799971588,202,1.000,cold
1918,exp-cold-5000-001900-54fedf7e,1784799971587,1784799971588,202,1.000,cold
1919,exp-cold-5000-001923-bfc62933,1784799971587,1784799971588,202,1.000,cold
1920,exp-cold-5000-001915-a7269ad2,1784799971587,1784799971588,202,1.000,cold
1921,exp-cold-5000-001917-dfb6f0d9,1784799971587,1784799971588,202,1.000,cold
1922,exp-cold-5000-001924-06544f60,1784799971587,1784799971588,202,1.000,cold
1923,exp-cold-5000-001916-f2187432,1784799971588,1784799971588,202,0.000,cold
1924,exp-cold-5000-001918-c7a78dc5,1784799971588,1784799971588,202,0.000,cold
1925,exp-cold-5000-001929-93e8a4a9,1784799971588,1784799971589,202,1.000,cold
1926,exp-cold-5000-001926-17f07443,1784799971588,1784799971589,202,1.000,cold
1927,exp-cold-5000-001927-dd49d6c5,1784799971588,1784799971589,202,1.000,cold
1928,exp-cold-5000-001930-80e30b92,1784799971588,1784799971589,202,1.000,cold
1929,exp-cold-5000-001932-5d9205d1,1784799971588,1784799971589,202,1.000,cold
1930,exp-cold-5000-001937-0561e4d5,1784799971588,1784799971590,202,2.000,cold
1931,exp-cold-5000-001941-aaf5ab3a,1784799971588,1784799971590,202,2.000,cold
1932,exp-cold-5000-001945-f43d0755,1784799971588,1784799971590,202,2.000,cold
1933,exp-cold-5000-001925-6485f58f,1784799971589,1784799971589,202,0.000,cold
1934,exp-cold-5000-001928-b5e8808e,1784799971589,1784799971589,202,0.000,cold
1935,exp-cold-5000-001943-d557a157,1784799971589,1784799971590,202,1.000,cold
1936,exp-cold-5000-001947-d8ae91ed,1784799971589,1784799971590,202,1.000,cold
1937,exp-cold-5000-001934-51dc346c,1784799971589,1784799971590,202,1.000,cold
1938,exp-cold-5000-001949-f1e12842,1784799971589,1784799971590,202,1.000,cold
1939,exp-cold-5000-001948-07899a5d,1784799971589,1784799971590,202,1.000,cold
1940,exp-cold-5000-001950-173bce29,1784799971589,1784799971590,202,1.000,cold
1941,exp-cold-5000-001946-095f9281,1784799971589,1784799971590,202,1.000,cold
1942,exp-cold-5000-001942-f5d725b9,1784799971589,1784799971590,202,1.000,cold
1943,exp-cold-5000-001939-74208d23,1784799971589,1784799971590,202,1.000,cold
1944,exp-cold-5000-001951-3a075b9c,1784799971589,1784799971591,202,2.000,cold
1945,exp-cold-5000-001955-176790f8,1784799971589,1784799971591,202,2.000,cold
1946,exp-cold-5000-001956-8700dde7,1784799971589,1784799971591,202,2.000,cold
1947,exp-cold-5000-001964-0c7253a7,1784799971589,1784799971592,202,3.000,cold
1948,exp-cold-5000-001935-35c5cd7b,1784799971590,1784799971590,202,0.000,cold
1949,exp-cold-5000-001940-c6e64430,1784799971590,1784799971590,202,0.000,cold
1950,exp-cold-5000-001936-37494c85,1784799971590,1784799971590,202,0.000,cold
1951,exp-cold-5000-001938-1088eae6,1784799971590,1784799971590,202,0.000,cold
1952,exp-cold-5000-001944-4d1c0d26,1784799971590,1784799971590,202,0.000,cold
1953,exp-cold-5000-001933-3be7d450,1784799971590,1784799971590,202,0.000,cold
1954,exp-cold-5000-001931-595de199,1784799971590,1784799971591,202,1.000,cold
1955,exp-cold-5000-001953-7d2de5a9,1784799971590,1784799971591,202,1.000,cold
1956,exp-cold-5000-001952-ecaa055e,1784799971590,1784799971591,202,1.000,cold
1957,exp-cold-5000-001958-b08176af,1784799971590,1784799971591,202,1.000,cold
1958,exp-cold-5000-001957-68705f94,1784799971590,1784799971591,202,1.000,cold
1959,exp-cold-5000-001960-d37ae888,1784799971590,1784799971592,202,2.000,cold
1960,exp-cold-5000-001954-1ac4c5e1,1784799971591,1784799971591,202,0.000,cold
1961,exp-cold-5000-001965-018bcd3a,1784799971591,1784799971592,202,1.000,cold
1962,exp-cold-5000-001961-11e7cae1,1784799971592,1784799971592,202,0.000,cold
1963,exp-cold-5000-001962-135a7fea,1784799971592,1784799971592,202,0.000,cold
1964,exp-cold-5000-001959-c8364e5e,1784799971592,1784799971592,202,0.000,cold
1965,exp-cold-5000-001963-22c74207,1784799971592,1784799971592,202,0.000,cold
1966,exp-cold-5000-001969-b20a732f,1784799971592,1784799971593,202,1.000,cold
1967,exp-cold-5000-001968-2c001b1d,1784799971593,1784799971593,202,0.000,cold
1968,exp-cold-5000-001970-0d5b139e,1784799971593,1784799971593,202,0.000,cold
1969,exp-cold-5000-001967-3e2b2a7d,1784799971593,1784799971593,202,0.000,cold
1970,exp-cold-5000-001966-785c3402,1784799971593,1784799971593,202,0.000,cold
1971,exp-cold-5000-001973-bc64253d,1784799971593,1784799971594,202,1.000,cold
1972,exp-cold-5000-001974-63096cc0,1784799971593,1784799971594,202,1.000,cold
1973,exp-cold-5000-001976-9f5a46d7,1784799971593,1784799971594,202,1.000,cold
1974,exp-cold-5000-001971-6c1486c4,1784799971593,1784799971594,202,1.000,cold
1975,exp-cold-5000-001975-7d77321a,1784799971593,1784799971594,202,1.000,cold
1976,exp-cold-5000-001972-9aeff2f1,1784799971594,1784799971594,202,0.000,cold
1977,exp-cold-5000-001979-a6e4330f,1784799971594,1784799971595,202,1.000,cold
1978,exp-cold-5000-001981-dbefdeb2,1784799971594,1784799971595,202,1.000,cold
1979,exp-cold-5000-001980-452ba293,1784799971594,1784799971595,202,1.000,cold
1980,exp-cold-5000-001977-a5e69bbd,1784799971594,1784799971595,202,1.000,cold
1981,exp-cold-5000-001978-0608834c,1784799971595,1784799971595,202,0.000,cold
1982,exp-cold-5000-001984-678e6367,1784799971595,1784799971596,202,1.000,cold
1983,exp-cold-5000-001985-6f1478dc,1784799971595,1784799971596,202,1.000,cold
1984,exp-cold-5000-001986-5286830b,1784799971595,1784799971596,202,1.000,cold
1985,exp-cold-5000-001988-7377a168,1784799971595,1784799971596,202,1.000,cold
1986,exp-cold-5000-001993-1c40d2bb,1784799971595,1784799971597,202,2.000,cold
1987,exp-cold-5000-001982-e0f96edd,1784799971596,1784799971596,202,0.000,cold
1988,exp-cold-5000-001983-6c39027f,1784799971596,1784799971596,202,0.000,cold
1989,exp-cold-5000-001987-3c8db63c,1784799971596,1784799971596,202,0.000,cold
1990,exp-cold-5000-001989-dc1ea294,1784799971596,1784799971597,202,1.000,cold
1991,exp-cold-5000-001991-27bcda46,1784799971596,1784799971597,202,1.000,cold
1992,exp-cold-5000-001992-5208dd6d,1784799971596,1784799971597,202,1.000,cold
1993,exp-cold-5000-001994-7224ace7,1784799971596,1784799971597,202,1.000,cold
1994,exp-cold-5000-001990-cef8dab9,1784799971596,1784799971597,202,1.000,cold
1995,exp-cold-5000-001995-131a9724,1784799971596,1784799971598,202,2.000,cold
1996,exp-cold-5000-002001-28e35288,1784799971596,1784799971598,202,2.000,cold
1997,exp-cold-5000-002016-c30879b5,1784799971596,1784799971600,202,4.000,cold
1998,exp-cold-5000-001999-86131679,1784799971597,1784799971598,202,1.000,cold
1999,exp-cold-5000-001998-f1c135fc,1784799971597,1784799971598,202,1.000,cold
2000,exp-cold-5000-002000-e060dd22,1784799971597,1784799971598,202,1.000,cold
2001,exp-cold-5000-002002-c313e037,1784799971597,1784799971598,202,1.000,cold
2002,exp-cold-5000-001997-653425c9,1784799971597,1784799971598,202,1.000,cold
2003,exp-cold-5000-002004-2546a7bd,1784799971597,1784799971598,202,1.000,cold
2004,exp-cold-5000-002003-652fce59,1784799971597,1784799971598,202,1.000,cold
2005,exp-cold-5000-002009-6920d516,1784799971597,1784799971599,202,2.000,cold
2006,exp-cold-5000-001996-5f491447,1784799971598,1784799971598,202,0.000,cold
2007,exp-cold-5000-002008-55d1cb54,1784799971598,1784799971599,202,1.000,cold
2008,exp-cold-5000-002012-2d5ff80b,1784799971598,1784799971599,202,1.000,cold
2009,exp-cold-5000-002010-901774c8,1784799971598,1784799971599,202,1.000,cold
2010,exp-cold-5000-002011-e51ec86c,1784799971598,1784799971599,202,1.000,cold
2011,exp-cold-5000-002007-05e113f5,1784799971599,1784799971599,202,0.000,cold
2012,exp-cold-5000-002006-d7909fad,1784799971599,1784799971599,202,0.000,cold
2013,exp-cold-5000-002005-a944ff6d,1784799971599,1784799971599,202,0.000,cold
2014,exp-cold-5000-002020-e2bd42de,1784799971599,1784799971600,202,1.000,cold
2015,exp-cold-5000-002015-ee29e011,1784799971599,1784799971600,202,1.000,cold
2016,exp-cold-5000-002027-396f3a02,1784799971599,1784799971601,202,2.000,cold
2017,exp-cold-5000-002014-86e5a3d5,1784799971600,1784799971600,202,0.000,cold
2018,exp-cold-5000-002017-b86751ae,1784799971600,1784799971600,202,0.000,cold
2019,exp-cold-5000-002018-be405ebf,1784799971600,1784799971600,202,0.000,cold
2020,exp-cold-5000-002013-35301d3c,1784799971600,1784799971600,202,0.000,cold
2021,exp-cold-5000-002021-72223c5f,1784799971600,1784799971600,202,0.000,cold
2022,exp-cold-5000-002019-8ded7ffb,1784799971600,1784799971600,202,0.000,cold
2023,exp-cold-5000-002028-8e66ccb2,1784799971600,1784799971601,202,1.000,cold
2024,exp-cold-5000-002024-6099f105,1784799971600,1784799971601,202,1.000,cold
2025,exp-cold-5000-002029-08343213,1784799971600,1784799971601,202,1.000,cold
2026,exp-cold-5000-002030-584a0817,1784799971600,1784799971601,202,1.000,cold
2027,exp-cold-5000-002025-696f69d5,1784799971600,1784799971601,202,1.000,cold
2028,exp-cold-5000-002032-daedc038,1784799971600,1784799971601,202,1.000,cold
2029,exp-cold-5000-002038-251d58c7,1784799971600,1784799971603,202,3.000,cold
2030,exp-cold-5000-002026-9f261190,1784799971601,1784799971601,202,0.000,cold
2031,exp-cold-5000-002023-425d3026,1784799971601,1784799971601,202,0.000,cold
2032,exp-cold-5000-002022-900563aa,1784799971601,1784799971601,202,0.000,cold
2033,exp-cold-5000-002036-47ba511e,1784799971601,1784799971602,202,1.000,cold
2034,exp-cold-5000-002037-68c5f1fd,1784799971601,1784799971602,202,1.000,cold
2035,exp-cold-5000-002044-5757cabc,1784799971601,1784799971603,202,2.000,cold
2036,exp-cold-5000-002077-41820a02,1784799971601,1784799971607,202,6.000,cold
2037,exp-cold-5000-002035-dffd77a2,1784799971602,1784799971602,202,0.000,cold
2038,exp-cold-5000-002034-abee32fc,1784799971602,1784799971602,202,0.000,cold
2039,exp-cold-5000-002033-1fd38f72,1784799971602,1784799971602,202,0.000,cold
2040,exp-cold-5000-002031-36875133,1784799971602,1784799971602,202,0.000,cold
2041,exp-cold-5000-002045-fabd362b,1784799971602,1784799971603,202,1.000,cold
2042,exp-cold-5000-002041-ed724005,1784799971602,1784799971603,202,1.000,cold
2043,exp-cold-5000-002043-70211bef,1784799971602,1784799971603,202,1.000,cold
2044,exp-cold-5000-002046-b7cb30f2,1784799971602,1784799971603,202,1.000,cold
2045,exp-cold-5000-002048-8c3f19bc,1784799971602,1784799971604,202,2.000,cold
2046,exp-cold-5000-002054-24ba0f0c,1784799971602,1784799971604,202,2.000,cold
2047,exp-cold-5000-002040-2cb9e99b,1784799971603,1784799971603,202,0.000,cold
2048,exp-cold-5000-002039-fb01cc16,1784799971603,1784799971603,202,0.000,cold
2049,exp-cold-5000-002042-fed8b09a,1784799971603,1784799971603,202,0.000,cold
2050,exp-cold-5000-002047-a3faa13a,1784799971603,1784799971604,202,1.000,cold
2051,exp-cold-5000-002053-802fe936,1784799971603,1784799971604,202,1.000,cold
2052,exp-cold-5000-002052-2bde01d6,1784799971603,1784799971604,202,1.000,cold
2053,exp-cold-5000-002055-e2c9ce78,1784799971603,1784799971604,202,1.000,cold
2054,exp-cold-5000-002063-341810f4,1784799971603,1784799971605,202,2.000,cold
2055,exp-cold-5000-002061-8ad9c495,1784799971603,1784799971605,202,2.000,cold
2056,exp-cold-5000-002050-0327cdf6,1784799971604,1784799971604,202,0.000,cold
2057,exp-cold-5000-002051-4c537ea7,1784799971604,1784799971604,202,0.000,cold
2058,exp-cold-5000-002049-18941b01,1784799971604,1784799971604,202,0.000,cold
2059,exp-cold-5000-002057-44ab2cfb,1784799971604,1784799971605,202,1.000,cold
2060,exp-cold-5000-002062-f5c95a24,1784799971604,1784799971605,202,1.000,cold
2061,exp-cold-5000-002059-1bf62b4a,1784799971604,1784799971605,202,1.000,cold
2062,exp-cold-5000-002060-72e7a807,1784799971604,1784799971605,202,1.000,cold
2063,exp-cold-5000-002064-67d0e53d,1784799971604,1784799971605,202,1.000,cold
2064,exp-cold-5000-002056-faabc5d6,1784799971605,1784799971605,202,0.000,cold
2065,exp-cold-5000-002058-e8594a6b,1784799971605,1784799971605,202,0.000,cold
2066,exp-cold-5000-002065-68cbb1ff,1784799971605,1784799971606,202,1.000,cold
2067,exp-cold-5000-002069-32c1da1a,1784799971605,1784799971606,202,1.000,cold
2068,exp-cold-5000-002071-47f6dfb8,1784799971605,1784799971606,202,1.000,cold
2069,exp-cold-5000-002068-b074c342,1784799971605,1784799971606,202,1.000,cold
2070,exp-cold-5000-002067-9b8a4a62,1784799971606,1784799971606,202,0.000,cold
2071,exp-cold-5000-002066-e0029fd8,1784799971606,1784799971606,202,0.000,cold
2072,exp-cold-5000-002078-2edca5bd,1784799971606,1784799971607,202,1.000,cold
2073,exp-cold-5000-002076-9e8abc69,1784799971606,1784799971607,202,1.000,cold
2074,exp-cold-5000-002073-14e4d397,1784799971606,1784799971607,202,1.000,cold
2075,exp-cold-5000-002080-cf241a7b,1784799971606,1784799971608,202,2.000,cold
2076,exp-cold-5000-002086-752cc434,1784799971606,1784799971609,202,3.000,cold
2077,exp-cold-5000-002072-fdde658a,1784799971607,1784799971607,202,0.000,cold
2078,exp-cold-5000-002074-db0ea04a,1784799971607,1784799971607,202,0.000,cold
2079,exp-cold-5000-002075-a75b1f6a,1784799971607,1784799971607,202,0.000,cold
2080,exp-cold-5000-002081-79ddf879,1784799971607,1784799971608,202,1.000,cold
2081,exp-cold-5000-002082-37bda737,1784799971607,1784799971608,202,1.000,cold
2082,exp-cold-5000-002070-3659d319,1784799971607,1784799971607,202,0.000,cold
2083,exp-cold-5000-002083-861d8d7d,1784799971607,1784799971609,202,2.000,cold
2084,exp-cold-5000-002090-169a54b0,1784799971607,1784799971610,202,3.000,cold
2085,exp-cold-5000-002079-42d9af44,1784799971608,1784799971608,202,0.000,cold
2086,exp-cold-5000-002085-53aedc2b,1784799971608,1784799971609,202,1.000,cold
2087,exp-cold-5000-002084-fc3eda04,1784799971609,1784799971609,202,0.000,cold
2088,exp-cold-5000-002088-fb57895e,1784799971609,1784799971610,202,1.000,cold
2089,exp-cold-5000-002087-a5fe3643,1784799971610,1784799971610,202,0.000,cold
2090,exp-cold-5000-002089-e4af9213,1784799971610,1784799971610,202,0.000,cold
2091,exp-cold-5000-002099-fd80a8bd,1784799971610,1784799971611,202,1.000,cold
2092,exp-cold-5000-002097-1e0ee768,1784799971610,1784799971611,202,1.000,cold
2093,exp-cold-5000-002095-f759e820,1784799971610,1784799971611,202,1.000,cold
2094,exp-cold-5000-002098-60a8d0f4,1784799971610,1784799971611,202,1.000,cold
2095,exp-cold-5000-002100-b6589e9f,1784799971610,1784799971611,202,1.000,cold
2096,exp-cold-5000-002101-7b394a9c,1784799971610,1784799971611,202,1.000,cold
2097,exp-cold-5000-002102-adb53ad3,1784799971610,1784799971612,202,2.000,cold
2098,exp-cold-5000-002092-a9264624,1784799971611,1784799971611,202,0.000,cold
2099,exp-cold-5000-002091-c399104c,1784799971611,1784799971611,202,0.000,cold
2100,exp-cold-5000-002093-e5206f13,1784799971611,1784799971611,202,0.000,cold
2101,exp-cold-5000-002094-b1a185d3,1784799971611,1784799971611,202,0.000,cold
2102,exp-cold-5000-002096-9e9f3c87,1784799971611,1784799971611,202,0.000,cold
2103,exp-cold-5000-002107-5f4788ad,1784799971611,1784799971612,202,1.000,cold
2104,exp-cold-5000-002105-285e0fce,1784799971611,1784799971612,202,1.000,cold
2105,exp-cold-5000-002117-a4cee5f4,1784799971611,1784799971613,202,2.000,cold
2106,exp-cold-5000-002108-86a0caab,1784799971611,1784799971613,202,2.000,cold
2107,exp-cold-5000-002103-8167d17c,1784799971612,1784799971612,202,0.000,cold
2108,exp-cold-5000-002104-4d6fa12e,1784799971612,1784799971612,202,0.000,cold
2109,exp-cold-5000-002106-65894c5c,1784799971612,1784799971612,202,0.000,cold
2110,exp-cold-5000-002115-f122f586,1784799971612,1784799971613,202,1.000,cold
2111,exp-cold-5000-002110-c0596e24,1784799971612,1784799971613,202,1.000,cold
2112,exp-cold-5000-002116-76fd381a,1784799971612,1784799971613,202,1.000,cold
2113,exp-cold-5000-002114-d413f52e,1784799971612,1784799971613,202,1.000,cold
2114,exp-cold-5000-002111-5432ddfa,1784799971612,1784799971613,202,1.000,cold
2115,exp-cold-5000-002123-68bb2d3e,1784799971612,1784799971614,202,2.000,cold
2116,exp-cold-5000-002109-f9d290c6,1784799971613,1784799971613,202,0.000,cold
2117,exp-cold-5000-002112-8908d7bc,1784799971613,1784799971613,202,0.000,cold
2118,exp-cold-5000-002113-c7b1fffa,1784799971613,1784799971613,202,0.000,cold
2119,exp-cold-5000-002120-3fac70d3,1784799971613,1784799971614,202,1.000,cold
2120,exp-cold-5000-002118-43181a22,1784799971613,1784799971614,202,1.000,cold
2121,exp-cold-5000-002129-f4807509,1784799971613,1784799971615,202,2.000,cold
2122,exp-cold-5000-002122-1ea24f1f,1784799971614,1784799971614,202,0.000,cold
2123,exp-cold-5000-002121-de67b272,1784799971614,1784799971614,202,0.000,cold
2124,exp-cold-5000-002119-1d72000c,1784799971614,1784799971614,202,0.000,cold
2125,exp-cold-5000-002130-89e77352,1784799971614,1784799971615,202,1.000,cold
2126,exp-cold-5000-002131-4de43d9c,1784799971614,1784799971615,202,1.000,cold
2127,exp-cold-5000-002124-53b099fd,1784799971614,1784799971615,202,1.000,cold
2128,exp-cold-5000-002126-a5e98492,1784799971614,1784799971615,202,1.000,cold
2129,exp-cold-5000-002132-acde3049,1784799971614,1784799971615,202,1.000,cold
2130,exp-cold-5000-002127-2249a55b,1784799971614,1784799971615,202,1.000,cold
2131,exp-cold-5000-002125-c9a50d0c,1784799971615,1784799971615,202,0.000,cold
2132,exp-cold-5000-002128-f0963ce1,1784799971615,1784799971615,202,0.000,cold
2133,exp-cold-5000-002138-6e3b7c27,1784799971615,1784799971616,202,1.000,cold
2134,exp-cold-5000-002141-b7a3c3e7,1784799971615,1784799971616,202,1.000,cold
2135,exp-cold-5000-002135-825ffcd7,1784799971615,1784799971616,202,1.000,cold
2136,exp-cold-5000-002142-a6abd757,1784799971615,1784799971616,202,1.000,cold
2137,exp-cold-5000-002157-dbbd81c0,1784799971615,1784799971618,202,3.000,cold
2138,exp-cold-5000-002137-f71b2749,1784799971616,1784799971616,202,0.000,cold
2139,exp-cold-5000-002133-123f86f4,1784799971616,1784799971616,202,0.000,cold
2140,exp-cold-5000-002136-c4037061,1784799971616,1784799971616,202,0.000,cold
2141,exp-cold-5000-002134-d6d7ecdc,1784799971616,1784799971616,202,0.000,cold
2142,exp-cold-5000-002139-7a3a5116,1784799971616,1784799971616,202,0.000,cold
2143,exp-cold-5000-002146-7f4abc49,1784799971616,1784799971617,202,1.000,cold
2144,exp-cold-5000-002148-cd841ed0,1784799971616,1784799971617,202,1.000,cold
2145,exp-cold-5000-002143-de471ae8,1784799971616,1784799971617,202,1.000,cold
2146,exp-cold-5000-002145-4ffb1407,1784799971616,1784799971617,202,1.000,cold
2147,exp-cold-5000-002149-1ce1e8bb,1784799971616,1784799971617,202,1.000,cold
2148,exp-cold-5000-002147-826a516a,1784799971616,1784799971617,202,1.000,cold
2149,exp-cold-5000-002150-58310d6d,1784799971616,1784799971618,202,2.000,cold
2150,exp-cold-5000-002164-ddce191b,1784799971616,1784799971619,202,3.000,cold
2151,exp-cold-5000-002140-c48f3652,1784799971617,1784799971617,202,0.000,cold
2152,exp-cold-5000-002144-e2f0ee37,1784799971617,1784799971617,202,0.000,cold
2153,exp-cold-5000-002156-5c8f1f5b,1784799971617,1784799971618,202,1.000,cold
2154,exp-cold-5000-002151-93cef93d,1784799971617,1784799971618,202,1.000,cold
2155,exp-cold-5000-002159-e3165808,1784799971617,1784799971618,202,1.000,cold
2156,exp-cold-5000-002158-5ff5ec68,1784799971617,1784799971618,202,1.000,cold
2157,exp-cold-5000-002152-a26fbc74,1784799971618,1784799971618,202,0.000,cold
2158,exp-cold-5000-002154-15551262,1784799971618,1784799971618,202,0.000,cold
2159,exp-cold-5000-002155-361e4c1f,1784799971618,1784799971618,202,0.000,cold
2160,exp-cold-5000-002153-bfd5d0e1,1784799971618,1784799971618,202,0.000,cold
2161,exp-cold-5000-002161-06970203,1784799971618,1784799971619,202,1.000,cold
2162,exp-cold-5000-002162-70bc3951,1784799971618,1784799971619,202,1.000,cold
2163,exp-cold-5000-002166-a37c54ff,1784799971618,1784799971619,202,1.000,cold
2164,exp-cold-5000-002167-0cf3f7ba,1784799971618,1784799971619,202,1.000,cold
2165,exp-cold-5000-002165-c5193f0b,1784799971618,1784799971619,202,1.000,cold
2166,exp-cold-5000-002169-60f9c354,1784799971618,1784799971620,202,2.000,cold
2167,exp-cold-5000-002160-fe073f2c,1784799971619,1784799971619,202,0.000,cold
2168,exp-cold-5000-002163-366cf82a,1784799971619,1784799971619,202,0.000,cold
2169,exp-cold-5000-002177-12219507,1784799971619,1784799971620,202,1.000,cold
2170,exp-cold-5000-002178-c9ba80a2,1784799971619,1784799971620,202,1.000,cold
2171,exp-cold-5000-002179-a2264d56,1784799971619,1784799971620,202,1.000,cold
2172,exp-cold-5000-002172-b9f8033a,1784799971619,1784799971620,202,1.000,cold
2173,exp-cold-5000-002181-489647e7,1784799971619,1784799971620,202,1.000,cold
2174,exp-cold-5000-002182-81b513f7,1784799971619,1784799971620,202,1.000,cold
2175,exp-cold-5000-002180-b35eb2ea,1784799971619,1784799971620,202,1.000,cold
2176,exp-cold-5000-002189-b34c7979,1784799971619,1784799971621,202,2.000,cold
2177,exp-cold-5000-002200-2c112911,1784799971619,1784799971622,202,3.000,cold
2178,exp-cold-5000-002206-7cd65077,1784799971619,1784799971622,202,3.000,cold
2179,exp-cold-5000-002170-095378fb,1784799971620,1784799971620,202,0.000,cold
2180,exp-cold-5000-002171-61595e9a,1784799971620,1784799971620,202,0.000,cold
2181,exp-cold-5000-002174-1d19ff03,1784799971620,1784799971620,202,0.000,cold
2182,exp-cold-5000-002175-3d825796,1784799971620,1784799971620,202,0.000,cold
2183,exp-cold-5000-002168-bc00243b,1784799971620,1784799971620,202,0.000,cold
2184,exp-cold-5000-002173-4c95308d,1784799971620,1784799971620,202,0.000,cold
2185,exp-cold-5000-002176-81244e24,1784799971620,1784799971620,202,0.000,cold
2186,exp-cold-5000-002190-fc90907f,1784799971620,1784799971621,202,1.000,cold
2187,exp-cold-5000-002191-ef50a65e,1784799971620,1784799971621,202,1.000,cold
2188,exp-cold-5000-002183-28f60050,1784799971620,1784799971621,202,1.000,cold
2189,exp-cold-5000-002192-6309be44,1784799971620,1784799971621,202,1.000,cold
2190,exp-cold-5000-002194-b1cbfca5,1784799971620,1784799971621,202,1.000,cold
2191,exp-cold-5000-002187-b2946f9b,1784799971620,1784799971621,202,1.000,cold
2192,exp-cold-5000-002199-57a7542d,1784799971620,1784799971622,202,2.000,cold
2193,exp-cold-5000-002205-40a08e1c,1784799971620,1784799971622,202,2.000,cold
2194,exp-cold-5000-002185-8bc5aa87,1784799971621,1784799971621,202,0.000,cold
2195,exp-cold-5000-002186-2fed8e0f,1784799971621,1784799971621,202,0.000,cold
2196,exp-cold-5000-002188-0a308d9c,1784799971621,1784799971621,202,0.000,cold
2197,exp-cold-5000-002184-a0b5ef06,1784799971621,1784799971621,202,0.000,cold
2198,exp-cold-5000-002204-829d2a97,1784799971621,1784799971622,202,1.000,cold
2199,exp-cold-5000-002203-433121a0,1784799971621,1784799971622,202,1.000,cold
2200,exp-cold-5000-002201-0e5fb93c,1784799971621,1784799971622,202,1.000,cold
2201,exp-cold-5000-002196-992807c1,1784799971621,1784799971622,202,1.000,cold
2202,exp-cold-5000-002197-a239160f,1784799971621,1784799971622,202,1.000,cold
2203,exp-cold-5000-002193-0e000caa,1784799971621,1784799971622,202,1.000,cold
2204,exp-cold-5000-002195-74b2c98e,1784799971621,1784799971622,202,1.000,cold
2205,exp-cold-5000-002207-dc74ed47,1784799971621,1784799971622,202,1.000,cold
2206,exp-cold-5000-002214-93d508df,1784799971621,1784799971623,202,2.000,cold
2207,exp-cold-5000-002198-cc4e11a7,1784799971622,1784799971622,202,0.000,cold
2208,exp-cold-5000-002202-059dd4ec,1784799971622,1784799971622,202,0.000,cold
2209,exp-cold-5000-002215-7683715e,1784799971622,1784799971623,202,1.000,cold
2210,exp-cold-5000-002217-082f8624,1784799971622,1784799971623,202,1.000,cold
2211,exp-cold-5000-002218-9752d0eb,1784799971622,1784799971623,202,1.000,cold
2212,exp-cold-5000-002216-e6c7e479,1784799971622,1784799971623,202,1.000,cold
2213,exp-cold-5000-002223-5cee3872,1784799971622,1784799971624,202,2.000,cold
2214,exp-cold-5000-002224-ab3fb491,1784799971622,1784799971624,202,2.000,cold
2215,exp-cold-5000-002211-e043cb74,1784799971623,1784799971623,202,0.000,cold
2216,exp-cold-5000-002208-8c4979af,1784799971623,1784799971623,202,0.000,cold
2217,exp-cold-5000-002212-79fe5df3,1784799971623,1784799971623,202,0.000,cold
2218,exp-cold-5000-002210-1f9eafd2,1784799971623,1784799971623,202,0.000,cold
2219,exp-cold-5000-002209-7068af32,1784799971623,1784799971623,202,0.000,cold
2220,exp-cold-5000-002213-a214890c,1784799971623,1784799971623,202,0.000,cold
2221,exp-cold-5000-002226-4ddacd74,1784799971623,1784799971624,202,1.000,cold
2222,exp-cold-5000-002227-9ea576e8,1784799971623,1784799971624,202,1.000,cold
2223,exp-cold-5000-002219-483a0c1b,1784799971623,1784799971624,202,1.000,cold
2224,exp-cold-5000-002228-988f034b,1784799971623,1784799971624,202,1.000,cold
2225,exp-cold-5000-002237-89df4b9e,1784799971623,1784799971625,202,2.000,cold
2226,exp-cold-5000-002220-9e28d5e1,1784799971624,1784799971624,202,0.000,cold
2227,exp-cold-5000-002222-de5df8f0,1784799971624,1784799971624,202,0.000,cold
2228,exp-cold-5000-002221-e0a2dc82,1784799971624,1784799971624,202,0.000,cold
2229,exp-cold-5000-002225-2bec0b35,1784799971624,1784799971624,202,0.000,cold
2230,exp-cold-5000-002231-8281acdb,1784799971624,1784799971625,202,1.000,cold
2231,exp-cold-5000-002235-c2b2ab59,1784799971624,1784799971625,202,1.000,cold
2232,exp-cold-5000-002236-cce6533c,1784799971624,1784799971625,202,1.000,cold
2233,exp-cold-5000-002238-812fd7cb,1784799971624,1784799971625,202,1.000,cold
2234,exp-cold-5000-002230-771bb68b,1784799971624,1784799971625,202,1.000,cold
2235,exp-cold-5000-002229-25cbb399,1784799971625,1784799971625,202,0.000,cold
2236,exp-cold-5000-002232-65de96d4,1784799971625,1784799971625,202,0.000,cold
2237,exp-cold-5000-002233-52bf75b8,1784799971625,1784799971625,202,0.000,cold
2238,exp-cold-5000-002234-477e6fd9,1784799971625,1784799971625,202,0.000,cold
2239,exp-cold-5000-002243-5b0bceb9,1784799971625,1784799971626,202,1.000,cold
2240,exp-cold-5000-002242-b7e32419,1784799971625,1784799971626,202,1.000,cold
2241,exp-cold-5000-002245-1ca3e102,1784799971625,1784799971626,202,1.000,cold
2242,exp-cold-5000-002247-0a554faa,1784799971625,1784799971626,202,1.000,cold
2243,exp-cold-5000-002246-de9b792c,1784799971625,1784799971626,202,1.000,cold
2244,exp-cold-5000-002244-d81da21a,1784799971625,1784799971626,202,1.000,cold
2245,exp-cold-5000-002239-35b5599b,1784799971625,1784799971626,202,1.000,cold
2246,exp-cold-5000-002240-37fe1fc3,1784799971626,1784799971626,202,0.000,cold
2247,exp-cold-5000-002241-5cd37d20,1784799971626,1784799971626,202,0.000,cold
2248,exp-cold-5000-002248-92a049e5,1784799971626,1784799971627,202,1.000,cold
2249,exp-cold-5000-002257-b673dbc6,1784799971626,1784799971627,202,1.000,cold
2250,exp-cold-5000-002259-0ddb8c31,1784799971626,1784799971627,202,1.000,cold
2251,exp-cold-5000-002260-ad277af4,1784799971626,1784799971627,202,1.000,cold
2252,exp-cold-5000-002261-de79f744,1784799971626,1784799971627,202,1.000,cold
2253,exp-cold-5000-002255-e06c9cab,1784799971626,1784799971627,202,1.000,cold
2254,exp-cold-5000-002258-0b3b7c4c,1784799971626,1784799971627,202,1.000,cold
2255,exp-cold-5000-002251-69c08e5a,1784799971626,1784799971627,202,1.000,cold
2256,exp-cold-5000-002252-6ed86235,1784799971627,1784799971627,202,0.000,cold
2257,exp-cold-5000-002250-8d7ca674,1784799971627,1784799971627,202,0.000,cold
2258,exp-cold-5000-002254-0449ca76,1784799971627,1784799971627,202,0.000,cold
2259,exp-cold-5000-002256-e1f61ecb,1784799971627,1784799971627,202,0.000,cold
2260,exp-cold-5000-002266-4a1900f6,1784799971627,1784799971628,202,1.000,cold
2261,exp-cold-5000-002269-5a25d281,1784799971627,1784799971628,202,1.000,cold
2262,exp-cold-5000-002264-15a18f02,1784799971627,1784799971628,202,1.000,cold
2263,exp-cold-5000-002279-0eaf817b,1784799971627,1784799971629,202,2.000,cold
2264,exp-cold-5000-002262-62e3bccd,1784799971628,1784799971628,202,0.000,cold
2265,exp-cold-5000-002263-92bfafb4,1784799971628,1784799971628,202,0.000,cold
2266,exp-cold-5000-002249-503bc707,1784799971628,1784799971628,202,0.000,cold
2267,exp-cold-5000-002267-1e249a15,1784799971628,1784799971628,202,0.000,cold
2268,exp-cold-5000-002265-344368a2,1784799971628,1784799971628,202,0.000,cold
2269,exp-cold-5000-002271-e9a265b6,1784799971628,1784799971629,202,1.000,cold
2270,exp-cold-5000-002277-bf491da8,1784799971628,1784799971629,202,1.000,cold
2271,exp-cold-5000-002280-28107e55,1784799971628,1784799971629,202,1.000,cold
2272,exp-cold-5000-002275-f47d729b,1784799971628,1784799971629,202,1.000,cold
2273,exp-cold-5000-002253-3fe29508,1784799971628,1784799971629,202,1.000,cold
2274,exp-cold-5000-002291-8e5a46e4,1784799971628,1784799971630,202,2.000,cold
2275,exp-cold-5000-002270-96468de9,1784799971629,1784799971629,202,0.000,cold
2276,exp-cold-5000-002272-07766552,1784799971629,1784799971629,202,0.000,cold
2277,exp-cold-5000-002276-7406757d,1784799971629,1784799971629,202,0.000,cold
2278,exp-cold-5000-002274-9b69f1d8,1784799971629,1784799971629,202,0.000,cold
2279,exp-cold-5000-002268-32d75a01,1784799971629,1784799971629,202,0.000,cold
2280,exp-cold-5000-002273-7a89e31d,1784799971629,1784799971629,202,0.000,cold
2281,exp-cold-5000-002278-440f3d98,1784799971629,1784799971630,202,1.000,cold
2282,exp-cold-5000-002288-b75c09bf,1784799971629,1784799971630,202,1.000,cold
2283,exp-cold-5000-002286-a4c58373,1784799971629,1784799971630,202,1.000,cold
2284,exp-cold-5000-002289-eab8370d,1784799971629,1784799971630,202,1.000,cold
2285,exp-cold-5000-002290-25eaeb96,1784799971629,1784799971630,202,1.000,cold
2286,exp-cold-5000-002287-aa39555c,1784799971629,1784799971630,202,1.000,cold
2287,exp-cold-5000-002285-fd571d58,1784799971629,1784799971630,202,1.000,cold
2288,exp-cold-5000-002292-2393aa7a,1784799971629,1784799971630,202,1.000,cold
2289,exp-cold-5000-002284-2d41b508,1784799971629,1784799971630,202,1.000,cold
2290,exp-cold-5000-002283-f463cdee,1784799971630,1784799971630,202,0.000,cold
2291,exp-cold-5000-002282-5fc0309c,1784799971630,1784799971630,202,0.000,cold
2292,exp-cold-5000-002281-a414735d,1784799971630,1784799971630,202,0.000,cold
2293,exp-cold-5000-002300-ea3d82a7,1784799971630,1784799971631,202,1.000,cold
2294,exp-cold-5000-002298-f44ea96f,1784799971630,1784799971631,202,1.000,cold
2295,exp-cold-5000-002297-6a79000b,1784799971630,1784799971631,202,1.000,cold
2296,exp-cold-5000-002301-318d9796,1784799971630,1784799971631,202,1.000,cold
2297,exp-cold-5000-002302-97183556,1784799971630,1784799971631,202,1.000,cold
2298,exp-cold-5000-002295-c2f3086e,1784799971630,1784799971631,202,1.000,cold
2299,exp-cold-5000-002299-e370bbea,1784799971630,1784799971631,202,1.000,cold
2300,exp-cold-5000-002306-9dcfc374,1784799971630,1784799971632,202,2.000,cold
2301,exp-cold-5000-002312-77d25971,1784799971630,1784799971632,202,2.000,cold
2302,exp-cold-5000-002296-d65dd9ce,1784799971631,1784799971631,202,0.000,cold
2303,exp-cold-5000-002293-581028d6,1784799971631,1784799971631,202,0.000,cold
2304,exp-cold-5000-002294-6d3c34d1,1784799971631,1784799971631,202,0.000,cold
2305,exp-cold-5000-002304-37640097,1784799971631,1784799971632,202,1.000,cold
2306,exp-cold-5000-002311-db624add,1784799971631,1784799971632,202,1.000,cold
2307,exp-cold-5000-002313-aa5ba350,1784799971631,1784799971632,202,1.000,cold
2308,exp-cold-5000-002315-c57fa9db,1784799971631,1784799971632,202,1.000,cold
2309,exp-cold-5000-002316-6548d674,1784799971631,1784799971632,202,1.000,cold
2310,exp-cold-5000-002318-496fd694,1784799971631,1784799971632,202,1.000,cold
2311,exp-cold-5000-002314-e215160d,1784799971631,1784799971632,202,1.000,cold
2312,exp-cold-5000-002309-0a192547,1784799971631,1784799971632,202,1.000,cold
2313,exp-cold-5000-002317-f0b22691,1784799971631,1784799971632,202,1.000,cold
2314,exp-cold-5000-002303-e7135b14,1784799971632,1784799971632,202,0.000,cold
2315,exp-cold-5000-002308-9b6f71df,1784799971632,1784799971632,202,0.000,cold
2316,exp-cold-5000-002307-ddb08644,1784799971632,1784799971632,202,0.000,cold
2317,exp-cold-5000-002305-cbf3403a,1784799971632,1784799971632,202,0.000,cold
2318,exp-cold-5000-002310-e304a8cc,1784799971632,1784799971632,202,0.000,cold
2319,exp-cold-5000-002323-6db37b89,1784799971632,1784799971633,202,1.000,cold
2320,exp-cold-5000-002326-68af8d13,1784799971632,1784799971633,202,1.000,cold
2321,exp-cold-5000-002328-e0f34989,1784799971632,1784799971633,202,1.000,cold
2322,exp-cold-5000-002327-15ca4195,1784799971632,1784799971633,202,1.000,cold
2323,exp-cold-5000-002324-85d6405a,1784799971632,1784799971633,202,1.000,cold
2324,exp-cold-5000-002321-3986a8e7,1784799971632,1784799971633,202,1.000,cold
2325,exp-cold-5000-002319-9a257e27,1784799971633,1784799971633,202,0.000,cold
2326,exp-cold-5000-002320-e0ec23de,1784799971633,1784799971633,202,0.000,cold
2327,exp-cold-5000-002322-7a50bf54,1784799971633,1784799971633,202,0.000,cold
2328,exp-cold-5000-002334-d939921e,1784799971633,1784799971634,202,1.000,cold
2329,exp-cold-5000-002333-22955288,1784799971633,1784799971634,202,1.000,cold
2330,exp-cold-5000-002329-a1fa1ff5,1784799971633,1784799971634,202,1.000,cold
2331,exp-cold-5000-002337-042bd42b,1784799971633,1784799971634,202,1.000,cold
2332,exp-cold-5000-002332-6b1df421,1784799971633,1784799971634,202,1.000,cold
2333,exp-cold-5000-002336-3f7d17fa,1784799971633,1784799971634,202,1.000,cold
2334,exp-cold-5000-002335-0f1c4368,1784799971633,1784799971634,202,1.000,cold
2335,exp-cold-5000-002348-7eae7c06,1784799971633,1784799971636,202,3.000,cold
2336,exp-cold-5000-002330-2a1673b6,1784799971634,1784799971634,202,0.000,cold
2337,exp-cold-5000-002325-346b8f30,1784799971634,1784799971634,202,0.000,cold
2338,exp-cold-5000-002331-0eb46616,1784799971634,1784799971634,202,0.000,cold
2339,exp-cold-5000-002339-137c21e7,1784799971634,1784799971635,202,1.000,cold
2340,exp-cold-5000-002340-35c89a89,1784799971634,1784799971635,202,1.000,cold
2341,exp-cold-5000-002346-ed395474,1784799971634,1784799971635,202,1.000,cold
2342,exp-cold-5000-002345-be3cc07b,1784799971634,1784799971635,202,1.000,cold
2343,exp-cold-5000-002354-73cd641c,1784799971634,1784799971636,202,2.000,cold
2344,exp-cold-5000-002341-e5f9d2ca,1784799971635,1784799971635,202,0.000,cold
2345,exp-cold-5000-002342-e66d06b1,1784799971635,1784799971635,202,0.000,cold
2346,exp-cold-5000-002344-f4f2a931,1784799971635,1784799971635,202,0.000,cold
2347,exp-cold-5000-002338-35c86fcc,1784799971635,1784799971635,202,0.000,cold
2348,exp-cold-5000-002350-11c52ddd,1784799971635,1784799971636,202,1.000,cold
2349,exp-cold-5000-002351-e82f677f,1784799971635,1784799971636,202,1.000,cold
2350,exp-cold-5000-002353-76acf9bf,1784799971635,1784799971636,202,1.000,cold
2351,exp-cold-5000-002343-c362502c,1784799971635,1784799971636,202,1.000,cold
2352,exp-cold-5000-002347-a20952a8,1784799971635,1784799971636,202,1.000,cold
2353,exp-cold-5000-002352-d3a31505,1784799971635,1784799971636,202,1.000,cold
2354,exp-cold-5000-002367-6eb1fce6,1784799971635,1784799971637,202,2.000,cold
2355,exp-cold-5000-002349-ea3887b0,1784799971636,1784799971636,202,0.000,cold
2356,exp-cold-5000-002362-cbf77b31,1784799971636,1784799971637,202,1.000,cold
2357,exp-cold-5000-002365-2524f015,1784799971636,1784799971637,202,1.000,cold
2358,exp-cold-5000-002363-58c84a38,1784799971636,1784799971637,202,1.000,cold
2359,exp-cold-5000-002356-f7df466e,1784799971636,1784799971637,202,1.000,cold
2360,exp-cold-5000-002360-3785497a,1784799971636,1784799971637,202,1.000,cold
2361,exp-cold-5000-002366-02a5307b,1784799971636,1784799971638,202,2.000,cold
2362,exp-cold-5000-002384-82de92c4,1784799971636,1784799971639,202,3.000,cold
2363,exp-cold-5000-002357-bebc46bb,1784799971637,1784799971637,202,0.000,cold
2364,exp-cold-5000-002358-71f65b61,1784799971637,1784799971637,202,0.000,cold
2365,exp-cold-5000-002361-453a8714,1784799971637,1784799971637,202,0.000,cold
2366,exp-cold-5000-002355-3c52a4ea,1784799971637,1784799971637,202,0.000,cold
2367,exp-cold-5000-002370-33af2096,1784799971637,1784799971638,202,1.000,cold
2368,exp-cold-5000-002372-f0eb2c96,1784799971637,1784799971638,202,1.000,cold
2369,exp-cold-5000-002374-9d7739fa,1784799971637,1784799971638,202,1.000,cold
2370,exp-cold-5000-002371-526a545b,1784799971637,1784799971638,202,1.000,cold
2371,exp-cold-5000-002373-190da625,1784799971637,1784799971638,202,1.000,cold
2372,exp-cold-5000-002383-fa3d4d02,1784799971637,1784799971639,202,2.000,cold
2373,exp-cold-5000-002369-81154513,1784799971638,1784799971638,202,0.000,cold
2374,exp-cold-5000-002368-fb974696,1784799971638,1784799971638,202,0.000,cold
2375,exp-cold-5000-002364-20175392,1784799971638,1784799971638,202,0.000,cold
2376,exp-cold-5000-002380-e64d2aa2,1784799971638,1784799971639,202,1.000,cold
2377,exp-cold-5000-002375-e5861e04,1784799971638,1784799971639,202,1.000,cold
2378,exp-cold-5000-002385-86a5db9f,1784799971638,1784799971640,202,2.000,cold
2379,exp-cold-5000-002377-b1c974e5,1784799971639,1784799971639,202,0.000,cold
2380,exp-cold-5000-002359-179a13f0,1784799971639,1784799971639,202,0.000,cold
2381,exp-cold-5000-002378-1af15e9a,1784799971639,1784799971639,202,0.000,cold
2382,exp-cold-5000-002381-95c0a548,1784799971639,1784799971639,202,0.000,cold
2383,exp-cold-5000-002379-48dab834,1784799971639,1784799971639,202,0.000,cold
2384,exp-cold-5000-002382-dbb98e15,1784799971639,1784799971639,202,0.000,cold
2385,exp-cold-5000-002376-88edcba8,1784799971639,1784799971639,202,0.000,cold
2386,exp-cold-5000-002390-89f9026c,1784799971639,1784799971640,202,1.000,cold
2387,exp-cold-5000-002386-ff92977b,1784799971639,1784799971640,202,1.000,cold
2388,exp-cold-5000-002387-d5a7d091,1784799971640,1784799971640,202,0.000,cold
2389,exp-cold-5000-002388-f3a4acec,1784799971640,1784799971640,202,0.000,cold
2390,exp-cold-5000-002389-a068b755,1784799971640,1784799971640,202,0.000,cold
2391,exp-cold-5000-002399-e9c4dbf6,1784799971640,1784799971641,202,1.000,cold
2392,exp-cold-5000-002400-2b4995ab,1784799971640,1784799971641,202,1.000,cold
2393,exp-cold-5000-002404-aeb8830c,1784799971640,1784799971641,202,1.000,cold
2394,exp-cold-5000-002393-d822aa5a,1784799971640,1784799971641,202,1.000,cold
2395,exp-cold-5000-002401-5f2377bd,1784799971640,1784799971641,202,1.000,cold
2396,exp-cold-5000-002403-31ec22da,1784799971640,1784799971641,202,1.000,cold
2397,exp-cold-5000-002394-6afa11c7,1784799971640,1784799971641,202,1.000,cold
2398,exp-cold-5000-002402-ae89a5f0,1784799971640,1784799971641,202,1.000,cold
2399,exp-cold-5000-002419-f95726c1,1784799971640,1784799971642,202,2.000,cold
2400,exp-cold-5000-002391-06d3bff2,1784799971641,1784799971641,202,0.000,cold
2401,exp-cold-5000-002392-bfb74e6c,1784799971641,1784799971641,202,0.000,cold
2402,exp-cold-5000-002397-441c0f9e,1784799971641,1784799971641,202,0.000,cold
2403,exp-cold-5000-002395-56b76bda,1784799971641,1784799971641,202,0.000,cold
2404,exp-cold-5000-002396-87afd367,1784799971641,1784799971641,202,0.000,cold
2405,exp-cold-5000-002398-c53d1977,1784799971641,1784799971641,202,0.000,cold
2406,exp-cold-5000-002417-e3410174,1784799971641,1784799971642,202,1.000,cold
2407,exp-cold-5000-002413-8b988274,1784799971641,1784799971642,202,1.000,cold
2408,exp-cold-5000-002420-84f26a62,1784799971641,1784799971642,202,1.000,cold
2409,exp-cold-5000-002405-9ac432cc,1784799971641,1784799971642,202,1.000,cold
2410,exp-cold-5000-002406-bd14488a,1784799971641,1784799971642,202,1.000,cold
2411,exp-cold-5000-002418-1d73a634,1784799971641,1784799971642,202,1.000,cold
2412,exp-cold-5000-002424-8167ac71,1784799971641,1784799971643,202,2.000,cold
2413,exp-cold-5000-002407-719d7ed3,1784799971642,1784799971642,202,0.000,cold
2414,exp-cold-5000-002410-3d1eddd7,1784799971642,1784799971642,202,0.000,cold
2415,exp-cold-5000-002409-13b0a0d4,1784799971642,1784799971642,202,0.000,cold
2416,exp-cold-5000-002411-6d9d9d2e,1784799971642,1784799971642,202,0.000,cold
2417,exp-cold-5000-002412-db4c19db,1784799971642,1784799971642,202,0.000,cold
2418,exp-cold-5000-002408-a9cf1f55,1784799971642,1784799971642,202,0.000,cold
2419,exp-cold-5000-002414-7c6c1838,1784799971642,1784799971642,202,0.000,cold
2420,exp-cold-5000-002415-c145f8c1,1784799971642,1784799971642,202,0.000,cold
2421,exp-cold-5000-002425-04706ffa,1784799971642,1784799971643,202,1.000,cold
2422,exp-cold-5000-002430-f8cc7052,1784799971642,1784799971643,202,1.000,cold
2423,exp-cold-5000-002431-9410c1ce,1784799971642,1784799971643,202,1.000,cold
2424,exp-cold-5000-002427-126311c2,1784799971642,1784799971643,202,1.000,cold
2425,exp-cold-5000-002432-b4464f64,1784799971642,1784799971643,202,1.000,cold
2426,exp-cold-5000-002428-a7c81435,1784799971642,1784799971643,202,1.000,cold
2427,exp-cold-5000-002429-305b16e7,1784799971642,1784799971643,202,1.000,cold
2428,exp-cold-5000-002438-65fa0059,1784799971642,1784799971644,202,2.000,cold
2429,exp-cold-5000-002446-b591255b,1784799971642,1784799971644,202,2.000,cold
2430,exp-cold-5000-002467-379b2bf2,1784799971642,1784799971646,202,4.000,cold
2431,exp-cold-5000-002421-7d1812de,1784799971643,1784799971643,202,0.000,cold
2432,exp-cold-5000-002422-7805a333,1784799971643,1784799971643,202,0.000,cold
2433,exp-cold-5000-002416-877dcd52,1784799971643,1784799971643,202,0.000,cold
2434,exp-cold-5000-002423-73e8475b,1784799971643,1784799971643,202,0.000,cold
2435,exp-cold-5000-002426-cf4cc9a9,1784799971643,1784799971643,202,0.000,cold
2436,exp-cold-5000-002441-99e7b4af,1784799971643,1784799971644,202,1.000,cold
2437,exp-cold-5000-002433-da9125f4,1784799971643,1784799971644,202,1.000,cold
2438,exp-cold-5000-002434-4d1bb83e,1784799971643,1784799971644,202,1.000,cold
2439,exp-cold-5000-002442-19c5cafb,1784799971643,1784799971644,202,1.000,cold
2440,exp-cold-5000-002443-be7672b6,1784799971643,1784799971644,202,1.000,cold
2441,exp-cold-5000-002435-25b3759d,1784799971643,1784799971644,202,1.000,cold
2442,exp-cold-5000-002447-6d4549fe,1784799971643,1784799971644,202,1.000,cold
2443,exp-cold-5000-002436-4ebcb7d4,1784799971644,1784799971644,202,0.000,cold
2444,exp-cold-5000-002439-b7321b8a,1784799971644,1784799971644,202,0.000,cold
2445,exp-cold-5000-002437-f036fb0e,1784799971644,1784799971644,202,0.000,cold
2446,exp-cold-5000-002440-b495afa7,1784799971644,1784799971644,202,0.000,cold
2447,exp-cold-5000-002451-2ac8b335,1784799971644,1784799971645,202,1.000,cold
2448,exp-cold-5000-002454-f8387aa5,1784799971644,1784799971645,202,1.000,cold
2449,exp-cold-5000-002455-7d4c817f,1784799971644,1784799971645,202,1.000,cold
2450,exp-cold-5000-002445-7488d746,1784799971644,1784799971645,202,1.000,cold
2451,exp-cold-5000-002468-62f2b2a1,1784799971644,1784799971646,202,2.000,cold
2452,exp-cold-5000-002448-c1247dad,1784799971645,1784799971645,202,0.000,cold
2453,exp-cold-5000-002450-60aa58b5,1784799971645,1784799971645,202,0.000,cold
2454,exp-cold-5000-002449-ce2d5530,1784799971645,1784799971645,202,0.000,cold
2455,exp-cold-5000-002444-4faaf996,1784799971645,1784799971645,202,0.000,cold
2456,exp-cold-5000-002452-4254178d,1784799971645,1784799971645,202,0.000,cold
2457,exp-cold-5000-002453-e2fa921f,1784799971645,1784799971645,202,0.000,cold
2458,exp-cold-5000-002465-771d01c4,1784799971645,1784799971646,202,1.000,cold
2459,exp-cold-5000-002466-93091274,1784799971645,1784799971646,202,1.000,cold
2460,exp-cold-5000-002469-bf33eca7,1784799971645,1784799971646,202,1.000,cold
2461,exp-cold-5000-002470-394ee54c,1784799971645,1784799971646,202,1.000,cold
2462,exp-cold-5000-002472-06910bb2,1784799971645,1784799971646,202,1.000,cold
2463,exp-cold-5000-002471-af57ad08,1784799971645,1784799971646,202,1.000,cold
2464,exp-cold-5000-002457-09dbc0b8,1784799971646,1784799971646,202,0.000,cold
2465,exp-cold-5000-002458-b3f08d0d,1784799971646,1784799971646,202,0.000,cold
2466,exp-cold-5000-002459-9e3802b2,1784799971646,1784799971646,202,0.000,cold
2467,exp-cold-5000-002456-88afbeb9,1784799971646,1784799971646,202,0.000,cold
2468,exp-cold-5000-002460-70b872a2,1784799971646,1784799971646,202,0.000,cold
2469,exp-cold-5000-002463-2151d45d,1784799971646,1784799971646,202,0.000,cold
2470,exp-cold-5000-002462-80dc063a,1784799971646,1784799971646,202,0.000,cold
2471,exp-cold-5000-002461-e3483c7d,1784799971646,1784799971646,202,0.000,cold
2472,exp-cold-5000-002464-f5c22055,1784799971646,1784799971646,202,0.000,cold
2473,exp-cold-5000-002480-bda29fd7,1784799971646,1784799971647,202,1.000,cold
2474,exp-cold-5000-002479-45137c43,1784799971646,1784799971647,202,1.000,cold
2475,exp-cold-5000-002481-fbaa87db,1784799971646,1784799971647,202,1.000,cold
2476,exp-cold-5000-002482-764bb706,1784799971646,1784799971647,202,1.000,cold
2477,exp-cold-5000-002478-898cb835,1784799971646,1784799971647,202,1.000,cold
2478,exp-cold-5000-002494-7164b195,1784799971646,1784799971648,202,2.000,cold
2479,exp-cold-5000-002473-886dde89,1784799971647,1784799971647,202,0.000,cold
2480,exp-cold-5000-002474-41bd816b,1784799971647,1784799971647,202,0.000,cold
2481,exp-cold-5000-002476-f053cb0c,1784799971647,1784799971647,202,0.000,cold
2482,exp-cold-5000-002477-714c290d,1784799971647,1784799971647,202,0.000,cold
2483,exp-cold-5000-002475-ee060ce0,1784799971647,1784799971647,202,0.000,cold
2484,exp-cold-5000-002492-6d543bcc,1784799971647,1784799971648,202,1.000,cold
2485,exp-cold-5000-002491-3dd8fa2a,1784799971647,1784799971648,202,1.000,cold
2486,exp-cold-5000-002493-f3ccc3d0,1784799971647,1784799971648,202,1.000,cold
2487,exp-cold-5000-002485-52fe6ce2,1784799971647,1784799971648,202,1.000,cold
2488,exp-cold-5000-002495-93475c66,1784799971647,1784799971648,202,1.000,cold
2489,exp-cold-5000-002490-9f65a73b,1784799971647,1784799971648,202,1.000,cold
2490,exp-cold-5000-002483-d4163655,1784799971648,1784799971648,202,0.000,cold
2491,exp-cold-5000-002484-fa5df815,1784799971648,1784799971648,202,0.000,cold
2492,exp-cold-5000-002486-28023c19,1784799971648,1784799971648,202,0.000,cold
2493,exp-cold-5000-002487-5602aaee,1784799971648,1784799971648,202,0.000,cold
2494,exp-cold-5000-002488-3de115e2,1784799971648,1784799971648,202,0.000,cold
2495,exp-cold-5000-002489-c2e844f7,1784799971648,1784799971648,202,0.000,cold
2496,exp-cold-5000-002504-93b05dc8,1784799971648,1784799971649,202,1.000,cold
2497,exp-cold-5000-002506-3a5c9bf5,1784799971648,1784799971649,202,1.000,cold
2498,exp-cold-5000-002503-af529e84,1784799971648,1784799971649,202,1.000,cold
2499,exp-cold-5000-002505-f1e06da9,1784799971648,1784799971649,202,1.000,cold
2500,exp-cold-5000-002538-706b01db,1784799971648,1784799971651,202,3.000,cold
2501,exp-cold-5000-002497-a905f12f,1784799971649,1784799971649,202,0.000,cold
2502,exp-cold-5000-002499-252bc73c,1784799971649,1784799971649,202,0.000,cold
2503,exp-cold-5000-002496-01e3e03a,1784799971649,1784799971649,202,0.000,cold
2504,exp-cold-5000-002501-4cdcbce7,1784799971649,1784799971649,202,0.000,cold
2505,exp-cold-5000-002498-c0a7a5fd,1784799971649,1784799971649,202,0.000,cold
2506,exp-cold-5000-002500-b66af050,1784799971649,1784799971649,202,0.000,cold
2507,exp-cold-5000-002502-77d131a2,1784799971649,1784799971649,202,0.000,cold
2508,exp-cold-5000-002516-3a47a3f6,1784799971649,1784799971650,202,1.000,cold
2509,exp-cold-5000-002515-885d84e4,1784799971649,1784799971650,202,1.000,cold
2510,exp-cold-5000-002518-35bd6225,1784799971649,1784799971650,202,1.000,cold
2511,exp-cold-5000-002514-c187b18b,1784799971649,1784799971650,202,1.000,cold
2512,exp-cold-5000-002519-755fcece,1784799971649,1784799971650,202,1.000,cold
2513,exp-cold-5000-002521-3f10d18e,1784799971649,1784799971650,202,1.000,cold
2514,exp-cold-5000-002517-37334490,1784799971649,1784799971650,202,1.000,cold
2515,exp-cold-5000-002522-ecbd176f,1784799971649,1784799971650,202,1.000,cold
2516,exp-cold-5000-002520-7fded032,1784799971649,1784799971650,202,1.000,cold
2517,exp-cold-5000-002507-5475c5b1,1784799971650,1784799971650,202,0.000,cold
2518,exp-cold-5000-002509-15c1ce0d,1784799971650,1784799971650,202,0.000,cold
2519,exp-cold-5000-002510-b662b1d0,1784799971650,1784799971650,202,0.000,cold
2520,exp-cold-5000-002508-8c0e3526,1784799971650,1784799971650,202,0.000,cold
2521,exp-cold-5000-002513-0d9c9929,1784799971650,1784799971650,202,0.000,cold
2522,exp-cold-5000-002511-adf06086,1784799971650,1784799971650,202,0.000,cold
2523,exp-cold-5000-002512-90de1d62,1784799971650,1784799971650,202,0.000,cold
2524,exp-cold-5000-002537-42ab53b1,1784799971650,1784799971651,202,1.000,cold
2525,exp-cold-5000-002535-f974f312,1784799971650,1784799971651,202,1.000,cold
2526,exp-cold-5000-002523-ad35db2c,1784799971651,1784799971651,202,0.000,cold
2527,exp-cold-5000-002526-5a3e2f22,1784799971651,1784799971651,202,0.000,cold
2528,exp-cold-5000-002525-000c89e3,1784799971651,1784799971651,202,0.000,cold
2529,exp-cold-5000-002527-274bd9e9,1784799971651,1784799971651,202,0.000,cold
2530,exp-cold-5000-002529-20e3655b,1784799971651,1784799971651,202,0.000,cold
2531,exp-cold-5000-002530-db953a38,1784799971651,1784799971651,202,0.000,cold
2532,exp-cold-5000-002531-d399502b,1784799971651,1784799971651,202,0.000,cold
2533,exp-cold-5000-002533-5392bfef,1784799971651,1784799971651,202,0.000,cold
2534,exp-cold-5000-002528-0719b7d7,1784799971651,1784799971651,202,0.000,cold
2535,exp-cold-5000-002534-2e60b256,1784799971651,1784799971651,202,0.000,cold
2536,exp-cold-5000-002524-311bd251,1784799971651,1784799971651,202,0.000,cold
2537,exp-cold-5000-002536-406f1703,1784799971651,1784799971652,202,1.000,cold
2538,exp-cold-5000-002547-bed38b5e,1784799971651,1784799971652,202,1.000,cold
2539,exp-cold-5000-002543-6bb155c8,1784799971651,1784799971652,202,1.000,cold
2540,exp-cold-5000-002532-d6e2482e,1784799971651,1784799971652,202,1.000,cold
2541,exp-cold-5000-002548-e71b6a97,1784799971651,1784799971652,202,1.000,cold
2542,exp-cold-5000-002539-1e5a4352,1784799971652,1784799971652,202,0.000,cold
2543,exp-cold-5000-002540-1233be02,1784799971652,1784799971652,202,0.000,cold
2544,exp-cold-5000-002542-40ced8b0,1784799971652,1784799971652,202,0.000,cold
2545,exp-cold-5000-002541-c195a253,1784799971652,1784799971652,202,0.000,cold
2546,exp-cold-5000-002544-b179970e,1784799971652,1784799971652,202,0.000,cold
2547,exp-cold-5000-002545-66388c87,1784799971652,1784799971652,202,0.000,cold
2548,exp-cold-5000-002546-d0e33331,1784799971652,1784799971652,202,0.000,cold
2549,exp-cold-5000-002555-f3fd19ab,1784799971652,1784799971653,202,1.000,cold
2550,exp-cold-5000-002556-69212adb,1784799971652,1784799971653,202,1.000,cold
2551,exp-cold-5000-002558-0b737f7d,1784799971652,1784799971653,202,1.000,cold
2552,exp-cold-5000-002557-3227c896,1784799971652,1784799971653,202,1.000,cold
2553,exp-cold-5000-002553-708b6086,1784799971652,1784799971653,202,1.000,cold
2554,exp-cold-5000-002561-8b6eb763,1784799971652,1784799971653,202,1.000,cold
2555,exp-cold-5000-002562-e1f760de,1784799971652,1784799971653,202,1.000,cold
2556,exp-cold-5000-002550-5e1d689b,1784799971653,1784799971653,202,0.000,cold
2557,exp-cold-5000-002551-a587ec03,1784799971653,1784799971653,202,0.000,cold
2558,exp-cold-5000-002554-d3bf85b9,1784799971653,1784799971653,202,0.000,cold
2559,exp-cold-5000-002552-b96c9742,1784799971653,1784799971653,202,0.000,cold
2560,exp-cold-5000-002549-4ac765e2,1784799971653,1784799971653,202,0.000,cold
2561,exp-cold-5000-002569-c4600d52,1784799971653,1784799971654,202,1.000,cold
2562,exp-cold-5000-002570-14400792,1784799971653,1784799971654,202,1.000,cold
2563,exp-cold-5000-002571-dd8c890c,1784799971653,1784799971654,202,1.000,cold
2564,exp-cold-5000-002568-51fcc7ee,1784799971653,1784799971654,202,1.000,cold
2565,exp-cold-5000-002572-002cce48,1784799971653,1784799971654,202,1.000,cold
2566,exp-cold-5000-002566-5c623aaf,1784799971653,1784799971654,202,1.000,cold
2567,exp-cold-5000-002567-46bf6ca3,1784799971653,1784799971654,202,1.000,cold
2568,exp-cold-5000-002559-52652f9c,1784799971654,1784799971654,202,0.000,cold
2569,exp-cold-5000-002564-9faa446a,1784799971654,1784799971654,202,0.000,cold
2570,exp-cold-5000-002563-3bc6e687,1784799971654,1784799971654,202,0.000,cold
2571,exp-cold-5000-002560-165d6514,1784799971654,1784799971654,202,0.000,cold
2572,exp-cold-5000-002565-962d8c74,1784799971654,1784799971654,202,0.000,cold
2573,exp-cold-5000-002578-7473a867,1784799971654,1784799971655,202,1.000,cold
2574,exp-cold-5000-002579-4cd5cd9a,1784799971654,1784799971655,202,1.000,cold
2575,exp-cold-5000-002583-3df453b8,1784799971654,1784799971655,202,1.000,cold
2576,exp-cold-5000-002573-84bf52eb,1784799971654,1784799971655,202,1.000,cold
2577,exp-cold-5000-002577-d0a85669,1784799971654,1784799971655,202,1.000,cold
2578,exp-cold-5000-002585-62534ea2,1784799971654,1784799971655,202,1.000,cold
2579,exp-cold-5000-002582-7e686b75,1784799971654,1784799971655,202,1.000,cold
2580,exp-cold-5000-002584-5045fb7f,1784799971654,1784799971655,202,1.000,cold
2581,exp-cold-5000-002574-8827f05d,1784799971655,1784799971655,202,0.000,cold
2582,exp-cold-5000-002575-0b773ea4,1784799971655,1784799971655,202,0.000,cold
2583,exp-cold-5000-002576-5a3e2aa7,1784799971655,1784799971655,202,0.000,cold
2584,exp-cold-5000-002580-3d72b386,1784799971655,1784799971655,202,0.000,cold
2585,exp-cold-5000-002581-f2db5035,1784799971655,1784799971655,202,0.000,cold
2586,exp-cold-5000-002586-b17d33fb,1784799971655,1784799971656,202,1.000,cold
2587,exp-cold-5000-002595-e04ee38f,1784799971655,1784799971656,202,1.000,cold
2588,exp-cold-5000-002594-6e710abd,1784799971655,1784799971656,202,1.000,cold
2589,exp-cold-5000-002598-2940e8cb,1784799971655,1784799971656,202,1.000,cold
2590,exp-cold-5000-002590-755b1844,1784799971655,1784799971656,202,1.000,cold
2591,exp-cold-5000-002588-66e17231,1784799971656,1784799971656,202,0.000,cold
2592,exp-cold-5000-002589-170553b8,1784799971656,1784799971656,202,0.000,cold
2593,exp-cold-5000-002592-0fd0e3da,1784799971656,1784799971656,202,0.000,cold
2594,exp-cold-5000-002593-e368e5af,1784799971656,1784799971656,202,0.000,cold
2595,exp-cold-5000-002591-3079b771,1784799971656,1784799971656,202,0.000,cold
2596,exp-cold-5000-002587-2e32524c,1784799971656,1784799971656,202,0.000,cold
2597,exp-cold-5000-002608-7feaafdf,1784799971656,1784799971657,202,1.000,cold
2598,exp-cold-5000-002610-f41cdb24,1784799971656,1784799971657,202,1.000,cold
2599,exp-cold-5000-002611-e9c2d444,1784799971656,1784799971657,202,1.000,cold
2600,exp-cold-5000-002597-626d306e,1784799971656,1784799971657,202,1.000,cold
2601,exp-cold-5000-002612-7c1aa1b0,1784799971656,1784799971657,202,1.000,cold
2602,exp-cold-5000-002613-694efea5,1784799971656,1784799971657,202,1.000,cold
2603,exp-cold-5000-002614-911123a4,1784799971656,1784799971657,202,1.000,cold
2604,exp-cold-5000-002606-380b2c24,1784799971656,1784799971657,202,1.000,cold
2605,exp-cold-5000-002609-6341aa1a,1784799971656,1784799971657,202,1.000,cold
2606,exp-cold-5000-002616-a012a48b,1784799971656,1784799971658,202,2.000,cold
2607,exp-cold-5000-002636-e649339d,1784799971656,1784799971660,202,4.000,cold
2608,exp-cold-5000-002596-ca43b039,1784799971657,1784799971657,202,0.000,cold
2609,exp-cold-5000-002599-fcc6296b,1784799971657,1784799971657,202,0.000,cold
2610,exp-cold-5000-002600-ce8ab78d,1784799971657,1784799971657,202,0.000,cold
2611,exp-cold-5000-002603-f3a50bb0,1784799971657,1784799971657,202,0.000,cold
2612,exp-cold-5000-002602-da62264d,1784799971657,1784799971657,202,0.000,cold
2613,exp-cold-5000-002601-77351ef9,1784799971657,1784799971657,202,0.000,cold
2614,exp-cold-5000-002604-36f385dc,1784799971657,1784799971657,202,0.000,cold
2615,exp-cold-5000-002605-f567b840,1784799971657,1784799971657,202,0.000,cold
2616,exp-cold-5000-002607-5761e350,1784799971657,1784799971657,202,0.000,cold
2617,exp-cold-5000-002619-aeeec030,1784799971657,1784799971658,202,1.000,cold
2618,exp-cold-5000-002618-801f38e5,1784799971657,1784799971658,202,1.000,cold
2619,exp-cold-5000-002642-abf0878c,1784799971657,1784799971661,202,4.000,cold
2620,exp-cold-5000-002615-e7bf2e70,1784799971658,1784799971658,202,0.000,cold
2621,exp-cold-5000-002620-c3c0e8ea,1784799971658,1784799971658,202,0.000,cold
2622,exp-cold-5000-002621-93a8de10,1784799971658,1784799971658,202,0.000,cold
2623,exp-cold-5000-002617-d4458dad,1784799971658,1784799971658,202,0.000,cold
2624,exp-cold-5000-002629-bac69226,1784799971658,1784799971659,202,1.000,cold
2625,exp-cold-5000-002631-a92e5259,1784799971658,1784799971659,202,1.000,cold
2626,exp-cold-5000-002624-d1d43840,1784799971658,1784799971659,202,1.000,cold
2627,exp-cold-5000-002627-52f4a430,1784799971658,1784799971659,202,1.000,cold
2628,exp-cold-5000-002625-bb19cf8e,1784799971658,1784799971659,202,1.000,cold
2629,exp-cold-5000-002630-5d40e1c8,1784799971658,1784799971659,202,1.000,cold
2630,exp-cold-5000-002632-1050c37f,1784799971658,1784799971659,202,1.000,cold
2631,exp-cold-5000-002623-e0b3ec19,1784799971659,1784799971659,202,0.000,cold
2632,exp-cold-5000-002622-8f81a73e,1784799971659,1784799971659,202,0.000,cold
2633,exp-cold-5000-002626-0546ca6f,1784799971659,1784799971659,202,0.000,cold
2634,exp-cold-5000-002628-18ecf4ba,1784799971659,1784799971659,202,0.000,cold
2635,exp-cold-5000-002640-845f8f63,1784799971659,1784799971660,202,1.000,cold
2636,exp-cold-5000-002634-4b41b507,1784799971659,1784799971660,202,1.000,cold
2637,exp-cold-5000-002641-e21d9d5e,1784799971659,1784799971660,202,1.000,cold
2638,exp-cold-5000-002633-840b8a66,1784799971660,1784799971660,202,0.000,cold
2639,exp-cold-5000-002635-c2c4d7ff,1784799971660,1784799971660,202,0.000,cold
2640,exp-cold-5000-002637-d090fe1c,1784799971660,1784799971660,202,0.000,cold
2641,exp-cold-5000-002638-d70c7fe9,1784799971660,1784799971660,202,0.000,cold
2642,exp-cold-5000-002639-4101ea9c,1784799971660,1784799971660,202,0.000,cold
2643,exp-cold-5000-002646-228d3e24,1784799971660,1784799971661,202,1.000,cold
2644,exp-cold-5000-002649-5eb05c1d,1784799971660,1784799971661,202,1.000,cold
2645,exp-cold-5000-002648-46225b2e,1784799971660,1784799971661,202,1.000,cold
2646,exp-cold-5000-002675-30993787,1784799971660,1784799971663,202,3.000,cold
2647,exp-cold-5000-002643-8bc9c5f9,1784799971661,1784799971661,202,0.000,cold
2648,exp-cold-5000-002644-f1696ff6,1784799971661,1784799971661,202,0.000,cold
2649,exp-cold-5000-002645-77bb3069,1784799971661,1784799971661,202,0.000,cold
2650,exp-cold-5000-002647-bb7e8f47,1784799971661,1784799971661,202,0.000,cold
2651,exp-cold-5000-002659-6afa2c3c,1784799971661,1784799971662,202,1.000,cold
2652,exp-cold-5000-002653-800c5307,1784799971661,1784799971662,202,1.000,cold
2653,exp-cold-5000-002652-c567ccf4,1784799971661,1784799971662,202,1.000,cold
2654,exp-cold-5000-002657-f964f99e,1784799971661,1784799971662,202,1.000,cold
2655,exp-cold-5000-002662-3c6b83fc,1784799971661,1784799971662,202,1.000,cold
2656,exp-cold-5000-002658-8efc1448,1784799971661,1784799971662,202,1.000,cold
2657,exp-cold-5000-002663-a78e8454,1784799971661,1784799971662,202,1.000,cold
2658,exp-cold-5000-002677-93203ccc,1784799971661,1784799971663,202,2.000,cold
2659,exp-cold-5000-002650-fd362c0e,1784799971662,1784799971662,202,0.000,cold
2660,exp-cold-5000-002654-a67e35de,1784799971662,1784799971662,202,0.000,cold
2661,exp-cold-5000-002655-cc958167,1784799971662,1784799971662,202,0.000,cold
2662,exp-cold-5000-002656-1688234a,1784799971662,1784799971662,202,0.000,cold
2663,exp-cold-5000-002651-7a3542fc,1784799971662,1784799971662,202,0.000,cold
2664,exp-cold-5000-002672-23f82368,1784799971662,1784799971663,202,1.000,cold
2665,exp-cold-5000-002660-db4389cb,1784799971662,1784799971663,202,1.000,cold
2666,exp-cold-5000-002673-b6a1d38e,1784799971662,1784799971663,202,1.000,cold
2667,exp-cold-5000-002676-f2294620,1784799971662,1784799971663,202,1.000,cold
2668,exp-cold-5000-002674-3e33759a,1784799971662,1784799971664,202,2.000,cold
2669,exp-cold-5000-002664-593dce23,1784799971663,1784799971663,202,0.000,cold
2670,exp-cold-5000-002667-0e5dde30,1784799971663,1784799971663,202,0.000,cold
2671,exp-cold-5000-002666-03443421,1784799971663,1784799971663,202,0.000,cold
2672,exp-cold-5000-002668-85f94bef,1784799971663,1784799971663,202,0.000,cold
2673,exp-cold-5000-002665-e9c83e7c,1784799971663,1784799971663,202,0.000,cold
2674,exp-cold-5000-002669-ab7c1ea6,1784799971663,1784799971663,202,0.000,cold
2675,exp-cold-5000-002661-d9960b44,1784799971663,1784799971663,202,0.000,cold
2676,exp-cold-5000-002670-a10be863,1784799971663,1784799971663,202,0.000,cold
2677,exp-cold-5000-002678-43055a1b,1784799971663,1784799971664,202,1.000,cold
2678,exp-cold-5000-002671-c2497508,1784799971663,1784799971664,202,1.000,cold
2679,exp-cold-5000-002687-4143a0f3,1784799971664,1784799971665,202,1.000,cold
2680,exp-cold-5000-002686-ecb174d2,1784799971664,1784799971665,202,1.000,cold
2681,exp-cold-5000-002685-9c3d9640,1784799971664,1784799971665,202,1.000,cold
2682,exp-cold-5000-002683-1a4ef01b,1784799971664,1784799971665,202,1.000,cold
2683,exp-cold-5000-002694-2277a7c5,1784799971664,1784799971666,202,2.000,cold
2684,exp-cold-5000-002679-beccdc6f,1784799971664,1784799971666,202,2.000,cold
2685,exp-cold-5000-002681-2b60b87f,1784799971665,1784799971665,202,0.000,cold
2686,exp-cold-5000-002682-5ae15a4a,1784799971665,1784799971665,202,0.000,cold
2687,exp-cold-5000-002680-73ca0966,1784799971665,1784799971665,202,0.000,cold
2688,exp-cold-5000-002690-2eeae6a8,1784799971665,1784799971666,202,1.000,cold
2689,exp-cold-5000-002697-2f93aa6a,1784799971665,1784799971666,202,1.000,cold
2690,exp-cold-5000-002703-220bd6b9,1784799971665,1784799971667,202,2.000,cold
2691,exp-cold-5000-002688-c53e5b84,1784799971666,1784799971666,202,0.000,cold
2692,exp-cold-5000-002689-e46b2a7f,1784799971666,1784799971666,202,0.000,cold
2693,exp-cold-5000-002692-def4fb13,1784799971666,1784799971666,202,0.000,cold
2694,exp-cold-5000-002691-ef1d44b6,1784799971666,1784799971666,202,0.000,cold
2695,exp-cold-5000-002684-e7b651c0,1784799971666,1784799971666,202,0.000,cold
2696,exp-cold-5000-002695-52158eed,1784799971666,1784799971666,202,0.000,cold
2697,exp-cold-5000-002698-465a46ff,1784799971666,1784799971667,202,1.000,cold
2698,exp-cold-5000-002708-aabc71ba,1784799971666,1784799971668,202,2.000,cold
2699,exp-cold-5000-002705-e8373e83,1784799971666,1784799971668,202,2.000,cold
2700,exp-cold-5000-002699-4a4031b2,1784799971667,1784799971667,202,0.000,cold
2701,exp-cold-5000-002701-1e2c696e,1784799971667,1784799971667,202,0.000,cold
2702,exp-cold-5000-002693-5839110f,1784799971667,1784799971667,202,0.000,cold
2703,exp-cold-5000-002700-e2643aa0,1784799971667,1784799971667,202,0.000,cold
2704,exp-cold-5000-002702-e92ef90d,1784799971667,1784799971667,202,0.000,cold
2705,exp-cold-5000-002696-bf41287c,1784799971667,1784799971667,202,0.000,cold
2706,exp-cold-5000-002709-93d6166f,1784799971667,1784799971668,202,1.000,cold
2707,exp-cold-5000-002710-ad8ccecf,1784799971667,1784799971668,202,1.000,cold
2708,exp-cold-5000-002711-e9066db4,1784799971667,1784799971668,202,1.000,cold
2709,exp-cold-5000-002707-9befc7c8,1784799971668,1784799971668,202,0.000,cold
2710,exp-cold-5000-002706-168cd881,1784799971668,1784799971668,202,0.000,cold
2711,exp-cold-5000-002704-cdeead54,1784799971668,1784799971668,202,0.000,cold
2712,exp-cold-5000-002723-4fa1909e,1784799971668,1784799971669,202,1.000,cold
2713,exp-cold-5000-002721-de34fbc3,1784799971668,1784799971669,202,1.000,cold
2714,exp-cold-5000-002722-90968df6,1784799971668,1784799971669,202,1.000,cold
2715,exp-cold-5000-002716-f7da8744,1784799971668,1784799971669,202,1.000,cold
2716,exp-cold-5000-002720-58bcd469,1784799971668,1784799971669,202,1.000,cold
2717,exp-cold-5000-002759-f76df307,1784799971668,1784799971673,202,5.000,cold
2718,exp-cold-5000-002715-c6b01021,1784799971669,1784799971669,202,0.000,cold
2719,exp-cold-5000-002713-379411ba,1784799971669,1784799971669,202,0.000,cold
2720,exp-cold-5000-002718-4f16074e,1784799971669,1784799971669,202,0.000,cold
2721,exp-cold-5000-002714-7ce9e4b7,1784799971669,1784799971669,202,0.000,cold
2722,exp-cold-5000-002717-c00cd280,1784799971669,1784799971669,202,0.000,cold
2723,exp-cold-5000-002719-a4f9abe0,1784799971669,1784799971669,202,0.000,cold
2724,exp-cold-5000-002712-d441a601,1784799971669,1784799971669,202,0.000,cold
2725,exp-cold-5000-002731-17c4b5ec,1784799971669,1784799971670,202,1.000,cold
2726,exp-cold-5000-002730-6411c596,1784799971669,1784799971670,202,1.000,cold
2727,exp-cold-5000-002732-9f48d3ef,1784799971669,1784799971670,202,1.000,cold
2728,exp-cold-5000-002734-ff477181,1784799971669,1784799971670,202,1.000,cold
2729,exp-cold-5000-002733-3c34075c,1784799971669,1784799971670,202,1.000,cold
2730,exp-cold-5000-002729-3c3d942e,1784799971669,1784799971670,202,1.000,cold
2731,exp-cold-5000-002768-ceca399d,1784799971669,1784799971674,202,5.000,cold
2732,exp-cold-5000-002779-1a41d1cd,1784799971669,1784799971675,202,6.000,cold
2733,exp-cold-5000-002791-d018af8f,1784799971669,1784799971676,202,7.000,cold
2734,exp-cold-5000-002725-9c48dd68,1784799971670,1784799971670,202,0.000,cold
2735,exp-cold-5000-002726-33ea8e1f,1784799971670,1784799971670,202,0.000,cold
2736,exp-cold-5000-002727-caa74db0,1784799971670,1784799971670,202,0.000,cold
2737,exp-cold-5000-002728-ea69a0c0,1784799971670,1784799971670,202,0.000,cold
2738,exp-cold-5000-002724-c4fa6f00,1784799971670,1784799971670,202,0.000,cold
2739,exp-cold-5000-002738-918cedad,1784799971670,1784799971671,202,1.000,cold
2740,exp-cold-5000-002742-d6b763c5,1784799971670,1784799971671,202,1.000,cold
2741,exp-cold-5000-002743-bc430cbd,1784799971670,1784799971671,202,1.000,cold
2742,exp-cold-5000-002744-da08e436,1784799971670,1784799971671,202,1.000,cold
2743,exp-cold-5000-002747-572aa71b,1784799971670,1784799971671,202,1.000,cold
2744,exp-cold-5000-002735-62dfab51,1784799971670,1784799971671,202,1.000,cold
2745,exp-cold-5000-002748-a2eaa683,1784799971670,1784799971671,202,1.000,cold
2746,exp-cold-5000-002740-d8e03a3c,1784799971670,1784799971671,202,1.000,cold
2747,exp-cold-5000-002745-5b43ecfc,1784799971670,1784799971671,202,1.000,cold
2748,exp-cold-5000-002751-2918082f,1784799971670,1784799971672,202,2.000,cold
2749,exp-cold-5000-002755-88f9406c,1784799971670,1784799971672,202,2.000,cold
2750,exp-cold-5000-002765-65b01a10,1784799971670,1784799971673,202,3.000,cold
2751,exp-cold-5000-002783-e0277b39,1784799971670,1784799971675,202,5.000,cold
2752,exp-cold-5000-002736-8cae6bcc,1784799971671,1784799971671,202,0.000,cold
2753,exp-cold-5000-002737-f894eb04,1784799971671,1784799971671,202,0.000,cold
2754,exp-cold-5000-002739-544025bb,1784799971671,1784799971671,202,0.000,cold
2755,exp-cold-5000-002741-71ac51ca,1784799971671,1784799971671,202,0.000,cold
2756,exp-cold-5000-002749-7d4be8dd,1784799971671,1784799971672,202,1.000,cold
2757,exp-cold-5000-002753-b1fc7597,1784799971671,1784799971672,202,1.000,cold
2758,exp-cold-5000-002750-4a10ba32,1784799971671,1784799971672,202,1.000,cold
2759,exp-cold-5000-002746-8db055cc,1784799971671,1784799971672,202,1.000,cold
2760,exp-cold-5000-002754-8a9568d6,1784799971671,1784799971672,202,1.000,cold
2761,exp-cold-5000-002756-15ca12bc,1784799971671,1784799971672,202,1.000,cold
2762,exp-cold-5000-002752-e4d8b903,1784799971671,1784799971672,202,1.000,cold
2763,exp-cold-5000-002757-9cfaf567,1784799971671,1784799971672,202,1.000,cold
2764,exp-cold-5000-002764-a108011d,1784799971671,1784799971673,202,2.000,cold
2765,exp-cold-5000-002762-b6087e66,1784799971671,1784799971673,202,2.000,cold
2766,exp-cold-5000-002778-45edaad4,1784799971671,1784799971674,202,3.000,cold
2767,exp-cold-5000-002771-dcbcbd76,1784799971671,1784799971674,202,3.000,cold
2768,exp-cold-5000-002760-19554bc3,1784799971672,1784799971673,202,1.000,cold
2769,exp-cold-5000-002763-f8a5be0c,1784799971672,1784799971673,202,1.000,cold
2770,exp-cold-5000-002761-fb592d9c,1784799971672,1784799971673,202,1.000,cold
2771,exp-cold-5000-002775-b5e17e4b,1784799971672,1784799971674,202,2.000,cold
2772,exp-cold-5000-002773-e9d4baa2,1784799971672,1784799971674,202,2.000,cold
2773,exp-cold-5000-002767-27e6c611,1784799971672,1784799971674,202,2.000,cold
2774,exp-cold-5000-002758-3bcc331f,1784799971673,1784799971673,202,0.000,cold
2775,exp-cold-5000-002766-80ee0ce5,1784799971673,1784799971674,202,1.000,cold
2776,exp-cold-5000-002774-065a585b,1784799971673,1784799971674,202,1.000,cold
2777,exp-cold-5000-002777-1925f055,1784799971673,1784799971674,202,1.000,cold
2778,exp-cold-5000-002794-592b5253,1784799971673,1784799971676,202,3.000,cold
2779,exp-cold-5000-002797-91e854ae,1784799971673,1784799971676,202,3.000,cold
2780,exp-cold-5000-002770-51a79605,1784799971674,1784799971674,202,0.000,cold
2781,exp-cold-5000-002772-c48eb896,1784799971674,1784799971674,202,0.000,cold
2782,exp-cold-5000-002769-7f43d82e,1784799971674,1784799971674,202,0.000,cold
2783,exp-cold-5000-002784-bc783b02,1784799971674,1784799971675,202,1.000,cold
2784,exp-cold-5000-002786-6b0ee4db,1784799971674,1784799971675,202,1.000,cold
2785,exp-cold-5000-002787-fde78a74,1784799971674,1784799971675,202,1.000,cold
2786,exp-cold-5000-002788-1922e69d,1784799971674,1784799971675,202,1.000,cold
2787,exp-cold-5000-002780-a3eb91ec,1784799971674,1784799971675,202,1.000,cold
2788,exp-cold-5000-002789-deca006c,1784799971674,1784799971676,202,2.000,cold
2789,exp-cold-5000-002781-16709f28,1784799971675,1784799971675,202,0.000,cold
2790,exp-cold-5000-002782-e2053579,1784799971675,1784799971675,202,0.000,cold
2791,exp-cold-5000-002785-3f485dc1,1784799971675,1784799971675,202,0.000,cold
2792,exp-cold-5000-002793-c68b3dc9,1784799971675,1784799971676,202,1.000,cold
2793,exp-cold-5000-002796-13b0a348,1784799971675,1784799971676,202,1.000,cold
2794,exp-cold-5000-002798-1af3aad0,1784799971675,1784799971676,202,1.000,cold
2795,exp-cold-5000-002795-5dc2c02b,1784799971675,1784799971676,202,1.000,cold
2796,exp-cold-5000-002801-a4dc95d8,1784799971675,1784799971677,202,2.000,cold
2797,exp-cold-5000-002831-4e40e650,1784799971675,1784799971679,202,4.000,cold
2798,exp-cold-5000-002776-865a3e8c,1784799971676,1784799971676,202,0.000,cold
2799,exp-cold-5000-002792-973dfb54,1784799971676,1784799971676,202,0.000,cold
2800,exp-cold-5000-002790-7da8a1a0,1784799971676,1784799971676,202,0.000,cold
2801,exp-cold-5000-002808-6d1aa6a3,1784799971676,1784799971677,202,1.000,cold
2802,exp-cold-5000-002809-c81be527,1784799971676,1784799971677,202,1.000,cold
2803,exp-cold-5000-002811-43970245,1784799971676,1784799971677,202,1.000,cold
2804,exp-cold-5000-002810-592ac2bc,1784799971676,1784799971677,202,1.000,cold
2805,exp-cold-5000-002826-5d38040b,1784799971676,1784799971678,202,2.000,cold
2806,exp-cold-5000-002817-1dcc357b,1784799971676,1784799971678,202,2.000,cold
2807,exp-cold-5000-002813-092e9624,1784799971676,1784799971679,202,3.000,cold
2808,exp-cold-5000-002836-7e6e7625,1784799971676,1784799971679,202,3.000,cold
2809,exp-cold-5000-002799-7f3b315a,1784799971677,1784799971677,202,0.000,cold
2810,exp-cold-5000-002800-f279238a,1784799971677,1784799971677,202,0.000,cold
2811,exp-cold-5000-002802-7f6b8bf3,1784799971677,1784799971677,202,0.000,cold
2812,exp-cold-5000-002804-c607f754,1784799971677,1784799971677,202,0.000,cold
2813,exp-cold-5000-002805-17a9bdec,1784799971677,1784799971677,202,0.000,cold
2814,exp-cold-5000-002807-327657fc,1784799971677,1784799971677,202,0.000,cold
2815,exp-cold-5000-002824-d3cb3dc4,1784799971677,1784799971678,202,1.000,cold
2816,exp-cold-5000-002823-cc3a6438,1784799971677,1784799971678,202,1.000,cold
2817,exp-cold-5000-002822-ab4f6ada,1784799971677,1784799971678,202,1.000,cold
2818,exp-cold-5000-002825-b875dc7f,1784799971677,1784799971678,202,1.000,cold
2819,exp-cold-5000-002829-a5f03a1b,1784799971677,1784799971678,202,1.000,cold
2820,exp-cold-5000-002828-393ea655,1784799971677,1784799971678,202,1.000,cold
2821,exp-cold-5000-002827-0f1df300,1784799971677,1784799971678,202,1.000,cold
2822,exp-cold-5000-002806-7d44e50d,1784799971677,1784799971679,202,2.000,cold
2823,exp-cold-5000-002832-1cd79077,1784799971677,1784799971679,202,2.000,cold
2824,exp-cold-5000-002848-845236c6,1784799971677,1784799971680,202,3.000,cold
2825,exp-cold-5000-002812-e5807241,1784799971678,1784799971678,202,0.000,cold
2826,exp-cold-5000-002814-0f8679dd,1784799971678,1784799971678,202,0.000,cold
2827,exp-cold-5000-002816-d9780973,1784799971678,1784799971678,202,0.000,cold
2828,exp-cold-5000-002815-b6e863b7,1784799971678,1784799971678,202,0.000,cold
2829,exp-cold-5000-002818-9b95f325,1784799971678,1784799971678,202,0.000,cold
2830,exp-cold-5000-002819-da0db773,1784799971678,1784799971678,202,0.000,cold
2831,exp-cold-5000-002821-2833ac2e,1784799971678,1784799971678,202,0.000,cold
2832,exp-cold-5000-002820-08aa2326,1784799971678,1784799971678,202,0.000,cold
2833,exp-cold-5000-002835-a7707a8f,1784799971678,1784799971679,202,1.000,cold
2834,exp-cold-5000-002839-44790eaf,1784799971678,1784799971679,202,1.000,cold
2835,exp-cold-5000-002842-160c7027,1784799971678,1784799971679,202,1.000,cold
2836,exp-cold-5000-002843-459ca8ae,1784799971678,1784799971679,202,1.000,cold
2837,exp-cold-5000-002841-e6ac86cd,1784799971678,1784799971679,202,1.000,cold
2838,exp-cold-5000-002838-08d295dc,1784799971678,1784799971679,202,1.000,cold
2839,exp-cold-5000-002840-9fc362ae,1784799971678,1784799971679,202,1.000,cold
2840,exp-cold-5000-002847-0ca5f86f,1784799971678,1784799971680,202,2.000,cold
2841,exp-cold-5000-002874-cb410540,1784799971678,1784799971683,202,5.000,cold
2842,exp-cold-5000-002830-b651bb03,1784799971679,1784799971679,202,0.000,cold
2843,exp-cold-5000-002834-77d4245a,1784799971679,1784799971679,202,0.000,cold
2844,exp-cold-5000-002833-69a52969,1784799971679,1784799971679,202,0.000,cold
2845,exp-cold-5000-002837-d4c31b3d,1784799971679,1784799971679,202,0.000,cold
2846,exp-cold-5000-002845-d465db2e,1784799971679,1784799971680,202,1.000,cold
2847,exp-cold-5000-002849-70f986d8,1784799971679,1784799971680,202,1.000,cold
2848,exp-cold-5000-002846-6da12a50,1784799971679,1784799971680,202,1.000,cold
2849,exp-cold-5000-002850-11f1a022,1784799971679,1784799971680,202,1.000,cold
2850,exp-cold-5000-002803-392b1872,1784799971679,1784799971680,202,1.000,cold
2851,exp-cold-5000-002851-0b38c6e6,1784799971679,1784799971680,202,1.000,cold
2852,exp-cold-5000-002844-68abe6a0,1784799971680,1784799971680,202,0.000,cold
2853,exp-cold-5000-002858-5dd43d10,1784799971680,1784799971681,202,1.000,cold
2854,exp-cold-5000-002854-09e3798e,1784799971680,1784799971681,202,1.000,cold
2855,exp-cold-5000-002857-13ff9feb,1784799971680,1784799971681,202,1.000,cold
2856,exp-cold-5000-002866-04e0b875,1784799971680,1784799971682,202,2.000,cold
2857,exp-cold-5000-002859-f5469aba,1784799971680,1784799971682,202,2.000,cold
2858,exp-cold-5000-002861-d4cd9b84,1784799971680,1784799971682,202,2.000,cold
2859,exp-cold-5000-002862-47ce1932,1784799971680,1784799971682,202,2.000,cold
2860,exp-cold-5000-002876-38fb4f00,1784799971680,1784799971684,202,4.000,cold
2861,exp-cold-5000-002853-b37788f2,1784799971681,1784799971681,202,0.000,cold
2862,exp-cold-5000-002852-2b18b448,1784799971681,1784799971681,202,0.000,cold
2863,exp-cold-5000-002864-c57e7005,1784799971681,1784799971682,202,1.000,cold
2864,exp-cold-5000-002865-4f43013f,1784799971681,1784799971682,202,1.000,cold
2865,exp-cold-5000-002867-53ac61e8,1784799971681,1784799971682,202,1.000,cold
2866,exp-cold-5000-002860-10338f8e,1784799971682,1784799971682,202,0.000,cold
2867,exp-cold-5000-002863-157f5f42,1784799971682,1784799971682,202,0.000,cold
2868,exp-cold-5000-002856-cffb80ad,1784799971682,1784799971682,202,0.000,cold
2869,exp-cold-5000-002871-5ce36235,1784799971682,1784799971683,202,1.000,cold
2870,exp-cold-5000-002873-64da2a58,1784799971682,1784799971683,202,1.000,cold
2871,exp-cold-5000-002879-fa5af51a,1784799971682,1784799971685,202,3.000,cold
2872,exp-cold-5000-002869-704982f5,1784799971683,1784799971683,202,0.000,cold
2873,exp-cold-5000-002868-c4e20012,1784799971683,1784799971684,202,1.000,cold
2874,exp-cold-5000-002872-10fb5f56,1784799971683,1784799971683,202,0.000,cold
2875,exp-cold-5000-002855-f7e25b7a,1784799971683,1784799971683,202,0.000,cold
2876,exp-cold-5000-002880-35fbbfb5,1784799971683,1784799971685,202,2.000,cold
2877,exp-cold-5000-002883-ee211bb4,1784799971683,1784799971686,202,3.000,cold
2878,exp-cold-5000-002870-4327c3b9,1784799971683,1784799971683,202,0.000,cold
2879,exp-cold-5000-002875-209e37c5,1784799971684,1784799971684,202,0.000,cold
2880,exp-cold-5000-002877-b68890cb,1784799971684,1784799971685,202,1.000,cold
2881,exp-cold-5000-002881-6a74caa8,1784799971684,1784799971685,202,1.000,cold
2882,exp-cold-5000-002878-0d12af66,1784799971685,1784799971685,202,0.000,cold
2883,exp-cold-5000-002884-0b8e41f7,1784799971685,1784799971686,202,1.000,cold
2884,exp-cold-5000-002882-35d4b761,1784799971685,1784799971686,202,1.000,cold
2885,exp-cold-5000-002887-0ce2d85f,1784799971685,1784799971687,202,2.000,cold
2886,exp-cold-5000-002886-d568fb3f,1784799971686,1784799971687,202,1.000,cold
2887,exp-cold-5000-002889-3396ce34,1784799971686,1784799971688,202,2.000,cold
2888,exp-cold-5000-002885-f78181f5,1784799971687,1784799971687,202,0.000,cold
2889,exp-cold-5000-002888-6a343ff7,1784799971687,1784799971688,202,1.000,cold
2890,exp-cold-5000-002892-16287779,1784799971687,1784799971688,202,1.000,cold
2891,exp-cold-5000-002891-f2746a70,1784799971687,1784799971688,202,1.000,cold
2892,exp-cold-5000-002901-3a8f1516,1784799971687,1784799971689,202,2.000,cold
2893,exp-cold-5000-002890-beaf5183,1784799971688,1784799971688,202,0.000,cold
2894,exp-cold-5000-002898-32d7f829,1784799971688,1784799971689,202,1.000,cold
2895,exp-cold-5000-002899-c8d9e79d,1784799971688,1784799971689,202,1.000,cold
2896,exp-cold-5000-002900-1b8e9840,1784799971688,1784799971689,202,1.000,cold
2897,exp-cold-5000-002893-b2edd1ee,1784799971688,1784799971689,202,1.000,cold
2898,exp-cold-5000-002897-51f0cf50,1784799971688,1784799971689,202,1.000,cold
2899,exp-cold-5000-002907-1ed2747e,1784799971688,1784799971690,202,2.000,cold
2900,exp-cold-5000-002909-2a8c4faa,1784799971688,1784799971690,202,2.000,cold
2901,exp-cold-5000-002913-2bc64623,1784799971688,1784799971690,202,2.000,cold
2902,exp-cold-5000-002904-878fdff0,1784799971688,1784799971690,202,2.000,cold
2903,exp-cold-5000-002926-22399b8d,1784799971688,1784799971692,202,4.000,cold
2904,exp-cold-5000-002894-d03ae78d,1784799971689,1784799971689,202,0.000,cold
2905,exp-cold-5000-002895-8d958b20,1784799971689,1784799971689,202,0.000,cold
2906,exp-cold-5000-002896-776ffbca,1784799971689,1784799971689,202,0.000,cold
2907,exp-cold-5000-002903-abd956c6,1784799971689,1784799971690,202,1.000,cold
2908,exp-cold-5000-002912-2a1022bf,1784799971689,1784799971690,202,1.000,cold
2909,exp-cold-5000-002914-44b4380c,1784799971689,1784799971690,202,1.000,cold
2910,exp-cold-5000-002911-00c6bcb6,1784799971689,1784799971690,202,1.000,cold
2911,exp-cold-5000-002902-8c9a498d,1784799971690,1784799971690,202,0.000,cold
2912,exp-cold-5000-002906-c78f8107,1784799971690,1784799971690,202,0.000,cold
2913,exp-cold-5000-002905-3dcaea2c,1784799971690,1784799971690,202,0.000,cold
2914,exp-cold-5000-002908-18d471b1,1784799971690,1784799971690,202,0.000,cold
2915,exp-cold-5000-002918-9423216c,1784799971690,1784799971691,202,1.000,cold
2916,exp-cold-5000-002922-6cd09e7b,1784799971690,1784799971691,202,1.000,cold
2917,exp-cold-5000-002921-5163e4ca,1784799971690,1784799971691,202,1.000,cold
2918,exp-cold-5000-002920-4768af09,1784799971690,1784799971691,202,1.000,cold
2919,exp-cold-5000-002923-b23f9ebc,1784799971690,1784799971691,202,1.000,cold
2920,exp-cold-5000-002917-1ff28fce,1784799971690,1784799971691,202,1.000,cold
2921,exp-cold-5000-002916-5275ba29,1784799971691,1784799971691,202,0.000,cold
2922,exp-cold-5000-002915-e482b37e,1784799971691,1784799971691,202,0.000,cold
2923,exp-cold-5000-002919-5d1a01a0,1784799971691,1784799971691,202,0.000,cold
2924,exp-cold-5000-002910-14a0f54c,1784799971691,1784799971691,202,0.000,cold
2925,exp-cold-5000-002932-646a7c73,1784799971691,1784799971692,202,1.000,cold
2926,exp-cold-5000-002934-9e4087fd,1784799971691,1784799971692,202,1.000,cold
2927,exp-cold-5000-002931-37f5465c,1784799971691,1784799971692,202,1.000,cold
2928,exp-cold-5000-002929-47ed52af,1784799971691,1784799971692,202,1.000,cold
2929,exp-cold-5000-002936-0cc41fe0,1784799971691,1784799971692,202,1.000,cold
2930,exp-cold-5000-002933-b9ccb5c0,1784799971691,1784799971692,202,1.000,cold
2931,exp-cold-5000-002937-77bf4835,1784799971691,1784799971692,202,1.000,cold
2932,exp-cold-5000-002930-221f2a79,1784799971691,1784799971692,202,1.000,cold
2933,exp-cold-5000-002950-34c9596f,1784799971691,1784799971693,202,2.000,cold
2934,exp-cold-5000-002975-0df17fc7,1784799971691,1784799971695,202,4.000,cold
2935,exp-cold-5000-002924-79907938,1784799971692,1784799971692,202,0.000,cold
2936,exp-cold-5000-002925-2fec3565,1784799971692,1784799971692,202,0.000,cold
2937,exp-cold-5000-002927-95a4308d,1784799971692,1784799971692,202,0.000,cold
2938,exp-cold-5000-002928-9b2c024b,1784799971692,1784799971692,202,0.000,cold
2939,exp-cold-5000-002948-b50e3350,1784799971692,1784799971693,202,1.000,cold
2940,exp-cold-5000-002944-7ea63ec1,1784799971692,1784799971693,202,1.000,cold
2941,exp-cold-5000-002951-87a82520,1784799971692,1784799971693,202,1.000,cold
2942,exp-cold-5000-002954-f391c274,1784799971692,1784799971693,202,1.000,cold
2943,exp-cold-5000-002953-e9c817a2,1784799971692,1784799971693,202,1.000,cold
2944,exp-cold-5000-002949-7682f7a1,1784799971692,1784799971693,202,1.000,cold
2945,exp-cold-5000-002935-2fc336a5,1784799971693,1784799971693,202,0.000,cold
2946,exp-cold-5000-002940-f68c767a,1784799971693,1784799971693,202,0.000,cold
2947,exp-cold-5000-002943-f6d9f2a7,1784799971693,1784799971693,202,0.000,cold
2948,exp-cold-5000-002942-425073ae,1784799971693,1784799971693,202,0.000,cold
2949,exp-cold-5000-002945-c009709b,1784799971693,1784799971693,202,0.000,cold
2950,exp-cold-5000-002941-dc1a85f8,1784799971693,1784799971693,202,0.000,cold
2951,exp-cold-5000-002947-b774d610,1784799971693,1784799971693,202,0.000,cold
2952,exp-cold-5000-002938-fc0a64e7,1784799971693,1784799971693,202,0.000,cold
2953,exp-cold-5000-002939-ad15d949,1784799971693,1784799971693,202,0.000,cold
2954,exp-cold-5000-002946-a4d3311d,1784799971693,1784799971693,202,0.000,cold
2955,exp-cold-5000-002960-32aea6f6,1784799971693,1784799971694,202,1.000,cold
2956,exp-cold-5000-002955-5d9aa31b,1784799971694,1784799971694,202,0.000,cold
2957,exp-cold-5000-002952-040e66c7,1784799971694,1784799971694,202,0.000,cold
2958,exp-cold-5000-002959-fce2b341,1784799971694,1784799971694,202,0.000,cold
2959,exp-cold-5000-002956-296fec5e,1784799971694,1784799971694,202,0.000,cold
2960,exp-cold-5000-002957-5d271f12,1784799971694,1784799971694,202,0.000,cold
2961,exp-cold-5000-002958-143d5836,1784799971694,1784799971694,202,0.000,cold
2962,exp-cold-5000-002972-13cab850,1784799971694,1784799971695,202,1.000,cold
2963,exp-cold-5000-002973-004b7d2e,1784799971694,1784799971695,202,1.000,cold
2964,exp-cold-5000-002974-cdb0c3dc,1784799971694,1784799971695,202,1.000,cold
2965,exp-cold-5000-002971-105fc1ab,1784799971694,1784799971695,202,1.000,cold
2966,exp-cold-5000-002976-b339fd22,1784799971694,1784799971695,202,1.000,cold
2967,exp-cold-5000-002965-6242e200,1784799971694,1784799971695,202,1.000,cold
2968,exp-cold-5000-002963-f0c1a04f,1784799971695,1784799971695,202,0.000,cold
2969,exp-cold-5000-002964-62b40fad,1784799971695,1784799971695,202,0.000,cold
2970,exp-cold-5000-002962-e1e1d6e1,1784799971695,1784799971695,202,0.000,cold
2971,exp-cold-5000-002961-a8cfabcf,1784799971695,1784799971695,202,0.000,cold
2972,exp-cold-5000-002967-df3e29a3,1784799971695,1784799971695,202,0.000,cold
2973,exp-cold-5000-002969-4974cfd2,1784799971695,1784799971695,202,0.000,cold
2974,exp-cold-5000-002966-36ea9667,1784799971695,1784799971695,202,0.000,cold
2975,exp-cold-5000-002970-4c56373e,1784799971695,1784799971695,202,0.000,cold
2976,exp-cold-5000-002968-4bdb6e89,1784799971695,1784799971695,202,0.000,cold
2977,exp-cold-5000-002977-2e1025c8,1784799971695,1784799971696,202,1.000,cold
2978,exp-cold-5000-002985-da7e257b,1784799971695,1784799971696,202,1.000,cold
2979,exp-cold-5000-002987-c182c6c9,1784799971695,1784799971696,202,1.000,cold
2980,exp-cold-5000-002981-01955e44,1784799971695,1784799971696,202,1.000,cold
2981,exp-cold-5000-002980-e37eb8df,1784799971695,1784799971696,202,1.000,cold
2982,exp-cold-5000-002990-2569ab64,1784799971695,1784799971696,202,1.000,cold
2983,exp-cold-5000-002986-6adfcfa5,1784799971695,1784799971696,202,1.000,cold
2984,exp-cold-5000-002982-4166431f,1784799971695,1784799971696,202,1.000,cold
2985,exp-cold-5000-002989-2003c6a3,1784799971695,1784799971696,202,1.000,cold
2986,exp-cold-5000-002979-d690ff0f,1784799971695,1784799971696,202,1.000,cold
2987,exp-cold-5000-002978-14041446,1784799971696,1784799971696,202,0.000,cold
2988,exp-cold-5000-002983-e490fb0e,1784799971696,1784799971696,202,0.000,cold
2989,exp-cold-5000-002997-00ab698e,1784799971696,1784799971697,202,1.000,cold
2990,exp-cold-5000-003001-d7500335,1784799971696,1784799971697,202,1.000,cold
2991,exp-cold-5000-002998-d492bc87,1784799971696,1784799971697,202,1.000,cold
2992,exp-cold-5000-002999-16df3be8,1784799971696,1784799971697,202,1.000,cold
2993,exp-cold-5000-003003-93c2590f,1784799971696,1784799971697,202,1.000,cold
2994,exp-cold-5000-003000-2875bd09,1784799971696,1784799971697,202,1.000,cold
2995,exp-cold-5000-002984-12aec70c,1784799971697,1784799971697,202,0.000,cold
2996,exp-cold-5000-002993-d20577da,1784799971697,1784799971697,202,0.000,cold
2997,exp-cold-5000-002994-6853043e,1784799971697,1784799971697,202,0.000,cold
2998,exp-cold-5000-002991-2460b452,1784799971697,1784799971697,202,0.000,cold
2999,exp-cold-5000-002992-b5bfaead,1784799971697,1784799971697,202,0.000,cold
3000,exp-cold-5000-002996-84d7cf2c,1784799971697,1784799971697,202,0.000,cold
3001,exp-cold-5000-002995-9beb7acb,1784799971697,1784799971697,202,0.000,cold
3002,exp-cold-5000-003009-bf031e1e,1784799971697,1784799971698,202,1.000,cold
3003,exp-cold-5000-003010-d2bc6d34,1784799971697,1784799971698,202,1.000,cold
3004,exp-cold-5000-003007-af91b238,1784799971697,1784799971698,202,1.000,cold
3005,exp-cold-5000-003006-ea66173b,1784799971698,1784799971698,202,0.000,cold
3006,exp-cold-5000-003005-696108f0,1784799971698,1784799971698,202,0.000,cold
3007,exp-cold-5000-003002-6e56f54a,1784799971698,1784799971698,202,0.000,cold
3008,exp-cold-5000-002988-f26661b8,1784799971698,1784799971698,202,0.000,cold
3009,exp-cold-5000-003004-f3721231,1784799971698,1784799971698,202,0.000,cold
3010,exp-cold-5000-003008-cff8d322,1784799971698,1784799971698,202,0.000,cold
3011,exp-cold-5000-003018-e534581e,1784799971698,1784799971699,202,1.000,cold
3012,exp-cold-5000-003019-d4ae5532,1784799971698,1784799971699,202,1.000,cold
3013,exp-cold-5000-003014-d424ef56,1784799971698,1784799971699,202,1.000,cold
3014,exp-cold-5000-003028-bb6d3083,1784799971698,1784799971700,202,2.000,cold
3015,exp-cold-5000-003012-727dc2f4,1784799971699,1784799971699,202,0.000,cold
3016,exp-cold-5000-003013-e48a37a7,1784799971699,1784799971699,202,0.000,cold
3017,exp-cold-5000-003011-c956bf91,1784799971699,1784799971699,202,0.000,cold
3018,exp-cold-5000-003016-52016a3f,1784799971699,1784799971699,202,0.000,cold
3019,exp-cold-5000-003017-46cd3c07,1784799971699,1784799971699,202,0.000,cold
3020,exp-cold-5000-003015-9947eeea,1784799971699,1784799971699,202,0.000,cold
3021,exp-cold-5000-003026-6eb60714,1784799971699,1784799971700,202,1.000,cold
3022,exp-cold-5000-003030-8d089f0b,1784799971699,1784799971700,202,1.000,cold
3023,exp-cold-5000-003029-8573ba11,1784799971699,1784799971700,202,1.000,cold
3024,exp-cold-5000-003023-6b28440c,1784799971699,1784799971700,202,1.000,cold
3025,exp-cold-5000-003034-8e94020b,1784799971699,1784799971700,202,1.000,cold
3026,exp-cold-5000-003033-b37a5411,1784799971699,1784799971700,202,1.000,cold
3027,exp-cold-5000-003032-4a6046c2,1784799971699,1784799971700,202,1.000,cold
3028,exp-cold-5000-003027-478cccd8,1784799971699,1784799971700,202,1.000,cold
3029,exp-cold-5000-003020-573599a7,1784799971700,1784799971700,202,0.000,cold
3030,exp-cold-5000-003022-18ecc309,1784799971700,1784799971700,202,0.000,cold
3031,exp-cold-5000-003021-4ea52705,1784799971700,1784799971700,202,0.000,cold
3032,exp-cold-5000-003024-5f1be358,1784799971700,1784799971700,202,0.000,cold
3033,exp-cold-5000-003025-ad590595,1784799971700,1784799971700,202,0.000,cold
3034,exp-cold-5000-003038-68b7844e,1784799971700,1784799971701,202,1.000,cold
3035,exp-cold-5000-003037-a8a97320,1784799971700,1784799971701,202,1.000,cold
3036,exp-cold-5000-003044-f9acf522,1784799971700,1784799971701,202,1.000,cold
3037,exp-cold-5000-003045-231a333e,1784799971700,1784799971701,202,1.000,cold
3038,exp-cold-5000-003042-12a9c4ee,1784799971700,1784799971701,202,1.000,cold
3039,exp-cold-5000-003043-e8a79223,1784799971700,1784799971701,202,1.000,cold
3040,exp-cold-5000-003041-55afb3ff,1784799971700,1784799971701,202,1.000,cold
3041,exp-cold-5000-003046-445c89fd,1784799971700,1784799971701,202,1.000,cold
3042,exp-cold-5000-003054-a9f9fff4,1784799971700,1784799971702,202,2.000,cold
3043,exp-cold-5000-003035-bceb240e,1784799971701,1784799971701,202,0.000,cold
3044,exp-cold-5000-003040-1aa8368a,1784799971701,1784799971701,202,0.000,cold
3045,exp-cold-5000-003039-ee6ae02c,1784799971701,1784799971701,202,0.000,cold
3046,exp-cold-5000-003036-d88610b5,1784799971701,1784799971701,202,0.000,cold
3047,exp-cold-5000-003031-81bcd843,1784799971701,1784799971701,202,0.000,cold
3048,exp-cold-5000-003057-84fefa2e,1784799971701,1784799971702,202,1.000,cold
3049,exp-cold-5000-003059-eff5daac,1784799971701,1784799971702,202,1.000,cold
3050,exp-cold-5000-003058-fa878987,1784799971701,1784799971702,202,1.000,cold
3051,exp-cold-5000-003060-c66d55e6,1784799971701,1784799971702,202,1.000,cold
3052,exp-cold-5000-003051-34ad8ba8,1784799971701,1784799971702,202,1.000,cold
3053,exp-cold-5000-003061-15dc9e76,1784799971701,1784799971702,202,1.000,cold
3054,exp-cold-5000-003052-1be22573,1784799971702,1784799971702,202,0.000,cold
3055,exp-cold-5000-003053-abf2d2ae,1784799971702,1784799971702,202,0.000,cold
3056,exp-cold-5000-003055-537c03a7,1784799971702,1784799971702,202,0.000,cold
3057,exp-cold-5000-003056-3f15ec2e,1784799971702,1784799971702,202,0.000,cold
3058,exp-cold-5000-003048-b873aec5,1784799971702,1784799971702,202,0.000,cold
3059,exp-cold-5000-003067-d71b9b0e,1784799971702,1784799971703,202,1.000,cold
3060,exp-cold-5000-003069-4b2fa212,1784799971702,1784799971703,202,1.000,cold
3061,exp-cold-5000-003066-9dacb055,1784799971702,1784799971703,202,1.000,cold
3062,exp-cold-5000-003071-546f8b38,1784799971702,1784799971703,202,1.000,cold
3063,exp-cold-5000-003049-be0adec9,1784799971702,1784799971702,202,0.000,cold
3064,exp-cold-5000-003047-62817da2,1784799971702,1784799971702,202,0.000,cold
3065,exp-cold-5000-003050-084c06ec,1784799971702,1784799971702,202,0.000,cold
3066,exp-cold-5000-003072-142061f5,1784799971702,1784799971703,202,1.000,cold
3067,exp-cold-5000-003073-52c59c1c,1784799971702,1784799971703,202,1.000,cold
3068,exp-cold-5000-003068-f81f4c2e,1784799971702,1784799971703,202,1.000,cold
3069,exp-cold-5000-003070-7c5a5c8c,1784799971702,1784799971703,202,1.000,cold
3070,exp-cold-5000-003093-8ead3cbb,1784799971702,1784799971705,202,3.000,cold
3071,exp-cold-5000-003062-3ff1d020,1784799971703,1784799971703,202,0.000,cold
3072,exp-cold-5000-003064-24ed6f83,1784799971703,1784799971703,202,0.000,cold
3073,exp-cold-5000-003065-1a027dcd,1784799971703,1784799971703,202,0.000,cold
3074,exp-cold-5000-003063-d91b1797,1784799971703,1784799971703,202,0.000,cold
3075,exp-cold-5000-003079-57351389,1784799971703,1784799971704,202,1.000,cold
3076,exp-cold-5000-003084-c498db34,1784799971703,1784799971704,202,1.000,cold
3077,exp-cold-5000-003083-61fb8b25,1784799971703,1784799971704,202,1.000,cold
3078,exp-cold-5000-003077-a1aafaeb,1784799971703,1784799971704,202,1.000,cold
3079,exp-cold-5000-003074-e8971986,1784799971703,1784799971704,202,1.000,cold
3080,exp-cold-5000-003091-cf4d703a,1784799971703,1784799971705,202,2.000,cold
3081,exp-cold-5000-003107-6875888c,1784799971703,1784799971706,202,3.000,cold
3082,exp-cold-5000-003075-25deabed,1784799971704,1784799971704,202,0.000,cold
3083,exp-cold-5000-003078-b0e0a475,1784799971704,1784799971704,202,0.000,cold
3084,exp-cold-5000-003076-29116c13,1784799971704,1784799971704,202,0.000,cold
3085,exp-cold-5000-003080-967e6312,1784799971704,1784799971704,202,0.000,cold
3086,exp-cold-5000-003081-70d01222,1784799971704,1784799971704,202,0.000,cold
3087,exp-cold-5000-003082-bbc502a7,1784799971704,1784799971704,202,0.000,cold
3088,exp-cold-5000-003092-6a5e92b5,1784799971704,1784799971705,202,1.000,cold
3089,exp-cold-5000-003094-fe2b79d0,1784799971704,1784799971705,202,1.000,cold
3090,exp-cold-5000-003089-1b5fc2d9,1784799971704,1784799971705,202,1.000,cold
3091,exp-cold-5000-003097-6b732d88,1784799971704,1784799971705,202,1.000,cold
3092,exp-cold-5000-003090-2e20d5f1,1784799971704,1784799971705,202,1.000,cold
3093,exp-cold-5000-003096-67bc385a,1784799971704,1784799971705,202,1.000,cold
3094,exp-cold-5000-003099-5f2029be,1784799971704,1784799971705,202,1.000,cold
3095,exp-cold-5000-003095-bcd7eb2f,1784799971704,1784799971705,202,1.000,cold
3096,exp-cold-5000-003114-a04d7e2c,1784799971704,1784799971707,202,3.000,cold
3097,exp-cold-5000-003119-804b9dff,1784799971704,1784799971707,202,3.000,cold
3098,exp-cold-5000-003088-8105d264,1784799971705,1784799971705,202,0.000,cold
3099,exp-cold-5000-003085-f0161342,1784799971705,1784799971705,202,0.000,cold
3100,exp-cold-5000-003087-22620087,1784799971705,1784799971705,202,0.000,cold
3101,exp-cold-5000-003086-538560a9,1784799971705,1784799971705,202,0.000,cold
3102,exp-cold-5000-003109-0c98a788,1784799971705,1784799971706,202,1.000,cold
3103,exp-cold-5000-003108-0c9634c5,1784799971705,1784799971706,202,1.000,cold
3104,exp-cold-5000-003110-119221f2,1784799971705,1784799971706,202,1.000,cold
3105,exp-cold-5000-003111-3c9f805e,1784799971705,1784799971706,202,1.000,cold
3106,exp-cold-5000-003106-18465d13,1784799971705,1784799971706,202,1.000,cold
3107,exp-cold-5000-003104-6a52af38,1784799971705,1784799971706,202,1.000,cold
3108,exp-cold-5000-003134-289131c7,1784799971705,1784799971708,202,3.000,cold
3109,exp-cold-5000-003100-f624c77a,1784799971706,1784799971706,202,0.000,cold
3110,exp-cold-5000-003101-8e45ef51,1784799971706,1784799971706,202,0.000,cold
3111,exp-cold-5000-003098-30e85930,1784799971706,1784799971706,202,0.000,cold
3112,exp-cold-5000-003102-30b44576,1784799971706,1784799971706,202,0.000,cold
3113,exp-cold-5000-003103-96db079f,1784799971706,1784799971706,202,0.000,cold
3114,exp-cold-5000-003105-d794a12d,1784799971706,1784799971706,202,0.000,cold
3115,exp-cold-5000-003122-6bcbe21b,1784799971706,1784799971707,202,1.000,cold
3116,exp-cold-5000-003124-3d7d5679,1784799971706,1784799971707,202,1.000,cold
3117,exp-cold-5000-003118-a5ffa7d8,1784799971706,1784799971707,202,1.000,cold
3118,exp-cold-5000-003123-f49cbb78,1784799971706,1784799971707,202,1.000,cold
3119,exp-cold-5000-003127-ad1180a7,1784799971706,1784799971707,202,1.000,cold
3120,exp-cold-5000-003113-f4f8531f,1784799971706,1784799971707,202,1.000,cold
3121,exp-cold-5000-003125-f0571969,1784799971706,1784799971707,202,1.000,cold
3122,exp-cold-5000-003115-c138f429,1784799971707,1784799971707,202,0.000,cold
3123,exp-cold-5000-003112-8e83dc5f,1784799971707,1784799971707,202,0.000,cold
3124,exp-cold-5000-003117-29884d31,1784799971707,1784799971707,202,0.000,cold
3125,exp-cold-5000-003116-cec215b5,1784799971707,1784799971707,202,0.000,cold
3126,exp-cold-5000-003121-8021f784,1784799971707,1784799971707,202,0.000,cold
3127,exp-cold-5000-003120-a6362c76,1784799971707,1784799971707,202,0.000,cold
3128,exp-cold-5000-003131-951aa246,1784799971707,1784799971708,202,1.000,cold
3129,exp-cold-5000-003128-17aa39db,1784799971707,1784799971708,202,1.000,cold
3130,exp-cold-5000-003144-bb1ef494,1784799971707,1784799971709,202,2.000,cold
3131,exp-cold-5000-003138-cd6968f4,1784799971707,1784799971709,202,2.000,cold
3132,exp-cold-5000-003129-99e94ec6,1784799971708,1784799971708,202,0.000,cold
3133,exp-cold-5000-003130-908be274,1784799971708,1784799971708,202,0.000,cold
3134,exp-cold-5000-003126-f3abd3b3,1784799971708,1784799971708,202,0.000,cold
3135,exp-cold-5000-003132-e94b0b61,1784799971708,1784799971708,202,0.000,cold
3136,exp-cold-5000-003133-e44a0084,1784799971708,1784799971708,202,0.000,cold
3137,exp-cold-5000-003142-b8a8b578,1784799971708,1784799971709,202,1.000,cold
3138,exp-cold-5000-003141-9cee262f,1784799971708,1784799971709,202,1.000,cold
3139,exp-cold-5000-003143-91aa6a51,1784799971708,1784799971709,202,1.000,cold
3140,exp-cold-5000-003147-3882bdcf,1784799971708,1784799971709,202,1.000,cold
3141,exp-cold-5000-003140-7e1c913f,1784799971708,1784799971709,202,1.000,cold
3142,exp-cold-5000-003135-de47b83f,1784799971708,1784799971709,202,1.000,cold
3143,exp-cold-5000-003159-2c9013de,1784799971708,1784799971710,202,2.000,cold
3144,exp-cold-5000-003177-a63e49bb,1784799971708,1784799971711,202,3.000,cold
3145,exp-cold-5000-003136-70169548,1784799971709,1784799971709,202,0.000,cold
3146,exp-cold-5000-003139-cb31e616,1784799971709,1784799971709,202,0.000,cold
3147,exp-cold-5000-003137-8514c44e,1784799971709,1784799971709,202,0.000,cold
3148,exp-cold-5000-003152-9fbd3e96,1784799971709,1784799971710,202,1.000,cold
3149,exp-cold-5000-003157-aa0515d9,1784799971709,1784799971710,202,1.000,cold
3150,exp-cold-5000-003160-09cf672e,1784799971709,1784799971710,202,1.000,cold
3151,exp-cold-5000-003163-98b38fe4,1784799971709,1784799971710,202,1.000,cold
3152,exp-cold-5000-003164-349d3b28,1784799971709,1784799971710,202,1.000,cold
3153,exp-cold-5000-003158-878e88df,1784799971709,1784799971710,202,1.000,cold
3154,exp-cold-5000-003161-d0bdbf04,1784799971709,1784799971710,202,1.000,cold
3155,exp-cold-5000-003175-3dcd0565,1784799971709,1784799971711,202,2.000,cold
3156,exp-cold-5000-003176-112a31a5,1784799971709,1784799971711,202,2.000,cold
3157,exp-cold-5000-003171-681403c6,1784799971709,1784799971711,202,2.000,cold
3158,exp-cold-5000-003146-b7aa183b,1784799971710,1784799971710,202,0.000,cold
3159,exp-cold-5000-003151-91affb7e,1784799971710,1784799971710,202,0.000,cold
3160,exp-cold-5000-003150-0fa7b560,1784799971710,1784799971710,202,0.000,cold
3161,exp-cold-5000-003148-b5e4c4b2,1784799971710,1784799971710,202,0.000,cold
3162,exp-cold-5000-003145-dd1a7246,1784799971710,1784799971710,202,0.000,cold
3163,exp-cold-5000-003153-aef9bc99,1784799971710,1784799971710,202,0.000,cold
3164,exp-cold-5000-003149-cb36cf1a,1784799971710,1784799971710,202,0.000,cold
3165,exp-cold-5000-003154-8f35e04e,1784799971710,1784799971710,202,0.000,cold
3166,exp-cold-5000-003156-9d4f9a5d,1784799971710,1784799971710,202,0.000,cold
3167,exp-cold-5000-003155-74429be4,1784799971710,1784799971710,202,0.000,cold
3168,exp-cold-5000-003174-d982ea06,1784799971710,1784799971711,202,1.000,cold
3169,exp-cold-5000-003178-942a06f1,1784799971710,1784799971711,202,1.000,cold
3170,exp-cold-5000-003180-c1cef3e0,1784799971710,1784799971711,202,1.000,cold
3171,exp-cold-5000-003181-af124789,1784799971710,1784799971711,202,1.000,cold
3172,exp-cold-5000-003183-b1844141,1784799971710,1784799971711,202,1.000,cold
3173,exp-cold-5000-003179-35d52b83,1784799971710,1784799971711,202,1.000,cold
3174,exp-cold-5000-003191-8239bb8b,1784799971710,1784799971712,202,2.000,cold
3175,exp-cold-5000-003165-f855171c,1784799971711,1784799971711,202,0.000,cold
3176,exp-cold-5000-003168-09fd9012,1784799971711,1784799971711,202,0.000,cold
3177,exp-cold-5000-003167-cddd3125,1784799971711,1784799971711,202,0.000,cold
3178,exp-cold-5000-003162-952c113d,1784799971711,1784799971711,202,0.000,cold
3179,exp-cold-5000-003170-5752b264,1784799971711,1784799971711,202,0.000,cold
3180,exp-cold-5000-003173-f4e6b201,1784799971711,1784799971711,202,0.000,cold
3181,exp-cold-5000-003166-9ef28e87,1784799971711,1784799971711,202,0.000,cold
3182,exp-cold-5000-003172-f620082d,1784799971711,1784799971711,202,0.000,cold
3183,exp-cold-5000-003169-a35e28b2,1784799971711,1784799971711,202,0.000,cold
3184,exp-cold-5000-003192-305b458e,1784799971711,1784799971712,202,1.000,cold
3185,exp-cold-5000-003195-8dd38e1d,1784799971711,1784799971712,202,1.000,cold
3186,exp-cold-5000-003197-91e74721,1784799971711,1784799971712,202,1.000,cold
3187,exp-cold-5000-003194-10db6612,1784799971711,1784799971712,202,1.000,cold
3188,exp-cold-5000-003193-a7df625e,1784799971711,1784799971712,202,1.000,cold
3189,exp-cold-5000-003186-df6d4c7a,1784799971711,1784799971712,202,1.000,cold
3190,exp-cold-5000-003209-4355b172,1784799971711,1784799971713,202,2.000,cold
3191,exp-cold-5000-003198-73864821,1784799971711,1784799971713,202,2.000,cold
3192,exp-cold-5000-003187-c8eda728,1784799971712,1784799971712,202,0.000,cold
3193,exp-cold-5000-003185-ffb6a62b,1784799971712,1784799971712,202,0.000,cold
3194,exp-cold-5000-003188-a1fb1bc2,1784799971712,1784799971712,202,0.000,cold
3195,exp-cold-5000-003189-c82bec88,1784799971712,1784799971712,202,0.000,cold
3196,exp-cold-5000-003182-0d150357,1784799971712,1784799971712,202,0.000,cold
3197,exp-cold-5000-003190-7c47f386,1784799971712,1784799971712,202,0.000,cold
3198,exp-cold-5000-003184-b2a46479,1784799971712,1784799971712,202,0.000,cold
3199,exp-cold-5000-003203-3987ec0e,1784799971712,1784799971713,202,1.000,cold
3200,exp-cold-5000-003208-a4e64176,1784799971712,1784799971713,202,1.000,cold
3201,exp-cold-5000-003207-e3823851,1784799971712,1784799971713,202,1.000,cold
3202,exp-cold-5000-003206-815cddcf,1784799971712,1784799971713,202,1.000,cold
3203,exp-cold-5000-003205-03354282,1784799971712,1784799971713,202,1.000,cold
3204,exp-cold-5000-003210-74ac3817,1784799971712,1784799971713,202,1.000,cold
3205,exp-cold-5000-003211-928e38c0,1784799971712,1784799971713,202,1.000,cold
3206,exp-cold-5000-003202-bd7ac692,1784799971712,1784799971713,202,1.000,cold
3207,exp-cold-5000-003196-50b430f4,1784799971712,1784799971713,202,1.000,cold
3208,exp-cold-5000-003199-96a9a85f,1784799971713,1784799971713,202,0.000,cold
3209,exp-cold-5000-003201-bd89141f,1784799971713,1784799971713,202,0.000,cold
3210,exp-cold-5000-003200-ad493050,1784799971713,1784799971713,202,0.000,cold
3211,exp-cold-5000-003204-fbd26db9,1784799971713,1784799971713,202,0.000,cold
3212,exp-cold-5000-003221-f6028f05,1784799971713,1784799971714,202,1.000,cold
3213,exp-cold-5000-003220-bb8103d5,1784799971713,1784799971714,202,1.000,cold
3214,exp-cold-5000-003218-6cb5022d,1784799971713,1784799971714,202,1.000,cold
3215,exp-cold-5000-003219-e5da0a1f,1784799971713,1784799971714,202,1.000,cold
3216,exp-cold-5000-003212-46cea0cc,1784799971713,1784799971714,202,1.000,cold
3217,exp-cold-5000-003222-a411e26f,1784799971713,1784799971714,202,1.000,cold
3218,exp-cold-5000-003213-81e2f76f,1784799971713,1784799971714,202,1.000,cold
3219,exp-cold-5000-003228-4659cb17,1784799971713,1784799971715,202,2.000,cold
3220,exp-cold-5000-003215-bf4ff5f0,1784799971714,1784799971714,202,0.000,cold
3221,exp-cold-5000-003214-2e4bc652,1784799971714,1784799971714,202,0.000,cold
3222,exp-cold-5000-003216-bac3f52d,1784799971714,1784799971714,202,0.000,cold
3223,exp-cold-5000-003217-7c8c1eec,1784799971714,1784799971714,202,0.000,cold
3224,exp-cold-5000-003229-512437f5,1784799971714,1784799971715,202,1.000,cold
3225,exp-cold-5000-003230-3e2b961b,1784799971714,1784799971715,202,1.000,cold
3226,exp-cold-5000-003233-4871f7d5,1784799971714,1784799971716,202,2.000,cold
3227,exp-cold-5000-003239-1f106c69,1784799971714,1784799971716,202,2.000,cold
3228,exp-cold-5000-003224-3a92c7ba,1784799971715,1784799971715,202,0.000,cold
3229,exp-cold-5000-003226-f95da186,1784799971715,1784799971715,202,0.000,cold
3230,exp-cold-5000-003227-a5eca997,1784799971715,1784799971715,202,0.000,cold
3231,exp-cold-5000-003225-9463cb1d,1784799971715,1784799971715,202,0.000,cold
3232,exp-cold-5000-003237-cfa80c41,1784799971715,1784799971716,202,1.000,cold
3233,exp-cold-5000-003223-54e0ba83,1784799971715,1784799971716,202,1.000,cold
3234,exp-cold-5000-003249-896809b6,1784799971715,1784799971717,202,2.000,cold
3235,exp-cold-5000-003232-5c5b6286,1784799971716,1784799971716,202,0.000,cold
3236,exp-cold-5000-003231-5a53ca59,1784799971716,1784799971716,202,0.000,cold
3237,exp-cold-5000-003234-9ebcc10d,1784799971716,1784799971716,202,0.000,cold
3238,exp-cold-5000-003235-f4f21b9f,1784799971716,1784799971716,202,0.000,cold
3239,exp-cold-5000-003236-514a4477,1784799971716,1784799971716,202,0.000,cold
3240,exp-cold-5000-003238-0ae5efd2,1784799971716,1784799971717,202,1.000,cold
3241,exp-cold-5000-003251-a3fb04a9,1784799971716,1784799971717,202,1.000,cold
3242,exp-cold-5000-003250-cb5f1632,1784799971716,1784799971717,202,1.000,cold
3243,exp-cold-5000-003253-bb183731,1784799971716,1784799971717,202,1.000,cold
3244,exp-cold-5000-003254-b5bbbc7f,1784799971716,1784799971717,202,1.000,cold
3245,exp-cold-5000-003252-78e2011d,1784799971716,1784799971717,202,1.000,cold
3246,exp-cold-5000-003246-883937b0,1784799971716,1784799971717,202,1.000,cold
3247,exp-cold-5000-003273-9101ceb5,1784799971716,1784799971719,202,3.000,cold
3248,exp-cold-5000-003240-037bccf9,1784799971717,1784799971717,202,0.000,cold
3249,exp-cold-5000-003242-e6bca931,1784799971717,1784799971717,202,0.000,cold
3250,exp-cold-5000-003243-7d53ab97,1784799971717,1784799971717,202,0.000,cold
3251,exp-cold-5000-003244-53b717a3,1784799971717,1784799971717,202,0.000,cold
3252,exp-cold-5000-003241-b4f865b1,1784799971717,1784799971717,202,0.000,cold
3253,exp-cold-5000-003245-1aa00fbb,1784799971717,1784799971717,202,0.000,cold
3254,exp-cold-5000-003247-db576d2e,1784799971717,1784799971717,202,0.000,cold
3255,exp-cold-5000-003248-eac534b3,1784799971717,1784799971717,202,0.000,cold
3256,exp-cold-5000-003259-6d3a1716,1784799971717,1784799971718,202,1.000,cold
3257,exp-cold-5000-003272-24846b3c,1784799971717,1784799971719,202,2.000,cold
3258,exp-cold-5000-003274-da0ad58f,1784799971717,1784799971719,202,2.000,cold
3259,exp-cold-5000-003291-7318505f,1784799971717,1784799971720,202,3.000,cold
3260,exp-cold-5000-003257-2b22e457,1784799971718,1784799971718,202,0.000,cold
3261,exp-cold-5000-003260-8d5cd319,1784799971718,1784799971718,202,0.000,cold
3262,exp-cold-5000-003258-1d55e14f,1784799971718,1784799971718,202,0.000,cold
3263,exp-cold-5000-003261-dcbcae8e,1784799971718,1784799971718,202,0.000,cold
3264,exp-cold-5000-003255-68a3b6a9,1784799971718,1784799971718,202,0.000,cold
3265,exp-cold-5000-003262-d20894b5,1784799971718,1784799971718,202,0.000,cold
3266,exp-cold-5000-003256-a1f56bb6,1784799971718,1784799971718,202,0.000,cold
3267,exp-cold-5000-003263-496fba88,1784799971718,1784799971718,202,0.000,cold
3268,exp-cold-5000-003277-6fc8a0cf,1784799971718,1784799971719,202,1.000,cold
3269,exp-cold-5000-003268-c20b4fd5,1784799971718,1784799971719,202,1.000,cold
3270,exp-cold-5000-003279-3d10d93a,1784799971718,1784799971719,202,1.000,cold
3271,exp-cold-5000-003281-f3827ea5,1784799971718,1784799971719,202,1.000,cold
3272,exp-cold-5000-003267-88f6cc4a,1784799971718,1784799971719,202,1.000,cold
3273,exp-cold-5000-003282-721205af,1784799971718,1784799971719,202,1.000,cold
3274,exp-cold-5000-003276-be3a81c7,1784799971718,1784799971719,202,1.000,cold
3275,exp-cold-5000-003278-89690733,1784799971718,1784799971719,202,1.000,cold
3276,exp-cold-5000-003280-ad47a410,1784799971718,1784799971720,202,2.000,cold
3277,exp-cold-5000-003295-9d480e96,1784799971718,1784799971720,202,2.000,cold
3278,exp-cold-5000-003264-936c8304,1784799971719,1784799971719,202,0.000,cold
3279,exp-cold-5000-003266-1342bdba,1784799971719,1784799971719,202,0.000,cold
3280,exp-cold-5000-003271-108261ae,1784799971719,1784799971719,202,0.000,cold
3281,exp-cold-5000-003270-85afe206,1784799971719,1784799971719,202,0.000,cold
3282,exp-cold-5000-003275-31193f5c,1784799971719,1784799971719,202,0.000,cold
3283,exp-cold-5000-003269-36c874fa,1784799971719,1784799971719,202,0.000,cold
3284,exp-cold-5000-003265-134e67ce,1784799971719,1784799971719,202,0.000,cold
3285,exp-cold-5000-003290-8cf92fce,1784799971719,1784799971720,202,1.000,cold
3286,exp-cold-5000-003286-6df8fc59,1784799971719,1784799971720,202,1.000,cold
3287,exp-cold-5000-003292-9dd4621f,1784799971719,1784799971720,202,1.000,cold
3288,exp-cold-5000-003293-81871de9,1784799971719,1784799971720,202,1.000,cold
3289,exp-cold-5000-003294-2826c510,1784799971719,1784799971720,202,1.000,cold
3290,exp-cold-5000-003331-2a4e5b0b,1784799971719,1784799971723,202,4.000,cold
3291,exp-cold-5000-003284-098206a3,1784799971720,1784799971720,202,0.000,cold
3292,exp-cold-5000-003283-d42dfa24,1784799971720,1784799971720,202,0.000,cold
3293,exp-cold-5000-003285-bd9d3680,1784799971720,1784799971720,202,0.000,cold
3294,exp-cold-5000-003288-6835d080,1784799971720,1784799971720,202,0.000,cold
3295,exp-cold-5000-003289-83abbba1,1784799971720,1784799971720,202,0.000,cold
3296,exp-cold-5000-003287-f91143a5,1784799971720,1784799971720,202,0.000,cold
3297,exp-cold-5000-003306-6aef2ae2,1784799971720,1784799971721,202,1.000,cold
3298,exp-cold-5000-003308-b803e635,1784799971720,1784799971721,202,1.000,cold
3299,exp-cold-5000-003307-50263455,1784799971720,1784799971721,202,1.000,cold
3300,exp-cold-5000-003305-35037cb6,1784799971720,1784799971721,202,1.000,cold
3301,exp-cold-5000-003309-22ef81f2,1784799971720,1784799971721,202,1.000,cold
3302,exp-cold-5000-003310-fbd0d01a,1784799971720,1784799971721,202,1.000,cold
3303,exp-cold-5000-003302-8168b543,1784799971720,1784799971721,202,1.000,cold
3304,exp-cold-5000-003322-3b3b0903,1784799971720,1784799971722,202,2.000,cold
3305,exp-cold-5000-003312-3e0b1aef,1784799971720,1784799971722,202,2.000,cold
3306,exp-cold-5000-003296-aabbd6a3,1784799971721,1784799971721,202,0.000,cold
3307,exp-cold-5000-003298-cbd65b46,1784799971721,1784799971721,202,0.000,cold
3308,exp-cold-5000-003301-1f543567,1784799971721,1784799971721,202,0.000,cold
3309,exp-cold-5000-003300-b4b9f473,1784799971721,1784799971721,202,0.000,cold
3310,exp-cold-5000-003299-49bbaaa7,1784799971721,1784799971721,202,0.000,cold
3311,exp-cold-5000-003303-4b270c9f,1784799971721,1784799971721,202,0.000,cold
3312,exp-cold-5000-003297-dfe1536c,1784799971721,1784799971721,202,0.000,cold
3313,exp-cold-5000-003304-3f1a0b39,1784799971721,1784799971721,202,0.000,cold
3314,exp-cold-5000-003323-1f313a37,1784799971721,1784799971722,202,1.000,cold
3315,exp-cold-5000-003319-f48ed6f1,1784799971721,1784799971722,202,1.000,cold
3316,exp-cold-5000-003324-5cf9c88a,1784799971721,1784799971722,202,1.000,cold
3317,exp-cold-5000-003314-5bd770e8,1784799971721,1784799971722,202,1.000,cold
3318,exp-cold-5000-003326-062a4b12,1784799971721,1784799971722,202,1.000,cold
3319,exp-cold-5000-003321-1db4f966,1784799971721,1784799971722,202,1.000,cold
3320,exp-cold-5000-003333-837011a6,1784799971721,1784799971723,202,2.000,cold
3321,exp-cold-5000-003311-30d24a54,1784799971722,1784799971722,202,0.000,cold
3322,exp-cold-5000-003313-edbab9a4,1784799971722,1784799971722,202,0.000,cold
3323,exp-cold-5000-003316-ca71acd3,1784799971722,1784799971722,202,0.000,cold
3324,exp-cold-5000-003315-9444445a,1784799971722,1784799971722,202,0.000,cold
3325,exp-cold-5000-003317-30c4fa62,1784799971722,1784799971722,202,0.000,cold
3326,exp-cold-5000-003318-55126dcc,1784799971722,1784799971722,202,0.000,cold
3327,exp-cold-5000-003320-83323ab5,1784799971722,1784799971722,202,0.000,cold
3328,exp-cold-5000-003336-163e92c4,1784799971722,1784799971723,202,1.000,cold
3329,exp-cold-5000-003335-edef40b9,1784799971722,1784799971723,202,1.000,cold
3330,exp-cold-5000-003341-40d22b88,1784799971722,1784799971724,202,2.000,cold
3331,exp-cold-5000-003338-967d4476,1784799971722,1784799971723,202,1.000,cold
3332,exp-cold-5000-003325-b43d8b9b,1784799971722,1784799971723,202,1.000,cold
3333,exp-cold-5000-003330-e9b3a6dc,1784799971722,1784799971723,202,1.000,cold
3334,exp-cold-5000-003345-5304f6e7,1784799971722,1784799971724,202,2.000,cold
3335,exp-cold-5000-003328-f1722c4e,1784799971723,1784799971723,202,0.000,cold
3336,exp-cold-5000-003327-2d2a9957,1784799971723,1784799971723,202,0.000,cold
3337,exp-cold-5000-003332-eb1df373,1784799971723,1784799971723,202,0.000,cold
3338,exp-cold-5000-003334-215b8a20,1784799971723,1784799971723,202,0.000,cold
3339,exp-cold-5000-003342-740f1796,1784799971723,1784799971724,202,1.000,cold
3340,exp-cold-5000-003340-e3124905,1784799971723,1784799971724,202,1.000,cold
3341,exp-cold-5000-003344-b72ec689,1784799971723,1784799971724,202,1.000,cold
3342,exp-cold-5000-003339-b1903496,1784799971723,1784799971724,202,1.000,cold
3343,exp-cold-5000-003347-8c9e7a95,1784799971723,1784799971724,202,1.000,cold
3344,exp-cold-5000-003343-ce476ebe,1784799971723,1784799971724,202,1.000,cold
3345,exp-cold-5000-003329-590e73c6,1784799971723,1784799971723,202,0.000,cold
3346,exp-cold-5000-003348-8704e4c4,1784799971723,1784799971725,202,2.000,cold
3347,exp-cold-5000-003337-2b00068c,1784799971724,1784799971724,202,0.000,cold
3348,exp-cold-5000-003350-abc4ba37,1784799971724,1784799971725,202,1.000,cold
3349,exp-cold-5000-003358-cb56f814,1784799971724,1784799971725,202,1.000,cold
3350,exp-cold-5000-003360-8d09e54e,1784799971724,1784799971725,202,1.000,cold
3351,exp-cold-5000-003359-a355ebb6,1784799971724,1784799971725,202,1.000,cold
3352,exp-cold-5000-003361-eb135534,1784799971724,1784799971725,202,1.000,cold
3353,exp-cold-5000-003357-c2d0d818,1784799971724,1784799971725,202,1.000,cold
3354,exp-cold-5000-003354-99d42510,1784799971724,1784799971725,202,1.000,cold
3355,exp-cold-5000-003363-7276f29e,1784799971724,1784799971725,202,1.000,cold
3356,exp-cold-5000-003349-580642a2,1784799971725,1784799971725,202,0.000,cold
3357,exp-cold-5000-003351-68f9f782,1784799971725,1784799971725,202,0.000,cold
3358,exp-cold-5000-003346-4cc9bc6a,1784799971725,1784799971725,202,0.000,cold
3359,exp-cold-5000-003353-2f6afbae,1784799971725,1784799971725,202,0.000,cold
3360,exp-cold-5000-003355-7cf7e397,1784799971725,1784799971725,202,0.000,cold
3361,exp-cold-5000-003352-bfcdb650,1784799971725,1784799971725,202,0.000,cold
3362,exp-cold-5000-003366-fe166630,1784799971725,1784799971726,202,1.000,cold
3363,exp-cold-5000-003372-0778c117,1784799971725,1784799971726,202,1.000,cold
3364,exp-cold-5000-003356-85307134,1784799971725,1784799971726,202,1.000,cold
3365,exp-cold-5000-003373-0ad4bb27,1784799971725,1784799971726,202,1.000,cold
3366,exp-cold-5000-003371-6c6ab0a0,1784799971725,1784799971726,202,1.000,cold
3367,exp-cold-5000-003374-014c68c0,1784799971725,1784799971726,202,1.000,cold
3368,exp-cold-5000-003385-a18b24d6,1784799971725,1784799971727,202,2.000,cold
3369,exp-cold-5000-003364-9be06030,1784799971726,1784799971726,202,0.000,cold
3370,exp-cold-5000-003367-9a4f05b0,1784799971726,1784799971726,202,0.000,cold
3371,exp-cold-5000-003369-4d0e247d,1784799971726,1784799971726,202,0.000,cold
3372,exp-cold-5000-003370-6fa008be,1784799971726,1784799971726,202,0.000,cold
3373,exp-cold-5000-003368-4888abff,1784799971726,1784799971726,202,0.000,cold
3374,exp-cold-5000-003365-114a4129,1784799971726,1784799971726,202,0.000,cold
3375,exp-cold-5000-003362-d9775611,1784799971726,1784799971726,202,0.000,cold
3376,exp-cold-5000-003382-3fa2f2d8,1784799971726,1784799971727,202,1.000,cold
3377,exp-cold-5000-003387-061f7896,1784799971726,1784799971727,202,1.000,cold
3378,exp-cold-5000-003384-9d2f8e2f,1784799971726,1784799971727,202,1.000,cold
3379,exp-cold-5000-003388-60d4eadf,1784799971726,1784799971727,202,1.000,cold
3380,exp-cold-5000-003391-76883a8b,1784799971726,1784799971727,202,1.000,cold
3381,exp-cold-5000-003386-8a862299,1784799971726,1784799971727,202,1.000,cold
3382,exp-cold-5000-003375-2247c031,1784799971727,1784799971727,202,0.000,cold
3383,exp-cold-5000-003377-0380b79f,1784799971727,1784799971727,202,0.000,cold
3384,exp-cold-5000-003378-f4680944,1784799971727,1784799971727,202,0.000,cold
3385,exp-cold-5000-003376-24448fab,1784799971727,1784799971727,202,0.000,cold
3386,exp-cold-5000-003379-7a551ca3,1784799971727,1784799971727,202,0.000,cold
3387,exp-cold-5000-003381-0487284e,1784799971727,1784799971727,202,0.000,cold
3388,exp-cold-5000-003383-ba4f28c3,1784799971727,1784799971727,202,0.000,cold
3389,exp-cold-5000-003380-fa7b875d,1784799971727,1784799971727,202,0.000,cold
3390,exp-cold-5000-003394-191f6645,1784799971727,1784799971728,202,1.000,cold
3391,exp-cold-5000-003403-9ce1b127,1784799971727,1784799971728,202,1.000,cold
3392,exp-cold-5000-003398-8cd32e23,1784799971727,1784799971728,202,1.000,cold
3393,exp-cold-5000-003404-2a19057a,1784799971727,1784799971728,202,1.000,cold
3394,exp-cold-5000-003402-f52751f0,1784799971727,1784799971728,202,1.000,cold
3395,exp-cold-5000-003392-28548b9e,1784799971728,1784799971728,202,0.000,cold
3396,exp-cold-5000-003390-96110519,1784799971728,1784799971728,202,0.000,cold
3397,exp-cold-5000-003393-7d107838,1784799971728,1784799971728,202,0.000,cold
3398,exp-cold-5000-003395-62d3efd6,1784799971728,1784799971728,202,0.000,cold
3399,exp-cold-5000-003397-c6af5fe8,1784799971728,1784799971728,202,0.000,cold
3400,exp-cold-5000-003399-09eefd0b,1784799971728,1784799971728,202,0.000,cold
3401,exp-cold-5000-003396-1c829700,1784799971728,1784799971728,202,0.000,cold
3402,exp-cold-5000-003401-88006103,1784799971728,1784799971728,202,0.000,cold
3403,exp-cold-5000-003400-78458d9f,1784799971728,1784799971728,202,0.000,cold
3404,exp-cold-5000-003389-7ec90a61,1784799971728,1784799971728,202,0.000,cold
3405,exp-cold-5000-003417-3ab8d831,1784799971728,1784799971729,202,1.000,cold
3406,exp-cold-5000-003406-7c268d26,1784799971728,1784799971729,202,1.000,cold
3407,exp-cold-5000-003419-34f8195b,1784799971728,1784799971729,202,1.000,cold
3408,exp-cold-5000-003415-3a6958a5,1784799971728,1784799971729,202,1.000,cold
3409,exp-cold-5000-003407-e3c04a10,1784799971729,1784799971729,202,0.000,cold
3410,exp-cold-5000-003409-ffc87185,1784799971729,1784799971729,202,0.000,cold
3411,exp-cold-5000-003405-5a6359ac,1784799971729,1784799971729,202,0.000,cold
3412,exp-cold-5000-003411-cf9d5d09,1784799971729,1784799971729,202,0.000,cold
3413,exp-cold-5000-003412-3390d3a1,1784799971729,1784799971729,202,0.000,cold
3414,exp-cold-5000-003414-39c6bfba,1784799971729,1784799971729,202,0.000,cold
3415,exp-cold-5000-003408-faacf1ab,1784799971729,1784799971729,202,0.000,cold
3416,exp-cold-5000-003413-47f61919,1784799971729,1784799971729,202,0.000,cold
3417,exp-cold-5000-003416-176622c7,1784799971729,1784799971729,202,0.000,cold
3418,exp-cold-5000-003430-50481119,1784799971729,1784799971730,202,1.000,cold
3419,exp-cold-5000-003428-d1438a4f,1784799971729,1784799971730,202,1.000,cold
3420,exp-cold-5000-003426-7052f5e5,1784799971729,1784799971730,202,1.000,cold
3421,exp-cold-5000-003431-e4189a70,1784799971729,1784799971730,202,1.000,cold
3422,exp-cold-5000-003429-f24ef7bb,1784799971729,1784799971730,202,1.000,cold
3423,exp-cold-5000-003432-27b21806,1784799971729,1784799971730,202,1.000,cold
3424,exp-cold-5000-003420-96f3b564,1784799971729,1784799971730,202,1.000,cold
3425,exp-cold-5000-003421-e27179ae,1784799971730,1784799971730,202,0.000,cold
3426,exp-cold-5000-003423-9a5ee65e,1784799971730,1784799971730,202,0.000,cold
3427,exp-cold-5000-003422-43d1d337,1784799971730,1784799971730,202,0.000,cold
3428,exp-cold-5000-003424-43c92d53,1784799971730,1784799971730,202,0.000,cold
3429,exp-cold-5000-003425-531976be,1784799971730,1784799971730,202,0.000,cold
3430,exp-cold-5000-003410-c3282397,1784799971730,1784799971730,202,0.000,cold
3431,exp-cold-5000-003418-8ff17b43,1784799971730,1784799971730,202,0.000,cold
3432,exp-cold-5000-003427-48bed869,1784799971730,1784799971730,202,0.000,cold
3433,exp-cold-5000-003440-bb3016f2,1784799971730,1784799971731,202,1.000,cold
3434,exp-cold-5000-003441-ac7fa080,1784799971730,1784799971731,202,1.000,cold
3435,exp-cold-5000-003442-6188f06b,1784799971730,1784799971731,202,1.000,cold
3436,exp-cold-5000-003438-21f93147,1784799971730,1784799971731,202,1.000,cold
3437,exp-cold-5000-003434-b87b563e,1784799971731,1784799971731,202,0.000,cold
3438,exp-cold-5000-003435-1a83b679,1784799971731,1784799971731,202,0.000,cold
3439,exp-cold-5000-003437-1693a496,1784799971731,1784799971731,202,0.000,cold
3440,exp-cold-5000-003436-0a18f4b5,1784799971731,1784799971731,202,0.000,cold
3441,exp-cold-5000-003433-c7a036ee,1784799971731,1784799971731,202,0.000,cold
3442,exp-cold-5000-003439-d380c347,1784799971731,1784799971731,202,0.000,cold
3443,exp-cold-5000-003454-b4c52469,1784799971731,1784799971732,202,1.000,cold
3444,exp-cold-5000-003455-c9aa1345,1784799971731,1784799971732,202,1.000,cold
3445,exp-cold-5000-003457-2866afd1,1784799971731,1784799971732,202,1.000,cold
3446,exp-cold-5000-003456-83c1545f,1784799971731,1784799971732,202,1.000,cold
3447,exp-cold-5000-003458-b9c972bd,1784799971731,1784799971732,202,1.000,cold
3448,exp-cold-5000-003448-5e34b0ac,1784799971731,1784799971732,202,1.000,cold
3449,exp-cold-5000-003459-27f7d9c6,1784799971731,1784799971732,202,1.000,cold
3450,exp-cold-5000-003450-9b4d1db6,1784799971731,1784799971732,202,1.000,cold
3451,exp-cold-5000-003444-e8f6818c,1784799971732,1784799971732,202,0.000,cold
3452,exp-cold-5000-003443-44c0fb3f,1784799971732,1784799971732,202,0.000,cold
3453,exp-cold-5000-003446-2e666323,1784799971732,1784799971732,202,0.000,cold
3454,exp-cold-5000-003445-d7dcea86,1784799971732,1784799971732,202,0.000,cold
3455,exp-cold-5000-003447-c0a06c9e,1784799971732,1784799971732,202,0.000,cold
3456,exp-cold-5000-003451-6551f741,1784799971732,1784799971732,202,0.000,cold
3457,exp-cold-5000-003449-c691f15f,1784799971732,1784799971732,202,0.000,cold
3458,exp-cold-5000-003452-cbb16e21,1784799971732,1784799971732,202,0.000,cold
3459,exp-cold-5000-003453-ccd9b688,1784799971732,1784799971732,202,0.000,cold
3460,exp-cold-5000-003471-a224e2ee,1784799971732,1784799971733,202,1.000,cold
3461,exp-cold-5000-003472-2e65fe64,1784799971732,1784799971733,202,1.000,cold
3462,exp-cold-5000-003467-340d53b2,1784799971732,1784799971733,202,1.000,cold
3463,exp-cold-5000-003473-a6ec625e,1784799971732,1784799971733,202,1.000,cold
3464,exp-cold-5000-003464-6b376244,1784799971732,1784799971733,202,1.000,cold
3465,exp-cold-5000-003474-cbb55093,1784799971732,1784799971733,202,1.000,cold
3466,exp-cold-5000-003460-2b0365d4,1784799971733,1784799971733,202,0.000,cold
3467,exp-cold-5000-003462-15a17118,1784799971733,1784799971733,202,0.000,cold
3468,exp-cold-5000-003463-0561c429,1784799971733,1784799971733,202,0.000,cold
3469,exp-cold-5000-003465-153397e4,1784799971733,1784799971733,202,0.000,cold
3470,exp-cold-5000-003466-c4f94e6b,1784799971733,1784799971733,202,0.000,cold
3471,exp-cold-5000-003461-9c6a8152,1784799971733,1784799971733,202,0.000,cold
3472,exp-cold-5000-003469-a4a1362d,1784799971733,1784799971733,202,0.000,cold
3473,exp-cold-5000-003468-4daa5998,1784799971733,1784799971733,202,0.000,cold
3474,exp-cold-5000-003470-766d53bb,1784799971733,1784799971733,202,0.000,cold
3475,exp-cold-5000-003482-74682a08,1784799971733,1784799971734,202,1.000,cold
3476,exp-cold-5000-003484-4b5e221e,1784799971733,1784799971734,202,1.000,cold
3477,exp-cold-5000-003483-9648b248,1784799971733,1784799971734,202,1.000,cold
3478,exp-cold-5000-003486-1a316241,1784799971733,1784799971734,202,1.000,cold
3479,exp-cold-5000-003478-f6cd5fd6,1784799971733,1784799971734,202,1.000,cold
3480,exp-cold-5000-003476-3472fa15,1784799971734,1784799971734,202,0.000,cold
3481,exp-cold-5000-003475-58b762dc,1784799971734,1784799971734,202,0.000,cold
3482,exp-cold-5000-003479-e03947b6,1784799971734,1784799971734,202,0.000,cold
3483,exp-cold-5000-003477-dd06afea,1784799971734,1784799971734,202,0.000,cold
3484,exp-cold-5000-003480-642bafb4,1784799971734,1784799971734,202,0.000,cold
3485,exp-cold-5000-003481-c67e3e19,1784799971734,1784799971734,202,0.000,cold
3486,exp-cold-5000-003494-75a6939e,1784799971734,1784799971735,202,1.000,cold
3487,exp-cold-5000-003492-8c9d1113,1784799971734,1784799971735,202,1.000,cold
3488,exp-cold-5000-003485-6e1c087a,1784799971734,1784799971735,202,1.000,cold
3489,exp-cold-5000-003495-10f80508,1784799971734,1784799971735,202,1.000,cold
3490,exp-cold-5000-003497-50d7fe18,1784799971734,1784799971735,202,1.000,cold
3491,exp-cold-5000-003496-da683af6,1784799971734,1784799971735,202,1.000,cold
3492,exp-cold-5000-003499-b3330351,1784799971734,1784799971735,202,1.000,cold
3493,exp-cold-5000-003488-2571f0ba,1784799971735,1784799971735,202,0.000,cold
3494,exp-cold-5000-003487-9fe6e262,1784799971735,1784799971735,202,0.000,cold
3495,exp-cold-5000-003490-562eee48,1784799971735,1784799971735,202,0.000,cold
3496,exp-cold-5000-003489-d6602458,1784799971735,1784799971735,202,0.000,cold
3497,exp-cold-5000-003493-538836c5,1784799971735,1784799971735,202,0.000,cold
3498,exp-cold-5000-003491-90233b42,1784799971735,1784799971735,202,0.000,cold
3499,exp-cold-5000-003500-7d066812,1784799971735,1784799971736,202,1.000,cold
3500,exp-cold-5000-003504-41a781b9,1784799971735,1784799971736,202,1.000,cold
3501,exp-cold-5000-003498-eee9ce36,1784799971735,1784799971736,202,1.000,cold
3502,exp-cold-5000-003512-ec224547,1784799971735,1784799971737,202,2.000,cold
3503,exp-cold-5000-003516-d450bf5a,1784799971735,1784799971737,202,2.000,cold
3504,exp-cold-5000-003501-b0a92d0f,1784799971736,1784799971736,202,0.000,cold
3505,exp-cold-5000-003502-9f84004f,1784799971736,1784799971736,202,0.000,cold
3506,exp-cold-5000-003503-5420d49c,1784799971736,1784799971736,202,0.000,cold
3507,exp-cold-5000-003515-554d916a,1784799971736,1784799971737,202,1.000,cold
3508,exp-cold-5000-003517-effb799d,1784799971736,1784799971737,202,1.000,cold
3509,exp-cold-5000-003508-7a8ba0d2,1784799971736,1784799971737,202,1.000,cold
3510,exp-cold-5000-003522-f03c446c,1784799971736,1784799971737,202,1.000,cold
3511,exp-cold-5000-003519-94ea5eeb,1784799971736,1784799971737,202,1.000,cold
3512,exp-cold-5000-003521-5152ba7f,1784799971736,1784799971737,202,1.000,cold
3513,exp-cold-5000-003531-874a400b,1784799971736,1784799971738,202,2.000,cold
3514,exp-cold-5000-003530-04e27c2e,1784799971736,1784799971738,202,2.000,cold
3515,exp-cold-5000-003511-43b27e65,1784799971737,1784799971737,202,0.000,cold
3516,exp-cold-5000-003510-7371b480,1784799971737,1784799971737,202,0.000,cold
3517,exp-cold-5000-003507-ceeaf43f,1784799971737,1784799971737,202,0.000,cold
3518,exp-cold-5000-003513-8217e0f7,1784799971737,1784799971737,202,0.000,cold
3519,exp-cold-5000-003506-27edfbcf,1784799971737,1784799971737,202,0.000,cold
3520,exp-cold-5000-003514-04d198b5,1784799971737,1784799971737,202,0.000,cold
3521,exp-cold-5000-003509-81e363d9,1784799971737,1784799971737,202,0.000,cold
3522,exp-cold-5000-003505-174972ff,1784799971737,1784799971737,202,0.000,cold
3523,exp-cold-5000-003532-2e9a0a06,1784799971737,1784799971738,202,1.000,cold
3524,exp-cold-5000-003533-728704e2,1784799971737,1784799971738,202,1.000,cold
3525,exp-cold-5000-003538-2e3e171d,1784799971737,1784799971738,202,1.000,cold
3526,exp-cold-5000-003529-4236338f,1784799971737,1784799971738,202,1.000,cold
3527,exp-cold-5000-003527-d0dc9741,1784799971737,1784799971738,202,1.000,cold
3528,exp-cold-5000-003535-df7f0663,1784799971737,1784799971738,202,1.000,cold
3529,exp-cold-5000-003537-fdc51eb1,1784799971737,1784799971738,202,1.000,cold
3530,exp-cold-5000-003520-ca6be1bd,1784799971737,1784799971738,202,1.000,cold
3531,exp-cold-5000-003528-c0218db5,1784799971737,1784799971738,202,1.000,cold
3532,exp-cold-5000-003534-afd8e10d,1784799971737,1784799971739,202,2.000,cold
3533,exp-cold-5000-003524-4b6fd804,1784799971738,1784799971738,202,0.000,cold
3534,exp-cold-5000-003523-fa341d6b,1784799971738,1784799971738,202,0.000,cold
3535,exp-cold-5000-003525-d3a74c9b,1784799971738,1784799971738,202,0.000,cold
3536,exp-cold-5000-003526-31e8b0c4,1784799971738,1784799971738,202,0.000,cold
3537,exp-cold-5000-003546-d9cc05b5,1784799971738,1784799971739,202,1.000,cold
3538,exp-cold-5000-003548-459a3599,1784799971738,1784799971739,202,1.000,cold
3539,exp-cold-5000-003547-3b8e5a27,1784799971738,1784799971739,202,1.000,cold
3540,exp-cold-5000-003550-8ce45928,1784799971738,1784799971739,202,1.000,cold
3541,exp-cold-5000-003549-01654425,1784799971738,1784799971739,202,1.000,cold
3542,exp-cold-5000-003545-071a0b41,1784799971738,1784799971739,202,1.000,cold
3543,exp-cold-5000-003540-4e83d7bb,1784799971738,1784799971739,202,1.000,cold
3544,exp-cold-5000-003564-e8dc978f,1784799971738,1784799971741,202,3.000,cold
3545,exp-cold-5000-003573-3f7133e3,1784799971738,1784799971741,202,3.000,cold
3546,exp-cold-5000-003541-65da5009,1784799971739,1784799971739,202,0.000,cold
3547,exp-cold-5000-003543-052a2a16,1784799971739,1784799971739,202,0.000,cold
3548,exp-cold-5000-003536-89ef2203,1784799971739,1784799971739,202,0.000,cold
3549,exp-cold-5000-003518-fba61b19,1784799971739,1784799971739,202,0.000,cold
3550,exp-cold-5000-003544-5a18c9a0,1784799971739,1784799971739,202,0.000,cold
3551,exp-cold-5000-003560-78bbb9f3,1784799971739,1784799971740,202,1.000,cold
3552,exp-cold-5000-003557-492bbc38,1784799971739,1784799971740,202,1.000,cold
3553,exp-cold-5000-003558-09ed613b,1784799971739,1784799971740,202,1.000,cold
3554,exp-cold-5000-003551-79cc40af,1784799971739,1784799971740,202,1.000,cold
3555,exp-cold-5000-003559-5b63bb60,1784799971739,1784799971740,202,1.000,cold
3556,exp-cold-5000-003569-dd5242ef,1784799971739,1784799971742,202,3.000,cold
3557,exp-cold-5000-003542-4f3d17e1,1784799971740,1784799971740,202,0.000,cold
3558,exp-cold-5000-003552-fd4859da,1784799971740,1784799971740,202,0.000,cold
3559,exp-cold-5000-003553-3e00006b,1784799971740,1784799971740,202,0.000,cold
3560,exp-cold-5000-003555-63cff2c1,1784799971740,1784799971740,202,0.000,cold
3561,exp-cold-5000-003539-0c074694,1784799971740,1784799971740,202,0.000,cold
3562,exp-cold-5000-003554-cac55f3c,1784799971740,1784799971740,202,0.000,cold
3563,exp-cold-5000-003556-5b134228,1784799971740,1784799971740,202,0.000,cold
3564,exp-cold-5000-003566-4f10979e,1784799971740,1784799971741,202,1.000,cold
3565,exp-cold-5000-003565-7b251c4c,1784799971740,1784799971741,202,1.000,cold
3566,exp-cold-5000-003567-4a89dc18,1784799971740,1784799971741,202,1.000,cold
3567,exp-cold-5000-003570-e7000f9c,1784799971740,1784799971741,202,1.000,cold
3568,exp-cold-5000-003571-c8f8d0a2,1784799971740,1784799971741,202,1.000,cold
3569,exp-cold-5000-003563-9da34a85,1784799971740,1784799971741,202,1.000,cold
3570,exp-cold-5000-003572-6b2be721,1784799971740,1784799971741,202,1.000,cold
3571,exp-cold-5000-003561-ef982b84,1784799971741,1784799971741,202,0.000,cold
3572,exp-cold-5000-003562-8d36042e,1784799971741,1784799971741,202,0.000,cold
3573,exp-cold-5000-003568-3dbbe504,1784799971741,1784799971741,202,0.000,cold
3574,exp-cold-5000-003580-5c4b774c,1784799971741,1784799971742,202,1.000,cold
3575,exp-cold-5000-003581-01a257d3,1784799971741,1784799971742,202,1.000,cold
3576,exp-cold-5000-003584-9d599169,1784799971741,1784799971742,202,1.000,cold
3577,exp-cold-5000-003576-71f30453,1784799971741,1784799971742,202,1.000,cold
3578,exp-cold-5000-003583-e43789c2,1784799971741,1784799971742,202,1.000,cold
3579,exp-cold-5000-003574-8bc5498c,1784799971741,1784799971742,202,1.000,cold
3580,exp-cold-5000-003585-9534f92e,1784799971741,1784799971742,202,1.000,cold
3581,exp-cold-5000-003586-02506dc1,1784799971741,1784799971743,202,2.000,cold
3582,exp-cold-5000-003592-9dfa38b2,1784799971741,1784799971743,202,2.000,cold
3583,exp-cold-5000-003597-4a6675f3,1784799971741,1784799971743,202,2.000,cold
3584,exp-cold-5000-003582-2ad909cf,1784799971741,1784799971743,202,2.000,cold
3585,exp-cold-5000-003575-c8198848,1784799971742,1784799971742,202,0.000,cold
3586,exp-cold-5000-003578-5666e2db,1784799971742,1784799971742,202,0.000,cold
3587,exp-cold-5000-003577-62add51c,1784799971742,1784799971742,202,0.000,cold
3588,exp-cold-5000-003579-b8e684e8,1784799971742,1784799971742,202,0.000,cold
3589,exp-cold-5000-003590-aacfa89e,1784799971742,1784799971743,202,1.000,cold
3590,exp-cold-5000-003595-1f793b77,1784799971742,1784799971743,202,1.000,cold
3591,exp-cold-5000-003594-ccb34c1b,1784799971742,1784799971743,202,1.000,cold
3592,exp-cold-5000-003593-a48d5558,1784799971742,1784799971743,202,1.000,cold
3593,exp-cold-5000-003639-b0cf74c9,1784799971742,1784799971746,202,4.000,cold
3594,exp-cold-5000-003621-efa83f60,1784799971742,1784799971746,202,4.000,cold
3595,exp-cold-5000-003588-1d06c41e,1784799971743,1784799971743,202,0.000,cold
3596,exp-cold-5000-003587-294cd33d,1784799971743,1784799971743,202,0.000,cold
3597,exp-cold-5000-003589-4bef4028,1784799971743,1784799971743,202,0.000,cold
3598,exp-cold-5000-003591-fbacdf5a,1784799971743,1784799971743,202,0.000,cold
3599,exp-cold-5000-003604-5704a413,1784799971743,1784799971744,202,1.000,cold
3600,exp-cold-5000-003609-b6c1d102,1784799971743,1784799971744,202,1.000,cold
3601,exp-cold-5000-003606-dc4b9874,1784799971743,1784799971744,202,1.000,cold
3602,exp-cold-5000-003607-e42a5b00,1784799971743,1784799971744,202,1.000,cold
3603,exp-cold-5000-003605-4390d3bd,1784799971743,1784799971744,202,1.000,cold
3604,exp-cold-5000-003619-dd860ab9,1784799971743,1784799971745,202,2.000,cold
3605,exp-cold-5000-003624-208d76fa,1784799971743,1784799971745,202,2.000,cold
3606,exp-cold-5000-003627-b201f20d,1784799971743,1784799971746,202,3.000,cold
3607,exp-cold-5000-003598-e766f639,1784799971744,1784799971744,202,0.000,cold
3608,exp-cold-5000-003599-e2ccad4f,1784799971744,1784799971744,202,0.000,cold
3609,exp-cold-5000-003600-df4bb6e6,1784799971744,1784799971744,202,0.000,cold
3610,exp-cold-5000-003596-049d5c66,1784799971744,1784799971744,202,0.000,cold
3611,exp-cold-5000-003602-a0329544,1784799971744,1784799971744,202,0.000,cold
3612,exp-cold-5000-003601-0a36cef1,1784799971744,1784799971744,202,0.000,cold
3613,exp-cold-5000-003603-18eed855,1784799971744,1784799971744,202,0.000,cold
3614,exp-cold-5000-003618-7c109a60,1784799971744,1784799971745,202,1.000,cold
3615,exp-cold-5000-003620-d2732fb8,1784799971744,1784799971745,202,1.000,cold
3616,exp-cold-5000-003623-d1b83065,1784799971744,1784799971745,202,1.000,cold
3617,exp-cold-5000-003608-9b08bfa9,1784799971744,1784799971745,202,1.000,cold
3618,exp-cold-5000-003622-29cbaba8,1784799971744,1784799971745,202,1.000,cold
3619,exp-cold-5000-003625-d67a8abb,1784799971744,1784799971746,202,2.000,cold
3620,exp-cold-5000-003610-79d1e2c2,1784799971745,1784799971745,202,0.000,cold
3621,exp-cold-5000-003611-e3e0cf4d,1784799971745,1784799971745,202,0.000,cold
3622,exp-cold-5000-003613-5e0f94d0,1784799971745,1784799971745,202,0.000,cold
3623,exp-cold-5000-003612-95a6dbf3,1784799971745,1784799971745,202,0.000,cold
3624,exp-cold-5000-003614-4bd51915,1784799971745,1784799971745,202,0.000,cold
3625,exp-cold-5000-003634-adb56925,1784799971745,1784799971746,202,1.000,cold
3626,exp-cold-5000-003632-380aa69a,1784799971745,1784799971746,202,1.000,cold
3627,exp-cold-5000-003637-8865f1d7,1784799971745,1784799971746,202,1.000,cold
3628,exp-cold-5000-003635-4ac12ef2,1784799971745,1784799971746,202,1.000,cold
3629,exp-cold-5000-003636-cc6d8bce,1784799971745,1784799971746,202,1.000,cold
3630,exp-cold-5000-003616-f8351c73,1784799971745,1784799971746,202,1.000,cold
3631,exp-cold-5000-003633-db026a8b,1784799971745,1784799971746,202,1.000,cold
3632,exp-cold-5000-003638-197eb7a8,1784799971745,1784799971746,202,1.000,cold
3633,exp-cold-5000-003657-94d9167f,1784799971745,1784799971748,202,3.000,cold
3634,exp-cold-5000-003656-ee71aa78,1784799971745,1784799971748,202,3.000,cold
3635,exp-cold-5000-003669-f55cffd7,1784799971745,1784799971749,202,4.000,cold
3636,exp-cold-5000-003628-4e615aeb,1784799971746,1784799971746,202,0.000,cold
3637,exp-cold-5000-003629-b906afaa,1784799971746,1784799971746,202,0.000,cold
3638,exp-cold-5000-003631-1c48e9a7,1784799971746,1784799971746,202,0.000,cold
3639,exp-cold-5000-003626-682a4558,1784799971746,1784799971746,202,0.000,cold
3640,exp-cold-5000-003630-b0717068,1784799971746,1784799971746,202,0.000,cold
3641,exp-cold-5000-003644-1dab9901,1784799971746,1784799971747,202,1.000,cold
3642,exp-cold-5000-003646-bf14bdb8,1784799971746,1784799971747,202,1.000,cold
3643,exp-cold-5000-003647-2371a037,1784799971746,1784799971747,202,1.000,cold
3644,exp-cold-5000-003641-72ef1549,1784799971746,1784799971747,202,1.000,cold
3645,exp-cold-5000-003666-e420dbd3,1784799971746,1784799971749,202,3.000,cold
3646,exp-cold-5000-003670-6ffd4e33,1784799971746,1784799971749,202,3.000,cold
3647,exp-cold-5000-003671-3b6d32b3,1784799971746,1784799971749,202,3.000,cold
3648,exp-cold-5000-003683-8a22419e,1784799971746,1784799971750,202,4.000,cold
3649,exp-cold-5000-003615-7b557a94,1784799971747,1784799971747,202,0.000,cold
3650,exp-cold-5000-003617-814538be,1784799971747,1784799971747,202,0.000,cold
3651,exp-cold-5000-003640-960d0cd6,1784799971747,1784799971747,202,0.000,cold
3652,exp-cold-5000-003642-35fcebf2,1784799971747,1784799971747,202,0.000,cold
3653,exp-cold-5000-003643-dc143785,1784799971747,1784799971747,202,0.000,cold
3654,exp-cold-5000-003645-394b0ac4,1784799971747,1784799971748,202,1.000,cold
3655,exp-cold-5000-003658-620369b3,1784799971747,1784799971748,202,1.000,cold
3656,exp-cold-5000-003659-d89e0d6e,1784799971747,1784799971748,202,1.000,cold
3657,exp-cold-5000-003661-802f119d,1784799971747,1784799971748,202,1.000,cold
3658,exp-cold-5000-003653-7bfa4780,1784799971747,1784799971748,202,1.000,cold
3659,exp-cold-5000-003660-8617293d,1784799971747,1784799971748,202,1.000,cold
3660,exp-cold-5000-003678-6be1885c,1784799971747,1784799971750,202,3.000,cold
3661,exp-cold-5000-003694-b1f8d7bd,1784799971747,1784799971751,202,4.000,cold
3662,exp-cold-5000-003649-66e8644c,1784799971748,1784799971748,202,0.000,cold
3663,exp-cold-5000-003648-e4aa942d,1784799971748,1784799971748,202,0.000,cold
3664,exp-cold-5000-003651-64c703af,1784799971748,1784799971748,202,0.000,cold
3665,exp-cold-5000-003652-adf350bf,1784799971748,1784799971748,202,0.000,cold
3666,exp-cold-5000-003654-742d0beb,1784799971748,1784799971748,202,0.000,cold
3667,exp-cold-5000-003655-395dea0f,1784799971748,1784799971748,202,0.000,cold
3668,exp-cold-5000-003650-2fdb0ccd,1784799971748,1784799971748,202,0.000,cold
3669,exp-cold-5000-003673-4b4b351d,1784799971748,1784799971749,202,1.000,cold
3670,exp-cold-5000-003667-61963cad,1784799971748,1784799971749,202,1.000,cold
3671,exp-cold-5000-003675-0986d9c2,1784799971748,1784799971749,202,1.000,cold
3672,exp-cold-5000-003674-65cf3432,1784799971748,1784799971749,202,1.000,cold
3673,exp-cold-5000-003672-b6a062e4,1784799971748,1784799971749,202,1.000,cold
3674,exp-cold-5000-003693-409b050d,1784799971748,1784799971751,202,3.000,cold
3675,exp-cold-5000-003695-db15e432,1784799971748,1784799971751,202,3.000,cold
3676,exp-cold-5000-003662-0b2f9ecf,1784799971749,1784799971749,202,0.000,cold
3677,exp-cold-5000-003663-15163c22,1784799971749,1784799971749,202,0.000,cold
3678,exp-cold-5000-003665-9bccbbc3,1784799971749,1784799971749,202,0.000,cold
3679,exp-cold-5000-003664-54322874,1784799971749,1784799971749,202,0.000,cold
3680,exp-cold-5000-003668-e691af03,1784799971749,1784799971749,202,0.000,cold
3681,exp-cold-5000-003684-c23ce4c8,1784799971749,1784799971750,202,1.000,cold
3682,exp-cold-5000-003679-c656c8a2,1784799971749,1784799971750,202,1.000,cold
3683,exp-cold-5000-003685-bfa3fbb5,1784799971749,1784799971750,202,1.000,cold
3684,exp-cold-5000-003688-e6aebbf3,1784799971749,1784799971750,202,1.000,cold
3685,exp-cold-5000-003687-41339d1f,1784799971749,1784799971750,202,1.000,cold
3686,exp-cold-5000-003689-b85f5fa1,1784799971749,1784799971750,202,1.000,cold
3687,exp-cold-5000-003686-ef12eaca,1784799971749,1784799971750,202,1.000,cold
3688,exp-cold-5000-003682-3d8e90bb,1784799971749,1784799971750,202,1.000,cold
3689,exp-cold-5000-003677-0c3d5b71,1784799971750,1784799971750,202,0.000,cold
3690,exp-cold-5000-003680-f5ea6cba,1784799971750,1784799971750,202,0.000,cold
3691,exp-cold-5000-003681-5b4283a4,1784799971750,1784799971750,202,0.000,cold
3692,exp-cold-5000-003676-847b80c4,1784799971750,1784799971750,202,0.000,cold
3693,exp-cold-5000-003698-c8128a01,1784799971750,1784799971751,202,1.000,cold
3694,exp-cold-5000-003699-8e018ee0,1784799971750,1784799971751,202,1.000,cold
3695,exp-cold-5000-003697-b2eff829,1784799971750,1784799971751,202,1.000,cold
3696,exp-cold-5000-003700-cf952cb9,1784799971750,1784799971751,202,1.000,cold
3697,exp-cold-5000-003696-97b65ad0,1784799971750,1784799971751,202,1.000,cold
3698,exp-cold-5000-003690-19ac1109,1784799971751,1784799971751,202,0.000,cold
3699,exp-cold-5000-003691-23534db0,1784799971751,1784799971751,202,0.000,cold
3700,exp-cold-5000-003692-ee9fa965,1784799971751,1784799971751,202,0.000,cold
3701,exp-cold-5000-003707-4de4eb1c,1784799971751,1784799971752,202,1.000,cold
3702,exp-cold-5000-003709-9a8fd446,1784799971751,1784799971752,202,1.000,cold
3703,exp-cold-5000-003710-c0d65364,1784799971751,1784799971752,202,1.000,cold
3704,exp-cold-5000-003708-4936dda2,1784799971751,1784799971752,202,1.000,cold
3705,exp-cold-5000-003705-67fb8644,1784799971751,1784799971752,202,1.000,cold
3706,exp-cold-5000-003704-0619ead6,1784799971751,1784799971752,202,1.000,cold
3707,exp-cold-5000-003702-58ea9de4,1784799971751,1784799971752,202,1.000,cold
3708,exp-cold-5000-003701-cb47dd5b,1784799971752,1784799971752,202,0.000,cold
3709,exp-cold-5000-003703-7181b731,1784799971752,1784799971752,202,0.000,cold
3710,exp-cold-5000-003706-2326ed0a,1784799971752,1784799971752,202,0.000,cold
3711,exp-cold-5000-003717-b9f2c3a6,1784799971752,1784799971753,202,1.000,cold
3712,exp-cold-5000-003712-7455da40,1784799971752,1784799971753,202,1.000,cold
3713,exp-cold-5000-003718-364b61b0,1784799971752,1784799971753,202,1.000,cold
3714,exp-cold-5000-003720-1bfc654b,1784799971752,1784799971753,202,1.000,cold
3715,exp-cold-5000-003719-78c6ef94,1784799971752,1784799971753,202,1.000,cold
3716,exp-cold-5000-003716-50428912,1784799971752,1784799971753,202,1.000,cold
3717,exp-cold-5000-003711-14d5fd91,1784799971752,1784799971753,202,1.000,cold
3718,exp-cold-5000-003713-b3a1a091,1784799971753,1784799971753,202,0.000,cold
3719,exp-cold-5000-003714-cd4daff9,1784799971753,1784799971753,202,0.000,cold
3720,exp-cold-5000-003715-e3311b67,1784799971753,1784799971753,202,0.000,cold
3721,exp-cold-5000-003722-b7b644d0,1784799971753,1784799971754,202,1.000,cold
3722,exp-cold-5000-003728-4ae6ff9f,1784799971753,1784799971754,202,1.000,cold
3723,exp-cold-5000-003727-7ef04cd7,1784799971753,1784799971754,202,1.000,cold
3724,exp-cold-5000-003726-fa2ada9e,1784799971753,1784799971754,202,1.000,cold
3725,exp-cold-5000-003721-c2fa1b9c,1784799971753,1784799971754,202,1.000,cold
3726,exp-cold-5000-003724-528d9809,1784799971753,1784799971754,202,1.000,cold
3727,exp-cold-5000-003723-94892384,1784799971754,1784799971754,202,0.000,cold
3728,exp-cold-5000-003725-5140f858,1784799971754,1784799971754,202,0.000,cold
3729,exp-cold-5000-003737-26a9e661,1784799971754,1784799971755,202,1.000,cold
3730,exp-cold-5000-003738-2ea0a5ad,1784799971754,1784799971755,202,1.000,cold
3731,exp-cold-5000-003735-1fbe962f,1784799971754,1784799971755,202,1.000,cold
3732,exp-cold-5000-003729-7636cc26,1784799971754,1784799971755,202,1.000,cold
3733,exp-cold-5000-003736-736fcf41,1784799971754,1784799971755,202,1.000,cold
3734,exp-cold-5000-003730-1b2000f4,1784799971755,1784799971755,202,0.000,cold
3735,exp-cold-5000-003732-2dd4268d,1784799971755,1784799971755,202,0.000,cold
3736,exp-cold-5000-003734-f6926f58,1784799971755,1784799971755,202,0.000,cold
3737,exp-cold-5000-003733-64ecee25,1784799971755,1784799971755,202,0.000,cold
3738,exp-cold-5000-003731-d0ffa0eb,1784799971755,1784799971755,202,0.000,cold
3739,exp-cold-5000-003748-7a8d5cd7,1784799971755,1784799971756,202,1.000,cold
3740,exp-cold-5000-003749-71917594,1784799971755,1784799971756,202,1.000,cold
3741,exp-cold-5000-003739-ccef736c,1784799971756,1784799971756,202,0.000,cold
3742,exp-cold-5000-003740-2d03302e,1784799971756,1784799971756,202,0.000,cold
3743,exp-cold-5000-003741-fd1316fb,1784799971756,1784799971756,202,0.000,cold
3744,exp-cold-5000-003742-97919df8,1784799971756,1784799971756,202,0.000,cold
3745,exp-cold-5000-003743-185da54a,1784799971756,1784799971756,202,0.000,cold
3746,exp-cold-5000-003745-bf27c8dd,1784799971756,1784799971756,202,0.000,cold
3747,exp-cold-5000-003744-a69cbfc8,1784799971756,1784799971756,202,0.000,cold
3748,exp-cold-5000-003746-e2247415,1784799971756,1784799971756,202,0.000,cold
3749,exp-cold-5000-003756-588e2961,1784799971756,1784799971757,202,1.000,cold
3750,exp-cold-5000-003758-e728de6d,1784799971756,1784799971757,202,1.000,cold
3751,exp-cold-5000-003757-0729c6d2,1784799971756,1784799971757,202,1.000,cold
3752,exp-cold-5000-003750-5b88ab9a,1784799971757,1784799971757,202,0.000,cold
3753,exp-cold-5000-003751-2b8001b6,1784799971757,1784799971757,202,0.000,cold
3754,exp-cold-5000-003752-7edaf46d,1784799971757,1784799971757,202,0.000,cold
3755,exp-cold-5000-003753-f9b3f0be,1784799971757,1784799971757,202,0.000,cold
3756,exp-cold-5000-003754-bc1f57ae,1784799971757,1784799971757,202,0.000,cold
3757,exp-cold-5000-003755-d03a8834,1784799971757,1784799971757,202,0.000,cold
3758,exp-cold-5000-003747-3aca2db8,1784799971757,1784799971757,202,0.000,cold
3759,exp-cold-5000-003762-adfc4dc7,1784799971757,1784799971758,202,1.000,cold
3760,exp-cold-5000-003759-80149f7c,1784799971758,1784799971758,202,0.000,cold
3761,exp-cold-5000-003761-d7e0000a,1784799971758,1784799971758,202,0.000,cold
3762,exp-cold-5000-003760-abe5a1c3,1784799971758,1784799971758,202,0.000,cold
3763,exp-cold-5000-003767-0729953a,1784799971758,1784799971759,202,1.000,cold
3764,exp-cold-5000-003766-e576163d,1784799971758,1784799971759,202,1.000,cold
3765,exp-cold-5000-003763-0ced4bd1,1784799971759,1784799971759,202,0.000,cold
3766,exp-cold-5000-003764-5d38f7fb,1784799971759,1784799971759,202,0.000,cold
3767,exp-cold-5000-003765-b6f22d8c,1784799971759,1784799971759,202,0.000,cold
3768,exp-cold-5000-003769-75000951,1784799971759,1784799971760,202,1.000,cold
3769,exp-cold-5000-003771-fbd8bc16,1784799971759,1784799971760,202,1.000,cold
3770,exp-cold-5000-003770-0b213799,1784799971760,1784799971760,202,0.000,cold
3771,exp-cold-5000-003768-8ea3ca56,1784799971760,1784799971760,202,0.000,cold
3772,exp-cold-5000-003775-7a535063,1784799971760,1784799971761,202,1.000,cold
3773,exp-cold-5000-003776-bf6666da,1784799971760,1784799971761,202,1.000,cold
3774,exp-cold-5000-003773-a072d706,1784799971761,1784799971761,202,0.000,cold
3775,exp-cold-5000-003774-c33512ba,1784799971761,1784799971761,202,0.000,cold
3776,exp-cold-5000-003772-c85a6e5b,1784799971761,1784799971761,202,0.000,cold
3777,exp-cold-5000-003781-e0b0e8a8,1784799971761,1784799971762,202,1.000,cold
3778,exp-cold-5000-003777-bb209359,1784799971762,1784799971762,202,0.000,cold
3779,exp-cold-5000-003780-980e6dc9,1784799971762,1784799971762,202,0.000,cold
3780,exp-cold-5000-003779-d6047538,1784799971762,1784799971762,202,0.000,cold
3781,exp-cold-5000-003778-78f2fb24,1784799971762,1784799971762,202,0.000,cold
3782,exp-cold-5000-003787-f61f151e,1784799971762,1784799971763,202,1.000,cold
3783,exp-cold-5000-003783-eaeb4b8d,1784799971763,1784799971763,202,0.000,cold
3784,exp-cold-5000-003782-90a73a9f,1784799971763,1784799971763,202,0.000,cold
3785,exp-cold-5000-003785-ebc4af38,1784799971763,1784799971763,202,0.000,cold
3786,exp-cold-5000-003786-b9be7610,1784799971763,1784799971763,202,0.000,cold
3787,exp-cold-5000-003784-d169a5bf,1784799971763,1784799971763,202,0.000,cold
3788,exp-cold-5000-003790-cedbe3ec,1784799971763,1784799971764,202,1.000,cold
3789,exp-cold-5000-003792-a4c29b7e,1784799971763,1784799971764,202,1.000,cold
3790,exp-cold-5000-003788-a210d7b0,1784799971764,1784799971764,202,0.000,cold
3791,exp-cold-5000-003789-72960725,1784799971764,1784799971764,202,0.000,cold
3792,exp-cold-5000-003791-bdb31f22,1784799971764,1784799971764,202,0.000,cold
3793,exp-cold-5000-003796-de642152,1784799971764,1784799971765,202,1.000,cold
3794,exp-cold-5000-003793-16f029d7,1784799971765,1784799971765,202,0.000,cold
3795,exp-cold-5000-003794-05e92eaf,1784799971765,1784799971765,202,0.000,cold
3796,exp-cold-5000-003795-dc0ecefc,1784799971765,1784799971765,202,0.000,cold
3797,exp-cold-5000-003802-805fc31a,1784799971765,1784799971766,202,1.000,cold
3798,exp-cold-5000-003801-19a008e9,1784799971765,1784799971766,202,1.000,cold
3799,exp-cold-5000-003799-68edb181,1784799971765,1784799971766,202,1.000,cold
3800,exp-cold-5000-003800-82cca28b,1784799971765,1784799971766,202,1.000,cold
3801,exp-cold-5000-003797-f202d8e9,1784799971766,1784799971766,202,0.000,cold
3802,exp-cold-5000-003798-6a9c4663,1784799971766,1784799971766,202,0.000,cold
3803,exp-cold-5000-003806-6f98d030,1784799971766,1784799971767,202,1.000,cold
3804,exp-cold-5000-003805-d19a4754,1784799971766,1784799971767,202,1.000,cold
3805,exp-cold-5000-003807-c1c6749e,1784799971766,1784799971767,202,1.000,cold
3806,exp-cold-5000-003804-0fb2f378,1784799971767,1784799971767,202,0.000,cold
3807,exp-cold-5000-003803-a27539fc,1784799971767,1784799971767,202,0.000,cold
3808,exp-cold-5000-003813-ccbe4515,1784799971767,1784799971768,202,1.000,cold
3809,exp-cold-5000-003811-3180a040,1784799971767,1784799971768,202,1.000,cold
3810,exp-cold-5000-003808-b13e3f05,1784799971768,1784799971768,202,0.000,cold
3811,exp-cold-5000-003809-ada00fd1,1784799971768,1784799971768,202,0.000,cold
3812,exp-cold-5000-003810-fb42503c,1784799971768,1784799971768,202,0.000,cold
3813,exp-cold-5000-003812-203d5ada,1784799971768,1784799971768,202,0.000,cold
3814,exp-cold-5000-003820-af55d7eb,1784799971768,1784799971769,202,1.000,cold
3815,exp-cold-5000-003819-f5dc2455,1784799971768,1784799971769,202,1.000,cold
3816,exp-cold-5000-003817-2296e48e,1784799971768,1784799971769,202,1.000,cold
3817,exp-cold-5000-003818-365db88f,1784799971768,1784799971769,202,1.000,cold
3818,exp-cold-5000-003816-2a094681,1784799971768,1784799971769,202,1.000,cold
3819,exp-cold-5000-003814-1b300981,1784799971769,1784799971769,202,0.000,cold
3820,exp-cold-5000-003815-9cd326c8,1784799971769,1784799971769,202,0.000,cold
3821,exp-cold-5000-003822-4fe4314e,1784799971769,1784799971770,202,1.000,cold
3822,exp-cold-5000-003824-34e84e15,1784799971769,1784799971770,202,1.000,cold
3823,exp-cold-5000-003821-2b9eb956,1784799971770,1784799971770,202,0.000,cold
3824,exp-cold-5000-003826-602e081e,1784799971770,1784799971771,202,1.000,cold
3825,exp-cold-5000-003828-440e7c04,1784799971770,1784799971771,202,1.000,cold
3826,exp-cold-5000-003823-5fc7fd30,1784799971771,1784799971771,202,0.000,cold
3827,exp-cold-5000-003825-b836ba45,1784799971771,1784799971771,202,0.000,cold
3828,exp-cold-5000-003827-2e52a494,1784799971772,1784799971772,202,0.000,cold
3829,exp-cold-5000-003829-ffc8fe84,1784799971772,1784799971772,202,0.000,cold
3830,exp-cold-5000-003831-3a5ef3e7,1784799971772,1784799971772,202,0.000,cold
3831,exp-cold-5000-003830-2f275e1b,1784799971772,1784799971772,202,0.000,cold
3832,exp-cold-5000-003836-4d52ea7a,1784799971772,1784799971773,202,1.000,cold
3833,exp-cold-5000-003834-607c08e0,1784799971773,1784799971773,202,0.000,cold
3834,exp-cold-5000-003833-0ad6ed54,1784799971773,1784799971773,202,0.000,cold
3835,exp-cold-5000-003832-2eeeca8b,1784799971773,1784799971773,202,0.000,cold
3836,exp-cold-5000-003835-f857fad8,1784799971773,1784799971773,202,0.000,cold
3837,exp-cold-5000-003838-2495e591,1784799971774,1784799971774,202,0.000,cold
3838,exp-cold-5000-003839-375e7316,1784799971774,1784799971774,202,0.000,cold
3839,exp-cold-5000-003837-9783cb6e,1784799971774,1784799971774,202,0.000,cold
3840,exp-cold-5000-003840-a18b709b,1784799971774,1784799971774,202,0.000,cold
3841,exp-cold-5000-003847-1716c79e,1784799971774,1784799971775,202,1.000,cold
3842,exp-cold-5000-003845-bf7003ec,1784799971774,1784799971775,202,1.000,cold
3843,exp-cold-5000-003842-95e6f61e,1784799971775,1784799971775,202,0.000,cold
3844,exp-cold-5000-003843-361c752d,1784799971775,1784799971775,202,0.000,cold
3845,exp-cold-5000-003844-884af23f,1784799971775,1784799971775,202,0.000,cold
3846,exp-cold-5000-003841-4ccbb5dc,1784799971775,1784799971775,202,0.000,cold
3847,exp-cold-5000-003851-e387ced4,1784799971775,1784799971776,202,1.000,cold
3848,exp-cold-5000-003846-7ccd40ea,1784799971776,1784799971776,202,0.000,cold
3849,exp-cold-5000-003849-1ee61456,1784799971776,1784799971776,202,0.000,cold
3850,exp-cold-5000-003848-6c96893f,1784799971776,1784799971776,202,0.000,cold
3851,exp-cold-5000-003850-7a1932c4,1784799971776,1784799971776,202,0.000,cold
3852,exp-cold-5000-003856-22a365df,1784799971776,1784799971777,202,1.000,cold
3853,exp-cold-5000-003857-d783ff52,1784799971776,1784799971777,202,1.000,cold
3854,exp-cold-5000-003852-887ea464,1784799971777,1784799971777,202,0.000,cold
3855,exp-cold-5000-003854-4da4b463,1784799971777,1784799971777,202,0.000,cold
3856,exp-cold-5000-003855-9f209cc0,1784799971777,1784799971777,202,0.000,cold
3857,exp-cold-5000-003853-9260ef3b,1784799971777,1784799971777,202,0.000,cold
3858,exp-cold-5000-003861-7e9f487f,1784799971777,1784799971778,202,1.000,cold
3859,exp-cold-5000-003862-80d62de8,1784799971777,1784799971778,202,1.000,cold
3860,exp-cold-5000-003859-65144cde,1784799971778,1784799971778,202,0.000,cold
3861,exp-cold-5000-003858-e0984f5f,1784799971778,1784799971778,202,0.000,cold
3862,exp-cold-5000-003860-7a48e275,1784799971778,1784799971778,202,0.000,cold
3863,exp-cold-5000-003867-ec7fc8af,1784799971778,1784799971779,202,1.000,cold
3864,exp-cold-5000-003866-5801b72d,1784799971778,1784799971779,202,1.000,cold
3865,exp-cold-5000-003864-63e84340,1784799971778,1784799971779,202,1.000,cold
3866,exp-cold-5000-003863-b66e6a54,1784799971779,1784799971779,202,0.000,cold
3867,exp-cold-5000-003865-21023680,1784799971779,1784799971779,202,0.000,cold
3868,exp-cold-5000-003870-786ac1fb,1784799971779,1784799971780,202,1.000,cold
3869,exp-cold-5000-003868-04fdfad8,1784799971779,1784799971780,202,1.000,cold
3870,exp-cold-5000-003869-a9754f92,1784799971780,1784799971780,202,0.000,cold
3871,exp-cold-5000-003871-8f1d87b4,1784799971780,1784799971780,202,0.000,cold
3872,exp-cold-5000-003877-f01f2ad2,1784799971780,1784799971781,202,1.000,cold
3873,exp-cold-5000-003872-4c076138,1784799971781,1784799971781,202,0.000,cold
3874,exp-cold-5000-003873-379d529a,1784799971781,1784799971781,202,0.000,cold
3875,exp-cold-5000-003874-2605a331,1784799971781,1784799971781,202,0.000,cold
3876,exp-cold-5000-003875-1a59d969,1784799971781,1784799971781,202,0.000,cold
3877,exp-cold-5000-003882-ccb32d1f,1784799971781,1784799971782,202,1.000,cold
3878,exp-cold-5000-003881-4c67f57c,1784799971781,1784799971782,202,1.000,cold
3879,exp-cold-5000-003880-a639e49a,1784799971781,1784799971782,202,1.000,cold
3880,exp-cold-5000-003878-14db3188,1784799971782,1784799971782,202,0.000,cold
3881,exp-cold-5000-003879-0ec0c5e4,1784799971782,1784799971782,202,0.000,cold
3882,exp-cold-5000-003876-c03b3545,1784799971782,1784799971782,202,0.000,cold
3883,exp-cold-5000-003886-ebcadeba,1784799971782,1784799971783,202,1.000,cold
3884,exp-cold-5000-003888-5d582053,1784799971782,1784799971783,202,1.000,cold
3885,exp-cold-5000-003883-46fd2ba9,1784799971783,1784799971783,202,0.000,cold
3886,exp-cold-5000-003885-87c5935d,1784799971783,1784799971783,202,0.000,cold
3887,exp-cold-5000-003887-cb4cbf4f,1784799971783,1784799971783,202,0.000,cold
3888,exp-cold-5000-003884-2e7aea87,1784799971783,1784799971783,202,0.000,cold
3889,exp-cold-5000-003893-2afd6dc7,1784799971783,1784799971784,202,1.000,cold
3890,exp-cold-5000-003890-f9999848,1784799971784,1784799971784,202,0.000,cold
3891,exp-cold-5000-003889-d9d9436b,1784799971784,1784799971784,202,0.000,cold
3892,exp-cold-5000-003891-8ae7b84c,1784799971784,1784799971784,202,0.000,cold
3893,exp-cold-5000-003895-2efb5962,1784799971784,1784799971785,202,1.000,cold
3894,exp-cold-5000-003897-290b1bda,1784799971784,1784799971785,202,1.000,cold
3895,exp-cold-5000-003894-e1545533,1784799971785,1784799971785,202,0.000,cold
3896,exp-cold-5000-003892-27778ca9,1784799971785,1784799971785,202,0.000,cold
3897,exp-cold-5000-003896-3bc44a02,1784799971785,1784799971785,202,0.000,cold
3898,exp-cold-5000-003901-b50270bc,1784799971785,1784799971786,202,1.000,cold
3899,exp-cold-5000-003898-111afc14,1784799971785,1784799971786,202,1.000,cold
3900,exp-cold-5000-003902-ae22236f,1784799971785,1784799971786,202,1.000,cold
3901,exp-cold-5000-003899-ee32346c,1784799971786,1784799971786,202,0.000,cold
3902,exp-cold-5000-003900-22a01a13,1784799971786,1784799971786,202,0.000,cold
3903,exp-cold-5000-003904-f0d6cbf4,1784799971786,1784799971787,202,1.000,cold
3904,exp-cold-5000-003903-bb35c696,1784799971786,1784799971787,202,1.000,cold
3905,exp-cold-5000-003906-3e526e2b,1784799971786,1784799971787,202,1.000,cold
3906,exp-cold-5000-003905-12d035d1,1784799971787,1784799971787,202,0.000,cold
3907,exp-cold-5000-003909-b9a145ab,1784799971787,1784799971788,202,1.000,cold
3908,exp-cold-5000-003912-cc23679b,1784799971787,1784799971788,202,1.000,cold
3909,exp-cold-5000-003907-1d5e3d8e,1784799971788,1784799971788,202,0.000,cold
3910,exp-cold-5000-003908-471ad383,1784799971788,1784799971788,202,0.000,cold
3911,exp-cold-5000-003915-ca45c70e,1784799971788,1784799971789,202,1.000,cold
3912,exp-cold-5000-003914-490a08f9,1784799971788,1784799971789,202,1.000,cold
3913,exp-cold-5000-003910-c9cdcaad,1784799971789,1784799971789,202,0.000,cold
3914,exp-cold-5000-003913-13d3738b,1784799971789,1784799971789,202,0.000,cold
3915,exp-cold-5000-003911-cafb73a4,1784799971789,1784799971789,202,0.000,cold
3916,exp-cold-5000-003920-b7b5ee48,1784799971789,1784799971790,202,1.000,cold
3917,exp-cold-5000-003917-e5fe93cf,1784799971790,1784799971790,202,0.000,cold
3918,exp-cold-5000-003918-2fdf1b32,1784799971790,1784799971790,202,0.000,cold
3919,exp-cold-5000-003919-57bfa929,1784799971790,1784799971790,202,0.000,cold
3920,exp-cold-5000-003916-0703ade4,1784799971790,1784799971790,202,0.000,cold
3921,exp-cold-5000-003925-e611de52,1784799971790,1784799971791,202,1.000,cold
3922,exp-cold-5000-003923-7a9560ef,1784799971791,1784799971791,202,0.000,cold
3923,exp-cold-5000-003922-4e646414,1784799971791,1784799971791,202,0.000,cold
3924,exp-cold-5000-003924-14e425c8,1784799971791,1784799971791,202,0.000,cold
3925,exp-cold-5000-003921-db224e6c,1784799971791,1784799971791,202,0.000,cold
3926,exp-cold-5000-003928-87149f5b,1784799971791,1784799971792,202,1.000,cold
3927,exp-cold-5000-003931-7a145ec6,1784799971791,1784799971792,202,1.000,cold
3928,exp-cold-5000-003930-cc90d8f5,1784799971791,1784799971792,202,1.000,cold
3929,exp-cold-5000-003926-0c5da904,1784799971792,1784799971792,202,0.000,cold
3930,exp-cold-5000-003929-c68d562b,1784799971792,1784799971792,202,0.000,cold
3931,exp-cold-5000-003927-c7d0daec,1784799971792,1784799971792,202,0.000,cold
3932,exp-cold-5000-003935-9908063b,1784799971792,1784799971793,202,1.000,cold
3933,exp-cold-5000-003932-02d53713,1784799971793,1784799971793,202,0.000,cold
3934,exp-cold-5000-003934-32f0e089,1784799971793,1784799971793,202,0.000,cold
3935,exp-cold-5000-003933-d52a7e63,1784799971793,1784799971793,202,0.000,cold
3936,exp-cold-5000-003936-7556b9de,1784799971794,1784799971794,202,0.000,cold
3937,exp-cold-5000-003937-20c3150f,1784799971794,1784799971794,202,0.000,cold
3938,exp-cold-5000-003940-67820102,1784799971794,1784799971794,202,0.000,cold
3939,exp-cold-5000-003939-6de20562,1784799971794,1784799971794,202,0.000,cold
3940,exp-cold-5000-003938-aef1acfd,1784799971794,1784799971794,202,0.000,cold
3941,exp-cold-5000-003943-388f419c,1784799971794,1784799971795,202,1.000,cold
3942,exp-cold-5000-003945-8c5de1c8,1784799971794,1784799971795,202,1.000,cold
3943,exp-cold-5000-003941-bd7ea802,1784799971795,1784799971795,202,0.000,cold
3944,exp-cold-5000-003942-39e1e28c,1784799971795,1784799971795,202,0.000,cold
3945,exp-cold-5000-003944-01efd6ef,1784799971795,1784799971795,202,0.000,cold
3946,exp-cold-5000-003951-85045017,1784799971795,1784799971796,202,1.000,cold
3947,exp-cold-5000-003952-75b884dd,1784799971795,1784799971796,202,1.000,cold
3948,exp-cold-5000-003950-2b470e3a,1784799971795,1784799971796,202,1.000,cold
3949,exp-cold-5000-003948-766de658,1784799971795,1784799971796,202,1.000,cold
3950,exp-cold-5000-003946-bbb51335,1784799971796,1784799971796,202,0.000,cold
3951,exp-cold-5000-003947-8a40dcc5,1784799971796,1784799971796,202,0.000,cold
3952,exp-cold-5000-003949-daa45ceb,1784799971796,1784799971796,202,0.000,cold
3953,exp-cold-5000-003955-112ca628,1784799971796,1784799971797,202,1.000,cold
3954,exp-cold-5000-003954-02099e9c,1784799971796,1784799971797,202,1.000,cold
3955,exp-cold-5000-003953-b883855d,1784799971797,1784799971797,202,0.000,cold
3956,exp-cold-5000-003960-cb8187c3,1784799971797,1784799971798,202,1.000,cold
3957,exp-cold-5000-003959-a6fb2b3f,1784799971797,1784799971798,202,1.000,cold
3958,exp-cold-5000-003956-14253813,1784799971798,1784799971798,202,0.000,cold
3959,exp-cold-5000-003957-f1cddc7a,1784799971798,1784799971798,202,0.000,cold
3960,exp-cold-5000-003958-a9c55e5d,1784799971798,1784799971798,202,0.000,cold
3961,exp-cold-5000-003965-400ce830,1784799971798,1784799971799,202,1.000,cold
3962,exp-cold-5000-003961-193dc1db,1784799971799,1784799971799,202,0.000,cold
3963,exp-cold-5000-003962-54dffb97,1784799971799,1784799971799,202,0.000,cold
3964,exp-cold-5000-003963-9180bf3e,1784799971799,1784799971799,202,0.000,cold
3965,exp-cold-5000-003970-9a8584a1,1784799971799,1784799971800,202,1.000,cold
3966,exp-cold-5000-003971-3e87c9ac,1784799971799,1784799971800,202,1.000,cold
3967,exp-cold-5000-003966-7bc7ba66,1784799971800,1784799971800,202,0.000,cold
3968,exp-cold-5000-003964-debf940d,1784799971800,1784799971800,202,0.000,cold
3969,exp-cold-5000-003967-959c3b19,1784799971800,1784799971800,202,0.000,cold
3970,exp-cold-5000-003968-b8017279,1784799971800,1784799971800,202,0.000,cold
3971,exp-cold-5000-003975-ec2d957e,1784799971800,1784799971801,202,1.000,cold
3972,exp-cold-5000-003974-5e6d3ec6,1784799971800,1784799971801,202,1.000,cold
3973,exp-cold-5000-003976-2eee0dff,1784799971800,1784799971801,202,1.000,cold
3974,exp-cold-5000-003972-593dfd34,1784799971801,1784799971801,202,0.000,cold
3975,exp-cold-5000-003969-abedba33,1784799971801,1784799971801,202,0.000,cold
3976,exp-cold-5000-003973-5275422e,1784799971801,1784799971801,202,0.000,cold
3977,exp-cold-5000-003980-316f1366,1784799971801,1784799971802,202,1.000,cold
3978,exp-cold-5000-003979-e525c12a,1784799971801,1784799971802,202,1.000,cold
3979,exp-cold-5000-003977-7e42391f,1784799971801,1784799971802,202,1.000,cold
3980,exp-cold-5000-003978-64f289a1,1784799971802,1784799971802,202,0.000,cold
3981,exp-cold-5000-003983-026067ac,1784799971802,1784799971803,202,1.000,cold
3982,exp-cold-5000-003984-3702f7cb,1784799971802,1784799971803,202,1.000,cold
3983,exp-cold-5000-003982-8545e327,1784799971803,1784799971803,202,0.000,cold
3984,exp-cold-5000-003981-447fd9ef,1784799971803,1784799971803,202,0.000,cold
3985,exp-cold-5000-003989-8784ef1b,1784799971803,1784799971804,202,1.000,cold
3986,exp-cold-5000-003988-5d81ab01,1784799971803,1784799971804,202,1.000,cold
3987,exp-cold-5000-003987-62f32777,1784799971804,1784799971804,202,0.000,cold
3988,exp-cold-5000-003986-8cb98ce2,1784799971804,1784799971804,202,0.000,cold
3989,exp-cold-5000-003985-69a59dad,1784799971804,1784799971804,202,0.000,cold
3990,exp-cold-5000-003994-a3df52fd,1784799971804,1784799971805,202,1.000,cold
3991,exp-cold-5000-003995-7ad51411,1784799971804,1784799971805,202,1.000,cold
3992,exp-cold-5000-003990-76fab9d5,1784799971805,1784799971805,202,0.000,cold
3993,exp-cold-5000-003993-18deb0d9,1784799971805,1784799971805,202,0.000,cold
3994,exp-cold-5000-003992-e393d21c,1784799971805,1784799971805,202,0.000,cold
3995,exp-cold-5000-003991-a9791e05,1784799971805,1784799971805,202,0.000,cold
3996,exp-cold-5000-003999-592e70d4,1784799971805,1784799971806,202,1.000,cold
3997,exp-cold-5000-003998-036fdd4e,1784799971805,1784799971806,202,1.000,cold
3998,exp-cold-5000-003996-7f7d9ee5,1784799971805,1784799971806,202,1.000,cold
3999,exp-cold-5000-003997-7150fdbc,1784799971806,1784799971806,202,0.000,cold
4000,exp-cold-5000-004002-82eca27d,1784799971806,1784799971807,202,1.000,cold
4001,exp-cold-5000-004004-866208a4,1784799971806,1784799971807,202,1.000,cold
4002,exp-cold-5000-004003-98895590,1784799971806,1784799971807,202,1.000,cold
4003,exp-cold-5000-004001-cdba08de,1784799971806,1784799971807,202,1.000,cold
4004,exp-cold-5000-004000-f6f136b2,1784799971807,1784799971807,202,0.000,cold
4005,exp-cold-5000-004007-881dd8e6,1784799971807,1784799971808,202,1.000,cold
4006,exp-cold-5000-004005-8577daae,1784799971807,1784799971808,202,1.000,cold
4007,exp-cold-5000-004008-758fb1ce,1784799971807,1784799971808,202,1.000,cold
4008,exp-cold-5000-004006-49230579,1784799971808,1784799971808,202,0.000,cold
4009,exp-cold-5000-004013-8fc2a986,1784799971808,1784799971809,202,1.000,cold
4010,exp-cold-5000-004011-21d2d311,1784799971808,1784799971809,202,1.000,cold
4011,exp-cold-5000-004009-ce8d3189,1784799971809,1784799971809,202,0.000,cold
4012,exp-cold-5000-004010-56487730,1784799971809,1784799971809,202,0.000,cold
4013,exp-cold-5000-004012-f203f92c,1784799971809,1784799971809,202,0.000,cold
4014,exp-cold-5000-004017-e849c2fa,1784799971809,1784799971810,202,1.000,cold
4015,exp-cold-5000-004018-1084fe1f,1784799971809,1784799971810,202,1.000,cold
4016,exp-cold-5000-004016-04d6de69,1784799971809,1784799971810,202,1.000,cold
4017,exp-cold-5000-004015-1dcb9742,1784799971810,1784799971810,202,0.000,cold
4018,exp-cold-5000-004014-04f87bdb,1784799971810,1784799971810,202,0.000,cold
4019,exp-cold-5000-004021-3cc93c83,1784799971810,1784799971811,202,1.000,cold
4020,exp-cold-5000-004020-437b9249,1784799971810,1784799971811,202,1.000,cold
4021,exp-cold-5000-004022-b0c20749,1784799971810,1784799971811,202,1.000,cold
4022,exp-cold-5000-004023-c2606aef,1784799971810,1784799971811,202,1.000,cold
4023,exp-cold-5000-004019-1cb94e34,1784799971811,1784799971811,202,0.000,cold
4024,exp-cold-5000-004028-f609eaab,1784799971811,1784799971812,202,1.000,cold
4025,exp-cold-5000-004029-d1ace203,1784799971811,1784799971812,202,1.000,cold
4026,exp-cold-5000-004030-3b8482a8,1784799971811,1784799971812,202,1.000,cold
4027,exp-cold-5000-004025-e4d49b4f,1784799971811,1784799971812,202,1.000,cold
4028,exp-cold-5000-004026-04ba9010,1784799971811,1784799971812,202,1.000,cold
4029,exp-cold-5000-004024-7609ae98,1784799971812,1784799971812,202,0.000,cold
4030,exp-cold-5000-004027-ddf4ee9e,1784799971812,1784799971812,202,0.000,cold
4031,exp-cold-5000-004033-fb8a1f99,1784799971812,1784799971813,202,1.000,cold
4032,exp-cold-5000-004034-a135e9f4,1784799971812,1784799971813,202,1.000,cold
4033,exp-cold-5000-004036-5be4f3f6,1784799971812,1784799971813,202,1.000,cold
4034,exp-cold-5000-004035-2b330e64,1784799971812,1784799971813,202,1.000,cold
4035,exp-cold-5000-004031-4fcd9752,1784799971813,1784799971813,202,0.000,cold
4036,exp-cold-5000-004040-f512d424,1784799971813,1784799971814,202,1.000,cold
4037,exp-cold-5000-004032-e13b4a36,1784799971813,1784799971814,202,1.000,cold
4038,exp-cold-5000-004041-78e044a2,1784799971813,1784799971814,202,1.000,cold
4039,exp-cold-5000-004039-e1354a23,1784799971813,1784799971814,202,1.000,cold
4040,exp-cold-5000-004038-06c16448,1784799971814,1784799971814,202,0.000,cold
4041,exp-cold-5000-004037-04ade57a,1784799971814,1784799971814,202,0.000,cold
4042,exp-cold-5000-004046-26de1a75,1784799971814,1784799971815,202,1.000,cold
4043,exp-cold-5000-004044-e8e5af63,1784799971814,1784799971815,202,1.000,cold
4044,exp-cold-5000-004047-0dfbac4d,1784799971814,1784799971815,202,1.000,cold
4045,exp-cold-5000-004045-c7003709,1784799971814,1784799971815,202,1.000,cold
4046,exp-cold-5000-004042-3df3c615,1784799971815,1784799971815,202,0.000,cold
4047,exp-cold-5000-004043-2d5a6cfe,1784799971815,1784799971815,202,0.000,cold
4048,exp-cold-5000-004050-69b5273e,1784799971815,1784799971816,202,1.000,cold
4049,exp-cold-5000-004048-fcb98351,1784799971816,1784799971816,202,0.000,cold
4050,exp-cold-5000-004049-1fa23a74,1784799971816,1784799971816,202,0.000,cold
4051,exp-cold-5000-004054-6b9ddc5b,1784799971816,1784799971817,202,1.000,cold
4052,exp-cold-5000-004052-d0e31bce,1784799971817,1784799971817,202,0.000,cold
4053,exp-cold-5000-004053-4c02120c,1784799971817,1784799971817,202,0.000,cold
4054,exp-cold-5000-004051-4b8eadb6,1784799971817,1784799971817,202,0.000,cold
4055,exp-cold-5000-004060-f08aa656,1784799971817,1784799971818,202,1.000,cold
4056,exp-cold-5000-004057-ca81b417,1784799971818,1784799971818,202,0.000,cold
4057,exp-cold-5000-004056-b5805a7f,1784799971818,1784799971818,202,0.000,cold
4058,exp-cold-5000-004058-dacdc01c,1784799971818,1784799971818,202,0.000,cold
4059,exp-cold-5000-004055-91a33e28,1784799971818,1784799971818,202,0.000,cold
4060,exp-cold-5000-004059-d853ee48,1784799971818,1784799971818,202,0.000,cold
4061,exp-cold-5000-004066-fb3d34f6,1784799971818,1784799971819,202,1.000,cold
4062,exp-cold-5000-004067-54db361d,1784799971818,1784799971819,202,1.000,cold
4063,exp-cold-5000-004063-86dbe9fa,1784799971819,1784799971819,202,0.000,cold
4064,exp-cold-5000-004062-77696c17,1784799971819,1784799971819,202,0.000,cold
4065,exp-cold-5000-004064-cc6b3edf,1784799971819,1784799971819,202,0.000,cold
4066,exp-cold-5000-004065-4d510b86,1784799971819,1784799971819,202,0.000,cold
4067,exp-cold-5000-004061-d0479dc1,1784799971819,1784799971819,202,0.000,cold
4068,exp-cold-5000-004071-7525d6b2,1784799971819,1784799971820,202,1.000,cold
4069,exp-cold-5000-004070-8c691ee0,1784799971820,1784799971820,202,0.000,cold
4070,exp-cold-5000-004068-7de167b5,1784799971820,1784799971820,202,0.000,cold
4071,exp-cold-5000-004069-77c4e318,1784799971820,1784799971820,202,0.000,cold
4072,exp-cold-5000-004073-0b1d204b,1784799971821,1784799971821,202,0.000,cold
4073,exp-cold-5000-004074-0badfd37,1784799971821,1784799971821,202,0.000,cold
4074,exp-cold-5000-004072-44abfa23,1784799971821,1784799971821,202,0.000,cold
4075,exp-cold-5000-004075-6febb024,1784799971821,1784799971821,202,0.000,cold
4076,exp-cold-5000-004080-2853f5a9,1784799971821,1784799971822,202,1.000,cold
4077,exp-cold-5000-004081-56aef285,1784799971821,1784799971822,202,1.000,cold
4078,exp-cold-5000-004077-489c9204,1784799971821,1784799971822,202,1.000,cold
4079,exp-cold-5000-004076-f2165bb0,1784799971822,1784799971822,202,0.000,cold
4080,exp-cold-5000-004078-b5c9e2ac,1784799971822,1784799971822,202,0.000,cold
4081,exp-cold-5000-004079-0134d07a,1784799971822,1784799971822,202,0.000,cold
4082,exp-cold-5000-004085-07642813,1784799971822,1784799971823,202,1.000,cold
4083,exp-cold-5000-004084-77c9177d,1784799971822,1784799971823,202,1.000,cold
4084,exp-cold-5000-004086-9c016458,1784799971822,1784799971823,202,1.000,cold
4085,exp-cold-5000-004083-ba005e98,1784799971822,1784799971823,202,1.000,cold
4086,exp-cold-5000-004082-cc1d231a,1784799971823,1784799971823,202,0.000,cold
4087,exp-cold-5000-004087-4e73873f,1784799971823,1784799971824,202,1.000,cold
4088,exp-cold-5000-004088-c13d6350,1784799971824,1784799971824,202,0.000,cold
4089,exp-cold-5000-004089-196cc6bf,1784799971824,1784799971824,202,0.000,cold
4090,exp-cold-5000-004090-c391b8cf,1784799971824,1784799971824,202,0.000,cold
4091,exp-cold-5000-004094-46e6a294,1784799971824,1784799971825,202,1.000,cold
4092,exp-cold-5000-004092-0ed67a6d,1784799971824,1784799971825,202,1.000,cold
4093,exp-cold-5000-004095-45f8524a,1784799971824,1784799971825,202,1.000,cold
4094,exp-cold-5000-004091-ca32b070,1784799971825,1784799971825,202,0.000,cold
4095,exp-cold-5000-004093-5e1d1caa,1784799971825,1784799971825,202,0.000,cold
4096,exp-cold-5000-004099-b9b77c42,1784799971825,1784799971826,202,1.000,cold
4097,exp-cold-5000-004097-23bcf4cd,1784799971825,1784799971826,202,1.000,cold
4098,exp-cold-5000-004101-0480429d,1784799971825,1784799971826,202,1.000,cold
4099,exp-cold-5000-004096-9e2bd09a,1784799971826,1784799971826,202,0.000,cold
4100,exp-cold-5000-004098-060c8bcd,1784799971826,1784799971826,202,0.000,cold
4101,exp-cold-5000-004102-f63c727b,1784799971827,1784799971827,202,0.000,cold
4102,exp-cold-5000-004104-21efd1b5,1784799971827,1784799971827,202,0.000,cold
4103,exp-cold-5000-004100-9651a50d,1784799971827,1784799971827,202,0.000,cold
4104,exp-cold-5000-004103-2dcaf678,1784799971827,1784799971827,202,0.000,cold
4105,exp-cold-5000-004111-fb69ec5d,1784799971827,1784799971828,202,1.000,cold
4106,exp-cold-5000-004107-7f03ab2f,1784799971828,1784799971828,202,0.000,cold
4107,exp-cold-5000-004106-2c648da4,1784799971828,1784799971828,202,0.000,cold
4108,exp-cold-5000-004109-1a3cd6e0,1784799971828,1784799971828,202,0.000,cold
4109,exp-cold-5000-004108-7e6ce4b7,1784799971828,1784799971828,202,0.000,cold
4110,exp-cold-5000-004105-c78cde62,1784799971828,1784799971828,202,0.000,cold
4111,exp-cold-5000-004116-46725941,1784799971828,1784799971829,202,1.000,cold
4112,exp-cold-5000-004112-6af84d4d,1784799971829,1784799971829,202,0.000,cold
4113,exp-cold-5000-004115-8e79d00a,1784799971829,1784799971829,202,0.000,cold
4114,exp-cold-5000-004113-2a563015,1784799971829,1784799971829,202,0.000,cold
4115,exp-cold-5000-004114-fbb4f0db,1784799971829,1784799971829,202,0.000,cold
4116,exp-cold-5000-004110-60173492,1784799971829,1784799971829,202,0.000,cold
4117,exp-cold-5000-004119-4e60893f,1784799971829,1784799971830,202,1.000,cold
4118,exp-cold-5000-004118-28c1b2ee,1784799971830,1784799971830,202,0.000,cold
4119,exp-cold-5000-004117-0525a84a,1784799971830,1784799971830,202,0.000,cold
4120,exp-cold-5000-004125-1d30c214,1784799971830,1784799971831,202,1.000,cold
4121,exp-cold-5000-004122-35f72002,1784799971831,1784799971831,202,0.000,cold
4122,exp-cold-5000-004121-b294ef54,1784799971831,1784799971831,202,0.000,cold
4123,exp-cold-5000-004120-68bc2d40,1784799971831,1784799971831,202,0.000,cold
4124,exp-cold-5000-004123-8b438cb3,1784799971831,1784799971831,202,0.000,cold
4125,exp-cold-5000-004124-e2dfd0cf,1784799971831,1784799971831,202,0.000,cold
4126,exp-cold-5000-004132-aa979745,1784799971831,1784799971832,202,1.000,cold
4127,exp-cold-5000-004131-29970d21,1784799971831,1784799971832,202,1.000,cold
4128,exp-cold-5000-004127-bc096085,1784799971832,1784799971832,202,0.000,cold
4129,exp-cold-5000-004129-d3b80e0b,1784799971832,1784799971832,202,0.000,cold
4130,exp-cold-5000-004126-f3b6fa34,1784799971832,1784799971832,202,0.000,cold
4131,exp-cold-5000-004128-ea776f4f,1784799971832,1784799971832,202,0.000,cold
4132,exp-cold-5000-004135-4ab137fd,1784799971832,1784799971833,202,1.000,cold
4133,exp-cold-5000-004133-a7507932,1784799971833,1784799971833,202,0.000,cold
4134,exp-cold-5000-004134-8d289410,1784799971833,1784799971833,202,0.000,cold
4135,exp-cold-5000-004130-02100990,1784799971833,1784799971833,202,0.000,cold
4136,exp-cold-5000-004140-ca96cff3,1784799971833,1784799971834,202,1.000,cold
4137,exp-cold-5000-004137-4fd25bf5,1784799971834,1784799971834,202,0.000,cold
4138,exp-cold-5000-004139-6f81ca68,1784799971834,1784799971834,202,0.000,cold
4139,exp-cold-5000-004138-5a353a17,1784799971834,1784799971834,202,0.000,cold
4140,exp-cold-5000-004136-9230abaa,1784799971834,1784799971834,202,0.000,cold
4141,exp-cold-5000-004145-8c8b004a,1784799971834,1784799971835,202,1.000,cold
4142,exp-cold-5000-004142-e8b9c166,1784799971835,1784799971835,202,0.000,cold
4143,exp-cold-5000-004141-a465cca2,1784799971835,1784799971835,202,0.000,cold
4144,exp-cold-5000-004143-4861dd81,1784799971835,1784799971835,202,0.000,cold
4145,exp-cold-5000-004144-34e13c43,1784799971835,1784799971835,202,0.000,cold
4146,exp-cold-5000-004150-e6f0b904,1784799971835,1784799971836,202,1.000,cold
4147,exp-cold-5000-004148-29b2e7e5,1784799971835,1784799971836,202,1.000,cold
4148,exp-cold-5000-004151-d0efb53f,1784799971835,1784799971836,202,1.000,cold
4149,exp-cold-5000-004147-5b6d948d,1784799971836,1784799971836,202,0.000,cold
4150,exp-cold-5000-004146-97cbaac2,1784799971836,1784799971836,202,0.000,cold
4151,exp-cold-5000-004149-7fe07f18,1784799971836,1784799971836,202,0.000,cold
4152,exp-cold-5000-004153-dfd00956,1784799971836,1784799971837,202,1.000,cold
4153,exp-cold-5000-004156-1c8a0001,1784799971836,1784799971837,202,1.000,cold
4154,exp-cold-5000-004152-3b4cb2a2,1784799971836,1784799971837,202,1.000,cold
4155,exp-cold-5000-004154-c3a01eb8,1784799971837,1784799971837,202,0.000,cold
4156,exp-cold-5000-004155-b3b20dd8,1784799971837,1784799971837,202,0.000,cold
4157,exp-cold-5000-004159-71a161e6,1784799971837,1784799971838,202,1.000,cold
4158,exp-cold-5000-004160-91ce178a,1784799971837,1784799971838,202,1.000,cold
4159,exp-cold-5000-004158-c081be11,1784799971837,1784799971838,202,1.000,cold
4160,exp-cold-5000-004157-ecc25d19,1784799971838,1784799971838,202,0.000,cold
4161,exp-cold-5000-004162-075b7900,1784799971838,1784799971839,202,1.000,cold
4162,exp-cold-5000-004161-d927edc1,1784799971838,1784799971839,202,1.000,cold
4163,exp-cold-5000-004165-889ecb5c,1784799971839,1784799971840,202,1.000,cold
4164,exp-cold-5000-004167-e70787af,1784799971839,1784799971840,202,1.000,cold
4165,exp-cold-5000-004164-1eb07460,1784799971840,1784799971840,202,0.000,cold
4166,exp-cold-5000-004163-a227a885,1784799971840,1784799971840,202,0.000,cold
4167,exp-cold-5000-004172-61fcc0d3,1784799971840,1784799971841,202,1.000,cold
4168,exp-cold-5000-004173-a105b7ee,1784799971840,1784799971841,202,1.000,cold
4169,exp-cold-5000-004174-f488476f,1784799971840,1784799971841,202,1.000,cold
4170,exp-cold-5000-004171-6e785a78,1784799971840,1784799971841,202,1.000,cold
4171,exp-cold-5000-004168-16e5eed4,1784799971841,1784799971841,202,0.000,cold
4172,exp-cold-5000-004169-fc8b7dab,1784799971841,1784799971841,202,0.000,cold
4173,exp-cold-5000-004170-19a82b4f,1784799971841,1784799971841,202,0.000,cold
4174,exp-cold-5000-004166-512aeb4b,1784799971841,1784799971841,202,0.000,cold
4175,exp-cold-5000-004179-b507f3d5,1784799971841,1784799971842,202,1.000,cold
4176,exp-cold-5000-004181-d533a458,1784799971841,1784799971842,202,1.000,cold
4177,exp-cold-5000-004176-013ac68a,1784799971842,1784799971842,202,0.000,cold
4178,exp-cold-5000-004175-6a04ae5b,1784799971842,1784799971842,202,0.000,cold
4179,exp-cold-5000-004177-2a40dffa,1784799971842,1784799971842,202,0.000,cold
4180,exp-cold-5000-004178-c8419fd2,1784799971842,1784799971842,202,0.000,cold
4181,exp-cold-5000-004187-5f667555,1784799971842,1784799971843,202,1.000,cold
4182,exp-cold-5000-004182-5f450531,1784799971843,1784799971843,202,0.000,cold
4183,exp-cold-5000-004183-9e3c647f,1784799971843,1784799971843,202,0.000,cold
4184,exp-cold-5000-004184-8845306b,1784799971843,1784799971843,202,0.000,cold
4185,exp-cold-5000-004185-75288446,1784799971843,1784799971843,202,0.000,cold
4186,exp-cold-5000-004180-485160d5,1784799971843,1784799971843,202,0.000,cold
4187,exp-cold-5000-004191-593d3a43,1784799971843,1784799971844,202,1.000,cold
4188,exp-cold-5000-004193-ff70a591,1784799971843,1784799971844,202,1.000,cold
4189,exp-cold-5000-004188-8a11ab27,1784799971844,1784799971844,202,0.000,cold
4190,exp-cold-5000-004189-8c6f7671,1784799971844,1784799971844,202,0.000,cold
4191,exp-cold-5000-004186-36c2d3a5,1784799971844,1784799971844,202,0.000,cold
4192,exp-cold-5000-004190-495803b9,1784799971844,1784799971844,202,0.000,cold
4193,exp-cold-5000-004192-a226cb33,1784799971845,1784799971845,202,0.000,cold
4194,exp-cold-5000-004194-e1fc2550,1784799971845,1784799971845,202,0.000,cold
4195,exp-cold-5000-004195-6d5a9474,1784799971845,1784799971845,202,0.000,cold
4196,exp-cold-5000-004200-7d7d5ad9,1784799971845,1784799971846,202,1.000,cold
4197,exp-cold-5000-004196-e6d9bd36,1784799971845,1784799971846,202,1.000,cold
4198,exp-cold-5000-004197-a066f094,1784799971846,1784799971846,202,0.000,cold
4199,exp-cold-5000-004198-6d52ff27,1784799971846,1784799971846,202,0.000,cold
4200,exp-cold-5000-004199-0e10afc1,1784799971846,1784799971846,202,0.000,cold
4201,exp-cold-5000-004205-f08b6755,1784799971846,1784799971847,202,1.000,cold
4202,exp-cold-5000-004201-b8a73d5c,1784799971847,1784799971847,202,0.000,cold
4203,exp-cold-5000-004202-a54475bc,1784799971847,1784799971847,202,0.000,cold
4204,exp-cold-5000-004203-8c87feea,1784799971847,1784799971847,202,0.000,cold
4205,exp-cold-5000-004204-fb9eaf91,1784799971847,1784799971847,202,0.000,cold
4206,exp-cold-5000-004211-c0dd1e98,1784799971847,1784799971848,202,1.000,cold
4207,exp-cold-5000-004210-2d18a395,1784799971847,1784799971848,202,1.000,cold
4208,exp-cold-5000-004207-a042d8b8,1784799971847,1784799971848,202,1.000,cold
4209,exp-cold-5000-004206-115b5c8d,1784799971848,1784799971848,202,0.000,cold
4210,exp-cold-5000-004208-a604ee4f,1784799971848,1784799971848,202,0.000,cold
4211,exp-cold-5000-004209-ff4efdb2,1784799971848,1784799971848,202,0.000,cold
4212,exp-cold-5000-004215-6378d64f,1784799971848,1784799971849,202,1.000,cold
4213,exp-cold-5000-004214-6340aa53,1784799971848,1784799971849,202,1.000,cold
4214,exp-cold-5000-004212-931005cd,1784799971848,1784799971849,202,1.000,cold
4215,exp-cold-5000-004213-3678d1a2,1784799971849,1784799971849,202,0.000,cold
4216,exp-cold-5000-004218-4628789a,1784799971849,1784799971850,202,1.000,cold
4217,exp-cold-5000-004217-3858aa55,1784799971849,1784799971850,202,1.000,cold
4218,exp-cold-5000-004219-d93553c3,1784799971849,1784799971850,202,1.000,cold
4219,exp-cold-5000-004220-6be995cc,1784799971849,1784799971850,202,1.000,cold
4220,exp-cold-5000-004216-4d1d6cff,1784799971850,1784799971850,202,0.000,cold
4221,exp-cold-5000-004224-b636429e,1784799971850,1784799971851,202,1.000,cold
4222,exp-cold-5000-004221-507fa4e7,1784799971850,1784799971851,202,1.000,cold
4223,exp-cold-5000-004222-99a1551c,1784799971851,1784799971851,202,0.000,cold
4224,exp-cold-5000-004223-b15669e9,1784799971851,1784799971851,202,0.000,cold
4225,exp-cold-5000-004229-2720766a,1784799971851,1784799971852,202,1.000,cold
4226,exp-cold-5000-004228-95c12a0d,1784799971851,1784799971852,202,1.000,cold
4227,exp-cold-5000-004227-74ff10b8,1784799971851,1784799971852,202,1.000,cold
4228,exp-cold-5000-004225-0d542c70,1784799971852,1784799971852,202,0.000,cold
4229,exp-cold-5000-004226-9ba84e7e,1784799971852,1784799971852,202,0.000,cold
4230,exp-cold-5000-004233-7e1ce3f5,1784799971852,1784799971853,202,1.000,cold
4231,exp-cold-5000-004231-779edeef,1784799971852,1784799971853,202,1.000,cold
4232,exp-cold-5000-004234-73da191c,1784799971852,1784799971853,202,1.000,cold
4233,exp-cold-5000-004232-59d93867,1784799971852,1784799971853,202,1.000,cold
4234,exp-cold-5000-004230-0b71fd9b,1784799971853,1784799971853,202,0.000,cold
4235,exp-cold-5000-004238-18501f5b,1784799971853,1784799971854,202,1.000,cold
4236,exp-cold-5000-004240-4935c83f,1784799971853,1784799971854,202,1.000,cold
4237,exp-cold-5000-004239-2f1ee4c9,1784799971853,1784799971854,202,1.000,cold
4238,exp-cold-5000-004236-44c6d3e8,1784799971854,1784799971854,202,0.000,cold
4239,exp-cold-5000-004235-cd3886c5,1784799971854,1784799971854,202,0.000,cold
4240,exp-cold-5000-004244-df50bf19,1784799971854,1784799971855,202,1.000,cold
4241,exp-cold-5000-004241-dd38987e,1784799971855,1784799971855,202,0.000,cold
4242,exp-cold-5000-004243-82816468,1784799971855,1784799971855,202,0.000,cold
4243,exp-cold-5000-004237-b82d8b9c,1784799971855,1784799971855,202,0.000,cold
4244,exp-cold-5000-004242-863e13c9,1784799971855,1784799971855,202,0.000,cold
4245,exp-cold-5000-004251-fc3db8bf,1784799971855,1784799971856,202,1.000,cold
4246,exp-cold-5000-004250-60aa53c3,1784799971855,1784799971856,202,1.000,cold
4247,exp-cold-5000-004246-553645db,1784799971856,1784799971856,202,0.000,cold
4248,exp-cold-5000-004247-eafec85f,1784799971856,1784799971856,202,0.000,cold
4249,exp-cold-5000-004249-2608108c,1784799971856,1784799971856,202,0.000,cold
4250,exp-cold-5000-004248-f900f0b9,1784799971856,1784799971856,202,0.000,cold
4251,exp-cold-5000-004245-2f742189,1784799971856,1784799971856,202,0.000,cold
4252,exp-cold-5000-004253-f465b723,1784799971857,1784799971857,202,0.000,cold
4253,exp-cold-5000-004254-e17f9f57,1784799971857,1784799971857,202,0.000,cold
4254,exp-cold-5000-004252-267d76e0,1784799971857,1784799971857,202,0.000,cold
4255,exp-cold-5000-004255-10804b5d,1784799971857,1784799971857,202,0.000,cold
4256,exp-cold-5000-004256-942a797e,1784799971857,1784799971858,202,1.000,cold
4257,exp-cold-5000-004260-244904d3,1784799971857,1784799971858,202,1.000,cold
4258,exp-cold-5000-004257-74b39ea3,1784799971858,1784799971858,202,0.000,cold
4259,exp-cold-5000-004258-11fd3fa0,1784799971858,1784799971858,202,0.000,cold
4260,exp-cold-5000-004259-ff3b6776,1784799971858,1784799971858,202,0.000,cold
4261,exp-cold-5000-004261-aee1c5f6,1784799971858,1784799971859,202,1.000,cold
4262,exp-cold-5000-004264-db45801c,1784799971859,1784799971859,202,0.000,cold
4263,exp-cold-5000-004262-a3f8980a,1784799971859,1784799971859,202,0.000,cold
4264,exp-cold-5000-004263-5b405089,1784799971859,1784799971859,202,0.000,cold
4265,exp-cold-5000-004265-784b7cb7,1784799971859,1784799971859,202,0.000,cold
4266,exp-cold-5000-004270-d38e330b,1784799971859,1784799971860,202,1.000,cold
4267,exp-cold-5000-004271-3c779d59,1784799971859,1784799971860,202,1.000,cold
4268,exp-cold-5000-004267-c2709ae6,1784799971860,1784799971860,202,0.000,cold
4269,exp-cold-5000-004266-13a26d77,1784799971860,1784799971860,202,0.000,cold
4270,exp-cold-5000-004269-c294b20d,1784799971860,1784799971860,202,0.000,cold
4271,exp-cold-5000-004268-bc1f2c1f,1784799971860,1784799971860,202,0.000,cold
4272,exp-cold-5000-004275-f5c26168,1784799971860,1784799971861,202,1.000,cold
4273,exp-cold-5000-004272-92117ee8,1784799971860,1784799971861,202,1.000,cold
4274,exp-cold-5000-004273-12bd0f99,1784799971861,1784799971861,202,0.000,cold
4275,exp-cold-5000-004274-5a9b41c3,1784799971861,1784799971861,202,0.000,cold
4276,exp-cold-5000-004278-b1b03e1d,1784799971861,1784799971862,202,1.000,cold
4277,exp-cold-5000-004277-038b902a,1784799971861,1784799971862,202,1.000,cold
4278,exp-cold-5000-004280-46cd522d,1784799971861,1784799971862,202,1.000,cold
4279,exp-cold-5000-004279-d2defe8f,1784799971861,1784799971862,202,1.000,cold
4280,exp-cold-5000-004276-aec77261,1784799971862,1784799971862,202,0.000,cold
4281,exp-cold-5000-004282-7ca0dca5,1784799971862,1784799971863,202,1.000,cold
4282,exp-cold-5000-004281-e477f9d6,1784799971862,1784799971863,202,1.000,cold
4283,exp-cold-5000-004284-49692c06,1784799971862,1784799971863,202,1.000,cold
4284,exp-cold-5000-004285-f514c0d6,1784799971862,1784799971863,202,1.000,cold
4285,exp-cold-5000-004283-e12fc874,1784799971863,1784799971863,202,0.000,cold
4286,exp-cold-5000-004290-3ad89601,1784799971863,1784799971864,202,1.000,cold
4287,exp-cold-5000-004287-eaf79427,1784799971863,1784799971864,202,1.000,cold
4288,exp-cold-5000-004289-b13b14b8,1784799971863,1784799971864,202,1.000,cold
4289,exp-cold-5000-004288-38fc31f8,1784799971863,1784799971864,202,1.000,cold
4290,exp-cold-5000-004286-4ea70a8b,1784799971864,1784799971864,202,0.000,cold
4291,exp-cold-5000-004294-7ddd4c36,1784799971864,1784799971865,202,1.000,cold
4292,exp-cold-5000-004293-2c476939,1784799971864,1784799971865,202,1.000,cold
4293,exp-cold-5000-004296-f1e704bb,1784799971864,1784799971865,202,1.000,cold
4294,exp-cold-5000-004291-6a29cd48,1784799971865,1784799971865,202,0.000,cold
4295,exp-cold-5000-004292-012dd1e9,1784799971865,1784799971865,202,0.000,cold
4296,exp-cold-5000-004299-cf98b17c,1784799971865,1784799971866,202,1.000,cold
4297,exp-cold-5000-004297-8bf7ec28,1784799971866,1784799971866,202,0.000,cold
4298,exp-cold-5000-004295-45038f7a,1784799971866,1784799971866,202,0.000,cold
4299,exp-cold-5000-004298-2473f770,1784799971866,1784799971866,202,0.000,cold
4300,exp-cold-5000-004304-0f768a4e,1784799971866,1784799971867,202,1.000,cold
4301,exp-cold-5000-004307-1384c7e0,1784799971866,1784799971867,202,1.000,cold
4302,exp-cold-5000-004306-73589771,1784799971866,1784799971867,202,1.000,cold
4303,exp-cold-5000-004301-019ac022,1784799971867,1784799971867,202,0.000,cold
4304,exp-cold-5000-004303-5aab9605,1784799971867,1784799971867,202,0.000,cold
4305,exp-cold-5000-004302-9cf970ab,1784799971867,1784799971867,202,0.000,cold
4306,exp-cold-5000-004300-a5788b9a,1784799971867,1784799971867,202,0.000,cold
4307,exp-cold-5000-004305-77735ec4,1784799971867,1784799971867,202,0.000,cold
4308,exp-cold-5000-004313-7813a765,1784799971867,1784799971868,202,1.000,cold
4309,exp-cold-5000-004312-bbf67eb9,1784799971867,1784799971868,202,1.000,cold
4310,exp-cold-5000-004309-0631f1b3,1784799971868,1784799971868,202,0.000,cold
4311,exp-cold-5000-004310-00a3ee5b,1784799971868,1784799971868,202,0.000,cold
4312,exp-cold-5000-004308-b1cd1e91,1784799971868,1784799971868,202,0.000,cold
4313,exp-cold-5000-004317-f742d681,1784799971868,1784799971869,202,1.000,cold
4314,exp-cold-5000-004314-7244708c,1784799971869,1784799971869,202,0.000,cold
4315,exp-cold-5000-004315-b8efb500,1784799971869,1784799971869,202,0.000,cold
4316,exp-cold-5000-004316-f7e66e03,1784799971869,1784799971869,202,0.000,cold
4317,exp-cold-5000-004311-573d946b,1784799971869,1784799971869,202,0.000,cold
4318,exp-cold-5000-004319-02b1b958,1784799971869,1784799971870,202,1.000,cold
4319,exp-cold-5000-004323-7ba479ce,1784799971869,1784799971870,202,1.000,cold
4320,exp-cold-5000-004318-0458ea14,1784799971870,1784799971870,202,0.000,cold
4321,exp-cold-5000-004321-44a204c7,1784799971870,1784799971870,202,0.000,cold
4322,exp-cold-5000-004320-9b80c445,1784799971870,1784799971870,202,0.000,cold
4323,exp-cold-5000-004326-b7c37ffa,1784799971870,1784799971871,202,1.000,cold
4324,exp-cold-5000-004322-e128c1c6,1784799971870,1784799971871,202,1.000,cold
4325,exp-cold-5000-004325-91a89920,1784799971870,1784799971871,202,1.000,cold
4326,exp-cold-5000-004324-1f927706,1784799971871,1784799971871,202,0.000,cold
4327,exp-cold-5000-004332-edfd5c81,1784799971871,1784799971872,202,1.000,cold
4328,exp-cold-5000-004327-af27b046,1784799971872,1784799971872,202,0.000,cold
4329,exp-cold-5000-004329-695de932,1784799971872,1784799971872,202,0.000,cold
4330,exp-cold-5000-004328-ad41f596,1784799971872,1784799971872,202,0.000,cold
4331,exp-cold-5000-004330-6dddd6ab,1784799971872,1784799971872,202,0.000,cold
4332,exp-cold-5000-004336-e4a43bac,1784799971872,1784799971873,202,1.000,cold
4333,exp-cold-5000-004337-4a908cdf,1784799971872,1784799971873,202,1.000,cold
4334,exp-cold-5000-004334-da26e29f,1784799971873,1784799971873,202,0.000,cold
4335,exp-cold-5000-004333-68c0fd3c,1784799971873,1784799971873,202,0.000,cold
4336,exp-cold-5000-004335-68b6a287,1784799971873,1784799971873,202,0.000,cold
4337,exp-cold-5000-004331-ff2413e6,1784799971873,1784799971873,202,0.000,cold
4338,exp-cold-5000-004338-740fef43,1784799971873,1784799971874,202,1.000,cold
4339,exp-cold-5000-004339-1a223d43,1784799971874,1784799971874,202,0.000,cold
4340,exp-cold-5000-004340-646fdcf0,1784799971874,1784799971874,202,0.000,cold
4341,exp-cold-5000-004341-98b35dea,1784799971874,1784799971874,202,0.000,cold
4342,exp-cold-5000-004345-075dc0c3,1784799971874,1784799971875,202,1.000,cold
4343,exp-cold-5000-004346-90b26bf9,1784799971874,1784799971875,202,1.000,cold
4344,exp-cold-5000-004342-d23f8d9b,1784799971875,1784799971875,202,0.000,cold
4345,exp-cold-5000-004344-d0f51cef,1784799971875,1784799971875,202,0.000,cold
4346,exp-cold-5000-004343-2f53a5f6,1784799971875,1784799971875,202,0.000,cold
4347,exp-cold-5000-004350-d7bee488,1784799971875,1784799971876,202,1.000,cold
4348,exp-cold-5000-004351-c0956d95,1784799971875,1784799971876,202,1.000,cold
4349,exp-cold-5000-004348-4e1d4720,1784799971876,1784799971876,202,0.000,cold
4350,exp-cold-5000-004347-64426ce7,1784799971876,1784799971876,202,0.000,cold
4351,exp-cold-5000-004349-645fa5b3,1784799971876,1784799971876,202,0.000,cold
4352,exp-cold-5000-004353-ba4dd932,1784799971876,1784799971877,202,1.000,cold
4353,exp-cold-5000-004356-e888590a,1784799971876,1784799971877,202,1.000,cold
4354,exp-cold-5000-004352-45abca8f,1784799971877,1784799971877,202,0.000,cold
4355,exp-cold-5000-004355-8aaa326c,1784799971877,1784799971877,202,0.000,cold
4356,exp-cold-5000-004354-15e6ca3b,1784799971877,1784799971877,202,0.000,cold
4357,exp-cold-5000-004360-06c6bf16,1784799971877,1784799971878,202,1.000,cold
4358,exp-cold-5000-004357-da6c45c8,1784799971878,1784799971878,202,0.000,cold
4359,exp-cold-5000-004359-81536d6f,1784799971878,1784799971878,202,0.000,cold
4360,exp-cold-5000-004358-0b2e41b0,1784799971878,1784799971878,202,0.000,cold
4361,exp-cold-5000-004361-df8ec7be,1784799971878,1784799971878,202,0.000,cold
4362,exp-cold-5000-004367-89295094,1784799971878,1784799971879,202,1.000,cold
4363,exp-cold-5000-004366-fe8ae888,1784799971878,1784799971879,202,1.000,cold
4364,exp-cold-5000-004364-00497143,1784799971878,1784799971879,202,1.000,cold
4365,exp-cold-5000-004365-9abcb989,1784799971878,1784799971879,202,1.000,cold
4366,exp-cold-5000-004362-2b86b9f3,1784799971879,1784799971879,202,0.000,cold
4367,exp-cold-5000-004363-83d34f1c,1784799971879,1784799971879,202,0.000,cold
4368,exp-cold-5000-004368-db5e082b,1784799971879,1784799971880,202,1.000,cold
4369,exp-cold-5000-004370-de5db7d8,1784799971880,1784799971880,202,0.000,cold
4370,exp-cold-5000-004369-1c6ed359,1784799971880,1784799971880,202,0.000,cold
4371,exp-cold-5000-004375-ecf06a0f,1784799971880,1784799971881,202,1.000,cold
4372,exp-cold-5000-004374-e62d6ba0,1784799971880,1784799971881,202,1.000,cold
4373,exp-cold-5000-004376-106829bc,1784799971880,1784799971881,202,1.000,cold
4374,exp-cold-5000-004371-9ce44ca8,1784799971881,1784799971881,202,0.000,cold
4375,exp-cold-5000-004372-dc944195,1784799971881,1784799971881,202,0.000,cold
4376,exp-cold-5000-004373-1101e0cf,1784799971881,1784799971881,202,0.000,cold
4377,exp-cold-5000-004380-69712948,1784799971881,1784799971882,202,1.000,cold
4378,exp-cold-5000-004382-16a09c43,1784799971881,1784799971882,202,1.000,cold
4379,exp-cold-5000-004411-a1bd0ced,1784799971881,1784799971889,202,8.000,cold
4380,exp-cold-5000-004377-9a8ab344,1784799971882,1784799971882,202,0.000,cold
4381,exp-cold-5000-004378-8bf46b02,1784799971882,1784799971882,202,0.000,cold
4382,exp-cold-5000-004379-efb50637,1784799971882,1784799971882,202,0.000,cold
4383,exp-cold-5000-004387-198a743e,1784799971882,1784799971883,202,1.000,cold
4384,exp-cold-5000-004383-02b4b1ca,1784799971883,1784799971883,202,0.000,cold
4385,exp-cold-5000-004385-f102b95c,1784799971883,1784799971883,202,0.000,cold
4386,exp-cold-5000-004384-895e4aae,1784799971883,1784799971883,202,0.000,cold
4387,exp-cold-5000-004381-24dfd95a,1784799971883,1784799971883,202,0.000,cold
4388,exp-cold-5000-004386-fb3db0e0,1784799971883,1784799971883,202,0.000,cold
4389,exp-cold-5000-004392-91703625,1784799971883,1784799971884,202,1.000,cold
4390,exp-cold-5000-004389-030f8369,1784799971884,1784799971884,202,0.000,cold
4391,exp-cold-5000-004391-58a91551,1784799971884,1784799971884,202,0.000,cold
4392,exp-cold-5000-004388-46be1b03,1784799971884,1784799971884,202,0.000,cold
4393,exp-cold-5000-004390-b6e276bc,1784799971884,1784799971884,202,0.000,cold
4394,exp-cold-5000-004393-72cae570,1784799971884,1784799971885,202,1.000,cold
4395,exp-cold-5000-004394-74dbee6a,1784799971885,1784799971885,202,0.000,cold
4396,exp-cold-5000-004395-544816d0,1784799971885,1784799971885,202,0.000,cold
4397,exp-cold-5000-004396-7bda9b6e,1784799971886,1784799971886,202,0.000,cold
4398,exp-cold-5000-004397-13922723,1784799971886,1784799971886,202,0.000,cold
4399,exp-cold-5000-004398-327bb702,1784799971886,1784799971886,202,0.000,cold
4400,exp-cold-5000-004399-9e93f37e,1784799971886,1784799971886,202,0.000,cold
4401,exp-cold-5000-004405-3a3e7707,1784799971886,1784799971887,202,1.000,cold
4402,exp-cold-5000-004401-f21de6a2,1784799971887,1784799971887,202,0.000,cold
4403,exp-cold-5000-004403-3c931e38,1784799971887,1784799971887,202,0.000,cold
4404,exp-cold-5000-004402-8b8c283e,1784799971887,1784799971887,202,0.000,cold
4405,exp-cold-5000-004400-6d1d0ac1,1784799971887,1784799971887,202,0.000,cold
4406,exp-cold-5000-004404-7deab838,1784799971887,1784799971887,202,0.000,cold
4407,exp-cold-5000-004409-977a3543,1784799971887,1784799971888,202,1.000,cold
4408,exp-cold-5000-004410-0e80d0ca,1784799971887,1784799971888,202,1.000,cold
4409,exp-cold-5000-004406-ff025c8d,1784799971887,1784799971888,202,1.000,cold
4410,exp-cold-5000-004408-19cfa06b,1784799971888,1784799971888,202,0.000,cold
4411,exp-cold-5000-004407-0d18f852,1784799971888,1784799971888,202,0.000,cold
4412,exp-cold-5000-004422-31e50f9d,1784799971896,1784799971897,202,1.000,cold
4413,exp-cold-5000-004420-8fb83c86,1784799971896,1784799971897,202,1.000,cold
4414,exp-cold-5000-004419-ed07ccd4,1784799971896,1784799971897,202,1.000,cold
4415,exp-cold-5000-004414-5bb9c142,1784799971896,1784799971897,202,1.000,cold
4416,exp-cold-5000-004417-bd5e975f,1784799971896,1784799971897,202,1.000,cold
4417,exp-cold-5000-004413-8c8525f2,1784799971896,1784799971897,202,1.000,cold
4418,exp-cold-5000-004412-25294642,1784799971896,1784799971897,202,1.000,cold
4419,exp-cold-5000-004421-58ce2006,1784799971896,1784799971897,202,1.000,cold
4420,exp-cold-5000-004415-c5b0ab67,1784799971896,1784799971897,202,1.000,cold
4421,exp-cold-5000-004416-888c9fa3,1784799971896,1784799971897,202,1.000,cold
4422,exp-cold-5000-004418-4eceb75e,1784799971896,1784799971897,202,1.000,cold
4423,exp-cold-5000-004423-e82c5f48,1784799971896,1784799971897,202,1.000,cold
4424,exp-cold-5000-004435-fb8f9278,1784799971897,1784799971898,202,1.000,cold
4425,exp-cold-5000-004432-83ae5812,1784799971897,1784799971898,202,1.000,cold
4426,exp-cold-5000-004433-072edd93,1784799971897,1784799971898,202,1.000,cold
4427,exp-cold-5000-004436-b8491a3f,1784799971897,1784799971898,202,1.000,cold
4428,exp-cold-5000-004428-85d103dc,1784799971897,1784799971898,202,1.000,cold
4429,exp-cold-5000-004437-5b759773,1784799971897,1784799971898,202,1.000,cold
4430,exp-cold-5000-004438-65894f81,1784799971897,1784799971898,202,1.000,cold
4431,exp-cold-5000-004434-5e567622,1784799971897,1784799971898,202,1.000,cold
4432,exp-cold-5000-004424-da6202eb,1784799971897,1784799971898,202,1.000,cold
4433,exp-cold-5000-004425-df07cfd3,1784799971898,1784799971898,202,0.000,cold
4434,exp-cold-5000-004426-4056eb0c,1784799971898,1784799971898,202,0.000,cold
4435,exp-cold-5000-004427-edd151cd,1784799971898,1784799971898,202,0.000,cold
4436,exp-cold-5000-004429-e36cd764,1784799971898,1784799971898,202,0.000,cold
4437,exp-cold-5000-004431-2ad93ee9,1784799971898,1784799971898,202,0.000,cold
4438,exp-cold-5000-004430-a45c0f55,1784799971898,1784799971898,202,0.000,cold
4439,exp-cold-5000-004450-a12b1e03,1784799971898,1784799971899,202,1.000,cold
4440,exp-cold-5000-004451-2a9610dc,1784799971898,1784799971899,202,1.000,cold
4441,exp-cold-5000-004449-421057f2,1784799971898,1784799971899,202,1.000,cold
4442,exp-cold-5000-004453-7dd7b581,1784799971898,1784799971899,202,1.000,cold
4443,exp-cold-5000-004452-fa1e9951,1784799971898,1784799971899,202,1.000,cold
4444,exp-cold-5000-004455-e4e6f598,1784799971898,1784799971899,202,1.000,cold
4445,exp-cold-5000-004456-65b73cfe,1784799971898,1784799971899,202,1.000,cold
4446,exp-cold-5000-004439-00f46baa,1784799971899,1784799971899,202,0.000,cold
4447,exp-cold-5000-004440-a69c2692,1784799971899,1784799971899,202,0.000,cold
4448,exp-cold-5000-004442-6e8ae72f,1784799971899,1784799971899,202,0.000,cold
4449,exp-cold-5000-004441-fd9c8337,1784799971899,1784799971899,202,0.000,cold
4450,exp-cold-5000-004443-1733cec6,1784799971899,1784799971899,202,0.000,cold
4451,exp-cold-5000-004444-a64e525e,1784799971899,1784799971899,202,0.000,cold
4452,exp-cold-5000-004446-ac18b00a,1784799971899,1784799971899,202,0.000,cold
4453,exp-cold-5000-004447-bf3e5fa6,1784799971899,1784799971899,202,0.000,cold
4454,exp-cold-5000-004448-6e042eaa,1784799971899,1784799971899,202,0.000,cold
4455,exp-cold-5000-004445-5b9c3074,1784799971899,1784799971899,202,0.000,cold
4456,exp-cold-5000-004454-ce6cfd17,1784799971899,1784799971900,202,1.000,cold
4457,exp-cold-5000-004467-c7b11be5,1784799971899,1784799971900,202,1.000,cold
4458,exp-cold-5000-004470-0ecdba03,1784799971899,1784799971900,202,1.000,cold
4459,exp-cold-5000-004457-63859c11,1784799971900,1784799971900,202,0.000,cold
4460,exp-cold-5000-004459-67d5ef8d,1784799971900,1784799971900,202,0.000,cold
4461,exp-cold-5000-004458-f113073a,1784799971900,1784799971900,202,0.000,cold
4462,exp-cold-5000-004463-e7fcb8b2,1784799971900,1784799971900,202,0.000,cold
4463,exp-cold-5000-004464-9809a74a,1784799971900,1784799971900,202,0.000,cold
4464,exp-cold-5000-004460-d93eb900,1784799971900,1784799971900,202,0.000,cold
4465,exp-cold-5000-004462-feb04431,1784799971900,1784799971900,202,0.000,cold
4466,exp-cold-5000-004468-0e04090a,1784799971900,1784799971900,202,0.000,cold
4467,exp-cold-5000-004465-7fd68059,1784799971900,1784799971900,202,0.000,cold
4468,exp-cold-5000-004466-7cccb23e,1784799971900,1784799971900,202,0.000,cold
4469,exp-cold-5000-004461-fd5ba4f8,1784799971900,1784799971900,202,0.000,cold
4470,exp-cold-5000-004469-de7813ba,1784799971900,1784799971900,202,0.000,cold
4471,exp-cold-5000-004477-98d1a388,1784799971900,1784799971901,202,1.000,cold
4472,exp-cold-5000-004479-0b74ee92,1784799971900,1784799971901,202,1.000,cold
4473,exp-cold-5000-004472-7c674351,1784799971901,1784799971901,202,0.000,cold
4474,exp-cold-5000-004474-f55585b8,1784799971901,1784799971901,202,0.000,cold
4475,exp-cold-5000-004475-6425a024,1784799971901,1784799971901,202,0.000,cold
4476,exp-cold-5000-004473-741dee43,1784799971901,1784799971901,202,0.000,cold
4477,exp-cold-5000-004471-e3f854eb,1784799971901,1784799971901,202,0.000,cold
4478,exp-cold-5000-004476-c0265fc0,1784799971901,1784799971901,202,0.000,cold
4479,exp-cold-5000-004483-9f0f2c14,1784799971901,1784799971902,202,1.000,cold
4480,exp-cold-5000-004480-1b9d7cfe,1784799971902,1784799971902,202,0.000,cold
4481,exp-cold-5000-004481-3e35c3f5,1784799971902,1784799971902,202,0.000,cold
4482,exp-cold-5000-004482-42b3611e,1784799971902,1784799971902,202,0.000,cold
4483,exp-cold-5000-004478-86a99318,1784799971902,1784799971902,202,0.000,cold
4484,exp-cold-5000-004488-40e82da8,1784799971902,1784799971903,202,1.000,cold
4485,exp-cold-5000-004485-65a81f61,1784799971903,1784799971903,202,0.000,cold
4486,exp-cold-5000-004486-09ea33c2,1784799971903,1784799971903,202,0.000,cold
4487,exp-cold-5000-004487-13b697e5,1784799971903,1784799971903,202,0.000,cold
4488,exp-cold-5000-004484-2595ee69,1784799971903,1784799971903,202,0.000,cold
4489,exp-cold-5000-004491-6db876ac,1784799971903,1784799971904,202,1.000,cold
4490,exp-cold-5000-004492-143481ac,1784799971903,1784799971904,202,1.000,cold
4491,exp-cold-5000-004490-0dea713f,1784799971904,1784799971904,202,0.000,cold
4492,exp-cold-5000-004489-97f5f7da,1784799971904,1784799971904,202,0.000,cold
4493,exp-cold-5000-004493-8947b58c,1784799971904,1784799971905,202,1.000,cold
4494,exp-cold-5000-004496-8a104fff,1784799971904,1784799971905,202,1.000,cold
4495,exp-cold-5000-004494-b989ffb7,1784799971905,1784799971905,202,0.000,cold
4496,exp-cold-5000-004495-282549f7,1784799971905,1784799971905,202,0.000,cold
4497,exp-cold-5000-004497-1b2cbd44,1784799971905,1784799971905,202,0.000,cold
4498,exp-cold-5000-004503-72df2b40,1784799971905,1784799971906,202,1.000,cold
4499,exp-cold-5000-004502-a36d3f7c,1784799971905,1784799971906,202,1.000,cold
4500,exp-cold-5000-004498-efb2a00e,1784799971905,1784799971906,202,1.000,cold
4501,exp-cold-5000-004500-386af37d,1784799971906,1784799971906,202,0.000,cold
4502,exp-cold-5000-004499-7d2b6f04,1784799971906,1784799971906,202,0.000,cold
4503,exp-cold-5000-004501-6a08b464,1784799971906,1784799971906,202,0.000,cold
4504,exp-cold-5000-004505-8f16dd3e,1784799971907,1784799971907,202,0.000,cold
4505,exp-cold-5000-004504-f467ee8d,1784799971907,1784799971907,202,0.000,cold
4506,exp-cold-5000-004506-6bb684d2,1784799971907,1784799971907,202,0.000,cold
4507,exp-cold-5000-004511-e4d5fdce,1784799971907,1784799971908,202,1.000,cold
4508,exp-cold-5000-004509-d500072a,1784799971907,1784799971908,202,1.000,cold
4509,exp-cold-5000-004512-e4b7ae61,1784799971907,1784799971908,202,1.000,cold
4510,exp-cold-5000-004508-a8a1bbb0,1784799971908,1784799971908,202,0.000,cold
4511,exp-cold-5000-004507-1516c637,1784799971908,1784799971908,202,0.000,cold
4512,exp-cold-5000-004510-2025bb1d,1784799971908,1784799971908,202,0.000,cold
4513,exp-cold-5000-004517-e52ca769,1784799971908,1784799971909,202,1.000,cold
4514,exp-cold-5000-004514-8eeaa6a2,1784799971908,1784799971909,202,1.000,cold
4515,exp-cold-5000-004513-b0eedcb7,1784799971909,1784799971909,202,0.000,cold
4516,exp-cold-5000-004515-6d851009,1784799971909,1784799971909,202,0.000,cold
4517,exp-cold-5000-004516-0b388ffa,1784799971909,1784799971909,202,0.000,cold
4518,exp-cold-5000-004522-7f82b945,1784799971909,1784799971910,202,1.000,cold
4519,exp-cold-5000-004519-1c5a9580,1784799971909,1784799971910,202,1.000,cold
4520,exp-cold-5000-004521-7baf42bc,1784799971909,1784799971910,202,1.000,cold
4521,exp-cold-5000-004523-539d91d1,1784799971909,1784799971910,202,1.000,cold
4522,exp-cold-5000-004518-26c91b5a,1784799971910,1784799971910,202,0.000,cold
4523,exp-cold-5000-004520-1cda69b8,1784799971910,1784799971910,202,0.000,cold
4524,exp-cold-5000-004528-e29d0f89,1784799971910,1784799971911,202,1.000,cold
4525,exp-cold-5000-004524-2977b15a,1784799971910,1784799971911,202,1.000,cold
4526,exp-cold-5000-004525-e8aa83ff,1784799971911,1784799971911,202,0.000,cold
4527,exp-cold-5000-004526-4174212c,1784799971911,1784799971911,202,0.000,cold
4528,exp-cold-5000-004527-afe49ab0,1784799971911,1784799971911,202,0.000,cold
4529,exp-cold-5000-004534-c4823695,1784799971911,1784799971912,202,1.000,cold
4530,exp-cold-5000-004533-3f203dd3,1784799971911,1784799971912,202,1.000,cold
4531,exp-cold-5000-004532-b0d8d472,1784799971911,1784799971912,202,1.000,cold
4532,exp-cold-5000-004535-fbff63c8,1784799971911,1784799971912,202,1.000,cold
4533,exp-cold-5000-004529-e9bf3e18,1784799971912,1784799971912,202,0.000,cold
4534,exp-cold-5000-004530-410bad63,1784799971912,1784799971912,202,0.000,cold
4535,exp-cold-5000-004531-19750f9f,1784799971912,1784799971912,202,0.000,cold
4536,exp-cold-5000-004540-4773cab9,1784799971912,1784799971913,202,1.000,cold
4537,exp-cold-5000-004539-57370c76,1784799971912,1784799971913,202,1.000,cold
4538,exp-cold-5000-004536-39deb275,1784799971913,1784799971913,202,0.000,cold
4539,exp-cold-5000-004538-53997fde,1784799971913,1784799971913,202,0.000,cold
4540,exp-cold-5000-004537-11515d1f,1784799971913,1784799971913,202,0.000,cold
4541,exp-cold-5000-004545-d7ac7864,1784799971913,1784799971914,202,1.000,cold
4542,exp-cold-5000-004546-6d548bab,1784799971913,1784799971914,202,1.000,cold
4543,exp-cold-5000-004543-2fa43a64,1784799971913,1784799971914,202,1.000,cold
4544,exp-cold-5000-004541-c4d53c99,1784799971914,1784799971914,202,0.000,cold
4545,exp-cold-5000-004542-f5f9b3f0,1784799971914,1784799971914,202,0.000,cold
4546,exp-cold-5000-004544-7650e2ef,1784799971914,1784799971914,202,0.000,cold
4547,exp-cold-5000-004551-0d917857,1784799971914,1784799971915,202,1.000,cold
4548,exp-cold-5000-004547-b04c50b5,1784799971915,1784799971915,202,0.000,cold
4549,exp-cold-5000-004548-183e7c58,1784799971915,1784799971915,202,0.000,cold
4550,exp-cold-5000-004549-d2dea351,1784799971915,1784799971915,202,0.000,cold
4551,exp-cold-5000-004555-b0dbaf39,1784799971915,1784799971916,202,1.000,cold
4552,exp-cold-5000-004554-6078a172,1784799971915,1784799971916,202,1.000,cold
4553,exp-cold-5000-004552-03fb3b15,1784799971916,1784799971916,202,0.000,cold
4554,exp-cold-5000-004553-b68be258,1784799971916,1784799971916,202,0.000,cold
4555,exp-cold-5000-004550-3b5eeca4,1784799971916,1784799971916,202,0.000,cold
4556,exp-cold-5000-004558-be0b1e85,1784799971916,1784799971917,202,1.000,cold
4557,exp-cold-5000-004560-73720f8b,1784799971916,1784799971917,202,1.000,cold
4558,exp-cold-5000-004557-eec84a5b,1784799971917,1784799971917,202,0.000,cold
4559,exp-cold-5000-004556-b8c1c07f,1784799971917,1784799971917,202,0.000,cold
4560,exp-cold-5000-004561-5a93e11b,1784799971918,1784799971918,202,0.000,cold
4561,exp-cold-5000-004559-36d63226,1784799971918,1784799971918,202,0.000,cold
4562,exp-cold-5000-004562-79b09e8c,1784799971918,1784799971918,202,0.000,cold
4563,exp-cold-5000-004567-a6607649,1784799971918,1784799971919,202,1.000,cold
4564,exp-cold-5000-004568-581ee15f,1784799971918,1784799971919,202,1.000,cold
4565,exp-cold-5000-004565-037fec74,1784799971919,1784799971919,202,0.000,cold
4566,exp-cold-5000-004564-fe310ad6,1784799971919,1784799971919,202,0.000,cold
4567,exp-cold-5000-004566-41dfa0b4,1784799971919,1784799971919,202,0.000,cold
4568,exp-cold-5000-004563-4d8a00c3,1784799971919,1784799971919,202,0.000,cold
4569,exp-cold-5000-004569-b80d2b96,1784799971919,1784799971920,202,1.000,cold
4570,exp-cold-5000-004572-100960f8,1784799971919,1784799971920,202,1.000,cold
4571,exp-cold-5000-004573-eac370ec,1784799971919,1784799971920,202,1.000,cold
4572,exp-cold-5000-004570-a4e13592,1784799971920,1784799971920,202,0.000,cold
4573,exp-cold-5000-004571-e3c2d150,1784799971920,1784799971920,202,0.000,cold
4574,exp-cold-5000-004577-2e83b600,1784799971920,1784799971921,202,1.000,cold
4575,exp-cold-5000-004575-7d4b9627,1784799971921,1784799971921,202,0.000,cold
4576,exp-cold-5000-004574-2e23b5a5,1784799971921,1784799971921,202,0.000,cold
4577,exp-cold-5000-004576-a2bb8b4b,1784799971921,1784799971921,202,0.000,cold
4578,exp-cold-5000-004580-8fa245ea,1784799971921,1784799971922,202,1.000,cold
4579,exp-cold-5000-004583-fa5aa6a4,1784799971921,1784799971922,202,1.000,cold
4580,exp-cold-5000-004578-0faa8fdb,1784799971922,1784799971922,202,0.000,cold
4581,exp-cold-5000-004579-4fb51401,1784799971922,1784799971922,202,0.000,cold
4582,exp-cold-5000-004581-bc60f257,1784799971922,1784799971922,202,0.000,cold
4583,exp-cold-5000-004582-b50cb12d,1784799971922,1784799971922,202,0.000,cold
4584,exp-cold-5000-004587-631c0389,1784799971922,1784799971923,202,1.000,cold
4585,exp-cold-5000-004585-f822a457,1784799971922,1784799971923,202,1.000,cold
4586,exp-cold-5000-004584-d09353bd,1784799971923,1784799971923,202,0.000,cold
4587,exp-cold-5000-004586-1f0fa78a,1784799971923,1784799971923,202,0.000,cold
4588,exp-cold-5000-004591-8e8d646a,1784799971923,1784799971924,202,1.000,cold
4589,exp-cold-5000-004589-5aca104a,1784799971923,1784799971924,202,1.000,cold
4590,exp-cold-5000-004588-f36069e2,1784799971924,1784799971924,202,0.000,cold
4591,exp-cold-5000-004590-8b514827,1784799971924,1784799971924,202,0.000,cold
4592,exp-cold-5000-004596-dba69e87,1784799971924,1784799971925,202,1.000,cold
4593,exp-cold-5000-004595-77c7e8e3,1784799971924,1784799971925,202,1.000,cold
4594,exp-cold-5000-004593-ae238d8e,1784799971924,1784799971925,202,1.000,cold
4595,exp-cold-5000-004592-5dea59b2,1784799971925,1784799971925,202,0.000,cold
4596,exp-cold-5000-004594-41ee5b2b,1784799971925,1784799971925,202,0.000,cold
4597,exp-cold-5000-004597-3686f5c6,1784799971925,1784799971926,202,1.000,cold
4598,exp-cold-5000-004599-6615e98e,1784799971925,1784799971926,202,1.000,cold
4599,exp-cold-5000-004598-fad78f4e,1784799971926,1784799971926,202,0.000,cold
4600,exp-cold-5000-004600-431949c2,1784799971926,1784799971926,202,0.000,cold
4601,exp-cold-5000-004606-e43373cf,1784799971926,1784799971927,202,1.000,cold
4602,exp-cold-5000-004608-95b361de,1784799971926,1784799971927,202,1.000,cold
4603,exp-cold-5000-004607-e3c98766,1784799971926,1784799971927,202,1.000,cold
4604,exp-cold-5000-004604-26bcfb3a,1784799971926,1784799971927,202,1.000,cold
4605,exp-cold-5000-004601-771c4809,1784799971927,1784799971927,202,0.000,cold
4606,exp-cold-5000-004602-dc94fd06,1784799971927,1784799971927,202,0.000,cold
4607,exp-cold-5000-004603-164aa335,1784799971927,1784799971927,202,0.000,cold
4608,exp-cold-5000-004605-b503845b,1784799971927,1784799971927,202,0.000,cold
4609,exp-cold-5000-004613-61a5c6ef,1784799971927,1784799971928,202,1.000,cold
4610,exp-cold-5000-004614-18b5c604,1784799971927,1784799971928,202,1.000,cold
4611,exp-cold-5000-004611-2121ecb5,1784799971927,1784799971928,202,1.000,cold
4612,exp-cold-5000-004609-1f092237,1784799971928,1784799971928,202,0.000,cold
4613,exp-cold-5000-004610-1245eeda,1784799971928,1784799971928,202,0.000,cold
4614,exp-cold-5000-004612-0674e86e,1784799971928,1784799971928,202,0.000,cold
4615,exp-cold-5000-004618-eefa9506,1784799971928,1784799971929,202,1.000,cold
4616,exp-cold-5000-004617-3f749814,1784799971928,1784799971929,202,1.000,cold
4617,exp-cold-5000-004619-7f9f7f07,1784799971928,1784799971929,202,1.000,cold
4618,exp-cold-5000-004615-c36513cc,1784799971929,1784799971929,202,0.000,cold
4619,exp-cold-5000-004616-484c7daf,1784799971929,1784799971929,202,0.000,cold
4620,exp-cold-5000-004620-ae9a1524,1784799971929,1784799971929,202,0.000,cold
4621,exp-cold-5000-004625-70ed8653,1784799971929,1784799971930,202,1.000,cold
4622,exp-cold-5000-004621-e7a027d4,1784799971930,1784799971930,202,0.000,cold
4623,exp-cold-5000-004622-da6776c9,1784799971930,1784799971930,202,0.000,cold
4624,exp-cold-5000-004623-f6aebbd9,1784799971930,1784799971930,202,0.000,cold
4625,exp-cold-5000-004629-bd0d4074,1784799971930,1784799971931,202,1.000,cold
4626,exp-cold-5000-004630-b46fd1b7,1784799971930,1784799971931,202,1.000,cold
4627,exp-cold-5000-004627-92c89745,1784799971931,1784799971931,202,0.000,cold
4628,exp-cold-5000-004628-a7d88aa4,1784799971931,1784799971931,202,0.000,cold
4629,exp-cold-5000-004626-0bb14967,1784799971931,1784799971931,202,0.000,cold
4630,exp-cold-5000-004624-a577416d,1784799971931,1784799971931,202,0.000,cold
4631,exp-cold-5000-004635-569cf187,1784799971931,1784799971932,202,1.000,cold
4632,exp-cold-5000-004632-df8fc6ae,1784799971932,1784799971932,202,0.000,cold
4633,exp-cold-5000-004631-cb4054ac,1784799971932,1784799971932,202,0.000,cold
4634,exp-cold-5000-004633-93f182c1,1784799971932,1784799971932,202,0.000,cold
4635,exp-cold-5000-004637-48fa8cb0,1784799971932,1784799971933,202,1.000,cold
4636,exp-cold-5000-004638-a3f837fc,1784799971932,1784799971933,202,1.000,cold
4637,exp-cold-5000-004636-df54b6b6,1784799971933,1784799971933,202,0.000,cold
4638,exp-cold-5000-004634-92cd750f,1784799971933,1784799971933,202,0.000,cold
4639,exp-cold-5000-004642-54aae8a5,1784799971933,1784799971934,202,1.000,cold
4640,exp-cold-5000-004641-dc93a009,1784799971934,1784799971934,202,0.000,cold
4641,exp-cold-5000-004640-0187f4a4,1784799971934,1784799971934,202,0.000,cold
4642,exp-cold-5000-004639-fb2c970f,1784799971934,1784799971934,202,0.000,cold
4643,exp-cold-5000-004644-5efa4ecb,1784799971934,1784799971935,202,1.000,cold
4644,exp-cold-5000-004646-8fdcc102,1784799971934,1784799971935,202,1.000,cold
4645,exp-cold-5000-004643-ab3fa5ac,1784799971935,1784799971935,202,0.000,cold
4646,exp-cold-5000-004645-882d209f,1784799971935,1784799971935,202,0.000,cold
4647,exp-cold-5000-004647-cd896b7a,1784799971935,1784799971936,202,1.000,cold
4648,exp-cold-5000-004651-2d1df844,1784799971935,1784799971936,202,1.000,cold
4649,exp-cold-5000-004648-0accff66,1784799971936,1784799971936,202,0.000,cold
4650,exp-cold-5000-004649-0493556d,1784799971936,1784799971936,202,0.000,cold
4651,exp-cold-5000-004650-2901f00f,1784799971936,1784799971936,202,0.000,cold
4652,exp-cold-5000-004656-4930b10e,1784799971936,1784799971937,202,1.000,cold
4653,exp-cold-5000-004655-f2365a02,1784799971936,1784799971937,202,1.000,cold
4654,exp-cold-5000-004654-ad76bb52,1784799971936,1784799971937,202,1.000,cold
4655,exp-cold-5000-004653-b2f40a63,1784799971936,1784799971937,202,1.000,cold
4656,exp-cold-5000-004652-31cd2595,1784799971937,1784799971937,202,0.000,cold
4657,exp-cold-5000-004658-e748a337,1784799971937,1784799971938,202,1.000,cold
4658,exp-cold-5000-004661-5f984cec,1784799971937,1784799971938,202,1.000,cold
4659,exp-cold-5000-004657-d709c0c8,1784799971938,1784799971938,202,0.000,cold
4660,exp-cold-5000-004659-beeb20c9,1784799971938,1784799971938,202,0.000,cold
4661,exp-cold-5000-004660-7874a242,1784799971938,1784799971938,202,0.000,cold
4662,exp-cold-5000-004663-9c95d33b,1784799971938,1784799971939,202,1.000,cold
4663,exp-cold-5000-004666-f8df449b,1784799971938,1784799971939,202,1.000,cold
4664,exp-cold-5000-004662-7904a05b,1784799971939,1784799971939,202,0.000,cold
4665,exp-cold-5000-004665-60858620,1784799971939,1784799971939,202,0.000,cold
4666,exp-cold-5000-004664-c6f17d46,1784799971939,1784799971939,202,0.000,cold
4667,exp-cold-5000-004668-d67dbd03,1784799971939,1784799971940,202,1.000,cold
4668,exp-cold-5000-004670-7e6da6bf,1784799971939,1784799971940,202,1.000,cold
4669,exp-cold-5000-004667-14f660b7,1784799971940,1784799971940,202,0.000,cold
4670,exp-cold-5000-004671-ab868877,1784799971940,1784799971940,202,0.000,cold
4671,exp-cold-5000-004669-fa778967,1784799971940,1784799971940,202,0.000,cold
4672,exp-cold-5000-004675-a55e3eb9,1784799971940,1784799971941,202,1.000,cold
4673,exp-cold-5000-004677-49313a9d,1784799971940,1784799971941,202,1.000,cold
4674,exp-cold-5000-004678-6449bdcb,1784799971940,1784799971941,202,1.000,cold
4675,exp-cold-5000-004672-b9dc7676,1784799971941,1784799971941,202,0.000,cold
4676,exp-cold-5000-004673-3d0fa12c,1784799971941,1784799971941,202,0.000,cold
4677,exp-cold-5000-004674-ade28b09,1784799971941,1784799971941,202,0.000,cold
4678,exp-cold-5000-004676-9fff7254,1784799971941,1784799971941,202,0.000,cold
4679,exp-cold-5000-004684-e43440c5,1784799971941,1784799971942,202,1.000,cold
4680,exp-cold-5000-004685-b3a19857,1784799971941,1784799971942,202,1.000,cold
4681,exp-cold-5000-004686-1ede77a6,1784799971941,1784799971942,202,1.000,cold
4682,exp-cold-5000-004683-790057a4,1784799971941,1784799971942,202,1.000,cold
4683,exp-cold-5000-004680-1fd8835b,1784799971942,1784799971942,202,0.000,cold
4684,exp-cold-5000-004679-7830ef7c,1784799971942,1784799971942,202,0.000,cold
4685,exp-cold-5000-004681-e00f8d77,1784799971942,1784799971942,202,0.000,cold
4686,exp-cold-5000-004682-e7d1d4cc,1784799971942,1784799971942,202,0.000,cold
4687,exp-cold-5000-004690-91a9f913,1784799971942,1784799971943,202,1.000,cold
4688,exp-cold-5000-004687-52c758c9,1784799971943,1784799971943,202,0.000,cold
4689,exp-cold-5000-004688-7ae1bb18,1784799971943,1784799971943,202,0.000,cold
4690,exp-cold-5000-004689-9e158c96,1784799971943,1784799971943,202,0.000,cold
4691,exp-cold-5000-004695-dd88a4ec,1784799971943,1784799971944,202,1.000,cold
4692,exp-cold-5000-004691-346c5f08,1784799971944,1784799971944,202,0.000,cold
4693,exp-cold-5000-004692-ba979f09,1784799971944,1784799971944,202,0.000,cold
4694,exp-cold-5000-004693-e6f1a99d,1784799971944,1784799971944,202,0.000,cold
4695,exp-cold-5000-004697-d2d7c1ea,1784799971944,1784799971945,202,1.000,cold
4696,exp-cold-5000-004696-c8ffb54d,1784799971945,1784799971945,202,0.000,cold
4697,exp-cold-5000-004694-ac25c0e2,1784799971945,1784799971945,202,0.000,cold
4698,exp-cold-5000-004698-4b3b5f09,1784799971945,1784799971945,202,0.000,cold
4699,exp-cold-5000-004700-5dc23ae8,1784799971946,1784799971946,202,0.000,cold
4700,exp-cold-5000-004701-23747c90,1784799971946,1784799971946,202,0.000,cold
4701,exp-cold-5000-004703-2bb6e4b3,1784799971946,1784799971946,202,0.000,cold
4702,exp-cold-5000-004702-0fc18d8d,1784799971946,1784799971946,202,0.000,cold
4703,exp-cold-5000-004699-121a70dd,1784799971946,1784799971946,202,0.000,cold
4704,exp-cold-5000-004708-744b02f7,1784799971946,1784799971947,202,1.000,cold
4705,exp-cold-5000-004705-bc51e202,1784799971947,1784799971947,202,0.000,cold
4706,exp-cold-5000-004706-33b22ad9,1784799971947,1784799971947,202,0.000,cold
4707,exp-cold-5000-004707-0a28e4ec,1784799971947,1784799971947,202,0.000,cold
4708,exp-cold-5000-004704-a5a19553,1784799971947,1784799971947,202,0.000,cold
4709,exp-cold-5000-004712-639f7fdc,1784799971947,1784799971948,202,1.000,cold
4710,exp-cold-5000-004710-21201511,1784799971948,1784799971948,202,0.000,cold
4711,exp-cold-5000-004711-7d0ad1e6,1784799971948,1784799971948,202,0.000,cold
4712,exp-cold-5000-004709-7cdd6aab,1784799971948,1784799971948,202,0.000,cold
4713,exp-cold-5000-004713-4b421c5d,1784799971948,1784799971949,202,1.000,cold
4714,exp-cold-5000-004717-90f77f6b,1784799971948,1784799971949,202,1.000,cold
4715,exp-cold-5000-004715-6f53843b,1784799971949,1784799971949,202,0.000,cold
4716,exp-cold-5000-004714-6916fa2e,1784799971949,1784799971949,202,0.000,cold
4717,exp-cold-5000-004716-8e901789,1784799971949,1784799971949,202,0.000,cold
4718,exp-cold-5000-004723-e20bd517,1784799971949,1784799971950,202,1.000,cold
4719,exp-cold-5000-004721-fa93360d,1784799971949,1784799971950,202,1.000,cold
4720,exp-cold-5000-004719-197fa8cb,1784799971949,1784799971950,202,1.000,cold
4721,exp-cold-5000-004718-4006fae5,1784799971950,1784799971950,202,0.000,cold
4722,exp-cold-5000-004720-152fef76,1784799971950,1784799971950,202,0.000,cold
4723,exp-cold-5000-004722-a8d7738a,1784799971950,1784799971950,202,0.000,cold
4724,exp-cold-5000-004724-43f3a81f,1784799971950,1784799971951,202,1.000,cold
4725,exp-cold-5000-004727-33bc68a8,1784799971950,1784799971951,202,1.000,cold
4726,exp-cold-5000-004725-75ccdb47,1784799971951,1784799971951,202,0.000,cold
4727,exp-cold-5000-004726-2f1e408b,1784799971951,1784799971951,202,0.000,cold
4728,exp-cold-5000-004732-15541ff9,1784799971951,1784799971952,202,1.000,cold
4729,exp-cold-5000-004731-bcef3789,1784799971951,1784799971952,202,1.000,cold
4730,exp-cold-5000-004728-baeb25a9,1784799971952,1784799971952,202,0.000,cold
4731,exp-cold-5000-004730-c733e1f2,1784799971952,1784799971952,202,0.000,cold
4732,exp-cold-5000-004729-3631e9d5,1784799971952,1784799971952,202,0.000,cold
4733,exp-cold-5000-004734-2cc27c78,1784799971952,1784799971953,202,1.000,cold
4734,exp-cold-5000-004733-97be029d,1784799971953,1784799971953,202,0.000,cold
4735,exp-cold-5000-004735-4f15e892,1784799971953,1784799971953,202,0.000,cold
4736,exp-cold-5000-004737-c584d10d,1784799971953,1784799971953,202,0.000,cold
4737,exp-cold-5000-004736-9cb036a9,1784799971953,1784799971953,202,0.000,cold
4738,exp-cold-5000-004744-a31716d2,1784799971953,1784799971954,202,1.000,cold
4739,exp-cold-5000-004742-5ba5dca9,1784799971953,1784799971954,202,1.000,cold
4740,exp-cold-5000-004741-ac738579,1784799971953,1784799971954,202,1.000,cold
4741,exp-cold-5000-004739-7ecdaef7,1784799971954,1784799971954,202,0.000,cold
4742,exp-cold-5000-004738-db8a4a38,1784799971954,1784799971954,202,0.000,cold
4743,exp-cold-5000-004740-7e98b869,1784799971954,1784799971954,202,0.000,cold
4744,exp-cold-5000-004743-53434b68,1784799971954,1784799971954,202,0.000,cold
4745,exp-cold-5000-004748-39c79cd2,1784799971954,1784799971955,202,1.000,cold
4746,exp-cold-5000-004745-472123c5,1784799971954,1784799971955,202,1.000,cold
4747,exp-cold-5000-004746-73abb251,1784799971955,1784799971955,202,0.000,cold
4748,exp-cold-5000-004747-573ee152,1784799971955,1784799971955,202,0.000,cold
4749,exp-cold-5000-004754-2b184680,1784799971955,1784799971956,202,1.000,cold
4750,exp-cold-5000-004753-04a5db9f,1784799971955,1784799971956,202,1.000,cold
4751,exp-cold-5000-004755-b3390f59,1784799971955,1784799971956,202,1.000,cold
4752,exp-cold-5000-004749-99fd8a6a,1784799971956,1784799971956,202,0.000,cold
4753,exp-cold-5000-004750-48d0640d,1784799971956,1784799971956,202,0.000,cold
4754,exp-cold-5000-004751-a3b72ede,1784799971956,1784799971956,202,0.000,cold
4755,exp-cold-5000-004752-d8ba48b8,1784799971956,1784799971956,202,0.000,cold
4756,exp-cold-5000-004762-c4954b57,1784799971956,1784799971957,202,1.000,cold
4757,exp-cold-5000-004761-10bafccf,1784799971956,1784799971957,202,1.000,cold
4758,exp-cold-5000-004759-42523be7,1784799971956,1784799971957,202,1.000,cold
4759,exp-cold-5000-004756-02b2f597,1784799971957,1784799971957,202,0.000,cold
4760,exp-cold-5000-004757-1dd7465d,1784799971957,1784799971957,202,0.000,cold
4761,exp-cold-5000-004758-b420a829,1784799971957,1784799971957,202,0.000,cold
4762,exp-cold-5000-004760-dbd6aa97,1784799971957,1784799971957,202,0.000,cold
4763,exp-cold-5000-004765-22dcbed3,1784799971957,1784799971958,202,1.000,cold
4764,exp-cold-5000-004766-f5898efb,1784799971957,1784799971958,202,1.000,cold
4765,exp-cold-5000-004767-c0844a33,1784799971957,1784799971958,202,1.000,cold
4766,exp-cold-5000-004763-a1bd07b0,1784799971958,1784799971958,202,0.000,cold
4767,exp-cold-5000-004764-c05959c0,1784799971958,1784799971958,202,0.000,cold
4768,exp-cold-5000-004769-3d9b656f,1784799971958,1784799971959,202,1.000,cold
4769,exp-cold-5000-004770-7c7fd0f5,1784799971958,1784799971959,202,1.000,cold
4770,exp-cold-5000-004768-68317531,1784799971959,1784799971959,202,0.000,cold
4771,exp-cold-5000-004774-724d8a45,1784799971959,1784799971960,202,1.000,cold
4772,exp-cold-5000-004775-565ee12a,1784799971959,1784799971960,202,1.000,cold
4773,exp-cold-5000-004773-c88b0e62,1784799971959,1784799971960,202,1.000,cold
4774,exp-cold-5000-004771-e96d0261,1784799971960,1784799971960,202,0.000,cold
4775,exp-cold-5000-004772-853fe1d5,1784799971960,1784799971960,202,0.000,cold
4776,exp-cold-5000-004780-aab05d28,1784799971960,1784799971961,202,1.000,cold
4777,exp-cold-5000-004776-3fc35432,1784799971961,1784799971961,202,0.000,cold
4778,exp-cold-5000-004777-c30d8e8d,1784799971961,1784799971961,202,0.000,cold
4779,exp-cold-5000-004779-389c372a,1784799971961,1784799971961,202,0.000,cold
4780,exp-cold-5000-004778-8718eddb,1784799971961,1784799971961,202,0.000,cold
4781,exp-cold-5000-004783-fb886aa2,1784799971961,1784799971962,202,1.000,cold
4782,exp-cold-5000-004785-49f58f69,1784799971961,1784799971962,202,1.000,cold
4783,exp-cold-5000-004786-7cd93d3d,1784799971961,1784799971962,202,1.000,cold
4784,exp-cold-5000-004781-03ebd867,1784799971962,1784799971962,202,0.000,cold
4785,exp-cold-5000-004782-2cd215ef,1784799971962,1784799971962,202,0.000,cold
4786,exp-cold-5000-004789-a21ddf0b,1784799971962,1784799971963,202,1.000,cold
4787,exp-cold-5000-004790-bf90bc54,1784799971962,1784799971963,202,1.000,cold
4788,exp-cold-5000-004787-40b7c4d6,1784799971963,1784799971963,202,0.000,cold
4789,exp-cold-5000-004784-9c264f52,1784799971963,1784799971963,202,0.000,cold
4790,exp-cold-5000-004788-7725be30,1784799971963,1784799971963,202,0.000,cold
4791,exp-cold-5000-004793-e2cdccd0,1784799971963,1784799971964,202,1.000,cold
4792,exp-cold-5000-004791-1410110c,1784799971964,1784799971964,202,0.000,cold
4793,exp-cold-5000-004792-d8ec344e,1784799971964,1784799971964,202,0.000,cold
4794,exp-cold-5000-004794-74aec601,1784799971964,1784799971964,202,0.000,cold
4795,exp-cold-5000-004798-c8b3faa9,1784799971964,1784799971965,202,1.000,cold
4796,exp-cold-5000-004796-547601a4,1784799971965,1784799971965,202,0.000,cold
4797,exp-cold-5000-004795-29cc3d1f,1784799971965,1784799971965,202,0.000,cold
4798,exp-cold-5000-004797-21dd3905,1784799971965,1784799971965,202,0.000,cold
4799,exp-cold-5000-004802-674f8ae7,1784799971966,1784799971966,202,0.000,cold
4800,exp-cold-5000-004801-76a663b5,1784799971966,1784799971966,202,0.000,cold
4801,exp-cold-5000-004800-c7f83173,1784799971966,1784799971966,202,0.000,cold
4802,exp-cold-5000-004799-1b12e5b7,1784799971966,1784799971966,202,0.000,cold
4803,exp-cold-5000-004806-57a4ddd7,1784799971966,1784799971967,202,1.000,cold
4804,exp-cold-5000-004807-ac95deef,1784799971966,1784799971967,202,1.000,cold
4805,exp-cold-5000-004805-a10a20ec,1784799971966,1784799971967,202,1.000,cold
4806,exp-cold-5000-004803-b80fa128,1784799971967,1784799971967,202,0.000,cold
4807,exp-cold-5000-004804-9b1eb992,1784799971967,1784799971967,202,0.000,cold
4808,exp-cold-5000-004808-43276ac2,1784799971967,1784799971968,202,1.000,cold
4809,exp-cold-5000-004812-0eebf791,1784799971967,1784799971968,202,1.000,cold
4810,exp-cold-5000-004809-2f2abca8,1784799971968,1784799971968,202,0.000,cold
4811,exp-cold-5000-004810-66f8ee18,1784799971968,1784799971968,202,0.000,cold
4812,exp-cold-5000-004811-bb6c8c97,1784799971968,1784799971968,202,0.000,cold
4813,exp-cold-5000-004816-d9a5b2f8,1784799971968,1784799971969,202,1.000,cold
4814,exp-cold-5000-004814-1e812df4,1784799971968,1784799971969,202,1.000,cold
4815,exp-cold-5000-004813-c45fe432,1784799971969,1784799971969,202,0.000,cold
4816,exp-cold-5000-004815-dca89946,1784799971969,1784799971969,202,0.000,cold
4817,exp-cold-5000-004821-b8ceabbc,1784799971969,1784799971970,202,1.000,cold
4818,exp-cold-5000-004818-135028c3,1784799971969,1784799971970,202,1.000,cold
4819,exp-cold-5000-004822-159bfe83,1784799971969,1784799971970,202,1.000,cold
4820,exp-cold-5000-004817-35350eeb,1784799971970,1784799971970,202,0.000,cold
4821,exp-cold-5000-004819-e19a4c2b,1784799971970,1784799971970,202,0.000,cold
4822,exp-cold-5000-004820-19673f45,1784799971970,1784799971970,202,0.000,cold
4823,exp-cold-5000-004827-f83f95ee,1784799971970,1784799971971,202,1.000,cold
4824,exp-cold-5000-004823-30fd435e,1784799971970,1784799971971,202,1.000,cold
4825,exp-cold-5000-004824-6fa75eba,1784799971971,1784799971971,202,0.000,cold
4826,exp-cold-5000-004826-6544f47b,1784799971971,1784799971971,202,0.000,cold
4827,exp-cold-5000-004825-bb8a4051,1784799971971,1784799971971,202,0.000,cold
4828,exp-cold-5000-004831-30bc8c08,1784799971971,1784799971972,202,1.000,cold
4829,exp-cold-5000-004829-78c0df69,1784799971971,1784799971972,202,1.000,cold
4830,exp-cold-5000-004830-70ade110,1784799971971,1784799971972,202,1.000,cold
4831,exp-cold-5000-004828-c391ca92,1784799971972,1784799971972,202,0.000,cold
4832,exp-cold-5000-004837-afbe74ce,1784799971972,1784799971973,202,1.000,cold
4833,exp-cold-5000-004836-6a363540,1784799971972,1784799971973,202,1.000,cold
4834,exp-cold-5000-004832-1bac2ba1,1784799971973,1784799971973,202,0.000,cold
4835,exp-cold-5000-004835-9eb30d35,1784799971973,1784799971973,202,0.000,cold
4836,exp-cold-5000-004834-2a7ed084,1784799971973,1784799971973,202,0.000,cold
4837,exp-cold-5000-004833-676d0f6e,1784799971973,1784799971973,202,0.000,cold
4838,exp-cold-5000-004843-bdb8cba1,1784799971973,1784799971974,202,1.000,cold
4839,exp-cold-5000-004841-9aa458de,1784799971973,1784799971974,202,1.000,cold
4840,exp-cold-5000-004844-8ad07fbb,1784799971973,1784799971974,202,1.000,cold
4841,exp-cold-5000-004845-eeb7cfba,1784799971973,1784799971974,202,1.000,cold
4842,exp-cold-5000-004838-5cd2bf7e,1784799971974,1784799971974,202,0.000,cold
4843,exp-cold-5000-004839-bd768e85,1784799971974,1784799971974,202,0.000,cold
4844,exp-cold-5000-004840-aa44349a,1784799971974,1784799971974,202,0.000,cold
4845,exp-cold-5000-004842-636dd2bf,1784799971974,1784799971974,202,0.000,cold
4846,exp-cold-5000-004849-231b8439,1784799971974,1784799971975,202,1.000,cold
4847,exp-cold-5000-004850-05fedba9,1784799971974,1784799971975,202,1.000,cold
4848,exp-cold-5000-004847-c2d87830,1784799971975,1784799971975,202,0.000,cold
4849,exp-cold-5000-004846-fda29dc2,1784799971975,1784799971975,202,0.000,cold
4850,exp-cold-5000-004848-1219d6d3,1784799971975,1784799971975,202,0.000,cold
4851,exp-cold-5000-004856-7db6240c,1784799971975,1784799971976,202,1.000,cold
4852,exp-cold-5000-004855-19e6e444,1784799971975,1784799971976,202,1.000,cold
4853,exp-cold-5000-004854-35121d2c,1784799971975,1784799971976,202,1.000,cold
4854,exp-cold-5000-004851-0760a9eb,1784799971976,1784799971976,202,0.000,cold
4855,exp-cold-5000-004853-6428c709,1784799971976,1784799971976,202,0.000,cold
4856,exp-cold-5000-004852-c9ef13b3,1784799971976,1784799971976,202,0.000,cold
4857,exp-cold-5000-004858-6301e181,1784799971976,1784799971977,202,1.000,cold
4858,exp-cold-5000-004859-13e32deb,1784799971976,1784799971977,202,1.000,cold
4859,exp-cold-5000-004857-78bd13b0,1784799971977,1784799971977,202,0.000,cold
4860,exp-cold-5000-004860-6b68528c,1784799971978,1784799971978,202,0.000,cold
4861,exp-cold-5000-004861-7ed48049,1784799971978,1784799971978,202,0.000,cold
4862,exp-cold-5000-004862-de31611a,1784799971978,1784799971978,202,0.000,cold
4863,exp-cold-5000-004870-62550bd7,1784799971978,1784799971979,202,1.000,cold
4864,exp-cold-5000-004868-d74e39ae,1784799971978,1784799971979,202,1.000,cold
4865,exp-cold-5000-004864-754689c5,1784799971979,1784799971979,202,0.000,cold
4866,exp-cold-5000-004866-f29d4cf6,1784799971979,1784799971979,202,0.000,cold
4867,exp-cold-5000-004865-ff9386e8,1784799971979,1784799971979,202,0.000,cold
4868,exp-cold-5000-004863-b256145a,1784799971979,1784799971979,202,0.000,cold
4869,exp-cold-5000-004867-dd697f95,1784799971979,1784799971979,202,0.000,cold
4870,exp-cold-5000-004874-732646e6,1784799971979,1784799971980,202,1.000,cold
4871,exp-cold-5000-004871-78cc1143,1784799971980,1784799971980,202,0.000,cold
4872,exp-cold-5000-004872-fc938f2b,1784799971980,1784799971980,202,0.000,cold
4873,exp-cold-5000-004869-bf2b4fb7,1784799971980,1784799971980,202,0.000,cold
4874,exp-cold-5000-004873-aa50ea2e,1784799971980,1784799971980,202,0.000,cold
4875,exp-cold-5000-004878-1b2677d9,1784799971980,1784799971981,202,1.000,cold
4876,exp-cold-5000-004876-3775186d,1784799971981,1784799971981,202,0.000,cold
4877,exp-cold-5000-004877-20612a5c,1784799971981,1784799971981,202,0.000,cold
4878,exp-cold-5000-004875-d7335880,1784799971981,1784799971981,202,0.000,cold
4879,exp-cold-5000-004881-22ce8294,1784799971981,1784799971982,202,1.000,cold
4880,exp-cold-5000-004882-7f92550e,1784799971981,1784799971982,202,1.000,cold
4881,exp-cold-5000-004883-201b1b9a,1784799971981,1784799971982,202,1.000,cold
4882,exp-cold-5000-004880-9b02b2a6,1784799971982,1784799971982,202,0.000,cold
4883,exp-cold-5000-004879-0d373715,1784799971982,1784799971982,202,0.000,cold
4884,exp-cold-5000-004888-cc64c019,1784799971982,1784799971983,202,1.000,cold
4885,exp-cold-5000-004889-2f72df48,1784799971982,1784799971983,202,1.000,cold
4886,exp-cold-5000-004885-fee24f93,1784799971983,1784799971983,202,0.000,cold
4887,exp-cold-5000-004886-0373339b,1784799971983,1784799971983,202,0.000,cold
4888,exp-cold-5000-004887-4104844a,1784799971983,1784799971983,202,0.000,cold
4889,exp-cold-5000-004884-c6db6990,1784799971983,1784799971983,202,0.000,cold
4890,exp-cold-5000-004890-29d6eb53,1784799971984,1784799971984,202,0.000,cold
4891,exp-cold-5000-004891-afa22a73,1784799971984,1784799971984,202,0.000,cold
4892,exp-cold-5000-004892-1e1564e9,1784799971984,1784799971984,202,0.000,cold
4893,exp-cold-5000-004896-7d7df89d,1784799971984,1784799971985,202,1.000,cold
4894,exp-cold-5000-004895-c2e7e171,1784799971984,1784799971985,202,1.000,cold
4895,exp-cold-5000-004894-63184f07,1784799971984,1784799971985,202,1.000,cold
4896,exp-cold-5000-004893-3411a57e,1784799971985,1784799971985,202,0.000,cold
4897,exp-cold-5000-004897-fa3f3175,1784799971985,1784799971986,202,1.000,cold
4898,exp-cold-5000-004900-9cb38a27,1784799971985,1784799971986,202,1.000,cold
4899,exp-cold-5000-004898-e791e2b9,1784799971986,1784799971986,202,0.000,cold
4900,exp-cold-5000-004899-e8be2af2,1784799971986,1784799971986,202,0.000,cold
4901,exp-cold-5000-004902-3e25afc7,1784799971986,1784799971987,202,1.000,cold
4902,exp-cold-5000-004905-b289a3ad,1784799971986,1784799971987,202,1.000,cold
4903,exp-cold-5000-004906-b580e86e,1784799971986,1784799971987,202,1.000,cold
4904,exp-cold-5000-004903-200fb65d,1784799971987,1784799971987,202,0.000,cold
4905,exp-cold-5000-004901-e8888bea,1784799971987,1784799971987,202,0.000,cold
4906,exp-cold-5000-004904-5c140f46,1784799971987,1784799971987,202,0.000,cold
4907,exp-cold-5000-004912-485b1d94,1784799971987,1784799971988,202,1.000,cold
4908,exp-cold-5000-004910-cbb06f60,1784799971987,1784799971988,202,1.000,cold
4909,exp-cold-5000-004913-71536abe,1784799971987,1784799971988,202,1.000,cold
4910,exp-cold-5000-004907-cc1b7490,1784799971988,1784799971988,202,0.000,cold
4911,exp-cold-5000-004908-a941b2fe,1784799971988,1784799971988,202,0.000,cold
4912,exp-cold-5000-004909-848da2dc,1784799971988,1784799971988,202,0.000,cold
4913,exp-cold-5000-004911-5cb752c9,1784799971988,1784799971988,202,0.000,cold
4914,exp-cold-5000-004918-da030d97,1784799971988,1784799971989,202,1.000,cold
4915,exp-cold-5000-004915-665699d0,1784799971988,1784799971989,202,1.000,cold
4916,exp-cold-5000-004916-931f7f98,1784799971988,1784799971989,202,1.000,cold
4917,exp-cold-5000-004919-0a3c19d6,1784799971988,1784799971989,202,1.000,cold
4918,exp-cold-5000-004914-acbd604e,1784799971989,1784799971989,202,0.000,cold
4919,exp-cold-5000-004917-20e72d54,1784799971989,1784799971989,202,0.000,cold
4920,exp-cold-5000-004925-0148ff45,1784799971989,1784799971990,202,1.000,cold
4921,exp-cold-5000-004924-26ce4121,1784799971989,1784799971990,202,1.000,cold
4922,exp-cold-5000-004922-bf6c8b0c,1784799971989,1784799971990,202,1.000,cold
4923,exp-cold-5000-004920-9bc7e8bc,1784799971990,1784799971990,202,0.000,cold
4924,exp-cold-5000-004923-495fd5fe,1784799971990,1784799971990,202,0.000,cold
4925,exp-cold-5000-004921-5c32b220,1784799971990,1784799971990,202,0.000,cold
4926,exp-cold-5000-004930-ee833704,1784799971990,1784799971991,202,1.000,cold
4927,exp-cold-5000-004928-6532d467,1784799971990,1784799971991,202,1.000,cold
4928,exp-cold-5000-004926-28386f84,1784799971991,1784799971991,202,0.000,cold
4929,exp-cold-5000-004929-4296a643,1784799971991,1784799971991,202,0.000,cold
4930,exp-cold-5000-004927-a2411bbe,1784799971991,1784799971991,202,0.000,cold
4931,exp-cold-5000-004937-8d4def57,1784799971991,1784799971992,202,1.000,cold
4932,exp-cold-5000-004936-39fd8c6f,1784799971991,1784799971992,202,1.000,cold
4933,exp-cold-5000-004935-8b060964,1784799971991,1784799971992,202,1.000,cold
4934,exp-cold-5000-004931-4200dbde,1784799971992,1784799971992,202,0.000,cold
4935,exp-cold-5000-004932-637402dc,1784799971992,1784799971992,202,0.000,cold
4936,exp-cold-5000-004933-7be3f0d5,1784799971992,1784799971992,202,0.000,cold
4937,exp-cold-5000-004934-2a376489,1784799971992,1784799971992,202,0.000,cold
4938,exp-cold-5000-004940-c2f0d3a5,1784799971992,1784799971993,202,1.000,cold
4939,exp-cold-5000-004939-58841719,1784799971992,1784799971993,202,1.000,cold
4940,exp-cold-5000-004938-fcff520c,1784799971993,1784799971993,202,0.000,cold
4941,exp-cold-5000-004943-e558b27d,1784799971993,1784799971994,202,1.000,cold
4942,exp-cold-5000-004944-460981fa,1784799971993,1784799971994,202,1.000,cold
4943,exp-cold-5000-004945-271490d3,1784799971993,1784799971994,202,1.000,cold
4944,exp-cold-5000-004942-bf50769b,1784799971993,1784799971994,202,1.000,cold
4945,exp-cold-5000-004941-04b9a0ec,1784799971994,1784799971994,202,0.000,cold
4946,exp-cold-5000-004947-9073f392,1784799971994,1784799971995,202,1.000,cold
4947,exp-cold-5000-004948-914a5c9b,1784799971994,1784799971995,202,1.000,cold
4948,exp-cold-5000-004950-e5a43fe6,1784799971994,1784799971995,202,1.000,cold
4949,exp-cold-5000-004946-e0e89544,1784799971995,1784799971995,202,0.000,cold
4950,exp-cold-5000-004954-6a3c4de7,1784799971995,1784799971996,202,1.000,cold
4951,exp-cold-5000-004955-2df3fa87,1784799971995,1784799971996,202,1.000,cold
4952,exp-cold-5000-004949-fb861c8a,1784799971996,1784799971996,202,0.000,cold
4953,exp-cold-5000-004952-c137a098,1784799971996,1784799971996,202,0.000,cold
4954,exp-cold-5000-004951-b0d15f0e,1784799971996,1784799971996,202,0.000,cold
4955,exp-cold-5000-004960-e22c58c5,1784799971996,1784799971997,202,1.000,cold
4956,exp-cold-5000-004956-04b43f62,1784799971997,1784799971997,202,0.000,cold
4957,exp-cold-5000-004953-7c29f6e6,1784799971997,1784799971997,202,0.000,cold
4958,exp-cold-5000-004957-05b37a24,1784799971997,1784799971997,202,0.000,cold
4959,exp-cold-5000-004958-a0abada2,1784799971997,1784799971997,202,0.000,cold
4960,exp-cold-5000-004963-a7a3f4e8,1784799971997,1784799971998,202,1.000,cold
4961,exp-cold-5000-004961-141860ed,1784799971998,1784799971998,202,0.000,cold
4962,exp-cold-5000-004959-9186bd5d,1784799971998,1784799971998,202,0.000,cold
4963,exp-cold-5000-004962-b7f7be59,1784799971998,1784799971998,202,0.000,cold
4964,exp-cold-5000-004967-89566fb7,1784799971998,1784799971999,202,1.000,cold
4965,exp-cold-5000-004965-36d4ce59,1784799971999,1784799971999,202,0.000,cold
4966,exp-cold-5000-004966-a965ec51,1784799971999,1784799971999,202,0.000,cold
4967,exp-cold-5000-004964-04561e3b,1784799971999,1784799971999,202,0.000,cold
4968,exp-cold-5000-004972-49126d6f,1784799971999,1784799972000,202,1.000,cold
4969,exp-cold-5000-004971-45a0820b,1784799971999,1784799972000,202,1.000,cold
4970,exp-cold-5000-004968-df9bd44b,1784799972000,1784799972000,202,0.000,cold
4971,exp-cold-5000-004970-e09cced0,1784799972000,1784799972000,202,0.000,cold
4972,exp-cold-5000-004969-6b35362b,1784799972000,1784799972000,202,0.000,cold
4973,exp-cold-5000-004976-2dc87423,1784799972000,1784799972001,202,1.000,cold
4974,exp-cold-5000-004977-639e04d5,1784799972000,1784799972001,202,1.000,cold
4975,exp-cold-5000-004974-b88795a9,1784799972001,1784799972001,202,0.000,cold
4976,exp-cold-5000-004973-c51b58a2,1784799972001,1784799972001,202,0.000,cold
4977,exp-cold-5000-004975-a4a89499,1784799972001,1784799972001,202,0.000,cold
4978,exp-cold-5000-004982-2faf21ab,1784799972001,1784799972002,202,1.000,cold
4979,exp-cold-5000-004983-f8d627ff,1784799972001,1784799972002,202,1.000,cold
4980,exp-cold-5000-004979-61231945,1784799972002,1784799972002,202,0.000,cold
4981,exp-cold-5000-004981-573be498,1784799972002,1784799972002,202,0.000,cold
4982,exp-cold-5000-004980-71fed422,1784799972002,1784799972002,202,0.000,cold
4983,exp-cold-5000-004978-d54d96bf,1784799972002,1784799972002,202,0.000,cold
4984,exp-cold-5000-004988-5a6e86aa,1784799972002,1784799972003,202,1.000,cold
4985,exp-cold-5000-004987-2c1f2620,1784799972002,1784799972003,202,1.000,cold
4986,exp-cold-5000-004985-9f0c538e,1784799972002,1784799972003,202,1.000,cold
4987,exp-cold-5000-004984-6ef0b95b,1784799972003,1784799972003,202,0.000,cold
4988,exp-cold-5000-004986-f00b669e,1784799972003,1784799972003,202,0.000,cold
4989,exp-cold-5000-004992-50841861,1784799972003,1784799972004,202,1.000,cold
4990,exp-cold-5000-004990-40d3f46c,1784799972004,1784799972004,202,0.000,cold
4991,exp-cold-5000-004991-847131df,1784799972004,1784799972004,202,0.000,cold
4992,exp-cold-5000-004989-a94907c0,1784799972004,1784799972004,202,0.000,cold
4993,exp-cold-5000-004996-c9f79e6f,1784799972004,1784799972005,202,1.000,cold
4994,exp-cold-5000-004994-06f078b6,1784799972005,1784799972005,202,0.000,cold
4995,exp-cold-5000-004993-24bd74e4,1784799972005,1784799972005,202,0.000,cold
4996,exp-cold-5000-004995-856163d5,1784799972005,1784799972005,202,0.000,cold
4997,exp-cold-5000-004999-3e3fd825,1784799972005,1784799972006,202,1.000,cold
4998,exp-cold-5000-004997-c9e33276,1784799972006,1784799972006,202,0.000,cold
4999,exp-cold-5000-004998-d1eaf9bc,1784799972006,1784799972006,202,0.000,cold
