seq,trace_id,t_req_ms,t_resp_ms,http_code,gateway_latency_ms,round
0,exp-warm-5000-000148-e38c499c,1784798601598,1784798601720,202,122.000,warm
1,exp-warm-5000-000250-e85d1203,1784798601600,1784798601721,202,121.000,warm
2,exp-warm-5000-000130-8c61d79a,1784798601601,1784798601721,202,120.000,warm
3,exp-warm-5000-000085-96446377,1784798601601,1784798601721,202,120.000,warm
4,exp-warm-5000-000089-9e2c0e91,1784798601602,1784798601720,202,118.000,warm
5,exp-warm-5000-000099-c050d359,1784798601605,1784798601720,202,115.000,warm
6,exp-warm-5000-000039-2d025501,1784798601605,1784798601721,202,116.000,warm
7,exp-warm-5000-000157-14ef7e43,1784798601605,1784798601721,202,116.000,warm
8,exp-warm-5000-000167-bcc4c5e9,1784798601605,1784798601721,202,116.000,warm
9,exp-warm-5000-000105-76e49ee0,1784798601607,1784798601721,202,114.000,warm
10,exp-warm-5000-000181-47810f01,1784798601607,1784798601721,202,114.000,warm
11,exp-warm-5000-000155-2a8aa7e9,1784798601609,1784798601721,202,112.000,warm
12,exp-warm-5000-000135-0e171f9c,1784798601658,1784798601721,202,63.000,warm
13,exp-warm-5000-000249-c849447d,1784798601659,1784798601718,202,59.000,warm
14,exp-warm-5000-000336-5d617f7b,1784798601659,1784798601719,202,60.000,warm
15,exp-warm-5000-000223-5cd42fdf,1784798601660,1784798601720,202,60.000,warm
16,exp-warm-5000-000131-01f10e4d,1784798601660,1784798601719,202,59.000,warm
17,exp-warm-5000-000091-603e43a9,1784798601660,1784798601721,202,61.000,warm
18,exp-warm-5000-000052-3ebbb2de,1784798601660,1784798601719,202,59.000,warm
19,exp-warm-5000-000066-df952f38,1784798601660,1784798601722,202,62.000,warm
20,exp-warm-5000-000162-704a36c1,1784798601660,1784798601722,202,62.000,warm
21,exp-warm-5000-000018-270bae0c,1784798601660,1784798601719,202,59.000,warm
22,exp-warm-5000-000120-ad310f55,1784798601660,1784798601719,202,59.000,warm
23,exp-warm-5000-000200-5e938c03,1784798601661,1784798601718,202,57.000,warm
24,exp-warm-5000-000267-77d723f9,1784798601661,1784798601719,202,58.000,warm
25,exp-warm-5000-000068-9192e782,1784798601661,1784798601719,202,58.000,warm
26,exp-warm-5000-000127-e95f4269,1784798601661,1784798601719,202,58.000,warm
27,exp-warm-5000-000329-e7309cbd,1784798601661,1784798601720,202,59.000,warm
28,exp-warm-5000-000083-8d8030df,1784798601661,1784798601718,202,57.000,warm
29,exp-warm-5000-000315-09877c62,1784798601661,1784798601722,202,61.000,warm
30,exp-warm-5000-000044-99590875,1784798601661,1784798601722,202,61.000,warm
31,exp-warm-5000-000237-ada3b985,1784798601662,1784798601721,202,59.000,warm
32,exp-warm-5000-000281-6bc17e36,1784798601662,1784798601721,202,59.000,warm
33,exp-warm-5000-000116-87658fd7,1784798601662,1784798601720,202,58.000,warm
34,exp-warm-5000-000142-167651e2,1784798601662,1784798601718,202,56.000,warm
35,exp-warm-5000-000240-82186a12,1784798601662,1784798601718,202,56.000,warm
36,exp-warm-5000-000182-60105149,1784798601662,1784798601718,202,56.000,warm
37,exp-warm-5000-000109-33d7f241,1784798601662,1784798601718,202,56.000,warm
38,exp-warm-5000-000224-37e95ef2,1784798601662,1784798601722,202,60.000,warm
39,exp-warm-5000-000143-83051592,1784798601662,1784798601721,202,59.000,warm
40,exp-warm-5000-000151-15ca1ac1,1784798601662,1784798601720,202,58.000,warm
41,exp-warm-5000-000206-a968d1d6,1784798601662,1784798601720,202,58.000,warm
42,exp-warm-5000-000055-42fb8bfc,1784798601663,1784798601722,202,59.000,warm
43,exp-warm-5000-000205-4b2dd1e8,1784798601663,1784798601719,202,56.000,warm
44,exp-warm-5000-000128-7d6a719d,1784798601663,1784798601720,202,57.000,warm
45,exp-warm-5000-000027-fa013d0a,1784798601663,1784798601720,202,57.000,warm
46,exp-warm-5000-000199-05c6a5b0,1784798601664,1784798601722,202,58.000,warm
47,exp-warm-5000-000277-5dde1549,1784798601664,1784798601722,202,58.000,warm
48,exp-warm-5000-000202-73f2e848,1784798601664,1784798601722,202,58.000,warm
49,exp-warm-5000-000153-1b2634d3,1784798601664,1784798601722,202,58.000,warm
50,exp-warm-5000-000056-aaf3ab77,1784798601664,1784798601728,202,64.000,warm
51,exp-warm-5000-000317-1e81e458,1784798601664,1784798601721,202,57.000,warm
52,exp-warm-5000-000063-c7d60635,1784798601664,1784798601718,202,54.000,warm
53,exp-warm-5000-000011-62ed8f0e,1784798601664,1784798601722,202,58.000,warm
54,exp-warm-5000-000145-f2c8134a,1784798601664,1784798601718,202,54.000,warm
55,exp-warm-5000-000201-6132f0ae,1784798601664,1784798601722,202,58.000,warm
56,exp-warm-5000-000103-55c6f576,1784798601665,1784798601720,202,55.000,warm
57,exp-warm-5000-000190-a17fcf72,1784798601665,1784798601720,202,55.000,warm
58,exp-warm-5000-000215-ccf510b0,1784798601665,1784798601720,202,55.000,warm
59,exp-warm-5000-000284-32d256c8,1784798601665,1784798601721,202,56.000,warm
60,exp-warm-5000-000152-5b162e7d,1784798601665,1784798601720,202,55.000,warm
61,exp-warm-5000-000097-00af4b7a,1784798601665,1784798601725,202,60.000,warm
62,exp-warm-5000-000246-9f46ddc1,1784798601665,1784798601720,202,55.000,warm
63,exp-warm-5000-000076-5d707864,1784798601665,1784798601720,202,55.000,warm
64,exp-warm-5000-000058-c2b5a176,1784798601665,1784798601720,202,55.000,warm
65,exp-warm-5000-000037-8db831f3,1784798601665,1784798601720,202,55.000,warm
66,exp-warm-5000-000173-131f6e70,1784798601665,1784798601720,202,55.000,warm
67,exp-warm-5000-000245-6e27f282,1784798601666,1784798601728,202,62.000,warm
68,exp-warm-5000-000156-7c6d2c28,1784798601666,1784798601721,202,55.000,warm
69,exp-warm-5000-000252-f52fcf17,1784798601666,1784798601725,202,59.000,warm
70,exp-warm-5000-000034-cd95e789,1784798601666,1784798601720,202,54.000,warm
71,exp-warm-5000-000046-9679c0b9,1784798601666,1784798601720,202,54.000,warm
72,exp-warm-5000-000133-0392c238,1784798601666,1784798601720,202,54.000,warm
73,exp-warm-5000-000045-3936b5f2,1784798601666,1784798601720,202,54.000,warm
74,exp-warm-5000-000060-c4770a12,1784798601666,1784798601721,202,55.000,warm
75,exp-warm-5000-000118-78503dcd,1784798601666,1784798601719,202,53.000,warm
76,exp-warm-5000-000290-e0aa011f,1784798601666,1784798601719,202,53.000,warm
77,exp-warm-5000-000304-25f683ef,1784798601666,1784798601725,202,59.000,warm
78,exp-warm-5000-000041-4f3f6522,1784798601667,1784798601718,202,51.000,warm
79,exp-warm-5000-000187-b604d006,1784798601667,1784798601730,202,63.000,warm
80,exp-warm-5000-000335-452075ac,1784798601667,1784798601719,202,52.000,warm
81,exp-warm-5000-000168-0c96b8c8,1784798601667,1784798601719,202,52.000,warm
82,exp-warm-5000-000080-04b992c1,1784798601667,1784798601729,202,62.000,warm
83,exp-warm-5000-000000-2379a1af,1784798601667,1784798601721,202,54.000,warm
84,exp-warm-5000-000255-f4322f21,1784798601667,1784798601720,202,53.000,warm
85,exp-warm-5000-000211-4fbbe910,1784798601667,1784798601720,202,53.000,warm
86,exp-warm-5000-000132-c34165cb,1784798601667,1784798601720,202,53.000,warm
87,exp-warm-5000-000208-d5fac897,1784798601667,1784798601725,202,58.000,warm
88,exp-warm-5000-000004-d17bece1,1784798601667,1784798601720,202,53.000,warm
89,exp-warm-5000-000050-a7aabb5c,1784798601667,1784798601720,202,53.000,warm
90,exp-warm-5000-000219-734b7236,1784798601667,1784798601720,202,53.000,warm
91,exp-warm-5000-000292-c0629eb9,1784798601667,1784798601720,202,53.000,warm
92,exp-warm-5000-000307-44e5fbae,1784798601667,1784798601720,202,53.000,warm
93,exp-warm-5000-000184-d6dac3e6,1784798601667,1784798601720,202,53.000,warm
94,exp-warm-5000-000321-4b18fb1c,1784798601667,1784798601720,202,53.000,warm
95,exp-warm-5000-000098-c32e356b,1784798601667,1784798601721,202,54.000,warm
96,exp-warm-5000-000019-3d7264b3,1784798601667,1784798601721,202,54.000,warm
97,exp-warm-5000-000096-74a37a45,1784798601667,1784798601726,202,59.000,warm
98,exp-warm-5000-000082-76ea503d,1784798601667,1784798601726,202,59.000,warm
99,exp-warm-5000-000225-d1a19606,1784798601667,1784798601721,202,54.000,warm
100,exp-warm-5000-000104-9b30ac3e,1784798601667,1784798601721,202,54.000,warm
101,exp-warm-5000-000221-c4f47566,1784798601667,1784798601725,202,58.000,warm
102,exp-warm-5000-000203-ad8673fa,1784798601667,1784798601725,202,58.000,warm
103,exp-warm-5000-000020-b51ddbb4,1784798601667,1784798601725,202,58.000,warm
104,exp-warm-5000-000040-9fe8f063,1784798601667,1784798601725,202,58.000,warm
105,exp-warm-5000-000183-9e4433ce,1784798601667,1784798601719,202,52.000,warm
106,exp-warm-5000-000314-ebcd81ce,1784798601667,1784798601728,202,61.000,warm
107,exp-warm-5000-000305-afc12ba9,1784798601668,1784798601730,202,62.000,warm
108,exp-warm-5000-000297-5a6d36d9,1784798601668,1784798601725,202,57.000,warm
109,exp-warm-5000-000308-2f38149f,1784798601668,1784798601725,202,57.000,warm
110,exp-warm-5000-000222-9ab46dcd,1784798601668,1784798601725,202,57.000,warm
111,exp-warm-5000-000275-f7c32f74,1784798601668,1784798601731,202,63.000,warm
112,exp-warm-5000-000071-0b5bace9,1784798601668,1784798601725,202,57.000,warm
113,exp-warm-5000-000086-f391ce9f,1784798601668,1784798601730,202,62.000,warm
114,exp-warm-5000-000251-18f33cc4,1784798601668,1784798601725,202,57.000,warm
115,exp-warm-5000-000191-37369b74,1784798601668,1784798601719,202,51.000,warm
116,exp-warm-5000-000112-50e43f8a,1784798601668,1784798601725,202,57.000,warm
117,exp-warm-5000-000197-ea457f77,1784798601668,1784798601725,202,57.000,warm
118,exp-warm-5000-000212-25da1311,1784798601668,1784798601725,202,57.000,warm
119,exp-warm-5000-000092-4288b771,1784798601668,1784798601726,202,58.000,warm
120,exp-warm-5000-000053-6b51f24d,1784798601668,1784798601726,202,58.000,warm
121,exp-warm-5000-000265-3ccec8fe,1784798601668,1784798601726,202,58.000,warm
122,exp-warm-5000-000043-1bf161b8,1784798601668,1784798601726,202,58.000,warm
123,exp-warm-5000-000254-7d446746,1784798601668,1784798601729,202,61.000,warm
124,exp-warm-5000-000138-5cbd39d5,1784798601668,1784798601729,202,61.000,warm
125,exp-warm-5000-000227-fb83eb63,1784798601668,1784798601720,202,52.000,warm
126,exp-warm-5000-000330-b180ca14,1784798601668,1784798601720,202,52.000,warm
127,exp-warm-5000-000021-1ff6eb74,1784798601668,1784798601720,202,52.000,warm
128,exp-warm-5000-000165-1817af3d,1784798601668,1784798601720,202,52.000,warm
129,exp-warm-5000-000108-edf35422,1784798601668,1784798601720,202,52.000,warm
130,exp-warm-5000-000110-fc089222,1784798601668,1784798601726,202,58.000,warm
131,exp-warm-5000-000238-36f9ec03,1784798601668,1784798601726,202,58.000,warm
132,exp-warm-5000-000057-5a9e5158,1784798601668,1784798601720,202,52.000,warm
133,exp-warm-5000-000038-14892f97,1784798601669,1784798601725,202,56.000,warm
134,exp-warm-5000-000273-766d6bec,1784798601669,1784798601725,202,56.000,warm
135,exp-warm-5000-000074-8e93292a,1784798601669,1784798601725,202,56.000,warm
136,exp-warm-5000-000003-481ce033,1784798601669,1784798601720,202,51.000,warm
137,exp-warm-5000-000102-f62bd36c,1784798601669,1784798601719,202,50.000,warm
138,exp-warm-5000-000172-f4624025,1784798601669,1784798601729,202,60.000,warm
139,exp-warm-5000-000287-80344b86,1784798601669,1784798601731,202,62.000,warm
140,exp-warm-5000-000286-b45d12c9,1784798601669,1784798601720,202,51.000,warm
141,exp-warm-5000-000065-30d10bd6,1784798601669,1784798601727,202,58.000,warm
142,exp-warm-5000-000117-86ac0017,1784798601669,1784798601725,202,56.000,warm
143,exp-warm-5000-000226-7ad2247c,1784798601669,1784798601725,202,56.000,warm
144,exp-warm-5000-000268-3aabaf91,1784798601669,1784798601720,202,51.000,warm
145,exp-warm-5000-000119-7f64f3be,1784798601669,1784798601725,202,56.000,warm
146,exp-warm-5000-000094-3cf92b91,1784798601669,1784798601725,202,56.000,warm
147,exp-warm-5000-000213-74d2617c,1784798601669,1784798601725,202,56.000,warm
148,exp-warm-5000-000078-471a9115,1784798601669,1784798601730,202,61.000,warm
149,exp-warm-5000-000257-ac1a06d4,1784798601669,1784798601721,202,52.000,warm
150,exp-warm-5000-000126-9897c53a,1784798601669,1784798601721,202,52.000,warm
151,exp-warm-5000-000322-e00e6956,1784798601669,1784798601726,202,57.000,warm
152,exp-warm-5000-000111-5473093a,1784798601669,1784798601730,202,61.000,warm
153,exp-warm-5000-000163-115720b7,1784798601669,1784798601730,202,61.000,warm
154,exp-warm-5000-000204-d65489c9,1784798601669,1784798601730,202,61.000,warm
155,exp-warm-5000-000170-5c4ec3c1,1784798601669,1784798601730,202,61.000,warm
156,exp-warm-5000-000048-50325bf6,1784798601669,1784798601721,202,52.000,warm
157,exp-warm-5000-000141-8720347a,1784798601669,1784798601722,202,53.000,warm
158,exp-warm-5000-000180-fd5a8c95,1784798601669,1784798601722,202,53.000,warm
159,exp-warm-5000-000113-e94bc9ab,1784798601669,1784798601720,202,51.000,warm
160,exp-warm-5000-000146-7a608291,1784798601669,1784798601725,202,56.000,warm
161,exp-warm-5000-000159-aa0b7586,1784798601669,1784798601726,202,57.000,warm
162,exp-warm-5000-000310-9edb7e0b,1784798601669,1784798601726,202,57.000,warm
163,exp-warm-5000-000134-daa56c81,1784798601669,1784798601720,202,51.000,warm
164,exp-warm-5000-000298-20687680,1784798601669,1784798601726,202,57.000,warm
165,exp-warm-5000-000247-4b5710f2,1784798601669,1784798601726,202,57.000,warm
166,exp-warm-5000-000129-b96c88b0,1784798601669,1784798601726,202,57.000,warm
167,exp-warm-5000-000244-ffcc8e5f,1784798601669,1784798601726,202,57.000,warm
168,exp-warm-5000-000271-44212f9b,1784798601669,1784798601726,202,57.000,warm
169,exp-warm-5000-000122-7a01845c,1784798601669,1784798601726,202,57.000,warm
170,exp-warm-5000-000101-12facfd9,1784798601670,1784798601725,202,55.000,warm
171,exp-warm-5000-000217-decea262,1784798601670,1784798601730,202,60.000,warm
172,exp-warm-5000-000023-ca5addde,1784798601670,1784798601730,202,60.000,warm
173,exp-warm-5000-000289-e9c6a494,1784798601670,1784798601718,202,48.000,warm
174,exp-warm-5000-000269-0fff8a10,1784798601670,1784798601730,202,60.000,warm
175,exp-warm-5000-000270-5d9f403a,1784798601670,1784798601730,202,60.000,warm
176,exp-warm-5000-000239-24372b36,1784798601670,1784798601731,202,61.000,warm
177,exp-warm-5000-000258-44e71e15,1784798601670,1784798601731,202,61.000,warm
178,exp-warm-5000-000161-792e77c9,1784798601670,1784798601726,202,56.000,warm
179,exp-warm-5000-000136-6c384a82,1784798601670,1784798601731,202,61.000,warm
180,exp-warm-5000-000030-048c5f01,1784798601670,1784798601727,202,57.000,warm
181,exp-warm-5000-000236-a42ac4f1,1784798601670,1784798601730,202,60.000,warm
182,exp-warm-5000-000185-8ecd2fef,1784798601670,1784798601727,202,57.000,warm
183,exp-warm-5000-000032-5bb65dd7,1784798601670,1784798601726,202,56.000,warm
184,exp-warm-5000-000049-9f12ee94,1784798601670,1784798601726,202,56.000,warm
185,exp-warm-5000-000081-22d20f14,1784798601670,1784798601726,202,56.000,warm
186,exp-warm-5000-000064-26ba51f8,1784798601670,1784798601721,202,51.000,warm
187,exp-warm-5000-000062-57647a56,1784798601670,1784798601721,202,51.000,warm
188,exp-warm-5000-000137-16e0f647,1784798601670,1784798601721,202,51.000,warm
189,exp-warm-5000-000047-ac807244,1784798601670,1784798601721,202,51.000,warm
190,exp-warm-5000-000193-813642e2,1784798601670,1784798601721,202,51.000,warm
191,exp-warm-5000-000115-1a782bae,1784798601670,1784798601721,202,51.000,warm
192,exp-warm-5000-000326-12dfa213,1784798601670,1784798601730,202,60.000,warm
193,exp-warm-5000-000343-622906c0,1784798601670,1784798601730,202,60.000,warm
194,exp-warm-5000-000228-ab9c0277,1784798601670,1784798601721,202,51.000,warm
195,exp-warm-5000-000070-b520883f,1784798601670,1784798601721,202,51.000,warm
196,exp-warm-5000-000012-a308a043,1784798601670,1784798601727,202,57.000,warm
197,exp-warm-5000-000216-e5a46d15,1784798601670,1784798601726,202,56.000,warm
198,exp-warm-5000-000274-743825e1,1784798601670,1784798601726,202,56.000,warm
199,exp-warm-5000-000220-0358df60,1784798601670,1784798601726,202,56.000,warm
200,exp-warm-5000-000313-0669fb6b,1784798601670,1784798601726,202,56.000,warm
201,exp-warm-5000-000186-c03b84b2,1784798601670,1784798601726,202,56.000,warm
202,exp-warm-5000-000176-05fa2822,1784798601670,1784798601727,202,57.000,warm
203,exp-warm-5000-000194-9f664ca2,1784798601670,1784798601718,202,48.000,warm
204,exp-warm-5000-000059-42b5a16e,1784798601671,1784798601726,202,55.000,warm
205,exp-warm-5000-000316-a07c468a,1784798601671,1784798601720,202,49.000,warm
206,exp-warm-5000-000174-17d0d235,1784798601671,1784798601720,202,49.000,warm
207,exp-warm-5000-000107-04bbd18b,1784798601671,1784798601720,202,49.000,warm
208,exp-warm-5000-000171-01371b20,1784798601671,1784798601720,202,49.000,warm
209,exp-warm-5000-000210-bf8c39dd,1784798601671,1784798601720,202,49.000,warm
210,exp-warm-5000-000125-9f4fc5d7,1784798601671,1784798601720,202,49.000,warm
211,exp-warm-5000-000334-b56a657b,1784798601671,1784798601719,202,48.000,warm
212,exp-warm-5000-000280-64ae9bf0,1784798601671,1784798601730,202,59.000,warm
213,exp-warm-5000-000189-542d5f6d,1784798601671,1784798601720,202,49.000,warm
214,exp-warm-5000-000036-2ab1e4fe,1784798601671,1784798601720,202,49.000,warm
215,exp-warm-5000-000073-6e6b6449,1784798601671,1784798601720,202,49.000,warm
216,exp-warm-5000-000192-9ed490b6,1784798601671,1784798601726,202,55.000,warm
217,exp-warm-5000-000264-c43adf66,1784798601671,1784798601726,202,55.000,warm
218,exp-warm-5000-000243-5f433146,1784798601671,1784798601726,202,55.000,warm
219,exp-warm-5000-000166-09609977,1784798601671,1784798601726,202,55.000,warm
220,exp-warm-5000-000022-21281d43,1784798601671,1784798601726,202,55.000,warm
221,exp-warm-5000-000160-c9d0b549,1784798601671,1784798601726,202,55.000,warm
222,exp-warm-5000-000188-291492cf,1784798601671,1784798601731,202,60.000,warm
223,exp-warm-5000-000302-a2559014,1784798601671,1784798601731,202,60.000,warm
224,exp-warm-5000-000106-4160ae3b,1784798601671,1784798601731,202,60.000,warm
225,exp-warm-5000-000272-484c08f0,1784798601671,1784798601727,202,56.000,warm
226,exp-warm-5000-000095-f6c993ac,1784798601671,1784798601731,202,60.000,warm
227,exp-warm-5000-000311-13f14243,1784798601671,1784798601731,202,60.000,warm
228,exp-warm-5000-000075-c1399dbf,1784798601671,1784798601720,202,49.000,warm
229,exp-warm-5000-000214-fde076cc,1784798601671,1784798601722,202,51.000,warm
230,exp-warm-5000-000259-a89e547c,1784798601671,1784798601726,202,55.000,warm
231,exp-warm-5000-000218-a5a52cab,1784798601671,1784798601726,202,55.000,warm
232,exp-warm-5000-000323-0bd2b721,1784798601671,1784798601721,202,50.000,warm
233,exp-warm-5000-000299-529c506a,1784798601671,1784798601721,202,50.000,warm
234,exp-warm-5000-000031-bff5e9e9,1784798601671,1784798601726,202,55.000,warm
235,exp-warm-5000-000002-3c044c78,1784798601671,1784798601727,202,56.000,warm
236,exp-warm-5000-000147-334f74a6,1784798601671,1784798601721,202,50.000,warm
237,exp-warm-5000-000241-b1a08be4,1784798601671,1784798601727,202,56.000,warm
238,exp-warm-5000-000087-162f4f70,1784798601672,1784798601731,202,59.000,warm
239,exp-warm-5000-000232-0de2f5e0,1784798601672,1784798601719,202,47.000,warm
240,exp-warm-5000-000293-f09f1ef2,1784798601672,1784798601731,202,59.000,warm
241,exp-warm-5000-000288-ebe711c6,1784798601672,1784798601727,202,55.000,warm
242,exp-warm-5000-000253-f44d6093,1784798601672,1784798601727,202,55.000,warm
243,exp-warm-5000-000077-5736211e,1784798601672,1784798601719,202,47.000,warm
244,exp-warm-5000-000296-3301633e,1784798601672,1784798601727,202,55.000,warm
245,exp-warm-5000-000123-b1e3f56e,1784798601672,1784798601728,202,56.000,warm
246,exp-warm-5000-000005-8be977c9,1784798601672,1784798601728,202,56.000,warm
247,exp-warm-5000-000035-21577428,1784798601672,1784798601728,202,56.000,warm
248,exp-warm-5000-000266-801a2b93,1784798601672,1784798601720,202,48.000,warm
249,exp-warm-5000-000114-1b91a7e0,1784798601672,1784798601719,202,47.000,warm
250,exp-warm-5000-000295-660eae71,1784798601672,1784798601720,202,48.000,warm
251,exp-warm-5000-000303-121e3337,1784798601672,1784798601731,202,59.000,warm
252,exp-warm-5000-000301-8da784a4,1784798601672,1784798601719,202,47.000,warm
253,exp-warm-5000-000235-8a9ec534,1784798601672,1784798601731,202,59.000,warm
254,exp-warm-5000-000067-ed69b0ef,1784798601673,1784798601721,202,48.000,warm
255,exp-warm-5000-000144-142b1a41,1784798601673,1784798601721,202,48.000,warm
256,exp-warm-5000-000230-df61d5f1,1784798601673,1784798601721,202,48.000,warm
257,exp-warm-5000-000010-b32f36d7,1784798601673,1784798601727,202,54.000,warm
258,exp-warm-5000-000300-bce2479e,1784798601673,1784798601727,202,54.000,warm
259,exp-warm-5000-000207-9a2ee850,1784798601673,1784798601731,202,58.000,warm
260,exp-warm-5000-000306-96cec3a3,1784798601673,1784798601720,202,47.000,warm
261,exp-warm-5000-000282-9a15d49b,1784798601673,1784798601720,202,47.000,warm
262,exp-warm-5000-000017-2663e38a,1784798601673,1784798601727,202,54.000,warm
263,exp-warm-5000-000121-93deb47f,1784798601673,1784798601727,202,54.000,warm
264,exp-warm-5000-000007-b884974f,1784798601673,1784798601727,202,54.000,warm
265,exp-warm-5000-000209-de9e6d56,1784798601673,1784798601720,202,47.000,warm
266,exp-warm-5000-000291-93fbb0cd,1784798601673,1784798601720,202,47.000,warm
267,exp-warm-5000-000001-9b3c143e,1784798601673,1784798601721,202,48.000,warm
268,exp-warm-5000-000312-b0aee575,1784798601673,1784798601728,202,55.000,warm
269,exp-warm-5000-000028-ee9b8977,1784798601673,1784798601720,202,47.000,warm
270,exp-warm-5000-000061-4ec2ff6d,1784798601674,1784798601720,202,46.000,warm
271,exp-warm-5000-000324-207f8205,1784798601674,1784798601728,202,54.000,warm
272,exp-warm-5000-000029-f9dd190e,1784798601674,1784798601720,202,46.000,warm
273,exp-warm-5000-000285-64b2a5fd,1784798601674,1784798601720,202,46.000,warm
274,exp-warm-5000-000008-1063c87b,1784798601674,1784798601720,202,46.000,warm
275,exp-warm-5000-000088-9f7a0f2c,1784798601674,1784798601721,202,47.000,warm
276,exp-warm-5000-000124-153fa8dd,1784798601674,1784798601720,202,46.000,warm
277,exp-warm-5000-000090-334da3ec,1784798601674,1784798601720,202,46.000,warm
278,exp-warm-5000-000158-878ac726,1784798601674,1784798601720,202,46.000,warm
279,exp-warm-5000-000093-6af13cba,1784798601674,1784798601720,202,46.000,warm
280,exp-warm-5000-000164-c574e6c4,1784798601674,1784798601720,202,46.000,warm
281,exp-warm-5000-000294-7431273b,1784798601674,1784798601720,202,46.000,warm
282,exp-warm-5000-000169-131cc82b,1784798601674,1784798601720,202,46.000,warm
283,exp-warm-5000-000006-cf8088b0,1784798601674,1784798601720,202,46.000,warm
284,exp-warm-5000-000248-252ca255,1784798601674,1784798601720,202,46.000,warm
285,exp-warm-5000-000175-d093969c,1784798601675,1784798601722,202,47.000,warm
286,exp-warm-5000-000013-2ae747ab,1784798601675,1784798601722,202,47.000,warm
287,exp-warm-5000-000139-1ac4df0b,1784798601675,1784798601722,202,47.000,warm
288,exp-warm-5000-000276-40319e82,1784798601675,1784798601728,202,53.000,warm
289,exp-warm-5000-000024-eb18d4e8,1784798601675,1784798601728,202,53.000,warm
290,exp-warm-5000-000051-a8a9d961,1784798601675,1784798601733,202,58.000,warm
291,exp-warm-5000-000069-4d9b57e7,1784798601675,1784798601729,202,54.000,warm
292,exp-warm-5000-000341-3ad80b97,1784798601675,1784798601730,202,55.000,warm
293,exp-warm-5000-000014-3c47977d,1784798601676,1784798601722,202,46.000,warm
294,exp-warm-5000-000231-04250135,1784798601676,1784798601733,202,57.000,warm
295,exp-warm-5000-000262-ad713191,1784798601676,1784798601722,202,46.000,warm
296,exp-warm-5000-000079-3fb10c39,1784798601676,1784798601733,202,57.000,warm
297,exp-warm-5000-000318-45d85a3b,1784798601676,1784798601730,202,54.000,warm
298,exp-warm-5000-000331-cb3a3ce4,1784798601676,1784798601730,202,54.000,warm
299,exp-warm-5000-000178-5211e742,1784798601676,1784798601721,202,45.000,warm
300,exp-warm-5000-000054-d87a5fba,1784798601676,1784798601730,202,54.000,warm
301,exp-warm-5000-000025-ce431d85,1784798601676,1784798601730,202,54.000,warm
302,exp-warm-5000-000154-47ee8c29,1784798601676,1784798601733,202,57.000,warm
303,exp-warm-5000-000084-14d2f527,1784798601676,1784798601733,202,57.000,warm
304,exp-warm-5000-000234-9aa20405,1784798601676,1784798601721,202,45.000,warm
305,exp-warm-5000-000149-fdc9f201,1784798601676,1784798601721,202,45.000,warm
306,exp-warm-5000-000256-159dea83,1784798601676,1784798601721,202,45.000,warm
307,exp-warm-5000-000072-7a98a055,1784798601676,1784798601730,202,54.000,warm
308,exp-warm-5000-000015-c50b7b2d,1784798601676,1784798601729,202,53.000,warm
309,exp-warm-5000-000140-cd6520c5,1784798601676,1784798601733,202,57.000,warm
310,exp-warm-5000-000179-3907a598,1784798601677,1784798601730,202,53.000,warm
311,exp-warm-5000-000278-f540bc0a,1784798601677,1784798601730,202,53.000,warm
312,exp-warm-5000-000042-60ef64f5,1784798601677,1784798601730,202,53.000,warm
313,exp-warm-5000-000026-fdccfc1a,1784798601677,1784798601731,202,54.000,warm
314,exp-warm-5000-000198-3ff1b010,1784798601678,1784798601730,202,52.000,warm
315,exp-warm-5000-000261-8d2eb99f,1784798601678,1784798601730,202,52.000,warm
316,exp-warm-5000-000283-10b3d2ce,1784798601678,1784798601730,202,52.000,warm
317,exp-warm-5000-000242-211432c5,1784798601678,1784798601730,202,52.000,warm
318,exp-warm-5000-000229-43eaed4f,1784798601678,1784798601731,202,53.000,warm
319,exp-warm-5000-000327-0a17f362,1784798601678,1784798601731,202,53.000,warm
320,exp-warm-5000-000320-e286020e,1784798601678,1784798601731,202,53.000,warm
321,exp-warm-5000-000009-23d979a2,1784798601678,1784798601731,202,53.000,warm
322,exp-warm-5000-000033-b0b2c3a1,1784798601678,1784798601730,202,52.000,warm
323,exp-warm-5000-000150-3352fede,1784798601678,1784798601731,202,53.000,warm
324,exp-warm-5000-000342-8df666a4,1784798601678,1784798601730,202,52.000,warm
325,exp-warm-5000-000196-646b036d,1784798601679,1784798601730,202,51.000,warm
326,exp-warm-5000-000325-091d2d79,1784798601679,1784798601730,202,51.000,warm
327,exp-warm-5000-000177-adab7d35,1784798601679,1784798601730,202,51.000,warm
328,exp-warm-5000-000233-1fe61d2d,1784798601679,1784798601731,202,52.000,warm
329,exp-warm-5000-000100-d5c8eac7,1784798601679,1784798601731,202,52.000,warm
330,exp-warm-5000-000319-73c8e24f,1784798601679,1784798601731,202,52.000,warm
331,exp-warm-5000-000260-e4f33195,1784798601679,1784798601731,202,52.000,warm
332,exp-warm-5000-000333-bdd79755,1784798601679,1784798601731,202,52.000,warm
333,exp-warm-5000-000279-0abac8ad,1784798601679,1784798601731,202,52.000,warm
334,exp-warm-5000-000263-31f76adf,1784798601680,1784798601731,202,51.000,warm
335,exp-warm-5000-000309-d116dbfb,1784798601680,1784798601731,202,51.000,warm
336,exp-warm-5000-000332-865781e8,1784798601680,1784798601731,202,51.000,warm
337,exp-warm-5000-000328-3c2c47ad,1784798601681,1784798601731,202,50.000,warm
338,exp-warm-5000-000195-29f2e06d,1784798601681,1784798601731,202,50.000,warm
339,exp-warm-5000-000016-a4ded4b3,1784798601681,1784798601731,202,50.000,warm
340,exp-warm-5000-000340-19f24874,1784798601699,1784798601740,202,41.000,warm
341,exp-warm-5000-000339-3dd97baa,1784798601711,1784798601742,202,31.000,warm
342,exp-warm-5000-000353-afcbe3a4,1784798601720,1784798601743,202,23.000,warm
343,exp-warm-5000-000355-4a609b6a,1784798601721,1784798601744,202,23.000,warm
344,exp-warm-5000-000356-b6e6d122,1784798601722,1784798601745,202,23.000,warm
345,exp-warm-5000-000337-78a57caa,1784798601723,1784798601749,202,26.000,warm
346,exp-warm-5000-000358-7f9db9db,1784798601725,1784798601749,202,24.000,warm
347,exp-warm-5000-000357-257205fc,1784798601726,1784798601746,202,20.000,warm
348,exp-warm-5000-000338-a23e93f0,1784798601727,1784798601750,202,23.000,warm
349,exp-warm-5000-000361-5f2e3505,1784798601735,1784798601752,202,17.000,warm
350,exp-warm-5000-000360-23d0cf68,1784798601736,1784798601751,202,15.000,warm
351,exp-warm-5000-000363-1d8ee00d,1784798601737,1784798601755,202,18.000,warm
352,exp-warm-5000-000359-da4d23bb,1784798601738,1784798601755,202,17.000,warm
353,exp-warm-5000-000364-b1384f8d,1784798601738,1784798601755,202,17.000,warm
354,exp-warm-5000-000367-fce66b96,1784798601749,1784798601762,202,13.000,warm
355,exp-warm-5000-000375-c7483e7f,1784798601753,1784798601768,202,15.000,warm
356,exp-warm-5000-000374-ae139888,1784798601756,1784798601768,202,12.000,warm
357,exp-warm-5000-000376-6de3029f,1784798601757,1784798601769,202,12.000,warm
358,exp-warm-5000-000352-56c66aa8,1784798601757,1784798601769,202,12.000,warm
359,exp-warm-5000-000368-3df772c0,1784798601757,1784798601763,202,6.000,warm
360,exp-warm-5000-000349-a0f94b6a,1784798601758,1784798601770,202,12.000,warm
361,exp-warm-5000-000351-9f1fdbf8,1784798601758,1784798601770,202,12.000,warm
362,exp-warm-5000-000350-f32fe26f,1784798601759,1784798601770,202,11.000,warm
363,exp-warm-5000-000377-3ca863b1,1784798601759,1784798601770,202,11.000,warm
364,exp-warm-5000-000348-f3d25f51,1784798601759,1784798601770,202,11.000,warm
365,exp-warm-5000-000373-bfae6364,1784798601759,1784798601767,202,8.000,warm
366,exp-warm-5000-000378-663aba61,1784798601760,1784798601771,202,11.000,warm
367,exp-warm-5000-000379-1714c94f,1784798601761,1784798601772,202,11.000,warm
368,exp-warm-5000-000369-7549f269,1784798601763,1784798601765,202,2.000,warm
369,exp-warm-5000-000370-10b3fd8d,1784798601763,1784798601765,202,2.000,warm
370,exp-warm-5000-000347-690d627b,1784798601763,1784798601773,202,10.000,warm
371,exp-warm-5000-000372-0de69454,1784798601765,1784798601767,202,2.000,warm
372,exp-warm-5000-000371-be276d9f,1784798601765,1784798601766,202,1.000,warm
373,exp-warm-5000-000354-32f2d2e1,1784798601766,1784798601767,202,1.000,warm
374,exp-warm-5000-000385-98115b32,1784798601766,1784798601778,202,12.000,warm
375,exp-warm-5000-000388-dbfcc678,1784798601768,1784798601780,202,12.000,warm
376,exp-warm-5000-000346-f2c9c285,1784798601769,1784798601781,202,12.000,warm
377,exp-warm-5000-000387-069d38b7,1784798601770,1784798601781,202,11.000,warm
378,exp-warm-5000-000386-4f339f04,1784798601771,1784798601781,202,10.000,warm
379,exp-warm-5000-000345-9a1c5110,1784798601771,1784798601781,202,10.000,warm
380,exp-warm-5000-000384-a6ffd462,1784798601771,1784798601777,202,6.000,warm
381,exp-warm-5000-000391-b5093ca0,1784798601773,1784798601782,202,9.000,warm
382,exp-warm-5000-000389-23d130a1,1784798601774,1784798601783,202,9.000,warm
383,exp-warm-5000-000390-69bad1ac,1784798601774,1784798601782,202,8.000,warm
384,exp-warm-5000-000344-0ef4a429,1784798601777,1784798601787,202,10.000,warm
385,exp-warm-5000-000392-c8cedcd0,1784798601782,1784798601787,202,5.000,warm
386,exp-warm-5000-000393-56ec19eb,1784798601784,1784798601787,202,3.000,warm
387,exp-warm-5000-000394-9ac8e476,1784798601784,1784798601787,202,3.000,warm
388,exp-warm-5000-000398-1e05489b,1784798601785,1784798601789,202,4.000,warm
389,exp-warm-5000-000400-e1dbb858,1784798601786,1784798601789,202,3.000,warm
390,exp-warm-5000-000395-6af20128,1784798601787,1784798601788,202,1.000,warm
391,exp-warm-5000-000397-196f0a96,1784798601787,1784798601789,202,2.000,warm
392,exp-warm-5000-000399-2d44572e,1784798601788,1784798601789,202,1.000,warm
393,exp-warm-5000-000396-a1c92126,1784798601788,1784798601792,202,4.000,warm
394,exp-warm-5000-000401-21f19a52,1784798601791,1784798601792,202,1.000,warm
395,exp-warm-5000-000402-7ab5b451,1784798601791,1784798601791,202,0.000,warm
396,exp-warm-5000-000410-3471061c,1784798601791,1784798601795,202,4.000,warm
397,exp-warm-5000-000448-fb3fd91f,1784798601791,1784798601802,202,11.000,warm
398,exp-warm-5000-000407-a87dfeec,1784798601792,1784798601795,202,3.000,warm
399,exp-warm-5000-000405-816204b8,1784798601793,1784798601795,202,2.000,warm
400,exp-warm-5000-000403-0239442f,1784798601793,1784798601795,202,2.000,warm
401,exp-warm-5000-000408-2d08b058,1784798601793,1784798601795,202,2.000,warm
402,exp-warm-5000-000423-f7ff33eb,1784798601793,1784798601797,202,4.000,warm
403,exp-warm-5000-000409-3a6f09ef,1784798601794,1784798601795,202,1.000,warm
404,exp-warm-5000-000404-cec298cf,1784798601794,1784798601795,202,1.000,warm
405,exp-warm-5000-000406-dc2f46f3,1784798601794,1784798601795,202,1.000,warm
406,exp-warm-5000-000449-75f9fc63,1784798601794,1784798601802,202,8.000,warm
407,exp-warm-5000-000416-ce2bffb2,1784798601794,1784798601796,202,2.000,warm
408,exp-warm-5000-000414-4eb3aa7d,1784798601795,1784798601796,202,1.000,warm
409,exp-warm-5000-000411-caa9282c,1784798601795,1784798601796,202,1.000,warm
410,exp-warm-5000-000420-bef40cf2,1784798601795,1784798601797,202,2.000,warm
411,exp-warm-5000-000430-1e2c5f07,1784798601795,1784798601798,202,3.000,warm
412,exp-warm-5000-000413-cfeb5359,1784798601796,1784798601796,202,0.000,warm
413,exp-warm-5000-000412-9493dca8,1784798601796,1784798601796,202,0.000,warm
414,exp-warm-5000-000415-0e338d0b,1784798601796,1784798601796,202,0.000,warm
415,exp-warm-5000-000418-eb158566,1784798601796,1784798601797,202,1.000,warm
416,exp-warm-5000-000419-6d8ba063,1784798601796,1784798601797,202,1.000,warm
417,exp-warm-5000-000432-d1531109,1784798601796,1784798601799,202,3.000,warm
418,exp-warm-5000-000446-9ff0dba0,1784798601796,1784798601802,202,6.000,warm
419,exp-warm-5000-000417-bad4c31e,1784798601797,1784798601797,202,0.000,warm
420,exp-warm-5000-000429-e1a2bef0,1784798601797,1784798601798,202,1.000,warm
421,exp-warm-5000-000426-d0460278,1784798601797,1784798601798,202,1.000,warm
422,exp-warm-5000-000427-10b3c98a,1784798601797,1784798601798,202,1.000,warm
423,exp-warm-5000-000422-d331967f,1784798601797,1784798601798,202,1.000,warm
424,exp-warm-5000-000425-ba4426ef,1784798601797,1784798601798,202,1.000,warm
425,exp-warm-5000-000437-012f4f71,1784798601797,1784798601799,202,2.000,warm
426,exp-warm-5000-000434-9de82bf8,1784798601797,1784798601798,202,1.000,warm
427,exp-warm-5000-000433-1d9314be,1784798601797,1784798601799,202,2.000,warm
428,exp-warm-5000-000438-2387eccd,1784798601797,1784798601799,202,2.000,warm
429,exp-warm-5000-000421-5d62d04b,1784798601797,1784798601799,202,2.000,warm
430,exp-warm-5000-000431-9d17c9de,1784798601797,1784798601799,202,2.000,warm
431,exp-warm-5000-000439-e3bc7507,1784798601797,1784798601799,202,2.000,warm
432,exp-warm-5000-000424-475965e6,1784798601798,1784798601798,202,0.000,warm
433,exp-warm-5000-000436-53a1936b,1784798601798,1784798601799,202,1.000,warm
434,exp-warm-5000-000428-3d6d53e7,1784798601798,1784798601798,202,0.000,warm
435,exp-warm-5000-000435-e613d412,1784798601799,1784798601799,202,0.000,warm
436,exp-warm-5000-000440-3d330092,1784798601799,1784798601800,202,1.000,warm
437,exp-warm-5000-000441-51d7a5c3,1784798601800,1784798601801,202,1.000,warm
438,exp-warm-5000-000447-f39c4599,1784798601800,1784798601802,202,2.000,warm
439,exp-warm-5000-000453-1332d84a,1784798601800,1784798601802,202,2.000,warm
440,exp-warm-5000-000460-d42b7c07,1784798601800,1784798601803,202,3.000,warm
441,exp-warm-5000-000450-53988963,1784798601801,1784798601802,202,1.000,warm
442,exp-warm-5000-000451-53e71de2,1784798601801,1784798601802,202,1.000,warm
443,exp-warm-5000-000452-45cd52d7,1784798601801,1784798601802,202,1.000,warm
444,exp-warm-5000-000445-343bd733,1784798601801,1784798601802,202,1.000,warm
445,exp-warm-5000-000457-c7493b74,1784798601801,1784798601803,202,2.000,warm
446,exp-warm-5000-000462-0b07f8da,1784798601801,1784798601803,202,2.000,warm
447,exp-warm-5000-000456-443cfef3,1784798601801,1784798601803,202,2.000,warm
448,exp-warm-5000-000443-0233d39c,1784798601802,1784798601802,202,0.000,warm
449,exp-warm-5000-000459-d874e374,1784798601802,1784798601803,202,1.000,warm
450,exp-warm-5000-000461-fe10ee5c,1784798601802,1784798601803,202,1.000,warm
451,exp-warm-5000-000464-b1893692,1784798601802,1784798601803,202,1.000,warm
452,exp-warm-5000-000454-d37e540d,1784798601802,1784798601803,202,1.000,warm
453,exp-warm-5000-000465-12c9bafa,1784798601802,1784798601804,202,2.000,warm
454,exp-warm-5000-000471-3629a4a8,1784798601802,1784798601804,202,2.000,warm
455,exp-warm-5000-000499-1e5d4757,1784798601802,1784798601807,202,5.000,warm
456,exp-warm-5000-000470-3a9973fc,1784798601802,1784798601804,202,2.000,warm
457,exp-warm-5000-000455-00fc7824,1784798601802,1784798601803,202,1.000,warm
458,exp-warm-5000-000479-643e612a,1784798601802,1784798601805,202,3.000,warm
459,exp-warm-5000-000458-b76b46a8,1784798601803,1784798601803,202,0.000,warm
460,exp-warm-5000-000466-d2764ce3,1784798601803,1784798601804,202,1.000,warm
461,exp-warm-5000-000463-e3651d08,1784798601803,1784798601804,202,1.000,warm
462,exp-warm-5000-000469-4c08226b,1784798601803,1784798601804,202,1.000,warm
463,exp-warm-5000-000476-929442a4,1784798601803,1784798601805,202,2.000,warm
464,exp-warm-5000-000482-8987c2d9,1784798601803,1784798601805,202,2.000,warm
465,exp-warm-5000-000475-39a39488,1784798601803,1784798601805,202,2.000,warm
466,exp-warm-5000-000490-26628726,1784798601803,1784798601806,202,3.000,warm
467,exp-warm-5000-000513-b738a8c2,1784798601803,1784798601809,202,6.000,warm
468,exp-warm-5000-000494-3e777b65,1784798601803,1784798601807,202,4.000,warm
469,exp-warm-5000-000472-af916fc2,1784798601803,1784798601804,202,1.000,warm
470,exp-warm-5000-000467-f24361a5,1784798601804,1784798601804,202,0.000,warm
471,exp-warm-5000-000468-92343f2c,1784798601804,1784798601804,202,0.000,warm
472,exp-warm-5000-000478-bb45ebea,1784798601804,1784798601805,202,1.000,warm
473,exp-warm-5000-000473-54f04a1a,1784798601804,1784798601805,202,1.000,warm
474,exp-warm-5000-000477-40bacfd5,1784798601804,1784798601805,202,1.000,warm
475,exp-warm-5000-000483-0ca3d063,1784798601804,1784798601806,202,2.000,warm
476,exp-warm-5000-000486-9892634a,1784798601804,1784798601806,202,2.000,warm
477,exp-warm-5000-000492-ac9856bf,1784798601804,1784798601806,202,2.000,warm
478,exp-warm-5000-000501-753b12ae,1784798601804,1784798601808,202,4.000,warm
479,exp-warm-5000-000488-88bfbc56,1784798601804,1784798601806,202,2.000,warm
480,exp-warm-5000-000489-3d96e049,1784798601804,1784798601806,202,2.000,warm
481,exp-warm-5000-000474-2599112d,1784798601805,1784798601805,202,0.000,warm
482,exp-warm-5000-000491-af9bd322,1784798601805,1784798601806,202,1.000,warm
483,exp-warm-5000-000481-87dda980,1784798601805,1784798601806,202,1.000,warm
484,exp-warm-5000-000484-f05e0bf2,1784798601806,1784798601806,202,0.000,warm
485,exp-warm-5000-000485-51a1d8a5,1784798601806,1784798601806,202,0.000,warm
486,exp-warm-5000-000487-4e93fd02,1784798601806,1784798601806,202,0.000,warm
487,exp-warm-5000-000498-b64aabc3,1784798601806,1784798601807,202,1.000,warm
488,exp-warm-5000-000500-e8ac6ca6,1784798601806,1784798601807,202,1.000,warm
489,exp-warm-5000-000493-e167e8f2,1784798601806,1784798601807,202,1.000,warm
490,exp-warm-5000-000523-ce0c02ec,1784798601806,1784798601810,202,4.000,warm
491,exp-warm-5000-000526-04bb4fd3,1784798601806,1784798601810,202,4.000,warm
492,exp-warm-5000-000531-67774f0b,1784798601806,1784798601810,202,4.000,warm
493,exp-warm-5000-000527-14f3aeaf,1784798601806,1784798601810,202,4.000,warm
494,exp-warm-5000-000502-2e172944,1784798601806,1784798601807,202,1.000,warm
495,exp-warm-5000-000480-7207eaf7,1784798601807,1784798601807,202,0.000,warm
496,exp-warm-5000-000495-94168d39,1784798601807,1784798601807,202,0.000,warm
497,exp-warm-5000-000496-a2b8c434,1784798601807,1784798601807,202,0.000,warm
498,exp-warm-5000-000497-cc0e10aa,1784798601807,1784798601807,202,0.000,warm
499,exp-warm-5000-000504-981ab894,1784798601807,1784798601808,202,1.000,warm
500,exp-warm-5000-000509-6d97690d,1784798601807,1784798601808,202,1.000,warm
501,exp-warm-5000-000539-c666a47d,1784798601807,1784798601811,202,4.000,warm
502,exp-warm-5000-000544-b838db7d,1784798601807,1784798601811,202,4.000,warm
503,exp-warm-5000-000517-f1bafe23,1784798601807,1784798601810,202,3.000,warm
504,exp-warm-5000-000534-e508cbe6,1784798601807,1784798601810,202,3.000,warm
505,exp-warm-5000-000520-56a2a4b5,1784798601807,1784798601809,202,2.000,warm
506,exp-warm-5000-000506-a51c92c0,1784798601808,1784798601808,202,0.000,warm
507,exp-warm-5000-000505-b6801636,1784798601808,1784798601808,202,0.000,warm
508,exp-warm-5000-000518-b98b28a7,1784798601808,1784798601809,202,1.000,warm
509,exp-warm-5000-000510-0bfae430,1784798601808,1784798601809,202,1.000,warm
510,exp-warm-5000-000522-269f1cc3,1784798601808,1784798601809,202,1.000,warm
511,exp-warm-5000-000521-aa3bcbc1,1784798601808,1784798601809,202,1.000,warm
512,exp-warm-5000-000543-0e5c750e,1784798601808,1784798601811,202,3.000,warm
513,exp-warm-5000-000537-b40cc71f,1784798601808,1784798601811,202,3.000,warm
514,exp-warm-5000-000515-5364588e,1784798601808,1784798601809,202,1.000,warm
515,exp-warm-5000-000512-b503c213,1784798601808,1784798601809,202,1.000,warm
516,exp-warm-5000-000524-19c225f0,1784798601808,1784798601809,202,1.000,warm
517,exp-warm-5000-000503-176c2257,1784798601808,1784798601808,202,0.000,warm
518,exp-warm-5000-000511-13e7187a,1784798601809,1784798601809,202,0.000,warm
519,exp-warm-5000-000514-648613f9,1784798601809,1784798601809,202,0.000,warm
520,exp-warm-5000-000516-f7fda771,1784798601809,1784798601809,202,0.000,warm
521,exp-warm-5000-000548-d527320a,1784798601809,1784798601812,202,3.000,warm
522,exp-warm-5000-000551-ce8e20ed,1784798601809,1784798601812,202,3.000,warm
523,exp-warm-5000-000542-14fd7aa3,1784798601809,1784798601811,202,2.000,warm
524,exp-warm-5000-000536-e5f750b5,1784798601809,1784798601811,202,2.000,warm
525,exp-warm-5000-000532-43e4e7e6,1784798601809,1784798601810,202,1.000,warm
526,exp-warm-5000-000533-e21a0efe,1784798601809,1784798601810,202,1.000,warm
527,exp-warm-5000-000519-763a7bf9,1784798601809,1784798601810,202,1.000,warm
528,exp-warm-5000-000530-2869147d,1784798601809,1784798601810,202,1.000,warm
529,exp-warm-5000-000549-1dda191b,1784798601810,1784798601812,202,2.000,warm
530,exp-warm-5000-000547-fa25bb8f,1784798601810,1784798601812,202,2.000,warm
531,exp-warm-5000-000525-817ba687,1784798601810,1784798601812,202,2.000,warm
532,exp-warm-5000-000552-e7ba3745,1784798601810,1784798601812,202,2.000,warm
533,exp-warm-5000-000540-8a66af75,1784798601810,1784798601812,202,2.000,warm
534,exp-warm-5000-000579-561a349e,1784798601810,1784798601819,202,9.000,warm
535,exp-warm-5000-000545-74df3813,1784798601810,1784798601812,202,2.000,warm
536,exp-warm-5000-000535-bb7fc504,1784798601810,1784798601811,202,1.000,warm
537,exp-warm-5000-000546-fb7af570,1784798601811,1784798601812,202,1.000,warm
538,exp-warm-5000-000550-eeedd0ca,1784798601811,1784798601812,202,1.000,warm
539,exp-warm-5000-000553-e9d28044,1784798601811,1784798601812,202,1.000,warm
540,exp-warm-5000-000557-79a6ad40,1784798601812,1784798601813,202,1.000,warm
541,exp-warm-5000-000528-c255bb6e,1784798601812,1784798601813,202,1.000,warm
542,exp-warm-5000-000561-4bab99b1,1784798601812,1784798601814,202,2.000,warm
543,exp-warm-5000-000538-d9bef43e,1784798601812,1784798601813,202,1.000,warm
544,exp-warm-5000-000556-a8160117,1784798601812,1784798601813,202,1.000,warm
545,exp-warm-5000-000558-198cf2fa,1784798601813,1784798601814,202,1.000,warm
546,exp-warm-5000-000383-4927284a,1784798601813,1784798601814,202,1.000,warm
547,exp-warm-5000-000529-bc1e7f86,1784798601813,1784798601814,202,1.000,warm
548,exp-warm-5000-000560-9baf4668,1784798601813,1784798601814,202,1.000,warm
549,exp-warm-5000-000382-444a69a5,1784798601813,1784798601814,202,1.000,warm
550,exp-warm-5000-000380-2e68a36e,1784798601813,1784798601815,202,2.000,warm
551,exp-warm-5000-000566-5cb43798,1784798601813,1784798601816,202,3.000,warm
552,exp-warm-5000-000575-ce0af364,1784798601813,1784798601817,202,4.000,warm
553,exp-warm-5000-000559-b1d9ca4d,1784798601813,1784798601814,202,1.000,warm
554,exp-warm-5000-000554-07d2f4af,1784798601813,1784798601813,202,0.000,warm
555,exp-warm-5000-000555-e032f29b,1784798601813,1784798601813,202,0.000,warm
556,exp-warm-5000-000565-98f841e6,1784798601814,1784798601815,202,1.000,warm
557,exp-warm-5000-000563-38dcebaf,1784798601814,1784798601815,202,1.000,warm
558,exp-warm-5000-000562-72963dad,1784798601814,1784798601815,202,1.000,warm
559,exp-warm-5000-000564-7f939fb3,1784798601814,1784798601815,202,1.000,warm
560,exp-warm-5000-000572-2f7ab41a,1784798601814,1784798601816,202,2.000,warm
561,exp-warm-5000-000570-63482ee0,1784798601814,1784798601816,202,2.000,warm
562,exp-warm-5000-000596-41340039,1784798601814,1784798601819,202,5.000,warm
563,exp-warm-5000-000381-387bcfc8,1784798601815,1784798601815,202,0.000,warm
564,exp-warm-5000-000571-07370f03,1784798601815,1784798601816,202,1.000,warm
565,exp-warm-5000-000718-dcfe6452,1784798601815,1784798601833,202,18.000,warm
566,exp-warm-5000-000568-29b5eac5,1784798601816,1784798601816,202,0.000,warm
567,exp-warm-5000-000541-f2bd8aff,1784798601816,1784798601816,202,0.000,warm
568,exp-warm-5000-000569-ec47d58d,1784798601816,1784798601816,202,0.000,warm
569,exp-warm-5000-000574-bc3058cd,1784798601816,1784798601817,202,1.000,warm
570,exp-warm-5000-000573-b61c38e8,1784798601816,1784798601817,202,1.000,warm
571,exp-warm-5000-000587-aa7ac436,1784798601816,1784798601818,202,2.000,warm
572,exp-warm-5000-000586-32ed855f,1784798601816,1784798601818,202,2.000,warm
573,exp-warm-5000-000578-f7ead85e,1784798601816,1784798601818,202,2.000,warm
574,exp-warm-5000-000601-dddc8357,1784798601816,1784798601820,202,4.000,warm
575,exp-warm-5000-000605-92ae9f5a,1784798601816,1784798601821,202,5.000,warm
576,exp-warm-5000-000719-4ac63860,1784798601816,1784798601833,202,17.000,warm
577,exp-warm-5000-000576-944818a9,1784798601817,1784798601817,202,0.000,warm
578,exp-warm-5000-000567-4046b607,1784798601817,1784798601817,202,0.000,warm
579,exp-warm-5000-000585-11fca381,1784798601817,1784798601818,202,1.000,warm
580,exp-warm-5000-000584-c1108c16,1784798601817,1784798601818,202,1.000,warm
581,exp-warm-5000-000580-083ba421,1784798601817,1784798601818,202,1.000,warm
582,exp-warm-5000-000593-174e4811,1784798601817,1784798601819,202,2.000,warm
583,exp-warm-5000-000591-cb295885,1784798601817,1784798601819,202,2.000,warm
584,exp-warm-5000-000607-c8d3aee0,1784798601817,1784798601821,202,4.000,warm
585,exp-warm-5000-000582-e6d7fefb,1784798601817,1784798601818,202,1.000,warm
586,exp-warm-5000-000604-8ec05a6c,1784798601817,1784798601821,202,4.000,warm
587,exp-warm-5000-000609-15e71013,1784798601817,1784798601822,202,5.000,warm
588,exp-warm-5000-000717-c582b2ab,1784798601817,1784798601833,202,16.000,warm
589,exp-warm-5000-000581-c2e153da,1784798601818,1784798601818,202,0.000,warm
590,exp-warm-5000-000583-c4779161,1784798601818,1784798601818,202,0.000,warm
591,exp-warm-5000-000603-ced613e5,1784798601818,1784798601820,202,2.000,warm
592,exp-warm-5000-000597-8266347b,1784798601818,1784798601819,202,1.000,warm
593,exp-warm-5000-000595-081c6364,1784798601818,1784798601819,202,1.000,warm
594,exp-warm-5000-000589-b253517e,1784798601818,1784798601819,202,1.000,warm
595,exp-warm-5000-000594-e929ff64,1784798601818,1784798601819,202,1.000,warm
596,exp-warm-5000-000628-9ade5143,1784798601818,1784798601823,202,5.000,warm
597,exp-warm-5000-000724-f6c06b63,1784798601818,1784798601834,202,16.000,warm
598,exp-warm-5000-000577-a3ac31d7,1784798601819,1784798601820,202,1.000,warm
599,exp-warm-5000-000606-81ee0725,1784798601819,1784798601821,202,2.000,warm
600,exp-warm-5000-000608-1e432111,1784798601819,1784798601821,202,2.000,warm
601,exp-warm-5000-000588-e691abaf,1784798601819,1784798601819,202,0.000,warm
602,exp-warm-5000-000622-c95dfe85,1784798601819,1784798601823,202,4.000,warm
603,exp-warm-5000-000624-20e5479e,1784798601819,1784798601823,202,4.000,warm
604,exp-warm-5000-000599-58ad4c34,1784798601820,1784798601820,202,0.000,warm
605,exp-warm-5000-000590-7cfad6ef,1784798601820,1784798601820,202,0.000,warm
606,exp-warm-5000-000592-95cef43c,1784798601820,1784798601820,202,0.000,warm
607,exp-warm-5000-000602-bfcbd652,1784798601820,1784798601820,202,0.000,warm
608,exp-warm-5000-000598-bf043181,1784798601820,1784798601820,202,0.000,warm
609,exp-warm-5000-000600-dc2bf882,1784798601820,1784798601820,202,0.000,warm
610,exp-warm-5000-000610-f1bbc6a9,1784798601820,1784798601822,202,2.000,warm
611,exp-warm-5000-000615-f6c1885e,1784798601820,1784798601822,202,2.000,warm
612,exp-warm-5000-000636-b5dfe957,1784798601820,1784798601824,202,4.000,warm
613,exp-warm-5000-000620-732b74a5,1784798601821,1784798601822,202,1.000,warm
614,exp-warm-5000-000618-4f0d43ba,1784798601821,1784798601822,202,1.000,warm
615,exp-warm-5000-000617-28463f99,1784798601821,1784798601822,202,1.000,warm
616,exp-warm-5000-000616-56d57154,1784798601821,1784798601822,202,1.000,warm
617,exp-warm-5000-000621-ca3690e5,1784798601821,1784798601823,202,2.000,warm
618,exp-warm-5000-000623-0fafd0d2,1784798601821,1784798601823,202,2.000,warm
619,exp-warm-5000-000638-0b3f4cfc,1784798601821,1784798601825,202,4.000,warm
620,exp-warm-5000-000614-acc2450c,1784798601822,1784798601822,202,0.000,warm
621,exp-warm-5000-000613-61b34e1f,1784798601822,1784798601822,202,0.000,warm
622,exp-warm-5000-000612-ba3abf50,1784798601822,1784798601822,202,0.000,warm
623,exp-warm-5000-000611-2bd460b8,1784798601822,1784798601822,202,0.000,warm
624,exp-warm-5000-000627-e6ed4913,1784798601822,1784798601823,202,1.000,warm
625,exp-warm-5000-000629-d553f41c,1784798601822,1784798601823,202,1.000,warm
626,exp-warm-5000-000634-ef2ec2ef,1784798601822,1784798601824,202,2.000,warm
627,exp-warm-5000-000637-8b853575,1784798601822,1784798601824,202,2.000,warm
628,exp-warm-5000-000626-28752331,1784798601822,1784798601824,202,2.000,warm
629,exp-warm-5000-000784-92d9d103,1784798601822,1784798601839,202,17.000,warm
630,exp-warm-5000-000619-f0721270,1784798601823,1784798601823,202,0.000,warm
631,exp-warm-5000-000625-4f0ad1e2,1784798601823,1784798601823,202,0.000,warm
632,exp-warm-5000-000633-e1c753c7,1784798601823,1784798601824,202,1.000,warm
633,exp-warm-5000-000635-29cf02ff,1784798601823,1784798601824,202,1.000,warm
634,exp-warm-5000-000655-4a851e59,1784798601823,1784798601826,202,3.000,warm
635,exp-warm-5000-000632-7a4bdcb2,1784798601824,1784798601824,202,0.000,warm
636,exp-warm-5000-000630-d457f0ef,1784798601824,1784798601824,202,0.000,warm
637,exp-warm-5000-000631-7cbfd96b,1784798601824,1784798601824,202,0.000,warm
638,exp-warm-5000-000647-21f96a97,1784798601824,1784798601825,202,1.000,warm
639,exp-warm-5000-000641-4c2fb05f,1784798601824,1784798601825,202,1.000,warm
640,exp-warm-5000-000642-d0bff7a5,1784798601824,1784798601825,202,1.000,warm
641,exp-warm-5000-000648-afe62184,1784798601824,1784798601825,202,1.000,warm
642,exp-warm-5000-000644-e6c85b37,1784798601824,1784798601825,202,1.000,warm
643,exp-warm-5000-000646-1e715699,1784798601824,1784798601825,202,1.000,warm
644,exp-warm-5000-000645-3adbb938,1784798601824,1784798601825,202,1.000,warm
645,exp-warm-5000-000650-696b1828,1784798601824,1784798601826,202,2.000,warm
646,exp-warm-5000-000660-ee0fe4c0,1784798601824,1784798601826,202,2.000,warm
647,exp-warm-5000-000657-b3fc438a,1784798601824,1784798601826,202,2.000,warm
648,exp-warm-5000-000640-82842463,1784798601825,1784798601825,202,0.000,warm
649,exp-warm-5000-000639-03d4597a,1784798601825,1784798601825,202,0.000,warm
650,exp-warm-5000-000643-6ce77c4d,1784798601825,1784798601825,202,0.000,warm
651,exp-warm-5000-000649-ab6d204d,1784798601825,1784798601826,202,1.000,warm
652,exp-warm-5000-000659-2ce2f284,1784798601825,1784798601826,202,1.000,warm
653,exp-warm-5000-000656-08e1744a,1784798601825,1784798601826,202,1.000,warm
654,exp-warm-5000-000651-e31b4a7c,1784798601825,1784798601826,202,1.000,warm
655,exp-warm-5000-000654-3eec0aa3,1784798601825,1784798601826,202,1.000,warm
656,exp-warm-5000-000683-b3294013,1784798601825,1784798601829,202,4.000,warm
657,exp-warm-5000-000662-fb8f4ce8,1784798601826,1784798601827,202,1.000,warm
658,exp-warm-5000-000668-b5adbcd7,1784798601826,1784798601827,202,1.000,warm
659,exp-warm-5000-000664-56199dc0,1784798601826,1784798601827,202,1.000,warm
660,exp-warm-5000-000670-6709bbbf,1784798601826,1784798601827,202,1.000,warm
661,exp-warm-5000-000666-4ca0e980,1784798601826,1784798601827,202,1.000,warm
662,exp-warm-5000-000667-4527458d,1784798601826,1784798601827,202,1.000,warm
663,exp-warm-5000-000653-0681fb42,1784798601826,1784798601828,202,2.000,warm
664,exp-warm-5000-000671-ee6d2ef1,1784798601826,1784798601828,202,2.000,warm
665,exp-warm-5000-000652-3640c5e6,1784798601826,1784798601828,202,2.000,warm
666,exp-warm-5000-000676-3b90003e,1784798601826,1784798601829,202,3.000,warm
667,exp-warm-5000-000686-038d0d07,1784798601826,1784798601830,202,4.000,warm
668,exp-warm-5000-000685-ea7bdb86,1784798601826,1784798601830,202,4.000,warm
669,exp-warm-5000-000661-6f9f5582,1784798601827,1784798601827,202,0.000,warm
670,exp-warm-5000-000663-739a43a6,1784798601827,1784798601827,202,0.000,warm
671,exp-warm-5000-000665-14955d5f,1784798601827,1784798601827,202,0.000,warm
672,exp-warm-5000-000673-2463f57b,1784798601827,1784798601828,202,1.000,warm
673,exp-warm-5000-000672-8b0f2d82,1784798601827,1784798601828,202,1.000,warm
674,exp-warm-5000-000682-bf0d1871,1784798601827,1784798601829,202,2.000,warm
675,exp-warm-5000-000675-d99bf2d5,1784798601827,1784798601829,202,2.000,warm
676,exp-warm-5000-000681-0445943a,1784798601827,1784798601829,202,2.000,warm
677,exp-warm-5000-000669-582688a4,1784798601827,1784798601829,202,2.000,warm
678,exp-warm-5000-000674-e955befa,1784798601828,1784798601829,202,1.000,warm
679,exp-warm-5000-000677-2aa54630,1784798601828,1784798601829,202,1.000,warm
680,exp-warm-5000-000658-25b5e42d,1784798601828,1784798601829,202,1.000,warm
681,exp-warm-5000-000678-7d040ee0,1784798601828,1784798601829,202,1.000,warm
682,exp-warm-5000-000696-86382b79,1784798601828,1784798601830,202,2.000,warm
683,exp-warm-5000-000679-996e06b1,1784798601829,1784798601829,202,0.000,warm
684,exp-warm-5000-000680-dee60477,1784798601829,1784798601829,202,0.000,warm
685,exp-warm-5000-000693-4d2ce0fe,1784798601829,1784798601830,202,1.000,warm
686,exp-warm-5000-000695-acf1bdcc,1784798601829,1784798601830,202,1.000,warm
687,exp-warm-5000-000684-629b7c82,1784798601829,1784798601830,202,1.000,warm
688,exp-warm-5000-000692-c5a3d551,1784798601829,1784798601830,202,1.000,warm
689,exp-warm-5000-000690-bc072efb,1784798601829,1784798601830,202,1.000,warm
690,exp-warm-5000-000694-a18322b1,1784798601829,1784798601830,202,1.000,warm
691,exp-warm-5000-000703-33a36492,1784798601829,1784798601831,202,2.000,warm
692,exp-warm-5000-000698-492f866e,1784798601829,1784798601831,202,2.000,warm
693,exp-warm-5000-000711-8e1b8631,1784798601829,1784798601832,202,3.000,warm
694,exp-warm-5000-000687-396d4b72,1784798601830,1784798601830,202,0.000,warm
695,exp-warm-5000-000688-d7881b0c,1784798601830,1784798601830,202,0.000,warm
696,exp-warm-5000-000691-a7eb1ba0,1784798601830,1784798601830,202,0.000,warm
697,exp-warm-5000-000701-842d1360,1784798601830,1784798601831,202,1.000,warm
698,exp-warm-5000-000697-b9b70b6c,1784798601830,1784798601831,202,1.000,warm
699,exp-warm-5000-000702-1de24967,1784798601830,1784798601831,202,1.000,warm
700,exp-warm-5000-000689-30fba62b,1784798601830,1784798601831,202,1.000,warm
701,exp-warm-5000-000704-1f1d324e,1784798601830,1784798601831,202,1.000,warm
702,exp-warm-5000-000699-6a5201e3,1784798601831,1784798601831,202,0.000,warm
703,exp-warm-5000-000700-b61bd064,1784798601831,1784798601831,202,0.000,warm
704,exp-warm-5000-000708-95098a98,1784798601831,1784798601832,202,1.000,warm
705,exp-warm-5000-000707-c71c16f0,1784798601831,1784798601832,202,1.000,warm
706,exp-warm-5000-000710-72ff0028,1784798601831,1784798601832,202,1.000,warm
707,exp-warm-5000-000760-fb04ec3e,1784798601831,1784798601836,202,5.000,warm
708,exp-warm-5000-000705-72eecd61,1784798601832,1784798601832,202,0.000,warm
709,exp-warm-5000-000706-d911c55e,1784798601832,1784798601832,202,0.000,warm
710,exp-warm-5000-000712-424f7b5f,1784798601832,1784798601833,202,1.000,warm
711,exp-warm-5000-000720-2026b829,1784798601832,1784798601833,202,1.000,warm
712,exp-warm-5000-000716-9c1fbed5,1784798601832,1784798601833,202,1.000,warm
713,exp-warm-5000-000721-a91a2e49,1784798601832,1784798601833,202,1.000,warm
714,exp-warm-5000-000730-b9385da4,1784798601832,1784798601834,202,2.000,warm
715,exp-warm-5000-000746-b8b02623,1784798601832,1784798601835,202,3.000,warm
716,exp-warm-5000-000732-b3359adc,1784798601832,1784798601835,202,3.000,warm
717,exp-warm-5000-000758-4d5c4f74,1784798601832,1784798601836,202,4.000,warm
718,exp-warm-5000-000366-5f807059,1784798601832,1784798601837,202,5.000,warm
719,exp-warm-5000-000714-cb53dc67,1784798601833,1784798601833,202,0.000,warm
720,exp-warm-5000-000713-cfcdb93b,1784798601833,1784798601833,202,0.000,warm
721,exp-warm-5000-000715-58090b4d,1784798601833,1784798601833,202,0.000,warm
722,exp-warm-5000-000709-0119af6f,1784798601833,1784798601833,202,0.000,warm
723,exp-warm-5000-000728-b48513d9,1784798601833,1784798601834,202,1.000,warm
724,exp-warm-5000-000738-e5cfa350,1784798601833,1784798601835,202,2.000,warm
725,exp-warm-5000-000743-b3c2afbe,1784798601833,1784798601835,202,2.000,warm
726,exp-warm-5000-000739-f56c1488,1784798601833,1784798601835,202,2.000,warm
727,exp-warm-5000-000753-83f50acc,1784798601833,1784798601836,202,3.000,warm
728,exp-warm-5000-000770-f102765f,1784798601833,1784798601837,202,4.000,warm
729,exp-warm-5000-000765-52461294,1784798601833,1784798601837,202,4.000,warm
730,exp-warm-5000-000723-c19130dc,1784798601834,1784798601834,202,0.000,warm
731,exp-warm-5000-000725-ed618515,1784798601834,1784798601834,202,0.000,warm
732,exp-warm-5000-000726-2a0f7bc8,1784798601834,1784798601834,202,0.000,warm
733,exp-warm-5000-000722-2236227e,1784798601834,1784798601834,202,0.000,warm
734,exp-warm-5000-000727-ced872f4,1784798601834,1784798601834,202,0.000,warm
735,exp-warm-5000-000744-db5e6b97,1784798601834,1784798601835,202,1.000,warm
736,exp-warm-5000-000741-3e70eb96,1784798601834,1784798601835,202,1.000,warm
737,exp-warm-5000-000745-8f9992bd,1784798601834,1784798601835,202,1.000,warm
738,exp-warm-5000-000747-5bb9a2b1,1784798601834,1784798601835,202,1.000,warm
739,exp-warm-5000-000740-62c08334,1784798601834,1784798601835,202,1.000,warm
740,exp-warm-5000-000748-c5863c83,1784798601834,1784798601835,202,1.000,warm
741,exp-warm-5000-000752-1b162693,1784798601834,1784798601836,202,2.000,warm
742,exp-warm-5000-000763-c880be46,1784798601834,1784798601836,202,2.000,warm
743,exp-warm-5000-000775-18f985a0,1784798601834,1784798601838,202,4.000,warm
744,exp-warm-5000-000737-cbaf8bbb,1784798601835,1784798601835,202,0.000,warm
745,exp-warm-5000-000742-c396d3f4,1784798601835,1784798601835,202,0.000,warm
746,exp-warm-5000-000756-aa46f90c,1784798601835,1784798601836,202,1.000,warm
747,exp-warm-5000-000750-26fd0b83,1784798601835,1784798601836,202,1.000,warm
748,exp-warm-5000-000749-1e639817,1784798601835,1784798601836,202,1.000,warm
749,exp-warm-5000-000761-03fbb65c,1784798601835,1784798601836,202,1.000,warm
750,exp-warm-5000-000762-1e02156a,1784798601835,1784798601836,202,1.000,warm
751,exp-warm-5000-000757-9e7db442,1784798601835,1784798601836,202,1.000,warm
752,exp-warm-5000-000759-294ae5e0,1784798601835,1784798601837,202,2.000,warm
753,exp-warm-5000-000767-805053d8,1784798601835,1784798601837,202,2.000,warm
754,exp-warm-5000-000766-617034f0,1784798601835,1784798601837,202,2.000,warm
755,exp-warm-5000-000787-35a77644,1784798601835,1784798601839,202,4.000,warm
756,exp-warm-5000-000751-46fc72b7,1784798601836,1784798601836,202,0.000,warm
757,exp-warm-5000-000754-5fb569dd,1784798601836,1784798601836,202,0.000,warm
758,exp-warm-5000-000755-37aa8bb9,1784798601836,1784798601836,202,0.000,warm
759,exp-warm-5000-000768-db0afb65,1784798601836,1784798601837,202,1.000,warm
760,exp-warm-5000-000769-61dfdac2,1784798601836,1784798601837,202,1.000,warm
761,exp-warm-5000-000764-a7e242d0,1784798601836,1784798601837,202,1.000,warm
762,exp-warm-5000-000771-8712058f,1784798601836,1784798601837,202,1.000,warm
763,exp-warm-5000-000778-752e4926,1784798601836,1784798601838,202,2.000,warm
764,exp-warm-5000-000780-e0570e60,1784798601836,1784798601838,202,2.000,warm
765,exp-warm-5000-000773-66e864c0,1784798601836,1784798601838,202,2.000,warm
766,exp-warm-5000-000777-e120b03b,1784798601836,1784798601838,202,2.000,warm
767,exp-warm-5000-000785-fbde5664,1784798601836,1784798601839,202,3.000,warm
768,exp-warm-5000-000782-091d8e5c,1784798601837,1784798601839,202,2.000,warm
769,exp-warm-5000-000786-a6b0a119,1784798601837,1784798601839,202,2.000,warm
770,exp-warm-5000-000795-b51c24be,1784798601837,1784798601840,202,3.000,warm
771,exp-warm-5000-000772-bdafa39c,1784798601838,1784798601838,202,0.000,warm
772,exp-warm-5000-000774-2096a38a,1784798601838,1784798601838,202,0.000,warm
773,exp-warm-5000-000776-9a914d07,1784798601838,1784798601838,202,0.000,warm
774,exp-warm-5000-000779-2d039c42,1784798601838,1784798601838,202,0.000,warm
775,exp-warm-5000-000781-ab5e5c82,1784798601838,1784798601839,202,1.000,warm
776,exp-warm-5000-000789-7958c0f9,1784798601838,1784798601839,202,1.000,warm
777,exp-warm-5000-000790-6609028c,1784798601838,1784798601840,202,2.000,warm
778,exp-warm-5000-000792-a4011d89,1784798601838,1784798601840,202,2.000,warm
779,exp-warm-5000-000855-d3c308f1,1784798601838,1784798601846,202,8.000,warm
780,exp-warm-5000-000735-79fd8023,1784798601839,1784798601839,202,0.000,warm
781,exp-warm-5000-000783-aca5e3ba,1784798601839,1784798601839,202,0.000,warm
782,exp-warm-5000-000788-edae905d,1784798601839,1784798601840,202,1.000,warm
783,exp-warm-5000-000793-f75871b2,1784798601839,1784798601840,202,1.000,warm
784,exp-warm-5000-000791-a698fc1d,1784798601839,1784798601840,202,1.000,warm
785,exp-warm-5000-000796-828bad12,1784798601839,1784798601840,202,1.000,warm
786,exp-warm-5000-000794-d3f40fdb,1784798601839,1784798601840,202,1.000,warm
787,exp-warm-5000-000797-f4d28ded,1784798601839,1784798601840,202,1.000,warm
788,exp-warm-5000-000802-25a6d87f,1784798601839,1784798601841,202,2.000,warm
789,exp-warm-5000-000803-73ccf86a,1784798601840,1784798601841,202,1.000,warm
790,exp-warm-5000-000801-1e90a2b9,1784798601840,1784798601841,202,1.000,warm
791,exp-warm-5000-000804-04f288ee,1784798601840,1784798601841,202,1.000,warm
792,exp-warm-5000-000805-ec0d919b,1784798601840,1784798601841,202,1.000,warm
793,exp-warm-5000-000806-e3d5c5f2,1784798601840,1784798601841,202,1.000,warm
794,exp-warm-5000-000798-1e8c687c,1784798601841,1784798601841,202,0.000,warm
795,exp-warm-5000-000813-7ec5b2e5,1784798601841,1784798601842,202,1.000,warm
796,exp-warm-5000-000814-e2cddd47,1784798601841,1784798601842,202,1.000,warm
797,exp-warm-5000-000815-e88c0347,1784798601841,1784798601842,202,1.000,warm
798,exp-warm-5000-000828-dd2ffd90,1784798601841,1784798601843,202,2.000,warm
799,exp-warm-5000-000838-cf5894de,1784798601841,1784798601844,202,3.000,warm
800,exp-warm-5000-000843-f8312a58,1784798601841,1784798601845,202,4.000,warm
801,exp-warm-5000-000799-4d5b9916,1784798601841,1784798601845,202,4.000,warm
802,exp-warm-5000-000812-2660bfe3,1784798601841,1784798601842,202,1.000,warm
803,exp-warm-5000-000914-cac454cf,1784798601841,1784798601853,202,12.000,warm
804,exp-warm-5000-000807-e18eefbd,1784798601842,1784798601842,202,0.000,warm
805,exp-warm-5000-000810-41bfd738,1784798601842,1784798601842,202,0.000,warm
806,exp-warm-5000-000811-b6feecdd,1784798601842,1784798601842,202,0.000,warm
807,exp-warm-5000-000808-af12e830,1784798601842,1784798601842,202,0.000,warm
808,exp-warm-5000-000818-7a675fa5,1784798601842,1784798601843,202,1.000,warm
809,exp-warm-5000-000821-c30a11a6,1784798601842,1784798601843,202,1.000,warm
810,exp-warm-5000-000816-4f6a9738,1784798601842,1784798601843,202,1.000,warm
811,exp-warm-5000-000824-eae41d67,1784798601842,1784798601843,202,1.000,warm
812,exp-warm-5000-000827-7d27333f,1784798601842,1784798601843,202,1.000,warm
813,exp-warm-5000-000508-2fa15633,1784798601842,1784798601843,202,1.000,warm
814,exp-warm-5000-000826-1996896f,1784798601842,1784798601843,202,1.000,warm
815,exp-warm-5000-000825-bcbb8ee4,1784798601842,1784798601843,202,1.000,warm
816,exp-warm-5000-000736-dfdf6075,1784798601842,1784798601843,202,1.000,warm
817,exp-warm-5000-000819-5ee88218,1784798601842,1784798601843,202,1.000,warm
818,exp-warm-5000-000836-76f9fec1,1784798601842,1784798601844,202,2.000,warm
819,exp-warm-5000-000837-3e444b0e,1784798601842,1784798601844,202,2.000,warm
820,exp-warm-5000-000444-eb455303,1784798601842,1784798601844,202,2.000,warm
821,exp-warm-5000-000847-d226ccdf,1784798601842,1784798601845,202,3.000,warm
822,exp-warm-5000-000809-7f056d8c,1784798601842,1784798601842,202,0.000,warm
823,exp-warm-5000-000846-ca98ac57,1784798601842,1784798601845,202,3.000,warm
824,exp-warm-5000-000851-79432c04,1784798601842,1784798601846,202,4.000,warm
825,exp-warm-5000-000817-ad0035ef,1784798601843,1784798601843,202,0.000,warm
826,exp-warm-5000-000822-75a191a6,1784798601843,1784798601844,202,1.000,warm
827,exp-warm-5000-000829-2c4fc19d,1784798601843,1784798601844,202,1.000,warm
828,exp-warm-5000-000839-60d81e17,1784798601843,1784798601844,202,1.000,warm
829,exp-warm-5000-000835-eecf3b2a,1784798601843,1784798601844,202,1.000,warm
830,exp-warm-5000-000849-49c2b1a4,1784798601843,1784798601845,202,2.000,warm
831,exp-warm-5000-000834-014aabf4,1784798601843,1784798601845,202,2.000,warm
832,exp-warm-5000-000845-f667de90,1784798601843,1784798601845,202,2.000,warm
833,exp-warm-5000-000852-06e6ad9f,1784798601843,1784798601846,202,3.000,warm
834,exp-warm-5000-000859-a81bcfbe,1784798601843,1784798601846,202,3.000,warm
835,exp-warm-5000-000830-9c55fd2b,1784798601844,1784798601844,202,0.000,warm
836,exp-warm-5000-000831-de5bedb3,1784798601844,1784798601844,202,0.000,warm
837,exp-warm-5000-000842-196a0654,1784798601844,1784798601845,202,1.000,warm
838,exp-warm-5000-000733-faf9ef07,1784798601844,1784798601845,202,1.000,warm
839,exp-warm-5000-000850-87e5c9f7,1784798601844,1784798601845,202,1.000,warm
840,exp-warm-5000-000362-b2f4fab7,1784798601844,1784798601845,202,1.000,warm
841,exp-warm-5000-000858-20e9d07e,1784798601844,1784798601846,202,2.000,warm
842,exp-warm-5000-000820-b3d2baa3,1784798601844,1784798601846,202,2.000,warm
843,exp-warm-5000-000861-e3da44b5,1784798601844,1784798601847,202,3.000,warm
844,exp-warm-5000-000921-6ed41e3f,1784798601844,1784798601854,202,10.000,warm
845,exp-warm-5000-000734-e27066c5,1784798601845,1784798601845,202,0.000,warm
846,exp-warm-5000-000844-2e0758d0,1784798601845,1784798601845,202,0.000,warm
847,exp-warm-5000-000840-f91bfb24,1784798601845,1784798601845,202,0.000,warm
848,exp-warm-5000-000856-c425869a,1784798601845,1784798601846,202,1.000,warm
849,exp-warm-5000-000800-472785b7,1784798601845,1784798601846,202,1.000,warm
850,exp-warm-5000-000857-576d2e80,1784798601845,1784798601846,202,1.000,warm
851,exp-warm-5000-000729-115a40b2,1784798601845,1784798601846,202,1.000,warm
852,exp-warm-5000-000854-5680cc44,1784798601845,1784798601846,202,1.000,warm
853,exp-warm-5000-000865-10300aa2,1784798601845,1784798601847,202,2.000,warm
854,exp-warm-5000-000862-1c999114,1784798601845,1784798601847,202,2.000,warm
855,exp-warm-5000-000866-4f69bed3,1784798601845,1784798601847,202,2.000,warm
856,exp-warm-5000-000864-a8a7a028,1784798601845,1784798601847,202,2.000,warm
857,exp-warm-5000-000853-bb1cf3a4,1784798601846,1784798601846,202,0.000,warm
858,exp-warm-5000-000365-29be418c,1784798601846,1784798601846,202,0.000,warm
859,exp-warm-5000-000863-68c97dcb,1784798601846,1784798601847,202,1.000,warm
860,exp-warm-5000-000869-5f6e2fc2,1784798601846,1784798601848,202,2.000,warm
861,exp-warm-5000-000912-6e81344e,1784798601846,1784798601852,202,6.000,warm
862,exp-warm-5000-000908-85ef0b00,1784798601846,1784798601852,202,6.000,warm
863,exp-warm-5000-000872-43d03f24,1784798601847,1784798601848,202,1.000,warm
864,exp-warm-5000-000873-bc6ad1ee,1784798601847,1784798601848,202,1.000,warm
865,exp-warm-5000-000874-e11ab22e,1784798601847,1784798601848,202,1.000,warm
866,exp-warm-5000-000875-fba9f418,1784798601847,1784798601848,202,1.000,warm
867,exp-warm-5000-000868-c32668a8,1784798601847,1784798601848,202,1.000,warm
868,exp-warm-5000-000860-8625fdf2,1784798601847,1784798601848,202,1.000,warm
869,exp-warm-5000-000871-dd3f6692,1784798601847,1784798601848,202,1.000,warm
870,exp-warm-5000-000870-42db1f9b,1784798601847,1784798601849,202,2.000,warm
871,exp-warm-5000-000881-b00c3bab,1784798601847,1784798601849,202,2.000,warm
872,exp-warm-5000-000897-83116599,1784798601847,1784798601851,202,4.000,warm
873,exp-warm-5000-000867-a15d406a,1784798601848,1784798601848,202,0.000,warm
874,exp-warm-5000-000731-87ba557e,1784798601848,1784798601849,202,1.000,warm
875,exp-warm-5000-000877-f57058ab,1784798601848,1784798601849,202,1.000,warm
876,exp-warm-5000-000878-837f2c67,1784798601848,1784798601849,202,1.000,warm
877,exp-warm-5000-000879-229e6f9d,1784798601848,1784798601849,202,1.000,warm
878,exp-warm-5000-000880-8eb9af9f,1784798601848,1784798601849,202,1.000,warm
879,exp-warm-5000-000882-b1cea9cd,1784798601848,1784798601850,202,2.000,warm
880,exp-warm-5000-000888-8670aea1,1784798601848,1784798601850,202,2.000,warm
881,exp-warm-5000-000876-a5022cb2,1784798601849,1784798601849,202,0.000,warm
882,exp-warm-5000-000892-7350b6d0,1784798601849,1784798601850,202,1.000,warm
883,exp-warm-5000-000893-30ab98c5,1784798601849,1784798601850,202,1.000,warm
884,exp-warm-5000-000894-67abdb52,1784798601849,1784798601850,202,1.000,warm
885,exp-warm-5000-000887-c11b5a09,1784798601849,1784798601850,202,1.000,warm
886,exp-warm-5000-000889-53a3e79f,1784798601849,1784798601850,202,1.000,warm
887,exp-warm-5000-000884-6af8e7db,1784798601849,1784798601850,202,1.000,warm
888,exp-warm-5000-000891-864f83d1,1784798601849,1784798601850,202,1.000,warm
889,exp-warm-5000-000886-5d70a8b5,1784798601849,1784798601850,202,1.000,warm
890,exp-warm-5000-000890-834ef393,1784798601849,1784798601850,202,1.000,warm
891,exp-warm-5000-000900-c7238563,1784798601849,1784798601851,202,2.000,warm
892,exp-warm-5000-000904-86ca1089,1784798601849,1784798601851,202,2.000,warm
893,exp-warm-5000-000899-86213cd8,1784798601849,1784798601851,202,2.000,warm
894,exp-warm-5000-000901-bcff295a,1784798601849,1784798601851,202,2.000,warm
895,exp-warm-5000-000928-d95db272,1784798601849,1784798601854,202,5.000,warm
896,exp-warm-5000-000922-3eb2d3ec,1784798601849,1784798601854,202,5.000,warm
897,exp-warm-5000-000883-148e2c1d,1784798601850,1784798601850,202,0.000,warm
898,exp-warm-5000-000885-e36a6501,1784798601850,1784798601850,202,0.000,warm
899,exp-warm-5000-000841-367209c2,1784798601850,1784798601850,202,0.000,warm
900,exp-warm-5000-000898-66c87dc5,1784798601850,1784798601851,202,1.000,warm
901,exp-warm-5000-000895-bbcf6d99,1784798601850,1784798601851,202,1.000,warm
902,exp-warm-5000-000903-9cd0f410,1784798601850,1784798601851,202,1.000,warm
903,exp-warm-5000-000902-fdc6659c,1784798601850,1784798601851,202,1.000,warm
904,exp-warm-5000-000906-2fa66aa0,1784798601850,1784798601852,202,2.000,warm
905,exp-warm-5000-000915-f644b6f1,1784798601850,1784798601853,202,3.000,warm
906,exp-warm-5000-000909-d18a5607,1784798601851,1784798601852,202,1.000,warm
907,exp-warm-5000-000910-e52d9b73,1784798601851,1784798601852,202,1.000,warm
908,exp-warm-5000-000926-1ce32408,1784798601851,1784798601854,202,3.000,warm
909,exp-warm-5000-000905-5bb9aaa5,1784798601852,1784798601852,202,0.000,warm
910,exp-warm-5000-000907-ae3c9b11,1784798601852,1784798601852,202,0.000,warm
911,exp-warm-5000-000917-82be88f0,1784798601852,1784798601853,202,1.000,warm
912,exp-warm-5000-000919-48f4c1b6,1784798601852,1784798601853,202,1.000,warm
913,exp-warm-5000-000916-0a88a043,1784798601852,1784798601853,202,1.000,warm
914,exp-warm-5000-000918-394c040d,1784798601852,1784798601853,202,1.000,warm
915,exp-warm-5000-000848-c1ef44fd,1784798601852,1784798601854,202,2.000,warm
916,exp-warm-5000-000927-f8d232cf,1784798601852,1784798601854,202,2.000,warm
917,exp-warm-5000-000933-b832506a,1784798601852,1784798601855,202,3.000,warm
918,exp-warm-5000-000913-72e0e404,1784798601853,1784798601853,202,0.000,warm
919,exp-warm-5000-000911-df5e7b69,1784798601853,1784798601853,202,0.000,warm
920,exp-warm-5000-000929-209ea3db,1784798601853,1784798601854,202,1.000,warm
921,exp-warm-5000-000442-e392d315,1784798601853,1784798601854,202,1.000,warm
922,exp-warm-5000-000925-367719b4,1784798601853,1784798601854,202,1.000,warm
923,exp-warm-5000-000920-44352c88,1784798601853,1784798601854,202,1.000,warm
924,exp-warm-5000-000931-5661b472,1784798601853,1784798601854,202,1.000,warm
925,exp-warm-5000-000930-c9563c39,1784798601853,1784798601854,202,1.000,warm
926,exp-warm-5000-000932-56a713ee,1784798601853,1784798601854,202,1.000,warm
927,exp-warm-5000-000934-721d7d1c,1784798601853,1784798601855,202,2.000,warm
928,exp-warm-5000-000940-137a5d00,1784798601853,1784798601857,202,4.000,warm
929,exp-warm-5000-000954-74ad08fa,1784798601853,1784798601858,202,5.000,warm
930,exp-warm-5000-000923-0d341c08,1784798601854,1784798601854,202,0.000,warm
931,exp-warm-5000-000924-ab5ed499,1784798601854,1784798601854,202,0.000,warm
932,exp-warm-5000-000938-2c73d299,1784798601854,1784798601855,202,1.000,warm
933,exp-warm-5000-000832-1ebf7e54,1784798601854,1784798601855,202,1.000,warm
934,exp-warm-5000-000833-5b3d2d59,1784798601854,1784798601856,202,2.000,warm
935,exp-warm-5000-000945-51cf0062,1784798601854,1784798601857,202,3.000,warm
936,exp-warm-5000-000936-0e341541,1784798601855,1784798601855,202,0.000,warm
937,exp-warm-5000-000507-a7e62958,1784798601855,1784798601855,202,0.000,warm
938,exp-warm-5000-000935-1c31ce67,1784798601855,1784798601855,202,0.000,warm
939,exp-warm-5000-000937-78a472cd,1784798601855,1784798601855,202,0.000,warm
940,exp-warm-5000-000939-a4e07dfb,1784798601855,1784798601855,202,0.000,warm
941,exp-warm-5000-000941-2d8e3237,1784798601855,1784798601856,202,1.000,warm
942,exp-warm-5000-000943-f46ed9e5,1784798601855,1784798601857,202,2.000,warm
943,exp-warm-5000-000946-49e29cb8,1784798601855,1784798601857,202,2.000,warm
944,exp-warm-5000-000823-d598ad04,1784798601856,1784798601856,202,0.000,warm
945,exp-warm-5000-000948-6c509d64,1784798601856,1784798601857,202,1.000,warm
946,exp-warm-5000-000944-c89db776,1784798601856,1784798601857,202,1.000,warm
947,exp-warm-5000-000952-aba13342,1784798601856,1784798601858,202,2.000,warm
948,exp-warm-5000-000953-dfe6b802,1784798601856,1784798601858,202,2.000,warm
949,exp-warm-5000-000960-489574f2,1784798601856,1784798601859,202,3.000,warm
950,exp-warm-5000-000942-b940aa49,1784798601857,1784798601857,202,0.000,warm
951,exp-warm-5000-000955-d392bba3,1784798601857,1784798601858,202,1.000,warm
952,exp-warm-5000-000956-bbe1cc6b,1784798601857,1784798601858,202,1.000,warm
953,exp-warm-5000-000950-b6d789d0,1784798601858,1784798601858,202,0.000,warm
954,exp-warm-5000-000951-0c3062da,1784798601858,1784798601858,202,0.000,warm
955,exp-warm-5000-000947-8a1a4606,1784798601858,1784798601858,202,0.000,warm
956,exp-warm-5000-000949-1c57bfb7,1784798601858,1784798601858,202,0.000,warm
957,exp-warm-5000-000958-888a2d59,1784798601858,1784798601859,202,1.000,warm
958,exp-warm-5000-000962-83c40ecb,1784798601858,1784798601859,202,1.000,warm
959,exp-warm-5000-000963-3ce925b3,1784798601858,1784798601859,202,1.000,warm
960,exp-warm-5000-000959-6d26f6bc,1784798601858,1784798601859,202,1.000,warm
961,exp-warm-5000-000961-7636622c,1784798601858,1784798601859,202,1.000,warm
962,exp-warm-5000-000973-1895003b,1784798601858,1784798601861,202,3.000,warm
963,exp-warm-5000-000957-3879551d,1784798601859,1784798601859,202,0.000,warm
964,exp-warm-5000-000968-2924fc19,1784798601859,1784798601860,202,1.000,warm
965,exp-warm-5000-000971-977d9c5d,1784798601859,1784798601860,202,1.000,warm
966,exp-warm-5000-000972-fdcf5521,1784798601859,1784798601860,202,1.000,warm
967,exp-warm-5000-000966-8111fecb,1784798601859,1784798601860,202,1.000,warm
968,exp-warm-5000-000965-25aa566f,1784798601859,1784798601860,202,1.000,warm
969,exp-warm-5000-000969-d4a67926,1784798601859,1784798601860,202,1.000,warm
970,exp-warm-5000-000987-6bd69b52,1784798601859,1784798601862,202,3.000,warm
971,exp-warm-5000-000967-336b0737,1784798601860,1784798601860,202,0.000,warm
972,exp-warm-5000-000964-7609667e,1784798601860,1784798601860,202,0.000,warm
973,exp-warm-5000-000979-085d08d4,1784798601860,1784798601861,202,1.000,warm
974,exp-warm-5000-000976-6da81029,1784798601860,1784798601861,202,1.000,warm
975,exp-warm-5000-000998-5babef18,1784798601860,1784798601863,202,3.000,warm
976,exp-warm-5000-000975-18947b8f,1784798601861,1784798601861,202,0.000,warm
977,exp-warm-5000-000974-e6be6f92,1784798601861,1784798601861,202,0.000,warm
978,exp-warm-5000-000978-843230bd,1784798601861,1784798601861,202,0.000,warm
979,exp-warm-5000-000970-72710df4,1784798601861,1784798601861,202,0.000,warm
980,exp-warm-5000-000989-4f8b973a,1784798601861,1784798601862,202,1.000,warm
981,exp-warm-5000-000984-2617dda2,1784798601861,1784798601862,202,1.000,warm
982,exp-warm-5000-000988-ad4439ef,1784798601861,1784798601862,202,1.000,warm
983,exp-warm-5000-000985-6bbf021f,1784798601861,1784798601862,202,1.000,warm
984,exp-warm-5000-000997-e1cdda18,1784798601861,1784798601863,202,2.000,warm
985,exp-warm-5000-000990-b18dc959,1784798601861,1784798601863,202,2.000,warm
986,exp-warm-5000-000983-0df60841,1784798601862,1784798601862,202,0.000,warm
987,exp-warm-5000-000980-d0505aaa,1784798601862,1784798601862,202,0.000,warm
988,exp-warm-5000-000986-f2e191fd,1784798601862,1784798601862,202,0.000,warm
989,exp-warm-5000-000977-dc454800,1784798601862,1784798601862,202,0.000,warm
990,exp-warm-5000-000981-64db204a,1784798601862,1784798601862,202,0.000,warm
991,exp-warm-5000-000982-f86b44f3,1784798601862,1784798601862,202,0.000,warm
992,exp-warm-5000-000995-e9fd5ca3,1784798601862,1784798601863,202,1.000,warm
993,exp-warm-5000-000996-bfbbf159,1784798601862,1784798601863,202,1.000,warm
994,exp-warm-5000-001001-6072a2cd,1784798601862,1784798601864,202,2.000,warm
995,exp-warm-5000-001005-dfcd8ef8,1784798601862,1784798601865,202,3.000,warm
996,exp-warm-5000-001014-6b091826,1784798601862,1784798601866,202,4.000,warm
997,exp-warm-5000-000993-cf5425c8,1784798601863,1784798601863,202,0.000,warm
998,exp-warm-5000-000994-88c7ac92,1784798601863,1784798601863,202,0.000,warm
999,exp-warm-5000-000992-10ebd143,1784798601863,1784798601863,202,0.000,warm
1000,exp-warm-5000-000999-7692c0ec,1784798601863,1784798601864,202,1.000,warm
1001,exp-warm-5000-001002-398f591b,1784798601863,1784798601864,202,1.000,warm
1002,exp-warm-5000-001000-c98f22ef,1784798601863,1784798601864,202,1.000,warm
1003,exp-warm-5000-001003-5932da07,1784798601863,1784798601864,202,1.000,warm
1004,exp-warm-5000-000991-026b1c2d,1784798601863,1784798601864,202,1.000,warm
1005,exp-warm-5000-001006-7c6d2d21,1784798601864,1784798601865,202,1.000,warm
1006,exp-warm-5000-001007-92d5e423,1784798601864,1784798601865,202,1.000,warm
1007,exp-warm-5000-001004-ab19bbec,1784798601864,1784798601865,202,1.000,warm
1008,exp-warm-5000-000896-28387390,1784798601864,1784798601865,202,1.000,warm
1009,exp-warm-5000-001009-26c53b95,1784798601864,1784798601865,202,1.000,warm
1010,exp-warm-5000-001008-a7505253,1784798601864,1784798601865,202,1.000,warm
1011,exp-warm-5000-001012-eee73f8c,1784798601864,1784798601866,202,2.000,warm
1012,exp-warm-5000-001018-f8f08542,1784798601865,1784798601866,202,1.000,warm
1013,exp-warm-5000-001015-adb550db,1784798601865,1784798601866,202,1.000,warm
1014,exp-warm-5000-001017-86ebd24b,1784798601865,1784798601866,202,1.000,warm
1015,exp-warm-5000-001023-0e38bf5e,1784798601865,1784798601867,202,2.000,warm
1016,exp-warm-5000-001030-8084e218,1784798601865,1784798601868,202,3.000,warm
1017,exp-warm-5000-001036-ab980298,1784798601865,1784798601869,202,4.000,warm
1018,exp-warm-5000-001011-8dff060a,1784798601866,1784798601866,202,0.000,warm
1019,exp-warm-5000-001010-354d45fe,1784798601866,1784798601866,202,0.000,warm
1020,exp-warm-5000-001013-cc8d49d6,1784798601866,1784798601866,202,0.000,warm
1021,exp-warm-5000-001016-0843d525,1784798601866,1784798601866,202,0.000,warm
1022,exp-warm-5000-001026-ed2efc75,1784798601866,1784798601868,202,2.000,warm
1023,exp-warm-5000-001027-37211f5a,1784798601866,1784798601868,202,2.000,warm
1024,exp-warm-5000-001035-4904b33d,1784798601866,1784798601869,202,3.000,warm
1025,exp-warm-5000-001043-493633f8,1784798601866,1784798601869,202,3.000,warm
1026,exp-warm-5000-001048-9f69fb3b,1784798601866,1784798601870,202,4.000,warm
1027,exp-warm-5000-001019-79bec6e1,1784798601867,1784798601867,202,0.000,warm
1028,exp-warm-5000-001020-639e89d8,1784798601867,1784798601867,202,0.000,warm
1029,exp-warm-5000-001022-f80288ac,1784798601867,1784798601867,202,0.000,warm
1030,exp-warm-5000-001021-ce7f80d6,1784798601867,1784798601867,202,0.000,warm
1031,exp-warm-5000-001024-d4a0999e,1784798601867,1784798601868,202,1.000,warm
1032,exp-warm-5000-001033-be1ebb1f,1784798601867,1784798601868,202,1.000,warm
1033,exp-warm-5000-001034-694b225a,1784798601867,1784798601868,202,1.000,warm
1034,exp-warm-5000-001028-4d25f93d,1784798601867,1784798601868,202,1.000,warm
1035,exp-warm-5000-001025-0fe6254c,1784798601867,1784798601868,202,1.000,warm
1036,exp-warm-5000-001029-ad06e10d,1784798601867,1784798601869,202,2.000,warm
1037,exp-warm-5000-001038-a29fc469,1784798601867,1784798601869,202,2.000,warm
1038,exp-warm-5000-001046-c1ab7317,1784798601867,1784798601870,202,3.000,warm
1039,exp-warm-5000-001032-55902226,1784798601868,1784798601869,202,1.000,warm
1040,exp-warm-5000-001037-14211afd,1784798601868,1784798601869,202,1.000,warm
1041,exp-warm-5000-001040-12084442,1784798601868,1784798601869,202,1.000,warm
1042,exp-warm-5000-001041-77bae629,1784798601868,1784798601869,202,1.000,warm
1043,exp-warm-5000-001042-59a1ee9d,1784798601868,1784798601869,202,1.000,warm
1044,exp-warm-5000-001031-be7dd3ff,1784798601869,1784798601870,202,1.000,warm
1045,exp-warm-5000-001047-acd8d017,1784798601869,1784798601870,202,1.000,warm
1046,exp-warm-5000-001049-5debcf21,1784798601869,1784798601870,202,1.000,warm
1047,exp-warm-5000-001045-227fe5df,1784798601869,1784798601870,202,1.000,warm
1048,exp-warm-5000-001044-3e452419,1784798601870,1784798601870,202,0.000,warm
1049,exp-warm-5000-001054-8900e8fb,1784798601870,1784798601871,202,1.000,warm
1050,exp-warm-5000-001039-284d4e81,1784798601870,1784798601871,202,1.000,warm
1051,exp-warm-5000-001055-41077754,1784798601870,1784798601872,202,2.000,warm
1052,exp-warm-5000-001065-80acf83a,1784798601870,1784798601873,202,3.000,warm
1053,exp-warm-5000-001051-a352f65a,1784798601871,1784798601871,202,0.000,warm
1054,exp-warm-5000-001052-4bf4f8d1,1784798601871,1784798601871,202,0.000,warm
1055,exp-warm-5000-001053-6c347b7d,1784798601871,1784798601871,202,0.000,warm
1056,exp-warm-5000-001050-d696ced4,1784798601871,1784798601871,202,0.000,warm
1057,exp-warm-5000-001061-6b6ce02f,1784798601871,1784798601872,202,1.000,warm
1058,exp-warm-5000-001062-660b6213,1784798601871,1784798601872,202,1.000,warm
1059,exp-warm-5000-001063-2900f6bc,1784798601871,1784798601872,202,1.000,warm
1060,exp-warm-5000-001059-b3049a67,1784798601871,1784798601872,202,1.000,warm
1061,exp-warm-5000-001068-743cd75a,1784798601871,1784798601873,202,2.000,warm
1062,exp-warm-5000-001069-66287caf,1784798601871,1784798601873,202,2.000,warm
1063,exp-warm-5000-001074-3b81eef3,1784798601871,1784798601874,202,3.000,warm
1064,exp-warm-5000-001056-1b402ac8,1784798601872,1784798601872,202,0.000,warm
1065,exp-warm-5000-001057-f0ddd118,1784798601872,1784798601872,202,0.000,warm
1066,exp-warm-5000-001058-6ba9942b,1784798601872,1784798601872,202,0.000,warm
1067,exp-warm-5000-001067-b8e3742a,1784798601872,1784798601873,202,1.000,warm
1068,exp-warm-5000-001066-ce3b08a8,1784798601872,1784798601873,202,1.000,warm
1069,exp-warm-5000-001080-55959fd1,1784798601872,1784798601874,202,2.000,warm
1070,exp-warm-5000-001064-8ddd5eb2,1784798601873,1784798601873,202,0.000,warm
1071,exp-warm-5000-001060-1ab3541d,1784798601873,1784798601873,202,0.000,warm
1072,exp-warm-5000-001075-d14a277d,1784798601873,1784798601874,202,1.000,warm
1073,exp-warm-5000-001078-48fb6f69,1784798601873,1784798601874,202,1.000,warm
1074,exp-warm-5000-001070-2bb0dfbc,1784798601873,1784798601874,202,1.000,warm
1075,exp-warm-5000-001079-acc569b1,1784798601873,1784798601874,202,1.000,warm
1076,exp-warm-5000-001071-bc669053,1784798601874,1784798601874,202,0.000,warm
1077,exp-warm-5000-001072-67772003,1784798601874,1784798601874,202,0.000,warm
1078,exp-warm-5000-001073-81ad5963,1784798601874,1784798601874,202,0.000,warm
1079,exp-warm-5000-001076-d7ef2e2e,1784798601874,1784798601874,202,0.000,warm
1080,exp-warm-5000-001085-6be4bb02,1784798601874,1784798601875,202,1.000,warm
1081,exp-warm-5000-001084-b21fc114,1784798601874,1784798601875,202,1.000,warm
1082,exp-warm-5000-001082-a04c1a00,1784798601874,1784798601875,202,1.000,warm
1083,exp-warm-5000-001087-fde6b6ab,1784798601874,1784798601875,202,1.000,warm
1084,exp-warm-5000-001086-165ffd62,1784798601874,1784798601875,202,1.000,warm
1085,exp-warm-5000-001090-69822e37,1784798601874,1784798601875,202,1.000,warm
1086,exp-warm-5000-001083-93a785bc,1784798601874,1784798601875,202,1.000,warm
1087,exp-warm-5000-001081-ea1380c9,1784798601875,1784798601875,202,0.000,warm
1088,exp-warm-5000-001091-5879f077,1784798601876,1784798601876,202,0.000,warm
1089,exp-warm-5000-001092-b66550ab,1784798601876,1784798601877,202,1.000,warm
1090,exp-warm-5000-001093-bf939d51,1784798601876,1784798601877,202,1.000,warm
1091,exp-warm-5000-001094-cb9b5df7,1784798601876,1784798601877,202,1.000,warm
1092,exp-warm-5000-001077-07dcfedd,1784798601876,1784798601877,202,1.000,warm
1093,exp-warm-5000-001107-51521da7,1784798601876,1784798601881,202,5.000,warm
1094,exp-warm-5000-001089-8f7179c0,1784798601877,1784798601877,202,0.000,warm
1095,exp-warm-5000-001088-869b7644,1784798601877,1784798601877,202,0.000,warm
1096,exp-warm-5000-001098-f7dffd72,1784798601877,1784798601878,202,1.000,warm
1097,exp-warm-5000-001097-d441ce70,1784798601877,1784798601878,202,1.000,warm
1098,exp-warm-5000-001100-14fb32c8,1784798601877,1784798601878,202,1.000,warm
1099,exp-warm-5000-001099-257d714c,1784798601877,1784798601878,202,1.000,warm
1100,exp-warm-5000-001096-e19eb88f,1784798601877,1784798601878,202,1.000,warm
1101,exp-warm-5000-001101-b3a02b8e,1784798601877,1784798601878,202,1.000,warm
1102,exp-warm-5000-001095-e29efb59,1784798601878,1784798601878,202,0.000,warm
1103,exp-warm-5000-001105-dd91fb49,1784798601878,1784798601879,202,1.000,warm
1104,exp-warm-5000-001104-b88740d6,1784798601878,1784798601879,202,1.000,warm
1105,exp-warm-5000-001102-245d312a,1784798601878,1784798601879,202,1.000,warm
1106,exp-warm-5000-001114-f2611d25,1784798601878,1784798601880,202,2.000,warm
1107,exp-warm-5000-001111-5fcc93bd,1784798601878,1784798601880,202,2.000,warm
1108,exp-warm-5000-001110-09e456ee,1784798601879,1784798601880,202,1.000,warm
1109,exp-warm-5000-001115-83bfa625,1784798601879,1784798601880,202,1.000,warm
1110,exp-warm-5000-001112-2372be43,1784798601879,1784798601880,202,1.000,warm
1111,exp-warm-5000-001133-d6bc4664,1784798601879,1784798601882,202,3.000,warm
1112,exp-warm-5000-001129-48e06699,1784798601879,1784798601882,202,3.000,warm
1113,exp-warm-5000-001132-6c8be089,1784798601879,1784798601882,202,3.000,warm
1114,exp-warm-5000-001171-30a13f49,1784798601879,1784798601889,202,10.000,warm
1115,exp-warm-5000-001162-c1c9a6f8,1784798601879,1784798601889,202,10.000,warm
1116,exp-warm-5000-001103-42152240,1784798601880,1784798601880,202,0.000,warm
1117,exp-warm-5000-001113-2b16e291,1784798601880,1784798601880,202,0.000,warm
1118,exp-warm-5000-001109-4cf7d620,1784798601880,1784798601880,202,0.000,warm
1119,exp-warm-5000-001128-2961b834,1784798601880,1784798601882,202,2.000,warm
1120,exp-warm-5000-001130-a742cd6c,1784798601880,1784798601882,202,2.000,warm
1121,exp-warm-5000-001127-4fd62fa8,1784798601880,1784798601882,202,2.000,warm
1122,exp-warm-5000-001131-02cd5a64,1784798601880,1784798601882,202,2.000,warm
1123,exp-warm-5000-001116-0ee8b306,1784798601880,1784798601882,202,2.000,warm
1124,exp-warm-5000-001163-89409965,1784798601880,1784798601888,202,8.000,warm
1125,exp-warm-5000-001165-d315e0ac,1784798601880,1784798601888,202,8.000,warm
1126,exp-warm-5000-001173-605af61b,1784798601880,1784798601889,202,9.000,warm
1127,exp-warm-5000-001108-2e730d0d,1784798601881,1784798601881,202,0.000,warm
1128,exp-warm-5000-001106-5ddf9f69,1784798601881,1784798601881,202,0.000,warm
1129,exp-warm-5000-001159-c93beb8c,1784798601881,1784798601887,202,6.000,warm
1130,exp-warm-5000-001175-4461c42e,1784798601881,1784798601889,202,8.000,warm
1131,exp-warm-5000-001174-6f14c2fe,1784798601881,1784798601889,202,8.000,warm
1132,exp-warm-5000-001117-480db60a,1784798601882,1784798601888,202,6.000,warm
1133,exp-warm-5000-001141-addcd558,1784798601882,1784798601888,202,6.000,warm
1134,exp-warm-5000-001139-d47068ae,1784798601882,1784798601888,202,6.000,warm
1135,exp-warm-5000-001166-488c346c,1784798601883,1784798601888,202,5.000,warm
1136,exp-warm-5000-001125-f1911a2e,1784798601884,1784798601885,202,1.000,warm
1137,exp-warm-5000-001123-29cb62e0,1784798601884,1784798601885,202,1.000,warm
1138,exp-warm-5000-001124-1a4ab270,1784798601884,1784798601885,202,1.000,warm
1139,exp-warm-5000-001143-72303a64,1784798601884,1784798601885,202,1.000,warm
1140,exp-warm-5000-001167-091ad1a0,1784798601884,1784798601888,202,4.000,warm
1141,exp-warm-5000-001137-17b66a96,1784798601884,1784798601889,202,5.000,warm
1142,exp-warm-5000-001146-a7dbe276,1784798601885,1784798601886,202,1.000,warm
1143,exp-warm-5000-001126-2c3925c6,1784798601885,1784798601886,202,1.000,warm
1144,exp-warm-5000-001145-e9144594,1784798601885,1784798601886,202,1.000,warm
1145,exp-warm-5000-001149-1e82d171,1784798601885,1784798601886,202,1.000,warm
1146,exp-warm-5000-001148-240b6fe6,1784798601885,1784798601886,202,1.000,warm
1147,exp-warm-5000-001147-b5065c36,1784798601885,1784798601886,202,1.000,warm
1148,exp-warm-5000-001120-0c7f755f,1784798601885,1784798601888,202,3.000,warm
1149,exp-warm-5000-001121-8d0dbcdb,1784798601885,1784798601888,202,3.000,warm
1150,exp-warm-5000-001142-89356dfa,1784798601886,1784798601886,202,0.000,warm
1151,exp-warm-5000-001144-b69a88c4,1784798601886,1784798601886,202,0.000,warm
1152,exp-warm-5000-001122-3736c4aa,1784798601886,1784798601887,202,1.000,warm
1153,exp-warm-5000-001155-5231a935,1784798601886,1784798601887,202,1.000,warm
1154,exp-warm-5000-001154-97dd30f7,1784798601886,1784798601887,202,1.000,warm
1155,exp-warm-5000-001153-a44bc411,1784798601886,1784798601887,202,1.000,warm
1156,exp-warm-5000-001150-1ec93475,1784798601886,1784798601887,202,1.000,warm
1157,exp-warm-5000-001157-709aaf36,1784798601886,1784798601887,202,1.000,warm
1158,exp-warm-5000-001152-95275e48,1784798601886,1784798601887,202,1.000,warm
1159,exp-warm-5000-001158-d983c0bf,1784798601886,1784798601887,202,1.000,warm
1160,exp-warm-5000-001184-3a817351,1784798601886,1784798601890,202,4.000,warm
1161,exp-warm-5000-001151-654c6a2c,1784798601887,1784798601887,202,0.000,warm
1162,exp-warm-5000-001172-c0db4737,1784798601887,1784798601889,202,2.000,warm
1163,exp-warm-5000-001191-7443d46f,1784798601887,1784798601891,202,4.000,warm
1164,exp-warm-5000-001118-64e3cfbc,1784798601888,1784798601888,202,0.000,warm
1165,exp-warm-5000-001161-81e5437e,1784798601888,1784798601888,202,0.000,warm
1166,exp-warm-5000-001160-3d4c69bf,1784798601888,1784798601888,202,0.000,warm
1167,exp-warm-5000-001140-6cc9d5cf,1784798601888,1784798601888,202,0.000,warm
1168,exp-warm-5000-001119-ab1caf5f,1784798601888,1784798601888,202,0.000,warm
1169,exp-warm-5000-001156-c7559ca3,1784798601888,1784798601888,202,0.000,warm
1170,exp-warm-5000-001177-c0038164,1784798601888,1784798601889,202,1.000,warm
1171,exp-warm-5000-001169-297fa636,1784798601888,1784798601889,202,1.000,warm
1172,exp-warm-5000-001170-63c7e860,1784798601888,1784798601889,202,1.000,warm
1173,exp-warm-5000-001164-ccf01c27,1784798601888,1784798601889,202,1.000,warm
1174,exp-warm-5000-001176-887767d8,1784798601888,1784798601889,202,1.000,warm
1175,exp-warm-5000-001183-1aeeac31,1784798601888,1784798601890,202,2.000,warm
1176,exp-warm-5000-001134-16bfe79e,1784798601889,1784798601890,202,1.000,warm
1177,exp-warm-5000-001181-f0b612cf,1784798601889,1784798601890,202,1.000,warm
1178,exp-warm-5000-001182-20faac0e,1784798601889,1784798601890,202,1.000,warm
1179,exp-warm-5000-001136-946c8455,1784798601889,1784798601890,202,1.000,warm
1180,exp-warm-5000-001190-beeb993f,1784798601889,1784798601891,202,2.000,warm
1181,exp-warm-5000-001188-bc6d7e83,1784798601889,1784798601891,202,2.000,warm
1182,exp-warm-5000-001178-8a5a1023,1784798601890,1784798601890,202,0.000,warm
1183,exp-warm-5000-001179-844c0d43,1784798601890,1784798601890,202,0.000,warm
1184,exp-warm-5000-001180-cd287b44,1784798601890,1784798601890,202,0.000,warm
1185,exp-warm-5000-001135-5ce965dd,1784798601890,1784798601890,202,0.000,warm
1186,exp-warm-5000-001189-689defc6,1784798601890,1784798601891,202,1.000,warm
1187,exp-warm-5000-001168-beb4d643,1784798601890,1784798601891,202,1.000,warm
1188,exp-warm-5000-001187-3d488172,1784798601890,1784798601891,202,1.000,warm
1189,exp-warm-5000-001186-c30e237e,1784798601890,1784798601891,202,1.000,warm
1190,exp-warm-5000-001202-9fd796e8,1784798601890,1784798601893,202,3.000,warm
1191,exp-warm-5000-001205-8a36171e,1784798601890,1784798601893,202,3.000,warm
1192,exp-warm-5000-001213-0309da0e,1784798601890,1784798601894,202,4.000,warm
1193,exp-warm-5000-001185-53f564fe,1784798601891,1784798601891,202,0.000,warm
1194,exp-warm-5000-001197-5499a7d4,1784798601891,1784798601892,202,1.000,warm
1195,exp-warm-5000-001200-63512dc8,1784798601891,1784798601892,202,1.000,warm
1196,exp-warm-5000-001196-4b21aa01,1784798601891,1784798601892,202,1.000,warm
1197,exp-warm-5000-001195-3c00fb1e,1784798601891,1784798601892,202,1.000,warm
1198,exp-warm-5000-001198-0e1278bf,1784798601891,1784798601892,202,1.000,warm
1199,exp-warm-5000-001193-d2f78fcc,1784798601891,1784798601892,202,1.000,warm
1200,exp-warm-5000-001138-220f7a67,1784798601891,1784798601893,202,2.000,warm
1201,exp-warm-5000-001203-2f64cd8c,1784798601891,1784798601893,202,2.000,warm
1202,exp-warm-5000-001207-2bb285e8,1784798601891,1784798601893,202,2.000,warm
1203,exp-warm-5000-001209-a2fe4652,1784798601891,1784798601894,202,3.000,warm
1204,exp-warm-5000-001223-fe6e09c6,1784798601891,1784798601895,202,4.000,warm
1205,exp-warm-5000-001192-c9f9b078,1784798601892,1784798601892,202,0.000,warm
1206,exp-warm-5000-001194-7f467b54,1784798601892,1784798601892,202,0.000,warm
1207,exp-warm-5000-001199-c956ebd9,1784798601892,1784798601892,202,0.000,warm
1208,exp-warm-5000-001204-81ab4c57,1784798601892,1784798601893,202,1.000,warm
1209,exp-warm-5000-001211-c7972a1d,1784798601892,1784798601893,202,1.000,warm
1210,exp-warm-5000-001201-afe38691,1784798601892,1784798601893,202,1.000,warm
1211,exp-warm-5000-001229-a550259a,1784798601892,1784798601896,202,4.000,warm
1212,exp-warm-5000-001208-9189bf79,1784798601893,1784798601893,202,0.000,warm
1213,exp-warm-5000-001206-fb18c70d,1784798601893,1784798601893,202,0.000,warm
1214,exp-warm-5000-001214-f02355de,1784798601893,1784798601894,202,1.000,warm
1215,exp-warm-5000-001217-dc03b58d,1784798601893,1784798601894,202,1.000,warm
1216,exp-warm-5000-001212-74d0b0fc,1784798601893,1784798601894,202,1.000,warm
1217,exp-warm-5000-001216-de548594,1784798601893,1784798601894,202,1.000,warm
1218,exp-warm-5000-001215-5bdfc0ec,1784798601893,1784798601894,202,1.000,warm
1219,exp-warm-5000-001221-43ebd6a0,1784798601893,1784798601895,202,2.000,warm
1220,exp-warm-5000-001222-1b7df23e,1784798601893,1784798601895,202,2.000,warm
1221,exp-warm-5000-001210-f35a770a,1784798601894,1784798601894,202,0.000,warm
1222,exp-warm-5000-001220-a02962b1,1784798601894,1784798601895,202,1.000,warm
1223,exp-warm-5000-001224-789953e7,1784798601894,1784798601895,202,1.000,warm
1224,exp-warm-5000-001225-080f1cef,1784798601894,1784798601895,202,1.000,warm
1225,exp-warm-5000-001233-66fe2611,1784798601894,1784798601897,202,3.000,warm
1226,exp-warm-5000-001232-420302bf,1784798601894,1784798601897,202,3.000,warm
1227,exp-warm-5000-001218-cd1427c2,1784798601895,1784798601895,202,0.000,warm
1228,exp-warm-5000-001219-2e4ec656,1784798601895,1784798601895,202,0.000,warm
1229,exp-warm-5000-001228-95b25897,1784798601895,1784798601896,202,1.000,warm
1230,exp-warm-5000-001227-05738305,1784798601895,1784798601896,202,1.000,warm
1231,exp-warm-5000-001234-60b8beb4,1784798601895,1784798601898,202,3.000,warm
1232,exp-warm-5000-001239-ee328862,1784798601895,1784798601898,202,3.000,warm
1233,exp-warm-5000-001243-dfea47e7,1784798601895,1784798601899,202,4.000,warm
1234,exp-warm-5000-001226-02e660e7,1784798601896,1784798601896,202,0.000,warm
1235,exp-warm-5000-001235-2d1479c3,1784798601896,1784798601898,202,2.000,warm
1236,exp-warm-5000-001240-fbad1695,1784798601896,1784798601899,202,3.000,warm
1237,exp-warm-5000-001230-a50dd859,1784798601897,1784798601897,202,0.000,warm
1238,exp-warm-5000-001231-0a2adcb3,1784798601897,1784798601897,202,0.000,warm
1239,exp-warm-5000-001237-69b4ebb5,1784798601897,1784798601898,202,1.000,warm
1240,exp-warm-5000-001242-34552773,1784798601897,1784798601899,202,2.000,warm
1241,exp-warm-5000-001244-8980939f,1784798601897,1784798601899,202,2.000,warm
1242,exp-warm-5000-001236-5e82e56b,1784798601898,1784798601898,202,0.000,warm
1243,exp-warm-5000-001238-831d5dc6,1784798601898,1784798601898,202,0.000,warm
1244,exp-warm-5000-001241-a7a61831,1784798601898,1784798601899,202,1.000,warm
1245,exp-warm-5000-001245-ac476591,1784798601898,1784798601900,202,2.000,warm
1246,exp-warm-5000-001250-d837b6c0,1784798601898,1784798601901,202,3.000,warm
1247,exp-warm-5000-001247-a9f322c3,1784798601899,1784798601900,202,1.000,warm
1248,exp-warm-5000-001248-bebf491f,1784798601899,1784798601900,202,1.000,warm
1249,exp-warm-5000-001255-d27c3eff,1784798601899,1784798601902,202,3.000,warm
1250,exp-warm-5000-001249-b51c520d,1784798601900,1784798601901,202,1.000,warm
1251,exp-warm-5000-001251-74a3904b,1784798601900,1784798601901,202,1.000,warm
1252,exp-warm-5000-001265-4cf8411c,1784798601900,1784798601904,202,4.000,warm
1253,exp-warm-5000-001246-57fe7c3d,1784798601901,1784798601901,202,0.000,warm
1254,exp-warm-5000-001254-dd04baff,1784798601901,1784798601902,202,1.000,warm
1255,exp-warm-5000-001253-1c7ae7b1,1784798601901,1784798601902,202,1.000,warm
1256,exp-warm-5000-001256-aacf45d9,1784798601901,1784798601902,202,1.000,warm
1257,exp-warm-5000-001252-9dd168c3,1784798601901,1784798601902,202,1.000,warm
1258,exp-warm-5000-001259-4ae4736b,1784798601901,1784798601903,202,2.000,warm
1259,exp-warm-5000-001260-277077d5,1784798601902,1784798601903,202,1.000,warm
1260,exp-warm-5000-001257-5ee2e171,1784798601902,1784798601903,202,1.000,warm
1261,exp-warm-5000-001263-06f76d3c,1784798601902,1784798601904,202,2.000,warm
1262,exp-warm-5000-001261-b6166058,1784798601902,1784798601904,202,2.000,warm
1263,exp-warm-5000-001269-888d28b8,1784798601902,1784798601905,202,3.000,warm
1264,exp-warm-5000-001258-03e803dd,1784798601903,1784798601903,202,0.000,warm
1265,exp-warm-5000-001264-e0931dbc,1784798601903,1784798601904,202,1.000,warm
1266,exp-warm-5000-001262-5d9b941a,1784798601904,1784798601904,202,0.000,warm
1267,exp-warm-5000-001268-723d2137,1784798601904,1784798601905,202,1.000,warm
1268,exp-warm-5000-001270-5bafc6ea,1784798601904,1784798601905,202,1.000,warm
1269,exp-warm-5000-001271-6b78dc83,1784798601904,1784798601906,202,2.000,warm
1270,exp-warm-5000-001267-00ac604b,1784798601904,1784798601906,202,2.000,warm
1271,exp-warm-5000-001274-9f156f7e,1784798601904,1784798601907,202,3.000,warm
1272,exp-warm-5000-001266-2a738c4e,1784798601905,1784798601905,202,0.000,warm
1273,exp-warm-5000-001272-3756fa8e,1784798601905,1784798601906,202,1.000,warm
1274,exp-warm-5000-001276-198ef631,1784798601905,1784798601907,202,2.000,warm
1275,exp-warm-5000-001273-16c259fd,1784798601906,1784798601907,202,1.000,warm
1276,exp-warm-5000-001275-1d7ffc91,1784798601906,1784798601907,202,1.000,warm
1277,exp-warm-5000-001283-0b283572,1784798601906,1784798601909,202,3.000,warm
1278,exp-warm-5000-001279-8c0188c6,1784798601907,1784798601908,202,1.000,warm
1279,exp-warm-5000-001280-bc4550f4,1784798601907,1784798601908,202,1.000,warm
1280,exp-warm-5000-001278-534e4ef9,1784798601907,1784798601908,202,1.000,warm
1281,exp-warm-5000-001287-4d395422,1784798601907,1784798601909,202,2.000,warm
1282,exp-warm-5000-001277-04cf3a2d,1784798601907,1784798601910,202,3.000,warm
1283,exp-warm-5000-001285-f7141865,1784798601908,1784798601909,202,1.000,warm
1284,exp-warm-5000-001284-1b32de6d,1784798601908,1784798601909,202,1.000,warm
1285,exp-warm-5000-001281-ab2657e2,1784798601908,1784798601909,202,1.000,warm
1286,exp-warm-5000-001286-7fa2a561,1784798601908,1784798601910,202,2.000,warm
1287,exp-warm-5000-001297-cb9b81b8,1784798601908,1784798601911,202,3.000,warm
1288,exp-warm-5000-001295-7a573ae5,1784798601908,1784798601911,202,3.000,warm
1289,exp-warm-5000-001282-f9dab4c1,1784798601909,1784798601909,202,0.000,warm
1290,exp-warm-5000-001289-f5c96c50,1784798601909,1784798601910,202,1.000,warm
1291,exp-warm-5000-001291-a533010c,1784798601909,1784798601910,202,1.000,warm
1292,exp-warm-5000-001290-6799e301,1784798601909,1784798601910,202,1.000,warm
1293,exp-warm-5000-001292-166bedf1,1784798601909,1784798601910,202,1.000,warm
1294,exp-warm-5000-001298-3de3733b,1784798601909,1784798601911,202,2.000,warm
1295,exp-warm-5000-001301-c8e8fb28,1784798601909,1784798601912,202,3.000,warm
1296,exp-warm-5000-001332-a5cd7f28,1784798601909,1784798601918,202,9.000,warm
1297,exp-warm-5000-001288-ca7cd341,1784798601910,1784798601910,202,0.000,warm
1298,exp-warm-5000-001293-33bd0fdb,1784798601910,1784798601911,202,1.000,warm
1299,exp-warm-5000-001305-e1741666,1784798601910,1784798601913,202,3.000,warm
1300,exp-warm-5000-001309-ac65542d,1784798601910,1784798601913,202,3.000,warm
1301,exp-warm-5000-001294-b4136300,1784798601911,1784798601911,202,0.000,warm
1302,exp-warm-5000-001296-0ed47780,1784798601911,1784798601911,202,0.000,warm
1303,exp-warm-5000-001304-630a123b,1784798601911,1784798601912,202,1.000,warm
1304,exp-warm-5000-001303-c5c8af82,1784798601911,1784798601912,202,1.000,warm
1305,exp-warm-5000-001300-f4132192,1784798601911,1784798601912,202,1.000,warm
1306,exp-warm-5000-001302-e2d67e10,1784798601911,1784798601912,202,1.000,warm
1307,exp-warm-5000-001317-77a67d42,1784798601911,1784798601915,202,4.000,warm
1308,exp-warm-5000-001299-7f26b66e,1784798601912,1784798601912,202,0.000,warm
1309,exp-warm-5000-001307-1177e600,1784798601912,1784798601913,202,1.000,warm
1310,exp-warm-5000-001310-53ac915e,1784798601912,1784798601913,202,1.000,warm
1311,exp-warm-5000-001308-f77f5604,1784798601912,1784798601913,202,1.000,warm
1312,exp-warm-5000-001311-dd44af05,1784798601912,1784798601913,202,1.000,warm
1313,exp-warm-5000-001306-0be01841,1784798601912,1784798601913,202,1.000,warm
1314,exp-warm-5000-001313-098e2da6,1784798601912,1784798601914,202,2.000,warm
1315,exp-warm-5000-001312-699e70dc,1784798601912,1784798601914,202,2.000,warm
1316,exp-warm-5000-001316-b5d47bb1,1784798601912,1784798601914,202,2.000,warm
1317,exp-warm-5000-001314-089e52b7,1784798601912,1784798601914,202,2.000,warm
1318,exp-warm-5000-001315-e0ec3c04,1784798601912,1784798601914,202,2.000,warm
1319,exp-warm-5000-001318-9e4bd311,1784798601913,1784798601915,202,2.000,warm
1320,exp-warm-5000-001319-d62f01e6,1784798601914,1784798601915,202,1.000,warm
1321,exp-warm-5000-001322-ed5b8fbf,1784798601915,1784798601916,202,1.000,warm
1322,exp-warm-5000-001320-09b99de9,1784798601915,1784798601916,202,1.000,warm
1323,exp-warm-5000-001323-6bea5353,1784798601915,1784798601916,202,1.000,warm
1324,exp-warm-5000-001321-974fa1f8,1784798601915,1784798601916,202,1.000,warm
1325,exp-warm-5000-001324-5717fc8a,1784798601915,1784798601917,202,2.000,warm
1326,exp-warm-5000-001348-f91dcc69,1784798601915,1784798601921,202,6.000,warm
1327,exp-warm-5000-001330-295a77cb,1784798601916,1784798601917,202,1.000,warm
1328,exp-warm-5000-001329-eef9f73d,1784798601916,1784798601917,202,1.000,warm
1329,exp-warm-5000-001337-c565a07f,1784798601916,1784798601920,202,4.000,warm
1330,exp-warm-5000-001326-5a595087,1784798601917,1784798601917,202,0.000,warm
1331,exp-warm-5000-001327-3392264a,1784798601917,1784798601917,202,0.000,warm
1332,exp-warm-5000-001328-427257d8,1784798601917,1784798601917,202,0.000,warm
1333,exp-warm-5000-001325-3c64a58f,1784798601917,1784798601917,202,0.000,warm
1334,exp-warm-5000-001335-80af7492,1784798601917,1784798601918,202,1.000,warm
1335,exp-warm-5000-001331-be4f810a,1784798601917,1784798601918,202,1.000,warm
1336,exp-warm-5000-001334-ae86efdc,1784798601917,1784798601918,202,1.000,warm
1337,exp-warm-5000-001339-ddb8b7fd,1784798601917,1784798601918,202,1.000,warm
1338,exp-warm-5000-001344-9af9340b,1784798601917,1784798601920,202,3.000,warm
1339,exp-warm-5000-001343-2e104ef5,1784798601917,1784798601920,202,3.000,warm
1340,exp-warm-5000-001345-42cdd6f8,1784798601917,1784798601920,202,3.000,warm
1341,exp-warm-5000-001362-df333576,1784798601917,1784798601922,202,5.000,warm
1342,exp-warm-5000-001336-300746de,1784798601917,1784798601922,202,5.000,warm
1343,exp-warm-5000-001333-42b5e251,1784798601918,1784798601918,202,0.000,warm
1344,exp-warm-5000-001338-65961b6e,1784798601918,1784798601919,202,1.000,warm
1345,exp-warm-5000-001342-9ec144cd,1784798601918,1784798601919,202,1.000,warm
1346,exp-warm-5000-001352-e2abe974,1784798601918,1784798601921,202,3.000,warm
1347,exp-warm-5000-001340-da4d7dae,1784798601919,1784798601919,202,0.000,warm
1348,exp-warm-5000-001341-8d51d380,1784798601919,1784798601919,202,0.000,warm
1349,exp-warm-5000-001346-36f85bda,1784798601919,1784798601920,202,1.000,warm
1350,exp-warm-5000-001356-c5858c95,1784798601920,1784798601921,202,1.000,warm
1351,exp-warm-5000-001355-9081ee77,1784798601920,1784798601921,202,1.000,warm
1352,exp-warm-5000-001363-9be60144,1784798601920,1784798601922,202,2.000,warm
1353,exp-warm-5000-001350-b80ce06f,1784798601921,1784798601921,202,0.000,warm
1354,exp-warm-5000-001354-56afcaa5,1784798601921,1784798601921,202,0.000,warm
1355,exp-warm-5000-001353-027777f2,1784798601921,1784798601921,202,0.000,warm
1356,exp-warm-5000-001347-34eb91d2,1784798601921,1784798601921,202,0.000,warm
1357,exp-warm-5000-001351-f523fae9,1784798601921,1784798601921,202,0.000,warm
1358,exp-warm-5000-001359-a816f691,1784798601921,1784798601922,202,1.000,warm
1359,exp-warm-5000-001371-30197568,1784798601921,1784798601924,202,3.000,warm
1360,exp-warm-5000-001369-1b7b6f8d,1784798601921,1784798601924,202,3.000,warm
1361,exp-warm-5000-001367-762f36d8,1784798601921,1784798601924,202,3.000,warm
1362,exp-warm-5000-001358-839543d6,1784798601922,1784798601922,202,0.000,warm
1363,exp-warm-5000-001360-9f89b741,1784798601922,1784798601922,202,0.000,warm
1364,exp-warm-5000-001361-f5c20ba5,1784798601922,1784798601922,202,0.000,warm
1365,exp-warm-5000-001368-a2ed3681,1784798601922,1784798601923,202,1.000,warm
1366,exp-warm-5000-001366-d1e91c4a,1784798601922,1784798601923,202,1.000,warm
1367,exp-warm-5000-001349-5b327146,1784798601922,1784798601923,202,1.000,warm
1368,exp-warm-5000-001376-1eae2247,1784798601922,1784798601924,202,2.000,warm
1369,exp-warm-5000-001380-03d18de4,1784798601922,1784798601924,202,2.000,warm
1370,exp-warm-5000-001385-df373a32,1784798601922,1784798601925,202,3.000,warm
1371,exp-warm-5000-001410-a57d71de,1784798601922,1784798601929,202,7.000,warm
1372,exp-warm-5000-001413-543b63fb,1784798601922,1784798601929,202,7.000,warm
1373,exp-warm-5000-001364-c09ecbac,1784798601923,1784798601923,202,0.000,warm
1374,exp-warm-5000-001365-a852879d,1784798601923,1784798601923,202,0.000,warm
1375,exp-warm-5000-001377-52defdac,1784798601923,1784798601924,202,1.000,warm
1376,exp-warm-5000-001373-6b48b452,1784798601923,1784798601924,202,1.000,warm
1377,exp-warm-5000-001378-c08c222a,1784798601923,1784798601924,202,1.000,warm
1378,exp-warm-5000-001379-5ab1b349,1784798601923,1784798601924,202,1.000,warm
1379,exp-warm-5000-001383-ed9156c6,1784798601923,1784798601925,202,2.000,warm
1380,exp-warm-5000-001382-db02a7a0,1784798601923,1784798601925,202,2.000,warm
1381,exp-warm-5000-001381-3ef5da91,1784798601923,1784798601924,202,1.000,warm
1382,exp-warm-5000-001357-200bd806,1784798601923,1784798601925,202,2.000,warm
1383,exp-warm-5000-001386-3da56fd7,1784798601923,1784798601925,202,2.000,warm
1384,exp-warm-5000-001370-8b00aa54,1784798601924,1784798601924,202,0.000,warm
1385,exp-warm-5000-001374-f043d984,1784798601924,1784798601924,202,0.000,warm
1386,exp-warm-5000-001375-56fbca07,1784798601924,1784798601924,202,0.000,warm
1387,exp-warm-5000-001372-eba5ec79,1784798601924,1784798601924,202,0.000,warm
1388,exp-warm-5000-001384-fe209dc3,1784798601925,1784798601926,202,1.000,warm
1389,exp-warm-5000-001392-ad20f7b6,1784798601926,1784798601927,202,1.000,warm
1390,exp-warm-5000-001387-7528dfcd,1784798601926,1784798601927,202,1.000,warm
1391,exp-warm-5000-001391-ea3971aa,1784798601926,1784798601927,202,1.000,warm
1392,exp-warm-5000-001390-72557ef0,1784798601926,1784798601927,202,1.000,warm
1393,exp-warm-5000-001389-8e3f8b6b,1784798601926,1784798601927,202,1.000,warm
1394,exp-warm-5000-001401-a7149d64,1784798601926,1784798601928,202,2.000,warm
1395,exp-warm-5000-001402-faddf62f,1784798601926,1784798601928,202,2.000,warm
1396,exp-warm-5000-001388-cf7dc2a6,1784798601927,1784798601928,202,1.000,warm
1397,exp-warm-5000-001398-738fd0bf,1784798601927,1784798601928,202,1.000,warm
1398,exp-warm-5000-001393-f2289850,1784798601927,1784798601928,202,1.000,warm
1399,exp-warm-5000-001403-2f7c210b,1784798601927,1784798601928,202,1.000,warm
1400,exp-warm-5000-001419-bc3d9e33,1784798601927,1784798601930,202,3.000,warm
1401,exp-warm-5000-001397-22908327,1784798601928,1784798601928,202,0.000,warm
1402,exp-warm-5000-001395-44cb4258,1784798601928,1784798601928,202,0.000,warm
1403,exp-warm-5000-001396-d42dc0c5,1784798601928,1784798601928,202,0.000,warm
1404,exp-warm-5000-001400-f9043216,1784798601928,1784798601928,202,0.000,warm
1405,exp-warm-5000-001399-7dcaabba,1784798601928,1784798601928,202,0.000,warm
1406,exp-warm-5000-001411-393223f9,1784798601928,1784798601929,202,1.000,warm
1407,exp-warm-5000-001415-29552e45,1784798601928,1784798601929,202,1.000,warm
1408,exp-warm-5000-001414-2a5bb18f,1784798601928,1784798601929,202,1.000,warm
1409,exp-warm-5000-001406-9d51250e,1784798601928,1784798601929,202,1.000,warm
1410,exp-warm-5000-001416-cf8ce158,1784798601928,1784798601929,202,1.000,warm
1411,exp-warm-5000-001429-c016f5e1,1784798601928,1784798601931,202,3.000,warm
1412,exp-warm-5000-001428-3e7932ff,1784798601928,1784798601931,202,3.000,warm
1413,exp-warm-5000-001412-4286c144,1784798601928,1784798601929,202,1.000,warm
1414,exp-warm-5000-001405-b4b13f9b,1784798601928,1784798601929,202,1.000,warm
1415,exp-warm-5000-001404-41594527,1784798601929,1784798601929,202,0.000,warm
1416,exp-warm-5000-001408-9167e358,1784798601929,1784798601929,202,0.000,warm
1417,exp-warm-5000-001407-7acc18ed,1784798601929,1784798601929,202,0.000,warm
1418,exp-warm-5000-001394-e20d3d25,1784798601929,1784798601929,202,0.000,warm
1419,exp-warm-5000-001409-265934de,1784798601929,1784798601929,202,0.000,warm
1420,exp-warm-5000-001420-b4f2d772,1784798601929,1784798601930,202,1.000,warm
1421,exp-warm-5000-001421-a3aaceaf,1784798601929,1784798601930,202,1.000,warm
1422,exp-warm-5000-001423-d254889b,1784798601929,1784798601930,202,1.000,warm
1423,exp-warm-5000-001426-ac954afa,1784798601929,1784798601931,202,2.000,warm
1424,exp-warm-5000-001434-3c5fcc8f,1784798601929,1784798601931,202,2.000,warm
1425,exp-warm-5000-001436-e8a5090d,1784798601929,1784798601931,202,2.000,warm
1426,exp-warm-5000-001425-36770329,1784798601929,1784798601930,202,1.000,warm
1427,exp-warm-5000-001424-2e8890f1,1784798601929,1784798601930,202,1.000,warm
1428,exp-warm-5000-001422-a747b76e,1784798601929,1784798601930,202,1.000,warm
1429,exp-warm-5000-001418-4b605cca,1784798601930,1784798601930,202,0.000,warm
1430,exp-warm-5000-001417-00bb8e3d,1784798601930,1784798601930,202,0.000,warm
1431,exp-warm-5000-001435-aa748135,1784798601930,1784798601931,202,1.000,warm
1432,exp-warm-5000-001433-b2136473,1784798601930,1784798601931,202,1.000,warm
1433,exp-warm-5000-001431-75954876,1784798601930,1784798601931,202,1.000,warm
1434,exp-warm-5000-001444-84d08b41,1784798601930,1784798601932,202,2.000,warm
1435,exp-warm-5000-001427-b187df38,1784798601931,1784798601931,202,0.000,warm
1436,exp-warm-5000-001432-03d2e1da,1784798601931,1784798601931,202,0.000,warm
1437,exp-warm-5000-001430-078e3a02,1784798601931,1784798601931,202,0.000,warm
1438,exp-warm-5000-001439-4c75aa70,1784798601931,1784798601932,202,1.000,warm
1439,exp-warm-5000-001442-2172b3be,1784798601931,1784798601932,202,1.000,warm
1440,exp-warm-5000-001445-dd9dce85,1784798601931,1784798601932,202,1.000,warm
1441,exp-warm-5000-001443-6778027b,1784798601931,1784798601932,202,1.000,warm
1442,exp-warm-5000-001440-39aa8e34,1784798601931,1784798601932,202,1.000,warm
1443,exp-warm-5000-001470-5c0f17e6,1784798601931,1784798601935,202,4.000,warm
1444,exp-warm-5000-001437-fd8a96d3,1784798601932,1784798601932,202,0.000,warm
1445,exp-warm-5000-001438-e44ce2f7,1784798601932,1784798601932,202,0.000,warm
1446,exp-warm-5000-001441-50f12637,1784798601932,1784798601932,202,0.000,warm
1447,exp-warm-5000-001448-cf1766eb,1784798601932,1784798601933,202,1.000,warm
1448,exp-warm-5000-001451-3c2f8f5b,1784798601932,1784798601933,202,1.000,warm
1449,exp-warm-5000-001455-08583e27,1784798601932,1784798601933,202,1.000,warm
1450,exp-warm-5000-001454-f6c31af8,1784798601932,1784798601933,202,1.000,warm
1451,exp-warm-5000-001461-26e532e4,1784798601932,1784798601934,202,2.000,warm
1452,exp-warm-5000-001462-79d1b7e9,1784798601932,1784798601934,202,2.000,warm
1453,exp-warm-5000-001450-bb681c22,1784798601932,1784798601933,202,1.000,warm
1454,exp-warm-5000-001473-c1221379,1784798601932,1784798601935,202,3.000,warm
1455,exp-warm-5000-001447-d637e3ee,1784798601933,1784798601933,202,0.000,warm
1456,exp-warm-5000-001446-ff840b2d,1784798601933,1784798601933,202,0.000,warm
1457,exp-warm-5000-001449-29323624,1784798601933,1784798601933,202,0.000,warm
1458,exp-warm-5000-001460-3f195eff,1784798601933,1784798601934,202,1.000,warm
1459,exp-warm-5000-001459-e424b226,1784798601933,1784798601934,202,1.000,warm
1460,exp-warm-5000-001469-56c4a731,1784798601933,1784798601935,202,2.000,warm
1461,exp-warm-5000-001483-e5e3682f,1784798601933,1784798601936,202,3.000,warm
1462,exp-warm-5000-001457-a2460876,1784798601934,1784798601934,202,0.000,warm
1463,exp-warm-5000-001458-68438bf3,1784798601934,1784798601934,202,0.000,warm
1464,exp-warm-5000-001456-5831a63d,1784798601934,1784798601934,202,0.000,warm
1465,exp-warm-5000-001463-15d21530,1784798601934,1784798601935,202,1.000,warm
1466,exp-warm-5000-001471-57719cd8,1784798601934,1784798601935,202,1.000,warm
1467,exp-warm-5000-001472-7ece9424,1784798601934,1784798601935,202,1.000,warm
1468,exp-warm-5000-001452-63fe17f4,1784798601934,1784798601935,202,1.000,warm
1469,exp-warm-5000-001468-0f8bb881,1784798601934,1784798601936,202,2.000,warm
1470,exp-warm-5000-001489-3e338832,1784798601934,1784798601937,202,3.000,warm
1471,exp-warm-5000-001464-1f9d5c27,1784798601935,1784798601935,202,0.000,warm
1472,exp-warm-5000-001453-38f89ed9,1784798601935,1784798601935,202,0.000,warm
1473,exp-warm-5000-001466-ba5abca6,1784798601935,1784798601935,202,0.000,warm
1474,exp-warm-5000-001467-5501f0a4,1784798601935,1784798601935,202,0.000,warm
1475,exp-warm-5000-001465-80ea270b,1784798601935,1784798601935,202,0.000,warm
1476,exp-warm-5000-001482-3f804940,1784798601935,1784798601936,202,1.000,warm
1477,exp-warm-5000-001481-bd16d47b,1784798601935,1784798601936,202,1.000,warm
1478,exp-warm-5000-001476-d1dd340a,1784798601936,1784798601936,202,0.000,warm
1479,exp-warm-5000-001474-e7c15f91,1784798601936,1784798601936,202,0.000,warm
1480,exp-warm-5000-001478-f0e81a83,1784798601936,1784798601936,202,0.000,warm
1481,exp-warm-5000-001480-bc5e5f96,1784798601936,1784798601936,202,0.000,warm
1482,exp-warm-5000-001477-af239142,1784798601936,1784798601936,202,0.000,warm
1483,exp-warm-5000-001479-bb5997eb,1784798601936,1784798601936,202,0.000,warm
1484,exp-warm-5000-001490-ca75bedf,1784798601936,1784798601937,202,1.000,warm
1485,exp-warm-5000-001475-67fa6182,1784798601936,1784798601937,202,1.000,warm
1486,exp-warm-5000-001491-d80f80ec,1784798601936,1784798601937,202,1.000,warm
1487,exp-warm-5000-001484-98552558,1784798601936,1784798601937,202,1.000,warm
1488,exp-warm-5000-001488-e12af2df,1784798601936,1784798601937,202,1.000,warm
1489,exp-warm-5000-001496-ae7d2f50,1784798601936,1784798601937,202,1.000,warm
1490,exp-warm-5000-001485-e0de476b,1784798601936,1784798601937,202,1.000,warm
1491,exp-warm-5000-001486-6b3dc2f4,1784798601936,1784798601937,202,1.000,warm
1492,exp-warm-5000-001497-cf22646c,1784798601936,1784798601938,202,2.000,warm
1493,exp-warm-5000-001487-e912acdb,1784798601937,1784798601937,202,0.000,warm
1494,exp-warm-5000-001498-10f9d515,1784798601937,1784798601938,202,1.000,warm
1495,exp-warm-5000-001500-c1036c9a,1784798601937,1784798601938,202,1.000,warm
1496,exp-warm-5000-001499-89088507,1784798601937,1784798601938,202,1.000,warm
1497,exp-warm-5000-001501-d4c5a51d,1784798601937,1784798601938,202,1.000,warm
1498,exp-warm-5000-001502-dcf38f76,1784798601937,1784798601938,202,1.000,warm
1499,exp-warm-5000-001495-f164079c,1784798601937,1784798601938,202,1.000,warm
1500,exp-warm-5000-001492-2a2d53a5,1784798601938,1784798601938,202,0.000,warm
1501,exp-warm-5000-001494-70e9d2fd,1784798601938,1784798601938,202,0.000,warm
1502,exp-warm-5000-001503-0b68981c,1784798601938,1784798601939,202,1.000,warm
1503,exp-warm-5000-001510-fbf96684,1784798601938,1784798601939,202,1.000,warm
1504,exp-warm-5000-001509-ed96b11c,1784798601938,1784798601939,202,1.000,warm
1505,exp-warm-5000-001493-97e54d2c,1784798601938,1784798601939,202,1.000,warm
1506,exp-warm-5000-001507-7f4b2faf,1784798601938,1784798601939,202,1.000,warm
1507,exp-warm-5000-001511-394de181,1784798601938,1784798601939,202,1.000,warm
1508,exp-warm-5000-001508-0faf2dd1,1784798601938,1784798601939,202,1.000,warm
1509,exp-warm-5000-001505-31781e4c,1784798601938,1784798601939,202,1.000,warm
1510,exp-warm-5000-001506-4f7de40a,1784798601938,1784798601939,202,1.000,warm
1511,exp-warm-5000-001527-8100c6df,1784798601938,1784798601941,202,3.000,warm
1512,exp-warm-5000-001504-62f1ea34,1784798601939,1784798601939,202,0.000,warm
1513,exp-warm-5000-001522-d2f2eefe,1784798601939,1784798601940,202,1.000,warm
1514,exp-warm-5000-001521-dde32e84,1784798601939,1784798601940,202,1.000,warm
1515,exp-warm-5000-001523-f7204652,1784798601939,1784798601940,202,1.000,warm
1516,exp-warm-5000-001519-414d7d53,1784798601939,1784798601940,202,1.000,warm
1517,exp-warm-5000-001515-3b523f31,1784798601939,1784798601940,202,1.000,warm
1518,exp-warm-5000-001529-ea832ed6,1784798601939,1784798601941,202,2.000,warm
1519,exp-warm-5000-001525-0e6a70d9,1784798601939,1784798601941,202,2.000,warm
1520,exp-warm-5000-001516-c7bfdba8,1784798601940,1784798601940,202,0.000,warm
1521,exp-warm-5000-001512-f13da3bf,1784798601940,1784798601940,202,0.000,warm
1522,exp-warm-5000-001514-d8398870,1784798601940,1784798601940,202,0.000,warm
1523,exp-warm-5000-001517-f4537e17,1784798601940,1784798601940,202,0.000,warm
1524,exp-warm-5000-001518-7851bd9d,1784798601940,1784798601940,202,0.000,warm
1525,exp-warm-5000-001520-2a0f690c,1784798601940,1784798601940,202,0.000,warm
1526,exp-warm-5000-001513-f5f7bbf8,1784798601940,1784798601940,202,0.000,warm
1527,exp-warm-5000-001530-3174b552,1784798601940,1784798601941,202,1.000,warm
1528,exp-warm-5000-001531-49e77f15,1784798601940,1784798601941,202,1.000,warm
1529,exp-warm-5000-001524-54c85258,1784798601940,1784798601941,202,1.000,warm
1530,exp-warm-5000-001532-2bd9890b,1784798601940,1784798601941,202,1.000,warm
1531,exp-warm-5000-001536-2b1ccd27,1784798601940,1784798601942,202,2.000,warm
1532,exp-warm-5000-001526-2fbb87da,1784798601941,1784798601941,202,0.000,warm
1533,exp-warm-5000-001528-6fcf0b31,1784798601941,1784798601941,202,0.000,warm
1534,exp-warm-5000-001538-cd29c08e,1784798601941,1784798601942,202,1.000,warm
1535,exp-warm-5000-001533-ddeecf4d,1784798601941,1784798601942,202,1.000,warm
1536,exp-warm-5000-001537-5ed6cc60,1784798601941,1784798601942,202,1.000,warm
1537,exp-warm-5000-001534-57f943d4,1784798601941,1784798601942,202,1.000,warm
1538,exp-warm-5000-001541-e9d84827,1784798601941,1784798601942,202,1.000,warm
1539,exp-warm-5000-001539-c4597e28,1784798601941,1784798601942,202,1.000,warm
1540,exp-warm-5000-001542-91e4c595,1784798601941,1784798601942,202,1.000,warm
1541,exp-warm-5000-001550-e33a638e,1784798601941,1784798601943,202,2.000,warm
1542,exp-warm-5000-001544-55c7039c,1784798601941,1784798601943,202,2.000,warm
1543,exp-warm-5000-001535-1f0bde75,1784798601942,1784798601942,202,0.000,warm
1544,exp-warm-5000-001548-d4081125,1784798601942,1784798601943,202,1.000,warm
1545,exp-warm-5000-001543-5bd70bed,1784798601942,1784798601943,202,1.000,warm
1546,exp-warm-5000-001546-80584d8f,1784798601942,1784798601943,202,1.000,warm
1547,exp-warm-5000-001549-121b5add,1784798601942,1784798601943,202,1.000,warm
1548,exp-warm-5000-001547-b77e6eb4,1784798601942,1784798601943,202,1.000,warm
1549,exp-warm-5000-001540-a8b158a9,1784798601942,1784798601943,202,1.000,warm
1550,exp-warm-5000-001557-3ca4e09e,1784798601942,1784798601944,202,2.000,warm
1551,exp-warm-5000-001545-ca82aa08,1784798601943,1784798601943,202,0.000,warm
1552,exp-warm-5000-001555-0c098a2a,1784798601943,1784798601944,202,1.000,warm
1553,exp-warm-5000-001556-f314a146,1784798601943,1784798601944,202,1.000,warm
1554,exp-warm-5000-001551-77c85b24,1784798601943,1784798601944,202,1.000,warm
1555,exp-warm-5000-001553-6efc2b5a,1784798601943,1784798601944,202,1.000,warm
1556,exp-warm-5000-001554-7a22385a,1784798601943,1784798601944,202,1.000,warm
1557,exp-warm-5000-001552-df5473b0,1784798601944,1784798601944,202,0.000,warm
1558,exp-warm-5000-001563-460aacc4,1784798601944,1784798601945,202,1.000,warm
1559,exp-warm-5000-001562-82bd3c04,1784798601944,1784798601945,202,1.000,warm
1560,exp-warm-5000-001565-0ccd1e1e,1784798601944,1784798601945,202,1.000,warm
1561,exp-warm-5000-001559-075c0d23,1784798601944,1784798601945,202,1.000,warm
1562,exp-warm-5000-001561-36b791ef,1784798601944,1784798601945,202,1.000,warm
1563,exp-warm-5000-001575-982b2d43,1784798601944,1784798601946,202,2.000,warm
1564,exp-warm-5000-001558-cb6719c2,1784798601945,1784798601945,202,0.000,warm
1565,exp-warm-5000-001560-9784868e,1784798601945,1784798601945,202,0.000,warm
1566,exp-warm-5000-001572-3ff2e0b5,1784798601945,1784798601946,202,1.000,warm
1567,exp-warm-5000-001574-df2f3746,1784798601945,1784798601946,202,1.000,warm
1568,exp-warm-5000-001573-0a35fe09,1784798601945,1784798601946,202,1.000,warm
1569,exp-warm-5000-001571-0dd7d8d0,1784798601945,1784798601946,202,1.000,warm
1570,exp-warm-5000-001566-96a33dc3,1784798601946,1784798601946,202,0.000,warm
1571,exp-warm-5000-001564-a9394db0,1784798601946,1784798601946,202,0.000,warm
1572,exp-warm-5000-001568-6886d251,1784798601946,1784798601946,202,0.000,warm
1573,exp-warm-5000-001569-7e0ff192,1784798601946,1784798601946,202,0.000,warm
1574,exp-warm-5000-001567-33b109ee,1784798601946,1784798601946,202,0.000,warm
1575,exp-warm-5000-001570-0fd8db42,1784798601946,1784798601946,202,0.000,warm
1576,exp-warm-5000-001585-a9114ada,1784798601946,1784798601947,202,1.000,warm
1577,exp-warm-5000-001583-6ea6d8fc,1784798601946,1784798601947,202,1.000,warm
1578,exp-warm-5000-001587-c27eb674,1784798601946,1784798601947,202,1.000,warm
1579,exp-warm-5000-001588-80ffd49f,1784798601946,1784798601947,202,1.000,warm
1580,exp-warm-5000-001586-cfe0d2c4,1784798601946,1784798601947,202,1.000,warm
1581,exp-warm-5000-001579-1cd96828,1784798601947,1784798601947,202,0.000,warm
1582,exp-warm-5000-001578-6603d858,1784798601947,1784798601947,202,0.000,warm
1583,exp-warm-5000-001582-5a056a3f,1784798601947,1784798601947,202,0.000,warm
1584,exp-warm-5000-001580-fa79c63a,1784798601947,1784798601947,202,0.000,warm
1585,exp-warm-5000-001581-e1d19785,1784798601947,1784798601947,202,0.000,warm
1586,exp-warm-5000-001577-dc9d3e5b,1784798601947,1784798601947,202,0.000,warm
1587,exp-warm-5000-001584-e79a5e2f,1784798601947,1784798601947,202,0.000,warm
1588,exp-warm-5000-001576-969c9d04,1784798601947,1784798601947,202,0.000,warm
1589,exp-warm-5000-001593-a03d4dea,1784798601947,1784798601948,202,1.000,warm
1590,exp-warm-5000-001598-df9b7425,1784798601947,1784798601948,202,1.000,warm
1591,exp-warm-5000-001600-79a7046b,1784798601947,1784798601948,202,1.000,warm
1592,exp-warm-5000-001599-7f5033e4,1784798601947,1784798601948,202,1.000,warm
1593,exp-warm-5000-001601-dc778ced,1784798601947,1784798601948,202,1.000,warm
1594,exp-warm-5000-001603-ec261c22,1784798601947,1784798601948,202,1.000,warm
1595,exp-warm-5000-001596-1ca307e6,1784798601947,1784798601948,202,1.000,warm
1596,exp-warm-5000-001612-9a7daa09,1784798601947,1784798601949,202,2.000,warm
1597,exp-warm-5000-001589-0759df84,1784798601948,1784798601948,202,0.000,warm
1598,exp-warm-5000-001590-2d4693e8,1784798601948,1784798601948,202,0.000,warm
1599,exp-warm-5000-001595-e289a71a,1784798601948,1784798601948,202,0.000,warm
1600,exp-warm-5000-001591-aee419cd,1784798601948,1784798601948,202,0.000,warm
1601,exp-warm-5000-001592-cc37b8a6,1784798601948,1784798601948,202,0.000,warm
1602,exp-warm-5000-001594-54a3f4c7,1784798601948,1784798601948,202,0.000,warm
1603,exp-warm-5000-001597-8b49a4e2,1784798601948,1784798601948,202,0.000,warm
1604,exp-warm-5000-001606-c8785b91,1784798601948,1784798601949,202,1.000,warm
1605,exp-warm-5000-001610-b4f01b2c,1784798601948,1784798601949,202,1.000,warm
1606,exp-warm-5000-001608-3ffe26d1,1784798601948,1784798601949,202,1.000,warm
1607,exp-warm-5000-001609-6bfc0994,1784798601948,1784798601949,202,1.000,warm
1608,exp-warm-5000-001618-80293034,1784798601948,1784798601950,202,2.000,warm
1609,exp-warm-5000-001605-884eb1d4,1784798601949,1784798601949,202,0.000,warm
1610,exp-warm-5000-001604-bcfff050,1784798601949,1784798601949,202,0.000,warm
1611,exp-warm-5000-001602-f0e4930a,1784798601949,1784798601949,202,0.000,warm
1612,exp-warm-5000-001607-015168f8,1784798601949,1784798601949,202,0.000,warm
1613,exp-warm-5000-001616-a4c992f5,1784798601949,1784798601950,202,1.000,warm
1614,exp-warm-5000-001617-5dec40fe,1784798601949,1784798601950,202,1.000,warm
1615,exp-warm-5000-001624-5c88897e,1784798601949,1784798601951,202,2.000,warm
1616,exp-warm-5000-001622-e47c09f6,1784798601949,1784798601951,202,2.000,warm
1617,exp-warm-5000-001611-e2db415e,1784798601950,1784798601950,202,0.000,warm
1618,exp-warm-5000-001613-c6cefdc4,1784798601950,1784798601950,202,0.000,warm
1619,exp-warm-5000-001614-ed665f70,1784798601950,1784798601950,202,0.000,warm
1620,exp-warm-5000-001615-aa4bd68a,1784798601950,1784798601950,202,0.000,warm
1621,exp-warm-5000-001621-e326ac76,1784798601950,1784798601951,202,1.000,warm
1622,exp-warm-5000-001620-e905fcc5,1784798601950,1784798601951,202,1.000,warm
1623,exp-warm-5000-001626-e047530f,1784798601950,1784798601951,202,1.000,warm
1624,exp-warm-5000-001625-348c5c7d,1784798601950,1784798601951,202,1.000,warm
1625,exp-warm-5000-001627-7aa05e86,1784798601950,1784798601951,202,1.000,warm
1626,exp-warm-5000-001623-af87c016,1784798601950,1784798601951,202,1.000,warm
1627,exp-warm-5000-001648-ba0af461,1784798601950,1784798601954,202,4.000,warm
1628,exp-warm-5000-001619-524a9cdc,1784798601951,1784798601951,202,0.000,warm
1629,exp-warm-5000-001631-ac83951b,1784798601951,1784798601952,202,1.000,warm
1630,exp-warm-5000-001632-d4aa3619,1784798601951,1784798601952,202,1.000,warm
1631,exp-warm-5000-001633-005cd32e,1784798601951,1784798601952,202,1.000,warm
1632,exp-warm-5000-001629-f3ff6517,1784798601952,1784798601952,202,0.000,warm
1633,exp-warm-5000-001628-84efd139,1784798601952,1784798601952,202,0.000,warm
1634,exp-warm-5000-001638-46188fd2,1784798601952,1784798601953,202,1.000,warm
1635,exp-warm-5000-001630-23d5b4c2,1784798601952,1784798601953,202,1.000,warm
1636,exp-warm-5000-001641-5c320f1e,1784798601952,1784798601953,202,1.000,warm
1637,exp-warm-5000-001640-30250e46,1784798601952,1784798601953,202,1.000,warm
1638,exp-warm-5000-001636-99cdba1c,1784798601953,1784798601953,202,0.000,warm
1639,exp-warm-5000-001635-bd9db4bb,1784798601953,1784798601953,202,0.000,warm
1640,exp-warm-5000-001637-550a6815,1784798601953,1784798601953,202,0.000,warm
1641,exp-warm-5000-001634-a258f578,1784798601953,1784798601953,202,0.000,warm
1642,exp-warm-5000-001649-6dde3a11,1784798601953,1784798601954,202,1.000,warm
1643,exp-warm-5000-001647-062836a9,1784798601953,1784798601954,202,1.000,warm
1644,exp-warm-5000-001639-c6f7000a,1784798601953,1784798601954,202,1.000,warm
1645,exp-warm-5000-001652-1fcb1a44,1784798601953,1784798601955,202,2.000,warm
1646,exp-warm-5000-001642-53822e9e,1784798601954,1784798601954,202,0.000,warm
1647,exp-warm-5000-001643-53d541a9,1784798601954,1784798601954,202,0.000,warm
1648,exp-warm-5000-001645-b4207c55,1784798601954,1784798601954,202,0.000,warm
1649,exp-warm-5000-001644-7792342c,1784798601954,1784798601954,202,0.000,warm
1650,exp-warm-5000-001646-900b17d9,1784798601954,1784798601954,202,0.000,warm
1651,exp-warm-5000-001657-2633dcee,1784798601954,1784798601955,202,1.000,warm
1652,exp-warm-5000-001658-254d42b5,1784798601954,1784798601955,202,1.000,warm
1653,exp-warm-5000-001651-c33aaf89,1784798601954,1784798601955,202,1.000,warm
1654,exp-warm-5000-001653-83372b90,1784798601954,1784798601955,202,1.000,warm
1655,exp-warm-5000-001656-9d7d8159,1784798601954,1784798601955,202,1.000,warm
1656,exp-warm-5000-001660-bbe7b35d,1784798601954,1784798601956,202,2.000,warm
1657,exp-warm-5000-001654-124245c0,1784798601955,1784798601955,202,0.000,warm
1658,exp-warm-5000-001655-e7cdb16a,1784798601955,1784798601955,202,0.000,warm
1659,exp-warm-5000-001650-41f9b907,1784798601955,1784798601955,202,0.000,warm
1660,exp-warm-5000-001662-a0ff5edd,1784798601955,1784798601956,202,1.000,warm
1661,exp-warm-5000-001661-aac7a32e,1784798601955,1784798601956,202,1.000,warm
1662,exp-warm-5000-001659-81815874,1784798601955,1784798601956,202,1.000,warm
1663,exp-warm-5000-001666-9621293a,1784798601955,1784798601956,202,1.000,warm
1664,exp-warm-5000-001667-33645699,1784798601955,1784798601956,202,1.000,warm
1665,exp-warm-5000-001665-37a43834,1784798601955,1784798601956,202,1.000,warm
1666,exp-warm-5000-001668-ab7d84f3,1784798601955,1784798601956,202,1.000,warm
1667,exp-warm-5000-001669-ff1da470,1784798601955,1784798601956,202,1.000,warm
1668,exp-warm-5000-001676-f929f0d3,1784798601955,1784798601957,202,2.000,warm
1669,exp-warm-5000-001663-f5665b24,1784798601956,1784798601956,202,0.000,warm
1670,exp-warm-5000-001674-9511813f,1784798601956,1784798601957,202,1.000,warm
1671,exp-warm-5000-001673-2b356aa8,1784798601956,1784798601957,202,1.000,warm
1672,exp-warm-5000-001677-9c73dd52,1784798601956,1784798601957,202,1.000,warm
1673,exp-warm-5000-001675-8f42705e,1784798601956,1784798601957,202,1.000,warm
1674,exp-warm-5000-001664-33b04a9c,1784798601956,1784798601957,202,1.000,warm
1675,exp-warm-5000-001682-a3790b8d,1784798601956,1784798601958,202,2.000,warm
1676,exp-warm-5000-001679-42a89a46,1784798601956,1784798601958,202,2.000,warm
1677,exp-warm-5000-001672-d34ea68b,1784798601957,1784798601957,202,0.000,warm
1678,exp-warm-5000-001670-76e0f13b,1784798601957,1784798601957,202,0.000,warm
1679,exp-warm-5000-001671-b058583f,1784798601957,1784798601957,202,0.000,warm
1680,exp-warm-5000-001678-12098f7d,1784798601957,1784798601958,202,1.000,warm
1681,exp-warm-5000-001683-64085242,1784798601957,1784798601958,202,1.000,warm
1682,exp-warm-5000-001684-ad025cb1,1784798601957,1784798601958,202,1.000,warm
1683,exp-warm-5000-001681-0188c669,1784798601957,1784798601958,202,1.000,warm
1684,exp-warm-5000-001680-cf4a9de2,1784798601958,1784798601958,202,0.000,warm
1685,exp-warm-5000-001692-d16e3f7d,1784798601958,1784798601959,202,1.000,warm
1686,exp-warm-5000-001690-b07234ee,1784798601958,1784798601959,202,1.000,warm
1687,exp-warm-5000-001686-b68ead61,1784798601958,1784798601959,202,1.000,warm
1688,exp-warm-5000-001698-cc37673f,1784798601958,1784798601960,202,2.000,warm
1689,exp-warm-5000-001717-d01ef448,1784798601958,1784798601962,202,4.000,warm
1690,exp-warm-5000-001685-bcc75bd0,1784798601959,1784798601959,202,0.000,warm
1691,exp-warm-5000-001687-785dc9cb,1784798601959,1784798601959,202,0.000,warm
1692,exp-warm-5000-001688-7d50fe16,1784798601959,1784798601959,202,0.000,warm
1693,exp-warm-5000-001689-54598f2b,1784798601959,1784798601959,202,0.000,warm
1694,exp-warm-5000-001691-0f8d611a,1784798601959,1784798601959,202,0.000,warm
1695,exp-warm-5000-001694-036d1cdc,1784798601959,1784798601960,202,1.000,warm
1696,exp-warm-5000-001700-b8622960,1784798601959,1784798601960,202,1.000,warm
1697,exp-warm-5000-001699-65e564b1,1784798601959,1784798601960,202,1.000,warm
1698,exp-warm-5000-001702-a7a581c2,1784798601959,1784798601961,202,2.000,warm
1699,exp-warm-5000-001703-04617055,1784798601959,1784798601961,202,2.000,warm
1700,exp-warm-5000-001708-6e49a6fa,1784798601959,1784798601962,202,3.000,warm
1701,exp-warm-5000-001696-bc9eba6b,1784798601960,1784798601960,202,0.000,warm
1702,exp-warm-5000-001697-bbf0eec6,1784798601960,1784798601960,202,0.000,warm
1703,exp-warm-5000-001705-f03577c6,1784798601960,1784798601961,202,1.000,warm
1704,exp-warm-5000-001707-1cb5f4a9,1784798601960,1784798601961,202,1.000,warm
1705,exp-warm-5000-001706-68f4edae,1784798601960,1784798601961,202,1.000,warm
1706,exp-warm-5000-001701-272e21e3,1784798601960,1784798601961,202,1.000,warm
1707,exp-warm-5000-001704-edc64ca5,1784798601960,1784798601961,202,1.000,warm
1708,exp-warm-5000-001711-e3ba180a,1784798601960,1784798601962,202,2.000,warm
1709,exp-warm-5000-001714-c35c7bf7,1784798601960,1784798601962,202,2.000,warm
1710,exp-warm-5000-001716-667c100a,1784798601960,1784798601962,202,2.000,warm
1711,exp-warm-5000-001695-e1529f61,1784798601961,1784798601961,202,0.000,warm
1712,exp-warm-5000-001713-ee031d41,1784798601961,1784798601962,202,1.000,warm
1713,exp-warm-5000-001715-53c89062,1784798601961,1784798601962,202,1.000,warm
1714,exp-warm-5000-001710-ffb0fd46,1784798601961,1784798601962,202,1.000,warm
1715,exp-warm-5000-001725-24b33d3c,1784798601961,1784798601963,202,2.000,warm
1716,exp-warm-5000-001733-eb7716de,1784798601961,1784798601964,202,3.000,warm
1717,exp-warm-5000-001732-c63e7a11,1784798601961,1784798601964,202,3.000,warm
1718,exp-warm-5000-001693-c9c3be4f,1784798601962,1784798601962,202,0.000,warm
1719,exp-warm-5000-001709-0061c0f5,1784798601962,1784798601962,202,0.000,warm
1720,exp-warm-5000-001712-4dff00b7,1784798601962,1784798601962,202,0.000,warm
1721,exp-warm-5000-001722-f95c3171,1784798601962,1784798601963,202,1.000,warm
1722,exp-warm-5000-001726-3c941aa7,1784798601962,1784798601963,202,1.000,warm
1723,exp-warm-5000-001727-4ca64c52,1784798601962,1784798601963,202,1.000,warm
1724,exp-warm-5000-001720-ae2b2311,1784798601962,1784798601963,202,1.000,warm
1725,exp-warm-5000-001718-0a94177b,1784798601963,1784798601963,202,0.000,warm
1726,exp-warm-5000-001719-0209a4ef,1784798601963,1784798601963,202,0.000,warm
1727,exp-warm-5000-001721-196f820b,1784798601963,1784798601963,202,0.000,warm
1728,exp-warm-5000-001723-8e4a1469,1784798601963,1784798601963,202,0.000,warm
1729,exp-warm-5000-001735-780f12b7,1784798601963,1784798601964,202,1.000,warm
1730,exp-warm-5000-001737-e06fe953,1784798601963,1784798601964,202,1.000,warm
1731,exp-warm-5000-001736-bf269746,1784798601963,1784798601964,202,1.000,warm
1732,exp-warm-5000-001724-518bd1ec,1784798601963,1784798601964,202,1.000,warm
1733,exp-warm-5000-001731-6c224f78,1784798601963,1784798601964,202,1.000,warm
1734,exp-warm-5000-001739-61422f7d,1784798601963,1784798601965,202,2.000,warm
1735,exp-warm-5000-001744-cbf693ce,1784798601963,1784798601965,202,2.000,warm
1736,exp-warm-5000-001745-dd60d43b,1784798601963,1784798601965,202,2.000,warm
1737,exp-warm-5000-001746-b5c26211,1784798601963,1784798601965,202,2.000,warm
1738,exp-warm-5000-001728-16951170,1784798601964,1784798601964,202,0.000,warm
1739,exp-warm-5000-001729-7cd8018d,1784798601964,1784798601964,202,0.000,warm
1740,exp-warm-5000-001730-e98bfd26,1784798601964,1784798601964,202,0.000,warm
1741,exp-warm-5000-001748-69e814d1,1784798601964,1784798601965,202,1.000,warm
1742,exp-warm-5000-001747-1c766f99,1784798601964,1784798601965,202,1.000,warm
1743,exp-warm-5000-001750-3534b39c,1784798601964,1784798601965,202,1.000,warm
1744,exp-warm-5000-001749-f9616149,1784798601964,1784798601965,202,1.000,warm
1745,exp-warm-5000-001743-32cb18aa,1784798601964,1784798601965,202,1.000,warm
1746,exp-warm-5000-001757-e2ac4876,1784798601964,1784798601966,202,2.000,warm
1747,exp-warm-5000-001752-9bbf74e8,1784798601964,1784798601966,202,2.000,warm
1748,exp-warm-5000-001741-d29afa33,1784798601965,1784798601965,202,0.000,warm
1749,exp-warm-5000-001738-cd1bc9a1,1784798601965,1784798601965,202,0.000,warm
1750,exp-warm-5000-001734-94747f21,1784798601965,1784798601965,202,0.000,warm
1751,exp-warm-5000-001742-8e08ab00,1784798601965,1784798601965,202,0.000,warm
1752,exp-warm-5000-001740-0ddb0c5e,1784798601965,1784798601965,202,0.000,warm
1753,exp-warm-5000-001756-70f57347,1784798601965,1784798601966,202,1.000,warm
1754,exp-warm-5000-001758-48e72681,1784798601965,1784798601966,202,1.000,warm
1755,exp-warm-5000-001755-0a992fec,1784798601965,1784798601966,202,1.000,warm
1756,exp-warm-5000-001759-04a85e9b,1784798601965,1784798601967,202,2.000,warm
1757,exp-warm-5000-001753-0f83f576,1784798601966,1784798601966,202,0.000,warm
1758,exp-warm-5000-001751-58b51b2b,1784798601966,1784798601966,202,0.000,warm
1759,exp-warm-5000-001754-5e3de474,1784798601966,1784798601966,202,0.000,warm
1760,exp-warm-5000-001765-9c8bd7c6,1784798601966,1784798601967,202,1.000,warm
1761,exp-warm-5000-001766-1755387a,1784798601966,1784798601967,202,1.000,warm
1762,exp-warm-5000-001762-67a0ca90,1784798601966,1784798601967,202,1.000,warm
1763,exp-warm-5000-001763-a827da8e,1784798601966,1784798601967,202,1.000,warm
1764,exp-warm-5000-001760-b899acc8,1784798601967,1784798601967,202,0.000,warm
1765,exp-warm-5000-001761-0a806b89,1784798601967,1784798601967,202,0.000,warm
1766,exp-warm-5000-001787-3b3ab687,1784798601967,1784798601969,202,2.000,warm
1767,exp-warm-5000-001790-c8818fa9,1784798601967,1784798601969,202,2.000,warm
1768,exp-warm-5000-001794-76a0f3d1,1784798601967,1784798601970,202,3.000,warm
1769,exp-warm-5000-001808-1d285ae6,1784798601967,1784798601971,202,4.000,warm
1770,exp-warm-5000-001764-b772dafa,1784798601968,1784798601969,202,1.000,warm
1771,exp-warm-5000-001788-4f7dab58,1784798601968,1784798601969,202,1.000,warm
1772,exp-warm-5000-001791-077adf87,1784798601968,1784798601969,202,1.000,warm
1773,exp-warm-5000-001789-9a8eb69e,1784798601968,1784798601969,202,1.000,warm
1774,exp-warm-5000-001781-efa0dbab,1784798601968,1784798601970,202,2.000,warm
1775,exp-warm-5000-001797-1b56f5b3,1784798601968,1784798601970,202,2.000,warm
1776,exp-warm-5000-001801-c2c6011f,1784798601968,1784798601971,202,3.000,warm
1777,exp-warm-5000-001799-068ba600,1784798601969,1784798601970,202,1.000,warm
1778,exp-warm-5000-001792-79ab4c0b,1784798601969,1784798601970,202,1.000,warm
1779,exp-warm-5000-001795-0ea218ce,1784798601969,1784798601970,202,1.000,warm
1780,exp-warm-5000-001779-632bfc40,1784798601969,1784798601970,202,1.000,warm
1781,exp-warm-5000-001796-580394df,1784798601969,1784798601971,202,2.000,warm
1782,exp-warm-5000-001813-d6a8e5b9,1784798601969,1784798601972,202,3.000,warm
1783,exp-warm-5000-001818-1b2a6015,1784798601969,1784798601973,202,4.000,warm
1784,exp-warm-5000-001785-08272276,1784798601970,1784798601970,202,0.000,warm
1785,exp-warm-5000-001793-3f578c61,1784798601970,1784798601970,202,0.000,warm
1786,exp-warm-5000-001780-3e8eb45d,1784798601970,1784798601970,202,0.000,warm
1787,exp-warm-5000-001783-5e1919b7,1784798601970,1784798601970,202,0.000,warm
1788,exp-warm-5000-001786-45329d11,1784798601970,1784798601970,202,0.000,warm
1789,exp-warm-5000-001798-9ce56ee5,1784798601970,1784798601970,202,0.000,warm
1790,exp-warm-5000-001784-a76b63bd,1784798601970,1784798601970,202,0.000,warm
1791,exp-warm-5000-001806-7766ac1e,1784798601970,1784798601971,202,1.000,warm
1792,exp-warm-5000-001782-3abd8ef3,1784798601970,1784798601971,202,1.000,warm
1793,exp-warm-5000-001803-97689fe8,1784798601970,1784798601971,202,1.000,warm
1794,exp-warm-5000-001800-5993950d,1784798601970,1784798601971,202,1.000,warm
1795,exp-warm-5000-001817-1a77188c,1784798601970,1784798601973,202,3.000,warm
1796,exp-warm-5000-001802-e4dfa740,1784798601971,1784798601971,202,0.000,warm
1797,exp-warm-5000-001804-535b8e3a,1784798601971,1784798601971,202,0.000,warm
1798,exp-warm-5000-001805-abf946a5,1784798601971,1784798601971,202,0.000,warm
1799,exp-warm-5000-001812-3e59120a,1784798601971,1784798601972,202,1.000,warm
1800,exp-warm-5000-001811-7bf95cfa,1784798601971,1784798601972,202,1.000,warm
1801,exp-warm-5000-001810-f9a99872,1784798601971,1784798601972,202,1.000,warm
1802,exp-warm-5000-001769-df337456,1784798601971,1784798601973,202,2.000,warm
1803,exp-warm-5000-001767-6b21616f,1784798601971,1784798601973,202,2.000,warm
1804,exp-warm-5000-001771-af186cb5,1784798601971,1784798601973,202,2.000,warm
1805,exp-warm-5000-001823-28be9c40,1784798601971,1784798601973,202,2.000,warm
1806,exp-warm-5000-001777-971f3018,1784798601972,1784798601972,202,0.000,warm
1807,exp-warm-5000-001778-3b31dc71,1784798601972,1784798601972,202,0.000,warm
1808,exp-warm-5000-001807-c141a941,1784798601972,1784798601972,202,0.000,warm
1809,exp-warm-5000-001775-0905c868,1784798601972,1784798601972,202,0.000,warm
1810,exp-warm-5000-001774-5ad7bff6,1784798601972,1784798601972,202,0.000,warm
1811,exp-warm-5000-001776-c5c32dfa,1784798601972,1784798601972,202,0.000,warm
1812,exp-warm-5000-001809-db467ca4,1784798601972,1784798601972,202,0.000,warm
1813,exp-warm-5000-001773-dd3b485f,1784798601972,1784798601972,202,0.000,warm
1814,exp-warm-5000-001821-03746761,1784798601972,1784798601973,202,1.000,warm
1815,exp-warm-5000-001770-eb65e764,1784798601972,1784798601973,202,1.000,warm
1816,exp-warm-5000-001820-ec31973a,1784798601972,1784798601973,202,1.000,warm
1817,exp-warm-5000-001768-fa1c76a6,1784798601972,1784798601973,202,1.000,warm
1818,exp-warm-5000-001819-e8a3faee,1784798601972,1784798601973,202,1.000,warm
1819,exp-warm-5000-001822-8f78c319,1784798601972,1784798601973,202,1.000,warm
1820,exp-warm-5000-001829-d24d8cac,1784798601972,1784798601974,202,2.000,warm
1821,exp-warm-5000-001827-b00dbc75,1784798601972,1784798601974,202,2.000,warm
1822,exp-warm-5000-001831-779b8bf2,1784798601972,1784798601974,202,2.000,warm
1823,exp-warm-5000-001830-c86bd86f,1784798601972,1784798601974,202,2.000,warm
1824,exp-warm-5000-001837-19a7e7f6,1784798601972,1784798601975,202,3.000,warm
1825,exp-warm-5000-001772-4c3995a9,1784798601973,1784798601973,202,0.000,warm
1826,exp-warm-5000-001815-a0013c39,1784798601973,1784798601973,202,0.000,warm
1827,exp-warm-5000-001814-63909ba7,1784798601973,1784798601973,202,0.000,warm
1828,exp-warm-5000-001816-bade7e35,1784798601973,1784798601973,202,0.000,warm
1829,exp-warm-5000-001828-2e8241f8,1784798601973,1784798601974,202,1.000,warm
1830,exp-warm-5000-001832-ede15258,1784798601973,1784798601974,202,1.000,warm
1831,exp-warm-5000-001833-5ca184c1,1784798601973,1784798601974,202,1.000,warm
1832,exp-warm-5000-001838-013f76bb,1784798601973,1784798601975,202,2.000,warm
1833,exp-warm-5000-001824-303b0a60,1784798601974,1784798601974,202,0.000,warm
1834,exp-warm-5000-001826-db3a9f2d,1784798601974,1784798601974,202,0.000,warm
1835,exp-warm-5000-001825-9d1c0091,1784798601974,1784798601974,202,0.000,warm
1836,exp-warm-5000-001844-2df94673,1784798601974,1784798601975,202,1.000,warm
1837,exp-warm-5000-001841-0a6c99e9,1784798601974,1784798601975,202,1.000,warm
1838,exp-warm-5000-001842-a458906d,1784798601974,1784798601975,202,1.000,warm
1839,exp-warm-5000-001840-43083779,1784798601974,1784798601976,202,2.000,warm
1840,exp-warm-5000-001848-0f7dad57,1784798601974,1784798601976,202,2.000,warm
1841,exp-warm-5000-001835-d903a1bf,1784798601975,1784798601975,202,0.000,warm
1842,exp-warm-5000-001834-4316d6bb,1784798601975,1784798601975,202,0.000,warm
1843,exp-warm-5000-001836-d90d1593,1784798601975,1784798601975,202,0.000,warm
1844,exp-warm-5000-001850-e391a2c5,1784798601975,1784798601976,202,1.000,warm
1845,exp-warm-5000-001851-65e500f9,1784798601975,1784798601976,202,1.000,warm
1846,exp-warm-5000-001853-4bf05016,1784798601975,1784798601976,202,1.000,warm
1847,exp-warm-5000-001875-511e4acc,1784798601975,1784798601979,202,4.000,warm
1848,exp-warm-5000-001845-4e1ecd87,1784798601976,1784798601976,202,0.000,warm
1849,exp-warm-5000-001846-f380ab56,1784798601976,1784798601976,202,0.000,warm
1850,exp-warm-5000-001839-2d6064ff,1784798601976,1784798601976,202,0.000,warm
1851,exp-warm-5000-001849-4a927f26,1784798601976,1784798601976,202,0.000,warm
1852,exp-warm-5000-001861-6cdcd5c9,1784798601976,1784798601977,202,1.000,warm
1853,exp-warm-5000-001857-307d20e7,1784798601976,1784798601977,202,1.000,warm
1854,exp-warm-5000-001862-f5b8e903,1784798601976,1784798601977,202,1.000,warm
1855,exp-warm-5000-001855-1fd8633d,1784798601976,1784798601977,202,1.000,warm
1856,exp-warm-5000-001854-43131e45,1784798601977,1784798601977,202,0.000,warm
1857,exp-warm-5000-001856-71567951,1784798601977,1784798601977,202,0.000,warm
1858,exp-warm-5000-001858-7c63d8be,1784798601977,1784798601977,202,0.000,warm
1859,exp-warm-5000-001847-a877bb85,1784798601977,1784798601977,202,0.000,warm
1860,exp-warm-5000-001859-d0b9be61,1784798601977,1784798601977,202,0.000,warm
1861,exp-warm-5000-001868-7764eb9f,1784798601977,1784798601978,202,1.000,warm
1862,exp-warm-5000-001865-8bf16c12,1784798601977,1784798601978,202,1.000,warm
1863,exp-warm-5000-001869-b6eae987,1784798601977,1784798601978,202,1.000,warm
1864,exp-warm-5000-001866-4a5d0163,1784798601977,1784798601978,202,1.000,warm
1865,exp-warm-5000-001878-d042ffe5,1784798601977,1784798601979,202,2.000,warm
1866,exp-warm-5000-001879-d272ff38,1784798601977,1784798601979,202,2.000,warm
1867,exp-warm-5000-001885-83b65668,1784798601977,1784798601980,202,3.000,warm
1868,exp-warm-5000-001896-b0b5d6ae,1784798601977,1784798601980,202,3.000,warm
1869,exp-warm-5000-001889-c30ed051,1784798601977,1784798601980,202,3.000,warm
1870,exp-warm-5000-001881-10a44bd3,1784798601977,1784798601980,202,3.000,warm
1871,exp-warm-5000-001864-cb7cf7b1,1784798601978,1784798601978,202,0.000,warm
1872,exp-warm-5000-001867-f93f4e9e,1784798601978,1784798601978,202,0.000,warm
1873,exp-warm-5000-001863-d774bd7b,1784798601978,1784798601978,202,0.000,warm
1874,exp-warm-5000-001860-ce745fa3,1784798601978,1784798601978,202,0.000,warm
1875,exp-warm-5000-001876-01a49226,1784798601978,1784798601979,202,1.000,warm
1876,exp-warm-5000-001880-c3fc2cbd,1784798601978,1784798601979,202,1.000,warm
1877,exp-warm-5000-001883-0cb64e41,1784798601978,1784798601979,202,1.000,warm
1878,exp-warm-5000-001874-8b0b1e68,1784798601978,1784798601979,202,1.000,warm
1879,exp-warm-5000-001877-d687db13,1784798601978,1784798601979,202,1.000,warm
1880,exp-warm-5000-001870-c741bf6b,1784798601978,1784798601979,202,1.000,warm
1881,exp-warm-5000-001871-845538e7,1784798601979,1784798601979,202,0.000,warm
1882,exp-warm-5000-001872-2edd5e07,1784798601979,1784798601979,202,0.000,warm
1883,exp-warm-5000-001873-31e9e27f,1784798601979,1784798601979,202,0.000,warm
1884,exp-warm-5000-001893-b0e3f2eb,1784798601979,1784798601980,202,1.000,warm
1885,exp-warm-5000-001892-651cbb83,1784798601979,1784798601980,202,1.000,warm
1886,exp-warm-5000-001894-8f5f43ea,1784798601979,1784798601980,202,1.000,warm
1887,exp-warm-5000-001891-16ed78f0,1784798601979,1784798601980,202,1.000,warm
1888,exp-warm-5000-001895-7e549260,1784798601979,1784798601980,202,1.000,warm
1889,exp-warm-5000-001888-1b4da2b4,1784798601979,1784798601980,202,1.000,warm
1890,exp-warm-5000-001898-700004c3,1784798601979,1784798601980,202,1.000,warm
1891,exp-warm-5000-001899-53f1f7c6,1784798601979,1784798601980,202,1.000,warm
1892,exp-warm-5000-001886-9b448930,1784798601979,1784798601980,202,1.000,warm
1893,exp-warm-5000-001897-19368af1,1784798601979,1784798601980,202,1.000,warm
1894,exp-warm-5000-001887-ffc192fb,1784798601980,1784798601980,202,0.000,warm
1895,exp-warm-5000-001884-df726cfd,1784798601980,1784798601980,202,0.000,warm
1896,exp-warm-5000-001890-01cb8d8a,1784798601980,1784798601980,202,0.000,warm
1897,exp-warm-5000-001882-e60e0d7c,1784798601980,1784798601980,202,0.000,warm
1898,exp-warm-5000-001904-d2e135b5,1784798601980,1784798601981,202,1.000,warm
1899,exp-warm-5000-001905-5d1d097c,1784798601980,1784798601981,202,1.000,warm
1900,exp-warm-5000-001906-f737f8ee,1784798601980,1784798601981,202,1.000,warm
1901,exp-warm-5000-001903-f604570d,1784798601980,1784798601981,202,1.000,warm
1902,exp-warm-5000-001932-47297b08,1784798601980,1784798601983,202,3.000,warm
1903,exp-warm-5000-001843-250a6bec,1784798601981,1784798601981,202,0.000,warm
1904,exp-warm-5000-001900-b3a03f11,1784798601981,1784798601981,202,0.000,warm
1905,exp-warm-5000-001901-817849e0,1784798601981,1784798601981,202,0.000,warm
1906,exp-warm-5000-001902-5e4da225,1784798601981,1784798601981,202,0.000,warm
1907,exp-warm-5000-001852-49a1432a,1784798601981,1784798601981,202,0.000,warm
1908,exp-warm-5000-001915-5ef90b6c,1784798601981,1784798601982,202,1.000,warm
1909,exp-warm-5000-001911-516fecb6,1784798601981,1784798601982,202,1.000,warm
1910,exp-warm-5000-001916-0338b8b0,1784798601981,1784798601982,202,1.000,warm
1911,exp-warm-5000-001913-6b380e58,1784798601981,1784798601982,202,1.000,warm
1912,exp-warm-5000-001929-5b5e4723,1784798601981,1784798601983,202,2.000,warm
1913,exp-warm-5000-001931-c8f83550,1784798601981,1784798601983,202,2.000,warm
1914,exp-warm-5000-001926-9b77129a,1784798601981,1784798601984,202,3.000,warm
1915,exp-warm-5000-001908-edadf446,1784798601982,1784798601982,202,0.000,warm
1916,exp-warm-5000-001910-fc9b3ac7,1784798601982,1784798601982,202,0.000,warm
1917,exp-warm-5000-001909-ef4bce61,1784798601982,1784798601982,202,0.000,warm
1918,exp-warm-5000-001907-f6a84c07,1784798601982,1784798601982,202,0.000,warm
1919,exp-warm-5000-001912-adc5ff24,1784798601982,1784798601982,202,0.000,warm
1920,exp-warm-5000-001914-d818c90b,1784798601982,1784798601983,202,1.000,warm
1921,exp-warm-5000-001917-33282489,1784798601982,1784798601983,202,1.000,warm
1922,exp-warm-5000-001934-777b7e86,1784798601982,1784798601983,202,1.000,warm
1923,exp-warm-5000-001927-c60d7a5b,1784798601982,1784798601984,202,2.000,warm
1924,exp-warm-5000-001933-812f5161,1784798601982,1784798601984,202,2.000,warm
1925,exp-warm-5000-001925-3794b0db,1784798601982,1784798601985,202,3.000,warm
1926,exp-warm-5000-001938-5ce94ed6,1784798601983,1784798601984,202,1.000,warm
1927,exp-warm-5000-001941-d644a234,1784798601983,1784798601984,202,1.000,warm
1928,exp-warm-5000-001937-1bcb6f4f,1784798601983,1784798601984,202,1.000,warm
1929,exp-warm-5000-001918-4d3fdcfd,1784798601983,1784798601984,202,1.000,warm
1930,exp-warm-5000-001942-f23298f8,1784798601983,1784798601984,202,1.000,warm
1931,exp-warm-5000-001943-89b52085,1784798601983,1784798601984,202,1.000,warm
1932,exp-warm-5000-001939-06e01b81,1784798601983,1784798601984,202,1.000,warm
1933,exp-warm-5000-001935-daca3068,1784798601984,1784798601984,202,0.000,warm
1934,exp-warm-5000-001930-2492d141,1784798601984,1784798601984,202,0.000,warm
1935,exp-warm-5000-001936-d0c6e193,1784798601984,1784798601984,202,0.000,warm
1936,exp-warm-5000-001928-d7dcfdd2,1784798601984,1784798601984,202,0.000,warm
1937,exp-warm-5000-001940-885e2a38,1784798601984,1784798601984,202,0.000,warm
1938,exp-warm-5000-001946-229a1e8f,1784798601984,1784798601985,202,1.000,warm
1939,exp-warm-5000-001922-3d77fd82,1784798601984,1784798601985,202,1.000,warm
1940,exp-warm-5000-001953-db6fac7e,1784798601984,1784798601986,202,2.000,warm
1941,exp-warm-5000-001954-37ddeacf,1784798601984,1784798601987,202,3.000,warm
1942,exp-warm-5000-001958-9c54a688,1784798601984,1784798601987,202,3.000,warm
1943,exp-warm-5000-001944-8d5cba5e,1784798601985,1784798601985,202,0.000,warm
1944,exp-warm-5000-001923-1481a5e5,1784798601985,1784798601985,202,0.000,warm
1945,exp-warm-5000-001924-0ebacd77,1784798601985,1784798601985,202,0.000,warm
1946,exp-warm-5000-001945-7c7026ad,1784798601985,1784798601985,202,0.000,warm
1947,exp-warm-5000-001952-68b51f6f,1784798601985,1784798601986,202,1.000,warm
1948,exp-warm-5000-001948-1d08aca8,1784798601985,1784798601986,202,1.000,warm
1949,exp-warm-5000-001967-d05b18ad,1784798601985,1784798601988,202,3.000,warm
1950,exp-warm-5000-001947-f30168f5,1784798601986,1784798601986,202,0.000,warm
1951,exp-warm-5000-001950-cc724e15,1784798601986,1784798601986,202,0.000,warm
1952,exp-warm-5000-001951-45723a5b,1784798601986,1784798601986,202,0.000,warm
1953,exp-warm-5000-001949-d7738a85,1784798601986,1784798601986,202,0.000,warm
1954,exp-warm-5000-001959-0f4acb30,1784798601986,1784798601987,202,1.000,warm
1955,exp-warm-5000-001960-d371763f,1784798601986,1784798601987,202,1.000,warm
1956,exp-warm-5000-001957-d0a0d750,1784798601986,1784798601987,202,1.000,warm
1957,exp-warm-5000-001955-8aa775f3,1784798601987,1784798601987,202,0.000,warm
1958,exp-warm-5000-001956-540b25c7,1784798601987,1784798601987,202,0.000,warm
1959,exp-warm-5000-001966-82ac64a7,1784798601987,1784798601988,202,1.000,warm
1960,exp-warm-5000-001968-316822ef,1784798601987,1784798601988,202,1.000,warm
1961,exp-warm-5000-001969-43b39667,1784798601987,1784798601988,202,1.000,warm
1962,exp-warm-5000-001963-f3011f74,1784798601987,1784798601988,202,1.000,warm
1963,exp-warm-5000-001961-6e15937c,1784798601987,1784798601988,202,1.000,warm
1964,exp-warm-5000-001920-51dc0a2f,1784798601987,1784798601989,202,2.000,warm
1965,exp-warm-5000-001962-1c70f62d,1784798601988,1784798601988,202,0.000,warm
1966,exp-warm-5000-001965-d692e7ba,1784798601988,1784798601988,202,0.000,warm
1967,exp-warm-5000-001964-7de2d9de,1784798601988,1784798601988,202,0.000,warm
1968,exp-warm-5000-001970-462920c4,1784798601988,1784798601989,202,1.000,warm
1969,exp-warm-5000-001974-93d7b721,1784798601988,1784798601989,202,1.000,warm
1970,exp-warm-5000-001975-0e50739c,1784798601988,1784798601989,202,1.000,warm
1971,exp-warm-5000-001977-8c1f3ca1,1784798601988,1784798601989,202,1.000,warm
1972,exp-warm-5000-001971-2f879f9c,1784798601988,1784798601989,202,1.000,warm
1973,exp-warm-5000-001972-255982e7,1784798601989,1784798601989,202,0.000,warm
1974,exp-warm-5000-001921-6fcefb4e,1784798601989,1784798601989,202,0.000,warm
1975,exp-warm-5000-001973-f2c7f87a,1784798601989,1784798601989,202,0.000,warm
1976,exp-warm-5000-001981-909e25b3,1784798601989,1784798601990,202,1.000,warm
1977,exp-warm-5000-001978-e84f5303,1784798601990,1784798601990,202,0.000,warm
1978,exp-warm-5000-001976-1eb72400,1784798601990,1784798601990,202,0.000,warm
1979,exp-warm-5000-001919-d5c6ce45,1784798601990,1784798601990,202,0.000,warm
1980,exp-warm-5000-001979-5173e9c5,1784798601990,1784798601990,202,0.000,warm
1981,exp-warm-5000-001980-409cb283,1784798601990,1784798601990,202,0.000,warm
1982,exp-warm-5000-001982-ab891d84,1784798601990,1784798601990,202,0.000,warm
1983,exp-warm-5000-001997-ca27aff1,1784798601990,1784798601991,202,1.000,warm
1984,exp-warm-5000-001995-f9d93150,1784798601990,1784798601991,202,1.000,warm
1985,exp-warm-5000-001998-0eaba8a8,1784798601990,1784798601991,202,1.000,warm
1986,exp-warm-5000-001985-97874e25,1784798601990,1784798601991,202,1.000,warm
1987,exp-warm-5000-001994-9e94b5af,1784798601990,1784798601991,202,1.000,warm
1988,exp-warm-5000-001993-c8d31252,1784798601990,1784798601991,202,1.000,warm
1989,exp-warm-5000-001996-2ada3d42,1784798601990,1784798601991,202,1.000,warm
1990,exp-warm-5000-001999-5c56f60f,1784798601990,1784798601991,202,1.000,warm
1991,exp-warm-5000-001990-3ce39de1,1784798601990,1784798601991,202,1.000,warm
1992,exp-warm-5000-001989-39f51cd3,1784798601990,1784798601991,202,1.000,warm
1993,exp-warm-5000-002005-3bfdd4f9,1784798601990,1784798601992,202,2.000,warm
1994,exp-warm-5000-001986-708b7630,1784798601991,1784798601991,202,0.000,warm
1995,exp-warm-5000-001988-31789afb,1784798601991,1784798601991,202,0.000,warm
1996,exp-warm-5000-001984-e93980b4,1784798601991,1784798601991,202,0.000,warm
1997,exp-warm-5000-001987-20224738,1784798601991,1784798601991,202,0.000,warm
1998,exp-warm-5000-001983-0fdd10d1,1784798601991,1784798601991,202,0.000,warm
1999,exp-warm-5000-002004-ab7cc6d8,1784798601991,1784798601992,202,1.000,warm
2000,exp-warm-5000-002003-e8213ecb,1784798601991,1784798601992,202,1.000,warm
2001,exp-warm-5000-002007-f3c38eba,1784798601991,1784798601992,202,1.000,warm
2002,exp-warm-5000-002009-8c0c3569,1784798601991,1784798601992,202,1.000,warm
2003,exp-warm-5000-002001-08a27ed6,1784798601991,1784798601992,202,1.000,warm
2004,exp-warm-5000-001992-01ef4833,1784798601991,1784798601992,202,1.000,warm
2005,exp-warm-5000-002006-c918b719,1784798601991,1784798601992,202,1.000,warm
2006,exp-warm-5000-002019-b95736a4,1784798601991,1784798601993,202,2.000,warm
2007,exp-warm-5000-002023-4d6c1649,1784798601991,1784798601994,202,3.000,warm
2008,exp-warm-5000-002000-2602e8e7,1784798601992,1784798601992,202,0.000,warm
2009,exp-warm-5000-001991-6ac6e4d1,1784798601992,1784798601992,202,0.000,warm
2010,exp-warm-5000-002002-796e628e,1784798601992,1784798601992,202,0.000,warm
2011,exp-warm-5000-002013-ee8fd81d,1784798601992,1784798601993,202,1.000,warm
2012,exp-warm-5000-002008-6c292afd,1784798601992,1784798601993,202,1.000,warm
2013,exp-warm-5000-002020-477f2ad6,1784798601992,1784798601993,202,1.000,warm
2014,exp-warm-5000-002018-b88559e1,1784798601992,1784798601993,202,1.000,warm
2015,exp-warm-5000-002010-e3e1dcd7,1784798601993,1784798601993,202,0.000,warm
2016,exp-warm-5000-002011-02b76d9c,1784798601993,1784798601993,202,0.000,warm
2017,exp-warm-5000-002015-9a9d0bda,1784798601993,1784798601993,202,0.000,warm
2018,exp-warm-5000-002012-4738e612,1784798601993,1784798601993,202,0.000,warm
2019,exp-warm-5000-002017-049b90df,1784798601993,1784798601993,202,0.000,warm
2020,exp-warm-5000-002016-c140aa4f,1784798601993,1784798601993,202,0.000,warm
2021,exp-warm-5000-002014-e8ca3324,1784798601993,1784798601993,202,0.000,warm
2022,exp-warm-5000-002025-c97e5e90,1784798601993,1784798601994,202,1.000,warm
2023,exp-warm-5000-002021-f8dac5d7,1784798601993,1784798601994,202,1.000,warm
2024,exp-warm-5000-002027-5abce3d8,1784798601993,1784798601994,202,1.000,warm
2025,exp-warm-5000-002026-3b30ee4f,1784798601993,1784798601994,202,1.000,warm
2026,exp-warm-5000-002031-ee5c6c61,1784798601993,1784798601995,202,2.000,warm
2027,exp-warm-5000-002022-009c028f,1784798601994,1784798601994,202,0.000,warm
2028,exp-warm-5000-002024-b62296de,1784798601994,1784798601994,202,0.000,warm
2029,exp-warm-5000-002029-d16bb8dd,1784798601994,1784798601995,202,1.000,warm
2030,exp-warm-5000-002032-d6614014,1784798601994,1784798601995,202,1.000,warm
2031,exp-warm-5000-002034-f6c8df9a,1784798601994,1784798601996,202,2.000,warm
2032,exp-warm-5000-002028-f1e999cc,1784798601995,1784798601995,202,0.000,warm
2033,exp-warm-5000-002030-1e1428c1,1784798601995,1784798601995,202,0.000,warm
2034,exp-warm-5000-002033-59a2f472,1784798601995,1784798601996,202,1.000,warm
2035,exp-warm-5000-002036-3f2f135f,1784798601995,1784798601997,202,2.000,warm
2036,exp-warm-5000-002038-f8686517,1784798601996,1784798601997,202,1.000,warm
2037,exp-warm-5000-002035-f839b584,1784798601996,1784798601997,202,1.000,warm
2038,exp-warm-5000-002040-7fba5233,1784798601996,1784798601997,202,1.000,warm
2039,exp-warm-5000-002039-d1907aa3,1784798601996,1784798601997,202,1.000,warm
2040,exp-warm-5000-002037-2a48050d,1784798601996,1784798601997,202,1.000,warm
2041,exp-warm-5000-002046-36eedbaa,1784798601996,1784798601998,202,2.000,warm
2042,exp-warm-5000-002043-999ccc62,1784798601996,1784798601998,202,2.000,warm
2043,exp-warm-5000-002045-91623a42,1784798601997,1784798601998,202,1.000,warm
2044,exp-warm-5000-002049-1f906411,1784798601997,1784798601998,202,1.000,warm
2045,exp-warm-5000-002047-57df1898,1784798601997,1784798601998,202,1.000,warm
2046,exp-warm-5000-002048-57f3383e,1784798601997,1784798601998,202,1.000,warm
2047,exp-warm-5000-002041-f8670bb6,1784798601998,1784798601998,202,0.000,warm
2048,exp-warm-5000-002042-0a27b0dd,1784798601998,1784798601998,202,0.000,warm
2049,exp-warm-5000-002044-eb262088,1784798601998,1784798601998,202,0.000,warm
2050,exp-warm-5000-002057-6cfde250,1784798601998,1784798601999,202,1.000,warm
2051,exp-warm-5000-002058-578027f0,1784798601998,1784798601999,202,1.000,warm
2052,exp-warm-5000-002050-14d41557,1784798601999,1784798601999,202,0.000,warm
2053,exp-warm-5000-002054-e337196b,1784798601999,1784798601999,202,0.000,warm
2054,exp-warm-5000-002051-3d04b0ca,1784798601999,1784798601999,202,0.000,warm
2055,exp-warm-5000-002053-b268e559,1784798601999,1784798601999,202,0.000,warm
2056,exp-warm-5000-002055-78e6ffcf,1784798601999,1784798601999,202,0.000,warm
2057,exp-warm-5000-002056-efde9909,1784798601999,1784798601999,202,0.000,warm
2058,exp-warm-5000-002052-1351b2fb,1784798601999,1784798601999,202,0.000,warm
2059,exp-warm-5000-002061-338ef473,1784798601999,1784798602000,202,1.000,warm
2060,exp-warm-5000-002062-70938ba1,1784798601999,1784798602000,202,1.000,warm
2061,exp-warm-5000-002065-115a2660,1784798601999,1784798602000,202,1.000,warm
2062,exp-warm-5000-002060-b80bace6,1784798602000,1784798602000,202,0.000,warm
2063,exp-warm-5000-002059-77a7e3ec,1784798602000,1784798602000,202,0.000,warm
2064,exp-warm-5000-002063-f1b0186e,1784798602000,1784798602001,202,1.000,warm
2065,exp-warm-5000-002068-60a67985,1784798602000,1784798602001,202,1.000,warm
2066,exp-warm-5000-002071-43604e3e,1784798602000,1784798602001,202,1.000,warm
2067,exp-warm-5000-002064-60ca4d39,1784798602000,1784798602001,202,1.000,warm
2068,exp-warm-5000-002070-8e03e9c0,1784798602000,1784798602001,202,1.000,warm
2069,exp-warm-5000-002069-9338832a,1784798602000,1784798602001,202,1.000,warm
2070,exp-warm-5000-002066-bb1acaef,1784798602001,1784798602001,202,0.000,warm
2071,exp-warm-5000-002067-a0e23b16,1784798602001,1784798602001,202,0.000,warm
2072,exp-warm-5000-002072-a0a02415,1784798602001,1784798602002,202,1.000,warm
2073,exp-warm-5000-002080-fb395cc8,1784798602001,1784798602002,202,1.000,warm
2074,exp-warm-5000-002074-ec5a4bf3,1784798602001,1784798602002,202,1.000,warm
2075,exp-warm-5000-002081-be68780e,1784798602001,1784798602002,202,1.000,warm
2076,exp-warm-5000-002083-59d61ba4,1784798602001,1784798602002,202,1.000,warm
2077,exp-warm-5000-002079-0318a2f1,1784798602001,1784798602002,202,1.000,warm
2078,exp-warm-5000-002073-52b1f78c,1784798602001,1784798602002,202,1.000,warm
2079,exp-warm-5000-002087-55005eef,1784798602001,1784798602003,202,2.000,warm
2080,exp-warm-5000-002075-85afd456,1784798602002,1784798602002,202,0.000,warm
2081,exp-warm-5000-002076-6738dc58,1784798602002,1784798602002,202,0.000,warm
2082,exp-warm-5000-002077-62be1884,1784798602002,1784798602002,202,0.000,warm
2083,exp-warm-5000-002078-0d3c021b,1784798602002,1784798602002,202,0.000,warm
2084,exp-warm-5000-002089-0a368204,1784798602002,1784798602003,202,1.000,warm
2085,exp-warm-5000-002088-725a9928,1784798602002,1784798602003,202,1.000,warm
2086,exp-warm-5000-002091-900e7473,1784798602002,1784798602003,202,1.000,warm
2087,exp-warm-5000-002092-e5985c6a,1784798602002,1784798602003,202,1.000,warm
2088,exp-warm-5000-002082-5f3d387c,1784798602002,1784798602003,202,1.000,warm
2089,exp-warm-5000-002103-c136de65,1784798602002,1784798602004,202,2.000,warm
2090,exp-warm-5000-002085-e05c50f7,1784798602003,1784798602003,202,0.000,warm
2091,exp-warm-5000-002084-cd3d4c88,1784798602003,1784798602003,202,0.000,warm
2092,exp-warm-5000-002086-d7fc8f6a,1784798602003,1784798602003,202,0.000,warm
2093,exp-warm-5000-002097-5b9a2df1,1784798602003,1784798602004,202,1.000,warm
2094,exp-warm-5000-002098-b51a8fb8,1784798602003,1784798602004,202,1.000,warm
2095,exp-warm-5000-002095-28fd4ea8,1784798602003,1784798602004,202,1.000,warm
2096,exp-warm-5000-002094-e5ed675d,1784798602003,1784798602004,202,1.000,warm
2097,exp-warm-5000-002102-d4a91918,1784798602003,1784798602004,202,1.000,warm
2098,exp-warm-5000-002104-ba81818a,1784798602003,1784798602004,202,1.000,warm
2099,exp-warm-5000-002105-dc68135f,1784798602003,1784798602004,202,1.000,warm
2100,exp-warm-5000-002101-9f4f36bd,1784798602003,1784798602004,202,1.000,warm
2101,exp-warm-5000-002169-c749eada,1784798602003,1784798602010,202,7.000,warm
2102,exp-warm-5000-002093-debfe60b,1784798602004,1784798602004,202,0.000,warm
2103,exp-warm-5000-002100-914a23f6,1784798602004,1784798602004,202,0.000,warm
2104,exp-warm-5000-002099-156d5ac7,1784798602004,1784798602004,202,0.000,warm
2105,exp-warm-5000-002090-2ae5e0f3,1784798602004,1784798602004,202,0.000,warm
2106,exp-warm-5000-002096-21c620f8,1784798602004,1784798602004,202,0.000,warm
2107,exp-warm-5000-002112-e35cba45,1784798602004,1784798602005,202,1.000,warm
2108,exp-warm-5000-002113-4135d2e3,1784798602004,1784798602005,202,1.000,warm
2109,exp-warm-5000-002115-e50e9c8a,1784798602004,1784798602005,202,1.000,warm
2110,exp-warm-5000-002116-e6325393,1784798602004,1784798602005,202,1.000,warm
2111,exp-warm-5000-002114-7db007b7,1784798602004,1784798602005,202,1.000,warm
2112,exp-warm-5000-002107-85ef4597,1784798602004,1784798602005,202,1.000,warm
2113,exp-warm-5000-002111-60897202,1784798602004,1784798602005,202,1.000,warm
2114,exp-warm-5000-002146-6db1085c,1784798602004,1784798602009,202,5.000,warm
2115,exp-warm-5000-002106-0dd2c3e7,1784798602005,1784798602005,202,0.000,warm
2116,exp-warm-5000-002108-d44c03b2,1784798602005,1784798602005,202,0.000,warm
2117,exp-warm-5000-002110-65afedd8,1784798602005,1784798602005,202,0.000,warm
2118,exp-warm-5000-002109-e361b55f,1784798602005,1784798602005,202,0.000,warm
2119,exp-warm-5000-002125-56b71a3b,1784798602005,1784798602006,202,1.000,warm
2120,exp-warm-5000-002124-3d6b7278,1784798602005,1784798602006,202,1.000,warm
2121,exp-warm-5000-002126-be5cd510,1784798602005,1784798602006,202,1.000,warm
2122,exp-warm-5000-002120-dea45a60,1784798602005,1784798602006,202,1.000,warm
2123,exp-warm-5000-002159-5aba792f,1784798602005,1784798602010,202,5.000,warm
2124,exp-warm-5000-002170-80a131be,1784798602005,1784798602010,202,5.000,warm
2125,exp-warm-5000-002173-bf614b7e,1784798602005,1784798602011,202,6.000,warm
2126,exp-warm-5000-002119-f90edaad,1784798602006,1784798602006,202,0.000,warm
2127,exp-warm-5000-002117-01189d55,1784798602006,1784798602006,202,0.000,warm
2128,exp-warm-5000-002121-15ecee97,1784798602006,1784798602006,202,0.000,warm
2129,exp-warm-5000-002123-51604aed,1784798602006,1784798602006,202,0.000,warm
2130,exp-warm-5000-002122-4d824800,1784798602006,1784798602006,202,0.000,warm
2131,exp-warm-5000-002118-df7fbf3d,1784798602006,1784798602006,202,0.000,warm
2132,exp-warm-5000-002128-fe0782fb,1784798602006,1784798602007,202,1.000,warm
2133,exp-warm-5000-002132-9e6cef63,1784798602006,1784798602007,202,1.000,warm
2134,exp-warm-5000-002137-40b5a228,1784798602006,1784798602008,202,2.000,warm
2135,exp-warm-5000-002141-dafa60dd,1784798602006,1784798602008,202,2.000,warm
2136,exp-warm-5000-002171-50524a2a,1784798602006,1784798602011,202,5.000,warm
2137,exp-warm-5000-002182-200b1786,1784798602006,1784798602012,202,6.000,warm
2138,exp-warm-5000-002181-c222545e,1784798602006,1784798602012,202,6.000,warm
2139,exp-warm-5000-002129-2985d78c,1784798602007,1784798602007,202,0.000,warm
2140,exp-warm-5000-002131-8228e10d,1784798602007,1784798602007,202,0.000,warm
2141,exp-warm-5000-002127-3d713895,1784798602007,1784798602007,202,0.000,warm
2142,exp-warm-5000-002133-11d7c89b,1784798602007,1784798602007,202,0.000,warm
2143,exp-warm-5000-002130-be4c5fe3,1784798602007,1784798602007,202,0.000,warm
2144,exp-warm-5000-002143-bf8ab35f,1784798602007,1784798602008,202,1.000,warm
2145,exp-warm-5000-002139-67da0af8,1784798602007,1784798602008,202,1.000,warm
2146,exp-warm-5000-002144-1aa934ca,1784798602007,1784798602008,202,1.000,warm
2147,exp-warm-5000-002140-eb9911e5,1784798602007,1784798602008,202,1.000,warm
2148,exp-warm-5000-002138-cfb1e47c,1784798602007,1784798602008,202,1.000,warm
2149,exp-warm-5000-002145-222960f7,1784798602007,1784798602009,202,2.000,warm
2150,exp-warm-5000-002134-09675962,1784798602008,1784798602008,202,0.000,warm
2151,exp-warm-5000-002135-9c0d5043,1784798602008,1784798602008,202,0.000,warm
2152,exp-warm-5000-002136-f5aecd6a,1784798602008,1784798602008,202,0.000,warm
2153,exp-warm-5000-002153-1a3d708d,1784798602008,1784798602009,202,1.000,warm
2154,exp-warm-5000-002152-b6c80a82,1784798602008,1784798602009,202,1.000,warm
2155,exp-warm-5000-002156-1384097b,1784798602008,1784798602009,202,1.000,warm
2156,exp-warm-5000-002155-49ac8ad9,1784798602008,1784798602009,202,1.000,warm
2157,exp-warm-5000-002150-7e04eb70,1784798602008,1784798602009,202,1.000,warm
2158,exp-warm-5000-002154-bd78bf0b,1784798602008,1784798602009,202,1.000,warm
2159,exp-warm-5000-002163-b3ed7554,1784798602008,1784798602010,202,2.000,warm
2160,exp-warm-5000-002158-025b1d33,1784798602008,1784798602010,202,2.000,warm
2161,exp-warm-5000-002189-bcb627b7,1784798602008,1784798602013,202,5.000,warm
2162,exp-warm-5000-002142-63cf0ce3,1784798602009,1784798602009,202,0.000,warm
2163,exp-warm-5000-002147-94a4b817,1784798602009,1784798602009,202,0.000,warm
2164,exp-warm-5000-002148-b1eea70b,1784798602009,1784798602009,202,0.000,warm
2165,exp-warm-5000-002149-0394af3d,1784798602009,1784798602009,202,0.000,warm
2166,exp-warm-5000-002151-9ac0aa69,1784798602009,1784798602009,202,0.000,warm
2167,exp-warm-5000-002162-d4bf6bca,1784798602009,1784798602010,202,1.000,warm
2168,exp-warm-5000-002164-6f23c5da,1784798602009,1784798602010,202,1.000,warm
2169,exp-warm-5000-002167-4493c0c8,1784798602009,1784798602010,202,1.000,warm
2170,exp-warm-5000-002165-a9fc779e,1784798602009,1784798602010,202,1.000,warm
2171,exp-warm-5000-002168-2e22bcd3,1784798602009,1784798602010,202,1.000,warm
2172,exp-warm-5000-002160-3b1472aa,1784798602009,1784798602010,202,1.000,warm
2173,exp-warm-5000-002166-ffae0e45,1784798602009,1784798602010,202,1.000,warm
2174,exp-warm-5000-002161-48292b26,1784798602009,1784798602010,202,1.000,warm
2175,exp-warm-5000-002157-a4209c20,1784798602010,1784798602010,202,0.000,warm
2176,exp-warm-5000-002178-61dfb782,1784798602010,1784798602011,202,1.000,warm
2177,exp-warm-5000-002177-5b4cfec0,1784798602010,1784798602011,202,1.000,warm
2178,exp-warm-5000-002175-8c9489c9,1784798602010,1784798602011,202,1.000,warm
2179,exp-warm-5000-002174-0a6f7d94,1784798602010,1784798602011,202,1.000,warm
2180,exp-warm-5000-002203-12700608,1784798602010,1784798602014,202,4.000,warm
2181,exp-warm-5000-002172-0d69005a,1784798602011,1784798602011,202,0.000,warm
2182,exp-warm-5000-002176-19d8a1d3,1784798602011,1784798602011,202,0.000,warm
2183,exp-warm-5000-002185-5dabd0c8,1784798602011,1784798602012,202,1.000,warm
2184,exp-warm-5000-002184-e87c08fe,1784798602011,1784798602012,202,1.000,warm
2185,exp-warm-5000-002179-65a76d97,1784798602011,1784798602012,202,1.000,warm
2186,exp-warm-5000-002191-add6f785,1784798602011,1784798602014,202,3.000,warm
2187,exp-warm-5000-002205-c9b5116c,1784798602011,1784798602014,202,3.000,warm
2188,exp-warm-5000-002180-0db12fe7,1784798602012,1784798602012,202,0.000,warm
2189,exp-warm-5000-002183-56b61365,1784798602012,1784798602012,202,0.000,warm
2190,exp-warm-5000-002188-db008922,1784798602012,1784798602013,202,1.000,warm
2191,exp-warm-5000-002186-37d29f9b,1784798602012,1784798602013,202,1.000,warm
2192,exp-warm-5000-002213-aac1788b,1784798602012,1784798602015,202,3.000,warm
2193,exp-warm-5000-002187-b62906d8,1784798602013,1784798602013,202,0.000,warm
2194,exp-warm-5000-002190-bd369f3e,1784798602013,1784798602013,202,0.000,warm
2195,exp-warm-5000-002201-6af8581d,1784798602013,1784798602014,202,1.000,warm
2196,exp-warm-5000-002202-afdb5a20,1784798602013,1784798602014,202,1.000,warm
2197,exp-warm-5000-002204-75eff8ba,1784798602013,1784798602014,202,1.000,warm
2198,exp-warm-5000-002197-4f27262d,1784798602013,1784798602014,202,1.000,warm
2199,exp-warm-5000-002214-c0060885,1784798602013,1784798602015,202,2.000,warm
2200,exp-warm-5000-002208-cede7cc8,1784798602013,1784798602015,202,2.000,warm
2201,exp-warm-5000-002235-8df238b1,1784798602013,1784798602017,202,4.000,warm
2202,exp-warm-5000-002193-5533ca15,1784798602014,1784798602014,202,0.000,warm
2203,exp-warm-5000-002195-9f8938f8,1784798602014,1784798602014,202,0.000,warm
2204,exp-warm-5000-002192-0335a1a5,1784798602014,1784798602014,202,0.000,warm
2205,exp-warm-5000-002194-a3eb5f04,1784798602014,1784798602014,202,0.000,warm
2206,exp-warm-5000-002196-938da869,1784798602014,1784798602014,202,0.000,warm
2207,exp-warm-5000-002198-67196256,1784798602014,1784798602014,202,0.000,warm
2208,exp-warm-5000-002199-b64549e1,1784798602014,1784798602014,202,0.000,warm
2209,exp-warm-5000-002206-c71e7c27,1784798602014,1784798602015,202,1.000,warm
2210,exp-warm-5000-002212-b1eac6ce,1784798602014,1784798602015,202,1.000,warm
2211,exp-warm-5000-002211-341f3cbc,1784798602014,1784798602015,202,1.000,warm
2212,exp-warm-5000-002226-b1ec19c6,1784798602014,1784798602017,202,3.000,warm
2213,exp-warm-5000-002207-4d5aa1ac,1784798602015,1784798602015,202,0.000,warm
2214,exp-warm-5000-002210-b8795622,1784798602015,1784798602015,202,0.000,warm
2215,exp-warm-5000-002200-d917bf7a,1784798602015,1784798602015,202,0.000,warm
2216,exp-warm-5000-002209-fbcfbeb4,1784798602015,1784798602015,202,0.000,warm
2217,exp-warm-5000-002220-8109fd36,1784798602015,1784798602016,202,1.000,warm
2218,exp-warm-5000-002218-ff852245,1784798602015,1784798602016,202,1.000,warm
2219,exp-warm-5000-002222-475bd7b2,1784798602015,1784798602016,202,1.000,warm
2220,exp-warm-5000-002221-02d64a4b,1784798602015,1784798602016,202,1.000,warm
2221,exp-warm-5000-002219-af96fe43,1784798602015,1784798602016,202,1.000,warm
2222,exp-warm-5000-002232-faccb446,1784798602015,1784798602017,202,2.000,warm
2223,exp-warm-5000-002230-2feb068a,1784798602015,1784798602017,202,2.000,warm
2224,exp-warm-5000-002239-cc868e0f,1784798602015,1784798602018,202,3.000,warm
2225,exp-warm-5000-002245-3c1359af,1784798602015,1784798602018,202,3.000,warm
2226,exp-warm-5000-002215-ea1483a0,1784798602016,1784798602016,202,0.000,warm
2227,exp-warm-5000-002216-ad1c6625,1784798602016,1784798602016,202,0.000,warm
2228,exp-warm-5000-002217-633f9e80,1784798602016,1784798602016,202,0.000,warm
2229,exp-warm-5000-002229-986255fb,1784798602016,1784798602017,202,1.000,warm
2230,exp-warm-5000-002224-ef469788,1784798602016,1784798602017,202,1.000,warm
2231,exp-warm-5000-002236-0d24e48f,1784798602016,1784798602017,202,1.000,warm
2232,exp-warm-5000-002223-7682eb8c,1784798602016,1784798602017,202,1.000,warm
2233,exp-warm-5000-002247-9739a00a,1784798602016,1784798602018,202,2.000,warm
2234,exp-warm-5000-002237-556cd4b3,1784798602016,1784798602018,202,2.000,warm
2235,exp-warm-5000-002253-77930926,1784798602016,1784798602019,202,3.000,warm
2236,exp-warm-5000-002227-414efda1,1784798602017,1784798602017,202,0.000,warm
2237,exp-warm-5000-002228-2bc626fd,1784798602017,1784798602017,202,0.000,warm
2238,exp-warm-5000-002225-372a0b00,1784798602017,1784798602017,202,0.000,warm
2239,exp-warm-5000-002233-1970133c,1784798602017,1784798602017,202,0.000,warm
2240,exp-warm-5000-002231-c0fe8a17,1784798602017,1784798602017,202,0.000,warm
2241,exp-warm-5000-002246-41ef850c,1784798602017,1784798602018,202,1.000,warm
2242,exp-warm-5000-002244-95817096,1784798602017,1784798602018,202,1.000,warm
2243,exp-warm-5000-002234-5fde9563,1784798602017,1784798602018,202,1.000,warm
2244,exp-warm-5000-002249-bbeb83fa,1784798602017,1784798602019,202,2.000,warm
2245,exp-warm-5000-002241-3debdcf4,1784798602018,1784798602018,202,0.000,warm
2246,exp-warm-5000-002242-55ae5536,1784798602018,1784798602018,202,0.000,warm
2247,exp-warm-5000-002240-0b58bb1c,1784798602018,1784798602018,202,0.000,warm
2248,exp-warm-5000-002254-9cb9aca4,1784798602018,1784798602019,202,1.000,warm
2249,exp-warm-5000-002255-c227acc3,1784798602018,1784798602019,202,1.000,warm
2250,exp-warm-5000-002265-54b4f979,1784798602018,1784798602020,202,2.000,warm
2251,exp-warm-5000-002264-14a64984,1784798602018,1784798602020,202,2.000,warm
2252,exp-warm-5000-002243-2d652040,1784798602019,1784798602019,202,0.000,warm
2253,exp-warm-5000-002250-2712d601,1784798602019,1784798602019,202,0.000,warm
2254,exp-warm-5000-002238-a023393c,1784798602019,1784798602019,202,0.000,warm
2255,exp-warm-5000-002251-aaaf16e9,1784798602019,1784798602019,202,0.000,warm
2256,exp-warm-5000-002252-f53fddc0,1784798602019,1784798602019,202,0.000,warm
2257,exp-warm-5000-002262-81349e8e,1784798602019,1784798602020,202,1.000,warm
2258,exp-warm-5000-002259-2a4b1531,1784798602019,1784798602020,202,1.000,warm
2259,exp-warm-5000-002263-ba501057,1784798602019,1784798602020,202,1.000,warm
2260,exp-warm-5000-002267-62d5a27b,1784798602019,1784798602020,202,1.000,warm
2261,exp-warm-5000-002261-286414bb,1784798602019,1784798602020,202,1.000,warm
2262,exp-warm-5000-002266-7afaeee7,1784798602019,1784798602020,202,1.000,warm
2263,exp-warm-5000-002248-4606f9f5,1784798602019,1784798602021,202,2.000,warm
2264,exp-warm-5000-002287-48320865,1784798602019,1784798602022,202,3.000,warm
2265,exp-warm-5000-002257-0bae8073,1784798602020,1784798602020,202,0.000,warm
2266,exp-warm-5000-002258-8c2b8c73,1784798602020,1784798602020,202,0.000,warm
2267,exp-warm-5000-002256-4fbc3341,1784798602020,1784798602020,202,0.000,warm
2268,exp-warm-5000-002260-094f373b,1784798602020,1784798602020,202,0.000,warm
2269,exp-warm-5000-002269-272d0fa6,1784798602020,1784798602021,202,1.000,warm
2270,exp-warm-5000-002270-0d486bf2,1784798602020,1784798602021,202,1.000,warm
2271,exp-warm-5000-002276-13e39a33,1784798602020,1784798602021,202,1.000,warm
2272,exp-warm-5000-002272-ba381cce,1784798602020,1784798602021,202,1.000,warm
2273,exp-warm-5000-002273-cd100790,1784798602020,1784798602021,202,1.000,warm
2274,exp-warm-5000-002275-8be3dc85,1784798602020,1784798602021,202,1.000,warm
2275,exp-warm-5000-002274-73813ce4,1784798602020,1784798602021,202,1.000,warm
2276,exp-warm-5000-002288-7a5157a0,1784798602020,1784798602022,202,2.000,warm
2277,exp-warm-5000-002268-f523cb4f,1784798602021,1784798602021,202,0.000,warm
2278,exp-warm-5000-002271-cf94db28,1784798602021,1784798602021,202,0.000,warm
2279,exp-warm-5000-002282-137c4476,1784798602021,1784798602022,202,1.000,warm
2280,exp-warm-5000-002286-7e22307f,1784798602021,1784798602022,202,1.000,warm
2281,exp-warm-5000-002290-b947bd45,1784798602021,1784798602022,202,1.000,warm
2282,exp-warm-5000-002291-414ab464,1784798602021,1784798602022,202,1.000,warm
2283,exp-warm-5000-002289-ac508016,1784798602021,1784798602022,202,1.000,warm
2284,exp-warm-5000-002281-100523c3,1784798602021,1784798602022,202,1.000,warm
2285,exp-warm-5000-002285-b2d6c090,1784798602021,1784798602022,202,1.000,warm
2286,exp-warm-5000-002293-55f45948,1784798602021,1784798602023,202,2.000,warm
2287,exp-warm-5000-002308-66860425,1784798602021,1784798602024,202,3.000,warm
2288,exp-warm-5000-002278-e51753eb,1784798602022,1784798602022,202,0.000,warm
2289,exp-warm-5000-002279-caf3e546,1784798602022,1784798602022,202,0.000,warm
2290,exp-warm-5000-002280-87700d32,1784798602022,1784798602022,202,0.000,warm
2291,exp-warm-5000-002284-ae06946d,1784798602022,1784798602022,202,0.000,warm
2292,exp-warm-5000-002283-6399a951,1784798602022,1784798602022,202,0.000,warm
2293,exp-warm-5000-002292-6c1d08c0,1784798602022,1784798602023,202,1.000,warm
2294,exp-warm-5000-002298-82f82963,1784798602022,1784798602023,202,1.000,warm
2295,exp-warm-5000-002277-b30167fc,1784798602022,1784798602023,202,1.000,warm
2296,exp-warm-5000-002297-2c048a2b,1784798602022,1784798602023,202,1.000,warm
2297,exp-warm-5000-002296-286d4665,1784798602022,1784798602023,202,1.000,warm
2298,exp-warm-5000-002299-a3e85212,1784798602022,1784798602024,202,2.000,warm
2299,exp-warm-5000-002302-2337662e,1784798602022,1784798602024,202,2.000,warm
2300,exp-warm-5000-002301-a4b6656a,1784798602022,1784798602024,202,2.000,warm
2301,exp-warm-5000-002309-2692cc4d,1784798602022,1784798602025,202,3.000,warm
2302,exp-warm-5000-002317-6510f1f3,1784798602022,1784798602025,202,3.000,warm
2303,exp-warm-5000-002324-8ce698a7,1784798602022,1784798602026,202,4.000,warm
2304,exp-warm-5000-002294-163d93d4,1784798602023,1784798602023,202,0.000,warm
2305,exp-warm-5000-002295-50b51732,1784798602023,1784798602023,202,0.000,warm
2306,exp-warm-5000-002306-fa853dae,1784798602023,1784798602024,202,1.000,warm
2307,exp-warm-5000-002305-9cc628fc,1784798602023,1784798602024,202,1.000,warm
2308,exp-warm-5000-002313-f55dc66c,1784798602023,1784798602025,202,2.000,warm
2309,exp-warm-5000-002339-fd644f9d,1784798602023,1784798602027,202,4.000,warm
2310,exp-warm-5000-002332-9f6ed53f,1784798602023,1784798602027,202,4.000,warm
2311,exp-warm-5000-002303-69420e47,1784798602024,1784798602024,202,0.000,warm
2312,exp-warm-5000-002304-bde6dea9,1784798602024,1784798602024,202,0.000,warm
2313,exp-warm-5000-002307-bac33429,1784798602024,1784798602024,202,0.000,warm
2314,exp-warm-5000-002300-c25f4352,1784798602024,1784798602024,202,0.000,warm
2315,exp-warm-5000-002310-1a4bedbd,1784798602024,1784798602025,202,1.000,warm
2316,exp-warm-5000-002319-6f5113e2,1784798602024,1784798602025,202,1.000,warm
2317,exp-warm-5000-002320-536fb3c0,1784798602024,1784798602025,202,1.000,warm
2318,exp-warm-5000-002316-10a89d52,1784798602024,1784798602025,202,1.000,warm
2319,exp-warm-5000-002318-be424d55,1784798602024,1784798602025,202,1.000,warm
2320,exp-warm-5000-002315-415f7d8c,1784798602024,1784798602025,202,1.000,warm
2321,exp-warm-5000-002325-2f33badf,1784798602024,1784798602026,202,2.000,warm
2322,exp-warm-5000-002322-ec348049,1784798602024,1784798602026,202,2.000,warm
2323,exp-warm-5000-002311-29ee355e,1784798602025,1784798602025,202,0.000,warm
2324,exp-warm-5000-002312-e2997ad6,1784798602025,1784798602025,202,0.000,warm
2325,exp-warm-5000-002314-b2d2bc52,1784798602025,1784798602025,202,0.000,warm
2326,exp-warm-5000-002329-141521d9,1784798602025,1784798602026,202,1.000,warm
2327,exp-warm-5000-002326-f92e33a8,1784798602025,1784798602026,202,1.000,warm
2328,exp-warm-5000-002327-6efc5821,1784798602025,1784798602026,202,1.000,warm
2329,exp-warm-5000-002330-ab9ffd86,1784798602025,1784798602026,202,1.000,warm
2330,exp-warm-5000-002334-db72ee42,1784798602025,1784798602027,202,2.000,warm
2331,exp-warm-5000-002335-e766c00c,1784798602025,1784798602027,202,2.000,warm
2332,exp-warm-5000-002353-86d7f382,1784798602025,1784798602028,202,3.000,warm
2333,exp-warm-5000-002321-f23563d3,1784798602026,1784798602026,202,0.000,warm
2334,exp-warm-5000-002328-e2f9e277,1784798602026,1784798602026,202,0.000,warm
2335,exp-warm-5000-002323-3041dcc2,1784798602026,1784798602026,202,0.000,warm
2336,exp-warm-5000-002333-f18718e7,1784798602026,1784798602027,202,1.000,warm
2337,exp-warm-5000-002338-ad42e0f0,1784798602026,1784798602027,202,1.000,warm
2338,exp-warm-5000-002337-6e7956a9,1784798602026,1784798602027,202,1.000,warm
2339,exp-warm-5000-002342-48d3eaa1,1784798602026,1784798602027,202,1.000,warm
2340,exp-warm-5000-002343-cb1fd0be,1784798602026,1784798602027,202,1.000,warm
2341,exp-warm-5000-002340-8ba843fe,1784798602026,1784798602027,202,1.000,warm
2342,exp-warm-5000-002341-ad17fdf0,1784798602026,1784798602027,202,1.000,warm
2343,exp-warm-5000-002336-5428e7c1,1784798602026,1784798602027,202,1.000,warm
2344,exp-warm-5000-002344-99cc81f3,1784798602026,1784798602028,202,2.000,warm
2345,exp-warm-5000-002331-d6736673,1784798602027,1784798602027,202,0.000,warm
2346,exp-warm-5000-002351-f06aa2bf,1784798602027,1784798602028,202,1.000,warm
2347,exp-warm-5000-002347-2d0ff524,1784798602027,1784798602028,202,1.000,warm
2348,exp-warm-5000-002355-689d6912,1784798602027,1784798602028,202,1.000,warm
2349,exp-warm-5000-002354-bd6d24bf,1784798602027,1784798602028,202,1.000,warm
2350,exp-warm-5000-002345-9ffa8c51,1784798602027,1784798602028,202,1.000,warm
2351,exp-warm-5000-002352-38a26f56,1784798602027,1784798602028,202,1.000,warm
2352,exp-warm-5000-002361-2b600613,1784798602027,1784798602029,202,2.000,warm
2353,exp-warm-5000-002377-180d52a4,1784798602027,1784798602031,202,4.000,warm
2354,exp-warm-5000-002346-d1eaef3e,1784798602028,1784798602028,202,0.000,warm
2355,exp-warm-5000-002348-006fa8a2,1784798602028,1784798602028,202,0.000,warm
2356,exp-warm-5000-002349-27fad0eb,1784798602028,1784798602028,202,0.000,warm
2357,exp-warm-5000-002350-5429732e,1784798602028,1784798602028,202,0.000,warm
2358,exp-warm-5000-002362-eb5a1335,1784798602028,1784798602029,202,1.000,warm
2359,exp-warm-5000-002384-e4fb8de8,1784798602028,1784798602031,202,3.000,warm
2360,exp-warm-5000-002386-648ed31e,1784798602028,1784798602031,202,3.000,warm
2361,exp-warm-5000-002387-c9fc159d,1784798602028,1784798602032,202,4.000,warm
2362,exp-warm-5000-002356-e3becb24,1784798602029,1784798602029,202,0.000,warm
2363,exp-warm-5000-002358-806f980a,1784798602029,1784798602029,202,0.000,warm
2364,exp-warm-5000-002359-745acbb6,1784798602029,1784798602029,202,0.000,warm
2365,exp-warm-5000-002357-8fef496d,1784798602029,1784798602029,202,0.000,warm
2366,exp-warm-5000-002360-16d1e8d1,1784798602029,1784798602029,202,0.000,warm
2367,exp-warm-5000-002371-b6dd0ce3,1784798602029,1784798602030,202,1.000,warm
2368,exp-warm-5000-002370-fa793742,1784798602029,1784798602030,202,1.000,warm
2369,exp-warm-5000-002366-be0c110d,1784798602029,1784798602030,202,1.000,warm
2370,exp-warm-5000-002372-a2e718e0,1784798602029,1784798602030,202,1.000,warm
2371,exp-warm-5000-002367-08628b40,1784798602029,1784798602030,202,1.000,warm
2372,exp-warm-5000-002383-d8bd445c,1784798602029,1784798602031,202,2.000,warm
2373,exp-warm-5000-002381-a9164343,1784798602029,1784798602031,202,2.000,warm
2374,exp-warm-5000-002390-7f10fc71,1784798602029,1784798602032,202,3.000,warm
2375,exp-warm-5000-002364-2aae4842,1784798602030,1784798602030,202,0.000,warm
2376,exp-warm-5000-002363-12c864cd,1784798602030,1784798602030,202,0.000,warm
2377,exp-warm-5000-002368-7ece0a7a,1784798602030,1784798602030,202,0.000,warm
2378,exp-warm-5000-002365-5ad4c3dc,1784798602030,1784798602030,202,0.000,warm
2379,exp-warm-5000-002369-e32cf00f,1784798602030,1784798602030,202,0.000,warm
2380,exp-warm-5000-002376-86f7f671,1784798602030,1784798602031,202,1.000,warm
2381,exp-warm-5000-002385-a10e829d,1784798602030,1784798602031,202,1.000,warm
2382,exp-warm-5000-002374-32ee8075,1784798602030,1784798602031,202,1.000,warm
2383,exp-warm-5000-002382-0c4638be,1784798602030,1784798602031,202,1.000,warm
2384,exp-warm-5000-002375-ce081e02,1784798602030,1784798602031,202,1.000,warm
2385,exp-warm-5000-002380-53e26e8d,1784798602030,1784798602031,202,1.000,warm
2386,exp-warm-5000-002393-4d431d3b,1784798602030,1784798602032,202,2.000,warm
2387,exp-warm-5000-002399-27df771a,1784798602030,1784798602033,202,3.000,warm
2388,exp-warm-5000-002378-5a33273e,1784798602031,1784798602031,202,0.000,warm
2389,exp-warm-5000-002373-a126e862,1784798602031,1784798602031,202,0.000,warm
2390,exp-warm-5000-002379-6b578ef5,1784798602031,1784798602031,202,0.000,warm
2391,exp-warm-5000-002391-e04347f7,1784798602031,1784798602032,202,1.000,warm
2392,exp-warm-5000-002392-c6e99053,1784798602031,1784798602032,202,1.000,warm
2393,exp-warm-5000-002388-38ed9c65,1784798602031,1784798602032,202,1.000,warm
2394,exp-warm-5000-002407-0baf1573,1784798602031,1784798602034,202,3.000,warm
2395,exp-warm-5000-002389-e370e480,1784798602032,1784798602032,202,0.000,warm
2396,exp-warm-5000-002401-399ba8e0,1784798602032,1784798602033,202,1.000,warm
2397,exp-warm-5000-002405-c1a98382,1784798602032,1784798602033,202,1.000,warm
2398,exp-warm-5000-002403-8a6c6bd5,1784798602032,1784798602033,202,1.000,warm
2399,exp-warm-5000-002394-5d42cfec,1784798602032,1784798602033,202,1.000,warm
2400,exp-warm-5000-002400-3df4f7b6,1784798602032,1784798602033,202,1.000,warm
2401,exp-warm-5000-002395-0d040932,1784798602032,1784798602033,202,1.000,warm
2402,exp-warm-5000-002404-4e7f8581,1784798602032,1784798602033,202,1.000,warm
2403,exp-warm-5000-002396-e1ff3cc6,1784798602032,1784798602033,202,1.000,warm
2404,exp-warm-5000-002402-6ec7e8c5,1784798602032,1784798602033,202,1.000,warm
2405,exp-warm-5000-002414-c5c50905,1784798602032,1784798602035,202,3.000,warm
2406,exp-warm-5000-002398-d0c16068,1784798602033,1784798602033,202,0.000,warm
2407,exp-warm-5000-002397-0636cd86,1784798602033,1784798602033,202,0.000,warm
2408,exp-warm-5000-002409-15ace144,1784798602033,1784798602034,202,1.000,warm
2409,exp-warm-5000-002412-743c9ac3,1784798602033,1784798602034,202,1.000,warm
2410,exp-warm-5000-002413-6dbbebe4,1784798602033,1784798602034,202,1.000,warm
2411,exp-warm-5000-002418-a4d20b29,1784798602033,1784798602035,202,2.000,warm
2412,exp-warm-5000-002408-c61a7e13,1784798602034,1784798602034,202,0.000,warm
2413,exp-warm-5000-002406-6a7e2339,1784798602034,1784798602034,202,0.000,warm
2414,exp-warm-5000-002417-687c0ae0,1784798602034,1784798602035,202,1.000,warm
2415,exp-warm-5000-002416-5ab9a238,1784798602034,1784798602035,202,1.000,warm
2416,exp-warm-5000-002410-f5d3d018,1784798602034,1784798602035,202,1.000,warm
2417,exp-warm-5000-002411-86ef03e6,1784798602035,1784798602035,202,0.000,warm
2418,exp-warm-5000-002415-ee367453,1784798602035,1784798602035,202,0.000,warm
2419,exp-warm-5000-002424-ac3ed5d1,1784798602035,1784798602036,202,1.000,warm
2420,exp-warm-5000-002423-dadc8dd5,1784798602035,1784798602036,202,1.000,warm
2421,exp-warm-5000-002441-cb54aaaa,1784798602035,1784798602038,202,3.000,warm
2422,exp-warm-5000-002419-ecff570c,1784798602036,1784798602036,202,0.000,warm
2423,exp-warm-5000-002421-f0c00bd6,1784798602036,1784798602036,202,0.000,warm
2424,exp-warm-5000-002422-b525d4af,1784798602036,1784798602036,202,0.000,warm
2425,exp-warm-5000-002420-8b22e1ec,1784798602036,1784798602036,202,0.000,warm
2426,exp-warm-5000-002430-1d461570,1784798602036,1784798602037,202,1.000,warm
2427,exp-warm-5000-002429-80047af1,1784798602036,1784798602037,202,1.000,warm
2428,exp-warm-5000-002434-737faffd,1784798602036,1784798602037,202,1.000,warm
2429,exp-warm-5000-002427-c5763503,1784798602036,1784798602037,202,1.000,warm
2430,exp-warm-5000-002433-9beb2296,1784798602036,1784798602037,202,1.000,warm
2431,exp-warm-5000-002435-6019c7df,1784798602036,1784798602037,202,1.000,warm
2432,exp-warm-5000-002432-4d71a0b7,1784798602036,1784798602037,202,1.000,warm
2433,exp-warm-5000-002443-ac7ce916,1784798602036,1784798602038,202,2.000,warm
2434,exp-warm-5000-002439-69a397d6,1784798602036,1784798602038,202,2.000,warm
2435,exp-warm-5000-002444-dfbd8e6a,1784798602036,1784798602038,202,2.000,warm
2436,exp-warm-5000-002454-75961d17,1784798602036,1784798602039,202,3.000,warm
2437,exp-warm-5000-002426-e9cf8de8,1784798602037,1784798602037,202,0.000,warm
2438,exp-warm-5000-002428-e0c51a8c,1784798602037,1784798602037,202,0.000,warm
2439,exp-warm-5000-002425-b08facf5,1784798602037,1784798602037,202,0.000,warm
2440,exp-warm-5000-002431-ae64e76c,1784798602037,1784798602037,202,0.000,warm
2441,exp-warm-5000-002436-ee65d788,1784798602037,1784798602038,202,1.000,warm
2442,exp-warm-5000-002437-c804c94e,1784798602037,1784798602038,202,1.000,warm
2443,exp-warm-5000-002448-c131ae2f,1784798602037,1784798602039,202,2.000,warm
2444,exp-warm-5000-002450-7265da7e,1784798602037,1784798602039,202,2.000,warm
2445,exp-warm-5000-002438-1371cd0e,1784798602038,1784798602038,202,0.000,warm
2446,exp-warm-5000-002440-dadd59e5,1784798602038,1784798602038,202,0.000,warm
2447,exp-warm-5000-002442-2d20bf4c,1784798602038,1784798602038,202,0.000,warm
2448,exp-warm-5000-002452-16922dc6,1784798602038,1784798602039,202,1.000,warm
2449,exp-warm-5000-002455-5e781954,1784798602038,1784798602039,202,1.000,warm
2450,exp-warm-5000-002447-2558b438,1784798602038,1784798602039,202,1.000,warm
2451,exp-warm-5000-002446-93dbb114,1784798602038,1784798602039,202,1.000,warm
2452,exp-warm-5000-002456-54a14f32,1784798602038,1784798602039,202,1.000,warm
2453,exp-warm-5000-002458-e34945b5,1784798602038,1784798602039,202,1.000,warm
2454,exp-warm-5000-002457-994d3df6,1784798602038,1784798602039,202,1.000,warm
2455,exp-warm-5000-002449-e893ddea,1784798602039,1784798602039,202,0.000,warm
2456,exp-warm-5000-002445-3f8f8639,1784798602039,1784798602039,202,0.000,warm
2457,exp-warm-5000-002451-d7802fc4,1784798602039,1784798602039,202,0.000,warm
2458,exp-warm-5000-002453-4b7ee2f1,1784798602039,1784798602039,202,0.000,warm
2459,exp-warm-5000-002461-2d22b005,1784798602039,1784798602040,202,1.000,warm
2460,exp-warm-5000-002459-d36c21dd,1784798602039,1784798602040,202,1.000,warm
2461,exp-warm-5000-002466-0dea2939,1784798602039,1784798602040,202,1.000,warm
2462,exp-warm-5000-002468-1002af57,1784798602039,1784798602040,202,1.000,warm
2463,exp-warm-5000-002467-a4c61feb,1784798602039,1784798602040,202,1.000,warm
2464,exp-warm-5000-002470-f286848b,1784798602039,1784798602041,202,2.000,warm
2465,exp-warm-5000-002460-0fc3b402,1784798602040,1784798602040,202,0.000,warm
2466,exp-warm-5000-002462-9911ec13,1784798602040,1784798602040,202,0.000,warm
2467,exp-warm-5000-002464-9118165d,1784798602040,1784798602040,202,0.000,warm
2468,exp-warm-5000-002463-abbe514f,1784798602040,1784798602040,202,0.000,warm
2469,exp-warm-5000-002465-e0925bc1,1784798602040,1784798602040,202,0.000,warm
2470,exp-warm-5000-002473-9e4d6a1c,1784798602040,1784798602041,202,1.000,warm
2471,exp-warm-5000-002475-4a4ede3e,1784798602040,1784798602041,202,1.000,warm
2472,exp-warm-5000-002474-2c19845a,1784798602040,1784798602041,202,1.000,warm
2473,exp-warm-5000-002476-3fe4cee9,1784798602040,1784798602041,202,1.000,warm
2474,exp-warm-5000-002471-97ecfc9f,1784798602041,1784798602041,202,0.000,warm
2475,exp-warm-5000-002469-da334dc0,1784798602041,1784798602041,202,0.000,warm
2476,exp-warm-5000-002472-4aa8d6a9,1784798602041,1784798602041,202,0.000,warm
2477,exp-warm-5000-002482-c1d01879,1784798602041,1784798602042,202,1.000,warm
2478,exp-warm-5000-002478-825d38b9,1784798602041,1784798602042,202,1.000,warm
2479,exp-warm-5000-002486-e6473eb2,1784798602041,1784798602042,202,1.000,warm
2480,exp-warm-5000-002487-e6034200,1784798602041,1784798602042,202,1.000,warm
2481,exp-warm-5000-002484-48a08bff,1784798602041,1784798602042,202,1.000,warm
2482,exp-warm-5000-002479-0ad33b8f,1784798602041,1784798602042,202,1.000,warm
2483,exp-warm-5000-002485-7a6e80b9,1784798602041,1784798602042,202,1.000,warm
2484,exp-warm-5000-002480-71064364,1784798602041,1784798602042,202,1.000,warm
2485,exp-warm-5000-002483-4491ca1b,1784798602041,1784798602042,202,1.000,warm
2486,exp-warm-5000-002477-63da182d,1784798602042,1784798602042,202,0.000,warm
2487,exp-warm-5000-002481-8c1b3810,1784798602042,1784798602042,202,0.000,warm
2488,exp-warm-5000-002490-aba49d34,1784798602042,1784798602043,202,1.000,warm
2489,exp-warm-5000-002489-f604ccf8,1784798602042,1784798602043,202,1.000,warm
2490,exp-warm-5000-002493-fc0dc54f,1784798602042,1784798602043,202,1.000,warm
2491,exp-warm-5000-002488-e0cdf274,1784798602042,1784798602043,202,1.000,warm
2492,exp-warm-5000-002491-06ffcec9,1784798602042,1784798602043,202,1.000,warm
2493,exp-warm-5000-002500-920eea4d,1784798602042,1784798602044,202,2.000,warm
2494,exp-warm-5000-002492-b70c0f73,1784798602043,1784798602043,202,0.000,warm
2495,exp-warm-5000-002501-da4f89b7,1784798602043,1784798602044,202,1.000,warm
2496,exp-warm-5000-002496-f92b3c6b,1784798602043,1784798602044,202,1.000,warm
2497,exp-warm-5000-002502-218425b9,1784798602043,1784798602044,202,1.000,warm
2498,exp-warm-5000-002504-dacbc08d,1784798602043,1784798602044,202,1.000,warm
2499,exp-warm-5000-002497-fcab9c11,1784798602043,1784798602044,202,1.000,warm
2500,exp-warm-5000-002494-9a9d71e9,1784798602043,1784798602044,202,1.000,warm
2501,exp-warm-5000-002509-091536b5,1784798602043,1784798602045,202,2.000,warm
2502,exp-warm-5000-002498-a872aeb2,1784798602044,1784798602044,202,0.000,warm
2503,exp-warm-5000-002499-a5c39ad4,1784798602044,1784798602044,202,0.000,warm
2504,exp-warm-5000-002495-577263c3,1784798602044,1784798602044,202,0.000,warm
2505,exp-warm-5000-002503-3a5d7bbc,1784798602044,1784798602045,202,1.000,warm
2506,exp-warm-5000-002507-fe11a8fc,1784798602044,1784798602045,202,1.000,warm
2507,exp-warm-5000-002513-ef13d7c0,1784798602044,1784798602046,202,2.000,warm
2508,exp-warm-5000-002506-5106d9cf,1784798602045,1784798602045,202,0.000,warm
2509,exp-warm-5000-002508-7fa7e8ab,1784798602045,1784798602045,202,0.000,warm
2510,exp-warm-5000-002505-093227a3,1784798602045,1784798602045,202,0.000,warm
2511,exp-warm-5000-002518-3dc16f71,1784798602045,1784798602046,202,1.000,warm
2512,exp-warm-5000-002516-e2743c65,1784798602045,1784798602046,202,1.000,warm
2513,exp-warm-5000-002522-e2d78bf1,1784798602045,1784798602046,202,1.000,warm
2514,exp-warm-5000-002521-5267979e,1784798602045,1784798602046,202,1.000,warm
2515,exp-warm-5000-002517-b4e4870b,1784798602045,1784798602046,202,1.000,warm
2516,exp-warm-5000-002519-2094968f,1784798602045,1784798602046,202,1.000,warm
2517,exp-warm-5000-002534-d7965b44,1784798602045,1784798602047,202,2.000,warm
2518,exp-warm-5000-002511-b1eff342,1784798602046,1784798602046,202,0.000,warm
2519,exp-warm-5000-002514-05bb6e20,1784798602046,1784798602046,202,0.000,warm
2520,exp-warm-5000-002510-99e3868c,1784798602046,1784798602046,202,0.000,warm
2521,exp-warm-5000-002512-81ee4df0,1784798602046,1784798602046,202,0.000,warm
2522,exp-warm-5000-002515-0ed22f2f,1784798602046,1784798602046,202,0.000,warm
2523,exp-warm-5000-002530-dcb24895,1784798602046,1784798602047,202,1.000,warm
2524,exp-warm-5000-002531-7c566034,1784798602046,1784798602047,202,1.000,warm
2525,exp-warm-5000-002535-82effbbf,1784798602046,1784798602047,202,1.000,warm
2526,exp-warm-5000-002523-3bd116b1,1784798602046,1784798602047,202,1.000,warm
2527,exp-warm-5000-002527-e059989d,1784798602046,1784798602047,202,1.000,warm
2528,exp-warm-5000-002536-60ad376e,1784798602046,1784798602047,202,1.000,warm
2529,exp-warm-5000-002544-8ae4c3b5,1784798602046,1784798602048,202,2.000,warm
2530,exp-warm-5000-002524-f11db1ca,1784798602047,1784798602047,202,0.000,warm
2531,exp-warm-5000-002525-d71265e0,1784798602047,1784798602047,202,0.000,warm
2532,exp-warm-5000-002520-b642c038,1784798602047,1784798602047,202,0.000,warm
2533,exp-warm-5000-002526-2c50bf6d,1784798602047,1784798602047,202,0.000,warm
2534,exp-warm-5000-002528-c4d2cd60,1784798602047,1784798602047,202,0.000,warm
2535,exp-warm-5000-002532-9339d988,1784798602047,1784798602047,202,0.000,warm
2536,exp-warm-5000-002533-40be9e63,1784798602047,1784798602047,202,0.000,warm
2537,exp-warm-5000-002529-fb7baa33,1784798602047,1784798602047,202,0.000,warm
2538,exp-warm-5000-002541-7ac313aa,1784798602047,1784798602048,202,1.000,warm
2539,exp-warm-5000-002542-29f85fe1,1784798602047,1784798602048,202,1.000,warm
2540,exp-warm-5000-002546-bec53a3d,1784798602047,1784798602048,202,1.000,warm
2541,exp-warm-5000-002545-a19756fe,1784798602047,1784798602048,202,1.000,warm
2542,exp-warm-5000-002547-989551d8,1784798602047,1784798602048,202,1.000,warm
2543,exp-warm-5000-002540-d6151216,1784798602047,1784798602048,202,1.000,warm
2544,exp-warm-5000-002572-3bcb094e,1784798602047,1784798602051,202,4.000,warm
2545,exp-warm-5000-002537-f240bfde,1784798602048,1784798602048,202,0.000,warm
2546,exp-warm-5000-002538-51fa768e,1784798602048,1784798602048,202,0.000,warm
2547,exp-warm-5000-002539-b153072c,1784798602048,1784798602048,202,0.000,warm
2548,exp-warm-5000-002552-721751b2,1784798602048,1784798602049,202,1.000,warm
2549,exp-warm-5000-002554-bfa9e8fa,1784798602048,1784798602049,202,1.000,warm
2550,exp-warm-5000-002555-ef1fa14a,1784798602048,1784798602049,202,1.000,warm
2551,exp-warm-5000-002551-b8a28461,1784798602048,1784798602049,202,1.000,warm
2552,exp-warm-5000-002556-bb91c158,1784798602048,1784798602050,202,2.000,warm
2553,exp-warm-5000-002560-8ba88abf,1784798602048,1784798602050,202,2.000,warm
2554,exp-warm-5000-002566-f0ba9614,1784798602048,1784798602050,202,2.000,warm
2555,exp-warm-5000-002550-c805b32d,1784798602049,1784798602049,202,0.000,warm
2556,exp-warm-5000-002548-8ac28da8,1784798602049,1784798602049,202,0.000,warm
2557,exp-warm-5000-002543-b19a2d94,1784798602049,1784798602049,202,0.000,warm
2558,exp-warm-5000-002553-0e2f1738,1784798602049,1784798602049,202,0.000,warm
2559,exp-warm-5000-002549-8558f5e5,1784798602049,1784798602049,202,0.000,warm
2560,exp-warm-5000-002563-602a41ab,1784798602049,1784798602050,202,1.000,warm
2561,exp-warm-5000-002559-d56eed4b,1784798602049,1784798602050,202,1.000,warm
2562,exp-warm-5000-002567-204ac718,1784798602049,1784798602050,202,1.000,warm
2563,exp-warm-5000-002562-86e46f92,1784798602049,1784798602050,202,1.000,warm
2564,exp-warm-5000-002561-4dbe4423,1784798602049,1784798602050,202,1.000,warm
2565,exp-warm-5000-002564-1ea6ea56,1784798602049,1784798602050,202,1.000,warm
2566,exp-warm-5000-002568-856d4beb,1784798602049,1784798602051,202,2.000,warm
2567,exp-warm-5000-002558-228e3ece,1784798602050,1784798602050,202,0.000,warm
2568,exp-warm-5000-002576-5d47d6de,1784798602050,1784798602051,202,1.000,warm
2569,exp-warm-5000-002557-eb11605e,1784798602050,1784798602050,202,0.000,warm
2570,exp-warm-5000-002569-fa79849c,1784798602050,1784798602051,202,1.000,warm
2571,exp-warm-5000-002574-e6d51446,1784798602050,1784798602051,202,1.000,warm
2572,exp-warm-5000-002577-2e56e7e8,1784798602050,1784798602051,202,1.000,warm
2573,exp-warm-5000-002578-04db490c,1784798602050,1784798602051,202,1.000,warm
2574,exp-warm-5000-002587-635efd6d,1784798602050,1784798602052,202,2.000,warm
2575,exp-warm-5000-002583-f728e428,1784798602050,1784798602052,202,2.000,warm
2576,exp-warm-5000-002580-a6baac27,1784798602050,1784798602052,202,2.000,warm
2577,exp-warm-5000-002570-8504b16c,1784798602051,1784798602051,202,0.000,warm
2578,exp-warm-5000-002565-3287e4c7,1784798602051,1784798602051,202,0.000,warm
2579,exp-warm-5000-002575-9bd35543,1784798602051,1784798602051,202,0.000,warm
2580,exp-warm-5000-002573-0592e0f2,1784798602051,1784798602051,202,0.000,warm
2581,exp-warm-5000-002571-4790f377,1784798602051,1784798602051,202,0.000,warm
2582,exp-warm-5000-002584-1c445109,1784798602051,1784798602052,202,1.000,warm
2583,exp-warm-5000-002585-6d333da8,1784798602051,1784798602052,202,1.000,warm
2584,exp-warm-5000-002594-6ef0b044,1784798602051,1784798602053,202,2.000,warm
2585,exp-warm-5000-002606-f0556aaa,1784798602051,1784798602054,202,3.000,warm
2586,exp-warm-5000-002579-bd1dba6a,1784798602052,1784798602052,202,0.000,warm
2587,exp-warm-5000-002581-e45db5df,1784798602052,1784798602052,202,0.000,warm
2588,exp-warm-5000-002582-b28f72c4,1784798602052,1784798602052,202,0.000,warm
2589,exp-warm-5000-002586-c7dcf7c9,1784798602052,1784798602052,202,0.000,warm
2590,exp-warm-5000-002593-35002cbf,1784798602052,1784798602053,202,1.000,warm
2591,exp-warm-5000-002597-993dfa36,1784798602052,1784798602053,202,1.000,warm
2592,exp-warm-5000-002596-2ca5b5e1,1784798602052,1784798602053,202,1.000,warm
2593,exp-warm-5000-002599-e4331771,1784798602052,1784798602053,202,1.000,warm
2594,exp-warm-5000-002600-706a281f,1784798602052,1784798602053,202,1.000,warm
2595,exp-warm-5000-002595-ff2dc363,1784798602052,1784798602053,202,1.000,warm
2596,exp-warm-5000-002590-35888427,1784798602052,1784798602053,202,1.000,warm
2597,exp-warm-5000-002604-ced83f82,1784798602052,1784798602054,202,2.000,warm
2598,exp-warm-5000-002607-04d8dd1a,1784798602052,1784798602054,202,2.000,warm
2599,exp-warm-5000-002609-32401710,1784798602052,1784798602054,202,2.000,warm
2600,exp-warm-5000-002588-a973bf67,1784798602053,1784798602053,202,0.000,warm
2601,exp-warm-5000-002589-181f718d,1784798602053,1784798602053,202,0.000,warm
2602,exp-warm-5000-002592-c3621658,1784798602053,1784798602053,202,0.000,warm
2603,exp-warm-5000-002598-86de30e7,1784798602053,1784798602054,202,1.000,warm
2604,exp-warm-5000-002601-d8031305,1784798602053,1784798602054,202,1.000,warm
2605,exp-warm-5000-002608-adedb5fd,1784798602053,1784798602054,202,1.000,warm
2606,exp-warm-5000-002610-479ec4db,1784798602053,1784798602055,202,2.000,warm
2607,exp-warm-5000-002603-1f09adbd,1784798602054,1784798602054,202,0.000,warm
2608,exp-warm-5000-002605-9cb7cef9,1784798602054,1784798602054,202,0.000,warm
2609,exp-warm-5000-002615-fe98d930,1784798602054,1784798602055,202,1.000,warm
2610,exp-warm-5000-002617-eb26d143,1784798602054,1784798602055,202,1.000,warm
2611,exp-warm-5000-002612-5ebd20fb,1784798602054,1784798602055,202,1.000,warm
2612,exp-warm-5000-002611-fbc18ca8,1784798602054,1784798602055,202,1.000,warm
2613,exp-warm-5000-002602-733e2ce0,1784798602054,1784798602056,202,2.000,warm
2614,exp-warm-5000-002619-50e8e123,1784798602054,1784798602057,202,3.000,warm
2615,exp-warm-5000-002620-01b904c2,1784798602054,1784798602057,202,3.000,warm
2616,exp-warm-5000-002638-5efc5c33,1784798602054,1784798602058,202,4.000,warm
2617,exp-warm-5000-002613-bd345786,1784798602055,1784798602055,202,0.000,warm
2618,exp-warm-5000-002614-956fe2bf,1784798602055,1784798602055,202,0.000,warm
2619,exp-warm-5000-002591-e13f9aec,1784798602055,1784798602056,202,1.000,warm
2620,exp-warm-5000-002626-851d90a1,1784798602055,1784798602057,202,2.000,warm
2621,exp-warm-5000-002624-9308cb04,1784798602055,1784798602057,202,2.000,warm
2622,exp-warm-5000-002627-1f1c9f02,1784798602055,1784798602057,202,2.000,warm
2623,exp-warm-5000-002633-0d596046,1784798602055,1784798602058,202,3.000,warm
2624,exp-warm-5000-002631-aeb33179,1784798602055,1784798602058,202,3.000,warm
2625,exp-warm-5000-002636-781e3b9f,1784798602055,1784798602058,202,3.000,warm
2626,exp-warm-5000-002616-a5f7b659,1784798602056,1784798602056,202,0.000,warm
2627,exp-warm-5000-002622-a04e8160,1784798602056,1784798602057,202,1.000,warm
2628,exp-warm-5000-002623-a771b2ed,1784798602056,1784798602057,202,1.000,warm
2629,exp-warm-5000-002628-564d82ec,1784798602056,1784798602057,202,1.000,warm
2630,exp-warm-5000-002637-fc3582b5,1784798602056,1784798602058,202,2.000,warm
2631,exp-warm-5000-002641-1d14a20f,1784798602056,1784798602059,202,3.000,warm
2632,exp-warm-5000-002665-7a642839,1784798602056,1784798602062,202,6.000,warm
2633,exp-warm-5000-002618-7c801894,1784798602057,1784798602057,202,0.000,warm
2634,exp-warm-5000-002621-069da33c,1784798602057,1784798602057,202,0.000,warm
2635,exp-warm-5000-002625-add09bdd,1784798602057,1784798602057,202,0.000,warm
2636,exp-warm-5000-002632-b6cabd0d,1784798602057,1784798602058,202,1.000,warm
2637,exp-warm-5000-002635-dcf1462d,1784798602057,1784798602058,202,1.000,warm
2638,exp-warm-5000-002630-2344437a,1784798602057,1784798602058,202,1.000,warm
2639,exp-warm-5000-002634-660596e0,1784798602057,1784798602058,202,1.000,warm
2640,exp-warm-5000-002648-88f9ee15,1784798602057,1784798602060,202,3.000,warm
2641,exp-warm-5000-002652-221550c7,1784798602057,1784798602060,202,3.000,warm
2642,exp-warm-5000-002629-39d9d2b5,1784798602058,1784798602058,202,0.000,warm
2643,exp-warm-5000-002643-0833e381,1784798602058,1784798602059,202,1.000,warm
2644,exp-warm-5000-002639-26a6d1d2,1784798602058,1784798602059,202,1.000,warm
2645,exp-warm-5000-002647-c41c5b08,1784798602058,1784798602059,202,1.000,warm
2646,exp-warm-5000-002645-de29d66b,1784798602058,1784798602059,202,1.000,warm
2647,exp-warm-5000-002642-358df85a,1784798602058,1784798602059,202,1.000,warm
2648,exp-warm-5000-002646-8cdf9f31,1784798602058,1784798602059,202,1.000,warm
2649,exp-warm-5000-002644-a543c5cd,1784798602058,1784798602059,202,1.000,warm
2650,exp-warm-5000-002657-fc8dcbcd,1784798602058,1784798602061,202,3.000,warm
2651,exp-warm-5000-002661-5b78bb6a,1784798602058,1784798602062,202,4.000,warm
2652,exp-warm-5000-002640-6127e3ff,1784798602059,1784798602059,202,0.000,warm
2653,exp-warm-5000-002653-c84e2145,1784798602059,1784798602060,202,1.000,warm
2654,exp-warm-5000-002658-353888f2,1784798602059,1784798602061,202,2.000,warm
2655,exp-warm-5000-002650-23b2b1d8,1784798602060,1784798602060,202,0.000,warm
2656,exp-warm-5000-002649-41345e0e,1784798602060,1784798602060,202,0.000,warm
2657,exp-warm-5000-002651-ad3775d0,1784798602060,1784798602060,202,0.000,warm
2658,exp-warm-5000-002659-6ee2df65,1784798602060,1784798602061,202,1.000,warm
2659,exp-warm-5000-002663-6e4e8010,1784798602060,1784798602062,202,2.000,warm
2660,exp-warm-5000-002654-b2b93828,1784798602060,1784798602062,202,2.000,warm
2661,exp-warm-5000-002655-dd49c2fe,1784798602061,1784798602061,202,0.000,warm
2662,exp-warm-5000-002656-82a83eaf,1784798602061,1784798602061,202,0.000,warm
2663,exp-warm-5000-002666-b38fa37e,1784798602061,1784798602062,202,1.000,warm
2664,exp-warm-5000-002668-9b2e1fbc,1784798602061,1784798602062,202,1.000,warm
2665,exp-warm-5000-002664-13efbd7c,1784798602061,1784798602062,202,1.000,warm
2666,exp-warm-5000-002667-33c140f9,1784798602061,1784798602062,202,1.000,warm
2667,exp-warm-5000-002672-ad2c2aca,1784798602061,1784798602063,202,2.000,warm
2668,exp-warm-5000-002662-6c4f32ba,1784798602062,1784798602062,202,0.000,warm
2669,exp-warm-5000-002660-72fd5b9f,1784798602062,1784798602062,202,0.000,warm
2670,exp-warm-5000-002671-21d4dbb0,1784798602062,1784798602063,202,1.000,warm
2671,exp-warm-5000-002670-a9d29a71,1784798602062,1784798602063,202,1.000,warm
2672,exp-warm-5000-002675-0fd8e232,1784798602062,1784798602063,202,1.000,warm
2673,exp-warm-5000-002673-945b1cbe,1784798602062,1784798602063,202,1.000,warm
2674,exp-warm-5000-002674-288ce8b4,1784798602062,1784798602063,202,1.000,warm
2675,exp-warm-5000-002669-9ca2035d,1784798602062,1784798602063,202,1.000,warm
2676,exp-warm-5000-002683-389d9af5,1784798602063,1784798602065,202,2.000,warm
2677,exp-warm-5000-002676-8c5ccb41,1784798602064,1784798602064,202,0.000,warm
2678,exp-warm-5000-002680-aee8da99,1784798602064,1784798602065,202,1.000,warm
2679,exp-warm-5000-002685-bf004521,1784798602064,1784798602065,202,1.000,warm
2680,exp-warm-5000-002679-e71f0cc8,1784798602064,1784798602065,202,1.000,warm
2681,exp-warm-5000-002689-8b1f07a8,1784798602064,1784798602066,202,2.000,warm
2682,exp-warm-5000-002690-a204812e,1784798602064,1784798602066,202,2.000,warm
2683,exp-warm-5000-002700-b67a7d83,1784798602064,1784798602067,202,3.000,warm
2684,exp-warm-5000-002702-9d8e0834,1784798602064,1784798602067,202,3.000,warm
2685,exp-warm-5000-002706-85d185d8,1784798602064,1784798602068,202,4.000,warm
2686,exp-warm-5000-002678-9585a25b,1784798602065,1784798602065,202,0.000,warm
2687,exp-warm-5000-002681-81488015,1784798602065,1784798602065,202,0.000,warm
2688,exp-warm-5000-002677-58a68296,1784798602065,1784798602065,202,0.000,warm
2689,exp-warm-5000-002682-5db28350,1784798602065,1784798602065,202,0.000,warm
2690,exp-warm-5000-002684-851d87dd,1784798602065,1784798602066,202,1.000,warm
2691,exp-warm-5000-002691-3ea2caf7,1784798602065,1784798602066,202,1.000,warm
2692,exp-warm-5000-002692-7c0521fd,1784798602065,1784798602066,202,1.000,warm
2693,exp-warm-5000-002687-7e5507a8,1784798602065,1784798602066,202,1.000,warm
2694,exp-warm-5000-002695-11e4eebd,1784798602065,1784798602067,202,2.000,warm
2695,exp-warm-5000-002708-4160d8b3,1784798602065,1784798602068,202,3.000,warm
2696,exp-warm-5000-002713-ab012106,1784798602065,1784798602069,202,4.000,warm
2697,exp-warm-5000-002686-c14d96ec,1784798602066,1784798602066,202,0.000,warm
2698,exp-warm-5000-002688-d78aff53,1784798602066,1784798602066,202,0.000,warm
2699,exp-warm-5000-002701-98fb6e9e,1784798602066,1784798602067,202,1.000,warm
2700,exp-warm-5000-002703-01d161eb,1784798602066,1784798602067,202,1.000,warm
2701,exp-warm-5000-002699-aa5c3a54,1784798602066,1784798602067,202,1.000,warm
2702,exp-warm-5000-002723-6f642c96,1784798602066,1784798602070,202,4.000,warm
2703,exp-warm-5000-002694-5771b117,1784798602067,1784798602067,202,0.000,warm
2704,exp-warm-5000-002697-08b10c15,1784798602067,1784798602067,202,0.000,warm
2705,exp-warm-5000-002696-1ed7e688,1784798602067,1784798602067,202,0.000,warm
2706,exp-warm-5000-002698-fd5f353e,1784798602067,1784798602067,202,0.000,warm
2707,exp-warm-5000-002693-ce4a913f,1784798602067,1784798602067,202,0.000,warm
2708,exp-warm-5000-002711-4212e44d,1784798602067,1784798602068,202,1.000,warm
2709,exp-warm-5000-002709-7705c870,1784798602067,1784798602068,202,1.000,warm
2710,exp-warm-5000-002710-fb57ebe1,1784798602067,1784798602068,202,1.000,warm
2711,exp-warm-5000-002721-16a928cc,1784798602067,1784798602070,202,3.000,warm
2712,exp-warm-5000-002704-d9063130,1784798602068,1784798602068,202,0.000,warm
2713,exp-warm-5000-002705-4e06282c,1784798602068,1784798602068,202,0.000,warm
2714,exp-warm-5000-002707-c81c203e,1784798602068,1784798602068,202,0.000,warm
2715,exp-warm-5000-002716-04614d89,1784798602068,1784798602069,202,1.000,warm
2716,exp-warm-5000-002718-1dce4329,1784798602068,1784798602070,202,2.000,warm
2717,exp-warm-5000-002729-d12ccf9d,1784798602068,1784798602071,202,3.000,warm
2718,exp-warm-5000-002715-522c7f11,1784798602069,1784798602069,202,0.000,warm
2719,exp-warm-5000-002714-e85432ad,1784798602069,1784798602069,202,0.000,warm
2720,exp-warm-5000-002722-7073f2d8,1784798602069,1784798602070,202,1.000,warm
2721,exp-warm-5000-002712-43b2148d,1784798602069,1784798602069,202,0.000,warm
2722,exp-warm-5000-002720-12b65cbd,1784798602069,1784798602070,202,1.000,warm
2723,exp-warm-5000-002719-e74169ae,1784798602069,1784798602070,202,1.000,warm
2724,exp-warm-5000-002728-6b26fbff,1784798602069,1784798602071,202,2.000,warm
2725,exp-warm-5000-002717-9b5ea24c,1784798602070,1784798602070,202,0.000,warm
2726,exp-warm-5000-002727-d1763252,1784798602070,1784798602071,202,1.000,warm
2727,exp-warm-5000-002724-863553ed,1784798602070,1784798602071,202,1.000,warm
2728,exp-warm-5000-002726-b485015e,1784798602070,1784798602071,202,1.000,warm
2729,exp-warm-5000-002725-cc844e06,1784798602071,1784798602071,202,0.000,warm
2730,exp-warm-5000-002734-920d7d50,1784798602071,1784798602072,202,1.000,warm
2731,exp-warm-5000-002730-783d3a27,1784798602071,1784798602072,202,1.000,warm
2732,exp-warm-5000-002732-7b44009b,1784798602071,1784798602072,202,1.000,warm
2733,exp-warm-5000-002736-ca580cf3,1784798602071,1784798602073,202,2.000,warm
2734,exp-warm-5000-002740-1939b179,1784798602071,1784798602073,202,2.000,warm
2735,exp-warm-5000-002738-14c03b83,1784798602072,1784798602073,202,1.000,warm
2736,exp-warm-5000-002739-2384125a,1784798602072,1784798602073,202,1.000,warm
2737,exp-warm-5000-002735-55d7c7e7,1784798602072,1784798602073,202,1.000,warm
2738,exp-warm-5000-002737-11ca6e67,1784798602072,1784798602073,202,1.000,warm
2739,exp-warm-5000-002733-d0479761,1784798602072,1784798602073,202,1.000,warm
2740,exp-warm-5000-002731-5e7be3d3,1784798602073,1784798602073,202,0.000,warm
2741,exp-warm-5000-002742-cdccc21d,1784798602073,1784798602074,202,1.000,warm
2742,exp-warm-5000-002745-37d2616a,1784798602073,1784798602074,202,1.000,warm
2743,exp-warm-5000-002744-e4624e46,1784798602073,1784798602074,202,1.000,warm
2744,exp-warm-5000-002743-ac147052,1784798602073,1784798602074,202,1.000,warm
2745,exp-warm-5000-002741-45b5aa94,1784798602074,1784798602074,202,0.000,warm
2746,exp-warm-5000-002751-8eed4bb3,1784798602074,1784798602075,202,1.000,warm
2747,exp-warm-5000-002752-dd7e4d81,1784798602074,1784798602075,202,1.000,warm
2748,exp-warm-5000-002748-f0b6bd80,1784798602074,1784798602075,202,1.000,warm
2749,exp-warm-5000-002750-293c860c,1784798602074,1784798602075,202,1.000,warm
2750,exp-warm-5000-002756-6d85a362,1784798602074,1784798602076,202,2.000,warm
2751,exp-warm-5000-002746-7007357b,1784798602075,1784798602075,202,0.000,warm
2752,exp-warm-5000-002747-53d8c6dd,1784798602075,1784798602075,202,0.000,warm
2753,exp-warm-5000-002753-3e0bb8dc,1784798602075,1784798602076,202,1.000,warm
2754,exp-warm-5000-002757-1e476d3b,1784798602075,1784798602076,202,1.000,warm
2755,exp-warm-5000-002749-7539e674,1784798602075,1784798602076,202,1.000,warm
2756,exp-warm-5000-002754-c5b006da,1784798602075,1784798602076,202,1.000,warm
2757,exp-warm-5000-002759-2d89bffc,1784798602075,1784798602076,202,1.000,warm
2758,exp-warm-5000-002763-8908dea6,1784798602076,1784798602077,202,1.000,warm
2759,exp-warm-5000-002764-d7e2b12a,1784798602076,1784798602077,202,1.000,warm
2760,exp-warm-5000-002758-ab1ff00b,1784798602076,1784798602077,202,1.000,warm
2761,exp-warm-5000-002765-1d61810b,1784798602076,1784798602077,202,1.000,warm
2762,exp-warm-5000-002755-a2c3fe86,1784798602077,1784798602077,202,0.000,warm
2763,exp-warm-5000-002760-e31235ad,1784798602077,1784798602077,202,0.000,warm
2764,exp-warm-5000-002761-15e2234c,1784798602077,1784798602077,202,0.000,warm
2765,exp-warm-5000-002762-f5b62bb7,1784798602077,1784798602077,202,0.000,warm
2766,exp-warm-5000-002770-1bf5ba2f,1784798602077,1784798602078,202,1.000,warm
2767,exp-warm-5000-002766-d750a686,1784798602077,1784798602078,202,1.000,warm
2768,exp-warm-5000-002768-cc3ac2ad,1784798602077,1784798602078,202,1.000,warm
2769,exp-warm-5000-002767-0fc4371b,1784798602078,1784798602078,202,0.000,warm
2770,exp-warm-5000-002769-2edb19f5,1784798602078,1784798602078,202,0.000,warm
2771,exp-warm-5000-002773-9fb25bfd,1784798602078,1784798602079,202,1.000,warm
2772,exp-warm-5000-002775-659f882f,1784798602078,1784798602079,202,1.000,warm
2773,exp-warm-5000-002774-22b36c6f,1784798602078,1784798602079,202,1.000,warm
2774,exp-warm-5000-002771-7daf7c0a,1784798602079,1784798602079,202,0.000,warm
2775,exp-warm-5000-002772-9158a372,1784798602079,1784798602079,202,0.000,warm
2776,exp-warm-5000-002776-df7eafa4,1784798602079,1784798602080,202,1.000,warm
2777,exp-warm-5000-002777-eab87ccb,1784798602080,1784798602080,202,0.000,warm
2778,exp-warm-5000-002778-c355089b,1784798602080,1784798602080,202,0.000,warm
2779,exp-warm-5000-002779-a85b2c48,1784798602080,1784798602080,202,0.000,warm
2780,exp-warm-5000-002780-05fb0ed2,1784798602080,1784798602080,202,0.000,warm
2781,exp-warm-5000-002781-87d15a7a,1784798602080,1784798602081,202,1.000,warm
2782,exp-warm-5000-002782-f90b9ccb,1784798602080,1784798602081,202,1.000,warm
2783,exp-warm-5000-002783-cc20a186,1784798602081,1784798602082,202,1.000,warm
2784,exp-warm-5000-002787-13de2347,1784798602081,1784798602082,202,1.000,warm
2785,exp-warm-5000-002786-9aae1169,1784798602081,1784798602082,202,1.000,warm
2786,exp-warm-5000-002785-aaea83ae,1784798602082,1784798602082,202,0.000,warm
2787,exp-warm-5000-002784-e5b663b7,1784798602082,1784798602082,202,0.000,warm
2788,exp-warm-5000-002791-8f58546a,1784798602082,1784798602083,202,1.000,warm
2789,exp-warm-5000-002795-ce7d4976,1784798602082,1784798602083,202,1.000,warm
2790,exp-warm-5000-002794-7958ee5d,1784798602082,1784798602083,202,1.000,warm
2791,exp-warm-5000-002796-e43b3376,1784798602082,1784798602083,202,1.000,warm
2792,exp-warm-5000-002790-0396c976,1784798602082,1784798602083,202,1.000,warm
2793,exp-warm-5000-002789-90c30d29,1784798602082,1784798602083,202,1.000,warm
2794,exp-warm-5000-002792-af2a3418,1784798602082,1784798602083,202,1.000,warm
2795,exp-warm-5000-002810-daf7fb5b,1784798602082,1784798602085,202,3.000,warm
2796,exp-warm-5000-002788-aa792a45,1784798602083,1784798602083,202,0.000,warm
2797,exp-warm-5000-002793-5ea66927,1784798602083,1784798602083,202,0.000,warm
2798,exp-warm-5000-002802-ca8ca68b,1784798602083,1784798602084,202,1.000,warm
2799,exp-warm-5000-002799-67ffdfdb,1784798602083,1784798602084,202,1.000,warm
2800,exp-warm-5000-002797-ac44745a,1784798602083,1784798602084,202,1.000,warm
2801,exp-warm-5000-002798-b6240d99,1784798602083,1784798602084,202,1.000,warm
2802,exp-warm-5000-002801-f7b56efb,1784798602083,1784798602084,202,1.000,warm
2803,exp-warm-5000-002803-c7944074,1784798602083,1784798602084,202,1.000,warm
2804,exp-warm-5000-002800-3aee134b,1784798602084,1784798602084,202,0.000,warm
2805,exp-warm-5000-002809-63d6d9a5,1784798602084,1784798602085,202,1.000,warm
2806,exp-warm-5000-002814-fcffdae4,1784798602084,1784798602085,202,1.000,warm
2807,exp-warm-5000-002811-5fe2ae08,1784798602084,1784798602085,202,1.000,warm
2808,exp-warm-5000-002812-32bcb1aa,1784798602084,1784798602085,202,1.000,warm
2809,exp-warm-5000-002834-49d92935,1784798602084,1784798602087,202,3.000,warm
2810,exp-warm-5000-002805-cd944abc,1784798602085,1784798602085,202,0.000,warm
2811,exp-warm-5000-002804-0395c2e9,1784798602085,1784798602085,202,0.000,warm
2812,exp-warm-5000-002806-5161e0cd,1784798602085,1784798602085,202,0.000,warm
2813,exp-warm-5000-002807-a4b4d68e,1784798602085,1784798602085,202,0.000,warm
2814,exp-warm-5000-002808-27074c88,1784798602085,1784798602085,202,0.000,warm
2815,exp-warm-5000-002813-9d6f870d,1784798602085,1784798602086,202,1.000,warm
2816,exp-warm-5000-002822-a19b8d60,1784798602085,1784798602086,202,1.000,warm
2817,exp-warm-5000-002820-fc06cdf0,1784798602085,1784798602086,202,1.000,warm
2818,exp-warm-5000-002816-045ca437,1784798602085,1784798602086,202,1.000,warm
2819,exp-warm-5000-002823-fadfbd4b,1784798602085,1784798602086,202,1.000,warm
2820,exp-warm-5000-002819-79aee34d,1784798602085,1784798602086,202,1.000,warm
2821,exp-warm-5000-002826-9ec6a30d,1784798602085,1784798602087,202,2.000,warm
2822,exp-warm-5000-002828-74caa05a,1784798602085,1784798602087,202,2.000,warm
2823,exp-warm-5000-002818-854d8e0d,1784798602086,1784798602086,202,0.000,warm
2824,exp-warm-5000-002815-bfa51b8d,1784798602086,1784798602086,202,0.000,warm
2825,exp-warm-5000-002817-9491e6f7,1784798602086,1784798602086,202,0.000,warm
2826,exp-warm-5000-002821-5e09b088,1784798602086,1784798602086,202,0.000,warm
2827,exp-warm-5000-002832-968d74f5,1784798602086,1784798602087,202,1.000,warm
2828,exp-warm-5000-002833-90181ea9,1784798602086,1784798602087,202,1.000,warm
2829,exp-warm-5000-002827-d25b4fa7,1784798602086,1784798602087,202,1.000,warm
2830,exp-warm-5000-002836-94d13b9c,1784798602086,1784798602087,202,1.000,warm
2831,exp-warm-5000-002830-862b0933,1784798602086,1784798602087,202,1.000,warm
2832,exp-warm-5000-002837-32850a68,1784798602086,1784798602087,202,1.000,warm
2833,exp-warm-5000-002831-80186203,1784798602086,1784798602087,202,1.000,warm
2834,exp-warm-5000-002824-998dcfbb,1784798602087,1784798602087,202,0.000,warm
2835,exp-warm-5000-002825-da8c24f5,1784798602087,1784798602087,202,0.000,warm
2836,exp-warm-5000-002829-599d4dbb,1784798602087,1784798602087,202,0.000,warm
2837,exp-warm-5000-002841-e93995dd,1784798602087,1784798602088,202,1.000,warm
2838,exp-warm-5000-002838-4b907008,1784798602087,1784798602088,202,1.000,warm
2839,exp-warm-5000-002847-cb2b00de,1784798602087,1784798602088,202,1.000,warm
2840,exp-warm-5000-002846-9c568ac3,1784798602087,1784798602088,202,1.000,warm
2841,exp-warm-5000-002844-66e0f7f4,1784798602087,1784798602088,202,1.000,warm
2842,exp-warm-5000-002839-1e734dca,1784798602087,1784798602088,202,1.000,warm
2843,exp-warm-5000-002845-7a26626d,1784798602087,1784798602088,202,1.000,warm
2844,exp-warm-5000-002840-5d0bff6d,1784798602088,1784798602088,202,0.000,warm
2845,exp-warm-5000-002843-69b7f0e5,1784798602088,1784798602088,202,0.000,warm
2846,exp-warm-5000-002835-5d8f1789,1784798602088,1784798602088,202,0.000,warm
2847,exp-warm-5000-002842-acb5f1d0,1784798602088,1784798602088,202,0.000,warm
2848,exp-warm-5000-002865-cef13a73,1784798602089,1784798602090,202,1.000,warm
2849,exp-warm-5000-002859-c644b1c1,1784798602089,1784798602090,202,1.000,warm
2850,exp-warm-5000-002850-fe24763f,1784798602089,1784798602090,202,1.000,warm
2851,exp-warm-5000-002852-dcaafa0d,1784798602089,1784798602090,202,1.000,warm
2852,exp-warm-5000-002860-5ed4a0a5,1784798602089,1784798602090,202,1.000,warm
2853,exp-warm-5000-002855-bbe608f9,1784798602089,1784798602090,202,1.000,warm
2854,exp-warm-5000-002863-61d60421,1784798602089,1784798602090,202,1.000,warm
2855,exp-warm-5000-002866-bdf3fc96,1784798602089,1784798602090,202,1.000,warm
2856,exp-warm-5000-002864-ffb8b1fe,1784798602089,1784798602090,202,1.000,warm
2857,exp-warm-5000-002854-5cc1d1dc,1784798602089,1784798602090,202,1.000,warm
2858,exp-warm-5000-002861-42c71531,1784798602089,1784798602090,202,1.000,warm
2859,exp-warm-5000-002862-ffaac9ee,1784798602089,1784798602090,202,1.000,warm
2860,exp-warm-5000-002857-372de41d,1784798602089,1784798602092,202,3.000,warm
2861,exp-warm-5000-002849-ddccfa8d,1784798602090,1784798602090,202,0.000,warm
2862,exp-warm-5000-002851-3389f9e1,1784798602090,1784798602090,202,0.000,warm
2863,exp-warm-5000-002870-bf82d220,1784798602090,1784798602092,202,2.000,warm
2864,exp-warm-5000-002877-7e3cf1ac,1784798602090,1784798602092,202,2.000,warm
2865,exp-warm-5000-002867-3a91a328,1784798602091,1784798602091,202,0.000,warm
2866,exp-warm-5000-002848-431fa22c,1784798602091,1784798602091,202,0.000,warm
2867,exp-warm-5000-002868-55f8e1ad,1784798602091,1784798602091,202,0.000,warm
2868,exp-warm-5000-002880-8af048da,1784798602091,1784798602092,202,1.000,warm
2869,exp-warm-5000-002872-12cdd6ee,1784798602091,1784798602092,202,1.000,warm
2870,exp-warm-5000-002869-073715c1,1784798602091,1784798602092,202,1.000,warm
2871,exp-warm-5000-002858-442ac6a2,1784798602091,1784798602092,202,1.000,warm
2872,exp-warm-5000-002875-7903f744,1784798602091,1784798602092,202,1.000,warm
2873,exp-warm-5000-002886-3cb0e8ab,1784798602091,1784798602093,202,2.000,warm
2874,exp-warm-5000-002876-2c36e033,1784798602091,1784798602093,202,2.000,warm
2875,exp-warm-5000-002853-7fa9b805,1784798602092,1784798602092,202,0.000,warm
2876,exp-warm-5000-002871-362d0dee,1784798602092,1784798602092,202,0.000,warm
2877,exp-warm-5000-002874-21b39c8f,1784798602092,1784798602092,202,0.000,warm
2878,exp-warm-5000-002873-3bbaa58f,1784798602092,1784798602092,202,0.000,warm
2879,exp-warm-5000-002885-0b979ce9,1784798602092,1784798602093,202,1.000,warm
2880,exp-warm-5000-002884-12872710,1784798602092,1784798602093,202,1.000,warm
2881,exp-warm-5000-002883-8c5acf23,1784798602092,1784798602093,202,1.000,warm
2882,exp-warm-5000-002887-ad795d4a,1784798602092,1784798602093,202,1.000,warm
2883,exp-warm-5000-002882-f2e77639,1784798602092,1784798602093,202,1.000,warm
2884,exp-warm-5000-002881-5b5b6ef2,1784798602092,1784798602093,202,1.000,warm
2885,exp-warm-5000-002879-060aa9f7,1784798602093,1784798602093,202,0.000,warm
2886,exp-warm-5000-002878-8f6745be,1784798602093,1784798602093,202,0.000,warm
2887,exp-warm-5000-002856-f492f0a1,1784798602093,1784798602093,202,0.000,warm
2888,exp-warm-5000-002888-449a8879,1784798602093,1784798602094,202,1.000,warm
2889,exp-warm-5000-002891-995e2bb7,1784798602093,1784798602094,202,1.000,warm
2890,exp-warm-5000-002900-09676bc9,1784798602093,1784798602095,202,2.000,warm
2891,exp-warm-5000-002913-7eb4abb9,1784798602093,1784798602095,202,2.000,warm
2892,exp-warm-5000-002899-75dfa8c3,1784798602093,1784798602095,202,2.000,warm
2893,exp-warm-5000-002917-f2b46cf7,1784798602093,1784798602096,202,3.000,warm
2894,exp-warm-5000-002895-b2c5da69,1784798602093,1784798602096,202,3.000,warm
2895,exp-warm-5000-002889-95823305,1784798602094,1784798602094,202,0.000,warm
2896,exp-warm-5000-002892-44612ebd,1784798602094,1784798602094,202,0.000,warm
2897,exp-warm-5000-002890-fd080a65,1784798602094,1784798602094,202,0.000,warm
2898,exp-warm-5000-002893-42635764,1784798602094,1784798602094,202,0.000,warm
2899,exp-warm-5000-002909-31917343,1784798602094,1784798602095,202,1.000,warm
2900,exp-warm-5000-002908-c4e7dedb,1784798602094,1784798602095,202,1.000,warm
2901,exp-warm-5000-002911-26adbd72,1784798602094,1784798602095,202,1.000,warm
2902,exp-warm-5000-002910-fa675b22,1784798602094,1784798602095,202,1.000,warm
2903,exp-warm-5000-002907-3a1449af,1784798602094,1784798602095,202,1.000,warm
2904,exp-warm-5000-002914-efed6b1c,1784798602094,1784798602095,202,1.000,warm
2905,exp-warm-5000-002925-ba3c9bba,1784798602094,1784798602096,202,2.000,warm
2906,exp-warm-5000-002894-de1dab3f,1784798602094,1784798602096,202,2.000,warm
2907,exp-warm-5000-002912-8ff855fe,1784798602094,1784798602096,202,2.000,warm
2908,exp-warm-5000-002897-30791b18,1784798602095,1784798602095,202,0.000,warm
2909,exp-warm-5000-002902-07c8c6a6,1784798602095,1784798602095,202,0.000,warm
2910,exp-warm-5000-002901-0ad9dac5,1784798602095,1784798602095,202,0.000,warm
2911,exp-warm-5000-002896-cd3211cf,1784798602095,1784798602095,202,0.000,warm
2912,exp-warm-5000-002903-8af00681,1784798602095,1784798602095,202,0.000,warm
2913,exp-warm-5000-002904-dc75107f,1784798602095,1784798602095,202,0.000,warm
2914,exp-warm-5000-002898-f858bb8d,1784798602095,1784798602095,202,0.000,warm
2915,exp-warm-5000-002906-9f4dd5c6,1784798602095,1784798602095,202,0.000,warm
2916,exp-warm-5000-002905-b4ca4409,1784798602095,1784798602095,202,0.000,warm
2917,exp-warm-5000-002923-7a3491c2,1784798602095,1784798602096,202,1.000,warm
2918,exp-warm-5000-002920-81c0ef35,1784798602095,1784798602096,202,1.000,warm
2919,exp-warm-5000-002924-41a13cb6,1784798602095,1784798602096,202,1.000,warm
2920,exp-warm-5000-002921-519fbff5,1784798602095,1784798602096,202,1.000,warm
2921,exp-warm-5000-002915-7794849d,1784798602095,1784798602096,202,1.000,warm
2922,exp-warm-5000-002936-627ea466,1784798602095,1784798602097,202,2.000,warm
2923,exp-warm-5000-002944-373a73e5,1784798602095,1784798602098,202,3.000,warm
2924,exp-warm-5000-002916-c4c22c1b,1784798602096,1784798602096,202,0.000,warm
2925,exp-warm-5000-002918-8132bca9,1784798602096,1784798602096,202,0.000,warm
2926,exp-warm-5000-002919-1ff23eaa,1784798602096,1784798602096,202,0.000,warm
2927,exp-warm-5000-002922-245bde65,1784798602096,1784798602096,202,0.000,warm
2928,exp-warm-5000-002932-0c8b5abe,1784798602096,1784798602097,202,1.000,warm
2929,exp-warm-5000-002938-730099e7,1784798602096,1784798602097,202,1.000,warm
2930,exp-warm-5000-002935-1b673cad,1784798602096,1784798602097,202,1.000,warm
2931,exp-warm-5000-002939-4e977cf4,1784798602096,1784798602097,202,1.000,warm
2932,exp-warm-5000-002940-dd7b8de1,1784798602096,1784798602097,202,1.000,warm
2933,exp-warm-5000-002941-f266c963,1784798602096,1784798602097,202,1.000,warm
2934,exp-warm-5000-002942-4c28e3f3,1784798602096,1784798602097,202,1.000,warm
2935,exp-warm-5000-002926-ab7271f6,1784798602096,1784798602097,202,1.000,warm
2936,exp-warm-5000-002928-6e8d197e,1784798602097,1784798602097,202,0.000,warm
2937,exp-warm-5000-002929-414994e4,1784798602097,1784798602097,202,0.000,warm
2938,exp-warm-5000-002931-7bc33bef,1784798602097,1784798602097,202,0.000,warm
2939,exp-warm-5000-002933-df487937,1784798602097,1784798602097,202,0.000,warm
2940,exp-warm-5000-002930-61848594,1784798602097,1784798602097,202,0.000,warm
2941,exp-warm-5000-002934-e6a9a8a3,1784798602097,1784798602097,202,0.000,warm
2942,exp-warm-5000-002927-c8165168,1784798602097,1784798602097,202,0.000,warm
2943,exp-warm-5000-002946-9b9f9482,1784798602097,1784798602098,202,1.000,warm
2944,exp-warm-5000-002947-ca42cdd2,1784798602097,1784798602098,202,1.000,warm
2945,exp-warm-5000-002948-42b45e2d,1784798602097,1784798602098,202,1.000,warm
2946,exp-warm-5000-002937-4c2060fb,1784798602097,1784798602098,202,1.000,warm
2947,exp-warm-5000-002949-5c651903,1784798602097,1784798602098,202,1.000,warm
2948,exp-warm-5000-002959-aca88d8a,1784798602097,1784798602099,202,2.000,warm
2949,exp-warm-5000-002964-6d80fcdb,1784798602097,1784798602099,202,2.000,warm
2950,exp-warm-5000-002943-61f9eac8,1784798602098,1784798602098,202,0.000,warm
2951,exp-warm-5000-002945-1a223b83,1784798602098,1784798602098,202,0.000,warm
2952,exp-warm-5000-002958-af89a85d,1784798602098,1784798602099,202,1.000,warm
2953,exp-warm-5000-002951-68cd4087,1784798602098,1784798602099,202,1.000,warm
2954,exp-warm-5000-002955-b737742a,1784798602098,1784798602099,202,1.000,warm
2955,exp-warm-5000-002961-4a8cb873,1784798602098,1784798602099,202,1.000,warm
2956,exp-warm-5000-002957-4fe6cb65,1784798602098,1784798602099,202,1.000,warm
2957,exp-warm-5000-002963-9f2e9fcc,1784798602098,1784798602099,202,1.000,warm
2958,exp-warm-5000-002962-805e7382,1784798602098,1784798602099,202,1.000,warm
2959,exp-warm-5000-002960-bdedd1c5,1784798602098,1784798602099,202,1.000,warm
2960,exp-warm-5000-002952-59259c2f,1784798602098,1784798602099,202,1.000,warm
2961,exp-warm-5000-002972-9199f983,1784798602098,1784798602100,202,2.000,warm
2962,exp-warm-5000-002953-0711a53d,1784798602099,1784798602099,202,0.000,warm
2963,exp-warm-5000-002950-2f66c6ea,1784798602099,1784798602099,202,0.000,warm
2964,exp-warm-5000-002954-4c469833,1784798602099,1784798602099,202,0.000,warm
2965,exp-warm-5000-002956-8552ebfe,1784798602099,1784798602099,202,0.000,warm
2966,exp-warm-5000-002973-4b02f036,1784798602099,1784798602100,202,1.000,warm
2967,exp-warm-5000-002974-b33a5b8f,1784798602099,1784798602100,202,1.000,warm
2968,exp-warm-5000-002971-d52877c4,1784798602099,1784798602100,202,1.000,warm
2969,exp-warm-5000-002982-91df1945,1784798602099,1784798602101,202,2.000,warm
2970,exp-warm-5000-002966-ae6cce3b,1784798602100,1784798602100,202,0.000,warm
2971,exp-warm-5000-002965-672c0a14,1784798602100,1784798602100,202,0.000,warm
2972,exp-warm-5000-002968-31f20308,1784798602100,1784798602100,202,0.000,warm
2973,exp-warm-5000-002969-a4cc6710,1784798602100,1784798602100,202,0.000,warm
2974,exp-warm-5000-002970-83f2f687,1784798602100,1784798602100,202,0.000,warm
2975,exp-warm-5000-002967-fd128918,1784798602100,1784798602100,202,0.000,warm
2976,exp-warm-5000-002983-2fac575b,1784798602100,1784798602101,202,1.000,warm
2977,exp-warm-5000-002980-e19767b0,1784798602100,1784798602101,202,1.000,warm
2978,exp-warm-5000-002979-97bb039f,1784798602100,1784798602101,202,1.000,warm
2979,exp-warm-5000-002977-6c0be0f9,1784798602101,1784798602101,202,0.000,warm
2980,exp-warm-5000-002978-3a19f5cf,1784798602101,1784798602101,202,0.000,warm
2981,exp-warm-5000-002976-f8a82d4a,1784798602101,1784798602101,202,0.000,warm
2982,exp-warm-5000-002981-b118ef4a,1784798602101,1784798602101,202,0.000,warm
2983,exp-warm-5000-002975-7ae1900c,1784798602101,1784798602101,202,0.000,warm
2984,exp-warm-5000-002989-70913cb9,1784798602101,1784798602102,202,1.000,warm
2985,exp-warm-5000-002990-ead78eac,1784798602101,1784798602102,202,1.000,warm
2986,exp-warm-5000-002992-deecddd2,1784798602101,1784798602102,202,1.000,warm
2987,exp-warm-5000-002991-f48afbfb,1784798602101,1784798602102,202,1.000,warm
2988,exp-warm-5000-002993-716beae9,1784798602101,1784798602102,202,1.000,warm
2989,exp-warm-5000-002994-6b155ddb,1784798602101,1784798602102,202,1.000,warm
2990,exp-warm-5000-002987-6b270c59,1784798602102,1784798602102,202,0.000,warm
2991,exp-warm-5000-002985-bab0608b,1784798602102,1784798602102,202,0.000,warm
2992,exp-warm-5000-002984-7aa43dee,1784798602102,1784798602102,202,0.000,warm
2993,exp-warm-5000-002986-e1793014,1784798602102,1784798602102,202,0.000,warm
2994,exp-warm-5000-002988-1b7bd4f8,1784798602102,1784798602102,202,0.000,warm
2995,exp-warm-5000-003002-93bd3ab1,1784798602102,1784798602103,202,1.000,warm
2996,exp-warm-5000-003005-153741ab,1784798602102,1784798602103,202,1.000,warm
2997,exp-warm-5000-003003-3291e7ca,1784798602102,1784798602103,202,1.000,warm
2998,exp-warm-5000-003004-faf8f605,1784798602102,1784798602103,202,1.000,warm
2999,exp-warm-5000-002997-b28f5b74,1784798602102,1784798602103,202,1.000,warm
3000,exp-warm-5000-003015-49c7794a,1784798602102,1784798602104,202,2.000,warm
3001,exp-warm-5000-003018-b3478e4f,1784798602102,1784798602104,202,2.000,warm
3002,exp-warm-5000-003013-ae43ee8e,1784798602102,1784798602104,202,2.000,warm
3003,exp-warm-5000-003014-d87e4d36,1784798602102,1784798602104,202,2.000,warm
3004,exp-warm-5000-003019-f0160e22,1784798602102,1784798602104,202,2.000,warm
3005,exp-warm-5000-002996-45e685b8,1784798602103,1784798602103,202,0.000,warm
3006,exp-warm-5000-002995-49b37ad7,1784798602103,1784798602103,202,0.000,warm
3007,exp-warm-5000-003000-7b4b4e59,1784798602103,1784798602103,202,0.000,warm
3008,exp-warm-5000-002999-79ded42f,1784798602103,1784798602103,202,0.000,warm
3009,exp-warm-5000-003001-bf21c8e6,1784798602103,1784798602103,202,0.000,warm
3010,exp-warm-5000-002998-0a50e379,1784798602103,1784798602103,202,0.000,warm
3011,exp-warm-5000-003016-6cff921d,1784798602103,1784798602104,202,1.000,warm
3012,exp-warm-5000-003006-4ac33f77,1784798602103,1784798602104,202,1.000,warm
3013,exp-warm-5000-003009-6890cbc1,1784798602103,1784798602104,202,1.000,warm
3014,exp-warm-5000-003017-52413900,1784798602103,1784798602104,202,1.000,warm
3015,exp-warm-5000-003008-09deca1a,1784798602103,1784798602104,202,1.000,warm
3016,exp-warm-5000-003025-fd6dc96f,1784798602103,1784798602105,202,2.000,warm
3017,exp-warm-5000-003023-763ef0c7,1784798602103,1784798602105,202,2.000,warm
3018,exp-warm-5000-003029-f991a0f7,1784798602103,1784798602105,202,2.000,warm
3019,exp-warm-5000-003028-60882c5d,1784798602103,1784798602105,202,2.000,warm
3020,exp-warm-5000-003030-3d8a4a6f,1784798602103,1784798602105,202,2.000,warm
3021,exp-warm-5000-003010-f8cc7de7,1784798602104,1784798602104,202,0.000,warm
3022,exp-warm-5000-003011-9986375b,1784798602104,1784798602104,202,0.000,warm
3023,exp-warm-5000-003012-0aa768e9,1784798602104,1784798602104,202,0.000,warm
3024,exp-warm-5000-003007-1038d21b,1784798602104,1784798602104,202,0.000,warm
3025,exp-warm-5000-003032-678ca208,1784798602104,1784798602105,202,1.000,warm
3026,exp-warm-5000-003031-43a976c3,1784798602104,1784798602105,202,1.000,warm
3027,exp-warm-5000-003024-289c946d,1784798602104,1784798602105,202,1.000,warm
3028,exp-warm-5000-003020-e5fda3a1,1784798602104,1784798602105,202,1.000,warm
3029,exp-warm-5000-003033-1f996620,1784798602104,1784798602106,202,2.000,warm
3030,exp-warm-5000-003034-0179567a,1784798602104,1784798602106,202,2.000,warm
3031,exp-warm-5000-003021-b666195e,1784798602105,1784798602105,202,0.000,warm
3032,exp-warm-5000-003022-989eeeb6,1784798602105,1784798602105,202,0.000,warm
3033,exp-warm-5000-003026-880a5811,1784798602105,1784798602105,202,0.000,warm
3034,exp-warm-5000-003027-73921b55,1784798602105,1784798602105,202,0.000,warm
3035,exp-warm-5000-003037-0ca12e96,1784798602105,1784798602106,202,1.000,warm
3036,exp-warm-5000-003036-0cddd35d,1784798602105,1784798602106,202,1.000,warm
3037,exp-warm-5000-003035-00a52327,1784798602105,1784798602106,202,1.000,warm
3038,exp-warm-5000-003040-f737a947,1784798602105,1784798602107,202,2.000,warm
3039,exp-warm-5000-003043-aa21a3a1,1784798602106,1784798602107,202,1.000,warm
3040,exp-warm-5000-003044-850d74e7,1784798602106,1784798602107,202,1.000,warm
3041,exp-warm-5000-003042-7567e818,1784798602106,1784798602107,202,1.000,warm
3042,exp-warm-5000-003039-9b15c137,1784798602107,1784798602107,202,0.000,warm
3043,exp-warm-5000-003038-8537cd09,1784798602107,1784798602107,202,0.000,warm
3044,exp-warm-5000-003041-53d6bae6,1784798602107,1784798602107,202,0.000,warm
3045,exp-warm-5000-003050-dfb62276,1784798602107,1784798602108,202,1.000,warm
3046,exp-warm-5000-003047-36f40211,1784798602107,1784798602108,202,1.000,warm
3047,exp-warm-5000-003052-d0d09a78,1784798602107,1784798602108,202,1.000,warm
3048,exp-warm-5000-003051-97e6b814,1784798602107,1784798602108,202,1.000,warm
3049,exp-warm-5000-003055-0fd90160,1784798602107,1784798602108,202,1.000,warm
3050,exp-warm-5000-003056-3231ede3,1784798602107,1784798602108,202,1.000,warm
3051,exp-warm-5000-003048-265d6f29,1784798602107,1784798602108,202,1.000,warm
3052,exp-warm-5000-003053-df372563,1784798602107,1784798602108,202,1.000,warm
3053,exp-warm-5000-003057-93e044a4,1784798602107,1784798602109,202,2.000,warm
3054,exp-warm-5000-003063-c6edfb09,1784798602107,1784798602109,202,2.000,warm
3055,exp-warm-5000-003066-5e4e321b,1784798602107,1784798602109,202,2.000,warm
3056,exp-warm-5000-003045-2dc7ddf0,1784798602108,1784798602108,202,0.000,warm
3057,exp-warm-5000-003046-12165743,1784798602108,1784798602108,202,0.000,warm
3058,exp-warm-5000-003049-9315996b,1784798602108,1784798602108,202,0.000,warm
3059,exp-warm-5000-003067-71bf521d,1784798602108,1784798602109,202,1.000,warm
3060,exp-warm-5000-003065-f6587935,1784798602108,1784798602109,202,1.000,warm
3061,exp-warm-5000-003068-b7e7a45d,1784798602108,1784798602109,202,1.000,warm
3062,exp-warm-5000-003060-b37e6846,1784798602108,1784798602109,202,1.000,warm
3063,exp-warm-5000-003058-a798131f,1784798602109,1784798602109,202,0.000,warm
3064,exp-warm-5000-003062-6818ea06,1784798602109,1784798602109,202,0.000,warm
3065,exp-warm-5000-003054-8f17819c,1784798602109,1784798602109,202,0.000,warm
3066,exp-warm-5000-003059-446ff098,1784798602109,1784798602109,202,0.000,warm
3067,exp-warm-5000-003061-e57057fb,1784798602109,1784798602109,202,0.000,warm
3068,exp-warm-5000-003064-134308ba,1784798602109,1784798602109,202,0.000,warm
3069,exp-warm-5000-003071-00135ed0,1784798602109,1784798602110,202,1.000,warm
3070,exp-warm-5000-003074-51cfddda,1784798602109,1784798602110,202,1.000,warm
3071,exp-warm-5000-003076-1da136f8,1784798602109,1784798602110,202,1.000,warm
3072,exp-warm-5000-003070-dbcad1ce,1784798602110,1784798602110,202,0.000,warm
3073,exp-warm-5000-003069-c0bb603c,1784798602110,1784798602110,202,0.000,warm
3074,exp-warm-5000-003072-ce27c085,1784798602110,1784798602110,202,0.000,warm
3075,exp-warm-5000-003078-f3a6e94c,1784798602110,1784798602111,202,1.000,warm
3076,exp-warm-5000-003075-a0dc995d,1784798602111,1784798602111,202,0.000,warm
3077,exp-warm-5000-003073-3064ae95,1784798602111,1784798602111,202,0.000,warm
3078,exp-warm-5000-003077-be16aecd,1784798602111,1784798602111,202,0.000,warm
3079,exp-warm-5000-003082-9854ec9c,1784798602111,1784798602112,202,1.000,warm
3080,exp-warm-5000-003083-4a446ab3,1784798602111,1784798602112,202,1.000,warm
3081,exp-warm-5000-003080-34a80e28,1784798602112,1784798602112,202,0.000,warm
3082,exp-warm-5000-003081-9fc6020a,1784798602112,1784798602112,202,0.000,warm
3083,exp-warm-5000-003079-cf6ad394,1784798602112,1784798602112,202,0.000,warm
3084,exp-warm-5000-003089-d8ac26a7,1784798602112,1784798602113,202,1.000,warm
3085,exp-warm-5000-003088-47c5c6bf,1784798602112,1784798602113,202,1.000,warm
3086,exp-warm-5000-003086-fb2698bf,1784798602113,1784798602113,202,0.000,warm
3087,exp-warm-5000-003085-521f9345,1784798602113,1784798602113,202,0.000,warm
3088,exp-warm-5000-003087-eb02abb5,1784798602113,1784798602113,202,0.000,warm
3089,exp-warm-5000-003084-d99057a4,1784798602113,1784798602113,202,0.000,warm
3090,exp-warm-5000-003093-a43fbd0e,1784798602113,1784798602114,202,1.000,warm
3091,exp-warm-5000-003100-c22a269f,1784798602113,1784798602114,202,1.000,warm
3092,exp-warm-5000-003090-d8d26b18,1784798602113,1784798602114,202,1.000,warm
3093,exp-warm-5000-003099-44bc7db3,1784798602113,1784798602114,202,1.000,warm
3094,exp-warm-5000-003097-dbfda392,1784798602113,1784798602114,202,1.000,warm
3095,exp-warm-5000-003098-816e4fb9,1784798602113,1784798602114,202,1.000,warm
3096,exp-warm-5000-003095-2925cfea,1784798602114,1784798602114,202,0.000,warm
3097,exp-warm-5000-003091-6fb070f9,1784798602114,1784798602114,202,0.000,warm
3098,exp-warm-5000-003094-6a248bdc,1784798602114,1784798602114,202,0.000,warm
3099,exp-warm-5000-003092-bbad0491,1784798602114,1784798602114,202,0.000,warm
3100,exp-warm-5000-003096-a1ae9824,1784798602114,1784798602114,202,0.000,warm
3101,exp-warm-5000-003105-37af7f7d,1784798602114,1784798602115,202,1.000,warm
3102,exp-warm-5000-003104-df323618,1784798602114,1784798602115,202,1.000,warm
3103,exp-warm-5000-003106-09e9b945,1784798602114,1784798602115,202,1.000,warm
3104,exp-warm-5000-003102-e0066e78,1784798602114,1784798602115,202,1.000,warm
3105,exp-warm-5000-003107-93fe040c,1784798602114,1784798602115,202,1.000,warm
3106,exp-warm-5000-003139-951c6536,1784798602114,1784798602119,202,5.000,warm
3107,exp-warm-5000-003143-0c2a9a84,1784798602114,1784798602119,202,5.000,warm
3108,exp-warm-5000-003103-c337dde5,1784798602115,1784798602115,202,0.000,warm
3109,exp-warm-5000-003101-f323760e,1784798602115,1784798602115,202,0.000,warm
3110,exp-warm-5000-003112-c720e9ed,1784798602115,1784798602116,202,1.000,warm
3111,exp-warm-5000-003109-fbff5dc7,1784798602115,1784798602116,202,1.000,warm
3112,exp-warm-5000-003120-06a8f8b2,1784798602115,1784798602117,202,2.000,warm
3113,exp-warm-5000-003108-f003589a,1784798602116,1784798602116,202,0.000,warm
3114,exp-warm-5000-003110-a7373b81,1784798602116,1784798602116,202,0.000,warm
3115,exp-warm-5000-003111-26ec2186,1784798602116,1784798602116,202,0.000,warm
3116,exp-warm-5000-003116-07f80090,1784798602116,1784798602117,202,1.000,warm
3117,exp-warm-5000-003121-7e7219f2,1784798602116,1784798602117,202,1.000,warm
3118,exp-warm-5000-003119-7273e02d,1784798602116,1784798602117,202,1.000,warm
3119,exp-warm-5000-003114-9968afe6,1784798602116,1784798602117,202,1.000,warm
3120,exp-warm-5000-003126-6298355a,1784798602116,1784798602118,202,2.000,warm
3121,exp-warm-5000-003149-20f3a69c,1784798602116,1784798602120,202,4.000,warm
3122,exp-warm-5000-003115-e428bd1e,1784798602117,1784798602117,202,0.000,warm
3123,exp-warm-5000-003113-d554e3c8,1784798602117,1784798602117,202,0.000,warm
3124,exp-warm-5000-003118-738bc4ae,1784798602117,1784798602117,202,0.000,warm
3125,exp-warm-5000-003117-974b44af,1784798602117,1784798602117,202,0.000,warm
3126,exp-warm-5000-003130-893ece78,1784798602117,1784798602118,202,1.000,warm
3127,exp-warm-5000-003132-5df9079f,1784798602117,1784798602118,202,1.000,warm
3128,exp-warm-5000-003129-ff69e835,1784798602117,1784798602118,202,1.000,warm
3129,exp-warm-5000-003133-6ab20e45,1784798602117,1784798602118,202,1.000,warm
3130,exp-warm-5000-003127-c224b4f9,1784798602117,1784798602118,202,1.000,warm
3131,exp-warm-5000-003124-0825116a,1784798602117,1784798602118,202,1.000,warm
3132,exp-warm-5000-003131-378feaa2,1784798602117,1784798602118,202,1.000,warm
3133,exp-warm-5000-003128-f7950593,1784798602117,1784798602118,202,1.000,warm
3134,exp-warm-5000-003123-04097ff8,1784798602117,1784798602118,202,1.000,warm
3135,exp-warm-5000-003140-b0ab2a09,1784798602117,1784798602119,202,2.000,warm
3136,exp-warm-5000-003146-58944d7d,1784798602117,1784798602119,202,2.000,warm
3137,exp-warm-5000-003158-9b33f908,1784798602117,1784798602121,202,4.000,warm
3138,exp-warm-5000-003122-3d5dc56e,1784798602118,1784798602118,202,0.000,warm
3139,exp-warm-5000-003125-6942b59c,1784798602118,1784798602118,202,0.000,warm
3140,exp-warm-5000-003138-53d243af,1784798602118,1784798602119,202,1.000,warm
3141,exp-warm-5000-003134-e17c0c47,1784798602118,1784798602119,202,1.000,warm
3142,exp-warm-5000-003144-301dc31f,1784798602118,1784798602119,202,1.000,warm
3143,exp-warm-5000-003151-2c77af1b,1784798602118,1784798602120,202,2.000,warm
3144,exp-warm-5000-003160-a5e6805f,1784798602118,1784798602121,202,3.000,warm
3145,exp-warm-5000-003136-0087635f,1784798602119,1784798602119,202,0.000,warm
3146,exp-warm-5000-003135-e7a059df,1784798602119,1784798602119,202,0.000,warm
3147,exp-warm-5000-003141-9cd5531a,1784798602119,1784798602119,202,0.000,warm
3148,exp-warm-5000-003137-7f11c036,1784798602119,1784798602119,202,0.000,warm
3149,exp-warm-5000-003154-a62b69a3,1784798602119,1784798602120,202,1.000,warm
3150,exp-warm-5000-003155-5c772bc1,1784798602119,1784798602120,202,1.000,warm
3151,exp-warm-5000-003152-a1ad508f,1784798602119,1784798602120,202,1.000,warm
3152,exp-warm-5000-003150-7000af9e,1784798602119,1784798602120,202,1.000,warm
3153,exp-warm-5000-003142-1fcc4040,1784798602119,1784798602120,202,1.000,warm
3154,exp-warm-5000-003157-2dc2c7ab,1784798602119,1784798602120,202,1.000,warm
3155,exp-warm-5000-003156-8e247c92,1784798602119,1784798602120,202,1.000,warm
3156,exp-warm-5000-003161-041ed021,1784798602119,1784798602121,202,2.000,warm
3157,exp-warm-5000-003147-8f612beb,1784798602120,1784798602120,202,0.000,warm
3158,exp-warm-5000-003145-bc66981e,1784798602120,1784798602120,202,0.000,warm
3159,exp-warm-5000-003148-025e9ca2,1784798602120,1784798602120,202,0.000,warm
3160,exp-warm-5000-003163-e79b54eb,1784798602120,1784798602121,202,1.000,warm
3161,exp-warm-5000-003153-92d515ce,1784798602120,1784798602121,202,1.000,warm
3162,exp-warm-5000-003164-431f11dc,1784798602120,1784798602121,202,1.000,warm
3163,exp-warm-5000-003165-aefa9f11,1784798602120,1784798602121,202,1.000,warm
3164,exp-warm-5000-003159-3cc9db2d,1784798602121,1784798602121,202,0.000,warm
3165,exp-warm-5000-003162-9b86ba2a,1784798602121,1784798602121,202,0.000,warm
3166,exp-warm-5000-003172-861a9678,1784798602121,1784798602122,202,1.000,warm
3167,exp-warm-5000-003167-8db652ac,1784798602121,1784798602122,202,1.000,warm
3168,exp-warm-5000-003169-f0130abe,1784798602121,1784798602122,202,1.000,warm
3169,exp-warm-5000-003175-7baf45d9,1784798602121,1784798602122,202,1.000,warm
3170,exp-warm-5000-003170-5fc1a518,1784798602121,1784798602122,202,1.000,warm
3171,exp-warm-5000-003173-d819566f,1784798602121,1784798602122,202,1.000,warm
3172,exp-warm-5000-003174-3bc8f8de,1784798602121,1784798602122,202,1.000,warm
3173,exp-warm-5000-003171-a5798b14,1784798602121,1784798602122,202,1.000,warm
3174,exp-warm-5000-003168-a3c9437b,1784798602121,1784798602122,202,1.000,warm
3175,exp-warm-5000-003186-29df6305,1784798602121,1784798602123,202,2.000,warm
3176,exp-warm-5000-003177-647f0f31,1784798602121,1784798602124,202,3.000,warm
3177,exp-warm-5000-003166-3f0e4ef9,1784798602122,1784798602122,202,0.000,warm
3178,exp-warm-5000-003180-b4b2ebe5,1784798602122,1784798602123,202,1.000,warm
3179,exp-warm-5000-003176-999229f1,1784798602122,1784798602123,202,1.000,warm
3180,exp-warm-5000-003184-105c7709,1784798602122,1784798602123,202,1.000,warm
3181,exp-warm-5000-003181-568d967e,1784798602122,1784798602123,202,1.000,warm
3182,exp-warm-5000-003185-8c645c62,1784798602122,1784798602123,202,1.000,warm
3183,exp-warm-5000-003183-7228bf76,1784798602122,1784798602123,202,1.000,warm
3184,exp-warm-5000-003192-63c59637,1784798602122,1784798602124,202,2.000,warm
3185,exp-warm-5000-003179-c7665298,1784798602123,1784798602123,202,0.000,warm
3186,exp-warm-5000-003178-16920749,1784798602123,1784798602123,202,0.000,warm
3187,exp-warm-5000-003182-f911fc91,1784798602123,1784798602123,202,0.000,warm
3188,exp-warm-5000-003198-90bec4c0,1784798602123,1784798602124,202,1.000,warm
3189,exp-warm-5000-003196-a7b188d8,1784798602123,1784798602124,202,1.000,warm
3190,exp-warm-5000-003193-e3a3239f,1784798602123,1784798602124,202,1.000,warm
3191,exp-warm-5000-003195-2158ed08,1784798602123,1784798602124,202,1.000,warm
3192,exp-warm-5000-003189-9dee401b,1784798602123,1784798602124,202,1.000,warm
3193,exp-warm-5000-003201-673b7f90,1784798602123,1784798602125,202,2.000,warm
3194,exp-warm-5000-003188-f8a9e9ce,1784798602124,1784798602124,202,0.000,warm
3195,exp-warm-5000-003190-29e4c4b7,1784798602124,1784798602124,202,0.000,warm
3196,exp-warm-5000-003191-6fd5a89b,1784798602124,1784798602124,202,0.000,warm
3197,exp-warm-5000-003194-18cc6220,1784798602124,1784798602124,202,0.000,warm
3198,exp-warm-5000-003187-fdc49231,1784798602124,1784798602124,202,0.000,warm
3199,exp-warm-5000-003203-ac66a675,1784798602124,1784798602125,202,1.000,warm
3200,exp-warm-5000-003212-cd174ce5,1784798602124,1784798602126,202,2.000,warm
3201,exp-warm-5000-003200-f1abf742,1784798602125,1784798602125,202,0.000,warm
3202,exp-warm-5000-003202-f7ff3e37,1784798602125,1784798602125,202,0.000,warm
3203,exp-warm-5000-003199-973a4b90,1784798602125,1784798602125,202,0.000,warm
3204,exp-warm-5000-003197-30a3fa03,1784798602125,1784798602125,202,0.000,warm
3205,exp-warm-5000-003206-6ba53e13,1784798602125,1784798602126,202,1.000,warm
3206,exp-warm-5000-003208-08549978,1784798602125,1784798602126,202,1.000,warm
3207,exp-warm-5000-003217-40085832,1784798602125,1784798602126,202,1.000,warm
3208,exp-warm-5000-003216-8a9889a1,1784798602125,1784798602126,202,1.000,warm
3209,exp-warm-5000-003218-42001e0a,1784798602125,1784798602126,202,1.000,warm
3210,exp-warm-5000-003209-f6e6e113,1784798602125,1784798602126,202,1.000,warm
3211,exp-warm-5000-003227-88506c14,1784798602125,1784798602127,202,2.000,warm
3212,exp-warm-5000-003207-5dbd4767,1784798602126,1784798602126,202,0.000,warm
3213,exp-warm-5000-003204-ea04e970,1784798602126,1784798602126,202,0.000,warm
3214,exp-warm-5000-003211-3268da44,1784798602126,1784798602126,202,0.000,warm
3215,exp-warm-5000-003213-ae51fa25,1784798602126,1784798602126,202,0.000,warm
3216,exp-warm-5000-003205-e2613096,1784798602126,1784798602126,202,0.000,warm
3217,exp-warm-5000-003210-feb9f346,1784798602126,1784798602126,202,0.000,warm
3218,exp-warm-5000-003214-80918f8c,1784798602126,1784798602126,202,0.000,warm
3219,exp-warm-5000-003215-5a644d88,1784798602126,1784798602126,202,0.000,warm
3220,exp-warm-5000-003225-2ed39045,1784798602126,1784798602127,202,1.000,warm
3221,exp-warm-5000-003228-435873c0,1784798602126,1784798602127,202,1.000,warm
3222,exp-warm-5000-003229-7ea75707,1784798602126,1784798602127,202,1.000,warm
3223,exp-warm-5000-003219-dd4892e3,1784798602126,1784798602127,202,1.000,warm
3224,exp-warm-5000-003230-beebd78e,1784798602126,1784798602127,202,1.000,warm
3225,exp-warm-5000-003221-d58d9f33,1784798602127,1784798602127,202,0.000,warm
3226,exp-warm-5000-003222-206bdf0c,1784798602127,1784798602127,202,0.000,warm
3227,exp-warm-5000-003220-4591e2d2,1784798602127,1784798602127,202,0.000,warm
3228,exp-warm-5000-003223-591878c0,1784798602127,1784798602127,202,0.000,warm
3229,exp-warm-5000-003224-3ec033fb,1784798602127,1784798602127,202,0.000,warm
3230,exp-warm-5000-003226-93c90b10,1784798602127,1784798602127,202,0.000,warm
3231,exp-warm-5000-003239-3380f371,1784798602127,1784798602128,202,1.000,warm
3232,exp-warm-5000-003236-cdf166eb,1784798602127,1784798602128,202,1.000,warm
3233,exp-warm-5000-003242-7ee49aa6,1784798602127,1784798602128,202,1.000,warm
3234,exp-warm-5000-003241-3afe4038,1784798602127,1784798602128,202,1.000,warm
3235,exp-warm-5000-003240-5a140f4c,1784798602127,1784798602128,202,1.000,warm
3236,exp-warm-5000-003237-dba37458,1784798602127,1784798602128,202,1.000,warm
3237,exp-warm-5000-003238-66b57150,1784798602127,1784798602129,202,2.000,warm
3238,exp-warm-5000-003248-6bf751a0,1784798602127,1784798602129,202,2.000,warm
3239,exp-warm-5000-003232-f10817cb,1784798602128,1784798602128,202,0.000,warm
3240,exp-warm-5000-003231-daee971d,1784798602128,1784798602128,202,0.000,warm
3241,exp-warm-5000-003233-c4e99d2c,1784798602128,1784798602128,202,0.000,warm
3242,exp-warm-5000-003235-acc67401,1784798602128,1784798602128,202,0.000,warm
3243,exp-warm-5000-003246-65e51b92,1784798602128,1784798602129,202,1.000,warm
3244,exp-warm-5000-003247-21ac6217,1784798602128,1784798602129,202,1.000,warm
3245,exp-warm-5000-003252-49555b15,1784798602128,1784798602129,202,1.000,warm
3246,exp-warm-5000-003249-f58b5905,1784798602128,1784798602129,202,1.000,warm
3247,exp-warm-5000-003234-e5c1d641,1784798602129,1784798602129,202,0.000,warm
3248,exp-warm-5000-003243-8058388f,1784798602129,1784798602129,202,0.000,warm
3249,exp-warm-5000-003244-54b9d628,1784798602129,1784798602129,202,0.000,warm
3250,exp-warm-5000-003250-35c097f0,1784798602129,1784798602129,202,0.000,warm
3251,exp-warm-5000-003245-c8251589,1784798602129,1784798602129,202,0.000,warm
3252,exp-warm-5000-003255-83154d08,1784798602129,1784798602130,202,1.000,warm
3253,exp-warm-5000-003262-eaac6399,1784798602129,1784798602130,202,1.000,warm
3254,exp-warm-5000-003261-bd8f3e7c,1784798602129,1784798602130,202,1.000,warm
3255,exp-warm-5000-003260-11804267,1784798602129,1784798602130,202,1.000,warm
3256,exp-warm-5000-003257-aaa54da8,1784798602129,1784798602130,202,1.000,warm
3257,exp-warm-5000-003254-75eb4f5b,1784798602130,1784798602130,202,0.000,warm
3258,exp-warm-5000-003256-02311ce0,1784798602130,1784798602130,202,0.000,warm
3259,exp-warm-5000-003253-6c2c3c0d,1784798602130,1784798602130,202,0.000,warm
3260,exp-warm-5000-003258-4b2bc5a0,1784798602130,1784798602130,202,0.000,warm
3261,exp-warm-5000-003251-003605a8,1784798602130,1784798602130,202,0.000,warm
3262,exp-warm-5000-003259-2d30053a,1784798602130,1784798602130,202,0.000,warm
3263,exp-warm-5000-003269-b7dad636,1784798602130,1784798602131,202,1.000,warm
3264,exp-warm-5000-003268-0540c4c2,1784798602130,1784798602131,202,1.000,warm
3265,exp-warm-5000-003264-0378a695,1784798602130,1784798602131,202,1.000,warm
3266,exp-warm-5000-003266-bac52891,1784798602131,1784798602131,202,0.000,warm
3267,exp-warm-5000-003267-9e0b6ab1,1784798602131,1784798602131,202,0.000,warm
3268,exp-warm-5000-003263-a1150b20,1784798602131,1784798602131,202,0.000,warm
3269,exp-warm-5000-003265-85c69617,1784798602131,1784798602131,202,0.000,warm
3270,exp-warm-5000-003270-2dc0c6ea,1784798602131,1784798602132,202,1.000,warm
3271,exp-warm-5000-003275-1d0de93c,1784798602131,1784798602132,202,1.000,warm
3272,exp-warm-5000-003271-6f01b195,1784798602132,1784798602132,202,0.000,warm
3273,exp-warm-5000-003272-0c9c2eb6,1784798602132,1784798602132,202,0.000,warm
3274,exp-warm-5000-003273-575a2266,1784798602132,1784798602132,202,0.000,warm
3275,exp-warm-5000-003274-35caa5c9,1784798602132,1784798602132,202,0.000,warm
3276,exp-warm-5000-003287-e5e43465,1784798602132,1784798602133,202,1.000,warm
3277,exp-warm-5000-003285-593f9cc6,1784798602132,1784798602133,202,1.000,warm
3278,exp-warm-5000-003290-28d28c8e,1784798602132,1784798602133,202,1.000,warm
3279,exp-warm-5000-003277-ab952d45,1784798602132,1784798602133,202,1.000,warm
3280,exp-warm-5000-003284-efcdf2b0,1784798602132,1784798602133,202,1.000,warm
3281,exp-warm-5000-003281-f3ad3112,1784798602132,1784798602133,202,1.000,warm
3282,exp-warm-5000-003283-19b3fa38,1784798602132,1784798602133,202,1.000,warm
3283,exp-warm-5000-003286-606db9a1,1784798602132,1784798602133,202,1.000,warm
3284,exp-warm-5000-003294-4e7befe8,1784798602132,1784798602134,202,2.000,warm
3285,exp-warm-5000-003276-69a08f13,1784798602133,1784798602133,202,0.000,warm
3286,exp-warm-5000-003278-9ac20d2c,1784798602133,1784798602133,202,0.000,warm
3287,exp-warm-5000-003279-3d2ce23f,1784798602133,1784798602133,202,0.000,warm
3288,exp-warm-5000-003280-3f9a43dc,1784798602133,1784798602133,202,0.000,warm
3289,exp-warm-5000-003282-704f2752,1784798602133,1784798602133,202,0.000,warm
3290,exp-warm-5000-003295-26db7420,1784798602133,1784798602134,202,1.000,warm
3291,exp-warm-5000-003297-0473f5ea,1784798602133,1784798602134,202,1.000,warm
3292,exp-warm-5000-003296-34b3d4b2,1784798602133,1784798602134,202,1.000,warm
3293,exp-warm-5000-003293-f5f76662,1784798602133,1784798602135,202,2.000,warm
3294,exp-warm-5000-003291-628a2366,1784798602134,1784798602134,202,0.000,warm
3295,exp-warm-5000-003288-95c00373,1784798602134,1784798602134,202,0.000,warm
3296,exp-warm-5000-003292-e2af0484,1784798602134,1784798602134,202,0.000,warm
3297,exp-warm-5000-003289-d102aef4,1784798602134,1784798602134,202,0.000,warm
3298,exp-warm-5000-003299-105d29d3,1784798602134,1784798602135,202,1.000,warm
3299,exp-warm-5000-003302-26fdeedc,1784798602134,1784798602135,202,1.000,warm
3300,exp-warm-5000-003300-ea42cf56,1784798602135,1784798602135,202,0.000,warm
3301,exp-warm-5000-003298-884d599b,1784798602135,1784798602135,202,0.000,warm
3302,exp-warm-5000-003301-ec6201d4,1784798602135,1784798602135,202,0.000,warm
3303,exp-warm-5000-003304-57f35d4e,1784798602135,1784798602136,202,1.000,warm
3304,exp-warm-5000-003313-6e8dd804,1784798602135,1784798602136,202,1.000,warm
3305,exp-warm-5000-003314-7470b0ad,1784798602135,1784798602136,202,1.000,warm
3306,exp-warm-5000-003315-cacf5a48,1784798602135,1784798602136,202,1.000,warm
3307,exp-warm-5000-003308-406f69ff,1784798602135,1784798602136,202,1.000,warm
3308,exp-warm-5000-003310-c6f2b0b6,1784798602135,1784798602136,202,1.000,warm
3309,exp-warm-5000-003306-becd00a0,1784798602136,1784798602136,202,0.000,warm
3310,exp-warm-5000-003303-551550f1,1784798602136,1784798602136,202,0.000,warm
3311,exp-warm-5000-003307-9a18b0f8,1784798602136,1784798602136,202,0.000,warm
3312,exp-warm-5000-003305-250c187c,1784798602136,1784798602136,202,0.000,warm
3313,exp-warm-5000-003309-a2490c48,1784798602136,1784798602136,202,0.000,warm
3314,exp-warm-5000-003311-0a7d5cf7,1784798602136,1784798602136,202,0.000,warm
3315,exp-warm-5000-003312-8909538f,1784798602136,1784798602136,202,0.000,warm
3316,exp-warm-5000-003321-5c98c5c2,1784798602136,1784798602137,202,1.000,warm
3317,exp-warm-5000-003320-2e63742a,1784798602136,1784798602137,202,1.000,warm
3318,exp-warm-5000-003316-5f33566e,1784798602136,1784798602137,202,1.000,warm
3319,exp-warm-5000-003322-9525794c,1784798602136,1784798602137,202,1.000,warm
3320,exp-warm-5000-003326-bd741364,1784798602136,1784798602138,202,2.000,warm
3321,exp-warm-5000-003317-d74b437c,1784798602137,1784798602137,202,0.000,warm
3322,exp-warm-5000-003319-3f36cbb0,1784798602137,1784798602137,202,0.000,warm
3323,exp-warm-5000-003318-d3c60dfe,1784798602137,1784798602137,202,0.000,warm
3324,exp-warm-5000-003324-e4ec5dc4,1784798602137,1784798602138,202,1.000,warm
3325,exp-warm-5000-003323-16327a5f,1784798602137,1784798602138,202,1.000,warm
3326,exp-warm-5000-003325-3fd78811,1784798602137,1784798602138,202,1.000,warm
3327,exp-warm-5000-003343-10ffdcd1,1784798602137,1784798602139,202,2.000,warm
3328,exp-warm-5000-003342-538b8f7e,1784798602137,1784798602139,202,2.000,warm
3329,exp-warm-5000-003333-cac38e29,1784798602137,1784798602139,202,2.000,warm
3330,exp-warm-5000-003335-16c43f92,1784798602137,1784798602139,202,2.000,warm
3331,exp-warm-5000-003340-89a7b178,1784798602137,1784798602139,202,2.000,warm
3332,exp-warm-5000-003331-17dc465e,1784798602137,1784798602139,202,2.000,warm
3333,exp-warm-5000-003339-195bb714,1784798602137,1784798602139,202,2.000,warm
3334,exp-warm-5000-003337-9c928d6b,1784798602137,1784798602139,202,2.000,warm
3335,exp-warm-5000-003336-45f3049c,1784798602138,1784798602139,202,1.000,warm
3336,exp-warm-5000-003338-549c23b1,1784798602138,1784798602139,202,1.000,warm
3337,exp-warm-5000-003329-5603d0b9,1784798602139,1784798602139,202,0.000,warm
3338,exp-warm-5000-003327-ddb36bca,1784798602139,1784798602139,202,0.000,warm
3339,exp-warm-5000-003332-bdeb8496,1784798602139,1784798602139,202,0.000,warm
3340,exp-warm-5000-003334-14828aab,1784798602139,1784798602139,202,0.000,warm
3341,exp-warm-5000-003330-10f502fc,1784798602139,1784798602139,202,0.000,warm
3342,exp-warm-5000-003328-6430cbfc,1784798602139,1784798602139,202,0.000,warm
3343,exp-warm-5000-003347-dff516e6,1784798602140,1784798602141,202,1.000,warm
3344,exp-warm-5000-003350-ea9007cd,1784798602140,1784798602141,202,1.000,warm
3345,exp-warm-5000-003352-f8787013,1784798602140,1784798602141,202,1.000,warm
3346,exp-warm-5000-003349-1fdab850,1784798602140,1784798602141,202,1.000,warm
3347,exp-warm-5000-003353-ab86929a,1784798602140,1784798602141,202,1.000,warm
3348,exp-warm-5000-003346-0cd848b2,1784798602140,1784798602141,202,1.000,warm
3349,exp-warm-5000-003351-b3b61841,1784798602140,1784798602141,202,1.000,warm
3350,exp-warm-5000-003354-3d9e3b2e,1784798602140,1784798602141,202,1.000,warm
3351,exp-warm-5000-003341-ce842d9d,1784798602141,1784798602141,202,0.000,warm
3352,exp-warm-5000-003344-0b35ec66,1784798602141,1784798602141,202,0.000,warm
3353,exp-warm-5000-003348-b422dc3f,1784798602141,1784798602141,202,0.000,warm
3354,exp-warm-5000-003345-571df91b,1784798602141,1784798602141,202,0.000,warm
3355,exp-warm-5000-003360-062d8bd7,1784798602141,1784798602142,202,1.000,warm
3356,exp-warm-5000-003364-36e2996b,1784798602141,1784798602142,202,1.000,warm
3357,exp-warm-5000-003365-5d5f56ba,1784798602141,1784798602142,202,1.000,warm
3358,exp-warm-5000-003355-18bd8c1a,1784798602141,1784798602142,202,1.000,warm
3359,exp-warm-5000-003362-b2f9a5d5,1784798602141,1784798602142,202,1.000,warm
3360,exp-warm-5000-003361-7144df92,1784798602141,1784798602142,202,1.000,warm
3361,exp-warm-5000-003363-d415f534,1784798602141,1784798602142,202,1.000,warm
3362,exp-warm-5000-003382-c68705ed,1784798602141,1784798602144,202,3.000,warm
3363,exp-warm-5000-003357-ea3a5cc6,1784798602142,1784798602142,202,0.000,warm
3364,exp-warm-5000-003358-297133b9,1784798602142,1784798602142,202,0.000,warm
3365,exp-warm-5000-003359-10b3c82a,1784798602142,1784798602142,202,0.000,warm
3366,exp-warm-5000-003356-dceb7f38,1784798602142,1784798602142,202,0.000,warm
3367,exp-warm-5000-003376-e6337940,1784798602142,1784798602143,202,1.000,warm
3368,exp-warm-5000-003377-b10b955b,1784798602142,1784798602143,202,1.000,warm
3369,exp-warm-5000-003378-6f0e0ffb,1784798602142,1784798602143,202,1.000,warm
3370,exp-warm-5000-003374-b4e088ad,1784798602142,1784798602143,202,1.000,warm
3371,exp-warm-5000-003370-9fc23a36,1784798602142,1784798602143,202,1.000,warm
3372,exp-warm-5000-003379-6609c585,1784798602142,1784798602143,202,1.000,warm
3373,exp-warm-5000-003366-98a03f10,1784798602143,1784798602143,202,0.000,warm
3374,exp-warm-5000-003367-cff4632e,1784798602143,1784798602143,202,0.000,warm
3375,exp-warm-5000-003371-0d82b6cd,1784798602143,1784798602143,202,0.000,warm
3376,exp-warm-5000-003369-0003354d,1784798602143,1784798602143,202,0.000,warm
3377,exp-warm-5000-003372-79e73bbd,1784798602143,1784798602143,202,0.000,warm
3378,exp-warm-5000-003373-67d8364e,1784798602143,1784798602143,202,0.000,warm
3379,exp-warm-5000-003368-6b8fc3ab,1784798602143,1784798602143,202,0.000,warm
3380,exp-warm-5000-003383-47d84428,1784798602143,1784798602144,202,1.000,warm
3381,exp-warm-5000-003381-2b05624b,1784798602143,1784798602144,202,1.000,warm
3382,exp-warm-5000-003386-e6c84621,1784798602143,1784798602144,202,1.000,warm
3383,exp-warm-5000-003385-fef93d34,1784798602143,1784798602144,202,1.000,warm
3384,exp-warm-5000-003398-c7d05405,1784798602143,1784798602145,202,2.000,warm
3385,exp-warm-5000-003375-3a50c047,1784798602144,1784798602144,202,0.000,warm
3386,exp-warm-5000-003380-467f4ecb,1784798602144,1784798602144,202,0.000,warm
3387,exp-warm-5000-003394-771467da,1784798602144,1784798602145,202,1.000,warm
3388,exp-warm-5000-003384-6c41bad3,1784798602144,1784798602145,202,1.000,warm
3389,exp-warm-5000-003395-4cfe7944,1784798602144,1784798602145,202,1.000,warm
3390,exp-warm-5000-003397-9838fc97,1784798602144,1784798602145,202,1.000,warm
3391,exp-warm-5000-003399-92fa6aa3,1784798602144,1784798602145,202,1.000,warm
3392,exp-warm-5000-003390-7047dd97,1784798602144,1784798602145,202,1.000,warm
3393,exp-warm-5000-003402-8fca846d,1784798602144,1784798602146,202,2.000,warm
3394,exp-warm-5000-003391-46fecf93,1784798602144,1784798602146,202,2.000,warm
3395,exp-warm-5000-003416-e72388d8,1784798602144,1784798602147,202,3.000,warm
3396,exp-warm-5000-003387-ef1dadf9,1784798602145,1784798602145,202,0.000,warm
3397,exp-warm-5000-003388-59cff3ce,1784798602145,1784798602145,202,0.000,warm
3398,exp-warm-5000-003389-9d5addd5,1784798602145,1784798602145,202,0.000,warm
3399,exp-warm-5000-003392-2d8afb2f,1784798602145,1784798602146,202,1.000,warm
3400,exp-warm-5000-003405-1f250842,1784798602145,1784798602146,202,1.000,warm
3401,exp-warm-5000-003393-6b760665,1784798602145,1784798602146,202,1.000,warm
3402,exp-warm-5000-003406-8163debf,1784798602145,1784798602146,202,1.000,warm
3403,exp-warm-5000-003401-61eb5dd3,1784798602145,1784798602146,202,1.000,warm
3404,exp-warm-5000-003407-ca61640b,1784798602145,1784798602147,202,2.000,warm
3405,exp-warm-5000-003419-d47a04b0,1784798602145,1784798602148,202,3.000,warm
3406,exp-warm-5000-003400-2d988b57,1784798602146,1784798602146,202,0.000,warm
3407,exp-warm-5000-003396-29942132,1784798602146,1784798602146,202,0.000,warm
3408,exp-warm-5000-003403-50ac6b70,1784798602146,1784798602146,202,0.000,warm
3409,exp-warm-5000-003404-dc9aeec2,1784798602146,1784798602146,202,0.000,warm
3410,exp-warm-5000-003415-07034e1e,1784798602146,1784798602147,202,1.000,warm
3411,exp-warm-5000-003410-676db163,1784798602146,1784798602147,202,1.000,warm
3412,exp-warm-5000-003435-19897d0a,1784798602146,1784798602150,202,4.000,warm
3413,exp-warm-5000-003408-93dd686d,1784798602147,1784798602147,202,0.000,warm
3414,exp-warm-5000-003409-076220b6,1784798602147,1784798602147,202,0.000,warm
3415,exp-warm-5000-003411-5800d00b,1784798602147,1784798602147,202,0.000,warm
3416,exp-warm-5000-003412-239b0a35,1784798602147,1784798602147,202,0.000,warm
3417,exp-warm-5000-003413-288e25d0,1784798602147,1784798602147,202,0.000,warm
3418,exp-warm-5000-003414-f7cafe82,1784798602147,1784798602147,202,0.000,warm
3419,exp-warm-5000-003421-2e91ff63,1784798602147,1784798602149,202,2.000,warm
3420,exp-warm-5000-003422-3c769c47,1784798602147,1784798602149,202,2.000,warm
3421,exp-warm-5000-003426-6f1c50c2,1784798602147,1784798602150,202,3.000,warm
3422,exp-warm-5000-003447-87bccfd4,1784798602147,1784798602151,202,4.000,warm
3423,exp-warm-5000-003417-e69a2794,1784798602148,1784798602148,202,0.000,warm
3424,exp-warm-5000-003418-6a61fc04,1784798602148,1784798602148,202,0.000,warm
3425,exp-warm-5000-003432-cdd9857c,1784798602148,1784798602150,202,2.000,warm
3426,exp-warm-5000-003423-700554de,1784798602148,1784798602150,202,2.000,warm
3427,exp-warm-5000-003420-ac1c03ac,1784798602149,1784798602149,202,0.000,warm
3428,exp-warm-5000-003433-8034f0e6,1784798602149,1784798602150,202,1.000,warm
3429,exp-warm-5000-003434-a400fbfc,1784798602149,1784798602150,202,1.000,warm
3430,exp-warm-5000-003429-847be058,1784798602149,1784798602150,202,1.000,warm
3431,exp-warm-5000-003436-73230c5e,1784798602149,1784798602150,202,1.000,warm
3432,exp-warm-5000-003430-8a49966c,1784798602149,1784798602150,202,1.000,warm
3433,exp-warm-5000-003428-1376503b,1784798602149,1784798602150,202,1.000,warm
3434,exp-warm-5000-003441-a72c1ab6,1784798602149,1784798602151,202,2.000,warm
3435,exp-warm-5000-003456-710d85e5,1784798602149,1784798602152,202,3.000,warm
3436,exp-warm-5000-003424-91646c15,1784798602150,1784798602150,202,0.000,warm
3437,exp-warm-5000-003425-5a99cb30,1784798602150,1784798602150,202,0.000,warm
3438,exp-warm-5000-003427-f47b1342,1784798602150,1784798602150,202,0.000,warm
3439,exp-warm-5000-003443-7e647674,1784798602150,1784798602151,202,1.000,warm
3440,exp-warm-5000-003439-c7ace214,1784798602150,1784798602151,202,1.000,warm
3441,exp-warm-5000-003440-b4f9eab3,1784798602150,1784798602151,202,1.000,warm
3442,exp-warm-5000-003445-fb3ca0c1,1784798602150,1784798602151,202,1.000,warm
3443,exp-warm-5000-003437-da514e4e,1784798602150,1784798602151,202,1.000,warm
3444,exp-warm-5000-003446-fff4e01c,1784798602150,1784798602151,202,1.000,warm
3445,exp-warm-5000-003453-e1cf5b56,1784798602150,1784798602152,202,2.000,warm
3446,exp-warm-5000-003448-23056ece,1784798602150,1784798602152,202,2.000,warm
3447,exp-warm-5000-003449-9e6d6313,1784798602150,1784798602152,202,2.000,warm
3448,exp-warm-5000-003442-d7e63a82,1784798602151,1784798602151,202,0.000,warm
3449,exp-warm-5000-003444-70f5c6d0,1784798602151,1784798602151,202,0.000,warm
3450,exp-warm-5000-003438-97e94902,1784798602151,1784798602151,202,0.000,warm
3451,exp-warm-5000-003454-828a1cc4,1784798602151,1784798602152,202,1.000,warm
3452,exp-warm-5000-003431-543fdb98,1784798602151,1784798602152,202,1.000,warm
3453,exp-warm-5000-003452-821af85c,1784798602151,1784798602152,202,1.000,warm
3454,exp-warm-5000-003450-e5031551,1784798602151,1784798602152,202,1.000,warm
3455,exp-warm-5000-003455-799c1aaf,1784798602151,1784798602152,202,1.000,warm
3456,exp-warm-5000-003457-4e872be8,1784798602151,1784798602152,202,1.000,warm
3457,exp-warm-5000-003460-9fbda94d,1784798602151,1784798602153,202,2.000,warm
3458,exp-warm-5000-003466-da65c049,1784798602151,1784798602153,202,2.000,warm
3459,exp-warm-5000-003451-f89c4e8f,1784798602152,1784798602152,202,0.000,warm
3460,exp-warm-5000-003465-82c4aa33,1784798602152,1784798602153,202,1.000,warm
3461,exp-warm-5000-003459-429d0f0e,1784798602152,1784798602153,202,1.000,warm
3462,exp-warm-5000-003463-4033c453,1784798602152,1784798602153,202,1.000,warm
3463,exp-warm-5000-003472-29705cdb,1784798602152,1784798602154,202,2.000,warm
3464,exp-warm-5000-003477-1f955e16,1784798602152,1784798602155,202,3.000,warm
3465,exp-warm-5000-003458-c945c9b0,1784798602153,1784798602153,202,0.000,warm
3466,exp-warm-5000-003462-70753dae,1784798602153,1784798602153,202,0.000,warm
3467,exp-warm-5000-003461-86d20f3f,1784798602153,1784798602153,202,0.000,warm
3468,exp-warm-5000-003464-914454c2,1784798602153,1784798602153,202,0.000,warm
3469,exp-warm-5000-003474-a79d72a8,1784798602153,1784798602154,202,1.000,warm
3470,exp-warm-5000-003467-90ed3a98,1784798602153,1784798602154,202,1.000,warm
3471,exp-warm-5000-003476-cc8351c6,1784798602153,1784798602154,202,1.000,warm
3472,exp-warm-5000-003473-44e5319b,1784798602153,1784798602154,202,1.000,warm
3473,exp-warm-5000-003475-38ebb8e4,1784798602153,1784798602154,202,1.000,warm
3474,exp-warm-5000-003469-3e711196,1784798602153,1784798602155,202,2.000,warm
3475,exp-warm-5000-003490-949d0398,1784798602153,1784798602156,202,3.000,warm
3476,exp-warm-5000-003468-1da8ffec,1784798602154,1784798602154,202,0.000,warm
3477,exp-warm-5000-003470-472b119c,1784798602154,1784798602154,202,0.000,warm
3478,exp-warm-5000-003471-3603bf2b,1784798602154,1784798602154,202,0.000,warm
3479,exp-warm-5000-003482-bb406c60,1784798602154,1784798602155,202,1.000,warm
3480,exp-warm-5000-003485-de5a7704,1784798602154,1784798602155,202,1.000,warm
3481,exp-warm-5000-003487-274889f8,1784798602154,1784798602155,202,1.000,warm
3482,exp-warm-5000-003486-652cf3fc,1784798602154,1784798602155,202,1.000,warm
3483,exp-warm-5000-003484-4958885e,1784798602154,1784798602155,202,1.000,warm
3484,exp-warm-5000-003483-0046decd,1784798602154,1784798602155,202,1.000,warm
3485,exp-warm-5000-003478-582b9c9d,1784798602155,1784798602155,202,0.000,warm
3486,exp-warm-5000-003480-6ccc27b4,1784798602155,1784798602155,202,0.000,warm
3487,exp-warm-5000-003479-97911612,1784798602155,1784798602155,202,0.000,warm
3488,exp-warm-5000-003481-88dac61a,1784798602155,1784798602155,202,0.000,warm
3489,exp-warm-5000-003496-a947e508,1784798602155,1784798602156,202,1.000,warm
3490,exp-warm-5000-003488-614cb38f,1784798602155,1784798602156,202,1.000,warm
3491,exp-warm-5000-003492-d55122d6,1784798602155,1784798602156,202,1.000,warm
3492,exp-warm-5000-003493-c5350434,1784798602155,1784798602156,202,1.000,warm
3493,exp-warm-5000-003495-f9259a03,1784798602155,1784798602156,202,1.000,warm
3494,exp-warm-5000-003491-033dfbd8,1784798602155,1784798602156,202,1.000,warm
3495,exp-warm-5000-003494-b9a81056,1784798602155,1784798602156,202,1.000,warm
3496,exp-warm-5000-003498-5268fea1,1784798602155,1784798602157,202,2.000,warm
3497,exp-warm-5000-003489-db66a8a9,1784798602156,1784798602156,202,0.000,warm
3498,exp-warm-5000-003497-e0c1bc3c,1784798602156,1784798602157,202,1.000,warm
3499,exp-warm-5000-003504-e5d9cf9f,1784798602156,1784798602157,202,1.000,warm
3500,exp-warm-5000-003499-948a7265,1784798602156,1784798602157,202,1.000,warm
3501,exp-warm-5000-003509-d9721e17,1784798602156,1784798602157,202,1.000,warm
3502,exp-warm-5000-003508-70798e48,1784798602156,1784798602157,202,1.000,warm
3503,exp-warm-5000-003501-b28c4f8a,1784798602156,1784798602157,202,1.000,warm
3504,exp-warm-5000-003507-e1c4d046,1784798602156,1784798602157,202,1.000,warm
3505,exp-warm-5000-003506-ec2be586,1784798602156,1784798602157,202,1.000,warm
3506,exp-warm-5000-003511-1e1cd234,1784798602156,1784798602158,202,2.000,warm
3507,exp-warm-5000-003502-7621704a,1784798602157,1784798602157,202,0.000,warm
3508,exp-warm-5000-003503-f8bca24c,1784798602157,1784798602157,202,0.000,warm
3509,exp-warm-5000-003505-2aaec5c9,1784798602157,1784798602157,202,0.000,warm
3510,exp-warm-5000-003500-f50272b9,1784798602157,1784798602157,202,0.000,warm
3511,exp-warm-5000-003513-dada6367,1784798602157,1784798602158,202,1.000,warm
3512,exp-warm-5000-003515-ec3a7f06,1784798602157,1784798602158,202,1.000,warm
3513,exp-warm-5000-003514-824b09fd,1784798602157,1784798602158,202,1.000,warm
3514,exp-warm-5000-003510-865dfbed,1784798602157,1784798602158,202,1.000,warm
3515,exp-warm-5000-003517-9e103717,1784798602157,1784798602159,202,2.000,warm
3516,exp-warm-5000-003512-8d555d17,1784798602158,1784798602158,202,0.000,warm
3517,exp-warm-5000-003522-e0be29b2,1784798602158,1784798602159,202,1.000,warm
3518,exp-warm-5000-003523-dbeb0f29,1784798602158,1784798602159,202,1.000,warm
3519,exp-warm-5000-003520-33f304bb,1784798602158,1784798602159,202,1.000,warm
3520,exp-warm-5000-003519-61bd1eca,1784798602158,1784798602159,202,1.000,warm
3521,exp-warm-5000-003525-d551e915,1784798602158,1784798602160,202,2.000,warm
3522,exp-warm-5000-003516-8b1ef668,1784798602159,1784798602159,202,0.000,warm
3523,exp-warm-5000-003518-57ad5887,1784798602159,1784798602159,202,0.000,warm
3524,exp-warm-5000-003521-69f48331,1784798602159,1784798602159,202,0.000,warm
3525,exp-warm-5000-003529-5238f972,1784798602159,1784798602160,202,1.000,warm
3526,exp-warm-5000-003530-16962e5f,1784798602159,1784798602160,202,1.000,warm
3527,exp-warm-5000-003531-2d5e4ac2,1784798602159,1784798602160,202,1.000,warm
3528,exp-warm-5000-003532-d33e464e,1784798602159,1784798602160,202,1.000,warm
3529,exp-warm-5000-003528-c7e3e73a,1784798602159,1784798602160,202,1.000,warm
3530,exp-warm-5000-003527-c9414de3,1784798602159,1784798602160,202,1.000,warm
3531,exp-warm-5000-003524-009dac72,1784798602159,1784798602160,202,1.000,warm
3532,exp-warm-5000-003538-c56ca3d2,1784798602159,1784798602161,202,2.000,warm
3533,exp-warm-5000-003526-99e403d8,1784798602160,1784798602160,202,0.000,warm
3534,exp-warm-5000-003533-654f332f,1784798602160,1784798602161,202,1.000,warm
3535,exp-warm-5000-003540-6f2aa437,1784798602160,1784798602161,202,1.000,warm
3536,exp-warm-5000-003541-51c0fa21,1784798602160,1784798602161,202,1.000,warm
3537,exp-warm-5000-003539-462f6125,1784798602160,1784798602161,202,1.000,warm
3538,exp-warm-5000-003542-90e252d7,1784798602160,1784798602162,202,2.000,warm
3539,exp-warm-5000-003534-cdcf4618,1784798602161,1784798602161,202,0.000,warm
3540,exp-warm-5000-003536-5e12ef45,1784798602161,1784798602161,202,0.000,warm
3541,exp-warm-5000-003537-49e307fa,1784798602161,1784798602161,202,0.000,warm
3542,exp-warm-5000-003535-17dc928e,1784798602161,1784798602161,202,0.000,warm
3543,exp-warm-5000-003552-51801bae,1784798602161,1784798602162,202,1.000,warm
3544,exp-warm-5000-003550-c6548f02,1784798602161,1784798602162,202,1.000,warm
3545,exp-warm-5000-003551-452da5ca,1784798602161,1784798602162,202,1.000,warm
3546,exp-warm-5000-003558-4386496a,1784798602161,1784798602163,202,2.000,warm
3547,exp-warm-5000-003543-21d8136c,1784798602162,1784798602162,202,0.000,warm
3548,exp-warm-5000-003546-62734712,1784798602162,1784798602162,202,0.000,warm
3549,exp-warm-5000-003545-30372dab,1784798602162,1784798602162,202,0.000,warm
3550,exp-warm-5000-003544-9b0eabd2,1784798602162,1784798602162,202,0.000,warm
3551,exp-warm-5000-003547-6d94cbf1,1784798602162,1784798602162,202,0.000,warm
3552,exp-warm-5000-003548-f9795606,1784798602162,1784798602162,202,0.000,warm
3553,exp-warm-5000-003549-f8d23d50,1784798602162,1784798602162,202,0.000,warm
3554,exp-warm-5000-003553-d8403ae0,1784798602162,1784798602163,202,1.000,warm
3555,exp-warm-5000-003560-859c42de,1784798602162,1784798602163,202,1.000,warm
3556,exp-warm-5000-003555-b1160c61,1784798602162,1784798602163,202,1.000,warm
3557,exp-warm-5000-003557-8efee161,1784798602162,1784798602163,202,1.000,warm
3558,exp-warm-5000-003562-332f7f37,1784798602162,1784798602163,202,1.000,warm
3559,exp-warm-5000-003561-5d2ea243,1784798602162,1784798602163,202,1.000,warm
3560,exp-warm-5000-003554-d5f376fe,1784798602162,1784798602163,202,1.000,warm
3561,exp-warm-5000-003568-7251b90c,1784798602162,1784798602164,202,2.000,warm
3562,exp-warm-5000-003563-21d542e2,1784798602162,1784798602164,202,2.000,warm
3563,exp-warm-5000-003556-eddf2ac6,1784798602163,1784798602163,202,0.000,warm
3564,exp-warm-5000-003567-6d38fe56,1784798602163,1784798602164,202,1.000,warm
3565,exp-warm-5000-003573-06e4dc44,1784798602163,1784798602164,202,1.000,warm
3566,exp-warm-5000-003572-34bca417,1784798602163,1784798602164,202,1.000,warm
3567,exp-warm-5000-003571-a60a7c8a,1784798602163,1784798602164,202,1.000,warm
3568,exp-warm-5000-003570-3dc9cf27,1784798602163,1784798602164,202,1.000,warm
3569,exp-warm-5000-003579-78c018a7,1784798602163,1784798602165,202,2.000,warm
3570,exp-warm-5000-003564-32edf462,1784798602164,1784798602164,202,0.000,warm
3571,exp-warm-5000-003566-8ea400f8,1784798602164,1784798602164,202,0.000,warm
3572,exp-warm-5000-003565-3453c9e0,1784798602164,1784798602164,202,0.000,warm
3573,exp-warm-5000-003559-9d1c1d4b,1784798602164,1784798602164,202,0.000,warm
3574,exp-warm-5000-003580-b190a212,1784798602164,1784798602165,202,1.000,warm
3575,exp-warm-5000-003582-fc244e99,1784798602164,1784798602165,202,1.000,warm
3576,exp-warm-5000-003581-edec5115,1784798602164,1784798602165,202,1.000,warm
3577,exp-warm-5000-003575-55130ac0,1784798602164,1784798602165,202,1.000,warm
3578,exp-warm-5000-003574-3dc5cbe7,1784798602164,1784798602165,202,1.000,warm
3579,exp-warm-5000-003569-8fabc274,1784798602165,1784798602165,202,0.000,warm
3580,exp-warm-5000-003576-c9fd27ec,1784798602165,1784798602165,202,0.000,warm
3581,exp-warm-5000-003578-522f232b,1784798602165,1784798602165,202,0.000,warm
3582,exp-warm-5000-003577-5afd2125,1784798602165,1784798602165,202,0.000,warm
3583,exp-warm-5000-003592-36a42f97,1784798602165,1784798602166,202,1.000,warm
3584,exp-warm-5000-003583-965597c2,1784798602165,1784798602166,202,1.000,warm
3585,exp-warm-5000-003594-8b515014,1784798602165,1784798602166,202,1.000,warm
3586,exp-warm-5000-003593-62d926ec,1784798602165,1784798602166,202,1.000,warm
3587,exp-warm-5000-003590-2b8a92a9,1784798602165,1784798602166,202,1.000,warm
3588,exp-warm-5000-003602-8ca53632,1784798602165,1784798602168,202,3.000,warm
3589,exp-warm-5000-003584-6d960123,1784798602166,1784798602166,202,0.000,warm
3590,exp-warm-5000-003585-31c993ba,1784798602166,1784798602166,202,0.000,warm
3591,exp-warm-5000-003588-3ef919b6,1784798602166,1784798602166,202,0.000,warm
3592,exp-warm-5000-003586-4e5f0baa,1784798602166,1784798602166,202,0.000,warm
3593,exp-warm-5000-003591-dc5ea59f,1784798602166,1784798602166,202,0.000,warm
3594,exp-warm-5000-003589-5e4509ed,1784798602166,1784798602166,202,0.000,warm
3595,exp-warm-5000-003587-d29d7b9e,1784798602166,1784798602166,202,0.000,warm
3596,exp-warm-5000-003598-37086be6,1784798602166,1784798602167,202,1.000,warm
3597,exp-warm-5000-003600-a9295e12,1784798602166,1784798602167,202,1.000,warm
3598,exp-warm-5000-003601-f1c141ba,1784798602166,1784798602167,202,1.000,warm
3599,exp-warm-5000-003599-433b811f,1784798602166,1784798602167,202,1.000,warm
3600,exp-warm-5000-003603-cb96a16e,1784798602166,1784798602167,202,1.000,warm
3601,exp-warm-5000-003604-06119827,1784798602166,1784798602167,202,1.000,warm
3602,exp-warm-5000-003605-7f2a7f70,1784798602166,1784798602168,202,2.000,warm
3603,exp-warm-5000-003612-95173c4f,1784798602166,1784798602168,202,2.000,warm
3604,exp-warm-5000-003595-e0ae17e8,1784798602167,1784798602167,202,0.000,warm
3605,exp-warm-5000-003596-26c99f8b,1784798602167,1784798602167,202,0.000,warm
3606,exp-warm-5000-003597-1ab4a1ac,1784798602167,1784798602167,202,0.000,warm
3607,exp-warm-5000-003616-134cedc3,1784798602167,1784798602168,202,1.000,warm
3608,exp-warm-5000-003611-c19b188d,1784798602167,1784798602168,202,1.000,warm
3609,exp-warm-5000-003615-d7ece27a,1784798602167,1784798602168,202,1.000,warm
3610,exp-warm-5000-003614-93f09ea4,1784798602167,1784798602168,202,1.000,warm
3611,exp-warm-5000-003609-75b5dea4,1784798602168,1784798602168,202,0.000,warm
3612,exp-warm-5000-003610-c5ef71db,1784798602168,1784798602168,202,0.000,warm
3613,exp-warm-5000-003608-e75b8c5b,1784798602168,1784798602168,202,0.000,warm
3614,exp-warm-5000-003607-008d8f22,1784798602168,1784798602168,202,0.000,warm
3615,exp-warm-5000-003613-f498f656,1784798602168,1784798602168,202,0.000,warm
3616,exp-warm-5000-003624-078c3402,1784798602168,1784798602169,202,1.000,warm
3617,exp-warm-5000-003606-f237ff83,1784798602168,1784798602168,202,0.000,warm
3618,exp-warm-5000-003625-299fb2d7,1784798602168,1784798602169,202,1.000,warm
3619,exp-warm-5000-003623-85e5f394,1784798602168,1784798602169,202,1.000,warm
3620,exp-warm-5000-003618-20ba2d54,1784798602168,1784798602169,202,1.000,warm
3621,exp-warm-5000-003626-f3327dfb,1784798602168,1784798602169,202,1.000,warm
3622,exp-warm-5000-003617-b409f23c,1784798602169,1784798602169,202,0.000,warm
3623,exp-warm-5000-003620-8e6376c5,1784798602169,1784798602169,202,0.000,warm
3624,exp-warm-5000-003621-d37cf6eb,1784798602169,1784798602169,202,0.000,warm
3625,exp-warm-5000-003622-36a39804,1784798602169,1784798602169,202,0.000,warm
3626,exp-warm-5000-003619-e5a1157c,1784798602169,1784798602169,202,0.000,warm
3627,exp-warm-5000-003635-ca23dbe7,1784798602169,1784798602170,202,1.000,warm
3628,exp-warm-5000-003633-3f0f8d3e,1784798602169,1784798602170,202,1.000,warm
3629,exp-warm-5000-003631-2d89f1b3,1784798602169,1784798602170,202,1.000,warm
3630,exp-warm-5000-003632-f6cd46d4,1784798602169,1784798602170,202,1.000,warm
3631,exp-warm-5000-003637-b6a99d6f,1784798602169,1784798602170,202,1.000,warm
3632,exp-warm-5000-003627-807637eb,1784798602169,1784798602170,202,1.000,warm
3633,exp-warm-5000-003638-2d4f17da,1784798602169,1784798602170,202,1.000,warm
3634,exp-warm-5000-003629-b5347e92,1784798602170,1784798602170,202,0.000,warm
3635,exp-warm-5000-003630-a215f836,1784798602170,1784798602170,202,0.000,warm
3636,exp-warm-5000-003628-4059200a,1784798602170,1784798602170,202,0.000,warm
3637,exp-warm-5000-003646-276cf1da,1784798602170,1784798602171,202,1.000,warm
3638,exp-warm-5000-003647-5f1697d4,1784798602170,1784798602171,202,1.000,warm
3639,exp-warm-5000-003634-15b362d7,1784798602170,1784798602171,202,1.000,warm
3640,exp-warm-5000-003650-5b2cfba4,1784798602170,1784798602171,202,1.000,warm
3641,exp-warm-5000-003645-7ed88725,1784798602170,1784798602171,202,1.000,warm
3642,exp-warm-5000-003648-255f841c,1784798602170,1784798602171,202,1.000,warm
3643,exp-warm-5000-003649-07911611,1784798602170,1784798602171,202,1.000,warm
3644,exp-warm-5000-003636-82b8ea2d,1784798602170,1784798602171,202,1.000,warm
3645,exp-warm-5000-003654-424cd628,1784798602170,1784798602172,202,2.000,warm
3646,exp-warm-5000-003641-ddc2884a,1784798602171,1784798602171,202,0.000,warm
3647,exp-warm-5000-003639-e8fa3e46,1784798602171,1784798602171,202,0.000,warm
3648,exp-warm-5000-003642-1ea9b837,1784798602171,1784798602171,202,0.000,warm
3649,exp-warm-5000-003643-3c3003c6,1784798602171,1784798602171,202,0.000,warm
3650,exp-warm-5000-003644-4d75ae78,1784798602171,1784798602171,202,0.000,warm
3651,exp-warm-5000-003651-201179f9,1784798602171,1784798602172,202,1.000,warm
3652,exp-warm-5000-003657-e6749381,1784798602171,1784798602172,202,1.000,warm
3653,exp-warm-5000-003640-5069bd0b,1784798602171,1784798602172,202,1.000,warm
3654,exp-warm-5000-003656-e2c335e4,1784798602171,1784798602172,202,1.000,warm
3655,exp-warm-5000-003652-cc93d398,1784798602172,1784798602172,202,0.000,warm
3656,exp-warm-5000-003653-30013fd5,1784798602172,1784798602172,202,0.000,warm
3657,exp-warm-5000-003655-2b3bc385,1784798602172,1784798602172,202,0.000,warm
3658,exp-warm-5000-003665-8168dd05,1784798602172,1784798602173,202,1.000,warm
3659,exp-warm-5000-003660-532286ac,1784798602172,1784798602173,202,1.000,warm
3660,exp-warm-5000-003666-80e50e96,1784798602172,1784798602173,202,1.000,warm
3661,exp-warm-5000-003667-cabe83c6,1784798602172,1784798602173,202,1.000,warm
3662,exp-warm-5000-003671-bd53f1ef,1784798602172,1784798602174,202,2.000,warm
3663,exp-warm-5000-003676-98041942,1784798602172,1784798602174,202,2.000,warm
3664,exp-warm-5000-003658-229eb593,1784798602173,1784798602173,202,0.000,warm
3665,exp-warm-5000-003659-9282f579,1784798602173,1784798602173,202,0.000,warm
3666,exp-warm-5000-003662-0f19975b,1784798602173,1784798602173,202,0.000,warm
3667,exp-warm-5000-003664-70e6310b,1784798602173,1784798602173,202,0.000,warm
3668,exp-warm-5000-003663-1f1dfed2,1784798602173,1784798602173,202,0.000,warm
3669,exp-warm-5000-003661-833191f2,1784798602173,1784798602173,202,0.000,warm
3670,exp-warm-5000-003675-529e833a,1784798602173,1784798602174,202,1.000,warm
3671,exp-warm-5000-003670-6c1f8bb4,1784798602173,1784798602174,202,1.000,warm
3672,exp-warm-5000-003672-6cfde461,1784798602173,1784798602174,202,1.000,warm
3673,exp-warm-5000-003674-38b454b5,1784798602173,1784798602174,202,1.000,warm
3674,exp-warm-5000-003678-472a0f2b,1784798602173,1784798602174,202,1.000,warm
3675,exp-warm-5000-003679-05c08ba1,1784798602173,1784798602174,202,1.000,warm
3676,exp-warm-5000-003668-e8c89902,1784798602173,1784798602174,202,1.000,warm
3677,exp-warm-5000-003673-88185f3c,1784798602173,1784798602174,202,1.000,warm
3678,exp-warm-5000-003690-746c9070,1784798602173,1784798602175,202,2.000,warm
3679,exp-warm-5000-003689-9bf48093,1784798602173,1784798602175,202,2.000,warm
3680,exp-warm-5000-003669-9b111b1c,1784798602174,1784798602174,202,0.000,warm
3681,exp-warm-5000-003688-4fd5e3a3,1784798602174,1784798602175,202,1.000,warm
3682,exp-warm-5000-003686-55366904,1784798602174,1784798602175,202,1.000,warm
3683,exp-warm-5000-003691-37136149,1784798602174,1784798602175,202,1.000,warm
3684,exp-warm-5000-003685-2e967baf,1784798602174,1784798602175,202,1.000,warm
3685,exp-warm-5000-003692-c9a3e5df,1784798602174,1784798602175,202,1.000,warm
3686,exp-warm-5000-003684-8fccaaf3,1784798602174,1784798602175,202,1.000,warm
3687,exp-warm-5000-003694-09da645d,1784798602174,1784798602175,202,1.000,warm
3688,exp-warm-5000-003687-68bb1645,1784798602174,1784798602175,202,1.000,warm
3689,exp-warm-5000-003677-f00aac10,1784798602175,1784798602175,202,0.000,warm
3690,exp-warm-5000-003682-eb5d7b93,1784798602175,1784798602175,202,0.000,warm
3691,exp-warm-5000-003680-9b77e8ca,1784798602175,1784798602175,202,0.000,warm
3692,exp-warm-5000-003681-5f85b56c,1784798602175,1784798602175,202,0.000,warm
3693,exp-warm-5000-003683-78807488,1784798602175,1784798602175,202,0.000,warm
3694,exp-warm-5000-003702-4936f7c0,1784798602175,1784798602176,202,1.000,warm
3695,exp-warm-5000-003696-0d9e404c,1784798602175,1784798602176,202,1.000,warm
3696,exp-warm-5000-003704-bec8efaa,1784798602175,1784798602176,202,1.000,warm
3697,exp-warm-5000-003701-95bc2c7f,1784798602175,1784798602176,202,1.000,warm
3698,exp-warm-5000-003703-7e60709c,1784798602175,1784798602176,202,1.000,warm
3699,exp-warm-5000-003742-ee71e6d7,1784798602175,1784798602179,202,4.000,warm
3700,exp-warm-5000-003695-bbf285f3,1784798602176,1784798602176,202,0.000,warm
3701,exp-warm-5000-003697-ffc782bb,1784798602176,1784798602176,202,0.000,warm
3702,exp-warm-5000-003693-83649148,1784798602176,1784798602176,202,0.000,warm
3703,exp-warm-5000-003698-e1f749aa,1784798602176,1784798602176,202,0.000,warm
3704,exp-warm-5000-003700-f2372f43,1784798602176,1784798602176,202,0.000,warm
3705,exp-warm-5000-003699-d28a5206,1784798602176,1784798602176,202,0.000,warm
3706,exp-warm-5000-003711-4cb83db0,1784798602176,1784798602177,202,1.000,warm
3707,exp-warm-5000-003713-32cfe70f,1784798602176,1784798602177,202,1.000,warm
3708,exp-warm-5000-003712-60c4c4f7,1784798602176,1784798602177,202,1.000,warm
3709,exp-warm-5000-003715-2669812c,1784798602176,1784798602177,202,1.000,warm
3710,exp-warm-5000-003716-154ccd42,1784798602176,1784798602177,202,1.000,warm
3711,exp-warm-5000-003730-31ebc538,1784798602176,1784798602178,202,2.000,warm
3712,exp-warm-5000-003706-b0f9f00c,1784798602177,1784798602177,202,0.000,warm
3713,exp-warm-5000-003705-e53d8cee,1784798602177,1784798602177,202,0.000,warm
3714,exp-warm-5000-003708-162d4bff,1784798602177,1784798602177,202,0.000,warm
3715,exp-warm-5000-003707-54fc7533,1784798602177,1784798602177,202,0.000,warm
3716,exp-warm-5000-003709-cf293b27,1784798602177,1784798602177,202,0.000,warm
3717,exp-warm-5000-003710-7f72c057,1784798602177,1784798602177,202,0.000,warm
3718,exp-warm-5000-003729-592e852a,1784798602177,1784798602178,202,1.000,warm
3719,exp-warm-5000-003725-c80cf59f,1784798602177,1784798602178,202,1.000,warm
3720,exp-warm-5000-003731-d87b7826,1784798602177,1784798602178,202,1.000,warm
3721,exp-warm-5000-003728-6b66282b,1784798602177,1784798602178,202,1.000,warm
3722,exp-warm-5000-003727-02aaf8ac,1784798602177,1784798602178,202,1.000,warm
3723,exp-warm-5000-003726-08704ca6,1784798602177,1784798602178,202,1.000,warm
3724,exp-warm-5000-003759-89a8e7ab,1784798602177,1784798602180,202,3.000,warm
3725,exp-warm-5000-003749-6e3ffddb,1784798602177,1784798602180,202,3.000,warm
3726,exp-warm-5000-003717-d6e0b3ab,1784798602178,1784798602178,202,0.000,warm
3727,exp-warm-5000-003718-d28fcb9f,1784798602178,1784798602178,202,0.000,warm
3728,exp-warm-5000-003721-a32d4c43,1784798602178,1784798602178,202,0.000,warm
3729,exp-warm-5000-003720-98661aff,1784798602178,1784798602178,202,0.000,warm
3730,exp-warm-5000-003719-774b0a08,1784798602178,1784798602178,202,0.000,warm
3731,exp-warm-5000-003722-162f7a9b,1784798602178,1784798602178,202,0.000,warm
3732,exp-warm-5000-003724-90e3f633,1784798602178,1784798602178,202,0.000,warm
3733,exp-warm-5000-003723-e8bfa9cd,1784798602178,1784798602178,202,0.000,warm
3734,exp-warm-5000-003714-9e576899,1784798602178,1784798602178,202,0.000,warm
3735,exp-warm-5000-003744-88aa6c97,1784798602178,1784798602179,202,1.000,warm
3736,exp-warm-5000-003739-bc50504f,1784798602178,1784798602179,202,1.000,warm
3737,exp-warm-5000-003736-71aa8342,1784798602178,1784798602179,202,1.000,warm
3738,exp-warm-5000-003746-2ad2f398,1784798602178,1784798602179,202,1.000,warm
3739,exp-warm-5000-003752-92f9c837,1784798602178,1784798602180,202,2.000,warm
3740,exp-warm-5000-003764-34f4b564,1784798602178,1784798602181,202,3.000,warm
3741,exp-warm-5000-003733-896ed7e3,1784798602179,1784798602179,202,0.000,warm
3742,exp-warm-5000-003732-d8d8114e,1784798602179,1784798602179,202,0.000,warm
3743,exp-warm-5000-003735-e4b6c440,1784798602179,1784798602179,202,0.000,warm
3744,exp-warm-5000-003734-2c4645d7,1784798602179,1784798602179,202,0.000,warm
3745,exp-warm-5000-003737-ea248f75,1784798602179,1784798602179,202,0.000,warm
3746,exp-warm-5000-003741-3d1c5244,1784798602179,1784798602179,202,0.000,warm
3747,exp-warm-5000-003740-9f70fde5,1784798602179,1784798602179,202,0.000,warm
3748,exp-warm-5000-003743-332d7630,1784798602179,1784798602179,202,0.000,warm
3749,exp-warm-5000-003758-1b6f7251,1784798602179,1784798602180,202,1.000,warm
3750,exp-warm-5000-003757-4ecf7e0f,1784798602179,1784798602180,202,1.000,warm
3751,exp-warm-5000-003755-c95e64d3,1784798602179,1784798602180,202,1.000,warm
3752,exp-warm-5000-003751-def47631,1784798602179,1784798602180,202,1.000,warm
3753,exp-warm-5000-003756-c6f785bf,1784798602179,1784798602180,202,1.000,warm
3754,exp-warm-5000-003778-2dcc79b6,1784798602179,1784798602182,202,3.000,warm
3755,exp-warm-5000-003745-c155947f,1784798602180,1784798602180,202,0.000,warm
3756,exp-warm-5000-003748-f909445b,1784798602180,1784798602180,202,0.000,warm
3757,exp-warm-5000-003747-72fefb33,1784798602180,1784798602180,202,0.000,warm
3758,exp-warm-5000-003738-d8e1b20e,1784798602180,1784798602180,202,0.000,warm
3759,exp-warm-5000-003753-ae81a1e9,1784798602180,1784798602180,202,0.000,warm
3760,exp-warm-5000-003754-6b92e296,1784798602180,1784798602180,202,0.000,warm
3761,exp-warm-5000-003750-159302e5,1784798602180,1784798602180,202,0.000,warm
3762,exp-warm-5000-003762-2c305e99,1784798602180,1784798602181,202,1.000,warm
3763,exp-warm-5000-003769-f913afd5,1784798602180,1784798602181,202,1.000,warm
3764,exp-warm-5000-003768-f9163c3e,1784798602180,1784798602181,202,1.000,warm
3765,exp-warm-5000-003767-1b085884,1784798602180,1784798602181,202,1.000,warm
3766,exp-warm-5000-003771-fb98a450,1784798602180,1784798602181,202,1.000,warm
3767,exp-warm-5000-003763-0f2f7a48,1784798602180,1784798602181,202,1.000,warm
3768,exp-warm-5000-003765-9449bb15,1784798602180,1784798602181,202,1.000,warm
3769,exp-warm-5000-003766-c170aa32,1784798602180,1784798602181,202,1.000,warm
3770,exp-warm-5000-003773-4960d856,1784798602180,1784798602182,202,2.000,warm
3771,exp-warm-5000-003780-bbd5f1f8,1784798602180,1784798602182,202,2.000,warm
3772,exp-warm-5000-003761-cb23ae76,1784798602181,1784798602181,202,0.000,warm
3773,exp-warm-5000-003760-fba63c4a,1784798602181,1784798602181,202,0.000,warm
3774,exp-warm-5000-003779-06ea4632,1784798602181,1784798602182,202,1.000,warm
3775,exp-warm-5000-003777-8cd9b714,1784798602181,1784798602182,202,1.000,warm
3776,exp-warm-5000-003775-980e26d5,1784798602181,1784798602182,202,1.000,warm
3777,exp-warm-5000-003782-3ed96b8b,1784798602181,1784798602183,202,2.000,warm
3778,exp-warm-5000-003787-4425352d,1784798602181,1784798602183,202,2.000,warm
3779,exp-warm-5000-003772-8f046cc7,1784798602182,1784798602182,202,0.000,warm
3780,exp-warm-5000-003776-0a9e682b,1784798602182,1784798602182,202,0.000,warm
3781,exp-warm-5000-003770-0d31fba8,1784798602182,1784798602182,202,0.000,warm
3782,exp-warm-5000-003774-509eccbd,1784798602182,1784798602182,202,0.000,warm
3783,exp-warm-5000-003783-aded0d9e,1784798602182,1784798602183,202,1.000,warm
3784,exp-warm-5000-003789-57928667,1784798602182,1784798602183,202,1.000,warm
3785,exp-warm-5000-003788-f700bdc3,1784798602182,1784798602183,202,1.000,warm
3786,exp-warm-5000-003790-b4ada130,1784798602182,1784798602183,202,1.000,warm
3787,exp-warm-5000-003791-01c1fda3,1784798602182,1784798602183,202,1.000,warm
3788,exp-warm-5000-003781-cc3091ff,1784798602183,1784798602183,202,0.000,warm
3789,exp-warm-5000-003785-3b5b2500,1784798602183,1784798602183,202,0.000,warm
3790,exp-warm-5000-003784-90d3ceae,1784798602183,1784798602183,202,0.000,warm
3791,exp-warm-5000-003786-cadc4f1f,1784798602183,1784798602183,202,0.000,warm
3792,exp-warm-5000-003801-b6b2e289,1784798602183,1784798602184,202,1.000,warm
3793,exp-warm-5000-003802-4f7de0a3,1784798602183,1784798602184,202,1.000,warm
3794,exp-warm-5000-003817-e5ebaaa0,1784798602183,1784798602186,202,3.000,warm
3795,exp-warm-5000-003841-d7e12a05,1784798602183,1784798602187,202,4.000,warm
3796,exp-warm-5000-003793-e8e60167,1784798602184,1784798602184,202,0.000,warm
3797,exp-warm-5000-003792-b97ae6ab,1784798602184,1784798602184,202,0.000,warm
3798,exp-warm-5000-003796-9b1bce44,1784798602184,1784798602184,202,0.000,warm
3799,exp-warm-5000-003797-2b22ed25,1784798602184,1784798602184,202,0.000,warm
3800,exp-warm-5000-003799-974527a8,1784798602184,1784798602184,202,0.000,warm
3801,exp-warm-5000-003798-99df7749,1784798602184,1784798602184,202,0.000,warm
3802,exp-warm-5000-003800-14648110,1784798602184,1784798602184,202,0.000,warm
3803,exp-warm-5000-003814-e57bbf8e,1784798602184,1784798602185,202,1.000,warm
3804,exp-warm-5000-003816-18868999,1784798602184,1784798602185,202,1.000,warm
3805,exp-warm-5000-003815-10161ef3,1784798602184,1784798602185,202,1.000,warm
3806,exp-warm-5000-003818-2afed608,1784798602184,1784798602185,202,1.000,warm
3807,exp-warm-5000-003819-8716fce3,1784798602184,1784798602185,202,1.000,warm
3808,exp-warm-5000-003853-3543a54a,1784798602184,1784798602188,202,4.000,warm
3809,exp-warm-5000-003804-f59c5a8f,1784798602185,1784798602185,202,0.000,warm
3810,exp-warm-5000-003803-de0292c2,1784798602185,1784798602185,202,0.000,warm
3811,exp-warm-5000-003806-cee28dbe,1784798602185,1784798602185,202,0.000,warm
3812,exp-warm-5000-003805-95c18c5e,1784798602185,1784798602185,202,0.000,warm
3813,exp-warm-5000-003808-a868757d,1784798602185,1784798602185,202,0.000,warm
3814,exp-warm-5000-003807-f693d9b0,1784798602185,1784798602185,202,0.000,warm
3815,exp-warm-5000-003813-fa6d18c6,1784798602185,1784798602185,202,0.000,warm
3816,exp-warm-5000-003810-f29cdc05,1784798602185,1784798602185,202,0.000,warm
3817,exp-warm-5000-003812-f7250a0d,1784798602185,1784798602185,202,0.000,warm
3818,exp-warm-5000-003820-e797639c,1784798602185,1784798602186,202,1.000,warm
3819,exp-warm-5000-003832-7cb4a13b,1784798602185,1784798602186,202,1.000,warm
3820,exp-warm-5000-003831-8808ad9a,1784798602185,1784798602186,202,1.000,warm
3821,exp-warm-5000-003829-dbacadf6,1784798602185,1784798602186,202,1.000,warm
3822,exp-warm-5000-003835-0f912251,1784798602185,1784798602186,202,1.000,warm
3823,exp-warm-5000-003828-b258b94b,1784798602185,1784798602186,202,1.000,warm
3824,exp-warm-5000-003834-257fee96,1784798602185,1784798602186,202,1.000,warm
3825,exp-warm-5000-003836-d2137c5a,1784798602185,1784798602186,202,1.000,warm
3826,exp-warm-5000-003811-ec349840,1784798602185,1784798602186,202,1.000,warm
3827,exp-warm-5000-003821-2b383c69,1784798602185,1784798602186,202,1.000,warm
3828,exp-warm-5000-003850-1a15a55b,1784798602185,1784798602188,202,3.000,warm
3829,exp-warm-5000-003824-27427d94,1784798602186,1784798602186,202,0.000,warm
3830,exp-warm-5000-003822-3a852bb2,1784798602186,1784798602186,202,0.000,warm
3831,exp-warm-5000-003825-3e6017fd,1784798602186,1784798602186,202,0.000,warm
3832,exp-warm-5000-003795-6bbb33ed,1784798602186,1784798602186,202,0.000,warm
3833,exp-warm-5000-003827-c3689900,1784798602186,1784798602186,202,0.000,warm
3834,exp-warm-5000-003826-8b8d90c5,1784798602186,1784798602186,202,0.000,warm
3835,exp-warm-5000-003830-e57057bf,1784798602186,1784798602186,202,0.000,warm
3836,exp-warm-5000-003823-a7767c75,1784798602186,1784798602186,202,0.000,warm
3837,exp-warm-5000-003843-d66324f2,1784798602186,1784798602187,202,1.000,warm
3838,exp-warm-5000-003846-feeeeb2d,1784798602186,1784798602187,202,1.000,warm
3839,exp-warm-5000-003809-8b1a542a,1784798602186,1784798602187,202,1.000,warm
3840,exp-warm-5000-003847-d44535ff,1784798602186,1784798602187,202,1.000,warm
3841,exp-warm-5000-003844-c7525a97,1784798602186,1784798602187,202,1.000,warm
3842,exp-warm-5000-003842-8051c118,1784798602186,1784798602187,202,1.000,warm
3843,exp-warm-5000-003845-53cb761f,1784798602186,1784798602187,202,1.000,warm
3844,exp-warm-5000-003840-e719748b,1784798602186,1784798602187,202,1.000,warm
3845,exp-warm-5000-003854-577d0ec8,1784798602186,1784798602188,202,2.000,warm
3846,exp-warm-5000-003837-1178bc66,1784798602187,1784798602187,202,0.000,warm
3847,exp-warm-5000-003838-f21c373a,1784798602187,1784798602187,202,0.000,warm
3848,exp-warm-5000-003794-01f9b136,1784798602187,1784798602187,202,0.000,warm
3849,exp-warm-5000-003839-772ab2a0,1784798602187,1784798602187,202,0.000,warm
3850,exp-warm-5000-003833-66fcb913,1784798602187,1784798602187,202,0.000,warm
3851,exp-warm-5000-003852-18380718,1784798602187,1784798602188,202,1.000,warm
3852,exp-warm-5000-003855-cfd2a653,1784798602187,1784798602188,202,1.000,warm
3853,exp-warm-5000-003877-a928c29d,1784798602187,1784798602190,202,3.000,warm
3854,exp-warm-5000-003848-c113ece9,1784798602188,1784798602188,202,0.000,warm
3855,exp-warm-5000-003849-1455afda,1784798602188,1784798602188,202,0.000,warm
3856,exp-warm-5000-003851-8953b29c,1784798602188,1784798602188,202,0.000,warm
3857,exp-warm-5000-003866-2ae6b310,1784798602188,1784798602189,202,1.000,warm
3858,exp-warm-5000-003857-96af6387,1784798602188,1784798602189,202,1.000,warm
3859,exp-warm-5000-003867-f7fa7f77,1784798602188,1784798602189,202,1.000,warm
3860,exp-warm-5000-003868-a89f63b2,1784798602188,1784798602190,202,2.000,warm
3861,exp-warm-5000-003883-7c48055e,1784798602188,1784798602191,202,3.000,warm
3862,exp-warm-5000-003856-53d662b0,1784798602189,1784798602189,202,0.000,warm
3863,exp-warm-5000-003858-3c5008c6,1784798602189,1784798602189,202,0.000,warm
3864,exp-warm-5000-003860-e62b55c3,1784798602189,1784798602189,202,0.000,warm
3865,exp-warm-5000-003859-eb643a2b,1784798602189,1784798602189,202,0.000,warm
3866,exp-warm-5000-003862-d51edd53,1784798602189,1784798602189,202,0.000,warm
3867,exp-warm-5000-003864-fb80757a,1784798602189,1784798602189,202,0.000,warm
3868,exp-warm-5000-003863-fda51d00,1784798602189,1784798602189,202,0.000,warm
3869,exp-warm-5000-003861-716fd88e,1784798602189,1784798602189,202,0.000,warm
3870,exp-warm-5000-003872-9de8ea9d,1784798602189,1784798602190,202,1.000,warm
3871,exp-warm-5000-003875-53c0f096,1784798602189,1784798602190,202,1.000,warm
3872,exp-warm-5000-003874-b7eb2b86,1784798602189,1784798602190,202,1.000,warm
3873,exp-warm-5000-003865-34774fcb,1784798602189,1784798602190,202,1.000,warm
3874,exp-warm-5000-003876-f52b3d3a,1784798602189,1784798602190,202,1.000,warm
3875,exp-warm-5000-003871-f27358c1,1784798602190,1784798602190,202,0.000,warm
3876,exp-warm-5000-003870-6687b5e5,1784798602190,1784798602190,202,0.000,warm
3877,exp-warm-5000-003873-4c24b795,1784798602190,1784798602190,202,0.000,warm
3878,exp-warm-5000-003869-53510b13,1784798602190,1784798602190,202,0.000,warm
3879,exp-warm-5000-003886-1e8d36c6,1784798602190,1784798602191,202,1.000,warm
3880,exp-warm-5000-003884-4111c260,1784798602190,1784798602191,202,1.000,warm
3881,exp-warm-5000-003878-dbf8c857,1784798602191,1784798602191,202,0.000,warm
3882,exp-warm-5000-003880-73cf59e3,1784798602191,1784798602191,202,0.000,warm
3883,exp-warm-5000-003879-9819840d,1784798602191,1784798602191,202,0.000,warm
3884,exp-warm-5000-003881-c8f70ec4,1784798602191,1784798602191,202,0.000,warm
3885,exp-warm-5000-003882-4885a307,1784798602191,1784798602191,202,0.000,warm
3886,exp-warm-5000-003894-3d83dd9c,1784798602191,1784798602192,202,1.000,warm
3887,exp-warm-5000-003896-bfb10569,1784798602191,1784798602192,202,1.000,warm
3888,exp-warm-5000-003895-327d062e,1784798602191,1784798602192,202,1.000,warm
3889,exp-warm-5000-003898-f44a8a05,1784798602191,1784798602192,202,1.000,warm
3890,exp-warm-5000-003897-7d672479,1784798602191,1784798602192,202,1.000,warm
3891,exp-warm-5000-003887-4c23ca27,1784798602191,1784798602192,202,1.000,warm
3892,exp-warm-5000-003888-1db3a1d1,1784798602191,1784798602192,202,1.000,warm
3893,exp-warm-5000-003899-f188f3a5,1784798602191,1784798602192,202,1.000,warm
3894,exp-warm-5000-003891-f7c3a333,1784798602191,1784798602192,202,1.000,warm
3895,exp-warm-5000-003900-64761cd3,1784798602191,1784798602193,202,2.000,warm
3896,exp-warm-5000-003890-f24f208d,1784798602192,1784798602192,202,0.000,warm
3897,exp-warm-5000-003889-defcade1,1784798602192,1784798602192,202,0.000,warm
3898,exp-warm-5000-003892-c5ed265b,1784798602192,1784798602192,202,0.000,warm
3899,exp-warm-5000-003893-e059a9b0,1784798602192,1784798602192,202,0.000,warm
3900,exp-warm-5000-003885-23f6725c,1784798602192,1784798602192,202,0.000,warm
3901,exp-warm-5000-003904-c41941cb,1784798602192,1784798602193,202,1.000,warm
3902,exp-warm-5000-003905-e9672fd8,1784798602192,1784798602193,202,1.000,warm
3903,exp-warm-5000-003902-ec8d0d51,1784798602192,1784798602193,202,1.000,warm
3904,exp-warm-5000-003910-7ead4b4e,1784798602192,1784798602194,202,2.000,warm
3905,exp-warm-5000-003901-94f80e61,1784798602193,1784798602193,202,0.000,warm
3906,exp-warm-5000-003903-9160b3ab,1784798602193,1784798602193,202,0.000,warm
3907,exp-warm-5000-003911-1f365424,1784798602193,1784798602194,202,1.000,warm
3908,exp-warm-5000-003922-28066b66,1784798602193,1784798602196,202,3.000,warm
3909,exp-warm-5000-003935-398f8d5c,1784798602193,1784798602197,202,4.000,warm
3910,exp-warm-5000-003906-33fce8ad,1784798602194,1784798602194,202,0.000,warm
3911,exp-warm-5000-003908-b192c618,1784798602194,1784798602194,202,0.000,warm
3912,exp-warm-5000-003907-4499d30d,1784798602194,1784798602194,202,0.000,warm
3913,exp-warm-5000-003909-17f80143,1784798602194,1784798602194,202,0.000,warm
3914,exp-warm-5000-003912-565910b2,1784798602194,1784798602194,202,0.000,warm
3915,exp-warm-5000-003913-76bd2b78,1784798602194,1784798602194,202,0.000,warm
3916,exp-warm-5000-003915-3e01b6fc,1784798602194,1784798602195,202,1.000,warm
3917,exp-warm-5000-003917-d283a6a0,1784798602194,1784798602195,202,1.000,warm
3918,exp-warm-5000-003928-9ac6c836,1784798602194,1784798602196,202,2.000,warm
3919,exp-warm-5000-003932-ccd300a6,1784798602194,1784798602197,202,3.000,warm
3920,exp-warm-5000-003939-cb4b4278,1784798602194,1784798602197,202,3.000,warm
3921,exp-warm-5000-003914-6707d30a,1784798602195,1784798602195,202,0.000,warm
3922,exp-warm-5000-003916-cbd0b177,1784798602195,1784798602195,202,0.000,warm
3923,exp-warm-5000-003927-2d6809b6,1784798602195,1784798602196,202,1.000,warm
3924,exp-warm-5000-003925-d0a11f83,1784798602195,1784798602196,202,1.000,warm
3925,exp-warm-5000-003929-b640b06c,1784798602195,1784798602196,202,1.000,warm
3926,exp-warm-5000-003921-0fd2f062,1784798602195,1784798602196,202,1.000,warm
3927,exp-warm-5000-003931-c64cef41,1784798602195,1784798602196,202,1.000,warm
3928,exp-warm-5000-003918-17740be1,1784798602195,1784798602196,202,1.000,warm
3929,exp-warm-5000-003924-7528375a,1784798602195,1784798602196,202,1.000,warm
3930,exp-warm-5000-003949-ef0275b8,1784798602195,1784798602198,202,3.000,warm
3931,exp-warm-5000-003944-126848c1,1784798602195,1784798602198,202,3.000,warm
3932,exp-warm-5000-003959-1cad49c3,1784798602195,1784798602199,202,4.000,warm
3933,exp-warm-5000-003920-b2a4fbb0,1784798602196,1784798602196,202,0.000,warm
3934,exp-warm-5000-003919-c00ee641,1784798602196,1784798602196,202,0.000,warm
3935,exp-warm-5000-003923-dd295660,1784798602196,1784798602196,202,0.000,warm
3936,exp-warm-5000-003926-adb8356c,1784798602196,1784798602196,202,0.000,warm
3937,exp-warm-5000-003938-7da25a31,1784798602196,1784798602197,202,1.000,warm
3938,exp-warm-5000-003940-5bc765bd,1784798602196,1784798602197,202,1.000,warm
3939,exp-warm-5000-003943-d062b739,1784798602196,1784798602197,202,1.000,warm
3940,exp-warm-5000-003942-c53dffce,1784798602196,1784798602197,202,1.000,warm
3941,exp-warm-5000-003941-fd5f35b2,1784798602196,1784798602197,202,1.000,warm
3942,exp-warm-5000-003934-66dda234,1784798602196,1784798602197,202,1.000,warm
3943,exp-warm-5000-003962-2d897556,1784798602196,1784798602199,202,3.000,warm
3944,exp-warm-5000-003933-3161a106,1784798602197,1784798602197,202,0.000,warm
3945,exp-warm-5000-003936-7f95078c,1784798602197,1784798602197,202,0.000,warm
3946,exp-warm-5000-003930-7061e7a7,1784798602197,1784798602197,202,0.000,warm
3947,exp-warm-5000-003937-f3cf7be3,1784798602197,1784798602197,202,0.000,warm
3948,exp-warm-5000-003951-cf0748a1,1784798602197,1784798602198,202,1.000,warm
3949,exp-warm-5000-003953-b4cab25e,1784798602197,1784798602198,202,1.000,warm
3950,exp-warm-5000-003952-2d1f667d,1784798602197,1784798602198,202,1.000,warm
3951,exp-warm-5000-003954-a11d17c3,1784798602197,1784798602198,202,1.000,warm
3952,exp-warm-5000-003946-74349abc,1784798602197,1784798602198,202,1.000,warm
3953,exp-warm-5000-003974-eb9fd394,1784798602197,1784798602200,202,3.000,warm
3954,exp-warm-5000-003945-15d604e1,1784798602198,1784798602198,202,0.000,warm
3955,exp-warm-5000-003947-ce666c6b,1784798602198,1784798602198,202,0.000,warm
3956,exp-warm-5000-003950-a874b694,1784798602198,1784798602198,202,0.000,warm
3957,exp-warm-5000-003948-5b379dc8,1784798602198,1784798602198,202,0.000,warm
3958,exp-warm-5000-003963-e8fd8285,1784798602198,1784798602199,202,1.000,warm
3959,exp-warm-5000-003961-93ed792e,1784798602198,1784798602199,202,1.000,warm
3960,exp-warm-5000-003964-244b4c46,1784798602198,1784798602200,202,2.000,warm
3961,exp-warm-5000-003955-13aeb324,1784798602199,1784798602199,202,0.000,warm
3962,exp-warm-5000-003956-6baf4a28,1784798602199,1784798602199,202,0.000,warm
3963,exp-warm-5000-003957-3419ac7f,1784798602199,1784798602199,202,0.000,warm
3964,exp-warm-5000-003960-297e7520,1784798602199,1784798602199,202,0.000,warm
3965,exp-warm-5000-003958-88bf43b1,1784798602199,1784798602199,202,0.000,warm
3966,exp-warm-5000-003971-3c76b302,1784798602199,1784798602200,202,1.000,warm
3967,exp-warm-5000-003973-d124cfe9,1784798602199,1784798602200,202,1.000,warm
3968,exp-warm-5000-003967-6bfbeae3,1784798602199,1784798602200,202,1.000,warm
3969,exp-warm-5000-003970-c13ec4bb,1784798602199,1784798602200,202,1.000,warm
3970,exp-warm-5000-003969-d942ff31,1784798602199,1784798602200,202,1.000,warm
3971,exp-warm-5000-003976-1ee405a0,1784798602199,1784798602201,202,2.000,warm
3972,exp-warm-5000-003994-74fa1eeb,1784798602199,1784798602202,202,3.000,warm
3973,exp-warm-5000-003965-5999ff7a,1784798602200,1784798602200,202,0.000,warm
3974,exp-warm-5000-003966-4b7b3852,1784798602200,1784798602200,202,0.000,warm
3975,exp-warm-5000-003972-64059ca7,1784798602200,1784798602200,202,0.000,warm
3976,exp-warm-5000-003968-9a2bfe20,1784798602200,1784798602200,202,0.000,warm
3977,exp-warm-5000-003975-75ce341d,1784798602200,1784798602201,202,1.000,warm
3978,exp-warm-5000-003981-394d50cb,1784798602200,1784798602201,202,1.000,warm
3979,exp-warm-5000-003980-4b4c4e9b,1784798602200,1784798602201,202,1.000,warm
3980,exp-warm-5000-003979-287fda63,1784798602200,1784798602201,202,1.000,warm
3981,exp-warm-5000-003978-930dfde3,1784798602200,1784798602201,202,1.000,warm
3982,exp-warm-5000-003982-4a0f5e66,1784798602200,1784798602201,202,1.000,warm
3983,exp-warm-5000-003986-0424ed67,1784798602200,1784798602202,202,2.000,warm
3984,exp-warm-5000-003977-a8e3d127,1784798602201,1784798602201,202,0.000,warm
3985,exp-warm-5000-003989-ee00ce1c,1784798602201,1784798602202,202,1.000,warm
3986,exp-warm-5000-003990-51bd8ee7,1784798602201,1784798602202,202,1.000,warm
3987,exp-warm-5000-003993-ea28c510,1784798602201,1784798602202,202,1.000,warm
3988,exp-warm-5000-003996-d6c1c878,1784798602201,1784798602202,202,1.000,warm
3989,exp-warm-5000-003987-0637bd36,1784798602201,1784798602202,202,1.000,warm
3990,exp-warm-5000-003995-6dfb32ba,1784798602201,1784798602202,202,1.000,warm
3991,exp-warm-5000-003983-46ac7548,1784798602202,1784798602202,202,0.000,warm
3992,exp-warm-5000-003985-f842dfc0,1784798602202,1784798602202,202,0.000,warm
3993,exp-warm-5000-003988-541d8a62,1784798602202,1784798602202,202,0.000,warm
3994,exp-warm-5000-003984-e67453f1,1784798602202,1784798602202,202,0.000,warm
3995,exp-warm-5000-003991-b352bc9a,1784798602202,1784798602202,202,0.000,warm
3996,exp-warm-5000-003998-79a3fd7d,1784798602202,1784798602203,202,1.000,warm
3997,exp-warm-5000-004001-3640b6a1,1784798602202,1784798602203,202,1.000,warm
3998,exp-warm-5000-004002-26c587f6,1784798602202,1784798602203,202,1.000,warm
3999,exp-warm-5000-003999-cc20f7ce,1784798602202,1784798602203,202,1.000,warm
4000,exp-warm-5000-003997-f8266009,1784798602203,1784798602203,202,0.000,warm
4001,exp-warm-5000-003992-d19212a4,1784798602203,1784798602203,202,0.000,warm
4002,exp-warm-5000-004010-8adb4c20,1784798602203,1784798602204,202,1.000,warm
4003,exp-warm-5000-004012-5a1557b2,1784798602203,1784798602204,202,1.000,warm
4004,exp-warm-5000-004007-d446f6f5,1784798602203,1784798602204,202,1.000,warm
4005,exp-warm-5000-004005-02ff26ca,1784798602204,1784798602204,202,0.000,warm
4006,exp-warm-5000-004006-ad1525cc,1784798602204,1784798602204,202,0.000,warm
4007,exp-warm-5000-004004-6371f8d7,1784798602204,1784798602204,202,0.000,warm
4008,exp-warm-5000-004003-a2466cdf,1784798602204,1784798602204,202,0.000,warm
4009,exp-warm-5000-004000-5d56a673,1784798602204,1784798602204,202,0.000,warm
4010,exp-warm-5000-004008-ca8ce459,1784798602204,1784798602204,202,0.000,warm
4011,exp-warm-5000-004009-9cf5225b,1784798602204,1784798602204,202,0.000,warm
4012,exp-warm-5000-004021-c95727ac,1784798602204,1784798602205,202,1.000,warm
4013,exp-warm-5000-004016-fd64f70a,1784798602204,1784798602205,202,1.000,warm
4014,exp-warm-5000-004020-e05208e9,1784798602204,1784798602205,202,1.000,warm
4015,exp-warm-5000-004022-0fffd9e6,1784798602204,1784798602205,202,1.000,warm
4016,exp-warm-5000-004019-ebf22b9f,1784798602204,1784798602205,202,1.000,warm
4017,exp-warm-5000-004011-738e2ecb,1784798602204,1784798602205,202,1.000,warm
4018,exp-warm-5000-004015-dc3bfbee,1784798602205,1784798602205,202,0.000,warm
4019,exp-warm-5000-004013-62a62beb,1784798602205,1784798602205,202,0.000,warm
4020,exp-warm-5000-004014-172dea98,1784798602205,1784798602205,202,0.000,warm
4021,exp-warm-5000-004017-29ad2a27,1784798602205,1784798602205,202,0.000,warm
4022,exp-warm-5000-004018-50bbaa12,1784798602205,1784798602205,202,0.000,warm
4023,exp-warm-5000-004029-cb9ae98f,1784798602205,1784798602206,202,1.000,warm
4024,exp-warm-5000-004032-b35bcdb6,1784798602205,1784798602206,202,1.000,warm
4025,exp-warm-5000-004034-1873ad75,1784798602205,1784798602206,202,1.000,warm
4026,exp-warm-5000-004031-051dd1c1,1784798602205,1784798602206,202,1.000,warm
4027,exp-warm-5000-004035-e83e7a0e,1784798602205,1784798602206,202,1.000,warm
4028,exp-warm-5000-004033-e838af97,1784798602205,1784798602206,202,1.000,warm
4029,exp-warm-5000-004030-bfc1f555,1784798602205,1784798602206,202,1.000,warm
4030,exp-warm-5000-004024-76bba390,1784798602206,1784798602206,202,0.000,warm
4031,exp-warm-5000-004025-7015606b,1784798602206,1784798602206,202,0.000,warm
4032,exp-warm-5000-004026-d1a17b3f,1784798602206,1784798602206,202,0.000,warm
4033,exp-warm-5000-004023-74713144,1784798602206,1784798602206,202,0.000,warm
4034,exp-warm-5000-004028-6f74c8ee,1784798602206,1784798602206,202,0.000,warm
4035,exp-warm-5000-004039-213a57d9,1784798602206,1784798602207,202,1.000,warm
4036,exp-warm-5000-004042-2ff19e76,1784798602206,1784798602207,202,1.000,warm
4037,exp-warm-5000-004044-a883cc02,1784798602206,1784798602207,202,1.000,warm
4038,exp-warm-5000-004041-92b09b0d,1784798602206,1784798602207,202,1.000,warm
4039,exp-warm-5000-004037-cc01bfc9,1784798602207,1784798602207,202,0.000,warm
4040,exp-warm-5000-004038-ff375519,1784798602207,1784798602207,202,0.000,warm
4041,exp-warm-5000-004027-4281fc03,1784798602207,1784798602207,202,0.000,warm
4042,exp-warm-5000-004036-ce945031,1784798602207,1784798602207,202,0.000,warm
4043,exp-warm-5000-004040-f53a0fe1,1784798602207,1784798602207,202,0.000,warm
4044,exp-warm-5000-004052-25577b84,1784798602207,1784798602208,202,1.000,warm
4045,exp-warm-5000-004053-1b6158bf,1784798602207,1784798602208,202,1.000,warm
4046,exp-warm-5000-004050-ed18377d,1784798602207,1784798602208,202,1.000,warm
4047,exp-warm-5000-004054-a4023581,1784798602207,1784798602208,202,1.000,warm
4048,exp-warm-5000-004059-aa8f6b52,1784798602207,1784798602209,202,2.000,warm
4049,exp-warm-5000-004045-f95e111f,1784798602208,1784798602208,202,0.000,warm
4050,exp-warm-5000-004046-0e118891,1784798602208,1784798602208,202,0.000,warm
4051,exp-warm-5000-004047-ead23a60,1784798602208,1784798602208,202,0.000,warm
4052,exp-warm-5000-004048-4e8834c3,1784798602208,1784798602208,202,0.000,warm
4053,exp-warm-5000-004049-dc96434e,1784798602208,1784798602208,202,0.000,warm
4054,exp-warm-5000-004051-3b999e17,1784798602208,1784798602208,202,0.000,warm
4055,exp-warm-5000-004043-bb32a9a1,1784798602208,1784798602208,202,0.000,warm
4056,exp-warm-5000-004062-9182134a,1784798602208,1784798602209,202,1.000,warm
4057,exp-warm-5000-004064-60fddb4c,1784798602208,1784798602209,202,1.000,warm
4058,exp-warm-5000-004063-66b12519,1784798602208,1784798602209,202,1.000,warm
4059,exp-warm-5000-004056-5341c738,1784798602209,1784798602209,202,0.000,warm
4060,exp-warm-5000-004055-b92db214,1784798602209,1784798602209,202,0.000,warm
4061,exp-warm-5000-004057-36fb1c0b,1784798602209,1784798602209,202,0.000,warm
4062,exp-warm-5000-004058-7c682d6c,1784798602209,1784798602209,202,0.000,warm
4063,exp-warm-5000-004060-c90958d8,1784798602209,1784798602209,202,0.000,warm
4064,exp-warm-5000-004061-c8fa587f,1784798602209,1784798602209,202,0.000,warm
4065,exp-warm-5000-004071-7474acf1,1784798602209,1784798602210,202,1.000,warm
4066,exp-warm-5000-004075-c187abe5,1784798602209,1784798602210,202,1.000,warm
4067,exp-warm-5000-004068-bf668cba,1784798602209,1784798602210,202,1.000,warm
4068,exp-warm-5000-004073-ee8a15cd,1784798602209,1784798602210,202,1.000,warm
4069,exp-warm-5000-004076-d802dfd9,1784798602209,1784798602210,202,1.000,warm
4070,exp-warm-5000-004074-3fea8801,1784798602209,1784798602210,202,1.000,warm
4071,exp-warm-5000-004077-06c00746,1784798602209,1784798602210,202,1.000,warm
4072,exp-warm-5000-004081-da891ba0,1784798602209,1784798602211,202,2.000,warm
4073,exp-warm-5000-004067-e67da69b,1784798602210,1784798602210,202,0.000,warm
4074,exp-warm-5000-004066-690bfee6,1784798602210,1784798602210,202,0.000,warm
4075,exp-warm-5000-004065-7281ca79,1784798602210,1784798602210,202,0.000,warm
4076,exp-warm-5000-004070-333ccaca,1784798602210,1784798602210,202,0.000,warm
4077,exp-warm-5000-004069-9369ed1e,1784798602210,1784798602210,202,0.000,warm
4078,exp-warm-5000-004072-870430b9,1784798602210,1784798602210,202,0.000,warm
4079,exp-warm-5000-004080-dfce64f9,1784798602210,1784798602211,202,1.000,warm
4080,exp-warm-5000-004082-948edbba,1784798602210,1784798602211,202,1.000,warm
4081,exp-warm-5000-004079-9ea74518,1784798602210,1784798602211,202,1.000,warm
4082,exp-warm-5000-004078-0bffb99f,1784798602210,1784798602211,202,1.000,warm
4083,exp-warm-5000-004083-1fce3ad0,1784798602210,1784798602211,202,1.000,warm
4084,exp-warm-5000-004092-acecb7ad,1784798602211,1784798602212,202,1.000,warm
4085,exp-warm-5000-004085-8820150c,1784798602211,1784798602212,202,1.000,warm
4086,exp-warm-5000-004086-d131a2e0,1784798602211,1784798602212,202,1.000,warm
4087,exp-warm-5000-004091-2327c00e,1784798602211,1784798602212,202,1.000,warm
4088,exp-warm-5000-004090-5096dd1b,1784798602211,1784798602212,202,1.000,warm
4089,exp-warm-5000-004084-16230554,1784798602212,1784798602212,202,0.000,warm
4090,exp-warm-5000-004087-1494cc02,1784798602212,1784798602212,202,0.000,warm
4091,exp-warm-5000-004089-fc08c374,1784798602212,1784798602212,202,0.000,warm
4092,exp-warm-5000-004088-ea4ca6b2,1784798602212,1784798602212,202,0.000,warm
4093,exp-warm-5000-004096-7c44ea13,1784798602212,1784798602213,202,1.000,warm
4094,exp-warm-5000-004102-6acfe405,1784798602212,1784798602213,202,1.000,warm
4095,exp-warm-5000-004101-bf41cfe6,1784798602212,1784798602213,202,1.000,warm
4096,exp-warm-5000-004097-dfb41921,1784798602212,1784798602213,202,1.000,warm
4097,exp-warm-5000-004098-e2235c24,1784798602212,1784798602213,202,1.000,warm
4098,exp-warm-5000-004099-0a0f247c,1784798602212,1784798602213,202,1.000,warm
4099,exp-warm-5000-004100-4d4e2eda,1784798602212,1784798602213,202,1.000,warm
4100,exp-warm-5000-004103-687520c7,1784798602212,1784798602213,202,1.000,warm
4101,exp-warm-5000-004094-9de21841,1784798602213,1784798602213,202,0.000,warm
4102,exp-warm-5000-004095-613ea238,1784798602213,1784798602213,202,0.000,warm
4103,exp-warm-5000-004093-bf1aa8d1,1784798602213,1784798602213,202,0.000,warm
4104,exp-warm-5000-004113-07bbc428,1784798602213,1784798602214,202,1.000,warm
4105,exp-warm-5000-004112-bdafa729,1784798602213,1784798602214,202,1.000,warm
4106,exp-warm-5000-004108-329cc189,1784798602213,1784798602214,202,1.000,warm
4107,exp-warm-5000-004114-2443c321,1784798602213,1784798602214,202,1.000,warm
4108,exp-warm-5000-004109-267b74b5,1784798602213,1784798602214,202,1.000,warm
4109,exp-warm-5000-004110-1c046002,1784798602213,1784798602214,202,1.000,warm
4110,exp-warm-5000-004111-9a2d6b80,1784798602213,1784798602214,202,1.000,warm
4111,exp-warm-5000-004104-f85b9169,1784798602214,1784798602214,202,0.000,warm
4112,exp-warm-5000-004105-d1ef5ad1,1784798602214,1784798602214,202,0.000,warm
4113,exp-warm-5000-004107-0a38c32a,1784798602214,1784798602214,202,0.000,warm
4114,exp-warm-5000-004106-afa48f2b,1784798602214,1784798602214,202,0.000,warm
4115,exp-warm-5000-004115-7651d298,1784798602214,1784798602215,202,1.000,warm
4116,exp-warm-5000-004121-c6e83e2f,1784798602214,1784798602215,202,1.000,warm
4117,exp-warm-5000-004123-ee7d8686,1784798602214,1784798602215,202,1.000,warm
4118,exp-warm-5000-004120-65b3cc18,1784798602214,1784798602215,202,1.000,warm
4119,exp-warm-5000-004119-e4ab2b8d,1784798602214,1784798602215,202,1.000,warm
4120,exp-warm-5000-004122-afc8786c,1784798602214,1784798602215,202,1.000,warm
4121,exp-warm-5000-004125-ac32905b,1784798602214,1784798602216,202,2.000,warm
4122,exp-warm-5000-004126-7d1253cd,1784798602214,1784798602216,202,2.000,warm
4123,exp-warm-5000-004116-1987bab1,1784798602215,1784798602215,202,0.000,warm
4124,exp-warm-5000-004117-c37b7e59,1784798602215,1784798602215,202,0.000,warm
4125,exp-warm-5000-004118-bffa6384,1784798602215,1784798602215,202,0.000,warm
4126,exp-warm-5000-004127-4024c0f8,1784798602215,1784798602216,202,1.000,warm
4127,exp-warm-5000-004128-6417b03e,1784798602215,1784798602216,202,1.000,warm
4128,exp-warm-5000-004124-2cce050b,1784798602215,1784798602216,202,1.000,warm
4129,exp-warm-5000-004129-28b3442d,1784798602215,1784798602216,202,1.000,warm
4130,exp-warm-5000-004140-4c6f6f7f,1784798602215,1784798602217,202,2.000,warm
4131,exp-warm-5000-004135-f39f394f,1784798602216,1784798602217,202,1.000,warm
4132,exp-warm-5000-004141-57e32b74,1784798602216,1784798602217,202,1.000,warm
4133,exp-warm-5000-004136-596ec6cc,1784798602216,1784798602217,202,1.000,warm
4134,exp-warm-5000-004139-ad4e53ae,1784798602216,1784798602217,202,1.000,warm
4135,exp-warm-5000-004133-c196e40c,1784798602216,1784798602217,202,1.000,warm
4136,exp-warm-5000-004142-4c17a642,1784798602216,1784798602217,202,1.000,warm
4137,exp-warm-5000-004137-bf65db51,1784798602216,1784798602217,202,1.000,warm
4138,exp-warm-5000-004131-8cde091f,1784798602217,1784798602217,202,0.000,warm
4139,exp-warm-5000-004134-a1175f03,1784798602217,1784798602217,202,0.000,warm
4140,exp-warm-5000-004130-54822b9f,1784798602217,1784798602217,202,0.000,warm
4141,exp-warm-5000-004132-fd9495b8,1784798602217,1784798602217,202,0.000,warm
4142,exp-warm-5000-004138-f9b29fe6,1784798602217,1784798602217,202,0.000,warm
4143,exp-warm-5000-004150-eebeb83c,1784798602217,1784798602218,202,1.000,warm
4144,exp-warm-5000-004151-690eb7ce,1784798602217,1784798602218,202,1.000,warm
4145,exp-warm-5000-004153-d130fe30,1784798602217,1784798602218,202,1.000,warm
4146,exp-warm-5000-004154-e041d8fb,1784798602217,1784798602218,202,1.000,warm
4147,exp-warm-5000-004147-32446dab,1784798602217,1784798602218,202,1.000,warm
4148,exp-warm-5000-004155-2a11a7aa,1784798602217,1784798602218,202,1.000,warm
4149,exp-warm-5000-004156-6733fe9e,1784798602217,1784798602218,202,1.000,warm
4150,exp-warm-5000-004152-38be5c80,1784798602217,1784798602218,202,1.000,warm
4151,exp-warm-5000-004159-631aa7c0,1784798602217,1784798602219,202,2.000,warm
4152,exp-warm-5000-004164-98cecda8,1784798602217,1784798602219,202,2.000,warm
4153,exp-warm-5000-004144-e71a8792,1784798602218,1784798602218,202,0.000,warm
4154,exp-warm-5000-004143-b0c4cb99,1784798602218,1784798602218,202,0.000,warm
4155,exp-warm-5000-004145-01e732b8,1784798602218,1784798602218,202,0.000,warm
4156,exp-warm-5000-004146-a1def354,1784798602218,1784798602218,202,0.000,warm
4157,exp-warm-5000-004149-fb3459fe,1784798602218,1784798602218,202,0.000,warm
4158,exp-warm-5000-004148-ea8fd969,1784798602218,1784798602218,202,0.000,warm
4159,exp-warm-5000-004166-3df7cdf6,1784798602218,1784798602219,202,1.000,warm
4160,exp-warm-5000-004167-3d3805d0,1784798602218,1784798602219,202,1.000,warm
4161,exp-warm-5000-004169-6ef30a6f,1784798602218,1784798602219,202,1.000,warm
4162,exp-warm-5000-004168-35f056e0,1784798602218,1784798602219,202,1.000,warm
4163,exp-warm-5000-004165-772ccfb4,1784798602218,1784798602219,202,1.000,warm
4164,exp-warm-5000-004162-ab117359,1784798602218,1784798602219,202,1.000,warm
4165,exp-warm-5000-004181-4ffdebc6,1784798602218,1784798602220,202,2.000,warm
4166,exp-warm-5000-004177-d790b845,1784798602218,1784798602220,202,2.000,warm
4167,exp-warm-5000-004160-4a3b001d,1784798602219,1784798602219,202,0.000,warm
4168,exp-warm-5000-004158-98503637,1784798602219,1784798602219,202,0.000,warm
4169,exp-warm-5000-004161-de370f09,1784798602219,1784798602219,202,0.000,warm
4170,exp-warm-5000-004163-07c28f09,1784798602219,1784798602219,202,0.000,warm
4171,exp-warm-5000-004157-6258b2f2,1784798602219,1784798602219,202,0.000,warm
4172,exp-warm-5000-004179-f02b35b9,1784798602219,1784798602220,202,1.000,warm
4173,exp-warm-5000-004172-ecde388c,1784798602219,1784798602220,202,1.000,warm
4174,exp-warm-5000-004180-b1feeca5,1784798602219,1784798602220,202,1.000,warm
4175,exp-warm-5000-004182-23e67944,1784798602219,1784798602220,202,1.000,warm
4176,exp-warm-5000-004183-57ed8fc4,1784798602219,1784798602220,202,1.000,warm
4177,exp-warm-5000-004174-85eb2747,1784798602219,1784798602220,202,1.000,warm
4178,exp-warm-5000-004176-26ba7ff3,1784798602219,1784798602220,202,1.000,warm
4179,exp-warm-5000-004189-8c031211,1784798602219,1784798602221,202,2.000,warm
4180,exp-warm-5000-004194-33435e7b,1784798602219,1784798602222,202,3.000,warm
4181,exp-warm-5000-004171-90714f49,1784798602220,1784798602220,202,0.000,warm
4182,exp-warm-5000-004170-57ba82a1,1784798602220,1784798602220,202,0.000,warm
4183,exp-warm-5000-004173-cbd7c0d3,1784798602220,1784798602220,202,0.000,warm
4184,exp-warm-5000-004175-88f85002,1784798602220,1784798602220,202,0.000,warm
4185,exp-warm-5000-004178-548c1960,1784798602220,1784798602220,202,0.000,warm
4186,exp-warm-5000-004186-7cfff26f,1784798602220,1784798602221,202,1.000,warm
4187,exp-warm-5000-004191-1c33c827,1784798602220,1784798602221,202,1.000,warm
4188,exp-warm-5000-004185-97dab550,1784798602221,1784798602221,202,0.000,warm
4189,exp-warm-5000-004188-642e380d,1784798602221,1784798602221,202,0.000,warm
4190,exp-warm-5000-004187-c3f07650,1784798602221,1784798602221,202,0.000,warm
4191,exp-warm-5000-004195-1957f16d,1784798602221,1784798602222,202,1.000,warm
4192,exp-warm-5000-004184-05bf2959,1784798602221,1784798602222,202,1.000,warm
4193,exp-warm-5000-004193-b76e0ee0,1784798602222,1784798602222,202,0.000,warm
4194,exp-warm-5000-004190-4779539e,1784798602222,1784798602222,202,0.000,warm
4195,exp-warm-5000-004192-e7248d56,1784798602222,1784798602222,202,0.000,warm
4196,exp-warm-5000-004199-b37cf50b,1784798602222,1784798602223,202,1.000,warm
4197,exp-warm-5000-004203-2780dc0f,1784798602222,1784798602223,202,1.000,warm
4198,exp-warm-5000-004196-3f059655,1784798602223,1784798602223,202,0.000,warm
4199,exp-warm-5000-004197-68f110d1,1784798602223,1784798602223,202,0.000,warm
4200,exp-warm-5000-004200-43206ced,1784798602223,1784798602223,202,0.000,warm
4201,exp-warm-5000-004201-a10e9f5f,1784798602223,1784798602223,202,0.000,warm
4202,exp-warm-5000-004198-a1cee077,1784798602223,1784798602223,202,0.000,warm
4203,exp-warm-5000-004208-7b11934b,1784798602223,1784798602224,202,1.000,warm
4204,exp-warm-5000-004209-b882434c,1784798602223,1784798602224,202,1.000,warm
4205,exp-warm-5000-004205-6b67378b,1784798602224,1784798602224,202,0.000,warm
4206,exp-warm-5000-004206-9e2b4b56,1784798602224,1784798602224,202,0.000,warm
4207,exp-warm-5000-004207-53fc2560,1784798602224,1784798602224,202,0.000,warm
4208,exp-warm-5000-004204-1bfb06c9,1784798602224,1784798602224,202,0.000,warm
4209,exp-warm-5000-004202-43af5c43,1784798602224,1784798602224,202,0.000,warm
4210,exp-warm-5000-004212-175c84ab,1784798602224,1784798602225,202,1.000,warm
4211,exp-warm-5000-004214-86651287,1784798602225,1784798602225,202,0.000,warm
4212,exp-warm-5000-004213-90de788c,1784798602225,1784798602225,202,0.000,warm
4213,exp-warm-5000-004210-97db9db2,1784798602225,1784798602225,202,0.000,warm
4214,exp-warm-5000-004211-964f6908,1784798602225,1784798602225,202,0.000,warm
4215,exp-warm-5000-004217-f2e90dbe,1784798602225,1784798602226,202,1.000,warm
4216,exp-warm-5000-004219-c9e17d07,1784798602225,1784798602226,202,1.000,warm
4217,exp-warm-5000-004220-ca1c7645,1784798602225,1784798602226,202,1.000,warm
4218,exp-warm-5000-004216-244ae1ca,1784798602225,1784798602226,202,1.000,warm
4219,exp-warm-5000-004218-42a5c41d,1784798602226,1784798602226,202,0.000,warm
4220,exp-warm-5000-004215-1d36510a,1784798602226,1784798602226,202,0.000,warm
4221,exp-warm-5000-004223-f01354bb,1784798602226,1784798602227,202,1.000,warm
4222,exp-warm-5000-004222-05358f67,1784798602227,1784798602227,202,0.000,warm
4223,exp-warm-5000-004221-99c539a9,1784798602227,1784798602227,202,0.000,warm
4224,exp-warm-5000-004224-25efad86,1784798602227,1784798602227,202,0.000,warm
4225,exp-warm-5000-004227-638b719b,1784798602227,1784798602228,202,1.000,warm
4226,exp-warm-5000-004231-06dc377a,1784798602227,1784798602228,202,1.000,warm
4227,exp-warm-5000-004228-4f5a06ed,1784798602228,1784798602228,202,0.000,warm
4228,exp-warm-5000-004225-9236925e,1784798602228,1784798602228,202,0.000,warm
4229,exp-warm-5000-004226-493a18d6,1784798602228,1784798602228,202,0.000,warm
4230,exp-warm-5000-004229-8cebce9f,1784798602228,1784798602228,202,0.000,warm
4231,exp-warm-5000-004230-eaccbcfb,1784798602228,1784798602228,202,0.000,warm
4232,exp-warm-5000-004236-8435baca,1784798602228,1784798602229,202,1.000,warm
4233,exp-warm-5000-004234-6e716288,1784798602228,1784798602229,202,1.000,warm
4234,exp-warm-5000-004238-0fb1e6ed,1784798602228,1784798602229,202,1.000,warm
4235,exp-warm-5000-004235-7cb6d826,1784798602228,1784798602229,202,1.000,warm
4236,exp-warm-5000-004237-4d3870bf,1784798602228,1784798602229,202,1.000,warm
4237,exp-warm-5000-004233-794e92b0,1784798602229,1784798602229,202,0.000,warm
4238,exp-warm-5000-004232-b42deb05,1784798602229,1784798602229,202,0.000,warm
4239,exp-warm-5000-004242-f998510f,1784798602229,1784798602230,202,1.000,warm
4240,exp-warm-5000-004243-09e7cfe4,1784798602229,1784798602230,202,1.000,warm
4241,exp-warm-5000-004244-a6004ac2,1784798602229,1784798602230,202,1.000,warm
4242,exp-warm-5000-004241-9e0aaffd,1784798602229,1784798602230,202,1.000,warm
4243,exp-warm-5000-004239-19c7e456,1784798602229,1784798602230,202,1.000,warm
4244,exp-warm-5000-004240-206c9234,1784798602230,1784798602230,202,0.000,warm
4245,exp-warm-5000-004247-c9c445fc,1784798602230,1784798602231,202,1.000,warm
4246,exp-warm-5000-004250-48c539ce,1784798602230,1784798602231,202,1.000,warm
4247,exp-warm-5000-004248-905752ea,1784798602230,1784798602231,202,1.000,warm
4248,exp-warm-5000-004246-ccb289e6,1784798602230,1784798602231,202,1.000,warm
4249,exp-warm-5000-004245-6d76c2b9,1784798602231,1784798602231,202,0.000,warm
4250,exp-warm-5000-004254-ad478fac,1784798602231,1784798602232,202,1.000,warm
4251,exp-warm-5000-004253-883de1a0,1784798602231,1784798602232,202,1.000,warm
4252,exp-warm-5000-004252-8ece6c5f,1784798602231,1784798602232,202,1.000,warm
4253,exp-warm-5000-004255-c3e8b5ff,1784798602231,1784798602232,202,1.000,warm
4254,exp-warm-5000-004251-716f6903,1784798602232,1784798602232,202,0.000,warm
4255,exp-warm-5000-004249-ee94a158,1784798602232,1784798602232,202,0.000,warm
4256,exp-warm-5000-004260-4d8136d8,1784798602232,1784798602233,202,1.000,warm
4257,exp-warm-5000-004258-6a012936,1784798602233,1784798602233,202,0.000,warm
4258,exp-warm-5000-004257-0bf4ed49,1784798602233,1784798602233,202,0.000,warm
4259,exp-warm-5000-004259-05b210f3,1784798602233,1784798602233,202,0.000,warm
4260,exp-warm-5000-004256-c7301abf,1784798602233,1784798602233,202,0.000,warm
4261,exp-warm-5000-004261-5d6eba0e,1784798602233,1784798602234,202,1.000,warm
4262,exp-warm-5000-004262-d2ed9885,1784798602234,1784798602234,202,0.000,warm
4263,exp-warm-5000-004263-cd982dc5,1784798602234,1784798602234,202,0.000,warm
4264,exp-warm-5000-004264-66bd8dc0,1784798602234,1784798602234,202,0.000,warm
4265,exp-warm-5000-004265-255896b1,1784798602234,1784798602234,202,0.000,warm
4266,exp-warm-5000-004267-d7fc912b,1784798602235,1784798602235,202,0.000,warm
4267,exp-warm-5000-004269-7a63613a,1784798602235,1784798602235,202,0.000,warm
4268,exp-warm-5000-004266-2ea00517,1784798602235,1784798602235,202,0.000,warm
4269,exp-warm-5000-004268-dc44fbe5,1784798602235,1784798602235,202,0.000,warm
4270,exp-warm-5000-004271-5158f6c9,1784798602236,1784798602236,202,0.000,warm
4271,exp-warm-5000-004272-e27ee2e0,1784798602236,1784798602236,202,0.000,warm
4272,exp-warm-5000-004273-253898ab,1784798602236,1784798602236,202,0.000,warm
4273,exp-warm-5000-004270-c35dbba7,1784798602236,1784798602236,202,0.000,warm
4274,exp-warm-5000-004274-9cabbe69,1784798602236,1784798602236,202,0.000,warm
4275,exp-warm-5000-004277-7029ce68,1784798602236,1784798602237,202,1.000,warm
4276,exp-warm-5000-004279-57259f67,1784798602236,1784798602237,202,1.000,warm
4277,exp-warm-5000-004280-4dd373eb,1784798602236,1784798602237,202,1.000,warm
4278,exp-warm-5000-004276-1667dd37,1784798602237,1784798602237,202,0.000,warm
4279,exp-warm-5000-004278-0beb8051,1784798602237,1784798602237,202,0.000,warm
4280,exp-warm-5000-004275-ee6ac7a9,1784798602237,1784798602237,202,0.000,warm
4281,exp-warm-5000-004285-fbfc7b73,1784798602237,1784798602238,202,1.000,warm
4282,exp-warm-5000-004282-3141de4c,1784798602237,1784798602238,202,1.000,warm
4283,exp-warm-5000-004281-34ba7eed,1784798602238,1784798602238,202,0.000,warm
4284,exp-warm-5000-004283-2055c399,1784798602238,1784798602238,202,0.000,warm
4285,exp-warm-5000-004284-783bcb42,1784798602238,1784798602238,202,0.000,warm
4286,exp-warm-5000-004286-7a75bd41,1784798602238,1784798602239,202,1.000,warm
4287,exp-warm-5000-004290-8d9edf65,1784798602238,1784798602239,202,1.000,warm
4288,exp-warm-5000-004288-bc226950,1784798602239,1784798602239,202,0.000,warm
4289,exp-warm-5000-004287-147f0771,1784798602239,1784798602239,202,0.000,warm
4290,exp-warm-5000-004289-85809389,1784798602239,1784798602239,202,0.000,warm
4291,exp-warm-5000-004291-1ee3d209,1784798602239,1784798602240,202,1.000,warm
4292,exp-warm-5000-004292-ecd9b572,1784798602240,1784798602240,202,0.000,warm
4293,exp-warm-5000-004293-4fe4fe98,1784798602240,1784798602240,202,0.000,warm
4294,exp-warm-5000-004299-52a9b43e,1784798602240,1784798602241,202,1.000,warm
4295,exp-warm-5000-004297-dfc28898,1784798602240,1784798602241,202,1.000,warm
4296,exp-warm-5000-004294-48b1baff,1784798602241,1784798602241,202,0.000,warm
4297,exp-warm-5000-004296-2e47d71e,1784798602241,1784798602241,202,0.000,warm
4298,exp-warm-5000-004295-95bfc70c,1784798602241,1784798602241,202,0.000,warm
4299,exp-warm-5000-004298-848fb42b,1784798602241,1784798602241,202,0.000,warm
4300,exp-warm-5000-004303-43a83d78,1784798602241,1784798602242,202,1.000,warm
4301,exp-warm-5000-004304-1531638e,1784798602241,1784798602242,202,1.000,warm
4302,exp-warm-5000-004301-d432d6da,1784798602241,1784798602242,202,1.000,warm
4303,exp-warm-5000-004300-1b50a801,1784798602242,1784798602242,202,0.000,warm
4304,exp-warm-5000-004302-6e127917,1784798602242,1784798602242,202,0.000,warm
4305,exp-warm-5000-004306-a205ed1b,1784798602242,1784798602243,202,1.000,warm
4306,exp-warm-5000-004307-c43411ff,1784798602242,1784798602243,202,1.000,warm
4307,exp-warm-5000-004305-c6caaa0c,1784798602243,1784798602243,202,0.000,warm
4308,exp-warm-5000-004312-49c05ceb,1784798602243,1784798602244,202,1.000,warm
4309,exp-warm-5000-004310-748e805e,1784798602243,1784798602244,202,1.000,warm
4310,exp-warm-5000-004309-8c32d2dc,1784798602244,1784798602244,202,0.000,warm
4311,exp-warm-5000-004308-bb6f2ee4,1784798602244,1784798602244,202,0.000,warm
4312,exp-warm-5000-004311-bf3112ad,1784798602244,1784798602244,202,0.000,warm
4313,exp-warm-5000-004317-861cca01,1784798602244,1784798602245,202,1.000,warm
4314,exp-warm-5000-004313-37946eca,1784798602245,1784798602245,202,0.000,warm
4315,exp-warm-5000-004314-8f75e471,1784798602245,1784798602245,202,0.000,warm
4316,exp-warm-5000-004315-761d1c39,1784798602245,1784798602245,202,0.000,warm
4317,exp-warm-5000-004323-c5a71842,1784798602245,1784798602246,202,1.000,warm
4318,exp-warm-5000-004324-d9f88bd1,1784798602245,1784798602246,202,1.000,warm
4319,exp-warm-5000-004321-b11796c9,1784798602245,1784798602246,202,1.000,warm
4320,exp-warm-5000-004322-fc0f1a25,1784798602245,1784798602246,202,1.000,warm
4321,exp-warm-5000-004318-9d3d483f,1784798602246,1784798602246,202,0.000,warm
4322,exp-warm-5000-004319-7923c514,1784798602246,1784798602246,202,0.000,warm
4323,exp-warm-5000-004320-6fa55791,1784798602246,1784798602246,202,0.000,warm
4324,exp-warm-5000-004316-045f4067,1784798602246,1784798602246,202,0.000,warm
4325,exp-warm-5000-004328-4aed5807,1784798602246,1784798602247,202,1.000,warm
4326,exp-warm-5000-004327-709f6043,1784798602246,1784798602247,202,1.000,warm
4327,exp-warm-5000-004325-8be5754f,1784798602247,1784798602247,202,0.000,warm
4328,exp-warm-5000-004326-0b6273ce,1784798602247,1784798602247,202,0.000,warm
4329,exp-warm-5000-004333-f3c09af4,1784798602247,1784798602248,202,1.000,warm
4330,exp-warm-5000-004332-8800c81b,1784798602247,1784798602248,202,1.000,warm
4331,exp-warm-5000-004330-7e225a41,1784798602248,1784798602248,202,0.000,warm
4332,exp-warm-5000-004329-21bbff3b,1784798602248,1784798602248,202,0.000,warm
4333,exp-warm-5000-004331-284bbc6a,1784798602248,1784798602248,202,0.000,warm
4334,exp-warm-5000-004338-62c99587,1784798602248,1784798602249,202,1.000,warm
4335,exp-warm-5000-004340-2ee50cdb,1784798602248,1784798602249,202,1.000,warm
4336,exp-warm-5000-004334-8e549666,1784798602249,1784798602249,202,0.000,warm
4337,exp-warm-5000-004336-dde860c1,1784798602249,1784798602249,202,0.000,warm
4338,exp-warm-5000-004335-5cbc2a7e,1784798602249,1784798602249,202,0.000,warm
4339,exp-warm-5000-004337-93aa3000,1784798602249,1784798602249,202,0.000,warm
4340,exp-warm-5000-004341-29f88fee,1784798602250,1784798602250,202,0.000,warm
4341,exp-warm-5000-004339-c71efe93,1784798602250,1784798602250,202,0.000,warm
4342,exp-warm-5000-004342-5ac13d5b,1784798602250,1784798602250,202,0.000,warm
4343,exp-warm-5000-004344-f28613d8,1784798602250,1784798602250,202,0.000,warm
4344,exp-warm-5000-004345-700331a6,1784798602250,1784798602250,202,0.000,warm
4345,exp-warm-5000-004343-6c8d92df,1784798602250,1784798602250,202,0.000,warm
4346,exp-warm-5000-004346-583c596b,1784798602250,1784798602251,202,1.000,warm
4347,exp-warm-5000-004352-ee7a4bd5,1784798602250,1784798602251,202,1.000,warm
4348,exp-warm-5000-004348-4f1fcec0,1784798602251,1784798602251,202,0.000,warm
4349,exp-warm-5000-004347-51456d53,1784798602251,1784798602251,202,0.000,warm
4350,exp-warm-5000-004349-34e16679,1784798602251,1784798602251,202,0.000,warm
4351,exp-warm-5000-004350-0d31bd56,1784798602251,1784798602251,202,0.000,warm
4352,exp-warm-5000-004354-cd631381,1784798602251,1784798602252,202,1.000,warm
4353,exp-warm-5000-004353-95fae826,1784798602252,1784798602252,202,0.000,warm
4354,exp-warm-5000-004351-09d17b92,1784798602252,1784798602252,202,0.000,warm
4355,exp-warm-5000-004355-e3e5c9a9,1784798602252,1784798602252,202,0.000,warm
4356,exp-warm-5000-004360-c71476ce,1784798602252,1784798602253,202,1.000,warm
4357,exp-warm-5000-004362-14e1cc77,1784798602252,1784798602253,202,1.000,warm
4358,exp-warm-5000-004358-88f74a90,1784798602253,1784798602253,202,0.000,warm
4359,exp-warm-5000-004357-94320a82,1784798602253,1784798602253,202,0.000,warm
4360,exp-warm-5000-004359-8501a541,1784798602253,1784798602253,202,0.000,warm
4361,exp-warm-5000-004356-3886724a,1784798602253,1784798602253,202,0.000,warm
4362,exp-warm-5000-004364-cb54c4c2,1784798602253,1784798602254,202,1.000,warm
4363,exp-warm-5000-004365-ce92bec9,1784798602253,1784798602254,202,1.000,warm
4364,exp-warm-5000-004363-805ac372,1784798602254,1784798602254,202,0.000,warm
4365,exp-warm-5000-004361-4461677a,1784798602254,1784798602254,202,0.000,warm
4366,exp-warm-5000-004366-6ebafc2b,1784798602254,1784798602255,202,1.000,warm
4367,exp-warm-5000-004371-ed66f9be,1784798602254,1784798602255,202,1.000,warm
4368,exp-warm-5000-004370-7d37346e,1784798602254,1784798602255,202,1.000,warm
4369,exp-warm-5000-004367-5704dbf7,1784798602255,1784798602255,202,0.000,warm
4370,exp-warm-5000-004369-c082b005,1784798602255,1784798602255,202,0.000,warm
4371,exp-warm-5000-004368-4c441671,1784798602255,1784798602255,202,0.000,warm
4372,exp-warm-5000-004372-ed800fc6,1784798602255,1784798602256,202,1.000,warm
4373,exp-warm-5000-004375-62f5db02,1784798602255,1784798602256,202,1.000,warm
4374,exp-warm-5000-004374-f6539386,1784798602255,1784798602256,202,1.000,warm
4375,exp-warm-5000-004373-e3f09a75,1784798602256,1784798602256,202,0.000,warm
4376,exp-warm-5000-004376-67907ab9,1784798602256,1784798602257,202,1.000,warm
4377,exp-warm-5000-004378-e9f68dba,1784798602257,1784798602257,202,0.000,warm
4378,exp-warm-5000-004379-b82b0c1d,1784798602257,1784798602257,202,0.000,warm
4379,exp-warm-5000-004377-7d65f738,1784798602257,1784798602257,202,0.000,warm
4380,exp-warm-5000-004381-e1667e75,1784798602258,1784798602258,202,0.000,warm
4381,exp-warm-5000-004382-8b8a6d85,1784798602258,1784798602258,202,0.000,warm
4382,exp-warm-5000-004384-c73efe2d,1784798602258,1784798602258,202,0.000,warm
4383,exp-warm-5000-004383-00221a8b,1784798602258,1784798602258,202,0.000,warm
4384,exp-warm-5000-004380-9754cef5,1784798602258,1784798602258,202,0.000,warm
4385,exp-warm-5000-004388-35d9e6f2,1784798602258,1784798602259,202,1.000,warm
4386,exp-warm-5000-004390-3c356cc4,1784798602258,1784798602259,202,1.000,warm
4387,exp-warm-5000-004391-ece94f31,1784798602258,1784798602259,202,1.000,warm
4388,exp-warm-5000-004385-a0ae7135,1784798602259,1784798602259,202,0.000,warm
4389,exp-warm-5000-004386-6283072d,1784798602259,1784798602259,202,0.000,warm
4390,exp-warm-5000-004387-b9c67f61,1784798602259,1784798602259,202,0.000,warm
4391,exp-warm-5000-004389-b788ea82,1784798602259,1784798602259,202,0.000,warm
4392,exp-warm-5000-004395-e7e2c04c,1784798602259,1784798602260,202,1.000,warm
4393,exp-warm-5000-004392-229f6c81,1784798602259,1784798602260,202,1.000,warm
4394,exp-warm-5000-004393-a509197c,1784798602260,1784798602260,202,0.000,warm
4395,exp-warm-5000-004394-2c00f687,1784798602260,1784798602260,202,0.000,warm
4396,exp-warm-5000-004399-81d9e2ca,1784798602260,1784798602261,202,1.000,warm
4397,exp-warm-5000-004397-28843ae9,1784798602260,1784798602261,202,1.000,warm
4398,exp-warm-5000-004400-bb4b932c,1784798602260,1784798602261,202,1.000,warm
4399,exp-warm-5000-004396-d98d6e84,1784798602261,1784798602261,202,0.000,warm
4400,exp-warm-5000-004398-f6a3b389,1784798602261,1784798602261,202,0.000,warm
4401,exp-warm-5000-004405-5996ac85,1784798602261,1784798602262,202,1.000,warm
4402,exp-warm-5000-004403-0aec6364,1784798602261,1784798602262,202,1.000,warm
4403,exp-warm-5000-004406-aed15773,1784798602261,1784798602262,202,1.000,warm
4404,exp-warm-5000-004402-a0593d09,1784798602261,1784798602262,202,1.000,warm
4405,exp-warm-5000-004404-dcb2c697,1784798602262,1784798602262,202,0.000,warm
4406,exp-warm-5000-004401-87ee1dba,1784798602262,1784798602262,202,0.000,warm
4407,exp-warm-5000-004410-99ed78c7,1784798602262,1784798602263,202,1.000,warm
4408,exp-warm-5000-004411-2a96e10d,1784798602262,1784798602263,202,1.000,warm
4409,exp-warm-5000-004409-8c97865a,1784798602262,1784798602263,202,1.000,warm
4410,exp-warm-5000-004408-585a4244,1784798602262,1784798602263,202,1.000,warm
4411,exp-warm-5000-004407-04c02764,1784798602263,1784798602263,202,0.000,warm
4412,exp-warm-5000-004414-7f45e0df,1784798602263,1784798602264,202,1.000,warm
4413,exp-warm-5000-004417-baf14b79,1784798602263,1784798602264,202,1.000,warm
4414,exp-warm-5000-004416-d3d6e877,1784798602263,1784798602264,202,1.000,warm
4415,exp-warm-5000-004418-d62fdba0,1784798602263,1784798602264,202,1.000,warm
4416,exp-warm-5000-004413-6fd09335,1784798602263,1784798602264,202,1.000,warm
4417,exp-warm-5000-004412-97991be7,1784798602264,1784798602264,202,0.000,warm
4418,exp-warm-5000-004415-192c12c4,1784798602264,1784798602264,202,0.000,warm
4419,exp-warm-5000-004420-1f347bbc,1784798602264,1784798602265,202,1.000,warm
4420,exp-warm-5000-004422-5330cb39,1784798602264,1784798602265,202,1.000,warm
4421,exp-warm-5000-004423-ce0d5112,1784798602264,1784798602265,202,1.000,warm
4422,exp-warm-5000-004421-bf3fd507,1784798602264,1784798602265,202,1.000,warm
4423,exp-warm-5000-004419-3854137e,1784798602265,1784798602265,202,0.000,warm
4424,exp-warm-5000-004426-08afaca2,1784798602265,1784798602266,202,1.000,warm
4425,exp-warm-5000-004427-30578d97,1784798602265,1784798602266,202,1.000,warm
4426,exp-warm-5000-004429-f7dcf66b,1784798602265,1784798602266,202,1.000,warm
4427,exp-warm-5000-004424-d85471fd,1784798602266,1784798602266,202,0.000,warm
4428,exp-warm-5000-004425-2a94c424,1784798602266,1784798602266,202,0.000,warm
4429,exp-warm-5000-004432-bf1cc901,1784798602266,1784798602267,202,1.000,warm
4430,exp-warm-5000-004428-453ecabe,1784798602266,1784798602267,202,1.000,warm
4431,exp-warm-5000-004430-a918f19d,1784798602267,1784798602267,202,0.000,warm
4432,exp-warm-5000-004431-d5f0c06e,1784798602267,1784798602267,202,0.000,warm
4433,exp-warm-5000-004433-928fd9d6,1784798602267,1784798602268,202,1.000,warm
4434,exp-warm-5000-004434-c86db910,1784798602268,1784798602268,202,0.000,warm
4435,exp-warm-5000-004435-ac4de6d7,1784798602268,1784798602268,202,0.000,warm
4436,exp-warm-5000-004436-a36d2f2b,1784798602268,1784798602268,202,0.000,warm
4437,exp-warm-5000-004437-4913e452,1784798602268,1784798602269,202,1.000,warm
4438,exp-warm-5000-004438-f4497f39,1784798602269,1784798602269,202,0.000,warm
4439,exp-warm-5000-004439-b4eb646d,1784798602269,1784798602269,202,0.000,warm
4440,exp-warm-5000-004440-7ed4db7f,1784798602269,1784798602269,202,0.000,warm
4441,exp-warm-5000-004443-4e8730b4,1784798602269,1784798602270,202,1.000,warm
4442,exp-warm-5000-004442-1a40502f,1784798602270,1784798602270,202,0.000,warm
4443,exp-warm-5000-004441-d5cbfd31,1784798602270,1784798602270,202,0.000,warm
4444,exp-warm-5000-004444-b31c17cd,1784798602270,1784798602270,202,0.000,warm
4445,exp-warm-5000-004450-50e9e10a,1784798602270,1784798602271,202,1.000,warm
4446,exp-warm-5000-004451-c1850920,1784798602270,1784798602271,202,1.000,warm
4447,exp-warm-5000-004446-11d583df,1784798602271,1784798602271,202,0.000,warm
4448,exp-warm-5000-004448-6bdcf49d,1784798602271,1784798602271,202,0.000,warm
4449,exp-warm-5000-004447-3edfa689,1784798602271,1784798602271,202,0.000,warm
4450,exp-warm-5000-004445-01df5eed,1784798602271,1784798602271,202,0.000,warm
4451,exp-warm-5000-004449-a67df16a,1784798602271,1784798602271,202,0.000,warm
4452,exp-warm-5000-004455-aa8966dc,1784798602271,1784798602272,202,1.000,warm
4453,exp-warm-5000-004456-c514f239,1784798602271,1784798602272,202,1.000,warm
4454,exp-warm-5000-004452-c510d013,1784798602271,1784798602272,202,1.000,warm
4455,exp-warm-5000-004453-1e2d9bd4,1784798602272,1784798602272,202,0.000,warm
4456,exp-warm-5000-004454-a9ea15b3,1784798602272,1784798602272,202,0.000,warm
4457,exp-warm-5000-004459-292f5625,1784798602272,1784798602273,202,1.000,warm
4458,exp-warm-5000-004461-e40234e2,1784798602272,1784798602273,202,1.000,warm
4459,exp-warm-5000-004460-befd31ad,1784798602272,1784798602273,202,1.000,warm
4460,exp-warm-5000-004458-479b3a2c,1784798602272,1784798602273,202,1.000,warm
4461,exp-warm-5000-004457-3e14c9e3,1784798602273,1784798602273,202,0.000,warm
4462,exp-warm-5000-004462-3c4acc48,1784798602273,1784798602274,202,1.000,warm
4463,exp-warm-5000-004463-bed57a53,1784798602273,1784798602274,202,1.000,warm
4464,exp-warm-5000-004464-510aa4ab,1784798602273,1784798602274,202,1.000,warm
4465,exp-warm-5000-004465-076802ac,1784798602273,1784798602274,202,1.000,warm
4466,exp-warm-5000-004466-d37c1eb6,1784798602274,1784798602275,202,1.000,warm
4467,exp-warm-5000-004469-ce4f1605,1784798602274,1784798602275,202,1.000,warm
4468,exp-warm-5000-004468-8bac885c,1784798602274,1784798602275,202,1.000,warm
4469,exp-warm-5000-004467-bfeecc28,1784798602275,1784798602275,202,0.000,warm
4470,exp-warm-5000-004471-5373bdfc,1784798602275,1784798602276,202,1.000,warm
4471,exp-warm-5000-004474-35901b76,1784798602275,1784798602276,202,1.000,warm
4472,exp-warm-5000-004473-c157ce4c,1784798602275,1784798602276,202,1.000,warm
4473,exp-warm-5000-004475-2abb8b65,1784798602275,1784798602276,202,1.000,warm
4474,exp-warm-5000-004470-ed082eb5,1784798602276,1784798602276,202,0.000,warm
4475,exp-warm-5000-004472-84ab15fa,1784798602276,1784798602276,202,0.000,warm
4476,exp-warm-5000-004477-cf249bf4,1784798602276,1784798602277,202,1.000,warm
4477,exp-warm-5000-004479-0e3a61c6,1784798602276,1784798602277,202,1.000,warm
4478,exp-warm-5000-004480-0655456e,1784798602276,1784798602277,202,1.000,warm
4479,exp-warm-5000-004476-613064e8,1784798602277,1784798602277,202,0.000,warm
4480,exp-warm-5000-004478-68a0d44c,1784798602277,1784798602277,202,0.000,warm
4481,exp-warm-5000-004483-7ad6a119,1784798602277,1784798602278,202,1.000,warm
4482,exp-warm-5000-004535-cdd53f5b,1784798602277,1784798602288,202,11.000,warm
4483,exp-warm-5000-004481-77c14a02,1784798602278,1784798602278,202,0.000,warm
4484,exp-warm-5000-004482-f4cb862b,1784798602278,1784798602278,202,0.000,warm
4485,exp-warm-5000-004484-2fa7deb5,1784798602278,1784798602278,202,0.000,warm
4486,exp-warm-5000-004490-8fc7f992,1784798602278,1784798602279,202,1.000,warm
4487,exp-warm-5000-004491-6a7412d4,1784798602278,1784798602279,202,1.000,warm
4488,exp-warm-5000-004488-03c7985a,1784798602278,1784798602279,202,1.000,warm
4489,exp-warm-5000-004492-80fe1911,1784798602278,1784798602279,202,1.000,warm
4490,exp-warm-5000-004489-1bff34df,1784798602278,1784798602279,202,1.000,warm
4491,exp-warm-5000-004487-d3239390,1784798602279,1784798602279,202,0.000,warm
4492,exp-warm-5000-004485-b1678f0e,1784798602279,1784798602279,202,0.000,warm
4493,exp-warm-5000-004486-55902557,1784798602279,1784798602279,202,0.000,warm
4494,exp-warm-5000-004495-c7b78ba4,1784798602279,1784798602280,202,1.000,warm
4495,exp-warm-5000-004494-57762a58,1784798602279,1784798602280,202,1.000,warm
4496,exp-warm-5000-004496-9d688765,1784798602279,1784798602280,202,1.000,warm
4497,exp-warm-5000-004493-fc573f5e,1784798602280,1784798602280,202,0.000,warm
4498,exp-warm-5000-004501-cd7df465,1784798602280,1784798602281,202,1.000,warm
4499,exp-warm-5000-004502-30de01c4,1784798602280,1784798602281,202,1.000,warm
4500,exp-warm-5000-004500-f5b60098,1784798602280,1784798602281,202,1.000,warm
4501,exp-warm-5000-004498-538e9477,1784798602281,1784798602281,202,0.000,warm
4502,exp-warm-5000-004497-36b34202,1784798602281,1784798602281,202,0.000,warm
4503,exp-warm-5000-004499-c5950f19,1784798602281,1784798602281,202,0.000,warm
4504,exp-warm-5000-004507-f2467979,1784798602281,1784798602282,202,1.000,warm
4505,exp-warm-5000-004503-4aaa3039,1784798602282,1784798602282,202,0.000,warm
4506,exp-warm-5000-004504-c15f86df,1784798602282,1784798602282,202,0.000,warm
4507,exp-warm-5000-004505-114e44c6,1784798602282,1784798602282,202,0.000,warm
4508,exp-warm-5000-004513-ffdaed34,1784798602282,1784798602283,202,1.000,warm
4509,exp-warm-5000-004509-ed04a61c,1784798602283,1784798602283,202,0.000,warm
4510,exp-warm-5000-004510-8331a0af,1784798602283,1784798602283,202,0.000,warm
4511,exp-warm-5000-004508-c45bc2b4,1784798602283,1784798602283,202,0.000,warm
4512,exp-warm-5000-004511-d33de473,1784798602283,1784798602283,202,0.000,warm
4513,exp-warm-5000-004506-69fecf53,1784798602283,1784798602283,202,0.000,warm
4514,exp-warm-5000-004518-69c0a599,1784798602283,1784798602284,202,1.000,warm
4515,exp-warm-5000-004515-b4a1fbad,1784798602284,1784798602284,202,0.000,warm
4516,exp-warm-5000-004514-4f2e552e,1784798602284,1784798602284,202,0.000,warm
4517,exp-warm-5000-004512-43c2eed8,1784798602284,1784798602284,202,0.000,warm
4518,exp-warm-5000-004516-d5473f25,1784798602284,1784798602284,202,0.000,warm
4519,exp-warm-5000-004522-fac2479b,1784798602284,1784798602285,202,1.000,warm
4520,exp-warm-5000-004519-e82e9d20,1784798602285,1784798602285,202,0.000,warm
4521,exp-warm-5000-004520-0663dd1a,1784798602285,1784798602285,202,0.000,warm
4522,exp-warm-5000-004517-a98980ff,1784798602285,1784798602285,202,0.000,warm
4523,exp-warm-5000-004521-db3a4018,1784798602286,1784798602286,202,0.000,warm
4524,exp-warm-5000-004523-58407575,1784798602286,1784798602286,202,0.000,warm
4525,exp-warm-5000-004525-e8bd0afe,1784798602286,1784798602286,202,0.000,warm
4526,exp-warm-5000-004524-d224a2bc,1784798602286,1784798602286,202,0.000,warm
4527,exp-warm-5000-004531-b3009597,1784798602286,1784798602287,202,1.000,warm
4528,exp-warm-5000-004527-569196c3,1784798602287,1784798602287,202,0.000,warm
4529,exp-warm-5000-004528-84312725,1784798602287,1784798602287,202,0.000,warm
4530,exp-warm-5000-004529-4a46b971,1784798602287,1784798602287,202,0.000,warm
4531,exp-warm-5000-004526-b4c34586,1784798602287,1784798602287,202,0.000,warm
4532,exp-warm-5000-004530-f48c4022,1784798602287,1784798602287,202,0.000,warm
4533,exp-warm-5000-004532-b84da212,1784798602288,1784798602288,202,0.000,warm
4534,exp-warm-5000-004533-9af2847f,1784798602288,1784798602288,202,0.000,warm
4535,exp-warm-5000-004534-0fda15d8,1784798602288,1784798602288,202,0.000,warm
4536,exp-warm-5000-004537-03ac2db3,1784798602297,1784798602300,202,3.000,warm
4537,exp-warm-5000-004543-7b240654,1784798602297,1784798602300,202,3.000,warm
4538,exp-warm-5000-004540-03004ede,1784798602299,1784798602300,202,1.000,warm
4539,exp-warm-5000-004538-ddaeb0b4,1784798602299,1784798602300,202,1.000,warm
4540,exp-warm-5000-004544-e6a48c9a,1784798602299,1784798602300,202,1.000,warm
4541,exp-warm-5000-004536-094c5381,1784798602299,1784798602300,202,1.000,warm
4542,exp-warm-5000-004542-560086d7,1784798602299,1784798602300,202,1.000,warm
4543,exp-warm-5000-004547-96a17195,1784798602300,1784798602301,202,1.000,warm
4544,exp-warm-5000-004551-4df66c82,1784798602300,1784798602301,202,1.000,warm
4545,exp-warm-5000-004549-12d3940f,1784798602300,1784798602301,202,1.000,warm
4546,exp-warm-5000-004548-627ddbfe,1784798602300,1784798602301,202,1.000,warm
4547,exp-warm-5000-004552-f90849c6,1784798602300,1784798602301,202,1.000,warm
4548,exp-warm-5000-004566-5ce8dd3d,1784798602300,1784798602302,202,2.000,warm
4549,exp-warm-5000-004541-7844482e,1784798602301,1784798602301,202,0.000,warm
4550,exp-warm-5000-004545-e4b12223,1784798602301,1784798602301,202,0.000,warm
4551,exp-warm-5000-004546-ac7fc12c,1784798602301,1784798602301,202,0.000,warm
4552,exp-warm-5000-004550-bfdfb62f,1784798602301,1784798602301,202,0.000,warm
4553,exp-warm-5000-004539-7d5be9bd,1784798602301,1784798602301,202,0.000,warm
4554,exp-warm-5000-004565-59a1d5f6,1784798602301,1784798602302,202,1.000,warm
4555,exp-warm-5000-004569-8d93b57a,1784798602301,1784798602302,202,1.000,warm
4556,exp-warm-5000-004570-486107cb,1784798602301,1784798602302,202,1.000,warm
4557,exp-warm-5000-004561-f43749cd,1784798602301,1784798602302,202,1.000,warm
4558,exp-warm-5000-004567-f715b5db,1784798602301,1784798602302,202,1.000,warm
4559,exp-warm-5000-004562-527d5e77,1784798602301,1784798602302,202,1.000,warm
4560,exp-warm-5000-004581-f04b2ac1,1784798602301,1784798602303,202,2.000,warm
4561,exp-warm-5000-004568-0628f92e,1784798602301,1784798602303,202,2.000,warm
4562,exp-warm-5000-004555-a4dd1b8e,1784798602302,1784798602302,202,0.000,warm
4563,exp-warm-5000-004553-90187401,1784798602302,1784798602302,202,0.000,warm
4564,exp-warm-5000-004557-b39078f2,1784798602302,1784798602302,202,0.000,warm
4565,exp-warm-5000-004556-b86614d0,1784798602302,1784798602302,202,0.000,warm
4566,exp-warm-5000-004559-73fe0a31,1784798602302,1784798602302,202,0.000,warm
4567,exp-warm-5000-004554-026929ba,1784798602302,1784798602302,202,0.000,warm
4568,exp-warm-5000-004558-2a5303dc,1784798602302,1784798602302,202,0.000,warm
4569,exp-warm-5000-004560-dad94679,1784798602302,1784798602302,202,0.000,warm
4570,exp-warm-5000-004563-4aa253bd,1784798602302,1784798602302,202,0.000,warm
4571,exp-warm-5000-004564-773f4d5b,1784798602302,1784798602302,202,0.000,warm
4572,exp-warm-5000-004585-4838bb54,1784798602302,1784798602303,202,1.000,warm
4573,exp-warm-5000-004586-98f55b72,1784798602302,1784798602303,202,1.000,warm
4574,exp-warm-5000-004583-ffdb1ce9,1784798602302,1784798602303,202,1.000,warm
4575,exp-warm-5000-004587-858198be,1784798602302,1784798602303,202,1.000,warm
4576,exp-warm-5000-004582-e64f3bac,1784798602302,1784798602303,202,1.000,warm
4577,exp-warm-5000-004584-e6949ed8,1784798602302,1784798602303,202,1.000,warm
4578,exp-warm-5000-004589-49de31d1,1784798602302,1784798602303,202,1.000,warm
4579,exp-warm-5000-004590-2350b80e,1784798602302,1784798602303,202,1.000,warm
4580,exp-warm-5000-004572-6d0e647b,1784798602303,1784798602303,202,0.000,warm
4581,exp-warm-5000-004574-48cd81b2,1784798602303,1784798602303,202,0.000,warm
4582,exp-warm-5000-004573-7e081fff,1784798602303,1784798602303,202,0.000,warm
4583,exp-warm-5000-004571-de0d02ff,1784798602303,1784798602303,202,0.000,warm
4584,exp-warm-5000-004575-244506d0,1784798602303,1784798602303,202,0.000,warm
4585,exp-warm-5000-004578-382c47ab,1784798602303,1784798602303,202,0.000,warm
4586,exp-warm-5000-004577-dd39db98,1784798602303,1784798602303,202,0.000,warm
4587,exp-warm-5000-004576-60592c98,1784798602303,1784798602303,202,0.000,warm
4588,exp-warm-5000-004579-f9abcd7b,1784798602303,1784798602303,202,0.000,warm
4589,exp-warm-5000-004580-4d5061d7,1784798602303,1784798602303,202,0.000,warm
4590,exp-warm-5000-004601-56a2c63d,1784798602303,1784798602304,202,1.000,warm
4591,exp-warm-5000-004603-098f4f83,1784798602303,1784798602304,202,1.000,warm
4592,exp-warm-5000-004604-4c45608d,1784798602303,1784798602304,202,1.000,warm
4593,exp-warm-5000-004602-c5ec568b,1784798602303,1784798602304,202,1.000,warm
4594,exp-warm-5000-004607-2356f4e4,1784798602303,1784798602304,202,1.000,warm
4595,exp-warm-5000-004605-8c9f9a59,1784798602303,1784798602304,202,1.000,warm
4596,exp-warm-5000-004588-3ae6ce4e,1784798602303,1784798602304,202,1.000,warm
4597,exp-warm-5000-004591-8b1d6fb2,1784798602304,1784798602304,202,0.000,warm
4598,exp-warm-5000-004593-af92a676,1784798602304,1784798602304,202,0.000,warm
4599,exp-warm-5000-004595-081cce8d,1784798602304,1784798602304,202,0.000,warm
4600,exp-warm-5000-004596-f63930ca,1784798602304,1784798602304,202,0.000,warm
4601,exp-warm-5000-004594-b2e546c9,1784798602304,1784798602304,202,0.000,warm
4602,exp-warm-5000-004592-d8a0cac6,1784798602304,1784798602304,202,0.000,warm
4603,exp-warm-5000-004597-bb62973d,1784798602304,1784798602304,202,0.000,warm
4604,exp-warm-5000-004598-b8392fd9,1784798602304,1784798602304,202,0.000,warm
4605,exp-warm-5000-004599-52cbd3a4,1784798602304,1784798602304,202,0.000,warm
4606,exp-warm-5000-004600-739479f0,1784798602304,1784798602304,202,0.000,warm
4607,exp-warm-5000-004613-7b70078d,1784798602304,1784798602305,202,1.000,warm
4608,exp-warm-5000-004616-60e67e65,1784798602304,1784798602305,202,1.000,warm
4609,exp-warm-5000-004617-1e86875f,1784798602304,1784798602305,202,1.000,warm
4610,exp-warm-5000-004619-e7cf0944,1784798602304,1784798602305,202,1.000,warm
4611,exp-warm-5000-004620-b12f21d3,1784798602304,1784798602305,202,1.000,warm
4612,exp-warm-5000-004615-5fbabd1f,1784798602304,1784798602305,202,1.000,warm
4613,exp-warm-5000-004609-53c579d9,1784798602305,1784798602305,202,0.000,warm
4614,exp-warm-5000-004611-c52a44e4,1784798602305,1784798602305,202,0.000,warm
4615,exp-warm-5000-004610-ffdc4bda,1784798602305,1784798602305,202,0.000,warm
4616,exp-warm-5000-004606-c64e6905,1784798602305,1784798602305,202,0.000,warm
4617,exp-warm-5000-004612-41c4fb51,1784798602305,1784798602305,202,0.000,warm
4618,exp-warm-5000-004608-0f0c621e,1784798602305,1784798602305,202,0.000,warm
4619,exp-warm-5000-004614-3b63ad31,1784798602305,1784798602305,202,0.000,warm
4620,exp-warm-5000-004622-15552090,1784798602305,1784798602306,202,1.000,warm
4621,exp-warm-5000-004624-8f89db24,1784798602305,1784798602306,202,1.000,warm
4622,exp-warm-5000-004623-3a49ddc2,1784798602305,1784798602306,202,1.000,warm
4623,exp-warm-5000-004626-2bee9377,1784798602305,1784798602306,202,1.000,warm
4624,exp-warm-5000-004621-1c75134d,1784798602306,1784798602306,202,0.000,warm
4625,exp-warm-5000-004618-501db07a,1784798602306,1784798602306,202,0.000,warm
4626,exp-warm-5000-004630-c4ade4bc,1784798602306,1784798602307,202,1.000,warm
4627,exp-warm-5000-004632-8c79395b,1784798602306,1784798602307,202,1.000,warm
4628,exp-warm-5000-004628-d0fed71b,1784798602307,1784798602307,202,0.000,warm
4629,exp-warm-5000-004627-26547daa,1784798602307,1784798602307,202,0.000,warm
4630,exp-warm-5000-004629-d1123165,1784798602307,1784798602307,202,0.000,warm
4631,exp-warm-5000-004625-296c142b,1784798602307,1784798602307,202,0.000,warm
4632,exp-warm-5000-004638-f589dce7,1784798602307,1784798602308,202,1.000,warm
4633,exp-warm-5000-004637-c87bde58,1784798602307,1784798602308,202,1.000,warm
4634,exp-warm-5000-004634-ad0ed9e3,1784798602308,1784798602308,202,0.000,warm
4635,exp-warm-5000-004633-4e5d5346,1784798602308,1784798602308,202,0.000,warm
4636,exp-warm-5000-004635-f884dc4c,1784798602308,1784798602308,202,0.000,warm
4637,exp-warm-5000-004631-6b27a98f,1784798602308,1784798602308,202,0.000,warm
4638,exp-warm-5000-004636-9bef07d7,1784798602308,1784798602308,202,0.000,warm
4639,exp-warm-5000-004643-739cd24a,1784798602308,1784798602309,202,1.000,warm
4640,exp-warm-5000-004644-d4ee17f3,1784798602308,1784798602309,202,1.000,warm
4641,exp-warm-5000-004645-b3f9aff9,1784798602308,1784798602309,202,1.000,warm
4642,exp-warm-5000-004639-4277a6f4,1784798602309,1784798602309,202,0.000,warm
4643,exp-warm-5000-004641-b83491b5,1784798602309,1784798602309,202,0.000,warm
4644,exp-warm-5000-004640-1f6a1cb8,1784798602309,1784798602309,202,0.000,warm
4645,exp-warm-5000-004642-6045e73a,1784798602309,1784798602309,202,0.000,warm
4646,exp-warm-5000-004649-1c98ad04,1784798602309,1784798602310,202,1.000,warm
4647,exp-warm-5000-004650-45d8be43,1784798602309,1784798602310,202,1.000,warm
4648,exp-warm-5000-004647-77112e3e,1784798602310,1784798602310,202,0.000,warm
4649,exp-warm-5000-004648-057d94d3,1784798602310,1784798602310,202,0.000,warm
4650,exp-warm-5000-004646-71177728,1784798602310,1784798602310,202,0.000,warm
4651,exp-warm-5000-004652-466ea665,1784798602311,1784798602311,202,0.000,warm
4652,exp-warm-5000-004653-43d54a42,1784798602311,1784798602311,202,0.000,warm
4653,exp-warm-5000-004651-a272c672,1784798602311,1784798602311,202,0.000,warm
4654,exp-warm-5000-004657-05891697,1784798602311,1784798602312,202,1.000,warm
4655,exp-warm-5000-004658-4c43d7b7,1784798602311,1784798602312,202,1.000,warm
4656,exp-warm-5000-004654-e1d33c83,1784798602312,1784798602312,202,0.000,warm
4657,exp-warm-5000-004655-6e02ffa1,1784798602312,1784798602312,202,0.000,warm
4658,exp-warm-5000-004656-d1e49d5f,1784798602312,1784798602312,202,0.000,warm
4659,exp-warm-5000-004664-c519c29b,1784798602312,1784798602313,202,1.000,warm
4660,exp-warm-5000-004665-903d6b6f,1784798602312,1784798602313,202,1.000,warm
4661,exp-warm-5000-004661-a443866e,1784798602312,1784798602313,202,1.000,warm
4662,exp-warm-5000-004662-413ea5b2,1784798602312,1784798602313,202,1.000,warm
4663,exp-warm-5000-004659-f1774be0,1784798602313,1784798602313,202,0.000,warm
4664,exp-warm-5000-004660-73ce0611,1784798602313,1784798602313,202,0.000,warm
4665,exp-warm-5000-004663-cc4b08af,1784798602313,1784798602313,202,0.000,warm
4666,exp-warm-5000-004669-fe78adaf,1784798602313,1784798602314,202,1.000,warm
4667,exp-warm-5000-004666-a5116ff8,1784798602313,1784798602314,202,1.000,warm
4668,exp-warm-5000-004667-c09b2d53,1784798602314,1784798602314,202,0.000,warm
4669,exp-warm-5000-004668-9c7cb6ad,1784798602314,1784798602314,202,0.000,warm
4670,exp-warm-5000-004671-8e5f8813,1784798602314,1784798602315,202,1.000,warm
4671,exp-warm-5000-004673-04ab39ef,1784798602314,1784798602315,202,1.000,warm
4672,exp-warm-5000-004674-50eb8ce5,1784798602314,1784798602315,202,1.000,warm
4673,exp-warm-5000-004670-bc82490e,1784798602315,1784798602315,202,0.000,warm
4674,exp-warm-5000-004672-8af6fbf7,1784798602315,1784798602315,202,0.000,warm
4675,exp-warm-5000-004681-d347feef,1784798602315,1784798602316,202,1.000,warm
4676,exp-warm-5000-004680-66349f52,1784798602315,1784798602316,202,1.000,warm
4677,exp-warm-5000-004679-d218e911,1784798602315,1784798602316,202,1.000,warm
4678,exp-warm-5000-004682-26d3d782,1784798602315,1784798602317,202,2.000,warm
4679,exp-warm-5000-004675-2f210192,1784798602316,1784798602316,202,0.000,warm
4680,exp-warm-5000-004676-8cb3f281,1784798602316,1784798602316,202,0.000,warm
4681,exp-warm-5000-004677-d4a2c246,1784798602316,1784798602316,202,0.000,warm
4682,exp-warm-5000-004678-140182e9,1784798602316,1784798602316,202,0.000,warm
4683,exp-warm-5000-004685-b92f805c,1784798602316,1784798602317,202,1.000,warm
4684,exp-warm-5000-004687-3a08993e,1784798602316,1784798602317,202,1.000,warm
4685,exp-warm-5000-004683-0fb1d896,1784798602317,1784798602317,202,0.000,warm
4686,exp-warm-5000-004684-852494d0,1784798602317,1784798602317,202,0.000,warm
4687,exp-warm-5000-004689-94725a5c,1784798602317,1784798602318,202,1.000,warm
4688,exp-warm-5000-004686-9e0b4def,1784798602318,1784798602318,202,0.000,warm
4689,exp-warm-5000-004688-e9eba42a,1784798602318,1784798602318,202,0.000,warm
4690,exp-warm-5000-004693-f18db04a,1784798602318,1784798602319,202,1.000,warm
4691,exp-warm-5000-004694-743154a0,1784798602318,1784798602319,202,1.000,warm
4692,exp-warm-5000-004690-8251dd5a,1784798602319,1784798602319,202,0.000,warm
4693,exp-warm-5000-004691-578410e7,1784798602319,1784798602319,202,0.000,warm
4694,exp-warm-5000-004692-015aa31e,1784798602319,1784798602319,202,0.000,warm
4695,exp-warm-5000-004696-3ea8db31,1784798602319,1784798602320,202,1.000,warm
4696,exp-warm-5000-004700-6b83fe1f,1784798602319,1784798602320,202,1.000,warm
4697,exp-warm-5000-004699-dae9aac9,1784798602319,1784798602320,202,1.000,warm
4698,exp-warm-5000-004698-bd7f7761,1784798602319,1784798602320,202,1.000,warm
4699,exp-warm-5000-004695-5f025f2b,1784798602320,1784798602320,202,0.000,warm
4700,exp-warm-5000-004697-00c10dc8,1784798602320,1784798602320,202,0.000,warm
4701,exp-warm-5000-004703-9e82090c,1784798602320,1784798602321,202,1.000,warm
4702,exp-warm-5000-004702-bd0670d5,1784798602321,1784798602321,202,0.000,warm
4703,exp-warm-5000-004701-26837938,1784798602321,1784798602321,202,0.000,warm
4704,exp-warm-5000-004707-2a81713b,1784798602321,1784798602322,202,1.000,warm
4705,exp-warm-5000-004709-16c432f6,1784798602321,1784798602322,202,1.000,warm
4706,exp-warm-5000-004706-03b06b89,1784798602322,1784798602322,202,0.000,warm
4707,exp-warm-5000-004705-f21dc445,1784798602322,1784798602322,202,0.000,warm
4708,exp-warm-5000-004704-5ab81ce2,1784798602322,1784798602322,202,0.000,warm
4709,exp-warm-5000-004708-d840d254,1784798602322,1784798602322,202,0.000,warm
4710,exp-warm-5000-004712-b493248f,1784798602322,1784798602323,202,1.000,warm
4711,exp-warm-5000-004711-82bd80df,1784798602322,1784798602323,202,1.000,warm
4712,exp-warm-5000-004710-36a2604b,1784798602323,1784798602323,202,0.000,warm
4713,exp-warm-5000-004716-dde2ba08,1784798602323,1784798602324,202,1.000,warm
4714,exp-warm-5000-004714-400a8011,1784798602324,1784798602324,202,0.000,warm
4715,exp-warm-5000-004713-e3028a2f,1784798602324,1784798602324,202,0.000,warm
4716,exp-warm-5000-004715-fac3a10e,1784798602324,1784798602324,202,0.000,warm
4717,exp-warm-5000-004721-d8dd478e,1784798602324,1784798602325,202,1.000,warm
4718,exp-warm-5000-004722-d1e9a8f8,1784798602324,1784798602325,202,1.000,warm
4719,exp-warm-5000-004720-e49f0c2d,1784798602324,1784798602325,202,1.000,warm
4720,exp-warm-5000-004719-f8d49faf,1784798602325,1784798602325,202,0.000,warm
4721,exp-warm-5000-004718-c32e5aae,1784798602325,1784798602325,202,0.000,warm
4722,exp-warm-5000-004717-8696c5f5,1784798602325,1784798602325,202,0.000,warm
4723,exp-warm-5000-004723-2ada7822,1784798602325,1784798602326,202,1.000,warm
4724,exp-warm-5000-004727-2672d975,1784798602325,1784798602326,202,1.000,warm
4725,exp-warm-5000-004728-bf8a9c71,1784798602325,1784798602326,202,1.000,warm
4726,exp-warm-5000-004724-5117647d,1784798602326,1784798602326,202,0.000,warm
4727,exp-warm-5000-004725-7d33292f,1784798602326,1784798602326,202,0.000,warm
4728,exp-warm-5000-004726-cad16b96,1784798602326,1784798602326,202,0.000,warm
4729,exp-warm-5000-004730-2ff6c0b7,1784798602327,1784798602327,202,0.000,warm
4730,exp-warm-5000-004729-03768137,1784798602327,1784798602327,202,0.000,warm
4731,exp-warm-5000-004732-3e1a64ea,1784798602327,1784798602327,202,0.000,warm
4732,exp-warm-5000-004731-a9407446,1784798602327,1784798602327,202,0.000,warm
4733,exp-warm-5000-004737-8bb51a38,1784798602327,1784798602328,202,1.000,warm
4734,exp-warm-5000-004733-b3d3ba3f,1784798602328,1784798602328,202,0.000,warm
4735,exp-warm-5000-004735-a08d1925,1784798602328,1784798602328,202,0.000,warm
4736,exp-warm-5000-004736-1c50be20,1784798602328,1784798602328,202,0.000,warm
4737,exp-warm-5000-004734-3582918f,1784798602328,1784798602328,202,0.000,warm
4738,exp-warm-5000-004743-eaf00166,1784798602328,1784798602329,202,1.000,warm
4739,exp-warm-5000-004742-85193752,1784798602328,1784798602329,202,1.000,warm
4740,exp-warm-5000-004738-7dd42fad,1784798602329,1784798602329,202,0.000,warm
4741,exp-warm-5000-004739-12e8306e,1784798602329,1784798602329,202,0.000,warm
4742,exp-warm-5000-004741-fb07ab85,1784798602329,1784798602329,202,0.000,warm
4743,exp-warm-5000-004740-71030afd,1784798602329,1784798602329,202,0.000,warm
4744,exp-warm-5000-004746-2fa10ca3,1784798602329,1784798602330,202,1.000,warm
4745,exp-warm-5000-004745-1048d683,1784798602329,1784798602330,202,1.000,warm
4746,exp-warm-5000-004747-cf2f67e0,1784798602329,1784798602330,202,1.000,warm
4747,exp-warm-5000-004744-6fdea71a,1784798602330,1784798602330,202,0.000,warm
4748,exp-warm-5000-004752-f9589c08,1784798602330,1784798602331,202,1.000,warm
4749,exp-warm-5000-004748-a1f9a739,1784798602330,1784798602331,202,1.000,warm
4750,exp-warm-5000-004749-3e1c8cb1,1784798602330,1784798602331,202,1.000,warm
4751,exp-warm-5000-004753-671de59b,1784798602330,1784798602331,202,1.000,warm
4752,exp-warm-5000-004750-4b04ff3f,1784798602331,1784798602331,202,0.000,warm
4753,exp-warm-5000-004751-2492e222,1784798602331,1784798602331,202,0.000,warm
4754,exp-warm-5000-004759-94891203,1784798602331,1784798602332,202,1.000,warm
4755,exp-warm-5000-004756-f29c358b,1784798602331,1784798602332,202,1.000,warm
4756,exp-warm-5000-004754-e920474d,1784798602332,1784798602332,202,0.000,warm
4757,exp-warm-5000-004755-3f29b227,1784798602332,1784798602332,202,0.000,warm
4758,exp-warm-5000-004758-3e68f638,1784798602332,1784798602332,202,0.000,warm
4759,exp-warm-5000-004757-0b506d01,1784798602332,1784798602332,202,0.000,warm
4760,exp-warm-5000-004765-b8f4962b,1784798602332,1784798602333,202,1.000,warm
4761,exp-warm-5000-004763-fdce41ba,1784798602332,1784798602333,202,1.000,warm
4762,exp-warm-5000-004760-a7a8ae72,1784798602333,1784798602333,202,0.000,warm
4763,exp-warm-5000-004761-b9f979eb,1784798602333,1784798602333,202,0.000,warm
4764,exp-warm-5000-004762-b10996c3,1784798602333,1784798602333,202,0.000,warm
4765,exp-warm-5000-004764-ab2bbe9f,1784798602333,1784798602333,202,0.000,warm
4766,exp-warm-5000-004770-4f96eb71,1784798602333,1784798602334,202,1.000,warm
4767,exp-warm-5000-004767-285c733e,1784798602334,1784798602334,202,0.000,warm
4768,exp-warm-5000-004766-774f2dc7,1784798602334,1784798602334,202,0.000,warm
4769,exp-warm-5000-004768-755d29c9,1784798602334,1784798602334,202,0.000,warm
4770,exp-warm-5000-004769-5ef0ca68,1784798602334,1784798602334,202,0.000,warm
4771,exp-warm-5000-004775-5578eaff,1784798602334,1784798602335,202,1.000,warm
4772,exp-warm-5000-004772-b885b860,1784798602335,1784798602335,202,0.000,warm
4773,exp-warm-5000-004773-8ae58315,1784798602335,1784798602335,202,0.000,warm
4774,exp-warm-5000-004774-7d21a309,1784798602335,1784798602335,202,0.000,warm
4775,exp-warm-5000-004771-2a9f2fa6,1784798602335,1784798602335,202,0.000,warm
4776,exp-warm-5000-004780-9876ed62,1784798602335,1784798602336,202,1.000,warm
4777,exp-warm-5000-004779-2a3232c5,1784798602335,1784798602336,202,1.000,warm
4778,exp-warm-5000-004778-f8b7a744,1784798602335,1784798602336,202,1.000,warm
4779,exp-warm-5000-004776-efd3a3b9,1784798602336,1784798602336,202,0.000,warm
4780,exp-warm-5000-004777-8a0f8251,1784798602336,1784798602336,202,0.000,warm
4781,exp-warm-5000-004781-cb1f2f1d,1784798602336,1784798602337,202,1.000,warm
4782,exp-warm-5000-004783-5ae3cec1,1784798602336,1784798602337,202,1.000,warm
4783,exp-warm-5000-004782-8d872e17,1784798602336,1784798602337,202,1.000,warm
4784,exp-warm-5000-004788-313334a6,1784798602337,1784798602338,202,1.000,warm
4785,exp-warm-5000-004789-172e24de,1784798602337,1784798602338,202,1.000,warm
4786,exp-warm-5000-004784-7a7592b1,1784798602338,1784798602338,202,0.000,warm
4787,exp-warm-5000-004787-57588287,1784798602338,1784798602338,202,0.000,warm
4788,exp-warm-5000-004785-b0b886d1,1784798602338,1784798602338,202,0.000,warm
4789,exp-warm-5000-004786-e64fb785,1784798602338,1784798602338,202,0.000,warm
4790,exp-warm-5000-004791-967b55aa,1784798602339,1784798602339,202,0.000,warm
4791,exp-warm-5000-004792-28239ab8,1784798602339,1784798602339,202,0.000,warm
4792,exp-warm-5000-004790-391429d5,1784798602339,1784798602339,202,0.000,warm
4793,exp-warm-5000-004797-894c201c,1784798602339,1784798602340,202,1.000,warm
4794,exp-warm-5000-004794-ea2418ac,1784798602340,1784798602340,202,0.000,warm
4795,exp-warm-5000-004795-a064058f,1784798602340,1784798602340,202,0.000,warm
4796,exp-warm-5000-004796-934b8993,1784798602340,1784798602340,202,0.000,warm
4797,exp-warm-5000-004793-5596b25b,1784798602340,1784798602340,202,0.000,warm
4798,exp-warm-5000-004801-43e58bad,1784798602340,1784798602341,202,1.000,warm
4799,exp-warm-5000-004803-267b15bb,1784798602340,1784798602341,202,1.000,warm
4800,exp-warm-5000-004802-36e67ee6,1784798602340,1784798602341,202,1.000,warm
4801,exp-warm-5000-004799-f6a41a3f,1784798602341,1784798602341,202,0.000,warm
4802,exp-warm-5000-004800-b1e5bb25,1784798602341,1784798602341,202,0.000,warm
4803,exp-warm-5000-004798-e816b824,1784798602341,1784798602341,202,0.000,warm
4804,exp-warm-5000-004807-99c5e26b,1784798602341,1784798602342,202,1.000,warm
4805,exp-warm-5000-004806-1e0e506c,1784798602341,1784798602342,202,1.000,warm
4806,exp-warm-5000-004804-a30f08f7,1784798602341,1784798602342,202,1.000,warm
4807,exp-warm-5000-004805-ddd03645,1784798602342,1784798602342,202,0.000,warm
4808,exp-warm-5000-004811-3f6405e0,1784798602342,1784798602343,202,1.000,warm
4809,exp-warm-5000-004810-85d4f57c,1784798602342,1784798602343,202,1.000,warm
4810,exp-warm-5000-004812-3d455417,1784798602342,1784798602343,202,1.000,warm
4811,exp-warm-5000-004813-647d4d85,1784798602342,1784798602343,202,1.000,warm
4812,exp-warm-5000-004808-0954ac77,1784798602343,1784798602343,202,0.000,warm
4813,exp-warm-5000-004809-a8d3aaaa,1784798602343,1784798602343,202,0.000,warm
4814,exp-warm-5000-004817-5f5dd6a2,1784798602343,1784798602344,202,1.000,warm
4815,exp-warm-5000-004814-9c9d8a96,1784798602343,1784798602344,202,1.000,warm
4816,exp-warm-5000-004821-2a47eb8b,1784798602343,1784798602345,202,2.000,warm
4817,exp-warm-5000-004815-ff257b01,1784798602344,1784798602344,202,0.000,warm
4818,exp-warm-5000-004816-8b6e2626,1784798602344,1784798602344,202,0.000,warm
4819,exp-warm-5000-004822-8f35d50f,1784798602344,1784798602345,202,1.000,warm
4820,exp-warm-5000-004818-509e07a3,1784798602345,1784798602345,202,0.000,warm
4821,exp-warm-5000-004820-cc62f056,1784798602345,1784798602345,202,0.000,warm
4822,exp-warm-5000-004819-e5eef613,1784798602345,1784798602345,202,0.000,warm
4823,exp-warm-5000-004824-f666ed0e,1784798602345,1784798602346,202,1.000,warm
4824,exp-warm-5000-004825-3f8485e0,1784798602345,1784798602346,202,1.000,warm
4825,exp-warm-5000-004823-17859119,1784798602346,1784798602346,202,0.000,warm
4826,exp-warm-5000-004829-dcc57f78,1784798602346,1784798602347,202,1.000,warm
4827,exp-warm-5000-004826-40ccd60b,1784798602346,1784798602347,202,1.000,warm
4828,exp-warm-5000-004830-08ab08d4,1784798602346,1784798602347,202,1.000,warm
4829,exp-warm-5000-004827-af641318,1784798602347,1784798602347,202,0.000,warm
4830,exp-warm-5000-004828-eec919b0,1784798602347,1784798602347,202,0.000,warm
4831,exp-warm-5000-004832-7e0fc1a5,1784798602347,1784798602348,202,1.000,warm
4832,exp-warm-5000-004834-52697c61,1784798602347,1784798602348,202,1.000,warm
4833,exp-warm-5000-004835-4253589d,1784798602347,1784798602348,202,1.000,warm
4834,exp-warm-5000-004836-413c2f7f,1784798602347,1784798602348,202,1.000,warm
4835,exp-warm-5000-004837-5b82ae41,1784798602347,1784798602348,202,1.000,warm
4836,exp-warm-5000-004833-b61670c3,1784798602348,1784798602348,202,0.000,warm
4837,exp-warm-5000-004831-94fd118d,1784798602348,1784798602348,202,0.000,warm
4838,exp-warm-5000-004844-e90ea528,1784798602348,1784798602349,202,1.000,warm
4839,exp-warm-5000-004845-a5a79ff9,1784798602348,1784798602349,202,1.000,warm
4840,exp-warm-5000-004843-d779c90b,1784798602348,1784798602349,202,1.000,warm
4841,exp-warm-5000-004841-3f3d8d4a,1784798602348,1784798602349,202,1.000,warm
4842,exp-warm-5000-004840-ad946596,1784798602349,1784798602349,202,0.000,warm
4843,exp-warm-5000-004839-5552915d,1784798602349,1784798602349,202,0.000,warm
4844,exp-warm-5000-004838-a2b17daa,1784798602349,1784798602349,202,0.000,warm
4845,exp-warm-5000-004842-f674ed76,1784798602349,1784798602349,202,0.000,warm
4846,exp-warm-5000-004849-f84bfdbb,1784798602349,1784798602350,202,1.000,warm
4847,exp-warm-5000-004851-572456d9,1784798602349,1784798602350,202,1.000,warm
4848,exp-warm-5000-004848-609c2a2f,1784798602350,1784798602350,202,0.000,warm
4849,exp-warm-5000-004846-d33c3c40,1784798602350,1784798602350,202,0.000,warm
4850,exp-warm-5000-004847-135415dc,1784798602350,1784798602350,202,0.000,warm
4851,exp-warm-5000-004854-157f4234,1784798602350,1784798602351,202,1.000,warm
4852,exp-warm-5000-004852-353a2a37,1784798602351,1784798602351,202,0.000,warm
4853,exp-warm-5000-004853-5d380320,1784798602351,1784798602351,202,0.000,warm
4854,exp-warm-5000-004850-07849d5c,1784798602351,1784798602351,202,0.000,warm
4855,exp-warm-5000-004858-b3e20ce4,1784798602351,1784798602352,202,1.000,warm
4856,exp-warm-5000-004857-06e91457,1784798602351,1784798602352,202,1.000,warm
4857,exp-warm-5000-004855-f3e5ea44,1784798602352,1784798602352,202,0.000,warm
4858,exp-warm-5000-004856-2539ae81,1784798602352,1784798602352,202,0.000,warm
4859,exp-warm-5000-004862-57aaa2c1,1784798602352,1784798602353,202,1.000,warm
4860,exp-warm-5000-004863-25529e94,1784798602352,1784798602353,202,1.000,warm
4861,exp-warm-5000-004859-02815d56,1784798602353,1784798602353,202,0.000,warm
4862,exp-warm-5000-004860-a4efad9d,1784798602353,1784798602353,202,0.000,warm
4863,exp-warm-5000-004861-da9ac0ce,1784798602353,1784798602353,202,0.000,warm
4864,exp-warm-5000-004867-57c68887,1784798602353,1784798602354,202,1.000,warm
4865,exp-warm-5000-004868-6068bcfe,1784798602353,1784798602354,202,1.000,warm
4866,exp-warm-5000-004870-2f6f4271,1784798602353,1784798602354,202,1.000,warm
4867,exp-warm-5000-004865-7c6d584f,1784798602354,1784798602354,202,0.000,warm
4868,exp-warm-5000-004864-75bf865d,1784798602354,1784798602354,202,0.000,warm
4869,exp-warm-5000-004866-42b0e657,1784798602354,1784798602354,202,0.000,warm
4870,exp-warm-5000-004874-b92367b6,1784798602354,1784798602355,202,1.000,warm
4871,exp-warm-5000-004875-a1b0a3f5,1784798602354,1784798602355,202,1.000,warm
4872,exp-warm-5000-004873-038a1579,1784798602354,1784798602355,202,1.000,warm
4873,exp-warm-5000-004871-61ff26ad,1784798602355,1784798602355,202,0.000,warm
4874,exp-warm-5000-004869-ff9b5d6f,1784798602355,1784798602355,202,0.000,warm
4875,exp-warm-5000-004872-b5598f11,1784798602355,1784798602355,202,0.000,warm
4876,exp-warm-5000-004879-a5ece47a,1784798602355,1784798602356,202,1.000,warm
4877,exp-warm-5000-004878-d02f7127,1784798602355,1784798602356,202,1.000,warm
4878,exp-warm-5000-004876-167168c5,1784798602356,1784798602356,202,0.000,warm
4879,exp-warm-5000-004877-076b0950,1784798602356,1784798602356,202,0.000,warm
4880,exp-warm-5000-004884-684ed26c,1784798602356,1784798602357,202,1.000,warm
4881,exp-warm-5000-004883-ee69c510,1784798602356,1784798602357,202,1.000,warm
4882,exp-warm-5000-004885-304d6fa2,1784798602356,1784798602357,202,1.000,warm
4883,exp-warm-5000-004881-f7b12f18,1784798602357,1784798602357,202,0.000,warm
4884,exp-warm-5000-004880-caab97fb,1784798602357,1784798602357,202,0.000,warm
4885,exp-warm-5000-004882-30ceb355,1784798602357,1784798602357,202,0.000,warm
4886,exp-warm-5000-004886-61033d33,1784798602357,1784798602358,202,1.000,warm
4887,exp-warm-5000-004887-4c791808,1784798602358,1784798602358,202,0.000,warm
4888,exp-warm-5000-004888-84d819ee,1784798602358,1784798602358,202,0.000,warm
4889,exp-warm-5000-004889-8c6ffb09,1784798602359,1784798602359,202,0.000,warm
4890,exp-warm-5000-004891-d50bfdab,1784798602359,1784798602359,202,0.000,warm
4891,exp-warm-5000-004890-c0066a1e,1784798602359,1784798602359,202,0.000,warm
4892,exp-warm-5000-004892-95736c80,1784798602359,1784798602359,202,0.000,warm
4893,exp-warm-5000-004897-aa64bd6b,1784798602359,1784798602360,202,1.000,warm
4894,exp-warm-5000-004896-1ed359e0,1784798602359,1784798602360,202,1.000,warm
4895,exp-warm-5000-004893-1e0afa28,1784798602360,1784798602360,202,0.000,warm
4896,exp-warm-5000-004894-cd26fa0c,1784798602360,1784798602360,202,0.000,warm
4897,exp-warm-5000-004895-dd0cc8df,1784798602360,1784798602360,202,0.000,warm
4898,exp-warm-5000-004902-b5fae26c,1784798602360,1784798602361,202,1.000,warm
4899,exp-warm-5000-004903-1a081c96,1784798602360,1784798602361,202,1.000,warm
4900,exp-warm-5000-004900-4683bf05,1784798602361,1784798602361,202,0.000,warm
4901,exp-warm-5000-004899-739c4d9a,1784798602361,1784798602361,202,0.000,warm
4902,exp-warm-5000-004901-ca85f9e5,1784798602361,1784798602361,202,0.000,warm
4903,exp-warm-5000-004898-89e4469a,1784798602361,1784798602361,202,0.000,warm
4904,exp-warm-5000-004906-9602c6e5,1784798602361,1784798602362,202,1.000,warm
4905,exp-warm-5000-004907-c1219c42,1784798602361,1784798602362,202,1.000,warm
4906,exp-warm-5000-004904-41c324af,1784798602361,1784798602362,202,1.000,warm
4907,exp-warm-5000-004905-25ef6be3,1784798602362,1784798602362,202,0.000,warm
4908,exp-warm-5000-004908-ef02ad22,1784798602362,1784798602363,202,1.000,warm
4909,exp-warm-5000-004909-e74b19e9,1784798602363,1784798602363,202,0.000,warm
4910,exp-warm-5000-004910-2a3a2e47,1784798602363,1784798602363,202,0.000,warm
4911,exp-warm-5000-004913-d768cff4,1784798602363,1784798602364,202,1.000,warm
4912,exp-warm-5000-004916-b046087e,1784798602363,1784798602364,202,1.000,warm
4913,exp-warm-5000-004914-e58abe51,1784798602363,1784798602364,202,1.000,warm
4914,exp-warm-5000-004911-61f9ea95,1784798602364,1784798602364,202,0.000,warm
4915,exp-warm-5000-004912-d17a53c2,1784798602364,1784798602364,202,0.000,warm
4916,exp-warm-5000-004915-f2b067e9,1784798602364,1784798602364,202,0.000,warm
4917,exp-warm-5000-004921-50b26597,1784798602364,1784798602365,202,1.000,warm
4918,exp-warm-5000-004923-e9a9d52b,1784798602364,1784798602365,202,1.000,warm
4919,exp-warm-5000-004924-2e96a7ed,1784798602364,1784798602365,202,1.000,warm
4920,exp-warm-5000-004922-fd853f4f,1784798602364,1784798602365,202,1.000,warm
4921,exp-warm-5000-004920-3690207a,1784798602364,1784798602365,202,1.000,warm
4922,exp-warm-5000-004917-fe82a8d9,1784798602365,1784798602365,202,0.000,warm
4923,exp-warm-5000-004918-9ab787af,1784798602365,1784798602365,202,0.000,warm
4924,exp-warm-5000-004919-bce321cb,1784798602365,1784798602365,202,0.000,warm
4925,exp-warm-5000-004930-cddd84b6,1784798602365,1784798602366,202,1.000,warm
4926,exp-warm-5000-004926-ee381171,1784798602366,1784798602366,202,0.000,warm
4927,exp-warm-5000-004927-7b6c852d,1784798602366,1784798602366,202,0.000,warm
4928,exp-warm-5000-004925-24511734,1784798602366,1784798602366,202,0.000,warm
4929,exp-warm-5000-004928-6cda2278,1784798602366,1784798602366,202,0.000,warm
4930,exp-warm-5000-004936-b521ac3a,1784798602366,1784798602367,202,1.000,warm
4931,exp-warm-5000-004934-42538595,1784798602366,1784798602367,202,1.000,warm
4932,exp-warm-5000-004935-18a42511,1784798602366,1784798602367,202,1.000,warm
4933,exp-warm-5000-004933-2fbd0a3f,1784798602366,1784798602367,202,1.000,warm
4934,exp-warm-5000-004932-001e0217,1784798602367,1784798602367,202,0.000,warm
4935,exp-warm-5000-004931-0531722a,1784798602367,1784798602367,202,0.000,warm
4936,exp-warm-5000-004929-10c096ba,1784798602367,1784798602367,202,0.000,warm
4937,exp-warm-5000-004941-a0f658e6,1784798602367,1784798602368,202,1.000,warm
4938,exp-warm-5000-004940-075250ff,1784798602367,1784798602368,202,1.000,warm
4939,exp-warm-5000-004937-30eb931a,1784798602368,1784798602368,202,0.000,warm
4940,exp-warm-5000-004938-acaefe36,1784798602368,1784798602368,202,0.000,warm
4941,exp-warm-5000-004939-dff20287,1784798602368,1784798602368,202,0.000,warm
4942,exp-warm-5000-004946-3e3cf7f6,1784798602368,1784798602369,202,1.000,warm
4943,exp-warm-5000-004942-93b1265d,1784798602369,1784798602369,202,0.000,warm
4944,exp-warm-5000-004943-85ef976b,1784798602369,1784798602369,202,0.000,warm
4945,exp-warm-5000-004944-fda6d84d,1784798602369,1784798602369,202,0.000,warm
4946,exp-warm-5000-004945-5dbe2f6c,1784798602369,1784798602369,202,0.000,warm
4947,exp-warm-5000-004947-259705d5,1784798602370,1784798602370,202,0.000,warm
4948,exp-warm-5000-004948-2d0a7383,1784798602370,1784798602370,202,0.000,warm
4949,exp-warm-5000-004949-e8bae032,1784798602370,1784798602370,202,0.000,warm
4950,exp-warm-5000-004950-212b30b2,1784798602370,1784798602370,202,0.000,warm
4951,exp-warm-5000-004954-7f06c10f,1784798602370,1784798602371,202,1.000,warm
4952,exp-warm-5000-004955-37e3d099,1784798602370,1784798602371,202,1.000,warm
4953,exp-warm-5000-004953-4910d762,1784798602371,1784798602371,202,0.000,warm
4954,exp-warm-5000-004952-016832ae,1784798602371,1784798602371,202,0.000,warm
4955,exp-warm-5000-004951-0c71610a,1784798602371,1784798602371,202,0.000,warm
4956,exp-warm-5000-004959-89e77ce8,1784798602371,1784798602372,202,1.000,warm
4957,exp-warm-5000-004960-09cccc6c,1784798602371,1784798602372,202,1.000,warm
4958,exp-warm-5000-004957-bfbe7e1c,1784798602372,1784798602372,202,0.000,warm
4959,exp-warm-5000-004956-820eba89,1784798602372,1784798602372,202,0.000,warm
4960,exp-warm-5000-004958-4b84f46e,1784798602372,1784798602372,202,0.000,warm
4961,exp-warm-5000-004961-55167042,1784798602372,1784798602373,202,1.000,warm
4962,exp-warm-5000-004962-5022e8cf,1784798602373,1784798602373,202,0.000,warm
4963,exp-warm-5000-004963-e6711826,1784798602373,1784798602373,202,0.000,warm
4964,exp-warm-5000-004967-287731cc,1784798602373,1784798602374,202,1.000,warm
4965,exp-warm-5000-004965-00b69c9b,1784798602373,1784798602374,202,1.000,warm
4966,exp-warm-5000-004964-44711071,1784798602374,1784798602374,202,0.000,warm
4967,exp-warm-5000-004966-a490c422,1784798602374,1784798602374,202,0.000,warm
4968,exp-warm-5000-004969-c4b1d753,1784798602375,1784798602375,202,0.000,warm
4969,exp-warm-5000-004968-8bb180ce,1784798602375,1784798602375,202,0.000,warm
4970,exp-warm-5000-004970-dc90b264,1784798602375,1784798602375,202,0.000,warm
4971,exp-warm-5000-004976-c0a874c5,1784798602375,1784798602376,202,1.000,warm
4972,exp-warm-5000-004975-01b79eb0,1784798602375,1784798602376,202,1.000,warm
4973,exp-warm-5000-004971-95ecd448,1784798602376,1784798602376,202,0.000,warm
4974,exp-warm-5000-004973-17753056,1784798602376,1784798602376,202,0.000,warm
4975,exp-warm-5000-004974-340e6f94,1784798602376,1784798602376,202,0.000,warm
4976,exp-warm-5000-004972-ad13dfd8,1784798602376,1784798602376,202,0.000,warm
4977,exp-warm-5000-004982-26e5b90f,1784798602376,1784798602377,202,1.000,warm
4978,exp-warm-5000-004981-4eef9a24,1784798602376,1784798602377,202,1.000,warm
4979,exp-warm-5000-004977-2db27871,1784798602377,1784798602377,202,0.000,warm
4980,exp-warm-5000-004978-1d12fc38,1784798602377,1784798602377,202,0.000,warm
4981,exp-warm-5000-004980-4d1fd27f,1784798602377,1784798602377,202,0.000,warm
4982,exp-warm-5000-004979-60f016c6,1784798602377,1784798602377,202,0.000,warm
4983,exp-warm-5000-004988-ac110a9f,1784798602377,1784798602378,202,1.000,warm
4984,exp-warm-5000-004989-b6caaa05,1784798602377,1784798602378,202,1.000,warm
4985,exp-warm-5000-004987-e37a7487,1784798602377,1784798602378,202,1.000,warm
4986,exp-warm-5000-004986-91272c1e,1784798602377,1784798602378,202,1.000,warm
4987,exp-warm-5000-004983-1cf7d18b,1784798602378,1784798602378,202,0.000,warm
4988,exp-warm-5000-004984-f56cbc6b,1784798602378,1784798602378,202,0.000,warm
4989,exp-warm-5000-004985-f17c585c,1784798602378,1784798602378,202,0.000,warm
4990,exp-warm-5000-004992-63fb0216,1784798602378,1784798602379,202,1.000,warm
4991,exp-warm-5000-004993-d1e42ed6,1784798602378,1784798602379,202,1.000,warm
4992,exp-warm-5000-004990-d290204a,1784798602379,1784798602379,202,0.000,warm
4993,exp-warm-5000-004991-06db8ad0,1784798602379,1784798602379,202,0.000,warm
4994,exp-warm-5000-004996-38b9a552,1784798602379,1784798602380,202,1.000,warm
4995,exp-warm-5000-004994-95c56cb9,1784798602380,1784798602380,202,0.000,warm
4996,exp-warm-5000-004995-78beed8a,1784798602380,1784798602380,202,0.000,warm
4997,exp-warm-5000-004998-33c6c0f9,1784798602381,1784798602381,202,0.000,warm
4998,exp-warm-5000-004997-2a59a76a,1784798602381,1784798602381,202,0.000,warm
4999,exp-warm-5000-004999-11dd4e1d,1784798602382,1784798602382,202,0.000,warm
