seq,trace_id,t_req_ms,t_resp_ms,http_code,gateway_latency_ms,round
0,exp-cold-10000-000120-50758d57,1784800232102,1784800232211,202,109.000,cold
1,exp-cold-10000-000052-ddf04585,1784800232103,1784800232211,202,108.000,cold
2,exp-cold-10000-000239-049a2f36,1784800232104,1784800232212,202,108.000,cold
3,exp-cold-10000-000198-2c483261,1784800232104,1784800232212,202,108.000,cold
4,exp-cold-10000-000290-b8ded60a,1784800232104,1784800232212,202,108.000,cold
5,exp-cold-10000-000274-4f9cdeba,1784800232105,1784800232212,202,107.000,cold
6,exp-cold-10000-000292-01e5d691,1784800232106,1784800232212,202,106.000,cold
7,exp-cold-10000-000291-24f654e9,1784800232106,1784800232211,202,105.000,cold
8,exp-cold-10000-000263-03eaa77f,1784800232106,1784800232211,202,105.000,cold
9,exp-cold-10000-000094-f614bce5,1784800232108,1784800232214,202,106.000,cold
10,exp-cold-10000-000242-2dc1863a,1784800232108,1784800232214,202,106.000,cold
11,exp-cold-10000-000028-b4913002,1784800232109,1784800232214,202,105.000,cold
12,exp-cold-10000-000148-4cd4d01f,1784800232109,1784800232214,202,105.000,cold
13,exp-cold-10000-000047-27057fb9,1784800232109,1784800232214,202,105.000,cold
14,exp-cold-10000-000160-c798ea0a,1784800232110,1784800232211,202,101.000,cold
15,exp-cold-10000-000036-390dcaea,1784800232110,1784800232212,202,102.000,cold
16,exp-cold-10000-000293-8ec034a1,1784800232111,1784800232215,202,104.000,cold
17,exp-cold-10000-000046-fd37e7a0,1784800232111,1784800232214,202,103.000,cold
18,exp-cold-10000-000122-4090f402,1784800232112,1784800232211,202,99.000,cold
19,exp-cold-10000-000013-7d86a63d,1784800232112,1784800232214,202,102.000,cold
20,exp-cold-10000-000168-bdaca8ff,1784800232113,1784800232212,202,99.000,cold
21,exp-cold-10000-000211-dcd45609,1784800232113,1784800232211,202,98.000,cold
22,exp-cold-10000-000159-9ed9b3a2,1784800232114,1784800232215,202,101.000,cold
23,exp-cold-10000-000145-609ccce4,1784800232114,1784800232216,202,102.000,cold
24,exp-cold-10000-000188-d66f7357,1784800232114,1784800232214,202,100.000,cold
25,exp-cold-10000-000132-4b55c5f7,1784800232115,1784800232217,202,102.000,cold
26,exp-cold-10000-000245-343c39dd,1784800232115,1784800232217,202,102.000,cold
27,exp-cold-10000-000255-db263680,1784800232115,1784800232212,202,97.000,cold
28,exp-cold-10000-000075-6877db9b,1784800232116,1784800232214,202,98.000,cold
29,exp-cold-10000-000280-2dc9feb0,1784800232116,1784800232216,202,100.000,cold
30,exp-cold-10000-000051-28118239,1784800232117,1784800232214,202,97.000,cold
31,exp-cold-10000-000062-3c557899,1784800232117,1784800232216,202,99.000,cold
32,exp-cold-10000-000135-0cfd4c8a,1784800232118,1784800232215,202,97.000,cold
33,exp-cold-10000-000270-fdcd3dcc,1784800232118,1784800232217,202,99.000,cold
34,exp-cold-10000-000185-08dcf7fb,1784800232119,1784800232215,202,96.000,cold
35,exp-cold-10000-000212-35e0a042,1784800232119,1784800232214,202,95.000,cold
36,exp-cold-10000-000029-f30807b3,1784800232119,1784800232214,202,95.000,cold
37,exp-cold-10000-000299-5afff4bd,1784800232119,1784800232214,202,95.000,cold
38,exp-cold-10000-000205-06a78987,1784800232120,1784800232214,202,94.000,cold
39,exp-cold-10000-000020-32ba7a30,1784800232120,1784800232217,202,97.000,cold
40,exp-cold-10000-000027-bf6ffb66,1784800232121,1784800232214,202,93.000,cold
41,exp-cold-10000-000182-3e777f04,1784800232121,1784800232217,202,96.000,cold
42,exp-cold-10000-000282-461b362f,1784800232122,1784800232216,202,94.000,cold
43,exp-cold-10000-000100-70915908,1784800232123,1784800232215,202,92.000,cold
44,exp-cold-10000-000246-34539edb,1784800232125,1784800232217,202,92.000,cold
45,exp-cold-10000-000214-2498cd63,1784800232125,1784800232219,202,94.000,cold
46,exp-cold-10000-000232-db8cfb7e,1784800232125,1784800232219,202,94.000,cold
47,exp-cold-10000-000322-77f495f8,1784800232126,1784800232212,202,86.000,cold
48,exp-cold-10000-000294-c2fdd7d3,1784800232132,1784800232224,202,92.000,cold
49,exp-cold-10000-000121-e9a1c7ce,1784800232132,1784800232223,202,91.000,cold
50,exp-cold-10000-000068-1bcdbaf7,1784800232133,1784800232224,202,91.000,cold
51,exp-cold-10000-000215-ff870036,1784800232133,1784800232224,202,91.000,cold
52,exp-cold-10000-000173-5c03a8d8,1784800232133,1784800232224,202,91.000,cold
53,exp-cold-10000-000031-b745b1d4,1784800232133,1784800232224,202,91.000,cold
54,exp-cold-10000-000333-5939a2ed,1784800232134,1784800232227,202,93.000,cold
55,exp-cold-10000-000163-58e1ec83,1784800232134,1784800232227,202,93.000,cold
56,exp-cold-10000-000134-47c0017e,1784800232134,1784800232225,202,91.000,cold
57,exp-cold-10000-000153-4a8aed91,1784800232134,1784800232225,202,91.000,cold
58,exp-cold-10000-000064-adeba1b7,1784800232135,1784800232227,202,92.000,cold
59,exp-cold-10000-000336-ebbce7d4,1784800232135,1784800232227,202,92.000,cold
60,exp-cold-10000-000199-c994a485,1784800232135,1784800232224,202,89.000,cold
61,exp-cold-10000-000015-42fd731e,1784800232136,1784800232228,202,92.000,cold
62,exp-cold-10000-000158-22d55964,1784800232136,1784800232228,202,92.000,cold
63,exp-cold-10000-000238-5b6091b7,1784800232136,1784800232225,202,89.000,cold
64,exp-cold-10000-000175-e706097e,1784800232136,1784800232228,202,92.000,cold
65,exp-cold-10000-000338-9db5973a,1784800232136,1784800232228,202,92.000,cold
66,exp-cold-10000-000054-7a59664c,1784800232137,1784800232228,202,91.000,cold
67,exp-cold-10000-000010-67af4cfb,1784800232137,1784800232228,202,91.000,cold
68,exp-cold-10000-000138-64ca55a1,1784800232137,1784800232228,202,91.000,cold
69,exp-cold-10000-000279-65a7c09e,1784800232137,1784800232228,202,91.000,cold
70,exp-cold-10000-000110-4f65cc6c,1784800232137,1784800232228,202,91.000,cold
71,exp-cold-10000-000092-87453602,1784800232137,1784800232228,202,91.000,cold
72,exp-cold-10000-000053-64a2eed2,1784800232137,1784800232229,202,92.000,cold
73,exp-cold-10000-000259-9977af19,1784800232137,1784800232219,202,82.000,cold
74,exp-cold-10000-000063-1b2a6334,1784800232137,1784800232225,202,88.000,cold
75,exp-cold-10000-000257-6a799eb5,1784800232138,1784800232229,202,91.000,cold
76,exp-cold-10000-000102-6f2b1599,1784800232138,1784800232228,202,90.000,cold
77,exp-cold-10000-000032-1fa3404d,1784800232138,1784800232229,202,91.000,cold
78,exp-cold-10000-000321-48461d1e,1784800232138,1784800232228,202,90.000,cold
79,exp-cold-10000-000289-6c00907c,1784800232138,1784800232218,202,80.000,cold
80,exp-cold-10000-000018-8221e07e,1784800232138,1784800232229,202,91.000,cold
81,exp-cold-10000-000218-c567dc85,1784800232138,1784800232218,202,80.000,cold
82,exp-cold-10000-000038-c0e987c0,1784800232138,1784800232218,202,80.000,cold
83,exp-cold-10000-000216-95bc63c5,1784800232138,1784800232218,202,80.000,cold
84,exp-cold-10000-000334-a19f58c1,1784800232138,1784800232227,202,89.000,cold
85,exp-cold-10000-000167-3baa48ad,1784800232138,1784800232227,202,89.000,cold
86,exp-cold-10000-000130-b4b43b9e,1784800232138,1784800232218,202,80.000,cold
87,exp-cold-10000-000155-4adf40f2,1784800232138,1784800232218,202,80.000,cold
88,exp-cold-10000-000231-d918ce87,1784800232138,1784800232218,202,80.000,cold
89,exp-cold-10000-000109-81dd0601,1784800232138,1784800232228,202,90.000,cold
90,exp-cold-10000-000149-340a2be8,1784800232138,1784800232228,202,90.000,cold
91,exp-cold-10000-000017-a73f1f0e,1784800232138,1784800232218,202,80.000,cold
92,exp-cold-10000-000035-6b3d4cf0,1784800232138,1784800232229,202,91.000,cold
93,exp-cold-10000-000249-c3c0ae3a,1784800232138,1784800232229,202,91.000,cold
94,exp-cold-10000-000194-1eeba4f4,1784800232139,1784800232229,202,90.000,cold
95,exp-cold-10000-000111-c0af9a6d,1784800232139,1784800232229,202,90.000,cold
96,exp-cold-10000-000023-4dfdfdf4,1784800232139,1784800232229,202,90.000,cold
97,exp-cold-10000-000339-e0d25ed6,1784800232139,1784800232229,202,90.000,cold
98,exp-cold-10000-000044-dddbf7b8,1784800232139,1784800232229,202,90.000,cold
99,exp-cold-10000-000119-a9bae57b,1784800232139,1784800232219,202,80.000,cold
100,exp-cold-10000-000174-6702a1ba,1784800232139,1784800232228,202,89.000,cold
101,exp-cold-10000-000165-efba7b86,1784800232139,1784800232228,202,89.000,cold
102,exp-cold-10000-000189-e46a57fb,1784800232140,1784800232230,202,90.000,cold
103,exp-cold-10000-000078-130e8ef7,1784800232140,1784800232229,202,89.000,cold
104,exp-cold-10000-000342-a2dd8e0a,1784800232140,1784800232229,202,89.000,cold
105,exp-cold-10000-000286-389c5391,1784800232140,1784800232229,202,89.000,cold
106,exp-cold-10000-000243-1885b012,1784800232140,1784800232228,202,88.000,cold
107,exp-cold-10000-000034-c2ce1b94,1784800232140,1784800232228,202,88.000,cold
108,exp-cold-10000-000058-2207f362,1784800232140,1784800232228,202,88.000,cold
109,exp-cold-10000-000136-f8b6c641,1784800232140,1784800232219,202,79.000,cold
110,exp-cold-10000-000030-d020261a,1784800232140,1784800232219,202,79.000,cold
111,exp-cold-10000-000288-5eff58fb,1784800232140,1784800232229,202,89.000,cold
112,exp-cold-10000-000123-92d8d706,1784800232141,1784800232230,202,89.000,cold
113,exp-cold-10000-000237-7c8b791b,1784800232141,1784800232230,202,89.000,cold
114,exp-cold-10000-000090-b8a039e0,1784800232141,1784800232230,202,89.000,cold
115,exp-cold-10000-000115-8e5d658c,1784800232141,1784800232230,202,89.000,cold
116,exp-cold-10000-000208-f562c304,1784800232141,1784800232230,202,89.000,cold
117,exp-cold-10000-000341-79833ff4,1784800232141,1784800232229,202,88.000,cold
118,exp-cold-10000-000049-6081e1d1,1784800232141,1784800232228,202,87.000,cold
119,exp-cold-10000-000179-e0527ef7,1784800232141,1784800232219,202,78.000,cold
120,exp-cold-10000-000233-c187f56b,1784800232141,1784800232219,202,78.000,cold
121,exp-cold-10000-000041-5889dc74,1784800232142,1784800232231,202,89.000,cold
122,exp-cold-10000-000050-56b60b10,1784800232142,1784800232230,202,88.000,cold
123,exp-cold-10000-000129-f5a57197,1784800232142,1784800232230,202,88.000,cold
124,exp-cold-10000-000224-463caaab,1784800232142,1784800232230,202,88.000,cold
125,exp-cold-10000-000127-968604e0,1784800232142,1784800232230,202,88.000,cold
126,exp-cold-10000-000021-a32f532e,1784800232142,1784800232231,202,89.000,cold
127,exp-cold-10000-000335-a1b0b19d,1784800232142,1784800232229,202,87.000,cold
128,exp-cold-10000-000152-3db4d193,1784800232142,1784800232229,202,87.000,cold
129,exp-cold-10000-000340-0824f23d,1784800232142,1784800232229,202,87.000,cold
130,exp-cold-10000-000061-41f001ea,1784800232142,1784800232230,202,88.000,cold
131,exp-cold-10000-000007-fd752f7c,1784800232142,1784800232228,202,86.000,cold
132,exp-cold-10000-000009-a3e470f8,1784800232143,1784800232231,202,88.000,cold
133,exp-cold-10000-000309-942d6f70,1784800232143,1784800232231,202,88.000,cold
134,exp-cold-10000-000332-25981399,1784800232143,1784800232227,202,84.000,cold
135,exp-cold-10000-000183-2f4055b5,1784800232143,1784800232228,202,85.000,cold
136,exp-cold-10000-000180-09d5d3aa,1784800232143,1784800232230,202,87.000,cold
137,exp-cold-10000-000196-ffc0ddd1,1784800232143,1784800232230,202,87.000,cold
138,exp-cold-10000-000005-b948983b,1784800232144,1784800232232,202,88.000,cold
139,exp-cold-10000-000025-666a98c3,1784800232144,1784800232232,202,88.000,cold
140,exp-cold-10000-000116-2495c9d5,1784800232144,1784800232228,202,84.000,cold
141,exp-cold-10000-000295-e741bca7,1784800232144,1784800232228,202,84.000,cold
142,exp-cold-10000-000164-cc13bad6,1784800232144,1784800232231,202,87.000,cold
143,exp-cold-10000-000048-26d0dbbf,1784800232144,1784800232230,202,86.000,cold
144,exp-cold-10000-000254-92d23136,1784800232144,1784800232230,202,86.000,cold
145,exp-cold-10000-000082-431991f5,1784800232144,1784800232230,202,86.000,cold
146,exp-cold-10000-000141-036e0081,1784800232144,1784800232223,202,79.000,cold
147,exp-cold-10000-000244-938002f2,1784800232144,1784800232229,202,85.000,cold
148,exp-cold-10000-000084-50108c5d,1784800232145,1784800232232,202,87.000,cold
149,exp-cold-10000-000269-d80b2744,1784800232145,1784800232232,202,87.000,cold
150,exp-cold-10000-000186-622b30ec,1784800232145,1784800232232,202,87.000,cold
151,exp-cold-10000-000350-879ade84,1784800232145,1784800232232,202,87.000,cold
152,exp-cold-10000-000323-11f7524e,1784800232145,1784800232227,202,82.000,cold
153,exp-cold-10000-000201-9195381d,1784800232145,1784800232223,202,78.000,cold
154,exp-cold-10000-000301-2aa890c4,1784800232145,1784800232230,202,85.000,cold
155,exp-cold-10000-000059-0ff4baae,1784800232145,1784800232230,202,85.000,cold
156,exp-cold-10000-000302-e89c2f46,1784800232145,1784800232230,202,85.000,cold
157,exp-cold-10000-000096-5953ddab,1784800232146,1784800232229,202,83.000,cold
158,exp-cold-10000-000265-034e718a,1784800232146,1784800232229,202,83.000,cold
159,exp-cold-10000-000190-c81147d9,1784800232146,1784800232232,202,86.000,cold
160,exp-cold-10000-000210-b38221e5,1784800232146,1784800232232,202,86.000,cold
161,exp-cold-10000-000276-02479c8c,1784800232146,1784800232232,202,86.000,cold
162,exp-cold-10000-000146-907f3a5a,1784800232146,1784800232232,202,86.000,cold
163,exp-cold-10000-000337-ffe0ef6e,1784800232146,1784800232228,202,82.000,cold
164,exp-cold-10000-000303-0b1f0450,1784800232146,1784800232231,202,85.000,cold
165,exp-cold-10000-000126-6c01cc63,1784800232146,1784800232223,202,77.000,cold
166,exp-cold-10000-000114-15a2b024,1784800232146,1784800232223,202,77.000,cold
167,exp-cold-10000-000081-d18008e8,1784800232146,1784800232231,202,85.000,cold
168,exp-cold-10000-000306-6da9cddf,1784800232146,1784800232231,202,85.000,cold
169,exp-cold-10000-000026-11fa7b30,1784800232146,1784800232223,202,77.000,cold
170,exp-cold-10000-000154-8ba5d9c9,1784800232146,1784800232223,202,77.000,cold
171,exp-cold-10000-000227-489b0f63,1784800232146,1784800232223,202,77.000,cold
172,exp-cold-10000-000156-13e19db2,1784800232146,1784800232231,202,85.000,cold
173,exp-cold-10000-000077-392f2f58,1784800232146,1784800232231,202,85.000,cold
174,exp-cold-10000-000172-c9f66ee8,1784800232146,1784800232224,202,78.000,cold
175,exp-cold-10000-000300-fc98eda5,1784800232146,1784800232224,202,78.000,cold
176,exp-cold-10000-000343-918ee58d,1784800232146,1784800232230,202,84.000,cold
177,exp-cold-10000-000137-362180e1,1784800232146,1784800232230,202,84.000,cold
178,exp-cold-10000-000087-1f935250,1784800232147,1784800232229,202,82.000,cold
179,exp-cold-10000-000150-ef4d1afd,1784800232147,1784800232228,202,81.000,cold
180,exp-cold-10000-000000-3a820f4f,1784800232147,1784800232228,202,81.000,cold
181,exp-cold-10000-000003-5e599c80,1784800232147,1784800232228,202,81.000,cold
182,exp-cold-10000-000298-08f0fc98,1784800232147,1784800232228,202,81.000,cold
183,exp-cold-10000-000104-08e5aa18,1784800232147,1784800232231,202,84.000,cold
184,exp-cold-10000-000203-e12c90ba,1784800232147,1784800232231,202,84.000,cold
185,exp-cold-10000-000193-b41fe02b,1784800232147,1784800232231,202,84.000,cold
186,exp-cold-10000-000213-e5f85882,1784800232147,1784800232228,202,81.000,cold
187,exp-cold-10000-000234-ef68d05e,1784800232147,1784800232224,202,77.000,cold
188,exp-cold-10000-000241-d7b89a08,1784800232147,1784800232231,202,84.000,cold
189,exp-cold-10000-000217-a6b17a13,1784800232147,1784800232231,202,84.000,cold
190,exp-cold-10000-000275-80dd4e92,1784800232147,1784800232231,202,84.000,cold
191,exp-cold-10000-000097-f52d45d6,1784800232147,1784800232228,202,81.000,cold
192,exp-cold-10000-000066-c3a18477,1784800232147,1784800232228,202,81.000,cold
193,exp-cold-10000-000016-6161b68f,1784800232147,1784800232233,202,86.000,cold
194,exp-cold-10000-000162-56f7ff60,1784800232147,1784800232230,202,83.000,cold
195,exp-cold-10000-000080-fa174ba4,1784800232147,1784800232230,202,83.000,cold
196,exp-cold-10000-000178-e8e89a30,1784800232148,1784800232230,202,82.000,cold
197,exp-cold-10000-000043-d1f1bd72,1784800232148,1784800232230,202,82.000,cold
198,exp-cold-10000-000056-43f28ec0,1784800232148,1784800232229,202,81.000,cold
199,exp-cold-10000-000085-3da4a77a,1784800232148,1784800232231,202,83.000,cold
200,exp-cold-10000-000252-5782b70b,1784800232148,1784800232229,202,81.000,cold
201,exp-cold-10000-000033-058f23e6,1784800232148,1784800232229,202,81.000,cold
202,exp-cold-10000-000278-584636e2,1784800232148,1784800232232,202,84.000,cold
203,exp-cold-10000-000347-05ff72ae,1784800232148,1784800232232,202,84.000,cold
204,exp-cold-10000-000219-b8ff5464,1784800232148,1784800232232,202,84.000,cold
205,exp-cold-10000-000147-6e7c9efb,1784800232148,1784800232232,202,84.000,cold
206,exp-cold-10000-000187-df4a619d,1784800232148,1784800232232,202,84.000,cold
207,exp-cold-10000-000040-d9230fd9,1784800232148,1784800232228,202,80.000,cold
208,exp-cold-10000-000076-bbbb1b2b,1784800232148,1784800232231,202,83.000,cold
209,exp-cold-10000-000197-0aa23460,1784800232148,1784800232234,202,86.000,cold
210,exp-cold-10000-000170-d15f122c,1784800232148,1784800232231,202,83.000,cold
211,exp-cold-10000-000222-d31c6a23,1784800232148,1784800232231,202,83.000,cold
212,exp-cold-10000-000037-4d8a20df,1784800232148,1784800232231,202,83.000,cold
213,exp-cold-10000-000151-34ea27af,1784800232149,1784800232234,202,85.000,cold
214,exp-cold-10000-000045-5265b961,1784800232149,1784800232234,202,85.000,cold
215,exp-cold-10000-000312-d35b097a,1784800232149,1784800232230,202,81.000,cold
216,exp-cold-10000-000083-70505194,1784800232149,1784800232230,202,81.000,cold
217,exp-cold-10000-000226-68d100d7,1784800232149,1784800232230,202,81.000,cold
218,exp-cold-10000-000002-9323cad3,1784800232149,1784800232231,202,82.000,cold
219,exp-cold-10000-000320-000d7100,1784800232149,1784800232229,202,80.000,cold
220,exp-cold-10000-000142-c4eefe43,1784800232149,1784800232228,202,79.000,cold
221,exp-cold-10000-000101-3dd81a29,1784800232149,1784800232232,202,83.000,cold
222,exp-cold-10000-000024-30498264,1784800232149,1784800232232,202,83.000,cold
223,exp-cold-10000-000091-a8dfe53f,1784800232149,1784800232232,202,83.000,cold
224,exp-cold-10000-000107-c53b9762,1784800232149,1784800232229,202,80.000,cold
225,exp-cold-10000-000139-12fa94ab,1784800232149,1784800232229,202,80.000,cold
226,exp-cold-10000-000117-06b2fa99,1784800232149,1784800232229,202,80.000,cold
227,exp-cold-10000-000345-6b78018f,1784800232149,1784800232231,202,82.000,cold
228,exp-cold-10000-000166-38555dc0,1784800232149,1784800232231,202,82.000,cold
229,exp-cold-10000-000317-c6e53386,1784800232149,1784800232231,202,82.000,cold
230,exp-cold-10000-000143-86627bd9,1784800232149,1784800232231,202,82.000,cold
231,exp-cold-10000-000071-7215b1d6,1784800232149,1784800232231,202,82.000,cold
232,exp-cold-10000-000157-eb087f64,1784800232149,1784800232231,202,82.000,cold
233,exp-cold-10000-000271-4fa16d5f,1784800232149,1784800232231,202,82.000,cold
234,exp-cold-10000-000284-e645be62,1784800232150,1784800232231,202,81.000,cold
235,exp-cold-10000-000124-aa38b9d7,1784800232150,1784800232231,202,81.000,cold
236,exp-cold-10000-000235-f26fcff7,1784800232150,1784800232234,202,84.000,cold
237,exp-cold-10000-000131-856448d0,1784800232150,1784800232230,202,80.000,cold
238,exp-cold-10000-000093-ca97ae27,1784800232150,1784800232231,202,81.000,cold
239,exp-cold-10000-000074-82ebeeb9,1784800232150,1784800232230,202,80.000,cold
240,exp-cold-10000-000229-6b7da2f4,1784800232150,1784800232229,202,79.000,cold
241,exp-cold-10000-000258-970f011c,1784800232150,1784800232234,202,84.000,cold
242,exp-cold-10000-000099-fa77e1b3,1784800232150,1784800232232,202,82.000,cold
243,exp-cold-10000-000240-b99770b0,1784800232150,1784800232232,202,82.000,cold
244,exp-cold-10000-000098-1e17ae4b,1784800232150,1784800232232,202,82.000,cold
245,exp-cold-10000-000277-1a402763,1784800232150,1784800232232,202,82.000,cold
246,exp-cold-10000-000260-c35037a3,1784800232150,1784800232232,202,82.000,cold
247,exp-cold-10000-000256-47f5f20f,1784800232150,1784800232232,202,82.000,cold
248,exp-cold-10000-000228-d393b4d8,1784800232150,1784800232232,202,82.000,cold
249,exp-cold-10000-000346-15b7468a,1784800232151,1784800232231,202,80.000,cold
250,exp-cold-10000-000272-67794218,1784800232151,1784800232231,202,80.000,cold
251,exp-cold-10000-000067-940d151f,1784800232151,1784800232232,202,81.000,cold
252,exp-cold-10000-000349-10bb8db8,1784800232151,1784800232232,202,81.000,cold
253,exp-cold-10000-000095-d331bb2c,1784800232151,1784800232230,202,79.000,cold
254,exp-cold-10000-000065-a38e18d8,1784800232151,1784800232230,202,79.000,cold
255,exp-cold-10000-000313-3380901b,1784800232151,1784800232233,202,82.000,cold
256,exp-cold-10000-000042-618be9a4,1784800232151,1784800232230,202,79.000,cold
257,exp-cold-10000-000319-d6d4590f,1784800232151,1784800232230,202,79.000,cold
258,exp-cold-10000-000305-fdcdc0b5,1784800232151,1784800232232,202,81.000,cold
259,exp-cold-10000-000348-c70b259b,1784800232151,1784800232232,202,81.000,cold
260,exp-cold-10000-000012-ddf7ff39,1784800232151,1784800232232,202,81.000,cold
261,exp-cold-10000-000248-a94cfafc,1784800232151,1784800232232,202,81.000,cold
262,exp-cold-10000-000086-42b63899,1784800232151,1784800232232,202,81.000,cold
263,exp-cold-10000-000206-014ca30f,1784800232152,1784800232232,202,80.000,cold
264,exp-cold-10000-000202-dd5f30f6,1784800232152,1784800232232,202,80.000,cold
265,exp-cold-10000-000297-318aa2a3,1784800232152,1784800232232,202,80.000,cold
266,exp-cold-10000-000055-782333d4,1784800232152,1784800232231,202,79.000,cold
267,exp-cold-10000-000344-dac660d6,1784800232152,1784800232230,202,78.000,cold
268,exp-cold-10000-000014-8b8e54a1,1784800232152,1784800232230,202,78.000,cold
269,exp-cold-10000-000191-dde08307,1784800232152,1784800232230,202,78.000,cold
270,exp-cold-10000-000022-6bb6f2fe,1784800232152,1784800232230,202,78.000,cold
271,exp-cold-10000-000001-ba1d213b,1784800232152,1784800232225,202,73.000,cold
272,exp-cold-10000-000296-da733285,1784800232152,1784800232230,202,78.000,cold
273,exp-cold-10000-000019-9c528287,1784800232153,1784800232230,202,77.000,cold
274,exp-cold-10000-000089-58902c82,1784800232153,1784800232230,202,77.000,cold
275,exp-cold-10000-000140-2108ed4f,1784800232153,1784800232231,202,78.000,cold
276,exp-cold-10000-000004-9f3cdae7,1784800232153,1784800232233,202,80.000,cold
277,exp-cold-10000-000181-0cddada9,1784800232153,1784800232233,202,80.000,cold
278,exp-cold-10000-000304-6da902fa,1784800232154,1784800232232,202,78.000,cold
279,exp-cold-10000-000324-9767d2a8,1784800232154,1784800232226,202,72.000,cold
280,exp-cold-10000-000331-0dc20500,1784800232154,1784800232226,202,72.000,cold
281,exp-cold-10000-000329-97c926c0,1784800232154,1784800232226,202,72.000,cold
282,exp-cold-10000-000287-7e20105e,1784800232154,1784800232232,202,78.000,cold
283,exp-cold-10000-000072-e20677dd,1784800232154,1784800232231,202,77.000,cold
284,exp-cold-10000-000327-98640b55,1784800232154,1784800232226,202,72.000,cold
285,exp-cold-10000-000326-e8dcc28a,1784800232154,1784800232226,202,72.000,cold
286,exp-cold-10000-000328-70214844,1784800232154,1784800232226,202,72.000,cold
287,exp-cold-10000-000325-a1f5eb79,1784800232154,1784800232226,202,72.000,cold
288,exp-cold-10000-000133-9d0ba098,1784800232154,1784800232234,202,80.000,cold
289,exp-cold-10000-000352-a63201a6,1784800232155,1784800232233,202,78.000,cold
290,exp-cold-10000-000273-4d8c5df4,1784800232155,1784800232232,202,77.000,cold
291,exp-cold-10000-000060-24f96927,1784800232155,1784800232232,202,77.000,cold
292,exp-cold-10000-000204-e1dbd467,1784800232155,1784800232232,202,77.000,cold
293,exp-cold-10000-000008-1c6683ca,1784800232156,1784800232233,202,77.000,cold
294,exp-cold-10000-000314-8c8404b3,1784800232156,1784800232233,202,77.000,cold
295,exp-cold-10000-000171-41dfc7cc,1784800232156,1784800232232,202,76.000,cold
296,exp-cold-10000-000011-3e57088a,1784800232157,1784800232233,202,76.000,cold
297,exp-cold-10000-000351-c819760c,1784800232157,1784800232233,202,76.000,cold
298,exp-cold-10000-000261-48b03cc7,1784800232157,1784800232232,202,75.000,cold
299,exp-cold-10000-000311-130effa1,1784800232157,1784800232233,202,76.000,cold
300,exp-cold-10000-000357-bd9a2869,1784800232157,1784800232235,202,78.000,cold
301,exp-cold-10000-000262-9b05cf12,1784800232158,1784800232234,202,76.000,cold
302,exp-cold-10000-000281-d323c03d,1784800232158,1784800232234,202,76.000,cold
303,exp-cold-10000-000316-1cdaefcc,1784800232158,1784800232230,202,72.000,cold
304,exp-cold-10000-000223-3dfb0346,1784800232158,1784800232234,202,76.000,cold
305,exp-cold-10000-000113-306f99f2,1784800232158,1784800232234,202,76.000,cold
306,exp-cold-10000-000318-6a4a7b4a,1784800232158,1784800232230,202,72.000,cold
307,exp-cold-10000-000268-3356486c,1784800232158,1784800232233,202,75.000,cold
308,exp-cold-10000-000103-c832f9e1,1784800232159,1784800232234,202,75.000,cold
309,exp-cold-10000-000128-d26e0370,1784800232159,1784800232230,202,71.000,cold
310,exp-cold-10000-000253-620c1485,1784800232159,1784800232234,202,75.000,cold
311,exp-cold-10000-000221-125a698b,1784800232160,1784800232234,202,74.000,cold
312,exp-cold-10000-000220-40bbec27,1784800232160,1784800232234,202,74.000,cold
313,exp-cold-10000-000267-17596977,1784800232160,1784800232234,202,74.000,cold
314,exp-cold-10000-000106-c8d11d14,1784800232160,1784800232230,202,70.000,cold
315,exp-cold-10000-000108-d612da58,1784800232160,1784800232230,202,70.000,cold
316,exp-cold-10000-000225-0f038226,1784800232161,1784800232230,202,69.000,cold
317,exp-cold-10000-000069-965eae9f,1784800232161,1784800232231,202,70.000,cold
318,exp-cold-10000-000169-bb7d2f0a,1784800232161,1784800232231,202,70.000,cold
319,exp-cold-10000-000112-e2505bb1,1784800232161,1784800232231,202,70.000,cold
320,exp-cold-10000-000250-5fb25ff2,1784800232162,1784800232230,202,68.000,cold
321,exp-cold-10000-000039-73de6fd0,1784800232163,1784800232230,202,67.000,cold
322,exp-cold-10000-000177-ee3935f0,1784800232163,1784800232231,202,68.000,cold
323,exp-cold-10000-000307-6dd518f9,1784800232163,1784800232232,202,69.000,cold
324,exp-cold-10000-000161-698c5260,1784800232163,1784800232233,202,70.000,cold
325,exp-cold-10000-000195-9c2257eb,1784800232163,1784800232230,202,67.000,cold
326,exp-cold-10000-000230-1f9bfe5d,1784800232164,1784800232231,202,67.000,cold
327,exp-cold-10000-000308-b2e25d6a,1784800232164,1784800232232,202,68.000,cold
328,exp-cold-10000-000247-b3555a32,1784800232164,1784800232231,202,67.000,cold
329,exp-cold-10000-000264-72e8995b,1784800232164,1784800232231,202,67.000,cold
330,exp-cold-10000-000209-c6114095,1784800232164,1784800232232,202,68.000,cold
331,exp-cold-10000-000359-8dbeb406,1784800232165,1784800232240,202,75.000,cold
332,exp-cold-10000-000207-bdc352e4,1784800232165,1784800232231,202,66.000,cold
333,exp-cold-10000-000315-3d27040b,1784800232165,1784800232231,202,66.000,cold
334,exp-cold-10000-000105-e0e27b02,1784800232165,1784800232233,202,68.000,cold
335,exp-cold-10000-000310-cfd67ed3,1784800232166,1784800232232,202,66.000,cold
336,exp-cold-10000-000283-c364765c,1784800232166,1784800232232,202,66.000,cold
337,exp-cold-10000-000285-d7abb6f8,1784800232166,1784800232232,202,66.000,cold
338,exp-cold-10000-000144-f734daee,1784800232166,1784800232232,202,66.000,cold
339,exp-cold-10000-000200-e86b8db6,1784800232166,1784800232232,202,66.000,cold
340,exp-cold-10000-000118-e15f3908,1784800232166,1784800232232,202,66.000,cold
341,exp-cold-10000-000088-e4474c10,1784800232166,1784800232232,202,66.000,cold
342,exp-cold-10000-000236-0a95678a,1784800232166,1784800232232,202,66.000,cold
343,exp-cold-10000-000073-d4031d94,1784800232167,1784800232233,202,66.000,cold
344,exp-cold-10000-000363-6e71dd87,1784800232167,1784800232241,202,74.000,cold
345,exp-cold-10000-000358-ab6a9649,1784800232168,1784800232239,202,71.000,cold
346,exp-cold-10000-000362-32422218,1784800232168,1784800232241,202,73.000,cold
347,exp-cold-10000-000360-8f93400d,1784800232168,1784800232241,202,73.000,cold
348,exp-cold-10000-000330-e8d5b5b7,1784800232169,1784800232235,202,66.000,cold
349,exp-cold-10000-000353-475b5e45,1784800232169,1784800232233,202,64.000,cold
350,exp-cold-10000-000192-1c1b1f6d,1784800232169,1784800232233,202,64.000,cold
351,exp-cold-10000-000361-6f1d750c,1784800232170,1784800232241,202,71.000,cold
352,exp-cold-10000-000176-beaa1464,1784800232170,1784800232234,202,64.000,cold
353,exp-cold-10000-000355-03e99657,1784800232170,1784800232234,202,64.000,cold
354,exp-cold-10000-000070-e4f55f58,1784800232170,1784800232234,202,64.000,cold
355,exp-cold-10000-000057-0e5f0ec7,1784800232170,1784800232234,202,64.000,cold
356,exp-cold-10000-000354-01460f03,1784800232170,1784800232234,202,64.000,cold
357,exp-cold-10000-000184-221cc63b,1784800232170,1784800232234,202,64.000,cold
358,exp-cold-10000-000266-c6ec2558,1784800232170,1784800232234,202,64.000,cold
359,exp-cold-10000-000251-0c1b4635,1784800232171,1784800232234,202,63.000,cold
360,exp-cold-10000-000356-853e9dc8,1784800232171,1784800232234,202,63.000,cold
361,exp-cold-10000-000006-561cceb3,1784800232171,1784800232234,202,63.000,cold
362,exp-cold-10000-000079-ef3170fd,1784800232171,1784800232234,202,63.000,cold
363,exp-cold-10000-000125-bc0d3a2a,1784800232172,1784800232235,202,63.000,cold
364,exp-cold-10000-000370-c543dda4,1784800232194,1784800232255,202,61.000,cold
365,exp-cold-10000-000368-9418cf3e,1784800232196,1784800232252,202,56.000,cold
366,exp-cold-10000-000369-3353b5d8,1784800232201,1784800232254,202,53.000,cold
367,exp-cold-10000-000372-0dfefed8,1784800232202,1784800232260,202,58.000,cold
368,exp-cold-10000-000373-455c4b98,1784800232203,1784800232261,202,58.000,cold
369,exp-cold-10000-000374-e12ae646,1784800232207,1784800232263,202,56.000,cold
370,exp-cold-10000-000371-d3628846,1784800232208,1784800232259,202,51.000,cold
371,exp-cold-10000-000375-0a61fa0a,1784800232211,1784800232263,202,52.000,cold
372,exp-cold-10000-000376-190dd34e,1784800232212,1784800232265,202,53.000,cold
373,exp-cold-10000-000383-c0cb6c67,1784800232216,1784800232268,202,52.000,cold
374,exp-cold-10000-000379-1930fdb8,1784800232216,1784800232267,202,51.000,cold
375,exp-cold-10000-000377-498d3b28,1784800232218,1784800232265,202,47.000,cold
376,exp-cold-10000-000380-49e6fbf1,1784800232220,1784800232268,202,48.000,cold
377,exp-cold-10000-000382-1808cbb1,1784800232220,1784800232268,202,48.000,cold
378,exp-cold-10000-000378-43d9d86c,1784800232227,1784800232267,202,40.000,cold
379,exp-cold-10000-000381-08cf0bee,1784800232228,1784800232268,202,40.000,cold
380,exp-cold-10000-000385-f575f457,1784800232229,1784800232270,202,41.000,cold
381,exp-cold-10000-000384-b542a5fb,1784800232230,1784800232269,202,39.000,cold
382,exp-cold-10000-000387-b0130665,1784800232234,1784800232272,202,38.000,cold
383,exp-cold-10000-000391-8c344e10,1784800232234,1784800232277,202,43.000,cold
384,exp-cold-10000-000386-76f39f53,1784800232236,1784800232272,202,36.000,cold
385,exp-cold-10000-000393-4d893033,1784800232237,1784800232278,202,41.000,cold
386,exp-cold-10000-000389-395f4366,1784800232238,1784800232274,202,36.000,cold
387,exp-cold-10000-000395-022d4f0f,1784800232240,1784800232280,202,40.000,cold
388,exp-cold-10000-000388-f1638d82,1784800232240,1784800232274,202,34.000,cold
389,exp-cold-10000-000390-3399ab3b,1784800232242,1784800232276,202,34.000,cold
390,exp-cold-10000-000394-dcf1692d,1784800232246,1784800232282,202,36.000,cold
391,exp-cold-10000-000392-009cc672,1784800232246,1784800232277,202,31.000,cold
392,exp-cold-10000-000365-037611ee,1784800232248,1784800232283,202,35.000,cold
393,exp-cold-10000-000367-3207cd2a,1784800232258,1784800232283,202,25.000,cold
394,exp-cold-10000-000366-9f525acd,1784800232262,1784800232286,202,24.000,cold
395,exp-cold-10000-000407-48581b81,1784800232287,1784800232301,202,14.000,cold
396,exp-cold-10000-000411-9152e0fd,1784800232288,1784800232302,202,14.000,cold
397,exp-cold-10000-000408-d5edf0df,1784800232290,1784800232302,202,12.000,cold
398,exp-cold-10000-000409-7547eaff,1784800232291,1784800232303,202,12.000,cold
399,exp-cold-10000-000410-a07b4f67,1784800232293,1784800232303,202,10.000,cold
400,exp-cold-10000-000364-d38bf807,1784800232294,1784800232303,202,9.000,cold
401,exp-cold-10000-000412-0d25aeda,1784800232296,1784800232305,202,9.000,cold
402,exp-cold-10000-000414-b6a42f0c,1784800232296,1784800232305,202,9.000,cold
403,exp-cold-10000-000413-ae625947,1784800232297,1784800232305,202,8.000,cold
404,exp-cold-10000-000400-6204fbd5,1784800232298,1784800232307,202,9.000,cold
405,exp-cold-10000-000404-5da64984,1784800232298,1784800232299,202,1.000,cold
406,exp-cold-10000-000416-74fc3195,1784800232298,1784800232306,202,8.000,cold
407,exp-cold-10000-000403-a0b4792f,1784800232298,1784800232299,202,1.000,cold
408,exp-cold-10000-000405-e134630f,1784800232299,1784800232300,202,1.000,cold
409,exp-cold-10000-000406-35320d56,1784800232299,1784800232300,202,1.000,cold
410,exp-cold-10000-000418-8940d785,1784800232299,1784800232307,202,8.000,cold
411,exp-cold-10000-000419-d22c4fd9,1784800232300,1784800232307,202,7.000,cold
412,exp-cold-10000-000402-d00d2568,1784800232301,1784800232307,202,6.000,cold
413,exp-cold-10000-000401-912192db,1784800232301,1784800232307,202,6.000,cold
414,exp-cold-10000-000417-bbad1701,1784800232302,1784800232307,202,5.000,cold
415,exp-cold-10000-000420-a2843f7b,1784800232302,1784800232307,202,5.000,cold
416,exp-cold-10000-000435-1a9932d2,1784800232303,1784800232319,202,16.000,cold
417,exp-cold-10000-000423-0b884d5b,1784800232305,1784800232310,202,5.000,cold
418,exp-cold-10000-000421-29dd6a57,1784800232305,1784800232309,202,4.000,cold
419,exp-cold-10000-000396-86f67f5b,1784800232306,1784800232319,202,13.000,cold
420,exp-cold-10000-000422-7159801d,1784800232306,1784800232310,202,4.000,cold
421,exp-cold-10000-000436-4a78de95,1784800232307,1784800232319,202,12.000,cold
422,exp-cold-10000-000438-74cda3da,1784800232307,1784800232320,202,13.000,cold
423,exp-cold-10000-000440-a0bdfde5,1784800232307,1784800232320,202,13.000,cold
424,exp-cold-10000-000398-878e8b9c,1784800232307,1784800232311,202,4.000,cold
425,exp-cold-10000-000439-6d86c184,1784800232308,1784800232320,202,12.000,cold
426,exp-cold-10000-000437-d1bebfe1,1784800232308,1784800232320,202,12.000,cold
427,exp-cold-10000-000399-da26ac28,1784800232308,1784800232310,202,2.000,cold
428,exp-cold-10000-000442-fa056ff3,1784800232308,1784800232321,202,13.000,cold
429,exp-cold-10000-000425-7022a4b8,1784800232308,1784800232311,202,3.000,cold
430,exp-cold-10000-000415-c8549946,1784800232309,1784800232321,202,12.000,cold
431,exp-cold-10000-000424-095cd834,1784800232309,1784800232311,202,2.000,cold
432,exp-cold-10000-000441-7a981a8b,1784800232310,1784800232321,202,11.000,cold
433,exp-cold-10000-000443-6a6727af,1784800232310,1784800232321,202,11.000,cold
434,exp-cold-10000-000426-048f8759,1784800232311,1784800232313,202,2.000,cold
435,exp-cold-10000-000444-07929025,1784800232312,1784800232323,202,11.000,cold
436,exp-cold-10000-000427-624e5a57,1784800232312,1784800232314,202,2.000,cold
437,exp-cold-10000-000445-99e9f257,1784800232313,1784800232323,202,10.000,cold
438,exp-cold-10000-000446-25a8ab0b,1784800232314,1784800232323,202,9.000,cold
439,exp-cold-10000-000428-45b86702,1784800232314,1784800232315,202,1.000,cold
440,exp-cold-10000-000430-dc7c1d9f,1784800232315,1784800232316,202,1.000,cold
441,exp-cold-10000-000433-e127af63,1784800232316,1784800232317,202,1.000,cold
442,exp-cold-10000-000432-7f38f3d4,1784800232316,1784800232317,202,1.000,cold
443,exp-cold-10000-000429-6dfd65ce,1784800232316,1784800232316,202,0.000,cold
444,exp-cold-10000-000431-6d877d46,1784800232316,1784800232317,202,1.000,cold
445,exp-cold-10000-000397-3f327252,1784800232318,1784800232318,202,0.000,cold
446,exp-cold-10000-000434-d1362404,1784800232318,1784800232318,202,0.000,cold
447,exp-cold-10000-000447-356f8b86,1784800232320,1784800232328,202,8.000,cold
448,exp-cold-10000-000483-9f6971a0,1784800232322,1784800232332,202,10.000,cold
449,exp-cold-10000-000458-935947d2,1784800232326,1784800232328,202,2.000,cold
450,exp-cold-10000-000479-c39d095f,1784800232326,1784800232331,202,5.000,cold
451,exp-cold-10000-000475-f449b945,1784800232326,1784800232331,202,5.000,cold
452,exp-cold-10000-000454-f9bbd698,1784800232326,1784800232328,202,2.000,cold
453,exp-cold-10000-000457-0f7ebc6a,1784800232327,1784800232328,202,1.000,cold
454,exp-cold-10000-000456-3447f6f2,1784800232327,1784800232328,202,1.000,cold
455,exp-cold-10000-000474-94467c17,1784800232327,1784800232331,202,4.000,cold
456,exp-cold-10000-000473-6a94801b,1784800232327,1784800232331,202,4.000,cold
457,exp-cold-10000-000449-9ec503aa,1784800232328,1784800232329,202,1.000,cold
458,exp-cold-10000-000466-90ef6c9c,1784800232328,1784800232332,202,4.000,cold
459,exp-cold-10000-000464-f8e22d07,1784800232329,1784800232330,202,1.000,cold
460,exp-cold-10000-000465-13e68571,1784800232329,1784800232330,202,1.000,cold
461,exp-cold-10000-000468-20206adf,1784800232329,1784800232330,202,1.000,cold
462,exp-cold-10000-000467-03ffbb28,1784800232329,1784800232330,202,1.000,cold
463,exp-cold-10000-000462-494be527,1784800232329,1784800232330,202,1.000,cold
464,exp-cold-10000-000463-3736949b,1784800232329,1784800232330,202,1.000,cold
465,exp-cold-10000-000461-05ddd689,1784800232329,1784800232330,202,1.000,cold
466,exp-cold-10000-000476-ecf3182d,1784800232330,1784800232331,202,1.000,cold
467,exp-cold-10000-000472-4f42915c,1784800232330,1784800232331,202,1.000,cold
468,exp-cold-10000-000471-7b55f826,1784800232330,1784800232331,202,1.000,cold
469,exp-cold-10000-000477-6d14418c,1784800232330,1784800232331,202,1.000,cold
470,exp-cold-10000-000490-7761db89,1784800232330,1784800232332,202,2.000,cold
471,exp-cold-10000-000480-fc91e5f5,1784800232330,1784800232331,202,1.000,cold
472,exp-cold-10000-000485-325b51f0,1784800232330,1784800232332,202,2.000,cold
473,exp-cold-10000-000478-8476b204,1784800232330,1784800232332,202,2.000,cold
474,exp-cold-10000-000491-64b098e4,1784800232330,1784800232332,202,2.000,cold
475,exp-cold-10000-000482-872ddb97,1784800232330,1784800232332,202,2.000,cold
476,exp-cold-10000-000470-d3cde72c,1784800232331,1784800232331,202,0.000,cold
477,exp-cold-10000-000469-62370da4,1784800232331,1784800232331,202,0.000,cold
478,exp-cold-10000-000486-453c7d01,1784800232331,1784800232332,202,1.000,cold
479,exp-cold-10000-000488-26e07e08,1784800232331,1784800232332,202,1.000,cold
480,exp-cold-10000-000489-0496bfb2,1784800232331,1784800232332,202,1.000,cold
481,exp-cold-10000-000495-a3db4ba5,1784800232331,1784800232333,202,2.000,cold
482,exp-cold-10000-000515-afbefd8e,1784800232331,1784800232335,202,4.000,cold
483,exp-cold-10000-000519-ec28de69,1784800232331,1784800232336,202,5.000,cold
484,exp-cold-10000-000508-54627594,1784800232331,1784800232334,202,3.000,cold
485,exp-cold-10000-000484-306762a6,1784800232332,1784800232332,202,0.000,cold
486,exp-cold-10000-000481-9e0900b6,1784800232332,1784800232332,202,0.000,cold
487,exp-cold-10000-000496-f0c02911,1784800232332,1784800232333,202,1.000,cold
488,exp-cold-10000-000498-559fefeb,1784800232332,1784800232333,202,1.000,cold
489,exp-cold-10000-000499-49bbf8cd,1784800232332,1784800232333,202,1.000,cold
490,exp-cold-10000-000497-5fea2fad,1784800232332,1784800232333,202,1.000,cold
491,exp-cold-10000-000492-8b7ee9c7,1784800232333,1784800232333,202,0.000,cold
492,exp-cold-10000-000493-9e491f39,1784800232333,1784800232333,202,0.000,cold
493,exp-cold-10000-000505-c6460c04,1784800232333,1784800232334,202,1.000,cold
494,exp-cold-10000-000507-758b2c4e,1784800232333,1784800232334,202,1.000,cold
495,exp-cold-10000-000503-73bdbea7,1784800232333,1784800232334,202,1.000,cold
496,exp-cold-10000-000450-d08f1e8a,1784800232333,1784800232336,202,3.000,cold
497,exp-cold-10000-000524-b1b7edfb,1784800232333,1784800232337,202,4.000,cold
498,exp-cold-10000-000522-f8ea7b6c,1784800232333,1784800232336,202,3.000,cold
499,exp-cold-10000-000487-48a56ff2,1784800232333,1784800232333,202,0.000,cold
500,exp-cold-10000-000494-355bb884,1784800232333,1784800232333,202,0.000,cold
501,exp-cold-10000-000452-e06b8c27,1784800232333,1784800232336,202,3.000,cold
502,exp-cold-10000-000509-27bd0011,1784800232333,1784800232335,202,2.000,cold
503,exp-cold-10000-000504-8f6cc19a,1784800232334,1784800232334,202,0.000,cold
504,exp-cold-10000-000501-ef3f58a2,1784800232334,1784800232334,202,0.000,cold
505,exp-cold-10000-000520-0f40a033,1784800232334,1784800232337,202,3.000,cold
506,exp-cold-10000-000523-3dfbdd43,1784800232334,1784800232337,202,3.000,cold
507,exp-cold-10000-000526-1f5256ad,1784800232334,1784800232337,202,3.000,cold
508,exp-cold-10000-000518-c9077820,1784800232334,1784800232335,202,1.000,cold
509,exp-cold-10000-000502-3c6f3e07,1784800232334,1784800232335,202,1.000,cold
510,exp-cold-10000-000516-188c482c,1784800232334,1784800232335,202,1.000,cold
511,exp-cold-10000-000517-a035483d,1784800232334,1784800232335,202,1.000,cold
512,exp-cold-10000-000512-125378a4,1784800232334,1784800232335,202,1.000,cold
513,exp-cold-10000-000506-00bc79e7,1784800232334,1784800232334,202,0.000,cold
514,exp-cold-10000-000513-789b9891,1784800232335,1784800232335,202,0.000,cold
515,exp-cold-10000-000514-11da2b28,1784800232335,1784800232335,202,0.000,cold
516,exp-cold-10000-000525-7970a2b3,1784800232335,1784800232337,202,2.000,cold
517,exp-cold-10000-000451-faf70472,1784800232335,1784800232337,202,2.000,cold
518,exp-cold-10000-000529-b04c9322,1784800232335,1784800232337,202,2.000,cold
519,exp-cold-10000-000521-8f9bc59d,1784800232335,1784800232337,202,2.000,cold
520,exp-cold-10000-000453-56e47847,1784800232335,1784800232337,202,2.000,cold
521,exp-cold-10000-000500-f66fb20c,1784800232335,1784800232336,202,1.000,cold
522,exp-cold-10000-000460-1f43aedd,1784800232335,1784800232336,202,1.000,cold
523,exp-cold-10000-000448-8d4bd947,1784800232335,1784800232336,202,1.000,cold
524,exp-cold-10000-000511-d790d53f,1784800232335,1784800232335,202,0.000,cold
525,exp-cold-10000-000510-bf315252,1784800232335,1784800232335,202,0.000,cold
526,exp-cold-10000-000534-607f24b1,1784800232336,1784800232338,202,2.000,cold
527,exp-cold-10000-000528-471b5147,1784800232336,1784800232338,202,2.000,cold
528,exp-cold-10000-000533-823aed9a,1784800232336,1784800232338,202,2.000,cold
529,exp-cold-10000-000538-541c5c60,1784800232336,1784800232338,202,2.000,cold
530,exp-cold-10000-000532-59b9c8c3,1784800232336,1784800232338,202,2.000,cold
531,exp-cold-10000-000539-18a6aa82,1784800232336,1784800232339,202,3.000,cold
532,exp-cold-10000-000530-cc2aabf1,1784800232336,1784800232337,202,1.000,cold
533,exp-cold-10000-000455-3499572b,1784800232336,1784800232337,202,1.000,cold
534,exp-cold-10000-000459-78b410cf,1784800232337,1784800232338,202,1.000,cold
535,exp-cold-10000-000537-e89ebe82,1784800232337,1784800232338,202,1.000,cold
536,exp-cold-10000-000527-6693c594,1784800232337,1784800232338,202,1.000,cold
537,exp-cold-10000-000531-598f128e,1784800232337,1784800232338,202,1.000,cold
538,exp-cold-10000-000541-9ae64e51,1784800232337,1784800232339,202,2.000,cold
539,exp-cold-10000-000535-4757a5e2,1784800232337,1784800232338,202,1.000,cold
540,exp-cold-10000-000536-a9e3e755,1784800232337,1784800232338,202,1.000,cold
541,exp-cold-10000-000540-1012f21a,1784800232338,1784800232339,202,1.000,cold
542,exp-cold-10000-000550-ae97cf92,1784800232338,1784800232341,202,3.000,cold
543,exp-cold-10000-000555-d807bc07,1784800232338,1784800232342,202,4.000,cold
544,exp-cold-10000-000543-6a148067,1784800232339,1784800232340,202,1.000,cold
545,exp-cold-10000-000549-4bc8c007,1784800232339,1784800232341,202,2.000,cold
546,exp-cold-10000-000542-5dd05843,1784800232339,1784800232341,202,2.000,cold
547,exp-cold-10000-000556-c5a76803,1784800232339,1784800232342,202,3.000,cold
548,exp-cold-10000-000544-db88d432,1784800232340,1784800232340,202,0.000,cold
549,exp-cold-10000-000546-55b53d70,1784800232340,1784800232341,202,1.000,cold
550,exp-cold-10000-000548-4ecfd2a5,1784800232340,1784800232341,202,1.000,cold
551,exp-cold-10000-000547-69900082,1784800232340,1784800232341,202,1.000,cold
552,exp-cold-10000-000545-4cce92f0,1784800232341,1784800232342,202,1.000,cold
553,exp-cold-10000-000558-0cab3ffa,1784800232341,1784800232342,202,1.000,cold
554,exp-cold-10000-000557-8f5710bb,1784800232341,1784800232342,202,1.000,cold
555,exp-cold-10000-000552-5995978f,1784800232341,1784800232342,202,1.000,cold
556,exp-cold-10000-000561-40de5fcf,1784800232341,1784800232343,202,2.000,cold
557,exp-cold-10000-000565-3b56d7ef,1784800232341,1784800232344,202,3.000,cold
558,exp-cold-10000-000551-4b74af54,1784800232342,1784800232342,202,0.000,cold
559,exp-cold-10000-000554-07e7a057,1784800232342,1784800232342,202,0.000,cold
560,exp-cold-10000-000560-8ee90972,1784800232342,1784800232343,202,1.000,cold
561,exp-cold-10000-000564-05e3ddda,1784800232342,1784800232343,202,1.000,cold
562,exp-cold-10000-000566-cdfbe3a3,1784800232342,1784800232343,202,1.000,cold
563,exp-cold-10000-000553-1a2e5c7c,1784800232342,1784800232343,202,1.000,cold
564,exp-cold-10000-000577-7d0cb2f1,1784800232342,1784800232344,202,2.000,cold
565,exp-cold-10000-000575-97ae4669,1784800232342,1784800232344,202,2.000,cold
566,exp-cold-10000-000585-71135de4,1784800232342,1784800232345,202,3.000,cold
567,exp-cold-10000-000562-1ea517eb,1784800232343,1784800232343,202,0.000,cold
568,exp-cold-10000-000563-69c33020,1784800232343,1784800232343,202,0.000,cold
569,exp-cold-10000-000568-7d576860,1784800232343,1784800232344,202,1.000,cold
570,exp-cold-10000-000573-bd1ad07c,1784800232343,1784800232344,202,1.000,cold
571,exp-cold-10000-000574-077b5cd2,1784800232343,1784800232344,202,1.000,cold
572,exp-cold-10000-000567-49f4a9c1,1784800232343,1784800232344,202,1.000,cold
573,exp-cold-10000-000572-fe833cff,1784800232343,1784800232344,202,1.000,cold
574,exp-cold-10000-000581-7bc76384,1784800232343,1784800232345,202,2.000,cold
575,exp-cold-10000-000578-7a40fc3b,1784800232343,1784800232345,202,2.000,cold
576,exp-cold-10000-000586-90ca3622,1784800232343,1784800232345,202,2.000,cold
577,exp-cold-10000-000571-aa0a2ad0,1784800232344,1784800232344,202,0.000,cold
578,exp-cold-10000-000569-681cf3b8,1784800232344,1784800232344,202,0.000,cold
579,exp-cold-10000-000570-32aae1d8,1784800232344,1784800232344,202,0.000,cold
580,exp-cold-10000-000584-a09505f7,1784800232344,1784800232345,202,1.000,cold
581,exp-cold-10000-000587-27303432,1784800232344,1784800232345,202,1.000,cold
582,exp-cold-10000-000576-d2b96c3a,1784800232344,1784800232345,202,1.000,cold
583,exp-cold-10000-000582-eecefc3d,1784800232344,1784800232345,202,1.000,cold
584,exp-cold-10000-000595-d8c86d57,1784800232344,1784800232346,202,2.000,cold
585,exp-cold-10000-000588-33838c15,1784800232344,1784800232346,202,2.000,cold
586,exp-cold-10000-000600-cd205d94,1784800232344,1784800232346,202,2.000,cold
587,exp-cold-10000-000602-b2f8991c,1784800232344,1784800232347,202,3.000,cold
588,exp-cold-10000-000606-fd561818,1784800232344,1784800232347,202,3.000,cold
589,exp-cold-10000-000579-913e4652,1784800232345,1784800232345,202,0.000,cold
590,exp-cold-10000-000580-93421e1e,1784800232345,1784800232345,202,0.000,cold
591,exp-cold-10000-000583-6c851cdc,1784800232345,1784800232345,202,0.000,cold
592,exp-cold-10000-000559-b8fb67c9,1784800232345,1784800232345,202,0.000,cold
593,exp-cold-10000-000591-ec3d8e02,1784800232345,1784800232346,202,1.000,cold
594,exp-cold-10000-000596-89db2e3c,1784800232345,1784800232346,202,1.000,cold
595,exp-cold-10000-000597-68b9c608,1784800232345,1784800232346,202,1.000,cold
596,exp-cold-10000-000593-44f1305b,1784800232345,1784800232346,202,1.000,cold
597,exp-cold-10000-000607-517c6642,1784800232345,1784800232347,202,2.000,cold
598,exp-cold-10000-000635-893275f1,1784800232345,1784800232350,202,5.000,cold
599,exp-cold-10000-000589-0d6b87aa,1784800232346,1784800232346,202,0.000,cold
600,exp-cold-10000-000592-4bcce14a,1784800232346,1784800232346,202,0.000,cold
601,exp-cold-10000-000594-a2962b75,1784800232346,1784800232346,202,0.000,cold
602,exp-cold-10000-000599-31172e04,1784800232346,1784800232347,202,1.000,cold
603,exp-cold-10000-000604-1d1ffac9,1784800232346,1784800232347,202,1.000,cold
604,exp-cold-10000-000590-bfdc4c81,1784800232346,1784800232347,202,1.000,cold
605,exp-cold-10000-000609-3f736281,1784800232346,1784800232347,202,1.000,cold
606,exp-cold-10000-000605-87d3d0cc,1784800232346,1784800232347,202,1.000,cold
607,exp-cold-10000-000613-b0e866ba,1784800232346,1784800232348,202,2.000,cold
608,exp-cold-10000-000626-8a4da2f2,1784800232346,1784800232349,202,3.000,cold
609,exp-cold-10000-000648-11e55f93,1784800232346,1784800232351,202,5.000,cold
610,exp-cold-10000-000601-57ebeb6f,1784800232347,1784800232347,202,0.000,cold
611,exp-cold-10000-000603-7847a8b2,1784800232347,1784800232347,202,0.000,cold
612,exp-cold-10000-000618-ef34aa65,1784800232347,1784800232349,202,2.000,cold
613,exp-cold-10000-000625-18e23e14,1784800232347,1784800232349,202,2.000,cold
614,exp-cold-10000-000614-1472feec,1784800232347,1784800232348,202,1.000,cold
615,exp-cold-10000-000617-6e8e0721,1784800232347,1784800232348,202,1.000,cold
616,exp-cold-10000-000615-9d0c3142,1784800232347,1784800232348,202,1.000,cold
617,exp-cold-10000-000631-506df921,1784800232347,1784800232350,202,3.000,cold
618,exp-cold-10000-000636-1b8a21ad,1784800232347,1784800232350,202,3.000,cold
619,exp-cold-10000-000641-408836fe,1784800232347,1784800232351,202,4.000,cold
620,exp-cold-10000-000645-f7cc6e3a,1784800232347,1784800232351,202,4.000,cold
621,exp-cold-10000-000616-340ea93d,1784800232347,1784800232348,202,1.000,cold
622,exp-cold-10000-000610-10e27ba2,1784800232348,1784800232348,202,0.000,cold
623,exp-cold-10000-000611-5ddc0aee,1784800232348,1784800232348,202,0.000,cold
624,exp-cold-10000-000612-29f94ead,1784800232348,1784800232348,202,0.000,cold
625,exp-cold-10000-000621-b7e9998a,1784800232348,1784800232349,202,1.000,cold
626,exp-cold-10000-000627-bf19e420,1784800232348,1784800232349,202,1.000,cold
627,exp-cold-10000-000632-a950a106,1784800232348,1784800232350,202,2.000,cold
628,exp-cold-10000-000628-5acc88fc,1784800232348,1784800232350,202,2.000,cold
629,exp-cold-10000-000634-db544aa4,1784800232348,1784800232350,202,2.000,cold
630,exp-cold-10000-000608-2ace6008,1784800232348,1784800232349,202,1.000,cold
631,exp-cold-10000-000598-4d2487cd,1784800232348,1784800232348,202,0.000,cold
632,exp-cold-10000-000640-93e5d290,1784800232348,1784800232351,202,3.000,cold
633,exp-cold-10000-000622-baab2c60,1784800232349,1784800232349,202,0.000,cold
634,exp-cold-10000-000624-b0e9ec8d,1784800232349,1784800232349,202,0.000,cold
635,exp-cold-10000-000620-5ffeaeba,1784800232349,1784800232349,202,0.000,cold
636,exp-cold-10000-000619-b0f0575f,1784800232349,1784800232349,202,0.000,cold
637,exp-cold-10000-000623-9c8c6cd9,1784800232349,1784800232350,202,1.000,cold
638,exp-cold-10000-000630-e3c64b79,1784800232349,1784800232350,202,1.000,cold
639,exp-cold-10000-000649-60ef6f1e,1784800232349,1784800232352,202,3.000,cold
640,exp-cold-10000-000629-059de374,1784800232350,1784800232350,202,0.000,cold
641,exp-cold-10000-000633-bb69c3bd,1784800232350,1784800232350,202,0.000,cold
642,exp-cold-10000-000644-8c99555e,1784800232350,1784800232351,202,1.000,cold
643,exp-cold-10000-000642-7c32a48c,1784800232350,1784800232351,202,1.000,cold
644,exp-cold-10000-000647-9462a88d,1784800232350,1784800232351,202,1.000,cold
645,exp-cold-10000-000643-92556f08,1784800232350,1784800232351,202,1.000,cold
646,exp-cold-10000-000651-259202c5,1784800232350,1784800232352,202,2.000,cold
647,exp-cold-10000-000656-9be52291,1784800232350,1784800232353,202,3.000,cold
648,exp-cold-10000-000665-b7d345d7,1784800232350,1784800232354,202,4.000,cold
649,exp-cold-10000-000638-b40b0671,1784800232351,1784800232351,202,0.000,cold
650,exp-cold-10000-000639-0684b7fd,1784800232351,1784800232351,202,0.000,cold
651,exp-cold-10000-000650-8bb19d24,1784800232351,1784800232352,202,1.000,cold
652,exp-cold-10000-000653-207f73c1,1784800232351,1784800232352,202,1.000,cold
653,exp-cold-10000-000652-ac9bb9f3,1784800232351,1784800232352,202,1.000,cold
654,exp-cold-10000-000660-472071d0,1784800232351,1784800232353,202,2.000,cold
655,exp-cold-10000-000666-96ad7646,1784800232351,1784800232354,202,3.000,cold
656,exp-cold-10000-000646-6e3bc6d6,1784800232352,1784800232352,202,0.000,cold
657,exp-cold-10000-000658-2e1ec717,1784800232352,1784800232353,202,1.000,cold
658,exp-cold-10000-000657-23834e30,1784800232352,1784800232353,202,1.000,cold
659,exp-cold-10000-000662-260960ff,1784800232352,1784800232353,202,1.000,cold
660,exp-cold-10000-000663-4034ddfb,1784800232352,1784800232353,202,1.000,cold
661,exp-cold-10000-000664-2634e0ec,1784800232352,1784800232353,202,1.000,cold
662,exp-cold-10000-000661-44a70ea9,1784800232352,1784800232353,202,1.000,cold
663,exp-cold-10000-000670-7b2f9d56,1784800232352,1784800232354,202,2.000,cold
664,exp-cold-10000-000655-500de016,1784800232353,1784800232353,202,0.000,cold
665,exp-cold-10000-000659-3616e6fd,1784800232353,1784800232353,202,0.000,cold
666,exp-cold-10000-000667-b86f727a,1784800232353,1784800232354,202,1.000,cold
667,exp-cold-10000-000669-1ee2a127,1784800232353,1784800232354,202,1.000,cold
668,exp-cold-10000-000676-55fa2502,1784800232353,1784800232355,202,2.000,cold
669,exp-cold-10000-000674-68d077b7,1784800232353,1784800232355,202,2.000,cold
670,exp-cold-10000-000668-2e55ae2a,1784800232353,1784800232354,202,1.000,cold
671,exp-cold-10000-000654-03906bd1,1784800232354,1784800232354,202,0.000,cold
672,exp-cold-10000-000675-0afa1c23,1784800232354,1784800232355,202,1.000,cold
673,exp-cold-10000-000677-aef80a37,1784800232354,1784800232355,202,1.000,cold
674,exp-cold-10000-000680-c199d593,1784800232354,1784800232355,202,1.000,cold
675,exp-cold-10000-000678-6dc02f39,1784800232354,1784800232355,202,1.000,cold
676,exp-cold-10000-000683-61ebbe2b,1784800232354,1784800232356,202,2.000,cold
677,exp-cold-10000-000671-cc88ef56,1784800232355,1784800232355,202,0.000,cold
678,exp-cold-10000-000672-24ebc86b,1784800232355,1784800232355,202,0.000,cold
679,exp-cold-10000-000673-a186d36e,1784800232355,1784800232355,202,0.000,cold
680,exp-cold-10000-000686-61d2c039,1784800232355,1784800232356,202,1.000,cold
681,exp-cold-10000-000685-e1c7652f,1784800232355,1784800232356,202,1.000,cold
682,exp-cold-10000-000687-9327d67b,1784800232355,1784800232356,202,1.000,cold
683,exp-cold-10000-000689-6705fdf1,1784800232355,1784800232356,202,1.000,cold
684,exp-cold-10000-000684-3c4377af,1784800232355,1784800232356,202,1.000,cold
685,exp-cold-10000-000681-cdc05616,1784800232355,1784800232356,202,1.000,cold
686,exp-cold-10000-000679-249b2bb4,1784800232355,1784800232356,202,1.000,cold
687,exp-cold-10000-000691-f6b8e9e3,1784800232355,1784800232357,202,2.000,cold
688,exp-cold-10000-000695-aec16dcd,1784800232355,1784800232357,202,2.000,cold
689,exp-cold-10000-000708-ec53d2b2,1784800232355,1784800232359,202,4.000,cold
690,exp-cold-10000-000682-f905a16f,1784800232356,1784800232356,202,0.000,cold
691,exp-cold-10000-000696-b8fd7545,1784800232356,1784800232357,202,1.000,cold
692,exp-cold-10000-000688-80e5c48d,1784800232356,1784800232357,202,1.000,cold
693,exp-cold-10000-000697-55a6f109,1784800232356,1784800232357,202,1.000,cold
694,exp-cold-10000-000692-c49cf128,1784800232356,1784800232357,202,1.000,cold
695,exp-cold-10000-000693-06b39ee5,1784800232356,1784800232357,202,1.000,cold
696,exp-cold-10000-000702-1dfbb454,1784800232356,1784800232358,202,2.000,cold
697,exp-cold-10000-000703-aa2cdb77,1784800232356,1784800232358,202,2.000,cold
698,exp-cold-10000-000694-9c847591,1784800232357,1784800232357,202,0.000,cold
699,exp-cold-10000-000637-fe7aaeb8,1784800232357,1784800232357,202,0.000,cold
700,exp-cold-10000-000690-6a27a1c5,1784800232357,1784800232357,202,0.000,cold
701,exp-cold-10000-000704-d194973a,1784800232357,1784800232358,202,1.000,cold
702,exp-cold-10000-000705-28dc7da9,1784800232357,1784800232358,202,1.000,cold
703,exp-cold-10000-000699-f1377476,1784800232357,1784800232358,202,1.000,cold
704,exp-cold-10000-000716-54cf51c0,1784800232357,1784800232359,202,2.000,cold
705,exp-cold-10000-000707-cb144615,1784800232357,1784800232359,202,2.000,cold
706,exp-cold-10000-000719-af725630,1784800232357,1784800232360,202,3.000,cold
707,exp-cold-10000-000736-e31e7383,1784800232357,1784800232361,202,4.000,cold
708,exp-cold-10000-000700-69582c19,1784800232358,1784800232358,202,0.000,cold
709,exp-cold-10000-000698-11f12687,1784800232358,1784800232358,202,0.000,cold
710,exp-cold-10000-000701-a990588d,1784800232358,1784800232359,202,1.000,cold
711,exp-cold-10000-000715-5c06a28d,1784800232358,1784800232359,202,1.000,cold
712,exp-cold-10000-000712-f4511ef9,1784800232358,1784800232359,202,1.000,cold
713,exp-cold-10000-000706-4280bb82,1784800232358,1784800232359,202,1.000,cold
714,exp-cold-10000-000724-d59e26b5,1784800232358,1784800232360,202,2.000,cold
715,exp-cold-10000-000723-28059dfb,1784800232358,1784800232360,202,2.000,cold
716,exp-cold-10000-000739-4f041f72,1784800232358,1784800232361,202,3.000,cold
717,exp-cold-10000-000732-467cf1e1,1784800232358,1784800232361,202,3.000,cold
718,exp-cold-10000-000710-ca5a1873,1784800232358,1784800232359,202,1.000,cold
719,exp-cold-10000-000709-7ddb566c,1784800232359,1784800232359,202,0.000,cold
720,exp-cold-10000-000711-6fb9f92a,1784800232359,1784800232359,202,0.000,cold
721,exp-cold-10000-000713-04eecd70,1784800232359,1784800232359,202,0.000,cold
722,exp-cold-10000-000722-a5ea58ab,1784800232359,1784800232360,202,1.000,cold
723,exp-cold-10000-000720-5c920969,1784800232359,1784800232360,202,1.000,cold
724,exp-cold-10000-000718-336ce7c7,1784800232359,1784800232360,202,1.000,cold
725,exp-cold-10000-000721-749a2f97,1784800232359,1784800232360,202,1.000,cold
726,exp-cold-10000-000729-51bc2264,1784800232359,1784800232360,202,1.000,cold
727,exp-cold-10000-000726-e412b351,1784800232359,1784800232360,202,1.000,cold
728,exp-cold-10000-000728-86d8e729,1784800232359,1784800232360,202,1.000,cold
729,exp-cold-10000-000725-6f192c19,1784800232359,1784800232360,202,1.000,cold
730,exp-cold-10000-000717-7979fdae,1784800232360,1784800232360,202,0.000,cold
731,exp-cold-10000-000714-82ae7669,1784800232360,1784800232360,202,0.000,cold
732,exp-cold-10000-000734-8b50e25b,1784800232360,1784800232361,202,1.000,cold
733,exp-cold-10000-000727-948014be,1784800232360,1784800232361,202,1.000,cold
734,exp-cold-10000-000737-825d9605,1784800232360,1784800232361,202,1.000,cold
735,exp-cold-10000-000735-32baf0c9,1784800232360,1784800232361,202,1.000,cold
736,exp-cold-10000-000738-7ec8bfea,1784800232360,1784800232361,202,1.000,cold
737,exp-cold-10000-000733-7b83fd9d,1784800232360,1784800232361,202,1.000,cold
738,exp-cold-10000-000744-2a1967be,1784800232360,1784800232362,202,2.000,cold
739,exp-cold-10000-000769-cc752aac,1784800232360,1784800232364,202,4.000,cold
740,exp-cold-10000-000730-f6deedab,1784800232361,1784800232361,202,0.000,cold
741,exp-cold-10000-000731-2d5edc6a,1784800232361,1784800232361,202,0.000,cold
742,exp-cold-10000-000745-7cd59092,1784800232361,1784800232362,202,1.000,cold
743,exp-cold-10000-000755-27518740,1784800232361,1784800232363,202,2.000,cold
744,exp-cold-10000-000759-726b66ec,1784800232361,1784800232363,202,2.000,cold
745,exp-cold-10000-000747-7d87c2ce,1784800232361,1784800232363,202,2.000,cold
746,exp-cold-10000-000740-0d7a62b3,1784800232362,1784800232362,202,0.000,cold
747,exp-cold-10000-000741-5a37623f,1784800232362,1784800232362,202,0.000,cold
748,exp-cold-10000-000743-376a1677,1784800232362,1784800232362,202,0.000,cold
749,exp-cold-10000-000762-56bc5aec,1784800232362,1784800232363,202,1.000,cold
750,exp-cold-10000-000763-04286641,1784800232362,1784800232363,202,1.000,cold
751,exp-cold-10000-000758-5b761381,1784800232362,1784800232363,202,1.000,cold
752,exp-cold-10000-000767-0925cb3e,1784800232362,1784800232363,202,1.000,cold
753,exp-cold-10000-000746-73f3f928,1784800232362,1784800232363,202,1.000,cold
754,exp-cold-10000-000765-dbaa48d5,1784800232362,1784800232363,202,1.000,cold
755,exp-cold-10000-000764-640e8a11,1784800232362,1784800232363,202,1.000,cold
756,exp-cold-10000-000766-46ca5417,1784800232362,1784800232363,202,1.000,cold
757,exp-cold-10000-000760-57af2bfe,1784800232362,1784800232363,202,1.000,cold
758,exp-cold-10000-000753-5fa25885,1784800232362,1784800232364,202,2.000,cold
759,exp-cold-10000-000776-f161270e,1784800232362,1784800232364,202,2.000,cold
760,exp-cold-10000-000754-dff19c01,1784800232362,1784800232364,202,2.000,cold
761,exp-cold-10000-000761-ca4947b8,1784800232363,1784800232363,202,0.000,cold
762,exp-cold-10000-000742-3010632b,1784800232363,1784800232363,202,0.000,cold
763,exp-cold-10000-000751-6bc8d116,1784800232363,1784800232364,202,1.000,cold
764,exp-cold-10000-000748-dc2171e7,1784800232363,1784800232364,202,1.000,cold
765,exp-cold-10000-000749-7033d139,1784800232363,1784800232364,202,1.000,cold
766,exp-cold-10000-000772-9053f808,1784800232363,1784800232364,202,1.000,cold
767,exp-cold-10000-000750-8c3bec6d,1784800232363,1784800232364,202,1.000,cold
768,exp-cold-10000-000768-e5ebe000,1784800232363,1784800232364,202,1.000,cold
769,exp-cold-10000-000775-c06ede0b,1784800232363,1784800232364,202,1.000,cold
770,exp-cold-10000-000757-25f7e190,1784800232363,1784800232364,202,1.000,cold
771,exp-cold-10000-000770-53cbce8e,1784800232363,1784800232364,202,1.000,cold
772,exp-cold-10000-000779-1a09547a,1784800232363,1784800232365,202,2.000,cold
773,exp-cold-10000-000774-0385d4d3,1784800232363,1784800232366,202,3.000,cold
774,exp-cold-10000-000781-c07bca66,1784800232363,1784800232365,202,2.000,cold
775,exp-cold-10000-000756-aaef2c35,1784800232364,1784800232364,202,0.000,cold
776,exp-cold-10000-000752-0c0ac0f7,1784800232364,1784800232364,202,0.000,cold
777,exp-cold-10000-000771-58e97b0c,1784800232364,1784800232364,202,0.000,cold
778,exp-cold-10000-000773-2d3b60bf,1784800232364,1784800232365,202,1.000,cold
779,exp-cold-10000-000782-a4e3cf62,1784800232364,1784800232365,202,1.000,cold
780,exp-cold-10000-000783-8a60d351,1784800232364,1784800232365,202,1.000,cold
781,exp-cold-10000-000778-f387bdce,1784800232365,1784800232365,202,0.000,cold
782,exp-cold-10000-000780-ae6c0bd1,1784800232365,1784800232365,202,0.000,cold
783,exp-cold-10000-000777-58a91ce8,1784800232365,1784800232365,202,0.000,cold
784,exp-cold-10000-000787-5af4324c,1784800232365,1784800232366,202,1.000,cold
785,exp-cold-10000-000790-cc4635fb,1784800232365,1784800232366,202,1.000,cold
786,exp-cold-10000-000791-f057ab6f,1784800232365,1784800232366,202,1.000,cold
787,exp-cold-10000-000794-9265761e,1784800232365,1784800232366,202,1.000,cold
788,exp-cold-10000-000793-a7237872,1784800232365,1784800232366,202,1.000,cold
789,exp-cold-10000-000784-5ff09d07,1784800232366,1784800232366,202,0.000,cold
790,exp-cold-10000-000785-57e54c4b,1784800232366,1784800232366,202,0.000,cold
791,exp-cold-10000-000786-0ee6b891,1784800232366,1784800232366,202,0.000,cold
792,exp-cold-10000-000788-75add183,1784800232366,1784800232366,202,0.000,cold
793,exp-cold-10000-000792-7e87c890,1784800232366,1784800232366,202,0.000,cold
794,exp-cold-10000-000801-6999b852,1784800232366,1784800232367,202,1.000,cold
795,exp-cold-10000-000795-f68fda46,1784800232366,1784800232367,202,1.000,cold
796,exp-cold-10000-000800-1893fb29,1784800232366,1784800232367,202,1.000,cold
797,exp-cold-10000-000789-e407db97,1784800232366,1784800232366,202,0.000,cold
798,exp-cold-10000-000805-c30b49fe,1784800232366,1784800232368,202,2.000,cold
799,exp-cold-10000-000796-72b1f5ba,1784800232367,1784800232367,202,0.000,cold
800,exp-cold-10000-000797-729c0767,1784800232367,1784800232367,202,0.000,cold
801,exp-cold-10000-000798-1f5e94d3,1784800232367,1784800232367,202,0.000,cold
802,exp-cold-10000-000799-66b8cc36,1784800232367,1784800232367,202,0.000,cold
803,exp-cold-10000-000806-ddc682fe,1784800232367,1784800232368,202,1.000,cold
804,exp-cold-10000-000804-7eb76416,1784800232367,1784800232368,202,1.000,cold
805,exp-cold-10000-000802-2dbadbfa,1784800232367,1784800232368,202,1.000,cold
806,exp-cold-10000-000811-d38bd843,1784800232368,1784800232369,202,1.000,cold
807,exp-cold-10000-000803-a0d0073d,1784800232368,1784800232369,202,1.000,cold
808,exp-cold-10000-000807-d7041f39,1784800232369,1784800232369,202,0.000,cold
809,exp-cold-10000-000808-cd2d0a39,1784800232369,1784800232369,202,0.000,cold
810,exp-cold-10000-000810-aabc803e,1784800232369,1784800232370,202,1.000,cold
811,exp-cold-10000-000816-1d3e6d7d,1784800232369,1784800232370,202,1.000,cold
812,exp-cold-10000-000815-7e8e5044,1784800232369,1784800232370,202,1.000,cold
813,exp-cold-10000-000809-d986f8ed,1784800232369,1784800232370,202,1.000,cold
814,exp-cold-10000-000812-ed254159,1784800232370,1784800232370,202,0.000,cold
815,exp-cold-10000-000817-9ae4f3d0,1784800232370,1784800232370,202,0.000,cold
816,exp-cold-10000-000824-674de571,1784800232370,1784800232371,202,1.000,cold
817,exp-cold-10000-000819-daf3ab8a,1784800232370,1784800232371,202,1.000,cold
818,exp-cold-10000-000827-ede8e83b,1784800232370,1784800232371,202,1.000,cold
819,exp-cold-10000-000814-02cc95b1,1784800232370,1784800232371,202,1.000,cold
820,exp-cold-10000-000828-735d003f,1784800232370,1784800232371,202,1.000,cold
821,exp-cold-10000-000831-85f43d3e,1784800232370,1784800232371,202,1.000,cold
822,exp-cold-10000-000830-4c10480a,1784800232370,1784800232371,202,1.000,cold
823,exp-cold-10000-000813-be2db6df,1784800232370,1784800232370,202,0.000,cold
824,exp-cold-10000-000832-bc81085a,1784800232370,1784800232372,202,2.000,cold
825,exp-cold-10000-000821-38daadef,1784800232370,1784800232372,202,2.000,cold
826,exp-cold-10000-000853-7ef0e713,1784800232370,1784800232375,202,5.000,cold
827,exp-cold-10000-000823-6bc118d8,1784800232371,1784800232371,202,0.000,cold
828,exp-cold-10000-000822-1edc094c,1784800232371,1784800232371,202,0.000,cold
829,exp-cold-10000-000820-d8e6e3e8,1784800232371,1784800232371,202,0.000,cold
830,exp-cold-10000-000825-b68bad9c,1784800232371,1784800232371,202,0.000,cold
831,exp-cold-10000-000818-d2426a09,1784800232371,1784800232372,202,1.000,cold
832,exp-cold-10000-000826-e26104e1,1784800232371,1784800232373,202,2.000,cold
833,exp-cold-10000-000833-11216683,1784800232372,1784800232373,202,1.000,cold
834,exp-cold-10000-000829-cd8b69ca,1784800232372,1784800232373,202,1.000,cold
835,exp-cold-10000-000852-1eed17ba,1784800232372,1784800232375,202,3.000,cold
836,exp-cold-10000-000839-28a8c277,1784800232373,1784800232374,202,1.000,cold
837,exp-cold-10000-000841-4911549f,1784800232373,1784800232374,202,1.000,cold
838,exp-cold-10000-000835-45dbe92e,1784800232373,1784800232374,202,1.000,cold
839,exp-cold-10000-000837-5910129f,1784800232373,1784800232374,202,1.000,cold
840,exp-cold-10000-000850-017fb4d2,1784800232373,1784800232375,202,2.000,cold
841,exp-cold-10000-000860-fa843330,1784800232373,1784800232376,202,3.000,cold
842,exp-cold-10000-000866-d8faaf87,1784800232373,1784800232377,202,4.000,cold
843,exp-cold-10000-000834-7e58a3ff,1784800232374,1784800232374,202,0.000,cold
844,exp-cold-10000-000836-5b1e03c6,1784800232374,1784800232374,202,0.000,cold
845,exp-cold-10000-000838-1169208e,1784800232374,1784800232374,202,0.000,cold
846,exp-cold-10000-000842-beffb05e,1784800232374,1784800232375,202,1.000,cold
847,exp-cold-10000-000851-9e61636d,1784800232374,1784800232375,202,1.000,cold
848,exp-cold-10000-000847-692f22c9,1784800232374,1784800232375,202,1.000,cold
849,exp-cold-10000-000845-f8e82085,1784800232374,1784800232375,202,1.000,cold
850,exp-cold-10000-000854-475eb1a7,1784800232374,1784800232375,202,1.000,cold
851,exp-cold-10000-000888-0adf5286,1784800232374,1784800232380,202,6.000,cold
852,exp-cold-10000-000894-0483e8fc,1784800232374,1784800232380,202,6.000,cold
853,exp-cold-10000-000846-ab24fde7,1784800232375,1784800232375,202,0.000,cold
854,exp-cold-10000-000849-a5585853,1784800232375,1784800232375,202,0.000,cold
855,exp-cold-10000-000844-f7e8a968,1784800232375,1784800232375,202,0.000,cold
856,exp-cold-10000-000843-dce4d320,1784800232375,1784800232375,202,0.000,cold
857,exp-cold-10000-000857-309f0997,1784800232375,1784800232376,202,1.000,cold
858,exp-cold-10000-000848-85867d11,1784800232375,1784800232376,202,1.000,cold
859,exp-cold-10000-000858-870e47c9,1784800232375,1784800232376,202,1.000,cold
860,exp-cold-10000-000859-d8e87720,1784800232375,1784800232376,202,1.000,cold
861,exp-cold-10000-000856-03a9f4c1,1784800232375,1784800232376,202,1.000,cold
862,exp-cold-10000-000840-0e54d2fd,1784800232375,1784800232376,202,1.000,cold
863,exp-cold-10000-000871-aead776c,1784800232375,1784800232378,202,3.000,cold
864,exp-cold-10000-000899-791e756d,1784800232375,1784800232381,202,6.000,cold
865,exp-cold-10000-000903-907daded,1784800232375,1784800232381,202,6.000,cold
866,exp-cold-10000-000864-cd108da6,1784800232376,1784800232377,202,1.000,cold
867,exp-cold-10000-000863-1bdcca21,1784800232376,1784800232377,202,1.000,cold
868,exp-cold-10000-000865-d4938882,1784800232376,1784800232377,202,1.000,cold
869,exp-cold-10000-000867-9844dcc4,1784800232376,1784800232377,202,1.000,cold
870,exp-cold-10000-000869-629f5122,1784800232376,1784800232378,202,2.000,cold
871,exp-cold-10000-000874-2f35e833,1784800232376,1784800232378,202,2.000,cold
872,exp-cold-10000-000900-a75d865f,1784800232376,1784800232381,202,5.000,cold
873,exp-cold-10000-000862-f751a506,1784800232377,1784800232377,202,0.000,cold
874,exp-cold-10000-000861-c6b68ecc,1784800232377,1784800232377,202,0.000,cold
875,exp-cold-10000-000872-3270287c,1784800232377,1784800232378,202,1.000,cold
876,exp-cold-10000-000877-c95f4698,1784800232377,1784800232378,202,1.000,cold
877,exp-cold-10000-000876-e70b145e,1784800232377,1784800232378,202,1.000,cold
878,exp-cold-10000-000875-18192cdd,1784800232377,1784800232378,202,1.000,cold
879,exp-cold-10000-000855-848db9fe,1784800232377,1784800232378,202,1.000,cold
880,exp-cold-10000-000873-e0c3da78,1784800232377,1784800232378,202,1.000,cold
881,exp-cold-10000-000878-3d2a4d71,1784800232377,1784800232379,202,2.000,cold
882,exp-cold-10000-000881-38893251,1784800232377,1784800232379,202,2.000,cold
883,exp-cold-10000-000870-cbf8c87e,1784800232378,1784800232378,202,0.000,cold
884,exp-cold-10000-000868-dbb01559,1784800232378,1784800232378,202,0.000,cold
885,exp-cold-10000-000882-168d48bd,1784800232378,1784800232379,202,1.000,cold
886,exp-cold-10000-000884-e11dbafb,1784800232378,1784800232379,202,1.000,cold
887,exp-cold-10000-000885-f5c09350,1784800232378,1784800232379,202,1.000,cold
888,exp-cold-10000-000897-cb1c4bf6,1784800232378,1784800232382,202,4.000,cold
889,exp-cold-10000-000880-8128a9d3,1784800232379,1784800232379,202,0.000,cold
890,exp-cold-10000-000879-4b4d4de6,1784800232379,1784800232379,202,0.000,cold
891,exp-cold-10000-000895-681cffc2,1784800232379,1784800232380,202,1.000,cold
892,exp-cold-10000-000893-5803bc0c,1784800232379,1784800232380,202,1.000,cold
893,exp-cold-10000-000887-07985ecb,1784800232380,1784800232380,202,0.000,cold
894,exp-cold-10000-000889-caeff935,1784800232380,1784800232380,202,0.000,cold
895,exp-cold-10000-000886-75cdc39a,1784800232380,1784800232380,202,0.000,cold
896,exp-cold-10000-000892-cd51e95a,1784800232380,1784800232380,202,0.000,cold
897,exp-cold-10000-000883-d967d17d,1784800232380,1784800232380,202,0.000,cold
898,exp-cold-10000-000891-95f15deb,1784800232380,1784800232380,202,0.000,cold
899,exp-cold-10000-000890-143084fb,1784800232380,1784800232380,202,0.000,cold
900,exp-cold-10000-000898-5d2324f5,1784800232380,1784800232381,202,1.000,cold
901,exp-cold-10000-000896-d849dd30,1784800232380,1784800232382,202,2.000,cold
902,exp-cold-10000-000906-683e5037,1784800232380,1784800232382,202,2.000,cold
903,exp-cold-10000-000909-8b86618c,1784800232381,1784800232382,202,1.000,cold
904,exp-cold-10000-000914-27713d9f,1784800232381,1784800232382,202,1.000,cold
905,exp-cold-10000-000908-a674d7e4,1784800232381,1784800232382,202,1.000,cold
906,exp-cold-10000-000910-c405c268,1784800232381,1784800232382,202,1.000,cold
907,exp-cold-10000-000913-7331a4d7,1784800232381,1784800232383,202,2.000,cold
908,exp-cold-10000-000922-38e0f5de,1784800232381,1784800232384,202,3.000,cold
909,exp-cold-10000-000905-26a62b03,1784800232382,1784800232382,202,0.000,cold
910,exp-cold-10000-000919-1586c18e,1784800232382,1784800232383,202,1.000,cold
911,exp-cold-10000-000921-5fea7700,1784800232382,1784800232383,202,1.000,cold
912,exp-cold-10000-000920-62039544,1784800232382,1784800232383,202,1.000,cold
913,exp-cold-10000-000912-decef2f5,1784800232382,1784800232383,202,1.000,cold
914,exp-cold-10000-000931-1b32800f,1784800232382,1784800232385,202,3.000,cold
915,exp-cold-10000-000915-427cbde8,1784800232383,1784800232383,202,0.000,cold
916,exp-cold-10000-000917-2e679708,1784800232383,1784800232383,202,0.000,cold
917,exp-cold-10000-000916-d9aea849,1784800232383,1784800232383,202,0.000,cold
918,exp-cold-10000-000911-b73a3d68,1784800232383,1784800232383,202,0.000,cold
919,exp-cold-10000-000918-76198d5b,1784800232383,1784800232383,202,0.000,cold
920,exp-cold-10000-000907-dc2d78ac,1784800232383,1784800232383,202,0.000,cold
921,exp-cold-10000-000902-514d100b,1784800232383,1784800232383,202,0.000,cold
922,exp-cold-10000-000901-a134124c,1784800232383,1784800232384,202,1.000,cold
923,exp-cold-10000-000933-4d17ccca,1784800232383,1784800232384,202,1.000,cold
924,exp-cold-10000-000929-1191844b,1784800232383,1784800232384,202,1.000,cold
925,exp-cold-10000-000930-2246abd7,1784800232383,1784800232384,202,1.000,cold
926,exp-cold-10000-000927-8599f503,1784800232383,1784800232384,202,1.000,cold
927,exp-cold-10000-000923-ac62042a,1784800232383,1784800232384,202,1.000,cold
928,exp-cold-10000-000937-6d12fd92,1784800232383,1784800232385,202,2.000,cold
929,exp-cold-10000-000924-f87f8de8,1784800232384,1784800232384,202,0.000,cold
930,exp-cold-10000-000928-8ade0ddd,1784800232384,1784800232384,202,0.000,cold
931,exp-cold-10000-000925-b0e23c28,1784800232384,1784800232384,202,0.000,cold
932,exp-cold-10000-000926-9d58cb4c,1784800232384,1784800232384,202,0.000,cold
933,exp-cold-10000-000940-298cb0c1,1784800232384,1784800232385,202,1.000,cold
934,exp-cold-10000-000939-b7cd7aec,1784800232384,1784800232385,202,1.000,cold
935,exp-cold-10000-000938-334ff327,1784800232384,1784800232385,202,1.000,cold
936,exp-cold-10000-000904-53d1dc10,1784800232384,1784800232386,202,2.000,cold
937,exp-cold-10000-000948-8fd1c684,1784800232384,1784800232386,202,2.000,cold
938,exp-cold-10000-000935-f5b0d8db,1784800232385,1784800232385,202,0.000,cold
939,exp-cold-10000-000936-7c1dc150,1784800232385,1784800232385,202,0.000,cold
940,exp-cold-10000-000947-2d061cd1,1784800232385,1784800232386,202,1.000,cold
941,exp-cold-10000-000946-e37f6bb1,1784800232385,1784800232386,202,1.000,cold
942,exp-cold-10000-000941-5cc5fa4c,1784800232385,1784800232386,202,1.000,cold
943,exp-cold-10000-000950-998df824,1784800232385,1784800232386,202,1.000,cold
944,exp-cold-10000-000949-91f16014,1784800232385,1784800232386,202,1.000,cold
945,exp-cold-10000-000944-329b82ad,1784800232385,1784800232386,202,1.000,cold
946,exp-cold-10000-000942-0d9d873f,1784800232385,1784800232386,202,1.000,cold
947,exp-cold-10000-000945-e49d7d99,1784800232385,1784800232386,202,1.000,cold
948,exp-cold-10000-000951-84056f7c,1784800232385,1784800232386,202,1.000,cold
949,exp-cold-10000-000932-55bf9e57,1784800232385,1784800232385,202,0.000,cold
950,exp-cold-10000-000959-7ef1b0c5,1784800232385,1784800232387,202,2.000,cold
951,exp-cold-10000-000955-ab0b5091,1784800232385,1784800232387,202,2.000,cold
952,exp-cold-10000-000958-e9bece97,1784800232386,1784800232387,202,1.000,cold
953,exp-cold-10000-000956-ec7feed8,1784800232386,1784800232387,202,1.000,cold
954,exp-cold-10000-000960-36a6fa03,1784800232386,1784800232387,202,1.000,cold
955,exp-cold-10000-000954-789dd26c,1784800232386,1784800232387,202,1.000,cold
956,exp-cold-10000-000953-3c3aa4d8,1784800232386,1784800232387,202,1.000,cold
957,exp-cold-10000-000966-d8d6e255,1784800232386,1784800232388,202,2.000,cold
958,exp-cold-10000-000934-8265cd59,1784800232386,1784800232389,202,3.000,cold
959,exp-cold-10000-000952-0602539d,1784800232387,1784800232387,202,0.000,cold
960,exp-cold-10000-000943-49e960fd,1784800232387,1784800232387,202,0.000,cold
961,exp-cold-10000-000957-0cb4b167,1784800232387,1784800232387,202,0.000,cold
962,exp-cold-10000-000968-247d9ffe,1784800232387,1784800232388,202,1.000,cold
963,exp-cold-10000-000981-94f7e8d8,1784800232387,1784800232389,202,2.000,cold
964,exp-cold-10000-000983-08378993,1784800232387,1784800232389,202,2.000,cold
965,exp-cold-10000-000963-c8bf5681,1784800232387,1784800232389,202,2.000,cold
966,exp-cold-10000-000961-95bfe858,1784800232388,1784800232388,202,0.000,cold
967,exp-cold-10000-000962-013d7eb6,1784800232388,1784800232388,202,0.000,cold
968,exp-cold-10000-000964-9740339f,1784800232388,1784800232389,202,1.000,cold
969,exp-cold-10000-000979-b60f2d01,1784800232388,1784800232389,202,1.000,cold
970,exp-cold-10000-000965-8bd48063,1784800232388,1784800232389,202,1.000,cold
971,exp-cold-10000-000978-186abed3,1784800232388,1784800232389,202,1.000,cold
972,exp-cold-10000-000974-7fdd2fb1,1784800232388,1784800232389,202,1.000,cold
973,exp-cold-10000-000982-96cafe04,1784800232388,1784800232389,202,1.000,cold
974,exp-cold-10000-000980-0f97aabb,1784800232388,1784800232389,202,1.000,cold
975,exp-cold-10000-000994-7744df2d,1784800232388,1784800232390,202,2.000,cold
976,exp-cold-10000-000970-4e1c74af,1784800232389,1784800232389,202,0.000,cold
977,exp-cold-10000-000971-ff2f7f7f,1784800232389,1784800232389,202,0.000,cold
978,exp-cold-10000-000973-12fc1fad,1784800232389,1784800232389,202,0.000,cold
979,exp-cold-10000-000969-4cfc5c7b,1784800232389,1784800232389,202,0.000,cold
980,exp-cold-10000-000975-8cd47d7e,1784800232389,1784800232389,202,0.000,cold
981,exp-cold-10000-000977-e7438ac8,1784800232389,1784800232389,202,0.000,cold
982,exp-cold-10000-000967-15e4e4c7,1784800232389,1784800232389,202,0.000,cold
983,exp-cold-10000-000991-c6720ced,1784800232389,1784800232390,202,1.000,cold
984,exp-cold-10000-000990-d2cd4de1,1784800232389,1784800232390,202,1.000,cold
985,exp-cold-10000-000976-a98da787,1784800232389,1784800232390,202,1.000,cold
986,exp-cold-10000-001000-4cdf9dba,1784800232389,1784800232391,202,2.000,cold
987,exp-cold-10000-000984-37ad4c57,1784800232390,1784800232390,202,0.000,cold
988,exp-cold-10000-000986-581eea8f,1784800232390,1784800232390,202,0.000,cold
989,exp-cold-10000-000988-9227edfd,1784800232390,1784800232390,202,0.000,cold
990,exp-cold-10000-000985-3e42bc5f,1784800232390,1784800232390,202,0.000,cold
991,exp-cold-10000-000987-a0133ee6,1784800232390,1784800232390,202,0.000,cold
992,exp-cold-10000-000989-56e396a7,1784800232390,1784800232390,202,0.000,cold
993,exp-cold-10000-000999-96b09021,1784800232390,1784800232391,202,1.000,cold
994,exp-cold-10000-000995-5fe6084f,1784800232390,1784800232391,202,1.000,cold
995,exp-cold-10000-000997-62577fe9,1784800232391,1784800232391,202,0.000,cold
996,exp-cold-10000-000996-7517b893,1784800232391,1784800232391,202,0.000,cold
997,exp-cold-10000-000972-6da62d8a,1784800232391,1784800232391,202,0.000,cold
998,exp-cold-10000-000993-81d6ed07,1784800232391,1784800232391,202,0.000,cold
999,exp-cold-10000-001006-f5c73c18,1784800232391,1784800232392,202,1.000,cold
1000,exp-cold-10000-000998-083e185d,1784800232391,1784800232392,202,1.000,cold
1001,exp-cold-10000-001007-7df69b88,1784800232391,1784800232392,202,1.000,cold
1002,exp-cold-10000-001008-dd5b78a7,1784800232391,1784800232392,202,1.000,cold
1003,exp-cold-10000-001004-e2307a9d,1784800232391,1784800232392,202,1.000,cold
1004,exp-cold-10000-000992-2c15359a,1784800232391,1784800232392,202,1.000,cold
1005,exp-cold-10000-001018-824fdb82,1784800232391,1784800232393,202,2.000,cold
1006,exp-cold-10000-001022-4e604921,1784800232391,1784800232393,202,2.000,cold
1007,exp-cold-10000-001024-743e6d6a,1784800232391,1784800232393,202,2.000,cold
1008,exp-cold-10000-001001-847d7957,1784800232392,1784800232392,202,0.000,cold
1009,exp-cold-10000-001002-6bfa2de8,1784800232392,1784800232392,202,0.000,cold
1010,exp-cold-10000-001003-2acc0065,1784800232392,1784800232392,202,0.000,cold
1011,exp-cold-10000-001005-4ffac545,1784800232392,1784800232392,202,0.000,cold
1012,exp-cold-10000-001015-f5ccef7a,1784800232392,1784800232393,202,1.000,cold
1013,exp-cold-10000-001019-4a97718f,1784800232392,1784800232393,202,1.000,cold
1014,exp-cold-10000-001020-adbbc720,1784800232392,1784800232393,202,1.000,cold
1015,exp-cold-10000-001021-a61ccb87,1784800232392,1784800232393,202,1.000,cold
1016,exp-cold-10000-001023-1405c420,1784800232392,1784800232393,202,1.000,cold
1017,exp-cold-10000-001014-0d449a3a,1784800232392,1784800232393,202,1.000,cold
1018,exp-cold-10000-001016-d4723a97,1784800232392,1784800232393,202,1.000,cold
1019,exp-cold-10000-001013-143abda8,1784800232392,1784800232393,202,1.000,cold
1020,exp-cold-10000-001030-2de96603,1784800232392,1784800232394,202,2.000,cold
1021,exp-cold-10000-001027-b947b34e,1784800232392,1784800232394,202,2.000,cold
1022,exp-cold-10000-001033-2e03c910,1784800232392,1784800232394,202,2.000,cold
1023,exp-cold-10000-001034-8033f98c,1784800232392,1784800232394,202,2.000,cold
1024,exp-cold-10000-001040-8f7c80c8,1784800232392,1784800232395,202,3.000,cold
1025,exp-cold-10000-001011-53c763a0,1784800232393,1784800232393,202,0.000,cold
1026,exp-cold-10000-001010-ff01f7b4,1784800232393,1784800232393,202,0.000,cold
1027,exp-cold-10000-001012-fa3f680b,1784800232393,1784800232393,202,0.000,cold
1028,exp-cold-10000-001009-371e2cc7,1784800232393,1784800232393,202,0.000,cold
1029,exp-cold-10000-001017-e14f619e,1784800232393,1784800232393,202,0.000,cold
1030,exp-cold-10000-001031-8c5eda11,1784800232393,1784800232394,202,1.000,cold
1031,exp-cold-10000-001025-6ee2609d,1784800232393,1784800232394,202,1.000,cold
1032,exp-cold-10000-001029-9b74fad4,1784800232393,1784800232394,202,1.000,cold
1033,exp-cold-10000-001028-db541c2b,1784800232393,1784800232394,202,1.000,cold
1034,exp-cold-10000-001036-86a2ce53,1784800232393,1784800232395,202,2.000,cold
1035,exp-cold-10000-001026-ad477e2a,1784800232394,1784800232394,202,0.000,cold
1036,exp-cold-10000-001032-e7ea07bc,1784800232394,1784800232395,202,1.000,cold
1037,exp-cold-10000-001039-e4580b20,1784800232394,1784800232395,202,1.000,cold
1038,exp-cold-10000-001038-84f3abc4,1784800232394,1784800232395,202,1.000,cold
1039,exp-cold-10000-001037-e2a726e5,1784800232394,1784800232395,202,1.000,cold
1040,exp-cold-10000-001044-1ec6ae25,1784800232394,1784800232396,202,2.000,cold
1041,exp-cold-10000-001035-a049ea18,1784800232395,1784800232395,202,0.000,cold
1042,exp-cold-10000-001042-985c3df3,1784800232395,1784800232396,202,1.000,cold
1043,exp-cold-10000-001043-3688fbf9,1784800232395,1784800232396,202,1.000,cold
1044,exp-cold-10000-001041-f64863f0,1784800232396,1784800232396,202,0.000,cold
1045,exp-cold-10000-001046-8b4ab7c2,1784800232396,1784800232397,202,1.000,cold
1046,exp-cold-10000-001048-ce960b5f,1784800232396,1784800232397,202,1.000,cold
1047,exp-cold-10000-001052-c0299dac,1784800232396,1784800232397,202,1.000,cold
1048,exp-cold-10000-001049-7ffdc9d8,1784800232396,1784800232397,202,1.000,cold
1049,exp-cold-10000-001054-416cd3b6,1784800232396,1784800232398,202,2.000,cold
1050,exp-cold-10000-001045-d878306a,1784800232397,1784800232397,202,0.000,cold
1051,exp-cold-10000-001047-19118ba9,1784800232397,1784800232397,202,0.000,cold
1052,exp-cold-10000-001050-4ba27699,1784800232397,1784800232397,202,0.000,cold
1053,exp-cold-10000-001056-44065ffc,1784800232397,1784800232398,202,1.000,cold
1054,exp-cold-10000-001061-b08ae76c,1784800232397,1784800232399,202,2.000,cold
1055,exp-cold-10000-001053-c0421f3c,1784800232398,1784800232398,202,0.000,cold
1056,exp-cold-10000-001055-30de9fe0,1784800232398,1784800232398,202,0.000,cold
1057,exp-cold-10000-001051-ab647836,1784800232398,1784800232398,202,0.000,cold
1058,exp-cold-10000-001065-dbdac958,1784800232398,1784800232399,202,1.000,cold
1059,exp-cold-10000-001064-ff87c506,1784800232398,1784800232399,202,1.000,cold
1060,exp-cold-10000-001062-457a3915,1784800232398,1784800232399,202,1.000,cold
1061,exp-cold-10000-001060-8db6c31c,1784800232399,1784800232399,202,0.000,cold
1062,exp-cold-10000-001057-a449e447,1784800232399,1784800232399,202,0.000,cold
1063,exp-cold-10000-001059-2d247355,1784800232399,1784800232399,202,0.000,cold
1064,exp-cold-10000-001063-67c084c5,1784800232399,1784800232399,202,0.000,cold
1065,exp-cold-10000-001058-75c44fe3,1784800232399,1784800232399,202,0.000,cold
1066,exp-cold-10000-001072-a48fa896,1784800232399,1784800232400,202,1.000,cold
1067,exp-cold-10000-001074-7236a864,1784800232399,1784800232400,202,1.000,cold
1068,exp-cold-10000-001075-de4f0e2b,1784800232399,1784800232400,202,1.000,cold
1069,exp-cold-10000-001076-d89932a1,1784800232399,1784800232400,202,1.000,cold
1070,exp-cold-10000-001066-c7bedc31,1784800232400,1784800232400,202,0.000,cold
1071,exp-cold-10000-001067-6c960f6f,1784800232400,1784800232400,202,0.000,cold
1072,exp-cold-10000-001069-165ef7b9,1784800232400,1784800232400,202,0.000,cold
1073,exp-cold-10000-001071-116848db,1784800232400,1784800232400,202,0.000,cold
1074,exp-cold-10000-001068-143baa6b,1784800232400,1784800232400,202,0.000,cold
1075,exp-cold-10000-001073-e2418698,1784800232400,1784800232400,202,0.000,cold
1076,exp-cold-10000-001070-c6bd0444,1784800232400,1784800232400,202,0.000,cold
1077,exp-cold-10000-001078-c7a7706f,1784800232400,1784800232401,202,1.000,cold
1078,exp-cold-10000-001084-096e508c,1784800232400,1784800232401,202,1.000,cold
1079,exp-cold-10000-001083-07c971e4,1784800232400,1784800232401,202,1.000,cold
1080,exp-cold-10000-001082-51b17418,1784800232400,1784800232401,202,1.000,cold
1081,exp-cold-10000-001080-b1977a38,1784800232400,1784800232401,202,1.000,cold
1082,exp-cold-10000-001085-a6541194,1784800232400,1784800232402,202,2.000,cold
1083,exp-cold-10000-001090-e29ae92a,1784800232400,1784800232402,202,2.000,cold
1084,exp-cold-10000-001077-8858adce,1784800232401,1784800232401,202,0.000,cold
1085,exp-cold-10000-001079-4169a596,1784800232401,1784800232401,202,0.000,cold
1086,exp-cold-10000-001081-27c9b4e1,1784800232401,1784800232401,202,0.000,cold
1087,exp-cold-10000-001095-4d886bfd,1784800232401,1784800232402,202,1.000,cold
1088,exp-cold-10000-001091-3e10ce3c,1784800232401,1784800232402,202,1.000,cold
1089,exp-cold-10000-001094-64b2ea54,1784800232401,1784800232402,202,1.000,cold
1090,exp-cold-10000-001093-7248c4f9,1784800232401,1784800232402,202,1.000,cold
1091,exp-cold-10000-001086-4c1bf6a6,1784800232401,1784800232402,202,1.000,cold
1092,exp-cold-10000-001088-bc9735c7,1784800232401,1784800232402,202,1.000,cold
1093,exp-cold-10000-001105-cfb3e985,1784800232401,1784800232403,202,2.000,cold
1094,exp-cold-10000-001087-da0108e6,1784800232402,1784800232402,202,0.000,cold
1095,exp-cold-10000-001089-b831dcf3,1784800232402,1784800232402,202,0.000,cold
1096,exp-cold-10000-001097-cfbe4961,1784800232402,1784800232403,202,1.000,cold
1097,exp-cold-10000-001099-09ad05ba,1784800232402,1784800232403,202,1.000,cold
1098,exp-cold-10000-001092-8a75f084,1784800232402,1784800232403,202,1.000,cold
1099,exp-cold-10000-001104-205ea645,1784800232402,1784800232403,202,1.000,cold
1100,exp-cold-10000-001101-2ae4d962,1784800232402,1784800232403,202,1.000,cold
1101,exp-cold-10000-001096-30d0ae79,1784800232402,1784800232403,202,1.000,cold
1102,exp-cold-10000-001100-f3e93587,1784800232403,1784800232403,202,0.000,cold
1103,exp-cold-10000-001098-fee7ac10,1784800232403,1784800232403,202,0.000,cold
1104,exp-cold-10000-001103-32aa364f,1784800232403,1784800232403,202,0.000,cold
1105,exp-cold-10000-001102-b7a3578c,1784800232403,1784800232403,202,0.000,cold
1106,exp-cold-10000-001113-24ea510c,1784800232403,1784800232404,202,1.000,cold
1107,exp-cold-10000-001114-58a03078,1784800232403,1784800232404,202,1.000,cold
1108,exp-cold-10000-001115-d1528541,1784800232403,1784800232404,202,1.000,cold
1109,exp-cold-10000-001108-63b23136,1784800232403,1784800232404,202,1.000,cold
1110,exp-cold-10000-001106-2ccd11b9,1784800232404,1784800232404,202,0.000,cold
1111,exp-cold-10000-001110-c104d299,1784800232404,1784800232404,202,0.000,cold
1112,exp-cold-10000-001109-ac34a863,1784800232404,1784800232404,202,0.000,cold
1113,exp-cold-10000-001107-9a5edc07,1784800232404,1784800232404,202,0.000,cold
1114,exp-cold-10000-001112-0b70382c,1784800232404,1784800232404,202,0.000,cold
1115,exp-cold-10000-001141-6613bc43,1784800232404,1784800232406,202,2.000,cold
1116,exp-cold-10000-001140-3e8eafa3,1784800232404,1784800232406,202,2.000,cold
1117,exp-cold-10000-001139-8afe21ef,1784800232404,1784800232406,202,2.000,cold
1118,exp-cold-10000-001111-348226c9,1784800232405,1784800232405,202,0.000,cold
1119,exp-cold-10000-001117-869a9c17,1784800232405,1784800232406,202,1.000,cold
1120,exp-cold-10000-001138-168b1663,1784800232405,1784800232406,202,1.000,cold
1121,exp-cold-10000-001133-547b18e2,1784800232405,1784800232406,202,1.000,cold
1122,exp-cold-10000-001131-15f638be,1784800232405,1784800232406,202,1.000,cold
1123,exp-cold-10000-001132-25d885ca,1784800232405,1784800232406,202,1.000,cold
1124,exp-cold-10000-001116-3c1751d8,1784800232405,1784800232406,202,1.000,cold
1125,exp-cold-10000-001142-b2c18eaa,1784800232405,1784800232406,202,1.000,cold
1126,exp-cold-10000-001148-5482bd35,1784800232405,1784800232407,202,2.000,cold
1127,exp-cold-10000-001170-c1089a72,1784800232405,1784800232410,202,5.000,cold
1128,exp-cold-10000-001134-aff2a51f,1784800232406,1784800232406,202,0.000,cold
1129,exp-cold-10000-001135-d06f611e,1784800232406,1784800232406,202,0.000,cold
1130,exp-cold-10000-001136-fe8dffa1,1784800232406,1784800232406,202,0.000,cold
1131,exp-cold-10000-001137-54a21924,1784800232406,1784800232406,202,0.000,cold
1132,exp-cold-10000-001144-ee2f90ec,1784800232406,1784800232407,202,1.000,cold
1133,exp-cold-10000-001130-d37615cd,1784800232406,1784800232407,202,1.000,cold
1134,exp-cold-10000-001145-32a5d546,1784800232406,1784800232407,202,1.000,cold
1135,exp-cold-10000-001147-7e6e5450,1784800232406,1784800232407,202,1.000,cold
1136,exp-cold-10000-001129-4db2ef0a,1784800232406,1784800232407,202,1.000,cold
1137,exp-cold-10000-001154-a7420750,1784800232406,1784800232408,202,2.000,cold
1138,exp-cold-10000-001146-df778db2,1784800232406,1784800232408,202,2.000,cold
1139,exp-cold-10000-001153-cfe68c2b,1784800232406,1784800232408,202,2.000,cold
1140,exp-cold-10000-001143-01e6f4fa,1784800232407,1784800232407,202,0.000,cold
1141,exp-cold-10000-001152-cd31d707,1784800232407,1784800232408,202,1.000,cold
1142,exp-cold-10000-001128-8f7c7007,1784800232407,1784800232408,202,1.000,cold
1143,exp-cold-10000-001126-d620f3c3,1784800232407,1784800232408,202,1.000,cold
1144,exp-cold-10000-001127-1b32c4bd,1784800232407,1784800232408,202,1.000,cold
1145,exp-cold-10000-001122-7db09908,1784800232407,1784800232408,202,1.000,cold
1146,exp-cold-10000-001150-92193f49,1784800232407,1784800232408,202,1.000,cold
1147,exp-cold-10000-001159-9ffbf007,1784800232407,1784800232409,202,2.000,cold
1148,exp-cold-10000-001160-2ea5c1bc,1784800232407,1784800232409,202,2.000,cold
1149,exp-cold-10000-001162-a1f59024,1784800232407,1784800232409,202,2.000,cold
1150,exp-cold-10000-001156-7c84cbb6,1784800232407,1784800232409,202,2.000,cold
1151,exp-cold-10000-001149-077ad4a2,1784800232408,1784800232408,202,0.000,cold
1152,exp-cold-10000-001151-3237d007,1784800232408,1784800232408,202,0.000,cold
1153,exp-cold-10000-001158-01af9e2b,1784800232408,1784800232409,202,1.000,cold
1154,exp-cold-10000-001157-0d45dc06,1784800232408,1784800232409,202,1.000,cold
1155,exp-cold-10000-001125-221fa6fd,1784800232408,1784800232409,202,1.000,cold
1156,exp-cold-10000-001119-6ba430a1,1784800232408,1784800232409,202,1.000,cold
1157,exp-cold-10000-001163-3d51eafe,1784800232408,1784800232409,202,1.000,cold
1158,exp-cold-10000-001120-f7f965f5,1784800232408,1784800232409,202,1.000,cold
1159,exp-cold-10000-001166-17f87007,1784800232408,1784800232410,202,2.000,cold
1160,exp-cold-10000-001165-54d01a6b,1784800232408,1784800232410,202,2.000,cold
1161,exp-cold-10000-001164-6e3ecaa2,1784800232408,1784800232410,202,2.000,cold
1162,exp-cold-10000-001184-fa722538,1784800232408,1784800232412,202,4.000,cold
1163,exp-cold-10000-001118-c977aa97,1784800232409,1784800232409,202,0.000,cold
1164,exp-cold-10000-001124-9451308e,1784800232409,1784800232409,202,0.000,cold
1165,exp-cold-10000-001123-c4fbc0b3,1784800232409,1784800232409,202,0.000,cold
1166,exp-cold-10000-001121-9f41f409,1784800232409,1784800232409,202,0.000,cold
1167,exp-cold-10000-001155-7995114c,1784800232409,1784800232410,202,1.000,cold
1168,exp-cold-10000-001168-959030f5,1784800232409,1784800232410,202,1.000,cold
1169,exp-cold-10000-001161-63d450d8,1784800232409,1784800232410,202,1.000,cold
1170,exp-cold-10000-001167-57ba932f,1784800232409,1784800232410,202,1.000,cold
1171,exp-cold-10000-001169-2c7527a3,1784800232409,1784800232410,202,1.000,cold
1172,exp-cold-10000-001171-3a866ac4,1784800232409,1784800232410,202,1.000,cold
1173,exp-cold-10000-001183-be17c4a9,1784800232409,1784800232411,202,2.000,cold
1174,exp-cold-10000-001179-c6b0b371,1784800232409,1784800232411,202,2.000,cold
1175,exp-cold-10000-001174-6589099b,1784800232409,1784800232411,202,2.000,cold
1176,exp-cold-10000-001178-ceb4a1b4,1784800232409,1784800232411,202,2.000,cold
1177,exp-cold-10000-001176-1da0d5e4,1784800232409,1784800232411,202,2.000,cold
1178,exp-cold-10000-001190-4cb86e5b,1784800232409,1784800232412,202,3.000,cold
1179,exp-cold-10000-001193-02adc12b,1784800232409,1784800232412,202,3.000,cold
1180,exp-cold-10000-001191-0ae8aced,1784800232409,1784800232412,202,3.000,cold
1181,exp-cold-10000-001182-21213968,1784800232410,1784800232411,202,1.000,cold
1182,exp-cold-10000-001181-00506b13,1784800232410,1784800232411,202,1.000,cold
1183,exp-cold-10000-001180-11986947,1784800232410,1784800232411,202,1.000,cold
1184,exp-cold-10000-001173-dadc8f1e,1784800232410,1784800232411,202,1.000,cold
1185,exp-cold-10000-001199-7081ec0f,1784800232410,1784800232413,202,3.000,cold
1186,exp-cold-10000-001204-937624de,1784800232410,1784800232413,202,3.000,cold
1187,exp-cold-10000-001202-7a4212da,1784800232410,1784800232413,202,3.000,cold
1188,exp-cold-10000-001205-b5e0c92a,1784800232410,1784800232413,202,3.000,cold
1189,exp-cold-10000-001172-6f8d7e7f,1784800232411,1784800232411,202,0.000,cold
1190,exp-cold-10000-001175-ed8a2155,1784800232411,1784800232411,202,0.000,cold
1191,exp-cold-10000-001177-ed66a122,1784800232411,1784800232411,202,0.000,cold
1192,exp-cold-10000-001192-6b277688,1784800232411,1784800232412,202,1.000,cold
1193,exp-cold-10000-001188-08735a25,1784800232411,1784800232412,202,1.000,cold
1194,exp-cold-10000-001185-ae913be5,1784800232411,1784800232412,202,1.000,cold
1195,exp-cold-10000-001196-81d926cb,1784800232411,1784800232412,202,1.000,cold
1196,exp-cold-10000-001195-d84eb5c3,1784800232411,1784800232412,202,1.000,cold
1197,exp-cold-10000-001194-fe09b742,1784800232411,1784800232412,202,1.000,cold
1198,exp-cold-10000-001186-c1c8b4e6,1784800232411,1784800232412,202,1.000,cold
1199,exp-cold-10000-001201-8233e569,1784800232411,1784800232413,202,2.000,cold
1200,exp-cold-10000-001203-3e535e87,1784800232411,1784800232413,202,2.000,cold
1201,exp-cold-10000-001197-be308636,1784800232411,1784800232413,202,2.000,cold
1202,exp-cold-10000-001187-c4e36278,1784800232412,1784800232412,202,0.000,cold
1203,exp-cold-10000-001189-35f24e33,1784800232412,1784800232412,202,0.000,cold
1204,exp-cold-10000-001198-4190ff3e,1784800232413,1784800232413,202,0.000,cold
1205,exp-cold-10000-001206-984c1a90,1784800232413,1784800232415,202,2.000,cold
1206,exp-cold-10000-001212-66612a65,1784800232414,1784800232416,202,2.000,cold
1207,exp-cold-10000-001211-90cf7021,1784800232415,1784800232416,202,1.000,cold
1208,exp-cold-10000-001213-0f71e85b,1784800232415,1784800232416,202,1.000,cold
1209,exp-cold-10000-001208-cac1d8af,1784800232415,1784800232416,202,1.000,cold
1210,exp-cold-10000-001214-716dac39,1784800232415,1784800232416,202,1.000,cold
1211,exp-cold-10000-001218-eaa9965c,1784800232415,1784800232417,202,2.000,cold
1212,exp-cold-10000-001220-f445ac06,1784800232415,1784800232417,202,2.000,cold
1213,exp-cold-10000-001200-ee83cca6,1784800232416,1784800232416,202,0.000,cold
1214,exp-cold-10000-001207-e1a5f1e9,1784800232416,1784800232416,202,0.000,cold
1215,exp-cold-10000-001217-6244a1a1,1784800232416,1784800232417,202,1.000,cold
1216,exp-cold-10000-001221-9fd1df3f,1784800232416,1784800232417,202,1.000,cold
1217,exp-cold-10000-001216-689f05d2,1784800232416,1784800232417,202,1.000,cold
1218,exp-cold-10000-001219-db580127,1784800232416,1784800232417,202,1.000,cold
1219,exp-cold-10000-001223-c842d6e6,1784800232416,1784800232418,202,2.000,cold
1220,exp-cold-10000-001210-4d8f7bdd,1784800232417,1784800232417,202,0.000,cold
1221,exp-cold-10000-001215-743331ab,1784800232417,1784800232417,202,0.000,cold
1222,exp-cold-10000-001209-9011453f,1784800232417,1784800232417,202,0.000,cold
1223,exp-cold-10000-001226-c83a00a6,1784800232417,1784800232418,202,1.000,cold
1224,exp-cold-10000-001227-d41e60df,1784800232417,1784800232418,202,1.000,cold
1225,exp-cold-10000-001222-09f4a54a,1784800232418,1784800232418,202,0.000,cold
1226,exp-cold-10000-001224-29f395a3,1784800232418,1784800232418,202,0.000,cold
1227,exp-cold-10000-001225-fb65cbe4,1784800232418,1784800232418,202,0.000,cold
1228,exp-cold-10000-001234-dacc124f,1784800232418,1784800232419,202,1.000,cold
1229,exp-cold-10000-001233-d9ac4e01,1784800232418,1784800232419,202,1.000,cold
1230,exp-cold-10000-001235-c355252d,1784800232418,1784800232419,202,1.000,cold
1231,exp-cold-10000-001237-c4746311,1784800232418,1784800232419,202,1.000,cold
1232,exp-cold-10000-001231-21878b6b,1784800232418,1784800232419,202,1.000,cold
1233,exp-cold-10000-001246-fc8d5728,1784800232418,1784800232420,202,2.000,cold
1234,exp-cold-10000-001238-455008a3,1784800232418,1784800232420,202,2.000,cold
1235,exp-cold-10000-001257-edc4b126,1784800232418,1784800232421,202,3.000,cold
1236,exp-cold-10000-001228-18c7a370,1784800232419,1784800232419,202,0.000,cold
1237,exp-cold-10000-001230-ee1fcf15,1784800232419,1784800232419,202,0.000,cold
1238,exp-cold-10000-001229-747aab8d,1784800232419,1784800232419,202,0.000,cold
1239,exp-cold-10000-001242-25275d27,1784800232419,1784800232420,202,1.000,cold
1240,exp-cold-10000-001247-3e20d7e2,1784800232419,1784800232420,202,1.000,cold
1241,exp-cold-10000-001243-1293dc50,1784800232419,1784800232420,202,1.000,cold
1242,exp-cold-10000-001236-c0d9be67,1784800232419,1784800232420,202,1.000,cold
1243,exp-cold-10000-001241-a65ca234,1784800232419,1784800232420,202,1.000,cold
1244,exp-cold-10000-001245-2758e8b6,1784800232419,1784800232420,202,1.000,cold
1245,exp-cold-10000-001244-032dcb6c,1784800232419,1784800232420,202,1.000,cold
1246,exp-cold-10000-001250-be86142a,1784800232419,1784800232421,202,2.000,cold
1247,exp-cold-10000-001249-8e395e1c,1784800232419,1784800232421,202,2.000,cold
1248,exp-cold-10000-001261-807642d8,1784800232419,1784800232422,202,3.000,cold
1249,exp-cold-10000-001232-7293de35,1784800232420,1784800232420,202,0.000,cold
1250,exp-cold-10000-001240-69eda5a2,1784800232420,1784800232420,202,0.000,cold
1251,exp-cold-10000-001239-e952c6f0,1784800232420,1784800232420,202,0.000,cold
1252,exp-cold-10000-001253-4c894313,1784800232420,1784800232421,202,1.000,cold
1253,exp-cold-10000-001254-e8f309f1,1784800232420,1784800232421,202,1.000,cold
1254,exp-cold-10000-001256-217926b7,1784800232420,1784800232421,202,1.000,cold
1255,exp-cold-10000-001252-b593f6b3,1784800232420,1784800232421,202,1.000,cold
1256,exp-cold-10000-001255-3dd61d95,1784800232420,1784800232421,202,1.000,cold
1257,exp-cold-10000-001248-596fa75b,1784800232421,1784800232421,202,0.000,cold
1258,exp-cold-10000-001251-f32345a0,1784800232421,1784800232421,202,0.000,cold
1259,exp-cold-10000-001259-7b16f7e5,1784800232421,1784800232422,202,1.000,cold
1260,exp-cold-10000-001264-b9d84844,1784800232421,1784800232422,202,1.000,cold
1261,exp-cold-10000-001263-8b925978,1784800232421,1784800232422,202,1.000,cold
1262,exp-cold-10000-001262-9f8f6805,1784800232421,1784800232422,202,1.000,cold
1263,exp-cold-10000-001265-4d8d9a20,1784800232421,1784800232422,202,1.000,cold
1264,exp-cold-10000-001258-f8c57bf8,1784800232421,1784800232422,202,1.000,cold
1265,exp-cold-10000-001272-e57c02ee,1784800232421,1784800232423,202,2.000,cold
1266,exp-cold-10000-001270-d8d92ef1,1784800232421,1784800232423,202,2.000,cold
1267,exp-cold-10000-001260-24953775,1784800232422,1784800232422,202,0.000,cold
1268,exp-cold-10000-001267-46a27fab,1784800232422,1784800232423,202,1.000,cold
1269,exp-cold-10000-001274-2580e63e,1784800232422,1784800232423,202,1.000,cold
1270,exp-cold-10000-001273-baabc718,1784800232422,1784800232423,202,1.000,cold
1271,exp-cold-10000-001276-24b0da51,1784800232422,1784800232424,202,2.000,cold
1272,exp-cold-10000-001271-e83e66f1,1784800232422,1784800232424,202,2.000,cold
1273,exp-cold-10000-001280-312bb12a,1784800232422,1784800232424,202,2.000,cold
1274,exp-cold-10000-001268-451cc556,1784800232423,1784800232423,202,0.000,cold
1275,exp-cold-10000-001266-c0f89fa8,1784800232423,1784800232423,202,0.000,cold
1276,exp-cold-10000-001278-6025725f,1784800232423,1784800232424,202,1.000,cold
1277,exp-cold-10000-001282-7ca2dcf1,1784800232423,1784800232424,202,1.000,cold
1278,exp-cold-10000-001279-e94a3ef9,1784800232423,1784800232424,202,1.000,cold
1279,exp-cold-10000-001285-4adc2a0f,1784800232423,1784800232425,202,2.000,cold
1280,exp-cold-10000-001287-2a606960,1784800232423,1784800232425,202,2.000,cold
1281,exp-cold-10000-001275-c564d182,1784800232424,1784800232424,202,0.000,cold
1282,exp-cold-10000-001269-2d8db734,1784800232424,1784800232424,202,0.000,cold
1283,exp-cold-10000-001284-0f9ac0aa,1784800232424,1784800232425,202,1.000,cold
1284,exp-cold-10000-001286-1dfa09f9,1784800232424,1784800232425,202,1.000,cold
1285,exp-cold-10000-001281-942b30d6,1784800232424,1784800232425,202,1.000,cold
1286,exp-cold-10000-001277-f393715d,1784800232424,1784800232425,202,1.000,cold
1287,exp-cold-10000-001294-b65af12f,1784800232424,1784800232426,202,2.000,cold
1288,exp-cold-10000-001283-c9614f28,1784800232425,1784800232425,202,0.000,cold
1289,exp-cold-10000-001290-36bb4e7d,1784800232425,1784800232426,202,1.000,cold
1290,exp-cold-10000-001292-4f18eb68,1784800232425,1784800232426,202,1.000,cold
1291,exp-cold-10000-001293-96966ff7,1784800232425,1784800232426,202,1.000,cold
1292,exp-cold-10000-001291-24e105a5,1784800232425,1784800232426,202,1.000,cold
1293,exp-cold-10000-001299-4cca9490,1784800232425,1784800232427,202,2.000,cold
1294,exp-cold-10000-001288-ef93cbc7,1784800232426,1784800232426,202,0.000,cold
1295,exp-cold-10000-001289-b4104bba,1784800232426,1784800232426,202,0.000,cold
1296,exp-cold-10000-001297-d9e3286b,1784800232426,1784800232427,202,1.000,cold
1297,exp-cold-10000-001296-c8414d32,1784800232426,1784800232427,202,1.000,cold
1298,exp-cold-10000-001305-8a81388a,1784800232426,1784800232428,202,2.000,cold
1299,exp-cold-10000-001302-5f038d86,1784800232426,1784800232428,202,2.000,cold
1300,exp-cold-10000-001306-9c112002,1784800232426,1784800232429,202,3.000,cold
1301,exp-cold-10000-001295-ad6b3c24,1784800232427,1784800232427,202,0.000,cold
1302,exp-cold-10000-001307-a3ab5801,1784800232427,1784800232428,202,1.000,cold
1303,exp-cold-10000-001303-b370a205,1784800232427,1784800232428,202,1.000,cold
1304,exp-cold-10000-001304-72f754c6,1784800232427,1784800232428,202,1.000,cold
1305,exp-cold-10000-001308-a0ac7a15,1784800232427,1784800232429,202,2.000,cold
1306,exp-cold-10000-001300-948ca3c9,1784800232428,1784800232428,202,0.000,cold
1307,exp-cold-10000-001298-48b2f788,1784800232428,1784800232428,202,0.000,cold
1308,exp-cold-10000-001310-7844b25c,1784800232428,1784800232429,202,1.000,cold
1309,exp-cold-10000-001311-39f9bda6,1784800232428,1784800232429,202,1.000,cold
1310,exp-cold-10000-001312-65d71b84,1784800232428,1784800232430,202,2.000,cold
1311,exp-cold-10000-001314-acba8755,1784800232428,1784800232430,202,2.000,cold
1312,exp-cold-10000-001313-5412f659,1784800232428,1784800232430,202,2.000,cold
1313,exp-cold-10000-001309-cf6ee617,1784800232429,1784800232429,202,0.000,cold
1314,exp-cold-10000-001301-bd69d4fc,1784800232429,1784800232429,202,0.000,cold
1315,exp-cold-10000-001317-56c196e2,1784800232429,1784800232430,202,1.000,cold
1316,exp-cold-10000-001318-c8938e5c,1784800232430,1784800232431,202,1.000,cold
1317,exp-cold-10000-001316-3c325fcb,1784800232430,1784800232431,202,1.000,cold
1318,exp-cold-10000-001315-fe54acff,1784800232430,1784800232431,202,1.000,cold
1319,exp-cold-10000-001326-d75a3049,1784800232430,1784800232432,202,2.000,cold
1320,exp-cold-10000-001322-fa6aaa41,1784800232431,1784800232432,202,1.000,cold
1321,exp-cold-10000-001320-51d9fc31,1784800232431,1784800232432,202,1.000,cold
1322,exp-cold-10000-001325-62e58f80,1784800232431,1784800232432,202,1.000,cold
1323,exp-cold-10000-001319-41ede1ac,1784800232431,1784800232432,202,1.000,cold
1324,exp-cold-10000-001329-5d2349d1,1784800232431,1784800232433,202,2.000,cold
1325,exp-cold-10000-001332-efc6bfb8,1784800232431,1784800232433,202,2.000,cold
1326,exp-cold-10000-001340-1a6d1987,1784800232431,1784800232434,202,3.000,cold
1327,exp-cold-10000-001321-09da6b79,1784800232432,1784800232432,202,0.000,cold
1328,exp-cold-10000-001328-1347974e,1784800232432,1784800232433,202,1.000,cold
1329,exp-cold-10000-001330-9b459d48,1784800232432,1784800232433,202,1.000,cold
1330,exp-cold-10000-001333-12002a87,1784800232432,1784800232433,202,1.000,cold
1331,exp-cold-10000-001331-078eb875,1784800232432,1784800232433,202,1.000,cold
1332,exp-cold-10000-001334-58d3f709,1784800232432,1784800232433,202,1.000,cold
1333,exp-cold-10000-001323-b16a8a60,1784800232432,1784800232433,202,1.000,cold
1334,exp-cold-10000-001324-3bf35d26,1784800232433,1784800232433,202,0.000,cold
1335,exp-cold-10000-001327-a8285ec2,1784800232433,1784800232433,202,0.000,cold
1336,exp-cold-10000-001336-abb9088e,1784800232433,1784800232434,202,1.000,cold
1337,exp-cold-10000-001339-857183ec,1784800232433,1784800232434,202,1.000,cold
1338,exp-cold-10000-001341-e3a040f6,1784800232433,1784800232434,202,1.000,cold
1339,exp-cold-10000-001337-c924f5cf,1784800232433,1784800232434,202,1.000,cold
1340,exp-cold-10000-001342-5db89e3d,1784800232433,1784800232434,202,1.000,cold
1341,exp-cold-10000-001338-91f7fc65,1784800232433,1784800232434,202,1.000,cold
1342,exp-cold-10000-001335-8214f331,1784800232434,1784800232434,202,0.000,cold
1343,exp-cold-10000-001346-63bf1b3d,1784800232434,1784800232435,202,1.000,cold
1344,exp-cold-10000-001343-4a21b21c,1784800232434,1784800232435,202,1.000,cold
1345,exp-cold-10000-001347-ef33f176,1784800232434,1784800232435,202,1.000,cold
1346,exp-cold-10000-001348-835d258a,1784800232434,1784800232435,202,1.000,cold
1347,exp-cold-10000-001344-a9edc8fc,1784800232434,1784800232435,202,1.000,cold
1348,exp-cold-10000-001345-463375ce,1784800232434,1784800232435,202,1.000,cold
1349,exp-cold-10000-001350-5f9bf4b4,1784800232435,1784800232436,202,1.000,cold
1350,exp-cold-10000-001349-74a7a668,1784800232435,1784800232436,202,1.000,cold
1351,exp-cold-10000-001355-4b30776e,1784800232436,1784800232437,202,1.000,cold
1352,exp-cold-10000-001356-b53d3a0a,1784800232436,1784800232437,202,1.000,cold
1353,exp-cold-10000-001352-227d1144,1784800232436,1784800232437,202,1.000,cold
1354,exp-cold-10000-001358-9e9dbf7f,1784800232436,1784800232437,202,1.000,cold
1355,exp-cold-10000-001354-e1a25ae6,1784800232436,1784800232437,202,1.000,cold
1356,exp-cold-10000-001351-e2f57b12,1784800232436,1784800232437,202,1.000,cold
1357,exp-cold-10000-001353-677dc623,1784800232436,1784800232437,202,1.000,cold
1358,exp-cold-10000-001377-7bc9beb5,1784800232437,1784800232441,202,4.000,cold
1359,exp-cold-10000-001357-af39b4e4,1784800232438,1784800232438,202,0.000,cold
1360,exp-cold-10000-001367-3d220e94,1784800232438,1784800232440,202,2.000,cold
1361,exp-cold-10000-001366-18ebfeef,1784800232439,1784800232440,202,1.000,cold
1362,exp-cold-10000-001368-c8c6fd80,1784800232439,1784800232440,202,1.000,cold
1363,exp-cold-10000-001365-5a6b7493,1784800232439,1784800232440,202,1.000,cold
1364,exp-cold-10000-001369-8d39ffb1,1784800232439,1784800232440,202,1.000,cold
1365,exp-cold-10000-001362-7bf47ccd,1784800232439,1784800232440,202,1.000,cold
1366,exp-cold-10000-001372-2d8d5a98,1784800232439,1784800232441,202,2.000,cold
1367,exp-cold-10000-001378-ebfdb2c0,1784800232439,1784800232441,202,2.000,cold
1368,exp-cold-10000-001385-456e4464,1784800232439,1784800232442,202,3.000,cold
1369,exp-cold-10000-001361-e5a81ce3,1784800232440,1784800232440,202,0.000,cold
1370,exp-cold-10000-001363-328a850a,1784800232440,1784800232440,202,0.000,cold
1371,exp-cold-10000-001364-c9e35cce,1784800232440,1784800232440,202,0.000,cold
1372,exp-cold-10000-001360-a74362f6,1784800232440,1784800232440,202,0.000,cold
1373,exp-cold-10000-001373-473bbfbc,1784800232440,1784800232441,202,1.000,cold
1374,exp-cold-10000-001380-d2062be6,1784800232440,1784800232441,202,1.000,cold
1375,exp-cold-10000-001374-0a771ba1,1784800232440,1784800232441,202,1.000,cold
1376,exp-cold-10000-001376-01e9cf38,1784800232440,1784800232441,202,1.000,cold
1377,exp-cold-10000-001382-9e3b449a,1784800232440,1784800232441,202,1.000,cold
1378,exp-cold-10000-001375-b9bb86d6,1784800232440,1784800232441,202,1.000,cold
1379,exp-cold-10000-001370-dfa82dd9,1784800232440,1784800232441,202,1.000,cold
1380,exp-cold-10000-001389-31aec921,1784800232440,1784800232442,202,2.000,cold
1381,exp-cold-10000-001359-988315b1,1784800232440,1784800232443,202,3.000,cold
1382,exp-cold-10000-001388-2a31b279,1784800232441,1784800232442,202,1.000,cold
1383,exp-cold-10000-001390-34f24188,1784800232441,1784800232442,202,1.000,cold
1384,exp-cold-10000-001387-396b5007,1784800232441,1784800232442,202,1.000,cold
1385,exp-cold-10000-001386-7f14ca6a,1784800232441,1784800232442,202,1.000,cold
1386,exp-cold-10000-001379-c4f8a396,1784800232442,1784800232442,202,0.000,cold
1387,exp-cold-10000-001384-a9f8f83d,1784800232442,1784800232442,202,0.000,cold
1388,exp-cold-10000-001397-97237f6d,1784800232442,1784800232443,202,1.000,cold
1389,exp-cold-10000-001396-fb52a29c,1784800232442,1784800232443,202,1.000,cold
1390,exp-cold-10000-001394-24b142c6,1784800232442,1784800232443,202,1.000,cold
1391,exp-cold-10000-001398-83668c2a,1784800232442,1784800232444,202,2.000,cold
1392,exp-cold-10000-001409-30f37c74,1784800232442,1784800232444,202,2.000,cold
1393,exp-cold-10000-001391-c2441d77,1784800232443,1784800232443,202,0.000,cold
1394,exp-cold-10000-001393-90711396,1784800232443,1784800232443,202,0.000,cold
1395,exp-cold-10000-001392-0dee2e6c,1784800232443,1784800232443,202,0.000,cold
1396,exp-cold-10000-001408-e31fd574,1784800232443,1784800232444,202,1.000,cold
1397,exp-cold-10000-001407-1690b0ca,1784800232443,1784800232444,202,1.000,cold
1398,exp-cold-10000-001412-71b12aa3,1784800232443,1784800232444,202,1.000,cold
1399,exp-cold-10000-001411-90a37081,1784800232443,1784800232444,202,1.000,cold
1400,exp-cold-10000-001413-ec57b2a5,1784800232443,1784800232444,202,1.000,cold
1401,exp-cold-10000-001414-9b7f3d06,1784800232443,1784800232444,202,1.000,cold
1402,exp-cold-10000-001410-1f803370,1784800232443,1784800232444,202,1.000,cold
1403,exp-cold-10000-001406-c0acfbd9,1784800232443,1784800232444,202,1.000,cold
1404,exp-cold-10000-001371-13831ae3,1784800232443,1784800232444,202,1.000,cold
1405,exp-cold-10000-001383-e588411e,1784800232443,1784800232445,202,2.000,cold
1406,exp-cold-10000-001401-bdd20df2,1784800232444,1784800232444,202,0.000,cold
1407,exp-cold-10000-001400-57038489,1784800232444,1784800232444,202,0.000,cold
1408,exp-cold-10000-001402-588a4da1,1784800232444,1784800232444,202,0.000,cold
1409,exp-cold-10000-001403-1ec4abed,1784800232444,1784800232444,202,0.000,cold
1410,exp-cold-10000-001404-29e43b0a,1784800232444,1784800232444,202,0.000,cold
1411,exp-cold-10000-001399-4a0ef514,1784800232444,1784800232444,202,0.000,cold
1412,exp-cold-10000-001405-249b17b4,1784800232444,1784800232444,202,0.000,cold
1413,exp-cold-10000-001423-4c008330,1784800232444,1784800232445,202,1.000,cold
1414,exp-cold-10000-001421-890414bf,1784800232444,1784800232445,202,1.000,cold
1415,exp-cold-10000-001424-ec6e4d3e,1784800232444,1784800232445,202,1.000,cold
1416,exp-cold-10000-001419-8f67d8c9,1784800232444,1784800232445,202,1.000,cold
1417,exp-cold-10000-001381-b2a19f14,1784800232444,1784800232445,202,1.000,cold
1418,exp-cold-10000-001418-acf5a45d,1784800232444,1784800232445,202,1.000,cold
1419,exp-cold-10000-001420-d2bdc51f,1784800232444,1784800232445,202,1.000,cold
1420,exp-cold-10000-001422-58c32452,1784800232444,1784800232446,202,2.000,cold
1421,exp-cold-10000-001426-160d053c,1784800232444,1784800232446,202,2.000,cold
1422,exp-cold-10000-001416-77e33753,1784800232445,1784800232445,202,0.000,cold
1423,exp-cold-10000-001415-0a7ba38d,1784800232445,1784800232445,202,0.000,cold
1424,exp-cold-10000-001417-f1a18b04,1784800232445,1784800232445,202,0.000,cold
1425,exp-cold-10000-001395-0cd04605,1784800232445,1784800232445,202,0.000,cold
1426,exp-cold-10000-001430-e06a544d,1784800232445,1784800232446,202,1.000,cold
1427,exp-cold-10000-001433-d00c3b11,1784800232445,1784800232446,202,1.000,cold
1428,exp-cold-10000-001434-b2a15cab,1784800232445,1784800232446,202,1.000,cold
1429,exp-cold-10000-001436-20ebfc05,1784800232445,1784800232446,202,1.000,cold
1430,exp-cold-10000-001431-b53fd803,1784800232445,1784800232446,202,1.000,cold
1431,exp-cold-10000-001429-92b228a2,1784800232445,1784800232446,202,1.000,cold
1432,exp-cold-10000-001432-5c557a35,1784800232445,1784800232446,202,1.000,cold
1433,exp-cold-10000-001435-7d90c2d9,1784800232445,1784800232446,202,1.000,cold
1434,exp-cold-10000-001462-7ee29db5,1784800232445,1784800232448,202,3.000,cold
1435,exp-cold-10000-001427-5c156c0e,1784800232446,1784800232446,202,0.000,cold
1436,exp-cold-10000-001428-6d904000,1784800232446,1784800232446,202,0.000,cold
1437,exp-cold-10000-001425-d7a8b45d,1784800232446,1784800232446,202,0.000,cold
1438,exp-cold-10000-001440-1061f9be,1784800232446,1784800232447,202,1.000,cold
1439,exp-cold-10000-001441-f5387f26,1784800232446,1784800232447,202,1.000,cold
1440,exp-cold-10000-001446-5369a0d7,1784800232446,1784800232447,202,1.000,cold
1441,exp-cold-10000-001438-771362f4,1784800232446,1784800232447,202,1.000,cold
1442,exp-cold-10000-001461-70469d41,1784800232446,1784800232448,202,2.000,cold
1443,exp-cold-10000-001439-1b41820d,1784800232447,1784800232447,202,0.000,cold
1444,exp-cold-10000-001442-fefdc852,1784800232447,1784800232447,202,0.000,cold
1445,exp-cold-10000-001437-0553f29f,1784800232447,1784800232447,202,0.000,cold
1446,exp-cold-10000-001443-b6ff6d59,1784800232447,1784800232447,202,0.000,cold
1447,exp-cold-10000-001444-ab93b072,1784800232447,1784800232447,202,0.000,cold
1448,exp-cold-10000-001445-cc2bb873,1784800232447,1784800232447,202,0.000,cold
1449,exp-cold-10000-001456-1553c4a9,1784800232447,1784800232448,202,1.000,cold
1450,exp-cold-10000-001450-8b3a4bd1,1784800232447,1784800232448,202,1.000,cold
1451,exp-cold-10000-001455-abecea66,1784800232447,1784800232448,202,1.000,cold
1452,exp-cold-10000-001459-10d5cab9,1784800232447,1784800232448,202,1.000,cold
1453,exp-cold-10000-001458-8b5e4d33,1784800232447,1784800232448,202,1.000,cold
1454,exp-cold-10000-001457-b64e78cd,1784800232447,1784800232448,202,1.000,cold
1455,exp-cold-10000-001460-42ba38a3,1784800232447,1784800232448,202,1.000,cold
1456,exp-cold-10000-001463-14b3fb75,1784800232447,1784800232449,202,2.000,cold
1457,exp-cold-10000-001466-ade7f152,1784800232447,1784800232449,202,2.000,cold
1458,exp-cold-10000-001451-ac255b4c,1784800232448,1784800232448,202,0.000,cold
1459,exp-cold-10000-001448-df397ef7,1784800232448,1784800232448,202,0.000,cold
1460,exp-cold-10000-001452-208e7bce,1784800232448,1784800232448,202,0.000,cold
1461,exp-cold-10000-001449-b08e0bfb,1784800232448,1784800232448,202,0.000,cold
1462,exp-cold-10000-001453-39c0cf85,1784800232448,1784800232448,202,0.000,cold
1463,exp-cold-10000-001454-ff6d42e3,1784800232448,1784800232448,202,0.000,cold
1464,exp-cold-10000-001447-dd4c15fa,1784800232448,1784800232448,202,0.000,cold
1465,exp-cold-10000-001465-bffa676d,1784800232448,1784800232449,202,1.000,cold
1466,exp-cold-10000-001470-f9e5399b,1784800232448,1784800232449,202,1.000,cold
1467,exp-cold-10000-001467-2fdac16d,1784800232448,1784800232449,202,1.000,cold
1468,exp-cold-10000-001472-5836b8a2,1784800232448,1784800232449,202,1.000,cold
1469,exp-cold-10000-001471-ea8188cb,1784800232448,1784800232449,202,1.000,cold
1470,exp-cold-10000-001484-73f358e3,1784800232448,1784800232450,202,2.000,cold
1471,exp-cold-10000-001464-038dde99,1784800232449,1784800232449,202,0.000,cold
1472,exp-cold-10000-001469-53b1d190,1784800232449,1784800232449,202,0.000,cold
1473,exp-cold-10000-001468-ea9265df,1784800232449,1784800232449,202,0.000,cold
1474,exp-cold-10000-001482-fee9f79c,1784800232449,1784800232450,202,1.000,cold
1475,exp-cold-10000-001483-60485ab7,1784800232449,1784800232450,202,1.000,cold
1476,exp-cold-10000-001479-2e3cf415,1784800232449,1784800232450,202,1.000,cold
1477,exp-cold-10000-001480-d9657d8d,1784800232449,1784800232450,202,1.000,cold
1478,exp-cold-10000-001481-40bacbeb,1784800232449,1784800232450,202,1.000,cold
1479,exp-cold-10000-001473-04d0b51c,1784800232449,1784800232450,202,1.000,cold
1480,exp-cold-10000-001500-5d4eb9aa,1784800232449,1784800232451,202,2.000,cold
1481,exp-cold-10000-001475-94ee5a47,1784800232450,1784800232450,202,0.000,cold
1482,exp-cold-10000-001476-66c257d6,1784800232450,1784800232450,202,0.000,cold
1483,exp-cold-10000-001474-5342b8b3,1784800232450,1784800232450,202,0.000,cold
1484,exp-cold-10000-001477-0ba42779,1784800232450,1784800232450,202,0.000,cold
1485,exp-cold-10000-001478-7a7c4f39,1784800232450,1784800232450,202,0.000,cold
1486,exp-cold-10000-001494-8c46f118,1784800232450,1784800232451,202,1.000,cold
1487,exp-cold-10000-001497-a6f46d5d,1784800232450,1784800232451,202,1.000,cold
1488,exp-cold-10000-001498-d2a5a1c2,1784800232450,1784800232451,202,1.000,cold
1489,exp-cold-10000-001496-6ec47ff4,1784800232450,1784800232451,202,1.000,cold
1490,exp-cold-10000-001499-5b40c4a5,1784800232450,1784800232451,202,1.000,cold
1491,exp-cold-10000-001493-77070444,1784800232450,1784800232451,202,1.000,cold
1492,exp-cold-10000-001510-3665985f,1784800232450,1784800232452,202,2.000,cold
1493,exp-cold-10000-001485-61515cd3,1784800232451,1784800232451,202,0.000,cold
1494,exp-cold-10000-001487-b471356a,1784800232451,1784800232451,202,0.000,cold
1495,exp-cold-10000-001488-d55efdf7,1784800232451,1784800232451,202,0.000,cold
1496,exp-cold-10000-001489-caa6c260,1784800232451,1784800232451,202,0.000,cold
1497,exp-cold-10000-001486-5ee8ca82,1784800232451,1784800232451,202,0.000,cold
1498,exp-cold-10000-001490-c58ce400,1784800232451,1784800232451,202,0.000,cold
1499,exp-cold-10000-001492-bd5d91ab,1784800232451,1784800232451,202,0.000,cold
1500,exp-cold-10000-001491-c073d082,1784800232451,1784800232451,202,0.000,cold
1501,exp-cold-10000-001495-23136ebd,1784800232451,1784800232451,202,0.000,cold
1502,exp-cold-10000-001501-19972233,1784800232451,1784800232452,202,1.000,cold
1503,exp-cold-10000-001512-a1a1c49f,1784800232451,1784800232452,202,1.000,cold
1504,exp-cold-10000-001514-586f743f,1784800232451,1784800232452,202,1.000,cold
1505,exp-cold-10000-001511-887ad825,1784800232451,1784800232452,202,1.000,cold
1506,exp-cold-10000-001515-537203d9,1784800232451,1784800232452,202,1.000,cold
1507,exp-cold-10000-001502-d3d29dbf,1784800232452,1784800232452,202,0.000,cold
1508,exp-cold-10000-001505-6f4cda4f,1784800232452,1784800232452,202,0.000,cold
1509,exp-cold-10000-001504-2fb28212,1784800232452,1784800232452,202,0.000,cold
1510,exp-cold-10000-001503-5d085c40,1784800232452,1784800232452,202,0.000,cold
1511,exp-cold-10000-001508-42871b98,1784800232452,1784800232452,202,0.000,cold
1512,exp-cold-10000-001507-6dc08a8a,1784800232452,1784800232452,202,0.000,cold
1513,exp-cold-10000-001506-f30eaf10,1784800232452,1784800232452,202,0.000,cold
1514,exp-cold-10000-001513-70e51554,1784800232452,1784800232453,202,1.000,cold
1515,exp-cold-10000-001526-b61a68cc,1784800232452,1784800232453,202,1.000,cold
1516,exp-cold-10000-001523-c30c4953,1784800232452,1784800232453,202,1.000,cold
1517,exp-cold-10000-001527-72cf117a,1784800232452,1784800232453,202,1.000,cold
1518,exp-cold-10000-001528-ae70b632,1784800232452,1784800232453,202,1.000,cold
1519,exp-cold-10000-001530-b8ad242b,1784800232452,1784800232453,202,1.000,cold
1520,exp-cold-10000-001519-9bfe7864,1784800232452,1784800232453,202,1.000,cold
1521,exp-cold-10000-001538-cd5b679c,1784800232452,1784800232454,202,2.000,cold
1522,exp-cold-10000-001533-56200287,1784800232452,1784800232454,202,2.000,cold
1523,exp-cold-10000-001518-536424b0,1784800232453,1784800232453,202,0.000,cold
1524,exp-cold-10000-001517-bf35620c,1784800232453,1784800232453,202,0.000,cold
1525,exp-cold-10000-001521-1f468f2d,1784800232453,1784800232453,202,0.000,cold
1526,exp-cold-10000-001525-6c67f4a3,1784800232453,1784800232453,202,0.000,cold
1527,exp-cold-10000-001516-7c30d399,1784800232453,1784800232453,202,0.000,cold
1528,exp-cold-10000-001524-59a5fc9f,1784800232453,1784800232453,202,0.000,cold
1529,exp-cold-10000-001522-74e1ae31,1784800232453,1784800232453,202,0.000,cold
1530,exp-cold-10000-001520-56a1d8ab,1784800232453,1784800232453,202,0.000,cold
1531,exp-cold-10000-001509-ede81958,1784800232453,1784800232453,202,0.000,cold
1532,exp-cold-10000-001529-714b52d1,1784800232453,1784800232454,202,1.000,cold
1533,exp-cold-10000-001536-b4cd3212,1784800232453,1784800232454,202,1.000,cold
1534,exp-cold-10000-001541-72b5f963,1784800232453,1784800232454,202,1.000,cold
1535,exp-cold-10000-001539-1c451be0,1784800232453,1784800232454,202,1.000,cold
1536,exp-cold-10000-001543-38a56c1f,1784800232453,1784800232454,202,1.000,cold
1537,exp-cold-10000-001537-f2c67a9d,1784800232453,1784800232454,202,1.000,cold
1538,exp-cold-10000-001534-e3238a3d,1784800232453,1784800232454,202,1.000,cold
1539,exp-cold-10000-001532-32466507,1784800232454,1784800232454,202,0.000,cold
1540,exp-cold-10000-001531-9b0b012a,1784800232454,1784800232454,202,0.000,cold
1541,exp-cold-10000-001535-a2bc3262,1784800232454,1784800232454,202,0.000,cold
1542,exp-cold-10000-001555-a2e6fc4b,1784800232454,1784800232455,202,1.000,cold
1543,exp-cold-10000-001550-f86ac52f,1784800232454,1784800232455,202,1.000,cold
1544,exp-cold-10000-001554-49062e7e,1784800232454,1784800232455,202,1.000,cold
1545,exp-cold-10000-001556-3c59f3d5,1784800232454,1784800232455,202,1.000,cold
1546,exp-cold-10000-001558-a7fbe49b,1784800232454,1784800232455,202,1.000,cold
1547,exp-cold-10000-001557-1c22e627,1784800232454,1784800232455,202,1.000,cold
1548,exp-cold-10000-001551-7a13ec70,1784800232454,1784800232455,202,1.000,cold
1549,exp-cold-10000-001540-23898906,1784800232454,1784800232455,202,1.000,cold
1550,exp-cold-10000-001547-bffd66a3,1784800232454,1784800232455,202,1.000,cold
1551,exp-cold-10000-001552-6cca1b3f,1784800232454,1784800232455,202,1.000,cold
1552,exp-cold-10000-001542-d8804ad3,1784800232455,1784800232455,202,0.000,cold
1553,exp-cold-10000-001545-b2f6711d,1784800232455,1784800232455,202,0.000,cold
1554,exp-cold-10000-001544-fd5606ef,1784800232455,1784800232455,202,0.000,cold
1555,exp-cold-10000-001546-110fff5f,1784800232455,1784800232455,202,0.000,cold
1556,exp-cold-10000-001549-8937b63a,1784800232455,1784800232455,202,0.000,cold
1557,exp-cold-10000-001548-5d0f3497,1784800232455,1784800232455,202,0.000,cold
1558,exp-cold-10000-001563-81651b1e,1784800232455,1784800232456,202,1.000,cold
1559,exp-cold-10000-001566-68ed013e,1784800232455,1784800232456,202,1.000,cold
1560,exp-cold-10000-001562-999b30a2,1784800232455,1784800232456,202,1.000,cold
1561,exp-cold-10000-001568-24a3d2fc,1784800232455,1784800232456,202,1.000,cold
1562,exp-cold-10000-001569-664aa013,1784800232455,1784800232456,202,1.000,cold
1563,exp-cold-10000-001567-5f92427b,1784800232455,1784800232456,202,1.000,cold
1564,exp-cold-10000-001570-3d71df8f,1784800232455,1784800232456,202,1.000,cold
1565,exp-cold-10000-001581-4f4d9f02,1784800232455,1784800232457,202,2.000,cold
1566,exp-cold-10000-001583-2f862041,1784800232455,1784800232457,202,2.000,cold
1567,exp-cold-10000-001560-a76907b7,1784800232456,1784800232456,202,0.000,cold
1568,exp-cold-10000-001565-a72d2018,1784800232456,1784800232456,202,0.000,cold
1569,exp-cold-10000-001561-cf8d5ee5,1784800232456,1784800232456,202,0.000,cold
1570,exp-cold-10000-001559-9d5998d2,1784800232456,1784800232456,202,0.000,cold
1571,exp-cold-10000-001579-c8984d67,1784800232456,1784800232457,202,1.000,cold
1572,exp-cold-10000-001564-708515f7,1784800232456,1784800232457,202,1.000,cold
1573,exp-cold-10000-001580-8b595724,1784800232456,1784800232457,202,1.000,cold
1574,exp-cold-10000-001584-68af8dc9,1784800232456,1784800232457,202,1.000,cold
1575,exp-cold-10000-001582-acbca1fa,1784800232456,1784800232457,202,1.000,cold
1576,exp-cold-10000-001573-0b2c663f,1784800232456,1784800232457,202,1.000,cold
1577,exp-cold-10000-001577-8e9e047e,1784800232456,1784800232457,202,1.000,cold
1578,exp-cold-10000-001598-2f771c3f,1784800232456,1784800232458,202,2.000,cold
1579,exp-cold-10000-001571-b7a30ebb,1784800232457,1784800232457,202,0.000,cold
1580,exp-cold-10000-001575-9e6e3a2d,1784800232457,1784800232457,202,0.000,cold
1581,exp-cold-10000-001576-f86167b3,1784800232457,1784800232457,202,0.000,cold
1582,exp-cold-10000-001578-ccaf9ded,1784800232457,1784800232457,202,0.000,cold
1583,exp-cold-10000-001574-d41d6f55,1784800232457,1784800232457,202,0.000,cold
1584,exp-cold-10000-001594-6d075db7,1784800232457,1784800232458,202,1.000,cold
1585,exp-cold-10000-001593-a6eceb10,1784800232457,1784800232458,202,1.000,cold
1586,exp-cold-10000-001572-25ccaaae,1784800232457,1784800232458,202,1.000,cold
1587,exp-cold-10000-001597-8fa6e887,1784800232457,1784800232458,202,1.000,cold
1588,exp-cold-10000-001601-0460f585,1784800232457,1784800232458,202,1.000,cold
1589,exp-cold-10000-001596-e3d3e58e,1784800232457,1784800232458,202,1.000,cold
1590,exp-cold-10000-001599-276ab6c8,1784800232457,1784800232458,202,1.000,cold
1591,exp-cold-10000-001589-b7efe5ed,1784800232457,1784800232458,202,1.000,cold
1592,exp-cold-10000-001595-b916f2aa,1784800232457,1784800232458,202,1.000,cold
1593,exp-cold-10000-001600-2fce5d86,1784800232457,1784800232458,202,1.000,cold
1594,exp-cold-10000-001591-7b16b753,1784800232457,1784800232458,202,1.000,cold
1595,exp-cold-10000-001585-4d842a24,1784800232458,1784800232458,202,0.000,cold
1596,exp-cold-10000-001586-c27275f4,1784800232458,1784800232458,202,0.000,cold
1597,exp-cold-10000-001587-c0cbf765,1784800232458,1784800232458,202,0.000,cold
1598,exp-cold-10000-001590-80c1563a,1784800232458,1784800232458,202,0.000,cold
1599,exp-cold-10000-001592-8a5817d9,1784800232458,1784800232458,202,0.000,cold
1600,exp-cold-10000-001588-4bff0b4f,1784800232458,1784800232458,202,0.000,cold
1601,exp-cold-10000-001609-fbed759c,1784800232458,1784800232459,202,1.000,cold
1602,exp-cold-10000-001611-8a5b2b25,1784800232458,1784800232459,202,1.000,cold
1603,exp-cold-10000-001612-4cdc4476,1784800232458,1784800232459,202,1.000,cold
1604,exp-cold-10000-001553-61a5ba93,1784800232458,1784800232459,202,1.000,cold
1605,exp-cold-10000-001607-31cb0340,1784800232458,1784800232459,202,1.000,cold
1606,exp-cold-10000-001605-667d9599,1784800232458,1784800232459,202,1.000,cold
1607,exp-cold-10000-001603-607c84cc,1784800232458,1784800232459,202,1.000,cold
1608,exp-cold-10000-001613-2c6c3bdb,1784800232458,1784800232460,202,2.000,cold
1609,exp-cold-10000-001604-1bc989a8,1784800232459,1784800232459,202,0.000,cold
1610,exp-cold-10000-001602-68a2aea1,1784800232459,1784800232459,202,0.000,cold
1611,exp-cold-10000-001606-c3568ec5,1784800232459,1784800232459,202,0.000,cold
1612,exp-cold-10000-001608-428dd860,1784800232459,1784800232459,202,0.000,cold
1613,exp-cold-10000-001610-43c4860b,1784800232459,1784800232459,202,0.000,cold
1614,exp-cold-10000-001616-72bcf16a,1784800232459,1784800232460,202,1.000,cold
1615,exp-cold-10000-001623-0188b3b5,1784800232459,1784800232460,202,1.000,cold
1616,exp-cold-10000-001622-3fb3a69c,1784800232459,1784800232460,202,1.000,cold
1617,exp-cold-10000-001615-6adf8c59,1784800232460,1784800232460,202,0.000,cold
1618,exp-cold-10000-001617-6abf03cc,1784800232460,1784800232460,202,0.000,cold
1619,exp-cold-10000-001619-066847ad,1784800232460,1784800232460,202,0.000,cold
1620,exp-cold-10000-001620-6efc6bf5,1784800232460,1784800232460,202,0.000,cold
1621,exp-cold-10000-001614-ec133a4a,1784800232460,1784800232460,202,0.000,cold
1622,exp-cold-10000-001618-110b2d53,1784800232460,1784800232460,202,0.000,cold
1623,exp-cold-10000-001621-5d6450ba,1784800232460,1784800232460,202,0.000,cold
1624,exp-cold-10000-001626-3354a052,1784800232460,1784800232461,202,1.000,cold
1625,exp-cold-10000-001631-14e2872c,1784800232460,1784800232461,202,1.000,cold
1626,exp-cold-10000-001633-d8d4c3f0,1784800232460,1784800232461,202,1.000,cold
1627,exp-cold-10000-001632-46d938c7,1784800232460,1784800232461,202,1.000,cold
1628,exp-cold-10000-001634-0963a893,1784800232460,1784800232461,202,1.000,cold
1629,exp-cold-10000-001636-3f6ac23d,1784800232460,1784800232461,202,1.000,cold
1630,exp-cold-10000-001629-d2bf90cf,1784800232460,1784800232461,202,1.000,cold
1631,exp-cold-10000-001630-d92c037c,1784800232460,1784800232461,202,1.000,cold
1632,exp-cold-10000-001624-8e5a15a7,1784800232461,1784800232461,202,0.000,cold
1633,exp-cold-10000-001628-5bc1f1ce,1784800232461,1784800232461,202,0.000,cold
1634,exp-cold-10000-001627-21d1bf8b,1784800232461,1784800232461,202,0.000,cold
1635,exp-cold-10000-001625-ade0c1a5,1784800232461,1784800232461,202,0.000,cold
1636,exp-cold-10000-001641-e608de04,1784800232461,1784800232462,202,1.000,cold
1637,exp-cold-10000-001640-00742db9,1784800232461,1784800232462,202,1.000,cold
1638,exp-cold-10000-001642-0d1d2be9,1784800232461,1784800232462,202,1.000,cold
1639,exp-cold-10000-001644-b1ad51a4,1784800232461,1784800232462,202,1.000,cold
1640,exp-cold-10000-001647-01a60536,1784800232461,1784800232462,202,1.000,cold
1641,exp-cold-10000-001645-8565d2ea,1784800232461,1784800232462,202,1.000,cold
1642,exp-cold-10000-001643-63856140,1784800232461,1784800232462,202,1.000,cold
1643,exp-cold-10000-001648-31b37d10,1784800232461,1784800232462,202,1.000,cold
1644,exp-cold-10000-001637-6add75d3,1784800232461,1784800232462,202,1.000,cold
1645,exp-cold-10000-001638-8bcc7cb7,1784800232462,1784800232462,202,0.000,cold
1646,exp-cold-10000-001639-e887153a,1784800232462,1784800232462,202,0.000,cold
1647,exp-cold-10000-001635-322e3f31,1784800232462,1784800232462,202,0.000,cold
1648,exp-cold-10000-001657-90f13c60,1784800232462,1784800232463,202,1.000,cold
1649,exp-cold-10000-001655-361d3b76,1784800232462,1784800232463,202,1.000,cold
1650,exp-cold-10000-001661-4c05623c,1784800232462,1784800232463,202,1.000,cold
1651,exp-cold-10000-001659-e5beddf7,1784800232462,1784800232463,202,1.000,cold
1652,exp-cold-10000-001651-c8db5b29,1784800232462,1784800232463,202,1.000,cold
1653,exp-cold-10000-001654-806a4b19,1784800232462,1784800232463,202,1.000,cold
1654,exp-cold-10000-001646-090d700f,1784800232462,1784800232463,202,1.000,cold
1655,exp-cold-10000-001656-6d25b9b8,1784800232462,1784800232463,202,1.000,cold
1656,exp-cold-10000-001650-e2cdea3b,1784800232463,1784800232463,202,0.000,cold
1657,exp-cold-10000-001649-4e9e6ecc,1784800232463,1784800232463,202,0.000,cold
1658,exp-cold-10000-001652-035f01e9,1784800232463,1784800232463,202,0.000,cold
1659,exp-cold-10000-001653-0780c04a,1784800232463,1784800232463,202,0.000,cold
1660,exp-cold-10000-001669-4207f8de,1784800232463,1784800232464,202,1.000,cold
1661,exp-cold-10000-001668-e7385ef4,1784800232463,1784800232464,202,1.000,cold
1662,exp-cold-10000-001670-e674ba03,1784800232463,1784800232464,202,1.000,cold
1663,exp-cold-10000-001672-38279f30,1784800232463,1784800232464,202,1.000,cold
1664,exp-cold-10000-001660-f9be2c9c,1784800232463,1784800232464,202,1.000,cold
1665,exp-cold-10000-001673-3c3d4adc,1784800232463,1784800232464,202,1.000,cold
1666,exp-cold-10000-001671-b5991f6f,1784800232463,1784800232464,202,1.000,cold
1667,exp-cold-10000-001666-a89a5f1e,1784800232463,1784800232464,202,1.000,cold
1668,exp-cold-10000-001676-b35214a2,1784800232463,1784800232465,202,2.000,cold
1669,exp-cold-10000-001662-73518da9,1784800232464,1784800232464,202,0.000,cold
1670,exp-cold-10000-001664-2ce7f621,1784800232464,1784800232464,202,0.000,cold
1671,exp-cold-10000-001658-1bc2faf2,1784800232464,1784800232464,202,0.000,cold
1672,exp-cold-10000-001663-986780b5,1784800232464,1784800232464,202,0.000,cold
1673,exp-cold-10000-001665-65890100,1784800232464,1784800232464,202,0.000,cold
1674,exp-cold-10000-001667-47917dd0,1784800232464,1784800232464,202,0.000,cold
1675,exp-cold-10000-001681-2f873422,1784800232464,1784800232465,202,1.000,cold
1676,exp-cold-10000-001677-ba647dd1,1784800232464,1784800232465,202,1.000,cold
1677,exp-cold-10000-001680-ae1f6807,1784800232464,1784800232465,202,1.000,cold
1678,exp-cold-10000-001679-4b89b8ee,1784800232464,1784800232465,202,1.000,cold
1679,exp-cold-10000-001682-fe81dcae,1784800232464,1784800232465,202,1.000,cold
1680,exp-cold-10000-001685-2f93b788,1784800232464,1784800232465,202,1.000,cold
1681,exp-cold-10000-001687-fea214dc,1784800232464,1784800232465,202,1.000,cold
1682,exp-cold-10000-001683-4c7a7eea,1784800232464,1784800232465,202,1.000,cold
1683,exp-cold-10000-001684-af36cde2,1784800232464,1784800232465,202,1.000,cold
1684,exp-cold-10000-001686-994c2df5,1784800232464,1784800232465,202,1.000,cold
1685,exp-cold-10000-001678-5f71315d,1784800232464,1784800232465,202,1.000,cold
1686,exp-cold-10000-001703-a2d4d546,1784800232464,1784800232466,202,2.000,cold
1687,exp-cold-10000-001702-971fa5de,1784800232464,1784800232466,202,2.000,cold
1688,exp-cold-10000-001674-c4df4fa0,1784800232465,1784800232465,202,0.000,cold
1689,exp-cold-10000-001675-4ad8f092,1784800232465,1784800232465,202,0.000,cold
1690,exp-cold-10000-001698-ff492360,1784800232465,1784800232466,202,1.000,cold
1691,exp-cold-10000-001700-4e4cd770,1784800232465,1784800232466,202,1.000,cold
1692,exp-cold-10000-001697-6ce99a38,1784800232465,1784800232466,202,1.000,cold
1693,exp-cold-10000-001690-bb82839f,1784800232465,1784800232466,202,1.000,cold
1694,exp-cold-10000-001688-ba5c6756,1784800232466,1784800232466,202,0.000,cold
1695,exp-cold-10000-001692-952766a1,1784800232466,1784800232466,202,0.000,cold
1696,exp-cold-10000-001694-3cb0ae7d,1784800232466,1784800232466,202,0.000,cold
1697,exp-cold-10000-001695-3bb5135b,1784800232466,1784800232466,202,0.000,cold
1698,exp-cold-10000-001691-e5d659cf,1784800232466,1784800232466,202,0.000,cold
1699,exp-cold-10000-001696-5205fab7,1784800232466,1784800232466,202,0.000,cold
1700,exp-cold-10000-001689-1d1f66d4,1784800232466,1784800232466,202,0.000,cold
1701,exp-cold-10000-001693-969fd503,1784800232466,1784800232466,202,0.000,cold
1702,exp-cold-10000-001710-1d89a259,1784800232466,1784800232467,202,1.000,cold
1703,exp-cold-10000-001714-ccb5c05f,1784800232466,1784800232467,202,1.000,cold
1704,exp-cold-10000-001715-dc6ed3a7,1784800232466,1784800232467,202,1.000,cold
1705,exp-cold-10000-001716-728d075f,1784800232466,1784800232467,202,1.000,cold
1706,exp-cold-10000-001709-b784b2de,1784800232466,1784800232467,202,1.000,cold
1707,exp-cold-10000-001718-47d7f323,1784800232466,1784800232467,202,1.000,cold
1708,exp-cold-10000-001713-69872adc,1784800232466,1784800232467,202,1.000,cold
1709,exp-cold-10000-001719-3425eb66,1784800232466,1784800232467,202,1.000,cold
1710,exp-cold-10000-001701-1398f8e3,1784800232466,1784800232467,202,1.000,cold
1711,exp-cold-10000-001717-d65777ff,1784800232466,1784800232467,202,1.000,cold
1712,exp-cold-10000-001711-374aa66c,1784800232466,1784800232467,202,1.000,cold
1713,exp-cold-10000-001725-81aad0fe,1784800232466,1784800232468,202,2.000,cold
1714,exp-cold-10000-001706-5cb753ed,1784800232467,1784800232467,202,0.000,cold
1715,exp-cold-10000-001708-edd7b0f3,1784800232467,1784800232467,202,0.000,cold
1716,exp-cold-10000-001704-c21978d3,1784800232467,1784800232467,202,0.000,cold
1717,exp-cold-10000-001707-0e0d3b59,1784800232467,1784800232467,202,0.000,cold
1718,exp-cold-10000-001699-17f7ba0f,1784800232467,1784800232467,202,0.000,cold
1719,exp-cold-10000-001705-4c1a3b42,1784800232467,1784800232467,202,0.000,cold
1720,exp-cold-10000-001712-ac2ca671,1784800232467,1784800232467,202,0.000,cold
1721,exp-cold-10000-001722-611e7fb3,1784800232467,1784800232468,202,1.000,cold
1722,exp-cold-10000-001729-fccc1c6e,1784800232467,1784800232468,202,1.000,cold
1723,exp-cold-10000-001730-543e6baa,1784800232467,1784800232468,202,1.000,cold
1724,exp-cold-10000-001720-7a7f45cc,1784800232467,1784800232468,202,1.000,cold
1725,exp-cold-10000-001731-2797e618,1784800232467,1784800232468,202,1.000,cold
1726,exp-cold-10000-001732-b6836e50,1784800232467,1784800232468,202,1.000,cold
1727,exp-cold-10000-001721-56f83d5f,1784800232468,1784800232468,202,0.000,cold
1728,exp-cold-10000-001723-f529fb07,1784800232468,1784800232468,202,0.000,cold
1729,exp-cold-10000-001726-73ded886,1784800232468,1784800232468,202,0.000,cold
1730,exp-cold-10000-001727-2de0bf31,1784800232468,1784800232468,202,0.000,cold
1731,exp-cold-10000-001724-589fbd01,1784800232468,1784800232468,202,0.000,cold
1732,exp-cold-10000-001728-b65eda32,1784800232468,1784800232468,202,0.000,cold
1733,exp-cold-10000-001739-d9b93f9f,1784800232468,1784800232469,202,1.000,cold
1734,exp-cold-10000-001743-27f12bb3,1784800232468,1784800232469,202,1.000,cold
1735,exp-cold-10000-001744-54fa545e,1784800232468,1784800232469,202,1.000,cold
1736,exp-cold-10000-001741-bf862295,1784800232468,1784800232469,202,1.000,cold
1737,exp-cold-10000-001747-a3379008,1784800232468,1784800232469,202,1.000,cold
1738,exp-cold-10000-001742-10306524,1784800232468,1784800232469,202,1.000,cold
1739,exp-cold-10000-001745-925762bd,1784800232468,1784800232469,202,1.000,cold
1740,exp-cold-10000-001753-47d5ce60,1784800232468,1784800232470,202,2.000,cold
1741,exp-cold-10000-001735-71c195cd,1784800232469,1784800232469,202,0.000,cold
1742,exp-cold-10000-001733-35b6d1c3,1784800232469,1784800232469,202,0.000,cold
1743,exp-cold-10000-001737-e81fb1b5,1784800232469,1784800232469,202,0.000,cold
1744,exp-cold-10000-001736-0d6c3f4d,1784800232469,1784800232469,202,0.000,cold
1745,exp-cold-10000-001738-078188f0,1784800232469,1784800232469,202,0.000,cold
1746,exp-cold-10000-001740-c0b89546,1784800232469,1784800232469,202,0.000,cold
1747,exp-cold-10000-001734-c734cf22,1784800232469,1784800232469,202,0.000,cold
1748,exp-cold-10000-001756-b6a0f532,1784800232469,1784800232470,202,1.000,cold
1749,exp-cold-10000-001757-0e6af6d0,1784800232469,1784800232470,202,1.000,cold
1750,exp-cold-10000-001754-19914cc9,1784800232469,1784800232470,202,1.000,cold
1751,exp-cold-10000-001761-0fbae8b6,1784800232469,1784800232470,202,1.000,cold
1752,exp-cold-10000-001762-696b4563,1784800232469,1784800232470,202,1.000,cold
1753,exp-cold-10000-001759-d0a9fb24,1784800232469,1784800232470,202,1.000,cold
1754,exp-cold-10000-001758-ae44f77c,1784800232469,1784800232470,202,1.000,cold
1755,exp-cold-10000-001746-d1cc5461,1784800232470,1784800232470,202,0.000,cold
1756,exp-cold-10000-001748-095bea87,1784800232470,1784800232470,202,0.000,cold
1757,exp-cold-10000-001749-bfeb1691,1784800232470,1784800232470,202,0.000,cold
1758,exp-cold-10000-001751-66818541,1784800232470,1784800232470,202,0.000,cold
1759,exp-cold-10000-001750-1b6ef663,1784800232470,1784800232470,202,0.000,cold
1760,exp-cold-10000-001752-c09305f4,1784800232470,1784800232470,202,0.000,cold
1761,exp-cold-10000-001755-2bba8e53,1784800232470,1784800232470,202,0.000,cold
1762,exp-cold-10000-001769-dc02d680,1784800232470,1784800232471,202,1.000,cold
1763,exp-cold-10000-001771-fbecc10e,1784800232470,1784800232471,202,1.000,cold
1764,exp-cold-10000-001774-e37f84a5,1784800232470,1784800232471,202,1.000,cold
1765,exp-cold-10000-001776-236e9540,1784800232470,1784800232471,202,1.000,cold
1766,exp-cold-10000-001766-be258e9e,1784800232470,1784800232471,202,1.000,cold
1767,exp-cold-10000-001773-7f793f34,1784800232470,1784800232471,202,1.000,cold
1768,exp-cold-10000-001770-3dfbe115,1784800232470,1784800232471,202,1.000,cold
1769,exp-cold-10000-001760-dc7887a3,1784800232470,1784800232471,202,1.000,cold
1770,exp-cold-10000-001764-cf3b583e,1784800232471,1784800232471,202,0.000,cold
1771,exp-cold-10000-001763-aaa6af95,1784800232471,1784800232471,202,0.000,cold
1772,exp-cold-10000-001765-044499b7,1784800232471,1784800232471,202,0.000,cold
1773,exp-cold-10000-001767-300eac34,1784800232471,1784800232471,202,0.000,cold
1774,exp-cold-10000-001768-28d15a9c,1784800232471,1784800232471,202,0.000,cold
1775,exp-cold-10000-001785-f79ea94b,1784800232471,1784800232472,202,1.000,cold
1776,exp-cold-10000-001786-b20fb65c,1784800232471,1784800232472,202,1.000,cold
1777,exp-cold-10000-001788-98bb9d72,1784800232471,1784800232472,202,1.000,cold
1778,exp-cold-10000-001784-5d2be40f,1784800232471,1784800232472,202,1.000,cold
1779,exp-cold-10000-001789-7fcb2f4f,1784800232471,1784800232472,202,1.000,cold
1780,exp-cold-10000-001778-934755bd,1784800232471,1784800232472,202,1.000,cold
1781,exp-cold-10000-001782-caa71599,1784800232471,1784800232472,202,1.000,cold
1782,exp-cold-10000-001787-e530e2c1,1784800232471,1784800232472,202,1.000,cold
1783,exp-cold-10000-001772-e6c875f2,1784800232471,1784800232472,202,1.000,cold
1784,exp-cold-10000-001777-8ab5b0ec,1784800232472,1784800232472,202,0.000,cold
1785,exp-cold-10000-001780-30d8002e,1784800232472,1784800232472,202,0.000,cold
1786,exp-cold-10000-001779-8b19447f,1784800232472,1784800232472,202,0.000,cold
1787,exp-cold-10000-001781-b5e3adac,1784800232472,1784800232472,202,0.000,cold
1788,exp-cold-10000-001775-e62c93d8,1784800232472,1784800232472,202,0.000,cold
1789,exp-cold-10000-001783-98097e4d,1784800232472,1784800232472,202,0.000,cold
1790,exp-cold-10000-001799-bb688025,1784800232472,1784800232473,202,1.000,cold
1791,exp-cold-10000-001796-1a991f83,1784800232472,1784800232473,202,1.000,cold
1792,exp-cold-10000-001800-c6692fc8,1784800232472,1784800232473,202,1.000,cold
1793,exp-cold-10000-001798-521348c4,1784800232472,1784800232473,202,1.000,cold
1794,exp-cold-10000-001802-584af76c,1784800232472,1784800232473,202,1.000,cold
1795,exp-cold-10000-001795-92fe8a3f,1784800232472,1784800232473,202,1.000,cold
1796,exp-cold-10000-001792-5afd03ff,1784800232473,1784800232473,202,0.000,cold
1797,exp-cold-10000-001794-64de9876,1784800232473,1784800232473,202,0.000,cold
1798,exp-cold-10000-001791-dedf49f8,1784800232473,1784800232473,202,0.000,cold
1799,exp-cold-10000-001797-75eda86e,1784800232473,1784800232473,202,0.000,cold
1800,exp-cold-10000-001790-101186eb,1784800232473,1784800232473,202,0.000,cold
1801,exp-cold-10000-001793-98bfdb56,1784800232473,1784800232473,202,0.000,cold
1802,exp-cold-10000-001808-dd324a6e,1784800232473,1784800232474,202,1.000,cold
1803,exp-cold-10000-001804-7a0307a1,1784800232473,1784800232474,202,1.000,cold
1804,exp-cold-10000-001814-035a8a3d,1784800232473,1784800232474,202,1.000,cold
1805,exp-cold-10000-001815-513c81dd,1784800232473,1784800232474,202,1.000,cold
1806,exp-cold-10000-001817-163bc75c,1784800232473,1784800232474,202,1.000,cold
1807,exp-cold-10000-001810-8c70f4cc,1784800232473,1784800232474,202,1.000,cold
1808,exp-cold-10000-001813-4489cf81,1784800232473,1784800232474,202,1.000,cold
1809,exp-cold-10000-001816-eee7c64d,1784800232473,1784800232474,202,1.000,cold
1810,exp-cold-10000-001803-f6d7c80f,1784800232474,1784800232474,202,0.000,cold
1811,exp-cold-10000-001806-b75d3f47,1784800232474,1784800232474,202,0.000,cold
1812,exp-cold-10000-001801-ec1664c1,1784800232474,1784800232474,202,0.000,cold
1813,exp-cold-10000-001807-702e7e3b,1784800232474,1784800232474,202,0.000,cold
1814,exp-cold-10000-001805-87cdb8b4,1784800232474,1784800232474,202,0.000,cold
1815,exp-cold-10000-001809-a9b17b08,1784800232474,1784800232474,202,0.000,cold
1816,exp-cold-10000-001812-d22ed458,1784800232474,1784800232474,202,0.000,cold
1817,exp-cold-10000-001811-7012f2e7,1784800232474,1784800232474,202,0.000,cold
1818,exp-cold-10000-001818-cc027a83,1784800232474,1784800232475,202,1.000,cold
1819,exp-cold-10000-001826-823110c7,1784800232474,1784800232475,202,1.000,cold
1820,exp-cold-10000-001828-ae153ba2,1784800232474,1784800232475,202,1.000,cold
1821,exp-cold-10000-001824-758465d7,1784800232474,1784800232475,202,1.000,cold
1822,exp-cold-10000-001819-182fce52,1784800232474,1784800232475,202,1.000,cold
1823,exp-cold-10000-001820-7edb4775,1784800232474,1784800232475,202,1.000,cold
1824,exp-cold-10000-001831-a5b55c8f,1784800232474,1784800232475,202,1.000,cold
1825,exp-cold-10000-001833-77b841c1,1784800232474,1784800232475,202,1.000,cold
1826,exp-cold-10000-001821-3845addd,1784800232474,1784800232475,202,1.000,cold
1827,exp-cold-10000-001830-4b8430af,1784800232474,1784800232475,202,1.000,cold
1828,exp-cold-10000-001829-13f67145,1784800232474,1784800232475,202,1.000,cold
1829,exp-cold-10000-001832-3d003abc,1784800232474,1784800232475,202,1.000,cold
1830,exp-cold-10000-001825-dd509bed,1784800232474,1784800232475,202,1.000,cold
1831,exp-cold-10000-001823-34adb9cf,1784800232475,1784800232475,202,0.000,cold
1832,exp-cold-10000-001822-db2b28ca,1784800232475,1784800232475,202,0.000,cold
1833,exp-cold-10000-001827-b4c403f3,1784800232475,1784800232475,202,0.000,cold
1834,exp-cold-10000-001845-d9aeff1d,1784800232475,1784800232476,202,1.000,cold
1835,exp-cold-10000-001843-789bea89,1784800232475,1784800232476,202,1.000,cold
1836,exp-cold-10000-001841-b9c6e14c,1784800232475,1784800232476,202,1.000,cold
1837,exp-cold-10000-001835-0fadd4d8,1784800232475,1784800232476,202,1.000,cold
1838,exp-cold-10000-001844-d72d481a,1784800232475,1784800232476,202,1.000,cold
1839,exp-cold-10000-001848-9abc5e1a,1784800232475,1784800232476,202,1.000,cold
1840,exp-cold-10000-001834-a6b6942b,1784800232475,1784800232476,202,1.000,cold
1841,exp-cold-10000-001846-ff97cbd2,1784800232475,1784800232476,202,1.000,cold
1842,exp-cold-10000-001838-492e7b4f,1784800232475,1784800232476,202,1.000,cold
1843,exp-cold-10000-001847-6085f2e1,1784800232475,1784800232476,202,1.000,cold
1844,exp-cold-10000-001842-cc57ada7,1784800232475,1784800232476,202,1.000,cold
1845,exp-cold-10000-001858-d161fd5a,1784800232475,1784800232477,202,2.000,cold
1846,exp-cold-10000-001836-55452bf9,1784800232476,1784800232476,202,0.000,cold
1847,exp-cold-10000-001837-0a70dc3c,1784800232476,1784800232476,202,0.000,cold
1848,exp-cold-10000-001839-7d06e6f9,1784800232476,1784800232476,202,0.000,cold
1849,exp-cold-10000-001840-59fabf7f,1784800232476,1784800232476,202,0.000,cold
1850,exp-cold-10000-001860-db412f98,1784800232476,1784800232477,202,1.000,cold
1851,exp-cold-10000-001857-8b042bc3,1784800232476,1784800232477,202,1.000,cold
1852,exp-cold-10000-001861-1800ba66,1784800232476,1784800232477,202,1.000,cold
1853,exp-cold-10000-001859-f1b1e1c7,1784800232476,1784800232477,202,1.000,cold
1854,exp-cold-10000-001865-bba6eaed,1784800232476,1784800232478,202,2.000,cold
1855,exp-cold-10000-001851-1467e646,1784800232477,1784800232477,202,0.000,cold
1856,exp-cold-10000-001850-ab9c51c0,1784800232477,1784800232477,202,0.000,cold
1857,exp-cold-10000-001855-1f7755d3,1784800232477,1784800232477,202,0.000,cold
1858,exp-cold-10000-001852-1dc663d5,1784800232477,1784800232477,202,0.000,cold
1859,exp-cold-10000-001854-d6625003,1784800232477,1784800232477,202,0.000,cold
1860,exp-cold-10000-001849-020051be,1784800232477,1784800232477,202,0.000,cold
1861,exp-cold-10000-001853-53cb3369,1784800232477,1784800232477,202,0.000,cold
1862,exp-cold-10000-001856-14a00c80,1784800232477,1784800232477,202,0.000,cold
1863,exp-cold-10000-001871-1b571930,1784800232477,1784800232478,202,1.000,cold
1864,exp-cold-10000-001872-8cc6141e,1784800232477,1784800232478,202,1.000,cold
1865,exp-cold-10000-001870-b2977260,1784800232477,1784800232478,202,1.000,cold
1866,exp-cold-10000-001863-f618aa79,1784800232477,1784800232478,202,1.000,cold
1867,exp-cold-10000-001868-0c0a08b7,1784800232477,1784800232478,202,1.000,cold
1868,exp-cold-10000-001864-01f9eb76,1784800232477,1784800232478,202,1.000,cold
1869,exp-cold-10000-001877-77a44208,1784800232477,1784800232478,202,1.000,cold
1870,exp-cold-10000-001873-42bd4ef1,1784800232477,1784800232478,202,1.000,cold
1871,exp-cold-10000-001875-d559d7dc,1784800232477,1784800232478,202,1.000,cold
1872,exp-cold-10000-001874-53e7656f,1784800232477,1784800232478,202,1.000,cold
1873,exp-cold-10000-001869-740043d2,1784800232477,1784800232478,202,1.000,cold
1874,exp-cold-10000-001884-2e3c6bb4,1784800232477,1784800232479,202,2.000,cold
1875,exp-cold-10000-001862-75d4de05,1784800232478,1784800232478,202,0.000,cold
1876,exp-cold-10000-001883-d5dc04ca,1784800232478,1784800232479,202,1.000,cold
1877,exp-cold-10000-001876-d06d431c,1784800232478,1784800232479,202,1.000,cold
1878,exp-cold-10000-001866-8a91a858,1784800232478,1784800232479,202,1.000,cold
1879,exp-cold-10000-001880-8cd37ece,1784800232478,1784800232479,202,1.000,cold
1880,exp-cold-10000-001888-502f4e70,1784800232478,1784800232480,202,2.000,cold
1881,exp-cold-10000-001891-45cc4be4,1784800232478,1784800232480,202,2.000,cold
1882,exp-cold-10000-001895-574e99af,1784800232478,1784800232480,202,2.000,cold
1883,exp-cold-10000-001867-64f68d99,1784800232479,1784800232479,202,0.000,cold
1884,exp-cold-10000-001878-95db6c86,1784800232479,1784800232479,202,0.000,cold
1885,exp-cold-10000-001879-758f2f37,1784800232479,1784800232479,202,0.000,cold
1886,exp-cold-10000-001881-ab879302,1784800232479,1784800232479,202,0.000,cold
1887,exp-cold-10000-001882-7595d19a,1784800232479,1784800232479,202,0.000,cold
1888,exp-cold-10000-001896-92ba7b24,1784800232479,1784800232480,202,1.000,cold
1889,exp-cold-10000-001897-970f48e4,1784800232479,1784800232480,202,1.000,cold
1890,exp-cold-10000-001898-a06950ad,1784800232479,1784800232480,202,1.000,cold
1891,exp-cold-10000-001886-5b06438a,1784800232479,1784800232480,202,1.000,cold
1892,exp-cold-10000-001885-1ef54e70,1784800232479,1784800232480,202,1.000,cold
1893,exp-cold-10000-001905-3b29a9ac,1784800232479,1784800232481,202,2.000,cold
1894,exp-cold-10000-001887-ba8022b4,1784800232480,1784800232480,202,0.000,cold
1895,exp-cold-10000-001889-561b6704,1784800232480,1784800232480,202,0.000,cold
1896,exp-cold-10000-001892-ce369b75,1784800232480,1784800232480,202,0.000,cold
1897,exp-cold-10000-001893-29670861,1784800232480,1784800232480,202,0.000,cold
1898,exp-cold-10000-001890-1c4255b1,1784800232480,1784800232480,202,0.000,cold
1899,exp-cold-10000-001894-a105cdd2,1784800232480,1784800232480,202,0.000,cold
1900,exp-cold-10000-001907-acf20a71,1784800232480,1784800232481,202,1.000,cold
1901,exp-cold-10000-001908-aad57cd9,1784800232480,1784800232481,202,1.000,cold
1902,exp-cold-10000-001909-66e0ab50,1784800232480,1784800232481,202,1.000,cold
1903,exp-cold-10000-001906-d848a4f6,1784800232480,1784800232481,202,1.000,cold
1904,exp-cold-10000-001901-f06970a2,1784800232480,1784800232481,202,1.000,cold
1905,exp-cold-10000-001914-e7c7d4da,1784800232480,1784800232482,202,2.000,cold
1906,exp-cold-10000-001899-ec7dfe4c,1784800232481,1784800232481,202,0.000,cold
1907,exp-cold-10000-001900-f548fe5e,1784800232481,1784800232481,202,0.000,cold
1908,exp-cold-10000-001904-1591d23d,1784800232481,1784800232481,202,0.000,cold
1909,exp-cold-10000-001902-d6524d44,1784800232481,1784800232481,202,0.000,cold
1910,exp-cold-10000-001903-50bb6026,1784800232481,1784800232481,202,0.000,cold
1911,exp-cold-10000-001912-8797a2eb,1784800232481,1784800232482,202,1.000,cold
1912,exp-cold-10000-001920-cd5504f6,1784800232481,1784800232482,202,1.000,cold
1913,exp-cold-10000-001915-0cd16e13,1784800232481,1784800232482,202,1.000,cold
1914,exp-cold-10000-001919-561fe247,1784800232481,1784800232482,202,1.000,cold
1915,exp-cold-10000-001926-b49aab9d,1784800232481,1784800232483,202,2.000,cold
1916,exp-cold-10000-001910-b3cca8df,1784800232482,1784800232482,202,0.000,cold
1917,exp-cold-10000-001911-3340e3ee,1784800232482,1784800232482,202,0.000,cold
1918,exp-cold-10000-001913-86ad4dda,1784800232482,1784800232482,202,0.000,cold
1919,exp-cold-10000-001916-4c8afd12,1784800232482,1784800232482,202,0.000,cold
1920,exp-cold-10000-001918-d308a068,1784800232482,1784800232482,202,0.000,cold
1921,exp-cold-10000-001917-a956a7d7,1784800232482,1784800232482,202,0.000,cold
1922,exp-cold-10000-001922-5b1cfc56,1784800232482,1784800232483,202,1.000,cold
1923,exp-cold-10000-001923-8689ec12,1784800232482,1784800232483,202,1.000,cold
1924,exp-cold-10000-001927-50331b68,1784800232482,1784800232483,202,1.000,cold
1925,exp-cold-10000-001929-80e1e4c1,1784800232482,1784800232483,202,1.000,cold
1926,exp-cold-10000-001930-ffecbdab,1784800232482,1784800232483,202,1.000,cold
1927,exp-cold-10000-001928-82b46cf8,1784800232482,1784800232483,202,1.000,cold
1928,exp-cold-10000-001924-9c199a6f,1784800232482,1784800232483,202,1.000,cold
1929,exp-cold-10000-001921-75509c79,1784800232483,1784800232483,202,0.000,cold
1930,exp-cold-10000-001925-45f27c19,1784800232483,1784800232483,202,0.000,cold
1931,exp-cold-10000-001937-2b0768e3,1784800232483,1784800232484,202,1.000,cold
1932,exp-cold-10000-001938-d76e478a,1784800232483,1784800232484,202,1.000,cold
1933,exp-cold-10000-001936-16015dc9,1784800232483,1784800232484,202,1.000,cold
1934,exp-cold-10000-001935-41e0d00e,1784800232483,1784800232484,202,1.000,cold
1935,exp-cold-10000-001949-6684570e,1784800232483,1784800232485,202,2.000,cold
1936,exp-cold-10000-001953-2b26efad,1784800232483,1784800232486,202,3.000,cold
1937,exp-cold-10000-001931-3d74d8b9,1784800232484,1784800232484,202,0.000,cold
1938,exp-cold-10000-001932-cd6e46e1,1784800232484,1784800232484,202,0.000,cold
1939,exp-cold-10000-001933-abb6e9e9,1784800232484,1784800232484,202,0.000,cold
1940,exp-cold-10000-001934-8a52da54,1784800232484,1784800232484,202,0.000,cold
1941,exp-cold-10000-001950-79a3ef84,1784800232484,1784800232485,202,1.000,cold
1942,exp-cold-10000-001941-05ec4cea,1784800232484,1784800232485,202,1.000,cold
1943,exp-cold-10000-001951-d679f607,1784800232484,1784800232485,202,1.000,cold
1944,exp-cold-10000-001952-2eab90bc,1784800232484,1784800232485,202,1.000,cold
1945,exp-cold-10000-001948-76c6fe3f,1784800232484,1784800232485,202,1.000,cold
1946,exp-cold-10000-001947-395f88a1,1784800232484,1784800232485,202,1.000,cold
1947,exp-cold-10000-001945-02968ad5,1784800232484,1784800232485,202,1.000,cold
1948,exp-cold-10000-001957-a7ae3609,1784800232484,1784800232486,202,2.000,cold
1949,exp-cold-10000-001963-2b226037,1784800232484,1784800232487,202,3.000,cold
1950,exp-cold-10000-001940-56a91fb4,1784800232485,1784800232485,202,0.000,cold
1951,exp-cold-10000-001942-874926d3,1784800232485,1784800232485,202,0.000,cold
1952,exp-cold-10000-001939-1c03286f,1784800232485,1784800232485,202,0.000,cold
1953,exp-cold-10000-001943-3b69fc4d,1784800232485,1784800232485,202,0.000,cold
1954,exp-cold-10000-001944-63eb0568,1784800232485,1784800232485,202,0.000,cold
1955,exp-cold-10000-001946-874afd74,1784800232485,1784800232485,202,0.000,cold
1956,exp-cold-10000-001958-6ba139fd,1784800232485,1784800232486,202,1.000,cold
1957,exp-cold-10000-001959-a3664af7,1784800232485,1784800232486,202,1.000,cold
1958,exp-cold-10000-001961-f53a1074,1784800232485,1784800232486,202,1.000,cold
1959,exp-cold-10000-001964-5b1050af,1784800232485,1784800232486,202,1.000,cold
1960,exp-cold-10000-001960-c43c9984,1784800232485,1784800232486,202,1.000,cold
1961,exp-cold-10000-001954-6ed33153,1784800232485,1784800232486,202,1.000,cold
1962,exp-cold-10000-001972-cc4c1dd7,1784800232485,1784800232487,202,2.000,cold
1963,exp-cold-10000-001983-a3c263c8,1784800232485,1784800232488,202,3.000,cold
1964,exp-cold-10000-001956-59275544,1784800232486,1784800232486,202,0.000,cold
1965,exp-cold-10000-001955-e5313161,1784800232486,1784800232486,202,0.000,cold
1966,exp-cold-10000-001965-f04df519,1784800232486,1784800232487,202,1.000,cold
1967,exp-cold-10000-001973-c2aec6e0,1784800232486,1784800232487,202,1.000,cold
1968,exp-cold-10000-001966-9551648d,1784800232486,1784800232487,202,1.000,cold
1969,exp-cold-10000-001971-ac1390d2,1784800232486,1784800232487,202,1.000,cold
1970,exp-cold-10000-001970-8011b832,1784800232486,1784800232487,202,1.000,cold
1971,exp-cold-10000-001968-bd821742,1784800232486,1784800232487,202,1.000,cold
1972,exp-cold-10000-001967-a34eb693,1784800232487,1784800232487,202,0.000,cold
1973,exp-cold-10000-001962-ee505d75,1784800232487,1784800232487,202,0.000,cold
1974,exp-cold-10000-001969-405f1781,1784800232487,1784800232487,202,0.000,cold
1975,exp-cold-10000-001979-ac609a88,1784800232487,1784800232488,202,1.000,cold
1976,exp-cold-10000-001982-886da464,1784800232487,1784800232488,202,1.000,cold
1977,exp-cold-10000-001981-4f44f7b2,1784800232487,1784800232488,202,1.000,cold
1978,exp-cold-10000-001974-3f066025,1784800232487,1784800232488,202,1.000,cold
1979,exp-cold-10000-001984-596de59e,1784800232487,1784800232488,202,1.000,cold
1980,exp-cold-10000-001998-88002cae,1784800232487,1784800232489,202,2.000,cold
1981,exp-cold-10000-001995-5f9aad99,1784800232487,1784800232489,202,2.000,cold
1982,exp-cold-10000-001975-925fed75,1784800232488,1784800232488,202,0.000,cold
1983,exp-cold-10000-001977-2d3ef085,1784800232488,1784800232488,202,0.000,cold
1984,exp-cold-10000-001976-06c3b864,1784800232488,1784800232488,202,0.000,cold
1985,exp-cold-10000-001978-42b809a6,1784800232488,1784800232488,202,0.000,cold
1986,exp-cold-10000-001980-c4345d33,1784800232488,1784800232488,202,0.000,cold
1987,exp-cold-10000-001994-b24fc324,1784800232488,1784800232489,202,1.000,cold
1988,exp-cold-10000-001990-e60b8106,1784800232488,1784800232489,202,1.000,cold
1989,exp-cold-10000-001989-9d6fd125,1784800232488,1784800232489,202,1.000,cold
1990,exp-cold-10000-001993-5e91bb2f,1784800232488,1784800232489,202,1.000,cold
1991,exp-cold-10000-001997-b7bc0d32,1784800232488,1784800232489,202,1.000,cold
1992,exp-cold-10000-001992-ae8520a7,1784800232488,1784800232489,202,1.000,cold
1993,exp-cold-10000-001996-7213a6f4,1784800232488,1784800232489,202,1.000,cold
1994,exp-cold-10000-002000-8c020a77,1784800232488,1784800232489,202,1.000,cold
1995,exp-cold-10000-001986-e8963000,1784800232488,1784800232489,202,1.000,cold
1996,exp-cold-10000-001999-575f1120,1784800232488,1784800232489,202,1.000,cold
1997,exp-cold-10000-001987-cfd2a350,1784800232489,1784800232489,202,0.000,cold
1998,exp-cold-10000-001985-2e8ff3ae,1784800232489,1784800232489,202,0.000,cold
1999,exp-cold-10000-001991-fbeb7efc,1784800232489,1784800232489,202,0.000,cold
2000,exp-cold-10000-002009-3592f745,1784800232489,1784800232490,202,1.000,cold
2001,exp-cold-10000-002005-79720c77,1784800232489,1784800232490,202,1.000,cold
2002,exp-cold-10000-002003-743d891e,1784800232490,1784800232490,202,0.000,cold
2003,exp-cold-10000-002002-a9975167,1784800232490,1784800232490,202,0.000,cold
2004,exp-cold-10000-001988-0307795f,1784800232490,1784800232490,202,0.000,cold
2005,exp-cold-10000-002001-a4f5af6a,1784800232490,1784800232490,202,0.000,cold
2006,exp-cold-10000-002006-665d9559,1784800232490,1784800232490,202,0.000,cold
2007,exp-cold-10000-002004-47755bb2,1784800232490,1784800232490,202,0.000,cold
2008,exp-cold-10000-002007-55d94559,1784800232490,1784800232490,202,0.000,cold
2009,exp-cold-10000-002008-8218db27,1784800232490,1784800232490,202,0.000,cold
2010,exp-cold-10000-002011-bfa804cf,1784800232490,1784800232491,202,1.000,cold
2011,exp-cold-10000-002018-b511b875,1784800232490,1784800232491,202,1.000,cold
2012,exp-cold-10000-002017-d37bcabb,1784800232490,1784800232491,202,1.000,cold
2013,exp-cold-10000-002022-9ecdaf3f,1784800232490,1784800232491,202,1.000,cold
2014,exp-cold-10000-002016-98b5ee78,1784800232490,1784800232492,202,2.000,cold
2015,exp-cold-10000-002024-59eb96aa,1784800232490,1784800232492,202,2.000,cold
2016,exp-cold-10000-002046-9f14363a,1784800232490,1784800232493,202,3.000,cold
2017,exp-cold-10000-002021-114b6b64,1784800232491,1784800232491,202,0.000,cold
2018,exp-cold-10000-002020-09762659,1784800232491,1784800232491,202,0.000,cold
2019,exp-cold-10000-002010-1b61e4ce,1784800232491,1784800232491,202,0.000,cold
2020,exp-cold-10000-002023-8b54db30,1784800232491,1784800232491,202,0.000,cold
2021,exp-cold-10000-002030-5c85b2f0,1784800232491,1784800232492,202,1.000,cold
2022,exp-cold-10000-002029-147b0df0,1784800232491,1784800232492,202,1.000,cold
2023,exp-cold-10000-002032-d4341d02,1784800232491,1784800232492,202,1.000,cold
2024,exp-cold-10000-002019-40471f81,1784800232491,1784800232492,202,1.000,cold
2025,exp-cold-10000-002027-19d07393,1784800232492,1784800232492,202,0.000,cold
2026,exp-cold-10000-002014-35ecfcc2,1784800232492,1784800232492,202,0.000,cold
2027,exp-cold-10000-002013-cff8220d,1784800232492,1784800232492,202,0.000,cold
2028,exp-cold-10000-002026-36897e1b,1784800232492,1784800232492,202,0.000,cold
2029,exp-cold-10000-002028-7f8e948c,1784800232492,1784800232492,202,0.000,cold
2030,exp-cold-10000-002012-76b3a88e,1784800232492,1784800232492,202,0.000,cold
2031,exp-cold-10000-002015-fb63496a,1784800232492,1784800232492,202,0.000,cold
2032,exp-cold-10000-002025-08f3ef9d,1784800232492,1784800232492,202,0.000,cold
2033,exp-cold-10000-002040-f990bc0e,1784800232492,1784800232493,202,1.000,cold
2034,exp-cold-10000-002036-ec651843,1784800232492,1784800232493,202,1.000,cold
2035,exp-cold-10000-002034-5d58e10e,1784800232492,1784800232493,202,1.000,cold
2036,exp-cold-10000-002042-e85966ac,1784800232492,1784800232493,202,1.000,cold
2037,exp-cold-10000-002047-fcddcf38,1784800232492,1784800232493,202,1.000,cold
2038,exp-cold-10000-002044-5d5e945e,1784800232492,1784800232493,202,1.000,cold
2039,exp-cold-10000-002038-8703e73a,1784800232492,1784800232493,202,1.000,cold
2040,exp-cold-10000-002043-1e7a2736,1784800232492,1784800232493,202,1.000,cold
2041,exp-cold-10000-002041-09bca704,1784800232492,1784800232494,202,2.000,cold
2042,exp-cold-10000-002053-ea3f3c2b,1784800232492,1784800232494,202,2.000,cold
2043,exp-cold-10000-002063-85cc11f9,1784800232492,1784800232495,202,3.000,cold
2044,exp-cold-10000-002035-1c02ad72,1784800232493,1784800232493,202,0.000,cold
2045,exp-cold-10000-002037-5cc03679,1784800232493,1784800232493,202,0.000,cold
2046,exp-cold-10000-002033-0f776e00,1784800232493,1784800232493,202,0.000,cold
2047,exp-cold-10000-002031-866c25e2,1784800232493,1784800232493,202,0.000,cold
2048,exp-cold-10000-002039-40da1881,1784800232493,1784800232493,202,0.000,cold
2049,exp-cold-10000-002058-e3edb13b,1784800232493,1784800232494,202,1.000,cold
2050,exp-cold-10000-002049-bb49fc36,1784800232493,1784800232494,202,1.000,cold
2051,exp-cold-10000-002059-bfa8aeb5,1784800232493,1784800232494,202,1.000,cold
2052,exp-cold-10000-002056-019ef2b9,1784800232493,1784800232494,202,1.000,cold
2053,exp-cold-10000-002045-99e12a92,1784800232493,1784800232494,202,1.000,cold
2054,exp-cold-10000-002057-0f1fdbc5,1784800232493,1784800232494,202,1.000,cold
2055,exp-cold-10000-002051-fe4d9267,1784800232494,1784800232494,202,0.000,cold
2056,exp-cold-10000-002048-7f20e15c,1784800232494,1784800232494,202,0.000,cold
2057,exp-cold-10000-002054-f343e436,1784800232494,1784800232494,202,0.000,cold
2058,exp-cold-10000-002055-930d1a55,1784800232494,1784800232494,202,0.000,cold
2059,exp-cold-10000-002052-4a065c3e,1784800232494,1784800232494,202,0.000,cold
2060,exp-cold-10000-002050-2fa1b43a,1784800232494,1784800232494,202,0.000,cold
2061,exp-cold-10000-002069-554ebf75,1784800232494,1784800232495,202,1.000,cold
2062,exp-cold-10000-002061-e06ef725,1784800232494,1784800232495,202,1.000,cold
2063,exp-cold-10000-002073-eb2b937f,1784800232494,1784800232495,202,1.000,cold
2064,exp-cold-10000-002074-8df8cb83,1784800232494,1784800232495,202,1.000,cold
2065,exp-cold-10000-002072-0e0f7703,1784800232494,1784800232495,202,1.000,cold
2066,exp-cold-10000-002071-d3bc2b51,1784800232494,1784800232495,202,1.000,cold
2067,exp-cold-10000-002060-a12f3c69,1784800232495,1784800232495,202,0.000,cold
2068,exp-cold-10000-002062-631157a6,1784800232495,1784800232495,202,0.000,cold
2069,exp-cold-10000-002067-cf4e53ae,1784800232495,1784800232495,202,0.000,cold
2070,exp-cold-10000-002064-9ed18db5,1784800232495,1784800232495,202,0.000,cold
2071,exp-cold-10000-002065-e30757af,1784800232495,1784800232495,202,0.000,cold
2072,exp-cold-10000-002068-2b76878a,1784800232495,1784800232495,202,0.000,cold
2073,exp-cold-10000-002070-440097fd,1784800232495,1784800232495,202,0.000,cold
2074,exp-cold-10000-002066-052c5e6d,1784800232495,1784800232495,202,0.000,cold
2075,exp-cold-10000-002081-e7fabcc0,1784800232495,1784800232496,202,1.000,cold
2076,exp-cold-10000-002085-9e26149c,1784800232495,1784800232496,202,1.000,cold
2077,exp-cold-10000-002086-c7a72062,1784800232495,1784800232496,202,1.000,cold
2078,exp-cold-10000-002089-f7bca250,1784800232495,1784800232496,202,1.000,cold
2079,exp-cold-10000-002087-fa3c78a8,1784800232495,1784800232496,202,1.000,cold
2080,exp-cold-10000-002084-b1f09134,1784800232495,1784800232496,202,1.000,cold
2081,exp-cold-10000-002076-4861ab3d,1784800232495,1784800232496,202,1.000,cold
2082,exp-cold-10000-002100-120bf2a6,1784800232495,1784800232497,202,2.000,cold
2083,exp-cold-10000-002075-cb99ed56,1784800232496,1784800232496,202,0.000,cold
2084,exp-cold-10000-002077-bfc0fa33,1784800232496,1784800232496,202,0.000,cold
2085,exp-cold-10000-002078-7fd36801,1784800232496,1784800232496,202,0.000,cold
2086,exp-cold-10000-002079-efcb4798,1784800232496,1784800232496,202,0.000,cold
2087,exp-cold-10000-002082-5e185483,1784800232496,1784800232496,202,0.000,cold
2088,exp-cold-10000-002083-a9b9bfeb,1784800232496,1784800232496,202,0.000,cold
2089,exp-cold-10000-002080-3a139022,1784800232496,1784800232496,202,0.000,cold
2090,exp-cold-10000-002099-145126be,1784800232496,1784800232497,202,1.000,cold
2091,exp-cold-10000-002095-9c03c6b3,1784800232496,1784800232497,202,1.000,cold
2092,exp-cold-10000-002098-ee27557c,1784800232496,1784800232497,202,1.000,cold
2093,exp-cold-10000-002103-765b88fd,1784800232496,1784800232497,202,1.000,cold
2094,exp-cold-10000-002092-08408253,1784800232496,1784800232497,202,1.000,cold
2095,exp-cold-10000-002096-b924d6c9,1784800232496,1784800232497,202,1.000,cold
2096,exp-cold-10000-002102-57e141bd,1784800232496,1784800232497,202,1.000,cold
2097,exp-cold-10000-002101-7a98ca43,1784800232496,1784800232497,202,1.000,cold
2098,exp-cold-10000-002090-16bec819,1784800232497,1784800232497,202,0.000,cold
2099,exp-cold-10000-002091-8f92e5d5,1784800232497,1784800232497,202,0.000,cold
2100,exp-cold-10000-002088-49906526,1784800232497,1784800232497,202,0.000,cold
2101,exp-cold-10000-002093-1b56a24b,1784800232497,1784800232497,202,0.000,cold
2102,exp-cold-10000-002094-2fc7e80f,1784800232497,1784800232497,202,0.000,cold
2103,exp-cold-10000-002097-d87811e7,1784800232497,1784800232497,202,0.000,cold
2104,exp-cold-10000-002111-6d9dade5,1784800232497,1784800232498,202,1.000,cold
2105,exp-cold-10000-002112-b2640504,1784800232497,1784800232498,202,1.000,cold
2106,exp-cold-10000-002115-a13f6698,1784800232497,1784800232498,202,1.000,cold
2107,exp-cold-10000-002116-83c27f90,1784800232497,1784800232498,202,1.000,cold
2108,exp-cold-10000-002114-42b09dc6,1784800232497,1784800232498,202,1.000,cold
2109,exp-cold-10000-002117-3ec7deb9,1784800232497,1784800232498,202,1.000,cold
2110,exp-cold-10000-002105-aac3a088,1784800232497,1784800232498,202,1.000,cold
2111,exp-cold-10000-002108-e31b394c,1784800232498,1784800232498,202,0.000,cold
2112,exp-cold-10000-002109-bcfb0e2a,1784800232498,1784800232498,202,0.000,cold
2113,exp-cold-10000-002107-4cad0b95,1784800232498,1784800232498,202,0.000,cold
2114,exp-cold-10000-002110-44cee99f,1784800232498,1784800232498,202,0.000,cold
2115,exp-cold-10000-002104-5b8b4974,1784800232498,1784800232498,202,0.000,cold
2116,exp-cold-10000-002106-ceed8894,1784800232498,1784800232498,202,0.000,cold
2117,exp-cold-10000-002113-581ad889,1784800232498,1784800232498,202,0.000,cold
2118,exp-cold-10000-002126-f4eaeb28,1784800232498,1784800232499,202,1.000,cold
2119,exp-cold-10000-002127-65edf763,1784800232498,1784800232499,202,1.000,cold
2120,exp-cold-10000-002129-dddd6d07,1784800232498,1784800232499,202,1.000,cold
2121,exp-cold-10000-002131-5245e1a0,1784800232498,1784800232499,202,1.000,cold
2122,exp-cold-10000-002130-0af68d38,1784800232498,1784800232499,202,1.000,cold
2123,exp-cold-10000-002118-f44d98a3,1784800232499,1784800232499,202,0.000,cold
2124,exp-cold-10000-002119-ce9cd983,1784800232499,1784800232499,202,0.000,cold
2125,exp-cold-10000-002121-16c7f810,1784800232499,1784800232499,202,0.000,cold
2126,exp-cold-10000-002120-acfb1899,1784800232499,1784800232499,202,0.000,cold
2127,exp-cold-10000-002123-fb5a909f,1784800232499,1784800232499,202,0.000,cold
2128,exp-cold-10000-002124-2528f7e4,1784800232499,1784800232499,202,0.000,cold
2129,exp-cold-10000-002122-9d27b161,1784800232499,1784800232499,202,0.000,cold
2130,exp-cold-10000-002135-4a2a0bee,1784800232499,1784800232500,202,1.000,cold
2131,exp-cold-10000-002138-363107ef,1784800232499,1784800232500,202,1.000,cold
2132,exp-cold-10000-002140-c851e988,1784800232499,1784800232500,202,1.000,cold
2133,exp-cold-10000-002142-860555b9,1784800232499,1784800232500,202,1.000,cold
2134,exp-cold-10000-002133-59549c63,1784800232500,1784800232500,202,0.000,cold
2135,exp-cold-10000-002134-ca0c740e,1784800232500,1784800232500,202,0.000,cold
2136,exp-cold-10000-002132-958c253d,1784800232500,1784800232500,202,0.000,cold
2137,exp-cold-10000-002128-309f8889,1784800232500,1784800232500,202,0.000,cold
2138,exp-cold-10000-002136-c0e89757,1784800232500,1784800232500,202,0.000,cold
2139,exp-cold-10000-002137-8ef017db,1784800232500,1784800232500,202,0.000,cold
2140,exp-cold-10000-002125-91adb7ce,1784800232500,1784800232500,202,0.000,cold
2141,exp-cold-10000-002147-8d199ff0,1784800232500,1784800232501,202,1.000,cold
2142,exp-cold-10000-002148-1664a593,1784800232500,1784800232501,202,1.000,cold
2143,exp-cold-10000-002146-cd26fcc7,1784800232500,1784800232501,202,1.000,cold
2144,exp-cold-10000-002150-ccfea228,1784800232500,1784800232501,202,1.000,cold
2145,exp-cold-10000-002145-6e0402d3,1784800232500,1784800232501,202,1.000,cold
2146,exp-cold-10000-002151-1f7e998b,1784800232500,1784800232501,202,1.000,cold
2147,exp-cold-10000-002139-799fa5d8,1784800232500,1784800232501,202,1.000,cold
2148,exp-cold-10000-002152-22e1a2da,1784800232500,1784800232501,202,1.000,cold
2149,exp-cold-10000-002149-f7269a4b,1784800232500,1784800232501,202,1.000,cold
2150,exp-cold-10000-002156-9deb75f1,1784800232500,1784800232502,202,2.000,cold
2151,exp-cold-10000-002143-4c688f85,1784800232501,1784800232501,202,0.000,cold
2152,exp-cold-10000-002141-37cd5ba7,1784800232501,1784800232501,202,0.000,cold
2153,exp-cold-10000-002144-b7b73eaf,1784800232501,1784800232501,202,0.000,cold
2154,exp-cold-10000-002161-5aaeb62c,1784800232501,1784800232502,202,1.000,cold
2155,exp-cold-10000-002162-6e8e4933,1784800232501,1784800232502,202,1.000,cold
2156,exp-cold-10000-002154-dbac1216,1784800232501,1784800232502,202,1.000,cold
2157,exp-cold-10000-002160-8ad152a2,1784800232501,1784800232502,202,1.000,cold
2158,exp-cold-10000-002164-cb9cfe8d,1784800232501,1784800232502,202,1.000,cold
2159,exp-cold-10000-002165-71269ca2,1784800232501,1784800232502,202,1.000,cold
2160,exp-cold-10000-002166-db8e7871,1784800232501,1784800232502,202,1.000,cold
2161,exp-cold-10000-002163-d9a29309,1784800232501,1784800232502,202,1.000,cold
2162,exp-cold-10000-002157-be329e3a,1784800232501,1784800232502,202,1.000,cold
2163,exp-cold-10000-002153-d856ed9f,1784800232502,1784800232502,202,0.000,cold
2164,exp-cold-10000-002155-2ba0b6f5,1784800232502,1784800232502,202,0.000,cold
2165,exp-cold-10000-002158-f37c6200,1784800232502,1784800232502,202,0.000,cold
2166,exp-cold-10000-002159-2027d999,1784800232502,1784800232502,202,0.000,cold
2167,exp-cold-10000-002175-cda9ce0f,1784800232502,1784800232503,202,1.000,cold
2168,exp-cold-10000-002174-308bb35e,1784800232502,1784800232503,202,1.000,cold
2169,exp-cold-10000-002177-4ef40428,1784800232502,1784800232503,202,1.000,cold
2170,exp-cold-10000-002176-d9298d7b,1784800232502,1784800232503,202,1.000,cold
2171,exp-cold-10000-002187-510c7e7c,1784800232502,1784800232504,202,2.000,cold
2172,exp-cold-10000-002191-ed0776d4,1784800232502,1784800232504,202,2.000,cold
2173,exp-cold-10000-002169-4bb3f898,1784800232503,1784800232503,202,0.000,cold
2174,exp-cold-10000-002168-6ffde1e8,1784800232503,1784800232503,202,0.000,cold
2175,exp-cold-10000-002172-af0f3fa4,1784800232503,1784800232503,202,0.000,cold
2176,exp-cold-10000-002171-054cade4,1784800232503,1784800232503,202,0.000,cold
2177,exp-cold-10000-002167-b2a59722,1784800232503,1784800232503,202,0.000,cold
2178,exp-cold-10000-002173-b1b07b63,1784800232503,1784800232503,202,0.000,cold
2179,exp-cold-10000-002170-d79ebc3b,1784800232503,1784800232503,202,0.000,cold
2180,exp-cold-10000-002188-e8e9760e,1784800232503,1784800232504,202,1.000,cold
2181,exp-cold-10000-002180-dbeae89c,1784800232503,1784800232504,202,1.000,cold
2182,exp-cold-10000-002189-782bf257,1784800232503,1784800232504,202,1.000,cold
2183,exp-cold-10000-002181-c5b8f228,1784800232503,1784800232504,202,1.000,cold
2184,exp-cold-10000-002190-0ef41f8a,1784800232503,1784800232504,202,1.000,cold
2185,exp-cold-10000-002186-bd4617e8,1784800232503,1784800232504,202,1.000,cold
2186,exp-cold-10000-002183-3cfb9e10,1784800232503,1784800232504,202,1.000,cold
2187,exp-cold-10000-002184-a834b44f,1784800232503,1784800232504,202,1.000,cold
2188,exp-cold-10000-002192-bbe2d667,1784800232503,1784800232504,202,1.000,cold
2189,exp-cold-10000-002194-b9400b88,1784800232503,1784800232505,202,2.000,cold
2190,exp-cold-10000-002179-e08ba9db,1784800232504,1784800232504,202,0.000,cold
2191,exp-cold-10000-002182-7a875ecf,1784800232504,1784800232504,202,0.000,cold
2192,exp-cold-10000-002185-6570ffb5,1784800232504,1784800232504,202,0.000,cold
2193,exp-cold-10000-002178-db1ef030,1784800232504,1784800232504,202,0.000,cold
2194,exp-cold-10000-002199-5436a9bb,1784800232504,1784800232505,202,1.000,cold
2195,exp-cold-10000-002198-8fa85142,1784800232504,1784800232505,202,1.000,cold
2196,exp-cold-10000-002201-361328c9,1784800232504,1784800232505,202,1.000,cold
2197,exp-cold-10000-002200-1896e7e4,1784800232504,1784800232505,202,1.000,cold
2198,exp-cold-10000-002195-39aa19f7,1784800232504,1784800232505,202,1.000,cold
2199,exp-cold-10000-002203-c8fedbde,1784800232504,1784800232505,202,1.000,cold
2200,exp-cold-10000-002197-bbe7a4dc,1784800232504,1784800232505,202,1.000,cold
2201,exp-cold-10000-002205-45282e97,1784800232504,1784800232506,202,2.000,cold
2202,exp-cold-10000-002193-474c87dc,1784800232505,1784800232505,202,0.000,cold
2203,exp-cold-10000-002196-8c2468f1,1784800232505,1784800232505,202,0.000,cold
2204,exp-cold-10000-002212-9f22a71c,1784800232505,1784800232506,202,1.000,cold
2205,exp-cold-10000-002209-ae39281f,1784800232505,1784800232506,202,1.000,cold
2206,exp-cold-10000-002213-44f4ba40,1784800232505,1784800232506,202,1.000,cold
2207,exp-cold-10000-002211-97d3fccd,1784800232505,1784800232506,202,1.000,cold
2208,exp-cold-10000-002202-6698d6f0,1784800232505,1784800232506,202,1.000,cold
2209,exp-cold-10000-002204-429c75fb,1784800232506,1784800232506,202,0.000,cold
2210,exp-cold-10000-002206-4e75510b,1784800232506,1784800232506,202,0.000,cold
2211,exp-cold-10000-002207-cb78c1e9,1784800232506,1784800232506,202,0.000,cold
2212,exp-cold-10000-002210-46612e06,1784800232506,1784800232506,202,0.000,cold
2213,exp-cold-10000-002208-b7c036b2,1784800232506,1784800232506,202,0.000,cold
2214,exp-cold-10000-002216-43cd72bc,1784800232506,1784800232507,202,1.000,cold
2215,exp-cold-10000-002220-e2c3bc67,1784800232506,1784800232507,202,1.000,cold
2216,exp-cold-10000-002224-71d24a03,1784800232506,1784800232507,202,1.000,cold
2217,exp-cold-10000-002222-c4acc9e9,1784800232506,1784800232507,202,1.000,cold
2218,exp-cold-10000-002225-06b6b963,1784800232506,1784800232507,202,1.000,cold
2219,exp-cold-10000-002221-90344563,1784800232506,1784800232507,202,1.000,cold
2220,exp-cold-10000-002223-224e453a,1784800232506,1784800232507,202,1.000,cold
2221,exp-cold-10000-002215-3b472913,1784800232507,1784800232507,202,0.000,cold
2222,exp-cold-10000-002219-0f04deb0,1784800232507,1784800232507,202,0.000,cold
2223,exp-cold-10000-002217-f36a5e29,1784800232507,1784800232507,202,0.000,cold
2224,exp-cold-10000-002214-e891cdae,1784800232507,1784800232507,202,0.000,cold
2225,exp-cold-10000-002218-c71f2b54,1784800232507,1784800232507,202,0.000,cold
2226,exp-cold-10000-002234-82ca13e4,1784800232507,1784800232508,202,1.000,cold
2227,exp-cold-10000-002237-cad69758,1784800232507,1784800232508,202,1.000,cold
2228,exp-cold-10000-002240-0945317d,1784800232507,1784800232508,202,1.000,cold
2229,exp-cold-10000-002239-d0c2cadd,1784800232507,1784800232508,202,1.000,cold
2230,exp-cold-10000-002238-838f8944,1784800232507,1784800232508,202,1.000,cold
2231,exp-cold-10000-002241-394f888c,1784800232507,1784800232508,202,1.000,cold
2232,exp-cold-10000-002227-3588c176,1784800232508,1784800232508,202,0.000,cold
2233,exp-cold-10000-002230-2b3563f4,1784800232508,1784800232508,202,0.000,cold
2234,exp-cold-10000-002229-3f44c9b9,1784800232508,1784800232508,202,0.000,cold
2235,exp-cold-10000-002231-c68bf3da,1784800232508,1784800232508,202,0.000,cold
2236,exp-cold-10000-002226-fcb200f7,1784800232508,1784800232508,202,0.000,cold
2237,exp-cold-10000-002236-02f0195e,1784800232508,1784800232508,202,0.000,cold
2238,exp-cold-10000-002233-a60079b5,1784800232508,1784800232508,202,0.000,cold
2239,exp-cold-10000-002232-49261314,1784800232508,1784800232508,202,0.000,cold
2240,exp-cold-10000-002228-6abbb8c8,1784800232508,1784800232508,202,0.000,cold
2241,exp-cold-10000-002249-6ed31a41,1784800232508,1784800232509,202,1.000,cold
2242,exp-cold-10000-002251-0ff2b421,1784800232508,1784800232509,202,1.000,cold
2243,exp-cold-10000-002244-5a49b0be,1784800232508,1784800232509,202,1.000,cold
2244,exp-cold-10000-002253-b625fa94,1784800232508,1784800232509,202,1.000,cold
2245,exp-cold-10000-002243-29bbee9a,1784800232508,1784800232509,202,1.000,cold
2246,exp-cold-10000-002252-b33a25d5,1784800232508,1784800232509,202,1.000,cold
2247,exp-cold-10000-002248-ab2512d6,1784800232508,1784800232510,202,2.000,cold
2248,exp-cold-10000-002264-c190dbbb,1784800232508,1784800232510,202,2.000,cold
2249,exp-cold-10000-002242-b802575f,1784800232509,1784800232509,202,0.000,cold
2250,exp-cold-10000-002247-d746908b,1784800232509,1784800232509,202,0.000,cold
2251,exp-cold-10000-002246-dd6f3567,1784800232509,1784800232509,202,0.000,cold
2252,exp-cold-10000-002235-1925d8f2,1784800232509,1784800232509,202,0.000,cold
2253,exp-cold-10000-002245-d631ada9,1784800232509,1784800232509,202,0.000,cold
2254,exp-cold-10000-002250-c3fbb72b,1784800232509,1784800232509,202,0.000,cold
2255,exp-cold-10000-002259-3a098b2b,1784800232509,1784800232510,202,1.000,cold
2256,exp-cold-10000-002261-19cefa4e,1784800232509,1784800232510,202,1.000,cold
2257,exp-cold-10000-002262-dbe86a56,1784800232509,1784800232510,202,1.000,cold
2258,exp-cold-10000-002263-62646ade,1784800232509,1784800232510,202,1.000,cold
2259,exp-cold-10000-002265-89d457a0,1784800232509,1784800232510,202,1.000,cold
2260,exp-cold-10000-002254-2424119c,1784800232509,1784800232510,202,1.000,cold
2261,exp-cold-10000-002260-9e41a908,1784800232509,1784800232510,202,1.000,cold
2262,exp-cold-10000-002290-bacd8904,1784800232509,1784800232512,202,3.000,cold
2263,exp-cold-10000-002286-a2d742b8,1784800232509,1784800232512,202,3.000,cold
2264,exp-cold-10000-002255-5b713d83,1784800232510,1784800232510,202,0.000,cold
2265,exp-cold-10000-002257-c39480b2,1784800232510,1784800232510,202,0.000,cold
2266,exp-cold-10000-002258-d9ef025f,1784800232510,1784800232510,202,0.000,cold
2267,exp-cold-10000-002256-ebeecdc1,1784800232510,1784800232510,202,0.000,cold
2268,exp-cold-10000-002274-56dbeb01,1784800232510,1784800232511,202,1.000,cold
2269,exp-cold-10000-002273-250f1538,1784800232510,1784800232511,202,1.000,cold
2270,exp-cold-10000-002272-42bc84ba,1784800232510,1784800232511,202,1.000,cold
2271,exp-cold-10000-002268-cdbd7f9e,1784800232510,1784800232511,202,1.000,cold
2272,exp-cold-10000-002276-d1afc172,1784800232510,1784800232511,202,1.000,cold
2273,exp-cold-10000-002275-b7d22f41,1784800232510,1784800232511,202,1.000,cold
2274,exp-cold-10000-002278-d0c15021,1784800232510,1784800232511,202,1.000,cold
2275,exp-cold-10000-002271-ef0a8735,1784800232510,1784800232511,202,1.000,cold
2276,exp-cold-10000-002279-e6ef60cc,1784800232510,1784800232511,202,1.000,cold
2277,exp-cold-10000-002281-c9b1e84c,1784800232510,1784800232511,202,1.000,cold
2278,exp-cold-10000-002277-93a74315,1784800232510,1784800232511,202,1.000,cold
2279,exp-cold-10000-002288-ee1612db,1784800232510,1784800232512,202,2.000,cold
2280,exp-cold-10000-002289-6ca12d8a,1784800232510,1784800232512,202,2.000,cold
2281,exp-cold-10000-002285-8aa482fc,1784800232510,1784800232512,202,2.000,cold
2282,exp-cold-10000-002284-f0b5dca8,1784800232510,1784800232512,202,2.000,cold
2283,exp-cold-10000-002287-353e98f8,1784800232510,1784800232512,202,2.000,cold
2284,exp-cold-10000-002280-ca41b096,1784800232510,1784800232512,202,2.000,cold
2285,exp-cold-10000-002283-86a1a2b2,1784800232510,1784800232512,202,2.000,cold
2286,exp-cold-10000-002266-ee10a1e2,1784800232511,1784800232511,202,0.000,cold
2287,exp-cold-10000-002267-b84daa8f,1784800232511,1784800232511,202,0.000,cold
2288,exp-cold-10000-002269-40269d08,1784800232511,1784800232511,202,0.000,cold
2289,exp-cold-10000-002270-7f265365,1784800232511,1784800232511,202,0.000,cold
2290,exp-cold-10000-002282-43589be2,1784800232512,1784800232512,202,0.000,cold
2291,exp-cold-10000-002291-b004cd45,1784800232513,1784800232514,202,1.000,cold
2292,exp-cold-10000-002297-5485e379,1784800232514,1784800232515,202,1.000,cold
2293,exp-cold-10000-002294-72d0dcea,1784800232514,1784800232515,202,1.000,cold
2294,exp-cold-10000-002295-22d854e9,1784800232514,1784800232515,202,1.000,cold
2295,exp-cold-10000-002292-64c8815b,1784800232514,1784800232515,202,1.000,cold
2296,exp-cold-10000-002296-9bf37b1d,1784800232514,1784800232515,202,1.000,cold
2297,exp-cold-10000-002293-2d8ade47,1784800232514,1784800232515,202,1.000,cold
2298,exp-cold-10000-002303-ab43530f,1784800232515,1784800232516,202,1.000,cold
2299,exp-cold-10000-002304-d9a12335,1784800232515,1784800232516,202,1.000,cold
2300,exp-cold-10000-002301-3d9e4ce3,1784800232515,1784800232516,202,1.000,cold
2301,exp-cold-10000-002298-caa37ef3,1784800232515,1784800232516,202,1.000,cold
2302,exp-cold-10000-002305-fa77b5ee,1784800232515,1784800232516,202,1.000,cold
2303,exp-cold-10000-002324-99121313,1784800232515,1784800232518,202,3.000,cold
2304,exp-cold-10000-002300-cf222a7d,1784800232516,1784800232516,202,0.000,cold
2305,exp-cold-10000-002299-348fe174,1784800232516,1784800232516,202,0.000,cold
2306,exp-cold-10000-002302-645b8e20,1784800232516,1784800232516,202,0.000,cold
2307,exp-cold-10000-002312-2ab14ce8,1784800232516,1784800232517,202,1.000,cold
2308,exp-cold-10000-002313-6649b363,1784800232516,1784800232517,202,1.000,cold
2309,exp-cold-10000-002309-9708b43b,1784800232516,1784800232517,202,1.000,cold
2310,exp-cold-10000-002308-3def3305,1784800232516,1784800232517,202,1.000,cold
2311,exp-cold-10000-002315-6cf2dcec,1784800232516,1784800232517,202,1.000,cold
2312,exp-cold-10000-002314-112b82cd,1784800232516,1784800232517,202,1.000,cold
2313,exp-cold-10000-002316-7e370580,1784800232516,1784800232517,202,1.000,cold
2314,exp-cold-10000-002307-cc513678,1784800232517,1784800232517,202,0.000,cold
2315,exp-cold-10000-002306-2d2e9cc9,1784800232517,1784800232517,202,0.000,cold
2316,exp-cold-10000-002310-45a68a9b,1784800232517,1784800232517,202,0.000,cold
2317,exp-cold-10000-002311-ef4e3d0a,1784800232517,1784800232517,202,0.000,cold
2318,exp-cold-10000-002321-d723e65b,1784800232517,1784800232518,202,1.000,cold
2319,exp-cold-10000-002317-620768ee,1784800232517,1784800232518,202,1.000,cold
2320,exp-cold-10000-002325-4eb1d74e,1784800232517,1784800232518,202,1.000,cold
2321,exp-cold-10000-002318-ebca1cc0,1784800232517,1784800232518,202,1.000,cold
2322,exp-cold-10000-002323-d79d91b7,1784800232517,1784800232518,202,1.000,cold
2323,exp-cold-10000-002322-91709fac,1784800232517,1784800232518,202,1.000,cold
2324,exp-cold-10000-002320-115f0cbb,1784800232517,1784800232518,202,1.000,cold
2325,exp-cold-10000-002338-dbb3f84a,1784800232517,1784800232519,202,2.000,cold
2326,exp-cold-10000-002319-ad72d0e3,1784800232518,1784800232518,202,0.000,cold
2327,exp-cold-10000-002328-e33e0d95,1784800232518,1784800232519,202,1.000,cold
2328,exp-cold-10000-002327-c61938c4,1784800232518,1784800232519,202,1.000,cold
2329,exp-cold-10000-002336-ec5d8d75,1784800232518,1784800232519,202,1.000,cold
2330,exp-cold-10000-002339-367e4cdc,1784800232518,1784800232519,202,1.000,cold
2331,exp-cold-10000-002335-ca7234c5,1784800232518,1784800232519,202,1.000,cold
2332,exp-cold-10000-002332-8fc51157,1784800232518,1784800232519,202,1.000,cold
2333,exp-cold-10000-002326-1cf71226,1784800232518,1784800232519,202,1.000,cold
2334,exp-cold-10000-002334-f37be6de,1784800232518,1784800232519,202,1.000,cold
2335,exp-cold-10000-002333-a806a8bc,1784800232518,1784800232519,202,1.000,cold
2336,exp-cold-10000-002329-7e48d80f,1784800232519,1784800232519,202,0.000,cold
2337,exp-cold-10000-002331-7945f307,1784800232519,1784800232519,202,0.000,cold
2338,exp-cold-10000-002330-f3822b6d,1784800232519,1784800232519,202,0.000,cold
2339,exp-cold-10000-002337-801003a7,1784800232519,1784800232519,202,0.000,cold
2340,exp-cold-10000-002347-d7e6a991,1784800232519,1784800232520,202,1.000,cold
2341,exp-cold-10000-002344-023ea69c,1784800232519,1784800232520,202,1.000,cold
2342,exp-cold-10000-002348-b04e929d,1784800232519,1784800232520,202,1.000,cold
2343,exp-cold-10000-002342-5c1f5ff2,1784800232519,1784800232520,202,1.000,cold
2344,exp-cold-10000-002341-dbca5487,1784800232519,1784800232520,202,1.000,cold
2345,exp-cold-10000-002346-4b34c3de,1784800232519,1784800232520,202,1.000,cold
2346,exp-cold-10000-002349-ed85fafd,1784800232519,1784800232520,202,1.000,cold
2347,exp-cold-10000-002345-d6440b68,1784800232519,1784800232520,202,1.000,cold
2348,exp-cold-10000-002340-b06f9e17,1784800232520,1784800232520,202,0.000,cold
2349,exp-cold-10000-002343-d2f6f841,1784800232520,1784800232520,202,0.000,cold
2350,exp-cold-10000-002355-9dde7a0a,1784800232520,1784800232521,202,1.000,cold
2351,exp-cold-10000-002353-60e69a3b,1784800232520,1784800232521,202,1.000,cold
2352,exp-cold-10000-002356-39ffd44d,1784800232520,1784800232521,202,1.000,cold
2353,exp-cold-10000-002350-806d0897,1784800232520,1784800232521,202,1.000,cold
2354,exp-cold-10000-002361-84a4d278,1784800232520,1784800232521,202,1.000,cold
2355,exp-cold-10000-002362-854b7a39,1784800232520,1784800232521,202,1.000,cold
2356,exp-cold-10000-002364-f2dc46cb,1784800232520,1784800232521,202,1.000,cold
2357,exp-cold-10000-002363-90e33dfb,1784800232520,1784800232521,202,1.000,cold
2358,exp-cold-10000-002359-957309f8,1784800232520,1784800232521,202,1.000,cold
2359,exp-cold-10000-002358-231143db,1784800232520,1784800232522,202,2.000,cold
2360,exp-cold-10000-002351-c589c1f4,1784800232521,1784800232521,202,0.000,cold
2361,exp-cold-10000-002352-2b7324d2,1784800232521,1784800232521,202,0.000,cold
2362,exp-cold-10000-002354-566dc2c4,1784800232521,1784800232521,202,0.000,cold
2363,exp-cold-10000-002357-35d18cf3,1784800232521,1784800232521,202,0.000,cold
2364,exp-cold-10000-002368-c656b7f6,1784800232521,1784800232522,202,1.000,cold
2365,exp-cold-10000-002370-24d03aaa,1784800232521,1784800232522,202,1.000,cold
2366,exp-cold-10000-002372-be34dec2,1784800232521,1784800232522,202,1.000,cold
2367,exp-cold-10000-002369-828e76ba,1784800232521,1784800232522,202,1.000,cold
2368,exp-cold-10000-002366-4e617d9f,1784800232521,1784800232522,202,1.000,cold
2369,exp-cold-10000-002373-ee0b23ed,1784800232521,1784800232522,202,1.000,cold
2370,exp-cold-10000-002374-a4a24741,1784800232521,1784800232522,202,1.000,cold
2371,exp-cold-10000-002375-99938384,1784800232521,1784800232522,202,1.000,cold
2372,exp-cold-10000-002371-98698f36,1784800232521,1784800232522,202,1.000,cold
2373,exp-cold-10000-002385-06d107b9,1784800232521,1784800232523,202,2.000,cold
2374,exp-cold-10000-002365-1d498891,1784800232522,1784800232522,202,0.000,cold
2375,exp-cold-10000-002360-d9cd0e4b,1784800232522,1784800232522,202,0.000,cold
2376,exp-cold-10000-002367-a9420d7b,1784800232522,1784800232522,202,0.000,cold
2377,exp-cold-10000-002384-29e17eb7,1784800232522,1784800232523,202,1.000,cold
2378,exp-cold-10000-002383-571fe344,1784800232522,1784800232523,202,1.000,cold
2379,exp-cold-10000-002387-9c9eef48,1784800232522,1784800232523,202,1.000,cold
2380,exp-cold-10000-002386-e9c213f5,1784800232522,1784800232523,202,1.000,cold
2381,exp-cold-10000-002382-e2e2ef69,1784800232522,1784800232523,202,1.000,cold
2382,exp-cold-10000-002376-b2507fa8,1784800232523,1784800232523,202,0.000,cold
2383,exp-cold-10000-002377-afbeff41,1784800232523,1784800232523,202,0.000,cold
2384,exp-cold-10000-002378-ca81761e,1784800232523,1784800232523,202,0.000,cold
2385,exp-cold-10000-002379-eecc679a,1784800232523,1784800232523,202,0.000,cold
2386,exp-cold-10000-002381-8550f9e0,1784800232523,1784800232523,202,0.000,cold
2387,exp-cold-10000-002398-b55abb47,1784800232523,1784800232524,202,1.000,cold
2388,exp-cold-10000-002394-b3f531ec,1784800232523,1784800232524,202,1.000,cold
2389,exp-cold-10000-002400-56d11801,1784800232523,1784800232524,202,1.000,cold
2390,exp-cold-10000-002401-43b9ffef,1784800232523,1784800232524,202,1.000,cold
2391,exp-cold-10000-002397-c61eef36,1784800232523,1784800232524,202,1.000,cold
2392,exp-cold-10000-002414-9b62df18,1784800232523,1784800232525,202,2.000,cold
2393,exp-cold-10000-002411-e6524478,1784800232523,1784800232525,202,2.000,cold
2394,exp-cold-10000-002388-2f25b878,1784800232524,1784800232524,202,0.000,cold
2395,exp-cold-10000-002389-09b2a572,1784800232524,1784800232524,202,0.000,cold
2396,exp-cold-10000-002390-0aae8998,1784800232524,1784800232524,202,0.000,cold
2397,exp-cold-10000-002393-7bd9eb0e,1784800232524,1784800232524,202,0.000,cold
2398,exp-cold-10000-002395-1e807103,1784800232524,1784800232524,202,0.000,cold
2399,exp-cold-10000-002392-03c45756,1784800232524,1784800232524,202,0.000,cold
2400,exp-cold-10000-002396-cee91974,1784800232524,1784800232524,202,0.000,cold
2401,exp-cold-10000-002391-92eba748,1784800232524,1784800232524,202,0.000,cold
2402,exp-cold-10000-002380-493f74b9,1784800232524,1784800232524,202,0.000,cold
2403,exp-cold-10000-002410-ca3bd4c6,1784800232524,1784800232525,202,1.000,cold
2404,exp-cold-10000-002407-e820c634,1784800232524,1784800232525,202,1.000,cold
2405,exp-cold-10000-002408-40dd9e48,1784800232524,1784800232525,202,1.000,cold
2406,exp-cold-10000-002412-68226814,1784800232524,1784800232525,202,1.000,cold
2407,exp-cold-10000-002413-c1c1e566,1784800232524,1784800232525,202,1.000,cold
2408,exp-cold-10000-002415-baa7249d,1784800232524,1784800232525,202,1.000,cold
2409,exp-cold-10000-002416-737a76aa,1784800232524,1784800232525,202,1.000,cold
2410,exp-cold-10000-002409-3af2c6c9,1784800232524,1784800232525,202,1.000,cold
2411,exp-cold-10000-002425-1dfd9fb3,1784800232524,1784800232526,202,2.000,cold
2412,exp-cold-10000-002427-6f10c080,1784800232524,1784800232526,202,2.000,cold
2413,exp-cold-10000-002402-a4e78bf1,1784800232525,1784800232525,202,0.000,cold
2414,exp-cold-10000-002403-d21fbebc,1784800232525,1784800232525,202,0.000,cold
2415,exp-cold-10000-002405-a89d3ed3,1784800232525,1784800232525,202,0.000,cold
2416,exp-cold-10000-002404-2d260fca,1784800232525,1784800232525,202,0.000,cold
2417,exp-cold-10000-002406-2064af7e,1784800232525,1784800232525,202,0.000,cold
2418,exp-cold-10000-002399-fa3cbe60,1784800232525,1784800232525,202,0.000,cold
2419,exp-cold-10000-002421-19214ff6,1784800232525,1784800232526,202,1.000,cold
2420,exp-cold-10000-002417-bb7eb7f3,1784800232525,1784800232526,202,1.000,cold
2421,exp-cold-10000-002429-c29f4151,1784800232525,1784800232526,202,1.000,cold
2422,exp-cold-10000-002430-38cbde7e,1784800232525,1784800232526,202,1.000,cold
2423,exp-cold-10000-002428-d7d5fba9,1784800232525,1784800232526,202,1.000,cold
2424,exp-cold-10000-002431-08568b11,1784800232525,1784800232526,202,1.000,cold
2425,exp-cold-10000-002432-e5c002bd,1784800232525,1784800232526,202,1.000,cold
2426,exp-cold-10000-002423-30a5e322,1784800232525,1784800232526,202,1.000,cold
2427,exp-cold-10000-002426-fe7ff161,1784800232525,1784800232526,202,1.000,cold
2428,exp-cold-10000-002419-03db470b,1784800232526,1784800232526,202,0.000,cold
2429,exp-cold-10000-002424-e647f25a,1784800232526,1784800232526,202,0.000,cold
2430,exp-cold-10000-002418-46f977fb,1784800232526,1784800232526,202,0.000,cold
2431,exp-cold-10000-002420-78460152,1784800232526,1784800232526,202,0.000,cold
2432,exp-cold-10000-002422-2335f9f7,1784800232526,1784800232526,202,0.000,cold
2433,exp-cold-10000-002441-ad3824b1,1784800232526,1784800232527,202,1.000,cold
2434,exp-cold-10000-002440-f4f43a84,1784800232526,1784800232527,202,1.000,cold
2435,exp-cold-10000-002442-1c521fd8,1784800232526,1784800232527,202,1.000,cold
2436,exp-cold-10000-002438-04ecf0b6,1784800232526,1784800232527,202,1.000,cold
2437,exp-cold-10000-002439-dafdd3bd,1784800232526,1784800232527,202,1.000,cold
2438,exp-cold-10000-002435-66ef9a2d,1784800232527,1784800232527,202,0.000,cold
2439,exp-cold-10000-002434-e9059480,1784800232527,1784800232527,202,0.000,cold
2440,exp-cold-10000-002433-d9e89fcc,1784800232527,1784800232527,202,0.000,cold
2441,exp-cold-10000-002436-396f4e12,1784800232527,1784800232527,202,0.000,cold
2442,exp-cold-10000-002437-18ebd739,1784800232527,1784800232527,202,0.000,cold
2443,exp-cold-10000-002451-446afbe1,1784800232527,1784800232528,202,1.000,cold
2444,exp-cold-10000-002450-c4f80e08,1784800232527,1784800232528,202,1.000,cold
2445,exp-cold-10000-002453-6f21d0bd,1784800232527,1784800232528,202,1.000,cold
2446,exp-cold-10000-002456-096fe912,1784800232527,1784800232528,202,1.000,cold
2447,exp-cold-10000-002452-c840c985,1784800232527,1784800232528,202,1.000,cold
2448,exp-cold-10000-002463-420ddba0,1784800232527,1784800232529,202,2.000,cold
2449,exp-cold-10000-002443-6d0bb28f,1784800232528,1784800232528,202,0.000,cold
2450,exp-cold-10000-002445-02692519,1784800232528,1784800232528,202,0.000,cold
2451,exp-cold-10000-002446-04ee9243,1784800232528,1784800232528,202,0.000,cold
2452,exp-cold-10000-002444-8a720736,1784800232528,1784800232528,202,0.000,cold
2453,exp-cold-10000-002447-df613b44,1784800232528,1784800232528,202,0.000,cold
2454,exp-cold-10000-002449-355fc233,1784800232528,1784800232528,202,0.000,cold
2455,exp-cold-10000-002448-b12de2d1,1784800232528,1784800232528,202,0.000,cold
2456,exp-cold-10000-002465-325a391a,1784800232528,1784800232529,202,1.000,cold
2457,exp-cold-10000-002467-bea30624,1784800232528,1784800232529,202,1.000,cold
2458,exp-cold-10000-002464-ccd665ca,1784800232528,1784800232529,202,1.000,cold
2459,exp-cold-10000-002470-8b3b5084,1784800232528,1784800232529,202,1.000,cold
2460,exp-cold-10000-002469-aef7a804,1784800232528,1784800232529,202,1.000,cold
2461,exp-cold-10000-002466-455f021e,1784800232528,1784800232529,202,1.000,cold
2462,exp-cold-10000-002455-365d30af,1784800232528,1784800232529,202,1.000,cold
2463,exp-cold-10000-002468-4d22b2b6,1784800232528,1784800232529,202,1.000,cold
2464,exp-cold-10000-002458-868706f5,1784800232529,1784800232529,202,0.000,cold
2465,exp-cold-10000-002460-d14d9162,1784800232529,1784800232529,202,0.000,cold
2466,exp-cold-10000-002462-0e2da5b5,1784800232529,1784800232529,202,0.000,cold
2467,exp-cold-10000-002459-14c07df6,1784800232529,1784800232529,202,0.000,cold
2468,exp-cold-10000-002461-49b0db5c,1784800232529,1784800232529,202,0.000,cold
2469,exp-cold-10000-002457-94745448,1784800232529,1784800232529,202,0.000,cold
2470,exp-cold-10000-002454-257aad4a,1784800232529,1784800232529,202,0.000,cold
2471,exp-cold-10000-002480-3989b68d,1784800232529,1784800232530,202,1.000,cold
2472,exp-cold-10000-002478-6be8b746,1784800232529,1784800232530,202,1.000,cold
2473,exp-cold-10000-002481-f883758a,1784800232529,1784800232530,202,1.000,cold
2474,exp-cold-10000-002482-38106ef2,1784800232529,1784800232530,202,1.000,cold
2475,exp-cold-10000-002495-af32f7de,1784800232529,1784800232531,202,2.000,cold
2476,exp-cold-10000-002474-4417fd43,1784800232530,1784800232530,202,0.000,cold
2477,exp-cold-10000-002475-a5f5b6ba,1784800232530,1784800232530,202,0.000,cold
2478,exp-cold-10000-002472-193a4c0f,1784800232530,1784800232530,202,0.000,cold
2479,exp-cold-10000-002473-cb968b9a,1784800232530,1784800232530,202,0.000,cold
2480,exp-cold-10000-002477-656c20d3,1784800232530,1784800232530,202,0.000,cold
2481,exp-cold-10000-002471-e17457a7,1784800232530,1784800232530,202,0.000,cold
2482,exp-cold-10000-002476-6542e773,1784800232530,1784800232530,202,0.000,cold
2483,exp-cold-10000-002479-447e7b6e,1784800232530,1784800232530,202,0.000,cold
2484,exp-cold-10000-002492-d2db8f61,1784800232530,1784800232531,202,1.000,cold
2485,exp-cold-10000-002489-d3d50da4,1784800232530,1784800232531,202,1.000,cold
2486,exp-cold-10000-002493-13b03cb1,1784800232530,1784800232531,202,1.000,cold
2487,exp-cold-10000-002484-b93d5320,1784800232531,1784800232531,202,0.000,cold
2488,exp-cold-10000-002483-ad565fe5,1784800232531,1784800232531,202,0.000,cold
2489,exp-cold-10000-002487-16234cb5,1784800232531,1784800232531,202,0.000,cold
2490,exp-cold-10000-002485-96c3ff8e,1784800232531,1784800232531,202,0.000,cold
2491,exp-cold-10000-002488-ca096752,1784800232531,1784800232531,202,0.000,cold
2492,exp-cold-10000-002491-6c1c1ace,1784800232531,1784800232531,202,0.000,cold
2493,exp-cold-10000-002486-00592bb4,1784800232531,1784800232531,202,0.000,cold
2494,exp-cold-10000-002490-fc6793d6,1784800232531,1784800232531,202,0.000,cold
2495,exp-cold-10000-002497-34006fa1,1784800232531,1784800232532,202,1.000,cold
2496,exp-cold-10000-002504-42541bbe,1784800232531,1784800232532,202,1.000,cold
2497,exp-cold-10000-002503-ce48581c,1784800232531,1784800232532,202,1.000,cold
2498,exp-cold-10000-002505-dfca4412,1784800232531,1784800232532,202,1.000,cold
2499,exp-cold-10000-002502-4fb30c42,1784800232531,1784800232532,202,1.000,cold
2500,exp-cold-10000-002515-50f44112,1784800232531,1784800232533,202,2.000,cold
2501,exp-cold-10000-002494-4aa5d092,1784800232532,1784800232532,202,0.000,cold
2502,exp-cold-10000-002498-0f1a9c14,1784800232532,1784800232532,202,0.000,cold
2503,exp-cold-10000-002496-788e9866,1784800232532,1784800232532,202,0.000,cold
2504,exp-cold-10000-002499-bd763fac,1784800232532,1784800232532,202,0.000,cold
2505,exp-cold-10000-002501-cfc7352a,1784800232532,1784800232532,202,0.000,cold
2506,exp-cold-10000-002500-000771c3,1784800232532,1784800232532,202,0.000,cold
2507,exp-cold-10000-002512-659f7862,1784800232532,1784800232533,202,1.000,cold
2508,exp-cold-10000-002514-d9f60708,1784800232532,1784800232533,202,1.000,cold
2509,exp-cold-10000-002517-f2b727d8,1784800232532,1784800232533,202,1.000,cold
2510,exp-cold-10000-002518-cf35dd9d,1784800232532,1784800232533,202,1.000,cold
2511,exp-cold-10000-002508-eeaa16d6,1784800232532,1784800232533,202,1.000,cold
2512,exp-cold-10000-002519-026ee15c,1784800232532,1784800232533,202,1.000,cold
2513,exp-cold-10000-002516-503b4bb5,1784800232532,1784800232533,202,1.000,cold
2514,exp-cold-10000-002513-21b8571c,1784800232532,1784800232533,202,1.000,cold
2515,exp-cold-10000-002506-26e3119b,1784800232533,1784800232533,202,0.000,cold
2516,exp-cold-10000-002507-5a4d8753,1784800232533,1784800232533,202,0.000,cold
2517,exp-cold-10000-002509-9f0667cd,1784800232533,1784800232533,202,0.000,cold
2518,exp-cold-10000-002510-208f7b3a,1784800232533,1784800232533,202,0.000,cold
2519,exp-cold-10000-002511-5c847f5e,1784800232533,1784800232533,202,0.000,cold
2520,exp-cold-10000-002533-e9fb520d,1784800232533,1784800232534,202,1.000,cold
2521,exp-cold-10000-002530-7300cbbf,1784800232533,1784800232534,202,1.000,cold
2522,exp-cold-10000-002521-bc33cee8,1784800232533,1784800232534,202,1.000,cold
2523,exp-cold-10000-002531-29211cfb,1784800232533,1784800232534,202,1.000,cold
2524,exp-cold-10000-002527-4328cf03,1784800232533,1784800232534,202,1.000,cold
2525,exp-cold-10000-002522-36398e9e,1784800232534,1784800232534,202,0.000,cold
2526,exp-cold-10000-002524-8eb4d6d0,1784800232534,1784800232534,202,0.000,cold
2527,exp-cold-10000-002525-de51915c,1784800232534,1784800232534,202,0.000,cold
2528,exp-cold-10000-002523-d500e871,1784800232534,1784800232534,202,0.000,cold
2529,exp-cold-10000-002528-cae7de31,1784800232534,1784800232534,202,0.000,cold
2530,exp-cold-10000-002529-ca1a183d,1784800232534,1784800232534,202,0.000,cold
2531,exp-cold-10000-002520-fcf713c8,1784800232534,1784800232534,202,0.000,cold
2532,exp-cold-10000-002544-148b2000,1784800232534,1784800232535,202,1.000,cold
2533,exp-cold-10000-002545-7494d55b,1784800232534,1784800232535,202,1.000,cold
2534,exp-cold-10000-002543-ba2de8c1,1784800232534,1784800232535,202,1.000,cold
2535,exp-cold-10000-002532-25fd99cb,1784800232534,1784800232535,202,1.000,cold
2536,exp-cold-10000-002546-b0dc45e5,1784800232534,1784800232535,202,1.000,cold
2537,exp-cold-10000-002538-1a5af558,1784800232534,1784800232535,202,1.000,cold
2538,exp-cold-10000-002547-58e05f4f,1784800232534,1784800232535,202,1.000,cold
2539,exp-cold-10000-002548-c02717f9,1784800232534,1784800232535,202,1.000,cold
2540,exp-cold-10000-002542-4bb1884a,1784800232534,1784800232535,202,1.000,cold
2541,exp-cold-10000-002579-baded031,1784800232534,1784800232537,202,3.000,cold
2542,exp-cold-10000-002537-44951181,1784800232535,1784800232535,202,0.000,cold
2543,exp-cold-10000-002539-9dc14d61,1784800232535,1784800232535,202,0.000,cold
2544,exp-cold-10000-002534-38ad911c,1784800232535,1784800232535,202,0.000,cold
2545,exp-cold-10000-002540-0d316139,1784800232535,1784800232535,202,0.000,cold
2546,exp-cold-10000-002535-4ae68070,1784800232535,1784800232535,202,0.000,cold
2547,exp-cold-10000-002541-c1c68a45,1784800232535,1784800232535,202,0.000,cold
2548,exp-cold-10000-002526-90ea4846,1784800232535,1784800232535,202,0.000,cold
2549,exp-cold-10000-002536-39cde116,1784800232535,1784800232535,202,0.000,cold
2550,exp-cold-10000-002561-183b7db6,1784800232535,1784800232536,202,1.000,cold
2551,exp-cold-10000-002557-91bf3f03,1784800232535,1784800232536,202,1.000,cold
2552,exp-cold-10000-002558-cce24595,1784800232535,1784800232536,202,1.000,cold
2553,exp-cold-10000-002563-5a56a6be,1784800232535,1784800232536,202,1.000,cold
2554,exp-cold-10000-002562-86b52a8c,1784800232535,1784800232536,202,1.000,cold
2555,exp-cold-10000-002553-3a1cd7b4,1784800232535,1784800232536,202,1.000,cold
2556,exp-cold-10000-002564-314284ad,1784800232535,1784800232536,202,1.000,cold
2557,exp-cold-10000-002565-cc1ebd1f,1784800232535,1784800232536,202,1.000,cold
2558,exp-cold-10000-002554-282a2003,1784800232536,1784800232536,202,0.000,cold
2559,exp-cold-10000-002550-43618aa8,1784800232536,1784800232536,202,0.000,cold
2560,exp-cold-10000-002552-fb60af29,1784800232536,1784800232536,202,0.000,cold
2561,exp-cold-10000-002549-ef2d8fe6,1784800232536,1784800232536,202,0.000,cold
2562,exp-cold-10000-002555-397ee511,1784800232536,1784800232536,202,0.000,cold
2563,exp-cold-10000-002559-0072425d,1784800232536,1784800232536,202,0.000,cold
2564,exp-cold-10000-002556-f68241c5,1784800232536,1784800232536,202,0.000,cold
2565,exp-cold-10000-002551-e9c1f635,1784800232536,1784800232536,202,0.000,cold
2566,exp-cold-10000-002573-a64eff5f,1784800232536,1784800232537,202,1.000,cold
2567,exp-cold-10000-002575-de718b13,1784800232536,1784800232537,202,1.000,cold
2568,exp-cold-10000-002574-0beeb56d,1784800232536,1784800232537,202,1.000,cold
2569,exp-cold-10000-002576-b21b5188,1784800232536,1784800232537,202,1.000,cold
2570,exp-cold-10000-002578-0256e8fa,1784800232536,1784800232537,202,1.000,cold
2571,exp-cold-10000-002577-a2afa069,1784800232536,1784800232537,202,1.000,cold
2572,exp-cold-10000-002572-f4e86ca7,1784800232536,1784800232537,202,1.000,cold
2573,exp-cold-10000-002566-6cd0b4fd,1784800232537,1784800232537,202,0.000,cold
2574,exp-cold-10000-002567-529194f0,1784800232537,1784800232537,202,0.000,cold
2575,exp-cold-10000-002560-4c9a06c8,1784800232537,1784800232537,202,0.000,cold
2576,exp-cold-10000-002569-5973b92d,1784800232537,1784800232537,202,0.000,cold
2577,exp-cold-10000-002570-bf38548d,1784800232537,1784800232537,202,0.000,cold
2578,exp-cold-10000-002571-5f773958,1784800232537,1784800232537,202,0.000,cold
2579,exp-cold-10000-002568-cd0967fe,1784800232537,1784800232537,202,0.000,cold
2580,exp-cold-10000-002584-992e85b1,1784800232537,1784800232538,202,1.000,cold
2581,exp-cold-10000-002587-853af857,1784800232537,1784800232538,202,1.000,cold
2582,exp-cold-10000-002580-c658b7db,1784800232537,1784800232538,202,1.000,cold
2583,exp-cold-10000-002588-b9ae7942,1784800232537,1784800232538,202,1.000,cold
2584,exp-cold-10000-002581-40b51527,1784800232537,1784800232538,202,1.000,cold
2585,exp-cold-10000-002589-333f1f20,1784800232537,1784800232538,202,1.000,cold
2586,exp-cold-10000-002583-966b9caf,1784800232538,1784800232538,202,0.000,cold
2587,exp-cold-10000-002582-03379043,1784800232538,1784800232538,202,0.000,cold
2588,exp-cold-10000-002585-4a5729b6,1784800232538,1784800232538,202,0.000,cold
2589,exp-cold-10000-002586-e5df53e2,1784800232538,1784800232538,202,0.000,cold
2590,exp-cold-10000-002591-08027a44,1784800232538,1784800232539,202,1.000,cold
2591,exp-cold-10000-002590-60531d53,1784800232538,1784800232539,202,1.000,cold
2592,exp-cold-10000-002599-ec1162d3,1784800232538,1784800232539,202,1.000,cold
2593,exp-cold-10000-002602-5e0ee1aa,1784800232538,1784800232539,202,1.000,cold
2594,exp-cold-10000-002604-fdd56c30,1784800232538,1784800232539,202,1.000,cold
2595,exp-cold-10000-002605-e74bcb64,1784800232538,1784800232539,202,1.000,cold
2596,exp-cold-10000-002601-e113a81f,1784800232538,1784800232539,202,1.000,cold
2597,exp-cold-10000-002603-079c38b6,1784800232538,1784800232539,202,1.000,cold
2598,exp-cold-10000-002593-aae4606a,1784800232539,1784800232539,202,0.000,cold
2599,exp-cold-10000-002592-f676e295,1784800232539,1784800232539,202,0.000,cold
2600,exp-cold-10000-002597-2c78e65d,1784800232539,1784800232539,202,0.000,cold
2601,exp-cold-10000-002594-925497df,1784800232539,1784800232539,202,0.000,cold
2602,exp-cold-10000-002600-1ae93bcd,1784800232539,1784800232539,202,0.000,cold
2603,exp-cold-10000-002595-61259ef1,1784800232539,1784800232539,202,0.000,cold
2604,exp-cold-10000-002609-29dbcab2,1784800232539,1784800232540,202,1.000,cold
2605,exp-cold-10000-002613-1a058458,1784800232539,1784800232540,202,1.000,cold
2606,exp-cold-10000-002612-0fe7d4bf,1784800232539,1784800232540,202,1.000,cold
2607,exp-cold-10000-002611-677dc283,1784800232539,1784800232540,202,1.000,cold
2608,exp-cold-10000-002596-f9b751c8,1784800232539,1784800232540,202,1.000,cold
2609,exp-cold-10000-002614-8dc4dbde,1784800232539,1784800232540,202,1.000,cold
2610,exp-cold-10000-002616-d23c3ddf,1784800232539,1784800232540,202,1.000,cold
2611,exp-cold-10000-002617-42ab2d60,1784800232539,1784800232540,202,1.000,cold
2612,exp-cold-10000-002638-4238b38b,1784800232539,1784800232542,202,3.000,cold
2613,exp-cold-10000-002606-98e48f86,1784800232540,1784800232540,202,0.000,cold
2614,exp-cold-10000-002610-fe280cb2,1784800232540,1784800232540,202,0.000,cold
2615,exp-cold-10000-002608-65823822,1784800232540,1784800232540,202,0.000,cold
2616,exp-cold-10000-002622-b579ee29,1784800232540,1784800232541,202,1.000,cold
2617,exp-cold-10000-002630-531a9d52,1784800232540,1784800232541,202,1.000,cold
2618,exp-cold-10000-002631-4f9f55ef,1784800232540,1784800232541,202,1.000,cold
2619,exp-cold-10000-002632-1ea49148,1784800232540,1784800232541,202,1.000,cold
2620,exp-cold-10000-002629-5f0a56d4,1784800232540,1784800232541,202,1.000,cold
2621,exp-cold-10000-002628-ea636fbb,1784800232540,1784800232541,202,1.000,cold
2622,exp-cold-10000-002627-1501770c,1784800232540,1784800232541,202,1.000,cold
2623,exp-cold-10000-002619-1b64d0e2,1784800232541,1784800232541,202,0.000,cold
2624,exp-cold-10000-002621-908c097c,1784800232541,1784800232541,202,0.000,cold
2625,exp-cold-10000-002620-b76a290b,1784800232541,1784800232541,202,0.000,cold
2626,exp-cold-10000-002623-4ab5b9c9,1784800232541,1784800232541,202,0.000,cold
2627,exp-cold-10000-002624-2b625a6c,1784800232541,1784800232541,202,0.000,cold
2628,exp-cold-10000-002625-a79c4eb0,1784800232541,1784800232541,202,0.000,cold
2629,exp-cold-10000-002626-6b7e2eb9,1784800232541,1784800232541,202,0.000,cold
2630,exp-cold-10000-002641-55c9f424,1784800232541,1784800232542,202,1.000,cold
2631,exp-cold-10000-002639-6c77bcdb,1784800232541,1784800232542,202,1.000,cold
2632,exp-cold-10000-002642-799e15da,1784800232541,1784800232542,202,1.000,cold
2633,exp-cold-10000-002644-e1af032e,1784800232541,1784800232542,202,1.000,cold
2634,exp-cold-10000-002640-bbaa7f8c,1784800232541,1784800232542,202,1.000,cold
2635,exp-cold-10000-002643-82c1bd9e,1784800232541,1784800232542,202,1.000,cold
2636,exp-cold-10000-002637-6f748838,1784800232541,1784800232542,202,1.000,cold
2637,exp-cold-10000-002653-a01cda24,1784800232541,1784800232543,202,2.000,cold
2638,exp-cold-10000-002651-2e9a8d7c,1784800232541,1784800232543,202,2.000,cold
2639,exp-cold-10000-002655-5df96a92,1784800232541,1784800232543,202,2.000,cold
2640,exp-cold-10000-002634-65cbb0b1,1784800232542,1784800232542,202,0.000,cold
2641,exp-cold-10000-002633-15c362d7,1784800232542,1784800232542,202,0.000,cold
2642,exp-cold-10000-002636-7285fdaf,1784800232542,1784800232542,202,0.000,cold
2643,exp-cold-10000-002635-41611269,1784800232542,1784800232542,202,0.000,cold
2644,exp-cold-10000-002598-42c9d455,1784800232542,1784800232542,202,0.000,cold
2645,exp-cold-10000-002618-1ebf0500,1784800232542,1784800232542,202,0.000,cold
2646,exp-cold-10000-002615-54ed5e8f,1784800232542,1784800232542,202,0.000,cold
2647,exp-cold-10000-002607-13a2a71a,1784800232542,1784800232542,202,0.000,cold
2648,exp-cold-10000-002649-ecc0a63c,1784800232542,1784800232543,202,1.000,cold
2649,exp-cold-10000-002652-d9106408,1784800232542,1784800232543,202,1.000,cold
2650,exp-cold-10000-002654-7ba29ff4,1784800232542,1784800232543,202,1.000,cold
2651,exp-cold-10000-002656-573d6691,1784800232542,1784800232543,202,1.000,cold
2652,exp-cold-10000-002650-df7c32d1,1784800232542,1784800232543,202,1.000,cold
2653,exp-cold-10000-002660-788a6496,1784800232542,1784800232544,202,2.000,cold
2654,exp-cold-10000-002645-ea4ec5ff,1784800232543,1784800232543,202,0.000,cold
2655,exp-cold-10000-002646-a4feec36,1784800232543,1784800232543,202,0.000,cold
2656,exp-cold-10000-002648-7be867f5,1784800232543,1784800232543,202,0.000,cold
2657,exp-cold-10000-002647-6ac6cf3e,1784800232543,1784800232543,202,0.000,cold
2658,exp-cold-10000-002658-2d0d0097,1784800232543,1784800232544,202,1.000,cold
2659,exp-cold-10000-002664-8d29d0fa,1784800232543,1784800232544,202,1.000,cold
2660,exp-cold-10000-002662-4e3b01ff,1784800232543,1784800232544,202,1.000,cold
2661,exp-cold-10000-002668-7a8789b3,1784800232543,1784800232544,202,1.000,cold
2662,exp-cold-10000-002666-b06e6556,1784800232543,1784800232544,202,1.000,cold
2663,exp-cold-10000-002665-f9e9b9d0,1784800232543,1784800232544,202,1.000,cold
2664,exp-cold-10000-002663-59c6db27,1784800232543,1784800232544,202,1.000,cold
2665,exp-cold-10000-002657-19533217,1784800232544,1784800232544,202,0.000,cold
2666,exp-cold-10000-002659-df64e79a,1784800232544,1784800232544,202,0.000,cold
2667,exp-cold-10000-002661-da8dc6fe,1784800232544,1784800232544,202,0.000,cold
2668,exp-cold-10000-002673-3d802057,1784800232544,1784800232545,202,1.000,cold
2669,exp-cold-10000-002678-ff24fef3,1784800232544,1784800232545,202,1.000,cold
2670,exp-cold-10000-002679-1bf52e31,1784800232544,1784800232545,202,1.000,cold
2671,exp-cold-10000-002676-b97230f5,1784800232544,1784800232545,202,1.000,cold
2672,exp-cold-10000-002680-078061a1,1784800232544,1784800232545,202,1.000,cold
2673,exp-cold-10000-002667-f6ce180a,1784800232544,1784800232545,202,1.000,cold
2674,exp-cold-10000-002669-09290e06,1784800232545,1784800232545,202,0.000,cold
2675,exp-cold-10000-002670-426ee17a,1784800232545,1784800232545,202,0.000,cold
2676,exp-cold-10000-002672-1f0bc808,1784800232545,1784800232545,202,0.000,cold
2677,exp-cold-10000-002675-f05c36a2,1784800232545,1784800232545,202,0.000,cold
2678,exp-cold-10000-002671-e2cacb99,1784800232545,1784800232545,202,0.000,cold
2679,exp-cold-10000-002677-e01a4ee0,1784800232545,1784800232545,202,0.000,cold
2680,exp-cold-10000-002674-a466634b,1784800232545,1784800232545,202,0.000,cold
2681,exp-cold-10000-002688-10fcaae8,1784800232545,1784800232546,202,1.000,cold
2682,exp-cold-10000-002687-fcabf97e,1784800232545,1784800232546,202,1.000,cold
2683,exp-cold-10000-002685-6513f204,1784800232545,1784800232546,202,1.000,cold
2684,exp-cold-10000-002684-37d40e70,1784800232545,1784800232546,202,1.000,cold
2685,exp-cold-10000-002689-b24a638a,1784800232545,1784800232546,202,1.000,cold
2686,exp-cold-10000-002681-0da35c0b,1784800232545,1784800232546,202,1.000,cold
2687,exp-cold-10000-002702-924fe8a1,1784800232545,1784800232547,202,2.000,cold
2688,exp-cold-10000-002682-66b78281,1784800232546,1784800232546,202,0.000,cold
2689,exp-cold-10000-002683-679df336,1784800232546,1784800232546,202,0.000,cold
2690,exp-cold-10000-002686-8f10b1b9,1784800232546,1784800232546,202,0.000,cold
2691,exp-cold-10000-002701-d0f32771,1784800232546,1784800232547,202,1.000,cold
2692,exp-cold-10000-002697-7e73914e,1784800232546,1784800232547,202,1.000,cold
2693,exp-cold-10000-002704-7ff862f6,1784800232546,1784800232547,202,1.000,cold
2694,exp-cold-10000-002699-e0ecc508,1784800232546,1784800232547,202,1.000,cold
2695,exp-cold-10000-002698-fd9532b4,1784800232546,1784800232547,202,1.000,cold
2696,exp-cold-10000-002703-607b754f,1784800232546,1784800232547,202,1.000,cold
2697,exp-cold-10000-002691-7a3047f3,1784800232547,1784800232547,202,0.000,cold
2698,exp-cold-10000-002693-65f84003,1784800232547,1784800232547,202,0.000,cold
2699,exp-cold-10000-002696-1fadb24b,1784800232547,1784800232547,202,0.000,cold
2700,exp-cold-10000-002695-dc75022d,1784800232547,1784800232547,202,0.000,cold
2701,exp-cold-10000-002700-5a48fec0,1784800232547,1784800232547,202,0.000,cold
2702,exp-cold-10000-002694-24658fd0,1784800232547,1784800232547,202,0.000,cold
2703,exp-cold-10000-002690-c1620ef5,1784800232547,1784800232547,202,0.000,cold
2704,exp-cold-10000-002692-8ce65823,1784800232547,1784800232547,202,0.000,cold
2705,exp-cold-10000-002711-82e941b6,1784800232547,1784800232548,202,1.000,cold
2706,exp-cold-10000-002710-4a45f17e,1784800232547,1784800232548,202,1.000,cold
2707,exp-cold-10000-002707-c0094124,1784800232547,1784800232548,202,1.000,cold
2708,exp-cold-10000-002706-bc299b59,1784800232548,1784800232548,202,0.000,cold
2709,exp-cold-10000-002708-f3bade22,1784800232548,1784800232548,202,0.000,cold
2710,exp-cold-10000-002705-41a58626,1784800232548,1784800232548,202,0.000,cold
2711,exp-cold-10000-002721-57b7c362,1784800232548,1784800232549,202,1.000,cold
2712,exp-cold-10000-002723-632c74a5,1784800232548,1784800232549,202,1.000,cold
2713,exp-cold-10000-002724-dd3e6998,1784800232548,1784800232549,202,1.000,cold
2714,exp-cold-10000-002709-37b67514,1784800232548,1784800232549,202,1.000,cold
2715,exp-cold-10000-002716-b83a5ec3,1784800232549,1784800232549,202,0.000,cold
2716,exp-cold-10000-002713-5ec02bb6,1784800232549,1784800232549,202,0.000,cold
2717,exp-cold-10000-002712-a766c9f0,1784800232549,1784800232549,202,0.000,cold
2718,exp-cold-10000-002715-e9a1f26a,1784800232549,1784800232549,202,0.000,cold
2719,exp-cold-10000-002717-e52adc8b,1784800232549,1784800232549,202,0.000,cold
2720,exp-cold-10000-002718-b4ef7dc6,1784800232549,1784800232549,202,0.000,cold
2721,exp-cold-10000-002719-14f70e02,1784800232549,1784800232549,202,0.000,cold
2722,exp-cold-10000-002720-da69469d,1784800232549,1784800232549,202,0.000,cold
2723,exp-cold-10000-002714-09427235,1784800232549,1784800232549,202,0.000,cold
2724,exp-cold-10000-002734-472b4cb1,1784800232549,1784800232550,202,1.000,cold
2725,exp-cold-10000-002728-76e7335a,1784800232549,1784800232550,202,1.000,cold
2726,exp-cold-10000-002736-e150828d,1784800232549,1784800232550,202,1.000,cold
2727,exp-cold-10000-002737-7959d407,1784800232549,1784800232550,202,1.000,cold
2728,exp-cold-10000-002738-d253efa7,1784800232549,1784800232550,202,1.000,cold
2729,exp-cold-10000-002735-53763627,1784800232549,1784800232550,202,1.000,cold
2730,exp-cold-10000-002732-fa60aab3,1784800232549,1784800232550,202,1.000,cold
2731,exp-cold-10000-002725-c0034c06,1784800232550,1784800232550,202,0.000,cold
2732,exp-cold-10000-002722-709ecdee,1784800232550,1784800232550,202,0.000,cold
2733,exp-cold-10000-002727-d814d42f,1784800232550,1784800232550,202,0.000,cold
2734,exp-cold-10000-002726-87e25e99,1784800232550,1784800232550,202,0.000,cold
2735,exp-cold-10000-002731-b835fa2f,1784800232550,1784800232550,202,0.000,cold
2736,exp-cold-10000-002730-97eaa391,1784800232550,1784800232550,202,0.000,cold
2737,exp-cold-10000-002733-f6f26c40,1784800232550,1784800232550,202,0.000,cold
2738,exp-cold-10000-002729-49444c43,1784800232550,1784800232550,202,0.000,cold
2739,exp-cold-10000-002747-eac69aaf,1784800232550,1784800232551,202,1.000,cold
2740,exp-cold-10000-002746-dc7e2b6e,1784800232550,1784800232551,202,1.000,cold
2741,exp-cold-10000-002748-8e7463ff,1784800232550,1784800232551,202,1.000,cold
2742,exp-cold-10000-002750-1aec209f,1784800232550,1784800232551,202,1.000,cold
2743,exp-cold-10000-002751-641f8f86,1784800232550,1784800232551,202,1.000,cold
2744,exp-cold-10000-002749-d230a762,1784800232550,1784800232551,202,1.000,cold
2745,exp-cold-10000-002745-c976dd39,1784800232550,1784800232551,202,1.000,cold
2746,exp-cold-10000-002759-a02cfa43,1784800232550,1784800232552,202,2.000,cold
2747,exp-cold-10000-002739-7e67b6d6,1784800232551,1784800232551,202,0.000,cold
2748,exp-cold-10000-002740-8338d93c,1784800232551,1784800232551,202,0.000,cold
2749,exp-cold-10000-002741-9a93b9f1,1784800232551,1784800232551,202,0.000,cold
2750,exp-cold-10000-002744-4b91d330,1784800232551,1784800232551,202,0.000,cold
2751,exp-cold-10000-002742-e56260fc,1784800232551,1784800232551,202,0.000,cold
2752,exp-cold-10000-002743-aaf2e36a,1784800232551,1784800232551,202,0.000,cold
2753,exp-cold-10000-002760-7676cd7d,1784800232551,1784800232552,202,1.000,cold
2754,exp-cold-10000-002757-a4e41e1a,1784800232551,1784800232552,202,1.000,cold
2755,exp-cold-10000-002754-eecc857c,1784800232551,1784800232552,202,1.000,cold
2756,exp-cold-10000-002762-88d3b502,1784800232551,1784800232552,202,1.000,cold
2757,exp-cold-10000-002756-43e1ca5c,1784800232551,1784800232552,202,1.000,cold
2758,exp-cold-10000-002761-a3304074,1784800232551,1784800232552,202,1.000,cold
2759,exp-cold-10000-002763-df07b62f,1784800232551,1784800232552,202,1.000,cold
2760,exp-cold-10000-002771-4371a1e1,1784800232551,1784800232553,202,2.000,cold
2761,exp-cold-10000-002753-d98a6709,1784800232552,1784800232552,202,0.000,cold
2762,exp-cold-10000-002752-a400d1a7,1784800232552,1784800232552,202,0.000,cold
2763,exp-cold-10000-002755-d0e31e7b,1784800232552,1784800232552,202,0.000,cold
2764,exp-cold-10000-002758-c82662d4,1784800232552,1784800232552,202,0.000,cold
2765,exp-cold-10000-002774-5d3c9182,1784800232552,1784800232553,202,1.000,cold
2766,exp-cold-10000-002765-7ad7337f,1784800232552,1784800232553,202,1.000,cold
2767,exp-cold-10000-002776-c12df184,1784800232552,1784800232553,202,1.000,cold
2768,exp-cold-10000-002770-cb175a10,1784800232552,1784800232553,202,1.000,cold
2769,exp-cold-10000-002773-5cfaa83e,1784800232552,1784800232553,202,1.000,cold
2770,exp-cold-10000-002775-a5eb1d88,1784800232552,1784800232553,202,1.000,cold
2771,exp-cold-10000-002767-14b9181a,1784800232553,1784800232553,202,0.000,cold
2772,exp-cold-10000-002769-1486d119,1784800232553,1784800232553,202,0.000,cold
2773,exp-cold-10000-002766-69094c25,1784800232553,1784800232553,202,0.000,cold
2774,exp-cold-10000-002768-26f65028,1784800232553,1784800232553,202,0.000,cold
2775,exp-cold-10000-002772-eed7630e,1784800232553,1784800232553,202,0.000,cold
2776,exp-cold-10000-002764-9b42b4bf,1784800232553,1784800232553,202,0.000,cold
2777,exp-cold-10000-002786-1ad8b228,1784800232553,1784800232554,202,1.000,cold
2778,exp-cold-10000-002783-b3691723,1784800232553,1784800232554,202,1.000,cold
2779,exp-cold-10000-002787-d0bfb428,1784800232553,1784800232554,202,1.000,cold
2780,exp-cold-10000-002785-cac29e2f,1784800232553,1784800232554,202,1.000,cold
2781,exp-cold-10000-002780-6cc20691,1784800232553,1784800232554,202,1.000,cold
2782,exp-cold-10000-002778-6a742402,1784800232553,1784800232554,202,1.000,cold
2783,exp-cold-10000-002782-f3832fc5,1784800232554,1784800232554,202,0.000,cold
2784,exp-cold-10000-002784-cb118e64,1784800232554,1784800232554,202,0.000,cold
2785,exp-cold-10000-002779-9def7cce,1784800232554,1784800232554,202,0.000,cold
2786,exp-cold-10000-002781-4b78102f,1784800232554,1784800232554,202,0.000,cold
2787,exp-cold-10000-002777-2ef102a7,1784800232554,1784800232554,202,0.000,cold
2788,exp-cold-10000-002791-3f447d5d,1784800232554,1784800232555,202,1.000,cold
2789,exp-cold-10000-002793-2cce5a35,1784800232554,1784800232555,202,1.000,cold
2790,exp-cold-10000-002792-fcea0b03,1784800232554,1784800232555,202,1.000,cold
2791,exp-cold-10000-002797-3185cdb5,1784800232554,1784800232555,202,1.000,cold
2792,exp-cold-10000-002795-5459e554,1784800232554,1784800232555,202,1.000,cold
2793,exp-cold-10000-002799-965281bc,1784800232554,1784800232555,202,1.000,cold
2794,exp-cold-10000-002798-d1d4eefa,1784800232554,1784800232555,202,1.000,cold
2795,exp-cold-10000-002788-37784783,1784800232554,1784800232555,202,1.000,cold
2796,exp-cold-10000-002790-c7155ee9,1784800232555,1784800232555,202,0.000,cold
2797,exp-cold-10000-002794-90c02167,1784800232555,1784800232555,202,0.000,cold
2798,exp-cold-10000-002789-6c013656,1784800232555,1784800232555,202,0.000,cold
2799,exp-cold-10000-002806-1b9702a8,1784800232555,1784800232556,202,1.000,cold
2800,exp-cold-10000-002805-80c4009d,1784800232555,1784800232556,202,1.000,cold
2801,exp-cold-10000-002803-4773c177,1784800232555,1784800232556,202,1.000,cold
2802,exp-cold-10000-002804-25be1570,1784800232555,1784800232556,202,1.000,cold
2803,exp-cold-10000-002808-5582c51f,1784800232555,1784800232556,202,1.000,cold
2804,exp-cold-10000-002809-b2217bcf,1784800232555,1784800232556,202,1.000,cold
2805,exp-cold-10000-002802-343fb9f8,1784800232555,1784800232556,202,1.000,cold
2806,exp-cold-10000-002807-378be40e,1784800232555,1784800232556,202,1.000,cold
2807,exp-cold-10000-002812-035f2265,1784800232555,1784800232557,202,2.000,cold
2808,exp-cold-10000-002796-e7314bf0,1784800232556,1784800232556,202,0.000,cold
2809,exp-cold-10000-002800-ab88cf24,1784800232556,1784800232556,202,0.000,cold
2810,exp-cold-10000-002801-b95c9c42,1784800232556,1784800232556,202,0.000,cold
2811,exp-cold-10000-002810-a2671905,1784800232556,1784800232557,202,1.000,cold
2812,exp-cold-10000-002821-7240f183,1784800232556,1784800232557,202,1.000,cold
2813,exp-cold-10000-002819-e44f9f32,1784800232556,1784800232557,202,1.000,cold
2814,exp-cold-10000-002820-ab18b632,1784800232556,1784800232557,202,1.000,cold
2815,exp-cold-10000-002823-3af6b0ba,1784800232556,1784800232557,202,1.000,cold
2816,exp-cold-10000-002822-f048b427,1784800232556,1784800232557,202,1.000,cold
2817,exp-cold-10000-002826-9dd07817,1784800232556,1784800232558,202,2.000,cold
2818,exp-cold-10000-002811-ec2a013c,1784800232557,1784800232557,202,0.000,cold
2819,exp-cold-10000-002815-e9534002,1784800232557,1784800232557,202,0.000,cold
2820,exp-cold-10000-002817-aa1d13f2,1784800232557,1784800232557,202,0.000,cold
2821,exp-cold-10000-002813-07209f77,1784800232557,1784800232557,202,0.000,cold
2822,exp-cold-10000-002818-fc886e5d,1784800232557,1784800232557,202,0.000,cold
2823,exp-cold-10000-002816-b54bc3a8,1784800232557,1784800232557,202,0.000,cold
2824,exp-cold-10000-002814-0ebf2f15,1784800232557,1784800232557,202,0.000,cold
2825,exp-cold-10000-002830-a938b5f0,1784800232557,1784800232558,202,1.000,cold
2826,exp-cold-10000-002829-d2cfbfaf,1784800232557,1784800232558,202,1.000,cold
2827,exp-cold-10000-002832-c0291444,1784800232557,1784800232558,202,1.000,cold
2828,exp-cold-10000-002833-f42d1402,1784800232557,1784800232558,202,1.000,cold
2829,exp-cold-10000-002831-30d14f6b,1784800232557,1784800232558,202,1.000,cold
2830,exp-cold-10000-002825-b747b0b7,1784800232557,1784800232558,202,1.000,cold
2831,exp-cold-10000-002824-eeaee201,1784800232558,1784800232558,202,0.000,cold
2832,exp-cold-10000-002827-bfb288de,1784800232558,1784800232558,202,0.000,cold
2833,exp-cold-10000-002828-29e0a4db,1784800232558,1784800232558,202,0.000,cold
2834,exp-cold-10000-002842-abe3105f,1784800232558,1784800232559,202,1.000,cold
2835,exp-cold-10000-002841-94f4081e,1784800232558,1784800232559,202,1.000,cold
2836,exp-cold-10000-002837-d9e9cb81,1784800232558,1784800232559,202,1.000,cold
2837,exp-cold-10000-002844-c09c73ec,1784800232558,1784800232559,202,1.000,cold
2838,exp-cold-10000-002845-44c1e3fd,1784800232558,1784800232559,202,1.000,cold
2839,exp-cold-10000-002843-b3826b5b,1784800232558,1784800232559,202,1.000,cold
2840,exp-cold-10000-002839-4b2c0c1a,1784800232558,1784800232559,202,1.000,cold
2841,exp-cold-10000-002846-bcb476be,1784800232558,1784800232559,202,1.000,cold
2842,exp-cold-10000-002836-fb0fb841,1784800232558,1784800232559,202,1.000,cold
2843,exp-cold-10000-002835-caf39f53,1784800232559,1784800232559,202,0.000,cold
2844,exp-cold-10000-002834-515712a2,1784800232559,1784800232559,202,0.000,cold
2845,exp-cold-10000-002838-4a987df2,1784800232559,1784800232559,202,0.000,cold
2846,exp-cold-10000-002840-596ebe5e,1784800232559,1784800232559,202,0.000,cold
2847,exp-cold-10000-002852-5d422ba6,1784800232559,1784800232560,202,1.000,cold
2848,exp-cold-10000-002853-673aeef3,1784800232559,1784800232560,202,1.000,cold
2849,exp-cold-10000-002855-74ee6b50,1784800232559,1784800232560,202,1.000,cold
2850,exp-cold-10000-002851-105dd042,1784800232559,1784800232560,202,1.000,cold
2851,exp-cold-10000-002854-50a3f9b7,1784800232559,1784800232560,202,1.000,cold
2852,exp-cold-10000-002857-1dc5ee59,1784800232559,1784800232560,202,1.000,cold
2853,exp-cold-10000-002849-bcaccd0f,1784800232559,1784800232560,202,1.000,cold
2854,exp-cold-10000-002856-21b2061e,1784800232559,1784800232560,202,1.000,cold
2855,exp-cold-10000-002861-3ea74c87,1784800232559,1784800232561,202,2.000,cold
2856,exp-cold-10000-002860-7b420b73,1784800232559,1784800232561,202,2.000,cold
2857,exp-cold-10000-002847-b3dd1e5d,1784800232560,1784800232560,202,0.000,cold
2858,exp-cold-10000-002848-549d6020,1784800232560,1784800232560,202,0.000,cold
2859,exp-cold-10000-002850-b913d38a,1784800232560,1784800232560,202,0.000,cold
2860,exp-cold-10000-002862-b622fe10,1784800232560,1784800232561,202,1.000,cold
2861,exp-cold-10000-002867-a3587041,1784800232560,1784800232561,202,1.000,cold
2862,exp-cold-10000-002866-dbfbc023,1784800232560,1784800232561,202,1.000,cold
2863,exp-cold-10000-002865-61796912,1784800232560,1784800232561,202,1.000,cold
2864,exp-cold-10000-002869-424cdc7f,1784800232560,1784800232561,202,1.000,cold
2865,exp-cold-10000-002868-524c5e29,1784800232560,1784800232561,202,1.000,cold
2866,exp-cold-10000-002870-5efc87db,1784800232560,1784800232561,202,1.000,cold
2867,exp-cold-10000-002859-2505b642,1784800232561,1784800232561,202,0.000,cold
2868,exp-cold-10000-002858-75e50082,1784800232561,1784800232561,202,0.000,cold
2869,exp-cold-10000-002864-40c33862,1784800232561,1784800232561,202,0.000,cold
2870,exp-cold-10000-002863-79c7969f,1784800232561,1784800232561,202,0.000,cold
2871,exp-cold-10000-002877-898a800a,1784800232561,1784800232562,202,1.000,cold
2872,exp-cold-10000-002883-3e3fc559,1784800232561,1784800232562,202,1.000,cold
2873,exp-cold-10000-002879-7a350ed0,1784800232561,1784800232562,202,1.000,cold
2874,exp-cold-10000-002874-da6b097c,1784800232561,1784800232562,202,1.000,cold
2875,exp-cold-10000-002880-395b2480,1784800232561,1784800232562,202,1.000,cold
2876,exp-cold-10000-002871-2f321368,1784800232561,1784800232562,202,1.000,cold
2877,exp-cold-10000-002881-f0fc24b8,1784800232561,1784800232562,202,1.000,cold
2878,exp-cold-10000-002873-d1f8e039,1784800232562,1784800232562,202,0.000,cold
2879,exp-cold-10000-002872-edb92702,1784800232562,1784800232562,202,0.000,cold
2880,exp-cold-10000-002875-4d5e881c,1784800232562,1784800232562,202,0.000,cold
2881,exp-cold-10000-002878-ac9378d3,1784800232562,1784800232562,202,0.000,cold
2882,exp-cold-10000-002886-c188dcba,1784800232562,1784800232563,202,1.000,cold
2883,exp-cold-10000-002889-7edffd08,1784800232562,1784800232563,202,1.000,cold
2884,exp-cold-10000-002884-b995d89b,1784800232563,1784800232563,202,0.000,cold
2885,exp-cold-10000-002885-9591934c,1784800232563,1784800232563,202,0.000,cold
2886,exp-cold-10000-002887-653dab68,1784800232563,1784800232563,202,0.000,cold
2887,exp-cold-10000-002876-f4fb41ed,1784800232563,1784800232563,202,0.000,cold
2888,exp-cold-10000-002882-1939ad23,1784800232563,1784800232564,202,1.000,cold
2889,exp-cold-10000-002897-5377e9e2,1784800232563,1784800232564,202,1.000,cold
2890,exp-cold-10000-002888-1f495a52,1784800232563,1784800232564,202,1.000,cold
2891,exp-cold-10000-002890-6966a4e1,1784800232564,1784800232564,202,0.000,cold
2892,exp-cold-10000-002891-410ae577,1784800232564,1784800232564,202,0.000,cold
2893,exp-cold-10000-002893-e883c655,1784800232564,1784800232564,202,0.000,cold
2894,exp-cold-10000-002892-4d211724,1784800232564,1784800232564,202,0.000,cold
2895,exp-cold-10000-002894-faaf2b75,1784800232564,1784800232564,202,0.000,cold
2896,exp-cold-10000-002895-1554cf05,1784800232564,1784800232564,202,0.000,cold
2897,exp-cold-10000-002898-1fda2342,1784800232564,1784800232565,202,1.000,cold
2898,exp-cold-10000-002906-d95baaaa,1784800232564,1784800232565,202,1.000,cold
2899,exp-cold-10000-002907-6e1da3d3,1784800232564,1784800232565,202,1.000,cold
2900,exp-cold-10000-002908-48f434a5,1784800232564,1784800232565,202,1.000,cold
2901,exp-cold-10000-002896-e775e7d4,1784800232564,1784800232565,202,1.000,cold
2902,exp-cold-10000-002909-c88e6373,1784800232564,1784800232565,202,1.000,cold
2903,exp-cold-10000-002911-55516ef2,1784800232564,1784800232565,202,1.000,cold
2904,exp-cold-10000-002910-4cb18346,1784800232564,1784800232565,202,1.000,cold
2905,exp-cold-10000-002905-750c4a26,1784800232564,1784800232565,202,1.000,cold
2906,exp-cold-10000-002943-94f0859c,1784800232564,1784800232568,202,4.000,cold
2907,exp-cold-10000-002899-51e5f352,1784800232565,1784800232565,202,0.000,cold
2908,exp-cold-10000-002901-a95bbe66,1784800232565,1784800232565,202,0.000,cold
2909,exp-cold-10000-002900-6b780b54,1784800232565,1784800232565,202,0.000,cold
2910,exp-cold-10000-002902-2bcc0cfb,1784800232565,1784800232565,202,0.000,cold
2911,exp-cold-10000-002903-12eeb911,1784800232565,1784800232565,202,0.000,cold
2912,exp-cold-10000-002904-4e64e4be,1784800232565,1784800232565,202,0.000,cold
2913,exp-cold-10000-002920-d2429b0e,1784800232565,1784800232566,202,1.000,cold
2914,exp-cold-10000-002921-ff059837,1784800232565,1784800232566,202,1.000,cold
2915,exp-cold-10000-002916-98c84ea0,1784800232565,1784800232566,202,1.000,cold
2916,exp-cold-10000-002914-25b8c88e,1784800232565,1784800232566,202,1.000,cold
2917,exp-cold-10000-002923-136546a4,1784800232565,1784800232566,202,1.000,cold
2918,exp-cold-10000-002919-259a30c7,1784800232565,1784800232566,202,1.000,cold
2919,exp-cold-10000-002922-21cc3f96,1784800232565,1784800232566,202,1.000,cold
2920,exp-cold-10000-002931-16029d90,1784800232565,1784800232567,202,2.000,cold
2921,exp-cold-10000-002934-2acaa85a,1784800232565,1784800232567,202,2.000,cold
2922,exp-cold-10000-002912-bd2f73ca,1784800232566,1784800232566,202,0.000,cold
2923,exp-cold-10000-002913-81a37069,1784800232566,1784800232566,202,0.000,cold
2924,exp-cold-10000-002917-ee79c80f,1784800232566,1784800232566,202,0.000,cold
2925,exp-cold-10000-002915-79dbfa8b,1784800232566,1784800232566,202,0.000,cold
2926,exp-cold-10000-002918-534b69e8,1784800232566,1784800232566,202,0.000,cold
2927,exp-cold-10000-002932-bf2993c3,1784800232566,1784800232567,202,1.000,cold
2928,exp-cold-10000-002933-5e5c9645,1784800232566,1784800232567,202,1.000,cold
2929,exp-cold-10000-002926-2d191ac7,1784800232566,1784800232567,202,1.000,cold
2930,exp-cold-10000-002935-8e6fb69d,1784800232566,1784800232567,202,1.000,cold
2931,exp-cold-10000-002927-72c04657,1784800232566,1784800232567,202,1.000,cold
2932,exp-cold-10000-002936-e5098a14,1784800232566,1784800232567,202,1.000,cold
2933,exp-cold-10000-002929-02110b71,1784800232566,1784800232567,202,1.000,cold
2934,exp-cold-10000-002925-8a3cbc5d,1784800232567,1784800232567,202,0.000,cold
2935,exp-cold-10000-002924-7a5546ec,1784800232567,1784800232567,202,0.000,cold
2936,exp-cold-10000-002928-408917e1,1784800232567,1784800232567,202,0.000,cold
2937,exp-cold-10000-002930-271e3f38,1784800232567,1784800232567,202,0.000,cold
2938,exp-cold-10000-002937-0d521515,1784800232567,1784800232568,202,1.000,cold
2939,exp-cold-10000-002946-80e3d0d4,1784800232567,1784800232568,202,1.000,cold
2940,exp-cold-10000-002948-4b7ec3bb,1784800232567,1784800232568,202,1.000,cold
2941,exp-cold-10000-002947-e5bf3cca,1784800232567,1784800232568,202,1.000,cold
2942,exp-cold-10000-002938-5fea5217,1784800232567,1784800232568,202,1.000,cold
2943,exp-cold-10000-002949-d311a471,1784800232567,1784800232568,202,1.000,cold
2944,exp-cold-10000-002940-49de6b88,1784800232567,1784800232568,202,1.000,cold
2945,exp-cold-10000-002942-5a2ad224,1784800232567,1784800232568,202,1.000,cold
2946,exp-cold-10000-002941-3fb66b3f,1784800232567,1784800232568,202,1.000,cold
2947,exp-cold-10000-002957-ce1ab5c9,1784800232567,1784800232569,202,2.000,cold
2948,exp-cold-10000-002939-70f8040c,1784800232568,1784800232568,202,0.000,cold
2949,exp-cold-10000-002944-b9be8802,1784800232568,1784800232568,202,0.000,cold
2950,exp-cold-10000-002945-bb091f4c,1784800232568,1784800232568,202,0.000,cold
2951,exp-cold-10000-002956-c4d8c113,1784800232568,1784800232569,202,1.000,cold
2952,exp-cold-10000-002955-8ac2b4fd,1784800232568,1784800232569,202,1.000,cold
2953,exp-cold-10000-002951-1955c100,1784800232568,1784800232569,202,1.000,cold
2954,exp-cold-10000-002950-a068a0b7,1784800232568,1784800232569,202,1.000,cold
2955,exp-cold-10000-002958-d6843b96,1784800232568,1784800232569,202,1.000,cold
2956,exp-cold-10000-002959-54b8aaea,1784800232568,1784800232569,202,1.000,cold
2957,exp-cold-10000-002960-d1dd9e3c,1784800232568,1784800232569,202,1.000,cold
2958,exp-cold-10000-002952-2c467dfa,1784800232569,1784800232569,202,0.000,cold
2959,exp-cold-10000-002953-cb72704a,1784800232569,1784800232569,202,0.000,cold
2960,exp-cold-10000-002954-18673e2a,1784800232569,1784800232569,202,0.000,cold
2961,exp-cold-10000-002972-b9cd2aa8,1784800232569,1784800232570,202,1.000,cold
2962,exp-cold-10000-002969-7ca2449d,1784800232569,1784800232570,202,1.000,cold
2963,exp-cold-10000-002966-2aa3085e,1784800232569,1784800232570,202,1.000,cold
2964,exp-cold-10000-002968-6dda23da,1784800232569,1784800232570,202,1.000,cold
2965,exp-cold-10000-002965-17698ea1,1784800232569,1784800232570,202,1.000,cold
2966,exp-cold-10000-002978-0a2ebcef,1784800232569,1784800232571,202,2.000,cold
2967,exp-cold-10000-002961-7766a441,1784800232570,1784800232570,202,0.000,cold
2968,exp-cold-10000-002963-7588c6ae,1784800232570,1784800232570,202,0.000,cold
2969,exp-cold-10000-002962-7e9c345f,1784800232570,1784800232570,202,0.000,cold
2970,exp-cold-10000-002964-27e69512,1784800232570,1784800232570,202,0.000,cold
2971,exp-cold-10000-002967-ef82ca6e,1784800232570,1784800232570,202,0.000,cold
2972,exp-cold-10000-002973-1b6efde8,1784800232570,1784800232571,202,1.000,cold
2973,exp-cold-10000-002990-8c7efd4f,1784800232570,1784800232572,202,2.000,cold
2974,exp-cold-10000-002979-f55cd007,1784800232570,1784800232572,202,2.000,cold
2975,exp-cold-10000-002984-082ebd26,1784800232570,1784800232572,202,2.000,cold
2976,exp-cold-10000-002975-d9babf15,1784800232571,1784800232571,202,0.000,cold
2977,exp-cold-10000-002971-86cc499b,1784800232571,1784800232571,202,0.000,cold
2978,exp-cold-10000-002970-a19efd64,1784800232571,1784800232571,202,0.000,cold
2979,exp-cold-10000-002974-5eb801bc,1784800232571,1784800232571,202,0.000,cold
2980,exp-cold-10000-002976-6f921c3e,1784800232571,1784800232571,202,0.000,cold
2981,exp-cold-10000-002977-6bb52610,1784800232571,1784800232571,202,0.000,cold
2982,exp-cold-10000-002988-05aeca94,1784800232571,1784800232572,202,1.000,cold
2983,exp-cold-10000-002985-abaca59d,1784800232571,1784800232572,202,1.000,cold
2984,exp-cold-10000-002987-7c9cbf5d,1784800232571,1784800232572,202,1.000,cold
2985,exp-cold-10000-002991-e90d26ab,1784800232571,1784800232572,202,1.000,cold
2986,exp-cold-10000-002992-e8eb8218,1784800232571,1784800232572,202,1.000,cold
2987,exp-cold-10000-002989-85a0e49f,1784800232571,1784800232572,202,1.000,cold
2988,exp-cold-10000-002980-49932806,1784800232571,1784800232572,202,1.000,cold
2989,exp-cold-10000-002998-5c1d6c26,1784800232571,1784800232573,202,2.000,cold
2990,exp-cold-10000-002982-e806ad4b,1784800232572,1784800232572,202,0.000,cold
2991,exp-cold-10000-002983-13780b60,1784800232572,1784800232572,202,0.000,cold
2992,exp-cold-10000-002981-6b718c15,1784800232572,1784800232572,202,0.000,cold
2993,exp-cold-10000-002986-6ec37dc0,1784800232572,1784800232572,202,0.000,cold
2994,exp-cold-10000-003002-9d7f9dfd,1784800232572,1784800232573,202,1.000,cold
2995,exp-cold-10000-002997-46c1dc3c,1784800232572,1784800232573,202,1.000,cold
2996,exp-cold-10000-003004-945aaefd,1784800232572,1784800232574,202,2.000,cold
2997,exp-cold-10000-002994-fa5a1ec5,1784800232573,1784800232573,202,0.000,cold
2998,exp-cold-10000-002995-910ca0c1,1784800232573,1784800232573,202,0.000,cold
2999,exp-cold-10000-002993-d3643f51,1784800232573,1784800232573,202,0.000,cold
3000,exp-cold-10000-002996-8f25bd69,1784800232573,1784800232573,202,0.000,cold
3001,exp-cold-10000-003012-ab095d19,1784800232573,1784800232574,202,1.000,cold
3002,exp-cold-10000-003011-76416e54,1784800232573,1784800232574,202,1.000,cold
3003,exp-cold-10000-003009-40e4d0da,1784800232573,1784800232574,202,1.000,cold
3004,exp-cold-10000-003015-a619fa4f,1784800232573,1784800232574,202,1.000,cold
3005,exp-cold-10000-003013-2ba27ef3,1784800232573,1784800232574,202,1.000,cold
3006,exp-cold-10000-003014-5ec8a173,1784800232573,1784800232574,202,1.000,cold
3007,exp-cold-10000-003001-1a15ffd7,1784800232574,1784800232574,202,0.000,cold
3008,exp-cold-10000-003005-208fdccb,1784800232574,1784800232574,202,0.000,cold
3009,exp-cold-10000-003006-c28a1b37,1784800232574,1784800232574,202,0.000,cold
3010,exp-cold-10000-002999-fdc7c7a3,1784800232574,1784800232574,202,0.000,cold
3011,exp-cold-10000-003008-719dec09,1784800232574,1784800232574,202,0.000,cold
3012,exp-cold-10000-003003-3fb0fe99,1784800232574,1784800232574,202,0.000,cold
3013,exp-cold-10000-003010-c3bec264,1784800232574,1784800232574,202,0.000,cold
3014,exp-cold-10000-003007-d61821f5,1784800232574,1784800232574,202,0.000,cold
3015,exp-cold-10000-003000-326becce,1784800232574,1784800232574,202,0.000,cold
3016,exp-cold-10000-003020-9d05c425,1784800232574,1784800232575,202,1.000,cold
3017,exp-cold-10000-003019-5f546192,1784800232574,1784800232575,202,1.000,cold
3018,exp-cold-10000-003022-be4b2d2e,1784800232574,1784800232575,202,1.000,cold
3019,exp-cold-10000-003021-84077ce2,1784800232574,1784800232575,202,1.000,cold
3020,exp-cold-10000-003023-46f359bb,1784800232574,1784800232575,202,1.000,cold
3021,exp-cold-10000-003025-fb943673,1784800232574,1784800232575,202,1.000,cold
3022,exp-cold-10000-003024-73e86042,1784800232574,1784800232575,202,1.000,cold
3023,exp-cold-10000-003035-0c0394a6,1784800232574,1784800232577,202,3.000,cold
3024,exp-cold-10000-003017-69e79976,1784800232575,1784800232575,202,0.000,cold
3025,exp-cold-10000-003016-16acf7ca,1784800232575,1784800232575,202,0.000,cold
3026,exp-cold-10000-003018-369256bc,1784800232575,1784800232575,202,0.000,cold
3027,exp-cold-10000-003031-8ba072bf,1784800232575,1784800232576,202,1.000,cold
3028,exp-cold-10000-003032-0e3f0212,1784800232575,1784800232576,202,1.000,cold
3029,exp-cold-10000-003034-ea115a96,1784800232575,1784800232576,202,1.000,cold
3030,exp-cold-10000-003042-9ac74e9c,1784800232575,1784800232577,202,2.000,cold
3031,exp-cold-10000-003041-fae1cb8a,1784800232575,1784800232577,202,2.000,cold
3032,exp-cold-10000-003027-bea58a42,1784800232576,1784800232576,202,0.000,cold
3033,exp-cold-10000-003029-eed8ec34,1784800232576,1784800232576,202,0.000,cold
3034,exp-cold-10000-003028-24751857,1784800232576,1784800232576,202,0.000,cold
3035,exp-cold-10000-003030-58fff536,1784800232576,1784800232576,202,0.000,cold
3036,exp-cold-10000-003026-3cbb4624,1784800232576,1784800232576,202,0.000,cold
3037,exp-cold-10000-003043-d83ecd8b,1784800232576,1784800232577,202,1.000,cold
3038,exp-cold-10000-003045-4ae18daf,1784800232576,1784800232577,202,1.000,cold
3039,exp-cold-10000-003033-16e039cf,1784800232576,1784800232577,202,1.000,cold
3040,exp-cold-10000-003038-85687ad4,1784800232576,1784800232577,202,1.000,cold
3041,exp-cold-10000-003044-a87ebccd,1784800232576,1784800232577,202,1.000,cold
3042,exp-cold-10000-003036-3cb89b3b,1784800232576,1784800232577,202,1.000,cold
3043,exp-cold-10000-003037-fcfe74a9,1784800232576,1784800232577,202,1.000,cold
3044,exp-cold-10000-003055-cc5f9b26,1784800232576,1784800232578,202,2.000,cold
3045,exp-cold-10000-003049-3e70c0fc,1784800232576,1784800232578,202,2.000,cold
3046,exp-cold-10000-003040-dc851c2d,1784800232577,1784800232577,202,0.000,cold
3047,exp-cold-10000-003039-96b26193,1784800232577,1784800232577,202,0.000,cold
3048,exp-cold-10000-003053-5eed3ae0,1784800232577,1784800232578,202,1.000,cold
3049,exp-cold-10000-003048-d94e24ea,1784800232577,1784800232578,202,1.000,cold
3050,exp-cold-10000-003056-debf37a9,1784800232577,1784800232578,202,1.000,cold
3051,exp-cold-10000-003052-63e4f8aa,1784800232577,1784800232578,202,1.000,cold
3052,exp-cold-10000-003054-e213b3f3,1784800232577,1784800232578,202,1.000,cold
3053,exp-cold-10000-003051-91ac5aaf,1784800232577,1784800232578,202,1.000,cold
3054,exp-cold-10000-003071-69100ca9,1784800232577,1784800232580,202,3.000,cold
3055,exp-cold-10000-003047-70cddfde,1784800232578,1784800232578,202,0.000,cold
3056,exp-cold-10000-003050-842b5278,1784800232578,1784800232578,202,0.000,cold
3057,exp-cold-10000-003057-d9f69d21,1784800232578,1784800232579,202,1.000,cold
3058,exp-cold-10000-003063-e6655118,1784800232578,1784800232579,202,1.000,cold
3059,exp-cold-10000-003062-d114299c,1784800232578,1784800232579,202,1.000,cold
3060,exp-cold-10000-003046-5cebb4ca,1784800232578,1784800232579,202,1.000,cold
3061,exp-cold-10000-003060-086849d7,1784800232578,1784800232579,202,1.000,cold
3062,exp-cold-10000-003061-fd8a7c1d,1784800232578,1784800232579,202,1.000,cold
3063,exp-cold-10000-003070-2c68f49d,1784800232578,1784800232580,202,2.000,cold
3064,exp-cold-10000-003058-7c3a9509,1784800232579,1784800232579,202,0.000,cold
3065,exp-cold-10000-003059-e4f9adc8,1784800232579,1784800232579,202,0.000,cold
3066,exp-cold-10000-003068-5e618d5b,1784800232579,1784800232580,202,1.000,cold
3067,exp-cold-10000-003069-1e094022,1784800232579,1784800232580,202,1.000,cold
3068,exp-cold-10000-003073-959b59b0,1784800232579,1784800232580,202,1.000,cold
3069,exp-cold-10000-003066-dc2e8a73,1784800232579,1784800232580,202,1.000,cold
3070,exp-cold-10000-003082-1bab0db0,1784800232579,1784800232581,202,2.000,cold
3071,exp-cold-10000-003065-cfbccb30,1784800232580,1784800232580,202,0.000,cold
3072,exp-cold-10000-003064-2dbbc46f,1784800232580,1784800232580,202,0.000,cold
3073,exp-cold-10000-003067-061ea262,1784800232580,1784800232580,202,0.000,cold
3074,exp-cold-10000-003080-3d197bb1,1784800232580,1784800232581,202,1.000,cold
3075,exp-cold-10000-003084-32da36fa,1784800232580,1784800232581,202,1.000,cold
3076,exp-cold-10000-003072-f32f6554,1784800232580,1784800232581,202,1.000,cold
3077,exp-cold-10000-003099-9c514148,1784800232580,1784800232582,202,2.000,cold
3078,exp-cold-10000-003096-ad03135a,1784800232580,1784800232582,202,2.000,cold
3079,exp-cold-10000-003074-4e4e36dc,1784800232581,1784800232581,202,0.000,cold
3080,exp-cold-10000-003076-dbf80ce7,1784800232581,1784800232581,202,0.000,cold
3081,exp-cold-10000-003075-f29e50b3,1784800232581,1784800232581,202,0.000,cold
3082,exp-cold-10000-003077-c2a906cc,1784800232581,1784800232581,202,0.000,cold
3083,exp-cold-10000-003078-a9813c84,1784800232581,1784800232581,202,0.000,cold
3084,exp-cold-10000-003079-46bd8099,1784800232581,1784800232581,202,0.000,cold
3085,exp-cold-10000-003081-da245d62,1784800232581,1784800232581,202,0.000,cold
3086,exp-cold-10000-003095-b905e6ba,1784800232581,1784800232582,202,1.000,cold
3087,exp-cold-10000-003086-b3d1c03f,1784800232581,1784800232582,202,1.000,cold
3088,exp-cold-10000-003094-90bb067a,1784800232581,1784800232582,202,1.000,cold
3089,exp-cold-10000-003098-f24b240d,1784800232581,1784800232582,202,1.000,cold
3090,exp-cold-10000-003097-258c59fb,1784800232581,1784800232582,202,1.000,cold
3091,exp-cold-10000-003092-2e559ee0,1784800232581,1784800232582,202,1.000,cold
3092,exp-cold-10000-003104-5d3b5ac9,1784800232581,1784800232584,202,3.000,cold
3093,exp-cold-10000-003085-1740056f,1784800232582,1784800232582,202,0.000,cold
3094,exp-cold-10000-003087-55287f32,1784800232582,1784800232582,202,0.000,cold
3095,exp-cold-10000-003088-7ab561f2,1784800232582,1784800232582,202,0.000,cold
3096,exp-cold-10000-003090-21b359de,1784800232582,1784800232582,202,0.000,cold
3097,exp-cold-10000-003093-fe756747,1784800232582,1784800232582,202,0.000,cold
3098,exp-cold-10000-003089-14d4b0b1,1784800232582,1784800232582,202,0.000,cold
3099,exp-cold-10000-003091-a299e9e6,1784800232582,1784800232582,202,0.000,cold
3100,exp-cold-10000-003083-6fdea68b,1784800232582,1784800232582,202,0.000,cold
3101,exp-cold-10000-003103-81cd6964,1784800232582,1784800232583,202,1.000,cold
3102,exp-cold-10000-003105-d2104e43,1784800232582,1784800232583,202,1.000,cold
3103,exp-cold-10000-003106-cbf4684c,1784800232582,1784800232583,202,1.000,cold
3104,exp-cold-10000-003107-a3de41c2,1784800232582,1784800232583,202,1.000,cold
3105,exp-cold-10000-003108-2ecd34a1,1784800232582,1784800232583,202,1.000,cold
3106,exp-cold-10000-003100-96f010af,1784800232583,1784800232583,202,0.000,cold
3107,exp-cold-10000-003102-0117751b,1784800232583,1784800232583,202,0.000,cold
3108,exp-cold-10000-003101-299457ec,1784800232583,1784800232583,202,0.000,cold
3109,exp-cold-10000-003114-a0df1b87,1784800232583,1784800232584,202,1.000,cold
3110,exp-cold-10000-003117-b0341e02,1784800232583,1784800232584,202,1.000,cold
3111,exp-cold-10000-003115-5919bf68,1784800232583,1784800232584,202,1.000,cold
3112,exp-cold-10000-003116-49afe4cd,1784800232583,1784800232585,202,2.000,cold
3113,exp-cold-10000-003109-8101b876,1784800232584,1784800232584,202,0.000,cold
3114,exp-cold-10000-003110-ccc6e1b9,1784800232584,1784800232584,202,0.000,cold
3115,exp-cold-10000-003111-6df18462,1784800232584,1784800232584,202,0.000,cold
3116,exp-cold-10000-003113-3c4c5bf1,1784800232584,1784800232584,202,0.000,cold
3117,exp-cold-10000-003112-2e0ccda7,1784800232584,1784800232584,202,0.000,cold
3118,exp-cold-10000-003122-85256954,1784800232584,1784800232585,202,1.000,cold
3119,exp-cold-10000-003123-7a4f68d0,1784800232584,1784800232586,202,2.000,cold
3120,exp-cold-10000-003118-34f2d197,1784800232585,1784800232585,202,0.000,cold
3121,exp-cold-10000-003119-c48c1759,1784800232585,1784800232585,202,0.000,cold
3122,exp-cold-10000-003120-15be85e5,1784800232585,1784800232585,202,0.000,cold
3123,exp-cold-10000-003121-c4120e83,1784800232585,1784800232585,202,0.000,cold
3124,exp-cold-10000-003128-95b8fe1d,1784800232585,1784800232586,202,1.000,cold
3125,exp-cold-10000-003125-4ce9abca,1784800232585,1784800232586,202,1.000,cold
3126,exp-cold-10000-003124-f09d639d,1784800232585,1784800232586,202,1.000,cold
3127,exp-cold-10000-003129-c5a4682b,1784800232585,1784800232586,202,1.000,cold
3128,exp-cold-10000-003136-183fb0fb,1784800232585,1784800232587,202,2.000,cold
3129,exp-cold-10000-003149-bfc0b0cc,1784800232585,1784800232588,202,3.000,cold
3130,exp-cold-10000-003142-453bb167,1784800232585,1784800232588,202,3.000,cold
3131,exp-cold-10000-003126-40db9a0d,1784800232586,1784800232586,202,0.000,cold
3132,exp-cold-10000-003127-82847b17,1784800232586,1784800232586,202,0.000,cold
3133,exp-cold-10000-003133-0c57c10e,1784800232586,1784800232587,202,1.000,cold
3134,exp-cold-10000-003137-69f5658a,1784800232586,1784800232587,202,1.000,cold
3135,exp-cold-10000-003139-f6996e2d,1784800232586,1784800232587,202,1.000,cold
3136,exp-cold-10000-003131-43c48432,1784800232586,1784800232587,202,1.000,cold
3137,exp-cold-10000-003134-c43e0dcf,1784800232586,1784800232587,202,1.000,cold
3138,exp-cold-10000-003138-41e9e83e,1784800232586,1784800232587,202,1.000,cold
3139,exp-cold-10000-003140-fb9d38b3,1784800232586,1784800232587,202,1.000,cold
3140,exp-cold-10000-003130-1174d301,1784800232586,1784800232587,202,1.000,cold
3141,exp-cold-10000-003132-7d7a54c3,1784800232587,1784800232587,202,0.000,cold
3142,exp-cold-10000-003145-a42e125a,1784800232587,1784800232588,202,1.000,cold
3143,exp-cold-10000-003148-4c397e95,1784800232587,1784800232588,202,1.000,cold
3144,exp-cold-10000-003147-d6a9182f,1784800232587,1784800232588,202,1.000,cold
3145,exp-cold-10000-003143-01dff387,1784800232587,1784800232588,202,1.000,cold
3146,exp-cold-10000-003150-5cd71b93,1784800232587,1784800232588,202,1.000,cold
3147,exp-cold-10000-003146-e1d09cf4,1784800232587,1784800232588,202,1.000,cold
3148,exp-cold-10000-003151-12395c9a,1784800232587,1784800232588,202,1.000,cold
3149,exp-cold-10000-003135-05795b99,1784800232587,1784800232588,202,1.000,cold
3150,exp-cold-10000-003144-ae958219,1784800232587,1784800232588,202,1.000,cold
3151,exp-cold-10000-003156-bab06c65,1784800232587,1784800232589,202,2.000,cold
3152,exp-cold-10000-003141-13dc6b5a,1784800232588,1784800232588,202,0.000,cold
3153,exp-cold-10000-003158-fe8e0a40,1784800232588,1784800232589,202,1.000,cold
3154,exp-cold-10000-003152-c843a2e5,1784800232588,1784800232589,202,1.000,cold
3155,exp-cold-10000-003160-a4daeddb,1784800232588,1784800232589,202,1.000,cold
3156,exp-cold-10000-003159-85085d4e,1784800232588,1784800232589,202,1.000,cold
3157,exp-cold-10000-003168-758a46a9,1784800232588,1784800232590,202,2.000,cold
3158,exp-cold-10000-003169-30829781,1784800232588,1784800232590,202,2.000,cold
3159,exp-cold-10000-003167-94c5a864,1784800232588,1784800232590,202,2.000,cold
3160,exp-cold-10000-003162-04fdd9e6,1784800232588,1784800232590,202,2.000,cold
3161,exp-cold-10000-003154-1277bb2d,1784800232589,1784800232589,202,0.000,cold
3162,exp-cold-10000-003155-e82128a4,1784800232589,1784800232589,202,0.000,cold
3163,exp-cold-10000-003153-d4eae3d8,1784800232589,1784800232589,202,0.000,cold
3164,exp-cold-10000-003157-5d9fc94d,1784800232589,1784800232589,202,0.000,cold
3165,exp-cold-10000-003170-ab5bb733,1784800232589,1784800232590,202,1.000,cold
3166,exp-cold-10000-003171-113a0fbf,1784800232589,1784800232590,202,1.000,cold
3167,exp-cold-10000-003166-2ce626b3,1784800232589,1784800232590,202,1.000,cold
3168,exp-cold-10000-003161-cc07f49e,1784800232589,1784800232590,202,1.000,cold
3169,exp-cold-10000-003176-d5bb8f91,1784800232589,1784800232591,202,2.000,cold
3170,exp-cold-10000-003163-be22f9d7,1784800232590,1784800232590,202,0.000,cold
3171,exp-cold-10000-003164-10435609,1784800232590,1784800232590,202,0.000,cold
3172,exp-cold-10000-003165-369aafc3,1784800232590,1784800232590,202,0.000,cold
3173,exp-cold-10000-003177-6d42f309,1784800232590,1784800232591,202,1.000,cold
3174,exp-cold-10000-003182-685825fe,1784800232590,1784800232591,202,1.000,cold
3175,exp-cold-10000-003173-47fe9193,1784800232590,1784800232591,202,1.000,cold
3176,exp-cold-10000-003179-b6003f97,1784800232590,1784800232591,202,1.000,cold
3177,exp-cold-10000-003183-095512d1,1784800232590,1784800232591,202,1.000,cold
3178,exp-cold-10000-003181-602e34d7,1784800232590,1784800232591,202,1.000,cold
3179,exp-cold-10000-003175-439ec7e6,1784800232590,1784800232591,202,1.000,cold
3180,exp-cold-10000-003180-d2366053,1784800232590,1784800232591,202,1.000,cold
3181,exp-cold-10000-003194-5a636aee,1784800232590,1784800232592,202,2.000,cold
3182,exp-cold-10000-003202-8741cec9,1784800232590,1784800232593,202,3.000,cold
3183,exp-cold-10000-003172-34e7e80c,1784800232591,1784800232591,202,0.000,cold
3184,exp-cold-10000-003174-722a2e89,1784800232591,1784800232591,202,0.000,cold
3185,exp-cold-10000-003189-c6c92759,1784800232591,1784800232592,202,1.000,cold
3186,exp-cold-10000-003192-0501994c,1784800232591,1784800232592,202,1.000,cold
3187,exp-cold-10000-003187-9b10c519,1784800232591,1784800232592,202,1.000,cold
3188,exp-cold-10000-003193-52071563,1784800232591,1784800232592,202,1.000,cold
3189,exp-cold-10000-003203-8bcf7a0b,1784800232591,1784800232593,202,2.000,cold
3190,exp-cold-10000-003209-6d9a9831,1784800232591,1784800232594,202,3.000,cold
3191,exp-cold-10000-003184-53b3b2e4,1784800232592,1784800232592,202,0.000,cold
3192,exp-cold-10000-003185-4ddcc96f,1784800232592,1784800232592,202,0.000,cold
3193,exp-cold-10000-003186-8e255846,1784800232592,1784800232592,202,0.000,cold
3194,exp-cold-10000-003188-0aa21458,1784800232592,1784800232592,202,0.000,cold
3195,exp-cold-10000-003190-709a362f,1784800232592,1784800232592,202,0.000,cold
3196,exp-cold-10000-003178-fa18c142,1784800232592,1784800232592,202,0.000,cold
3197,exp-cold-10000-003204-f61821b5,1784800232592,1784800232593,202,1.000,cold
3198,exp-cold-10000-003205-0c5cb36b,1784800232592,1784800232593,202,1.000,cold
3199,exp-cold-10000-003207-0192fa45,1784800232592,1784800232593,202,1.000,cold
3200,exp-cold-10000-003201-c567344c,1784800232592,1784800232593,202,1.000,cold
3201,exp-cold-10000-003197-262857e1,1784800232592,1784800232593,202,1.000,cold
3202,exp-cold-10000-003206-66cd64e0,1784800232592,1784800232593,202,1.000,cold
3203,exp-cold-10000-003198-0965068d,1784800232593,1784800232593,202,0.000,cold
3204,exp-cold-10000-003196-f33253d5,1784800232593,1784800232593,202,0.000,cold
3205,exp-cold-10000-003195-d11b082a,1784800232593,1784800232593,202,0.000,cold
3206,exp-cold-10000-003200-7664da42,1784800232593,1784800232593,202,0.000,cold
3207,exp-cold-10000-003199-4b56edf2,1784800232593,1784800232593,202,0.000,cold
3208,exp-cold-10000-003191-2228ed80,1784800232593,1784800232593,202,0.000,cold
3209,exp-cold-10000-003217-8486e963,1784800232593,1784800232594,202,1.000,cold
3210,exp-cold-10000-003218-60cd6e33,1784800232593,1784800232594,202,1.000,cold
3211,exp-cold-10000-003213-bfc153d5,1784800232593,1784800232594,202,1.000,cold
3212,exp-cold-10000-003220-794dcba4,1784800232593,1784800232594,202,1.000,cold
3213,exp-cold-10000-003216-e8afaeb9,1784800232593,1784800232594,202,1.000,cold
3214,exp-cold-10000-003219-bb6280e0,1784800232593,1784800232594,202,1.000,cold
3215,exp-cold-10000-003215-dc6263a1,1784800232593,1784800232594,202,1.000,cold
3216,exp-cold-10000-003226-99cfc5b4,1784800232593,1784800232595,202,2.000,cold
3217,exp-cold-10000-003229-c41c2fc4,1784800232593,1784800232596,202,3.000,cold
3218,exp-cold-10000-003208-33166347,1784800232594,1784800232594,202,0.000,cold
3219,exp-cold-10000-003212-78937fee,1784800232594,1784800232594,202,0.000,cold
3220,exp-cold-10000-003214-a8ae162d,1784800232594,1784800232594,202,0.000,cold
3221,exp-cold-10000-003211-adcbec1d,1784800232594,1784800232594,202,0.000,cold
3222,exp-cold-10000-003230-37d92c34,1784800232594,1784800232595,202,1.000,cold
3223,exp-cold-10000-003231-5a1ade3a,1784800232594,1784800232595,202,1.000,cold
3224,exp-cold-10000-003235-6b7d2991,1784800232594,1784800232595,202,1.000,cold
3225,exp-cold-10000-003234-0a6cc748,1784800232594,1784800232595,202,1.000,cold
3226,exp-cold-10000-003227-90b1e994,1784800232594,1784800232595,202,1.000,cold
3227,exp-cold-10000-003223-57cb586f,1784800232594,1784800232595,202,1.000,cold
3228,exp-cold-10000-003233-5426a357,1784800232594,1784800232595,202,1.000,cold
3229,exp-cold-10000-003232-64eaba72,1784800232594,1784800232595,202,1.000,cold
3230,exp-cold-10000-003222-9fd2598b,1784800232595,1784800232595,202,0.000,cold
3231,exp-cold-10000-003225-75e0632e,1784800232595,1784800232595,202,0.000,cold
3232,exp-cold-10000-003221-60621989,1784800232595,1784800232595,202,0.000,cold
3233,exp-cold-10000-003228-12e9b395,1784800232595,1784800232595,202,0.000,cold
3234,exp-cold-10000-003224-7cc2ecb8,1784800232595,1784800232595,202,0.000,cold
3235,exp-cold-10000-003237-f17e497d,1784800232595,1784800232596,202,1.000,cold
3236,exp-cold-10000-003244-8992e0ce,1784800232595,1784800232596,202,1.000,cold
3237,exp-cold-10000-003243-b6eab546,1784800232595,1784800232596,202,1.000,cold
3238,exp-cold-10000-003239-facbb251,1784800232595,1784800232596,202,1.000,cold
3239,exp-cold-10000-003249-cf372079,1784800232595,1784800232597,202,2.000,cold
3240,exp-cold-10000-003251-df1f9613,1784800232595,1784800232597,202,2.000,cold
3241,exp-cold-10000-003236-a2250cb0,1784800232596,1784800232596,202,0.000,cold
3242,exp-cold-10000-003210-fe541027,1784800232596,1784800232596,202,0.000,cold
3243,exp-cold-10000-003238-61d3a6a4,1784800232596,1784800232596,202,0.000,cold
3244,exp-cold-10000-003241-2c00f90e,1784800232596,1784800232596,202,0.000,cold
3245,exp-cold-10000-003240-83a0c751,1784800232596,1784800232596,202,0.000,cold
3246,exp-cold-10000-003242-f8bcd1da,1784800232596,1784800232596,202,0.000,cold
3247,exp-cold-10000-003253-22787699,1784800232596,1784800232597,202,1.000,cold
3248,exp-cold-10000-003255-279298d8,1784800232596,1784800232597,202,1.000,cold
3249,exp-cold-10000-003248-b59f20f8,1784800232596,1784800232597,202,1.000,cold
3250,exp-cold-10000-003254-59363d7a,1784800232596,1784800232597,202,1.000,cold
3251,exp-cold-10000-003265-d3196557,1784800232596,1784800232598,202,2.000,cold
3252,exp-cold-10000-003284-19a2acc7,1784800232596,1784800232600,202,4.000,cold
3253,exp-cold-10000-003250-c5d2d150,1784800232597,1784800232597,202,0.000,cold
3254,exp-cold-10000-003252-7e2c5bb6,1784800232597,1784800232597,202,0.000,cold
3255,exp-cold-10000-003247-3f3664e8,1784800232597,1784800232597,202,0.000,cold
3256,exp-cold-10000-003246-cc60851c,1784800232597,1784800232597,202,0.000,cold
3257,exp-cold-10000-003245-3aa378d9,1784800232597,1784800232597,202,0.000,cold
3258,exp-cold-10000-003261-7998dc2d,1784800232597,1784800232598,202,1.000,cold
3259,exp-cold-10000-003263-5b113f2b,1784800232597,1784800232598,202,1.000,cold
3260,exp-cold-10000-003257-0d3c5f0b,1784800232597,1784800232598,202,1.000,cold
3261,exp-cold-10000-003264-f5d88ae2,1784800232597,1784800232598,202,1.000,cold
3262,exp-cold-10000-003262-01977c4b,1784800232597,1784800232598,202,1.000,cold
3263,exp-cold-10000-003256-ae275b15,1784800232597,1784800232598,202,1.000,cold
3264,exp-cold-10000-003272-e4be21b4,1784800232597,1784800232599,202,2.000,cold
3265,exp-cold-10000-003278-e665da84,1784800232597,1784800232599,202,2.000,cold
3266,exp-cold-10000-003258-4957b05e,1784800232598,1784800232598,202,0.000,cold
3267,exp-cold-10000-003259-b9f50fce,1784800232598,1784800232598,202,0.000,cold
3268,exp-cold-10000-003260-619b190b,1784800232598,1784800232598,202,0.000,cold
3269,exp-cold-10000-003274-a72d922f,1784800232598,1784800232599,202,1.000,cold
3270,exp-cold-10000-003273-f84cf2d4,1784800232598,1784800232599,202,1.000,cold
3271,exp-cold-10000-003275-7e5e72f9,1784800232598,1784800232599,202,1.000,cold
3272,exp-cold-10000-003277-7d1ee76d,1784800232598,1784800232599,202,1.000,cold
3273,exp-cold-10000-003279-8ff21ed4,1784800232598,1784800232599,202,1.000,cold
3274,exp-cold-10000-003276-d50655f5,1784800232598,1784800232599,202,1.000,cold
3275,exp-cold-10000-003271-5c2f754f,1784800232598,1784800232599,202,1.000,cold
3276,exp-cold-10000-003282-565df584,1784800232598,1784800232600,202,2.000,cold
3277,exp-cold-10000-003268-8155574d,1784800232599,1784800232599,202,0.000,cold
3278,exp-cold-10000-003267-31ae4066,1784800232599,1784800232599,202,0.000,cold
3279,exp-cold-10000-003266-d2dd7764,1784800232599,1784800232599,202,0.000,cold
3280,exp-cold-10000-003269-8e5df17e,1784800232599,1784800232599,202,0.000,cold
3281,exp-cold-10000-003270-5a9f3e6c,1784800232599,1784800232599,202,0.000,cold
3282,exp-cold-10000-003286-7b95fe8b,1784800232599,1784800232600,202,1.000,cold
3283,exp-cold-10000-003287-e49c03d0,1784800232599,1784800232600,202,1.000,cold
3284,exp-cold-10000-003288-7830ab3e,1784800232599,1784800232600,202,1.000,cold
3285,exp-cold-10000-003289-a635d589,1784800232599,1784800232600,202,1.000,cold
3286,exp-cold-10000-003283-38c81ec8,1784800232599,1784800232600,202,1.000,cold
3287,exp-cold-10000-003297-411876ee,1784800232599,1784800232601,202,2.000,cold
3288,exp-cold-10000-003280-6af6dde7,1784800232600,1784800232600,202,0.000,cold
3289,exp-cold-10000-003281-c664246c,1784800232600,1784800232600,202,0.000,cold
3290,exp-cold-10000-003285-11bc0ea6,1784800232600,1784800232600,202,0.000,cold
3291,exp-cold-10000-003295-3fcb9362,1784800232600,1784800232601,202,1.000,cold
3292,exp-cold-10000-003296-7660c96d,1784800232600,1784800232601,202,1.000,cold
3293,exp-cold-10000-003293-b7843729,1784800232600,1784800232601,202,1.000,cold
3294,exp-cold-10000-003290-d9efe81a,1784800232601,1784800232601,202,0.000,cold
3295,exp-cold-10000-003291-d0c7a2a8,1784800232601,1784800232601,202,0.000,cold
3296,exp-cold-10000-003294-07aefb86,1784800232601,1784800232601,202,0.000,cold
3297,exp-cold-10000-003292-cc47e829,1784800232601,1784800232601,202,0.000,cold
3298,exp-cold-10000-003302-bb6152e4,1784800232601,1784800232602,202,1.000,cold
3299,exp-cold-10000-003308-876a3361,1784800232601,1784800232602,202,1.000,cold
3300,exp-cold-10000-003306-f3076f90,1784800232601,1784800232602,202,1.000,cold
3301,exp-cold-10000-003303-45bd3dfe,1784800232601,1784800232602,202,1.000,cold
3302,exp-cold-10000-003309-01553c45,1784800232601,1784800232602,202,1.000,cold
3303,exp-cold-10000-003307-c19f429b,1784800232601,1784800232602,202,1.000,cold
3304,exp-cold-10000-003304-e851b4e4,1784800232601,1784800232603,202,2.000,cold
3305,exp-cold-10000-003315-87e0b04a,1784800232601,1784800232603,202,2.000,cold
3306,exp-cold-10000-003298-528bed26,1784800232602,1784800232602,202,0.000,cold
3307,exp-cold-10000-003299-5b52faf2,1784800232602,1784800232602,202,0.000,cold
3308,exp-cold-10000-003300-269add91,1784800232602,1784800232602,202,0.000,cold
3309,exp-cold-10000-003301-2be28d56,1784800232602,1784800232602,202,0.000,cold
3310,exp-cold-10000-003317-23212656,1784800232602,1784800232603,202,1.000,cold
3311,exp-cold-10000-003316-d6c7693f,1784800232602,1784800232603,202,1.000,cold
3312,exp-cold-10000-003318-b6e520c7,1784800232602,1784800232603,202,1.000,cold
3313,exp-cold-10000-003311-36f548a9,1784800232602,1784800232603,202,1.000,cold
3314,exp-cold-10000-003305-55e36f2f,1784800232602,1784800232603,202,1.000,cold
3315,exp-cold-10000-003320-404dbe6d,1784800232602,1784800232603,202,1.000,cold
3316,exp-cold-10000-003319-2d202b2c,1784800232602,1784800232603,202,1.000,cold
3317,exp-cold-10000-003321-021aaf9a,1784800232602,1784800232603,202,1.000,cold
3318,exp-cold-10000-003312-ded2ed89,1784800232602,1784800232603,202,1.000,cold
3319,exp-cold-10000-003322-5ac38aee,1784800232602,1784800232603,202,1.000,cold
3320,exp-cold-10000-003314-db932ba1,1784800232602,1784800232603,202,1.000,cold
3321,exp-cold-10000-003324-010b7e7f,1784800232602,1784800232604,202,2.000,cold
3322,exp-cold-10000-003310-8fca8b01,1784800232603,1784800232603,202,0.000,cold
3323,exp-cold-10000-003313-6210c060,1784800232603,1784800232603,202,0.000,cold
3324,exp-cold-10000-003332-db189254,1784800232603,1784800232604,202,1.000,cold
3325,exp-cold-10000-003330-5d3d8ca2,1784800232603,1784800232604,202,1.000,cold
3326,exp-cold-10000-003329-f39357ee,1784800232603,1784800232604,202,1.000,cold
3327,exp-cold-10000-003323-994a0339,1784800232603,1784800232604,202,1.000,cold
3328,exp-cold-10000-003326-9880df06,1784800232603,1784800232604,202,1.000,cold
3329,exp-cold-10000-003331-d4f6b140,1784800232603,1784800232604,202,1.000,cold
3330,exp-cold-10000-003350-8615c382,1784800232603,1784800232606,202,3.000,cold
3331,exp-cold-10000-003327-37267771,1784800232604,1784800232604,202,0.000,cold
3332,exp-cold-10000-003325-c2190656,1784800232604,1784800232604,202,0.000,cold
3333,exp-cold-10000-003328-eb5bfc15,1784800232604,1784800232604,202,0.000,cold
3334,exp-cold-10000-003340-163cc373,1784800232604,1784800232605,202,1.000,cold
3335,exp-cold-10000-003341-d933872b,1784800232604,1784800232605,202,1.000,cold
3336,exp-cold-10000-003333-fc065470,1784800232604,1784800232605,202,1.000,cold
3337,exp-cold-10000-003339-66791974,1784800232604,1784800232605,202,1.000,cold
3338,exp-cold-10000-003343-5e0361ee,1784800232604,1784800232605,202,1.000,cold
3339,exp-cold-10000-003342-8710bf38,1784800232604,1784800232605,202,1.000,cold
3340,exp-cold-10000-003337-ba80a497,1784800232604,1784800232605,202,1.000,cold
3341,exp-cold-10000-003375-1217d99b,1784800232604,1784800232608,202,4.000,cold
3342,exp-cold-10000-003334-bda639ae,1784800232605,1784800232605,202,0.000,cold
3343,exp-cold-10000-003335-d802bce9,1784800232605,1784800232605,202,0.000,cold
3344,exp-cold-10000-003338-45646631,1784800232605,1784800232605,202,0.000,cold
3345,exp-cold-10000-003336-84ca4a4f,1784800232605,1784800232605,202,0.000,cold
3346,exp-cold-10000-003346-cfc53262,1784800232605,1784800232606,202,1.000,cold
3347,exp-cold-10000-003349-0fcb8567,1784800232605,1784800232606,202,1.000,cold
3348,exp-cold-10000-003354-047d2f8f,1784800232605,1784800232606,202,1.000,cold
3349,exp-cold-10000-003352-ae23d32a,1784800232605,1784800232606,202,1.000,cold
3350,exp-cold-10000-003353-22fbdc37,1784800232605,1784800232606,202,1.000,cold
3351,exp-cold-10000-003351-2d0f55ee,1784800232605,1784800232606,202,1.000,cold
3352,exp-cold-10000-003348-19ff9e23,1784800232605,1784800232606,202,1.000,cold
3353,exp-cold-10000-003364-b3e6e7cb,1784800232605,1784800232607,202,2.000,cold
3354,exp-cold-10000-003344-cfb7d7f5,1784800232606,1784800232606,202,0.000,cold
3355,exp-cold-10000-003345-1d63c08a,1784800232606,1784800232606,202,0.000,cold
3356,exp-cold-10000-003347-43f6d635,1784800232606,1784800232606,202,0.000,cold
3357,exp-cold-10000-003361-30fa6e4f,1784800232606,1784800232607,202,1.000,cold
3358,exp-cold-10000-003358-9b424c1b,1784800232606,1784800232607,202,1.000,cold
3359,exp-cold-10000-003363-d7605373,1784800232606,1784800232607,202,1.000,cold
3360,exp-cold-10000-003362-d0d8edaf,1784800232606,1784800232607,202,1.000,cold
3361,exp-cold-10000-003366-3188b620,1784800232606,1784800232607,202,1.000,cold
3362,exp-cold-10000-003369-ade8ae06,1784800232606,1784800232607,202,1.000,cold
3363,exp-cold-10000-003359-b5d768fb,1784800232606,1784800232607,202,1.000,cold
3364,exp-cold-10000-003365-5a30f48b,1784800232606,1784800232607,202,1.000,cold
3365,exp-cold-10000-003368-d737b331,1784800232606,1784800232607,202,1.000,cold
3366,exp-cold-10000-003377-9425182f,1784800232606,1784800232608,202,2.000,cold
3367,exp-cold-10000-003367-a78ddec8,1784800232606,1784800232608,202,2.000,cold
3368,exp-cold-10000-003355-038aca62,1784800232607,1784800232607,202,0.000,cold
3369,exp-cold-10000-003357-b2f0c401,1784800232607,1784800232607,202,0.000,cold
3370,exp-cold-10000-003356-4d9a9c10,1784800232607,1784800232607,202,0.000,cold
3371,exp-cold-10000-003360-436ac2d4,1784800232607,1784800232607,202,0.000,cold
3372,exp-cold-10000-003376-f6f4609d,1784800232607,1784800232608,202,1.000,cold
3373,exp-cold-10000-003380-080b291d,1784800232607,1784800232608,202,1.000,cold
3374,exp-cold-10000-003378-6f89ad6c,1784800232607,1784800232608,202,1.000,cold
3375,exp-cold-10000-003374-025a44e1,1784800232607,1784800232608,202,1.000,cold
3376,exp-cold-10000-003373-bf9e6a69,1784800232607,1784800232608,202,1.000,cold
3377,exp-cold-10000-003379-954347d0,1784800232607,1784800232608,202,1.000,cold
3378,exp-cold-10000-003372-6b701105,1784800232607,1784800232608,202,1.000,cold
3379,exp-cold-10000-003382-a97bcd69,1784800232607,1784800232608,202,1.000,cold
3380,exp-cold-10000-003383-93f5bb75,1784800232607,1784800232608,202,1.000,cold
3381,exp-cold-10000-003381-971c4b3a,1784800232607,1784800232608,202,1.000,cold
3382,exp-cold-10000-003371-6a8aac7b,1784800232608,1784800232608,202,0.000,cold
3383,exp-cold-10000-003370-8886c739,1784800232608,1784800232608,202,0.000,cold
3384,exp-cold-10000-003390-dbb00b35,1784800232608,1784800232609,202,1.000,cold
3385,exp-cold-10000-003391-77544b52,1784800232608,1784800232609,202,1.000,cold
3386,exp-cold-10000-003392-591f6e6a,1784800232608,1784800232609,202,1.000,cold
3387,exp-cold-10000-003393-1d247a00,1784800232608,1784800232609,202,1.000,cold
3388,exp-cold-10000-003394-44179ca5,1784800232608,1784800232609,202,1.000,cold
3389,exp-cold-10000-003389-23a27c9d,1784800232608,1784800232609,202,1.000,cold
3390,exp-cold-10000-003387-4afe195c,1784800232608,1784800232609,202,1.000,cold
3391,exp-cold-10000-003384-b12a116b,1784800232609,1784800232609,202,0.000,cold
3392,exp-cold-10000-003385-1a6f9b39,1784800232609,1784800232609,202,0.000,cold
3393,exp-cold-10000-003386-b4c3d1c5,1784800232609,1784800232609,202,0.000,cold
3394,exp-cold-10000-003388-bd1e25ff,1784800232609,1784800232609,202,0.000,cold
3395,exp-cold-10000-003402-c97c2a21,1784800232609,1784800232610,202,1.000,cold
3396,exp-cold-10000-003404-a25ca355,1784800232609,1784800232610,202,1.000,cold
3397,exp-cold-10000-003403-ea0f59ad,1784800232609,1784800232610,202,1.000,cold
3398,exp-cold-10000-003400-24c13a39,1784800232609,1784800232610,202,1.000,cold
3399,exp-cold-10000-003408-1bfa80a9,1784800232609,1784800232610,202,1.000,cold
3400,exp-cold-10000-003409-130e3aae,1784800232609,1784800232610,202,1.000,cold
3401,exp-cold-10000-003399-16a18e0d,1784800232609,1784800232610,202,1.000,cold
3402,exp-cold-10000-003410-9d226662,1784800232609,1784800232610,202,1.000,cold
3403,exp-cold-10000-003397-d858e249,1784800232609,1784800232610,202,1.000,cold
3404,exp-cold-10000-003406-d328a62e,1784800232609,1784800232610,202,1.000,cold
3405,exp-cold-10000-003395-d7727dfd,1784800232610,1784800232610,202,0.000,cold
3406,exp-cold-10000-003396-252837ad,1784800232610,1784800232610,202,0.000,cold
3407,exp-cold-10000-003398-8921c461,1784800232610,1784800232610,202,0.000,cold
3408,exp-cold-10000-003405-871a8f3d,1784800232610,1784800232611,202,1.000,cold
3409,exp-cold-10000-003418-aa537305,1784800232610,1784800232611,202,1.000,cold
3410,exp-cold-10000-003421-d833475f,1784800232610,1784800232611,202,1.000,cold
3411,exp-cold-10000-003419-f5176d7a,1784800232610,1784800232611,202,1.000,cold
3412,exp-cold-10000-003422-047bbc45,1784800232610,1784800232611,202,1.000,cold
3413,exp-cold-10000-003420-0f3c8d6a,1784800232610,1784800232611,202,1.000,cold
3414,exp-cold-10000-003425-3a4ade70,1784800232610,1784800232612,202,2.000,cold
3415,exp-cold-10000-003429-efdb723d,1784800232610,1784800232612,202,2.000,cold
3416,exp-cold-10000-003411-dc77dc03,1784800232611,1784800232611,202,0.000,cold
3417,exp-cold-10000-003412-1595a74a,1784800232611,1784800232611,202,0.000,cold
3418,exp-cold-10000-003401-f24b7f44,1784800232611,1784800232611,202,0.000,cold
3419,exp-cold-10000-003416-43f76aaa,1784800232611,1784800232611,202,0.000,cold
3420,exp-cold-10000-003413-232e654a,1784800232611,1784800232611,202,0.000,cold
3421,exp-cold-10000-003407-3564ebbb,1784800232611,1784800232611,202,0.000,cold
3422,exp-cold-10000-003414-b50dd81c,1784800232611,1784800232611,202,0.000,cold
3423,exp-cold-10000-003415-03a14c77,1784800232611,1784800232611,202,0.000,cold
3424,exp-cold-10000-003417-54c13695,1784800232611,1784800232611,202,0.000,cold
3425,exp-cold-10000-003430-07e3122a,1784800232611,1784800232612,202,1.000,cold
3426,exp-cold-10000-003431-058452d9,1784800232611,1784800232612,202,1.000,cold
3427,exp-cold-10000-003428-6dd6d154,1784800232611,1784800232612,202,1.000,cold
3428,exp-cold-10000-003435-a85527ff,1784800232611,1784800232612,202,1.000,cold
3429,exp-cold-10000-003436-1f55d87c,1784800232611,1784800232612,202,1.000,cold
3430,exp-cold-10000-003432-c95f8da8,1784800232611,1784800232612,202,1.000,cold
3431,exp-cold-10000-003433-d4a3c72c,1784800232611,1784800232612,202,1.000,cold
3432,exp-cold-10000-003437-fc4ad8c8,1784800232611,1784800232612,202,1.000,cold
3433,exp-cold-10000-003441-76b57c2e,1784800232611,1784800232613,202,2.000,cold
3434,exp-cold-10000-003462-95b31137,1784800232611,1784800232614,202,3.000,cold
3435,exp-cold-10000-003424-6a417ec3,1784800232612,1784800232612,202,0.000,cold
3436,exp-cold-10000-003426-a7beb31b,1784800232612,1784800232612,202,0.000,cold
3437,exp-cold-10000-003423-2a246f10,1784800232612,1784800232612,202,0.000,cold
3438,exp-cold-10000-003427-fa207218,1784800232612,1784800232612,202,0.000,cold
3439,exp-cold-10000-003434-118ce3bf,1784800232612,1784800232613,202,1.000,cold
3440,exp-cold-10000-003445-dcae73ea,1784800232612,1784800232613,202,1.000,cold
3441,exp-cold-10000-003444-429ad8ff,1784800232612,1784800232613,202,1.000,cold
3442,exp-cold-10000-003447-da6f704c,1784800232612,1784800232613,202,1.000,cold
3443,exp-cold-10000-003448-b8dc987c,1784800232612,1784800232613,202,1.000,cold
3444,exp-cold-10000-003446-76d097ed,1784800232612,1784800232613,202,1.000,cold
3445,exp-cold-10000-003461-87129bf5,1784800232612,1784800232614,202,2.000,cold
3446,exp-cold-10000-003457-511719cf,1784800232612,1784800232614,202,2.000,cold
3447,exp-cold-10000-003438-d485f2e1,1784800232613,1784800232613,202,0.000,cold
3448,exp-cold-10000-003442-be3d97e3,1784800232613,1784800232613,202,0.000,cold
3449,exp-cold-10000-003439-f3bce7b0,1784800232613,1784800232613,202,0.000,cold
3450,exp-cold-10000-003443-77069f6d,1784800232613,1784800232613,202,0.000,cold
3451,exp-cold-10000-003440-fd373562,1784800232613,1784800232613,202,0.000,cold
3452,exp-cold-10000-003458-e3bea7b2,1784800232613,1784800232614,202,1.000,cold
3453,exp-cold-10000-003451-43c4b54f,1784800232613,1784800232614,202,1.000,cold
3454,exp-cold-10000-003459-4342d877,1784800232613,1784800232614,202,1.000,cold
3455,exp-cold-10000-003456-ab152c3d,1784800232613,1784800232614,202,1.000,cold
3456,exp-cold-10000-003464-9dafcc6d,1784800232613,1784800232614,202,1.000,cold
3457,exp-cold-10000-003460-56e792c2,1784800232613,1784800232614,202,1.000,cold
3458,exp-cold-10000-003463-fff7f709,1784800232613,1784800232614,202,1.000,cold
3459,exp-cold-10000-003452-3d1ef417,1784800232613,1784800232614,202,1.000,cold
3460,exp-cold-10000-003450-0cf6c532,1784800232614,1784800232614,202,0.000,cold
3461,exp-cold-10000-003454-e255fab9,1784800232614,1784800232614,202,0.000,cold
3462,exp-cold-10000-003455-5d6e0f1b,1784800232614,1784800232614,202,0.000,cold
3463,exp-cold-10000-003449-7ef07598,1784800232614,1784800232614,202,0.000,cold
3464,exp-cold-10000-003453-c7253d21,1784800232614,1784800232614,202,0.000,cold
3465,exp-cold-10000-003469-d3f28682,1784800232614,1784800232615,202,1.000,cold
3466,exp-cold-10000-003468-2e2f1dd1,1784800232614,1784800232615,202,1.000,cold
3467,exp-cold-10000-003465-16d73cfc,1784800232615,1784800232615,202,0.000,cold
3468,exp-cold-10000-003466-6c0c6690,1784800232615,1784800232615,202,0.000,cold
3469,exp-cold-10000-003467-1c6cf409,1784800232615,1784800232615,202,0.000,cold
3470,exp-cold-10000-003472-6dd25c71,1784800232615,1784800232616,202,1.000,cold
3471,exp-cold-10000-003479-4a07ebd4,1784800232615,1784800232616,202,1.000,cold
3472,exp-cold-10000-003478-3cdb91c0,1784800232615,1784800232616,202,1.000,cold
3473,exp-cold-10000-003483-255e7478,1784800232615,1784800232617,202,2.000,cold
3474,exp-cold-10000-003473-52a2f24f,1784800232616,1784800232616,202,0.000,cold
3475,exp-cold-10000-003471-3b8d52e5,1784800232616,1784800232616,202,0.000,cold
3476,exp-cold-10000-003474-6184c41b,1784800232616,1784800232616,202,0.000,cold
3477,exp-cold-10000-003475-7583d45e,1784800232616,1784800232616,202,0.000,cold
3478,exp-cold-10000-003476-29e12c1e,1784800232616,1784800232616,202,0.000,cold
3479,exp-cold-10000-003470-5ac2add5,1784800232616,1784800232616,202,0.000,cold
3480,exp-cold-10000-003484-5aed315a,1784800232616,1784800232617,202,1.000,cold
3481,exp-cold-10000-003487-d8539344,1784800232616,1784800232617,202,1.000,cold
3482,exp-cold-10000-003480-e8096923,1784800232616,1784800232617,202,1.000,cold
3483,exp-cold-10000-003477-8e295ae1,1784800232616,1784800232617,202,1.000,cold
3484,exp-cold-10000-003485-676c2b49,1784800232616,1784800232617,202,1.000,cold
3485,exp-cold-10000-003486-b304a14b,1784800232616,1784800232617,202,1.000,cold
3486,exp-cold-10000-003488-923e0314,1784800232616,1784800232618,202,2.000,cold
3487,exp-cold-10000-003490-09993b9f,1784800232616,1784800232618,202,2.000,cold
3488,exp-cold-10000-003507-bacd28ec,1784800232616,1784800232619,202,3.000,cold
3489,exp-cold-10000-003481-74a4998c,1784800232617,1784800232617,202,0.000,cold
3490,exp-cold-10000-003482-21ef73d5,1784800232617,1784800232617,202,0.000,cold
3491,exp-cold-10000-003493-e4050130,1784800232617,1784800232618,202,1.000,cold
3492,exp-cold-10000-003494-a908e327,1784800232617,1784800232618,202,1.000,cold
3493,exp-cold-10000-003492-88ef5d58,1784800232617,1784800232618,202,1.000,cold
3494,exp-cold-10000-003495-76471697,1784800232617,1784800232618,202,1.000,cold
3495,exp-cold-10000-003530-6be19168,1784800232617,1784800232621,202,4.000,cold
3496,exp-cold-10000-003518-db5bc22a,1784800232617,1784800232621,202,4.000,cold
3497,exp-cold-10000-003489-33d81dc3,1784800232618,1784800232618,202,0.000,cold
3498,exp-cold-10000-003491-2e29a0b4,1784800232618,1784800232618,202,0.000,cold
3499,exp-cold-10000-003497-2531a3d1,1784800232618,1784800232619,202,1.000,cold
3500,exp-cold-10000-003505-e1f6f8cc,1784800232618,1784800232619,202,1.000,cold
3501,exp-cold-10000-003502-06936665,1784800232618,1784800232619,202,1.000,cold
3502,exp-cold-10000-003508-9ebcf064,1784800232618,1784800232619,202,1.000,cold
3503,exp-cold-10000-003506-a296ddd7,1784800232618,1784800232619,202,1.000,cold
3504,exp-cold-10000-003501-0a93decd,1784800232618,1784800232619,202,1.000,cold
3505,exp-cold-10000-003510-38a14804,1784800232618,1784800232619,202,1.000,cold
3506,exp-cold-10000-003504-bfdfc177,1784800232618,1784800232619,202,1.000,cold
3507,exp-cold-10000-003509-ded45db9,1784800232618,1784800232619,202,1.000,cold
3508,exp-cold-10000-003511-94d1104c,1784800232618,1784800232619,202,1.000,cold
3509,exp-cold-10000-003500-3f1d9489,1784800232619,1784800232619,202,0.000,cold
3510,exp-cold-10000-003496-cae57e39,1784800232619,1784800232619,202,0.000,cold
3511,exp-cold-10000-003498-84d971e7,1784800232619,1784800232619,202,0.000,cold
3512,exp-cold-10000-003503-7dfc7b3b,1784800232619,1784800232619,202,0.000,cold
3513,exp-cold-10000-003499-bae50d76,1784800232619,1784800232619,202,0.000,cold
3514,exp-cold-10000-003519-b2647ff1,1784800232619,1784800232620,202,1.000,cold
3515,exp-cold-10000-003521-b7f5d62d,1784800232619,1784800232620,202,1.000,cold
3516,exp-cold-10000-003517-4c83b899,1784800232619,1784800232620,202,1.000,cold
3517,exp-cold-10000-003522-32a94086,1784800232619,1784800232620,202,1.000,cold
3518,exp-cold-10000-003513-f3b8fc5e,1784800232620,1784800232620,202,0.000,cold
3519,exp-cold-10000-003514-ec055a01,1784800232620,1784800232620,202,0.000,cold
3520,exp-cold-10000-003515-cdf7f416,1784800232620,1784800232620,202,0.000,cold
3521,exp-cold-10000-003516-33cebb04,1784800232620,1784800232620,202,0.000,cold
3522,exp-cold-10000-003512-3304c741,1784800232620,1784800232620,202,0.000,cold
3523,exp-cold-10000-003529-c0e394ca,1784800232620,1784800232621,202,1.000,cold
3524,exp-cold-10000-003526-a9cdfcdb,1784800232620,1784800232621,202,1.000,cold
3525,exp-cold-10000-003532-c703e5e5,1784800232620,1784800232621,202,1.000,cold
3526,exp-cold-10000-003520-c8f06ada,1784800232620,1784800232621,202,1.000,cold
3527,exp-cold-10000-003531-27ed3e1e,1784800232620,1784800232621,202,1.000,cold
3528,exp-cold-10000-003533-875a269c,1784800232620,1784800232621,202,1.000,cold
3529,exp-cold-10000-003528-240a4bc6,1784800232620,1784800232621,202,1.000,cold
3530,exp-cold-10000-003523-3711d849,1784800232620,1784800232621,202,1.000,cold
3531,exp-cold-10000-003555-8935a1bf,1784800232620,1784800232623,202,3.000,cold
3532,exp-cold-10000-003524-ded68013,1784800232621,1784800232621,202,0.000,cold
3533,exp-cold-10000-003525-5e1fac1c,1784800232621,1784800232621,202,0.000,cold
3534,exp-cold-10000-003527-4b6d91b4,1784800232621,1784800232621,202,0.000,cold
3535,exp-cold-10000-003540-ae4f629d,1784800232621,1784800232622,202,1.000,cold
3536,exp-cold-10000-003542-1bcf0a4a,1784800232621,1784800232622,202,1.000,cold
3537,exp-cold-10000-003544-10c99930,1784800232621,1784800232622,202,1.000,cold
3538,exp-cold-10000-003541-4f1e6f26,1784800232621,1784800232622,202,1.000,cold
3539,exp-cold-10000-003545-b5bf9f22,1784800232621,1784800232622,202,1.000,cold
3540,exp-cold-10000-003543-38ef8d8f,1784800232621,1784800232622,202,1.000,cold
3541,exp-cold-10000-003537-fe3f153a,1784800232621,1784800232622,202,1.000,cold
3542,exp-cold-10000-003536-4a309b25,1784800232622,1784800232622,202,0.000,cold
3543,exp-cold-10000-003535-d4e8918a,1784800232622,1784800232622,202,0.000,cold
3544,exp-cold-10000-003538-2dd21d8c,1784800232622,1784800232622,202,0.000,cold
3545,exp-cold-10000-003539-875eea8d,1784800232622,1784800232622,202,0.000,cold
3546,exp-cold-10000-003534-68936b52,1784800232622,1784800232622,202,0.000,cold
3547,exp-cold-10000-003551-7d84b59d,1784800232622,1784800232623,202,1.000,cold
3548,exp-cold-10000-003550-4ce2bc3b,1784800232622,1784800232623,202,1.000,cold
3549,exp-cold-10000-003553-9328b8da,1784800232622,1784800232623,202,1.000,cold
3550,exp-cold-10000-003546-baf9d886,1784800232622,1784800232623,202,1.000,cold
3551,exp-cold-10000-003556-b52583ea,1784800232622,1784800232623,202,1.000,cold
3552,exp-cold-10000-003557-aa40d95d,1784800232622,1784800232623,202,1.000,cold
3553,exp-cold-10000-003554-10b78cdc,1784800232622,1784800232623,202,1.000,cold
3554,exp-cold-10000-003549-82c5abe2,1784800232622,1784800232623,202,1.000,cold
3555,exp-cold-10000-003552-3bb3ecc5,1784800232622,1784800232623,202,1.000,cold
3556,exp-cold-10000-003571-88b7e062,1784800232622,1784800232624,202,2.000,cold
3557,exp-cold-10000-003587-65a7cf2d,1784800232622,1784800232626,202,4.000,cold
3558,exp-cold-10000-003547-c2056a6f,1784800232623,1784800232623,202,0.000,cold
3559,exp-cold-10000-003548-3613b9d2,1784800232623,1784800232623,202,0.000,cold
3560,exp-cold-10000-003565-83fc1a28,1784800232623,1784800232624,202,1.000,cold
3561,exp-cold-10000-003560-dc18df96,1784800232623,1784800232624,202,1.000,cold
3562,exp-cold-10000-003561-ce8e4b8f,1784800232623,1784800232624,202,1.000,cold
3563,exp-cold-10000-003563-819db019,1784800232623,1784800232624,202,1.000,cold
3564,exp-cold-10000-003558-03cb28fd,1784800232623,1784800232624,202,1.000,cold
3565,exp-cold-10000-003568-401fb312,1784800232623,1784800232624,202,1.000,cold
3566,exp-cold-10000-003567-2bb93e8e,1784800232623,1784800232624,202,1.000,cold
3567,exp-cold-10000-003570-e11f02ff,1784800232623,1784800232624,202,1.000,cold
3568,exp-cold-10000-003569-4ef40a6b,1784800232623,1784800232624,202,1.000,cold
3569,exp-cold-10000-003566-46130ff7,1784800232623,1784800232625,202,2.000,cold
3570,exp-cold-10000-003579-9752f0ba,1784800232623,1784800232626,202,3.000,cold
3571,exp-cold-10000-003559-408bc353,1784800232624,1784800232624,202,0.000,cold
3572,exp-cold-10000-003562-88bbfecd,1784800232624,1784800232624,202,0.000,cold
3573,exp-cold-10000-003564-b4f40a77,1784800232624,1784800232624,202,0.000,cold
3574,exp-cold-10000-003578-42ff811c,1784800232624,1784800232625,202,1.000,cold
3575,exp-cold-10000-003577-a8225a88,1784800232624,1784800232625,202,1.000,cold
3576,exp-cold-10000-003580-096c6cdc,1784800232624,1784800232625,202,1.000,cold
3577,exp-cold-10000-003573-25496b83,1784800232625,1784800232625,202,0.000,cold
3578,exp-cold-10000-003574-84bd6fde,1784800232625,1784800232625,202,0.000,cold
3579,exp-cold-10000-003576-fd763eb8,1784800232625,1784800232625,202,0.000,cold
3580,exp-cold-10000-003572-afecfa3a,1784800232625,1784800232625,202,0.000,cold
3581,exp-cold-10000-003575-c31ab26a,1784800232625,1784800232625,202,0.000,cold
3582,exp-cold-10000-003584-55fce14c,1784800232625,1784800232626,202,1.000,cold
3583,exp-cold-10000-003588-13f7ccf6,1784800232625,1784800232626,202,1.000,cold
3584,exp-cold-10000-003589-192587fc,1784800232625,1784800232626,202,1.000,cold
3585,exp-cold-10000-003585-37d7fe30,1784800232625,1784800232626,202,1.000,cold
3586,exp-cold-10000-003590-61ac84c8,1784800232625,1784800232626,202,1.000,cold
3587,exp-cold-10000-003591-1e208b39,1784800232625,1784800232626,202,1.000,cold
3588,exp-cold-10000-003581-25284020,1784800232626,1784800232626,202,0.000,cold
3589,exp-cold-10000-003583-76200ffc,1784800232626,1784800232626,202,0.000,cold
3590,exp-cold-10000-003582-86fcfb44,1784800232626,1784800232626,202,0.000,cold
3591,exp-cold-10000-003586-892cf736,1784800232626,1784800232626,202,0.000,cold
3592,exp-cold-10000-003598-5943d382,1784800232626,1784800232627,202,1.000,cold
3593,exp-cold-10000-003599-66c26855,1784800232626,1784800232627,202,1.000,cold
3594,exp-cold-10000-003601-d094d76e,1784800232626,1784800232627,202,1.000,cold
3595,exp-cold-10000-003600-6c0cfb93,1784800232626,1784800232627,202,1.000,cold
3596,exp-cold-10000-003607-52826a90,1784800232626,1784800232628,202,2.000,cold
3597,exp-cold-10000-003632-917db8ef,1784800232626,1784800232630,202,4.000,cold
3598,exp-cold-10000-003592-6fe554df,1784800232627,1784800232627,202,0.000,cold
3599,exp-cold-10000-003595-d00c0fb7,1784800232627,1784800232627,202,0.000,cold
3600,exp-cold-10000-003594-8174432b,1784800232627,1784800232627,202,0.000,cold
3601,exp-cold-10000-003596-e464a4fa,1784800232627,1784800232627,202,0.000,cold
3602,exp-cold-10000-003593-172af827,1784800232627,1784800232627,202,0.000,cold
3603,exp-cold-10000-003597-bf3a362d,1784800232627,1784800232627,202,0.000,cold
3604,exp-cold-10000-003602-c2944aca,1784800232627,1784800232628,202,1.000,cold
3605,exp-cold-10000-003605-8f803603,1784800232627,1784800232628,202,1.000,cold
3606,exp-cold-10000-003609-b8b1ae2d,1784800232627,1784800232628,202,1.000,cold
3607,exp-cold-10000-003608-21f48c1f,1784800232627,1784800232628,202,1.000,cold
3608,exp-cold-10000-003610-d99dacf7,1784800232627,1784800232628,202,1.000,cold
3609,exp-cold-10000-003613-9d16cb58,1784800232627,1784800232628,202,1.000,cold
3610,exp-cold-10000-003606-e96af92c,1784800232627,1784800232628,202,1.000,cold
3611,exp-cold-10000-003611-447ac92a,1784800232627,1784800232628,202,1.000,cold
3612,exp-cold-10000-003603-93a25ee1,1784800232628,1784800232628,202,0.000,cold
3613,exp-cold-10000-003604-48454c54,1784800232628,1784800232628,202,0.000,cold
3614,exp-cold-10000-003622-5c64b384,1784800232628,1784800232629,202,1.000,cold
3615,exp-cold-10000-003620-0f6659f4,1784800232628,1784800232629,202,1.000,cold
3616,exp-cold-10000-003621-575b3080,1784800232628,1784800232629,202,1.000,cold
3617,exp-cold-10000-003623-9fce91f7,1784800232628,1784800232629,202,1.000,cold
3618,exp-cold-10000-003624-1e3c41c1,1784800232628,1784800232629,202,1.000,cold
3619,exp-cold-10000-003618-5777956e,1784800232628,1784800232629,202,1.000,cold
3620,exp-cold-10000-003619-e120d595,1784800232628,1784800232629,202,1.000,cold
3621,exp-cold-10000-003634-067a5bb2,1784800232628,1784800232630,202,2.000,cold
3622,exp-cold-10000-003644-210ad1e6,1784800232628,1784800232631,202,3.000,cold
3623,exp-cold-10000-003649-4ec7b981,1784800232628,1784800232631,202,3.000,cold
3624,exp-cold-10000-003612-216edf03,1784800232629,1784800232629,202,0.000,cold
3625,exp-cold-10000-003615-36a456ad,1784800232629,1784800232629,202,0.000,cold
3626,exp-cold-10000-003614-d2e961b1,1784800232629,1784800232629,202,0.000,cold
3627,exp-cold-10000-003617-553dd3e7,1784800232629,1784800232629,202,0.000,cold
3628,exp-cold-10000-003616-d947c68b,1784800232629,1784800232629,202,0.000,cold
3629,exp-cold-10000-003633-05d67e46,1784800232629,1784800232630,202,1.000,cold
3630,exp-cold-10000-003636-7618a59b,1784800232629,1784800232630,202,1.000,cold
3631,exp-cold-10000-003635-fa82b397,1784800232629,1784800232630,202,1.000,cold
3632,exp-cold-10000-003637-5c7eff1f,1784800232629,1784800232630,202,1.000,cold
3633,exp-cold-10000-003627-1dfedec8,1784800232629,1784800232630,202,1.000,cold
3634,exp-cold-10000-003629-4e16c74d,1784800232629,1784800232630,202,1.000,cold
3635,exp-cold-10000-003630-c8fdf213,1784800232629,1784800232630,202,1.000,cold
3636,exp-cold-10000-003658-1841e21d,1784800232629,1784800232632,202,3.000,cold
3637,exp-cold-10000-003670-55ef3b20,1784800232629,1784800232634,202,5.000,cold
3638,exp-cold-10000-003626-f4d89094,1784800232630,1784800232630,202,0.000,cold
3639,exp-cold-10000-003625-757b2855,1784800232630,1784800232630,202,0.000,cold
3640,exp-cold-10000-003628-86efa69b,1784800232630,1784800232630,202,0.000,cold
3641,exp-cold-10000-003631-20e4db8f,1784800232630,1784800232630,202,0.000,cold
3642,exp-cold-10000-003646-96a88174,1784800232630,1784800232631,202,1.000,cold
3643,exp-cold-10000-003645-1df8bfc1,1784800232630,1784800232631,202,1.000,cold
3644,exp-cold-10000-003648-22966557,1784800232630,1784800232631,202,1.000,cold
3645,exp-cold-10000-003650-b6914618,1784800232630,1784800232631,202,1.000,cold
3646,exp-cold-10000-003647-0a6cb04a,1784800232630,1784800232631,202,1.000,cold
3647,exp-cold-10000-003640-80e7dd20,1784800232630,1784800232631,202,1.000,cold
3648,exp-cold-10000-003639-5e007907,1784800232631,1784800232631,202,0.000,cold
3649,exp-cold-10000-003638-b0a2a8b4,1784800232631,1784800232631,202,0.000,cold
3650,exp-cold-10000-003641-b0c5a1c3,1784800232631,1784800232631,202,0.000,cold
3651,exp-cold-10000-003642-77e86673,1784800232631,1784800232631,202,0.000,cold
3652,exp-cold-10000-003643-33e3dac0,1784800232631,1784800232632,202,1.000,cold
3653,exp-cold-10000-003657-5980266f,1784800232631,1784800232632,202,1.000,cold
3654,exp-cold-10000-003651-eba9e9d9,1784800232631,1784800232632,202,1.000,cold
3655,exp-cold-10000-003653-94391990,1784800232631,1784800232632,202,1.000,cold
3656,exp-cold-10000-003655-abade532,1784800232632,1784800232632,202,0.000,cold
3657,exp-cold-10000-003652-e654dbe1,1784800232632,1784800232632,202,0.000,cold
3658,exp-cold-10000-003654-b499b3f0,1784800232632,1784800232632,202,0.000,cold
3659,exp-cold-10000-003663-3172c06d,1784800232632,1784800232633,202,1.000,cold
3660,exp-cold-10000-003668-fd5c8c89,1784800232632,1784800232633,202,1.000,cold
3661,exp-cold-10000-003669-26452ee0,1784800232632,1784800232633,202,1.000,cold
3662,exp-cold-10000-003665-a5e65e41,1784800232632,1784800232633,202,1.000,cold
3663,exp-cold-10000-003661-e9bdbc75,1784800232633,1784800232633,202,0.000,cold
3664,exp-cold-10000-003662-a0542aa1,1784800232633,1784800232633,202,0.000,cold
3665,exp-cold-10000-003660-52cac8c4,1784800232633,1784800232633,202,0.000,cold
3666,exp-cold-10000-003664-50f3648a,1784800232633,1784800232633,202,0.000,cold
3667,exp-cold-10000-003667-1830e5fb,1784800232633,1784800232633,202,0.000,cold
3668,exp-cold-10000-003656-1562275d,1784800232633,1784800232633,202,0.000,cold
3669,exp-cold-10000-003659-99f721f3,1784800232633,1784800232633,202,0.000,cold
3670,exp-cold-10000-003666-38621aaf,1784800232633,1784800232633,202,0.000,cold
3671,exp-cold-10000-003676-027b7017,1784800232633,1784800232634,202,1.000,cold
3672,exp-cold-10000-003677-306f10c7,1784800232633,1784800232634,202,1.000,cold
3673,exp-cold-10000-003678-9432c15e,1784800232633,1784800232634,202,1.000,cold
3674,exp-cold-10000-003683-dceb0318,1784800232633,1784800232635,202,2.000,cold
3675,exp-cold-10000-003689-da9e9723,1784800232633,1784800232636,202,3.000,cold
3676,exp-cold-10000-003671-46a65190,1784800232634,1784800232634,202,0.000,cold
3677,exp-cold-10000-003673-0d551e8b,1784800232634,1784800232634,202,0.000,cold
3678,exp-cold-10000-003674-681aba52,1784800232634,1784800232634,202,0.000,cold
3679,exp-cold-10000-003672-34f0c1dc,1784800232634,1784800232634,202,0.000,cold
3680,exp-cold-10000-003675-04486469,1784800232634,1784800232634,202,0.000,cold
3681,exp-cold-10000-003685-db3c54d2,1784800232634,1784800232635,202,1.000,cold
3682,exp-cold-10000-003686-1f556977,1784800232634,1784800232635,202,1.000,cold
3683,exp-cold-10000-003712-8626ba6c,1784800232634,1784800232638,202,4.000,cold
3684,exp-cold-10000-003727-0ff3104b,1784800232634,1784800232639,202,5.000,cold
3685,exp-cold-10000-003679-35a5023f,1784800232635,1784800232635,202,0.000,cold
3686,exp-cold-10000-003680-37086ead,1784800232635,1784800232635,202,0.000,cold
3687,exp-cold-10000-003682-492020c3,1784800232635,1784800232635,202,0.000,cold
3688,exp-cold-10000-003681-a9365249,1784800232635,1784800232635,202,0.000,cold
3689,exp-cold-10000-003687-fd700a36,1784800232635,1784800232636,202,1.000,cold
3690,exp-cold-10000-003691-160031b7,1784800232635,1784800232636,202,1.000,cold
3691,exp-cold-10000-003690-75e1b6f8,1784800232635,1784800232636,202,1.000,cold
3692,exp-cold-10000-003695-e9668401,1784800232635,1784800232636,202,1.000,cold
3693,exp-cold-10000-003697-8cd1553d,1784800232635,1784800232636,202,1.000,cold
3694,exp-cold-10000-003696-2e3a59cf,1784800232635,1784800232636,202,1.000,cold
3695,exp-cold-10000-003684-611679da,1784800232635,1784800232636,202,1.000,cold
3696,exp-cold-10000-003698-bbe919c6,1784800232635,1784800232636,202,1.000,cold
3697,exp-cold-10000-003694-a6220aa1,1784800232635,1784800232636,202,1.000,cold
3698,exp-cold-10000-003702-f75fc874,1784800232635,1784800232637,202,2.000,cold
3699,exp-cold-10000-003705-bb77ffef,1784800232635,1784800232637,202,2.000,cold
3700,exp-cold-10000-003721-71f6113c,1784800232635,1784800232639,202,4.000,cold
3701,exp-cold-10000-003688-b6481a46,1784800232636,1784800232636,202,0.000,cold
3702,exp-cold-10000-003692-6d0a2066,1784800232636,1784800232636,202,0.000,cold
3703,exp-cold-10000-003693-79fcf3f9,1784800232636,1784800232636,202,0.000,cold
3704,exp-cold-10000-003701-51c3cad9,1784800232636,1784800232637,202,1.000,cold
3705,exp-cold-10000-003704-d913ee1a,1784800232636,1784800232637,202,1.000,cold
3706,exp-cold-10000-003707-069fa988,1784800232636,1784800232637,202,1.000,cold
3707,exp-cold-10000-003703-d91d590e,1784800232636,1784800232637,202,1.000,cold
3708,exp-cold-10000-003708-65f7a765,1784800232636,1784800232637,202,1.000,cold
3709,exp-cold-10000-003706-f56539fa,1784800232636,1784800232637,202,1.000,cold
3710,exp-cold-10000-003710-31f07492,1784800232636,1784800232638,202,2.000,cold
3711,exp-cold-10000-003715-66dfe2a6,1784800232636,1784800232638,202,2.000,cold
3712,exp-cold-10000-003699-6d223b57,1784800232637,1784800232637,202,0.000,cold
3713,exp-cold-10000-003700-353d3b27,1784800232637,1784800232637,202,0.000,cold
3714,exp-cold-10000-003716-8fb7ad43,1784800232637,1784800232638,202,1.000,cold
3715,exp-cold-10000-003718-6713e397,1784800232637,1784800232638,202,1.000,cold
3716,exp-cold-10000-003717-6a8851e2,1784800232637,1784800232638,202,1.000,cold
3717,exp-cold-10000-003714-4c6fb433,1784800232637,1784800232638,202,1.000,cold
3718,exp-cold-10000-003723-ba89dddb,1784800232637,1784800232639,202,2.000,cold
3719,exp-cold-10000-003734-2c4923f7,1784800232637,1784800232640,202,3.000,cold
3720,exp-cold-10000-003732-77c7131a,1784800232637,1784800232640,202,3.000,cold
3721,exp-cold-10000-003709-03942894,1784800232638,1784800232638,202,0.000,cold
3722,exp-cold-10000-003711-9f74a792,1784800232638,1784800232638,202,0.000,cold
3723,exp-cold-10000-003713-3d16d5e4,1784800232638,1784800232638,202,0.000,cold
3724,exp-cold-10000-003722-b057fe27,1784800232638,1784800232639,202,1.000,cold
3725,exp-cold-10000-003724-740a637a,1784800232638,1784800232639,202,1.000,cold
3726,exp-cold-10000-003726-ce7ba8a8,1784800232638,1784800232639,202,1.000,cold
3727,exp-cold-10000-003728-02b6d482,1784800232638,1784800232639,202,1.000,cold
3728,exp-cold-10000-003725-f9f3e51a,1784800232638,1784800232639,202,1.000,cold
3729,exp-cold-10000-003742-02069c9c,1784800232638,1784800232641,202,3.000,cold
3730,exp-cold-10000-003720-0e3803c7,1784800232639,1784800232639,202,0.000,cold
3731,exp-cold-10000-003719-8e4ecc31,1784800232639,1784800232639,202,0.000,cold
3732,exp-cold-10000-003737-993dd2c7,1784800232639,1784800232640,202,1.000,cold
3733,exp-cold-10000-003730-77c20695,1784800232639,1784800232640,202,1.000,cold
3734,exp-cold-10000-003733-9790a7ee,1784800232639,1784800232640,202,1.000,cold
3735,exp-cold-10000-003735-f314e6e1,1784800232639,1784800232641,202,2.000,cold
3736,exp-cold-10000-003746-12fcff09,1784800232639,1784800232641,202,2.000,cold
3737,exp-cold-10000-003729-770f9b48,1784800232640,1784800232640,202,0.000,cold
3738,exp-cold-10000-003731-65e2ebfc,1784800232640,1784800232640,202,0.000,cold
3739,exp-cold-10000-003745-5dcbd202,1784800232640,1784800232641,202,1.000,cold
3740,exp-cold-10000-003751-18de22dd,1784800232640,1784800232642,202,2.000,cold
3741,exp-cold-10000-003748-429b7437,1784800232640,1784800232642,202,2.000,cold
3742,exp-cold-10000-003758-6b6c88ca,1784800232640,1784800232643,202,3.000,cold
3743,exp-cold-10000-003769-5fb6e0c2,1784800232640,1784800232643,202,3.000,cold
3744,exp-cold-10000-003738-97d3b5cc,1784800232641,1784800232641,202,0.000,cold
3745,exp-cold-10000-003739-9573ea5b,1784800232641,1784800232641,202,0.000,cold
3746,exp-cold-10000-003741-cece1fc5,1784800232641,1784800232641,202,0.000,cold
3747,exp-cold-10000-003736-7cb861e2,1784800232641,1784800232641,202,0.000,cold
3748,exp-cold-10000-003743-042c5f4d,1784800232641,1784800232641,202,0.000,cold
3749,exp-cold-10000-003740-7048a1f4,1784800232641,1784800232641,202,0.000,cold
3750,exp-cold-10000-003744-b755ffec,1784800232641,1784800232641,202,0.000,cold
3751,exp-cold-10000-003755-efccab49,1784800232641,1784800232642,202,1.000,cold
3752,exp-cold-10000-003754-1b772cc3,1784800232641,1784800232642,202,1.000,cold
3753,exp-cold-10000-003756-f8a3d153,1784800232641,1784800232642,202,1.000,cold
3754,exp-cold-10000-003757-b39a68e8,1784800232641,1784800232642,202,1.000,cold
3755,exp-cold-10000-003761-08671307,1784800232641,1784800232643,202,2.000,cold
3756,exp-cold-10000-003768-802c5875,1784800232641,1784800232643,202,2.000,cold
3757,exp-cold-10000-003780-0cab20e6,1784800232641,1784800232644,202,3.000,cold
3758,exp-cold-10000-003749-4a9e6f40,1784800232642,1784800232642,202,0.000,cold
3759,exp-cold-10000-003747-a9a137bd,1784800232642,1784800232642,202,0.000,cold
3760,exp-cold-10000-003750-48e12427,1784800232642,1784800232642,202,0.000,cold
3761,exp-cold-10000-003752-2bad8b23,1784800232642,1784800232642,202,0.000,cold
3762,exp-cold-10000-003753-6b833f70,1784800232642,1784800232642,202,0.000,cold
3763,exp-cold-10000-003766-916329bd,1784800232642,1784800232643,202,1.000,cold
3764,exp-cold-10000-003762-f880191c,1784800232642,1784800232643,202,1.000,cold
3765,exp-cold-10000-003759-bc2e96e9,1784800232642,1784800232643,202,1.000,cold
3766,exp-cold-10000-003770-891822f6,1784800232642,1784800232643,202,1.000,cold
3767,exp-cold-10000-003767-cefe2cdf,1784800232642,1784800232643,202,1.000,cold
3768,exp-cold-10000-003764-8950bcad,1784800232642,1784800232643,202,1.000,cold
3769,exp-cold-10000-003771-f65ff819,1784800232642,1784800232643,202,1.000,cold
3770,exp-cold-10000-003779-229d7e52,1784800232642,1784800232644,202,2.000,cold
3771,exp-cold-10000-003760-9538d483,1784800232643,1784800232643,202,0.000,cold
3772,exp-cold-10000-003763-50da7039,1784800232643,1784800232643,202,0.000,cold
3773,exp-cold-10000-003765-e7ae316c,1784800232643,1784800232643,202,0.000,cold
3774,exp-cold-10000-003781-356923fe,1784800232643,1784800232644,202,1.000,cold
3775,exp-cold-10000-003784-18323545,1784800232643,1784800232645,202,2.000,cold
3776,exp-cold-10000-003791-2a55a7d4,1784800232643,1784800232645,202,2.000,cold
3777,exp-cold-10000-003774-da854ce9,1784800232644,1784800232644,202,0.000,cold
3778,exp-cold-10000-003776-50940f0b,1784800232644,1784800232644,202,0.000,cold
3779,exp-cold-10000-003773-cb1ce3d4,1784800232644,1784800232644,202,0.000,cold
3780,exp-cold-10000-003775-72513313,1784800232644,1784800232644,202,0.000,cold
3781,exp-cold-10000-003777-203c4b2f,1784800232644,1784800232644,202,0.000,cold
3782,exp-cold-10000-003772-943ed780,1784800232644,1784800232644,202,0.000,cold
3783,exp-cold-10000-003778-009b7429,1784800232644,1784800232644,202,0.000,cold
3784,exp-cold-10000-003787-0060f511,1784800232644,1784800232645,202,1.000,cold
3785,exp-cold-10000-003801-649830aa,1784800232644,1784800232646,202,2.000,cold
3786,exp-cold-10000-003792-c3014084,1784800232644,1784800232646,202,2.000,cold
3787,exp-cold-10000-003783-6759ed7f,1784800232645,1784800232645,202,0.000,cold
3788,exp-cold-10000-003786-cf158bdf,1784800232645,1784800232645,202,0.000,cold
3789,exp-cold-10000-003785-8699db00,1784800232645,1784800232645,202,0.000,cold
3790,exp-cold-10000-003790-23cb7f7c,1784800232645,1784800232645,202,0.000,cold
3791,exp-cold-10000-003788-a87575a6,1784800232645,1784800232645,202,0.000,cold
3792,exp-cold-10000-003782-80f87ae1,1784800232645,1784800232645,202,0.000,cold
3793,exp-cold-10000-003789-cf57c52f,1784800232645,1784800232645,202,0.000,cold
3794,exp-cold-10000-003800-8b3dc39b,1784800232645,1784800232646,202,1.000,cold
3795,exp-cold-10000-003798-d71cb396,1784800232645,1784800232646,202,1.000,cold
3796,exp-cold-10000-003797-393697b8,1784800232645,1784800232646,202,1.000,cold
3797,exp-cold-10000-003803-be1e62d1,1784800232645,1784800232647,202,2.000,cold
3798,exp-cold-10000-003802-187cbcb6,1784800232645,1784800232647,202,2.000,cold
3799,exp-cold-10000-003793-bd27ce23,1784800232646,1784800232646,202,0.000,cold
3800,exp-cold-10000-003794-d82697fe,1784800232646,1784800232646,202,0.000,cold
3801,exp-cold-10000-003795-b494fd24,1784800232646,1784800232646,202,0.000,cold
3802,exp-cold-10000-003796-df511bbf,1784800232646,1784800232646,202,0.000,cold
3803,exp-cold-10000-003809-564e3680,1784800232646,1784800232647,202,1.000,cold
3804,exp-cold-10000-003810-aa82e24c,1784800232646,1784800232647,202,1.000,cold
3805,exp-cold-10000-003811-36bd9274,1784800232646,1784800232647,202,1.000,cold
3806,exp-cold-10000-003806-f636cf20,1784800232646,1784800232647,202,1.000,cold
3807,exp-cold-10000-003799-4304e78b,1784800232646,1784800232647,202,1.000,cold
3808,exp-cold-10000-003812-a08140e1,1784800232646,1784800232648,202,2.000,cold
3809,exp-cold-10000-003845-dbed0887,1784800232646,1784800232650,202,4.000,cold
3810,exp-cold-10000-003805-71a6bb62,1784800232647,1784800232647,202,0.000,cold
3811,exp-cold-10000-003804-17754102,1784800232647,1784800232647,202,0.000,cold
3812,exp-cold-10000-003807-a2d5aaac,1784800232647,1784800232647,202,0.000,cold
3813,exp-cold-10000-003808-2a82231c,1784800232647,1784800232648,202,1.000,cold
3814,exp-cold-10000-003823-19491053,1784800232647,1784800232648,202,1.000,cold
3815,exp-cold-10000-003822-8b0c8f56,1784800232647,1784800232648,202,1.000,cold
3816,exp-cold-10000-003820-0cd79009,1784800232647,1784800232648,202,1.000,cold
3817,exp-cold-10000-003816-c8eb6775,1784800232647,1784800232648,202,1.000,cold
3818,exp-cold-10000-003824-bcdbc5d7,1784800232647,1784800232648,202,1.000,cold
3819,exp-cold-10000-003826-0165defb,1784800232647,1784800232648,202,1.000,cold
3820,exp-cold-10000-003825-12c80880,1784800232647,1784800232648,202,1.000,cold
3821,exp-cold-10000-003818-f7846191,1784800232647,1784800232648,202,1.000,cold
3822,exp-cold-10000-003817-00549781,1784800232647,1784800232648,202,1.000,cold
3823,exp-cold-10000-003865-8c155534,1784800232647,1784800232652,202,5.000,cold
3824,exp-cold-10000-003814-cf1ef362,1784800232648,1784800232648,202,0.000,cold
3825,exp-cold-10000-003813-43c0d899,1784800232648,1784800232648,202,0.000,cold
3826,exp-cold-10000-003815-53610af2,1784800232648,1784800232648,202,0.000,cold
3827,exp-cold-10000-003819-9d7eb177,1784800232648,1784800232648,202,0.000,cold
3828,exp-cold-10000-003821-22525de6,1784800232648,1784800232648,202,0.000,cold
3829,exp-cold-10000-003834-f0ca8001,1784800232648,1784800232649,202,1.000,cold
3830,exp-cold-10000-003835-9b0c3e2b,1784800232648,1784800232649,202,1.000,cold
3831,exp-cold-10000-003836-d2c7a1d3,1784800232648,1784800232649,202,1.000,cold
3832,exp-cold-10000-003840-7e6abb2e,1784800232648,1784800232649,202,1.000,cold
3833,exp-cold-10000-003833-d93fb1c2,1784800232648,1784800232649,202,1.000,cold
3834,exp-cold-10000-003832-9bf29672,1784800232648,1784800232649,202,1.000,cold
3835,exp-cold-10000-003830-3d621df1,1784800232648,1784800232649,202,1.000,cold
3836,exp-cold-10000-003837-35a3e773,1784800232648,1784800232649,202,1.000,cold
3837,exp-cold-10000-003860-b0920e19,1784800232648,1784800232651,202,3.000,cold
3838,exp-cold-10000-003873-70986c53,1784800232648,1784800232652,202,4.000,cold
3839,exp-cold-10000-003827-3e32cbaf,1784800232649,1784800232649,202,0.000,cold
3840,exp-cold-10000-003829-b20a2e1d,1784800232649,1784800232649,202,0.000,cold
3841,exp-cold-10000-003831-2e484fc4,1784800232649,1784800232649,202,0.000,cold
3842,exp-cold-10000-003828-936b0dda,1784800232649,1784800232649,202,0.000,cold
3843,exp-cold-10000-003846-82d8ba25,1784800232649,1784800232650,202,1.000,cold
3844,exp-cold-10000-003843-c372aeaa,1784800232649,1784800232650,202,1.000,cold
3845,exp-cold-10000-003847-1869dbd6,1784800232649,1784800232650,202,1.000,cold
3846,exp-cold-10000-003848-b769ade1,1784800232649,1784800232650,202,1.000,cold
3847,exp-cold-10000-003844-46dff1d5,1784800232649,1784800232650,202,1.000,cold
3848,exp-cold-10000-003849-cb7c2aea,1784800232649,1784800232650,202,1.000,cold
3849,exp-cold-10000-003850-162382ce,1784800232649,1784800232650,202,1.000,cold
3850,exp-cold-10000-003861-8ce20aee,1784800232649,1784800232651,202,2.000,cold
3851,exp-cold-10000-003859-b1a34a52,1784800232649,1784800232651,202,2.000,cold
3852,exp-cold-10000-003841-ca274f9e,1784800232650,1784800232650,202,0.000,cold
3853,exp-cold-10000-003839-6b2611b3,1784800232650,1784800232650,202,0.000,cold
3854,exp-cold-10000-003838-82e030f9,1784800232650,1784800232650,202,0.000,cold
3855,exp-cold-10000-003842-3036c784,1784800232650,1784800232650,202,0.000,cold
3856,exp-cold-10000-003857-7124fcad,1784800232650,1784800232651,202,1.000,cold
3857,exp-cold-10000-003863-7bcb5219,1784800232650,1784800232651,202,1.000,cold
3858,exp-cold-10000-003855-bb201e14,1784800232650,1784800232651,202,1.000,cold
3859,exp-cold-10000-003864-2462f963,1784800232650,1784800232652,202,2.000,cold
3860,exp-cold-10000-003872-bc90c7f2,1784800232650,1784800232652,202,2.000,cold
3861,exp-cold-10000-003887-8af682d4,1784800232650,1784800232653,202,3.000,cold
3862,exp-cold-10000-003852-b762838e,1784800232651,1784800232651,202,0.000,cold
3863,exp-cold-10000-003851-7e2fbd2b,1784800232651,1784800232651,202,0.000,cold
3864,exp-cold-10000-003856-279d0f54,1784800232651,1784800232651,202,0.000,cold
3865,exp-cold-10000-003854-269ab9ca,1784800232651,1784800232651,202,0.000,cold
3866,exp-cold-10000-003853-02ffac38,1784800232651,1784800232651,202,0.000,cold
3867,exp-cold-10000-003858-7ee1a0fa,1784800232651,1784800232651,202,0.000,cold
3868,exp-cold-10000-003874-27361cc7,1784800232651,1784800232652,202,1.000,cold
3869,exp-cold-10000-003877-518f0d5a,1784800232651,1784800232652,202,1.000,cold
3870,exp-cold-10000-003876-f2f9cdc8,1784800232651,1784800232652,202,1.000,cold
3871,exp-cold-10000-003878-9d0b23b3,1784800232651,1784800232653,202,2.000,cold
3872,exp-cold-10000-003886-b61b06ba,1784800232651,1784800232653,202,2.000,cold
3873,exp-cold-10000-003868-7a48b474,1784800232652,1784800232652,202,0.000,cold
3874,exp-cold-10000-003867-8dcbbd0b,1784800232652,1784800232652,202,0.000,cold
3875,exp-cold-10000-003869-9023678c,1784800232652,1784800232652,202,0.000,cold
3876,exp-cold-10000-003866-70c603e1,1784800232652,1784800232652,202,0.000,cold
3877,exp-cold-10000-003871-3f34df3f,1784800232652,1784800232652,202,0.000,cold
3878,exp-cold-10000-003870-fd560e3e,1784800232652,1784800232652,202,0.000,cold
3879,exp-cold-10000-003875-267db64d,1784800232652,1784800232652,202,0.000,cold
3880,exp-cold-10000-003862-398e18d7,1784800232652,1784800232652,202,0.000,cold
3881,exp-cold-10000-003888-aaf64cce,1784800232652,1784800232653,202,1.000,cold
3882,exp-cold-10000-003889-eefd32f2,1784800232652,1784800232653,202,1.000,cold
3883,exp-cold-10000-003890-f35f2070,1784800232652,1784800232653,202,1.000,cold
3884,exp-cold-10000-003891-3c30d0d9,1784800232652,1784800232653,202,1.000,cold
3885,exp-cold-10000-003897-da199b1b,1784800232652,1784800232654,202,2.000,cold
3886,exp-cold-10000-003879-f13f07ad,1784800232653,1784800232653,202,0.000,cold
3887,exp-cold-10000-003880-9b10024d,1784800232653,1784800232653,202,0.000,cold
3888,exp-cold-10000-003882-a1b2a7ff,1784800232653,1784800232653,202,0.000,cold
3889,exp-cold-10000-003881-eab0661a,1784800232653,1784800232653,202,0.000,cold
3890,exp-cold-10000-003884-8dafb7f3,1784800232653,1784800232653,202,0.000,cold
3891,exp-cold-10000-003883-194c0407,1784800232653,1784800232653,202,0.000,cold
3892,exp-cold-10000-003885-5f679b08,1784800232653,1784800232653,202,0.000,cold
3893,exp-cold-10000-003902-dd61d8d6,1784800232653,1784800232654,202,1.000,cold
3894,exp-cold-10000-003898-3b70ed22,1784800232653,1784800232654,202,1.000,cold
3895,exp-cold-10000-003905-d9ca9b1c,1784800232653,1784800232654,202,1.000,cold
3896,exp-cold-10000-003904-fd9a4bf1,1784800232653,1784800232654,202,1.000,cold
3897,exp-cold-10000-003903-5c8638c3,1784800232653,1784800232654,202,1.000,cold
3898,exp-cold-10000-003916-481bfa59,1784800232653,1784800232655,202,2.000,cold
3899,exp-cold-10000-003919-1e9eb13e,1784800232653,1784800232655,202,2.000,cold
3900,exp-cold-10000-003894-eb615678,1784800232654,1784800232654,202,0.000,cold
3901,exp-cold-10000-003892-eaf75539,1784800232654,1784800232654,202,0.000,cold
3902,exp-cold-10000-003893-a71e75fa,1784800232654,1784800232654,202,0.000,cold
3903,exp-cold-10000-003895-4c1020fb,1784800232654,1784800232654,202,0.000,cold
3904,exp-cold-10000-003896-93e0b461,1784800232654,1784800232654,202,0.000,cold
3905,exp-cold-10000-003899-8957b24b,1784800232654,1784800232654,202,0.000,cold
3906,exp-cold-10000-003901-d07cb270,1784800232654,1784800232654,202,0.000,cold
3907,exp-cold-10000-003917-965495b4,1784800232654,1784800232655,202,1.000,cold
3908,exp-cold-10000-003918-47d7eb92,1784800232654,1784800232655,202,1.000,cold
3909,exp-cold-10000-003914-9d398405,1784800232654,1784800232655,202,1.000,cold
3910,exp-cold-10000-003920-731bfe7e,1784800232654,1784800232655,202,1.000,cold
3911,exp-cold-10000-003906-8e671626,1784800232654,1784800232655,202,1.000,cold
3912,exp-cold-10000-003923-c7143fe5,1784800232654,1784800232656,202,2.000,cold
3913,exp-cold-10000-003930-2c083108,1784800232654,1784800232656,202,2.000,cold
3914,exp-cold-10000-003900-52d9a86d,1784800232655,1784800232655,202,0.000,cold
3915,exp-cold-10000-003907-f892a57b,1784800232655,1784800232655,202,0.000,cold
3916,exp-cold-10000-003910-177c07bf,1784800232655,1784800232655,202,0.000,cold
3917,exp-cold-10000-003908-f782370b,1784800232655,1784800232655,202,0.000,cold
3918,exp-cold-10000-003911-e5e5e455,1784800232655,1784800232655,202,0.000,cold
3919,exp-cold-10000-003909-564942f3,1784800232655,1784800232655,202,0.000,cold
3920,exp-cold-10000-003912-5e14f667,1784800232655,1784800232655,202,0.000,cold
3921,exp-cold-10000-003913-fd849efe,1784800232655,1784800232655,202,0.000,cold
3922,exp-cold-10000-003915-f47b28d5,1784800232655,1784800232655,202,0.000,cold
3923,exp-cold-10000-003927-cd611b80,1784800232655,1784800232656,202,1.000,cold
3924,exp-cold-10000-003926-d7f41c40,1784800232655,1784800232656,202,1.000,cold
3925,exp-cold-10000-003928-9e82dffa,1784800232655,1784800232656,202,1.000,cold
3926,exp-cold-10000-003931-3db84c9b,1784800232655,1784800232656,202,1.000,cold
3927,exp-cold-10000-003924-0a957890,1784800232655,1784800232656,202,1.000,cold
3928,exp-cold-10000-003922-617390c2,1784800232655,1784800232656,202,1.000,cold
3929,exp-cold-10000-003933-0163d668,1784800232655,1784800232657,202,2.000,cold
3930,exp-cold-10000-003921-7fc1ce48,1784800232656,1784800232656,202,0.000,cold
3931,exp-cold-10000-003925-e3b8218e,1784800232656,1784800232656,202,0.000,cold
3932,exp-cold-10000-003939-d7b70a61,1784800232656,1784800232657,202,1.000,cold
3933,exp-cold-10000-003934-9218deeb,1784800232656,1784800232657,202,1.000,cold
3934,exp-cold-10000-003932-4ed641d8,1784800232656,1784800232657,202,1.000,cold
3935,exp-cold-10000-003936-3d6ecaa6,1784800232656,1784800232657,202,1.000,cold
3936,exp-cold-10000-003941-75c17786,1784800232656,1784800232657,202,1.000,cold
3937,exp-cold-10000-003942-a8e6fc44,1784800232656,1784800232657,202,1.000,cold
3938,exp-cold-10000-003929-3fbca56d,1784800232656,1784800232657,202,1.000,cold
3939,exp-cold-10000-003943-349641f3,1784800232656,1784800232657,202,1.000,cold
3940,exp-cold-10000-003940-cc01fa55,1784800232656,1784800232657,202,1.000,cold
3941,exp-cold-10000-003935-50d8d626,1784800232657,1784800232657,202,0.000,cold
3942,exp-cold-10000-003938-605c9844,1784800232657,1784800232657,202,0.000,cold
3943,exp-cold-10000-003937-d6832abd,1784800232657,1784800232657,202,0.000,cold
3944,exp-cold-10000-003966-c9094891,1784800232657,1784800232659,202,2.000,cold
3945,exp-cold-10000-003959-e01fee0c,1784800232657,1784800232659,202,2.000,cold
3946,exp-cold-10000-003953-965b436f,1784800232657,1784800232659,202,2.000,cold
3947,exp-cold-10000-003945-8de59653,1784800232658,1784800232658,202,0.000,cold
3948,exp-cold-10000-003944-9ef90ab2,1784800232658,1784800232658,202,0.000,cold
3949,exp-cold-10000-003946-5cde5321,1784800232658,1784800232658,202,0.000,cold
3950,exp-cold-10000-003947-35d7be49,1784800232658,1784800232658,202,0.000,cold
3951,exp-cold-10000-003949-b8cb65f8,1784800232658,1784800232658,202,0.000,cold
3952,exp-cold-10000-003948-7ed2b25e,1784800232658,1784800232658,202,0.000,cold
3953,exp-cold-10000-003962-619c9d48,1784800232658,1784800232659,202,1.000,cold
3954,exp-cold-10000-003963-8eb8a6bf,1784800232658,1784800232659,202,1.000,cold
3955,exp-cold-10000-003958-ddc99149,1784800232658,1784800232659,202,1.000,cold
3956,exp-cold-10000-003961-c929acce,1784800232658,1784800232659,202,1.000,cold
3957,exp-cold-10000-003964-5f00e926,1784800232658,1784800232659,202,1.000,cold
3958,exp-cold-10000-003957-481ed09d,1784800232658,1784800232659,202,1.000,cold
3959,exp-cold-10000-003954-c8d67a41,1784800232658,1784800232659,202,1.000,cold
3960,exp-cold-10000-003952-be6951b2,1784800232658,1784800232659,202,1.000,cold
3961,exp-cold-10000-003955-3193518f,1784800232658,1784800232659,202,1.000,cold
3962,exp-cold-10000-003965-bea108fd,1784800232658,1784800232659,202,1.000,cold
3963,exp-cold-10000-003950-1a15e8ba,1784800232658,1784800232659,202,1.000,cold
3964,exp-cold-10000-003956-0c26347c,1784800232659,1784800232659,202,0.000,cold
3965,exp-cold-10000-003960-3d64601f,1784800232659,1784800232659,202,0.000,cold
3966,exp-cold-10000-003975-1ed4dbe7,1784800232659,1784800232660,202,1.000,cold
3967,exp-cold-10000-003972-b09ddb0e,1784800232659,1784800232660,202,1.000,cold
3968,exp-cold-10000-003968-5cc7bcf4,1784800232659,1784800232660,202,1.000,cold
3969,exp-cold-10000-003973-b8f5658d,1784800232659,1784800232660,202,1.000,cold
3970,exp-cold-10000-003967-c5fc73da,1784800232659,1784800232660,202,1.000,cold
3971,exp-cold-10000-003974-8155eed5,1784800232659,1784800232660,202,1.000,cold
3972,exp-cold-10000-003978-d05fddbd,1784800232659,1784800232660,202,1.000,cold
3973,exp-cold-10000-003977-9d30b2c9,1784800232659,1784800232660,202,1.000,cold
3974,exp-cold-10000-003971-4dfb1cd4,1784800232659,1784800232660,202,1.000,cold
3975,exp-cold-10000-003986-a8a1b689,1784800232659,1784800232661,202,2.000,cold
3976,exp-cold-10000-003951-b86379e3,1784800232660,1784800232660,202,0.000,cold
3977,exp-cold-10000-003969-ee08a61c,1784800232660,1784800232660,202,0.000,cold
3978,exp-cold-10000-003970-dbf8f369,1784800232660,1784800232660,202,0.000,cold
3979,exp-cold-10000-003985-016dcd18,1784800232660,1784800232661,202,1.000,cold
3980,exp-cold-10000-003979-e259923b,1784800232660,1784800232661,202,1.000,cold
3981,exp-cold-10000-003988-fbde70b9,1784800232660,1784800232661,202,1.000,cold
3982,exp-cold-10000-003987-c247d2c4,1784800232660,1784800232661,202,1.000,cold
3983,exp-cold-10000-003983-8c1c1ca5,1784800232660,1784800232661,202,1.000,cold
3984,exp-cold-10000-003976-18c2d75c,1784800232661,1784800232661,202,0.000,cold
3985,exp-cold-10000-003980-cd42a1da,1784800232661,1784800232661,202,0.000,cold
3986,exp-cold-10000-003982-8450e8fa,1784800232661,1784800232661,202,0.000,cold
3987,exp-cold-10000-003981-e65173ad,1784800232661,1784800232661,202,0.000,cold
3988,exp-cold-10000-003984-f278fe52,1784800232661,1784800232661,202,0.000,cold
3989,exp-cold-10000-003989-a18844ec,1784800232661,1784800232662,202,1.000,cold
3990,exp-cold-10000-003997-a440fc21,1784800232661,1784800232662,202,1.000,cold
3991,exp-cold-10000-003993-88b4f058,1784800232661,1784800232662,202,1.000,cold
3992,exp-cold-10000-003996-87b8268e,1784800232661,1784800232662,202,1.000,cold
3993,exp-cold-10000-004000-76438d34,1784800232661,1784800232662,202,1.000,cold
3994,exp-cold-10000-003999-d02b06e7,1784800232661,1784800232662,202,1.000,cold
3995,exp-cold-10000-004001-e165c459,1784800232661,1784800232662,202,1.000,cold
3996,exp-cold-10000-004002-69653f83,1784800232661,1784800232662,202,1.000,cold
3997,exp-cold-10000-003998-06c16929,1784800232661,1784800232662,202,1.000,cold
3998,exp-cold-10000-003991-35ff8f1b,1784800232662,1784800232662,202,0.000,cold
3999,exp-cold-10000-003990-84298315,1784800232662,1784800232662,202,0.000,cold
4000,exp-cold-10000-003994-46df9a07,1784800232662,1784800232662,202,0.000,cold
4001,exp-cold-10000-003992-bcb99fdc,1784800232662,1784800232662,202,0.000,cold
4002,exp-cold-10000-003995-5a58fdcd,1784800232662,1784800232662,202,0.000,cold
4003,exp-cold-10000-004009-b8151782,1784800232662,1784800232663,202,1.000,cold
4004,exp-cold-10000-004011-3fa01521,1784800232662,1784800232663,202,1.000,cold
4005,exp-cold-10000-004008-6bb93423,1784800232662,1784800232663,202,1.000,cold
4006,exp-cold-10000-004010-18816ebc,1784800232662,1784800232663,202,1.000,cold
4007,exp-cold-10000-004012-f07eeed4,1784800232662,1784800232664,202,2.000,cold
4008,exp-cold-10000-004003-a3f528b7,1784800232663,1784800232663,202,0.000,cold
4009,exp-cold-10000-004004-b286256c,1784800232663,1784800232663,202,0.000,cold
4010,exp-cold-10000-004005-f4e9d951,1784800232663,1784800232663,202,0.000,cold
4011,exp-cold-10000-004006-0636d9f1,1784800232663,1784800232663,202,0.000,cold
4012,exp-cold-10000-004007-229a796c,1784800232663,1784800232663,202,0.000,cold
4013,exp-cold-10000-004023-25b55a68,1784800232663,1784800232664,202,1.000,cold
4014,exp-cold-10000-004022-1aa995a0,1784800232663,1784800232664,202,1.000,cold
4015,exp-cold-10000-004017-5b68f469,1784800232663,1784800232664,202,1.000,cold
4016,exp-cold-10000-004025-4ca48444,1784800232663,1784800232664,202,1.000,cold
4017,exp-cold-10000-004027-243fb769,1784800232663,1784800232664,202,1.000,cold
4018,exp-cold-10000-004028-76012ced,1784800232663,1784800232664,202,1.000,cold
4019,exp-cold-10000-004024-4884f74b,1784800232663,1784800232664,202,1.000,cold
4020,exp-cold-10000-004026-d8332dfb,1784800232663,1784800232665,202,2.000,cold
4021,exp-cold-10000-004013-b6b30bd6,1784800232664,1784800232664,202,0.000,cold
4022,exp-cold-10000-004014-50f57e0c,1784800232664,1784800232664,202,0.000,cold
4023,exp-cold-10000-004018-b14be8dd,1784800232664,1784800232664,202,0.000,cold
4024,exp-cold-10000-004015-c999f560,1784800232664,1784800232664,202,0.000,cold
4025,exp-cold-10000-004019-26cb9c3b,1784800232664,1784800232664,202,0.000,cold
4026,exp-cold-10000-004021-db83f1b7,1784800232664,1784800232664,202,0.000,cold
4027,exp-cold-10000-004016-9ca8f1b6,1784800232664,1784800232664,202,0.000,cold
4028,exp-cold-10000-004020-ba61cc7c,1784800232664,1784800232664,202,0.000,cold
4029,exp-cold-10000-004037-d738ea86,1784800232664,1784800232665,202,1.000,cold
4030,exp-cold-10000-004041-316e936b,1784800232664,1784800232665,202,1.000,cold
4031,exp-cold-10000-004039-80f50154,1784800232664,1784800232665,202,1.000,cold
4032,exp-cold-10000-004042-c4c61c31,1784800232664,1784800232665,202,1.000,cold
4033,exp-cold-10000-004030-e31e5216,1784800232664,1784800232665,202,1.000,cold
4034,exp-cold-10000-004040-54691823,1784800232664,1784800232665,202,1.000,cold
4035,exp-cold-10000-004038-1b686646,1784800232664,1784800232665,202,1.000,cold
4036,exp-cold-10000-004043-cb9a94f4,1784800232664,1784800232665,202,1.000,cold
4037,exp-cold-10000-004033-9a049cb9,1784800232664,1784800232665,202,1.000,cold
4038,exp-cold-10000-004029-6910be7b,1784800232665,1784800232665,202,0.000,cold
4039,exp-cold-10000-004032-ba69c750,1784800232665,1784800232665,202,0.000,cold
4040,exp-cold-10000-004031-102906cf,1784800232665,1784800232665,202,0.000,cold
4041,exp-cold-10000-004035-38fd5563,1784800232665,1784800232665,202,0.000,cold
4042,exp-cold-10000-004034-f8b37c55,1784800232665,1784800232665,202,0.000,cold
4043,exp-cold-10000-004036-fb07db14,1784800232665,1784800232665,202,0.000,cold
4044,exp-cold-10000-004054-1b1796c4,1784800232665,1784800232666,202,1.000,cold
4045,exp-cold-10000-004051-96f9f8ce,1784800232665,1784800232666,202,1.000,cold
4046,exp-cold-10000-004053-fa9ec79c,1784800232665,1784800232666,202,1.000,cold
4047,exp-cold-10000-004052-77b505f5,1784800232665,1784800232666,202,1.000,cold
4048,exp-cold-10000-004044-cdc1c52a,1784800232665,1784800232666,202,1.000,cold
4049,exp-cold-10000-004050-7eea59a0,1784800232665,1784800232666,202,1.000,cold
4050,exp-cold-10000-004045-703fbfc7,1784800232665,1784800232666,202,1.000,cold
4051,exp-cold-10000-004058-5ae7321d,1784800232665,1784800232667,202,2.000,cold
4052,exp-cold-10000-004048-8b1b5ea5,1784800232666,1784800232666,202,0.000,cold
4053,exp-cold-10000-004046-af2fa91b,1784800232666,1784800232666,202,0.000,cold
4054,exp-cold-10000-004047-4eacb3a3,1784800232666,1784800232666,202,0.000,cold
4055,exp-cold-10000-004049-03cf38e8,1784800232666,1784800232666,202,0.000,cold
4056,exp-cold-10000-004064-f5b80b1b,1784800232666,1784800232667,202,1.000,cold
4057,exp-cold-10000-004056-9cba4cf4,1784800232666,1784800232667,202,1.000,cold
4058,exp-cold-10000-004061-4e242045,1784800232666,1784800232667,202,1.000,cold
4059,exp-cold-10000-004066-a3130247,1784800232666,1784800232667,202,1.000,cold
4060,exp-cold-10000-004060-2ad9a035,1784800232666,1784800232667,202,1.000,cold
4061,exp-cold-10000-004070-9b0199ec,1784800232666,1784800232667,202,1.000,cold
4062,exp-cold-10000-004069-d7d33da7,1784800232666,1784800232667,202,1.000,cold
4063,exp-cold-10000-004067-4512847d,1784800232666,1784800232667,202,1.000,cold
4064,exp-cold-10000-004068-61189055,1784800232666,1784800232667,202,1.000,cold
4065,exp-cold-10000-004063-87c63217,1784800232666,1784800232667,202,1.000,cold
4066,exp-cold-10000-004079-f0ee8ca6,1784800232666,1784800232668,202,2.000,cold
4067,exp-cold-10000-004080-d47763a7,1784800232666,1784800232668,202,2.000,cold
4068,exp-cold-10000-004099-4ce1b6d5,1784800232666,1784800232669,202,3.000,cold
4069,exp-cold-10000-004057-1d5ee5a1,1784800232667,1784800232667,202,0.000,cold
4070,exp-cold-10000-004059-6961465c,1784800232667,1784800232667,202,0.000,cold
4071,exp-cold-10000-004062-a987503e,1784800232667,1784800232667,202,0.000,cold
4072,exp-cold-10000-004055-6ccd5dd9,1784800232667,1784800232667,202,0.000,cold
4073,exp-cold-10000-004077-e141e934,1784800232667,1784800232668,202,1.000,cold
4074,exp-cold-10000-004081-b46e7f9a,1784800232667,1784800232668,202,1.000,cold
4075,exp-cold-10000-004082-b72f15e7,1784800232667,1784800232668,202,1.000,cold
4076,exp-cold-10000-004083-aa486bfa,1784800232667,1784800232668,202,1.000,cold
4077,exp-cold-10000-004065-25350e1d,1784800232667,1784800232668,202,1.000,cold
4078,exp-cold-10000-004084-f00e64c9,1784800232667,1784800232668,202,1.000,cold
4079,exp-cold-10000-004085-6380e8dc,1784800232667,1784800232668,202,1.000,cold
4080,exp-cold-10000-004073-83a3efe5,1784800232667,1784800232668,202,1.000,cold
4081,exp-cold-10000-004075-567d05ee,1784800232667,1784800232668,202,1.000,cold
4082,exp-cold-10000-004090-dd122a82,1784800232667,1784800232669,202,2.000,cold
4083,exp-cold-10000-004098-78400f22,1784800232667,1784800232669,202,2.000,cold
4084,exp-cold-10000-004072-1f1833f2,1784800232668,1784800232668,202,0.000,cold
4085,exp-cold-10000-004071-49a5a7d5,1784800232668,1784800232668,202,0.000,cold
4086,exp-cold-10000-004074-2f4864a8,1784800232668,1784800232668,202,0.000,cold
4087,exp-cold-10000-004076-6559c6dc,1784800232668,1784800232668,202,0.000,cold
4088,exp-cold-10000-004078-5d0abfa6,1784800232668,1784800232668,202,0.000,cold
4089,exp-cold-10000-004093-d2c8c2ae,1784800232668,1784800232669,202,1.000,cold
4090,exp-cold-10000-004094-3d07b3d7,1784800232668,1784800232669,202,1.000,cold
4091,exp-cold-10000-004092-efd2813b,1784800232668,1784800232669,202,1.000,cold
4092,exp-cold-10000-004096-3048cd4c,1784800232668,1784800232669,202,1.000,cold
4093,exp-cold-10000-004095-e1245974,1784800232668,1784800232669,202,1.000,cold
4094,exp-cold-10000-004089-df758e84,1784800232668,1784800232669,202,1.000,cold
4095,exp-cold-10000-004097-4a135ac4,1784800232668,1784800232669,202,1.000,cold
4096,exp-cold-10000-004086-14ec0056,1784800232668,1784800232669,202,1.000,cold
4097,exp-cold-10000-004087-6c72b31d,1784800232669,1784800232669,202,0.000,cold
4098,exp-cold-10000-004091-2ce2c11f,1784800232669,1784800232669,202,0.000,cold
4099,exp-cold-10000-004088-1b8ad8a1,1784800232669,1784800232669,202,0.000,cold
4100,exp-cold-10000-004104-76b44881,1784800232669,1784800232670,202,1.000,cold
4101,exp-cold-10000-004105-569e5875,1784800232669,1784800232670,202,1.000,cold
4102,exp-cold-10000-004110-33d831b5,1784800232669,1784800232670,202,1.000,cold
4103,exp-cold-10000-004109-c60b591e,1784800232669,1784800232670,202,1.000,cold
4104,exp-cold-10000-004108-38014d01,1784800232669,1784800232670,202,1.000,cold
4105,exp-cold-10000-004111-d97edeca,1784800232669,1784800232670,202,1.000,cold
4106,exp-cold-10000-004107-fae0d8aa,1784800232669,1784800232670,202,1.000,cold
4107,exp-cold-10000-004101-d311f28e,1784800232670,1784800232670,202,0.000,cold
4108,exp-cold-10000-004100-ca74d017,1784800232670,1784800232670,202,0.000,cold
4109,exp-cold-10000-004103-7ffdb4ea,1784800232670,1784800232670,202,0.000,cold
4110,exp-cold-10000-004106-61004413,1784800232670,1784800232670,202,0.000,cold
4111,exp-cold-10000-004102-a7024a75,1784800232670,1784800232670,202,0.000,cold
4112,exp-cold-10000-004121-f6d49585,1784800232670,1784800232671,202,1.000,cold
4113,exp-cold-10000-004119-69707b43,1784800232670,1784800232671,202,1.000,cold
4114,exp-cold-10000-004117-27db94f7,1784800232670,1784800232671,202,1.000,cold
4115,exp-cold-10000-004131-81dcc4b4,1784800232670,1784800232672,202,2.000,cold
4116,exp-cold-10000-004112-b6b77d3e,1784800232671,1784800232671,202,0.000,cold
4117,exp-cold-10000-004113-c8bfb90b,1784800232671,1784800232671,202,0.000,cold
4118,exp-cold-10000-004114-70149945,1784800232671,1784800232671,202,0.000,cold
4119,exp-cold-10000-004116-63c5eda2,1784800232671,1784800232671,202,0.000,cold
4120,exp-cold-10000-004115-a64161e2,1784800232671,1784800232671,202,0.000,cold
4121,exp-cold-10000-004118-bb10375e,1784800232671,1784800232671,202,0.000,cold
4122,exp-cold-10000-004120-e9c00d35,1784800232671,1784800232671,202,0.000,cold
4123,exp-cold-10000-004127-3dedc2ad,1784800232671,1784800232672,202,1.000,cold
4124,exp-cold-10000-004125-04314988,1784800232671,1784800232672,202,1.000,cold
4125,exp-cold-10000-004130-882d8011,1784800232671,1784800232672,202,1.000,cold
4126,exp-cold-10000-004133-49c70d63,1784800232671,1784800232672,202,1.000,cold
4127,exp-cold-10000-004134-fc399e58,1784800232671,1784800232672,202,1.000,cold
4128,exp-cold-10000-004129-f2df8598,1784800232671,1784800232672,202,1.000,cold
4129,exp-cold-10000-004128-8bd3e71e,1784800232671,1784800232672,202,1.000,cold
4130,exp-cold-10000-004132-b973c1a9,1784800232671,1784800232672,202,1.000,cold
4131,exp-cold-10000-004143-9a766e6a,1784800232671,1784800232673,202,2.000,cold
4132,exp-cold-10000-004122-5a45dd8e,1784800232672,1784800232672,202,0.000,cold
4133,exp-cold-10000-004123-79608b9d,1784800232672,1784800232672,202,0.000,cold
4134,exp-cold-10000-004126-52417a17,1784800232672,1784800232672,202,0.000,cold
4135,exp-cold-10000-004124-967ace37,1784800232672,1784800232672,202,0.000,cold
4136,exp-cold-10000-004140-ca60a0cf,1784800232672,1784800232673,202,1.000,cold
4137,exp-cold-10000-004145-0c591a56,1784800232672,1784800232673,202,1.000,cold
4138,exp-cold-10000-004136-85df1fb1,1784800232672,1784800232673,202,1.000,cold
4139,exp-cold-10000-004142-cfd0c078,1784800232672,1784800232673,202,1.000,cold
4140,exp-cold-10000-004149-bf2d0e78,1784800232672,1784800232673,202,1.000,cold
4141,exp-cold-10000-004148-1ac064a7,1784800232672,1784800232673,202,1.000,cold
4142,exp-cold-10000-004138-0230df24,1784800232672,1784800232673,202,1.000,cold
4143,exp-cold-10000-004147-bf86dda2,1784800232672,1784800232673,202,1.000,cold
4144,exp-cold-10000-004146-d02b2123,1784800232672,1784800232673,202,1.000,cold
4145,exp-cold-10000-004144-eb455465,1784800232672,1784800232673,202,1.000,cold
4146,exp-cold-10000-004135-2f3be50e,1784800232672,1784800232673,202,1.000,cold
4147,exp-cold-10000-004137-f5275a62,1784800232673,1784800232673,202,0.000,cold
4148,exp-cold-10000-004139-49354e80,1784800232673,1784800232673,202,0.000,cold
4149,exp-cold-10000-004141-bcba9444,1784800232673,1784800232673,202,0.000,cold
4150,exp-cold-10000-004155-9cb4b522,1784800232673,1784800232674,202,1.000,cold
4151,exp-cold-10000-004157-cb1dc11b,1784800232673,1784800232674,202,1.000,cold
4152,exp-cold-10000-004156-bc5dbdf0,1784800232673,1784800232674,202,1.000,cold
4153,exp-cold-10000-004158-b4bedf31,1784800232673,1784800232674,202,1.000,cold
4154,exp-cold-10000-004153-ee17bd5d,1784800232673,1784800232674,202,1.000,cold
4155,exp-cold-10000-004159-4a8ca06c,1784800232673,1784800232674,202,1.000,cold
4156,exp-cold-10000-004150-de112c70,1784800232673,1784800232674,202,1.000,cold
4157,exp-cold-10000-004164-36df4dd9,1784800232673,1784800232675,202,2.000,cold
4158,exp-cold-10000-004151-6d48d4a3,1784800232674,1784800232674,202,0.000,cold
4159,exp-cold-10000-004152-6b1aa804,1784800232674,1784800232674,202,0.000,cold
4160,exp-cold-10000-004168-58bc7ee6,1784800232674,1784800232675,202,1.000,cold
4161,exp-cold-10000-004160-fdbeab62,1784800232674,1784800232675,202,1.000,cold
4162,exp-cold-10000-004171-c9cfefb9,1784800232674,1784800232675,202,1.000,cold
4163,exp-cold-10000-004154-f0212202,1784800232674,1784800232675,202,1.000,cold
4164,exp-cold-10000-004169-3e3facc5,1784800232674,1784800232675,202,1.000,cold
4165,exp-cold-10000-004167-efc904b7,1784800232674,1784800232675,202,1.000,cold
4166,exp-cold-10000-004170-b017fcbe,1784800232674,1784800232675,202,1.000,cold
4167,exp-cold-10000-004172-4fd45b08,1784800232674,1784800232676,202,2.000,cold
4168,exp-cold-10000-004161-6c283bf3,1784800232675,1784800232675,202,0.000,cold
4169,exp-cold-10000-004162-62951230,1784800232675,1784800232675,202,0.000,cold
4170,exp-cold-10000-004165-52f0a6f0,1784800232675,1784800232675,202,0.000,cold
4171,exp-cold-10000-004163-66f2451a,1784800232675,1784800232675,202,0.000,cold
4172,exp-cold-10000-004166-60d606ab,1784800232675,1784800232675,202,0.000,cold
4173,exp-cold-10000-004173-4cf8d4b1,1784800232675,1784800232676,202,1.000,cold
4174,exp-cold-10000-004182-cc870a0b,1784800232675,1784800232676,202,1.000,cold
4175,exp-cold-10000-004174-694b77ab,1784800232675,1784800232676,202,1.000,cold
4176,exp-cold-10000-004181-4caa85d0,1784800232675,1784800232676,202,1.000,cold
4177,exp-cold-10000-004176-e0fe929b,1784800232675,1784800232676,202,1.000,cold
4178,exp-cold-10000-004183-7841522c,1784800232675,1784800232676,202,1.000,cold
4179,exp-cold-10000-004175-fcc23f57,1784800232676,1784800232676,202,0.000,cold
4180,exp-cold-10000-004177-46440e2e,1784800232676,1784800232676,202,0.000,cold
4181,exp-cold-10000-004179-4dbe30b5,1784800232676,1784800232676,202,0.000,cold
4182,exp-cold-10000-004178-0400cd0a,1784800232676,1784800232676,202,0.000,cold
4183,exp-cold-10000-004180-72e17183,1784800232676,1784800232676,202,0.000,cold
4184,exp-cold-10000-004192-8d2d7b05,1784800232676,1784800232677,202,1.000,cold
4185,exp-cold-10000-004194-b810815b,1784800232676,1784800232677,202,1.000,cold
4186,exp-cold-10000-004190-e1d2811c,1784800232676,1784800232677,202,1.000,cold
4187,exp-cold-10000-004193-f4b9141b,1784800232676,1784800232677,202,1.000,cold
4188,exp-cold-10000-004196-dc3c6e9d,1784800232676,1784800232677,202,1.000,cold
4189,exp-cold-10000-004195-8772ca12,1784800232676,1784800232677,202,1.000,cold
4190,exp-cold-10000-004188-050b450b,1784800232676,1784800232677,202,1.000,cold
4191,exp-cold-10000-004186-e83f167e,1784800232676,1784800232677,202,1.000,cold
4192,exp-cold-10000-004204-778505db,1784800232676,1784800232678,202,2.000,cold
4193,exp-cold-10000-004202-c193e3c9,1784800232676,1784800232678,202,2.000,cold
4194,exp-cold-10000-004220-5fb78c09,1784800232676,1784800232679,202,3.000,cold
4195,exp-cold-10000-004185-f33e55d7,1784800232677,1784800232677,202,0.000,cold
4196,exp-cold-10000-004184-d161fe12,1784800232677,1784800232677,202,0.000,cold
4197,exp-cold-10000-004191-0df72270,1784800232677,1784800232677,202,0.000,cold
4198,exp-cold-10000-004187-7be3a439,1784800232677,1784800232677,202,0.000,cold
4199,exp-cold-10000-004189-a3bc4750,1784800232677,1784800232677,202,0.000,cold
4200,exp-cold-10000-004203-201f8ee3,1784800232677,1784800232678,202,1.000,cold
4201,exp-cold-10000-004197-58d27ca8,1784800232677,1784800232678,202,1.000,cold
4202,exp-cold-10000-004199-486cd720,1784800232677,1784800232678,202,1.000,cold
4203,exp-cold-10000-004207-ddc9006c,1784800232677,1784800232678,202,1.000,cold
4204,exp-cold-10000-004201-79eedfb8,1784800232677,1784800232678,202,1.000,cold
4205,exp-cold-10000-004198-e8bf6027,1784800232677,1784800232678,202,1.000,cold
4206,exp-cold-10000-004205-6c1d330d,1784800232677,1784800232678,202,1.000,cold
4207,exp-cold-10000-004213-a88b6dfc,1784800232677,1784800232679,202,2.000,cold
4208,exp-cold-10000-004200-4a914547,1784800232678,1784800232678,202,0.000,cold
4209,exp-cold-10000-004218-1bf57d3b,1784800232678,1784800232679,202,1.000,cold
4210,exp-cold-10000-004212-bc7b9501,1784800232678,1784800232679,202,1.000,cold
4211,exp-cold-10000-004211-3477fb31,1784800232678,1784800232679,202,1.000,cold
4212,exp-cold-10000-004217-710b9841,1784800232678,1784800232679,202,1.000,cold
4213,exp-cold-10000-004219-903f7435,1784800232678,1784800232679,202,1.000,cold
4214,exp-cold-10000-004230-9c68d885,1784800232678,1784800232680,202,2.000,cold
4215,exp-cold-10000-004210-266b34e3,1784800232679,1784800232679,202,0.000,cold
4216,exp-cold-10000-004208-f3dbcc56,1784800232679,1784800232679,202,0.000,cold
4217,exp-cold-10000-004206-5b7b717d,1784800232679,1784800232679,202,0.000,cold
4218,exp-cold-10000-004216-4db33731,1784800232679,1784800232679,202,0.000,cold
4219,exp-cold-10000-004214-6be01bed,1784800232679,1784800232679,202,0.000,cold
4220,exp-cold-10000-004215-765fc75e,1784800232679,1784800232679,202,0.000,cold
4221,exp-cold-10000-004209-5009d526,1784800232679,1784800232679,202,0.000,cold
4222,exp-cold-10000-004229-85140406,1784800232679,1784800232680,202,1.000,cold
4223,exp-cold-10000-004225-fc8ebcfb,1784800232679,1784800232680,202,1.000,cold
4224,exp-cold-10000-004227-a449b114,1784800232679,1784800232680,202,1.000,cold
4225,exp-cold-10000-004233-11a020c1,1784800232679,1784800232680,202,1.000,cold
4226,exp-cold-10000-004228-11b52290,1784800232679,1784800232680,202,1.000,cold
4227,exp-cold-10000-004232-324794a9,1784800232679,1784800232680,202,1.000,cold
4228,exp-cold-10000-004239-71467de3,1784800232679,1784800232681,202,2.000,cold
4229,exp-cold-10000-004222-154761b8,1784800232680,1784800232680,202,0.000,cold
4230,exp-cold-10000-004224-b005b1b3,1784800232680,1784800232680,202,0.000,cold
4231,exp-cold-10000-004221-f3f0c721,1784800232680,1784800232680,202,0.000,cold
4232,exp-cold-10000-004226-0357d6c1,1784800232680,1784800232680,202,0.000,cold
4233,exp-cold-10000-004223-e219e56f,1784800232680,1784800232680,202,0.000,cold
4234,exp-cold-10000-004241-2b401926,1784800232680,1784800232681,202,1.000,cold
4235,exp-cold-10000-004245-7c1ea331,1784800232680,1784800232681,202,1.000,cold
4236,exp-cold-10000-004244-bc58142c,1784800232680,1784800232681,202,1.000,cold
4237,exp-cold-10000-004238-dbf4880d,1784800232680,1784800232681,202,1.000,cold
4238,exp-cold-10000-004243-fd4c44c7,1784800232680,1784800232681,202,1.000,cold
4239,exp-cold-10000-004246-07a63a89,1784800232680,1784800232681,202,1.000,cold
4240,exp-cold-10000-004242-33bdb0a7,1784800232680,1784800232681,202,1.000,cold
4241,exp-cold-10000-004235-1dfc6d97,1784800232681,1784800232681,202,0.000,cold
4242,exp-cold-10000-004237-b1924222,1784800232681,1784800232681,202,0.000,cold
4243,exp-cold-10000-004234-0e798254,1784800232681,1784800232681,202,0.000,cold
4244,exp-cold-10000-004236-d2b5cc41,1784800232681,1784800232681,202,0.000,cold
4245,exp-cold-10000-004240-9cffbe3e,1784800232681,1784800232681,202,0.000,cold
4246,exp-cold-10000-004231-9a377d45,1784800232681,1784800232681,202,0.000,cold
4247,exp-cold-10000-004252-40e87fae,1784800232681,1784800232682,202,1.000,cold
4248,exp-cold-10000-004257-ce085e6a,1784800232681,1784800232682,202,1.000,cold
4249,exp-cold-10000-004258-d4e3c4b1,1784800232681,1784800232682,202,1.000,cold
4250,exp-cold-10000-004259-a88b3d81,1784800232681,1784800232682,202,1.000,cold
4251,exp-cold-10000-004251-61279fc9,1784800232681,1784800232682,202,1.000,cold
4252,exp-cold-10000-004260-a93e1406,1784800232681,1784800232682,202,1.000,cold
4253,exp-cold-10000-004255-8c62661c,1784800232681,1784800232682,202,1.000,cold
4254,exp-cold-10000-004247-d9ddc691,1784800232682,1784800232682,202,0.000,cold
4255,exp-cold-10000-004250-6bace3e5,1784800232682,1784800232682,202,0.000,cold
4256,exp-cold-10000-004249-5a0c8861,1784800232682,1784800232682,202,0.000,cold
4257,exp-cold-10000-004248-e4dc24fd,1784800232682,1784800232682,202,0.000,cold
4258,exp-cold-10000-004253-566f52c0,1784800232682,1784800232682,202,0.000,cold
4259,exp-cold-10000-004254-943340c6,1784800232682,1784800232682,202,0.000,cold
4260,exp-cold-10000-004264-91b53349,1784800232682,1784800232683,202,1.000,cold
4261,exp-cold-10000-004267-b60860b8,1784800232682,1784800232683,202,1.000,cold
4262,exp-cold-10000-004268-f0c3a1ed,1784800232682,1784800232683,202,1.000,cold
4263,exp-cold-10000-004266-c3bcea27,1784800232682,1784800232683,202,1.000,cold
4264,exp-cold-10000-004263-3ca90e41,1784800232682,1784800232683,202,1.000,cold
4265,exp-cold-10000-004265-e5b5747d,1784800232682,1784800232683,202,1.000,cold
4266,exp-cold-10000-004275-ff9d557f,1784800232682,1784800232684,202,2.000,cold
4267,exp-cold-10000-004261-e7f90601,1784800232683,1784800232683,202,0.000,cold
4268,exp-cold-10000-004256-41904e7b,1784800232683,1784800232683,202,0.000,cold
4269,exp-cold-10000-004262-0357e543,1784800232683,1784800232683,202,0.000,cold
4270,exp-cold-10000-004276-204a4757,1784800232683,1784800232684,202,1.000,cold
4271,exp-cold-10000-004278-f2288343,1784800232683,1784800232684,202,1.000,cold
4272,exp-cold-10000-004279-c08512ba,1784800232683,1784800232684,202,1.000,cold
4273,exp-cold-10000-004277-f3edc4f6,1784800232683,1784800232684,202,1.000,cold
4274,exp-cold-10000-004270-bcd9a643,1784800232683,1784800232684,202,1.000,cold
4275,exp-cold-10000-004269-1d811117,1784800232684,1784800232684,202,0.000,cold
4276,exp-cold-10000-004273-97925f68,1784800232684,1784800232684,202,0.000,cold
4277,exp-cold-10000-004271-66c53f2b,1784800232684,1784800232684,202,0.000,cold
4278,exp-cold-10000-004274-7803f504,1784800232684,1784800232684,202,0.000,cold
4279,exp-cold-10000-004272-f146d360,1784800232684,1784800232684,202,0.000,cold
4280,exp-cold-10000-004285-591afac1,1784800232684,1784800232685,202,1.000,cold
4281,exp-cold-10000-004281-cc35742d,1784800232684,1784800232685,202,1.000,cold
4282,exp-cold-10000-004288-7abeb3dd,1784800232684,1784800232685,202,1.000,cold
4283,exp-cold-10000-004291-33649ee8,1784800232684,1784800232685,202,1.000,cold
4284,exp-cold-10000-004286-f2f1c4be,1784800232684,1784800232685,202,1.000,cold
4285,exp-cold-10000-004292-9261ca32,1784800232684,1784800232685,202,1.000,cold
4286,exp-cold-10000-004284-3e350365,1784800232684,1784800232685,202,1.000,cold
4287,exp-cold-10000-004290-e4206ad7,1784800232684,1784800232685,202,1.000,cold
4288,exp-cold-10000-004283-f64ff20c,1784800232684,1784800232685,202,1.000,cold
4289,exp-cold-10000-004287-af33909d,1784800232684,1784800232685,202,1.000,cold
4290,exp-cold-10000-004289-ebe05bff,1784800232684,1784800232685,202,1.000,cold
4291,exp-cold-10000-004280-64e87850,1784800232685,1784800232685,202,0.000,cold
4292,exp-cold-10000-004282-91e020a7,1784800232685,1784800232685,202,0.000,cold
4293,exp-cold-10000-004300-44aa81cb,1784800232685,1784800232686,202,1.000,cold
4294,exp-cold-10000-004303-c998cf60,1784800232685,1784800232686,202,1.000,cold
4295,exp-cold-10000-004304-a333fab7,1784800232685,1784800232686,202,1.000,cold
4296,exp-cold-10000-004293-aa41179d,1784800232685,1784800232686,202,1.000,cold
4297,exp-cold-10000-004306-83c6a912,1784800232685,1784800232686,202,1.000,cold
4298,exp-cold-10000-004302-e1ee292b,1784800232685,1784800232686,202,1.000,cold
4299,exp-cold-10000-004299-7ab9a372,1784800232685,1784800232686,202,1.000,cold
4300,exp-cold-10000-004305-a809b1d9,1784800232685,1784800232686,202,1.000,cold
4301,exp-cold-10000-004296-f6cb1779,1784800232686,1784800232686,202,0.000,cold
4302,exp-cold-10000-004295-af09a557,1784800232686,1784800232686,202,0.000,cold
4303,exp-cold-10000-004298-7bd512fc,1784800232686,1784800232686,202,0.000,cold
4304,exp-cold-10000-004297-8a26505d,1784800232686,1784800232686,202,0.000,cold
4305,exp-cold-10000-004301-bbf80210,1784800232686,1784800232686,202,0.000,cold
4306,exp-cold-10000-004294-31885b66,1784800232686,1784800232686,202,0.000,cold
4307,exp-cold-10000-004312-8d73eb21,1784800232686,1784800232687,202,1.000,cold
4308,exp-cold-10000-004313-58ed294f,1784800232686,1784800232687,202,1.000,cold
4309,exp-cold-10000-004314-e5fe27ee,1784800232686,1784800232687,202,1.000,cold
4310,exp-cold-10000-004315-1f20e2dd,1784800232686,1784800232687,202,1.000,cold
4311,exp-cold-10000-004310-7062dbc4,1784800232687,1784800232687,202,0.000,cold
4312,exp-cold-10000-004307-0c45913d,1784800232687,1784800232687,202,0.000,cold
4313,exp-cold-10000-004308-616ac3fa,1784800232687,1784800232687,202,0.000,cold
4314,exp-cold-10000-004309-1765f598,1784800232687,1784800232687,202,0.000,cold
4315,exp-cold-10000-004311-c35acb9f,1784800232687,1784800232687,202,0.000,cold
4316,exp-cold-10000-004321-32afd527,1784800232687,1784800232688,202,1.000,cold
4317,exp-cold-10000-004319-71ea45c2,1784800232687,1784800232688,202,1.000,cold
4318,exp-cold-10000-004320-a12ab265,1784800232687,1784800232688,202,1.000,cold
4319,exp-cold-10000-004324-08108382,1784800232687,1784800232689,202,2.000,cold
4320,exp-cold-10000-004325-495b6d08,1784800232687,1784800232689,202,2.000,cold
4321,exp-cold-10000-004322-5e9a37a0,1784800232687,1784800232689,202,2.000,cold
4322,exp-cold-10000-004326-d746b489,1784800232687,1784800232689,202,2.000,cold
4323,exp-cold-10000-004327-e6d3c921,1784800232687,1784800232689,202,2.000,cold
4324,exp-cold-10000-004316-c18775fa,1784800232688,1784800232688,202,0.000,cold
4325,exp-cold-10000-004317-8e126311,1784800232688,1784800232688,202,0.000,cold
4326,exp-cold-10000-004318-75d109e9,1784800232688,1784800232688,202,0.000,cold
4327,exp-cold-10000-004335-4255e43a,1784800232690,1784800232691,202,1.000,cold
4328,exp-cold-10000-004334-bd6ace7f,1784800232690,1784800232691,202,1.000,cold
4329,exp-cold-10000-004336-b158306c,1784800232690,1784800232691,202,1.000,cold
4330,exp-cold-10000-004331-9a57b6a3,1784800232690,1784800232691,202,1.000,cold
4331,exp-cold-10000-004337-7dcddac2,1784800232690,1784800232691,202,1.000,cold
4332,exp-cold-10000-004342-d867916b,1784800232690,1784800232692,202,2.000,cold
4333,exp-cold-10000-004329-eb8e7d45,1784800232691,1784800232691,202,0.000,cold
4334,exp-cold-10000-004328-f29b4e62,1784800232691,1784800232691,202,0.000,cold
4335,exp-cold-10000-004332-bf87169f,1784800232691,1784800232691,202,0.000,cold
4336,exp-cold-10000-004333-fef668d8,1784800232691,1784800232691,202,0.000,cold
4337,exp-cold-10000-004345-b7e61281,1784800232691,1784800232692,202,1.000,cold
4338,exp-cold-10000-004347-338e02f5,1784800232691,1784800232692,202,1.000,cold
4339,exp-cold-10000-004344-a91c4b1a,1784800232691,1784800232692,202,1.000,cold
4340,exp-cold-10000-004323-6e854337,1784800232691,1784800232692,202,1.000,cold
4341,exp-cold-10000-004350-b6911aef,1784800232691,1784800232692,202,1.000,cold
4342,exp-cold-10000-004349-b0e9b242,1784800232691,1784800232692,202,1.000,cold
4343,exp-cold-10000-004353-07c38bc1,1784800232691,1784800232692,202,1.000,cold
4344,exp-cold-10000-004352-cc2169b6,1784800232691,1784800232692,202,1.000,cold
4345,exp-cold-10000-004346-f1e2f6c1,1784800232691,1784800232692,202,1.000,cold
4346,exp-cold-10000-004348-770a523f,1784800232691,1784800232692,202,1.000,cold
4347,exp-cold-10000-004357-fa0d7485,1784800232691,1784800232693,202,2.000,cold
4348,exp-cold-10000-004368-a45ad17a,1784800232691,1784800232693,202,2.000,cold
4349,exp-cold-10000-004338-4c5f0c5a,1784800232692,1784800232692,202,0.000,cold
4350,exp-cold-10000-004340-3a900d85,1784800232692,1784800232692,202,0.000,cold
4351,exp-cold-10000-004341-82cd6514,1784800232692,1784800232692,202,0.000,cold
4352,exp-cold-10000-004343-a75e259c,1784800232692,1784800232692,202,0.000,cold
4353,exp-cold-10000-004339-e68dc096,1784800232692,1784800232692,202,0.000,cold
4354,exp-cold-10000-004330-2b400c36,1784800232692,1784800232692,202,0.000,cold
4355,exp-cold-10000-004362-699659c6,1784800232692,1784800232693,202,1.000,cold
4356,exp-cold-10000-004364-6a624265,1784800232692,1784800232693,202,1.000,cold
4357,exp-cold-10000-004366-563a454a,1784800232692,1784800232693,202,1.000,cold
4358,exp-cold-10000-004365-7077c574,1784800232692,1784800232693,202,1.000,cold
4359,exp-cold-10000-004363-4eab53f2,1784800232692,1784800232693,202,1.000,cold
4360,exp-cold-10000-004369-aa068729,1784800232692,1784800232693,202,1.000,cold
4361,exp-cold-10000-004360-79c567bd,1784800232692,1784800232693,202,1.000,cold
4362,exp-cold-10000-004367-f0ea32ff,1784800232692,1784800232693,202,1.000,cold
4363,exp-cold-10000-004355-d382c2b8,1784800232692,1784800232693,202,1.000,cold
4364,exp-cold-10000-004351-5334c3e9,1784800232693,1784800232693,202,0.000,cold
4365,exp-cold-10000-004356-6873db42,1784800232693,1784800232693,202,0.000,cold
4366,exp-cold-10000-004359-21e43ce0,1784800232693,1784800232693,202,0.000,cold
4367,exp-cold-10000-004354-370c102e,1784800232693,1784800232693,202,0.000,cold
4368,exp-cold-10000-004361-e281efcd,1784800232693,1784800232693,202,0.000,cold
4369,exp-cold-10000-004358-fbbd4068,1784800232693,1784800232693,202,0.000,cold
4370,exp-cold-10000-004379-ad19e198,1784800232693,1784800232694,202,1.000,cold
4371,exp-cold-10000-004378-9b3fbcdc,1784800232693,1784800232694,202,1.000,cold
4372,exp-cold-10000-004371-1bd07787,1784800232693,1784800232694,202,1.000,cold
4373,exp-cold-10000-004377-ac051735,1784800232693,1784800232694,202,1.000,cold
4374,exp-cold-10000-004380-e23777dc,1784800232693,1784800232694,202,1.000,cold
4375,exp-cold-10000-004372-85731063,1784800232693,1784800232694,202,1.000,cold
4376,exp-cold-10000-004375-472472f8,1784800232693,1784800232694,202,1.000,cold
4377,exp-cold-10000-004373-164c9305,1784800232693,1784800232694,202,1.000,cold
4378,exp-cold-10000-004370-4e2f38d5,1784800232694,1784800232694,202,0.000,cold
4379,exp-cold-10000-004374-b8a0f117,1784800232694,1784800232694,202,0.000,cold
4380,exp-cold-10000-004376-a349cf40,1784800232694,1784800232694,202,0.000,cold
4381,exp-cold-10000-004381-ecca2978,1784800232694,1784800232695,202,1.000,cold
4382,exp-cold-10000-004390-7d4830cc,1784800232694,1784800232695,202,1.000,cold
4383,exp-cold-10000-004391-884d2169,1784800232694,1784800232695,202,1.000,cold
4384,exp-cold-10000-004393-0a301955,1784800232694,1784800232695,202,1.000,cold
4385,exp-cold-10000-004387-43e92cb6,1784800232694,1784800232695,202,1.000,cold
4386,exp-cold-10000-004389-03eaf732,1784800232694,1784800232695,202,1.000,cold
4387,exp-cold-10000-004388-4cd5f55a,1784800232694,1784800232695,202,1.000,cold
4388,exp-cold-10000-004384-a7155e39,1784800232694,1784800232695,202,1.000,cold
4389,exp-cold-10000-004402-d82e78e4,1784800232694,1784800232696,202,2.000,cold
4390,exp-cold-10000-004406-30cbe4a5,1784800232694,1784800232696,202,2.000,cold
4391,exp-cold-10000-004382-26721015,1784800232695,1784800232695,202,0.000,cold
4392,exp-cold-10000-004385-5b665316,1784800232695,1784800232695,202,0.000,cold
4393,exp-cold-10000-004383-297a7947,1784800232695,1784800232695,202,0.000,cold
4394,exp-cold-10000-004386-07d4f64e,1784800232695,1784800232695,202,0.000,cold
4395,exp-cold-10000-004398-1b54890a,1784800232695,1784800232696,202,1.000,cold
4396,exp-cold-10000-004392-9c85fafe,1784800232695,1784800232696,202,1.000,cold
4397,exp-cold-10000-004400-5d983ca7,1784800232695,1784800232696,202,1.000,cold
4398,exp-cold-10000-004401-c2df58dc,1784800232695,1784800232696,202,1.000,cold
4399,exp-cold-10000-004403-83f7533b,1784800232695,1784800232696,202,1.000,cold
4400,exp-cold-10000-004407-9cf9433b,1784800232695,1784800232696,202,1.000,cold
4401,exp-cold-10000-004404-3597caa1,1784800232695,1784800232696,202,1.000,cold
4402,exp-cold-10000-004405-b5a872c9,1784800232695,1784800232696,202,1.000,cold
4403,exp-cold-10000-004628-0a5e9d8c,1784800232695,1784800232713,202,18.000,cold
4404,exp-cold-10000-004395-9fd7470e,1784800232696,1784800232696,202,0.000,cold
4405,exp-cold-10000-004396-38c21cb6,1784800232696,1784800232696,202,0.000,cold
4406,exp-cold-10000-004394-7b4bcf93,1784800232696,1784800232696,202,0.000,cold
4407,exp-cold-10000-004399-bdd9572d,1784800232696,1784800232696,202,0.000,cold
4408,exp-cold-10000-004397-50b461a6,1784800232696,1784800232696,202,0.000,cold
4409,exp-cold-10000-004418-8010b583,1784800232696,1784800232697,202,1.000,cold
4410,exp-cold-10000-004417-f8615bbf,1784800232696,1784800232697,202,1.000,cold
4411,exp-cold-10000-004420-5ee44600,1784800232696,1784800232697,202,1.000,cold
4412,exp-cold-10000-004416-3f816c63,1784800232696,1784800232697,202,1.000,cold
4413,exp-cold-10000-004421-df40732c,1784800232696,1784800232697,202,1.000,cold
4414,exp-cold-10000-004408-17d5b13f,1784800232697,1784800232697,202,0.000,cold
4415,exp-cold-10000-004409-c0b1ecb7,1784800232697,1784800232697,202,0.000,cold
4416,exp-cold-10000-004410-021f746c,1784800232697,1784800232697,202,0.000,cold
4417,exp-cold-10000-004412-3167b696,1784800232697,1784800232697,202,0.000,cold
4418,exp-cold-10000-004414-a291e741,1784800232697,1784800232697,202,0.000,cold
4419,exp-cold-10000-004415-f12ad1a9,1784800232697,1784800232697,202,0.000,cold
4420,exp-cold-10000-004411-16fa3dda,1784800232697,1784800232697,202,0.000,cold
4421,exp-cold-10000-004413-24ef0c5b,1784800232697,1784800232697,202,0.000,cold
4422,exp-cold-10000-004430-e684dc73,1784800232697,1784800232698,202,1.000,cold
4423,exp-cold-10000-004428-60aaf46f,1784800232697,1784800232698,202,1.000,cold
4424,exp-cold-10000-004432-5ff855f1,1784800232697,1784800232698,202,1.000,cold
4425,exp-cold-10000-004425-58a5a8d7,1784800232697,1784800232698,202,1.000,cold
4426,exp-cold-10000-004434-beba49f2,1784800232697,1784800232698,202,1.000,cold
4427,exp-cold-10000-004431-79d83324,1784800232697,1784800232698,202,1.000,cold
4428,exp-cold-10000-004433-7babdaee,1784800232697,1784800232698,202,1.000,cold
4429,exp-cold-10000-004638-121ddd3a,1784800232697,1784800232714,202,17.000,cold
4430,exp-cold-10000-004422-263a0145,1784800232698,1784800232698,202,0.000,cold
4431,exp-cold-10000-004419-2626a5b5,1784800232698,1784800232698,202,0.000,cold
4432,exp-cold-10000-004424-12210e61,1784800232698,1784800232698,202,0.000,cold
4433,exp-cold-10000-004426-3b468a08,1784800232698,1784800232698,202,0.000,cold
4434,exp-cold-10000-004429-c8ebb313,1784800232698,1784800232698,202,0.000,cold
4435,exp-cold-10000-004423-b33e6b53,1784800232698,1784800232698,202,0.000,cold
4436,exp-cold-10000-004427-76db8e49,1784800232698,1784800232698,202,0.000,cold
4437,exp-cold-10000-004442-b9d5c579,1784800232698,1784800232699,202,1.000,cold
4438,exp-cold-10000-004444-d915ec52,1784800232698,1784800232699,202,1.000,cold
4439,exp-cold-10000-004438-d16ef4e4,1784800232698,1784800232699,202,1.000,cold
4440,exp-cold-10000-004441-a1051350,1784800232698,1784800232699,202,1.000,cold
4441,exp-cold-10000-004445-07b5271e,1784800232698,1784800232699,202,1.000,cold
4442,exp-cold-10000-004447-4bd34880,1784800232698,1784800232699,202,1.000,cold
4443,exp-cold-10000-004443-7574fca6,1784800232698,1784800232699,202,1.000,cold
4444,exp-cold-10000-004437-9893c294,1784800232698,1784800232699,202,1.000,cold
4445,exp-cold-10000-004436-7c86c823,1784800232699,1784800232699,202,0.000,cold
4446,exp-cold-10000-004435-a9fc8072,1784800232699,1784800232699,202,0.000,cold
4447,exp-cold-10000-004439-6c28cdb9,1784800232699,1784800232699,202,0.000,cold
4448,exp-cold-10000-004440-2b99193e,1784800232699,1784800232699,202,0.000,cold
4449,exp-cold-10000-004454-f1e7b309,1784800232699,1784800232700,202,1.000,cold
4450,exp-cold-10000-004459-c8db0fd9,1784800232699,1784800232700,202,1.000,cold
4451,exp-cold-10000-004458-71697ec8,1784800232699,1784800232700,202,1.000,cold
4452,exp-cold-10000-004457-2af43320,1784800232699,1784800232700,202,1.000,cold
4453,exp-cold-10000-004450-f5d1c813,1784800232699,1784800232700,202,1.000,cold
4454,exp-cold-10000-004472-c400c0d8,1784800232699,1784800232701,202,2.000,cold
4455,exp-cold-10000-004655-e4339256,1784800232699,1784800232715,202,16.000,cold
4456,exp-cold-10000-004648-b22b82e8,1784800232699,1784800232715,202,16.000,cold
4457,exp-cold-10000-004446-27c796f1,1784800232700,1784800232700,202,0.000,cold
4458,exp-cold-10000-004451-14dc1235,1784800232700,1784800232700,202,0.000,cold
4459,exp-cold-10000-004448-89ab7e62,1784800232700,1784800232700,202,0.000,cold
4460,exp-cold-10000-004449-631d955f,1784800232700,1784800232700,202,0.000,cold
4461,exp-cold-10000-004453-364049da,1784800232700,1784800232700,202,0.000,cold
4462,exp-cold-10000-004452-ede320b5,1784800232700,1784800232700,202,0.000,cold
4463,exp-cold-10000-004456-6dbb802e,1784800232700,1784800232700,202,0.000,cold
4464,exp-cold-10000-004455-dc3bf7dc,1784800232700,1784800232700,202,0.000,cold
4465,exp-cold-10000-004460-b853c492,1784800232700,1784800232701,202,1.000,cold
4466,exp-cold-10000-004471-278727b4,1784800232700,1784800232701,202,1.000,cold
4467,exp-cold-10000-004461-93b9f542,1784800232700,1784800232701,202,1.000,cold
4468,exp-cold-10000-004465-83002633,1784800232700,1784800232701,202,1.000,cold
4469,exp-cold-10000-004473-2059cd83,1784800232700,1784800232701,202,1.000,cold
4470,exp-cold-10000-004468-2ea69e8d,1784800232700,1784800232701,202,1.000,cold
4471,exp-cold-10000-004470-dccf14ee,1784800232700,1784800232701,202,1.000,cold
4472,exp-cold-10000-004488-c0fd3d0d,1784800232700,1784800232702,202,2.000,cold
4473,exp-cold-10000-004663-fc4231a1,1784800232700,1784800232716,202,16.000,cold
4474,exp-cold-10000-004658-0072f064,1784800232700,1784800232716,202,16.000,cold
4475,exp-cold-10000-004462-e99c3415,1784800232701,1784800232701,202,0.000,cold
4476,exp-cold-10000-004466-e3347b9e,1784800232701,1784800232701,202,0.000,cold
4477,exp-cold-10000-004467-9ebdb2af,1784800232701,1784800232701,202,0.000,cold
4478,exp-cold-10000-004469-c57ad36b,1784800232701,1784800232701,202,0.000,cold
4479,exp-cold-10000-004463-4b69886a,1784800232701,1784800232701,202,0.000,cold
4480,exp-cold-10000-004464-c3a8acd2,1784800232701,1784800232701,202,0.000,cold
4481,exp-cold-10000-004476-0d05529f,1784800232701,1784800232702,202,1.000,cold
4482,exp-cold-10000-004480-142232cc,1784800232701,1784800232702,202,1.000,cold
4483,exp-cold-10000-004484-1afb8b37,1784800232701,1784800232702,202,1.000,cold
4484,exp-cold-10000-004485-d6631ae9,1784800232701,1784800232702,202,1.000,cold
4485,exp-cold-10000-004481-c223d48b,1784800232701,1784800232702,202,1.000,cold
4486,exp-cold-10000-004479-1c32547d,1784800232701,1784800232702,202,1.000,cold
4487,exp-cold-10000-004486-4f51bc4b,1784800232701,1784800232702,202,1.000,cold
4488,exp-cold-10000-004477-369e6b01,1784800232701,1784800232702,202,1.000,cold
4489,exp-cold-10000-004489-7995fb84,1784800232701,1784800232702,202,1.000,cold
4490,exp-cold-10000-004487-3a474cd2,1784800232701,1784800232702,202,1.000,cold
4491,exp-cold-10000-004661-1c6e10ac,1784800232701,1784800232716,202,15.000,cold
4492,exp-cold-10000-004662-5599ba6d,1784800232701,1784800232716,202,15.000,cold
4493,exp-cold-10000-004660-e254e7f7,1784800232701,1784800232716,202,15.000,cold
4494,exp-cold-10000-004654-b644cf68,1784800232701,1784800232716,202,15.000,cold
4495,exp-cold-10000-004475-127041a1,1784800232702,1784800232702,202,0.000,cold
4496,exp-cold-10000-004474-98b8ec09,1784800232702,1784800232702,202,0.000,cold
4497,exp-cold-10000-004478-a2419c50,1784800232702,1784800232702,202,0.000,cold
4498,exp-cold-10000-004483-bbb0050c,1784800232702,1784800232702,202,0.000,cold
4499,exp-cold-10000-004482-7bd4ca9c,1784800232702,1784800232702,202,0.000,cold
4500,exp-cold-10000-004495-de4e6398,1784800232702,1784800232703,202,1.000,cold
4501,exp-cold-10000-004496-4a950e2a,1784800232702,1784800232703,202,1.000,cold
4502,exp-cold-10000-004494-f67c36c8,1784800232702,1784800232703,202,1.000,cold
4503,exp-cold-10000-004497-163808d9,1784800232702,1784800232703,202,1.000,cold
4504,exp-cold-10000-004501-5a5b84a8,1784800232702,1784800232703,202,1.000,cold
4505,exp-cold-10000-004498-0be9935f,1784800232702,1784800232703,202,1.000,cold
4506,exp-cold-10000-004499-942b80fb,1784800232702,1784800232703,202,1.000,cold
4507,exp-cold-10000-004492-69952413,1784800232702,1784800232703,202,1.000,cold
4508,exp-cold-10000-004504-c68ca99f,1784800232702,1784800232703,202,1.000,cold
4509,exp-cold-10000-004503-8a183c17,1784800232702,1784800232703,202,1.000,cold
4510,exp-cold-10000-004500-ad6f882f,1784800232702,1784800232703,202,1.000,cold
4511,exp-cold-10000-004491-171fb326,1784800232703,1784800232703,202,0.000,cold
4512,exp-cold-10000-004493-d8f34a19,1784800232703,1784800232703,202,0.000,cold
4513,exp-cold-10000-004490-90370582,1784800232703,1784800232703,202,0.000,cold
4514,exp-cold-10000-004511-5655a9a3,1784800232703,1784800232704,202,1.000,cold
4515,exp-cold-10000-004509-18c8c5c5,1784800232703,1784800232704,202,1.000,cold
4516,exp-cold-10000-004513-e1938523,1784800232703,1784800232704,202,1.000,cold
4517,exp-cold-10000-004506-4fd305b8,1784800232703,1784800232704,202,1.000,cold
4518,exp-cold-10000-004514-c69cff86,1784800232703,1784800232704,202,1.000,cold
4519,exp-cold-10000-004512-c091ee80,1784800232703,1784800232704,202,1.000,cold
4520,exp-cold-10000-004510-fc5a9d24,1784800232703,1784800232704,202,1.000,cold
4521,exp-cold-10000-004541-959fd016,1784800232703,1784800232706,202,3.000,cold
4522,exp-cold-10000-004539-13f1736d,1784800232703,1784800232706,202,3.000,cold
4523,exp-cold-10000-004505-1b5e4179,1784800232704,1784800232704,202,0.000,cold
4524,exp-cold-10000-004507-49ebdd49,1784800232704,1784800232704,202,0.000,cold
4525,exp-cold-10000-004508-2f980eaf,1784800232704,1784800232704,202,0.000,cold
4526,exp-cold-10000-004502-c73a320f,1784800232704,1784800232704,202,0.000,cold
4527,exp-cold-10000-004516-5cd7ed43,1784800232704,1784800232705,202,1.000,cold
4528,exp-cold-10000-004521-87168cd9,1784800232704,1784800232705,202,1.000,cold
4529,exp-cold-10000-004518-f41df8b3,1784800232704,1784800232705,202,1.000,cold
4530,exp-cold-10000-004534-630e7702,1784800232704,1784800232706,202,2.000,cold
4531,exp-cold-10000-004536-044c9635,1784800232704,1784800232706,202,2.000,cold
4532,exp-cold-10000-004515-32cd93aa,1784800232705,1784800232705,202,0.000,cold
4533,exp-cold-10000-004517-c9dd6902,1784800232705,1784800232705,202,0.000,cold
4534,exp-cold-10000-004526-f2c139b9,1784800232705,1784800232706,202,1.000,cold
4535,exp-cold-10000-004535-4f486fa5,1784800232705,1784800232706,202,1.000,cold
4536,exp-cold-10000-004519-04f19207,1784800232705,1784800232705,202,0.000,cold
4537,exp-cold-10000-004542-832ab269,1784800232705,1784800232706,202,1.000,cold
4538,exp-cold-10000-004537-063e38f7,1784800232705,1784800232706,202,1.000,cold
4539,exp-cold-10000-004524-c9759f6f,1784800232705,1784800232706,202,1.000,cold
4540,exp-cold-10000-004532-a1f6b581,1784800232705,1784800232706,202,1.000,cold
4541,exp-cold-10000-004540-bb95fa6d,1784800232705,1784800232706,202,1.000,cold
4542,exp-cold-10000-004543-b577ddaf,1784800232705,1784800232706,202,1.000,cold
4543,exp-cold-10000-004531-80a26daa,1784800232705,1784800232706,202,1.000,cold
4544,exp-cold-10000-004530-bc876c53,1784800232705,1784800232706,202,1.000,cold
4545,exp-cold-10000-004552-aef6a5b8,1784800232705,1784800232707,202,2.000,cold
4546,exp-cold-10000-004527-13601c09,1784800232706,1784800232706,202,0.000,cold
4547,exp-cold-10000-004528-6ef43d26,1784800232706,1784800232706,202,0.000,cold
4548,exp-cold-10000-004529-474aba8d,1784800232706,1784800232706,202,0.000,cold
4549,exp-cold-10000-004533-f8f28758,1784800232706,1784800232706,202,0.000,cold
4550,exp-cold-10000-004522-87c984e2,1784800232706,1784800232706,202,0.000,cold
4551,exp-cold-10000-004520-22e16ec2,1784800232706,1784800232706,202,0.000,cold
4552,exp-cold-10000-004523-e8c93230,1784800232706,1784800232706,202,0.000,cold
4553,exp-cold-10000-004548-b90ed336,1784800232706,1784800232707,202,1.000,cold
4554,exp-cold-10000-004525-c63d87d1,1784800232706,1784800232707,202,1.000,cold
4555,exp-cold-10000-004544-6f443664,1784800232706,1784800232707,202,1.000,cold
4556,exp-cold-10000-004549-38e119fa,1784800232706,1784800232707,202,1.000,cold
4557,exp-cold-10000-004553-ffc1d22c,1784800232706,1784800232707,202,1.000,cold
4558,exp-cold-10000-004550-d6aaa1d2,1784800232706,1784800232707,202,1.000,cold
4559,exp-cold-10000-004538-a8e174c2,1784800232706,1784800232707,202,1.000,cold
4560,exp-cold-10000-004555-bbe72035,1784800232706,1784800232707,202,1.000,cold
4561,exp-cold-10000-004556-f1d7c8c0,1784800232706,1784800232707,202,1.000,cold
4562,exp-cold-10000-004551-ab159c5b,1784800232706,1784800232707,202,1.000,cold
4563,exp-cold-10000-004554-af878c78,1784800232706,1784800232707,202,1.000,cold
4564,exp-cold-10000-004564-5bd0ad6f,1784800232706,1784800232708,202,2.000,cold
4565,exp-cold-10000-004545-c32ae049,1784800232707,1784800232707,202,0.000,cold
4566,exp-cold-10000-004546-cdb723a8,1784800232707,1784800232707,202,0.000,cold
4567,exp-cold-10000-004547-731b8d15,1784800232707,1784800232707,202,0.000,cold
4568,exp-cold-10000-004565-4730d173,1784800232707,1784800232708,202,1.000,cold
4569,exp-cold-10000-004567-f56a91c4,1784800232707,1784800232708,202,1.000,cold
4570,exp-cold-10000-004560-1b95712c,1784800232707,1784800232708,202,1.000,cold
4571,exp-cold-10000-004569-f54c8eab,1784800232707,1784800232708,202,1.000,cold
4572,exp-cold-10000-004562-14c90800,1784800232707,1784800232708,202,1.000,cold
4573,exp-cold-10000-004563-28053951,1784800232707,1784800232708,202,1.000,cold
4574,exp-cold-10000-004559-49cd90e3,1784800232707,1784800232708,202,1.000,cold
4575,exp-cold-10000-004568-c34b4e29,1784800232707,1784800232708,202,1.000,cold
4576,exp-cold-10000-004566-396856f0,1784800232707,1784800232708,202,1.000,cold
4577,exp-cold-10000-004573-74a52179,1784800232707,1784800232709,202,2.000,cold
4578,exp-cold-10000-004557-e3c66409,1784800232708,1784800232708,202,0.000,cold
4579,exp-cold-10000-004558-c93edadf,1784800232708,1784800232708,202,0.000,cold
4580,exp-cold-10000-004561-f7f4aab6,1784800232708,1784800232708,202,0.000,cold
4581,exp-cold-10000-004572-7f22fcce,1784800232708,1784800232709,202,1.000,cold
4582,exp-cold-10000-004579-4dbe26c0,1784800232708,1784800232709,202,1.000,cold
4583,exp-cold-10000-004575-a14837e3,1784800232708,1784800232709,202,1.000,cold
4584,exp-cold-10000-004578-83b46e98,1784800232708,1784800232709,202,1.000,cold
4585,exp-cold-10000-004580-6de3b1fa,1784800232708,1784800232709,202,1.000,cold
4586,exp-cold-10000-004574-a9b6e1ca,1784800232708,1784800232709,202,1.000,cold
4587,exp-cold-10000-004577-55ef428b,1784800232708,1784800232709,202,1.000,cold
4588,exp-cold-10000-004581-b14ce1ad,1784800232708,1784800232709,202,1.000,cold
4589,exp-cold-10000-004570-49a6eb2c,1784800232709,1784800232709,202,0.000,cold
4590,exp-cold-10000-004571-655eb495,1784800232709,1784800232709,202,0.000,cold
4591,exp-cold-10000-004576-109e0216,1784800232709,1784800232709,202,0.000,cold
4592,exp-cold-10000-004585-be4da1e0,1784800232709,1784800232710,202,1.000,cold
4593,exp-cold-10000-004589-37b7c8cd,1784800232709,1784800232710,202,1.000,cold
4594,exp-cold-10000-004592-6de9aec9,1784800232709,1784800232710,202,1.000,cold
4595,exp-cold-10000-004590-61e61f28,1784800232709,1784800232710,202,1.000,cold
4596,exp-cold-10000-004588-eb7c9e19,1784800232709,1784800232710,202,1.000,cold
4597,exp-cold-10000-004591-4ee44413,1784800232709,1784800232710,202,1.000,cold
4598,exp-cold-10000-004593-d949ad81,1784800232709,1784800232710,202,1.000,cold
4599,exp-cold-10000-004587-ec00238f,1784800232709,1784800232710,202,1.000,cold
4600,exp-cold-10000-004594-de28dd8b,1784800232709,1784800232710,202,1.000,cold
4601,exp-cold-10000-004615-729b271a,1784800232709,1784800232712,202,3.000,cold
4602,exp-cold-10000-004583-3b50a858,1784800232710,1784800232710,202,0.000,cold
4603,exp-cold-10000-004582-3d5a3b1e,1784800232710,1784800232710,202,0.000,cold
4604,exp-cold-10000-004586-3d9cb600,1784800232710,1784800232710,202,0.000,cold
4605,exp-cold-10000-004584-1d9fdd12,1784800232710,1784800232710,202,0.000,cold
4606,exp-cold-10000-004601-15d363c0,1784800232710,1784800232711,202,1.000,cold
4607,exp-cold-10000-004599-65103868,1784800232710,1784800232711,202,1.000,cold
4608,exp-cold-10000-004600-6f3c68e5,1784800232710,1784800232711,202,1.000,cold
4609,exp-cold-10000-004604-d8756f56,1784800232710,1784800232711,202,1.000,cold
4610,exp-cold-10000-004602-cac3a4b2,1784800232710,1784800232711,202,1.000,cold
4611,exp-cold-10000-004603-b05ccfd9,1784800232710,1784800232711,202,1.000,cold
4612,exp-cold-10000-004597-61f2dba1,1784800232710,1784800232711,202,1.000,cold
4613,exp-cold-10000-004612-a93b52d1,1784800232710,1784800232712,202,2.000,cold
4614,exp-cold-10000-004596-c3b21f01,1784800232711,1784800232711,202,0.000,cold
4615,exp-cold-10000-004598-eb57e5e3,1784800232711,1784800232711,202,0.000,cold
4616,exp-cold-10000-004595-f1705c9d,1784800232711,1784800232711,202,0.000,cold
4617,exp-cold-10000-004610-d237b1bb,1784800232711,1784800232712,202,1.000,cold
4618,exp-cold-10000-004608-3bb599ce,1784800232711,1784800232712,202,1.000,cold
4619,exp-cold-10000-004614-0384c7eb,1784800232711,1784800232712,202,1.000,cold
4620,exp-cold-10000-004605-801906ae,1784800232711,1784800232712,202,1.000,cold
4621,exp-cold-10000-004617-ac76cfa1,1784800232711,1784800232712,202,1.000,cold
4622,exp-cold-10000-004611-7c2f5aac,1784800232711,1784800232712,202,1.000,cold
4623,exp-cold-10000-004607-2eca15e3,1784800232711,1784800232712,202,1.000,cold
4624,exp-cold-10000-004613-8bd164f7,1784800232711,1784800232712,202,1.000,cold
4625,exp-cold-10000-004616-838c2ebd,1784800232711,1784800232712,202,1.000,cold
4626,exp-cold-10000-004618-e448a38e,1784800232711,1784800232713,202,2.000,cold
4627,exp-cold-10000-004606-47e05b35,1784800232712,1784800232712,202,0.000,cold
4628,exp-cold-10000-004609-3e26671b,1784800232712,1784800232712,202,0.000,cold
4629,exp-cold-10000-004626-c01bf8c4,1784800232712,1784800232713,202,1.000,cold
4630,exp-cold-10000-004630-439f1c31,1784800232712,1784800232713,202,1.000,cold
4631,exp-cold-10000-004623-925ef0fe,1784800232712,1784800232713,202,1.000,cold
4632,exp-cold-10000-004624-f95aed96,1784800232712,1784800232713,202,1.000,cold
4633,exp-cold-10000-004631-2b2b794c,1784800232712,1784800232713,202,1.000,cold
4634,exp-cold-10000-004634-56621048,1784800232712,1784800232713,202,1.000,cold
4635,exp-cold-10000-004632-fde60258,1784800232712,1784800232713,202,1.000,cold
4636,exp-cold-10000-004633-4f167910,1784800232712,1784800232713,202,1.000,cold
4637,exp-cold-10000-004629-f932cbb1,1784800232712,1784800232713,202,1.000,cold
4638,exp-cold-10000-004637-7a931b70,1784800232712,1784800232714,202,2.000,cold
4639,exp-cold-10000-004620-a4eefe77,1784800232713,1784800232713,202,0.000,cold
4640,exp-cold-10000-004619-18968af1,1784800232713,1784800232713,202,0.000,cold
4641,exp-cold-10000-004622-a6b285e3,1784800232713,1784800232713,202,0.000,cold
4642,exp-cold-10000-004625-6218c2db,1784800232713,1784800232713,202,0.000,cold
4643,exp-cold-10000-004627-7ba8d95f,1784800232713,1784800232713,202,0.000,cold
4644,exp-cold-10000-004642-c54b037d,1784800232713,1784800232714,202,1.000,cold
4645,exp-cold-10000-004644-1dfdcf67,1784800232713,1784800232714,202,1.000,cold
4646,exp-cold-10000-004636-67bbff94,1784800232713,1784800232714,202,1.000,cold
4647,exp-cold-10000-004621-6bba68eb,1784800232713,1784800232714,202,1.000,cold
4648,exp-cold-10000-004643-7f6ce17b,1784800232713,1784800232714,202,1.000,cold
4649,exp-cold-10000-004645-311f7a92,1784800232713,1784800232714,202,1.000,cold
4650,exp-cold-10000-004641-d5f82f28,1784800232713,1784800232714,202,1.000,cold
4651,exp-cold-10000-004635-bf37fd4d,1784800232714,1784800232714,202,0.000,cold
4652,exp-cold-10000-004639-d248b97d,1784800232714,1784800232714,202,0.000,cold
4653,exp-cold-10000-004640-126aa36f,1784800232714,1784800232714,202,0.000,cold
4654,exp-cold-10000-004647-ac19583d,1784800232714,1784800232715,202,1.000,cold
4655,exp-cold-10000-004652-bebf3a14,1784800232714,1784800232715,202,1.000,cold
4656,exp-cold-10000-004656-49d3b9c8,1784800232714,1784800232715,202,1.000,cold
4657,exp-cold-10000-004646-f7d8a349,1784800232714,1784800232715,202,1.000,cold
4658,exp-cold-10000-004657-ba26521c,1784800232714,1784800232715,202,1.000,cold
4659,exp-cold-10000-004649-d4b2e384,1784800232715,1784800232715,202,0.000,cold
4660,exp-cold-10000-004650-332c5c2f,1784800232715,1784800232715,202,0.000,cold
4661,exp-cold-10000-004651-61317fa8,1784800232715,1784800232715,202,0.000,cold
4662,exp-cold-10000-004653-b2d46bfe,1784800232715,1784800232715,202,0.000,cold
4663,exp-cold-10000-004659-1eb3e411,1784800232716,1784800232716,202,0.000,cold
4664,exp-cold-10000-004664-87851666,1784800232729,1784800232731,202,2.000,cold
4665,exp-cold-10000-005021-2864ac02,1784800232729,1784800232752,202,23.000,cold
4666,exp-cold-10000-004665-26e48d9d,1784800232730,1784800232731,202,1.000,cold
4667,exp-cold-10000-004666-8d97ebc1,1784800232730,1784800232731,202,1.000,cold
4668,exp-cold-10000-004668-2f53b4df,1784800232730,1784800232731,202,1.000,cold
4669,exp-cold-10000-004671-e06e49fe,1784800232730,1784800232731,202,1.000,cold
4670,exp-cold-10000-004667-c6e7b7b0,1784800232730,1784800232731,202,1.000,cold
4671,exp-cold-10000-004670-6a8b281a,1784800232730,1784800232731,202,1.000,cold
4672,exp-cold-10000-004669-d9ecdec7,1784800232730,1784800232731,202,1.000,cold
4673,exp-cold-10000-004676-003ccb7f,1784800232731,1784800232732,202,1.000,cold
4674,exp-cold-10000-004677-60001e91,1784800232731,1784800232732,202,1.000,cold
4675,exp-cold-10000-004679-c2e970be,1784800232731,1784800232732,202,1.000,cold
4676,exp-cold-10000-004678-0aa48148,1784800232731,1784800232732,202,1.000,cold
4677,exp-cold-10000-004681-b05e79f2,1784800232731,1784800232732,202,1.000,cold
4678,exp-cold-10000-004683-89bcddd8,1784800232731,1784800232732,202,1.000,cold
4679,exp-cold-10000-004685-b25c936a,1784800232731,1784800232732,202,1.000,cold
4680,exp-cold-10000-004680-4de1c444,1784800232731,1784800232732,202,1.000,cold
4681,exp-cold-10000-004684-469c6bb9,1784800232731,1784800232732,202,1.000,cold
4682,exp-cold-10000-004701-e9b24050,1784800232731,1784800232733,202,2.000,cold
4683,exp-cold-10000-004673-06e60870,1784800232732,1784800232732,202,0.000,cold
4684,exp-cold-10000-004672-ab1799eb,1784800232732,1784800232732,202,0.000,cold
4685,exp-cold-10000-004674-99cbc068,1784800232732,1784800232732,202,0.000,cold
4686,exp-cold-10000-004675-aa8a0d7c,1784800232732,1784800232732,202,0.000,cold
4687,exp-cold-10000-004688-b987f684,1784800232732,1784800232733,202,1.000,cold
4688,exp-cold-10000-004694-9a4ce79e,1784800232732,1784800232733,202,1.000,cold
4689,exp-cold-10000-004695-0c391a3f,1784800232732,1784800232733,202,1.000,cold
4690,exp-cold-10000-004697-149b64be,1784800232732,1784800232733,202,1.000,cold
4691,exp-cold-10000-004682-532ec443,1784800232732,1784800232733,202,1.000,cold
4692,exp-cold-10000-004698-58e05479,1784800232732,1784800232733,202,1.000,cold
4693,exp-cold-10000-004689-b094b831,1784800232732,1784800232733,202,1.000,cold
4694,exp-cold-10000-004699-ccd7bc40,1784800232732,1784800232733,202,1.000,cold
4695,exp-cold-10000-004700-8a2907f1,1784800232732,1784800232733,202,1.000,cold
4696,exp-cold-10000-004693-420e3d50,1784800232732,1784800232733,202,1.000,cold
4697,exp-cold-10000-004687-d98971c4,1784800232732,1784800232733,202,1.000,cold
4698,exp-cold-10000-004691-452d8c44,1784800232732,1784800232734,202,2.000,cold
4699,exp-cold-10000-004686-5154fe1f,1784800232733,1784800232733,202,0.000,cold
4700,exp-cold-10000-004690-1fc9185c,1784800232733,1784800232733,202,0.000,cold
4701,exp-cold-10000-004692-64bf18b0,1784800232733,1784800232733,202,0.000,cold
4702,exp-cold-10000-004708-7a4155b1,1784800232733,1784800232734,202,1.000,cold
4703,exp-cold-10000-004712-349e773d,1784800232733,1784800232734,202,1.000,cold
4704,exp-cold-10000-004703-9680c475,1784800232733,1784800232734,202,1.000,cold
4705,exp-cold-10000-004709-00e15556,1784800232733,1784800232734,202,1.000,cold
4706,exp-cold-10000-004713-95f69a94,1784800232733,1784800232734,202,1.000,cold
4707,exp-cold-10000-004714-f04ba369,1784800232733,1784800232734,202,1.000,cold
4708,exp-cold-10000-004715-ee075f16,1784800232733,1784800232734,202,1.000,cold
4709,exp-cold-10000-004696-cbdd2582,1784800232733,1784800232734,202,1.000,cold
4710,exp-cold-10000-004711-4d4520e5,1784800232733,1784800232734,202,1.000,cold
4711,exp-cold-10000-004705-5ecbe771,1784800232733,1784800232734,202,1.000,cold
4712,exp-cold-10000-004702-e9f48c0d,1784800232733,1784800232734,202,1.000,cold
4713,exp-cold-10000-004986-29d91285,1784800232733,1784800232751,202,18.000,cold
4714,exp-cold-10000-004706-fb91b5fa,1784800232734,1784800232734,202,0.000,cold
4715,exp-cold-10000-004704-eb763845,1784800232734,1784800232734,202,0.000,cold
4716,exp-cold-10000-004707-e64329ed,1784800232734,1784800232734,202,0.000,cold
4717,exp-cold-10000-004710-048febdb,1784800232734,1784800232734,202,0.000,cold
4718,exp-cold-10000-004719-953a1c71,1784800232734,1784800232735,202,1.000,cold
4719,exp-cold-10000-004716-e90d2d86,1784800232734,1784800232735,202,1.000,cold
4720,exp-cold-10000-004724-72d78c2c,1784800232734,1784800232735,202,1.000,cold
4721,exp-cold-10000-004723-eddaa5df,1784800232734,1784800232735,202,1.000,cold
4722,exp-cold-10000-004718-330ed2bb,1784800232734,1784800232735,202,1.000,cold
4723,exp-cold-10000-004726-dc0b7f55,1784800232734,1784800232735,202,1.000,cold
4724,exp-cold-10000-004739-3fc04f5d,1784800232734,1784800232736,202,2.000,cold
4725,exp-cold-10000-004772-22927b60,1784800232734,1784800232739,202,5.000,cold
4726,exp-cold-10000-004717-9da1ce82,1784800232735,1784800232735,202,0.000,cold
4727,exp-cold-10000-004721-c4a0689d,1784800232735,1784800232735,202,0.000,cold
4728,exp-cold-10000-004720-8b66ec4e,1784800232735,1784800232735,202,0.000,cold
4729,exp-cold-10000-004722-a9a9a44a,1784800232735,1784800232735,202,0.000,cold
4730,exp-cold-10000-004725-6c515bd7,1784800232735,1784800232735,202,0.000,cold
4731,exp-cold-10000-004734-ac7ecc42,1784800232735,1784800232736,202,1.000,cold
4732,exp-cold-10000-004736-2ad8fef8,1784800232735,1784800232736,202,1.000,cold
4733,exp-cold-10000-004727-9ee6481f,1784800232735,1784800232736,202,1.000,cold
4734,exp-cold-10000-004737-2a3124b6,1784800232735,1784800232736,202,1.000,cold
4735,exp-cold-10000-004738-c41841d4,1784800232735,1784800232736,202,1.000,cold
4736,exp-cold-10000-004735-beae9631,1784800232735,1784800232736,202,1.000,cold
4737,exp-cold-10000-004731-c1aafedb,1784800232735,1784800232736,202,1.000,cold
4738,exp-cold-10000-004763-68038b40,1784800232735,1784800232738,202,3.000,cold
4739,exp-cold-10000-005048-efa72386,1784800232735,1784800232753,202,18.000,cold
4740,exp-cold-10000-004728-52d9dc85,1784800232736,1784800232736,202,0.000,cold
4741,exp-cold-10000-004730-fcb86ec3,1784800232736,1784800232736,202,0.000,cold
4742,exp-cold-10000-004729-9524fe28,1784800232736,1784800232736,202,0.000,cold
4743,exp-cold-10000-004732-1455f200,1784800232736,1784800232736,202,0.000,cold
4744,exp-cold-10000-004733-041b5841,1784800232736,1784800232736,202,0.000,cold
4745,exp-cold-10000-004748-ecc517ec,1784800232736,1784800232737,202,1.000,cold
4746,exp-cold-10000-004740-8a285125,1784800232736,1784800232737,202,1.000,cold
4747,exp-cold-10000-004747-a34f5c04,1784800232736,1784800232737,202,1.000,cold
4748,exp-cold-10000-004761-2ce260ea,1784800232736,1784800232738,202,2.000,cold
4749,exp-cold-10000-004764-62df0165,1784800232736,1784800232738,202,2.000,cold
4750,exp-cold-10000-004818-e8652264,1784800232736,1784800232741,202,5.000,cold
4751,exp-cold-10000-005002-cb94a335,1784800232736,1784800232751,202,15.000,cold
4752,exp-cold-10000-005247-9bdcac94,1784800232736,1784800232763,202,27.000,cold
4753,exp-cold-10000-005507-a05bc7b3,1784800232736,1784800232777,202,41.000,cold
4754,exp-cold-10000-004741-2fe5b2e4,1784800232737,1784800232737,202,0.000,cold
4755,exp-cold-10000-004743-fea4aabb,1784800232737,1784800232737,202,0.000,cold
4756,exp-cold-10000-004742-d7582478,1784800232737,1784800232737,202,0.000,cold
4757,exp-cold-10000-004744-fb14e24d,1784800232737,1784800232737,202,0.000,cold
4758,exp-cold-10000-004745-17480df2,1784800232737,1784800232737,202,0.000,cold
4759,exp-cold-10000-004746-7a038ebb,1784800232737,1784800232737,202,0.000,cold
4760,exp-cold-10000-004760-03ef1ed0,1784800232737,1784800232738,202,1.000,cold
4761,exp-cold-10000-004757-6f2788a7,1784800232737,1784800232738,202,1.000,cold
4762,exp-cold-10000-004758-86abdb36,1784800232737,1784800232738,202,1.000,cold
4763,exp-cold-10000-004759-6df3f948,1784800232737,1784800232738,202,1.000,cold
4764,exp-cold-10000-004762-a11f7f6c,1784800232737,1784800232738,202,1.000,cold
4765,exp-cold-10000-004749-da33f9bb,1784800232737,1784800232738,202,1.000,cold
4766,exp-cold-10000-004778-a29f3f35,1784800232737,1784800232739,202,2.000,cold
4767,exp-cold-10000-004807-b4dbe0b3,1784800232737,1784800232741,202,4.000,cold
4768,exp-cold-10000-005004-63c463e6,1784800232737,1784800232751,202,14.000,cold
4769,exp-cold-10000-005116-3d7bc4de,1784800232737,1784800232757,202,20.000,cold
4770,exp-cold-10000-004752-240ebdea,1784800232738,1784800232738,202,0.000,cold
4771,exp-cold-10000-004750-6548ab29,1784800232738,1784800232738,202,0.000,cold
4772,exp-cold-10000-004751-76af55e5,1784800232738,1784800232738,202,0.000,cold
4773,exp-cold-10000-004754-e4025f37,1784800232738,1784800232738,202,0.000,cold
4774,exp-cold-10000-004753-d772338b,1784800232738,1784800232738,202,0.000,cold
4775,exp-cold-10000-004755-37b4c204,1784800232738,1784800232738,202,0.000,cold
4776,exp-cold-10000-004756-2b4ce3bd,1784800232738,1784800232738,202,0.000,cold
4777,exp-cold-10000-004774-6ebbe1a9,1784800232738,1784800232739,202,1.000,cold
4778,exp-cold-10000-004769-8104e938,1784800232738,1784800232739,202,1.000,cold
4779,exp-cold-10000-004765-14548e81,1784800232738,1784800232739,202,1.000,cold
4780,exp-cold-10000-004776-55e302fb,1784800232738,1784800232739,202,1.000,cold
4781,exp-cold-10000-004773-470b7bca,1784800232738,1784800232739,202,1.000,cold
4782,exp-cold-10000-004777-458192f0,1784800232738,1784800232739,202,1.000,cold
4783,exp-cold-10000-004775-a9315fe2,1784800232738,1784800232739,202,1.000,cold
4784,exp-cold-10000-004770-81933d24,1784800232738,1784800232739,202,1.000,cold
4785,exp-cold-10000-004766-cc9b6e6a,1784800232738,1784800232739,202,1.000,cold
4786,exp-cold-10000-004780-1f17fee0,1784800232738,1784800232739,202,1.000,cold
4787,exp-cold-10000-004802-039be52c,1784800232738,1784800232741,202,3.000,cold
4788,exp-cold-10000-004947-9479b2a4,1784800232738,1784800232749,202,11.000,cold
4789,exp-cold-10000-005015-a05c0c1f,1784800232738,1784800232752,202,14.000,cold
4790,exp-cold-10000-004767-5d56c962,1784800232739,1784800232739,202,0.000,cold
4791,exp-cold-10000-004771-a9128faf,1784800232739,1784800232739,202,0.000,cold
4792,exp-cold-10000-004768-e8abf5ab,1784800232739,1784800232739,202,0.000,cold
4793,exp-cold-10000-004784-28c777d0,1784800232739,1784800232740,202,1.000,cold
4794,exp-cold-10000-004790-c6bf5d27,1784800232739,1784800232740,202,1.000,cold
4795,exp-cold-10000-004787-1deb44b5,1784800232739,1784800232740,202,1.000,cold
4796,exp-cold-10000-004789-a0675739,1784800232739,1784800232740,202,1.000,cold
4797,exp-cold-10000-004792-32dd7171,1784800232739,1784800232740,202,1.000,cold
4798,exp-cold-10000-004788-523048b2,1784800232739,1784800232740,202,1.000,cold
4799,exp-cold-10000-004786-4b31fdbf,1784800232739,1784800232740,202,1.000,cold
4800,exp-cold-10000-004791-7737cb2c,1784800232739,1784800232740,202,1.000,cold
4801,exp-cold-10000-004795-3ab302df,1784800232739,1784800232740,202,1.000,cold
4802,exp-cold-10000-004798-1019078b,1784800232739,1784800232740,202,1.000,cold
4803,exp-cold-10000-004793-f4351d04,1784800232739,1784800232740,202,1.000,cold
4804,exp-cold-10000-004796-32be7403,1784800232739,1784800232740,202,1.000,cold
4805,exp-cold-10000-004799-b532d093,1784800232739,1784800232740,202,1.000,cold
4806,exp-cold-10000-004794-169d7ce1,1784800232739,1784800232740,202,1.000,cold
4807,exp-cold-10000-004814-768494ad,1784800232739,1784800232741,202,2.000,cold
4808,exp-cold-10000-004815-7631e324,1784800232739,1784800232741,202,2.000,cold
4809,exp-cold-10000-004838-953b7a62,1784800232739,1784800232742,202,3.000,cold
4810,exp-cold-10000-004839-b588230f,1784800232739,1784800232742,202,3.000,cold
4811,exp-cold-10000-004937-e1077f5b,1784800232739,1784800232748,202,9.000,cold
4812,exp-cold-10000-004936-b3a31372,1784800232739,1784800232748,202,9.000,cold
4813,exp-cold-10000-004939-d3edca3c,1784800232739,1784800232748,202,9.000,cold
4814,exp-cold-10000-004938-9c7e4a0f,1784800232739,1784800232748,202,9.000,cold
4815,exp-cold-10000-004940-8d7d986e,1784800232739,1784800232748,202,9.000,cold
4816,exp-cold-10000-004953-73e04a19,1784800232739,1784800232749,202,10.000,cold
4817,exp-cold-10000-004955-cef3832f,1784800232739,1784800232749,202,10.000,cold
4818,exp-cold-10000-004956-1d3eea05,1784800232739,1784800232749,202,10.000,cold
4819,exp-cold-10000-004976-a30e6bb1,1784800232739,1784800232750,202,11.000,cold
4820,exp-cold-10000-004969-e010190c,1784800232739,1784800232750,202,11.000,cold
4821,exp-cold-10000-005051-e022815a,1784800232739,1784800232754,202,15.000,cold
4822,exp-cold-10000-005081-7b2b4a45,1784800232739,1784800232755,202,16.000,cold
4823,exp-cold-10000-005084-47948f6b,1784800232739,1784800232755,202,16.000,cold
4824,exp-cold-10000-005175-2de3d624,1784800232739,1784800232759,202,20.000,cold
4825,exp-cold-10000-005249-e7be88c2,1784800232739,1784800232763,202,24.000,cold
4826,exp-cold-10000-005337-05dc7862,1784800232739,1784800232768,202,29.000,cold
4827,exp-cold-10000-004782-ed2deb73,1784800232740,1784800232740,202,0.000,cold
4828,exp-cold-10000-004783-7e774fdb,1784800232740,1784800232740,202,0.000,cold
4829,exp-cold-10000-004779-5439f2e4,1784800232740,1784800232740,202,0.000,cold
4830,exp-cold-10000-004785-1e5399c5,1784800232740,1784800232740,202,0.000,cold
4831,exp-cold-10000-004781-1e4cf5dc,1784800232740,1784800232740,202,0.000,cold
4832,exp-cold-10000-004806-f2541c98,1784800232740,1784800232741,202,1.000,cold
4833,exp-cold-10000-004805-5c80d14b,1784800232740,1784800232741,202,1.000,cold
4834,exp-cold-10000-004808-70949307,1784800232740,1784800232741,202,1.000,cold
4835,exp-cold-10000-004811-fea5341c,1784800232740,1784800232741,202,1.000,cold
4836,exp-cold-10000-004810-bdfeae16,1784800232740,1784800232741,202,1.000,cold
4837,exp-cold-10000-004804-05506107,1784800232740,1784800232741,202,1.000,cold
4838,exp-cold-10000-004812-a8c2bcf9,1784800232740,1784800232741,202,1.000,cold
4839,exp-cold-10000-004813-b885e004,1784800232740,1784800232741,202,1.000,cold
4840,exp-cold-10000-004803-9566f6ef,1784800232740,1784800232741,202,1.000,cold
4841,exp-cold-10000-004816-3a296100,1784800232740,1784800232741,202,1.000,cold
4842,exp-cold-10000-004797-0b35de79,1784800232740,1784800232741,202,1.000,cold
4843,exp-cold-10000-004817-cea3208d,1784800232740,1784800232741,202,1.000,cold
4844,exp-cold-10000-004809-6d74638c,1784800232740,1784800232741,202,1.000,cold
4845,exp-cold-10000-004831-a8b99579,1784800232740,1784800232742,202,2.000,cold
4846,exp-cold-10000-004832-8be7ec93,1784800232740,1784800232742,202,2.000,cold
4847,exp-cold-10000-004830-a4fad7b7,1784800232740,1784800232742,202,2.000,cold
4848,exp-cold-10000-004819-fba11310,1784800232740,1784800232742,202,2.000,cold
4849,exp-cold-10000-004834-eb6fef9d,1784800232740,1784800232742,202,2.000,cold
4850,exp-cold-10000-004835-407e31fc,1784800232740,1784800232742,202,2.000,cold
4851,exp-cold-10000-004820-afeaa12f,1784800232740,1784800232742,202,2.000,cold
4852,exp-cold-10000-004840-8f64bb80,1784800232740,1784800232743,202,3.000,cold
4853,exp-cold-10000-004857-700af61c,1784800232740,1784800232743,202,3.000,cold
4854,exp-cold-10000-004841-e63cff80,1784800232740,1784800232743,202,3.000,cold
4855,exp-cold-10000-004858-093ff641,1784800232740,1784800232743,202,3.000,cold
4856,exp-cold-10000-004870-a9d2b60a,1784800232740,1784800232744,202,4.000,cold
4857,exp-cold-10000-004873-09633080,1784800232740,1784800232744,202,4.000,cold
4858,exp-cold-10000-004945-ddae6ad6,1784800232740,1784800232749,202,9.000,cold
4859,exp-cold-10000-004943-51555190,1784800232740,1784800232749,202,9.000,cold
4860,exp-cold-10000-004942-ed01f2a3,1784800232740,1784800232749,202,9.000,cold
4861,exp-cold-10000-004941-8ec4debd,1784800232740,1784800232749,202,9.000,cold
4862,exp-cold-10000-004950-5519b771,1784800232740,1784800232749,202,9.000,cold
4863,exp-cold-10000-004951-1d5a9db5,1784800232740,1784800232749,202,9.000,cold
4864,exp-cold-10000-004983-273d2cae,1784800232740,1784800232750,202,10.000,cold
4865,exp-cold-10000-004959-43777429,1784800232740,1784800232750,202,10.000,cold
4866,exp-cold-10000-005215-c4739d97,1784800232740,1784800232762,202,22.000,cold
4867,exp-cold-10000-004800-8dbeecaa,1784800232741,1784800232741,202,0.000,cold
4868,exp-cold-10000-004801-9b16fb35,1784800232741,1784800232741,202,0.000,cold
4869,exp-cold-10000-004824-186919f5,1784800232741,1784800232742,202,1.000,cold
4870,exp-cold-10000-004823-7115c757,1784800232741,1784800232742,202,1.000,cold
4871,exp-cold-10000-004827-c1a426bf,1784800232741,1784800232742,202,1.000,cold
4872,exp-cold-10000-004822-0b00f2cf,1784800232741,1784800232742,202,1.000,cold
4873,exp-cold-10000-004828-f84981d6,1784800232741,1784800232742,202,1.000,cold
4874,exp-cold-10000-004821-a867acbd,1784800232741,1784800232742,202,1.000,cold
4875,exp-cold-10000-004826-9873da40,1784800232741,1784800232742,202,1.000,cold
4876,exp-cold-10000-004825-96e8e98e,1784800232741,1784800232742,202,1.000,cold
4877,exp-cold-10000-004836-fc02e310,1784800232741,1784800232742,202,1.000,cold
4878,exp-cold-10000-004833-098aa06f,1784800232741,1784800232742,202,1.000,cold
4879,exp-cold-10000-004829-9a6b1151,1784800232741,1784800232742,202,1.000,cold
4880,exp-cold-10000-004848-47f52dfd,1784800232741,1784800232743,202,2.000,cold
4881,exp-cold-10000-004843-675066b9,1784800232741,1784800232743,202,2.000,cold
4882,exp-cold-10000-004847-463ee42e,1784800232741,1784800232743,202,2.000,cold
4883,exp-cold-10000-004854-80638b10,1784800232741,1784800232743,202,2.000,cold
4884,exp-cold-10000-004855-10471dc8,1784800232741,1784800232743,202,2.000,cold
4885,exp-cold-10000-004845-8f557d78,1784800232741,1784800232743,202,2.000,cold
4886,exp-cold-10000-004850-852228df,1784800232741,1784800232743,202,2.000,cold
4887,exp-cold-10000-004860-b500e991,1784800232741,1784800232743,202,2.000,cold
4888,exp-cold-10000-004859-256c67e4,1784800232741,1784800232743,202,2.000,cold
4889,exp-cold-10000-004837-d16391b2,1784800232741,1784800232743,202,2.000,cold
4890,exp-cold-10000-004877-e85ae342,1784800232741,1784800232744,202,3.000,cold
4891,exp-cold-10000-004878-99bc796f,1784800232741,1784800232744,202,3.000,cold
4892,exp-cold-10000-004866-2c7ac949,1784800232741,1784800232744,202,3.000,cold
4893,exp-cold-10000-004861-47336f7a,1784800232741,1784800232744,202,3.000,cold
4894,exp-cold-10000-004881-eaa8047a,1784800232741,1784800232745,202,4.000,cold
4895,exp-cold-10000-004883-7ce1deab,1784800232741,1784800232745,202,4.000,cold
4896,exp-cold-10000-004963-074f291a,1784800232741,1784800232750,202,9.000,cold
4897,exp-cold-10000-004970-c0c3ac27,1784800232741,1784800232750,202,9.000,cold
4898,exp-cold-10000-004960-53a2f7c4,1784800232741,1784800232750,202,9.000,cold
4899,exp-cold-10000-004967-54c3e7c5,1784800232741,1784800232750,202,9.000,cold
4900,exp-cold-10000-004964-20b7700f,1784800232741,1784800232750,202,9.000,cold
4901,exp-cold-10000-004982-e34b7d90,1784800232741,1784800232750,202,9.000,cold
4902,exp-cold-10000-004973-22bdeaa6,1784800232741,1784800232750,202,9.000,cold
4903,exp-cold-10000-005035-95b448cf,1784800232741,1784800232753,202,12.000,cold
4904,exp-cold-10000-005075-bdfef2e3,1784800232741,1784800232755,202,14.000,cold
4905,exp-cold-10000-004842-9a1ca562,1784800232742,1784800232743,202,1.000,cold
4906,exp-cold-10000-004844-2399ad9a,1784800232742,1784800232743,202,1.000,cold
4907,exp-cold-10000-004849-b0a26a95,1784800232742,1784800232743,202,1.000,cold
4908,exp-cold-10000-004846-1dc3566a,1784800232742,1784800232743,202,1.000,cold
4909,exp-cold-10000-004851-5bdf34fc,1784800232742,1784800232743,202,1.000,cold
4910,exp-cold-10000-004852-d71c93b7,1784800232742,1784800232743,202,1.000,cold
4911,exp-cold-10000-004853-68e86ffc,1784800232742,1784800232743,202,1.000,cold
4912,exp-cold-10000-004856-02f2c29f,1784800232742,1784800232743,202,1.000,cold
4913,exp-cold-10000-004871-c70913e5,1784800232742,1784800232744,202,2.000,cold
4914,exp-cold-10000-004867-6124ed89,1784800232742,1784800232744,202,2.000,cold
4915,exp-cold-10000-004868-8232df76,1784800232742,1784800232744,202,2.000,cold
4916,exp-cold-10000-004862-eae4f7be,1784800232742,1784800232744,202,2.000,cold
4917,exp-cold-10000-004874-11c550ac,1784800232742,1784800232744,202,2.000,cold
4918,exp-cold-10000-004872-a5fd7d84,1784800232742,1784800232744,202,2.000,cold
4919,exp-cold-10000-004991-dc4f8280,1784800232742,1784800232751,202,9.000,cold
4920,exp-cold-10000-005059-b66ca3a2,1784800232742,1784800232754,202,12.000,cold
4921,exp-cold-10000-005341-bc6e2a62,1784800232742,1784800232768,202,26.000,cold
4922,exp-cold-10000-004863-868e272c,1784800232743,1784800232744,202,1.000,cold
4923,exp-cold-10000-004864-45d5e6a5,1784800232743,1784800232744,202,1.000,cold
4924,exp-cold-10000-004865-87c2f249,1784800232743,1784800232744,202,1.000,cold
4925,exp-cold-10000-004869-f9322976,1784800232743,1784800232744,202,1.000,cold
4926,exp-cold-10000-004875-97ab734e,1784800232743,1784800232744,202,1.000,cold
4927,exp-cold-10000-004880-ae060f1a,1784800232743,1784800232745,202,2.000,cold
4928,exp-cold-10000-004890-dd560a68,1784800232743,1784800232745,202,2.000,cold
4929,exp-cold-10000-004885-81437b9b,1784800232743,1784800232745,202,2.000,cold
4930,exp-cold-10000-004887-3097d012,1784800232743,1784800232745,202,2.000,cold
4931,exp-cold-10000-004882-3882b8b2,1784800232743,1784800232745,202,2.000,cold
4932,exp-cold-10000-004884-3c184cb7,1784800232743,1784800232745,202,2.000,cold
4933,exp-cold-10000-004888-ae31f96f,1784800232743,1784800232745,202,2.000,cold
4934,exp-cold-10000-004879-582beb05,1784800232743,1784800232745,202,2.000,cold
4935,exp-cold-10000-004876-2f501c8d,1784800232743,1784800232745,202,2.000,cold
4936,exp-cold-10000-004892-ec00df3a,1784800232743,1784800232745,202,2.000,cold
4937,exp-cold-10000-004898-a0020330,1784800232743,1784800232746,202,3.000,cold
4938,exp-cold-10000-004990-75899feb,1784800232743,1784800232751,202,8.000,cold
4939,exp-cold-10000-004987-fcb3556b,1784800232743,1784800232751,202,8.000,cold
4940,exp-cold-10000-005006-3708cd04,1784800232743,1784800232751,202,8.000,cold
4941,exp-cold-10000-004997-4b58015d,1784800232743,1784800232751,202,8.000,cold
4942,exp-cold-10000-005007-b09467f3,1784800232743,1784800232751,202,8.000,cold
4943,exp-cold-10000-005005-b0f0b5b4,1784800232743,1784800232751,202,8.000,cold
4944,exp-cold-10000-005000-086672d5,1784800232743,1784800232751,202,8.000,cold
4945,exp-cold-10000-005022-5abb4d7e,1784800232743,1784800232752,202,9.000,cold
4946,exp-cold-10000-005065-9de67600,1784800232743,1784800232754,202,11.000,cold
4947,exp-cold-10000-005055-6d41acba,1784800232743,1784800232754,202,11.000,cold
4948,exp-cold-10000-005104-f9e2eefc,1784800232743,1784800232756,202,13.000,cold
4949,exp-cold-10000-005136-07b78937,1784800232743,1784800232757,202,14.000,cold
4950,exp-cold-10000-005155-c5a27441,1784800232743,1784800232758,202,15.000,cold
4951,exp-cold-10000-005289-d5c967ba,1784800232743,1784800232766,202,23.000,cold
4952,exp-cold-10000-005333-68897ea5,1784800232743,1784800232768,202,25.000,cold
4953,exp-cold-10000-005349-6bc89457,1784800232743,1784800232769,202,26.000,cold
4954,exp-cold-10000-004886-0c37d06e,1784800232744,1784800232745,202,1.000,cold
4955,exp-cold-10000-004889-288507c6,1784800232744,1784800232745,202,1.000,cold
4956,exp-cold-10000-004891-9c190c0d,1784800232744,1784800232745,202,1.000,cold
4957,exp-cold-10000-004904-406337b2,1784800232744,1784800232746,202,2.000,cold
4958,exp-cold-10000-004893-61321a73,1784800232744,1784800232746,202,2.000,cold
4959,exp-cold-10000-004900-3619dbb1,1784800232744,1784800232746,202,2.000,cold
4960,exp-cold-10000-004903-86b8ba49,1784800232744,1784800232746,202,2.000,cold
4961,exp-cold-10000-004896-e02c3d43,1784800232744,1784800232746,202,2.000,cold
4962,exp-cold-10000-004905-19636656,1784800232744,1784800232746,202,2.000,cold
4963,exp-cold-10000-004901-df40c4c2,1784800232744,1784800232746,202,2.000,cold
4964,exp-cold-10000-004920-8c92dc2e,1784800232744,1784800232747,202,3.000,cold
4965,exp-cold-10000-004952-99eeb458,1784800232744,1784800232749,202,5.000,cold
4966,exp-cold-10000-004984-ccfc0c9f,1784800232744,1784800232750,202,6.000,cold
4967,exp-cold-10000-005027-af4dab39,1784800232744,1784800232752,202,8.000,cold
4968,exp-cold-10000-005017-4986fa21,1784800232744,1784800232752,202,8.000,cold
4969,exp-cold-10000-005018-9a37714f,1784800232744,1784800232752,202,8.000,cold
4970,exp-cold-10000-005020-e2bf573d,1784800232744,1784800232752,202,8.000,cold
4971,exp-cold-10000-005024-9aaf35c0,1784800232744,1784800232752,202,8.000,cold
4972,exp-cold-10000-005012-9f1107e4,1784800232744,1784800232752,202,8.000,cold
4973,exp-cold-10000-005025-69f0c6fe,1784800232744,1784800232752,202,8.000,cold
4974,exp-cold-10000-005029-31926e89,1784800232744,1784800232752,202,8.000,cold
4975,exp-cold-10000-005038-e81e2a8d,1784800232744,1784800232753,202,9.000,cold
4976,exp-cold-10000-005066-8acca848,1784800232744,1784800232754,202,10.000,cold
4977,exp-cold-10000-005064-4dda28e2,1784800232744,1784800232754,202,10.000,cold
4978,exp-cold-10000-005062-5bab689b,1784800232744,1784800232754,202,10.000,cold
4979,exp-cold-10000-005072-915145fc,1784800232744,1784800232755,202,11.000,cold
4980,exp-cold-10000-005090-c0909265,1784800232744,1784800232755,202,11.000,cold
4981,exp-cold-10000-005094-05214983,1784800232744,1784800232755,202,11.000,cold
4982,exp-cold-10000-005122-12612f13,1784800232744,1784800232757,202,13.000,cold
4983,exp-cold-10000-005210-53df4169,1784800232744,1784800232761,202,17.000,cold
4984,exp-cold-10000-005243-40ab1a1b,1784800232744,1784800232763,202,19.000,cold
4985,exp-cold-10000-004895-dcb7f904,1784800232745,1784800232746,202,1.000,cold
4986,exp-cold-10000-004897-7d0be325,1784800232745,1784800232746,202,1.000,cold
4987,exp-cold-10000-004902-f1ccb81e,1784800232745,1784800232746,202,1.000,cold
4988,exp-cold-10000-004894-0842fb0d,1784800232745,1784800232746,202,1.000,cold
4989,exp-cold-10000-004899-64b88c7d,1784800232745,1784800232746,202,1.000,cold
4990,exp-cold-10000-004906-746abca6,1784800232745,1784800232746,202,1.000,cold
4991,exp-cold-10000-004910-c610174d,1784800232745,1784800232747,202,2.000,cold
4992,exp-cold-10000-004916-d2084e3a,1784800232745,1784800232747,202,2.000,cold
4993,exp-cold-10000-004921-548abe57,1784800232745,1784800232748,202,3.000,cold
4994,exp-cold-10000-004974-3c55c38c,1784800232745,1784800232750,202,5.000,cold
4995,exp-cold-10000-005016-38bb463e,1784800232745,1784800232752,202,7.000,cold
4996,exp-cold-10000-005045-ed407564,1784800232745,1784800232753,202,8.000,cold
4997,exp-cold-10000-005052-dfe75ff9,1784800232745,1784800232754,202,9.000,cold
4998,exp-cold-10000-005063-72e67604,1784800232745,1784800232754,202,9.000,cold
4999,exp-cold-10000-005057-07de172b,1784800232745,1784800232754,202,9.000,cold
5000,exp-cold-10000-005095-26c99b1d,1784800232745,1784800232755,202,10.000,cold
5001,exp-cold-10000-005161-56f05ac4,1784800232745,1784800232759,202,14.000,cold
5002,exp-cold-10000-005159-a7f55517,1784800232745,1784800232759,202,14.000,cold
5003,exp-cold-10000-005165-72f25c5e,1784800232745,1784800232759,202,14.000,cold
5004,exp-cold-10000-005262-84692587,1784800232745,1784800232764,202,19.000,cold
5005,exp-cold-10000-005301-ccd480af,1784800232745,1784800232766,202,21.000,cold
5006,exp-cold-10000-005304-3a33866a,1784800232745,1784800232767,202,22.000,cold
5007,exp-cold-10000-005351-ffdbfedb,1784800232745,1784800232769,202,24.000,cold
5008,exp-cold-10000-004907-a0a06b03,1784800232746,1784800232747,202,1.000,cold
5009,exp-cold-10000-004908-4dcdc563,1784800232746,1784800232747,202,1.000,cold
5010,exp-cold-10000-004917-1a22fc6f,1784800232746,1784800232747,202,1.000,cold
5011,exp-cold-10000-004909-dd03e24a,1784800232746,1784800232747,202,1.000,cold
5012,exp-cold-10000-004914-6661d304,1784800232746,1784800232747,202,1.000,cold
5013,exp-cold-10000-004919-865797d2,1784800232746,1784800232747,202,1.000,cold
5014,exp-cold-10000-004913-e9970484,1784800232746,1784800232747,202,1.000,cold
5015,exp-cold-10000-004922-c6838dcd,1784800232746,1784800232747,202,1.000,cold
5016,exp-cold-10000-004918-ad9ca0bb,1784800232746,1784800232747,202,1.000,cold
5017,exp-cold-10000-004915-aa0c4d4b,1784800232746,1784800232747,202,1.000,cold
5018,exp-cold-10000-004912-03e632f4,1784800232746,1784800232748,202,2.000,cold
5019,exp-cold-10000-004924-48741a5c,1784800232746,1784800232748,202,2.000,cold
5020,exp-cold-10000-004934-d8d1e023,1784800232746,1784800232748,202,2.000,cold
5021,exp-cold-10000-004929-894df2fb,1784800232746,1784800232748,202,2.000,cold
5022,exp-cold-10000-004933-4653ff42,1784800232746,1784800232748,202,2.000,cold
5023,exp-cold-10000-004962-5df093c3,1784800232746,1784800232750,202,4.000,cold
5024,exp-cold-10000-005037-b6064aa7,1784800232746,1784800232753,202,7.000,cold
5025,exp-cold-10000-005039-61ae7fbc,1784800232746,1784800232753,202,7.000,cold
5026,exp-cold-10000-005040-ef349c3c,1784800232746,1784800232753,202,7.000,cold
5027,exp-cold-10000-005034-19e58ce3,1784800232746,1784800232753,202,7.000,cold
5028,exp-cold-10000-005069-e831a374,1784800232746,1784800232754,202,8.000,cold
5029,exp-cold-10000-005074-6b220f37,1784800232746,1784800232755,202,9.000,cold
5030,exp-cold-10000-005076-7615d2bf,1784800232746,1784800232755,202,9.000,cold
5031,exp-cold-10000-005093-47e62e7c,1784800232746,1784800232755,202,9.000,cold
5032,exp-cold-10000-005079-67c3ed20,1784800232746,1784800232755,202,9.000,cold
5033,exp-cold-10000-005115-e4bb6e0c,1784800232746,1784800232757,202,11.000,cold
5034,exp-cold-10000-005220-da66ddb9,1784800232746,1784800232762,202,16.000,cold
5035,exp-cold-10000-005230-dcd2e9d2,1784800232746,1784800232762,202,16.000,cold
5036,exp-cold-10000-005241-1a4ac40c,1784800232746,1784800232763,202,17.000,cold
5037,exp-cold-10000-005419-6e1b1fee,1784800232746,1784800232772,202,26.000,cold
5038,exp-cold-10000-004928-7705621e,1784800232747,1784800232748,202,1.000,cold
5039,exp-cold-10000-004925-87991725,1784800232747,1784800232748,202,1.000,cold
5040,exp-cold-10000-004930-79115cd5,1784800232747,1784800232748,202,1.000,cold
5041,exp-cold-10000-004927-bca3942c,1784800232747,1784800232748,202,1.000,cold
5042,exp-cold-10000-004932-f15da1b1,1784800232747,1784800232748,202,1.000,cold
5043,exp-cold-10000-004931-615060f1,1784800232747,1784800232748,202,1.000,cold
5044,exp-cold-10000-004935-f33438e2,1784800232747,1784800232748,202,1.000,cold
5045,exp-cold-10000-004957-899d52c7,1784800232747,1784800232749,202,2.000,cold
5046,exp-cold-10000-004978-a125536a,1784800232747,1784800232751,202,4.000,cold
5047,exp-cold-10000-004979-1d1cfcf7,1784800232747,1784800232751,202,4.000,cold
5048,exp-cold-10000-005098-63551391,1784800232747,1784800232756,202,9.000,cold
5049,exp-cold-10000-005107-ec033068,1784800232747,1784800232756,202,9.000,cold
5050,exp-cold-10000-005109-3767fdbd,1784800232747,1784800232756,202,9.000,cold
5051,exp-cold-10000-005110-171f21a6,1784800232747,1784800232756,202,9.000,cold
5052,exp-cold-10000-005106-cebe50a3,1784800232747,1784800232756,202,9.000,cold
5053,exp-cold-10000-005105-83ac1b79,1784800232747,1784800232756,202,9.000,cold
5054,exp-cold-10000-005150-bf865ae5,1784800232747,1784800232758,202,11.000,cold
5055,exp-cold-10000-005152-d434a848,1784800232747,1784800232758,202,11.000,cold
5056,exp-cold-10000-005171-363bd1a3,1784800232747,1784800232759,202,12.000,cold
5057,exp-cold-10000-005188-b0ff1ae5,1784800232747,1784800232760,202,13.000,cold
5058,exp-cold-10000-005199-970853d9,1784800232747,1784800232760,202,13.000,cold
5059,exp-cold-10000-005233-458b9765,1784800232747,1784800232762,202,15.000,cold
5060,exp-cold-10000-005242-556fe074,1784800232747,1784800232763,202,16.000,cold
5061,exp-cold-10000-005234-fa782514,1784800232747,1784800232763,202,16.000,cold
5062,exp-cold-10000-005257-926a4773,1784800232747,1784800232764,202,17.000,cold
5063,exp-cold-10000-005308-1dc70a6d,1784800232747,1784800232767,202,20.000,cold
5064,exp-cold-10000-005473-a05a4571,1784800232747,1784800232775,202,28.000,cold
5065,exp-cold-10000-004926-9d7cd818,1784800232748,1784800232748,202,0.000,cold
5066,exp-cold-10000-004923-ce3d7b39,1784800232748,1784800232748,202,0.000,cold
5067,exp-cold-10000-004911-14c9d8e4,1784800232748,1784800232748,202,0.000,cold
5068,exp-cold-10000-004946-cfaa4872,1784800232748,1784800232749,202,1.000,cold
5069,exp-cold-10000-004944-e4952e35,1784800232748,1784800232749,202,1.000,cold
5070,exp-cold-10000-004949-0559ea19,1784800232748,1784800232749,202,1.000,cold
5071,exp-cold-10000-004948-7011951d,1784800232748,1784800232749,202,1.000,cold
5072,exp-cold-10000-004954-2930cf50,1784800232748,1784800232749,202,1.000,cold
5073,exp-cold-10000-004977-07ca538c,1784800232748,1784800232750,202,2.000,cold
5074,exp-cold-10000-004975-be14388c,1784800232748,1784800232750,202,2.000,cold
5075,exp-cold-10000-004981-46d51e84,1784800232748,1784800232750,202,2.000,cold
5076,exp-cold-10000-004980-87809d0d,1784800232748,1784800232750,202,2.000,cold
5077,exp-cold-10000-005008-ec0de0d0,1784800232748,1784800232751,202,3.000,cold
5078,exp-cold-10000-005011-64501620,1784800232748,1784800232751,202,3.000,cold
5079,exp-cold-10000-004992-ee3d882a,1784800232748,1784800232751,202,3.000,cold
5080,exp-cold-10000-005003-2472cbbc,1784800232748,1784800232751,202,3.000,cold
5081,exp-cold-10000-005031-58ab35e3,1784800232748,1784800232752,202,4.000,cold
5082,exp-cold-10000-005097-bea33e76,1784800232748,1784800232756,202,8.000,cold
5083,exp-cold-10000-005126-16cbf45a,1784800232748,1784800232757,202,9.000,cold
5084,exp-cold-10000-005117-e14ef35d,1784800232748,1784800232757,202,9.000,cold
5085,exp-cold-10000-005128-916f5a08,1784800232748,1784800232757,202,9.000,cold
5086,exp-cold-10000-005153-da9ac759,1784800232748,1784800232758,202,10.000,cold
5087,exp-cold-10000-005173-24752300,1784800232748,1784800232759,202,11.000,cold
5088,exp-cold-10000-005166-cdc1f0a7,1784800232748,1784800232759,202,11.000,cold
5089,exp-cold-10000-005264-2c0389ec,1784800232748,1784800232764,202,16.000,cold
5090,exp-cold-10000-005291-88e8a017,1784800232748,1784800232766,202,18.000,cold
5091,exp-cold-10000-005293-393097f6,1784800232748,1784800232766,202,18.000,cold
5092,exp-cold-10000-005300-efe30891,1784800232748,1784800232766,202,18.000,cold
5093,exp-cold-10000-005362-cbc928ee,1784800232748,1784800232770,202,22.000,cold
5094,exp-cold-10000-004965-e047f27e,1784800232749,1784800232750,202,1.000,cold
5095,exp-cold-10000-004961-1b0f106b,1784800232749,1784800232750,202,1.000,cold
5096,exp-cold-10000-004958-46413c6e,1784800232749,1784800232750,202,1.000,cold
5097,exp-cold-10000-004966-80e62743,1784800232749,1784800232750,202,1.000,cold
5098,exp-cold-10000-004968-57668d34,1784800232749,1784800232750,202,1.000,cold
5099,exp-cold-10000-004972-3cc68da4,1784800232749,1784800232750,202,1.000,cold
5100,exp-cold-10000-004971-345a3b9d,1784800232749,1784800232750,202,1.000,cold
5101,exp-cold-10000-004994-1f9f41d8,1784800232749,1784800232751,202,2.000,cold
5102,exp-cold-10000-005009-38e6dac1,1784800232749,1784800232751,202,2.000,cold
5103,exp-cold-10000-005010-03639a8b,1784800232749,1784800232751,202,2.000,cold
5104,exp-cold-10000-005019-5c37968c,1784800232749,1784800232752,202,3.000,cold
5105,exp-cold-10000-005014-ddab01aa,1784800232749,1784800232752,202,3.000,cold
5106,exp-cold-10000-004995-dce74a6a,1784800232749,1784800232752,202,3.000,cold
5107,exp-cold-10000-005032-b865deef,1784800232749,1784800232752,202,3.000,cold
5108,exp-cold-10000-005082-b3917eab,1784800232749,1784800232755,202,6.000,cold
5109,exp-cold-10000-005112-4c89662f,1784800232749,1784800232756,202,7.000,cold
5110,exp-cold-10000-005123-290e0173,1784800232749,1784800232757,202,8.000,cold
5111,exp-cold-10000-005127-59659ac0,1784800232749,1784800232757,202,8.000,cold
5112,exp-cold-10000-005146-d6d6e6f5,1784800232749,1784800232758,202,9.000,cold
5113,exp-cold-10000-005163-ca421fa4,1784800232749,1784800232759,202,10.000,cold
5114,exp-cold-10000-005400-0e7aff97,1784800232749,1784800232771,202,22.000,cold
5115,exp-cold-10000-005514-e19c153e,1784800232749,1784800232777,202,28.000,cold
5116,exp-cold-10000-004985-a3869145,1784800232750,1784800232751,202,1.000,cold
5117,exp-cold-10000-004989-a8d58e7a,1784800232750,1784800232751,202,1.000,cold
5118,exp-cold-10000-004993-1b16a78f,1784800232750,1784800232751,202,1.000,cold
5119,exp-cold-10000-004996-c2d31efe,1784800232750,1784800232751,202,1.000,cold
5120,exp-cold-10000-004998-a0e8b9b3,1784800232750,1784800232751,202,1.000,cold
5121,exp-cold-10000-004988-002e7a76,1784800232750,1784800232751,202,1.000,cold
5122,exp-cold-10000-004999-1cfae5f2,1784800232750,1784800232751,202,1.000,cold
5123,exp-cold-10000-005001-eb753ff3,1784800232750,1784800232751,202,1.000,cold
5124,exp-cold-10000-005028-38acd661,1784800232750,1784800232752,202,2.000,cold
5125,exp-cold-10000-005044-8d56bb10,1784800232750,1784800232753,202,3.000,cold
5126,exp-cold-10000-005043-3b8872ca,1784800232750,1784800232753,202,3.000,cold
5127,exp-cold-10000-005068-886d2ae2,1784800232750,1784800232754,202,4.000,cold
5128,exp-cold-10000-005073-effb54b4,1784800232750,1784800232755,202,5.000,cold
5129,exp-cold-10000-005103-ae0bf2e6,1784800232750,1784800232756,202,6.000,cold
5130,exp-cold-10000-005169-c17fe578,1784800232750,1784800232759,202,9.000,cold
5131,exp-cold-10000-005184-63f41872,1784800232750,1784800232760,202,10.000,cold
5132,exp-cold-10000-005194-913802e2,1784800232750,1784800232760,202,10.000,cold
5133,exp-cold-10000-005192-e299f781,1784800232750,1784800232760,202,10.000,cold
5134,exp-cold-10000-005193-2cc528c9,1784800232750,1784800232760,202,10.000,cold
5135,exp-cold-10000-005189-82b74758,1784800232750,1784800232760,202,10.000,cold
5136,exp-cold-10000-005185-06f407a5,1784800232750,1784800232760,202,10.000,cold
5137,exp-cold-10000-005259-cb608314,1784800232750,1784800232764,202,14.000,cold
5138,exp-cold-10000-005372-57d6b998,1784800232750,1784800232770,202,20.000,cold
5139,exp-cold-10000-005393-6c827f89,1784800232750,1784800232771,202,21.000,cold
5140,exp-cold-10000-005616-7e015155,1784800232750,1784800232784,202,34.000,cold
5141,exp-cold-10000-005013-a8c5d1d9,1784800232751,1784800232752,202,1.000,cold
5142,exp-cold-10000-005023-f6ed3728,1784800232751,1784800232752,202,1.000,cold
5143,exp-cold-10000-005026-fbc50c68,1784800232751,1784800232752,202,1.000,cold
5144,exp-cold-10000-005030-2d761dd5,1784800232751,1784800232753,202,2.000,cold
5145,exp-cold-10000-005041-4db044e7,1784800232751,1784800232753,202,2.000,cold
5146,exp-cold-10000-005070-73f14681,1784800232751,1784800232754,202,3.000,cold
5147,exp-cold-10000-005071-06103ac6,1784800232751,1784800232754,202,3.000,cold
5148,exp-cold-10000-005053-53dd3702,1784800232751,1784800232754,202,3.000,cold
5149,exp-cold-10000-005078-d96c0b67,1784800232751,1784800232755,202,4.000,cold
5150,exp-cold-10000-005091-81d25afb,1784800232751,1784800232755,202,4.000,cold
5151,exp-cold-10000-005088-12f3e9cc,1784800232751,1784800232755,202,4.000,cold
5152,exp-cold-10000-005124-9283ac40,1784800232751,1784800232757,202,6.000,cold
5153,exp-cold-10000-005162-0d988a99,1784800232751,1784800232759,202,8.000,cold
5154,exp-cold-10000-005170-d20ee09e,1784800232751,1784800232759,202,8.000,cold
5155,exp-cold-10000-005181-bc6dcea1,1784800232751,1784800232760,202,9.000,cold
5156,exp-cold-10000-005180-957496d2,1784800232751,1784800232760,202,9.000,cold
5157,exp-cold-10000-005179-9cf0559a,1784800232751,1784800232760,202,9.000,cold
5158,exp-cold-10000-005183-e9d735d6,1784800232751,1784800232760,202,9.000,cold
5159,exp-cold-10000-005187-e1260c0e,1784800232751,1784800232760,202,9.000,cold
5160,exp-cold-10000-005198-90640b83,1784800232751,1784800232760,202,9.000,cold
5161,exp-cold-10000-005214-b205a7c2,1784800232751,1784800232761,202,10.000,cold
5162,exp-cold-10000-005277-f7c9c10a,1784800232751,1784800232765,202,14.000,cold
5163,exp-cold-10000-005279-69b1c1e6,1784800232751,1784800232765,202,14.000,cold
5164,exp-cold-10000-005312-4d03d86e,1784800232751,1784800232767,202,16.000,cold
5165,exp-cold-10000-005343-66a3ce3f,1784800232751,1784800232768,202,17.000,cold
5166,exp-cold-10000-005033-ee22691b,1784800232752,1784800232753,202,1.000,cold
5167,exp-cold-10000-005036-1294af2a,1784800232752,1784800232753,202,1.000,cold
5168,exp-cold-10000-005042-0e7d9e81,1784800232752,1784800232753,202,1.000,cold
5169,exp-cold-10000-005047-dd2eabdb,1784800232752,1784800232753,202,1.000,cold
5170,exp-cold-10000-005049-7772041c,1784800232752,1784800232753,202,1.000,cold
5171,exp-cold-10000-005046-4c55ac8f,1784800232752,1784800232753,202,1.000,cold
5172,exp-cold-10000-005056-4e4f1e9d,1784800232752,1784800232754,202,2.000,cold
5173,exp-cold-10000-005061-28d7ab70,1784800232752,1784800232754,202,2.000,cold
5174,exp-cold-10000-005080-c1022bfa,1784800232752,1784800232755,202,3.000,cold
5175,exp-cold-10000-005087-6b1a54d8,1784800232752,1784800232755,202,3.000,cold
5176,exp-cold-10000-005113-759f7e0d,1784800232752,1784800232756,202,4.000,cold
5177,exp-cold-10000-005114-9d950578,1784800232752,1784800232756,202,4.000,cold
5178,exp-cold-10000-005204-5156adea,1784800232752,1784800232761,202,9.000,cold
5179,exp-cold-10000-005206-e422a288,1784800232752,1784800232761,202,9.000,cold
5180,exp-cold-10000-005213-1cb8e50b,1784800232752,1784800232761,202,9.000,cold
5181,exp-cold-10000-005246-51cbd4c2,1784800232752,1784800232763,202,11.000,cold
5182,exp-cold-10000-005278-acfb60b9,1784800232752,1784800232765,202,13.000,cold
5183,exp-cold-10000-005270-e18e6e31,1784800232752,1784800232765,202,13.000,cold
5184,exp-cold-10000-005294-e9ad4c6c,1784800232752,1784800232766,202,14.000,cold
5185,exp-cold-10000-005299-583be51e,1784800232752,1784800232766,202,14.000,cold
5186,exp-cold-10000-005324-0f5989ef,1784800232752,1784800232768,202,16.000,cold
5187,exp-cold-10000-005358-de35bc9a,1784800232752,1784800232769,202,17.000,cold
5188,exp-cold-10000-005355-f4ced42a,1784800232752,1784800232769,202,17.000,cold
5189,exp-cold-10000-005508-af49bc03,1784800232752,1784800232777,202,25.000,cold
5190,exp-cold-10000-005519-adcb60cd,1784800232752,1784800232778,202,26.000,cold
5191,exp-cold-10000-005054-89277e26,1784800232753,1784800232754,202,1.000,cold
5192,exp-cold-10000-005050-7fd7f6cb,1784800232753,1784800232754,202,1.000,cold
5193,exp-cold-10000-005058-3093a5ed,1784800232753,1784800232754,202,1.000,cold
5194,exp-cold-10000-005060-358d8b7a,1784800232753,1784800232754,202,1.000,cold
5195,exp-cold-10000-005067-e56e8488,1784800232753,1784800232754,202,1.000,cold
5196,exp-cold-10000-005096-5a6f9530,1784800232753,1784800232755,202,2.000,cold
5197,exp-cold-10000-005102-20890789,1784800232753,1784800232756,202,3.000,cold
5198,exp-cold-10000-005121-be783346,1784800232753,1784800232757,202,4.000,cold
5199,exp-cold-10000-005148-2f753d2f,1784800232753,1784800232758,202,5.000,cold
5200,exp-cold-10000-005147-2efd1dbe,1784800232753,1784800232758,202,5.000,cold
5201,exp-cold-10000-005156-2cb2984c,1784800232753,1784800232758,202,5.000,cold
5202,exp-cold-10000-005158-9415179e,1784800232753,1784800232758,202,5.000,cold
5203,exp-cold-10000-005164-3c8063f1,1784800232753,1784800232759,202,6.000,cold
5204,exp-cold-10000-005226-ae394aa8,1784800232753,1784800232762,202,9.000,cold
5205,exp-cold-10000-005265-9f4665e0,1784800232753,1784800232764,202,11.000,cold
5206,exp-cold-10000-005254-c99e7abd,1784800232753,1784800232764,202,11.000,cold
5207,exp-cold-10000-005273-76c686d2,1784800232753,1784800232765,202,12.000,cold
5208,exp-cold-10000-005283-ea6cbbb0,1784800232753,1784800232765,202,12.000,cold
5209,exp-cold-10000-005282-68019473,1784800232753,1784800232765,202,12.000,cold
5210,exp-cold-10000-005318-cbf4db32,1784800232753,1784800232767,202,14.000,cold
5211,exp-cold-10000-005314-f2aa6ce6,1784800232753,1784800232767,202,14.000,cold
5212,exp-cold-10000-005377-9347d133,1784800232753,1784800232770,202,17.000,cold
5213,exp-cold-10000-005077-d41a8cce,1784800232754,1784800232755,202,1.000,cold
5214,exp-cold-10000-005083-e46a51ee,1784800232754,1784800232755,202,1.000,cold
5215,exp-cold-10000-005086-7e2229ad,1784800232754,1784800232755,202,1.000,cold
5216,exp-cold-10000-005085-b46ec923,1784800232754,1784800232755,202,1.000,cold
5217,exp-cold-10000-005089-6b78e282,1784800232754,1784800232755,202,1.000,cold
5218,exp-cold-10000-005092-e57d0472,1784800232754,1784800232755,202,1.000,cold
5219,exp-cold-10000-005108-30d13987,1784800232754,1784800232756,202,2.000,cold
5220,exp-cold-10000-005111-13c5883a,1784800232754,1784800232756,202,2.000,cold
5221,exp-cold-10000-005101-4b9afb06,1784800232754,1784800232756,202,2.000,cold
5222,exp-cold-10000-005130-700eeebc,1784800232754,1784800232757,202,3.000,cold
5223,exp-cold-10000-005125-fdbcbf3e,1784800232754,1784800232757,202,3.000,cold
5224,exp-cold-10000-005119-f8e3d76a,1784800232754,1784800232757,202,3.000,cold
5225,exp-cold-10000-005225-564f2222,1784800232754,1784800232762,202,8.000,cold
5226,exp-cold-10000-005227-fb7d27b9,1784800232754,1784800232762,202,8.000,cold
5227,exp-cold-10000-005269-3a323c77,1784800232754,1784800232765,202,11.000,cold
5228,exp-cold-10000-005303-ddfe629f,1784800232754,1784800232766,202,12.000,cold
5229,exp-cold-10000-005292-36a48bc9,1784800232754,1784800232766,202,12.000,cold
5230,exp-cold-10000-005295-6907ecb9,1784800232754,1784800232766,202,12.000,cold
5231,exp-cold-10000-005339-671d63f7,1784800232754,1784800232768,202,14.000,cold
5232,exp-cold-10000-005414-3c745063,1784800232754,1784800232772,202,18.000,cold
5233,exp-cold-10000-005100-c5b6c007,1784800232755,1784800232756,202,1.000,cold
5234,exp-cold-10000-005099-3ea4bb6b,1784800232755,1784800232756,202,1.000,cold
5235,exp-cold-10000-005139-2aa9a0db,1784800232755,1784800232757,202,2.000,cold
5236,exp-cold-10000-005135-56fb92c3,1784800232755,1784800232757,202,2.000,cold
5237,exp-cold-10000-005143-e801d4bd,1784800232755,1784800232758,202,3.000,cold
5238,exp-cold-10000-005157-76bde004,1784800232755,1784800232758,202,3.000,cold
5239,exp-cold-10000-005154-6e25a708,1784800232755,1784800232758,202,3.000,cold
5240,exp-cold-10000-005174-f11dfac2,1784800232755,1784800232759,202,4.000,cold
5241,exp-cold-10000-005196-a19100e7,1784800232755,1784800232760,202,5.000,cold
5242,exp-cold-10000-005191-48fbdfaa,1784800232755,1784800232760,202,5.000,cold
5243,exp-cold-10000-005236-3cf3e578,1784800232755,1784800232763,202,8.000,cold
5244,exp-cold-10000-005240-2b1c1d07,1784800232755,1784800232763,202,8.000,cold
5245,exp-cold-10000-005253-217faaba,1784800232755,1784800232764,202,9.000,cold
5246,exp-cold-10000-005260-6e8cc8d2,1784800232755,1784800232764,202,9.000,cold
5247,exp-cold-10000-005297-5cceadc3,1784800232755,1784800232766,202,11.000,cold
5248,exp-cold-10000-005307-d82fcb45,1784800232755,1784800232767,202,12.000,cold
5249,exp-cold-10000-005313-1611f77a,1784800232755,1784800232767,202,12.000,cold
5250,exp-cold-10000-005317-322d1573,1784800232755,1784800232767,202,12.000,cold
5251,exp-cold-10000-005315-fa94a604,1784800232755,1784800232767,202,12.000,cold
5252,exp-cold-10000-005321-a8127d4d,1784800232755,1784800232767,202,12.000,cold
5253,exp-cold-10000-005352-f7c9c536,1784800232755,1784800232769,202,14.000,cold
5254,exp-cold-10000-005388-6b232533,1784800232755,1784800232771,202,16.000,cold
5255,exp-cold-10000-005439-10ce711a,1784800232755,1784800232773,202,18.000,cold
5256,exp-cold-10000-005443-b672f407,1784800232755,1784800232773,202,18.000,cold
5257,exp-cold-10000-005120-fb0c1db6,1784800232756,1784800232757,202,1.000,cold
5258,exp-cold-10000-005118-6bb6c46f,1784800232756,1784800232757,202,1.000,cold
5259,exp-cold-10000-005129-593d39f3,1784800232756,1784800232757,202,1.000,cold
5260,exp-cold-10000-005131-3fa42117,1784800232756,1784800232757,202,1.000,cold
5261,exp-cold-10000-005132-bd2c1b24,1784800232756,1784800232757,202,1.000,cold
5262,exp-cold-10000-005134-8e66623e,1784800232756,1784800232757,202,1.000,cold
5263,exp-cold-10000-005133-da55a2dd,1784800232756,1784800232757,202,1.000,cold
5264,exp-cold-10000-005137-05601d3c,1784800232756,1784800232757,202,1.000,cold
5265,exp-cold-10000-005138-62a900c2,1784800232756,1784800232758,202,2.000,cold
5266,exp-cold-10000-005140-1b907075,1784800232756,1784800232758,202,2.000,cold
5267,exp-cold-10000-005151-6a8f8427,1784800232756,1784800232758,202,2.000,cold
5268,exp-cold-10000-005167-f1158ea7,1784800232756,1784800232759,202,3.000,cold
5269,exp-cold-10000-005160-0e7c5031,1784800232756,1784800232759,202,3.000,cold
5270,exp-cold-10000-005182-8c589010,1784800232756,1784800232760,202,4.000,cold
5271,exp-cold-10000-005186-b171c6f6,1784800232756,1784800232760,202,4.000,cold
5272,exp-cold-10000-005212-7b2fa281,1784800232756,1784800232761,202,5.000,cold
5273,exp-cold-10000-005252-415fa2fe,1784800232756,1784800232763,202,7.000,cold
5274,exp-cold-10000-005340-73e1d752,1784800232756,1784800232768,202,12.000,cold
5275,exp-cold-10000-005328-e0746f08,1784800232756,1784800232768,202,12.000,cold
5276,exp-cold-10000-005336-65824ec5,1784800232756,1784800232768,202,12.000,cold
5277,exp-cold-10000-005382-8c0897d5,1784800232756,1784800232771,202,15.000,cold
5278,exp-cold-10000-005749-96566382,1784800232756,1784800232791,202,35.000,cold
5279,exp-cold-10000-005144-7c4c1bb6,1784800232757,1784800232758,202,1.000,cold
5280,exp-cold-10000-005141-5f51c8e2,1784800232757,1784800232758,202,1.000,cold
5281,exp-cold-10000-005149-39d44e7d,1784800232757,1784800232758,202,1.000,cold
5282,exp-cold-10000-005142-ce8e3ee0,1784800232757,1784800232758,202,1.000,cold
5283,exp-cold-10000-005145-4c9ec769,1784800232757,1784800232758,202,1.000,cold
5284,exp-cold-10000-005176-5c69cd02,1784800232757,1784800232759,202,2.000,cold
5285,exp-cold-10000-005203-b80e1078,1784800232757,1784800232761,202,4.000,cold
5286,exp-cold-10000-005229-f8b1cdf9,1784800232757,1784800232762,202,5.000,cold
5287,exp-cold-10000-005266-2f985dc0,1784800232757,1784800232764,202,7.000,cold
5288,exp-cold-10000-005332-5f1b3e96,1784800232757,1784800232768,202,11.000,cold
5289,exp-cold-10000-005364-f0140699,1784800232757,1784800232770,202,13.000,cold
5290,exp-cold-10000-005373-e2d6ab7c,1784800232757,1784800232770,202,13.000,cold
5291,exp-cold-10000-005361-ccb5c11d,1784800232757,1784800232770,202,13.000,cold
5292,exp-cold-10000-005451-870f8178,1784800232757,1784800232774,202,17.000,cold
5293,exp-cold-10000-005449-bed14a08,1784800232757,1784800232774,202,17.000,cold
5294,exp-cold-10000-005462-d4dc2488,1784800232757,1784800232774,202,17.000,cold
5295,exp-cold-10000-005497-71e521f3,1784800232757,1784800232776,202,19.000,cold
5296,exp-cold-10000-005168-066b63dd,1784800232758,1784800232759,202,1.000,cold
5297,exp-cold-10000-005172-7a350e03,1784800232758,1784800232759,202,1.000,cold
5298,exp-cold-10000-005197-0b281c1b,1784800232758,1784800232760,202,2.000,cold
5299,exp-cold-10000-005200-25f0fe14,1784800232758,1784800232760,202,2.000,cold
5300,exp-cold-10000-005211-ea6cabef,1784800232758,1784800232761,202,3.000,cold
5301,exp-cold-10000-005208-8fa3abe7,1784800232758,1784800232761,202,3.000,cold
5302,exp-cold-10000-005222-610e5da9,1784800232758,1784800232762,202,4.000,cold
5303,exp-cold-10000-005223-0520a134,1784800232758,1784800232762,202,4.000,cold
5304,exp-cold-10000-005224-32282506,1784800232758,1784800232762,202,4.000,cold
5305,exp-cold-10000-005267-eea7119d,1784800232758,1784800232764,202,6.000,cold
5306,exp-cold-10000-005353-34b2fc9b,1784800232758,1784800232769,202,11.000,cold
5307,exp-cold-10000-005357-507dbc69,1784800232758,1784800232769,202,11.000,cold
5308,exp-cold-10000-005367-7ae923ad,1784800232758,1784800232770,202,12.000,cold
5309,exp-cold-10000-005369-53717c84,1784800232758,1784800232770,202,12.000,cold
5310,exp-cold-10000-005381-d4586eb7,1784800232758,1784800232770,202,12.000,cold
5311,exp-cold-10000-005376-92ddabf4,1784800232758,1784800232770,202,12.000,cold
5312,exp-cold-10000-005387-8f12add0,1784800232758,1784800232771,202,13.000,cold
5313,exp-cold-10000-005401-e862695e,1784800232758,1784800232771,202,13.000,cold
5314,exp-cold-10000-005397-52af5f4d,1784800232758,1784800232771,202,13.000,cold
5315,exp-cold-10000-005411-94d1878a,1784800232758,1784800232772,202,14.000,cold
5316,exp-cold-10000-005177-17f4df30,1784800232759,1784800232760,202,1.000,cold
5317,exp-cold-10000-005190-84a3161c,1784800232759,1784800232760,202,1.000,cold
5318,exp-cold-10000-005195-752eabc1,1784800232759,1784800232760,202,1.000,cold
5319,exp-cold-10000-005178-809aeea3,1784800232759,1784800232760,202,1.000,cold
5320,exp-cold-10000-005216-4738584f,1784800232759,1784800232761,202,2.000,cold
5321,exp-cold-10000-005218-825a6143,1784800232759,1784800232761,202,2.000,cold
5322,exp-cold-10000-005221-60a722cf,1784800232759,1784800232762,202,3.000,cold
5323,exp-cold-10000-005228-974514e5,1784800232759,1784800232762,202,3.000,cold
5324,exp-cold-10000-005219-c466bb0b,1784800232759,1784800232762,202,3.000,cold
5325,exp-cold-10000-005235-d5b50f4f,1784800232759,1784800232763,202,4.000,cold
5326,exp-cold-10000-005280-3936a4cd,1784800232759,1784800232765,202,6.000,cold
5327,exp-cold-10000-005342-5d0e2e48,1784800232759,1784800232768,202,9.000,cold
5328,exp-cold-10000-005396-367aeccd,1784800232759,1784800232771,202,12.000,cold
5329,exp-cold-10000-005407-f656b6dd,1784800232759,1784800232772,202,13.000,cold
5330,exp-cold-10000-005459-ac37eed3,1784800232759,1784800232774,202,15.000,cold
5331,exp-cold-10000-005472-05b6289c,1784800232759,1784800232775,202,16.000,cold
5332,exp-cold-10000-005471-74793b40,1784800232759,1784800232775,202,16.000,cold
5333,exp-cold-10000-005464-c2496eec,1784800232759,1784800232775,202,16.000,cold
5334,exp-cold-10000-005492-25cfdd5e,1784800232759,1784800232776,202,17.000,cold
5335,exp-cold-10000-005201-c056fd22,1784800232760,1784800232761,202,1.000,cold
5336,exp-cold-10000-005202-8b63e8de,1784800232760,1784800232761,202,1.000,cold
5337,exp-cold-10000-005207-235eeb4b,1784800232760,1784800232761,202,1.000,cold
5338,exp-cold-10000-005209-a1332f58,1784800232760,1784800232761,202,1.000,cold
5339,exp-cold-10000-005205-77e3ded7,1784800232760,1784800232761,202,1.000,cold
5340,exp-cold-10000-005217-a8186111,1784800232760,1784800232761,202,1.000,cold
5341,exp-cold-10000-005232-88c093f9,1784800232760,1784800232762,202,2.000,cold
5342,exp-cold-10000-005256-a070b5a8,1784800232760,1784800232764,202,4.000,cold
5343,exp-cold-10000-005281-df32553f,1784800232760,1784800232765,202,5.000,cold
5344,exp-cold-10000-005310-dba627cd,1784800232760,1784800232767,202,7.000,cold
5345,exp-cold-10000-005385-a954fb66,1784800232760,1784800232771,202,11.000,cold
5346,exp-cold-10000-005395-2267b203,1784800232760,1784800232771,202,11.000,cold
5347,exp-cold-10000-005394-24176bfa,1784800232760,1784800232771,202,11.000,cold
5348,exp-cold-10000-005386-f030f4c0,1784800232760,1784800232771,202,11.000,cold
5349,exp-cold-10000-005390-8b7a7574,1784800232760,1784800232771,202,11.000,cold
5350,exp-cold-10000-005380-837bed12,1784800232760,1784800232771,202,11.000,cold
5351,exp-cold-10000-005570-78e23bfe,1784800232760,1784800232781,202,21.000,cold
5352,exp-cold-10000-005701-6ba72187,1784800232760,1784800232789,202,29.000,cold
5353,exp-cold-10000-005231-904759ab,1784800232761,1784800232762,202,1.000,cold
5354,exp-cold-10000-005250-7835f898,1784800232761,1784800232763,202,2.000,cold
5355,exp-cold-10000-005251-5281e387,1784800232761,1784800232764,202,3.000,cold
5356,exp-cold-10000-005302-06f8e7fa,1784800232761,1784800232766,202,5.000,cold
5357,exp-cold-10000-005417-00b5e65b,1784800232761,1784800232772,202,11.000,cold
5358,exp-cold-10000-005415-d59e08f5,1784800232761,1784800232772,202,11.000,cold
5359,exp-cold-10000-005412-98380cef,1784800232761,1784800232772,202,11.000,cold
5360,exp-cold-10000-005446-726f504b,1784800232761,1784800232774,202,13.000,cold
5361,exp-cold-10000-005730-884353c4,1784800232761,1784800232790,202,29.000,cold
5362,exp-cold-10000-005237-7e12848c,1784800232762,1784800232763,202,1.000,cold
5363,exp-cold-10000-005239-5a1d8017,1784800232762,1784800232763,202,1.000,cold
5364,exp-cold-10000-005244-fdfb0227,1784800232762,1784800232763,202,1.000,cold
5365,exp-cold-10000-005248-2f1c6d4d,1784800232762,1784800232763,202,1.000,cold
5366,exp-cold-10000-005238-00ad1e86,1784800232762,1784800232763,202,1.000,cold
5367,exp-cold-10000-005245-a90af132,1784800232762,1784800232763,202,1.000,cold
5368,exp-cold-10000-005255-9b781af7,1784800232762,1784800232764,202,2.000,cold
5369,exp-cold-10000-005261-1c3aff81,1784800232762,1784800232764,202,2.000,cold
5370,exp-cold-10000-005271-95ffbd00,1784800232762,1784800232765,202,3.000,cold
5371,exp-cold-10000-005296-351fbed4,1784800232762,1784800232766,202,4.000,cold
5372,exp-cold-10000-005330-10a237e1,1784800232762,1784800232768,202,6.000,cold
5373,exp-cold-10000-005350-50aa25b9,1784800232762,1784800232769,202,7.000,cold
5374,exp-cold-10000-005356-0cb8dc12,1784800232762,1784800232769,202,7.000,cold
5375,exp-cold-10000-005368-d4c725a0,1784800232762,1784800232770,202,8.000,cold
5376,exp-cold-10000-005410-7d23b520,1784800232762,1784800232772,202,10.000,cold
5377,exp-cold-10000-005433-f0d5a702,1784800232762,1784800232773,202,11.000,cold
5378,exp-cold-10000-005428-3e70d96f,1784800232762,1784800232773,202,11.000,cold
5379,exp-cold-10000-005448-7f40b073,1784800232762,1784800232774,202,12.000,cold
5380,exp-cold-10000-005450-cf8517fc,1784800232762,1784800232774,202,12.000,cold
5381,exp-cold-10000-005465-04865393,1784800232762,1784800232775,202,13.000,cold
5382,exp-cold-10000-005517-7170b010,1784800232762,1784800232778,202,16.000,cold
5383,exp-cold-10000-005525-6aa4a9ef,1784800232762,1784800232778,202,16.000,cold
5384,exp-cold-10000-005263-4aa2f4da,1784800232763,1784800232764,202,1.000,cold
5385,exp-cold-10000-005258-61aeca51,1784800232763,1784800232764,202,1.000,cold
5386,exp-cold-10000-005287-90441fc7,1784800232763,1784800232765,202,2.000,cold
5387,exp-cold-10000-005284-cf2dbe85,1784800232763,1784800232765,202,2.000,cold
5388,exp-cold-10000-005285-670ef366,1784800232763,1784800232765,202,2.000,cold
5389,exp-cold-10000-005286-6b2d5250,1784800232763,1784800232765,202,2.000,cold
5390,exp-cold-10000-005288-6a5a0746,1784800232763,1784800232766,202,3.000,cold
5391,exp-cold-10000-005298-1519cc48,1784800232763,1784800232766,202,3.000,cold
5392,exp-cold-10000-005268-09ba0af5,1784800232763,1784800232766,202,3.000,cold
5393,exp-cold-10000-005311-e36cd851,1784800232763,1784800232767,202,4.000,cold
5394,exp-cold-10000-005345-ea16f12a,1784800232763,1784800232769,202,6.000,cold
5395,exp-cold-10000-005347-357edb26,1784800232763,1784800232769,202,6.000,cold
5396,exp-cold-10000-005429-ea4767f8,1784800232763,1784800232773,202,10.000,cold
5397,exp-cold-10000-005423-02c2bf5c,1784800232763,1784800232773,202,10.000,cold
5398,exp-cold-10000-005426-a35058c9,1784800232763,1784800232773,202,10.000,cold
5399,exp-cold-10000-005438-7c00d2da,1784800232763,1784800232773,202,10.000,cold
5400,exp-cold-10000-005431-3f4cfbb8,1784800232763,1784800232773,202,10.000,cold
5401,exp-cold-10000-005434-88ade0d8,1784800232763,1784800232773,202,10.000,cold
5402,exp-cold-10000-005432-709e9467,1784800232763,1784800232773,202,10.000,cold
5403,exp-cold-10000-005469-1784f446,1784800232763,1784800232775,202,12.000,cold
5404,exp-cold-10000-005487-1bdb2638,1784800232763,1784800232776,202,13.000,cold
5405,exp-cold-10000-005567-f1c16c70,1784800232763,1784800232781,202,18.000,cold
5406,exp-cold-10000-005571-b87487b7,1784800232763,1784800232781,202,18.000,cold
5407,exp-cold-10000-005272-47cea965,1784800232764,1784800232765,202,1.000,cold
5408,exp-cold-10000-005276-46b5408b,1784800232764,1784800232765,202,1.000,cold
5409,exp-cold-10000-005274-586a2c1d,1784800232764,1784800232765,202,1.000,cold
5410,exp-cold-10000-005275-0b97b2c0,1784800232764,1784800232765,202,1.000,cold
5411,exp-cold-10000-005305-f6ea01ad,1784800232764,1784800232767,202,3.000,cold
5412,exp-cold-10000-005363-20012359,1784800232764,1784800232770,202,6.000,cold
5413,exp-cold-10000-005392-7b93ecca,1784800232764,1784800232771,202,7.000,cold
5414,exp-cold-10000-005404-86eb1c4f,1784800232764,1784800232772,202,8.000,cold
5415,exp-cold-10000-005430-c9f1aecd,1784800232764,1784800232773,202,9.000,cold
5416,exp-cold-10000-005454-5f80ed24,1784800232764,1784800232774,202,10.000,cold
5417,exp-cold-10000-005484-eea9c556,1784800232764,1784800232776,202,12.000,cold
5418,exp-cold-10000-005543-03853621,1784800232764,1784800232779,202,15.000,cold
5419,exp-cold-10000-005559-46f10c9e,1784800232764,1784800232781,202,17.000,cold
5420,exp-cold-10000-005290-9ad097f4,1784800232765,1784800232766,202,1.000,cold
5421,exp-cold-10000-005325-4b5b04f8,1784800232765,1784800232768,202,3.000,cold
5422,exp-cold-10000-005322-25fb1a87,1784800232765,1784800232768,202,3.000,cold
5423,exp-cold-10000-005365-e1628d7e,1784800232765,1784800232770,202,5.000,cold
5424,exp-cold-10000-005409-808c8aa2,1784800232765,1784800232772,202,7.000,cold
5425,exp-cold-10000-005455-6af7aebb,1784800232765,1784800232774,202,9.000,cold
5426,exp-cold-10000-005442-0d9ab4c5,1784800232765,1784800232774,202,9.000,cold
5427,exp-cold-10000-005452-9b0a9ab5,1784800232765,1784800232774,202,9.000,cold
5428,exp-cold-10000-005460-428aec47,1784800232765,1784800232774,202,9.000,cold
5429,exp-cold-10000-005457-de6d1416,1784800232765,1784800232774,202,9.000,cold
5430,exp-cold-10000-005488-1e06fbe3,1784800232765,1784800232776,202,11.000,cold
5431,exp-cold-10000-005511-16dff85e,1784800232765,1784800232777,202,12.000,cold
5432,exp-cold-10000-005540-b0e89c22,1784800232765,1784800232779,202,14.000,cold
5433,exp-cold-10000-005555-a8f2a3d6,1784800232765,1784800232780,202,15.000,cold
5434,exp-cold-10000-005659-786c5424,1784800232765,1784800232786,202,21.000,cold
5435,exp-cold-10000-005306-3628ec79,1784800232766,1784800232767,202,1.000,cold
5436,exp-cold-10000-005309-3a8c5bb6,1784800232766,1784800232767,202,1.000,cold
5437,exp-cold-10000-005320-348b4e99,1784800232766,1784800232767,202,1.000,cold
5438,exp-cold-10000-005319-918636c2,1784800232766,1784800232767,202,1.000,cold
5439,exp-cold-10000-005334-563dd230,1784800232766,1784800232768,202,2.000,cold
5440,exp-cold-10000-005316-96802c42,1784800232766,1784800232768,202,2.000,cold
5441,exp-cold-10000-005344-c245a136,1784800232766,1784800232769,202,3.000,cold
5442,exp-cold-10000-005378-cd5d4a0c,1784800232766,1784800232771,202,5.000,cold
5443,exp-cold-10000-005384-5b20def9,1784800232766,1784800232771,202,5.000,cold
5444,exp-cold-10000-005421-ab2e479a,1784800232766,1784800232772,202,6.000,cold
5445,exp-cold-10000-005467-8b735fdd,1784800232766,1784800232775,202,9.000,cold
5446,exp-cold-10000-005477-31109ffc,1784800232766,1784800232775,202,9.000,cold
5447,exp-cold-10000-005510-f75efb3c,1784800232766,1784800232777,202,11.000,cold
5448,exp-cold-10000-005580-9f61ad34,1784800232766,1784800232782,202,16.000,cold
5449,exp-cold-10000-005601-49ae3c6d,1784800232766,1784800232783,202,17.000,cold
5450,exp-cold-10000-005711-a0ac7d9c,1784800232766,1784800232789,202,23.000,cold
5451,exp-cold-10000-005721-253d4939,1784800232766,1784800232789,202,23.000,cold
5452,exp-cold-10000-005782-29cec3b6,1784800232766,1784800232793,202,27.000,cold
5453,exp-cold-10000-005326-9ba3314a,1784800232767,1784800232768,202,1.000,cold
5454,exp-cold-10000-005329-51dbe4db,1784800232767,1784800232768,202,1.000,cold
5455,exp-cold-10000-005331-4f7c1c81,1784800232767,1784800232768,202,1.000,cold
5456,exp-cold-10000-005335-e2272463,1784800232767,1784800232768,202,1.000,cold
5457,exp-cold-10000-005327-4608ee03,1784800232767,1784800232768,202,1.000,cold
5458,exp-cold-10000-005338-d22a4dc0,1784800232767,1784800232768,202,1.000,cold
5459,exp-cold-10000-005360-154932f4,1784800232767,1784800232769,202,2.000,cold
5460,exp-cold-10000-005346-60f620e3,1784800232767,1784800232770,202,3.000,cold
5461,exp-cold-10000-005485-7e0db864,1784800232767,1784800232776,202,9.000,cold
5462,exp-cold-10000-005490-33de11cb,1784800232767,1784800232776,202,9.000,cold
5463,exp-cold-10000-005504-1251f7e7,1784800232767,1784800232777,202,10.000,cold
5464,exp-cold-10000-005512-61185ff5,1784800232767,1784800232777,202,10.000,cold
5465,exp-cold-10000-005509-e4f75d02,1784800232767,1784800232777,202,10.000,cold
5466,exp-cold-10000-005516-bd57e211,1784800232767,1784800232778,202,11.000,cold
5467,exp-cold-10000-005531-7ba6a104,1784800232767,1784800232778,202,11.000,cold
5468,exp-cold-10000-005533-d46184ae,1784800232767,1784800232779,202,12.000,cold
5469,exp-cold-10000-005595-ea65b02d,1784800232767,1784800232783,202,16.000,cold
5470,exp-cold-10000-005622-39bc959d,1784800232767,1784800232784,202,17.000,cold
5471,exp-cold-10000-005323-7bae1668,1784800232768,1784800232768,202,0.000,cold
5472,exp-cold-10000-005348-91eeff0c,1784800232768,1784800232769,202,1.000,cold
5473,exp-cold-10000-005354-02f45d75,1784800232768,1784800232769,202,1.000,cold
5474,exp-cold-10000-005359-141eeeb5,1784800232768,1784800232769,202,1.000,cold
5475,exp-cold-10000-005379-c399617c,1784800232768,1784800232770,202,2.000,cold
5476,exp-cold-10000-005371-b2a2149f,1784800232768,1784800232770,202,2.000,cold
5477,exp-cold-10000-005383-4ac40e83,1784800232768,1784800232771,202,3.000,cold
5478,exp-cold-10000-005403-b699025a,1784800232768,1784800232772,202,4.000,cold
5479,exp-cold-10000-005402-36913db1,1784800232768,1784800232772,202,4.000,cold
5480,exp-cold-10000-005499-9279dcd0,1784800232768,1784800232776,202,8.000,cold
5481,exp-cold-10000-005489-ac0bcae4,1784800232768,1784800232776,202,8.000,cold
5482,exp-cold-10000-005505-e15f5587,1784800232768,1784800232777,202,9.000,cold
5483,exp-cold-10000-005523-f1621465,1784800232768,1784800232778,202,10.000,cold
5484,exp-cold-10000-005541-79004a6c,1784800232768,1784800232779,202,11.000,cold
5485,exp-cold-10000-005550-fd81a6b0,1784800232768,1784800232780,202,12.000,cold
5486,exp-cold-10000-005590-1843b905,1784800232768,1784800232782,202,14.000,cold
5487,exp-cold-10000-005644-089cd5b5,1784800232768,1784800232785,202,17.000,cold
5488,exp-cold-10000-005789-b88eab23,1784800232768,1784800232793,202,25.000,cold
5489,exp-cold-10000-005366-0a36f214,1784800232769,1784800232770,202,1.000,cold
5490,exp-cold-10000-005370-36abda65,1784800232769,1784800232770,202,1.000,cold
5491,exp-cold-10000-005375-8521297d,1784800232769,1784800232770,202,1.000,cold
5492,exp-cold-10000-005374-f22c7654,1784800232769,1784800232770,202,1.000,cold
5493,exp-cold-10000-005399-2d645492,1784800232769,1784800232771,202,2.000,cold
5494,exp-cold-10000-005413-1ce865c3,1784800232769,1784800232772,202,3.000,cold
5495,exp-cold-10000-005422-c54aef64,1784800232769,1784800232773,202,4.000,cold
5496,exp-cold-10000-005420-d1c7d292,1784800232769,1784800232773,202,4.000,cold
5497,exp-cold-10000-005425-080bd504,1784800232769,1784800232773,202,4.000,cold
5498,exp-cold-10000-005470-82e53af6,1784800232769,1784800232775,202,6.000,cold
5499,exp-cold-10000-005537-09db5bf1,1784800232769,1784800232779,202,10.000,cold
5500,exp-cold-10000-005547-418a537b,1784800232769,1784800232780,202,11.000,cold
5501,exp-cold-10000-005553-129d0dc0,1784800232769,1784800232780,202,11.000,cold
5502,exp-cold-10000-005538-a3e7b840,1784800232769,1784800232780,202,11.000,cold
5503,exp-cold-10000-005558-def4bd24,1784800232769,1784800232780,202,11.000,cold
5504,exp-cold-10000-005608-069c6d47,1784800232769,1784800232783,202,14.000,cold
5505,exp-cold-10000-005604-ec83d3ac,1784800232769,1784800232783,202,14.000,cold
5506,exp-cold-10000-005626-8c25cb54,1784800232769,1784800232784,202,15.000,cold
5507,exp-cold-10000-005620-f51e8c5e,1784800232769,1784800232784,202,15.000,cold
5508,exp-cold-10000-005629-ee23e657,1784800232769,1784800232784,202,15.000,cold
5509,exp-cold-10000-005669-8c861926,1784800232769,1784800232787,202,18.000,cold
5510,exp-cold-10000-005804-0719e15b,1784800232769,1784800232794,202,25.000,cold
5511,exp-cold-10000-005818-779bab7e,1784800232769,1784800232795,202,26.000,cold
5512,exp-cold-10000-005391-e88cef5b,1784800232770,1784800232771,202,1.000,cold
5513,exp-cold-10000-005398-0ed4aee2,1784800232770,1784800232771,202,1.000,cold
5514,exp-cold-10000-005389-9bd6c475,1784800232770,1784800232771,202,1.000,cold
5515,exp-cold-10000-005458-059f696f,1784800232770,1784800232774,202,4.000,cold
5516,exp-cold-10000-005475-ca36dd32,1784800232770,1784800232775,202,5.000,cold
5517,exp-cold-10000-005456-a2422581,1784800232770,1784800232775,202,5.000,cold
5518,exp-cold-10000-005569-d38d5f3a,1784800232770,1784800232781,202,11.000,cold
5519,exp-cold-10000-005577-2d753f6f,1784800232770,1784800232781,202,11.000,cold
5520,exp-cold-10000-005575-30f061ab,1784800232770,1784800232781,202,11.000,cold
5521,exp-cold-10000-005587-4cc05dd7,1784800232770,1784800232782,202,12.000,cold
5522,exp-cold-10000-005584-ecc3f6ab,1784800232770,1784800232782,202,12.000,cold
5523,exp-cold-10000-005583-526cb034,1784800232770,1784800232782,202,12.000,cold
5524,exp-cold-10000-005600-c3aec856,1784800232770,1784800232783,202,13.000,cold
5525,exp-cold-10000-005607-d3d824cc,1784800232770,1784800232783,202,13.000,cold
5526,exp-cold-10000-005597-77fd43ec,1784800232770,1784800232783,202,13.000,cold
5527,exp-cold-10000-005618-aede5e21,1784800232770,1784800232784,202,14.000,cold
5528,exp-cold-10000-005697-a02112ed,1784800232770,1784800232788,202,18.000,cold
5529,exp-cold-10000-005408-714de9b1,1784800232771,1784800232772,202,1.000,cold
5530,exp-cold-10000-005405-bd318c28,1784800232771,1784800232772,202,1.000,cold
5531,exp-cold-10000-005416-f3f629f1,1784800232771,1784800232772,202,1.000,cold
5532,exp-cold-10000-005406-5e9afea7,1784800232771,1784800232772,202,1.000,cold
5533,exp-cold-10000-005418-d43d2b8e,1784800232771,1784800232772,202,1.000,cold
5534,exp-cold-10000-005441-4c62b332,1784800232771,1784800232773,202,2.000,cold
5535,exp-cold-10000-005444-ebd2c812,1784800232771,1784800232774,202,3.000,cold
5536,exp-cold-10000-005468-a9c4e1ee,1784800232771,1784800232775,202,4.000,cold
5537,exp-cold-10000-005474-ccf1bf55,1784800232771,1784800232775,202,4.000,cold
5538,exp-cold-10000-005494-7276b574,1784800232771,1784800232776,202,5.000,cold
5539,exp-cold-10000-005548-4de793d2,1784800232771,1784800232780,202,9.000,cold
5540,exp-cold-10000-005586-dc4dc275,1784800232771,1784800232782,202,11.000,cold
5541,exp-cold-10000-005588-fdaeb9be,1784800232771,1784800232782,202,11.000,cold
5542,exp-cold-10000-005591-f787cf20,1784800232771,1784800232782,202,11.000,cold
5543,exp-cold-10000-005602-f5d96828,1784800232771,1784800232783,202,12.000,cold
5544,exp-cold-10000-005599-1fd3538e,1784800232771,1784800232783,202,12.000,cold
5545,exp-cold-10000-005610-49f32540,1784800232771,1784800232783,202,12.000,cold
5546,exp-cold-10000-005606-4b6c1dd6,1784800232771,1784800232783,202,12.000,cold
5547,exp-cold-10000-005635-dc011e8b,1784800232771,1784800232785,202,14.000,cold
5548,exp-cold-10000-005722-d7cb9d7d,1784800232771,1784800232789,202,18.000,cold
5549,exp-cold-10000-005834-ef8019b6,1784800232771,1784800232796,202,25.000,cold
5550,exp-cold-10000-005424-bc777533,1784800232772,1784800232773,202,1.000,cold
5551,exp-cold-10000-005427-d0f2d88a,1784800232772,1784800232773,202,1.000,cold
5552,exp-cold-10000-005435-77b8c26c,1784800232772,1784800232773,202,1.000,cold
5553,exp-cold-10000-005436-8513904a,1784800232772,1784800232773,202,1.000,cold
5554,exp-cold-10000-005437-01b71315,1784800232772,1784800232773,202,1.000,cold
5555,exp-cold-10000-005440-c7740da2,1784800232772,1784800232773,202,1.000,cold
5556,exp-cold-10000-005461-3e5dc92c,1784800232772,1784800232774,202,2.000,cold
5557,exp-cold-10000-005463-d8397f42,1784800232772,1784800232775,202,3.000,cold
5558,exp-cold-10000-005478-2eeef24a,1784800232772,1784800232776,202,4.000,cold
5559,exp-cold-10000-005500-4dbd883e,1784800232772,1784800232776,202,4.000,cold
5560,exp-cold-10000-005491-f101b493,1784800232772,1784800232776,202,4.000,cold
5561,exp-cold-10000-005493-667f2e7b,1784800232772,1784800232776,202,4.000,cold
5562,exp-cold-10000-005496-0db918cb,1784800232772,1784800232776,202,4.000,cold
5563,exp-cold-10000-005506-bee7795c,1784800232772,1784800232777,202,5.000,cold
5564,exp-cold-10000-005529-945ef633,1784800232772,1784800232778,202,6.000,cold
5565,exp-cold-10000-005557-18cd8562,1784800232772,1784800232780,202,8.000,cold
5566,exp-cold-10000-005578-90e8d92e,1784800232772,1784800232782,202,10.000,cold
5567,exp-cold-10000-005603-9f63dd2d,1784800232772,1784800232783,202,11.000,cold
5568,exp-cold-10000-005609-af7c587b,1784800232772,1784800232783,202,11.000,cold
5569,exp-cold-10000-005623-fd58cfcf,1784800232772,1784800232784,202,12.000,cold
5570,exp-cold-10000-005647-ab02051b,1784800232772,1784800232786,202,14.000,cold
5571,exp-cold-10000-005684-d99bfb7c,1784800232772,1784800232788,202,16.000,cold
5572,exp-cold-10000-005757-d50209e1,1784800232772,1784800232791,202,19.000,cold
5573,exp-cold-10000-005445-258a182a,1784800232773,1784800232774,202,1.000,cold
5574,exp-cold-10000-005447-f12da09f,1784800232773,1784800232774,202,1.000,cold
5575,exp-cold-10000-005453-75606948,1784800232773,1784800232774,202,1.000,cold
5576,exp-cold-10000-005495-5b25f330,1784800232773,1784800232776,202,3.000,cold
5577,exp-cold-10000-005502-f86704b4,1784800232773,1784800232777,202,4.000,cold
5578,exp-cold-10000-005528-bed40f26,1784800232773,1784800232778,202,5.000,cold
5579,exp-cold-10000-005520-17b9d720,1784800232773,1784800232778,202,5.000,cold
5580,exp-cold-10000-005535-7f885fc6,1784800232773,1784800232779,202,6.000,cold
5581,exp-cold-10000-005530-7a0b9515,1784800232773,1784800232779,202,6.000,cold
5582,exp-cold-10000-005611-fd7ec399,1784800232773,1784800232783,202,10.000,cold
5583,exp-cold-10000-005594-9f86d06a,1784800232773,1784800232783,202,10.000,cold
5584,exp-cold-10000-005613-3e443d1a,1784800232773,1784800232784,202,11.000,cold
5585,exp-cold-10000-005621-0179e775,1784800232773,1784800232784,202,11.000,cold
5586,exp-cold-10000-005634-7d285365,1784800232773,1784800232785,202,12.000,cold
5587,exp-cold-10000-005638-a73b19bb,1784800232773,1784800232785,202,12.000,cold
5588,exp-cold-10000-005631-86e5768f,1784800232773,1784800232785,202,12.000,cold
5589,exp-cold-10000-005699-3fa95159,1784800232773,1784800232788,202,15.000,cold
5590,exp-cold-10000-005735-85624dd2,1784800232773,1784800232790,202,17.000,cold
5591,exp-cold-10000-005777-f2728a3e,1784800232773,1784800232793,202,20.000,cold
5592,exp-cold-10000-005809-296ba4d3,1784800232773,1784800232794,202,21.000,cold
5593,exp-cold-10000-005466-064ba1d1,1784800232774,1784800232775,202,1.000,cold
5594,exp-cold-10000-005476-10a88626,1784800232774,1784800232775,202,1.000,cold
5595,exp-cold-10000-005479-c1f885ac,1784800232774,1784800232775,202,1.000,cold
5596,exp-cold-10000-005480-743fb29d,1784800232774,1784800232775,202,1.000,cold
5597,exp-cold-10000-005482-14ae54ad,1784800232774,1784800232775,202,1.000,cold
5598,exp-cold-10000-005481-c289b223,1784800232774,1784800232775,202,1.000,cold
5599,exp-cold-10000-005483-f83e4eed,1784800232774,1784800232775,202,1.000,cold
5600,exp-cold-10000-005498-0170c117,1784800232774,1784800232776,202,2.000,cold
5601,exp-cold-10000-005503-8bca3d36,1784800232774,1784800232777,202,3.000,cold
5602,exp-cold-10000-005527-d0dba861,1784800232774,1784800232778,202,4.000,cold
5603,exp-cold-10000-005545-52ba5e02,1784800232774,1784800232779,202,5.000,cold
5604,exp-cold-10000-005612-7cdd3e7b,1784800232774,1784800232784,202,10.000,cold
5605,exp-cold-10000-005658-597199dd,1784800232774,1784800232786,202,12.000,cold
5606,exp-cold-10000-005710-98c34537,1784800232774,1784800232789,202,15.000,cold
5607,exp-cold-10000-005719-e9276fab,1784800232774,1784800232789,202,15.000,cold
5608,exp-cold-10000-005734-5f43197e,1784800232774,1784800232790,202,16.000,cold
5609,exp-cold-10000-005769-72c509ff,1784800232774,1784800232792,202,18.000,cold
5610,exp-cold-10000-005868-a26d3a1e,1784800232774,1784800232797,202,23.000,cold
5611,exp-cold-10000-005866-a486be1d,1784800232774,1784800232797,202,23.000,cold
5612,exp-cold-10000-005486-785cb99a,1784800232775,1784800232776,202,1.000,cold
5613,exp-cold-10000-005521-7a4efd8f,1784800232775,1784800232778,202,3.000,cold
5614,exp-cold-10000-005524-f44a4a7f,1784800232775,1784800232778,202,3.000,cold
5615,exp-cold-10000-005534-0b5b8ebb,1784800232775,1784800232779,202,4.000,cold
5616,exp-cold-10000-005536-4ca7d224,1784800232775,1784800232779,202,4.000,cold
5617,exp-cold-10000-005546-51211141,1784800232775,1784800232779,202,4.000,cold
5618,exp-cold-10000-005581-9d9d80ae,1784800232775,1784800232782,202,7.000,cold
5619,exp-cold-10000-005641-1bcf4176,1784800232775,1784800232785,202,10.000,cold
5620,exp-cold-10000-005639-ca46f6f1,1784800232775,1784800232785,202,10.000,cold
5621,exp-cold-10000-005632-4fd64b0e,1784800232775,1784800232785,202,10.000,cold
5622,exp-cold-10000-005657-2509d1df,1784800232775,1784800232786,202,11.000,cold
5623,exp-cold-10000-005666-51361bf2,1784800232775,1784800232787,202,12.000,cold
5624,exp-cold-10000-005718-416fafda,1784800232775,1784800232789,202,14.000,cold
5625,exp-cold-10000-005860-5eadca04,1784800232775,1784800232797,202,22.000,cold
5626,exp-cold-10000-005501-3e6cf2f7,1784800232776,1784800232777,202,1.000,cold
5627,exp-cold-10000-005513-e900013c,1784800232776,1784800232777,202,1.000,cold
5628,exp-cold-10000-005526-1032d6e8,1784800232776,1784800232778,202,2.000,cold
5629,exp-cold-10000-005539-56519ae3,1784800232776,1784800232779,202,3.000,cold
5630,exp-cold-10000-005532-4c6a8b35,1784800232776,1784800232779,202,3.000,cold
5631,exp-cold-10000-005554-d78653a4,1784800232776,1784800232780,202,4.000,cold
5632,exp-cold-10000-005614-5e0699a4,1784800232776,1784800232784,202,8.000,cold
5633,exp-cold-10000-005619-ccfcb789,1784800232776,1784800232784,202,8.000,cold
5634,exp-cold-10000-005636-a4eaea11,1784800232776,1784800232785,202,9.000,cold
5635,exp-cold-10000-005670-9826b2c5,1784800232776,1784800232787,202,11.000,cold
5636,exp-cold-10000-005677-526721d2,1784800232776,1784800232787,202,11.000,cold
5637,exp-cold-10000-005681-90aa155a,1784800232776,1784800232787,202,11.000,cold
5638,exp-cold-10000-005708-3d7b26d1,1784800232776,1784800232789,202,13.000,cold
5639,exp-cold-10000-005727-c86e4108,1784800232776,1784800232790,202,14.000,cold
5640,exp-cold-10000-005744-25853025,1784800232776,1784800232791,202,15.000,cold
5641,exp-cold-10000-005767-a0e2df67,1784800232776,1784800232792,202,16.000,cold
5642,exp-cold-10000-005869-65c1c849,1784800232776,1784800232797,202,21.000,cold
5643,exp-cold-10000-005515-cabfd82c,1784800232777,1784800232778,202,1.000,cold
5644,exp-cold-10000-005522-29738312,1784800232777,1784800232778,202,1.000,cold
5645,exp-cold-10000-005518-f08e10cd,1784800232777,1784800232778,202,1.000,cold
5646,exp-cold-10000-005565-c45e3c9b,1784800232777,1784800232781,202,4.000,cold
5647,exp-cold-10000-005617-62dea4e1,1784800232777,1784800232784,202,7.000,cold
5648,exp-cold-10000-005589-85a35994,1784800232777,1784800232784,202,7.000,cold
5649,exp-cold-10000-005624-f67a49b0,1784800232777,1784800232784,202,7.000,cold
5650,exp-cold-10000-005628-5a29ba47,1784800232777,1784800232784,202,7.000,cold
5651,exp-cold-10000-005625-bd07472e,1784800232777,1784800232784,202,7.000,cold
5652,exp-cold-10000-005650-a3324a3b,1784800232777,1784800232786,202,9.000,cold
5653,exp-cold-10000-005651-28f0586f,1784800232777,1784800232786,202,9.000,cold
5654,exp-cold-10000-005667-406aa0ff,1784800232777,1784800232787,202,10.000,cold
5655,exp-cold-10000-005671-235af03e,1784800232777,1784800232787,202,10.000,cold
5656,exp-cold-10000-005668-f21d813f,1784800232777,1784800232787,202,10.000,cold
5657,exp-cold-10000-005687-cc3e5337,1784800232777,1784800232788,202,11.000,cold
5658,exp-cold-10000-005683-0ea62458,1784800232777,1784800232788,202,11.000,cold
5659,exp-cold-10000-005688-f6e42e42,1784800232777,1784800232788,202,11.000,cold
5660,exp-cold-10000-005715-125984e1,1784800232777,1784800232789,202,12.000,cold
5661,exp-cold-10000-005714-ed1299c7,1784800232777,1784800232789,202,12.000,cold
5662,exp-cold-10000-005876-1b30d4cb,1784800232777,1784800232798,202,21.000,cold
5663,exp-cold-10000-005544-a07643d8,1784800232778,1784800232779,202,1.000,cold
5664,exp-cold-10000-005556-273e4812,1784800232778,1784800232780,202,2.000,cold
5665,exp-cold-10000-005542-dcb05f15,1784800232778,1784800232780,202,2.000,cold
5666,exp-cold-10000-005560-443ecb3c,1784800232778,1784800232781,202,3.000,cold
5667,exp-cold-10000-005574-98b82065,1784800232778,1784800232781,202,3.000,cold
5668,exp-cold-10000-005566-4b2abc0f,1784800232778,1784800232781,202,3.000,cold
5669,exp-cold-10000-005596-de0777b3,1784800232778,1784800232783,202,5.000,cold
5670,exp-cold-10000-005592-b6b6bd19,1784800232778,1784800232783,202,5.000,cold
5671,exp-cold-10000-005633-042ff848,1784800232778,1784800232785,202,7.000,cold
5672,exp-cold-10000-005678-511df9be,1784800232778,1784800232787,202,9.000,cold
5673,exp-cold-10000-005682-d71a2d50,1784800232778,1784800232788,202,10.000,cold
5674,exp-cold-10000-005703-f0215088,1784800232778,1784800232789,202,11.000,cold
5675,exp-cold-10000-005704-be24d795,1784800232778,1784800232789,202,11.000,cold
5676,exp-cold-10000-005705-1d571a8c,1784800232778,1784800232789,202,11.000,cold
5677,exp-cold-10000-005713-69e4ce7b,1784800232778,1784800232789,202,11.000,cold
5678,exp-cold-10000-005712-44c06c27,1784800232778,1784800232789,202,11.000,cold
5679,exp-cold-10000-005709-eeb9e604,1784800232778,1784800232789,202,11.000,cold
5680,exp-cold-10000-005725-efa6a933,1784800232778,1784800232790,202,12.000,cold
5681,exp-cold-10000-005760-f2ec7d79,1784800232778,1784800232792,202,14.000,cold
5682,exp-cold-10000-005780-adaa4b09,1784800232778,1784800232793,202,15.000,cold
5683,exp-cold-10000-005903-c833d186,1784800232778,1784800232800,202,22.000,cold
5684,exp-cold-10000-005549-2ad94a5e,1784800232779,1784800232780,202,1.000,cold
5685,exp-cold-10000-005551-1f127609,1784800232779,1784800232780,202,1.000,cold
5686,exp-cold-10000-005552-4e0f34fc,1784800232779,1784800232780,202,1.000,cold
5687,exp-cold-10000-005564-71914640,1784800232779,1784800232781,202,2.000,cold
5688,exp-cold-10000-005573-1495e545,1784800232779,1784800232781,202,2.000,cold
5689,exp-cold-10000-005582-2068a552,1784800232779,1784800232782,202,3.000,cold
5690,exp-cold-10000-005585-8fd5b23b,1784800232779,1784800232782,202,3.000,cold
5691,exp-cold-10000-005579-1e8019c1,1784800232779,1784800232784,202,5.000,cold
5692,exp-cold-10000-005645-0b6991b9,1784800232779,1784800232785,202,6.000,cold
5693,exp-cold-10000-005674-71e71ccb,1784800232779,1784800232787,202,8.000,cold
5694,exp-cold-10000-005732-c1f3ed9f,1784800232779,1784800232790,202,11.000,cold
5695,exp-cold-10000-005737-b45259d0,1784800232779,1784800232790,202,11.000,cold
5696,exp-cold-10000-005739-396a266a,1784800232779,1784800232790,202,11.000,cold
5697,exp-cold-10000-005724-2e4cca08,1784800232779,1784800232790,202,11.000,cold
5698,exp-cold-10000-005755-b28b59dc,1784800232779,1784800232791,202,12.000,cold
5699,exp-cold-10000-005827-b3336e95,1784800232779,1784800232795,202,16.000,cold
5700,exp-cold-10000-005859-7f31767d,1784800232779,1784800232797,202,18.000,cold
5701,exp-cold-10000-005561-519c8ad6,1784800232780,1784800232781,202,1.000,cold
5702,exp-cold-10000-005562-4ab54b36,1784800232780,1784800232781,202,1.000,cold
5703,exp-cold-10000-005563-abf37ee7,1784800232780,1784800232781,202,1.000,cold
5704,exp-cold-10000-005576-3c439f55,1784800232780,1784800232781,202,1.000,cold
5705,exp-cold-10000-005568-a224dd58,1784800232780,1784800232781,202,1.000,cold
5706,exp-cold-10000-005572-3287966e,1784800232780,1784800232784,202,4.000,cold
5707,exp-cold-10000-005646-3c2ddc42,1784800232780,1784800232785,202,5.000,cold
5708,exp-cold-10000-005649-01c3a641,1784800232780,1784800232786,202,6.000,cold
5709,exp-cold-10000-005728-c37900bd,1784800232780,1784800232790,202,10.000,cold
5710,exp-cold-10000-005756-d8c384e2,1784800232780,1784800232791,202,11.000,cold
5711,exp-cold-10000-005816-3d4cb2b3,1784800232780,1784800232795,202,15.000,cold
5712,exp-cold-10000-005598-4949b859,1784800232781,1784800232783,202,2.000,cold
5713,exp-cold-10000-005643-a82061a3,1784800232781,1784800232785,202,4.000,cold
5714,exp-cold-10000-005630-6c55f161,1784800232781,1784800232785,202,4.000,cold
5715,exp-cold-10000-005751-6f933797,1784800232781,1784800232791,202,10.000,cold
5716,exp-cold-10000-005752-13db3c90,1784800232781,1784800232791,202,10.000,cold
5717,exp-cold-10000-005765-b412b03a,1784800232781,1784800232792,202,11.000,cold
5718,exp-cold-10000-005773-3490fe3a,1784800232781,1784800232792,202,11.000,cold
5719,exp-cold-10000-005790-755f40c4,1784800232781,1784800232793,202,12.000,cold
5720,exp-cold-10000-005796-73716611,1784800232781,1784800232794,202,13.000,cold
5721,exp-cold-10000-005801-bacfd7e9,1784800232781,1784800232794,202,13.000,cold
5722,exp-cold-10000-005797-0e06d8a4,1784800232781,1784800232794,202,13.000,cold
5723,exp-cold-10000-005802-7adc766d,1784800232781,1784800232794,202,13.000,cold
5724,exp-cold-10000-005795-61456288,1784800232781,1784800232794,202,13.000,cold
5725,exp-cold-10000-005593-c0b012aa,1784800232782,1784800232783,202,1.000,cold
5726,exp-cold-10000-005605-5248b390,1784800232782,1784800232783,202,1.000,cold
5727,exp-cold-10000-005642-f215167d,1784800232782,1784800232785,202,3.000,cold
5728,exp-cold-10000-005662-ad44d6b8,1784800232782,1784800232786,202,4.000,cold
5729,exp-cold-10000-005660-4bb57b1f,1784800232782,1784800232786,202,4.000,cold
5730,exp-cold-10000-005679-a779029f,1784800232782,1784800232787,202,5.000,cold
5731,exp-cold-10000-005676-f4a633d9,1784800232782,1784800232787,202,5.000,cold
5732,exp-cold-10000-005692-21eb5892,1784800232782,1784800232788,202,6.000,cold
5733,exp-cold-10000-005685-0b8a2214,1784800232782,1784800232788,202,6.000,cold
5734,exp-cold-10000-005689-bd540ae5,1784800232782,1784800232788,202,6.000,cold
5735,exp-cold-10000-005758-4514c616,1784800232782,1784800232792,202,10.000,cold
5736,exp-cold-10000-005772-28c04f9c,1784800232782,1784800232792,202,10.000,cold
5737,exp-cold-10000-005759-36b23b2a,1784800232782,1784800232792,202,10.000,cold
5738,exp-cold-10000-005805-7f2b7bb3,1784800232782,1784800232794,202,12.000,cold
5739,exp-cold-10000-005851-313abf1f,1784800232782,1784800232796,202,14.000,cold
5740,exp-cold-10000-005833-9c933584,1784800232782,1784800232796,202,14.000,cold
5741,exp-cold-10000-005864-8d52b701,1784800232782,1784800232797,202,15.000,cold
5742,exp-cold-10000-005870-c88595e3,1784800232782,1784800232797,202,15.000,cold
5743,exp-cold-10000-005615-0adca643,1784800232783,1784800232784,202,1.000,cold
5744,exp-cold-10000-005627-89079caf,1784800232783,1784800232784,202,1.000,cold
5745,exp-cold-10000-005652-eb4e519b,1784800232783,1784800232786,202,3.000,cold
5746,exp-cold-10000-005661-72e65a29,1784800232783,1784800232786,202,3.000,cold
5747,exp-cold-10000-005696-105328f0,1784800232783,1784800232788,202,5.000,cold
5748,exp-cold-10000-005768-0bbd2d82,1784800232783,1784800232792,202,9.000,cold
5749,exp-cold-10000-005775-19cdda35,1784800232783,1784800232793,202,10.000,cold
5750,exp-cold-10000-005779-2dfc37c9,1784800232783,1784800232793,202,10.000,cold
5751,exp-cold-10000-005784-9944149b,1784800232783,1784800232793,202,10.000,cold
5752,exp-cold-10000-005776-88c5eeaf,1784800232783,1784800232793,202,10.000,cold
5753,exp-cold-10000-005794-ac2a06a0,1784800232783,1784800232794,202,11.000,cold
5754,exp-cold-10000-005800-115c212f,1784800232783,1784800232794,202,11.000,cold
5755,exp-cold-10000-005814-10607f93,1784800232783,1784800232795,202,12.000,cold
5756,exp-cold-10000-005853-ebae3e5f,1784800232783,1784800232796,202,13.000,cold
5757,exp-cold-10000-005849-fedf6302,1784800232783,1784800232796,202,13.000,cold
5758,exp-cold-10000-005857-aca7ea62,1784800232783,1784800232796,202,13.000,cold
5759,exp-cold-10000-005861-eee447d1,1784800232783,1784800232797,202,14.000,cold
5760,exp-cold-10000-005887-013ae5a9,1784800232783,1784800232798,202,15.000,cold
5761,exp-cold-10000-005884-c2703362,1784800232783,1784800232799,202,16.000,cold
5762,exp-cold-10000-005961-4d9dc7fe,1784800232783,1784800232803,202,20.000,cold
5763,exp-cold-10000-005637-6202f506,1784800232784,1784800232785,202,1.000,cold
5764,exp-cold-10000-005640-4d73391f,1784800232784,1784800232785,202,1.000,cold
5765,exp-cold-10000-005648-c6a33178,1784800232784,1784800232786,202,2.000,cold
5766,exp-cold-10000-005695-c08e4d3f,1784800232784,1784800232788,202,4.000,cold
5767,exp-cold-10000-005693-b338f2cf,1784800232784,1784800232788,202,4.000,cold
5768,exp-cold-10000-005731-738774d4,1784800232784,1784800232790,202,6.000,cold
5769,exp-cold-10000-005829-5134ae58,1784800232784,1784800232795,202,11.000,cold
5770,exp-cold-10000-005821-76b5ff79,1784800232784,1784800232795,202,11.000,cold
5771,exp-cold-10000-005823-a47cb491,1784800232784,1784800232795,202,11.000,cold
5772,exp-cold-10000-005824-c1d734ba,1784800232784,1784800232795,202,11.000,cold
5773,exp-cold-10000-005828-db4aa23b,1784800232784,1784800232795,202,11.000,cold
5774,exp-cold-10000-005812-dfb78b12,1784800232784,1784800232795,202,11.000,cold
5775,exp-cold-10000-005840-0035f2bf,1784800232784,1784800232796,202,12.000,cold
5776,exp-cold-10000-005852-e983d9ff,1784800232784,1784800232796,202,12.000,cold
5777,exp-cold-10000-005881-c36a62f9,1784800232784,1784800232798,202,14.000,cold
5778,exp-cold-10000-005897-676f3b28,1784800232784,1784800232799,202,15.000,cold
5779,exp-cold-10000-005656-2ec95cfb,1784800232785,1784800232786,202,1.000,cold
5780,exp-cold-10000-005653-57f51f54,1784800232785,1784800232786,202,1.000,cold
5781,exp-cold-10000-005654-50ee1363,1784800232785,1784800232786,202,1.000,cold
5782,exp-cold-10000-005655-b00b9506,1784800232785,1784800232786,202,1.000,cold
5783,exp-cold-10000-005663-f01493cb,1784800232785,1784800232787,202,2.000,cold
5784,exp-cold-10000-005791-fedfe940,1784800232785,1784800232793,202,8.000,cold
5785,exp-cold-10000-005788-8f115b0b,1784800232785,1784800232793,202,8.000,cold
5786,exp-cold-10000-005808-6e0425bb,1784800232785,1784800232794,202,9.000,cold
5787,exp-cold-10000-005811-5b24affe,1784800232785,1784800232795,202,10.000,cold
5788,exp-cold-10000-005817-5cdc32a9,1784800232785,1784800232795,202,10.000,cold
5789,exp-cold-10000-005825-be0581e2,1784800232785,1784800232795,202,10.000,cold
5790,exp-cold-10000-005820-0c25835d,1784800232785,1784800232795,202,10.000,cold
5791,exp-cold-10000-005830-ec23848a,1784800232785,1784800232795,202,10.000,cold
5792,exp-cold-10000-005842-5f36f07b,1784800232785,1784800232796,202,11.000,cold
5793,exp-cold-10000-005878-c41401d3,1784800232785,1784800232798,202,13.000,cold
5794,exp-cold-10000-005894-6edb83a6,1784800232785,1784800232799,202,14.000,cold
5795,exp-cold-10000-005925-35041cb8,1784800232785,1784800232801,202,16.000,cold
5796,exp-cold-10000-005665-1bedcb17,1784800232786,1784800232787,202,1.000,cold
5797,exp-cold-10000-005664-628d43cf,1784800232786,1784800232787,202,1.000,cold
5798,exp-cold-10000-005672-9f3b7f64,1784800232786,1784800232787,202,1.000,cold
5799,exp-cold-10000-005673-10eb1e43,1784800232786,1784800232787,202,1.000,cold
5800,exp-cold-10000-005680-019936cf,1784800232786,1784800232787,202,1.000,cold
5801,exp-cold-10000-005675-af63f0b6,1784800232786,1784800232787,202,1.000,cold
5802,exp-cold-10000-005698-5b836536,1784800232786,1784800232788,202,2.000,cold
5803,exp-cold-10000-005686-ed7b3441,1784800232786,1784800232788,202,2.000,cold
5804,exp-cold-10000-005700-8d975bbb,1784800232786,1784800232789,202,3.000,cold
5805,exp-cold-10000-005729-186c7202,1784800232786,1784800232790,202,4.000,cold
5806,exp-cold-10000-005723-1e9d0347,1784800232786,1784800232790,202,4.000,cold
5807,exp-cold-10000-005733-79085b04,1784800232786,1784800232790,202,4.000,cold
5808,exp-cold-10000-005726-65807439,1784800232786,1784800232790,202,4.000,cold
5809,exp-cold-10000-005746-776e5364,1784800232786,1784800232791,202,5.000,cold
5810,exp-cold-10000-005787-8a1bc4ac,1784800232786,1784800232793,202,7.000,cold
5811,exp-cold-10000-005807-9c78a1b6,1784800232786,1784800232794,202,8.000,cold
5812,exp-cold-10000-005799-23b0181a,1784800232786,1784800232794,202,8.000,cold
5813,exp-cold-10000-005865-50945af8,1784800232786,1784800232797,202,11.000,cold
5814,exp-cold-10000-005882-63dabd7b,1784800232786,1784800232798,202,12.000,cold
5815,exp-cold-10000-005944-5a4d25d7,1784800232786,1784800232802,202,16.000,cold
5816,exp-cold-10000-005963-5cb76d53,1784800232786,1784800232803,202,17.000,cold
5817,exp-cold-10000-006005-dec80093,1784800232786,1784800232806,202,20.000,cold
5818,exp-cold-10000-005691-7efdb5a6,1784800232787,1784800232788,202,1.000,cold
5819,exp-cold-10000-005690-5f2a97a9,1784800232787,1784800232788,202,1.000,cold
5820,exp-cold-10000-005694-cd322642,1784800232787,1784800232788,202,1.000,cold
5821,exp-cold-10000-005706-f752f498,1784800232787,1784800232789,202,2.000,cold
5822,exp-cold-10000-005738-dcf7a84f,1784800232787,1784800232790,202,3.000,cold
5823,exp-cold-10000-005740-0baefd01,1784800232787,1784800232790,202,3.000,cold
5824,exp-cold-10000-005748-ba4e6288,1784800232787,1784800232791,202,4.000,cold
5825,exp-cold-10000-005753-c7450a94,1784800232787,1784800232791,202,4.000,cold
5826,exp-cold-10000-005747-72517cb6,1784800232787,1784800232791,202,4.000,cold
5827,exp-cold-10000-005754-137948fe,1784800232787,1784800232791,202,4.000,cold
5828,exp-cold-10000-005792-e3065f83,1784800232787,1784800232794,202,7.000,cold
5829,exp-cold-10000-005838-f0887c1b,1784800232787,1784800232796,202,9.000,cold
5830,exp-cold-10000-005841-f556b74c,1784800232787,1784800232796,202,9.000,cold
5831,exp-cold-10000-005836-b5f610d4,1784800232787,1784800232796,202,9.000,cold
5832,exp-cold-10000-005845-25c08804,1784800232787,1784800232796,202,9.000,cold
5833,exp-cold-10000-005839-40a1bb2b,1784800232787,1784800232797,202,10.000,cold
5834,exp-cold-10000-005863-fb9af282,1784800232787,1784800232797,202,10.000,cold
5835,exp-cold-10000-005872-28a6ae05,1784800232787,1784800232797,202,10.000,cold
5836,exp-cold-10000-005871-b13e9039,1784800232787,1784800232797,202,10.000,cold
5837,exp-cold-10000-005893-c2ab5e34,1784800232787,1784800232799,202,12.000,cold
5838,exp-cold-10000-005895-8fadbdf4,1784800232787,1784800232799,202,12.000,cold
5839,exp-cold-10000-005900-cb0fde7f,1784800232787,1784800232799,202,12.000,cold
5840,exp-cold-10000-005960-29c587a5,1784800232787,1784800232803,202,16.000,cold
5841,exp-cold-10000-005978-af7aa65b,1784800232787,1784800232804,202,17.000,cold
5842,exp-cold-10000-005982-009a6d1d,1784800232787,1784800232805,202,18.000,cold
5843,exp-cold-10000-006007-c8aefbac,1784800232787,1784800232806,202,19.000,cold
5844,exp-cold-10000-005702-6d289825,1784800232788,1784800232789,202,1.000,cold
5845,exp-cold-10000-005707-2270ada4,1784800232788,1784800232789,202,1.000,cold
5846,exp-cold-10000-005717-c2dd80bf,1784800232788,1784800232789,202,1.000,cold
5847,exp-cold-10000-005716-a0311f62,1784800232788,1784800232789,202,1.000,cold
5848,exp-cold-10000-005736-1739e912,1784800232788,1784800232790,202,2.000,cold
5849,exp-cold-10000-005720-9c3849bb,1784800232788,1784800232790,202,2.000,cold
5850,exp-cold-10000-005761-723a504c,1784800232788,1784800232792,202,4.000,cold
5851,exp-cold-10000-005762-f66e9126,1784800232788,1784800232792,202,4.000,cold
5852,exp-cold-10000-005793-48a1ceb8,1784800232788,1784800232794,202,6.000,cold
5853,exp-cold-10000-005867-62573ec1,1784800232788,1784800232797,202,9.000,cold
5854,exp-cold-10000-005862-7a8a17ce,1784800232788,1784800232797,202,9.000,cold
5855,exp-cold-10000-005879-88a6ce6a,1784800232788,1784800232798,202,10.000,cold
5856,exp-cold-10000-005913-3e6ed1d4,1784800232788,1784800232800,202,12.000,cold
5857,exp-cold-10000-005912-787804ff,1784800232788,1784800232800,202,12.000,cold
5858,exp-cold-10000-005927-853bad64,1784800232788,1784800232801,202,13.000,cold
5859,exp-cold-10000-005966-c2767efd,1784800232788,1784800232804,202,16.000,cold
5860,exp-cold-10000-005967-c80cbff9,1784800232788,1784800232804,202,16.000,cold
5861,exp-cold-10000-005971-9e4cdc5b,1784800232788,1784800232804,202,16.000,cold
5862,exp-cold-10000-005968-1c681da7,1784800232788,1784800232804,202,16.000,cold
5863,exp-cold-10000-006010-15c535ab,1784800232788,1784800232806,202,18.000,cold
5864,exp-cold-10000-005741-d4a9d75b,1784800232789,1784800232791,202,2.000,cold
5865,exp-cold-10000-005750-00ffcc2c,1784800232789,1784800232791,202,2.000,cold
5866,exp-cold-10000-005803-be809212,1784800232789,1784800232794,202,5.000,cold
5867,exp-cold-10000-005815-5f4d1bc3,1784800232789,1784800232795,202,6.000,cold
5868,exp-cold-10000-005826-a9e21980,1784800232789,1784800232795,202,6.000,cold
5869,exp-cold-10000-005850-fb3a2a0f,1784800232789,1784800232796,202,7.000,cold
5870,exp-cold-10000-005880-edabad59,1784800232789,1784800232798,202,9.000,cold
5871,exp-cold-10000-005889-31138f91,1784800232789,1784800232798,202,9.000,cold
5872,exp-cold-10000-005898-a31fc5ce,1784800232789,1784800232799,202,10.000,cold
5873,exp-cold-10000-005929-059a0afe,1784800232789,1784800232802,202,13.000,cold
5874,exp-cold-10000-005951-2c71d3de,1784800232789,1784800232803,202,14.000,cold
5875,exp-cold-10000-005984-7cc54198,1784800232789,1784800232805,202,16.000,cold
5876,exp-cold-10000-006000-0c8ca44a,1784800232789,1784800232806,202,17.000,cold
5877,exp-cold-10000-005745-4166d996,1784800232790,1784800232791,202,1.000,cold
5878,exp-cold-10000-005743-4548ebe0,1784800232790,1784800232791,202,1.000,cold
5879,exp-cold-10000-005770-b283acbb,1784800232790,1784800232792,202,2.000,cold
5880,exp-cold-10000-005766-ee6c893b,1784800232790,1784800232792,202,2.000,cold
5881,exp-cold-10000-005763-a582091a,1784800232790,1784800232792,202,2.000,cold
5882,exp-cold-10000-005783-a06f984f,1784800232790,1784800232793,202,3.000,cold
5883,exp-cold-10000-005778-a81a3111,1784800232790,1784800232793,202,3.000,cold
5884,exp-cold-10000-005781-75930a45,1784800232790,1784800232793,202,3.000,cold
5885,exp-cold-10000-005822-39c7475c,1784800232790,1784800232795,202,5.000,cold
5886,exp-cold-10000-005837-03b78820,1784800232790,1784800232796,202,6.000,cold
5887,exp-cold-10000-005858-01e2f619,1784800232790,1784800232796,202,6.000,cold
5888,exp-cold-10000-005908-c31f5c4a,1784800232790,1784800232800,202,10.000,cold
5889,exp-cold-10000-005910-b8742029,1784800232790,1784800232800,202,10.000,cold
5890,exp-cold-10000-005938-4ce28273,1784800232790,1784800232802,202,12.000,cold
5891,exp-cold-10000-005949-c4d86f31,1784800232790,1784800232803,202,13.000,cold
5892,exp-cold-10000-006048-a3bbc032,1784800232790,1784800232808,202,18.000,cold
5893,exp-cold-10000-005742-c5af88a7,1784800232791,1784800232791,202,0.000,cold
5894,exp-cold-10000-005764-048f3643,1784800232791,1784800232792,202,1.000,cold
5895,exp-cold-10000-005771-37f4ab7f,1784800232791,1784800232792,202,1.000,cold
5896,exp-cold-10000-005786-5bbaa358,1784800232791,1784800232793,202,2.000,cold
5897,exp-cold-10000-005774-c54fb617,1784800232791,1784800232793,202,2.000,cold
5898,exp-cold-10000-005813-5f4929f5,1784800232791,1784800232796,202,5.000,cold
5899,exp-cold-10000-005909-9ad9e5f3,1784800232791,1784800232800,202,9.000,cold
5900,exp-cold-10000-005919-3a6b98da,1784800232791,1784800232801,202,10.000,cold
5901,exp-cold-10000-005933-6f5ac94e,1784800232791,1784800232802,202,11.000,cold
5902,exp-cold-10000-005947-d0dcd58c,1784800232791,1784800232803,202,12.000,cold
5903,exp-cold-10000-005964-dc184e60,1784800232791,1784800232803,202,12.000,cold
5904,exp-cold-10000-005953-dd593d15,1784800232791,1784800232803,202,12.000,cold
5905,exp-cold-10000-005988-b81d9a37,1784800232791,1784800232805,202,14.000,cold
5906,exp-cold-10000-005994-9ec3bb91,1784800232791,1784800232806,202,15.000,cold
5907,exp-cold-10000-005785-bb750669,1784800232792,1784800232793,202,1.000,cold
5908,exp-cold-10000-005806-3dc23e1e,1784800232792,1784800232794,202,2.000,cold
5909,exp-cold-10000-005844-90b36853,1784800232792,1784800232796,202,4.000,cold
5910,exp-cold-10000-005923-ec34a3e9,1784800232792,1784800232801,202,9.000,cold
5911,exp-cold-10000-005914-fb060721,1784800232792,1784800232801,202,9.000,cold
5912,exp-cold-10000-005916-94ca18a4,1784800232792,1784800232801,202,9.000,cold
5913,exp-cold-10000-005924-cd3129a8,1784800232792,1784800232801,202,9.000,cold
5914,exp-cold-10000-005917-2d4ba390,1784800232792,1784800232801,202,9.000,cold
5915,exp-cold-10000-005940-f061d30c,1784800232792,1784800232802,202,10.000,cold
5916,exp-cold-10000-005975-7eed29fc,1784800232792,1784800232804,202,12.000,cold
5917,exp-cold-10000-005993-14aceb3c,1784800232792,1784800232805,202,13.000,cold
5918,exp-cold-10000-006009-c7947e11,1784800232792,1784800232806,202,14.000,cold
5919,exp-cold-10000-005798-7c515d6e,1784800232793,1784800232794,202,1.000,cold
5920,exp-cold-10000-005846-8cbf682f,1784800232793,1784800232796,202,3.000,cold
5921,exp-cold-10000-005874-2bdd6da9,1784800232793,1784800232797,202,4.000,cold
5922,exp-cold-10000-005935-d49d8d1b,1784800232793,1784800232802,202,9.000,cold
5923,exp-cold-10000-005936-b8e9696b,1784800232793,1784800232802,202,9.000,cold
5924,exp-cold-10000-005937-1fb8d770,1784800232793,1784800232802,202,9.000,cold
5925,exp-cold-10000-005942-941db7da,1784800232793,1784800232802,202,9.000,cold
5926,exp-cold-10000-005983-2348dcaf,1784800232793,1784800232805,202,12.000,cold
5927,exp-cold-10000-005819-d2fec8da,1784800232794,1784800232795,202,1.000,cold
5928,exp-cold-10000-005810-64529ea0,1784800232794,1784800232795,202,1.000,cold
5929,exp-cold-10000-005832-330259a5,1784800232794,1784800232795,202,1.000,cold
5930,exp-cold-10000-005831-0a5ced34,1784800232794,1784800232795,202,1.000,cold
5931,exp-cold-10000-005847-e533cec8,1784800232794,1784800232796,202,2.000,cold
5932,exp-cold-10000-005877-4fd9e539,1784800232794,1784800232798,202,4.000,cold
5933,exp-cold-10000-005899-d2bca58d,1784800232794,1784800232799,202,5.000,cold
5934,exp-cold-10000-005902-74c957dd,1784800232794,1784800232799,202,5.000,cold
5935,exp-cold-10000-005962-4df34128,1784800232794,1784800232803,202,9.000,cold
5936,exp-cold-10000-005965-316d3474,1784800232794,1784800232803,202,9.000,cold
5937,exp-cold-10000-005977-b0db3303,1784800232794,1784800232805,202,11.000,cold
5938,exp-cold-10000-006020-b7b617aa,1784800232794,1784800232807,202,13.000,cold
5939,exp-cold-10000-005835-ae683258,1784800232795,1784800232796,202,1.000,cold
5940,exp-cold-10000-005843-f9c8ab93,1784800232795,1784800232796,202,1.000,cold
5941,exp-cold-10000-005848-2733cd99,1784800232795,1784800232796,202,1.000,cold
5942,exp-cold-10000-005854-0214314d,1784800232795,1784800232796,202,1.000,cold
5943,exp-cold-10000-005855-7ef63497,1784800232795,1784800232796,202,1.000,cold
5944,exp-cold-10000-005856-f366d119,1784800232795,1784800232796,202,1.000,cold
5945,exp-cold-10000-005873-8b9ef27d,1784800232795,1784800232797,202,2.000,cold
5946,exp-cold-10000-005875-0e124968,1784800232795,1784800232798,202,3.000,cold
5947,exp-cold-10000-005950-e235efd9,1784800232795,1784800232803,202,8.000,cold
5948,exp-cold-10000-005957-14f0d989,1784800232795,1784800232803,202,8.000,cold
5949,exp-cold-10000-005959-2b62b491,1784800232795,1784800232803,202,8.000,cold
5950,exp-cold-10000-005956-4314d0c8,1784800232795,1784800232803,202,8.000,cold
5951,exp-cold-10000-005955-f77a2f91,1784800232795,1784800232803,202,8.000,cold
5952,exp-cold-10000-006028-4ef7a36b,1784800232795,1784800232807,202,12.000,cold
5953,exp-cold-10000-005888-1c8a1304,1784800232796,1784800232798,202,2.000,cold
5954,exp-cold-10000-005883-d3bb00c2,1784800232796,1784800232798,202,2.000,cold
5955,exp-cold-10000-005904-fbb9dbb5,1784800232796,1784800232800,202,4.000,cold
5956,exp-cold-10000-005911-244341b7,1784800232796,1784800232800,202,4.000,cold
5957,exp-cold-10000-005906-311cd1f8,1784800232796,1784800232800,202,4.000,cold
5958,exp-cold-10000-005922-1e1a23d7,1784800232796,1784800232801,202,5.000,cold
5959,exp-cold-10000-005921-97f94b2e,1784800232796,1784800232801,202,5.000,cold
5960,exp-cold-10000-005918-9d37f449,1784800232796,1784800232801,202,5.000,cold
5961,exp-cold-10000-005987-4924853f,1784800232796,1784800232805,202,9.000,cold
5962,exp-cold-10000-005990-5ee09491,1784800232796,1784800232805,202,9.000,cold
5963,exp-cold-10000-006054-7af561c2,1784800232796,1784800232811,202,15.000,cold
5964,exp-cold-10000-005886-9306cb9d,1784800232797,1784800232798,202,1.000,cold
5965,exp-cold-10000-005885-ee897505,1784800232797,1784800232798,202,1.000,cold
5966,exp-cold-10000-005896-6eed9f7a,1784800232797,1784800232799,202,2.000,cold
5967,exp-cold-10000-005890-2f549e7d,1784800232797,1784800232799,202,2.000,cold
5968,exp-cold-10000-005891-1122b74e,1784800232797,1784800232799,202,2.000,cold
5969,exp-cold-10000-005905-60edf7f5,1784800232797,1784800232800,202,3.000,cold
5970,exp-cold-10000-005931-ea744225,1784800232797,1784800232802,202,5.000,cold
5971,exp-cold-10000-005930-d57e30ee,1784800232797,1784800232802,202,5.000,cold
5972,exp-cold-10000-005928-f51525db,1784800232797,1784800232802,202,5.000,cold
5973,exp-cold-10000-005948-a8a3ae87,1784800232797,1784800232803,202,6.000,cold
5974,exp-cold-10000-005985-5fca1781,1784800232797,1784800232805,202,8.000,cold
5975,exp-cold-10000-005986-5ce2a990,1784800232797,1784800232805,202,8.000,cold
5976,exp-cold-10000-005992-64c0b405,1784800232797,1784800232805,202,8.000,cold
5977,exp-cold-10000-005991-af0e1a18,1784800232797,1784800232805,202,8.000,cold
5978,exp-cold-10000-006003-ee2f4160,1784800232797,1784800232806,202,9.000,cold
5979,exp-cold-10000-006006-241e4596,1784800232797,1784800232806,202,9.000,cold
5980,exp-cold-10000-006036-d4cc7878,1784800232797,1784800232808,202,11.000,cold
5981,exp-cold-10000-006049-0ead45ee,1784800232797,1784800232810,202,13.000,cold
5982,exp-cold-10000-005892-9e729fd7,1784800232798,1784800232799,202,1.000,cold
5983,exp-cold-10000-005907-999184ff,1784800232798,1784800232800,202,2.000,cold
5984,exp-cold-10000-005926-b680b9fc,1784800232798,1784800232801,202,3.000,cold
5985,exp-cold-10000-006002-175f3010,1784800232798,1784800232806,202,8.000,cold
5986,exp-cold-10000-005997-dc61a344,1784800232798,1784800232806,202,8.000,cold
5987,exp-cold-10000-006019-d425efa0,1784800232798,1784800232807,202,9.000,cold
5988,exp-cold-10000-006011-937d0f29,1784800232798,1784800232807,202,9.000,cold
5989,exp-cold-10000-005901-f52b4330,1784800232799,1784800232800,202,1.000,cold
5990,exp-cold-10000-005915-17497317,1784800232799,1784800232801,202,2.000,cold
5991,exp-cold-10000-005973-48ce45cf,1784800232799,1784800232804,202,5.000,cold
5992,exp-cold-10000-005976-8fb8a433,1784800232799,1784800232804,202,5.000,cold
5993,exp-cold-10000-005980-ae9e547f,1784800232799,1784800232805,202,6.000,cold
5994,exp-cold-10000-005981-243cbdfb,1784800232799,1784800232805,202,6.000,cold
5995,exp-cold-10000-006004-fada8c60,1784800232799,1784800232806,202,7.000,cold
5996,exp-cold-10000-006017-008abfcc,1784800232799,1784800232807,202,8.000,cold
5997,exp-cold-10000-006012-fb1bce9b,1784800232799,1784800232807,202,8.000,cold
5998,exp-cold-10000-006021-2a5eb38a,1784800232799,1784800232807,202,8.000,cold
5999,exp-cold-10000-006042-07ceac21,1784800232799,1784800232808,202,9.000,cold
6000,exp-cold-10000-005920-acdfe87b,1784800232800,1784800232801,202,1.000,cold
6001,exp-cold-10000-005943-7d80b17f,1784800232800,1784800232802,202,2.000,cold
6002,exp-cold-10000-005945-4eff3381,1784800232800,1784800232802,202,2.000,cold
6003,exp-cold-10000-005934-67ef1dbc,1784800232800,1784800232802,202,2.000,cold
6004,exp-cold-10000-005946-c61fc0cb,1784800232800,1784800232802,202,2.000,cold
6005,exp-cold-10000-005952-9c512d7f,1784800232800,1784800232803,202,3.000,cold
6006,exp-cold-10000-005972-db9b1f9f,1784800232800,1784800232804,202,4.000,cold
6007,exp-cold-10000-005989-1b8805a2,1784800232800,1784800232805,202,5.000,cold
6008,exp-cold-10000-006014-1bd9802d,1784800232800,1784800232807,202,7.000,cold
6009,exp-cold-10000-006015-7ef126ea,1784800232800,1784800232807,202,7.000,cold
6010,exp-cold-10000-006013-a0e2f9e4,1784800232800,1784800232807,202,7.000,cold
6011,exp-cold-10000-006022-db687e3a,1784800232800,1784800232807,202,7.000,cold
6012,exp-cold-10000-006025-c63e41a2,1784800232800,1784800232807,202,7.000,cold
6013,exp-cold-10000-006029-b8dac7fe,1784800232800,1784800232807,202,7.000,cold
6014,exp-cold-10000-006067-4fe6e2e9,1784800232800,1784800232811,202,11.000,cold
6015,exp-cold-10000-005932-c7ce2a8f,1784800232801,1784800232802,202,1.000,cold
6016,exp-cold-10000-005939-6c2b3ec6,1784800232801,1784800232802,202,1.000,cold
6017,exp-cold-10000-005954-fdd06dba,1784800232801,1784800232803,202,2.000,cold
6018,exp-cold-10000-005941-f9d8733b,1784800232801,1784800232803,202,2.000,cold
6019,exp-cold-10000-005970-2173d035,1784800232801,1784800232804,202,3.000,cold
6020,exp-cold-10000-005995-443ae38d,1784800232801,1784800232805,202,4.000,cold
6021,exp-cold-10000-006033-c4f2c38d,1784800232801,1784800232808,202,7.000,cold
6022,exp-cold-10000-006034-8e7eebe0,1784800232801,1784800232808,202,7.000,cold
6023,exp-cold-10000-006078-81360542,1784800232801,1784800232813,202,12.000,cold
6024,exp-cold-10000-006088-b9415e09,1784800232801,1784800232813,202,12.000,cold
6025,exp-cold-10000-005958-d8ba573d,1784800232802,1784800232803,202,1.000,cold
6026,exp-cold-10000-005974-9ed4e8a8,1784800232802,1784800232804,202,2.000,cold
6027,exp-cold-10000-005998-f61cf7f2,1784800232802,1784800232806,202,4.000,cold
6028,exp-cold-10000-006045-b41ff2ae,1784800232802,1784800232808,202,6.000,cold
6029,exp-cold-10000-006031-2902825e,1784800232802,1784800232808,202,6.000,cold
6030,exp-cold-10000-006035-e61368e5,1784800232802,1784800232808,202,6.000,cold
6031,exp-cold-10000-006039-dee06468,1784800232802,1784800232808,202,6.000,cold
6032,exp-cold-10000-006046-f460dd63,1784800232802,1784800232808,202,6.000,cold
6033,exp-cold-10000-005969-2093bd3b,1784800232803,1784800232804,202,1.000,cold
6034,exp-cold-10000-005979-f87ca84d,1784800232803,1784800232804,202,1.000,cold
6035,exp-cold-10000-006008-cb9a99c4,1784800232803,1784800232806,202,3.000,cold
6036,exp-cold-10000-006026-e3c11114,1784800232803,1784800232807,202,4.000,cold
6037,exp-cold-10000-006061-125b7fdb,1784800232803,1784800232811,202,8.000,cold
6038,exp-cold-10000-006052-57e79dd6,1784800232803,1784800232811,202,8.000,cold
6039,exp-cold-10000-006094-d354d3e5,1784800232803,1784800232814,202,11.000,cold
6040,exp-cold-10000-006114-2e485601,1784800232803,1784800232815,202,12.000,cold
6041,exp-cold-10000-005996-1f17495c,1784800232804,1784800232805,202,1.000,cold
6042,exp-cold-10000-005999-11378f9b,1784800232804,1784800232806,202,2.000,cold
6043,exp-cold-10000-006032-38e31e3d,1784800232804,1784800232808,202,4.000,cold
6044,exp-cold-10000-006050-307b62c2,1784800232804,1784800232810,202,6.000,cold
6045,exp-cold-10000-006051-c0d7eb89,1784800232804,1784800232810,202,6.000,cold
6046,exp-cold-10000-006066-fc966576,1784800232804,1784800232811,202,7.000,cold
6047,exp-cold-10000-006073-3cd7edab,1784800232804,1784800232812,202,8.000,cold
6048,exp-cold-10000-006070-9c084207,1784800232804,1784800232812,202,8.000,cold
6049,exp-cold-10000-006074-2e271d9a,1784800232804,1784800232813,202,9.000,cold
6050,exp-cold-10000-006110-8a227933,1784800232804,1784800232815,202,11.000,cold
6051,exp-cold-10000-006116-4cb59b09,1784800232804,1784800232815,202,11.000,cold
6052,exp-cold-10000-006001-d6e9c03d,1784800232805,1784800232806,202,1.000,cold
6053,exp-cold-10000-006041-163c0604,1784800232805,1784800232808,202,3.000,cold
6054,exp-cold-10000-006059-ef0fd151,1784800232805,1784800232811,202,6.000,cold
6055,exp-cold-10000-006056-a631b2ff,1784800232805,1784800232811,202,6.000,cold
6056,exp-cold-10000-006063-2ac146aa,1784800232805,1784800232811,202,6.000,cold
6057,exp-cold-10000-006062-bacd1658,1784800232805,1784800232811,202,6.000,cold
6058,exp-cold-10000-006068-1c871e57,1784800232805,1784800232811,202,6.000,cold
6059,exp-cold-10000-006065-9547f930,1784800232805,1784800232811,202,6.000,cold
6060,exp-cold-10000-006018-8a206dfc,1784800232806,1784800232807,202,1.000,cold
6061,exp-cold-10000-006016-561473d1,1784800232806,1784800232807,202,1.000,cold
6062,exp-cold-10000-006024-a8b59775,1784800232806,1784800232807,202,1.000,cold
6063,exp-cold-10000-006023-6e94339b,1784800232806,1784800232807,202,1.000,cold
6064,exp-cold-10000-006027-7e40d057,1784800232806,1784800232807,202,1.000,cold
6065,exp-cold-10000-006053-5f3c009c,1784800232806,1784800232811,202,5.000,cold
6066,exp-cold-10000-006072-8467020b,1784800232806,1784800232812,202,6.000,cold
6067,exp-cold-10000-006120-2c5add70,1784800232806,1784800232815,202,9.000,cold
6068,exp-cold-10000-006129-a28067a0,1784800232806,1784800232817,202,11.000,cold
6069,exp-cold-10000-006030-109cee2f,1784800232807,1784800232808,202,1.000,cold
6070,exp-cold-10000-006038-eb6857c6,1784800232807,1784800232808,202,1.000,cold
6071,exp-cold-10000-006040-2727eb29,1784800232807,1784800232808,202,1.000,cold
6072,exp-cold-10000-006044-f8aba7cf,1784800232807,1784800232808,202,1.000,cold
6073,exp-cold-10000-006037-6da21a3d,1784800232807,1784800232808,202,1.000,cold
6074,exp-cold-10000-006069-f86cbc74,1784800232807,1784800232812,202,5.000,cold
6075,exp-cold-10000-006071-633810fd,1784800232807,1784800232812,202,5.000,cold
6076,exp-cold-10000-006075-f6e84dae,1784800232807,1784800232812,202,5.000,cold
6077,exp-cold-10000-006060-aaf77bdc,1784800232807,1784800232812,202,5.000,cold
6078,exp-cold-10000-006082-9f9a8141,1784800232807,1784800232813,202,6.000,cold
6079,exp-cold-10000-006083-41fcf36a,1784800232807,1784800232813,202,6.000,cold
6080,exp-cold-10000-006079-125e2d41,1784800232807,1784800232813,202,6.000,cold
6081,exp-cold-10000-006080-fd0c6cad,1784800232807,1784800232813,202,6.000,cold
6082,exp-cold-10000-006099-2e7ed960,1784800232807,1784800232814,202,7.000,cold
6083,exp-cold-10000-006100-345936bc,1784800232807,1784800232814,202,7.000,cold
6084,exp-cold-10000-006113-3be64162,1784800232807,1784800232815,202,8.000,cold
6085,exp-cold-10000-006131-0fad597a,1784800232807,1784800232817,202,10.000,cold
6086,exp-cold-10000-006155-9bc42ecc,1784800232807,1784800232818,202,11.000,cold
6087,exp-cold-10000-006043-925385eb,1784800232808,1784800232809,202,1.000,cold
6088,exp-cold-10000-006057-ecda7148,1784800232808,1784800232811,202,3.000,cold
6089,exp-cold-10000-006086-dc34c90d,1784800232808,1784800232813,202,5.000,cold
6090,exp-cold-10000-006085-44dadd7a,1784800232808,1784800232813,202,5.000,cold
6091,exp-cold-10000-006089-cf6635a2,1784800232808,1784800232813,202,5.000,cold
6092,exp-cold-10000-006092-8823de8d,1784800232808,1784800232813,202,5.000,cold
6093,exp-cold-10000-006076-6bf67936,1784800232808,1784800232813,202,5.000,cold
6094,exp-cold-10000-006087-40b9945e,1784800232808,1784800232813,202,5.000,cold
6095,exp-cold-10000-006103-f1ed153e,1784800232808,1784800232814,202,6.000,cold
6096,exp-cold-10000-006121-f1585514,1784800232808,1784800232816,202,8.000,cold
6097,exp-cold-10000-006149-db1cade3,1784800232808,1784800232818,202,10.000,cold
6098,exp-cold-10000-006047-79ac1e26,1784800232809,1784800232809,202,0.000,cold
6099,exp-cold-10000-006055-11482ebe,1784800232809,1784800232811,202,2.000,cold
6100,exp-cold-10000-006064-d8404047,1784800232809,1784800232811,202,2.000,cold
6101,exp-cold-10000-006096-4df8a386,1784800232809,1784800232814,202,5.000,cold
6102,exp-cold-10000-006095-db9d401c,1784800232809,1784800232814,202,5.000,cold
6103,exp-cold-10000-006133-1c8ea845,1784800232809,1784800232817,202,8.000,cold
6104,exp-cold-10000-006151-2cbcc3aa,1784800232809,1784800232818,202,9.000,cold
6105,exp-cold-10000-006058-167bc647,1784800232810,1784800232811,202,1.000,cold
6106,exp-cold-10000-006097-7b76a7a1,1784800232810,1784800232814,202,4.000,cold
6107,exp-cold-10000-006101-cba10000,1784800232810,1784800232814,202,4.000,cold
6108,exp-cold-10000-006125-f65435f6,1784800232810,1784800232816,202,6.000,cold
6109,exp-cold-10000-006134-dc177339,1784800232810,1784800232817,202,7.000,cold
6110,exp-cold-10000-006168-9e4730ac,1784800232810,1784800232819,202,9.000,cold
6111,exp-cold-10000-006084-20391ff3,1784800232811,1784800232813,202,2.000,cold
6112,exp-cold-10000-006090-5988534f,1784800232811,1784800232813,202,2.000,cold
6113,exp-cold-10000-006111-7426e7e5,1784800232811,1784800232815,202,4.000,cold
6114,exp-cold-10000-006106-b6833897,1784800232811,1784800232815,202,4.000,cold
6115,exp-cold-10000-006117-ec5b41e3,1784800232811,1784800232815,202,4.000,cold
6116,exp-cold-10000-006109-3b076ee3,1784800232811,1784800232815,202,4.000,cold
6117,exp-cold-10000-006112-3920bb47,1784800232811,1784800232815,202,4.000,cold
6118,exp-cold-10000-006118-481ce758,1784800232811,1784800232815,202,4.000,cold
6119,exp-cold-10000-006128-0b4ddd0e,1784800232811,1784800232816,202,5.000,cold
6120,exp-cold-10000-006127-287d0623,1784800232811,1784800232816,202,5.000,cold
6121,exp-cold-10000-006171-e2beeac4,1784800232811,1784800232820,202,9.000,cold
6122,exp-cold-10000-006077-1f1f2f7d,1784800232812,1784800232813,202,1.000,cold
6123,exp-cold-10000-006081-5b9d12c2,1784800232812,1784800232813,202,1.000,cold
6124,exp-cold-10000-006091-9e446172,1784800232812,1784800232814,202,2.000,cold
6125,exp-cold-10000-006098-0762aba7,1784800232812,1784800232814,202,2.000,cold
6126,exp-cold-10000-006119-6a623b58,1784800232812,1784800232815,202,3.000,cold
6127,exp-cold-10000-006124-92a120c2,1784800232812,1784800232816,202,4.000,cold
6128,exp-cold-10000-006093-8d8f0723,1784800232813,1784800232814,202,1.000,cold
6129,exp-cold-10000-006102-c0091702,1784800232813,1784800232814,202,1.000,cold
6130,exp-cold-10000-006104-45f2979a,1784800232813,1784800232814,202,1.000,cold
6131,exp-cold-10000-006107-5812bd56,1784800232813,1784800232815,202,2.000,cold
6132,exp-cold-10000-006108-52c5d25a,1784800232813,1784800232815,202,2.000,cold
6133,exp-cold-10000-006115-2589bf77,1784800232813,1784800232815,202,2.000,cold
6134,exp-cold-10000-006123-07677252,1784800232813,1784800232816,202,3.000,cold
6135,exp-cold-10000-006165-0c1d9e4b,1784800232813,1784800232819,202,6.000,cold
6136,exp-cold-10000-006105-70bef2d2,1784800232814,1784800232815,202,1.000,cold
6137,exp-cold-10000-006126-c7213663,1784800232814,1784800232816,202,2.000,cold
6138,exp-cold-10000-006122-5f05a2a4,1784800232814,1784800232816,202,2.000,cold
6139,exp-cold-10000-006132-9da06c19,1784800232814,1784800232817,202,3.000,cold
6140,exp-cold-10000-006135-42d82354,1784800232814,1784800232817,202,3.000,cold
6141,exp-cold-10000-006137-f9ed09b8,1784800232814,1784800232817,202,3.000,cold
6142,exp-cold-10000-006136-c19931ae,1784800232814,1784800232817,202,3.000,cold
6143,exp-cold-10000-006130-31706b56,1784800232814,1784800232817,202,3.000,cold
6144,exp-cold-10000-006153-5cb49db5,1784800232814,1784800232818,202,4.000,cold
6145,exp-cold-10000-006166-e03d4823,1784800232814,1784800232819,202,5.000,cold
6146,exp-cold-10000-006167-caeadbab,1784800232814,1784800232819,202,5.000,cold
6147,exp-cold-10000-006139-bd77833c,1784800232815,1784800232817,202,2.000,cold
6148,exp-cold-10000-006143-6d00b8a6,1784800232815,1784800232818,202,3.000,cold
6149,exp-cold-10000-006145-82674ba9,1784800232815,1784800232818,202,3.000,cold
6150,exp-cold-10000-006142-8fedcaa3,1784800232815,1784800232818,202,3.000,cold
6151,exp-cold-10000-006152-d6f6cf23,1784800232815,1784800232818,202,3.000,cold
6152,exp-cold-10000-006154-31585452,1784800232815,1784800232818,202,3.000,cold
6153,exp-cold-10000-006156-a3c777c9,1784800232815,1784800232818,202,3.000,cold
6154,exp-cold-10000-006150-dda6a867,1784800232815,1784800232818,202,3.000,cold
6155,exp-cold-10000-006169-c0a6b166,1784800232815,1784800232819,202,4.000,cold
6156,exp-cold-10000-006173-08430bc0,1784800232815,1784800232819,202,4.000,cold
6157,exp-cold-10000-006182-8f2a414b,1784800232815,1784800232820,202,5.000,cold
6158,exp-cold-10000-006184-dcf2d201,1784800232815,1784800232820,202,5.000,cold
6159,exp-cold-10000-006138-c61b435d,1784800232816,1784800232817,202,1.000,cold
6160,exp-cold-10000-006140-8a12fffe,1784800232816,1784800232817,202,1.000,cold
6161,exp-cold-10000-006141-d5dab6d9,1784800232816,1784800232817,202,1.000,cold
6162,exp-cold-10000-006144-115edb70,1784800232816,1784800232818,202,2.000,cold
6163,exp-cold-10000-006160-a731b3a5,1784800232816,1784800232819,202,3.000,cold
6164,exp-cold-10000-006161-2f658ddf,1784800232816,1784800232819,202,3.000,cold
6165,exp-cold-10000-006164-006d3d21,1784800232816,1784800232819,202,3.000,cold
6166,exp-cold-10000-006170-beeb25a9,1784800232816,1784800232819,202,3.000,cold
6167,exp-cold-10000-006159-ebc0716c,1784800232816,1784800232819,202,3.000,cold
6168,exp-cold-10000-006178-908c544a,1784800232816,1784800232820,202,4.000,cold
6169,exp-cold-10000-006203-3642f85f,1784800232816,1784800232822,202,6.000,cold
6170,exp-cold-10000-006146-d6c20cf6,1784800232817,1784800232818,202,1.000,cold
6171,exp-cold-10000-006147-dbc23138,1784800232817,1784800232818,202,1.000,cold
6172,exp-cold-10000-006148-71153d5e,1784800232817,1784800232818,202,1.000,cold
6173,exp-cold-10000-006163-802efcbb,1784800232817,1784800232819,202,2.000,cold
6174,exp-cold-10000-006158-9118cb58,1784800232817,1784800232819,202,2.000,cold
6175,exp-cold-10000-006157-e3988998,1784800232817,1784800232819,202,2.000,cold
6176,exp-cold-10000-006180-7c9cfe91,1784800232817,1784800232820,202,3.000,cold
6177,exp-cold-10000-006174-55438ec3,1784800232817,1784800232820,202,3.000,cold
6178,exp-cold-10000-006177-30fdf0bc,1784800232817,1784800232820,202,3.000,cold
6179,exp-cold-10000-006181-8e4abffa,1784800232817,1784800232820,202,3.000,cold
6180,exp-cold-10000-006190-883ce5f3,1784800232817,1784800232821,202,4.000,cold
6181,exp-cold-10000-006201-b5487194,1784800232817,1784800232822,202,5.000,cold
6182,exp-cold-10000-006162-6b38e9f7,1784800232818,1784800232819,202,1.000,cold
6183,exp-cold-10000-006172-6798db5e,1784800232818,1784800232820,202,2.000,cold
6184,exp-cold-10000-006176-f3c472e8,1784800232818,1784800232820,202,2.000,cold
6185,exp-cold-10000-006175-3aab91d0,1784800232818,1784800232820,202,2.000,cold
6186,exp-cold-10000-006179-836bbc2a,1784800232818,1784800232820,202,2.000,cold
6187,exp-cold-10000-006183-7399177d,1784800232818,1784800232820,202,2.000,cold
6188,exp-cold-10000-006187-47f6539b,1784800232818,1784800232821,202,3.000,cold
6189,exp-cold-10000-006186-8ab2d0e2,1784800232818,1784800232821,202,3.000,cold
6190,exp-cold-10000-006193-258876b5,1784800232818,1784800232821,202,3.000,cold
6191,exp-cold-10000-006185-22c5b4a5,1784800232818,1784800232821,202,3.000,cold
6192,exp-cold-10000-006192-98e928a5,1784800232818,1784800232821,202,3.000,cold
6193,exp-cold-10000-006194-809741da,1784800232818,1784800232821,202,3.000,cold
6194,exp-cold-10000-006191-ae057e2c,1784800232818,1784800232821,202,3.000,cold
6195,exp-cold-10000-006210-fc2e6449,1784800232818,1784800232822,202,4.000,cold
6196,exp-cold-10000-006220-6956f980,1784800232818,1784800232823,202,5.000,cold
6197,exp-cold-10000-006202-6d117265,1784800232819,1784800232822,202,3.000,cold
6198,exp-cold-10000-006196-4eb189d8,1784800232819,1784800232822,202,3.000,cold
6199,exp-cold-10000-006240-dd681278,1784800232819,1784800232825,202,6.000,cold
6200,exp-cold-10000-006188-ab1647ea,1784800232820,1784800232821,202,1.000,cold
6201,exp-cold-10000-006189-0f3b79b2,1784800232820,1784800232821,202,1.000,cold
6202,exp-cold-10000-006208-1fcc9291,1784800232820,1784800232822,202,2.000,cold
6203,exp-cold-10000-006197-348968c7,1784800232820,1784800232822,202,2.000,cold
6204,exp-cold-10000-006195-b758b88b,1784800232820,1784800232822,202,2.000,cold
6205,exp-cold-10000-006199-de268e1e,1784800232820,1784800232822,202,2.000,cold
6206,exp-cold-10000-006204-e7496f1c,1784800232820,1784800232822,202,2.000,cold
6207,exp-cold-10000-006198-5bdedbfb,1784800232820,1784800232822,202,2.000,cold
6208,exp-cold-10000-006206-d0e484fe,1784800232820,1784800232822,202,2.000,cold
6209,exp-cold-10000-006223-580649a6,1784800232820,1784800232823,202,3.000,cold
6210,exp-cold-10000-006207-b9bb04be,1784800232820,1784800232823,202,3.000,cold
6211,exp-cold-10000-006200-5e687510,1784800232821,1784800232822,202,1.000,cold
6212,exp-cold-10000-006205-4c14f8fc,1784800232821,1784800232822,202,1.000,cold
6213,exp-cold-10000-006209-2ee5e411,1784800232821,1784800232822,202,1.000,cold
6214,exp-cold-10000-006216-6a825f40,1784800232821,1784800232823,202,2.000,cold
6215,exp-cold-10000-006218-a754626a,1784800232821,1784800232823,202,2.000,cold
6216,exp-cold-10000-006219-5243b0c4,1784800232821,1784800232823,202,2.000,cold
6217,exp-cold-10000-006221-45b6683c,1784800232821,1784800232823,202,2.000,cold
6218,exp-cold-10000-006222-6d8dcfb2,1784800232821,1784800232823,202,2.000,cold
6219,exp-cold-10000-006224-e42cbc77,1784800232821,1784800232823,202,2.000,cold
6220,exp-cold-10000-006228-41b49dc0,1784800232821,1784800232824,202,3.000,cold
6221,exp-cold-10000-006237-bbd3b934,1784800232821,1784800232825,202,4.000,cold
6222,exp-cold-10000-006252-ce0fa9f6,1784800232821,1784800232825,202,4.000,cold
6223,exp-cold-10000-006248-136b9ef5,1784800232821,1784800232825,202,4.000,cold
6224,exp-cold-10000-006211-36b3a452,1784800232822,1784800232823,202,1.000,cold
6225,exp-cold-10000-006215-c7e0bed9,1784800232822,1784800232823,202,1.000,cold
6226,exp-cold-10000-006213-5685bb40,1784800232822,1784800232823,202,1.000,cold
6227,exp-cold-10000-006212-7fae7ad2,1784800232822,1784800232823,202,1.000,cold
6228,exp-cold-10000-006214-beb39648,1784800232822,1784800232823,202,1.000,cold
6229,exp-cold-10000-006233-65771db9,1784800232822,1784800232824,202,2.000,cold
6230,exp-cold-10000-006226-9073aca8,1784800232822,1784800232824,202,2.000,cold
6231,exp-cold-10000-006231-0c718b61,1784800232822,1784800232824,202,2.000,cold
6232,exp-cold-10000-006217-c8c269e9,1784800232822,1784800232824,202,2.000,cold
6233,exp-cold-10000-006235-c1ca8e96,1784800232822,1784800232824,202,2.000,cold
6234,exp-cold-10000-006225-fa51083d,1784800232822,1784800232824,202,2.000,cold
6235,exp-cold-10000-006232-a7516703,1784800232822,1784800232824,202,2.000,cold
6236,exp-cold-10000-006238-e7ae200b,1784800232822,1784800232824,202,2.000,cold
6237,exp-cold-10000-006236-4a62f33e,1784800232822,1784800232824,202,2.000,cold
6238,exp-cold-10000-006239-8d4b0709,1784800232822,1784800232825,202,3.000,cold
6239,exp-cold-10000-006257-6580ce62,1784800232822,1784800232826,202,4.000,cold
6240,exp-cold-10000-006229-d7664239,1784800232823,1784800232824,202,1.000,cold
6241,exp-cold-10000-006230-7fa3c134,1784800232823,1784800232824,202,1.000,cold
6242,exp-cold-10000-006234-f94520a0,1784800232823,1784800232824,202,1.000,cold
6243,exp-cold-10000-006227-3786cd02,1784800232823,1784800232824,202,1.000,cold
6244,exp-cold-10000-006250-54c66b1b,1784800232823,1784800232825,202,2.000,cold
6245,exp-cold-10000-006258-07bb14ee,1784800232823,1784800232826,202,3.000,cold
6246,exp-cold-10000-006259-f6f1e104,1784800232823,1784800232826,202,3.000,cold
6247,exp-cold-10000-006245-c38b183b,1784800232824,1784800232825,202,1.000,cold
6248,exp-cold-10000-006243-85c2a707,1784800232824,1784800232825,202,1.000,cold
6249,exp-cold-10000-006249-db3487c0,1784800232824,1784800232825,202,1.000,cold
6250,exp-cold-10000-006242-6c8f4a19,1784800232824,1784800232825,202,1.000,cold
6251,exp-cold-10000-006247-bb32706f,1784800232824,1784800232825,202,1.000,cold
6252,exp-cold-10000-006244-2be0dc62,1784800232824,1784800232825,202,1.000,cold
6253,exp-cold-10000-006246-bdf2a1cd,1784800232824,1784800232825,202,1.000,cold
6254,exp-cold-10000-006241-440280a1,1784800232824,1784800232825,202,1.000,cold
6255,exp-cold-10000-006270-801e3709,1784800232824,1784800232827,202,3.000,cold
6256,exp-cold-10000-006254-b509ef35,1784800232825,1784800232826,202,1.000,cold
6257,exp-cold-10000-006256-ee96bbce,1784800232825,1784800232826,202,1.000,cold
6258,exp-cold-10000-006253-01d832d4,1784800232825,1784800232826,202,1.000,cold
6259,exp-cold-10000-006255-ad239192,1784800232825,1784800232826,202,1.000,cold
6260,exp-cold-10000-006260-fdff88c9,1784800232825,1784800232826,202,1.000,cold
6261,exp-cold-10000-006262-08c5da21,1784800232825,1784800232826,202,1.000,cold
6262,exp-cold-10000-006261-43c56102,1784800232825,1784800232826,202,1.000,cold
6263,exp-cold-10000-006263-82724959,1784800232825,1784800232826,202,1.000,cold
6264,exp-cold-10000-006251-082ccde5,1784800232825,1784800232826,202,1.000,cold
6265,exp-cold-10000-006269-73202edc,1784800232825,1784800232827,202,2.000,cold
6266,exp-cold-10000-006272-4191d06e,1784800232825,1784800232827,202,2.000,cold
6267,exp-cold-10000-006268-d686cd63,1784800232826,1784800232827,202,1.000,cold
6268,exp-cold-10000-006267-15ffc7e5,1784800232826,1784800232827,202,1.000,cold
6269,exp-cold-10000-006266-a7cbcbc5,1784800232826,1784800232827,202,1.000,cold
6270,exp-cold-10000-006273-841a4769,1784800232826,1784800232827,202,1.000,cold
6271,exp-cold-10000-006265-2b8f480b,1784800232826,1784800232827,202,1.000,cold
6272,exp-cold-10000-006271-e88619c5,1784800232826,1784800232827,202,1.000,cold
6273,exp-cold-10000-006264-91e4e62c,1784800232826,1784800232827,202,1.000,cold
6274,exp-cold-10000-006372-c92eeeae,1784800232826,1784800232834,202,8.000,cold
6275,exp-cold-10000-006379-3e75fec0,1784800232826,1784800232834,202,8.000,cold
6276,exp-cold-10000-006283-a281dae3,1784800232827,1784800232828,202,1.000,cold
6277,exp-cold-10000-006284-db3c5701,1784800232827,1784800232828,202,1.000,cold
6278,exp-cold-10000-006278-75728a63,1784800232827,1784800232828,202,1.000,cold
6279,exp-cold-10000-006285-ed8ea6d7,1784800232827,1784800232828,202,1.000,cold
6280,exp-cold-10000-006280-9e8105c5,1784800232827,1784800232828,202,1.000,cold
6281,exp-cold-10000-006277-5e574fe0,1784800232827,1784800232828,202,1.000,cold
6282,exp-cold-10000-006286-3e82d3ec,1784800232827,1784800232828,202,1.000,cold
6283,exp-cold-10000-006274-634af0b6,1784800232827,1784800232828,202,1.000,cold
6284,exp-cold-10000-006281-289da2e5,1784800232827,1784800232828,202,1.000,cold
6285,exp-cold-10000-006367-40a73e76,1784800232827,1784800232834,202,7.000,cold
6286,exp-cold-10000-006276-b033f84a,1784800232828,1784800232828,202,0.000,cold
6287,exp-cold-10000-006275-acd90125,1784800232828,1784800232828,202,0.000,cold
6288,exp-cold-10000-006279-e3ac3086,1784800232828,1784800232828,202,0.000,cold
6289,exp-cold-10000-006282-270aeca0,1784800232828,1784800232828,202,0.000,cold
6290,exp-cold-10000-006287-9dabf7c6,1784800232828,1784800232829,202,1.000,cold
6291,exp-cold-10000-006288-a4ca538b,1784800232828,1784800232829,202,1.000,cold
6292,exp-cold-10000-006292-86f921ca,1784800232828,1784800232830,202,2.000,cold
6293,exp-cold-10000-006298-a140d6a8,1784800232828,1784800232830,202,2.000,cold
6294,exp-cold-10000-006359-bc82ffd2,1784800232828,1784800232834,202,6.000,cold
6295,exp-cold-10000-006378-50f7fdbe,1784800232828,1784800232834,202,6.000,cold
6296,exp-cold-10000-006294-68a78980,1784800232829,1784800232830,202,1.000,cold
6297,exp-cold-10000-006297-317eadfb,1784800232829,1784800232830,202,1.000,cold
6298,exp-cold-10000-006293-70e031e9,1784800232829,1784800232830,202,1.000,cold
6299,exp-cold-10000-006302-90f285df,1784800232829,1784800232830,202,1.000,cold
6300,exp-cold-10000-006296-1fcfcdf3,1784800232829,1784800232830,202,1.000,cold
6301,exp-cold-10000-006301-a882dc53,1784800232829,1784800232830,202,1.000,cold
6302,exp-cold-10000-006299-3b3b6f39,1784800232829,1784800232830,202,1.000,cold
6303,exp-cold-10000-006300-f6c80611,1784800232829,1784800232830,202,1.000,cold
6304,exp-cold-10000-006313-c92aa9f3,1784800232829,1784800232831,202,2.000,cold
6305,exp-cold-10000-006355-9191fccc,1784800232829,1784800232833,202,4.000,cold
6306,exp-cold-10000-006343-3a0e0165,1784800232829,1784800232833,202,4.000,cold
6307,exp-cold-10000-006350-36fb1741,1784800232829,1784800232833,202,4.000,cold
6308,exp-cold-10000-006351-b8d1c329,1784800232829,1784800232833,202,4.000,cold
6309,exp-cold-10000-006369-0eba9a0e,1784800232829,1784800232834,202,5.000,cold
6310,exp-cold-10000-006356-57284577,1784800232829,1784800232834,202,5.000,cold
6311,exp-cold-10000-006363-2af0f745,1784800232829,1784800232834,202,5.000,cold
6312,exp-cold-10000-006384-58810a6b,1784800232829,1784800232835,202,6.000,cold
6313,exp-cold-10000-006404-a1ee9539,1784800232829,1784800232836,202,7.000,cold
6314,exp-cold-10000-006435-ad89a7d7,1784800232829,1784800232838,202,9.000,cold
6315,exp-cold-10000-006291-4454e249,1784800232830,1784800232830,202,0.000,cold
6316,exp-cold-10000-006289-e7c21d99,1784800232830,1784800232830,202,0.000,cold
6317,exp-cold-10000-006290-5bb01db5,1784800232830,1784800232830,202,0.000,cold
6318,exp-cold-10000-006295-cc4472b3,1784800232830,1784800232830,202,0.000,cold
6319,exp-cold-10000-006310-b8d582b3,1784800232830,1784800232831,202,1.000,cold
6320,exp-cold-10000-006308-e4832d12,1784800232830,1784800232831,202,1.000,cold
6321,exp-cold-10000-006312-4cd0c418,1784800232830,1784800232831,202,1.000,cold
6322,exp-cold-10000-006311-236da684,1784800232830,1784800232831,202,1.000,cold
6323,exp-cold-10000-006305-5b822bca,1784800232830,1784800232831,202,1.000,cold
6324,exp-cold-10000-006306-b6b4ffbe,1784800232830,1784800232831,202,1.000,cold
6325,exp-cold-10000-006307-3efd0d70,1784800232830,1784800232831,202,1.000,cold
6326,exp-cold-10000-006303-49aaa96a,1784800232830,1784800232831,202,1.000,cold
6327,exp-cold-10000-006326-fcfd40c3,1784800232830,1784800232832,202,2.000,cold
6328,exp-cold-10000-006320-9a5ecdef,1784800232830,1784800232832,202,2.000,cold
6329,exp-cold-10000-006327-4b5e0e72,1784800232830,1784800232832,202,2.000,cold
6330,exp-cold-10000-006333-5cf87f53,1784800232830,1784800232833,202,3.000,cold
6331,exp-cold-10000-006329-e3d8d887,1784800232830,1784800232833,202,3.000,cold
6332,exp-cold-10000-006349-374b385e,1784800232830,1784800232833,202,3.000,cold
6333,exp-cold-10000-006390-b06b4b89,1784800232830,1784800232835,202,5.000,cold
6334,exp-cold-10000-006403-0d914647,1784800232830,1784800232836,202,6.000,cold
6335,exp-cold-10000-006461-cc112360,1784800232830,1784800232840,202,10.000,cold
6336,exp-cold-10000-006304-5fe96f77,1784800232831,1784800232831,202,0.000,cold
6337,exp-cold-10000-006309-bb8ed415,1784800232831,1784800232831,202,0.000,cold
6338,exp-cold-10000-006324-9109476b,1784800232831,1784800232832,202,1.000,cold
6339,exp-cold-10000-006323-885801f2,1784800232831,1784800232832,202,1.000,cold
6340,exp-cold-10000-006325-b995d1c2,1784800232831,1784800232832,202,1.000,cold
6341,exp-cold-10000-006331-8f34b50b,1784800232831,1784800232832,202,1.000,cold
6342,exp-cold-10000-006330-c81555b8,1784800232831,1784800232832,202,1.000,cold
6343,exp-cold-10000-006322-7b885f02,1784800232831,1784800232832,202,1.000,cold
6344,exp-cold-10000-006315-6adb3d10,1784800232831,1784800232832,202,1.000,cold
6345,exp-cold-10000-006352-296910cc,1784800232831,1784800232833,202,2.000,cold
6346,exp-cold-10000-006353-028d3101,1784800232831,1784800232833,202,2.000,cold
6347,exp-cold-10000-006338-0488070c,1784800232831,1784800232833,202,2.000,cold
6348,exp-cold-10000-006344-62526f5c,1784800232831,1784800232833,202,2.000,cold
6349,exp-cold-10000-006358-bd7d170a,1784800232831,1784800232834,202,3.000,cold
6350,exp-cold-10000-006361-9ed39fe3,1784800232831,1784800232834,202,3.000,cold
6351,exp-cold-10000-006357-14f09707,1784800232831,1784800232834,202,3.000,cold
6352,exp-cold-10000-006374-951d660e,1784800232831,1784800232834,202,3.000,cold
6353,exp-cold-10000-006373-6bcc86ff,1784800232831,1784800232834,202,3.000,cold
6354,exp-cold-10000-006360-801b5a23,1784800232831,1784800232834,202,3.000,cold
6355,exp-cold-10000-006377-6c281aa6,1784800232831,1784800232835,202,4.000,cold
6356,exp-cold-10000-006423-0de2b483,1784800232831,1784800232837,202,6.000,cold
6357,exp-cold-10000-006421-896c14dd,1784800232831,1784800232837,202,6.000,cold
6358,exp-cold-10000-006415-5f724b9d,1784800232831,1784800232837,202,6.000,cold
6359,exp-cold-10000-006457-c25cc4b5,1784800232831,1784800232840,202,9.000,cold
6360,exp-cold-10000-006314-9170f00d,1784800232832,1784800232832,202,0.000,cold
6361,exp-cold-10000-006319-c3ffb9fb,1784800232832,1784800232832,202,0.000,cold
6362,exp-cold-10000-006316-5b434cb0,1784800232832,1784800232832,202,0.000,cold
6363,exp-cold-10000-006318-732262fc,1784800232832,1784800232832,202,0.000,cold
6364,exp-cold-10000-006321-2fdbd235,1784800232832,1784800232832,202,0.000,cold
6365,exp-cold-10000-006317-9dcfd10b,1784800232832,1784800232832,202,0.000,cold
6366,exp-cold-10000-006335-88f9b71e,1784800232832,1784800232833,202,1.000,cold
6367,exp-cold-10000-006341-923ac2d0,1784800232832,1784800232833,202,1.000,cold
6368,exp-cold-10000-006342-746caf44,1784800232832,1784800232833,202,1.000,cold
6369,exp-cold-10000-006347-64ff170b,1784800232832,1784800232833,202,1.000,cold
6370,exp-cold-10000-006345-98104502,1784800232832,1784800232833,202,1.000,cold
6371,exp-cold-10000-006328-73f02a69,1784800232832,1784800232833,202,1.000,cold
6372,exp-cold-10000-006346-3eda1790,1784800232832,1784800232833,202,1.000,cold
6373,exp-cold-10000-006354-f7481383,1784800232832,1784800232833,202,1.000,cold
6374,exp-cold-10000-006340-bae8121d,1784800232832,1784800232833,202,1.000,cold
6375,exp-cold-10000-006348-9b7d6bd4,1784800232832,1784800232833,202,1.000,cold
6376,exp-cold-10000-006371-3a644fc2,1784800232832,1784800232834,202,2.000,cold
6377,exp-cold-10000-006365-58e4b100,1784800232832,1784800232834,202,2.000,cold
6378,exp-cold-10000-006388-098c23f2,1784800232832,1784800232835,202,3.000,cold
6379,exp-cold-10000-006385-6056c769,1784800232832,1784800232835,202,3.000,cold
6380,exp-cold-10000-006382-e76f0322,1784800232832,1784800232835,202,3.000,cold
6381,exp-cold-10000-006386-f6bb589a,1784800232832,1784800232835,202,3.000,cold
6382,exp-cold-10000-006392-c1c00043,1784800232832,1784800232835,202,3.000,cold
6383,exp-cold-10000-006442-b7dee582,1784800232832,1784800232839,202,7.000,cold
6384,exp-cold-10000-006459-8a941459,1784800232832,1784800232840,202,8.000,cold
6385,exp-cold-10000-006456-51e21b8b,1784800232832,1784800232840,202,8.000,cold
6386,exp-cold-10000-006332-3f74a801,1784800232833,1784800232833,202,0.000,cold
6387,exp-cold-10000-006336-0ba23ecd,1784800232833,1784800232833,202,0.000,cold
6388,exp-cold-10000-006334-16289991,1784800232833,1784800232833,202,0.000,cold
6389,exp-cold-10000-006337-71299b00,1784800232833,1784800232833,202,0.000,cold
6390,exp-cold-10000-006339-2fc18c8d,1784800232833,1784800232833,202,0.000,cold
6391,exp-cold-10000-006366-0b3431cf,1784800232833,1784800232834,202,1.000,cold
6392,exp-cold-10000-006364-f44de99f,1784800232833,1784800232834,202,1.000,cold
6393,exp-cold-10000-006362-9184097b,1784800232833,1784800232834,202,1.000,cold
6394,exp-cold-10000-006370-4ce6b6c1,1784800232833,1784800232834,202,1.000,cold
6395,exp-cold-10000-006368-43c1c714,1784800232833,1784800232834,202,1.000,cold
6396,exp-cold-10000-006375-3b4abadd,1784800232833,1784800232834,202,1.000,cold
6397,exp-cold-10000-006387-93b74bcf,1784800232833,1784800232835,202,2.000,cold
6398,exp-cold-10000-006383-17734a67,1784800232833,1784800232835,202,2.000,cold
6399,exp-cold-10000-006389-3f00c7ce,1784800232833,1784800232835,202,2.000,cold
6400,exp-cold-10000-006406-c3481c10,1784800232833,1784800232836,202,3.000,cold
6401,exp-cold-10000-006408-eeba85b5,1784800232833,1784800232836,202,3.000,cold
6402,exp-cold-10000-006405-bb92676d,1784800232833,1784800232836,202,3.000,cold
6403,exp-cold-10000-006400-9478a5c4,1784800232833,1784800232836,202,3.000,cold
6404,exp-cold-10000-006411-81c6a5df,1784800232833,1784800232837,202,4.000,cold
6405,exp-cold-10000-006433-6a12f12f,1784800232833,1784800232838,202,5.000,cold
6406,exp-cold-10000-006486-454ee624,1784800232833,1784800232842,202,9.000,cold
6407,exp-cold-10000-006381-83c32bd4,1784800232834,1784800232835,202,1.000,cold
6408,exp-cold-10000-006380-b5bdaf0b,1784800232834,1784800232835,202,1.000,cold
6409,exp-cold-10000-006376-45798abc,1784800232834,1784800232835,202,1.000,cold
6410,exp-cold-10000-006391-740a3bd9,1784800232834,1784800232835,202,1.000,cold
6411,exp-cold-10000-006409-4d5b9992,1784800232834,1784800232836,202,2.000,cold
6412,exp-cold-10000-006393-b6c0ada9,1784800232834,1784800232836,202,2.000,cold
6413,exp-cold-10000-006396-c0b10d7c,1784800232834,1784800232836,202,2.000,cold
6414,exp-cold-10000-006401-c4f4ffd3,1784800232834,1784800232836,202,2.000,cold
6415,exp-cold-10000-006394-ab16a4a5,1784800232834,1784800232836,202,2.000,cold
6416,exp-cold-10000-006417-0d31fd9f,1784800232834,1784800232837,202,3.000,cold
6417,exp-cold-10000-006416-a2b2a8c7,1784800232834,1784800232837,202,3.000,cold
6418,exp-cold-10000-006413-23fa5ee8,1784800232834,1784800232837,202,3.000,cold
6419,exp-cold-10000-006422-b62415da,1784800232834,1784800232837,202,3.000,cold
6420,exp-cold-10000-006424-58d9df13,1784800232834,1784800232837,202,3.000,cold
6421,exp-cold-10000-006436-951112c4,1784800232834,1784800232838,202,4.000,cold
6422,exp-cold-10000-006450-75947d66,1784800232834,1784800232839,202,5.000,cold
6423,exp-cold-10000-006499-be847890,1784800232834,1784800232843,202,9.000,cold
6424,exp-cold-10000-006397-9e83ffc4,1784800232835,1784800232836,202,1.000,cold
6425,exp-cold-10000-006399-2317a456,1784800232835,1784800232836,202,1.000,cold
6426,exp-cold-10000-006398-d73b6690,1784800232835,1784800232836,202,1.000,cold
6427,exp-cold-10000-006402-5e1818d0,1784800232835,1784800232836,202,1.000,cold
6428,exp-cold-10000-006407-bbd26f6a,1784800232835,1784800232836,202,1.000,cold
6429,exp-cold-10000-006410-d7c0e296,1784800232835,1784800232837,202,2.000,cold
6430,exp-cold-10000-006434-f20004fc,1784800232835,1784800232838,202,3.000,cold
6431,exp-cold-10000-006431-5d361671,1784800232835,1784800232838,202,3.000,cold
6432,exp-cold-10000-006438-9451786c,1784800232835,1784800232838,202,3.000,cold
6433,exp-cold-10000-006437-41c15251,1784800232835,1784800232838,202,3.000,cold
6434,exp-cold-10000-006425-23c762aa,1784800232835,1784800232838,202,3.000,cold
6435,exp-cold-10000-006439-5a5059aa,1784800232835,1784800232838,202,3.000,cold
6436,exp-cold-10000-006427-a78dba31,1784800232835,1784800232838,202,3.000,cold
6437,exp-cold-10000-006430-aaee8e73,1784800232835,1784800232838,202,3.000,cold
6438,exp-cold-10000-006445-80bafefe,1784800232835,1784800232839,202,4.000,cold
6439,exp-cold-10000-006493-dbf2f7e0,1784800232835,1784800232843,202,8.000,cold
6440,exp-cold-10000-006395-17606050,1784800232836,1784800232836,202,0.000,cold
6441,exp-cold-10000-006412-bf35813a,1784800232836,1784800232837,202,1.000,cold
6442,exp-cold-10000-006414-02f50dbc,1784800232836,1784800232837,202,1.000,cold
6443,exp-cold-10000-006418-f0f20ae9,1784800232836,1784800232837,202,1.000,cold
6444,exp-cold-10000-006420-811ef1b4,1784800232836,1784800232837,202,1.000,cold
6445,exp-cold-10000-006419-e5b98f3d,1784800232836,1784800232837,202,1.000,cold
6446,exp-cold-10000-006426-c3190873,1784800232836,1784800232838,202,2.000,cold
6447,exp-cold-10000-006441-33dada77,1784800232836,1784800232839,202,3.000,cold
6448,exp-cold-10000-006447-7e36e054,1784800232836,1784800232839,202,3.000,cold
6449,exp-cold-10000-006443-22102592,1784800232836,1784800232839,202,3.000,cold
6450,exp-cold-10000-006470-b597c0f2,1784800232836,1784800232841,202,5.000,cold
6451,exp-cold-10000-006429-4cf0b6c1,1784800232837,1784800232838,202,1.000,cold
6452,exp-cold-10000-006432-c825dc56,1784800232837,1784800232838,202,1.000,cold
6453,exp-cold-10000-006428-5af3d83a,1784800232837,1784800232838,202,1.000,cold
6454,exp-cold-10000-006444-747b559e,1784800232837,1784800232839,202,2.000,cold
6455,exp-cold-10000-006451-4184e715,1784800232837,1784800232839,202,2.000,cold
6456,exp-cold-10000-006458-7d872325,1784800232837,1784800232840,202,3.000,cold
6457,exp-cold-10000-006462-888c9f06,1784800232837,1784800232841,202,4.000,cold
6458,exp-cold-10000-006446-a36fe1f1,1784800232838,1784800232839,202,1.000,cold
6459,exp-cold-10000-006448-f15dcaa4,1784800232838,1784800232839,202,1.000,cold
6460,exp-cold-10000-006449-8a863328,1784800232838,1784800232839,202,1.000,cold
6461,exp-cold-10000-006440-f25e70bc,1784800232838,1784800232839,202,1.000,cold
6462,exp-cold-10000-006452-9536167b,1784800232838,1784800232839,202,1.000,cold
6463,exp-cold-10000-006453-539cb52f,1784800232838,1784800232839,202,1.000,cold
6464,exp-cold-10000-006454-0e1a86bd,1784800232838,1784800232839,202,1.000,cold
6465,exp-cold-10000-006466-6fa4077b,1784800232838,1784800232841,202,3.000,cold
6466,exp-cold-10000-006511-cfabd10c,1784800232838,1784800232844,202,6.000,cold
6467,exp-cold-10000-006520-dbf80471,1784800232838,1784800232845,202,7.000,cold
6468,exp-cold-10000-006522-b4c274cd,1784800232838,1784800232845,202,7.000,cold
6469,exp-cold-10000-006568-f9c31afa,1784800232838,1784800232847,202,9.000,cold
6470,exp-cold-10000-006460-1d505e71,1784800232839,1784800232840,202,1.000,cold
6471,exp-cold-10000-006455-1afc7269,1784800232839,1784800232840,202,1.000,cold
6472,exp-cold-10000-006474-50d4db5d,1784800232839,1784800232841,202,2.000,cold
6473,exp-cold-10000-006544-a37d4b8a,1784800232839,1784800232846,202,7.000,cold
6474,exp-cold-10000-006536-eb19d6a4,1784800232839,1784800232846,202,7.000,cold
6475,exp-cold-10000-006465-1cf18906,1784800232840,1784800232841,202,1.000,cold
6476,exp-cold-10000-006468-a565d243,1784800232840,1784800232841,202,1.000,cold
6477,exp-cold-10000-006469-62945d78,1784800232840,1784800232841,202,1.000,cold
6478,exp-cold-10000-006473-3d82be07,1784800232840,1784800232841,202,1.000,cold
6479,exp-cold-10000-006471-eb58a208,1784800232840,1784800232841,202,1.000,cold
6480,exp-cold-10000-006472-c5765a3f,1784800232840,1784800232841,202,1.000,cold
6481,exp-cold-10000-006475-ce123044,1784800232840,1784800232841,202,1.000,cold
6482,exp-cold-10000-006482-71548828,1784800232840,1784800232842,202,2.000,cold
6483,exp-cold-10000-006467-a68abd14,1784800232841,1784800232841,202,0.000,cold
6484,exp-cold-10000-006464-608de133,1784800232841,1784800232841,202,0.000,cold
6485,exp-cold-10000-006463-d2e46b60,1784800232841,1784800232842,202,1.000,cold
6486,exp-cold-10000-006485-39dc06ee,1784800232841,1784800232842,202,1.000,cold
6487,exp-cold-10000-006478-a0211ba3,1784800232841,1784800232842,202,1.000,cold
6488,exp-cold-10000-006483-6abc2bfa,1784800232841,1784800232842,202,1.000,cold
6489,exp-cold-10000-006476-d4727d14,1784800232841,1784800232842,202,1.000,cold
6490,exp-cold-10000-006484-cd496c2e,1784800232841,1784800232842,202,1.000,cold
6491,exp-cold-10000-006561-3cad205f,1784800232841,1784800232847,202,6.000,cold
6492,exp-cold-10000-006703-33b510f0,1784800232841,1784800232855,202,14.000,cold
6493,exp-cold-10000-006477-c36c68eb,1784800232842,1784800232842,202,0.000,cold
6494,exp-cold-10000-006479-8e4df8d6,1784800232842,1784800232842,202,0.000,cold
6495,exp-cold-10000-006481-43d823c4,1784800232842,1784800232842,202,0.000,cold
6496,exp-cold-10000-006480-c072dd7b,1784800232842,1784800232842,202,0.000,cold
6497,exp-cold-10000-006489-8c213912,1784800232842,1784800232843,202,1.000,cold
6498,exp-cold-10000-006495-8c07b066,1784800232842,1784800232843,202,1.000,cold
6499,exp-cold-10000-006496-700a8e95,1784800232842,1784800232843,202,1.000,cold
6500,exp-cold-10000-006488-34740cd6,1784800232842,1784800232843,202,1.000,cold
6501,exp-cold-10000-006501-43033f62,1784800232842,1784800232843,202,1.000,cold
6502,exp-cold-10000-006502-8edaebe9,1784800232842,1784800232843,202,1.000,cold
6503,exp-cold-10000-006492-63f8d373,1784800232842,1784800232843,202,1.000,cold
6504,exp-cold-10000-006500-531fa048,1784800232842,1784800232843,202,1.000,cold
6505,exp-cold-10000-006497-ca52ccb7,1784800232842,1784800232843,202,1.000,cold
6506,exp-cold-10000-006498-61dc8ff7,1784800232842,1784800232843,202,1.000,cold
6507,exp-cold-10000-006515-63c5ebcf,1784800232842,1784800232844,202,2.000,cold
6508,exp-cold-10000-006516-4fecc252,1784800232842,1784800232844,202,2.000,cold
6509,exp-cold-10000-006554-300c1ee5,1784800232842,1784800232847,202,5.000,cold
6510,exp-cold-10000-006487-443cec3a,1784800232843,1784800232843,202,0.000,cold
6511,exp-cold-10000-006490-4bfd8d23,1784800232843,1784800232843,202,0.000,cold
6512,exp-cold-10000-006494-e127cb7e,1784800232843,1784800232843,202,0.000,cold
6513,exp-cold-10000-006491-d313736b,1784800232843,1784800232843,202,0.000,cold
6514,exp-cold-10000-006512-f6cddc76,1784800232843,1784800232844,202,1.000,cold
6515,exp-cold-10000-006513-32f84bf9,1784800232843,1784800232844,202,1.000,cold
6516,exp-cold-10000-006510-002b7548,1784800232843,1784800232844,202,1.000,cold
6517,exp-cold-10000-006514-130dc326,1784800232843,1784800232844,202,1.000,cold
6518,exp-cold-10000-006503-bf66fa94,1784800232843,1784800232844,202,1.000,cold
6519,exp-cold-10000-006529-c1969a85,1784800232843,1784800232845,202,2.000,cold
6520,exp-cold-10000-006531-968151b8,1784800232843,1784800232845,202,2.000,cold
6521,exp-cold-10000-006583-8bb1cadd,1784800232843,1784800232848,202,5.000,cold
6522,exp-cold-10000-006504-0e00955a,1784800232844,1784800232844,202,0.000,cold
6523,exp-cold-10000-006506-34020e76,1784800232844,1784800232844,202,0.000,cold
6524,exp-cold-10000-006507-3f348c8e,1784800232844,1784800232844,202,0.000,cold
6525,exp-cold-10000-006505-d112a093,1784800232844,1784800232844,202,0.000,cold
6526,exp-cold-10000-006509-33bc5b64,1784800232844,1784800232844,202,0.000,cold
6527,exp-cold-10000-006508-1723d76d,1784800232844,1784800232844,202,0.000,cold
6528,exp-cold-10000-006528-8125891d,1784800232844,1784800232845,202,1.000,cold
6529,exp-cold-10000-006525-3092b6d1,1784800232844,1784800232845,202,1.000,cold
6530,exp-cold-10000-006524-d05c1ea7,1784800232844,1784800232845,202,1.000,cold
6531,exp-cold-10000-006533-2975e870,1784800232844,1784800232845,202,1.000,cold
6532,exp-cold-10000-006526-340e4121,1784800232844,1784800232845,202,1.000,cold
6533,exp-cold-10000-006527-96a5f6c4,1784800232844,1784800232845,202,1.000,cold
6534,exp-cold-10000-006534-ca064ef9,1784800232844,1784800232845,202,1.000,cold
6535,exp-cold-10000-006530-15d80e8f,1784800232844,1784800232845,202,1.000,cold
6536,exp-cold-10000-006535-9f88a2bc,1784800232844,1784800232845,202,1.000,cold
6537,exp-cold-10000-006532-73019d5e,1784800232844,1784800232845,202,1.000,cold
6538,exp-cold-10000-006551-349091e5,1784800232844,1784800232846,202,2.000,cold
6539,exp-cold-10000-006556-d6721da3,1784800232844,1784800232846,202,2.000,cold
6540,exp-cold-10000-006588-f45bf87f,1784800232844,1784800232849,202,5.000,cold
6541,exp-cold-10000-006715-08cbab33,1784800232844,1784800232855,202,11.000,cold
6542,exp-cold-10000-006709-0676a605,1784800232844,1784800232855,202,11.000,cold
6543,exp-cold-10000-006725-2abd3c35,1784800232844,1784800232856,202,12.000,cold
6544,exp-cold-10000-006519-b8bba885,1784800232845,1784800232845,202,0.000,cold
6545,exp-cold-10000-006521-f3e3c824,1784800232845,1784800232845,202,0.000,cold
6546,exp-cold-10000-006517-55b55249,1784800232845,1784800232845,202,0.000,cold
6547,exp-cold-10000-006523-b3e0baa9,1784800232845,1784800232845,202,0.000,cold
6548,exp-cold-10000-006518-bfb51fc0,1784800232845,1784800232845,202,0.000,cold
6549,exp-cold-10000-006537-987633c3,1784800232845,1784800232846,202,1.000,cold
6550,exp-cold-10000-006543-2b171f57,1784800232845,1784800232846,202,1.000,cold
6551,exp-cold-10000-006541-5f1b5e5e,1784800232845,1784800232846,202,1.000,cold
6552,exp-cold-10000-006539-fe302467,1784800232845,1784800232846,202,1.000,cold
6553,exp-cold-10000-006545-75b6b096,1784800232845,1784800232846,202,1.000,cold
6554,exp-cold-10000-006542-24a47cf0,1784800232845,1784800232846,202,1.000,cold
6555,exp-cold-10000-006548-c941d2d0,1784800232845,1784800232846,202,1.000,cold
6556,exp-cold-10000-006540-1756997b,1784800232845,1784800232846,202,1.000,cold
6557,exp-cold-10000-006547-6af1399d,1784800232845,1784800232846,202,1.000,cold
6558,exp-cold-10000-006552-2a118d3e,1784800232845,1784800232846,202,1.000,cold
6559,exp-cold-10000-006546-341e53f6,1784800232845,1784800232846,202,1.000,cold
6560,exp-cold-10000-006550-956633cf,1784800232845,1784800232846,202,1.000,cold
6561,exp-cold-10000-006555-7881de56,1784800232845,1784800232846,202,1.000,cold
6562,exp-cold-10000-006577-34bb609b,1784800232845,1784800232848,202,3.000,cold
6563,exp-cold-10000-006707-bd19fee2,1784800232845,1784800232855,202,10.000,cold
6564,exp-cold-10000-006733-6f9562a3,1784800232845,1784800232856,202,11.000,cold
6565,exp-cold-10000-006768-e0a03659,1784800232845,1784800232858,202,13.000,cold
6566,exp-cold-10000-006775-cf6b5977,1784800232845,1784800232858,202,13.000,cold
6567,exp-cold-10000-006787-6a2b651d,1784800232845,1784800232859,202,14.000,cold
6568,exp-cold-10000-006538-51d3b00e,1784800232846,1784800232846,202,0.000,cold
6569,exp-cold-10000-006553-d36e73a7,1784800232846,1784800232847,202,1.000,cold
6570,exp-cold-10000-006560-d69827e4,1784800232846,1784800232847,202,1.000,cold
6571,exp-cold-10000-006559-fb3202e8,1784800232846,1784800232847,202,1.000,cold
6572,exp-cold-10000-006562-eeeeb690,1784800232846,1784800232847,202,1.000,cold
6573,exp-cold-10000-006564-d6e3bac5,1784800232846,1784800232847,202,1.000,cold
6574,exp-cold-10000-006557-2fd6c347,1784800232846,1784800232847,202,1.000,cold
6575,exp-cold-10000-006565-2ffec741,1784800232846,1784800232847,202,1.000,cold
6576,exp-cold-10000-006567-d50d975e,1784800232846,1784800232847,202,1.000,cold
6577,exp-cold-10000-006549-653c3914,1784800232846,1784800232847,202,1.000,cold
6578,exp-cold-10000-006566-df86845a,1784800232846,1784800232847,202,1.000,cold
6579,exp-cold-10000-006569-5ea46dc7,1784800232846,1784800232847,202,1.000,cold
6580,exp-cold-10000-006570-0980f73b,1784800232846,1784800232847,202,1.000,cold
6581,exp-cold-10000-006571-4db92079,1784800232846,1784800232847,202,1.000,cold
6582,exp-cold-10000-006563-e31c9638,1784800232846,1784800232847,202,1.000,cold
6583,exp-cold-10000-006701-65c47d81,1784800232846,1784800232855,202,9.000,cold
6584,exp-cold-10000-006706-0d63eb5e,1784800232846,1784800232855,202,9.000,cold
6585,exp-cold-10000-006704-787c7584,1784800232846,1784800232855,202,9.000,cold
6586,exp-cold-10000-006708-4ef16ed3,1784800232846,1784800232855,202,9.000,cold
6587,exp-cold-10000-006714-f33e260e,1784800232846,1784800232855,202,9.000,cold
6588,exp-cold-10000-006705-ca9f870a,1784800232846,1784800232855,202,9.000,cold
6589,exp-cold-10000-006712-e0f2e121,1784800232846,1784800232855,202,9.000,cold
6590,exp-cold-10000-006722-12b933de,1784800232846,1784800232856,202,10.000,cold
6591,exp-cold-10000-006735-9bd09c1b,1784800232846,1784800232856,202,10.000,cold
6592,exp-cold-10000-006742-21d4f71d,1784800232846,1784800232857,202,11.000,cold
6593,exp-cold-10000-006753-32ca3079,1784800232846,1784800232857,202,11.000,cold
6594,exp-cold-10000-006773-63785d1d,1784800232846,1784800232858,202,12.000,cold
6595,exp-cold-10000-006772-64519f8f,1784800232846,1784800232858,202,12.000,cold
6596,exp-cold-10000-006558-64b52440,1784800232847,1784800232847,202,0.000,cold
6597,exp-cold-10000-006580-9271ca37,1784800232847,1784800232848,202,1.000,cold
6598,exp-cold-10000-006573-ac65699d,1784800232847,1784800232848,202,1.000,cold
6599,exp-cold-10000-006581-644c4fac,1784800232847,1784800232848,202,1.000,cold
6600,exp-cold-10000-006584-21367e05,1784800232847,1784800232848,202,1.000,cold
6601,exp-cold-10000-006582-0a4e6587,1784800232847,1784800232848,202,1.000,cold
6602,exp-cold-10000-006585-28827b0b,1784800232847,1784800232848,202,1.000,cold
6603,exp-cold-10000-006578-096dca4a,1784800232847,1784800232848,202,1.000,cold
6604,exp-cold-10000-006575-fcccc538,1784800232847,1784800232848,202,1.000,cold
6605,exp-cold-10000-006595-5dae70ff,1784800232847,1784800232849,202,2.000,cold
6606,exp-cold-10000-006732-7e16e21a,1784800232847,1784800232856,202,9.000,cold
6607,exp-cold-10000-006719-1cac4175,1784800232847,1784800232856,202,9.000,cold
6608,exp-cold-10000-006734-816166d0,1784800232847,1784800232856,202,9.000,cold
6609,exp-cold-10000-006730-0e62d6ca,1784800232847,1784800232856,202,9.000,cold
6610,exp-cold-10000-006747-24ad9d1b,1784800232847,1784800232857,202,10.000,cold
6611,exp-cold-10000-006738-080bfb6f,1784800232847,1784800232857,202,10.000,cold
6612,exp-cold-10000-006764-633509ee,1784800232847,1784800232858,202,11.000,cold
6613,exp-cold-10000-006771-fc381262,1784800232847,1784800232858,202,11.000,cold
6614,exp-cold-10000-006579-30475793,1784800232848,1784800232848,202,0.000,cold
6615,exp-cold-10000-006574-b957914f,1784800232848,1784800232848,202,0.000,cold
6616,exp-cold-10000-006576-1b7402c1,1784800232848,1784800232848,202,0.000,cold
6617,exp-cold-10000-006572-be68b186,1784800232848,1784800232848,202,0.000,cold
6618,exp-cold-10000-006594-2ea6dc9d,1784800232848,1784800232849,202,1.000,cold
6619,exp-cold-10000-006599-998dca51,1784800232848,1784800232849,202,1.000,cold
6620,exp-cold-10000-006598-a3d431da,1784800232848,1784800232849,202,1.000,cold
6621,exp-cold-10000-006601-f42eb876,1784800232848,1784800232849,202,1.000,cold
6622,exp-cold-10000-006603-34adac99,1784800232848,1784800232849,202,1.000,cold
6623,exp-cold-10000-006602-f64a1676,1784800232848,1784800232849,202,1.000,cold
6624,exp-cold-10000-006600-159e3d1f,1784800232848,1784800232849,202,1.000,cold
6625,exp-cold-10000-006592-d12e2b0c,1784800232848,1784800232849,202,1.000,cold
6626,exp-cold-10000-006597-c4ba5a42,1784800232848,1784800232849,202,1.000,cold
6627,exp-cold-10000-006612-07c04091,1784800232848,1784800232850,202,2.000,cold
6628,exp-cold-10000-006678-d43f70a8,1784800232848,1784800232853,202,5.000,cold
6629,exp-cold-10000-006717-212eefe8,1784800232848,1784800232856,202,8.000,cold
6630,exp-cold-10000-006770-49f446a4,1784800232848,1784800232858,202,10.000,cold
6631,exp-cold-10000-006784-d49f97e8,1784800232848,1784800232859,202,11.000,cold
6632,exp-cold-10000-006782-6aa6a0a8,1784800232848,1784800232859,202,11.000,cold
6633,exp-cold-10000-006803-115ca63d,1784800232848,1784800232860,202,12.000,cold
6634,exp-cold-10000-006590-ef34538a,1784800232849,1784800232849,202,0.000,cold
6635,exp-cold-10000-006589-075fa717,1784800232849,1784800232849,202,0.000,cold
6636,exp-cold-10000-006587-4330c681,1784800232849,1784800232849,202,0.000,cold
6637,exp-cold-10000-006593-a8ac2641,1784800232849,1784800232849,202,0.000,cold
6638,exp-cold-10000-006591-fa5c2bb5,1784800232849,1784800232849,202,0.000,cold
6639,exp-cold-10000-006596-8df4c108,1784800232849,1784800232849,202,0.000,cold
6640,exp-cold-10000-006605-64778c3b,1784800232849,1784800232850,202,1.000,cold
6641,exp-cold-10000-006586-f1363015,1784800232849,1784800232850,202,1.000,cold
6642,exp-cold-10000-006611-302a1bb8,1784800232849,1784800232850,202,1.000,cold
6643,exp-cold-10000-006619-8a266010,1784800232849,1784800232850,202,1.000,cold
6644,exp-cold-10000-006615-24fd612b,1784800232849,1784800232850,202,1.000,cold
6645,exp-cold-10000-006617-6dd571eb,1784800232849,1784800232850,202,1.000,cold
6646,exp-cold-10000-006616-12e4f6c6,1784800232849,1784800232850,202,1.000,cold
6647,exp-cold-10000-006618-aa4f3fc8,1784800232849,1784800232850,202,1.000,cold
6648,exp-cold-10000-006614-6746d7e7,1784800232849,1784800232850,202,1.000,cold
6649,exp-cold-10000-006606-337b6b27,1784800232849,1784800232850,202,1.000,cold
6650,exp-cold-10000-006620-b99718f5,1784800232849,1784800232850,202,1.000,cold
6651,exp-cold-10000-006613-ad760a77,1784800232849,1784800232850,202,1.000,cold
6652,exp-cold-10000-006622-a89fcb89,1784800232849,1784800232850,202,1.000,cold
6653,exp-cold-10000-006621-a6639f69,1784800232849,1784800232850,202,1.000,cold
6654,exp-cold-10000-006610-857069e7,1784800232849,1784800232850,202,1.000,cold
6655,exp-cold-10000-006624-ad5cb176,1784800232849,1784800232851,202,2.000,cold
6656,exp-cold-10000-006628-a0d6f8cb,1784800232849,1784800232851,202,2.000,cold
6657,exp-cold-10000-006635-0db4f0c1,1784800232849,1784800232851,202,2.000,cold
6658,exp-cold-10000-006632-a067d836,1784800232849,1784800232851,202,2.000,cold
6659,exp-cold-10000-006649-b605c2d3,1784800232849,1784800232852,202,3.000,cold
6660,exp-cold-10000-006675-0481423e,1784800232849,1784800232853,202,4.000,cold
6661,exp-cold-10000-006692-a917ab9e,1784800232849,1784800232854,202,5.000,cold
6662,exp-cold-10000-006736-3fd166b6,1784800232849,1784800232857,202,8.000,cold
6663,exp-cold-10000-006744-1d590910,1784800232849,1784800232857,202,8.000,cold
6664,exp-cold-10000-006751-7c124796,1784800232849,1784800232857,202,8.000,cold
6665,exp-cold-10000-006721-f31c2b2b,1784800232849,1784800232857,202,8.000,cold
6666,exp-cold-10000-006745-ab7b781f,1784800232849,1784800232857,202,8.000,cold
6667,exp-cold-10000-006756-d39f3976,1784800232849,1784800232857,202,8.000,cold
6668,exp-cold-10000-006750-f7e2a02c,1784800232849,1784800232857,202,8.000,cold
6669,exp-cold-10000-006604-e24696e8,1784800232850,1784800232850,202,0.000,cold
6670,exp-cold-10000-006607-cedd19c0,1784800232850,1784800232850,202,0.000,cold
6671,exp-cold-10000-006609-29941fb8,1784800232850,1784800232850,202,0.000,cold
6672,exp-cold-10000-006625-89c60fee,1784800232850,1784800232851,202,1.000,cold
6673,exp-cold-10000-006630-81e885ff,1784800232850,1784800232851,202,1.000,cold
6674,exp-cold-10000-006626-072892c0,1784800232850,1784800232851,202,1.000,cold
6675,exp-cold-10000-006633-8b243311,1784800232850,1784800232851,202,1.000,cold
6676,exp-cold-10000-006634-164997bc,1784800232850,1784800232851,202,1.000,cold
6677,exp-cold-10000-006629-fa0dcfdc,1784800232850,1784800232851,202,1.000,cold
6678,exp-cold-10000-006637-8e35dc0a,1784800232850,1784800232851,202,1.000,cold
6679,exp-cold-10000-006638-edf48703,1784800232850,1784800232851,202,1.000,cold
6680,exp-cold-10000-006636-a98d5767,1784800232850,1784800232851,202,1.000,cold
6681,exp-cold-10000-006639-1249cc8c,1784800232850,1784800232851,202,1.000,cold
6682,exp-cold-10000-006608-e4663842,1784800232850,1784800232851,202,1.000,cold
6683,exp-cold-10000-006631-b5593d4e,1784800232850,1784800232851,202,1.000,cold
6684,exp-cold-10000-006627-64353295,1784800232850,1784800232851,202,1.000,cold
6685,exp-cold-10000-006623-3ae71f59,1784800232850,1784800232851,202,1.000,cold
6686,exp-cold-10000-006648-0510c61a,1784800232850,1784800232852,202,2.000,cold
6687,exp-cold-10000-006644-f26522c0,1784800232850,1784800232852,202,2.000,cold
6688,exp-cold-10000-006668-098a7cd4,1784800232850,1784800232853,202,3.000,cold
6689,exp-cold-10000-006680-bcd45972,1784800232850,1784800232853,202,3.000,cold
6690,exp-cold-10000-006669-a547f690,1784800232850,1784800232853,202,3.000,cold
6691,exp-cold-10000-006677-7208c4d9,1784800232850,1784800232853,202,3.000,cold
6692,exp-cold-10000-006686-8a8b6857,1784800232850,1784800232854,202,4.000,cold
6693,exp-cold-10000-006687-d282a12d,1784800232850,1784800232854,202,4.000,cold
6694,exp-cold-10000-006761-39891fdd,1784800232850,1784800232858,202,8.000,cold
6695,exp-cold-10000-006746-90ef014b,1784800232850,1784800232858,202,8.000,cold
6696,exp-cold-10000-006759-88cd11cc,1784800232850,1784800232858,202,8.000,cold
6697,exp-cold-10000-006766-13f4bab2,1784800232850,1784800232858,202,8.000,cold
6698,exp-cold-10000-006765-2748fa79,1784800232850,1784800232858,202,8.000,cold
6699,exp-cold-10000-006767-38ad9256,1784800232850,1784800232858,202,8.000,cold
6700,exp-cold-10000-006776-5937bfa6,1784800232850,1784800232858,202,8.000,cold
6701,exp-cold-10000-006790-38839b93,1784800232850,1784800232859,202,9.000,cold
6702,exp-cold-10000-006781-7518a53d,1784800232850,1784800232859,202,9.000,cold
6703,exp-cold-10000-006641-fb887aac,1784800232851,1784800232852,202,1.000,cold
6704,exp-cold-10000-006646-cc56ef92,1784800232851,1784800232852,202,1.000,cold
6705,exp-cold-10000-006650-cde31bdd,1784800232851,1784800232852,202,1.000,cold
6706,exp-cold-10000-006651-fccd9c00,1784800232851,1784800232852,202,1.000,cold
6707,exp-cold-10000-006653-75324e0c,1784800232851,1784800232852,202,1.000,cold
6708,exp-cold-10000-006654-c48dba8b,1784800232851,1784800232852,202,1.000,cold
6709,exp-cold-10000-006652-3e4f5c4d,1784800232851,1784800232852,202,1.000,cold
6710,exp-cold-10000-006656-9723da61,1784800232851,1784800232852,202,1.000,cold
6711,exp-cold-10000-006647-fffa728b,1784800232851,1784800232852,202,1.000,cold
6712,exp-cold-10000-006645-40825e14,1784800232851,1784800232852,202,1.000,cold
6713,exp-cold-10000-006657-436acf08,1784800232851,1784800232852,202,1.000,cold
6714,exp-cold-10000-006655-c2ed737d,1784800232851,1784800232852,202,1.000,cold
6715,exp-cold-10000-006643-6c26d6f8,1784800232851,1784800232852,202,1.000,cold
6716,exp-cold-10000-006672-c21f7a30,1784800232851,1784800232853,202,2.000,cold
6717,exp-cold-10000-006667-8e87c1bd,1784800232851,1784800232853,202,2.000,cold
6718,exp-cold-10000-006683-6514f4bc,1784800232851,1784800232854,202,3.000,cold
6719,exp-cold-10000-006690-83dec54c,1784800232851,1784800232854,202,3.000,cold
6720,exp-cold-10000-006762-2da43ca7,1784800232851,1784800232858,202,7.000,cold
6721,exp-cold-10000-006763-70b23840,1784800232851,1784800232858,202,7.000,cold
6722,exp-cold-10000-006760-6d8b23ff,1784800232851,1784800232858,202,7.000,cold
6723,exp-cold-10000-006791-fbe5752c,1784800232851,1784800232859,202,8.000,cold
6724,exp-cold-10000-006780-7467c2c6,1784800232851,1784800232859,202,8.000,cold
6725,exp-cold-10000-006792-d2883999,1784800232851,1784800232859,202,8.000,cold
6726,exp-cold-10000-006828-a15fb04f,1784800232851,1784800232861,202,10.000,cold
6727,exp-cold-10000-006642-3b038a03,1784800232852,1784800232852,202,0.000,cold
6728,exp-cold-10000-006640-4380a209,1784800232852,1784800232852,202,0.000,cold
6729,exp-cold-10000-006659-647142f8,1784800232852,1784800232853,202,1.000,cold
6730,exp-cold-10000-006666-a31840ce,1784800232852,1784800232853,202,1.000,cold
6731,exp-cold-10000-006663-7bbbf3d6,1784800232852,1784800232853,202,1.000,cold
6732,exp-cold-10000-006670-beed558d,1784800232852,1784800232853,202,1.000,cold
6733,exp-cold-10000-006660-9c2ff28d,1784800232852,1784800232853,202,1.000,cold
6734,exp-cold-10000-006665-7d150c2f,1784800232852,1784800232853,202,1.000,cold
6735,exp-cold-10000-006664-1bb72f3f,1784800232852,1784800232853,202,1.000,cold
6736,exp-cold-10000-006671-aaed4cd7,1784800232852,1784800232853,202,1.000,cold
6737,exp-cold-10000-006673-5955c006,1784800232852,1784800232853,202,1.000,cold
6738,exp-cold-10000-006661-eeb1c425,1784800232852,1784800232853,202,1.000,cold
6739,exp-cold-10000-006674-45225106,1784800232852,1784800232853,202,1.000,cold
6740,exp-cold-10000-006681-33da268b,1784800232852,1784800232853,202,1.000,cold
6741,exp-cold-10000-006676-8271d5f6,1784800232852,1784800232854,202,2.000,cold
6742,exp-cold-10000-006695-117fec3a,1784800232852,1784800232854,202,2.000,cold
6743,exp-cold-10000-006694-691e764a,1784800232852,1784800232854,202,2.000,cold
6744,exp-cold-10000-006688-f7113718,1784800232852,1784800232854,202,2.000,cold
6745,exp-cold-10000-006689-4cfbbd1a,1784800232852,1784800232854,202,2.000,cold
6746,exp-cold-10000-006682-21b17554,1784800232852,1784800232854,202,2.000,cold
6747,exp-cold-10000-006711-a76aea82,1784800232852,1784800232856,202,4.000,cold
6748,exp-cold-10000-006741-83e24a89,1784800232852,1784800232857,202,5.000,cold
6749,exp-cold-10000-006740-f2b043fa,1784800232852,1784800232857,202,5.000,cold
6750,exp-cold-10000-006739-0ca2c9b6,1784800232852,1784800232857,202,5.000,cold
6751,exp-cold-10000-006743-e5956c17,1784800232852,1784800232857,202,5.000,cold
6752,exp-cold-10000-006821-6da1cad3,1784800232852,1784800232860,202,8.000,cold
6753,exp-cold-10000-006807-08b5b8ea,1784800232852,1784800232860,202,8.000,cold
6754,exp-cold-10000-006658-e6fbfe9a,1784800232853,1784800232853,202,0.000,cold
6755,exp-cold-10000-006662-b18fcfba,1784800232853,1784800232853,202,0.000,cold
6756,exp-cold-10000-006679-cc7df38f,1784800232853,1784800232854,202,1.000,cold
6757,exp-cold-10000-006685-b84b868d,1784800232853,1784800232854,202,1.000,cold
6758,exp-cold-10000-006691-1df4d21d,1784800232853,1784800232854,202,1.000,cold
6759,exp-cold-10000-006684-e0c1fa55,1784800232853,1784800232854,202,1.000,cold
6760,exp-cold-10000-006693-d16c69b9,1784800232853,1784800232854,202,1.000,cold
6761,exp-cold-10000-006696-207b9ba8,1784800232853,1784800232854,202,1.000,cold
6762,exp-cold-10000-006698-40637878,1784800232853,1784800232855,202,2.000,cold
6763,exp-cold-10000-006699-a53ff179,1784800232853,1784800232855,202,2.000,cold
6764,exp-cold-10000-006724-f619671c,1784800232853,1784800232856,202,3.000,cold
6765,exp-cold-10000-006777-cd5fce48,1784800232853,1784800232858,202,5.000,cold
6766,exp-cold-10000-006779-d64db9a9,1784800232853,1784800232858,202,5.000,cold
6767,exp-cold-10000-006789-d574af48,1784800232853,1784800232859,202,6.000,cold
6768,exp-cold-10000-006794-902e95e3,1784800232853,1784800232859,202,6.000,cold
6769,exp-cold-10000-006820-0b577b90,1784800232853,1784800232860,202,7.000,cold
6770,exp-cold-10000-006817-6bd2592c,1784800232853,1784800232860,202,7.000,cold
6771,exp-cold-10000-006818-c98b77d2,1784800232853,1784800232860,202,7.000,cold
6772,exp-cold-10000-006811-92e0fba3,1784800232853,1784800232860,202,7.000,cold
6773,exp-cold-10000-006702-2c6b32f9,1784800232854,1784800232855,202,1.000,cold
6774,exp-cold-10000-006700-6c2ac19a,1784800232854,1784800232855,202,1.000,cold
6775,exp-cold-10000-006713-5e78c3a2,1784800232854,1784800232855,202,1.000,cold
6776,exp-cold-10000-006710-636eaa86,1784800232854,1784800232855,202,1.000,cold
6777,exp-cold-10000-006716-d33723d0,1784800232854,1784800232856,202,2.000,cold
6778,exp-cold-10000-006726-d583cb7c,1784800232854,1784800232856,202,2.000,cold
6779,exp-cold-10000-006728-a74d44ef,1784800232854,1784800232856,202,2.000,cold
6780,exp-cold-10000-006757-2ca06630,1784800232854,1784800232858,202,4.000,cold
6781,exp-cold-10000-006758-4b5d1870,1784800232854,1784800232858,202,4.000,cold
6782,exp-cold-10000-006822-aaa8744f,1784800232854,1784800232860,202,6.000,cold
6783,exp-cold-10000-006799-6c72d28d,1784800232854,1784800232860,202,6.000,cold
6784,exp-cold-10000-006802-08044d05,1784800232854,1784800232860,202,6.000,cold
6785,exp-cold-10000-006827-bc9c62b6,1784800232854,1784800232861,202,7.000,cold
6786,exp-cold-10000-006870-814ca168,1784800232854,1784800232863,202,9.000,cold
6787,exp-cold-10000-006697-312b0711,1784800232855,1784800232855,202,0.000,cold
6788,exp-cold-10000-006720-adccecc2,1784800232855,1784800232856,202,1.000,cold
6789,exp-cold-10000-006727-901688e4,1784800232855,1784800232856,202,1.000,cold
6790,exp-cold-10000-006723-4bd91410,1784800232855,1784800232856,202,1.000,cold
6791,exp-cold-10000-006729-b8b5c3dd,1784800232855,1784800232856,202,1.000,cold
6792,exp-cold-10000-006731-21085fde,1784800232855,1784800232856,202,1.000,cold
6793,exp-cold-10000-006754-06d23dbd,1784800232855,1784800232857,202,2.000,cold
6794,exp-cold-10000-006737-0903907d,1784800232855,1784800232857,202,2.000,cold
6795,exp-cold-10000-006752-cf5c52b4,1784800232855,1784800232857,202,2.000,cold
6796,exp-cold-10000-006783-1d6df94f,1784800232855,1784800232859,202,4.000,cold
6797,exp-cold-10000-006804-a43dfc04,1784800232855,1784800232860,202,5.000,cold
6798,exp-cold-10000-006815-9fcee159,1784800232855,1784800232860,202,5.000,cold
6799,exp-cold-10000-006816-c502def4,1784800232855,1784800232860,202,5.000,cold
6800,exp-cold-10000-006830-4559a3d5,1784800232855,1784800232861,202,6.000,cold
6801,exp-cold-10000-006838-c7c796cd,1784800232855,1784800232861,202,6.000,cold
6802,exp-cold-10000-006839-52a14e67,1784800232855,1784800232861,202,6.000,cold
6803,exp-cold-10000-006844-0d55e2de,1784800232855,1784800232862,202,7.000,cold
6804,exp-cold-10000-006718-f663848d,1784800232856,1784800232857,202,1.000,cold
6805,exp-cold-10000-006748-594e9863,1784800232856,1784800232857,202,1.000,cold
6806,exp-cold-10000-006749-18db497a,1784800232856,1784800232857,202,1.000,cold
6807,exp-cold-10000-006755-9b019896,1784800232856,1784800232857,202,1.000,cold
6808,exp-cold-10000-006774-c1b69219,1784800232856,1784800232858,202,2.000,cold
6809,exp-cold-10000-006769-e00ad529,1784800232856,1784800232858,202,2.000,cold
6810,exp-cold-10000-006800-f8402a3f,1784800232856,1784800232859,202,3.000,cold
6811,exp-cold-10000-006778-d9add1f9,1784800232856,1784800232859,202,3.000,cold
6812,exp-cold-10000-006819-097271c5,1784800232856,1784800232860,202,4.000,cold
6813,exp-cold-10000-006825-3e795978,1784800232856,1784800232861,202,5.000,cold
6814,exp-cold-10000-006853-90958fca,1784800232856,1784800232862,202,6.000,cold
6815,exp-cold-10000-006843-bd1a5032,1784800232856,1784800232862,202,6.000,cold
6816,exp-cold-10000-006883-6b552aa4,1784800232856,1784800232864,202,8.000,cold
6817,exp-cold-10000-006795-3ad72961,1784800232857,1784800232859,202,2.000,cold
6818,exp-cold-10000-006823-e147f3c2,1784800232857,1784800232860,202,3.000,cold
6819,exp-cold-10000-006824-a7142cf1,1784800232857,1784800232861,202,4.000,cold
6820,exp-cold-10000-006826-5fc4bd4c,1784800232857,1784800232861,202,4.000,cold
6821,exp-cold-10000-006833-225393db,1784800232857,1784800232861,202,4.000,cold
6822,exp-cold-10000-006845-5e4b4833,1784800232857,1784800232862,202,5.000,cold
6823,exp-cold-10000-006852-4a5360db,1784800232857,1784800232862,202,5.000,cold
6824,exp-cold-10000-006849-01ba99d3,1784800232857,1784800232862,202,5.000,cold
6825,exp-cold-10000-006847-da6ce894,1784800232857,1784800232862,202,5.000,cold
6826,exp-cold-10000-006862-c8f9c55b,1784800232857,1784800232863,202,6.000,cold
6827,exp-cold-10000-006879-564e2c38,1784800232857,1784800232864,202,7.000,cold
6828,exp-cold-10000-006884-b7e1e36a,1784800232857,1784800232864,202,7.000,cold
6829,exp-cold-10000-006788-00750666,1784800232858,1784800232859,202,1.000,cold
6830,exp-cold-10000-006793-31cd2481,1784800232858,1784800232859,202,1.000,cold
6831,exp-cold-10000-006786-e4ecb0d3,1784800232858,1784800232859,202,1.000,cold
6832,exp-cold-10000-006785-7d050ada,1784800232858,1784800232859,202,1.000,cold
6833,exp-cold-10000-006796-07b9df65,1784800232858,1784800232859,202,1.000,cold
6834,exp-cold-10000-006798-12e5cf0f,1784800232858,1784800232859,202,1.000,cold
6835,exp-cold-10000-006797-83cc7343,1784800232858,1784800232859,202,1.000,cold
6836,exp-cold-10000-006814-d717e79c,1784800232858,1784800232860,202,2.000,cold
6837,exp-cold-10000-006860-7661d7de,1784800232858,1784800232862,202,4.000,cold
6838,exp-cold-10000-006866-e0c068dc,1784800232858,1784800232863,202,5.000,cold
6839,exp-cold-10000-006869-cfbbe4c6,1784800232858,1784800232863,202,5.000,cold
6840,exp-cold-10000-006863-789536e0,1784800232858,1784800232863,202,5.000,cold
6841,exp-cold-10000-006901-983c47e3,1784800232858,1784800232865,202,7.000,cold
6842,exp-cold-10000-006801-8fb88fd7,1784800232859,1784800232860,202,1.000,cold
6843,exp-cold-10000-006806-84b481a6,1784800232859,1784800232860,202,1.000,cold
6844,exp-cold-10000-006805-9c322a25,1784800232859,1784800232860,202,1.000,cold
6845,exp-cold-10000-006808-91a3d875,1784800232859,1784800232860,202,1.000,cold
6846,exp-cold-10000-006810-99999b26,1784800232859,1784800232860,202,1.000,cold
6847,exp-cold-10000-006809-fac50b9d,1784800232859,1784800232860,202,1.000,cold
6848,exp-cold-10000-006812-bfe954df,1784800232859,1784800232860,202,1.000,cold
6849,exp-cold-10000-006813-3fa297a2,1784800232859,1784800232860,202,1.000,cold
6850,exp-cold-10000-006840-aed55026,1784800232859,1784800232861,202,2.000,cold
6851,exp-cold-10000-006829-f8faa7c4,1784800232859,1784800232861,202,2.000,cold
6852,exp-cold-10000-006832-52c4c656,1784800232859,1784800232861,202,2.000,cold
6853,exp-cold-10000-006873-103e5630,1784800232859,1784800232863,202,4.000,cold
6854,exp-cold-10000-006872-9a959364,1784800232859,1784800232863,202,4.000,cold
6855,exp-cold-10000-006871-c5a84d20,1784800232859,1784800232863,202,4.000,cold
6856,exp-cold-10000-006867-eb258188,1784800232859,1784800232863,202,4.000,cold
6857,exp-cold-10000-006874-8091e665,1784800232859,1784800232864,202,5.000,cold
6858,exp-cold-10000-006895-31a4f598,1784800232859,1784800232865,202,6.000,cold
6859,exp-cold-10000-006835-a5796935,1784800232860,1784800232861,202,1.000,cold
6860,exp-cold-10000-006834-7f5f1ea1,1784800232860,1784800232861,202,1.000,cold
6861,exp-cold-10000-006837-51284fe4,1784800232860,1784800232861,202,1.000,cold
6862,exp-cold-10000-006836-05bc248d,1784800232860,1784800232861,202,1.000,cold
6863,exp-cold-10000-006831-f6809617,1784800232860,1784800232861,202,1.000,cold
6864,exp-cold-10000-006841-f4073075,1784800232860,1784800232862,202,2.000,cold
6865,exp-cold-10000-006856-f4b0dc19,1784800232860,1784800232862,202,2.000,cold
6866,exp-cold-10000-006854-2d030466,1784800232860,1784800232862,202,2.000,cold
6867,exp-cold-10000-006848-89332f6c,1784800232860,1784800232862,202,2.000,cold
6868,exp-cold-10000-006861-29147d38,1784800232860,1784800232863,202,3.000,cold
6869,exp-cold-10000-006885-6b432291,1784800232860,1784800232864,202,4.000,cold
6870,exp-cold-10000-006875-8c80ab10,1784800232860,1784800232864,202,4.000,cold
6871,exp-cold-10000-006882-df3df8a5,1784800232860,1784800232864,202,4.000,cold
6872,exp-cold-10000-006899-c6e9fc3c,1784800232860,1784800232865,202,5.000,cold
6873,exp-cold-10000-006904-d57e1076,1784800232860,1784800232866,202,6.000,cold
6874,exp-cold-10000-006902-a2a1e53e,1784800232860,1784800232866,202,6.000,cold
6875,exp-cold-10000-006842-1d71e2b3,1784800232861,1784800232862,202,1.000,cold
6876,exp-cold-10000-006850-68cadf7b,1784800232861,1784800232862,202,1.000,cold
6877,exp-cold-10000-006851-7f9f87fa,1784800232861,1784800232862,202,1.000,cold
6878,exp-cold-10000-006846-dc46e9ce,1784800232861,1784800232862,202,1.000,cold
6879,exp-cold-10000-006858-f2aeb007,1784800232861,1784800232862,202,1.000,cold
6880,exp-cold-10000-006859-8a39f6f6,1784800232861,1784800232862,202,1.000,cold
6881,exp-cold-10000-006857-9ab23e05,1784800232861,1784800232862,202,1.000,cold
6882,exp-cold-10000-006855-3bd1c93c,1784800232861,1784800232862,202,1.000,cold
6883,exp-cold-10000-006886-4be00ab7,1784800232861,1784800232864,202,3.000,cold
6884,exp-cold-10000-006880-8788f22d,1784800232861,1784800232864,202,3.000,cold
6885,exp-cold-10000-006979-8eeb3856,1784800232861,1784800232871,202,10.000,cold
6886,exp-cold-10000-006973-56c0c4be,1784800232861,1784800232871,202,10.000,cold
6887,exp-cold-10000-006865-8a2408fc,1784800232862,1784800232863,202,1.000,cold
6888,exp-cold-10000-006864-19782aef,1784800232862,1784800232863,202,1.000,cold
6889,exp-cold-10000-006868-399fdb55,1784800232862,1784800232863,202,1.000,cold
6890,exp-cold-10000-006881-b2098e38,1784800232862,1784800232864,202,2.000,cold
6891,exp-cold-10000-006897-fb1804cf,1784800232862,1784800232865,202,3.000,cold
6892,exp-cold-10000-006891-4978d41c,1784800232862,1784800232865,202,3.000,cold
6893,exp-cold-10000-006896-ae044eac,1784800232862,1784800232865,202,3.000,cold
6894,exp-cold-10000-006898-4584c44e,1784800232862,1784800232865,202,3.000,cold
6895,exp-cold-10000-006900-9cf77224,1784800232862,1784800232865,202,3.000,cold
6896,exp-cold-10000-006915-638e9bfb,1784800232862,1784800232870,202,8.000,cold
6897,exp-cold-10000-006876-cede598d,1784800232863,1784800232864,202,1.000,cold
6898,exp-cold-10000-006877-bf0fec2a,1784800232863,1784800232864,202,1.000,cold
6899,exp-cold-10000-006878-b7c4eee1,1784800232863,1784800232864,202,1.000,cold
6900,exp-cold-10000-006890-9e84b4da,1784800232863,1784800232865,202,2.000,cold
6901,exp-cold-10000-006926-e1be53a9,1784800232863,1784800232867,202,4.000,cold
6902,exp-cold-10000-006927-4c27b916,1784800232863,1784800232868,202,5.000,cold
6903,exp-cold-10000-006919-623bdaec,1784800232863,1784800232870,202,7.000,cold
6904,exp-cold-10000-006914-8188e6c9,1784800232863,1784800232870,202,7.000,cold
6905,exp-cold-10000-006970-6a9255d7,1784800232863,1784800232870,202,7.000,cold
6906,exp-cold-10000-006966-dd424b1b,1784800232863,1784800232870,202,7.000,cold
6907,exp-cold-10000-006969-4652e62a,1784800232863,1784800232870,202,7.000,cold
6908,exp-cold-10000-006967-2f117a8c,1784800232863,1784800232871,202,8.000,cold
6909,exp-cold-10000-006977-72853dfd,1784800232863,1784800232871,202,8.000,cold
6910,exp-cold-10000-006985-16563951,1784800232863,1784800232871,202,8.000,cold
6911,exp-cold-10000-007014-0f4df3a8,1784800232863,1784800232872,202,9.000,cold
6912,exp-cold-10000-006888-9e661d3b,1784800232864,1784800232865,202,1.000,cold
6913,exp-cold-10000-006889-d3329d04,1784800232864,1784800232865,202,1.000,cold
6914,exp-cold-10000-006887-e4a73708,1784800232864,1784800232865,202,1.000,cold
6915,exp-cold-10000-006892-6a92fe42,1784800232864,1784800232865,202,1.000,cold
6916,exp-cold-10000-006893-9b4832a2,1784800232864,1784800232865,202,1.000,cold
6917,exp-cold-10000-006894-12ea49a6,1784800232864,1784800232865,202,1.000,cold
6918,exp-cold-10000-006903-0cc22df9,1784800232864,1784800232866,202,2.000,cold
6919,exp-cold-10000-006905-b5ce1586,1784800232864,1784800232866,202,2.000,cold
6920,exp-cold-10000-006906-422f1a26,1784800232864,1784800232866,202,2.000,cold
6921,exp-cold-10000-006907-b0781eb9,1784800232864,1784800232866,202,2.000,cold
6922,exp-cold-10000-006931-7883eb2d,1784800232864,1784800232868,202,4.000,cold
6923,exp-cold-10000-006920-d0888a63,1784800232864,1784800232870,202,6.000,cold
6924,exp-cold-10000-006918-6a0932c2,1784800232864,1784800232870,202,6.000,cold
6925,exp-cold-10000-006916-cef79d98,1784800232864,1784800232870,202,6.000,cold
6926,exp-cold-10000-006980-408bd4a7,1784800232864,1784800232871,202,7.000,cold
6927,exp-cold-10000-006975-ece316e0,1784800232864,1784800232871,202,7.000,cold
6928,exp-cold-10000-006990-8f9a53cd,1784800232864,1784800232871,202,7.000,cold
6929,exp-cold-10000-007026-d66da58a,1784800232864,1784800232873,202,9.000,cold
6930,exp-cold-10000-007017-1db49366,1784800232864,1784800232873,202,9.000,cold
6931,exp-cold-10000-006908-bb141389,1784800232865,1784800232867,202,2.000,cold
6932,exp-cold-10000-006937-be12265d,1784800232865,1784800232868,202,3.000,cold
6933,exp-cold-10000-006939-aed88af5,1784800232865,1784800232868,202,3.000,cold
6934,exp-cold-10000-006988-745e0fe2,1784800232865,1784800232871,202,6.000,cold
6935,exp-cold-10000-006968-f817f9ac,1784800232865,1784800232871,202,6.000,cold
6936,exp-cold-10000-006976-5afafc76,1784800232865,1784800232871,202,6.000,cold
6937,exp-cold-10000-006984-c2de0880,1784800232865,1784800232871,202,6.000,cold
6938,exp-cold-10000-006995-7b9b9793,1784800232865,1784800232872,202,7.000,cold
6939,exp-cold-10000-007012-a8636981,1784800232865,1784800232872,202,7.000,cold
6940,exp-cold-10000-007001-40acf36d,1784800232865,1784800232872,202,7.000,cold
6941,exp-cold-10000-007054-8866dd9e,1784800232865,1784800232875,202,10.000,cold
6942,exp-cold-10000-006924-f80bbcc7,1784800232866,1784800232867,202,1.000,cold
6943,exp-cold-10000-006925-ec02ee34,1784800232866,1784800232867,202,1.000,cold
6944,exp-cold-10000-006909-bdc35acc,1784800232866,1784800232867,202,1.000,cold
6945,exp-cold-10000-006936-5dd8e7e4,1784800232866,1784800232868,202,2.000,cold
6946,exp-cold-10000-006954-f6323cb4,1784800232866,1784800232869,202,3.000,cold
6947,exp-cold-10000-006949-88f6cacf,1784800232866,1784800232869,202,3.000,cold
6948,exp-cold-10000-006947-67924887,1784800232866,1784800232869,202,3.000,cold
6949,exp-cold-10000-006992-2336e451,1784800232866,1784800232871,202,5.000,cold
6950,exp-cold-10000-007009-ac302754,1784800232866,1784800232872,202,6.000,cold
6951,exp-cold-10000-007024-169fe5f1,1784800232866,1784800232873,202,7.000,cold
6952,exp-cold-10000-007019-6963fd00,1784800232866,1784800232873,202,7.000,cold
6953,exp-cold-10000-006932-00f9b77b,1784800232867,1784800232868,202,1.000,cold
6954,exp-cold-10000-006929-fae86a20,1784800232867,1784800232868,202,1.000,cold
6955,exp-cold-10000-006933-40896bdc,1784800232867,1784800232868,202,1.000,cold
6956,exp-cold-10000-006930-b21afc58,1784800232867,1784800232868,202,1.000,cold
6957,exp-cold-10000-006935-0614cfde,1784800232867,1784800232868,202,1.000,cold
6958,exp-cold-10000-006934-e52e54e4,1784800232867,1784800232868,202,1.000,cold
6959,exp-cold-10000-006923-17e40fd9,1784800232867,1784800232868,202,1.000,cold
6960,exp-cold-10000-006941-92d3aebe,1784800232867,1784800232868,202,1.000,cold
6961,exp-cold-10000-006938-14079419,1784800232867,1784800232868,202,1.000,cold
6962,exp-cold-10000-006956-d30641fa,1784800232867,1784800232869,202,2.000,cold
6963,exp-cold-10000-006951-373ef72c,1784800232867,1784800232869,202,2.000,cold
6964,exp-cold-10000-006950-e6bf1317,1784800232867,1784800232869,202,2.000,cold
6965,exp-cold-10000-006957-d3dad04e,1784800232867,1784800232870,202,3.000,cold
6966,exp-cold-10000-006993-5bdb54a2,1784800232867,1784800232872,202,5.000,cold
6967,exp-cold-10000-007003-747965cb,1784800232867,1784800232872,202,5.000,cold
6968,exp-cold-10000-007005-d55adb9f,1784800232867,1784800232872,202,5.000,cold
6969,exp-cold-10000-006996-1bcdaedc,1784800232867,1784800232872,202,5.000,cold
6970,exp-cold-10000-007010-79fbe726,1784800232867,1784800232872,202,5.000,cold
6971,exp-cold-10000-006998-bf90dada,1784800232867,1784800232872,202,5.000,cold
6972,exp-cold-10000-007011-a626f469,1784800232867,1784800232872,202,5.000,cold
6973,exp-cold-10000-007031-5e8e3b71,1784800232867,1784800232873,202,6.000,cold
6974,exp-cold-10000-007034-280f023f,1784800232867,1784800232874,202,7.000,cold
6975,exp-cold-10000-007069-2c4876d9,1784800232867,1784800232876,202,9.000,cold
6976,exp-cold-10000-006928-ce9a2f72,1784800232868,1784800232868,202,0.000,cold
6977,exp-cold-10000-006944-a5cfb0e5,1784800232868,1784800232869,202,1.000,cold
6978,exp-cold-10000-006940-a9ab6074,1784800232868,1784800232869,202,1.000,cold
6979,exp-cold-10000-006945-2753adf6,1784800232868,1784800232869,202,1.000,cold
6980,exp-cold-10000-006946-923a38a1,1784800232868,1784800232869,202,1.000,cold
6981,exp-cold-10000-006922-17255149,1784800232868,1784800232869,202,1.000,cold
6982,exp-cold-10000-006953-57bd8858,1784800232868,1784800232869,202,1.000,cold
6983,exp-cold-10000-006948-e2767928,1784800232868,1784800232869,202,1.000,cold
6984,exp-cold-10000-006952-35643183,1784800232868,1784800232869,202,1.000,cold
6985,exp-cold-10000-006955-0e3d9650,1784800232868,1784800232869,202,1.000,cold
6986,exp-cold-10000-006912-db358a41,1784800232868,1784800232870,202,2.000,cold
6987,exp-cold-10000-006963-c9f81d10,1784800232868,1784800232870,202,2.000,cold
6988,exp-cold-10000-006911-b0fb9080,1784800232868,1784800232870,202,2.000,cold
6989,exp-cold-10000-006964-59221b3d,1784800232868,1784800232870,202,2.000,cold
6990,exp-cold-10000-006962-f1eb270e,1784800232868,1784800232870,202,2.000,cold
6991,exp-cold-10000-006921-66498be3,1784800232868,1784800232870,202,2.000,cold
6992,exp-cold-10000-006991-57f435cb,1784800232868,1784800232871,202,3.000,cold
6993,exp-cold-10000-007013-11cfde66,1784800232868,1784800232872,202,4.000,cold
6994,exp-cold-10000-007027-20c64e50,1784800232868,1784800232873,202,5.000,cold
6995,exp-cold-10000-007030-a9374573,1784800232868,1784800232873,202,5.000,cold
6996,exp-cold-10000-007023-665a3bfb,1784800232868,1784800232873,202,5.000,cold
6997,exp-cold-10000-007021-e2897bb6,1784800232868,1784800232873,202,5.000,cold
6998,exp-cold-10000-007029-6a28bfe9,1784800232868,1784800232873,202,5.000,cold
6999,exp-cold-10000-007037-cc2f59fe,1784800232868,1784800232874,202,6.000,cold
7000,exp-cold-10000-007089-94574a2a,1784800232868,1784800232878,202,10.000,cold
7001,exp-cold-10000-006943-103b009c,1784800232869,1784800232869,202,0.000,cold
7002,exp-cold-10000-006942-01e47b3c,1784800232869,1784800232869,202,0.000,cold
7003,exp-cold-10000-006958-5c217819,1784800232869,1784800232870,202,1.000,cold
7004,exp-cold-10000-006959-a075508e,1784800232869,1784800232870,202,1.000,cold
7005,exp-cold-10000-006961-e00b828b,1784800232869,1784800232870,202,1.000,cold
7006,exp-cold-10000-006917-f0cc069a,1784800232869,1784800232870,202,1.000,cold
7007,exp-cold-10000-006960-48368ba9,1784800232869,1784800232870,202,1.000,cold
7008,exp-cold-10000-006981-253235b8,1784800232869,1784800232871,202,2.000,cold
7009,exp-cold-10000-006978-4f659423,1784800232869,1784800232871,202,2.000,cold
7010,exp-cold-10000-006986-d6093275,1784800232869,1784800232871,202,2.000,cold
7011,exp-cold-10000-006983-2f799b07,1784800232869,1784800232871,202,2.000,cold
7012,exp-cold-10000-006987-1b25368b,1784800232869,1784800232871,202,2.000,cold
7013,exp-cold-10000-007016-dfc2e116,1784800232869,1784800232872,202,3.000,cold
7014,exp-cold-10000-007000-7591fd7d,1784800232869,1784800232872,202,3.000,cold
7015,exp-cold-10000-006965-a5661d1e,1784800232869,1784800232873,202,4.000,cold
7016,exp-cold-10000-007018-d9244415,1784800232869,1784800232873,202,4.000,cold
7017,exp-cold-10000-007060-05df17cd,1784800232869,1784800232876,202,7.000,cold
7018,exp-cold-10000-006971-dbad4ccf,1784800232870,1784800232871,202,1.000,cold
7019,exp-cold-10000-006913-ab8d11b0,1784800232870,1784800232871,202,1.000,cold
7020,exp-cold-10000-006974-c82f6f1d,1784800232870,1784800232871,202,1.000,cold
7021,exp-cold-10000-007007-6ddee38d,1784800232870,1784800232872,202,2.000,cold
7022,exp-cold-10000-007008-36f1158b,1784800232870,1784800232872,202,2.000,cold
7023,exp-cold-10000-006997-a38ed053,1784800232870,1784800232872,202,2.000,cold
7024,exp-cold-10000-007006-067b2008,1784800232870,1784800232872,202,2.000,cold
7025,exp-cold-10000-007015-382374b6,1784800232870,1784800232872,202,2.000,cold
7026,exp-cold-10000-006999-8791cb40,1784800232870,1784800232872,202,2.000,cold
7027,exp-cold-10000-007025-fedd54ce,1784800232870,1784800232873,202,3.000,cold
7028,exp-cold-10000-006989-3049b5b3,1784800232870,1784800232873,202,3.000,cold
7029,exp-cold-10000-007002-ff38f628,1784800232870,1784800232873,202,3.000,cold
7030,exp-cold-10000-007035-02935fe0,1784800232870,1784800232874,202,4.000,cold
7031,exp-cold-10000-007033-fedfe88a,1784800232870,1784800232874,202,4.000,cold
7032,exp-cold-10000-007039-6e74c165,1784800232870,1784800232874,202,4.000,cold
7033,exp-cold-10000-007042-132e4dc8,1784800232870,1784800232875,202,5.000,cold
7034,exp-cold-10000-007052-013729c6,1784800232870,1784800232875,202,5.000,cold
7035,exp-cold-10000-007041-a0dc3aef,1784800232870,1784800232875,202,5.000,cold
7036,exp-cold-10000-007051-5e42e877,1784800232870,1784800232875,202,5.000,cold
7037,exp-cold-10000-007050-68b1e8bc,1784800232870,1784800232875,202,5.000,cold
7038,exp-cold-10000-007062-18a79dfa,1784800232870,1784800232876,202,6.000,cold
7039,exp-cold-10000-007082-272eee36,1784800232870,1784800232877,202,7.000,cold
7040,exp-cold-10000-006994-9b4405ff,1784800232871,1784800232872,202,1.000,cold
7041,exp-cold-10000-007004-ca2e31c2,1784800232871,1784800232872,202,1.000,cold
7042,exp-cold-10000-007022-32fdce25,1784800232871,1784800232873,202,2.000,cold
7043,exp-cold-10000-006982-c47be748,1784800232871,1784800232873,202,2.000,cold
7044,exp-cold-10000-007043-8574283b,1784800232871,1784800232875,202,4.000,cold
7045,exp-cold-10000-007068-dbe087fc,1784800232871,1784800232876,202,5.000,cold
7046,exp-cold-10000-007071-98f4e623,1784800232871,1784800232876,202,5.000,cold
7047,exp-cold-10000-007064-595271b7,1784800232871,1784800232876,202,5.000,cold
7048,exp-cold-10000-007020-a6ed32d4,1784800232872,1784800232873,202,1.000,cold
7049,exp-cold-10000-007028-e4003166,1784800232872,1784800232873,202,1.000,cold
7050,exp-cold-10000-007040-a107bec0,1784800232872,1784800232874,202,2.000,cold
7051,exp-cold-10000-006972-c08ab31f,1784800232872,1784800232875,202,3.000,cold
7052,exp-cold-10000-007045-f9e715a5,1784800232872,1784800232875,202,3.000,cold
7053,exp-cold-10000-007061-80cdcb72,1784800232872,1784800232876,202,4.000,cold
7054,exp-cold-10000-007067-c17ddd15,1784800232872,1784800232876,202,4.000,cold
7055,exp-cold-10000-007065-92443385,1784800232872,1784800232876,202,4.000,cold
7056,exp-cold-10000-007059-7f4d9403,1784800232872,1784800232876,202,4.000,cold
7057,exp-cold-10000-007091-4f305dd0,1784800232872,1784800232878,202,6.000,cold
7058,exp-cold-10000-007094-037793e2,1784800232872,1784800232878,202,6.000,cold
7059,exp-cold-10000-007129-beb83734,1784800232872,1784800232880,202,8.000,cold
7060,exp-cold-10000-007036-45de7155,1784800232873,1784800232874,202,1.000,cold
7061,exp-cold-10000-007032-7a89fa11,1784800232873,1784800232874,202,1.000,cold
7062,exp-cold-10000-007038-08d6c037,1784800232873,1784800232874,202,1.000,cold
7063,exp-cold-10000-007070-297d1b3c,1784800232873,1784800232876,202,3.000,cold
7064,exp-cold-10000-007081-38fefd49,1784800232873,1784800232877,202,4.000,cold
7065,exp-cold-10000-007073-37fbf85b,1784800232873,1784800232877,202,4.000,cold
7066,exp-cold-10000-007075-7d1541dc,1784800232873,1784800232877,202,4.000,cold
7067,exp-cold-10000-007113-314c8d9d,1784800232873,1784800232879,202,6.000,cold
7068,exp-cold-10000-007131-592f427c,1784800232873,1784800232880,202,7.000,cold
7069,exp-cold-10000-007046-de6a2e41,1784800232874,1784800232875,202,1.000,cold
7070,exp-cold-10000-007047-6828bf74,1784800232874,1784800232875,202,1.000,cold
7071,exp-cold-10000-007049-82a526ea,1784800232874,1784800232875,202,1.000,cold
7072,exp-cold-10000-007048-d4910b86,1784800232874,1784800232875,202,1.000,cold
7073,exp-cold-10000-007044-89769c55,1784800232874,1784800232875,202,1.000,cold
7074,exp-cold-10000-007057-84c45b51,1784800232874,1784800232876,202,2.000,cold
7075,exp-cold-10000-007063-1b40c616,1784800232874,1784800232876,202,2.000,cold
7076,exp-cold-10000-007053-86de1477,1784800232874,1784800232876,202,2.000,cold
7077,exp-cold-10000-006910-a628c8ed,1784800232874,1784800232876,202,2.000,cold
7078,exp-cold-10000-007083-a470e744,1784800232874,1784800232877,202,3.000,cold
7079,exp-cold-10000-007074-cbacedad,1784800232874,1784800232877,202,3.000,cold
7080,exp-cold-10000-007092-3c49b23d,1784800232874,1784800232878,202,4.000,cold
7081,exp-cold-10000-007098-82d456d6,1784800232874,1784800232878,202,4.000,cold
7082,exp-cold-10000-007090-92b92a10,1784800232874,1784800232878,202,4.000,cold
7083,exp-cold-10000-007084-dbf9d7c1,1784800232874,1784800232878,202,4.000,cold
7084,exp-cold-10000-007099-0fb02642,1784800232874,1784800232878,202,4.000,cold
7085,exp-cold-10000-007116-542f93b1,1784800232874,1784800232880,202,6.000,cold
7086,exp-cold-10000-007130-dd4cfb1f,1784800232874,1784800232880,202,6.000,cold
7087,exp-cold-10000-007126-6a49c1e5,1784800232874,1784800232880,202,6.000,cold
7088,exp-cold-10000-007055-aea72d96,1784800232875,1784800232876,202,1.000,cold
7089,exp-cold-10000-007056-2fab40e9,1784800232875,1784800232876,202,1.000,cold
7090,exp-cold-10000-007058-00fe0ccb,1784800232875,1784800232876,202,1.000,cold
7091,exp-cold-10000-007066-4c9562d8,1784800232875,1784800232876,202,1.000,cold
7092,exp-cold-10000-007085-d1936895,1784800232875,1784800232878,202,3.000,cold
7093,exp-cold-10000-007086-e20470cb,1784800232875,1784800232878,202,3.000,cold
7094,exp-cold-10000-007087-1082e387,1784800232875,1784800232878,202,3.000,cold
7095,exp-cold-10000-007105-5f5445fc,1784800232875,1784800232879,202,4.000,cold
7096,exp-cold-10000-007106-feb7c27d,1784800232875,1784800232879,202,4.000,cold
7097,exp-cold-10000-007148-eed7f5ea,1784800232875,1784800232882,202,7.000,cold
7098,exp-cold-10000-007076-1a440ae5,1784800232876,1784800232877,202,1.000,cold
7099,exp-cold-10000-007080-d3a24f5c,1784800232876,1784800232877,202,1.000,cold
7100,exp-cold-10000-007078-df2f8d1b,1784800232876,1784800232877,202,1.000,cold
7101,exp-cold-10000-007077-d1aef392,1784800232876,1784800232877,202,1.000,cold
7102,exp-cold-10000-007079-50f547cd,1784800232876,1784800232877,202,1.000,cold
7103,exp-cold-10000-007102-c1f8fea0,1784800232876,1784800232879,202,3.000,cold
7104,exp-cold-10000-007108-08d8d90b,1784800232876,1784800232879,202,3.000,cold
7105,exp-cold-10000-007103-18cb7ce3,1784800232876,1784800232879,202,3.000,cold
7106,exp-cold-10000-007111-397d74c4,1784800232876,1784800232879,202,3.000,cold
7107,exp-cold-10000-007115-e7d4421d,1784800232876,1784800232879,202,3.000,cold
7108,exp-cold-10000-007109-7224f7fb,1784800232876,1784800232879,202,3.000,cold
7109,exp-cold-10000-007110-8db72850,1784800232876,1784800232879,202,3.000,cold
7110,exp-cold-10000-007153-e53915ad,1784800232876,1784800232883,202,7.000,cold
7111,exp-cold-10000-007088-eb90f9de,1784800232877,1784800232878,202,1.000,cold
7112,exp-cold-10000-007093-449bc992,1784800232877,1784800232878,202,1.000,cold
7113,exp-cold-10000-007095-9be7ead3,1784800232877,1784800232878,202,1.000,cold
7114,exp-cold-10000-007096-a019ba3f,1784800232877,1784800232878,202,1.000,cold
7115,exp-cold-10000-007097-e1560619,1784800232877,1784800232878,202,1.000,cold
7116,exp-cold-10000-007112-7d1d0901,1784800232877,1784800232879,202,2.000,cold
7117,exp-cold-10000-007132-9b5fc387,1784800232877,1784800232880,202,3.000,cold
7118,exp-cold-10000-007123-b5a4314f,1784800232877,1784800232880,202,3.000,cold
7119,exp-cold-10000-007125-950760ef,1784800232877,1784800232880,202,3.000,cold
7120,exp-cold-10000-007118-070da6bf,1784800232877,1784800232880,202,3.000,cold
7121,exp-cold-10000-007127-a4597a20,1784800232877,1784800232880,202,3.000,cold
7122,exp-cold-10000-007119-57adaa4e,1784800232877,1784800232880,202,3.000,cold
7123,exp-cold-10000-007128-439420ac,1784800232877,1784800232880,202,3.000,cold
7124,exp-cold-10000-007137-665a7823,1784800232877,1784800232881,202,4.000,cold
7125,exp-cold-10000-007171-d8ac4240,1784800232877,1784800232884,202,7.000,cold
7126,exp-cold-10000-007072-af42516d,1784800232878,1784800232879,202,1.000,cold
7127,exp-cold-10000-007104-26f64fb0,1784800232878,1784800232879,202,1.000,cold
7128,exp-cold-10000-007100-3f6e8283,1784800232878,1784800232879,202,1.000,cold
7129,exp-cold-10000-007107-e205cf39,1784800232878,1784800232879,202,1.000,cold
7130,exp-cold-10000-007114-5fd10411,1784800232878,1784800232879,202,1.000,cold
7131,exp-cold-10000-007122-c3e9537d,1784800232878,1784800232880,202,2.000,cold
7132,exp-cold-10000-007124-48b4a06e,1784800232878,1784800232880,202,2.000,cold
7133,exp-cold-10000-007141-3bc2f657,1784800232878,1784800232881,202,3.000,cold
7134,exp-cold-10000-007150-47461a03,1784800232878,1784800232882,202,4.000,cold
7135,exp-cold-10000-007170-8914e147,1784800232878,1784800232884,202,6.000,cold
7136,exp-cold-10000-007174-1b4c69f5,1784800232878,1784800232884,202,6.000,cold
7137,exp-cold-10000-007117-deb4bccd,1784800232879,1784800232880,202,1.000,cold
7138,exp-cold-10000-007120-330cc29e,1784800232879,1784800232880,202,1.000,cold
7139,exp-cold-10000-007121-1fb57401,1784800232879,1784800232880,202,1.000,cold
7140,exp-cold-10000-007136-ca8fe958,1784800232879,1784800232881,202,2.000,cold
7141,exp-cold-10000-007142-7e5d3b89,1784800232879,1784800232881,202,2.000,cold
7142,exp-cold-10000-007135-e61a5776,1784800232879,1784800232881,202,2.000,cold
7143,exp-cold-10000-007134-36c672d9,1784800232879,1784800232881,202,2.000,cold
7144,exp-cold-10000-007143-bf377686,1784800232879,1784800232882,202,3.000,cold
7145,exp-cold-10000-007163-3fb03a54,1784800232879,1784800232883,202,4.000,cold
7146,exp-cold-10000-007138-637ea294,1784800232880,1784800232881,202,1.000,cold
7147,exp-cold-10000-007139-831379ab,1784800232880,1784800232881,202,1.000,cold
7148,exp-cold-10000-007140-e9702e5e,1784800232880,1784800232881,202,1.000,cold
7149,exp-cold-10000-007133-fdc1f7e9,1784800232880,1784800232881,202,1.000,cold
7150,exp-cold-10000-007145-a63a18f0,1784800232880,1784800232882,202,2.000,cold
7151,exp-cold-10000-007144-80306ebf,1784800232880,1784800232882,202,2.000,cold
7152,exp-cold-10000-007149-f2fdd90f,1784800232880,1784800232882,202,2.000,cold
7153,exp-cold-10000-007151-2807e28f,1784800232881,1784800232882,202,1.000,cold
7154,exp-cold-10000-007147-465c3e59,1784800232881,1784800232882,202,1.000,cold
7155,exp-cold-10000-007154-d8021512,1784800232881,1784800232882,202,1.000,cold
7156,exp-cold-10000-007152-06de4fdc,1784800232881,1784800232882,202,1.000,cold
7157,exp-cold-10000-007146-b6296dd9,1784800232881,1784800232882,202,1.000,cold
7158,exp-cold-10000-007155-edcce969,1784800232881,1784800232883,202,2.000,cold
7159,exp-cold-10000-007164-e00d1bda,1784800232881,1784800232883,202,2.000,cold
7160,exp-cold-10000-007189-e4f67484,1784800232881,1784800232886,202,5.000,cold
7161,exp-cold-10000-007161-a66b8675,1784800232882,1784800232883,202,1.000,cold
7162,exp-cold-10000-007160-830b035f,1784800232882,1784800232883,202,1.000,cold
7163,exp-cold-10000-007165-36140972,1784800232882,1784800232883,202,1.000,cold
7164,exp-cold-10000-007159-7e3aa9cd,1784800232882,1784800232883,202,1.000,cold
7165,exp-cold-10000-007162-db113ad2,1784800232882,1784800232883,202,1.000,cold
7166,exp-cold-10000-007168-ddb0d707,1784800232882,1784800232884,202,2.000,cold
7167,exp-cold-10000-007195-2455ea6a,1784800232882,1784800232887,202,5.000,cold
7168,exp-cold-10000-007158-118d9a1b,1784800232883,1784800232883,202,0.000,cold
7169,exp-cold-10000-007157-4a0ae5b6,1784800232883,1784800232883,202,0.000,cold
7170,exp-cold-10000-007172-5c8c17a6,1784800232883,1784800232884,202,1.000,cold
7171,exp-cold-10000-007169-f412098d,1784800232883,1784800232884,202,1.000,cold
7172,exp-cold-10000-007156-50ef206b,1784800232883,1784800232884,202,1.000,cold
7173,exp-cold-10000-007166-63f52776,1784800232883,1784800232884,202,1.000,cold
7174,exp-cold-10000-007175-46713b26,1784800232883,1784800232885,202,2.000,cold
7175,exp-cold-10000-007101-a241676c,1784800232884,1784800232884,202,0.000,cold
7176,exp-cold-10000-007167-fb7517d9,1784800232884,1784800232884,202,0.000,cold
7177,exp-cold-10000-007179-b084e2fd,1784800232884,1784800232885,202,1.000,cold
7178,exp-cold-10000-007178-f95fce78,1784800232884,1784800232885,202,1.000,cold
7179,exp-cold-10000-007187-d8feb3bf,1784800232884,1784800232886,202,2.000,cold
7180,exp-cold-10000-007202-220fc53b,1784800232884,1784800232888,202,4.000,cold
7181,exp-cold-10000-007176-68f5de3b,1784800232885,1784800232885,202,0.000,cold
7182,exp-cold-10000-007177-a7828540,1784800232885,1784800232885,202,0.000,cold
7183,exp-cold-10000-007173-e340afcd,1784800232885,1784800232885,202,0.000,cold
7184,exp-cold-10000-007186-7bf8724c,1784800232885,1784800232886,202,1.000,cold
7185,exp-cold-10000-007185-223b9f1d,1784800232885,1784800232886,202,1.000,cold
7186,exp-cold-10000-007188-03b989a7,1784800232885,1784800232886,202,1.000,cold
7187,exp-cold-10000-007184-5b619c65,1784800232885,1784800232886,202,1.000,cold
7188,exp-cold-10000-007182-09c096cd,1784800232886,1784800232886,202,0.000,cold
7189,exp-cold-10000-007180-bf8f6643,1784800232886,1784800232886,202,0.000,cold
7190,exp-cold-10000-007183-04b7a5d7,1784800232886,1784800232886,202,0.000,cold
7191,exp-cold-10000-007198-f4ae6d29,1784800232886,1784800232887,202,1.000,cold
7192,exp-cold-10000-007200-82f30c81,1784800232886,1784800232887,202,1.000,cold
7193,exp-cold-10000-007196-98533c0d,1784800232886,1784800232887,202,1.000,cold
7194,exp-cold-10000-007199-2b8207f6,1784800232886,1784800232887,202,1.000,cold
7195,exp-cold-10000-007190-b63deff1,1784800232886,1784800232887,202,1.000,cold
7196,exp-cold-10000-007181-911e6477,1784800232886,1784800232887,202,1.000,cold
7197,exp-cold-10000-007216-2316326e,1784800232886,1784800232889,202,3.000,cold
7198,exp-cold-10000-007191-34bc2c4c,1784800232887,1784800232887,202,0.000,cold
7199,exp-cold-10000-007192-01a21909,1784800232887,1784800232887,202,0.000,cold
7200,exp-cold-10000-007194-0536ea33,1784800232887,1784800232887,202,0.000,cold
7201,exp-cold-10000-007193-876d0088,1784800232887,1784800232887,202,0.000,cold
7202,exp-cold-10000-007205-158d4d17,1784800232887,1784800232888,202,1.000,cold
7203,exp-cold-10000-007204-05bfeaf6,1784800232887,1784800232888,202,1.000,cold
7204,exp-cold-10000-007206-b7fa8d0a,1784800232887,1784800232888,202,1.000,cold
7205,exp-cold-10000-007207-d57d7b51,1784800232887,1784800232889,202,2.000,cold
7206,exp-cold-10000-007214-0c079b71,1784800232887,1784800232889,202,2.000,cold
7207,exp-cold-10000-007201-94f90333,1784800232888,1784800232888,202,0.000,cold
7208,exp-cold-10000-007203-9ce0d8c7,1784800232888,1784800232888,202,0.000,cold
7209,exp-cold-10000-007213-bc228a5a,1784800232888,1784800232889,202,1.000,cold
7210,exp-cold-10000-007215-ed70536e,1784800232888,1784800232889,202,1.000,cold
7211,exp-cold-10000-007219-5f825e0d,1784800232888,1784800232889,202,1.000,cold
7212,exp-cold-10000-007221-ad03df9b,1784800232888,1784800232889,202,1.000,cold
7213,exp-cold-10000-007218-02aca2df,1784800232888,1784800232889,202,1.000,cold
7214,exp-cold-10000-007217-609e8e5b,1784800232888,1784800232889,202,1.000,cold
7215,exp-cold-10000-007261-7aa2b587,1784800232888,1784800232892,202,4.000,cold
7216,exp-cold-10000-007208-73b7b3e9,1784800232889,1784800232889,202,0.000,cold
7217,exp-cold-10000-007210-24208a83,1784800232889,1784800232889,202,0.000,cold
7218,exp-cold-10000-007197-4fa0cd4a,1784800232889,1784800232889,202,0.000,cold
7219,exp-cold-10000-007211-41ad5895,1784800232889,1784800232889,202,0.000,cold
7220,exp-cold-10000-007212-0dea6bec,1784800232889,1784800232889,202,0.000,cold
7221,exp-cold-10000-007209-595984f5,1784800232889,1784800232889,202,0.000,cold
7222,exp-cold-10000-007220-fb069102,1784800232889,1784800232890,202,1.000,cold
7223,exp-cold-10000-007229-3a5421af,1784800232889,1784800232890,202,1.000,cold
7224,exp-cold-10000-007230-c6f7f78f,1784800232889,1784800232890,202,1.000,cold
7225,exp-cold-10000-007231-154f2872,1784800232889,1784800232890,202,1.000,cold
7226,exp-cold-10000-007232-6046288e,1784800232889,1784800232890,202,1.000,cold
7227,exp-cold-10000-007228-327829f5,1784800232889,1784800232890,202,1.000,cold
7228,exp-cold-10000-007234-1e1f3672,1784800232889,1784800232890,202,1.000,cold
7229,exp-cold-10000-007233-14c49be3,1784800232889,1784800232890,202,1.000,cold
7230,exp-cold-10000-007251-95d11b29,1784800232889,1784800232891,202,2.000,cold
7231,exp-cold-10000-007222-793141b3,1784800232890,1784800232890,202,0.000,cold
7232,exp-cold-10000-007223-6a8b02fe,1784800232890,1784800232890,202,0.000,cold
7233,exp-cold-10000-007224-24e27af7,1784800232890,1784800232890,202,0.000,cold
7234,exp-cold-10000-007226-f71e569b,1784800232890,1784800232890,202,0.000,cold
7235,exp-cold-10000-007225-c9faf757,1784800232890,1784800232890,202,0.000,cold
7236,exp-cold-10000-007227-8f3ff4bd,1784800232890,1784800232890,202,0.000,cold
7237,exp-cold-10000-007245-a1f43637,1784800232890,1784800232891,202,1.000,cold
7238,exp-cold-10000-007244-7603ef0b,1784800232890,1784800232891,202,1.000,cold
7239,exp-cold-10000-007247-adc5a16c,1784800232890,1784800232891,202,1.000,cold
7240,exp-cold-10000-007249-f3e390b8,1784800232890,1784800232891,202,1.000,cold
7241,exp-cold-10000-007235-9fcc4c7f,1784800232890,1784800232891,202,1.000,cold
7242,exp-cold-10000-007243-47c494ae,1784800232890,1784800232891,202,1.000,cold
7243,exp-cold-10000-007248-0fcb2801,1784800232890,1784800232891,202,1.000,cold
7244,exp-cold-10000-007267-ea1a65df,1784800232890,1784800232892,202,2.000,cold
7245,exp-cold-10000-007268-4590f455,1784800232890,1784800232892,202,2.000,cold
7246,exp-cold-10000-007265-1cbcf02c,1784800232890,1784800232892,202,2.000,cold
7247,exp-cold-10000-007272-fa874b4c,1784800232890,1784800232893,202,3.000,cold
7248,exp-cold-10000-007283-434483fc,1784800232890,1784800232893,202,3.000,cold
7249,exp-cold-10000-007236-f3b1473f,1784800232891,1784800232891,202,0.000,cold
7250,exp-cold-10000-007237-48c9ff68,1784800232891,1784800232891,202,0.000,cold
7251,exp-cold-10000-007238-0ff3799f,1784800232891,1784800232891,202,0.000,cold
7252,exp-cold-10000-007241-3eb8c003,1784800232891,1784800232891,202,0.000,cold
7253,exp-cold-10000-007240-835337dd,1784800232891,1784800232891,202,0.000,cold
7254,exp-cold-10000-007239-16227cdc,1784800232891,1784800232891,202,0.000,cold
7255,exp-cold-10000-007242-94ce80a3,1784800232891,1784800232891,202,0.000,cold
7256,exp-cold-10000-007246-a13c6adb,1784800232891,1784800232891,202,0.000,cold
7257,exp-cold-10000-007252-ff96a35f,1784800232891,1784800232892,202,1.000,cold
7258,exp-cold-10000-007254-78e77d37,1784800232891,1784800232892,202,1.000,cold
7259,exp-cold-10000-007258-ad9c0735,1784800232891,1784800232892,202,1.000,cold
7260,exp-cold-10000-007262-9b414622,1784800232891,1784800232892,202,1.000,cold
7261,exp-cold-10000-007250-b4bc819c,1784800232891,1784800232892,202,1.000,cold
7262,exp-cold-10000-007264-49a353cd,1784800232891,1784800232892,202,1.000,cold
7263,exp-cold-10000-007269-1f6b7bb1,1784800232891,1784800232892,202,1.000,cold
7264,exp-cold-10000-007266-7a673879,1784800232891,1784800232892,202,1.000,cold
7265,exp-cold-10000-007257-89323cc9,1784800232891,1784800232892,202,1.000,cold
7266,exp-cold-10000-007263-0add33e3,1784800232891,1784800232892,202,1.000,cold
7267,exp-cold-10000-007260-c3381e4e,1784800232891,1784800232892,202,1.000,cold
7268,exp-cold-10000-007271-049f1c81,1784800232891,1784800232893,202,2.000,cold
7269,exp-cold-10000-007277-1ce0349d,1784800232891,1784800232893,202,2.000,cold
7270,exp-cold-10000-007270-b7f794a2,1784800232891,1784800232893,202,2.000,cold
7271,exp-cold-10000-007286-71beba48,1784800232891,1784800232894,202,3.000,cold
7272,exp-cold-10000-007253-ffd5eaf0,1784800232892,1784800232892,202,0.000,cold
7273,exp-cold-10000-007256-ee5966ab,1784800232892,1784800232892,202,0.000,cold
7274,exp-cold-10000-007255-9b3512d4,1784800232892,1784800232892,202,0.000,cold
7275,exp-cold-10000-007259-3ce0c121,1784800232892,1784800232892,202,0.000,cold
7276,exp-cold-10000-007273-2342a0f5,1784800232892,1784800232893,202,1.000,cold
7277,exp-cold-10000-007278-9f24b4c3,1784800232892,1784800232893,202,1.000,cold
7278,exp-cold-10000-007274-30581718,1784800232892,1784800232893,202,1.000,cold
7279,exp-cold-10000-007275-7f1e37bf,1784800232892,1784800232893,202,1.000,cold
7280,exp-cold-10000-007281-db418a8a,1784800232892,1784800232893,202,1.000,cold
7281,exp-cold-10000-007280-77e0562f,1784800232892,1784800232893,202,1.000,cold
7282,exp-cold-10000-007279-c35335b1,1784800232892,1784800232893,202,1.000,cold
7283,exp-cold-10000-007282-8698af8f,1784800232892,1784800232893,202,1.000,cold
7284,exp-cold-10000-007276-0a08ee33,1784800232892,1784800232893,202,1.000,cold
7285,exp-cold-10000-007287-24d16543,1784800232892,1784800232894,202,2.000,cold
7286,exp-cold-10000-007289-b7692dd8,1784800232893,1784800232894,202,1.000,cold
7287,exp-cold-10000-007288-3f679242,1784800232893,1784800232894,202,1.000,cold
7288,exp-cold-10000-007284-d7fe8a75,1784800232893,1784800232894,202,1.000,cold
7289,exp-cold-10000-007300-1ae91b02,1784800232893,1784800232895,202,2.000,cold
7290,exp-cold-10000-007296-38c6f08c,1784800232893,1784800232895,202,2.000,cold
7291,exp-cold-10000-007285-d8d8be45,1784800232894,1784800232894,202,0.000,cold
7292,exp-cold-10000-007298-8f65eb4c,1784800232894,1784800232895,202,1.000,cold
7293,exp-cold-10000-007299-b529354a,1784800232894,1784800232895,202,1.000,cold
7294,exp-cold-10000-007297-93cde0f8,1784800232894,1784800232895,202,1.000,cold
7295,exp-cold-10000-007302-94f7544a,1784800232894,1784800232896,202,2.000,cold
7296,exp-cold-10000-007291-d3450a6e,1784800232894,1784800232896,202,2.000,cold
7297,exp-cold-10000-007306-f19f18fb,1784800232894,1784800232896,202,2.000,cold
7298,exp-cold-10000-007309-96890d6f,1784800232894,1784800232896,202,2.000,cold
7299,exp-cold-10000-007314-134d7461,1784800232894,1784800232897,202,3.000,cold
7300,exp-cold-10000-007294-3a750f59,1784800232895,1784800232895,202,0.000,cold
7301,exp-cold-10000-007292-326a6897,1784800232895,1784800232895,202,0.000,cold
7302,exp-cold-10000-007290-d2b47dcc,1784800232895,1784800232895,202,0.000,cold
7303,exp-cold-10000-007295-0ef932fd,1784800232895,1784800232895,202,0.000,cold
7304,exp-cold-10000-007293-a3a2552b,1784800232895,1784800232895,202,0.000,cold
7305,exp-cold-10000-007305-5a962eb2,1784800232895,1784800232896,202,1.000,cold
7306,exp-cold-10000-007307-ff73936b,1784800232895,1784800232896,202,1.000,cold
7307,exp-cold-10000-007308-c85fafdc,1784800232895,1784800232896,202,1.000,cold
7308,exp-cold-10000-007304-e8d8cd12,1784800232895,1784800232896,202,1.000,cold
7309,exp-cold-10000-007316-996d26f3,1784800232895,1784800232897,202,2.000,cold
7310,exp-cold-10000-007324-31cd5cdf,1784800232895,1784800232898,202,3.000,cold
7311,exp-cold-10000-007301-37bfb31c,1784800232896,1784800232896,202,0.000,cold
7312,exp-cold-10000-007303-0c480e87,1784800232896,1784800232896,202,0.000,cold
7313,exp-cold-10000-007317-57d30ac9,1784800232896,1784800232897,202,1.000,cold
7314,exp-cold-10000-007315-ec188000,1784800232896,1784800232897,202,1.000,cold
7315,exp-cold-10000-007310-c0900748,1784800232897,1784800232897,202,0.000,cold
7316,exp-cold-10000-007311-e0e610bc,1784800232897,1784800232897,202,0.000,cold
7317,exp-cold-10000-007312-e3a98d45,1784800232897,1784800232897,202,0.000,cold
7318,exp-cold-10000-007313-6be9561e,1784800232897,1784800232897,202,0.000,cold
7319,exp-cold-10000-007319-65e080f1,1784800232897,1784800232898,202,1.000,cold
7320,exp-cold-10000-007323-4e83fad0,1784800232897,1784800232898,202,1.000,cold
7321,exp-cold-10000-007322-96b56b86,1784800232897,1784800232898,202,1.000,cold
7322,exp-cold-10000-007325-8bb87fd1,1784800232897,1784800232898,202,1.000,cold
7323,exp-cold-10000-007321-82f3aad6,1784800232897,1784800232898,202,1.000,cold
7324,exp-cold-10000-007320-0e45d758,1784800232897,1784800232898,202,1.000,cold
7325,exp-cold-10000-007335-3fc5c2ee,1784800232897,1784800232899,202,2.000,cold
7326,exp-cold-10000-007318-b3fd2347,1784800232898,1784800232898,202,0.000,cold
7327,exp-cold-10000-007328-76d4f2b7,1784800232898,1784800232899,202,1.000,cold
7328,exp-cold-10000-007329-1c399c14,1784800232898,1784800232899,202,1.000,cold
7329,exp-cold-10000-007331-2ec093cd,1784800232898,1784800232899,202,1.000,cold
7330,exp-cold-10000-007332-039e142b,1784800232898,1784800232899,202,1.000,cold
7331,exp-cold-10000-007334-3673e037,1784800232898,1784800232899,202,1.000,cold
7332,exp-cold-10000-007333-15228834,1784800232898,1784800232899,202,1.000,cold
7333,exp-cold-10000-007336-966bba81,1784800232898,1784800232899,202,1.000,cold
7334,exp-cold-10000-007327-64b9c237,1784800232898,1784800232899,202,1.000,cold
7335,exp-cold-10000-007330-acc1ab85,1784800232898,1784800232899,202,1.000,cold
7336,exp-cold-10000-007343-84159ad8,1784800232898,1784800232900,202,2.000,cold
7337,exp-cold-10000-007326-1ea3cb8a,1784800232899,1784800232899,202,0.000,cold
7338,exp-cold-10000-007337-9614cc72,1784800232899,1784800232900,202,1.000,cold
7339,exp-cold-10000-007347-6da6e0ec,1784800232899,1784800232900,202,1.000,cold
7340,exp-cold-10000-007346-b3db60f4,1784800232899,1784800232900,202,1.000,cold
7341,exp-cold-10000-007344-ee1e21de,1784800232899,1784800232900,202,1.000,cold
7342,exp-cold-10000-007348-ee904dd1,1784800232899,1784800232900,202,1.000,cold
7343,exp-cold-10000-007342-3de1927d,1784800232899,1784800232900,202,1.000,cold
7344,exp-cold-10000-007351-bee27865,1784800232899,1784800232900,202,1.000,cold
7345,exp-cold-10000-007349-4e529d99,1784800232899,1784800232900,202,1.000,cold
7346,exp-cold-10000-007340-284289e3,1784800232899,1784800232900,202,1.000,cold
7347,exp-cold-10000-007350-a657008a,1784800232899,1784800232900,202,1.000,cold
7348,exp-cold-10000-007339-67b39acf,1784800232899,1784800232900,202,1.000,cold
7349,exp-cold-10000-007345-ef91398e,1784800232899,1784800232900,202,1.000,cold
7350,exp-cold-10000-007361-67c5ed47,1784800232899,1784800232901,202,2.000,cold
7351,exp-cold-10000-007359-5f5f0494,1784800232899,1784800232901,202,2.000,cold
7352,exp-cold-10000-007338-2bc8b95b,1784800232900,1784800232900,202,0.000,cold
7353,exp-cold-10000-007341-90bf2a3c,1784800232900,1784800232900,202,0.000,cold
7354,exp-cold-10000-007357-351e9884,1784800232900,1784800232901,202,1.000,cold
7355,exp-cold-10000-007355-9aea9bde,1784800232900,1784800232901,202,1.000,cold
7356,exp-cold-10000-007360-1a1d7eb9,1784800232900,1784800232901,202,1.000,cold
7357,exp-cold-10000-007356-43021144,1784800232900,1784800232901,202,1.000,cold
7358,exp-cold-10000-007358-b06aae4f,1784800232900,1784800232901,202,1.000,cold
7359,exp-cold-10000-007365-6edf01dd,1784800232900,1784800232901,202,1.000,cold
7360,exp-cold-10000-007363-c03b9a71,1784800232900,1784800232901,202,1.000,cold
7361,exp-cold-10000-007362-cdaf2d18,1784800232900,1784800232901,202,1.000,cold
7362,exp-cold-10000-007364-54537231,1784800232900,1784800232901,202,1.000,cold
7363,exp-cold-10000-007366-f680e33e,1784800232900,1784800232901,202,1.000,cold
7364,exp-cold-10000-007367-72fb4b22,1784800232900,1784800232901,202,1.000,cold
7365,exp-cold-10000-007378-18373a8a,1784800232900,1784800232902,202,2.000,cold
7366,exp-cold-10000-007387-9c658310,1784800232900,1784800232903,202,3.000,cold
7367,exp-cold-10000-007391-9c629371,1784800232900,1784800232903,202,3.000,cold
7368,exp-cold-10000-007352-8d33d239,1784800232901,1784800232901,202,0.000,cold
7369,exp-cold-10000-007354-4f15fec5,1784800232901,1784800232901,202,0.000,cold
7370,exp-cold-10000-007353-a61f8762,1784800232901,1784800232901,202,0.000,cold
7371,exp-cold-10000-007373-9933609b,1784800232901,1784800232902,202,1.000,cold
7372,exp-cold-10000-007372-ff6857c3,1784800232901,1784800232902,202,1.000,cold
7373,exp-cold-10000-007376-377d0b37,1784800232901,1784800232902,202,1.000,cold
7374,exp-cold-10000-007374-1ad0e818,1784800232901,1784800232902,202,1.000,cold
7375,exp-cold-10000-007377-999a2ddb,1784800232901,1784800232902,202,1.000,cold
7376,exp-cold-10000-007375-c7eb5893,1784800232901,1784800232902,202,1.000,cold
7377,exp-cold-10000-007385-3b8ed9e1,1784800232901,1784800232903,202,2.000,cold
7378,exp-cold-10000-007383-c88f9579,1784800232901,1784800232903,202,2.000,cold
7379,exp-cold-10000-007386-b7aa0eac,1784800232901,1784800232903,202,2.000,cold
7380,exp-cold-10000-007395-ae74f724,1784800232901,1784800232904,202,3.000,cold
7381,exp-cold-10000-007409-0c7c4975,1784800232901,1784800232904,202,3.000,cold
7382,exp-cold-10000-007406-f7dfa232,1784800232901,1784800232904,202,3.000,cold
7383,exp-cold-10000-007369-7b114d6e,1784800232902,1784800232902,202,0.000,cold
7384,exp-cold-10000-007368-f499548d,1784800232902,1784800232902,202,0.000,cold
7385,exp-cold-10000-007370-878639f8,1784800232902,1784800232902,202,0.000,cold
7386,exp-cold-10000-007371-9179e494,1784800232902,1784800232902,202,0.000,cold
7387,exp-cold-10000-007381-ba59d83f,1784800232902,1784800232903,202,1.000,cold
7388,exp-cold-10000-007388-be3d9bd4,1784800232902,1784800232903,202,1.000,cold
7389,exp-cold-10000-007384-7854e01c,1784800232902,1784800232903,202,1.000,cold
7390,exp-cold-10000-007382-b649a418,1784800232902,1784800232903,202,1.000,cold
7391,exp-cold-10000-007390-4e70f7b8,1784800232902,1784800232903,202,1.000,cold
7392,exp-cold-10000-007394-fe28c343,1784800232902,1784800232904,202,2.000,cold
7393,exp-cold-10000-007416-e0e2d71a,1784800232902,1784800232904,202,2.000,cold
7394,exp-cold-10000-007408-dfade8ad,1784800232902,1784800232904,202,2.000,cold
7395,exp-cold-10000-007392-8f181720,1784800232902,1784800232904,202,2.000,cold
7396,exp-cold-10000-007380-cb6ff178,1784800232903,1784800232903,202,0.000,cold
7397,exp-cold-10000-007379-4173479a,1784800232903,1784800232903,202,0.000,cold
7398,exp-cold-10000-007404-685e6a37,1784800232903,1784800232904,202,1.000,cold
7399,exp-cold-10000-007401-50047bf3,1784800232903,1784800232904,202,1.000,cold
7400,exp-cold-10000-007405-1ee423eb,1784800232903,1784800232904,202,1.000,cold
7401,exp-cold-10000-007407-adaaa33d,1784800232903,1784800232904,202,1.000,cold
7402,exp-cold-10000-007403-2c64e43a,1784800232903,1784800232904,202,1.000,cold
7403,exp-cold-10000-007400-debc05df,1784800232903,1784800232904,202,1.000,cold
7404,exp-cold-10000-007389-c3670ec5,1784800232903,1784800232904,202,1.000,cold
7405,exp-cold-10000-007393-adb226eb,1784800232903,1784800232904,202,1.000,cold
7406,exp-cold-10000-007410-c2630134,1784800232903,1784800232904,202,1.000,cold
7407,exp-cold-10000-007411-81c824e4,1784800232903,1784800232904,202,1.000,cold
7408,exp-cold-10000-007414-e2456963,1784800232903,1784800232904,202,1.000,cold
7409,exp-cold-10000-007415-a06aa725,1784800232903,1784800232904,202,1.000,cold
7410,exp-cold-10000-007412-030c6ecb,1784800232903,1784800232904,202,1.000,cold
7411,exp-cold-10000-007424-30122a15,1784800232903,1784800232905,202,2.000,cold
7412,exp-cold-10000-007427-08ccf994,1784800232903,1784800232905,202,2.000,cold
7413,exp-cold-10000-007422-a6e0804f,1784800232903,1784800232905,202,2.000,cold
7414,exp-cold-10000-007397-334820f5,1784800232904,1784800232904,202,0.000,cold
7415,exp-cold-10000-007398-06d0e554,1784800232904,1784800232904,202,0.000,cold
7416,exp-cold-10000-007399-d191480f,1784800232904,1784800232904,202,0.000,cold
7417,exp-cold-10000-007402-4b90aa09,1784800232904,1784800232904,202,0.000,cold
7418,exp-cold-10000-007396-cc4ce3be,1784800232904,1784800232904,202,0.000,cold
7419,exp-cold-10000-007417-d959c6ac,1784800232904,1784800232905,202,1.000,cold
7420,exp-cold-10000-007419-4d3e3337,1784800232904,1784800232905,202,1.000,cold
7421,exp-cold-10000-007418-b09bf5b8,1784800232904,1784800232905,202,1.000,cold
7422,exp-cold-10000-007420-7ea0d15b,1784800232904,1784800232905,202,1.000,cold
7423,exp-cold-10000-007426-c83434e5,1784800232904,1784800232905,202,1.000,cold
7424,exp-cold-10000-007413-b938142c,1784800232904,1784800232905,202,1.000,cold
7425,exp-cold-10000-007429-e188ab7a,1784800232904,1784800232905,202,1.000,cold
7426,exp-cold-10000-007425-9e60f735,1784800232904,1784800232905,202,1.000,cold
7427,exp-cold-10000-007430-d3dad295,1784800232904,1784800232905,202,1.000,cold
7428,exp-cold-10000-007421-d9a8e337,1784800232904,1784800232905,202,1.000,cold
7429,exp-cold-10000-007431-96769150,1784800232904,1784800232905,202,1.000,cold
7430,exp-cold-10000-007423-08fe69cd,1784800232904,1784800232905,202,1.000,cold
7431,exp-cold-10000-007428-ebdf9c27,1784800232904,1784800232905,202,1.000,cold
7432,exp-cold-10000-007450-c8f6b66a,1784800232904,1784800232907,202,3.000,cold
7433,exp-cold-10000-007438-5b754f4e,1784800232905,1784800232906,202,1.000,cold
7434,exp-cold-10000-007437-2f6d67d9,1784800232905,1784800232906,202,1.000,cold
7435,exp-cold-10000-007439-4b6151eb,1784800232905,1784800232906,202,1.000,cold
7436,exp-cold-10000-007440-392f0c4d,1784800232905,1784800232906,202,1.000,cold
7437,exp-cold-10000-007441-e8fbe316,1784800232905,1784800232906,202,1.000,cold
7438,exp-cold-10000-007432-74b8ab05,1784800232906,1784800232906,202,0.000,cold
7439,exp-cold-10000-007433-64a6511a,1784800232906,1784800232906,202,0.000,cold
7440,exp-cold-10000-007434-7d42f4a2,1784800232906,1784800232906,202,0.000,cold
7441,exp-cold-10000-007436-a64e32fb,1784800232906,1784800232906,202,0.000,cold
7442,exp-cold-10000-007435-8b3ffd55,1784800232906,1784800232906,202,0.000,cold
7443,exp-cold-10000-007449-ef55c738,1784800232906,1784800232907,202,1.000,cold
7444,exp-cold-10000-007461-2bd3f25d,1784800232906,1784800232908,202,2.000,cold
7445,exp-cold-10000-007455-d96f9087,1784800232906,1784800232908,202,2.000,cold
7446,exp-cold-10000-007457-73192aaf,1784800232906,1784800232908,202,2.000,cold
7447,exp-cold-10000-007442-2bff17fa,1784800232907,1784800232907,202,0.000,cold
7448,exp-cold-10000-007446-03d6388d,1784800232907,1784800232907,202,0.000,cold
7449,exp-cold-10000-007444-1e53d64b,1784800232907,1784800232907,202,0.000,cold
7450,exp-cold-10000-007445-f2e2c0ae,1784800232907,1784800232907,202,0.000,cold
7451,exp-cold-10000-007443-83fe1345,1784800232907,1784800232907,202,0.000,cold
7452,exp-cold-10000-007447-b6bad630,1784800232907,1784800232907,202,0.000,cold
7453,exp-cold-10000-007448-9a9dd22e,1784800232907,1784800232907,202,0.000,cold
7454,exp-cold-10000-007454-3a25d8aa,1784800232907,1784800232908,202,1.000,cold
7455,exp-cold-10000-007452-5315f982,1784800232907,1784800232908,202,1.000,cold
7456,exp-cold-10000-007456-b63e978e,1784800232907,1784800232908,202,1.000,cold
7457,exp-cold-10000-007453-975c6179,1784800232907,1784800232908,202,1.000,cold
7458,exp-cold-10000-007473-0b39c4cd,1784800232907,1784800232909,202,2.000,cold
7459,exp-cold-10000-007463-81f31c2e,1784800232907,1784800232909,202,2.000,cold
7460,exp-cold-10000-007471-6471e3a6,1784800232907,1784800232909,202,2.000,cold
7461,exp-cold-10000-007482-5a818edf,1784800232907,1784800232910,202,3.000,cold
7462,exp-cold-10000-007459-803bbd1a,1784800232908,1784800232908,202,0.000,cold
7463,exp-cold-10000-007458-c70d486c,1784800232908,1784800232908,202,0.000,cold
7464,exp-cold-10000-007451-763d0147,1784800232908,1784800232908,202,0.000,cold
7465,exp-cold-10000-007460-fa27c324,1784800232908,1784800232908,202,0.000,cold
7466,exp-cold-10000-007467-12466216,1784800232908,1784800232909,202,1.000,cold
7467,exp-cold-10000-007470-31de7f34,1784800232908,1784800232909,202,1.000,cold
7468,exp-cold-10000-007462-ce290b55,1784800232908,1784800232909,202,1.000,cold
7469,exp-cold-10000-007474-471a8676,1784800232908,1784800232909,202,1.000,cold
7470,exp-cold-10000-007476-51033b2c,1784800232908,1784800232910,202,2.000,cold
7471,exp-cold-10000-007487-1d20b00c,1784800232908,1784800232910,202,2.000,cold
7472,exp-cold-10000-007464-09b99333,1784800232909,1784800232909,202,0.000,cold
7473,exp-cold-10000-007483-52065c6e,1784800232909,1784800232910,202,1.000,cold
7474,exp-cold-10000-007484-e64ed514,1784800232909,1784800232910,202,1.000,cold
7475,exp-cold-10000-007481-479db0c3,1784800232909,1784800232910,202,1.000,cold
7476,exp-cold-10000-007485-d6ec00ad,1784800232909,1784800232910,202,1.000,cold
7477,exp-cold-10000-007486-3a0c9f16,1784800232909,1784800232910,202,1.000,cold
7478,exp-cold-10000-007479-43aad234,1784800232909,1784800232910,202,1.000,cold
7479,exp-cold-10000-007480-850732f2,1784800232909,1784800232910,202,1.000,cold
7480,exp-cold-10000-007489-f508450c,1784800232909,1784800232911,202,2.000,cold
7481,exp-cold-10000-007475-929751b6,1784800232910,1784800232910,202,0.000,cold
7482,exp-cold-10000-007478-b2639e99,1784800232910,1784800232910,202,0.000,cold
7483,exp-cold-10000-007472-8fc08da8,1784800232910,1784800232910,202,0.000,cold
7484,exp-cold-10000-007477-b960be82,1784800232910,1784800232910,202,0.000,cold
7485,exp-cold-10000-007493-ae6528f9,1784800232910,1784800232911,202,1.000,cold
7486,exp-cold-10000-007494-1ca66545,1784800232910,1784800232911,202,1.000,cold
7487,exp-cold-10000-007496-f312af46,1784800232910,1784800232911,202,1.000,cold
7488,exp-cold-10000-007497-c01b8cd3,1784800232910,1784800232911,202,1.000,cold
7489,exp-cold-10000-007468-577c66e2,1784800232910,1784800232911,202,1.000,cold
7490,exp-cold-10000-007469-cfdd7da1,1784800232910,1784800232911,202,1.000,cold
7491,exp-cold-10000-007495-56ec0fcb,1784800232910,1784800232911,202,1.000,cold
7492,exp-cold-10000-007466-dcfe05e2,1784800232910,1784800232911,202,1.000,cold
7493,exp-cold-10000-007490-bc60dbda,1784800232910,1784800232911,202,1.000,cold
7494,exp-cold-10000-007505-84483d36,1784800232910,1784800232912,202,2.000,cold
7495,exp-cold-10000-007518-6a7b2b37,1784800232910,1784800232913,202,3.000,cold
7496,exp-cold-10000-007488-788710ad,1784800232911,1784800232911,202,0.000,cold
7497,exp-cold-10000-007491-1dd2ab7d,1784800232911,1784800232911,202,0.000,cold
7498,exp-cold-10000-007492-92b0e754,1784800232911,1784800232911,202,0.000,cold
7499,exp-cold-10000-007465-9eaa0a58,1784800232911,1784800232911,202,0.000,cold
7500,exp-cold-10000-007500-3d208af8,1784800232911,1784800232912,202,1.000,cold
7501,exp-cold-10000-007506-6aff2e0b,1784800232911,1784800232912,202,1.000,cold
7502,exp-cold-10000-007501-aa5dbe43,1784800232911,1784800232912,202,1.000,cold
7503,exp-cold-10000-007508-33755f4c,1784800232911,1784800232912,202,1.000,cold
7504,exp-cold-10000-007510-ff9451e3,1784800232911,1784800232912,202,1.000,cold
7505,exp-cold-10000-007511-33ca9efc,1784800232911,1784800232912,202,1.000,cold
7506,exp-cold-10000-007504-d3d89abd,1784800232911,1784800232912,202,1.000,cold
7507,exp-cold-10000-007512-2fc4baa5,1784800232911,1784800232912,202,1.000,cold
7508,exp-cold-10000-007509-a38bb00f,1784800232911,1784800232912,202,1.000,cold
7509,exp-cold-10000-007503-10dbb9e9,1784800232911,1784800232912,202,1.000,cold
7510,exp-cold-10000-007499-c663cc4e,1784800232912,1784800232912,202,0.000,cold
7511,exp-cold-10000-007498-413ac87a,1784800232912,1784800232912,202,0.000,cold
7512,exp-cold-10000-007502-60769d25,1784800232912,1784800232912,202,0.000,cold
7513,exp-cold-10000-007516-bc3c2630,1784800232912,1784800232913,202,1.000,cold
7514,exp-cold-10000-007520-87a256ed,1784800232912,1784800232913,202,1.000,cold
7515,exp-cold-10000-007521-0c4bab37,1784800232912,1784800232913,202,1.000,cold
7516,exp-cold-10000-007528-990e763b,1784800232912,1784800232914,202,2.000,cold
7517,exp-cold-10000-007515-03d349eb,1784800232913,1784800232913,202,0.000,cold
7518,exp-cold-10000-007514-a2724d9a,1784800232913,1784800232913,202,0.000,cold
7519,exp-cold-10000-007513-79a5f364,1784800232913,1784800232913,202,0.000,cold
7520,exp-cold-10000-007517-98339389,1784800232913,1784800232913,202,0.000,cold
7521,exp-cold-10000-007507-75176901,1784800232913,1784800232913,202,0.000,cold
7522,exp-cold-10000-007519-f9036454,1784800232913,1784800232913,202,0.000,cold
7523,exp-cold-10000-007530-0672c2c9,1784800232913,1784800232914,202,1.000,cold
7524,exp-cold-10000-007529-c47987d9,1784800232913,1784800232914,202,1.000,cold
7525,exp-cold-10000-007524-e87fa502,1784800232913,1784800232914,202,1.000,cold
7526,exp-cold-10000-007535-d628f819,1784800232913,1784800232914,202,1.000,cold
7527,exp-cold-10000-007532-73cba6b5,1784800232913,1784800232914,202,1.000,cold
7528,exp-cold-10000-007533-bbeeca85,1784800232913,1784800232914,202,1.000,cold
7529,exp-cold-10000-007531-cbe487a2,1784800232913,1784800232914,202,1.000,cold
7530,exp-cold-10000-007536-a67af550,1784800232913,1784800232914,202,1.000,cold
7531,exp-cold-10000-007534-467d72f9,1784800232913,1784800232914,202,1.000,cold
7532,exp-cold-10000-007522-9cdebf1d,1784800232914,1784800232914,202,0.000,cold
7533,exp-cold-10000-007523-052915af,1784800232914,1784800232914,202,0.000,cold
7534,exp-cold-10000-007526-a7af793b,1784800232914,1784800232914,202,0.000,cold
7535,exp-cold-10000-007527-80ef6874,1784800232914,1784800232914,202,0.000,cold
7536,exp-cold-10000-007525-eba8ad57,1784800232914,1784800232914,202,0.000,cold
7537,exp-cold-10000-007543-3bd36c03,1784800232914,1784800232915,202,1.000,cold
7538,exp-cold-10000-007544-badae535,1784800232914,1784800232915,202,1.000,cold
7539,exp-cold-10000-007545-82fd3710,1784800232914,1784800232915,202,1.000,cold
7540,exp-cold-10000-007547-909d2e98,1784800232914,1784800232915,202,1.000,cold
7541,exp-cold-10000-007546-0d04e4ea,1784800232914,1784800232915,202,1.000,cold
7542,exp-cold-10000-007549-961a32e0,1784800232914,1784800232915,202,1.000,cold
7543,exp-cold-10000-007548-0d388996,1784800232914,1784800232915,202,1.000,cold
7544,exp-cold-10000-007578-7f8c07da,1784800232914,1784800232918,202,4.000,cold
7545,exp-cold-10000-007587-ca23ec33,1784800232914,1784800232918,202,4.000,cold
7546,exp-cold-10000-007537-d788a8c9,1784800232915,1784800232915,202,0.000,cold
7547,exp-cold-10000-007542-265ca163,1784800232915,1784800232915,202,0.000,cold
7548,exp-cold-10000-007538-58a0935f,1784800232915,1784800232915,202,0.000,cold
7549,exp-cold-10000-007540-14c2cf44,1784800232915,1784800232915,202,0.000,cold
7550,exp-cold-10000-007539-0d9080f5,1784800232915,1784800232915,202,0.000,cold
7551,exp-cold-10000-007541-cde2c325,1784800232915,1784800232915,202,0.000,cold
7552,exp-cold-10000-007556-0778f570,1784800232915,1784800232916,202,1.000,cold
7553,exp-cold-10000-007558-1d170c7e,1784800232915,1784800232916,202,1.000,cold
7554,exp-cold-10000-007554-fec4640c,1784800232915,1784800232916,202,1.000,cold
7555,exp-cold-10000-007557-b6163aa5,1784800232915,1784800232916,202,1.000,cold
7556,exp-cold-10000-007555-7b39940d,1784800232915,1784800232916,202,1.000,cold
7557,exp-cold-10000-007551-c8226d1f,1784800232915,1784800232916,202,1.000,cold
7558,exp-cold-10000-007560-b290e389,1784800232915,1784800232916,202,1.000,cold
7559,exp-cold-10000-007561-8474a785,1784800232915,1784800232916,202,1.000,cold
7560,exp-cold-10000-007562-38f2fac2,1784800232915,1784800232916,202,1.000,cold
7561,exp-cold-10000-007559-969f754f,1784800232915,1784800232916,202,1.000,cold
7562,exp-cold-10000-007563-d7947b0a,1784800232915,1784800232916,202,1.000,cold
7563,exp-cold-10000-007565-bdd2935f,1784800232915,1784800232916,202,1.000,cold
7564,exp-cold-10000-007552-a97793b4,1784800232916,1784800232916,202,0.000,cold
7565,exp-cold-10000-007553-3a1bff17,1784800232916,1784800232916,202,0.000,cold
7566,exp-cold-10000-007550-2ac1532f,1784800232916,1784800232916,202,0.000,cold
7567,exp-cold-10000-007572-0ecd9d10,1784800232916,1784800232917,202,1.000,cold
7568,exp-cold-10000-007569-09ca4d26,1784800232916,1784800232917,202,1.000,cold
7569,exp-cold-10000-007571-4bb128de,1784800232916,1784800232917,202,1.000,cold
7570,exp-cold-10000-007570-ad52255a,1784800232916,1784800232917,202,1.000,cold
7571,exp-cold-10000-007574-6c11ea63,1784800232916,1784800232917,202,1.000,cold
7572,exp-cold-10000-007573-8c52f86f,1784800232916,1784800232917,202,1.000,cold
7573,exp-cold-10000-007575-93289cd0,1784800232916,1784800232917,202,1.000,cold
7574,exp-cold-10000-007576-aebeb784,1784800232916,1784800232917,202,1.000,cold
7575,exp-cold-10000-007577-1c41635f,1784800232916,1784800232917,202,1.000,cold
7576,exp-cold-10000-007564-6c8c4bca,1784800232917,1784800232917,202,0.000,cold
7577,exp-cold-10000-007567-eedd42f5,1784800232917,1784800232917,202,0.000,cold
7578,exp-cold-10000-007566-a43b7902,1784800232917,1784800232917,202,0.000,cold
7579,exp-cold-10000-007568-31ec91bf,1784800232917,1784800232917,202,0.000,cold
7580,exp-cold-10000-007585-caef8f30,1784800232917,1784800232918,202,1.000,cold
7581,exp-cold-10000-007590-b3f5791e,1784800232917,1784800232918,202,1.000,cold
7582,exp-cold-10000-007592-05cc8bc8,1784800232917,1784800232918,202,1.000,cold
7583,exp-cold-10000-007589-54388c4d,1784800232917,1784800232918,202,1.000,cold
7584,exp-cold-10000-007588-57d5ae20,1784800232917,1784800232918,202,1.000,cold
7585,exp-cold-10000-007591-32ed3c22,1784800232917,1784800232918,202,1.000,cold
7586,exp-cold-10000-007594-7c63973a,1784800232917,1784800232918,202,1.000,cold
7587,exp-cold-10000-007593-e8f2a8b3,1784800232917,1784800232918,202,1.000,cold
7588,exp-cold-10000-007581-6f5de51d,1784800232917,1784800232918,202,1.000,cold
7589,exp-cold-10000-007579-a104cf63,1784800232918,1784800232918,202,0.000,cold
7590,exp-cold-10000-007580-ada4f410,1784800232918,1784800232918,202,0.000,cold
7591,exp-cold-10000-007584-27d52f9d,1784800232918,1784800232918,202,0.000,cold
7592,exp-cold-10000-007582-7cf27ded,1784800232918,1784800232918,202,0.000,cold
7593,exp-cold-10000-007583-7ba92c39,1784800232918,1784800232918,202,0.000,cold
7594,exp-cold-10000-007586-dbd0de10,1784800232918,1784800232918,202,0.000,cold
7595,exp-cold-10000-007604-db89b3ab,1784800232918,1784800232919,202,1.000,cold
7596,exp-cold-10000-007603-bda2a85f,1784800232918,1784800232919,202,1.000,cold
7597,exp-cold-10000-007599-0660ddda,1784800232918,1784800232919,202,1.000,cold
7598,exp-cold-10000-007607-d2181147,1784800232918,1784800232919,202,1.000,cold
7599,exp-cold-10000-007606-000f8bdf,1784800232918,1784800232919,202,1.000,cold
7600,exp-cold-10000-007608-9ab069cd,1784800232918,1784800232919,202,1.000,cold
7601,exp-cold-10000-007605-00295a9d,1784800232918,1784800232919,202,1.000,cold
7602,exp-cold-10000-007610-96cf7d2f,1784800232918,1784800232919,202,1.000,cold
7603,exp-cold-10000-007609-da421218,1784800232918,1784800232919,202,1.000,cold
7604,exp-cold-10000-007611-46422c23,1784800232918,1784800232919,202,1.000,cold
7605,exp-cold-10000-007597-e8f4f2ff,1784800232919,1784800232919,202,0.000,cold
7606,exp-cold-10000-007595-4d9075d5,1784800232919,1784800232919,202,0.000,cold
7607,exp-cold-10000-007596-49cde375,1784800232919,1784800232919,202,0.000,cold
7608,exp-cold-10000-007598-20234282,1784800232919,1784800232919,202,0.000,cold
7609,exp-cold-10000-007601-baa04264,1784800232919,1784800232919,202,0.000,cold
7610,exp-cold-10000-007600-f9994a37,1784800232919,1784800232919,202,0.000,cold
7611,exp-cold-10000-007602-8cd1f2c3,1784800232919,1784800232919,202,0.000,cold
7612,exp-cold-10000-007620-e6c8b9a6,1784800232919,1784800232920,202,1.000,cold
7613,exp-cold-10000-007616-b47de6d0,1784800232919,1784800232920,202,1.000,cold
7614,exp-cold-10000-007621-0747f412,1784800232919,1784800232920,202,1.000,cold
7615,exp-cold-10000-007622-28bcd87a,1784800232919,1784800232920,202,1.000,cold
7616,exp-cold-10000-007623-18ce109d,1784800232919,1784800232920,202,1.000,cold
7617,exp-cold-10000-007624-bfd894a7,1784800232919,1784800232920,202,1.000,cold
7618,exp-cold-10000-007626-6be2d635,1784800232919,1784800232920,202,1.000,cold
7619,exp-cold-10000-007625-6a56c508,1784800232919,1784800232920,202,1.000,cold
7620,exp-cold-10000-007629-bc343100,1784800232919,1784800232920,202,1.000,cold
7621,exp-cold-10000-007628-8a346f4e,1784800232919,1784800232920,202,1.000,cold
7622,exp-cold-10000-007627-4aea4230,1784800232919,1784800232920,202,1.000,cold
7623,exp-cold-10000-007614-376b945c,1784800232920,1784800232920,202,0.000,cold
7624,exp-cold-10000-007613-740c86f3,1784800232920,1784800232920,202,0.000,cold
7625,exp-cold-10000-007612-36f1f804,1784800232920,1784800232920,202,0.000,cold
7626,exp-cold-10000-007615-298b7b5a,1784800232920,1784800232920,202,0.000,cold
7627,exp-cold-10000-007618-06dadb17,1784800232920,1784800232920,202,0.000,cold
7628,exp-cold-10000-007617-989d7355,1784800232920,1784800232920,202,0.000,cold
7629,exp-cold-10000-007619-cbfb9de0,1784800232920,1784800232920,202,0.000,cold
7630,exp-cold-10000-007634-e7c7299f,1784800232920,1784800232921,202,1.000,cold
7631,exp-cold-10000-007633-25f96285,1784800232920,1784800232921,202,1.000,cold
7632,exp-cold-10000-007636-64d430d1,1784800232920,1784800232921,202,1.000,cold
7633,exp-cold-10000-007635-09021df2,1784800232920,1784800232921,202,1.000,cold
7634,exp-cold-10000-007639-7976b0c0,1784800232920,1784800232921,202,1.000,cold
7635,exp-cold-10000-007637-a29fd42c,1784800232920,1784800232921,202,1.000,cold
7636,exp-cold-10000-007638-8ac8dd51,1784800232920,1784800232921,202,1.000,cold
7637,exp-cold-10000-007640-5b7340f2,1784800232920,1784800232921,202,1.000,cold
7638,exp-cold-10000-007641-bfeef546,1784800232920,1784800232921,202,1.000,cold
7639,exp-cold-10000-007631-6e38eb69,1784800232921,1784800232921,202,0.000,cold
7640,exp-cold-10000-007630-8ae88ad8,1784800232921,1784800232921,202,0.000,cold
7641,exp-cold-10000-007632-68fa3dab,1784800232921,1784800232921,202,0.000,cold
7642,exp-cold-10000-007648-4c6af98c,1784800232921,1784800232922,202,1.000,cold
7643,exp-cold-10000-007649-e0f077c3,1784800232921,1784800232922,202,1.000,cold
7644,exp-cold-10000-007650-f3fb4bbf,1784800232921,1784800232922,202,1.000,cold
7645,exp-cold-10000-007647-4121a431,1784800232921,1784800232922,202,1.000,cold
7646,exp-cold-10000-007651-9b1bc635,1784800232921,1784800232922,202,1.000,cold
7647,exp-cold-10000-007652-c55c05c0,1784800232921,1784800232922,202,1.000,cold
7648,exp-cold-10000-007643-e4d3da83,1784800232922,1784800232922,202,0.000,cold
7649,exp-cold-10000-007642-0079fcdd,1784800232922,1784800232922,202,0.000,cold
7650,exp-cold-10000-007645-491b8523,1784800232922,1784800232922,202,0.000,cold
7651,exp-cold-10000-007644-1dbc328a,1784800232922,1784800232922,202,0.000,cold
7652,exp-cold-10000-007646-ab94e3bf,1784800232922,1784800232922,202,0.000,cold
7653,exp-cold-10000-007659-e8c5c52e,1784800232922,1784800232923,202,1.000,cold
7654,exp-cold-10000-007662-20a6ce84,1784800232922,1784800232923,202,1.000,cold
7655,exp-cold-10000-007666-4b1f65e9,1784800232922,1784800232923,202,1.000,cold
7656,exp-cold-10000-007665-6b07e457,1784800232922,1784800232923,202,1.000,cold
7657,exp-cold-10000-007668-cbde643e,1784800232922,1784800232923,202,1.000,cold
7658,exp-cold-10000-007663-10871670,1784800232922,1784800232923,202,1.000,cold
7659,exp-cold-10000-007669-e09ce846,1784800232922,1784800232923,202,1.000,cold
7660,exp-cold-10000-007670-3a6eb9d1,1784800232922,1784800232923,202,1.000,cold
7661,exp-cold-10000-007667-ec1c69c5,1784800232922,1784800232923,202,1.000,cold
7662,exp-cold-10000-007664-0a7d2c64,1784800232922,1784800232923,202,1.000,cold
7663,exp-cold-10000-007654-fcf867df,1784800232922,1784800232923,202,1.000,cold
7664,exp-cold-10000-007657-fa3b4490,1784800232923,1784800232923,202,0.000,cold
7665,exp-cold-10000-007655-c0dec320,1784800232923,1784800232923,202,0.000,cold
7666,exp-cold-10000-007656-05bf13dd,1784800232923,1784800232923,202,0.000,cold
7667,exp-cold-10000-007653-bac9b0d4,1784800232923,1784800232923,202,0.000,cold
7668,exp-cold-10000-007658-1063a52f,1784800232923,1784800232923,202,0.000,cold
7669,exp-cold-10000-007660-350b9a43,1784800232923,1784800232923,202,0.000,cold
7670,exp-cold-10000-007661-dc879198,1784800232923,1784800232923,202,0.000,cold
7671,exp-cold-10000-007678-bcf3b783,1784800232923,1784800232924,202,1.000,cold
7672,exp-cold-10000-007681-9e7d089a,1784800232923,1784800232924,202,1.000,cold
7673,exp-cold-10000-007677-31da22ad,1784800232923,1784800232924,202,1.000,cold
7674,exp-cold-10000-007679-962bdfc4,1784800232923,1784800232924,202,1.000,cold
7675,exp-cold-10000-007680-1d701b4a,1784800232923,1784800232924,202,1.000,cold
7676,exp-cold-10000-007683-63ce4cf9,1784800232923,1784800232924,202,1.000,cold
7677,exp-cold-10000-007682-bc329391,1784800232923,1784800232924,202,1.000,cold
7678,exp-cold-10000-007687-34bdfbcd,1784800232923,1784800232924,202,1.000,cold
7679,exp-cold-10000-007685-a5b4dc7a,1784800232923,1784800232924,202,1.000,cold
7680,exp-cold-10000-007684-27bdebd3,1784800232923,1784800232924,202,1.000,cold
7681,exp-cold-10000-007672-ac6afc4c,1784800232924,1784800232924,202,0.000,cold
7682,exp-cold-10000-007673-057447de,1784800232924,1784800232924,202,0.000,cold
7683,exp-cold-10000-007671-a4977697,1784800232924,1784800232924,202,0.000,cold
7684,exp-cold-10000-007674-fed3d902,1784800232924,1784800232924,202,0.000,cold
7685,exp-cold-10000-007675-56251e48,1784800232924,1784800232924,202,0.000,cold
7686,exp-cold-10000-007676-6a9bafdc,1784800232924,1784800232924,202,0.000,cold
7687,exp-cold-10000-007694-a27f3154,1784800232924,1784800232925,202,1.000,cold
7688,exp-cold-10000-007692-9ed5fadc,1784800232924,1784800232925,202,1.000,cold
7689,exp-cold-10000-007693-1744d705,1784800232924,1784800232925,202,1.000,cold
7690,exp-cold-10000-007691-fed65377,1784800232924,1784800232925,202,1.000,cold
7691,exp-cold-10000-007695-3456bdd8,1784800232924,1784800232925,202,1.000,cold
7692,exp-cold-10000-007699-4b0f8c87,1784800232924,1784800232925,202,1.000,cold
7693,exp-cold-10000-007698-0764aa8c,1784800232924,1784800232925,202,1.000,cold
7694,exp-cold-10000-007696-01c93737,1784800232924,1784800232925,202,1.000,cold
7695,exp-cold-10000-007701-40a3b94c,1784800232924,1784800232925,202,1.000,cold
7696,exp-cold-10000-007702-aa05fe92,1784800232924,1784800232925,202,1.000,cold
7697,exp-cold-10000-007697-0bc351a6,1784800232924,1784800232925,202,1.000,cold
7698,exp-cold-10000-007700-84b54a77,1784800232924,1784800232925,202,1.000,cold
7699,exp-cold-10000-008401-8e1abc9e,1784800232924,1784800232970,202,46.000,cold
7700,exp-cold-10000-007686-2b786b30,1784800232925,1784800232925,202,0.000,cold
7701,exp-cold-10000-007690-cc0206a0,1784800232925,1784800232925,202,0.000,cold
7702,exp-cold-10000-007688-50c94fc4,1784800232925,1784800232925,202,0.000,cold
7703,exp-cold-10000-007689-f9c021c5,1784800232925,1784800232925,202,0.000,cold
7704,exp-cold-10000-007704-5ec13271,1784800232925,1784800232926,202,1.000,cold
7705,exp-cold-10000-007706-c30d73a4,1784800232925,1784800232926,202,1.000,cold
7706,exp-cold-10000-007705-0da2c6e4,1784800232925,1784800232926,202,1.000,cold
7707,exp-cold-10000-007708-f0013c6b,1784800232925,1784800232926,202,1.000,cold
7708,exp-cold-10000-007707-74863c22,1784800232925,1784800232926,202,1.000,cold
7709,exp-cold-10000-007729-d6906742,1784800232925,1784800232927,202,2.000,cold
7710,exp-cold-10000-007724-3beeac72,1784800232925,1784800232927,202,2.000,cold
7711,exp-cold-10000-007703-01ed156a,1784800232926,1784800232926,202,0.000,cold
7712,exp-cold-10000-007710-d28cdfb2,1784800232926,1784800232927,202,1.000,cold
7713,exp-cold-10000-007716-60e3132a,1784800232926,1784800232927,202,1.000,cold
7714,exp-cold-10000-007719-1232a34c,1784800232926,1784800232927,202,1.000,cold
7715,exp-cold-10000-007721-4f062b5e,1784800232926,1784800232927,202,1.000,cold
7716,exp-cold-10000-007715-737b379d,1784800232926,1784800232927,202,1.000,cold
7717,exp-cold-10000-007720-bbebdad6,1784800232926,1784800232927,202,1.000,cold
7718,exp-cold-10000-007718-0695e303,1784800232926,1784800232927,202,1.000,cold
7719,exp-cold-10000-007722-0414c5ae,1784800232926,1784800232927,202,1.000,cold
7720,exp-cold-10000-007723-0ceafeb3,1784800232926,1784800232927,202,1.000,cold
7721,exp-cold-10000-007728-a5dd5819,1784800232926,1784800232927,202,1.000,cold
7722,exp-cold-10000-007725-7d14eee9,1784800232926,1784800232927,202,1.000,cold
7723,exp-cold-10000-007726-c5bbfcab,1784800232926,1784800232927,202,1.000,cold
7724,exp-cold-10000-007735-5e04f977,1784800232926,1784800232928,202,2.000,cold
7725,exp-cold-10000-007709-2b670c29,1784800232927,1784800232927,202,0.000,cold
7726,exp-cold-10000-007711-ad035954,1784800232927,1784800232927,202,0.000,cold
7727,exp-cold-10000-007713-e0f75c68,1784800232927,1784800232927,202,0.000,cold
7728,exp-cold-10000-007712-a43e2633,1784800232927,1784800232927,202,0.000,cold
7729,exp-cold-10000-007717-c3cdbcfe,1784800232927,1784800232927,202,0.000,cold
7730,exp-cold-10000-007714-ecc36e4a,1784800232927,1784800232927,202,0.000,cold
7731,exp-cold-10000-007731-b075ac42,1784800232927,1784800232928,202,1.000,cold
7732,exp-cold-10000-007730-d1362009,1784800232927,1784800232928,202,1.000,cold
7733,exp-cold-10000-007732-b44c354c,1784800232927,1784800232928,202,1.000,cold
7734,exp-cold-10000-007734-550ecd05,1784800232927,1784800232928,202,1.000,cold
7735,exp-cold-10000-007738-16b0c06a,1784800232927,1784800232928,202,1.000,cold
7736,exp-cold-10000-007736-65f97f0d,1784800232927,1784800232928,202,1.000,cold
7737,exp-cold-10000-007737-0ab4c289,1784800232927,1784800232928,202,1.000,cold
7738,exp-cold-10000-007733-a8d3478e,1784800232927,1784800232928,202,1.000,cold
7739,exp-cold-10000-007727-d4138ead,1784800232928,1784800232928,202,0.000,cold
7740,exp-cold-10000-007749-e4410bbf,1784800232928,1784800232929,202,1.000,cold
7741,exp-cold-10000-007752-a909c522,1784800232928,1784800232929,202,1.000,cold
7742,exp-cold-10000-007750-58bbc0c6,1784800232928,1784800232929,202,1.000,cold
7743,exp-cold-10000-007747-49fa8045,1784800232928,1784800232929,202,1.000,cold
7744,exp-cold-10000-007740-9ea97c64,1784800232928,1784800232929,202,1.000,cold
7745,exp-cold-10000-007751-f7a68572,1784800232928,1784800232929,202,1.000,cold
7746,exp-cold-10000-007753-85087763,1784800232928,1784800232929,202,1.000,cold
7747,exp-cold-10000-007746-47b181b4,1784800232928,1784800232929,202,1.000,cold
7748,exp-cold-10000-007765-830c90d4,1784800232928,1784800232930,202,2.000,cold
7749,exp-cold-10000-007758-5d1c4447,1784800232928,1784800232930,202,2.000,cold
7750,exp-cold-10000-008523-7423189b,1784800232928,1784800232974,202,46.000,cold
7751,exp-cold-10000-007741-8e716499,1784800232929,1784800232929,202,0.000,cold
7752,exp-cold-10000-007742-dcc3c8fb,1784800232929,1784800232929,202,0.000,cold
7753,exp-cold-10000-007745-d0faabc3,1784800232929,1784800232929,202,0.000,cold
7754,exp-cold-10000-007743-a0808a4b,1784800232929,1784800232929,202,0.000,cold
7755,exp-cold-10000-007739-bbb0ed67,1784800232929,1784800232929,202,0.000,cold
7756,exp-cold-10000-007748-84e2cdba,1784800232929,1784800232929,202,0.000,cold
7757,exp-cold-10000-007744-e92988d5,1784800232929,1784800232929,202,0.000,cold
7758,exp-cold-10000-007757-16f1f880,1784800232929,1784800232930,202,1.000,cold
7759,exp-cold-10000-007760-57464a21,1784800232929,1784800232930,202,1.000,cold
7760,exp-cold-10000-007764-f6e8b427,1784800232929,1784800232930,202,1.000,cold
7761,exp-cold-10000-007766-230d73bf,1784800232929,1784800232930,202,1.000,cold
7762,exp-cold-10000-007769-84c827f9,1784800232929,1784800232930,202,1.000,cold
7763,exp-cold-10000-007762-8fedc994,1784800232929,1784800232930,202,1.000,cold
7764,exp-cold-10000-007772-1d804620,1784800232929,1784800232930,202,1.000,cold
7765,exp-cold-10000-007770-7168e144,1784800232929,1784800232930,202,1.000,cold
7766,exp-cold-10000-007767-1b9dd2c6,1784800232929,1784800232930,202,1.000,cold
7767,exp-cold-10000-007771-737bffa0,1784800232929,1784800232930,202,1.000,cold
7768,exp-cold-10000-007773-29933a12,1784800232929,1784800232930,202,1.000,cold
7769,exp-cold-10000-007768-1106c1f3,1784800232929,1784800232930,202,1.000,cold
7770,exp-cold-10000-007774-ca6c3b30,1784800232929,1784800232930,202,1.000,cold
7771,exp-cold-10000-007791-0afdd1c3,1784800232929,1784800232931,202,2.000,cold
7772,exp-cold-10000-007792-a0f434fb,1784800232929,1784800232931,202,2.000,cold
7773,exp-cold-10000-007754-26559c61,1784800232930,1784800232930,202,0.000,cold
7774,exp-cold-10000-007756-98a01924,1784800232930,1784800232930,202,0.000,cold
7775,exp-cold-10000-007759-d087fdd7,1784800232930,1784800232930,202,0.000,cold
7776,exp-cold-10000-007755-47c69b4d,1784800232930,1784800232930,202,0.000,cold
7777,exp-cold-10000-007761-2f9d8064,1784800232930,1784800232930,202,0.000,cold
7778,exp-cold-10000-007763-762890e3,1784800232930,1784800232930,202,0.000,cold
7779,exp-cold-10000-007783-c8d37009,1784800232930,1784800232931,202,1.000,cold
7780,exp-cold-10000-007784-300379d9,1784800232930,1784800232931,202,1.000,cold
7781,exp-cold-10000-007778-fedcbce4,1784800232930,1784800232931,202,1.000,cold
7782,exp-cold-10000-007787-2c898cfd,1784800232930,1784800232931,202,1.000,cold
7783,exp-cold-10000-007788-bdf0679b,1784800232930,1784800232931,202,1.000,cold
7784,exp-cold-10000-007776-0706f69b,1784800232930,1784800232931,202,1.000,cold
7785,exp-cold-10000-007789-8dcb8953,1784800232930,1784800232931,202,1.000,cold
7786,exp-cold-10000-007785-8283c3fb,1784800232930,1784800232931,202,1.000,cold
7787,exp-cold-10000-007790-8c5bf8e6,1784800232930,1784800232931,202,1.000,cold
7788,exp-cold-10000-007794-abcd4b64,1784800232930,1784800232931,202,1.000,cold
7789,exp-cold-10000-007782-d382f834,1784800232930,1784800232931,202,1.000,cold
7790,exp-cold-10000-007786-d7238299,1784800232930,1784800232931,202,1.000,cold
7791,exp-cold-10000-007806-8182863b,1784800232930,1784800232932,202,2.000,cold
7792,exp-cold-10000-008515-10fc193f,1784800232930,1784800232974,202,44.000,cold
7793,exp-cold-10000-007775-72156a6c,1784800232931,1784800232931,202,0.000,cold
7794,exp-cold-10000-007777-9b95f5ea,1784800232931,1784800232931,202,0.000,cold
7795,exp-cold-10000-007780-84c5b722,1784800232931,1784800232931,202,0.000,cold
7796,exp-cold-10000-007781-149b0817,1784800232931,1784800232931,202,0.000,cold
7797,exp-cold-10000-007779-0a07f4e7,1784800232931,1784800232931,202,0.000,cold
7798,exp-cold-10000-007800-376dca2e,1784800232931,1784800232932,202,1.000,cold
7799,exp-cold-10000-007802-0db19a81,1784800232931,1784800232932,202,1.000,cold
7800,exp-cold-10000-007805-7e5abb75,1784800232931,1784800232932,202,1.000,cold
7801,exp-cold-10000-007803-09b78a7d,1784800232931,1784800232932,202,1.000,cold
7802,exp-cold-10000-007804-bf17e538,1784800232931,1784800232932,202,1.000,cold
7803,exp-cold-10000-007795-e4d5414b,1784800232931,1784800232932,202,1.000,cold
7804,exp-cold-10000-007801-b665603a,1784800232931,1784800232932,202,1.000,cold
7805,exp-cold-10000-007808-f7dd6f5c,1784800232931,1784800232932,202,1.000,cold
7806,exp-cold-10000-007807-90fa116b,1784800232931,1784800232932,202,1.000,cold
7807,exp-cold-10000-007825-22a0a0db,1784800232931,1784800232933,202,2.000,cold
7808,exp-cold-10000-007823-eec5911f,1784800232931,1784800232933,202,2.000,cold
7809,exp-cold-10000-007826-66fa6e38,1784800232931,1784800232933,202,2.000,cold
7810,exp-cold-10000-007827-a99b8287,1784800232931,1784800232933,202,2.000,cold
7811,exp-cold-10000-007840-02468c15,1784800232931,1784800232934,202,3.000,cold
7812,exp-cold-10000-007844-3e09689b,1784800232931,1784800232934,202,3.000,cold
7813,exp-cold-10000-007833-bb6afce9,1784800232931,1784800232934,202,3.000,cold
7814,exp-cold-10000-007841-5aec0740,1784800232931,1784800232934,202,3.000,cold
7815,exp-cold-10000-008528-52f4d70e,1784800232931,1784800232975,202,44.000,cold
7816,exp-cold-10000-007793-fdc637e0,1784800232932,1784800232932,202,0.000,cold
7817,exp-cold-10000-007797-bc3758cc,1784800232932,1784800232932,202,0.000,cold
7818,exp-cold-10000-007796-6d0fa313,1784800232932,1784800232932,202,0.000,cold
7819,exp-cold-10000-007799-ef2bd241,1784800232932,1784800232932,202,0.000,cold
7820,exp-cold-10000-007798-82b4c849,1784800232932,1784800232932,202,0.000,cold
7821,exp-cold-10000-007814-ebc9ddf8,1784800232932,1784800232933,202,1.000,cold
7822,exp-cold-10000-007813-8cb194ae,1784800232932,1784800232933,202,1.000,cold
7823,exp-cold-10000-007819-d4d65b40,1784800232932,1784800232933,202,1.000,cold
7824,exp-cold-10000-007817-30478c0d,1784800232932,1784800232933,202,1.000,cold
7825,exp-cold-10000-007816-f6833121,1784800232932,1784800232933,202,1.000,cold
7826,exp-cold-10000-007818-24b36924,1784800232932,1784800232933,202,1.000,cold
7827,exp-cold-10000-007810-88ce75b9,1784800232932,1784800232933,202,1.000,cold
7828,exp-cold-10000-007821-9427dcc7,1784800232932,1784800232933,202,1.000,cold
7829,exp-cold-10000-007824-0d9ebd1b,1784800232932,1784800232933,202,1.000,cold
7830,exp-cold-10000-007822-519f82fe,1784800232932,1784800232933,202,1.000,cold
7831,exp-cold-10000-007820-e965b711,1784800232932,1784800232933,202,1.000,cold
7832,exp-cold-10000-007815-3f050256,1784800232932,1784800232933,202,1.000,cold
7833,exp-cold-10000-007839-ea94e4ca,1784800232932,1784800232934,202,2.000,cold
7834,exp-cold-10000-007843-abe15f20,1784800232932,1784800232934,202,2.000,cold
7835,exp-cold-10000-007838-a5a01643,1784800232932,1784800232934,202,2.000,cold
7836,exp-cold-10000-007846-4f05ebf7,1784800232932,1784800232935,202,3.000,cold
7837,exp-cold-10000-007851-c95faca7,1784800232932,1784800232935,202,3.000,cold
7838,exp-cold-10000-007856-7fe9b0dc,1784800232932,1784800232935,202,3.000,cold
7839,exp-cold-10000-007852-f136b8c7,1784800232932,1784800232935,202,3.000,cold
7840,exp-cold-10000-007809-61cb4c1b,1784800232933,1784800232933,202,0.000,cold
7841,exp-cold-10000-007812-b2de8510,1784800232933,1784800232933,202,0.000,cold
7842,exp-cold-10000-007811-1b88bf8e,1784800232933,1784800232933,202,0.000,cold
7843,exp-cold-10000-007831-de01878b,1784800232933,1784800232934,202,1.000,cold
7844,exp-cold-10000-007835-febaf6ee,1784800232933,1784800232934,202,1.000,cold
7845,exp-cold-10000-007832-2dc823f2,1784800232933,1784800232934,202,1.000,cold
7846,exp-cold-10000-007834-51cd8f9c,1784800232933,1784800232934,202,1.000,cold
7847,exp-cold-10000-007836-9c8ea490,1784800232933,1784800232934,202,1.000,cold
7848,exp-cold-10000-007829-bd3ef55e,1784800232933,1784800232934,202,1.000,cold
7849,exp-cold-10000-007837-68e25f9c,1784800232933,1784800232934,202,1.000,cold
7850,exp-cold-10000-007830-cfbf6ec7,1784800232933,1784800232934,202,1.000,cold
7851,exp-cold-10000-007842-6bbe6003,1784800232933,1784800232934,202,1.000,cold
7852,exp-cold-10000-007847-35941600,1784800232933,1784800232935,202,2.000,cold
7853,exp-cold-10000-007845-2623611a,1784800232933,1784800232935,202,2.000,cold
7854,exp-cold-10000-008644-d9eb01de,1784800232933,1784800232981,202,48.000,cold
7855,exp-cold-10000-007828-dc2d1105,1784800232934,1784800232934,202,0.000,cold
7856,exp-cold-10000-007849-6768ccd8,1784800232934,1784800232935,202,1.000,cold
7857,exp-cold-10000-007853-fe726c95,1784800232934,1784800232935,202,1.000,cold
7858,exp-cold-10000-007850-985bd8b8,1784800232934,1784800232935,202,1.000,cold
7859,exp-cold-10000-007855-73893011,1784800232934,1784800232935,202,1.000,cold
7860,exp-cold-10000-007854-e9539447,1784800232934,1784800232935,202,1.000,cold
7861,exp-cold-10000-007857-ca08a216,1784800232934,1784800232935,202,1.000,cold
7862,exp-cold-10000-007858-e743c10a,1784800232934,1784800232935,202,1.000,cold
7863,exp-cold-10000-007848-0e2899d7,1784800232934,1784800232935,202,1.000,cold
7864,exp-cold-10000-007868-654f28c2,1784800232934,1784800232936,202,2.000,cold
7865,exp-cold-10000-007867-4d3c1fc8,1784800232934,1784800232936,202,2.000,cold
7866,exp-cold-10000-007921-9911fb4a,1784800232934,1784800232939,202,5.000,cold
7867,exp-cold-10000-008806-17652b94,1784800232934,1784800232989,202,55.000,cold
7868,exp-cold-10000-007863-fc3385dd,1784800232935,1784800232936,202,1.000,cold
7869,exp-cold-10000-007860-812db198,1784800232935,1784800232936,202,1.000,cold
7870,exp-cold-10000-007861-9d00617a,1784800232935,1784800232936,202,1.000,cold
7871,exp-cold-10000-007862-fd3b3126,1784800232935,1784800232936,202,1.000,cold
7872,exp-cold-10000-007859-48ccc50a,1784800232935,1784800232936,202,1.000,cold
7873,exp-cold-10000-007869-be811de7,1784800232935,1784800232936,202,1.000,cold
7874,exp-cold-10000-007866-2a695ae0,1784800232935,1784800232936,202,1.000,cold
7875,exp-cold-10000-007865-684b43a0,1784800232935,1784800232936,202,1.000,cold
7876,exp-cold-10000-007864-6ae6c009,1784800232935,1784800232936,202,1.000,cold
7877,exp-cold-10000-007877-695c47f6,1784800232935,1784800232937,202,2.000,cold
7878,exp-cold-10000-007884-e06fe44f,1784800232935,1784800232937,202,2.000,cold
7879,exp-cold-10000-007899-f25eb452,1784800232935,1784800232938,202,3.000,cold
7880,exp-cold-10000-007910-9d493cb5,1784800232935,1784800232939,202,4.000,cold
7881,exp-cold-10000-007904-e2f4aab2,1784800232935,1784800232939,202,4.000,cold
7882,exp-cold-10000-007876-d0e10580,1784800232936,1784800232937,202,1.000,cold
7883,exp-cold-10000-007875-03456434,1784800232936,1784800232937,202,1.000,cold
7884,exp-cold-10000-007878-7d3233ba,1784800232936,1784800232937,202,1.000,cold
7885,exp-cold-10000-007882-96966a92,1784800232936,1784800232937,202,1.000,cold
7886,exp-cold-10000-007881-c77b0784,1784800232936,1784800232937,202,1.000,cold
7887,exp-cold-10000-007879-e36b7215,1784800232936,1784800232937,202,1.000,cold
7888,exp-cold-10000-007880-f35a7a51,1784800232936,1784800232937,202,1.000,cold
7889,exp-cold-10000-007885-57971855,1784800232936,1784800232937,202,1.000,cold
7890,exp-cold-10000-007874-8b386e9e,1784800232936,1784800232937,202,1.000,cold
7891,exp-cold-10000-007883-2da2749f,1784800232936,1784800232937,202,1.000,cold
7892,exp-cold-10000-007903-9bd816ff,1784800232936,1784800232938,202,2.000,cold
7893,exp-cold-10000-007900-98bbaa67,1784800232936,1784800232938,202,2.000,cold
7894,exp-cold-10000-007902-3d7691fb,1784800232936,1784800232938,202,2.000,cold
7895,exp-cold-10000-007906-1c7cfc83,1784800232936,1784800232939,202,3.000,cold
7896,exp-cold-10000-007908-ed8f233c,1784800232936,1784800232939,202,3.000,cold
7897,exp-cold-10000-007907-3590f32b,1784800232936,1784800232939,202,3.000,cold
7898,exp-cold-10000-007914-eed76e44,1784800232936,1784800232939,202,3.000,cold
7899,exp-cold-10000-007912-32688f0f,1784800232936,1784800232939,202,3.000,cold
7900,exp-cold-10000-007913-ca186dbd,1784800232936,1784800232939,202,3.000,cold
7901,exp-cold-10000-007923-d45ca7c0,1784800232936,1784800232939,202,3.000,cold
7902,exp-cold-10000-007924-1b6607c8,1784800232936,1784800232939,202,3.000,cold
7903,exp-cold-10000-007917-7c053c70,1784800232936,1784800232939,202,3.000,cold
7904,exp-cold-10000-007901-a19edb0b,1784800232936,1784800232939,202,3.000,cold
7905,exp-cold-10000-007919-e0ddaece,1784800232936,1784800232939,202,3.000,cold
7906,exp-cold-10000-008077-15075b1d,1784800232936,1784800232949,202,13.000,cold
7907,exp-cold-10000-008540-b82bb1e9,1784800232936,1784800232975,202,39.000,cold
7908,exp-cold-10000-008799-fc36edf0,1784800232936,1784800232989,202,53.000,cold
7909,exp-cold-10000-007870-677fd30c,1784800232937,1784800232937,202,0.000,cold
7910,exp-cold-10000-007872-36d4b08e,1784800232937,1784800232937,202,0.000,cold
7911,exp-cold-10000-007873-ad0c6b68,1784800232937,1784800232937,202,0.000,cold
7912,exp-cold-10000-007871-a89ae06f,1784800232937,1784800232937,202,0.000,cold
7913,exp-cold-10000-007888-ca13ffcc,1784800232937,1784800232938,202,1.000,cold
7914,exp-cold-10000-007887-e2c665a0,1784800232937,1784800232938,202,1.000,cold
7915,exp-cold-10000-007890-e9162a0f,1784800232937,1784800232938,202,1.000,cold
7916,exp-cold-10000-007889-79dcde8b,1784800232937,1784800232938,202,1.000,cold
7917,exp-cold-10000-007886-0e546b7c,1784800232937,1784800232938,202,1.000,cold
7918,exp-cold-10000-007896-3991fe65,1784800232937,1784800232938,202,1.000,cold
7919,exp-cold-10000-007897-7c66602a,1784800232937,1784800232938,202,1.000,cold
7920,exp-cold-10000-007892-a17d67dc,1784800232937,1784800232938,202,1.000,cold
7921,exp-cold-10000-007891-a8bfafb9,1784800232937,1784800232938,202,1.000,cold
7922,exp-cold-10000-007898-56aa7663,1784800232937,1784800232938,202,1.000,cold
7923,exp-cold-10000-007894-b7e904dd,1784800232937,1784800232938,202,1.000,cold
7924,exp-cold-10000-007895-c8b7ccce,1784800232937,1784800232938,202,1.000,cold
7925,exp-cold-10000-007893-59bccbc7,1784800232937,1784800232938,202,1.000,cold
7926,exp-cold-10000-007909-f50b3fa7,1784800232937,1784800232939,202,2.000,cold
7927,exp-cold-10000-007920-8c3da5c6,1784800232937,1784800232939,202,2.000,cold
7928,exp-cold-10000-007934-41f52494,1784800232937,1784800232940,202,3.000,cold
7929,exp-cold-10000-007975-50bacf87,1784800232937,1784800232943,202,6.000,cold
7930,exp-cold-10000-007979-3b3c7ef9,1784800232937,1784800232944,202,7.000,cold
7931,exp-cold-10000-007991-5782b753,1784800232937,1784800232944,202,7.000,cold
7932,exp-cold-10000-008530-c85c089b,1784800232937,1784800232975,202,38.000,cold
7933,exp-cold-10000-008539-62cf1219,1784800232937,1784800232975,202,38.000,cold
7934,exp-cold-10000-008660-bec6a722,1784800232937,1784800232981,202,44.000,cold
7935,exp-cold-10000-008755-d8da4d6c,1784800232937,1784800232986,202,49.000,cold
7936,exp-cold-10000-007905-f6f55f42,1784800232938,1784800232939,202,1.000,cold
7937,exp-cold-10000-007911-9124b2ea,1784800232938,1784800232939,202,1.000,cold
7938,exp-cold-10000-007915-eaabd919,1784800232938,1784800232939,202,1.000,cold
7939,exp-cold-10000-007922-777e624a,1784800232938,1784800232939,202,1.000,cold
7940,exp-cold-10000-007916-de483b1d,1784800232938,1784800232939,202,1.000,cold
7941,exp-cold-10000-007918-7f6faabd,1784800232938,1784800232939,202,1.000,cold
7942,exp-cold-10000-007931-7b364a3d,1784800232938,1784800232940,202,2.000,cold
7943,exp-cold-10000-007925-97c1485d,1784800232938,1784800232940,202,2.000,cold
7944,exp-cold-10000-007932-872640a1,1784800232938,1784800232940,202,2.000,cold
7945,exp-cold-10000-007933-97719bf2,1784800232938,1784800232940,202,2.000,cold
7946,exp-cold-10000-007926-d6a11fba,1784800232938,1784800232940,202,2.000,cold
7947,exp-cold-10000-007947-7b2c7869,1784800232938,1784800232941,202,3.000,cold
7948,exp-cold-10000-007987-1ffc198f,1784800232938,1784800232944,202,6.000,cold
7949,exp-cold-10000-007989-4ee22527,1784800232938,1784800232944,202,6.000,cold
7950,exp-cold-10000-007986-d7154aa7,1784800232938,1784800232944,202,6.000,cold
7951,exp-cold-10000-007990-3b9496ee,1784800232938,1784800232944,202,6.000,cold
7952,exp-cold-10000-007977-0c9b3600,1784800232938,1784800232944,202,6.000,cold
7953,exp-cold-10000-007985-a946b4cb,1784800232938,1784800232944,202,6.000,cold
7954,exp-cold-10000-007984-c0c8c225,1784800232938,1784800232944,202,6.000,cold
7955,exp-cold-10000-008004-a2859d19,1784800232938,1784800232945,202,7.000,cold
7956,exp-cold-10000-008017-965dbeba,1784800232938,1784800232946,202,8.000,cold
7957,exp-cold-10000-008059-64051738,1784800232938,1784800232948,202,10.000,cold
7958,exp-cold-10000-008793-62f054aa,1784800232938,1784800232988,202,50.000,cold
7959,exp-cold-10000-007927-90e4badb,1784800232939,1784800232940,202,1.000,cold
7960,exp-cold-10000-007929-d0958f27,1784800232939,1784800232940,202,1.000,cold
7961,exp-cold-10000-007928-cf213bfa,1784800232939,1784800232940,202,1.000,cold
7962,exp-cold-10000-007930-51f8ca62,1784800232939,1784800232940,202,1.000,cold
7963,exp-cold-10000-007935-74b5ff54,1784800232939,1784800232940,202,1.000,cold
7964,exp-cold-10000-007943-260ad8af,1784800232939,1784800232941,202,2.000,cold
7965,exp-cold-10000-007939-f9e61d5a,1784800232939,1784800232941,202,2.000,cold
7966,exp-cold-10000-007940-fac7ba06,1784800232939,1784800232941,202,2.000,cold
7967,exp-cold-10000-007937-4ca28835,1784800232939,1784800232941,202,2.000,cold
7968,exp-cold-10000-007963-e51e43d5,1784800232939,1784800232942,202,3.000,cold
7969,exp-cold-10000-007976-a2775b79,1784800232939,1784800232943,202,4.000,cold
7970,exp-cold-10000-007981-e5394fc8,1784800232939,1784800232944,202,5.000,cold
7971,exp-cold-10000-007978-ca1f398e,1784800232939,1784800232944,202,5.000,cold
7972,exp-cold-10000-008008-6f5501e2,1784800232939,1784800232945,202,6.000,cold
7973,exp-cold-10000-008002-6ad0b013,1784800232939,1784800232945,202,6.000,cold
7974,exp-cold-10000-008014-bffd310b,1784800232939,1784800232946,202,7.000,cold
7975,exp-cold-10000-008024-01fc8f0b,1784800232939,1784800232946,202,7.000,cold
7976,exp-cold-10000-008056-684fb883,1784800232939,1784800232948,202,9.000,cold
7977,exp-cold-10000-008083-6ae3550b,1784800232939,1784800232949,202,10.000,cold
7978,exp-cold-10000-008093-30dd493f,1784800232939,1784800232950,202,11.000,cold
7979,exp-cold-10000-008506-dc72bacf,1784800232939,1784800232974,202,35.000,cold
7980,exp-cold-10000-007936-5b06e0ff,1784800232940,1784800232941,202,1.000,cold
7981,exp-cold-10000-007938-55a17b98,1784800232940,1784800232941,202,1.000,cold
7982,exp-cold-10000-007942-a7233a9f,1784800232940,1784800232941,202,1.000,cold
7983,exp-cold-10000-007941-9fcc0ab3,1784800232940,1784800232941,202,1.000,cold
7984,exp-cold-10000-007944-f3fbd364,1784800232940,1784800232941,202,1.000,cold
7985,exp-cold-10000-007945-7c5c122f,1784800232940,1784800232941,202,1.000,cold
7986,exp-cold-10000-007946-a33cc0da,1784800232940,1784800232941,202,1.000,cold
7987,exp-cold-10000-007949-1e22e239,1784800232940,1784800232942,202,2.000,cold
7988,exp-cold-10000-007959-5cc55897,1784800232940,1784800232942,202,2.000,cold
7989,exp-cold-10000-007961-a2f108c7,1784800232940,1784800232942,202,2.000,cold
7990,exp-cold-10000-007960-4322359b,1784800232940,1784800232942,202,2.000,cold
7991,exp-cold-10000-007962-9e72aa3f,1784800232940,1784800232942,202,2.000,cold
7992,exp-cold-10000-007958-313a4ea1,1784800232940,1784800232942,202,2.000,cold
7993,exp-cold-10000-007966-fe943978,1784800232940,1784800232943,202,3.000,cold
7994,exp-cold-10000-007969-82874d06,1784800232940,1784800232943,202,3.000,cold
7995,exp-cold-10000-007972-e88f52e7,1784800232940,1784800232943,202,3.000,cold
7996,exp-cold-10000-007971-7ac4ea26,1784800232940,1784800232943,202,3.000,cold
7997,exp-cold-10000-007964-d0f474d7,1784800232940,1784800232943,202,3.000,cold
7998,exp-cold-10000-007970-0c84b17a,1784800232940,1784800232943,202,3.000,cold
7999,exp-cold-10000-007974-e0e8b4f5,1784800232940,1784800232943,202,3.000,cold
8000,exp-cold-10000-007968-6faa07c1,1784800232940,1784800232943,202,3.000,cold
8001,exp-cold-10000-007999-7d2f9c10,1784800232940,1784800232945,202,5.000,cold
8002,exp-cold-10000-007996-aeab22f9,1784800232940,1784800232945,202,5.000,cold
8003,exp-cold-10000-007994-c24e1f36,1784800232940,1784800232945,202,5.000,cold
8004,exp-cold-10000-008005-29b2d400,1784800232940,1784800232945,202,5.000,cold
8005,exp-cold-10000-007995-b5226f34,1784800232940,1784800232945,202,5.000,cold
8006,exp-cold-10000-007997-a50e7280,1784800232940,1784800232945,202,5.000,cold
8007,exp-cold-10000-008003-4e11f01a,1784800232940,1784800232945,202,5.000,cold
8008,exp-cold-10000-008028-a7e66224,1784800232940,1784800232946,202,6.000,cold
8009,exp-cold-10000-008022-2b5096c3,1784800232940,1784800232946,202,6.000,cold
8010,exp-cold-10000-008013-d26f2185,1784800232940,1784800232946,202,6.000,cold
8011,exp-cold-10000-008041-19675167,1784800232940,1784800232947,202,7.000,cold
8012,exp-cold-10000-008075-db634e55,1784800232940,1784800232949,202,9.000,cold
8013,exp-cold-10000-008079-a846d919,1784800232940,1784800232949,202,9.000,cold
8014,exp-cold-10000-008088-2d88bc5e,1784800232940,1784800232950,202,10.000,cold
8015,exp-cold-10000-008541-b7410639,1784800232940,1784800232975,202,35.000,cold
8016,exp-cold-10000-008700-26c38b7b,1784800232940,1784800232983,202,43.000,cold
8017,exp-cold-10000-007950-5dd7ae91,1784800232941,1784800232942,202,1.000,cold
8018,exp-cold-10000-007952-dccb172c,1784800232941,1784800232942,202,1.000,cold
8019,exp-cold-10000-007955-49c87d0f,1784800232941,1784800232942,202,1.000,cold
8020,exp-cold-10000-007948-78a0fd16,1784800232941,1784800232942,202,1.000,cold
8021,exp-cold-10000-007951-9949697a,1784800232941,1784800232942,202,1.000,cold
8022,exp-cold-10000-007954-7ae6adef,1784800232941,1784800232942,202,1.000,cold
8023,exp-cold-10000-007956-2dcfb185,1784800232941,1784800232942,202,1.000,cold
8024,exp-cold-10000-007953-395f8145,1784800232941,1784800232942,202,1.000,cold
8025,exp-cold-10000-007957-f5286b9e,1784800232941,1784800232942,202,1.000,cold
8026,exp-cold-10000-008020-394ef7ed,1784800232941,1784800232946,202,5.000,cold
8027,exp-cold-10000-008009-fc55ab87,1784800232941,1784800232946,202,5.000,cold
8028,exp-cold-10000-008023-9ebd2569,1784800232941,1784800232946,202,5.000,cold
8029,exp-cold-10000-008021-60d7a2a4,1784800232941,1784800232946,202,5.000,cold
8030,exp-cold-10000-008015-cbf0245b,1784800232941,1784800232946,202,5.000,cold
8031,exp-cold-10000-008019-9f10a72e,1784800232941,1784800232946,202,5.000,cold
8032,exp-cold-10000-008068-7426edba,1784800232941,1784800232948,202,7.000,cold
8033,exp-cold-10000-008071-0c7d1172,1784800232941,1784800232949,202,8.000,cold
8034,exp-cold-10000-008074-d25d8fa4,1784800232941,1784800232949,202,8.000,cold
8035,exp-cold-10000-008078-1687afc3,1784800232941,1784800232949,202,8.000,cold
8036,exp-cold-10000-008086-668d42d6,1784800232941,1784800232950,202,9.000,cold
8037,exp-cold-10000-008583-671ff8d6,1784800232941,1784800232978,202,37.000,cold
8038,exp-cold-10000-008678-22a582a2,1784800232941,1784800232982,202,41.000,cold
8039,exp-cold-10000-008750-afb6ee39,1784800232941,1784800232986,202,45.000,cold
8040,exp-cold-10000-007967-3693cae0,1784800232942,1784800232943,202,1.000,cold
8041,exp-cold-10000-007965-6719365d,1784800232942,1784800232943,202,1.000,cold
8042,exp-cold-10000-007973-88657db6,1784800232942,1784800232943,202,1.000,cold
8043,exp-cold-10000-008046-e7bca418,1784800232942,1784800232947,202,5.000,cold
8044,exp-cold-10000-008069-0a25ff61,1784800232942,1784800232949,202,7.000,cold
8045,exp-cold-10000-008090-21612f2a,1784800232942,1784800232950,202,8.000,cold
8046,exp-cold-10000-008092-3b65229f,1784800232942,1784800232950,202,8.000,cold
8047,exp-cold-10000-008091-8e0fcd2f,1784800232942,1784800232950,202,8.000,cold
8048,exp-cold-10000-008089-c9ef29b4,1784800232942,1784800232950,202,8.000,cold
8049,exp-cold-10000-008110-63c49376,1784800232942,1784800232951,202,9.000,cold
8050,exp-cold-10000-008108-106ecefa,1784800232942,1784800232951,202,9.000,cold
8051,exp-cold-10000-008100-88e07969,1784800232942,1784800232951,202,9.000,cold
8052,exp-cold-10000-008107-4a13d0c9,1784800232942,1784800232951,202,9.000,cold
8053,exp-cold-10000-008113-3be5f731,1784800232942,1784800232951,202,9.000,cold
8054,exp-cold-10000-007980-ca6b6cbd,1784800232943,1784800232944,202,1.000,cold
8055,exp-cold-10000-007983-07500282,1784800232943,1784800232944,202,1.000,cold
8056,exp-cold-10000-007988-3095b9ac,1784800232943,1784800232944,202,1.000,cold
8057,exp-cold-10000-007982-b8c01cd5,1784800232943,1784800232944,202,1.000,cold
8058,exp-cold-10000-007993-04e56aa2,1784800232943,1784800232944,202,1.000,cold
8059,exp-cold-10000-007992-9f37a5f1,1784800232943,1784800232944,202,1.000,cold
8060,exp-cold-10000-008025-6f0dd74a,1784800232943,1784800232946,202,3.000,cold
8061,exp-cold-10000-008026-5c85a9e9,1784800232943,1784800232946,202,3.000,cold
8062,exp-cold-10000-008035-a4d114a9,1784800232943,1784800232947,202,4.000,cold
8063,exp-cold-10000-008047-a94cb29e,1784800232943,1784800232947,202,4.000,cold
8064,exp-cold-10000-008038-10acffb5,1784800232943,1784800232947,202,4.000,cold
8065,exp-cold-10000-008042-62c069d0,1784800232943,1784800232947,202,4.000,cold
8066,exp-cold-10000-008032-9bee6e45,1784800232943,1784800232947,202,4.000,cold
8067,exp-cold-10000-008030-4fc1aa52,1784800232943,1784800232947,202,4.000,cold
8068,exp-cold-10000-008031-d6653bf2,1784800232943,1784800232947,202,4.000,cold
8069,exp-cold-10000-008037-8abc9f09,1784800232943,1784800232947,202,4.000,cold
8070,exp-cold-10000-008034-ffbe1256,1784800232943,1784800232947,202,4.000,cold
8071,exp-cold-10000-008044-f7799342,1784800232943,1784800232947,202,4.000,cold
8072,exp-cold-10000-008081-73b52660,1784800232943,1784800232949,202,6.000,cold
8073,exp-cold-10000-008103-cd1107da,1784800232943,1784800232951,202,8.000,cold
8074,exp-cold-10000-008102-3f61c130,1784800232943,1784800232951,202,8.000,cold
8075,exp-cold-10000-008109-7d544849,1784800232943,1784800232951,202,8.000,cold
8076,exp-cold-10000-008101-5fca438d,1784800232943,1784800232951,202,8.000,cold
8077,exp-cold-10000-008116-d02803d2,1784800232943,1784800232951,202,8.000,cold
8078,exp-cold-10000-008104-db4e10dc,1784800232943,1784800232951,202,8.000,cold
8079,exp-cold-10000-008106-993ed2cd,1784800232943,1784800232951,202,8.000,cold
8080,exp-cold-10000-008111-c9baca51,1784800232943,1784800232951,202,8.000,cold
8081,exp-cold-10000-008378-ac53ca2e,1784800232943,1784800232969,202,26.000,cold
8082,exp-cold-10000-008381-3f163176,1784800232943,1784800232969,202,26.000,cold
8083,exp-cold-10000-008380-bb0045fb,1784800232943,1784800232969,202,26.000,cold
8084,exp-cold-10000-008391-0f314451,1784800232943,1784800232969,202,26.000,cold
8085,exp-cold-10000-008416-1e181051,1784800232943,1784800232970,202,27.000,cold
8086,exp-cold-10000-008921-681af32e,1784800232943,1784800232994,202,51.000,cold
8087,exp-cold-10000-008001-a705fa6e,1784800232944,1784800232945,202,1.000,cold
8088,exp-cold-10000-008000-580131bb,1784800232944,1784800232945,202,1.000,cold
8089,exp-cold-10000-007998-a4fab208,1784800232944,1784800232945,202,1.000,cold
8090,exp-cold-10000-008007-05cbd754,1784800232944,1784800232945,202,1.000,cold
8091,exp-cold-10000-008006-b30e1d18,1784800232944,1784800232945,202,1.000,cold
8092,exp-cold-10000-008010-0688bdc0,1784800232944,1784800232946,202,2.000,cold
8093,exp-cold-10000-008039-a68dbbfd,1784800232944,1784800232947,202,3.000,cold
8094,exp-cold-10000-008067-338cc118,1784800232944,1784800232948,202,4.000,cold
8095,exp-cold-10000-008084-5740b072,1784800232944,1784800232950,202,6.000,cold
8096,exp-cold-10000-008115-b6a3958b,1784800232944,1784800232951,202,7.000,cold
8097,exp-cold-10000-008117-56254993,1784800232944,1784800232952,202,8.000,cold
8098,exp-cold-10000-008135-474298aa,1784800232944,1784800232952,202,8.000,cold
8099,exp-cold-10000-008132-64b9707e,1784800232944,1784800232952,202,8.000,cold
8100,exp-cold-10000-008120-51d40e4d,1784800232944,1784800232952,202,8.000,cold
8101,exp-cold-10000-008134-551bca91,1784800232944,1784800232952,202,8.000,cold
8102,exp-cold-10000-008133-e68b6562,1784800232944,1784800232952,202,8.000,cold
8103,exp-cold-10000-008130-ba760203,1784800232944,1784800232952,202,8.000,cold
8104,exp-cold-10000-008126-94aa46e3,1784800232944,1784800232952,202,8.000,cold
8105,exp-cold-10000-008122-c671bfa1,1784800232944,1784800232952,202,8.000,cold
8106,exp-cold-10000-008121-4b6ae167,1784800232944,1784800232952,202,8.000,cold
8107,exp-cold-10000-008142-87773e24,1784800232944,1784800232953,202,9.000,cold
8108,exp-cold-10000-008150-baeb2b7c,1784800232944,1784800232953,202,9.000,cold
8109,exp-cold-10000-008145-0279253e,1784800232944,1784800232953,202,9.000,cold
8110,exp-cold-10000-008716-dd449e06,1784800232944,1784800232984,202,40.000,cold
8111,exp-cold-10000-008737-6f647008,1784800232944,1784800232985,202,41.000,cold
8112,exp-cold-10000-008954-440e1b19,1784800232944,1784800232995,202,51.000,cold
8113,exp-cold-10000-008011-3026956f,1784800232945,1784800232946,202,1.000,cold
8114,exp-cold-10000-008016-e81e376d,1784800232945,1784800232946,202,1.000,cold
8115,exp-cold-10000-008018-180187bd,1784800232945,1784800232946,202,1.000,cold
8116,exp-cold-10000-008029-ae287545,1784800232945,1784800232946,202,1.000,cold
8117,exp-cold-10000-008027-a8d96bef,1784800232945,1784800232946,202,1.000,cold
8118,exp-cold-10000-008052-ade3bd21,1784800232945,1784800232947,202,2.000,cold
8119,exp-cold-10000-008051-935d1bef,1784800232945,1784800232947,202,2.000,cold
8120,exp-cold-10000-008066-8507cbd1,1784800232945,1784800232948,202,3.000,cold
8121,exp-cold-10000-008094-c3f80b30,1784800232945,1784800232950,202,5.000,cold
8122,exp-cold-10000-008082-4eff53f5,1784800232945,1784800232950,202,5.000,cold
8123,exp-cold-10000-008123-971bddff,1784800232945,1784800232952,202,7.000,cold
8124,exp-cold-10000-008127-9a91814d,1784800232945,1784800232952,202,7.000,cold
8125,exp-cold-10000-008128-2c9c7403,1784800232945,1784800232952,202,7.000,cold
8126,exp-cold-10000-008129-b41774b6,1784800232945,1784800232952,202,7.000,cold
8127,exp-cold-10000-008137-f365f62d,1784800232945,1784800232953,202,8.000,cold
8128,exp-cold-10000-008144-d556bfa9,1784800232945,1784800232953,202,8.000,cold
8129,exp-cold-10000-008158-a433e9c2,1784800232945,1784800232954,202,9.000,cold
8130,exp-cold-10000-008165-89008309,1784800232945,1784800232954,202,9.000,cold
8131,exp-cold-10000-008457-a337b85c,1784800232945,1784800232972,202,27.000,cold
8132,exp-cold-10000-008472-61e6997c,1784800232945,1784800232972,202,27.000,cold
8133,exp-cold-10000-008475-dfe4a48d,1784800232945,1784800232973,202,28.000,cold
8134,exp-cold-10000-008484-2c509e0a,1784800232945,1784800232973,202,28.000,cold
8135,exp-cold-10000-008571-b07eeaa1,1784800232945,1784800232978,202,33.000,cold
8136,exp-cold-10000-008610-1c2a3a16,1784800232945,1784800232979,202,34.000,cold
8137,exp-cold-10000-008758-0dd2f929,1784800232945,1784800232986,202,41.000,cold
8138,exp-cold-10000-008012-389a2220,1784800232946,1784800232946,202,0.000,cold
8139,exp-cold-10000-008033-6ec90bf3,1784800232946,1784800232947,202,1.000,cold
8140,exp-cold-10000-008036-1686c487,1784800232946,1784800232947,202,1.000,cold
8141,exp-cold-10000-008040-7010cc99,1784800232946,1784800232947,202,1.000,cold
8142,exp-cold-10000-008043-0cfe023e,1784800232946,1784800232947,202,1.000,cold
8143,exp-cold-10000-008045-1fbc3105,1784800232946,1784800232947,202,1.000,cold
8144,exp-cold-10000-008048-bb2157db,1784800232946,1784800232947,202,1.000,cold
8145,exp-cold-10000-008050-a15246b3,1784800232946,1784800232948,202,2.000,cold
8146,exp-cold-10000-008060-2d1ac51e,1784800232946,1784800232948,202,2.000,cold
8147,exp-cold-10000-008058-8e06d66d,1784800232946,1784800232948,202,2.000,cold
8148,exp-cold-10000-008049-69f4569d,1784800232946,1784800232948,202,2.000,cold
8149,exp-cold-10000-008131-d9ebac72,1784800232946,1784800232952,202,6.000,cold
8150,exp-cold-10000-008136-f12d7bbe,1784800232946,1784800232953,202,7.000,cold
8151,exp-cold-10000-008147-3d21b2f7,1784800232946,1784800232953,202,7.000,cold
8152,exp-cold-10000-008153-e95ed82e,1784800232946,1784800232953,202,7.000,cold
8153,exp-cold-10000-008143-85965371,1784800232946,1784800232953,202,7.000,cold
8154,exp-cold-10000-008149-a171bec4,1784800232946,1784800232953,202,7.000,cold
8155,exp-cold-10000-008146-2dcc314f,1784800232946,1784800232953,202,7.000,cold
8156,exp-cold-10000-008138-8bc5c180,1784800232946,1784800232953,202,7.000,cold
8157,exp-cold-10000-008170-15195de2,1784800232946,1784800232954,202,8.000,cold
8158,exp-cold-10000-008167-3b52cb2b,1784800232946,1784800232954,202,8.000,cold
8159,exp-cold-10000-008462-0b0fdeb9,1784800232946,1784800232972,202,26.000,cold
8160,exp-cold-10000-008463-899cf4b1,1784800232946,1784800232972,202,26.000,cold
8161,exp-cold-10000-008544-81938d36,1784800232946,1784800232976,202,30.000,cold
8162,exp-cold-10000-008585-9f30259c,1784800232946,1784800232978,202,32.000,cold
8163,exp-cold-10000-008631-8190e1f0,1784800232946,1784800232980,202,34.000,cold
8164,exp-cold-10000-008938-e59c3ebf,1784800232946,1784800232995,202,49.000,cold
8165,exp-cold-10000-008053-a7aa625b,1784800232947,1784800232948,202,1.000,cold
8166,exp-cold-10000-008054-60375cdb,1784800232947,1784800232948,202,1.000,cold
8167,exp-cold-10000-008057-1b10babf,1784800232947,1784800232948,202,1.000,cold
8168,exp-cold-10000-008063-5697228d,1784800232947,1784800232948,202,1.000,cold
8169,exp-cold-10000-008061-8c58f32c,1784800232947,1784800232948,202,1.000,cold
8170,exp-cold-10000-008062-3ae2ffd8,1784800232947,1784800232948,202,1.000,cold
8171,exp-cold-10000-008064-c8ccef67,1784800232947,1784800232948,202,1.000,cold
8172,exp-cold-10000-008055-cd2f8a67,1784800232947,1784800232948,202,1.000,cold
8173,exp-cold-10000-008076-be45b716,1784800232947,1784800232949,202,2.000,cold
8174,exp-cold-10000-008080-855f5389,1784800232947,1784800232949,202,2.000,cold
8175,exp-cold-10000-008099-70c9950a,1784800232947,1784800232951,202,4.000,cold
8176,exp-cold-10000-008182-def08d05,1784800232947,1784800232955,202,8.000,cold
8177,exp-cold-10000-008070-bce55fc4,1784800232948,1784800232949,202,1.000,cold
8178,exp-cold-10000-008073-4ad76b7b,1784800232948,1784800232949,202,1.000,cold
8179,exp-cold-10000-008072-c83bc825,1784800232948,1784800232949,202,1.000,cold
8180,exp-cold-10000-008065-36b5a38f,1784800232948,1784800232949,202,1.000,cold
8181,exp-cold-10000-008098-6eb3cf75,1784800232948,1784800232950,202,2.000,cold
8182,exp-cold-10000-008097-2b65569f,1784800232948,1784800232950,202,2.000,cold
8183,exp-cold-10000-008124-193358c8,1784800232948,1784800232952,202,4.000,cold
8184,exp-cold-10000-008148-279b6aa6,1784800232948,1784800232953,202,5.000,cold
8185,exp-cold-10000-008156-b4e257cd,1784800232948,1784800232954,202,6.000,cold
8186,exp-cold-10000-008155-90635d16,1784800232948,1784800232954,202,6.000,cold
8187,exp-cold-10000-008164-7a4a46a7,1784800232948,1784800232954,202,6.000,cold
8188,exp-cold-10000-008166-3ea3f4cc,1784800232948,1784800232954,202,6.000,cold
8189,exp-cold-10000-008163-5a28b05f,1784800232948,1784800232954,202,6.000,cold
8190,exp-cold-10000-008168-4e942760,1784800232948,1784800232954,202,6.000,cold
8191,exp-cold-10000-008162-3652243a,1784800232948,1784800232954,202,6.000,cold
8192,exp-cold-10000-008172-a4cd0771,1784800232948,1784800232955,202,7.000,cold
8193,exp-cold-10000-008204-0d7068e6,1784800232948,1784800232956,202,8.000,cold
8194,exp-cold-10000-008465-f95e252b,1784800232948,1784800232972,202,24.000,cold
8195,exp-cold-10000-008777-5248f17f,1784800232948,1784800232987,202,39.000,cold
8196,exp-cold-10000-008809-9e99d75f,1784800232948,1784800232989,202,41.000,cold
8197,exp-cold-10000-008972-96a76068,1784800232948,1784800232996,202,48.000,cold
8198,exp-cold-10000-008085-82d63d0a,1784800232949,1784800232950,202,1.000,cold
8199,exp-cold-10000-008095-a19d062b,1784800232949,1784800232950,202,1.000,cold
8200,exp-cold-10000-008087-f1e481a2,1784800232949,1784800232950,202,1.000,cold
8201,exp-cold-10000-008096-09610da6,1784800232949,1784800232950,202,1.000,cold
8202,exp-cold-10000-008114-22f16ef2,1784800232949,1784800232952,202,3.000,cold
8203,exp-cold-10000-008171-af0a9a83,1784800232949,1784800232955,202,6.000,cold
8204,exp-cold-10000-008174-6344742c,1784800232949,1784800232955,202,6.000,cold
8205,exp-cold-10000-008177-9e75aa2f,1784800232949,1784800232955,202,6.000,cold
8206,exp-cold-10000-008178-f5f49e9e,1784800232949,1784800232955,202,6.000,cold
8207,exp-cold-10000-008180-a4863dd3,1784800232949,1784800232955,202,6.000,cold
8208,exp-cold-10000-008181-86b297f3,1784800232949,1784800232955,202,6.000,cold
8209,exp-cold-10000-008176-41bbc8c7,1784800232949,1784800232955,202,6.000,cold
8210,exp-cold-10000-008185-85e4e72b,1784800232949,1784800232955,202,6.000,cold
8211,exp-cold-10000-008559-cf57aef1,1784800232949,1784800232976,202,27.000,cold
8212,exp-cold-10000-008749-ced160ad,1784800232949,1784800232986,202,37.000,cold
8213,exp-cold-10000-008751-420384b5,1784800232949,1784800232986,202,37.000,cold
8214,exp-cold-10000-008787-01bc929f,1784800232949,1784800232988,202,39.000,cold
8215,exp-cold-10000-008882-f0501ff2,1784800232949,1784800232992,202,43.000,cold
8216,exp-cold-10000-008963-563a6a8c,1784800232949,1784800232996,202,47.000,cold
8217,exp-cold-10000-008105-702a95cf,1784800232950,1784800232951,202,1.000,cold
8218,exp-cold-10000-008112-52924bfe,1784800232950,1784800232951,202,1.000,cold
8219,exp-cold-10000-008194-7c490c39,1784800232950,1784800232956,202,6.000,cold
8220,exp-cold-10000-008354-3547b30b,1784800232950,1784800232967,202,17.000,cold
8221,exp-cold-10000-008673-c78cad1d,1784800232950,1784800232982,202,32.000,cold
8222,exp-cold-10000-008692-dc3f6275,1784800232950,1784800232983,202,33.000,cold
8223,exp-cold-10000-008795-ea8248a1,1784800232950,1784800232989,202,39.000,cold
8224,exp-cold-10000-008817-8d7220ae,1784800232950,1784800232990,202,40.000,cold
8225,exp-cold-10000-008935-3bc02adb,1784800232950,1784800232995,202,45.000,cold
8226,exp-cold-10000-008977-38bc8850,1784800232950,1784800232996,202,46.000,cold
8227,exp-cold-10000-008119-c08aafb9,1784800232951,1784800232952,202,1.000,cold
8228,exp-cold-10000-008118-befa5ec2,1784800232951,1784800232952,202,1.000,cold
8229,exp-cold-10000-008125-029b2ebf,1784800232951,1784800232952,202,1.000,cold
8230,exp-cold-10000-008152-64c4a99d,1784800232951,1784800232953,202,2.000,cold
8231,exp-cold-10000-008154-fc29b0e7,1784800232951,1784800232953,202,2.000,cold
8232,exp-cold-10000-008160-9cd40ecc,1784800232951,1784800232954,202,3.000,cold
8233,exp-cold-10000-008206-68a628b5,1784800232951,1784800232956,202,5.000,cold
8234,exp-cold-10000-008190-f25cbaef,1784800232951,1784800232956,202,5.000,cold
8235,exp-cold-10000-008207-05bb61bb,1784800232951,1784800232956,202,5.000,cold
8236,exp-cold-10000-008199-0332f247,1784800232951,1784800232956,202,5.000,cold
8237,exp-cold-10000-008202-13eeb491,1784800232951,1784800232956,202,5.000,cold
8238,exp-cold-10000-008210-73e6800f,1784800232951,1784800232956,202,5.000,cold
8239,exp-cold-10000-008347-0ca82774,1784800232951,1784800232967,202,16.000,cold
8240,exp-cold-10000-008350-a9f0ae09,1784800232951,1784800232967,202,16.000,cold
8241,exp-cold-10000-008351-8d9f37b2,1784800232951,1784800232967,202,16.000,cold
8242,exp-cold-10000-008365-bc94dbbe,1784800232951,1784800232968,202,17.000,cold
8243,exp-cold-10000-008366-6c720cc6,1784800232951,1784800232968,202,17.000,cold
8244,exp-cold-10000-008361-cf8ec872,1784800232951,1784800232968,202,17.000,cold
8245,exp-cold-10000-008476-5f72b9a4,1784800232951,1784800232973,202,22.000,cold
8246,exp-cold-10000-008501-f81d42a0,1784800232951,1784800232974,202,23.000,cold
8247,exp-cold-10000-008517-fc910f53,1784800232951,1784800232974,202,23.000,cold
8248,exp-cold-10000-008629-7acd1f9c,1784800232951,1784800232980,202,29.000,cold
8249,exp-cold-10000-008699-3ccd694b,1784800232951,1784800232983,202,32.000,cold
8250,exp-cold-10000-008774-93802acd,1784800232951,1784800232987,202,36.000,cold
8251,exp-cold-10000-008820-7b792875,1784800232951,1784800232990,202,39.000,cold
8252,exp-cold-10000-008960-e9b4e27a,1784800232951,1784800232996,202,45.000,cold
8253,exp-cold-10000-008140-57d80299,1784800232952,1784800232953,202,1.000,cold
8254,exp-cold-10000-008141-f23bb842,1784800232952,1784800232953,202,1.000,cold
8255,exp-cold-10000-008139-6946d15e,1784800232952,1784800232953,202,1.000,cold
8256,exp-cold-10000-008151-24625441,1784800232952,1784800232954,202,2.000,cold
8257,exp-cold-10000-008169-9fc16e98,1784800232952,1784800232954,202,2.000,cold
8258,exp-cold-10000-008224-a64f8a43,1784800232952,1784800232957,202,5.000,cold
8259,exp-cold-10000-008222-4cd7da9c,1784800232952,1784800232957,202,5.000,cold
8260,exp-cold-10000-008211-ac8e49d6,1784800232952,1784800232957,202,5.000,cold
8261,exp-cold-10000-008241-6110efc2,1784800232952,1784800232958,202,6.000,cold
8262,exp-cold-10000-008360-b205cd6b,1784800232952,1784800232968,202,16.000,cold
8263,exp-cold-10000-008371-f0cf2ac2,1784800232952,1784800232968,202,16.000,cold
8264,exp-cold-10000-008374-0a306202,1784800232952,1784800232968,202,16.000,cold
8265,exp-cold-10000-008362-67878c01,1784800232952,1784800232968,202,16.000,cold
8266,exp-cold-10000-008369-d721ebc6,1784800232952,1784800232968,202,16.000,cold
8267,exp-cold-10000-008370-9ffc4027,1784800232952,1784800232968,202,16.000,cold
8268,exp-cold-10000-008399-34eccd76,1784800232952,1784800232969,202,17.000,cold
8269,exp-cold-10000-008398-db99b5a1,1784800232952,1784800232969,202,17.000,cold
8270,exp-cold-10000-008508-9aeb48d1,1784800232952,1784800232974,202,22.000,cold
8271,exp-cold-10000-008702-def16cc0,1784800232952,1784800232983,202,31.000,cold
8272,exp-cold-10000-008708-63ff5af1,1784800232952,1784800232983,202,31.000,cold
8273,exp-cold-10000-008710-cb4a4ba9,1784800232952,1784800232984,202,32.000,cold
8274,exp-cold-10000-008966-e3a7b5df,1784800232952,1784800232996,202,44.000,cold
8275,exp-cold-10000-008161-f26b674e,1784800232953,1784800232954,202,1.000,cold
8276,exp-cold-10000-008159-cd6a778e,1784800232953,1784800232954,202,1.000,cold
8277,exp-cold-10000-008157-00c09e20,1784800232953,1784800232954,202,1.000,cold
8278,exp-cold-10000-008187-368e9776,1784800232953,1784800232955,202,2.000,cold
8279,exp-cold-10000-008214-6a701fc3,1784800232953,1784800232957,202,4.000,cold
8280,exp-cold-10000-008219-15aed852,1784800232953,1784800232957,202,4.000,cold
8281,exp-cold-10000-008220-2be6d3ee,1784800232953,1784800232957,202,4.000,cold
8282,exp-cold-10000-008233-11496280,1784800232953,1784800232958,202,5.000,cold
8283,exp-cold-10000-008359-72ee8f82,1784800232953,1784800232968,202,15.000,cold
8284,exp-cold-10000-008358-dae17d96,1784800232953,1784800232968,202,15.000,cold
8285,exp-cold-10000-008367-e28472cb,1784800232953,1784800232968,202,15.000,cold
8286,exp-cold-10000-008390-0d96946e,1784800232953,1784800232969,202,16.000,cold
8287,exp-cold-10000-008396-396fdfb9,1784800232953,1784800232969,202,16.000,cold
8288,exp-cold-10000-008397-99dc0d08,1784800232953,1784800232969,202,16.000,cold
8289,exp-cold-10000-008394-0f5b9de5,1784800232953,1784800232969,202,16.000,cold
8290,exp-cold-10000-008395-1a4fb9e0,1784800232953,1784800232969,202,16.000,cold
8291,exp-cold-10000-008389-9253fa92,1784800232953,1784800232969,202,16.000,cold
8292,exp-cold-10000-008402-2938910a,1784800232953,1784800232970,202,17.000,cold
8293,exp-cold-10000-008483-4217cb6f,1784800232953,1784800232973,202,20.000,cold
8294,exp-cold-10000-008630-e5e53943,1784800232953,1784800232980,202,27.000,cold
8295,exp-cold-10000-008723-94270a07,1784800232953,1784800232984,202,31.000,cold
8296,exp-cold-10000-008724-ae8f21ac,1784800232953,1784800232984,202,31.000,cold
8297,exp-cold-10000-008780-b5325518,1784800232953,1784800232988,202,35.000,cold
8298,exp-cold-10000-008823-5eaf08ae,1784800232953,1784800232990,202,37.000,cold
8299,exp-cold-10000-008835-506eb5e0,1784800232953,1784800232991,202,38.000,cold
8300,exp-cold-10000-008909-50244d0d,1784800232953,1784800232994,202,41.000,cold
8301,exp-cold-10000-008175-b93fc7f9,1784800232954,1784800232955,202,1.000,cold
8302,exp-cold-10000-008179-b2bfbfcc,1784800232954,1784800232955,202,1.000,cold
8303,exp-cold-10000-008184-6d06d041,1784800232954,1784800232955,202,1.000,cold
8304,exp-cold-10000-008183-25db21db,1784800232954,1784800232955,202,1.000,cold
8305,exp-cold-10000-008173-47304d30,1784800232954,1784800232955,202,1.000,cold
8306,exp-cold-10000-008186-f55e1fd5,1784800232954,1784800232955,202,1.000,cold
8307,exp-cold-10000-008209-1db27f70,1784800232954,1784800232956,202,2.000,cold
8308,exp-cold-10000-008240-7ba68b77,1784800232954,1784800232958,202,4.000,cold
8309,exp-cold-10000-008245-619a60f7,1784800232954,1784800232958,202,4.000,cold
8310,exp-cold-10000-008237-9da18e2c,1784800232954,1784800232958,202,4.000,cold
8311,exp-cold-10000-008239-4f8dbb9b,1784800232954,1784800232958,202,4.000,cold
8312,exp-cold-10000-008242-f2377cf4,1784800232954,1784800232958,202,4.000,cold
8313,exp-cold-10000-008231-5348302b,1784800232954,1784800232958,202,4.000,cold
8314,exp-cold-10000-008243-5559ebae,1784800232954,1784800232958,202,4.000,cold
8315,exp-cold-10000-008383-a2b543d2,1784800232954,1784800232969,202,15.000,cold
8316,exp-cold-10000-008375-1737bd3c,1784800232954,1784800232969,202,15.000,cold
8317,exp-cold-10000-008384-46283111,1784800232954,1784800232969,202,15.000,cold
8318,exp-cold-10000-008387-0a2ed4ec,1784800232954,1784800232969,202,15.000,cold
8319,exp-cold-10000-008404-2ade13f5,1784800232954,1784800232970,202,16.000,cold
8320,exp-cold-10000-008439-59b01db7,1784800232954,1784800232971,202,17.000,cold
8321,exp-cold-10000-008434-fe09563a,1784800232954,1784800232971,202,17.000,cold
8322,exp-cold-10000-008479-b5216bcd,1784800232954,1784800232973,202,19.000,cold
8323,exp-cold-10000-008489-5445f08e,1784800232954,1784800232973,202,19.000,cold
8324,exp-cold-10000-008488-dccaf4b1,1784800232954,1784800232973,202,19.000,cold
8325,exp-cold-10000-008490-f0c2de4d,1784800232954,1784800232973,202,19.000,cold
8326,exp-cold-10000-008482-26fbbe17,1784800232954,1784800232973,202,19.000,cold
8327,exp-cold-10000-008493-d2620b99,1784800232954,1784800232973,202,19.000,cold
8328,exp-cold-10000-008522-053e3401,1784800232954,1784800232974,202,20.000,cold
8329,exp-cold-10000-008524-2e0de37e,1784800232954,1784800232974,202,20.000,cold
8330,exp-cold-10000-008521-69a534d8,1784800232954,1784800232974,202,20.000,cold
8331,exp-cold-10000-008582-5aa67bc0,1784800232954,1784800232978,202,24.000,cold
8332,exp-cold-10000-008580-e678bc94,1784800232954,1784800232978,202,24.000,cold
8333,exp-cold-10000-008818-0753b282,1784800232954,1784800232990,202,36.000,cold
8334,exp-cold-10000-008852-ea14afc4,1784800232954,1784800232991,202,37.000,cold
8335,exp-cold-10000-008189-ccfd1dde,1784800232955,1784800232956,202,1.000,cold
8336,exp-cold-10000-008192-7ae5d2fd,1784800232955,1784800232956,202,1.000,cold
8337,exp-cold-10000-008188-a2ed5d17,1784800232955,1784800232956,202,1.000,cold
8338,exp-cold-10000-008196-c939300e,1784800232955,1784800232956,202,1.000,cold
8339,exp-cold-10000-008195-ece5c53b,1784800232955,1784800232956,202,1.000,cold
8340,exp-cold-10000-008193-42b2fce3,1784800232955,1784800232956,202,1.000,cold
8341,exp-cold-10000-008197-163b551e,1784800232955,1784800232956,202,1.000,cold
8342,exp-cold-10000-008198-37711d2f,1784800232955,1784800232956,202,1.000,cold
8343,exp-cold-10000-008201-10b5693d,1784800232955,1784800232956,202,1.000,cold
8344,exp-cold-10000-008200-1b2da59f,1784800232955,1784800232956,202,1.000,cold
8345,exp-cold-10000-008203-4a53e3a9,1784800232955,1784800232956,202,1.000,cold
8346,exp-cold-10000-008191-07cf3c93,1784800232955,1784800232956,202,1.000,cold
8347,exp-cold-10000-008208-115282b4,1784800232955,1784800232956,202,1.000,cold
8348,exp-cold-10000-008215-312752f9,1784800232955,1784800232957,202,2.000,cold
8349,exp-cold-10000-008217-3e92fa6b,1784800232955,1784800232957,202,2.000,cold
8350,exp-cold-10000-008227-8d9cff2f,1784800232955,1784800232957,202,2.000,cold
8351,exp-cold-10000-008221-5784a4ee,1784800232955,1784800232957,202,2.000,cold
8352,exp-cold-10000-008205-ff9084f6,1784800232955,1784800232957,202,2.000,cold
8353,exp-cold-10000-008225-2b76dbbf,1784800232955,1784800232957,202,2.000,cold
8354,exp-cold-10000-008246-f9def761,1784800232955,1784800232959,202,4.000,cold
8355,exp-cold-10000-008406-a8227411,1784800232955,1784800232970,202,15.000,cold
8356,exp-cold-10000-008403-918bb4a2,1784800232955,1784800232970,202,15.000,cold
8357,exp-cold-10000-008422-3cd40655,1784800232955,1784800232970,202,15.000,cold
8358,exp-cold-10000-008409-3479372d,1784800232955,1784800232970,202,15.000,cold
8359,exp-cold-10000-008405-a8dd3335,1784800232955,1784800232970,202,15.000,cold
8360,exp-cold-10000-008414-cb2b3d2e,1784800232955,1784800232970,202,15.000,cold
8361,exp-cold-10000-008411-7cf88ee5,1784800232955,1784800232970,202,15.000,cold
8362,exp-cold-10000-008427-489f5650,1784800232955,1784800232971,202,16.000,cold
8363,exp-cold-10000-008480-79383aba,1784800232955,1784800232973,202,18.000,cold
8364,exp-cold-10000-008512-aa8a0870,1784800232955,1784800232974,202,19.000,cold
8365,exp-cold-10000-008514-bad31029,1784800232955,1784800232974,202,19.000,cold
8366,exp-cold-10000-008513-0b549624,1784800232955,1784800232974,202,19.000,cold
8367,exp-cold-10000-008520-f23dab93,1784800232955,1784800232974,202,19.000,cold
8368,exp-cold-10000-008519-365e2f93,1784800232955,1784800232974,202,19.000,cold
8369,exp-cold-10000-008560-73bf29d8,1784800232955,1784800232976,202,21.000,cold
8370,exp-cold-10000-008551-e1fe591b,1784800232955,1784800232976,202,21.000,cold
8371,exp-cold-10000-008556-2429ae9a,1784800232955,1784800232976,202,21.000,cold
8372,exp-cold-10000-008561-11684488,1784800232955,1784800232976,202,21.000,cold
8373,exp-cold-10000-008576-b289f847,1784800232955,1784800232978,202,23.000,cold
8374,exp-cold-10000-008593-00293de9,1784800232955,1784800232979,202,24.000,cold
8375,exp-cold-10000-008596-0906bf97,1784800232955,1784800232979,202,24.000,cold
8376,exp-cold-10000-008605-121854c5,1784800232955,1784800232979,202,24.000,cold
8377,exp-cold-10000-008726-1ce6a6e8,1784800232955,1784800232985,202,30.000,cold
8378,exp-cold-10000-008864-bc5b1f46,1784800232955,1784800232992,202,37.000,cold
8379,exp-cold-10000-008995-2f8d0b79,1784800232955,1784800232997,202,42.000,cold
8380,exp-cold-10000-008212-4e7fb267,1784800232956,1784800232957,202,1.000,cold
8381,exp-cold-10000-008216-3dd0b00b,1784800232956,1784800232957,202,1.000,cold
8382,exp-cold-10000-008218-3260da12,1784800232956,1784800232957,202,1.000,cold
8383,exp-cold-10000-008223-2d2e59d2,1784800232956,1784800232957,202,1.000,cold
8384,exp-cold-10000-008226-8ca0b474,1784800232956,1784800232957,202,1.000,cold
8385,exp-cold-10000-008213-39c6da71,1784800232956,1784800232957,202,1.000,cold
8386,exp-cold-10000-008230-5f53869e,1784800232956,1784800232958,202,2.000,cold
8387,exp-cold-10000-008229-b6e7daa0,1784800232956,1784800232958,202,2.000,cold
8388,exp-cold-10000-008234-c1f81961,1784800232956,1784800232958,202,2.000,cold
8389,exp-cold-10000-008236-350cef70,1784800232956,1784800232958,202,2.000,cold
8390,exp-cold-10000-008238-1f5a6caf,1784800232956,1784800232958,202,2.000,cold
8391,exp-cold-10000-008244-1332fc5a,1784800232956,1784800232958,202,2.000,cold
8392,exp-cold-10000-008232-1719df8b,1784800232956,1784800232958,202,2.000,cold
8393,exp-cold-10000-008251-3030add5,1784800232956,1784800232959,202,3.000,cold
8394,exp-cold-10000-008252-b62b54ba,1784800232956,1784800232959,202,3.000,cold
8395,exp-cold-10000-008247-8b960dca,1784800232956,1784800232959,202,3.000,cold
8396,exp-cold-10000-008259-f1d34305,1784800232956,1784800232960,202,4.000,cold
8397,exp-cold-10000-008431-f0478bae,1784800232956,1784800232971,202,15.000,cold
8398,exp-cold-10000-008446-4b9adcda,1784800232956,1784800232971,202,15.000,cold
8399,exp-cold-10000-008500-c1e8a891,1784800232956,1784800232974,202,18.000,cold
8400,exp-cold-10000-008536-d3a935a7,1784800232956,1784800232975,202,19.000,cold
8401,exp-cold-10000-008538-fd86d990,1784800232956,1784800232975,202,19.000,cold
8402,exp-cold-10000-008525-8fff56dc,1784800232956,1784800232975,202,19.000,cold
8403,exp-cold-10000-008526-d959be7e,1784800232956,1784800232975,202,19.000,cold
8404,exp-cold-10000-008529-9c4e9b13,1784800232956,1784800232975,202,19.000,cold
8405,exp-cold-10000-008533-9f0b1025,1784800232956,1784800232975,202,19.000,cold
8406,exp-cold-10000-008537-7e3af3c6,1784800232956,1784800232975,202,19.000,cold
8407,exp-cold-10000-008534-e8f7c109,1784800232956,1784800232975,202,19.000,cold
8408,exp-cold-10000-008555-40339885,1784800232956,1784800232976,202,20.000,cold
8409,exp-cold-10000-008547-56ada7aa,1784800232956,1784800232976,202,20.000,cold
8410,exp-cold-10000-008557-f60ec87c,1784800232956,1784800232976,202,20.000,cold
8411,exp-cold-10000-008552-62d10a51,1784800232956,1784800232976,202,20.000,cold
8412,exp-cold-10000-008558-3b843d1a,1784800232956,1784800232976,202,20.000,cold
8413,exp-cold-10000-008563-922228a5,1784800232956,1784800232976,202,20.000,cold
8414,exp-cold-10000-008549-7c8a33fa,1784800232956,1784800232976,202,20.000,cold
8415,exp-cold-10000-008564-fff80c48,1784800232956,1784800232976,202,20.000,cold
8416,exp-cold-10000-008553-905a4067,1784800232956,1784800232976,202,20.000,cold
8417,exp-cold-10000-008584-04ffd4eb,1784800232956,1784800232978,202,22.000,cold
8418,exp-cold-10000-008588-9ea88a14,1784800232956,1784800232978,202,22.000,cold
8419,exp-cold-10000-008579-8c959501,1784800232956,1784800232978,202,22.000,cold
8420,exp-cold-10000-008639-99588999,1784800232956,1784800232980,202,24.000,cold
8421,exp-cold-10000-008228-eaae961a,1784800232957,1784800232958,202,1.000,cold
8422,exp-cold-10000-008235-86c70634,1784800232957,1784800232958,202,1.000,cold
8423,exp-cold-10000-008256-b51125f6,1784800232957,1784800232959,202,2.000,cold
8424,exp-cold-10000-008255-c9268e08,1784800232957,1784800232959,202,2.000,cold
8425,exp-cold-10000-008248-f59c1f6d,1784800232957,1784800232959,202,2.000,cold
8426,exp-cold-10000-008253-7bee9320,1784800232957,1784800232959,202,2.000,cold
8427,exp-cold-10000-008250-4cbe0370,1784800232957,1784800232959,202,2.000,cold
8428,exp-cold-10000-008260-b615a904,1784800232957,1784800232960,202,3.000,cold
8429,exp-cold-10000-008430-bcee0b8b,1784800232957,1784800232971,202,14.000,cold
8430,exp-cold-10000-008438-246cbd74,1784800232957,1784800232971,202,14.000,cold
8431,exp-cold-10000-008449-4d721bff,1784800232957,1784800232971,202,14.000,cold
8432,exp-cold-10000-008447-657a2a06,1784800232957,1784800232971,202,14.000,cold
8433,exp-cold-10000-008550-3d051074,1784800232957,1784800232976,202,19.000,cold
8434,exp-cold-10000-008543-b18e2cb4,1784800232957,1784800232976,202,19.000,cold
8435,exp-cold-10000-008548-d9099d05,1784800232957,1784800232976,202,19.000,cold
8436,exp-cold-10000-008573-905b2271,1784800232957,1784800232978,202,21.000,cold
8437,exp-cold-10000-008574-875d7aa5,1784800232957,1784800232978,202,21.000,cold
8438,exp-cold-10000-008577-d64cd7bb,1784800232957,1784800232978,202,21.000,cold
8439,exp-cold-10000-008581-80fe3b87,1784800232957,1784800232978,202,21.000,cold
8440,exp-cold-10000-008590-0a3a0ece,1784800232957,1784800232978,202,21.000,cold
8441,exp-cold-10000-008801-526d3ddb,1784800232957,1784800232989,202,32.000,cold
8442,exp-cold-10000-008819-793cd8bf,1784800232957,1784800232990,202,33.000,cold
8443,exp-cold-10000-008875-acce4d21,1784800232957,1784800232992,202,35.000,cold
8444,exp-cold-10000-008877-647518a3,1784800232957,1784800232992,202,35.000,cold
8445,exp-cold-10000-009177-9ab922c1,1784800232957,1784800233008,202,51.000,cold
8446,exp-cold-10000-008249-a33f57c7,1784800232958,1784800232959,202,1.000,cold
8447,exp-cold-10000-008257-bf3cc547,1784800232958,1784800232959,202,1.000,cold
8448,exp-cold-10000-008258-04cc323d,1784800232958,1784800232959,202,1.000,cold
8449,exp-cold-10000-008261-a5d07746,1784800232958,1784800232960,202,2.000,cold
8450,exp-cold-10000-008454-ee83147c,1784800232958,1784800232972,202,14.000,cold
8451,exp-cold-10000-008455-b715ec4c,1784800232958,1784800232972,202,14.000,cold
8452,exp-cold-10000-008602-e275e63a,1784800232958,1784800232979,202,21.000,cold
8453,exp-cold-10000-008595-54d2661b,1784800232958,1784800232979,202,21.000,cold
8454,exp-cold-10000-008604-0a7995d0,1784800232958,1784800232979,202,21.000,cold
8455,exp-cold-10000-008600-3e888a06,1784800232958,1784800232979,202,21.000,cold
8456,exp-cold-10000-008603-803fc787,1784800232958,1784800232979,202,21.000,cold
8457,exp-cold-10000-008611-91f4a5e7,1784800232958,1784800232979,202,21.000,cold
8458,exp-cold-10000-008601-a91b4c0d,1784800232958,1784800232979,202,21.000,cold
8459,exp-cold-10000-008613-767c313e,1784800232958,1784800232979,202,21.000,cold
8460,exp-cold-10000-008612-69b3e5ff,1784800232958,1784800232979,202,21.000,cold
8461,exp-cold-10000-008618-7cc99fc2,1784800232958,1784800232979,202,21.000,cold
8462,exp-cold-10000-008592-e5000238,1784800232958,1784800232979,202,21.000,cold
8463,exp-cold-10000-008648-b2e727ca,1784800232958,1784800232981,202,23.000,cold
8464,exp-cold-10000-008649-de6f7180,1784800232958,1784800232981,202,23.000,cold
8465,exp-cold-10000-008701-536bce09,1784800232958,1784800232983,202,25.000,cold
8466,exp-cold-10000-008706-7f59441b,1784800232958,1784800232983,202,25.000,cold
8467,exp-cold-10000-008908-b2a9d33a,1784800232958,1784800232993,202,35.000,cold
8468,exp-cold-10000-009041-806a39b4,1784800232958,1784800232999,202,41.000,cold
8469,exp-cold-10000-008262-0dbb9864,1784800232959,1784800232960,202,1.000,cold
8470,exp-cold-10000-008254-c68c57df,1784800232959,1784800232961,202,2.000,cold
8471,exp-cold-10000-008426-98dac23e,1784800232959,1784800232971,202,12.000,cold
8472,exp-cold-10000-008638-3c9877b8,1784800232959,1784800232980,202,21.000,cold
8473,exp-cold-10000-008642-d8263fe1,1784800232959,1784800232980,202,21.000,cold
8474,exp-cold-10000-008741-d8f3e0bc,1784800232959,1784800232985,202,26.000,cold
8475,exp-cold-10000-008930-c5effd6b,1784800232959,1784800232994,202,35.000,cold
8476,exp-cold-10000-008927-f8cd7daa,1784800232959,1784800232994,202,35.000,cold
8477,exp-cold-10000-009059-a7fd53d0,1784800232959,1784800233001,202,42.000,cold
8478,exp-cold-10000-009066-78e24c8b,1784800232959,1784800233001,202,42.000,cold
8479,exp-cold-10000-009087-b79a226f,1784800232959,1784800233002,202,43.000,cold
8480,exp-cold-10000-009115-371c1092,1784800232959,1784800233003,202,44.000,cold
8481,exp-cold-10000-009106-a7fc50a9,1784800232959,1784800233003,202,44.000,cold
8482,exp-cold-10000-008263-471a093f,1784800232960,1784800232962,202,2.000,cold
8483,exp-cold-10000-008622-95375ab8,1784800232960,1784800232980,202,20.000,cold
8484,exp-cold-10000-008663-4a75b3e8,1784800232960,1784800232981,202,21.000,cold
8485,exp-cold-10000-008711-87392472,1784800232960,1784800232984,202,24.000,cold
8486,exp-cold-10000-008713-8f738246,1784800232960,1784800232984,202,24.000,cold
8487,exp-cold-10000-008729-69db7d7c,1784800232960,1784800232985,202,25.000,cold
8488,exp-cold-10000-008867-1181cf71,1784800232960,1784800232992,202,32.000,cold
8489,exp-cold-10000-008931-d2f15a48,1784800232960,1784800232994,202,34.000,cold
8490,exp-cold-10000-009047-ac30c78b,1784800232960,1784800233000,202,40.000,cold
8491,exp-cold-10000-008269-0e80e684,1784800232961,1784800232962,202,1.000,cold
8492,exp-cold-10000-008271-1f2dc3f3,1784800232961,1784800232962,202,1.000,cold
8493,exp-cold-10000-008270-99177f8e,1784800232961,1784800232962,202,1.000,cold
8494,exp-cold-10000-008265-01cfbc0f,1784800232961,1784800232962,202,1.000,cold
8495,exp-cold-10000-008268-a1ccfdf0,1784800232961,1784800232962,202,1.000,cold
8496,exp-cold-10000-008273-e770a3af,1784800232961,1784800232962,202,1.000,cold
8497,exp-cold-10000-008272-0863c4c0,1784800232961,1784800232962,202,1.000,cold
8498,exp-cold-10000-008276-d5a779c3,1784800232961,1784800232962,202,1.000,cold
8499,exp-cold-10000-008275-0b26f112,1784800232961,1784800232962,202,1.000,cold
8500,exp-cold-10000-008267-b0f1ffc0,1784800232961,1784800232962,202,1.000,cold
8501,exp-cold-10000-008290-d2a6e59a,1784800232961,1784800232963,202,2.000,cold
8502,exp-cold-10000-008285-2ae03df7,1784800232961,1784800232963,202,2.000,cold
8503,exp-cold-10000-008496-20c208b0,1784800232961,1784800232973,202,12.000,cold
8504,exp-cold-10000-008505-efcf2b2a,1784800232961,1784800232974,202,13.000,cold
8505,exp-cold-10000-008497-85f532e2,1784800232961,1784800232974,202,13.000,cold
8506,exp-cold-10000-008664-0024511d,1784800232961,1784800232981,202,20.000,cold
8507,exp-cold-10000-008665-db568330,1784800232961,1784800232981,202,20.000,cold
8508,exp-cold-10000-008730-ffc4fa99,1784800232961,1784800232985,202,24.000,cold
8509,exp-cold-10000-008768-28a0eb0a,1784800232961,1784800232987,202,26.000,cold
8510,exp-cold-10000-008923-0fbd69d9,1784800232961,1784800232994,202,33.000,cold
8511,exp-cold-10000-009003-7fba4f96,1784800232961,1784800232998,202,37.000,cold
8512,exp-cold-10000-009122-9247b37d,1784800232961,1784800233003,202,42.000,cold
8513,exp-cold-10000-008266-c8b57483,1784800232962,1784800232962,202,0.000,cold
8514,exp-cold-10000-008264-1d0e6f20,1784800232962,1784800232962,202,0.000,cold
8515,exp-cold-10000-008278-9c5f774a,1784800232962,1784800232963,202,1.000,cold
8516,exp-cold-10000-008282-087c4380,1784800232962,1784800232963,202,1.000,cold
8517,exp-cold-10000-008283-886867fc,1784800232962,1784800232963,202,1.000,cold
8518,exp-cold-10000-008274-ea80b297,1784800232962,1784800232963,202,1.000,cold
8519,exp-cold-10000-008284-273d7082,1784800232962,1784800232963,202,1.000,cold
8520,exp-cold-10000-008286-5dbe50ab,1784800232962,1784800232963,202,1.000,cold
8521,exp-cold-10000-008287-815f9cc8,1784800232962,1784800232963,202,1.000,cold
8522,exp-cold-10000-008288-9e870441,1784800232962,1784800232963,202,1.000,cold
8523,exp-cold-10000-008289-d01967cc,1784800232962,1784800232963,202,1.000,cold
8524,exp-cold-10000-008298-8bef3b77,1784800232962,1784800232964,202,2.000,cold
8525,exp-cold-10000-008304-eb74799f,1784800232962,1784800232964,202,2.000,cold
8526,exp-cold-10000-008502-b443eac8,1784800232962,1784800232974,202,12.000,cold
8527,exp-cold-10000-008518-cecf66e6,1784800232962,1784800232974,202,12.000,cold
8528,exp-cold-10000-008504-76fa50b8,1784800232962,1784800232974,202,12.000,cold
8529,exp-cold-10000-008650-df8b8320,1784800232962,1784800232981,202,19.000,cold
8530,exp-cold-10000-008658-cf30d714,1784800232962,1784800232981,202,19.000,cold
8531,exp-cold-10000-008655-56ce6b2b,1784800232962,1784800232981,202,19.000,cold
8532,exp-cold-10000-008659-8e155588,1784800232962,1784800232981,202,19.000,cold
8533,exp-cold-10000-008666-6ad9864b,1784800232962,1784800232981,202,19.000,cold
8534,exp-cold-10000-008662-39fdaf06,1784800232962,1784800232981,202,19.000,cold
8535,exp-cold-10000-008712-85215b3b,1784800232962,1784800232984,202,22.000,cold
8536,exp-cold-10000-008717-0242e8e0,1784800232962,1784800232984,202,22.000,cold
8537,exp-cold-10000-008742-1ccd1478,1784800232962,1784800232985,202,23.000,cold
8538,exp-cold-10000-008861-4ae584e6,1784800232962,1784800232991,202,29.000,cold
8539,exp-cold-10000-009185-58ff7c8a,1784800232962,1784800233009,202,47.000,cold
8540,exp-cold-10000-009268-46bc4860,1784800232962,1784800233015,202,53.000,cold
8541,exp-cold-10000-008277-71cbaf56,1784800232963,1784800232963,202,0.000,cold
8542,exp-cold-10000-008280-ffa85e0d,1784800232963,1784800232963,202,0.000,cold
8543,exp-cold-10000-008279-5b337d97,1784800232963,1784800232963,202,0.000,cold
8544,exp-cold-10000-008281-7adb0e35,1784800232963,1784800232963,202,0.000,cold
8545,exp-cold-10000-008293-9aeeb412,1784800232963,1784800232964,202,1.000,cold
8546,exp-cold-10000-008294-167df91b,1784800232963,1784800232964,202,1.000,cold
8547,exp-cold-10000-008292-332af3e1,1784800232963,1784800232964,202,1.000,cold
8548,exp-cold-10000-008295-88e09761,1784800232963,1784800232964,202,1.000,cold
8549,exp-cold-10000-008296-6c9440b6,1784800232963,1784800232964,202,1.000,cold
8550,exp-cold-10000-008300-1cfb8729,1784800232963,1784800232964,202,1.000,cold
8551,exp-cold-10000-008297-7863eaa6,1784800232963,1784800232964,202,1.000,cold
8552,exp-cold-10000-008303-1f4bcb4d,1784800232963,1784800232964,202,1.000,cold
8553,exp-cold-10000-008301-f1896fe7,1784800232963,1784800232964,202,1.000,cold
8554,exp-cold-10000-008306-9bb51971,1784800232963,1784800232964,202,1.000,cold
8555,exp-cold-10000-008305-419c387d,1784800232963,1784800232964,202,1.000,cold
8556,exp-cold-10000-008302-1831fd4d,1784800232963,1784800232964,202,1.000,cold
8557,exp-cold-10000-008291-85f1149d,1784800232963,1784800232964,202,1.000,cold
8558,exp-cold-10000-008368-de7e1017,1784800232963,1784800232968,202,5.000,cold
8559,exp-cold-10000-008572-7fcc0377,1784800232963,1784800232978,202,15.000,cold
8560,exp-cold-10000-008651-51cbcf27,1784800232963,1784800232981,202,18.000,cold
8561,exp-cold-10000-008674-06c71bc2,1784800232963,1784800232982,202,19.000,cold
8562,exp-cold-10000-008690-3d772534,1784800232963,1784800232983,202,20.000,cold
8563,exp-cold-10000-008718-2157e02f,1784800232963,1784800232984,202,21.000,cold
8564,exp-cold-10000-008735-cab7a57d,1784800232963,1784800232985,202,22.000,cold
8565,exp-cold-10000-008736-d4cb1b19,1784800232963,1784800232985,202,22.000,cold
8566,exp-cold-10000-008739-5c6b8b78,1784800232963,1784800232985,202,22.000,cold
8567,exp-cold-10000-008738-86631c79,1784800232963,1784800232985,202,22.000,cold
8568,exp-cold-10000-008734-f6c50c72,1784800232963,1784800232985,202,22.000,cold
8569,exp-cold-10000-008733-10f36eb7,1784800232963,1784800232985,202,22.000,cold
8570,exp-cold-10000-008756-16c4ba48,1784800232963,1784800232986,202,23.000,cold
8571,exp-cold-10000-008748-a8f6d3e6,1784800232963,1784800232986,202,23.000,cold
8572,exp-cold-10000-008731-25bc25e8,1784800232963,1784800232986,202,23.000,cold
8573,exp-cold-10000-008838-835c44f2,1784800232963,1784800232991,202,28.000,cold
8574,exp-cold-10000-008982-c2e38bb8,1784800232963,1784800232997,202,34.000,cold
8575,exp-cold-10000-009126-a760a674,1784800232963,1784800233004,202,41.000,cold
8576,exp-cold-10000-008311-9ff5163f,1784800232964,1784800232965,202,1.000,cold
8577,exp-cold-10000-008312-6d35e886,1784800232964,1784800232965,202,1.000,cold
8578,exp-cold-10000-008313-f2e2b0f9,1784800232964,1784800232965,202,1.000,cold
8579,exp-cold-10000-008310-332d38bf,1784800232964,1784800232965,202,1.000,cold
8580,exp-cold-10000-008315-bd52b379,1784800232964,1784800232965,202,1.000,cold
8581,exp-cold-10000-008316-35aabfcc,1784800232964,1784800232965,202,1.000,cold
8582,exp-cold-10000-008308-d59212cd,1784800232964,1784800232965,202,1.000,cold
8583,exp-cold-10000-008299-b75f5c23,1784800232964,1784800232965,202,1.000,cold
8584,exp-cold-10000-008314-b7e3c484,1784800232964,1784800232965,202,1.000,cold
8585,exp-cold-10000-008317-9cf70c4b,1784800232964,1784800232965,202,1.000,cold
8586,exp-cold-10000-008309-dfdf43ed,1784800232964,1784800232965,202,1.000,cold
8587,exp-cold-10000-008318-e6dc56b6,1784800232964,1784800232965,202,1.000,cold
8588,exp-cold-10000-008319-35ed56c9,1784800232964,1784800232965,202,1.000,cold
8589,exp-cold-10000-008334-73f79fe6,1784800232964,1784800232966,202,2.000,cold
8590,exp-cold-10000-008503-6655914a,1784800232964,1784800232974,202,10.000,cold
8591,exp-cold-10000-008535-4b8af945,1784800232964,1784800232975,202,11.000,cold
8592,exp-cold-10000-008542-f1dde296,1784800232964,1784800232975,202,11.000,cold
8593,exp-cold-10000-008676-9c08d392,1784800232964,1784800232982,202,18.000,cold
8594,exp-cold-10000-008669-ebed5ad4,1784800232964,1784800232982,202,18.000,cold
8595,exp-cold-10000-008705-5a12a70b,1784800232964,1784800232983,202,19.000,cold
8596,exp-cold-10000-008695-d7e37715,1784800232964,1784800232983,202,19.000,cold
8597,exp-cold-10000-008709-74de9054,1784800232964,1784800232983,202,19.000,cold
8598,exp-cold-10000-008680-8a2bd72f,1784800232964,1784800232983,202,19.000,cold
8599,exp-cold-10000-008732-5784ae04,1784800232964,1784800232986,202,22.000,cold
8600,exp-cold-10000-008746-18a84209,1784800232964,1784800232986,202,22.000,cold
8601,exp-cold-10000-008745-bd0a18b4,1784800232964,1784800232986,202,22.000,cold
8602,exp-cold-10000-008759-5d38b254,1784800232964,1784800232986,202,22.000,cold
8603,exp-cold-10000-008744-7f26442b,1784800232964,1784800232986,202,22.000,cold
8604,exp-cold-10000-008743-1ff0d6be,1784800232964,1784800232986,202,22.000,cold
8605,exp-cold-10000-008880-5bddd528,1784800232964,1784800232992,202,28.000,cold
8606,exp-cold-10000-008883-ebe3f2ab,1784800232964,1784800232992,202,28.000,cold
8607,exp-cold-10000-008885-ea56ab11,1784800232964,1784800232992,202,28.000,cold
8608,exp-cold-10000-008893-73c17c89,1784800232964,1784800232993,202,29.000,cold
8609,exp-cold-10000-009134-3d7fbde5,1784800232964,1784800233004,202,40.000,cold
8610,exp-cold-10000-009221-d8a6f798,1784800232964,1784800233012,202,48.000,cold
8611,exp-cold-10000-008307-6b95383a,1784800232965,1784800232965,202,0.000,cold
8612,exp-cold-10000-008327-52760368,1784800232965,1784800232966,202,1.000,cold
8613,exp-cold-10000-008329-33ed5f4a,1784800232965,1784800232966,202,1.000,cold
8614,exp-cold-10000-008326-8f522d2c,1784800232965,1784800232966,202,1.000,cold
8615,exp-cold-10000-008325-f67b4c5a,1784800232965,1784800232966,202,1.000,cold
8616,exp-cold-10000-008328-5838076a,1784800232965,1784800232966,202,1.000,cold
8617,exp-cold-10000-008331-45d7b986,1784800232965,1784800232966,202,1.000,cold
8618,exp-cold-10000-008332-bdc964f4,1784800232965,1784800232966,202,1.000,cold
8619,exp-cold-10000-008333-fc34d4e4,1784800232965,1784800232966,202,1.000,cold
8620,exp-cold-10000-008379-dd32ce63,1784800232965,1784800232969,202,4.000,cold
8621,exp-cold-10000-008392-df588a8e,1784800232965,1784800232969,202,4.000,cold
8622,exp-cold-10000-008686-70c47578,1784800232965,1784800232983,202,18.000,cold
8623,exp-cold-10000-008684-647a525b,1784800232965,1784800232983,202,18.000,cold
8624,exp-cold-10000-008696-a71d5d3a,1784800232965,1784800232983,202,18.000,cold
8625,exp-cold-10000-008694-fd4b4b08,1784800232965,1784800232983,202,18.000,cold
8626,exp-cold-10000-008691-7fab8516,1784800232965,1784800232983,202,18.000,cold
8627,exp-cold-10000-008688-20a455b3,1784800232965,1784800232983,202,18.000,cold
8628,exp-cold-10000-008727-e9a8119c,1784800232965,1784800232985,202,20.000,cold
8629,exp-cold-10000-008772-6d9d6987,1784800232965,1784800232987,202,22.000,cold
8630,exp-cold-10000-008763-5ce1d3c8,1784800232965,1784800232987,202,22.000,cold
8631,exp-cold-10000-008770-5f4d5d5d,1784800232965,1784800232987,202,22.000,cold
8632,exp-cold-10000-008764-c92f487e,1784800232965,1784800232987,202,22.000,cold
8633,exp-cold-10000-008783-dc5a972d,1784800232965,1784800232988,202,23.000,cold
8634,exp-cold-10000-009025-e548cc08,1784800232965,1784800232999,202,34.000,cold
8635,exp-cold-10000-009031-a8acc3f3,1784800232965,1784800232999,202,34.000,cold
8636,exp-cold-10000-009022-d7cc8945,1784800232965,1784800232999,202,34.000,cold
8637,exp-cold-10000-008322-1ebd7df9,1784800232966,1784800232966,202,0.000,cold
8638,exp-cold-10000-008320-de662874,1784800232966,1784800232966,202,0.000,cold
8639,exp-cold-10000-008321-d0285712,1784800232966,1784800232966,202,0.000,cold
8640,exp-cold-10000-008323-8d253b45,1784800232966,1784800232966,202,0.000,cold
8641,exp-cold-10000-008324-3282aa75,1784800232966,1784800232966,202,0.000,cold
8642,exp-cold-10000-008339-993a34d3,1784800232966,1784800232967,202,1.000,cold
8643,exp-cold-10000-008341-f7896bb8,1784800232966,1784800232967,202,1.000,cold
8644,exp-cold-10000-008346-773c306f,1784800232966,1784800232967,202,1.000,cold
8645,exp-cold-10000-008349-9ccb6d99,1784800232966,1784800232967,202,1.000,cold
8646,exp-cold-10000-008345-0240e93e,1784800232966,1784800232967,202,1.000,cold
8647,exp-cold-10000-008344-1c5ba533,1784800232966,1784800232967,202,1.000,cold
8648,exp-cold-10000-008348-f36b4014,1784800232966,1784800232967,202,1.000,cold
8649,exp-cold-10000-008342-e8efdaf3,1784800232966,1784800232967,202,1.000,cold
8650,exp-cold-10000-008352-34e511a1,1784800232966,1784800232967,202,1.000,cold
8651,exp-cold-10000-008343-97a7db40,1784800232966,1784800232967,202,1.000,cold
8652,exp-cold-10000-008353-b4ac55a4,1784800232966,1784800232967,202,1.000,cold
8653,exp-cold-10000-008373-af4d762a,1784800232966,1784800232968,202,2.000,cold
8654,exp-cold-10000-008418-4ec622d0,1784800232966,1784800232970,202,4.000,cold
8655,exp-cold-10000-008527-87064be1,1784800232966,1784800232975,202,9.000,cold
8656,exp-cold-10000-008570-8f1aa790,1784800232966,1784800232977,202,11.000,cold
8657,exp-cold-10000-008715-9d375bd2,1784800232966,1784800232984,202,18.000,cold
8658,exp-cold-10000-008760-20d75b12,1784800232966,1784800232987,202,21.000,cold
8659,exp-cold-10000-008786-4827bf6a,1784800232966,1784800232988,202,22.000,cold
8660,exp-cold-10000-008790-8b2280a1,1784800232966,1784800232988,202,22.000,cold
8661,exp-cold-10000-008782-4767062d,1784800232966,1784800232988,202,22.000,cold
8662,exp-cold-10000-008785-70828f5f,1784800232966,1784800232988,202,22.000,cold
8663,exp-cold-10000-008781-ba117794,1784800232966,1784800232988,202,22.000,cold
8664,exp-cold-10000-008798-fe9a6564,1784800232966,1784800232989,202,23.000,cold
8665,exp-cold-10000-008797-027b6bf0,1784800232966,1784800232989,202,23.000,cold
8666,exp-cold-10000-008807-75aa8039,1784800232966,1784800232989,202,23.000,cold
8667,exp-cold-10000-008804-5048ee77,1784800232966,1784800232989,202,23.000,cold
8668,exp-cold-10000-008800-286b6b96,1784800232966,1784800232989,202,23.000,cold
8669,exp-cold-10000-008811-b2c4983e,1784800232966,1784800232989,202,23.000,cold
8670,exp-cold-10000-008796-17484208,1784800232966,1784800232989,202,23.000,cold
8671,exp-cold-10000-008808-5020f159,1784800232966,1784800232989,202,23.000,cold
8672,exp-cold-10000-008803-8c5eb775,1784800232966,1784800232989,202,23.000,cold
8673,exp-cold-10000-008936-788d4b08,1784800232966,1784800232995,202,29.000,cold
8674,exp-cold-10000-009145-7847b0e9,1784800232966,1784800233006,202,40.000,cold
8675,exp-cold-10000-008337-dd93cf16,1784800232967,1784800232967,202,0.000,cold
8676,exp-cold-10000-008336-35b1e21d,1784800232967,1784800232967,202,0.000,cold
8677,exp-cold-10000-008335-ac21db93,1784800232967,1784800232967,202,0.000,cold
8678,exp-cold-10000-008338-e355012b,1784800232967,1784800232967,202,0.000,cold
8679,exp-cold-10000-008340-03e75b23,1784800232967,1784800232967,202,0.000,cold
8680,exp-cold-10000-008330-34a67bbf,1784800232967,1784800232967,202,0.000,cold
8681,exp-cold-10000-008357-3481e4a7,1784800232967,1784800232968,202,1.000,cold
8682,exp-cold-10000-008355-9f97e062,1784800232967,1784800232968,202,1.000,cold
8683,exp-cold-10000-008364-110ae700,1784800232967,1784800232968,202,1.000,cold
8684,exp-cold-10000-008363-0706ef2a,1784800232967,1784800232968,202,1.000,cold
8685,exp-cold-10000-008372-88edcb2f,1784800232967,1784800232968,202,1.000,cold
8686,exp-cold-10000-008400-59a7136e,1784800232967,1784800232969,202,2.000,cold
8687,exp-cold-10000-008420-b259a2c0,1784800232967,1784800232970,202,3.000,cold
8688,exp-cold-10000-008410-2b8fe98c,1784800232967,1784800232970,202,3.000,cold
8689,exp-cold-10000-008834-fe915767,1784800232967,1784800232990,202,23.000,cold
8690,exp-cold-10000-008815-7c0b3680,1784800232967,1784800232990,202,23.000,cold
8691,exp-cold-10000-008915-9af77d36,1784800232967,1784800232994,202,27.000,cold
8692,exp-cold-10000-009001-9f6d1753,1784800232967,1784800232997,202,30.000,cold
8693,exp-cold-10000-009036-71fa7d42,1784800232967,1784800232999,202,32.000,cold
8694,exp-cold-10000-009140-90cc892e,1784800232967,1784800233006,202,39.000,cold
8695,exp-cold-10000-008356-218561a3,1784800232968,1784800232968,202,0.000,cold
8696,exp-cold-10000-008377-1c84c2af,1784800232968,1784800232969,202,1.000,cold
8697,exp-cold-10000-008376-499fe563,1784800232968,1784800232969,202,1.000,cold
8698,exp-cold-10000-008382-a6f32e78,1784800232968,1784800232969,202,1.000,cold
8699,exp-cold-10000-008385-6a34d485,1784800232968,1784800232969,202,1.000,cold
8700,exp-cold-10000-008386-1e52346e,1784800232968,1784800232969,202,1.000,cold
8701,exp-cold-10000-008388-9f601a53,1784800232968,1784800232969,202,1.000,cold
8702,exp-cold-10000-008393-2f0a3841,1784800232968,1784800232969,202,1.000,cold
8703,exp-cold-10000-008423-782b4eb9,1784800232968,1784800232970,202,2.000,cold
8704,exp-cold-10000-008412-6b304316,1784800232968,1784800232970,202,2.000,cold
8705,exp-cold-10000-008424-8edc5cd0,1784800232968,1784800232970,202,2.000,cold
8706,exp-cold-10000-008421-6dd21492,1784800232968,1784800232970,202,2.000,cold
8707,exp-cold-10000-008485-9bc5c04a,1784800232968,1784800232973,202,5.000,cold
8708,exp-cold-10000-008486-ad2cd40c,1784800232968,1784800232973,202,5.000,cold
8709,exp-cold-10000-008494-5fa94f16,1784800232968,1784800232973,202,5.000,cold
8710,exp-cold-10000-008586-c8ab6274,1784800232968,1784800232978,202,10.000,cold
8711,exp-cold-10000-008632-295bf81c,1784800232968,1784800232980,202,12.000,cold
8712,exp-cold-10000-008814-f630bcaf,1784800232968,1784800232990,202,22.000,cold
8713,exp-cold-10000-008813-67bb85e2,1784800232968,1784800232990,202,22.000,cold
8714,exp-cold-10000-008830-ba088295,1784800232968,1784800232990,202,22.000,cold
8715,exp-cold-10000-008829-c3b6051a,1784800232968,1784800232990,202,22.000,cold
8716,exp-cold-10000-008853-287ada83,1784800232968,1784800232991,202,23.000,cold
8717,exp-cold-10000-008881-febfeb36,1784800232968,1784800232992,202,24.000,cold
8718,exp-cold-10000-008910-ec176735,1784800232968,1784800232994,202,26.000,cold
8719,exp-cold-10000-008939-51b1fd86,1784800232968,1784800232995,202,27.000,cold
8720,exp-cold-10000-009042-5765ea62,1784800232968,1784800232999,202,31.000,cold
8721,exp-cold-10000-009157-92b53425,1784800232968,1784800233007,202,39.000,cold
8722,exp-cold-10000-008407-ac9d3f0e,1784800232969,1784800232970,202,1.000,cold
8723,exp-cold-10000-008408-b6e11a83,1784800232969,1784800232970,202,1.000,cold
8724,exp-cold-10000-008413-e4fb60f5,1784800232969,1784800232970,202,1.000,cold
8725,exp-cold-10000-008415-edd66748,1784800232969,1784800232970,202,1.000,cold
8726,exp-cold-10000-008417-c2143df5,1784800232969,1784800232970,202,1.000,cold
8727,exp-cold-10000-008419-092ecb08,1784800232969,1784800232970,202,1.000,cold
8728,exp-cold-10000-008433-f2113ac2,1784800232969,1784800232971,202,2.000,cold
8729,exp-cold-10000-008456-bd56af31,1784800232969,1784800232972,202,3.000,cold
8730,exp-cold-10000-008464-c82b2a42,1784800232969,1784800232972,202,3.000,cold
8731,exp-cold-10000-008467-2760b2b1,1784800232969,1784800232972,202,3.000,cold
8732,exp-cold-10000-008498-f74db4ac,1784800232969,1784800232974,202,5.000,cold
8733,exp-cold-10000-008569-bec071c5,1784800232969,1784800232977,202,8.000,cold
8734,exp-cold-10000-008598-6d3f9476,1784800232969,1784800232979,202,10.000,cold
8735,exp-cold-10000-008614-4502e458,1784800232969,1784800232979,202,10.000,cold
8736,exp-cold-10000-008616-87a88ad3,1784800232969,1784800232979,202,10.000,cold
8737,exp-cold-10000-008754-f5b841a5,1784800232969,1784800232986,202,17.000,cold
8738,exp-cold-10000-008846-3b4857be,1784800232969,1784800232991,202,22.000,cold
8739,exp-cold-10000-008843-048cab6f,1784800232969,1784800232991,202,22.000,cold
8740,exp-cold-10000-008836-ee3d7904,1784800232969,1784800232991,202,22.000,cold
8741,exp-cold-10000-008858-a94797f1,1784800232969,1784800232991,202,22.000,cold
8742,exp-cold-10000-008859-d7992ba5,1784800232969,1784800232991,202,22.000,cold
8743,exp-cold-10000-008975-9cf2dfbd,1784800232969,1784800232996,202,27.000,cold
8744,exp-cold-10000-008969-9cf3359b,1784800232969,1784800232996,202,27.000,cold
8745,exp-cold-10000-009018-9ba0d435,1784800232969,1784800232998,202,29.000,cold
8746,exp-cold-10000-009008-e97b8e0b,1784800232969,1784800232998,202,29.000,cold
8747,exp-cold-10000-009175-70298ddb,1784800232969,1784800233008,202,39.000,cold
8748,exp-cold-10000-009197-0d67511a,1784800232969,1784800233010,202,41.000,cold
8749,exp-cold-10000-009232-4e06c2a2,1784800232969,1784800233012,202,43.000,cold
8750,exp-cold-10000-008425-e3edee58,1784800232970,1784800232971,202,1.000,cold
8751,exp-cold-10000-008429-87715914,1784800232970,1784800232971,202,1.000,cold
8752,exp-cold-10000-008428-5f046168,1784800232970,1784800232971,202,1.000,cold
8753,exp-cold-10000-008432-46f1f6d3,1784800232970,1784800232971,202,1.000,cold
8754,exp-cold-10000-008435-d246651a,1784800232970,1784800232971,202,1.000,cold
8755,exp-cold-10000-008437-a14e0ce9,1784800232970,1784800232971,202,1.000,cold
8756,exp-cold-10000-008436-8d8a4d6d,1784800232970,1784800232971,202,1.000,cold
8757,exp-cold-10000-008441-22e7eb67,1784800232970,1784800232971,202,1.000,cold
8758,exp-cold-10000-008442-7527bc8c,1784800232970,1784800232971,202,1.000,cold
8759,exp-cold-10000-008440-ecd38f6b,1784800232970,1784800232971,202,1.000,cold
8760,exp-cold-10000-008444-b90d03b6,1784800232970,1784800232971,202,1.000,cold
8761,exp-cold-10000-008445-b36a1c70,1784800232970,1784800232971,202,1.000,cold
8762,exp-cold-10000-008443-f1001f1c,1784800232970,1784800232971,202,1.000,cold
8763,exp-cold-10000-008453-11dee556,1784800232970,1784800232972,202,2.000,cold
8764,exp-cold-10000-008450-e38093fc,1784800232970,1784800232972,202,2.000,cold
8765,exp-cold-10000-008469-ee3e7b2b,1784800232970,1784800232972,202,2.000,cold
8766,exp-cold-10000-008599-da736ffc,1784800232970,1784800232979,202,9.000,cold
8767,exp-cold-10000-008753-58c22e6b,1784800232970,1784800232986,202,16.000,cold
8768,exp-cold-10000-008828-8ad5ae14,1784800232970,1784800232990,202,20.000,cold
8769,exp-cold-10000-008837-72badaac,1784800232970,1784800232991,202,21.000,cold
8770,exp-cold-10000-008839-d02a30f7,1784800232970,1784800232991,202,21.000,cold
8771,exp-cold-10000-008886-ff3d1a5e,1784800232970,1784800232992,202,22.000,cold
8772,exp-cold-10000-008879-54dcfa24,1784800232970,1784800232992,202,22.000,cold
8773,exp-cold-10000-008878-65bc8801,1784800232970,1784800232992,202,22.000,cold
8774,exp-cold-10000-008872-95997c3d,1784800232970,1784800232992,202,22.000,cold
8775,exp-cold-10000-008918-29fb130f,1784800232970,1784800232994,202,24.000,cold
8776,exp-cold-10000-008920-4512cb24,1784800232970,1784800232994,202,24.000,cold
8777,exp-cold-10000-009050-55a9b2c0,1784800232970,1784800233000,202,30.000,cold
8778,exp-cold-10000-009067-ae8bdc09,1784800232970,1784800233001,202,31.000,cold
8779,exp-cold-10000-009123-56891f9d,1784800232970,1784800233003,202,33.000,cold
8780,exp-cold-10000-009226-4ea5c53d,1784800232970,1784800233012,202,42.000,cold
8781,exp-cold-10000-008451-752e37e5,1784800232971,1784800232972,202,1.000,cold
8782,exp-cold-10000-008452-dbb659bf,1784800232971,1784800232972,202,1.000,cold
8783,exp-cold-10000-008448-e7318027,1784800232971,1784800232972,202,1.000,cold
8784,exp-cold-10000-008460-36cade12,1784800232971,1784800232972,202,1.000,cold
8785,exp-cold-10000-008461-4c935a31,1784800232971,1784800232972,202,1.000,cold
8786,exp-cold-10000-008468-2789fdf5,1784800232971,1784800232972,202,1.000,cold
8787,exp-cold-10000-008458-bbf03976,1784800232971,1784800232972,202,1.000,cold
8788,exp-cold-10000-008459-615d3e84,1784800232971,1784800232972,202,1.000,cold
8789,exp-cold-10000-008466-ca1400ca,1784800232971,1784800232972,202,1.000,cold
8790,exp-cold-10000-008470-1e1884f0,1784800232971,1784800232972,202,1.000,cold
8791,exp-cold-10000-008492-fb2a6b9e,1784800232971,1784800232973,202,2.000,cold
8792,exp-cold-10000-008495-208e3cde,1784800232971,1784800232973,202,2.000,cold
8793,exp-cold-10000-008623-4b1a6cd1,1784800232971,1784800232980,202,9.000,cold
8794,exp-cold-10000-008626-f4223d5d,1784800232971,1784800232980,202,9.000,cold
8795,exp-cold-10000-008636-28d95287,1784800232971,1784800232980,202,9.000,cold
8796,exp-cold-10000-008693-704028e1,1784800232971,1784800232983,202,12.000,cold
8797,exp-cold-10000-008788-92af689e,1784800232971,1784800232988,202,17.000,cold
8798,exp-cold-10000-008863-b498f4ca,1784800232971,1784800232992,202,21.000,cold
8799,exp-cold-10000-008862-df5f6e60,1784800232971,1784800232992,202,21.000,cold
8800,exp-cold-10000-008868-33cd2593,1784800232971,1784800232992,202,21.000,cold
8801,exp-cold-10000-008865-f063a0c9,1784800232971,1784800232992,202,21.000,cold
8802,exp-cold-10000-008871-9c1be4dc,1784800232971,1784800232992,202,21.000,cold
8803,exp-cold-10000-008898-dba9fcb1,1784800232971,1784800232993,202,22.000,cold
8804,exp-cold-10000-008907-149bf450,1784800232971,1784800232993,202,22.000,cold
8805,exp-cold-10000-008911-ea161c92,1784800232971,1784800232994,202,23.000,cold
8806,exp-cold-10000-008914-0f0802c5,1784800232971,1784800232994,202,23.000,cold
8807,exp-cold-10000-009026-a4f67e13,1784800232971,1784800232999,202,28.000,cold
8808,exp-cold-10000-009063-2b40eed0,1784800232971,1784800233001,202,30.000,cold
8809,exp-cold-10000-009098-6866d21a,1784800232971,1784800233002,202,31.000,cold
8810,exp-cold-10000-009101-f41815e3,1784800232971,1784800233003,202,32.000,cold
8811,exp-cold-10000-009196-8ac9e123,1784800232971,1784800233010,202,39.000,cold
8812,exp-cold-10000-008477-597b39c3,1784800232972,1784800232973,202,1.000,cold
8813,exp-cold-10000-008478-05bfc7e3,1784800232972,1784800232973,202,1.000,cold
8814,exp-cold-10000-008481-418e2983,1784800232972,1784800232973,202,1.000,cold
8815,exp-cold-10000-008487-ea36bf26,1784800232972,1784800232973,202,1.000,cold
8816,exp-cold-10000-008491-f6848c19,1784800232972,1784800232973,202,1.000,cold
8817,exp-cold-10000-008511-86389d3b,1784800232972,1784800232974,202,2.000,cold
8818,exp-cold-10000-008516-978692d5,1784800232972,1784800232974,202,2.000,cold
8819,exp-cold-10000-008575-90767cab,1784800232972,1784800232978,202,6.000,cold
8820,exp-cold-10000-008589-0d5bc783,1784800232972,1784800232978,202,6.000,cold
8821,exp-cold-10000-008661-fd0a10c6,1784800232972,1784800232981,202,9.000,cold
8822,exp-cold-10000-008679-c5b87f5c,1784800232972,1784800232983,202,11.000,cold
8823,exp-cold-10000-008740-bb2b4a67,1784800232972,1784800232985,202,13.000,cold
8824,exp-cold-10000-008825-7242e79c,1784800232972,1784800232990,202,18.000,cold
8825,exp-cold-10000-008821-8707d889,1784800232972,1784800232990,202,18.000,cold
8826,exp-cold-10000-008889-72d3d3e5,1784800232972,1784800232993,202,21.000,cold
8827,exp-cold-10000-008894-10b62b7a,1784800232972,1784800232993,202,21.000,cold
8828,exp-cold-10000-008896-f9bfa383,1784800232972,1784800232993,202,21.000,cold
8829,exp-cold-10000-008901-08aacb70,1784800232972,1784800232993,202,21.000,cold
8830,exp-cold-10000-008904-dde656bf,1784800232972,1784800232993,202,21.000,cold
8831,exp-cold-10000-008906-f0062b28,1784800232972,1784800232993,202,21.000,cold
8832,exp-cold-10000-008905-189a64c5,1784800232972,1784800232993,202,21.000,cold
8833,exp-cold-10000-008902-7fb7b49e,1784800232972,1784800232993,202,21.000,cold
8834,exp-cold-10000-008933-6a1ff30f,1784800232972,1784800232995,202,23.000,cold
8835,exp-cold-10000-009061-ed4a387c,1784800232972,1784800233001,202,29.000,cold
8836,exp-cold-10000-009109-157b1b5f,1784800232972,1784800233003,202,31.000,cold
8837,exp-cold-10000-008471-962557b7,1784800232973,1784800232973,202,0.000,cold
8838,exp-cold-10000-008473-a6775a82,1784800232973,1784800232973,202,0.000,cold
8839,exp-cold-10000-008474-e42e6aee,1784800232973,1784800232973,202,0.000,cold
8840,exp-cold-10000-008507-5d854c43,1784800232973,1784800232974,202,1.000,cold
8841,exp-cold-10000-008510-c9a95e20,1784800232973,1784800232974,202,1.000,cold
8842,exp-cold-10000-008509-aa13f635,1784800232973,1784800232974,202,1.000,cold
8843,exp-cold-10000-008554-0bc5fb25,1784800232973,1784800232976,202,3.000,cold
8844,exp-cold-10000-008654-6deebde4,1784800232973,1784800232981,202,8.000,cold
8845,exp-cold-10000-008767-01ca13e5,1784800232973,1784800232987,202,14.000,cold
8846,exp-cold-10000-008849-3a3df04e,1784800232973,1784800232991,202,18.000,cold
8847,exp-cold-10000-008912-78c82d4a,1784800232973,1784800232994,202,21.000,cold
8848,exp-cold-10000-008944-810e3f23,1784800232973,1784800232995,202,22.000,cold
8849,exp-cold-10000-008950-3019997d,1784800232973,1784800232995,202,22.000,cold
8850,exp-cold-10000-008962-057ed33c,1784800232973,1784800232996,202,23.000,cold
8851,exp-cold-10000-008970-0e119384,1784800232973,1784800232996,202,23.000,cold
8852,exp-cold-10000-008964-c2a057cd,1784800232973,1784800232996,202,23.000,cold
8853,exp-cold-10000-008965-b3103a00,1784800232973,1784800232996,202,23.000,cold
8854,exp-cold-10000-008971-140b8273,1784800232973,1784800232996,202,23.000,cold
8855,exp-cold-10000-008968-1a9e5c03,1784800232973,1784800232996,202,23.000,cold
8856,exp-cold-10000-009080-f9b433ce,1784800232973,1784800233001,202,28.000,cold
8857,exp-cold-10000-009133-5c376ef2,1784800232973,1784800233004,202,31.000,cold
8858,exp-cold-10000-009128-4f09fedd,1784800232973,1784800233004,202,31.000,cold
8859,exp-cold-10000-008499-7ae4bcf4,1784800232974,1784800232974,202,0.000,cold
8860,exp-cold-10000-008531-7f573296,1784800232974,1784800232975,202,1.000,cold
8861,exp-cold-10000-008532-823c2111,1784800232974,1784800232975,202,1.000,cold
8862,exp-cold-10000-008562-ddb7f642,1784800232974,1784800232976,202,2.000,cold
8863,exp-cold-10000-008565-353f6cf2,1784800232974,1784800232976,202,2.000,cold
8864,exp-cold-10000-008776-f04bd5fe,1784800232974,1784800232987,202,13.000,cold
8865,exp-cold-10000-008779-0a5166be,1784800232974,1784800232988,202,14.000,cold
8866,exp-cold-10000-008792-0cd9c630,1784800232974,1784800232988,202,14.000,cold
8867,exp-cold-10000-008831-c39020dd,1784800232974,1784800232990,202,16.000,cold
8868,exp-cold-10000-008848-106d3efe,1784800232974,1784800232991,202,17.000,cold
8869,exp-cold-10000-008917-3c26f4d7,1784800232974,1784800232994,202,20.000,cold
8870,exp-cold-10000-008928-ed655209,1784800232974,1784800232994,202,20.000,cold
8871,exp-cold-10000-008951-98113165,1784800232974,1784800232995,202,21.000,cold
8872,exp-cold-10000-008956-6b787422,1784800232974,1784800232995,202,21.000,cold
8873,exp-cold-10000-008946-adcb3782,1784800232974,1784800232995,202,21.000,cold
8874,exp-cold-10000-008955-3fa3d6a3,1784800232974,1784800232995,202,21.000,cold
8875,exp-cold-10000-009055-211ca814,1784800232974,1784800233000,202,26.000,cold
8876,exp-cold-10000-009054-dc4c78da,1784800232974,1784800233000,202,26.000,cold
8877,exp-cold-10000-009088-1457886f,1784800232974,1784800233002,202,28.000,cold
8878,exp-cold-10000-009132-1bccab27,1784800232974,1784800233004,202,30.000,cold
8879,exp-cold-10000-009156-4a433b8c,1784800232974,1784800233007,202,33.000,cold
8880,exp-cold-10000-009173-c8131bc0,1784800232974,1784800233008,202,34.000,cold
8881,exp-cold-10000-009325-07ae4f1b,1784800232974,1784800233019,202,45.000,cold
8882,exp-cold-10000-008545-e96fdc6e,1784800232975,1784800232976,202,1.000,cold
8883,exp-cold-10000-008546-40ea03f3,1784800232975,1784800232976,202,1.000,cold
8884,exp-cold-10000-008652-4b8a9057,1784800232975,1784800232981,202,6.000,cold
8885,exp-cold-10000-008657-161053c8,1784800232975,1784800232981,202,6.000,cold
8886,exp-cold-10000-008778-099a65e0,1784800232975,1784800232987,202,12.000,cold
8887,exp-cold-10000-008794-7254b3db,1784800232975,1784800232988,202,13.000,cold
8888,exp-cold-10000-008810-bfab9619,1784800232975,1784800232989,202,14.000,cold
8889,exp-cold-10000-008940-ba2236f5,1784800232975,1784800232995,202,20.000,cold
8890,exp-cold-10000-008953-8d3197b3,1784800232975,1784800232995,202,20.000,cold
8891,exp-cold-10000-008941-fdae80b4,1784800232975,1784800232995,202,20.000,cold
8892,exp-cold-10000-008949-c5945b27,1784800232975,1784800232995,202,20.000,cold
8893,exp-cold-10000-008943-065ae4ab,1784800232975,1784800232995,202,20.000,cold
8894,exp-cold-10000-009002-6468fbec,1784800232975,1784800232997,202,22.000,cold
8895,exp-cold-10000-009053-370b689a,1784800232975,1784800233000,202,25.000,cold
8896,exp-cold-10000-009046-413aac12,1784800232975,1784800233000,202,25.000,cold
8897,exp-cold-10000-009107-926aae7c,1784800232975,1784800233003,202,28.000,cold
8898,exp-cold-10000-009142-7eda4659,1784800232975,1784800233006,202,31.000,cold
8899,exp-cold-10000-009141-5b3e6e08,1784800232975,1784800233006,202,31.000,cold
8900,exp-cold-10000-009143-2c57f24f,1784800232975,1784800233006,202,31.000,cold
8901,exp-cold-10000-009152-2f43b61e,1784800232975,1784800233007,202,32.000,cold
8902,exp-cold-10000-009153-41c5c748,1784800232975,1784800233007,202,32.000,cold
8903,exp-cold-10000-008566-4735ab5e,1784800232976,1784800232977,202,1.000,cold
8904,exp-cold-10000-008568-41585b36,1784800232976,1784800232977,202,1.000,cold
8905,exp-cold-10000-008567-34a20a04,1784800232976,1784800232977,202,1.000,cold
8906,exp-cold-10000-008591-bfd6bc87,1784800232976,1784800232978,202,2.000,cold
8907,exp-cold-10000-008653-ea11e8d4,1784800232976,1784800232981,202,5.000,cold
8908,exp-cold-10000-008681-39a187fc,1784800232976,1784800232983,202,7.000,cold
8909,exp-cold-10000-008775-97fabb7f,1784800232976,1784800232987,202,11.000,cold
8910,exp-cold-10000-008851-a8b7414a,1784800232976,1784800232991,202,15.000,cold
8911,exp-cold-10000-008855-b620b704,1784800232976,1784800232991,202,15.000,cold
8912,exp-cold-10000-008850-107df03d,1784800232976,1784800232991,202,15.000,cold
8913,exp-cold-10000-008856-28fd5535,1784800232976,1784800232991,202,15.000,cold
8914,exp-cold-10000-008973-ade43782,1784800232976,1784800232996,202,20.000,cold
8915,exp-cold-10000-008967-b1db9e8e,1784800232976,1784800232996,202,20.000,cold
8916,exp-cold-10000-008957-cc3ae737,1784800232976,1784800232996,202,20.000,cold
8917,exp-cold-10000-009010-280ef963,1784800232976,1784800232998,202,22.000,cold
8918,exp-cold-10000-009078-06cf5c1c,1784800232976,1784800233001,202,25.000,cold
8919,exp-cold-10000-009064-6dfeb742,1784800232976,1784800233001,202,25.000,cold
8920,exp-cold-10000-009139-5ae7f319,1784800232976,1784800233005,202,29.000,cold
8921,exp-cold-10000-009161-242bf69e,1784800232976,1784800233008,202,32.000,cold
8922,exp-cold-10000-009207-96f1f378,1784800232976,1784800233010,202,34.000,cold
8923,exp-cold-10000-009208-5acf1f8c,1784800232976,1784800233010,202,34.000,cold
8924,exp-cold-10000-009213-7297a8ce,1784800232976,1784800233011,202,35.000,cold
8925,exp-cold-10000-008578-cdf54c71,1784800232977,1784800232978,202,1.000,cold
8926,exp-cold-10000-008587-8dbd03f2,1784800232977,1784800232978,202,1.000,cold
8927,exp-cold-10000-008606-432100f4,1784800232977,1784800232979,202,2.000,cold
8928,exp-cold-10000-008607-2f3468fa,1784800232977,1784800232979,202,2.000,cold
8929,exp-cold-10000-008608-3e3ad649,1784800232977,1784800232979,202,2.000,cold
8930,exp-cold-10000-008609-bcc5aabf,1784800232977,1784800232979,202,2.000,cold
8931,exp-cold-10000-008615-26ed0340,1784800232977,1784800232979,202,2.000,cold
8932,exp-cold-10000-008617-5872add0,1784800232977,1784800232979,202,2.000,cold
8933,exp-cold-10000-008640-3810f055,1784800232977,1784800232980,202,3.000,cold
8934,exp-cold-10000-008720-8d772f3b,1784800232977,1784800232984,202,7.000,cold
8935,exp-cold-10000-008721-e4e512f0,1784800232977,1784800232984,202,7.000,cold
8936,exp-cold-10000-008722-90c68f9a,1784800232977,1784800232984,202,7.000,cold
8937,exp-cold-10000-008874-dd8d3b80,1784800232977,1784800232992,202,15.000,cold
8938,exp-cold-10000-008887-ca225482,1784800232977,1784800232992,202,15.000,cold
8939,exp-cold-10000-008959-21ffa636,1784800232977,1784800232996,202,19.000,cold
8940,exp-cold-10000-008958-8384b032,1784800232977,1784800232996,202,19.000,cold
8941,exp-cold-10000-009013-8c5e41f6,1784800232977,1784800232998,202,21.000,cold
8942,exp-cold-10000-009070-1aad4750,1784800232977,1784800233001,202,24.000,cold
8943,exp-cold-10000-009069-0da4f5fe,1784800232977,1784800233001,202,24.000,cold
8944,exp-cold-10000-009099-5ef7bdb6,1784800232977,1784800233002,202,25.000,cold
8945,exp-cold-10000-009094-316f1b5c,1784800232977,1784800233002,202,25.000,cold
8946,exp-cold-10000-009096-53ad6a4c,1784800232977,1784800233002,202,25.000,cold
8947,exp-cold-10000-009138-0e793be4,1784800232977,1784800233005,202,28.000,cold
8948,exp-cold-10000-009149-7722b5f8,1784800232977,1784800233007,202,30.000,cold
8949,exp-cold-10000-009192-eee7078e,1784800232977,1784800233009,202,32.000,cold
8950,exp-cold-10000-009242-160a3cea,1784800232977,1784800233014,202,37.000,cold
8951,exp-cold-10000-008594-702f6b41,1784800232978,1784800232979,202,1.000,cold
8952,exp-cold-10000-008597-bc18b21d,1784800232978,1784800232979,202,1.000,cold
8953,exp-cold-10000-008628-6fedaa54,1784800232978,1784800232980,202,2.000,cold
8954,exp-cold-10000-008635-49c5e894,1784800232978,1784800232980,202,2.000,cold
8955,exp-cold-10000-008637-0dd307b5,1784800232978,1784800232980,202,2.000,cold
8956,exp-cold-10000-008714-c7e476ff,1784800232978,1784800232984,202,6.000,cold
8957,exp-cold-10000-008719-53b097ac,1784800232978,1784800232984,202,6.000,cold
8958,exp-cold-10000-008832-96965129,1784800232978,1784800232990,202,12.000,cold
8959,exp-cold-10000-008873-35bbc5a7,1784800232978,1784800232992,202,14.000,cold
8960,exp-cold-10000-008986-df5dc42c,1784800232978,1784800232997,202,19.000,cold
8961,exp-cold-10000-008996-319c6d63,1784800232978,1784800232997,202,19.000,cold
8962,exp-cold-10000-008994-bb6feeda,1784800232978,1784800232997,202,19.000,cold
8963,exp-cold-10000-008990-25838db4,1784800232978,1784800232997,202,19.000,cold
8964,exp-cold-10000-009017-9fe988c9,1784800232978,1784800232998,202,20.000,cold
8965,exp-cold-10000-009056-b6f3a135,1784800232978,1784800233000,202,22.000,cold
8966,exp-cold-10000-009052-c4f5c1f9,1784800232978,1784800233000,202,22.000,cold
8967,exp-cold-10000-009190-632ff6e6,1784800232978,1784800233009,202,31.000,cold
8968,exp-cold-10000-009203-dee5d06e,1784800232978,1784800233010,202,32.000,cold
8969,exp-cold-10000-009206-e7d3fa83,1784800232978,1784800233010,202,32.000,cold
8970,exp-cold-10000-009216-3ff0109f,1784800232978,1784800233011,202,33.000,cold
8971,exp-cold-10000-009272-cee6c6ee,1784800232978,1784800233015,202,37.000,cold
8972,exp-cold-10000-009369-6f9c7661,1784800232978,1784800233024,202,46.000,cold
8973,exp-cold-10000-008620-47453cb1,1784800232979,1784800232980,202,1.000,cold
8974,exp-cold-10000-008619-26734284,1784800232979,1784800232980,202,1.000,cold
8975,exp-cold-10000-008625-29fc2aad,1784800232979,1784800232980,202,1.000,cold
8976,exp-cold-10000-008621-ee9c3467,1784800232979,1784800232980,202,1.000,cold
8977,exp-cold-10000-008633-8d72c6d4,1784800232979,1784800232980,202,1.000,cold
8978,exp-cold-10000-008627-f2ad689e,1784800232979,1784800232980,202,1.000,cold
8979,exp-cold-10000-008624-f846fd35,1784800232979,1784800232980,202,1.000,cold
8980,exp-cold-10000-008634-9df3ce37,1784800232979,1784800232980,202,1.000,cold
8981,exp-cold-10000-008641-861d1114,1784800232979,1784800232980,202,1.000,cold
8982,exp-cold-10000-008667-f6280077,1784800232979,1784800232981,202,2.000,cold
8983,exp-cold-10000-008672-bfe1ee73,1784800232979,1784800232982,202,3.000,cold
8984,exp-cold-10000-008671-a5b058d5,1784800232979,1784800232982,202,3.000,cold
8985,exp-cold-10000-008670-2ace2c27,1784800232979,1784800232982,202,3.000,cold
8986,exp-cold-10000-008698-65a11cad,1784800232979,1784800232983,202,4.000,cold
8987,exp-cold-10000-008728-c0574a99,1784800232979,1784800232985,202,6.000,cold
8988,exp-cold-10000-008725-1550eaab,1784800232979,1784800232985,202,6.000,cold
8989,exp-cold-10000-008891-9ad4a3ba,1784800232979,1784800232993,202,14.000,cold
8990,exp-cold-10000-008925-9a754d52,1784800232979,1784800232994,202,15.000,cold
8991,exp-cold-10000-008916-6de4f17b,1784800232979,1784800232994,202,15.000,cold
8992,exp-cold-10000-008993-44d442c4,1784800232979,1784800232997,202,18.000,cold
8993,exp-cold-10000-009012-02243cf2,1784800232979,1784800232998,202,19.000,cold
8994,exp-cold-10000-009075-b91ef40f,1784800232979,1784800233001,202,22.000,cold
8995,exp-cold-10000-009065-f6e5e1f3,1784800232979,1784800233001,202,22.000,cold
8996,exp-cold-10000-009110-c2e99fbc,1784800232979,1784800233003,202,24.000,cold
8997,exp-cold-10000-009105-fa4da875,1784800232979,1784800233003,202,24.000,cold
8998,exp-cold-10000-009158-96218e9f,1784800232979,1784800233007,202,28.000,cold
8999,exp-cold-10000-009204-0fe9af2d,1784800232979,1784800233010,202,31.000,cold
9000,exp-cold-10000-009198-877d8fb2,1784800232979,1784800233010,202,31.000,cold
9001,exp-cold-10000-009199-deb2ee48,1784800232979,1784800233010,202,31.000,cold
9002,exp-cold-10000-009200-cd0dda82,1784800232979,1784800233010,202,31.000,cold
9003,exp-cold-10000-009209-1e94deb6,1784800232979,1784800233010,202,31.000,cold
9004,exp-cold-10000-009205-a5f4bce0,1784800232979,1784800233010,202,31.000,cold
9005,exp-cold-10000-009218-ba3f9fe4,1784800232979,1784800233011,202,32.000,cold
9006,exp-cold-10000-008645-ed6404cc,1784800232980,1784800232981,202,1.000,cold
9007,exp-cold-10000-008646-55d7c29d,1784800232980,1784800232981,202,1.000,cold
9008,exp-cold-10000-008647-ab60d1d1,1784800232980,1784800232981,202,1.000,cold
9009,exp-cold-10000-008643-0e3297d5,1784800232980,1784800232981,202,1.000,cold
9010,exp-cold-10000-008656-f5cdf175,1784800232980,1784800232981,202,1.000,cold
9011,exp-cold-10000-008683-6f04bcd7,1784800232980,1784800232982,202,2.000,cold
9012,exp-cold-10000-008682-e52918ed,1784800232980,1784800232982,202,2.000,cold
9013,exp-cold-10000-008668-0541b31b,1784800232980,1784800232982,202,2.000,cold
9014,exp-cold-10000-008685-5fe7e03f,1784800232980,1784800232983,202,3.000,cold
9015,exp-cold-10000-008752-19d00d56,1784800232980,1784800232986,202,6.000,cold
9016,exp-cold-10000-008766-d07fe707,1784800232980,1784800232987,202,7.000,cold
9017,exp-cold-10000-008922-00672438,1784800232980,1784800232994,202,14.000,cold
9018,exp-cold-10000-009032-fce04f2d,1784800232980,1784800232999,202,19.000,cold
9019,exp-cold-10000-009040-36d64991,1784800232980,1784800232999,202,19.000,cold
9020,exp-cold-10000-009058-5372d698,1784800232980,1784800233001,202,21.000,cold
9021,exp-cold-10000-009060-135d208c,1784800232980,1784800233001,202,21.000,cold
9022,exp-cold-10000-009113-563afa0c,1784800232980,1784800233003,202,23.000,cold
9023,exp-cold-10000-009117-919d0771,1784800232980,1784800233003,202,23.000,cold
9024,exp-cold-10000-009116-2ba3fd39,1784800232980,1784800233003,202,23.000,cold
9025,exp-cold-10000-009150-354e73d5,1784800232980,1784800233007,202,27.000,cold
9026,exp-cold-10000-009163-bfe88662,1784800232980,1784800233008,202,28.000,cold
9027,exp-cold-10000-009166-9f9f1be4,1784800232980,1784800233008,202,28.000,cold
9028,exp-cold-10000-009174-29ac3555,1784800232980,1784800233008,202,28.000,cold
9029,exp-cold-10000-009217-b20da960,1784800232980,1784800233011,202,31.000,cold
9030,exp-cold-10000-008677-faee1ae7,1784800232981,1784800232982,202,1.000,cold
9031,exp-cold-10000-008675-f2cb9ab0,1784800232981,1784800232982,202,1.000,cold
9032,exp-cold-10000-008704-05b390b5,1784800232981,1784800232983,202,2.000,cold
9033,exp-cold-10000-008791-faa33f0a,1784800232981,1784800232988,202,7.000,cold
9034,exp-cold-10000-008934-5fd291e5,1784800232981,1784800232994,202,13.000,cold
9035,exp-cold-10000-008929-1cec2894,1784800232981,1784800232994,202,13.000,cold
9036,exp-cold-10000-009057-75a142e0,1784800232981,1784800233000,202,19.000,cold
9037,exp-cold-10000-009074-3ed47d4b,1784800232981,1784800233001,202,20.000,cold
9038,exp-cold-10000-009068-bd23f6f1,1784800232981,1784800233001,202,20.000,cold
9039,exp-cold-10000-009077-ce80b4bf,1784800232981,1784800233001,202,20.000,cold
9040,exp-cold-10000-009131-29bf7c6a,1784800232981,1784800233004,202,23.000,cold
9041,exp-cold-10000-009181-d9d4c691,1784800232981,1784800233009,202,28.000,cold
9042,exp-cold-10000-009186-2add2dcf,1784800232981,1784800233009,202,28.000,cold
9043,exp-cold-10000-009183-cf82eb98,1784800232981,1784800233009,202,28.000,cold
9044,exp-cold-10000-009193-a34ecf85,1784800232981,1784800233009,202,28.000,cold
9045,exp-cold-10000-008687-f494b433,1784800232982,1784800232983,202,1.000,cold
9046,exp-cold-10000-008689-b0d94a8a,1784800232982,1784800232983,202,1.000,cold
9047,exp-cold-10000-008697-75c31634,1784800232982,1784800232983,202,1.000,cold
9048,exp-cold-10000-008707-ce9186a4,1784800232982,1784800232983,202,1.000,cold
9049,exp-cold-10000-008703-ef017d94,1784800232982,1784800232983,202,1.000,cold
9050,exp-cold-10000-008866-41bd38b7,1784800232982,1784800232992,202,10.000,cold
9051,exp-cold-10000-008870-019a9441,1784800232982,1784800232992,202,10.000,cold
9052,exp-cold-10000-008926-222265e1,1784800232982,1784800232994,202,12.000,cold
9053,exp-cold-10000-008913-266c8cf8,1784800232982,1784800232994,202,12.000,cold
9054,exp-cold-10000-009006-8522b625,1784800232982,1784800232998,202,16.000,cold
9055,exp-cold-10000-009072-acaab131,1784800232982,1784800233001,202,19.000,cold
9056,exp-cold-10000-009071-a93af51f,1784800232982,1784800233001,202,19.000,cold
9057,exp-cold-10000-009089-4c855a0e,1784800232982,1784800233002,202,20.000,cold
9058,exp-cold-10000-009120-df070679,1784800232982,1784800233003,202,21.000,cold
9059,exp-cold-10000-009240-f6d3c02f,1784800232982,1784800233013,202,31.000,cold
9060,exp-cold-10000-008899-5249fb77,1784800232983,1784800232993,202,10.000,cold
9061,exp-cold-10000-008976-e2367663,1784800232983,1784800232996,202,13.000,cold
9062,exp-cold-10000-008961-ec69a8ce,1784800232983,1784800232996,202,13.000,cold
9063,exp-cold-10000-008979-a3694ede,1784800232983,1784800232997,202,14.000,cold
9064,exp-cold-10000-009081-8571c8fd,1784800232983,1784800233002,202,19.000,cold
9065,exp-cold-10000-009092-872f52fe,1784800232983,1784800233002,202,19.000,cold
9066,exp-cold-10000-009083-c8e118db,1784800232983,1784800233002,202,19.000,cold
9067,exp-cold-10000-009091-acb5fe08,1784800232983,1784800233002,202,19.000,cold
9068,exp-cold-10000-009086-5dcbcd18,1784800232983,1784800233002,202,19.000,cold
9069,exp-cold-10000-009093-d43d0680,1784800232983,1784800233002,202,19.000,cold
9070,exp-cold-10000-009097-25efc915,1784800232983,1784800233002,202,19.000,cold
9071,exp-cold-10000-009076-a38f2800,1784800232983,1784800233002,202,19.000,cold
9072,exp-cold-10000-009151-4106dbc1,1784800232983,1784800233007,202,24.000,cold
9073,exp-cold-10000-009171-caf2d4ff,1784800232983,1784800233008,202,25.000,cold
9074,exp-cold-10000-009315-cfdd45e7,1784800232983,1784800233019,202,36.000,cold
9075,exp-cold-10000-009361-6ed3256b,1784800232983,1784800233023,202,40.000,cold
9076,exp-cold-10000-009356-8ce6e6b3,1784800232983,1784800233023,202,40.000,cold
9077,exp-cold-10000-009376-16f4fa15,1784800232983,1784800233027,202,44.000,cold
9078,exp-cold-10000-008892-31670019,1784800232984,1784800232993,202,9.000,cold
9079,exp-cold-10000-008937-1b4e5ceb,1784800232984,1784800232995,202,11.000,cold
9080,exp-cold-10000-009111-a600c4a7,1784800232984,1784800233003,202,19.000,cold
9081,exp-cold-10000-009112-c7b36446,1784800232984,1784800233003,202,19.000,cold
9082,exp-cold-10000-009119-15116909,1784800232984,1784800233003,202,19.000,cold
9083,exp-cold-10000-009118-ef39f5b9,1784800232984,1784800233003,202,19.000,cold
9084,exp-cold-10000-009137-dafec5a0,1784800232984,1784800233005,202,21.000,cold
9085,exp-cold-10000-009135-f591a866,1784800232984,1784800233005,202,21.000,cold
9086,exp-cold-10000-009159-5e42ecc9,1784800232984,1784800233007,202,23.000,cold
9087,exp-cold-10000-009160-6dea6ae8,1784800232984,1784800233007,202,23.000,cold
9088,exp-cold-10000-009266-5e9829c0,1784800232984,1784800233015,202,31.000,cold
9089,exp-cold-10000-009297-c400cc15,1784800232984,1784800233017,202,33.000,cold
9090,exp-cold-10000-008747-eed7bc8c,1784800232985,1784800232986,202,1.000,cold
9091,exp-cold-10000-008757-500a6718,1784800232985,1784800232986,202,1.000,cold
9092,exp-cold-10000-008847-3f89ce58,1784800232985,1784800232991,202,6.000,cold
9093,exp-cold-10000-008932-59939f8d,1784800232985,1784800232994,202,9.000,cold
9094,exp-cold-10000-008945-1b9b7490,1784800232985,1784800232995,202,10.000,cold
9095,exp-cold-10000-008980-3f0d4934,1784800232985,1784800232997,202,12.000,cold
9096,exp-cold-10000-009104-6180677d,1784800232985,1784800233003,202,18.000,cold
9097,exp-cold-10000-009144-ed18f5d2,1784800232985,1784800233006,202,21.000,cold
9098,exp-cold-10000-009168-03fbbca8,1784800232985,1784800233008,202,23.000,cold
9099,exp-cold-10000-009210-70887a43,1784800232985,1784800233010,202,25.000,cold
9100,exp-cold-10000-009265-d8485853,1784800232985,1784800233015,202,30.000,cold
9101,exp-cold-10000-009269-1062f570,1784800232985,1784800233015,202,30.000,cold
9102,exp-cold-10000-009259-04ab4a4f,1784800232985,1784800233015,202,30.000,cold
9103,exp-cold-10000-009363-07f4f8a7,1784800232985,1784800233024,202,39.000,cold
9104,exp-cold-10000-008761-28bd8599,1784800232986,1784800232987,202,1.000,cold
9105,exp-cold-10000-008762-13171112,1784800232986,1784800232987,202,1.000,cold
9106,exp-cold-10000-008769-36fb1833,1784800232986,1784800232987,202,1.000,cold
9107,exp-cold-10000-008765-d3df0460,1784800232986,1784800232987,202,1.000,cold
9108,exp-cold-10000-008771-3eba2002,1784800232986,1784800232987,202,1.000,cold
9109,exp-cold-10000-008773-f06f853f,1784800232986,1784800232987,202,1.000,cold
9110,exp-cold-10000-008884-feae3451,1784800232986,1784800232992,202,6.000,cold
9111,exp-cold-10000-008924-eec5e24b,1784800232986,1784800232994,202,8.000,cold
9112,exp-cold-10000-008919-6782a64d,1784800232986,1784800232994,202,8.000,cold
9113,exp-cold-10000-008992-cc31b186,1784800232986,1784800232997,202,11.000,cold
9114,exp-cold-10000-009011-92d69245,1784800232986,1784800232998,202,12.000,cold
9115,exp-cold-10000-009016-9adb03ae,1784800232986,1784800232998,202,12.000,cold
9116,exp-cold-10000-009020-ea8879ee,1784800232986,1784800232998,202,12.000,cold
9117,exp-cold-10000-009129-a8006b65,1784800232986,1784800233004,202,18.000,cold
9118,exp-cold-10000-009100-ed89ec40,1784800232986,1784800233004,202,18.000,cold
9119,exp-cold-10000-009127-20f19b42,1784800232986,1784800233004,202,18.000,cold
9120,exp-cold-10000-009170-e5e89591,1784800232986,1784800233008,202,22.000,cold
9121,exp-cold-10000-009178-7de5dae0,1784800232986,1784800233008,202,22.000,cold
9122,exp-cold-10000-009277-9e3a00c9,1784800232986,1784800233016,202,30.000,cold
9123,exp-cold-10000-009289-0d7c5cb9,1784800232986,1784800233016,202,30.000,cold
9124,exp-cold-10000-009362-debfd4fd,1784800232986,1784800233023,202,37.000,cold
9125,exp-cold-10000-008784-96eff6d2,1784800232987,1784800232988,202,1.000,cold
9126,exp-cold-10000-008789-9f2a55ea,1784800232987,1784800232988,202,1.000,cold
9127,exp-cold-10000-009019-7a3c36da,1784800232987,1784800232998,202,11.000,cold
9128,exp-cold-10000-009007-31d27582,1784800232987,1784800232998,202,11.000,cold
9129,exp-cold-10000-009044-6ce88122,1784800232987,1784800232999,202,12.000,cold
9130,exp-cold-10000-009147-c686fe7b,1784800232987,1784800233007,202,20.000,cold
9131,exp-cold-10000-009182-1320da00,1784800232987,1784800233009,202,22.000,cold
9132,exp-cold-10000-009274-260b9b94,1784800232987,1784800233015,202,28.000,cold
9133,exp-cold-10000-009360-bcf8da9c,1784800232987,1784800233023,202,36.000,cold
9134,exp-cold-10000-008805-77e5d6f7,1784800232988,1784800232989,202,1.000,cold
9135,exp-cold-10000-008802-e643c78b,1784800232988,1784800232989,202,1.000,cold
9136,exp-cold-10000-009045-7018c5b2,1784800232988,1784800232999,202,11.000,cold
9137,exp-cold-10000-009033-292660a2,1784800232988,1784800232999,202,11.000,cold
9138,exp-cold-10000-009039-0c47fef4,1784800232988,1784800232999,202,11.000,cold
9139,exp-cold-10000-009024-7f618e52,1784800232988,1784800232999,202,11.000,cold
9140,exp-cold-10000-009030-673d2353,1784800232988,1784800232999,202,11.000,cold
9141,exp-cold-10000-009028-9c9d2059,1784800232988,1784800232999,202,11.000,cold
9142,exp-cold-10000-009062-e59d5e1e,1784800232988,1784800233001,202,13.000,cold
9143,exp-cold-10000-009180-ce71d204,1784800232988,1784800233009,202,21.000,cold
9144,exp-cold-10000-009187-3b4d431a,1784800232988,1784800233009,202,21.000,cold
9145,exp-cold-10000-009184-278259ab,1784800232988,1784800233009,202,21.000,cold
9146,exp-cold-10000-009194-1aa89a03,1784800232988,1784800233009,202,21.000,cold
9147,exp-cold-10000-009188-977516b4,1784800232988,1784800233009,202,21.000,cold
9148,exp-cold-10000-009215-2e723a5d,1784800232988,1784800233011,202,23.000,cold
9149,exp-cold-10000-008812-ab1ea961,1784800232989,1784800232990,202,1.000,cold
9150,exp-cold-10000-008822-2b3b6c5e,1784800232989,1784800232990,202,1.000,cold
9151,exp-cold-10000-008824-80f93ebf,1784800232989,1784800232990,202,1.000,cold
9152,exp-cold-10000-008826-f2857d04,1784800232989,1784800232990,202,1.000,cold
9153,exp-cold-10000-008827-eb952b0e,1784800232989,1784800232990,202,1.000,cold
9154,exp-cold-10000-008833-556b0057,1784800232989,1784800232990,202,1.000,cold
9155,exp-cold-10000-009051-f025fa8c,1784800232989,1784800233000,202,11.000,cold
9156,exp-cold-10000-009049-46f40d89,1784800232989,1784800233000,202,11.000,cold
9157,exp-cold-10000-009095-83d1a3ac,1784800232989,1784800233002,202,13.000,cold
9158,exp-cold-10000-009179-8a506f6b,1784800232989,1784800233009,202,20.000,cold
9159,exp-cold-10000-009219-249ef0fd,1784800232989,1784800233011,202,22.000,cold
9160,exp-cold-10000-009293-74e2cae2,1784800232989,1784800233017,202,28.000,cold
9161,exp-cold-10000-009314-aea2a56b,1784800232989,1784800233018,202,29.000,cold
9162,exp-cold-10000-009331-e59b34ad,1784800232989,1784800233021,202,32.000,cold
9163,exp-cold-10000-008816-bcea5eff,1784800232990,1784800232990,202,0.000,cold
9164,exp-cold-10000-008842-5006b8dd,1784800232990,1784800232991,202,1.000,cold
9165,exp-cold-10000-008841-66a5dade,1784800232990,1784800232991,202,1.000,cold
9166,exp-cold-10000-008844-ab3aa355,1784800232990,1784800232991,202,1.000,cold
9167,exp-cold-10000-008840-2a77ff3d,1784800232990,1784800232991,202,1.000,cold
9168,exp-cold-10000-008845-191d3b9c,1784800232990,1784800232991,202,1.000,cold
9169,exp-cold-10000-008854-230c465a,1784800232990,1784800232991,202,1.000,cold
9170,exp-cold-10000-008860-80e82909,1784800232990,1784800232991,202,1.000,cold
9171,exp-cold-10000-008857-03f745d2,1784800232990,1784800232991,202,1.000,cold
9172,exp-cold-10000-008942-e31c917e,1784800232990,1784800232995,202,5.000,cold
9173,exp-cold-10000-009014-0073e8aa,1784800232990,1784800232998,202,8.000,cold
9174,exp-cold-10000-009125-b0a5100c,1784800232990,1784800233004,202,14.000,cold
9175,exp-cold-10000-009189-340c8e9a,1784800232990,1784800233009,202,19.000,cold
9176,exp-cold-10000-009201-c758ce78,1784800232990,1784800233010,202,20.000,cold
9177,exp-cold-10000-009214-3325bc5b,1784800232990,1784800233011,202,21.000,cold
9178,exp-cold-10000-009227-e4cdc2d0,1784800232990,1784800233012,202,22.000,cold
9179,exp-cold-10000-009228-c8f272ed,1784800232990,1784800233012,202,22.000,cold
9180,exp-cold-10000-009236-0ca4582f,1784800232990,1784800233013,202,23.000,cold
9181,exp-cold-10000-009323-c73b0c0f,1784800232990,1784800233019,202,29.000,cold
9182,exp-cold-10000-009342-741ff0bb,1784800232990,1784800233022,202,32.000,cold
9183,exp-cold-10000-008869-6e99c96d,1784800232991,1784800232992,202,1.000,cold
9184,exp-cold-10000-008876-52a3b0c7,1784800232991,1784800232992,202,1.000,cold
9185,exp-cold-10000-008890-171fd738,1784800232991,1784800232993,202,2.000,cold
9186,exp-cold-10000-008997-4033a810,1784800232991,1784800232997,202,6.000,cold
9187,exp-cold-10000-009043-b6f16e2f,1784800232991,1784800232999,202,8.000,cold
9188,exp-cold-10000-009034-3322c3c9,1784800232991,1784800232999,202,8.000,cold
9189,exp-cold-10000-009223-e2725269,1784800232991,1784800233012,202,21.000,cold
9190,exp-cold-10000-009230-4abf65a4,1784800232991,1784800233012,202,21.000,cold
9191,exp-cold-10000-009263-0dd39ab2,1784800232991,1784800233015,202,24.000,cold
9192,exp-cold-10000-009308-cea39e22,1784800232991,1784800233018,202,27.000,cold
9193,exp-cold-10000-008895-781b32a6,1784800232992,1784800232993,202,1.000,cold
9194,exp-cold-10000-008888-e89d1895,1784800232992,1784800232993,202,1.000,cold
9195,exp-cold-10000-008897-e580eaeb,1784800232992,1784800232993,202,1.000,cold
9196,exp-cold-10000-008903-54e5ed9d,1784800232992,1784800232993,202,1.000,cold
9197,exp-cold-10000-008900-20b65955,1784800232992,1784800232993,202,1.000,cold
9198,exp-cold-10000-009090-982ba2b7,1784800232992,1784800233002,202,10.000,cold
9199,exp-cold-10000-009103-140afd2c,1784800232992,1784800233003,202,11.000,cold
9200,exp-cold-10000-009114-784547d7,1784800232992,1784800233003,202,11.000,cold
9201,exp-cold-10000-009212-cd92e62e,1784800232992,1784800233011,202,19.000,cold
9202,exp-cold-10000-009224-0099175d,1784800232992,1784800233012,202,20.000,cold
9203,exp-cold-10000-009225-52e8d8be,1784800232992,1784800233012,202,20.000,cold
9204,exp-cold-10000-009229-1f73b15c,1784800232992,1784800233012,202,20.000,cold
9205,exp-cold-10000-009234-730deb36,1784800232992,1784800233013,202,21.000,cold
9206,exp-cold-10000-009249-e7251d6c,1784800232992,1784800233014,202,22.000,cold
9207,exp-cold-10000-009246-7e78a3d2,1784800232992,1784800233014,202,22.000,cold
9208,exp-cold-10000-009253-073ee9ab,1784800232992,1784800233014,202,22.000,cold
9209,exp-cold-10000-009301-8cf7f79e,1784800232992,1784800233017,202,25.000,cold
9210,exp-cold-10000-009317-c179ee87,1784800232992,1784800233019,202,27.000,cold
9211,exp-cold-10000-009365-d0376ceb,1784800232992,1784800233024,202,32.000,cold
9212,exp-cold-10000-009423-5d2162ab,1784800232992,1784800233031,202,39.000,cold
9213,exp-cold-10000-009048-f403ca02,1784800232993,1784800233000,202,7.000,cold
9214,exp-cold-10000-009073-016fe319,1784800232993,1784800233001,202,8.000,cold
9215,exp-cold-10000-009211-fafdf6eb,1784800232993,1784800233011,202,18.000,cold
9216,exp-cold-10000-009237-61e40818,1784800232993,1784800233013,202,20.000,cold
9217,exp-cold-10000-009239-8b473518,1784800232993,1784800233013,202,20.000,cold
9218,exp-cold-10000-009251-7501cd80,1784800232993,1784800233014,202,21.000,cold
9219,exp-cold-10000-009243-8d2a7a9a,1784800232993,1784800233014,202,21.000,cold
9220,exp-cold-10000-009283-2934d0ff,1784800232993,1784800233016,202,23.000,cold
9221,exp-cold-10000-009379-61bd44ff,1784800232993,1784800233027,202,34.000,cold
9222,exp-cold-10000-008947-010ccd59,1784800232994,1784800232995,202,1.000,cold
9223,exp-cold-10000-008948-b4e20421,1784800232994,1784800232995,202,1.000,cold
9224,exp-cold-10000-008952-f4299feb,1784800232994,1784800232995,202,1.000,cold
9225,exp-cold-10000-008974-75306f17,1784800232994,1784800232996,202,2.000,cold
9226,exp-cold-10000-009102-1331f1b7,1784800232994,1784800233003,202,9.000,cold
9227,exp-cold-10000-009124-316cc293,1784800232994,1784800233004,202,10.000,cold
9228,exp-cold-10000-009169-636c8640,1784800232994,1784800233008,202,14.000,cold
9229,exp-cold-10000-009191-1e7f9279,1784800232994,1784800233009,202,15.000,cold
9230,exp-cold-10000-009245-288c3622,1784800232994,1784800233014,202,20.000,cold
9231,exp-cold-10000-009241-c277f5db,1784800232994,1784800233014,202,20.000,cold
9232,exp-cold-10000-009252-4acf0003,1784800232994,1784800233014,202,20.000,cold
9233,exp-cold-10000-009250-2deac2e7,1784800232994,1784800233014,202,20.000,cold
9234,exp-cold-10000-009260-4fa3477d,1784800232994,1784800233015,202,21.000,cold
9235,exp-cold-10000-009271-2f15163e,1784800232994,1784800233015,202,21.000,cold
9236,exp-cold-10000-009264-53944337,1784800232994,1784800233015,202,21.000,cold
9237,exp-cold-10000-009258-2f56113b,1784800232994,1784800233015,202,21.000,cold
9238,exp-cold-10000-009278-c1954a6d,1784800232994,1784800233016,202,22.000,cold
9239,exp-cold-10000-009279-bce11da9,1784800232994,1784800233016,202,22.000,cold
9240,exp-cold-10000-009276-ad7c1d1b,1784800232994,1784800233016,202,22.000,cold
9241,exp-cold-10000-009302-80d83591,1784800232994,1784800233017,202,23.000,cold
9242,exp-cold-10000-009306-368b8882,1784800232994,1784800233018,202,24.000,cold
9243,exp-cold-10000-009327-39044996,1784800232994,1784800233020,202,26.000,cold
9244,exp-cold-10000-009384-7f8f3a78,1784800232994,1784800233027,202,33.000,cold
9245,exp-cold-10000-008978-b483533d,1784800232995,1784800232996,202,1.000,cold
9246,exp-cold-10000-008989-8b1755f2,1784800232995,1784800232997,202,2.000,cold
9247,exp-cold-10000-009079-71a4420a,1784800232995,1784800233001,202,6.000,cold
9248,exp-cold-10000-009108-dd65f8fc,1784800232995,1784800233003,202,8.000,cold
9249,exp-cold-10000-009130-ffe1501e,1784800232995,1784800233004,202,9.000,cold
9250,exp-cold-10000-009154-17526424,1784800232995,1784800233007,202,12.000,cold
9251,exp-cold-10000-009148-2c1af14e,1784800232995,1784800233007,202,12.000,cold
9252,exp-cold-10000-009165-f6f991f9,1784800232995,1784800233008,202,13.000,cold
9253,exp-cold-10000-009238-b7cf7ea4,1784800232995,1784800233013,202,18.000,cold
9254,exp-cold-10000-009254-e4bb36c1,1784800232995,1784800233014,202,19.000,cold
9255,exp-cold-10000-009255-078d54e7,1784800232995,1784800233015,202,20.000,cold
9256,exp-cold-10000-009313-1537bc86,1784800232995,1784800233018,202,23.000,cold
9257,exp-cold-10000-009380-58c59f81,1784800232995,1784800233027,202,32.000,cold
9258,exp-cold-10000-008981-2c4060c0,1784800232996,1784800232997,202,1.000,cold
9259,exp-cold-10000-008983-19a13dd7,1784800232996,1784800232997,202,1.000,cold
9260,exp-cold-10000-008985-86cf0d63,1784800232996,1784800232997,202,1.000,cold
9261,exp-cold-10000-008984-fba927e5,1784800232996,1784800232997,202,1.000,cold
9262,exp-cold-10000-008987-9e82d7e5,1784800232996,1784800232997,202,1.000,cold
9263,exp-cold-10000-008988-246c7f7f,1784800232996,1784800232997,202,1.000,cold
9264,exp-cold-10000-008991-7ded09b0,1784800232996,1784800232997,202,1.000,cold
9265,exp-cold-10000-008998-5555eba8,1784800232996,1784800232997,202,1.000,cold
9266,exp-cold-10000-008999-8705d0d2,1784800232996,1784800232997,202,1.000,cold
9267,exp-cold-10000-009000-026af752,1784800232996,1784800232997,202,1.000,cold
9268,exp-cold-10000-009004-c0f9d2de,1784800232996,1784800232997,202,1.000,cold
9269,exp-cold-10000-009084-cc680287,1784800232996,1784800233002,202,6.000,cold
9270,exp-cold-10000-009085-71336f0b,1784800232996,1784800233002,202,6.000,cold
9271,exp-cold-10000-009136-8a52d9f6,1784800232996,1784800233005,202,9.000,cold
9272,exp-cold-10000-009195-31e9d25f,1784800232996,1784800233010,202,14.000,cold
9273,exp-cold-10000-009244-6aba3168,1784800232996,1784800233014,202,18.000,cold
9274,exp-cold-10000-009248-e5e4cac5,1784800232996,1784800233014,202,18.000,cold
9275,exp-cold-10000-009270-aca9de61,1784800232996,1784800233015,202,19.000,cold
9276,exp-cold-10000-009262-8ac38771,1784800232996,1784800233015,202,19.000,cold
9277,exp-cold-10000-009256-88afcaac,1784800232996,1784800233015,202,19.000,cold
9278,exp-cold-10000-009281-135dee10,1784800232996,1784800233016,202,20.000,cold
9279,exp-cold-10000-009304-a871094c,1784800232996,1784800233018,202,22.000,cold
9280,exp-cold-10000-009305-f9ee34e5,1784800232996,1784800233018,202,22.000,cold
9281,exp-cold-10000-009319-76f7b37a,1784800232996,1784800233019,202,23.000,cold
9282,exp-cold-10000-009329-7f3cd625,1784800232996,1784800233020,202,24.000,cold
9283,exp-cold-10000-009357-c9138005,1784800232996,1784800233023,202,27.000,cold
9284,exp-cold-10000-009374-2f4e7c36,1784800232996,1784800233027,202,31.000,cold
9285,exp-cold-10000-009412-98997bcf,1784800232996,1784800233030,202,34.000,cold
9286,exp-cold-10000-009009-8ff8e8cd,1784800232997,1784800232998,202,1.000,cold
9287,exp-cold-10000-009005-0838f38a,1784800232997,1784800232998,202,1.000,cold
9288,exp-cold-10000-009015-dc0b0ce1,1784800232997,1784800232998,202,1.000,cold
9289,exp-cold-10000-009038-097fa43d,1784800232997,1784800232999,202,2.000,cold
9290,exp-cold-10000-009035-fed8ab0a,1784800232997,1784800232999,202,2.000,cold
9291,exp-cold-10000-009261-62c5b413,1784800232997,1784800233015,202,18.000,cold
9292,exp-cold-10000-009273-46deb340,1784800232997,1784800233015,202,18.000,cold
9293,exp-cold-10000-009275-4d806b70,1784800232997,1784800233015,202,18.000,cold
9294,exp-cold-10000-009257-218cc85d,1784800232997,1784800233015,202,18.000,cold
9295,exp-cold-10000-009291-495ef5b7,1784800232997,1784800233016,202,19.000,cold
9296,exp-cold-10000-009292-1028fddb,1784800232997,1784800233016,202,19.000,cold
9297,exp-cold-10000-009280-998e1f4d,1784800232997,1784800233016,202,19.000,cold
9298,exp-cold-10000-009324-ec3e9808,1784800232997,1784800233019,202,22.000,cold
9299,exp-cold-10000-009321-45397746,1784800232997,1784800233019,202,22.000,cold
9300,exp-cold-10000-009320-4b7f1e56,1784800232997,1784800233019,202,22.000,cold
9301,exp-cold-10000-009341-d5dc0f54,1784800232997,1784800233022,202,25.000,cold
9302,exp-cold-10000-009352-6c1726a9,1784800232997,1784800233022,202,25.000,cold
9303,exp-cold-10000-009021-3d6a63ec,1784800232998,1784800232999,202,1.000,cold
9304,exp-cold-10000-009027-4b5eab81,1784800232998,1784800232999,202,1.000,cold
9305,exp-cold-10000-009023-e1daadc2,1784800232998,1784800232999,202,1.000,cold
9306,exp-cold-10000-009037-db1b4094,1784800232998,1784800232999,202,1.000,cold
9307,exp-cold-10000-009029-8c2d2b0c,1784800232998,1784800232999,202,1.000,cold
9308,exp-cold-10000-009121-ebd21458,1784800232998,1784800233003,202,5.000,cold
9309,exp-cold-10000-009155-40d729fd,1784800232998,1784800233007,202,9.000,cold
9310,exp-cold-10000-009164-6704f41d,1784800232998,1784800233008,202,10.000,cold
9311,exp-cold-10000-009172-e7ea411b,1784800232998,1784800233008,202,10.000,cold
9312,exp-cold-10000-009167-91b352ce,1784800232998,1784800233008,202,10.000,cold
9313,exp-cold-10000-009176-f6874aba,1784800232998,1784800233008,202,10.000,cold
9314,exp-cold-10000-009202-0240796f,1784800232998,1784800233010,202,12.000,cold
9315,exp-cold-10000-009220-d1c0b92e,1784800232998,1784800233012,202,14.000,cold
9316,exp-cold-10000-009290-51fdd9a3,1784800232998,1784800233016,202,18.000,cold
9317,exp-cold-10000-009288-cc3be8f4,1784800232998,1784800233016,202,18.000,cold
9318,exp-cold-10000-009285-3ed65207,1784800232998,1784800233016,202,18.000,cold
9319,exp-cold-10000-009284-5bba53d0,1784800232998,1784800233016,202,18.000,cold
9320,exp-cold-10000-009318-52c3d4ba,1784800232998,1784800233019,202,21.000,cold
9321,exp-cold-10000-009082-c079cc50,1784800232999,1784800233002,202,3.000,cold
9322,exp-cold-10000-009162-600ec50a,1784800232999,1784800233008,202,9.000,cold
9323,exp-cold-10000-009233-1f69f713,1784800232999,1784800233013,202,14.000,cold
9324,exp-cold-10000-009235-0f1afe69,1784800232999,1784800233013,202,14.000,cold
9325,exp-cold-10000-009282-862b430a,1784800232999,1784800233016,202,17.000,cold
9326,exp-cold-10000-009286-a0595fd3,1784800232999,1784800233016,202,17.000,cold
9327,exp-cold-10000-009287-ee6cf3f3,1784800232999,1784800233016,202,17.000,cold
9328,exp-cold-10000-009322-d75b1d25,1784800232999,1784800233020,202,21.000,cold
9329,exp-cold-10000-009328-8b888fc7,1784800232999,1784800233020,202,21.000,cold
9330,exp-cold-10000-009350-5842087d,1784800232999,1784800233022,202,23.000,cold
9331,exp-cold-10000-009146-8fd76940,1784800233000,1784800233006,202,6.000,cold
9332,exp-cold-10000-009247-0687cedb,1784800233000,1784800233014,202,14.000,cold
9333,exp-cold-10000-009300-390d0678,1784800233000,1784800233017,202,17.000,cold
9334,exp-cold-10000-009298-0534caa8,1784800233000,1784800233017,202,17.000,cold
9335,exp-cold-10000-009299-f8281808,1784800233000,1784800233017,202,17.000,cold
9336,exp-cold-10000-009294-e4d0646b,1784800233000,1784800233017,202,17.000,cold
9337,exp-cold-10000-009307-1a9147e3,1784800233000,1784800233018,202,18.000,cold
9338,exp-cold-10000-009311-56fa467d,1784800233000,1784800233018,202,18.000,cold
9339,exp-cold-10000-009336-8834d645,1784800233000,1784800233021,202,21.000,cold
9340,exp-cold-10000-009337-b4d7492b,1784800233000,1784800233021,202,21.000,cold
9341,exp-cold-10000-009333-79c392bc,1784800233000,1784800233021,202,21.000,cold
9342,exp-cold-10000-009346-360bb0b4,1784800233000,1784800233022,202,22.000,cold
9343,exp-cold-10000-009355-85eacd90,1784800233000,1784800233023,202,23.000,cold
9344,exp-cold-10000-009366-3ebac607,1784800233000,1784800233024,202,24.000,cold
9345,exp-cold-10000-009367-64aca91a,1784800233000,1784800233024,202,24.000,cold
9346,exp-cold-10000-009267-e482a0f1,1784800233001,1784800233015,202,14.000,cold
9347,exp-cold-10000-009295-4645beb1,1784800233001,1784800233017,202,16.000,cold
9348,exp-cold-10000-009338-740c0cc0,1784800233001,1784800233021,202,20.000,cold
9349,exp-cold-10000-009348-abb54108,1784800233001,1784800233022,202,21.000,cold
9350,exp-cold-10000-009347-eb8e96a8,1784800233001,1784800233022,202,21.000,cold
9351,exp-cold-10000-009353-b29e99b5,1784800233001,1784800233022,202,21.000,cold
9352,exp-cold-10000-009373-7e2af6c0,1784800233001,1784800233027,202,26.000,cold
9353,exp-cold-10000-009385-6113e7c9,1784800233001,1784800233028,202,27.000,cold
9354,exp-cold-10000-009303-09200ff8,1784800233002,1784800233017,202,15.000,cold
9355,exp-cold-10000-009316-11deb933,1784800233002,1784800233019,202,17.000,cold
9356,exp-cold-10000-009326-00244779,1784800233002,1784800233020,202,18.000,cold
9357,exp-cold-10000-009334-a6df1c96,1784800233002,1784800233021,202,19.000,cold
9358,exp-cold-10000-009332-723d62b5,1784800233002,1784800233021,202,19.000,cold
9359,exp-cold-10000-009339-fb61a4b4,1784800233002,1784800233021,202,19.000,cold
9360,exp-cold-10000-009335-4a2655a4,1784800233002,1784800233021,202,19.000,cold
9361,exp-cold-10000-009343-94b305a1,1784800233002,1784800233022,202,20.000,cold
9362,exp-cold-10000-009381-62484511,1784800233002,1784800233027,202,25.000,cold
9363,exp-cold-10000-009505-2d5151a9,1784800233002,1784800233038,202,36.000,cold
9364,exp-cold-10000-009296-1a126bc9,1784800233003,1784800233017,202,14.000,cold
9365,exp-cold-10000-009344-ba1176bf,1784800233003,1784800233022,202,19.000,cold
9366,exp-cold-10000-009351-2aacb09c,1784800233003,1784800233022,202,19.000,cold
9367,exp-cold-10000-009340-24c1bae3,1784800233003,1784800233022,202,19.000,cold
9368,exp-cold-10000-009359-41309c8b,1784800233003,1784800233023,202,20.000,cold
9369,exp-cold-10000-009358-538a7d6c,1784800233003,1784800233023,202,20.000,cold
9370,exp-cold-10000-009389-3ff5cc68,1784800233003,1784800233028,202,25.000,cold
9371,exp-cold-10000-009345-122d8de2,1784800233004,1784800233022,202,18.000,cold
9372,exp-cold-10000-009403-54263f58,1784800233004,1784800233029,202,25.000,cold
9373,exp-cold-10000-009430-a4363a57,1784800233004,1784800233031,202,27.000,cold
9374,exp-cold-10000-009222-8d409fa4,1784800233005,1784800233012,202,7.000,cold
9375,exp-cold-10000-009231-7c2914e1,1784800233005,1784800233012,202,7.000,cold
9376,exp-cold-10000-009309-6a70e0ae,1784800233005,1784800233018,202,13.000,cold
9377,exp-cold-10000-009312-91275251,1784800233005,1784800233018,202,13.000,cold
9378,exp-cold-10000-009370-02cadd44,1784800233005,1784800233024,202,19.000,cold
9379,exp-cold-10000-009372-38817a41,1784800233005,1784800233027,202,22.000,cold
9380,exp-cold-10000-009375-c674f605,1784800233005,1784800233027,202,22.000,cold
9381,exp-cold-10000-009386-08e82fb3,1784800233005,1784800233028,202,23.000,cold
9382,exp-cold-10000-009396-0c61a114,1784800233005,1784800233029,202,24.000,cold
9383,exp-cold-10000-009427-54600d91,1784800233005,1784800233031,202,26.000,cold
9384,exp-cold-10000-009512-b7ad58b7,1784800233005,1784800233038,202,33.000,cold
9385,exp-cold-10000-009354-15c88fea,1784800233006,1784800233023,202,17.000,cold
9386,exp-cold-10000-009364-01fac76d,1784800233006,1784800233024,202,18.000,cold
9387,exp-cold-10000-009368-4a4c3934,1784800233006,1784800233024,202,18.000,cold
9388,exp-cold-10000-009426-1cee1671,1784800233006,1784800233031,202,25.000,cold
9389,exp-cold-10000-009517-1bd24475,1784800233006,1784800233040,202,34.000,cold
9390,exp-cold-10000-009310-e6dd0e53,1784800233007,1784800233018,202,11.000,cold
9391,exp-cold-10000-009349-48ed3954,1784800233007,1784800233022,202,15.000,cold
9392,exp-cold-10000-009371-9ee7161e,1784800233007,1784800233026,202,19.000,cold
9393,exp-cold-10000-009378-2357947f,1784800233007,1784800233027,202,20.000,cold
9394,exp-cold-10000-009425-e93bfec2,1784800233007,1784800233031,202,24.000,cold
9395,exp-cold-10000-009388-b9644231,1784800233008,1784800233028,202,20.000,cold
9396,exp-cold-10000-009463-8c5fd74a,1784800233008,1784800233034,202,26.000,cold
9397,exp-cold-10000-009506-e3679e73,1784800233008,1784800233038,202,30.000,cold
9398,exp-cold-10000-009383-01a5dc0b,1784800233009,1784800233027,202,18.000,cold
9399,exp-cold-10000-009432-3bd0207b,1784800233009,1784800233032,202,23.000,cold
9400,exp-cold-10000-009330-dfcbb179,1784800233010,1784800233020,202,10.000,cold
9401,exp-cold-10000-009450-6d6ebf9f,1784800233010,1784800233034,202,24.000,cold
9402,exp-cold-10000-009518-fb5c913e,1784800233010,1784800233040,202,30.000,cold
9403,exp-cold-10000-009387-88557473,1784800233011,1784800233028,202,17.000,cold
9404,exp-cold-10000-009401-7e9354be,1784800233011,1784800233029,202,18.000,cold
9405,exp-cold-10000-009429-b544d51f,1784800233011,1784800233031,202,20.000,cold
9406,exp-cold-10000-009436-52328fb8,1784800233011,1784800233032,202,21.000,cold
9407,exp-cold-10000-009577-043d5fd8,1784800233011,1784800233044,202,33.000,cold
9408,exp-cold-10000-009377-b5e5d450,1784800233012,1784800233027,202,15.000,cold
9409,exp-cold-10000-009382-85182e44,1784800233012,1784800233027,202,15.000,cold
9410,exp-cold-10000-009393-65677679,1784800233012,1784800233028,202,16.000,cold
9411,exp-cold-10000-009415-4a1badcf,1784800233012,1784800233030,202,18.000,cold
9412,exp-cold-10000-009409-c021e173,1784800233012,1784800233030,202,18.000,cold
9413,exp-cold-10000-009413-140ad48e,1784800233012,1784800233030,202,18.000,cold
9414,exp-cold-10000-009408-b37b1cea,1784800233012,1784800233030,202,18.000,cold
9415,exp-cold-10000-009516-c99857c7,1784800233012,1784800233040,202,28.000,cold
9416,exp-cold-10000-009392-ac4e5f21,1784800233013,1784800233028,202,15.000,cold
9417,exp-cold-10000-009394-c90843f7,1784800233013,1784800233028,202,15.000,cold
9418,exp-cold-10000-009402-ed5edf1a,1784800233013,1784800233029,202,16.000,cold
9419,exp-cold-10000-009417-a1ed27d0,1784800233013,1784800233030,202,17.000,cold
9420,exp-cold-10000-009410-7c392b61,1784800233013,1784800233030,202,17.000,cold
9421,exp-cold-10000-009422-edfe10f8,1784800233013,1784800233031,202,18.000,cold
9422,exp-cold-10000-009452-9dca1374,1784800233013,1784800233034,202,21.000,cold
9423,exp-cold-10000-009470-32d2d3ac,1784800233013,1784800233035,202,22.000,cold
9424,exp-cold-10000-009536-21aae49e,1784800233013,1784800233041,202,28.000,cold
9425,exp-cold-10000-009550-27b68e9e,1784800233013,1784800233043,202,30.000,cold
9426,exp-cold-10000-009399-836e339c,1784800233014,1784800233029,202,15.000,cold
9427,exp-cold-10000-009395-157280f6,1784800233014,1784800233029,202,15.000,cold
9428,exp-cold-10000-009397-d6afbf3c,1784800233014,1784800233029,202,15.000,cold
9429,exp-cold-10000-009400-d9631d7e,1784800233014,1784800233029,202,15.000,cold
9430,exp-cold-10000-009407-56f6e3f6,1784800233014,1784800233030,202,16.000,cold
9431,exp-cold-10000-009435-be2e43ea,1784800233014,1784800233032,202,18.000,cold
9432,exp-cold-10000-009467-c7296fe2,1784800233014,1784800233035,202,21.000,cold
9433,exp-cold-10000-009531-c6662b9f,1784800233014,1784800233041,202,27.000,cold
9434,exp-cold-10000-009391-401ddc2b,1784800233015,1784800233028,202,13.000,cold
9435,exp-cold-10000-009404-2cd1b56d,1784800233015,1784800233030,202,15.000,cold
9436,exp-cold-10000-009405-588badec,1784800233015,1784800233030,202,15.000,cold
9437,exp-cold-10000-009406-992dad2c,1784800233015,1784800233030,202,15.000,cold
9438,exp-cold-10000-009416-4612c197,1784800233015,1784800233030,202,15.000,cold
9439,exp-cold-10000-009411-7b34ba16,1784800233015,1784800233030,202,15.000,cold
9440,exp-cold-10000-009444-2de83310,1784800233015,1784800233033,202,18.000,cold
9441,exp-cold-10000-009511-152def49,1784800233015,1784800233038,202,23.000,cold
9442,exp-cold-10000-009559-9b318bf3,1784800233015,1784800233043,202,28.000,cold
9443,exp-cold-10000-009564-605615e3,1784800233015,1784800233044,202,29.000,cold
9444,exp-cold-10000-009568-18aa746d,1784800233015,1784800233044,202,29.000,cold
9445,exp-cold-10000-009414-63da0209,1784800233016,1784800233030,202,14.000,cold
9446,exp-cold-10000-009428-5d6d1818,1784800233016,1784800233031,202,15.000,cold
9447,exp-cold-10000-009419-66f2914b,1784800233016,1784800233031,202,15.000,cold
9448,exp-cold-10000-009418-31b90374,1784800233016,1784800233031,202,15.000,cold
9449,exp-cold-10000-009424-c5e7cf27,1784800233016,1784800233031,202,15.000,cold
9450,exp-cold-10000-009437-dcb3318c,1784800233016,1784800233033,202,17.000,cold
9451,exp-cold-10000-009449-df0ba4de,1784800233016,1784800233034,202,18.000,cold
9452,exp-cold-10000-009457-b0ce7a55,1784800233016,1784800233034,202,18.000,cold
9453,exp-cold-10000-009451-2ffb1321,1784800233016,1784800233034,202,18.000,cold
9454,exp-cold-10000-009461-e0ffdabe,1784800233016,1784800233034,202,18.000,cold
9455,exp-cold-10000-009474-dbd2396d,1784800233016,1784800233035,202,19.000,cold
9456,exp-cold-10000-009488-a9caf3c1,1784800233016,1784800233037,202,21.000,cold
9457,exp-cold-10000-009390-c535c69e,1784800233017,1784800233028,202,11.000,cold
9458,exp-cold-10000-009420-570fa73a,1784800233017,1784800233031,202,14.000,cold
9459,exp-cold-10000-009431-bc460eea,1784800233017,1784800233032,202,15.000,cold
9460,exp-cold-10000-009434-0a573b3e,1784800233017,1784800233032,202,15.000,cold
9461,exp-cold-10000-009441-7041ef3d,1784800233017,1784800233033,202,16.000,cold
9462,exp-cold-10000-009443-f8eab9ca,1784800233017,1784800233033,202,16.000,cold
9463,exp-cold-10000-009442-96a9393c,1784800233017,1784800233033,202,16.000,cold
9464,exp-cold-10000-009440-cf33b544,1784800233017,1784800233033,202,16.000,cold
9465,exp-cold-10000-009447-80add12c,1784800233017,1784800233033,202,16.000,cold
9466,exp-cold-10000-009458-a0363a5c,1784800233017,1784800233034,202,17.000,cold
9467,exp-cold-10000-009459-795d23f9,1784800233017,1784800233034,202,17.000,cold
9468,exp-cold-10000-009466-4bcca9e5,1784800233017,1784800233035,202,18.000,cold
9469,exp-cold-10000-009476-7e245477,1784800233017,1784800233035,202,18.000,cold
9470,exp-cold-10000-009473-c9dd501b,1784800233017,1784800233035,202,18.000,cold
9471,exp-cold-10000-009398-5edd9b84,1784800233018,1784800233029,202,11.000,cold
9472,exp-cold-10000-009445-3d5118d6,1784800233018,1784800233033,202,15.000,cold
9473,exp-cold-10000-009439-14860126,1784800233018,1784800233033,202,15.000,cold
9474,exp-cold-10000-009438-f83c36e6,1784800233018,1784800233033,202,15.000,cold
9475,exp-cold-10000-009446-6b8a5578,1784800233018,1784800233033,202,15.000,cold
9476,exp-cold-10000-009460-91362cab,1784800233018,1784800233034,202,16.000,cold
9477,exp-cold-10000-009471-b06641b8,1784800233018,1784800233035,202,17.000,cold
9478,exp-cold-10000-009469-bb9b775f,1784800233018,1784800233035,202,17.000,cold
9479,exp-cold-10000-009465-09d61b20,1784800233018,1784800233035,202,17.000,cold
9480,exp-cold-10000-009487-35f870e2,1784800233018,1784800233036,202,18.000,cold
9481,exp-cold-10000-009481-e4e8811b,1784800233018,1784800233036,202,18.000,cold
9482,exp-cold-10000-009480-31588eee,1784800233018,1784800233036,202,18.000,cold
9483,exp-cold-10000-009520-f8bbaf88,1784800233018,1784800233040,202,22.000,cold
9484,exp-cold-10000-009529-5157bd48,1784800233018,1784800233041,202,23.000,cold
9485,exp-cold-10000-009588-6a0e0b4f,1784800233018,1784800233045,202,27.000,cold
9486,exp-cold-10000-009589-3ce2f5c5,1784800233018,1784800233045,202,27.000,cold
9487,exp-cold-10000-009421-a2cc6ab7,1784800233019,1784800233031,202,12.000,cold
9488,exp-cold-10000-009433-c661d4bb,1784800233019,1784800233032,202,13.000,cold
9489,exp-cold-10000-009464-bab3d61d,1784800233019,1784800233034,202,15.000,cold
9490,exp-cold-10000-009454-370cbcbf,1784800233019,1784800233034,202,15.000,cold
9491,exp-cold-10000-009462-499c078c,1784800233019,1784800233034,202,15.000,cold
9492,exp-cold-10000-009455-8ba19a98,1784800233019,1784800233034,202,15.000,cold
9493,exp-cold-10000-009453-24af3ab6,1784800233019,1784800233034,202,15.000,cold
9494,exp-cold-10000-009475-be8b7ff7,1784800233019,1784800233035,202,16.000,cold
9495,exp-cold-10000-009595-4a0f5160,1784800233019,1784800233046,202,27.000,cold
9496,exp-cold-10000-009601-38f95e8a,1784800233019,1784800233046,202,27.000,cold
9497,exp-cold-10000-009607-ceedf63b,1784800233019,1784800233047,202,28.000,cold
9498,exp-cold-10000-009478-39d435f3,1784800233020,1784800233035,202,15.000,cold
9499,exp-cold-10000-009477-6049dad2,1784800233020,1784800233035,202,15.000,cold
9500,exp-cold-10000-009479-83eaddfa,1784800233020,1784800233036,202,16.000,cold
9501,exp-cold-10000-009500-6dc195d8,1784800233020,1784800233037,202,17.000,cold
9502,exp-cold-10000-009448-fca438a5,1784800233021,1784800233034,202,13.000,cold
9503,exp-cold-10000-009468-16e616ca,1784800233021,1784800233035,202,14.000,cold
9504,exp-cold-10000-009472-1d132daf,1784800233021,1784800233035,202,14.000,cold
9505,exp-cold-10000-009491-d85f1eed,1784800233021,1784800233037,202,16.000,cold
9506,exp-cold-10000-009507-5c434522,1784800233021,1784800233038,202,17.000,cold
9507,exp-cold-10000-009513-7dc1924e,1784800233021,1784800233039,202,18.000,cold
9508,exp-cold-10000-009523-4b8a003c,1784800233021,1784800233040,202,19.000,cold
9509,exp-cold-10000-009524-769a00f8,1784800233021,1784800233040,202,19.000,cold
9510,exp-cold-10000-009586-cacd7bf5,1784800233021,1784800233045,202,24.000,cold
9511,exp-cold-10000-009587-f4dba492,1784800233021,1784800233045,202,24.000,cold
9512,exp-cold-10000-009630-4cf6fad3,1784800233021,1784800233049,202,28.000,cold
9513,exp-cold-10000-009486-d1a3e1cf,1784800233022,1784800233036,202,14.000,cold
9514,exp-cold-10000-009483-390bf001,1784800233022,1784800233036,202,14.000,cold
9515,exp-cold-10000-009484-dfe3f8de,1784800233022,1784800233036,202,14.000,cold
9516,exp-cold-10000-009485-73cf4cb5,1784800233022,1784800233036,202,14.000,cold
9517,exp-cold-10000-009482-d30580a9,1784800233022,1784800233036,202,14.000,cold
9518,exp-cold-10000-009503-5ea07471,1784800233022,1784800233037,202,15.000,cold
9519,exp-cold-10000-009499-0d46e767,1784800233022,1784800233037,202,15.000,cold
9520,exp-cold-10000-009489-12f0e041,1784800233022,1784800233037,202,15.000,cold
9521,exp-cold-10000-009532-47434a58,1784800233022,1784800233041,202,19.000,cold
9522,exp-cold-10000-009527-7f83744d,1784800233022,1784800233041,202,19.000,cold
9523,exp-cold-10000-009606-ee0b469c,1784800233022,1784800233046,202,24.000,cold
9524,exp-cold-10000-009611-5c3fda0c,1784800233022,1784800233047,202,25.000,cold
9525,exp-cold-10000-009612-094691bd,1784800233022,1784800233047,202,25.000,cold
9526,exp-cold-10000-009618-0cc0e05b,1784800233022,1784800233048,202,26.000,cold
9527,exp-cold-10000-009495-fa108804,1784800233023,1784800233037,202,14.000,cold
9528,exp-cold-10000-009490-1beac2c7,1784800233023,1784800233037,202,14.000,cold
9529,exp-cold-10000-009504-17c0ca4f,1784800233023,1784800233038,202,15.000,cold
9530,exp-cold-10000-009534-0c4fb8f6,1784800233023,1784800233041,202,18.000,cold
9531,exp-cold-10000-009562-bf40b2bf,1784800233023,1784800233043,202,20.000,cold
9532,exp-cold-10000-009456-759e36fc,1784800233024,1784800233035,202,11.000,cold
9533,exp-cold-10000-009494-4537c5d8,1784800233024,1784800233037,202,13.000,cold
9534,exp-cold-10000-009492-5daa17fd,1784800233024,1784800233037,202,13.000,cold
9535,exp-cold-10000-009501-2cce545f,1784800233024,1784800233037,202,13.000,cold
9536,exp-cold-10000-009497-d78f0df4,1784800233024,1784800233037,202,13.000,cold
9537,exp-cold-10000-009496-db8b260d,1784800233024,1784800233037,202,13.000,cold
9538,exp-cold-10000-009498-1e17c62b,1784800233024,1784800233037,202,13.000,cold
9539,exp-cold-10000-009493-9e4d538f,1784800233024,1784800233037,202,13.000,cold
9540,exp-cold-10000-009519-ba70faf5,1784800233024,1784800233040,202,16.000,cold
9541,exp-cold-10000-009552-ba3eec30,1784800233024,1784800233043,202,19.000,cold
9542,exp-cold-10000-009573-4302c04d,1784800233024,1784800233044,202,20.000,cold
9543,exp-cold-10000-009628-0d2fa689,1784800233024,1784800233049,202,25.000,cold
9544,exp-cold-10000-009502-33574853,1784800233025,1784800233038,202,13.000,cold
9545,exp-cold-10000-009510-aa7b6c61,1784800233025,1784800233038,202,13.000,cold
9546,exp-cold-10000-009521-875df059,1784800233025,1784800233040,202,15.000,cold
9547,exp-cold-10000-009522-b393c0f5,1784800233025,1784800233040,202,15.000,cold
9548,exp-cold-10000-009528-e6364350,1784800233025,1784800233041,202,16.000,cold
9549,exp-cold-10000-009533-60bf84e6,1784800233025,1784800233041,202,16.000,cold
9550,exp-cold-10000-009540-c61ef52b,1784800233025,1784800233042,202,17.000,cold
9551,exp-cold-10000-009508-0da0aa15,1784800233026,1784800233038,202,12.000,cold
9552,exp-cold-10000-009509-4c983464,1784800233026,1784800233038,202,12.000,cold
9553,exp-cold-10000-009525-2810f7bd,1784800233026,1784800233040,202,14.000,cold
9554,exp-cold-10000-009537-a0461e78,1784800233026,1784800233041,202,15.000,cold
9555,exp-cold-10000-009646-9da03113,1784800233026,1784800233050,202,24.000,cold
9556,exp-cold-10000-009657-b226faa4,1784800233026,1784800233051,202,25.000,cold
9557,exp-cold-10000-009547-f7df953f,1784800233027,1784800233042,202,15.000,cold
9558,exp-cold-10000-009539-eab0141a,1784800233027,1784800233042,202,15.000,cold
9559,exp-cold-10000-009514-5cefed87,1784800233028,1784800233040,202,12.000,cold
9560,exp-cold-10000-009515-78a3054a,1784800233028,1784800233040,202,12.000,cold
9561,exp-cold-10000-009535-044fc1be,1784800233028,1784800233041,202,13.000,cold
9562,exp-cold-10000-009538-abf26ec5,1784800233028,1784800233041,202,13.000,cold
9563,exp-cold-10000-009526-8d6b7aee,1784800233028,1784800233041,202,13.000,cold
9564,exp-cold-10000-009572-8d297def,1784800233028,1784800233044,202,16.000,cold
9565,exp-cold-10000-009610-13c2f183,1784800233028,1784800233047,202,19.000,cold
9566,exp-cold-10000-009669-543cf341,1784800233028,1784800233052,202,24.000,cold
9567,exp-cold-10000-009530-f29b1826,1784800233029,1784800233041,202,12.000,cold
9568,exp-cold-10000-009617-1ccc4945,1784800233029,1784800233048,202,19.000,cold
9569,exp-cold-10000-009541-67713946,1784800233030,1784800233042,202,12.000,cold
9570,exp-cold-10000-009542-98cbc487,1784800233030,1784800233042,202,12.000,cold
9571,exp-cold-10000-009545-4abf2cf5,1784800233030,1784800233042,202,12.000,cold
9572,exp-cold-10000-009544-19a6f809,1784800233030,1784800233042,202,12.000,cold
9573,exp-cold-10000-009546-d84d2171,1784800233030,1784800233042,202,12.000,cold
9574,exp-cold-10000-009543-a77fbae5,1784800233030,1784800233042,202,12.000,cold
9575,exp-cold-10000-009555-e58ef3dc,1784800233030,1784800233043,202,13.000,cold
9576,exp-cold-10000-009578-43846b0d,1784800233030,1784800233045,202,15.000,cold
9577,exp-cold-10000-009582-9c9e1a2d,1784800233030,1784800233045,202,15.000,cold
9578,exp-cold-10000-009603-01bdbdea,1784800233030,1784800233046,202,16.000,cold
9579,exp-cold-10000-009602-3b4706d5,1784800233030,1784800233046,202,16.000,cold
9580,exp-cold-10000-009604-d76d13e6,1784800233030,1784800233046,202,16.000,cold
9581,exp-cold-10000-009548-1cf6026d,1784800233031,1784800233043,202,12.000,cold
9582,exp-cold-10000-009551-e44c069d,1784800233031,1784800233043,202,12.000,cold
9583,exp-cold-10000-009558-ab6b81a7,1784800233031,1784800233043,202,12.000,cold
9584,exp-cold-10000-009554-61e4da47,1784800233031,1784800233043,202,12.000,cold
9585,exp-cold-10000-009557-154c8d8c,1784800233031,1784800233043,202,12.000,cold
9586,exp-cold-10000-009556-02f6b4f2,1784800233031,1784800233043,202,12.000,cold
9587,exp-cold-10000-009560-22327157,1784800233031,1784800233043,202,12.000,cold
9588,exp-cold-10000-009561-5e92ce45,1784800233031,1784800233043,202,12.000,cold
9589,exp-cold-10000-009569-69fcb799,1784800233031,1784800233044,202,13.000,cold
9590,exp-cold-10000-009565-bd288b35,1784800233031,1784800233044,202,13.000,cold
9591,exp-cold-10000-009576-734b15b6,1784800233031,1784800233044,202,13.000,cold
9592,exp-cold-10000-009574-0c434515,1784800233031,1784800233044,202,13.000,cold
9593,exp-cold-10000-009570-5bfdfba5,1784800233031,1784800233044,202,13.000,cold
9594,exp-cold-10000-009590-95711da7,1784800233031,1784800233045,202,14.000,cold
9595,exp-cold-10000-009609-284263cc,1784800233031,1784800233046,202,15.000,cold
9596,exp-cold-10000-009594-ee4a2b26,1784800233031,1784800233046,202,15.000,cold
9597,exp-cold-10000-009616-f88eb1e5,1784800233031,1784800233047,202,16.000,cold
9598,exp-cold-10000-009678-9e09ef6f,1784800233031,1784800233053,202,22.000,cold
9599,exp-cold-10000-009563-8ce16890,1784800233032,1784800233044,202,12.000,cold
9600,exp-cold-10000-009566-7c718e8d,1784800233032,1784800233044,202,12.000,cold
9601,exp-cold-10000-009571-8e4c8ae1,1784800233032,1784800233044,202,12.000,cold
9602,exp-cold-10000-009575-26fcffdc,1784800233032,1784800233044,202,12.000,cold
9603,exp-cold-10000-009585-1fbf6816,1784800233032,1784800233045,202,13.000,cold
9604,exp-cold-10000-009584-9292bc2e,1784800233032,1784800233045,202,13.000,cold
9605,exp-cold-10000-009583-b62d16bc,1784800233032,1784800233045,202,13.000,cold
9606,exp-cold-10000-009632-6f0c57ba,1784800233032,1784800233049,202,17.000,cold
9607,exp-cold-10000-009580-3142e4c2,1784800233033,1784800233045,202,12.000,cold
9608,exp-cold-10000-009579-475d484c,1784800233033,1784800233045,202,12.000,cold
9609,exp-cold-10000-009592-e146da5f,1784800233033,1784800233046,202,13.000,cold
9610,exp-cold-10000-009605-ceb50b97,1784800233033,1784800233046,202,13.000,cold
9611,exp-cold-10000-009608-9bdc8061,1784800233033,1784800233046,202,13.000,cold
9612,exp-cold-10000-009600-3716f245,1784800233033,1784800233046,202,13.000,cold
9613,exp-cold-10000-009599-f83fa216,1784800233033,1784800233046,202,13.000,cold
9614,exp-cold-10000-009620-39283024,1784800233033,1784800233048,202,15.000,cold
9615,exp-cold-10000-009641-d829d9e3,1784800233033,1784800233050,202,17.000,cold
9616,exp-cold-10000-009680-32a6af8a,1784800233033,1784800233054,202,21.000,cold
9617,exp-cold-10000-009593-f3d27ec4,1784800233034,1784800233046,202,12.000,cold
9618,exp-cold-10000-009598-c414ab9e,1784800233034,1784800233046,202,12.000,cold
9619,exp-cold-10000-009596-4bae57b8,1784800233034,1784800233046,202,12.000,cold
9620,exp-cold-10000-009591-31f1f68b,1784800233034,1784800233046,202,12.000,cold
9621,exp-cold-10000-009624-cee2f83e,1784800233034,1784800233048,202,14.000,cold
9622,exp-cold-10000-009636-8b1eb639,1784800233034,1784800233049,202,15.000,cold
9623,exp-cold-10000-009549-ee009dc8,1784800233035,1784800233042,202,7.000,cold
9624,exp-cold-10000-009553-55113be1,1784800233035,1784800233043,202,8.000,cold
9625,exp-cold-10000-009613-eadd7178,1784800233035,1784800233047,202,12.000,cold
9626,exp-cold-10000-009614-9c2468a5,1784800233035,1784800233047,202,12.000,cold
9627,exp-cold-10000-009623-a88e2937,1784800233035,1784800233048,202,13.000,cold
9628,exp-cold-10000-009626-9acb2456,1784800233035,1784800233049,202,14.000,cold
9629,exp-cold-10000-009637-efe83e7e,1784800233035,1784800233049,202,14.000,cold
9630,exp-cold-10000-009629-18da274d,1784800233035,1784800233049,202,14.000,cold
9631,exp-cold-10000-009634-61e6f3a1,1784800233035,1784800233049,202,14.000,cold
9632,exp-cold-10000-009633-7be206bf,1784800233035,1784800233049,202,14.000,cold
9633,exp-cold-10000-009635-9e6b0fa6,1784800233035,1784800233049,202,14.000,cold
9634,exp-cold-10000-009698-083a21b7,1784800233035,1784800233055,202,20.000,cold
9635,exp-cold-10000-009724-9c890938,1784800233035,1784800233057,202,22.000,cold
9636,exp-cold-10000-009567-ed729117,1784800233036,1784800233044,202,8.000,cold
9637,exp-cold-10000-009619-89910aa6,1784800233036,1784800233048,202,12.000,cold
9638,exp-cold-10000-009621-eb698c85,1784800233036,1784800233048,202,12.000,cold
9639,exp-cold-10000-009622-f1098db3,1784800233036,1784800233048,202,12.000,cold
9640,exp-cold-10000-009631-9f21951b,1784800233036,1784800233049,202,13.000,cold
9641,exp-cold-10000-009638-5b681a39,1784800233036,1784800233049,202,13.000,cold
9642,exp-cold-10000-009645-3ac17540,1784800233036,1784800233050,202,14.000,cold
9643,exp-cold-10000-009644-35d0bfdd,1784800233036,1784800233050,202,14.000,cold
9644,exp-cold-10000-009642-d549f9c3,1784800233036,1784800233050,202,14.000,cold
9645,exp-cold-10000-009648-ac8c9e85,1784800233036,1784800233050,202,14.000,cold
9646,exp-cold-10000-009672-6a898a6f,1784800233036,1784800233053,202,17.000,cold
9647,exp-cold-10000-009581-52f5a5fa,1784800233037,1784800233045,202,8.000,cold
9648,exp-cold-10000-009615-b15bc3c8,1784800233037,1784800233047,202,10.000,cold
9649,exp-cold-10000-009625-34685c48,1784800233037,1784800233049,202,12.000,cold
9650,exp-cold-10000-009627-5504107e,1784800233037,1784800233049,202,12.000,cold
9651,exp-cold-10000-009647-bbd0d549,1784800233037,1784800233050,202,13.000,cold
9652,exp-cold-10000-009649-9acd2cbf,1784800233037,1784800233050,202,13.000,cold
9653,exp-cold-10000-009639-134a4c46,1784800233037,1784800233050,202,13.000,cold
9654,exp-cold-10000-009658-af8b54c7,1784800233037,1784800233051,202,14.000,cold
9655,exp-cold-10000-009661-5541912a,1784800233037,1784800233051,202,14.000,cold
9656,exp-cold-10000-009728-0fb993c4,1784800233037,1784800233057,202,20.000,cold
9657,exp-cold-10000-009741-9c26961a,1784800233037,1784800233058,202,21.000,cold
9658,exp-cold-10000-009597-ded72f78,1784800233038,1784800233046,202,8.000,cold
9659,exp-cold-10000-009643-9b344f3b,1784800233038,1784800233050,202,12.000,cold
9660,exp-cold-10000-009652-461c1413,1784800233038,1784800233051,202,13.000,cold
9661,exp-cold-10000-009653-04becfce,1784800233038,1784800233051,202,13.000,cold
9662,exp-cold-10000-009651-e44e1ac2,1784800233038,1784800233051,202,13.000,cold
9663,exp-cold-10000-009654-a6895bb5,1784800233038,1784800233051,202,13.000,cold
9664,exp-cold-10000-009656-9079f667,1784800233038,1784800233051,202,13.000,cold
9665,exp-cold-10000-009663-8e2ec758,1784800233038,1784800233052,202,14.000,cold
9666,exp-cold-10000-009694-702e5256,1784800233038,1784800233055,202,17.000,cold
9667,exp-cold-10000-009714-7647cfa0,1784800233038,1784800233057,202,19.000,cold
9668,exp-cold-10000-009716-1c690821,1784800233038,1784800233057,202,19.000,cold
9669,exp-cold-10000-009655-584b8c44,1784800233039,1784800233051,202,12.000,cold
9670,exp-cold-10000-009660-6f1ce37d,1784800233039,1784800233051,202,12.000,cold
9671,exp-cold-10000-009665-6383f093,1784800233039,1784800233052,202,13.000,cold
9672,exp-cold-10000-009732-5fd649bb,1784800233039,1784800233058,202,19.000,cold
9673,exp-cold-10000-009758-5e659af3,1784800233039,1784800233059,202,20.000,cold
9674,exp-cold-10000-009659-6d0e566e,1784800233040,1784800233051,202,11.000,cold
9675,exp-cold-10000-009666-c54af8c8,1784800233040,1784800233052,202,12.000,cold
9676,exp-cold-10000-009667-c7a58fa1,1784800233040,1784800233052,202,12.000,cold
9677,exp-cold-10000-009673-a1704969,1784800233040,1784800233053,202,13.000,cold
9678,exp-cold-10000-009742-a664db0e,1784800233040,1784800233058,202,18.000,cold
9679,exp-cold-10000-009746-112e1da9,1784800233040,1784800233059,202,19.000,cold
9680,exp-cold-10000-009668-bf9c1c5c,1784800233041,1784800233052,202,11.000,cold
9681,exp-cold-10000-009664-e23ea7f7,1784800233041,1784800233052,202,11.000,cold
9682,exp-cold-10000-009670-735cb6f9,1784800233041,1784800233053,202,12.000,cold
9683,exp-cold-10000-009745-60c533ea,1784800233041,1784800233059,202,18.000,cold
9684,exp-cold-10000-009640-3b72a92f,1784800233042,1784800233050,202,8.000,cold
9685,exp-cold-10000-009676-65fc3843,1784800233042,1784800233053,202,11.000,cold
9686,exp-cold-10000-009675-950b08cc,1784800233042,1784800233053,202,11.000,cold
9687,exp-cold-10000-009671-c10d581f,1784800233042,1784800233053,202,11.000,cold
9688,exp-cold-10000-009679-1a7bb335,1784800233042,1784800233053,202,11.000,cold
9689,exp-cold-10000-009696-df766ff6,1784800233042,1784800233055,202,13.000,cold
9690,exp-cold-10000-009765-c383dc0d,1784800233042,1784800233060,202,18.000,cold
9691,exp-cold-10000-009650-533e44a6,1784800233043,1784800233053,202,10.000,cold
9692,exp-cold-10000-009674-a150aaa6,1784800233043,1784800233053,202,10.000,cold
9693,exp-cold-10000-009687-c4c8088f,1784800233043,1784800233054,202,11.000,cold
9694,exp-cold-10000-009686-d3e39c72,1784800233043,1784800233054,202,11.000,cold
9695,exp-cold-10000-009692-f7e90784,1784800233043,1784800233054,202,11.000,cold
9696,exp-cold-10000-009701-351ed0b8,1784800233043,1784800233056,202,13.000,cold
9697,exp-cold-10000-009704-82c5acaa,1784800233043,1784800233056,202,13.000,cold
9698,exp-cold-10000-009662-c275ae50,1784800233044,1784800233051,202,7.000,cold
9699,exp-cold-10000-009682-845d2151,1784800233044,1784800233054,202,10.000,cold
9700,exp-cold-10000-009681-7b2dff48,1784800233044,1784800233054,202,10.000,cold
9701,exp-cold-10000-009683-9326b68d,1784800233044,1784800233054,202,10.000,cold
9702,exp-cold-10000-009685-f011cb3b,1784800233044,1784800233054,202,10.000,cold
9703,exp-cold-10000-009688-0257cc03,1784800233044,1784800233054,202,10.000,cold
9704,exp-cold-10000-009689-a4687797,1784800233044,1784800233054,202,10.000,cold
9705,exp-cold-10000-009697-f397d946,1784800233044,1784800233055,202,11.000,cold
9706,exp-cold-10000-009695-1ff0de39,1784800233044,1784800233055,202,11.000,cold
9707,exp-cold-10000-009700-e05cb5a9,1784800233044,1784800233056,202,12.000,cold
9708,exp-cold-10000-009708-2cbf8836,1784800233044,1784800233056,202,12.000,cold
9709,exp-cold-10000-009723-30ba4f27,1784800233044,1784800233057,202,13.000,cold
9710,exp-cold-10000-009722-9a821097,1784800233044,1784800233057,202,13.000,cold
9711,exp-cold-10000-009720-733d0763,1784800233044,1784800233057,202,13.000,cold
9712,exp-cold-10000-009725-24129bbf,1784800233044,1784800233057,202,13.000,cold
9713,exp-cold-10000-009734-5ec879c9,1784800233044,1784800233058,202,14.000,cold
9714,exp-cold-10000-009750-cc89fdeb,1784800233044,1784800233059,202,15.000,cold
9715,exp-cold-10000-009691-7f2eccc1,1784800233045,1784800233055,202,10.000,cold
9716,exp-cold-10000-009699-fc8645a1,1784800233045,1784800233055,202,10.000,cold
9717,exp-cold-10000-009693-bcaede22,1784800233045,1784800233055,202,10.000,cold
9718,exp-cold-10000-009690-f2e59ecf,1784800233045,1784800233055,202,10.000,cold
9719,exp-cold-10000-009710-fd0aba93,1784800233045,1784800233056,202,11.000,cold
9720,exp-cold-10000-009715-5e80a29e,1784800233045,1784800233057,202,12.000,cold
9721,exp-cold-10000-009721-dcbde9c2,1784800233045,1784800233057,202,12.000,cold
9722,exp-cold-10000-009677-657b5240,1784800233046,1784800233053,202,7.000,cold
9723,exp-cold-10000-009684-2a03af3e,1784800233046,1784800233054,202,8.000,cold
9724,exp-cold-10000-009703-f725490c,1784800233046,1784800233056,202,10.000,cold
9725,exp-cold-10000-009707-e8ea7831,1784800233046,1784800233056,202,10.000,cold
9726,exp-cold-10000-009705-3fd1a527,1784800233046,1784800233056,202,10.000,cold
9727,exp-cold-10000-009709-e35727fd,1784800233046,1784800233056,202,10.000,cold
9728,exp-cold-10000-009706-476eeaae,1784800233046,1784800233056,202,10.000,cold
9729,exp-cold-10000-009702-a2a8804e,1784800233046,1784800233056,202,10.000,cold
9730,exp-cold-10000-009711-76e09cc6,1784800233046,1784800233056,202,10.000,cold
9731,exp-cold-10000-009717-adaac5d8,1784800233046,1784800233057,202,11.000,cold
9732,exp-cold-10000-009729-73d99b04,1784800233046,1784800233058,202,12.000,cold
9733,exp-cold-10000-009740-e9c9d9a0,1784800233046,1784800233058,202,12.000,cold
9734,exp-cold-10000-009738-be89c5a2,1784800233046,1784800233058,202,12.000,cold
9735,exp-cold-10000-009713-1f14fa6e,1784800233047,1784800233057,202,10.000,cold
9736,exp-cold-10000-009719-df75b703,1784800233047,1784800233057,202,10.000,cold
9737,exp-cold-10000-009727-703bbf82,1784800233047,1784800233057,202,10.000,cold
9738,exp-cold-10000-009712-d9218db8,1784800233047,1784800233057,202,10.000,cold
9739,exp-cold-10000-009726-37c4cf37,1784800233047,1784800233057,202,10.000,cold
9740,exp-cold-10000-009737-433bc829,1784800233047,1784800233058,202,11.000,cold
9741,exp-cold-10000-009748-2cbe572b,1784800233047,1784800233059,202,12.000,cold
9742,exp-cold-10000-009749-54ac1c50,1784800233047,1784800233059,202,12.000,cold
9743,exp-cold-10000-009754-ee7c6735,1784800233047,1784800233059,202,12.000,cold
9744,exp-cold-10000-009753-f5d9ae99,1784800233047,1784800233059,202,12.000,cold
9745,exp-cold-10000-009756-03b5db75,1784800233047,1784800233059,202,12.000,cold
9746,exp-cold-10000-009762-68054490,1784800233047,1784800233060,202,13.000,cold
9747,exp-cold-10000-009718-5dc6cb0b,1784800233048,1784800233057,202,9.000,cold
9748,exp-cold-10000-009731-ae70e4e2,1784800233048,1784800233058,202,10.000,cold
9749,exp-cold-10000-009730-674cb366,1784800233048,1784800233058,202,10.000,cold
9750,exp-cold-10000-009736-c31ac3fa,1784800233048,1784800233058,202,10.000,cold
9751,exp-cold-10000-009733-4025287e,1784800233048,1784800233058,202,10.000,cold
9752,exp-cold-10000-009739-5f9cea6c,1784800233048,1784800233058,202,10.000,cold
9753,exp-cold-10000-009744-cd508c1b,1784800233048,1784800233059,202,11.000,cold
9754,exp-cold-10000-009766-5fb9ee2e,1784800233048,1784800233060,202,12.000,cold
9755,exp-cold-10000-009775-521ec9fd,1784800233048,1784800233062,202,14.000,cold
9756,exp-cold-10000-009770-59bbdc8f,1784800233048,1784800233062,202,14.000,cold
9757,exp-cold-10000-009776-bdbbb2f3,1784800233048,1784800233063,202,15.000,cold
9758,exp-cold-10000-009747-7db45902,1784800233049,1784800233059,202,10.000,cold
9759,exp-cold-10000-009743-46ab2cbf,1784800233049,1784800233059,202,10.000,cold
9760,exp-cold-10000-009752-88969ce9,1784800233049,1784800233059,202,10.000,cold
9761,exp-cold-10000-009755-8f342ef3,1784800233049,1784800233059,202,10.000,cold
9762,exp-cold-10000-009761-615386dd,1784800233049,1784800233060,202,11.000,cold
9763,exp-cold-10000-009759-d4cf26ec,1784800233049,1784800233060,202,11.000,cold
9764,exp-cold-10000-009777-11848366,1784800233049,1784800233063,202,14.000,cold
9765,exp-cold-10000-009783-0cf22359,1784800233049,1784800233063,202,14.000,cold
9766,exp-cold-10000-009782-99e8e450,1784800233049,1784800233063,202,14.000,cold
9767,exp-cold-10000-009751-e1f0e3f0,1784800233050,1784800233059,202,9.000,cold
9768,exp-cold-10000-009760-684d246f,1784800233050,1784800233060,202,10.000,cold
9769,exp-cold-10000-009763-56e3cadb,1784800233050,1784800233060,202,10.000,cold
9770,exp-cold-10000-009764-0e7eeb85,1784800233051,1784800233060,202,9.000,cold
9771,exp-cold-10000-009779-b70eff77,1784800233051,1784800233063,202,12.000,cold
9772,exp-cold-10000-009735-79375954,1784800233052,1784800233058,202,6.000,cold
9773,exp-cold-10000-009767-d6dc0bb6,1784800233052,1784800233061,202,9.000,cold
9774,exp-cold-10000-009768-7501d7c9,1784800233052,1784800233061,202,9.000,cold
9775,exp-cold-10000-009769-edd4b569,1784800233052,1784800233061,202,9.000,cold
9776,exp-cold-10000-009774-ee146c50,1784800233052,1784800233062,202,10.000,cold
9777,exp-cold-10000-009789-1d56ca9c,1784800233052,1784800233064,202,12.000,cold
9778,exp-cold-10000-009796-2bbd9e44,1784800233052,1784800233064,202,12.000,cold
9779,exp-cold-10000-009801-bd5e7207,1784800233052,1784800233065,202,13.000,cold
9780,exp-cold-10000-009799-5e0aad83,1784800233052,1784800233065,202,13.000,cold
9781,exp-cold-10000-009798-2f05a639,1784800233052,1784800233065,202,13.000,cold
9782,exp-cold-10000-009757-12214383,1784800233053,1784800233059,202,6.000,cold
9783,exp-cold-10000-009771-a4f754c2,1784800233053,1784800233062,202,9.000,cold
9784,exp-cold-10000-009773-8b88f5f5,1784800233053,1784800233062,202,9.000,cold
9785,exp-cold-10000-009772-620a56f5,1784800233053,1784800233062,202,9.000,cold
9786,exp-cold-10000-009795-98d3fa2c,1784800233053,1784800233064,202,11.000,cold
9787,exp-cold-10000-009804-e6b36e53,1784800233053,1784800233065,202,12.000,cold
9788,exp-cold-10000-009800-b4603d32,1784800233053,1784800233065,202,12.000,cold
9789,exp-cold-10000-009809-f430d10c,1784800233053,1784800233065,202,12.000,cold
9790,exp-cold-10000-009816-a29cd2f3,1784800233053,1784800233066,202,13.000,cold
9791,exp-cold-10000-009814-d7a03221,1784800233053,1784800233066,202,13.000,cold
9792,exp-cold-10000-009778-bb92744f,1784800233054,1784800233063,202,9.000,cold
9793,exp-cold-10000-009781-706f5961,1784800233054,1784800233063,202,9.000,cold
9794,exp-cold-10000-009780-512b3013,1784800233054,1784800233063,202,9.000,cold
9795,exp-cold-10000-009784-756b9061,1784800233054,1784800233063,202,9.000,cold
9796,exp-cold-10000-009793-36a91ddc,1784800233054,1784800233064,202,10.000,cold
9797,exp-cold-10000-009790-ad0f2a3b,1784800233054,1784800233064,202,10.000,cold
9798,exp-cold-10000-009839-fd168107,1784800233054,1784800233068,202,14.000,cold
9799,exp-cold-10000-009788-81042c6b,1784800233055,1784800233064,202,9.000,cold
9800,exp-cold-10000-009785-6e69adc8,1784800233055,1784800233064,202,9.000,cold
9801,exp-cold-10000-009792-df0448e4,1784800233055,1784800233064,202,9.000,cold
9802,exp-cold-10000-009791-ae6ffae9,1784800233055,1784800233064,202,9.000,cold
9803,exp-cold-10000-009794-e5e7aac5,1784800233055,1784800233064,202,9.000,cold
9804,exp-cold-10000-009808-b9c56eff,1784800233055,1784800233065,202,10.000,cold
9805,exp-cold-10000-009811-e41a93aa,1784800233055,1784800233065,202,10.000,cold
9806,exp-cold-10000-009797-06d8d90c,1784800233055,1784800233065,202,10.000,cold
9807,exp-cold-10000-009836-1d949fde,1784800233055,1784800233067,202,12.000,cold
9808,exp-cold-10000-009787-470d7689,1784800233056,1784800233064,202,8.000,cold
9809,exp-cold-10000-009786-86074a8b,1784800233056,1784800233064,202,8.000,cold
9810,exp-cold-10000-009807-ed86245e,1784800233056,1784800233065,202,9.000,cold
9811,exp-cold-10000-009812-0e85907a,1784800233056,1784800233065,202,9.000,cold
9812,exp-cold-10000-009813-50a25342,1784800233056,1784800233065,202,9.000,cold
9813,exp-cold-10000-009810-6d5097c5,1784800233056,1784800233065,202,9.000,cold
9814,exp-cold-10000-009819-fc227e05,1784800233056,1784800233066,202,10.000,cold
9815,exp-cold-10000-009831-4c284062,1784800233056,1784800233067,202,11.000,cold
9816,exp-cold-10000-009806-5984e679,1784800233057,1784800233065,202,8.000,cold
9817,exp-cold-10000-009802-7ea69d5e,1784800233057,1784800233065,202,8.000,cold
9818,exp-cold-10000-009805-5193dc12,1784800233057,1784800233065,202,8.000,cold
9819,exp-cold-10000-009803-4c18a2bb,1784800233057,1784800233065,202,8.000,cold
9820,exp-cold-10000-009821-316b9a68,1784800233057,1784800233066,202,9.000,cold
9821,exp-cold-10000-009822-22d94cde,1784800233058,1784800233066,202,8.000,cold
9822,exp-cold-10000-009820-36c93d9f,1784800233058,1784800233066,202,8.000,cold
9823,exp-cold-10000-009823-9c2ada3f,1784800233058,1784800233066,202,8.000,cold
9824,exp-cold-10000-009824-ff845589,1784800233058,1784800233066,202,8.000,cold
9825,exp-cold-10000-009844-a75e22ed,1784800233058,1784800233068,202,10.000,cold
9826,exp-cold-10000-009859-a1311664,1784800233058,1784800233070,202,12.000,cold
9827,exp-cold-10000-009815-6c9606f1,1784800233059,1784800233066,202,7.000,cold
9828,exp-cold-10000-009817-06c42f25,1784800233059,1784800233066,202,7.000,cold
9829,exp-cold-10000-009818-47a634f2,1784800233059,1784800233066,202,7.000,cold
9830,exp-cold-10000-009826-dc706483,1784800233059,1784800233067,202,8.000,cold
9831,exp-cold-10000-009828-192deb24,1784800233059,1784800233067,202,8.000,cold
9832,exp-cold-10000-009833-fd673f2c,1784800233059,1784800233067,202,8.000,cold
9833,exp-cold-10000-009825-e0394faf,1784800233059,1784800233067,202,8.000,cold
9834,exp-cold-10000-009830-47ec436c,1784800233059,1784800233067,202,8.000,cold
9835,exp-cold-10000-009829-af606254,1784800233059,1784800233067,202,8.000,cold
9836,exp-cold-10000-009832-eded44d5,1784800233059,1784800233067,202,8.000,cold
9837,exp-cold-10000-009835-74beec0f,1784800233059,1784800233067,202,8.000,cold
9838,exp-cold-10000-009837-e3fc0aa1,1784800233059,1784800233068,202,9.000,cold
9839,exp-cold-10000-009848-cd2eabd4,1784800233059,1784800233069,202,10.000,cold
9840,exp-cold-10000-009827-b659ebe8,1784800233060,1784800233067,202,7.000,cold
9841,exp-cold-10000-009834-43229594,1784800233060,1784800233067,202,7.000,cold
9842,exp-cold-10000-009843-7c3806c9,1784800233060,1784800233068,202,8.000,cold
9843,exp-cold-10000-009840-f6f53ec2,1784800233060,1784800233068,202,8.000,cold
9844,exp-cold-10000-009845-a70c48c1,1784800233060,1784800233068,202,8.000,cold
9845,exp-cold-10000-009842-7104c3b8,1784800233061,1784800233068,202,7.000,cold
9846,exp-cold-10000-009838-97774919,1784800233061,1784800233068,202,7.000,cold
9847,exp-cold-10000-009841-6f17f742,1784800233062,1784800233068,202,6.000,cold
9848,exp-cold-10000-009851-3edfc174,1784800233062,1784800233069,202,7.000,cold
9849,exp-cold-10000-009850-259834fd,1784800233062,1784800233069,202,7.000,cold
9850,exp-cold-10000-009849-22380b01,1784800233062,1784800233069,202,7.000,cold
9851,exp-cold-10000-009847-6d3a25b6,1784800233062,1784800233069,202,7.000,cold
9852,exp-cold-10000-009858-e2b896a0,1784800233063,1784800233070,202,7.000,cold
9853,exp-cold-10000-009860-312bb5f1,1784800233063,1784800233070,202,7.000,cold
9854,exp-cold-10000-009857-79b125be,1784800233063,1784800233071,202,8.000,cold
9855,exp-cold-10000-009864-2a78bee8,1784800233063,1784800233071,202,8.000,cold
9856,exp-cold-10000-009846-a74e129b,1784800233064,1784800233069,202,5.000,cold
9857,exp-cold-10000-009853-893874e4,1784800233064,1784800233070,202,6.000,cold
9858,exp-cold-10000-009854-617861ff,1784800233064,1784800233070,202,6.000,cold
9859,exp-cold-10000-009855-b735b222,1784800233064,1784800233070,202,6.000,cold
9860,exp-cold-10000-009856-ddc497bc,1784800233064,1784800233070,202,6.000,cold
9861,exp-cold-10000-009881-7844b499,1784800233064,1784800233074,202,10.000,cold
9862,exp-cold-10000-009852-8f2f8c5e,1784800233065,1784800233070,202,5.000,cold
9863,exp-cold-10000-009863-02ecc88d,1784800233065,1784800233071,202,6.000,cold
9864,exp-cold-10000-009862-56f3c58d,1784800233065,1784800233071,202,6.000,cold
9865,exp-cold-10000-009865-6f4666d7,1784800233065,1784800233071,202,6.000,cold
9866,exp-cold-10000-009861-4be13196,1784800233065,1784800233071,202,6.000,cold
9867,exp-cold-10000-009866-879a1adb,1784800233065,1784800233071,202,6.000,cold
9868,exp-cold-10000-009868-26f6a580,1784800233065,1784800233072,202,7.000,cold
9869,exp-cold-10000-009870-a6f33aaa,1784800233065,1784800233072,202,7.000,cold
9870,exp-cold-10000-009871-be6b3bcd,1784800233066,1784800233073,202,7.000,cold
9871,exp-cold-10000-009872-7339a560,1784800233066,1784800233073,202,7.000,cold
9872,exp-cold-10000-009876-06ad8342,1784800233066,1784800233073,202,7.000,cold
9873,exp-cold-10000-009897-71a2e0bb,1784800233066,1784800233076,202,10.000,cold
9874,exp-cold-10000-009867-fac6e017,1784800233067,1784800233072,202,5.000,cold
9875,exp-cold-10000-009869-7978cdb7,1784800233067,1784800233072,202,5.000,cold
9876,exp-cold-10000-009873-99b12ff9,1784800233068,1784800233073,202,5.000,cold
9877,exp-cold-10000-009879-add070c5,1784800233068,1784800233073,202,5.000,cold
9878,exp-cold-10000-009878-a1881c78,1784800233068,1784800233073,202,5.000,cold
9879,exp-cold-10000-009883-f6f9f9da,1784800233068,1784800233074,202,6.000,cold
9880,exp-cold-10000-009874-54432d53,1784800233069,1784800233073,202,4.000,cold
9881,exp-cold-10000-009875-893d2739,1784800233069,1784800233073,202,4.000,cold
9882,exp-cold-10000-009882-4b0db121,1784800233069,1784800233074,202,5.000,cold
9883,exp-cold-10000-009887-3ed8f3ab,1784800233069,1784800233074,202,5.000,cold
9884,exp-cold-10000-009886-9d9aa9bf,1784800233069,1784800233074,202,5.000,cold
9885,exp-cold-10000-009877-9ea3704a,1784800233070,1784800233074,202,4.000,cold
9886,exp-cold-10000-009888-bfb0be47,1784800233070,1784800233074,202,4.000,cold
9887,exp-cold-10000-009884-f2bb1153,1784800233070,1784800233074,202,4.000,cold
9888,exp-cold-10000-009885-ea11680c,1784800233070,1784800233074,202,4.000,cold
9889,exp-cold-10000-009889-78dd9381,1784800233070,1784800233074,202,4.000,cold
9890,exp-cold-10000-009880-92f8f0af,1784800233070,1784800233074,202,4.000,cold
9891,exp-cold-10000-009914-66437fbd,1784800233070,1784800233077,202,7.000,cold
9892,exp-cold-10000-009903-eee0f834,1784800233070,1784800233077,202,7.000,cold
9893,exp-cold-10000-009895-abca0a5b,1784800233071,1784800233075,202,4.000,cold
9894,exp-cold-10000-009892-a4d47d6c,1784800233071,1784800233075,202,4.000,cold
9895,exp-cold-10000-009893-94296575,1784800233071,1784800233075,202,4.000,cold
9896,exp-cold-10000-009894-b6d7f305,1784800233071,1784800233075,202,4.000,cold
9897,exp-cold-10000-009899-ff6b72cd,1784800233071,1784800233076,202,5.000,cold
9898,exp-cold-10000-009890-b7db0cff,1784800233072,1784800233075,202,3.000,cold
9899,exp-cold-10000-009891-2a1807d2,1784800233072,1784800233075,202,3.000,cold
9900,exp-cold-10000-009896-cd01b032,1784800233072,1784800233076,202,4.000,cold
9901,exp-cold-10000-009898-9d68c2d5,1784800233072,1784800233076,202,4.000,cold
9902,exp-cold-10000-009904-266cb823,1784800233073,1784800233077,202,4.000,cold
9903,exp-cold-10000-009901-0f11e1e7,1784800233073,1784800233077,202,4.000,cold
9904,exp-cold-10000-009900-44aa6edd,1784800233073,1784800233077,202,4.000,cold
9905,exp-cold-10000-009915-94dae453,1784800233073,1784800233077,202,4.000,cold
9906,exp-cold-10000-009902-02eb92cc,1784800233074,1784800233077,202,3.000,cold
9907,exp-cold-10000-009907-1f0727d9,1784800233074,1784800233077,202,3.000,cold
9908,exp-cold-10000-009910-de85dd34,1784800233074,1784800233077,202,3.000,cold
9909,exp-cold-10000-009905-526eee97,1784800233074,1784800233077,202,3.000,cold
9910,exp-cold-10000-009906-72127994,1784800233074,1784800233077,202,3.000,cold
9911,exp-cold-10000-009912-4c7bf596,1784800233074,1784800233077,202,3.000,cold
9912,exp-cold-10000-009911-13089d87,1784800233074,1784800233077,202,3.000,cold
9913,exp-cold-10000-009908-b2c9a4b4,1784800233074,1784800233077,202,3.000,cold
9914,exp-cold-10000-009909-71f75aaa,1784800233074,1784800233077,202,3.000,cold
9915,exp-cold-10000-009917-cbfb276e,1784800233074,1784800233078,202,4.000,cold
9916,exp-cold-10000-009913-43a8b5ac,1784800233074,1784800233078,202,4.000,cold
9917,exp-cold-10000-009920-f65615aa,1784800233074,1784800233078,202,4.000,cold
9918,exp-cold-10000-009919-a45a8baf,1784800233074,1784800233078,202,4.000,cold
9919,exp-cold-10000-009929-b8e204bf,1784800233074,1784800233079,202,5.000,cold
9920,exp-cold-10000-009932-fe5aebd9,1784800233074,1784800233079,202,5.000,cold
9921,exp-cold-10000-009921-2a8389d8,1784800233075,1784800233078,202,3.000,cold
9922,exp-cold-10000-009916-a9d98fc2,1784800233075,1784800233078,202,3.000,cold
9923,exp-cold-10000-009922-4608e472,1784800233075,1784800233078,202,3.000,cold
9924,exp-cold-10000-009928-485ce36c,1784800233075,1784800233079,202,4.000,cold
9925,exp-cold-10000-009946-bc4daead,1784800233075,1784800233080,202,5.000,cold
9926,exp-cold-10000-009918-50fe9f8d,1784800233076,1784800233078,202,2.000,cold
9927,exp-cold-10000-009925-8dc5c08b,1784800233076,1784800233079,202,3.000,cold
9928,exp-cold-10000-009926-cde6f1bf,1784800233076,1784800233079,202,3.000,cold
9929,exp-cold-10000-009927-efe9785c,1784800233076,1784800233079,202,3.000,cold
9930,exp-cold-10000-009931-2fb9e6f8,1784800233076,1784800233079,202,3.000,cold
9931,exp-cold-10000-009933-d6f30de0,1784800233076,1784800233079,202,3.000,cold
9932,exp-cold-10000-009924-fd822750,1784800233076,1784800233079,202,3.000,cold
9933,exp-cold-10000-009930-8ad09b76,1784800233076,1784800233079,202,3.000,cold
9934,exp-cold-10000-009941-dd553ac2,1784800233076,1784800233080,202,4.000,cold
9935,exp-cold-10000-009940-5cb3cffe,1784800233076,1784800233080,202,4.000,cold
9936,exp-cold-10000-009939-b6bd75e0,1784800233076,1784800233080,202,4.000,cold
9937,exp-cold-10000-009945-af87284e,1784800233076,1784800233080,202,4.000,cold
9938,exp-cold-10000-009937-fbcdcae5,1784800233076,1784800233080,202,4.000,cold
9939,exp-cold-10000-009923-d02fe8bd,1784800233077,1784800233079,202,2.000,cold
9940,exp-cold-10000-009943-4e92ff2d,1784800233077,1784800233080,202,3.000,cold
9941,exp-cold-10000-009938-5f381ebf,1784800233077,1784800233080,202,3.000,cold
9942,exp-cold-10000-009944-3a834079,1784800233077,1784800233080,202,3.000,cold
9943,exp-cold-10000-009947-a5a2a25f,1784800233077,1784800233080,202,3.000,cold
9944,exp-cold-10000-009942-1744b317,1784800233077,1784800233080,202,3.000,cold
9945,exp-cold-10000-009952-850c374b,1784800233077,1784800233081,202,4.000,cold
9946,exp-cold-10000-009956-02bd43f8,1784800233077,1784800233082,202,5.000,cold
9947,exp-cold-10000-009965-557b8d79,1784800233077,1784800233082,202,5.000,cold
9948,exp-cold-10000-009934-2be272d8,1784800233078,1784800233080,202,2.000,cold
9949,exp-cold-10000-009935-92d5da2e,1784800233078,1784800233080,202,2.000,cold
9950,exp-cold-10000-009936-4c4e3d9b,1784800233078,1784800233080,202,2.000,cold
9951,exp-cold-10000-009950-55d84302,1784800233078,1784800233081,202,3.000,cold
9952,exp-cold-10000-009949-db80e4c9,1784800233078,1784800233081,202,3.000,cold
9953,exp-cold-10000-009953-e9d8d6b0,1784800233078,1784800233081,202,3.000,cold
9954,exp-cold-10000-009951-2439fa16,1784800233078,1784800233081,202,3.000,cold
9955,exp-cold-10000-009957-cff50cae,1784800233078,1784800233082,202,4.000,cold
9956,exp-cold-10000-009948-4c9981bc,1784800233079,1784800233081,202,2.000,cold
9957,exp-cold-10000-009962-41345357,1784800233079,1784800233082,202,3.000,cold
9958,exp-cold-10000-009954-07aff354,1784800233079,1784800233082,202,3.000,cold
9959,exp-cold-10000-009964-f77fd85d,1784800233079,1784800233082,202,3.000,cold
9960,exp-cold-10000-009961-c970621c,1784800233079,1784800233082,202,3.000,cold
9961,exp-cold-10000-009972-78424f43,1784800233079,1784800233083,202,4.000,cold
9962,exp-cold-10000-009969-b0194ecf,1784800233079,1784800233083,202,4.000,cold
9963,exp-cold-10000-009955-c7638893,1784800233080,1784800233082,202,2.000,cold
9964,exp-cold-10000-009959-93d2717a,1784800233080,1784800233082,202,2.000,cold
9965,exp-cold-10000-009958-fe540ae7,1784800233080,1784800233082,202,2.000,cold
9966,exp-cold-10000-009960-c038e61c,1784800233080,1784800233082,202,2.000,cold
9967,exp-cold-10000-009963-44f6ecc1,1784800233080,1784800233082,202,2.000,cold
9968,exp-cold-10000-009970-e4f496ad,1784800233080,1784800233083,202,3.000,cold
9969,exp-cold-10000-009968-2132a42a,1784800233081,1784800233083,202,2.000,cold
9970,exp-cold-10000-009966-b49f0e3b,1784800233081,1784800233083,202,2.000,cold
9971,exp-cold-10000-009971-4cdaa738,1784800233081,1784800233083,202,2.000,cold
9972,exp-cold-10000-009967-fdd70a86,1784800233081,1784800233083,202,2.000,cold
9973,exp-cold-10000-009974-a8709e04,1784800233082,1784800233084,202,2.000,cold
9974,exp-cold-10000-009973-492fb6c0,1784800233083,1784800233084,202,1.000,cold
9975,exp-cold-10000-009975-12e7b396,1784800233083,1784800233084,202,1.000,cold
9976,exp-cold-10000-009978-565a52c1,1784800233083,1784800233084,202,1.000,cold
9977,exp-cold-10000-009977-cb2d41ad,1784800233083,1784800233084,202,1.000,cold
9978,exp-cold-10000-009979-049bb21e,1784800233083,1784800233084,202,1.000,cold
9979,exp-cold-10000-009980-2b30dfe6,1784800233083,1784800233084,202,1.000,cold
9980,exp-cold-10000-009976-bcb2065f,1784800233083,1784800233084,202,1.000,cold
9981,exp-cold-10000-009981-5a2cbdcc,1784800233084,1784800233085,202,1.000,cold
9982,exp-cold-10000-009982-71d4910f,1784800233084,1784800233085,202,1.000,cold
9983,exp-cold-10000-009985-09357ed1,1784800233084,1784800233085,202,1.000,cold
9984,exp-cold-10000-009983-c33978bd,1784800233084,1784800233085,202,1.000,cold
9985,exp-cold-10000-009986-bda0e15d,1784800233084,1784800233085,202,1.000,cold
9986,exp-cold-10000-009984-4ea6c7a0,1784800233084,1784800233085,202,1.000,cold
9987,exp-cold-10000-009987-f5ea3c88,1784800233084,1784800233085,202,1.000,cold
9988,exp-cold-10000-009992-4f5bf8fe,1784800233085,1784800233086,202,1.000,cold
9989,exp-cold-10000-009994-61aa1d21,1784800233085,1784800233086,202,1.000,cold
9990,exp-cold-10000-009993-c2e9d3f6,1784800233085,1784800233086,202,1.000,cold
9991,exp-cold-10000-009988-c366c622,1784800233086,1784800233086,202,0.000,cold
9992,exp-cold-10000-009989-cc5dd12c,1784800233086,1784800233086,202,0.000,cold
9993,exp-cold-10000-009990-ae41f79f,1784800233086,1784800233086,202,0.000,cold
9994,exp-cold-10000-009991-f6f01845,1784800233086,1784800233086,202,0.000,cold
9995,exp-cold-10000-009998-37ab6de8,1784800233086,1784800233087,202,1.000,cold
9996,exp-cold-10000-009997-3cfe9e2c,1784800233086,1784800233087,202,1.000,cold
9997,exp-cold-10000-009999-c42b8571,1784800233086,1784800233087,202,1.000,cold
9998,exp-cold-10000-009995-1cf91f10,1784800233087,1784800233087,202,0.000,cold
9999,exp-cold-10000-009996-6f60571b,1784800233087,1784800233087,202,0.000,cold
